<?xml version="1.0" standalone="no"?>

<!DOCTYPE paula SYSTEM "paula_rel.dtd">
<paula version="1.0">

<header paula_id="dep.GUM.GUM_interview_libertarian_dep"/>

<relList xmlns:xlink="http://www.w3.org/1999/xlink" type="dep" xml:base="GUM.GUM_interview_libertarian.tok.xml">
<rel id="rel_1" xlink:href="#tok_2" target="#tok_1"/>
<rel id="rel_3" xlink:href="#tok_4" target="#tok_3"/>
<rel id="rel_4" xlink:href="#tok_2" target="#tok_4"/>
<rel id="rel_6" xlink:href="#tok_7" target="#tok_6"/>
<rel id="rel_7" xlink:href="#tok_8" target="#tok_7"/>
<rel id="rel_8" xlink:href="#tok_4" target="#tok_8"/>
<rel id="rel_9" xlink:href="#tok_8" target="#tok_9"/>
<rel id="rel_10" xlink:href="#tok_9" target="#tok_10"/>
<rel id="rel_11" xlink:href="#tok_10" target="#tok_11"/>
<rel id="rel_12" xlink:href="#tok_11" target="#tok_12"/>
<rel id="rel_15" xlink:href="#tok_16" target="#tok_15"/>
<rel id="rel_16" xlink:href="#tok_13" target="#tok_16"/>
<rel id="rel_18" xlink:href="#tok_15" target="#tok_18"/>
<rel id="rel_19" xlink:href="#tok_21" target="#tok_19"/>
<rel id="rel_20" xlink:href="#tok_21" target="#tok_20"/>
<rel id="rel_21" xlink:href="#tok_33" target="#tok_21"/>
<rel id="rel_23" xlink:href="#tok_25" target="#tok_23"/>
<rel id="rel_24" xlink:href="#tok_25" target="#tok_24"/>
<rel id="rel_25" xlink:href="#tok_27" target="#tok_25"/>
<rel id="rel_26" xlink:href="#tok_25" target="#tok_26"/>
<rel id="rel_27" xlink:href="#tok_21" target="#tok_27"/>
<rel id="rel_28" xlink:href="#tok_27" target="#tok_28"/>
<rel id="rel_29" xlink:href="#tok_28" target="#tok_29"/>
<rel id="rel_30" xlink:href="#tok_29" target="#tok_30"/>
<rel id="rel_31" xlink:href="#tok_30" target="#tok_31"/>
<rel id="rel_34" xlink:href="#tok_35" target="#tok_34"/>
<rel id="rel_35" xlink:href="#tok_33" target="#tok_35"/>
<rel id="rel_36" xlink:href="#tok_35" target="#tok_36"/>
<rel id="rel_37" xlink:href="#tok_36" target="#tok_37"/>
<rel id="rel_38" xlink:href="#tok_37" target="#tok_38"/>
<rel id="rel_39" xlink:href="#tok_36" target="#tok_39"/>
<rel id="rel_40" xlink:href="#tok_42" target="#tok_40"/>
<rel id="rel_41" xlink:href="#tok_42" target="#tok_41"/>
<rel id="rel_42" xlink:href="#tok_44" target="#tok_42"/>
<rel id="rel_43" xlink:href="#tok_44" target="#tok_43"/>
<rel id="rel_44" xlink:href="#tok_39" target="#tok_44"/>
<rel id="rel_46" xlink:href="#tok_48" target="#tok_46"/>
<rel id="rel_47" xlink:href="#tok_48" target="#tok_47"/>
<rel id="rel_49" xlink:href="#tok_50" target="#tok_49"/>
<rel id="rel_50" xlink:href="#tok_48" target="#tok_50"/>
<rel id="rel_51" xlink:href="#tok_50" target="#tok_51"/>
<rel id="rel_52" xlink:href="#tok_53" target="#tok_52"/>
<rel id="rel_53" xlink:href="#tok_51" target="#tok_53"/>
<rel id="rel_54" xlink:href="#tok_48" target="#tok_54"/>
<rel id="rel_55" xlink:href="#tok_57" target="#tok_55"/>
<rel id="rel_56" xlink:href="#tok_57" target="#tok_56"/>
<rel id="rel_57" xlink:href="#tok_59" target="#tok_57"/>
<rel id="rel_58" xlink:href="#tok_59" target="#tok_58"/>
<rel id="rel_59" xlink:href="#tok_54" target="#tok_59"/>
<rel id="rel_61" xlink:href="#tok_63" target="#tok_61"/>
<rel id="rel_62" xlink:href="#tok_63" target="#tok_62"/>
<rel id="rel_63" xlink:href="#tok_48" target="#tok_63"/>
<rel id="rel_64" xlink:href="#tok_63" target="#tok_64"/>
<rel id="rel_65" xlink:href="#tok_68" target="#tok_65"/>
<rel id="rel_66" xlink:href="#tok_68" target="#tok_66"/>
<rel id="rel_67" xlink:href="#tok_68" target="#tok_67"/>
<rel id="rel_68" xlink:href="#tok_64" target="#tok_68"/>
<rel id="rel_70" xlink:href="#tok_71" target="#tok_70"/>
<rel id="rel_71" xlink:href="#tok_75" target="#tok_71"/>
<rel id="rel_72" xlink:href="#tok_74" target="#tok_72"/>
<rel id="rel_74" xlink:href="#tok_75" target="#tok_74"/>
<rel id="rel_75" xlink:href="#tok_79" target="#tok_75"/>
<rel id="rel_76" xlink:href="#tok_75" target="#tok_76"/>
<rel id="rel_77" xlink:href="#tok_78" target="#tok_77"/>
<rel id="rel_78" xlink:href="#tok_76" target="#tok_78"/>
<rel id="rel_80" xlink:href="#tok_79" target="#tok_80"/>
<rel id="rel_81" xlink:href="#tok_79" target="#tok_81"/>
<rel id="rel_82" xlink:href="#tok_83" target="#tok_82"/>
<rel id="rel_83" xlink:href="#tok_81" target="#tok_83"/>
<rel id="rel_85" xlink:href="#tok_86" target="#tok_85"/>
<rel id="rel_86" xlink:href="#tok_83" target="#tok_86"/>
<rel id="rel_87" xlink:href="#tok_86" target="#tok_87"/>
<rel id="rel_88" xlink:href="#tok_89" target="#tok_88"/>
<rel id="rel_89" xlink:href="#tok_90" target="#tok_89"/>
<rel id="rel_90" xlink:href="#tok_92" target="#tok_90"/>
<rel id="rel_91" xlink:href="#tok_92" target="#tok_91"/>
<rel id="rel_92" xlink:href="#tok_87" target="#tok_92"/>
<rel id="rel_94" xlink:href="#tok_97" target="#tok_94"/>
<rel id="rel_95" xlink:href="#tok_94" target="#tok_95"/>
<rel id="rel_96" xlink:href="#tok_97" target="#tok_96"/>
<rel id="rel_97" xlink:href="#tok_92" target="#tok_97"/>
<rel id="rel_99" xlink:href="#tok_83" target="#tok_99"/>
<rel id="rel_100" xlink:href="#tok_101" target="#tok_100"/>
<rel id="rel_101" xlink:href="#tok_83" target="#tok_101"/>
<rel id="rel_102" xlink:href="#tok_101" target="#tok_102"/>
<rel id="rel_103" xlink:href="#tok_104" target="#tok_103"/>
<rel id="rel_104" xlink:href="#tok_105" target="#tok_104"/>
<rel id="rel_105" xlink:href="#tok_107" target="#tok_105"/>
<rel id="rel_106" xlink:href="#tok_107" target="#tok_106"/>
<rel id="rel_107" xlink:href="#tok_102" target="#tok_107"/>
<rel id="rel_109" xlink:href="#tok_114" target="#tok_109"/>
<rel id="rel_110" xlink:href="#tok_114" target="#tok_110"/>
<rel id="rel_111" xlink:href="#tok_112" target="#tok_111"/>
<rel id="rel_112" xlink:href="#tok_113" target="#tok_112"/>
<rel id="rel_113" xlink:href="#tok_114" target="#tok_113"/>
<rel id="rel_114" xlink:href="#tok_107" target="#tok_114"/>
<rel id="rel_116" xlink:href="#tok_79" target="#tok_116"/>
<rel id="rel_117" xlink:href="#tok_118" target="#tok_117"/>
<rel id="rel_118" xlink:href="#tok_116" target="#tok_118"/>
<rel id="rel_119" xlink:href="#tok_118" target="#tok_119"/>
<rel id="rel_121" xlink:href="#tok_122" target="#tok_121"/>
<rel id="rel_122" xlink:href="#tok_131" target="#tok_122"/>
<rel id="rel_123" xlink:href="#tok_122" target="#tok_123"/>
<rel id="rel_124" xlink:href="#tok_123" target="#tok_124"/>
<rel id="rel_125" xlink:href="#tok_124" target="#tok_125"/>
<rel id="rel_126" xlink:href="#tok_125" target="#tok_126"/>
<rel id="rel_128" xlink:href="#tok_125" target="#tok_128"/>
<rel id="rel_130" xlink:href="#tok_131" target="#tok_130"/>
<rel id="rel_132" xlink:href="#tok_135" target="#tok_132"/>
<rel id="rel_133" xlink:href="#tok_135" target="#tok_133"/>
<rel id="rel_134" xlink:href="#tok_135" target="#tok_134"/>
<rel id="rel_135" xlink:href="#tok_131" target="#tok_135"/>
<rel id="rel_137" xlink:href="#tok_143" target="#tok_137"/>
<rel id="rel_138" xlink:href="#tok_140" target="#tok_138"/>
<rel id="rel_139" xlink:href="#tok_140" target="#tok_139"/>
<rel id="rel_140" xlink:href="#tok_137" target="#tok_140"/>
<rel id="rel_142" xlink:href="#tok_143" target="#tok_142"/>
<rel id="rel_144" xlink:href="#tok_145" target="#tok_144"/>
<rel id="rel_145" xlink:href="#tok_143" target="#tok_145"/>
<rel id="rel_146" xlink:href="#tok_148" target="#tok_146"/>
<rel id="rel_147" xlink:href="#tok_148" target="#tok_147"/>
<rel id="rel_148" xlink:href="#tok_145" target="#tok_148"/>
<rel id="rel_149" xlink:href="#tok_148" target="#tok_149"/>
<rel id="rel_150" xlink:href="#tok_151" target="#tok_150"/>
<rel id="rel_151" xlink:href="#tok_149" target="#tok_151"/>
<rel id="rel_153" xlink:href="#tok_151" target="#tok_153"/>
<rel id="rel_154" xlink:href="#tok_153" target="#tok_154"/>
<rel id="rel_155" xlink:href="#tok_158" target="#tok_155"/>
<rel id="rel_156" xlink:href="#tok_155" target="#tok_156"/>
<rel id="rel_157" xlink:href="#tok_158" target="#tok_157"/>
<rel id="rel_158" xlink:href="#tok_154" target="#tok_158"/>
<rel id="rel_160" xlink:href="#tok_162" target="#tok_160"/>
<rel id="rel_161" xlink:href="#tok_162" target="#tok_161"/>
<rel id="rel_162" xlink:href="#tok_150" target="#tok_162"/>
<rel id="rel_164" xlink:href="#tok_166" target="#tok_164"/>
<rel id="rel_166" xlink:href="#tok_151" target="#tok_166"/>
<rel id="rel_168" xlink:href="#tok_169" target="#tok_168"/>
<rel id="rel_169" xlink:href="#tok_151" target="#tok_169"/>
<rel id="rel_171" xlink:href="#tok_151" target="#tok_171"/>
<rel id="rel_172" xlink:href="#tok_151" target="#tok_172"/>
<rel id="rel_173" xlink:href="#tok_172" target="#tok_173"/>
<rel id="rel_174" xlink:href="#tok_175" target="#tok_174"/>
<rel id="rel_175" xlink:href="#tok_178" target="#tok_175"/>
<rel id="rel_176" xlink:href="#tok_175" target="#tok_176"/>
<rel id="rel_177" xlink:href="#tok_178" target="#tok_177"/>
<rel id="rel_178" xlink:href="#tok_173" target="#tok_178"/>
<rel id="rel_180" xlink:href="#tok_184" target="#tok_180"/>
<rel id="rel_181" xlink:href="#tok_180" target="#tok_181"/>
<rel id="rel_183" xlink:href="#tok_184" target="#tok_183"/>
<rel id="rel_185" xlink:href="#tok_186" target="#tok_185"/>
<rel id="rel_186" xlink:href="#tok_184" target="#tok_186"/>
<rel id="rel_188" xlink:href="#tok_186" target="#tok_188"/>
<rel id="rel_189" xlink:href="#tok_188" target="#tok_189"/>
<rel id="rel_190" xlink:href="#tok_192" target="#tok_190"/>
<rel id="rel_191" xlink:href="#tok_190" target="#tok_191"/>
<rel id="rel_192" xlink:href="#tok_189" target="#tok_192"/>
<rel id="rel_194" xlink:href="#tok_186" target="#tok_194"/>
<rel id="rel_195" xlink:href="#tok_194" target="#tok_195"/>
<rel id="rel_196" xlink:href="#tok_197" target="#tok_196"/>
<rel id="rel_197" xlink:href="#tok_195" target="#tok_197"/>
<rel id="rel_199" xlink:href="#tok_186" target="#tok_199"/>
<rel id="rel_200" xlink:href="#tok_201" target="#tok_200"/>
<rel id="rel_201" xlink:href="#tok_199" target="#tok_201"/>
<rel id="rel_202" xlink:href="#tok_203" target="#tok_202"/>
<rel id="rel_203" xlink:href="#tok_201" target="#tok_203"/>
<rel id="rel_205" xlink:href="#tok_186" target="#tok_205"/>
<rel id="rel_206" xlink:href="#tok_209" target="#tok_206"/>
<rel id="rel_207" xlink:href="#tok_209" target="#tok_207"/>
<rel id="rel_208" xlink:href="#tok_209" target="#tok_208"/>
<rel id="rel_209" xlink:href="#tok_186" target="#tok_209"/>
<rel id="rel_210" xlink:href="#tok_212" target="#tok_210"/>
<rel id="rel_211" xlink:href="#tok_212" target="#tok_211"/>
<rel id="rel_212" xlink:href="#tok_209" target="#tok_212"/>
<rel id="rel_215" xlink:href="#tok_220" target="#tok_215"/>
<rel id="rel_216" xlink:href="#tok_215" target="#tok_216"/>
<rel id="rel_217" xlink:href="#tok_220" target="#tok_217"/>
<rel id="rel_218" xlink:href="#tok_219" target="#tok_218"/>
<rel id="rel_219" xlink:href="#tok_220" target="#tok_219"/>
<rel id="rel_221" xlink:href="#tok_220" target="#tok_221"/>
<rel id="rel_222" xlink:href="#tok_223" target="#tok_222"/>
<rel id="rel_223" xlink:href="#tok_221" target="#tok_223"/>
<rel id="rel_224" xlink:href="#tok_227" target="#tok_224"/>
<rel id="rel_225" xlink:href="#tok_227" target="#tok_225"/>
<rel id="rel_226" xlink:href="#tok_227" target="#tok_226"/>
<rel id="rel_227" xlink:href="#tok_223" target="#tok_227"/>
<rel id="rel_228" xlink:href="#tok_227" target="#tok_228"/>
<rel id="rel_230" xlink:href="#tok_234" target="#tok_230"/>
<rel id="rel_231" xlink:href="#tok_234" target="#tok_231"/>
<rel id="rel_232" xlink:href="#tok_234" target="#tok_232"/>
<rel id="rel_233" xlink:href="#tok_234" target="#tok_233"/>
<rel id="rel_235" xlink:href="#tok_234" target="#tok_235"/>
<rel id="rel_236" xlink:href="#tok_235" target="#tok_236"/>
<rel id="rel_237" xlink:href="#tok_235" target="#tok_237"/>
<rel id="rel_238" xlink:href="#tok_235" target="#tok_238"/>
<rel id="rel_239" xlink:href="#tok_238" target="#tok_239"/>
<rel id="rel_241" xlink:href="#tok_242" target="#tok_241"/>
<rel id="rel_242" xlink:href="#tok_234" target="#tok_242"/>
<rel id="rel_243" xlink:href="#tok_245" target="#tok_243"/>
<rel id="rel_244" xlink:href="#tok_245" target="#tok_244"/>
<rel id="rel_245" xlink:href="#tok_234" target="#tok_245"/>
<rel id="rel_246" xlink:href="#tok_247" target="#tok_246"/>
<rel id="rel_247" xlink:href="#tok_245" target="#tok_247"/>
<rel id="rel_248" xlink:href="#tok_249" target="#tok_248"/>
<rel id="rel_249" xlink:href="#tok_247" target="#tok_249"/>
<rel id="rel_250" xlink:href="#tok_249" target="#tok_250"/>
<rel id="rel_251" xlink:href="#tok_249" target="#tok_251"/>
<rel id="rel_252" xlink:href="#tok_254" target="#tok_252"/>
<rel id="rel_253" xlink:href="#tok_254" target="#tok_253"/>
<rel id="rel_254" xlink:href="#tok_247" target="#tok_254"/>
<rel id="rel_255" xlink:href="#tok_254" target="#tok_255"/>
<rel id="rel_256" xlink:href="#tok_257" target="#tok_256"/>
<rel id="rel_257" xlink:href="#tok_255" target="#tok_257"/>
<rel id="rel_260" xlink:href="#tok_262" target="#tok_260"/>
<rel id="rel_261" xlink:href="#tok_262" target="#tok_261"/>
<rel id="rel_264" xlink:href="#tok_262" target="#tok_264"/>
<rel id="rel_266" xlink:href="#tok_262" target="#tok_266"/>
<rel id="rel_267" xlink:href="#tok_262" target="#tok_267"/>
<rel id="rel_268" xlink:href="#tok_270" target="#tok_268"/>
<rel id="rel_269" xlink:href="#tok_270" target="#tok_269"/>
<rel id="rel_270" xlink:href="#tok_267" target="#tok_270"/>
<rel id="rel_273" xlink:href="#tok_277" target="#tok_273"/>
<rel id="rel_274" xlink:href="#tok_277" target="#tok_274"/>
<rel id="rel_275" xlink:href="#tok_277" target="#tok_275"/>
<rel id="rel_276" xlink:href="#tok_277" target="#tok_276"/>
<rel id="rel_278" xlink:href="#tok_280" target="#tok_278"/>
<rel id="rel_279" xlink:href="#tok_280" target="#tok_279"/>
<rel id="rel_280" xlink:href="#tok_277" target="#tok_280"/>
<rel id="rel_281" xlink:href="#tok_282" target="#tok_281"/>
<rel id="rel_282" xlink:href="#tok_280" target="#tok_282"/>
<rel id="rel_283" xlink:href="#tok_282" target="#tok_283"/>
<rel id="rel_284" xlink:href="#tok_282" target="#tok_284"/>
<rel id="rel_286" xlink:href="#tok_282" target="#tok_286"/>
<rel id="rel_287" xlink:href="#tok_289" target="#tok_287"/>
<rel id="rel_288" xlink:href="#tok_289" target="#tok_288"/>
<rel id="rel_289" xlink:href="#tok_277" target="#tok_289"/>
<rel id="rel_290" xlink:href="#tok_289" target="#tok_290"/>
<rel id="rel_291" xlink:href="#tok_292" target="#tok_291"/>
<rel id="rel_292" xlink:href="#tok_290" target="#tok_292"/>
<rel id="rel_293" xlink:href="#tok_292" target="#tok_293"/>
<rel id="rel_294" xlink:href="#tok_295" target="#tok_294"/>
<rel id="rel_295" xlink:href="#tok_293" target="#tok_295"/>
<rel id="rel_297" xlink:href="#tok_306" target="#tok_297"/>
<rel id="rel_298" xlink:href="#tok_297" target="#tok_298"/>
<rel id="rel_299" xlink:href="#tok_300" target="#tok_299"/>
<rel id="rel_300" xlink:href="#tok_298" target="#tok_300"/>
<rel id="rel_301" xlink:href="#tok_300" target="#tok_301"/>
<rel id="rel_302" xlink:href="#tok_303" target="#tok_302"/>
<rel id="rel_303" xlink:href="#tok_300" target="#tok_303"/>
<rel id="rel_305" xlink:href="#tok_306" target="#tok_305"/>
<rel id="rel_307" xlink:href="#tok_308" target="#tok_307"/>
<rel id="rel_308" xlink:href="#tok_306" target="#tok_308"/>
<rel id="rel_309" xlink:href="#tok_308" target="#tok_309"/>
<rel id="rel_310" xlink:href="#tok_308" target="#tok_310"/>
<rel id="rel_311" xlink:href="#tok_308" target="#tok_311"/>
<rel id="rel_312" xlink:href="#tok_311" target="#tok_312"/>
<rel id="rel_313" xlink:href="#tok_314" target="#tok_313"/>
<rel id="rel_314" xlink:href="#tok_311" target="#tok_314"/>
<rel id="rel_315" xlink:href="#tok_311" target="#tok_315"/>
<rel id="rel_316" xlink:href="#tok_318" target="#tok_316"/>
<rel id="rel_317" xlink:href="#tok_318" target="#tok_317"/>
<rel id="rel_318" xlink:href="#tok_315" target="#tok_318"/>
<rel id="rel_320" xlink:href="#tok_306" target="#tok_320"/>
<rel id="rel_321" xlink:href="#tok_323" target="#tok_321"/>
<rel id="rel_322" xlink:href="#tok_323" target="#tok_322"/>
<rel id="rel_323" xlink:href="#tok_306" target="#tok_323"/>
<rel id="rel_324" xlink:href="#tok_325" target="#tok_324"/>
<rel id="rel_325" xlink:href="#tok_323" target="#tok_325"/>
<rel id="rel_326" xlink:href="#tok_329" target="#tok_326"/>
<rel id="rel_327" xlink:href="#tok_329" target="#tok_327"/>
<rel id="rel_328" xlink:href="#tok_329" target="#tok_328"/>
<rel id="rel_329" xlink:href="#tok_325" target="#tok_329"/>
<rel id="rel_330" xlink:href="#tok_329" target="#tok_330"/>
<rel id="rel_331" xlink:href="#tok_333" target="#tok_331"/>
<rel id="rel_332" xlink:href="#tok_333" target="#tok_332"/>
<rel id="rel_333" xlink:href="#tok_330" target="#tok_333"/>
<rel id="rel_335" xlink:href="#tok_339" target="#tok_335"/>
<rel id="rel_336" xlink:href="#tok_339" target="#tok_336"/>
<rel id="rel_337" xlink:href="#tok_339" target="#tok_337"/>
<rel id="rel_338" xlink:href="#tok_339" target="#tok_338"/>
<rel id="rel_340" xlink:href="#tok_341" target="#tok_340"/>
<rel id="rel_341" xlink:href="#tok_339" target="#tok_341"/>
<rel id="rel_342" xlink:href="#tok_341" target="#tok_342"/>
<rel id="rel_343" xlink:href="#tok_345" target="#tok_343"/>
<rel id="rel_344" xlink:href="#tok_345" target="#tok_344"/>
<rel id="rel_345" xlink:href="#tok_342" target="#tok_345"/>
<rel id="rel_346" xlink:href="#tok_345" target="#tok_346"/>
<rel id="rel_347" xlink:href="#tok_348" target="#tok_347"/>
<rel id="rel_348" xlink:href="#tok_345" target="#tok_348"/>
<rel id="rel_349" xlink:href="#tok_339" target="#tok_349"/>
<rel id="rel_350" xlink:href="#tok_352" target="#tok_350"/>
<rel id="rel_351" xlink:href="#tok_352" target="#tok_351"/>
<rel id="rel_352" xlink:href="#tok_339" target="#tok_352"/>
<rel id="rel_353" xlink:href="#tok_354" target="#tok_353"/>
<rel id="rel_354" xlink:href="#tok_352" target="#tok_354"/>
<rel id="rel_355" xlink:href="#tok_354" target="#tok_355"/>
<rel id="rel_356" xlink:href="#tok_355" target="#tok_356"/>
<rel id="rel_357" xlink:href="#tok_356" target="#tok_357"/>
<rel id="rel_358" xlink:href="#tok_357" target="#tok_358"/>
<rel id="rel_359" xlink:href="#tok_358" target="#tok_359"/>
<rel id="rel_360" xlink:href="#tok_358" target="#tok_360"/>
<rel id="rel_361" xlink:href="#tok_355" target="#tok_361"/>
<rel id="rel_362" xlink:href="#tok_355" target="#tok_362"/>
<rel id="rel_363" xlink:href="#tok_362" target="#tok_363"/>
<rel id="rel_364" xlink:href="#tok_363" target="#tok_364"/>
<rel id="rel_365" xlink:href="#tok_366" target="#tok_365"/>
<rel id="rel_366" xlink:href="#tok_364" target="#tok_366"/>
<rel id="rel_367" xlink:href="#tok_366" target="#tok_367"/>
<rel id="rel_368" xlink:href="#tok_367" target="#tok_368"/>
<rel id="rel_370" xlink:href="#tok_373" target="#tok_370"/>
<rel id="rel_371" xlink:href="#tok_370" target="#tok_371"/>
<rel id="rel_372" xlink:href="#tok_373" target="#tok_372"/>
<rel id="rel_374" xlink:href="#tok_373" target="#tok_374"/>
<rel id="rel_375" xlink:href="#tok_376" target="#tok_375"/>
<rel id="rel_376" xlink:href="#tok_374" target="#tok_376"/>
<rel id="rel_377" xlink:href="#tok_378" target="#tok_377"/>
<rel id="rel_378" xlink:href="#tok_380" target="#tok_378"/>
<rel id="rel_379" xlink:href="#tok_380" target="#tok_379"/>
<rel id="rel_380" xlink:href="#tok_376" target="#tok_380"/>
<rel id="rel_381" xlink:href="#tok_380" target="#tok_381"/>
<rel id="rel_382" xlink:href="#tok_381" target="#tok_382"/>
<rel id="rel_383" xlink:href="#tok_382" target="#tok_383"/>
<rel id="rel_384" xlink:href="#tok_383" target="#tok_384"/>
<rel id="rel_386" xlink:href="#tok_387" target="#tok_386"/>
<rel id="rel_387" xlink:href="#tok_390" target="#tok_387"/>
<rel id="rel_388" xlink:href="#tok_390" target="#tok_388"/>
<rel id="rel_389" xlink:href="#tok_390" target="#tok_389"/>
<rel id="rel_390" xlink:href="#tok_373" target="#tok_390"/>
<rel id="rel_391" xlink:href="#tok_390" target="#tok_391"/>
<rel id="rel_392" xlink:href="#tok_390" target="#tok_392"/>
<rel id="rel_393" xlink:href="#tok_392" target="#tok_393"/>
<rel id="rel_395" xlink:href="#tok_396" target="#tok_395"/>
<rel id="rel_397" xlink:href="#tok_398" target="#tok_397"/>
<rel id="rel_398" xlink:href="#tok_396" target="#tok_398"/>
<rel id="rel_399" xlink:href="#tok_396" target="#tok_399"/>
<rel id="rel_400" xlink:href="#tok_401" target="#tok_400"/>
<rel id="rel_401" xlink:href="#tok_399" target="#tok_401"/>
<rel id="rel_402" xlink:href="#tok_396" target="#tok_402"/>
<rel id="rel_403" xlink:href="#tok_402" target="#tok_403"/>
<rel id="rel_404" xlink:href="#tok_402" target="#tok_404"/>
<rel id="rel_405" xlink:href="#tok_406" target="#tok_405"/>
<rel id="rel_406" xlink:href="#tok_404" target="#tok_406"/>
<rel id="rel_407" xlink:href="#tok_408" target="#tok_407"/>
<rel id="rel_408" xlink:href="#tok_406" target="#tok_408"/>
<rel id="rel_409" xlink:href="#tok_411" target="#tok_409"/>
<rel id="rel_410" xlink:href="#tok_411" target="#tok_410"/>
<rel id="rel_411" xlink:href="#tok_408" target="#tok_411"/>
<rel id="rel_412" xlink:href="#tok_408" target="#tok_412"/>
<rel id="rel_413" xlink:href="#tok_412" target="#tok_413"/>
<rel id="rel_414" xlink:href="#tok_413" target="#tok_414"/>
<rel id="rel_415" xlink:href="#tok_417" target="#tok_415"/>
<rel id="rel_416" xlink:href="#tok_417" target="#tok_416"/>
<rel id="rel_417" xlink:href="#tok_414" target="#tok_417"/>
<rel id="rel_418" xlink:href="#tok_417" target="#tok_418"/>
<rel id="rel_419" xlink:href="#tok_420" target="#tok_419"/>
<rel id="rel_420" xlink:href="#tok_418" target="#tok_420"/>
<rel id="rel_422" xlink:href="#tok_425" target="#tok_422"/>
<rel id="rel_423" xlink:href="#tok_425" target="#tok_423"/>
<rel id="rel_424" xlink:href="#tok_425" target="#tok_424"/>
<rel id="rel_425" xlink:href="#tok_429" target="#tok_425"/>
<rel id="rel_426" xlink:href="#tok_429" target="#tok_426"/>
<rel id="rel_427" xlink:href="#tok_429" target="#tok_427"/>
<rel id="rel_428" xlink:href="#tok_429" target="#tok_428"/>
<rel id="rel_430" xlink:href="#tok_429" target="#tok_430"/>
<rel id="rel_431" xlink:href="#tok_430" target="#tok_431"/>
<rel id="rel_433" xlink:href="#tok_434" target="#tok_433"/>
<rel id="rel_434" xlink:href="#tok_437" target="#tok_434"/>
<rel id="rel_436" xlink:href="#tok_437" target="#tok_436"/>
<rel id="rel_438" xlink:href="#tok_437" target="#tok_438"/>
<rel id="rel_439" xlink:href="#tok_438" target="#tok_439"/>
<rel id="rel_440" xlink:href="#tok_442" target="#tok_440"/>
<rel id="rel_441" xlink:href="#tok_442" target="#tok_441"/>
<rel id="rel_442" xlink:href="#tok_439" target="#tok_442"/>
<rel id="rel_443" xlink:href="#tok_444" target="#tok_443"/>
<rel id="rel_444" xlink:href="#tok_442" target="#tok_444"/>
<rel id="rel_445" xlink:href="#tok_446" target="#tok_445"/>
<rel id="rel_446" xlink:href="#tok_444" target="#tok_446"/>
<rel id="rel_447" xlink:href="#tok_446" target="#tok_447"/>
<rel id="rel_448" xlink:href="#tok_450" target="#tok_448"/>
<rel id="rel_449" xlink:href="#tok_450" target="#tok_449"/>
<rel id="rel_450" xlink:href="#tok_446" target="#tok_450"/>
<rel id="rel_452" xlink:href="#tok_439" target="#tok_452"/>
<rel id="rel_453" xlink:href="#tok_452" target="#tok_453"/>
<rel id="rel_454" xlink:href="#tok_439" target="#tok_454"/>
<rel id="rel_455" xlink:href="#tok_454" target="#tok_455"/>
<rel id="rel_456" xlink:href="#tok_455" target="#tok_456"/>
<rel id="rel_457" xlink:href="#tok_455" target="#tok_457"/>
<rel id="rel_458" xlink:href="#tok_459" target="#tok_458"/>
<rel id="rel_459" xlink:href="#tok_465" target="#tok_459"/>
<rel id="rel_461" xlink:href="#tok_465" target="#tok_461"/>
<rel id="rel_463" xlink:href="#tok_465" target="#tok_463"/>
<rel id="rel_464" xlink:href="#tok_465" target="#tok_464"/>
<rel id="rel_465" xlink:href="#tok_457" target="#tok_465"/>
<rel id="rel_467" xlink:href="#tok_470" target="#tok_467"/>
<rel id="rel_468" xlink:href="#tok_470" target="#tok_468"/>
<rel id="rel_469" xlink:href="#tok_470" target="#tok_469"/>
<rel id="rel_471" xlink:href="#tok_472" target="#tok_471"/>
<rel id="rel_472" xlink:href="#tok_473" target="#tok_472"/>
<rel id="rel_473" xlink:href="#tok_470" target="#tok_473"/>
<rel id="rel_474" xlink:href="#tok_470" target="#tok_474"/>
<rel id="rel_475" xlink:href="#tok_474" target="#tok_475"/>
<rel id="rel_476" xlink:href="#tok_475" target="#tok_476"/>
<rel id="rel_477" xlink:href="#tok_478" target="#tok_477"/>
<rel id="rel_478" xlink:href="#tok_476" target="#tok_478"/>
<rel id="rel_480" xlink:href="#tok_481" target="#tok_480"/>
<rel id="rel_481" xlink:href="#tok_478" target="#tok_481"/>
<rel id="rel_483" xlink:href="#tok_478" target="#tok_483"/>
<rel id="rel_484" xlink:href="#tok_485" target="#tok_484"/>
<rel id="rel_485" xlink:href="#tok_478" target="#tok_485"/>
<rel id="rel_487" xlink:href="#tok_491" target="#tok_487"/>
<rel id="rel_488" xlink:href="#tok_487" target="#tok_488"/>
<rel id="rel_490" xlink:href="#tok_491" target="#tok_490"/>
<rel id="rel_492" xlink:href="#tok_493" target="#tok_492"/>
<rel id="rel_493" xlink:href="#tok_491" target="#tok_493"/>
<rel id="rel_494" xlink:href="#tok_491" target="#tok_494"/>
<rel id="rel_495" xlink:href="#tok_494" target="#tok_495"/>
<rel id="rel_497" xlink:href="#tok_510" target="#tok_497"/>
<rel id="rel_498" xlink:href="#tok_497" target="#tok_498"/>
<rel id="rel_499" xlink:href="#tok_502" target="#tok_499"/>
<rel id="rel_500" xlink:href="#tok_502" target="#tok_500"/>
<rel id="rel_501" xlink:href="#tok_502" target="#tok_501"/>
<rel id="rel_502" xlink:href="#tok_498" target="#tok_502"/>
<rel id="rel_503" xlink:href="#tok_502" target="#tok_503"/>
<rel id="rel_504" xlink:href="#tok_506" target="#tok_504"/>
<rel id="rel_505" xlink:href="#tok_506" target="#tok_505"/>
<rel id="rel_506" xlink:href="#tok_503" target="#tok_506"/>
<rel id="rel_508" xlink:href="#tok_510" target="#tok_508"/>
<rel id="rel_509" xlink:href="#tok_510" target="#tok_509"/>
<rel id="rel_511" xlink:href="#tok_512" target="#tok_511"/>
<rel id="rel_512" xlink:href="#tok_510" target="#tok_512"/>
<rel id="rel_513" xlink:href="#tok_512" target="#tok_513"/>
<rel id="rel_514" xlink:href="#tok_515" target="#tok_514"/>
<rel id="rel_515" xlink:href="#tok_513" target="#tok_515"/>
<rel id="rel_517" xlink:href="#tok_523" target="#tok_517"/>
<rel id="rel_518" xlink:href="#tok_520" target="#tok_518"/>
<rel id="rel_519" xlink:href="#tok_520" target="#tok_519"/>
<rel id="rel_521" xlink:href="#tok_522" target="#tok_521"/>
<rel id="rel_522" xlink:href="#tok_520" target="#tok_522"/>
<rel id="rel_523" xlink:href="#tok_520" target="#tok_523"/>
<rel id="rel_525" xlink:href="#tok_526" target="#tok_525"/>
<rel id="rel_527" xlink:href="#tok_529" target="#tok_527"/>
<rel id="rel_528" xlink:href="#tok_529" target="#tok_528"/>
<rel id="rel_529" xlink:href="#tok_526" target="#tok_529"/>
<rel id="rel_530" xlink:href="#tok_529" target="#tok_530"/>
<rel id="rel_531" xlink:href="#tok_532" target="#tok_531"/>
<rel id="rel_532" xlink:href="#tok_530" target="#tok_532"/>
<rel id="rel_533" xlink:href="#tok_535" target="#tok_533"/>
<rel id="rel_534" xlink:href="#tok_535" target="#tok_534"/>
<rel id="rel_535" xlink:href="#tok_532" target="#tok_535"/>
<rel id="rel_537" xlink:href="#tok_539" target="#tok_537"/>
<rel id="rel_538" xlink:href="#tok_539" target="#tok_538"/>
<rel id="rel_540" xlink:href="#tok_539" target="#tok_540"/>
<rel id="rel_541" xlink:href="#tok_542" target="#tok_541"/>
<rel id="rel_542" xlink:href="#tok_540" target="#tok_542"/>
<rel id="rel_543" xlink:href="#tok_542" target="#tok_543"/>
<rel id="rel_544" xlink:href="#tok_542" target="#tok_544"/>
<rel id="rel_545" xlink:href="#tok_542" target="#tok_545"/>
<rel id="rel_546" xlink:href="#tok_548" target="#tok_546"/>
<rel id="rel_547" xlink:href="#tok_548" target="#tok_547"/>
<rel id="rel_548" xlink:href="#tok_542" target="#tok_548"/>
<rel id="rel_549" xlink:href="#tok_548" target="#tok_549"/>
<rel id="rel_550" xlink:href="#tok_549" target="#tok_550"/>
<rel id="rel_551" xlink:href="#tok_550" target="#tok_551"/>
<rel id="rel_552" xlink:href="#tok_553" target="#tok_552"/>
<rel id="rel_553" xlink:href="#tok_551" target="#tok_553"/>
<rel id="rel_555" xlink:href="#tok_556" target="#tok_555"/>
<rel id="rel_557" xlink:href="#tok_561" target="#tok_557"/>
<rel id="rel_558" xlink:href="#tok_561" target="#tok_558"/>
<rel id="rel_559" xlink:href="#tok_561" target="#tok_559"/>
<rel id="rel_560" xlink:href="#tok_561" target="#tok_560"/>
<rel id="rel_561" xlink:href="#tok_556" target="#tok_561"/>
<rel id="rel_562" xlink:href="#tok_556" target="#tok_562"/>
<rel id="rel_563" xlink:href="#tok_562" target="#tok_563"/>
<rel id="rel_564" xlink:href="#tok_566" target="#tok_564"/>
<rel id="rel_565" xlink:href="#tok_566" target="#tok_565"/>
<rel id="rel_566" xlink:href="#tok_563" target="#tok_566"/>
<rel id="rel_567" xlink:href="#tok_566" target="#tok_567"/>
<rel id="rel_568" xlink:href="#tok_570" target="#tok_568"/>
<rel id="rel_569" xlink:href="#tok_570" target="#tok_569"/>
<rel id="rel_570" xlink:href="#tok_567" target="#tok_570"/>
<rel id="rel_572" xlink:href="#tok_556" target="#tok_572"/>
<rel id="rel_573" xlink:href="#tok_574" target="#tok_573"/>
<rel id="rel_574" xlink:href="#tok_556" target="#tok_574"/>
<rel id="rel_575" xlink:href="#tok_576" target="#tok_575"/>
<rel id="rel_576" xlink:href="#tok_574" target="#tok_576"/>
<rel id="rel_578" xlink:href="#tok_586" target="#tok_578"/>
<rel id="rel_579" xlink:href="#tok_580" target="#tok_579"/>
<rel id="rel_580" xlink:href="#tok_578" target="#tok_580"/>
<rel id="rel_581" xlink:href="#tok_580" target="#tok_581"/>
<rel id="rel_582" xlink:href="#tok_580" target="#tok_582"/>
<rel id="rel_583" xlink:href="#tok_580" target="#tok_583"/>
<rel id="rel_584" xlink:href="#tok_585" target="#tok_584"/>
<rel id="rel_585" xlink:href="#tok_583" target="#tok_585"/>
<rel id="rel_587" xlink:href="#tok_590" target="#tok_587"/>
<rel id="rel_588" xlink:href="#tok_590" target="#tok_588"/>
<rel id="rel_589" xlink:href="#tok_590" target="#tok_589"/>
<rel id="rel_590" xlink:href="#tok_586" target="#tok_590"/>
<rel id="rel_592" xlink:href="#tok_586" target="#tok_592"/>
<rel id="rel_593" xlink:href="#tok_595" target="#tok_593"/>
<rel id="rel_594" xlink:href="#tok_595" target="#tok_594"/>
<rel id="rel_595" xlink:href="#tok_592" target="#tok_595"/>
<rel id="rel_596" xlink:href="#tok_597" target="#tok_596"/>
<rel id="rel_597" xlink:href="#tok_595" target="#tok_597"/>
<rel id="rel_598" xlink:href="#tok_595" target="#tok_598"/>
<rel id="rel_599" xlink:href="#tok_590" target="#tok_599"/>
<rel id="rel_600" xlink:href="#tok_590" target="#tok_600"/>
<rel id="rel_601" xlink:href="#tok_602" target="#tok_601"/>
<rel id="rel_602" xlink:href="#tok_600" target="#tok_602"/>
<rel id="rel_604" xlink:href="#tok_586" target="#tok_604"/>
<rel id="rel_605" xlink:href="#tok_586" target="#tok_605"/>
<rel id="rel_606" xlink:href="#tok_608" target="#tok_606"/>
<rel id="rel_607" xlink:href="#tok_608" target="#tok_607"/>
<rel id="rel_608" xlink:href="#tok_605" target="#tok_608"/>
<rel id="rel_609" xlink:href="#tok_608" target="#tok_609"/>
<rel id="rel_610" xlink:href="#tok_609" target="#tok_610"/>
<rel id="rel_611" xlink:href="#tok_610" target="#tok_611"/>
<rel id="rel_612" xlink:href="#tok_611" target="#tok_612"/>
<rel id="rel_613" xlink:href="#tok_612" target="#tok_613"/>
<rel id="rel_614" xlink:href="#tok_612" target="#tok_614"/>
<rel id="rel_615" xlink:href="#tok_609" target="#tok_615"/>
<rel id="rel_616" xlink:href="#tok_609" target="#tok_616"/>
<rel id="rel_617" xlink:href="#tok_616" target="#tok_617"/>
<rel id="rel_618" xlink:href="#tok_617" target="#tok_618"/>
<rel id="rel_619" xlink:href="#tok_620" target="#tok_619"/>
<rel id="rel_620" xlink:href="#tok_618" target="#tok_620"/>
<rel id="rel_621" xlink:href="#tok_620" target="#tok_621"/>
<rel id="rel_622" xlink:href="#tok_621" target="#tok_622"/>
<rel id="rel_623" xlink:href="#tok_622" target="#tok_623"/>
<rel id="rel_624" xlink:href="#tok_626" target="#tok_624"/>
<rel id="rel_625" xlink:href="#tok_626" target="#tok_625"/>
<rel id="rel_626" xlink:href="#tok_622" target="#tok_626"/>
<rel id="rel_628" xlink:href="#tok_629" target="#tok_628"/>
<rel id="rel_630" xlink:href="#tok_631" target="#tok_630"/>
<rel id="rel_631" xlink:href="#tok_629" target="#tok_631"/>
<rel id="rel_632" xlink:href="#tok_634" target="#tok_632"/>
<rel id="rel_633" xlink:href="#tok_634" target="#tok_633"/>
<rel id="rel_634" xlink:href="#tok_629" target="#tok_634"/>
<rel id="rel_635" xlink:href="#tok_634" target="#tok_635"/>
<rel id="rel_636" xlink:href="#tok_637" target="#tok_636"/>
<rel id="rel_637" xlink:href="#tok_635" target="#tok_637"/>
<rel id="rel_638" xlink:href="#tok_641" target="#tok_638"/>
<rel id="rel_639" xlink:href="#tok_641" target="#tok_639"/>
<rel id="rel_640" xlink:href="#tok_641" target="#tok_640"/>
<rel id="rel_641" xlink:href="#tok_637" target="#tok_641"/>
<rel id="rel_642" xlink:href="#tok_641" target="#tok_642"/>
<rel id="rel_643" xlink:href="#tok_641" target="#tok_643"/>
<rel id="rel_644" xlink:href="#tok_641" target="#tok_644"/>
<rel id="rel_645" xlink:href="#tok_644" target="#tok_645"/>
<rel id="rel_647" xlink:href="#tok_648" target="#tok_647"/>
<rel id="rel_648" xlink:href="#tok_655" target="#tok_648"/>
<rel id="rel_649" xlink:href="#tok_648" target="#tok_649"/>
<rel id="rel_651" xlink:href="#tok_655" target="#tok_651"/>
<rel id="rel_652" xlink:href="#tok_655" target="#tok_652"/>
<rel id="rel_653" xlink:href="#tok_657" target="#tok_653"/>
<rel id="rel_654" xlink:href="#tok_655" target="#tok_654"/>
<rel id="rel_656" xlink:href="#tok_657" target="#tok_656"/>
<rel id="rel_657" xlink:href="#tok_655" target="#tok_657"/>
<rel id="rel_658" xlink:href="#tok_659" target="#tok_658"/>
<rel id="rel_659" xlink:href="#tok_657" target="#tok_659"/>
<rel id="rel_660" xlink:href="#tok_657" target="#tok_660"/>
<rel id="rel_661" xlink:href="#tok_660" target="#tok_661"/>
<rel id="rel_662" xlink:href="#tok_661" target="#tok_662"/>
<rel id="rel_663" xlink:href="#tok_665" target="#tok_663"/>
<rel id="rel_664" xlink:href="#tok_665" target="#tok_664"/>
<rel id="rel_665" xlink:href="#tok_662" target="#tok_665"/>
<rel id="rel_667" xlink:href="#tok_668" target="#tok_667"/>
<rel id="rel_669" xlink:href="#tok_668" target="#tok_669"/>
<rel id="rel_670" xlink:href="#tok_669" target="#tok_670"/>
<rel id="rel_671" xlink:href="#tok_672" target="#tok_671"/>
<rel id="rel_672" xlink:href="#tok_670" target="#tok_672"/>
<rel id="rel_673" xlink:href="#tok_672" target="#tok_673"/>
<rel id="rel_674" xlink:href="#tok_673" target="#tok_674"/>
<rel id="rel_675" xlink:href="#tok_673" target="#tok_675"/>
<rel id="rel_676" xlink:href="#tok_677" target="#tok_676"/>
<rel id="rel_677" xlink:href="#tok_675" target="#tok_677"/>
<rel id="rel_679" xlink:href="#tok_668" target="#tok_679"/>
<rel id="rel_680" xlink:href="#tok_686" target="#tok_680"/>
<rel id="rel_681" xlink:href="#tok_684" target="#tok_681"/>
<rel id="rel_682" xlink:href="#tok_684" target="#tok_682"/>
<rel id="rel_683" xlink:href="#tok_684" target="#tok_683"/>
<rel id="rel_684" xlink:href="#tok_686" target="#tok_684"/>
<rel id="rel_685" xlink:href="#tok_686" target="#tok_685"/>
<rel id="rel_686" xlink:href="#tok_668" target="#tok_686"/>
<rel id="rel_687" xlink:href="#tok_688" target="#tok_687"/>
<rel id="rel_688" xlink:href="#tok_686" target="#tok_688"/>
<rel id="rel_689" xlink:href="#tok_686" target="#tok_689"/>
<rel id="rel_690" xlink:href="#tok_693" target="#tok_690"/>
<rel id="rel_691" xlink:href="#tok_693" target="#tok_691"/>
<rel id="rel_692" xlink:href="#tok_693" target="#tok_692"/>
<rel id="rel_693" xlink:href="#tok_689" target="#tok_693"/>
<rel id="rel_695" xlink:href="#tok_696" target="#tok_695"/>
<rel id="rel_696" xlink:href="#tok_717" target="#tok_696"/>
<rel id="rel_697" xlink:href="#tok_699" target="#tok_697"/>
<rel id="rel_698" xlink:href="#tok_699" target="#tok_698"/>
<rel id="rel_699" xlink:href="#tok_696" target="#tok_699"/>
<rel id="rel_700" xlink:href="#tok_696" target="#tok_700"/>
<rel id="rel_701" xlink:href="#tok_707" target="#tok_701"/>
<rel id="rel_702" xlink:href="#tok_701" target="#tok_702"/>
<rel id="rel_703" xlink:href="#tok_705" target="#tok_703"/>
<rel id="rel_704" xlink:href="#tok_705" target="#tok_704"/>
<rel id="rel_705" xlink:href="#tok_702" target="#tok_705"/>
<rel id="rel_707" xlink:href="#tok_700" target="#tok_707"/>
<rel id="rel_708" xlink:href="#tok_707" target="#tok_708"/>
<rel id="rel_709" xlink:href="#tok_707" target="#tok_709"/>
<rel id="rel_710" xlink:href="#tok_711" target="#tok_710"/>
<rel id="rel_711" xlink:href="#tok_709" target="#tok_711"/>
<rel id="rel_712" xlink:href="#tok_711" target="#tok_712"/>
<rel id="rel_713" xlink:href="#tok_711" target="#tok_713"/>
<rel id="rel_715" xlink:href="#tok_717" target="#tok_715"/>
<rel id="rel_716" xlink:href="#tok_717" target="#tok_716"/>
<rel id="rel_717" xlink:href="#tok_696" target="#tok_717"/>
<rel id="rel_718" xlink:href="#tok_720" target="#tok_718"/>
<rel id="rel_719" xlink:href="#tok_720" target="#tok_719"/>
<rel id="rel_720" xlink:href="#tok_717" target="#tok_720"/>
<rel id="rel_721" xlink:href="#tok_720" target="#tok_721"/>
<rel id="rel_722" xlink:href="#tok_723" target="#tok_722"/>
<rel id="rel_723" xlink:href="#tok_721" target="#tok_723"/>
<rel id="rel_724" xlink:href="#tok_717" target="#tok_724"/>
<rel id="rel_725" xlink:href="#tok_724" target="#tok_725"/>
<rel id="rel_726" xlink:href="#tok_728" target="#tok_726"/>
<rel id="rel_727" xlink:href="#tok_728" target="#tok_727"/>
<rel id="rel_728" xlink:href="#tok_725" target="#tok_728"/>
<rel id="rel_729" xlink:href="#tok_728" target="#tok_729"/>
<rel id="rel_730" xlink:href="#tok_729" target="#tok_730"/>
<rel id="rel_732" xlink:href="#tok_738" target="#tok_732"/>
<rel id="rel_734" xlink:href="#tok_738" target="#tok_734"/>
<rel id="rel_735" xlink:href="#tok_737" target="#tok_735"/>
<rel id="rel_736" xlink:href="#tok_737" target="#tok_736"/>
<rel id="rel_737" xlink:href="#tok_734" target="#tok_737"/>
<rel id="rel_739" xlink:href="#tok_740" target="#tok_739"/>
<rel id="rel_740" xlink:href="#tok_738" target="#tok_740"/>
<rel id="rel_741" xlink:href="#tok_740" target="#tok_741"/>
<rel id="rel_742" xlink:href="#tok_741" target="#tok_742"/>
<rel id="rel_743" xlink:href="#tok_738" target="#tok_743"/>
<rel id="rel_744" xlink:href="#tok_743" target="#tok_744"/>
<rel id="rel_746" xlink:href="#tok_738" target="#tok_746"/>
<rel id="rel_747" xlink:href="#tok_750" target="#tok_747"/>
<rel id="rel_748" xlink:href="#tok_750" target="#tok_748"/>
<rel id="rel_749" xlink:href="#tok_750" target="#tok_749"/>
<rel id="rel_750" xlink:href="#tok_752" target="#tok_750"/>
<rel id="rel_751" xlink:href="#tok_752" target="#tok_751"/>
<rel id="rel_752" xlink:href="#tok_738" target="#tok_752"/>
<rel id="rel_753" xlink:href="#tok_754" target="#tok_753"/>
<rel id="rel_754" xlink:href="#tok_752" target="#tok_754"/>
<rel id="rel_755" xlink:href="#tok_754" target="#tok_755"/>
<rel id="rel_756" xlink:href="#tok_754" target="#tok_756"/>
<rel id="rel_758" xlink:href="#tok_753" target="#tok_758"/>
<rel id="rel_759" xlink:href="#tok_763" target="#tok_759"/>
<rel id="rel_760" xlink:href="#tok_761" target="#tok_760"/>
<rel id="rel_761" xlink:href="#tok_763" target="#tok_761"/>
<rel id="rel_762" xlink:href="#tok_763" target="#tok_762"/>
<rel id="rel_763" xlink:href="#tok_758" target="#tok_763"/>
<rel id="rel_764" xlink:href="#tok_767" target="#tok_764"/>
<rel id="rel_765" xlink:href="#tok_766" target="#tok_765"/>
<rel id="rel_766" xlink:href="#tok_767" target="#tok_766"/>
<rel id="rel_767" xlink:href="#tok_763" target="#tok_767"/>
<rel id="rel_769" xlink:href="#tok_767" target="#tok_769"/>
<rel id="rel_770" xlink:href="#tok_767" target="#tok_770"/>
<rel id="rel_771" xlink:href="#tok_772" target="#tok_771"/>
<rel id="rel_772" xlink:href="#tok_770" target="#tok_772"/>
<rel id="rel_774" xlink:href="#tok_778" target="#tok_774"/>
<rel id="rel_775" xlink:href="#tok_777" target="#tok_775"/>
<rel id="rel_776" xlink:href="#tok_777" target="#tok_776"/>
<rel id="rel_777" xlink:href="#tok_778" target="#tok_777"/>
<rel id="rel_779" xlink:href="#tok_781" target="#tok_779"/>
<rel id="rel_780" xlink:href="#tok_781" target="#tok_780"/>
<rel id="rel_781" xlink:href="#tok_778" target="#tok_781"/>
<rel id="rel_782" xlink:href="#tok_778" target="#tok_782"/>
<rel id="rel_783" xlink:href="#tok_778" target="#tok_783"/>
<rel id="rel_785" xlink:href="#tok_786" target="#tok_785"/>
<rel id="rel_788" xlink:href="#tok_791" target="#tok_788"/>
<rel id="rel_789" xlink:href="#tok_791" target="#tok_789"/>
<rel id="rel_790" xlink:href="#tok_791" target="#tok_790"/>
<rel id="rel_792" xlink:href="#tok_791" target="#tok_792"/>
<rel id="rel_793" xlink:href="#tok_796" target="#tok_793"/>
<rel id="rel_794" xlink:href="#tok_796" target="#tok_794"/>
<rel id="rel_795" xlink:href="#tok_796" target="#tok_795"/>
<rel id="rel_796" xlink:href="#tok_791" target="#tok_796"/>
<rel id="rel_797" xlink:href="#tok_796" target="#tok_797"/>
<rel id="rel_798" xlink:href="#tok_797" target="#tok_798"/>
<rel id="rel_799" xlink:href="#tok_796" target="#tok_799"/>
<rel id="rel_800" xlink:href="#tok_801" target="#tok_800"/>
<rel id="rel_801" xlink:href="#tok_796" target="#tok_801"/>
<rel id="rel_802" xlink:href="#tok_801" target="#tok_802"/>
<rel id="rel_803" xlink:href="#tok_802" target="#tok_803"/>
<rel id="rel_805" xlink:href="#tok_810" target="#tok_805"/>
<rel id="rel_806" xlink:href="#tok_810" target="#tok_806"/>
<rel id="rel_807" xlink:href="#tok_810" target="#tok_807"/>
<rel id="rel_808" xlink:href="#tok_810" target="#tok_808"/>
<rel id="rel_809" xlink:href="#tok_810" target="#tok_809"/>
<rel id="rel_810" xlink:href="#tok_791" target="#tok_810"/>
<rel id="rel_812" xlink:href="#tok_813" target="#tok_812"/>
<rel id="rel_817" xlink:href="#tok_815" target="#tok_817"/>
<rel id="rel_818" xlink:href="#tok_817" target="#tok_818"/>
<rel id="rel_819" xlink:href="#tok_818" target="#tok_819"/>
<rel id="rel_823" xlink:href="#tok_821" target="#tok_823"/>
<rel id="rel_824" xlink:href="#tok_823" target="#tok_824"/>
<rel id="rel_825" xlink:href="#tok_824" target="#tok_825"/>
<rel id="rel_829" xlink:href="#tok_827" target="#tok_829"/>
</relList>
</paula>
