<?xml version="1.0" standalone="no"?>

<!DOCTYPE paula SYSTEM "paula_feat.dtd">
<paula version="1.0">

<header paula_id="dep.GUM.GUM_interview_libertarian_dep_func"/>

<featList xmlns:xlink="http://www.w3.org/1999/xlink" type="func" xml:base="dep.GUM.GUM_interview_libertarian.dep.xml">
<feat xlink:href="#rel_1" value="nsubj"/> <!--Wikinews -->
<feat xlink:href="#rel_3" value="nn"/> <!--Robert -->
<feat xlink:href="#rel_4" value="dobj"/> <!--Sarvis -->
<feat xlink:href="#rel_6" value="nn"/> <!--Libertarian -->
<feat xlink:href="#rel_7" value="nn"/> <!--Party -->
<feat xlink:href="#rel_8" value="appos"/> <!--nominee -->
<feat xlink:href="#rel_9" value="prep"/> <!--for -->
<feat xlink:href="#rel_10" value="pobj"/> <!--Governor -->
<feat xlink:href="#rel_11" value="prep"/> <!--of -->
<feat xlink:href="#rel_12" value="pobj"/> <!--Virginia -->
<feat xlink:href="#rel_15" value="nn"/> <!--October -->
<feat xlink:href="#rel_16" value="appos"/> <!--19 -->
<feat xlink:href="#rel_18" value="tmod"/> <!--2013 -->
<feat xlink:href="#rel_19" value="nn"/> <!--Attorney -->
<feat xlink:href="#rel_20" value="nn"/> <!--Robert -->
<feat xlink:href="#rel_21" value="nsubj"/> <!--Sarvis -->
<feat xlink:href="#rel_23" value="det"/> <!--the -->
<feat xlink:href="#rel_24" value="nn"/> <!--Libertarian -->
<feat xlink:href="#rel_25" value="poss"/> <!--Party -->
<feat xlink:href="#rel_26" value="possessive"/> <!--s -->
<feat xlink:href="#rel_27" value="appos"/> <!--nominee -->
<feat xlink:href="#rel_28" value="prep"/> <!--for -->
<feat xlink:href="#rel_29" value="pobj"/> <!--Governor -->
<feat xlink:href="#rel_30" value="prep"/> <!--of -->
<feat xlink:href="#rel_31" value="pobj"/> <!--Virginia -->
<feat xlink:href="#rel_34" value="num"/> <!--five -->
<feat xlink:href="#rel_35" value="dobj"/> <!--questions -->
<feat xlink:href="#rel_36" value="vmod"/> <!--submitted -->
<feat xlink:href="#rel_37" value="prep"/> <!--via -->
<feat xlink:href="#rel_38" value="pobj"/> <!--e-mail -->
<feat xlink:href="#rel_39" value="prep"/> <!--by -->
<feat xlink:href="#rel_40" value="amod"/> <!--accredited -->
<feat xlink:href="#rel_41" value="amod"/> <!--Wikinews -->
<feat xlink:href="#rel_42" value="nn"/> <!--reporter -->
<feat xlink:href="#rel_43" value="nn"/> <!--William -->
<feat xlink:href="#rel_44" value="pobj"/> <!--Saturn -->
<feat xlink:href="#rel_46" value="nsubj"/> <!--Sarvis -->
<feat xlink:href="#rel_47" value="aux"/> <!--has -->
<feat xlink:href="#rel_49" value="amod"/> <!--double -->
<feat xlink:href="#rel_50" value="dobj"/> <!--digits -->
<feat xlink:href="#rel_51" value="prep"/> <!--in -->
<feat xlink:href="#rel_52" value="nn"/> <!--opinion -->
<feat xlink:href="#rel_53" value="pobj"/> <!--polls -->
<feat xlink:href="#rel_54" value="prep"/> <!--for -->
<feat xlink:href="#rel_55" value="det"/> <!--the -->
<feat xlink:href="#rel_56" value="num"/> <!--2013 -->
<feat xlink:href="#rel_57" value="nn"/> <!--Virginia -->
<feat xlink:href="#rel_58" value="amod"/> <!--gubernatorial -->
<feat xlink:href="#rel_59" value="pobj"/> <!--election -->
<feat xlink:href="#rel_61" value="det"/> <!--an -->
<feat xlink:href="#rel_62" value="amod"/> <!--unusual -->
<feat xlink:href="#rel_63" value="npadvmod"/> <!--feat -->
<feat xlink:href="#rel_64" value="prep"/> <!--for -->
<feat xlink:href="#rel_65" value="det"/> <!--a -->
<feat xlink:href="#rel_66" value="amod"/> <!--third -->
<feat xlink:href="#rel_67" value="nn"/> <!--party -->
<feat xlink:href="#rel_68" value="pobj"/> <!--candidate -->
<feat xlink:href="#rel_70" value="det"/> <!--The -->
<feat xlink:href="#rel_71" value="amod"/> <!--latest -->
<feat xlink:href="#rel_72" value="nn"/> <!--Newsmax -->
<feat xlink:href="#rel_74" value="nn"/> <!--Zogby -->
<feat xlink:href="#rel_75" value="nsubj"/> <!--poll -->
<feat xlink:href="#rel_76" value="prep"/> <!--from -->
<feat xlink:href="#rel_77" value="amod"/> <!--late -->
<feat xlink:href="#rel_78" value="pobj"/> <!--September -->
<feat xlink:href="#rel_80" value="dobj"/> <!--him -->
<feat xlink:href="#rel_81" value="prep"/> <!--at -->
<feat xlink:href="#rel_82" value="num"/> <!--13 -->
<feat xlink:href="#rel_83" value="pobj"/> <!--percent -->
<feat xlink:href="#rel_85" value="num"/> <!--14 -->
<feat xlink:href="#rel_86" value="conj"/> <!--points -->
<feat xlink:href="#rel_87" value="prep"/> <!--behind -->
<feat xlink:href="#rel_88" value="nn"/> <!--Republican -->
<feat xlink:href="#rel_89" value="nn"/> <!--Party -->
<feat xlink:href="#rel_90" value="nn"/> <!--nominee -->
<feat xlink:href="#rel_91" value="nn"/> <!--Ken -->
<feat xlink:href="#rel_92" value="pobj"/> <!--Cuccinelli -->
<feat xlink:href="#rel_94" value="poss"/> <!--Virginia -->
<feat xlink:href="#rel_95" value="possessive"/> <!--s -->
<feat xlink:href="#rel_96" value="nn"/> <!--Attorney -->
<feat xlink:href="#rel_97" value="appos"/> <!--General -->
<feat xlink:href="#rel_99" value="cc"/> <!--and -->
<feat xlink:href="#rel_100" value="num"/> <!--19 -->
<feat xlink:href="#rel_101" value="conj"/> <!--points -->
<feat xlink:href="#rel_102" value="prep"/> <!--behind -->
<feat xlink:href="#rel_103" value="nn"/> <!--Democratic -->
<feat xlink:href="#rel_104" value="nn"/> <!--Party -->
<feat xlink:href="#rel_105" value="nn"/> <!--nominee -->
<feat xlink:href="#rel_106" value="nn"/> <!--Terry -->
<feat xlink:href="#rel_107" value="pobj"/> <!--McAuliffe -->
<feat xlink:href="#rel_109" value="det"/> <!--the -->
<feat xlink:href="#rel_110" value="amod"/> <!--former -->
<feat xlink:href="#rel_111" value="nn"/> <!--Democratic -->
<feat xlink:href="#rel_112" value="nn"/> <!--National -->
<feat xlink:href="#rel_113" value="nn"/> <!--Committee -->
<feat xlink:href="#rel_114" value="appos"/> <!--chairman -->
<feat xlink:href="#rel_116" value="prep"/> <!--with -->
<feat xlink:href="#rel_117" value="num"/> <!--24 -->
<feat xlink:href="#rel_118" value="pobj"/> <!--percent -->
<feat xlink:href="#rel_119" value="amod"/> <!--undecided -->
<feat xlink:href="#rel_121" value="nsubj"/> <!--Whoever -->
<feat xlink:href="#rel_122" value="csubj"/> <!--wins -->
<feat xlink:href="#rel_123" value="dobj"/> <!--election -->
<feat xlink:href="#rel_124" value="prep"/> <!--on -->
<feat xlink:href="#rel_125" value="pobj"/> <!--November -->
<feat xlink:href="#rel_126" value="num"/> <!--5 -->
<feat xlink:href="#rel_128" value="num"/> <!--2013 -->
<feat xlink:href="#rel_130" value="aux"/> <!--would -->
<feat xlink:href="#rel_132" value="amod"/> <!--outgoing -->
<feat xlink:href="#rel_133" value="nn"/> <!--governor -->
<feat xlink:href="#rel_134" value="nn"/> <!--Bob -->
<feat xlink:href="#rel_135" value="dobj"/> <!--McDonnell -->
<feat xlink:href="#rel_137" value="prep"/> <!--On -->
<feat xlink:href="#rel_138" value="poss"/> <!--his -->
<feat xlink:href="#rel_139" value="amod"/> <!--campaign -->
<feat xlink:href="#rel_140" value="pobj"/> <!--website -->
<feat xlink:href="#rel_142" value="nsubj"/> <!--Sarvis -->
<feat xlink:href="#rel_144" value="nsubj"/> <!--he -->
<feat xlink:href="#rel_145" value="ccomp"/> <!--favors -->
<feat xlink:href="#rel_146" value="amod"/> <!--parental -->
<feat xlink:href="#rel_147" value="nn"/> <!--school -->
<feat xlink:href="#rel_148" value="dobj"/> <!--choice -->
<feat xlink:href="#rel_149" value="prep"/> <!--through -->
<feat xlink:href="#rel_150" value="nn"/> <!--student -->
<feat xlink:href="#rel_151" value="pobj"/> <!--vouchers -->
<feat xlink:href="#rel_153" value="conj"/> <!--simplification -->
<feat xlink:href="#rel_154" value="prep"/> <!--of -->
<feat xlink:href="#rel_155" value="poss"/> <!--Virginia -->
<feat xlink:href="#rel_156" value="possessive"/> <!--s -->
<feat xlink:href="#rel_157" value="nn"/> <!--Tax -->
<feat xlink:href="#rel_158" value="pobj"/> <!--Code -->
<feat xlink:href="#rel_160" value="nn"/> <!--US -->
<feat xlink:href="#rel_161" value="nn"/> <!--Second -->
<feat xlink:href="#rel_162" value="conj"/> <!--Amendment -->
<feat xlink:href="#rel_164" value="nn"/> <!--gun -->
<feat xlink:href="#rel_166" value="conj"/> <!--rights -->
<feat xlink:href="#rel_168" value="nn"/> <!--same-sex -->
<feat xlink:href="#rel_169" value="conj"/> <!--marriage -->
<feat xlink:href="#rel_171" value="cc"/> <!--and -->
<feat xlink:href="#rel_172" value="conj"/> <!--reform -->
<feat xlink:href="#rel_173" value="prep"/> <!--of -->
<feat xlink:href="#rel_174" value="det"/> <!--the -->
<feat xlink:href="#rel_175" value="poss"/> <!--state -->
<feat xlink:href="#rel_176" value="possessive"/> <!--s -->
<feat xlink:href="#rel_177" value="nn"/> <!--drug -->
<feat xlink:href="#rel_178" value="pobj"/> <!--laws -->
<feat xlink:href="#rel_180" value="prep"/> <!--With -->
<feat xlink:href="#rel_181" value="pobj"/> <!--Wikinews -->
<feat xlink:href="#rel_183" value="nsubj"/> <!--Sarvis -->
<feat xlink:href="#rel_185" value="poss"/> <!--his -->
<feat xlink:href="#rel_186" value="dobj"/> <!--background -->
<feat xlink:href="#rel_188" value="conj"/> <!--views -->
<feat xlink:href="#rel_189" value="prep"/> <!--on -->
<feat xlink:href="#rel_190" value="poss"/> <!--McDonnell -->
<feat xlink:href="#rel_191" value="possessive"/> <!--s -->
<feat xlink:href="#rel_192" value="pobj"/> <!--tenure -->
<feat xlink:href="#rel_194" value="conj"/> <!--keys -->
<feat xlink:href="#rel_195" value="prep"/> <!--to -->
<feat xlink:href="#rel_196" value="nn"/> <!--campaign -->
<feat xlink:href="#rel_197" value="pobj"/> <!--success -->
<feat xlink:href="#rel_199" value="conj"/> <!--plan -->
<feat xlink:href="#rel_200" value="aux"/> <!--to -->
<feat xlink:href="#rel_201" value="vmod"/> <!--implement -->
<feat xlink:href="#rel_202" value="poss"/> <!--his -->
<feat xlink:href="#rel_203" value="dobj"/> <!--agenda -->
<feat xlink:href="#rel_205" value="cc"/> <!--and -->
<feat xlink:href="#rel_206" value="det"/> <!--the -->
<feat xlink:href="#rel_207" value="amod"/> <!--former -->
<feat xlink:href="#rel_208" value="nn"/> <!--Virginia -->
<feat xlink:href="#rel_209" value="conj"/> <!--governor -->
<feat xlink:href="#rel_210" value="nsubj"/> <!--he -->
<feat xlink:href="#rel_211" value="advmod"/> <!--most -->
<feat xlink:href="#rel_212" value="rcmod"/> <!--admires -->
<feat xlink:href="#rel_215" value="nsubj"/> <!--What -->
<feat xlink:href="#rel_216" value="cop"/> <!--is -->
<feat xlink:href="#rel_217" value="det"/> <!--the -->
<feat xlink:href="#rel_218" value="advmod"/> <!--most -->
<feat xlink:href="#rel_219" value="amod"/> <!--important -->
<feat xlink:href="#rel_221" value="prep"/> <!--of -->
<feat xlink:href="#rel_222" value="poss"/> <!--your -->
<feat xlink:href="#rel_223" value="pobj"/> <!--background -->
<feat xlink:href="#rel_224" value="mark"/> <!--that -->
<feat xlink:href="#rel_225" value="nsubj"/> <!--voters -->
<feat xlink:href="#rel_226" value="aux"/> <!--should -->
<feat xlink:href="#rel_227" value="rcmod"/> <!--know -->
<feat xlink:href="#rel_228" value="prep"/> <!--about -->
<feat xlink:href="#rel_230" value="nsubj"/> <!--I -->
<feat xlink:href="#rel_231" value="cop"/> <!--am -->
<feat xlink:href="#rel_232" value="det"/> <!--the -->
<feat xlink:href="#rel_233" value="amod"/> <!--only -->
<feat xlink:href="#rel_235" value="vmod"/> <!--born -->
<feat xlink:href="#rel_236" value="cc"/> <!--and -->
<feat xlink:href="#rel_237" value="conj"/> <!--raised -->
<feat xlink:href="#rel_238" value="prep"/> <!--in -->
<feat xlink:href="#rel_239" value="pobj"/> <!--Virginia -->
<feat xlink:href="#rel_241" value="cc"/> <!--but -->
<feat xlink:href="#rel_242" value="cc"/> <!--also -->
<feat xlink:href="#rel_243" value="det"/> <!--the -->
<feat xlink:href="#rel_244" value="amod"/> <!--only -->
<feat xlink:href="#rel_245" value="conj"/> <!--candidate -->
<feat xlink:href="#rel_246" value="nsubj"/> <!--who -->
<feat xlink:href="#rel_247" value="rcmod"/> <!--embodies -->
<feat xlink:href="#rel_248" value="preconj"/> <!--both -->
<feat xlink:href="#rel_249" value="vmod"/> <!--physically -->
<feat xlink:href="#rel_250" value="cc"/> <!--and -->
<feat xlink:href="#rel_251" value="conj"/> <!--philosophically -->
<feat xlink:href="#rel_252" value="det"/> <!--the -->
<feat xlink:href="#rel_253" value="amod"/> <!--growing -->
<feat xlink:href="#rel_254" value="dobj"/> <!--diversity -->
<feat xlink:href="#rel_255" value="prep"/> <!--of -->
<feat xlink:href="#rel_256" value="det"/> <!--the -->
<feat xlink:href="#rel_257" value="pobj"/> <!--commonwealth -->
<feat xlink:href="#rel_260" value="nsubj"/> <!--I -->
<feat xlink:href="#rel_261" value="cop"/> <!--am -->
<feat xlink:href="#rel_264" value="conj"/> <!--half-Chinese -->
<feat xlink:href="#rel_266" value="cc"/> <!--and -->
<feat xlink:href="#rel_267" value="conj"/> <!--in -->
<feat xlink:href="#rel_268" value="det"/> <!--an -->
<feat xlink:href="#rel_269" value="amod"/> <!--interracial -->
<feat xlink:href="#rel_270" value="pobj"/> <!--marriage -->
<feat xlink:href="#rel_273" value="nsubj"/> <!--I -->
<feat xlink:href="#rel_274" value="cop"/> <!--am -->
<feat xlink:href="#rel_275" value="det"/> <!--the -->
<feat xlink:href="#rel_276" value="amod"/> <!--only -->
<feat xlink:href="#rel_278" value="nsubj"/> <!--who -->
<feat xlink:href="#rel_279" value="aux"/> <!--has -->
<feat xlink:href="#rel_280" value="rcmod"/> <!--studied -->
<feat xlink:href="#rel_281" value="preconj"/> <!--both -->
<feat xlink:href="#rel_282" value="dobj"/> <!--economics -->
<feat xlink:href="#rel_283" value="cc"/> <!--and -->
<feat xlink:href="#rel_284" value="conj"/> <!--law -->
<feat xlink:href="#rel_286" value="cc"/> <!--and -->
<feat xlink:href="#rel_287" value="det"/> <!--the -->
<feat xlink:href="#rel_288" value="amod"/> <!--only -->
<feat xlink:href="#rel_289" value="conj"/> <!--candidate -->
<feat xlink:href="#rel_290" value="prep"/> <!--with -->
<feat xlink:href="#rel_291" value="det"/> <!--a -->
<feat xlink:href="#rel_292" value="pobj"/> <!--background -->
<feat xlink:href="#rel_293" value="prep"/> <!--in -->
<feat xlink:href="#rel_294" value="nn"/> <!--technology -->
<feat xlink:href="#rel_295" value="pobj"/> <!--entrepreneurship -->
<feat xlink:href="#rel_297" value="prep"/> <!--Because -->
<feat xlink:href="#rel_298" value="pcomp"/> <!--of -->
<feat xlink:href="#rel_299" value="poss"/> <!--my -->
<feat xlink:href="#rel_300" value="pobj"/> <!--academic -->
<feat xlink:href="#rel_301" value="cc"/> <!--and -->
<feat xlink:href="#rel_302" value="amod"/> <!--professional -->
<feat xlink:href="#rel_303" value="conj"/> <!--background -->
<feat xlink:href="#rel_305" value="nsubj"/> <!--I -->
<feat xlink:href="#rel_307" value="det"/> <!--the -->
<feat xlink:href="#rel_308" value="dobj"/> <!--issues -->
<feat xlink:href="#rel_309" value="cc"/> <!--and -->
<feat xlink:href="#rel_310" value="conj"/> <!--challenges -->
<feat xlink:href="#rel_311" value="vmod"/> <!--facing -->
<feat xlink:href="#rel_312" value="dobj"/> <!--Virginia -->
<feat xlink:href="#rel_313" value="advmod"/> <!--much -->
<feat xlink:href="#rel_314" value="advmod"/> <!--better -->
<feat xlink:href="#rel_315" value="prep"/> <!--than -->
<feat xlink:href="#rel_316" value="det"/> <!--the -->
<feat xlink:href="#rel_317" value="amod"/> <!--other -->
<feat xlink:href="#rel_318" value="pobj"/> <!--candidates -->
<feat xlink:href="#rel_320" value="cc"/> <!--and -->
<feat xlink:href="#rel_321" value="nsubj"/> <!--I -->
<feat xlink:href="#rel_322" value="aux"/> <!--am -->
<feat xlink:href="#rel_323" value="conj"/> <!--offering -->
<feat xlink:href="#rel_324" value="amod"/> <!--real -->
<feat xlink:href="#rel_325" value="dobj"/> <!--solutions -->
<feat xlink:href="#rel_326" value="nsubjpass"/> <!--that -->
<feat xlink:href="#rel_327" value="aux"/> <!--can -->
<feat xlink:href="#rel_328" value="auxpass"/> <!--be -->
<feat xlink:href="#rel_329" value="rcmod"/> <!--appreciated -->
<feat xlink:href="#rel_330" value="prep"/> <!--across -->
<feat xlink:href="#rel_331" value="det"/> <!--the -->
<feat xlink:href="#rel_332" value="amod"/> <!--political -->
<feat xlink:href="#rel_333" value="pobj"/> <!--spectrum -->
<feat xlink:href="#rel_335" value="nsubj"/> <!--I -->
<feat xlink:href="#rel_336" value="cop"/> <!--am -->
<feat xlink:href="#rel_337" value="det"/> <!--the -->
<feat xlink:href="#rel_338" value="amod"/> <!--only -->
<feat xlink:href="#rel_340" value="nsubj"/> <!--who -->
<feat xlink:href="#rel_341" value="rcmod"/> <!--believes -->
<feat xlink:href="#rel_342" value="prep"/> <!--in -->
<feat xlink:href="#rel_343" value="preconj"/> <!--both -->
<feat xlink:href="#rel_344" value="amod"/> <!--economic -->
<feat xlink:href="#rel_345" value="pobj"/> <!--freedom -->
<feat xlink:href="#rel_346" value="cc"/> <!--and -->
<feat xlink:href="#rel_347" value="amod"/> <!--personal -->
<feat xlink:href="#rel_348" value="conj"/> <!--liberty -->
<feat xlink:href="#rel_349" value="cc"/> <!--and -->
<feat xlink:href="#rel_350" value="det"/> <!--the -->
<feat xlink:href="#rel_351" value="amod"/> <!--only -->
<feat xlink:href="#rel_352" value="conj"/> <!--candidate -->
<feat xlink:href="#rel_353" value="nsubj"/> <!--who -->
<feat xlink:href="#rel_354" value="rcmod"/> <!--stands -->
<feat xlink:href="#rel_355" value="prep"/> <!--on -->
<feat xlink:href="#rel_356" value="pobj"/> <!--principle -->
<feat xlink:href="#rel_357" value="prep"/> <!--against -->
<feat xlink:href="#rel_358" value="pobj"/> <!--cronyism -->
<feat xlink:href="#rel_359" value="cc"/> <!--and -->
<feat xlink:href="#rel_360" value="conj"/> <!--corporatism -->
<feat xlink:href="#rel_361" value="cc"/> <!--and -->
<feat xlink:href="#rel_362" value="conj"/> <!--in -->
<feat xlink:href="#rel_363" value="pobj"/> <!--favor -->
<feat xlink:href="#rel_364" value="prep"/> <!--of -->
<feat xlink:href="#rel_365" value="det"/> <!--the -->
<feat xlink:href="#rel_366" value="pobj"/> <!--rule -->
<feat xlink:href="#rel_367" value="prep"/> <!--of -->
<feat xlink:href="#rel_368" value="pobj"/> <!--law -->
<feat xlink:href="#rel_370" value="nsubj"/> <!--What -->
<feat xlink:href="#rel_371" value="cop"/> <!--are -->
<feat xlink:href="#rel_372" value="poss"/> <!--your -->
<feat xlink:href="#rel_374" value="prep"/> <!--on -->
<feat xlink:href="#rel_375" value="det"/> <!--the -->
<feat xlink:href="#rel_376" value="pobj"/> <!--job -->
<feat xlink:href="#rel_377" value="nn"/> <!--Bob -->
<feat xlink:href="#rel_378" value="nsubj"/> <!--McDonnell -->
<feat xlink:href="#rel_379" value="aux"/> <!--has -->
<feat xlink:href="#rel_380" value="rcmod"/> <!--done -->
<feat xlink:href="#rel_381" value="prep"/> <!--as -->
<feat xlink:href="#rel_382" value="pobj"/> <!--Governor -->
<feat xlink:href="#rel_383" value="prep"/> <!--of -->
<feat xlink:href="#rel_384" value="pobj"/> <!--Virginia -->
<feat xlink:href="#rel_386" value="nsubj"/> <!--What -->
<feat xlink:href="#rel_387" value="aux"/> <!--would -->
<feat xlink:href="#rel_388" value="nsubj"/> <!--you -->
<feat xlink:href="#rel_389" value="aux"/> <!--have -->
<feat xlink:href="#rel_390" value="parataxis"/> <!--done -->
<feat xlink:href="#rel_391" value="advmod"/> <!--differently -->
<feat xlink:href="#rel_392" value="prep"/> <!--than -->
<feat xlink:href="#rel_393" value="pobj"/> <!--him -->
<feat xlink:href="#rel_395" value="nsubj"/> <!--McDonnell -->
<feat xlink:href="#rel_397" value="advmod"/> <!--well -->
<feat xlink:href="#rel_398" value="advmod"/> <!--early -->
<feat xlink:href="#rel_399" value="prep"/> <!--in -->
<feat xlink:href="#rel_400" value="poss"/> <!--his -->
<feat xlink:href="#rel_401" value="pobj"/> <!--term -->
<feat xlink:href="#rel_402" value="xcomp"/> <!--pushing -->
<feat xlink:href="#rel_403" value="prt"/> <!--back -->
<feat xlink:href="#rel_404" value="prep"/> <!--against -->
<feat xlink:href="#rel_405" value="nn"/> <!--Senate -->
<feat xlink:href="#rel_406" value="pobj"/> <!--Democrats -->
<feat xlink:href="#rel_407" value="nsubj"/> <!--who -->
<feat xlink:href="#rel_408" value="rcmod"/> <!--wanted -->
<feat xlink:href="#rel_409" value="amod"/> <!--huge -->
<feat xlink:href="#rel_410" value="nn"/> <!--tax -->
<feat xlink:href="#rel_411" value="dobj"/> <!--increases -->
<feat xlink:href="#rel_412" value="prep"/> <!--in -->
<feat xlink:href="#rel_413" value="pobj"/> <!--response -->
<feat xlink:href="#rel_414" value="prep"/> <!--to -->
<feat xlink:href="#rel_415" value="amod"/> <!--major -->
<feat xlink:href="#rel_416" value="nn"/> <!--revenue -->
<feat xlink:href="#rel_417" value="pobj"/> <!--shortfalls -->
<feat xlink:href="#rel_418" value="prep"/> <!--during -->
<feat xlink:href="#rel_419" value="det"/> <!--the -->
<feat xlink:href="#rel_420" value="pobj"/> <!--recession -->
<feat xlink:href="#rel_422" value="det"/> <!--Those -->
<feat xlink:href="#rel_423" value="amod"/> <!--early -->
<feat xlink:href="#rel_424" value="nn"/> <!--budget -->
<feat xlink:href="#rel_425" value="nsubj"/> <!--efforts -->
<feat xlink:href="#rel_426" value="cop"/> <!--are -->
<feat xlink:href="#rel_427" value="poss"/> <!--his -->
<feat xlink:href="#rel_428" value="amod"/> <!--highest -->
<feat xlink:href="#rel_430" value="prep"/> <!--as -->
<feat xlink:href="#rel_431" value="pobj"/> <!--Governor -->
<feat xlink:href="#rel_433" value="advmod"/> <!--More -->
<feat xlink:href="#rel_434" value="advmod"/> <!--recently -->
<feat xlink:href="#rel_436" value="nsubj"/> <!--he -->
<feat xlink:href="#rel_438" value="prep"/> <!--in -->
<feat xlink:href="#rel_439" value="pcomp"/> <!--accepting -->
<feat xlink:href="#rel_440" value="det"/> <!--a -->
<feat xlink:href="#rel_441" value="nn"/> <!--transportation -->
<feat xlink:href="#rel_442" value="dobj"/> <!--bill -->
<feat xlink:href="#rel_443" value="nsubj"/> <!--that -->
<feat xlink:href="#rel_444" value="rcmod"/> <!--had -->
<feat xlink:href="#rel_445" value="amod"/> <!--huge -->
<feat xlink:href="#rel_446" value="dobj"/> <!--flaws -->
<feat xlink:href="#rel_447" value="cc"/> <!--and -->
<feat xlink:href="#rel_448" value="amod"/> <!--huge -->
<feat xlink:href="#rel_449" value="nn"/> <!--tax -->
<feat xlink:href="#rel_450" value="conj"/> <!--increases -->
<feat xlink:href="#rel_452" value="cc"/> <!--rather -->
<feat xlink:href="#rel_453" value="mwe"/> <!--than -->
<feat xlink:href="#rel_454" value="conj"/> <!--prioritizing -->
<feat xlink:href="#rel_455" value="vmod"/> <!--spending -->
<feat xlink:href="#rel_456" value="cc"/> <!--and -->
<feat xlink:href="#rel_457" value="conj"/> <!--seeking -->
<feat xlink:href="#rel_458" value="advmod"/> <!--more -->
<feat xlink:href="#rel_459" value="amod"/> <!--rational -->
<feat xlink:href="#rel_461" value="amod"/> <!--efficient -->
<feat xlink:href="#rel_463" value="amod"/> <!--decentralized -->
<feat xlink:href="#rel_464" value="nn"/> <!--transportation -->
<feat xlink:href="#rel_465" value="dobj"/> <!--decision-making -->
<feat xlink:href="#rel_467" value="nsubj"/> <!--He -->
<feat xlink:href="#rel_468" value="aux"/> <!--could -->
<feat xlink:href="#rel_469" value="aux"/> <!--have -->
<feat xlink:href="#rel_471" value="advmod"/> <!--much -->
<feat xlink:href="#rel_472" value="amod"/> <!--greater -->
<feat xlink:href="#rel_473" value="dobj"/> <!--leadership -->
<feat xlink:href="#rel_474" value="prep"/> <!--in -->
<feat xlink:href="#rel_475" value="pcomp"/> <!--pushing -->
<feat xlink:href="#rel_476" value="prep"/> <!--for -->
<feat xlink:href="#rel_477" value="nn"/> <!--tax -->
<feat xlink:href="#rel_478" value="pobj"/> <!--reform -->
<feat xlink:href="#rel_480" value="amod"/> <!--regulatory -->
<feat xlink:href="#rel_481" value="conj"/> <!--reform -->
<feat xlink:href="#rel_483" value="cc"/> <!--and -->
<feat xlink:href="#rel_484" value="nn"/> <!--school -->
<feat xlink:href="#rel_485" value="conj"/> <!--choice -->
<feat xlink:href="#rel_487" value="prep"/> <!--Of -->
<feat xlink:href="#rel_488" value="pobj"/> <!--course -->
<feat xlink:href="#rel_490" value="nsubj"/> <!--he -->
<feat xlink:href="#rel_492" value="amod"/> <!--ethical -->
<feat xlink:href="#rel_493" value="dobj"/> <!--lapses -->
<feat xlink:href="#rel_494" value="prep"/> <!--in -->
<feat xlink:href="#rel_495" value="pobj"/> <!--judgment -->
<feat xlink:href="#rel_497" value="prep"/> <!--Compared -->
<feat xlink:href="#rel_498" value="pcomp"/> <!--to -->
<feat xlink:href="#rel_499" value="amod"/> <!--previous -->
<feat xlink:href="#rel_500" value="amod"/> <!--third -->
<feat xlink:href="#rel_501" value="nn"/> <!--party -->
<feat xlink:href="#rel_502" value="pobj"/> <!--candidates -->
<feat xlink:href="#rel_503" value="prep"/> <!--at -->
<feat xlink:href="#rel_504" value="det"/> <!--the -->
<feat xlink:href="#rel_505" value="amod"/> <!--gubernatorial -->
<feat xlink:href="#rel_506" value="pobj"/> <!--level -->
<feat xlink:href="#rel_508" value="nsubj"/> <!--you -->
<feat xlink:href="#rel_509" value="aux"/> <!--have -->
<feat xlink:href="#rel_511" value="advmod"/> <!--exceptionally -->
<feat xlink:href="#rel_512" value="acomp"/> <!--well -->
<feat xlink:href="#rel_513" value="prep"/> <!--in -->
<feat xlink:href="#rel_514" value="nn"/> <!--opinion -->
<feat xlink:href="#rel_515" value="pobj"/> <!--polling -->
<feat xlink:href="#rel_517" value="pobj"/> <!--What -->
<feat xlink:href="#rel_518" value="aux"/> <!--do -->
<feat xlink:href="#rel_519" value="nsubj"/> <!--you -->
<feat xlink:href="#rel_521" value="det"/> <!--that -->
<feat xlink:href="#rel_522" value="dobj"/> <!--success -->
<feat xlink:href="#rel_523" value="prep"/> <!--to -->
<feat xlink:href="#rel_525" value="nsubj"/> <!--Voters -->
<feat xlink:href="#rel_527" value="det"/> <!--the -->
<feat xlink:href="#rel_528" value="amod"/> <!--two-party -->
<feat xlink:href="#rel_529" value="dobj"/> <!--system -->
<feat xlink:href="#rel_530" value="prep"/> <!--for -->
<feat xlink:href="#rel_531" value="det"/> <!--the -->
<feat xlink:href="#rel_532" value="pobj"/> <!--sham -->
<feat xlink:href="#rel_533" value="nsubj"/> <!--it -->
<feat xlink:href="#rel_534" value="aux"/> <!--has -->
<feat xlink:href="#rel_535" value="rcmod"/> <!--become -->
<feat xlink:href="#rel_537" value="nsubj"/> <!--They -->
<feat xlink:href="#rel_538" value="cop"/> <!--are -->
<feat xlink:href="#rel_540" value="prep"/> <!--of -->
<feat xlink:href="#rel_541" value="det"/> <!--the -->
<feat xlink:href="#rel_542" value="pobj"/> <!--partisanship -->
<feat xlink:href="#rel_543" value="cc"/> <!--and -->
<feat xlink:href="#rel_544" value="conj"/> <!--nonsense -->
<feat xlink:href="#rel_545" value="cc"/> <!--and -->
<feat xlink:href="#rel_546" value="det"/> <!--the -->
<feat xlink:href="#rel_547" value="amod"/> <!--total -->
<feat xlink:href="#rel_548" value="conj"/> <!--lack -->
<feat xlink:href="#rel_549" value="prep"/> <!--of -->
<feat xlink:href="#rel_550" value="pobj"/> <!--substance -->
<feat xlink:href="#rel_551" value="prep"/> <!--in -->
<feat xlink:href="#rel_552" value="amod"/> <!--modern -->
<feat xlink:href="#rel_553" value="pobj"/> <!--campaigns -->
<feat xlink:href="#rel_555" value="nsubj"/> <!--Voters -->
<feat xlink:href="#rel_557" value="det"/> <!--the -->
<feat xlink:href="#rel_558" value="num"/> <!--two -->
<feat xlink:href="#rel_559" value="amod"/> <!--major -->
<feat xlink:href="#rel_560" value="nn"/> <!--party -->
<feat xlink:href="#rel_561" value="dobj"/> <!--nominees -->
<feat xlink:href="#rel_562" value="prep"/> <!--as -->
<feat xlink:href="#rel_563" value="pcomp"/> <!--exemplifying -->
<feat xlink:href="#rel_564" value="nsubj"/> <!--what -->
<feat xlink:href="#rel_565" value="cop"/> <!--is -->
<feat xlink:href="#rel_566" value="ccomp"/> <!--worst -->
<feat xlink:href="#rel_567" value="prep"/> <!--about -->
<feat xlink:href="#rel_568" value="poss"/> <!--their -->
<feat xlink:href="#rel_569" value="amod"/> <!--respective -->
<feat xlink:href="#rel_570" value="pobj"/> <!--parties -->
<feat xlink:href="#rel_572" value="cc"/> <!--and -->
<feat xlink:href="#rel_573" value="nsubj"/> <!--they -->
<feat xlink:href="#rel_574" value="conj"/> <!--want -->
<feat xlink:href="#rel_575" value="nsubj"/> <!--something -->
<feat xlink:href="#rel_576" value="xcomp"/> <!--better -->
<feat xlink:href="#rel_578" value="nsubj"/> <!--Voters -->
<feat xlink:href="#rel_579" value="nsubj"/> <!--who -->
<feat xlink:href="#rel_580" value="rcmod"/> <!--meet -->
<feat xlink:href="#rel_581" value="dobj"/> <!--me -->
<feat xlink:href="#rel_582" value="cc"/> <!--and -->
<feat xlink:href="#rel_583" value="conj"/> <!--hear -->
<feat xlink:href="#rel_584" value="nsubj"/> <!--me -->
<feat xlink:href="#rel_585" value="ccomp"/> <!--speak -->
<feat xlink:href="#rel_587" value="mark"/> <!--that -->
<feat xlink:href="#rel_588" value="nsubj"/> <!--I -->
<feat xlink:href="#rel_589" value="cop"/> <!--am -->
<feat xlink:href="#rel_590" value="ccomp"/> <!--sincere -->
<feat xlink:href="#rel_592" value="conj"/> <!--know -->
<feat xlink:href="#rel_593" value="mark"/> <!--that -->
<feat xlink:href="#rel_594" value="nsubj"/> <!--I -->
<feat xlink:href="#rel_595" value="ccomp"/> <!--understand -->
<feat xlink:href="#rel_596" value="det"/> <!--the -->
<feat xlink:href="#rel_597" value="dobj"/> <!--issues -->
<feat xlink:href="#rel_598" value="advmod"/> <!--deeply -->
<feat xlink:href="#rel_599" value="cc"/> <!--and -->
<feat xlink:href="#rel_600" value="conj"/> <!--have -->
<feat xlink:href="#rel_601" value="amod"/> <!--workable -->
<feat xlink:href="#rel_602" value="dobj"/> <!--solutions -->
<feat xlink:href="#rel_604" value="cc"/> <!--and -->
<feat xlink:href="#rel_605" value="conj"/> <!--know -->
<feat xlink:href="#rel_606" value="mark"/> <!--that -->
<feat xlink:href="#rel_607" value="nsubj"/> <!--I -->
<feat xlink:href="#rel_608" value="ccomp"/> <!--stand -->
<feat xlink:href="#rel_609" value="prep"/> <!--on -->
<feat xlink:href="#rel_610" value="pobj"/> <!--principle -->
<feat xlink:href="#rel_611" value="prep"/> <!--against -->
<feat xlink:href="#rel_612" value="pobj"/> <!--cronyism -->
<feat xlink:href="#rel_613" value="cc"/> <!--and -->
<feat xlink:href="#rel_614" value="conj"/> <!--corporatism -->
<feat xlink:href="#rel_615" value="cc"/> <!--and -->
<feat xlink:href="#rel_616" value="conj"/> <!--in -->
<feat xlink:href="#rel_617" value="pobj"/> <!--favor -->
<feat xlink:href="#rel_618" value="prep"/> <!--of -->
<feat xlink:href="#rel_619" value="det"/> <!--the -->
<feat xlink:href="#rel_620" value="pobj"/> <!--rule -->
<feat xlink:href="#rel_621" value="prep"/> <!--of -->
<feat xlink:href="#rel_622" value="pobj"/> <!--law -->
<feat xlink:href="#rel_623" value="cc"/> <!--and -->
<feat xlink:href="#rel_624" value="det"/> <!--the -->
<feat xlink:href="#rel_625" value="nn"/> <!--public -->
<feat xlink:href="#rel_626" value="conj"/> <!--interest -->
<feat xlink:href="#rel_628" value="nsubj"/> <!--People -->
<feat xlink:href="#rel_630" value="det"/> <!--the -->
<feat xlink:href="#rel_631" value="dobj"/> <!--fact -->
<feat xlink:href="#rel_632" value="mark"/> <!--that -->
<feat xlink:href="#rel_633" value="nsubj"/> <!--I -->
<feat xlink:href="#rel_634" value="ccomp"/> <!--stand -->
<feat xlink:href="#rel_635" value="prep"/> <!--for -->
<feat xlink:href="#rel_636" value="det"/> <!--a -->
<feat xlink:href="#rel_637" value="pobj"/> <!--Virginia -->
<feat xlink:href="#rel_638" value="nsubj"/> <!--that -->
<feat xlink:href="#rel_639" value="cop"/> <!--is -->
<feat xlink:href="#rel_640" value="advmod"/> <!--both -->
<feat xlink:href="#rel_641" value="rcmod"/> <!--Open-minded -->
<feat xlink:href="#rel_642" value="cc"/> <!--and -->
<feat xlink:href="#rel_643" value="conj"/> <!--Open -->
<feat xlink:href="#rel_644" value="prep"/> <!--for -->
<feat xlink:href="#rel_645" value="pobj"/> <!--Business -->
<feat xlink:href="#rel_647" value="mark"/> <!--If -->
<feat xlink:href="#rel_648" value="advcl"/> <!--elected -->
<feat xlink:href="#rel_649" value="dobj"/> <!--governor -->
<feat xlink:href="#rel_651" value="advmod"/> <!--how -->
<feat xlink:href="#rel_652" value="aux"/> <!--will -->
<feat xlink:href="#rel_653" value="nsubj"/> <!--you -->
<feat xlink:href="#rel_654" value="cop"/> <!--be -->
<feat xlink:href="#rel_656" value="aux"/> <!--to -->
<feat xlink:href="#rel_657" value="xcomp"/> <!--implement -->
<feat xlink:href="#rel_658" value="poss"/> <!--your -->
<feat xlink:href="#rel_659" value="dobj"/> <!--agenda -->
<feat xlink:href="#rel_660" value="prep"/> <!--while -->
<feat xlink:href="#rel_661" value="pcomp"/> <!--dealing -->
<feat xlink:href="#rel_662" value="prep"/> <!--with -->
<feat xlink:href="#rel_663" value="det"/> <!--a -->
<feat xlink:href="#rel_664" value="amod"/> <!--hostile -->
<feat xlink:href="#rel_665" value="pobj"/> <!--legislature -->
<feat xlink:href="#rel_667" value="expl"/> <!--There -->
<feat xlink:href="#rel_669" value="nsubj"/> <!--precedents -->
<feat xlink:href="#rel_670" value="prep"/> <!--of -->
<feat xlink:href="#rel_671" value="amod"/> <!--independent -->
<feat xlink:href="#rel_672" value="pobj"/> <!--governors -->
<feat xlink:href="#rel_673" value="vmod"/> <!--dealing -->
<feat xlink:href="#rel_674" value="advmod"/> <!--effectively -->
<feat xlink:href="#rel_675" value="prep"/> <!--with -->
<feat xlink:href="#rel_676" value="det"/> <!--the -->
<feat xlink:href="#rel_677" value="pobj"/> <!--legislature -->
<feat xlink:href="#rel_679" value="cc"/> <!--and -->
<feat xlink:href="#rel_680" value="advmod"/> <!--indeed -->
<feat xlink:href="#rel_681" value="det"/> <!--a -->
<feat xlink:href="#rel_682" value="amod"/> <!--wise -->
<feat xlink:href="#rel_683" value="amod"/> <!--third-party -->
<feat xlink:href="#rel_684" value="nsubj"/> <!--governor -->
<feat xlink:href="#rel_685" value="aux"/> <!--can -->
<feat xlink:href="#rel_686" value="conj"/> <!--have -->
<feat xlink:href="#rel_687" value="amod"/> <!--greater -->
<feat xlink:href="#rel_688" value="dobj"/> <!--effectiveness -->
<feat xlink:href="#rel_689" value="prep"/> <!--than -->
<feat xlink:href="#rel_690" value="det"/> <!--a -->
<feat xlink:href="#rel_691" value="amod"/> <!--major -->
<feat xlink:href="#rel_692" value="nn"/> <!--party -->
<feat xlink:href="#rel_693" value="pobj"/> <!--governor -->
<feat xlink:href="#rel_695" value="nsubj"/> <!--Libertarians -->
<feat xlink:href="#rel_696" value="ccomp"/> <!--share -->
<feat xlink:href="#rel_697" value="amod"/> <!--many -->
<feat xlink:href="#rel_698" value="nn"/> <!--policy -->
<feat xlink:href="#rel_699" value="dobj"/> <!--positions -->
<feat xlink:href="#rel_700" value="prep"/> <!--with -->
<feat xlink:href="#rel_701" value="nsubj"/> <!--each -->
<feat xlink:href="#rel_702" value="prep"/> <!--of -->
<feat xlink:href="#rel_703" value="det"/> <!--the -->
<feat xlink:href="#rel_704" value="amod"/> <!--major -->
<feat xlink:href="#rel_705" value="dep"/> <!--parties -->
<feat xlink:href="#rel_707" value="pcomp"/> <!--Working -->
<feat xlink:href="#rel_708" value="advmod"/> <!--together -->
<feat xlink:href="#rel_709" value="prep"/> <!--with -->
<feat xlink:href="#rel_710" value="preconj"/> <!--both -->
<feat xlink:href="#rel_711" value="pobj"/> <!--Republicans -->
<feat xlink:href="#rel_712" value="cc"/> <!--and -->
<feat xlink:href="#rel_713" value="conj"/> <!--Democrats -->
<feat xlink:href="#rel_715" value="nsubj"/> <!--we -->
<feat xlink:href="#rel_716" value="aux"/> <!--can -->
<feat xlink:href="#rel_717" value="parataxis"/> <!--get -->
<feat xlink:href="#rel_718" value="det"/> <!--the -->
<feat xlink:href="#rel_719" value="amod"/> <!--good -->
<feat xlink:href="#rel_720" value="dobj"/> <!--aspects -->
<feat xlink:href="#rel_721" value="prep"/> <!--of -->
<feat xlink:href="#rel_722" value="det"/> <!--each -->
<feat xlink:href="#rel_723" value="pobj"/> <!--party -->
<feat xlink:href="#rel_724" value="prep"/> <!--while -->
<feat xlink:href="#rel_725" value="pcomp"/> <!--rejecting -->
<feat xlink:href="#rel_726" value="det"/> <!--the -->
<feat xlink:href="#rel_727" value="amod"/> <!--bad -->
<feat xlink:href="#rel_728" value="dobj"/> <!--parts -->
<feat xlink:href="#rel_729" value="prep"/> <!--of -->
<feat xlink:href="#rel_730" value="pobj"/> <!--both -->
<feat xlink:href="#rel_732" value="advmod"/> <!--Moreover -->
<feat xlink:href="#rel_734" value="csubj"/> <!--electing -->
<feat xlink:href="#rel_735" value="det"/> <!--a -->
<feat xlink:href="#rel_736" value="amod"/> <!--third-party -->
<feat xlink:href="#rel_737" value="dobj"/> <!--governor -->
<feat xlink:href="#rel_739" value="det"/> <!--a -->
<feat xlink:href="#rel_740" value="dobj"/> <!--repudiation -->
<feat xlink:href="#rel_741" value="prep"/> <!--of -->
<feat xlink:href="#rel_742" value="pobj"/> <!--politics -->
<feat xlink:href="#rel_743" value="prep"/> <!--as -->
<feat xlink:href="#rel_744" value="pobj"/> <!--usual -->
<feat xlink:href="#rel_746" value="cc"/> <!--and -->
<feat xlink:href="#rel_747" value="det"/> <!--the -->
<feat xlink:href="#rel_748" value="amod"/> <!--major -->
<feat xlink:href="#rel_749" value="nn"/> <!--party -->
<feat xlink:href="#rel_750" value="nsubj"/> <!--legislators -->
<feat xlink:href="#rel_751" value="aux"/> <!--will -->
<feat xlink:href="#rel_752" value="conj"/> <!--face -->
<feat xlink:href="#rel_753" value="amod"/> <!--changed -->
<feat xlink:href="#rel_754" value="dobj"/> <!--constraints -->
<feat xlink:href="#rel_755" value="cc"/> <!--and -->
<feat xlink:href="#rel_756" value="conj"/> <!--incentives -->
<feat xlink:href="#rel_758" value="vmod"/> <!--meaning -->
<feat xlink:href="#rel_759" value="mark"/> <!--that -->
<feat xlink:href="#rel_760" value="advmod"/> <!--much -->
<feat xlink:href="#rel_761" value="nsubj"/> <!--more -->
<feat xlink:href="#rel_762" value="cop"/> <!--is -->
<feat xlink:href="#rel_763" value="ccomp"/> <!--possible -->
<feat xlink:href="#rel_764" value="mark"/> <!--than -->
<feat xlink:href="#rel_765" value="amod"/> <!--many -->
<feat xlink:href="#rel_766" value="nsubj"/> <!--people -->
<feat xlink:href="#rel_767" value="advcl"/> <!--assume -->
<feat xlink:href="#rel_769" value="advmod"/> <!--especially -->
<feat xlink:href="#rel_770" value="prep"/> <!--with -->
<feat xlink:href="#rel_771" value="amod"/> <!--strong -->
<feat xlink:href="#rel_772" value="pobj"/> <!--leadership -->
<feat xlink:href="#rel_774" value="dobj"/> <!--Which -->
<feat xlink:href="#rel_775" value="amod"/> <!--previous -->
<feat xlink:href="#rel_776" value="nn"/> <!--Virginia -->
<feat xlink:href="#rel_777" value="nsubj"/> <!--Governor(s) -->
<feat xlink:href="#rel_779" value="nsubj"/> <!--you -->
<feat xlink:href="#rel_780" value="advmod"/> <!--most -->
<feat xlink:href="#rel_781" value="xcomp"/> <!--admire -->
<feat xlink:href="#rel_782" value="cc"/> <!--and -->
<feat xlink:href="#rel_783" value="conj"/> <!--why -->
<feat xlink:href="#rel_785" value="nn"/> <!--Thomas -->
<feat xlink:href="#rel_788" value="nsubjpass"/> <!--He -->
<feat xlink:href="#rel_789" value="auxpass"/> <!--was -->
<feat xlink:href="#rel_790" value="advmod"/> <!--incredibly -->
<feat xlink:href="#rel_792" value="cc"/> <!--and -->
<feat xlink:href="#rel_793" value="cop"/> <!--was -->
<feat xlink:href="#rel_794" value="det"/> <!--a -->
<feat xlink:href="#rel_795" value="amod"/> <!--strong -->
<feat xlink:href="#rel_796" value="conj"/> <!--advocate -->
<feat xlink:href="#rel_797" value="prep"/> <!--for -->
<feat xlink:href="#rel_798" value="pobj"/> <!--freedom -->
<feat xlink:href="#rel_799" value="cc"/> <!--and -->
<feat xlink:href="#rel_800" value="det"/> <!--the -->
<feat xlink:href="#rel_801" value="conj"/> <!--rule -->
<feat xlink:href="#rel_802" value="prep"/> <!--of -->
<feat xlink:href="#rel_803" value="pobj"/> <!--law -->
<feat xlink:href="#rel_805" value="nsubj"/> <!--He -->
<feat xlink:href="#rel_806" value="aux"/> <!--would -->
<feat xlink:href="#rel_807" value="cop"/> <!--be -->
<feat xlink:href="#rel_808" value="det"/> <!--a -->
<feat xlink:href="#rel_809" value="amod"/> <!--Libertarian -->
<feat xlink:href="#rel_810" value="parataxis"/> <!--today -->
<feat xlink:href="#rel_812" value="nn"/> <!--Robert -->
<feat xlink:href="#rel_817" value="parataxis"/> <!--Sarvis -->
<feat xlink:href="#rel_818" value="prep"/> <!--for -->
<feat xlink:href="#rel_819" value="pobj"/> <!--Governor -->
<feat xlink:href="#rel_823" value="vmod"/> <!--highlighted -->
<feat xlink:href="#rel_824" value="prep"/> <!--in -->
<feat xlink:href="#rel_825" value="pobj"/> <!--red -->
<feat xlink:href="#rel_829" value="parataxis"/> <!--Huebi -->
</featList>
</paula>
