<?xml version="1.0" encoding="UTF-8" standalone="no"?>
<!DOCTYPE paula SYSTEM "paula_feat.dtd">

<paula version="1.0">
<header paula_id="GUM.GUM_interview_libertarian.annoFeat"/> <featList type="annoFeat" xml:base="GUM.GUM_interview_libertarian.anno.xml" xmlns:xlink="http://www.w3.org/1999/xlink">
  <feat xlink:href="#rel_1" value="text" />
  <feat xlink:href="#rel_2" value="tok" />
  <feat xlink:href="#rel_3" value="headSeg_head" />
  <feat xlink:href="#rel_4" value="headSeg" />
  <feat xlink:href="#rel_5" value="sSeg_s" />
  <feat xlink:href="#rel_6" value="sSeg" />
  <feat xlink:href="#rel_7" value="pos" />
  <feat xlink:href="#rel_8" value="lemma" />
  <feat xlink:href="#rel_9" value="dateSeg_date" />
  <feat xlink:href="#rel_10" value="dateSeg" />
  <feat xlink:href="#rel_11" value="date_when" />
  <feat xlink:href="#rel_12" value="date_rend" />
  <feat xlink:href="#rel_13" value="figureSeg_figure" />
  <feat xlink:href="#rel_14" value="figureSeg" />
  <feat xlink:href="#rel_15" value="captionSeg_caption" />
  <feat xlink:href="#rel_16" value="captionSeg" />
  <feat xlink:href="#rel_17" value="sp_whoSeg_sp_who" />
  <feat xlink:href="#rel_18" value="sp_whoSeg" />
  <feat xlink:href="#rel_19" value="pSeg_p" />
  <feat xlink:href="#rel_20" value="pSeg" />
  <feat xlink:href="#rel_21" value="hi_rendSeg_hi_rend" />
  <feat xlink:href="#rel_22" value="hi_rendSeg" />
  <feat xlink:href="#rel_23" value="refSeg_ref" />
  <feat xlink:href="#rel_24" value="refSeg" />
  <feat xlink:href="#rel_25" value="dep" />
  <feat xlink:href="#rel_26" value="func" />
  <feat xlink:href="#rel_27" value="claws5" />
  <feat xlink:href="#rel_28" value="const.Const_cat[tok]" />
  <feat xlink:href="#rel_29" value="const.Const" />
  <feat xlink:href="#rel_30" value="catConst_func" />
 </featList>
</paula>