<?xml version="1.0" standalone="no"?>

<!DOCTYPE paula SYSTEM "paula_mark.dtd">
<paula version="1.0">

<header paula_id="GUM.GUM_interview_libertarian_tok"/>

<markList xmlns:xlink="http://www.w3.org/1999/xlink" type="tok" xml:base="GUM.GUM_interview_libertarian.text.xml">
<mark id="tok_1" xlink:href="#xpointer(string-range(//body,'',1,8))"/><!-- Wikinews -->
<mark id="tok_2" xlink:href="#xpointer(string-range(//body,'',10,10))"/><!-- interviews -->
<mark id="tok_3" xlink:href="#xpointer(string-range(//body,'',21,6))"/><!-- Robert -->
<mark id="tok_4" xlink:href="#xpointer(string-range(//body,'',28,6))"/><!-- Sarvis -->
<mark id="tok_5" xlink:href="#xpointer(string-range(//body,'',35,1))"/><!-- , -->
<mark id="tok_6" xlink:href="#xpointer(string-range(//body,'',37,11))"/><!-- Libertarian -->
<mark id="tok_7" xlink:href="#xpointer(string-range(//body,'',49,5))"/><!-- Party -->
<mark id="tok_8" xlink:href="#xpointer(string-range(//body,'',55,7))"/><!-- nominee -->
<mark id="tok_9" xlink:href="#xpointer(string-range(//body,'',63,3))"/><!-- for -->
<mark id="tok_10" xlink:href="#xpointer(string-range(//body,'',67,8))"/><!-- Governor -->
<mark id="tok_11" xlink:href="#xpointer(string-range(//body,'',76,2))"/><!-- of -->
<mark id="tok_12" xlink:href="#xpointer(string-range(//body,'',79,8))"/><!-- Virginia -->
<mark id="tok_13" xlink:href="#xpointer(string-range(//body,'',88,8))"/><!-- Saturday -->
<mark id="tok_14" xlink:href="#xpointer(string-range(//body,'',97,1))"/><!-- , -->
<mark id="tok_15" xlink:href="#xpointer(string-range(//body,'',99,7))"/><!-- October -->
<mark id="tok_16" xlink:href="#xpointer(string-range(//body,'',107,2))"/><!-- 19 -->
<mark id="tok_17" xlink:href="#xpointer(string-range(//body,'',110,1))"/><!-- , -->
<mark id="tok_18" xlink:href="#xpointer(string-range(//body,'',112,4))"/><!-- 2013 -->
<mark id="tok_19" xlink:href="#xpointer(string-range(//body,'',117,8))"/><!-- Attorney -->
<mark id="tok_20" xlink:href="#xpointer(string-range(//body,'',126,6))"/><!-- Robert -->
<mark id="tok_21" xlink:href="#xpointer(string-range(//body,'',133,6))"/><!-- Sarvis -->
<mark id="tok_22" xlink:href="#xpointer(string-range(//body,'',140,1))"/><!-- , -->
<mark id="tok_23" xlink:href="#xpointer(string-range(//body,'',142,3))"/><!-- the -->
<mark id="tok_24" xlink:href="#xpointer(string-range(//body,'',146,11))"/><!-- Libertarian -->
<mark id="tok_25" xlink:href="#xpointer(string-range(//body,'',158,5))"/><!-- Party -->
<mark id="tok_26" xlink:href="#xpointer(string-range(//body,'',164,2))"/><!-- &apos;s -->
<mark id="tok_27" xlink:href="#xpointer(string-range(//body,'',167,7))"/><!-- nominee -->
<mark id="tok_28" xlink:href="#xpointer(string-range(//body,'',175,3))"/><!-- for -->
<mark id="tok_29" xlink:href="#xpointer(string-range(//body,'',179,8))"/><!-- Governor -->
<mark id="tok_30" xlink:href="#xpointer(string-range(//body,'',188,2))"/><!-- of -->
<mark id="tok_31" xlink:href="#xpointer(string-range(//body,'',191,8))"/><!-- Virginia -->
<mark id="tok_32" xlink:href="#xpointer(string-range(//body,'',200,1))"/><!-- , -->
<mark id="tok_33" xlink:href="#xpointer(string-range(//body,'',202,8))"/><!-- answered -->
<mark id="tok_34" xlink:href="#xpointer(string-range(//body,'',211,4))"/><!-- five -->
<mark id="tok_35" xlink:href="#xpointer(string-range(//body,'',216,9))"/><!-- questions -->
<mark id="tok_36" xlink:href="#xpointer(string-range(//body,'',226,9))"/><!-- submitted -->
<mark id="tok_37" xlink:href="#xpointer(string-range(//body,'',236,3))"/><!-- via -->
<mark id="tok_38" xlink:href="#xpointer(string-range(//body,'',240,6))"/><!-- e-mail -->
<mark id="tok_39" xlink:href="#xpointer(string-range(//body,'',247,2))"/><!-- by -->
<mark id="tok_40" xlink:href="#xpointer(string-range(//body,'',250,10))"/><!-- accredited -->
<mark id="tok_41" xlink:href="#xpointer(string-range(//body,'',261,8))"/><!-- Wikinews -->
<mark id="tok_42" xlink:href="#xpointer(string-range(//body,'',270,8))"/><!-- reporter -->
<mark id="tok_43" xlink:href="#xpointer(string-range(//body,'',279,7))"/><!-- William -->
<mark id="tok_44" xlink:href="#xpointer(string-range(//body,'',287,6))"/><!-- Saturn -->
<mark id="tok_45" xlink:href="#xpointer(string-range(//body,'',294,1))"/><!-- . -->
<mark id="tok_46" xlink:href="#xpointer(string-range(//body,'',296,6))"/><!-- Sarvis -->
<mark id="tok_47" xlink:href="#xpointer(string-range(//body,'',303,3))"/><!-- has -->
<mark id="tok_48" xlink:href="#xpointer(string-range(//body,'',307,8))"/><!-- garnered -->
<mark id="tok_49" xlink:href="#xpointer(string-range(//body,'',316,6))"/><!-- double -->
<mark id="tok_50" xlink:href="#xpointer(string-range(//body,'',323,6))"/><!-- digits -->
<mark id="tok_51" xlink:href="#xpointer(string-range(//body,'',330,2))"/><!-- in -->
<mark id="tok_52" xlink:href="#xpointer(string-range(//body,'',333,7))"/><!-- opinion -->
<mark id="tok_53" xlink:href="#xpointer(string-range(//body,'',341,5))"/><!-- polls -->
<mark id="tok_54" xlink:href="#xpointer(string-range(//body,'',347,3))"/><!-- for -->
<mark id="tok_55" xlink:href="#xpointer(string-range(//body,'',351,3))"/><!-- the -->
<mark id="tok_56" xlink:href="#xpointer(string-range(//body,'',355,4))"/><!-- 2013 -->
<mark id="tok_57" xlink:href="#xpointer(string-range(//body,'',360,8))"/><!-- Virginia -->
<mark id="tok_58" xlink:href="#xpointer(string-range(//body,'',369,13))"/><!-- gubernatorial -->
<mark id="tok_59" xlink:href="#xpointer(string-range(//body,'',383,8))"/><!-- election -->
<mark id="tok_60" xlink:href="#xpointer(string-range(//body,'',392,1))"/><!-- , -->
<mark id="tok_61" xlink:href="#xpointer(string-range(//body,'',394,2))"/><!-- an -->
<mark id="tok_62" xlink:href="#xpointer(string-range(//body,'',397,7))"/><!-- unusual -->
<mark id="tok_63" xlink:href="#xpointer(string-range(//body,'',405,4))"/><!-- feat -->
<mark id="tok_64" xlink:href="#xpointer(string-range(//body,'',410,3))"/><!-- for -->
<mark id="tok_65" xlink:href="#xpointer(string-range(//body,'',414,1))"/><!-- a -->
<mark id="tok_66" xlink:href="#xpointer(string-range(//body,'',416,5))"/><!-- third -->
<mark id="tok_67" xlink:href="#xpointer(string-range(//body,'',422,5))"/><!-- party -->
<mark id="tok_68" xlink:href="#xpointer(string-range(//body,'',428,9))"/><!-- candidate -->
<mark id="tok_69" xlink:href="#xpointer(string-range(//body,'',438,1))"/><!-- . -->
<mark id="tok_70" xlink:href="#xpointer(string-range(//body,'',440,3))"/><!-- The -->
<mark id="tok_71" xlink:href="#xpointer(string-range(//body,'',444,6))"/><!-- latest -->
<mark id="tok_72" xlink:href="#xpointer(string-range(//body,'',451,7))"/><!-- Newsmax -->
<mark id="tok_73" xlink:href="#xpointer(string-range(//body,'',459,1))"/><!-- / -->
<mark id="tok_74" xlink:href="#xpointer(string-range(//body,'',461,5))"/><!-- Zogby -->
<mark id="tok_75" xlink:href="#xpointer(string-range(//body,'',467,4))"/><!-- poll -->
<mark id="tok_76" xlink:href="#xpointer(string-range(//body,'',472,4))"/><!-- from -->
<mark id="tok_77" xlink:href="#xpointer(string-range(//body,'',477,4))"/><!-- late -->
<mark id="tok_78" xlink:href="#xpointer(string-range(//body,'',482,9))"/><!-- September -->
<mark id="tok_79" xlink:href="#xpointer(string-range(//body,'',492,6))"/><!-- placed -->
<mark id="tok_80" xlink:href="#xpointer(string-range(//body,'',499,3))"/><!-- him -->
<mark id="tok_81" xlink:href="#xpointer(string-range(//body,'',503,2))"/><!-- at -->
<mark id="tok_82" xlink:href="#xpointer(string-range(//body,'',506,2))"/><!-- 13 -->
<mark id="tok_83" xlink:href="#xpointer(string-range(//body,'',509,7))"/><!-- percent -->
<mark id="tok_84" xlink:href="#xpointer(string-range(//body,'',517,1))"/><!-- , -->
<mark id="tok_85" xlink:href="#xpointer(string-range(//body,'',519,2))"/><!-- 14 -->
<mark id="tok_86" xlink:href="#xpointer(string-range(//body,'',522,6))"/><!-- points -->
<mark id="tok_87" xlink:href="#xpointer(string-range(//body,'',529,6))"/><!-- behind -->
<mark id="tok_88" xlink:href="#xpointer(string-range(//body,'',536,10))"/><!-- Republican -->
<mark id="tok_89" xlink:href="#xpointer(string-range(//body,'',547,5))"/><!-- Party -->
<mark id="tok_90" xlink:href="#xpointer(string-range(//body,'',553,7))"/><!-- nominee -->
<mark id="tok_91" xlink:href="#xpointer(string-range(//body,'',561,3))"/><!-- Ken -->
<mark id="tok_92" xlink:href="#xpointer(string-range(//body,'',565,10))"/><!-- Cuccinelli -->
<mark id="tok_93" xlink:href="#xpointer(string-range(//body,'',576,1))"/><!-- , -->
<mark id="tok_94" xlink:href="#xpointer(string-range(//body,'',578,8))"/><!-- Virginia -->
<mark id="tok_95" xlink:href="#xpointer(string-range(//body,'',587,2))"/><!-- &apos;s -->
<mark id="tok_96" xlink:href="#xpointer(string-range(//body,'',590,8))"/><!-- Attorney -->
<mark id="tok_97" xlink:href="#xpointer(string-range(//body,'',599,7))"/><!-- General -->
<mark id="tok_98" xlink:href="#xpointer(string-range(//body,'',607,1))"/><!-- , -->
<mark id="tok_99" xlink:href="#xpointer(string-range(//body,'',609,3))"/><!-- and -->
<mark id="tok_100" xlink:href="#xpointer(string-range(//body,'',613,2))"/><!-- 19 -->
<mark id="tok_101" xlink:href="#xpointer(string-range(//body,'',616,6))"/><!-- points -->
<mark id="tok_102" xlink:href="#xpointer(string-range(//body,'',623,6))"/><!-- behind -->
<mark id="tok_103" xlink:href="#xpointer(string-range(//body,'',630,10))"/><!-- Democratic -->
<mark id="tok_104" xlink:href="#xpointer(string-range(//body,'',641,5))"/><!-- Party -->
<mark id="tok_105" xlink:href="#xpointer(string-range(//body,'',647,7))"/><!-- nominee -->
<mark id="tok_106" xlink:href="#xpointer(string-range(//body,'',655,5))"/><!-- Terry -->
<mark id="tok_107" xlink:href="#xpointer(string-range(//body,'',661,9))"/><!-- McAuliffe -->
<mark id="tok_108" xlink:href="#xpointer(string-range(//body,'',671,1))"/><!-- , -->
<mark id="tok_109" xlink:href="#xpointer(string-range(//body,'',673,3))"/><!-- the -->
<mark id="tok_110" xlink:href="#xpointer(string-range(//body,'',677,6))"/><!-- former -->
<mark id="tok_111" xlink:href="#xpointer(string-range(//body,'',684,10))"/><!-- Democratic -->
<mark id="tok_112" xlink:href="#xpointer(string-range(//body,'',695,8))"/><!-- National -->
<mark id="tok_113" xlink:href="#xpointer(string-range(//body,'',704,9))"/><!-- Committee -->
<mark id="tok_114" xlink:href="#xpointer(string-range(//body,'',714,8))"/><!-- chairman -->
<mark id="tok_115" xlink:href="#xpointer(string-range(//body,'',723,1))"/><!-- , -->
<mark id="tok_116" xlink:href="#xpointer(string-range(//body,'',725,4))"/><!-- with -->
<mark id="tok_117" xlink:href="#xpointer(string-range(//body,'',730,2))"/><!-- 24 -->
<mark id="tok_118" xlink:href="#xpointer(string-range(//body,'',733,7))"/><!-- percent -->
<mark id="tok_119" xlink:href="#xpointer(string-range(//body,'',741,9))"/><!-- undecided -->
<mark id="tok_120" xlink:href="#xpointer(string-range(//body,'',751,1))"/><!-- . -->
<mark id="tok_121" xlink:href="#xpointer(string-range(//body,'',753,7))"/><!-- Whoever -->
<mark id="tok_122" xlink:href="#xpointer(string-range(//body,'',761,4))"/><!-- wins -->
<mark id="tok_123" xlink:href="#xpointer(string-range(//body,'',766,8))"/><!-- election -->
<mark id="tok_124" xlink:href="#xpointer(string-range(//body,'',775,2))"/><!-- on -->
<mark id="tok_125" xlink:href="#xpointer(string-range(//body,'',778,8))"/><!-- November -->
<mark id="tok_126" xlink:href="#xpointer(string-range(//body,'',787,1))"/><!-- 5 -->
<mark id="tok_127" xlink:href="#xpointer(string-range(//body,'',789,1))"/><!-- , -->
<mark id="tok_128" xlink:href="#xpointer(string-range(//body,'',791,4))"/><!-- 2013 -->
<mark id="tok_129" xlink:href="#xpointer(string-range(//body,'',796,1))"/><!-- , -->
<mark id="tok_130" xlink:href="#xpointer(string-range(//body,'',798,5))"/><!-- would -->
<mark id="tok_131" xlink:href="#xpointer(string-range(//body,'',804,7))"/><!-- replace -->
<mark id="tok_132" xlink:href="#xpointer(string-range(//body,'',812,8))"/><!-- outgoing -->
<mark id="tok_133" xlink:href="#xpointer(string-range(//body,'',821,8))"/><!-- governor -->
<mark id="tok_134" xlink:href="#xpointer(string-range(//body,'',830,3))"/><!-- Bob -->
<mark id="tok_135" xlink:href="#xpointer(string-range(//body,'',834,9))"/><!-- McDonnell -->
<mark id="tok_136" xlink:href="#xpointer(string-range(//body,'',844,1))"/><!-- . -->
<mark id="tok_137" xlink:href="#xpointer(string-range(//body,'',846,2))"/><!-- On -->
<mark id="tok_138" xlink:href="#xpointer(string-range(//body,'',849,3))"/><!-- his -->
<mark id="tok_139" xlink:href="#xpointer(string-range(//body,'',853,8))"/><!-- campaign -->
<mark id="tok_140" xlink:href="#xpointer(string-range(//body,'',862,7))"/><!-- website -->
<mark id="tok_141" xlink:href="#xpointer(string-range(//body,'',870,1))"/><!-- , -->
<mark id="tok_142" xlink:href="#xpointer(string-range(//body,'',872,6))"/><!-- Sarvis -->
<mark id="tok_143" xlink:href="#xpointer(string-range(//body,'',879,5))"/><!-- notes -->
<mark id="tok_144" xlink:href="#xpointer(string-range(//body,'',885,2))"/><!-- he -->
<mark id="tok_145" xlink:href="#xpointer(string-range(//body,'',888,6))"/><!-- favors -->
<mark id="tok_146" xlink:href="#xpointer(string-range(//body,'',895,8))"/><!-- parental -->
<mark id="tok_147" xlink:href="#xpointer(string-range(//body,'',904,6))"/><!-- school -->
<mark id="tok_148" xlink:href="#xpointer(string-range(//body,'',911,6))"/><!-- choice -->
<mark id="tok_149" xlink:href="#xpointer(string-range(//body,'',918,7))"/><!-- through -->
<mark id="tok_150" xlink:href="#xpointer(string-range(//body,'',926,7))"/><!-- student -->
<mark id="tok_151" xlink:href="#xpointer(string-range(//body,'',934,8))"/><!-- vouchers -->
<mark id="tok_152" xlink:href="#xpointer(string-range(//body,'',943,1))"/><!-- , -->
<mark id="tok_153" xlink:href="#xpointer(string-range(//body,'',945,14))"/><!-- simplification -->
<mark id="tok_154" xlink:href="#xpointer(string-range(//body,'',960,2))"/><!-- of -->
<mark id="tok_155" xlink:href="#xpointer(string-range(//body,'',963,8))"/><!-- Virginia -->
<mark id="tok_156" xlink:href="#xpointer(string-range(//body,'',972,2))"/><!-- &apos;s -->
<mark id="tok_157" xlink:href="#xpointer(string-range(//body,'',975,3))"/><!-- Tax -->
<mark id="tok_158" xlink:href="#xpointer(string-range(//body,'',979,4))"/><!-- Code -->
<mark id="tok_159" xlink:href="#xpointer(string-range(//body,'',984,1))"/><!-- , -->
<mark id="tok_160" xlink:href="#xpointer(string-range(//body,'',986,2))"/><!-- US -->
<mark id="tok_161" xlink:href="#xpointer(string-range(//body,'',989,6))"/><!-- Second -->
<mark id="tok_162" xlink:href="#xpointer(string-range(//body,'',996,9))"/><!-- Amendment -->
<mark id="tok_163" xlink:href="#xpointer(string-range(//body,'',1006,1))"/><!-- - -->
<mark id="tok_164" xlink:href="#xpointer(string-range(//body,'',1008,3))"/><!-- gun -->
<mark id="tok_165" xlink:href="#xpointer(string-range(//body,'',1012,1))"/><!-- - -->
<mark id="tok_166" xlink:href="#xpointer(string-range(//body,'',1014,6))"/><!-- rights -->
<mark id="tok_167" xlink:href="#xpointer(string-range(//body,'',1021,1))"/><!-- , -->
<mark id="tok_168" xlink:href="#xpointer(string-range(//body,'',1023,8))"/><!-- same-sex -->
<mark id="tok_169" xlink:href="#xpointer(string-range(//body,'',1032,8))"/><!-- marriage -->
<mark id="tok_170" xlink:href="#xpointer(string-range(//body,'',1041,1))"/><!-- , -->
<mark id="tok_171" xlink:href="#xpointer(string-range(//body,'',1043,3))"/><!-- and -->
<mark id="tok_172" xlink:href="#xpointer(string-range(//body,'',1047,6))"/><!-- reform -->
<mark id="tok_173" xlink:href="#xpointer(string-range(//body,'',1054,2))"/><!-- of -->
<mark id="tok_174" xlink:href="#xpointer(string-range(//body,'',1057,3))"/><!-- the -->
<mark id="tok_175" xlink:href="#xpointer(string-range(//body,'',1061,5))"/><!-- state -->
<mark id="tok_176" xlink:href="#xpointer(string-range(//body,'',1067,2))"/><!-- &apos;s -->
<mark id="tok_177" xlink:href="#xpointer(string-range(//body,'',1070,4))"/><!-- drug -->
<mark id="tok_178" xlink:href="#xpointer(string-range(//body,'',1075,4))"/><!-- laws -->
<mark id="tok_179" xlink:href="#xpointer(string-range(//body,'',1080,1))"/><!-- . -->
<mark id="tok_180" xlink:href="#xpointer(string-range(//body,'',1082,4))"/><!-- With -->
<mark id="tok_181" xlink:href="#xpointer(string-range(//body,'',1087,8))"/><!-- Wikinews -->
<mark id="tok_182" xlink:href="#xpointer(string-range(//body,'',1096,1))"/><!-- , -->
<mark id="tok_183" xlink:href="#xpointer(string-range(//body,'',1098,6))"/><!-- Sarvis -->
<mark id="tok_184" xlink:href="#xpointer(string-range(//body,'',1105,9))"/><!-- discusses -->
<mark id="tok_185" xlink:href="#xpointer(string-range(//body,'',1115,3))"/><!-- his -->
<mark id="tok_186" xlink:href="#xpointer(string-range(//body,'',1119,10))"/><!-- background -->
<mark id="tok_187" xlink:href="#xpointer(string-range(//body,'',1130,1))"/><!-- , -->
<mark id="tok_188" xlink:href="#xpointer(string-range(//body,'',1132,5))"/><!-- views -->
<mark id="tok_189" xlink:href="#xpointer(string-range(//body,'',1138,2))"/><!-- on -->
<mark id="tok_190" xlink:href="#xpointer(string-range(//body,'',1141,9))"/><!-- McDonnell -->
<mark id="tok_191" xlink:href="#xpointer(string-range(//body,'',1151,2))"/><!-- &apos;s -->
<mark id="tok_192" xlink:href="#xpointer(string-range(//body,'',1154,6))"/><!-- tenure -->
<mark id="tok_193" xlink:href="#xpointer(string-range(//body,'',1161,1))"/><!-- , -->
<mark id="tok_194" xlink:href="#xpointer(string-range(//body,'',1163,4))"/><!-- keys -->
<mark id="tok_195" xlink:href="#xpointer(string-range(//body,'',1168,2))"/><!-- to -->
<mark id="tok_196" xlink:href="#xpointer(string-range(//body,'',1171,8))"/><!-- campaign -->
<mark id="tok_197" xlink:href="#xpointer(string-range(//body,'',1180,7))"/><!-- success -->
<mark id="tok_198" xlink:href="#xpointer(string-range(//body,'',1188,1))"/><!-- , -->
<mark id="tok_199" xlink:href="#xpointer(string-range(//body,'',1190,4))"/><!-- plan -->
<mark id="tok_200" xlink:href="#xpointer(string-range(//body,'',1195,2))"/><!-- to -->
<mark id="tok_201" xlink:href="#xpointer(string-range(//body,'',1198,9))"/><!-- implement -->
<mark id="tok_202" xlink:href="#xpointer(string-range(//body,'',1208,3))"/><!-- his -->
<mark id="tok_203" xlink:href="#xpointer(string-range(//body,'',1212,6))"/><!-- agenda -->
<mark id="tok_204" xlink:href="#xpointer(string-range(//body,'',1219,1))"/><!-- , -->
<mark id="tok_205" xlink:href="#xpointer(string-range(//body,'',1221,3))"/><!-- and -->
<mark id="tok_206" xlink:href="#xpointer(string-range(//body,'',1225,3))"/><!-- the -->
<mark id="tok_207" xlink:href="#xpointer(string-range(//body,'',1229,6))"/><!-- former -->
<mark id="tok_208" xlink:href="#xpointer(string-range(//body,'',1236,8))"/><!-- Virginia -->
<mark id="tok_209" xlink:href="#xpointer(string-range(//body,'',1245,8))"/><!-- governor -->
<mark id="tok_210" xlink:href="#xpointer(string-range(//body,'',1254,2))"/><!-- he -->
<mark id="tok_211" xlink:href="#xpointer(string-range(//body,'',1257,4))"/><!-- most -->
<mark id="tok_212" xlink:href="#xpointer(string-range(//body,'',1262,7))"/><!-- admires -->
<mark id="tok_213" xlink:href="#xpointer(string-range(//body,'',1270,1))"/><!-- . -->
<mark id="tok_214" xlink:href="#xpointer(string-range(//body,'',1272,9))"/><!-- Interview -->
<mark id="tok_215" xlink:href="#xpointer(string-range(//body,'',1282,4))"/><!-- What -->
<mark id="tok_216" xlink:href="#xpointer(string-range(//body,'',1287,2))"/><!-- is -->
<mark id="tok_217" xlink:href="#xpointer(string-range(//body,'',1290,3))"/><!-- the -->
<mark id="tok_218" xlink:href="#xpointer(string-range(//body,'',1294,4))"/><!-- most -->
<mark id="tok_219" xlink:href="#xpointer(string-range(//body,'',1299,9))"/><!-- important -->
<mark id="tok_220" xlink:href="#xpointer(string-range(//body,'',1309,6))"/><!-- aspect -->
<mark id="tok_221" xlink:href="#xpointer(string-range(//body,'',1316,2))"/><!-- of -->
<mark id="tok_222" xlink:href="#xpointer(string-range(//body,'',1319,4))"/><!-- your -->
<mark id="tok_223" xlink:href="#xpointer(string-range(//body,'',1324,10))"/><!-- background -->
<mark id="tok_224" xlink:href="#xpointer(string-range(//body,'',1335,4))"/><!-- that -->
<mark id="tok_225" xlink:href="#xpointer(string-range(//body,'',1340,6))"/><!-- voters -->
<mark id="tok_226" xlink:href="#xpointer(string-range(//body,'',1347,6))"/><!-- should -->
<mark id="tok_227" xlink:href="#xpointer(string-range(//body,'',1354,4))"/><!-- know -->
<mark id="tok_228" xlink:href="#xpointer(string-range(//body,'',1359,5))"/><!-- about -->
<mark id="tok_229" xlink:href="#xpointer(string-range(//body,'',1365,1))"/><!-- ? -->
<mark id="tok_230" xlink:href="#xpointer(string-range(//body,'',1367,1))"/><!-- I -->
<mark id="tok_231" xlink:href="#xpointer(string-range(//body,'',1369,2))"/><!-- am -->
<mark id="tok_232" xlink:href="#xpointer(string-range(//body,'',1372,3))"/><!-- the -->
<mark id="tok_233" xlink:href="#xpointer(string-range(//body,'',1376,4))"/><!-- only -->
<mark id="tok_234" xlink:href="#xpointer(string-range(//body,'',1381,9))"/><!-- candidate -->
<mark id="tok_235" xlink:href="#xpointer(string-range(//body,'',1391,4))"/><!-- born -->
<mark id="tok_236" xlink:href="#xpointer(string-range(//body,'',1396,3))"/><!-- and -->
<mark id="tok_237" xlink:href="#xpointer(string-range(//body,'',1400,6))"/><!-- raised -->
<mark id="tok_238" xlink:href="#xpointer(string-range(//body,'',1407,2))"/><!-- in -->
<mark id="tok_239" xlink:href="#xpointer(string-range(//body,'',1410,8))"/><!-- Virginia -->
<mark id="tok_240" xlink:href="#xpointer(string-range(//body,'',1419,1))"/><!-- , -->
<mark id="tok_241" xlink:href="#xpointer(string-range(//body,'',1421,3))"/><!-- but -->
<mark id="tok_242" xlink:href="#xpointer(string-range(//body,'',1425,4))"/><!-- also -->
<mark id="tok_243" xlink:href="#xpointer(string-range(//body,'',1430,3))"/><!-- the -->
<mark id="tok_244" xlink:href="#xpointer(string-range(//body,'',1434,4))"/><!-- only -->
<mark id="tok_245" xlink:href="#xpointer(string-range(//body,'',1439,9))"/><!-- candidate -->
<mark id="tok_246" xlink:href="#xpointer(string-range(//body,'',1449,3))"/><!-- who -->
<mark id="tok_247" xlink:href="#xpointer(string-range(//body,'',1453,8))"/><!-- embodies -->
<mark id="tok_248" xlink:href="#xpointer(string-range(//body,'',1462,4))"/><!-- both -->
<mark id="tok_249" xlink:href="#xpointer(string-range(//body,'',1467,10))"/><!-- physically -->
<mark id="tok_250" xlink:href="#xpointer(string-range(//body,'',1478,3))"/><!-- and -->
<mark id="tok_251" xlink:href="#xpointer(string-range(//body,'',1482,15))"/><!-- philosophically -->
<mark id="tok_252" xlink:href="#xpointer(string-range(//body,'',1498,3))"/><!-- the -->
<mark id="tok_253" xlink:href="#xpointer(string-range(//body,'',1502,7))"/><!-- growing -->
<mark id="tok_254" xlink:href="#xpointer(string-range(//body,'',1510,9))"/><!-- diversity -->
<mark id="tok_255" xlink:href="#xpointer(string-range(//body,'',1520,2))"/><!-- of -->
<mark id="tok_256" xlink:href="#xpointer(string-range(//body,'',1523,3))"/><!-- the -->
<mark id="tok_257" xlink:href="#xpointer(string-range(//body,'',1527,12))"/><!-- commonwealth -->
<mark id="tok_258" xlink:href="#xpointer(string-range(//body,'',1540,1))"/><!-- . -->
<mark id="tok_259" xlink:href="#xpointer(string-range(//body,'',1542,1))"/><!-- ( -->
<mark id="tok_260" xlink:href="#xpointer(string-range(//body,'',1544,1))"/><!-- I -->
<mark id="tok_261" xlink:href="#xpointer(string-range(//body,'',1546,2))"/><!-- am -->
<mark id="tok_262" xlink:href="#xpointer(string-range(//body,'',1549,10))"/><!-- mixed-race -->
<mark id="tok_263" xlink:href="#xpointer(string-range(//body,'',1560,1))"/><!-- ( -->
<mark id="tok_264" xlink:href="#xpointer(string-range(//body,'',1562,12))"/><!-- half-Chinese -->
<mark id="tok_265" xlink:href="#xpointer(string-range(//body,'',1575,1))"/><!-- ) -->
<mark id="tok_266" xlink:href="#xpointer(string-range(//body,'',1577,3))"/><!-- and -->
<mark id="tok_267" xlink:href="#xpointer(string-range(//body,'',1581,2))"/><!-- in -->
<mark id="tok_268" xlink:href="#xpointer(string-range(//body,'',1584,2))"/><!-- an -->
<mark id="tok_269" xlink:href="#xpointer(string-range(//body,'',1587,11))"/><!-- interracial -->
<mark id="tok_270" xlink:href="#xpointer(string-range(//body,'',1599,8))"/><!-- marriage -->
<mark id="tok_271" xlink:href="#xpointer(string-range(//body,'',1608,1))"/><!-- . -->
<mark id="tok_272" xlink:href="#xpointer(string-range(//body,'',1610,1))"/><!-- ) -->
<mark id="tok_273" xlink:href="#xpointer(string-range(//body,'',1612,1))"/><!-- I -->
<mark id="tok_274" xlink:href="#xpointer(string-range(//body,'',1614,2))"/><!-- am -->
<mark id="tok_275" xlink:href="#xpointer(string-range(//body,'',1617,3))"/><!-- the -->
<mark id="tok_276" xlink:href="#xpointer(string-range(//body,'',1621,4))"/><!-- only -->
<mark id="tok_277" xlink:href="#xpointer(string-range(//body,'',1626,9))"/><!-- candidate -->
<mark id="tok_278" xlink:href="#xpointer(string-range(//body,'',1636,3))"/><!-- who -->
<mark id="tok_279" xlink:href="#xpointer(string-range(//body,'',1640,3))"/><!-- has -->
<mark id="tok_280" xlink:href="#xpointer(string-range(//body,'',1644,7))"/><!-- studied -->
<mark id="tok_281" xlink:href="#xpointer(string-range(//body,'',1652,4))"/><!-- both -->
<mark id="tok_282" xlink:href="#xpointer(string-range(//body,'',1657,9))"/><!-- economics -->
<mark id="tok_283" xlink:href="#xpointer(string-range(//body,'',1667,3))"/><!-- and -->
<mark id="tok_284" xlink:href="#xpointer(string-range(//body,'',1671,3))"/><!-- law -->
<mark id="tok_285" xlink:href="#xpointer(string-range(//body,'',1675,1))"/><!-- , -->
<mark id="tok_286" xlink:href="#xpointer(string-range(//body,'',1677,3))"/><!-- and -->
<mark id="tok_287" xlink:href="#xpointer(string-range(//body,'',1681,3))"/><!-- the -->
<mark id="tok_288" xlink:href="#xpointer(string-range(//body,'',1685,4))"/><!-- only -->
<mark id="tok_289" xlink:href="#xpointer(string-range(//body,'',1690,9))"/><!-- candidate -->
<mark id="tok_290" xlink:href="#xpointer(string-range(//body,'',1700,4))"/><!-- with -->
<mark id="tok_291" xlink:href="#xpointer(string-range(//body,'',1705,1))"/><!-- a -->
<mark id="tok_292" xlink:href="#xpointer(string-range(//body,'',1707,10))"/><!-- background -->
<mark id="tok_293" xlink:href="#xpointer(string-range(//body,'',1718,2))"/><!-- in -->
<mark id="tok_294" xlink:href="#xpointer(string-range(//body,'',1721,10))"/><!-- technology -->
<mark id="tok_295" xlink:href="#xpointer(string-range(//body,'',1732,16))"/><!-- entrepreneurship -->
<mark id="tok_296" xlink:href="#xpointer(string-range(//body,'',1749,1))"/><!-- . -->
<mark id="tok_297" xlink:href="#xpointer(string-range(//body,'',1751,7))"/><!-- Because -->
<mark id="tok_298" xlink:href="#xpointer(string-range(//body,'',1759,2))"/><!-- of -->
<mark id="tok_299" xlink:href="#xpointer(string-range(//body,'',1762,2))"/><!-- my -->
<mark id="tok_300" xlink:href="#xpointer(string-range(//body,'',1765,8))"/><!-- academic -->
<mark id="tok_301" xlink:href="#xpointer(string-range(//body,'',1774,3))"/><!-- and -->
<mark id="tok_302" xlink:href="#xpointer(string-range(//body,'',1778,12))"/><!-- professional -->
<mark id="tok_303" xlink:href="#xpointer(string-range(//body,'',1791,10))"/><!-- background -->
<mark id="tok_304" xlink:href="#xpointer(string-range(//body,'',1802,1))"/><!-- , -->
<mark id="tok_305" xlink:href="#xpointer(string-range(//body,'',1804,1))"/><!-- I -->
<mark id="tok_306" xlink:href="#xpointer(string-range(//body,'',1806,10))"/><!-- understand -->
<mark id="tok_307" xlink:href="#xpointer(string-range(//body,'',1817,3))"/><!-- the -->
<mark id="tok_308" xlink:href="#xpointer(string-range(//body,'',1821,6))"/><!-- issues -->
<mark id="tok_309" xlink:href="#xpointer(string-range(//body,'',1828,3))"/><!-- and -->
<mark id="tok_310" xlink:href="#xpointer(string-range(//body,'',1832,10))"/><!-- challenges -->
<mark id="tok_311" xlink:href="#xpointer(string-range(//body,'',1843,6))"/><!-- facing -->
<mark id="tok_312" xlink:href="#xpointer(string-range(//body,'',1850,8))"/><!-- Virginia -->
<mark id="tok_313" xlink:href="#xpointer(string-range(//body,'',1859,4))"/><!-- much -->
<mark id="tok_314" xlink:href="#xpointer(string-range(//body,'',1864,6))"/><!-- better -->
<mark id="tok_315" xlink:href="#xpointer(string-range(//body,'',1871,4))"/><!-- than -->
<mark id="tok_316" xlink:href="#xpointer(string-range(//body,'',1876,3))"/><!-- the -->
<mark id="tok_317" xlink:href="#xpointer(string-range(//body,'',1880,5))"/><!-- other -->
<mark id="tok_318" xlink:href="#xpointer(string-range(//body,'',1886,10))"/><!-- candidates -->
<mark id="tok_319" xlink:href="#xpointer(string-range(//body,'',1897,1))"/><!-- , -->
<mark id="tok_320" xlink:href="#xpointer(string-range(//body,'',1899,3))"/><!-- and -->
<mark id="tok_321" xlink:href="#xpointer(string-range(//body,'',1903,1))"/><!-- I -->
<mark id="tok_322" xlink:href="#xpointer(string-range(//body,'',1905,2))"/><!-- am -->
<mark id="tok_323" xlink:href="#xpointer(string-range(//body,'',1908,8))"/><!-- offering -->
<mark id="tok_324" xlink:href="#xpointer(string-range(//body,'',1917,4))"/><!-- real -->
<mark id="tok_325" xlink:href="#xpointer(string-range(//body,'',1922,9))"/><!-- solutions -->
<mark id="tok_326" xlink:href="#xpointer(string-range(//body,'',1932,4))"/><!-- that -->
<mark id="tok_327" xlink:href="#xpointer(string-range(//body,'',1937,3))"/><!-- can -->
<mark id="tok_328" xlink:href="#xpointer(string-range(//body,'',1941,2))"/><!-- be -->
<mark id="tok_329" xlink:href="#xpointer(string-range(//body,'',1944,11))"/><!-- appreciated -->
<mark id="tok_330" xlink:href="#xpointer(string-range(//body,'',1956,6))"/><!-- across -->
<mark id="tok_331" xlink:href="#xpointer(string-range(//body,'',1963,3))"/><!-- the -->
<mark id="tok_332" xlink:href="#xpointer(string-range(//body,'',1967,9))"/><!-- political -->
<mark id="tok_333" xlink:href="#xpointer(string-range(//body,'',1977,8))"/><!-- spectrum -->
<mark id="tok_334" xlink:href="#xpointer(string-range(//body,'',1986,1))"/><!-- . -->
<mark id="tok_335" xlink:href="#xpointer(string-range(//body,'',1988,1))"/><!-- I -->
<mark id="tok_336" xlink:href="#xpointer(string-range(//body,'',1990,2))"/><!-- am -->
<mark id="tok_337" xlink:href="#xpointer(string-range(//body,'',1993,3))"/><!-- the -->
<mark id="tok_338" xlink:href="#xpointer(string-range(//body,'',1997,4))"/><!-- only -->
<mark id="tok_339" xlink:href="#xpointer(string-range(//body,'',2002,9))"/><!-- candidate -->
<mark id="tok_340" xlink:href="#xpointer(string-range(//body,'',2012,3))"/><!-- who -->
<mark id="tok_341" xlink:href="#xpointer(string-range(//body,'',2016,8))"/><!-- believes -->
<mark id="tok_342" xlink:href="#xpointer(string-range(//body,'',2025,2))"/><!-- in -->
<mark id="tok_343" xlink:href="#xpointer(string-range(//body,'',2028,4))"/><!-- both -->
<mark id="tok_344" xlink:href="#xpointer(string-range(//body,'',2033,8))"/><!-- economic -->
<mark id="tok_345" xlink:href="#xpointer(string-range(//body,'',2042,7))"/><!-- freedom -->
<mark id="tok_346" xlink:href="#xpointer(string-range(//body,'',2050,3))"/><!-- and -->
<mark id="tok_347" xlink:href="#xpointer(string-range(//body,'',2054,8))"/><!-- personal -->
<mark id="tok_348" xlink:href="#xpointer(string-range(//body,'',2063,7))"/><!-- liberty -->
<mark id="tok_349" xlink:href="#xpointer(string-range(//body,'',2071,3))"/><!-- and -->
<mark id="tok_350" xlink:href="#xpointer(string-range(//body,'',2075,3))"/><!-- the -->
<mark id="tok_351" xlink:href="#xpointer(string-range(//body,'',2079,4))"/><!-- only -->
<mark id="tok_352" xlink:href="#xpointer(string-range(//body,'',2084,9))"/><!-- candidate -->
<mark id="tok_353" xlink:href="#xpointer(string-range(//body,'',2094,3))"/><!-- who -->
<mark id="tok_354" xlink:href="#xpointer(string-range(//body,'',2098,6))"/><!-- stands -->
<mark id="tok_355" xlink:href="#xpointer(string-range(//body,'',2105,2))"/><!-- on -->
<mark id="tok_356" xlink:href="#xpointer(string-range(//body,'',2108,9))"/><!-- principle -->
<mark id="tok_357" xlink:href="#xpointer(string-range(//body,'',2118,7))"/><!-- against -->
<mark id="tok_358" xlink:href="#xpointer(string-range(//body,'',2126,8))"/><!-- cronyism -->
<mark id="tok_359" xlink:href="#xpointer(string-range(//body,'',2135,3))"/><!-- and -->
<mark id="tok_360" xlink:href="#xpointer(string-range(//body,'',2139,11))"/><!-- corporatism -->
<mark id="tok_361" xlink:href="#xpointer(string-range(//body,'',2151,3))"/><!-- and -->
<mark id="tok_362" xlink:href="#xpointer(string-range(//body,'',2155,2))"/><!-- in -->
<mark id="tok_363" xlink:href="#xpointer(string-range(//body,'',2158,5))"/><!-- favor -->
<mark id="tok_364" xlink:href="#xpointer(string-range(//body,'',2164,2))"/><!-- of -->
<mark id="tok_365" xlink:href="#xpointer(string-range(//body,'',2167,3))"/><!-- the -->
<mark id="tok_366" xlink:href="#xpointer(string-range(//body,'',2171,4))"/><!-- rule -->
<mark id="tok_367" xlink:href="#xpointer(string-range(//body,'',2176,2))"/><!-- of -->
<mark id="tok_368" xlink:href="#xpointer(string-range(//body,'',2179,3))"/><!-- law -->
<mark id="tok_369" xlink:href="#xpointer(string-range(//body,'',2183,1))"/><!-- . -->
<mark id="tok_370" xlink:href="#xpointer(string-range(//body,'',2185,4))"/><!-- What -->
<mark id="tok_371" xlink:href="#xpointer(string-range(//body,'',2190,3))"/><!-- are -->
<mark id="tok_372" xlink:href="#xpointer(string-range(//body,'',2194,4))"/><!-- your -->
<mark id="tok_373" xlink:href="#xpointer(string-range(//body,'',2199,8))"/><!-- thoughts -->
<mark id="tok_374" xlink:href="#xpointer(string-range(//body,'',2208,2))"/><!-- on -->
<mark id="tok_375" xlink:href="#xpointer(string-range(//body,'',2211,3))"/><!-- the -->
<mark id="tok_376" xlink:href="#xpointer(string-range(//body,'',2215,3))"/><!-- job -->
<mark id="tok_377" xlink:href="#xpointer(string-range(//body,'',2219,3))"/><!-- Bob -->
<mark id="tok_378" xlink:href="#xpointer(string-range(//body,'',2223,9))"/><!-- McDonnell -->
<mark id="tok_379" xlink:href="#xpointer(string-range(//body,'',2233,3))"/><!-- has -->
<mark id="tok_380" xlink:href="#xpointer(string-range(//body,'',2237,4))"/><!-- done -->
<mark id="tok_381" xlink:href="#xpointer(string-range(//body,'',2242,2))"/><!-- as -->
<mark id="tok_382" xlink:href="#xpointer(string-range(//body,'',2245,8))"/><!-- Governor -->
<mark id="tok_383" xlink:href="#xpointer(string-range(//body,'',2254,2))"/><!-- of -->
<mark id="tok_384" xlink:href="#xpointer(string-range(//body,'',2257,8))"/><!-- Virginia -->
<mark id="tok_385" xlink:href="#xpointer(string-range(//body,'',2266,1))"/><!-- ? -->
<mark id="tok_386" xlink:href="#xpointer(string-range(//body,'',2268,4))"/><!-- What -->
<mark id="tok_387" xlink:href="#xpointer(string-range(//body,'',2273,5))"/><!-- would -->
<mark id="tok_388" xlink:href="#xpointer(string-range(//body,'',2279,3))"/><!-- you -->
<mark id="tok_389" xlink:href="#xpointer(string-range(//body,'',2283,4))"/><!-- have -->
<mark id="tok_390" xlink:href="#xpointer(string-range(//body,'',2288,4))"/><!-- done -->
<mark id="tok_391" xlink:href="#xpointer(string-range(//body,'',2293,11))"/><!-- differently -->
<mark id="tok_392" xlink:href="#xpointer(string-range(//body,'',2305,4))"/><!-- than -->
<mark id="tok_393" xlink:href="#xpointer(string-range(//body,'',2310,3))"/><!-- him -->
<mark id="tok_394" xlink:href="#xpointer(string-range(//body,'',2314,1))"/><!-- ? -->
<mark id="tok_395" xlink:href="#xpointer(string-range(//body,'',2316,9))"/><!-- McDonnell -->
<mark id="tok_396" xlink:href="#xpointer(string-range(//body,'',2326,3))"/><!-- did -->
<mark id="tok_397" xlink:href="#xpointer(string-range(//body,'',2330,4))"/><!-- well -->
<mark id="tok_398" xlink:href="#xpointer(string-range(//body,'',2335,5))"/><!-- early -->
<mark id="tok_399" xlink:href="#xpointer(string-range(//body,'',2341,2))"/><!-- in -->
<mark id="tok_400" xlink:href="#xpointer(string-range(//body,'',2344,3))"/><!-- his -->
<mark id="tok_401" xlink:href="#xpointer(string-range(//body,'',2348,4))"/><!-- term -->
<mark id="tok_402" xlink:href="#xpointer(string-range(//body,'',2353,7))"/><!-- pushing -->
<mark id="tok_403" xlink:href="#xpointer(string-range(//body,'',2361,4))"/><!-- back -->
<mark id="tok_404" xlink:href="#xpointer(string-range(//body,'',2366,7))"/><!-- against -->
<mark id="tok_405" xlink:href="#xpointer(string-range(//body,'',2374,6))"/><!-- Senate -->
<mark id="tok_406" xlink:href="#xpointer(string-range(//body,'',2381,9))"/><!-- Democrats -->
<mark id="tok_407" xlink:href="#xpointer(string-range(//body,'',2391,3))"/><!-- who -->
<mark id="tok_408" xlink:href="#xpointer(string-range(//body,'',2395,6))"/><!-- wanted -->
<mark id="tok_409" xlink:href="#xpointer(string-range(//body,'',2402,4))"/><!-- huge -->
<mark id="tok_410" xlink:href="#xpointer(string-range(//body,'',2407,3))"/><!-- tax -->
<mark id="tok_411" xlink:href="#xpointer(string-range(//body,'',2411,9))"/><!-- increases -->
<mark id="tok_412" xlink:href="#xpointer(string-range(//body,'',2421,2))"/><!-- in -->
<mark id="tok_413" xlink:href="#xpointer(string-range(//body,'',2424,8))"/><!-- response -->
<mark id="tok_414" xlink:href="#xpointer(string-range(//body,'',2433,2))"/><!-- to -->
<mark id="tok_415" xlink:href="#xpointer(string-range(//body,'',2436,5))"/><!-- major -->
<mark id="tok_416" xlink:href="#xpointer(string-range(//body,'',2442,7))"/><!-- revenue -->
<mark id="tok_417" xlink:href="#xpointer(string-range(//body,'',2450,10))"/><!-- shortfalls -->
<mark id="tok_418" xlink:href="#xpointer(string-range(//body,'',2461,6))"/><!-- during -->
<mark id="tok_419" xlink:href="#xpointer(string-range(//body,'',2468,3))"/><!-- the -->
<mark id="tok_420" xlink:href="#xpointer(string-range(//body,'',2472,9))"/><!-- recession -->
<mark id="tok_421" xlink:href="#xpointer(string-range(//body,'',2482,1))"/><!-- . -->
<mark id="tok_422" xlink:href="#xpointer(string-range(//body,'',2484,5))"/><!-- Those -->
<mark id="tok_423" xlink:href="#xpointer(string-range(//body,'',2490,5))"/><!-- early -->
<mark id="tok_424" xlink:href="#xpointer(string-range(//body,'',2496,6))"/><!-- budget -->
<mark id="tok_425" xlink:href="#xpointer(string-range(//body,'',2503,7))"/><!-- efforts -->
<mark id="tok_426" xlink:href="#xpointer(string-range(//body,'',2511,3))"/><!-- are -->
<mark id="tok_427" xlink:href="#xpointer(string-range(//body,'',2515,3))"/><!-- his -->
<mark id="tok_428" xlink:href="#xpointer(string-range(//body,'',2519,7))"/><!-- highest -->
<mark id="tok_429" xlink:href="#xpointer(string-range(//body,'',2527,12))"/><!-- achievements -->
<mark id="tok_430" xlink:href="#xpointer(string-range(//body,'',2540,2))"/><!-- as -->
<mark id="tok_431" xlink:href="#xpointer(string-range(//body,'',2543,8))"/><!-- Governor -->
<mark id="tok_432" xlink:href="#xpointer(string-range(//body,'',2552,1))"/><!-- . -->
<mark id="tok_433" xlink:href="#xpointer(string-range(//body,'',2554,4))"/><!-- More -->
<mark id="tok_434" xlink:href="#xpointer(string-range(//body,'',2559,8))"/><!-- recently -->
<mark id="tok_435" xlink:href="#xpointer(string-range(//body,'',2568,1))"/><!-- , -->
<mark id="tok_436" xlink:href="#xpointer(string-range(//body,'',2570,2))"/><!-- he -->
<mark id="tok_437" xlink:href="#xpointer(string-range(//body,'',2573,5))"/><!-- erred -->
<mark id="tok_438" xlink:href="#xpointer(string-range(//body,'',2579,2))"/><!-- in -->
<mark id="tok_439" xlink:href="#xpointer(string-range(//body,'',2582,9))"/><!-- accepting -->
<mark id="tok_440" xlink:href="#xpointer(string-range(//body,'',2592,1))"/><!-- a -->
<mark id="tok_441" xlink:href="#xpointer(string-range(//body,'',2594,14))"/><!-- transportation -->
<mark id="tok_442" xlink:href="#xpointer(string-range(//body,'',2609,4))"/><!-- bill -->
<mark id="tok_443" xlink:href="#xpointer(string-range(//body,'',2614,4))"/><!-- that -->
<mark id="tok_444" xlink:href="#xpointer(string-range(//body,'',2619,3))"/><!-- had -->
<mark id="tok_445" xlink:href="#xpointer(string-range(//body,'',2623,4))"/><!-- huge -->
<mark id="tok_446" xlink:href="#xpointer(string-range(//body,'',2628,5))"/><!-- flaws -->
<mark id="tok_447" xlink:href="#xpointer(string-range(//body,'',2634,3))"/><!-- and -->
<mark id="tok_448" xlink:href="#xpointer(string-range(//body,'',2638,4))"/><!-- huge -->
<mark id="tok_449" xlink:href="#xpointer(string-range(//body,'',2643,3))"/><!-- tax -->
<mark id="tok_450" xlink:href="#xpointer(string-range(//body,'',2647,9))"/><!-- increases -->
<mark id="tok_451" xlink:href="#xpointer(string-range(//body,'',2657,1))"/><!-- , -->
<mark id="tok_452" xlink:href="#xpointer(string-range(//body,'',2659,6))"/><!-- rather -->
<mark id="tok_453" xlink:href="#xpointer(string-range(//body,'',2666,4))"/><!-- than -->
<mark id="tok_454" xlink:href="#xpointer(string-range(//body,'',2671,12))"/><!-- prioritizing -->
<mark id="tok_455" xlink:href="#xpointer(string-range(//body,'',2684,8))"/><!-- spending -->
<mark id="tok_456" xlink:href="#xpointer(string-range(//body,'',2693,3))"/><!-- and -->
<mark id="tok_457" xlink:href="#xpointer(string-range(//body,'',2697,7))"/><!-- seeking -->
<mark id="tok_458" xlink:href="#xpointer(string-range(//body,'',2705,4))"/><!-- more -->
<mark id="tok_459" xlink:href="#xpointer(string-range(//body,'',2710,8))"/><!-- rational -->
<mark id="tok_460" xlink:href="#xpointer(string-range(//body,'',2719,1))"/><!-- , -->
<mark id="tok_461" xlink:href="#xpointer(string-range(//body,'',2721,9))"/><!-- efficient -->
<mark id="tok_462" xlink:href="#xpointer(string-range(//body,'',2731,1))"/><!-- , -->
<mark id="tok_463" xlink:href="#xpointer(string-range(//body,'',2733,13))"/><!-- decentralized -->
<mark id="tok_464" xlink:href="#xpointer(string-range(//body,'',2747,14))"/><!-- transportation -->
<mark id="tok_465" xlink:href="#xpointer(string-range(//body,'',2762,15))"/><!-- decision-making -->
<mark id="tok_466" xlink:href="#xpointer(string-range(//body,'',2778,1))"/><!-- . -->
<mark id="tok_467" xlink:href="#xpointer(string-range(//body,'',2780,2))"/><!-- He -->
<mark id="tok_468" xlink:href="#xpointer(string-range(//body,'',2783,5))"/><!-- could -->
<mark id="tok_469" xlink:href="#xpointer(string-range(//body,'',2789,4))"/><!-- have -->
<mark id="tok_470" xlink:href="#xpointer(string-range(//body,'',2794,5))"/><!-- shown -->
<mark id="tok_471" xlink:href="#xpointer(string-range(//body,'',2800,4))"/><!-- much -->
<mark id="tok_472" xlink:href="#xpointer(string-range(//body,'',2805,7))"/><!-- greater -->
<mark id="tok_473" xlink:href="#xpointer(string-range(//body,'',2813,10))"/><!-- leadership -->
<mark id="tok_474" xlink:href="#xpointer(string-range(//body,'',2824,2))"/><!-- in -->
<mark id="tok_475" xlink:href="#xpointer(string-range(//body,'',2827,7))"/><!-- pushing -->
<mark id="tok_476" xlink:href="#xpointer(string-range(//body,'',2835,3))"/><!-- for -->
<mark id="tok_477" xlink:href="#xpointer(string-range(//body,'',2839,3))"/><!-- tax -->
<mark id="tok_478" xlink:href="#xpointer(string-range(//body,'',2843,6))"/><!-- reform -->
<mark id="tok_479" xlink:href="#xpointer(string-range(//body,'',2850,1))"/><!-- , -->
<mark id="tok_480" xlink:href="#xpointer(string-range(//body,'',2852,10))"/><!-- regulatory -->
<mark id="tok_481" xlink:href="#xpointer(string-range(//body,'',2863,6))"/><!-- reform -->
<mark id="tok_482" xlink:href="#xpointer(string-range(//body,'',2870,1))"/><!-- , -->
<mark id="tok_483" xlink:href="#xpointer(string-range(//body,'',2872,3))"/><!-- and -->
<mark id="tok_484" xlink:href="#xpointer(string-range(//body,'',2876,6))"/><!-- school -->
<mark id="tok_485" xlink:href="#xpointer(string-range(//body,'',2883,6))"/><!-- choice -->
<mark id="tok_486" xlink:href="#xpointer(string-range(//body,'',2890,1))"/><!-- . -->
<mark id="tok_487" xlink:href="#xpointer(string-range(//body,'',2892,2))"/><!-- Of -->
<mark id="tok_488" xlink:href="#xpointer(string-range(//body,'',2895,6))"/><!-- course -->
<mark id="tok_489" xlink:href="#xpointer(string-range(//body,'',2902,1))"/><!-- , -->
<mark id="tok_490" xlink:href="#xpointer(string-range(//body,'',2904,2))"/><!-- he -->
<mark id="tok_491" xlink:href="#xpointer(string-range(//body,'',2907,6))"/><!-- showed -->
<mark id="tok_492" xlink:href="#xpointer(string-range(//body,'',2914,7))"/><!-- ethical -->
<mark id="tok_493" xlink:href="#xpointer(string-range(//body,'',2922,6))"/><!-- lapses -->
<mark id="tok_494" xlink:href="#xpointer(string-range(//body,'',2929,2))"/><!-- in -->
<mark id="tok_495" xlink:href="#xpointer(string-range(//body,'',2932,8))"/><!-- judgment -->
<mark id="tok_496" xlink:href="#xpointer(string-range(//body,'',2941,1))"/><!-- . -->
<mark id="tok_497" xlink:href="#xpointer(string-range(//body,'',2943,8))"/><!-- Compared -->
<mark id="tok_498" xlink:href="#xpointer(string-range(//body,'',2952,2))"/><!-- to -->
<mark id="tok_499" xlink:href="#xpointer(string-range(//body,'',2955,8))"/><!-- previous -->
<mark id="tok_500" xlink:href="#xpointer(string-range(//body,'',2964,5))"/><!-- third -->
<mark id="tok_501" xlink:href="#xpointer(string-range(//body,'',2970,5))"/><!-- party -->
<mark id="tok_502" xlink:href="#xpointer(string-range(//body,'',2976,10))"/><!-- candidates -->
<mark id="tok_503" xlink:href="#xpointer(string-range(//body,'',2987,2))"/><!-- at -->
<mark id="tok_504" xlink:href="#xpointer(string-range(//body,'',2990,3))"/><!-- the -->
<mark id="tok_505" xlink:href="#xpointer(string-range(//body,'',2994,13))"/><!-- gubernatorial -->
<mark id="tok_506" xlink:href="#xpointer(string-range(//body,'',3008,5))"/><!-- level -->
<mark id="tok_507" xlink:href="#xpointer(string-range(//body,'',3014,1))"/><!-- , -->
<mark id="tok_508" xlink:href="#xpointer(string-range(//body,'',3016,3))"/><!-- you -->
<mark id="tok_509" xlink:href="#xpointer(string-range(//body,'',3020,4))"/><!-- have -->
<mark id="tok_510" xlink:href="#xpointer(string-range(//body,'',3025,4))"/><!-- done -->
<mark id="tok_511" xlink:href="#xpointer(string-range(//body,'',3030,13))"/><!-- exceptionally -->
<mark id="tok_512" xlink:href="#xpointer(string-range(//body,'',3044,4))"/><!-- well -->
<mark id="tok_513" xlink:href="#xpointer(string-range(//body,'',3049,2))"/><!-- in -->
<mark id="tok_514" xlink:href="#xpointer(string-range(//body,'',3052,7))"/><!-- opinion -->
<mark id="tok_515" xlink:href="#xpointer(string-range(//body,'',3060,7))"/><!-- polling -->
<mark id="tok_516" xlink:href="#xpointer(string-range(//body,'',3068,1))"/><!-- . -->
<mark id="tok_517" xlink:href="#xpointer(string-range(//body,'',3070,4))"/><!-- What -->
<mark id="tok_518" xlink:href="#xpointer(string-range(//body,'',3075,2))"/><!-- do -->
<mark id="tok_519" xlink:href="#xpointer(string-range(//body,'',3078,3))"/><!-- you -->
<mark id="tok_520" xlink:href="#xpointer(string-range(//body,'',3082,9))"/><!-- attribute -->
<mark id="tok_521" xlink:href="#xpointer(string-range(//body,'',3092,4))"/><!-- that -->
<mark id="tok_522" xlink:href="#xpointer(string-range(//body,'',3097,7))"/><!-- success -->
<mark id="tok_523" xlink:href="#xpointer(string-range(//body,'',3105,2))"/><!-- to -->
<mark id="tok_524" xlink:href="#xpointer(string-range(//body,'',3108,1))"/><!-- ? -->
<mark id="tok_525" xlink:href="#xpointer(string-range(//body,'',3110,6))"/><!-- Voters -->
<mark id="tok_526" xlink:href="#xpointer(string-range(//body,'',3117,3))"/><!-- see -->
<mark id="tok_527" xlink:href="#xpointer(string-range(//body,'',3121,3))"/><!-- the -->
<mark id="tok_528" xlink:href="#xpointer(string-range(//body,'',3125,9))"/><!-- two-party -->
<mark id="tok_529" xlink:href="#xpointer(string-range(//body,'',3135,6))"/><!-- system -->
<mark id="tok_530" xlink:href="#xpointer(string-range(//body,'',3142,3))"/><!-- for -->
<mark id="tok_531" xlink:href="#xpointer(string-range(//body,'',3146,3))"/><!-- the -->
<mark id="tok_532" xlink:href="#xpointer(string-range(//body,'',3150,4))"/><!-- sham -->
<mark id="tok_533" xlink:href="#xpointer(string-range(//body,'',3155,2))"/><!-- it -->
<mark id="tok_534" xlink:href="#xpointer(string-range(//body,'',3158,3))"/><!-- has -->
<mark id="tok_535" xlink:href="#xpointer(string-range(//body,'',3162,6))"/><!-- become -->
<mark id="tok_536" xlink:href="#xpointer(string-range(//body,'',3169,1))"/><!-- . -->
<mark id="tok_537" xlink:href="#xpointer(string-range(//body,'',3171,4))"/><!-- They -->
<mark id="tok_538" xlink:href="#xpointer(string-range(//body,'',3176,3))"/><!-- are -->
<mark id="tok_539" xlink:href="#xpointer(string-range(//body,'',3180,4))"/><!-- sick -->
<mark id="tok_540" xlink:href="#xpointer(string-range(//body,'',3185,2))"/><!-- of -->
<mark id="tok_541" xlink:href="#xpointer(string-range(//body,'',3188,3))"/><!-- the -->
<mark id="tok_542" xlink:href="#xpointer(string-range(//body,'',3192,12))"/><!-- partisanship -->
<mark id="tok_543" xlink:href="#xpointer(string-range(//body,'',3205,3))"/><!-- and -->
<mark id="tok_544" xlink:href="#xpointer(string-range(//body,'',3209,8))"/><!-- nonsense -->
<mark id="tok_545" xlink:href="#xpointer(string-range(//body,'',3218,3))"/><!-- and -->
<mark id="tok_546" xlink:href="#xpointer(string-range(//body,'',3222,3))"/><!-- the -->
<mark id="tok_547" xlink:href="#xpointer(string-range(//body,'',3226,5))"/><!-- total -->
<mark id="tok_548" xlink:href="#xpointer(string-range(//body,'',3232,4))"/><!-- lack -->
<mark id="tok_549" xlink:href="#xpointer(string-range(//body,'',3237,2))"/><!-- of -->
<mark id="tok_550" xlink:href="#xpointer(string-range(//body,'',3240,9))"/><!-- substance -->
<mark id="tok_551" xlink:href="#xpointer(string-range(//body,'',3250,2))"/><!-- in -->
<mark id="tok_552" xlink:href="#xpointer(string-range(//body,'',3253,6))"/><!-- modern -->
<mark id="tok_553" xlink:href="#xpointer(string-range(//body,'',3260,9))"/><!-- campaigns -->
<mark id="tok_554" xlink:href="#xpointer(string-range(//body,'',3270,1))"/><!-- . -->
<mark id="tok_555" xlink:href="#xpointer(string-range(//body,'',3272,6))"/><!-- Voters -->
<mark id="tok_556" xlink:href="#xpointer(string-range(//body,'',3279,3))"/><!-- see -->
<mark id="tok_557" xlink:href="#xpointer(string-range(//body,'',3283,3))"/><!-- the -->
<mark id="tok_558" xlink:href="#xpointer(string-range(//body,'',3287,3))"/><!-- two -->
<mark id="tok_559" xlink:href="#xpointer(string-range(//body,'',3291,5))"/><!-- major -->
<mark id="tok_560" xlink:href="#xpointer(string-range(//body,'',3297,5))"/><!-- party -->
<mark id="tok_561" xlink:href="#xpointer(string-range(//body,'',3303,8))"/><!-- nominees -->
<mark id="tok_562" xlink:href="#xpointer(string-range(//body,'',3312,2))"/><!-- as -->
<mark id="tok_563" xlink:href="#xpointer(string-range(//body,'',3315,12))"/><!-- exemplifying -->
<mark id="tok_564" xlink:href="#xpointer(string-range(//body,'',3328,4))"/><!-- what -->
<mark id="tok_565" xlink:href="#xpointer(string-range(//body,'',3333,2))"/><!-- is -->
<mark id="tok_566" xlink:href="#xpointer(string-range(//body,'',3336,5))"/><!-- worst -->
<mark id="tok_567" xlink:href="#xpointer(string-range(//body,'',3342,5))"/><!-- about -->
<mark id="tok_568" xlink:href="#xpointer(string-range(//body,'',3348,5))"/><!-- their -->
<mark id="tok_569" xlink:href="#xpointer(string-range(//body,'',3354,10))"/><!-- respective -->
<mark id="tok_570" xlink:href="#xpointer(string-range(//body,'',3365,7))"/><!-- parties -->
<mark id="tok_571" xlink:href="#xpointer(string-range(//body,'',3373,1))"/><!-- , -->
<mark id="tok_572" xlink:href="#xpointer(string-range(//body,'',3375,3))"/><!-- and -->
<mark id="tok_573" xlink:href="#xpointer(string-range(//body,'',3379,4))"/><!-- they -->
<mark id="tok_574" xlink:href="#xpointer(string-range(//body,'',3384,4))"/><!-- want -->
<mark id="tok_575" xlink:href="#xpointer(string-range(//body,'',3389,9))"/><!-- something -->
<mark id="tok_576" xlink:href="#xpointer(string-range(//body,'',3399,6))"/><!-- better -->
<mark id="tok_577" xlink:href="#xpointer(string-range(//body,'',3406,1))"/><!-- . -->
<mark id="tok_578" xlink:href="#xpointer(string-range(//body,'',3408,6))"/><!-- Voters -->
<mark id="tok_579" xlink:href="#xpointer(string-range(//body,'',3415,3))"/><!-- who -->
<mark id="tok_580" xlink:href="#xpointer(string-range(//body,'',3419,4))"/><!-- meet -->
<mark id="tok_581" xlink:href="#xpointer(string-range(//body,'',3424,2))"/><!-- me -->
<mark id="tok_582" xlink:href="#xpointer(string-range(//body,'',3427,3))"/><!-- and -->
<mark id="tok_583" xlink:href="#xpointer(string-range(//body,'',3431,4))"/><!-- hear -->
<mark id="tok_584" xlink:href="#xpointer(string-range(//body,'',3436,2))"/><!-- me -->
<mark id="tok_585" xlink:href="#xpointer(string-range(//body,'',3439,5))"/><!-- speak -->
<mark id="tok_586" xlink:href="#xpointer(string-range(//body,'',3445,4))"/><!-- know -->
<mark id="tok_587" xlink:href="#xpointer(string-range(//body,'',3450,4))"/><!-- that -->
<mark id="tok_588" xlink:href="#xpointer(string-range(//body,'',3455,1))"/><!-- I -->
<mark id="tok_589" xlink:href="#xpointer(string-range(//body,'',3457,2))"/><!-- am -->
<mark id="tok_590" xlink:href="#xpointer(string-range(//body,'',3460,7))"/><!-- sincere -->
<mark id="tok_591" xlink:href="#xpointer(string-range(//body,'',3468,1))"/><!-- , -->
<mark id="tok_592" xlink:href="#xpointer(string-range(//body,'',3470,4))"/><!-- know -->
<mark id="tok_593" xlink:href="#xpointer(string-range(//body,'',3475,4))"/><!-- that -->
<mark id="tok_594" xlink:href="#xpointer(string-range(//body,'',3480,1))"/><!-- I -->
<mark id="tok_595" xlink:href="#xpointer(string-range(//body,'',3482,10))"/><!-- understand -->
<mark id="tok_596" xlink:href="#xpointer(string-range(//body,'',3493,3))"/><!-- the -->
<mark id="tok_597" xlink:href="#xpointer(string-range(//body,'',3497,6))"/><!-- issues -->
<mark id="tok_598" xlink:href="#xpointer(string-range(//body,'',3504,6))"/><!-- deeply -->
<mark id="tok_599" xlink:href="#xpointer(string-range(//body,'',3511,3))"/><!-- and -->
<mark id="tok_600" xlink:href="#xpointer(string-range(//body,'',3515,4))"/><!-- have -->
<mark id="tok_601" xlink:href="#xpointer(string-range(//body,'',3520,8))"/><!-- workable -->
<mark id="tok_602" xlink:href="#xpointer(string-range(//body,'',3529,9))"/><!-- solutions -->
<mark id="tok_603" xlink:href="#xpointer(string-range(//body,'',3539,1))"/><!-- , -->
<mark id="tok_604" xlink:href="#xpointer(string-range(//body,'',3541,3))"/><!-- and -->
<mark id="tok_605" xlink:href="#xpointer(string-range(//body,'',3545,4))"/><!-- know -->
<mark id="tok_606" xlink:href="#xpointer(string-range(//body,'',3550,4))"/><!-- that -->
<mark id="tok_607" xlink:href="#xpointer(string-range(//body,'',3555,1))"/><!-- I -->
<mark id="tok_608" xlink:href="#xpointer(string-range(//body,'',3557,5))"/><!-- stand -->
<mark id="tok_609" xlink:href="#xpointer(string-range(//body,'',3563,2))"/><!-- on -->
<mark id="tok_610" xlink:href="#xpointer(string-range(//body,'',3566,9))"/><!-- principle -->
<mark id="tok_611" xlink:href="#xpointer(string-range(//body,'',3576,7))"/><!-- against -->
<mark id="tok_612" xlink:href="#xpointer(string-range(//body,'',3584,8))"/><!-- cronyism -->
<mark id="tok_613" xlink:href="#xpointer(string-range(//body,'',3593,3))"/><!-- and -->
<mark id="tok_614" xlink:href="#xpointer(string-range(//body,'',3597,11))"/><!-- corporatism -->
<mark id="tok_615" xlink:href="#xpointer(string-range(//body,'',3609,3))"/><!-- and -->
<mark id="tok_616" xlink:href="#xpointer(string-range(//body,'',3613,2))"/><!-- in -->
<mark id="tok_617" xlink:href="#xpointer(string-range(//body,'',3616,5))"/><!-- favor -->
<mark id="tok_618" xlink:href="#xpointer(string-range(//body,'',3622,2))"/><!-- of -->
<mark id="tok_619" xlink:href="#xpointer(string-range(//body,'',3625,3))"/><!-- the -->
<mark id="tok_620" xlink:href="#xpointer(string-range(//body,'',3629,4))"/><!-- rule -->
<mark id="tok_621" xlink:href="#xpointer(string-range(//body,'',3634,2))"/><!-- of -->
<mark id="tok_622" xlink:href="#xpointer(string-range(//body,'',3637,3))"/><!-- law -->
<mark id="tok_623" xlink:href="#xpointer(string-range(//body,'',3641,3))"/><!-- and -->
<mark id="tok_624" xlink:href="#xpointer(string-range(//body,'',3645,3))"/><!-- the -->
<mark id="tok_625" xlink:href="#xpointer(string-range(//body,'',3649,6))"/><!-- public -->
<mark id="tok_626" xlink:href="#xpointer(string-range(//body,'',3656,8))"/><!-- interest -->
<mark id="tok_627" xlink:href="#xpointer(string-range(//body,'',3665,1))"/><!-- . -->
<mark id="tok_628" xlink:href="#xpointer(string-range(//body,'',3667,6))"/><!-- People -->
<mark id="tok_629" xlink:href="#xpointer(string-range(//body,'',3674,4))"/><!-- like -->
<mark id="tok_630" xlink:href="#xpointer(string-range(//body,'',3679,3))"/><!-- the -->
<mark id="tok_631" xlink:href="#xpointer(string-range(//body,'',3683,4))"/><!-- fact -->
<mark id="tok_632" xlink:href="#xpointer(string-range(//body,'',3688,4))"/><!-- that -->
<mark id="tok_633" xlink:href="#xpointer(string-range(//body,'',3693,1))"/><!-- I -->
<mark id="tok_634" xlink:href="#xpointer(string-range(//body,'',3695,5))"/><!-- stand -->
<mark id="tok_635" xlink:href="#xpointer(string-range(//body,'',3701,3))"/><!-- for -->
<mark id="tok_636" xlink:href="#xpointer(string-range(//body,'',3705,1))"/><!-- a -->
<mark id="tok_637" xlink:href="#xpointer(string-range(//body,'',3707,8))"/><!-- Virginia -->
<mark id="tok_638" xlink:href="#xpointer(string-range(//body,'',3716,4))"/><!-- that -->
<mark id="tok_639" xlink:href="#xpointer(string-range(//body,'',3721,2))"/><!-- is -->
<mark id="tok_640" xlink:href="#xpointer(string-range(//body,'',3724,4))"/><!-- both -->
<mark id="tok_641" xlink:href="#xpointer(string-range(//body,'',3729,11))"/><!-- Open-minded -->
<mark id="tok_642" xlink:href="#xpointer(string-range(//body,'',3741,3))"/><!-- and -->
<mark id="tok_643" xlink:href="#xpointer(string-range(//body,'',3745,4))"/><!-- Open -->
<mark id="tok_644" xlink:href="#xpointer(string-range(//body,'',3750,3))"/><!-- for -->
<mark id="tok_645" xlink:href="#xpointer(string-range(//body,'',3754,8))"/><!-- Business -->
<mark id="tok_646" xlink:href="#xpointer(string-range(//body,'',3763,1))"/><!-- . -->
<mark id="tok_647" xlink:href="#xpointer(string-range(//body,'',3765,2))"/><!-- If -->
<mark id="tok_648" xlink:href="#xpointer(string-range(//body,'',3768,7))"/><!-- elected -->
<mark id="tok_649" xlink:href="#xpointer(string-range(//body,'',3776,8))"/><!-- governor -->
<mark id="tok_650" xlink:href="#xpointer(string-range(//body,'',3785,1))"/><!-- , -->
<mark id="tok_651" xlink:href="#xpointer(string-range(//body,'',3787,3))"/><!-- how -->
<mark id="tok_652" xlink:href="#xpointer(string-range(//body,'',3791,4))"/><!-- will -->
<mark id="tok_653" xlink:href="#xpointer(string-range(//body,'',3796,3))"/><!-- you -->
<mark id="tok_654" xlink:href="#xpointer(string-range(//body,'',3800,2))"/><!-- be -->
<mark id="tok_655" xlink:href="#xpointer(string-range(//body,'',3803,4))"/><!-- able -->
<mark id="tok_656" xlink:href="#xpointer(string-range(//body,'',3808,2))"/><!-- to -->
<mark id="tok_657" xlink:href="#xpointer(string-range(//body,'',3811,9))"/><!-- implement -->
<mark id="tok_658" xlink:href="#xpointer(string-range(//body,'',3821,4))"/><!-- your -->
<mark id="tok_659" xlink:href="#xpointer(string-range(//body,'',3826,6))"/><!-- agenda -->
<mark id="tok_660" xlink:href="#xpointer(string-range(//body,'',3833,5))"/><!-- while -->
<mark id="tok_661" xlink:href="#xpointer(string-range(//body,'',3839,7))"/><!-- dealing -->
<mark id="tok_662" xlink:href="#xpointer(string-range(//body,'',3847,4))"/><!-- with -->
<mark id="tok_663" xlink:href="#xpointer(string-range(//body,'',3852,1))"/><!-- a -->
<mark id="tok_664" xlink:href="#xpointer(string-range(//body,'',3854,7))"/><!-- hostile -->
<mark id="tok_665" xlink:href="#xpointer(string-range(//body,'',3862,11))"/><!-- legislature -->
<mark id="tok_666" xlink:href="#xpointer(string-range(//body,'',3874,1))"/><!-- ? -->
<mark id="tok_667" xlink:href="#xpointer(string-range(//body,'',3876,5))"/><!-- There -->
<mark id="tok_668" xlink:href="#xpointer(string-range(//body,'',3882,3))"/><!-- are -->
<mark id="tok_669" xlink:href="#xpointer(string-range(//body,'',3886,10))"/><!-- precedents -->
<mark id="tok_670" xlink:href="#xpointer(string-range(//body,'',3897,2))"/><!-- of -->
<mark id="tok_671" xlink:href="#xpointer(string-range(//body,'',3900,11))"/><!-- independent -->
<mark id="tok_672" xlink:href="#xpointer(string-range(//body,'',3912,9))"/><!-- governors -->
<mark id="tok_673" xlink:href="#xpointer(string-range(//body,'',3922,7))"/><!-- dealing -->
<mark id="tok_674" xlink:href="#xpointer(string-range(//body,'',3930,11))"/><!-- effectively -->
<mark id="tok_675" xlink:href="#xpointer(string-range(//body,'',3942,4))"/><!-- with -->
<mark id="tok_676" xlink:href="#xpointer(string-range(//body,'',3947,3))"/><!-- the -->
<mark id="tok_677" xlink:href="#xpointer(string-range(//body,'',3951,11))"/><!-- legislature -->
<mark id="tok_678" xlink:href="#xpointer(string-range(//body,'',3963,1))"/><!-- , -->
<mark id="tok_679" xlink:href="#xpointer(string-range(//body,'',3965,3))"/><!-- and -->
<mark id="tok_680" xlink:href="#xpointer(string-range(//body,'',3969,6))"/><!-- indeed -->
<mark id="tok_681" xlink:href="#xpointer(string-range(//body,'',3976,1))"/><!-- a -->
<mark id="tok_682" xlink:href="#xpointer(string-range(//body,'',3978,4))"/><!-- wise -->
<mark id="tok_683" xlink:href="#xpointer(string-range(//body,'',3983,11))"/><!-- third-party -->
<mark id="tok_684" xlink:href="#xpointer(string-range(//body,'',3995,8))"/><!-- governor -->
<mark id="tok_685" xlink:href="#xpointer(string-range(//body,'',4004,3))"/><!-- can -->
<mark id="tok_686" xlink:href="#xpointer(string-range(//body,'',4008,4))"/><!-- have -->
<mark id="tok_687" xlink:href="#xpointer(string-range(//body,'',4013,7))"/><!-- greater -->
<mark id="tok_688" xlink:href="#xpointer(string-range(//body,'',4021,13))"/><!-- effectiveness -->
<mark id="tok_689" xlink:href="#xpointer(string-range(//body,'',4035,4))"/><!-- than -->
<mark id="tok_690" xlink:href="#xpointer(string-range(//body,'',4040,1))"/><!-- a -->
<mark id="tok_691" xlink:href="#xpointer(string-range(//body,'',4042,5))"/><!-- major -->
<mark id="tok_692" xlink:href="#xpointer(string-range(//body,'',4048,5))"/><!-- party -->
<mark id="tok_693" xlink:href="#xpointer(string-range(//body,'',4054,8))"/><!-- governor -->
<mark id="tok_694" xlink:href="#xpointer(string-range(//body,'',4063,1))"/><!-- . -->
<mark id="tok_695" xlink:href="#xpointer(string-range(//body,'',4065,12))"/><!-- Libertarians -->
<mark id="tok_696" xlink:href="#xpointer(string-range(//body,'',4078,5))"/><!-- share -->
<mark id="tok_697" xlink:href="#xpointer(string-range(//body,'',4084,4))"/><!-- many -->
<mark id="tok_698" xlink:href="#xpointer(string-range(//body,'',4089,6))"/><!-- policy -->
<mark id="tok_699" xlink:href="#xpointer(string-range(//body,'',4096,9))"/><!-- positions -->
<mark id="tok_700" xlink:href="#xpointer(string-range(//body,'',4106,4))"/><!-- with -->
<mark id="tok_701" xlink:href="#xpointer(string-range(//body,'',4111,4))"/><!-- each -->
<mark id="tok_702" xlink:href="#xpointer(string-range(//body,'',4116,2))"/><!-- of -->
<mark id="tok_703" xlink:href="#xpointer(string-range(//body,'',4119,3))"/><!-- the -->
<mark id="tok_704" xlink:href="#xpointer(string-range(//body,'',4123,5))"/><!-- major -->
<mark id="tok_705" xlink:href="#xpointer(string-range(//body,'',4129,7))"/><!-- parties -->
<mark id="tok_706" xlink:href="#xpointer(string-range(//body,'',4137,1))"/><!-- . -->
<mark id="tok_707" xlink:href="#xpointer(string-range(//body,'',4139,7))"/><!-- Working -->
<mark id="tok_708" xlink:href="#xpointer(string-range(//body,'',4147,8))"/><!-- together -->
<mark id="tok_709" xlink:href="#xpointer(string-range(//body,'',4156,4))"/><!-- with -->
<mark id="tok_710" xlink:href="#xpointer(string-range(//body,'',4161,4))"/><!-- both -->
<mark id="tok_711" xlink:href="#xpointer(string-range(//body,'',4166,11))"/><!-- Republicans -->
<mark id="tok_712" xlink:href="#xpointer(string-range(//body,'',4178,3))"/><!-- and -->
<mark id="tok_713" xlink:href="#xpointer(string-range(//body,'',4182,9))"/><!-- Democrats -->
<mark id="tok_714" xlink:href="#xpointer(string-range(//body,'',4192,1))"/><!-- , -->
<mark id="tok_715" xlink:href="#xpointer(string-range(//body,'',4194,2))"/><!-- we -->
<mark id="tok_716" xlink:href="#xpointer(string-range(//body,'',4197,3))"/><!-- can -->
<mark id="tok_717" xlink:href="#xpointer(string-range(//body,'',4201,3))"/><!-- get -->
<mark id="tok_718" xlink:href="#xpointer(string-range(//body,'',4205,3))"/><!-- the -->
<mark id="tok_719" xlink:href="#xpointer(string-range(//body,'',4209,4))"/><!-- good -->
<mark id="tok_720" xlink:href="#xpointer(string-range(//body,'',4214,7))"/><!-- aspects -->
<mark id="tok_721" xlink:href="#xpointer(string-range(//body,'',4222,2))"/><!-- of -->
<mark id="tok_722" xlink:href="#xpointer(string-range(//body,'',4225,4))"/><!-- each -->
<mark id="tok_723" xlink:href="#xpointer(string-range(//body,'',4230,5))"/><!-- party -->
<mark id="tok_724" xlink:href="#xpointer(string-range(//body,'',4236,5))"/><!-- while -->
<mark id="tok_725" xlink:href="#xpointer(string-range(//body,'',4242,9))"/><!-- rejecting -->
<mark id="tok_726" xlink:href="#xpointer(string-range(//body,'',4252,3))"/><!-- the -->
<mark id="tok_727" xlink:href="#xpointer(string-range(//body,'',4256,3))"/><!-- bad -->
<mark id="tok_728" xlink:href="#xpointer(string-range(//body,'',4260,5))"/><!-- parts -->
<mark id="tok_729" xlink:href="#xpointer(string-range(//body,'',4266,2))"/><!-- of -->
<mark id="tok_730" xlink:href="#xpointer(string-range(//body,'',4269,4))"/><!-- both -->
<mark id="tok_731" xlink:href="#xpointer(string-range(//body,'',4274,1))"/><!-- . -->
<mark id="tok_732" xlink:href="#xpointer(string-range(//body,'',4276,8))"/><!-- Moreover -->
<mark id="tok_733" xlink:href="#xpointer(string-range(//body,'',4285,1))"/><!-- , -->
<mark id="tok_734" xlink:href="#xpointer(string-range(//body,'',4287,8))"/><!-- electing -->
<mark id="tok_735" xlink:href="#xpointer(string-range(//body,'',4296,1))"/><!-- a -->
<mark id="tok_736" xlink:href="#xpointer(string-range(//body,'',4298,11))"/><!-- third-party -->
<mark id="tok_737" xlink:href="#xpointer(string-range(//body,'',4310,8))"/><!-- governor -->
<mark id="tok_738" xlink:href="#xpointer(string-range(//body,'',4319,10))"/><!-- represents -->
<mark id="tok_739" xlink:href="#xpointer(string-range(//body,'',4330,1))"/><!-- a -->
<mark id="tok_740" xlink:href="#xpointer(string-range(//body,'',4332,11))"/><!-- repudiation -->
<mark id="tok_741" xlink:href="#xpointer(string-range(//body,'',4344,2))"/><!-- of -->
<mark id="tok_742" xlink:href="#xpointer(string-range(//body,'',4347,8))"/><!-- politics -->
<mark id="tok_743" xlink:href="#xpointer(string-range(//body,'',4356,2))"/><!-- as -->
<mark id="tok_744" xlink:href="#xpointer(string-range(//body,'',4359,5))"/><!-- usual -->
<mark id="tok_745" xlink:href="#xpointer(string-range(//body,'',4365,1))"/><!-- , -->
<mark id="tok_746" xlink:href="#xpointer(string-range(//body,'',4367,3))"/><!-- and -->
<mark id="tok_747" xlink:href="#xpointer(string-range(//body,'',4371,3))"/><!-- the -->
<mark id="tok_748" xlink:href="#xpointer(string-range(//body,'',4375,5))"/><!-- major -->
<mark id="tok_749" xlink:href="#xpointer(string-range(//body,'',4381,5))"/><!-- party -->
<mark id="tok_750" xlink:href="#xpointer(string-range(//body,'',4387,11))"/><!-- legislators -->
<mark id="tok_751" xlink:href="#xpointer(string-range(//body,'',4399,4))"/><!-- will -->
<mark id="tok_752" xlink:href="#xpointer(string-range(//body,'',4404,4))"/><!-- face -->
<mark id="tok_753" xlink:href="#xpointer(string-range(//body,'',4409,7))"/><!-- changed -->
<mark id="tok_754" xlink:href="#xpointer(string-range(//body,'',4417,11))"/><!-- constraints -->
<mark id="tok_755" xlink:href="#xpointer(string-range(//body,'',4429,3))"/><!-- and -->
<mark id="tok_756" xlink:href="#xpointer(string-range(//body,'',4433,10))"/><!-- incentives -->
<mark id="tok_757" xlink:href="#xpointer(string-range(//body,'',4444,1))"/><!-- , -->
<mark id="tok_758" xlink:href="#xpointer(string-range(//body,'',4446,7))"/><!-- meaning -->
<mark id="tok_759" xlink:href="#xpointer(string-range(//body,'',4454,4))"/><!-- that -->
<mark id="tok_760" xlink:href="#xpointer(string-range(//body,'',4459,4))"/><!-- much -->
<mark id="tok_761" xlink:href="#xpointer(string-range(//body,'',4464,4))"/><!-- more -->
<mark id="tok_762" xlink:href="#xpointer(string-range(//body,'',4469,2))"/><!-- is -->
<mark id="tok_763" xlink:href="#xpointer(string-range(//body,'',4472,8))"/><!-- possible -->
<mark id="tok_764" xlink:href="#xpointer(string-range(//body,'',4481,4))"/><!-- than -->
<mark id="tok_765" xlink:href="#xpointer(string-range(//body,'',4486,4))"/><!-- many -->
<mark id="tok_766" xlink:href="#xpointer(string-range(//body,'',4491,6))"/><!-- people -->
<mark id="tok_767" xlink:href="#xpointer(string-range(//body,'',4498,6))"/><!-- assume -->
<mark id="tok_768" xlink:href="#xpointer(string-range(//body,'',4505,1))"/><!-- , -->
<mark id="tok_769" xlink:href="#xpointer(string-range(//body,'',4507,10))"/><!-- especially -->
<mark id="tok_770" xlink:href="#xpointer(string-range(//body,'',4518,4))"/><!-- with -->
<mark id="tok_771" xlink:href="#xpointer(string-range(//body,'',4523,6))"/><!-- strong -->
<mark id="tok_772" xlink:href="#xpointer(string-range(//body,'',4530,10))"/><!-- leadership -->
<mark id="tok_773" xlink:href="#xpointer(string-range(//body,'',4541,1))"/><!-- . -->
<mark id="tok_774" xlink:href="#xpointer(string-range(//body,'',4543,5))"/><!-- Which -->
<mark id="tok_775" xlink:href="#xpointer(string-range(//body,'',4549,8))"/><!-- previous -->
<mark id="tok_776" xlink:href="#xpointer(string-range(//body,'',4558,8))"/><!-- Virginia -->
<mark id="tok_777" xlink:href="#xpointer(string-range(//body,'',4567,11))"/><!-- Governor(s) -->
<mark id="tok_778" xlink:href="#xpointer(string-range(//body,'',4579,2))"/><!-- do -->
<mark id="tok_779" xlink:href="#xpointer(string-range(//body,'',4582,3))"/><!-- you -->
<mark id="tok_780" xlink:href="#xpointer(string-range(//body,'',4586,4))"/><!-- most -->
<mark id="tok_781" xlink:href="#xpointer(string-range(//body,'',4591,6))"/><!-- admire -->
<mark id="tok_782" xlink:href="#xpointer(string-range(//body,'',4598,3))"/><!-- and -->
<mark id="tok_783" xlink:href="#xpointer(string-range(//body,'',4602,3))"/><!-- why -->
<mark id="tok_784" xlink:href="#xpointer(string-range(//body,'',4606,1))"/><!-- ? -->
<mark id="tok_785" xlink:href="#xpointer(string-range(//body,'',4608,6))"/><!-- Thomas -->
<mark id="tok_786" xlink:href="#xpointer(string-range(//body,'',4615,9))"/><!-- Jefferson -->
<mark id="tok_787" xlink:href="#xpointer(string-range(//body,'',4625,1))"/><!-- . -->
<mark id="tok_788" xlink:href="#xpointer(string-range(//body,'',4627,2))"/><!-- He -->
<mark id="tok_789" xlink:href="#xpointer(string-range(//body,'',4630,3))"/><!-- was -->
<mark id="tok_790" xlink:href="#xpointer(string-range(//body,'',4634,10))"/><!-- incredibly -->
<mark id="tok_791" xlink:href="#xpointer(string-range(//body,'',4645,7))"/><!-- learned -->
<mark id="tok_792" xlink:href="#xpointer(string-range(//body,'',4653,3))"/><!-- and -->
<mark id="tok_793" xlink:href="#xpointer(string-range(//body,'',4657,3))"/><!-- was -->
<mark id="tok_794" xlink:href="#xpointer(string-range(//body,'',4661,1))"/><!-- a -->
<mark id="tok_795" xlink:href="#xpointer(string-range(//body,'',4663,6))"/><!-- strong -->
<mark id="tok_796" xlink:href="#xpointer(string-range(//body,'',4670,8))"/><!-- advocate -->
<mark id="tok_797" xlink:href="#xpointer(string-range(//body,'',4679,3))"/><!-- for -->
<mark id="tok_798" xlink:href="#xpointer(string-range(//body,'',4683,7))"/><!-- freedom -->
<mark id="tok_799" xlink:href="#xpointer(string-range(//body,'',4691,3))"/><!-- and -->
<mark id="tok_800" xlink:href="#xpointer(string-range(//body,'',4695,3))"/><!-- the -->
<mark id="tok_801" xlink:href="#xpointer(string-range(//body,'',4699,4))"/><!-- rule -->
<mark id="tok_802" xlink:href="#xpointer(string-range(//body,'',4704,2))"/><!-- of -->
<mark id="tok_803" xlink:href="#xpointer(string-range(//body,'',4707,3))"/><!-- law -->
<mark id="tok_804" xlink:href="#xpointer(string-range(//body,'',4711,1))"/><!-- . -->
<mark id="tok_805" xlink:href="#xpointer(string-range(//body,'',4713,2))"/><!-- He -->
<mark id="tok_806" xlink:href="#xpointer(string-range(//body,'',4716,5))"/><!-- would -->
<mark id="tok_807" xlink:href="#xpointer(string-range(//body,'',4722,2))"/><!-- be -->
<mark id="tok_808" xlink:href="#xpointer(string-range(//body,'',4725,1))"/><!-- a -->
<mark id="tok_809" xlink:href="#xpointer(string-range(//body,'',4727,11))"/><!-- Libertarian -->
<mark id="tok_810" xlink:href="#xpointer(string-range(//body,'',4739,5))"/><!-- today -->
<mark id="tok_811" xlink:href="#xpointer(string-range(//body,'',4745,1))"/><!-- . -->
<mark id="tok_812" xlink:href="#xpointer(string-range(//body,'',4747,6))"/><!-- Robert -->
<mark id="tok_813" xlink:href="#xpointer(string-range(//body,'',4754,6))"/><!-- Sarvis -->
<mark id="tok_814" xlink:href="#xpointer(string-range(//body,'',4761,1))"/><!-- . -->
<mark id="tok_815" xlink:href="#xpointer(string-range(//body,'',4763,5))"/><!-- Image -->
<mark id="tok_816" xlink:href="#xpointer(string-range(//body,'',4769,1))"/><!-- : -->
<mark id="tok_817" xlink:href="#xpointer(string-range(//body,'',4771,6))"/><!-- Sarvis -->
<mark id="tok_818" xlink:href="#xpointer(string-range(//body,'',4778,3))"/><!-- for -->
<mark id="tok_819" xlink:href="#xpointer(string-range(//body,'',4782,8))"/><!-- Governor -->
<mark id="tok_820" xlink:href="#xpointer(string-range(//body,'',4791,1))"/><!-- . -->
<mark id="tok_821" xlink:href="#xpointer(string-range(//body,'',4793,8))"/><!-- Virginia -->
<mark id="tok_822" xlink:href="#xpointer(string-range(//body,'',4802,1))"/><!-- , -->
<mark id="tok_823" xlink:href="#xpointer(string-range(//body,'',4804,11))"/><!-- highlighted -->
<mark id="tok_824" xlink:href="#xpointer(string-range(//body,'',4816,2))"/><!-- in -->
<mark id="tok_825" xlink:href="#xpointer(string-range(//body,'',4819,3))"/><!-- red -->
<mark id="tok_826" xlink:href="#xpointer(string-range(//body,'',4823,1))"/><!-- . -->
<mark id="tok_827" xlink:href="#xpointer(string-range(//body,'',4825,5))"/><!-- Image -->
<mark id="tok_828" xlink:href="#xpointer(string-range(//body,'',4831,1))"/><!-- : -->
<mark id="tok_829" xlink:href="#xpointer(string-range(//body,'',4833,5))"/><!-- Huebi -->
<mark id="tok_830" xlink:href="#xpointer(string-range(//body,'',4839,1))"/><!-- . -->
</markList>
</paula>
