<?xml version="1.0" encoding="UTF-8" standalone="no"?>

<!DOCTYPE paula SYSTEM "paula_feat.dtd">
<paula version="1.0">

<header paula_id="GUM.GUM_interview_libertarian_lemma"/>

<featList xmlns:xlink="http://www.w3.org/1999/xlink" type="lemma" xml:base="GUM.GUM_interview_libertarian.tok.xml">
<feat xlink:href="#tok_1" value="Wikinews"/><!-- Wikinews...Virginia -->
<feat xlink:href="#tok_2" value="interview"/><!-- Wikinews...Virginia -->
<feat xlink:href="#tok_3" value="Robert"/><!-- Wikinews...Virginia -->
<feat xlink:href="#tok_4" value="Sarvis"/><!-- Wikinews...Virginia -->
<feat xlink:href="#tok_5" value=","/><!-- Wikinews...Virginia -->
<feat xlink:href="#tok_6" value="libertarian"/><!-- Wikinews...Virginia -->
<feat xlink:href="#tok_7" value="Party"/><!-- Wikinews...Virginia -->
<feat xlink:href="#tok_8" value="nominee"/><!-- Wikinews...Virginia -->
<feat xlink:href="#tok_9" value="for"/><!-- Wikinews...Virginia -->
<feat xlink:href="#tok_10" value="Governor"/><!-- Wikinews...Virginia -->
<feat xlink:href="#tok_11" value="of"/><!-- Wikinews...Virginia -->
<feat xlink:href="#tok_12" value="Virginia"/><!-- Wikinews...Virginia -->
<feat xlink:href="#tok_13" value="Saturday"/><!-- Saturday...2013 -->
<feat xlink:href="#tok_14" value=","/><!-- Saturday...2013 -->
<feat xlink:href="#tok_15" value="October"/><!-- Saturday...2013 -->
<feat xlink:href="#tok_16" value="@card@"/><!-- Saturday...2013 -->
<feat xlink:href="#tok_17" value=","/><!-- Saturday...2013 -->
<feat xlink:href="#tok_18" value="@card@"/><!-- Saturday...2013 -->
<feat xlink:href="#tok_19" value="Attorney"/><!-- Attorney.... -->
<feat xlink:href="#tok_20" value="Robert"/><!-- Attorney.... -->
<feat xlink:href="#tok_21" value="Sarvis"/><!-- Robert...Sarvis -->
<feat xlink:href="#tok_22" value=","/><!-- Robert...Sarvis -->
<feat xlink:href="#tok_23" value="the"/><!-- Robert...Sarvis -->
<feat xlink:href="#tok_24" value="libertarian"/><!-- Robert...Sarvis -->
<feat xlink:href="#tok_25" value="Party"/><!-- Libertarian...&apos;s -->
<feat xlink:href="#tok_26" value="s"/><!-- Libertarian...&apos;s -->
<feat xlink:href="#tok_27" value="nominee"/><!-- Libertarian...&apos;s -->
<feat xlink:href="#tok_28" value="for"/><!-- Libertarian...&apos;s -->
<feat xlink:href="#tok_29" value="Governor"/><!-- Libertarian...&apos;s -->
<feat xlink:href="#tok_30" value="of"/><!-- Governor...of -->
<feat xlink:href="#tok_31" value="Virginia"/><!-- Governor...of -->
<feat xlink:href="#tok_32" value=","/><!-- Virginia -->
<feat xlink:href="#tok_33" value="answer"/><!-- Virginia -->
<feat xlink:href="#tok_34" value="five"/><!-- Virginia -->
<feat xlink:href="#tok_35" value="question"/><!-- Virginia -->
<feat xlink:href="#tok_36" value="submit"/><!-- Virginia -->
<feat xlink:href="#tok_37" value="via"/><!-- Virginia -->
<feat xlink:href="#tok_38" value="E-mail"/><!-- Virginia -->
<feat xlink:href="#tok_39" value="by"/><!-- Virginia -->
<feat xlink:href="#tok_40" value="accredit"/><!-- Virginia -->
<feat xlink:href="#tok_41" value="Wikinews"/><!-- Virginia -->
<feat xlink:href="#tok_42" value="reporter"/><!-- Wikinews -->
<feat xlink:href="#tok_43" value="William"/><!-- Wikinews -->
<feat xlink:href="#tok_44" value="Saturn"/><!-- Wikinews -->
<feat xlink:href="#tok_45" value="."/><!-- Wikinews -->
<feat xlink:href="#tok_46" value="Sarvis"/><!-- Sarvis.... -->
<feat xlink:href="#tok_47" value="have"/><!-- Sarvis.... -->
<feat xlink:href="#tok_48" value="garner"/><!-- Sarvis.... -->
<feat xlink:href="#tok_49" value="double"/><!-- Sarvis.... -->
<feat xlink:href="#tok_50" value="digit"/><!-- Sarvis.... -->
<feat xlink:href="#tok_51" value="in"/><!-- Sarvis.... -->
<feat xlink:href="#tok_52" value="opinion"/><!-- Sarvis.... -->
<feat xlink:href="#tok_53" value="poll"/><!-- Sarvis.... -->
<feat xlink:href="#tok_54" value="for"/><!-- Sarvis.... -->
<feat xlink:href="#tok_55" value="the"/><!-- Sarvis.... -->
<feat xlink:href="#tok_56" value="@card@"/><!-- Sarvis.... -->
<feat xlink:href="#tok_57" value="Virginia"/><!-- 2013...election -->
<feat xlink:href="#tok_58" value="gubernatorial"/><!-- 2013...election -->
<feat xlink:href="#tok_59" value="election"/><!-- 2013...election -->
<feat xlink:href="#tok_60" value=","/><!-- 2013...election -->
<feat xlink:href="#tok_61" value="an"/><!-- 2013...election -->
<feat xlink:href="#tok_62" value="unusual"/><!-- 2013...election -->
<feat xlink:href="#tok_63" value="feat"/><!-- 2013...election -->
<feat xlink:href="#tok_64" value="for"/><!-- 2013...election -->
<feat xlink:href="#tok_65" value="a"/><!-- 2013...election -->
<feat xlink:href="#tok_66" value="third"/><!-- 2013...election -->
<feat xlink:href="#tok_67" value="party"/><!-- 2013...election -->
<feat xlink:href="#tok_68" value="candidate"/><!-- 2013...election -->
<feat xlink:href="#tok_69" value="."/><!-- 2013...election -->
<feat xlink:href="#tok_70" value="the"/><!-- The.... -->
<feat xlink:href="#tok_71" value="late"/><!-- The.... -->
<feat xlink:href="#tok_72" value="Newsmax"/><!-- The.... -->
<feat xlink:href="#tok_73" value="/"/><!-- Newsmax -->
<feat xlink:href="#tok_74" value="Zogby"/><!-- Newsmax -->
<feat xlink:href="#tok_75" value="poll"/><!-- Newsmax -->
<feat xlink:href="#tok_76" value="from"/><!-- Newsmax -->
<feat xlink:href="#tok_77" value="late"/><!-- Newsmax -->
<feat xlink:href="#tok_78" value="September"/><!-- Newsmax -->
<feat xlink:href="#tok_79" value="place"/><!-- Newsmax -->
<feat xlink:href="#tok_80" value="him"/><!-- Newsmax -->
<feat xlink:href="#tok_81" value="at"/><!-- Newsmax -->
<feat xlink:href="#tok_82" value="@card@"/><!-- Newsmax -->
<feat xlink:href="#tok_83" value="percent"/><!-- Newsmax -->
<feat xlink:href="#tok_84" value=","/><!-- Newsmax -->
<feat xlink:href="#tok_85" value="@card@"/><!-- Newsmax -->
<feat xlink:href="#tok_86" value="point"/><!-- Newsmax -->
<feat xlink:href="#tok_87" value="behind"/><!-- Newsmax -->
<feat xlink:href="#tok_88" value="Republican"/><!-- Newsmax -->
<feat xlink:href="#tok_89" value="Party"/><!-- Republican...Party -->
<feat xlink:href="#tok_90" value="nominee"/><!-- Republican...Party -->
<feat xlink:href="#tok_91" value="Ken"/><!-- Republican...Party -->
<feat xlink:href="#tok_92" value="Cuccinelli"/><!-- Ken...Cuccinelli -->
<feat xlink:href="#tok_93" value=","/><!-- Ken...Cuccinelli -->
<feat xlink:href="#tok_94" value="Virginia"/><!-- Ken...Cuccinelli -->
<feat xlink:href="#tok_95" value="s"/><!-- Virginia...General -->
<feat xlink:href="#tok_96" value="Attorney"/><!-- Virginia...General -->
<feat xlink:href="#tok_97" value="General"/><!-- Virginia...General -->
<feat xlink:href="#tok_98" value=","/><!-- Virginia...General -->
<feat xlink:href="#tok_99" value="and"/><!-- Virginia...General -->
<feat xlink:href="#tok_100" value="@card@"/><!-- Virginia...General -->
<feat xlink:href="#tok_101" value="point"/><!-- Virginia...General -->
<feat xlink:href="#tok_102" value="behind"/><!-- Virginia...General -->
<feat xlink:href="#tok_103" value="Democratic"/><!-- Virginia...General -->
<feat xlink:href="#tok_104" value="Party"/><!-- Democratic...Party -->
<feat xlink:href="#tok_105" value="nominee"/><!-- Democratic...Party -->
<feat xlink:href="#tok_106" value="Terry"/><!-- Democratic...Party -->
<feat xlink:href="#tok_107" value="McAuliffe"/><!-- Terry...McAuliffe -->
<feat xlink:href="#tok_108" value=","/><!-- Terry...McAuliffe -->
<feat xlink:href="#tok_109" value="the"/><!-- Terry...McAuliffe -->
<feat xlink:href="#tok_110" value="former"/><!-- Terry...McAuliffe -->
<feat xlink:href="#tok_111" value="Democratic"/><!-- Terry...McAuliffe -->
<feat xlink:href="#tok_112" value="National"/><!-- Democratic...Committee -->
<feat xlink:href="#tok_113" value="Committee"/><!-- Democratic...Committee -->
<feat xlink:href="#tok_114" value="chairman"/><!-- Democratic...Committee -->
<feat xlink:href="#tok_115" value=","/><!-- Democratic...Committee -->
<feat xlink:href="#tok_116" value="with"/><!-- Democratic...Committee -->
<feat xlink:href="#tok_117" value="@card@"/><!-- Democratic...Committee -->
<feat xlink:href="#tok_118" value="percent"/><!-- Democratic...Committee -->
<feat xlink:href="#tok_119" value="undecided"/><!-- Democratic...Committee -->
<feat xlink:href="#tok_120" value="."/><!-- Democratic...Committee -->
<feat xlink:href="#tok_121" value="whoever"/><!-- Whoever.... -->
<feat xlink:href="#tok_122" value="win"/><!-- Whoever.... -->
<feat xlink:href="#tok_123" value="election"/><!-- Whoever.... -->
<feat xlink:href="#tok_124" value="on"/><!-- Whoever.... -->
<feat xlink:href="#tok_125" value="November"/><!-- Whoever.... -->
<feat xlink:href="#tok_126" value="5"/><!-- Whoever.... -->
<feat xlink:href="#tok_127" value=","/><!-- Whoever.... -->
<feat xlink:href="#tok_128" value="@card@"/><!-- Whoever.... -->
<feat xlink:href="#tok_129" value=","/><!-- Whoever.... -->
<feat xlink:href="#tok_130" value="would"/><!-- Whoever.... -->
<feat xlink:href="#tok_131" value="replace"/><!-- Whoever.... -->
<feat xlink:href="#tok_132" value="outgoing"/><!-- Whoever.... -->
<feat xlink:href="#tok_133" value="governor"/><!-- Whoever.... -->
<feat xlink:href="#tok_134" value="Bob"/><!-- Whoever.... -->
<feat xlink:href="#tok_135" value="McDonnell"/><!-- Bob...McDonnell -->
<feat xlink:href="#tok_136" value="."/><!-- Bob...McDonnell -->
<feat xlink:href="#tok_137" value="on"/><!-- On.... -->
<feat xlink:href="#tok_138" value="his"/><!-- On.... -->
<feat xlink:href="#tok_139" value="campaign"/><!-- On.... -->
<feat xlink:href="#tok_140" value="website"/><!-- On.... -->
<feat xlink:href="#tok_141" value=","/><!-- On.... -->
<feat xlink:href="#tok_142" value="Sarvis"/><!-- On.... -->
<feat xlink:href="#tok_143" value="note"/><!-- On.... -->
<feat xlink:href="#tok_144" value="he"/><!-- On.... -->
<feat xlink:href="#tok_145" value="favor"/><!-- On.... -->
<feat xlink:href="#tok_146" value="parental"/><!-- On.... -->
<feat xlink:href="#tok_147" value="school"/><!-- On.... -->
<feat xlink:href="#tok_148" value="choice"/><!-- On.... -->
<feat xlink:href="#tok_149" value="through"/><!-- On.... -->
<feat xlink:href="#tok_150" value="student"/><!-- On.... -->
<feat xlink:href="#tok_151" value="voucher"/><!-- student...vouchers -->
<feat xlink:href="#tok_152" value=","/><!-- student...vouchers -->
<feat xlink:href="#tok_153" value="simplification"/><!-- student...vouchers -->
<feat xlink:href="#tok_154" value="of"/><!-- student...vouchers -->
<feat xlink:href="#tok_155" value="Virginia"/><!-- student...vouchers -->
<feat xlink:href="#tok_156" value="s"/><!-- student...vouchers -->
<feat xlink:href="#tok_157" value="Tax"/><!-- student...vouchers -->
<feat xlink:href="#tok_158" value="Code"/><!-- student...vouchers -->
<feat xlink:href="#tok_159" value=","/><!-- student...vouchers -->
<feat xlink:href="#tok_160" value="US"/><!-- student...vouchers -->
<feat xlink:href="#tok_161" value="Second"/><!-- US...Amendment -->
<feat xlink:href="#tok_162" value="Amendment"/><!-- US...Amendment -->
<feat xlink:href="#tok_163" value="-"/><!-- US...Amendment -->
<feat xlink:href="#tok_164" value="gun"/><!-- US...Amendment -->
<feat xlink:href="#tok_165" value="-"/><!-- gun -->
<feat xlink:href="#tok_166" value="right"/><!-- gun -->
<feat xlink:href="#tok_167" value=","/><!-- gun -->
<feat xlink:href="#tok_168" value="same-sex"/><!-- gun -->
<feat xlink:href="#tok_169" value="marriage"/><!-- same-sex...marriage -->
<feat xlink:href="#tok_170" value=","/><!-- same-sex...marriage -->
<feat xlink:href="#tok_171" value="and"/><!-- same-sex...marriage -->
<feat xlink:href="#tok_172" value="reform"/><!-- same-sex...marriage -->
<feat xlink:href="#tok_173" value="of"/><!-- same-sex...marriage -->
<feat xlink:href="#tok_174" value="the"/><!-- same-sex...marriage -->
<feat xlink:href="#tok_175" value="state"/><!-- same-sex...marriage -->
<feat xlink:href="#tok_176" value="s"/><!-- same-sex...marriage -->
<feat xlink:href="#tok_177" value="drug"/><!-- same-sex...marriage -->
<feat xlink:href="#tok_178" value="law"/><!-- same-sex...marriage -->
<feat xlink:href="#tok_179" value="."/><!-- same-sex...marriage -->
<feat xlink:href="#tok_180" value="with"/><!-- With.... -->
<feat xlink:href="#tok_181" value="Wikinews"/><!-- With.... -->
<feat xlink:href="#tok_182" value=","/><!-- With.... -->
<feat xlink:href="#tok_183" value="Sarvis"/><!-- With.... -->
<feat xlink:href="#tok_184" value="discuss"/><!-- With.... -->
<feat xlink:href="#tok_185" value="his"/><!-- With.... -->
<feat xlink:href="#tok_186" value="background"/><!-- With.... -->
<feat xlink:href="#tok_187" value=","/><!-- With.... -->
<feat xlink:href="#tok_188" value="view"/><!-- With.... -->
<feat xlink:href="#tok_189" value="on"/><!-- With.... -->
<feat xlink:href="#tok_190" value="McDonnell"/><!-- With.... -->
<feat xlink:href="#tok_191" value="s"/><!-- With.... -->
<feat xlink:href="#tok_192" value="tenure"/><!-- With.... -->
<feat xlink:href="#tok_193" value=","/><!-- With.... -->
<feat xlink:href="#tok_194" value="key"/><!-- With.... -->
<feat xlink:href="#tok_195" value="to"/><!-- With.... -->
<feat xlink:href="#tok_196" value="campaign"/><!-- With.... -->
<feat xlink:href="#tok_197" value="success"/><!-- With.... -->
<feat xlink:href="#tok_198" value=","/><!-- With.... -->
<feat xlink:href="#tok_199" value="plan"/><!-- With.... -->
<feat xlink:href="#tok_200" value="to"/><!-- With.... -->
<feat xlink:href="#tok_201" value="implement"/><!-- With.... -->
<feat xlink:href="#tok_202" value="his"/><!-- With.... -->
<feat xlink:href="#tok_203" value="agenda"/><!-- With.... -->
<feat xlink:href="#tok_204" value=","/><!-- With.... -->
<feat xlink:href="#tok_205" value="and"/><!-- With.... -->
<feat xlink:href="#tok_206" value="the"/><!-- With.... -->
<feat xlink:href="#tok_207" value="former"/><!-- With.... -->
<feat xlink:href="#tok_208" value="Virginia"/><!-- With.... -->
<feat xlink:href="#tok_209" value="governor"/><!-- With.... -->
<feat xlink:href="#tok_210" value="he"/><!-- With.... -->
<feat xlink:href="#tok_211" value="most"/><!-- With.... -->
<feat xlink:href="#tok_212" value="admire"/><!-- With.... -->
<feat xlink:href="#tok_213" value="."/><!-- With.... -->
<feat xlink:href="#tok_214" value="interview"/><!-- Interview -->
<feat xlink:href="#tok_215" value="What"/><!-- What...? -->
<feat xlink:href="#tok_216" value="be"/><!-- What...? -->
<feat xlink:href="#tok_217" value="the"/><!-- What...? -->
<feat xlink:href="#tok_218" value="most"/><!-- What...? -->
<feat xlink:href="#tok_219" value="important"/><!-- What...? -->
<feat xlink:href="#tok_220" value="aspect"/><!-- What...? -->
<feat xlink:href="#tok_221" value="of"/><!-- What...? -->
<feat xlink:href="#tok_222" value="your"/><!-- What...? -->
<feat xlink:href="#tok_223" value="background"/><!-- What...? -->
<feat xlink:href="#tok_224" value="that"/><!-- What...? -->
<feat xlink:href="#tok_225" value="voter"/><!-- What...? -->
<feat xlink:href="#tok_226" value="should"/><!-- What...? -->
<feat xlink:href="#tok_227" value="know"/><!-- What...? -->
<feat xlink:href="#tok_228" value="about"/><!-- What...? -->
<feat xlink:href="#tok_229" value="?"/><!-- What...? -->
<feat xlink:href="#tok_230" value="I"/><!-- I.... -->
<feat xlink:href="#tok_231" value="be"/><!-- I.... -->
<feat xlink:href="#tok_232" value="the"/><!-- I.... -->
<feat xlink:href="#tok_233" value="only"/><!-- I.... -->
<feat xlink:href="#tok_234" value="candidate"/><!-- I.... -->
<feat xlink:href="#tok_235" value="bear"/><!-- I.... -->
<feat xlink:href="#tok_236" value="and"/><!-- I.... -->
<feat xlink:href="#tok_237" value="raise"/><!-- I.... -->
<feat xlink:href="#tok_238" value="in"/><!-- I.... -->
<feat xlink:href="#tok_239" value="Virginia"/><!-- I.... -->
<feat xlink:href="#tok_240" value=","/><!-- I.... -->
<feat xlink:href="#tok_241" value="but"/><!-- I.... -->
<feat xlink:href="#tok_242" value="also"/><!-- I.... -->
<feat xlink:href="#tok_243" value="the"/><!-- I.... -->
<feat xlink:href="#tok_244" value="only"/><!-- I.... -->
<feat xlink:href="#tok_245" value="candidate"/><!-- I.... -->
<feat xlink:href="#tok_246" value="who"/><!-- I.... -->
<feat xlink:href="#tok_247" value="embody"/><!-- I.... -->
<feat xlink:href="#tok_248" value="both"/><!-- I.... -->
<feat xlink:href="#tok_249" value="physically"/><!-- I.... -->
<feat xlink:href="#tok_250" value="and"/><!-- I.... -->
<feat xlink:href="#tok_251" value="philosophically"/><!-- I.... -->
<feat xlink:href="#tok_252" value="the"/><!-- I.... -->
<feat xlink:href="#tok_253" value="grow"/><!-- I.... -->
<feat xlink:href="#tok_254" value="diversity"/><!-- I.... -->
<feat xlink:href="#tok_255" value="of"/><!-- I.... -->
<feat xlink:href="#tok_256" value="the"/><!-- I.... -->
<feat xlink:href="#tok_257" value="commonwealth"/><!-- I.... -->
<feat xlink:href="#tok_258" value="."/><!-- I.... -->
<feat xlink:href="#tok_259" value="("/><!-- (...) -->
<feat xlink:href="#tok_260" value="I"/><!-- (...) -->
<feat xlink:href="#tok_261" value="be"/><!-- (...) -->
<feat xlink:href="#tok_262" value="mixed-race"/><!-- (...) -->
<feat xlink:href="#tok_263" value="("/><!-- (...) -->
<feat xlink:href="#tok_264" value="half-Chinese"/><!-- (...) -->
<feat xlink:href="#tok_265" value=")"/><!-- (...) -->
<feat xlink:href="#tok_266" value="and"/><!-- (...) -->
<feat xlink:href="#tok_267" value="in"/><!-- (...) -->
<feat xlink:href="#tok_268" value="an"/><!-- (...) -->
<feat xlink:href="#tok_269" value="interracial"/><!-- (...) -->
<feat xlink:href="#tok_270" value="marriage"/><!-- (...) -->
<feat xlink:href="#tok_271" value="."/><!-- (...) -->
<feat xlink:href="#tok_272" value=")"/><!-- (...) -->
<feat xlink:href="#tok_273" value="I"/><!-- I.... -->
<feat xlink:href="#tok_274" value="be"/><!-- I.... -->
<feat xlink:href="#tok_275" value="the"/><!-- I.... -->
<feat xlink:href="#tok_276" value="only"/><!-- I.... -->
<feat xlink:href="#tok_277" value="candidate"/><!-- I.... -->
<feat xlink:href="#tok_278" value="who"/><!-- I.... -->
<feat xlink:href="#tok_279" value="have"/><!-- I.... -->
<feat xlink:href="#tok_280" value="study"/><!-- I.... -->
<feat xlink:href="#tok_281" value="both"/><!-- I.... -->
<feat xlink:href="#tok_282" value="economics"/><!-- I.... -->
<feat xlink:href="#tok_283" value="and"/><!-- I.... -->
<feat xlink:href="#tok_284" value="law"/><!-- I.... -->
<feat xlink:href="#tok_285" value=","/><!-- I.... -->
<feat xlink:href="#tok_286" value="and"/><!-- I.... -->
<feat xlink:href="#tok_287" value="the"/><!-- I.... -->
<feat xlink:href="#tok_288" value="only"/><!-- I.... -->
<feat xlink:href="#tok_289" value="candidate"/><!-- I.... -->
<feat xlink:href="#tok_290" value="with"/><!-- I.... -->
<feat xlink:href="#tok_291" value="a"/><!-- I.... -->
<feat xlink:href="#tok_292" value="background"/><!-- I.... -->
<feat xlink:href="#tok_293" value="in"/><!-- I.... -->
<feat xlink:href="#tok_294" value="technology"/><!-- I.... -->
<feat xlink:href="#tok_295" value="entrepreneurship"/><!-- I.... -->
<feat xlink:href="#tok_296" value="."/><!-- I.... -->
<feat xlink:href="#tok_297" value="because"/><!-- Because.... -->
<feat xlink:href="#tok_298" value="of"/><!-- Because.... -->
<feat xlink:href="#tok_299" value="my"/><!-- Because.... -->
<feat xlink:href="#tok_300" value="academic"/><!-- Because.... -->
<feat xlink:href="#tok_301" value="and"/><!-- Because.... -->
<feat xlink:href="#tok_302" value="professional"/><!-- Because.... -->
<feat xlink:href="#tok_303" value="background"/><!-- Because.... -->
<feat xlink:href="#tok_304" value=","/><!-- Because.... -->
<feat xlink:href="#tok_305" value="I"/><!-- Because.... -->
<feat xlink:href="#tok_306" value="understand"/><!-- Because.... -->
<feat xlink:href="#tok_307" value="the"/><!-- Because.... -->
<feat xlink:href="#tok_308" value="issue"/><!-- Because.... -->
<feat xlink:href="#tok_309" value="and"/><!-- Because.... -->
<feat xlink:href="#tok_310" value="challenge"/><!-- Because.... -->
<feat xlink:href="#tok_311" value="face"/><!-- Because.... -->
<feat xlink:href="#tok_312" value="Virginia"/><!-- Because.... -->
<feat xlink:href="#tok_313" value="much"/><!-- Because.... -->
<feat xlink:href="#tok_314" value="well"/><!-- Because.... -->
<feat xlink:href="#tok_315" value="than"/><!-- Because.... -->
<feat xlink:href="#tok_316" value="the"/><!-- Because.... -->
<feat xlink:href="#tok_317" value="other"/><!-- Because.... -->
<feat xlink:href="#tok_318" value="candidate"/><!-- Because.... -->
<feat xlink:href="#tok_319" value=","/><!-- Because.... -->
<feat xlink:href="#tok_320" value="and"/><!-- Because.... -->
<feat xlink:href="#tok_321" value="I"/><!-- Because.... -->
<feat xlink:href="#tok_322" value="be"/><!-- Because.... -->
<feat xlink:href="#tok_323" value="offer"/><!-- Because.... -->
<feat xlink:href="#tok_324" value="real"/><!-- Because.... -->
<feat xlink:href="#tok_325" value="solution"/><!-- Because.... -->
<feat xlink:href="#tok_326" value="that"/><!-- Because.... -->
<feat xlink:href="#tok_327" value="can"/><!-- Because.... -->
<feat xlink:href="#tok_328" value="be"/><!-- Because.... -->
<feat xlink:href="#tok_329" value="appreciate"/><!-- Because.... -->
<feat xlink:href="#tok_330" value="across"/><!-- Because.... -->
<feat xlink:href="#tok_331" value="the"/><!-- Because.... -->
<feat xlink:href="#tok_332" value="political"/><!-- Because.... -->
<feat xlink:href="#tok_333" value="spectrum"/><!-- Because.... -->
<feat xlink:href="#tok_334" value="."/><!-- Because.... -->
<feat xlink:href="#tok_335" value="I"/><!-- I.... -->
<feat xlink:href="#tok_336" value="be"/><!-- I.... -->
<feat xlink:href="#tok_337" value="the"/><!-- I.... -->
<feat xlink:href="#tok_338" value="only"/><!-- I.... -->
<feat xlink:href="#tok_339" value="candidate"/><!-- I.... -->
<feat xlink:href="#tok_340" value="who"/><!-- I.... -->
<feat xlink:href="#tok_341" value="believe"/><!-- I.... -->
<feat xlink:href="#tok_342" value="in"/><!-- I.... -->
<feat xlink:href="#tok_343" value="both"/><!-- I.... -->
<feat xlink:href="#tok_344" value="economic"/><!-- I.... -->
<feat xlink:href="#tok_345" value="freedom"/><!-- I.... -->
<feat xlink:href="#tok_346" value="and"/><!-- I.... -->
<feat xlink:href="#tok_347" value="personal"/><!-- I.... -->
<feat xlink:href="#tok_348" value="liberty"/><!-- I.... -->
<feat xlink:href="#tok_349" value="and"/><!-- I.... -->
<feat xlink:href="#tok_350" value="the"/><!-- I.... -->
<feat xlink:href="#tok_351" value="only"/><!-- I.... -->
<feat xlink:href="#tok_352" value="candidate"/><!-- I.... -->
<feat xlink:href="#tok_353" value="who"/><!-- I.... -->
<feat xlink:href="#tok_354" value="stand"/><!-- I.... -->
<feat xlink:href="#tok_355" value="on"/><!-- I.... -->
<feat xlink:href="#tok_356" value="principle"/><!-- I.... -->
<feat xlink:href="#tok_357" value="against"/><!-- I.... -->
<feat xlink:href="#tok_358" value="cronyism"/><!-- I.... -->
<feat xlink:href="#tok_359" value="and"/><!-- cronyism -->
<feat xlink:href="#tok_360" value="corporatism"/><!-- cronyism -->
<feat xlink:href="#tok_361" value="and"/><!-- corporatism -->
<feat xlink:href="#tok_362" value="in"/><!-- corporatism -->
<feat xlink:href="#tok_363" value="favor"/><!-- corporatism -->
<feat xlink:href="#tok_364" value="of"/><!-- corporatism -->
<feat xlink:href="#tok_365" value="the"/><!-- corporatism -->
<feat xlink:href="#tok_366" value="rule"/><!-- corporatism -->
<feat xlink:href="#tok_367" value="of"/><!-- corporatism -->
<feat xlink:href="#tok_368" value="law"/><!-- corporatism -->
<feat xlink:href="#tok_369" value="."/><!-- corporatism -->
<feat xlink:href="#tok_370" value="What"/><!-- What...? -->
<feat xlink:href="#tok_371" value="be"/><!-- What...? -->
<feat xlink:href="#tok_372" value="your"/><!-- What...? -->
<feat xlink:href="#tok_373" value="thought"/><!-- What...? -->
<feat xlink:href="#tok_374" value="on"/><!-- What...? -->
<feat xlink:href="#tok_375" value="the"/><!-- What...? -->
<feat xlink:href="#tok_376" value="job"/><!-- What...? -->
<feat xlink:href="#tok_377" value="Bob"/><!-- What...? -->
<feat xlink:href="#tok_378" value="McDonnell"/><!-- What...? -->
<feat xlink:href="#tok_379" value="have"/><!-- What...? -->
<feat xlink:href="#tok_380" value="do"/><!-- What...? -->
<feat xlink:href="#tok_381" value="as"/><!-- What...? -->
<feat xlink:href="#tok_382" value="Governor"/><!-- What...? -->
<feat xlink:href="#tok_383" value="of"/><!-- What...? -->
<feat xlink:href="#tok_384" value="Virginia"/><!-- What...? -->
<feat xlink:href="#tok_385" value="?"/><!-- What...? -->
<feat xlink:href="#tok_386" value="What"/><!-- What...? -->
<feat xlink:href="#tok_387" value="would"/><!-- What...? -->
<feat xlink:href="#tok_388" value="you"/><!-- What...? -->
<feat xlink:href="#tok_389" value="have"/><!-- What...? -->
<feat xlink:href="#tok_390" value="do"/><!-- What...? -->
<feat xlink:href="#tok_391" value="differently"/><!-- What...? -->
<feat xlink:href="#tok_392" value="than"/><!-- What...? -->
<feat xlink:href="#tok_393" value="him"/><!-- What...? -->
<feat xlink:href="#tok_394" value="?"/><!-- What...? -->
<feat xlink:href="#tok_395" value="McDonnell"/><!-- McDonnell.... -->
<feat xlink:href="#tok_396" value="do"/><!-- McDonnell.... -->
<feat xlink:href="#tok_397" value="well"/><!-- McDonnell.... -->
<feat xlink:href="#tok_398" value="early"/><!-- McDonnell.... -->
<feat xlink:href="#tok_399" value="in"/><!-- McDonnell.... -->
<feat xlink:href="#tok_400" value="his"/><!-- McDonnell.... -->
<feat xlink:href="#tok_401" value="term"/><!-- McDonnell.... -->
<feat xlink:href="#tok_402" value="push"/><!-- McDonnell.... -->
<feat xlink:href="#tok_403" value="back"/><!-- McDonnell.... -->
<feat xlink:href="#tok_404" value="against"/><!-- McDonnell.... -->
<feat xlink:href="#tok_405" value="Senate"/><!-- McDonnell.... -->
<feat xlink:href="#tok_406" value="Democrats"/><!-- McDonnell.... -->
<feat xlink:href="#tok_407" value="who"/><!-- McDonnell.... -->
<feat xlink:href="#tok_408" value="want"/><!-- McDonnell.... -->
<feat xlink:href="#tok_409" value="huge"/><!-- McDonnell.... -->
<feat xlink:href="#tok_410" value="tax"/><!-- McDonnell.... -->
<feat xlink:href="#tok_411" value="increase"/><!-- McDonnell.... -->
<feat xlink:href="#tok_412" value="in"/><!-- McDonnell.... -->
<feat xlink:href="#tok_413" value="response"/><!-- McDonnell.... -->
<feat xlink:href="#tok_414" value="to"/><!-- McDonnell.... -->
<feat xlink:href="#tok_415" value="major"/><!-- McDonnell.... -->
<feat xlink:href="#tok_416" value="revenue"/><!-- McDonnell.... -->
<feat xlink:href="#tok_417" value="shortfall"/><!-- McDonnell.... -->
<feat xlink:href="#tok_418" value="during"/><!-- McDonnell.... -->
<feat xlink:href="#tok_419" value="the"/><!-- McDonnell.... -->
<feat xlink:href="#tok_420" value="recession"/><!-- McDonnell.... -->
<feat xlink:href="#tok_421" value="."/><!-- McDonnell.... -->
<feat xlink:href="#tok_422" value="those"/><!-- Those.... -->
<feat xlink:href="#tok_423" value="early"/><!-- Those.... -->
<feat xlink:href="#tok_424" value="budget"/><!-- Those.... -->
<feat xlink:href="#tok_425" value="effort"/><!-- Those.... -->
<feat xlink:href="#tok_426" value="be"/><!-- Those.... -->
<feat xlink:href="#tok_427" value="his"/><!-- Those.... -->
<feat xlink:href="#tok_428" value="high"/><!-- Those.... -->
<feat xlink:href="#tok_429" value="achievement"/><!-- Those.... -->
<feat xlink:href="#tok_430" value="as"/><!-- Those.... -->
<feat xlink:href="#tok_431" value="Governor"/><!-- Those.... -->
<feat xlink:href="#tok_432" value="."/><!-- Those.... -->
<feat xlink:href="#tok_433" value="more"/><!-- More.... -->
<feat xlink:href="#tok_434" value="recently"/><!-- More.... -->
<feat xlink:href="#tok_435" value=","/><!-- More.... -->
<feat xlink:href="#tok_436" value="he"/><!-- More.... -->
<feat xlink:href="#tok_437" value="err"/><!-- More.... -->
<feat xlink:href="#tok_438" value="in"/><!-- More.... -->
<feat xlink:href="#tok_439" value="accept"/><!-- More.... -->
<feat xlink:href="#tok_440" value="a"/><!-- More.... -->
<feat xlink:href="#tok_441" value="transportation"/><!-- More.... -->
<feat xlink:href="#tok_442" value="bill"/><!-- More.... -->
<feat xlink:href="#tok_443" value="that"/><!-- More.... -->
<feat xlink:href="#tok_444" value="have"/><!-- More.... -->
<feat xlink:href="#tok_445" value="huge"/><!-- More.... -->
<feat xlink:href="#tok_446" value="flaw"/><!-- More.... -->
<feat xlink:href="#tok_447" value="and"/><!-- More.... -->
<feat xlink:href="#tok_448" value="huge"/><!-- More.... -->
<feat xlink:href="#tok_449" value="tax"/><!-- More.... -->
<feat xlink:href="#tok_450" value="increase"/><!-- More.... -->
<feat xlink:href="#tok_451" value=","/><!-- More.... -->
<feat xlink:href="#tok_452" value="rather"/><!-- More.... -->
<feat xlink:href="#tok_453" value="than"/><!-- More.... -->
<feat xlink:href="#tok_454" value="prioritizing"/><!-- More.... -->
<feat xlink:href="#tok_455" value="spending"/><!-- More.... -->
<feat xlink:href="#tok_456" value="and"/><!-- More.... -->
<feat xlink:href="#tok_457" value="seek"/><!-- More.... -->
<feat xlink:href="#tok_458" value="more"/><!-- More.... -->
<feat xlink:href="#tok_459" value="rational"/><!-- More.... -->
<feat xlink:href="#tok_460" value=","/><!-- More.... -->
<feat xlink:href="#tok_461" value="efficient"/><!-- More.... -->
<feat xlink:href="#tok_462" value=","/><!-- More.... -->
<feat xlink:href="#tok_463" value="decentralized"/><!-- More.... -->
<feat xlink:href="#tok_464" value="transportation"/><!-- More.... -->
<feat xlink:href="#tok_465" value="decision-making"/><!-- More.... -->
<feat xlink:href="#tok_466" value="."/><!-- More.... -->
<feat xlink:href="#tok_467" value="he"/><!-- He.... -->
<feat xlink:href="#tok_468" value="could"/><!-- He.... -->
<feat xlink:href="#tok_469" value="have"/><!-- He.... -->
<feat xlink:href="#tok_470" value="show"/><!-- He.... -->
<feat xlink:href="#tok_471" value="much"/><!-- He.... -->
<feat xlink:href="#tok_472" value="great"/><!-- He.... -->
<feat xlink:href="#tok_473" value="leadership"/><!-- He.... -->
<feat xlink:href="#tok_474" value="in"/><!-- He.... -->
<feat xlink:href="#tok_475" value="push"/><!-- He.... -->
<feat xlink:href="#tok_476" value="for"/><!-- He.... -->
<feat xlink:href="#tok_477" value="tax"/><!-- He.... -->
<feat xlink:href="#tok_478" value="reform"/><!-- He.... -->
<feat xlink:href="#tok_479" value=","/><!-- He.... -->
<feat xlink:href="#tok_480" value="regulatory"/><!-- He.... -->
<feat xlink:href="#tok_481" value="reform"/><!-- He.... -->
<feat xlink:href="#tok_482" value=","/><!-- He.... -->
<feat xlink:href="#tok_483" value="and"/><!-- He.... -->
<feat xlink:href="#tok_484" value="school"/><!-- He.... -->
<feat xlink:href="#tok_485" value="choice"/><!-- He.... -->
<feat xlink:href="#tok_486" value="."/><!-- He.... -->
<feat xlink:href="#tok_487" value="of"/><!-- Of.... -->
<feat xlink:href="#tok_488" value="course"/><!-- Of.... -->
<feat xlink:href="#tok_489" value=","/><!-- Of.... -->
<feat xlink:href="#tok_490" value="he"/><!-- Of.... -->
<feat xlink:href="#tok_491" value="show"/><!-- Of.... -->
<feat xlink:href="#tok_492" value="ethical"/><!-- Of.... -->
<feat xlink:href="#tok_493" value="lapse"/><!-- Of.... -->
<feat xlink:href="#tok_494" value="in"/><!-- Of.... -->
<feat xlink:href="#tok_495" value="judgment"/><!-- Of.... -->
<feat xlink:href="#tok_496" value="."/><!-- Of.... -->
<feat xlink:href="#tok_497" value="compare"/><!-- Compared.... -->
<feat xlink:href="#tok_498" value="to"/><!-- Compared...? -->
<feat xlink:href="#tok_499" value="previous"/><!-- Compared...? -->
<feat xlink:href="#tok_500" value="third"/><!-- Compared...? -->
<feat xlink:href="#tok_501" value="party"/><!-- Compared...? -->
<feat xlink:href="#tok_502" value="candidate"/><!-- Compared...? -->
<feat xlink:href="#tok_503" value="at"/><!-- Compared...? -->
<feat xlink:href="#tok_504" value="the"/><!-- Compared...? -->
<feat xlink:href="#tok_505" value="gubernatorial"/><!-- Compared...? -->
<feat xlink:href="#tok_506" value="level"/><!-- Compared...? -->
<feat xlink:href="#tok_507" value=","/><!-- Compared...? -->
<feat xlink:href="#tok_508" value="you"/><!-- Compared...? -->
<feat xlink:href="#tok_509" value="have"/><!-- Compared...? -->
<feat xlink:href="#tok_510" value="do"/><!-- Compared...? -->
<feat xlink:href="#tok_511" value="exceptionally"/><!-- Compared...? -->
<feat xlink:href="#tok_512" value="well"/><!-- Compared...? -->
<feat xlink:href="#tok_513" value="in"/><!-- Compared...? -->
<feat xlink:href="#tok_514" value="opinion"/><!-- Compared...? -->
<feat xlink:href="#tok_515" value="polling"/><!-- Compared...? -->
<feat xlink:href="#tok_516" value="."/><!-- Compared...? -->
<feat xlink:href="#tok_517" value="What"/><!-- What...? -->
<feat xlink:href="#tok_518" value="do"/><!-- What...? -->
<feat xlink:href="#tok_519" value="you"/><!-- What...? -->
<feat xlink:href="#tok_520" value="attribute"/><!-- What...? -->
<feat xlink:href="#tok_521" value="that"/><!-- What...? -->
<feat xlink:href="#tok_522" value="success"/><!-- What...? -->
<feat xlink:href="#tok_523" value="to"/><!-- What...? -->
<feat xlink:href="#tok_524" value="?"/><!-- What...? -->
<feat xlink:href="#tok_525" value="voter"/><!-- Voters.... -->
<feat xlink:href="#tok_526" value="see"/><!-- Voters.... -->
<feat xlink:href="#tok_527" value="the"/><!-- Voters.... -->
<feat xlink:href="#tok_528" value="two-party"/><!-- Voters.... -->
<feat xlink:href="#tok_529" value="system"/><!-- Voters.... -->
<feat xlink:href="#tok_530" value="for"/><!-- Voters.... -->
<feat xlink:href="#tok_531" value="the"/><!-- Voters.... -->
<feat xlink:href="#tok_532" value="sham"/><!-- Voters.... -->
<feat xlink:href="#tok_533" value="it"/><!-- Voters.... -->
<feat xlink:href="#tok_534" value="have"/><!-- Voters.... -->
<feat xlink:href="#tok_535" value="become"/><!-- Voters.... -->
<feat xlink:href="#tok_536" value="."/><!-- Voters.... -->
<feat xlink:href="#tok_537" value="they"/><!-- They.... -->
<feat xlink:href="#tok_538" value="be"/><!-- They.... -->
<feat xlink:href="#tok_539" value="sick"/><!-- They.... -->
<feat xlink:href="#tok_540" value="of"/><!-- They.... -->
<feat xlink:href="#tok_541" value="the"/><!-- They.... -->
<feat xlink:href="#tok_542" value="partisanship"/><!-- They.... -->
<feat xlink:href="#tok_543" value="and"/><!-- They.... -->
<feat xlink:href="#tok_544" value="nonsense"/><!-- They.... -->
<feat xlink:href="#tok_545" value="and"/><!-- They.... -->
<feat xlink:href="#tok_546" value="the"/><!-- They.... -->
<feat xlink:href="#tok_547" value="total"/><!-- They.... -->
<feat xlink:href="#tok_548" value="lack"/><!-- They.... -->
<feat xlink:href="#tok_549" value="of"/><!-- They.... -->
<feat xlink:href="#tok_550" value="substance"/><!-- They.... -->
<feat xlink:href="#tok_551" value="in"/><!-- They.... -->
<feat xlink:href="#tok_552" value="modern"/><!-- They.... -->
<feat xlink:href="#tok_553" value="campaign"/><!-- They.... -->
<feat xlink:href="#tok_554" value="."/><!-- They.... -->
<feat xlink:href="#tok_555" value="voter"/><!-- Voters.... -->
<feat xlink:href="#tok_556" value="see"/><!-- Voters.... -->
<feat xlink:href="#tok_557" value="the"/><!-- Voters.... -->
<feat xlink:href="#tok_558" value="two"/><!-- Voters.... -->
<feat xlink:href="#tok_559" value="major"/><!-- Voters.... -->
<feat xlink:href="#tok_560" value="party"/><!-- Voters.... -->
<feat xlink:href="#tok_561" value="nominee"/><!-- Voters.... -->
<feat xlink:href="#tok_562" value="as"/><!-- Voters.... -->
<feat xlink:href="#tok_563" value="exemplify"/><!-- Voters.... -->
<feat xlink:href="#tok_564" value="what"/><!-- Voters.... -->
<feat xlink:href="#tok_565" value="be"/><!-- Voters.... -->
<feat xlink:href="#tok_566" value="bad"/><!-- Voters.... -->
<feat xlink:href="#tok_567" value="about"/><!-- Voters.... -->
<feat xlink:href="#tok_568" value="their"/><!-- Voters.... -->
<feat xlink:href="#tok_569" value="respective"/><!-- Voters.... -->
<feat xlink:href="#tok_570" value="party"/><!-- Voters.... -->
<feat xlink:href="#tok_571" value=","/><!-- Voters.... -->
<feat xlink:href="#tok_572" value="and"/><!-- Voters.... -->
<feat xlink:href="#tok_573" value="they"/><!-- Voters.... -->
<feat xlink:href="#tok_574" value="want"/><!-- Voters.... -->
<feat xlink:href="#tok_575" value="something"/><!-- Voters.... -->
<feat xlink:href="#tok_576" value="well"/><!-- Voters.... -->
<feat xlink:href="#tok_577" value="."/><!-- Voters.... -->
<feat xlink:href="#tok_578" value="voter"/><!-- Voters.... -->
<feat xlink:href="#tok_579" value="who"/><!-- Voters.... -->
<feat xlink:href="#tok_580" value="meet"/><!-- Voters.... -->
<feat xlink:href="#tok_581" value="me"/><!-- Voters.... -->
<feat xlink:href="#tok_582" value="and"/><!-- Voters.... -->
<feat xlink:href="#tok_583" value="hear"/><!-- Voters.... -->
<feat xlink:href="#tok_584" value="me"/><!-- Voters.... -->
<feat xlink:href="#tok_585" value="speak"/><!-- Voters.... -->
<feat xlink:href="#tok_586" value="know"/><!-- Voters.... -->
<feat xlink:href="#tok_587" value="that"/><!-- Voters.... -->
<feat xlink:href="#tok_588" value="I"/><!-- Voters.... -->
<feat xlink:href="#tok_589" value="be"/><!-- Voters.... -->
<feat xlink:href="#tok_590" value="sincere"/><!-- Voters.... -->
<feat xlink:href="#tok_591" value=","/><!-- Voters.... -->
<feat xlink:href="#tok_592" value="know"/><!-- Voters.... -->
<feat xlink:href="#tok_593" value="that"/><!-- Voters.... -->
<feat xlink:href="#tok_594" value="I"/><!-- Voters.... -->
<feat xlink:href="#tok_595" value="understand"/><!-- Voters.... -->
<feat xlink:href="#tok_596" value="the"/><!-- Voters.... -->
<feat xlink:href="#tok_597" value="issue"/><!-- Voters.... -->
<feat xlink:href="#tok_598" value="deeply"/><!-- Voters.... -->
<feat xlink:href="#tok_599" value="and"/><!-- Voters.... -->
<feat xlink:href="#tok_600" value="have"/><!-- Voters.... -->
<feat xlink:href="#tok_601" value="workable"/><!-- Voters.... -->
<feat xlink:href="#tok_602" value="solution"/><!-- Voters.... -->
<feat xlink:href="#tok_603" value=","/><!-- Voters.... -->
<feat xlink:href="#tok_604" value="and"/><!-- Voters.... -->
<feat xlink:href="#tok_605" value="know"/><!-- Voters.... -->
<feat xlink:href="#tok_606" value="that"/><!-- Voters.... -->
<feat xlink:href="#tok_607" value="I"/><!-- Voters.... -->
<feat xlink:href="#tok_608" value="stand"/><!-- Voters.... -->
<feat xlink:href="#tok_609" value="on"/><!-- Voters.... -->
<feat xlink:href="#tok_610" value="principle"/><!-- Voters.... -->
<feat xlink:href="#tok_611" value="against"/><!-- Voters.... -->
<feat xlink:href="#tok_612" value="cronyism"/><!-- Voters.... -->
<feat xlink:href="#tok_613" value="and"/><!-- Voters.... -->
<feat xlink:href="#tok_614" value="corporatism"/><!-- Voters.... -->
<feat xlink:href="#tok_615" value="and"/><!-- Voters.... -->
<feat xlink:href="#tok_616" value="in"/><!-- Voters.... -->
<feat xlink:href="#tok_617" value="favor"/><!-- Voters.... -->
<feat xlink:href="#tok_618" value="of"/><!-- Voters.... -->
<feat xlink:href="#tok_619" value="the"/><!-- Voters.... -->
<feat xlink:href="#tok_620" value="rule"/><!-- Voters.... -->
<feat xlink:href="#tok_621" value="of"/><!-- Voters.... -->
<feat xlink:href="#tok_622" value="law"/><!-- Voters.... -->
<feat xlink:href="#tok_623" value="and"/><!-- Voters.... -->
<feat xlink:href="#tok_624" value="the"/><!-- Voters.... -->
<feat xlink:href="#tok_625" value="public"/><!-- Voters.... -->
<feat xlink:href="#tok_626" value="interest"/><!-- Voters.... -->
<feat xlink:href="#tok_627" value="."/><!-- Voters.... -->
<feat xlink:href="#tok_628" value="people"/><!-- People.... -->
<feat xlink:href="#tok_629" value="like"/><!-- People.... -->
<feat xlink:href="#tok_630" value="the"/><!-- People.... -->
<feat xlink:href="#tok_631" value="fact"/><!-- People.... -->
<feat xlink:href="#tok_632" value="that"/><!-- People.... -->
<feat xlink:href="#tok_633" value="I"/><!-- People.... -->
<feat xlink:href="#tok_634" value="stand"/><!-- People.... -->
<feat xlink:href="#tok_635" value="for"/><!-- People.... -->
<feat xlink:href="#tok_636" value="a"/><!-- People.... -->
<feat xlink:href="#tok_637" value="Virginia"/><!-- People.... -->
<feat xlink:href="#tok_638" value="that"/><!-- People.... -->
<feat xlink:href="#tok_639" value="be"/><!-- People.... -->
<feat xlink:href="#tok_640" value="both"/><!-- People.... -->
<feat xlink:href="#tok_641" value="open-minded"/><!-- People.... -->
<feat xlink:href="#tok_642" value="and"/><!-- People.... -->
<feat xlink:href="#tok_643" value="open"/><!-- People.... -->
<feat xlink:href="#tok_644" value="for"/><!-- People.... -->
<feat xlink:href="#tok_645" value="Business"/><!-- People.... -->
<feat xlink:href="#tok_646" value="."/><!-- People.... -->
<feat xlink:href="#tok_647" value="if"/><!-- If...? -->
<feat xlink:href="#tok_648" value="elect"/><!-- If...? -->
<feat xlink:href="#tok_649" value="governor"/><!-- If...? -->
<feat xlink:href="#tok_650" value=","/><!-- If...? -->
<feat xlink:href="#tok_651" value="how"/><!-- If...? -->
<feat xlink:href="#tok_652" value="will"/><!-- If...? -->
<feat xlink:href="#tok_653" value="you"/><!-- If...? -->
<feat xlink:href="#tok_654" value="be"/><!-- If...? -->
<feat xlink:href="#tok_655" value="able"/><!-- If...? -->
<feat xlink:href="#tok_656" value="to"/><!-- If...? -->
<feat xlink:href="#tok_657" value="implement"/><!-- If...? -->
<feat xlink:href="#tok_658" value="your"/><!-- If...? -->
<feat xlink:href="#tok_659" value="agenda"/><!-- If...? -->
<feat xlink:href="#tok_660" value="while"/><!-- If...? -->
<feat xlink:href="#tok_661" value="deal"/><!-- If...? -->
<feat xlink:href="#tok_662" value="with"/><!-- If...? -->
<feat xlink:href="#tok_663" value="a"/><!-- If...? -->
<feat xlink:href="#tok_664" value="hostile"/><!-- If...? -->
<feat xlink:href="#tok_665" value="legislature"/><!-- If...? -->
<feat xlink:href="#tok_666" value="?"/><!-- If...? -->
<feat xlink:href="#tok_667" value="There"/><!-- There.... -->
<feat xlink:href="#tok_668" value="be"/><!-- There.... -->
<feat xlink:href="#tok_669" value="precedent"/><!-- There.... -->
<feat xlink:href="#tok_670" value="of"/><!-- There.... -->
<feat xlink:href="#tok_671" value="independent"/><!-- There.... -->
<feat xlink:href="#tok_672" value="governor"/><!-- There.... -->
<feat xlink:href="#tok_673" value="deal"/><!-- There.... -->
<feat xlink:href="#tok_674" value="effectively"/><!-- There.... -->
<feat xlink:href="#tok_675" value="with"/><!-- There.... -->
<feat xlink:href="#tok_676" value="the"/><!-- There.... -->
<feat xlink:href="#tok_677" value="legislature"/><!-- There.... -->
<feat xlink:href="#tok_678" value=","/><!-- There.... -->
<feat xlink:href="#tok_679" value="and"/><!-- There.... -->
<feat xlink:href="#tok_680" value="indeed"/><!-- There.... -->
<feat xlink:href="#tok_681" value="a"/><!-- There.... -->
<feat xlink:href="#tok_682" value="wise"/><!-- There.... -->
<feat xlink:href="#tok_683" value="third-party"/><!-- There.... -->
<feat xlink:href="#tok_684" value="governor"/><!-- There.... -->
<feat xlink:href="#tok_685" value="can"/><!-- There.... -->
<feat xlink:href="#tok_686" value="have"/><!-- There.... -->
<feat xlink:href="#tok_687" value="great"/><!-- There.... -->
<feat xlink:href="#tok_688" value="effectiveness"/><!-- There.... -->
<feat xlink:href="#tok_689" value="than"/><!-- There.... -->
<feat xlink:href="#tok_690" value="a"/><!-- There.... -->
<feat xlink:href="#tok_691" value="major"/><!-- There.... -->
<feat xlink:href="#tok_692" value="party"/><!-- There.... -->
<feat xlink:href="#tok_693" value="governor"/><!-- There.... -->
<feat xlink:href="#tok_694" value="."/><!-- There.... -->
<feat xlink:href="#tok_695" value="libertarian"/><!-- Libertarians.... -->
<feat xlink:href="#tok_696" value="share"/><!-- Libertarians.... -->
<feat xlink:href="#tok_697" value="many"/><!-- Libertarians.... -->
<feat xlink:href="#tok_698" value="policy"/><!-- Libertarians.... -->
<feat xlink:href="#tok_699" value="position"/><!-- Libertarians.... -->
<feat xlink:href="#tok_700" value="with"/><!-- Libertarians.... -->
<feat xlink:href="#tok_701" value="each"/><!-- Libertarians.... -->
<feat xlink:href="#tok_702" value="of"/><!-- Libertarians.... -->
<feat xlink:href="#tok_703" value="the"/><!-- Libertarians.... -->
<feat xlink:href="#tok_704" value="major"/><!-- Libertarians.... -->
<feat xlink:href="#tok_705" value="party"/><!-- Libertarians.... -->
<feat xlink:href="#tok_706" value="."/><!-- Libertarians.... -->
<feat xlink:href="#tok_707" value="work"/><!-- Libertarians.... -->
<feat xlink:href="#tok_708" value="together"/><!-- Libertarians.... -->
<feat xlink:href="#tok_709" value="with"/><!-- Libertarians.... -->
<feat xlink:href="#tok_710" value="both"/><!-- Libertarians.... -->
<feat xlink:href="#tok_711" value="Republicans"/><!-- Libertarians.... -->
<feat xlink:href="#tok_712" value="and"/><!-- Libertarians.... -->
<feat xlink:href="#tok_713" value="Democrats"/><!-- Libertarians.... -->
<feat xlink:href="#tok_714" value=","/><!-- Libertarians.... -->
<feat xlink:href="#tok_715" value="we"/><!-- Libertarians.... -->
<feat xlink:href="#tok_716" value="can"/><!-- Libertarians.... -->
<feat xlink:href="#tok_717" value="get"/><!-- Libertarians.... -->
<feat xlink:href="#tok_718" value="the"/><!-- Libertarians.... -->
<feat xlink:href="#tok_719" value="good"/><!-- Libertarians.... -->
<feat xlink:href="#tok_720" value="aspect"/><!-- Libertarians.... -->
<feat xlink:href="#tok_721" value="of"/><!-- Libertarians.... -->
<feat xlink:href="#tok_722" value="each"/><!-- Libertarians.... -->
<feat xlink:href="#tok_723" value="party"/><!-- Libertarians.... -->
<feat xlink:href="#tok_724" value="while"/><!-- Libertarians.... -->
<feat xlink:href="#tok_725" value="reject"/><!-- Libertarians.... -->
<feat xlink:href="#tok_726" value="the"/><!-- Libertarians.... -->
<feat xlink:href="#tok_727" value="bad"/><!-- Libertarians.... -->
<feat xlink:href="#tok_728" value="part"/><!-- Libertarians.... -->
<feat xlink:href="#tok_729" value="of"/><!-- Libertarians.... -->
<feat xlink:href="#tok_730" value="both"/><!-- Libertarians.... -->
<feat xlink:href="#tok_731" value="."/><!-- Libertarians.... -->
<feat xlink:href="#tok_732" value="moreover"/><!-- Moreover.... -->
<feat xlink:href="#tok_733" value=","/><!-- Moreover.... -->
<feat xlink:href="#tok_734" value="elect"/><!-- Moreover.... -->
<feat xlink:href="#tok_735" value="a"/><!-- Moreover.... -->
<feat xlink:href="#tok_736" value="third-party"/><!-- Moreover.... -->
<feat xlink:href="#tok_737" value="governor"/><!-- Moreover.... -->
<feat xlink:href="#tok_738" value="represent"/><!-- Moreover.... -->
<feat xlink:href="#tok_739" value="a"/><!-- Moreover.... -->
<feat xlink:href="#tok_740" value="repudiation"/><!-- Moreover.... -->
<feat xlink:href="#tok_741" value="of"/><!-- Moreover.... -->
<feat xlink:href="#tok_742" value="politics"/><!-- Moreover.... -->
<feat xlink:href="#tok_743" value="as"/><!-- Moreover.... -->
<feat xlink:href="#tok_744" value="usual"/><!-- Moreover.... -->
<feat xlink:href="#tok_745" value=","/><!-- Moreover.... -->
<feat xlink:href="#tok_746" value="and"/><!-- Moreover.... -->
<feat xlink:href="#tok_747" value="the"/><!-- Moreover.... -->
<feat xlink:href="#tok_748" value="major"/><!-- Moreover.... -->
<feat xlink:href="#tok_749" value="party"/><!-- Moreover.... -->
<feat xlink:href="#tok_750" value="legislator"/><!-- Moreover.... -->
<feat xlink:href="#tok_751" value="will"/><!-- Moreover.... -->
<feat xlink:href="#tok_752" value="face"/><!-- Moreover.... -->
<feat xlink:href="#tok_753" value="changed"/><!-- Moreover.... -->
<feat xlink:href="#tok_754" value="constraint"/><!-- Moreover.... -->
<feat xlink:href="#tok_755" value="and"/><!-- Moreover.... -->
<feat xlink:href="#tok_756" value="incentive"/><!-- Moreover.... -->
<feat xlink:href="#tok_757" value=","/><!-- Moreover.... -->
<feat xlink:href="#tok_758" value="mean"/><!-- Moreover.... -->
<feat xlink:href="#tok_759" value="that"/><!-- Moreover.... -->
<feat xlink:href="#tok_760" value="much"/><!-- Moreover.... -->
<feat xlink:href="#tok_761" value="more"/><!-- Moreover.... -->
<feat xlink:href="#tok_762" value="be"/><!-- Moreover.... -->
<feat xlink:href="#tok_763" value="possible"/><!-- Moreover.... -->
<feat xlink:href="#tok_764" value="than"/><!-- Moreover.... -->
<feat xlink:href="#tok_765" value="many"/><!-- Moreover.... -->
<feat xlink:href="#tok_766" value="people"/><!-- Moreover.... -->
<feat xlink:href="#tok_767" value="assume"/><!-- Moreover.... -->
<feat xlink:href="#tok_768" value=","/><!-- Moreover.... -->
<feat xlink:href="#tok_769" value="especially"/><!-- Moreover.... -->
<feat xlink:href="#tok_770" value="with"/><!-- Moreover.... -->
<feat xlink:href="#tok_771" value="strong"/><!-- Moreover.... -->
<feat xlink:href="#tok_772" value="leadership"/><!-- Moreover.... -->
<feat xlink:href="#tok_773" value="."/><!-- Moreover.... -->
<feat xlink:href="#tok_774" value="which"/><!-- Which...? -->
<feat xlink:href="#tok_775" value="previous"/><!-- Which...? -->
<feat xlink:href="#tok_776" value="Virginia"/><!-- Which...? -->
<feat xlink:href="#tok_777" value="Governor(s)"/><!-- Which...? -->
<feat xlink:href="#tok_778" value="do"/><!-- Which...? -->
<feat xlink:href="#tok_779" value="you"/><!-- Which...? -->
<feat xlink:href="#tok_780" value="most"/><!-- Which...? -->
<feat xlink:href="#tok_781" value="admire"/><!-- Which...? -->
<feat xlink:href="#tok_782" value="and"/><!-- Which...? -->
<feat xlink:href="#tok_783" value="why"/><!-- Which...? -->
<feat xlink:href="#tok_784" value="?"/><!-- Which...? -->
<feat xlink:href="#tok_785" value="Thomas"/><!-- Thomas.... -->
<feat xlink:href="#tok_786" value="Jefferson"/><!-- Thomas...Jefferson -->
<feat xlink:href="#tok_787" value="."/><!-- Thomas...Jefferson -->
<feat xlink:href="#tok_788" value="he"/><!-- He.... -->
<feat xlink:href="#tok_789" value="be"/><!-- He.... -->
<feat xlink:href="#tok_790" value="incredibly"/><!-- He.... -->
<feat xlink:href="#tok_791" value="learn"/><!-- He.... -->
<feat xlink:href="#tok_792" value="and"/><!-- He.... -->
<feat xlink:href="#tok_793" value="be"/><!-- He.... -->
<feat xlink:href="#tok_794" value="a"/><!-- He.... -->
<feat xlink:href="#tok_795" value="strong"/><!-- He.... -->
<feat xlink:href="#tok_796" value="advocate"/><!-- He.... -->
<feat xlink:href="#tok_797" value="for"/><!-- He.... -->
<feat xlink:href="#tok_798" value="freedom"/><!-- He.... -->
<feat xlink:href="#tok_799" value="and"/><!-- He.... -->
<feat xlink:href="#tok_800" value="the"/><!-- He.... -->
<feat xlink:href="#tok_801" value="rule"/><!-- He.... -->
<feat xlink:href="#tok_802" value="of"/><!-- He.... -->
<feat xlink:href="#tok_803" value="law"/><!-- He.... -->
<feat xlink:href="#tok_804" value="."/><!-- He.... -->
<feat xlink:href="#tok_805" value="he"/><!-- He.... -->
<feat xlink:href="#tok_806" value="would"/><!-- He.... -->
<feat xlink:href="#tok_807" value="be"/><!-- He.... -->
<feat xlink:href="#tok_808" value="a"/><!-- He.... -->
<feat xlink:href="#tok_809" value="libertarian"/><!-- He.... -->
<feat xlink:href="#tok_810" value="today"/><!-- He.... -->
<feat xlink:href="#tok_811" value="."/><!-- He.... -->
<feat xlink:href="#tok_812" value="Robert"/><!-- Robert.... -->
<feat xlink:href="#tok_813" value="Sarvis"/><!-- Robert.... -->
<feat xlink:href="#tok_814" value="."/><!-- Robert.... -->
<feat xlink:href="#tok_815" value="image"/><!-- Image.... -->
<feat xlink:href="#tok_816" value=":"/><!-- Image.... -->
<feat xlink:href="#tok_817" value="Sarvis"/><!-- Image.... -->
<feat xlink:href="#tok_818" value="for"/><!-- Image.... -->
<feat xlink:href="#tok_819" value="Governor"/><!-- Image.... -->
<feat xlink:href="#tok_820" value="."/><!-- Image.... -->
<feat xlink:href="#tok_821" value="Virginia"/><!-- Virginia.... -->
<feat xlink:href="#tok_822" value=","/><!-- Virginia.... -->
<feat xlink:href="#tok_823" value="highlight"/><!-- Virginia.... -->
<feat xlink:href="#tok_824" value="in"/><!-- Virginia.... -->
<feat xlink:href="#tok_825" value="red"/><!-- Virginia.... -->
<feat xlink:href="#tok_826" value="."/><!-- Virginia.... -->
<feat xlink:href="#tok_827" value="image"/><!-- Image.... -->
<feat xlink:href="#tok_828" value=":"/><!-- Image.... -->
<feat xlink:href="#tok_829" value="Huebi"/><!-- Image.... -->
<feat xlink:href="#tok_830" value="."/><!-- Image.... -->
</featList>
</paula>
