<?xml version="1.0" encoding="UTF-8" standalone="no"?>
<!DOCTYPE paula SYSTEM "paula_mark.dtd">
<paula version="1.0">

<header paula_id="ref.GUM.GUM_interview_libertarian_referentSeg"/>

<markList xmlns:xlink="http://www.w3.org/1999/xlink" type="referentSeg" xml:base="GUM.GUM_interview_libertarian.tok.xml">
	<mark id="referent_1" xlink:href="#tok_1"/>
	<mark id="referent_2" xlink:href="#xpointer(id('tok_3')/range-to(id('tok_4')))"/>
	<mark id="referent_3" xlink:href="#xpointer(id('tok_10')/range-to(id('tok_12')))"/>
	<mark id="referent_4" xlink:href="#xpointer(id('tok_13')/range-to(id('tok_18')))"/>
	<mark id="referent_5" xlink:href="#xpointer(id('tok_6')/range-to(id('tok_12')))"/>
	<mark id="referent_6" xlink:href="#xpointer(id('tok_19')/range-to(id('tok_21')))"/>
	<mark id="referent_7" xlink:href="#xpointer(id('tok_23')/range-to(id('tok_31')))"/>
	<mark id="referent_8" xlink:href="#xpointer(id('tok_29')/range-to(id('tok_31')))"/>
	<mark id="referent_9" xlink:href="#xpointer(id('tok_34')/range-to(id('tok_35')))"/>
	<mark id="referent_10" xlink:href="#tok_31"/>
	<mark id="referent_11" xlink:href="#xpointer(id('tok_40')/range-to(id('tok_44')))"/>
	<mark id="referent_12" xlink:href="#tok_41"/>
	<mark id="referent_13" xlink:href="#tok_46"/>
	<mark id="referent_14" xlink:href="#xpointer(id('tok_52')/range-to(id('tok_53')))"/>
	<mark id="referent_15" xlink:href="#xpointer(id('tok_56')/range-to(id('tok_59')))"/>
	<mark id="referent_16" xlink:href="#tok_12"/>
	<mark id="referent_17" xlink:href="#tok_57"/>
	<mark id="referent_18" xlink:href="#tok_59"/>
	<mark id="referent_19" xlink:href="#xpointer(id('tok_61')/range-to(id('tok_63')))"/>
	<mark id="referent_20" xlink:href="#xpointer(id('tok_49')/range-to(id('tok_53')))"/>
	<mark id="referent_21" xlink:href="#xpointer(id('tok_65')/range-to(id('tok_68')))"/>
	<mark id="referent_22" xlink:href="#xpointer(id('tok_70')/range-to(id('tok_75')))"/>
	<mark id="referent_23" xlink:href="#xpointer(id('tok_77')/range-to(id('tok_78')))"/>
	<mark id="referent_24" xlink:href="#tok_80"/>
	<mark id="referent_25" xlink:href="#xpointer(id('tok_88')/range-to(id('tok_92')))"/>
	<mark id="referent_26" xlink:href="#xpointer(id('tok_88')/range-to(id('tok_89')))"/>
	<mark id="referent_27" xlink:href="#tok_94"/>
	<mark id="referent_28" xlink:href="#xpointer(id('tok_94')/range-to(id('tok_97')))"/>
	<mark id="referent_29" xlink:href="#xpointer(id('tok_103')/range-to(id('tok_107')))"/>
	<mark id="referent_30" xlink:href="#xpointer(id('tok_103')/range-to(id('tok_104')))"/>
	<mark id="referent_31" xlink:href="#xpointer(id('tok_6')/range-to(id('tok_7')))"/>
	<mark id="referent_32" xlink:href="#xpointer(id('tok_24')/range-to(id('tok_26')))"/>
	<mark id="referent_33" xlink:href="#xpointer(id('tok_109')/range-to(id('tok_114')))"/>
	<mark id="referent_34" xlink:href="#tok_123"/>
	<mark id="referent_35" xlink:href="#xpointer(id('tok_125')/range-to(id('tok_128')))"/>
	<mark id="referent_36" xlink:href="#xpointer(id('tok_132')/range-to(id('tok_135')))"/>
	<mark id="referent_37" xlink:href="#xpointer(id('tok_139')/range-to(id('tok_140')))"/>
	<mark id="referent_38" xlink:href="#tok_142"/>
	<mark id="referent_39" xlink:href="#tok_183"/>
	<mark id="referent_40" xlink:href="#xpointer(id('tok_190')/range-to(id('tok_192')))"/>
	<mark id="referent_41" xlink:href="#tok_190"/>
	<mark id="referent_42" xlink:href="#xpointer(id('tok_206')/range-to(id('tok_209')))"/>
	<mark id="referent_43" xlink:href="#tok_230"/>
	<mark id="referent_44" xlink:href="#xpointer(id('tok_232')/range-to(id('tok_234')))"/>
	<mark id="referent_45" xlink:href="#xpointer(id('tok_243')/range-to(id('tok_245')))"/>
	<mark id="referent_46" xlink:href="#tok_260"/>
	<mark id="referent_47" xlink:href="#tok_273"/>
	<mark id="referent_48" xlink:href="#xpointer(id('tok_275')/range-to(id('tok_277')))"/>
	<mark id="referent_49" xlink:href="#xpointer(id('tok_287')/range-to(id('tok_289')))"/>
	<mark id="referent_50" xlink:href="#tok_305"/>
	<mark id="referent_51" xlink:href="#tok_312"/>
	<mark id="referent_52" xlink:href="#xpointer(id('tok_316')/range-to(id('tok_318')))"/>
	<mark id="referent_53" xlink:href="#tok_321"/>
	<mark id="referent_54" xlink:href="#tok_335"/>
	<mark id="referent_55" xlink:href="#xpointer(id('tok_337')/range-to(id('tok_339')))"/>
	<mark id="referent_56" xlink:href="#xpointer(id('tok_350')/range-to(id('tok_352')))"/>
	<mark id="referent_57" xlink:href="#xpointer(id('tok_375')/range-to(id('tok_380')))"/>
	<mark id="referent_58" xlink:href="#xpointer(id('tok_377')/range-to(id('tok_378')))"/>
	<mark id="referent_59" xlink:href="#xpointer(id('tok_382')/range-to(id('tok_384')))"/>
	<mark id="referent_60" xlink:href="#tok_388"/>
	<mark id="referent_61" xlink:href="#tok_395"/>
	<mark id="referent_62" xlink:href="#xpointer(id('tok_405')/range-to(id('tok_406')))"/>
	<mark id="referent_63" xlink:href="#tok_431"/>
	<mark id="referent_64" xlink:href="#tok_436"/>
	<mark id="referent_65" xlink:href="#tok_467"/>
	<mark id="referent_66" xlink:href="#tok_490"/>
	<mark id="referent_67" xlink:href="#xpointer(id('tok_499')/range-to(id('tok_506')))"/>
	<mark id="referent_68" xlink:href="#xpointer(id('tok_504')/range-to(id('tok_506')))"/>
	<mark id="referent_69" xlink:href="#tok_508"/>
	<mark id="referent_70" xlink:href="#tok_519"/>
	<mark id="referent_71" xlink:href="#tok_525"/>
	<mark id="referent_72" xlink:href="#tok_537"/>
	<mark id="referent_73" xlink:href="#tok_555"/>
	<mark id="referent_74" xlink:href="#xpointer(id('tok_557')/range-to(id('tok_561')))"/>
	<mark id="referent_75" xlink:href="#tok_573"/>
	<mark id="referent_76" xlink:href="#tok_578"/>
	<mark id="referent_77" xlink:href="#tok_581"/>
	<mark id="referent_78" xlink:href="#tok_584"/>
	<mark id="referent_79" xlink:href="#tok_588"/>
	<mark id="referent_80" xlink:href="#tok_594"/>
	<mark id="referent_81" xlink:href="#tok_607"/>
	<mark id="referent_82" xlink:href="#tok_628"/>
	<mark id="referent_83" xlink:href="#tok_637"/>
	<mark id="referent_84" xlink:href="#tok_649"/>
	<mark id="referent_85" xlink:href="#tok_653"/>
	<mark id="referent_86" xlink:href="#tok_633"/>
	<mark id="referent_87" xlink:href="#xpointer(id('tok_671')/range-to(id('tok_672')))"/>
	<mark id="referent_88" xlink:href="#xpointer(id('tok_690')/range-to(id('tok_693')))"/>
	<mark id="referent_89" xlink:href="#tok_695"/>
	<mark id="referent_90" xlink:href="#xpointer(id('tok_722')/range-to(id('tok_723')))"/>
	<mark id="referent_91" xlink:href="#xpointer(id('tok_735')/range-to(id('tok_737')))"/>
	<mark id="referent_92" xlink:href="#xpointer(id('tok_747')/range-to(id('tok_750')))"/>
	<mark id="referent_93" xlink:href="#xpointer(id('tok_775')/range-to(id('tok_777')))"/>
	<mark id="referent_94" xlink:href="#xpointer(id('tok_785')/range-to(id('tok_786')))"/>
	<mark id="referent_95" xlink:href="#tok_788"/>
	<mark id="referent_96" xlink:href="#tok_798"/>
	<mark id="referent_97" xlink:href="#xpointer(id('tok_800')/range-to(id('tok_803')))"/>
	<mark id="referent_98" xlink:href="#tok_805"/>
	<mark id="referent_99" xlink:href="#xpointer(id('tok_812')/range-to(id('tok_813')))"/>
	<mark id="referent_100" xlink:href="#xpointer(id('tok_817')/range-to(id('tok_819')))"/>
	<mark id="referent_101" xlink:href="#tok_821"/>
	<mark id="referent_102" xlink:href="#tok_829"/>
	<mark id="referent_103" xlink:href="#tok_208"/>
	<mark id="referent_104" xlink:href="#tok_239"/>
	<mark id="referent_105" xlink:href="#tok_393"/>
	<mark id="referent_106" xlink:href="#xpointer(id('tok_568')/range-to(id('tok_570')))"/>
	<mark id="referent_107" xlink:href="#tok_384"/>
	<mark id="referent_108" xlink:href="#xpointer(id('tok_681')/range-to(id('tok_684')))"/>
	<mark id="referent_109" xlink:href="#tok_776"/>
	<mark id="referent_110" xlink:href="#xpointer(id('tok_146')/range-to(id('tok_151')))"/>
	<mark id="referent_111" xlink:href="#xpointer(id('tok_150')/range-to(id('tok_151')))"/>
	<mark id="referent_112" xlink:href="#xpointer(id('tok_153')/range-to(id('tok_158')))"/>
	<mark id="referent_113" xlink:href="#xpointer(id('tok_155')/range-to(id('tok_158')))"/>
	<mark id="referent_114" xlink:href="#xpointer(id('tok_155')/range-to(id('tok_156')))"/>
	<mark id="referent_115" xlink:href="#tok_160"/>
	<mark id="referent_116" xlink:href="#xpointer(id('tok_161')/range-to(id('tok_162')))"/>
	<mark id="referent_117" xlink:href="#xpointer(id('tok_168')/range-to(id('tok_169')))"/>
	<mark id="referent_118" xlink:href="#xpointer(id('tok_164')/range-to(id('tok_166')))"/>
	<mark id="referent_119" xlink:href="#xpointer(id('tok_160')/range-to(id('tok_162')))"/>
	<mark id="referent_120" xlink:href="#xpointer(id('tok_172')/range-to(id('tok_178')))"/>
	<mark id="referent_121" xlink:href="#xpointer(id('tok_174')/range-to(id('tok_178')))"/>
	<mark id="referent_122" xlink:href="#xpointer(id('tok_174')/range-to(id('tok_175')))"/>
	<mark id="referent_123" xlink:href="#tok_181"/>
	<mark id="referent_124" xlink:href="#xpointer(id('tok_185')/range-to(id('tok_186')))"/>
	<mark id="referent_125" xlink:href="#xpointer(id('tok_188')/range-to(id('tok_192')))"/>
	<mark id="referent_126" xlink:href="#xpointer(id('tok_194')/range-to(id('tok_197')))"/>
	<mark id="referent_127" xlink:href="#xpointer(id('tok_196')/range-to(id('tok_197')))"/>
	<mark id="referent_128" xlink:href="#xpointer(id('tok_199')/range-to(id('tok_203')))"/>
	<mark id="referent_129" xlink:href="#xpointer(id('tok_202')/range-to(id('tok_203')))"/>
	<mark id="referent_130" xlink:href="#tok_214"/>
	<mark id="referent_131" xlink:href="#xpointer(id('tok_217')/range-to(id('tok_228')))"/>
	<mark id="referent_132" xlink:href="#tok_225"/>
	<mark id="referent_133" xlink:href="#xpointer(id('tok_252')/range-to(id('tok_257')))"/>
	<mark id="referent_134" xlink:href="#xpointer(id('tok_256')/range-to(id('tok_257')))"/>
	<mark id="referent_135" xlink:href="#xpointer(id('tok_268')/range-to(id('tok_270')))"/>
	<mark id="referent_136" xlink:href="#xpointer(id('tok_292')/range-to(id('tok_295')))"/>
	<mark id="referent_137" xlink:href="#tok_292"/>
	<mark id="referent_138" xlink:href="#xpointer(id('tok_299')/range-to(id('tok_303')))"/>
	<mark id="referent_139" xlink:href="#xpointer(id('tok_307')/range-to(id('tok_312')))"/>
	<mark id="referent_140" xlink:href="#xpointer(id('tok_324')/range-to(id('tok_325')))"/>
	<mark id="referent_141" xlink:href="#xpointer(id('tok_331')/range-to(id('tok_333')))"/>
	<mark id="referent_142" xlink:href="#xpointer(id('tok_222')/range-to(id('tok_223')))"/>
	<mark id="referent_143" xlink:href="#xpointer(id('tok_365')/range-to(id('tok_368')))"/>
	<mark id="referent_144" xlink:href="#xpointer(id('tok_344')/range-to(id('tok_345')))"/>
	<mark id="referent_145" xlink:href="#xpointer(id('tok_347')/range-to(id('tok_348')))"/>
	<mark id="referent_146" xlink:href="#tok_358"/>
	<mark id="referent_147" xlink:href="#tok_360"/>
	<mark id="referent_148" xlink:href="#xpointer(id('tok_372')/range-to(id('tok_384')))"/>
	<mark id="referent_149" xlink:href="#xpointer(id('tok_400')/range-to(id('tok_401')))"/>
	<mark id="referent_150" xlink:href="#xpointer(id('tok_409')/range-to(id('tok_420')))"/>
	<mark id="referent_151" xlink:href="#xpointer(id('tok_413')/range-to(id('tok_420')))"/>
	<mark id="referent_152" xlink:href="#xpointer(id('tok_415')/range-to(id('tok_420')))"/>
	<mark id="referent_153" xlink:href="#xpointer(id('tok_419')/range-to(id('tok_420')))"/>
	<mark id="referent_154" xlink:href="#xpointer(id('tok_422')/range-to(id('tok_425')))"/>
	<mark id="referent_155" xlink:href="#xpointer(id('tok_395')/range-to(id('tok_421')))"/>
	<mark id="referent_156" xlink:href="#xpointer(id('tok_440')/range-to(id('tok_450')))"/>
	<mark id="referent_157" xlink:href="#xpointer(id('tok_445')/range-to(id('tok_446')))"/>
	<mark id="referent_158" xlink:href="#xpointer(id('tok_448')/range-to(id('tok_450')))"/>
	<mark id="referent_159" xlink:href="#xpointer(id('tok_477')/range-to(id('tok_478')))"/>
	<mark id="referent_160" xlink:href="#xpointer(id('tok_480')/range-to(id('tok_481')))"/>
	<mark id="referent_161" xlink:href="#xpointer(id('tok_484')/range-to(id('tok_485')))"/>
	<mark id="referent_162" xlink:href="#xpointer(id('tok_492')/range-to(id('tok_495')))"/>
	<mark id="referent_163" xlink:href="#xpointer(id('tok_514')/range-to(id('tok_515')))"/>
	<mark id="referent_164" xlink:href="#xpointer(id('tok_521')/range-to(id('tok_522')))"/>
	<mark id="referent_165" xlink:href="#xpointer(id('tok_527')/range-to(id('tok_529')))"/>
	<mark id="referent_166" xlink:href="#xpointer(id('tok_531')/range-to(id('tok_535')))"/>
	<mark id="referent_167" xlink:href="#tok_282"/>
	<mark id="referent_168" xlink:href="#tok_284"/>
	<mark id="referent_169" xlink:href="#tok_455"/>
	<mark id="referent_170" xlink:href="#xpointer(id('tok_596')/range-to(id('tok_597')))"/>
	<mark id="referent_171" xlink:href="#xpointer(id('tok_601')/range-to(id('tok_602')))"/>
	<mark id="referent_172" xlink:href="#tok_612"/>
	<mark id="referent_173" xlink:href="#tok_614"/>
	<mark id="referent_174" xlink:href="#xpointer(id('tok_619')/range-to(id('tok_622')))"/>
	<mark id="referent_175" xlink:href="#xpointer(id('tok_624')/range-to(id('tok_626')))"/>
	<mark id="referent_176" xlink:href="#xpointer(id('tok_630')/range-to(id('tok_631')))"/>
	<mark id="referent_177" xlink:href="#xpointer(id('tok_658')/range-to(id('tok_659')))"/>
	<mark id="referent_178" xlink:href="#xpointer(id('tok_663')/range-to(id('tok_665')))"/>
	<mark id="referent_179" xlink:href="#xpointer(id('tok_669')/range-to(id('tok_672')))"/>
	<mark id="referent_180" xlink:href="#xpointer(id('tok_676')/range-to(id('tok_677')))"/>
	<mark id="referent_181" xlink:href="#xpointer(id('tok_687')/range-to(id('tok_688')))"/>
	<mark id="referent_182" xlink:href="#xpointer(id('tok_703')/range-to(id('tok_705')))"/>
	<mark id="referent_183" xlink:href="#xpointer(id('tok_690')/range-to(id('tok_692')))"/>
	<mark id="referent_184" xlink:href="#xpointer(id('tok_726')/range-to(id('tok_730')))"/>
	<mark id="referent_185" xlink:href="#tok_730"/>
	<mark id="referent_186" xlink:href="#xpointer(id('tok_739')/range-to(id('tok_744')))"/>
	<mark id="referent_187" xlink:href="#xpointer(id('tok_748')/range-to(id('tok_749')))"/>
	<mark id="referent_188" xlink:href="#tok_750"/>
	<mark id="referent_189" xlink:href="#tok_756"/>
	<mark id="referent_190" xlink:href="#xpointer(id('tok_771')/range-to(id('tok_772')))"/>
	<mark id="referent_191" xlink:href="#tok_345"/>
	<mark id="referent_192" xlink:href="#tok_815"/>
	<mark id="referent_193" xlink:href="#tok_825"/>
	<mark id="referent_194" xlink:href="#tok_827"/>
	<mark id="referent_195" xlink:href="#xpointer(id('tok_508')/range-to(id('tok_515')))"/>
	<mark id="referent_196" xlink:href="#xpointer(id('tok_46')/range-to(id('tok_68')))"/>
	<mark id="referent_197" xlink:href="#xpointer(id('tok_808')/range-to(id('tok_809')))"/>
	<mark id="referent_198" xlink:href="#tok_819"/>
	<mark id="referent_199" xlink:href="#tok_779"/>
	<mark id="referent_200" xlink:href="#xpointer(id('tok_765')/range-to(id('tok_766')))"/>
	<mark id="referent_201" xlink:href="#xpointer(id('tok_760')/range-to(id('tok_761')))"/>
	<mark id="referent_202" xlink:href="#xpointer(id('tok_753')/range-to(id('tok_754')))"/>
	<mark id="referent_203" xlink:href="#xpointer(id('tok_697')/range-to(id('tok_699')))"/>
	<mark id="referent_204" xlink:href="#xpointer(id('tok_710')/range-to(id('tok_713')))"/>
	<mark id="referent_205" xlink:href="#tok_684"/>
	<mark id="referent_206" xlink:href="#tok_693"/>
	<mark id="referent_207" xlink:href="#tok_672"/>
	<mark id="referent_208" xlink:href="#tok_665"/>
	<mark id="referent_209" xlink:href="#xpointer(id('tok_632')/range-to(id('tok_645')))"/>
	<mark id="referent_210" xlink:href="#tok_10"/>
	<mark id="referent_211" xlink:href="#tok_29"/>
	<mark id="referent_212" xlink:href="#tok_133"/>
	<mark id="referent_213" xlink:href="#tok_209"/>
	<mark id="referent_214" xlink:href="#tok_382"/>
	<mark id="referent_215" xlink:href="#tok_777"/>
	<mark id="referent_216" xlink:href="#tok_737"/>
	<mark id="referent_217" xlink:href="#xpointer(id('tok_557')/range-to(id('tok_560')))"/>
	<mark id="referent_218" xlink:href="#tok_528"/>
	<mark id="referent_219" xlink:href="#xpointer(id('tok_409')/range-to(id('tok_411')))"/>
	<mark id="referent_220" xlink:href="#tok_477"/>
	<mark id="referent_221" xlink:href="#tok_449"/>
	<mark id="referent_222" xlink:href="#tok_410"/>
	<mark id="referent_223" xlink:href="#tok_157"/>
	<mark id="referent_224" xlink:href="#tok_172"/>
	<mark id="referent_225" xlink:href="#tok_481"/>
	<mark id="referent_226" xlink:href="#tok_478"/>
	<mark id="referent_227" xlink:href="#tok_178"/>
	<mark id="referent_228" xlink:href="#tok_368"/>
	<mark id="referent_229" xlink:href="#tok_622"/>
	<mark id="referent_230" xlink:href="#tok_803"/>
	<mark id="referent_231" xlink:href="#tok_772"/>
	<mark id="referent_232" xlink:href="#xpointer(id('tok_471')/range-to(id('tok_473')))"/>
	<mark id="referent_233" xlink:href="#tok_473"/>
	<mark id="referent_234" xlink:href="#xpointer(id('tok_458')/range-to(id('tok_465')))"/>
	<mark id="referent_235" xlink:href="#tok_464"/>
	<mark id="referent_236" xlink:href="#tok_441"/>
	<mark id="referent_237" xlink:href="#tok_68"/>
	<mark id="referent_238" xlink:href="#tok_234"/>
	<mark id="referent_239" xlink:href="#tok_245"/>
	<mark id="referent_240" xlink:href="#tok_277"/>
	<mark id="referent_241" xlink:href="#tok_289"/>
	<mark id="referent_242" xlink:href="#tok_318"/>
	<mark id="referent_243" xlink:href="#tok_339"/>
	<mark id="referent_244" xlink:href="#tok_352"/>
	<mark id="referent_245" xlink:href="#tok_502"/>
	<mark id="referent_246" xlink:href="#xpointer(id('tok_1')/range-to(id('tok_12')))"/>
	<mark id="referent_247" xlink:href="#xpointer(id('tok_111')/range-to(id('tok_113')))"/>
	<mark id="referent_248" xlink:href="#tok_210"/>
	<mark id="referent_249" xlink:href="#xpointer(id('tok_278')/range-to(id('tok_284')))"/>
	<mark id="referent_250" xlink:href="#xpointer(id('tok_541')/range-to(id('tok_553')))"/>
	<mark id="referent_251" xlink:href="#tok_222"/>
	<mark id="referent_252" xlink:href="#tok_372"/>
	<mark id="referent_253" xlink:href="#tok_658"/>
	<mark id="referent_254" xlink:href="#tok_299"/>
	<mark id="referent_255" xlink:href="#tok_185"/>
	<mark id="referent_256" xlink:href="#tok_202"/>
	<mark id="referent_257" xlink:href="#tok_400"/>
	<mark id="referent_258" xlink:href="#tok_427"/>
	<mark id="referent_259" xlink:href="#tok_809"/>
	<mark id="referent_260" xlink:href="#xpointer(id('tok_541')/range-to(id('tok_542')))"/>
	<mark id="referent_261" xlink:href="#tok_223"/>
	<mark id="referent_262" xlink:href="#xpointer(id('tok_794')/range-to(id('tok_796')))"/>
	<mark id="referent_263" xlink:href="#tok_766"/>
</markList>
</paula>
