<?xml version="1.0" ?>
<!DOCTYPE paula SYSTEM "paula_feat.dtd">
<paula version="1.1">
<header paula_id="rst.GUM_interview_libertarian.struct_kind">
</header>
<featList xmlns:xlink="http://www.w3.org/1999/xlink" type="kind" xml:base="rst.GUM_interview_libertarian.struct.xml">
<feat xlink:href="#id1" value="segment">
</feat>
<feat xlink:href="#id2" value="segment">
</feat>
<feat xlink:href="#id3" value="segment">
</feat>
<feat xlink:href="#id4" value="segment">
</feat>
<feat xlink:href="#id5" value="segment">
</feat>
<feat xlink:href="#id6" value="segment">
</feat>
<feat xlink:href="#id7" value="segment">
</feat>
<feat xlink:href="#id8" value="segment">
</feat>
<feat xlink:href="#id9" value="segment">
</feat>
<feat xlink:href="#id10" value="segment">
</feat>
<feat xlink:href="#id11" value="segment">
</feat>
<feat xlink:href="#id12" value="segment">
</feat>
<feat xlink:href="#id13" value="segment">
</feat>
<feat xlink:href="#id52" value="segment">
</feat>
<feat xlink:href="#id14" value="segment">
</feat>
<feat xlink:href="#id15" value="segment">
</feat>
<feat xlink:href="#id16" value="segment">
</feat>
<feat xlink:href="#id17" value="segment">
</feat>
<feat xlink:href="#id18" value="segment">
</feat>
<feat xlink:href="#id55" value="segment">
</feat>
<feat xlink:href="#id19" value="segment">
</feat>
<feat xlink:href="#id20" value="segment">
</feat>
<feat xlink:href="#id21" value="segment">
</feat>
<feat xlink:href="#id22" value="segment">
</feat>
<feat xlink:href="#id23" value="segment">
</feat>
<feat xlink:href="#id24" value="segment">
</feat>
<feat xlink:href="#id25" value="segment">
</feat>
<feat xlink:href="#id41" value="segment">
</feat>
<feat xlink:href="#id26" value="segment">
</feat>
<feat xlink:href="#id27" value="segment">
</feat>
<feat xlink:href="#id28" value="segment">
</feat>
<feat xlink:href="#id61" value="segment">
</feat>
<feat xlink:href="#id29" value="segment">
</feat>
<feat xlink:href="#id30" value="segment">
</feat>
<feat xlink:href="#id40" value="segment">
</feat>
<feat xlink:href="#id31" value="segment">
</feat>
<feat xlink:href="#id63" value="segment">
</feat>
<feat xlink:href="#id32" value="segment">
</feat>
<feat xlink:href="#id33" value="segment">
</feat>
<feat xlink:href="#id34" value="segment">
</feat>
<feat xlink:href="#id39" value="segment">
</feat>
<feat xlink:href="#id35" value="segment">
</feat>
<feat xlink:href="#id36" value="segment">
</feat>
<feat xlink:href="#id37" value="segment">
</feat>
<feat xlink:href="#id38" value="segment">
</feat>
<feat xlink:href="#id42" value="group">
</feat>
<feat xlink:href="#id46" value="group">
</feat>
<feat xlink:href="#id44" value="group">
</feat>
<feat xlink:href="#id47" value="group">
</feat>
<feat xlink:href="#id50" value="group">
</feat>
<feat xlink:href="#id51" value="group">
</feat>
<feat xlink:href="#id45" value="group">
</feat>
<feat xlink:href="#id43" value="group">
</feat>
<feat xlink:href="#id48" value="group">
</feat>
<feat xlink:href="#id53" value="group">
</feat>
<feat xlink:href="#id54" value="group">
</feat>
<feat xlink:href="#id49" value="group">
</feat>
<feat xlink:href="#id56" value="group">
</feat>
<feat xlink:href="#id57" value="group">
</feat>
<feat xlink:href="#id58" value="group">
</feat>
<feat xlink:href="#id59" value="group">
</feat>
<feat xlink:href="#id60" value="group">
</feat>
<feat xlink:href="#id62" value="group">
</feat>
<feat xlink:href="#id64" value="group">
</feat>
<feat xlink:href="#id65" value="group">
</feat>
<feat xlink:href="#id66" value="group">
</feat>
<feat xlink:href="#id67" value="group">
</feat>
<feat xlink:href="#id68" value="group">
</feat>
<feat xlink:href="#id69" value="group">
</feat>
<feat xlink:href="#id70" value="group">
</feat>
<feat xlink:href="#id71" value="group">
</feat>
<feat xlink:href="#id72" value="group">
</feat>
<feat xlink:href="#id73" value="group">
</feat>
<feat xlink:href="#id74" value="group">
</feat>
</featList>
</paula>
