<?xml version="1.0" ?>
<!DOCTYPE paula SYSTEM "paula_feat.dtd">
<paula version="1.1">
<header paula_id="rst.GUM_interview_libertarian.struct_type">
</header>
<featList xmlns:xlink="http://www.w3.org/1999/xlink" type="type" xml:base="rst.GUM_interview_libertarian.struct.xml">
<feat xlink:href="#id42" value="span">
</feat>
<feat xlink:href="#id46" value="span">
</feat>
<feat xlink:href="#id44" value="multinuc">
</feat>
<feat xlink:href="#id47" value="span">
</feat>
<feat xlink:href="#id50" value="span">
</feat>
<feat xlink:href="#id51" value="multinuc">
</feat>
<feat xlink:href="#id45" value="span">
</feat>
<feat xlink:href="#id43" value="span">
</feat>
<feat xlink:href="#id48" value="span">
</feat>
<feat xlink:href="#id53" value="span">
</feat>
<feat xlink:href="#id54" value="span">
</feat>
<feat xlink:href="#id49" value="span">
</feat>
<feat xlink:href="#id56" value="span">
</feat>
<feat xlink:href="#id57" value="span">
</feat>
<feat xlink:href="#id58" value="span">
</feat>
<feat xlink:href="#id59" value="span">
</feat>
<feat xlink:href="#id60" value="span">
</feat>
<feat xlink:href="#id62" value="span">
</feat>
<feat xlink:href="#id64" value="span">
</feat>
<feat xlink:href="#id65" value="span">
</feat>
<feat xlink:href="#id66" value="span">
</feat>
<feat xlink:href="#id67" value="multinuc">
</feat>
<feat xlink:href="#id68" value="span">
</feat>
<feat xlink:href="#id69" value="span">
</feat>
<feat xlink:href="#id70" value="span">
</feat>
<feat xlink:href="#id71" value="span">
</feat>
<feat xlink:href="#id72" value="span">
</feat>
<feat xlink:href="#id73" value="span">
</feat>
<feat xlink:href="#id74" value="span">
</feat>
</featList>
</paula>
