<?xml version="1.0" ?>
<!DOCTYPE paula SYSTEM "paula_feat.dtd">
<paula version="1.1">
<header paula_id="rst.GUM_interview_libertarian.struct_relname">
</header>
<featList xmlns:xlink="http://www.w3.org/1999/xlink" type="relname" xml:base="rst.GUM_interview_libertarian.struct.xml">
<feat xlink:href="#sDomRel832" value="circumstance">
</feat>
<feat xlink:href="#sDomRel836" value="background">
</feat>
<feat xlink:href="#sDomRel837" value="background">
</feat>
<feat xlink:href="#sDomRel883" value="background">
</feat>
<feat xlink:href="#sDomRel835" value="elaboration">
</feat>
<feat xlink:href="#sDomRel841" value="justify">
</feat>
<feat xlink:href="#sDomRel886" value="justify">
</feat>
<feat xlink:href="#sDomRel843" value="evidence">
</feat>
<feat xlink:href="#sDomRel848" value="evaluation">
</feat>
<feat xlink:href="#sDomRel850" value="antithesis">
</feat>
<feat xlink:href="#sDomRel853" value="background">
</feat>
<feat xlink:href="#sDomRel889" value="elaboration">
</feat>
<feat xlink:href="#sDomRel857" value="elaboration">
</feat>
<feat xlink:href="#sDomRel860" value="justify">
</feat>
<feat xlink:href="#sDomRel861" value="condition">
</feat>
<feat xlink:href="#sDomRel864" value="justify">
</feat>
<feat xlink:href="#sDomRel867" value="result">
</feat>
<feat xlink:href="#sDomRel868" value="solutionhood">
</feat>
<feat xlink:href="#sDomRel882" value="justify">
</feat>
<feat xlink:href="#sDomRel871" value="evaluation">
</feat>
<feat xlink:href="#sDomRel873" value="elaboration">
</feat>
<feat xlink:href="#sDomRel875" value="elaboration">
</feat>
<feat xlink:href="#sDomRel831" value="span">
</feat>
<feat xlink:href="#sDomRel840" value="span">
</feat>
<feat xlink:href="#sDomRel839" value="solutionhood">
</feat>
<feat xlink:href="#sDomRel845" value="joint">
</feat>
<feat xlink:href="#sDomRel877" value="joint">
</feat>
<feat xlink:href="#sDomRel879" value="joint">
</feat>
<feat xlink:href="#sDomRel842" value="span">
</feat>
<feat xlink:href="#sDomRel847" value="span">
</feat>
<feat xlink:href="#sDomRel846" value="solutionhood">
</feat>
<feat xlink:href="#sDomRel849" value="joint">
</feat>
<feat xlink:href="#sDomRel851" value="joint">
</feat>
<feat xlink:href="#sDomRel852" value="joint">
</feat>
<feat xlink:href="#sDomRel880" value="joint">
</feat>
<feat xlink:href="#sDomRel870" value="span">
</feat>
<feat xlink:href="#sDomRel834" value="span">
</feat>
<feat xlink:href="#sDomRel833" value="span">
</feat>
<feat xlink:href="#sDomRel838" value="elaboration">
</feat>
<feat xlink:href="#sDomRel884" value="span">
</feat>
<feat xlink:href="#sDomRel844" value="span">
</feat>
<feat xlink:href="#sDomRel854" value="span">
</feat>
<feat xlink:href="#sDomRel856" value="span">
</feat>
<feat xlink:href="#sDomRel858" value="antithesis">
</feat>
<feat xlink:href="#sDomRel888" value="span">
</feat>
<feat xlink:href="#sDomRel859" value="span">
</feat>
<feat xlink:href="#sDomRel891" value="antithesis">
</feat>
<feat xlink:href="#sDomRel855" value="span">
</feat>
<feat xlink:href="#sDomRel887" value="solutionhood">
</feat>
<feat xlink:href="#sDomRel890" value="span">
</feat>
<feat xlink:href="#sDomRel863" value="span">
</feat>
<feat xlink:href="#sDomRel865" value="elaboration">
</feat>
<feat xlink:href="#sDomRel893" value="span">
</feat>
<feat xlink:href="#sDomRel895" value="justify">
</feat>
<feat xlink:href="#sDomRel896" value="solutionhood">
</feat>
<feat xlink:href="#sDomRel866" value="span">
</feat>
<feat xlink:href="#sDomRel862" value="span">
</feat>
<feat xlink:href="#sDomRel885" value="background">
</feat>
<feat xlink:href="#sDomRel894" value="joint">
</feat>
<feat xlink:href="#sDomRel898" value="joint">
</feat>
<feat xlink:href="#sDomRel899" value="joint">
</feat>
<feat xlink:href="#sDomRel900" value="joint">
</feat>
<feat xlink:href="#sDomRel901" value="joint">
</feat>
<feat xlink:href="#sDomRel902" value="joint">
</feat>
<feat xlink:href="#sDomRel903" value="joint">
</feat>
<feat xlink:href="#sDomRel869" value="span">
</feat>
<feat xlink:href="#sDomRel872" value="span">
</feat>
<feat xlink:href="#sDomRel874" value="span">
</feat>
<feat xlink:href="#sDomRel892" value="span">
</feat>
<feat xlink:href="#sDomRel881" value="span">
</feat>
<feat xlink:href="#sDomRel876" value="preparation">
</feat>
<feat xlink:href="#sDomRel897" value="span">
</feat>
<feat xlink:href="#sDomRel878" value="span">
</feat>
</featList>
</paula>
