<?xml version="1.0" encoding="UTF-8" standalone="no"?>

<!DOCTYPE paula SYSTEM "paula_mark.dtd">
<paula version="1.0">

<header paula_id="tei.GUM.GUM_interview_libertarian_sp_whoSeg"/>

<markList xmlns:xlink="http://www.w3.org/1999/xlink" type="sp_whoSeg" xml:base="GUM.GUM_interview_libertarian.tok.xml">
<mark id="sp_who_215" xlink:href="#xpointer(id('tok_215')/range-to(id('tok_229')))"/><!-- What...? -->
<mark id="sp_who_230" xlink:href="#xpointer(id('tok_230')/range-to(id('tok_369')))"/><!-- I.... -->
<mark id="sp_who_370" xlink:href="#xpointer(id('tok_370')/range-to(id('tok_394')))"/><!-- What...? -->
<mark id="sp_who_395" xlink:href="#xpointer(id('tok_395')/range-to(id('tok_496')))"/><!-- McDonnell.... -->
<mark id="sp_who_497" xlink:href="#xpointer(id('tok_497')/range-to(id('tok_524')))"/><!-- Compared...? -->
<mark id="sp_who_525" xlink:href="#xpointer(id('tok_525')/range-to(id('tok_646')))"/><!-- Voters.... -->
<mark id="sp_who_647" xlink:href="#xpointer(id('tok_647')/range-to(id('tok_666')))"/><!-- If...? -->
<mark id="sp_who_667" xlink:href="#xpointer(id('tok_667')/range-to(id('tok_773')))"/><!-- There.... -->
<mark id="sp_who_774" xlink:href="#xpointer(id('tok_774')/range-to(id('tok_784')))"/><!-- Which...? -->
<mark id="sp_who_785" xlink:href="#xpointer(id('tok_785')/range-to(id('tok_811')))"/><!-- Thomas.... -->
</markList>
</paula>
