<?xml version="1.0" encoding="UTF-8" standalone="no"?>

<!DOCTYPE paula SYSTEM "paula_feat.dtd">
<paula version="1.0">

<header paula_id="tei.GUM.GUM_interview_libertarian_sp_who"/>

<featList xmlns:xlink="http://www.w3.org/1999/xlink" type="sp_who" xml:base="tei.GUM.GUM_interview_libertarian.sp_whoSeg.xml">
<feat xlink:href="#sp_who_215" value="#WilliamSaturn"/><!-- What...? -->
<feat xlink:href="#sp_who_230" value="#RobertSarvis"/><!-- I.... -->
<feat xlink:href="#sp_who_370" value="#WilliamSaturn"/><!-- What...? -->
<feat xlink:href="#sp_who_395" value="#RobertSarvis"/><!-- McDonnell.... -->
<feat xlink:href="#sp_who_497" value="#WilliamSaturn"/><!-- Compared...? -->
<feat xlink:href="#sp_who_525" value="#RobertSarvis"/><!-- Voters.... -->
<feat xlink:href="#sp_who_647" value="#WilliamSaturn"/><!-- If...? -->
<feat xlink:href="#sp_who_667" value="#RobertSarvis"/><!-- There.... -->
<feat xlink:href="#sp_who_774" value="#WilliamSaturn"/><!-- Which...? -->
<feat xlink:href="#sp_who_785" value="#RobertSarvis"/><!-- Thomas.... -->
</featList>
</paula>
