<?xml version="1.0" encoding="UTF-8" standalone="no"?>

<!DOCTYPE paula SYSTEM "paula_feat.dtd">
<paula version="1.0">

<header paula_id="tei.GUM.GUM_interview_libertarian_ref"/>

<featList xmlns:xlink="http://www.w3.org/1999/xlink" type="ref" xml:base="tei.GUM.GUM_interview_libertarian.refSeg.xml">
<feat xlink:href="#ref_20" value="ref"/><!-- Robert...Sarvis -->
<feat xlink:href="#ref_24" value="ref"/><!-- Libertarian...&apos;s -->
<feat xlink:href="#ref_29" value="ref"/><!-- Governor...of -->
<feat xlink:href="#ref_31" value="ref"/><!-- Virginia -->
<feat xlink:href="#ref_56" value="ref"/><!-- 2013...election -->
<feat xlink:href="#ref_72" value="ref"/><!-- Newsmax -->
<feat xlink:href="#ref_88" value="ref"/><!-- Republican...Party -->
<feat xlink:href="#ref_91" value="ref"/><!-- Ken...Cuccinelli -->
<feat xlink:href="#ref_94" value="ref"/><!-- Virginia...General -->
<feat xlink:href="#ref_103" value="ref"/><!-- Democratic...Party -->
<feat xlink:href="#ref_106" value="ref"/><!-- Terry...McAuliffe -->
<feat xlink:href="#ref_111" value="ref"/><!-- Democratic...Committee -->
<feat xlink:href="#ref_134" value="ref"/><!-- Bob...McDonnell -->
<feat xlink:href="#ref_150" value="ref"/><!-- student...vouchers -->
<feat xlink:href="#ref_160" value="ref"/><!-- US...Amendment -->
<feat xlink:href="#ref_164" value="ref"/><!-- gun -->
<feat xlink:href="#ref_168" value="ref"/><!-- same-sex...marriage -->
<feat xlink:href="#ref_358" value="ref"/><!-- cronyism -->
<feat xlink:href="#ref_360" value="ref"/><!-- corporatism -->
<feat xlink:href="#ref_785" value="ref"/><!-- Thomas...Jefferson -->
</featList>
</paula>
