<?xml version='1.0' encoding='UTF-8'?><!DOCTYPE paula SYSTEM "paula_rel.dtd">
<paula version="1.1">
	<header paula_id="bridge.GUM_academic_census.bridge"/>
	<relList xmlns:xlink="http://www.w3.org/1999/xlink" type="bridge">
		<rel id="sPointingRel1451" xlink:href="ref.GUM_academic_census.mark.xml#sSpan550" target="ref.GUM_academic_census.mark.xml#sSpan535"/>
		<rel id="sPointingRel1453_11934" xlink:href="ref.GUM_academic_census.mark.xml#sSpan666" target="ref.GUM_academic_census.mark.xml#sSpan611"/>
		<rel id="sPointingRel1455_11935" xlink:href="ref.GUM_academic_census.mark.xml#sSpan198" target="ref.GUM_academic_census.mark.xml#sSpan161"/>
		<rel id="sPointingRel1457_11936" xlink:href="ref.GUM_academic_census.mark.xml#sSpan449" target="ref.GUM_academic_census.mark.xml#sSpan274"/>
		<rel id="sPointingRel1459_11937" xlink:href="ref.GUM_academic_census.mark.xml#sSpan712" target="ref.GUM_academic_census.mark.xml#sSpan710"/>
		<rel id="sPointingRel1461_11938" xlink:href="ref.GUM_academic_census.mark.xml#sSpan138" target="ref.GUM_academic_census.mark.xml#sSpan124"/>
		<rel id="sPointingRel1463" xlink:href="ref.GUM_academic_census.mark.xml#sSpan366" target="ref.GUM_academic_census.mark.xml#sSpan274"/>
		<rel id="sPointingRel1465_11940" xlink:href="ref.GUM_academic_census.mark.xml#sSpan731" target="ref.GUM_academic_census.mark.xml#sSpan710"/>
		<rel id="sPointingRel1467" xlink:href="ref.GUM_academic_census.mark.xml#sSpan280" target="ref.GUM_academic_census.mark.xml#sSpan148"/>
		<rel id="sPointingRel1469" xlink:href="ref.GUM_academic_census.mark.xml#sSpan518" target="ref.GUM_academic_census.mark.xml#sSpan274"/>
		<rel id="sPointingRel1471" xlink:href="ref.GUM_academic_census.mark.xml#sSpan138" target="ref.GUM_academic_census.mark.xml#sSpan129"/>
		<rel id="sPointingRel1473" xlink:href="ref.GUM_academic_census.mark.xml#sSpan657" target="ref.GUM_academic_census.mark.xml#sSpan611"/>
		<rel id="sPointingRel1475" xlink:href="ref.GUM_academic_census.mark.xml#sSpan322" target="ref.GUM_academic_census.mark.xml#sSpan274"/>
		<rel id="sPointingRel1477" xlink:href="ref.GUM_academic_census.mark.xml#sSpan198" target="ref.GUM_academic_census.mark.xml#sSpan166"/>
		<rel id="sPointingRel1479" xlink:href="ref.GUM_academic_census.mark.xml#sSpan577" target="ref.GUM_academic_census.mark.xml#sSpan561"/>
		<rel id="sPointingRel1481" xlink:href="ref.GUM_academic_census.mark.xml#sSpan308" target="ref.GUM_academic_census.mark.xml#sSpan274"/></relList></paula>