<?xml version='1.0' encoding='UTF-8'?><!DOCTYPE paula SYSTEM "paula_feat.dtd">
<paula version="1.1">
	<header paula_id="bridge.GUM_academic_census.bridge_type"/>
	<featList xmlns:xlink="http://www.w3.org/1999/xlink" type="type" xml:base="bridge.GUM_academic_census.bridge.xml">
		<feat xlink:href="#sPointingRel1451" value="bridge:aggr"/>
		<feat xlink:href="#sPointingRel1453_11599" value="bridge:aggr"/>
		<feat xlink:href="#sPointingRel1455_11600" value="bridge:other"/>
		<feat xlink:href="#sPointingRel1457_11601" value="bridge:def"/>
		<feat xlink:href="#sPointingRel1459_11602" value="bridge:aggr"/>
		<feat xlink:href="#sPointingRel1461_11603" value="bridge:other"/>
		<feat xlink:href="#sPointingRel1463" value="bridge:aggr"/>
		<feat xlink:href="#sPointingRel1465_11605" value="bridge:other"/>
		<feat xlink:href="#sPointingRel1467" value="bridge:def"/>
		<feat xlink:href="#sPointingRel1469" value="bridge:other"/>
		<feat xlink:href="#sPointingRel1471" value="bridge:other"/>
		<feat xlink:href="#sPointingRel1473" value="bridge:other"/>
		<feat xlink:href="#sPointingRel1475" value="bridge:other"/>
		<feat xlink:href="#sPointingRel1477" value="bridge:other"/>
		<feat xlink:href="#sPointingRel1479" value="bridge:other"/>
		<feat xlink:href="#sPointingRel1481" value="bridge:other"/></featList></paula>