<?xml version='1.0' encoding='UTF-8'?><!DOCTYPE paula SYSTEM "paula_feat.dtd">
<paula version="1.1">
	<header paula_id="GUM_academic_census.tok_tok_func"/>
	<featList xmlns:xlink="http://www.w3.org/1999/xlink" type="tok_func" xml:base="GUM_academic_census.tok.xml">
		<feat xlink:href="#sTok1" value="discourse"/>
		<feat xlink:href="#sTok2" value="root"/>
		<feat xlink:href="#sTok3" value="amod"/>
		<feat xlink:href="#sTok4" value="cc"/>
		<feat xlink:href="#sTok5" value="compound"/>
		<feat xlink:href="#sTok6" value="punct"/>
		<feat xlink:href="#sTok7" value="conj"/>
		<feat xlink:href="#sTok8" value="compound"/>
		<feat xlink:href="#sTok9" value="nsubj"/>
		<feat xlink:href="#sTok10" value="root"/>
		<feat xlink:href="#sTok11" value="det"/>
		<feat xlink:href="#sTok12" value="amod"/>
		<feat xlink:href="#sTok13" value="obj"/>
		<feat xlink:href="#sTok14" value="mark"/>
		<feat xlink:href="#sTok15" value="advcl"/>
		<feat xlink:href="#sTok16" value="det"/>
		<feat xlink:href="#sTok17" value="obj"/>
		<feat xlink:href="#sTok18" value="cc"/>
		<feat xlink:href="#sTok19" value="conj"/>
		<feat xlink:href="#sTok20" value="case"/>
		<feat xlink:href="#sTok21" value="amod"/>
		<feat xlink:href="#sTok22" value="nmod"/>
		<feat xlink:href="#sTok23" value="punct"/>
		<feat xlink:href="#sTok24" value="cc:preconj"/>
		<feat xlink:href="#sTok25" value="advmod"/>
		<feat xlink:href="#sTok26" value="case"/>
		<feat xlink:href="#sTok27" value="nmod:poss"/>
		<feat xlink:href="#sTok28" value="obl"/>
		<feat xlink:href="#sTok29" value="cc"/>
		<feat xlink:href="#sTok30" value="advmod"/>
		<feat xlink:href="#sTok31" value="case"/>
		<feat xlink:href="#sTok32" value="nmod:poss"/>
		<feat xlink:href="#sTok33" value="conj"/>
		<feat xlink:href="#sTok34" value="case"/>
		<feat xlink:href="#sTok35" value="amod"/>
		<feat xlink:href="#sTok36" value="nmod"/>
		<feat xlink:href="#sTok37" value="punct"/>
		<feat xlink:href="#sTok38" value="amod"/>
		<feat xlink:href="#sTok39" value="nsubj"/>
		<feat xlink:href="#sTok40" value="root"/>
		<feat xlink:href="#sTok41" value="mark"/>
		<feat xlink:href="#sTok42" value="nsubj:pass"/>
		<feat xlink:href="#sTok43" value="case"/>
		<feat xlink:href="#sTok44" value="det"/>
		<feat xlink:href="#sTok45" value="nmod"/>
		<feat xlink:href="#sTok46" value="aux:pass"/>
		<feat xlink:href="#sTok47" value="advmod"/>
		<feat xlink:href="#sTok48" value="cc"/>
		<feat xlink:href="#sTok49" value="conj"/>
		<feat xlink:href="#sTok50" value="ccomp"/>
		<feat xlink:href="#sTok51" value="case"/>
		<feat xlink:href="#sTok52" value="amod"/>
		<feat xlink:href="#sTok53" value="obl"/>
		<feat xlink:href="#sTok54" value="case"/>
		<feat xlink:href="#sTok55" value="compound"/>
		<feat xlink:href="#sTok56" value="nmod"/>
		<feat xlink:href="#sTok57" value="punct"/>
		<feat xlink:href="#sTok58" value="case"/>
		<feat xlink:href="#sTok59" value="amod"/>
		<feat xlink:href="#sTok60" value="punct"/>
		<feat xlink:href="#sTok61" value="conj"/>
		<feat xlink:href="#sTok62" value="punct"/>
		<feat xlink:href="#sTok63" value="cc"/>
		<feat xlink:href="#sTok64" value="conj"/>
		<feat xlink:href="#sTok65" value="nmod"/>
		<feat xlink:href="#sTok66" value="punct"/>
		<feat xlink:href="#sTok67" value="case"/>
		<feat xlink:href="#sTok68" value="det"/>
		<feat xlink:href="#sTok69" value="obl"/>
		<feat xlink:href="#sTok70" value="punct"/>
		<feat xlink:href="#sTok71" value="nsubj"/>
		<feat xlink:href="#sTok72" value="root"/>
		<feat xlink:href="#sTok73" value="mark"/>
		<feat xlink:href="#sTok74" value="amod"/>
		<feat xlink:href="#sTok75" value="nsubj"/>
		<feat xlink:href="#sTok76" value="case"/>
		<feat xlink:href="#sTok77" value="det"/>
		<feat xlink:href="#sTok78" value="nmod"/>
		<feat xlink:href="#sTok79" value="cc"/>
		<feat xlink:href="#sTok80" value="conj"/>
		<feat xlink:href="#sTok81" value="aux"/>
		<feat xlink:href="#sTok82" value="ccomp"/>
		<feat xlink:href="#sTok83" value="case"/>
		<feat xlink:href="#sTok84" value="amod"/>
		<feat xlink:href="#sTok85" value="amod"/>
		<feat xlink:href="#sTok86" value="obl"/>
		<feat xlink:href="#sTok87" value="punct"/>
		<feat xlink:href="#sTok88" value="dep"/>
		<feat xlink:href="#sTok89" value="punct"/>
		<feat xlink:href="#sTok90" value="cc"/>
		<feat xlink:href="#sTok91" value="advmod"/>
		<feat xlink:href="#sTok92" value="amod"/>
		<feat xlink:href="#sTok93" value="conj"/>
		<feat xlink:href="#sTok94" value="case"/>
		<feat xlink:href="#sTok95" value="amod"/>
		<feat xlink:href="#sTok96" value="nmod"/>
		<feat xlink:href="#sTok97" value="punct"/>
		<feat xlink:href="#sTok98" value="dep"/>
		<feat xlink:href="#sTok99" value="punct"/>
		<feat xlink:href="#sTok100" value="dep"/>
		<feat xlink:href="#sTok101" value="punct"/>
		<feat xlink:href="#sTok102" value="mark"/>
		<feat xlink:href="#sTok103" value="advcl"/>
		<feat xlink:href="#sTok104" value="advmod"/>
		<feat xlink:href="#sTok105" value="obj"/>
		<feat xlink:href="#sTok106" value="case"/>
		<feat xlink:href="#sTok107" value="amod"/>
		<feat xlink:href="#sTok108" value="nmod"/>
		<feat xlink:href="#sTok109" value="cc"/>
		<feat xlink:href="#sTok110" value="conj"/>
		<feat xlink:href="#sTok111" value="nsubj"/>
		<feat xlink:href="#sTok112" value="acl:relcl"/>
		<feat xlink:href="#sTok113" value="cc"/>
		<feat xlink:href="#sTok114" value="advmod"/>
		<feat xlink:href="#sTok115" value="conj"/>
		<feat xlink:href="#sTok116" value="det"/>
		<feat xlink:href="#sTok117" value="obj"/>
		<feat xlink:href="#sTok118" value="case"/>
		<feat xlink:href="#sTok119" value="nmod:poss"/>
		<feat xlink:href="#sTok120" value="nmod"/>
		<feat xlink:href="#sTok121" value="punct"/>
		<feat xlink:href="#sTok122" value="advmod"/>
		<feat xlink:href="#sTok123" value="punct"/>
		<feat xlink:href="#sTok124" value="nsubj:pass"/>
		<feat xlink:href="#sTok125" value="aux"/>
		<feat xlink:href="#sTok126" value="aux:pass"/>
		<feat xlink:href="#sTok127" value="root"/>
		<feat xlink:href="#sTok128" value="mark"/>
		<feat xlink:href="#sTok129" value="xcomp"/>
		<feat xlink:href="#sTok130" value="advmod"/>
		<feat xlink:href="#sTok131" value="amod"/>
		<feat xlink:href="#sTok132" value="amod"/>
		<feat xlink:href="#sTok133" value="obj"/>
		<feat xlink:href="#sTok134" value="cc"/>
		<feat xlink:href="#sTok135" value="amod"/>
		<feat xlink:href="#sTok136" value="compound"/>
		<feat xlink:href="#sTok137" value="conj"/>
		<feat xlink:href="#sTok138" value="punct"/>
		<feat xlink:href="#sTok139" value="dep"/>
		<feat xlink:href="#sTok140" value="punct"/>
		<feat xlink:href="#sTok141" value="punct"/>
		<feat xlink:href="#sTok142" value="nsubj"/>
		<feat xlink:href="#sTok143" value="aux"/>
		<feat xlink:href="#sTok144" value="acl:relcl"/>
		<feat xlink:href="#sTok145" value="det"/>
		<feat xlink:href="#sTok146" value="obj"/>
		<feat xlink:href="#sTok147" value="case"/>
		<feat xlink:href="#sTok148" value="amod"/>
		<feat xlink:href="#sTok149" value="nmod"/>
		<feat xlink:href="#sTok150" value="punct"/>
		<feat xlink:href="#sTok151" value="case"/>
		<feat xlink:href="#sTok152" value="det"/>
		<feat xlink:href="#sTok153" value="amod"/>
		<feat xlink:href="#sTok154" value="obl"/>
		<feat xlink:href="#sTok155" value="punct"/>
		<feat xlink:href="#sTok156" value="advmod"/>
		<feat xlink:href="#sTok157" value="punct"/>
		<feat xlink:href="#sTok158" value="csubj"/>
		<feat xlink:href="#sTok159" value="det"/>
		<feat xlink:href="#sTok160" value="obj"/>
		<feat xlink:href="#sTok161" value="case"/>
		<feat xlink:href="#sTok162" value="nmod"/>
		<feat xlink:href="#sTok163" value="case"/>
		<feat xlink:href="#sTok164" value="nmod"/>
		<feat xlink:href="#sTok165" value="root"/>
		<feat xlink:href="#sTok166" value="advmod"/>
		<feat xlink:href="#sTok167" value="xcomp"/>
		<feat xlink:href="#sTok168" value="punct"/>
		<feat xlink:href="#sTok169" value="case"/>
		<feat xlink:href="#sTok170" value="case"/>
		<feat xlink:href="#sTok171" value="amod"/>
		<feat xlink:href="#sTok172" value="obl"/>
		<feat xlink:href="#sTok173" value="fixed"/>
		<feat xlink:href="#sTok174" value="det"/>
		<feat xlink:href="#sTok175" value="obl"/>
		<feat xlink:href="#sTok176" value="case"/>
		<feat xlink:href="#sTok177" value="amod"/>
		<feat xlink:href="#sTok178" value="nmod"/>
		<feat xlink:href="#sTok179" value="case"/>
		<feat xlink:href="#sTok180" value="det"/>
		<feat xlink:href="#sTok181" value="amod"/>
		<feat xlink:href="#sTok182" value="nmod"/>
		<feat xlink:href="#sTok183" value="punct"/>
		<feat xlink:href="#sTok184" value="csubj"/>
		<feat xlink:href="#sTok185" value="det"/>
		<feat xlink:href="#sTok186" value="obj"/>
		<feat xlink:href="#sTok187" value="cc"/>
		<feat xlink:href="#sTok188" value="conj"/>
		<feat xlink:href="#sTok189" value="case"/>
		<feat xlink:href="#sTok190" value="det"/>
		<feat xlink:href="#sTok191" value="amod"/>
		<feat xlink:href="#sTok192" value="nmod"/>
		<feat xlink:href="#sTok193" value="punct"/>
		<feat xlink:href="#sTok194" value="advmod"/>
		<feat xlink:href="#sTok195" value="case"/>
		<feat xlink:href="#sTok196" value="det"/>
		<feat xlink:href="#sTok197" value="advmod"/>
		<feat xlink:href="#sTok198" value="amod"/>
		<feat xlink:href="#sTok199" value="obl"/>
		<feat xlink:href="#sTok200" value="case"/>
		<feat xlink:href="#sTok201" value="compound"/>
		<feat xlink:href="#sTok202" value="nmod"/>
		<feat xlink:href="#sTok203" value="punct"/>
		<feat xlink:href="#sTok204" value="cop"/>
		<feat xlink:href="#sTok205" value="det"/>
		<feat xlink:href="#sTok206" value="amod"/>
		<feat xlink:href="#sTok207" value="amod"/>
		<feat xlink:href="#sTok208" value="root"/>
		<feat xlink:href="#sTok209" value="mark"/>
		<feat xlink:href="#sTok210" value="acl"/>
		<feat xlink:href="#sTok211" value="obj"/>
		<feat xlink:href="#sTok212" value="amod"/>
		<feat xlink:href="#sTok213" value="nsubj:pass"/>
		<feat xlink:href="#sTok214" value="aux:pass"/>
		<feat xlink:href="#sTok215" value="advcl:relcl"/>
		<feat xlink:href="#sTok216" value="cc"/>
		<feat xlink:href="#sTok217" value="conj"/>
		<feat xlink:href="#sTok218" value="nsubj:pass"/>
		<feat xlink:href="#sTok219" value="aux"/>
		<feat xlink:href="#sTok220" value="aux:pass"/>
		<feat xlink:href="#sTok221" value="advcl:relcl"/>
		<feat xlink:href="#sTok222" value="punct"/>
		<feat xlink:href="#sTok223" value="case"/>
		<feat xlink:href="#sTok224" value="amod"/>
		<feat xlink:href="#sTok225" value="amod"/>
		<feat xlink:href="#sTok226" value="obl"/>
		<feat xlink:href="#sTok227" value="punct"/>
		<feat xlink:href="#sTok228" value="advmod"/>
		<feat xlink:href="#sTok229" value="punct"/>
		<feat xlink:href="#sTok230" value="expl"/>
		<feat xlink:href="#sTok231" value="root"/>
		<feat xlink:href="#sTok232" value="det"/>
		<feat xlink:href="#sTok233" value="amod"/>
		<feat xlink:href="#sTok234" value="nsubj"/>
		<feat xlink:href="#sTok235" value="case"/>
		<feat xlink:href="#sTok236" value="det"/>
		<feat xlink:href="#sTok237" value="compound"/>
		<feat xlink:href="#sTok238" value="punct"/>
		<feat xlink:href="#sTok239" value="compound"/>
		<feat xlink:href="#sTok240" value="nmod"/>
		<feat xlink:href="#sTok241" value="punct"/>
		<feat xlink:href="#sTok242" value="advcl"/>
		<feat xlink:href="#sTok243" value="obj"/>
		<feat xlink:href="#sTok244" value="xcomp"/>
		<feat xlink:href="#sTok245" value="mark"/>
		<feat xlink:href="#sTok246" value="xcomp"/>
		<feat xlink:href="#sTok247" value="det"/>
		<feat xlink:href="#sTok248" value="amod"/>
		<feat xlink:href="#sTok249" value="compound"/>
		<feat xlink:href="#sTok250" value="obj"/>
		<feat xlink:href="#sTok251" value="case"/>
		<feat xlink:href="#sTok252" value="obl"/>
		<feat xlink:href="#sTok253" value="punct"/>
		<feat xlink:href="#sTok254" value="advmod"/>
		<feat xlink:href="#sTok255" value="punct"/>
		<feat xlink:href="#sTok256" value="nsubj"/>
		<feat xlink:href="#sTok257" value="case"/>
		<feat xlink:href="#sTok258" value="nmod"/>
		<feat xlink:href="#sTok259" value="case"/>
		<feat xlink:href="#sTok260" value="nmod"/>
		<feat xlink:href="#sTok261" value="case"/>
		<feat xlink:href="#sTok262" value="nmod"/>
		<feat xlink:href="#sTok263" value="cc"/>
		<feat xlink:href="#sTok264" value="conj"/>
		<feat xlink:href="#sTok265" value="root"/>
		<feat xlink:href="#sTok266" value="case"/>
		<feat xlink:href="#sTok267" value="punct"/>
		<feat xlink:href="#sTok268" value="cc"/>
		<feat xlink:href="#sTok269" value="conj"/>
		<feat xlink:href="#sTok270" value="obl"/>
		<feat xlink:href="#sTok271" value="punct"/>
		<feat xlink:href="#sTok272" value="case"/>
		<feat xlink:href="#sTok273" value="nmod"/>
		<feat xlink:href="#sTok274" value="punct"/>
		<feat xlink:href="#sTok275" value="compound"/>
		<feat xlink:href="#sTok276" value="nsubj"/>
		<feat xlink:href="#sTok277" value="case"/>
		<feat xlink:href="#sTok278" value="nmod"/>
		<feat xlink:href="#sTok279" value="cop"/>
		<feat xlink:href="#sTok280" value="det"/>
		<feat xlink:href="#sTok281" value="amod"/>
		<feat xlink:href="#sTok282" value="root"/>
		<feat xlink:href="#sTok283" value="case"/>
		<feat xlink:href="#sTok284" value="amod"/>
		<feat xlink:href="#sTok285" value="nmod"/>
		<feat xlink:href="#sTok286" value="punct"/>
		<feat xlink:href="#sTok287" value="dep"/>
		<feat xlink:href="#sTok288" value="punct"/>
		<feat xlink:href="#sTok289" value="punct"/>
		<feat xlink:href="#sTok290" value="cc"/>
		<feat xlink:href="#sTok291" value="case"/>
		<feat xlink:href="#sTok292" value="det"/>
		<feat xlink:href="#sTok293" value="amod"/>
		<feat xlink:href="#sTok294" value="obl"/>
		<feat xlink:href="#sTok295" value="case"/>
		<feat xlink:href="#sTok296" value="compound"/>
		<feat xlink:href="#sTok297" value="nmod"/>
		<feat xlink:href="#sTok298" value="punct"/>
		<feat xlink:href="#sTok299" value="det"/>
		<feat xlink:href="#sTok300" value="nsubj"/>
		<feat xlink:href="#sTok301" value="case"/>
		<feat xlink:href="#sTok302" value="nmod"/>
		<feat xlink:href="#sTok303" value="cc"/>
		<feat xlink:href="#sTok304" value="nmod:poss"/>
		<feat xlink:href="#sTok305" value="amod"/>
		<feat xlink:href="#sTok306" value="conj"/>
		<feat xlink:href="#sTok307" value="cop"/>
		<feat xlink:href="#sTok308" value="conj"/>
		<feat xlink:href="#sTok309" value="mark"/>
		<feat xlink:href="#sTok310" value="xcomp"/>
		<feat xlink:href="#sTok311" value="punct"/>
		<feat xlink:href="#sTok312" value="dep"/>
		<feat xlink:href="#sTok313" value="punct"/>
		<feat xlink:href="#sTok314" value="punct"/>
		<feat xlink:href="#sTok315" value="det"/>
		<feat xlink:href="#sTok316" value="nsubj:pass"/>
		<feat xlink:href="#sTok317" value="punct"/>
		<feat xlink:href="#sTok318" value="case"/>
		<feat xlink:href="#sTok319" value="amod"/>
		<feat xlink:href="#sTok320" value="nmod"/>
		<feat xlink:href="#sTok321" value="punct"/>
		<feat xlink:href="#sTok322" value="aux:pass"/>
		<feat xlink:href="#sTok323" value="root"/>
		<feat xlink:href="#sTok324" value="case"/>
		<feat xlink:href="#sTok325" value="det"/>
		<feat xlink:href="#sTok326" value="amod"/>
		<feat xlink:href="#sTok327" value="amod"/>
		<feat xlink:href="#sTok328" value="obl"/>
		<feat xlink:href="#sTok329" value="punct"/>
		<feat xlink:href="#sTok330" value="nmod:poss"/>
		<feat xlink:href="#sTok331" value="compound"/>
		<feat xlink:href="#sTok332" value="nsubj"/>
		<feat xlink:href="#sTok333" value="acl:relcl"/>
		<feat xlink:href="#sTok334" value="det"/>
		<feat xlink:href="#sTok335" value="amod"/>
		<feat xlink:href="#sTok336" value="obj"/>
		<feat xlink:href="#sTok337" value="punct"/>
		<feat xlink:href="#sTok338" value="dep"/>
		<feat xlink:href="#sTok339" value="punct"/>
		<feat xlink:href="#sTok340" value="punct"/>
		<feat xlink:href="#sTok341" value="amod"/>
		<feat xlink:href="#sTok342" value="nsubj"/>
		<feat xlink:href="#sTok343" value="punct"/>
		<feat xlink:href="#sTok344" value="case"/>
		<feat xlink:href="#sTok345" value="det"/>
		<feat xlink:href="#sTok346" value="amod"/>
		<feat xlink:href="#sTok347" value="obl"/>
		<feat xlink:href="#sTok348" value="punct"/>
		<feat xlink:href="#sTok349" value="case"/>
		<feat xlink:href="#sTok350" value="compound"/>
		<feat xlink:href="#sTok351" value="nmod"/>
		<feat xlink:href="#sTok352" value="punct"/>
		<feat xlink:href="#sTok353" value="root"/>
		<feat xlink:href="#sTok354" value="det"/>
		<feat xlink:href="#sTok355" value="amod"/>
		<feat xlink:href="#sTok356" value="compound"/>
		<feat xlink:href="#sTok357" value="punct"/>
		<feat xlink:href="#sTok358" value="amod"/>
		<feat xlink:href="#sTok359" value="obj"/>
		<feat xlink:href="#sTok360" value="cc"/>
		<feat xlink:href="#sTok361" value="compound"/>
		<feat xlink:href="#sTok362" value="nsubj:pass"/>
		<feat xlink:href="#sTok363" value="aux:pass"/>
		<feat xlink:href="#sTok364" value="advmod"/>
		<feat xlink:href="#sTok365" value="conj"/>
		<feat xlink:href="#sTok366" value="case"/>
		<feat xlink:href="#sTok367" value="amod"/>
		<feat xlink:href="#sTok368" value="amod"/>
		<feat xlink:href="#sTok369" value="obl"/>
		<feat xlink:href="#sTok370" value="punct"/>
		<feat xlink:href="#sTok371" value="case"/>
		<feat xlink:href="#sTok372" value="fixed"/>
		<feat xlink:href="#sTok373" value="compound"/>
		<feat xlink:href="#sTok374" value="punct"/>
		<feat xlink:href="#sTok375" value="amod"/>
		<feat xlink:href="#sTok376" value="compound"/>
		<feat xlink:href="#sTok377" value="nmod"/>
		<feat xlink:href="#sTok378" value="case"/>
		<feat xlink:href="#sTok379" value="amod"/>
		<feat xlink:href="#sTok380" value="nmod"/>
		<feat xlink:href="#sTok381" value="punct"/>
		<feat xlink:href="#sTok382" value="mark"/>
		<feat xlink:href="#sTok383" value="csubj"/>
		<feat xlink:href="#sTok384" value="det:predet"/>
		<feat xlink:href="#sTok385" value="det"/>
		<feat xlink:href="#sTok386" value="amod"/>
		<feat xlink:href="#sTok387" value="obj"/>
		<feat xlink:href="#sTok388" value="cop"/>
		<feat xlink:href="#sTok389" value="advcl"/>
		<feat xlink:href="#sTok390" value="punct"/>
		<feat xlink:href="#sTok391" value="amod"/>
		<feat xlink:href="#sTok392" value="nsubj"/>
		<feat xlink:href="#sTok393" value="aux"/>
		<feat xlink:href="#sTok394" value="root"/>
		<feat xlink:href="#sTok395" value="mark"/>
		<feat xlink:href="#sTok396" value="xcomp"/>
		<feat xlink:href="#sTok397" value="det"/>
		<feat xlink:href="#sTok398" value="obj"/>
		<feat xlink:href="#sTok399" value="cc"/>
		<feat xlink:href="#sTok400" value="aux"/>
		<feat xlink:href="#sTok401" value="advmod"/>
		<feat xlink:href="#sTok402" value="conj"/>
		<feat xlink:href="#sTok403" value="obj"/>
		<feat xlink:href="#sTok404" value="case"/>
		<feat xlink:href="#sTok405" value="nmod"/>
		<feat xlink:href="#sTok406" value="punct"/>
		<feat xlink:href="#sTok407" value="dep"/>
		<feat xlink:href="#sTok408" value="case"/>
		<feat xlink:href="#sTok409" value="nmod"/>
		<feat xlink:href="#sTok410" value="punct"/>
		<feat xlink:href="#sTok411" value="punct"/>
		<feat xlink:href="#sTok412" value="advmod"/>
		<feat xlink:href="#sTok413" value="amod"/>
		<feat xlink:href="#sTok414" value="case"/>
		<feat xlink:href="#sTok415" value="det"/>
		<feat xlink:href="#sTok416" value="amod"/>
		<feat xlink:href="#sTok417" value="obl"/>
		<feat xlink:href="#sTok418" value="punct"/>
		<feat xlink:href="#sTok419" value="dep"/>
		<feat xlink:href="#sTok420" value="case"/>
		<feat xlink:href="#sTok421" value="nmod"/>
		<feat xlink:href="#sTok422" value="punct"/>
		<feat xlink:href="#sTok423" value="punct"/>
		<feat xlink:href="#sTok424" value="cc"/>
		<feat xlink:href="#sTok425" value="advmod"/>
		<feat xlink:href="#sTok426" value="conj"/>
		<feat xlink:href="#sTok427" value="case"/>
		<feat xlink:href="#sTok428" value="det"/>
		<feat xlink:href="#sTok429" value="amod"/>
		<feat xlink:href="#sTok430" value="obl"/>
		<feat xlink:href="#sTok431" value="punct"/>
		<feat xlink:href="#sTok432" value="dep"/>
		<feat xlink:href="#sTok433" value="punct"/>
		<feat xlink:href="#sTok434" value="conj"/>
		<feat xlink:href="#sTok435" value="punct"/>
		<feat xlink:href="#sTok436" value="punct"/>
		<feat xlink:href="#sTok437" value="mark"/>
		<feat xlink:href="#sTok438" value="advcl"/>
		<feat xlink:href="#sTok439" value="punct"/>
		<feat xlink:href="#sTok440" value="amod"/>
		<feat xlink:href="#sTok441" value="nsubj"/>
		<feat xlink:href="#sTok442" value="cop"/>
		<feat xlink:href="#sTok443" value="advmod"/>
		<feat xlink:href="#sTok444" value="root"/>
		<feat xlink:href="#sTok445" value="case"/>
		<feat xlink:href="#sTok446" value="det"/>
		<feat xlink:href="#sTok447" value="amod"/>
		<feat xlink:href="#sTok448" value="obl"/>
		<feat xlink:href="#sTok449" value="case"/>
		<feat xlink:href="#sTok450" value="det"/>
		<feat xlink:href="#sTok451" value="nmod"/>
		<feat xlink:href="#sTok452" value="cc"/>
		<feat xlink:href="#sTok453" value="advmod"/>
		<feat xlink:href="#sTok454" value="conj"/>
		<feat xlink:href="#sTok455" value="amod"/>
		<feat xlink:href="#sTok456" value="obj"/>
		<feat xlink:href="#sTok457" value="punct"/>
		<feat xlink:href="#sTok458" value="nsubj"/>
		<feat xlink:href="#sTok459" value="case"/>
		<feat xlink:href="#sTok460" value="det"/>
		<feat xlink:href="#sTok461" value="amod"/>
		<feat xlink:href="#sTok462" value="compound"/>
		<feat xlink:href="#sTok463" value="nmod"/>
		<feat xlink:href="#sTok464" value="case"/>
		<feat xlink:href="#sTok465" value="nmod"/>
		<feat xlink:href="#sTok466" value="root"/>
		<feat xlink:href="#sTok467" value="punct"/>
		<feat xlink:href="#sTok468" value="case"/>
		<feat xlink:href="#sTok469" value="obl"/>
		<feat xlink:href="#sTok470" value="punct"/>
		<feat xlink:href="#sTok471" value="det"/>
		<feat xlink:href="#sTok472" value="advmod"/>
		<feat xlink:href="#sTok473" value="amod"/>
		<feat xlink:href="#sTok474" value="obj"/>
		<feat xlink:href="#sTok475" value="case"/>
		<feat xlink:href="#sTok476" value="nummod"/>
		<feat xlink:href="#sTok477" value="amod"/>
		<feat xlink:href="#sTok478" value="nmod"/>
		<feat xlink:href="#sTok479" value="punct"/>
		<feat xlink:href="#sTok480" value="compound"/>
		<feat xlink:href="#sTok481" value="appos"/>
		<feat xlink:href="#sTok482" value="punct"/>
		<feat xlink:href="#sTok483" value="conj"/>
		<feat xlink:href="#sTok484" value="punct"/>
		<feat xlink:href="#sTok485" value="cc"/>
		<feat xlink:href="#sTok486" value="conj"/>
		<feat xlink:href="#sTok487" value="punct"/>
		<feat xlink:href="#sTok488" value="dep"/>
		<feat xlink:href="#sTok489" value="punct"/>
		<feat xlink:href="#sTok490" value="punct"/>
		<feat xlink:href="#sTok491" value="det"/>
		<feat xlink:href="#sTok492" value="compound"/>
		<feat xlink:href="#sTok493" value="nsubj"/>
		<feat xlink:href="#sTok494" value="aux"/>
		<feat xlink:href="#sTok495" value="root"/>
		<feat xlink:href="#sTok496" value="amod"/>
		<feat xlink:href="#sTok497" value="obj"/>
		<feat xlink:href="#sTok498" value="case"/>
		<feat xlink:href="#sTok499" value="amod"/>
		<feat xlink:href="#sTok500" value="obl"/>
		<feat xlink:href="#sTok501" value="case"/>
		<feat xlink:href="#sTok502" value="compound"/>
		<feat xlink:href="#sTok503" value="nmod"/>
		<feat xlink:href="#sTok504" value="punct"/>
		<feat xlink:href="#sTok505" value="conj"/>
		<feat xlink:href="#sTok506" value="punct"/>
		<feat xlink:href="#sTok507" value="cc"/>
		<feat xlink:href="#sTok508" value="amod"/>
		<feat xlink:href="#sTok509" value="conj"/>
		<feat xlink:href="#sTok510" value="punct"/>
		<feat xlink:href="#sTok511" value="dep"/>
		<feat xlink:href="#sTok512" value="punct"/>
		<feat xlink:href="#sTok513" value="conj"/>
		<feat xlink:href="#sTok514" value="punct"/>
		<feat xlink:href="#sTok515" value="conj"/>
		<feat xlink:href="#sTok516" value="punct"/>
		<feat xlink:href="#sTok517" value="punct"/>
		<feat xlink:href="#sTok518" value="cc"/>
		<feat xlink:href="#sTok519" value="punct"/>
		<feat xlink:href="#sTok520" value="det"/>
		<feat xlink:href="#sTok521" value="compound"/>
		<feat xlink:href="#sTok522" value="nsubj"/>
		<feat xlink:href="#sTok523" value="cop"/>
		<feat xlink:href="#sTok524" value="advmod"/>
		<feat xlink:href="#sTok525" value="det"/>
		<feat xlink:href="#sTok526" value="amod"/>
		<feat xlink:href="#sTok527" value="root"/>
		<feat xlink:href="#sTok528" value="case"/>
		<feat xlink:href="#sTok529" value="det"/>
		<feat xlink:href="#sTok530" value="amod"/>
		<feat xlink:href="#sTok531" value="cc"/>
		<feat xlink:href="#sTok532" value="conj"/>
		<feat xlink:href="#sTok533" value="nmod"/>
		<feat xlink:href="#sTok534" value="cc"/>
		<feat xlink:href="#sTok535" value="advmod"/>
		<feat xlink:href="#sTok536" value="conj"/>
		<feat xlink:href="#sTok537" value="amod"/>
		<feat xlink:href="#sTok538" value="obj"/>
		<feat xlink:href="#sTok539" value="case"/>
		<feat xlink:href="#sTok540" value="det"/>
		<feat xlink:href="#sTok541" value="amod"/>
		<feat xlink:href="#sTok542" value="nmod"/>
		<feat xlink:href="#sTok543" value="cc"/>
		<feat xlink:href="#sTok544" value="compound"/>
		<feat xlink:href="#sTok545" value="conj"/>
		<feat xlink:href="#sTok546" value="case"/>
		<feat xlink:href="#sTok547" value="det"/>
		<feat xlink:href="#sTok548" value="amod"/>
		<feat xlink:href="#sTok549" value="nmod"/>
		<feat xlink:href="#sTok550" value="punct"/>
		<feat xlink:href="#sTok551" value="case"/>
		<feat xlink:href="#sTok552" value="det"/>
		<feat xlink:href="#sTok553" value="obl"/>
		<feat xlink:href="#sTok554" value="punct"/>
		<feat xlink:href="#sTok555" value="amod"/>
		<feat xlink:href="#sTok556" value="nsubj"/>
		<feat xlink:href="#sTok557" value="case"/>
		<feat xlink:href="#sTok558" value="compound"/>
		<feat xlink:href="#sTok559" value="nmod"/>
		<feat xlink:href="#sTok560" value="cc"/>
		<feat xlink:href="#sTok561" value="conj"/>
		<feat xlink:href="#sTok562" value="cop"/>
		<feat xlink:href="#sTok563" value="root"/>
		<feat xlink:href="#sTok564" value="case"/>
		<feat xlink:href="#sTok565" value="obl"/>
		<feat xlink:href="#sTok566" value="punct"/>
		<feat xlink:href="#sTok567" value="case"/>
		<feat xlink:href="#sTok568" value="compound"/>
		<feat xlink:href="#sTok569" value="obl"/>
		<feat xlink:href="#sTok570" value="punct"/>
		<feat xlink:href="#sTok571" value="det"/>
		<feat xlink:href="#sTok572" value="compound"/>
		<feat xlink:href="#sTok573" value="compound"/>
		<feat xlink:href="#sTok574" value="nsubj"/>
		<feat xlink:href="#sTok575" value="punct"/>
		<feat xlink:href="#sTok576" value="appos"/>
		<feat xlink:href="#sTok577" value="punct"/>
		<feat xlink:href="#sTok578" value="root"/>
		<feat xlink:href="#sTok579" value="obj"/>
		<feat xlink:href="#sTok580" value="case"/>
		<feat xlink:href="#sTok581" value="det"/>
		<feat xlink:href="#sTok582" value="nmod"/>
		<feat xlink:href="#sTok583" value="case"/>
		<feat xlink:href="#sTok584" value="compound"/>
		<feat xlink:href="#sTok585" value="nmod"/>
		<feat xlink:href="#sTok586" value="case"/>
		<feat xlink:href="#sTok587" value="det"/>
		<feat xlink:href="#sTok588" value="amod"/>
		<feat xlink:href="#sTok589" value="compound"/>
		<feat xlink:href="#sTok590" value="obl"/>
		<feat xlink:href="#sTok591" value="case"/>
		<feat xlink:href="#sTok592" value="compound"/>
		<feat xlink:href="#sTok593" value="nmod"/>
		<feat xlink:href="#sTok594" value="case"/>
		<feat xlink:href="#sTok595" value="compound"/>
		<feat xlink:href="#sTok596" value="nmod"/>
		<feat xlink:href="#sTok597" value="punct"/>
		<feat xlink:href="#sTok598" value="appos"/>
		<feat xlink:href="#sTok599" value="punct"/>
		<feat xlink:href="#sTok600" value="punct"/>
		<feat xlink:href="#sTok601" value="amod"/>
		<feat xlink:href="#sTok602" value="nsubj"/>
		<feat xlink:href="#sTok603" value="aux"/>
		<feat xlink:href="#sTok604" value="root"/>
		<feat xlink:href="#sTok605" value="amod"/>
		<feat xlink:href="#sTok606" value="obj"/>
		<feat xlink:href="#sTok607" value="case"/>
		<feat xlink:href="#sTok608" value="nmod"/>
		<feat xlink:href="#sTok609" value="cc"/>
		<feat xlink:href="#sTok610" value="compound"/>
		<feat xlink:href="#sTok611" value="conj"/>
		<feat xlink:href="#sTok612" value="case"/>
		<feat xlink:href="#sTok613" value="det"/>
		<feat xlink:href="#sTok614" value="amod"/>
		<feat xlink:href="#sTok615" value="nmod"/>
		<feat xlink:href="#sTok616" value="cc"/>
		<feat xlink:href="#sTok617" value="conj"/>
		<feat xlink:href="#sTok618" value="case"/>
		<feat xlink:href="#sTok619" value="nummod"/>
		<feat xlink:href="#sTok620" value="amod"/>
		<feat xlink:href="#sTok621" value="obl"/>
		<feat xlink:href="#sTok622" value="punct"/>
		<feat xlink:href="#sTok623" value="advmod"/>
		<feat xlink:href="#sTok624" value="punct"/>
		<feat xlink:href="#sTok625" value="nsubj"/>
		<feat xlink:href="#sTok626" value="cop"/>
		<feat xlink:href="#sTok627" value="root"/>
		<feat xlink:href="#sTok628" value="case"/>
		<feat xlink:href="#sTok629" value="amod"/>
		<feat xlink:href="#sTok630" value="compound"/>
		<feat xlink:href="#sTok631" value="obl"/>
		<feat xlink:href="#sTok632" value="cc"/>
		<feat xlink:href="#sTok633" value="det"/>
		<feat xlink:href="#sTok634" value="conj"/>
		<feat xlink:href="#sTok635" value="case"/>
		<feat xlink:href="#sTok636" value="nmod"/>
		<feat xlink:href="#sTok637" value="cc"/>
		<feat xlink:href="#sTok638" value="compound"/>
		<feat xlink:href="#sTok639" value="conj"/>
		<feat xlink:href="#sTok640" value="punct"/>
		<feat xlink:href="#sTok641" value="nsubj"/>
		<feat xlink:href="#sTok642" value="aux"/>
		<feat xlink:href="#sTok643" value="acl:relcl"/>
		<feat xlink:href="#sTok644" value="obj"/>
		<feat xlink:href="#sTok645" value="case"/>
		<feat xlink:href="#sTok646" value="amod"/>
		<feat xlink:href="#sTok647" value="punct"/>
		<feat xlink:href="#sTok648" value="amod"/>
		<feat xlink:href="#sTok649" value="obl"/>
		<feat xlink:href="#sTok650" value="punct"/>
		<feat xlink:href="#sTok651" value="dep"/>
		<feat xlink:href="#sTok652" value="punct"/>
		<feat xlink:href="#sTok653" value="conj"/>
		<feat xlink:href="#sTok654" value="punct"/>
		<feat xlink:href="#sTok655" value="punct"/>
		<feat xlink:href="#sTok656" value="advmod"/>
		<feat xlink:href="#sTok657" value="punct"/>
		<feat xlink:href="#sTok658" value="amod"/>
		<feat xlink:href="#sTok659" value="nsubj"/>
		<feat xlink:href="#sTok660" value="root"/>
		<feat xlink:href="#sTok661" value="advmod"/>
		<feat xlink:href="#sTok662" value="det"/>
		<feat xlink:href="#sTok663" value="amod"/>
		<feat xlink:href="#sTok664" value="punct"/>
		<feat xlink:href="#sTok665" value="amod"/>
		<feat xlink:href="#sTok666" value="obj"/>
		<feat xlink:href="#sTok667" value="case"/>
		<feat xlink:href="#sTok668" value="det"/>
		<feat xlink:href="#sTok669" value="nmod"/>
		<feat xlink:href="#sTok670" value="punct"/>
		<feat xlink:href="#sTok671" value="nsubj"/>
		<feat xlink:href="#sTok672" value="aux"/>
		<feat xlink:href="#sTok673" value="advcl:relcl"/>
		<feat xlink:href="#sTok674" value="obj"/>
		<feat xlink:href="#sTok675" value="xcomp"/>
		<feat xlink:href="#sTok676" value="mark"/>
		<feat xlink:href="#sTok677" value="xcomp"/>
		<feat xlink:href="#sTok678" value="obj"/>
		<feat xlink:href="#sTok679" value="punct"/>
		<feat xlink:href="#sTok680" value="dep"/>
		<feat xlink:href="#sTok681" value="punct"/>
		<feat xlink:href="#sTok682" value="punct"/>
		<feat xlink:href="#sTok683" value="case"/>
		<feat xlink:href="#sTok684" value="obl"/>
		<feat xlink:href="#sTok685" value="punct"/>
		<feat xlink:href="#sTok686" value="nsubj:pass"/>
		<feat xlink:href="#sTok687" value="case"/>
		<feat xlink:href="#sTok688" value="compound"/>
		<feat xlink:href="#sTok689" value="cc"/>
		<feat xlink:href="#sTok690" value="conj"/>
		<feat xlink:href="#sTok691" value="nmod"/>
		<feat xlink:href="#sTok692" value="case"/>
		<feat xlink:href="#sTok693" value="nmod"/>
		<feat xlink:href="#sTok694" value="aux"/>
		<feat xlink:href="#sTok695" value="aux:pass"/>
		<feat xlink:href="#sTok696" value="root"/>
		<feat xlink:href="#sTok697" value="compound:prt"/>
		<feat xlink:href="#sTok698" value="case"/>
		<feat xlink:href="#sTok699" value="obl:agent"/>
		<feat xlink:href="#sTok700" value="punct"/>
		<feat xlink:href="#sTok701" value="advmod"/>
		<feat xlink:href="#sTok702" value="advcl"/>
		<feat xlink:href="#sTok703" value="det"/>
		<feat xlink:href="#sTok704" value="obj"/>
		<feat xlink:href="#sTok705" value="case"/>
		<feat xlink:href="#sTok706" value="det"/>
		<feat xlink:href="#sTok707" value="nmod"/>
		<feat xlink:href="#sTok708" value="case"/>
		<feat xlink:href="#sTok709" value="amod"/>
		<feat xlink:href="#sTok710" value="nmod"/>
		<feat xlink:href="#sTok711" value="cc"/>
		<feat xlink:href="#sTok712" value="conj"/>
		<feat xlink:href="#sTok713" value="punct"/>
		<feat xlink:href="#sTok714" value="advmod"/>
		<feat xlink:href="#sTok715" value="punct"/>
		<feat xlink:href="#sTok716" value="nsubj"/>
		<feat xlink:href="#sTok717" value="root"/>
		<feat xlink:href="#sTok718" value="det"/>
		<feat xlink:href="#sTok719" value="amod"/>
		<feat xlink:href="#sTok720" value="obj"/>
		<feat xlink:href="#sTok721" value="punct"/>
		<feat xlink:href="#sTok722" value="acl"/>
		<feat xlink:href="#sTok723" value="case"/>
		<feat xlink:href="#sTok724" value="det"/>
		<feat xlink:href="#sTok725" value="amod"/>
		<feat xlink:href="#sTok726" value="compound"/>
		<feat xlink:href="#sTok727" value="obl"/>
		<feat xlink:href="#sTok728" value="punct"/>
		<feat xlink:href="#sTok729" value="nsubj"/>
		<feat xlink:href="#sTok730" value="aux"/>
		<feat xlink:href="#sTok731" value="advmod"/>
		<feat xlink:href="#sTok732" value="cc"/>
		<feat xlink:href="#sTok733" value="conj"/>
		<feat xlink:href="#sTok734" value="acl:relcl"/>
		<feat xlink:href="#sTok735" value="det"/>
		<feat xlink:href="#sTok736" value="amod"/>
		<feat xlink:href="#sTok737" value="obj"/>
		<feat xlink:href="#sTok738" value="case"/>
		<feat xlink:href="#sTok739" value="det"/>
		<feat xlink:href="#sTok740" value="amod"/>
		<feat xlink:href="#sTok741" value="nmod"/>
		<feat xlink:href="#sTok742" value="advcl"/>
		<feat xlink:href="#sTok743" value="amod"/>
		<feat xlink:href="#sTok744" value="obj"/>
		<feat xlink:href="#sTok745" value="amod"/>
		<feat xlink:href="#sTok746" value="case"/>
		<feat xlink:href="#sTok747" value="det"/>
		<feat xlink:href="#sTok748" value="amod"/>
		<feat xlink:href="#sTok749" value="compound"/>
		<feat xlink:href="#sTok750" value="compound"/>
		<feat xlink:href="#sTok751" value="obl"/>
		<feat xlink:href="#sTok752" value="punct"/>
		<feat xlink:href="#sTok753" value="det"/>
		<feat xlink:href="#sTok754" value="nsubj"/>
		<feat xlink:href="#sTok755" value="cop"/>
		<feat xlink:href="#sTok756" value="root"/>
		<feat xlink:href="#sTok757" value="cc"/>
		<feat xlink:href="#sTok758" value="conj"/>
		<feat xlink:href="#sTok759" value="punct"/>
		<feat xlink:href="#sTok760" value="cc"/>
		<feat xlink:href="#sTok761" value="nsubj:pass"/>
		<feat xlink:href="#sTok762" value="aux"/>
		<feat xlink:href="#sTok763" value="aux:pass"/>
		<feat xlink:href="#sTok764" value="conj"/>
		<feat xlink:href="#sTok765" value="case"/>
		<feat xlink:href="#sTok766" value="det"/>
		<feat xlink:href="#sTok767" value="amod"/>
		<feat xlink:href="#sTok768" value="obl"/>
		<feat xlink:href="#sTok769" value="cc"/>
		<feat xlink:href="#sTok770" value="conj"/>
		<feat xlink:href="#sTok771" value="case"/>
		<feat xlink:href="#sTok772" value="amod"/>
		<feat xlink:href="#sTok773" value="obl"/>
		<feat xlink:href="#sTok774" value="punct"/>
		<feat xlink:href="#sTok775" value="det"/>
		<feat xlink:href="#sTok776" value="nsubj"/>
		<feat xlink:href="#sTok777" value="cop"/>
		<feat xlink:href="#sTok778" value="root"/>
		<feat xlink:href="#sTok779" value="mark"/>
		<feat xlink:href="#sTok780" value="advcl"/>
		<feat xlink:href="#sTok781" value="compound"/>
		<feat xlink:href="#sTok782" value="obj"/>
		<feat xlink:href="#sTok783" value="case"/>
		<feat xlink:href="#sTok784" value="det"/>
		<feat xlink:href="#sTok785" value="amod"/>
		<feat xlink:href="#sTok786" value="amod"/>
		<feat xlink:href="#sTok787" value="obl"/>
		<feat xlink:href="#sTok788" value="case"/>
		<feat xlink:href="#sTok789" value="advmod"/>
		<feat xlink:href="#sTok790" value="det"/>
		<feat xlink:href="#sTok791" value="amod"/>
		<feat xlink:href="#sTok792" value="obl"/>
		<feat xlink:href="#sTok793" value="advcl"/>
		<feat xlink:href="#sTok794" value="case"/>
		<feat xlink:href="#sTok795" value="punct"/>
		<feat xlink:href="#sTok796" value="det"/>
		<feat xlink:href="#sTok797" value="punct"/>
		<feat xlink:href="#sTok798" value="compound"/>
		<feat xlink:href="#sTok799" value="compound"/>
		<feat xlink:href="#sTok800" value="obj"/>
		<feat xlink:href="#sTok801" value="punct"/>
		<feat xlink:href="#sTok802" value="det"/>
		<feat xlink:href="#sTok803" value="amod"/>
		<feat xlink:href="#sTok804" value="parataxis"/>
		<feat xlink:href="#sTok805" value="case"/>
		<feat xlink:href="#sTok806" value="det"/>
		<feat xlink:href="#sTok807" value="advmod"/>
		<feat xlink:href="#sTok808" value="nummod"/>
		<feat xlink:href="#sTok809" value="nmod"/>
		<feat xlink:href="#sTok810" value="acl"/>
		<feat xlink:href="#sTok811" value="mark"/>
		<feat xlink:href="#sTok812" value="advcl"/>
		<feat xlink:href="#sTok813" value="det"/>
		<feat xlink:href="#sTok814" value="obj"/>
		<feat xlink:href="#sTok815" value="case"/>
		<feat xlink:href="#sTok816" value="obl"/>
		<feat xlink:href="#sTok817" value="punct"/>
		<feat xlink:href="#sTok818" value="dep"/>
		<feat xlink:href="#sTok819" value="punct"/>
		<feat xlink:href="#sTok820" value="punct"/>
		<feat xlink:href="#sTok821" value="mark"/>
		<feat xlink:href="#sTok822" value="advcl"/>
		<feat xlink:href="#sTok823" value="det"/>
		<feat xlink:href="#sTok824" value="amod"/>
		<feat xlink:href="#sTok825" value="obj"/>
		<feat xlink:href="#sTok826" value="case"/>
		<feat xlink:href="#sTok827" value="det"/>
		<feat xlink:href="#sTok828" value="amod"/>
		<feat xlink:href="#sTok829" value="nmod"/>
		<feat xlink:href="#sTok830" value="case"/>
		<feat xlink:href="#sTok831" value="amod"/>
		<feat xlink:href="#sTok832" value="obl"/>
		<feat xlink:href="#sTok833" value="advmod"/>
		<feat xlink:href="#sTok834" value="punct"/>
		<feat xlink:href="#sTok835" value="det"/>
		<feat xlink:href="#sTok836" value="nsubj"/>
		<feat xlink:href="#sTok837" value="aux"/>
		<feat xlink:href="#sTok838" value="root"/>
		<feat xlink:href="#sTok839" value="amod"/>
		<feat xlink:href="#sTok840" value="obj"/>
		<feat xlink:href="#sTok841" value="case"/>
		<feat xlink:href="#sTok842" value="det"/>
		<feat xlink:href="#sTok843" value="nmod"/>
		<feat xlink:href="#sTok844" value="case"/>
		<feat xlink:href="#sTok845" value="amod"/>
		<feat xlink:href="#sTok846" value="nmod"/>
		<feat xlink:href="#sTok847" value="mark"/>
		<feat xlink:href="#sTok848" value="advcl"/>
		<feat xlink:href="#sTok849" value="obj"/>
		<feat xlink:href="#sTok850" value="case"/>
		<feat xlink:href="#sTok851" value="amod"/>
		<feat xlink:href="#sTok852" value="compound"/>
		<feat xlink:href="#sTok853" value="nmod"/>
		<feat xlink:href="#sTok854" value="punct"/>
		<feat xlink:href="#sTok855" value="mark"/>
		<feat xlink:href="#sTok856" value="advcl"/>
		<feat xlink:href="#sTok857" value="mark"/>
		<feat xlink:href="#sTok858" value="xcomp"/>
		<feat xlink:href="#sTok859" value="case"/>
		<feat xlink:href="#sTok860" value="obl"/>
		<feat xlink:href="#sTok861" value="cc"/>
		<feat xlink:href="#sTok862" value="amod"/>
		<feat xlink:href="#sTok863" value="conj"/>
		<feat xlink:href="#sTok864" value="punct"/>
		<feat xlink:href="#sTok865" value="det"/>
		<feat xlink:href="#sTok866" value="nsubj:pass"/>
		<feat xlink:href="#sTok867" value="aux"/>
		<feat xlink:href="#sTok868" value="advmod"/>
		<feat xlink:href="#sTok869" value="aux:pass"/>
		<feat xlink:href="#sTok870" value="root"/>
		<feat xlink:href="#sTok871" value="advmod"/>
		<feat xlink:href="#sTok872" value="mark"/>
		<feat xlink:href="#sTok873" value="advcl"/>
		<feat xlink:href="#sTok874" value="obj"/>
		<feat xlink:href="#sTok875" value="det"/>
		<feat xlink:href="#sTok876" value="nmod:poss"/>
		<feat xlink:href="#sTok877" value="case"/>
		<feat xlink:href="#sTok878" value="nsubj"/>
		<feat xlink:href="#sTok879" value="advcl:relcl"/>
		<feat xlink:href="#sTok880" value="case"/>
		<feat xlink:href="#sTok881" value="obl"/>
		<feat xlink:href="#sTok882" value="punct"/>
		<feat xlink:href="#sTok883" value="nsubj"/>
		<feat xlink:href="#sTok884" value="cop"/>
		<feat xlink:href="#sTok885" value="advmod"/>
		<feat xlink:href="#sTok886" value="advcl:relcl"/>
		<feat xlink:href="#sTok887" value="mark"/>
		<feat xlink:href="#sTok888" value="advcl"/>
		<feat xlink:href="#sTok889" value="det"/>
		<feat xlink:href="#sTok890" value="obj"/>
		<feat xlink:href="#sTok891" value="case"/>
		<feat xlink:href="#sTok892" value="nmod"/>
		<feat xlink:href="#sTok893" value="acl"/>
		<feat xlink:href="#sTok894" value="mark"/>
		<feat xlink:href="#sTok895" value="xcomp"/>
		<feat xlink:href="#sTok896" value="obj"/>
		<feat xlink:href="#sTok897" value="cc"/>
		<feat xlink:href="#sTok898" value="conj"/>
		<feat xlink:href="#sTok899" value="obj"/>
		<feat xlink:href="#sTok900" value="case"/>
		<feat xlink:href="#sTok901" value="nmod"/>
		<feat xlink:href="#sTok902" value="punct"/>
		<feat xlink:href="#sTok903" value="advmod"/>
		<feat xlink:href="#sTok904" value="punct"/>
		<feat xlink:href="#sTok905" value="advcl"/>
		<feat xlink:href="#sTok906" value="case"/>
		<feat xlink:href="#sTok907" value="amod"/>
		<feat xlink:href="#sTok908" value="amod"/>
		<feat xlink:href="#sTok909" value="obl"/>
		<feat xlink:href="#sTok910" value="case"/>
		<feat xlink:href="#sTok911" value="obl"/>
		<feat xlink:href="#sTok912" value="punct"/>
		<feat xlink:href="#sTok913" value="det"/>
		<feat xlink:href="#sTok914" value="nsubj"/>
		<feat xlink:href="#sTok915" value="aux"/>
		<feat xlink:href="#sTok916" value="root"/>
		<feat xlink:href="#sTok917" value="nmod:poss"/>
		<feat xlink:href="#sTok918" value="case"/>
		<feat xlink:href="#sTok919" value="obj"/>
		<feat xlink:href="#sTok920" value="case"/>
		<feat xlink:href="#sTok921" value="amod"/>
		<feat xlink:href="#sTok922" value="nmod"/>
		<feat xlink:href="#sTok923" value="cc"/>
		<feat xlink:href="#sTok924" value="conj"/>
		<feat xlink:href="#sTok925" value="det"/>
		<feat xlink:href="#sTok926" value="compound"/>
		<feat xlink:href="#sTok927" value="obj"/>
		<feat xlink:href="#sTok928" value="case"/>
		<feat xlink:href="#sTok929" value="amod"/>
		<feat xlink:href="#sTok930" value="obl"/>
		<feat xlink:href="#sTok931" value="punct"/>
		<feat xlink:href="#sTok932" value="case"/>
		<feat xlink:href="#sTok933" value="obl"/>
		<feat xlink:href="#sTok934" value="punct"/>
		<feat xlink:href="#sTok935" value="amod"/>
		<feat xlink:href="#sTok936" value="amod"/>
		<feat xlink:href="#sTok937" value="compound"/>
		<feat xlink:href="#sTok938" value="nsubj"/>
		<feat xlink:href="#sTok939" value="aux"/>
		<feat xlink:href="#sTok940" value="root"/>
		<feat xlink:href="#sTok941" value="case"/>
		<feat xlink:href="#sTok942" value="det"/>
		<feat xlink:href="#sTok943" value="obl"/>
		<feat xlink:href="#sTok944" value="case"/>
		<feat xlink:href="#sTok945" value="amod"/>
		<feat xlink:href="#sTok946" value="cc"/>
		<feat xlink:href="#sTok947" value="advmod"/>
		<feat xlink:href="#sTok948" value="punct"/>
		<feat xlink:href="#sTok949" value="conj"/>
		<feat xlink:href="#sTok950" value="compound"/>
		<feat xlink:href="#sTok951" value="nmod"/>
		<feat xlink:href="#sTok952" value="punct"/>
		<feat xlink:href="#sTok953" value="nmod:poss"/>
		<feat xlink:href="#sTok954" value="nsubj:pass"/>
		<feat xlink:href="#sTok955" value="aux:pass"/>
		<feat xlink:href="#sTok956" value="root"/>
		<feat xlink:href="#sTok957" value="mark"/>
		<feat xlink:href="#sTok958" value="advcl"/>
		<feat xlink:href="#sTok959" value="punct"/>
		<feat xlink:href="#sTok960" value="nsubj"/>
		<feat xlink:href="#sTok961" value="root"/>
		<feat xlink:href="#sTok962" value="mark"/>
		<feat xlink:href="#sTok963" value="advcl"/>
		<feat xlink:href="#sTok964" value="det"/>
		<feat xlink:href="#sTok965" value="obj"/>
		<feat xlink:href="#sTok966" value="cc"/>
		<feat xlink:href="#sTok967" value="conj"/>
		<feat xlink:href="#sTok968" value="case"/>
		<feat xlink:href="#sTok969" value="nmod:poss"/>
		<feat xlink:href="#sTok970" value="compound"/>
		<feat xlink:href="#sTok971" value="compound"/>
		<feat xlink:href="#sTok972" value="nmod"/>
		<feat xlink:href="#sTok973" value="punct"/>
		<feat xlink:href="#sTok974" value="advmod"/>
		<feat xlink:href="#sTok975" value="punct"/>
		<feat xlink:href="#sTok976" value="nsubj"/>
		<feat xlink:href="#sTok977" value="root"/>
		<feat xlink:href="#sTok978" value="det"/>
		<feat xlink:href="#sTok979" value="obj"/>
		<feat xlink:href="#sTok980" value="case"/>
		<feat xlink:href="#sTok981" value="nmod:poss"/>
		<feat xlink:href="#sTok982" value="nmod"/>
		<feat xlink:href="#sTok983" value="case"/>
		<feat xlink:href="#sTok984" value="nummod"/>
		<feat xlink:href="#sTok985" value="obl"/>
		<feat xlink:href="#sTok986" value="punct"/>
		<feat xlink:href="#sTok987" value="det"/>
		<feat xlink:href="#sTok988" value="nsubj"/>
		<feat xlink:href="#sTok989" value="root"/>
		<feat xlink:href="#sTok990" value="det"/>
		<feat xlink:href="#sTok991" value="obj"/>
		<feat xlink:href="#sTok992" value="cc"/>
		<feat xlink:href="#sTok993" value="conj"/>
		<feat xlink:href="#sTok994" value="case"/>
		<feat xlink:href="#sTok995" value="det"/>
		<feat xlink:href="#sTok996" value="nmod"/>
		<feat xlink:href="#sTok997" value="mark"/>
		<feat xlink:href="#sTok998" value="advcl"/>
		<feat xlink:href="#sTok999" value="compound"/>
		<feat xlink:href="#sTok1000" value="obj"/>
		<feat xlink:href="#sTok1001" value="case"/>
		<feat xlink:href="#sTok1002" value="det"/>
		<feat xlink:href="#sTok1003" value="obl"/>
		<feat xlink:href="#sTok1004" value="case"/>
		<feat xlink:href="#sTok1005" value="compound"/>
		<feat xlink:href="#sTok1006" value="nmod"/>
		<feat xlink:href="#sTok1007" value="cc"/>
		<feat xlink:href="#sTok1008" value="conj"/>
		<feat xlink:href="#sTok1009" value="obj"/>
		<feat xlink:href="#sTok1010" value="case"/>
		<feat xlink:href="#sTok1011" value="det"/>
		<feat xlink:href="#sTok1012" value="compound"/>
		<feat xlink:href="#sTok1013" value="punct"/>
		<feat xlink:href="#sTok1014" value="amod"/>
		<feat xlink:href="#sTok1015" value="obl"/>
		<feat xlink:href="#sTok1016" value="punct"/>
		<feat xlink:href="#sTok1017" value="acl"/>
		<feat xlink:href="#sTok1018" value="case"/>
		<feat xlink:href="#sTok1019" value="obl"/>
		<feat xlink:href="#sTok1020" value="punct"/>
		<feat xlink:href="#sTok1021" value="dep"/>
		<feat xlink:href="#sTok1022" value="punct"/>
		<feat xlink:href="#sTok1023" value="punct"/>
		<feat xlink:href="#sTok1024" value="det"/>
		<feat xlink:href="#sTok1025" value="nsubj"/>
		<feat xlink:href="#sTok1026" value="root"/>
		<feat xlink:href="#sTok1027" value="det"/>
		<feat xlink:href="#sTok1028" value="obj"/>
		<feat xlink:href="#sTok1029" value="case"/>
		<feat xlink:href="#sTok1030" value="det"/>
		<feat xlink:href="#sTok1031" value="nmod"/>
		<feat xlink:href="#sTok1032" value="case"/>
		<feat xlink:href="#sTok1033" value="nmod"/>
		<feat xlink:href="#sTok1034" value="acl"/>
		<feat xlink:href="#sTok1035" value="case"/>
		<feat xlink:href="#sTok1036" value="nmod:poss"/>
		<feat xlink:href="#sTok1037" value="obl:agent"/>
		<feat xlink:href="#sTok1038" value="cc"/>
		<feat xlink:href="#sTok1039" value="conj"/>
		<feat xlink:href="#sTok1040" value="det"/>
		<feat xlink:href="#sTok1041" value="compound"/>
		<feat xlink:href="#sTok1042" value="cc"/>
		<feat xlink:href="#sTok1043" value="conj"/>
		<feat xlink:href="#sTok1044" value="obj"/>
		<feat xlink:href="#sTok1045" value="mark"/>
		<feat xlink:href="#sTok1046" value="advcl"/>
		<feat xlink:href="#sTok1047" value="det"/>
		<feat xlink:href="#sTok1048" value="punct"/>
		<feat xlink:href="#sTok1049" value="amod"/>
		<feat xlink:href="#sTok1050" value="compound"/>
		<feat xlink:href="#sTok1051" value="punct"/>
		<feat xlink:href="#sTok1052" value="obj"/>
		<feat xlink:href="#sTok1053" value="case"/>
		<feat xlink:href="#sTok1054" value="compound"/>
		<feat xlink:href="#sTok1055" value="nmod"/>
		<feat xlink:href="#sTok1056" value="punct"/></featList></paula>