<?xml version='1.0' encoding='UTF-8'?><!DOCTYPE paula SYSTEM "paula_feat.dtd">
<paula version="1.1">
	<header paula_id="GUM_academic_census.tok_pos"/>
	<featList xmlns:xlink="http://www.w3.org/1999/xlink" type="pos" xml:base="GUM_academic_census.tok.xml">
		<feat xlink:href="#sTok1" value="LS"/>
		<feat xlink:href="#sTok2" value="NN"/>
		<feat xlink:href="#sTok3" value="JJ"/>
		<feat xlink:href="#sTok4" value="CC"/>
		<feat xlink:href="#sTok5" value="NN"/>
		<feat xlink:href="#sTok6" value="HYPH"/>
		<feat xlink:href="#sTok7" value="NN"/>
		<feat xlink:href="#sTok8" value="NN"/>
		<feat xlink:href="#sTok9" value="NN"/>
		<feat xlink:href="#sTok10" value="VV"/>
		<feat xlink:href="#sTok11" value="DT"/>
		<feat xlink:href="#sTok12" value="JJ"/>
		<feat xlink:href="#sTok13" value="NN"/>
		<feat xlink:href="#sTok14" value="IN"/>
		<feat xlink:href="#sTok15" value="VVG"/>
		<feat xlink:href="#sTok16" value="DT"/>
		<feat xlink:href="#sTok17" value="NN"/>
		<feat xlink:href="#sTok18" value="CC"/>
		<feat xlink:href="#sTok19" value="NN"/>
		<feat xlink:href="#sTok20" value="IN"/>
		<feat xlink:href="#sTok21" value="JJ"/>
		<feat xlink:href="#sTok22" value="NN"/>
		<feat xlink:href="#sTok23" value=","/>
		<feat xlink:href="#sTok24" value="CC"/>
		<feat xlink:href="#sTok25" value="RB"/>
		<feat xlink:href="#sTok26" value="IN"/>
		<feat xlink:href="#sTok27" value="PP$"/>
		<feat xlink:href="#sTok28" value="NN"/>
		<feat xlink:href="#sTok29" value="CC"/>
		<feat xlink:href="#sTok30" value="RB"/>
		<feat xlink:href="#sTok31" value="IN"/>
		<feat xlink:href="#sTok32" value="PP$"/>
		<feat xlink:href="#sTok33" value="NN"/>
		<feat xlink:href="#sTok34" value="IN"/>
		<feat xlink:href="#sTok35" value="JJ"/>
		<feat xlink:href="#sTok36" value="NNS"/>
		<feat xlink:href="#sTok37" value="SENT"/>
		<feat xlink:href="#sTok38" value="JJ"/>
		<feat xlink:href="#sTok39" value="NNS"/>
		<feat xlink:href="#sTok40" value="VVP"/>
		<feat xlink:href="#sTok41" value="IN/that"/>
		<feat xlink:href="#sTok42" value="DT"/>
		<feat xlink:href="#sTok43" value="IN"/>
		<feat xlink:href="#sTok44" value="DT"/>
		<feat xlink:href="#sTok45" value="NNS"/>
		<feat xlink:href="#sTok46" value="VBZ"/>
		<feat xlink:href="#sTok47" value="RB"/>
		<feat xlink:href="#sTok48" value="CC"/>
		<feat xlink:href="#sTok49" value="RB"/>
		<feat xlink:href="#sTok50" value="VVN"/>
		<feat xlink:href="#sTok51" value="IN"/>
		<feat xlink:href="#sTok52" value="JJ"/>
		<feat xlink:href="#sTok53" value="NNS"/>
		<feat xlink:href="#sTok54" value="IN"/>
		<feat xlink:href="#sTok55" value="NN"/>
		<feat xlink:href="#sTok56" value="NN"/>
		<feat xlink:href="#sTok57" value=","/>
		<feat xlink:href="#sTok58" value="VVG"/>
		<feat xlink:href="#sTok59" value="JJ"/>
		<feat xlink:href="#sTok60" value=","/>
		<feat xlink:href="#sTok61" value="JJ"/>
		<feat xlink:href="#sTok62" value=","/>
		<feat xlink:href="#sTok63" value="CC"/>
		<feat xlink:href="#sTok64" value="NN"/>
		<feat xlink:href="#sTok65" value="NN"/>
		<feat xlink:href="#sTok66" value="SENT"/>
		<feat xlink:href="#sTok67" value="IN"/>
		<feat xlink:href="#sTok68" value="DT"/>
		<feat xlink:href="#sTok69" value="NN"/>
		<feat xlink:href="#sTok70" value=","/>
		<feat xlink:href="#sTok71" value="NN"/>
		<feat xlink:href="#sTok72" value="VVZ"/>
		<feat xlink:href="#sTok73" value="IN/that"/>
		<feat xlink:href="#sTok74" value="JJR"/>
		<feat xlink:href="#sTok75" value="NN"/>
		<feat xlink:href="#sTok76" value="IN"/>
		<feat xlink:href="#sTok77" value="DT"/>
		<feat xlink:href="#sTok78" value="NN"/>
		<feat xlink:href="#sTok79" value="CC"/>
		<feat xlink:href="#sTok80" value="NN"/>
		<feat xlink:href="#sTok81" value="MD"/>
		<feat xlink:href="#sTok82" value="VV"/>
		<feat xlink:href="#sTok83" value="IN"/>
		<feat xlink:href="#sTok84" value="VVN"/>
		<feat xlink:href="#sTok85" value="JJ"/>
		<feat xlink:href="#sTok86" value="NN"/>
		<feat xlink:href="#sTok87" value="("/>
		<feat xlink:href="#sTok88" value="CD"/>
		<feat xlink:href="#sTok89" value=")"/>
		<feat xlink:href="#sTok90" value="CC"/>
		<feat xlink:href="#sTok91" value="RBR"/>
		<feat xlink:href="#sTok92" value="JJ"/>
		<feat xlink:href="#sTok93" value="NNS"/>
		<feat xlink:href="#sTok94" value="IN"/>
		<feat xlink:href="#sTok95" value="JJ"/>
		<feat xlink:href="#sTok96" value="NNS"/>
		<feat xlink:href="#sTok97" value="("/>
		<feat xlink:href="#sTok98" value="CD"/>
		<feat xlink:href="#sTok99" value=","/>
		<feat xlink:href="#sTok100" value="CD"/>
		<feat xlink:href="#sTok101" value=")"/>
		<feat xlink:href="#sTok102" value="IN"/>
		<feat xlink:href="#sTok103" value="VVG"/>
		<feat xlink:href="#sTok104" value="RB"/>
		<feat xlink:href="#sTok105" value="NNS"/>
		<feat xlink:href="#sTok106" value="IN"/>
		<feat xlink:href="#sTok107" value="JJ"/>
		<feat xlink:href="#sTok108" value="NNS"/>
		<feat xlink:href="#sTok109" value="CC"/>
		<feat xlink:href="#sTok110" value="NNS"/>
		<feat xlink:href="#sTok111" value="WDT"/>
		<feat xlink:href="#sTok112" value="VVP"/>
		<feat xlink:href="#sTok113" value="CC"/>
		<feat xlink:href="#sTok114" value="RB"/>
		<feat xlink:href="#sTok115" value="VVP"/>
		<feat xlink:href="#sTok116" value="DT"/>
		<feat xlink:href="#sTok117" value="NNS"/>
		<feat xlink:href="#sTok118" value="IN"/>
		<feat xlink:href="#sTok119" value="PP$"/>
		<feat xlink:href="#sTok120" value="NNS"/>
		<feat xlink:href="#sTok121" value="SENT"/>
		<feat xlink:href="#sTok122" value="RB"/>
		<feat xlink:href="#sTok123" value=","/>
		<feat xlink:href="#sTok124" value="NN"/>
		<feat xlink:href="#sTok125" value="VHZ"/>
		<feat xlink:href="#sTok126" value="VBN"/>
		<feat xlink:href="#sTok127" value="VVN"/>
		<feat xlink:href="#sTok128" value="TO"/>
		<feat xlink:href="#sTok129" value="VV"/>
		<feat xlink:href="#sTok130" value="RBR"/>
		<feat xlink:href="#sTok131" value="JJ"/>
		<feat xlink:href="#sTok132" value="JJ"/>
		<feat xlink:href="#sTok133" value="NNS"/>
		<feat xlink:href="#sTok134" value="CC"/>
		<feat xlink:href="#sTok135" value="JJ"/>
		<feat xlink:href="#sTok136" value="NN"/>
		<feat xlink:href="#sTok137" value="NNS"/>
		<feat xlink:href="#sTok138" value="("/>
		<feat xlink:href="#sTok139" value="CD"/>
		<feat xlink:href="#sTok140" value=")"/>
		<feat xlink:href="#sTok141" value=","/>
		<feat xlink:href="#sTok142" value="WDT"/>
		<feat xlink:href="#sTok143" value="MD"/>
		<feat xlink:href="#sTok144" value="VV"/>
		<feat xlink:href="#sTok145" value="DT"/>
		<feat xlink:href="#sTok146" value="NN"/>
		<feat xlink:href="#sTok147" value="IN"/>
		<feat xlink:href="#sTok148" value="JJ"/>
		<feat xlink:href="#sTok149" value="NNS"/>
		<feat xlink:href="#sTok150" value="SENT"/>
		<feat xlink:href="#sTok151" value="IN"/>
		<feat xlink:href="#sTok152" value="DT"/>
		<feat xlink:href="#sTok153" value="JJ"/>
		<feat xlink:href="#sTok154" value="NNS"/>
		<feat xlink:href="#sTok155" value=","/>
		<feat xlink:href="#sTok156" value="RB"/>
		<feat xlink:href="#sTok157" value=","/>
		<feat xlink:href="#sTok158" value="VVG"/>
		<feat xlink:href="#sTok159" value="DT"/>
		<feat xlink:href="#sTok160" value="NN"/>
		<feat xlink:href="#sTok161" value="IN"/>
		<feat xlink:href="#sTok162" value="NN"/>
		<feat xlink:href="#sTok163" value="IN"/>
		<feat xlink:href="#sTok164" value="NN"/>
		<feat xlink:href="#sTok165" value="VVZ"/>
		<feat xlink:href="#sTok166" value="RB"/>
		<feat xlink:href="#sTok167" value="JJ"/>
		<feat xlink:href="#sTok168" value=","/>
		<feat xlink:href="#sTok169" value="JJ"/>
		<feat xlink:href="#sTok170" value="IN"/>
		<feat xlink:href="#sTok171" value="JJ"/>
		<feat xlink:href="#sTok172" value="NN"/>
		<feat xlink:href="#sTok173" value="IN"/>
		<feat xlink:href="#sTok174" value="DT"/>
		<feat xlink:href="#sTok175" value="NN"/>
		<feat xlink:href="#sTok176" value="IN"/>
		<feat xlink:href="#sTok177" value="JJ"/>
		<feat xlink:href="#sTok178" value="NNS"/>
		<feat xlink:href="#sTok179" value="IN"/>
		<feat xlink:href="#sTok180" value="DT"/>
		<feat xlink:href="#sTok181" value="JJ"/>
		<feat xlink:href="#sTok182" value="NN"/>
		<feat xlink:href="#sTok183" value="SENT"/>
		<feat xlink:href="#sTok184" value="VVG"/>
		<feat xlink:href="#sTok185" value="DT"/>
		<feat xlink:href="#sTok186" value="NN"/>
		<feat xlink:href="#sTok187" value="CC"/>
		<feat xlink:href="#sTok188" value="NNS"/>
		<feat xlink:href="#sTok189" value="IN"/>
		<feat xlink:href="#sTok190" value="DT"/>
		<feat xlink:href="#sTok191" value="JJ"/>
		<feat xlink:href="#sTok192" value="NN"/>
		<feat xlink:href="#sTok193" value=","/>
		<feat xlink:href="#sTok194" value="RB"/>
		<feat xlink:href="#sTok195" value="IN"/>
		<feat xlink:href="#sTok196" value="DT"/>
		<feat xlink:href="#sTok197" value="RB"/>
		<feat xlink:href="#sTok198" value="VVG"/>
		<feat xlink:href="#sTok199" value="NN"/>
		<feat xlink:href="#sTok200" value="IN"/>
		<feat xlink:href="#sTok201" value="NN"/>
		<feat xlink:href="#sTok202" value="NN"/>
		<feat xlink:href="#sTok203" value=","/>
		<feat xlink:href="#sTok204" value="VBZ"/>
		<feat xlink:href="#sTok205" value="DT"/>
		<feat xlink:href="#sTok206" value="JJ"/>
		<feat xlink:href="#sTok207" value="JJ"/>
		<feat xlink:href="#sTok208" value="NN"/>
		<feat xlink:href="#sTok209" value="IN"/>
		<feat xlink:href="#sTok210" value="VVG"/>
		<feat xlink:href="#sTok211" value="WRB"/>
		<feat xlink:href="#sTok212" value="JJ"/>
		<feat xlink:href="#sTok213" value="NN"/>
		<feat xlink:href="#sTok214" value="VBZ"/>
		<feat xlink:href="#sTok215" value="VVN"/>
		<feat xlink:href="#sTok216" value="CC"/>
		<feat xlink:href="#sTok217" value="WRB"/>
		<feat xlink:href="#sTok218" value="PP"/>
		<feat xlink:href="#sTok219" value="MD"/>
		<feat xlink:href="#sTok220" value="VB"/>
		<feat xlink:href="#sTok221" value="VVN"/>
		<feat xlink:href="#sTok222" value="SENT"/>
		<feat xlink:href="#sTok223" value="IN"/>
		<feat xlink:href="#sTok224" value="JJ"/>
		<feat xlink:href="#sTok225" value="JJ"/>
		<feat xlink:href="#sTok226" value="NNS"/>
		<feat xlink:href="#sTok227" value=","/>
		<feat xlink:href="#sTok228" value="RB"/>
		<feat xlink:href="#sTok229" value=","/>
		<feat xlink:href="#sTok230" value="EX"/>
		<feat xlink:href="#sTok231" value="VBZ"/>
		<feat xlink:href="#sTok232" value="DT"/>
		<feat xlink:href="#sTok233" value="JJ"/>
		<feat xlink:href="#sTok234" value="NN"/>
		<feat xlink:href="#sTok235" value="IN"/>
		<feat xlink:href="#sTok236" value="DT"/>
		<feat xlink:href="#sTok237" value="NN"/>
		<feat xlink:href="#sTok238" value="HYPH"/>
		<feat xlink:href="#sTok239" value="NN"/>
		<feat xlink:href="#sTok240" value="NN"/>
		<feat xlink:href="#sTok241" value=","/>
		<feat xlink:href="#sTok242" value="VVG"/>
		<feat xlink:href="#sTok243" value="PP"/>
		<feat xlink:href="#sTok244" value="JJ"/>
		<feat xlink:href="#sTok245" value="TO"/>
		<feat xlink:href="#sTok246" value="VV"/>
		<feat xlink:href="#sTok247" value="DT"/>
		<feat xlink:href="#sTok248" value="JJ"/>
		<feat xlink:href="#sTok249" value="NN"/>
		<feat xlink:href="#sTok250" value="NN"/>
		<feat xlink:href="#sTok251" value="IN"/>
		<feat xlink:href="#sTok252" value="NN"/>
		<feat xlink:href="#sTok253" value="SENT"/>
		<feat xlink:href="#sTok254" value="RBR"/>
		<feat xlink:href="#sTok255" value=","/>
		<feat xlink:href="#sTok256" value="NNS"/>
		<feat xlink:href="#sTok257" value="IN"/>
		<feat xlink:href="#sTok258" value="NN"/>
		<feat xlink:href="#sTok259" value="IN"/>
		<feat xlink:href="#sTok260" value="NNS"/>
		<feat xlink:href="#sTok261" value="IN"/>
		<feat xlink:href="#sTok262" value="NP"/>
		<feat xlink:href="#sTok263" value="CC"/>
		<feat xlink:href="#sTok264" value="NP"/>
		<feat xlink:href="#sTok265" value="VVP"/>
		<feat xlink:href="#sTok266" value="IN"/>
		<feat xlink:href="#sTok267" value=","/>
		<feat xlink:href="#sTok268" value="CC"/>
		<feat xlink:href="#sTok269" value="IN"/>
		<feat xlink:href="#sTok270" value="NNS"/>
		<feat xlink:href="#sTok271" value="SENT"/>
		<feat xlink:href="#sTok272" value="IN"/>
		<feat xlink:href="#sTok273" value="NN"/>
		<feat xlink:href="#sTok274" value=","/>
		<feat xlink:href="#sTok275" value="NN"/>
		<feat xlink:href="#sTok276" value="NN"/>
		<feat xlink:href="#sTok277" value="IN"/>
		<feat xlink:href="#sTok278" value="NN"/>
		<feat xlink:href="#sTok279" value="VBZ"/>
		<feat xlink:href="#sTok280" value="DT"/>
		<feat xlink:href="#sTok281" value="JJ"/>
		<feat xlink:href="#sTok282" value="NN"/>
		<feat xlink:href="#sTok283" value="IN"/>
		<feat xlink:href="#sTok284" value="JJ"/>
		<feat xlink:href="#sTok285" value="NNS"/>
		<feat xlink:href="#sTok286" value="("/>
		<feat xlink:href="#sTok287" value="CD"/>
		<feat xlink:href="#sTok288" value=")"/>
		<feat xlink:href="#sTok289" value=","/>
		<feat xlink:href="#sTok290" value="CC"/>
		<feat xlink:href="#sTok291" value="IN"/>
		<feat xlink:href="#sTok292" value="DT"/>
		<feat xlink:href="#sTok293" value="JJ"/>
		<feat xlink:href="#sTok294" value="NN"/>
		<feat xlink:href="#sTok295" value="IN"/>
		<feat xlink:href="#sTok296" value="NN"/>
		<feat xlink:href="#sTok297" value="NN"/>
		<feat xlink:href="#sTok298" value=","/>
		<feat xlink:href="#sTok299" value="DT"/>
		<feat xlink:href="#sTok300" value="NN"/>
		<feat xlink:href="#sTok301" value="IN"/>
		<feat xlink:href="#sTok302" value="NN"/>
		<feat xlink:href="#sTok303" value="CC"/>
		<feat xlink:href="#sTok304" value="PP$"/>
		<feat xlink:href="#sTok305" value="JJ"/>
		<feat xlink:href="#sTok306" value="NNS"/>
		<feat xlink:href="#sTok307" value="VBP"/>
		<feat xlink:href="#sTok308" value="JJ"/>
		<feat xlink:href="#sTok309" value="TO"/>
		<feat xlink:href="#sTok310" value="VV"/>
		<feat xlink:href="#sTok311" value="("/>
		<feat xlink:href="#sTok312" value="CD"/>
		<feat xlink:href="#sTok313" value=")"/>
		<feat xlink:href="#sTok314" value="SENT"/>
		<feat xlink:href="#sTok315" value="DT"/>
		<feat xlink:href="#sTok316" value="NNS"/>
		<feat xlink:href="#sTok317" value=","/>
		<feat xlink:href="#sTok318" value="IN"/>
		<feat xlink:href="#sTok319" value="JJ"/>
		<feat xlink:href="#sTok320" value="NN"/>
		<feat xlink:href="#sTok321" value=","/>
		<feat xlink:href="#sTok322" value="VBP"/>
		<feat xlink:href="#sTok323" value="VVN"/>
		<feat xlink:href="#sTok324" value="IN"/>
		<feat xlink:href="#sTok325" value="DT"/>
		<feat xlink:href="#sTok326" value="JJ"/>
		<feat xlink:href="#sTok327" value="JJ"/>
		<feat xlink:href="#sTok328" value="NN"/>
		<feat xlink:href="#sTok329" value=","/>
		<feat xlink:href="#sTok330" value="WP$"/>
		<feat xlink:href="#sTok331" value="NN"/>
		<feat xlink:href="#sTok332" value="NN"/>
		<feat xlink:href="#sTok333" value="VVZ"/>
		<feat xlink:href="#sTok334" value="DT"/>
		<feat xlink:href="#sTok335" value="JJ"/>
		<feat xlink:href="#sTok336" value="NN"/>
		<feat xlink:href="#sTok337" value="("/>
		<feat xlink:href="#sTok338" value="CD"/>
		<feat xlink:href="#sTok339" value=")"/>
		<feat xlink:href="#sTok340" value="SENT"/>
		<feat xlink:href="#sTok341" value="JJS"/>
		<feat xlink:href="#sTok342" value="NNS"/>
		<feat xlink:href="#sTok343" value=","/>
		<feat xlink:href="#sTok344" value="IN"/>
		<feat xlink:href="#sTok345" value="DT"/>
		<feat xlink:href="#sTok346" value="JJ"/>
		<feat xlink:href="#sTok347" value="NN"/>
		<feat xlink:href="#sTok348" value=","/>
		<feat xlink:href="#sTok349" value="VVG"/>
		<feat xlink:href="#sTok350" value="NN"/>
		<feat xlink:href="#sTok351" value="NN"/>
		<feat xlink:href="#sTok352" value=","/>
		<feat xlink:href="#sTok353" value="VVP"/>
		<feat xlink:href="#sTok354" value="DT"/>
		<feat xlink:href="#sTok355" value="JJ"/>
		<feat xlink:href="#sTok356" value="DT"/>
		<feat xlink:href="#sTok357" value="HYPH"/>
		<feat xlink:href="#sTok358" value="VVG"/>
		<feat xlink:href="#sTok359" value="NN"/>
		<feat xlink:href="#sTok360" value="CC"/>
		<feat xlink:href="#sTok361" value="NN"/>
		<feat xlink:href="#sTok362" value="NN"/>
		<feat xlink:href="#sTok363" value="VBZ"/>
		<feat xlink:href="#sTok364" value="RB"/>
		<feat xlink:href="#sTok365" value="VVN"/>
		<feat xlink:href="#sTok366" value="IN"/>
		<feat xlink:href="#sTok367" value="JJ"/>
		<feat xlink:href="#sTok368" value="JJ"/>
		<feat xlink:href="#sTok369" value="NNS"/>
		<feat xlink:href="#sTok370" value=","/>
		<feat xlink:href="#sTok371" value="JJ"/>
		<feat xlink:href="#sTok372" value="IN"/>
		<feat xlink:href="#sTok373" value="NN"/>
		<feat xlink:href="#sTok374" value="HYPH"/>
		<feat xlink:href="#sTok375" value="VVN"/>
		<feat xlink:href="#sTok376" value="NN"/>
		<feat xlink:href="#sTok377" value="NNS"/>
		<feat xlink:href="#sTok378" value="IN"/>
		<feat xlink:href="#sTok379" value="JJ"/>
		<feat xlink:href="#sTok380" value="NNS"/>
		<feat xlink:href="#sTok381" value="SENT"/>
		<feat xlink:href="#sTok382" value="IN"/>
		<feat xlink:href="#sTok383" value="VVG"/>
		<feat xlink:href="#sTok384" value="PDT"/>
		<feat xlink:href="#sTok385" value="DT"/>
		<feat xlink:href="#sTok386" value="JJ"/>
		<feat xlink:href="#sTok387" value="NN"/>
		<feat xlink:href="#sTok388" value="VBZ"/>
		<feat xlink:href="#sTok389" value="JJ"/>
		<feat xlink:href="#sTok390" value=","/>
		<feat xlink:href="#sTok391" value="JJ"/>
		<feat xlink:href="#sTok392" value="NNS"/>
		<feat xlink:href="#sTok393" value="VHP"/>
		<feat xlink:href="#sTok394" value="VVN"/>
		<feat xlink:href="#sTok395" value="TO"/>
		<feat xlink:href="#sTok396" value="VV"/>
		<feat xlink:href="#sTok397" value="DT"/>
		<feat xlink:href="#sTok398" value="NN"/>
		<feat xlink:href="#sTok399" value="CC"/>
		<feat xlink:href="#sTok400" value="VHP"/>
		<feat xlink:href="#sTok401" value="RB"/>
		<feat xlink:href="#sTok402" value="VVN"/>
		<feat xlink:href="#sTok403" value="NNS"/>
		<feat xlink:href="#sTok404" value="IN"/>
		<feat xlink:href="#sTok405" value="NNS"/>
		<feat xlink:href="#sTok406" value="("/>
		<feat xlink:href="#sTok407" value="CD"/>
		<feat xlink:href="#sTok408" value="SYM"/>
		<feat xlink:href="#sTok409" value="CD"/>
		<feat xlink:href="#sTok410" value=")"/>
		<feat xlink:href="#sTok411" value=","/>
		<feat xlink:href="#sTok412" value="RB"/>
		<feat xlink:href="#sTok413" value="JJ"/>
		<feat xlink:href="#sTok414" value="IN"/>
		<feat xlink:href="#sTok415" value="DT"/>
		<feat xlink:href="#sTok416" value="JJ"/>
		<feat xlink:href="#sTok417" value="NN"/>
		<feat xlink:href="#sTok418" value="("/>
		<feat xlink:href="#sTok419" value="CD"/>
		<feat xlink:href="#sTok420" value="SYM"/>
		<feat xlink:href="#sTok421" value="CD"/>
		<feat xlink:href="#sTok422" value=")"/>
		<feat xlink:href="#sTok423" value=","/>
		<feat xlink:href="#sTok424" value="CC"/>
		<feat xlink:href="#sTok425" value="RB"/>
		<feat xlink:href="#sTok426" value="VVN"/>
		<feat xlink:href="#sTok427" value="IN"/>
		<feat xlink:href="#sTok428" value="DT"/>
		<feat xlink:href="#sTok429" value="JJ"/>
		<feat xlink:href="#sTok430" value="NN"/>
		<feat xlink:href="#sTok431" value="("/>
		<feat xlink:href="#sTok432" value="CD"/>
		<feat xlink:href="#sTok433" value=","/>
		<feat xlink:href="#sTok434" value="CD"/>
		<feat xlink:href="#sTok435" value=")"/>
		<feat xlink:href="#sTok436" value="SENT"/>
		<feat xlink:href="#sTok437" value="IN"/>
		<feat xlink:href="#sTok438" value="JJ"/>
		<feat xlink:href="#sTok439" value=","/>
		<feat xlink:href="#sTok440" value="JJ"/>
		<feat xlink:href="#sTok441" value="NNS"/>
		<feat xlink:href="#sTok442" value="VBP"/>
		<feat xlink:href="#sTok443" value="RB"/>
		<feat xlink:href="#sTok444" value="JJ"/>
		<feat xlink:href="#sTok445" value="IN"/>
		<feat xlink:href="#sTok446" value="DT"/>
		<feat xlink:href="#sTok447" value="JJ"/>
		<feat xlink:href="#sTok448" value="NN"/>
		<feat xlink:href="#sTok449" value="IN"/>
		<feat xlink:href="#sTok450" value="DT"/>
		<feat xlink:href="#sTok451" value="NN"/>
		<feat xlink:href="#sTok452" value="CC"/>
		<feat xlink:href="#sTok453" value="RB"/>
		<feat xlink:href="#sTok454" value="VH"/>
		<feat xlink:href="#sTok455" value="JJ"/>
		<feat xlink:href="#sTok456" value="NN"/>
		<feat xlink:href="#sTok457" value="SENT"/>
		<feat xlink:href="#sTok458" value="CD"/>
		<feat xlink:href="#sTok459" value="IN"/>
		<feat xlink:href="#sTok460" value="DT"/>
		<feat xlink:href="#sTok461" value="JJS"/>
		<feat xlink:href="#sTok462" value="NN"/>
		<feat xlink:href="#sTok463" value="NNS"/>
		<feat xlink:href="#sTok464" value="IN"/>
		<feat xlink:href="#sTok465" value="NN"/>
		<feat xlink:href="#sTok466" value="VVD"/>
		<feat xlink:href="#sTok467" value=","/>
		<feat xlink:href="#sTok468" value="IN"/>
		<feat xlink:href="#sTok469" value="NN"/>
		<feat xlink:href="#sTok470" value=","/>
		<feat xlink:href="#sTok471" value="DT"/>
		<feat xlink:href="#sTok472" value="RB"/>
		<feat xlink:href="#sTok473" value="JJ"/>
		<feat xlink:href="#sTok474" value="NN"/>
		<feat xlink:href="#sTok475" value="IN"/>
		<feat xlink:href="#sTok476" value="CD"/>
		<feat xlink:href="#sTok477" value="JJ"/>
		<feat xlink:href="#sTok478" value="NNS"/>
		<feat xlink:href="#sTok479" value=":"/>
		<feat xlink:href="#sTok480" value="NN"/>
		<feat xlink:href="#sTok481" value="NN"/>
		<feat xlink:href="#sTok482" value=","/>
		<feat xlink:href="#sTok483" value="NN"/>
		<feat xlink:href="#sTok484" value=","/>
		<feat xlink:href="#sTok485" value="CC"/>
		<feat xlink:href="#sTok486" value="NN"/>
		<feat xlink:href="#sTok487" value="("/>
		<feat xlink:href="#sTok488" value="CD"/>
		<feat xlink:href="#sTok489" value=")"/>
		<feat xlink:href="#sTok490" value="SENT"/>
		<feat xlink:href="#sTok491" value="DT"/>
		<feat xlink:href="#sTok492" value="NNS"/>
		<feat xlink:href="#sTok493" value="NN"/>
		<feat xlink:href="#sTok494" value="VHZ"/>
		<feat xlink:href="#sTok495" value="VVN"/>
		<feat xlink:href="#sTok496" value="JJ"/>
		<feat xlink:href="#sTok497" value="NN"/>
		<feat xlink:href="#sTok498" value="IN"/>
		<feat xlink:href="#sTok499" value="JJ"/>
		<feat xlink:href="#sTok500" value="NNS"/>
		<feat xlink:href="#sTok501" value="IN"/>
		<feat xlink:href="#sTok502" value="NN"/>
		<feat xlink:href="#sTok503" value="NN"/>
		<feat xlink:href="#sTok504" value=","/>
		<feat xlink:href="#sTok505" value="NN"/>
		<feat xlink:href="#sTok506" value=","/>
		<feat xlink:href="#sTok507" value="CC"/>
		<feat xlink:href="#sTok508" value="JJ"/>
		<feat xlink:href="#sTok509" value="NN"/>
		<feat xlink:href="#sTok510" value="("/>
		<feat xlink:href="#sTok511" value="CD"/>
		<feat xlink:href="#sTok512" value=","/>
		<feat xlink:href="#sTok513" value="CD"/>
		<feat xlink:href="#sTok514" value=","/>
		<feat xlink:href="#sTok515" value="CD"/>
		<feat xlink:href="#sTok516" value=")"/>
		<feat xlink:href="#sTok517" value="SENT"/>
		<feat xlink:href="#sTok518" value="CC"/>
		<feat xlink:href="#sTok519" value=","/>
		<feat xlink:href="#sTok520" value="DT"/>
		<feat xlink:href="#sTok521" value="NNS"/>
		<feat xlink:href="#sTok522" value="NN"/>
		<feat xlink:href="#sTok523" value="VBZ"/>
		<feat xlink:href="#sTok524" value="RB"/>
		<feat xlink:href="#sTok525" value="DT"/>
		<feat xlink:href="#sTok526" value="JJ"/>
		<feat xlink:href="#sTok527" value="NN"/>
		<feat xlink:href="#sTok528" value="IN"/>
		<feat xlink:href="#sTok529" value="DT"/>
		<feat xlink:href="#sTok530" value="VVG"/>
		<feat xlink:href="#sTok531" value="CC"/>
		<feat xlink:href="#sTok532" value="VVG"/>
		<feat xlink:href="#sTok533" value="NN"/>
		<feat xlink:href="#sTok534" value="CC"/>
		<feat xlink:href="#sTok535" value="RB"/>
		<feat xlink:href="#sTok536" value="VVZ"/>
		<feat xlink:href="#sTok537" value="JJ"/>
		<feat xlink:href="#sTok538" value="NNS"/>
		<feat xlink:href="#sTok539" value="IN"/>
		<feat xlink:href="#sTok540" value="DT"/>
		<feat xlink:href="#sTok541" value="VVG"/>
		<feat xlink:href="#sTok542" value="NN"/>
		<feat xlink:href="#sTok543" value="CC"/>
		<feat xlink:href="#sTok544" value="NN"/>
		<feat xlink:href="#sTok545" value="NNS"/>
		<feat xlink:href="#sTok546" value="IN"/>
		<feat xlink:href="#sTok547" value="DT"/>
		<feat xlink:href="#sTok548" value="JJ"/>
		<feat xlink:href="#sTok549" value="NNS"/>
		<feat xlink:href="#sTok550" value="SENT"/>
		<feat xlink:href="#sTok551" value="IN"/>
		<feat xlink:href="#sTok552" value="DT"/>
		<feat xlink:href="#sTok553" value="NNS"/>
		<feat xlink:href="#sTok554" value=","/>
		<feat xlink:href="#sTok555" value="JJ"/>
		<feat xlink:href="#sTok556" value="NNS"/>
		<feat xlink:href="#sTok557" value="IN"/>
		<feat xlink:href="#sTok558" value="NN"/>
		<feat xlink:href="#sTok559" value="NNS"/>
		<feat xlink:href="#sTok560" value="CC"/>
		<feat xlink:href="#sTok561" value="NN"/>
		<feat xlink:href="#sTok562" value="VBP"/>
		<feat xlink:href="#sTok563" value="JJ"/>
		<feat xlink:href="#sTok564" value="IN"/>
		<feat xlink:href="#sTok565" value="NN"/>
		<feat xlink:href="#sTok566" value="SENT"/>
		<feat xlink:href="#sTok567" value="IN"/>
		<feat xlink:href="#sTok568" value="NN"/>
		<feat xlink:href="#sTok569" value="NN"/>
		<feat xlink:href="#sTok570" value=","/>
		<feat xlink:href="#sTok571" value="DT"/>
		<feat xlink:href="#sTok572" value="NP"/>
		<feat xlink:href="#sTok573" value="NP"/>
		<feat xlink:href="#sTok574" value="NP"/>
		<feat xlink:href="#sTok575" value="("/>
		<feat xlink:href="#sTok576" value="NP"/>
		<feat xlink:href="#sTok577" value=")"/>
		<feat xlink:href="#sTok578" value="VVZ"/>
		<feat xlink:href="#sTok579" value="NNS"/>
		<feat xlink:href="#sTok580" value="IN"/>
		<feat xlink:href="#sTok581" value="DT"/>
		<feat xlink:href="#sTok582" value="NN"/>
		<feat xlink:href="#sTok583" value="IN"/>
		<feat xlink:href="#sTok584" value="NN"/>
		<feat xlink:href="#sTok585" value="NNS"/>
		<feat xlink:href="#sTok586" value="IN"/>
		<feat xlink:href="#sTok587" value="DT"/>
		<feat xlink:href="#sTok588" value="JJ"/>
		<feat xlink:href="#sTok589" value="NP"/>
		<feat xlink:href="#sTok590" value="NN"/>
		<feat xlink:href="#sTok591" value="IN"/>
		<feat xlink:href="#sTok592" value="NN"/>
		<feat xlink:href="#sTok593" value="NNS"/>
		<feat xlink:href="#sTok594" value="IN"/>
		<feat xlink:href="#sTok595" value="NP"/>
		<feat xlink:href="#sTok596" value="NP"/>
		<feat xlink:href="#sTok597" value="("/>
		<feat xlink:href="#sTok598" value="NP"/>
		<feat xlink:href="#sTok599" value=")"/>
		<feat xlink:href="#sTok600" value="SENT"/>
		<feat xlink:href="#sTok601" value="JJ"/>
		<feat xlink:href="#sTok602" value="NNS"/>
		<feat xlink:href="#sTok603" value="MD"/>
		<feat xlink:href="#sTok604" value="VV"/>
		<feat xlink:href="#sTok605" value="JJ"/>
		<feat xlink:href="#sTok606" value="NN"/>
		<feat xlink:href="#sTok607" value="IN"/>
		<feat xlink:href="#sTok608" value="NNS"/>
		<feat xlink:href="#sTok609" value="CC"/>
		<feat xlink:href="#sTok610" value="NN"/>
		<feat xlink:href="#sTok611" value="NNS"/>
		<feat xlink:href="#sTok612" value="IN"/>
		<feat xlink:href="#sTok613" value="DT"/>
		<feat xlink:href="#sTok614" value="JJ"/>
		<feat xlink:href="#sTok615" value="NN"/>
		<feat xlink:href="#sTok616" value="CC"/>
		<feat xlink:href="#sTok617" value="VV"/>
		<feat xlink:href="#sTok618" value="IN"/>
		<feat xlink:href="#sTok619" value="CD"/>
		<feat xlink:href="#sTok620" value="JJ"/>
		<feat xlink:href="#sTok621" value="NNS"/>
		<feat xlink:href="#sTok622" value="SENT"/>
		<feat xlink:href="#sTok623" value="RB"/>
		<feat xlink:href="#sTok624" value=","/>
		<feat xlink:href="#sTok625" value="NNS"/>
		<feat xlink:href="#sTok626" value="VBP"/>
		<feat xlink:href="#sTok627" value="JJ"/>
		<feat xlink:href="#sTok628" value="IN"/>
		<feat xlink:href="#sTok629" value="JJ"/>
		<feat xlink:href="#sTok630" value="NN"/>
		<feat xlink:href="#sTok631" value="NNS"/>
		<feat xlink:href="#sTok632" value="CC"/>
		<feat xlink:href="#sTok633" value="DT"/>
		<feat xlink:href="#sTok634" value="NN"/>
		<feat xlink:href="#sTok635" value="IN"/>
		<feat xlink:href="#sTok636" value="NNS"/>
		<feat xlink:href="#sTok637" value="CC"/>
		<feat xlink:href="#sTok638" value="NN"/>
		<feat xlink:href="#sTok639" value="NNS"/>
		<feat xlink:href="#sTok640" value=","/>
		<feat xlink:href="#sTok641" value="WDT"/>
		<feat xlink:href="#sTok642" value="MD"/>
		<feat xlink:href="#sTok643" value="VV"/>
		<feat xlink:href="#sTok644" value="NN"/>
		<feat xlink:href="#sTok645" value="IN"/>
		<feat xlink:href="#sTok646" value="JJ"/>
		<feat xlink:href="#sTok647" value="HYPH"/>
		<feat xlink:href="#sTok648" value="JJ"/>
		<feat xlink:href="#sTok649" value="NNS"/>
		<feat xlink:href="#sTok650" value="("/>
		<feat xlink:href="#sTok651" value="CD"/>
		<feat xlink:href="#sTok652" value=","/>
		<feat xlink:href="#sTok653" value="CD"/>
		<feat xlink:href="#sTok654" value=")"/>
		<feat xlink:href="#sTok655" value="SENT"/>
		<feat xlink:href="#sTok656" value="RB"/>
		<feat xlink:href="#sTok657" value=","/>
		<feat xlink:href="#sTok658" value="JJ"/>
		<feat xlink:href="#sTok659" value="NN"/>
		<feat xlink:href="#sTok660" value="VVZ"/>
		<feat xlink:href="#sTok661" value="RB"/>
		<feat xlink:href="#sTok662" value="DT"/>
		<feat xlink:href="#sTok663" value="JJ"/>
		<feat xlink:href="#sTok664" value="HYPH"/>
		<feat xlink:href="#sTok665" value="JJ"/>
		<feat xlink:href="#sTok666" value="NN"/>
		<feat xlink:href="#sTok667" value="IN"/>
		<feat xlink:href="#sTok668" value="DT"/>
		<feat xlink:href="#sTok669" value="NN"/>
		<feat xlink:href="#sTok670" value=","/>
		<feat xlink:href="#sTok671" value="WDT"/>
		<feat xlink:href="#sTok672" value="MD"/>
		<feat xlink:href="#sTok673" value="VV"/>
		<feat xlink:href="#sTok674" value="PP"/>
		<feat xlink:href="#sTok675" value="JJ"/>
		<feat xlink:href="#sTok676" value="TO"/>
		<feat xlink:href="#sTok677" value="VV"/>
		<feat xlink:href="#sTok678" value="NN"/>
		<feat xlink:href="#sTok679" value="("/>
		<feat xlink:href="#sTok680" value="CD"/>
		<feat xlink:href="#sTok681" value=")"/>
		<feat xlink:href="#sTok682" value="SENT"/>
		<feat xlink:href="#sTok683" value="IN"/>
		<feat xlink:href="#sTok684" value="NN"/>
		<feat xlink:href="#sTok685" value=","/>
		<feat xlink:href="#sTok686" value="NNS"/>
		<feat xlink:href="#sTok687" value="IN"/>
		<feat xlink:href="#sTok688" value="NN"/>
		<feat xlink:href="#sTok689" value="CC"/>
		<feat xlink:href="#sTok690" value="NN"/>
		<feat xlink:href="#sTok691" value="NNS"/>
		<feat xlink:href="#sTok692" value="IN"/>
		<feat xlink:href="#sTok693" value="NNS"/>
		<feat xlink:href="#sTok694" value="MD"/>
		<feat xlink:href="#sTok695" value="VB"/>
		<feat xlink:href="#sTok696" value="VVN"/>
		<feat xlink:href="#sTok697" value="RP"/>
		<feat xlink:href="#sTok698" value="IN"/>
		<feat xlink:href="#sTok699" value="NN"/>
		<feat xlink:href="#sTok700" value=","/>
		<feat xlink:href="#sTok701" value="RB"/>
		<feat xlink:href="#sTok702" value="VVG"/>
		<feat xlink:href="#sTok703" value="DT"/>
		<feat xlink:href="#sTok704" value="NNS"/>
		<feat xlink:href="#sTok705" value="IN"/>
		<feat xlink:href="#sTok706" value="DT"/>
		<feat xlink:href="#sTok707" value="NN"/>
		<feat xlink:href="#sTok708" value="IN"/>
		<feat xlink:href="#sTok709" value="JJ"/>
		<feat xlink:href="#sTok710" value="NNS"/>
		<feat xlink:href="#sTok711" value="CC"/>
		<feat xlink:href="#sTok712" value="NNS"/>
		<feat xlink:href="#sTok713" value="SENT"/>
		<feat xlink:href="#sTok714" value="RB"/>
		<feat xlink:href="#sTok715" value=","/>
		<feat xlink:href="#sTok716" value="PP"/>
		<feat xlink:href="#sTok717" value="VVP"/>
		<feat xlink:href="#sTok718" value="DT"/>
		<feat xlink:href="#sTok719" value="JJ"/>
		<feat xlink:href="#sTok720" value="NN"/>
		<feat xlink:href="#sTok721" value=","/>
		<feat xlink:href="#sTok722" value="VVN"/>
		<feat xlink:href="#sTok723" value="IN"/>
		<feat xlink:href="#sTok724" value="DT"/>
		<feat xlink:href="#sTok725" value="JJ"/>
		<feat xlink:href="#sTok726" value="NN"/>
		<feat xlink:href="#sTok727" value="NN"/>
		<feat xlink:href="#sTok728" value=","/>
		<feat xlink:href="#sTok729" value="WDT"/>
		<feat xlink:href="#sTok730" value="MD"/>
		<feat xlink:href="#sTok731" value="RB"/>
		<feat xlink:href="#sTok732" value="CC"/>
		<feat xlink:href="#sTok733" value="RB"/>
		<feat xlink:href="#sTok734" value="VV"/>
		<feat xlink:href="#sTok735" value="DT"/>
		<feat xlink:href="#sTok736" value="JJ"/>
		<feat xlink:href="#sTok737" value="NN"/>
		<feat xlink:href="#sTok738" value="IN"/>
		<feat xlink:href="#sTok739" value="DT"/>
		<feat xlink:href="#sTok740" value="JJ"/>
		<feat xlink:href="#sTok741" value="NN"/>
		<feat xlink:href="#sTok742" value="VVG"/>
		<feat xlink:href="#sTok743" value="JJ"/>
		<feat xlink:href="#sTok744" value="NNS"/>
		<feat xlink:href="#sTok745" value="JJ"/>
		<feat xlink:href="#sTok746" value="IN"/>
		<feat xlink:href="#sTok747" value="DT"/>
		<feat xlink:href="#sTok748" value="JJ"/>
		<feat xlink:href="#sTok749" value="NP"/>
		<feat xlink:href="#sTok750" value="NP"/>
		<feat xlink:href="#sTok751" value="NP"/>
		<feat xlink:href="#sTok752" value="SENT"/>
		<feat xlink:href="#sTok753" value="DT"/>
		<feat xlink:href="#sTok754" value="NN"/>
		<feat xlink:href="#sTok755" value="VBZ"/>
		<feat xlink:href="#sTok756" value="JJ"/>
		<feat xlink:href="#sTok757" value="CC"/>
		<feat xlink:href="#sTok758" value="JJ"/>
		<feat xlink:href="#sTok759" value=","/>
		<feat xlink:href="#sTok760" value="CC"/>
		<feat xlink:href="#sTok761" value="PP"/>
		<feat xlink:href="#sTok762" value="MD"/>
		<feat xlink:href="#sTok763" value="VB"/>
		<feat xlink:href="#sTok764" value="VVN"/>
		<feat xlink:href="#sTok765" value="IN"/>
		<feat xlink:href="#sTok766" value="DT"/>
		<feat xlink:href="#sTok767" value="JJ"/>
		<feat xlink:href="#sTok768" value="NN"/>
		<feat xlink:href="#sTok769" value="CC"/>
		<feat xlink:href="#sTok770" value="VVN"/>
		<feat xlink:href="#sTok771" value="IN"/>
		<feat xlink:href="#sTok772" value="JJ"/>
		<feat xlink:href="#sTok773" value="NN"/>
		<feat xlink:href="#sTok774" value="SENT"/>
		<feat xlink:href="#sTok775" value="DT"/>
		<feat xlink:href="#sTok776" value="NN"/>
		<feat xlink:href="#sTok777" value="VBZ"/>
		<feat xlink:href="#sTok778" value="JJ"/>
		<feat xlink:href="#sTok779" value="IN"/>
		<feat xlink:href="#sTok780" value="VVG"/>
		<feat xlink:href="#sTok781" value="NN"/>
		<feat xlink:href="#sTok782" value="NNS"/>
		<feat xlink:href="#sTok783" value="IN"/>
		<feat xlink:href="#sTok784" value="DT"/>
		<feat xlink:href="#sTok785" value="JJ"/>
		<feat xlink:href="#sTok786" value="JJ"/>
		<feat xlink:href="#sTok787" value="NN"/>
		<feat xlink:href="#sTok788" value="IN"/>
		<feat xlink:href="#sTok789" value="RB"/>
		<feat xlink:href="#sTok790" value="DT"/>
		<feat xlink:href="#sTok791" value="JJ"/>
		<feat xlink:href="#sTok792" value="NNS"/>
		<feat xlink:href="#sTok793" value="VVG"/>
		<feat xlink:href="#sTok794" value="IN"/>
		<feat xlink:href="#sTok795" value="HYPH"/>
		<feat xlink:href="#sTok796" value="DT"/>
		<feat xlink:href="#sTok797" value="HYPH"/>
		<feat xlink:href="#sTok798" value="NN"/>
		<feat xlink:href="#sTok799" value="NN"/>
		<feat xlink:href="#sTok800" value="NN"/>
		<feat xlink:href="#sTok801" value=","/>
		<feat xlink:href="#sTok802" value="DT"/>
		<feat xlink:href="#sTok803" value="JJ"/>
		<feat xlink:href="#sTok804" value="NN"/>
		<feat xlink:href="#sTok805" value="IN"/>
		<feat xlink:href="#sTok806" value="DT"/>
		<feat xlink:href="#sTok807" value="RB"/>
		<feat xlink:href="#sTok808" value="CD"/>
		<feat xlink:href="#sTok809" value="NNS"/>
		<feat xlink:href="#sTok810" value="VVN"/>
		<feat xlink:href="#sTok811" value="TO"/>
		<feat xlink:href="#sTok812" value="VV"/>
		<feat xlink:href="#sTok813" value="DT"/>
		<feat xlink:href="#sTok814" value="NN"/>
		<feat xlink:href="#sTok815" value="IN"/>
		<feat xlink:href="#sTok816" value="NN"/>
		<feat xlink:href="#sTok817" value="("/>
		<feat xlink:href="#sTok818" value="CD"/>
		<feat xlink:href="#sTok819" value=")"/>
		<feat xlink:href="#sTok820" value="SENT"/>
		<feat xlink:href="#sTok821" value="IN"/>
		<feat xlink:href="#sTok822" value="VVG"/>
		<feat xlink:href="#sTok823" value="DT"/>
		<feat xlink:href="#sTok824" value="JJ"/>
		<feat xlink:href="#sTok825" value="NN"/>
		<feat xlink:href="#sTok826" value="IN"/>
		<feat xlink:href="#sTok827" value="DT"/>
		<feat xlink:href="#sTok828" value="JJ"/>
		<feat xlink:href="#sTok829" value="NN"/>
		<feat xlink:href="#sTok830" value="IN"/>
		<feat xlink:href="#sTok831" value="JJ"/>
		<feat xlink:href="#sTok832" value="NN"/>
		<feat xlink:href="#sTok833" value="RB"/>
		<feat xlink:href="#sTok834" value=","/>
		<feat xlink:href="#sTok835" value="DT"/>
		<feat xlink:href="#sTok836" value="NN"/>
		<feat xlink:href="#sTok837" value="MD"/>
		<feat xlink:href="#sTok838" value="VV"/>
		<feat xlink:href="#sTok839" value="JJ"/>
		<feat xlink:href="#sTok840" value="NN"/>
		<feat xlink:href="#sTok841" value="IN"/>
		<feat xlink:href="#sTok842" value="DT"/>
		<feat xlink:href="#sTok843" value="NN"/>
		<feat xlink:href="#sTok844" value="IN"/>
		<feat xlink:href="#sTok845" value="JJ"/>
		<feat xlink:href="#sTok846" value="NNS"/>
		<feat xlink:href="#sTok847" value="IN"/>
		<feat xlink:href="#sTok848" value="VVG"/>
		<feat xlink:href="#sTok849" value="NN"/>
		<feat xlink:href="#sTok850" value="IN"/>
		<feat xlink:href="#sTok851" value="JJ"/>
		<feat xlink:href="#sTok852" value="NN"/>
		<feat xlink:href="#sTok853" value="NNS"/>
		<feat xlink:href="#sTok854" value=","/>
		<feat xlink:href="#sTok855" value="IN"/>
		<feat xlink:href="#sTok856" value="VHG"/>
		<feat xlink:href="#sTok857" value="TO"/>
		<feat xlink:href="#sTok858" value="VV"/>
		<feat xlink:href="#sTok859" value="IN"/>
		<feat xlink:href="#sTok860" value="NNS"/>
		<feat xlink:href="#sTok861" value="CC"/>
		<feat xlink:href="#sTok862" value="JJ"/>
		<feat xlink:href="#sTok863" value="NNS"/>
		<feat xlink:href="#sTok864" value="SENT"/>
		<feat xlink:href="#sTok865" value="DT"/>
		<feat xlink:href="#sTok866" value="NN"/>
		<feat xlink:href="#sTok867" value="MD"/>
		<feat xlink:href="#sTok868" value="RB"/>
		<feat xlink:href="#sTok869" value="VB"/>
		<feat xlink:href="#sTok870" value="VVN"/>
		<feat xlink:href="#sTok871" value="RB"/>
		<feat xlink:href="#sTok872" value="TO"/>
		<feat xlink:href="#sTok873" value="VV"/>
		<feat xlink:href="#sTok874" value="WRB"/>
		<feat xlink:href="#sTok875" value="DT"/>
		<feat xlink:href="#sTok876" value="NN"/>
		<feat xlink:href="#sTok877" value="POS"/>
		<feat xlink:href="#sTok878" value="NN"/>
		<feat xlink:href="#sTok879" value="VVZ"/>
		<feat xlink:href="#sTok880" value="IN"/>
		<feat xlink:href="#sTok881" value="NN"/>
		<feat xlink:href="#sTok882" value=","/>
		<feat xlink:href="#sTok883" value="WDT"/>
		<feat xlink:href="#sTok884" value="VBZ"/>
		<feat xlink:href="#sTok885" value="RB"/>
		<feat xlink:href="#sTok886" value="JJ"/>
		<feat xlink:href="#sTok887" value="IN"/>
		<feat xlink:href="#sTok888" value="VVG"/>
		<feat xlink:href="#sTok889" value="DT"/>
		<feat xlink:href="#sTok890" value="NN"/>
		<feat xlink:href="#sTok891" value="IN"/>
		<feat xlink:href="#sTok892" value="NNS"/>
		<feat xlink:href="#sTok893" value="VVN"/>
		<feat xlink:href="#sTok894" value="TO"/>
		<feat xlink:href="#sTok895" value="VV"/>
		<feat xlink:href="#sTok896" value="NN"/>
		<feat xlink:href="#sTok897" value="CC"/>
		<feat xlink:href="#sTok898" value="VV"/>
		<feat xlink:href="#sTok899" value="NN"/>
		<feat xlink:href="#sTok900" value="IN"/>
		<feat xlink:href="#sTok901" value="NN"/>
		<feat xlink:href="#sTok902" value="SENT"/>
		<feat xlink:href="#sTok903" value="RB"/>
		<feat xlink:href="#sTok904" value=","/>
		<feat xlink:href="#sTok905" value="VVN"/>
		<feat xlink:href="#sTok906" value="IN"/>
		<feat xlink:href="#sTok907" value="JJ"/>
		<feat xlink:href="#sTok908" value="JJ"/>
		<feat xlink:href="#sTok909" value="NNS"/>
		<feat xlink:href="#sTok910" value="IN"/>
		<feat xlink:href="#sTok911" value="NN"/>
		<feat xlink:href="#sTok912" value=","/>
		<feat xlink:href="#sTok913" value="DT"/>
		<feat xlink:href="#sTok914" value="NN"/>
		<feat xlink:href="#sTok915" value="MD"/>
		<feat xlink:href="#sTok916" value="VV"/>
		<feat xlink:href="#sTok917" value="NNS"/>
		<feat xlink:href="#sTok918" value="POS"/>
		<feat xlink:href="#sTok919" value="NN"/>
		<feat xlink:href="#sTok920" value="IN"/>
		<feat xlink:href="#sTok921" value="JJ"/>
		<feat xlink:href="#sTok922" value="NNS"/>
		<feat xlink:href="#sTok923" value="CC"/>
		<feat xlink:href="#sTok924" value="VV"/>
		<feat xlink:href="#sTok925" value="DT"/>
		<feat xlink:href="#sTok926" value="NN"/>
		<feat xlink:href="#sTok927" value="NNS"/>
		<feat xlink:href="#sTok928" value="IN"/>
		<feat xlink:href="#sTok929" value="JJ"/>
		<feat xlink:href="#sTok930" value="NNS"/>
		<feat xlink:href="#sTok931" value="SENT"/>
		<feat xlink:href="#sTok932" value="IN"/>
		<feat xlink:href="#sTok933" value="JJ"/>
		<feat xlink:href="#sTok934" value=","/>
		<feat xlink:href="#sTok935" value="JJ"/>
		<feat xlink:href="#sTok936" value="JJ"/>
		<feat xlink:href="#sTok937" value="NN"/>
		<feat xlink:href="#sTok938" value="NNS"/>
		<feat xlink:href="#sTok939" value="MD"/>
		<feat xlink:href="#sTok940" value="VV"/>
		<feat xlink:href="#sTok941" value="IN"/>
		<feat xlink:href="#sTok942" value="DT"/>
		<feat xlink:href="#sTok943" value="NN"/>
		<feat xlink:href="#sTok944" value="IN"/>
		<feat xlink:href="#sTok945" value="JJ"/>
		<feat xlink:href="#sTok946" value="CC"/>
		<feat xlink:href="#sTok947" value="RB"/>
		<feat xlink:href="#sTok948" value="HYPH"/>
		<feat xlink:href="#sTok949" value="VVN"/>
		<feat xlink:href="#sTok950" value="NN"/>
		<feat xlink:href="#sTok951" value="NNS"/>
		<feat xlink:href="#sTok952" value="SENT"/>
		<feat xlink:href="#sTok953" value="PP$"/>
		<feat xlink:href="#sTok954" value="NN"/>
		<feat xlink:href="#sTok955" value="VBZ"/>
		<feat xlink:href="#sTok956" value="VVN"/>
		<feat xlink:href="#sTok957" value="IN"/>
		<feat xlink:href="#sTok958" value="VVZ"/>
		<feat xlink:href="#sTok959" value="SENT"/>
		<feat xlink:href="#sTok960" value="PP"/>
		<feat xlink:href="#sTok961" value="VVP"/>
		<feat xlink:href="#sTok962" value="IN"/>
		<feat xlink:href="#sTok963" value="VVG"/>
		<feat xlink:href="#sTok964" value="DT"/>
		<feat xlink:href="#sTok965" value="NN"/>
		<feat xlink:href="#sTok966" value="CC"/>
		<feat xlink:href="#sTok967" value="NN"/>
		<feat xlink:href="#sTok968" value="IN"/>
		<feat xlink:href="#sTok969" value="PP$"/>
		<feat xlink:href="#sTok970" value="NN"/>
		<feat xlink:href="#sTok971" value="NN"/>
		<feat xlink:href="#sTok972" value="NN"/>
		<feat xlink:href="#sTok973" value="SENT"/>
		<feat xlink:href="#sTok974" value="RB"/>
		<feat xlink:href="#sTok975" value=","/>
		<feat xlink:href="#sTok976" value="PP"/>
		<feat xlink:href="#sTok977" value="VVP"/>
		<feat xlink:href="#sTok978" value="DT"/>
		<feat xlink:href="#sTok979" value="NNS"/>
		<feat xlink:href="#sTok980" value="IN"/>
		<feat xlink:href="#sTok981" value="PP$"/>
		<feat xlink:href="#sTok982" value="NN"/>
		<feat xlink:href="#sTok983" value="IN"/>
		<feat xlink:href="#sTok984" value="CD"/>
		<feat xlink:href="#sTok985" value="NNS"/>
		<feat xlink:href="#sTok986" value="SENT"/>
		<feat xlink:href="#sTok987" value="DT"/>
		<feat xlink:href="#sTok988" value="JJ"/>
		<feat xlink:href="#sTok989" value="VVZ"/>
		<feat xlink:href="#sTok990" value="DT"/>
		<feat xlink:href="#sTok991" value="NN"/>
		<feat xlink:href="#sTok992" value="CC"/>
		<feat xlink:href="#sTok993" value="NN"/>
		<feat xlink:href="#sTok994" value="IN"/>
		<feat xlink:href="#sTok995" value="DT"/>
		<feat xlink:href="#sTok996" value="NN"/>
		<feat xlink:href="#sTok997" value="IN"/>
		<feat xlink:href="#sTok998" value="VVG"/>
		<feat xlink:href="#sTok999" value="NN"/>
		<feat xlink:href="#sTok1000" value="NNS"/>
		<feat xlink:href="#sTok1001" value="IN"/>
		<feat xlink:href="#sTok1002" value="DT"/>
		<feat xlink:href="#sTok1003" value="NN"/>
		<feat xlink:href="#sTok1004" value="IN"/>
		<feat xlink:href="#sTok1005" value="NN"/>
		<feat xlink:href="#sTok1006" value="NN"/>
		<feat xlink:href="#sTok1007" value="CC"/>
		<feat xlink:href="#sTok1008" value="VVG"/>
		<feat xlink:href="#sTok1009" value="PP"/>
		<feat xlink:href="#sTok1010" value="IN"/>
		<feat xlink:href="#sTok1011" value="DT"/>
		<feat xlink:href="#sTok1012" value="NN"/>
		<feat xlink:href="#sTok1013" value="HYPH"/>
		<feat xlink:href="#sTok1014" value="VVN"/>
		<feat xlink:href="#sTok1015" value="NN"/>
		<feat xlink:href="#sTok1016" value=","/>
		<feat xlink:href="#sTok1017" value="VVN"/>
		<feat xlink:href="#sTok1018" value="IN"/>
		<feat xlink:href="#sTok1019" value="CD"/>
		<feat xlink:href="#sTok1020" value="("/>
		<feat xlink:href="#sTok1021" value="CD"/>
		<feat xlink:href="#sTok1022" value=")"/>
		<feat xlink:href="#sTok1023" value="SENT"/>
		<feat xlink:href="#sTok1024" value="DT"/>
		<feat xlink:href="#sTok1025" value="NN"/>
		<feat xlink:href="#sTok1026" value="VVZ"/>
		<feat xlink:href="#sTok1027" value="DT"/>
		<feat xlink:href="#sTok1028" value="NN"/>
		<feat xlink:href="#sTok1029" value="IN"/>
		<feat xlink:href="#sTok1030" value="DT"/>
		<feat xlink:href="#sTok1031" value="NN"/>
		<feat xlink:href="#sTok1032" value="IN"/>
		<feat xlink:href="#sTok1033" value="NN"/>
		<feat xlink:href="#sTok1034" value="VVN"/>
		<feat xlink:href="#sTok1035" value="IN"/>
		<feat xlink:href="#sTok1036" value="PP$"/>
		<feat xlink:href="#sTok1037" value="NN"/>
		<feat xlink:href="#sTok1038" value="CC"/>
		<feat xlink:href="#sTok1039" value="VVZ"/>
		<feat xlink:href="#sTok1040" value="DT"/>
		<feat xlink:href="#sTok1041" value="CD"/>
		<feat xlink:href="#sTok1042" value="CC"/>
		<feat xlink:href="#sTok1043" value="CD"/>
		<feat xlink:href="#sTok1044" value="NNS"/>
		<feat xlink:href="#sTok1045" value="TO"/>
		<feat xlink:href="#sTok1046" value="VV"/>
		<feat xlink:href="#sTok1047" value="DT"/>
		<feat xlink:href="#sTok1048" value="``"/>
		<feat xlink:href="#sTok1049" value="JJ"/>
		<feat xlink:href="#sTok1050" value="NN"/>
		<feat xlink:href="#sTok1051" value="''"/>
		<feat xlink:href="#sTok1052" value="NN"/>
		<feat xlink:href="#sTok1053" value="IN"/>
		<feat xlink:href="#sTok1054" value="NN"/>
		<feat xlink:href="#sTok1055" value="NN"/>
		<feat xlink:href="#sTok1056" value="SENT"/></featList></paula>