<?xml version='1.0' encoding='UTF-8'?><!DOCTYPE paula SYSTEM "paula_feat.dtd">
<paula version="1.1">
	<header paula_id="GUM_academic_census.tok_pos"/>
	<featList xmlns:xlink="http://www.w3.org/1999/xlink" type="pos" xml:base="GUM_academic_census.tok.xml">
		<feat xlink:href="#sTok1" value="CD"/>
		<feat xlink:href="#sTok2" value="NN"/>
		<feat xlink:href="#sTok3" value="JJ"/>
		<feat xlink:href="#sTok4" value="CC"/>
		<feat xlink:href="#sTok5" value="NN"/>
		<feat xlink:href="#sTok6" value="NN"/>
		<feat xlink:href="#sTok7" value="NN"/>
		<feat xlink:href="#sTok8" value="VV"/>
		<feat xlink:href="#sTok9" value="DT"/>
		<feat xlink:href="#sTok10" value="JJ"/>
		<feat xlink:href="#sTok11" value="NN"/>
		<feat xlink:href="#sTok12" value="IN"/>
		<feat xlink:href="#sTok13" value="VVG"/>
		<feat xlink:href="#sTok14" value="DT"/>
		<feat xlink:href="#sTok15" value="NN"/>
		<feat xlink:href="#sTok16" value="CC"/>
		<feat xlink:href="#sTok17" value="NN"/>
		<feat xlink:href="#sTok18" value="IN"/>
		<feat xlink:href="#sTok19" value="JJ"/>
		<feat xlink:href="#sTok20" value="NN"/>
		<feat xlink:href="#sTok21" value=","/>
		<feat xlink:href="#sTok22" value="CC"/>
		<feat xlink:href="#sTok23" value="RB"/>
		<feat xlink:href="#sTok24" value="IN"/>
		<feat xlink:href="#sTok25" value="PP$"/>
		<feat xlink:href="#sTok26" value="NN"/>
		<feat xlink:href="#sTok27" value="CC"/>
		<feat xlink:href="#sTok28" value="RB"/>
		<feat xlink:href="#sTok29" value="IN"/>
		<feat xlink:href="#sTok30" value="PP$"/>
		<feat xlink:href="#sTok31" value="NN"/>
		<feat xlink:href="#sTok32" value="IN"/>
		<feat xlink:href="#sTok33" value="JJ"/>
		<feat xlink:href="#sTok34" value="NNS"/>
		<feat xlink:href="#sTok35" value="SENT"/>
		<feat xlink:href="#sTok36" value="JJ"/>
		<feat xlink:href="#sTok37" value="NNS"/>
		<feat xlink:href="#sTok38" value="VVP"/>
		<feat xlink:href="#sTok39" value="IN/that"/>
		<feat xlink:href="#sTok40" value="DT"/>
		<feat xlink:href="#sTok41" value="IN"/>
		<feat xlink:href="#sTok42" value="DT"/>
		<feat xlink:href="#sTok43" value="NNS"/>
		<feat xlink:href="#sTok44" value="VBZ"/>
		<feat xlink:href="#sTok45" value="RB"/>
		<feat xlink:href="#sTok46" value="CC"/>
		<feat xlink:href="#sTok47" value="RB"/>
		<feat xlink:href="#sTok48" value="VVN"/>
		<feat xlink:href="#sTok49" value="IN"/>
		<feat xlink:href="#sTok50" value="JJ"/>
		<feat xlink:href="#sTok51" value="NNS"/>
		<feat xlink:href="#sTok52" value="IN"/>
		<feat xlink:href="#sTok53" value="NN"/>
		<feat xlink:href="#sTok54" value="NN"/>
		<feat xlink:href="#sTok55" value=","/>
		<feat xlink:href="#sTok56" value="VVG"/>
		<feat xlink:href="#sTok57" value="JJ"/>
		<feat xlink:href="#sTok58" value=","/>
		<feat xlink:href="#sTok59" value="JJ"/>
		<feat xlink:href="#sTok60" value=","/>
		<feat xlink:href="#sTok61" value="CC"/>
		<feat xlink:href="#sTok62" value="NN"/>
		<feat xlink:href="#sTok63" value="NN"/>
		<feat xlink:href="#sTok64" value="SENT"/>
		<feat xlink:href="#sTok65" value="IN"/>
		<feat xlink:href="#sTok66" value="DT"/>
		<feat xlink:href="#sTok67" value="NN"/>
		<feat xlink:href="#sTok68" value=","/>
		<feat xlink:href="#sTok69" value="NN"/>
		<feat xlink:href="#sTok70" value="VVZ"/>
		<feat xlink:href="#sTok71" value="IN/that"/>
		<feat xlink:href="#sTok72" value="JJR"/>
		<feat xlink:href="#sTok73" value="NN"/>
		<feat xlink:href="#sTok74" value="IN"/>
		<feat xlink:href="#sTok75" value="DT"/>
		<feat xlink:href="#sTok76" value="NN"/>
		<feat xlink:href="#sTok77" value="CC"/>
		<feat xlink:href="#sTok78" value="NN"/>
		<feat xlink:href="#sTok79" value="MD"/>
		<feat xlink:href="#sTok80" value="VV"/>
		<feat xlink:href="#sTok81" value="IN"/>
		<feat xlink:href="#sTok82" value="VVN"/>
		<feat xlink:href="#sTok83" value="JJ"/>
		<feat xlink:href="#sTok84" value="NN"/>
		<feat xlink:href="#sTok85" value="("/>
		<feat xlink:href="#sTok86" value="CD"/>
		<feat xlink:href="#sTok87" value=")"/>
		<feat xlink:href="#sTok88" value="CC"/>
		<feat xlink:href="#sTok89" value="RBR"/>
		<feat xlink:href="#sTok90" value="JJ"/>
		<feat xlink:href="#sTok91" value="NNS"/>
		<feat xlink:href="#sTok92" value="IN"/>
		<feat xlink:href="#sTok93" value="JJ"/>
		<feat xlink:href="#sTok94" value="NNS"/>
		<feat xlink:href="#sTok95" value="("/>
		<feat xlink:href="#sTok96" value="CD"/>
		<feat xlink:href="#sTok97" value=","/>
		<feat xlink:href="#sTok98" value="CD"/>
		<feat xlink:href="#sTok99" value=")"/>
		<feat xlink:href="#sTok100" value="IN"/>
		<feat xlink:href="#sTok101" value="VVG"/>
		<feat xlink:href="#sTok102" value="RB"/>
		<feat xlink:href="#sTok103" value="NNS"/>
		<feat xlink:href="#sTok104" value="IN"/>
		<feat xlink:href="#sTok105" value="JJ"/>
		<feat xlink:href="#sTok106" value="NNS"/>
		<feat xlink:href="#sTok107" value="CC"/>
		<feat xlink:href="#sTok108" value="NNS"/>
		<feat xlink:href="#sTok109" value="WDT"/>
		<feat xlink:href="#sTok110" value="VVP"/>
		<feat xlink:href="#sTok111" value="CC"/>
		<feat xlink:href="#sTok112" value="RB"/>
		<feat xlink:href="#sTok113" value="VVP"/>
		<feat xlink:href="#sTok114" value="DT"/>
		<feat xlink:href="#sTok115" value="NNS"/>
		<feat xlink:href="#sTok116" value="IN"/>
		<feat xlink:href="#sTok117" value="PP$"/>
		<feat xlink:href="#sTok118" value="NNS"/>
		<feat xlink:href="#sTok119" value="SENT"/>
		<feat xlink:href="#sTok120" value="RB"/>
		<feat xlink:href="#sTok121" value=","/>
		<feat xlink:href="#sTok122" value="NN"/>
		<feat xlink:href="#sTok123" value="VHZ"/>
		<feat xlink:href="#sTok124" value="VBN"/>
		<feat xlink:href="#sTok125" value="VVN"/>
		<feat xlink:href="#sTok126" value="TO"/>
		<feat xlink:href="#sTok127" value="VV"/>
		<feat xlink:href="#sTok128" value="RBR"/>
		<feat xlink:href="#sTok129" value="JJ"/>
		<feat xlink:href="#sTok130" value="JJ"/>
		<feat xlink:href="#sTok131" value="NNS"/>
		<feat xlink:href="#sTok132" value="CC"/>
		<feat xlink:href="#sTok133" value="JJ"/>
		<feat xlink:href="#sTok134" value="NN"/>
		<feat xlink:href="#sTok135" value="NNS"/>
		<feat xlink:href="#sTok136" value="("/>
		<feat xlink:href="#sTok137" value="CD"/>
		<feat xlink:href="#sTok138" value=")"/>
		<feat xlink:href="#sTok139" value=","/>
		<feat xlink:href="#sTok140" value="WDT"/>
		<feat xlink:href="#sTok141" value="MD"/>
		<feat xlink:href="#sTok142" value="VV"/>
		<feat xlink:href="#sTok143" value="DT"/>
		<feat xlink:href="#sTok144" value="NN"/>
		<feat xlink:href="#sTok145" value="IN"/>
		<feat xlink:href="#sTok146" value="JJ"/>
		<feat xlink:href="#sTok147" value="NNS"/>
		<feat xlink:href="#sTok148" value="SENT"/>
		<feat xlink:href="#sTok149" value="IN"/>
		<feat xlink:href="#sTok150" value="DT"/>
		<feat xlink:href="#sTok151" value="JJ"/>
		<feat xlink:href="#sTok152" value="NNS"/>
		<feat xlink:href="#sTok153" value=","/>
		<feat xlink:href="#sTok154" value="RB"/>
		<feat xlink:href="#sTok155" value=","/>
		<feat xlink:href="#sTok156" value="VVG"/>
		<feat xlink:href="#sTok157" value="DT"/>
		<feat xlink:href="#sTok158" value="NN"/>
		<feat xlink:href="#sTok159" value="IN"/>
		<feat xlink:href="#sTok160" value="NN"/>
		<feat xlink:href="#sTok161" value="IN"/>
		<feat xlink:href="#sTok162" value="NN"/>
		<feat xlink:href="#sTok163" value="VVZ"/>
		<feat xlink:href="#sTok164" value="RB"/>
		<feat xlink:href="#sTok165" value="JJ"/>
		<feat xlink:href="#sTok166" value=","/>
		<feat xlink:href="#sTok167" value="JJ"/>
		<feat xlink:href="#sTok168" value="IN"/>
		<feat xlink:href="#sTok169" value="JJ"/>
		<feat xlink:href="#sTok170" value="NN"/>
		<feat xlink:href="#sTok171" value="TO"/>
		<feat xlink:href="#sTok172" value="DT"/>
		<feat xlink:href="#sTok173" value="NN"/>
		<feat xlink:href="#sTok174" value="IN"/>
		<feat xlink:href="#sTok175" value="JJ"/>
		<feat xlink:href="#sTok176" value="NNS"/>
		<feat xlink:href="#sTok177" value="IN"/>
		<feat xlink:href="#sTok178" value="DT"/>
		<feat xlink:href="#sTok179" value="JJ"/>
		<feat xlink:href="#sTok180" value="NN"/>
		<feat xlink:href="#sTok181" value="SENT"/>
		<feat xlink:href="#sTok182" value="VVG"/>
		<feat xlink:href="#sTok183" value="DT"/>
		<feat xlink:href="#sTok184" value="NN"/>
		<feat xlink:href="#sTok185" value="CC"/>
		<feat xlink:href="#sTok186" value="NNS"/>
		<feat xlink:href="#sTok187" value="IN"/>
		<feat xlink:href="#sTok188" value="DT"/>
		<feat xlink:href="#sTok189" value="JJ"/>
		<feat xlink:href="#sTok190" value="NN"/>
		<feat xlink:href="#sTok191" value=","/>
		<feat xlink:href="#sTok192" value="RB"/>
		<feat xlink:href="#sTok193" value="IN"/>
		<feat xlink:href="#sTok194" value="DT"/>
		<feat xlink:href="#sTok195" value="RB"/>
		<feat xlink:href="#sTok196" value="VVG"/>
		<feat xlink:href="#sTok197" value="NN"/>
		<feat xlink:href="#sTok198" value="IN"/>
		<feat xlink:href="#sTok199" value="NN"/>
		<feat xlink:href="#sTok200" value="NN"/>
		<feat xlink:href="#sTok201" value=","/>
		<feat xlink:href="#sTok202" value="VBZ"/>
		<feat xlink:href="#sTok203" value="DT"/>
		<feat xlink:href="#sTok204" value="JJ"/>
		<feat xlink:href="#sTok205" value="JJ"/>
		<feat xlink:href="#sTok206" value="NN"/>
		<feat xlink:href="#sTok207" value="IN"/>
		<feat xlink:href="#sTok208" value="VVG"/>
		<feat xlink:href="#sTok209" value="WRB"/>
		<feat xlink:href="#sTok210" value="JJ"/>
		<feat xlink:href="#sTok211" value="NN"/>
		<feat xlink:href="#sTok212" value="VBZ"/>
		<feat xlink:href="#sTok213" value="VVN"/>
		<feat xlink:href="#sTok214" value="CC"/>
		<feat xlink:href="#sTok215" value="WRB"/>
		<feat xlink:href="#sTok216" value="PP"/>
		<feat xlink:href="#sTok217" value="MD"/>
		<feat xlink:href="#sTok218" value="VB"/>
		<feat xlink:href="#sTok219" value="VVN"/>
		<feat xlink:href="#sTok220" value="SENT"/>
		<feat xlink:href="#sTok221" value="IN"/>
		<feat xlink:href="#sTok222" value="JJ"/>
		<feat xlink:href="#sTok223" value="JJ"/>
		<feat xlink:href="#sTok224" value="NNS"/>
		<feat xlink:href="#sTok225" value=","/>
		<feat xlink:href="#sTok226" value="RB"/>
		<feat xlink:href="#sTok227" value=","/>
		<feat xlink:href="#sTok228" value="EX"/>
		<feat xlink:href="#sTok229" value="VBZ"/>
		<feat xlink:href="#sTok230" value="DT"/>
		<feat xlink:href="#sTok231" value="JJ"/>
		<feat xlink:href="#sTok232" value="NN"/>
		<feat xlink:href="#sTok233" value="IN"/>
		<feat xlink:href="#sTok234" value="DT"/>
		<feat xlink:href="#sTok235" value="JJ"/>
		<feat xlink:href="#sTok236" value="NN"/>
		<feat xlink:href="#sTok237" value=","/>
		<feat xlink:href="#sTok238" value="VVG"/>
		<feat xlink:href="#sTok239" value="PP"/>
		<feat xlink:href="#sTok240" value="JJ"/>
		<feat xlink:href="#sTok241" value="TO"/>
		<feat xlink:href="#sTok242" value="VV"/>
		<feat xlink:href="#sTok243" value="DT"/>
		<feat xlink:href="#sTok244" value="JJ"/>
		<feat xlink:href="#sTok245" value="NN"/>
		<feat xlink:href="#sTok246" value="NN"/>
		<feat xlink:href="#sTok247" value="IN"/>
		<feat xlink:href="#sTok248" value="NN"/>
		<feat xlink:href="#sTok249" value="SENT"/>
		<feat xlink:href="#sTok250" value="RBR"/>
		<feat xlink:href="#sTok251" value=","/>
		<feat xlink:href="#sTok252" value="NNS"/>
		<feat xlink:href="#sTok253" value="IN"/>
		<feat xlink:href="#sTok254" value="NN"/>
		<feat xlink:href="#sTok255" value="IN"/>
		<feat xlink:href="#sTok256" value="NNS"/>
		<feat xlink:href="#sTok257" value="IN"/>
		<feat xlink:href="#sTok258" value="NP"/>
		<feat xlink:href="#sTok259" value="CC"/>
		<feat xlink:href="#sTok260" value="NP"/>
		<feat xlink:href="#sTok261" value="VVP"/>
		<feat xlink:href="#sTok262" value="IN"/>
		<feat xlink:href="#sTok263" value=","/>
		<feat xlink:href="#sTok264" value="CC"/>
		<feat xlink:href="#sTok265" value="IN"/>
		<feat xlink:href="#sTok266" value="NNS"/>
		<feat xlink:href="#sTok267" value="SENT"/>
		<feat xlink:href="#sTok268" value="IN"/>
		<feat xlink:href="#sTok269" value="NN"/>
		<feat xlink:href="#sTok270" value=","/>
		<feat xlink:href="#sTok271" value="NN"/>
		<feat xlink:href="#sTok272" value="NN"/>
		<feat xlink:href="#sTok273" value="IN"/>
		<feat xlink:href="#sTok274" value="NN"/>
		<feat xlink:href="#sTok275" value="VBZ"/>
		<feat xlink:href="#sTok276" value="DT"/>
		<feat xlink:href="#sTok277" value="JJ"/>
		<feat xlink:href="#sTok278" value="NN"/>
		<feat xlink:href="#sTok279" value="IN"/>
		<feat xlink:href="#sTok280" value="JJ"/>
		<feat xlink:href="#sTok281" value="NNS"/>
		<feat xlink:href="#sTok282" value="("/>
		<feat xlink:href="#sTok283" value="CD"/>
		<feat xlink:href="#sTok284" value=")"/>
		<feat xlink:href="#sTok285" value=","/>
		<feat xlink:href="#sTok286" value="CC"/>
		<feat xlink:href="#sTok287" value="IN"/>
		<feat xlink:href="#sTok288" value="DT"/>
		<feat xlink:href="#sTok289" value="JJ"/>
		<feat xlink:href="#sTok290" value="NN"/>
		<feat xlink:href="#sTok291" value="IN"/>
		<feat xlink:href="#sTok292" value="NN"/>
		<feat xlink:href="#sTok293" value="NN"/>
		<feat xlink:href="#sTok294" value=","/>
		<feat xlink:href="#sTok295" value="DT"/>
		<feat xlink:href="#sTok296" value="NN"/>
		<feat xlink:href="#sTok297" value="IN"/>
		<feat xlink:href="#sTok298" value="NN"/>
		<feat xlink:href="#sTok299" value="CC"/>
		<feat xlink:href="#sTok300" value="PP$"/>
		<feat xlink:href="#sTok301" value="JJ"/>
		<feat xlink:href="#sTok302" value="NNS"/>
		<feat xlink:href="#sTok303" value="VBP"/>
		<feat xlink:href="#sTok304" value="JJ"/>
		<feat xlink:href="#sTok305" value="TO"/>
		<feat xlink:href="#sTok306" value="VV"/>
		<feat xlink:href="#sTok307" value="("/>
		<feat xlink:href="#sTok308" value="CD"/>
		<feat xlink:href="#sTok309" value=")"/>
		<feat xlink:href="#sTok310" value="SENT"/>
		<feat xlink:href="#sTok311" value="DT"/>
		<feat xlink:href="#sTok312" value="NNS"/>
		<feat xlink:href="#sTok313" value=","/>
		<feat xlink:href="#sTok314" value="IN"/>
		<feat xlink:href="#sTok315" value="JJ"/>
		<feat xlink:href="#sTok316" value="NN"/>
		<feat xlink:href="#sTok317" value=","/>
		<feat xlink:href="#sTok318" value="VBP"/>
		<feat xlink:href="#sTok319" value="VVN"/>
		<feat xlink:href="#sTok320" value="IN"/>
		<feat xlink:href="#sTok321" value="DT"/>
		<feat xlink:href="#sTok322" value="JJ"/>
		<feat xlink:href="#sTok323" value="JJ"/>
		<feat xlink:href="#sTok324" value="NN"/>
		<feat xlink:href="#sTok325" value=","/>
		<feat xlink:href="#sTok326" value="WP$"/>
		<feat xlink:href="#sTok327" value="NN"/>
		<feat xlink:href="#sTok328" value="NN"/>
		<feat xlink:href="#sTok329" value="VVZ"/>
		<feat xlink:href="#sTok330" value="DT"/>
		<feat xlink:href="#sTok331" value="JJ"/>
		<feat xlink:href="#sTok332" value="NN"/>
		<feat xlink:href="#sTok333" value="("/>
		<feat xlink:href="#sTok334" value="CD"/>
		<feat xlink:href="#sTok335" value=")"/>
		<feat xlink:href="#sTok336" value="SENT"/>
		<feat xlink:href="#sTok337" value="JJS"/>
		<feat xlink:href="#sTok338" value="NNS"/>
		<feat xlink:href="#sTok339" value=","/>
		<feat xlink:href="#sTok340" value="IN"/>
		<feat xlink:href="#sTok341" value="DT"/>
		<feat xlink:href="#sTok342" value="JJ"/>
		<feat xlink:href="#sTok343" value="NN"/>
		<feat xlink:href="#sTok344" value=","/>
		<feat xlink:href="#sTok345" value="VVG"/>
		<feat xlink:href="#sTok346" value="NN"/>
		<feat xlink:href="#sTok347" value="NN"/>
		<feat xlink:href="#sTok348" value=","/>
		<feat xlink:href="#sTok349" value="VVP"/>
		<feat xlink:href="#sTok350" value="DT"/>
		<feat xlink:href="#sTok351" value="JJ"/>
		<feat xlink:href="#sTok352" value="JJ"/>
		<feat xlink:href="#sTok353" value="NN"/>
		<feat xlink:href="#sTok354" value="CC"/>
		<feat xlink:href="#sTok355" value="NN"/>
		<feat xlink:href="#sTok356" value="NN"/>
		<feat xlink:href="#sTok357" value="VBZ"/>
		<feat xlink:href="#sTok358" value="RB"/>
		<feat xlink:href="#sTok359" value="VVN"/>
		<feat xlink:href="#sTok360" value="IN"/>
		<feat xlink:href="#sTok361" value="JJ"/>
		<feat xlink:href="#sTok362" value="JJ"/>
		<feat xlink:href="#sTok363" value="NNS"/>
		<feat xlink:href="#sTok364" value=","/>
		<feat xlink:href="#sTok365" value="JJ"/>
		<feat xlink:href="#sTok366" value="IN"/>
		<feat xlink:href="#sTok367" value="JJ"/>
		<feat xlink:href="#sTok368" value="NN"/>
		<feat xlink:href="#sTok369" value="NNS"/>
		<feat xlink:href="#sTok370" value="IN"/>
		<feat xlink:href="#sTok371" value="JJ"/>
		<feat xlink:href="#sTok372" value="NNS"/>
		<feat xlink:href="#sTok373" value="SENT"/>
		<feat xlink:href="#sTok374" value="IN"/>
		<feat xlink:href="#sTok375" value="VVG"/>
		<feat xlink:href="#sTok376" value="PDT"/>
		<feat xlink:href="#sTok377" value="DT"/>
		<feat xlink:href="#sTok378" value="JJ"/>
		<feat xlink:href="#sTok379" value="NN"/>
		<feat xlink:href="#sTok380" value="VBZ"/>
		<feat xlink:href="#sTok381" value="JJ"/>
		<feat xlink:href="#sTok382" value=","/>
		<feat xlink:href="#sTok383" value="JJ"/>
		<feat xlink:href="#sTok384" value="NNS"/>
		<feat xlink:href="#sTok385" value="VHP"/>
		<feat xlink:href="#sTok386" value="VVN"/>
		<feat xlink:href="#sTok387" value="TO"/>
		<feat xlink:href="#sTok388" value="VV"/>
		<feat xlink:href="#sTok389" value="DT"/>
		<feat xlink:href="#sTok390" value="NN"/>
		<feat xlink:href="#sTok391" value="CC"/>
		<feat xlink:href="#sTok392" value="VHP"/>
		<feat xlink:href="#sTok393" value="RB"/>
		<feat xlink:href="#sTok394" value="VVN"/>
		<feat xlink:href="#sTok395" value="NNS"/>
		<feat xlink:href="#sTok396" value="IN"/>
		<feat xlink:href="#sTok397" value="NNS"/>
		<feat xlink:href="#sTok398" value="("/>
		<feat xlink:href="#sTok399" value="CD"/>
		<feat xlink:href="#sTok400" value="IN"/>
		<feat xlink:href="#sTok401" value="CD"/>
		<feat xlink:href="#sTok402" value=")"/>
		<feat xlink:href="#sTok403" value=","/>
		<feat xlink:href="#sTok404" value="RB"/>
		<feat xlink:href="#sTok405" value="JJ"/>
		<feat xlink:href="#sTok406" value="IN"/>
		<feat xlink:href="#sTok407" value="DT"/>
		<feat xlink:href="#sTok408" value="JJ"/>
		<feat xlink:href="#sTok409" value="NN"/>
		<feat xlink:href="#sTok410" value="("/>
		<feat xlink:href="#sTok411" value="CD"/>
		<feat xlink:href="#sTok412" value="NN"/>
		<feat xlink:href="#sTok413" value="CD"/>
		<feat xlink:href="#sTok414" value=")"/>
		<feat xlink:href="#sTok415" value=","/>
		<feat xlink:href="#sTok416" value="CC"/>
		<feat xlink:href="#sTok417" value="RB"/>
		<feat xlink:href="#sTok418" value="VVN"/>
		<feat xlink:href="#sTok419" value="IN"/>
		<feat xlink:href="#sTok420" value="DT"/>
		<feat xlink:href="#sTok421" value="JJ"/>
		<feat xlink:href="#sTok422" value="NN"/>
		<feat xlink:href="#sTok423" value="("/>
		<feat xlink:href="#sTok424" value="CD"/>
		<feat xlink:href="#sTok425" value=","/>
		<feat xlink:href="#sTok426" value="CD"/>
		<feat xlink:href="#sTok427" value=")"/>
		<feat xlink:href="#sTok428" value="SENT"/>
		<feat xlink:href="#sTok429" value="IN"/>
		<feat xlink:href="#sTok430" value="JJ"/>
		<feat xlink:href="#sTok431" value=","/>
		<feat xlink:href="#sTok432" value="JJ"/>
		<feat xlink:href="#sTok433" value="NNS"/>
		<feat xlink:href="#sTok434" value="VBP"/>
		<feat xlink:href="#sTok435" value="RB"/>
		<feat xlink:href="#sTok436" value="JJ"/>
		<feat xlink:href="#sTok437" value="IN"/>
		<feat xlink:href="#sTok438" value="DT"/>
		<feat xlink:href="#sTok439" value="JJ"/>
		<feat xlink:href="#sTok440" value="NN"/>
		<feat xlink:href="#sTok441" value="IN"/>
		<feat xlink:href="#sTok442" value="DT"/>
		<feat xlink:href="#sTok443" value="NN"/>
		<feat xlink:href="#sTok444" value="CC"/>
		<feat xlink:href="#sTok445" value="RB"/>
		<feat xlink:href="#sTok446" value="VH"/>
		<feat xlink:href="#sTok447" value="JJ"/>
		<feat xlink:href="#sTok448" value="NN"/>
		<feat xlink:href="#sTok449" value="SENT"/>
		<feat xlink:href="#sTok450" value="CD"/>
		<feat xlink:href="#sTok451" value="IN"/>
		<feat xlink:href="#sTok452" value="DT"/>
		<feat xlink:href="#sTok453" value="JJS"/>
		<feat xlink:href="#sTok454" value="NN"/>
		<feat xlink:href="#sTok455" value="NNS"/>
		<feat xlink:href="#sTok456" value="IN"/>
		<feat xlink:href="#sTok457" value="NN"/>
		<feat xlink:href="#sTok458" value="VVD"/>
		<feat xlink:href="#sTok459" value=","/>
		<feat xlink:href="#sTok460" value="IN"/>
		<feat xlink:href="#sTok461" value="NN"/>
		<feat xlink:href="#sTok462" value=","/>
		<feat xlink:href="#sTok463" value="DT"/>
		<feat xlink:href="#sTok464" value="RB"/>
		<feat xlink:href="#sTok465" value="JJ"/>
		<feat xlink:href="#sTok466" value="NN"/>
		<feat xlink:href="#sTok467" value="IN"/>
		<feat xlink:href="#sTok468" value="CD"/>
		<feat xlink:href="#sTok469" value="JJ"/>
		<feat xlink:href="#sTok470" value="NNS"/>
		<feat xlink:href="#sTok471" value=":"/>
		<feat xlink:href="#sTok472" value="NN"/>
		<feat xlink:href="#sTok473" value="NN"/>
		<feat xlink:href="#sTok474" value=","/>
		<feat xlink:href="#sTok475" value="NN"/>
		<feat xlink:href="#sTok476" value=","/>
		<feat xlink:href="#sTok477" value="CC"/>
		<feat xlink:href="#sTok478" value="NN"/>
		<feat xlink:href="#sTok479" value="("/>
		<feat xlink:href="#sTok480" value="CD"/>
		<feat xlink:href="#sTok481" value=")"/>
		<feat xlink:href="#sTok482" value="SENT"/>
		<feat xlink:href="#sTok483" value="DT"/>
		<feat xlink:href="#sTok484" value="NNS"/>
		<feat xlink:href="#sTok485" value="NN"/>
		<feat xlink:href="#sTok486" value="VHZ"/>
		<feat xlink:href="#sTok487" value="VVN"/>
		<feat xlink:href="#sTok488" value="JJ"/>
		<feat xlink:href="#sTok489" value="NN"/>
		<feat xlink:href="#sTok490" value="IN"/>
		<feat xlink:href="#sTok491" value="JJ"/>
		<feat xlink:href="#sTok492" value="NNS"/>
		<feat xlink:href="#sTok493" value="IN"/>
		<feat xlink:href="#sTok494" value="NN"/>
		<feat xlink:href="#sTok495" value="NN"/>
		<feat xlink:href="#sTok496" value=","/>
		<feat xlink:href="#sTok497" value="NN"/>
		<feat xlink:href="#sTok498" value=","/>
		<feat xlink:href="#sTok499" value="CC"/>
		<feat xlink:href="#sTok500" value="JJ"/>
		<feat xlink:href="#sTok501" value="NN"/>
		<feat xlink:href="#sTok502" value="("/>
		<feat xlink:href="#sTok503" value="CD"/>
		<feat xlink:href="#sTok504" value=","/>
		<feat xlink:href="#sTok505" value="CD"/>
		<feat xlink:href="#sTok506" value=","/>
		<feat xlink:href="#sTok507" value="CD"/>
		<feat xlink:href="#sTok508" value=")"/>
		<feat xlink:href="#sTok509" value="SENT"/>
		<feat xlink:href="#sTok510" value="CC"/>
		<feat xlink:href="#sTok511" value=","/>
		<feat xlink:href="#sTok512" value="DT"/>
		<feat xlink:href="#sTok513" value="NN"/>
		<feat xlink:href="#sTok514" value="NN"/>
		<feat xlink:href="#sTok515" value="VBZ"/>
		<feat xlink:href="#sTok516" value="RB"/>
		<feat xlink:href="#sTok517" value="DT"/>
		<feat xlink:href="#sTok518" value="JJ"/>
		<feat xlink:href="#sTok519" value="NN"/>
		<feat xlink:href="#sTok520" value="IN"/>
		<feat xlink:href="#sTok521" value="DT"/>
		<feat xlink:href="#sTok522" value="VVG"/>
		<feat xlink:href="#sTok523" value="CC"/>
		<feat xlink:href="#sTok524" value="VVG"/>
		<feat xlink:href="#sTok525" value="NN"/>
		<feat xlink:href="#sTok526" value="CC"/>
		<feat xlink:href="#sTok527" value="RB"/>
		<feat xlink:href="#sTok528" value="VVZ"/>
		<feat xlink:href="#sTok529" value="JJ"/>
		<feat xlink:href="#sTok530" value="NNS"/>
		<feat xlink:href="#sTok531" value="IN"/>
		<feat xlink:href="#sTok532" value="DT"/>
		<feat xlink:href="#sTok533" value="VVG"/>
		<feat xlink:href="#sTok534" value="NN"/>
		<feat xlink:href="#sTok535" value="CC"/>
		<feat xlink:href="#sTok536" value="NN"/>
		<feat xlink:href="#sTok537" value="NNS"/>
		<feat xlink:href="#sTok538" value="IN"/>
		<feat xlink:href="#sTok539" value="DT"/>
		<feat xlink:href="#sTok540" value="JJ"/>
		<feat xlink:href="#sTok541" value="NNS"/>
		<feat xlink:href="#sTok542" value="SENT"/>
		<feat xlink:href="#sTok543" value="IN"/>
		<feat xlink:href="#sTok544" value="DT"/>
		<feat xlink:href="#sTok545" value="NNS"/>
		<feat xlink:href="#sTok546" value=","/>
		<feat xlink:href="#sTok547" value="JJ"/>
		<feat xlink:href="#sTok548" value="NNS"/>
		<feat xlink:href="#sTok549" value="IN"/>
		<feat xlink:href="#sTok550" value="NN"/>
		<feat xlink:href="#sTok551" value="NNS"/>
		<feat xlink:href="#sTok552" value="CC"/>
		<feat xlink:href="#sTok553" value="NN"/>
		<feat xlink:href="#sTok554" value="VBP"/>
		<feat xlink:href="#sTok555" value="JJ"/>
		<feat xlink:href="#sTok556" value="IN"/>
		<feat xlink:href="#sTok557" value="NN"/>
		<feat xlink:href="#sTok558" value="SENT"/>
		<feat xlink:href="#sTok559" value="IN"/>
		<feat xlink:href="#sTok560" value="NN"/>
		<feat xlink:href="#sTok561" value="NN"/>
		<feat xlink:href="#sTok562" value=","/>
		<feat xlink:href="#sTok563" value="DT"/>
		<feat xlink:href="#sTok564" value="NP"/>
		<feat xlink:href="#sTok565" value="NP"/>
		<feat xlink:href="#sTok566" value="NP"/>
		<feat xlink:href="#sTok567" value="("/>
		<feat xlink:href="#sTok568" value="NP"/>
		<feat xlink:href="#sTok569" value=")"/>
		<feat xlink:href="#sTok570" value="VVZ"/>
		<feat xlink:href="#sTok571" value="NNS"/>
		<feat xlink:href="#sTok572" value="IN"/>
		<feat xlink:href="#sTok573" value="DT"/>
		<feat xlink:href="#sTok574" value="NN"/>
		<feat xlink:href="#sTok575" value="IN"/>
		<feat xlink:href="#sTok576" value="NN"/>
		<feat xlink:href="#sTok577" value="NNS"/>
		<feat xlink:href="#sTok578" value="IN"/>
		<feat xlink:href="#sTok579" value="DT"/>
		<feat xlink:href="#sTok580" value="JJ"/>
		<feat xlink:href="#sTok581" value="NP"/>
		<feat xlink:href="#sTok582" value="NN"/>
		<feat xlink:href="#sTok583" value="IN"/>
		<feat xlink:href="#sTok584" value="NN"/>
		<feat xlink:href="#sTok585" value="NNS"/>
		<feat xlink:href="#sTok586" value="IN"/>
		<feat xlink:href="#sTok587" value="NP"/>
		<feat xlink:href="#sTok588" value="NP"/>
		<feat xlink:href="#sTok589" value="("/>
		<feat xlink:href="#sTok590" value="NP"/>
		<feat xlink:href="#sTok591" value=")"/>
		<feat xlink:href="#sTok592" value="SENT"/>
		<feat xlink:href="#sTok593" value="JJ"/>
		<feat xlink:href="#sTok594" value="NNS"/>
		<feat xlink:href="#sTok595" value="MD"/>
		<feat xlink:href="#sTok596" value="VV"/>
		<feat xlink:href="#sTok597" value="JJ"/>
		<feat xlink:href="#sTok598" value="NN"/>
		<feat xlink:href="#sTok599" value="IN"/>
		<feat xlink:href="#sTok600" value="NNS"/>
		<feat xlink:href="#sTok601" value="CC"/>
		<feat xlink:href="#sTok602" value="NN"/>
		<feat xlink:href="#sTok603" value="NNS"/>
		<feat xlink:href="#sTok604" value="IN"/>
		<feat xlink:href="#sTok605" value="DT"/>
		<feat xlink:href="#sTok606" value="JJ"/>
		<feat xlink:href="#sTok607" value="NN"/>
		<feat xlink:href="#sTok608" value="CC"/>
		<feat xlink:href="#sTok609" value="VV"/>
		<feat xlink:href="#sTok610" value="IN"/>
		<feat xlink:href="#sTok611" value="CD"/>
		<feat xlink:href="#sTok612" value="JJ"/>
		<feat xlink:href="#sTok613" value="NNS"/>
		<feat xlink:href="#sTok614" value="SENT"/>
		<feat xlink:href="#sTok615" value="RB"/>
		<feat xlink:href="#sTok616" value=","/>
		<feat xlink:href="#sTok617" value="NNS"/>
		<feat xlink:href="#sTok618" value="VBP"/>
		<feat xlink:href="#sTok619" value="JJ"/>
		<feat xlink:href="#sTok620" value="IN"/>
		<feat xlink:href="#sTok621" value="JJ"/>
		<feat xlink:href="#sTok622" value="NN"/>
		<feat xlink:href="#sTok623" value="NNS"/>
		<feat xlink:href="#sTok624" value="CC"/>
		<feat xlink:href="#sTok625" value="DT"/>
		<feat xlink:href="#sTok626" value="NN"/>
		<feat xlink:href="#sTok627" value="IN"/>
		<feat xlink:href="#sTok628" value="NNS"/>
		<feat xlink:href="#sTok629" value="CC"/>
		<feat xlink:href="#sTok630" value="NN"/>
		<feat xlink:href="#sTok631" value="NNS"/>
		<feat xlink:href="#sTok632" value=","/>
		<feat xlink:href="#sTok633" value="WDT"/>
		<feat xlink:href="#sTok634" value="MD"/>
		<feat xlink:href="#sTok635" value="VV"/>
		<feat xlink:href="#sTok636" value="NN"/>
		<feat xlink:href="#sTok637" value="IN"/>
		<feat xlink:href="#sTok638" value="JJ"/>
		<feat xlink:href="#sTok639" value="NNS"/>
		<feat xlink:href="#sTok640" value="("/>
		<feat xlink:href="#sTok641" value="CD"/>
		<feat xlink:href="#sTok642" value=","/>
		<feat xlink:href="#sTok643" value="CD"/>
		<feat xlink:href="#sTok644" value=")"/>
		<feat xlink:href="#sTok645" value="SENT"/>
		<feat xlink:href="#sTok646" value="RB"/>
		<feat xlink:href="#sTok647" value=","/>
		<feat xlink:href="#sTok648" value="JJ"/>
		<feat xlink:href="#sTok649" value="NN"/>
		<feat xlink:href="#sTok650" value="VVZ"/>
		<feat xlink:href="#sTok651" value="RB"/>
		<feat xlink:href="#sTok652" value="DT"/>
		<feat xlink:href="#sTok653" value="JJ"/>
		<feat xlink:href="#sTok654" value="NN"/>
		<feat xlink:href="#sTok655" value="IN"/>
		<feat xlink:href="#sTok656" value="DT"/>
		<feat xlink:href="#sTok657" value="NN"/>
		<feat xlink:href="#sTok658" value=","/>
		<feat xlink:href="#sTok659" value="WDT"/>
		<feat xlink:href="#sTok660" value="MD"/>
		<feat xlink:href="#sTok661" value="VV"/>
		<feat xlink:href="#sTok662" value="PP"/>
		<feat xlink:href="#sTok663" value="JJ"/>
		<feat xlink:href="#sTok664" value="TO"/>
		<feat xlink:href="#sTok665" value="VV"/>
		<feat xlink:href="#sTok666" value="NN"/>
		<feat xlink:href="#sTok667" value="("/>
		<feat xlink:href="#sTok668" value="CD"/>
		<feat xlink:href="#sTok669" value=")"/>
		<feat xlink:href="#sTok670" value="SENT"/>
		<feat xlink:href="#sTok671" value="IN"/>
		<feat xlink:href="#sTok672" value="NN"/>
		<feat xlink:href="#sTok673" value=","/>
		<feat xlink:href="#sTok674" value="NNS"/>
		<feat xlink:href="#sTok675" value="IN"/>
		<feat xlink:href="#sTok676" value="NN"/>
		<feat xlink:href="#sTok677" value="CC"/>
		<feat xlink:href="#sTok678" value="NN"/>
		<feat xlink:href="#sTok679" value="NNS"/>
		<feat xlink:href="#sTok680" value="IN"/>
		<feat xlink:href="#sTok681" value="NNS"/>
		<feat xlink:href="#sTok682" value="MD"/>
		<feat xlink:href="#sTok683" value="VB"/>
		<feat xlink:href="#sTok684" value="VVN"/>
		<feat xlink:href="#sTok685" value="RP"/>
		<feat xlink:href="#sTok686" value="IN"/>
		<feat xlink:href="#sTok687" value="NN"/>
		<feat xlink:href="#sTok688" value=","/>
		<feat xlink:href="#sTok689" value="RB"/>
		<feat xlink:href="#sTok690" value="VVG"/>
		<feat xlink:href="#sTok691" value="DT"/>
		<feat xlink:href="#sTok692" value="NNS"/>
		<feat xlink:href="#sTok693" value="IN"/>
		<feat xlink:href="#sTok694" value="DT"/>
		<feat xlink:href="#sTok695" value="NN"/>
		<feat xlink:href="#sTok696" value="IN"/>
		<feat xlink:href="#sTok697" value="JJ"/>
		<feat xlink:href="#sTok698" value="NNS"/>
		<feat xlink:href="#sTok699" value="CC"/>
		<feat xlink:href="#sTok700" value="NNS"/>
		<feat xlink:href="#sTok701" value="SENT"/>
		<feat xlink:href="#sTok702" value="RB"/>
		<feat xlink:href="#sTok703" value=","/>
		<feat xlink:href="#sTok704" value="PP"/>
		<feat xlink:href="#sTok705" value="VVP"/>
		<feat xlink:href="#sTok706" value="DT"/>
		<feat xlink:href="#sTok707" value="JJ"/>
		<feat xlink:href="#sTok708" value="NN"/>
		<feat xlink:href="#sTok709" value=","/>
		<feat xlink:href="#sTok710" value="VVN"/>
		<feat xlink:href="#sTok711" value="IN"/>
		<feat xlink:href="#sTok712" value="DT"/>
		<feat xlink:href="#sTok713" value="JJ"/>
		<feat xlink:href="#sTok714" value="NN"/>
		<feat xlink:href="#sTok715" value="NN"/>
		<feat xlink:href="#sTok716" value=","/>
		<feat xlink:href="#sTok717" value="WDT"/>
		<feat xlink:href="#sTok718" value="MD"/>
		<feat xlink:href="#sTok719" value="RB"/>
		<feat xlink:href="#sTok720" value="CC"/>
		<feat xlink:href="#sTok721" value="RB"/>
		<feat xlink:href="#sTok722" value="VV"/>
		<feat xlink:href="#sTok723" value="DT"/>
		<feat xlink:href="#sTok724" value="JJ"/>
		<feat xlink:href="#sTok725" value="NN"/>
		<feat xlink:href="#sTok726" value="IN"/>
		<feat xlink:href="#sTok727" value="DT"/>
		<feat xlink:href="#sTok728" value="JJ"/>
		<feat xlink:href="#sTok729" value="NN"/>
		<feat xlink:href="#sTok730" value="VVG"/>
		<feat xlink:href="#sTok731" value="JJ"/>
		<feat xlink:href="#sTok732" value="NNS"/>
		<feat xlink:href="#sTok733" value="JJ"/>
		<feat xlink:href="#sTok734" value="IN"/>
		<feat xlink:href="#sTok735" value="DT"/>
		<feat xlink:href="#sTok736" value="JJ"/>
		<feat xlink:href="#sTok737" value="NP"/>
		<feat xlink:href="#sTok738" value="NP"/>
		<feat xlink:href="#sTok739" value="NP"/>
		<feat xlink:href="#sTok740" value="SENT"/>
		<feat xlink:href="#sTok741" value="DT"/>
		<feat xlink:href="#sTok742" value="NN"/>
		<feat xlink:href="#sTok743" value="VBZ"/>
		<feat xlink:href="#sTok744" value="JJ"/>
		<feat xlink:href="#sTok745" value="CC"/>
		<feat xlink:href="#sTok746" value="JJ"/>
		<feat xlink:href="#sTok747" value=","/>
		<feat xlink:href="#sTok748" value="CC"/>
		<feat xlink:href="#sTok749" value="PP"/>
		<feat xlink:href="#sTok750" value="MD"/>
		<feat xlink:href="#sTok751" value="VB"/>
		<feat xlink:href="#sTok752" value="VVN"/>
		<feat xlink:href="#sTok753" value="IN"/>
		<feat xlink:href="#sTok754" value="DT"/>
		<feat xlink:href="#sTok755" value="JJ"/>
		<feat xlink:href="#sTok756" value="NN"/>
		<feat xlink:href="#sTok757" value="CC"/>
		<feat xlink:href="#sTok758" value="VVN"/>
		<feat xlink:href="#sTok759" value="IN"/>
		<feat xlink:href="#sTok760" value="JJ"/>
		<feat xlink:href="#sTok761" value="NN"/>
		<feat xlink:href="#sTok762" value="SENT"/>
		<feat xlink:href="#sTok763" value="DT"/>
		<feat xlink:href="#sTok764" value="NN"/>
		<feat xlink:href="#sTok765" value="VBZ"/>
		<feat xlink:href="#sTok766" value="JJ"/>
		<feat xlink:href="#sTok767" value="IN"/>
		<feat xlink:href="#sTok768" value="VVG"/>
		<feat xlink:href="#sTok769" value="NN"/>
		<feat xlink:href="#sTok770" value="NNS"/>
		<feat xlink:href="#sTok771" value="IN"/>
		<feat xlink:href="#sTok772" value="DT"/>
		<feat xlink:href="#sTok773" value="JJ"/>
		<feat xlink:href="#sTok774" value="JJ"/>
		<feat xlink:href="#sTok775" value="NN"/>
		<feat xlink:href="#sTok776" value="IN"/>
		<feat xlink:href="#sTok777" value="RB"/>
		<feat xlink:href="#sTok778" value="DT"/>
		<feat xlink:href="#sTok779" value="JJ"/>
		<feat xlink:href="#sTok780" value="NNS"/>
		<feat xlink:href="#sTok781" value="VVG"/>
		<feat xlink:href="#sTok782" value="JJ"/>
		<feat xlink:href="#sTok783" value="NN"/>
		<feat xlink:href="#sTok784" value="NN"/>
		<feat xlink:href="#sTok785" value=","/>
		<feat xlink:href="#sTok786" value="DT"/>
		<feat xlink:href="#sTok787" value="JJ"/>
		<feat xlink:href="#sTok788" value="NN"/>
		<feat xlink:href="#sTok789" value="IN"/>
		<feat xlink:href="#sTok790" value="DT"/>
		<feat xlink:href="#sTok791" value="RB"/>
		<feat xlink:href="#sTok792" value="CD"/>
		<feat xlink:href="#sTok793" value="NNS"/>
		<feat xlink:href="#sTok794" value="VVN"/>
		<feat xlink:href="#sTok795" value="TO"/>
		<feat xlink:href="#sTok796" value="VV"/>
		<feat xlink:href="#sTok797" value="DT"/>
		<feat xlink:href="#sTok798" value="NN"/>
		<feat xlink:href="#sTok799" value="IN"/>
		<feat xlink:href="#sTok800" value="NN"/>
		<feat xlink:href="#sTok801" value="("/>
		<feat xlink:href="#sTok802" value="CD"/>
		<feat xlink:href="#sTok803" value=")"/>
		<feat xlink:href="#sTok804" value="SENT"/>
		<feat xlink:href="#sTok805" value="IN"/>
		<feat xlink:href="#sTok806" value="VVG"/>
		<feat xlink:href="#sTok807" value="DT"/>
		<feat xlink:href="#sTok808" value="JJ"/>
		<feat xlink:href="#sTok809" value="NN"/>
		<feat xlink:href="#sTok810" value="IN"/>
		<feat xlink:href="#sTok811" value="DT"/>
		<feat xlink:href="#sTok812" value="JJ"/>
		<feat xlink:href="#sTok813" value="NN"/>
		<feat xlink:href="#sTok814" value="IN"/>
		<feat xlink:href="#sTok815" value="JJ"/>
		<feat xlink:href="#sTok816" value="NN"/>
		<feat xlink:href="#sTok817" value="RB"/>
		<feat xlink:href="#sTok818" value=","/>
		<feat xlink:href="#sTok819" value="DT"/>
		<feat xlink:href="#sTok820" value="NN"/>
		<feat xlink:href="#sTok821" value="MD"/>
		<feat xlink:href="#sTok822" value="VV"/>
		<feat xlink:href="#sTok823" value="JJ"/>
		<feat xlink:href="#sTok824" value="NN"/>
		<feat xlink:href="#sTok825" value="IN"/>
		<feat xlink:href="#sTok826" value="DT"/>
		<feat xlink:href="#sTok827" value="NN"/>
		<feat xlink:href="#sTok828" value="IN"/>
		<feat xlink:href="#sTok829" value="JJ"/>
		<feat xlink:href="#sTok830" value="NNS"/>
		<feat xlink:href="#sTok831" value="IN"/>
		<feat xlink:href="#sTok832" value="VVG"/>
		<feat xlink:href="#sTok833" value="NN"/>
		<feat xlink:href="#sTok834" value="IN"/>
		<feat xlink:href="#sTok835" value="JJ"/>
		<feat xlink:href="#sTok836" value="NN"/>
		<feat xlink:href="#sTok837" value="NNS"/>
		<feat xlink:href="#sTok838" value=","/>
		<feat xlink:href="#sTok839" value="IN"/>
		<feat xlink:href="#sTok840" value="VHG"/>
		<feat xlink:href="#sTok841" value="TO"/>
		<feat xlink:href="#sTok842" value="VV"/>
		<feat xlink:href="#sTok843" value="IN"/>
		<feat xlink:href="#sTok844" value="NNS"/>
		<feat xlink:href="#sTok845" value="CC"/>
		<feat xlink:href="#sTok846" value="JJ"/>
		<feat xlink:href="#sTok847" value="NNS"/>
		<feat xlink:href="#sTok848" value="SENT"/>
		<feat xlink:href="#sTok849" value="DT"/>
		<feat xlink:href="#sTok850" value="NN"/>
		<feat xlink:href="#sTok851" value="MD"/>
		<feat xlink:href="#sTok852" value="RB"/>
		<feat xlink:href="#sTok853" value="VB"/>
		<feat xlink:href="#sTok854" value="VVN"/>
		<feat xlink:href="#sTok855" value="RB"/>
		<feat xlink:href="#sTok856" value="TO"/>
		<feat xlink:href="#sTok857" value="VV"/>
		<feat xlink:href="#sTok858" value="WRB"/>
		<feat xlink:href="#sTok859" value="DT"/>
		<feat xlink:href="#sTok860" value="NN"/>
		<feat xlink:href="#sTok861" value="POS"/>
		<feat xlink:href="#sTok862" value="NN"/>
		<feat xlink:href="#sTok863" value="VVZ"/>
		<feat xlink:href="#sTok864" value="IN"/>
		<feat xlink:href="#sTok865" value="NN"/>
		<feat xlink:href="#sTok866" value=","/>
		<feat xlink:href="#sTok867" value="WDT"/>
		<feat xlink:href="#sTok868" value="VBZ"/>
		<feat xlink:href="#sTok869" value="RB"/>
		<feat xlink:href="#sTok870" value="JJ"/>
		<feat xlink:href="#sTok871" value="IN"/>
		<feat xlink:href="#sTok872" value="VVG"/>
		<feat xlink:href="#sTok873" value="DT"/>
		<feat xlink:href="#sTok874" value="NN"/>
		<feat xlink:href="#sTok875" value="IN"/>
		<feat xlink:href="#sTok876" value="NNS"/>
		<feat xlink:href="#sTok877" value="VVN"/>
		<feat xlink:href="#sTok878" value="TO"/>
		<feat xlink:href="#sTok879" value="VV"/>
		<feat xlink:href="#sTok880" value="NN"/>
		<feat xlink:href="#sTok881" value="CC"/>
		<feat xlink:href="#sTok882" value="VV"/>
		<feat xlink:href="#sTok883" value="NN"/>
		<feat xlink:href="#sTok884" value="IN"/>
		<feat xlink:href="#sTok885" value="NN"/>
		<feat xlink:href="#sTok886" value="SENT"/>
		<feat xlink:href="#sTok887" value="RB"/>
		<feat xlink:href="#sTok888" value=","/>
		<feat xlink:href="#sTok889" value="VVN"/>
		<feat xlink:href="#sTok890" value="IN"/>
		<feat xlink:href="#sTok891" value="JJ"/>
		<feat xlink:href="#sTok892" value="JJ"/>
		<feat xlink:href="#sTok893" value="NNS"/>
		<feat xlink:href="#sTok894" value="IN"/>
		<feat xlink:href="#sTok895" value="NN"/>
		<feat xlink:href="#sTok896" value=","/>
		<feat xlink:href="#sTok897" value="DT"/>
		<feat xlink:href="#sTok898" value="NN"/>
		<feat xlink:href="#sTok899" value="MD"/>
		<feat xlink:href="#sTok900" value="VV"/>
		<feat xlink:href="#sTok901" value="NNS"/>
		<feat xlink:href="#sTok902" value="POS"/>
		<feat xlink:href="#sTok903" value="NN"/>
		<feat xlink:href="#sTok904" value="IN"/>
		<feat xlink:href="#sTok905" value="JJ"/>
		<feat xlink:href="#sTok906" value="NNS"/>
		<feat xlink:href="#sTok907" value="CC"/>
		<feat xlink:href="#sTok908" value="VV"/>
		<feat xlink:href="#sTok909" value="DT"/>
		<feat xlink:href="#sTok910" value="NN"/>
		<feat xlink:href="#sTok911" value="NNS"/>
		<feat xlink:href="#sTok912" value="IN"/>
		<feat xlink:href="#sTok913" value="JJ"/>
		<feat xlink:href="#sTok914" value="NNS"/>
		<feat xlink:href="#sTok915" value="SENT"/>
		<feat xlink:href="#sTok916" value="IN"/>
		<feat xlink:href="#sTok917" value="JJ"/>
		<feat xlink:href="#sTok918" value=","/>
		<feat xlink:href="#sTok919" value="JJ"/>
		<feat xlink:href="#sTok920" value="JJ"/>
		<feat xlink:href="#sTok921" value="NN"/>
		<feat xlink:href="#sTok922" value="NNS"/>
		<feat xlink:href="#sTok923" value="MD"/>
		<feat xlink:href="#sTok924" value="VV"/>
		<feat xlink:href="#sTok925" value="IN"/>
		<feat xlink:href="#sTok926" value="DT"/>
		<feat xlink:href="#sTok927" value="NN"/>
		<feat xlink:href="#sTok928" value="IN"/>
		<feat xlink:href="#sTok929" value="JJ"/>
		<feat xlink:href="#sTok930" value="CC"/>
		<feat xlink:href="#sTok931" value="JJ"/>
		<feat xlink:href="#sTok932" value="NN"/>
		<feat xlink:href="#sTok933" value="NNS"/>
		<feat xlink:href="#sTok934" value="SENT"/>
		<feat xlink:href="#sTok935" value="PP$"/>
		<feat xlink:href="#sTok936" value="NN"/>
		<feat xlink:href="#sTok937" value="VBZ"/>
		<feat xlink:href="#sTok938" value="VVN"/>
		<feat xlink:href="#sTok939" value="IN"/>
		<feat xlink:href="#sTok940" value="VVZ"/>
		<feat xlink:href="#sTok941" value="SENT"/>
		<feat xlink:href="#sTok942" value="PP"/>
		<feat xlink:href="#sTok943" value="VVP"/>
		<feat xlink:href="#sTok944" value="IN"/>
		<feat xlink:href="#sTok945" value="VVG"/>
		<feat xlink:href="#sTok946" value="DT"/>
		<feat xlink:href="#sTok947" value="NN"/>
		<feat xlink:href="#sTok948" value="CC"/>
		<feat xlink:href="#sTok949" value="NN"/>
		<feat xlink:href="#sTok950" value="IN"/>
		<feat xlink:href="#sTok951" value="PP$"/>
		<feat xlink:href="#sTok952" value="NN"/>
		<feat xlink:href="#sTok953" value="NN"/>
		<feat xlink:href="#sTok954" value="NN"/>
		<feat xlink:href="#sTok955" value="SENT"/>
		<feat xlink:href="#sTok956" value="RB"/>
		<feat xlink:href="#sTok957" value=","/>
		<feat xlink:href="#sTok958" value="PP"/>
		<feat xlink:href="#sTok959" value="VVP"/>
		<feat xlink:href="#sTok960" value="DT"/>
		<feat xlink:href="#sTok961" value="NNS"/>
		<feat xlink:href="#sTok962" value="IN"/>
		<feat xlink:href="#sTok963" value="PP$"/>
		<feat xlink:href="#sTok964" value="NN"/>
		<feat xlink:href="#sTok965" value="IN"/>
		<feat xlink:href="#sTok966" value="CD"/>
		<feat xlink:href="#sTok967" value="NNS"/>
		<feat xlink:href="#sTok968" value="SENT"/>
		<feat xlink:href="#sTok969" value="DT"/>
		<feat xlink:href="#sTok970" value="JJ"/>
		<feat xlink:href="#sTok971" value="VVZ"/>
		<feat xlink:href="#sTok972" value="DT"/>
		<feat xlink:href="#sTok973" value="NN"/>
		<feat xlink:href="#sTok974" value="CC"/>
		<feat xlink:href="#sTok975" value="NN"/>
		<feat xlink:href="#sTok976" value="IN"/>
		<feat xlink:href="#sTok977" value="DT"/>
		<feat xlink:href="#sTok978" value="NN"/>
		<feat xlink:href="#sTok979" value="IN"/>
		<feat xlink:href="#sTok980" value="VVG"/>
		<feat xlink:href="#sTok981" value="NN"/>
		<feat xlink:href="#sTok982" value="NNS"/>
		<feat xlink:href="#sTok983" value="IN"/>
		<feat xlink:href="#sTok984" value="DT"/>
		<feat xlink:href="#sTok985" value="NN"/>
		<feat xlink:href="#sTok986" value="IN"/>
		<feat xlink:href="#sTok987" value="NN"/>
		<feat xlink:href="#sTok988" value="NN"/>
		<feat xlink:href="#sTok989" value="CC"/>
		<feat xlink:href="#sTok990" value="VVG"/>
		<feat xlink:href="#sTok991" value="PP"/>
		<feat xlink:href="#sTok992" value="IN"/>
		<feat xlink:href="#sTok993" value="DT"/>
		<feat xlink:href="#sTok994" value="JJ"/>
		<feat xlink:href="#sTok995" value="NN"/>
		<feat xlink:href="#sTok996" value=","/>
		<feat xlink:href="#sTok997" value="VVN"/>
		<feat xlink:href="#sTok998" value="IN"/>
		<feat xlink:href="#sTok999" value="CD"/>
		<feat xlink:href="#sTok1000" value="("/>
		<feat xlink:href="#sTok1001" value="CD"/>
		<feat xlink:href="#sTok1002" value=")"/>
		<feat xlink:href="#sTok1003" value="SENT"/>
		<feat xlink:href="#sTok1004" value="DT"/>
		<feat xlink:href="#sTok1005" value="NN"/>
		<feat xlink:href="#sTok1006" value="VVZ"/>
		<feat xlink:href="#sTok1007" value="DT"/>
		<feat xlink:href="#sTok1008" value="NN"/>
		<feat xlink:href="#sTok1009" value="IN"/>
		<feat xlink:href="#sTok1010" value="DT"/>
		<feat xlink:href="#sTok1011" value="NN"/>
		<feat xlink:href="#sTok1012" value="IN"/>
		<feat xlink:href="#sTok1013" value="NN"/>
		<feat xlink:href="#sTok1014" value="VVN"/>
		<feat xlink:href="#sTok1015" value="IN"/>
		<feat xlink:href="#sTok1016" value="PP$"/>
		<feat xlink:href="#sTok1017" value="NN"/>
		<feat xlink:href="#sTok1018" value="CC"/>
		<feat xlink:href="#sTok1019" value="VVZ"/>
		<feat xlink:href="#sTok1020" value="DT"/>
		<feat xlink:href="#sTok1021" value="CD"/>
		<feat xlink:href="#sTok1022" value="CC"/>
		<feat xlink:href="#sTok1023" value="CD"/>
		<feat xlink:href="#sTok1024" value="NNS"/>
		<feat xlink:href="#sTok1025" value="TO"/>
		<feat xlink:href="#sTok1026" value="VV"/>
		<feat xlink:href="#sTok1027" value="DT"/>
		<feat xlink:href="#sTok1028" value="``"/>
		<feat xlink:href="#sTok1029" value="JJ"/>
		<feat xlink:href="#sTok1030" value="NN"/>
		<feat xlink:href="#sTok1031" value="''"/>
		<feat xlink:href="#sTok1032" value="NN"/>
		<feat xlink:href="#sTok1033" value="IN"/>
		<feat xlink:href="#sTok1034" value="NN"/>
		<feat xlink:href="#sTok1035" value="NN"/>
		<feat xlink:href="#sTok1036" value="SENT"/></featList></paula>