<?xml version='1.0' encoding='UTF-8'?><!DOCTYPE paula SYSTEM "paula_feat.dtd">
<paula version="1.1">
	<header paula_id="GUM_academic_census.tok_mseg"/>
	<featList xmlns:xlink="http://www.w3.org/1999/xlink" type="mseg" xml:base="GUM_academic_census.tok.xml">
		<feat xlink:href="#sTok1" value="_"/>
		<feat xlink:href="#sTok2" value="Introduc-tion"/>
		<feat xlink:href="#sTok2" value="Introduc-tion"/>
		<feat xlink:href="#sTok3" value="Tenur-ed"/>
		<feat xlink:href="#sTok3" value="Tenur-ed"/>
		<feat xlink:href="#sTok4" value="_"/>
		<feat xlink:href="#sTok5" value="_"/>
		<feat xlink:href="#sTok6" value="_"/>
		<feat xlink:href="#sTok7" value="_"/>
		<feat xlink:href="#sTok8" value="univers-ity"/>
		<feat xlink:href="#sTok8" value="univers-ity"/>
		<feat xlink:href="#sTok9" value="_"/>
		<feat xlink:href="#sTok10" value="_"/>
		<feat xlink:href="#sTok11" value="_"/>
		<feat xlink:href="#sTok12" value="_"/>
		<feat xlink:href="#sTok13" value="_"/>
		<feat xlink:href="#sTok14" value="_"/>
		<feat xlink:href="#sTok15" value="determin-ing"/>
		<feat xlink:href="#sTok15" value="determin-ing"/>
		<feat xlink:href="#sTok16" value="_"/>
		<feat xlink:href="#sTok17" value="_"/>
		<feat xlink:href="#sTok18" value="_"/>
		<feat xlink:href="#sTok19" value="direct-ion"/>
		<feat xlink:href="#sTok19" value="direct-ion"/>
		<feat xlink:href="#sTok20" value="_"/>
		<feat xlink:href="#sTok21" value="scient-ific"/>
		<feat xlink:href="#sTok21" value="scient-ific"/>
		<feat xlink:href="#sTok22" value="_"/>
		<feat xlink:href="#sTok23" value="_"/>
		<feat xlink:href="#sTok24" value="_"/>
		<feat xlink:href="#sTok25" value="direct-ly"/>
		<feat xlink:href="#sTok25" value="direct-ly"/>
		<feat xlink:href="#sTok26" value="_"/>
		<feat xlink:href="#sTok27" value="_"/>
		<feat xlink:href="#sTok28" value="_"/>
		<feat xlink:href="#sTok29" value="_"/>
		<feat xlink:href="#sTok30" value="in-direct-ly"/>
		<feat xlink:href="#sTok30" value="in-direct-ly"/>
		<feat xlink:href="#sTok31" value="_"/>
		<feat xlink:href="#sTok32" value="_"/>
		<feat xlink:href="#sTok33" value="train-ing"/>
		<feat xlink:href="#sTok33" value="train-ing"/>
		<feat xlink:href="#sTok34" value="_"/>
		<feat xlink:href="#sTok35" value="_"/>
		<feat xlink:href="#sTok36" value="research-er-s"/>
		<feat xlink:href="#sTok36" value="research-er-s"/>
		<feat xlink:href="#sTok37" value="_"/>
		<feat xlink:href="#sTok38" value="_"/>
		<feat xlink:href="#sTok39" value="studie-s"/>
		<feat xlink:href="#sTok39" value="studie-s"/>
		<feat xlink:href="#sTok40" value="_"/>
		<feat xlink:href="#sTok41" value="_"/>
		<feat xlink:href="#sTok42" value="_"/>
		<feat xlink:href="#sTok43" value="_"/>
		<feat xlink:href="#sTok44" value="_"/>
		<feat xlink:href="#sTok45" value="effort-s"/>
		<feat xlink:href="#sTok45" value="effort-s"/>
		<feat xlink:href="#sTok46" value="_"/>
		<feat xlink:href="#sTok47" value="strong-ly"/>
		<feat xlink:href="#sTok47" value="strong-ly"/>
		<feat xlink:href="#sTok48" value="_"/>
		<feat xlink:href="#sTok49" value="positive-ly"/>
		<feat xlink:href="#sTok49" value="positive-ly"/>
		<feat xlink:href="#sTok50" value="influenc-ed"/>
		<feat xlink:href="#sTok50" value="influenc-ed"/>
		<feat xlink:href="#sTok51" value="_"/>
		<feat xlink:href="#sTok52" value="vari-ous"/>
		<feat xlink:href="#sTok52" value="vari-ous"/>
		<feat xlink:href="#sTok53" value="form-s"/>
		<feat xlink:href="#sTok53" value="form-s"/>
		<feat xlink:href="#sTok54" value="_"/>
		<feat xlink:href="#sTok55" value="_"/>
		<feat xlink:href="#sTok56" value="divers-ity"/>
		<feat xlink:href="#sTok56" value="divers-ity"/>
		<feat xlink:href="#sTok57" value="_"/>
		<feat xlink:href="#sTok58" value="includ-ing"/>
		<feat xlink:href="#sTok58" value="includ-ing"/>
		<feat xlink:href="#sTok59" value="ethn-ic"/>
		<feat xlink:href="#sTok59" value="ethn-ic"/>
		<feat xlink:href="#sTok60" value="_"/>
		<feat xlink:href="#sTok61" value="rac-ial"/>
		<feat xlink:href="#sTok61" value="rac-ial"/>
		<feat xlink:href="#sTok62" value="_"/>
		<feat xlink:href="#sTok63" value="_"/>
		<feat xlink:href="#sTok64" value="_"/>
		<feat xlink:href="#sTok65" value="divers-ity"/>
		<feat xlink:href="#sTok65" value="divers-ity"/>
		<feat xlink:href="#sTok66" value="_"/>
		<feat xlink:href="#sTok67" value="_"/>
		<feat xlink:href="#sTok68" value="_"/>
		<feat xlink:href="#sTok69" value="_"/>
		<feat xlink:href="#sTok70" value="_"/>
		<feat xlink:href="#sTok71" value="_"/>
		<feat xlink:href="#sTok72" value="show-s"/>
		<feat xlink:href="#sTok72" value="show-s"/>
		<feat xlink:href="#sTok73" value="_"/>
		<feat xlink:href="#sTok74" value="great-er"/>
		<feat xlink:href="#sTok74" value="great-er"/>
		<feat xlink:href="#sTok75" value="divers-ity"/>
		<feat xlink:href="#sTok75" value="divers-ity"/>
		<feat xlink:href="#sTok76" value="with-in"/>
		<feat xlink:href="#sTok76" value="with-in"/>
		<feat xlink:href="#sTok77" value="_"/>
		<feat xlink:href="#sTok78" value="commun-ity"/>
		<feat xlink:href="#sTok78" value="commun-ity"/>
		<feat xlink:href="#sTok79" value="_"/>
		<feat xlink:href="#sTok80" value="_"/>
		<feat xlink:href="#sTok81" value="_"/>
		<feat xlink:href="#sTok82" value="_"/>
		<feat xlink:href="#sTok83" value="_"/>
		<feat xlink:href="#sTok84" value="improv-ed"/>
		<feat xlink:href="#sTok84" value="improv-ed"/>
		<feat xlink:href="#sTok85" value="critic-al"/>
		<feat xlink:href="#sTok85" value="critic-al"/>
		<feat xlink:href="#sTok86" value="think-ing"/>
		<feat xlink:href="#sTok86" value="think-ing"/>
		<feat xlink:href="#sTok87" value="_"/>
		<feat xlink:href="#sTok88" value="_"/>
		<feat xlink:href="#sTok89" value="_"/>
		<feat xlink:href="#sTok90" value="_"/>
		<feat xlink:href="#sTok91" value="_"/>
		<feat xlink:href="#sTok92" value="creat-ive"/>
		<feat xlink:href="#sTok92" value="creat-ive"/>
		<feat xlink:href="#sTok93" value="solution-s"/>
		<feat xlink:href="#sTok93" value="solution-s"/>
		<feat xlink:href="#sTok94" value="_"/>
		<feat xlink:href="#sTok95" value="_"/>
		<feat xlink:href="#sTok96" value="task-s"/>
		<feat xlink:href="#sTok96" value="task-s"/>
		<feat xlink:href="#sTok97" value="_"/>
		<feat xlink:href="#sTok98" value="_"/>
		<feat xlink:href="#sTok99" value="_"/>
		<feat xlink:href="#sTok100" value="_"/>
		<feat xlink:href="#sTok101" value="_"/>
		<feat xlink:href="#sTok102" value="_"/>
		<feat xlink:href="#sTok103" value="pair-ing"/>
		<feat xlink:href="#sTok103" value="pair-ing"/>
		<feat xlink:href="#sTok104" value="_"/>
		<feat xlink:href="#sTok105" value="individual-s"/>
		<feat xlink:href="#sTok105" value="individual-s"/>
		<feat xlink:href="#sTok106" value="_"/>
		<feat xlink:href="#sTok107" value="_"/>
		<feat xlink:href="#sTok108" value="skillset-s"/>
		<feat xlink:href="#sTok108" value="skillset-s"/>
		<feat xlink:href="#sTok109" value="_"/>
		<feat xlink:href="#sTok110" value="perspective-s"/>
		<feat xlink:href="#sTok110" value="perspective-s"/>
		<feat xlink:href="#sTok111" value="_"/>
		<feat xlink:href="#sTok112" value="_"/>
		<feat xlink:href="#sTok113" value="_"/>
		<feat xlink:href="#sTok114" value="_"/>
		<feat xlink:href="#sTok115" value="_"/>
		<feat xlink:href="#sTok116" value="_"/>
		<feat xlink:href="#sTok117" value="abilitie-s"/>
		<feat xlink:href="#sTok117" value="abilitie-s"/>
		<feat xlink:href="#sTok118" value="_"/>
		<feat xlink:href="#sTok119" value="_"/>
		<feat xlink:href="#sTok120" value="pe-er-s"/>
		<feat xlink:href="#sTok120" value="pe-er-s"/>
		<feat xlink:href="#sTok121" value="_"/>
		<feat xlink:href="#sTok122" value="Add-ition-al-ly"/>
		<feat xlink:href="#sTok122" value="Add-ition-al-ly"/>
		<feat xlink:href="#sTok123" value="_"/>
		<feat xlink:href="#sTok124" value="divers-ity"/>
		<feat xlink:href="#sTok124" value="divers-ity"/>
		<feat xlink:href="#sTok125" value="ha-s"/>
		<feat xlink:href="#sTok125" value="ha-s"/>
		<feat xlink:href="#sTok126" value="_"/>
		<feat xlink:href="#sTok127" value="show-n"/>
		<feat xlink:href="#sTok127" value="show-n"/>
		<feat xlink:href="#sTok128" value="_"/>
		<feat xlink:href="#sTok129" value="_"/>
		<feat xlink:href="#sTok130" value="_"/>
		<feat xlink:href="#sTok131" value="support-ive"/>
		<feat xlink:href="#sTok131" value="support-ive"/>
		<feat xlink:href="#sTok132" value="soci-al"/>
		<feat xlink:href="#sTok132" value="soci-al"/>
		<feat xlink:href="#sTok133" value="climate-s"/>
		<feat xlink:href="#sTok133" value="climate-s"/>
		<feat xlink:href="#sTok134" value="_"/>
		<feat xlink:href="#sTok135" value="effect-ive"/>
		<feat xlink:href="#sTok135" value="effect-ive"/>
		<feat xlink:href="#sTok136" value="learn-ing"/>
		<feat xlink:href="#sTok136" value="learn-ing"/>
		<feat xlink:href="#sTok137" value="environ-ment-s"/>
		<feat xlink:href="#sTok137" value="environ-ment-s"/>
		<feat xlink:href="#sTok138" value="_"/>
		<feat xlink:href="#sTok139" value="_"/>
		<feat xlink:href="#sTok140" value="_"/>
		<feat xlink:href="#sTok141" value="_"/>
		<feat xlink:href="#sTok142" value="_"/>
		<feat xlink:href="#sTok143" value="_"/>
		<feat xlink:href="#sTok144" value="facilit-ate"/>
		<feat xlink:href="#sTok144" value="facilit-ate"/>
		<feat xlink:href="#sTok145" value="_"/>
		<feat xlink:href="#sTok146" value="mentor-ing"/>
		<feat xlink:href="#sTok146" value="mentor-ing"/>
		<feat xlink:href="#sTok147" value="_"/>
		<feat xlink:href="#sTok148" value="_"/>
		<feat xlink:href="#sTok149" value="scient-ist-s"/>
		<feat xlink:href="#sTok149" value="scient-ist-s"/>
		<feat xlink:href="#sTok150" value="_"/>
		<feat xlink:href="#sTok151" value="De-spite"/>
		<feat xlink:href="#sTok151" value="De-spite"/>
		<feat xlink:href="#sTok152" value="_"/>
		<feat xlink:href="#sTok153" value="_"/>
		<feat xlink:href="#sTok154" value="effect-s"/>
		<feat xlink:href="#sTok154" value="effect-s"/>
		<feat xlink:href="#sTok155" value="_"/>
		<feat xlink:href="#sTok156" value="how-ever"/>
		<feat xlink:href="#sTok156" value="how-ever"/>
		<feat xlink:href="#sTok157" value="_"/>
		<feat xlink:href="#sTok158" value="quant-ify-ing"/>
		<feat xlink:href="#sTok158" value="quant-ify-ing"/>
		<feat xlink:href="#sTok159" value="_"/>
		<feat xlink:href="#sTok160" value="_"/>
		<feat xlink:href="#sTok161" value="_"/>
		<feat xlink:href="#sTok162" value="divers-ity"/>
		<feat xlink:href="#sTok162" value="divers-ity"/>
		<feat xlink:href="#sTok163" value="_"/>
		<feat xlink:href="#sTok164" value="_"/>
		<feat xlink:href="#sTok165" value="remain-s"/>
		<feat xlink:href="#sTok165" value="remain-s"/>
		<feat xlink:href="#sTok166" value="exceed-ing-ly"/>
		<feat xlink:href="#sTok166" value="exceed-ing-ly"/>
		<feat xlink:href="#sTok167" value="_"/>
		<feat xlink:href="#sTok168" value="_"/>
		<feat xlink:href="#sTok169" value="_"/>
		<feat xlink:href="#sTok170" value="_"/>
		<feat xlink:href="#sTok171" value="_"/>
		<feat xlink:href="#sTok172" value="_"/>
		<feat xlink:href="#sTok173" value="_"/>
		<feat xlink:href="#sTok174" value="_"/>
		<feat xlink:href="#sTok175" value="_"/>
		<feat xlink:href="#sTok176" value="_"/>
		<feat xlink:href="#sTok177" value="comprehens-ive"/>
		<feat xlink:href="#sTok177" value="comprehens-ive"/>
		<feat xlink:href="#sTok178" value="_"/>
		<feat xlink:href="#sTok179" value="_"/>
		<feat xlink:href="#sTok180" value="_"/>
		<feat xlink:href="#sTok181" value="scient-ific"/>
		<feat xlink:href="#sTok181" value="scient-ific"/>
		<feat xlink:href="#sTok182" value="_"/>
		<feat xlink:href="#sTok183" value="_"/>
		<feat xlink:href="#sTok184" value="Measur-ing"/>
		<feat xlink:href="#sTok184" value="Measur-ing"/>
		<feat xlink:href="#sTok185" value="_"/>
		<feat xlink:href="#sTok186" value="composit-ion"/>
		<feat xlink:href="#sTok186" value="composit-ion"/>
		<feat xlink:href="#sTok187" value="_"/>
		<feat xlink:href="#sTok188" value="dynamic-s"/>
		<feat xlink:href="#sTok188" value="dynamic-s"/>
		<feat xlink:href="#sTok189" value="_"/>
		<feat xlink:href="#sTok190" value="_"/>
		<feat xlink:href="#sTok191" value="scient-ific"/>
		<feat xlink:href="#sTok191" value="scient-ific"/>
		<feat xlink:href="#sTok192" value="_"/>
		<feat xlink:href="#sTok193" value="_"/>
		<feat xlink:href="#sTok194" value="part-ic-ul-ar-ly"/>
		<feat xlink:href="#sTok194" value="part-ic-ul-ar-ly"/>
		<feat xlink:href="#sTok195" value="_"/>
		<feat xlink:href="#sTok196" value="_"/>
		<feat xlink:href="#sTok197" value="rapid-ly"/>
		<feat xlink:href="#sTok197" value="rapid-ly"/>
		<feat xlink:href="#sTok198" value="expand-ing"/>
		<feat xlink:href="#sTok198" value="expand-ing"/>
		<feat xlink:href="#sTok199" value="_"/>
		<feat xlink:href="#sTok200" value="_"/>
		<feat xlink:href="#sTok201" value="comput-er"/>
		<feat xlink:href="#sTok201" value="comput-er"/>
		<feat xlink:href="#sTok202" value="_"/>
		<feat xlink:href="#sTok203" value="_"/>
		<feat xlink:href="#sTok204" value="_"/>
		<feat xlink:href="#sTok205" value="_"/>
		<feat xlink:href="#sTok206" value="cruc-ial"/>
		<feat xlink:href="#sTok206" value="cruc-ial"/>
		<feat xlink:href="#sTok207" value="_"/>
		<feat xlink:href="#sTok208" value="_"/>
		<feat xlink:href="#sTok209" value="to-ward"/>
		<feat xlink:href="#sTok209" value="to-ward"/>
		<feat xlink:href="#sTok210" value="under-stand-ing"/>
		<feat xlink:href="#sTok210" value="under-stand-ing"/>
		<feat xlink:href="#sTok211" value="_"/>
		<feat xlink:href="#sTok212" value="scholar-ly"/>
		<feat xlink:href="#sTok212" value="scholar-ly"/>
		<feat xlink:href="#sTok213" value="_"/>
		<feat xlink:href="#sTok214" value="_"/>
		<feat xlink:href="#sTok215" value="conduct-ed"/>
		<feat xlink:href="#sTok215" value="conduct-ed"/>
		<feat xlink:href="#sTok216" value="_"/>
		<feat xlink:href="#sTok217" value="_"/>
		<feat xlink:href="#sTok218" value="_"/>
		<feat xlink:href="#sTok219" value="_"/>
		<feat xlink:href="#sTok220" value="_"/>
		<feat xlink:href="#sTok221" value="enhanc-ed"/>
		<feat xlink:href="#sTok221" value="enhanc-ed"/>
		<feat xlink:href="#sTok222" value="_"/>
		<feat xlink:href="#sTok223" value="_"/>
		<feat xlink:href="#sTok224" value="_"/>
		<feat xlink:href="#sTok225" value="scient-ific"/>
		<feat xlink:href="#sTok225" value="scient-ific"/>
		<feat xlink:href="#sTok226" value="field-s"/>
		<feat xlink:href="#sTok226" value="field-s"/>
		<feat xlink:href="#sTok227" value="_"/>
		<feat xlink:href="#sTok228" value="how-ever"/>
		<feat xlink:href="#sTok228" value="how-ever"/>
		<feat xlink:href="#sTok229" value="_"/>
		<feat xlink:href="#sTok230" value="_"/>
		<feat xlink:href="#sTok231" value="_"/>
		<feat xlink:href="#sTok232" value="_"/>
		<feat xlink:href="#sTok233" value="centr-al"/>
		<feat xlink:href="#sTok233" value="centr-al"/>
		<feat xlink:href="#sTok234" value="list-ing"/>
		<feat xlink:href="#sTok234" value="list-ing"/>
		<feat xlink:href="#sTok235" value="_"/>
		<feat xlink:href="#sTok236" value="_"/>
		<feat xlink:href="#sTok237" value="_"/>
		<feat xlink:href="#sTok238" value="_"/>
		<feat xlink:href="#sTok239" value="_"/>
		<feat xlink:href="#sTok240" value="_"/>
		<feat xlink:href="#sTok241" value="_"/>
		<feat xlink:href="#sTok242" value="mak-ing"/>
		<feat xlink:href="#sTok242" value="mak-ing"/>
		<feat xlink:href="#sTok243" value="_"/>
		<feat xlink:href="#sTok244" value="_"/>
		<feat xlink:href="#sTok245" value="_"/>
		<feat xlink:href="#sTok246" value="_"/>
		<feat xlink:href="#sTok247" value="_"/>
		<feat xlink:href="#sTok248" value="rigor-ous"/>
		<feat xlink:href="#sTok248" value="rigor-ous"/>
		<feat xlink:href="#sTok249" value="_"/>
		<feat xlink:href="#sTok250" value="_"/>
		<feat xlink:href="#sTok251" value="_"/>
		<feat xlink:href="#sTok252" value="_"/>
		<feat xlink:href="#sTok253" value="_"/>
		<feat xlink:href="#sTok254" value="Furth-er"/>
		<feat xlink:href="#sTok254" value="Furth-er"/>
		<feat xlink:href="#sTok255" value="_"/>
		<feat xlink:href="#sTok256" value="rate-s"/>
		<feat xlink:href="#sTok256" value="rate-s"/>
		<feat xlink:href="#sTok257" value="_"/>
		<feat xlink:href="#sTok258" value="ad-opt-ion"/>
		<feat xlink:href="#sTok258" value="ad-opt-ion"/>
		<feat xlink:href="#sTok259" value="_"/>
		<feat xlink:href="#sTok260" value="service-s"/>
		<feat xlink:href="#sTok260" value="service-s"/>
		<feat xlink:href="#sTok261" value="_"/>
		<feat xlink:href="#sTok262" value="Google-Schol-ar"/>
		<feat xlink:href="#sTok262" value="Google-Schol-ar"/>
		<feat xlink:href="#sTok263" value="_"/>
		<feat xlink:href="#sTok264" value="Research-Gate"/>
		<feat xlink:href="#sTok264" value="Research-Gate"/>
		<feat xlink:href="#sTok265" value="_"/>
		<feat xlink:href="#sTok266" value="with-in"/>
		<feat xlink:href="#sTok266" value="with-in"/>
		<feat xlink:href="#sTok267" value="_"/>
		<feat xlink:href="#sTok268" value="_"/>
		<feat xlink:href="#sTok269" value="a-cross"/>
		<feat xlink:href="#sTok269" value="a-cross"/>
		<feat xlink:href="#sTok270" value="discipl-ine-s"/>
		<feat xlink:href="#sTok270" value="discipl-ine-s"/>
		<feat xlink:href="#sTok271" value="_"/>
		<feat xlink:href="#sTok272" value="_"/>
		<feat xlink:href="#sTok273" value="instan-ce"/>
		<feat xlink:href="#sTok273" value="instan-ce"/>
		<feat xlink:href="#sTok274" value="_"/>
		<feat xlink:href="#sTok275" value="_"/>
		<feat xlink:href="#sTok276" value="represent-ation"/>
		<feat xlink:href="#sTok276" value="represent-ation"/>
		<feat xlink:href="#sTok277" value="_"/>
		<feat xlink:href="#sTok278" value="comput-ing"/>
		<feat xlink:href="#sTok278" value="comput-ing"/>
		<feat xlink:href="#sTok279" value="_"/>
		<feat xlink:href="#sTok280" value="_"/>
		<feat xlink:href="#sTok281" value="import-ant"/>
		<feat xlink:href="#sTok281" value="import-ant"/>
		<feat xlink:href="#sTok282" value="_"/>
		<feat xlink:href="#sTok283" value="_"/>
		<feat xlink:href="#sTok284" value="_"/>
		<feat xlink:href="#sTok285" value="implicat-ion-s"/>
		<feat xlink:href="#sTok285" value="implicat-ion-s"/>
		<feat xlink:href="#sTok286" value="_"/>
		<feat xlink:href="#sTok287" value="_"/>
		<feat xlink:href="#sTok288" value="_"/>
		<feat xlink:href="#sTok289" value="_"/>
		<feat xlink:href="#sTok290" value="_"/>
		<feat xlink:href="#sTok291" value="with-out"/>
		<feat xlink:href="#sTok291" value="with-out"/>
		<feat xlink:href="#sTok292" value="_"/>
		<feat xlink:href="#sTok293" value="_"/>
		<feat xlink:href="#sTok294" value="_"/>
		<feat xlink:href="#sTok295" value="_"/>
		<feat xlink:href="#sTok296" value="comput-ing"/>
		<feat xlink:href="#sTok296" value="comput-ing"/>
		<feat xlink:href="#sTok297" value="_"/>
		<feat xlink:href="#sTok298" value="_"/>
		<feat xlink:href="#sTok299" value="_"/>
		<feat xlink:href="#sTok300" value="_"/>
		<feat xlink:href="#sTok301" value="_"/>
		<feat xlink:href="#sTok302" value="in-equal-ity"/>
		<feat xlink:href="#sTok302" value="in-equal-ity"/>
		<feat xlink:href="#sTok303" value="_"/>
		<feat xlink:href="#sTok304" value="it-s"/>
		<feat xlink:href="#sTok304" value="it-s"/>
		<feat xlink:href="#sTok305" value="_"/>
		<feat xlink:href="#sTok306" value="source-s"/>
		<feat xlink:href="#sTok306" value="source-s"/>
		<feat xlink:href="#sTok307" value="_"/>
		<feat xlink:href="#sTok308" value="_"/>
		<feat xlink:href="#sTok309" value="_"/>
		<feat xlink:href="#sTok310" value="_"/>
		<feat xlink:href="#sTok311" value="_"/>
		<feat xlink:href="#sTok312" value="_"/>
		<feat xlink:href="#sTok313" value="_"/>
		<feat xlink:href="#sTok314" value="_"/>
		<feat xlink:href="#sTok315" value="_"/>
		<feat xlink:href="#sTok316" value="discipl-ine-s"/>
		<feat xlink:href="#sTok316" value="discipl-ine-s"/>
		<feat xlink:href="#sTok317" value="_"/>
		<feat xlink:href="#sTok318" value="_"/>
		<feat xlink:href="#sTok319" value="politic-al"/>
		<feat xlink:href="#sTok319" value="politic-al"/>
		<feat xlink:href="#sTok320" value="_"/>
		<feat xlink:href="#sTok321" value="_"/>
		<feat xlink:href="#sTok322" value="_"/>
		<feat xlink:href="#sTok323" value="organiz-ed"/>
		<feat xlink:href="#sTok323" value="organiz-ed"/>
		<feat xlink:href="#sTok324" value="a-round"/>
		<feat xlink:href="#sTok324" value="a-round"/>
		<feat xlink:href="#sTok325" value="_"/>
		<feat xlink:href="#sTok326" value="_"/>
		<feat xlink:href="#sTok327" value="profession-al"/>
		<feat xlink:href="#sTok327" value="profession-al"/>
		<feat xlink:href="#sTok328" value="soci-ety"/>
		<feat xlink:href="#sTok328" value="soci-ety"/>
		<feat xlink:href="#sTok329" value="_"/>
		<feat xlink:href="#sTok330" value="_"/>
		<feat xlink:href="#sTok331" value="member-ship"/>
		<feat xlink:href="#sTok331" value="member-ship"/>
		<feat xlink:href="#sTok332" value="_"/>
		<feat xlink:href="#sTok333" value="approximate-s"/>
		<feat xlink:href="#sTok333" value="approximate-s"/>
		<feat xlink:href="#sTok334" value="_"/>
		<feat xlink:href="#sTok335" value="_"/>
		<feat xlink:href="#sTok336" value="_"/>
		<feat xlink:href="#sTok337" value="_"/>
		<feat xlink:href="#sTok338" value="_"/>
		<feat xlink:href="#sTok339" value="_"/>
		<feat xlink:href="#sTok340" value="_"/>
		<feat xlink:href="#sTok341" value="_"/>
		<feat xlink:href="#sTok342" value="field-s"/>
		<feat xlink:href="#sTok342" value="field-s"/>
		<feat xlink:href="#sTok343" value="_"/>
		<feat xlink:href="#sTok344" value="_"/>
		<feat xlink:href="#sTok345" value="_"/>
		<feat xlink:href="#sTok346" value="_"/>
		<feat xlink:href="#sTok347" value="_"/>
		<feat xlink:href="#sTok348" value="_"/>
		<feat xlink:href="#sTok349" value="includ-ing"/>
		<feat xlink:href="#sTok349" value="includ-ing"/>
		<feat xlink:href="#sTok350" value="comput-er"/>
		<feat xlink:href="#sTok350" value="comput-er"/>
		<feat xlink:href="#sTok351" value="_"/>
		<feat xlink:href="#sTok352" value="_"/>
		<feat xlink:href="#sTok353" value="_"/>
		<feat xlink:href="#sTok354" value="_"/>
		<feat xlink:href="#sTok355" value="_"/>
		<feat xlink:href="#sTok356" value="_"/>
		<feat xlink:href="#sTok357" value="_"/>
		<feat xlink:href="#sTok358" value="en-compass-ing"/>
		<feat xlink:href="#sTok358" value="en-compass-ing"/>
		<feat xlink:href="#sTok359" value="organiz-ation"/>
		<feat xlink:href="#sTok359" value="organiz-ation"/>
		<feat xlink:href="#sTok360" value="_"/>
		<feat xlink:href="#sTok361" value="member-ship"/>
		<feat xlink:href="#sTok361" value="member-ship"/>
		<feat xlink:href="#sTok362" value="in-form-ation"/>
		<feat xlink:href="#sTok362" value="in-form-ation"/>
		<feat xlink:href="#sTok363" value="_"/>
		<feat xlink:href="#sTok364" value="in-stead"/>
		<feat xlink:href="#sTok364" value="in-stead"/>
		<feat xlink:href="#sTok365" value="distribut-ed"/>
		<feat xlink:href="#sTok365" value="distribut-ed"/>
		<feat xlink:href="#sTok366" value="a-cross"/>
		<feat xlink:href="#sTok366" value="a-cross"/>
		<feat xlink:href="#sTok367" value="_"/>
		<feat xlink:href="#sTok368" value="dis-join-t"/>
		<feat xlink:href="#sTok368" value="dis-join-t"/>
		<feat xlink:href="#sTok369" value="list-s"/>
		<feat xlink:href="#sTok369" value="list-s"/>
		<feat xlink:href="#sTok370" value="_"/>
		<feat xlink:href="#sTok371" value="_"/>
		<feat xlink:href="#sTok372" value="_"/>
		<feat xlink:href="#sTok373" value="_"/>
		<feat xlink:href="#sTok374" value="_"/>
		<feat xlink:href="#sTok375" value="bas-ed"/>
		<feat xlink:href="#sTok375" value="bas-ed"/>
		<feat xlink:href="#sTok376" value="_"/>
		<feat xlink:href="#sTok377" value="directorie-s"/>
		<feat xlink:href="#sTok377" value="directorie-s"/>
		<feat xlink:href="#sTok378" value="_"/>
		<feat xlink:href="#sTok379" value="_"/>
		<feat xlink:href="#sTok380" value="depart-ment-s"/>
		<feat xlink:href="#sTok380" value="depart-ment-s"/>
		<feat xlink:href="#sTok381" value="_"/>
		<feat xlink:href="#sTok382" value="_"/>
		<feat xlink:href="#sTok383" value="assembl-ing"/>
		<feat xlink:href="#sTok383" value="assembl-ing"/>
		<feat xlink:href="#sTok384" value="_"/>
		<feat xlink:href="#sTok385" value="_"/>
		<feat xlink:href="#sTok386" value="_"/>
		<feat xlink:href="#sTok387" value="_"/>
		<feat xlink:href="#sTok388" value="_"/>
		<feat xlink:href="#sTok389" value="_"/>
		<feat xlink:href="#sTok390" value="_"/>
		<feat xlink:href="#sTok391" value="_"/>
		<feat xlink:href="#sTok392" value="studie-s"/>
		<feat xlink:href="#sTok392" value="studie-s"/>
		<feat xlink:href="#sTok393" value="_"/>
		<feat xlink:href="#sTok394" value="tend-ed"/>
		<feat xlink:href="#sTok394" value="tend-ed"/>
		<feat xlink:href="#sTok395" value="_"/>
		<feat xlink:href="#sTok396" value="_"/>
		<feat xlink:href="#sTok397" value="_"/>
		<feat xlink:href="#sTok398" value="_"/>
		<feat xlink:href="#sTok399" value="_"/>
		<feat xlink:href="#sTok400" value="_"/>
		<feat xlink:href="#sTok401" value="in-stead"/>
		<feat xlink:href="#sTok401" value="in-stead"/>
		<feat xlink:href="#sTok402" value="us-ed"/>
		<feat xlink:href="#sTok402" value="us-ed"/>
		<feat xlink:href="#sTok403" value="sample-s"/>
		<feat xlink:href="#sTok403" value="sample-s"/>
		<feat xlink:href="#sTok404" value="_"/>
		<feat xlink:href="#sTok405" value="research-er-s"/>
		<feat xlink:href="#sTok405" value="research-er-s"/>
		<feat xlink:href="#sTok406" value="_"/>
		<feat xlink:href="#sTok407" value="_"/>
		<feat xlink:href="#sTok408" value="_"/>
		<feat xlink:href="#sTok409" value="_"/>
		<feat xlink:href="#sTok410" value="_"/>
		<feat xlink:href="#sTok411" value="_"/>
		<feat xlink:href="#sTok412" value="usual-ly"/>
		<feat xlink:href="#sTok412" value="usual-ly"/>
		<feat xlink:href="#sTok413" value="specif-ic"/>
		<feat xlink:href="#sTok413" value="specif-ic"/>
		<feat xlink:href="#sTok414" value="_"/>
		<feat xlink:href="#sTok415" value="_"/>
		<feat xlink:href="#sTok416" value="part-ic-ul-ar"/>
		<feat xlink:href="#sTok416" value="part-ic-ul-ar"/>
		<feat xlink:href="#sTok417" value="_"/>
		<feat xlink:href="#sTok418" value="_"/>
		<feat xlink:href="#sTok419" value="_"/>
		<feat xlink:href="#sTok420" value="_"/>
		<feat xlink:href="#sTok421" value="_"/>
		<feat xlink:href="#sTok422" value="_"/>
		<feat xlink:href="#sTok423" value="_"/>
		<feat xlink:href="#sTok424" value="_"/>
		<feat xlink:href="#sTok425" value="_"/>
		<feat xlink:href="#sTok426" value="focus-ed"/>
		<feat xlink:href="#sTok426" value="focus-ed"/>
		<feat xlink:href="#sTok427" value="_"/>
		<feat xlink:href="#sTok428" value="_"/>
		<feat xlink:href="#sTok429" value="scient-ific"/>
		<feat xlink:href="#sTok429" value="scient-ific"/>
		<feat xlink:href="#sTok430" value="_"/>
		<feat xlink:href="#sTok431" value="_"/>
		<feat xlink:href="#sTok432" value="_"/>
		<feat xlink:href="#sTok433" value="_"/>
		<feat xlink:href="#sTok434" value="_"/>
		<feat xlink:href="#sTok435" value="_"/>
		<feat xlink:href="#sTok436" value="_"/>
		<feat xlink:href="#sTok437" value="Al-though"/>
		<feat xlink:href="#sTok437" value="Al-though"/>
		<feat xlink:href="#sTok438" value="use-ful"/>
		<feat xlink:href="#sTok438" value="use-ful"/>
		<feat xlink:href="#sTok439" value="_"/>
		<feat xlink:href="#sTok440" value="_"/>
		<feat xlink:href="#sTok441" value="sample-s"/>
		<feat xlink:href="#sTok441" value="sample-s"/>
		<feat xlink:href="#sTok442" value="_"/>
		<feat xlink:href="#sTok443" value="_"/>
		<feat xlink:href="#sTok444" value="represent-ative"/>
		<feat xlink:href="#sTok444" value="represent-ative"/>
		<feat xlink:href="#sTok445" value="_"/>
		<feat xlink:href="#sTok446" value="_"/>
		<feat xlink:href="#sTok447" value="scient-ific"/>
		<feat xlink:href="#sTok447" value="scient-ific"/>
		<feat xlink:href="#sTok448" value="_"/>
		<feat xlink:href="#sTok449" value="_"/>
		<feat xlink:href="#sTok450" value="_"/>
		<feat xlink:href="#sTok451" value="_"/>
		<feat xlink:href="#sTok452" value="_"/>
		<feat xlink:href="#sTok453" value="_"/>
		<feat xlink:href="#sTok454" value="_"/>
		<feat xlink:href="#sTok455" value="limit-ed"/>
		<feat xlink:href="#sTok455" value="limit-ed"/>
		<feat xlink:href="#sTok456" value="general-iz-abil-ity"/>
		<feat xlink:href="#sTok456" value="general-iz-abil-ity"/>
		<feat xlink:href="#sTok457" value="_"/>
		<feat xlink:href="#sTok458" value="_"/>
		<feat xlink:href="#sTok459" value="_"/>
		<feat xlink:href="#sTok460" value="_"/>
		<feat xlink:href="#sTok461" value="larg-est"/>
		<feat xlink:href="#sTok461" value="larg-est"/>
		<feat xlink:href="#sTok462" value="_"/>
		<feat xlink:href="#sTok463" value="effort-s"/>
		<feat xlink:href="#sTok463" value="effort-s"/>
		<feat xlink:href="#sTok464" value="_"/>
		<feat xlink:href="#sTok465" value="_"/>
		<feat xlink:href="#sTok466" value="assembl-ed"/>
		<feat xlink:href="#sTok466" value="assembl-ed"/>
		<feat xlink:href="#sTok467" value="_"/>
		<feat xlink:href="#sTok468" value="_"/>
		<feat xlink:href="#sTok469" value="_"/>
		<feat xlink:href="#sTok470" value="_"/>
		<feat xlink:href="#sTok471" value="_"/>
		<feat xlink:href="#sTok472" value="near-ly"/>
		<feat xlink:href="#sTok472" value="near-ly"/>
		<feat xlink:href="#sTok473" value="_"/>
		<feat xlink:href="#sTok474" value="_"/>
		<feat xlink:href="#sTok475" value="_"/>
		<feat xlink:href="#sTok476" value="_"/>
		<feat xlink:href="#sTok477" value="academ-ic"/>
		<feat xlink:href="#sTok477" value="academ-ic"/>
		<feat xlink:href="#sTok478" value="field-s"/>
		<feat xlink:href="#sTok478" value="field-s"/>
		<feat xlink:href="#sTok479" value="_"/>
		<feat xlink:href="#sTok480" value="comput-er"/>
		<feat xlink:href="#sTok480" value="comput-er"/>
		<feat xlink:href="#sTok481" value="_"/>
		<feat xlink:href="#sTok482" value="_"/>
		<feat xlink:href="#sTok483" value="_"/>
		<feat xlink:href="#sTok484" value="_"/>
		<feat xlink:href="#sTok485" value="_"/>
		<feat xlink:href="#sTok486" value="busi-ness"/>
		<feat xlink:href="#sTok486" value="busi-ness"/>
		<feat xlink:href="#sTok487" value="_"/>
		<feat xlink:href="#sTok488" value="_"/>
		<feat xlink:href="#sTok489" value="_"/>
		<feat xlink:href="#sTok490" value="_"/>
		<feat xlink:href="#sTok491" value="_"/>
		<feat xlink:href="#sTok492" value="_"/>
		<feat xlink:href="#sTok493" value="_"/>
		<feat xlink:href="#sTok494" value="ha-s"/>
		<feat xlink:href="#sTok494" value="ha-s"/>
		<feat xlink:href="#sTok495" value="sh-ed"/>
		<feat xlink:href="#sTok495" value="sh-ed"/>
		<feat xlink:href="#sTok496" value="consider-able"/>
		<feat xlink:href="#sTok496" value="consider-able"/>
		<feat xlink:href="#sTok497" value="_"/>
		<feat xlink:href="#sTok498" value="_"/>
		<feat xlink:href="#sTok499" value="dramat-ic"/>
		<feat xlink:href="#sTok499" value="dramat-ic"/>
		<feat xlink:href="#sTok500" value="in-equ-al-itie-s"/>
		<feat xlink:href="#sTok500" value="in-equ-al-itie-s"/>
		<feat xlink:href="#sTok501" value="_"/>
		<feat xlink:href="#sTok502" value="_"/>
		<feat xlink:href="#sTok503" value="train-ing"/>
		<feat xlink:href="#sTok503" value="train-ing"/>
		<feat xlink:href="#sTok504" value="_"/>
		<feat xlink:href="#sTok505" value="place-ment"/>
		<feat xlink:href="#sTok505" value="place-ment"/>
		<feat xlink:href="#sTok506" value="_"/>
		<feat xlink:href="#sTok507" value="_"/>
		<feat xlink:href="#sTok508" value="scholar-ly"/>
		<feat xlink:href="#sTok508" value="scholar-ly"/>
		<feat xlink:href="#sTok509" value="productiv-ity"/>
		<feat xlink:href="#sTok509" value="productiv-ity"/>
		<feat xlink:href="#sTok510" value="_"/>
		<feat xlink:href="#sTok511" value="_"/>
		<feat xlink:href="#sTok512" value="_"/>
		<feat xlink:href="#sTok513" value="_"/>
		<feat xlink:href="#sTok514" value="_"/>
		<feat xlink:href="#sTok515" value="_"/>
		<feat xlink:href="#sTok516" value="_"/>
		<feat xlink:href="#sTok517" value="_"/>
		<feat xlink:href="#sTok518" value="_"/>
		<feat xlink:href="#sTok519" value="_"/>
		<feat xlink:href="#sTok520" value="_"/>
		<feat xlink:href="#sTok521" value="_"/>
		<feat xlink:href="#sTok522" value="_"/>
		<feat xlink:href="#sTok523" value="_"/>
		<feat xlink:href="#sTok524" value="_"/>
		<feat xlink:href="#sTok525" value="_"/>
		<feat xlink:href="#sTok526" value="_"/>
		<feat xlink:href="#sTok527" value="snap-shot"/>
		<feat xlink:href="#sTok527" value="snap-shot"/>
		<feat xlink:href="#sTok528" value="_"/>
		<feat xlink:href="#sTok529" value="_"/>
		<feat xlink:href="#sTok530" value="evolv-ing"/>
		<feat xlink:href="#sTok530" value="evolv-ing"/>
		<feat xlink:href="#sTok531" value="_"/>
		<feat xlink:href="#sTok532" value="expand-ing"/>
		<feat xlink:href="#sTok532" value="expand-ing"/>
		<feat xlink:href="#sTok533" value="_"/>
		<feat xlink:href="#sTok534" value="_"/>
		<feat xlink:href="#sTok535" value="_"/>
		<feat xlink:href="#sTok536" value="offer-s"/>
		<feat xlink:href="#sTok536" value="offer-s"/>
		<feat xlink:href="#sTok537" value="_"/>
		<feat xlink:href="#sTok538" value="in-sigh-t-s"/>
		<feat xlink:href="#sTok538" value="in-sigh-t-s"/>
		<feat xlink:href="#sTok539" value="in-to"/>
		<feat xlink:href="#sTok539" value="in-to"/>
		<feat xlink:href="#sTok540" value="_"/>
		<feat xlink:href="#sTok541" value="chang-ing"/>
		<feat xlink:href="#sTok541" value="chang-ing"/>
		<feat xlink:href="#sTok542" value="composit-ion"/>
		<feat xlink:href="#sTok542" value="composit-ion"/>
		<feat xlink:href="#sTok543" value="_"/>
		<feat xlink:href="#sTok544" value="divers-ity"/>
		<feat xlink:href="#sTok544" value="divers-ity"/>
		<feat xlink:href="#sTok545" value="trend-s"/>
		<feat xlink:href="#sTok545" value="trend-s"/>
		<feat xlink:href="#sTok546" value="with-in"/>
		<feat xlink:href="#sTok546" value="with-in"/>
		<feat xlink:href="#sTok547" value="_"/>
		<feat xlink:href="#sTok548" value="academ-ic"/>
		<feat xlink:href="#sTok548" value="academ-ic"/>
		<feat xlink:href="#sTok549" value="field-s"/>
		<feat xlink:href="#sTok549" value="field-s"/>
		<feat xlink:href="#sTok550" value="_"/>
		<feat xlink:href="#sTok551" value="_"/>
		<feat xlink:href="#sTok552" value="_"/>
		<feat xlink:href="#sTok553" value="field-s"/>
		<feat xlink:href="#sTok553" value="field-s"/>
		<feat xlink:href="#sTok554" value="_"/>
		<feat xlink:href="#sTok555" value="year-ly"/>
		<feat xlink:href="#sTok555" value="year-ly"/>
		<feat xlink:href="#sTok556" value="dat-a"/>
		<feat xlink:href="#sTok556" value="dat-a"/>
		<feat xlink:href="#sTok557" value="_"/>
		<feat xlink:href="#sTok558" value="_"/>
		<feat xlink:href="#sTok559" value="number-s"/>
		<feat xlink:href="#sTok559" value="number-s"/>
		<feat xlink:href="#sTok560" value="_"/>
		<feat xlink:href="#sTok561" value="composit-ion"/>
		<feat xlink:href="#sTok561" value="composit-ion"/>
		<feat xlink:href="#sTok562" value="_"/>
		<feat xlink:href="#sTok563" value="avail-able"/>
		<feat xlink:href="#sTok563" value="avail-able"/>
		<feat xlink:href="#sTok564" value="_"/>
		<feat xlink:href="#sTok565" value="_"/>
		<feat xlink:href="#sTok566" value="_"/>
		<feat xlink:href="#sTok567" value="_"/>
		<feat xlink:href="#sTok568" value="comput-er"/>
		<feat xlink:href="#sTok568" value="comput-er"/>
		<feat xlink:href="#sTok569" value="_"/>
		<feat xlink:href="#sTok570" value="_"/>
		<feat xlink:href="#sTok571" value="_"/>
		<feat xlink:href="#sTok572" value="Comput-ing"/>
		<feat xlink:href="#sTok572" value="Comput-ing"/>
		<feat xlink:href="#sTok573" value="_"/>
		<feat xlink:href="#sTok574" value="Associat-ion"/>
		<feat xlink:href="#sTok574" value="Associat-ion"/>
		<feat xlink:href="#sTok575" value="_"/>
		<feat xlink:href="#sTok576" value="_"/>
		<feat xlink:href="#sTok577" value="_"/>
		<feat xlink:href="#sTok578" value="document-s"/>
		<feat xlink:href="#sTok578" value="document-s"/>
		<feat xlink:href="#sTok579" value="trend-s"/>
		<feat xlink:href="#sTok579" value="trend-s"/>
		<feat xlink:href="#sTok580" value="_"/>
		<feat xlink:href="#sTok581" value="_"/>
		<feat xlink:href="#sTok582" value="employ-ment"/>
		<feat xlink:href="#sTok582" value="employ-ment"/>
		<feat xlink:href="#sTok583" value="_"/>
		<feat xlink:href="#sTok584" value="_"/>
		<feat xlink:href="#sTok585" value="recip-ient-s"/>
		<feat xlink:href="#sTok585" value="recip-ient-s"/>
		<feat xlink:href="#sTok586" value="_"/>
		<feat xlink:href="#sTok587" value="_"/>
		<feat xlink:href="#sTok588" value="_"/>
		<feat xlink:href="#sTok589" value="_"/>
		<feat xlink:href="#sTok590" value="_"/>
		<feat xlink:href="#sTok591" value="_"/>
		<feat xlink:href="#sTok592" value="comput-ing"/>
		<feat xlink:href="#sTok592" value="comput-ing"/>
		<feat xlink:href="#sTok593" value="depart-ment-s"/>
		<feat xlink:href="#sTok593" value="depart-ment-s"/>
		<feat xlink:href="#sTok594" value="_"/>
		<feat xlink:href="#sTok595" value="_"/>
		<feat xlink:href="#sTok596" value="_"/>
		<feat xlink:href="#sTok597" value="_"/>
		<feat xlink:href="#sTok598" value="_"/>
		<feat xlink:href="#sTok599" value="_"/>
		<feat xlink:href="#sTok600" value="_"/>
		<feat xlink:href="#sTok601" value="_"/>
		<feat xlink:href="#sTok602" value="survey-s"/>
		<feat xlink:href="#sTok602" value="survey-s"/>
		<feat xlink:href="#sTok603" value="_"/>
		<feat xlink:href="#sTok604" value="_"/>
		<feat xlink:href="#sTok605" value="valu-able"/>
		<feat xlink:href="#sTok605" value="valu-able"/>
		<feat xlink:href="#sTok606" value="in-sigh-t"/>
		<feat xlink:href="#sTok606" value="in-sigh-t"/>
		<feat xlink:href="#sTok607" value="in-to"/>
		<feat xlink:href="#sTok607" value="in-to"/>
		<feat xlink:href="#sTok608" value="trend-s"/>
		<feat xlink:href="#sTok608" value="trend-s"/>
		<feat xlink:href="#sTok609" value="_"/>
		<feat xlink:href="#sTok610" value="_"/>
		<feat xlink:href="#sTok611" value="statistic-s"/>
		<feat xlink:href="#sTok611" value="statistic-s"/>
		<feat xlink:href="#sTok612" value="_"/>
		<feat xlink:href="#sTok613" value="_"/>
		<feat xlink:href="#sTok614" value="scient-ific"/>
		<feat xlink:href="#sTok614" value="scient-ific"/>
		<feat xlink:href="#sTok615" value="_"/>
		<feat xlink:href="#sTok616" value="_"/>
		<feat xlink:href="#sTok617" value="_"/>
		<feat xlink:href="#sTok618" value="_"/>
		<feat xlink:href="#sTok619" value="_"/>
		<feat xlink:href="#sTok620" value="_"/>
		<feat xlink:href="#sTok621" value="weak-nesse-s"/>
		<feat xlink:href="#sTok621" value="weak-nesse-s"/>
		<feat xlink:href="#sTok622" value="_"/>
		<feat xlink:href="#sTok623" value="_"/>
		<feat xlink:href="#sTok624" value="_"/>
		<feat xlink:href="#sTok625" value="survey-s"/>
		<feat xlink:href="#sTok625" value="survey-s"/>
		<feat xlink:href="#sTok626" value="_"/>
		<feat xlink:href="#sTok627" value="_"/>
		<feat xlink:href="#sTok628" value="_"/>
		<feat xlink:href="#sTok629" value="vari-able"/>
		<feat xlink:href="#sTok629" value="vari-able"/>
		<feat xlink:href="#sTok630" value="_"/>
		<feat xlink:href="#sTok631" value="rate-s"/>
		<feat xlink:href="#sTok631" value="rate-s"/>
		<feat xlink:href="#sTok632" value="_"/>
		<feat xlink:href="#sTok633" value="_"/>
		<feat xlink:href="#sTok634" value="mis-interpret-ation"/>
		<feat xlink:href="#sTok634" value="mis-interpret-ation"/>
		<feat xlink:href="#sTok635" value="_"/>
		<feat xlink:href="#sTok636" value="question-s"/>
		<feat xlink:href="#sTok636" value="question-s"/>
		<feat xlink:href="#sTok637" value="_"/>
		<feat xlink:href="#sTok638" value="_"/>
		<feat xlink:href="#sTok639" value="frame-s"/>
		<feat xlink:href="#sTok639" value="frame-s"/>
		<feat xlink:href="#sTok640" value="_"/>
		<feat xlink:href="#sTok641" value="_"/>
		<feat xlink:href="#sTok642" value="_"/>
		<feat xlink:href="#sTok643" value="_"/>
		<feat xlink:href="#sTok644" value="_"/>
		<feat xlink:href="#sTok645" value="in-to"/>
		<feat xlink:href="#sTok645" value="in-to"/>
		<feat xlink:href="#sTok646" value="_"/>
		<feat xlink:href="#sTok647" value="_"/>
		<feat xlink:href="#sTok648" value="grain-ed"/>
		<feat xlink:href="#sTok648" value="grain-ed"/>
		<feat xlink:href="#sTok649" value="analyse-s"/>
		<feat xlink:href="#sTok649" value="analyse-s"/>
		<feat xlink:href="#sTok650" value="_"/>
		<feat xlink:href="#sTok651" value="_"/>
		<feat xlink:href="#sTok652" value="_"/>
		<feat xlink:href="#sTok653" value="_"/>
		<feat xlink:href="#sTok654" value="_"/>
		<feat xlink:href="#sTok655" value="_"/>
		<feat xlink:href="#sTok656" value="_"/>
		<feat xlink:href="#sTok657" value="_"/>
		<feat xlink:href="#sTok658" value="_"/>
		<feat xlink:href="#sTok659" value="in-form-ation"/>
		<feat xlink:href="#sTok659" value="in-form-ation"/>
		<feat xlink:href="#sTok660" value="provide-s"/>
		<feat xlink:href="#sTok660" value="provide-s"/>
		<feat xlink:href="#sTok661" value="_"/>
		<feat xlink:href="#sTok662" value="_"/>
		<feat xlink:href="#sTok663" value="_"/>
		<feat xlink:href="#sTok664" value="_"/>
		<feat xlink:href="#sTok665" value="_"/>
		<feat xlink:href="#sTok666" value="_"/>
		<feat xlink:href="#sTok667" value="_"/>
		<feat xlink:href="#sTok668" value="_"/>
		<feat xlink:href="#sTok669" value="_"/>
		<feat xlink:href="#sTok670" value="_"/>
		<feat xlink:href="#sTok671" value="_"/>
		<feat xlink:href="#sTok672" value="_"/>
		<feat xlink:href="#sTok673" value="_"/>
		<feat xlink:href="#sTok674" value="_"/>
		<feat xlink:href="#sTok675" value="_"/>
		<feat xlink:href="#sTok676" value="_"/>
		<feat xlink:href="#sTok677" value="in-vestigate"/>
		<feat xlink:href="#sTok677" value="in-vestigate"/>
		<feat xlink:href="#sTok678" value="caus-al-ity"/>
		<feat xlink:href="#sTok678" value="caus-al-ity"/>
		<feat xlink:href="#sTok679" value="_"/>
		<feat xlink:href="#sTok680" value="_"/>
		<feat xlink:href="#sTok681" value="_"/>
		<feat xlink:href="#sTok682" value="_"/>
		<feat xlink:href="#sTok683" value="_"/>
		<feat xlink:href="#sTok684" value="_"/>
		<feat xlink:href="#sTok685" value="_"/>
		<feat xlink:href="#sTok686" value="differ-ence-s"/>
		<feat xlink:href="#sTok686" value="differ-ence-s"/>
		<feat xlink:href="#sTok687" value="_"/>
		<feat xlink:href="#sTok688" value="recruit-ment"/>
		<feat xlink:href="#sTok688" value="recruit-ment"/>
		<feat xlink:href="#sTok689" value="_"/>
		<feat xlink:href="#sTok690" value="reten-tion"/>
		<feat xlink:href="#sTok690" value="reten-tion"/>
		<feat xlink:href="#sTok691" value="strategie-s"/>
		<feat xlink:href="#sTok691" value="strategie-s"/>
		<feat xlink:href="#sTok692" value="a-cross"/>
		<feat xlink:href="#sTok692" value="a-cross"/>
		<feat xlink:href="#sTok693" value="depart-ment-s"/>
		<feat xlink:href="#sTok693" value="depart-ment-s"/>
		<feat xlink:href="#sTok694" value="_"/>
		<feat xlink:href="#sTok695" value="_"/>
		<feat xlink:href="#sTok696" value="wash-ed"/>
		<feat xlink:href="#sTok696" value="wash-ed"/>
		<feat xlink:href="#sTok697" value="_"/>
		<feat xlink:href="#sTok698" value="_"/>
		<feat xlink:href="#sTok699" value="averag-ing"/>
		<feat xlink:href="#sTok699" value="averag-ing"/>
		<feat xlink:href="#sTok700" value="_"/>
		<feat xlink:href="#sTok701" value="there-by"/>
		<feat xlink:href="#sTok701" value="there-by"/>
		<feat xlink:href="#sTok702" value="mask-ing"/>
		<feat xlink:href="#sTok702" value="mask-ing"/>
		<feat xlink:href="#sTok703" value="_"/>
		<feat xlink:href="#sTok704" value="in-sigh-t-s"/>
		<feat xlink:href="#sTok704" value="in-sigh-t-s"/>
		<feat xlink:href="#sTok705" value="in-to"/>
		<feat xlink:href="#sTok705" value="in-to"/>
		<feat xlink:href="#sTok706" value="_"/>
		<feat xlink:href="#sTok707" value="_"/>
		<feat xlink:href="#sTok708" value="_"/>
		<feat xlink:href="#sTok709" value="_"/>
		<feat xlink:href="#sTok710" value="strategie-s"/>
		<feat xlink:href="#sTok710" value="strategie-s"/>
		<feat xlink:href="#sTok711" value="_"/>
		<feat xlink:href="#sTok712" value="policie-s"/>
		<feat xlink:href="#sTok712" value="policie-s"/>
		<feat xlink:href="#sTok713" value="_"/>
		<feat xlink:href="#sTok714" value="_"/>
		<feat xlink:href="#sTok715" value="_"/>
		<feat xlink:href="#sTok716" value="_"/>
		<feat xlink:href="#sTok717" value="_"/>
		<feat xlink:href="#sTok718" value="_"/>
		<feat xlink:href="#sTok719" value="_"/>
		<feat xlink:href="#sTok720" value="_"/>
		<feat xlink:href="#sTok721" value="_"/>
		<feat xlink:href="#sTok722" value="bas-ed"/>
		<feat xlink:href="#sTok722" value="bas-ed"/>
		<feat xlink:href="#sTok723" value="_"/>
		<feat xlink:href="#sTok724" value="_"/>
		<feat xlink:href="#sTok725" value="topic-al"/>
		<feat xlink:href="#sTok725" value="topic-al"/>
		<feat xlink:href="#sTok726" value="_"/>
		<feat xlink:href="#sTok727" value="crawl-er"/>
		<feat xlink:href="#sTok727" value="crawl-er"/>
		<feat xlink:href="#sTok728" value="_"/>
		<feat xlink:href="#sTok729" value="_"/>
		<feat xlink:href="#sTok730" value="_"/>
		<feat xlink:href="#sTok731" value="quick-ly"/>
		<feat xlink:href="#sTok731" value="quick-ly"/>
		<feat xlink:href="#sTok732" value="_"/>
		<feat xlink:href="#sTok733" value="automat-ic-al-ly"/>
		<feat xlink:href="#sTok733" value="automat-ic-al-ly"/>
		<feat xlink:href="#sTok734" value="_"/>
		<feat xlink:href="#sTok735" value="_"/>
		<feat xlink:href="#sTok736" value="_"/>
		<feat xlink:href="#sTok737" value="_"/>
		<feat xlink:href="#sTok738" value="_"/>
		<feat xlink:href="#sTok739" value="_"/>
		<feat xlink:href="#sTok740" value="academ-ic"/>
		<feat xlink:href="#sTok740" value="academ-ic"/>
		<feat xlink:href="#sTok741" value="_"/>
		<feat xlink:href="#sTok742" value="us-ing"/>
		<feat xlink:href="#sTok742" value="us-ing"/>
		<feat xlink:href="#sTok743" value="digit-al"/>
		<feat xlink:href="#sTok743" value="digit-al"/>
		<feat xlink:href="#sTok744" value="_"/>
		<feat xlink:href="#sTok745" value="avail-able"/>
		<feat xlink:href="#sTok745" value="avail-able"/>
		<feat xlink:href="#sTok746" value="_"/>
		<feat xlink:href="#sTok747" value="_"/>
		<feat xlink:href="#sTok748" value="publ-ic"/>
		<feat xlink:href="#sTok748" value="publ-ic"/>
		<feat xlink:href="#sTok749" value="_"/>
		<feat xlink:href="#sTok750" value="_"/>
		<feat xlink:href="#sTok751" value="_"/>
		<feat xlink:href="#sTok752" value="_"/>
		<feat xlink:href="#sTok753" value="_"/>
		<feat xlink:href="#sTok754" value="_"/>
		<feat xlink:href="#sTok755" value="_"/>
		<feat xlink:href="#sTok756" value="_"/>
		<feat xlink:href="#sTok757" value="_"/>
		<feat xlink:href="#sTok758" value="_"/>
		<feat xlink:href="#sTok759" value="_"/>
		<feat xlink:href="#sTok760" value="_"/>
		<feat xlink:href="#sTok761" value="_"/>
		<feat xlink:href="#sTok762" value="_"/>
		<feat xlink:href="#sTok763" value="_"/>
		<feat xlink:href="#sTok764" value="adapt-ed"/>
		<feat xlink:href="#sTok764" value="adapt-ed"/>
		<feat xlink:href="#sTok765" value="_"/>
		<feat xlink:href="#sTok766" value="_"/>
		<feat xlink:href="#sTok767" value="academ-ic"/>
		<feat xlink:href="#sTok767" value="academ-ic"/>
		<feat xlink:href="#sTok768" value="discipl-ine"/>
		<feat xlink:href="#sTok768" value="discipl-ine"/>
		<feat xlink:href="#sTok769" value="_"/>
		<feat xlink:href="#sTok770" value="us-ed"/>
		<feat xlink:href="#sTok770" value="us-ed"/>
		<feat xlink:href="#sTok771" value="_"/>
		<feat xlink:href="#sTok772" value="continu-ous"/>
		<feat xlink:href="#sTok772" value="continu-ous"/>
		<feat xlink:href="#sTok773" value="collect-ion"/>
		<feat xlink:href="#sTok773" value="collect-ion"/>
		<feat xlink:href="#sTok774" value="_"/>
		<feat xlink:href="#sTok775" value="_"/>
		<feat xlink:href="#sTok776" value="_"/>
		<feat xlink:href="#sTok777" value="_"/>
		<feat xlink:href="#sTok778" value="_"/>
		<feat xlink:href="#sTok779" value="_"/>
		<feat xlink:href="#sTok780" value="collect-ing"/>
		<feat xlink:href="#sTok780" value="collect-ing"/>
		<feat xlink:href="#sTok781" value="_"/>
		<feat xlink:href="#sTok782" value="_"/>
		<feat xlink:href="#sTok783" value="_"/>
		<feat xlink:href="#sTok784" value="_"/>
		<feat xlink:href="#sTok785" value="_"/>
		<feat xlink:href="#sTok786" value="academ-ic"/>
		<feat xlink:href="#sTok786" value="academ-ic"/>
		<feat xlink:href="#sTok787" value="_"/>
		<feat xlink:href="#sTok788" value="_"/>
		<feat xlink:href="#sTok789" value="_"/>
		<feat xlink:href="#sTok790" value="_"/>
		<feat xlink:href="#sTok791" value="_"/>
		<feat xlink:href="#sTok792" value="hour-s"/>
		<feat xlink:href="#sTok792" value="hour-s"/>
		<feat xlink:href="#sTok793" value="us-ing"/>
		<feat xlink:href="#sTok793" value="us-ing"/>
		<feat xlink:href="#sTok794" value="_"/>
		<feat xlink:href="#sTok795" value="_"/>
		<feat xlink:href="#sTok796" value="_"/>
		<feat xlink:href="#sTok797" value="_"/>
		<feat xlink:href="#sTok798" value="_"/>
		<feat xlink:href="#sTok799" value="comput-ing"/>
		<feat xlink:href="#sTok799" value="comput-ing"/>
		<feat xlink:href="#sTok800" value="hard-ware"/>
		<feat xlink:href="#sTok800" value="hard-ware"/>
		<feat xlink:href="#sTok801" value="_"/>
		<feat xlink:href="#sTok802" value="_"/>
		<feat xlink:href="#sTok803" value="_"/>
		<feat xlink:href="#sTok804" value="improve-ment"/>
		<feat xlink:href="#sTok804" value="improve-ment"/>
		<feat xlink:href="#sTok805" value="_"/>
		<feat xlink:href="#sTok806" value="_"/>
		<feat xlink:href="#sTok807" value="rough-ly"/>
		<feat xlink:href="#sTok807" value="rough-ly"/>
		<feat xlink:href="#sTok808" value="_"/>
		<feat xlink:href="#sTok809" value="hour-s"/>
		<feat xlink:href="#sTok809" value="hour-s"/>
		<feat xlink:href="#sTok810" value="requir-ed"/>
		<feat xlink:href="#sTok810" value="requir-ed"/>
		<feat xlink:href="#sTok811" value="_"/>
		<feat xlink:href="#sTok812" value="_"/>
		<feat xlink:href="#sTok813" value="_"/>
		<feat xlink:href="#sTok814" value="_"/>
		<feat xlink:href="#sTok815" value="_"/>
		<feat xlink:href="#sTok816" value="_"/>
		<feat xlink:href="#sTok817" value="_"/>
		<feat xlink:href="#sTok818" value="_"/>
		<feat xlink:href="#sTok819" value="_"/>
		<feat xlink:href="#sTok820" value="_"/>
		<feat xlink:href="#sTok821" value="_"/>
		<feat xlink:href="#sTok822" value="assembl-ing"/>
		<feat xlink:href="#sTok822" value="assembl-ing"/>
		<feat xlink:href="#sTok823" value="_"/>
		<feat xlink:href="#sTok824" value="_"/>
		<feat xlink:href="#sTok825" value="_"/>
		<feat xlink:href="#sTok826" value="_"/>
		<feat xlink:href="#sTok827" value="_"/>
		<feat xlink:href="#sTok828" value="_"/>
		<feat xlink:href="#sTok829" value="_"/>
		<feat xlink:href="#sTok830" value="_"/>
		<feat xlink:href="#sTok831" value="on-line"/>
		<feat xlink:href="#sTok831" value="on-line"/>
		<feat xlink:href="#sTok832" value="in-form-ation"/>
		<feat xlink:href="#sTok832" value="in-form-ation"/>
		<feat xlink:href="#sTok833" value="a-lone"/>
		<feat xlink:href="#sTok833" value="a-lone"/>
		<feat xlink:href="#sTok834" value="_"/>
		<feat xlink:href="#sTok835" value="_"/>
		<feat xlink:href="#sTok836" value="_"/>
		<feat xlink:href="#sTok837" value="_"/>
		<feat xlink:href="#sTok838" value="facilit-ate"/>
		<feat xlink:href="#sTok838" value="facilit-ate"/>
		<feat xlink:href="#sTok839" value="_"/>
		<feat xlink:href="#sTok840" value="_"/>
		<feat xlink:href="#sTok841" value="_"/>
		<feat xlink:href="#sTok842" value="_"/>
		<feat xlink:href="#sTok843" value="composit-ion"/>
		<feat xlink:href="#sTok843" value="composit-ion"/>
		<feat xlink:href="#sTok844" value="_"/>
		<feat xlink:href="#sTok845" value="academ-ic"/>
		<feat xlink:href="#sTok845" value="academ-ic"/>
		<feat xlink:href="#sTok846" value="field-s"/>
		<feat xlink:href="#sTok846" value="field-s"/>
		<feat xlink:href="#sTok847" value="_"/>
		<feat xlink:href="#sTok848" value="provid-ing"/>
		<feat xlink:href="#sTok848" value="provid-ing"/>
		<feat xlink:href="#sTok849" value="_"/>
		<feat xlink:href="#sTok850" value="_"/>
		<feat xlink:href="#sTok851" value="_"/>
		<feat xlink:href="#sTok852" value="_"/>
		<feat xlink:href="#sTok853" value="listing-s"/>
		<feat xlink:href="#sTok853" value="listing-s"/>
		<feat xlink:href="#sTok854" value="_"/>
		<feat xlink:href="#sTok855" value="with-out"/>
		<feat xlink:href="#sTok855" value="with-out"/>
		<feat xlink:href="#sTok856" value="hav-ing"/>
		<feat xlink:href="#sTok856" value="hav-ing"/>
		<feat xlink:href="#sTok857" value="_"/>
		<feat xlink:href="#sTok858" value="_"/>
		<feat xlink:href="#sTok859" value="_"/>
		<feat xlink:href="#sTok860" value="survey-s"/>
		<feat xlink:href="#sTok860" value="survey-s"/>
		<feat xlink:href="#sTok861" value="_"/>
		<feat xlink:href="#sTok862" value="profession-al"/>
		<feat xlink:href="#sTok862" value="profession-al"/>
		<feat xlink:href="#sTok863" value="societie-s"/>
		<feat xlink:href="#sTok863" value="societie-s"/>
		<feat xlink:href="#sTok864" value="_"/>
		<feat xlink:href="#sTok865" value="_"/>
		<feat xlink:href="#sTok866" value="_"/>
		<feat xlink:href="#sTok867" value="_"/>
		<feat xlink:href="#sTok868" value="_"/>
		<feat xlink:href="#sTok869" value="_"/>
		<feat xlink:href="#sTok870" value="us-ed"/>
		<feat xlink:href="#sTok870" value="us-ed"/>
		<feat xlink:href="#sTok871" value="longitudin-al-ly"/>
		<feat xlink:href="#sTok871" value="longitudin-al-ly"/>
		<feat xlink:href="#sTok872" value="_"/>
		<feat xlink:href="#sTok873" value="_"/>
		<feat xlink:href="#sTok874" value="_"/>
		<feat xlink:href="#sTok875" value="_"/>
		<feat xlink:href="#sTok876" value="_"/>
		<feat xlink:href="#sTok877" value="_"/>
		<feat xlink:href="#sTok878" value="composit-ion"/>
		<feat xlink:href="#sTok878" value="composit-ion"/>
		<feat xlink:href="#sTok879" value="change-s"/>
		<feat xlink:href="#sTok879" value="change-s"/>
		<feat xlink:href="#sTok880" value="_"/>
		<feat xlink:href="#sTok881" value="_"/>
		<feat xlink:href="#sTok882" value="_"/>
		<feat xlink:href="#sTok883" value="_"/>
		<feat xlink:href="#sTok884" value="_"/>
		<feat xlink:href="#sTok885" value="part-ic-ul-ar-ly"/>
		<feat xlink:href="#sTok885" value="part-ic-ul-ar-ly"/>
		<feat xlink:href="#sTok886" value="valu-able"/>
		<feat xlink:href="#sTok886" value="valu-able"/>
		<feat xlink:href="#sTok887" value="_"/>
		<feat xlink:href="#sTok888" value="evaluat-ing"/>
		<feat xlink:href="#sTok888" value="evaluat-ing"/>
		<feat xlink:href="#sTok889" value="_"/>
		<feat xlink:href="#sTok890" value="effect-ive-ness"/>
		<feat xlink:href="#sTok890" value="effect-ive-ness"/>
		<feat xlink:href="#sTok891" value="_"/>
		<feat xlink:href="#sTok892" value="policie-s"/>
		<feat xlink:href="#sTok892" value="policie-s"/>
		<feat xlink:href="#sTok893" value="_"/>
		<feat xlink:href="#sTok894" value="_"/>
		<feat xlink:href="#sTok895" value="broad-en"/>
		<feat xlink:href="#sTok895" value="broad-en"/>
		<feat xlink:href="#sTok896" value="participat-ion"/>
		<feat xlink:href="#sTok896" value="participat-ion"/>
		<feat xlink:href="#sTok897" value="_"/>
		<feat xlink:href="#sTok898" value="_"/>
		<feat xlink:href="#sTok899" value="reten-tion"/>
		<feat xlink:href="#sTok899" value="reten-tion"/>
		<feat xlink:href="#sTok900" value="_"/>
		<feat xlink:href="#sTok901" value="_"/>
		<feat xlink:href="#sTok902" value="_"/>
		<feat xlink:href="#sTok903" value="Final-ly"/>
		<feat xlink:href="#sTok903" value="Final-ly"/>
		<feat xlink:href="#sTok904" value="_"/>
		<feat xlink:href="#sTok905" value="appl-i-ed"/>
		<feat xlink:href="#sTok905" value="appl-i-ed"/>
		<feat xlink:href="#sTok906" value="_"/>
		<feat xlink:href="#sTok907" value="_"/>
		<feat xlink:href="#sTok908" value="academ-ic"/>
		<feat xlink:href="#sTok908" value="academ-ic"/>
		<feat xlink:href="#sTok909" value="field-s"/>
		<feat xlink:href="#sTok909" value="field-s"/>
		<feat xlink:href="#sTok910" value="_"/>
		<feat xlink:href="#sTok911" value="_"/>
		<feat xlink:href="#sTok912" value="_"/>
		<feat xlink:href="#sTok913" value="_"/>
		<feat xlink:href="#sTok914" value="_"/>
		<feat xlink:href="#sTok915" value="_"/>
		<feat xlink:href="#sTok916" value="_"/>
		<feat xlink:href="#sTok917" value="scient-ist-s"/>
		<feat xlink:href="#sTok917" value="scient-ist-s"/>
		<feat xlink:href="#sTok918" value="_"/>
		<feat xlink:href="#sTok919" value="move-ment"/>
		<feat xlink:href="#sTok919" value="move-ment"/>
		<feat xlink:href="#sTok920" value="be-tween"/>
		<feat xlink:href="#sTok920" value="be-tween"/>
		<feat xlink:href="#sTok921" value="differ-ent"/>
		<feat xlink:href="#sTok921" value="differ-ent"/>
		<feat xlink:href="#sTok922" value="discipl-ine-s"/>
		<feat xlink:href="#sTok922" value="discipl-ine-s"/>
		<feat xlink:href="#sTok923" value="_"/>
		<feat xlink:href="#sTok924" value="_"/>
		<feat xlink:href="#sTok925" value="_"/>
		<feat xlink:href="#sTok926" value="_"/>
		<feat xlink:href="#sTok927" value="flow-s"/>
		<feat xlink:href="#sTok927" value="flow-s"/>
		<feat xlink:href="#sTok928" value="_"/>
		<feat xlink:href="#sTok929" value="scient-ific"/>
		<feat xlink:href="#sTok929" value="scient-ific"/>
		<feat xlink:href="#sTok930" value="advance-s"/>
		<feat xlink:href="#sTok930" value="advance-s"/>
		<feat xlink:href="#sTok931" value="_"/>
		<feat xlink:href="#sTok932" value="_"/>
		<feat xlink:href="#sTok933" value="_"/>
		<feat xlink:href="#sTok934" value="_"/>
		<feat xlink:href="#sTok935" value="_"/>
		<feat xlink:href="#sTok936" value="import-ant"/>
		<feat xlink:href="#sTok936" value="import-ant"/>
		<feat xlink:href="#sTok937" value="_"/>
		<feat xlink:href="#sTok938" value="question-s"/>
		<feat xlink:href="#sTok938" value="question-s"/>
		<feat xlink:href="#sTok939" value="_"/>
		<feat xlink:href="#sTok940" value="_"/>
		<feat xlink:href="#sTok941" value="_"/>
		<feat xlink:href="#sTok942" value="_"/>
		<feat xlink:href="#sTok943" value="availabil-ity"/>
		<feat xlink:href="#sTok943" value="availabil-ity"/>
		<feat xlink:href="#sTok944" value="_"/>
		<feat xlink:href="#sTok945" value="_"/>
		<feat xlink:href="#sTok946" value="_"/>
		<feat xlink:href="#sTok947" value="frequent-ly"/>
		<feat xlink:href="#sTok947" value="frequent-ly"/>
		<feat xlink:href="#sTok948" value="_"/>
		<feat xlink:href="#sTok949" value="recollect-ed"/>
		<feat xlink:href="#sTok949" value="recollect-ed"/>
		<feat xlink:href="#sTok950" value="_"/>
		<feat xlink:href="#sTok951" value="_"/>
		<feat xlink:href="#sTok952" value="_"/>
		<feat xlink:href="#sTok953" value="_"/>
		<feat xlink:href="#sTok954" value="_"/>
		<feat xlink:href="#sTok955" value="_"/>
		<feat xlink:href="#sTok956" value="organiz-ed"/>
		<feat xlink:href="#sTok956" value="organiz-ed"/>
		<feat xlink:href="#sTok957" value="_"/>
		<feat xlink:href="#sTok958" value="follow-s"/>
		<feat xlink:href="#sTok958" value="follow-s"/>
		<feat xlink:href="#sTok959" value="_"/>
		<feat xlink:href="#sTok960" value="_"/>
		<feat xlink:href="#sTok961" value="_"/>
		<feat xlink:href="#sTok962" value="_"/>
		<feat xlink:href="#sTok963" value="detail-ing"/>
		<feat xlink:href="#sTok963" value="detail-ing"/>
		<feat xlink:href="#sTok964" value="_"/>
		<feat xlink:href="#sTok965" value="_"/>
		<feat xlink:href="#sTok966" value="_"/>
		<feat xlink:href="#sTok967" value="implement-ation"/>
		<feat xlink:href="#sTok967" value="implement-ation"/>
		<feat xlink:href="#sTok968" value="_"/>
		<feat xlink:href="#sTok969" value="_"/>
		<feat xlink:href="#sTok970" value="_"/>
		<feat xlink:href="#sTok971" value="crawl-er"/>
		<feat xlink:href="#sTok971" value="crawl-er"/>
		<feat xlink:href="#sTok972" value="frame-work"/>
		<feat xlink:href="#sTok972" value="frame-work"/>
		<feat xlink:href="#sTok973" value="_"/>
		<feat xlink:href="#sTok974" value="_"/>
		<feat xlink:href="#sTok975" value="_"/>
		<feat xlink:href="#sTok976" value="_"/>
		<feat xlink:href="#sTok977" value="_"/>
		<feat xlink:href="#sTok978" value="_"/>
		<feat xlink:href="#sTok979" value="result-s"/>
		<feat xlink:href="#sTok979" value="result-s"/>
		<feat xlink:href="#sTok980" value="_"/>
		<feat xlink:href="#sTok981" value="_"/>
		<feat xlink:href="#sTok982" value="_"/>
		<feat xlink:href="#sTok983" value="_"/>
		<feat xlink:href="#sTok984" value="_"/>
		<feat xlink:href="#sTok985" value="section-s"/>
		<feat xlink:href="#sTok985" value="section-s"/>
		<feat xlink:href="#sTok986" value="_"/>
		<feat xlink:href="#sTok987" value="_"/>
		<feat xlink:href="#sTok988" value="_"/>
		<feat xlink:href="#sTok989" value="demonstrate-s"/>
		<feat xlink:href="#sTok989" value="demonstrate-s"/>
		<feat xlink:href="#sTok990" value="_"/>
		<feat xlink:href="#sTok991" value="valid-ity"/>
		<feat xlink:href="#sTok991" value="valid-ity"/>
		<feat xlink:href="#sTok992" value="_"/>
		<feat xlink:href="#sTok993" value="util-ity"/>
		<feat xlink:href="#sTok993" value="util-ity"/>
		<feat xlink:href="#sTok994" value="_"/>
		<feat xlink:href="#sTok995" value="_"/>
		<feat xlink:href="#sTok996" value="crawl-er"/>
		<feat xlink:href="#sTok996" value="crawl-er"/>
		<feat xlink:href="#sTok997" value="_"/>
		<feat xlink:href="#sTok998" value="collect-ing"/>
		<feat xlink:href="#sTok998" value="collect-ing"/>
		<feat xlink:href="#sTok999" value="_"/>
		<feat xlink:href="#sTok1000" value="_"/>
		<feat xlink:href="#sTok1001" value="_"/>
		<feat xlink:href="#sTok1002" value="_"/>
		<feat xlink:href="#sTok1003" value="_"/>
		<feat xlink:href="#sTok1004" value="_"/>
		<feat xlink:href="#sTok1005" value="comput-er"/>
		<feat xlink:href="#sTok1005" value="comput-er"/>
		<feat xlink:href="#sTok1006" value="_"/>
		<feat xlink:href="#sTok1007" value="_"/>
		<feat xlink:href="#sTok1008" value="compar-ing"/>
		<feat xlink:href="#sTok1008" value="compar-ing"/>
		<feat xlink:href="#sTok1009" value="_"/>
		<feat xlink:href="#sTok1010" value="_"/>
		<feat xlink:href="#sTok1011" value="_"/>
		<feat xlink:href="#sTok1012" value="_"/>
		<feat xlink:href="#sTok1013" value="_"/>
		<feat xlink:href="#sTok1014" value="cur-at-ed"/>
		<feat xlink:href="#sTok1014" value="cur-at-ed"/>
		<feat xlink:href="#sTok1015" value="_"/>
		<feat xlink:href="#sTok1016" value="_"/>
		<feat xlink:href="#sTok1017" value="collect-ed"/>
		<feat xlink:href="#sTok1017" value="collect-ed"/>
		<feat xlink:href="#sTok1018" value="_"/>
		<feat xlink:href="#sTok1019" value="_"/>
		<feat xlink:href="#sTok1020" value="_"/>
		<feat xlink:href="#sTok1021" value="_"/>
		<feat xlink:href="#sTok1022" value="_"/>
		<feat xlink:href="#sTok1023" value="_"/>
		<feat xlink:href="#sTok1024" value="_"/>
		<feat xlink:href="#sTok1025" value="_"/>
		<feat xlink:href="#sTok1026" value="provide-s"/>
		<feat xlink:href="#sTok1026" value="provide-s"/>
		<feat xlink:href="#sTok1027" value="_"/>
		<feat xlink:href="#sTok1028" value="_"/>
		<feat xlink:href="#sTok1029" value="_"/>
		<feat xlink:href="#sTok1030" value="_"/>
		<feat xlink:href="#sTok1031" value="_"/>
		<feat xlink:href="#sTok1032" value="_"/>
		<feat xlink:href="#sTok1033" value="_"/>
		<feat xlink:href="#sTok1034" value="en-abl-ed"/>
		<feat xlink:href="#sTok1034" value="en-abl-ed"/>
		<feat xlink:href="#sTok1035" value="_"/>
		<feat xlink:href="#sTok1036" value="_"/>
		<feat xlink:href="#sTok1037" value="_"/>
		<feat xlink:href="#sTok1038" value="_"/>
		<feat xlink:href="#sTok1039" value="use-s"/>
		<feat xlink:href="#sTok1039" value="use-s"/>
		<feat xlink:href="#sTok1040" value="_"/>
		<feat xlink:href="#sTok1041" value="_"/>
		<feat xlink:href="#sTok1042" value="_"/>
		<feat xlink:href="#sTok1043" value="_"/>
		<feat xlink:href="#sTok1044" value="censuse-s"/>
		<feat xlink:href="#sTok1044" value="censuse-s"/>
		<feat xlink:href="#sTok1045" value="_"/>
		<feat xlink:href="#sTok1046" value="in-vestigate"/>
		<feat xlink:href="#sTok1046" value="in-vestigate"/>
		<feat xlink:href="#sTok1047" value="_"/>
		<feat xlink:href="#sTok1048" value="_"/>
		<feat xlink:href="#sTok1049" value="leak-y"/>
		<feat xlink:href="#sTok1049" value="leak-y"/>
		<feat xlink:href="#sTok1050" value="pipel-ine"/>
		<feat xlink:href="#sTok1050" value="pipel-ine"/>
		<feat xlink:href="#sTok1051" value="_"/>
		<feat xlink:href="#sTok1052" value="_"/>
		<feat xlink:href="#sTok1053" value="_"/>
		<feat xlink:href="#sTok1054" value="_"/>
		<feat xlink:href="#sTok1055" value="reten-tion"/>
		<feat xlink:href="#sTok1055" value="reten-tion"/>
		<feat xlink:href="#sTok1056" value="_"/></featList></paula>