<?xml version='1.0' encoding='UTF-8'?><!DOCTYPE paula SYSTEM "paula_feat.dtd">
<paula version="1.1">
	<header paula_id="morph.GUM_academic_census.mark_Number"/>
	<featList xmlns:xlink="http://www.w3.org/1999/xlink" type="Number" xml:base="morph.GUM_academic_census.mark.xml">
		<feat xlink:href="#sSpan469" value="Sing"/>
		<feat xlink:href="#sSpan471" value="Sing"/>
		<feat xlink:href="#sSpan472" value="Sing"/>
		<feat xlink:href="#sSpan473" value="Sing"/>
		<feat xlink:href="#sSpan474" value="Sing"/>
		<feat xlink:href="#sSpan479" value="Sing"/>
		<feat xlink:href="#sSpan483" value="Sing"/>
		<feat xlink:href="#sSpan484" value="Sing"/>
		<feat xlink:href="#sSpan486" value="Sing"/>
		<feat xlink:href="#sSpan488" value="Plur"/>
		<feat xlink:href="#sSpan493" value="Sing"/>
		<feat xlink:href="#sSpan497" value="Plur"/>
		<feat xlink:href="#sSpan500" value="Sing"/>
		<feat xlink:href="#sSpan502" value="Plur"/>
		<feat xlink:href="#sSpan504" value="Plur"/>
		<feat xlink:href="#sSpan505" value="Plur"/>
		<feat xlink:href="#sSpan511" value="Plur"/>
		<feat xlink:href="#sSpan513" value="Plur"/>
		<feat xlink:href="#sSpan516" value="Sing"/>
		<feat xlink:href="#sSpan525" value="Plur"/>
		<feat xlink:href="#sSpan526" value="Sing"/>
		<feat xlink:href="#sSpan527" value="Sing"/>
		<feat xlink:href="#sSpan531" value="Sing"/>
		<feat xlink:href="#sSpan532" value="Sing"/>
		<feat xlink:href="#sSpan535" value="Sing"/>
		<feat xlink:href="#sSpan536" value="Sing"/>
		<feat xlink:href="#sSpan537" value="Sing"/>
		<feat xlink:href="#sSpan543" value="Sing"/>
		<feat xlink:href="#sSpan546" value="Sing"/>
		<feat xlink:href="#sSpan547" value="Sing"/>
		<feat xlink:href="#sSpan550" value="Sing"/>
		<feat xlink:href="#sSpan556" value="Sing"/>
		<feat xlink:href="#sSpan561" value="Plur"/>
		<feat xlink:href="#sSpan563" value="Plur"/>
		<feat xlink:href="#sSpan570" value="Plur"/>
		<feat xlink:href="#sSpan572" value="Plur"/>
		<feat xlink:href="#sSpan573" value="Plur"/>
		<feat xlink:href="#sSpan578" value="Plur"/>
		<feat xlink:href="#sSpan585" value="Plur"/>
		<feat xlink:href="#sSpan588" value="Plur"/>
		<feat xlink:href="#sSpan592" value="Plur"/>
		<feat xlink:href="#sSpan594" value="Plur"/>
		<feat xlink:href="#sSpan596" value="Sing"/>
		<feat xlink:href="#sSpan597" value="Sing"/>
		<feat xlink:href="#sSpan611" value="Plur"/>
		<feat xlink:href="#sSpan613" value="Sing"/>
		<feat xlink:href="#sSpan614" value="Plur"/>
		<feat xlink:href="#sSpan622" value="Sing"/>
		<feat xlink:href="#sSpan624" value="Plur"/>
		<feat xlink:href="#sSpan625" value="Plur"/>
		<feat xlink:href="#sSpan628" value="Plur"/>
		<feat xlink:href="#sSpan632" value="Sing"/>
		<feat xlink:href="#sSpan633" value="Sing"/>
		<feat xlink:href="#sSpan634" value="Sing"/>
		<feat xlink:href="#sSpan637" value="Sing"/>
		<feat xlink:href="#sSpan644" value="Sing"/>
		<feat xlink:href="#sSpan647" value="Sing"/>
		<feat xlink:href="#sSpan649" value="Plur"/>
		<feat xlink:href="#sSpan653" value="Sing"/>
		<feat xlink:href="#sSpan657" value="Sing"/>
		<feat xlink:href="#sSpan658" value="Plur"/>
		<feat xlink:href="#sSpan662" value="Sing"/>
		<feat xlink:href="#sSpan668" value="Sing"/>
		<feat xlink:href="#sSpan669" value="Sing"/>
		<feat xlink:href="#sSpan670" value="Sing"/>
		<feat xlink:href="#sSpan674" value="Sing"/>
		<feat xlink:href="#sSpan682" value="Sing"/>
		<feat xlink:href="#sSpan686" value="Sing"/>
		<feat xlink:href="#sSpan687" value="Sing"/>
		<feat xlink:href="#sSpan699" value="Sing"/>
		<feat xlink:href="#sSpan708" value="Plur"/>
		<feat xlink:href="#sSpan713" value="Sing"/>
		<feat xlink:href="#sSpan718" value="Sing"/>
		<feat xlink:href="#sSpan720" value="Sing"/>
		<feat xlink:href="#sSpan721" value="Sing"/>
		<feat xlink:href="#sSpan722" value="Sing"/>
		<feat xlink:href="#sSpan724" value="Sing"/>
		<feat xlink:href="#sSpan734" value="Sing"/>
		<feat xlink:href="#sSpan735" value="Sing"/>
		<feat xlink:href="#sSpan736" value="Sing"/>
		<feat xlink:href="#sSpan738" value="Plur"/>
		<feat xlink:href="#sSpan739" value="Sing"/>
		<feat xlink:href="#sSpan740" value="Plur"/>
		<feat xlink:href="#sSpan741" value="Sing"/>
		<feat xlink:href="#sSpan742" value="Sing"/>
		<feat xlink:href="#sSpan747" value="Plur"/>
		<feat xlink:href="#sSpan748" value="Plur"/>
		<feat xlink:href="#sSpan749" value="Sing"/>
		<feat xlink:href="#sSpan750" value="Sing"/>
		<feat xlink:href="#sSpan751" value="Sing"/>
		<feat xlink:href="#sSpan752" value="Sing"/>
		<feat xlink:href="#sSpan756" value="Sing"/>
		<feat xlink:href="#sSpan761" value="Sing"/>
		<feat xlink:href="#sSpan763" value="Plur"/>
		<feat xlink:href="#sSpan769" value="Sing"/>
		<feat xlink:href="#sSpan770" value="Sing"/>
		<feat xlink:href="#sSpan771" value="Sing"/>
		<feat xlink:href="#sSpan774" value="Sing"/>
		<feat xlink:href="#sSpan775" value="Sing"/>
		<feat xlink:href="#sSpan777" value="Sing"/>
		<feat xlink:href="#sSpan783" value="Plur"/>
		<feat xlink:href="#sSpan787" value="Plur"/>
		<feat xlink:href="#sSpan794" value="Plur"/>
		<feat xlink:href="#sSpan796" value="Sing"/>
		<feat xlink:href="#sSpan797" value="Plur"/>
		<feat xlink:href="#sSpan809" value="Sing"/>
		<feat xlink:href="#sSpan812" value="Sing"/>
		<feat xlink:href="#sSpan813" value="Sing"/>
		<feat xlink:href="#sSpan815" value="Sing"/>
		<feat xlink:href="#sSpan822" value="Sing"/>
		<feat xlink:href="#sSpan826" value="Plur"/>
		<feat xlink:href="#sSpan830" value="Sing"/>
		<feat xlink:href="#sSpan832" value="Sing"/>
		<feat xlink:href="#sSpan833" value="Sing"/>
		<feat xlink:href="#sSpan838" value="Plur"/>
		<feat xlink:href="#sSpan844" value="Sing"/>
		<feat xlink:href="#sSpan845" value="Sing"/>
		<feat xlink:href="#sSpan846" value="Sing"/>
		<feat xlink:href="#sSpan848" value="Sing"/>
		<feat xlink:href="#sSpan857" value="Plur"/>
		<feat xlink:href="#sSpan859" value="Sing"/>
		<feat xlink:href="#sSpan863" value="Sing"/>
		<feat xlink:href="#sSpan864" value="Plur"/>
		<feat xlink:href="#sSpan866" value="Plur"/>
		<feat xlink:href="#sSpan872" value="Sing"/>
		<feat xlink:href="#sSpan873" value="Sing"/>
		<feat xlink:href="#sSpan880" value="Plur"/>
		<feat xlink:href="#sSpan882" value="Plur"/>
		<feat xlink:href="#sSpan890" value="Sing"/>
		<feat xlink:href="#sSpan891" value="Sing"/>
		<feat xlink:href="#sSpan894" value="Plur"/>
		<feat xlink:href="#sSpan899" value="Plur"/>
		<feat xlink:href="#sSpan900" value="Plur"/>
		<feat xlink:href="#sSpan910" value="Sing"/>
		<feat xlink:href="#sSpan921" value="Sing"/>
		<feat xlink:href="#sSpan928" value="Plur"/>
		<feat xlink:href="#sSpan931" value="Plur"/>
		<feat xlink:href="#sSpan939" value="Sing"/>
		<feat xlink:href="#sSpan942" value="Sing"/>
		<feat xlink:href="#sSpan945" value="Sing"/>
		<feat xlink:href="#sSpan951" value="Sing"/>
		<feat xlink:href="#sSpan952" value="Plur"/>
		<feat xlink:href="#sSpan953" value="Sing"/>
		<feat xlink:href="#sSpan955" value="Sing"/>
		<feat xlink:href="#sSpan959" value="Sing"/>
		<feat xlink:href="#sSpan964" value="Sing"/>
		<feat xlink:href="#sSpan968" value="Plur"/>
		<feat xlink:href="#sSpan969" value="Sing"/>
		<feat xlink:href="#sSpan970" value="Sing"/>
		<feat xlink:href="#sSpan971" value="Sing"/>
		<feat xlink:href="#sSpan972" value="Sing"/>
		<feat xlink:href="#sSpan976" value="Sing"/>
		<feat xlink:href="#sSpan977" value="Plur"/>
		<feat xlink:href="#sSpan978" value="Sing"/>
		<feat xlink:href="#sSpan981" value="Sing"/>
		<feat xlink:href="#sSpan987" value="Sing"/>
		<feat xlink:href="#sSpan989" value="Plur"/>
		<feat xlink:href="#sSpan990" value="Sing"/>
		<feat xlink:href="#sSpan991" value="Sing"/>
		<feat xlink:href="#sSpan992" value="Sing"/>
		<feat xlink:href="#sSpan994" value="Sing"/>
		<feat xlink:href="#sSpan1001" value="Sing"/>
		<feat xlink:href="#sSpan1003" value="Plur"/>
		<feat xlink:href="#sSpan1004" value="Sing"/>
		<feat xlink:href="#sSpan1006" value="Sing"/>
		<feat xlink:href="#sSpan1013" value="Sing"/>
		<feat xlink:href="#sSpan1018" value="Sing"/>
		<feat xlink:href="#sSpan1024" value="Sing"/>
		<feat xlink:href="#sSpan1026" value="Plur"/>
		<feat xlink:href="#sSpan1030" value="Sing"/>
		<feat xlink:href="#sSpan1031" value="Sing"/>
		<feat xlink:href="#sSpan1032" value="Plur"/>
		<feat xlink:href="#sSpan1034" value="Plur"/>
		<feat xlink:href="#sSpan1036" value="Plur"/>
		<feat xlink:href="#sSpan1038" value="Plur"/>
		<feat xlink:href="#sSpan1040" value="Plur"/>
		<feat xlink:href="#sSpan1041" value="Sing"/>
		<feat xlink:href="#sSpan1042" value="Plur"/>
		<feat xlink:href="#sSpan1043" value="Sing"/>
		<feat xlink:href="#sSpan1048" value="Plur"/>
		<feat xlink:href="#sSpan1050" value="Sing"/>
		<feat xlink:href="#sSpan1051" value="Sing"/>
		<feat xlink:href="#sSpan1052" value="Sing"/>
		<feat xlink:href="#sSpan1055" value="Sing"/>
		<feat xlink:href="#sSpan1056" value="Sing"/>
		<feat xlink:href="#sSpan1057" value="Sing"/>
		<feat xlink:href="#sSpan1058" value="Sing"/>
		<feat xlink:href="#sSpan1063" value="Sing"/>
		<feat xlink:href="#sSpan1065" value="Plur"/>
		<feat xlink:href="#sSpan1068" value="Sing"/>
		<feat xlink:href="#sSpan1069" value="Sing"/>
		<feat xlink:href="#sSpan1070" value="Plur"/>
		<feat xlink:href="#sSpan1074" value="Sing"/>
		<feat xlink:href="#sSpan1075" value="Sing"/>
		<feat xlink:href="#sSpan1076" value="Sing"/>
		<feat xlink:href="#sSpan1077" value="Plur"/>
		<feat xlink:href="#sSpan1078" value="Sing"/>
		<feat xlink:href="#sSpan1079" value="Sing"/>
		<feat xlink:href="#sSpan1080" value="Sing"/>
		<feat xlink:href="#sSpan1082" value="Plur"/>
		<feat xlink:href="#sSpan1083" value="Plur"/>
		<feat xlink:href="#sSpan1088" value="Sing"/>
		<feat xlink:href="#sSpan1089" value="Plur"/>
		<feat xlink:href="#sSpan1090" value="Sing"/>
		<feat xlink:href="#sSpan1091" value="Plur"/>
		<feat xlink:href="#sSpan1095" value="Sing"/>
		<feat xlink:href="#sSpan1100" value="Plur"/>
		<feat xlink:href="#sSpan1104" value="Plur"/>
		<feat xlink:href="#sSpan1105" value="Plur"/>
		<feat xlink:href="#sSpan1112" value="Sing"/>
		<feat xlink:href="#sSpan1113" value="Plur"/>
		<feat xlink:href="#sSpan1116" value="Sing"/>
		<feat xlink:href="#sSpan1117" value="Plur"/>
		<feat xlink:href="#sSpan1118" value="Sing"/>
		<feat xlink:href="#sSpan1119" value="Plur"/>
		<feat xlink:href="#sSpan1123" value="Sing"/>
		<feat xlink:href="#sSpan1126" value="Plur"/>
		<feat xlink:href="#sSpan1135" value="Sing"/>
		<feat xlink:href="#sSpan1138" value="Sing"/>
		<feat xlink:href="#sSpan1145" value="Sing"/>
		<feat xlink:href="#sSpan1148" value="Sing"/>
		<feat xlink:href="#sSpan1156" value="Sing"/>
		<feat xlink:href="#sSpan1159" value="Sing"/>
		<feat xlink:href="#sSpan1162" value="Sing"/>
		<feat xlink:href="#sSpan1163" value="Plur"/>
		<feat xlink:href="#sSpan1164" value="Sing"/>
		<feat xlink:href="#sSpan1165" value="Sing"/>
		<feat xlink:href="#sSpan1166" value="Plur"/>
		<feat xlink:href="#sSpan1167" value="Plur"/>
		<feat xlink:href="#sSpan1173" value="Sing"/>
		<feat xlink:href="#sSpan1177" value="Plur"/>
		<feat xlink:href="#sSpan1180" value="Sing"/>
		<feat xlink:href="#sSpan1182" value="Plur"/>
		<feat xlink:href="#sSpan1183" value="Plur"/>
		<feat xlink:href="#sSpan1188" value="Plur"/>
		<feat xlink:href="#sSpan1193" value="Plur"/>
		<feat xlink:href="#sSpan1197" value="Sing"/>
		<feat xlink:href="#sSpan1204" value="Sing"/>
		<feat xlink:href="#sSpan1205" value="Sing"/>
		<feat xlink:href="#sSpan1214" value="Sing"/>
		<feat xlink:href="#sSpan1218" value="Sing"/>
		<feat xlink:href="#sSpan1221" value="Plur"/>
		<feat xlink:href="#sSpan1226" value="Sing"/>
		<feat xlink:href="#sSpan1227" value="Sing"/>
		<feat xlink:href="#sSpan1228" value="Sing"/>
		<feat xlink:href="#sSpan1230" value="Sing"/>
		<feat xlink:href="#sSpan1231" value="Sing"/>
		<feat xlink:href="#sSpan1233" value="Sing"/>
		<feat xlink:href="#sSpan1239" value="Sing"/>
		<feat xlink:href="#sSpan1251" value="Sing"/>
		<feat xlink:href="#sSpan1256" value="Sing"/>
		<feat xlink:href="#sSpan1259" value="Sing"/>
		<feat xlink:href="#sSpan1264" value="Sing"/>
		<feat xlink:href="#sSpan1267" value="Sing"/>
		<feat xlink:href="#sSpan1268" value="Plur"/>
		<feat xlink:href="#sSpan1273" value="Sing"/>
		<feat xlink:href="#sSpan1277" value="Plur"/>
		<feat xlink:href="#sSpan1281" value="Sing"/>
		<feat xlink:href="#sSpan1282" value="Sing"/>
		<feat xlink:href="#sSpan1283" value="Sing"/>
		<feat xlink:href="#sSpan1287" value="Sing"/>
		<feat xlink:href="#sSpan1293" value="Plur"/>
		<feat xlink:href="#sSpan1299" value="Sing"/>
		<feat xlink:href="#sSpan1300" value="Sing"/>
		<feat xlink:href="#sSpan1301" value="Sing"/>
		<feat xlink:href="#sSpan1308" value="Sing"/>
		<feat xlink:href="#sSpan1312" value="Sing"/>
		<feat xlink:href="#sSpan1314" value="Sing"/>
		<feat xlink:href="#sSpan1316" value="Sing"/>
		<feat xlink:href="#sSpan1318" value="Sing"/>
		<feat xlink:href="#sSpan1321" value="Sing"/>
		<feat xlink:href="#sSpan1324" value="Sing"/>
		<feat xlink:href="#sSpan1327" value="Sing"/>
		<feat xlink:href="#sSpan1329" value="Plur"/>
		<feat xlink:href="#sSpan1331" value="Sing"/>
		<feat xlink:href="#sSpan1333" value="Sing"/>
		<feat xlink:href="#sSpan1334" value="Plur"/>
		<feat xlink:href="#sSpan1337" value="Plur"/>
		<feat xlink:href="#sSpan1339" value="Plur"/>
		<feat xlink:href="#sSpan1341" value="Sing"/>
		<feat xlink:href="#sSpan1342" value="Sing"/>
		<feat xlink:href="#sSpan1353" value="Sing"/>
		<feat xlink:href="#sSpan1354" value="Sing"/>
		<feat xlink:href="#sSpan1355" value="Sing"/>
		<feat xlink:href="#sSpan1360" value="Sing"/>
		<feat xlink:href="#sSpan1363" value="Sing"/>
		<feat xlink:href="#sSpan1372" value="Sing"/>
		<feat xlink:href="#sSpan1373" value="Plur"/>
		<feat xlink:href="#sSpan1378" value="Sing"/>
		<feat xlink:href="#sSpan1380" value="Sing"/>
		<feat xlink:href="#sSpan1381" value="Sing"/>
		<feat xlink:href="#sSpan1388" value="Plur"/>
		<feat xlink:href="#sSpan1389" value="Sing"/>
		<feat xlink:href="#sSpan1392" value="Sing"/>
		<feat xlink:href="#sSpan1394" value="Sing"/>
		<feat xlink:href="#sSpan1397" value="Plur"/>
		<feat xlink:href="#sSpan1398" value="Sing"/>
		<feat xlink:href="#sSpan1400" value="Plur"/>
		<feat xlink:href="#sSpan1403" value="Plur"/>
		<feat xlink:href="#sSpan1404" value="Sing"/>
		<feat xlink:href="#sSpan1405" value="Plur"/>
		<feat xlink:href="#sSpan1407" value="Plur"/>
		<feat xlink:href="#sSpan1411" value="Sing"/>
		<feat xlink:href="#sSpan1412" value="Plur"/>
		<feat xlink:href="#sSpan1413" value="Plur"/>
		<feat xlink:href="#sSpan1419" value="Sing"/>
		<feat xlink:href="#sSpan1425" value="Sing"/>
		<feat xlink:href="#sSpan1426" value="Plur"/>
		<feat xlink:href="#sSpan1430" value="Plur"/>
		<feat xlink:href="#sSpan1432" value="Sing"/>
		<feat xlink:href="#sSpan1435" value="Sing"/>
		<feat xlink:href="#sSpan1442" value="Sing"/>
		<feat xlink:href="#sSpan1447" value="Plur"/>
		<feat xlink:href="#sSpan1453" value="Plur"/>
		<feat xlink:href="#sSpan1458" value="Sing"/>
		<feat xlink:href="#sSpan1459" value="Sing"/>
		<feat xlink:href="#sSpan1464" value="Plur"/>
		<feat xlink:href="#sSpan1465" value="Sing"/>
		<feat xlink:href="#sSpan1466" value="Sing"/>
		<feat xlink:href="#sSpan1467" value="Sing"/>
		<feat xlink:href="#sSpan1471" value="Plur"/>
		<feat xlink:href="#sSpan1473" value="Plur"/>
		<feat xlink:href="#sSpan1480" value="Plur"/>
		<feat xlink:href="#sSpan1484" value="Plur"/>
		<feat xlink:href="#sSpan1486" value="Sing"/>
		<feat xlink:href="#sSpan1489" value="Plur"/>
		<feat xlink:href="#sSpan1497" value="Sing"/>
		<feat xlink:href="#sSpan1502" value="Sing"/>
		<feat xlink:href="#sSpan1503" value="Sing"/>
		<feat xlink:href="#sSpan1506" value="Sing"/>
		<feat xlink:href="#sSpan1508" value="Sing"/>
		<feat xlink:href="#sSpan1509" value="Plur"/>
		<feat xlink:href="#sSpan1512" value="Sing"/>
		<feat xlink:href="#sSpan1513" value="Sing"/>
		<feat xlink:href="#sSpan1514" value="Sing"/>
		<feat xlink:href="#sSpan1518" value="Sing"/>
		<feat xlink:href="#sSpan1523" value="Sing"/>
		<feat xlink:href="#sSpan1527" value="Sing"/>
		<feat xlink:href="#sSpan1537" value="Sing"/>
		<feat xlink:href="#sSpan1540" value="Sing"/>
		<feat xlink:href="#sSpan1545" value="Sing"/>
		<feat xlink:href="#sSpan1548" value="Sing"/>
		<feat xlink:href="#sSpan1549" value="Sing"/>
		<feat xlink:href="#sSpan1556" value="Plur"/>
		<feat xlink:href="#sSpan1558" value="Sing"/>
		<feat xlink:href="#sSpan1559" value="Sing"/>
		<feat xlink:href="#sSpan1570" value="Plur"/>
		<feat xlink:href="#sSpan1575" value="Sing"/>
		<feat xlink:href="#sSpan1576" value="Sing"/>
		<feat xlink:href="#sSpan1577" value="Sing"/>
		<feat xlink:href="#sSpan1578" value="Sing"/></featList></paula>