<?xml version='1.0' encoding='UTF-8'?><!DOCTYPE paula SYSTEM "paula_feat.dtd">
<paula version="1.1">
	<header paula_id="morph.GUM_academic_census.mark_PronType"/>
	<featList xmlns:xlink="http://www.w3.org/1999/xlink" type="PronType" xml:base="morph.GUM_academic_census.mark.xml">
		<feat xlink:href="#sSpan838" value="Art"/>
		<feat xlink:href="#sSpan843" value="Art"/>
		<feat xlink:href="#sSpan851" value="Prs"/>
		<feat xlink:href="#sSpan860" value="Prs"/>
		<feat xlink:href="#sSpan871" value="Tot"/>
		<feat xlink:href="#sSpan872" value="Dem"/>
		<feat xlink:href="#sSpan894" value="Art"/>
		<feat xlink:href="#sSpan906" value="Art"/>
		<feat xlink:href="#sSpan934" value="Rel"/>
		<feat xlink:href="#sSpan946" value="Art"/>
		<feat xlink:href="#sSpan952" value="Prs"/>
		<feat xlink:href="#sSpan977" value="Rel"/>
		<feat xlink:href="#sSpan980" value="Art"/>
		<feat xlink:href="#sSpan985" value="Dem"/>
		<feat xlink:href="#sSpan990" value="Art"/>
		<feat xlink:href="#sSpan1005" value="Art"/>
		<feat xlink:href="#sSpan1011" value="Art"/>
		<feat xlink:href="#sSpan1015" value="Art"/>
		<feat xlink:href="#sSpan1020" value="Art"/>
		<feat xlink:href="#sSpan1024" value="Art"/>
		<feat xlink:href="#sSpan1036" value="Art"/>
		<feat xlink:href="#sSpan1043" value="Rel"/>
		<feat xlink:href="#sSpan1054" value="Rel"/>
		<feat xlink:href="#sSpan1059" value="Prs"/>
		<feat xlink:href="#sSpan1068" value="Dem"/>
		<feat xlink:href="#sSpan1074" value="Art"/>
		<feat xlink:href="#sSpan1078" value="Tot"/>
		<feat xlink:href="#sSpan1084" value="Prs"/>
		<feat xlink:href="#sSpan1090" value="Art"/>
		<feat xlink:href="#sSpan1118" value="Art"/>
		<feat xlink:href="#sSpan1126" value="Art"/>
		<feat xlink:href="#sSpan1131" value="Art"/>
		<feat xlink:href="#sSpan1135" value="Prs"/>
		<feat xlink:href="#sSpan1152" value="Ind"/>
		<feat xlink:href="#sSpan1164" value="Art"/>
		<feat xlink:href="#sSpan1170" value="Rel"/>
		<feat xlink:href="#sSpan1179" value="Art"/>
		<feat xlink:href="#sSpan1187" value="Art"/>
		<feat xlink:href="#sSpan1199" value="Art"/>
		<feat xlink:href="#sSpan1201" value="Tot"/>
		<feat xlink:href="#sSpan1226" value="Dem"/>
		<feat xlink:href="#sSpan1227" value="Art"/>
		<feat xlink:href="#sSpan1247" value="Dem"/>
		<feat xlink:href="#sSpan1266" value="Art"/>
		<feat xlink:href="#sSpan1277" value="Art"/>
		<feat xlink:href="#sSpan1295" value="Art"/>
		<feat xlink:href="#sSpan1300" value="Art"/>
		<feat xlink:href="#sSpan1308" value="Art"/>
		<feat xlink:href="#sSpan1319" value="Art"/>
		<feat xlink:href="#sSpan1335" value="Dem"/>
		<feat xlink:href="#sSpan1361" value="Dem"/>
		<feat xlink:href="#sSpan1369" value="Art"/>
		<feat xlink:href="#sSpan1373" value="Art"/>
		<feat xlink:href="#sSpan1387" value="Art"/>
		<feat xlink:href="#sSpan1392" value="Dem"/>
		<feat xlink:href="#sSpan1396" value="Ind"/>
		<feat xlink:href="#sSpan1412" value="Art"/>
		<feat xlink:href="#sSpan1426" value="Art"/>
		<feat xlink:href="#sSpan1430" value="Art"/>
		<feat xlink:href="#sSpan1451" value="Art"/>
		<feat xlink:href="#sSpan1472" value="Art"/>
		<feat xlink:href="#sSpan1478" value="Rel"/>
		<feat xlink:href="#sSpan1498" value="Art"/>
		<feat xlink:href="#sSpan1503" value="Art"/>
		<feat xlink:href="#sSpan1506" value="Rel"/>
		<feat xlink:href="#sSpan1510" value="Prs"/>
		<feat xlink:href="#sSpan1533" value="Ind"/>
		<feat xlink:href="#sSpan1535" value="Art"/>
		<feat xlink:href="#sSpan1541" value="Dem"/>
		<feat xlink:href="#sSpan1542" value="Prs"/>
		<feat xlink:href="#sSpan1551" value="Art"/>
		<feat xlink:href="#sSpan1558" value="Art"/>
		<feat xlink:href="#sSpan1562" value="Rel"/>
		<feat xlink:href="#sSpan1567" value="Art"/>
		<feat xlink:href="#sSpan1571" value="Art"/>
		<feat xlink:href="#sSpan1580" value="Art"/>
		<feat xlink:href="#sSpan1586" value="Dem"/>
		<feat xlink:href="#sSpan1598" value="Prs"/>
		<feat xlink:href="#sSpan1605" value="Ind"/>
		<feat xlink:href="#sSpan1613" value="Art"/>
		<feat xlink:href="#sSpan1625" value="Art"/>
		<feat xlink:href="#sSpan1630" value="Art"/>
		<feat xlink:href="#sSpan1635" value="Art"/>
		<feat xlink:href="#sSpan1639" value="Art"/>
		<feat xlink:href="#sSpan1644" value="Art"/>
		<feat xlink:href="#sSpan1653" value="Dem"/>
		<feat xlink:href="#sSpan1660" value="Art"/>
		<feat xlink:href="#sSpan1664" value="Art"/>
		<feat xlink:href="#sSpan1670" value="Dem"/>
		<feat xlink:href="#sSpan1680" value="Art"/>
		<feat xlink:href="#sSpan1695" value="Dem"/>
		<feat xlink:href="#sSpan1704" value="Rel"/>
		<feat xlink:href="#sSpan1705" value="Art"/>
		<feat xlink:href="#sSpan1715" value="Rel"/>
		<feat xlink:href="#sSpan1724" value="Art"/>
		<feat xlink:href="#sSpan1742" value="Art"/>
		<feat xlink:href="#sSpan1754" value="Dem"/>
		<feat xlink:href="#sSpan1769" value="Art"/>
		<feat xlink:href="#sSpan1779" value="Prs"/>
		<feat xlink:href="#sSpan1799" value="Prs"/>
		<feat xlink:href="#sSpan1807" value="Art"/>
		<feat xlink:href="#sSpan1813" value="Prs"/>
		<feat xlink:href="#sSpan1823" value="Prs"/>
		<feat xlink:href="#sSpan1829" value="Art"/>
		<feat xlink:href="#sSpan1832" value="Prs"/>
		<feat xlink:href="#sSpan1841" value="Art"/>
		<feat xlink:href="#sSpan1851" value="Art"/>
		<feat xlink:href="#sSpan1854" value="Art"/>
		<feat xlink:href="#sSpan1860" value="Art"/>
		<feat xlink:href="#sSpan1867" value="Prs"/>
		<feat xlink:href="#sSpan1871" value="Art"/>
		<feat xlink:href="#sSpan1883" value="Art"/>
		<feat xlink:href="#sSpan1891" value="Art"/>
		<feat xlink:href="#sSpan1894" value="Art"/>
		<feat xlink:href="#sSpan1902" value="Prs"/>
		<feat xlink:href="#sSpan1912" value="Art"/>
		<feat xlink:href="#sSpan1920" value="Art"/></featList></paula>