<?xml version='1.0' encoding='UTF-8'?><!DOCTYPE paula SYSTEM "paula_mark.dtd">
<paula version="1.1">
	<header paula_id="morph.GUM_academic_census.mark"/>
	<markList xmlns:xlink="http://www.w3.org/1999/xlink" type="morph" xml:base="GUM_academic_census.tok.xml">
		<!--1-->
		<mark id="sSpan465" xlink:href="#sTok1"/>
		<!--1-->
		<mark id="sSpan466" xlink:href="#sTok1"/>
		<!--Introduction-->
		<mark id="sSpan467" xlink:href="#sTok2"/>
		<!--Tenured-->
		<mark id="sSpan468" xlink:href="#sTok3"/>
		<!--tenure-->
		<mark id="sSpan469" xlink:href="#sTok5"/>
		<!--track-->
		<mark id="sSpan470" xlink:href="#sTok7"/>
		<!--university-->
		<mark id="sSpan471" xlink:href="#sTok8"/>
		<!--faculty-->
		<mark id="sSpan472" xlink:href="#sTok9"/>
		<!--play-->
		<mark id="sSpan473" xlink:href="#sTok10"/>
		<!--a-->
		<mark id="sSpan474" xlink:href="#sTok11"/>
		<!--a-->
		<mark id="sSpan475" xlink:href="#sTok11"/>
		<!--special-->
		<mark id="sSpan476" xlink:href="#sTok12"/>
		<!--role-->
		<mark id="sSpan477" xlink:href="#sTok13"/>
		<!--determining-->
		<mark id="sSpan478" xlink:href="#sTok15"/>
		<!--the-->
		<mark id="sSpan479" xlink:href="#sTok16"/>
		<!--the-->
		<mark id="sSpan480" xlink:href="#sTok16"/>
		<!--speed-->
		<mark id="sSpan481" xlink:href="#sTok17"/>
		<!--direction-->
		<mark id="sSpan482" xlink:href="#sTok19"/>
		<!--scientific-->
		<mark id="sSpan483" xlink:href="#sTok21"/>
		<!--progress-->
		<mark id="sSpan484" xlink:href="#sTok22"/>
		<!--directly-->
		<mark id="sSpan485" xlink:href="#sTok25"/>
		<!--their-->
		<mark id="sSpan486" xlink:href="#sTok27"/>
		<!--their-->
		<mark id="sSpan487" xlink:href="#sTok27"/>
		<!--their-->
		<mark id="sSpan488" xlink:href="#sTok27"/>
		<!--their-->
		<mark id="sSpan489" xlink:href="#sTok27"/>
		<!--research-->
		<mark id="sSpan490" xlink:href="#sTok28"/>
		<!--indirectly-->
		<mark id="sSpan491" xlink:href="#sTok30"/>
		<!--their-->
		<mark id="sSpan492" xlink:href="#sTok32"/>
		<!--their-->
		<mark id="sSpan493" xlink:href="#sTok32"/>
		<!--their-->
		<mark id="sSpan494" xlink:href="#sTok32"/>
		<!--their-->
		<mark id="sSpan495" xlink:href="#sTok32"/>
		<!--training-->
		<mark id="sSpan496" xlink:href="#sTok33"/>
		<!--new-->
		<mark id="sSpan497" xlink:href="#sTok35"/>
		<!--researchers-->
		<mark id="sSpan498" xlink:href="#sTok36"/>
		<!--Past-->
		<mark id="sSpan499" xlink:href="#sTok38"/>
		<!--studies-->
		<mark id="sSpan500" xlink:href="#sTok39"/>
		<!--establish-->
		<mark id="sSpan501" xlink:href="#sTok40"/>
		<!--establish-->
		<mark id="sSpan502" xlink:href="#sTok40"/>
		<!--establish-->
		<mark id="sSpan503" xlink:href="#sTok40"/>
		<!--establish-->
		<mark id="sSpan504" xlink:href="#sTok40"/>
		<!--establish-->
		<mark id="sSpan505" xlink:href="#sTok40"/>
		<!--these-->
		<mark id="sSpan506" xlink:href="#sTok44"/>
		<!--these-->
		<mark id="sSpan507" xlink:href="#sTok44"/>
		<!--efforts-->
		<mark id="sSpan508" xlink:href="#sTok45"/>
		<!--is-->
		<mark id="sSpan509" xlink:href="#sTok46"/>
		<!--is-->
		<mark id="sSpan510" xlink:href="#sTok46"/>
		<!--is-->
		<mark id="sSpan511" xlink:href="#sTok46"/>
		<!--is-->
		<mark id="sSpan512" xlink:href="#sTok46"/>
		<!--is-->
		<mark id="sSpan513" xlink:href="#sTok46"/>
		<!--strongly-->
		<mark id="sSpan514" xlink:href="#sTok47"/>
		<!--positively-->
		<mark id="sSpan515" xlink:href="#sTok49"/>
		<!--influenced-->
		<mark id="sSpan516" xlink:href="#sTok50"/>
		<!--influenced-->
		<mark id="sSpan517" xlink:href="#sTok50"/>
		<!--influenced-->
		<mark id="sSpan518" xlink:href="#sTok50"/>
		<!--various-->
		<mark id="sSpan519" xlink:href="#sTok52"/>
		<!--forms-->
		<mark id="sSpan520" xlink:href="#sTok53"/>
		<!--faculty-->
		<mark id="sSpan521" xlink:href="#sTok55"/>
		<!--diversity-->
		<mark id="sSpan522" xlink:href="#sTok56"/>
		<!--including-->
		<mark id="sSpan523" xlink:href="#sTok58"/>
		<!--ethnic-->
		<mark id="sSpan524" xlink:href="#sTok59"/>
		<!--racial-->
		<mark id="sSpan525" xlink:href="#sTok61"/>
		<!--gender-->
		<mark id="sSpan526" xlink:href="#sTok64"/>
		<!--diversity-->
		<mark id="sSpan527" xlink:href="#sTok65"/>
		<!--an-->
		<mark id="sSpan528" xlink:href="#sTok68"/>
		<!--an-->
		<mark id="sSpan529" xlink:href="#sTok68"/>
		<!--example-->
		<mark id="sSpan530" xlink:href="#sTok69"/>
		<!--research-->
		<mark id="sSpan531" xlink:href="#sTok71"/>
		<!--shows-->
		<mark id="sSpan532" xlink:href="#sTok72"/>
		<!--shows-->
		<mark id="sSpan533" xlink:href="#sTok72"/>
		<!--shows-->
		<mark id="sSpan534" xlink:href="#sTok72"/>
		<!--shows-->
		<mark id="sSpan535" xlink:href="#sTok72"/>
		<!--shows-->
		<mark id="sSpan536" xlink:href="#sTok72"/>
		<!--greater-->
		<mark id="sSpan537" xlink:href="#sTok74"/>
		<!--diversity-->
		<mark id="sSpan538" xlink:href="#sTok75"/>
		<!--a-->
		<mark id="sSpan539" xlink:href="#sTok77"/>
		<!--a-->
		<mark id="sSpan540" xlink:href="#sTok77"/>
		<!--community-->
		<mark id="sSpan541" xlink:href="#sTok78"/>
		<!--group-->
		<mark id="sSpan542" xlink:href="#sTok80"/>
		<!--can-->
		<mark id="sSpan543" xlink:href="#sTok81"/>
		<!--can-->
		<mark id="sSpan544" xlink:href="#sTok81"/>
		<!--can-->
		<mark id="sSpan545" xlink:href="#sTok81"/>
		<!--lead-->
		<mark id="sSpan546" xlink:href="#sTok82"/>
		<!--improved-->
		<mark id="sSpan547" xlink:href="#sTok84"/>
		<!--improved-->
		<mark id="sSpan548" xlink:href="#sTok84"/>
		<!--critical-->
		<mark id="sSpan549" xlink:href="#sTok85"/>
		<!--thinking-->
		<mark id="sSpan550" xlink:href="#sTok86"/>
		<!--1-->
		<mark id="sSpan551" xlink:href="#sTok88"/>
		<!--1-->
		<mark id="sSpan552" xlink:href="#sTok88"/>
		<!--more-->
		<mark id="sSpan553" xlink:href="#sTok91"/>
		<!--creative-->
		<mark id="sSpan554" xlink:href="#sTok92"/>
		<!--solutions-->
		<mark id="sSpan555" xlink:href="#sTok93"/>
		<!--complex-->
		<mark id="sSpan556" xlink:href="#sTok95"/>
		<!--tasks-->
		<mark id="sSpan557" xlink:href="#sTok96"/>
		<!--2-->
		<mark id="sSpan558" xlink:href="#sTok98"/>
		<!--2-->
		<mark id="sSpan559" xlink:href="#sTok98"/>
		<!--3-->
		<mark id="sSpan560" xlink:href="#sTok100"/>
		<!--3-->
		<mark id="sSpan561" xlink:href="#sTok100"/>
		<!--pairing-->
		<mark id="sSpan562" xlink:href="#sTok103"/>
		<!--together-->
		<mark id="sSpan563" xlink:href="#sTok104"/>
		<!--individuals-->
		<mark id="sSpan564" xlink:href="#sTok105"/>
		<!--unique-->
		<mark id="sSpan565" xlink:href="#sTok107"/>
		<!--skillsets-->
		<mark id="sSpan566" xlink:href="#sTok108"/>
		<!--perspectives-->
		<mark id="sSpan567" xlink:href="#sTok110"/>
		<!--that-->
		<mark id="sSpan568" xlink:href="#sTok111"/>
		<!--complement-->
		<mark id="sSpan569" xlink:href="#sTok112"/>
		<!--complement-->
		<mark id="sSpan570" xlink:href="#sTok112"/>
		<!--complement-->
		<mark id="sSpan571" xlink:href="#sTok112"/>
		<!--complement-->
		<mark id="sSpan572" xlink:href="#sTok112"/>
		<!--complement-->
		<mark id="sSpan573" xlink:href="#sTok112"/>
		<!--often-->
		<mark id="sSpan574" xlink:href="#sTok114"/>
		<!--augment-->
		<mark id="sSpan575" xlink:href="#sTok115"/>
		<!--augment-->
		<mark id="sSpan576" xlink:href="#sTok115"/>
		<!--augment-->
		<mark id="sSpan577" xlink:href="#sTok115"/>
		<!--augment-->
		<mark id="sSpan578" xlink:href="#sTok115"/>
		<!--augment-->
		<mark id="sSpan579" xlink:href="#sTok115"/>
		<!--the-->
		<mark id="sSpan580" xlink:href="#sTok116"/>
		<!--the-->
		<mark id="sSpan581" xlink:href="#sTok116"/>
		<!--abilities-->
		<mark id="sSpan582" xlink:href="#sTok117"/>
		<!--their-->
		<mark id="sSpan583" xlink:href="#sTok119"/>
		<!--their-->
		<mark id="sSpan584" xlink:href="#sTok119"/>
		<!--their-->
		<mark id="sSpan585" xlink:href="#sTok119"/>
		<!--their-->
		<mark id="sSpan586" xlink:href="#sTok119"/>
		<!--peers-->
		<mark id="sSpan587" xlink:href="#sTok120"/>
		<!--Additionally-->
		<mark id="sSpan588" xlink:href="#sTok122"/>
		<!--diversity-->
		<mark id="sSpan589" xlink:href="#sTok124"/>
		<!--has-->
		<mark id="sSpan590" xlink:href="#sTok125"/>
		<!--has-->
		<mark id="sSpan591" xlink:href="#sTok125"/>
		<!--has-->
		<mark id="sSpan592" xlink:href="#sTok125"/>
		<!--has-->
		<mark id="sSpan593" xlink:href="#sTok125"/>
		<!--has-->
		<mark id="sSpan594" xlink:href="#sTok125"/>
		<!--been-->
		<mark id="sSpan595" xlink:href="#sTok126"/>
		<!--been-->
		<mark id="sSpan596" xlink:href="#sTok126"/>
		<!--shown-->
		<mark id="sSpan597" xlink:href="#sTok127"/>
		<!--shown-->
		<mark id="sSpan598" xlink:href="#sTok127"/>
		<!--shown-->
		<mark id="sSpan599" xlink:href="#sTok127"/>
		<!--produce-->
		<mark id="sSpan600" xlink:href="#sTok129"/>
		<!--more-->
		<mark id="sSpan601" xlink:href="#sTok130"/>
		<!--supportive-->
		<mark id="sSpan602" xlink:href="#sTok131"/>
		<!--social-->
		<mark id="sSpan603" xlink:href="#sTok132"/>
		<!--climates-->
		<mark id="sSpan604" xlink:href="#sTok133"/>
		<!--effective-->
		<mark id="sSpan605" xlink:href="#sTok135"/>
		<!--learning-->
		<mark id="sSpan606" xlink:href="#sTok136"/>
		<!--environments-->
		<mark id="sSpan607" xlink:href="#sTok137"/>
		<!--4-->
		<mark id="sSpan608" xlink:href="#sTok139"/>
		<!--4-->
		<mark id="sSpan609" xlink:href="#sTok139"/>
		<!--which-->
		<mark id="sSpan610" xlink:href="#sTok142"/>
		<!--can-->
		<mark id="sSpan611" xlink:href="#sTok143"/>
		<!--facilitate-->
		<mark id="sSpan612" xlink:href="#sTok144"/>
		<!--the-->
		<mark id="sSpan613" xlink:href="#sTok145"/>
		<!--the-->
		<mark id="sSpan614" xlink:href="#sTok145"/>
		<!--mentoring-->
		<mark id="sSpan615" xlink:href="#sTok146"/>
		<!--young-->
		<mark id="sSpan616" xlink:href="#sTok148"/>
		<!--scientists-->
		<mark id="sSpan617" xlink:href="#sTok149"/>
		<!--these-->
		<mark id="sSpan618" xlink:href="#sTok152"/>
		<!--these-->
		<mark id="sSpan619" xlink:href="#sTok152"/>
		<!--positive-->
		<mark id="sSpan620" xlink:href="#sTok153"/>
		<!--effects-->
		<mark id="sSpan621" xlink:href="#sTok154"/>
		<!--quantifying-->
		<mark id="sSpan622" xlink:href="#sTok158"/>
		<!--the-->
		<mark id="sSpan623" xlink:href="#sTok159"/>
		<!--the-->
		<mark id="sSpan624" xlink:href="#sTok159"/>
		<!--impact-->
		<mark id="sSpan625" xlink:href="#sTok160"/>
		<!--diversity-->
		<mark id="sSpan626" xlink:href="#sTok162"/>
		<!--science-->
		<mark id="sSpan627" xlink:href="#sTok164"/>
		<!--remains-->
		<mark id="sSpan628" xlink:href="#sTok165"/>
		<!--remains-->
		<mark id="sSpan629" xlink:href="#sTok165"/>
		<!--remains-->
		<mark id="sSpan630" xlink:href="#sTok165"/>
		<!--remains-->
		<mark id="sSpan631" xlink:href="#sTok165"/>
		<!--remains-->
		<mark id="sSpan632" xlink:href="#sTok165"/>
		<!--exceedingly-->
		<mark id="sSpan633" xlink:href="#sTok166"/>
		<!--difficult-->
		<mark id="sSpan634" xlink:href="#sTok167"/>
		<!--due-->
		<mark id="sSpan635" xlink:href="#sTok169"/>
		<!--large-->
		<mark id="sSpan636" xlink:href="#sTok171"/>
		<!--part-->
		<mark id="sSpan637" xlink:href="#sTok172"/>
		<!--a-->
		<mark id="sSpan638" xlink:href="#sTok174"/>
		<!--a-->
		<mark id="sSpan639" xlink:href="#sTok174"/>
		<!--lack-->
		<mark id="sSpan640" xlink:href="#sTok175"/>
		<!--comprehensive-->
		<mark id="sSpan641" xlink:href="#sTok177"/>
		<!--data-->
		<mark id="sSpan642" xlink:href="#sTok178"/>
		<!--the-->
		<mark id="sSpan643" xlink:href="#sTok180"/>
		<!--the-->
		<mark id="sSpan644" xlink:href="#sTok180"/>
		<!--scientific-->
		<mark id="sSpan645" xlink:href="#sTok181"/>
		<!--workforce-->
		<mark id="sSpan646" xlink:href="#sTok182"/>
		<!--Measuring-->
		<mark id="sSpan647" xlink:href="#sTok184"/>
		<!--the-->
		<mark id="sSpan648" xlink:href="#sTok185"/>
		<!--the-->
		<mark id="sSpan649" xlink:href="#sTok185"/>
		<!--composition-->
		<mark id="sSpan650" xlink:href="#sTok186"/>
		<!--dynamics-->
		<mark id="sSpan651" xlink:href="#sTok188"/>
		<!--a-->
		<mark id="sSpan652" xlink:href="#sTok190"/>
		<!--a-->
		<mark id="sSpan653" xlink:href="#sTok190"/>
		<!--scientific-->
		<mark id="sSpan654" xlink:href="#sTok191"/>
		<!--workforce-->
		<mark id="sSpan655" xlink:href="#sTok192"/>
		<!--particularly-->
		<mark id="sSpan656" xlink:href="#sTok194"/>
		<!--a-->
		<mark id="sSpan657" xlink:href="#sTok196"/>
		<!--a-->
		<mark id="sSpan658" xlink:href="#sTok196"/>
		<!--rapidly-->
		<mark id="sSpan659" xlink:href="#sTok197"/>
		<!--expanding-->
		<mark id="sSpan660" xlink:href="#sTok198"/>
		<!--field-->
		<mark id="sSpan661" xlink:href="#sTok199"/>
		<!--computer-->
		<mark id="sSpan662" xlink:href="#sTok201"/>
		<!--science-->
		<mark id="sSpan663" xlink:href="#sTok202"/>
		<!--is-->
		<mark id="sSpan664" xlink:href="#sTok204"/>
		<!--is-->
		<mark id="sSpan665" xlink:href="#sTok204"/>
		<!--is-->
		<mark id="sSpan666" xlink:href="#sTok204"/>
		<!--is-->
		<mark id="sSpan667" xlink:href="#sTok204"/>
		<!--is-->
		<mark id="sSpan668" xlink:href="#sTok204"/>
		<!--a-->
		<mark id="sSpan669" xlink:href="#sTok205"/>
		<!--a-->
		<mark id="sSpan670" xlink:href="#sTok205"/>
		<!--crucial-->
		<mark id="sSpan671" xlink:href="#sTok206"/>
		<!--first-->
		<mark id="sSpan672" xlink:href="#sTok207"/>
		<!--first-->
		<mark id="sSpan673" xlink:href="#sTok207"/>
		<!--step-->
		<mark id="sSpan674" xlink:href="#sTok208"/>
		<!--understanding-->
		<mark id="sSpan675" xlink:href="#sTok210"/>
		<!--how-->
		<mark id="sSpan676" xlink:href="#sTok211"/>
		<!--scholarly-->
		<mark id="sSpan677" xlink:href="#sTok212"/>
		<!--research-->
		<mark id="sSpan678" xlink:href="#sTok213"/>
		<!--is-->
		<mark id="sSpan679" xlink:href="#sTok214"/>
		<!--is-->
		<mark id="sSpan680" xlink:href="#sTok214"/>
		<!--is-->
		<mark id="sSpan681" xlink:href="#sTok214"/>
		<!--is-->
		<mark id="sSpan682" xlink:href="#sTok214"/>
		<!--is-->
		<mark id="sSpan683" xlink:href="#sTok214"/>
		<!--conducted-->
		<mark id="sSpan684" xlink:href="#sTok215"/>
		<!--conducted-->
		<mark id="sSpan685" xlink:href="#sTok215"/>
		<!--conducted-->
		<mark id="sSpan686" xlink:href="#sTok215"/>
		<!--how-->
		<mark id="sSpan687" xlink:href="#sTok217"/>
		<!--it-->
		<mark id="sSpan688" xlink:href="#sTok218"/>
		<!--it-->
		<mark id="sSpan689" xlink:href="#sTok218"/>
		<!--it-->
		<mark id="sSpan690" xlink:href="#sTok218"/>
		<!--it-->
		<mark id="sSpan691" xlink:href="#sTok218"/>
		<!--it-->
		<mark id="sSpan692" xlink:href="#sTok218"/>
		<!--might-->
		<mark id="sSpan693" xlink:href="#sTok219"/>
		<!--be-->
		<mark id="sSpan694" xlink:href="#sTok220"/>
		<!--enhanced-->
		<mark id="sSpan695" xlink:href="#sTok221"/>
		<!--enhanced-->
		<mark id="sSpan696" xlink:href="#sTok221"/>
		<!--enhanced-->
		<mark id="sSpan697" xlink:href="#sTok221"/>
		<!--many-->
		<mark id="sSpan698" xlink:href="#sTok224"/>
		<!--scientific-->
		<mark id="sSpan699" xlink:href="#sTok225"/>
		<!--fields-->
		<mark id="sSpan700" xlink:href="#sTok226"/>
		<!--is-->
		<mark id="sSpan701" xlink:href="#sTok231"/>
		<!--is-->
		<mark id="sSpan702" xlink:href="#sTok231"/>
		<!--is-->
		<mark id="sSpan703" xlink:href="#sTok231"/>
		<!--is-->
		<mark id="sSpan704" xlink:href="#sTok231"/>
		<!--is-->
		<mark id="sSpan705" xlink:href="#sTok231"/>
		<!--no-->
		<mark id="sSpan706" xlink:href="#sTok232"/>
		<!--central-->
		<mark id="sSpan707" xlink:href="#sTok233"/>
		<!--listing-->
		<mark id="sSpan708" xlink:href="#sTok234"/>
		<!--tenure-->
		<mark id="sSpan709" xlink:href="#sTok237"/>
		<!--track-->
		<mark id="sSpan710" xlink:href="#sTok239"/>
		<!--faculty-->
		<mark id="sSpan711" xlink:href="#sTok240"/>
		<!--making-->
		<mark id="sSpan712" xlink:href="#sTok242"/>
		<!--it-->
		<mark id="sSpan713" xlink:href="#sTok243"/>
		<!--it-->
		<mark id="sSpan714" xlink:href="#sTok243"/>
		<!--it-->
		<mark id="sSpan715" xlink:href="#sTok243"/>
		<!--it-->
		<mark id="sSpan716" xlink:href="#sTok243"/>
		<!--it-->
		<mark id="sSpan717" xlink:href="#sTok243"/>
		<!--difficult-->
		<mark id="sSpan718" xlink:href="#sTok244"/>
		<!--define-->
		<mark id="sSpan719" xlink:href="#sTok246"/>
		<!--a-->
		<mark id="sSpan720" xlink:href="#sTok247"/>
		<!--a-->
		<mark id="sSpan721" xlink:href="#sTok247"/>
		<!--rigorous-->
		<mark id="sSpan722" xlink:href="#sTok248"/>
		<!--sample-->
		<mark id="sSpan723" xlink:href="#sTok249"/>
		<!--frame-->
		<mark id="sSpan724" xlink:href="#sTok250"/>
		<!--analysis-->
		<mark id="sSpan725" xlink:href="#sTok252"/>
		<!--Further-->
		<mark id="sSpan726" xlink:href="#sTok254"/>
		<!--rates-->
		<mark id="sSpan727" xlink:href="#sTok256"/>
		<!--adoption-->
		<mark id="sSpan728" xlink:href="#sTok258"/>
		<!--services-->
		<mark id="sSpan729" xlink:href="#sTok260"/>
		<!--GoogleScholar-->
		<mark id="sSpan730" xlink:href="#sTok262"/>
		<!--ResearchGate-->
		<mark id="sSpan731" xlink:href="#sTok264"/>
		<!--vary-->
		<mark id="sSpan732" xlink:href="#sTok265"/>
		<!--vary-->
		<mark id="sSpan733" xlink:href="#sTok265"/>
		<!--vary-->
		<mark id="sSpan734" xlink:href="#sTok265"/>
		<!--vary-->
		<mark id="sSpan735" xlink:href="#sTok265"/>
		<!--vary-->
		<mark id="sSpan736" xlink:href="#sTok265"/>
		<!--disciplines-->
		<mark id="sSpan737" xlink:href="#sTok270"/>
		<!--instance-->
		<mark id="sSpan738" xlink:href="#sTok273"/>
		<!--gender-->
		<mark id="sSpan739" xlink:href="#sTok275"/>
		<!--representation-->
		<mark id="sSpan740" xlink:href="#sTok276"/>
		<!--computing-->
		<mark id="sSpan741" xlink:href="#sTok278"/>
		<!--is-->
		<mark id="sSpan742" xlink:href="#sTok279"/>
		<!--is-->
		<mark id="sSpan743" xlink:href="#sTok279"/>
		<!--is-->
		<mark id="sSpan744" xlink:href="#sTok279"/>
		<!--is-->
		<mark id="sSpan745" xlink:href="#sTok279"/>
		<!--is-->
		<mark id="sSpan746" xlink:href="#sTok279"/>
		<!--an-->
		<mark id="sSpan747" xlink:href="#sTok280"/>
		<!--an-->
		<mark id="sSpan748" xlink:href="#sTok280"/>
		<!--important-->
		<mark id="sSpan749" xlink:href="#sTok281"/>
		<!--issue-->
		<mark id="sSpan750" xlink:href="#sTok282"/>
		<!--broad-->
		<mark id="sSpan751" xlink:href="#sTok284"/>
		<!--implications-->
		<mark id="sSpan752" xlink:href="#sTok285"/>
		<!--5-->
		<mark id="sSpan753" xlink:href="#sTok287"/>
		<!--5-->
		<mark id="sSpan754" xlink:href="#sTok287"/>
		<!--a-->
		<mark id="sSpan755" xlink:href="#sTok292"/>
		<!--a-->
		<mark id="sSpan756" xlink:href="#sTok292"/>
		<!--full-->
		<mark id="sSpan757" xlink:href="#sTok293"/>
		<!--census-->
		<mark id="sSpan758" xlink:href="#sTok294"/>
		<!--computing-->
		<mark id="sSpan759" xlink:href="#sTok296"/>
		<!--faculty-->
		<mark id="sSpan760" xlink:href="#sTok297"/>
		<!--the-->
		<mark id="sSpan761" xlink:href="#sTok299"/>
		<!--the-->
		<mark id="sSpan762" xlink:href="#sTok299"/>
		<!--degree-->
		<mark id="sSpan763" xlink:href="#sTok300"/>
		<!--inequality-->
		<mark id="sSpan764" xlink:href="#sTok302"/>
		<!--its-->
		<mark id="sSpan765" xlink:href="#sTok304"/>
		<!--its-->
		<mark id="sSpan766" xlink:href="#sTok304"/>
		<!--its-->
		<mark id="sSpan767" xlink:href="#sTok304"/>
		<!--its-->
		<mark id="sSpan768" xlink:href="#sTok304"/>
		<!--its-->
		<mark id="sSpan769" xlink:href="#sTok304"/>
		<!--possible-->
		<mark id="sSpan770" xlink:href="#sTok305"/>
		<!--sources-->
		<mark id="sSpan771" xlink:href="#sTok306"/>
		<!--are-->
		<mark id="sSpan772" xlink:href="#sTok307"/>
		<!--are-->
		<mark id="sSpan773" xlink:href="#sTok307"/>
		<!--are-->
		<mark id="sSpan774" xlink:href="#sTok307"/>
		<!--are-->
		<mark id="sSpan775" xlink:href="#sTok307"/>
		<!--are-->
		<mark id="sSpan776" xlink:href="#sTok307"/>
		<!--difficult-->
		<mark id="sSpan777" xlink:href="#sTok308"/>
		<!--establish-->
		<mark id="sSpan778" xlink:href="#sTok310"/>
		<!--6-->
		<mark id="sSpan779" xlink:href="#sTok312"/>
		<!--6-->
		<mark id="sSpan780" xlink:href="#sTok312"/>
		<!--disciplines-->
		<mark id="sSpan781" xlink:href="#sTok316"/>
		<!--political-->
		<mark id="sSpan782" xlink:href="#sTok319"/>
		<!--science-->
		<mark id="sSpan783" xlink:href="#sTok320"/>
		<!--are-->
		<mark id="sSpan784" xlink:href="#sTok322"/>
		<!--are-->
		<mark id="sSpan785" xlink:href="#sTok322"/>
		<!--are-->
		<mark id="sSpan786" xlink:href="#sTok322"/>
		<!--are-->
		<mark id="sSpan787" xlink:href="#sTok322"/>
		<!--are-->
		<mark id="sSpan788" xlink:href="#sTok322"/>
		<!--organized-->
		<mark id="sSpan789" xlink:href="#sTok323"/>
		<!--organized-->
		<mark id="sSpan790" xlink:href="#sTok323"/>
		<!--organized-->
		<mark id="sSpan791" xlink:href="#sTok323"/>
		<!--a-->
		<mark id="sSpan792" xlink:href="#sTok325"/>
		<!--a-->
		<mark id="sSpan793" xlink:href="#sTok325"/>
		<!--single-->
		<mark id="sSpan794" xlink:href="#sTok326"/>
		<!--professional-->
		<mark id="sSpan795" xlink:href="#sTok327"/>
		<!--society-->
		<mark id="sSpan796" xlink:href="#sTok328"/>
		<!--whose-->
		<mark id="sSpan797" xlink:href="#sTok330"/>
		<!--whose-->
		<mark id="sSpan798" xlink:href="#sTok330"/>
		<!--membership-->
		<mark id="sSpan799" xlink:href="#sTok331"/>
		<!--roll-->
		<mark id="sSpan800" xlink:href="#sTok332"/>
		<!--approximates-->
		<mark id="sSpan801" xlink:href="#sTok333"/>
		<!--approximates-->
		<mark id="sSpan802" xlink:href="#sTok333"/>
		<!--approximates-->
		<mark id="sSpan803" xlink:href="#sTok333"/>
		<!--approximates-->
		<mark id="sSpan804" xlink:href="#sTok333"/>
		<!--approximates-->
		<mark id="sSpan805" xlink:href="#sTok333"/>
		<!--a-->
		<mark id="sSpan806" xlink:href="#sTok334"/>
		<!--a-->
		<mark id="sSpan807" xlink:href="#sTok334"/>
		<!--full-->
		<mark id="sSpan808" xlink:href="#sTok335"/>
		<!--census-->
		<mark id="sSpan809" xlink:href="#sTok336"/>
		<!--7-->
		<mark id="sSpan810" xlink:href="#sTok338"/>
		<!--7-->
		<mark id="sSpan811" xlink:href="#sTok338"/>
		<!--Most-->
		<mark id="sSpan812" xlink:href="#sTok341"/>
		<!--fields-->
		<mark id="sSpan813" xlink:href="#sTok342"/>
		<!--the-->
		<mark id="sSpan814" xlink:href="#sTok345"/>
		<!--the-->
		<mark id="sSpan815" xlink:href="#sTok345"/>
		<!--other-->
		<mark id="sSpan816" xlink:href="#sTok346"/>
		<!--hand-->
		<mark id="sSpan817" xlink:href="#sTok347"/>
		<!--including-->
		<mark id="sSpan818" xlink:href="#sTok349"/>
		<!--computer-->
		<mark id="sSpan819" xlink:href="#sTok350"/>
		<!--science-->
		<mark id="sSpan820" xlink:href="#sTok351"/>
		<!--lack-->
		<mark id="sSpan821" xlink:href="#sTok353"/>
		<!--lack-->
		<mark id="sSpan822" xlink:href="#sTok353"/>
		<!--lack-->
		<mark id="sSpan823" xlink:href="#sTok353"/>
		<!--lack-->
		<mark id="sSpan824" xlink:href="#sTok353"/>
		<!--lack-->
		<mark id="sSpan825" xlink:href="#sTok353"/>
		<!--a-->
		<mark id="sSpan826" xlink:href="#sTok354"/>
		<!--a-->
		<mark id="sSpan827" xlink:href="#sTok354"/>
		<!--single-->
		<mark id="sSpan828" xlink:href="#sTok355"/>
		<!--encompassing-->
		<mark id="sSpan829" xlink:href="#sTok358"/>
		<!--organization-->
		<mark id="sSpan830" xlink:href="#sTok359"/>
		<!--membership-->
		<mark id="sSpan831" xlink:href="#sTok361"/>
		<!--information-->
		<mark id="sSpan832" xlink:href="#sTok362"/>
		<!--is-->
		<mark id="sSpan833" xlink:href="#sTok363"/>
		<!--is-->
		<mark id="sSpan834" xlink:href="#sTok363"/>
		<!--is-->
		<mark id="sSpan835" xlink:href="#sTok363"/>
		<!--is-->
		<mark id="sSpan836" xlink:href="#sTok363"/>
		<!--is-->
		<mark id="sSpan837" xlink:href="#sTok363"/>
		<!--instead-->
		<mark id="sSpan838" xlink:href="#sTok364"/>
		<!--distributed-->
		<mark id="sSpan839" xlink:href="#sTok365"/>
		<!--distributed-->
		<mark id="sSpan840" xlink:href="#sTok365"/>
		<!--distributed-->
		<mark id="sSpan841" xlink:href="#sTok365"/>
		<!--many-->
		<mark id="sSpan842" xlink:href="#sTok367"/>
		<!--disjoint-->
		<mark id="sSpan843" xlink:href="#sTok368"/>
		<!--lists-->
		<mark id="sSpan844" xlink:href="#sTok369"/>
		<!--such-->
		<mark id="sSpan845" xlink:href="#sTok371"/>
		<!--web-->
		<mark id="sSpan846" xlink:href="#sTok373"/>
		<!--based-->
		<mark id="sSpan847" xlink:href="#sTok375"/>
		<!--based-->
		<mark id="sSpan848" xlink:href="#sTok375"/>
		<!--faculty-->
		<mark id="sSpan849" xlink:href="#sTok376"/>
		<!--directories-->
		<mark id="sSpan850" xlink:href="#sTok377"/>
		<!--individual-->
		<mark id="sSpan851" xlink:href="#sTok379"/>
		<!--departments-->
		<mark id="sSpan852" xlink:href="#sTok380"/>
		<!--assembling-->
		<mark id="sSpan853" xlink:href="#sTok383"/>
		<!--a-->
		<mark id="sSpan854" xlink:href="#sTok385"/>
		<!--a-->
		<mark id="sSpan855" xlink:href="#sTok385"/>
		<!--full-->
		<mark id="sSpan856" xlink:href="#sTok386"/>
		<!--census-->
		<mark id="sSpan857" xlink:href="#sTok387"/>
		<!--is-->
		<mark id="sSpan858" xlink:href="#sTok388"/>
		<!--is-->
		<mark id="sSpan859" xlink:href="#sTok388"/>
		<!--is-->
		<mark id="sSpan860" xlink:href="#sTok388"/>
		<!--is-->
		<mark id="sSpan861" xlink:href="#sTok388"/>
		<!--is-->
		<mark id="sSpan862" xlink:href="#sTok388"/>
		<!--difficult-->
		<mark id="sSpan863" xlink:href="#sTok389"/>
		<!--past-->
		<mark id="sSpan864" xlink:href="#sTok391"/>
		<!--studies-->
		<mark id="sSpan865" xlink:href="#sTok392"/>
		<!--have-->
		<mark id="sSpan866" xlink:href="#sTok393"/>
		<!--have-->
		<mark id="sSpan867" xlink:href="#sTok393"/>
		<!--have-->
		<mark id="sSpan868" xlink:href="#sTok393"/>
		<!--have-->
		<mark id="sSpan869" xlink:href="#sTok393"/>
		<!--have-->
		<mark id="sSpan870" xlink:href="#sTok393"/>
		<!--tended-->
		<mark id="sSpan871" xlink:href="#sTok394"/>
		<!--tended-->
		<mark id="sSpan872" xlink:href="#sTok394"/>
		<!--avoid-->
		<mark id="sSpan873" xlink:href="#sTok396"/>
		<!--this-->
		<mark id="sSpan874" xlink:href="#sTok397"/>
		<!--this-->
		<mark id="sSpan875" xlink:href="#sTok397"/>
		<!--task-->
		<mark id="sSpan876" xlink:href="#sTok398"/>
		<!--have-->
		<mark id="sSpan877" xlink:href="#sTok400"/>
		<!--have-->
		<mark id="sSpan878" xlink:href="#sTok400"/>
		<!--have-->
		<mark id="sSpan879" xlink:href="#sTok400"/>
		<!--have-->
		<mark id="sSpan880" xlink:href="#sTok400"/>
		<!--have-->
		<mark id="sSpan881" xlink:href="#sTok400"/>
		<!--instead-->
		<mark id="sSpan882" xlink:href="#sTok401"/>
		<!--used-->
		<mark id="sSpan883" xlink:href="#sTok402"/>
		<!--used-->
		<mark id="sSpan884" xlink:href="#sTok402"/>
		<!--samples-->
		<mark id="sSpan885" xlink:href="#sTok403"/>
		<!--researchers-->
		<mark id="sSpan886" xlink:href="#sTok405"/>
		<!--8-->
		<mark id="sSpan887" xlink:href="#sTok407"/>
		<!--8-->
		<mark id="sSpan888" xlink:href="#sTok407"/>
		<!--11-->
		<mark id="sSpan889" xlink:href="#sTok409"/>
		<!--11-->
		<mark id="sSpan890" xlink:href="#sTok409"/>
		<!--usually-->
		<mark id="sSpan891" xlink:href="#sTok412"/>
		<!--specific-->
		<mark id="sSpan892" xlink:href="#sTok413"/>
		<!--a-->
		<mark id="sSpan893" xlink:href="#sTok415"/>
		<!--a-->
		<mark id="sSpan894" xlink:href="#sTok415"/>
		<!--particular-->
		<mark id="sSpan895" xlink:href="#sTok416"/>
		<!--field-->
		<mark id="sSpan896" xlink:href="#sTok417"/>
		<!--12-->
		<mark id="sSpan897" xlink:href="#sTok419"/>
		<!--12-->
		<mark id="sSpan898" xlink:href="#sTok419"/>
		<!--–-->
		<mark id="sSpan899" xlink:href="#sTok420"/>
		<!--16-->
		<mark id="sSpan900" xlink:href="#sTok421"/>
		<!--16-->
		<mark id="sSpan901" xlink:href="#sTok421"/>
		<!--often-->
		<mark id="sSpan902" xlink:href="#sTok425"/>
		<!--focused-->
		<mark id="sSpan903" xlink:href="#sTok426"/>
		<!--focused-->
		<mark id="sSpan904" xlink:href="#sTok426"/>
		<!--the-->
		<mark id="sSpan905" xlink:href="#sTok428"/>
		<!--the-->
		<mark id="sSpan906" xlink:href="#sTok428"/>
		<!--scientific-->
		<mark id="sSpan907" xlink:href="#sTok429"/>
		<!--elite-->
		<mark id="sSpan908" xlink:href="#sTok430"/>
		<!--17-->
		<mark id="sSpan909" xlink:href="#sTok432"/>
		<!--17-->
		<mark id="sSpan910" xlink:href="#sTok432"/>
		<!--18-->
		<mark id="sSpan911" xlink:href="#sTok434"/>
		<!--18-->
		<mark id="sSpan912" xlink:href="#sTok434"/>
		<!--useful-->
		<mark id="sSpan913" xlink:href="#sTok438"/>
		<!--such-->
		<mark id="sSpan914" xlink:href="#sTok440"/>
		<!--samples-->
		<mark id="sSpan915" xlink:href="#sTok441"/>
		<!--are-->
		<mark id="sSpan916" xlink:href="#sTok442"/>
		<!--are-->
		<mark id="sSpan917" xlink:href="#sTok442"/>
		<!--are-->
		<mark id="sSpan918" xlink:href="#sTok442"/>
		<!--are-->
		<mark id="sSpan919" xlink:href="#sTok442"/>
		<!--are-->
		<mark id="sSpan920" xlink:href="#sTok442"/>
		<!--not-->
		<mark id="sSpan921" xlink:href="#sTok443"/>
		<!--representative-->
		<mark id="sSpan922" xlink:href="#sTok444"/>
		<!--the-->
		<mark id="sSpan923" xlink:href="#sTok446"/>
		<!--the-->
		<mark id="sSpan924" xlink:href="#sTok446"/>
		<!--scientific-->
		<mark id="sSpan925" xlink:href="#sTok447"/>
		<!--workforce-->
		<mark id="sSpan926" xlink:href="#sTok448"/>
		<!--a-->
		<mark id="sSpan927" xlink:href="#sTok450"/>
		<!--a-->
		<mark id="sSpan928" xlink:href="#sTok450"/>
		<!--whole-->
		<mark id="sSpan929" xlink:href="#sTok451"/>
		<!--have-->
		<mark id="sSpan930" xlink:href="#sTok454"/>
		<!--limited-->
		<mark id="sSpan931" xlink:href="#sTok455"/>
		<!--generalizability-->
		<mark id="sSpan932" xlink:href="#sTok456"/>
		<!--One-->
		<mark id="sSpan933" xlink:href="#sTok458"/>
		<!--One-->
		<mark id="sSpan934" xlink:href="#sTok458"/>
		<!--the-->
		<mark id="sSpan935" xlink:href="#sTok460"/>
		<!--the-->
		<mark id="sSpan936" xlink:href="#sTok460"/>
		<!--largest-->
		<mark id="sSpan937" xlink:href="#sTok461"/>
		<!--census-->
		<mark id="sSpan938" xlink:href="#sTok462"/>
		<!--efforts-->
		<mark id="sSpan939" xlink:href="#sTok463"/>
		<!--date-->
		<mark id="sSpan940" xlink:href="#sTok465"/>
		<!--assembled-->
		<mark id="sSpan941" xlink:href="#sTok466"/>
		<!--assembled-->
		<mark id="sSpan942" xlink:href="#sTok466"/>
		<!--assembled-->
		<mark id="sSpan943" xlink:href="#sTok466"/>
		<!--assembled-->
		<mark id="sSpan944" xlink:href="#sTok466"/>
		<!--assembled-->
		<mark id="sSpan945" xlink:href="#sTok466"/>
		<!--hand-->
		<mark id="sSpan946" xlink:href="#sTok469"/>
		<!--a-->
		<mark id="sSpan947" xlink:href="#sTok471"/>
		<!--a-->
		<mark id="sSpan948" xlink:href="#sTok471"/>
		<!--nearly-->
		<mark id="sSpan949" xlink:href="#sTok472"/>
		<!--complete-->
		<mark id="sSpan950" xlink:href="#sTok473"/>
		<!--record-->
		<mark id="sSpan951" xlink:href="#sTok474"/>
		<!--three-->
		<mark id="sSpan952" xlink:href="#sTok476"/>
		<!--three-->
		<mark id="sSpan953" xlink:href="#sTok476"/>
		<!--academic-->
		<mark id="sSpan954" xlink:href="#sTok477"/>
		<!--fields-->
		<mark id="sSpan955" xlink:href="#sTok478"/>
		<!--computer-->
		<mark id="sSpan956" xlink:href="#sTok480"/>
		<!--science-->
		<mark id="sSpan957" xlink:href="#sTok481"/>
		<!--history-->
		<mark id="sSpan958" xlink:href="#sTok483"/>
		<!--business-->
		<mark id="sSpan959" xlink:href="#sTok486"/>
		<!--19-->
		<mark id="sSpan960" xlink:href="#sTok488"/>
		<!--19-->
		<mark id="sSpan961" xlink:href="#sTok488"/>
		<!--This-->
		<mark id="sSpan962" xlink:href="#sTok491"/>
		<!--This-->
		<mark id="sSpan963" xlink:href="#sTok491"/>
		<!--data-->
		<mark id="sSpan964" xlink:href="#sTok492"/>
		<!--set-->
		<mark id="sSpan965" xlink:href="#sTok493"/>
		<!--has-->
		<mark id="sSpan966" xlink:href="#sTok494"/>
		<!--has-->
		<mark id="sSpan967" xlink:href="#sTok494"/>
		<!--has-->
		<mark id="sSpan968" xlink:href="#sTok494"/>
		<!--has-->
		<mark id="sSpan969" xlink:href="#sTok494"/>
		<!--has-->
		<mark id="sSpan970" xlink:href="#sTok494"/>
		<!--shed-->
		<mark id="sSpan971" xlink:href="#sTok495"/>
		<!--shed-->
		<mark id="sSpan972" xlink:href="#sTok495"/>
		<!--considerable-->
		<mark id="sSpan973" xlink:href="#sTok496"/>
		<!--light-->
		<mark id="sSpan974" xlink:href="#sTok497"/>
		<!--dramatic-->
		<mark id="sSpan975" xlink:href="#sTok499"/>
		<!--inequalities-->
		<mark id="sSpan976" xlink:href="#sTok500"/>
		<!--faculty-->
		<mark id="sSpan977" xlink:href="#sTok502"/>
		<!--training-->
		<mark id="sSpan978" xlink:href="#sTok503"/>
		<!--placement-->
		<mark id="sSpan979" xlink:href="#sTok505"/>
		<!--scholarly-->
		<mark id="sSpan980" xlink:href="#sTok508"/>
		<!--productivity-->
		<mark id="sSpan981" xlink:href="#sTok509"/>
		<!--6-->
		<mark id="sSpan982" xlink:href="#sTok511"/>
		<!--6-->
		<mark id="sSpan983" xlink:href="#sTok511"/>
		<!--19-->
		<mark id="sSpan984" xlink:href="#sTok513"/>
		<!--19-->
		<mark id="sSpan985" xlink:href="#sTok513"/>
		<!--20-->
		<mark id="sSpan986" xlink:href="#sTok515"/>
		<!--20-->
		<mark id="sSpan987" xlink:href="#sTok515"/>
		<!--this-->
		<mark id="sSpan988" xlink:href="#sTok520"/>
		<!--this-->
		<mark id="sSpan989" xlink:href="#sTok520"/>
		<!--data-->
		<mark id="sSpan990" xlink:href="#sTok521"/>
		<!--set-->
		<mark id="sSpan991" xlink:href="#sTok522"/>
		<!--is-->
		<mark id="sSpan992" xlink:href="#sTok523"/>
		<!--is-->
		<mark id="sSpan993" xlink:href="#sTok523"/>
		<!--is-->
		<mark id="sSpan994" xlink:href="#sTok523"/>
		<!--is-->
		<mark id="sSpan995" xlink:href="#sTok523"/>
		<!--is-->
		<mark id="sSpan996" xlink:href="#sTok523"/>
		<!--a-->
		<mark id="sSpan997" xlink:href="#sTok525"/>
		<!--a-->
		<mark id="sSpan998" xlink:href="#sTok525"/>
		<!--single-->
		<mark id="sSpan999" xlink:href="#sTok526"/>
		<!--snapshot-->
		<mark id="sSpan1000" xlink:href="#sTok527"/>
		<!--an-->
		<mark id="sSpan1001" xlink:href="#sTok529"/>
		<!--an-->
		<mark id="sSpan1002" xlink:href="#sTok529"/>
		<!--evolving-->
		<mark id="sSpan1003" xlink:href="#sTok530"/>
		<!--expanding-->
		<mark id="sSpan1004" xlink:href="#sTok532"/>
		<!--system-->
		<mark id="sSpan1005" xlink:href="#sTok533"/>
		<!--hence-->
		<mark id="sSpan1006" xlink:href="#sTok535"/>
		<!--offers-->
		<mark id="sSpan1007" xlink:href="#sTok536"/>
		<!--offers-->
		<mark id="sSpan1008" xlink:href="#sTok536"/>
		<!--offers-->
		<mark id="sSpan1009" xlink:href="#sTok536"/>
		<!--offers-->
		<mark id="sSpan1010" xlink:href="#sTok536"/>
		<!--offers-->
		<mark id="sSpan1011" xlink:href="#sTok536"/>
		<!--few-->
		<mark id="sSpan1012" xlink:href="#sTok537"/>
		<!--insights-->
		<mark id="sSpan1013" xlink:href="#sTok538"/>
		<!--the-->
		<mark id="sSpan1014" xlink:href="#sTok540"/>
		<!--the-->
		<mark id="sSpan1015" xlink:href="#sTok540"/>
		<!--changing-->
		<mark id="sSpan1016" xlink:href="#sTok541"/>
		<!--composition-->
		<mark id="sSpan1017" xlink:href="#sTok542"/>
		<!--diversity-->
		<mark id="sSpan1018" xlink:href="#sTok544"/>
		<!--trends-->
		<mark id="sSpan1019" xlink:href="#sTok545"/>
		<!--these-->
		<mark id="sSpan1020" xlink:href="#sTok547"/>
		<!--these-->
		<mark id="sSpan1021" xlink:href="#sTok547"/>
		<!--academic-->
		<mark id="sSpan1022" xlink:href="#sTok548"/>
		<!--fields-->
		<mark id="sSpan1023" xlink:href="#sTok549"/>
		<!--fields-->
		<mark id="sSpan1024" xlink:href="#sTok553"/>
		<!--yearly-->
		<mark id="sSpan1025" xlink:href="#sTok555"/>
		<!--data-->
		<mark id="sSpan1026" xlink:href="#sTok556"/>
		<!--faculty-->
		<mark id="sSpan1027" xlink:href="#sTok558"/>
		<!--numbers-->
		<mark id="sSpan1028" xlink:href="#sTok559"/>
		<!--composition-->
		<mark id="sSpan1029" xlink:href="#sTok561"/>
		<!--are-->
		<mark id="sSpan1030" xlink:href="#sTok562"/>
		<!--are-->
		<mark id="sSpan1031" xlink:href="#sTok562"/>
		<!--are-->
		<mark id="sSpan1032" xlink:href="#sTok562"/>
		<!--are-->
		<mark id="sSpan1033" xlink:href="#sTok562"/>
		<!--are-->
		<mark id="sSpan1034" xlink:href="#sTok562"/>
		<!--available-->
		<mark id="sSpan1035" xlink:href="#sTok563"/>
		<!--aggregate-->
		<mark id="sSpan1036" xlink:href="#sTok565"/>
		<!--computer-->
		<mark id="sSpan1037" xlink:href="#sTok568"/>
		<!--science-->
		<mark id="sSpan1038" xlink:href="#sTok569"/>
		<!--the-->
		<mark id="sSpan1039" xlink:href="#sTok571"/>
		<!--the-->
		<mark id="sSpan1040" xlink:href="#sTok571"/>
		<!--Computing-->
		<mark id="sSpan1041" xlink:href="#sTok572"/>
		<!--Research-->
		<mark id="sSpan1042" xlink:href="#sTok573"/>
		<!--Association-->
		<mark id="sSpan1043" xlink:href="#sTok574"/>
		<!--CRA-->
		<mark id="sSpan1044" xlink:href="#sTok576"/>
		<!--CRA-->
		<mark id="sSpan1045" xlink:href="#sTok576"/>
		<!--documents-->
		<mark id="sSpan1046" xlink:href="#sTok578"/>
		<!--documents-->
		<mark id="sSpan1047" xlink:href="#sTok578"/>
		<!--documents-->
		<mark id="sSpan1048" xlink:href="#sTok578"/>
		<!--documents-->
		<mark id="sSpan1049" xlink:href="#sTok578"/>
		<!--documents-->
		<mark id="sSpan1050" xlink:href="#sTok578"/>
		<!--trends-->
		<mark id="sSpan1051" xlink:href="#sTok579"/>
		<!--the-->
		<mark id="sSpan1052" xlink:href="#sTok581"/>
		<!--the-->
		<mark id="sSpan1053" xlink:href="#sTok581"/>
		<!--employment-->
		<mark id="sSpan1054" xlink:href="#sTok582"/>
		<!--PhD-->
		<mark id="sSpan1055" xlink:href="#sTok584"/>
		<!--recipients-->
		<mark id="sSpan1056" xlink:href="#sTok585"/>
		<!--the-->
		<mark id="sSpan1057" xlink:href="#sTok587"/>
		<!--the-->
		<mark id="sSpan1058" xlink:href="#sTok587"/>
		<!--annual-->
		<mark id="sSpan1059" xlink:href="#sTok588"/>
		<!--Taulbee-->
		<mark id="sSpan1060" xlink:href="#sTok589"/>
		<!--survey-->
		<mark id="sSpan1061" xlink:href="#sTok590"/>
		<!--computing-->
		<mark id="sSpan1062" xlink:href="#sTok592"/>
		<!--departments-->
		<mark id="sSpan1063" xlink:href="#sTok593"/>
		<!--North-->
		<mark id="sSpan1064" xlink:href="#sTok595"/>
		<!--America-->
		<mark id="sSpan1065" xlink:href="#sTok596"/>
		<!--cra.org/resources/taulbee-survey-->
		<mark id="sSpan1066" xlink:href="#sTok598"/>
		<!--Such-->
		<mark id="sSpan1067" xlink:href="#sTok601"/>
		<!--surveys-->
		<mark id="sSpan1068" xlink:href="#sTok602"/>
		<!--can-->
		<mark id="sSpan1069" xlink:href="#sTok603"/>
		<!--can-->
		<mark id="sSpan1070" xlink:href="#sTok603"/>
		<!--can-->
		<mark id="sSpan1071" xlink:href="#sTok603"/>
		<!--provide-->
		<mark id="sSpan1072" xlink:href="#sTok604"/>
		<!--valuable-->
		<mark id="sSpan1073" xlink:href="#sTok605"/>
		<!--insight-->
		<mark id="sSpan1074" xlink:href="#sTok606"/>
		<!--trends-->
		<mark id="sSpan1075" xlink:href="#sTok608"/>
		<!--summary-->
		<mark id="sSpan1076" xlink:href="#sTok610"/>
		<!--statistics-->
		<mark id="sSpan1077" xlink:href="#sTok611"/>
		<!--the-->
		<mark id="sSpan1078" xlink:href="#sTok613"/>
		<!--the-->
		<mark id="sSpan1079" xlink:href="#sTok613"/>
		<!--scientific-->
		<mark id="sSpan1080" xlink:href="#sTok614"/>
		<!--workforce-->
		<mark id="sSpan1081" xlink:href="#sTok615"/>
		<!--suffer-->
		<mark id="sSpan1082" xlink:href="#sTok617"/>
		<!--two-->
		<mark id="sSpan1083" xlink:href="#sTok619"/>
		<!--two-->
		<mark id="sSpan1084" xlink:href="#sTok619"/>
		<!--key-->
		<mark id="sSpan1085" xlink:href="#sTok620"/>
		<!--weaknesses-->
		<mark id="sSpan1086" xlink:href="#sTok621"/>
		<!--First-->
		<mark id="sSpan1087" xlink:href="#sTok623"/>
		<!--First-->
		<mark id="sSpan1088" xlink:href="#sTok623"/>
		<!--surveys-->
		<mark id="sSpan1089" xlink:href="#sTok625"/>
		<!--are-->
		<mark id="sSpan1090" xlink:href="#sTok626"/>
		<!--are-->
		<mark id="sSpan1091" xlink:href="#sTok626"/>
		<!--are-->
		<mark id="sSpan1092" xlink:href="#sTok626"/>
		<!--are-->
		<mark id="sSpan1093" xlink:href="#sTok626"/>
		<!--are-->
		<mark id="sSpan1094" xlink:href="#sTok626"/>
		<!--subject-->
		<mark id="sSpan1095" xlink:href="#sTok627"/>
		<!--variable-->
		<mark id="sSpan1096" xlink:href="#sTok629"/>
		<!--response-->
		<mark id="sSpan1097" xlink:href="#sTok630"/>
		<!--rates-->
		<mark id="sSpan1098" xlink:href="#sTok631"/>
		<!--the-->
		<mark id="sSpan1099" xlink:href="#sTok633"/>
		<!--the-->
		<mark id="sSpan1100" xlink:href="#sTok633"/>
		<!--misinterpretation-->
		<mark id="sSpan1101" xlink:href="#sTok634"/>
		<!--questions-->
		<mark id="sSpan1102" xlink:href="#sTok636"/>
		<!--sample-->
		<mark id="sSpan1103" xlink:href="#sTok638"/>
		<!--frames-->
		<mark id="sSpan1104" xlink:href="#sTok639"/>
		<!--which-->
		<mark id="sSpan1105" xlink:href="#sTok641"/>
		<!--can-->
		<mark id="sSpan1106" xlink:href="#sTok642"/>
		<!--inject-->
		<mark id="sSpan1107" xlink:href="#sTok643"/>
		<!--bias-->
		<mark id="sSpan1108" xlink:href="#sTok644"/>
		<!--fine-->
		<mark id="sSpan1109" xlink:href="#sTok646"/>
		<!--grained-->
		<mark id="sSpan1110" xlink:href="#sTok648"/>
		<!--analyses-->
		<mark id="sSpan1111" xlink:href="#sTok649"/>
		<!--21-->
		<mark id="sSpan1112" xlink:href="#sTok651"/>
		<!--21-->
		<mark id="sSpan1113" xlink:href="#sTok651"/>
		<!--22-->
		<mark id="sSpan1114" xlink:href="#sTok653"/>
		<!--22-->
		<mark id="sSpan1115" xlink:href="#sTok653"/>
		<!--Second-->
		<mark id="sSpan1116" xlink:href="#sTok656"/>
		<!--Second-->
		<mark id="sSpan1117" xlink:href="#sTok656"/>
		<!--aggregate-->
		<mark id="sSpan1118" xlink:href="#sTok658"/>
		<!--information-->
		<mark id="sSpan1119" xlink:href="#sTok659"/>
		<!--provides-->
		<mark id="sSpan1120" xlink:href="#sTok660"/>
		<!--provides-->
		<mark id="sSpan1121" xlink:href="#sTok660"/>
		<!--provides-->
		<mark id="sSpan1122" xlink:href="#sTok660"/>
		<!--provides-->
		<mark id="sSpan1123" xlink:href="#sTok660"/>
		<!--provides-->
		<mark id="sSpan1124" xlink:href="#sTok660"/>
		<!--a-->
		<mark id="sSpan1125" xlink:href="#sTok662"/>
		<!--a-->
		<mark id="sSpan1126" xlink:href="#sTok662"/>
		<!--high-->
		<mark id="sSpan1127" xlink:href="#sTok663"/>
		<!--level-->
		<mark id="sSpan1128" xlink:href="#sTok665"/>
		<!--view-->
		<mark id="sSpan1129" xlink:href="#sTok666"/>
		<!--a-->
		<mark id="sSpan1130" xlink:href="#sTok668"/>
		<!--a-->
		<mark id="sSpan1131" xlink:href="#sTok668"/>
		<!--field-->
		<mark id="sSpan1132" xlink:href="#sTok669"/>
		<!--which-->
		<mark id="sSpan1133" xlink:href="#sTok671"/>
		<!--can-->
		<mark id="sSpan1134" xlink:href="#sTok672"/>
		<!--make-->
		<mark id="sSpan1135" xlink:href="#sTok673"/>
		<!--it-->
		<mark id="sSpan1136" xlink:href="#sTok674"/>
		<!--it-->
		<mark id="sSpan1137" xlink:href="#sTok674"/>
		<!--it-->
		<mark id="sSpan1138" xlink:href="#sTok674"/>
		<!--it-->
		<mark id="sSpan1139" xlink:href="#sTok674"/>
		<!--it-->
		<mark id="sSpan1140" xlink:href="#sTok674"/>
		<!--difficult-->
		<mark id="sSpan1141" xlink:href="#sTok675"/>
		<!--investigate-->
		<mark id="sSpan1142" xlink:href="#sTok677"/>
		<!--causality-->
		<mark id="sSpan1143" xlink:href="#sTok678"/>
		<!--23-->
		<mark id="sSpan1144" xlink:href="#sTok680"/>
		<!--23-->
		<mark id="sSpan1145" xlink:href="#sTok680"/>
		<!--example-->
		<mark id="sSpan1146" xlink:href="#sTok684"/>
		<!--differences-->
		<mark id="sSpan1147" xlink:href="#sTok686"/>
		<!--recruitment-->
		<mark id="sSpan1148" xlink:href="#sTok688"/>
		<!--retention-->
		<mark id="sSpan1149" xlink:href="#sTok690"/>
		<!--strategies-->
		<mark id="sSpan1150" xlink:href="#sTok691"/>
		<!--departments-->
		<mark id="sSpan1151" xlink:href="#sTok693"/>
		<!--will-->
		<mark id="sSpan1152" xlink:href="#sTok694"/>
		<!--be-->
		<mark id="sSpan1153" xlink:href="#sTok695"/>
		<!--washed-->
		<mark id="sSpan1154" xlink:href="#sTok696"/>
		<!--washed-->
		<mark id="sSpan1155" xlink:href="#sTok696"/>
		<!--washed-->
		<mark id="sSpan1156" xlink:href="#sTok696"/>
		<!--averaging-->
		<mark id="sSpan1157" xlink:href="#sTok699"/>
		<!--thereby-->
		<mark id="sSpan1158" xlink:href="#sTok701"/>
		<!--masking-->
		<mark id="sSpan1159" xlink:href="#sTok702"/>
		<!--insights-->
		<mark id="sSpan1160" xlink:href="#sTok704"/>
		<!--the-->
		<mark id="sSpan1161" xlink:href="#sTok706"/>
		<!--the-->
		<mark id="sSpan1162" xlink:href="#sTok706"/>
		<!--efficacy-->
		<mark id="sSpan1163" xlink:href="#sTok707"/>
		<!--individual-->
		<mark id="sSpan1164" xlink:href="#sTok709"/>
		<!--strategies-->
		<mark id="sSpan1165" xlink:href="#sTok710"/>
		<!--policies-->
		<mark id="sSpan1166" xlink:href="#sTok712"/>
		<!--Here-->
		<mark id="sSpan1167" xlink:href="#sTok714"/>
		<!--we-->
		<mark id="sSpan1168" xlink:href="#sTok716"/>
		<!--we-->
		<mark id="sSpan1169" xlink:href="#sTok716"/>
		<!--we-->
		<mark id="sSpan1170" xlink:href="#sTok716"/>
		<!--we-->
		<mark id="sSpan1171" xlink:href="#sTok716"/>
		<!--present-->
		<mark id="sSpan1172" xlink:href="#sTok717"/>
		<!--present-->
		<mark id="sSpan1173" xlink:href="#sTok717"/>
		<!--present-->
		<mark id="sSpan1174" xlink:href="#sTok717"/>
		<!--present-->
		<mark id="sSpan1175" xlink:href="#sTok717"/>
		<!--present-->
		<mark id="sSpan1176" xlink:href="#sTok717"/>
		<!--a-->
		<mark id="sSpan1177" xlink:href="#sTok718"/>
		<!--a-->
		<mark id="sSpan1178" xlink:href="#sTok718"/>
		<!--novel-->
		<mark id="sSpan1179" xlink:href="#sTok719"/>
		<!--system-->
		<mark id="sSpan1180" xlink:href="#sTok720"/>
		<!--based-->
		<mark id="sSpan1181" xlink:href="#sTok722"/>
		<!--based-->
		<mark id="sSpan1182" xlink:href="#sTok722"/>
		<!--a-->
		<mark id="sSpan1183" xlink:href="#sTok724"/>
		<!--a-->
		<mark id="sSpan1184" xlink:href="#sTok724"/>
		<!--topical-->
		<mark id="sSpan1185" xlink:href="#sTok725"/>
		<!--web-->
		<mark id="sSpan1186" xlink:href="#sTok726"/>
		<!--crawler-->
		<mark id="sSpan1187" xlink:href="#sTok727"/>
		<!--that-->
		<mark id="sSpan1188" xlink:href="#sTok729"/>
		<!--can-->
		<mark id="sSpan1189" xlink:href="#sTok730"/>
		<!--quickly-->
		<mark id="sSpan1190" xlink:href="#sTok731"/>
		<!--automatically-->
		<mark id="sSpan1191" xlink:href="#sTok733"/>
		<!--assemble-->
		<mark id="sSpan1192" xlink:href="#sTok734"/>
		<!--a-->
		<mark id="sSpan1193" xlink:href="#sTok735"/>
		<!--a-->
		<mark id="sSpan1194" xlink:href="#sTok735"/>
		<!--full-->
		<mark id="sSpan1195" xlink:href="#sTok736"/>
		<!--census-->
		<mark id="sSpan1196" xlink:href="#sTok737"/>
		<!--an-->
		<mark id="sSpan1197" xlink:href="#sTok739"/>
		<!--an-->
		<mark id="sSpan1198" xlink:href="#sTok739"/>
		<!--academic-->
		<mark id="sSpan1199" xlink:href="#sTok740"/>
		<!--field-->
		<mark id="sSpan1200" xlink:href="#sTok741"/>
		<!--using-->
		<mark id="sSpan1201" xlink:href="#sTok742"/>
		<!--digital-->
		<mark id="sSpan1202" xlink:href="#sTok743"/>
		<!--data-->
		<mark id="sSpan1203" xlink:href="#sTok744"/>
		<!--available-->
		<mark id="sSpan1204" xlink:href="#sTok745"/>
		<!--the-->
		<mark id="sSpan1205" xlink:href="#sTok747"/>
		<!--the-->
		<mark id="sSpan1206" xlink:href="#sTok747"/>
		<!--public-->
		<mark id="sSpan1207" xlink:href="#sTok748"/>
		<!--World-->
		<mark id="sSpan1208" xlink:href="#sTok749"/>
		<!--Wide-->
		<mark id="sSpan1209" xlink:href="#sTok750"/>
		<!--Web-->
		<mark id="sSpan1210" xlink:href="#sTok751"/>
		<!--This-->
		<mark id="sSpan1211" xlink:href="#sTok753"/>
		<!--This-->
		<mark id="sSpan1212" xlink:href="#sTok753"/>
		<!--system-->
		<mark id="sSpan1213" xlink:href="#sTok754"/>
		<!--is-->
		<mark id="sSpan1214" xlink:href="#sTok755"/>
		<!--is-->
		<mark id="sSpan1215" xlink:href="#sTok755"/>
		<!--is-->
		<mark id="sSpan1216" xlink:href="#sTok755"/>
		<!--is-->
		<mark id="sSpan1217" xlink:href="#sTok755"/>
		<!--is-->
		<mark id="sSpan1218" xlink:href="#sTok755"/>
		<!--efficient-->
		<mark id="sSpan1219" xlink:href="#sTok756"/>
		<!--accurate-->
		<mark id="sSpan1220" xlink:href="#sTok758"/>
		<!--it-->
		<mark id="sSpan1221" xlink:href="#sTok761"/>
		<!--it-->
		<mark id="sSpan1222" xlink:href="#sTok761"/>
		<!--it-->
		<mark id="sSpan1223" xlink:href="#sTok761"/>
		<!--it-->
		<mark id="sSpan1224" xlink:href="#sTok761"/>
		<!--it-->
		<mark id="sSpan1225" xlink:href="#sTok761"/>
		<!--can-->
		<mark id="sSpan1226" xlink:href="#sTok762"/>
		<!--be-->
		<mark id="sSpan1227" xlink:href="#sTok763"/>
		<!--adapted-->
		<mark id="sSpan1228" xlink:href="#sTok764"/>
		<!--adapted-->
		<mark id="sSpan1229" xlink:href="#sTok764"/>
		<!--adapted-->
		<mark id="sSpan1230" xlink:href="#sTok764"/>
		<!--academic-->
		<mark id="sSpan1231" xlink:href="#sTok767"/>
		<!--discipline-->
		<mark id="sSpan1232" xlink:href="#sTok768"/>
		<!--used-->
		<mark id="sSpan1233" xlink:href="#sTok770"/>
		<!--used-->
		<mark id="sSpan1234" xlink:href="#sTok770"/>
		<!--continuous-->
		<mark id="sSpan1235" xlink:href="#sTok772"/>
		<!--collection-->
		<mark id="sSpan1236" xlink:href="#sTok773"/>
		<!--The-->
		<mark id="sSpan1237" xlink:href="#sTok775"/>
		<!--The-->
		<mark id="sSpan1238" xlink:href="#sTok775"/>
		<!--system-->
		<mark id="sSpan1239" xlink:href="#sTok776"/>
		<!--is-->
		<mark id="sSpan1240" xlink:href="#sTok777"/>
		<!--is-->
		<mark id="sSpan1241" xlink:href="#sTok777"/>
		<!--is-->
		<mark id="sSpan1242" xlink:href="#sTok777"/>
		<!--is-->
		<mark id="sSpan1243" xlink:href="#sTok777"/>
		<!--is-->
		<mark id="sSpan1244" xlink:href="#sTok777"/>
		<!--capable-->
		<mark id="sSpan1245" xlink:href="#sTok778"/>
		<!--collecting-->
		<mark id="sSpan1246" xlink:href="#sTok780"/>
		<!--census-->
		<mark id="sSpan1247" xlink:href="#sTok781"/>
		<!--data-->
		<mark id="sSpan1248" xlink:href="#sTok782"/>
		<!--an-->
		<mark id="sSpan1249" xlink:href="#sTok784"/>
		<!--an-->
		<mark id="sSpan1250" xlink:href="#sTok784"/>
		<!--entire-->
		<mark id="sSpan1251" xlink:href="#sTok785"/>
		<!--academic-->
		<mark id="sSpan1252" xlink:href="#sTok786"/>
		<!--field-->
		<mark id="sSpan1253" xlink:href="#sTok787"/>
		<!--a-->
		<mark id="sSpan1254" xlink:href="#sTok790"/>
		<!--a-->
		<mark id="sSpan1255" xlink:href="#sTok790"/>
		<!--few-->
		<mark id="sSpan1256" xlink:href="#sTok791"/>
		<!--hours-->
		<mark id="sSpan1257" xlink:href="#sTok792"/>
		<!--using-->
		<mark id="sSpan1258" xlink:href="#sTok793"/>
		<!--the-->
		<mark id="sSpan1259" xlink:href="#sTok796"/>
		<!--the-->
		<mark id="sSpan1260" xlink:href="#sTok796"/>
		<!--shelf-->
		<mark id="sSpan1261" xlink:href="#sTok798"/>
		<!--computing-->
		<mark id="sSpan1262" xlink:href="#sTok799"/>
		<!--hardware-->
		<mark id="sSpan1263" xlink:href="#sTok800"/>
		<!--a-->
		<mark id="sSpan1264" xlink:href="#sTok802"/>
		<!--a-->
		<mark id="sSpan1265" xlink:href="#sTok802"/>
		<!--vast-->
		<mark id="sSpan1266" xlink:href="#sTok803"/>
		<!--improvement-->
		<mark id="sSpan1267" xlink:href="#sTok804"/>
		<!--the-->
		<mark id="sSpan1268" xlink:href="#sTok806"/>
		<!--the-->
		<mark id="sSpan1269" xlink:href="#sTok806"/>
		<!--roughly-->
		<mark id="sSpan1270" xlink:href="#sTok807"/>
		<!--1600-->
		<mark id="sSpan1271" xlink:href="#sTok808"/>
		<!--1600-->
		<mark id="sSpan1272" xlink:href="#sTok808"/>
		<!--hours-->
		<mark id="sSpan1273" xlink:href="#sTok809"/>
		<!--required-->
		<mark id="sSpan1274" xlink:href="#sTok810"/>
		<!--required-->
		<mark id="sSpan1275" xlink:href="#sTok810"/>
		<!--do-->
		<mark id="sSpan1276" xlink:href="#sTok812"/>
		<!--this-->
		<mark id="sSpan1277" xlink:href="#sTok813"/>
		<!--this-->
		<mark id="sSpan1278" xlink:href="#sTok813"/>
		<!--task-->
		<mark id="sSpan1279" xlink:href="#sTok814"/>
		<!--hand-->
		<mark id="sSpan1280" xlink:href="#sTok816"/>
		<!--19-->
		<mark id="sSpan1281" xlink:href="#sTok818"/>
		<!--19-->
		<mark id="sSpan1282" xlink:href="#sTok818"/>
		<!--assembling-->
		<mark id="sSpan1283" xlink:href="#sTok822"/>
		<!--an-->
		<mark id="sSpan1284" xlink:href="#sTok823"/>
		<!--an-->
		<mark id="sSpan1285" xlink:href="#sTok823"/>
		<!--accurate-->
		<mark id="sSpan1286" xlink:href="#sTok824"/>
		<!--census-->
		<mark id="sSpan1287" xlink:href="#sTok825"/>
		<!--an-->
		<mark id="sSpan1288" xlink:href="#sTok827"/>
		<!--an-->
		<mark id="sSpan1289" xlink:href="#sTok827"/>
		<!--entire-->
		<mark id="sSpan1290" xlink:href="#sTok828"/>
		<!--field-->
		<mark id="sSpan1291" xlink:href="#sTok829"/>
		<!--online-->
		<mark id="sSpan1292" xlink:href="#sTok831"/>
		<!--information-->
		<mark id="sSpan1293" xlink:href="#sTok832"/>
		<!--alone-->
		<mark id="sSpan1294" xlink:href="#sTok833"/>
		<!--this-->
		<mark id="sSpan1295" xlink:href="#sTok835"/>
		<!--this-->
		<mark id="sSpan1296" xlink:href="#sTok835"/>
		<!--system-->
		<mark id="sSpan1297" xlink:href="#sTok836"/>
		<!--will-->
		<mark id="sSpan1298" xlink:href="#sTok837"/>
		<!--will-->
		<mark id="sSpan1299" xlink:href="#sTok837"/>
		<!--will-->
		<mark id="sSpan1300" xlink:href="#sTok837"/>
		<!--facilitate-->
		<mark id="sSpan1301" xlink:href="#sTok838"/>
		<!--new-->
		<mark id="sSpan1302" xlink:href="#sTok839"/>
		<!--research-->
		<mark id="sSpan1303" xlink:href="#sTok840"/>
		<!--the-->
		<mark id="sSpan1304" xlink:href="#sTok842"/>
		<!--the-->
		<mark id="sSpan1305" xlink:href="#sTok842"/>
		<!--composition-->
		<mark id="sSpan1306" xlink:href="#sTok843"/>
		<!--academic-->
		<mark id="sSpan1307" xlink:href="#sTok845"/>
		<!--fields-->
		<mark id="sSpan1308" xlink:href="#sTok846"/>
		<!--providing-->
		<mark id="sSpan1309" xlink:href="#sTok848"/>
		<!--access-->
		<mark id="sSpan1310" xlink:href="#sTok849"/>
		<!--complete-->
		<mark id="sSpan1311" xlink:href="#sTok851"/>
		<!--faculty-->
		<mark id="sSpan1312" xlink:href="#sTok852"/>
		<!--listings-->
		<mark id="sSpan1313" xlink:href="#sTok853"/>
		<!--having-->
		<mark id="sSpan1314" xlink:href="#sTok856"/>
		<!--rely-->
		<mark id="sSpan1315" xlink:href="#sTok858"/>
		<!--surveys-->
		<mark id="sSpan1316" xlink:href="#sTok860"/>
		<!--professional-->
		<mark id="sSpan1317" xlink:href="#sTok862"/>
		<!--societies-->
		<mark id="sSpan1318" xlink:href="#sTok863"/>
		<!--This-->
		<mark id="sSpan1319" xlink:href="#sTok865"/>
		<!--This-->
		<mark id="sSpan1320" xlink:href="#sTok865"/>
		<!--system-->
		<mark id="sSpan1321" xlink:href="#sTok866"/>
		<!--can-->
		<mark id="sSpan1322" xlink:href="#sTok867"/>
		<!--be-->
		<mark id="sSpan1323" xlink:href="#sTok869"/>
		<!--used-->
		<mark id="sSpan1324" xlink:href="#sTok870"/>
		<!--used-->
		<mark id="sSpan1325" xlink:href="#sTok870"/>
		<!--used-->
		<mark id="sSpan1326" xlink:href="#sTok870"/>
		<!--longitudinally-->
		<mark id="sSpan1327" xlink:href="#sTok871"/>
		<!--study-->
		<mark id="sSpan1328" xlink:href="#sTok873"/>
		<!--how-->
		<mark id="sSpan1329" xlink:href="#sTok874"/>
		<!--the-->
		<mark id="sSpan1330" xlink:href="#sTok875"/>
		<!--the-->
		<mark id="sSpan1331" xlink:href="#sTok875"/>
		<!--workforce-->
		<mark id="sSpan1332" xlink:href="#sTok876"/>
		<!--composition-->
		<mark id="sSpan1333" xlink:href="#sTok878"/>
		<!--changes-->
		<mark id="sSpan1334" xlink:href="#sTok879"/>
		<!--changes-->
		<mark id="sSpan1335" xlink:href="#sTok879"/>
		<!--changes-->
		<mark id="sSpan1336" xlink:href="#sTok879"/>
		<!--changes-->
		<mark id="sSpan1337" xlink:href="#sTok879"/>
		<!--changes-->
		<mark id="sSpan1338" xlink:href="#sTok879"/>
		<!--time-->
		<mark id="sSpan1339" xlink:href="#sTok881"/>
		<!--which-->
		<mark id="sSpan1340" xlink:href="#sTok883"/>
		<!--is-->
		<mark id="sSpan1341" xlink:href="#sTok884"/>
		<!--is-->
		<mark id="sSpan1342" xlink:href="#sTok884"/>
		<!--is-->
		<mark id="sSpan1343" xlink:href="#sTok884"/>
		<!--is-->
		<mark id="sSpan1344" xlink:href="#sTok884"/>
		<!--is-->
		<mark id="sSpan1345" xlink:href="#sTok884"/>
		<!--particularly-->
		<mark id="sSpan1346" xlink:href="#sTok885"/>
		<!--valuable-->
		<mark id="sSpan1347" xlink:href="#sTok886"/>
		<!--evaluating-->
		<mark id="sSpan1348" xlink:href="#sTok888"/>
		<!--the-->
		<mark id="sSpan1349" xlink:href="#sTok889"/>
		<!--the-->
		<mark id="sSpan1350" xlink:href="#sTok889"/>
		<!--effectiveness-->
		<mark id="sSpan1351" xlink:href="#sTok890"/>
		<!--policies-->
		<mark id="sSpan1352" xlink:href="#sTok892"/>
		<!--meant-->
		<mark id="sSpan1353" xlink:href="#sTok893"/>
		<!--meant-->
		<mark id="sSpan1354" xlink:href="#sTok893"/>
		<!--broaden-->
		<mark id="sSpan1355" xlink:href="#sTok895"/>
		<!--participation-->
		<mark id="sSpan1356" xlink:href="#sTok896"/>
		<!--improve-->
		<mark id="sSpan1357" xlink:href="#sTok898"/>
		<!--retention-->
		<mark id="sSpan1358" xlink:href="#sTok899"/>
		<!--faculty-->
		<mark id="sSpan1359" xlink:href="#sTok901"/>
		<!--Finally-->
		<mark id="sSpan1360" xlink:href="#sTok903"/>
		<!--applied-->
		<mark id="sSpan1361" xlink:href="#sTok905"/>
		<!--applied-->
		<mark id="sSpan1362" xlink:href="#sTok905"/>
		<!--many-->
		<mark id="sSpan1363" xlink:href="#sTok907"/>
		<!--academic-->
		<mark id="sSpan1364" xlink:href="#sTok908"/>
		<!--fields-->
		<mark id="sSpan1365" xlink:href="#sTok909"/>
		<!--parallel-->
		<mark id="sSpan1366" xlink:href="#sTok911"/>
		<!--the-->
		<mark id="sSpan1367" xlink:href="#sTok913"/>
		<!--the-->
		<mark id="sSpan1368" xlink:href="#sTok913"/>
		<!--system-->
		<mark id="sSpan1369" xlink:href="#sTok914"/>
		<!--can-->
		<mark id="sSpan1370" xlink:href="#sTok915"/>
		<!--can-->
		<mark id="sSpan1371" xlink:href="#sTok915"/>
		<!--can-->
		<mark id="sSpan1372" xlink:href="#sTok915"/>
		<!--elucidate-->
		<mark id="sSpan1373" xlink:href="#sTok916"/>
		<!--scientists-->
		<mark id="sSpan1374" xlink:href="#sTok917"/>
		<!--movement-->
		<mark id="sSpan1375" xlink:href="#sTok919"/>
		<!--different-->
		<mark id="sSpan1376" xlink:href="#sTok921"/>
		<!--disciplines-->
		<mark id="sSpan1377" xlink:href="#sTok922"/>
		<!--relate-->
		<mark id="sSpan1378" xlink:href="#sTok924"/>
		<!--those-->
		<mark id="sSpan1379" xlink:href="#sTok925"/>
		<!--those-->
		<mark id="sSpan1380" xlink:href="#sTok925"/>
		<!--labor-->
		<mark id="sSpan1381" xlink:href="#sTok926"/>
		<!--flows-->
		<mark id="sSpan1382" xlink:href="#sTok927"/>
		<!--scientific-->
		<mark id="sSpan1383" xlink:href="#sTok929"/>
		<!--advances-->
		<mark id="sSpan1384" xlink:href="#sTok930"/>
		<!--short-->
		<mark id="sSpan1385" xlink:href="#sTok933"/>
		<!--many-->
		<mark id="sSpan1386" xlink:href="#sTok935"/>
		<!--important-->
		<mark id="sSpan1387" xlink:href="#sTok936"/>
		<!--research-->
		<mark id="sSpan1388" xlink:href="#sTok937"/>
		<!--questions-->
		<mark id="sSpan1389" xlink:href="#sTok938"/>
		<!--will-->
		<mark id="sSpan1390" xlink:href="#sTok939"/>
		<!--will-->
		<mark id="sSpan1391" xlink:href="#sTok939"/>
		<!--will-->
		<mark id="sSpan1392" xlink:href="#sTok939"/>
		<!--benefit-->
		<mark id="sSpan1393" xlink:href="#sTok940"/>
		<!--the-->
		<mark id="sSpan1394" xlink:href="#sTok942"/>
		<!--the-->
		<mark id="sSpan1395" xlink:href="#sTok942"/>
		<!--availability-->
		<mark id="sSpan1396" xlink:href="#sTok943"/>
		<!--accurate-->
		<mark id="sSpan1397" xlink:href="#sTok945"/>
		<!--frequently-->
		<mark id="sSpan1398" xlink:href="#sTok947"/>
		<!--recollected-->
		<mark id="sSpan1399" xlink:href="#sTok949"/>
		<!--recollected-->
		<mark id="sSpan1400" xlink:href="#sTok949"/>
		<!--census-->
		<mark id="sSpan1401" xlink:href="#sTok950"/>
		<!--data-->
		<mark id="sSpan1402" xlink:href="#sTok951"/>
		<!--Our-->
		<mark id="sSpan1403" xlink:href="#sTok953"/>
		<!--Our-->
		<mark id="sSpan1404" xlink:href="#sTok953"/>
		<!--Our-->
		<mark id="sSpan1405" xlink:href="#sTok953"/>
		<!--Our-->
		<mark id="sSpan1406" xlink:href="#sTok953"/>
		<!--study-->
		<mark id="sSpan1407" xlink:href="#sTok954"/>
		<!--is-->
		<mark id="sSpan1408" xlink:href="#sTok955"/>
		<!--is-->
		<mark id="sSpan1409" xlink:href="#sTok955"/>
		<!--is-->
		<mark id="sSpan1410" xlink:href="#sTok955"/>
		<!--is-->
		<mark id="sSpan1411" xlink:href="#sTok955"/>
		<!--is-->
		<mark id="sSpan1412" xlink:href="#sTok955"/>
		<!--organized-->
		<mark id="sSpan1413" xlink:href="#sTok956"/>
		<!--organized-->
		<mark id="sSpan1414" xlink:href="#sTok956"/>
		<!--organized-->
		<mark id="sSpan1415" xlink:href="#sTok956"/>
		<!--follows-->
		<mark id="sSpan1416" xlink:href="#sTok958"/>
		<!--follows-->
		<mark id="sSpan1417" xlink:href="#sTok958"/>
		<!--follows-->
		<mark id="sSpan1418" xlink:href="#sTok958"/>
		<!--follows-->
		<mark id="sSpan1419" xlink:href="#sTok958"/>
		<!--follows-->
		<mark id="sSpan1420" xlink:href="#sTok958"/>
		<!--We-->
		<mark id="sSpan1421" xlink:href="#sTok960"/>
		<!--We-->
		<mark id="sSpan1422" xlink:href="#sTok960"/>
		<!--We-->
		<mark id="sSpan1423" xlink:href="#sTok960"/>
		<!--We-->
		<mark id="sSpan1424" xlink:href="#sTok960"/>
		<!--begin-->
		<mark id="sSpan1425" xlink:href="#sTok961"/>
		<!--begin-->
		<mark id="sSpan1426" xlink:href="#sTok961"/>
		<!--begin-->
		<mark id="sSpan1427" xlink:href="#sTok961"/>
		<!--begin-->
		<mark id="sSpan1428" xlink:href="#sTok961"/>
		<!--begin-->
		<mark id="sSpan1429" xlink:href="#sTok961"/>
		<!--detailing-->
		<mark id="sSpan1430" xlink:href="#sTok963"/>
		<!--the-->
		<mark id="sSpan1431" xlink:href="#sTok964"/>
		<!--the-->
		<mark id="sSpan1432" xlink:href="#sTok964"/>
		<!--design-->
		<mark id="sSpan1433" xlink:href="#sTok965"/>
		<!--implementation-->
		<mark id="sSpan1434" xlink:href="#sTok967"/>
		<!--our-->
		<mark id="sSpan1435" xlink:href="#sTok969"/>
		<!--our-->
		<mark id="sSpan1436" xlink:href="#sTok969"/>
		<!--our-->
		<mark id="sSpan1437" xlink:href="#sTok969"/>
		<!--our-->
		<mark id="sSpan1438" xlink:href="#sTok969"/>
		<!--web-->
		<mark id="sSpan1439" xlink:href="#sTok970"/>
		<!--crawler-->
		<mark id="sSpan1440" xlink:href="#sTok971"/>
		<!--framework-->
		<mark id="sSpan1441" xlink:href="#sTok972"/>
		<!--Next-->
		<mark id="sSpan1442" xlink:href="#sTok974"/>
		<!--we-->
		<mark id="sSpan1443" xlink:href="#sTok976"/>
		<!--we-->
		<mark id="sSpan1444" xlink:href="#sTok976"/>
		<!--we-->
		<mark id="sSpan1445" xlink:href="#sTok976"/>
		<!--we-->
		<mark id="sSpan1446" xlink:href="#sTok976"/>
		<!--present-->
		<mark id="sSpan1447" xlink:href="#sTok977"/>
		<!--present-->
		<mark id="sSpan1448" xlink:href="#sTok977"/>
		<!--present-->
		<mark id="sSpan1449" xlink:href="#sTok977"/>
		<!--present-->
		<mark id="sSpan1450" xlink:href="#sTok977"/>
		<!--present-->
		<mark id="sSpan1451" xlink:href="#sTok977"/>
		<!--the-->
		<mark id="sSpan1452" xlink:href="#sTok978"/>
		<!--the-->
		<mark id="sSpan1453" xlink:href="#sTok978"/>
		<!--results-->
		<mark id="sSpan1454" xlink:href="#sTok979"/>
		<!--our-->
		<mark id="sSpan1455" xlink:href="#sTok981"/>
		<!--our-->
		<mark id="sSpan1456" xlink:href="#sTok981"/>
		<!--our-->
		<mark id="sSpan1457" xlink:href="#sTok981"/>
		<!--our-->
		<mark id="sSpan1458" xlink:href="#sTok981"/>
		<!--work-->
		<mark id="sSpan1459" xlink:href="#sTok982"/>
		<!--two-->
		<mark id="sSpan1460" xlink:href="#sTok984"/>
		<!--two-->
		<mark id="sSpan1461" xlink:href="#sTok984"/>
		<!--sections-->
		<mark id="sSpan1462" xlink:href="#sTok985"/>
		<!--The-->
		<mark id="sSpan1463" xlink:href="#sTok987"/>
		<!--The-->
		<mark id="sSpan1464" xlink:href="#sTok987"/>
		<!--first-->
		<mark id="sSpan1465" xlink:href="#sTok988"/>
		<!--first-->
		<mark id="sSpan1466" xlink:href="#sTok988"/>
		<!--demonstrates-->
		<mark id="sSpan1467" xlink:href="#sTok989"/>
		<!--demonstrates-->
		<mark id="sSpan1468" xlink:href="#sTok989"/>
		<!--demonstrates-->
		<mark id="sSpan1469" xlink:href="#sTok989"/>
		<!--demonstrates-->
		<mark id="sSpan1470" xlink:href="#sTok989"/>
		<!--demonstrates-->
		<mark id="sSpan1471" xlink:href="#sTok989"/>
		<!--the-->
		<mark id="sSpan1472" xlink:href="#sTok990"/>
		<!--the-->
		<mark id="sSpan1473" xlink:href="#sTok990"/>
		<!--validity-->
		<mark id="sSpan1474" xlink:href="#sTok991"/>
		<!--utility-->
		<mark id="sSpan1475" xlink:href="#sTok993"/>
		<!--the-->
		<mark id="sSpan1476" xlink:href="#sTok995"/>
		<!--the-->
		<mark id="sSpan1477" xlink:href="#sTok995"/>
		<!--crawler-->
		<mark id="sSpan1478" xlink:href="#sTok996"/>
		<!--collecting-->
		<mark id="sSpan1479" xlink:href="#sTok998"/>
		<!--census-->
		<mark id="sSpan1480" xlink:href="#sTok999"/>
		<!--data-->
		<mark id="sSpan1481" xlink:href="#sTok1000"/>
		<!--the-->
		<mark id="sSpan1482" xlink:href="#sTok1002"/>
		<!--the-->
		<mark id="sSpan1483" xlink:href="#sTok1002"/>
		<!--field-->
		<mark id="sSpan1484" xlink:href="#sTok1003"/>
		<!--computer-->
		<mark id="sSpan1485" xlink:href="#sTok1005"/>
		<!--science-->
		<mark id="sSpan1486" xlink:href="#sTok1006"/>
		<!--comparing-->
		<mark id="sSpan1487" xlink:href="#sTok1008"/>
		<!--it-->
		<mark id="sSpan1488" xlink:href="#sTok1009"/>
		<!--it-->
		<mark id="sSpan1489" xlink:href="#sTok1009"/>
		<!--it-->
		<mark id="sSpan1490" xlink:href="#sTok1009"/>
		<!--it-->
		<mark id="sSpan1491" xlink:href="#sTok1009"/>
		<!--it-->
		<mark id="sSpan1492" xlink:href="#sTok1009"/>
		<!--a-->
		<mark id="sSpan1493" xlink:href="#sTok1011"/>
		<!--a-->
		<mark id="sSpan1494" xlink:href="#sTok1011"/>
		<!--hand-->
		<mark id="sSpan1495" xlink:href="#sTok1012"/>
		<!--curated-->
		<mark id="sSpan1496" xlink:href="#sTok1014"/>
		<!--curated-->
		<mark id="sSpan1497" xlink:href="#sTok1014"/>
		<!--census-->
		<mark id="sSpan1498" xlink:href="#sTok1015"/>
		<!--collected-->
		<mark id="sSpan1499" xlink:href="#sTok1017"/>
		<!--collected-->
		<mark id="sSpan1500" xlink:href="#sTok1017"/>
		<!--2011-->
		<mark id="sSpan1501" xlink:href="#sTok1019"/>
		<!--2011-->
		<mark id="sSpan1502" xlink:href="#sTok1019"/>
		<!--19-->
		<mark id="sSpan1503" xlink:href="#sTok1021"/>
		<!--19-->
		<mark id="sSpan1504" xlink:href="#sTok1021"/>
		<!--The-->
		<mark id="sSpan1505" xlink:href="#sTok1024"/>
		<!--The-->
		<mark id="sSpan1506" xlink:href="#sTok1024"/>
		<!--second-->
		<mark id="sSpan1507" xlink:href="#sTok1025"/>
		<!--provides-->
		<mark id="sSpan1508" xlink:href="#sTok1026"/>
		<!--provides-->
		<mark id="sSpan1509" xlink:href="#sTok1026"/>
		<!--provides-->
		<mark id="sSpan1510" xlink:href="#sTok1026"/>
		<!--provides-->
		<mark id="sSpan1511" xlink:href="#sTok1026"/>
		<!--provides-->
		<mark id="sSpan1512" xlink:href="#sTok1026"/>
		<!--an-->
		<mark id="sSpan1513" xlink:href="#sTok1027"/>
		<!--an-->
		<mark id="sSpan1514" xlink:href="#sTok1027"/>
		<!--example-->
		<mark id="sSpan1515" xlink:href="#sTok1028"/>
		<!--the-->
		<mark id="sSpan1516" xlink:href="#sTok1030"/>
		<!--the-->
		<mark id="sSpan1517" xlink:href="#sTok1030"/>
		<!--type-->
		<mark id="sSpan1518" xlink:href="#sTok1031"/>
		<!--research-->
		<mark id="sSpan1519" xlink:href="#sTok1033"/>
		<!--enabled-->
		<mark id="sSpan1520" xlink:href="#sTok1034"/>
		<!--enabled-->
		<mark id="sSpan1521" xlink:href="#sTok1034"/>
		<!--our-->
		<mark id="sSpan1522" xlink:href="#sTok1036"/>
		<!--our-->
		<mark id="sSpan1523" xlink:href="#sTok1036"/>
		<!--our-->
		<mark id="sSpan1524" xlink:href="#sTok1036"/>
		<!--our-->
		<mark id="sSpan1525" xlink:href="#sTok1036"/>
		<!--system-->
		<mark id="sSpan1526" xlink:href="#sTok1037"/>
		<!--uses-->
		<mark id="sSpan1527" xlink:href="#sTok1039"/>
		<!--uses-->
		<mark id="sSpan1528" xlink:href="#sTok1039"/>
		<!--uses-->
		<mark id="sSpan1529" xlink:href="#sTok1039"/>
		<!--uses-->
		<mark id="sSpan1530" xlink:href="#sTok1039"/>
		<!--uses-->
		<mark id="sSpan1531" xlink:href="#sTok1039"/>
		<!--the-->
		<mark id="sSpan1532" xlink:href="#sTok1040"/>
		<!--the-->
		<mark id="sSpan1533" xlink:href="#sTok1040"/>
		<!--2011-->
		<mark id="sSpan1534" xlink:href="#sTok1041"/>
		<!--2011-->
		<mark id="sSpan1535" xlink:href="#sTok1041"/>
		<!--2017-->
		<mark id="sSpan1536" xlink:href="#sTok1043"/>
		<!--2017-->
		<mark id="sSpan1537" xlink:href="#sTok1043"/>
		<!--censuses-->
		<mark id="sSpan1538" xlink:href="#sTok1044"/>
		<!--investigate-->
		<mark id="sSpan1539" xlink:href="#sTok1046"/>
		<!--the-->
		<mark id="sSpan1540" xlink:href="#sTok1047"/>
		<!--the-->
		<mark id="sSpan1541" xlink:href="#sTok1047"/>
		<!--leaky-->
		<mark id="sSpan1542" xlink:href="#sTok1049"/>
		<!--pipeline-->
		<mark id="sSpan1543" xlink:href="#sTok1050"/>
		<!--problem-->
		<mark id="sSpan1544" xlink:href="#sTok1052"/>
		<!--faculty-->
		<mark id="sSpan1545" xlink:href="#sTok1054"/>
		<!--retention-->
		<mark id="sSpan1546" xlink:href="#sTok1055"/></markList></paula>