<?xml version='1.0' encoding='UTF-8'?><!DOCTYPE paula SYSTEM "paula_feat.dtd">
<paula version="1.1">
	<header paula_id="morph.GUM_academic_census.mark_PronType"/>
	<featList xmlns:xlink="http://www.w3.org/1999/xlink" type="PronType" xml:base="morph.GUM_academic_census.mark.xml">
		<feat xlink:href="#sSpan837" value="Art"/>
		<feat xlink:href="#sSpan842" value="Art"/>
		<feat xlink:href="#sSpan849" value="Prs"/>
		<feat xlink:href="#sSpan858" value="Prs"/>
		<feat xlink:href="#sSpan871" value="Tot"/>
		<feat xlink:href="#sSpan872" value="Dem"/>
		<feat xlink:href="#sSpan894" value="Art"/>
		<feat xlink:href="#sSpan906" value="Art"/>
		<feat xlink:href="#sSpan934" value="Rel"/>
		<feat xlink:href="#sSpan946" value="Art"/>
		<feat xlink:href="#sSpan951" value="Prs"/>
		<feat xlink:href="#sSpan977" value="Rel"/>
		<feat xlink:href="#sSpan981" value="Art"/>
		<feat xlink:href="#sSpan985" value="Dem"/>
		<feat xlink:href="#sSpan991" value="Art"/>
		<feat xlink:href="#sSpan1005" value="Art"/>
		<feat xlink:href="#sSpan1011" value="Art"/>
		<feat xlink:href="#sSpan1016" value="Art"/>
		<feat xlink:href="#sSpan1019" value="Art"/>
		<feat xlink:href="#sSpan1025" value="Art"/>
		<feat xlink:href="#sSpan1036" value="Art"/>
		<feat xlink:href="#sSpan1043" value="Rel"/>
		<feat xlink:href="#sSpan1054" value="Rel"/>
		<feat xlink:href="#sSpan1059" value="Prs"/>
		<feat xlink:href="#sSpan1068" value="Dem"/>
		<feat xlink:href="#sSpan1075" value="Art"/>
		<feat xlink:href="#sSpan1078" value="Tot"/>
		<feat xlink:href="#sSpan1083" value="Prs"/>
		<feat xlink:href="#sSpan1090" value="Art"/>
		<feat xlink:href="#sSpan1117" value="Art"/>
		<feat xlink:href="#sSpan1126" value="Art"/>
		<feat xlink:href="#sSpan1132" value="Art"/>
		<feat xlink:href="#sSpan1140" value="Prs"/>
		<feat xlink:href="#sSpan1152" value="Ind"/>
		<feat xlink:href="#sSpan1164" value="Art"/>
		<feat xlink:href="#sSpan1170" value="Rel"/>
		<feat xlink:href="#sSpan1179" value="Art"/>
		<feat xlink:href="#sSpan1186" value="Art"/>
		<feat xlink:href="#sSpan1198" value="Art"/>
		<feat xlink:href="#sSpan1201" value="Tot"/>
		<feat xlink:href="#sSpan1226" value="Dem"/>
		<feat xlink:href="#sSpan1227" value="Art"/>
		<feat xlink:href="#sSpan1248" value="Dem"/>
		<feat xlink:href="#sSpan1266" value="Art"/>
		<feat xlink:href="#sSpan1277" value="Art"/>
		<feat xlink:href="#sSpan1296" value="Art"/>
		<feat xlink:href="#sSpan1300" value="Art"/>
		<feat xlink:href="#sSpan1307" value="Art"/>
		<feat xlink:href="#sSpan1319" value="Art"/>
		<feat xlink:href="#sSpan1334" value="Dem"/>
		<feat xlink:href="#sSpan1361" value="Dem"/>
		<feat xlink:href="#sSpan1369" value="Art"/>
		<feat xlink:href="#sSpan1373" value="Art"/>
		<feat xlink:href="#sSpan1386" value="Art"/>
		<feat xlink:href="#sSpan1393" value="Dem"/>
		<feat xlink:href="#sSpan1396" value="Ind"/>
		<feat xlink:href="#sSpan1412" value="Art"/>
		<feat xlink:href="#sSpan1425" value="Art"/>
		<feat xlink:href="#sSpan1430" value="Art"/>
		<feat xlink:href="#sSpan1451" value="Art"/>
		<feat xlink:href="#sSpan1472" value="Art"/>
		<feat xlink:href="#sSpan1478" value="Rel"/>
		<feat xlink:href="#sSpan1498" value="Art"/>
		<feat xlink:href="#sSpan1504" value="Art"/>
		<feat xlink:href="#sSpan1506" value="Rel"/>
		<feat xlink:href="#sSpan1511" value="Prs"/>
		<feat xlink:href="#sSpan1533" value="Ind"/>
		<feat xlink:href="#sSpan1535" value="Art"/>
		<feat xlink:href="#sSpan1541" value="Dem"/>
		<feat xlink:href="#sSpan1544" value="Prs"/>
		<feat xlink:href="#sSpan1552" value="Art"/>
		<feat xlink:href="#sSpan1557" value="Art"/>
		<feat xlink:href="#sSpan1562" value="Rel"/>
		<feat xlink:href="#sSpan1568" value="Art"/>
		<feat xlink:href="#sSpan1572" value="Art"/>
		<feat xlink:href="#sSpan1579" value="Art"/>
		<feat xlink:href="#sSpan1586" value="Dem"/>
		<feat xlink:href="#sSpan1598" value="Prs"/>
		<feat xlink:href="#sSpan1605" value="Ind"/>
		<feat xlink:href="#sSpan1612" value="Art"/>
		<feat xlink:href="#sSpan1625" value="Art"/>
		<feat xlink:href="#sSpan1629" value="Art"/>
		<feat xlink:href="#sSpan1634" value="Art"/>
		<feat xlink:href="#sSpan1640" value="Art"/>
		<feat xlink:href="#sSpan1643" value="Art"/>
		<feat xlink:href="#sSpan1652" value="Dem"/>
		<feat xlink:href="#sSpan1659" value="Art"/>
		<feat xlink:href="#sSpan1664" value="Art"/>
		<feat xlink:href="#sSpan1671" value="Dem"/>
		<feat xlink:href="#sSpan1679" value="Art"/>
		<feat xlink:href="#sSpan1695" value="Dem"/>
		<feat xlink:href="#sSpan1704" value="Rel"/>
		<feat xlink:href="#sSpan1705" value="Art"/>
		<feat xlink:href="#sSpan1715" value="Rel"/>
		<feat xlink:href="#sSpan1724" value="Art"/>
		<feat xlink:href="#sSpan1742" value="Art"/>
		<feat xlink:href="#sSpan1755" value="Dem"/>
		<feat xlink:href="#sSpan1769" value="Art"/>
		<feat xlink:href="#sSpan1779" value="Prs"/>
		<feat xlink:href="#sSpan1798" value="Prs"/>
		<feat xlink:href="#sSpan1807" value="Art"/>
		<feat xlink:href="#sSpan1813" value="Prs"/>
		<feat xlink:href="#sSpan1820" value="Prs"/>
		<feat xlink:href="#sSpan1830" value="Art"/>
		<feat xlink:href="#sSpan1835" value="Prs"/>
		<feat xlink:href="#sSpan1841" value="Art"/>
		<feat xlink:href="#sSpan1851" value="Art"/>
		<feat xlink:href="#sSpan1854" value="Art"/>
		<feat xlink:href="#sSpan1861" value="Art"/>
		<feat xlink:href="#sSpan1868" value="Prs"/>
		<feat xlink:href="#sSpan1871" value="Art"/>
		<feat xlink:href="#sSpan1884" value="Art"/>
		<feat xlink:href="#sSpan1891" value="Art"/>
		<feat xlink:href="#sSpan1895" value="Art"/>
		<feat xlink:href="#sSpan1900" value="Prs"/>
		<feat xlink:href="#sSpan1911" value="Art"/>
		<feat xlink:href="#sSpan1920" value="Art"/></featList></paula>