<?xml version='1.0' encoding='UTF-8'?><!DOCTYPE paula SYSTEM "paula_feat.dtd">
<paula version="1.1">
	<header paula_id="morph.GUM_academic_census.mark_Voice"/>
	<featList xmlns:xlink="http://www.w3.org/1999/xlink" type="Voice" xml:base="morph.GUM_academic_census.mark.xml">
		<feat xlink:href="#sSpan518" value="Pass"/>
		<feat xlink:href="#sSpan598" value="Pass"/>
		<feat xlink:href="#sSpan686" value="Pass"/>
		<feat xlink:href="#sSpan697" value="Pass"/>
		<feat xlink:href="#sSpan790" value="Pass"/>
		<feat xlink:href="#sSpan839" value="Pass"/>
		<feat xlink:href="#sSpan1154" value="Pass"/>
		<feat xlink:href="#sSpan1228" value="Pass"/>
		<feat xlink:href="#sSpan1325" value="Pass"/>
		<feat xlink:href="#sSpan1415" value="Pass"/></featList></paula>