<?xml version='1.0' encoding='UTF-8'?><!DOCTYPE paula SYSTEM "paula_feat.dtd">
<paula version="1.1">
	<header paula_id="morph.GUM_academic_census.mark_Case"/>
	<featList xmlns:xlink="http://www.w3.org/1999/xlink" type="Case" xml:base="morph.GUM_academic_census.mark.xml">
		<feat xlink:href="#sSpan679" value="Nom"/>
		<feat xlink:href="#sSpan706" value="Acc"/>
		<feat xlink:href="#sSpan1122" value="Acc"/>
		<feat xlink:href="#sSpan1153" value="Nom"/>
		<feat xlink:href="#sSpan1203" value="Nom"/>
		<feat xlink:href="#sSpan1396" value="Nom"/>
		<feat xlink:href="#sSpan1416" value="Nom"/>
		<feat xlink:href="#sSpan1463" value="Acc"/></featList></paula>