<?xml version='1.0' encoding='UTF-8'?><!DOCTYPE paula SYSTEM "paula_feat.dtd">
<paula version="1.1">
	<header paula_id="morph.GUM_academic_census.mark_Number"/>
	<featList xmlns:xlink="http://www.w3.org/1999/xlink" type="Number" xml:base="morph.GUM_academic_census.mark.xml">
		<feat xlink:href="#sSpan460" value="Sing"/>
		<feat xlink:href="#sSpan462" value="Sing"/>
		<feat xlink:href="#sSpan463" value="Sing"/>
		<feat xlink:href="#sSpan464" value="Sing"/>
		<feat xlink:href="#sSpan469" value="Sing"/>
		<feat xlink:href="#sSpan473" value="Sing"/>
		<feat xlink:href="#sSpan474" value="Sing"/>
		<feat xlink:href="#sSpan476" value="Sing"/>
		<feat xlink:href="#sSpan477" value="Plur"/>
		<feat xlink:href="#sSpan481" value="Sing"/>
		<feat xlink:href="#sSpan485" value="Plur"/>
		<feat xlink:href="#sSpan487" value="Sing"/>
		<feat xlink:href="#sSpan489" value="Plur"/>
		<feat xlink:href="#sSpan491" value="Plur"/>
		<feat xlink:href="#sSpan495" value="Plur"/>
		<feat xlink:href="#sSpan497" value="Plur"/>
		<feat xlink:href="#sSpan501" value="Sing"/>
		<feat xlink:href="#sSpan506" value="Plur"/>
		<feat xlink:href="#sSpan507" value="Sing"/>
		<feat xlink:href="#sSpan508" value="Sing"/>
		<feat xlink:href="#sSpan512" value="Sing"/>
		<feat xlink:href="#sSpan513" value="Sing"/>
		<feat xlink:href="#sSpan516" value="Sing"/>
		<feat xlink:href="#sSpan517" value="Sing"/>
		<feat xlink:href="#sSpan518" value="Sing"/>
		<feat xlink:href="#sSpan524" value="Sing"/>
		<feat xlink:href="#sSpan527" value="Sing"/>
		<feat xlink:href="#sSpan528" value="Sing"/>
		<feat xlink:href="#sSpan534" value="Sing"/>
		<feat xlink:href="#sSpan537" value="Plur"/>
		<feat xlink:href="#sSpan539" value="Plur"/>
		<feat xlink:href="#sSpan543" value="Plur"/>
		<feat xlink:href="#sSpan545" value="Plur"/>
		<feat xlink:href="#sSpan546" value="Plur"/>
		<feat xlink:href="#sSpan556" value="Plur"/>
		<feat xlink:href="#sSpan559" value="Plur"/>
		<feat xlink:href="#sSpan561" value="Plur"/>
		<feat xlink:href="#sSpan562" value="Sing"/>
		<feat xlink:href="#sSpan564" value="Sing"/>
		<feat xlink:href="#sSpan575" value="Plur"/>
		<feat xlink:href="#sSpan577" value="Sing"/>
		<feat xlink:href="#sSpan578" value="Plur"/>
		<feat xlink:href="#sSpan585" value="Sing"/>
		<feat xlink:href="#sSpan587" value="Plur"/>
		<feat xlink:href="#sSpan589" value="Plur"/>
		<feat xlink:href="#sSpan591" value="Plur"/>
		<feat xlink:href="#sSpan595" value="Sing"/>
		<feat xlink:href="#sSpan596" value="Sing"/>
		<feat xlink:href="#sSpan597" value="Sing"/>
		<feat xlink:href="#sSpan602" value="Sing"/>
		<feat xlink:href="#sSpan606" value="Sing"/>
		<feat xlink:href="#sSpan609" value="Sing"/>
		<feat xlink:href="#sSpan611" value="Plur"/>
		<feat xlink:href="#sSpan615" value="Sing"/>
		<feat xlink:href="#sSpan619" value="Sing"/>
		<feat xlink:href="#sSpan620" value="Plur"/>
		<feat xlink:href="#sSpan624" value="Sing"/>
		<feat xlink:href="#sSpan628" value="Sing"/>
		<feat xlink:href="#sSpan629" value="Sing"/>
		<feat xlink:href="#sSpan630" value="Sing"/>
		<feat xlink:href="#sSpan632" value="Sing"/>
		<feat xlink:href="#sSpan641" value="Sing"/>
		<feat xlink:href="#sSpan645" value="Sing"/>
		<feat xlink:href="#sSpan648" value="Sing"/>
		<feat xlink:href="#sSpan657" value="Sing"/>
		<feat xlink:href="#sSpan665" value="Plur"/>
		<feat xlink:href="#sSpan667" value="Sing"/>
		<feat xlink:href="#sSpan673" value="Sing"/>
		<feat xlink:href="#sSpan675" value="Sing"/>
		<feat xlink:href="#sSpan681" value="Sing"/>
		<feat xlink:href="#sSpan687" value="Sing"/>
		<feat xlink:href="#sSpan688" value="Sing"/>
		<feat xlink:href="#sSpan689" value="Sing"/>
		<feat xlink:href="#sSpan691" value="Plur"/>
		<feat xlink:href="#sSpan692" value="Sing"/>
		<feat xlink:href="#sSpan693" value="Plur"/>
		<feat xlink:href="#sSpan694" value="Sing"/>
		<feat xlink:href="#sSpan695" value="Sing"/>
		<feat xlink:href="#sSpan699" value="Plur"/>
		<feat xlink:href="#sSpan700" value="Sing"/>
		<feat xlink:href="#sSpan701" value="Sing"/>
		<feat xlink:href="#sSpan702" value="Sing"/>
		<feat xlink:href="#sSpan703" value="Sing"/>
		<feat xlink:href="#sSpan707" value="Sing"/>
		<feat xlink:href="#sSpan712" value="Sing"/>
		<feat xlink:href="#sSpan714" value="Plur"/>
		<feat xlink:href="#sSpan719" value="Sing"/>
		<feat xlink:href="#sSpan720" value="Sing"/>
		<feat xlink:href="#sSpan721" value="Sing"/>
		<feat xlink:href="#sSpan724" value="Sing"/>
		<feat xlink:href="#sSpan725" value="Sing"/>
		<feat xlink:href="#sSpan730" value="Sing"/>
		<feat xlink:href="#sSpan732" value="Plur"/>
		<feat xlink:href="#sSpan739" value="Plur"/>
		<feat xlink:href="#sSpan741" value="Sing"/>
		<feat xlink:href="#sSpan751" value="Sing"/>
		<feat xlink:href="#sSpan754" value="Sing"/>
		<feat xlink:href="#sSpan755" value="Sing"/>
		<feat xlink:href="#sSpan758" value="Sing"/>
		<feat xlink:href="#sSpan764" value="Sing"/>
		<feat xlink:href="#sSpan767" value="Plur"/>
		<feat xlink:href="#sSpan771" value="Sing"/>
		<feat xlink:href="#sSpan773" value="Sing"/>
		<feat xlink:href="#sSpan774" value="Sing"/>
		<feat xlink:href="#sSpan782" value="Sing"/>
		<feat xlink:href="#sSpan783" value="Sing"/>
		<feat xlink:href="#sSpan784" value="Sing"/>
		<feat xlink:href="#sSpan789" value="Sing"/>
		<feat xlink:href="#sSpan795" value="Plur"/>
		<feat xlink:href="#sSpan798" value="Sing"/>
		<feat xlink:href="#sSpan799" value="Plur"/>
		<feat xlink:href="#sSpan801" value="Plur"/>
		<feat xlink:href="#sSpan806" value="Sing"/>
		<feat xlink:href="#sSpan811" value="Sing"/>
		<feat xlink:href="#sSpan814" value="Plur"/>
		<feat xlink:href="#sSpan821" value="Sing"/>
		<feat xlink:href="#sSpan823" value="Sing"/>
		<feat xlink:href="#sSpan829" value="Plur"/>
		<feat xlink:href="#sSpan830" value="Plur"/>
		<feat xlink:href="#sSpan837" value="Sing"/>
		<feat xlink:href="#sSpan839" value="Sing"/>
		<feat xlink:href="#sSpan846" value="Sing"/>
		<feat xlink:href="#sSpan851" value="Plur"/>
		<feat xlink:href="#sSpan860" value="Sing"/>
		<feat xlink:href="#sSpan863" value="Sing"/>
		<feat xlink:href="#sSpan866" value="Sing"/>
		<feat xlink:href="#sSpan871" value="Sing"/>
		<feat xlink:href="#sSpan872" value="Plur"/>
		<feat xlink:href="#sSpan873" value="Sing"/>
		<feat xlink:href="#sSpan877" value="Sing"/>
		<feat xlink:href="#sSpan881" value="Sing"/>
		<feat xlink:href="#sSpan884" value="Plur"/>
		<feat xlink:href="#sSpan885" value="Sing"/>
		<feat xlink:href="#sSpan886" value="Sing"/>
		<feat xlink:href="#sSpan887" value="Sing"/>
		<feat xlink:href="#sSpan888" value="Sing"/>
		<feat xlink:href="#sSpan891" value="Sing"/>
		<feat xlink:href="#sSpan892" value="Plur"/>
		<feat xlink:href="#sSpan893" value="Sing"/>
		<feat xlink:href="#sSpan898" value="Sing"/>
		<feat xlink:href="#sSpan902" value="Sing"/>
		<feat xlink:href="#sSpan904" value="Plur"/>
		<feat xlink:href="#sSpan905" value="Sing"/>
		<feat xlink:href="#sSpan906" value="Sing"/>
		<feat xlink:href="#sSpan907" value="Sing"/>
		<feat xlink:href="#sSpan909" value="Sing"/>
		<feat xlink:href="#sSpan914" value="Sing"/>
		<feat xlink:href="#sSpan915" value="Sing"/>
		<feat xlink:href="#sSpan916" value="Sing"/>
		<feat xlink:href="#sSpan918" value="Sing"/>
		<feat xlink:href="#sSpan925" value="Sing"/>
		<feat xlink:href="#sSpan930" value="Sing"/>
		<feat xlink:href="#sSpan935" value="Sing"/>
		<feat xlink:href="#sSpan937" value="Plur"/>
		<feat xlink:href="#sSpan941" value="Sing"/>
		<feat xlink:href="#sSpan942" value="Sing"/>
		<feat xlink:href="#sSpan943" value="Plur"/>
		<feat xlink:href="#sSpan944" value="Plur"/>
		<feat xlink:href="#sSpan947" value="Plur"/>
		<feat xlink:href="#sSpan948" value="Plur"/>
		<feat xlink:href="#sSpan950" value="Plur"/>
		<feat xlink:href="#sSpan951" value="Sing"/>
		<feat xlink:href="#sSpan952" value="Plur"/>
		<feat xlink:href="#sSpan953" value="Sing"/>
		<feat xlink:href="#sSpan958" value="Sing"/>
		<feat xlink:href="#sSpan959" value="Sing"/>
		<feat xlink:href="#sSpan960" value="Sing"/>
		<feat xlink:href="#sSpan963" value="Sing"/>
		<feat xlink:href="#sSpan964" value="Sing"/>
		<feat xlink:href="#sSpan965" value="Sing"/>
		<feat xlink:href="#sSpan966" value="Sing"/>
		<feat xlink:href="#sSpan970" value="Sing"/>
		<feat xlink:href="#sSpan972" value="Plur"/>
		<feat xlink:href="#sSpan975" value="Sing"/>
		<feat xlink:href="#sSpan976" value="Sing"/>
		<feat xlink:href="#sSpan977" value="Plur"/>
		<feat xlink:href="#sSpan981" value="Sing"/>
		<feat xlink:href="#sSpan982" value="Sing"/>
		<feat xlink:href="#sSpan983" value="Sing"/>
		<feat xlink:href="#sSpan984" value="Plur"/>
		<feat xlink:href="#sSpan985" value="Sing"/>
		<feat xlink:href="#sSpan986" value="Sing"/>
		<feat xlink:href="#sSpan987" value="Sing"/>
		<feat xlink:href="#sSpan989" value="Plur"/>
		<feat xlink:href="#sSpan993" value="Sing"/>
		<feat xlink:href="#sSpan994" value="Plur"/>
		<feat xlink:href="#sSpan995" value="Sing"/>
		<feat xlink:href="#sSpan996" value="Plur"/>
		<feat xlink:href="#sSpan1000" value="Sing"/>
		<feat xlink:href="#sSpan1004" value="Plur"/>
		<feat xlink:href="#sSpan1005" value="Plur"/>
		<feat xlink:href="#sSpan1011" value="Sing"/>
		<feat xlink:href="#sSpan1012" value="Plur"/>
		<feat xlink:href="#sSpan1015" value="Sing"/>
		<feat xlink:href="#sSpan1016" value="Plur"/>
		<feat xlink:href="#sSpan1017" value="Sing"/>
		<feat xlink:href="#sSpan1018" value="Plur"/>
		<feat xlink:href="#sSpan1022" value="Sing"/>
		<feat xlink:href="#sSpan1024" value="Plur"/>
		<feat xlink:href="#sSpan1028" value="Sing"/>
		<feat xlink:href="#sSpan1029" value="Sing"/>
		<feat xlink:href="#sSpan1037" value="Sing"/>
		<feat xlink:href="#sSpan1040" value="Sing"/>
		<feat xlink:href="#sSpan1046" value="Sing"/>
		<feat xlink:href="#sSpan1051" value="Sing"/>
		<feat xlink:href="#sSpan1053" value="Sing"/>
		<feat xlink:href="#sSpan1054" value="Plur"/>
		<feat xlink:href="#sSpan1055" value="Sing"/>
		<feat xlink:href="#sSpan1056" value="Sing"/>
		<feat xlink:href="#sSpan1057" value="Plur"/>
		<feat xlink:href="#sSpan1058" value="Plur"/>
		<feat xlink:href="#sSpan1063" value="Sing"/>
		<feat xlink:href="#sSpan1065" value="Plur"/>
		<feat xlink:href="#sSpan1068" value="Sing"/>
		<feat xlink:href="#sSpan1070" value="Plur"/>
		<feat xlink:href="#sSpan1071" value="Plur"/>
		<feat xlink:href="#sSpan1073" value="Plur"/>
		<feat xlink:href="#sSpan1083" value="Sing"/>
		<feat xlink:href="#sSpan1089" value="Sing"/>
		<feat xlink:href="#sSpan1090" value="Sing"/>
		<feat xlink:href="#sSpan1097" value="Sing"/>
		<feat xlink:href="#sSpan1101" value="Sing"/>
		<feat xlink:href="#sSpan1104" value="Plur"/>
		<feat xlink:href="#sSpan1109" value="Sing"/>
		<feat xlink:href="#sSpan1110" value="Sing"/>
		<feat xlink:href="#sSpan1111" value="Sing"/>
		<feat xlink:href="#sSpan1112" value="Sing"/>
		<feat xlink:href="#sSpan1114" value="Sing"/>
		<feat xlink:href="#sSpan1115" value="Sing"/>
		<feat xlink:href="#sSpan1124" value="Sing"/>
		<feat xlink:href="#sSpan1132" value="Sing"/>
		<feat xlink:href="#sSpan1136" value="Sing"/>
		<feat xlink:href="#sSpan1139" value="Sing"/>
		<feat xlink:href="#sSpan1144" value="Sing"/>
		<feat xlink:href="#sSpan1147" value="Sing"/>
		<feat xlink:href="#sSpan1148" value="Plur"/>
		<feat xlink:href="#sSpan1153" value="Sing"/>
		<feat xlink:href="#sSpan1157" value="Plur"/>
		<feat xlink:href="#sSpan1160" value="Sing"/>
		<feat xlink:href="#sSpan1161" value="Sing"/>
		<feat xlink:href="#sSpan1165" value="Sing"/>
		<feat xlink:href="#sSpan1169" value="Plur"/>
		<feat xlink:href="#sSpan1173" value="Sing"/>
		<feat xlink:href="#sSpan1175" value="Sing"/>
		<feat xlink:href="#sSpan1176" value="Sing"/>
		<feat xlink:href="#sSpan1182" value="Sing"/>
		<feat xlink:href="#sSpan1186" value="Sing"/>
		<feat xlink:href="#sSpan1188" value="Sing"/>
		<feat xlink:href="#sSpan1189" value="Sing"/>
		<feat xlink:href="#sSpan1191" value="Sing"/>
		<feat xlink:href="#sSpan1195" value="Sing"/>
		<feat xlink:href="#sSpan1198" value="Sing"/>
		<feat xlink:href="#sSpan1200" value="Plur"/>
		<feat xlink:href="#sSpan1202" value="Sing"/>
		<feat xlink:href="#sSpan1204" value="Sing"/>
		<feat xlink:href="#sSpan1205" value="Plur"/>
		<feat xlink:href="#sSpan1208" value="Plur"/>
		<feat xlink:href="#sSpan1210" value="Plur"/>
		<feat xlink:href="#sSpan1211" value="Sing"/>
		<feat xlink:href="#sSpan1213" value="Sing"/>
		<feat xlink:href="#sSpan1222" value="Sing"/>
		<feat xlink:href="#sSpan1223" value="Sing"/>
		<feat xlink:href="#sSpan1224" value="Sing"/>
		<feat xlink:href="#sSpan1229" value="Sing"/>
		<feat xlink:href="#sSpan1233" value="Sing"/>
		<feat xlink:href="#sSpan1240" value="Sing"/>
		<feat xlink:href="#sSpan1241" value="Plur"/>
		<feat xlink:href="#sSpan1245" value="Sing"/>
		<feat xlink:href="#sSpan1247" value="Sing"/>
		<feat xlink:href="#sSpan1248" value="Sing"/>
		<feat xlink:href="#sSpan1253" value="Plur"/>
		<feat xlink:href="#sSpan1254" value="Sing"/>
		<feat xlink:href="#sSpan1257" value="Sing"/>
		<feat xlink:href="#sSpan1260" value="Plur"/>
		<feat xlink:href="#sSpan1261" value="Sing"/>
		<feat xlink:href="#sSpan1263" value="Plur"/>
		<feat xlink:href="#sSpan1266" value="Plur"/>
		<feat xlink:href="#sSpan1267" value="Sing"/>
		<feat xlink:href="#sSpan1268" value="Plur"/>
		<feat xlink:href="#sSpan1270" value="Plur"/>
		<feat xlink:href="#sSpan1274" value="Sing"/>
		<feat xlink:href="#sSpan1275" value="Plur"/>
		<feat xlink:href="#sSpan1280" value="Sing"/>
		<feat xlink:href="#sSpan1283" value="Sing"/>
		<feat xlink:href="#sSpan1284" value="Plur"/>
		<feat xlink:href="#sSpan1285" value="Plur"/>
		<feat xlink:href="#sSpan1289" value="Sing"/>
		<feat xlink:href="#sSpan1292" value="Sing"/>
		<feat xlink:href="#sSpan1300" value="Sing"/>
		<feat xlink:href="#sSpan1302" value="Plur"/>
		<feat xlink:href="#sSpan1312" value="Sing"/>
		<feat xlink:href="#sSpan1313" value="Sing"/>
		<feat xlink:href="#sSpan1315" value="Plur"/>
		<feat xlink:href="#sSpan1318" value="Sing"/>
		<feat xlink:href="#sSpan1319" value="Sing"/>
		<feat xlink:href="#sSpan1320" value="Sing"/>
		<feat xlink:href="#sSpan1322" value="Plur"/>
		<feat xlink:href="#sSpan1330" value="Plur"/>
		<feat xlink:href="#sSpan1331" value="Plur"/>
		<feat xlink:href="#sSpan1335" value="Sing"/>
		<feat xlink:href="#sSpan1337" value="Plur"/>
		<feat xlink:href="#sSpan1345" value="Sing"/>
		<feat xlink:href="#sSpan1349" value="Sing"/>
		<feat xlink:href="#sSpan1350" value="Sing"/>
		<feat xlink:href="#sSpan1353" value="Sing"/>
		<feat xlink:href="#sSpan1355" value="Sing"/>
		<feat xlink:href="#sSpan1356" value="Plur"/>
		<feat xlink:href="#sSpan1359" value="Sing"/>
		<feat xlink:href="#sSpan1360" value="Sing"/>
		<feat xlink:href="#sSpan1361" value="Sing"/>
		<feat xlink:href="#sSpan1366" value="Sing"/>
		<feat xlink:href="#sSpan1371" value="Sing"/>
		<feat xlink:href="#sSpan1378" value="Sing"/>
		<feat xlink:href="#sSpan1382" value="Sing"/>
		<feat xlink:href="#sSpan1386" value="Sing"/>
		<feat xlink:href="#sSpan1389" value="Sing"/>
		<feat xlink:href="#sSpan1390" value="Sing"/>
		<feat xlink:href="#sSpan1393" value="Plur"/>
		<feat xlink:href="#sSpan1397" value="Sing"/>
		<feat xlink:href="#sSpan1398" value="Sing"/>
		<feat xlink:href="#sSpan1407" value="Plur"/>
		<feat xlink:href="#sSpan1412" value="Sing"/>
		<feat xlink:href="#sSpan1413" value="Sing"/>
		<feat xlink:href="#sSpan1414" value="Sing"/>
		<feat xlink:href="#sSpan1415" value="Sing"/></featList></paula>