<?xml version='1.0' encoding='UTF-8'?><!DOCTYPE paula SYSTEM "paula_feat.dtd">
<paula version="1.1">
	<header paula_id="morph.GUM_academic_census.mark_Poss"/>
	<featList xmlns:xlink="http://www.w3.org/1999/xlink" type="Poss" xml:base="morph.GUM_academic_census.mark.xml">
		<feat xlink:href="#sSpan493" value="Yes"/>
		<feat xlink:href="#sSpan502" value="Yes"/>
		<feat xlink:href="#sSpan595" value="Yes"/>
		<feat xlink:href="#sSpan785" value="Yes"/>
		<feat xlink:href="#sSpan816" value="Yes"/>
		<feat xlink:href="#sSpan1436" value="Yes"/>
		<feat xlink:href="#sSpan1468" value="Yes"/>
		<feat xlink:href="#sSpan1490" value="Yes"/>
		<feat xlink:href="#sSpan1561" value="Yes"/></featList></paula>