<?xml version='1.0' encoding='UTF-8'?><!DOCTYPE paula SYSTEM "paula_feat.dtd">
<paula version="1.1">
	<header paula_id="morph.GUM_academic_census.mark_PronType"/>
	<featList xmlns:xlink="http://www.w3.org/1999/xlink" type="PronType" xml:base="morph.GUM_academic_census.mark.xml">
		<feat xlink:href="#sSpan467" value="Art"/>
		<feat xlink:href="#sSpan471" value="Art"/>
		<feat xlink:href="#sSpan479" value="Prs"/>
		<feat xlink:href="#sSpan484" value="Prs"/>
		<feat xlink:href="#sSpan496" value="Dem"/>
		<feat xlink:href="#sSpan514" value="Art"/>
		<feat xlink:href="#sSpan525" value="Art"/>
		<feat xlink:href="#sSpan547" value="Rel"/>
		<feat xlink:href="#sSpan554" value="Art"/>
		<feat xlink:href="#sSpan558" value="Prs"/>
		<feat xlink:href="#sSpan580" value="Rel"/>
		<feat xlink:href="#sSpan584" value="Art"/>
		<feat xlink:href="#sSpan588" value="Dem"/>
		<feat xlink:href="#sSpan593" value="Art"/>
		<feat xlink:href="#sSpan607" value="Art"/>
		<feat xlink:href="#sSpan613" value="Art"/>
		<feat xlink:href="#sSpan617" value="Art"/>
		<feat xlink:href="#sSpan622" value="Art"/>
		<feat xlink:href="#sSpan626" value="Art"/>
		<feat xlink:href="#sSpan636" value="Art"/>
		<feat xlink:href="#sSpan643" value="Int"/>
		<feat xlink:href="#sSpan653" value="Int"/>
		<feat xlink:href="#sSpan654" value="Prs"/>
		<feat xlink:href="#sSpan680" value="Prs"/>
		<feat xlink:href="#sSpan685" value="Art"/>
		<feat xlink:href="#sSpan710" value="Art"/>
		<feat xlink:href="#sSpan716" value="Art"/>
		<feat xlink:href="#sSpan723" value="Art"/>
		<feat xlink:href="#sSpan729" value="Prs"/>
		<feat xlink:href="#sSpan748" value="Art"/>
		<feat xlink:href="#sSpan753" value="Int"/>
		<feat xlink:href="#sSpan761" value="Art"/>
		<feat xlink:href="#sSpan769" value="Art"/>
		<feat xlink:href="#sSpan778" value="Art"/>
		<feat xlink:href="#sSpan804" value="Art"/>
		<feat xlink:href="#sSpan822" value="Dem"/>
		<feat xlink:href="#sSpan835" value="Art"/>
		<feat xlink:href="#sSpan844" value="Art"/>
		<feat xlink:href="#sSpan857" value="Art"/>
		<feat xlink:href="#sSpan861" value="Art"/>
		<feat xlink:href="#sSpan868" value="Art"/>
		<feat xlink:href="#sSpan878" value="Art"/>
		<feat xlink:href="#sSpan890" value="Dem"/>
		<feat xlink:href="#sSpan913" value="Dem"/>
		<feat xlink:href="#sSpan922" value="Art"/>
		<feat xlink:href="#sSpan926" value="Art"/>
		<feat xlink:href="#sSpan939" value="Art"/>
		<feat xlink:href="#sSpan945" value="Dem"/>
		<feat xlink:href="#sSpan961" value="Art"/>
		<feat xlink:href="#sSpan973" value="Art"/>
		<feat xlink:href="#sSpan978" value="Art"/>
		<feat xlink:href="#sSpan997" value="Art"/>
		<feat xlink:href="#sSpan1014" value="Art"/>
		<feat xlink:href="#sSpan1019" value="Rel"/>
		<feat xlink:href="#sSpan1035" value="Art"/>
		<feat xlink:href="#sSpan1039" value="Art"/>
		<feat xlink:href="#sSpan1041" value="Rel"/>
		<feat xlink:href="#sSpan1045" value="Prs"/>
		<feat xlink:href="#sSpan1067" value="Art"/>
		<feat xlink:href="#sSpan1072" value="Dem"/>
		<feat xlink:href="#sSpan1075" value="Prs"/>
		<feat xlink:href="#sSpan1080" value="Art"/>
		<feat xlink:href="#sSpan1087" value="Art"/>
		<feat xlink:href="#sSpan1091" value="Rel"/>
		<feat xlink:href="#sSpan1094" value="Art"/>
		<feat xlink:href="#sSpan1098" value="Art"/>
		<feat xlink:href="#sSpan1107" value="Art"/>
		<feat xlink:href="#sSpan1113" value="Dem"/>
		<feat xlink:href="#sSpan1126" value="Prs"/>
		<feat xlink:href="#sSpan1137" value="Art"/>
		<feat xlink:href="#sSpan1149" value="Art"/>
		<feat xlink:href="#sSpan1155" value="Art"/>
		<feat xlink:href="#sSpan1163" value="Art"/>
		<feat xlink:href="#sSpan1166" value="Art"/>
		<feat xlink:href="#sSpan1174" value="Dem"/>
		<feat xlink:href="#sSpan1180" value="Art"/>
		<feat xlink:href="#sSpan1183" value="Art"/>
		<feat xlink:href="#sSpan1190" value="Dem"/>
		<feat xlink:href="#sSpan1196" value="Art"/>
		<feat xlink:href="#sSpan1212" value="Dem"/>
		<feat xlink:href="#sSpan1219" value="Int"/>
		<feat xlink:href="#sSpan1220" value="Art"/>
		<feat xlink:href="#sSpan1230" value="Rel"/>
		<feat xlink:href="#sSpan1238" value="Art"/>
		<feat xlink:href="#sSpan1255" value="Art"/>
		<feat xlink:href="#sSpan1265" value="Dem"/>
		<feat xlink:href="#sSpan1278" value="Art"/>
		<feat xlink:href="#sSpan1288" value="Prs"/>
		<feat xlink:href="#sSpan1305" value="Prs"/>
		<feat xlink:href="#sSpan1310" value="Art"/>
		<feat xlink:href="#sSpan1314" value="Prs"/>
		<feat xlink:href="#sSpan1323" value="Prs"/>
		<feat xlink:href="#sSpan1328" value="Art"/>
		<feat xlink:href="#sSpan1332" value="Prs"/>
		<feat xlink:href="#sSpan1338" value="Art"/>
		<feat xlink:href="#sSpan1347" value="Art"/>
		<feat xlink:href="#sSpan1351" value="Art"/>
		<feat xlink:href="#sSpan1358" value="Art"/>
		<feat xlink:href="#sSpan1367" value="Prs"/>
		<feat xlink:href="#sSpan1369" value="Art"/>
		<feat xlink:href="#sSpan1376" value="Art"/>
		<feat xlink:href="#sSpan1384" value="Art"/>
		<feat xlink:href="#sSpan1388" value="Art"/>
		<feat xlink:href="#sSpan1394" value="Prs"/>
		<feat xlink:href="#sSpan1404" value="Art"/>
		<feat xlink:href="#sSpan1410" value="Art"/></featList></paula>