<?xml version='1.0' encoding='UTF-8'?><!DOCTYPE paula SYSTEM "paula_feat.dtd">
<paula version="1.1">
	<header paula_id="morph.GUM_academic_census.mark_Mood"/>
	<featList xmlns:xlink="http://www.w3.org/1999/xlink" type="Mood" xml:base="morph.GUM_academic_census.mark.xml">
		<feat xlink:href="#sSpan504" value="Ind"/>
		<feat xlink:href="#sSpan511" value="Ind"/>
		<feat xlink:href="#sSpan532" value="Ind"/>
		<feat xlink:href="#sSpan571" value="Ind"/>
		<feat xlink:href="#sSpan579" value="Ind"/>
		<feat xlink:href="#sSpan590" value="Ind"/>
		<feat xlink:href="#sSpan632" value="Ind"/>
		<feat xlink:href="#sSpan665" value="Ind"/>
		<feat xlink:href="#sSpan680" value="Ind"/>
		<feat xlink:href="#sSpan701" value="Ind"/>
		<feat xlink:href="#sSpan732" value="Ind"/>
		<feat xlink:href="#sSpan742" value="Ind"/>
		<feat xlink:href="#sSpan775" value="Ind"/>
		<feat xlink:href="#sSpan784" value="Ind"/>
		<feat xlink:href="#sSpan804" value="Ind"/>
		<feat xlink:href="#sSpan823" value="Ind"/>
		<feat xlink:href="#sSpan836" value="Ind"/>
		<feat xlink:href="#sSpan862" value="Ind"/>
		<feat xlink:href="#sSpan866" value="Ind"/>
		<feat xlink:href="#sSpan878" value="Ind"/>
		<feat xlink:href="#sSpan919" value="Ind"/>
		<feat xlink:href="#sSpan942" value="Ind"/>
		<feat xlink:href="#sSpan966" value="Ind"/>
		<feat xlink:href="#sSpan995" value="Ind"/>
		<feat xlink:href="#sSpan1008" value="Ind"/>
		<feat xlink:href="#sSpan1033" value="Ind"/>
		<feat xlink:href="#sSpan1047" value="Ind"/>
		<feat xlink:href="#sSpan1093" value="Ind"/>
		<feat xlink:href="#sSpan1120" value="Ind"/>
		<feat xlink:href="#sSpan1172" value="Ind"/>
		<feat xlink:href="#sSpan1214" value="Ind"/>
		<feat xlink:href="#sSpan1242" value="Ind"/>
		<feat xlink:href="#sSpan1337" value="Ind"/>
		<feat xlink:href="#sSpan1343" value="Ind"/>
		<feat xlink:href="#sSpan1409" value="Ind"/>
		<feat xlink:href="#sSpan1416" value="Ind"/>
		<feat xlink:href="#sSpan1427" value="Ind"/>
		<feat xlink:href="#sSpan1450" value="Ind"/>
		<feat xlink:href="#sSpan1468" value="Ind"/>
		<feat xlink:href="#sSpan1508" value="Ind"/>
		<feat xlink:href="#sSpan1527" value="Ind"/></featList></paula>