<?xml version='1.0' encoding='UTF-8'?><!DOCTYPE paula SYSTEM "paula_feat.dtd">
<paula version="1.1">
	<header paula_id="morph.GUM_academic_census.mark_VerbForm"/>
	<featList xmlns:xlink="http://www.w3.org/1999/xlink" type="VerbForm" xml:base="morph.GUM_academic_census.mark.xml">
		<feat xlink:href="#sSpan473" value="Inf"/>
		<feat xlink:href="#sSpan478" value="Ger"/>
		<feat xlink:href="#sSpan502" value="Fin"/>
		<feat xlink:href="#sSpan509" value="Fin"/>
		<feat xlink:href="#sSpan517" value="Part"/>
		<feat xlink:href="#sSpan523" value="Ger"/>
		<feat xlink:href="#sSpan534" value="Fin"/>
		<feat xlink:href="#sSpan545" value="Fin"/>
		<feat xlink:href="#sSpan546" value="Inf"/>
		<feat xlink:href="#sSpan548" value="Part"/>
		<feat xlink:href="#sSpan562" value="Ger"/>
		<feat xlink:href="#sSpan572" value="Fin"/>
		<feat xlink:href="#sSpan575" value="Fin"/>
		<feat xlink:href="#sSpan594" value="Fin"/>
		<feat xlink:href="#sSpan595" value="Part"/>
		<feat xlink:href="#sSpan597" value="Part"/>
		<feat xlink:href="#sSpan600" value="Inf"/>
		<feat xlink:href="#sSpan611" value="Fin"/>
		<feat xlink:href="#sSpan612" value="Inf"/>
		<feat xlink:href="#sSpan622" value="Ger"/>
		<feat xlink:href="#sSpan631" value="Fin"/>
		<feat xlink:href="#sSpan647" value="Ger"/>
		<feat xlink:href="#sSpan660" value="Ger"/>
		<feat xlink:href="#sSpan667" value="Fin"/>
		<feat xlink:href="#sSpan675" value="Ger"/>
		<feat xlink:href="#sSpan681" value="Fin"/>
		<feat xlink:href="#sSpan684" value="Part"/>
		<feat xlink:href="#sSpan693" value="Fin"/>
		<feat xlink:href="#sSpan694" value="Inf"/>
		<feat xlink:href="#sSpan696" value="Part"/>
		<feat xlink:href="#sSpan704" value="Fin"/>
		<feat xlink:href="#sSpan712" value="Ger"/>
		<feat xlink:href="#sSpan719" value="Inf"/>
		<feat xlink:href="#sSpan735" value="Fin"/>
		<feat xlink:href="#sSpan746" value="Fin"/>
		<feat xlink:href="#sSpan772" value="Fin"/>
		<feat xlink:href="#sSpan778" value="Inf"/>
		<feat xlink:href="#sSpan785" value="Fin"/>
		<feat xlink:href="#sSpan789" value="Part"/>
		<feat xlink:href="#sSpan802" value="Fin"/>
		<feat xlink:href="#sSpan818" value="Ger"/>
		<feat xlink:href="#sSpan824" value="Fin"/>
		<feat xlink:href="#sSpan829" value="Ger"/>
		<feat xlink:href="#sSpan834" value="Fin"/>
		<feat xlink:href="#sSpan840" value="Part"/>
		<feat xlink:href="#sSpan847" value="Part"/>
		<feat xlink:href="#sSpan853" value="Ger"/>
		<feat xlink:href="#sSpan858" value="Fin"/>
		<feat xlink:href="#sSpan867" value="Fin"/>
		<feat xlink:href="#sSpan872" value="Part"/>
		<feat xlink:href="#sSpan873" value="Inf"/>
		<feat xlink:href="#sSpan880" value="Fin"/>
		<feat xlink:href="#sSpan883" value="Part"/>
		<feat xlink:href="#sSpan903" value="Part"/>
		<feat xlink:href="#sSpan918" value="Fin"/>
		<feat xlink:href="#sSpan930" value="Inf"/>
		<feat xlink:href="#sSpan944" value="Fin"/>
		<feat xlink:href="#sSpan967" value="Fin"/>
		<feat xlink:href="#sSpan971" value="Part"/>
		<feat xlink:href="#sSpan996" value="Fin"/>
		<feat xlink:href="#sSpan1003" value="Ger"/>
		<feat xlink:href="#sSpan1004" value="Ger"/>
		<feat xlink:href="#sSpan1007" value="Fin"/>
		<feat xlink:href="#sSpan1016" value="Ger"/>
		<feat xlink:href="#sSpan1031" value="Fin"/>
		<feat xlink:href="#sSpan1050" value="Fin"/>
		<feat xlink:href="#sSpan1071" value="Fin"/>
		<feat xlink:href="#sSpan1072" value="Inf"/>
		<feat xlink:href="#sSpan1082" value="Inf"/>
		<feat xlink:href="#sSpan1094" value="Fin"/>
		<feat xlink:href="#sSpan1106" value="Fin"/>
		<feat xlink:href="#sSpan1107" value="Inf"/>
		<feat xlink:href="#sSpan1124" value="Fin"/>
		<feat xlink:href="#sSpan1134" value="Fin"/>
		<feat xlink:href="#sSpan1135" value="Inf"/>
		<feat xlink:href="#sSpan1142" value="Inf"/>
		<feat xlink:href="#sSpan1152" value="Fin"/>
		<feat xlink:href="#sSpan1153" value="Inf"/>
		<feat xlink:href="#sSpan1155" value="Part"/>
		<feat xlink:href="#sSpan1159" value="Ger"/>
		<feat xlink:href="#sSpan1173" value="Fin"/>
		<feat xlink:href="#sSpan1181" value="Part"/>
		<feat xlink:href="#sSpan1189" value="Fin"/>
		<feat xlink:href="#sSpan1192" value="Inf"/>
		<feat xlink:href="#sSpan1201" value="Ger"/>
		<feat xlink:href="#sSpan1215" value="Fin"/>
		<feat xlink:href="#sSpan1226" value="Fin"/>
		<feat xlink:href="#sSpan1227" value="Inf"/>
		<feat xlink:href="#sSpan1230" value="Part"/>
		<feat xlink:href="#sSpan1234" value="Part"/>
		<feat xlink:href="#sSpan1240" value="Fin"/>
		<feat xlink:href="#sSpan1246" value="Ger"/>
		<feat xlink:href="#sSpan1258" value="Ger"/>
		<feat xlink:href="#sSpan1275" value="Part"/>
		<feat xlink:href="#sSpan1276" value="Inf"/>
		<feat xlink:href="#sSpan1283" value="Ger"/>
		<feat xlink:href="#sSpan1298" value="Fin"/>
		<feat xlink:href="#sSpan1301" value="Inf"/>
		<feat xlink:href="#sSpan1309" value="Ger"/>
		<feat xlink:href="#sSpan1314" value="Ger"/>
		<feat xlink:href="#sSpan1315" value="Inf"/>
		<feat xlink:href="#sSpan1322" value="Fin"/>
		<feat xlink:href="#sSpan1323" value="Inf"/>
		<feat xlink:href="#sSpan1326" value="Part"/>
		<feat xlink:href="#sSpan1328" value="Inf"/>
		<feat xlink:href="#sSpan1338" value="Fin"/>
		<feat xlink:href="#sSpan1345" value="Fin"/>
		<feat xlink:href="#sSpan1348" value="Ger"/>
		<feat xlink:href="#sSpan1353" value="Part"/>
		<feat xlink:href="#sSpan1355" value="Inf"/>
		<feat xlink:href="#sSpan1357" value="Inf"/>
		<feat xlink:href="#sSpan1361" value="Part"/>
		<feat xlink:href="#sSpan1371" value="Fin"/>
		<feat xlink:href="#sSpan1373" value="Inf"/>
		<feat xlink:href="#sSpan1378" value="Inf"/>
		<feat xlink:href="#sSpan1390" value="Fin"/>
		<feat xlink:href="#sSpan1393" value="Inf"/>
		<feat xlink:href="#sSpan1400" value="Part"/>
		<feat xlink:href="#sSpan1410" value="Fin"/>
		<feat xlink:href="#sSpan1414" value="Part"/>
		<feat xlink:href="#sSpan1418" value="Fin"/>
		<feat xlink:href="#sSpan1425" value="Fin"/>
		<feat xlink:href="#sSpan1430" value="Ger"/>
		<feat xlink:href="#sSpan1449" value="Fin"/>
		<feat xlink:href="#sSpan1467" value="Fin"/>
		<feat xlink:href="#sSpan1479" value="Ger"/>
		<feat xlink:href="#sSpan1487" value="Ger"/>
		<feat xlink:href="#sSpan1497" value="Part"/>
		<feat xlink:href="#sSpan1499" value="Part"/>
		<feat xlink:href="#sSpan1511" value="Fin"/>
		<feat xlink:href="#sSpan1520" value="Part"/>
		<feat xlink:href="#sSpan1528" value="Fin"/>
		<feat xlink:href="#sSpan1539" value="Inf"/></featList></paula>