<?xml version='1.0' encoding='UTF-8'?><!DOCTYPE paula SYSTEM "paula_feat.dtd">
<paula version="1.1">
	<header paula_id="morph.GUM_academic_census.mark_Gender"/>
	<featList xmlns:xlink="http://www.w3.org/1999/xlink" type="Gender" xml:base="morph.GUM_academic_census.mark.xml">
		<feat xlink:href="#sSpan676" value="Neut"/>
		<feat xlink:href="#sSpan700" value="Neut"/>
		<feat xlink:href="#sSpan754" value="Neut"/>
		<feat xlink:href="#sSpan1123" value="Neut"/>
		<feat xlink:href="#sSpan1205" value="Neut"/>
		<feat xlink:href="#sSpan1468" value="Neut"/></featList></paula>