<?xml version='1.0' encoding='UTF-8'?><!DOCTYPE paula SYSTEM "paula_feat.dtd">
<paula version="1.1">
	<header paula_id="morph.GUM_academic_census.mark_PronType"/>
	<featList xmlns:xlink="http://www.w3.org/1999/xlink" type="PronType" xml:base="morph.GUM_academic_census.mark.xml">
		<feat xlink:href="#sSpan466" value="Art"/>
		<feat xlink:href="#sSpan471" value="Art"/>
		<feat xlink:href="#sSpan479" value="Prs"/>
		<feat xlink:href="#sSpan485" value="Prs"/>
		<feat xlink:href="#sSpan495" value="Dem"/>
		<feat xlink:href="#sSpan514" value="Art"/>
		<feat xlink:href="#sSpan525" value="Art"/>
		<feat xlink:href="#sSpan547" value="Rel"/>
		<feat xlink:href="#sSpan554" value="Art"/>
		<feat xlink:href="#sSpan560" value="Prs"/>
		<feat xlink:href="#sSpan580" value="Rel"/>
		<feat xlink:href="#sSpan584" value="Art"/>
		<feat xlink:href="#sSpan589" value="Dem"/>
		<feat xlink:href="#sSpan594" value="Art"/>
		<feat xlink:href="#sSpan608" value="Art"/>
		<feat xlink:href="#sSpan613" value="Art"/>
		<feat xlink:href="#sSpan618" value="Art"/>
		<feat xlink:href="#sSpan621" value="Art"/>
		<feat xlink:href="#sSpan626" value="Art"/>
		<feat xlink:href="#sSpan636" value="Art"/>
		<feat xlink:href="#sSpan643" value="Int"/>
		<feat xlink:href="#sSpan653" value="Int"/>
		<feat xlink:href="#sSpan657" value="Prs"/>
		<feat xlink:href="#sSpan679" value="Prs"/>
		<feat xlink:href="#sSpan684" value="Art"/>
		<feat xlink:href="#sSpan709" value="Art"/>
		<feat xlink:href="#sSpan716" value="Art"/>
		<feat xlink:href="#sSpan722" value="Art"/>
		<feat xlink:href="#sSpan727" value="Prs"/>
		<feat xlink:href="#sSpan747" value="Art"/>
		<feat xlink:href="#sSpan752" value="Int"/>
		<feat xlink:href="#sSpan762" value="Art"/>
		<feat xlink:href="#sSpan768" value="Art"/>
		<feat xlink:href="#sSpan779" value="Art"/>
		<feat xlink:href="#sSpan803" value="Art"/>
		<feat xlink:href="#sSpan822" value="Dem"/>
		<feat xlink:href="#sSpan835" value="Art"/>
		<feat xlink:href="#sSpan844" value="Art"/>
		<feat xlink:href="#sSpan857" value="Art"/>
		<feat xlink:href="#sSpan861" value="Art"/>
		<feat xlink:href="#sSpan869" value="Art"/>
		<feat xlink:href="#sSpan879" value="Art"/>
		<feat xlink:href="#sSpan891" value="Dem"/>
		<feat xlink:href="#sSpan913" value="Dem"/>
		<feat xlink:href="#sSpan923" value="Art"/>
		<feat xlink:href="#sSpan927" value="Art"/>
		<feat xlink:href="#sSpan938" value="Art"/>
		<feat xlink:href="#sSpan945" value="Dem"/>
		<feat xlink:href="#sSpan961" value="Art"/>
		<feat xlink:href="#sSpan974" value="Art"/>
		<feat xlink:href="#sSpan979" value="Art"/>
		<feat xlink:href="#sSpan998" value="Art"/>
		<feat xlink:href="#sSpan1014" value="Art"/>
		<feat xlink:href="#sSpan1019" value="Rel"/>
		<feat xlink:href="#sSpan1034" value="Art"/>
		<feat xlink:href="#sSpan1038" value="Art"/>
		<feat xlink:href="#sSpan1041" value="Rel"/>
		<feat xlink:href="#sSpan1047" value="Prs"/>
		<feat xlink:href="#sSpan1067" value="Art"/>
		<feat xlink:href="#sSpan1072" value="Dem"/>
		<feat xlink:href="#sSpan1075" value="Prs"/>
		<feat xlink:href="#sSpan1080" value="Art"/>
		<feat xlink:href="#sSpan1086" value="Art"/>
		<feat xlink:href="#sSpan1091" value="Rel"/>
		<feat xlink:href="#sSpan1095" value="Art"/>
		<feat xlink:href="#sSpan1098" value="Art"/>
		<feat xlink:href="#sSpan1106" value="Art"/>
		<feat xlink:href="#sSpan1113" value="Dem"/>
		<feat xlink:href="#sSpan1126" value="Prs"/>
		<feat xlink:href="#sSpan1137" value="Art"/>
		<feat xlink:href="#sSpan1149" value="Art"/>
		<feat xlink:href="#sSpan1154" value="Art"/>
		<feat xlink:href="#sSpan1163" value="Art"/>
		<feat xlink:href="#sSpan1166" value="Art"/>
		<feat xlink:href="#sSpan1174" value="Dem"/>
		<feat xlink:href="#sSpan1179" value="Art"/>
		<feat xlink:href="#sSpan1183" value="Art"/>
		<feat xlink:href="#sSpan1190" value="Dem"/>
		<feat xlink:href="#sSpan1196" value="Art"/>
		<feat xlink:href="#sSpan1211" value="Dem"/>
		<feat xlink:href="#sSpan1219" value="Int"/>
		<feat xlink:href="#sSpan1220" value="Art"/>
		<feat xlink:href="#sSpan1230" value="Rel"/>
		<feat xlink:href="#sSpan1238" value="Art"/>
		<feat xlink:href="#sSpan1255" value="Art"/>
		<feat xlink:href="#sSpan1266" value="Dem"/>
		<feat xlink:href="#sSpan1279" value="Art"/>
		<feat xlink:href="#sSpan1288" value="Prs"/>
		<feat xlink:href="#sSpan1304" value="Prs"/>
		<feat xlink:href="#sSpan1310" value="Art"/>
		<feat xlink:href="#sSpan1317" value="Prs"/>
		<feat xlink:href="#sSpan1323" value="Prs"/>
		<feat xlink:href="#sSpan1328" value="Art"/>
		<feat xlink:href="#sSpan1334" value="Prs"/>
		<feat xlink:href="#sSpan1339" value="Art"/>
		<feat xlink:href="#sSpan1347" value="Art"/>
		<feat xlink:href="#sSpan1351" value="Art"/>
		<feat xlink:href="#sSpan1357" value="Art"/>
		<feat xlink:href="#sSpan1365" value="Prs"/>
		<feat xlink:href="#sSpan1368" value="Art"/>
		<feat xlink:href="#sSpan1377" value="Art"/>
		<feat xlink:href="#sSpan1385" value="Art"/>
		<feat xlink:href="#sSpan1387" value="Art"/>
		<feat xlink:href="#sSpan1394" value="Prs"/>
		<feat xlink:href="#sSpan1404" value="Art"/>
		<feat xlink:href="#sSpan1410" value="Art"/></featList></paula>