<?xml version='1.0' encoding='UTF-8'?><!DOCTYPE paula SYSTEM "paula_feat.dtd">
<paula version="1.1">
	<header paula_id="ref.GUM_academic_census.coref_type"/>
	<featList xmlns:xlink="http://www.w3.org/1999/xlink" type="type" xml:base="ref.GUM_academic_census.coref.xml">
		<feat xlink:href="#sPointingRel1277" value="ana"/>
		<feat xlink:href="#sPointingRel1279" value="ana"/>
		<feat xlink:href="#sPointingRel1284" value="ana"/>
		<feat xlink:href="#sPointingRel1285" value="coref"/>
		<feat xlink:href="#sPointingRel1286" value="coref"/>
		<feat xlink:href="#sPointingRel1287" value="coref"/>
		<feat xlink:href="#sPointingRel1288" value="pred"/>
		<feat xlink:href="#sPointingRel1289" value="coref"/>
		<feat xlink:href="#sPointingRel1290" value="ana"/>
		<feat xlink:href="#sPointingRel1291" value="coref"/>
		<feat xlink:href="#sPointingRel1292" value="cata"/>
		<feat xlink:href="#sPointingRel1298" value="pred"/>
		<feat xlink:href="#sPointingRel1299" value="coref"/>
		<feat xlink:href="#sPointingRel1300" value="coref"/>
		<feat xlink:href="#sPointingRel1301" value="ana"/>
		<feat xlink:href="#sPointingRel1302" value="coref"/>
		<feat xlink:href="#sPointingRel1303" value="coref"/>
		<feat xlink:href="#sPointingRel1304" value="coref"/>
		<feat xlink:href="#sPointingRel1305" value="coref"/>
		<feat xlink:href="#sPointingRel1306" value="coref"/>
		<feat xlink:href="#sPointingRel1307" value="coref"/>
		<feat xlink:href="#sPointingRel1308" value="coref"/>
		<feat xlink:href="#sPointingRel1309" value="coref"/>
		<feat xlink:href="#sPointingRel1310" value="coref"/>
		<feat xlink:href="#sPointingRel1311" value="coref"/>
		<feat xlink:href="#sPointingRel1312" value="coref"/>
		<feat xlink:href="#sPointingRel1313" value="coref"/>
		<feat xlink:href="#sPointingRel1314" value="coref"/>
		<feat xlink:href="#sPointingRel1315" value="coref"/>
		<feat xlink:href="#sPointingRel1316" value="appos"/>
		<feat xlink:href="#sPointingRel1317" value="appos"/>
		<feat xlink:href="#sPointingRel1318" value="coref"/>
		<feat xlink:href="#sPointingRel1319" value="coref"/>
		<feat xlink:href="#sPointingRel1320" value="cata"/>
		<feat xlink:href="#sPointingRel1322" value="coref"/>
		<feat xlink:href="#sPointingRel1323" value="ana"/>
		<feat xlink:href="#sPointingRel1324" value="coref"/>
		<feat xlink:href="#sPointingRel1325" value="disc"/>
		<feat xlink:href="#sPointingRel1326" value="coref"/>
		<feat xlink:href="#sPointingRel1328" value="coref"/>
		<feat xlink:href="#sPointingRel1329" value="coref"/>
		<feat xlink:href="#sPointingRel1330" value="ana"/>
		<feat xlink:href="#sPointingRel1331" value="coref"/>
		<feat xlink:href="#sPointingRel1332" value="disc"/>
		<feat xlink:href="#sPointingRel1333" value="coref"/>
		<feat xlink:href="#sPointingRel1334" value="disc"/>
		<feat xlink:href="#sPointingRel1335" value="coref"/>
		<feat xlink:href="#sPointingRel1336" value="coref"/>
		<feat xlink:href="#sPointingRel1337" value="coref"/>
		<feat xlink:href="#sPointingRel1338" value="coref"/>
		<feat xlink:href="#sPointingRel1339" value="coref"/>
		<feat xlink:href="#sPointingRel1342" value="coref"/>
		<feat xlink:href="#sPointingRel1343" value="coref"/>
		<feat xlink:href="#sPointingRel1344" value="coref"/>
		<feat xlink:href="#sPointingRel1345" value="coref"/>
		<feat xlink:href="#sPointingRel1346" value="coref"/>
		<feat xlink:href="#sPointingRel1347" value="ana"/>
		<feat xlink:href="#sPointingRel1348" value="ana"/>
		<feat xlink:href="#sPointingRel1349" value="ana"/>
		<feat xlink:href="#sPointingRel1350" value="coref"/>
		<feat xlink:href="#sPointingRel1351" value="ana"/>
		<feat xlink:href="#sPointingRel1352" value="ana"/>
		<feat xlink:href="#sPointingRel1355" value="ana"/>
		<feat xlink:href="#sPointingRel1356" value="coref"/></featList></paula>