<?xml version='1.0' encoding='UTF-8'?><!DOCTYPE paula SYSTEM "paula_mark.dtd">
<paula version="1.1">
	<header paula_id="ref.GUM_academic_census.mark"/>
	<markList xmlns:xlink="http://www.w3.org/1999/xlink" type="ref" xml:base="GUM_academic_census.tok.xml">
		<!--1 Introduction-->
		<mark id="sSpan177" xlink:href="#sTok1 #sTok2"/>
		<!--Tenured and tenure-track university faculty-->
		<mark id="sSpan178" xlink:href="#sTok3 #sTok4 #sTok5 #sTok6 #sTok7"/>
		<!--university-->
		<mark id="sSpan179" xlink:href="#sTok6"/>
		<!--a special role-->
		<mark id="sSpan180" xlink:href="#sTok9 #sTok10 #sTok11"/>
		<!--the speed and direction of scientific progress-->
		<mark id="sSpan181" xlink:href="#sTok14 #sTok15 #sTok16 #sTok17 #sTok18 #sTok19 #sTok20"/>
		<!--scientific progress-->
		<mark id="sSpan182" xlink:href="#sTok19 #sTok20"/>
		<!--their research-->
		<mark id="sSpan183" xlink:href="#sTok25 #sTok26"/>
		<!--their-->
		<mark id="sSpan184" xlink:href="#sTok25"/>
		<!--their training of new researchers-->
		<mark id="sSpan185" xlink:href="#sTok30 #sTok31 #sTok32 #sTok33 #sTok34"/>
		<!--their-->
		<mark id="sSpan186" xlink:href="#sTok30"/>
		<!--new researchers-->
		<mark id="sSpan187" xlink:href="#sTok33 #sTok34"/>
		<!--Past studies-->
		<mark id="sSpan188" xlink:href="#sTok36 #sTok37"/>
		<!--these efforts-->
		<mark id="sSpan189" xlink:href="#sTok42 #sTok43"/>
		<!--various forms of faculty diversity , including ethnic , racial , and gender diversity-->
		<mark id="sSpan190" xlink:href="#sTok50 #sTok51 #sTok52 #sTok53 #sTok54 #sTok55 #sTok56 #sTok57 #sTok58 #sTok59 #sTok60 #sTok61 #sTok62 #sTok63"/>
		<!--faculty diversity-->
		<mark id="sSpan191" xlink:href="#sTok53 #sTok54"/>
		<!--faculty-->
		<mark id="sSpan192" xlink:href="#sTok53"/>
		<!--ethnic , racial , and gender diversity-->
		<mark id="sSpan193" xlink:href="#sTok57 #sTok58 #sTok59 #sTok60 #sTok61 #sTok62 #sTok63"/>
		<!--research-->
		<mark id="sSpan194" xlink:href="#sTok69"/>
		<!--greater diversity within a community or group-->
		<mark id="sSpan195" xlink:href="#sTok72 #sTok73 #sTok74 #sTok75 #sTok76 #sTok77 #sTok78"/>
		<!--a community or group-->
		<mark id="sSpan196" xlink:href="#sTok75 #sTok76 #sTok77 #sTok78"/>
		<!--improved critical thinking-->
		<mark id="sSpan197" xlink:href="#sTok82 #sTok83 #sTok84"/>
		<!--1-->
		<mark id="sSpan198" xlink:href="#sTok86"/>
		<!--more creative solutions to complex tasks-->
		<mark id="sSpan199" xlink:href="#sTok89 #sTok90 #sTok91 #sTok92 #sTok93 #sTok94"/>
		<!--complex tasks-->
		<mark id="sSpan200" xlink:href="#sTok93 #sTok94"/>
		<!--2-->
		<mark id="sSpan201" xlink:href="#sTok96"/>
		<!--3-->
		<mark id="sSpan202" xlink:href="#sTok98"/>
		<!--individuals with unique skillsets and perspectives that complement and often augment the abilities of their peers-->
		<mark id="sSpan203" xlink:href="#sTok103 #sTok104 #sTok105 #sTok106 #sTok107 #sTok108 #sTok109 #sTok110 #sTok111 #sTok112 #sTok113 #sTok114 #sTok115 #sTok116 #sTok117 #sTok118"/>
		<!--unique skillsets and perspectives that complement and often augment the abilities of their peers-->
		<mark id="sSpan204" xlink:href="#sTok105 #sTok106 #sTok107 #sTok108 #sTok109 #sTok110 #sTok111 #sTok112 #sTok113 #sTok114 #sTok115 #sTok116 #sTok117 #sTok118"/>
		<!--perspectives that complement and often augment the abilities of their peers-->
		<mark id="sSpan205" xlink:href="#sTok108 #sTok109 #sTok110 #sTok111 #sTok112 #sTok113 #sTok114 #sTok115 #sTok116 #sTok117 #sTok118"/>
		<!--the abilities of their peers-->
		<mark id="sSpan206" xlink:href="#sTok114 #sTok115 #sTok116 #sTok117 #sTok118"/>
		<!--their peers-->
		<mark id="sSpan207" xlink:href="#sTok117 #sTok118"/>
		<!--their-->
		<mark id="sSpan208" xlink:href="#sTok117"/>
		<!--diversity-->
		<mark id="sSpan209" xlink:href="#sTok122"/>
		<!--more supportive social climates and effective learning environments [ 4 ] , which can facilitate the mentoring of young scientists-->
		<mark id="sSpan210" xlink:href="#sTok128 #sTok129 #sTok130 #sTok131 #sTok132 #sTok133 #sTok134 #sTok135 #sTok136 #sTok137 #sTok138 #sTok139 #sTok140 #sTok141 #sTok142 #sTok143 #sTok144 #sTok145 #sTok146 #sTok147"/>
		<!--effective learning environments [ 4 ] , which can facilitate the mentoring of young scientists-->
		<mark id="sSpan211" xlink:href="#sTok133 #sTok134 #sTok135 #sTok136 #sTok137 #sTok138 #sTok139 #sTok140 #sTok141 #sTok142 #sTok143 #sTok144 #sTok145 #sTok146 #sTok147"/>
		<!--4-->
		<mark id="sSpan212" xlink:href="#sTok137"/>
		<!--the mentoring of young scientists-->
		<mark id="sSpan213" xlink:href="#sTok143 #sTok144 #sTok145 #sTok146 #sTok147"/>
		<!--young scientists-->
		<mark id="sSpan214" xlink:href="#sTok146 #sTok147"/>
		<!--these positive effects-->
		<mark id="sSpan215" xlink:href="#sTok150 #sTok151 #sTok152"/>
		<!--the impact of diversity-->
		<mark id="sSpan216" xlink:href="#sTok157 #sTok158 #sTok159 #sTok160"/>
		<!--diversity-->
		<mark id="sSpan217" xlink:href="#sTok160"/>
		<!--science-->
		<mark id="sSpan218" xlink:href="#sTok162"/>
		<!--a lack of comprehensive data about the scientific workforce-->
		<mark id="sSpan219" xlink:href="#sTok172 #sTok173 #sTok174 #sTok175 #sTok176 #sTok177 #sTok178 #sTok179 #sTok180"/>
		<!--comprehensive data about the scientific workforce-->
		<mark id="sSpan220" xlink:href="#sTok175 #sTok176 #sTok177 #sTok178 #sTok179 #sTok180"/>
		<!--the scientific workforce-->
		<mark id="sSpan221" xlink:href="#sTok178 #sTok179 #sTok180"/>
		<!--Measuring the composition and dynamics of a scientific workforce-->
		<mark id="sSpan222" xlink:href="#sTok182 #sTok183 #sTok184 #sTok185 #sTok186 #sTok187 #sTok188 #sTok189 #sTok190"/>
		<!--the composition and dynamics of a scientific workforce-->
		<mark id="sSpan223" xlink:href="#sTok183 #sTok184 #sTok185 #sTok186 #sTok187 #sTok188 #sTok189 #sTok190"/>
		<!--a scientific workforce-->
		<mark id="sSpan224" xlink:href="#sTok188 #sTok189 #sTok190"/>
		<!--a rapidly expanding field like computer science-->
		<mark id="sSpan225" xlink:href="#sTok194 #sTok195 #sTok196 #sTok197 #sTok198 #sTok199 #sTok200"/>
		<!--computer science-->
		<mark id="sSpan226" xlink:href="#sTok199 #sTok200"/>
		<!--a crucial first step-->
		<mark id="sSpan227" xlink:href="#sTok203 #sTok204 #sTok205 #sTok206"/>
		<!--scholarly research-->
		<mark id="sSpan228" xlink:href="#sTok210 #sTok211"/>
		<!--it-->
		<mark id="sSpan229" xlink:href="#sTok216"/>
		<!--many scientific fields-->
		<mark id="sSpan230" xlink:href="#sTok222 #sTok223 #sTok224"/>
		<!--central listing of all tenure-track faculty-->
		<mark id="sSpan231" xlink:href="#sTok231 #sTok232 #sTok233 #sTok234 #sTok235 #sTok236"/>
		<!--all tenure-track faculty-->
		<mark id="sSpan232" xlink:href="#sTok234 #sTok235 #sTok236"/>
		<!--it-->
		<mark id="sSpan233" xlink:href="#sTok239"/>
		<!--to define a rigorous sample frame for analysis-->
		<mark id="sSpan234" xlink:href="#sTok241 #sTok242 #sTok243 #sTok244 #sTok245 #sTok246 #sTok247 #sTok248"/>
		<!--a rigorous sample frame for analysis-->
		<mark id="sSpan235" xlink:href="#sTok243 #sTok244 #sTok245 #sTok246 #sTok247 #sTok248"/>
		<!--analysis-->
		<mark id="sSpan236" xlink:href="#sTok248"/>
		<!--rates of adoption of services like GoogleScholar and ResearchGate-->
		<mark id="sSpan237" xlink:href="#sTok252 #sTok253 #sTok254 #sTok255 #sTok256 #sTok257 #sTok258 #sTok259 #sTok260"/>
		<!--adoption of services like GoogleScholar and ResearchGate-->
		<mark id="sSpan238" xlink:href="#sTok254 #sTok255 #sTok256 #sTok257 #sTok258 #sTok259 #sTok260"/>
		<!--services like GoogleScholar and ResearchGate-->
		<mark id="sSpan239" xlink:href="#sTok256 #sTok257 #sTok258 #sTok259 #sTok260"/>
		<!--GoogleScholar-->
		<mark id="sSpan240" xlink:href="#sTok258"/>
		<!--ResearchGate-->
		<mark id="sSpan241" xlink:href="#sTok260"/>
		<!--disciplines-->
		<mark id="sSpan242" xlink:href="#sTok266"/>
		<!--gender representation in computing-->
		<mark id="sSpan243" xlink:href="#sTok271 #sTok272 #sTok273 #sTok274"/>
		<!--gender-->
		<mark id="sSpan244" xlink:href="#sTok271"/>
		<!--computing-->
		<mark id="sSpan245" xlink:href="#sTok274"/>
		<!--an important issue with broad implications-->
		<mark id="sSpan246" xlink:href="#sTok276 #sTok277 #sTok278 #sTok279 #sTok280 #sTok281"/>
		<!--broad implications-->
		<mark id="sSpan247" xlink:href="#sTok280 #sTok281"/>
		<!--5-->
		<mark id="sSpan248" xlink:href="#sTok283"/>
		<!--a full census of computing faculty-->
		<mark id="sSpan249" xlink:href="#sTok288 #sTok289 #sTok290 #sTok291 #sTok292 #sTok293"/>
		<!--computing faculty-->
		<mark id="sSpan250" xlink:href="#sTok292 #sTok293"/>
		<!--computing-->
		<mark id="sSpan251" xlink:href="#sTok292"/>
		<!--the degree of inequality-->
		<mark id="sSpan252" xlink:href="#sTok295 #sTok296 #sTok297 #sTok298"/>
		<!--inequality-->
		<mark id="sSpan253" xlink:href="#sTok298"/>
		<!--its possible sources-->
		<mark id="sSpan254" xlink:href="#sTok300 #sTok301 #sTok302"/>
		<!--its-->
		<mark id="sSpan255" xlink:href="#sTok300"/>
		<!--6-->
		<mark id="sSpan256" xlink:href="#sTok308"/>
		<!--Some disciplines , like political science-->
		<mark id="sSpan257" xlink:href="#sTok311 #sTok312 #sTok313 #sTok314 #sTok315 #sTok316"/>
		<!--political science-->
		<mark id="sSpan258" xlink:href="#sTok315 #sTok316"/>
		<!--a single professional society , whose membership roll approximates a full census-->
		<mark id="sSpan259" xlink:href="#sTok321 #sTok322 #sTok323 #sTok324 #sTok325 #sTok326 #sTok327 #sTok328 #sTok329 #sTok330 #sTok331 #sTok332"/>
		<!--whose membership roll-->
		<mark id="sSpan260" xlink:href="#sTok326 #sTok327 #sTok328"/>
		<!--membership-->
		<mark id="sSpan261" xlink:href="#sTok327"/>
		<!--a full census-->
		<mark id="sSpan262" xlink:href="#sTok330 #sTok331 #sTok332"/>
		<!--7-->
		<mark id="sSpan263" xlink:href="#sTok334"/>
		<!--Most fields-->
		<mark id="sSpan264" xlink:href="#sTok337 #sTok338"/>
		<!--computer science-->
		<mark id="sSpan265" xlink:href="#sTok346 #sTok347"/>
		<!--a single all-encompassing organization-->
		<mark id="sSpan266" xlink:href="#sTok350 #sTok351 #sTok352 #sTok353"/>
		<!--membership information-->
		<mark id="sSpan267" xlink:href="#sTok355 #sTok356"/>
		<!--membership-->
		<mark id="sSpan268" xlink:href="#sTok355"/>
		<!--many disjoint lists , such as web-based faculty directories for individual departments-->
		<mark id="sSpan269" xlink:href="#sTok361 #sTok362 #sTok363 #sTok364 #sTok365 #sTok366 #sTok367 #sTok368 #sTok369 #sTok370 #sTok371 #sTok372"/>
		<!--web-based faculty directories for individual departments-->
		<mark id="sSpan270" xlink:href="#sTok367 #sTok368 #sTok369 #sTok370 #sTok371 #sTok372"/>
		<!--faculty-->
		<mark id="sSpan271" xlink:href="#sTok368"/>
		<!--individual departments-->
		<mark id="sSpan272" xlink:href="#sTok371 #sTok372"/>
		<!--such a full census-->
		<mark id="sSpan273" xlink:href="#sTok376 #sTok377 #sTok378 #sTok379"/>
		<!--past studies-->
		<mark id="sSpan274" xlink:href="#sTok383 #sTok384"/>
		<!--this task-->
		<mark id="sSpan275" xlink:href="#sTok389 #sTok390"/>
		<!--samples of researchers [ 8 – 11 ] , usually specific to a particular field-->
		<mark id="sSpan276" xlink:href="#sTok395 #sTok396 #sTok397 #sTok398 #sTok399 #sTok400 #sTok401 #sTok402 #sTok403 #sTok404 #sTok405 #sTok406 #sTok407 #sTok408 #sTok409"/>
		<!--researchers-->
		<mark id="sSpan277" xlink:href="#sTok397"/>
		<!--8-->
		<mark id="sSpan278" xlink:href="#sTok399"/>
		<!--11-->
		<mark id="sSpan279" xlink:href="#sTok401"/>
		<!--a particular field-->
		<mark id="sSpan280" xlink:href="#sTok407 #sTok408 #sTok409"/>
		<!--12-->
		<mark id="sSpan281" xlink:href="#sTok411"/>
		<!--16-->
		<mark id="sSpan282" xlink:href="#sTok413"/>
		<!--the scientific elite-->
		<mark id="sSpan283" xlink:href="#sTok420 #sTok421 #sTok422"/>
		<!--17-->
		<mark id="sSpan284" xlink:href="#sTok424"/>
		<!--18-->
		<mark id="sSpan285" xlink:href="#sTok426"/>
		<!--such samples-->
		<mark id="sSpan286" xlink:href="#sTok432 #sTok433"/>
		<!--the scientific workforce as a whole-->
		<mark id="sSpan287" xlink:href="#sTok438 #sTok439 #sTok440 #sTok441 #sTok442 #sTok443"/>
		<!--limited generalizability-->
		<mark id="sSpan288" xlink:href="#sTok447 #sTok448"/>
		<!--One of the largest census efforts to date-->
		<mark id="sSpan289" xlink:href="#sTok450 #sTok451 #sTok452 #sTok453 #sTok454 #sTok455 #sTok456 #sTok457"/>
		<!--census-->
		<mark id="sSpan290" xlink:href="#sTok454"/>
		<!--a nearly complete record of three academic fields : computer science , history , and business-->
		<mark id="sSpan291" xlink:href="#sTok463 #sTok464 #sTok465 #sTok466 #sTok467 #sTok468 #sTok469 #sTok470 #sTok471 #sTok472 #sTok473 #sTok474 #sTok475 #sTok476 #sTok477 #sTok478"/>
		<!--three academic fields : computer science , history , and business-->
		<mark id="sSpan292" xlink:href="#sTok468 #sTok469 #sTok470 #sTok471 #sTok472 #sTok473 #sTok474 #sTok475 #sTok476 #sTok477 #sTok478"/>
		<!--computer science-->
		<mark id="sSpan293" xlink:href="#sTok472 #sTok473"/>
		<!--history-->
		<mark id="sSpan294" xlink:href="#sTok475"/>
		<!--business-->
		<mark id="sSpan295" xlink:href="#sTok478"/>
		<!--19-->
		<mark id="sSpan296" xlink:href="#sTok480"/>
		<!--This data set-->
		<mark id="sSpan297" xlink:href="#sTok483 #sTok484 #sTok485"/>
		<!--considerable light-->
		<mark id="sSpan298" xlink:href="#sTok488 #sTok489"/>
		<!--dramatic inequalities in faculty training , placement , and scholarly productivity-->
		<mark id="sSpan299" xlink:href="#sTok491 #sTok492 #sTok493 #sTok494 #sTok495 #sTok496 #sTok497 #sTok498 #sTok499 #sTok500 #sTok501"/>
		<!--faculty training-->
		<mark id="sSpan300" xlink:href="#sTok494 #sTok495"/>
		<!--placement-->
		<mark id="sSpan301" xlink:href="#sTok497"/>
		<!--scholarly productivity-->
		<mark id="sSpan302" xlink:href="#sTok500 #sTok501"/>
		<!--6-->
		<mark id="sSpan303" xlink:href="#sTok503"/>
		<!--19-->
		<mark id="sSpan304" xlink:href="#sTok505"/>
		<!--20-->
		<mark id="sSpan305" xlink:href="#sTok507"/>
		<!--this data set-->
		<mark id="sSpan306" xlink:href="#sTok512 #sTok513 #sTok514"/>
		<!--a single snapshot of an evolving and expanding system-->
		<mark id="sSpan307" xlink:href="#sTok517 #sTok518 #sTok519 #sTok520 #sTok521 #sTok522 #sTok523 #sTok524 #sTok525"/>
		<!--an evolving and expanding system-->
		<mark id="sSpan308" xlink:href="#sTok521 #sTok522 #sTok523 #sTok524 #sTok525"/>
		<!--few insights into the changing composition and diversity trends within these academic fields-->
		<mark id="sSpan309" xlink:href="#sTok529 #sTok530 #sTok531 #sTok532 #sTok533 #sTok534 #sTok535 #sTok536 #sTok537 #sTok538 #sTok539 #sTok540 #sTok541"/>
		<!--the changing composition and diversity trends within these academic fields-->
		<mark id="sSpan310" xlink:href="#sTok532 #sTok533 #sTok534 #sTok535 #sTok536 #sTok537 #sTok538 #sTok539 #sTok540 #sTok541"/>
		<!--the changing composition-->
		<mark id="sSpan311" xlink:href="#sTok532 #sTok533 #sTok534"/>
		<!--diversity trends-->
		<mark id="sSpan312" xlink:href="#sTok536 #sTok537"/>
		<!--diversity-->
		<mark id="sSpan313" xlink:href="#sTok536"/>
		<!--these academic fields-->
		<mark id="sSpan314" xlink:href="#sTok539 #sTok540 #sTok541"/>
		<!--some fields-->
		<mark id="sSpan315" xlink:href="#sTok544 #sTok545"/>
		<!--yearly data on faculty numbers and composition-->
		<mark id="sSpan316" xlink:href="#sTok547 #sTok548 #sTok549 #sTok550 #sTok551 #sTok552 #sTok553"/>
		<!--faculty numbers-->
		<mark id="sSpan317" xlink:href="#sTok550 #sTok551"/>
		<!--faculty-->
		<mark id="sSpan318" xlink:href="#sTok550"/>
		<!--composition-->
		<mark id="sSpan319" xlink:href="#sTok553"/>
		<!--computer science-->
		<mark id="sSpan320" xlink:href="#sTok560 #sTok561"/>
		<!--the Computing Research Association-->
		<mark id="sSpan321" xlink:href="#sTok563 #sTok564 #sTok565 #sTok566"/>
		<!--CRA-->
		<mark id="sSpan322" xlink:href="#sTok568"/>
		<!--trends in the employment of PhD recipients-->
		<mark id="sSpan323" xlink:href="#sTok571 #sTok572 #sTok573 #sTok574 #sTok575 #sTok576 #sTok577"/>
		<!--the employment of PhD recipients-->
		<mark id="sSpan324" xlink:href="#sTok573 #sTok574 #sTok575 #sTok576 #sTok577"/>
		<!--PhD recipients-->
		<mark id="sSpan325" xlink:href="#sTok576 #sTok577"/>
		<!--PhD-->
		<mark id="sSpan326" xlink:href="#sTok576"/>
		<!--the annual Taulbee survey of computing departments in North America-->
		<mark id="sSpan327" xlink:href="#sTok579 #sTok580 #sTok581 #sTok582 #sTok583 #sTok584 #sTok585 #sTok586 #sTok587 #sTok588"/>
		<!--Taulbee-->
		<mark id="sSpan328" xlink:href="#sTok581"/>
		<!--computing departments in North America-->
		<mark id="sSpan329" xlink:href="#sTok584 #sTok585 #sTok586 #sTok587 #sTok588"/>
		<!--computing-->
		<mark id="sSpan330" xlink:href="#sTok584"/>
		<!--North America-->
		<mark id="sSpan331" xlink:href="#sTok587 #sTok588"/>
		<!--cra.org/resources/taulbee-survey-->
		<mark id="sSpan332" xlink:href="#sTok590"/>
		<!--Such surveys-->
		<mark id="sSpan333" xlink:href="#sTok593 #sTok594"/>
		<!--valuable insight into trends and summary statistics on the scientific workforce-->
		<mark id="sSpan334" xlink:href="#sTok597 #sTok598 #sTok599 #sTok600 #sTok601 #sTok602 #sTok603 #sTok604 #sTok605 #sTok606 #sTok607"/>
		<!--trends-->
		<mark id="sSpan335" xlink:href="#sTok600"/>
		<!--summary statistics on the scientific workforce-->
		<mark id="sSpan336" xlink:href="#sTok602 #sTok603 #sTok604 #sTok605 #sTok606 #sTok607"/>
		<!--the scientific workforce-->
		<mark id="sSpan337" xlink:href="#sTok605 #sTok606 #sTok607"/>
		<!--two key weaknesses-->
		<mark id="sSpan338" xlink:href="#sTok611 #sTok612 #sTok613"/>
		<!--surveys-->
		<mark id="sSpan339" xlink:href="#sTok617"/>
		<!--variable response rates and the misinterpretation of questions or sample frames , which can inject bias into fine-grained analyses-->
		<mark id="sSpan340" xlink:href="#sTok621 #sTok622 #sTok623 #sTok624 #sTok625 #sTok626 #sTok627 #sTok628 #sTok629 #sTok630 #sTok631 #sTok632 #sTok633 #sTok634 #sTok635 #sTok636 #sTok637 #sTok638 #sTok639"/>
		<!--the misinterpretation of questions or sample frames , which can inject bias into fine-grained analyses-->
		<mark id="sSpan341" xlink:href="#sTok625 #sTok626 #sTok627 #sTok628 #sTok629 #sTok630 #sTok631 #sTok632 #sTok633 #sTok634 #sTok635 #sTok636 #sTok637 #sTok638 #sTok639"/>
		<!--questions-->
		<mark id="sSpan342" xlink:href="#sTok628"/>
		<!--sample frames-->
		<mark id="sSpan343" xlink:href="#sTok630 #sTok631"/>
		<!--bias-->
		<mark id="sSpan344" xlink:href="#sTok636"/>
		<!--fine-grained analyses-->
		<mark id="sSpan345" xlink:href="#sTok638 #sTok639"/>
		<!--21-->
		<mark id="sSpan346" xlink:href="#sTok641"/>
		<!--22-->
		<mark id="sSpan347" xlink:href="#sTok643"/>
		<!--aggregate information-->
		<mark id="sSpan348" xlink:href="#sTok648 #sTok649"/>
		<!--a high-level view of a field-->
		<mark id="sSpan349" xlink:href="#sTok652 #sTok653 #sTok654 #sTok655 #sTok656 #sTok657"/>
		<!--a field-->
		<mark id="sSpan350" xlink:href="#sTok656 #sTok657"/>
		<!--it-->
		<mark id="sSpan351" xlink:href="#sTok662"/>
		<!--to investigate causality-->
		<mark id="sSpan352" xlink:href="#sTok664 #sTok665 #sTok666"/>
		<!--causality-->
		<mark id="sSpan353" xlink:href="#sTok666"/>
		<!--23-->
		<mark id="sSpan354" xlink:href="#sTok668"/>
		<!--differences in recruitment and retention strategies across departments-->
		<mark id="sSpan355" xlink:href="#sTok674 #sTok675 #sTok676 #sTok677 #sTok678 #sTok679 #sTok680 #sTok681"/>
		<!--recruitment and retention strategies-->
		<mark id="sSpan356" xlink:href="#sTok676 #sTok677 #sTok678 #sTok679"/>
		<!--recruitment-->
		<mark id="sSpan357" xlink:href="#sTok676"/>
		<!--retention-->
		<mark id="sSpan358" xlink:href="#sTok678"/>
		<!--departments-->
		<mark id="sSpan359" xlink:href="#sTok681"/>
		<!--averaging-->
		<mark id="sSpan360" xlink:href="#sTok687"/>
		<!--any insights into the efficacy of individual strategies and policies-->
		<mark id="sSpan361" xlink:href="#sTok691 #sTok692 #sTok693 #sTok694 #sTok695 #sTok696 #sTok697 #sTok698 #sTok699 #sTok700"/>
		<!--the efficacy of individual strategies and policies-->
		<mark id="sSpan362" xlink:href="#sTok694 #sTok695 #sTok696 #sTok697 #sTok698 #sTok699 #sTok700"/>
		<!--individual strategies-->
		<mark id="sSpan363" xlink:href="#sTok697 #sTok698"/>
		<!--policies-->
		<mark id="sSpan364" xlink:href="#sTok700"/>
		<!--we-->
		<mark id="sSpan365" xlink:href="#sTok704"/>
		<!--a novel system-->
		<mark id="sSpan366" xlink:href="#sTok706 #sTok707 #sTok708"/>
		<!--a topical web crawler , that can quickly and automatically assemble a full census of an academic field using digital data available on the public World Wide Web-->
		<mark id="sSpan367" xlink:href="#sTok712 #sTok713 #sTok714 #sTok715 #sTok716 #sTok717 #sTok718 #sTok719 #sTok720 #sTok721 #sTok722 #sTok723 #sTok724 #sTok725 #sTok726 #sTok727 #sTok728 #sTok729 #sTok730 #sTok731 #sTok732 #sTok733 #sTok734 #sTok735 #sTok736 #sTok737 #sTok738 #sTok739"/>
		<!--web-->
		<mark id="sSpan368" xlink:href="#sTok714"/>
		<!--a full census of an academic field-->
		<mark id="sSpan369" xlink:href="#sTok723 #sTok724 #sTok725 #sTok726 #sTok727 #sTok728 #sTok729"/>
		<!--an academic field-->
		<mark id="sSpan370" xlink:href="#sTok727 #sTok728 #sTok729"/>
		<!--digital data available on the public World Wide Web-->
		<mark id="sSpan371" xlink:href="#sTok731 #sTok732 #sTok733 #sTok734 #sTok735 #sTok736 #sTok737 #sTok738 #sTok739"/>
		<!--the public World Wide Web-->
		<mark id="sSpan372" xlink:href="#sTok735 #sTok736 #sTok737 #sTok738 #sTok739"/>
		<!--This system-->
		<mark id="sSpan373" xlink:href="#sTok741 #sTok742"/>
		<!--it-->
		<mark id="sSpan374" xlink:href="#sTok749"/>
		<!--any academic discipline-->
		<mark id="sSpan375" xlink:href="#sTok754 #sTok755 #sTok756"/>
		<!--continuous collection-->
		<mark id="sSpan376" xlink:href="#sTok760 #sTok761"/>
		<!--The system is capable of collecting census data for an entire academic field in just a few hours using off-the-shelf computing hardware-->
		<mark id="sSpan377" xlink:href="#sTok763 #sTok764 #sTok765 #sTok766 #sTok767 #sTok768 #sTok769 #sTok770 #sTok771 #sTok772 #sTok773 #sTok774 #sTok775 #sTok776 #sTok777 #sTok778 #sTok779 #sTok780 #sTok781 #sTok782 #sTok783 #sTok784"/>
		<!--The system-->
		<mark id="sSpan378" xlink:href="#sTok763 #sTok764"/>
		<!--collecting census data for an entire academic field in just a few hours using off-the-shelf computing hardware-->
		<mark id="sSpan379" xlink:href="#sTok768 #sTok769 #sTok770 #sTok771 #sTok772 #sTok773 #sTok774 #sTok775 #sTok776 #sTok777 #sTok778 #sTok779 #sTok780 #sTok781 #sTok782 #sTok783 #sTok784"/>
		<!--census data for an entire academic field-->
		<mark id="sSpan380" xlink:href="#sTok769 #sTok770 #sTok771 #sTok772 #sTok773 #sTok774 #sTok775"/>
		<!--an entire academic field-->
		<mark id="sSpan381" xlink:href="#sTok772 #sTok773 #sTok774 #sTok775"/>
		<!--a few hours-->
		<mark id="sSpan382" xlink:href="#sTok778 #sTok779 #sTok780"/>
		<!--off-the-shelf computing hardware-->
		<mark id="sSpan383" xlink:href="#sTok782 #sTok783 #sTok784"/>
		<!--computing-->
		<mark id="sSpan384" xlink:href="#sTok783"/>
		<!--a vast improvement over the roughly 1600 hours required to do this task by hand-->
		<mark id="sSpan385" xlink:href="#sTok786 #sTok787 #sTok788 #sTok789 #sTok790 #sTok791 #sTok792 #sTok793 #sTok794 #sTok795 #sTok796 #sTok797 #sTok798 #sTok799 #sTok800"/>
		<!--the roughly 1600 hours required to do this task by hand-->
		<mark id="sSpan386" xlink:href="#sTok790 #sTok791 #sTok792 #sTok793 #sTok794 #sTok795 #sTok796 #sTok797 #sTok798 #sTok799 #sTok800"/>
		<!--this task-->
		<mark id="sSpan387" xlink:href="#sTok797 #sTok798"/>
		<!--19-->
		<mark id="sSpan388" xlink:href="#sTok802"/>
		<!--an accurate census of an entire field-->
		<mark id="sSpan389" xlink:href="#sTok807 #sTok808 #sTok809 #sTok810 #sTok811 #sTok812 #sTok813"/>
		<!--an entire field-->
		<mark id="sSpan390" xlink:href="#sTok811 #sTok812 #sTok813"/>
		<!--online information alone-->
		<mark id="sSpan391" xlink:href="#sTok815 #sTok816 #sTok817"/>
		<!--this system-->
		<mark id="sSpan392" xlink:href="#sTok819 #sTok820"/>
		<!--new research on the composition of academic fields-->
		<mark id="sSpan393" xlink:href="#sTok823 #sTok824 #sTok825 #sTok826 #sTok827 #sTok828 #sTok829 #sTok830"/>
		<!--the composition of academic fields-->
		<mark id="sSpan394" xlink:href="#sTok826 #sTok827 #sTok828 #sTok829 #sTok830"/>
		<!--academic fields-->
		<mark id="sSpan395" xlink:href="#sTok829 #sTok830"/>
		<!--access to complete faculty listings-->
		<mark id="sSpan396" xlink:href="#sTok833 #sTok834 #sTok835 #sTok836 #sTok837"/>
		<!--complete faculty listings-->
		<mark id="sSpan397" xlink:href="#sTok835 #sTok836 #sTok837"/>
		<!--surveys-->
		<mark id="sSpan398" xlink:href="#sTok844"/>
		<!--professional societies-->
		<mark id="sSpan399" xlink:href="#sTok846 #sTok847"/>
		<!--This system-->
		<mark id="sSpan400" xlink:href="#sTok849 #sTok850"/>
		<!--the workforce ’s composition-->
		<mark id="sSpan401" xlink:href="#sTok859 #sTok860 #sTok861 #sTok862"/>
		<!--the workforce ’s-->
		<mark id="sSpan402" xlink:href="#sTok859 #sTok860 #sTok861"/>
		<!--time-->
		<mark id="sSpan403" xlink:href="#sTok865"/>
		<!--the effectiveness of policies meant to broaden participation or improve retention of faculty-->
		<mark id="sSpan404" xlink:href="#sTok873 #sTok874 #sTok875 #sTok876 #sTok877 #sTok878 #sTok879 #sTok880 #sTok881 #sTok882 #sTok883 #sTok884 #sTok885"/>
		<!--policies meant to broaden participation or improve retention of faculty-->
		<mark id="sSpan405" xlink:href="#sTok876 #sTok877 #sTok878 #sTok879 #sTok880 #sTok881 #sTok882 #sTok883 #sTok884 #sTok885"/>
		<!--participation-->
		<mark id="sSpan406" xlink:href="#sTok880"/>
		<!--retention of faculty-->
		<mark id="sSpan407" xlink:href="#sTok883 #sTok884 #sTok885"/>
		<!--faculty-->
		<mark id="sSpan408" xlink:href="#sTok885"/>
		<!--many academic fields-->
		<mark id="sSpan409" xlink:href="#sTok891 #sTok892 #sTok893"/>
		<!--the system-->
		<mark id="sSpan410" xlink:href="#sTok897 #sTok898"/>
		<!--scientists ’ movement between different disciplines-->
		<mark id="sSpan411" xlink:href="#sTok901 #sTok902 #sTok903 #sTok904 #sTok905 #sTok906"/>
		<!--scientists ’-->
		<mark id="sSpan412" xlink:href="#sTok901 #sTok902"/>
		<!--different disciplines-->
		<mark id="sSpan413" xlink:href="#sTok905 #sTok906"/>
		<!--those labor flows-->
		<mark id="sSpan414" xlink:href="#sTok909 #sTok910 #sTok911"/>
		<!--labor-->
		<mark id="sSpan415" xlink:href="#sTok910"/>
		<!--scientific advances-->
		<mark id="sSpan416" xlink:href="#sTok913 #sTok914"/>
		<!--many important research questions-->
		<mark id="sSpan417" xlink:href="#sTok919 #sTok920 #sTok921 #sTok922"/>
		<!--the availability of accurate and frequently-recollected census data-->
		<mark id="sSpan418" xlink:href="#sTok926 #sTok927 #sTok928 #sTok929 #sTok930 #sTok931 #sTok932 #sTok933"/>
		<!--accurate and frequently-recollected census data-->
		<mark id="sSpan419" xlink:href="#sTok929 #sTok930 #sTok931 #sTok932 #sTok933"/>
		<!--census-->
		<mark id="sSpan420" xlink:href="#sTok932"/>
		<!--Our study-->
		<mark id="sSpan421" xlink:href="#sTok935 #sTok936"/>
		<!--Our-->
		<mark id="sSpan422" xlink:href="#sTok935"/>
		<!--We-->
		<mark id="sSpan423" xlink:href="#sTok942"/>
		<!--the design and implementation of our web crawler framework-->
		<mark id="sSpan424" xlink:href="#sTok946 #sTok947 #sTok948 #sTok949 #sTok950 #sTok951 #sTok952 #sTok953 #sTok954"/>
		<!--our web crawler framework-->
		<mark id="sSpan425" xlink:href="#sTok951 #sTok952 #sTok953 #sTok954"/>
		<!--our-->
		<mark id="sSpan426" xlink:href="#sTok951"/>
		<!--web crawler-->
		<mark id="sSpan427" xlink:href="#sTok952 #sTok953"/>
		<!--web-->
		<mark id="sSpan428" xlink:href="#sTok952"/>
		<!--we-->
		<mark id="sSpan429" xlink:href="#sTok958"/>
		<!--the results of our work-->
		<mark id="sSpan430" xlink:href="#sTok960 #sTok961 #sTok962 #sTok963 #sTok964"/>
		<!--our work-->
		<mark id="sSpan431" xlink:href="#sTok963 #sTok964"/>
		<!--our-->
		<mark id="sSpan432" xlink:href="#sTok963"/>
		<!--two sections-->
		<mark id="sSpan433" xlink:href="#sTok966 #sTok967"/>
		<!--The first-->
		<mark id="sSpan434" xlink:href="#sTok969 #sTok970"/>
		<!--the validity and utility of the crawler-->
		<mark id="sSpan435" xlink:href="#sTok972 #sTok973 #sTok974 #sTok975 #sTok976 #sTok977 #sTok978"/>
		<!--the crawler-->
		<mark id="sSpan436" xlink:href="#sTok977 #sTok978"/>
		<!--census data-->
		<mark id="sSpan437" xlink:href="#sTok981 #sTok982"/>
		<!--the field of computer science-->
		<mark id="sSpan438" xlink:href="#sTok984 #sTok985 #sTok986 #sTok987 #sTok988"/>
		<!--it-->
		<mark id="sSpan439" xlink:href="#sTok991"/>
		<!--a hand-curated census , collected in 2011-->
		<mark id="sSpan440" xlink:href="#sTok993 #sTok994 #sTok995 #sTok996 #sTok997 #sTok998 #sTok999"/>
		<!--2011-->
		<mark id="sSpan441" xlink:href="#sTok999"/>
		<!--19-->
		<mark id="sSpan442" xlink:href="#sTok1001"/>
		<!--The second-->
		<mark id="sSpan443" xlink:href="#sTok1004 #sTok1005"/>
		<!--an example of the type of research enabled by our system-->
		<mark id="sSpan444" xlink:href="#sTok1007 #sTok1008 #sTok1009 #sTok1010 #sTok1011 #sTok1012 #sTok1013 #sTok1014 #sTok1015 #sTok1016 #sTok1017"/>
		<!--the type of research enabled by our system-->
		<mark id="sSpan445" xlink:href="#sTok1010 #sTok1011 #sTok1012 #sTok1013 #sTok1014 #sTok1015 #sTok1016 #sTok1017"/>
		<!--research-->
		<mark id="sSpan446" xlink:href="#sTok1013"/>
		<!--our system-->
		<mark id="sSpan447" xlink:href="#sTok1016 #sTok1017"/>
		<!--our-->
		<mark id="sSpan448" xlink:href="#sTok1016"/>
		<!--the 2011 and 2017 censuses-->
		<mark id="sSpan449" xlink:href="#sTok1020 #sTok1021 #sTok1022 #sTok1023 #sTok1024"/>
		<!--2011-->
		<mark id="sSpan450" xlink:href="#sTok1021"/>
		<!--2017-->
		<mark id="sSpan451" xlink:href="#sTok1023"/>
		<!--the “ leaky pipeline ” problem in faculty retention-->
		<mark id="sSpan452" xlink:href="#sTok1027 #sTok1028 #sTok1029 #sTok1030 #sTok1031 #sTok1032 #sTok1033 #sTok1034 #sTok1035"/>
		<!--leaky pipeline-->
		<mark id="sSpan453" xlink:href="#sTok1029 #sTok1030"/>
		<!--faculty retention-->
		<mark id="sSpan454" xlink:href="#sTok1034 #sTok1035"/>
		<!--faculty-->
		<mark id="sSpan455" xlink:href="#sTok1034"/></markList></paula>