<?xml version='1.0' encoding='UTF-8'?><!DOCTYPE paula SYSTEM "paula_feat.dtd">
<paula version="1.1">
	<header paula_id="ref.GUM_academic_census.mark_entity"/>
	<featList xmlns:xlink="http://www.w3.org/1999/xlink" type="entity" xml:base="ref.GUM_academic_census.mark.xml">
		<feat xlink:href="#sSpan67" value="abstract"/>
		<feat xlink:href="#sSpan68" value="person"/>
		<feat xlink:href="#sSpan69" value="organization"/>
		<feat xlink:href="#sSpan70" value="abstract"/>
		<feat xlink:href="#sSpan71" value="abstract"/>
		<feat xlink:href="#sSpan72" value="abstract"/>
		<feat xlink:href="#sSpan73" value="abstract"/>
		<feat xlink:href="#sSpan74" value="person"/>
		<feat xlink:href="#sSpan75" value="abstract"/>
		<feat xlink:href="#sSpan76" value="person"/>
		<feat xlink:href="#sSpan77" value="person"/>
		<feat xlink:href="#sSpan78" value="abstract"/>
		<feat xlink:href="#sSpan79" value="abstract"/>
		<feat xlink:href="#sSpan80" value="abstract"/>
		<feat xlink:href="#sSpan81" value="abstract"/>
		<feat xlink:href="#sSpan82" value="person"/>
		<feat xlink:href="#sSpan83" value="abstract"/>
		<feat xlink:href="#sSpan84" value="abstract"/>
		<feat xlink:href="#sSpan85" value="abstract"/>
		<feat xlink:href="#sSpan86" value="organization"/>
		<feat xlink:href="#sSpan87" value="abstract"/>
		<feat xlink:href="#sSpan88" value="abstract"/>
		<feat xlink:href="#sSpan89" value="abstract"/>
		<feat xlink:href="#sSpan90" value="abstract"/>
		<feat xlink:href="#sSpan91" value="abstract"/>
		<feat xlink:href="#sSpan92" value="abstract"/>
		<feat xlink:href="#sSpan93" value="person"/>
		<feat xlink:href="#sSpan94" value="abstract"/>
		<feat xlink:href="#sSpan95" value="abstract"/>
		<feat xlink:href="#sSpan96" value="abstract"/>
		<feat xlink:href="#sSpan97" value="person"/>
		<feat xlink:href="#sSpan98" value="person"/>
		<feat xlink:href="#sSpan99" value="abstract"/>
		<feat xlink:href="#sSpan100" value="abstract"/>
		<feat xlink:href="#sSpan101" value="abstract"/>
		<feat xlink:href="#sSpan102" value="place"/>
		<feat xlink:href="#sSpan103" value="abstract"/>
		<feat xlink:href="#sSpan104" value="event"/>
		<feat xlink:href="#sSpan105" value="person"/>
		<feat xlink:href="#sSpan106" value="abstract"/>
		<feat xlink:href="#sSpan107" value="event"/>
		<feat xlink:href="#sSpan108" value="abstract"/>
		<feat xlink:href="#sSpan109" value="abstract"/>
		<feat xlink:href="#sSpan110" value="quantity"/>
		<feat xlink:href="#sSpan111" value="abstract"/>
		<feat xlink:href="#sSpan112" value="person"/>
		<feat xlink:href="#sSpan113" value="abstract"/>
		<feat xlink:href="#sSpan114" value="person"/>
		<feat xlink:href="#sSpan115" value="object"/>
		<feat xlink:href="#sSpan116" value="abstract"/>
		<feat xlink:href="#sSpan117" value="event"/>
		<feat xlink:href="#sSpan118" value="abstract"/>
		<feat xlink:href="#sSpan119" value="abstract"/>
		<feat xlink:href="#sSpan120" value="abstract"/>
		<feat xlink:href="#sSpan121" value="object"/>
		<feat xlink:href="#sSpan122" value="person"/>
		<feat xlink:href="#sSpan123" value="event"/>
		<feat xlink:href="#sSpan124" value="event"/>
		<feat xlink:href="#sSpan125" value="abstract"/>
		<feat xlink:href="#sSpan126" value="abstract"/>
		<feat xlink:href="#sSpan127" value="quantity"/>
		<feat xlink:href="#sSpan128" value="abstract"/>
		<feat xlink:href="#sSpan129" value="abstract"/>
		<feat xlink:href="#sSpan130" value="organization"/>
		<feat xlink:href="#sSpan131" value="organization"/>
		<feat xlink:href="#sSpan132" value="abstract"/>
		<feat xlink:href="#sSpan133" value="abstract"/>
		<feat xlink:href="#sSpan134" value="abstract"/>
		<feat xlink:href="#sSpan135" value="abstract"/>
		<feat xlink:href="#sSpan136" value="abstract"/>
		<feat xlink:href="#sSpan137" value="abstract"/>
		<feat xlink:href="#sSpan138" value="abstract"/>
		<feat xlink:href="#sSpan139" value="event"/>
		<feat xlink:href="#sSpan140" value="person"/>
		<feat xlink:href="#sSpan141" value="abstract"/>
		<feat xlink:href="#sSpan142" value="quantity"/>
		<feat xlink:href="#sSpan143" value="abstract"/>
		<feat xlink:href="#sSpan144" value="abstract"/>
		<feat xlink:href="#sSpan145" value="abstract"/>
		<feat xlink:href="#sSpan146" value="abstract"/>
		<feat xlink:href="#sSpan147" value="abstract"/>
		<feat xlink:href="#sSpan148" value="abstract"/>
		<feat xlink:href="#sSpan149" value="organization"/>
		<feat xlink:href="#sSpan150" value="person"/>
		<feat xlink:href="#sSpan151" value="abstract"/>
		<feat xlink:href="#sSpan152" value="event"/>
		<feat xlink:href="#sSpan153" value="abstract"/>
		<feat xlink:href="#sSpan154" value="abstract"/>
		<feat xlink:href="#sSpan155" value="abstract"/>
		<feat xlink:href="#sSpan156" value="organization"/>
		<feat xlink:href="#sSpan157" value="abstract"/>
		<feat xlink:href="#sSpan158" value="abstract"/>
		<feat xlink:href="#sSpan159" value="abstract"/>
		<feat xlink:href="#sSpan160" value="place"/>
		<feat xlink:href="#sSpan161" value="person"/>
		<feat xlink:href="#sSpan162" value="organization"/>
		<feat xlink:href="#sSpan163" value="event"/>
		<feat xlink:href="#sSpan164" value="event"/>
		<feat xlink:href="#sSpan165" value="abstract"/>
		<feat xlink:href="#sSpan166" value="object"/>
		<feat xlink:href="#sSpan167" value="person"/>
		<feat xlink:href="#sSpan168" value="abstract"/>
		<feat xlink:href="#sSpan169" value="abstract"/>
		<feat xlink:href="#sSpan170" value="abstract"/>
		<feat xlink:href="#sSpan171" value="abstract"/>
		<feat xlink:href="#sSpan172" value="abstract"/>
		<feat xlink:href="#sSpan173" value="abstract"/>
		<feat xlink:href="#sSpan174" value="abstract"/>
		<feat xlink:href="#sSpan175" value="person"/>
		<feat xlink:href="#sSpan176" value="abstract"/>
		<feat xlink:href="#sSpan177" value="abstract"/>
		<feat xlink:href="#sSpan178" value="abstract"/>
		<feat xlink:href="#sSpan179" value="object"/>
		<feat xlink:href="#sSpan180" value="person"/>
		<feat xlink:href="#sSpan181" value="abstract"/>
		<feat xlink:href="#sSpan182" value="abstract"/>
		<feat xlink:href="#sSpan183" value="object"/>
		<feat xlink:href="#sSpan184" value="time"/>
		<feat xlink:href="#sSpan185" value="object"/>
		<feat xlink:href="#sSpan186" value="abstract"/>
		<feat xlink:href="#sSpan187" value="abstract"/>
		<feat xlink:href="#sSpan188" value="abstract"/>
		<feat xlink:href="#sSpan189" value="abstract"/>
		<feat xlink:href="#sSpan190" value="abstract"/>
		<feat xlink:href="#sSpan191" value="abstract"/>
		<feat xlink:href="#sSpan192" value="abstract"/>
		<feat xlink:href="#sSpan193" value="abstract"/>
		<feat xlink:href="#sSpan194" value="abstract"/>
		<feat xlink:href="#sSpan195" value="abstract"/>
		<feat xlink:href="#sSpan196" value="abstract"/>
		<feat xlink:href="#sSpan197" value="abstract"/>
		<feat xlink:href="#sSpan198" value="abstract"/>
		<feat xlink:href="#sSpan199" value="abstract"/>
		<feat xlink:href="#sSpan200" value="abstract"/>
		<feat xlink:href="#sSpan201" value="abstract"/>
		<feat xlink:href="#sSpan202" value="abstract"/>
		<feat xlink:href="#sSpan203" value="object"/>
		<feat xlink:href="#sSpan204" value="abstract"/>
		<feat xlink:href="#sSpan205" value="abstract"/>
		<feat xlink:href="#sSpan206" value="abstract"/>
		<feat xlink:href="#sSpan207" value="abstract"/>
		<feat xlink:href="#sSpan208" value="abstract"/>
		<feat xlink:href="#sSpan209" value="abstract"/>
		<feat xlink:href="#sSpan210" value="abstract"/>
		<feat xlink:href="#sSpan211" value="abstract"/>
		<feat xlink:href="#sSpan212" value="abstract"/>
		<feat xlink:href="#sSpan213" value="quantity"/>
		<feat xlink:href="#sSpan214" value="person"/>
		<feat xlink:href="#sSpan215" value="abstract"/>
		<feat xlink:href="#sSpan216" value="abstract"/>
		<feat xlink:href="#sSpan217" value="abstract"/>
		<feat xlink:href="#sSpan218" value="organization"/>
		<feat xlink:href="#sSpan219" value="organization"/>
		<feat xlink:href="#sSpan220" value="abstract"/>
		<feat xlink:href="#sSpan221" value="abstract"/>
		<feat xlink:href="#sSpan222" value="person"/>
		<feat xlink:href="#sSpan223" value="object"/>
		<feat xlink:href="#sSpan224" value="abstract"/>
		<feat xlink:href="#sSpan225" value="organization"/>
		<feat xlink:href="#sSpan226" value="organization"/>
		<feat xlink:href="#sSpan227" value="abstract"/>
		<feat xlink:href="#sSpan228" value="place"/>
		<feat xlink:href="#sSpan229" value="abstract"/>
		<feat xlink:href="#sSpan230" value="abstract"/>
		<feat xlink:href="#sSpan231" value="abstract"/>
		<feat xlink:href="#sSpan232" value="abstract"/>
		<feat xlink:href="#sSpan233" value="abstract"/>
		<feat xlink:href="#sSpan234" value="abstract"/>
		<feat xlink:href="#sSpan235" value="quantity"/>
		<feat xlink:href="#sSpan236" value="abstract"/>
		<feat xlink:href="#sSpan237" value="quantity"/>
		<feat xlink:href="#sSpan238" value="abstract"/>
		<feat xlink:href="#sSpan239" value="abstract"/>
		<feat xlink:href="#sSpan240" value="abstract"/>
		<feat xlink:href="#sSpan241" value="abstract"/>
		<feat xlink:href="#sSpan242" value="abstract"/>
		<feat xlink:href="#sSpan243" value="abstract"/>
		<feat xlink:href="#sSpan244" value="abstract"/>
		<feat xlink:href="#sSpan245" value="abstract"/>
		<feat xlink:href="#sSpan246" value="abstract"/>
		<feat xlink:href="#sSpan247" value="abstract"/>
		<feat xlink:href="#sSpan248" value="object"/>
		<feat xlink:href="#sSpan249" value="abstract"/>
		<feat xlink:href="#sSpan250" value="abstract"/>
		<feat xlink:href="#sSpan251" value="abstract"/>
		<feat xlink:href="#sSpan252" value="abstract"/>
		<feat xlink:href="#sSpan253" value="abstract"/>
		<feat xlink:href="#sSpan254" value="abstract"/>
		<feat xlink:href="#sSpan255" value="abstract"/>
		<feat xlink:href="#sSpan256" value="abstract"/>
		<feat xlink:href="#sSpan257" value="abstract"/>
		<feat xlink:href="#sSpan258" value="organization"/>
		<feat xlink:href="#sSpan259" value="abstract"/>
		<feat xlink:href="#sSpan260" value="abstract"/>
		<feat xlink:href="#sSpan261" value="abstract"/>
		<feat xlink:href="#sSpan262" value="abstract"/>
		<feat xlink:href="#sSpan263" value="abstract"/>
		<feat xlink:href="#sSpan264" value="person"/>
		<feat xlink:href="#sSpan265" value="abstract"/>
		<feat xlink:href="#sSpan266" value="object"/>
		<feat xlink:href="#sSpan267" value="abstract"/>
		<feat xlink:href="#sSpan268" value="event"/>
		<feat xlink:href="#sSpan269" value="abstract"/>
		<feat xlink:href="#sSpan270" value="abstract"/>
		<feat xlink:href="#sSpan271" value="abstract"/>
		<feat xlink:href="#sSpan272" value="abstract"/>
		<feat xlink:href="#sSpan273" value="abstract"/>
		<feat xlink:href="#sSpan274" value="abstract"/>
		<feat xlink:href="#sSpan275" value="abstract"/>
		<feat xlink:href="#sSpan276" value="abstract"/>
		<feat xlink:href="#sSpan277" value="abstract"/>
		<feat xlink:href="#sSpan278" value="abstract"/>
		<feat xlink:href="#sSpan279" value="time"/>
		<feat xlink:href="#sSpan280" value="abstract"/>
		<feat xlink:href="#sSpan281" value="abstract"/>
		<feat xlink:href="#sSpan282" value="abstract"/>
		<feat xlink:href="#sSpan283" value="time"/>
		<feat xlink:href="#sSpan284" value="abstract"/>
		<feat xlink:href="#sSpan285" value="object"/>
		<feat xlink:href="#sSpan286" value="abstract"/>
		<feat xlink:href="#sSpan287" value="object"/>
		<feat xlink:href="#sSpan288" value="abstract"/>
		<feat xlink:href="#sSpan289" value="abstract"/>
		<feat xlink:href="#sSpan290" value="abstract"/>
		<feat xlink:href="#sSpan291" value="abstract"/>
		<feat xlink:href="#sSpan292" value="abstract"/>
		<feat xlink:href="#sSpan293" value="abstract"/>
		<feat xlink:href="#sSpan294" value="abstract"/>
		<feat xlink:href="#sSpan295" value="abstract"/>
		<feat xlink:href="#sSpan296" value="abstract"/>
		<feat xlink:href="#sSpan297" value="organization"/>
		<feat xlink:href="#sSpan298" value="abstract"/>
		<feat xlink:href="#sSpan299" value="abstract"/>
		<feat xlink:href="#sSpan300" value="abstract"/>
		<feat xlink:href="#sSpan301" value="time"/>
		<feat xlink:href="#sSpan302" value="abstract"/>
		<feat xlink:href="#sSpan303" value="abstract"/>
		<feat xlink:href="#sSpan304" value="abstract"/>
		<feat xlink:href="#sSpan305" value="abstract"/>
		<feat xlink:href="#sSpan306" value="person"/>
		<feat xlink:href="#sSpan307" value="abstract"/>
		<feat xlink:href="#sSpan308" value="abstract"/>
		<feat xlink:href="#sSpan309" value="abstract"/>
		<feat xlink:href="#sSpan310" value="person"/>
		<feat xlink:href="#sSpan311" value="abstract"/>
		<feat xlink:href="#sSpan312" value="abstract"/>
		<feat xlink:href="#sSpan313" value="person"/>
		<feat xlink:href="#sSpan314" value="abstract"/>
		<feat xlink:href="#sSpan315" value="abstract"/>
		<feat xlink:href="#sSpan316" value="abstract"/>
		<feat xlink:href="#sSpan317" value="abstract"/>
		<feat xlink:href="#sSpan318" value="abstract"/>
		<feat xlink:href="#sSpan319" value="person"/>
		<feat xlink:href="#sSpan320" value="person"/>
		<feat xlink:href="#sSpan321" value="abstract"/>
		<feat xlink:href="#sSpan322" value="object"/>
		<feat xlink:href="#sSpan323" value="person"/>
		<feat xlink:href="#sSpan324" value="abstract"/>
		<feat xlink:href="#sSpan325" value="person"/>
		<feat xlink:href="#sSpan326" value="abstract"/>
		<feat xlink:href="#sSpan327" value="abstract"/>
		<feat xlink:href="#sSpan328" value="person"/>
		<feat xlink:href="#sSpan329" value="quantity"/>
		<feat xlink:href="#sSpan330" value="abstract"/>
		<feat xlink:href="#sSpan331" value="abstract"/>
		<feat xlink:href="#sSpan332" value="object"/>
		<feat xlink:href="#sSpan333" value="abstract"/>
		<feat xlink:href="#sSpan334" value="abstract"/>
		<feat xlink:href="#sSpan335" value="abstract"/>
		<feat xlink:href="#sSpan336" value="abstract"/>
		<feat xlink:href="#sSpan337" value="time"/>
		<feat xlink:href="#sSpan338" value="abstract"/>
		<feat xlink:href="#sSpan339" value="abstract"/>
		<feat xlink:href="#sSpan340" value="abstract"/>
		<feat xlink:href="#sSpan341" value="abstract"/>
		<feat xlink:href="#sSpan342" value="abstract"/>
		<feat xlink:href="#sSpan343" value="abstract"/>
		<feat xlink:href="#sSpan344" value="person"/>
		<feat xlink:href="#sSpan345" value="object"/>
		<feat xlink:href="#sSpan346" value="time"/>
		<feat xlink:href="#sSpan347" value="time"/>
		<feat xlink:href="#sSpan348" value="abstract"/>
		<feat xlink:href="#sSpan349" value="abstract"/>
		<feat xlink:href="#sSpan350" value="abstract"/>
		<feat xlink:href="#sSpan351" value="person"/></featList></paula>