<?xml version='1.0' encoding='UTF-8'?><!DOCTYPE paula SYSTEM "paula_feat.dtd">
<paula version="1.1">
	<header paula_id="rsd.GUM_academic_census.mark_stype"/>
	<featList xmlns:xlink="http://www.w3.org/1999/xlink" type="stype" xml:base="rsd.GUM_academic_census.mark.xml">
		<feat xlink:href="#sSpan352" value="frag"/>
		<feat xlink:href="#sSpan353" value="decl"/>
		<feat xlink:href="#sSpan354" value="decl"/>
		<feat xlink:href="#sSpan355" value="decl"/>
		<feat xlink:href="#sSpan356" value="decl"/>
		<feat xlink:href="#sSpan357" value="decl"/>
		<feat xlink:href="#sSpan358" value="decl"/>
		<feat xlink:href="#sSpan359" value="decl"/>
		<feat xlink:href="#sSpan360" value="decl"/>
		<feat xlink:href="#sSpan361" value="decl"/>
		<feat xlink:href="#sSpan362" value="decl"/>
		<feat xlink:href="#sSpan363" value="decl"/>
		<feat xlink:href="#sSpan364" value="decl"/>
		<feat xlink:href="#sSpan365" value="decl"/>
		<feat xlink:href="#sSpan366" value="decl"/>
		<feat xlink:href="#sSpan367" value="decl"/>
		<feat xlink:href="#sSpan368" value="decl"/>
		<feat xlink:href="#sSpan369" value="decl"/>
		<feat xlink:href="#sSpan370" value="decl"/>
		<feat xlink:href="#sSpan371" value="decl"/>
		<feat xlink:href="#sSpan372" value="decl"/>
		<feat xlink:href="#sSpan373" value="decl"/>
		<feat xlink:href="#sSpan374" value="decl"/>
		<feat xlink:href="#sSpan375" value="decl"/>
		<feat xlink:href="#sSpan376" value="decl"/>
		<feat xlink:href="#sSpan377" value="decl"/>
		<feat xlink:href="#sSpan378" value="decl"/>
		<feat xlink:href="#sSpan379" value="decl"/>
		<feat xlink:href="#sSpan380" value="decl"/>
		<feat xlink:href="#sSpan381" value="decl"/>
		<feat xlink:href="#sSpan382" value="decl"/>
		<feat xlink:href="#sSpan383" value="decl"/>
		<feat xlink:href="#sSpan384" value="decl"/>
		<feat xlink:href="#sSpan385" value="decl"/>
		<feat xlink:href="#sSpan386" value="decl"/>
		<feat xlink:href="#sSpan387" value="decl"/>
		<feat xlink:href="#sSpan388" value="decl"/>
		<feat xlink:href="#sSpan389" value="decl"/>
		<feat xlink:href="#sSpan390" value="decl"/>
		<feat xlink:href="#sSpan391" value="decl"/>
		<feat xlink:href="#sSpan392" value="decl"/>
		<feat xlink:href="#sSpan393" value="decl"/>
		<feat xlink:href="#sSpan394" value="decl"/>
		<feat xlink:href="#sSpan395" value="decl"/>
		<feat xlink:href="#sSpan396" value="decl"/>
		<feat xlink:href="#sSpan397" value="decl"/>
		<feat xlink:href="#sSpan398" value="decl"/>
		<feat xlink:href="#sSpan399" value="decl"/>
		<feat xlink:href="#sSpan400" value="decl"/>
		<feat xlink:href="#sSpan401" value="decl"/>
		<feat xlink:href="#sSpan402" value="decl"/>
		<feat xlink:href="#sSpan403" value="decl"/>
		<feat xlink:href="#sSpan404" value="decl"/>
		<feat xlink:href="#sSpan405" value="decl"/>
		<feat xlink:href="#sSpan406" value="decl"/>
		<feat xlink:href="#sSpan407" value="decl"/>
		<feat xlink:href="#sSpan408" value="multiple"/>
		<feat xlink:href="#sSpan409" value="multiple"/>
		<feat xlink:href="#sSpan410" value="decl"/>
		<feat xlink:href="#sSpan411" value="decl"/>
		<feat xlink:href="#sSpan412" value="decl"/>
		<feat xlink:href="#sSpan413" value="decl"/>
		<feat xlink:href="#sSpan414" value="decl"/>
		<feat xlink:href="#sSpan415" value="decl"/>
		<feat xlink:href="#sSpan416" value="decl"/>
		<feat xlink:href="#sSpan417" value="decl"/>
		<feat xlink:href="#sSpan418" value="decl"/>
		<feat xlink:href="#sSpan419" value="decl"/>
		<feat xlink:href="#sSpan420" value="decl"/>
		<feat xlink:href="#sSpan421" value="decl"/>
		<feat xlink:href="#sSpan422" value="decl"/>
		<feat xlink:href="#sSpan423" value="multiple"/>
		<feat xlink:href="#sSpan424" value="multiple"/>
		<feat xlink:href="#sSpan425" value="multiple"/>
		<feat xlink:href="#sSpan426" value="decl"/>
		<feat xlink:href="#sSpan427" value="decl"/>
		<feat xlink:href="#sSpan428" value="decl"/>
		<feat xlink:href="#sSpan429" value="decl"/>
		<feat xlink:href="#sSpan430" value="decl"/>
		<feat xlink:href="#sSpan431" value="decl"/>
		<feat xlink:href="#sSpan432" value="decl"/>
		<feat xlink:href="#sSpan433" value="decl"/>
		<feat xlink:href="#sSpan434" value="decl"/>
		<feat xlink:href="#sSpan435" value="decl"/>
		<feat xlink:href="#sSpan436" value="decl"/>
		<feat xlink:href="#sSpan437" value="sub"/>
		<feat xlink:href="#sSpan438" value="sub"/>
		<feat xlink:href="#sSpan439" value="sub"/>
		<feat xlink:href="#sSpan440" value="sub"/>
		<feat xlink:href="#sSpan441" value="sub"/>
		<feat xlink:href="#sSpan442" value="sub"/>
		<feat xlink:href="#sSpan443" value="sub"/>
		<feat xlink:href="#sSpan444" value="sub"/>
		<feat xlink:href="#sSpan445" value="decl"/>
		<feat xlink:href="#sSpan446" value="decl"/>
		<feat xlink:href="#sSpan447" value="decl"/>
		<feat xlink:href="#sSpan448" value="decl"/>
		<feat xlink:href="#sSpan449" value="decl"/>
		<feat xlink:href="#sSpan450" value="decl"/>
		<feat xlink:href="#sSpan451" value="decl"/>
		<feat xlink:href="#sSpan452" value="decl"/>
		<feat xlink:href="#sSpan453" value="decl"/>
		<feat xlink:href="#sSpan454" value="decl"/>
		<feat xlink:href="#sSpan455" value="decl"/>
		<feat xlink:href="#sSpan456" value="decl"/>
		<feat xlink:href="#sSpan457" value="decl"/>
		<feat xlink:href="#sSpan458" value="decl"/></featList></paula>