<?xml version='1.0' encoding='UTF-8'?><!DOCTYPE paula SYSTEM "paula_feat.dtd">
<paula version="1.1">
	<header paula_id="rsd.GUM_academic_census.mark_subord"/>
	<featList xmlns:xlink="http://www.w3.org/1999/xlink" type="subord" xml:base="rsd.GUM_academic_census.mark.xml">
		<feat xlink:href="#sSpan3" value="LEFT"/>
		<feat xlink:href="#sSpan5" value="RIGHT"/>
		<feat xlink:href="#sSpan6" value="LEFT"/>
		<feat xlink:href="#sSpan8" value="LEFT"/>
		<feat xlink:href="#sSpan9" value="LEFT"/>
		<feat xlink:href="#sSpan10" value="LEFT"/>
		<feat xlink:href="#sSpan11" value="LEFT"/>
		<feat xlink:href="#sSpan12" value="LEFT"/>
		<feat xlink:href="#sSpan13" value="LEFT"/>
		<feat xlink:href="#sSpan15" value="RIGHT"/>
		<feat xlink:href="#sSpan16" value="LEFT"/>
		<feat xlink:href="#sSpan17" value="RIGHT"/>
		<feat xlink:href="#sSpan20" value="RIGHT"/>
		<feat xlink:href="#sSpan21" value="LEFT"/>
		<feat xlink:href="#sSpan24" value="RIGHT"/>
		<feat xlink:href="#sSpan25" value="LEFT"/>
		<feat xlink:href="#sSpan26" value="LEFT"/>
		<feat xlink:href="#sSpan27" value="RIGHT"/>
		<feat xlink:href="#sSpan28" value="LEFT"/>
		<feat xlink:href="#sSpan29" value="LEFT"/>
		<feat xlink:href="#sSpan30" value="RIGHT"/>
		<feat xlink:href="#sSpan31" value="RIGHT"/>
		<feat xlink:href="#sSpan33" value="LEFT"/>
		<feat xlink:href="#sSpan34" value="RIGHT"/>
		<feat xlink:href="#sSpan36" value="LEFT"/>
		<feat xlink:href="#sSpan37" value="RIGHT"/>
		<feat xlink:href="#sSpan38" value="LEFT"/>
		<feat xlink:href="#sSpan39" value="RIGHT"/>
		<feat xlink:href="#sSpan40" value="LEFT"/>
		<feat xlink:href="#sSpan41" value="LEFT"/>
		<feat xlink:href="#sSpan42" value="RIGHT"/>
		<feat xlink:href="#sSpan44" value="LEFT"/>
		<feat xlink:href="#sSpan45" value="RIGHT"/>
		<feat xlink:href="#sSpan46" value="LEFT"/>
		<feat xlink:href="#sSpan47" value="LEFT"/>
		<feat xlink:href="#sSpan49" value="LEFT"/>
		<feat xlink:href="#sSpan50" value="RIGHT"/>
		<feat xlink:href="#sSpan51" value="LEFT"/>
		<feat xlink:href="#sSpan53" value="RIGHT"/>
		<feat xlink:href="#sSpan54" value="LEFT"/>
		<feat xlink:href="#sSpan56" value="LEFT"/>
		<feat xlink:href="#sSpan58" value="LEFT"/>
		<feat xlink:href="#sSpan59" value="RIGHT"/>
		<feat xlink:href="#sSpan60" value="LEFT"/>
		<feat xlink:href="#sSpan61" value="LEFT"/>
		<feat xlink:href="#sSpan62" value="RIGHT"/>
		<feat xlink:href="#sSpan63" value="LEFT"/>
		<feat xlink:href="#sSpan64" value="LEFT"/>
		<feat xlink:href="#sSpan66" value="RIGHT"/>
		<feat xlink:href="#sSpan67" value="LEFT"/>
		<feat xlink:href="#sSpan68" value="RIGHT"/>
		<feat xlink:href="#sSpan69" value="RIGHT"/>
		<feat xlink:href="#sSpan70" value="LEFT"/>
		<feat xlink:href="#sSpan71" value="LEFT"/>
		<feat xlink:href="#sSpan72" value="RIGHT"/>
		<feat xlink:href="#sSpan73" value="LEFT"/>
		<feat xlink:href="#sSpan74" value="LEFT"/>
		<feat xlink:href="#sSpan76" value="LEFT"/>
		<feat xlink:href="#sSpan77" value="RIGHT"/>
		<feat xlink:href="#sSpan78" value="LEFT"/>
		<feat xlink:href="#sSpan79" value="LEFT"/>
		<feat xlink:href="#sSpan80" value="LEFT"/>
		<feat xlink:href="#sSpan81" value="LEFT"/>
		<feat xlink:href="#sSpan82" value="RIGHT"/>
		<feat xlink:href="#sSpan84" value="RIGHT"/>
		<feat xlink:href="#sSpan85" value="LEFT"/>
		<feat xlink:href="#sSpan87" value="RIGHT"/>
		<feat xlink:href="#sSpan88" value="LEFT"/>
		<feat xlink:href="#sSpan89" value="LEFT"/>
		<feat xlink:href="#sSpan90" value="LEFT"/>
		<feat xlink:href="#sSpan91" value="RIGHT"/>
		<feat xlink:href="#sSpan93" value="LEFT"/>
		<feat xlink:href="#sSpan97" value="LEFT"/>
		<feat xlink:href="#sSpan100" value="LEFT"/>
		<feat xlink:href="#sSpan101" value="RIGHT"/>
		<feat xlink:href="#sSpan102" value="LEFT"/>
		<feat xlink:href="#sSpan103" value="LEFT"/>
		<feat xlink:href="#sSpan105" value="LEFT"/>
		<feat xlink:href="#sSpan106" value="LEFT"/>
		<feat xlink:href="#sSpan107" value="LEFT"/></featList></paula>