<?xml version='1.0' encoding='UTF-8'?><!DOCTYPE paula SYSTEM "paula_feat.dtd">
<paula version="1.1">
	<header paula_id="rsd.GUM_academic_census.mark_subord"/>
	<featList xmlns:xlink="http://www.w3.org/1999/xlink" type="subord" xml:base="rsd.GUM_academic_census.mark.xml">
		<feat xlink:href="#sSpan3" value="LEFT"/>
		<feat xlink:href="#sSpan5" value="RIGHT"/>
		<feat xlink:href="#sSpan6" value="LEFT"/>
		<feat xlink:href="#sSpan8" value="LEFT"/>
		<feat xlink:href="#sSpan9" value="LEFT"/>
		<feat xlink:href="#sSpan10" value="LEFT"/>
		<feat xlink:href="#sSpan11" value="LEFT"/>
		<feat xlink:href="#sSpan12" value="LEFT"/>
		<feat xlink:href="#sSpan13" value="LEFT"/>
		<feat xlink:href="#sSpan15" value="RIGHT"/>
		<feat xlink:href="#sSpan16" value="LEFT"/>
		<feat xlink:href="#sSpan17" value="RIGHT"/>
		<feat xlink:href="#sSpan20" value="LEFT"/>
		<feat xlink:href="#sSpan21" value="RIGHT"/>
		<feat xlink:href="#sSpan22" value="LEFT"/>
		<feat xlink:href="#sSpan25" value="RIGHT"/>
		<feat xlink:href="#sSpan26" value="RIGHT"/>
		<feat xlink:href="#sSpan27" value="RIGHT"/>
		<feat xlink:href="#sSpan28" value="LEFT"/>
		<feat xlink:href="#sSpan29" value="LEFT"/>
		<feat xlink:href="#sSpan30" value="RIGHT"/>
		<feat xlink:href="#sSpan31" value="LEFT"/>
		<feat xlink:href="#sSpan32" value="LEFT"/>
		<feat xlink:href="#sSpan33" value="RIGHT"/>
		<feat xlink:href="#sSpan34" value="RIGHT"/>
		<feat xlink:href="#sSpan36" value="LEFT"/>
		<feat xlink:href="#sSpan37" value="RIGHT"/>
		<feat xlink:href="#sSpan39" value="LEFT"/>
		<feat xlink:href="#sSpan40" value="RIGHT"/>
		<feat xlink:href="#sSpan41" value="LEFT"/>
		<feat xlink:href="#sSpan42" value="RIGHT"/>
		<feat xlink:href="#sSpan43" value="LEFT"/>
		<feat xlink:href="#sSpan44" value="LEFT"/>
		<feat xlink:href="#sSpan45" value="RIGHT"/>
		<feat xlink:href="#sSpan47" value="LEFT"/>
		<feat xlink:href="#sSpan48" value="RIGHT"/>
		<feat xlink:href="#sSpan49" value="LEFT"/>
		<feat xlink:href="#sSpan50" value="LEFT"/>
		<feat xlink:href="#sSpan52" value="LEFT"/>
		<feat xlink:href="#sSpan54" value="LEFT"/>
		<feat xlink:href="#sSpan56" value="RIGHT"/>
		<feat xlink:href="#sSpan57" value="LEFT"/>
		<feat xlink:href="#sSpan59" value="LEFT"/>
		<feat xlink:href="#sSpan61" value="LEFT"/>
		<feat xlink:href="#sSpan62" value="RIGHT"/>
		<feat xlink:href="#sSpan63" value="LEFT"/>
		<feat xlink:href="#sSpan64" value="LEFT"/>
		<feat xlink:href="#sSpan65" value="RIGHT"/>
		<feat xlink:href="#sSpan66" value="LEFT"/>
		<feat xlink:href="#sSpan67" value="LEFT"/>
		<feat xlink:href="#sSpan69" value="RIGHT"/>
		<feat xlink:href="#sSpan70" value="LEFT"/>
		<feat xlink:href="#sSpan71" value="RIGHT"/>
		<feat xlink:href="#sSpan72" value="RIGHT"/>
		<feat xlink:href="#sSpan73" value="LEFT"/>
		<feat xlink:href="#sSpan74" value="LEFT"/>
		<feat xlink:href="#sSpan75" value="RIGHT"/>
		<feat xlink:href="#sSpan76" value="LEFT"/>
		<feat xlink:href="#sSpan77" value="LEFT"/>
		<feat xlink:href="#sSpan79" value="RIGHT"/>
		<feat xlink:href="#sSpan80" value="LEFT"/>
		<feat xlink:href="#sSpan81" value="LEFT"/>
		<feat xlink:href="#sSpan82" value="LEFT"/>
		<feat xlink:href="#sSpan83" value="LEFT"/>
		<feat xlink:href="#sSpan84" value="RIGHT"/>
		<feat xlink:href="#sSpan86" value="RIGHT"/>
		<feat xlink:href="#sSpan87" value="LEFT"/>
		<feat xlink:href="#sSpan89" value="RIGHT"/>
		<feat xlink:href="#sSpan90" value="LEFT"/>
		<feat xlink:href="#sSpan91" value="LEFT"/>
		<feat xlink:href="#sSpan92" value="LEFT"/>
		<feat xlink:href="#sSpan93" value="RIGHT"/>
		<feat xlink:href="#sSpan94" value="RIGHT"/>
		<feat xlink:href="#sSpan96" value="LEFT"/>
		<feat xlink:href="#sSpan100" value="LEFT"/>
		<feat xlink:href="#sSpan103" value="LEFT"/>
		<feat xlink:href="#sSpan104" value="RIGHT"/>
		<feat xlink:href="#sSpan105" value="LEFT"/>
		<feat xlink:href="#sSpan106" value="LEFT"/>
		<feat xlink:href="#sSpan108" value="LEFT"/>
		<feat xlink:href="#sSpan109" value="LEFT"/>
		<feat xlink:href="#sSpan110" value="LEFT"/></featList></paula>