<?xml version='1.0' encoding='UTF-8'?><!DOCTYPE paula SYSTEM "paula_feat.dtd">
<paula version="1.1">
	<header paula_id="rsd.GUM_academic_census.mark_head_tok"/>
	<featList xmlns:xlink="http://www.w3.org/1999/xlink" type="head_tok" xml:base="rsd.GUM_academic_census.mark.xml">
		<feat xlink:href="#sSpan1" value="introduction"/>
		<feat xlink:href="#sSpan2" value="play"/>
		<feat xlink:href="#sSpan3" value="determine"/>
		<feat xlink:href="#sSpan4" value="establish"/>
		<feat xlink:href="#sSpan5" value="influence"/>
		<feat xlink:href="#sSpan6" value="diversity"/>
		<feat xlink:href="#sSpan7" value="show"/>
		<feat xlink:href="#sSpan8" value="lead"/>
		<feat xlink:href="#sSpan9" value="1"/>
		<feat xlink:href="#sSpan10" value="solution"/>
		<feat xlink:href="#sSpan11" value="3"/>
		<feat xlink:href="#sSpan12" value="pair"/>
		<feat xlink:href="#sSpan13" value="complement"/>
		<feat xlink:href="#sSpan14" value="show"/>
		<feat xlink:href="#sSpan15" value="4"/>
		<feat xlink:href="#sSpan16" value="facilitate"/>
		<feat xlink:href="#sSpan17" value="however"/>
		<feat xlink:href="#sSpan18" value="remain"/>
		<feat xlink:href="#sSpan19" value="step"/>
		<feat xlink:href="#sSpan20" value="be"/>
		<feat xlink:href="#sSpan21" value="make"/>
		<feat xlink:href="#sSpan22" value="vary"/>
		<feat xlink:href="#sSpan23" value="issue"/>
		<feat xlink:href="#sSpan24" value="5"/>
		<feat xlink:href="#sSpan25" value="but"/>
		<feat xlink:href="#sSpan26" value="census"/>
		<feat xlink:href="#sSpan27" value="difficult"/>
		<feat xlink:href="#sSpan28" value="6"/>
		<feat xlink:href="#sSpan29" value="organize"/>
		<feat xlink:href="#sSpan30" value="approximate"/>
		<feat xlink:href="#sSpan31" value="7"/>
		<feat xlink:href="#sSpan32" value="hand"/>
		<feat xlink:href="#sSpan33" value="science"/>
		<feat xlink:href="#sSpan34" value="lack"/>
		<feat xlink:href="#sSpan35" value="distribute"/>
		<feat xlink:href="#sSpan36" value="difficult"/>
		<feat xlink:href="#sSpan37" value="tend"/>
		<feat xlink:href="#sSpan38" value="use"/>
		<feat xlink:href="#sSpan39" value="8"/>
		<feat xlink:href="#sSpan40" value="specific"/>
		<feat xlink:href="#sSpan41" value="12"/>
		<feat xlink:href="#sSpan42" value="focus"/>
		<feat xlink:href="#sSpan43" value="17"/>
		<feat xlink:href="#sSpan44" value="useful"/>
		<feat xlink:href="#sSpan45" value="representative"/>
		<feat xlink:href="#sSpan46" value="have"/>
		<feat xlink:href="#sSpan47" value="assemble"/>
		<feat xlink:href="#sSpan48" value="science"/>
		<feat xlink:href="#sSpan49" value="19"/>
		<feat xlink:href="#sSpan50" value="shed"/>
		<feat xlink:href="#sSpan51" value="6"/>
		<feat xlink:href="#sSpan52" value="snapshot"/>
		<feat xlink:href="#sSpan53" value="offer"/>
		<feat xlink:href="#sSpan54" value="available"/>
		<feat xlink:href="#sSpan55" value="Association"/>
		<feat xlink:href="#sSpan56" value="CRA"/>
		<feat xlink:href="#sSpan57" value="document"/>
		<feat xlink:href="#sSpan58" value="cra.org/resources/taulbee-survey"/>
		<feat xlink:href="#sSpan59" value="provide"/>
		<feat xlink:href="#sSpan60" value="suffer"/>
		<feat xlink:href="#sSpan61" value="subject"/>
		<feat xlink:href="#sSpan62" value="inject"/>
		<feat xlink:href="#sSpan63" value="21"/>
		<feat xlink:href="#sSpan64" value="provide"/>
		<feat xlink:href="#sSpan65" value="make"/>
		<feat xlink:href="#sSpan66" value="23"/>
		<feat xlink:href="#sSpan67" value="wash"/>
		<feat xlink:href="#sSpan68" value="averaging"/>
		<feat xlink:href="#sSpan69" value="mask"/>
		<feat xlink:href="#sSpan70" value="present"/>
		<feat xlink:href="#sSpan71" value="base"/>
		<feat xlink:href="#sSpan72" value="assemble"/>
		<feat xlink:href="#sSpan73" value="use"/>
		<feat xlink:href="#sSpan74" value="efficient"/>
		<feat xlink:href="#sSpan75" value="adapt"/>
		<feat xlink:href="#sSpan76" value="use"/>
		<feat xlink:href="#sSpan77" value="capable"/>
		<feat xlink:href="#sSpan78" value="collect"/>
		<feat xlink:href="#sSpan79" value="use"/>
		<feat xlink:href="#sSpan80" value="improvement"/>
		<feat xlink:href="#sSpan81" value="require"/>
		<feat xlink:href="#sSpan82" value="do"/>
		<feat xlink:href="#sSpan83" value="19"/>
		<feat xlink:href="#sSpan84" value="assemble"/>
		<feat xlink:href="#sSpan85" value="facilitate"/>
		<feat xlink:href="#sSpan86" value="provide"/>
		<feat xlink:href="#sSpan87" value="have"/>
		<feat xlink:href="#sSpan88" value="use"/>
		<feat xlink:href="#sSpan89" value="study"/>
		<feat xlink:href="#sSpan90" value="valuable"/>
		<feat xlink:href="#sSpan91" value="evaluate"/>
		<feat xlink:href="#sSpan92" value="mean"/>
		<feat xlink:href="#sSpan93" value="apply"/>
		<feat xlink:href="#sSpan94" value="elucidate"/>
		<feat xlink:href="#sSpan95" value="relate"/>
		<feat xlink:href="#sSpan96" value="benefit"/>
		<feat xlink:href="#sSpan97" value="organize"/>
		<feat xlink:href="#sSpan98" value="begin"/>
		<feat xlink:href="#sSpan99" value="detail"/>
		<feat xlink:href="#sSpan100" value="present"/>
		<feat xlink:href="#sSpan101" value="demonstrate"/>
		<feat xlink:href="#sSpan102" value="collect"/>
		<feat xlink:href="#sSpan103" value="compare"/>
		<feat xlink:href="#sSpan104" value="collect"/>
		<feat xlink:href="#sSpan105" value="19"/>
		<feat xlink:href="#sSpan106" value="provide"/>
		<feat xlink:href="#sSpan107" value="enable"/>
		<feat xlink:href="#sSpan108" value="use"/>
		<feat xlink:href="#sSpan109" value="investigate"/></featList></paula>