<?xml version='1.0' encoding='UTF-8'?><!DOCTYPE paula SYSTEM "paula_feat.dtd">
<paula version="1.1">
	<header paula_id="rsd.GUM_academic_census.mark_pos1"/>
	<featList xmlns:xlink="http://www.w3.org/1999/xlink" type="pos1" xml:base="rsd.GUM_academic_census.mark.xml">
		<feat xlink:href="#sSpan1" value="CD"/>
		<feat xlink:href="#sSpan2" value="JJ"/>
		<feat xlink:href="#sSpan3" value="IN"/>
		<feat xlink:href="#sSpan4" value="JJ"/>
		<feat xlink:href="#sSpan5" value="IN/that"/>
		<feat xlink:href="#sSpan6" value="VVG"/>
		<feat xlink:href="#sSpan7" value="IN"/>
		<feat xlink:href="#sSpan8" value="IN/that"/>
		<feat xlink:href="#sSpan9" value="("/>
		<feat xlink:href="#sSpan10" value="CC"/>
		<feat xlink:href="#sSpan11" value="("/>
		<feat xlink:href="#sSpan12" value="IN"/>
		<feat xlink:href="#sSpan13" value="WDT"/>
		<feat xlink:href="#sSpan14" value="RB"/>
		<feat xlink:href="#sSpan15" value="("/>
		<feat xlink:href="#sSpan16" value="WDT"/>
		<feat xlink:href="#sSpan17" value="IN"/>
		<feat xlink:href="#sSpan18" value="VVG"/>
		<feat xlink:href="#sSpan19" value="VVG"/>
		<feat xlink:href="#sSpan20" value="IN"/>
		<feat xlink:href="#sSpan21" value="IN"/>
		<feat xlink:href="#sSpan22" value="VVG"/>
		<feat xlink:href="#sSpan23" value="RBR"/>
		<feat xlink:href="#sSpan24" value="IN"/>
		<feat xlink:href="#sSpan25" value="("/>
		<feat xlink:href="#sSpan26" value="CC"/>
		<feat xlink:href="#sSpan27" value="IN"/>
		<feat xlink:href="#sSpan28" value="DT"/>
		<feat xlink:href="#sSpan29" value="("/>
		<feat xlink:href="#sSpan30" value="DT"/>
		<feat xlink:href="#sSpan31" value="WP$"/>
		<feat xlink:href="#sSpan32" value="("/>
		<feat xlink:href="#sSpan33" value="JJS"/>
		<feat xlink:href="#sSpan34" value="VVG"/>
		<feat xlink:href="#sSpan35" value="VVP"/>
		<feat xlink:href="#sSpan36" value="CC"/>
		<feat xlink:href="#sSpan37" value="IN"/>
		<feat xlink:href="#sSpan38" value="JJ"/>
		<feat xlink:href="#sSpan39" value="CC"/>
		<feat xlink:href="#sSpan40" value="("/>
		<feat xlink:href="#sSpan41" value="RB"/>
		<feat xlink:href="#sSpan42" value="("/>
		<feat xlink:href="#sSpan43" value="CC"/>
		<feat xlink:href="#sSpan44" value="("/>
		<feat xlink:href="#sSpan45" value="IN"/>
		<feat xlink:href="#sSpan46" value="JJ"/>
		<feat xlink:href="#sSpan47" value="CC"/>
		<feat xlink:href="#sSpan48" value="CD"/>
		<feat xlink:href="#sSpan49" value="NN"/>
		<feat xlink:href="#sSpan50" value="("/>
		<feat xlink:href="#sSpan51" value="DT"/>
		<feat xlink:href="#sSpan52" value="("/>
		<feat xlink:href="#sSpan53" value="CC"/>
		<feat xlink:href="#sSpan54" value="CC"/>
		<feat xlink:href="#sSpan55" value="IN"/>
		<feat xlink:href="#sSpan56" value="IN"/>
		<feat xlink:href="#sSpan57" value="("/>
		<feat xlink:href="#sSpan58" value="VVZ"/>
		<feat xlink:href="#sSpan59" value="("/>
		<feat xlink:href="#sSpan60" value="JJ"/>
		<feat xlink:href="#sSpan61" value="CC"/>
		<feat xlink:href="#sSpan62" value="RB"/>
		<feat xlink:href="#sSpan63" value="WDT"/>
		<feat xlink:href="#sSpan64" value="("/>
		<feat xlink:href="#sSpan65" value="RB"/>
		<feat xlink:href="#sSpan66" value="WDT"/>
		<feat xlink:href="#sSpan67" value="("/>
		<feat xlink:href="#sSpan68" value="IN"/>
		<feat xlink:href="#sSpan69" value="IN"/>
		<feat xlink:href="#sSpan70" value="RB"/>
		<feat xlink:href="#sSpan71" value="RB"/>
		<feat xlink:href="#sSpan72" value="VVN"/>
		<feat xlink:href="#sSpan73" value="WDT"/>
		<feat xlink:href="#sSpan74" value="VVG"/>
		<feat xlink:href="#sSpan75" value="DT"/>
		<feat xlink:href="#sSpan76" value="CC"/>
		<feat xlink:href="#sSpan77" value="CC"/>
		<feat xlink:href="#sSpan78" value="DT"/>
		<feat xlink:href="#sSpan79" value="VVG"/>
		<feat xlink:href="#sSpan80" value="DT"/>
		<feat xlink:href="#sSpan81" value="VVN"/>
		<feat xlink:href="#sSpan82" value="TO"/>
		<feat xlink:href="#sSpan83" value="("/>
		<feat xlink:href="#sSpan84" value="IN"/>
		<feat xlink:href="#sSpan85" value="DT"/>
		<feat xlink:href="#sSpan86" value="IN"/>
		<feat xlink:href="#sSpan87" value="IN"/>
		<feat xlink:href="#sSpan88" value="DT"/>
		<feat xlink:href="#sSpan89" value="TO"/>
		<feat xlink:href="#sSpan90" value="WDT"/>
		<feat xlink:href="#sSpan91" value="IN"/>
		<feat xlink:href="#sSpan92" value="VVN"/>
		<feat xlink:href="#sSpan93" value="RB"/>
		<feat xlink:href="#sSpan94" value="VVN"/>
		<feat xlink:href="#sSpan95" value="DT"/>
		<feat xlink:href="#sSpan96" value="CC"/>
		<feat xlink:href="#sSpan97" value="IN"/>
		<feat xlink:href="#sSpan98" value="PP$"/>
		<feat xlink:href="#sSpan99" value="PP"/>
		<feat xlink:href="#sSpan100" value="IN"/>
		<feat xlink:href="#sSpan101" value="RB"/>
		<feat xlink:href="#sSpan102" value="DT"/>
		<feat xlink:href="#sSpan103" value="IN"/>
		<feat xlink:href="#sSpan104" value="CC"/>
		<feat xlink:href="#sSpan105" value="VVN"/>
		<feat xlink:href="#sSpan106" value="("/>
		<feat xlink:href="#sSpan107" value="DT"/>
		<feat xlink:href="#sSpan108" value="VVN"/>
		<feat xlink:href="#sSpan109" value="CC"/>
		<feat xlink:href="#sSpan110" value="TO"/></featList></paula>