<?xml version='1.0' encoding='UTF-8'?><!DOCTYPE paula SYSTEM "paula_feat.dtd">
<paula version="1.1">
	<header paula_id="rsd.GUM_academic_census.mark_edu_num"/>
	<featList xmlns:xlink="http://www.w3.org/1999/xlink" type="edu_num" xml:base="rsd.GUM_academic_census.mark.xml">
		<feat xlink:href="#sSpan70" value="1"/>
		<feat xlink:href="#sSpan71" value="2"/>
		<feat xlink:href="#sSpan72" value="3"/>
		<feat xlink:href="#sSpan73" value="4"/>
		<feat xlink:href="#sSpan74" value="5"/>
		<feat xlink:href="#sSpan75" value="6"/>
		<feat xlink:href="#sSpan76" value="7"/>
		<feat xlink:href="#sSpan77" value="8"/>
		<feat xlink:href="#sSpan78" value="9"/>
		<feat xlink:href="#sSpan79" value="10"/>
		<feat xlink:href="#sSpan80" value="11"/>
		<feat xlink:href="#sSpan81" value="12"/>
		<feat xlink:href="#sSpan82" value="13"/>
		<feat xlink:href="#sSpan83" value="14"/>
		<feat xlink:href="#sSpan84" value="15"/>
		<feat xlink:href="#sSpan85" value="16"/>
		<feat xlink:href="#sSpan86" value="17"/>
		<feat xlink:href="#sSpan87" value="18"/>
		<feat xlink:href="#sSpan88" value="19"/>
		<feat xlink:href="#sSpan89" value="20"/>
		<feat xlink:href="#sSpan90" value="21"/>
		<feat xlink:href="#sSpan91" value="22"/>
		<feat xlink:href="#sSpan92" value="23"/>
		<feat xlink:href="#sSpan93" value="24"/>
		<feat xlink:href="#sSpan94" value="25"/>
		<feat xlink:href="#sSpan95" value="26"/>
		<feat xlink:href="#sSpan96" value="27"/>
		<feat xlink:href="#sSpan97" value="28"/>
		<feat xlink:href="#sSpan98" value="29"/>
		<feat xlink:href="#sSpan99" value="30"/>
		<feat xlink:href="#sSpan100" value="31"/>
		<feat xlink:href="#sSpan101" value="32"/>
		<feat xlink:href="#sSpan102" value="33"/>
		<feat xlink:href="#sSpan103" value="34"/>
		<feat xlink:href="#sSpan104" value="35"/>
		<feat xlink:href="#sSpan105" value="36"/>
		<feat xlink:href="#sSpan106" value="37"/>
		<feat xlink:href="#sSpan107" value="38"/>
		<feat xlink:href="#sSpan108" value="39"/>
		<feat xlink:href="#sSpan109" value="40"/>
		<feat xlink:href="#sSpan110" value="41"/>
		<feat xlink:href="#sSpan111" value="42"/>
		<feat xlink:href="#sSpan112" value="43"/>
		<feat xlink:href="#sSpan113" value="44"/>
		<feat xlink:href="#sSpan114" value="45"/>
		<feat xlink:href="#sSpan115" value="46"/>
		<feat xlink:href="#sSpan116" value="47"/>
		<feat xlink:href="#sSpan117" value="48"/>
		<feat xlink:href="#sSpan118" value="49"/>
		<feat xlink:href="#sSpan119" value="50"/>
		<feat xlink:href="#sSpan120" value="51"/>
		<feat xlink:href="#sSpan121" value="52"/>
		<feat xlink:href="#sSpan122" value="53"/>
		<feat xlink:href="#sSpan123" value="54"/>
		<feat xlink:href="#sSpan124" value="55"/>
		<feat xlink:href="#sSpan125" value="56"/>
		<feat xlink:href="#sSpan126" value="57"/>
		<feat xlink:href="#sSpan127" value="58"/>
		<feat xlink:href="#sSpan128" value="59"/>
		<feat xlink:href="#sSpan129" value="60"/>
		<feat xlink:href="#sSpan130" value="61"/>
		<feat xlink:href="#sSpan131" value="62"/>
		<feat xlink:href="#sSpan132" value="63"/>
		<feat xlink:href="#sSpan133" value="64"/>
		<feat xlink:href="#sSpan134" value="65"/>
		<feat xlink:href="#sSpan135" value="66"/>
		<feat xlink:href="#sSpan136" value="67"/>
		<feat xlink:href="#sSpan137" value="68"/>
		<feat xlink:href="#sSpan138" value="69"/>
		<feat xlink:href="#sSpan139" value="70"/>
		<feat xlink:href="#sSpan140" value="71"/>
		<feat xlink:href="#sSpan141" value="72"/>
		<feat xlink:href="#sSpan142" value="73"/>
		<feat xlink:href="#sSpan143" value="74"/>
		<feat xlink:href="#sSpan144" value="75"/>
		<feat xlink:href="#sSpan145" value="76"/>
		<feat xlink:href="#sSpan146" value="77"/>
		<feat xlink:href="#sSpan147" value="78"/>
		<feat xlink:href="#sSpan148" value="79"/>
		<feat xlink:href="#sSpan149" value="80"/>
		<feat xlink:href="#sSpan150" value="81"/>
		<feat xlink:href="#sSpan151" value="82"/>
		<feat xlink:href="#sSpan152" value="83"/>
		<feat xlink:href="#sSpan153" value="84"/>
		<feat xlink:href="#sSpan154" value="85"/>
		<feat xlink:href="#sSpan155" value="86"/>
		<feat xlink:href="#sSpan156" value="87"/>
		<feat xlink:href="#sSpan157" value="88"/>
		<feat xlink:href="#sSpan158" value="89"/>
		<feat xlink:href="#sSpan159" value="90"/>
		<feat xlink:href="#sSpan160" value="91"/>
		<feat xlink:href="#sSpan161" value="92"/>
		<feat xlink:href="#sSpan162" value="93"/>
		<feat xlink:href="#sSpan163" value="94"/>
		<feat xlink:href="#sSpan164" value="95"/>
		<feat xlink:href="#sSpan165" value="96"/>
		<feat xlink:href="#sSpan166" value="97"/>
		<feat xlink:href="#sSpan167" value="98"/>
		<feat xlink:href="#sSpan168" value="99"/>
		<feat xlink:href="#sSpan169" value="100"/>
		<feat xlink:href="#sSpan170" value="101"/>
		<feat xlink:href="#sSpan171" value="102"/>
		<feat xlink:href="#sSpan172" value="103"/>
		<feat xlink:href="#sSpan173" value="104"/>
		<feat xlink:href="#sSpan174" value="105"/>
		<feat xlink:href="#sSpan175" value="106"/>
		<feat xlink:href="#sSpan176" value="107"/></featList></paula>