<?xml version='1.0' encoding='UTF-8'?><!DOCTYPE paula SYSTEM "paula_feat.dtd">
<paula version="1.1">
	<header paula_id="rsd.GUM_academic_census.mark_head_tok"/>
	<featList xmlns:xlink="http://www.w3.org/1999/xlink" type="head_tok" xml:base="rsd.GUM_academic_census.mark.xml">
		<feat xlink:href="#sSpan352" value="Introduction"/>
		<feat xlink:href="#sSpan353" value="play"/>
		<feat xlink:href="#sSpan354" value="determining"/>
		<feat xlink:href="#sSpan355" value="establish"/>
		<feat xlink:href="#sSpan356" value="influenced"/>
		<feat xlink:href="#sSpan357" value="diversity"/>
		<feat xlink:href="#sSpan358" value="shows"/>
		<feat xlink:href="#sSpan359" value="lead"/>
		<feat xlink:href="#sSpan360" value="1"/>
		<feat xlink:href="#sSpan361" value="solutions"/>
		<feat xlink:href="#sSpan362" value="3"/>
		<feat xlink:href="#sSpan363" value="pairing"/>
		<feat xlink:href="#sSpan364" value="complement"/>
		<feat xlink:href="#sSpan365" value="shown"/>
		<feat xlink:href="#sSpan366" value="4"/>
		<feat xlink:href="#sSpan367" value="facilitate"/>
		<feat xlink:href="#sSpan368" value="however"/>
		<feat xlink:href="#sSpan369" value="remains"/>
		<feat xlink:href="#sSpan370" value="step"/>
		<feat xlink:href="#sSpan371" value="is"/>
		<feat xlink:href="#sSpan372" value="making"/>
		<feat xlink:href="#sSpan373" value="vary"/>
		<feat xlink:href="#sSpan374" value="issue"/>
		<feat xlink:href="#sSpan375" value="5"/>
		<feat xlink:href="#sSpan376" value="difficult"/>
		<feat xlink:href="#sSpan377" value="6"/>
		<feat xlink:href="#sSpan378" value="organized"/>
		<feat xlink:href="#sSpan379" value="approximates"/>
		<feat xlink:href="#sSpan380" value="7"/>
		<feat xlink:href="#sSpan381" value="hand"/>
		<feat xlink:href="#sSpan382" value="science"/>
		<feat xlink:href="#sSpan383" value="lack"/>
		<feat xlink:href="#sSpan384" value="distributed"/>
		<feat xlink:href="#sSpan385" value="difficult"/>
		<feat xlink:href="#sSpan386" value="tended"/>
		<feat xlink:href="#sSpan387" value="used"/>
		<feat xlink:href="#sSpan388" value="8"/>
		<feat xlink:href="#sSpan389" value="specific"/>
		<feat xlink:href="#sSpan390" value="12"/>
		<feat xlink:href="#sSpan391" value="focused"/>
		<feat xlink:href="#sSpan392" value="17"/>
		<feat xlink:href="#sSpan393" value="useful"/>
		<feat xlink:href="#sSpan394" value="representative"/>
		<feat xlink:href="#sSpan395" value="have"/>
		<feat xlink:href="#sSpan396" value="assembled"/>
		<feat xlink:href="#sSpan397" value="science"/>
		<feat xlink:href="#sSpan398" value="19"/>
		<feat xlink:href="#sSpan399" value="shed"/>
		<feat xlink:href="#sSpan400" value="6"/>
		<feat xlink:href="#sSpan401" value="snapshot"/>
		<feat xlink:href="#sSpan402" value="offers"/>
		<feat xlink:href="#sSpan403" value="available"/>
		<feat xlink:href="#sSpan404" value="Association"/>
		<feat xlink:href="#sSpan405" value="CRA"/>
		<feat xlink:href="#sSpan406" value="documents"/>
		<feat xlink:href="#sSpan407" value="cra.org/resources/taulbee-survey"/>
		<feat xlink:href="#sSpan408" value="provide"/>
		<feat xlink:href="#sSpan409" value="suffer"/>
		<feat xlink:href="#sSpan410" value="subject"/>
		<feat xlink:href="#sSpan411" value="inject"/>
		<feat xlink:href="#sSpan412" value="21"/>
		<feat xlink:href="#sSpan413" value="provides"/>
		<feat xlink:href="#sSpan414" value="make"/>
		<feat xlink:href="#sSpan415" value="23"/>
		<feat xlink:href="#sSpan416" value="washed"/>
		<feat xlink:href="#sSpan417" value="averaging"/>
		<feat xlink:href="#sSpan418" value="masking"/>
		<feat xlink:href="#sSpan419" value="present"/>
		<feat xlink:href="#sSpan420" value="based"/>
		<feat xlink:href="#sSpan421" value="assemble"/>
		<feat xlink:href="#sSpan422" value="using"/>
		<feat xlink:href="#sSpan423" value="efficient"/>
		<feat xlink:href="#sSpan424" value="adapted"/>
		<feat xlink:href="#sSpan425" value="used"/>
		<feat xlink:href="#sSpan426" value="capable"/>
		<feat xlink:href="#sSpan427" value="collecting"/>
		<feat xlink:href="#sSpan428" value="using"/>
		<feat xlink:href="#sSpan429" value="improvement"/>
		<feat xlink:href="#sSpan430" value="required"/>
		<feat xlink:href="#sSpan431" value="do"/>
		<feat xlink:href="#sSpan432" value="19"/>
		<feat xlink:href="#sSpan433" value="assembling"/>
		<feat xlink:href="#sSpan434" value="facilitate"/>
		<feat xlink:href="#sSpan435" value="providing"/>
		<feat xlink:href="#sSpan436" value="having"/>
		<feat xlink:href="#sSpan437" value="used"/>
		<feat xlink:href="#sSpan438" value="study"/>
		<feat xlink:href="#sSpan439" value="valuable"/>
		<feat xlink:href="#sSpan440" value="evaluating"/>
		<feat xlink:href="#sSpan441" value="meant"/>
		<feat xlink:href="#sSpan442" value="applied"/>
		<feat xlink:href="#sSpan443" value="elucidate"/>
		<feat xlink:href="#sSpan444" value="relate"/>
		<feat xlink:href="#sSpan445" value="benefit"/>
		<feat xlink:href="#sSpan446" value="organized"/>
		<feat xlink:href="#sSpan447" value="begin"/>
		<feat xlink:href="#sSpan448" value="detailing"/>
		<feat xlink:href="#sSpan449" value="present"/>
		<feat xlink:href="#sSpan450" value="demonstrates"/>
		<feat xlink:href="#sSpan451" value="collecting"/>
		<feat xlink:href="#sSpan452" value="comparing"/>
		<feat xlink:href="#sSpan453" value="collected"/>
		<feat xlink:href="#sSpan454" value="19"/>
		<feat xlink:href="#sSpan455" value="provides"/>
		<feat xlink:href="#sSpan456" value="enabled"/>
		<feat xlink:href="#sSpan457" value="uses"/>
		<feat xlink:href="#sSpan458" value="investigate"/></featList></paula>