<?xml version='1.0' encoding='UTF-8'?><!DOCTYPE paula SYSTEM "paula_feat.dtd">
<paula version="1.1">
	<header paula_id="rsd.GUM_academic_census.mark_para"/>
	<featList xmlns:xlink="http://www.w3.org/1999/xlink" type="para" xml:base="rsd.GUM_academic_census.mark.xml">
		<feat xlink:href="#sSpan353" value="para"/>
		<feat xlink:href="#sSpan370" value="para"/>
		<feat xlink:href="#sSpan385" value="para"/>
		<feat xlink:href="#sSpan403" value="para"/>
		<feat xlink:href="#sSpan419" value="para"/>
		<feat xlink:href="#sSpan446" value="para"/></featList></paula>