<?xml version='1.0' encoding='UTF-8'?><!DOCTYPE paula SYSTEM "paula_feat.dtd">
<paula version="1.1">
	<header paula_id="rst.GUM_academic_census.struct_relname"/>
	<featList xmlns:xlink="http://www.w3.org/1999/xlink" type="relname" xml:base="rst.GUM_academic_census.struct.xml">
		<feat xlink:href="#sDomRel38" value="elaboration-additional"/>
		<feat xlink:href="#sDomRel39" value="span"/>
		<feat xlink:href="#sDomRel69" value="elaboration-additional"/>
		<feat xlink:href="#sDomRel70" value="attribution-positive"/>
		<feat xlink:href="#sDomRel71" value="span"/>
		<feat xlink:href="#sDomRel95" value="explanation-evidence"/>
		<feat xlink:href="#sDomRel96" value="span"/>
		<feat xlink:href="#sDomRel109" value="explanation-evidence"/>
		<feat xlink:href="#sDomRel110" value="span"/>
		<feat xlink:href="#sDomRel131" value="elaboration-attribute"/>
		<feat xlink:href="#sDomRel132" value="span"/>
		<feat xlink:href="#sDomRel133" value="same-unit"/>
		<feat xlink:href="#sDomRel134" value="same-unit"/>
		<feat xlink:href="#sDomRel135" value="mode-means"/>
		<feat xlink:href="#sDomRel136" value="attribution-positive"/>
		<feat xlink:href="#sDomRel137" value="span"/>
		<feat xlink:href="#sDomRel138" value="span"/>
		<feat xlink:href="#sDomRel159" value="explanation-evidence"/>
		<feat xlink:href="#sDomRel169" value="span"/>
		<feat xlink:href="#sDomRel170" value="elaboration-attribute"/>
		<feat xlink:href="#sDomRel171" value="span"/>
		<feat xlink:href="#sDomRel172" value="joint-list"/>
		<feat xlink:href="#sDomRel173" value="joint-list"/>
		<feat xlink:href="#sDomRel174" value="span"/>
		<feat xlink:href="#sDomRel175" value="explanation-evidence"/>
		<feat xlink:href="#sDomRel209" value="adversative-concession"/>
		<feat xlink:href="#sDomRel210" value="span"/>
		<feat xlink:href="#sDomRel211" value="span"/>
		<feat xlink:href="#sDomRel212" value="adversative-concession"/>
		<feat xlink:href="#sDomRel213" value="context-background"/>
		<feat xlink:href="#sDomRel214" value="span"/>
		<feat xlink:href="#sDomRel215" value="span"/>
		<feat xlink:href="#sDomRel255" value="purpose-attribute"/>
		<feat xlink:href="#sDomRel305" value="causal-result"/>
		<feat xlink:href="#sDomRel306" value="span"/>
		<feat xlink:href="#sDomRel307" value="joint-list"/>
		<feat xlink:href="#sDomRel308" value="joint-list"/>
		<feat xlink:href="#sDomRel309" value="span"/>
		<feat xlink:href="#sDomRel310" value="adversative-antithesis"/>
		<feat xlink:href="#sDomRel329" value="explanation-evidence"/>
		<feat xlink:href="#sDomRel330" value="span"/>
		<feat xlink:href="#sDomRel356" value="context-circumstance"/>
		<feat xlink:href="#sDomRel357" value="span"/>
		<feat xlink:href="#sDomRel358" value="same-unit"/>
		<feat xlink:href="#sDomRel359" value="explanation-evidence"/>
		<feat xlink:href="#sDomRel360" value="same-unit"/>
		<feat xlink:href="#sDomRel361" value="span"/>
		<feat xlink:href="#sDomRel384" value="elaboration-attribute"/>
		<feat xlink:href="#sDomRel389" value="span"/>
		<feat xlink:href="#sDomRel390" value="explanation-evidence"/>
		<feat xlink:href="#sDomRel391" value="span"/>
		<feat xlink:href="#sDomRel433" value="elaboration-additional"/>
		<feat xlink:href="#sDomRel434" value="span"/>
		<feat xlink:href="#sDomRel435" value="same-unit"/>
		<feat xlink:href="#sDomRel436" value="elaboration-additional"/>
		<feat xlink:href="#sDomRel437" value="same-unit"/>
		<feat xlink:href="#sDomRel438" value="span"/>
		<feat xlink:href="#sDomRel439" value="adversative-contrast"/>
		<feat xlink:href="#sDomRel440" value="adversative-contrast"/>
		<feat xlink:href="#sDomRel471" value="joint-list"/>
		<feat xlink:href="#sDomRel472" value="joint-list"/>
		<feat xlink:href="#sDomRel473" value="explanation-evidence"/>
		<feat xlink:href="#sDomRel474" value="span"/>
		<feat xlink:href="#sDomRel487" value="explanation-evidence"/>
		<feat xlink:href="#sDomRel488" value="span"/>
		<feat xlink:href="#sDomRel489" value="same-unit"/>
		<feat xlink:href="#sDomRel490" value="same-unit"/>
		<feat xlink:href="#sDomRel504" value="explanation-evidence"/>
		<feat xlink:href="#sDomRel505" value="span"/>
		<feat xlink:href="#sDomRel506" value="causal-cause"/>
		<feat xlink:href="#sDomRel507" value="joint-list"/>
		<feat xlink:href="#sDomRel508" value="joint-list"/>
		<feat xlink:href="#sDomRel530" value="causal-result"/>
		<feat xlink:href="#sDomRel531" value="adversative-concession"/>
		<feat xlink:href="#sDomRel532" value="span"/>
		<feat xlink:href="#sDomRel533" value="span"/>
		<feat xlink:href="#sDomRel534" value="span"/>
		<feat xlink:href="#sDomRel535" value="evaluation-comment"/>
		<feat xlink:href="#sDomRel536" value="context-background"/>
		<feat xlink:href="#sDomRel537" value="span"/>
		<feat xlink:href="#sDomRel538" value="span"/>
		<feat xlink:href="#sDomRel568" value="elaboration-additional"/>
		<feat xlink:href="#sDomRel573" value="span"/>
		<feat xlink:href="#sDomRel574" value="explanation-evidence"/>
		<feat xlink:href="#sDomRel602" value="explanation-evidence"/>
		<feat xlink:href="#sDomRel603" value="span"/>
		<feat xlink:href="#sDomRel637" value="causal-result"/>
		<feat xlink:href="#sDomRel638" value="span"/>
		<feat xlink:href="#sDomRel639" value="adversative-contrast"/>
		<feat xlink:href="#sDomRel640" value="adversative-contrast"/>
		<feat xlink:href="#sDomRel641" value="span"/>
		<feat xlink:href="#sDomRel642" value="evaluation-comment"/>
		<feat xlink:href="#sDomRel643" value="span"/>
		<feat xlink:href="#sDomRel644" value="adversative-contrast"/>
		<feat xlink:href="#sDomRel645" value="adversative-contrast"/>
		<feat xlink:href="#sDomRel657" value="restatement-partial"/>
		<feat xlink:href="#sDomRel658" value="span"/>
		<feat xlink:href="#sDomRel682" value="elaboration-additional"/>
		<feat xlink:href="#sDomRel683" value="span"/>
		<feat xlink:href="#sDomRel684" value="same-unit"/>
		<feat xlink:href="#sDomRel685" value="same-unit"/>
		<feat xlink:href="#sDomRel702" value="elaboration-additional"/>
		<feat xlink:href="#sDomRel725" value="adversative-contrast"/>
		<feat xlink:href="#sDomRel726" value="adversative-contrast"/>
		<feat xlink:href="#sDomRel754" value="elaboration-attribute"/>
		<feat xlink:href="#sDomRel761" value="span"/>
		<feat xlink:href="#sDomRel762" value="explanation-evidence"/>
		<feat xlink:href="#sDomRel763" value="span"/>
		<feat xlink:href="#sDomRel787" value="elaboration-additional"/>
		<feat xlink:href="#sDomRel792" value="span"/>
		<feat xlink:href="#sDomRel793" value="explanation-evidence"/>
		<feat xlink:href="#sDomRel812" value="mode-means"/>
		<feat xlink:href="#sDomRel826" value="span"/>
		<feat xlink:href="#sDomRel827" value="causal-result"/>
		<feat xlink:href="#sDomRel828" value="span"/>
		<feat xlink:href="#sDomRel829" value="span"/>
		<feat xlink:href="#sDomRel830" value="explanation-evidence"/>
		<feat xlink:href="#sDomRel831" value="span"/>
		<feat xlink:href="#sDomRel832" value="organization-preparation"/>
		<feat xlink:href="#sDomRel833" value="joint-list"/>
		<feat xlink:href="#sDomRel834" value="joint-list"/>
		<feat xlink:href="#sDomRel835" value="span"/>
		<feat xlink:href="#sDomRel836" value="span"/>
		<feat xlink:href="#sDomRel837" value="evaluation-comment"/>
		<feat xlink:href="#sDomRel838" value="span"/>
		<feat xlink:href="#sDomRel839" value="joint-other"/>
		<feat xlink:href="#sDomRel840" value="joint-other"/>
		<feat xlink:href="#sDomRel841" value="adversative-contrast"/>
		<feat xlink:href="#sDomRel842" value="adversative-contrast"/>
		<feat xlink:href="#sDomRel843" value="context-background"/>
		<feat xlink:href="#sDomRel844" value="span"/>
		<feat xlink:href="#sDomRel845" value="span"/>
		<feat xlink:href="#sDomRel846" value="explanation-justify"/>
		<feat xlink:href="#sDomRel847" value="context-background"/>
		<feat xlink:href="#sDomRel848" value="span"/>
		<feat xlink:href="#sDomRel849" value="span"/>
		<feat xlink:href="#sDomRel886" value="elaboration-attribute"/>
		<feat xlink:href="#sDomRel911" value="mode-means"/>
		<feat xlink:href="#sDomRel912" value="span"/>
		<feat xlink:href="#sDomRel913" value="span"/>
		<feat xlink:href="#sDomRel914" value="elaboration-attribute"/>
		<feat xlink:href="#sDomRel937" value="joint-list"/>
		<feat xlink:href="#sDomRel938" value="joint-list"/>
		<feat xlink:href="#sDomRel939" value="joint-list"/>
		<feat xlink:href="#sDomRel940" value="joint-list"/>
		<feat xlink:href="#sDomRel941" value="span"/>
		<feat xlink:href="#sDomRel942" value="evaluation-comment"/>
		<feat xlink:href="#sDomRel974" value="mode-means"/>
		<feat xlink:href="#sDomRel982" value="purpose-goal"/>
		<feat xlink:href="#sDomRel983" value="span"/>
		<feat xlink:href="#sDomRel992" value="elaboration-attribute"/>
		<feat xlink:href="#sDomRel993" value="span"/>
		<feat xlink:href="#sDomRel994" value="span"/>
		<feat xlink:href="#sDomRel995" value="evaluation-comment"/>
		<feat xlink:href="#sDomRel996" value="explanation-evidence"/>
		<feat xlink:href="#sDomRel997" value="span"/>
		<feat xlink:href="#sDomRel1032" value="mode-means"/>
		<feat xlink:href="#sDomRel1043" value="span"/>
		<feat xlink:href="#sDomRel1044" value="adversative-antithesis"/>
		<feat xlink:href="#sDomRel1045" value="mode-means"/>
		<feat xlink:href="#sDomRel1046" value="span"/>
		<feat xlink:href="#sDomRel1047" value="span"/>
		<feat xlink:href="#sDomRel1048" value="span"/>
		<feat xlink:href="#sDomRel1049" value="elaboration-additional"/>
		<feat xlink:href="#sDomRel1050" value="span"/>
		<feat xlink:href="#sDomRel1069" value="purpose-goal"/>
		<feat xlink:href="#sDomRel1086" value="elaboration-attribute"/>
		<feat xlink:href="#sDomRel1087" value="span"/>
		<feat xlink:href="#sDomRel1092" value="purpose-goal"/>
		<feat xlink:href="#sDomRel1093" value="span"/>
		<feat xlink:href="#sDomRel1094" value="span"/>
		<feat xlink:href="#sDomRel1095" value="evaluation-comment"/>
		<feat xlink:href="#sDomRel1096" value="span"/>
		<feat xlink:href="#sDomRel1126" value="context-circumstance"/>
		<feat xlink:href="#sDomRel1127" value="joint-list"/>
		<feat xlink:href="#sDomRel1128" value="joint-list"/>
		<feat xlink:href="#sDomRel1129" value="span"/>
		<feat xlink:href="#sDomRel1130" value="adversative-contrast"/>
		<feat xlink:href="#sDomRel1131" value="adversative-contrast"/>
		<feat xlink:href="#sDomRel1132" value="joint-list"/>
		<feat xlink:href="#sDomRel1133" value="joint-list"/>
		<feat xlink:href="#sDomRel1134" value="joint-list"/>
		<feat xlink:href="#sDomRel1135" value="span"/>
		<feat xlink:href="#sDomRel1136" value="elaboration-additional"/>
		<feat xlink:href="#sDomRel1137" value="evaluation-comment"/>
		<feat xlink:href="#sDomRel1138" value="span"/>
		<feat xlink:href="#sDomRel1160" value="mode-means"/>
		<feat xlink:href="#sDomRel1161" value="span"/>
		<feat xlink:href="#sDomRel1179" value="explanation-evidence"/>
		<feat xlink:href="#sDomRel1180" value="span"/>
		<feat xlink:href="#sDomRel1191" value="elaboration-attribute"/>
		<feat xlink:href="#sDomRel1192" value="span"/>
		<feat xlink:href="#sDomRel1193" value="joint-sequence"/>
		<feat xlink:href="#sDomRel1194" value="joint-sequence"/>
		<feat xlink:href="#sDomRel1205" value="mode-means"/>
		<feat xlink:href="#sDomRel1206" value="span"/>
		<feat xlink:href="#sDomRel1221" value="elaboration-attribute"/>
		<feat xlink:href="#sDomRel1241" value="purpose-goal"/>
		<feat xlink:href="#sDomRel1242" value="span"/>
		<feat xlink:href="#sDomRel1243" value="span"/>
		<feat xlink:href="#sDomRel1244" value="elaboration-additional"/>
		<feat xlink:href="#sDomRel1245" value="span"/>
		<feat xlink:href="#sDomRel1246" value="joint-sequence"/>
		<feat xlink:href="#sDomRel1247" value="joint-sequence"/>
		<feat xlink:href="#sDomRel1261" value="elaboration-additional"/>
		<feat xlink:href="#sDomRel1262" value="span"/>
		<feat xlink:href="#sDomRel1263" value="organization-preparation"/>
		<feat xlink:href="#sDomRel1264" value="joint-sequence"/>
		<feat xlink:href="#sDomRel1265" value="joint-sequence"/>
		<feat xlink:href="#sDomRel1266" value="span"/>
		<feat xlink:href="#sDomRel1267" value="span"/>
		<feat xlink:href="#sDomRel1268" value="elaboration-additional"/>
		<feat xlink:href="#sDomRel1269" value="context-background"/>
		<feat xlink:href="#sDomRel1270" value="span"/>
		<feat xlink:href="#sDomRel1271" value="organization-heading"/>
		<feat xlink:href="#sDomRel1272" value="span"/>
		<feat xlink:href="#sDomRel1273" value="span"/></featList></paula>