<?xml version='1.0' encoding='UTF-8'?><!DOCTYPE paula SYSTEM "paula_feat.dtd">
<paula version="1.1">
	<header paula_id="rst.GUM_academic_census.struct_relname"/>
	<featList xmlns:xlink="http://www.w3.org/1999/xlink" type="relname" xml:base="rst.GUM_academic_census.struct.xml">
		<feat xlink:href="#sDomRel1897" value="elaboration-additional"/>
		<feat xlink:href="#sDomRel1898" value="span"/>
		<feat xlink:href="#sDomRel1928" value="elaboration-additional"/>
		<feat xlink:href="#sDomRel1929" value="attribution-positive"/>
		<feat xlink:href="#sDomRel1930" value="span"/>
		<feat xlink:href="#sDomRel1954" value="explanation-evidence"/>
		<feat xlink:href="#sDomRel1955" value="span"/>
		<feat xlink:href="#sDomRel1968" value="explanation-evidence"/>
		<feat xlink:href="#sDomRel1969" value="span"/>
		<feat xlink:href="#sDomRel1990" value="elaboration-attribute"/>
		<feat xlink:href="#sDomRel1991" value="span"/>
		<feat xlink:href="#sDomRel1992" value="same-unit"/>
		<feat xlink:href="#sDomRel1993" value="same-unit"/>
		<feat xlink:href="#sDomRel1994" value="mode-means"/>
		<feat xlink:href="#sDomRel1995" value="attribution-positive"/>
		<feat xlink:href="#sDomRel1996" value="span"/>
		<feat xlink:href="#sDomRel1997" value="span"/>
		<feat xlink:href="#sDomRel2018" value="explanation-evidence"/>
		<feat xlink:href="#sDomRel2028" value="span"/>
		<feat xlink:href="#sDomRel2029" value="elaboration-attribute"/>
		<feat xlink:href="#sDomRel2030" value="span"/>
		<feat xlink:href="#sDomRel2031" value="joint-list"/>
		<feat xlink:href="#sDomRel2032" value="joint-list"/>
		<feat xlink:href="#sDomRel2033" value="span"/>
		<feat xlink:href="#sDomRel2034" value="explanation-evidence"/>
		<feat xlink:href="#sDomRel2068" value="adversative-concession"/>
		<feat xlink:href="#sDomRel2069" value="span"/>
		<feat xlink:href="#sDomRel2070" value="span"/>
		<feat xlink:href="#sDomRel2071" value="adversative-concession"/>
		<feat xlink:href="#sDomRel2072" value="context-background"/>
		<feat xlink:href="#sDomRel2073" value="span"/>
		<feat xlink:href="#sDomRel2074" value="span"/>
		<feat xlink:href="#sDomRel2114" value="purpose-attribute"/>
		<feat xlink:href="#sDomRel2164" value="causal-result"/>
		<feat xlink:href="#sDomRel2165" value="span"/>
		<feat xlink:href="#sDomRel2166" value="joint-list"/>
		<feat xlink:href="#sDomRel2167" value="joint-list"/>
		<feat xlink:href="#sDomRel2168" value="span"/>
		<feat xlink:href="#sDomRel2169" value="adversative-antithesis"/>
		<feat xlink:href="#sDomRel2188" value="explanation-evidence"/>
		<feat xlink:href="#sDomRel2189" value="span"/>
		<feat xlink:href="#sDomRel2215" value="context-circumstance"/>
		<feat xlink:href="#sDomRel2216" value="span"/>
		<feat xlink:href="#sDomRel2217" value="same-unit"/>
		<feat xlink:href="#sDomRel2218" value="explanation-evidence"/>
		<feat xlink:href="#sDomRel2219" value="same-unit"/>
		<feat xlink:href="#sDomRel2220" value="span"/>
		<feat xlink:href="#sDomRel2243" value="elaboration-attribute"/>
		<feat xlink:href="#sDomRel2248" value="span"/>
		<feat xlink:href="#sDomRel2249" value="explanation-evidence"/>
		<feat xlink:href="#sDomRel2250" value="span"/>
		<feat xlink:href="#sDomRel2292" value="elaboration-additional"/>
		<feat xlink:href="#sDomRel2293" value="span"/>
		<feat xlink:href="#sDomRel2294" value="same-unit"/>
		<feat xlink:href="#sDomRel2295" value="elaboration-additional"/>
		<feat xlink:href="#sDomRel2296" value="same-unit"/>
		<feat xlink:href="#sDomRel2297" value="span"/>
		<feat xlink:href="#sDomRel2298" value="adversative-contrast"/>
		<feat xlink:href="#sDomRel2299" value="adversative-contrast"/>
		<feat xlink:href="#sDomRel2330" value="joint-list"/>
		<feat xlink:href="#sDomRel2331" value="joint-list"/>
		<feat xlink:href="#sDomRel2332" value="explanation-evidence"/>
		<feat xlink:href="#sDomRel2333" value="span"/>
		<feat xlink:href="#sDomRel2346" value="explanation-evidence"/>
		<feat xlink:href="#sDomRel2347" value="span"/>
		<feat xlink:href="#sDomRel2348" value="same-unit"/>
		<feat xlink:href="#sDomRel2349" value="same-unit"/>
		<feat xlink:href="#sDomRel2363" value="explanation-evidence"/>
		<feat xlink:href="#sDomRel2364" value="span"/>
		<feat xlink:href="#sDomRel2365" value="causal-cause"/>
		<feat xlink:href="#sDomRel2366" value="joint-list"/>
		<feat xlink:href="#sDomRel2367" value="joint-list"/>
		<feat xlink:href="#sDomRel2389" value="causal-result"/>
		<feat xlink:href="#sDomRel2390" value="adversative-concession"/>
		<feat xlink:href="#sDomRel2391" value="span"/>
		<feat xlink:href="#sDomRel2392" value="span"/>
		<feat xlink:href="#sDomRel2393" value="span"/>
		<feat xlink:href="#sDomRel2394" value="evaluation-comment"/>
		<feat xlink:href="#sDomRel2395" value="context-background"/>
		<feat xlink:href="#sDomRel2396" value="span"/>
		<feat xlink:href="#sDomRel2397" value="span"/>
		<feat xlink:href="#sDomRel2427" value="elaboration-additional"/>
		<feat xlink:href="#sDomRel2432" value="span"/>
		<feat xlink:href="#sDomRel2433" value="explanation-evidence"/>
		<feat xlink:href="#sDomRel2461" value="explanation-evidence"/>
		<feat xlink:href="#sDomRel2462" value="span"/>
		<feat xlink:href="#sDomRel2496" value="causal-result"/>
		<feat xlink:href="#sDomRel2497" value="span"/>
		<feat xlink:href="#sDomRel2498" value="adversative-contrast"/>
		<feat xlink:href="#sDomRel2499" value="adversative-contrast"/>
		<feat xlink:href="#sDomRel2500" value="span"/>
		<feat xlink:href="#sDomRel2501" value="evaluation-comment"/>
		<feat xlink:href="#sDomRel2502" value="span"/>
		<feat xlink:href="#sDomRel2503" value="adversative-contrast"/>
		<feat xlink:href="#sDomRel2504" value="adversative-contrast"/>
		<feat xlink:href="#sDomRel2516" value="restatement-partial"/>
		<feat xlink:href="#sDomRel2517" value="span"/>
		<feat xlink:href="#sDomRel2541" value="elaboration-additional"/>
		<feat xlink:href="#sDomRel2542" value="span"/>
		<feat xlink:href="#sDomRel2543" value="same-unit"/>
		<feat xlink:href="#sDomRel2544" value="same-unit"/>
		<feat xlink:href="#sDomRel2561" value="elaboration-additional"/>
		<feat xlink:href="#sDomRel2584" value="adversative-contrast"/>
		<feat xlink:href="#sDomRel2585" value="adversative-contrast"/>
		<feat xlink:href="#sDomRel2613" value="elaboration-attribute"/>
		<feat xlink:href="#sDomRel2620" value="span"/>
		<feat xlink:href="#sDomRel2621" value="explanation-evidence"/>
		<feat xlink:href="#sDomRel2622" value="span"/>
		<feat xlink:href="#sDomRel2646" value="elaboration-additional"/>
		<feat xlink:href="#sDomRel2651" value="span"/>
		<feat xlink:href="#sDomRel2652" value="explanation-evidence"/>
		<feat xlink:href="#sDomRel2671" value="mode-means"/>
		<feat xlink:href="#sDomRel2685" value="span"/>
		<feat xlink:href="#sDomRel2686" value="causal-result"/>
		<feat xlink:href="#sDomRel2687" value="span"/>
		<feat xlink:href="#sDomRel2688" value="span"/>
		<feat xlink:href="#sDomRel2689" value="explanation-evidence"/>
		<feat xlink:href="#sDomRel2690" value="span"/>
		<feat xlink:href="#sDomRel2691" value="organization-preparation"/>
		<feat xlink:href="#sDomRel2692" value="joint-list"/>
		<feat xlink:href="#sDomRel2693" value="joint-list"/>
		<feat xlink:href="#sDomRel2694" value="span"/>
		<feat xlink:href="#sDomRel2695" value="span"/>
		<feat xlink:href="#sDomRel2696" value="evaluation-comment"/>
		<feat xlink:href="#sDomRel2697" value="span"/>
		<feat xlink:href="#sDomRel2698" value="joint-other"/>
		<feat xlink:href="#sDomRel2699" value="joint-other"/>
		<feat xlink:href="#sDomRel2700" value="adversative-contrast"/>
		<feat xlink:href="#sDomRel2701" value="adversative-contrast"/>
		<feat xlink:href="#sDomRel2702" value="context-background"/>
		<feat xlink:href="#sDomRel2703" value="span"/>
		<feat xlink:href="#sDomRel2704" value="span"/>
		<feat xlink:href="#sDomRel2705" value="explanation-justify"/>
		<feat xlink:href="#sDomRel2706" value="context-background"/>
		<feat xlink:href="#sDomRel2707" value="span"/>
		<feat xlink:href="#sDomRel2708" value="span"/>
		<feat xlink:href="#sDomRel2745" value="elaboration-attribute"/>
		<feat xlink:href="#sDomRel2770" value="mode-means"/>
		<feat xlink:href="#sDomRel2771" value="span"/>
		<feat xlink:href="#sDomRel2772" value="span"/>
		<feat xlink:href="#sDomRel2773" value="elaboration-attribute"/>
		<feat xlink:href="#sDomRel2796" value="joint-list"/>
		<feat xlink:href="#sDomRel2797" value="joint-list"/>
		<feat xlink:href="#sDomRel2798" value="joint-list"/>
		<feat xlink:href="#sDomRel2799" value="joint-list"/>
		<feat xlink:href="#sDomRel2800" value="span"/>
		<feat xlink:href="#sDomRel2801" value="evaluation-comment"/>
		<feat xlink:href="#sDomRel2833" value="mode-means"/>
		<feat xlink:href="#sDomRel2841" value="purpose-goal"/>
		<feat xlink:href="#sDomRel2842" value="span"/>
		<feat xlink:href="#sDomRel2851" value="elaboration-attribute"/>
		<feat xlink:href="#sDomRel2852" value="span"/>
		<feat xlink:href="#sDomRel2853" value="span"/>
		<feat xlink:href="#sDomRel2854" value="evaluation-comment"/>
		<feat xlink:href="#sDomRel2855" value="explanation-evidence"/>
		<feat xlink:href="#sDomRel2856" value="span"/>
		<feat xlink:href="#sDomRel2891" value="mode-means"/>
		<feat xlink:href="#sDomRel2902" value="span"/>
		<feat xlink:href="#sDomRel2903" value="adversative-antithesis"/>
		<feat xlink:href="#sDomRel2904" value="mode-means"/>
		<feat xlink:href="#sDomRel2905" value="span"/>
		<feat xlink:href="#sDomRel2906" value="span"/>
		<feat xlink:href="#sDomRel2907" value="span"/>
		<feat xlink:href="#sDomRel2908" value="elaboration-additional"/>
		<feat xlink:href="#sDomRel2909" value="span"/>
		<feat xlink:href="#sDomRel2928" value="purpose-goal"/>
		<feat xlink:href="#sDomRel2945" value="elaboration-attribute"/>
		<feat xlink:href="#sDomRel2946" value="span"/>
		<feat xlink:href="#sDomRel2951" value="purpose-goal"/>
		<feat xlink:href="#sDomRel2952" value="span"/>
		<feat xlink:href="#sDomRel2953" value="span"/>
		<feat xlink:href="#sDomRel2954" value="evaluation-comment"/>
		<feat xlink:href="#sDomRel2955" value="span"/>
		<feat xlink:href="#sDomRel2985" value="context-circumstance"/>
		<feat xlink:href="#sDomRel2986" value="joint-list"/>
		<feat xlink:href="#sDomRel2987" value="joint-list"/>
		<feat xlink:href="#sDomRel2988" value="span"/>
		<feat xlink:href="#sDomRel2989" value="adversative-contrast"/>
		<feat xlink:href="#sDomRel2990" value="adversative-contrast"/>
		<feat xlink:href="#sDomRel2991" value="joint-list"/>
		<feat xlink:href="#sDomRel2992" value="joint-list"/>
		<feat xlink:href="#sDomRel2993" value="joint-list"/>
		<feat xlink:href="#sDomRel2994" value="span"/>
		<feat xlink:href="#sDomRel2995" value="elaboration-additional"/>
		<feat xlink:href="#sDomRel2996" value="evaluation-comment"/>
		<feat xlink:href="#sDomRel2997" value="span"/>
		<feat xlink:href="#sDomRel3019" value="mode-means"/>
		<feat xlink:href="#sDomRel3020" value="span"/>
		<feat xlink:href="#sDomRel3038" value="explanation-evidence"/>
		<feat xlink:href="#sDomRel3039" value="span"/>
		<feat xlink:href="#sDomRel3050" value="elaboration-attribute"/>
		<feat xlink:href="#sDomRel3051" value="span"/>
		<feat xlink:href="#sDomRel3052" value="joint-sequence"/>
		<feat xlink:href="#sDomRel3053" value="joint-sequence"/>
		<feat xlink:href="#sDomRel3064" value="mode-means"/>
		<feat xlink:href="#sDomRel3065" value="span"/>
		<feat xlink:href="#sDomRel3080" value="elaboration-attribute"/>
		<feat xlink:href="#sDomRel3100" value="purpose-goal"/>
		<feat xlink:href="#sDomRel3101" value="span"/>
		<feat xlink:href="#sDomRel3102" value="span"/>
		<feat xlink:href="#sDomRel3103" value="elaboration-additional"/>
		<feat xlink:href="#sDomRel3104" value="span"/>
		<feat xlink:href="#sDomRel3105" value="joint-sequence"/>
		<feat xlink:href="#sDomRel3106" value="joint-sequence"/>
		<feat xlink:href="#sDomRel3120" value="elaboration-additional"/>
		<feat xlink:href="#sDomRel3121" value="span"/>
		<feat xlink:href="#sDomRel3122" value="organization-preparation"/>
		<feat xlink:href="#sDomRel3123" value="joint-sequence"/>
		<feat xlink:href="#sDomRel3124" value="joint-sequence"/>
		<feat xlink:href="#sDomRel3125" value="span"/>
		<feat xlink:href="#sDomRel3126" value="span"/>
		<feat xlink:href="#sDomRel3127" value="elaboration-additional"/>
		<feat xlink:href="#sDomRel3128" value="context-background"/>
		<feat xlink:href="#sDomRel3129" value="span"/>
		<feat xlink:href="#sDomRel3130" value="organization-heading"/>
		<feat xlink:href="#sDomRel3131" value="span"/>
		<feat xlink:href="#sDomRel3132" value="span"/>
		<feat xlink:href="#structure1057" value="restatement-partial"/>
		<feat xlink:href="#structure1058" value="elaboration-additional"/>
		<feat xlink:href="#structure1059" value="adversative-antithesis"/>
		<feat xlink:href="#structure1060" value="adversative-antithesis"/></featList></paula>