<?xml version='1.0' encoding='UTF-8'?><!DOCTYPE paula SYSTEM "paula_feat.dtd">
<paula version="1.1">
	<header paula_id="tei.GUM_academic_census.mark_ref"/>
	<featList xmlns:xlink="http://www.w3.org/1999/xlink" type="ref" xml:base="tei.GUM_academic_census.mark.xml">
		<feat xlink:href="#sSpan393" value="ref"/>
		<feat xlink:href="#sSpan394" value="ref"/>
		<feat xlink:href="#sSpan395" value="ref"/>
		<feat xlink:href="#sSpan397" value="ref"/>
		<feat xlink:href="#sSpan404" value="ref"/>
		<feat xlink:href="#sSpan405" value="ref"/>
		<feat xlink:href="#sSpan407" value="ref"/>
		<feat xlink:href="#sSpan411" value="ref"/>
		<feat xlink:href="#sSpan412" value="ref"/>
		<feat xlink:href="#sSpan413" value="ref"/>
		<feat xlink:href="#sSpan414" value="ref"/>
		<feat xlink:href="#sSpan415" value="ref"/>
		<feat xlink:href="#sSpan416" value="ref"/>
		<feat xlink:href="#sSpan419" value="ref"/>
		<feat xlink:href="#sSpan421" value="ref"/>
		<feat xlink:href="#sSpan422" value="ref"/>
		<feat xlink:href="#sSpan423" value="ref"/>
		<feat xlink:href="#sSpan428" value="ref"/>
		<feat xlink:href="#sSpan431" value="ref"/>
		<feat xlink:href="#sSpan432" value="ref"/>
		<feat xlink:href="#sSpan434" value="ref"/>
		<feat xlink:href="#sSpan440" value="ref"/>
		<feat xlink:href="#sSpan451" value="ref"/></featList></paula>