<?xml version='1.0' encoding='UTF-8'?><!DOCTYPE paula SYSTEM "paula_feat.dtd">
<paula version="1.1">
	<header paula_id="bridge.GUM_academic_discrimination.bridge_type"/>
	<featList xmlns:xlink="http://www.w3.org/1999/xlink" type="type" xml:base="bridge.GUM_academic_discrimination.bridge.xml">
		<feat xlink:href="#sPointingRel1421_11898" value="bridge:other"/>
		<feat xlink:href="#sPointingRel1423_11899" value="bridge:other"/>
		<feat xlink:href="#sPointingRel1425_11900" value="bridge:def"/>
		<feat xlink:href="#sPointingRel1427" value="bridge:def"/>
		<feat xlink:href="#sPointingRel1429" value="bridge:def"/>
		<feat xlink:href="#sPointingRel1431" value="bridge:def"/></featList></paula>