<?xml version='1.0' encoding='UTF-8'?><!DOCTYPE paula SYSTEM "paula_feat.dtd">
<paula version="1.1">
	<header paula_id="bridge.GUM_academic_discrimination.bridge_type"/>
	<featList xmlns:xlink="http://www.w3.org/1999/xlink" type="type" xml:base="bridge.GUM_academic_discrimination.bridge.xml">
		<feat xlink:href="#sPointingRel1420_11883" value="bridge:def"/>
		<feat xlink:href="#sPointingRel1422_11884" value="bridge:def"/>
		<feat xlink:href="#sPointingRel1424_11885" value="bridge:def"/>
		<feat xlink:href="#sPointingRel1426" value="bridge:other"/>
		<feat xlink:href="#sPointingRel1428" value="bridge:def"/>
		<feat xlink:href="#sPointingRel1430" value="bridge:other"/></featList></paula>