<?xml version='1.0' encoding='UTF-8'?><!DOCTYPE paula SYSTEM "paula_feat.dtd">
<paula version="1.1">
	<header paula_id="edep.GUM_academic_discrimination.edep_func"/>
	<featList xmlns:xlink="http://www.w3.org/1999/xlink" type="func" xml:base="edep.GUM_academic_discrimination.edep.xml">
		<feat xlink:href="#sPointingRel4" value="nmod:of"/>
		<feat xlink:href="#sPointingRel8" value="nmod:across"/>
		<feat xlink:href="#sPointingRel12" value="nmod:in"/>
		<feat xlink:href="#sPointingRel19" value="nmod:from"/>
		<feat xlink:href="#sPointingRel22" value="nmod:of"/>
		<feat xlink:href="#sPointingRel28" value="nmod:of"/>
		<feat xlink:href="#sPointingRel31" value="nmod:of"/>
		<feat xlink:href="#sPointingRel32" value="conj:and"/>
		<feat xlink:href="#sPointingRel41" value="nmod:of"/>
		<feat xlink:href="#sPointingRel47" value="nmod:minus"/>
		<feat xlink:href="#sPointingRel56" value="nmod:of"/>
		<feat xlink:href="#sPointingRel61" value="nmod:to"/>
		<feat xlink:href="#sPointingRel69" value="nsubj"/>
		<feat xlink:href="#sPointingRel71" value="ref"/>
		<feat xlink:href="#sPointingRel76" value="conj:and"/>
		<feat xlink:href="#sPointingRel77" value="amod"/>
		<feat xlink:href="#sPointingRel90" value="nmod:of"/>
		<feat xlink:href="#sPointingRel95" value="nmod:to"/>
		<feat xlink:href="#sPointingRel113" value="conj:slash"/>
		<feat xlink:href="#sPointingRel114" value="compound"/>
		<feat xlink:href="#sPointingRel120" value="obl:across"/>
		<feat xlink:href="#sPointingRel124" value="nmod:of"/>
		<feat xlink:href="#sPointingRel132" value="obl:in"/>
		<feat xlink:href="#sPointingRel140" value="nmod:of"/>
		<feat xlink:href="#sPointingRel146" value="obj"/>
		<feat xlink:href="#sPointingRel147" value="conj:and"/>
		<feat xlink:href="#sPointingRel150" value="nmod:of"/>
		<feat xlink:href="#sPointingRel153" value="nmod:of"/>
		<feat xlink:href="#sPointingRel154" value="conj:and"/>
		<feat xlink:href="#sPointingRel167" value="obl:in"/>
		<feat xlink:href="#sPointingRel170" value="nmod:of"/>
		<feat xlink:href="#sPointingRel176" value="acl:to"/>
		<feat xlink:href="#sPointingRel182" value="advcl:at"/>
		<feat xlink:href="#sPointingRel188" value="nmod:of"/>
		<feat xlink:href="#sPointingRel193" value="nsubj:xsubj"/>
		<feat xlink:href="#sPointingRel197" value="nmod:in"/>
		<feat xlink:href="#sPointingRel201" value="nmod:for"/>
		<feat xlink:href="#sPointingRel210" value="obl:in"/>
		<feat xlink:href="#sPointingRel213" value="advcl:by"/>
		<feat xlink:href="#sPointingRel218" value="nmod:of"/>
		<feat xlink:href="#sPointingRel222" value="nmod:regarding"/>
		<feat xlink:href="#sPointingRel238" value="nmod:of"/>
		<feat xlink:href="#sPointingRel243" value="obl:in"/>
		<feat xlink:href="#sPointingRel248" value="conj:and"/>
		<feat xlink:href="#sPointingRel249" value="nsubj"/>
		<feat xlink:href="#sPointingRel254" value="nmod:at"/>
		<feat xlink:href="#sPointingRel259" value="obl:to"/>
		<feat xlink:href="#sPointingRel262" value="acl:that"/>
		<feat xlink:href="#sPointingRel266" value="obl:in"/>
		<feat xlink:href="#sPointingRel272" value="nsubj:xsubj"/>
		<feat xlink:href="#sPointingRel276" value="nmod:of"/>
		<feat xlink:href="#sPointingRel280" value="nmod:of"/>
		<feat xlink:href="#sPointingRel288" value="nmod:to"/>
		<feat xlink:href="#sPointingRel299" value="nmod:by"/>
		<feat xlink:href="#sPointingRel302" value="nmod:by"/>
		<feat xlink:href="#sPointingRel303" value="conj:and"/>
		<feat xlink:href="#sPointingRel315" value="nmod:of"/>
		<feat xlink:href="#sPointingRel321" value="nmod:in"/>
		<feat xlink:href="#sPointingRel329" value="nmod:of"/>
		<feat xlink:href="#sPointingRel335" value="nmod:of"/>
		<feat xlink:href="#sPointingRel343" value="obj"/>
		<feat xlink:href="#sPointingRel344" value="conj:et"/>
		<feat xlink:href="#sPointingRel353" value="nsubj:xsubj"/>
		<feat xlink:href="#sPointingRel359" value="obl:on"/>
		<feat xlink:href="#sPointingRel362" value="advcl:by"/>
		<feat xlink:href="#sPointingRel368" value="nmod:of"/>
		<feat xlink:href="#sPointingRel376" value="nmod:among"/>
		<feat xlink:href="#sPointingRel379" value="nmod:of"/>
		<feat xlink:href="#sPointingRel384" value="nmod:from"/>
		<feat xlink:href="#sPointingRel397" value="nmod:for"/>
		<feat xlink:href="#sPointingRel401" value="nmod:for"/>
		<feat xlink:href="#sPointingRel405" value="nsubj"/>
		<feat xlink:href="#sPointingRel407" value="ref"/>
		<feat xlink:href="#sPointingRel417" value="nsubj"/>
		<feat xlink:href="#sPointingRel419" value="ref"/>
		<feat xlink:href="#sPointingRel423" value="obl:with"/>
		<feat xlink:href="#sPointingRel426" value="obl:with"/>
		<feat xlink:href="#sPointingRel427" value="conj:or"/>
		<feat xlink:href="#sPointingRel433" value="obl:to"/>
		<feat xlink:href="#sPointingRel453" value="nmod:for"/>
		<feat xlink:href="#sPointingRel457" value="nsubj:xsubj"/>
		<feat xlink:href="#sPointingRel466" value="obl:from"/>
		<feat xlink:href="#sPointingRel472" value="obl:for"/>
		<feat xlink:href="#sPointingRel482" value="obl:into"/>
		<feat xlink:href="#sPointingRel490" value="conj:slash"/>
		<feat xlink:href="#sPointingRel494" value="conj:slash"/>
		<feat xlink:href="#sPointingRel501" value="conj:or"/>
		<feat xlink:href="#sPointingRel507" value="conj:or"/>
		<feat xlink:href="#sPointingRel520" value="nmod:from"/>
		<feat xlink:href="#sPointingRel525" value="obl:into"/>
		<feat xlink:href="#sPointingRel529" value="obl:for"/>
		<feat xlink:href="#sPointingRel534" value="conj:and"/>
		<feat xlink:href="#sPointingRel538" value="conj"/>
		<feat xlink:href="#sPointingRel539" value="conj:or"/>
		<feat xlink:href="#sPointingRel543" value="conj:and"/>
		<feat xlink:href="#sPointingRel547" value="nmod:of"/>
		<feat xlink:href="#sPointingRel557" value="advcl:because"/>
		<feat xlink:href="#sPointingRel560" value="obl:of"/>
		<feat xlink:href="#sPointingRel561" value="nsubj"/>
		<feat xlink:href="#sPointingRel563" value="ref"/>
		<feat xlink:href="#sPointingRel579" value="obl:in"/>
		<feat xlink:href="#sPointingRel582" value="nmod:of"/>
		<feat xlink:href="#sPointingRel586" value="obl:as"/>
		<feat xlink:href="#sPointingRel601" value="advcl:because"/>
		<feat xlink:href="#sPointingRel607" value="obl:from"/>
		<feat xlink:href="#sPointingRel622" value="obl:during"/>
		<feat xlink:href="#sPointingRel627" value="nsubj:xsubj"/>
		<feat xlink:href="#sPointingRel637" value="conj:rather_than"/>
		<feat xlink:href="#sPointingRel638" value="nsubj:xsubj"/>
		<feat xlink:href="#sPointingRel639" value="nsubj:xsubj"/>
		<feat xlink:href="#sPointingRel663" value="obl:in"/>
		<feat xlink:href="#sPointingRel672" value="conj:but"/>
		<feat xlink:href="#sPointingRel675" value="obl:at"/>
		<feat xlink:href="#sPointingRel681" value="obl:due_to"/>
		<feat xlink:href="#sPointingRel685" value="nmod:of"/>
		<feat xlink:href="#sPointingRel688" value="nsubj:xsubj"/>
		<feat xlink:href="#sPointingRel699" value="obl:from_among"/>
		<feat xlink:href="#sPointingRel704" value="appos"/>
		<feat xlink:href="#sPointingRel705" value="conj:and"/>
		<feat xlink:href="#sPointingRel709" value="conj"/>
		<feat xlink:href="#sPointingRel710" value="conj:or"/>
		<feat xlink:href="#sPointingRel713" value="appos"/>
		<feat xlink:href="#sPointingRel714" value="conj:and"/>
		<feat xlink:href="#sPointingRel718" value="appos"/>
		<feat xlink:href="#sPointingRel719" value="conj:and"/>
		<feat xlink:href="#sPointingRel723" value="conj"/>
		<feat xlink:href="#sPointingRel724" value="conj:or"/>
		<feat xlink:href="#sPointingRel728" value="appos"/>
		<feat xlink:href="#sPointingRel729" value="conj:and"/>
		<feat xlink:href="#sPointingRel733" value="conj"/>
		<feat xlink:href="#sPointingRel734" value="conj:or"/>
		<feat xlink:href="#sPointingRel742" value="acl:to"/>
		<feat xlink:href="#sPointingRel750" value="nsubj"/>
		<feat xlink:href="#sPointingRel752" value="ref"/>
		<feat xlink:href="#sPointingRel756" value="conj:and"/>
		<feat xlink:href="#sPointingRel767" value="acl:regarding"/>
		<feat xlink:href="#sPointingRel776" value="obl:in"/>
		<feat xlink:href="#sPointingRel780" value="nsubj"/>
		<feat xlink:href="#sPointingRel782" value="ref"/>
		<feat xlink:href="#sPointingRel793" value="obl:as"/>
		<feat xlink:href="#sPointingRel800" value="advcl:to"/>
		<feat xlink:href="#sPointingRel806" value="nmod:on"/>
		<feat xlink:href="#sPointingRel810" value="nmod:as"/>
		<feat xlink:href="#sPointingRel827" value="advcl:by"/>
		<feat xlink:href="#sPointingRel835" value="nmod:of"/>
		<feat xlink:href="#sPointingRel840" value="obl:from"/>
		<feat xlink:href="#sPointingRel846" value="obl:from"/>
		<feat xlink:href="#sPointingRel850" value="nmod:of"/>
		<feat xlink:href="#sPointingRel853" value="nmod:at"/>
		<feat xlink:href="#sPointingRel868" value="obl:on"/>
		<feat xlink:href="#sPointingRel872" value="nmod:of"/>
		<feat xlink:href="#sPointingRel875" value="nmod:at"/>
		<feat xlink:href="#sPointingRel879" value="nsubj:xsubj"/>
		<feat xlink:href="#sPointingRel885" value="conj:and"/>
		<feat xlink:href="#sPointingRel906" value="nmod:of"/>
		<feat xlink:href="#sPointingRel910" value="nmod:of"/>
		<feat xlink:href="#sPointingRel911" value="conj:and"/>
		<feat xlink:href="#sPointingRel926" value="nmod:of"/>
		<feat xlink:href="#sPointingRel931" value="nmod:across"/>
		<feat xlink:href="#sPointingRel941" value="nmod:of"/>
		<feat xlink:href="#sPointingRel944" value="nmod:for"/>
		<feat xlink:href="#sPointingRel949" value="nmod:across"/>
		<feat xlink:href="#sPointingRel955" value="advcl:in_order_to"/>
		<feat xlink:href="#sPointingRel974" value="advcl:as"/>
		<feat xlink:href="#sPointingRel980" value="obl:for"/>
		<feat xlink:href="#sPointingRel984" value="nmod:such_as"/>
		<feat xlink:href="#sPointingRel989" value="obl:in"/>
		<feat xlink:href="#sPointingRel1000" value="advcl:when"/>
		<feat xlink:href="#sPointingRel1010" value="nmod:of"/>
		<feat xlink:href="#sPointingRel1013" value="nmod:in"/>
		<feat xlink:href="#sPointingRel1022" value="nmod:of"/>
		<feat xlink:href="#sPointingRel1029" value="obl:into"/>
		<feat xlink:href="#sPointingRel1033" value="nmod:with"/>
		<feat xlink:href="#sPointingRel1036" value="nmod:of"/>
		<feat xlink:href="#sPointingRel1039" value="advcl:by"/>
		<feat xlink:href="#sPointingRel1047" value="conj:and"/>
		<feat xlink:href="#sPointingRel1048" value="compound"/>
		<feat xlink:href="#sPointingRel1056" value="nmod:tmod"/>
		<feat xlink:href="#sPointingRel1078" value="obl:with"/>
		<feat xlink:href="#sPointingRel1086" value="obl:than"/>
		<feat xlink:href="#sPointingRel1091" value="obl:with"/>
		<feat xlink:href="#sPointingRel1098" value="conj:and"/>
		<feat xlink:href="#sPointingRel1099" value="nsubj"/>
		<feat xlink:href="#sPointingRel1103" value="obl:into"/>
		<feat xlink:href="#sPointingRel1110" value="nmod:of"/>
		<feat xlink:href="#sPointingRel1122" value="nmod:of"/>
		<feat xlink:href="#sPointingRel1126" value="nmod:of"/>
		<feat xlink:href="#sPointingRel1132" value="nmod:across"/>
		<feat xlink:href="#sPointingRel1135" value="nmod:for"/>
		<feat xlink:href="#sPointingRel1139" value="advcl:as"/>
		<feat xlink:href="#sPointingRel1150" value="obl:according_to"/>
		<feat xlink:href="#sPointingRel1163" value="conj:and"/>
		<feat xlink:href="#sPointingRel1167" value="obl:for"/>
		<feat xlink:href="#sPointingRel1168" value="nsubj"/>
		<feat xlink:href="#sPointingRel1171" value="obl:for"/>
		<feat xlink:href="#sPointingRel1172" value="conj:and"/>
		<feat xlink:href="#sPointingRel1174" value="ref"/>
		<feat xlink:href="#sPointingRel1194" value="obl:of"/></featList></paula>