<?xml version='1.0' encoding='UTF-8'?><!DOCTYPE paula SYSTEM "paula_feat.dtd">
<paula version="1.1">
	<header paula_id="GUM_academic_discrimination.tok_Cxn"/>
	<featList xmlns:xlink="http://www.w3.org/1999/xlink" type="Cxn" xml:base="GUM_academic_discrimination.tok.xml">
		<feat xlink:href="#sTok376" value="Ditransitive"/>
		<feat xlink:href="#sTok385" value="Interrogative-WHInfo-Direct"/>
		<feat xlink:href="#sTok644" value="Ditransitive"/>
		<feat xlink:href="#sTok659" value="Ditransitive"/>
		<feat xlink:href="#sTok881" value="AdverbialWHClause-Reduced-Active"/></featList></paula>