<?xml version='1.0' encoding='UTF-8'?><!DOCTYPE paula SYSTEM "paula_feat.dtd">
<paula version="1.1">
	<header paula_id="GUM_academic_discrimination.tok_mseg"/>
	<featList xmlns:xlink="http://www.w3.org/1999/xlink" type="mseg" xml:base="GUM_academic_discrimination.tok.xml">
		<feat xlink:href="#sTok1" value="_"/>
		<feat xlink:href="#sTok2" value="preval-ence"/>
		<feat xlink:href="#sTok2" value="preval-ence"/>
		<feat xlink:href="#sTok3" value="_"/>
		<feat xlink:href="#sTok4" value="discriminat-ion"/>
		<feat xlink:href="#sTok4" value="discriminat-ion"/>
		<feat xlink:href="#sTok5" value="a-cross"/>
		<feat xlink:href="#sTok5" value="a-cross"/>
		<feat xlink:href="#sTok6" value="rac-ial"/>
		<feat xlink:href="#sTok6" value="rac-ial"/>
		<feat xlink:href="#sTok7" value="group-s"/>
		<feat xlink:href="#sTok7" value="group-s"/>
		<feat xlink:href="#sTok8" value="_"/>
		<feat xlink:href="#sTok9" value="contempor-ary"/>
		<feat xlink:href="#sTok9" value="contempor-ary"/>
		<feat xlink:href="#sTok10" value="_"/>
		<feat xlink:href="#sTok11" value="_"/>
		<feat xlink:href="#sTok12" value="Result-s"/>
		<feat xlink:href="#sTok12" value="Result-s"/>
		<feat xlink:href="#sTok13" value="_"/>
		<feat xlink:href="#sTok14" value="_"/>
		<feat xlink:href="#sTok15" value="nation-al-ly"/>
		<feat xlink:href="#sTok15" value="nation-al-ly"/>
		<feat xlink:href="#sTok16" value="represent-ative"/>
		<feat xlink:href="#sTok16" value="represent-ative"/>
		<feat xlink:href="#sTok17" value="_"/>
		<feat xlink:href="#sTok18" value="_"/>
		<feat xlink:href="#sTok19" value="adult-s"/>
		<feat xlink:href="#sTok19" value="adult-s"/>
		<feat xlink:href="#sTok20" value="Introduc-tion"/>
		<feat xlink:href="#sTok20" value="Introduc-tion"/>
		<feat xlink:href="#sTok21" value="_"/>
		<feat xlink:href="#sTok22" value="Person-al"/>
		<feat xlink:href="#sTok22" value="Person-al"/>
		<feat xlink:href="#sTok23" value="experience-s"/>
		<feat xlink:href="#sTok23" value="experience-s"/>
		<feat xlink:href="#sTok24" value="_"/>
		<feat xlink:href="#sTok25" value="discriminat-ion"/>
		<feat xlink:href="#sTok25" value="discriminat-ion"/>
		<feat xlink:href="#sTok26" value="_"/>
		<feat xlink:href="#sTok27" value="_"/>
		<feat xlink:href="#sTok28" value="_"/>
		<feat xlink:href="#sTok29" value="_"/>
		<feat xlink:href="#sTok30" value="_"/>
		<feat xlink:href="#sTok31" value="_"/>
		<feat xlink:href="#sTok32" value="_"/>
		<feat xlink:href="#sTok33" value="_"/>
		<feat xlink:href="#sTok34" value="soci-al"/>
		<feat xlink:href="#sTok34" value="soci-al"/>
		<feat xlink:href="#sTok35" value="_"/>
		<feat xlink:href="#sTok36" value="_"/>
		<feat xlink:href="#sTok37" value="_"/>
		<feat xlink:href="#sTok38" value="_"/>
		<feat xlink:href="#sTok39" value="_"/>
		<feat xlink:href="#sTok40" value="_"/>
		<feat xlink:href="#sTok41" value="_"/>
		<feat xlink:href="#sTok42" value="_"/>
		<feat xlink:href="#sTok43" value="Sociolog-ist-s"/>
		<feat xlink:href="#sTok43" value="Sociolog-ist-s"/>
		<feat xlink:href="#sTok44" value="_"/>
		<feat xlink:href="#sTok45" value="explor-ed"/>
		<feat xlink:href="#sTok45" value="explor-ed"/>
		<feat xlink:href="#sTok46" value="_"/>
		<feat xlink:href="#sTok47" value="_"/>
		<feat xlink:href="#sTok48" value="consequ-ence-s"/>
		<feat xlink:href="#sTok48" value="consequ-ence-s"/>
		<feat xlink:href="#sTok49" value="_"/>
		<feat xlink:href="#sTok50" value="discriminat-ion"/>
		<feat xlink:href="#sTok50" value="discriminat-ion"/>
		<feat xlink:href="#sTok51" value="_"/>
		<feat xlink:href="#sTok52" value="_"/>
		<feat xlink:href="#sTok53" value="_"/>
		<feat xlink:href="#sTok54" value="_"/>
		<feat xlink:href="#sTok55" value="_"/>
		<feat xlink:href="#sTok56" value="_"/>
		<feat xlink:href="#sTok57" value="psycholog-ist-s"/>
		<feat xlink:href="#sTok57" value="psycholog-ist-s"/>
		<feat xlink:href="#sTok58" value="_"/>
		<feat xlink:href="#sTok59" value="examin-ed"/>
		<feat xlink:href="#sTok59" value="examin-ed"/>
		<feat xlink:href="#sTok60" value="_"/>
		<feat xlink:href="#sTok61" value="ment-al"/>
		<feat xlink:href="#sTok61" value="ment-al"/>
		<feat xlink:href="#sTok62" value="processe-s"/>
		<feat xlink:href="#sTok62" value="processe-s"/>
		<feat xlink:href="#sTok63" value="_"/>
		<feat xlink:href="#sTok64" value="under-pin"/>
		<feat xlink:href="#sTok64" value="under-pin"/>
		<feat xlink:href="#sTok65" value="_"/>
		<feat xlink:href="#sTok66" value="_"/>
		<feat xlink:href="#sTok67" value="un-conscious"/>
		<feat xlink:href="#sTok67" value="un-conscious"/>
		<feat xlink:href="#sTok68" value="bias-es"/>
		<feat xlink:href="#sTok68" value="bias-es"/>
		<feat xlink:href="#sTok69" value="_"/>
		<feat xlink:href="#sTok70" value="_"/>
		<feat xlink:href="#sTok71" value="_"/>
		<feat xlink:href="#sTok72" value="_"/>
		<feat xlink:href="#sTok73" value="neuro-scient-ist-s"/>
		<feat xlink:href="#sTok73" value="neuro-scient-ist-s"/>
		<feat xlink:href="#sTok74" value="_"/>
		<feat xlink:href="#sTok75" value="examin-ed"/>
		<feat xlink:href="#sTok75" value="examin-ed"/>
		<feat xlink:href="#sTok76" value="_"/>
		<feat xlink:href="#sTok77" value="neuro-bio-log-ic-al"/>
		<feat xlink:href="#sTok77" value="neuro-bio-log-ic-al"/>
		<feat xlink:href="#sTok78" value="under-pinn-ing-s"/>
		<feat xlink:href="#sTok78" value="under-pinn-ing-s"/>
		<feat xlink:href="#sTok79" value="_"/>
		<feat xlink:href="#sTok80" value="discriminat-ion"/>
		<feat xlink:href="#sTok80" value="discriminat-ion"/>
		<feat xlink:href="#sTok81" value="_"/>
		<feat xlink:href="#sTok82" value="_"/>
		<feat xlink:href="#sTok83" value="_"/>
		<feat xlink:href="#sTok84" value="_"/>
		<feat xlink:href="#sTok85" value="_"/>
		<feat xlink:href="#sTok86" value="_"/>
		<feat xlink:href="#sTok87" value="_"/>
		<feat xlink:href="#sTok88" value="evolution-ary"/>
		<feat xlink:href="#sTok88" value="evolution-ary"/>
		<feat xlink:href="#sTok89" value="theor-ist-s"/>
		<feat xlink:href="#sTok89" value="theor-ist-s"/>
		<feat xlink:href="#sTok90" value="_"/>
		<feat xlink:href="#sTok91" value="explor-ed"/>
		<feat xlink:href="#sTok91" value="explor-ed"/>
		<feat xlink:href="#sTok92" value="_"/>
		<feat xlink:href="#sTok93" value="vari-ous"/>
		<feat xlink:href="#sTok93" value="vari-ous"/>
		<feat xlink:href="#sTok94" value="way-s"/>
		<feat xlink:href="#sTok94" value="way-s"/>
		<feat xlink:href="#sTok95" value="_"/>
		<feat xlink:href="#sTok96" value="_"/>
		<feat xlink:href="#sTok97" value="_"/>
		<feat xlink:href="#sTok98" value="_"/>
		<feat xlink:href="#sTok99" value="_"/>
		<feat xlink:href="#sTok100" value="_"/>
		<feat xlink:href="#sTok101" value="_"/>
		<feat xlink:href="#sTok102" value="_"/>
		<feat xlink:href="#sTok103" value="bias-es"/>
		<feat xlink:href="#sTok103" value="bias-es"/>
		<feat xlink:href="#sTok104" value="emerg-ed"/>
		<feat xlink:href="#sTok104" value="emerg-ed"/>
		<feat xlink:href="#sTok105" value="a-cross"/>
		<feat xlink:href="#sTok105" value="a-cross"/>
		<feat xlink:href="#sTok106" value="_"/>
		<feat xlink:href="#sTok107" value="_"/>
		<feat xlink:href="#sTok108" value="_"/>
		<feat xlink:href="#sTok109" value="_"/>
		<feat xlink:href="#sTok110" value="_"/>
		<feat xlink:href="#sTok111" value="_"/>
		<feat xlink:href="#sTok112" value="_"/>
		<feat xlink:href="#sTok113" value="_"/>
		<feat xlink:href="#sTok114" value="_"/>
		<feat xlink:href="#sTok115" value="_"/>
		<feat xlink:href="#sTok116" value="_"/>
		<feat xlink:href="#sTok117" value="respect-s"/>
		<feat xlink:href="#sTok117" value="respect-s"/>
		<feat xlink:href="#sTok118" value="_"/>
		<feat xlink:href="#sTok119" value="research-er-s"/>
		<feat xlink:href="#sTok119" value="research-er-s"/>
		<feat xlink:href="#sTok120" value="al-ready"/>
		<feat xlink:href="#sTok120" value="al-ready"/>
		<feat xlink:href="#sTok121" value="_"/>
		<feat xlink:href="#sTok122" value="_"/>
		<feat xlink:href="#sTok123" value="weal-th"/>
		<feat xlink:href="#sTok123" value="weal-th"/>
		<feat xlink:href="#sTok124" value="_"/>
		<feat xlink:href="#sTok125" value="know-ledge"/>
		<feat xlink:href="#sTok125" value="know-ledge"/>
		<feat xlink:href="#sTok126" value="concern-ing"/>
		<feat xlink:href="#sTok126" value="concern-ing"/>
		<feat xlink:href="#sTok127" value="_"/>
		<feat xlink:href="#sTok128" value="origin-s"/>
		<feat xlink:href="#sTok128" value="origin-s"/>
		<feat xlink:href="#sTok129" value="_"/>
		<feat xlink:href="#sTok130" value="consequ-ence-s"/>
		<feat xlink:href="#sTok130" value="consequ-ence-s"/>
		<feat xlink:href="#sTok131" value="_"/>
		<feat xlink:href="#sTok132" value="discriminat-ion"/>
		<feat xlink:href="#sTok132" value="discriminat-ion"/>
		<feat xlink:href="#sTok133" value="_"/>
		<feat xlink:href="#sTok134" value="_"/>
		<feat xlink:href="#sTok135" value="_"/>
		<feat xlink:href="#sTok136" value="_"/>
		<feat xlink:href="#sTok137" value="_"/>
		<feat xlink:href="#sTok138" value="_"/>
		<feat xlink:href="#sTok139" value="_"/>
		<feat xlink:href="#sTok140" value="_"/>
		<feat xlink:href="#sTok141" value="_"/>
		<feat xlink:href="#sTok142" value="_"/>
		<feat xlink:href="#sTok143" value="_"/>
		<feat xlink:href="#sTok144" value="los-t"/>
		<feat xlink:href="#sTok144" value="los-t"/>
		<feat xlink:href="#sTok145" value="_"/>
		<feat xlink:href="#sTok146" value="discuss-ion"/>
		<feat xlink:href="#sTok146" value="discuss-ion"/>
		<feat xlink:href="#sTok147" value="_"/>
		<feat xlink:href="#sTok148" value="discriminat-ion"/>
		<feat xlink:href="#sTok148" value="discriminat-ion"/>
		<feat xlink:href="#sTok149" value="_"/>
		<feat xlink:href="#sTok150" value="_"/>
		<feat xlink:href="#sTok151" value="grow-ing"/>
		<feat xlink:href="#sTok151" value="grow-ing"/>
		<feat xlink:href="#sTok152" value="_"/>
		<feat xlink:href="#sTok153" value="_"/>
		<feat xlink:href="#sTok154" value="_"/>
		<feat xlink:href="#sTok155" value="soci-al"/>
		<feat xlink:href="#sTok155" value="soci-al"/>
		<feat xlink:href="#sTok156" value="_"/>
		<feat xlink:href="#sTok157" value="aim-ed"/>
		<feat xlink:href="#sTok157" value="aim-ed"/>
		<feat xlink:href="#sTok158" value="_"/>
		<feat xlink:href="#sTok159" value="reduc-ing"/>
		<feat xlink:href="#sTok159" value="reduc-ing"/>
		<feat xlink:href="#sTok160" value="_"/>
		<feat xlink:href="#sTok161" value="occurr-ence"/>
		<feat xlink:href="#sTok161" value="occurr-ence"/>
		<feat xlink:href="#sTok162" value="_"/>
		<feat xlink:href="#sTok163" value="discriminat-ory"/>
		<feat xlink:href="#sTok163" value="discriminat-ory"/>
		<feat xlink:href="#sTok164" value="practice-s"/>
		<feat xlink:href="#sTok164" value="practice-s"/>
		<feat xlink:href="#sTok165" value="_"/>
		<feat xlink:href="#sTok166" value="Mandat-ory"/>
		<feat xlink:href="#sTok166" value="Mandat-ory"/>
		<feat xlink:href="#sTok167" value="divers-ity"/>
		<feat xlink:href="#sTok167" value="divers-ity"/>
		<feat xlink:href="#sTok168" value="train-ing-s"/>
		<feat xlink:href="#sTok168" value="train-ing-s"/>
		<feat xlink:href="#sTok169" value="_"/>
		<feat xlink:href="#sTok170" value="profession-al"/>
		<feat xlink:href="#sTok170" value="profession-al"/>
		<feat xlink:href="#sTok171" value="sett-ing-s"/>
		<feat xlink:href="#sTok171" value="sett-ing-s"/>
		<feat xlink:href="#sTok172" value="_"/>
		<feat xlink:href="#sTok173" value="_"/>
		<feat xlink:href="#sTok174" value="_"/>
		<feat xlink:href="#sTok175" value="_"/>
		<feat xlink:href="#sTok176" value="_"/>
		<feat xlink:href="#sTok177" value="intend-ed"/>
		<feat xlink:href="#sTok177" value="intend-ed"/>
		<feat xlink:href="#sTok178" value="_"/>
		<feat xlink:href="#sTok179" value="_"/>
		<feat xlink:href="#sTok180" value="_"/>
		<feat xlink:href="#sTok181" value="_"/>
		<feat xlink:href="#sTok182" value="_"/>
		<feat xlink:href="#sTok183" value="work-place"/>
		<feat xlink:href="#sTok183" value="work-place"/>
		<feat xlink:href="#sTok184" value="_"/>
		<feat xlink:href="#sTok185" value="increas-ing"/>
		<feat xlink:href="#sTok185" value="increas-ing"/>
		<feat xlink:href="#sTok186" value="_"/>
		<feat xlink:href="#sTok187" value="a-ware-ness"/>
		<feat xlink:href="#sTok187" value="a-ware-ness"/>
		<feat xlink:href="#sTok188" value="_"/>
		<feat xlink:href="#sTok189" value="employ-ee-s"/>
		<feat xlink:href="#sTok189" value="employ-ee-s"/>
		<feat xlink:href="#sTok190" value="regard-ing"/>
		<feat xlink:href="#sTok190" value="regard-ing"/>
		<feat xlink:href="#sTok191" value="_"/>
		<feat xlink:href="#sTok192" value="challenge-s"/>
		<feat xlink:href="#sTok192" value="challenge-s"/>
		<feat xlink:href="#sTok193" value="fac-ing"/>
		<feat xlink:href="#sTok193" value="fac-ing"/>
		<feat xlink:href="#sTok194" value="minor-ity"/>
		<feat xlink:href="#sTok194" value="minor-ity"/>
		<feat xlink:href="#sTok195" value="_"/>
		<feat xlink:href="#sTok196" value="member-s"/>
		<feat xlink:href="#sTok196" value="member-s"/>
		<feat xlink:href="#sTok197" value="_"/>
		<feat xlink:href="#sTok198" value="_"/>
		<feat xlink:href="#sTok199" value="_"/>
		<feat xlink:href="#sTok200" value="_"/>
		<feat xlink:href="#sTok201" value="In-deed"/>
		<feat xlink:href="#sTok201" value="In-deed"/>
		<feat xlink:href="#sTok202" value="_"/>
		<feat xlink:href="#sTok203" value="_"/>
		<feat xlink:href="#sTok204" value="implement-ation"/>
		<feat xlink:href="#sTok204" value="implement-ation"/>
		<feat xlink:href="#sTok205" value="_"/>
		<feat xlink:href="#sTok206" value="_"/>
		<feat xlink:href="#sTok207" value="policie-s"/>
		<feat xlink:href="#sTok207" value="policie-s"/>
		<feat xlink:href="#sTok208" value="_"/>
		<feat xlink:href="#sTok209" value="root-ed"/>
		<feat xlink:href="#sTok209" value="root-ed"/>
		<feat xlink:href="#sTok210" value="_"/>
		<feat xlink:href="#sTok211" value="_"/>
		<feat xlink:href="#sTok212" value="assumpt-ion"/>
		<feat xlink:href="#sTok212" value="assumpt-ion"/>
		<feat xlink:href="#sTok213" value="_"/>
		<feat xlink:href="#sTok214" value="discriminat-ion"/>
		<feat xlink:href="#sTok214" value="discriminat-ion"/>
		<feat xlink:href="#sTok215" value="_"/>
		<feat xlink:href="#sTok216" value="bias-es"/>
		<feat xlink:href="#sTok216" value="bias-es"/>
		<feat xlink:href="#sTok217" value="_"/>
		<feat xlink:href="#sTok218" value="_"/>
		<feat xlink:href="#sTok219" value="_"/>
		<feat xlink:href="#sTok220" value="_"/>
		<feat xlink:href="#sTok221" value="_"/>
		<feat xlink:href="#sTok222" value="_"/>
		<feat xlink:href="#sTok223" value="appreci-able"/>
		<feat xlink:href="#sTok223" value="appreci-able"/>
		<feat xlink:href="#sTok224" value="_"/>
		<feat xlink:href="#sTok225" value="_"/>
		<feat xlink:href="#sTok226" value="_"/>
		<feat xlink:href="#sTok227" value="_"/>
		<feat xlink:href="#sTok228" value="_"/>
		<feat xlink:href="#sTok229" value="soci-ety"/>
		<feat xlink:href="#sTok229" value="soci-ety"/>
		<feat xlink:href="#sTok230" value="_"/>
		<feat xlink:href="#sTok231" value="_"/>
		<feat xlink:href="#sTok232" value="_"/>
		<feat xlink:href="#sTok233" value="_"/>
		<feat xlink:href="#sTok234" value="estimate-s"/>
		<feat xlink:href="#sTok234" value="estimate-s"/>
		<feat xlink:href="#sTok235" value="_"/>
		<feat xlink:href="#sTok236" value="_"/>
		<feat xlink:href="#sTok237" value="preval-ence"/>
		<feat xlink:href="#sTok237" value="preval-ence"/>
		<feat xlink:href="#sTok238" value="_"/>
		<feat xlink:href="#sTok239" value="perceiv-ed"/>
		<feat xlink:href="#sTok239" value="perceiv-ed"/>
		<feat xlink:href="#sTok240" value="discriminat-ion"/>
		<feat xlink:href="#sTok240" value="discriminat-ion"/>
		<feat xlink:href="#sTok241" value="remain-s"/>
		<feat xlink:href="#sTok241" value="remain-s"/>
		<feat xlink:href="#sTok242" value="_"/>
		<feat xlink:href="#sTok243" value="_"/>
		<feat xlink:href="#sTok244" value="_"/>
		<feat xlink:href="#sTok245" value="_"/>
		<feat xlink:href="#sTok246" value="_"/>
		<feat xlink:href="#sTok247" value="_"/>
		<feat xlink:href="#sTok248" value="_"/>
		<feat xlink:href="#sTok249" value="_"/>
		<feat xlink:href="#sTok250" value="_"/>
		<feat xlink:href="#sTok251" value="_"/>
		<feat xlink:href="#sTok252" value="_"/>
		<feat xlink:href="#sTok253" value="_"/>
		<feat xlink:href="#sTok254" value="_"/>
		<feat xlink:href="#sTok255" value="_"/>
		<feat xlink:href="#sTok256" value="_"/>
		<feat xlink:href="#sTok257" value="_"/>
		<feat xlink:href="#sTok258" value="_"/>
		<feat xlink:href="#sTok259" value="_"/>
		<feat xlink:href="#sTok260" value="colleague-s"/>
		<feat xlink:href="#sTok260" value="colleague-s"/>
		<feat xlink:href="#sTok261" value="_"/>
		<feat xlink:href="#sTok262" value="_"/>
		<feat xlink:href="#sTok263" value="_"/>
		<feat xlink:href="#sTok264" value="_"/>
		<feat xlink:href="#sTok265" value="how-ever"/>
		<feat xlink:href="#sTok265" value="how-ever"/>
		<feat xlink:href="#sTok266" value="_"/>
		<feat xlink:href="#sTok267" value="us-ing"/>
		<feat xlink:href="#sTok267" value="us-ing"/>
		<feat xlink:href="#sTok268" value="measure-s"/>
		<feat xlink:href="#sTok268" value="measure-s"/>
		<feat xlink:href="#sTok269" value="_"/>
		<feat xlink:href="#sTok270" value="perceiv-ed"/>
		<feat xlink:href="#sTok270" value="perceiv-ed"/>
		<feat xlink:href="#sTok271" value="discriminat-ion"/>
		<feat xlink:href="#sTok271" value="discriminat-ion"/>
		<feat xlink:href="#sTok272" value="_"/>
		<feat xlink:href="#sTok273" value="_"/>
		<feat xlink:href="#sTok274" value="_"/>
		<feat xlink:href="#sTok275" value="America-n"/>
		<feat xlink:href="#sTok275" value="America-n"/>
		<feat xlink:href="#sTok276" value="_"/>
		<feat xlink:href="#sTok277" value="_"/>
		<feat xlink:href="#sTok278" value="report-ed"/>
		<feat xlink:href="#sTok278" value="report-ed"/>
		<feat xlink:href="#sTok279" value="_"/>
		<feat xlink:href="#sTok280" value="approximate-ly"/>
		<feat xlink:href="#sTok280" value="approximate-ly"/>
		<feat xlink:href="#sTok281" value="_"/>
		<feat xlink:href="#sTok282" value="_"/>
		<feat xlink:href="#sTok283" value="_"/>
		<feat xlink:href="#sTok284" value="respond-ent-s"/>
		<feat xlink:href="#sTok284" value="respond-ent-s"/>
		<feat xlink:href="#sTok285" value="report-ed"/>
		<feat xlink:href="#sTok285" value="report-ed"/>
		<feat xlink:href="#sTok286" value="_"/>
		<feat xlink:href="#sTok287" value="_"/>
		<feat xlink:href="#sTok288" value="_"/>
		<feat xlink:href="#sTok289" value="discriminat-ion"/>
		<feat xlink:href="#sTok289" value="discriminat-ion"/>
		<feat xlink:href="#sTok290" value="_"/>
		<feat xlink:href="#sTok291" value="_"/>
		<feat xlink:href="#sTok292" value="_"/>
		<feat xlink:href="#sTok293" value="_"/>
		<feat xlink:href="#sTok294" value="_"/>
		<feat xlink:href="#sTok295" value="_"/>
		<feat xlink:href="#sTok296" value="_"/>
		<feat xlink:href="#sTok297" value="_"/>
		<feat xlink:href="#sTok298" value="_"/>
		<feat xlink:href="#sTok299" value="_"/>
		<feat xlink:href="#sTok300" value="_"/>
		<feat xlink:href="#sTok301" value="_"/>
		<feat xlink:href="#sTok302" value="_"/>
		<feat xlink:href="#sTok303" value="_"/>
		<feat xlink:href="#sTok304" value="_"/>
		<feat xlink:href="#sTok305" value="seek-s"/>
		<feat xlink:href="#sTok305" value="seek-s"/>
		<feat xlink:href="#sTok306" value="_"/>
		<feat xlink:href="#sTok307" value="_"/>
		<feat xlink:href="#sTok308" value="_"/>
		<feat xlink:href="#sTok309" value="_"/>
		<feat xlink:href="#sTok310" value="_"/>
		<feat xlink:href="#sTok311" value="_"/>
		<feat xlink:href="#sTok312" value="estimat-ing"/>
		<feat xlink:href="#sTok312" value="estimat-ing"/>
		<feat xlink:href="#sTok313" value="_"/>
		<feat xlink:href="#sTok314" value="preval-ence"/>
		<feat xlink:href="#sTok314" value="preval-ence"/>
		<feat xlink:href="#sTok315" value="_"/>
		<feat xlink:href="#sTok316" value="discriminat-ion"/>
		<feat xlink:href="#sTok316" value="discriminat-ion"/>
		<feat xlink:href="#sTok317" value="experience-s"/>
		<feat xlink:href="#sTok317" value="experience-s"/>
		<feat xlink:href="#sTok318" value="a-mong"/>
		<feat xlink:href="#sTok318" value="a-mong"/>
		<feat xlink:href="#sTok319" value="_"/>
		<feat xlink:href="#sTok320" value="_"/>
		<feat xlink:href="#sTok321" value="_"/>
		<feat xlink:href="#sTok322" value="nation-al-ly"/>
		<feat xlink:href="#sTok322" value="nation-al-ly"/>
		<feat xlink:href="#sTok323" value="represent-ative"/>
		<feat xlink:href="#sTok323" value="represent-ative"/>
		<feat xlink:href="#sTok324" value="_"/>
		<feat xlink:href="#sTok325" value="_"/>
		<feat xlink:href="#sTok326" value="adult-s"/>
		<feat xlink:href="#sTok326" value="adult-s"/>
		<feat xlink:href="#sTok327" value="_"/>
		<feat xlink:href="#sTok328" value="_"/>
		<feat xlink:href="#sTok329" value="Unit-ed"/>
		<feat xlink:href="#sTok329" value="Unit-ed"/>
		<feat xlink:href="#sTok330" value="State-s"/>
		<feat xlink:href="#sTok330" value="State-s"/>
		<feat xlink:href="#sTok331" value="_"/>
		<feat xlink:href="#sTok332" value="Add-ition-al-ly"/>
		<feat xlink:href="#sTok332" value="Add-ition-al-ly"/>
		<feat xlink:href="#sTok333" value="_"/>
		<feat xlink:href="#sTok334" value="_"/>
		<feat xlink:href="#sTok335" value="_"/>
		<feat xlink:href="#sTok336" value="_"/>
		<feat xlink:href="#sTok337" value="_"/>
		<feat xlink:href="#sTok338" value="perceiv-ed"/>
		<feat xlink:href="#sTok338" value="perceiv-ed"/>
		<feat xlink:href="#sTok339" value="reason-s"/>
		<feat xlink:href="#sTok339" value="reason-s"/>
		<feat xlink:href="#sTok340" value="_"/>
		<feat xlink:href="#sTok341" value="report-ed"/>
		<feat xlink:href="#sTok341" value="report-ed"/>
		<feat xlink:href="#sTok342" value="discriminat-ion"/>
		<feat xlink:href="#sTok342" value="discriminat-ion"/>
		<feat xlink:href="#sTok343" value="experience-s"/>
		<feat xlink:href="#sTok343" value="experience-s"/>
		<feat xlink:href="#sTok344" value="_"/>
		<feat xlink:href="#sTok345" value="_"/>
		<feat xlink:href="#sTok346" value="_"/>
		<feat xlink:href="#sTok347" value="discriminat-ion"/>
		<feat xlink:href="#sTok347" value="discriminat-ion"/>
		<feat xlink:href="#sTok348" value="_"/>
		<feat xlink:href="#sTok349" value="_"/>
		<feat xlink:href="#sTok350" value="respond-ent-s"/>
		<feat xlink:href="#sTok350" value="respond-ent-s"/>
		<feat xlink:href="#sTok351" value="_"/>
		<feat xlink:href="#sTok352" value="indicat-ed"/>
		<feat xlink:href="#sTok352" value="indicat-ed"/>
		<feat xlink:href="#sTok353" value="_"/>
		<feat xlink:href="#sTok354" value="_"/>
		<feat xlink:href="#sTok355" value="dis-crimin-at-ed"/>
		<feat xlink:href="#sTok355" value="dis-crimin-at-ed"/>
		<feat xlink:href="#sTok356" value="a-gainst"/>
		<feat xlink:href="#sTok356" value="a-gainst"/>
		<feat xlink:href="#sTok357" value="_"/>
		<feat xlink:href="#sTok358" value="specif-ic-ally"/>
		<feat xlink:href="#sTok358" value="specif-ic-ally"/>
		<feat xlink:href="#sTok359" value="_"/>
		<feat xlink:href="#sTok360" value="_"/>
		<feat xlink:href="#sTok361" value="_"/>
		<feat xlink:href="#sTok362" value="respond-ed"/>
		<feat xlink:href="#sTok362" value="respond-ed"/>
		<feat xlink:href="#sTok363" value="_"/>
		<feat xlink:href="#sTok364" value="sometime-s"/>
		<feat xlink:href="#sTok364" value="sometime-s"/>
		<feat xlink:href="#sTok365" value="_"/>
		<feat xlink:href="#sTok366" value="_"/>
		<feat xlink:href="#sTok367" value="_"/>
		<feat xlink:href="#sTok368" value="_"/>
		<feat xlink:href="#sTok369" value="perceiv-ed"/>
		<feat xlink:href="#sTok369" value="perceiv-ed"/>
		<feat xlink:href="#sTok370" value="discriminat-ion"/>
		<feat xlink:href="#sTok370" value="discriminat-ion"/>
		<feat xlink:href="#sTok371" value="_"/>
		<feat xlink:href="#sTok372" value="describ-ed"/>
		<feat xlink:href="#sTok372" value="describ-ed"/>
		<feat xlink:href="#sTok373" value="_"/>
		<feat xlink:href="#sTok374" value="_"/>
		<feat xlink:href="#sTok375" value="_"/>
		<feat xlink:href="#sTok376" value="ask-ed"/>
		<feat xlink:href="#sTok376" value="ask-ed"/>
		<feat xlink:href="#sTok377" value="_"/>
		<feat xlink:href="#sTok378" value="follow-ing"/>
		<feat xlink:href="#sTok378" value="follow-ing"/>
		<feat xlink:href="#sTok379" value="quest-ion"/>
		<feat xlink:href="#sTok379" value="quest-ion"/>
		<feat xlink:href="#sTok380" value="_"/>
		<feat xlink:href="#sTok381" value="_"/>
		<feat xlink:href="#sTok382" value="_"/>
		<feat xlink:href="#sTok383" value="_"/>
		<feat xlink:href="#sTok384" value="_"/>
		<feat xlink:href="#sTok385" value="_"/>
		<feat xlink:href="#sTok386" value="_"/>
		<feat xlink:href="#sTok387" value="_"/>
		<feat xlink:href="#sTok388" value="_"/>
		<feat xlink:href="#sTok389" value="_"/>
		<feat xlink:href="#sTok390" value="_"/>
		<feat xlink:href="#sTok391" value="_"/>
		<feat xlink:href="#sTok392" value="experience-s"/>
		<feat xlink:href="#sTok392" value="experience-s"/>
		<feat xlink:href="#sTok393" value="_"/>
		<feat xlink:href="#sTok394" value="_"/>
		<feat xlink:href="#sTok395" value="Respond-ent-s"/>
		<feat xlink:href="#sTok395" value="Respond-ent-s"/>
		<feat xlink:href="#sTok396" value="_"/>
		<feat xlink:href="#sTok397" value="allow-ed"/>
		<feat xlink:href="#sTok397" value="allow-ed"/>
		<feat xlink:href="#sTok398" value="_"/>
		<feat xlink:href="#sTok399" value="_"/>
		<feat xlink:href="#sTok400" value="_"/>
		<feat xlink:href="#sTok401" value="_"/>
		<feat xlink:href="#sTok402" value="_"/>
		<feat xlink:href="#sTok403" value="_"/>
		<feat xlink:href="#sTok404" value="categorie-s"/>
		<feat xlink:href="#sTok404" value="categorie-s"/>
		<feat xlink:href="#sTok405" value="_"/>
		<feat xlink:href="#sTok406" value="_"/>
		<feat xlink:href="#sTok407" value="_"/>
		<feat xlink:href="#sTok408" value="_"/>
		<feat xlink:href="#sTok409" value="_"/>
		<feat xlink:href="#sTok410" value="_"/>
		<feat xlink:href="#sTok411" value="_"/>
		<feat xlink:href="#sTok412" value="respon-se-s"/>
		<feat xlink:href="#sTok412" value="respon-se-s"/>
		<feat xlink:href="#sTok413" value="_"/>
		<feat xlink:href="#sTok414" value="re-cod-ed"/>
		<feat xlink:href="#sTok414" value="re-cod-ed"/>
		<feat xlink:href="#sTok415" value="in-to"/>
		<feat xlink:href="#sTok415" value="in-to"/>
		<feat xlink:href="#sTok416" value="_"/>
		<feat xlink:href="#sTok417" value="mutual-ly"/>
		<feat xlink:href="#sTok417" value="mutual-ly"/>
		<feat xlink:href="#sTok418" value="exclus-ive"/>
		<feat xlink:href="#sTok418" value="exclus-ive"/>
		<feat xlink:href="#sTok419" value="categorie-s"/>
		<feat xlink:href="#sTok419" value="categorie-s"/>
		<feat xlink:href="#sTok420" value="captur-ing"/>
		<feat xlink:href="#sTok420" value="captur-ing"/>
		<feat xlink:href="#sTok421" value="_"/>
		<feat xlink:href="#sTok422" value="follow-ing"/>
		<feat xlink:href="#sTok422" value="follow-ing"/>
		<feat xlink:href="#sTok423" value="opt-ion-s"/>
		<feat xlink:href="#sTok423" value="opt-ion-s"/>
		<feat xlink:href="#sTok424" value="_"/>
		<feat xlink:href="#sTok425" value="_"/>
		<feat xlink:href="#sTok426" value="_"/>
		<feat xlink:href="#sTok427" value="ancestr-y"/>
		<feat xlink:href="#sTok427" value="ancestr-y"/>
		<feat xlink:href="#sTok428" value="_"/>
		<feat xlink:href="#sTok429" value="_"/>
		<feat xlink:href="#sTok430" value="_"/>
		<feat xlink:href="#sTok431" value="_"/>
		<feat xlink:href="#sTok432" value="_"/>
		<feat xlink:href="#sTok433" value="_"/>
		<feat xlink:href="#sTok434" value="_"/>
		<feat xlink:href="#sTok435" value="_"/>
		<feat xlink:href="#sTok436" value="_"/>
		<feat xlink:href="#sTok437" value="_"/>
		<feat xlink:href="#sTok438" value="_"/>
		<feat xlink:href="#sTok439" value="_"/>
		<feat xlink:href="#sTok440" value="weigh-t"/>
		<feat xlink:href="#sTok440" value="weigh-t"/>
		<feat xlink:href="#sTok441" value="_"/>
		<feat xlink:href="#sTok442" value="sex-ual"/>
		<feat xlink:href="#sTok442" value="sex-ual"/>
		<feat xlink:href="#sTok443" value="orient-ation"/>
		<feat xlink:href="#sTok443" value="orient-ation"/>
		<feat xlink:href="#sTok444" value="_"/>
		<feat xlink:href="#sTok445" value="educat-ion"/>
		<feat xlink:href="#sTok445" value="educat-ion"/>
		<feat xlink:href="#sTok446" value="_"/>
		<feat xlink:href="#sTok447" value="in-come"/>
		<feat xlink:href="#sTok447" value="in-come"/>
		<feat xlink:href="#sTok448" value="_"/>
		<feat xlink:href="#sTok449" value="physic-al"/>
		<feat xlink:href="#sTok449" value="physic-al"/>
		<feat xlink:href="#sTok450" value="disabil-ity"/>
		<feat xlink:href="#sTok450" value="disabil-ity"/>
		<feat xlink:href="#sTok451" value="_"/>
		<feat xlink:href="#sTok452" value="_"/>
		<feat xlink:href="#sTok453" value="_"/>
		<feat xlink:href="#sTok454" value="_"/>
		<feat xlink:href="#sTok455" value="_"/>
		<feat xlink:href="#sTok456" value="follow-ing"/>
		<feat xlink:href="#sTok456" value="follow-ing"/>
		<feat xlink:href="#sTok457" value="categorie-s"/>
		<feat xlink:href="#sTok457" value="categorie-s"/>
		<feat xlink:href="#sTok458" value="_"/>
		<feat xlink:href="#sTok459" value="_"/>
		<feat xlink:href="#sTok460" value="origin-al"/>
		<feat xlink:href="#sTok460" value="origin-al"/>
		<feat xlink:href="#sTok461" value="questionn-aire"/>
		<feat xlink:href="#sTok461" value="questionn-aire"/>
		<feat xlink:href="#sTok462" value="_"/>
		<feat xlink:href="#sTok463" value="collaps-ed"/>
		<feat xlink:href="#sTok463" value="collaps-ed"/>
		<feat xlink:href="#sTok464" value="in-to"/>
		<feat xlink:href="#sTok464" value="in-to"/>
		<feat xlink:href="#sTok465" value="_"/>
		<feat xlink:href="#sTok466" value="_"/>
		<feat xlink:href="#sTok467" value="_"/>
		<feat xlink:href="#sTok468" value="_"/>
		<feat xlink:href="#sTok469" value="_"/>
		<feat xlink:href="#sTok470" value="_"/>
		<feat xlink:href="#sTok471" value="_"/>
		<feat xlink:href="#sTok472" value="_"/>
		<feat xlink:href="#sTok473" value="ancestr-y"/>
		<feat xlink:href="#sTok473" value="ancestr-y"/>
		<feat xlink:href="#sTok474" value="_"/>
		<feat xlink:href="#sTok475" value="nation-al"/>
		<feat xlink:href="#sTok475" value="nation-al"/>
		<feat xlink:href="#sTok476" value="_"/>
		<feat xlink:href="#sTok477" value="_"/>
		<feat xlink:href="#sTok478" value="_"/>
		<feat xlink:href="#sTok479" value="_"/>
		<feat xlink:href="#sTok480" value="_"/>
		<feat xlink:href="#sTok481" value="_"/>
		<feat xlink:href="#sTok482" value="_"/>
		<feat xlink:href="#sTok483" value="_"/>
		<feat xlink:href="#sTok484" value="Add-ition-al-ly"/>
		<feat xlink:href="#sTok484" value="Add-ition-al-ly"/>
		<feat xlink:href="#sTok485" value="_"/>
		<feat xlink:href="#sTok486" value="be-cause"/>
		<feat xlink:href="#sTok486" value="be-cause"/>
		<feat xlink:href="#sTok487" value="_"/>
		<feat xlink:href="#sTok488" value="quest-ion"/>
		<feat xlink:href="#sTok488" value="quest-ion"/>
		<feat xlink:href="#sTok489" value="_"/>
		<feat xlink:href="#sTok490" value="_"/>
		<feat xlink:href="#sTok491" value="ask-ed"/>
		<feat xlink:href="#sTok491" value="ask-ed"/>
		<feat xlink:href="#sTok492" value="_"/>
		<feat xlink:href="#sTok493" value="respond-ent-s"/>
		<feat xlink:href="#sTok493" value="respond-ent-s"/>
		<feat xlink:href="#sTok494" value="_"/>
		<feat xlink:href="#sTok495" value="report-ed"/>
		<feat xlink:href="#sTok495" value="report-ed"/>
		<feat xlink:href="#sTok496" value="_"/>
		<feat xlink:href="#sTok497" value="discriminat-ion"/>
		<feat xlink:href="#sTok497" value="discriminat-ion"/>
		<feat xlink:href="#sTok498" value="experience-s"/>
		<feat xlink:href="#sTok498" value="experience-s"/>
		<feat xlink:href="#sTok499" value="_"/>
		<feat xlink:href="#sTok500" value="_"/>
		<feat xlink:href="#sTok501" value="_"/>
		<feat xlink:href="#sTok502" value="_"/>
		<feat xlink:href="#sTok503" value="_"/>
		<feat xlink:href="#sTok504" value="_"/>
		<feat xlink:href="#sTok505" value="_"/>
		<feat xlink:href="#sTok506" value="result-ed"/>
		<feat xlink:href="#sTok506" value="result-ed"/>
		<feat xlink:href="#sTok507" value="_"/>
		<feat xlink:href="#sTok508" value="_"/>
		<feat xlink:href="#sTok509" value="_"/>
		<feat xlink:href="#sTok510" value="_"/>
		<feat xlink:href="#sTok511" value="_"/>
		<feat xlink:href="#sTok512" value="case-s"/>
		<feat xlink:href="#sTok512" value="case-s"/>
		<feat xlink:href="#sTok513" value="scor-ed"/>
		<feat xlink:href="#sTok513" value="scor-ed"/>
		<feat xlink:href="#sTok514" value="_"/>
		<feat xlink:href="#sTok515" value="miss-ing"/>
		<feat xlink:href="#sTok515" value="miss-ing"/>
		<feat xlink:href="#sTok516" value="_"/>
		<feat xlink:href="#sTok517" value="legit-im-ate"/>
		<feat xlink:href="#sTok517" value="legit-im-ate"/>
		<feat xlink:href="#sTok518" value="_"/>
		<feat xlink:href="#sTok519" value="_"/>
		<feat xlink:href="#sTok520" value="_"/>
		<feat xlink:href="#sTok521" value="Respond-ent"/>
		<feat xlink:href="#sTok521" value="Respond-ent"/>
		<feat xlink:href="#sTok522" value="_"/>
		<feat xlink:href="#sTok523" value="_"/>
		<feat xlink:href="#sTok524" value="_"/>
		<feat xlink:href="#sTok525" value="_"/>
		<feat xlink:href="#sTok526" value="_"/>
		<feat xlink:href="#sTok527" value="vari-able"/>
		<feat xlink:href="#sTok527" value="vari-able"/>
		<feat xlink:href="#sTok528" value="_"/>
		<feat xlink:href="#sTok529" value="_"/>
		<feat xlink:href="#sTok530" value="avail-able"/>
		<feat xlink:href="#sTok530" value="avail-able"/>
		<feat xlink:href="#sTok531" value="_"/>
		<feat xlink:href="#sTok532" value="_"/>
		<feat xlink:href="#sTok533" value="_"/>
		<feat xlink:href="#sTok534" value="_"/>
		<feat xlink:href="#sTok535" value="interview-s"/>
		<feat xlink:href="#sTok535" value="interview-s"/>
		<feat xlink:href="#sTok536" value="_"/>
		<feat xlink:href="#sTok537" value="_"/>
		<feat xlink:href="#sTok538" value="_"/>
		<feat xlink:href="#sTok539" value="_"/>
		<feat xlink:href="#sTok540" value="rac-ial"/>
		<feat xlink:href="#sTok540" value="rac-ial"/>
		<feat xlink:href="#sTok541" value="_"/>
		<feat xlink:href="#sTok542" value="report-ed"/>
		<feat xlink:href="#sTok542" value="report-ed"/>
		<feat xlink:href="#sTok543" value="_"/>
		<feat xlink:href="#sTok544" value="_"/>
		<feat xlink:href="#sTok545" value="respond-ent"/>
		<feat xlink:href="#sTok545" value="respond-ent"/>
		<feat xlink:href="#sTok546" value="dur-ing"/>
		<feat xlink:href="#sTok546" value="dur-ing"/>
		<feat xlink:href="#sTok547" value="_"/>
		<feat xlink:href="#sTok548" value="_"/>
		<feat xlink:href="#sTok549" value="_"/>
		<feat xlink:href="#sTok550" value="inter-view"/>
		<feat xlink:href="#sTok550" value="inter-view"/>
		<feat xlink:href="#sTok551" value="_"/>
		<feat xlink:href="#sTok552" value="_"/>
		<feat xlink:href="#sTok553" value="_"/>
		<feat xlink:href="#sTok554" value="_"/>
		<feat xlink:href="#sTok555" value="_"/>
		<feat xlink:href="#sTok556" value="rath-er"/>
		<feat xlink:href="#sTok556" value="rath-er"/>
		<feat xlink:href="#sTok557" value="_"/>
		<feat xlink:href="#sTok558" value="_"/>
		<feat xlink:href="#sTok559" value="_"/>
		<feat xlink:href="#sTok560" value="_"/>
		<feat xlink:href="#sTok561" value="_"/>
		<feat xlink:href="#sTok562" value="_"/>
		<feat xlink:href="#sTok563" value="_"/>
		<feat xlink:href="#sTok564" value="_"/>
		<feat xlink:href="#sTok565" value="_"/>
		<feat xlink:href="#sTok566" value="us-ed"/>
		<feat xlink:href="#sTok566" value="us-ed"/>
		<feat xlink:href="#sTok567" value="_"/>
		<feat xlink:href="#sTok568" value="_"/>
		<feat xlink:href="#sTok569" value="_"/>
		<feat xlink:href="#sTok570" value="count-s"/>
		<feat xlink:href="#sTok570" value="count-s"/>
		<feat xlink:href="#sTok571" value="_"/>
		<feat xlink:href="#sTok572" value="_"/>
		<feat xlink:href="#sTok573" value="_"/>
		<feat xlink:href="#sTok574" value="_"/>
		<feat xlink:href="#sTok575" value="_"/>
		<feat xlink:href="#sTok576" value="_"/>
		<feat xlink:href="#sTok577" value="near-ly"/>
		<feat xlink:href="#sTok577" value="near-ly"/>
		<feat xlink:href="#sTok578" value="_"/>
		<feat xlink:href="#sTok579" value="_"/>
		<feat xlink:href="#sTok580" value="_"/>
		<feat xlink:href="#sTok581" value="_"/>
		<feat xlink:href="#sTok582" value="respond-ent-s"/>
		<feat xlink:href="#sTok582" value="respond-ent-s"/>
		<feat xlink:href="#sTok583" value="appear-ed"/>
		<feat xlink:href="#sTok583" value="appear-ed"/>
		<feat xlink:href="#sTok584" value="_"/>
		<feat xlink:href="#sTok585" value="_"/>
		<feat xlink:href="#sTok586" value="_"/>
		<feat xlink:href="#sTok587" value="_"/>
		<feat xlink:href="#sTok588" value="_"/>
		<feat xlink:href="#sTok589" value="_"/>
		<feat xlink:href="#sTok590" value="_"/>
		<feat xlink:href="#sTok591" value="_"/>
		<feat xlink:href="#sTok592" value="_"/>
		<feat xlink:href="#sTok593" value="_"/>
		<feat xlink:href="#sTok594" value="_"/>
		<feat xlink:href="#sTok595" value="_"/>
		<feat xlink:href="#sTok596" value="interview-ed"/>
		<feat xlink:href="#sTok596" value="interview-ed"/>
		<feat xlink:href="#sTok597" value="_"/>
		<feat xlink:href="#sTok598" value="_"/>
		<feat xlink:href="#sTok599" value="_"/>
		<feat xlink:href="#sTok600" value="_"/>
		<feat xlink:href="#sTok601" value="_"/>
		<feat xlink:href="#sTok602" value="differ-ent-ial"/>
		<feat xlink:href="#sTok602" value="differ-ent-ial"/>
		<feat xlink:href="#sTok603" value="pattern-s"/>
		<feat xlink:href="#sTok603" value="pattern-s"/>
		<feat xlink:href="#sTok604" value="_"/>
		<feat xlink:href="#sTok605" value="_"/>
		<feat xlink:href="#sTok606" value="_"/>
		<feat xlink:href="#sTok607" value="_"/>
		<feat xlink:href="#sTok608" value="Respond-ent-s"/>
		<feat xlink:href="#sTok608" value="Respond-ent-s"/>
		<feat xlink:href="#sTok609" value="_"/>
		<feat xlink:href="#sTok610" value="ask-ed"/>
		<feat xlink:href="#sTok610" value="ask-ed"/>
		<feat xlink:href="#sTok611" value="_"/>
		<feat xlink:href="#sTok612" value="_"/>
		<feat xlink:href="#sTok613" value="_"/>
		<feat xlink:href="#sTok614" value="_"/>
		<feat xlink:href="#sTok615" value="_"/>
		<feat xlink:href="#sTok616" value="a-mong"/>
		<feat xlink:href="#sTok616" value="a-mong"/>
		<feat xlink:href="#sTok617" value="_"/>
		<feat xlink:href="#sTok618" value="follow-ing"/>
		<feat xlink:href="#sTok618" value="follow-ing"/>
		<feat xlink:href="#sTok619" value="categorie-s"/>
		<feat xlink:href="#sTok619" value="categorie-s"/>
		<feat xlink:href="#sTok620" value="_"/>
		<feat xlink:href="#sTok621" value="_"/>
		<feat xlink:href="#sTok622" value="_"/>
		<feat xlink:href="#sTok623" value="_"/>
		<feat xlink:href="#sTok624" value="_"/>
		<feat xlink:href="#sTok625" value="Afric-an"/>
		<feat xlink:href="#sTok625" value="Afric-an"/>
		<feat xlink:href="#sTok626" value="America-n"/>
		<feat xlink:href="#sTok626" value="America-n"/>
		<feat xlink:href="#sTok627" value="_"/>
		<feat xlink:href="#sTok628" value="_"/>
		<feat xlink:href="#sTok629" value="_"/>
		<feat xlink:href="#sTok630" value="America-n"/>
		<feat xlink:href="#sTok630" value="America-n"/>
		<feat xlink:href="#sTok631" value="Indi-an"/>
		<feat xlink:href="#sTok631" value="Indi-an"/>
		<feat xlink:href="#sTok632" value="_"/>
		<feat xlink:href="#sTok633" value="_"/>
		<feat xlink:href="#sTok634" value="America-n"/>
		<feat xlink:href="#sTok634" value="America-n"/>
		<feat xlink:href="#sTok635" value="_"/>
		<feat xlink:href="#sTok636" value="_"/>
		<feat xlink:href="#sTok637" value="Asia-n"/>
		<feat xlink:href="#sTok637" value="Asia-n"/>
		<feat xlink:href="#sTok638" value="_"/>
		<feat xlink:href="#sTok639" value="_"/>
		<feat xlink:href="#sTok640" value="Island-er"/>
		<feat xlink:href="#sTok640" value="Island-er"/>
		<feat xlink:href="#sTok641" value="_"/>
		<feat xlink:href="#sTok642" value="Respond-ent-s"/>
		<feat xlink:href="#sTok642" value="Respond-ent-s"/>
		<feat xlink:href="#sTok643" value="_"/>
		<feat xlink:href="#sTok644" value="provid-ed"/>
		<feat xlink:href="#sTok644" value="provid-ed"/>
		<feat xlink:href="#sTok645" value="_"/>
		<feat xlink:href="#sTok646" value="opportun-ity"/>
		<feat xlink:href="#sTok646" value="opportun-ity"/>
		<feat xlink:href="#sTok647" value="_"/>
		<feat xlink:href="#sTok648" value="_"/>
		<feat xlink:href="#sTok649" value="_"/>
		<feat xlink:href="#sTok650" value="_"/>
		<feat xlink:href="#sTok651" value="_"/>
		<feat xlink:href="#sTok652" value="_"/>
		<feat xlink:href="#sTok653" value="_"/>
		<feat xlink:href="#sTok654" value="_"/>
		<feat xlink:href="#sTok655" value="_"/>
		<feat xlink:href="#sTok656" value="_"/>
		<feat xlink:href="#sTok657" value="_"/>
		<feat xlink:href="#sTok658" value="_"/>
		<feat xlink:href="#sTok659" value="ask-ed"/>
		<feat xlink:href="#sTok659" value="ask-ed"/>
		<feat xlink:href="#sTok660" value="_"/>
		<feat xlink:href="#sTok661" value="_"/>
		<feat xlink:href="#sTok662" value="_"/>
		<feat xlink:href="#sTok663" value="_"/>
		<feat xlink:href="#sTok664" value="quest-ion"/>
		<feat xlink:href="#sTok664" value="quest-ion"/>
		<feat xlink:href="#sTok665" value="regard-ing"/>
		<feat xlink:href="#sTok665" value="regard-ing"/>
		<feat xlink:href="#sTok666" value="_"/>
		<feat xlink:href="#sTok667" value="_"/>
		<feat xlink:href="#sTok668" value="be-st"/>
		<feat xlink:href="#sTok668" value="be-st"/>
		<feat xlink:href="#sTok669" value="describ-ed"/>
		<feat xlink:href="#sTok669" value="describ-ed"/>
		<feat xlink:href="#sTok670" value="_"/>
		<feat xlink:href="#sTok671" value="rac-ial"/>
		<feat xlink:href="#sTok671" value="rac-ial"/>
		<feat xlink:href="#sTok672" value="back-ground"/>
		<feat xlink:href="#sTok672" value="back-ground"/>
		<feat xlink:href="#sTok673" value="_"/>
		<feat xlink:href="#sTok674" value="_"/>
		<feat xlink:href="#sTok675" value="_"/>
		<feat xlink:href="#sTok676" value="_"/>
		<feat xlink:href="#sTok677" value="_"/>
		<feat xlink:href="#sTok678" value="_"/>
		<feat xlink:href="#sTok679" value="_"/>
		<feat xlink:href="#sTok680" value="respond-ent-s"/>
		<feat xlink:href="#sTok680" value="respond-ent-s"/>
		<feat xlink:href="#sTok681" value="_"/>
		<feat xlink:href="#sTok682" value="indicat-ed"/>
		<feat xlink:href="#sTok682" value="indicat-ed"/>
		<feat xlink:href="#sTok683" value="_"/>
		<feat xlink:href="#sTok684" value="_"/>
		<feat xlink:href="#sTok685" value="_"/>
		<feat xlink:href="#sTok686" value="_"/>
		<feat xlink:href="#sTok687" value="_"/>
		<feat xlink:href="#sTok688" value="cod-ed"/>
		<feat xlink:href="#sTok688" value="cod-ed"/>
		<feat xlink:href="#sTok689" value="_"/>
		<feat xlink:href="#sTok690" value="_"/>
		<feat xlink:href="#sTok691" value="mix-ed"/>
		<feat xlink:href="#sTok691" value="mix-ed"/>
		<feat xlink:href="#sTok692" value="_"/>
		<feat xlink:href="#sTok693" value="_"/>
		<feat xlink:href="#sTok694" value="_"/>
		<feat xlink:href="#sTok695" value="Demo-graph-ic"/>
		<feat xlink:href="#sTok695" value="Demo-graph-ic"/>
		<feat xlink:href="#sTok696" value="vari-able-s"/>
		<feat xlink:href="#sTok696" value="vari-able-s"/>
		<feat xlink:href="#sTok697" value="_"/>
		<feat xlink:href="#sTok698" value="_"/>
		<feat xlink:href="#sTok699" value="_"/>
		<feat xlink:href="#sTok700" value="in-form-ation"/>
		<feat xlink:href="#sTok700" value="in-form-ation"/>
		<feat xlink:href="#sTok701" value="_"/>
		<feat xlink:href="#sTok702" value="_"/>
		<feat xlink:href="#sTok703" value="analyt-ic-al"/>
		<feat xlink:href="#sTok703" value="analyt-ic-al"/>
		<feat xlink:href="#sTok704" value="_"/>
		<feat xlink:href="#sTok705" value="_"/>
		<feat xlink:href="#sTok706" value="_"/>
		<feat xlink:href="#sTok707" value="_"/>
		<feat xlink:href="#sTok708" value="_"/>
		<feat xlink:href="#sTok709" value="_"/>
		<feat xlink:href="#sTok710" value="add-ition-al"/>
		<feat xlink:href="#sTok710" value="add-ition-al"/>
		<feat xlink:href="#sTok711" value="demo-graph-ic"/>
		<feat xlink:href="#sTok711" value="demo-graph-ic"/>
		<feat xlink:href="#sTok712" value="vari-able-s"/>
		<feat xlink:href="#sTok712" value="vari-able-s"/>
		<feat xlink:href="#sTok713" value="_"/>
		<feat xlink:href="#sTok714" value="includ-ed"/>
		<feat xlink:href="#sTok714" value="includ-ed"/>
		<feat xlink:href="#sTok715" value="_"/>
		<feat xlink:href="#sTok716" value="_"/>
		<feat xlink:href="#sTok717" value="_"/>
		<feat xlink:href="#sTok718" value="_"/>
		<feat xlink:href="#sTok719" value="_"/>
		<feat xlink:href="#sTok720" value="_"/>
		<feat xlink:href="#sTok721" value="continu-ous"/>
		<feat xlink:href="#sTok721" value="continu-ous"/>
		<feat xlink:href="#sTok722" value="_"/>
		<feat xlink:href="#sTok723" value="creat-ed"/>
		<feat xlink:href="#sTok723" value="creat-ed"/>
		<feat xlink:href="#sTok724" value="_"/>
		<feat xlink:href="#sTok725" value="subtract-ing"/>
		<feat xlink:href="#sTok725" value="subtract-ing"/>
		<feat xlink:href="#sTok726" value="_"/>
		<feat xlink:href="#sTok727" value="_"/>
		<feat xlink:href="#sTok728" value="_"/>
		<feat xlink:href="#sTok729" value="_"/>
		<feat xlink:href="#sTok730" value="respond-ent-s"/>
		<feat xlink:href="#sTok730" value="respond-ent-s"/>
		<feat xlink:href="#sTok731" value="_"/>
		<feat xlink:href="#sTok732" value="bir-th"/>
		<feat xlink:href="#sTok732" value="bir-th"/>
		<feat xlink:href="#sTok733" value="_"/>
		<feat xlink:href="#sTok734" value="obtain-ed"/>
		<feat xlink:href="#sTok734" value="obtain-ed"/>
		<feat xlink:href="#sTok735" value="_"/>
		<feat xlink:href="#sTok736" value="_"/>
		<feat xlink:href="#sTok737" value="_"/>
		<feat xlink:href="#sTok738" value="_"/>
		<feat xlink:href="#sTok739" value="_"/>
		<feat xlink:href="#sTok740" value="_"/>
		<feat xlink:href="#sTok741" value="_"/>
		<feat xlink:href="#sTok742" value="_"/>
		<feat xlink:href="#sTok743" value="_"/>
		<feat xlink:href="#sTok744" value="inter-view"/>
		<feat xlink:href="#sTok744" value="inter-view"/>
		<feat xlink:href="#sTok745" value="_"/>
		<feat xlink:href="#sTok746" value="_"/>
		<feat xlink:href="#sTok747" value="_"/>
		<feat xlink:href="#sTok748" value="_"/>
		<feat xlink:href="#sTok749" value="_"/>
		<feat xlink:href="#sTok750" value="_"/>
		<feat xlink:href="#sTok751" value="_"/>
		<feat xlink:href="#sTok752" value="_"/>
		<feat xlink:href="#sTok753" value="dichotom-ous-ly"/>
		<feat xlink:href="#sTok753" value="dichotom-ous-ly"/>
		<feat xlink:href="#sTok754" value="cod-ed"/>
		<feat xlink:href="#sTok754" value="cod-ed"/>
		<feat xlink:href="#sTok755" value="bas-ed"/>
		<feat xlink:href="#sTok755" value="bas-ed"/>
		<feat xlink:href="#sTok756" value="_"/>
		<feat xlink:href="#sTok757" value="_"/>
		<feat xlink:href="#sTok758" value="_"/>
		<feat xlink:href="#sTok759" value="_"/>
		<feat xlink:href="#sTok760" value="report-ed"/>
		<feat xlink:href="#sTok760" value="report-ed"/>
		<feat xlink:href="#sTok761" value="_"/>
		<feat xlink:href="#sTok762" value="_"/>
		<feat xlink:href="#sTok763" value="_"/>
		<feat xlink:href="#sTok764" value="respond-ent"/>
		<feat xlink:href="#sTok764" value="respond-ent"/>
		<feat xlink:href="#sTok765" value="_"/>
		<feat xlink:href="#sTok766" value="_"/>
		<feat xlink:href="#sTok767" value="_"/>
		<feat xlink:href="#sTok768" value="_"/>
		<feat xlink:href="#sTok769" value="_"/>
		<feat xlink:href="#sTok770" value="_"/>
		<feat xlink:href="#sTok771" value="_"/>
		<feat xlink:href="#sTok772" value="_"/>
		<feat xlink:href="#sTok773" value="_"/>
		<feat xlink:href="#sTok774" value="_"/>
		<feat xlink:href="#sTok775" value="_"/>
		<feat xlink:href="#sTok776" value="_"/>
		<feat xlink:href="#sTok777" value="_"/>
		<feat xlink:href="#sTok778" value="Analyt-ic-al"/>
		<feat xlink:href="#sTok778" value="Analyt-ic-al"/>
		<feat xlink:href="#sTok779" value="_"/>
		<feat xlink:href="#sTok780" value="_"/>
		<feat xlink:href="#sTok781" value="_"/>
		<feat xlink:href="#sTok782" value="explor-atory"/>
		<feat xlink:href="#sTok782" value="explor-atory"/>
		<feat xlink:href="#sTok783" value="_"/>
		<feat xlink:href="#sTok784" value="includ-ed"/>
		<feat xlink:href="#sTok784" value="includ-ed"/>
		<feat xlink:href="#sTok785" value="_"/>
		<feat xlink:href="#sTok786" value="bas-ic"/>
		<feat xlink:href="#sTok786" value="bas-ic"/>
		<feat xlink:href="#sTok787" value="step-s"/>
		<feat xlink:href="#sTok787" value="step-s"/>
		<feat xlink:href="#sTok788" value="_"/>
		<feat xlink:href="#sTok789" value="_"/>
		<feat xlink:href="#sTok790" value="_"/>
		<feat xlink:href="#sTok791" value="_"/>
		<feat xlink:href="#sTok792" value="statistic-s"/>
		<feat xlink:href="#sTok792" value="statistic-s"/>
		<feat xlink:href="#sTok793" value="_"/>
		<feat xlink:href="#sTok794" value="_"/>
		<feat xlink:href="#sTok795" value="_"/>
		<feat xlink:href="#sTok796" value="vari-able-s"/>
		<feat xlink:href="#sTok796" value="vari-able-s"/>
		<feat xlink:href="#sTok797" value="_"/>
		<feat xlink:href="#sTok798" value="rac-ial"/>
		<feat xlink:href="#sTok798" value="rac-ial"/>
		<feat xlink:href="#sTok799" value="categorie-s"/>
		<feat xlink:href="#sTok799" value="categorie-s"/>
		<feat xlink:href="#sTok800" value="_"/>
		<feat xlink:href="#sTok801" value="produc-ed"/>
		<feat xlink:href="#sTok801" value="produc-ed"/>
		<feat xlink:href="#sTok802" value="_"/>
		<feat xlink:href="#sTok803" value="_"/>
		<feat xlink:href="#sTok804" value="_"/>
		<feat xlink:href="#sTok805" value="_"/>
		<feat xlink:href="#sTok806" value="examin-ed"/>
		<feat xlink:href="#sTok806" value="examin-ed"/>
		<feat xlink:href="#sTok807" value="_"/>
		<feat xlink:href="#sTok808" value="relat-ive"/>
		<feat xlink:href="#sTok808" value="relat-ive"/>
		<feat xlink:href="#sTok809" value="pro-portion-s"/>
		<feat xlink:href="#sTok809" value="pro-portion-s"/>
		<feat xlink:href="#sTok810" value="_"/>
		<feat xlink:href="#sTok811" value="_"/>
		<feat xlink:href="#sTok812" value="_"/>
		<feat xlink:href="#sTok813" value="discriminat-ion"/>
		<feat xlink:href="#sTok813" value="discriminat-ion"/>
		<feat xlink:href="#sTok814" value="_"/>
		<feat xlink:href="#sTok815" value="measure-s"/>
		<feat xlink:href="#sTok815" value="measure-s"/>
		<feat xlink:href="#sTok816" value="a-cross"/>
		<feat xlink:href="#sTok816" value="a-cross"/>
		<feat xlink:href="#sTok817" value="_"/>
		<feat xlink:href="#sTok818" value="rac-ial"/>
		<feat xlink:href="#sTok818" value="rac-ial"/>
		<feat xlink:href="#sTok819" value="_"/>
		<feat xlink:href="#sTok820" value="_"/>
		<feat xlink:href="#sTok821" value="Final-ly"/>
		<feat xlink:href="#sTok821" value="Final-ly"/>
		<feat xlink:href="#sTok822" value="_"/>
		<feat xlink:href="#sTok823" value="_"/>
		<feat xlink:href="#sTok824" value="assess-ed"/>
		<feat xlink:href="#sTok824" value="assess-ed"/>
		<feat xlink:href="#sTok825" value="_"/>
		<feat xlink:href="#sTok826" value="distribut-ion"/>
		<feat xlink:href="#sTok826" value="distribut-ion"/>
		<feat xlink:href="#sTok827" value="_"/>
		<feat xlink:href="#sTok828" value="report-ed"/>
		<feat xlink:href="#sTok828" value="report-ed"/>
		<feat xlink:href="#sTok829" value="reason-s"/>
		<feat xlink:href="#sTok829" value="reason-s"/>
		<feat xlink:href="#sTok830" value="_"/>
		<feat xlink:href="#sTok831" value="discriminat-ion"/>
		<feat xlink:href="#sTok831" value="discriminat-ion"/>
		<feat xlink:href="#sTok832" value="a-cross"/>
		<feat xlink:href="#sTok832" value="a-cross"/>
		<feat xlink:href="#sTok833" value="_"/>
		<feat xlink:href="#sTok834" value="rac-ial"/>
		<feat xlink:href="#sTok834" value="rac-ial"/>
		<feat xlink:href="#sTok835" value="categorie-s"/>
		<feat xlink:href="#sTok835" value="categorie-s"/>
		<feat xlink:href="#sTok836" value="_"/>
		<feat xlink:href="#sTok837" value="_"/>
		<feat xlink:href="#sTok838" value="_"/>
		<feat xlink:href="#sTok839" value="_"/>
		<feat xlink:href="#sTok840" value="_"/>
		<feat xlink:href="#sTok841" value="potent-ial"/>
		<feat xlink:href="#sTok841" value="potent-ial"/>
		<feat xlink:href="#sTok842" value="bi-variate"/>
		<feat xlink:href="#sTok842" value="bi-variate"/>
		<feat xlink:href="#sTok843" value="associat-ion-s"/>
		<feat xlink:href="#sTok843" value="associat-ion-s"/>
		<feat xlink:href="#sTok844" value="_"/>
		<feat xlink:href="#sTok845" value="_"/>
		<feat xlink:href="#sTok846" value="adjust-ed"/>
		<feat xlink:href="#sTok846" value="adjust-ed"/>
		<feat xlink:href="#sTok847" value="_"/>
		<feat xlink:href="#sTok848" value="_"/>
		<feat xlink:href="#sTok849" value="_"/>
		<feat xlink:href="#sTok850" value="_"/>
		<feat xlink:href="#sTok851" value="_"/>
		<feat xlink:href="#sTok852" value="bas-ed"/>
		<feat xlink:href="#sTok852" value="bas-ed"/>
		<feat xlink:href="#sTok853" value="_"/>
		<feat xlink:href="#sTok854" value="_"/>
		<feat xlink:href="#sTok855" value="_"/>
		<feat xlink:href="#sTok856" value="employ-ed"/>
		<feat xlink:href="#sTok856" value="employ-ed"/>
		<feat xlink:href="#sTok857" value="_"/>
		<feat xlink:href="#sTok858" value="_"/>
		<feat xlink:href="#sTok859" value="correct-s"/>
		<feat xlink:href="#sTok859" value="correct-s"/>
		<feat xlink:href="#sTok860" value="_"/>
		<feat xlink:href="#sTok861" value="_"/>
		<feat xlink:href="#sTok862" value="_"/>
		<feat xlink:href="#sTok863" value="_"/>
		<feat xlink:href="#sTok864" value="_"/>
		<feat xlink:href="#sTok865" value="_"/>
		<feat xlink:href="#sTok866" value="_"/>
		<feat xlink:href="#sTok867" value="_"/>
		<feat xlink:href="#sTok868" value="us-ed"/>
		<feat xlink:href="#sTok868" value="us-ed"/>
		<feat xlink:href="#sTok869" value="_"/>
		<feat xlink:href="#sTok870" value="_"/>
		<feat xlink:href="#sTok871" value="_"/>
		<feat xlink:href="#sTok872" value="Heal-th"/>
		<feat xlink:href="#sTok872" value="Heal-th"/>
		<feat xlink:href="#sTok873" value="_"/>
		<feat xlink:href="#sTok874" value="_"/>
		<feat xlink:href="#sTok875" value="_"/>
		<feat xlink:href="#sTok876" value="_"/>
		<feat xlink:href="#sTok877" value="_"/>
		<feat xlink:href="#sTok878" value="specif-ic-ally"/>
		<feat xlink:href="#sTok878" value="specif-ic-ally"/>
		<feat xlink:href="#sTok879" value="_"/>
		<feat xlink:href="#sTok880" value="_"/>
		<feat xlink:href="#sTok881" value="analyz-ing"/>
		<feat xlink:href="#sTok881" value="analyz-ing"/>
		<feat xlink:href="#sTok882" value="weigh-t-ed"/>
		<feat xlink:href="#sTok882" value="weigh-t-ed"/>
		<feat xlink:href="#sTok883" value="_"/>
		<feat xlink:href="#sTok884" value="dat-a"/>
		<feat xlink:href="#sTok884" value="dat-a"/>
		<feat xlink:href="#sTok885" value="employ-ing"/>
		<feat xlink:href="#sTok885" value="employ-ing"/>
		<feat xlink:href="#sTok886" value="_"/>
		<feat xlink:href="#sTok887" value="_"/>
		<feat xlink:href="#sTok888" value="_"/>
		<feat xlink:href="#sTok889" value="_"/>
		<feat xlink:href="#sTok890" value="command-s"/>
		<feat xlink:href="#sTok890" value="command-s"/>
		<feat xlink:href="#sTok891" value="_"/>
		<feat xlink:href="#sTok892" value="_"/>
		<feat xlink:href="#sTok893" value="_"/>
		<feat xlink:href="#sTok894" value="conven-tion-al"/>
		<feat xlink:href="#sTok894" value="conven-tion-al"/>
		<feat xlink:href="#sTok895" value="Pear-son"/>
		<feat xlink:href="#sTok895" value="Pear-son"/>
		<feat xlink:href="#sTok896" value="_"/>
		<feat xlink:href="#sTok897" value="_"/>
		<feat xlink:href="#sTok898" value="_"/>
		<feat xlink:href="#sTok899" value="_"/>
		<feat xlink:href="#sTok900" value="independ-ence"/>
		<feat xlink:href="#sTok900" value="independ-ence"/>
		<feat xlink:href="#sTok901" value="_"/>
		<feat xlink:href="#sTok902" value="convert-ed"/>
		<feat xlink:href="#sTok902" value="convert-ed"/>
		<feat xlink:href="#sTok903" value="in-to"/>
		<feat xlink:href="#sTok903" value="in-to"/>
		<feat xlink:href="#sTok904" value="_"/>
		<feat xlink:href="#sTok905" value="_"/>
		<feat xlink:href="#sTok906" value="_"/>
		<feat xlink:href="#sTok907" value="_"/>
		<feat xlink:href="#sTok908" value="_"/>
		<feat xlink:href="#sTok909" value="non-integer"/>
		<feat xlink:href="#sTok909" value="non-integer"/>
		<feat xlink:href="#sTok910" value="degree-s"/>
		<feat xlink:href="#sTok910" value="degree-s"/>
		<feat xlink:href="#sTok911" value="_"/>
		<feat xlink:href="#sTok912" value="free-dom"/>
		<feat xlink:href="#sTok912" value="free-dom"/>
		<feat xlink:href="#sTok913" value="_"/>
		<feat xlink:href="#sTok914" value="us-ing"/>
		<feat xlink:href="#sTok914" value="us-ing"/>
		<feat xlink:href="#sTok915" value="_"/>
		<feat xlink:href="#sTok916" value="_"/>
		<feat xlink:href="#sTok917" value="_"/>
		<feat xlink:href="#sTok918" value="_"/>
		<feat xlink:href="#sTok919" value="_"/>
		<feat xlink:href="#sTok920" value="_"/>
		<feat xlink:href="#sTok921" value="_"/>
		<feat xlink:href="#sTok922" value="_"/>
		<feat xlink:href="#sTok923" value="_"/>
		<feat xlink:href="#sTok924" value="_"/>
		<feat xlink:href="#sTok925" value="_"/>
		<feat xlink:href="#sTok926" value="_"/>
		<feat xlink:href="#sTok927" value="_"/>
		<feat xlink:href="#sTok928" value="_"/>
		<feat xlink:href="#sTok929" value="_"/>
		<feat xlink:href="#sTok930" value="_"/>
		<feat xlink:href="#sTok931" value="_"/>
		<feat xlink:href="#sTok932" value="_"/>
		<feat xlink:href="#sTok933" value="correct-ion"/>
		<feat xlink:href="#sTok933" value="correct-ion"/>
		<feat xlink:href="#sTok934" value="_"/>
		<feat xlink:href="#sTok935" value="_"/>
		<feat xlink:href="#sTok936" value="_"/>
		<feat xlink:href="#sTok937" value="_"/>
		<feat xlink:href="#sTok938" value="_"/>
		<feat xlink:href="#sTok939" value="_"/>
		<feat xlink:href="#sTok940" value="_"/>
		<feat xlink:href="#sTok941" value="_"/>
		<feat xlink:href="#sTok942" value="_"/>
		<feat xlink:href="#sTok943" value="associat-ed"/>
		<feat xlink:href="#sTok943" value="associat-ed"/>
		<feat xlink:href="#sTok944" value="_"/>
		<feat xlink:href="#sTok945" value="_"/>
		<feat xlink:href="#sTok946" value="_"/>
		<feat xlink:href="#sTok947" value="_"/>
		<feat xlink:href="#sTok948" value="bas-ed"/>
		<feat xlink:href="#sTok948" value="bas-ed"/>
		<feat xlink:href="#sTok949" value="_"/>
		<feat xlink:href="#sTok950" value="_"/>
		<feat xlink:href="#sTok951" value="_"/>
		<feat xlink:href="#sTok952" value="_"/>
		<feat xlink:href="#sTok953" value="_"/>
		<feat xlink:href="#sTok954" value="_"/>
		<feat xlink:href="#sTok955" value="_"/>
		<feat xlink:href="#sTok956" value="_"/>
		<feat xlink:href="#sTok957" value="associat-ed"/>
		<feat xlink:href="#sTok957" value="associat-ed"/>
		<feat xlink:href="#sTok958" value="_"/>
		<feat xlink:href="#sTok959" value="_"/>
		<feat xlink:href="#sTok960" value="_"/>
		<feat xlink:href="#sTok961" value="_"/>
		<feat xlink:href="#sTok962" value="_"/>
		<feat xlink:href="#sTok963" value="giv-en"/>
		<feat xlink:href="#sTok963" value="giv-en"/>
		<feat xlink:href="#sTok964" value="_"/>
		<feat xlink:href="#sTok965" value="adjust-ment-s"/>
		<feat xlink:href="#sTok965" value="adjust-ment-s"/>
		<feat xlink:href="#sTok966" value="_"/>
		<feat xlink:href="#sTok967" value="calcul-at-ion-s"/>
		<feat xlink:href="#sTok967" value="calcul-at-ion-s"/>
		<feat xlink:href="#sTok968" value="_"/>
		<feat xlink:href="#sTok969" value="in-to"/>
		<feat xlink:href="#sTok969" value="in-to"/>
		<feat xlink:href="#sTok970" value="_"/>
		<feat xlink:href="#sTok971" value="_"/>
		<feat xlink:href="#sTok972" value="weigh-t-ed"/>
		<feat xlink:href="#sTok972" value="weigh-t-ed"/>
		<feat xlink:href="#sTok973" value="_"/>
		<feat xlink:href="#sTok974" value="_"/>
		<feat xlink:href="#sTok975" value="_"/>
		<feat xlink:href="#sTok976" value="dat-a"/>
		<feat xlink:href="#sTok976" value="dat-a"/>
		<feat xlink:href="#sTok977" value="_"/>
		<feat xlink:href="#sTok978" value="_"/>
		<feat xlink:href="#sTok979" value="_"/>
		<feat xlink:href="#sTok980" value="_"/>
		<feat xlink:href="#sTok981" value="_"/>
		<feat xlink:href="#sTok982" value="includ-ed"/>
		<feat xlink:href="#sTok982" value="includ-ed"/>
		<feat xlink:href="#sTok983" value="_"/>
		<feat xlink:href="#sTok984" value="examin-ation"/>
		<feat xlink:href="#sTok984" value="examin-ation"/>
		<feat xlink:href="#sTok985" value="_"/>
		<feat xlink:href="#sTok986" value="_"/>
		<feat xlink:href="#sTok987" value="relat-ive"/>
		<feat xlink:href="#sTok987" value="relat-ive"/>
		<feat xlink:href="#sTok988" value="distribut-ion"/>
		<feat xlink:href="#sTok988" value="distribut-ion"/>
		<feat xlink:href="#sTok989" value="_"/>
		<feat xlink:href="#sTok990" value="rac-ial"/>
		<feat xlink:href="#sTok990" value="rac-ial"/>
		<feat xlink:href="#sTok991" value="categorie-s"/>
		<feat xlink:href="#sTok991" value="categorie-s"/>
		<feat xlink:href="#sTok992" value="a-cross"/>
		<feat xlink:href="#sTok992" value="a-cross"/>
		<feat xlink:href="#sTok993" value="_"/>
		<feat xlink:href="#sTok994" value="vari-ous"/>
		<feat xlink:href="#sTok994" value="vari-ous"/>
		<feat xlink:href="#sTok995" value="report-ed"/>
		<feat xlink:href="#sTok995" value="report-ed"/>
		<feat xlink:href="#sTok996" value="reason-s"/>
		<feat xlink:href="#sTok996" value="reason-s"/>
		<feat xlink:href="#sTok997" value="_"/>
		<feat xlink:href="#sTok998" value="discriminat-ion"/>
		<feat xlink:href="#sTok998" value="discriminat-ion"/>
		<feat xlink:href="#sTok999" value="_"/>
		<feat xlink:href="#sTok1000" value="_"/>
		<feat xlink:href="#sTok1001" value="not-ed"/>
		<feat xlink:href="#sTok1001" value="not-ed"/>
		<feat xlink:href="#sTok1002" value="earli-er"/>
		<feat xlink:href="#sTok1002" value="earli-er"/>
		<feat xlink:href="#sTok1003" value="_"/>
		<feat xlink:href="#sTok1004" value="_"/>
		<feat xlink:href="#sTok1005" value="analyse-s"/>
		<feat xlink:href="#sTok1005" value="analyse-s"/>
		<feat xlink:href="#sTok1006" value="_"/>
		<feat xlink:href="#sTok1007" value="weigh-t-ed"/>
		<feat xlink:href="#sTok1007" value="weigh-t-ed"/>
		<feat xlink:href="#sTok1008" value="accord-ing"/>
		<feat xlink:href="#sTok1008" value="accord-ing"/>
		<feat xlink:href="#sTok1009" value="_"/>
		<feat xlink:href="#sTok1010" value="_"/>
		<feat xlink:href="#sTok1011" value="_"/>
		<feat xlink:href="#sTok1012" value="weigh-t"/>
		<feat xlink:href="#sTok1012" value="weigh-t"/>
		<feat xlink:href="#sTok1013" value="provid-ed"/>
		<feat xlink:href="#sTok1013" value="provid-ed"/>
		<feat xlink:href="#sTok1014" value="_"/>
		<feat xlink:href="#sTok1015" value="_"/>
		<feat xlink:href="#sTok1016" value="_"/>
		<feat xlink:href="#sTok1017" value="Heal-th"/>
		<feat xlink:href="#sTok1017" value="Heal-th"/>
		<feat xlink:href="#sTok1018" value="_"/>
		<feat xlink:href="#sTok1019" value="_"/>
		<feat xlink:href="#sTok1020" value="_"/>
		<feat xlink:href="#sTok1021" value="stand-ard"/>
		<feat xlink:href="#sTok1021" value="stand-ard"/>
		<feat xlink:href="#sTok1022" value="err-or-s"/>
		<feat xlink:href="#sTok1022" value="err-or-s"/>
		<feat xlink:href="#sTok1023" value="_"/>
		<feat xlink:href="#sTok1024" value="correct-ed"/>
		<feat xlink:href="#sTok1024" value="correct-ed"/>
		<feat xlink:href="#sTok1025" value="_"/>
		<feat xlink:href="#sTok1026" value="_"/>
		<feat xlink:href="#sTok1027" value="cluster-ing"/>
		<feat xlink:href="#sTok1027" value="cluster-ing"/>
		<feat xlink:href="#sTok1028" value="_"/>
		<feat xlink:href="#sTok1029" value="strat-ification"/>
		<feat xlink:href="#sTok1029" value="strat-ification"/>
		<feat xlink:href="#sTok1030" value="_"/>
		<feat xlink:href="#sTok1031" value="defin-ed"/>
		<feat xlink:href="#sTok1031" value="defin-ed"/>
		<feat xlink:href="#sTok1032" value="_"/>
		<feat xlink:href="#sTok1033" value="sampl-ing"/>
		<feat xlink:href="#sTok1033" value="sampl-ing"/>
		<feat xlink:href="#sTok1034" value="_"/>
		<feat xlink:href="#sTok1035" value="_"/>
		<feat xlink:href="#sTok1036" value="_"/>
		<feat xlink:href="#sTok1037" value="_"/>
		<feat xlink:href="#sTok1038" value="_"/>
		<feat xlink:href="#sTok1039" value="estimate-s"/>
		<feat xlink:href="#sTok1039" value="estimate-s"/>
		<feat xlink:href="#sTok1040" value="report-ed"/>
		<feat xlink:href="#sTok1040" value="report-ed"/>
		<feat xlink:href="#sTok1041" value="_"/>
		<feat xlink:href="#sTok1042" value="_"/>
		<feat xlink:href="#sTok1043" value="_"/>
		<feat xlink:href="#sTok1044" value="consider-ed"/>
		<feat xlink:href="#sTok1044" value="consider-ed"/>
		<feat xlink:href="#sTok1045" value="nation-al-ly"/>
		<feat xlink:href="#sTok1045" value="nation-al-ly"/>
		<feat xlink:href="#sTok1046" value="represent-ative"/>
		<feat xlink:href="#sTok1046" value="represent-ative"/>
		<feat xlink:href="#sTok1047" value="_"/>
		<feat xlink:href="#sTok1048" value="_"/>
		<feat xlink:href="#sTok1049" value="Unit-ed"/>
		<feat xlink:href="#sTok1049" value="Unit-ed"/>
		<feat xlink:href="#sTok1050" value="State-s"/>
		<feat xlink:href="#sTok1050" value="State-s"/>
		<feat xlink:href="#sTok1051" value="_"/></featList></paula>