<?xml version='1.0' encoding='UTF-8'?><!DOCTYPE paula SYSTEM "paula_feat.dtd">
<paula version="1.1">
	<header paula_id="GUM_academic_discrimination.tok_xpos"/>
	<featList xmlns:xlink="http://www.w3.org/1999/xlink" type="xpos" xml:base="GUM_academic_discrimination.tok.xml">
		<feat xlink:href="#sTok1" value="DT"/>
		<feat xlink:href="#sTok2" value="NN"/>
		<feat xlink:href="#sTok3" value="IN"/>
		<feat xlink:href="#sTok4" value="NN"/>
		<feat xlink:href="#sTok5" value="IN"/>
		<feat xlink:href="#sTok6" value="JJ"/>
		<feat xlink:href="#sTok7" value="NNS"/>
		<feat xlink:href="#sTok8" value="IN"/>
		<feat xlink:href="#sTok9" value="JJ"/>
		<feat xlink:href="#sTok10" value="NNP"/>
		<feat xlink:href="#sTok11" value=":"/>
		<feat xlink:href="#sTok12" value="NNS"/>
		<feat xlink:href="#sTok13" value="IN"/>
		<feat xlink:href="#sTok14" value="DT"/>
		<feat xlink:href="#sTok15" value="RB"/>
		<feat xlink:href="#sTok16" value="JJ"/>
		<feat xlink:href="#sTok17" value="NN"/>
		<feat xlink:href="#sTok18" value="IN"/>
		<feat xlink:href="#sTok19" value="NNS"/>
		<feat xlink:href="#sTok20" value="NN"/>
		<feat xlink:href="#sTok21" value="."/>
		<feat xlink:href="#sTok22" value="JJ"/>
		<feat xlink:href="#sTok23" value="NNS"/>
		<feat xlink:href="#sTok24" value="IN"/>
		<feat xlink:href="#sTok25" value="NN"/>
		<feat xlink:href="#sTok26" value="CC"/>
		<feat xlink:href="#sTok27" value="NN"/>
		<feat xlink:href="#sTok28" value="VBP"/>
		<feat xlink:href="#sTok29" value="VBN"/>
		<feat xlink:href="#sTok30" value="DT"/>
		<feat xlink:href="#sTok31" value="NN"/>
		<feat xlink:href="#sTok32" value="IN"/>
		<feat xlink:href="#sTok33" value="JJ"/>
		<feat xlink:href="#sTok34" value="JJ"/>
		<feat xlink:href="#sTok35" value="NN"/>
		<feat xlink:href="#sTok36" value="NN"/>
		<feat xlink:href="#sTok37" value="."/>
		<feat xlink:href="#sTok38" value="-LRB-"/>
		<feat xlink:href="#sTok39" value="CD"/>
		<feat xlink:href="#sTok40" value="SYM"/>
		<feat xlink:href="#sTok41" value="CD"/>
		<feat xlink:href="#sTok42" value="-RRB-"/>
		<feat xlink:href="#sTok43" value="NNS"/>
		<feat xlink:href="#sTok44" value="VBP"/>
		<feat xlink:href="#sTok45" value="VBN"/>
		<feat xlink:href="#sTok46" value="DT"/>
		<feat xlink:href="#sTok47" value="JJ"/>
		<feat xlink:href="#sTok48" value="NNS"/>
		<feat xlink:href="#sTok49" value="IN"/>
		<feat xlink:href="#sTok50" value="NN"/>
		<feat xlink:href="#sTok51" value="-LRB-"/>
		<feat xlink:href="#sTok52" value="CD"/>
		<feat xlink:href="#sTok53" value="SYM"/>
		<feat xlink:href="#sTok54" value="CD"/>
		<feat xlink:href="#sTok55" value="-RRB-"/>
		<feat xlink:href="#sTok56" value=":"/>
		<feat xlink:href="#sTok57" value="NNS"/>
		<feat xlink:href="#sTok58" value="VBP"/>
		<feat xlink:href="#sTok59" value="VBN"/>
		<feat xlink:href="#sTok60" value="DT"/>
		<feat xlink:href="#sTok61" value="JJ"/>
		<feat xlink:href="#sTok62" value="NNS"/>
		<feat xlink:href="#sTok63" value="WDT"/>
		<feat xlink:href="#sTok64" value="VBP"/>
		<feat xlink:href="#sTok65" value="JJ"/>
		<feat xlink:href="#sTok66" value="CC"/>
		<feat xlink:href="#sTok67" value="JJ"/>
		<feat xlink:href="#sTok68" value="NNS"/>
		<feat xlink:href="#sTok69" value="-LRB-"/>
		<feat xlink:href="#sTok70" value="CD"/>
		<feat xlink:href="#sTok71" value="-RRB-"/>
		<feat xlink:href="#sTok72" value=":"/>
		<feat xlink:href="#sTok73" value="NNS"/>
		<feat xlink:href="#sTok74" value="VBP"/>
		<feat xlink:href="#sTok75" value="VBN"/>
		<feat xlink:href="#sTok76" value="DT"/>
		<feat xlink:href="#sTok77" value="JJ"/>
		<feat xlink:href="#sTok78" value="NNS"/>
		<feat xlink:href="#sTok79" value="IN"/>
		<feat xlink:href="#sTok80" value="NN"/>
		<feat xlink:href="#sTok81" value="-LRB-"/>
		<feat xlink:href="#sTok82" value="CD"/>
		<feat xlink:href="#sTok83" value="SYM"/>
		<feat xlink:href="#sTok84" value="CD"/>
		<feat xlink:href="#sTok85" value="-RRB-"/>
		<feat xlink:href="#sTok86" value=":"/>
		<feat xlink:href="#sTok87" value="CC"/>
		<feat xlink:href="#sTok88" value="JJ"/>
		<feat xlink:href="#sTok89" value="NNS"/>
		<feat xlink:href="#sTok90" value="VBP"/>
		<feat xlink:href="#sTok91" value="VBN"/>
		<feat xlink:href="#sTok92" value="DT"/>
		<feat xlink:href="#sTok93" value="JJ"/>
		<feat xlink:href="#sTok94" value="NNS"/>
		<feat xlink:href="#sTok95" value="IN"/>
		<feat xlink:href="#sTok96" value="IN"/>
		<feat xlink:href="#sTok97" value="HYPH"/>
		<feat xlink:href="#sTok98" value="NN"/>
		<feat xlink:href="#sTok99" value="SYM"/>
		<feat xlink:href="#sTok100" value="IN"/>
		<feat xlink:href="#sTok101" value="HYPH"/>
		<feat xlink:href="#sTok102" value="NN"/>
		<feat xlink:href="#sTok103" value="NNS"/>
		<feat xlink:href="#sTok104" value="VBD"/>
		<feat xlink:href="#sTok105" value="IN"/>
		<feat xlink:href="#sTok106" value="DT"/>
		<feat xlink:href="#sTok107" value="NN"/>
		<feat xlink:href="#sTok108" value="IN"/>
		<feat xlink:href="#sTok109" value="PRP$"/>
		<feat xlink:href="#sTok110" value="NN"/>
		<feat xlink:href="#sTok111" value="."/>
		<feat xlink:href="#sTok112" value="-LRB-"/>
		<feat xlink:href="#sTok113" value="CD"/>
		<feat xlink:href="#sTok114" value="-RRB-"/>
		<feat xlink:href="#sTok115" value="IN"/>
		<feat xlink:href="#sTok116" value="JJ"/>
		<feat xlink:href="#sTok117" value="NNS"/>
		<feat xlink:href="#sTok118" value=","/>
		<feat xlink:href="#sTok119" value="NNS"/>
		<feat xlink:href="#sTok120" value="RB"/>
		<feat xlink:href="#sTok121" value="VBP"/>
		<feat xlink:href="#sTok122" value="DT"/>
		<feat xlink:href="#sTok123" value="NN"/>
		<feat xlink:href="#sTok124" value="IN"/>
		<feat xlink:href="#sTok125" value="NN"/>
		<feat xlink:href="#sTok126" value="VBG"/>
		<feat xlink:href="#sTok127" value="DT"/>
		<feat xlink:href="#sTok128" value="NNS"/>
		<feat xlink:href="#sTok129" value="CC"/>
		<feat xlink:href="#sTok130" value="NNS"/>
		<feat xlink:href="#sTok131" value="IN"/>
		<feat xlink:href="#sTok132" value="NN"/>
		<feat xlink:href="#sTok133" value="CC"/>
		<feat xlink:href="#sTok134" value="NN"/>
		<feat xlink:href="#sTok135" value="."/>
		<feat xlink:href="#sTok136" value="-LRB-"/>
		<feat xlink:href="#sTok137" value="CD"/>
		<feat xlink:href="#sTok138" value="-RRB-"/>
		<feat xlink:href="#sTok139" value="WP"/>
		<feat xlink:href="#sTok140" value="RB"/>
		<feat xlink:href="#sTok141" value="MD"/>
		<feat xlink:href="#sTok142" value="RB"/>
		<feat xlink:href="#sTok143" value="VB"/>
		<feat xlink:href="#sTok144" value="VBN"/>
		<feat xlink:href="#sTok145" value="IN"/>
		<feat xlink:href="#sTok146" value="NN"/>
		<feat xlink:href="#sTok147" value="IN"/>
		<feat xlink:href="#sTok148" value="NN"/>
		<feat xlink:href="#sTok149" value="VBZ"/>
		<feat xlink:href="#sTok150" value="DT"/>
		<feat xlink:href="#sTok151" value="VBG"/>
		<feat xlink:href="#sTok152" value="NN"/>
		<feat xlink:href="#sTok153" value="TO"/>
		<feat xlink:href="#sTok154" value="VB"/>
		<feat xlink:href="#sTok155" value="JJ"/>
		<feat xlink:href="#sTok156" value="NN"/>
		<feat xlink:href="#sTok157" value="VBN"/>
		<feat xlink:href="#sTok158" value="IN"/>
		<feat xlink:href="#sTok159" value="VBG"/>
		<feat xlink:href="#sTok160" value="DT"/>
		<feat xlink:href="#sTok161" value="NN"/>
		<feat xlink:href="#sTok162" value="IN"/>
		<feat xlink:href="#sTok163" value="JJ"/>
		<feat xlink:href="#sTok164" value="NNS"/>
		<feat xlink:href="#sTok165" value="."/>
		<feat xlink:href="#sTok166" value="JJ"/>
		<feat xlink:href="#sTok167" value="NN"/>
		<feat xlink:href="#sTok168" value="NNS"/>
		<feat xlink:href="#sTok169" value="IN"/>
		<feat xlink:href="#sTok170" value="JJ"/>
		<feat xlink:href="#sTok171" value="NNS"/>
		<feat xlink:href="#sTok172" value=","/>
		<feat xlink:href="#sTok173" value="IN"/>
		<feat xlink:href="#sTok174" value="NN"/>
		<feat xlink:href="#sTok175" value=","/>
		<feat xlink:href="#sTok176" value="VBP"/>
		<feat xlink:href="#sTok177" value="VBN"/>
		<feat xlink:href="#sTok178" value="TO"/>
		<feat xlink:href="#sTok179" value="VB"/>
		<feat xlink:href="#sTok180" value="NN"/>
		<feat xlink:href="#sTok181" value="IN"/>
		<feat xlink:href="#sTok182" value="DT"/>
		<feat xlink:href="#sTok183" value="NN"/>
		<feat xlink:href="#sTok184" value="IN"/>
		<feat xlink:href="#sTok185" value="VBG"/>
		<feat xlink:href="#sTok186" value="DT"/>
		<feat xlink:href="#sTok187" value="NN"/>
		<feat xlink:href="#sTok188" value="IN"/>
		<feat xlink:href="#sTok189" value="NNS"/>
		<feat xlink:href="#sTok190" value="VBG"/>
		<feat xlink:href="#sTok191" value="DT"/>
		<feat xlink:href="#sTok192" value="NNS"/>
		<feat xlink:href="#sTok193" value="VBG"/>
		<feat xlink:href="#sTok194" value="NN"/>
		<feat xlink:href="#sTok195" value="NN"/>
		<feat xlink:href="#sTok196" value="NNS"/>
		<feat xlink:href="#sTok197" value="."/>
		<feat xlink:href="#sTok198" value="-LRB-"/>
		<feat xlink:href="#sTok199" value="CD"/>
		<feat xlink:href="#sTok200" value="-RRB-"/>
		<feat xlink:href="#sTok201" value="RB"/>
		<feat xlink:href="#sTok202" value=","/>
		<feat xlink:href="#sTok203" value="DT"/>
		<feat xlink:href="#sTok204" value="NN"/>
		<feat xlink:href="#sTok205" value="IN"/>
		<feat xlink:href="#sTok206" value="JJ"/>
		<feat xlink:href="#sTok207" value="NNS"/>
		<feat xlink:href="#sTok208" value="VBZ"/>
		<feat xlink:href="#sTok209" value="VBN"/>
		<feat xlink:href="#sTok210" value="IN"/>
		<feat xlink:href="#sTok211" value="DT"/>
		<feat xlink:href="#sTok212" value="NN"/>
		<feat xlink:href="#sTok213" value="IN"/>
		<feat xlink:href="#sTok214" value="NN"/>
		<feat xlink:href="#sTok215" value="CC"/>
		<feat xlink:href="#sTok216" value="NNS"/>
		<feat xlink:href="#sTok217" value="VBP"/>
		<feat xlink:href="#sTok218" value=","/>
		<feat xlink:href="#sTok219" value="IN"/>
		<feat xlink:href="#sTok220" value="JJS"/>
		<feat xlink:href="#sTok221" value="IN"/>
		<feat xlink:href="#sTok222" value="DT"/>
		<feat xlink:href="#sTok223" value="JJ"/>
		<feat xlink:href="#sTok224" value="NN"/>
		<feat xlink:href="#sTok225" value=","/>
		<feat xlink:href="#sTok226" value="JJ"/>
		<feat xlink:href="#sTok227" value="IN"/>
		<feat xlink:href="#sTok228" value="JJ"/>
		<feat xlink:href="#sTok229" value="NN"/>
		<feat xlink:href="#sTok230" value="."/>
		<feat xlink:href="#sTok231" value="RB"/>
		<feat xlink:href="#sTok232" value="RB"/>
		<feat xlink:href="#sTok233" value=","/>
		<feat xlink:href="#sTok234" value="NNS"/>
		<feat xlink:href="#sTok235" value="IN"/>
		<feat xlink:href="#sTok236" value="DT"/>
		<feat xlink:href="#sTok237" value="NN"/>
		<feat xlink:href="#sTok238" value="IN"/>
		<feat xlink:href="#sTok239" value="VBN"/>
		<feat xlink:href="#sTok240" value="NN"/>
		<feat xlink:href="#sTok241" value="VBZ"/>
		<feat xlink:href="#sTok242" value="JJ"/>
		<feat xlink:href="#sTok243" value="-LRB-"/>
		<feat xlink:href="#sTok244" value="VB"/>
		<feat xlink:href="#sTok245" value="-LRB-"/>
		<feat xlink:href="#sTok246" value="CD"/>
		<feat xlink:href="#sTok247" value="SYM"/>
		<feat xlink:href="#sTok248" value="CD"/>
		<feat xlink:href="#sTok249" value="-RRB-"/>
		<feat xlink:href="#sTok250" value="-RRB-"/>
		<feat xlink:href="#sTok251" value="."/>
		<feat xlink:href="#sTok252" value="IN"/>
		<feat xlink:href="#sTok253" value="JJS"/>
		<feat xlink:href="#sTok254" value="CD"/>
		<feat xlink:href="#sTok255" value="JJ"/>
		<feat xlink:href="#sTok256" value="NN"/>
		<feat xlink:href="#sTok257" value="IN"/>
		<feat xlink:href="#sTok258" value="NNP"/>
		<feat xlink:href="#sTok259" value="CC"/>
		<feat xlink:href="#sTok260" value="NNS"/>
		<feat xlink:href="#sTok261" value="-LRB-"/>
		<feat xlink:href="#sTok262" value="CD"/>
		<feat xlink:href="#sTok263" value="-RRB-"/>
		<feat xlink:href="#sTok264" value=","/>
		<feat xlink:href="#sTok265" value="RB"/>
		<feat xlink:href="#sTok266" value=","/>
		<feat xlink:href="#sTok267" value="VBG"/>
		<feat xlink:href="#sTok268" value="NNS"/>
		<feat xlink:href="#sTok269" value="IN"/>
		<feat xlink:href="#sTok270" value="VBN"/>
		<feat xlink:href="#sTok271" value="NN"/>
		<feat xlink:href="#sTok272" value="IN"/>
		<feat xlink:href="#sTok273" value="DT"/>
		<feat xlink:href="#sTok274" value="JJ"/>
		<feat xlink:href="#sTok275" value="JJ"/>
		<feat xlink:href="#sTok276" value="NN"/>
		<feat xlink:href="#sTok277" value=","/>
		<feat xlink:href="#sTok278" value="VBD"/>
		<feat xlink:href="#sTok279" value="IN"/>
		<feat xlink:href="#sTok280" value="RB"/>
		<feat xlink:href="#sTok281" value="CD"/>
		<feat xlink:href="#sTok282" value="NN"/>
		<feat xlink:href="#sTok283" value="IN"/>
		<feat xlink:href="#sTok284" value="NNS"/>
		<feat xlink:href="#sTok285" value="VBD"/>
		<feat xlink:href="#sTok286" value="DT"/>
		<feat xlink:href="#sTok287" value="NN"/>
		<feat xlink:href="#sTok288" value="IN"/>
		<feat xlink:href="#sTok289" value="NN"/>
		<feat xlink:href="#sTok290" value="-LRB-"/>
		<feat xlink:href="#sTok291" value="VB"/>
		<feat xlink:href="#sTok292" value="RB"/>
		<feat xlink:href="#sTok293" value=","/>
		<feat xlink:href="#sTok294" value="NNP"/>
		<feat xlink:href="#sTok295" value="FW"/>
		<feat xlink:href="#sTok296" value="FW"/>
		<feat xlink:href="#sTok297" value="-LRB-"/>
		<feat xlink:href="#sTok298" value="CD"/>
		<feat xlink:href="#sTok299" value="-RRB-"/>
		<feat xlink:href="#sTok300" value="-RRB-"/>
		<feat xlink:href="#sTok301" value="."/>
		<feat xlink:href="#sTok302" value="DT"/>
		<feat xlink:href="#sTok303" value="JJ"/>
		<feat xlink:href="#sTok304" value="NN"/>
		<feat xlink:href="#sTok305" value="VBZ"/>
		<feat xlink:href="#sTok306" value="TO"/>
		<feat xlink:href="#sTok307" value="VB"/>
		<feat xlink:href="#sTok308" value="IN"/>
		<feat xlink:href="#sTok309" value="DT"/>
		<feat xlink:href="#sTok310" value="NN"/>
		<feat xlink:href="#sTok311" value="IN"/>
		<feat xlink:href="#sTok312" value="VBG"/>
		<feat xlink:href="#sTok313" value="DT"/>
		<feat xlink:href="#sTok314" value="NN"/>
		<feat xlink:href="#sTok315" value="IN"/>
		<feat xlink:href="#sTok316" value="NN"/>
		<feat xlink:href="#sTok317" value="NNS"/>
		<feat xlink:href="#sTok318" value="IN"/>
		<feat xlink:href="#sTok319" value="DT"/>
		<feat xlink:href="#sTok320" value="JJ"/>
		<feat xlink:href="#sTok321" value=","/>
		<feat xlink:href="#sTok322" value="RB"/>
		<feat xlink:href="#sTok323" value="JJ"/>
		<feat xlink:href="#sTok324" value="NN"/>
		<feat xlink:href="#sTok325" value="IN"/>
		<feat xlink:href="#sTok326" value="NNS"/>
		<feat xlink:href="#sTok327" value="IN"/>
		<feat xlink:href="#sTok328" value="DT"/>
		<feat xlink:href="#sTok329" value="NNP"/>
		<feat xlink:href="#sTok330" value="NNPS"/>
		<feat xlink:href="#sTok331" value="."/>
		<feat xlink:href="#sTok332" value="RB"/>
		<feat xlink:href="#sTok333" value=","/>
		<feat xlink:href="#sTok334" value="DT"/>
		<feat xlink:href="#sTok335" value="NN"/>
		<feat xlink:href="#sTok336" value="VBP"/>
		<feat xlink:href="#sTok337" value="DT"/>
		<feat xlink:href="#sTok338" value="VBN"/>
		<feat xlink:href="#sTok339" value="NNS"/>
		<feat xlink:href="#sTok340" value="IN"/>
		<feat xlink:href="#sTok341" value="VBN"/>
		<feat xlink:href="#sTok342" value="NN"/>
		<feat xlink:href="#sTok343" value="NNS"/>
		<feat xlink:href="#sTok344" value="."/>
		<feat xlink:href="#sTok345" value="NN"/>
		<feat xlink:href="#sTok346" value="IN"/>
		<feat xlink:href="#sTok347" value="NN"/>
		<feat xlink:href="#sTok348" value="."/>
		<feat xlink:href="#sTok349" value="DT"/>
		<feat xlink:href="#sTok350" value="NNS"/>
		<feat xlink:href="#sTok351" value="WP"/>
		<feat xlink:href="#sTok352" value="VBD"/>
		<feat xlink:href="#sTok353" value="PRP"/>
		<feat xlink:href="#sTok354" value="VBD"/>
		<feat xlink:href="#sTok355" value="VBN"/>
		<feat xlink:href="#sTok356" value="IN"/>
		<feat xlink:href="#sTok357" value=":"/>
		<feat xlink:href="#sTok358" value="RB"/>
		<feat xlink:href="#sTok359" value=","/>
		<feat xlink:href="#sTok360" value="DT"/>
		<feat xlink:href="#sTok361" value="WP"/>
		<feat xlink:href="#sTok362" value="VBD"/>
		<feat xlink:href="#sTok363" value="IN"/>
		<feat xlink:href="#sTok364" value="RB"/>
		<feat xlink:href="#sTok365" value="CC"/>
		<feat xlink:href="#sTok366" value="RB"/>
		<feat xlink:href="#sTok367" value="IN"/>
		<feat xlink:href="#sTok368" value="DT"/>
		<feat xlink:href="#sTok369" value="VBN"/>
		<feat xlink:href="#sTok370" value="NN"/>
		<feat xlink:href="#sTok371" value="NN"/>
		<feat xlink:href="#sTok372" value="VBN"/>
		<feat xlink:href="#sTok373" value="RB"/>
		<feat xlink:href="#sTok374" value=":"/>
		<feat xlink:href="#sTok375" value="VBD"/>
		<feat xlink:href="#sTok376" value="VBN"/>
		<feat xlink:href="#sTok377" value="DT"/>
		<feat xlink:href="#sTok378" value="VBG"/>
		<feat xlink:href="#sTok379" value="NN"/>
		<feat xlink:href="#sTok380" value=":"/>
		<feat xlink:href="#sTok381" value="``"/>
		<feat xlink:href="#sTok382" value="WP"/>
		<feat xlink:href="#sTok383" value="VBP"/>
		<feat xlink:href="#sTok384" value="PRP"/>
		<feat xlink:href="#sTok385" value="VB"/>
		<feat xlink:href="#sTok386" value="VBD"/>
		<feat xlink:href="#sTok387" value="DT"/>
		<feat xlink:href="#sTok388" value="JJ"/>
		<feat xlink:href="#sTok389" value="NN"/>
		<feat xlink:href="#sTok390" value="IN"/>
		<feat xlink:href="#sTok391" value="DT"/>
		<feat xlink:href="#sTok392" value="NNS"/>
		<feat xlink:href="#sTok393" value="."/>
		<feat xlink:href="#sTok394" value="''"/>
		<feat xlink:href="#sTok395" value="NNS"/>
		<feat xlink:href="#sTok396" value="VBD"/>
		<feat xlink:href="#sTok397" value="VBN"/>
		<feat xlink:href="#sTok398" value="TO"/>
		<feat xlink:href="#sTok399" value="VB"/>
		<feat xlink:href="#sTok400" value="CD"/>
		<feat xlink:href="#sTok401" value="NN"/>
		<feat xlink:href="#sTok402" value="IN"/>
		<feat xlink:href="#sTok403" value="CD"/>
		<feat xlink:href="#sTok404" value="NNS"/>
		<feat xlink:href="#sTok405" value="."/>
		<feat xlink:href="#sTok406" value="IN"/>
		<feat xlink:href="#sTok407" value="DT"/>
		<feat xlink:href="#sTok408" value="JJ"/>
		<feat xlink:href="#sTok409" value="NN"/>
		<feat xlink:href="#sTok410" value=","/>
		<feat xlink:href="#sTok411" value="DT"/>
		<feat xlink:href="#sTok412" value="NNS"/>
		<feat xlink:href="#sTok413" value="VBD"/>
		<feat xlink:href="#sTok414" value="VBN"/>
		<feat xlink:href="#sTok415" value="IN"/>
		<feat xlink:href="#sTok416" value="CD"/>
		<feat xlink:href="#sTok417" value="RB"/>
		<feat xlink:href="#sTok418" value="JJ"/>
		<feat xlink:href="#sTok419" value="NNS"/>
		<feat xlink:href="#sTok420" value="VBG"/>
		<feat xlink:href="#sTok421" value="DT"/>
		<feat xlink:href="#sTok422" value="VBG"/>
		<feat xlink:href="#sTok423" value="NNS"/>
		<feat xlink:href="#sTok424" value=":"/>
		<feat xlink:href="#sTok425" value="NN"/>
		<feat xlink:href="#sTok426" value="SYM"/>
		<feat xlink:href="#sTok427" value="NN"/>
		<feat xlink:href="#sTok428" value="SYM"/>
		<feat xlink:href="#sTok429" value="NN"/>
		<feat xlink:href="#sTok430" value="NN"/>
		<feat xlink:href="#sTok431" value=":"/>
		<feat xlink:href="#sTok432" value="NN"/>
		<feat xlink:href="#sTok433" value=":"/>
		<feat xlink:href="#sTok434" value="NN"/>
		<feat xlink:href="#sTok435" value=":"/>
		<feat xlink:href="#sTok436" value="NN"/>
		<feat xlink:href="#sTok437" value=":"/>
		<feat xlink:href="#sTok438" value="NN"/>
		<feat xlink:href="#sTok439" value="CC"/>
		<feat xlink:href="#sTok440" value="NN"/>
		<feat xlink:href="#sTok441" value=":"/>
		<feat xlink:href="#sTok442" value="JJ"/>
		<feat xlink:href="#sTok443" value="NN"/>
		<feat xlink:href="#sTok444" value=":"/>
		<feat xlink:href="#sTok445" value="NN"/>
		<feat xlink:href="#sTok446" value="CC"/>
		<feat xlink:href="#sTok447" value="NN"/>
		<feat xlink:href="#sTok448" value=":"/>
		<feat xlink:href="#sTok449" value="JJ"/>
		<feat xlink:href="#sTok450" value="NN"/>
		<feat xlink:href="#sTok451" value=":"/>
		<feat xlink:href="#sTok452" value="CC"/>
		<feat xlink:href="#sTok453" value="JJ"/>
		<feat xlink:href="#sTok454" value="."/>
		<feat xlink:href="#sTok455" value="DT"/>
		<feat xlink:href="#sTok456" value="VBG"/>
		<feat xlink:href="#sTok457" value="NNS"/>
		<feat xlink:href="#sTok458" value="IN"/>
		<feat xlink:href="#sTok459" value="DT"/>
		<feat xlink:href="#sTok460" value="JJ"/>
		<feat xlink:href="#sTok461" value="NN"/>
		<feat xlink:href="#sTok462" value="VBD"/>
		<feat xlink:href="#sTok463" value="VBN"/>
		<feat xlink:href="#sTok464" value="IN"/>
		<feat xlink:href="#sTok465" value="CD"/>
		<feat xlink:href="#sTok466" value="NN"/>
		<feat xlink:href="#sTok467" value="IN"/>
		<feat xlink:href="#sTok468" value="DT"/>
		<feat xlink:href="#sTok469" value="NN"/>
		<feat xlink:href="#sTok470" value=":"/>
		<feat xlink:href="#sTok471" value="NN"/>
		<feat xlink:href="#sTok472" value=":"/>
		<feat xlink:href="#sTok473" value="NN"/>
		<feat xlink:href="#sTok474" value="CC"/>
		<feat xlink:href="#sTok475" value="JJ"/>
		<feat xlink:href="#sTok476" value="NN"/>
		<feat xlink:href="#sTok477" value=":"/>
		<feat xlink:href="#sTok478" value="CC"/>
		<feat xlink:href="#sTok479" value="NN"/>
		<feat xlink:href="#sTok480" value="IN"/>
		<feat xlink:href="#sTok481" value="NN"/>
		<feat xlink:href="#sTok482" value="NN"/>
		<feat xlink:href="#sTok483" value="."/>
		<feat xlink:href="#sTok484" value="RB"/>
		<feat xlink:href="#sTok485" value=","/>
		<feat xlink:href="#sTok486" value="IN"/>
		<feat xlink:href="#sTok487" value="DT"/>
		<feat xlink:href="#sTok488" value="NN"/>
		<feat xlink:href="#sTok489" value="VBD"/>
		<feat xlink:href="#sTok490" value="RB"/>
		<feat xlink:href="#sTok491" value="VBN"/>
		<feat xlink:href="#sTok492" value="IN"/>
		<feat xlink:href="#sTok493" value="NNS"/>
		<feat xlink:href="#sTok494" value="WP"/>
		<feat xlink:href="#sTok495" value="VBD"/>
		<feat xlink:href="#sTok496" value="JJ"/>
		<feat xlink:href="#sTok497" value="NN"/>
		<feat xlink:href="#sTok498" value="NNS"/>
		<feat xlink:href="#sTok499" value=","/>
		<feat xlink:href="#sTok500" value="DT"/>
		<feat xlink:href="#sTok501" value="VBN"/>
		<feat xlink:href="#sTok502" value="HYPH"/>
		<feat xlink:href="#sTok503" value="RP"/>
		<feat xlink:href="#sTok504" value="NN"/>
		<feat xlink:href="#sTok505" value="NN"/>
		<feat xlink:href="#sTok506" value="VBD"/>
		<feat xlink:href="#sTok507" value="IN"/>
		<feat xlink:href="#sTok508" value="DT"/>
		<feat xlink:href="#sTok509" value="JJ"/>
		<feat xlink:href="#sTok510" value="NN"/>
		<feat xlink:href="#sTok511" value="IN"/>
		<feat xlink:href="#sTok512" value="NNS"/>
		<feat xlink:href="#sTok513" value="VBN"/>
		<feat xlink:href="#sTok514" value="IN"/>
		<feat xlink:href="#sTok515" value="JJ"/>
		<feat xlink:href="#sTok516" value="-LRB-"/>
		<feat xlink:href="#sTok517" value="JJ"/>
		<feat xlink:href="#sTok518" value="NN"/>
		<feat xlink:href="#sTok519" value="-RRB-"/>
		<feat xlink:href="#sTok520" value="."/>
		<feat xlink:href="#sTok521" value="NN"/>
		<feat xlink:href="#sTok522" value="NN"/>
		<feat xlink:href="#sTok523" value="."/>
		<feat xlink:href="#sTok524" value="IN"/>
		<feat xlink:href="#sTok525" value="DT"/>
		<feat xlink:href="#sTok526" value="NN"/>
		<feat xlink:href="#sTok527" value="NN"/>
		<feat xlink:href="#sTok528" value="VBZ"/>
		<feat xlink:href="#sTok529" value="RB"/>
		<feat xlink:href="#sTok530" value="JJ"/>
		<feat xlink:href="#sTok531" value="IN"/>
		<feat xlink:href="#sTok532" value="DT"/>
		<feat xlink:href="#sTok533" value="NNP"/>
		<feat xlink:href="#sTok534" value="CD"/>
		<feat xlink:href="#sTok535" value="NNS"/>
		<feat xlink:href="#sTok536" value=","/>
		<feat xlink:href="#sTok537" value="PRP"/>
		<feat xlink:href="#sTok538" value="VBP"/>
		<feat xlink:href="#sTok539" value="DT"/>
		<feat xlink:href="#sTok540" value="JJ"/>
		<feat xlink:href="#sTok541" value="NN"/>
		<feat xlink:href="#sTok542" value="VBN"/>
		<feat xlink:href="#sTok543" value="IN"/>
		<feat xlink:href="#sTok544" value="DT"/>
		<feat xlink:href="#sTok545" value="NN"/>
		<feat xlink:href="#sTok546" value="IN"/>
		<feat xlink:href="#sTok547" value="DT"/>
		<feat xlink:href="#sTok548" value="NNP"/>
		<feat xlink:href="#sTok549" value="CD"/>
		<feat xlink:href="#sTok550" value="NN"/>
		<feat xlink:href="#sTok551" value="."/>
		<feat xlink:href="#sTok552" value="NNP"/>
		<feat xlink:href="#sTok553" value="CD"/>
		<feat xlink:href="#sTok554" value="NN"/>
		<feat xlink:href="#sTok555" value=":"/>
		<feat xlink:href="#sTok556" value="RB"/>
		<feat xlink:href="#sTok557" value="IN"/>
		<feat xlink:href="#sTok558" value=","/>
		<feat xlink:href="#sTok559" value="VB"/>
		<feat xlink:href="#sTok560" value=","/>
		<feat xlink:href="#sTok561" value="NNP"/>
		<feat xlink:href="#sTok562" value="CD"/>
		<feat xlink:href="#sTok563" value="NN"/>
		<feat xlink:href="#sTok564" value=":"/>
		<feat xlink:href="#sTok565" value="VBD"/>
		<feat xlink:href="#sTok566" value="VBN"/>
		<feat xlink:href="#sTok567" value="TO"/>
		<feat xlink:href="#sTok568" value="VB"/>
		<feat xlink:href="#sTok569" value="NN"/>
		<feat xlink:href="#sTok570" value="NNS"/>
		<feat xlink:href="#sTok571" value="."/>
		<feat xlink:href="#sTok572" value="DT"/>
		<feat xlink:href="#sTok573" value="NN"/>
		<feat xlink:href="#sTok574" value="VBZ"/>
		<feat xlink:href="#sTok575" value="IN"/>
		<feat xlink:href="#sTok576" value="-LRB-"/>
		<feat xlink:href="#sTok577" value="RB"/>
		<feat xlink:href="#sTok578" value="-RRB-"/>
		<feat xlink:href="#sTok579" value="DT"/>
		<feat xlink:href="#sTok580" value="NNP"/>
		<feat xlink:href="#sTok581" value="CD"/>
		<feat xlink:href="#sTok582" value="NNS"/>
		<feat xlink:href="#sTok583" value="VBD"/>
		<feat xlink:href="#sTok584" value="IN"/>
		<feat xlink:href="#sTok585" value="DT"/>
		<feat xlink:href="#sTok586" value="NNP"/>
		<feat xlink:href="#sTok587" value="CD"/>
		<feat xlink:href="#sTok588" value="NN"/>
		<feat xlink:href="#sTok589" value=","/>
		<feat xlink:href="#sTok590" value="CC"/>
		<feat xlink:href="#sTok591" value="RB"/>
		<feat xlink:href="#sTok592" value="DT"/>
		<feat xlink:href="#sTok593" value="MD"/>
		<feat xlink:href="#sTok594" value="VB"/>
		<feat xlink:href="#sTok595" value="VBN"/>
		<feat xlink:href="#sTok596" value="VBN"/>
		<feat xlink:href="#sTok597" value="IN"/>
		<feat xlink:href="#sTok598" value="NNP"/>
		<feat xlink:href="#sTok599" value="CD"/>
		<feat xlink:href="#sTok600" value="JJ"/>
		<feat xlink:href="#sTok601" value="IN"/>
		<feat xlink:href="#sTok602" value="JJ"/>
		<feat xlink:href="#sTok603" value="NNS"/>
		<feat xlink:href="#sTok604" value="IN"/>
		<feat xlink:href="#sTok605" value="JJ"/>
		<feat xlink:href="#sTok606" value="NN"/>
		<feat xlink:href="#sTok607" value="."/>
		<feat xlink:href="#sTok608" value="NNS"/>
		<feat xlink:href="#sTok609" value="VBD"/>
		<feat xlink:href="#sTok610" value="VBN"/>
		<feat xlink:href="#sTok611" value="TO"/>
		<feat xlink:href="#sTok612" value="VB"/>
		<feat xlink:href="#sTok613" value="PRP$"/>
		<feat xlink:href="#sTok614" value="NN"/>
		<feat xlink:href="#sTok615" value="IN"/>
		<feat xlink:href="#sTok616" value="IN"/>
		<feat xlink:href="#sTok617" value="DT"/>
		<feat xlink:href="#sTok618" value="VBG"/>
		<feat xlink:href="#sTok619" value="NNS"/>
		<feat xlink:href="#sTok620" value=":"/>
		<feat xlink:href="#sTok621" value="NNP"/>
		<feat xlink:href="#sTok622" value=":"/>
		<feat xlink:href="#sTok623" value="NNP"/>
		<feat xlink:href="#sTok624" value="CC"/>
		<feat xlink:href="#sTok625" value="NNP"/>
		<feat xlink:href="#sTok626" value="NNP"/>
		<feat xlink:href="#sTok627" value=":"/>
		<feat xlink:href="#sTok628" value="NNP"/>
		<feat xlink:href="#sTok629" value=":"/>
		<feat xlink:href="#sTok630" value="NNP"/>
		<feat xlink:href="#sTok631" value="NNP"/>
		<feat xlink:href="#sTok632" value="CC"/>
		<feat xlink:href="#sTok633" value="NNP"/>
		<feat xlink:href="#sTok634" value="NNP"/>
		<feat xlink:href="#sTok635" value=":"/>
		<feat xlink:href="#sTok636" value="CC"/>
		<feat xlink:href="#sTok637" value="NNP"/>
		<feat xlink:href="#sTok638" value="CC"/>
		<feat xlink:href="#sTok639" value="NNP"/>
		<feat xlink:href="#sTok640" value="NNP"/>
		<feat xlink:href="#sTok641" value="."/>
		<feat xlink:href="#sTok642" value="NNS"/>
		<feat xlink:href="#sTok643" value="VBD"/>
		<feat xlink:href="#sTok644" value="VBN"/>
		<feat xlink:href="#sTok645" value="DT"/>
		<feat xlink:href="#sTok646" value="NN"/>
		<feat xlink:href="#sTok647" value="TO"/>
		<feat xlink:href="#sTok648" value="VB"/>
		<feat xlink:href="#sTok649" value="RBR"/>
		<feat xlink:href="#sTok650" value="IN"/>
		<feat xlink:href="#sTok651" value="CD"/>
		<feat xlink:href="#sTok652" value="NN"/>
		<feat xlink:href="#sTok653" value=","/>
		<feat xlink:href="#sTok654" value="CC"/>
		<feat xlink:href="#sTok655" value="DT"/>
		<feat xlink:href="#sTok656" value="WP"/>
		<feat xlink:href="#sTok657" value="VBD"/>
		<feat xlink:href="#sTok658" value="VBD"/>
		<feat xlink:href="#sTok659" value="VBN"/>
		<feat xlink:href="#sTok660" value="DT"/>
		<feat xlink:href="#sTok661" value="NN"/>
		<feat xlink:href="#sTok662" value="HYPH"/>
		<feat xlink:href="#sTok663" value="RP"/>
		<feat xlink:href="#sTok664" value="NN"/>
		<feat xlink:href="#sTok665" value="VBG"/>
		<feat xlink:href="#sTok666" value="WDT"/>
		<feat xlink:href="#sTok667" value="NN"/>
		<feat xlink:href="#sTok668" value="RBS"/>
		<feat xlink:href="#sTok669" value="VBD"/>
		<feat xlink:href="#sTok670" value="PRP$"/>
		<feat xlink:href="#sTok671" value="JJ"/>
		<feat xlink:href="#sTok672" value="NN"/>
		<feat xlink:href="#sTok673" value="."/>
		<feat xlink:href="#sTok674" value="IN"/>
		<feat xlink:href="#sTok675" value="DT"/>
		<feat xlink:href="#sTok676" value="JJ"/>
		<feat xlink:href="#sTok677" value="NN"/>
		<feat xlink:href="#sTok678" value=","/>
		<feat xlink:href="#sTok679" value="DT"/>
		<feat xlink:href="#sTok680" value="NNS"/>
		<feat xlink:href="#sTok681" value="WP"/>
		<feat xlink:href="#sTok682" value="VBD"/>
		<feat xlink:href="#sTok683" value="RBR"/>
		<feat xlink:href="#sTok684" value="IN"/>
		<feat xlink:href="#sTok685" value="CD"/>
		<feat xlink:href="#sTok686" value="NN"/>
		<feat xlink:href="#sTok687" value="VBD"/>
		<feat xlink:href="#sTok688" value="VBN"/>
		<feat xlink:href="#sTok689" value="IN"/>
		<feat xlink:href="#sTok690" value="``"/>
		<feat xlink:href="#sTok691" value="VBN"/>
		<feat xlink:href="#sTok692" value="NN"/>
		<feat xlink:href="#sTok693" value="''"/>
		<feat xlink:href="#sTok694" value="."/>
		<feat xlink:href="#sTok695" value="JJ"/>
		<feat xlink:href="#sTok696" value="NNS"/>
		<feat xlink:href="#sTok697" value="."/>
		<feat xlink:href="#sTok698" value="TO"/>
		<feat xlink:href="#sTok699" value="VB"/>
		<feat xlink:href="#sTok700" value="NN"/>
		<feat xlink:href="#sTok701" value="IN"/>
		<feat xlink:href="#sTok702" value="DT"/>
		<feat xlink:href="#sTok703" value="JJ"/>
		<feat xlink:href="#sTok704" value="NN"/>
		<feat xlink:href="#sTok705" value="IN"/>
		<feat xlink:href="#sTok706" value="DT"/>
		<feat xlink:href="#sTok707" value="NN"/>
		<feat xlink:href="#sTok708" value=","/>
		<feat xlink:href="#sTok709" value="CD"/>
		<feat xlink:href="#sTok710" value="JJ"/>
		<feat xlink:href="#sTok711" value="JJ"/>
		<feat xlink:href="#sTok712" value="NNS"/>
		<feat xlink:href="#sTok713" value="VBP"/>
		<feat xlink:href="#sTok714" value="VBN"/>
		<feat xlink:href="#sTok715" value="."/>
		<feat xlink:href="#sTok716" value="RB"/>
		<feat xlink:href="#sTok717" value=","/>
		<feat xlink:href="#sTok718" value="NN"/>
		<feat xlink:href="#sTok719" value="VBZ"/>
		<feat xlink:href="#sTok720" value="DT"/>
		<feat xlink:href="#sTok721" value="JJ"/>
		<feat xlink:href="#sTok722" value="NN"/>
		<feat xlink:href="#sTok723" value="VBN"/>
		<feat xlink:href="#sTok724" value="IN"/>
		<feat xlink:href="#sTok725" value="VBG"/>
		<feat xlink:href="#sTok726" value="DT"/>
		<feat xlink:href="#sTok727" value="NN"/>
		<feat xlink:href="#sTok728" value="IN"/>
		<feat xlink:href="#sTok729" value="DT"/>
		<feat xlink:href="#sTok730" value="NNS"/>
		<feat xlink:href="#sTok731" value="POS"/>
		<feat xlink:href="#sTok732" value="NN"/>
		<feat xlink:href="#sTok733" value="-LRB-"/>
		<feat xlink:href="#sTok734" value="VBN"/>
		<feat xlink:href="#sTok735" value="IN"/>
		<feat xlink:href="#sTok736" value="NNP"/>
		<feat xlink:href="#sTok737" value="CD"/>
		<feat xlink:href="#sTok738" value="-RRB-"/>
		<feat xlink:href="#sTok739" value="IN"/>
		<feat xlink:href="#sTok740" value="DT"/>
		<feat xlink:href="#sTok741" value="NN"/>
		<feat xlink:href="#sTok742" value="IN"/>
		<feat xlink:href="#sTok743" value="DT"/>
		<feat xlink:href="#sTok744" value="NN"/>
		<feat xlink:href="#sTok745" value="IN"/>
		<feat xlink:href="#sTok746" value="NNP"/>
		<feat xlink:href="#sTok747" value="CD"/>
		<feat xlink:href="#sTok748" value="."/>
		<feat xlink:href="#sTok749" value="RB"/>
		<feat xlink:href="#sTok750" value=","/>
		<feat xlink:href="#sTok751" value="NN"/>
		<feat xlink:href="#sTok752" value="VBD"/>
		<feat xlink:href="#sTok753" value="RB"/>
		<feat xlink:href="#sTok754" value="VBN"/>
		<feat xlink:href="#sTok755" value="VBN"/>
		<feat xlink:href="#sTok756" value="IN"/>
		<feat xlink:href="#sTok757" value="DT"/>
		<feat xlink:href="#sTok758" value="NN"/>
		<feat xlink:href="#sTok759" value="HYPH"/>
		<feat xlink:href="#sTok760" value="VBN"/>
		<feat xlink:href="#sTok761" value="NN"/>
		<feat xlink:href="#sTok762" value="IN"/>
		<feat xlink:href="#sTok763" value="DT"/>
		<feat xlink:href="#sTok764" value="NN"/>
		<feat xlink:href="#sTok765" value="IN"/>
		<feat xlink:href="#sTok766" value="NNP"/>
		<feat xlink:href="#sTok767" value="CD"/>
		<feat xlink:href="#sTok768" value="-LRB-"/>
		<feat xlink:href="#sTok769" value="CD"/>
		<feat xlink:href="#sTok770" value="SYM"/>
		<feat xlink:href="#sTok771" value="JJ"/>
		<feat xlink:href="#sTok772" value="CC"/>
		<feat xlink:href="#sTok773" value="CD"/>
		<feat xlink:href="#sTok774" value="SYM"/>
		<feat xlink:href="#sTok775" value="JJ"/>
		<feat xlink:href="#sTok776" value="-RRB-"/>
		<feat xlink:href="#sTok777" value="."/>
		<feat xlink:href="#sTok778" value="JJ"/>
		<feat xlink:href="#sTok779" value="NN"/>
		<feat xlink:href="#sTok780" value="."/>
		<feat xlink:href="#sTok781" value="PRP$"/>
		<feat xlink:href="#sTok782" value="JJ"/>
		<feat xlink:href="#sTok783" value="NN"/>
		<feat xlink:href="#sTok784" value="VBD"/>
		<feat xlink:href="#sTok785" value="CD"/>
		<feat xlink:href="#sTok786" value="JJ"/>
		<feat xlink:href="#sTok787" value="NNS"/>
		<feat xlink:href="#sTok788" value="."/>
		<feat xlink:href="#sTok789" value="RB"/>
		<feat xlink:href="#sTok790" value=","/>
		<feat xlink:href="#sTok791" value="NN"/>
		<feat xlink:href="#sTok792" value="NNS"/>
		<feat xlink:href="#sTok793" value="IN"/>
		<feat xlink:href="#sTok794" value="DT"/>
		<feat xlink:href="#sTok795" value="NN"/>
		<feat xlink:href="#sTok796" value="NNS"/>
		<feat xlink:href="#sTok797" value="CC"/>
		<feat xlink:href="#sTok798" value="JJ"/>
		<feat xlink:href="#sTok799" value="NNS"/>
		<feat xlink:href="#sTok800" value="VBD"/>
		<feat xlink:href="#sTok801" value="VBN"/>
		<feat xlink:href="#sTok802" value="."/>
		<feat xlink:href="#sTok803" value="RB"/>
		<feat xlink:href="#sTok804" value=","/>
		<feat xlink:href="#sTok805" value="PRP"/>
		<feat xlink:href="#sTok806" value="VBD"/>
		<feat xlink:href="#sTok807" value="DT"/>
		<feat xlink:href="#sTok808" value="JJ"/>
		<feat xlink:href="#sTok809" value="NNS"/>
		<feat xlink:href="#sTok810" value="IN"/>
		<feat xlink:href="#sTok811" value="DT"/>
		<feat xlink:href="#sTok812" value="CD"/>
		<feat xlink:href="#sTok813" value="NN"/>
		<feat xlink:href="#sTok814" value="NN"/>
		<feat xlink:href="#sTok815" value="NNS"/>
		<feat xlink:href="#sTok816" value="IN"/>
		<feat xlink:href="#sTok817" value="DT"/>
		<feat xlink:href="#sTok818" value="JJ"/>
		<feat xlink:href="#sTok819" value="NN"/>
		<feat xlink:href="#sTok820" value="."/>
		<feat xlink:href="#sTok821" value="RB"/>
		<feat xlink:href="#sTok822" value=","/>
		<feat xlink:href="#sTok823" value="PRP"/>
		<feat xlink:href="#sTok824" value="VBD"/>
		<feat xlink:href="#sTok825" value="DT"/>
		<feat xlink:href="#sTok826" value="NN"/>
		<feat xlink:href="#sTok827" value="IN"/>
		<feat xlink:href="#sTok828" value="VBN"/>
		<feat xlink:href="#sTok829" value="NNS"/>
		<feat xlink:href="#sTok830" value="IN"/>
		<feat xlink:href="#sTok831" value="NN"/>
		<feat xlink:href="#sTok832" value="IN"/>
		<feat xlink:href="#sTok833" value="DT"/>
		<feat xlink:href="#sTok834" value="JJ"/>
		<feat xlink:href="#sTok835" value="NNS"/>
		<feat xlink:href="#sTok836" value="."/>
		<feat xlink:href="#sTok837" value="IN"/>
		<feat xlink:href="#sTok838" value="NN"/>
		<feat xlink:href="#sTok839" value="TO"/>
		<feat xlink:href="#sTok840" value="VB"/>
		<feat xlink:href="#sTok841" value="JJ"/>
		<feat xlink:href="#sTok842" value="JJ"/>
		<feat xlink:href="#sTok843" value="NNS"/>
		<feat xlink:href="#sTok844" value=","/>
		<feat xlink:href="#sTok845" value="DT"/>
		<feat xlink:href="#sTok846" value="VBN"/>
		<feat xlink:href="#sTok847" value="NN"/>
		<feat xlink:href="#sTok848" value="NN"/>
		<feat xlink:href="#sTok849" value="-LRB-"/>
		<feat xlink:href="#sTok850" value="NN"/>
		<feat xlink:href="#sTok851" value="HYPH"/>
		<feat xlink:href="#sTok852" value="VBN"/>
		<feat xlink:href="#sTok853" value="NN"/>
		<feat xlink:href="#sTok854" value="-RRB-"/>
		<feat xlink:href="#sTok855" value="VBD"/>
		<feat xlink:href="#sTok856" value="VBN"/>
		<feat xlink:href="#sTok857" value="IN"/>
		<feat xlink:href="#sTok858" value="PRP"/>
		<feat xlink:href="#sTok859" value="VBZ"/>
		<feat xlink:href="#sTok860" value="IN"/>
		<feat xlink:href="#sTok861" value="DT"/>
		<feat xlink:href="#sTok862" value="JJ"/>
		<feat xlink:href="#sTok863" value="NN"/>
		<feat xlink:href="#sTok864" value="NN"/>
		<feat xlink:href="#sTok865" value="JJ"/>
		<feat xlink:href="#sTok866" value="IN"/>
		<feat xlink:href="#sTok867" value="DT"/>
		<feat xlink:href="#sTok868" value="VBN"/>
		<feat xlink:href="#sTok869" value="IN"/>
		<feat xlink:href="#sTok870" value="DT"/>
		<feat xlink:href="#sTok871" value="NNP"/>
		<feat xlink:href="#sTok872" value="NNP"/>
		<feat xlink:href="#sTok873" value="."/>
		<feat xlink:href="#sTok874" value="-LRB-"/>
		<feat xlink:href="#sTok875" value="CD"/>
		<feat xlink:href="#sTok876" value="-RRB-"/>
		<feat xlink:href="#sTok877" value="RBR"/>
		<feat xlink:href="#sTok878" value="RB"/>
		<feat xlink:href="#sTok879" value=","/>
		<feat xlink:href="#sTok880" value="WRB"/>
		<feat xlink:href="#sTok881" value="VBG"/>
		<feat xlink:href="#sTok882" value="VBN"/>
		<feat xlink:href="#sTok883" value="NN"/>
		<feat xlink:href="#sTok884" value="NNS"/>
		<feat xlink:href="#sTok885" value="VBG"/>
		<feat xlink:href="#sTok886" value="DT"/>
		<feat xlink:href="#sTok887" value="NNP"/>
		<feat xlink:href="#sTok888" value="NN"/>
		<feat xlink:href="#sTok889" value="IN"/>
		<feat xlink:href="#sTok890" value="NNS"/>
		<feat xlink:href="#sTok891" value="IN"/>
		<feat xlink:href="#sTok892" value="NNP"/>
		<feat xlink:href="#sTok893" value="DT"/>
		<feat xlink:href="#sTok894" value="JJ"/>
		<feat xlink:href="#sTok895" value="NNP"/>
		<feat xlink:href="#sTok896" value="SYM"/>
		<feat xlink:href="#sTok897" value="NN"/>
		<feat xlink:href="#sTok898" value="NN"/>
		<feat xlink:href="#sTok899" value="IN"/>
		<feat xlink:href="#sTok900" value="NN"/>
		<feat xlink:href="#sTok901" value="VBZ"/>
		<feat xlink:href="#sTok902" value="VBN"/>
		<feat xlink:href="#sTok903" value="IN"/>
		<feat xlink:href="#sTok904" value="``"/>
		<feat xlink:href="#sTok905" value="DT"/>
		<feat xlink:href="#sTok906" value="NN"/>
		<feat xlink:href="#sTok907" value="NN"/>
		<feat xlink:href="#sTok908" value="IN"/>
		<feat xlink:href="#sTok909" value="JJ"/>
		<feat xlink:href="#sTok910" value="NNS"/>
		<feat xlink:href="#sTok911" value="IN"/>
		<feat xlink:href="#sTok912" value="NN"/>
		<feat xlink:href="#sTok913" value="IN"/>
		<feat xlink:href="#sTok914" value="VBG"/>
		<feat xlink:href="#sTok915" value="DT"/>
		<feat xlink:href="#sTok916" value="JJ"/>
		<feat xlink:href="#sTok917" value="HYPH"/>
		<feat xlink:href="#sTok918" value="JJ"/>
		<feat xlink:href="#sTok919" value="NNP"/>
		<feat xlink:href="#sTok920" value="CC"/>
		<feat xlink:href="#sTok921" value="NNP"/>
		<feat xlink:href="#sTok922" value="-LRB-"/>
		<feat xlink:href="#sTok923" value="CD"/>
		<feat xlink:href="#sTok924" value="-LRB-"/>
		<feat xlink:href="#sTok925" value="CD"/>
		<feat xlink:href="#sTok926" value="-RRB-"/>
		<feat xlink:href="#sTok927" value=","/>
		<feat xlink:href="#sTok928" value="CD"/>
		<feat xlink:href="#sTok929" value="-LRB-"/>
		<feat xlink:href="#sTok930" value="CD"/>
		<feat xlink:href="#sTok931" value="-RRB-"/>
		<feat xlink:href="#sTok932" value="-RRB-"/>
		<feat xlink:href="#sTok933" value="NN"/>
		<feat xlink:href="#sTok934" value="''"/>
		<feat xlink:href="#sTok935" value="."/>
		<feat xlink:href="#sTok936" value="-LRB-"/>
		<feat xlink:href="#sTok937" value="CD"/>
		<feat xlink:href="#sTok938" value="-RRB-"/>
		<feat xlink:href="#sTok939" value="DT"/>
		<feat xlink:href="#sTok940" value="NN"/>
		<feat xlink:href="#sTok941" value="HYPH"/>
		<feat xlink:href="#sTok942" value="NN"/>
		<feat xlink:href="#sTok943" value="VBN"/>
		<feat xlink:href="#sTok944" value="IN"/>
		<feat xlink:href="#sTok945" value="DT"/>
		<feat xlink:href="#sTok946" value="NN"/>
		<feat xlink:href="#sTok947" value="HYPH"/>
		<feat xlink:href="#sTok948" value="VBN"/>
		<feat xlink:href="#sTok949" value="NN"/>
		<feat xlink:href="#sTok950" value="VBZ"/>
		<feat xlink:href="#sTok951" value="RB"/>
		<feat xlink:href="#sTok952" value="RBR"/>
		<feat xlink:href="#sTok953" value="JJ"/>
		<feat xlink:href="#sTok954" value="-LRB-"/>
		<feat xlink:href="#sTok955" value="IN"/>
		<feat xlink:href="#sTok956" value="DT"/>
		<feat xlink:href="#sTok957" value="VBN"/>
		<feat xlink:href="#sTok958" value="IN"/>
		<feat xlink:href="#sTok959" value="DT"/>
		<feat xlink:href="#sTok960" value="SYM"/>
		<feat xlink:href="#sTok961" value="NN"/>
		<feat xlink:href="#sTok962" value="-RRB-"/>
		<feat xlink:href="#sTok963" value="VBN"/>
		<feat xlink:href="#sTok964" value="DT"/>
		<feat xlink:href="#sTok965" value="NNS"/>
		<feat xlink:href="#sTok966" value="CC"/>
		<feat xlink:href="#sTok967" value="NNS"/>
		<feat xlink:href="#sTok968" value="VBP"/>
		<feat xlink:href="#sTok969" value="IN"/>
		<feat xlink:href="#sTok970" value="NN"/>
		<feat xlink:href="#sTok971" value="DT"/>
		<feat xlink:href="#sTok972" value="VBN"/>
		<feat xlink:href="#sTok973" value="NN"/>
		<feat xlink:href="#sTok974" value="IN"/>
		<feat xlink:href="#sTok975" value="DT"/>
		<feat xlink:href="#sTok976" value="NNS"/>
		<feat xlink:href="#sTok977" value="."/>
		<feat xlink:href="#sTok978" value="DT"/>
		<feat xlink:href="#sTok979" value="JJ"/>
		<feat xlink:href="#sTok980" value="NN"/>
		<feat xlink:href="#sTok981" value="RB"/>
		<feat xlink:href="#sTok982" value="VBD"/>
		<feat xlink:href="#sTok983" value="DT"/>
		<feat xlink:href="#sTok984" value="NN"/>
		<feat xlink:href="#sTok985" value="IN"/>
		<feat xlink:href="#sTok986" value="DT"/>
		<feat xlink:href="#sTok987" value="JJ"/>
		<feat xlink:href="#sTok988" value="NN"/>
		<feat xlink:href="#sTok989" value="IN"/>
		<feat xlink:href="#sTok990" value="JJ"/>
		<feat xlink:href="#sTok991" value="NNS"/>
		<feat xlink:href="#sTok992" value="IN"/>
		<feat xlink:href="#sTok993" value="DT"/>
		<feat xlink:href="#sTok994" value="JJ"/>
		<feat xlink:href="#sTok995" value="VBN"/>
		<feat xlink:href="#sTok996" value="NNS"/>
		<feat xlink:href="#sTok997" value="IN"/>
		<feat xlink:href="#sTok998" value="NN"/>
		<feat xlink:href="#sTok999" value="."/>
		<feat xlink:href="#sTok1000" value="IN"/>
		<feat xlink:href="#sTok1001" value="VBN"/>
		<feat xlink:href="#sTok1002" value="RBR"/>
		<feat xlink:href="#sTok1003" value=","/>
		<feat xlink:href="#sTok1004" value="DT"/>
		<feat xlink:href="#sTok1005" value="NNS"/>
		<feat xlink:href="#sTok1006" value="VBD"/>
		<feat xlink:href="#sTok1007" value="VBN"/>
		<feat xlink:href="#sTok1008" value="VBG"/>
		<feat xlink:href="#sTok1009" value="IN"/>
		<feat xlink:href="#sTok1010" value="DT"/>
		<feat xlink:href="#sTok1011" value="NN"/>
		<feat xlink:href="#sTok1012" value="NN"/>
		<feat xlink:href="#sTok1013" value="VBN"/>
		<feat xlink:href="#sTok1014" value="IN"/>
		<feat xlink:href="#sTok1015" value="DT"/>
		<feat xlink:href="#sTok1016" value="NNP"/>
		<feat xlink:href="#sTok1017" value="NNP"/>
		<feat xlink:href="#sTok1018" value="NN"/>
		<feat xlink:href="#sTok1019" value="NN"/>
		<feat xlink:href="#sTok1020" value="CC"/>
		<feat xlink:href="#sTok1021" value="JJ"/>
		<feat xlink:href="#sTok1022" value="NNS"/>
		<feat xlink:href="#sTok1023" value="VBD"/>
		<feat xlink:href="#sTok1024" value="VBN"/>
		<feat xlink:href="#sTok1025" value="IN"/>
		<feat xlink:href="#sTok1026" value="DT"/>
		<feat xlink:href="#sTok1027" value="NN"/>
		<feat xlink:href="#sTok1028" value="CC"/>
		<feat xlink:href="#sTok1029" value="NN"/>
		<feat xlink:href="#sTok1030" value="WDT"/>
		<feat xlink:href="#sTok1031" value="VBD"/>
		<feat xlink:href="#sTok1032" value="DT"/>
		<feat xlink:href="#sTok1033" value="NN"/>
		<feat xlink:href="#sTok1034" value="NN"/>
		<feat xlink:href="#sTok1035" value="."/>
		<feat xlink:href="#sTok1036" value="RB"/>
		<feat xlink:href="#sTok1037" value=","/>
		<feat xlink:href="#sTok1038" value="DT"/>
		<feat xlink:href="#sTok1039" value="NNS"/>
		<feat xlink:href="#sTok1040" value="VBN"/>
		<feat xlink:href="#sTok1041" value="RB"/>
		<feat xlink:href="#sTok1042" value="MD"/>
		<feat xlink:href="#sTok1043" value="VB"/>
		<feat xlink:href="#sTok1044" value="VBN"/>
		<feat xlink:href="#sTok1045" value="RB"/>
		<feat xlink:href="#sTok1046" value="JJ"/>
		<feat xlink:href="#sTok1047" value="IN"/>
		<feat xlink:href="#sTok1048" value="DT"/>
		<feat xlink:href="#sTok1049" value="NNP"/>
		<feat xlink:href="#sTok1050" value="NNPS"/>
		<feat xlink:href="#sTok1051" value="."/></featList></paula>