<?xml version='1.0' encoding='UTF-8'?><!DOCTYPE paula SYSTEM "paula_feat.dtd">
<paula version="1.1">
	<header paula_id="GUM_academic_discrimination.tok_ExtPos"/>
	<featList xmlns:xlink="http://www.w3.org/1999/xlink" type="ExtPos" xml:base="GUM_academic_discrimination.tok.xml">
		<feat xlink:href="#sTok252" value="ADV"/>
		<feat xlink:href="#sTok649" value="ADV"/>
		<feat xlink:href="#sTok683" value="ADV"/>
		<feat xlink:href="#sTok865" value="ADP"/>
		<feat xlink:href="#sTok1008" value="ADP"/></featList></paula>