<?xml version='1.0' encoding='UTF-8'?><!DOCTYPE paula SYSTEM "paula_feat.dtd">
<paula version="1.1">
	<header paula_id="morph.GUM_academic_discrimination.mark_PronType"/>
	<featList xmlns:xlink="http://www.w3.org/1999/xlink" type="PronType" xml:base="morph.GUM_academic_discrimination.mark.xml">
		<feat xlink:href="#sSpan888" value="Art"/>
		<feat xlink:href="#sSpan898" value="Art"/>
		<feat xlink:href="#sSpan915" value="Art"/>
		<feat xlink:href="#sSpan934" value="Art"/>
		<feat xlink:href="#sSpan952" value="Art"/>
		<feat xlink:href="#sSpan955" value="Rel"/>
		<feat xlink:href="#sSpan975" value="Art"/>
		<feat xlink:href="#sSpan993" value="Art"/>
		<feat xlink:href="#sSpan1005" value="Art"/>
		<feat xlink:href="#sSpan1008" value="Prs"/>
		<feat xlink:href="#sSpan1025" value="Art"/>
		<feat xlink:href="#sSpan1030" value="Art"/>
		<feat xlink:href="#sSpan1037" value="Rel"/>
		<feat xlink:href="#sSpan1051" value="Art"/>
		<feat xlink:href="#sSpan1062" value="Art"/>
		<feat xlink:href="#sSpan1082" value="Art"/>
		<feat xlink:href="#sSpan1087" value="Art"/>
		<feat xlink:href="#sSpan1092" value="Art"/>
		<feat xlink:href="#sSpan1102" value="Art"/>
		<feat xlink:href="#sSpan1115" value="Art"/>
		<feat xlink:href="#sSpan1125" value="Ind"/>
		<feat xlink:href="#sSpan1132" value="Art"/>
		<feat xlink:href="#sSpan1164" value="Art"/>
		<feat xlink:href="#sSpan1184" value="Ind"/>
		<feat xlink:href="#sSpan1193" value="Art"/>
		<feat xlink:href="#sSpan1204" value="Dem"/>
		<feat xlink:href="#sSpan1207" value="Art"/>
		<feat xlink:href="#sSpan1212" value="Art"/>
		<feat xlink:href="#sSpan1219" value="Art"/>
		<feat xlink:href="#sSpan1225" value="Art"/>
		<feat xlink:href="#sSpan1234" value="Art"/>
		<feat xlink:href="#sSpan1245" value="Tot"/>
		<feat xlink:href="#sSpan1247" value="Rel"/>
		<feat xlink:href="#sSpan1256" value="Prs"/>
		<feat xlink:href="#sSpan1266" value="Dem"/>
		<feat xlink:href="#sSpan1268" value="Rel"/>
		<feat xlink:href="#sSpan1275" value="Art"/>
		<feat xlink:href="#sSpan1293" value="Art"/>
		<feat xlink:href="#sSpan1296" value="Int"/>
		<feat xlink:href="#sSpan1302" value="Prs"/>
		<feat xlink:href="#sSpan1313" value="Art"/>
		<feat xlink:href="#sSpan1317" value="Dem"/>
		<feat xlink:href="#sSpan1336" value="Art"/>
		<feat xlink:href="#sSpan1339" value="Dem"/>
		<feat xlink:href="#sSpan1356" value="Art"/>
		<feat xlink:href="#sSpan1377" value="Art"/>
		<feat xlink:href="#sSpan1381" value="Art"/>
		<feat xlink:href="#sSpan1395" value="Art"/>
		<feat xlink:href="#sSpan1406" value="Dem"/>
		<feat xlink:href="#sSpan1418" value="Rel"/>
		<feat xlink:href="#sSpan1428" value="Art"/>
		<feat xlink:href="#sSpan1438" value="Art"/>
		<feat xlink:href="#sSpan1450" value="Art"/>
		<feat xlink:href="#sSpan1462" value="Art"/>
		<feat xlink:href="#sSpan1467" value="Prs"/>
		<feat xlink:href="#sSpan1477" value="Art"/>
		<feat xlink:href="#sSpan1482" value="Art"/>
		<feat xlink:href="#sSpan1485" value="Art"/>
		<feat xlink:href="#sSpan1512" value="Art"/>
		<feat xlink:href="#sSpan1520" value="Tot"/>
		<feat xlink:href="#sSpan1530" value="Art"/>
		<feat xlink:href="#sSpan1537" value="Tot"/>
		<feat xlink:href="#sSpan1565" value="Prs"/>
		<feat xlink:href="#sSpan1569" value="Art"/>
		<feat xlink:href="#sSpan1598" value="Art"/>
		<feat xlink:href="#sSpan1607" value="Dem"/>
		<feat xlink:href="#sSpan1608" value="Rel"/>
		<feat xlink:href="#sSpan1623" value="Art"/>
		<feat xlink:href="#sSpan1627" value="Int"/>
		<feat xlink:href="#sSpan1635" value="Prs"/>
		<feat xlink:href="#sSpan1642" value="Art"/>
		<feat xlink:href="#sSpan1646" value="Dem"/>
		<feat xlink:href="#sSpan1649" value="Rel"/>
		<feat xlink:href="#sSpan1675" value="Art"/>
		<feat xlink:href="#sSpan1679" value="Art"/>
		<feat xlink:href="#sSpan1702" value="Art"/>
		<feat xlink:href="#sSpan1710" value="Art"/>
		<feat xlink:href="#sSpan1713" value="Art"/>
		<feat xlink:href="#sSpan1721" value="Art"/>
		<feat xlink:href="#sSpan1725" value="Art"/>
		<feat xlink:href="#sSpan1744" value="Art"/>
		<feat xlink:href="#sSpan1751" value="Art"/>
		<feat xlink:href="#sSpan1767" value="Prs"/>
		<feat xlink:href="#sSpan1784" value="Art"/>
		<feat xlink:href="#sSpan1801" value="Prs"/>
		<feat xlink:href="#sSpan1810" value="Art"/>
		<feat xlink:href="#sSpan1814" value="Art"/>
		<feat xlink:href="#sSpan1820" value="Tot"/>
		<feat xlink:href="#sSpan1827" value="Prs"/>
		<feat xlink:href="#sSpan1833" value="Art"/>
		<feat xlink:href="#sSpan1841" value="Art"/>
		<feat xlink:href="#sSpan1850" value="Art"/>
		<feat xlink:href="#sSpan1869" value="Prs"/>
		<feat xlink:href="#sSpan1878" value="Art"/>
		<feat xlink:href="#sSpan1883" value="Dem"/>
		<feat xlink:href="#sSpan1887" value="Art"/>
		<feat xlink:href="#sSpan1895" value="Int"/>
		<feat xlink:href="#sSpan1902" value="Art"/>
		<feat xlink:href="#sSpan1908" value="Art"/>
		<feat xlink:href="#sSpan1923" value="Art"/>
		<feat xlink:href="#sSpan1933" value="Art"/>
		<feat xlink:href="#sSpan1950" value="Art"/>
		<feat xlink:href="#sSpan1956" value="Art"/>
		<feat xlink:href="#sSpan1969" value="Art"/>
		<feat xlink:href="#sSpan1974" value="Art"/>
		<feat xlink:href="#sSpan1979" value="Art"/>
		<feat xlink:href="#sSpan1989" value="Art"/>
		<feat xlink:href="#sSpan1993" value="Art"/>
		<feat xlink:href="#sSpan1996" value="Dem"/>
		<feat xlink:href="#sSpan2006" value="Art"/>
		<feat xlink:href="#sSpan2009" value="Art"/>
		<feat xlink:href="#sSpan2015" value="Art"/>
		<feat xlink:href="#sSpan2024" value="Tot"/>
		<feat xlink:href="#sSpan2035" value="Art"/>
		<feat xlink:href="#sSpan2042" value="Art"/>
		<feat xlink:href="#sSpan2057" value="Art"/>
		<feat xlink:href="#sSpan2061" value="Rel"/>
		<feat xlink:href="#sSpan2067" value="Art"/>
		<feat xlink:href="#sSpan2071" value="Tot"/>
		<feat xlink:href="#sSpan2075" value="Dem"/>
		<feat xlink:href="#sSpan2083" value="Art"/></featList></paula>