<?xml version='1.0' encoding='UTF-8'?><!DOCTYPE paula SYSTEM "paula_feat.dtd">
<paula version="1.1">
	<header paula_id="morph.GUM_academic_discrimination.mark_Number"/>
	<featList xmlns:xlink="http://www.w3.org/1999/xlink" type="Number" xml:base="morph.GUM_academic_discrimination.mark.xml">
		<feat xlink:href="#sSpan552" value="Sing"/>
		<feat xlink:href="#sSpan553" value="Sing"/>
		<feat xlink:href="#sSpan555" value="Plur"/>
		<feat xlink:href="#sSpan557" value="Sing"/>
		<feat xlink:href="#sSpan558" value="Plur"/>
		<feat xlink:href="#sSpan562" value="Sing"/>
		<feat xlink:href="#sSpan563" value="Plur"/>
		<feat xlink:href="#sSpan564" value="Sing"/>
		<feat xlink:href="#sSpan566" value="Plur"/>
		<feat xlink:href="#sSpan567" value="Sing"/>
		<feat xlink:href="#sSpan568" value="Sing"/>
		<feat xlink:href="#sSpan576" value="Sing"/>
		<feat xlink:href="#sSpan579" value="Sing"/>
		<feat xlink:href="#sSpan580" value="Sing"/>
		<feat xlink:href="#sSpan583" value="Plur"/>
		<feat xlink:href="#sSpan592" value="Plur"/>
		<feat xlink:href="#sSpan593" value="Sing"/>
		<feat xlink:href="#sSpan596" value="Plur"/>
		<feat xlink:href="#sSpan605" value="Plur"/>
		<feat xlink:href="#sSpan613" value="Plur"/>
		<feat xlink:href="#sSpan615" value="Plur"/>
		<feat xlink:href="#sSpan624" value="Plur"/>
		<feat xlink:href="#sSpan625" value="Sing"/>
		<feat xlink:href="#sSpan629" value="Plur"/>
		<feat xlink:href="#sSpan638" value="Plur"/>
		<feat xlink:href="#sSpan639" value="Sing"/>
		<feat xlink:href="#sSpan640" value="Sing"/>
		<feat xlink:href="#sSpan641" value="Plur"/>
		<feat xlink:href="#sSpan647" value="Sing"/>
		<feat xlink:href="#sSpan651" value="Plur"/>
		<feat xlink:href="#sSpan652" value="Sing"/>
		<feat xlink:href="#sSpan655" value="Plur"/>
		<feat xlink:href="#sSpan656" value="Plur"/>
		<feat xlink:href="#sSpan662" value="Sing"/>
		<feat xlink:href="#sSpan663" value="Sing"/>
		<feat xlink:href="#sSpan667" value="Plur"/>
		<feat xlink:href="#sSpan668" value="Plur"/>
		<feat xlink:href="#sSpan669" value="Sing"/>
		<feat xlink:href="#sSpan670" value="Sing"/>
		<feat xlink:href="#sSpan678" value="Sing"/>
		<feat xlink:href="#sSpan679" value="Sing"/>
		<feat xlink:href="#sSpan680" value="Sing"/>
		<feat xlink:href="#sSpan688" value="Sing"/>
		<feat xlink:href="#sSpan691" value="Sing"/>
		<feat xlink:href="#sSpan697" value="Sing"/>
		<feat xlink:href="#sSpan699" value="Plur"/>
		<feat xlink:href="#sSpan701" value="Sing"/>
		<feat xlink:href="#sSpan702" value="Plur"/>
		<feat xlink:href="#sSpan704" value="Plur"/>
		<feat xlink:href="#sSpan705" value="Sing"/>
		<feat xlink:href="#sSpan712" value="Sing"/>
		<feat xlink:href="#sSpan715" value="Sing"/>
		<feat xlink:href="#sSpan719" value="Sing"/>
		<feat xlink:href="#sSpan720" value="Plur"/>
		<feat xlink:href="#sSpan724" value="Plur"/>
		<feat xlink:href="#sSpan726" value="Sing"/>
		<feat xlink:href="#sSpan727" value="Sing"/>
		<feat xlink:href="#sSpan728" value="Plur"/>
		<feat xlink:href="#sSpan732" value="Sing"/>
		<feat xlink:href="#sSpan734" value="Plur"/>
		<feat xlink:href="#sSpan737" value="Sing"/>
		<feat xlink:href="#sSpan744" value="Sing"/>
		<feat xlink:href="#sSpan745" value="Sing"/>
		<feat xlink:href="#sSpan746" value="Plur"/>
		<feat xlink:href="#sSpan752" value="Sing"/>
		<feat xlink:href="#sSpan755" value="Sing"/>
		<feat xlink:href="#sSpan756" value="Plur"/>
		<feat xlink:href="#sSpan759" value="Sing"/>
		<feat xlink:href="#sSpan762" value="Sing"/>
		<feat xlink:href="#sSpan764" value="Sing"/>
		<feat xlink:href="#sSpan775" value="Sing"/>
		<feat xlink:href="#sSpan776" value="Sing"/>
		<feat xlink:href="#sSpan777" value="Plur"/>
		<feat xlink:href="#sSpan780" value="Plur"/>
		<feat xlink:href="#sSpan783" value="Sing"/>
		<feat xlink:href="#sSpan788" value="Sing"/>
		<feat xlink:href="#sSpan793" value="Sing"/>
		<feat xlink:href="#sSpan794" value="Plur"/>
		<feat xlink:href="#sSpan798" value="Sing"/>
		<feat xlink:href="#sSpan799" value="Sing"/>
		<feat xlink:href="#sSpan801" value="Sing"/>
		<feat xlink:href="#sSpan806" value="Sing"/>
		<feat xlink:href="#sSpan807" value="Sing"/>
		<feat xlink:href="#sSpan814" value="Sing"/>
		<feat xlink:href="#sSpan815" value="Sing"/>
		<feat xlink:href="#sSpan819" value="Sing"/>
		<feat xlink:href="#sSpan820" value="Sing"/>
		<feat xlink:href="#sSpan821" value="Plur"/>
		<feat xlink:href="#sSpan826" value="Sing"/>
		<feat xlink:href="#sSpan827" value="Plur"/>
		<feat xlink:href="#sSpan830" value="Sing"/>
		<feat xlink:href="#sSpan831" value="Plur"/>
		<feat xlink:href="#sSpan834" value="Sing"/>
		<feat xlink:href="#sSpan842" value="Plur"/>
		<feat xlink:href="#sSpan845" value="Sing"/>
		<feat xlink:href="#sSpan846" value="Plur"/>
		<feat xlink:href="#sSpan847" value="Sing"/>
		<feat xlink:href="#sSpan848" value="Sing"/>
		<feat xlink:href="#sSpan849" value="Plur"/>
		<feat xlink:href="#sSpan856" value="Plur"/>
		<feat xlink:href="#sSpan864" value="Plur"/>
		<feat xlink:href="#sSpan873" value="Sing"/>
		<feat xlink:href="#sSpan874" value="Sing"/>
		<feat xlink:href="#sSpan885" value="Sing"/>
		<feat xlink:href="#sSpan894" value="Sing"/>
		<feat xlink:href="#sSpan902" value="Sing"/>
		<feat xlink:href="#sSpan904" value="Plur"/>
		<feat xlink:href="#sSpan905" value="Plur"/>
		<feat xlink:href="#sSpan906" value="Plur"/>
		<feat xlink:href="#sSpan914" value="Sing"/>
		<feat xlink:href="#sSpan916" value="Plur"/>
		<feat xlink:href="#sSpan920" value="Sing"/>
		<feat xlink:href="#sSpan922" value="Plur"/>
		<feat xlink:href="#sSpan923" value="Plur"/>
		<feat xlink:href="#sSpan931" value="Plur"/>
		<feat xlink:href="#sSpan936" value="Plur"/>
		<feat xlink:href="#sSpan937" value="Sing"/>
		<feat xlink:href="#sSpan938" value="Sing"/>
		<feat xlink:href="#sSpan939" value="Sing"/>
		<feat xlink:href="#sSpan940" value="Sing"/>
		<feat xlink:href="#sSpan941" value="Sing"/>
		<feat xlink:href="#sSpan942" value="Sing"/>
		<feat xlink:href="#sSpan943" value="Sing"/>
		<feat xlink:href="#sSpan944" value="Sing"/>
		<feat xlink:href="#sSpan945" value="Sing"/>
		<feat xlink:href="#sSpan947" value="Sing"/>
		<feat xlink:href="#sSpan948" value="Sing"/>
		<feat xlink:href="#sSpan949" value="Sing"/>
		<feat xlink:href="#sSpan951" value="Sing"/>
		<feat xlink:href="#sSpan956" value="Plur"/>
		<feat xlink:href="#sSpan960" value="Sing"/>
		<feat xlink:href="#sSpan967" value="Sing"/>
		<feat xlink:href="#sSpan970" value="Sing"/>
		<feat xlink:href="#sSpan971" value="Sing"/>
		<feat xlink:href="#sSpan972" value="Sing"/>
		<feat xlink:href="#sSpan974" value="Sing"/>
		<feat xlink:href="#sSpan975" value="Sing"/>
		<feat xlink:href="#sSpan976" value="Sing"/>
		<feat xlink:href="#sSpan977" value="Sing"/>
		<feat xlink:href="#sSpan979" value="Sing"/>
		<feat xlink:href="#sSpan980" value="Sing"/>
		<feat xlink:href="#sSpan981" value="Sing"/>
		<feat xlink:href="#sSpan988" value="Plur"/>
		<feat xlink:href="#sSpan994" value="Sing"/>
		<feat xlink:href="#sSpan995" value="Plur"/>
		<feat xlink:href="#sSpan999" value="Sing"/>
		<feat xlink:href="#sSpan1000" value="Sing"/>
		<feat xlink:href="#sSpan1007" value="Sing"/>
		<feat xlink:href="#sSpan1008" value="Plur"/>
		<feat xlink:href="#sSpan1013" value="Sing"/>
		<feat xlink:href="#sSpan1014" value="Sing"/>
		<feat xlink:href="#sSpan1015" value="Sing"/>
		<feat xlink:href="#sSpan1018" value="Sing"/>
		<feat xlink:href="#sSpan1019" value="Sing"/>
		<feat xlink:href="#sSpan1021" value="Sing"/>
		<feat xlink:href="#sSpan1029" value="Sing"/>
		<feat xlink:href="#sSpan1031" value="Plur"/>
		<feat xlink:href="#sSpan1033" value="Plur"/>
		<feat xlink:href="#sSpan1042" value="Sing"/>
		<feat xlink:href="#sSpan1047" value="Sing"/>
		<feat xlink:href="#sSpan1050" value="Sing"/>
		<feat xlink:href="#sSpan1052" value="Sing"/>
		<feat xlink:href="#sSpan1053" value="Sing"/>
		<feat xlink:href="#sSpan1055" value="Sing"/>
		<feat xlink:href="#sSpan1057" value="Sing"/>
		<feat xlink:href="#sSpan1059" value="Sing"/>
		<feat xlink:href="#sSpan1062" value="Sing"/>
		<feat xlink:href="#sSpan1068" value="Sing"/>
		<feat xlink:href="#sSpan1069" value="Plur"/>
		<feat xlink:href="#sSpan1072" value="Sing"/>
		<feat xlink:href="#sSpan1073" value="Sing"/>
		<feat xlink:href="#sSpan1078" value="Sing"/>
		<feat xlink:href="#sSpan1080" value="Plur"/>
		<feat xlink:href="#sSpan1086" value="Sing"/>
		<feat xlink:href="#sSpan1088" value="Sing"/>
		<feat xlink:href="#sSpan1096" value="Sing"/>
		<feat xlink:href="#sSpan1100" value="Plur"/>
		<feat xlink:href="#sSpan1102" value="Sing"/>
		<feat xlink:href="#sSpan1103" value="Plur"/>
		<feat xlink:href="#sSpan1110" value="Plur"/>
		<feat xlink:href="#sSpan1114" value="Sing"/>
		<feat xlink:href="#sSpan1118" value="Plur"/>
		<feat xlink:href="#sSpan1119" value="Sing"/>
		<feat xlink:href="#sSpan1120" value="Sing"/>
		<feat xlink:href="#sSpan1121" value="Sing"/>
		<feat xlink:href="#sSpan1122" value="Sing"/>
		<feat xlink:href="#sSpan1123" value="Sing"/>
		<feat xlink:href="#sSpan1124" value="Sing"/>
		<feat xlink:href="#sSpan1125" value="Sing"/>
		<feat xlink:href="#sSpan1126" value="Sing"/>
		<feat xlink:href="#sSpan1127" value="Sing"/>
		<feat xlink:href="#sSpan1128" value="Sing"/>
		<feat xlink:href="#sSpan1129" value="Sing"/>
		<feat xlink:href="#sSpan1130" value="Sing"/>
		<feat xlink:href="#sSpan1131" value="Plur"/>
		<feat xlink:href="#sSpan1139" value="Sing"/>
		<feat xlink:href="#sSpan1143" value="Sing"/>
		<feat xlink:href="#sSpan1144" value="Plur"/>
		<feat xlink:href="#sSpan1157" value="Sing"/>
		<feat xlink:href="#sSpan1158" value="Sing"/>
		<feat xlink:href="#sSpan1161" value="Sing"/>
		<feat xlink:href="#sSpan1166" value="Plur"/>
		<feat xlink:href="#sSpan1171" value="Sing"/>
		<feat xlink:href="#sSpan1175" value="Sing"/>
		<feat xlink:href="#sSpan1176" value="Plur"/>
		<feat xlink:href="#sSpan1178" value="Plur"/>
		<feat xlink:href="#sSpan1185" value="Sing"/>
		<feat xlink:href="#sSpan1192" value="Sing"/>
		<feat xlink:href="#sSpan1194" value="Plur"/>
		<feat xlink:href="#sSpan1196" value="Sing"/>
		<feat xlink:href="#sSpan1200" value="Sing"/>
		<feat xlink:href="#sSpan1203" value="Sing"/>
		<feat xlink:href="#sSpan1207" value="Plur"/>
		<feat xlink:href="#sSpan1213" value="Sing"/>
		<feat xlink:href="#sSpan1217" value="Sing"/>
		<feat xlink:href="#sSpan1222" value="Sing"/>
		<feat xlink:href="#sSpan1228" value="Sing"/>
		<feat xlink:href="#sSpan1231" value="Plur"/>
		<feat xlink:href="#sSpan1232" value="Sing"/>
		<feat xlink:href="#sSpan1235" value="Sing"/>
		<feat xlink:href="#sSpan1239" value="Sing"/>
		<feat xlink:href="#sSpan1242" value="Sing"/>
		<feat xlink:href="#sSpan1243" value="Sing"/>
		<feat xlink:href="#sSpan1245" value="Sing"/>
		<feat xlink:href="#sSpan1246" value="Sing"/>
		<feat xlink:href="#sSpan1258" value="Sing"/>
		<feat xlink:href="#sSpan1261" value="Sing"/>
		<feat xlink:href="#sSpan1262" value="Sing"/>
		<feat xlink:href="#sSpan1269" value="Sing"/>
		<feat xlink:href="#sSpan1272" value="Plur"/>
		<feat xlink:href="#sSpan1275" value="Sing"/>
		<feat xlink:href="#sSpan1281" value="Plur"/>
		<feat xlink:href="#sSpan1282" value="Sing"/>
		<feat xlink:href="#sSpan1283" value="Plur"/>
		<feat xlink:href="#sSpan1286" value="Sing"/>
		<feat xlink:href="#sSpan1287" value="Plur"/>
		<feat xlink:href="#sSpan1289" value="Plur"/>
		<feat xlink:href="#sSpan1295" value="Plur"/>
		<feat xlink:href="#sSpan1305" value="Plur"/>
		<feat xlink:href="#sSpan1309" value="Sing"/>
		<feat xlink:href="#sSpan1310" value="Sing"/>
		<feat xlink:href="#sSpan1311" value="Plur"/>
		<feat xlink:href="#sSpan1313" value="Sing"/>
		<feat xlink:href="#sSpan1314" value="Plur"/>
		<feat xlink:href="#sSpan1323" value="Sing"/>
		<feat xlink:href="#sSpan1326" value="Plur"/>
		<feat xlink:href="#sSpan1327" value="Sing"/>
		<feat xlink:href="#sSpan1331" value="Plur"/>
		<feat xlink:href="#sSpan1332" value="Sing"/>
		<feat xlink:href="#sSpan1336" value="Plur"/>
		<feat xlink:href="#sSpan1341" value="Sing"/>
		<feat xlink:href="#sSpan1342" value="Sing"/>
		<feat xlink:href="#sSpan1344" value="Sing"/>
		<feat xlink:href="#sSpan1348" value="Sing"/>
		<feat xlink:href="#sSpan1352" value="Sing"/>
		<feat xlink:href="#sSpan1360" value="Sing"/>
		<feat xlink:href="#sSpan1365" value="Sing"/>
		<feat xlink:href="#sSpan1366" value="Sing"/>
		<feat xlink:href="#sSpan1368" value="Sing"/>
		<feat xlink:href="#sSpan1374" value="Sing"/>
		<feat xlink:href="#sSpan1375" value="Sing"/>
		<feat xlink:href="#sSpan1380" value="Sing"/>
		<feat xlink:href="#sSpan1381" value="Plur"/>
		<feat xlink:href="#sSpan1385" value="Sing"/>
		<feat xlink:href="#sSpan1386" value="Sing"/>
		<feat xlink:href="#sSpan1387" value="Plur"/>
		<feat xlink:href="#sSpan1388" value="Sing"/>
		<feat xlink:href="#sSpan1392" value="Sing"/>
		<feat xlink:href="#sSpan1393" value="Sing"/>
		<feat xlink:href="#sSpan1394" value="Sing"/>
		<feat xlink:href="#sSpan1395" value="Sing"/>
		<feat xlink:href="#sSpan1396" value="Sing"/>
		<feat xlink:href="#sSpan1405" value="Sing"/>
		<feat xlink:href="#sSpan1406" value="Sing"/>
		<feat xlink:href="#sSpan1407" value="Sing"/>
		<feat xlink:href="#sSpan1408" value="Plur"/>
		<feat xlink:href="#sSpan1409" value="Sing"/>
		<feat xlink:href="#sSpan1413" value="Sing"/>
		<feat xlink:href="#sSpan1414" value="Sing"/>
		<feat xlink:href="#sSpan1415" value="Sing"/>
		<feat xlink:href="#sSpan1420" value="Sing"/>
		<feat xlink:href="#sSpan1424" value="Sing"/>
		<feat xlink:href="#sSpan1430" value="Sing"/>
		<feat xlink:href="#sSpan1433" value="Sing"/>
		<feat xlink:href="#sSpan1443" value="Sing"/>
		<feat xlink:href="#sSpan1448" value="Plur"/>
		<feat xlink:href="#sSpan1449" value="Plur"/>
		<feat xlink:href="#sSpan1453" value="Sing"/>
		<feat xlink:href="#sSpan1458" value="Sing"/>
		<feat xlink:href="#sSpan1461" value="Plur"/>
		<feat xlink:href="#sSpan1462" value="Sing"/>
		<feat xlink:href="#sSpan1465" value="Sing"/>
		<feat xlink:href="#sSpan1471" value="Sing"/>
		<feat xlink:href="#sSpan1475" value="Sing"/>
		<feat xlink:href="#sSpan1477" value="Plur"/>
		<feat xlink:href="#sSpan1483" value="Plur"/>
		<feat xlink:href="#sSpan1484" value="Sing"/>
		<feat xlink:href="#sSpan1488" value="Plur"/>
		<feat xlink:href="#sSpan1497" value="Sing"/>
		<feat xlink:href="#sSpan1498" value="Sing"/>
		<feat xlink:href="#sSpan1503" value="Sing"/>
		<feat xlink:href="#sSpan1504" value="Sing"/>
		<feat xlink:href="#sSpan1505" value="Sing"/>
		<feat xlink:href="#sSpan1506" value="Sing"/>
		<feat xlink:href="#sSpan1508" value="Plur"/>
		<feat xlink:href="#sSpan1516" value="Sing"/>
		<feat xlink:href="#sSpan1517" value="Sing"/>
		<feat xlink:href="#sSpan1524" value="Sing"/>
		<feat xlink:href="#sSpan1525" value="Sing"/>
		<feat xlink:href="#sSpan1526" value="Plur"/>
		<feat xlink:href="#sSpan1537" value="Sing"/>
		<feat xlink:href="#sSpan1538" value="Plur"/></featList></paula>