<?xml version='1.0' encoding='UTF-8'?><!DOCTYPE paula SYSTEM "paula_feat.dtd">
<paula version="1.1">
	<header paula_id="morph.GUM_academic_discrimination.mark_Degree"/>
	<featList xmlns:xlink="http://www.w3.org/1999/xlink" type="Degree" xml:base="morph.GUM_academic_discrimination.mark.xml">
		<feat xlink:href="#sSpan892" value="Pos"/>
		<feat xlink:href="#sSpan894" value="Pos"/>
		<feat xlink:href="#sSpan899" value="Pos"/>
		<feat xlink:href="#sSpan900" value="Pos"/>
		<feat xlink:href="#sSpan904" value="Pos"/>
		<feat xlink:href="#sSpan918" value="Pos"/>
		<feat xlink:href="#sSpan919" value="Pos"/>
		<feat xlink:href="#sSpan936" value="Pos"/>
		<feat xlink:href="#sSpan953" value="Pos"/>
		<feat xlink:href="#sSpan961" value="Pos"/>
		<feat xlink:href="#sSpan963" value="Pos"/>
		<feat xlink:href="#sSpan977" value="Pos"/>
		<feat xlink:href="#sSpan984" value="Pos"/>
		<feat xlink:href="#sSpan995" value="Pos"/>
		<feat xlink:href="#sSpan1016" value="Pos"/>
		<feat xlink:href="#sSpan1056" value="Pos"/>
		<feat xlink:href="#sSpan1064" value="Pos"/>
		<feat xlink:href="#sSpan1066" value="Pos"/>
		<feat xlink:href="#sSpan1069" value="Pos"/>
		<feat xlink:href="#sSpan1100" value="Pos"/>
		<feat xlink:href="#sSpan1104" value="Pos"/>
		<feat xlink:href="#sSpan1124" value="Sup"/>
		<feat xlink:href="#sSpan1126" value="Pos"/>
		<feat xlink:href="#sSpan1128" value="Pos"/>
		<feat xlink:href="#sSpan1129" value="Pos"/>
		<feat xlink:href="#sSpan1143" value="Pos"/>
		<feat xlink:href="#sSpan1150" value="Sup"/>
		<feat xlink:href="#sSpan1153" value="Pos"/>
		<feat xlink:href="#sSpan1166" value="Pos"/>
		<feat xlink:href="#sSpan1167" value="Pos"/>
		<feat xlink:href="#sSpan1174" value="Pos"/>
		<feat xlink:href="#sSpan1195" value="Pos"/>
		<feat xlink:href="#sSpan1214" value="Pos"/>
		<feat xlink:href="#sSpan1215" value="Pos"/>
		<feat xlink:href="#sSpan1216" value="Pos"/>
		<feat xlink:href="#sSpan1224" value="Pos"/>
		<feat xlink:href="#sSpan1265" value="Pos"/>
		<feat xlink:href="#sSpan1274" value="Pos"/>
		<feat xlink:href="#sSpan1283" value="Pos"/>
		<feat xlink:href="#sSpan1314" value="Pos"/>
		<feat xlink:href="#sSpan1337" value="Pos"/>
		<feat xlink:href="#sSpan1352" value="Pos"/>
		<feat xlink:href="#sSpan1353" value="Pos"/>
		<feat xlink:href="#sSpan1369" value="Pos"/>
		<feat xlink:href="#sSpan1373" value="Pos"/>
		<feat xlink:href="#sSpan1375" value="Pos"/>
		<feat xlink:href="#sSpan1382" value="Pos"/>
		<feat xlink:href="#sSpan1400" value="Pos"/>
		<feat xlink:href="#sSpan1405" value="Pos"/>
		<feat xlink:href="#sSpan1424" value="Pos"/>
		<feat xlink:href="#sSpan1440" value="Pos"/>
		<feat xlink:href="#sSpan1445" value="Pos"/>
		<feat xlink:href="#sSpan1446" value="Pos"/>
		<feat xlink:href="#sSpan1460" value="Pos"/>
		<feat xlink:href="#sSpan1478" value="Pos"/>
		<feat xlink:href="#sSpan1519" value="Pos"/>
		<feat xlink:href="#sSpan1548" value="Pos"/>
		<feat xlink:href="#sSpan1549" value="Pos"/>
		<feat xlink:href="#sSpan1551" value="Pos"/>
		<feat xlink:href="#sSpan1576" value="Pos"/>
		<feat xlink:href="#sSpan1580" value="Pos"/>
		<feat xlink:href="#sSpan1582" value="Pos"/>
		<feat xlink:href="#sSpan1586" value="Pos"/>
		<feat xlink:href="#sSpan1602" value="Cmp"/>
		<feat xlink:href="#sSpan1629" value="Sup"/>
		<feat xlink:href="#sSpan1640" value="Pos"/>
		<feat xlink:href="#sSpan1644" value="Pos"/>
		<feat xlink:href="#sSpan1655" value="Cmp"/>
		<feat xlink:href="#sSpan1670" value="Pos"/>
		<feat xlink:href="#sSpan1676" value="Pos"/>
		<feat xlink:href="#sSpan1683" value="Pos"/>
		<feat xlink:href="#sSpan1684" value="Pos"/>
		<feat xlink:href="#sSpan1694" value="Pos"/>
		<feat xlink:href="#sSpan1704" value="Pos"/>
		<feat xlink:href="#sSpan1730" value="Pos"/>
		<feat xlink:href="#sSpan1738" value="Pos"/>
		<feat xlink:href="#sSpan1758" value="Pos"/>
		<feat xlink:href="#sSpan1761" value="Pos"/>
		<feat xlink:href="#sSpan1762" value="Pos"/>
		<feat xlink:href="#sSpan1769" value="Pos"/>
		<feat xlink:href="#sSpan1778" value="Pos"/>
		<feat xlink:href="#sSpan1781" value="Pos"/>
		<feat xlink:href="#sSpan1788" value="Pos"/>
		<feat xlink:href="#sSpan1799" value="Pos"/>
		<feat xlink:href="#sSpan1811" value="Pos"/>
		<feat xlink:href="#sSpan1821" value="Pos"/>
		<feat xlink:href="#sSpan1823" value="Pos"/>
		<feat xlink:href="#sSpan1842" value="Pos"/>
		<feat xlink:href="#sSpan1846" value="Pos"/>
		<feat xlink:href="#sSpan1847" value="Pos"/>
		<feat xlink:href="#sSpan1879" value="Pos"/>
		<feat xlink:href="#sSpan1882" value="Pos"/>
		<feat xlink:href="#sSpan1893" value="Cmp"/>
		<feat xlink:href="#sSpan1894" value="Pos"/>
		<feat xlink:href="#sSpan1910" value="Pos"/>
		<feat xlink:href="#sSpan1928" value="Pos"/>
		<feat xlink:href="#sSpan1934" value="Pos"/>
		<feat xlink:href="#sSpan1936" value="Pos"/>
		<feat xlink:href="#sSpan1967" value="Cmp"/>
		<feat xlink:href="#sSpan1968" value="Pos"/>
		<feat xlink:href="#sSpan1998" value="Pos"/>
		<feat xlink:href="#sSpan2010" value="Pos"/>
		<feat xlink:href="#sSpan2012" value="Pos"/>
		<feat xlink:href="#sSpan2016" value="Pos"/>
		<feat xlink:href="#sSpan2023" value="Cmp"/>
		<feat xlink:href="#sSpan2047" value="Pos"/>
		<feat xlink:href="#sSpan2081" value="Pos"/>
		<feat xlink:href="#sSpan2082" value="Pos"/></featList></paula>