<?xml version='1.0' encoding='UTF-8'?><!DOCTYPE paula SYSTEM "paula_feat.dtd">
<paula version="1.1">
	<header paula_id="morph.GUM_academic_discrimination.mark_NumForm"/>
	<featList xmlns:xlink="http://www.w3.org/1999/xlink" type="NumForm" xml:base="morph.GUM_academic_discrimination.mark.xml">
		<feat xlink:href="#sSpan604" value="Digit"/>
		<feat xlink:href="#sSpan606" value="Digit"/>
		<feat xlink:href="#sSpan620" value="Digit"/>
		<feat xlink:href="#sSpan623" value="Digit"/>
		<feat xlink:href="#sSpan645" value="Digit"/>
		<feat xlink:href="#sSpan661" value="Digit"/>
		<feat xlink:href="#sSpan663" value="Digit"/>
		<feat xlink:href="#sSpan695" value="Digit"/>
		<feat xlink:href="#sSpan715" value="Digit"/>
		<feat xlink:href="#sSpan782" value="Digit"/>
		<feat xlink:href="#sSpan831" value="Digit"/>
		<feat xlink:href="#sSpan833" value="Digit"/>
		<feat xlink:href="#sSpan837" value="Word"/>
		<feat xlink:href="#sSpan843" value="Digit"/>
		<feat xlink:href="#sSpan862" value="Digit"/>
		<feat xlink:href="#sSpan878" value="Digit"/>
		<feat xlink:href="#sSpan1020" value="Word"/>
		<feat xlink:href="#sSpan1024" value="Digit"/>
		<feat xlink:href="#sSpan1041" value="Word"/>
		<feat xlink:href="#sSpan1084" value="Word"/>
		<feat xlink:href="#sSpan1157" value="Digit"/>
		<feat xlink:href="#sSpan1183" value="Digit"/>
		<feat xlink:href="#sSpan1186" value="Digit"/>
		<feat xlink:href="#sSpan1192" value="Digit"/>
		<feat xlink:href="#sSpan1216" value="Digit"/>
		<feat xlink:href="#sSpan1228" value="Digit"/>
		<feat xlink:href="#sSpan1240" value="Digit"/>
		<feat xlink:href="#sSpan1295" value="Word"/>
		<feat xlink:href="#sSpan1351" value="Word"/>
		<feat xlink:href="#sSpan1376" value="Word"/>
		<feat xlink:href="#sSpan1391" value="Word"/>
		<feat xlink:href="#sSpan1419" value="Digit"/>
		<feat xlink:href="#sSpan1428" value="Digit"/>
		<feat xlink:href="#sSpan1431" value="Word"/>
		<feat xlink:href="#sSpan1457" value="Digit"/>
		<feat xlink:href="#sSpan1458" value="Digit"/>
		<feat xlink:href="#sSpan1461" value="Digit"/>
		<feat xlink:href="#sSpan1478" value="Word"/>
		<feat xlink:href="#sSpan1483" value="Word"/>
		<feat xlink:href="#sSpan1502" value="Word"/>
		<feat xlink:href="#sSpan1519" value="Word"/>
		<feat xlink:href="#sSpan1601" value="Digit"/>
		<feat xlink:href="#sSpan1649" value="Word"/>
		<feat xlink:href="#sSpan1653" value="Digit"/>
		<feat xlink:href="#sSpan1655" value="Digit"/>
		<feat xlink:href="#sSpan1657" value="Digit"/>
		<feat xlink:href="#sSpan1659" value="Digit"/>
		<feat xlink:href="#sSpan1663" value="Digit"/></featList></paula>