<?xml version='1.0' encoding='UTF-8'?><!DOCTYPE paula SYSTEM "paula_feat.dtd">
<paula version="1.1">
	<header paula_id="morph.GUM_academic_discrimination.mark_Number"/>
	<featList xmlns:xlink="http://www.w3.org/1999/xlink" type="Number" xml:base="morph.GUM_academic_discrimination.mark.xml">
		<feat xlink:href="#sSpan571" value="Sing"/>
		<feat xlink:href="#sSpan572" value="Sing"/>
		<feat xlink:href="#sSpan574" value="Plur"/>
		<feat xlink:href="#sSpan576" value="Sing"/>
		<feat xlink:href="#sSpan577" value="Plur"/>
		<feat xlink:href="#sSpan582" value="Sing"/>
		<feat xlink:href="#sSpan583" value="Plur"/>
		<feat xlink:href="#sSpan584" value="Sing"/>
		<feat xlink:href="#sSpan586" value="Plur"/>
		<feat xlink:href="#sSpan587" value="Sing"/>
		<feat xlink:href="#sSpan588" value="Sing"/>
		<feat xlink:href="#sSpan593" value="Plur"/>
		<feat xlink:href="#sSpan598" value="Sing"/>
		<feat xlink:href="#sSpan601" value="Sing"/>
		<feat xlink:href="#sSpan602" value="Sing"/>
		<feat xlink:href="#sSpan607" value="Plur"/>
		<feat xlink:href="#sSpan609" value="Plur"/>
		<feat xlink:href="#sSpan618" value="Plur"/>
		<feat xlink:href="#sSpan619" value="Sing"/>
		<feat xlink:href="#sSpan624" value="Plur"/>
		<feat xlink:href="#sSpan628" value="Plur"/>
		<feat xlink:href="#sSpan635" value="Plur"/>
		<feat xlink:href="#sSpan638" value="Plur"/>
		<feat xlink:href="#sSpan645" value="Plur"/>
		<feat xlink:href="#sSpan648" value="Plur"/>
		<feat xlink:href="#sSpan651" value="Plur"/>
		<feat xlink:href="#sSpan659" value="Plur"/>
		<feat xlink:href="#sSpan660" value="Sing"/>
		<feat xlink:href="#sSpan666" value="Plur"/>
		<feat xlink:href="#sSpan667" value="Plur"/>
		<feat xlink:href="#sSpan677" value="Plur"/>
		<feat xlink:href="#sSpan678" value="Sing"/>
		<feat xlink:href="#sSpan679" value="Sing"/>
		<feat xlink:href="#sSpan680" value="Plur"/>
		<feat xlink:href="#sSpan685" value="Plur"/>
		<feat xlink:href="#sSpan688" value="Sing"/>
		<feat xlink:href="#sSpan692" value="Plur"/>
		<feat xlink:href="#sSpan694" value="Sing"/>
		<feat xlink:href="#sSpan698" value="Plur"/>
		<feat xlink:href="#sSpan699" value="Plur"/>
		<feat xlink:href="#sSpan701" value="Plur"/>
		<feat xlink:href="#sSpan707" value="Sing"/>
		<feat xlink:href="#sSpan708" value="Sing"/>
		<feat xlink:href="#sSpan712" value="Plur"/>
		<feat xlink:href="#sSpan713" value="Plur"/>
		<feat xlink:href="#sSpan714" value="Sing"/>
		<feat xlink:href="#sSpan715" value="Sing"/>
		<feat xlink:href="#sSpan725" value="Sing"/>
		<feat xlink:href="#sSpan726" value="Sing"/>
		<feat xlink:href="#sSpan730" value="Sing"/>
		<feat xlink:href="#sSpan735" value="Sing"/>
		<feat xlink:href="#sSpan738" value="Sing"/>
		<feat xlink:href="#sSpan746" value="Sing"/>
		<feat xlink:href="#sSpan748" value="Plur"/>
		<feat xlink:href="#sSpan750" value="Sing"/>
		<feat xlink:href="#sSpan751" value="Plur"/>
		<feat xlink:href="#sSpan753" value="Plur"/>
		<feat xlink:href="#sSpan754" value="Sing"/>
		<feat xlink:href="#sSpan758" value="Plur"/>
		<feat xlink:href="#sSpan764" value="Sing"/>
		<feat xlink:href="#sSpan767" value="Sing"/>
		<feat xlink:href="#sSpan772" value="Sing"/>
		<feat xlink:href="#sSpan773" value="Plur"/>
		<feat xlink:href="#sSpan778" value="Plur"/>
		<feat xlink:href="#sSpan780" value="Sing"/>
		<feat xlink:href="#sSpan781" value="Sing"/>
		<feat xlink:href="#sSpan782" value="Plur"/>
		<feat xlink:href="#sSpan788" value="Sing"/>
		<feat xlink:href="#sSpan790" value="Plur"/>
		<feat xlink:href="#sSpan792" value="Sing"/>
		<feat xlink:href="#sSpan801" value="Sing"/>
		<feat xlink:href="#sSpan802" value="Sing"/>
		<feat xlink:href="#sSpan803" value="Plur"/>
		<feat xlink:href="#sSpan806" value="Plur"/>
		<feat xlink:href="#sSpan812" value="Sing"/>
		<feat xlink:href="#sSpan815" value="Sing"/>
		<feat xlink:href="#sSpan816" value="Plur"/>
		<feat xlink:href="#sSpan819" value="Sing"/>
		<feat xlink:href="#sSpan823" value="Sing"/>
		<feat xlink:href="#sSpan824" value="Sing"/>
		<feat xlink:href="#sSpan840" value="Sing"/>
		<feat xlink:href="#sSpan841" value="Sing"/>
		<feat xlink:href="#sSpan842" value="Plur"/>
		<feat xlink:href="#sSpan846" value="Plur"/>
		<feat xlink:href="#sSpan850" value="Sing"/>
		<feat xlink:href="#sSpan855" value="Sing"/>
		<feat xlink:href="#sSpan858" value="Sing"/>
		<feat xlink:href="#sSpan864" value="Sing"/>
		<feat xlink:href="#sSpan865" value="Plur"/>
		<feat xlink:href="#sSpan868" value="Sing"/>
		<feat xlink:href="#sSpan872" value="Sing"/>
		<feat xlink:href="#sSpan873" value="Sing"/>
		<feat xlink:href="#sSpan876" value="Sing"/>
		<feat xlink:href="#sSpan883" value="Sing"/>
		<feat xlink:href="#sSpan885" value="Sing"/>
		<feat xlink:href="#sSpan891" value="Sing"/>
		<feat xlink:href="#sSpan892" value="Sing"/>
		<feat xlink:href="#sSpan897" value="Sing"/>
		<feat xlink:href="#sSpan898" value="Sing"/>
		<feat xlink:href="#sSpan899" value="Plur"/>
		<feat xlink:href="#sSpan905" value="Sing"/>
		<feat xlink:href="#sSpan906" value="Plur"/>
		<feat xlink:href="#sSpan911" value="Plur"/>
		<feat xlink:href="#sSpan915" value="Sing"/>
		<feat xlink:href="#sSpan920" value="Plur"/>
		<feat xlink:href="#sSpan927" value="Plur"/>
		<feat xlink:href="#sSpan931" value="Sing"/>
		<feat xlink:href="#sSpan932" value="Plur"/>
		<feat xlink:href="#sSpan933" value="Sing"/>
		<feat xlink:href="#sSpan934" value="Sing"/>
		<feat xlink:href="#sSpan936" value="Plur"/>
		<feat xlink:href="#sSpan939" value="Sing"/>
		<feat xlink:href="#sSpan946" value="Plur"/>
		<feat xlink:href="#sSpan949" value="Plur"/>
		<feat xlink:href="#sSpan956" value="Plur"/>
		<feat xlink:href="#sSpan963" value="Sing"/>
		<feat xlink:href="#sSpan970" value="Sing"/>
		<feat xlink:href="#sSpan971" value="Sing"/>
		<feat xlink:href="#sSpan979" value="Plur"/>
		<feat xlink:href="#sSpan987" value="Sing"/>
		<feat xlink:href="#sSpan991" value="Sing"/>
		<feat xlink:href="#sSpan994" value="Sing"/>
		<feat xlink:href="#sSpan1000" value="Sing"/>
		<feat xlink:href="#sSpan1007" value="Sing"/>
		<feat xlink:href="#sSpan1008" value="Plur"/>
		<feat xlink:href="#sSpan1010" value="Plur"/>
		<feat xlink:href="#sSpan1011" value="Plur"/>
		<feat xlink:href="#sSpan1012" value="Plur"/>
		<feat xlink:href="#sSpan1023" value="Sing"/>
		<feat xlink:href="#sSpan1026" value="Plur"/>
		<feat xlink:href="#sSpan1030" value="Sing"/>
		<feat xlink:href="#sSpan1031" value="Plur"/>
		<feat xlink:href="#sSpan1033" value="Plur"/>
		<feat xlink:href="#sSpan1037" value="Plur"/>
		<feat xlink:href="#sSpan1046" value="Plur"/>
		<feat xlink:href="#sSpan1051" value="Plur"/>
		<feat xlink:href="#sSpan1052" value="Sing"/>
		<feat xlink:href="#sSpan1053" value="Sing"/>
		<feat xlink:href="#sSpan1054" value="Sing"/>
		<feat xlink:href="#sSpan1055" value="Sing"/>
		<feat xlink:href="#sSpan1056" value="Sing"/>
		<feat xlink:href="#sSpan1057" value="Sing"/>
		<feat xlink:href="#sSpan1058" value="Sing"/>
		<feat xlink:href="#sSpan1059" value="Sing"/>
		<feat xlink:href="#sSpan1060" value="Sing"/>
		<feat xlink:href="#sSpan1062" value="Sing"/>
		<feat xlink:href="#sSpan1063" value="Sing"/>
		<feat xlink:href="#sSpan1064" value="Sing"/>
		<feat xlink:href="#sSpan1066" value="Sing"/>
		<feat xlink:href="#sSpan1071" value="Plur"/>
		<feat xlink:href="#sSpan1075" value="Sing"/>
		<feat xlink:href="#sSpan1079" value="Plur"/>
		<feat xlink:href="#sSpan1086" value="Sing"/>
		<feat xlink:href="#sSpan1089" value="Sing"/>
		<feat xlink:href="#sSpan1090" value="Sing"/>
		<feat xlink:href="#sSpan1091" value="Sing"/>
		<feat xlink:href="#sSpan1093" value="Sing"/>
		<feat xlink:href="#sSpan1094" value="Sing"/>
		<feat xlink:href="#sSpan1095" value="Sing"/>
		<feat xlink:href="#sSpan1096" value="Sing"/>
		<feat xlink:href="#sSpan1098" value="Sing"/>
		<feat xlink:href="#sSpan1100" value="Sing"/>
		<feat xlink:href="#sSpan1104" value="Sing"/>
		<feat xlink:href="#sSpan1109" value="Plur"/>
		<feat xlink:href="#sSpan1111" value="Sing"/>
		<feat xlink:href="#sSpan1117" value="Sing"/>
		<feat xlink:href="#sSpan1118" value="Plur"/>
		<feat xlink:href="#sSpan1124" value="Sing"/>
		<feat xlink:href="#sSpan1125" value="Sing"/>
		<feat xlink:href="#sSpan1130" value="Sing"/>
		<feat xlink:href="#sSpan1134" value="Sing"/>
		<feat xlink:href="#sSpan1135" value="Plur"/>
		<feat xlink:href="#sSpan1141" value="Sing"/>
		<feat xlink:href="#sSpan1142" value="Sing"/>
		<feat xlink:href="#sSpan1143" value="Sing"/>
		<feat xlink:href="#sSpan1146" value="Sing"/>
		<feat xlink:href="#sSpan1147" value="Sing"/>
		<feat xlink:href="#sSpan1151" value="Sing"/>
		<feat xlink:href="#sSpan1157" value="Sing"/>
		<feat xlink:href="#sSpan1160" value="Plur"/>
		<feat xlink:href="#sSpan1162" value="Plur"/>
		<feat xlink:href="#sSpan1168" value="Plur"/>
		<feat xlink:href="#sSpan1173" value="Sing"/>
		<feat xlink:href="#sSpan1179" value="Sing"/>
		<feat xlink:href="#sSpan1182" value="Sing"/>
		<feat xlink:href="#sSpan1185" value="Sing"/>
		<feat xlink:href="#sSpan1186" value="Sing"/>
		<feat xlink:href="#sSpan1189" value="Sing"/>
		<feat xlink:href="#sSpan1191" value="Sing"/>
		<feat xlink:href="#sSpan1194" value="Sing"/>
		<feat xlink:href="#sSpan1196" value="Plur"/>
		<feat xlink:href="#sSpan1204" value="Sing"/>
		<feat xlink:href="#sSpan1205" value="Plur"/>
		<feat xlink:href="#sSpan1208" value="Sing"/>
		<feat xlink:href="#sSpan1212" value="Sing"/>
		<feat xlink:href="#sSpan1216" value="Sing"/>
		<feat xlink:href="#sSpan1219" value="Plur"/>
		<feat xlink:href="#sSpan1220" value="Plur"/>
		<feat xlink:href="#sSpan1227" value="Sing"/>
		<feat xlink:href="#sSpan1230" value="Sing"/>
		<feat xlink:href="#sSpan1240" value="Sing"/>
		<feat xlink:href="#sSpan1245" value="Plur"/>
		<feat xlink:href="#sSpan1247" value="Sing"/>
		<feat xlink:href="#sSpan1248" value="Plur"/>
		<feat xlink:href="#sSpan1250" value="Plur"/>
		<feat xlink:href="#sSpan1260" value="Plur"/>
		<feat xlink:href="#sSpan1263" value="Sing"/>
		<feat xlink:href="#sSpan1267" value="Plur"/>
		<feat xlink:href="#sSpan1268" value="Sing"/>
		<feat xlink:href="#sSpan1269" value="Sing"/>
		<feat xlink:href="#sSpan1271" value="Sing"/>
		<feat xlink:href="#sSpan1272" value="Sing"/>
		<feat xlink:href="#sSpan1274" value="Sing"/>
		<feat xlink:href="#sSpan1276" value="Sing"/>
		<feat xlink:href="#sSpan1277" value="Sing"/>
		<feat xlink:href="#sSpan1279" value="Sing"/>
		<feat xlink:href="#sSpan1280" value="Plur"/>
		<feat xlink:href="#sSpan1282" value="Plur"/>
		<feat xlink:href="#sSpan1291" value="Sing"/>
		<feat xlink:href="#sSpan1296" value="Sing"/>
		<feat xlink:href="#sSpan1298" value="Plur"/>
		<feat xlink:href="#sSpan1304" value="Sing"/>
		<feat xlink:href="#sSpan1305" value="Plur"/>
		<feat xlink:href="#sSpan1315" value="Sing"/>
		<feat xlink:href="#sSpan1316" value="Sing"/>
		<feat xlink:href="#sSpan1320" value="Sing"/>
		<feat xlink:href="#sSpan1324" value="Sing"/>
		<feat xlink:href="#sSpan1328" value="Plur"/>
		<feat xlink:href="#sSpan1333" value="Sing"/>
		<feat xlink:href="#sSpan1337" value="Sing"/>
		<feat xlink:href="#sSpan1339" value="Plur"/>
		<feat xlink:href="#sSpan1340" value="Plur"/>
		<feat xlink:href="#sSpan1345" value="Sing"/>
		<feat xlink:href="#sSpan1350" value="Sing"/>
		<feat xlink:href="#sSpan1354" value="Plur"/>
		<feat xlink:href="#sSpan1362" value="Sing"/>
		<feat xlink:href="#sSpan1364" value="Plur"/>
		<feat xlink:href="#sSpan1366" value="Sing"/>
		<feat xlink:href="#sSpan1370" value="Sing"/>
		<feat xlink:href="#sSpan1373" value="Sing"/>
		<feat xlink:href="#sSpan1378" value="Plur"/>
		<feat xlink:href="#sSpan1379" value="Plur"/>
		<feat xlink:href="#sSpan1390" value="Sing"/>
		<feat xlink:href="#sSpan1391" value="Sing"/>
		<feat xlink:href="#sSpan1399" value="Sing"/>
		<feat xlink:href="#sSpan1407" value="Sing"/>
		<feat xlink:href="#sSpan1410" value="Plur"/>
		<feat xlink:href="#sSpan1411" value="Sing"/>
		<feat xlink:href="#sSpan1415" value="Sing"/>
		<feat xlink:href="#sSpan1420" value="Sing"/>
		<feat xlink:href="#sSpan1423" value="Sing"/>
		<feat xlink:href="#sSpan1424" value="Sing"/>
		<feat xlink:href="#sSpan1430" value="Sing"/>
		<feat xlink:href="#sSpan1434" value="Sing"/>
		<feat xlink:href="#sSpan1445" value="Sing"/>
		<feat xlink:href="#sSpan1449" value="Sing"/>
		<feat xlink:href="#sSpan1452" value="Sing"/>
		<feat xlink:href="#sSpan1453" value="Sing"/>
		<feat xlink:href="#sSpan1463" value="Sing"/>
		<feat xlink:href="#sSpan1467" value="Plur"/>
		<feat xlink:href="#sSpan1470" value="Sing"/>
		<feat xlink:href="#sSpan1472" value="Sing"/>
		<feat xlink:href="#sSpan1479" value="Plur"/>
		<feat xlink:href="#sSpan1483" value="Sing"/>
		<feat xlink:href="#sSpan1484" value="Plur"/>
		<feat xlink:href="#sSpan1487" value="Sing"/>
		<feat xlink:href="#sSpan1488" value="Plur"/>
		<feat xlink:href="#sSpan1490" value="Plur"/>
		<feat xlink:href="#sSpan1493" value="Plur"/>
		<feat xlink:href="#sSpan1505" value="Plur"/>
		<feat xlink:href="#sSpan1509" value="Plur"/>
		<feat xlink:href="#sSpan1514" value="Plur"/>
		<feat xlink:href="#sSpan1519" value="Sing"/>
		<feat xlink:href="#sSpan1520" value="Sing"/>
		<feat xlink:href="#sSpan1521" value="Plur"/>
		<feat xlink:href="#sSpan1524" value="Sing"/>
		<feat xlink:href="#sSpan1526" value="Plur"/>
		<feat xlink:href="#sSpan1534" value="Plur"/>
		<feat xlink:href="#sSpan1537" value="Sing"/>
		<feat xlink:href="#sSpan1541" value="Plur"/>
		<feat xlink:href="#sSpan1542" value="Sing"/>
		<feat xlink:href="#sSpan1546" value="Plur"/>
		<feat xlink:href="#sSpan1547" value="Sing"/>
		<feat xlink:href="#sSpan1551" value="Plur"/>
		<feat xlink:href="#sSpan1557" value="Sing"/>
		<feat xlink:href="#sSpan1558" value="Sing"/>
		<feat xlink:href="#sSpan1559" value="Sing"/>
		<feat xlink:href="#sSpan1563" value="Sing"/>
		<feat xlink:href="#sSpan1564" value="Sing"/>
		<feat xlink:href="#sSpan1574" value="Sing"/>
		<feat xlink:href="#sSpan1579" value="Sing"/>
		<feat xlink:href="#sSpan1585" value="Sing"/>
		<feat xlink:href="#sSpan1586" value="Sing"/>
		<feat xlink:href="#sSpan1588" value="Sing"/>
		<feat xlink:href="#sSpan1595" value="Sing"/>
		<feat xlink:href="#sSpan1596" value="Sing"/>
		<feat xlink:href="#sSpan1607" value="Sing"/>
		<feat xlink:href="#sSpan1608" value="Plur"/>
		<feat xlink:href="#sSpan1613" value="Sing"/>
		<feat xlink:href="#sSpan1614" value="Sing"/>
		<feat xlink:href="#sSpan1615" value="Plur"/>
		<feat xlink:href="#sSpan1616" value="Sing"/>
		<feat xlink:href="#sSpan1620" value="Sing"/>
		<feat xlink:href="#sSpan1621" value="Sing"/>
		<feat xlink:href="#sSpan1622" value="Sing"/>
		<feat xlink:href="#sSpan1623" value="Sing"/>
		<feat xlink:href="#sSpan1624" value="Sing"/>
		<feat xlink:href="#sSpan1635" value="Sing"/>
		<feat xlink:href="#sSpan1636" value="Sing"/>
		<feat xlink:href="#sSpan1638" value="Plur"/>
		<feat xlink:href="#sSpan1639" value="Sing"/>
		<feat xlink:href="#sSpan1648" value="Sing"/>
		<feat xlink:href="#sSpan1649" value="Sing"/>
		<feat xlink:href="#sSpan1658" value="Sing"/>
		<feat xlink:href="#sSpan1663" value="Sing"/>
		<feat xlink:href="#sSpan1664" value="Sing"/>
		<feat xlink:href="#sSpan1670" value="Sing"/>
		<feat xlink:href="#sSpan1674" value="Sing"/>
		<feat xlink:href="#sSpan1678" value="Sing"/>
		<feat xlink:href="#sSpan1689" value="Sing"/>
		<feat xlink:href="#sSpan1695" value="Plur"/>
		<feat xlink:href="#sSpan1696" value="Plur"/>
		<feat xlink:href="#sSpan1700" value="Plur"/>
		<feat xlink:href="#sSpan1702" value="Sing"/>
		<feat xlink:href="#sSpan1708" value="Sing"/>
		<feat xlink:href="#sSpan1711" value="Plur"/>
		<feat xlink:href="#sSpan1712" value="Sing"/>
		<feat xlink:href="#sSpan1715" value="Sing"/>
		<feat xlink:href="#sSpan1720" value="Sing"/>
		<feat xlink:href="#sSpan1723" value="Sing"/>
		<feat xlink:href="#sSpan1727" value="Sing"/>
		<feat xlink:href="#sSpan1729" value="Plur"/>
		<feat xlink:href="#sSpan1736" value="Plur"/>
		<feat xlink:href="#sSpan1737" value="Sing"/>
		<feat xlink:href="#sSpan1743" value="Plur"/>
		<feat xlink:href="#sSpan1745" value="Plur"/>
		<feat xlink:href="#sSpan1756" value="Sing"/>
		<feat xlink:href="#sSpan1757" value="Sing"/>
		<feat xlink:href="#sSpan1763" value="Sing"/>
		<feat xlink:href="#sSpan1764" value="Sing"/>
		<feat xlink:href="#sSpan1765" value="Sing"/>
		<feat xlink:href="#sSpan1766" value="Sing"/>
		<feat xlink:href="#sSpan1768" value="Plur"/>
		<feat xlink:href="#sSpan1773" value="Plur"/>
		<feat xlink:href="#sSpan1779" value="Sing"/>
		<feat xlink:href="#sSpan1780" value="Sing"/>
		<feat xlink:href="#sSpan1784" value="Sing"/>
		<feat xlink:href="#sSpan1789" value="Sing"/>
		<feat xlink:href="#sSpan1790" value="Sing"/>
		<feat xlink:href="#sSpan1792" value="Plur"/>
		<feat xlink:href="#sSpan1808" value="Plur"/></featList></paula>