<?xml version='1.0' encoding='UTF-8'?><!DOCTYPE paula SYSTEM "paula_rel.dtd">
<paula version="1.1">
	<header paula_id="no_layer.GUM_academic_discrimination.head"/>
	<relList xmlns:xlink="http://www.w3.org/1999/xlink" type="head">
		<rel id="sPointingRel1426_11899" xlink:href="ref.GUM_academic_discrimination.mark.xml#sSpan141" target="GUM_academic_discrimination.tok.xml#sTok2"/>
		<rel id="sPointingRel1427" xlink:href="ref.GUM_academic_discrimination.mark.xml#sSpan142" target="GUM_academic_discrimination.tok.xml#sTok4"/>
		<rel id="sPointingRel1428_11901" xlink:href="ref.GUM_academic_discrimination.mark.xml#sSpan143" target="GUM_academic_discrimination.tok.xml#sTok7"/>
		<rel id="sPointingRel1429" xlink:href="ref.GUM_academic_discrimination.mark.xml#sSpan144" target="GUM_academic_discrimination.tok.xml#sTok10"/>
		<rel id="sPointingRel1430_11903" xlink:href="ref.GUM_academic_discrimination.mark.xml#sSpan145" target="GUM_academic_discrimination.tok.xml#sTok12"/>
		<rel id="sPointingRel1431" xlink:href="ref.GUM_academic_discrimination.mark.xml#sSpan146" target="GUM_academic_discrimination.tok.xml#sTok17"/>
		<rel id="sPointingRel1432" xlink:href="ref.GUM_academic_discrimination.mark.xml#sSpan147" target="GUM_academic_discrimination.tok.xml#sTok19"/>
		<rel id="sPointingRel1433" xlink:href="ref.GUM_academic_discrimination.mark.xml#sSpan148" target="GUM_academic_discrimination.tok.xml#sTok20"/>
		<rel id="sPointingRel1434" xlink:href="ref.GUM_academic_discrimination.mark.xml#sSpan149" target="GUM_academic_discrimination.tok.xml#sTok23"/>
		<rel id="sPointingRel1435" xlink:href="ref.GUM_academic_discrimination.mark.xml#sSpan150" target="GUM_academic_discrimination.tok.xml#sTok25"/>
		<rel id="sPointingRel1436" xlink:href="ref.GUM_academic_discrimination.mark.xml#sSpan151" target="GUM_academic_discrimination.tok.xml#sTok27"/>
		<rel id="sPointingRel1437" xlink:href="ref.GUM_academic_discrimination.mark.xml#sSpan152" target="GUM_academic_discrimination.tok.xml#sTok31"/>
		<rel id="sPointingRel1438" xlink:href="ref.GUM_academic_discrimination.mark.xml#sSpan153" target="GUM_academic_discrimination.tok.xml#sTok36"/>
		<rel id="sPointingRel1439" xlink:href="ref.GUM_academic_discrimination.mark.xml#sSpan154" target="GUM_academic_discrimination.tok.xml#sTok35"/>
		<rel id="sPointingRel1440" xlink:href="ref.GUM_academic_discrimination.mark.xml#sSpan155" target="GUM_academic_discrimination.tok.xml#sTok39"/>
		<rel id="sPointingRel1441" xlink:href="ref.GUM_academic_discrimination.mark.xml#sSpan156" target="GUM_academic_discrimination.tok.xml#sTok41"/>
		<rel id="sPointingRel1442" xlink:href="ref.GUM_academic_discrimination.mark.xml#sSpan157" target="GUM_academic_discrimination.tok.xml#sTok43"/>
		<rel id="sPointingRel1443" xlink:href="ref.GUM_academic_discrimination.mark.xml#sSpan158" target="GUM_academic_discrimination.tok.xml#sTok48"/>
		<rel id="sPointingRel1444" xlink:href="ref.GUM_academic_discrimination.mark.xml#sSpan159" target="GUM_academic_discrimination.tok.xml#sTok50"/>
		<rel id="sPointingRel1445" xlink:href="ref.GUM_academic_discrimination.mark.xml#sSpan160" target="GUM_academic_discrimination.tok.xml#sTok52"/>
		<rel id="sPointingRel1446" xlink:href="ref.GUM_academic_discrimination.mark.xml#sSpan161" target="GUM_academic_discrimination.tok.xml#sTok54"/>
		<rel id="sPointingRel1447" xlink:href="ref.GUM_academic_discrimination.mark.xml#sSpan162" target="GUM_academic_discrimination.tok.xml#sTok57"/>
		<rel id="sPointingRel1448" xlink:href="ref.GUM_academic_discrimination.mark.xml#sSpan163" target="GUM_academic_discrimination.tok.xml#sTok62"/>
		<rel id="sPointingRel1449" xlink:href="ref.GUM_academic_discrimination.mark.xml#sSpan164" target="GUM_academic_discrimination.tok.xml#sTok68"/>
		<rel id="sPointingRel1450" xlink:href="ref.GUM_academic_discrimination.mark.xml#sSpan165" target="GUM_academic_discrimination.tok.xml#sTok70"/>
		<rel id="sPointingRel1451" xlink:href="ref.GUM_academic_discrimination.mark.xml#sSpan166" target="GUM_academic_discrimination.tok.xml#sTok73"/>
		<rel id="sPointingRel1452" xlink:href="ref.GUM_academic_discrimination.mark.xml#sSpan167" target="GUM_academic_discrimination.tok.xml#sTok78"/>
		<rel id="sPointingRel1453" xlink:href="ref.GUM_academic_discrimination.mark.xml#sSpan168" target="GUM_academic_discrimination.tok.xml#sTok80"/>
		<rel id="sPointingRel1454" xlink:href="ref.GUM_academic_discrimination.mark.xml#sSpan169" target="GUM_academic_discrimination.tok.xml#sTok82"/>
		<rel id="sPointingRel1455" xlink:href="ref.GUM_academic_discrimination.mark.xml#sSpan170" target="GUM_academic_discrimination.tok.xml#sTok84"/>
		<rel id="sPointingRel1456" xlink:href="ref.GUM_academic_discrimination.mark.xml#sSpan171" target="GUM_academic_discrimination.tok.xml#sTok89"/>
		<rel id="sPointingRel1457" xlink:href="ref.GUM_academic_discrimination.mark.xml#sSpan172" target="GUM_academic_discrimination.tok.xml#sTok94"/>
		<rel id="sPointingRel1458" xlink:href="ref.GUM_academic_discrimination.mark.xml#sSpan173" target="GUM_academic_discrimination.tok.xml#sTok103"/>
		<rel id="sPointingRel1459" xlink:href="ref.GUM_academic_discrimination.mark.xml#sSpan174" target="GUM_academic_discrimination.tok.xml#sTok107"/>
		<rel id="sPointingRel1460" xlink:href="ref.GUM_academic_discrimination.mark.xml#sSpan175" target="GUM_academic_discrimination.tok.xml#sTok110"/>
		<rel id="sPointingRel1461" xlink:href="ref.GUM_academic_discrimination.mark.xml#sSpan176" target="GUM_academic_discrimination.tok.xml#sTok113"/>
		<rel id="sPointingRel1462" xlink:href="ref.GUM_academic_discrimination.mark.xml#sSpan177" target="GUM_academic_discrimination.tok.xml#sTok119"/>
		<rel id="sPointingRel1463" xlink:href="ref.GUM_academic_discrimination.mark.xml#sSpan178" target="GUM_academic_discrimination.tok.xml#sTok123"/>
		<rel id="sPointingRel1464" xlink:href="ref.GUM_academic_discrimination.mark.xml#sSpan179" target="GUM_academic_discrimination.tok.xml#sTok128"/>
		<rel id="sPointingRel1465" xlink:href="ref.GUM_academic_discrimination.mark.xml#sSpan180" target="GUM_academic_discrimination.tok.xml#sTok130"/>
		<rel id="sPointingRel1466" xlink:href="ref.GUM_academic_discrimination.mark.xml#sSpan181" target="GUM_academic_discrimination.tok.xml#sTok132"/>
		<rel id="sPointingRel1467" xlink:href="ref.GUM_academic_discrimination.mark.xml#sSpan182" target="GUM_academic_discrimination.tok.xml#sTok134"/>
		<rel id="sPointingRel1468" xlink:href="ref.GUM_academic_discrimination.mark.xml#sSpan183" target="GUM_academic_discrimination.tok.xml#sTok137"/>
		<rel id="sPointingRel1469" xlink:href="ref.GUM_academic_discrimination.mark.xml#sSpan184" target="GUM_academic_discrimination.tok.xml#sTok139"/>
		<rel id="sPointingRel1470" xlink:href="ref.GUM_academic_discrimination.mark.xml#sSpan185" target="GUM_academic_discrimination.tok.xml#sTok146"/>
		<rel id="sPointingRel1471" xlink:href="ref.GUM_academic_discrimination.mark.xml#sSpan186" target="GUM_academic_discrimination.tok.xml#sTok148"/>
		<rel id="sPointingRel1472" xlink:href="ref.GUM_academic_discrimination.mark.xml#sSpan187" target="GUM_academic_discrimination.tok.xml#sTok152"/>
		<rel id="sPointingRel1473" xlink:href="ref.GUM_academic_discrimination.mark.xml#sSpan188" target="GUM_academic_discrimination.tok.xml#sTok156"/>
		<rel id="sPointingRel1474" xlink:href="ref.GUM_academic_discrimination.mark.xml#sSpan189" target="GUM_academic_discrimination.tok.xml#sTok161"/>
		<rel id="sPointingRel1475" xlink:href="ref.GUM_academic_discrimination.mark.xml#sSpan190" target="GUM_academic_discrimination.tok.xml#sTok164"/>
		<rel id="sPointingRel1476" xlink:href="ref.GUM_academic_discrimination.mark.xml#sSpan191" target="GUM_academic_discrimination.tok.xml#sTok168"/>
		<rel id="sPointingRel1477" xlink:href="ref.GUM_academic_discrimination.mark.xml#sSpan192" target="GUM_academic_discrimination.tok.xml#sTok167"/>
		<rel id="sPointingRel1478" xlink:href="ref.GUM_academic_discrimination.mark.xml#sSpan193" target="GUM_academic_discrimination.tok.xml#sTok171"/>
		<rel id="sPointingRel1479" xlink:href="ref.GUM_academic_discrimination.mark.xml#sSpan194" target="GUM_academic_discrimination.tok.xml#sTok180"/>
		<rel id="sPointingRel1480" xlink:href="ref.GUM_academic_discrimination.mark.xml#sSpan195" target="GUM_academic_discrimination.tok.xml#sTok183"/>
		<rel id="sPointingRel1481" xlink:href="ref.GUM_academic_discrimination.mark.xml#sSpan196" target="GUM_academic_discrimination.tok.xml#sTok187"/>
		<rel id="sPointingRel1482" xlink:href="ref.GUM_academic_discrimination.mark.xml#sSpan197" target="GUM_academic_discrimination.tok.xml#sTok189"/>
		<rel id="sPointingRel1483" xlink:href="ref.GUM_academic_discrimination.mark.xml#sSpan198" target="GUM_academic_discrimination.tok.xml#sTok192"/>
		<rel id="sPointingRel1484" xlink:href="ref.GUM_academic_discrimination.mark.xml#sSpan199" target="GUM_academic_discrimination.tok.xml#sTok196"/>
		<rel id="sPointingRel1485" xlink:href="ref.GUM_academic_discrimination.mark.xml#sSpan200" target="GUM_academic_discrimination.tok.xml#sTok195"/>
		<rel id="sPointingRel1486" xlink:href="ref.GUM_academic_discrimination.mark.xml#sSpan201" target="GUM_academic_discrimination.tok.xml#sTok199"/>
		<rel id="sPointingRel1487" xlink:href="ref.GUM_academic_discrimination.mark.xml#sSpan202" target="GUM_academic_discrimination.tok.xml#sTok204"/>
		<rel id="sPointingRel1488" xlink:href="ref.GUM_academic_discrimination.mark.xml#sSpan203" target="GUM_academic_discrimination.tok.xml#sTok207"/>
		<rel id="sPointingRel1489" xlink:href="ref.GUM_academic_discrimination.mark.xml#sSpan204" target="GUM_academic_discrimination.tok.xml#sTok212"/>
		<rel id="sPointingRel1490" xlink:href="ref.GUM_academic_discrimination.mark.xml#sSpan205" target="GUM_academic_discrimination.tok.xml#sTok214"/>
		<rel id="sPointingRel1491" xlink:href="ref.GUM_academic_discrimination.mark.xml#sSpan206" target="GUM_academic_discrimination.tok.xml#sTok216"/>
		<rel id="sPointingRel1492" xlink:href="ref.GUM_academic_discrimination.mark.xml#sSpan207" target="GUM_academic_discrimination.tok.xml#sTok224"/>
		<rel id="sPointingRel1493" xlink:href="ref.GUM_academic_discrimination.mark.xml#sSpan208" target="GUM_academic_discrimination.tok.xml#sTok229"/>
		<rel id="sPointingRel1494" xlink:href="ref.GUM_academic_discrimination.mark.xml#sSpan209" target="GUM_academic_discrimination.tok.xml#sTok234"/>
		<rel id="sPointingRel1495" xlink:href="ref.GUM_academic_discrimination.mark.xml#sSpan210" target="GUM_academic_discrimination.tok.xml#sTok237"/>
		<rel id="sPointingRel1496" xlink:href="ref.GUM_academic_discrimination.mark.xml#sSpan211" target="GUM_academic_discrimination.tok.xml#sTok240"/>
		<rel id="sPointingRel1497" xlink:href="ref.GUM_academic_discrimination.mark.xml#sSpan212" target="GUM_academic_discrimination.tok.xml#sTok246"/>
		<rel id="sPointingRel1498" xlink:href="ref.GUM_academic_discrimination.mark.xml#sSpan213" target="GUM_academic_discrimination.tok.xml#sTok248"/>
		<rel id="sPointingRel1499" xlink:href="ref.GUM_academic_discrimination.mark.xml#sSpan214" target="GUM_academic_discrimination.tok.xml#sTok256"/>
		<rel id="sPointingRel1500" xlink:href="ref.GUM_academic_discrimination.mark.xml#sSpan215" target="GUM_academic_discrimination.tok.xml#sTok258"/>
		<rel id="sPointingRel1501" xlink:href="ref.GUM_academic_discrimination.mark.xml#sSpan216" target="GUM_academic_discrimination.tok.xml#sTok260"/>
		<rel id="sPointingRel1502" xlink:href="ref.GUM_academic_discrimination.mark.xml#sSpan217" target="GUM_academic_discrimination.tok.xml#sTok262"/>
		<rel id="sPointingRel1503" xlink:href="ref.GUM_academic_discrimination.mark.xml#sSpan218" target="GUM_academic_discrimination.tok.xml#sTok268"/>
		<rel id="sPointingRel1504" xlink:href="ref.GUM_academic_discrimination.mark.xml#sSpan219" target="GUM_academic_discrimination.tok.xml#sTok271"/>
		<rel id="sPointingRel1505" xlink:href="ref.GUM_academic_discrimination.mark.xml#sSpan220" target="GUM_academic_discrimination.tok.xml#sTok276"/>
		<rel id="sPointingRel1506" xlink:href="ref.GUM_academic_discrimination.mark.xml#sSpan221" target="GUM_academic_discrimination.tok.xml#sTok282"/>
		<rel id="sPointingRel1507" xlink:href="ref.GUM_academic_discrimination.mark.xml#sSpan222" target="GUM_academic_discrimination.tok.xml#sTok284"/>
		<rel id="sPointingRel1508" xlink:href="ref.GUM_academic_discrimination.mark.xml#sSpan223" target="GUM_academic_discrimination.tok.xml#sTok287"/>
		<rel id="sPointingRel1509" xlink:href="ref.GUM_academic_discrimination.mark.xml#sSpan224" target="GUM_academic_discrimination.tok.xml#sTok289"/>
		<rel id="sPointingRel1510" xlink:href="ref.GUM_academic_discrimination.mark.xml#sSpan225" target="GUM_academic_discrimination.tok.xml#sTok294"/>
		<rel id="sPointingRel1511" xlink:href="ref.GUM_academic_discrimination.mark.xml#sSpan226" target="GUM_academic_discrimination.tok.xml#sTok296"/>
		<rel id="sPointingRel1512" xlink:href="ref.GUM_academic_discrimination.mark.xml#sSpan227" target="GUM_academic_discrimination.tok.xml#sTok298"/>
		<rel id="sPointingRel1513" xlink:href="ref.GUM_academic_discrimination.mark.xml#sSpan228" target="GUM_academic_discrimination.tok.xml#sTok304"/>
		<rel id="sPointingRel1514" xlink:href="ref.GUM_academic_discrimination.mark.xml#sSpan229" target="GUM_academic_discrimination.tok.xml#sTok310"/>
		<rel id="sPointingRel1515" xlink:href="ref.GUM_academic_discrimination.mark.xml#sSpan230" target="GUM_academic_discrimination.tok.xml#sTok314"/>
		<rel id="sPointingRel1516" xlink:href="ref.GUM_academic_discrimination.mark.xml#sSpan231" target="GUM_academic_discrimination.tok.xml#sTok317"/>
		<rel id="sPointingRel1517" xlink:href="ref.GUM_academic_discrimination.mark.xml#sSpan232" target="GUM_academic_discrimination.tok.xml#sTok316"/>
		<rel id="sPointingRel1518" xlink:href="ref.GUM_academic_discrimination.mark.xml#sSpan233" target="GUM_academic_discrimination.tok.xml#sTok324"/>
		<rel id="sPointingRel1519" xlink:href="ref.GUM_academic_discrimination.mark.xml#sSpan234" target="GUM_academic_discrimination.tok.xml#sTok326"/>
		<rel id="sPointingRel1520" xlink:href="ref.GUM_academic_discrimination.mark.xml#sSpan235" target="GUM_academic_discrimination.tok.xml#sTok330"/>
		<rel id="sPointingRel1521" xlink:href="ref.GUM_academic_discrimination.mark.xml#sSpan236" target="GUM_academic_discrimination.tok.xml#sTok335"/>
		<rel id="sPointingRel1522" xlink:href="ref.GUM_academic_discrimination.mark.xml#sSpan237" target="GUM_academic_discrimination.tok.xml#sTok339"/>
		<rel id="sPointingRel1523" xlink:href="ref.GUM_academic_discrimination.mark.xml#sSpan238" target="GUM_academic_discrimination.tok.xml#sTok343"/>
		<rel id="sPointingRel1524" xlink:href="ref.GUM_academic_discrimination.mark.xml#sSpan239" target="GUM_academic_discrimination.tok.xml#sTok342"/>
		<rel id="sPointingRel1525" xlink:href="ref.GUM_academic_discrimination.mark.xml#sSpan240" target="GUM_academic_discrimination.tok.xml#sTok345"/>
		<rel id="sPointingRel1526" xlink:href="ref.GUM_academic_discrimination.mark.xml#sSpan241" target="GUM_academic_discrimination.tok.xml#sTok347"/>
		<rel id="sPointingRel1527" xlink:href="ref.GUM_academic_discrimination.mark.xml#sSpan242" target="GUM_academic_discrimination.tok.xml#sTok350"/>
		<rel id="sPointingRel1528" xlink:href="ref.GUM_academic_discrimination.mark.xml#sSpan243" target="GUM_academic_discrimination.tok.xml#sTok353"/>
		<rel id="sPointingRel1529" xlink:href="ref.GUM_academic_discrimination.mark.xml#sSpan244" target="GUM_academic_discrimination.tok.xml#sTok360"/>
		<rel id="sPointingRel1530" xlink:href="ref.GUM_academic_discrimination.mark.xml#sSpan245" target="GUM_academic_discrimination.tok.xml#sTok371"/>
		<rel id="sPointingRel1531" xlink:href="ref.GUM_academic_discrimination.mark.xml#sSpan246" target="GUM_academic_discrimination.tok.xml#sTok370"/>
		<rel id="sPointingRel1532" xlink:href="ref.GUM_academic_discrimination.mark.xml#sSpan247" target="GUM_academic_discrimination.tok.xml#sTok379"/>
		<rel id="sPointingRel1533" xlink:href="ref.GUM_academic_discrimination.mark.xml#sSpan248" target="GUM_academic_discrimination.tok.xml#sTok385"/>
		<rel id="sPointingRel1534" xlink:href="ref.GUM_academic_discrimination.mark.xml#sSpan249" target="GUM_academic_discrimination.tok.xml#sTok384"/>
		<rel id="sPointingRel1535" xlink:href="ref.GUM_academic_discrimination.mark.xml#sSpan250" target="GUM_academic_discrimination.tok.xml#sTok389"/>
		<rel id="sPointingRel1536" xlink:href="ref.GUM_academic_discrimination.mark.xml#sSpan251" target="GUM_academic_discrimination.tok.xml#sTok392"/>
		<rel id="sPointingRel1537" xlink:href="ref.GUM_academic_discrimination.mark.xml#sSpan252" target="GUM_academic_discrimination.tok.xml#sTok395"/>
		<rel id="sPointingRel1538" xlink:href="ref.GUM_academic_discrimination.mark.xml#sSpan253" target="GUM_academic_discrimination.tok.xml#sTok401"/>
		<rel id="sPointingRel1539" xlink:href="ref.GUM_academic_discrimination.mark.xml#sSpan254" target="GUM_academic_discrimination.tok.xml#sTok404"/>
		<rel id="sPointingRel1540" xlink:href="ref.GUM_academic_discrimination.mark.xml#sSpan255" target="GUM_academic_discrimination.tok.xml#sTok409"/>
		<rel id="sPointingRel1541" xlink:href="ref.GUM_academic_discrimination.mark.xml#sSpan256" target="GUM_academic_discrimination.tok.xml#sTok412"/>
		<rel id="sPointingRel1542" xlink:href="ref.GUM_academic_discrimination.mark.xml#sSpan257" target="GUM_academic_discrimination.tok.xml#sTok419"/>
		<rel id="sPointingRel1543" xlink:href="ref.GUM_academic_discrimination.mark.xml#sSpan258" target="GUM_academic_discrimination.tok.xml#sTok423"/>
		<rel id="sPointingRel1544" xlink:href="ref.GUM_academic_discrimination.mark.xml#sSpan259" target="GUM_academic_discrimination.tok.xml#sTok425"/>
		<rel id="sPointingRel1545" xlink:href="ref.GUM_academic_discrimination.mark.xml#sSpan260" target="GUM_academic_discrimination.tok.xml#sTok427"/>
		<rel id="sPointingRel1546" xlink:href="ref.GUM_academic_discrimination.mark.xml#sSpan261" target="GUM_academic_discrimination.tok.xml#sTok430"/>
		<rel id="sPointingRel1547" xlink:href="ref.GUM_academic_discrimination.mark.xml#sSpan262" target="GUM_academic_discrimination.tok.xml#sTok429"/>
		<rel id="sPointingRel1548" xlink:href="ref.GUM_academic_discrimination.mark.xml#sSpan263" target="GUM_academic_discrimination.tok.xml#sTok432"/>
		<rel id="sPointingRel1549" xlink:href="ref.GUM_academic_discrimination.mark.xml#sSpan264" target="GUM_academic_discrimination.tok.xml#sTok434"/>
		<rel id="sPointingRel1550" xlink:href="ref.GUM_academic_discrimination.mark.xml#sSpan265" target="GUM_academic_discrimination.tok.xml#sTok436"/>
		<rel id="sPointingRel1551" xlink:href="ref.GUM_academic_discrimination.mark.xml#sSpan266" target="GUM_academic_discrimination.tok.xml#sTok438"/>
		<rel id="sPointingRel1552" xlink:href="ref.GUM_academic_discrimination.mark.xml#sSpan267" target="GUM_academic_discrimination.tok.xml#sTok440"/>
		<rel id="sPointingRel1553" xlink:href="ref.GUM_academic_discrimination.mark.xml#sSpan268" target="GUM_academic_discrimination.tok.xml#sTok443"/>
		<rel id="sPointingRel1554" xlink:href="ref.GUM_academic_discrimination.mark.xml#sSpan269" target="GUM_academic_discrimination.tok.xml#sTok445"/>
		<rel id="sPointingRel1555" xlink:href="ref.GUM_academic_discrimination.mark.xml#sSpan270" target="GUM_academic_discrimination.tok.xml#sTok447"/>
		<rel id="sPointingRel1556" xlink:href="ref.GUM_academic_discrimination.mark.xml#sSpan271" target="GUM_academic_discrimination.tok.xml#sTok450"/>
		<rel id="sPointingRel1557" xlink:href="ref.GUM_academic_discrimination.mark.xml#sSpan272" target="GUM_academic_discrimination.tok.xml#sTok453"/>
		<rel id="sPointingRel1558" xlink:href="ref.GUM_academic_discrimination.mark.xml#sSpan273" target="GUM_academic_discrimination.tok.xml#sTok457"/>
		<rel id="sPointingRel1559" xlink:href="ref.GUM_academic_discrimination.mark.xml#sSpan274" target="GUM_academic_discrimination.tok.xml#sTok461"/>
		<rel id="sPointingRel1560" xlink:href="ref.GUM_academic_discrimination.mark.xml#sSpan275" target="GUM_academic_discrimination.tok.xml#sTok466"/>
		<rel id="sPointingRel1561" xlink:href="ref.GUM_academic_discrimination.mark.xml#sSpan276" target="GUM_academic_discrimination.tok.xml#sTok469"/>
		<rel id="sPointingRel1562" xlink:href="ref.GUM_academic_discrimination.mark.xml#sSpan277" target="GUM_academic_discrimination.tok.xml#sTok471"/>
		<rel id="sPointingRel1563" xlink:href="ref.GUM_academic_discrimination.mark.xml#sSpan278" target="GUM_academic_discrimination.tok.xml#sTok471"/>
		<rel id="sPointingRel1564" xlink:href="ref.GUM_academic_discrimination.mark.xml#sSpan279" target="GUM_academic_discrimination.tok.xml#sTok473"/>
		<rel id="sPointingRel1565" xlink:href="ref.GUM_academic_discrimination.mark.xml#sSpan280" target="GUM_academic_discrimination.tok.xml#sTok476"/>
		<rel id="sPointingRel1566" xlink:href="ref.GUM_academic_discrimination.mark.xml#sSpan281" target="GUM_academic_discrimination.tok.xml#sTok479"/>
		<rel id="sPointingRel1567" xlink:href="ref.GUM_academic_discrimination.mark.xml#sSpan282" target="GUM_academic_discrimination.tok.xml#sTok482"/>
		<rel id="sPointingRel1568" xlink:href="ref.GUM_academic_discrimination.mark.xml#sSpan283" target="GUM_academic_discrimination.tok.xml#sTok481"/>
		<rel id="sPointingRel1569" xlink:href="ref.GUM_academic_discrimination.mark.xml#sSpan284" target="GUM_academic_discrimination.tok.xml#sTok488"/>
		<rel id="sPointingRel1570" xlink:href="ref.GUM_academic_discrimination.mark.xml#sSpan285" target="GUM_academic_discrimination.tok.xml#sTok493"/>
		<rel id="sPointingRel1571" xlink:href="ref.GUM_academic_discrimination.mark.xml#sSpan286" target="GUM_academic_discrimination.tok.xml#sTok498"/>
		<rel id="sPointingRel1572" xlink:href="ref.GUM_academic_discrimination.mark.xml#sSpan287" target="GUM_academic_discrimination.tok.xml#sTok497"/>
		<rel id="sPointingRel1573" xlink:href="ref.GUM_academic_discrimination.mark.xml#sSpan288" target="GUM_academic_discrimination.tok.xml#sTok505"/>
		<rel id="sPointingRel1574" xlink:href="ref.GUM_academic_discrimination.mark.xml#sSpan289" target="GUM_academic_discrimination.tok.xml#sTok504"/>
		<rel id="sPointingRel1575" xlink:href="ref.GUM_academic_discrimination.mark.xml#sSpan290" target="GUM_academic_discrimination.tok.xml#sTok510"/>
		<rel id="sPointingRel1576" xlink:href="ref.GUM_academic_discrimination.mark.xml#sSpan291" target="GUM_academic_discrimination.tok.xml#sTok518"/>
		<rel id="sPointingRel1577" xlink:href="ref.GUM_academic_discrimination.mark.xml#sSpan292" target="GUM_academic_discrimination.tok.xml#sTok522"/>
		<rel id="sPointingRel1578" xlink:href="ref.GUM_academic_discrimination.mark.xml#sSpan293" target="GUM_academic_discrimination.tok.xml#sTok521"/>
		<rel id="sPointingRel1579" xlink:href="ref.GUM_academic_discrimination.mark.xml#sSpan294" target="GUM_academic_discrimination.tok.xml#sTok527"/>
		<rel id="sPointingRel1580" xlink:href="ref.GUM_academic_discrimination.mark.xml#sSpan295" target="GUM_academic_discrimination.tok.xml#sTok526"/>
		<rel id="sPointingRel1581" xlink:href="ref.GUM_academic_discrimination.mark.xml#sSpan296" target="GUM_academic_discrimination.tok.xml#sTok535"/>
		<rel id="sPointingRel1582" xlink:href="ref.GUM_academic_discrimination.mark.xml#sSpan297" target="GUM_academic_discrimination.tok.xml#sTok533"/>
		<rel id="sPointingRel1583" xlink:href="ref.GUM_academic_discrimination.mark.xml#sSpan298" target="GUM_academic_discrimination.tok.xml#sTok537"/>
		<rel id="sPointingRel1584" xlink:href="ref.GUM_academic_discrimination.mark.xml#sSpan299" target="GUM_academic_discrimination.tok.xml#sTok541"/>
		<rel id="sPointingRel1585" xlink:href="ref.GUM_academic_discrimination.mark.xml#sSpan300" target="GUM_academic_discrimination.tok.xml#sTok545"/>
		<rel id="sPointingRel1586" xlink:href="ref.GUM_academic_discrimination.mark.xml#sSpan301" target="GUM_academic_discrimination.tok.xml#sTok550"/>
		<rel id="sPointingRel1587" xlink:href="ref.GUM_academic_discrimination.mark.xml#sSpan302" target="GUM_academic_discrimination.tok.xml#sTok548"/>
		<rel id="sPointingRel1588" xlink:href="ref.GUM_academic_discrimination.mark.xml#sSpan303" target="GUM_academic_discrimination.tok.xml#sTok554"/>
		<rel id="sPointingRel1589" xlink:href="ref.GUM_academic_discrimination.mark.xml#sSpan304" target="GUM_academic_discrimination.tok.xml#sTok552"/>
		<rel id="sPointingRel1590" xlink:href="ref.GUM_academic_discrimination.mark.xml#sSpan305" target="GUM_academic_discrimination.tok.xml#sTok563"/>
		<rel id="sPointingRel1591" xlink:href="ref.GUM_academic_discrimination.mark.xml#sSpan306" target="GUM_academic_discrimination.tok.xml#sTok561"/>
		<rel id="sPointingRel1592" xlink:href="ref.GUM_academic_discrimination.mark.xml#sSpan307" target="GUM_academic_discrimination.tok.xml#sTok570"/>
		<rel id="sPointingRel1593" xlink:href="ref.GUM_academic_discrimination.mark.xml#sSpan308" target="GUM_academic_discrimination.tok.xml#sTok569"/>
		<rel id="sPointingRel1594" xlink:href="ref.GUM_academic_discrimination.mark.xml#sSpan309" target="GUM_academic_discrimination.tok.xml#sTok573"/>
		<rel id="sPointingRel1595" xlink:href="ref.GUM_academic_discrimination.mark.xml#sSpan310" target="GUM_academic_discrimination.tok.xml#sTok583"/>
		<rel id="sPointingRel1596" xlink:href="ref.GUM_academic_discrimination.mark.xml#sSpan311" target="GUM_academic_discrimination.tok.xml#sTok582"/>
		<rel id="sPointingRel1597" xlink:href="ref.GUM_academic_discrimination.mark.xml#sSpan312" target="GUM_academic_discrimination.tok.xml#sTok580"/>
		<rel id="sPointingRel1598" xlink:href="ref.GUM_academic_discrimination.mark.xml#sSpan313" target="GUM_academic_discrimination.tok.xml#sTok588"/>
		<rel id="sPointingRel1599" xlink:href="ref.GUM_academic_discrimination.mark.xml#sSpan314" target="GUM_academic_discrimination.tok.xml#sTok586"/>
		<rel id="sPointingRel1600" xlink:href="ref.GUM_academic_discrimination.mark.xml#sSpan315" target="GUM_academic_discrimination.tok.xml#sTok592"/>
		<rel id="sPointingRel1601" xlink:href="ref.GUM_academic_discrimination.mark.xml#sSpan316" target="GUM_academic_discrimination.tok.xml#sTok598"/>
		<rel id="sPointingRel1602" xlink:href="ref.GUM_academic_discrimination.mark.xml#sSpan317" target="GUM_academic_discrimination.tok.xml#sTok603"/>
		<rel id="sPointingRel1603" xlink:href="ref.GUM_academic_discrimination.mark.xml#sSpan318" target="GUM_academic_discrimination.tok.xml#sTok606"/>
		<rel id="sPointingRel1604" xlink:href="ref.GUM_academic_discrimination.mark.xml#sSpan319" target="GUM_academic_discrimination.tok.xml#sTok608"/>
		<rel id="sPointingRel1605" xlink:href="ref.GUM_academic_discrimination.mark.xml#sSpan320" target="GUM_academic_discrimination.tok.xml#sTok614"/>
		<rel id="sPointingRel1606" xlink:href="ref.GUM_academic_discrimination.mark.xml#sSpan321" target="GUM_academic_discrimination.tok.xml#sTok613"/>
		<rel id="sPointingRel1607" xlink:href="ref.GUM_academic_discrimination.mark.xml#sSpan322" target="GUM_academic_discrimination.tok.xml#sTok619"/>
		<rel id="sPointingRel1608" xlink:href="ref.GUM_academic_discrimination.mark.xml#sSpan323" target="GUM_academic_discrimination.tok.xml#sTok621"/>
		<rel id="sPointingRel1609" xlink:href="ref.GUM_academic_discrimination.mark.xml#sSpan324" target="GUM_academic_discrimination.tok.xml#sTok623"/>
		<rel id="sPointingRel1610" xlink:href="ref.GUM_academic_discrimination.mark.xml#sSpan325" target="GUM_academic_discrimination.tok.xml#sTok626"/>
		<rel id="sPointingRel1611" xlink:href="ref.GUM_academic_discrimination.mark.xml#sSpan326" target="GUM_academic_discrimination.tok.xml#sTok628"/>
		<rel id="sPointingRel1612" xlink:href="ref.GUM_academic_discrimination.mark.xml#sSpan327" target="GUM_academic_discrimination.tok.xml#sTok631"/>
		<rel id="sPointingRel1613" xlink:href="ref.GUM_academic_discrimination.mark.xml#sSpan328" target="GUM_academic_discrimination.tok.xml#sTok634"/>
		<rel id="sPointingRel1614" xlink:href="ref.GUM_academic_discrimination.mark.xml#sSpan329" target="GUM_academic_discrimination.tok.xml#sTok637"/>
		<rel id="sPointingRel1615" xlink:href="ref.GUM_academic_discrimination.mark.xml#sSpan330" target="GUM_academic_discrimination.tok.xml#sTok640"/>
		<rel id="sPointingRel1616" xlink:href="ref.GUM_academic_discrimination.mark.xml#sSpan331" target="GUM_academic_discrimination.tok.xml#sTok642"/>
		<rel id="sPointingRel1617" xlink:href="ref.GUM_academic_discrimination.mark.xml#sSpan332" target="GUM_academic_discrimination.tok.xml#sTok646"/>
		<rel id="sPointingRel1618" xlink:href="ref.GUM_academic_discrimination.mark.xml#sSpan333" target="GUM_academic_discrimination.tok.xml#sTok652"/>
		<rel id="sPointingRel1619" xlink:href="ref.GUM_academic_discrimination.mark.xml#sSpan334" target="GUM_academic_discrimination.tok.xml#sTok655"/>
		<rel id="sPointingRel1620" xlink:href="ref.GUM_academic_discrimination.mark.xml#sSpan335" target="GUM_academic_discrimination.tok.xml#sTok664"/>
		<rel id="sPointingRel1621" xlink:href="ref.GUM_academic_discrimination.mark.xml#sSpan336" target="GUM_academic_discrimination.tok.xml#sTok667"/>
		<rel id="sPointingRel1622" xlink:href="ref.GUM_academic_discrimination.mark.xml#sSpan337" target="GUM_academic_discrimination.tok.xml#sTok672"/>
		<rel id="sPointingRel1623" xlink:href="ref.GUM_academic_discrimination.mark.xml#sSpan338" target="GUM_academic_discrimination.tok.xml#sTok670"/>
		<rel id="sPointingRel1624" xlink:href="ref.GUM_academic_discrimination.mark.xml#sSpan339" target="GUM_academic_discrimination.tok.xml#sTok677"/>
		<rel id="sPointingRel1625" xlink:href="ref.GUM_academic_discrimination.mark.xml#sSpan340" target="GUM_academic_discrimination.tok.xml#sTok680"/>
		<rel id="sPointingRel1626" xlink:href="ref.GUM_academic_discrimination.mark.xml#sSpan341" target="GUM_academic_discrimination.tok.xml#sTok686"/>
		<rel id="sPointingRel1627" xlink:href="ref.GUM_academic_discrimination.mark.xml#sSpan342" target="GUM_academic_discrimination.tok.xml#sTok692"/>
		<rel id="sPointingRel1628" xlink:href="ref.GUM_academic_discrimination.mark.xml#sSpan343" target="GUM_academic_discrimination.tok.xml#sTok696"/>
		<rel id="sPointingRel1629" xlink:href="ref.GUM_academic_discrimination.mark.xml#sSpan344" target="GUM_academic_discrimination.tok.xml#sTok700"/>
		<rel id="sPointingRel1630" xlink:href="ref.GUM_academic_discrimination.mark.xml#sSpan345" target="GUM_academic_discrimination.tok.xml#sTok704"/>
		<rel id="sPointingRel1631" xlink:href="ref.GUM_academic_discrimination.mark.xml#sSpan346" target="GUM_academic_discrimination.tok.xml#sTok712"/>
		<rel id="sPointingRel1632" xlink:href="ref.GUM_academic_discrimination.mark.xml#sSpan347" target="GUM_academic_discrimination.tok.xml#sTok718"/>
		<rel id="sPointingRel1633" xlink:href="ref.GUM_academic_discrimination.mark.xml#sSpan348" target="GUM_academic_discrimination.tok.xml#sTok722"/>
		<rel id="sPointingRel1634" xlink:href="ref.GUM_academic_discrimination.mark.xml#sSpan349" target="GUM_academic_discrimination.tok.xml#sTok727"/>
		<rel id="sPointingRel1635" xlink:href="ref.GUM_academic_discrimination.mark.xml#sSpan350" target="GUM_academic_discrimination.tok.xml#sTok732"/>
		<rel id="sPointingRel1636" xlink:href="ref.GUM_academic_discrimination.mark.xml#sSpan351" target="GUM_academic_discrimination.tok.xml#sTok730"/>
		<rel id="sPointingRel1637" xlink:href="ref.GUM_academic_discrimination.mark.xml#sSpan352" target="GUM_academic_discrimination.tok.xml#sTok736"/>
		<rel id="sPointingRel1638" xlink:href="ref.GUM_academic_discrimination.mark.xml#sSpan353" target="GUM_academic_discrimination.tok.xml#sTok741"/>
		<rel id="sPointingRel1639" xlink:href="ref.GUM_academic_discrimination.mark.xml#sSpan354" target="GUM_academic_discrimination.tok.xml#sTok744"/>
		<rel id="sPointingRel1640" xlink:href="ref.GUM_academic_discrimination.mark.xml#sSpan355" target="GUM_academic_discrimination.tok.xml#sTok746"/>
		<rel id="sPointingRel1641" xlink:href="ref.GUM_academic_discrimination.mark.xml#sSpan356" target="GUM_academic_discrimination.tok.xml#sTok751"/>
		<rel id="sPointingRel1642" xlink:href="ref.GUM_academic_discrimination.mark.xml#sSpan357" target="GUM_academic_discrimination.tok.xml#sTok761"/>
		<rel id="sPointingRel1643" xlink:href="ref.GUM_academic_discrimination.mark.xml#sSpan358" target="GUM_academic_discrimination.tok.xml#sTok764"/>
		<rel id="sPointingRel1644" xlink:href="ref.GUM_academic_discrimination.mark.xml#sSpan359" target="GUM_academic_discrimination.tok.xml#sTok766"/>
		<rel id="sPointingRel1645" xlink:href="ref.GUM_academic_discrimination.mark.xml#sSpan360" target="GUM_academic_discrimination.tok.xml#sTok769"/>
		<rel id="sPointingRel1646" xlink:href="ref.GUM_academic_discrimination.mark.xml#sSpan361" target="GUM_academic_discrimination.tok.xml#sTok771"/>
		<rel id="sPointingRel1647" xlink:href="ref.GUM_academic_discrimination.mark.xml#sSpan362" target="GUM_academic_discrimination.tok.xml#sTok773"/>
		<rel id="sPointingRel1648" xlink:href="ref.GUM_academic_discrimination.mark.xml#sSpan363" target="GUM_academic_discrimination.tok.xml#sTok775"/>
		<rel id="sPointingRel1649" xlink:href="ref.GUM_academic_discrimination.mark.xml#sSpan364" target="GUM_academic_discrimination.tok.xml#sTok779"/>
		<rel id="sPointingRel1650" xlink:href="ref.GUM_academic_discrimination.mark.xml#sSpan365" target="GUM_academic_discrimination.tok.xml#sTok783"/>
		<rel id="sPointingRel1651" xlink:href="ref.GUM_academic_discrimination.mark.xml#sSpan366" target="GUM_academic_discrimination.tok.xml#sTok781"/>
		<rel id="sPointingRel1652" xlink:href="ref.GUM_academic_discrimination.mark.xml#sSpan367" target="GUM_academic_discrimination.tok.xml#sTok787"/>
		<rel id="sPointingRel1653" xlink:href="ref.GUM_academic_discrimination.mark.xml#sSpan368" target="GUM_academic_discrimination.tok.xml#sTok792"/>
		<rel id="sPointingRel1654" xlink:href="ref.GUM_academic_discrimination.mark.xml#sSpan369" target="GUM_academic_discrimination.tok.xml#sTok796"/>
		<rel id="sPointingRel1655" xlink:href="ref.GUM_academic_discrimination.mark.xml#sSpan370" target="GUM_academic_discrimination.tok.xml#sTok795"/>
		<rel id="sPointingRel1656" xlink:href="ref.GUM_academic_discrimination.mark.xml#sSpan371" target="GUM_academic_discrimination.tok.xml#sTok799"/>
		<rel id="sPointingRel1657" xlink:href="ref.GUM_academic_discrimination.mark.xml#sSpan372" target="GUM_academic_discrimination.tok.xml#sTok805"/>
		<rel id="sPointingRel1658" xlink:href="ref.GUM_academic_discrimination.mark.xml#sSpan373" target="GUM_academic_discrimination.tok.xml#sTok809"/>
		<rel id="sPointingRel1659" xlink:href="ref.GUM_academic_discrimination.mark.xml#sSpan374" target="GUM_academic_discrimination.tok.xml#sTok815"/>
		<rel id="sPointingRel1660" xlink:href="ref.GUM_academic_discrimination.mark.xml#sSpan375" target="GUM_academic_discrimination.tok.xml#sTok814"/>
		<rel id="sPointingRel1661" xlink:href="ref.GUM_academic_discrimination.mark.xml#sSpan376" target="GUM_academic_discrimination.tok.xml#sTok813"/>
		<rel id="sPointingRel1662" xlink:href="ref.GUM_academic_discrimination.mark.xml#sSpan377" target="GUM_academic_discrimination.tok.xml#sTok819"/>
		<rel id="sPointingRel1663" xlink:href="ref.GUM_academic_discrimination.mark.xml#sSpan378" target="GUM_academic_discrimination.tok.xml#sTok823"/>
		<rel id="sPointingRel1664" xlink:href="ref.GUM_academic_discrimination.mark.xml#sSpan379" target="GUM_academic_discrimination.tok.xml#sTok826"/>
		<rel id="sPointingRel1665" xlink:href="ref.GUM_academic_discrimination.mark.xml#sSpan380" target="GUM_academic_discrimination.tok.xml#sTok829"/>
		<rel id="sPointingRel1666" xlink:href="ref.GUM_academic_discrimination.mark.xml#sSpan381" target="GUM_academic_discrimination.tok.xml#sTok831"/>
		<rel id="sPointingRel1667" xlink:href="ref.GUM_academic_discrimination.mark.xml#sSpan382" target="GUM_academic_discrimination.tok.xml#sTok835"/>
		<rel id="sPointingRel1668" xlink:href="ref.GUM_academic_discrimination.mark.xml#sSpan383" target="GUM_academic_discrimination.tok.xml#sTok843"/>
		<rel id="sPointingRel1669" xlink:href="ref.GUM_academic_discrimination.mark.xml#sSpan384" target="GUM_academic_discrimination.tok.xml#sTok848"/>
		<rel id="sPointingRel1670" xlink:href="ref.GUM_academic_discrimination.mark.xml#sSpan385" target="GUM_academic_discrimination.tok.xml#sTok853"/>
		<rel id="sPointingRel1671" xlink:href="ref.GUM_academic_discrimination.mark.xml#sSpan386" target="GUM_academic_discrimination.tok.xml#sTok858"/>
		<rel id="sPointingRel1672" xlink:href="ref.GUM_academic_discrimination.mark.xml#sSpan387" target="GUM_academic_discrimination.tok.xml#sTok864"/>
		<rel id="sPointingRel1673" xlink:href="ref.GUM_academic_discrimination.mark.xml#sSpan388" target="GUM_academic_discrimination.tok.xml#sTok863"/>
		<rel id="sPointingRel1674" xlink:href="ref.GUM_academic_discrimination.mark.xml#sSpan389" target="GUM_academic_discrimination.tok.xml#sTok867"/>
		<rel id="sPointingRel1675" xlink:href="ref.GUM_academic_discrimination.mark.xml#sSpan390" target="GUM_academic_discrimination.tok.xml#sTok871"/>
		<rel id="sPointingRel1676" xlink:href="ref.GUM_academic_discrimination.mark.xml#sSpan391" target="GUM_academic_discrimination.tok.xml#sTok875"/>
		<rel id="sPointingRel1677" xlink:href="ref.GUM_academic_discrimination.mark.xml#sSpan392" target="GUM_academic_discrimination.tok.xml#sTok881"/>
		<rel id="sPointingRel1678" xlink:href="ref.GUM_academic_discrimination.mark.xml#sSpan393" target="GUM_academic_discrimination.tok.xml#sTok884"/>
		<rel id="sPointingRel1679" xlink:href="ref.GUM_academic_discrimination.mark.xml#sSpan394" target="GUM_academic_discrimination.tok.xml#sTok883"/>
		<rel id="sPointingRel1680" xlink:href="ref.GUM_academic_discrimination.mark.xml#sSpan395" target="GUM_academic_discrimination.tok.xml#sTok888"/>
		<rel id="sPointingRel1681" xlink:href="ref.GUM_academic_discrimination.mark.xml#sSpan396" target="GUM_academic_discrimination.tok.xml#sTok890"/>
		<rel id="sPointingRel1682" xlink:href="ref.GUM_academic_discrimination.mark.xml#sSpan397" target="GUM_academic_discrimination.tok.xml#sTok892"/>
		<rel id="sPointingRel1683" xlink:href="ref.GUM_academic_discrimination.mark.xml#sSpan398" target="GUM_academic_discrimination.tok.xml#sTok898"/>
		<rel id="sPointingRel1684" xlink:href="ref.GUM_academic_discrimination.mark.xml#sSpan399" target="GUM_academic_discrimination.tok.xml#sTok900"/>
		<rel id="sPointingRel1685" xlink:href="ref.GUM_academic_discrimination.mark.xml#sSpan400" target="GUM_academic_discrimination.tok.xml#sTok907"/>
		<rel id="sPointingRel1686" xlink:href="ref.GUM_academic_discrimination.mark.xml#sSpan401" target="GUM_academic_discrimination.tok.xml#sTok910"/>
		<rel id="sPointingRel1687" xlink:href="ref.GUM_academic_discrimination.mark.xml#sSpan402" target="GUM_academic_discrimination.tok.xml#sTok933"/>
		<rel id="sPointingRel1688" xlink:href="ref.GUM_academic_discrimination.mark.xml#sSpan403" target="GUM_academic_discrimination.tok.xml#sTok919"/>
		<rel id="sPointingRel1689" xlink:href="ref.GUM_academic_discrimination.mark.xml#sSpan404" target="GUM_academic_discrimination.tok.xml#sTok921"/>
		<rel id="sPointingRel1690" xlink:href="ref.GUM_academic_discrimination.mark.xml#sSpan405" target="GUM_academic_discrimination.tok.xml#sTok923"/>
		<rel id="sPointingRel1691" xlink:href="ref.GUM_academic_discrimination.mark.xml#sSpan406" target="GUM_academic_discrimination.tok.xml#sTok925"/>
		<rel id="sPointingRel1692" xlink:href="ref.GUM_academic_discrimination.mark.xml#sSpan407" target="GUM_academic_discrimination.tok.xml#sTok928"/>
		<rel id="sPointingRel1693" xlink:href="ref.GUM_academic_discrimination.mark.xml#sSpan408" target="GUM_academic_discrimination.tok.xml#sTok930"/>
		<rel id="sPointingRel1694" xlink:href="ref.GUM_academic_discrimination.mark.xml#sSpan409" target="GUM_academic_discrimination.tok.xml#sTok937"/>
		<rel id="sPointingRel1695" xlink:href="ref.GUM_academic_discrimination.mark.xml#sSpan410" target="GUM_academic_discrimination.tok.xml#sTok942"/>
		<rel id="sPointingRel1696" xlink:href="ref.GUM_academic_discrimination.mark.xml#sSpan411" target="GUM_academic_discrimination.tok.xml#sTok949"/>
		<rel id="sPointingRel1697" xlink:href="ref.GUM_academic_discrimination.mark.xml#sSpan412" target="GUM_academic_discrimination.tok.xml#sTok957"/>
		<rel id="sPointingRel1698" xlink:href="ref.GUM_academic_discrimination.mark.xml#sSpan413" target="GUM_academic_discrimination.tok.xml#sTok961"/>
		<rel id="sPointingRel1699" xlink:href="ref.GUM_academic_discrimination.mark.xml#sSpan414" target="GUM_academic_discrimination.tok.xml#sTok965"/>
		<rel id="sPointingRel1700" xlink:href="ref.GUM_academic_discrimination.mark.xml#sSpan415" target="GUM_academic_discrimination.tok.xml#sTok967"/>
		<rel id="sPointingRel1701" xlink:href="ref.GUM_academic_discrimination.mark.xml#sSpan416" target="GUM_academic_discrimination.tok.xml#sTok973"/>
		<rel id="sPointingRel1702" xlink:href="ref.GUM_academic_discrimination.mark.xml#sSpan417" target="GUM_academic_discrimination.tok.xml#sTok976"/>
		<rel id="sPointingRel1703" xlink:href="ref.GUM_academic_discrimination.mark.xml#sSpan418" target="GUM_academic_discrimination.tok.xml#sTok980"/>
		<rel id="sPointingRel1704" xlink:href="ref.GUM_academic_discrimination.mark.xml#sSpan419" target="GUM_academic_discrimination.tok.xml#sTok984"/>
		<rel id="sPointingRel1705" xlink:href="ref.GUM_academic_discrimination.mark.xml#sSpan420" target="GUM_academic_discrimination.tok.xml#sTok988"/>
		<rel id="sPointingRel1706" xlink:href="ref.GUM_academic_discrimination.mark.xml#sSpan421" target="GUM_academic_discrimination.tok.xml#sTok991"/>
		<rel id="sPointingRel1707" xlink:href="ref.GUM_academic_discrimination.mark.xml#sSpan422" target="GUM_academic_discrimination.tok.xml#sTok996"/>
		<rel id="sPointingRel1708" xlink:href="ref.GUM_academic_discrimination.mark.xml#sSpan423" target="GUM_academic_discrimination.tok.xml#sTok998"/>
		<rel id="sPointingRel1709" xlink:href="ref.GUM_academic_discrimination.mark.xml#sSpan424" target="GUM_academic_discrimination.tok.xml#sTok1005"/>
		<rel id="sPointingRel1710" xlink:href="ref.GUM_academic_discrimination.mark.xml#sSpan425" target="GUM_academic_discrimination.tok.xml#sTok1012"/>
		<rel id="sPointingRel1711" xlink:href="ref.GUM_academic_discrimination.mark.xml#sSpan426" target="GUM_academic_discrimination.tok.xml#sTok1011"/>
		<rel id="sPointingRel1712" xlink:href="ref.GUM_academic_discrimination.mark.xml#sSpan427" target="GUM_academic_discrimination.tok.xml#sTok1019"/>
		<rel id="sPointingRel1713" xlink:href="ref.GUM_academic_discrimination.mark.xml#sSpan428" target="GUM_academic_discrimination.tok.xml#sTok1016"/>
		<rel id="sPointingRel1714" xlink:href="ref.GUM_academic_discrimination.mark.xml#sSpan429" target="GUM_academic_discrimination.tok.xml#sTok1022"/>
		<rel id="sPointingRel1715" xlink:href="ref.GUM_academic_discrimination.mark.xml#sSpan430" target="GUM_academic_discrimination.tok.xml#sTok1027"/>
		<rel id="sPointingRel1716" xlink:href="ref.GUM_academic_discrimination.mark.xml#sSpan431" target="GUM_academic_discrimination.tok.xml#sTok1029"/>
		<rel id="sPointingRel1717" xlink:href="ref.GUM_academic_discrimination.mark.xml#sSpan432" target="GUM_academic_discrimination.tok.xml#sTok1034"/>
		<rel id="sPointingRel1718" xlink:href="ref.GUM_academic_discrimination.mark.xml#sSpan433" target="GUM_academic_discrimination.tok.xml#sTok1033"/>
		<rel id="sPointingRel1719" xlink:href="ref.GUM_academic_discrimination.mark.xml#sSpan434" target="GUM_academic_discrimination.tok.xml#sTok1039"/>
		<rel id="sPointingRel1720" xlink:href="ref.GUM_academic_discrimination.mark.xml#sSpan435" target="GUM_academic_discrimination.tok.xml#sTok1050"/>
		<rel id="sPointingRel1721" xlink:href="rsd.GUM_academic_discrimination.mark.xml#sSpan1" target="GUM_academic_discrimination.tok.xml#sTok2"/>
		<rel id="sPointingRel1722" xlink:href="rsd.GUM_academic_discrimination.mark.xml#sSpan2" target="GUM_academic_discrimination.tok.xml#sTok12"/>
		<rel id="sPointingRel1723" xlink:href="rsd.GUM_academic_discrimination.mark.xml#sSpan3" target="GUM_academic_discrimination.tok.xml#sTok20"/>
		<rel id="sPointingRel1724" xlink:href="rsd.GUM_academic_discrimination.mark.xml#sSpan4" target="GUM_academic_discrimination.tok.xml#sTok31"/>
		<rel id="sPointingRel1725" xlink:href="rsd.GUM_academic_discrimination.mark.xml#sSpan5" target="GUM_academic_discrimination.tok.xml#sTok39"/>
		<rel id="sPointingRel1726" xlink:href="rsd.GUM_academic_discrimination.mark.xml#sSpan6" target="GUM_academic_discrimination.tok.xml#sTok45"/>
		<rel id="sPointingRel1727" xlink:href="rsd.GUM_academic_discrimination.mark.xml#sSpan7" target="GUM_academic_discrimination.tok.xml#sTok52"/>
		<rel id="sPointingRel1728" xlink:href="rsd.GUM_academic_discrimination.mark.xml#sSpan8" target="GUM_academic_discrimination.tok.xml#sTok59"/>
		<rel id="sPointingRel1729" xlink:href="rsd.GUM_academic_discrimination.mark.xml#sSpan9" target="GUM_academic_discrimination.tok.xml#sTok64"/>
		<rel id="sPointingRel1730" xlink:href="rsd.GUM_academic_discrimination.mark.xml#sSpan10" target="GUM_academic_discrimination.tok.xml#sTok70"/>
		<rel id="sPointingRel1731" xlink:href="rsd.GUM_academic_discrimination.mark.xml#sSpan11" target="GUM_academic_discrimination.tok.xml#sTok75"/>
		<rel id="sPointingRel1732" xlink:href="rsd.GUM_academic_discrimination.mark.xml#sSpan12" target="GUM_academic_discrimination.tok.xml#sTok82"/>
		<rel id="sPointingRel1733" xlink:href="rsd.GUM_academic_discrimination.mark.xml#sSpan13" target="GUM_academic_discrimination.tok.xml#sTok91"/>
		<rel id="sPointingRel1734" xlink:href="rsd.GUM_academic_discrimination.mark.xml#sSpan14" target="GUM_academic_discrimination.tok.xml#sTok104"/>
		<rel id="sPointingRel1735" xlink:href="rsd.GUM_academic_discrimination.mark.xml#sSpan15" target="GUM_academic_discrimination.tok.xml#sTok113"/>
		<rel id="sPointingRel1736" xlink:href="rsd.GUM_academic_discrimination.mark.xml#sSpan16" target="GUM_academic_discrimination.tok.xml#sTok121"/>
		<rel id="sPointingRel1737" xlink:href="rsd.GUM_academic_discrimination.mark.xml#sSpan17" target="GUM_academic_discrimination.tok.xml#sTok126"/>
		<rel id="sPointingRel1738" xlink:href="rsd.GUM_academic_discrimination.mark.xml#sSpan18" target="GUM_academic_discrimination.tok.xml#sTok137"/>
		<rel id="sPointingRel1739" xlink:href="rsd.GUM_academic_discrimination.mark.xml#sSpan19" target="GUM_academic_discrimination.tok.xml#sTok152"/>
		<rel id="sPointingRel1740" xlink:href="rsd.GUM_academic_discrimination.mark.xml#sSpan20" target="GUM_academic_discrimination.tok.xml#sTok154"/>
		<rel id="sPointingRel1741" xlink:href="rsd.GUM_academic_discrimination.mark.xml#sSpan21" target="GUM_academic_discrimination.tok.xml#sTok157"/>
		<rel id="sPointingRel1742" xlink:href="rsd.GUM_academic_discrimination.mark.xml#sSpan22" target="GUM_academic_discrimination.tok.xml#sTok177"/>
		<rel id="sPointingRel1743" xlink:href="rsd.GUM_academic_discrimination.mark.xml#sSpan23" target="GUM_academic_discrimination.tok.xml#sTok185"/>
		<rel id="sPointingRel1744" xlink:href="rsd.GUM_academic_discrimination.mark.xml#sSpan24" target="GUM_academic_discrimination.tok.xml#sTok192"/>
		<rel id="sPointingRel1745" xlink:href="rsd.GUM_academic_discrimination.mark.xml#sSpan25" target="GUM_academic_discrimination.tok.xml#sTok193"/>
		<rel id="sPointingRel1746" xlink:href="rsd.GUM_academic_discrimination.mark.xml#sSpan26" target="GUM_academic_discrimination.tok.xml#sTok199"/>
		<rel id="sPointingRel1747" xlink:href="rsd.GUM_academic_discrimination.mark.xml#sSpan27" target="GUM_academic_discrimination.tok.xml#sTok209"/>
		<rel id="sPointingRel1748" xlink:href="rsd.GUM_academic_discrimination.mark.xml#sSpan28" target="GUM_academic_discrimination.tok.xml#sTok226"/>
		<rel id="sPointingRel1749" xlink:href="rsd.GUM_academic_discrimination.mark.xml#sSpan29" target="GUM_academic_discrimination.tok.xml#sTok241"/>
		<rel id="sPointingRel1750" xlink:href="rsd.GUM_academic_discrimination.mark.xml#sSpan30" target="GUM_academic_discrimination.tok.xml#sTok244"/>
		<rel id="sPointingRel1751" xlink:href="rsd.GUM_academic_discrimination.mark.xml#sSpan31" target="GUM_academic_discrimination.tok.xml#sTok256"/>
		<rel id="sPointingRel1752" xlink:href="rsd.GUM_academic_discrimination.mark.xml#sSpan32" target="GUM_academic_discrimination.tok.xml#sTok262"/>
		<rel id="sPointingRel1753" xlink:href="rsd.GUM_academic_discrimination.mark.xml#sSpan33" target="GUM_academic_discrimination.tok.xml#sTok265"/>
		<rel id="sPointingRel1754" xlink:href="rsd.GUM_academic_discrimination.mark.xml#sSpan34" target="GUM_academic_discrimination.tok.xml#sTok267"/>
		<rel id="sPointingRel1755" xlink:href="rsd.GUM_academic_discrimination.mark.xml#sSpan35" target="GUM_academic_discrimination.tok.xml#sTok278"/>
		<rel id="sPointingRel1756" xlink:href="rsd.GUM_academic_discrimination.mark.xml#sSpan36" target="GUM_academic_discrimination.tok.xml#sTok285"/>
		<rel id="sPointingRel1757" xlink:href="rsd.GUM_academic_discrimination.mark.xml#sSpan37" target="GUM_academic_discrimination.tok.xml#sTok291"/>
		<rel id="sPointingRel1758" xlink:href="rsd.GUM_academic_discrimination.mark.xml#sSpan38" target="GUM_academic_discrimination.tok.xml#sTok305"/>
		<rel id="sPointingRel1759" xlink:href="rsd.GUM_academic_discrimination.mark.xml#sSpan39" target="GUM_academic_discrimination.tok.xml#sTok312"/>
		<rel id="sPointingRel1760" xlink:href="rsd.GUM_academic_discrimination.mark.xml#sSpan40" target="GUM_academic_discrimination.tok.xml#sTok336"/>
		<rel id="sPointingRel1761" xlink:href="rsd.GUM_academic_discrimination.mark.xml#sSpan41" target="GUM_academic_discrimination.tok.xml#sTok345"/>
		<rel id="sPointingRel1762" xlink:href="rsd.GUM_academic_discrimination.mark.xml#sSpan42" target="GUM_academic_discrimination.tok.xml#sTok350"/>
		<rel id="sPointingRel1763" xlink:href="rsd.GUM_academic_discrimination.mark.xml#sSpan43" target="GUM_academic_discrimination.tok.xml#sTok352"/>
		<rel id="sPointingRel1764" xlink:href="rsd.GUM_academic_discrimination.mark.xml#sSpan44" target="GUM_academic_discrimination.tok.xml#sTok355"/>
		<rel id="sPointingRel1765" xlink:href="rsd.GUM_academic_discrimination.mark.xml#sSpan45" target="GUM_academic_discrimination.tok.xml#sTok360"/>
		<rel id="sPointingRel1766" xlink:href="rsd.GUM_academic_discrimination.mark.xml#sSpan46" target="GUM_academic_discrimination.tok.xml#sTok362"/>
		<rel id="sPointingRel1767" xlink:href="rsd.GUM_academic_discrimination.mark.xml#sSpan47" target="GUM_academic_discrimination.tok.xml#sTok372"/>
		<rel id="sPointingRel1768" xlink:href="rsd.GUM_academic_discrimination.mark.xml#sSpan48" target="GUM_academic_discrimination.tok.xml#sTok376"/>
		<rel id="sPointingRel1769" xlink:href="rsd.GUM_academic_discrimination.mark.xml#sSpan49" target="GUM_academic_discrimination.tok.xml#sTok385"/>
		<rel id="sPointingRel1770" xlink:href="rsd.GUM_academic_discrimination.mark.xml#sSpan50" target="GUM_academic_discrimination.tok.xml#sTok397"/>
		<rel id="sPointingRel1771" xlink:href="rsd.GUM_academic_discrimination.mark.xml#sSpan51" target="GUM_academic_discrimination.tok.xml#sTok414"/>
		<rel id="sPointingRel1772" xlink:href="rsd.GUM_academic_discrimination.mark.xml#sSpan52" target="GUM_academic_discrimination.tok.xml#sTok420"/>
		<rel id="sPointingRel1773" xlink:href="rsd.GUM_academic_discrimination.mark.xml#sSpan53" target="GUM_academic_discrimination.tok.xml#sTok425"/>
		<rel id="sPointingRel1774" xlink:href="rsd.GUM_academic_discrimination.mark.xml#sSpan54" target="GUM_academic_discrimination.tok.xml#sTok432"/>
		<rel id="sPointingRel1775" xlink:href="rsd.GUM_academic_discrimination.mark.xml#sSpan55" target="GUM_academic_discrimination.tok.xml#sTok434"/>
		<rel id="sPointingRel1776" xlink:href="rsd.GUM_academic_discrimination.mark.xml#sSpan56" target="GUM_academic_discrimination.tok.xml#sTok436"/>
		<rel id="sPointingRel1777" xlink:href="rsd.GUM_academic_discrimination.mark.xml#sSpan57" target="GUM_academic_discrimination.tok.xml#sTok438"/>
		<rel id="sPointingRel1778" xlink:href="rsd.GUM_academic_discrimination.mark.xml#sSpan58" target="GUM_academic_discrimination.tok.xml#sTok443"/>
		<rel id="sPointingRel1779" xlink:href="rsd.GUM_academic_discrimination.mark.xml#sSpan59" target="GUM_academic_discrimination.tok.xml#sTok445"/>
		<rel id="sPointingRel1780" xlink:href="rsd.GUM_academic_discrimination.mark.xml#sSpan60" target="GUM_academic_discrimination.tok.xml#sTok450"/>
		<rel id="sPointingRel1781" xlink:href="rsd.GUM_academic_discrimination.mark.xml#sSpan61" target="GUM_academic_discrimination.tok.xml#sTok453"/>
		<rel id="sPointingRel1782" xlink:href="rsd.GUM_academic_discrimination.mark.xml#sSpan62" target="GUM_academic_discrimination.tok.xml#sTok463"/>
		<rel id="sPointingRel1783" xlink:href="rsd.GUM_academic_discrimination.mark.xml#sSpan63" target="GUM_academic_discrimination.tok.xml#sTok471"/>
		<rel id="sPointingRel1784" xlink:href="rsd.GUM_academic_discrimination.mark.xml#sSpan64" target="GUM_academic_discrimination.tok.xml#sTok484"/>
		<rel id="sPointingRel1785" xlink:href="rsd.GUM_academic_discrimination.mark.xml#sSpan65" target="GUM_academic_discrimination.tok.xml#sTok491"/>
		<rel id="sPointingRel1786" xlink:href="rsd.GUM_academic_discrimination.mark.xml#sSpan66" target="GUM_academic_discrimination.tok.xml#sTok495"/>
		<rel id="sPointingRel1787" xlink:href="rsd.GUM_academic_discrimination.mark.xml#sSpan67" target="GUM_academic_discrimination.tok.xml#sTok506"/>
		<rel id="sPointingRel1788" xlink:href="rsd.GUM_academic_discrimination.mark.xml#sSpan68" target="GUM_academic_discrimination.tok.xml#sTok513"/>
		<rel id="sPointingRel1789" xlink:href="rsd.GUM_academic_discrimination.mark.xml#sSpan69" target="GUM_academic_discrimination.tok.xml#sTok518"/>
		<rel id="sPointingRel1790" xlink:href="rsd.GUM_academic_discrimination.mark.xml#sSpan70" target="GUM_academic_discrimination.tok.xml#sTok522"/>
		<rel id="sPointingRel1791" xlink:href="rsd.GUM_academic_discrimination.mark.xml#sSpan71" target="GUM_academic_discrimination.tok.xml#sTok530"/>
		<rel id="sPointingRel1792" xlink:href="rsd.GUM_academic_discrimination.mark.xml#sSpan72" target="GUM_academic_discrimination.tok.xml#sTok538"/>
		<rel id="sPointingRel1793" xlink:href="rsd.GUM_academic_discrimination.mark.xml#sSpan73" target="GUM_academic_discrimination.tok.xml#sTok542"/>
		<rel id="sPointingRel1794" xlink:href="rsd.GUM_academic_discrimination.mark.xml#sSpan74" target="GUM_academic_discrimination.tok.xml#sTok554"/>
		<rel id="sPointingRel1795" xlink:href="rsd.GUM_academic_discrimination.mark.xml#sSpan75" target="GUM_academic_discrimination.tok.xml#sTok563"/>
		<rel id="sPointingRel1796" xlink:href="rsd.GUM_academic_discrimination.mark.xml#sSpan76" target="GUM_academic_discrimination.tok.xml#sTok566"/>
		<rel id="sPointingRel1797" xlink:href="rsd.GUM_academic_discrimination.mark.xml#sSpan77" target="GUM_academic_discrimination.tok.xml#sTok568"/>
		<rel id="sPointingRel1798" xlink:href="rsd.GUM_academic_discrimination.mark.xml#sSpan78" target="GUM_academic_discrimination.tok.xml#sTok573"/>
		<rel id="sPointingRel1799" xlink:href="rsd.GUM_academic_discrimination.mark.xml#sSpan79" target="GUM_academic_discrimination.tok.xml#sTok577"/>
		<rel id="sPointingRel1800" xlink:href="rsd.GUM_academic_discrimination.mark.xml#sSpan80" target="GUM_academic_discrimination.tok.xml#sTok583"/>
		<rel id="sPointingRel1801" xlink:href="rsd.GUM_academic_discrimination.mark.xml#sSpan81" target="GUM_academic_discrimination.tok.xml#sTok596"/>
		<rel id="sPointingRel1802" xlink:href="rsd.GUM_academic_discrimination.mark.xml#sSpan82" target="GUM_academic_discrimination.tok.xml#sTok610"/>
		<rel id="sPointingRel1803" xlink:href="rsd.GUM_academic_discrimination.mark.xml#sSpan83" target="GUM_academic_discrimination.tok.xml#sTok621"/>
		<rel id="sPointingRel1804" xlink:href="rsd.GUM_academic_discrimination.mark.xml#sSpan84" target="GUM_academic_discrimination.tok.xml#sTok644"/>
		<rel id="sPointingRel1805" xlink:href="rsd.GUM_academic_discrimination.mark.xml#sSpan85" target="GUM_academic_discrimination.tok.xml#sTok648"/>
		<rel id="sPointingRel1806" xlink:href="rsd.GUM_academic_discrimination.mark.xml#sSpan86" target="GUM_academic_discrimination.tok.xml#sTok654"/>
		<rel id="sPointingRel1807" xlink:href="rsd.GUM_academic_discrimination.mark.xml#sSpan87" target="GUM_academic_discrimination.tok.xml#sTok657"/>
		<rel id="sPointingRel1808" xlink:href="rsd.GUM_academic_discrimination.mark.xml#sSpan88" target="GUM_academic_discrimination.tok.xml#sTok659"/>
		<rel id="sPointingRel1809" xlink:href="rsd.GUM_academic_discrimination.mark.xml#sSpan89" target="GUM_academic_discrimination.tok.xml#sTok669"/>
		<rel id="sPointingRel1810" xlink:href="rsd.GUM_academic_discrimination.mark.xml#sSpan90" target="GUM_academic_discrimination.tok.xml#sTok677"/>
		<rel id="sPointingRel1811" xlink:href="rsd.GUM_academic_discrimination.mark.xml#sSpan91" target="GUM_academic_discrimination.tok.xml#sTok682"/>
		<rel id="sPointingRel1812" xlink:href="rsd.GUM_academic_discrimination.mark.xml#sSpan92" target="GUM_academic_discrimination.tok.xml#sTok688"/>
		<rel id="sPointingRel1813" xlink:href="rsd.GUM_academic_discrimination.mark.xml#sSpan93" target="GUM_academic_discrimination.tok.xml#sTok696"/>
		<rel id="sPointingRel1814" xlink:href="rsd.GUM_academic_discrimination.mark.xml#sSpan94" target="GUM_academic_discrimination.tok.xml#sTok699"/>
		<rel id="sPointingRel1815" xlink:href="rsd.GUM_academic_discrimination.mark.xml#sSpan95" target="GUM_academic_discrimination.tok.xml#sTok714"/>
		<rel id="sPointingRel1816" xlink:href="rsd.GUM_academic_discrimination.mark.xml#sSpan96" target="GUM_academic_discrimination.tok.xml#sTok722"/>
		<rel id="sPointingRel1817" xlink:href="rsd.GUM_academic_discrimination.mark.xml#sSpan97" target="GUM_academic_discrimination.tok.xml#sTok723"/>
		<rel id="sPointingRel1818" xlink:href="rsd.GUM_academic_discrimination.mark.xml#sSpan98" target="GUM_academic_discrimination.tok.xml#sTok725"/>
		<rel id="sPointingRel1819" xlink:href="rsd.GUM_academic_discrimination.mark.xml#sSpan99" target="GUM_academic_discrimination.tok.xml#sTok734"/>
		<rel id="sPointingRel1820" xlink:href="rsd.GUM_academic_discrimination.mark.xml#sSpan100" target="GUM_academic_discrimination.tok.xml#sTok741"/>
		<rel id="sPointingRel1821" xlink:href="rsd.GUM_academic_discrimination.mark.xml#sSpan101" target="GUM_academic_discrimination.tok.xml#sTok754"/>
		<rel id="sPointingRel1822" xlink:href="rsd.GUM_academic_discrimination.mark.xml#sSpan102" target="GUM_academic_discrimination.tok.xml#sTok755"/>
		<rel id="sPointingRel1823" xlink:href="rsd.GUM_academic_discrimination.mark.xml#sSpan103" target="GUM_academic_discrimination.tok.xml#sTok770"/>
		<rel id="sPointingRel1824" xlink:href="rsd.GUM_academic_discrimination.mark.xml#sSpan104" target="GUM_academic_discrimination.tok.xml#sTok779"/>
		<rel id="sPointingRel1825" xlink:href="rsd.GUM_academic_discrimination.mark.xml#sSpan105" target="GUM_academic_discrimination.tok.xml#sTok784"/>
		<rel id="sPointingRel1826" xlink:href="rsd.GUM_academic_discrimination.mark.xml#sSpan106" target="GUM_academic_discrimination.tok.xml#sTok801"/>
		<rel id="sPointingRel1827" xlink:href="rsd.GUM_academic_discrimination.mark.xml#sSpan107" target="GUM_academic_discrimination.tok.xml#sTok806"/>
		<rel id="sPointingRel1828" xlink:href="rsd.GUM_academic_discrimination.mark.xml#sSpan108" target="GUM_academic_discrimination.tok.xml#sTok824"/>
		<rel id="sPointingRel1829" xlink:href="rsd.GUM_academic_discrimination.mark.xml#sSpan109" target="GUM_academic_discrimination.tok.xml#sTok840"/>
		<rel id="sPointingRel1830" xlink:href="rsd.GUM_academic_discrimination.mark.xml#sSpan110" target="GUM_academic_discrimination.tok.xml#sTok848"/>
		<rel id="sPointingRel1831" xlink:href="rsd.GUM_academic_discrimination.mark.xml#sSpan111" target="GUM_academic_discrimination.tok.xml#sTok853"/>
		<rel id="sPointingRel1832" xlink:href="rsd.GUM_academic_discrimination.mark.xml#sSpan112" target="GUM_academic_discrimination.tok.xml#sTok856"/>
		<rel id="sPointingRel1833" xlink:href="rsd.GUM_academic_discrimination.mark.xml#sSpan113" target="GUM_academic_discrimination.tok.xml#sTok859"/>
		<rel id="sPointingRel1834" xlink:href="rsd.GUM_academic_discrimination.mark.xml#sSpan114" target="GUM_academic_discrimination.tok.xml#sTok868"/>
		<rel id="sPointingRel1835" xlink:href="rsd.GUM_academic_discrimination.mark.xml#sSpan115" target="GUM_academic_discrimination.tok.xml#sTok875"/>
		<rel id="sPointingRel1836" xlink:href="rsd.GUM_academic_discrimination.mark.xml#sSpan116" target="GUM_academic_discrimination.tok.xml#sTok878"/>
		<rel id="sPointingRel1837" xlink:href="rsd.GUM_academic_discrimination.mark.xml#sSpan117" target="GUM_academic_discrimination.tok.xml#sTok881"/>
		<rel id="sPointingRel1838" xlink:href="rsd.GUM_academic_discrimination.mark.xml#sSpan118" target="GUM_academic_discrimination.tok.xml#sTok885"/>
		<rel id="sPointingRel1839" xlink:href="rsd.GUM_academic_discrimination.mark.xml#sSpan119" target="GUM_academic_discrimination.tok.xml#sTok902"/>
		<rel id="sPointingRel1840" xlink:href="rsd.GUM_academic_discrimination.mark.xml#sSpan120" target="GUM_academic_discrimination.tok.xml#sTok914"/>
		<rel id="sPointingRel1841" xlink:href="rsd.GUM_academic_discrimination.mark.xml#sSpan121" target="GUM_academic_discrimination.tok.xml#sTok925"/>
		<rel id="sPointingRel1842" xlink:href="rsd.GUM_academic_discrimination.mark.xml#sSpan122" target="GUM_academic_discrimination.tok.xml#sTok928"/>
		<rel id="sPointingRel1843" xlink:href="rsd.GUM_academic_discrimination.mark.xml#sSpan123" target="GUM_academic_discrimination.tok.xml#sTok930"/>
		<rel id="sPointingRel1844" xlink:href="rsd.GUM_academic_discrimination.mark.xml#sSpan124" target="GUM_academic_discrimination.tok.xml#sTok933"/>
		<rel id="sPointingRel1845" xlink:href="rsd.GUM_academic_discrimination.mark.xml#sSpan125" target="GUM_academic_discrimination.tok.xml#sTok937"/>
		<rel id="sPointingRel1846" xlink:href="rsd.GUM_academic_discrimination.mark.xml#sSpan126" target="GUM_academic_discrimination.tok.xml#sTok942"/>
		<rel id="sPointingRel1847" xlink:href="rsd.GUM_academic_discrimination.mark.xml#sSpan127" target="GUM_academic_discrimination.tok.xml#sTok943"/>
		<rel id="sPointingRel1848" xlink:href="rsd.GUM_academic_discrimination.mark.xml#sSpan128" target="GUM_academic_discrimination.tok.xml#sTok953"/>
		<rel id="sPointingRel1849" xlink:href="rsd.GUM_academic_discrimination.mark.xml#sSpan129" target="GUM_academic_discrimination.tok.xml#sTok957"/>
		<rel id="sPointingRel1850" xlink:href="rsd.GUM_academic_discrimination.mark.xml#sSpan130" target="GUM_academic_discrimination.tok.xml#sTok963"/>
		<rel id="sPointingRel1851" xlink:href="rsd.GUM_academic_discrimination.mark.xml#sSpan131" target="GUM_academic_discrimination.tok.xml#sTok982"/>
		<rel id="sPointingRel1852" xlink:href="rsd.GUM_academic_discrimination.mark.xml#sSpan132" target="GUM_academic_discrimination.tok.xml#sTok1001"/>
		<rel id="sPointingRel1853" xlink:href="rsd.GUM_academic_discrimination.mark.xml#sSpan133" target="GUM_academic_discrimination.tok.xml#sTok1007"/>
		<rel id="sPointingRel1854" xlink:href="rsd.GUM_academic_discrimination.mark.xml#sSpan134" target="GUM_academic_discrimination.tok.xml#sTok1012"/>
		<rel id="sPointingRel1855" xlink:href="rsd.GUM_academic_discrimination.mark.xml#sSpan135" target="GUM_academic_discrimination.tok.xml#sTok1013"/>
		<rel id="sPointingRel1856" xlink:href="rsd.GUM_academic_discrimination.mark.xml#sSpan136" target="GUM_academic_discrimination.tok.xml#sTok1024"/>
		<rel id="sPointingRel1857" xlink:href="rsd.GUM_academic_discrimination.mark.xml#sSpan137" target="GUM_academic_discrimination.tok.xml#sTok1031"/>
		<rel id="sPointingRel1858" xlink:href="rsd.GUM_academic_discrimination.mark.xml#sSpan138" target="GUM_academic_discrimination.tok.xml#sTok1036"/>
		<rel id="sPointingRel1859" xlink:href="rsd.GUM_academic_discrimination.mark.xml#sSpan139" target="GUM_academic_discrimination.tok.xml#sTok1040"/>
		<rel id="sPointingRel1860" xlink:href="rsd.GUM_academic_discrimination.mark.xml#sSpan140" target="GUM_academic_discrimination.tok.xml#sTok1044"/></relList></paula>