<?xml version='1.0' encoding='UTF-8'?><!DOCTYPE paula SYSTEM "paula_rel.dtd">
<paula version="1.1">
	<header paula_id="ref.GUM_academic_discrimination.coref"/>
	<relList xmlns:xlink="http://www.w3.org/1999/xlink" type="coref">
		<rel id="sPointingRel1334" xlink:href="ref.GUM_academic_discrimination.mark.xml#sSpan150" target="ref.GUM_academic_discrimination.mark.xml#sSpan142"/>
		<rel id="sPointingRel1335" xlink:href="ref.GUM_academic_discrimination.mark.xml#sSpan233" target="ref.GUM_academic_discrimination.mark.xml#sSpan146"/>
		<rel id="sPointingRel1336" xlink:href="ref.GUM_academic_discrimination.mark.xml#sSpan234" target="ref.GUM_academic_discrimination.mark.xml#sSpan147"/>
		<rel id="sPointingRel1337" xlink:href="ref.GUM_academic_discrimination.mark.xml#sSpan159" target="ref.GUM_academic_discrimination.mark.xml#sSpan150"/>
		<rel id="sPointingRel1338" xlink:href="ref.GUM_academic_discrimination.mark.xml#sSpan182" target="ref.GUM_academic_discrimination.mark.xml#sSpan151"/>
		<rel id="sPointingRel1339" xlink:href="ref.GUM_academic_discrimination.mark.xml#sSpan160" target="ref.GUM_academic_discrimination.mark.xml#sSpan156"/>
		<rel id="sPointingRel1340" xlink:href="ref.GUM_academic_discrimination.mark.xml#sSpan168" target="ref.GUM_academic_discrimination.mark.xml#sSpan159"/>
		<rel id="sPointingRel1341" xlink:href="ref.GUM_academic_discrimination.mark.xml#sSpan206" target="ref.GUM_academic_discrimination.mark.xml#sSpan164"/>
		<rel id="sPointingRel1342" xlink:href="ref.GUM_academic_discrimination.mark.xml#sSpan181" target="ref.GUM_academic_discrimination.mark.xml#sSpan168"/>
		<rel id="sPointingRel1343" xlink:href="ref.GUM_academic_discrimination.mark.xml#sSpan186" target="ref.GUM_academic_discrimination.mark.xml#sSpan181"/>
		<rel id="sPointingRel1344" xlink:href="ref.GUM_academic_discrimination.mark.xml#sSpan187" target="ref.GUM_academic_discrimination.mark.xml#sSpan184"/>
		<rel id="sPointingRel1345" xlink:href="ref.GUM_academic_discrimination.mark.xml#sSpan205" target="ref.GUM_academic_discrimination.mark.xml#sSpan186"/>
		<rel id="sPointingRel1348" xlink:href="ref.GUM_academic_discrimination.mark.xml#sSpan224" target="ref.GUM_academic_discrimination.mark.xml#sSpan205"/>
		<rel id="sPointingRel1349" xlink:href="ref.GUM_academic_discrimination.mark.xml#sSpan217" target="ref.GUM_academic_discrimination.mark.xml#sSpan214"/>
		<rel id="sPointingRel1350" xlink:href="ref.GUM_academic_discrimination.mark.xml#sSpan229" target="ref.GUM_academic_discrimination.mark.xml#sSpan217"/>
		<rel id="sPointingRel1351" xlink:href="ref.GUM_academic_discrimination.mark.xml#sSpan222" target="ref.GUM_academic_discrimination.mark.xml#sSpan220"/>
		<rel id="sPointingRel1352" xlink:href="ref.GUM_academic_discrimination.mark.xml#sSpan232" target="ref.GUM_academic_discrimination.mark.xml#sSpan224"/>
		<rel id="sPointingRel1353" xlink:href="ref.GUM_academic_discrimination.mark.xml#sSpan339" target="ref.GUM_academic_discrimination.mark.xml#sSpan228"/>
		<rel id="sPointingRel1355" xlink:href="ref.GUM_academic_discrimination.mark.xml#sSpan239" target="ref.GUM_academic_discrimination.mark.xml#sSpan232"/>
		<rel id="sPointingRel1356" xlink:href="ref.GUM_academic_discrimination.mark.xml#sSpan435" target="ref.GUM_academic_discrimination.mark.xml#sSpan235"/>
		<rel id="sPointingRel1357" xlink:href="ref.GUM_academic_discrimination.mark.xml#sSpan255" target="ref.GUM_academic_discrimination.mark.xml#sSpan236"/>
		<rel id="sPointingRel1358" xlink:href="ref.GUM_academic_discrimination.mark.xml#sSpan251" target="ref.GUM_academic_discrimination.mark.xml#sSpan238"/>
		<rel id="sPointingRel1359" xlink:href="ref.GUM_academic_discrimination.mark.xml#sSpan241" target="ref.GUM_academic_discrimination.mark.xml#sSpan239"/>
		<rel id="sPointingRel1360" xlink:href="ref.GUM_academic_discrimination.mark.xml#sSpan246" target="ref.GUM_academic_discrimination.mark.xml#sSpan241"/>
		<rel id="sPointingRel1361" xlink:href="ref.GUM_academic_discrimination.mark.xml#sSpan243" target="ref.GUM_academic_discrimination.mark.xml#sSpan242"/>
		<rel id="sPointingRel1362" xlink:href="ref.GUM_academic_discrimination.mark.xml#sSpan244" target="ref.GUM_academic_discrimination.mark.xml#sSpan243"/>
		<rel id="sPointingRel1363" xlink:href="ref.GUM_academic_discrimination.mark.xml#sSpan249" target="ref.GUM_academic_discrimination.mark.xml#sSpan244"/>
		<rel id="sPointingRel1364" xlink:href="ref.GUM_academic_discrimination.mark.xml#sSpan287" target="ref.GUM_academic_discrimination.mark.xml#sSpan246"/>
		<rel id="sPointingRel1365" xlink:href="ref.GUM_academic_discrimination.mark.xml#sSpan248" target="ref.GUM_academic_discrimination.mark.xml#sSpan247"/>
		<rel id="sPointingRel1366" xlink:href="ref.GUM_academic_discrimination.mark.xml#sSpan284" target="ref.GUM_academic_discrimination.mark.xml#sSpan248"/>
		<rel id="sPointingRel1367" xlink:href="ref.GUM_academic_discrimination.mark.xml#sSpan252" target="ref.GUM_academic_discrimination.mark.xml#sSpan249"/>
		<rel id="sPointingRel1368" xlink:href="ref.GUM_academic_discrimination.mark.xml#sSpan286" target="ref.GUM_academic_discrimination.mark.xml#sSpan251"/>
		<rel id="sPointingRel1369" xlink:href="ref.GUM_academic_discrimination.mark.xml#sSpan285" target="ref.GUM_academic_discrimination.mark.xml#sSpan252"/>
		<rel id="sPointingRel1371" xlink:href="ref.GUM_academic_discrimination.mark.xml#sSpan276" target="ref.GUM_academic_discrimination.mark.xml#sSpan255"/>
		<rel id="sPointingRel1372" xlink:href="ref.GUM_academic_discrimination.mark.xml#sSpan278" target="ref.GUM_academic_discrimination.mark.xml#sSpan259"/>
		<rel id="sPointingRel1373" xlink:href="ref.GUM_academic_discrimination.mark.xml#sSpan279" target="ref.GUM_academic_discrimination.mark.xml#sSpan260"/>
		<rel id="sPointingRel1374" xlink:href="ref.GUM_academic_discrimination.mark.xml#sSpan282" target="ref.GUM_academic_discrimination.mark.xml#sSpan261"/>
		<rel id="sPointingRel1375" xlink:href="ref.GUM_academic_discrimination.mark.xml#sSpan277" target="ref.GUM_academic_discrimination.mark.xml#sSpan273"/>
		<rel id="sPointingRel1376" xlink:href="ref.GUM_academic_discrimination.mark.xml#sSpan292" target="ref.GUM_academic_discrimination.mark.xml#sSpan278"/>
		<rel id="sPointingRel1377" xlink:href="ref.GUM_academic_discrimination.mark.xml#sSpan293" target="ref.GUM_academic_discrimination.mark.xml#sSpan285"/>
		<rel id="sPointingRel1378" xlink:href="ref.GUM_academic_discrimination.mark.xml#sSpan376" target="ref.GUM_academic_discrimination.mark.xml#sSpan287"/>
		<rel id="sPointingRel1379" xlink:href="ref.GUM_academic_discrimination.mark.xml#sSpan295" target="ref.GUM_academic_discrimination.mark.xml#sSpan292"/>
		<rel id="sPointingRel1380" xlink:href="ref.GUM_academic_discrimination.mark.xml#sSpan300" target="ref.GUM_academic_discrimination.mark.xml#sSpan293"/>
		<rel id="sPointingRel1381" xlink:href="ref.GUM_academic_discrimination.mark.xml#sSpan299" target="ref.GUM_academic_discrimination.mark.xml#sSpan295"/>
		<rel id="sPointingRel1383" xlink:href="ref.GUM_academic_discrimination.mark.xml#sSpan312" target="ref.GUM_academic_discrimination.mark.xml#sSpan297"/>
		<rel id="sPointingRel1384" xlink:href="ref.GUM_academic_discrimination.mark.xml#sSpan366" target="ref.GUM_academic_discrimination.mark.xml#sSpan298"/>
		<rel id="sPointingRel1385" xlink:href="ref.GUM_academic_discrimination.mark.xml#sSpan320" target="ref.GUM_academic_discrimination.mark.xml#sSpan299"/>
		<rel id="sPointingRel1386" xlink:href="ref.GUM_academic_discrimination.mark.xml#sSpan319" target="ref.GUM_academic_discrimination.mark.xml#sSpan300"/>
		<rel id="sPointingRel1387" xlink:href="ref.GUM_academic_discrimination.mark.xml#sSpan354" target="ref.GUM_academic_discrimination.mark.xml#sSpan301"/>
		<rel id="sPointingRel1388" xlink:href="ref.GUM_academic_discrimination.mark.xml#sSpan304" target="ref.GUM_academic_discrimination.mark.xml#sSpan302"/>
		<rel id="sPointingRel1389" xlink:href="ref.GUM_academic_discrimination.mark.xml#sSpan314" target="ref.GUM_academic_discrimination.mark.xml#sSpan304"/>
		<rel id="sPointingRel1390" xlink:href="ref.GUM_academic_discrimination.mark.xml#sSpan316" target="ref.GUM_academic_discrimination.mark.xml#sSpan306"/>
		<rel id="sPointingRel1391" xlink:href="ref.GUM_academic_discrimination.mark.xml#sSpan310" target="ref.GUM_academic_discrimination.mark.xml#sSpan309"/>
		<rel id="sPointingRel1392" xlink:href="ref.GUM_academic_discrimination.mark.xml#sSpan355" target="ref.GUM_academic_discrimination.mark.xml#sSpan312"/>
		<rel id="sPointingRel1393" xlink:href="ref.GUM_academic_discrimination.mark.xml#sSpan352" target="ref.GUM_academic_discrimination.mark.xml#sSpan314"/>
		<rel id="sPointingRel1394" xlink:href="ref.GUM_academic_discrimination.mark.xml#sSpan321" target="ref.GUM_academic_discrimination.mark.xml#sSpan319"/>
		<rel id="sPointingRel1395" xlink:href="ref.GUM_academic_discrimination.mark.xml#sSpan371" target="ref.GUM_academic_discrimination.mark.xml#sSpan320"/>
		<rel id="sPointingRel1396" xlink:href="ref.GUM_academic_discrimination.mark.xml#sSpan331" target="ref.GUM_academic_discrimination.mark.xml#sSpan321"/>
		<rel id="sPointingRel1397" xlink:href="ref.GUM_academic_discrimination.mark.xml#sSpan328" target="ref.GUM_academic_discrimination.mark.xml#sSpan327"/>
		<rel id="sPointingRel1398" xlink:href="ref.GUM_academic_discrimination.mark.xml#sSpan338" target="ref.GUM_academic_discrimination.mark.xml#sSpan331"/>
		<rel id="sPointingRel1400" xlink:href="ref.GUM_academic_discrimination.mark.xml#sSpan341" target="ref.GUM_academic_discrimination.mark.xml#sSpan333"/>
		<rel id="sPointingRel1401" xlink:href="ref.GUM_academic_discrimination.mark.xml#sSpan340" target="ref.GUM_academic_discrimination.mark.xml#sSpan334"/>
		<rel id="sPointingRel1402" xlink:href="ref.GUM_academic_discrimination.mark.xml#sSpan351" target="ref.GUM_academic_discrimination.mark.xml#sSpan338"/>
		<rel id="sPointingRel1403" xlink:href="ref.GUM_academic_discrimination.mark.xml#sSpan365" target="ref.GUM_academic_discrimination.mark.xml#sSpan339"/>
		<rel id="sPointingRel1404" xlink:href="ref.GUM_academic_discrimination.mark.xml#sSpan348" target="ref.GUM_academic_discrimination.mark.xml#sSpan347"/>
		<rel id="sPointingRel1405" xlink:href="ref.GUM_academic_discrimination.mark.xml#sSpan358" target="ref.GUM_academic_discrimination.mark.xml#sSpan351"/>
		<rel id="sPointingRel1406" xlink:href="ref.GUM_academic_discrimination.mark.xml#sSpan359" target="ref.GUM_academic_discrimination.mark.xml#sSpan355"/>
		<rel id="sPointingRel1407" xlink:href="ref.GUM_academic_discrimination.mark.xml#sSpan361" target="ref.GUM_academic_discrimination.mark.xml#sSpan360"/>
		<rel id="sPointingRel1408" xlink:href="ref.GUM_academic_discrimination.mark.xml#sSpan363" target="ref.GUM_academic_discrimination.mark.xml#sSpan362"/>
		<rel id="sPointingRel1409" xlink:href="ref.GUM_academic_discrimination.mark.xml#sSpan370" target="ref.GUM_academic_discrimination.mark.xml#sSpan365"/>
		<rel id="sPointingRel1410" xlink:href="ref.GUM_academic_discrimination.mark.xml#sSpan372" target="ref.GUM_academic_discrimination.mark.xml#sSpan366"/>
		<rel id="sPointingRel1411" xlink:href="ref.GUM_academic_discrimination.mark.xml#sSpan377" target="ref.GUM_academic_discrimination.mark.xml#sSpan371"/>
		<rel id="sPointingRel1412" xlink:href="ref.GUM_academic_discrimination.mark.xml#sSpan378" target="ref.GUM_academic_discrimination.mark.xml#sSpan372"/>
		<rel id="sPointingRel1413" xlink:href="ref.GUM_academic_discrimination.mark.xml#sSpan381" target="ref.GUM_academic_discrimination.mark.xml#sSpan376"/>
		<rel id="sPointingRel1414" xlink:href="ref.GUM_academic_discrimination.mark.xml#sSpan382" target="ref.GUM_academic_discrimination.mark.xml#sSpan377"/>
		<rel id="sPointingRel1415" xlink:href="ref.GUM_academic_discrimination.mark.xml#sSpan422" target="ref.GUM_academic_discrimination.mark.xml#sSpan380"/>
		<rel id="sPointingRel1416" xlink:href="ref.GUM_academic_discrimination.mark.xml#sSpan423" target="ref.GUM_academic_discrimination.mark.xml#sSpan381"/>
		<rel id="sPointingRel1417" xlink:href="ref.GUM_academic_discrimination.mark.xml#sSpan421" target="ref.GUM_academic_discrimination.mark.xml#sSpan382"/>
		<rel id="sPointingRel1418" xlink:href="ref.GUM_academic_discrimination.mark.xml#sSpan385" target="ref.GUM_academic_discrimination.mark.xml#sSpan384"/>
		<rel id="sPointingRel1419" xlink:href="ref.GUM_academic_discrimination.mark.xml#sSpan386" target="ref.GUM_academic_discrimination.mark.xml#sSpan385"/>
		<rel id="sPointingRel1420" xlink:href="ref.GUM_academic_discrimination.mark.xml#sSpan400" target="ref.GUM_academic_discrimination.mark.xml#sSpan386"/>
		<rel id="sPointingRel1421" xlink:href="ref.GUM_academic_discrimination.mark.xml#sSpan428" target="ref.GUM_academic_discrimination.mark.xml#sSpan390"/>
		<rel id="sPointingRel1422" xlink:href="ref.GUM_academic_discrimination.mark.xml#sSpan418" target="ref.GUM_academic_discrimination.mark.xml#sSpan392"/>
		<rel id="sPointingRel1423" xlink:href="ref.GUM_academic_discrimination.mark.xml#sSpan417" target="ref.GUM_academic_discrimination.mark.xml#sSpan393"/>
		<rel id="sPointingRel1424" xlink:href="ref.GUM_academic_discrimination.mark.xml#sSpan413" target="ref.GUM_academic_discrimination.mark.xml#sSpan398"/>
		<rel id="sPointingRel1425" xlink:href="ref.GUM_academic_discrimination.mark.xml#sSpan411" target="ref.GUM_academic_discrimination.mark.xml#sSpan400"/></relList></paula>