<?xml version='1.0' encoding='UTF-8'?><!DOCTYPE paula SYSTEM "paula_mark.dtd">
<paula version="1.1">
	<header paula_id="ref.GUM_academic_discrimination.mark"/>
	<markList xmlns:xlink="http://www.w3.org/1999/xlink" type="ref" xml:base="GUM_academic_discrimination.tok.xml">
		<!--The prevalence of discrimination across racial groups in contemporary America-->
		<mark id="sSpan130" xlink:href="#sTok1 #sTok2 #sTok3 #sTok4 #sTok5 #sTok6 #sTok7 #sTok8 #sTok9 #sTok10"/>
		<!--discrimination-->
		<mark id="sSpan131" xlink:href="#sTok4"/>
		<!--racial groups-->
		<mark id="sSpan132" xlink:href="#sTok6 #sTok7"/>
		<!--contemporary America-->
		<mark id="sSpan133" xlink:href="#sTok9 #sTok10"/>
		<!--Results from a nationally representative sample of adults-->
		<mark id="sSpan134" xlink:href="#sTok12 #sTok13 #sTok14 #sTok15 #sTok16 #sTok17 #sTok18 #sTok19"/>
		<!--a nationally representative sample of adults-->
		<mark id="sSpan135" xlink:href="#sTok14 #sTok15 #sTok16 #sTok17 #sTok18 #sTok19"/>
		<!--adults-->
		<mark id="sSpan136" xlink:href="#sTok19"/>
		<!--Introduction-->
		<mark id="sSpan137" xlink:href="#sTok20"/>
		<!--Personal experiences of discrimination and bias-->
		<mark id="sSpan138" xlink:href="#sTok22 #sTok23 #sTok24 #sTok25 #sTok26 #sTok27"/>
		<!--discrimination-->
		<mark id="sSpan139" xlink:href="#sTok25"/>
		<!--bias-->
		<mark id="sSpan140" xlink:href="#sTok27"/>
		<!--the focus of much social science research-->
		<mark id="sSpan141" xlink:href="#sTok30 #sTok31 #sTok32 #sTok33 #sTok34 #sTok35 #sTok36"/>
		<!--much social science research-->
		<mark id="sSpan142" xlink:href="#sTok33 #sTok34 #sTok35 #sTok36"/>
		<!--social science-->
		<mark id="sSpan143" xlink:href="#sTok34 #sTok35"/>
		<!--1-->
		<mark id="sSpan144" xlink:href="#sTok39"/>
		<!--3-->
		<mark id="sSpan145" xlink:href="#sTok41"/>
		<!--Sociologists-->
		<mark id="sSpan146" xlink:href="#sTok43"/>
		<!--the adverse consequences of discrimination-->
		<mark id="sSpan147" xlink:href="#sTok46 #sTok47 #sTok48 #sTok49 #sTok50"/>
		<!--discrimination-->
		<mark id="sSpan148" xlink:href="#sTok50"/>
		<!--3-->
		<mark id="sSpan149" xlink:href="#sTok52"/>
		<!--5-->
		<mark id="sSpan150" xlink:href="#sTok54"/>
		<!--psychologists-->
		<mark id="sSpan151" xlink:href="#sTok57"/>
		<!--the mental processes that underpin conscious and unconscious biases-->
		<mark id="sSpan152" xlink:href="#sTok60 #sTok61 #sTok62 #sTok63 #sTok64 #sTok65 #sTok66 #sTok67 #sTok68"/>
		<!--conscious and unconscious biases-->
		<mark id="sSpan153" xlink:href="#sTok65 #sTok66 #sTok67 #sTok68"/>
		<!--6-->
		<mark id="sSpan154" xlink:href="#sTok70"/>
		<!--neuroscientists-->
		<mark id="sSpan155" xlink:href="#sTok73"/>
		<!--the neurobiological underpinnings of discrimination-->
		<mark id="sSpan156" xlink:href="#sTok76 #sTok77 #sTok78 #sTok79 #sTok80"/>
		<!--discrimination-->
		<mark id="sSpan157" xlink:href="#sTok80"/>
		<!--7-->
		<mark id="sSpan158" xlink:href="#sTok82"/>
		<!--9-->
		<mark id="sSpan159" xlink:href="#sTok84"/>
		<!--evolutionary theorists-->
		<mark id="sSpan160" xlink:href="#sTok88 #sTok89"/>
		<!--the various ways that in-group / out-group biases emerged across the history of our species-->
		<mark id="sSpan161" xlink:href="#sTok92 #sTok93 #sTok94 #sTok95 #sTok96 #sTok97 #sTok98 #sTok99 #sTok100 #sTok101 #sTok102 #sTok103 #sTok104 #sTok105 #sTok106"/>
		<!--in-group / out-group biases-->
		<mark id="sSpan162" xlink:href="#sTok96 #sTok97 #sTok98 #sTok99"/>
		<!--the history of our species-->
		<mark id="sSpan163" xlink:href="#sTok102 #sTok103 #sTok104 #sTok105 #sTok106"/>
		<!--our species-->
		<mark id="sSpan164" xlink:href="#sTok105 #sTok106"/>
		<!--10-->
		<mark id="sSpan165" xlink:href="#sTok109"/>
		<!--researchers-->
		<mark id="sSpan166" xlink:href="#sTok115"/>
		<!--a wealth of knowledge concerning the origins and consequences of discrimination and bias-->
		<mark id="sSpan167" xlink:href="#sTok118 #sTok119 #sTok120 #sTok121 #sTok122 #sTok123 #sTok124 #sTok125 #sTok126 #sTok127 #sTok128 #sTok129 #sTok130"/>
		<!--the origins and consequences of discrimination and bias-->
		<mark id="sSpan168" xlink:href="#sTok123 #sTok124 #sTok125 #sTok126 #sTok127 #sTok128 #sTok129 #sTok130"/>
		<!--consequences of discrimination and bias-->
		<mark id="sSpan169" xlink:href="#sTok126 #sTok127 #sTok128 #sTok129 #sTok130"/>
		<!--discrimination-->
		<mark id="sSpan170" xlink:href="#sTok128"/>
		<!--bias-->
		<mark id="sSpan171" xlink:href="#sTok130"/>
		<!--11-->
		<mark id="sSpan172" xlink:href="#sTok133"/>
		<!--What also should not be lost in discussion of discrimination-->
		<mark id="sSpan173" xlink:href="#sTok135 #sTok136 #sTok137 #sTok138 #sTok139 #sTok140 #sTok141 #sTok142 #sTok143 #sTok144"/>
		<!--discussion of discrimination-->
		<mark id="sSpan174" xlink:href="#sTok142 #sTok143 #sTok144"/>
		<!--discrimination-->
		<mark id="sSpan175" xlink:href="#sTok144"/>
		<!--the growing push to implement social policy aimed at reducing the occurrence of discriminatory practices-->
		<mark id="sSpan176" xlink:href="#sTok146 #sTok147 #sTok148 #sTok149 #sTok150 #sTok151 #sTok152 #sTok153 #sTok154 #sTok155 #sTok156 #sTok157 #sTok158 #sTok159 #sTok160"/>
		<!--social policy aimed at reducing the occurrence of discriminatory practices-->
		<mark id="sSpan177" xlink:href="#sTok151 #sTok152 #sTok153 #sTok154 #sTok155 #sTok156 #sTok157 #sTok158 #sTok159 #sTok160"/>
		<!--the occurrence of discriminatory practices-->
		<mark id="sSpan178" xlink:href="#sTok156 #sTok157 #sTok158 #sTok159 #sTok160"/>
		<!--discriminatory practices-->
		<mark id="sSpan179" xlink:href="#sTok159 #sTok160"/>
		<!--Mandatory diversity trainings in professional settings-->
		<mark id="sSpan180" xlink:href="#sTok162 #sTok163 #sTok164 #sTok165 #sTok166 #sTok167"/>
		<!--diversity-->
		<mark id="sSpan181" xlink:href="#sTok163"/>
		<!--professional settings-->
		<mark id="sSpan182" xlink:href="#sTok166 #sTok167"/>
		<!--bias in the workplace-->
		<mark id="sSpan183" xlink:href="#sTok176 #sTok177 #sTok178 #sTok179"/>
		<!--the workplace-->
		<mark id="sSpan184" xlink:href="#sTok178 #sTok179"/>
		<!--the awareness of employees regarding the challenges facing minority group members-->
		<mark id="sSpan185" xlink:href="#sTok182 #sTok183 #sTok184 #sTok185 #sTok186 #sTok187 #sTok188 #sTok189 #sTok190 #sTok191 #sTok192"/>
		<!--employees-->
		<mark id="sSpan186" xlink:href="#sTok185"/>
		<!--the challenges facing minority group members-->
		<mark id="sSpan187" xlink:href="#sTok187 #sTok188 #sTok189 #sTok190 #sTok191 #sTok192"/>
		<!--minority group members-->
		<mark id="sSpan188" xlink:href="#sTok190 #sTok191 #sTok192"/>
		<!--minority group-->
		<mark id="sSpan189" xlink:href="#sTok190 #sTok191"/>
		<!--12-->
		<mark id="sSpan190" xlink:href="#sTok195"/>
		<!--the implementation of certain policies-->
		<mark id="sSpan191" xlink:href="#sTok199 #sTok200 #sTok201 #sTok202 #sTok203"/>
		<!--certain policies-->
		<mark id="sSpan192" xlink:href="#sTok202 #sTok203"/>
		<!--the assumption that discrimination and biases are , at least to some appreciable amount , present in modern society-->
		<mark id="sSpan193" xlink:href="#sTok207 #sTok208 #sTok209 #sTok210 #sTok211 #sTok212 #sTok213 #sTok214 #sTok215 #sTok216 #sTok217 #sTok218 #sTok219 #sTok220 #sTok221 #sTok222 #sTok223 #sTok224 #sTok225"/>
		<!--discrimination-->
		<mark id="sSpan194" xlink:href="#sTok210"/>
		<!--biases-->
		<mark id="sSpan195" xlink:href="#sTok212"/>
		<!--some appreciable amount-->
		<mark id="sSpan196" xlink:href="#sTok218 #sTok219 #sTok220"/>
		<!--modern society-->
		<mark id="sSpan197" xlink:href="#sTok224 #sTok225"/>
		<!--estimates of the prevalence of perceived discrimination-->
		<mark id="sSpan198" xlink:href="#sTok230 #sTok231 #sTok232 #sTok233 #sTok234 #sTok235 #sTok236"/>
		<!--the prevalence of perceived discrimination-->
		<mark id="sSpan199" xlink:href="#sTok232 #sTok233 #sTok234 #sTok235 #sTok236"/>
		<!--perceived discrimination-->
		<mark id="sSpan200" xlink:href="#sTok235 #sTok236"/>
		<!--13-->
		<mark id="sSpan201" xlink:href="#sTok242"/>
		<!--14-->
		<mark id="sSpan202" xlink:href="#sTok244"/>
		<!--one prior study by Kessler and colleagues [ 15 ] , however , using measures of perceived discrimination in a large American sample-->
		<mark id="sSpan203" xlink:href="#sTok250 #sTok251 #sTok252 #sTok253 #sTok254 #sTok255 #sTok256 #sTok257 #sTok258 #sTok259 #sTok260 #sTok261 #sTok262 #sTok263 #sTok264 #sTok265 #sTok266 #sTok267 #sTok268 #sTok269 #sTok270 #sTok271 #sTok272"/>
		<!--Kessler-->
		<mark id="sSpan204" xlink:href="#sTok254"/>
		<!--colleagues-->
		<mark id="sSpan205" xlink:href="#sTok256"/>
		<!--15-->
		<mark id="sSpan206" xlink:href="#sTok258"/>
		<!--measures of perceived discrimination in a large American sample-->
		<mark id="sSpan207" xlink:href="#sTok264 #sTok265 #sTok266 #sTok267 #sTok268 #sTok269 #sTok270 #sTok271 #sTok272"/>
		<!--perceived discrimination in a large American sample-->
		<mark id="sSpan208" xlink:href="#sTok266 #sTok267 #sTok268 #sTok269 #sTok270 #sTok271 #sTok272"/>
		<!--a large American sample-->
		<mark id="sSpan209" xlink:href="#sTok269 #sTok270 #sTok271 #sTok272"/>
		<!--approximately 33 % of respondents-->
		<mark id="sSpan210" xlink:href="#sTok276 #sTok277 #sTok278 #sTok279 #sTok280"/>
		<!--respondents-->
		<mark id="sSpan211" xlink:href="#sTok280"/>
		<!--some form of discrimination-->
		<mark id="sSpan212" xlink:href="#sTok282 #sTok283 #sTok284 #sTok285"/>
		<!--discrimination-->
		<mark id="sSpan213" xlink:href="#sTok285"/>
		<!--Gibbons-->
		<mark id="sSpan214" xlink:href="#sTok290"/>
		<!--al.-->
		<mark id="sSpan215" xlink:href="#sTok292"/>
		<!--4-->
		<mark id="sSpan216" xlink:href="#sTok294"/>
		<!--The current study-->
		<mark id="sSpan217" xlink:href="#sTok298 #sTok299 #sTok300"/>
		<!--this research-->
		<mark id="sSpan218" xlink:href="#sTok305 #sTok306"/>
		<!--the prevalence of discrimination experiences among a large , nationally representative sample of adults from the United States-->
		<mark id="sSpan219" xlink:href="#sTok309 #sTok310 #sTok311 #sTok312 #sTok313 #sTok314 #sTok315 #sTok316 #sTok317 #sTok318 #sTok319 #sTok320 #sTok321 #sTok322 #sTok323 #sTok324 #sTok325 #sTok326"/>
		<!--discrimination experiences-->
		<mark id="sSpan220" xlink:href="#sTok312 #sTok313"/>
		<!--discrimination-->
		<mark id="sSpan221" xlink:href="#sTok312"/>
		<!--a large , nationally representative sample of adults from the United States-->
		<mark id="sSpan222" xlink:href="#sTok315 #sTok316 #sTok317 #sTok318 #sTok319 #sTok320 #sTok321 #sTok322 #sTok323 #sTok324 #sTok325 #sTok326"/>
		<!--adults from the United States-->
		<mark id="sSpan223" xlink:href="#sTok322 #sTok323 #sTok324 #sTok325 #sTok326"/>
		<!--the United States-->
		<mark id="sSpan224" xlink:href="#sTok324 #sTok325 #sTok326"/>
		<!--the analysis-->
		<mark id="sSpan225" xlink:href="#sTok330 #sTok331"/>
		<!--the perceived reasons for reported discrimination experiences-->
		<mark id="sSpan226" xlink:href="#sTok333 #sTok334 #sTok335 #sTok336 #sTok337 #sTok338 #sTok339"/>
		<!--reported discrimination experiences-->
		<mark id="sSpan227" xlink:href="#sTok337 #sTok338 #sTok339"/>
		<!--discrimination-->
		<mark id="sSpan228" xlink:href="#sTok338"/>
		<!--Reason for discrimination-->
		<mark id="sSpan229" xlink:href="#sTok341 #sTok342 #sTok343"/>
		<!--discrimination-->
		<mark id="sSpan230" xlink:href="#sTok343"/>
		<!--All respondents who indicated they were discriminated against-->
		<mark id="sSpan231" xlink:href="#sTok345 #sTok346 #sTok347 #sTok348 #sTok349 #sTok350 #sTok351 #sTok352"/>
		<!--they-->
		<mark id="sSpan232" xlink:href="#sTok349"/>
		<!--those who responded with sometimes or often to the perceived discrimination measure described above-->
		<mark id="sSpan233" xlink:href="#sTok356 #sTok357 #sTok358 #sTok359 #sTok360 #sTok361 #sTok362 #sTok363 #sTok364 #sTok365 #sTok366 #sTok367 #sTok368 #sTok369"/>
		<!--the perceived discrimination measure-->
		<mark id="sSpan234" xlink:href="#sTok364 #sTok365 #sTok366 #sTok367"/>
		<!--discrimination-->
		<mark id="sSpan235" xlink:href="#sTok366"/>
		<!--the following question-->
		<mark id="sSpan236" xlink:href="#sTok373 #sTok374 #sTok375"/>
		<!--What do you think was the main reason for these experiences ?-->
		<mark id="sSpan237" xlink:href="#sTok378 #sTok379 #sTok380 #sTok381 #sTok382 #sTok383 #sTok384 #sTok385 #sTok386 #sTok387 #sTok388 #sTok389"/>
		<!--you-->
		<mark id="sSpan238" xlink:href="#sTok380"/>
		<!--the main reason for these experiences-->
		<mark id="sSpan239" xlink:href="#sTok383 #sTok384 #sTok385 #sTok386 #sTok387 #sTok388"/>
		<!--these experiences-->
		<mark id="sSpan240" xlink:href="#sTok387 #sTok388"/>
		<!--Respondents-->
		<mark id="sSpan241" xlink:href="#sTok391"/>
		<!--one response-->
		<mark id="sSpan242" xlink:href="#sTok396 #sTok397"/>
		<!--11 categories-->
		<mark id="sSpan243" xlink:href="#sTok399 #sTok400"/>
		<!--the present analysis-->
		<mark id="sSpan244" xlink:href="#sTok403 #sTok404 #sTok405"/>
		<!--these responses-->
		<mark id="sSpan245" xlink:href="#sTok407 #sTok408"/>
		<!--nine mutually exclusive categories capturing the following options-->
		<mark id="sSpan246" xlink:href="#sTok412 #sTok413 #sTok414 #sTok415 #sTok416 #sTok417 #sTok418 #sTok419"/>
		<!--the following options-->
		<mark id="sSpan247" xlink:href="#sTok417 #sTok418 #sTok419"/>
		<!--race-->
		<mark id="sSpan248" xlink:href="#sTok421"/>
		<!--ancestry-->
		<mark id="sSpan249" xlink:href="#sTok423"/>
		<!--skin color-->
		<mark id="sSpan250" xlink:href="#sTok425 #sTok426"/>
		<!--skin-->
		<mark id="sSpan251" xlink:href="#sTok425"/>
		<!--gender-->
		<mark id="sSpan252" xlink:href="#sTok428"/>
		<!--age-->
		<mark id="sSpan253" xlink:href="#sTok430"/>
		<!--religion-->
		<mark id="sSpan254" xlink:href="#sTok432"/>
		<!--height-->
		<mark id="sSpan255" xlink:href="#sTok434"/>
		<!--weight-->
		<mark id="sSpan256" xlink:href="#sTok436"/>
		<!--sexual orientation-->
		<mark id="sSpan257" xlink:href="#sTok438 #sTok439"/>
		<!--education-->
		<mark id="sSpan258" xlink:href="#sTok441"/>
		<!--income-->
		<mark id="sSpan259" xlink:href="#sTok443"/>
		<!--physical disability-->
		<mark id="sSpan260" xlink:href="#sTok445 #sTok446"/>
		<!--other-->
		<mark id="sSpan261" xlink:href="#sTok449"/>
		<!--The following categories from the original questionnaire-->
		<mark id="sSpan262" xlink:href="#sTok451 #sTok452 #sTok453 #sTok454 #sTok455 #sTok456 #sTok457"/>
		<!--the original questionnaire-->
		<mark id="sSpan263" xlink:href="#sTok455 #sTok456 #sTok457"/>
		<!--one category-->
		<mark id="sSpan264" xlink:href="#sTok461 #sTok462"/>
		<!--the analysis-->
		<mark id="sSpan265" xlink:href="#sTok464 #sTok465"/>
		<!--race ; ancestry or national origin ; and shade of skin color-->
		<mark id="sSpan266" xlink:href="#sTok467 #sTok468 #sTok469 #sTok470 #sTok471 #sTok472 #sTok473 #sTok474 #sTok475 #sTok476 #sTok477 #sTok478"/>
		<!--race-->
		<mark id="sSpan267" xlink:href="#sTok467"/>
		<!--ancestry-->
		<mark id="sSpan268" xlink:href="#sTok469"/>
		<!--national origin-->
		<mark id="sSpan269" xlink:href="#sTok471 #sTok472"/>
		<!--shade of skin color-->
		<mark id="sSpan270" xlink:href="#sTok475 #sTok476 #sTok477 #sTok478"/>
		<!--skin color-->
		<mark id="sSpan271" xlink:href="#sTok477 #sTok478"/>
		<!--skin-->
		<mark id="sSpan272" xlink:href="#sTok477"/>
		<!--this question-->
		<mark id="sSpan273" xlink:href="#sTok483 #sTok484"/>
		<!--respondents who reported prior discrimination experiences-->
		<mark id="sSpan274" xlink:href="#sTok489 #sTok490 #sTok491 #sTok492 #sTok493 #sTok494"/>
		<!--prior discrimination experiences-->
		<mark id="sSpan275" xlink:href="#sTok492 #sTok493 #sTok494"/>
		<!--discrimination-->
		<mark id="sSpan276" xlink:href="#sTok493"/>
		<!--the built-in skip pattern-->
		<mark id="sSpan277" xlink:href="#sTok496 #sTok497 #sTok498 #sTok499"/>
		<!--skip-->
		<mark id="sSpan278" xlink:href="#sTok498"/>
		<!--a large number of cases scored as missing ( legitimate skip )-->
		<mark id="sSpan279" xlink:href="#sTok502 #sTok503 #sTok504 #sTok505 #sTok506 #sTok507 #sTok508 #sTok509 #sTok510 #sTok511 #sTok512 #sTok513"/>
		<!--legitimate skip-->
		<mark id="sSpan280" xlink:href="#sTok511 #sTok512"/>
		<!--Respondent race-->
		<mark id="sSpan281" xlink:href="#sTok515 #sTok516"/>
		<!--Respondent-->
		<mark id="sSpan282" xlink:href="#sTok515"/>
		<!--a race variable-->
		<mark id="sSpan283" xlink:href="#sTok519 #sTok520 #sTok521"/>
		<!--race-->
		<mark id="sSpan284" xlink:href="#sTok520"/>
		<!--the Wave 4 interviews-->
		<mark id="sSpan285" xlink:href="#sTok526 #sTok527 #sTok528 #sTok529"/>
		<!--Wave 4-->
		<mark id="sSpan286" xlink:href="#sTok527 #sTok528"/>
		<!--we-->
		<mark id="sSpan287" xlink:href="#sTok531"/>
		<!--the racial category reported by the respondent during the Wave 1 interview-->
		<mark id="sSpan288" xlink:href="#sTok533 #sTok534 #sTok535 #sTok536 #sTok537 #sTok538 #sTok539 #sTok540 #sTok541 #sTok542 #sTok543 #sTok544"/>
		<!--the respondent-->
		<mark id="sSpan289" xlink:href="#sTok538 #sTok539"/>
		<!--the Wave 1 interview-->
		<mark id="sSpan290" xlink:href="#sTok541 #sTok542 #sTok543 #sTok544"/>
		<!--Wave 1-->
		<mark id="sSpan291" xlink:href="#sTok542 #sTok543"/>
		<!--Wave 1 race-->
		<mark id="sSpan292" xlink:href="#sTok546 #sTok547 #sTok548"/>
		<!--Wave 1-->
		<mark id="sSpan293" xlink:href="#sTok546 #sTok547"/>
		<!--Wave 3 race-->
		<mark id="sSpan294" xlink:href="#sTok555 #sTok556 #sTok557"/>
		<!--Wave 3-->
		<mark id="sSpan295" xlink:href="#sTok555 #sTok556"/>
		<!--case counts-->
		<mark id="sSpan296" xlink:href="#sTok563 #sTok564"/>
		<!--case-->
		<mark id="sSpan297" xlink:href="#sTok563"/>
		<!--The logic-->
		<mark id="sSpan298" xlink:href="#sTok566 #sTok567"/>
		<!--that ( nearly ) all Wave 4 respondents appeared in the Wave 1 sample , but not all would have been interviewed at Wave 3 due to differential patterns of temporary attrition-->
		<mark id="sSpan299" xlink:href="#sTok569 #sTok570 #sTok571 #sTok572 #sTok573 #sTok574 #sTok575 #sTok576 #sTok577 #sTok578 #sTok579 #sTok580 #sTok581 #sTok582 #sTok583 #sTok584 #sTok585 #sTok586 #sTok587 #sTok588 #sTok589 #sTok590 #sTok591 #sTok592 #sTok593 #sTok594 #sTok595 #sTok596 #sTok597 #sTok598 #sTok599 #sTok600"/>
		<!--( nearly ) all Wave 4 respondents-->
		<mark id="sSpan300" xlink:href="#sTok570 #sTok571 #sTok572 #sTok573 #sTok574 #sTok575 #sTok576"/>
		<!--Wave 4-->
		<mark id="sSpan301" xlink:href="#sTok574 #sTok575"/>
		<!--the Wave 1 sample-->
		<mark id="sSpan302" xlink:href="#sTok579 #sTok580 #sTok581 #sTok582"/>
		<!--Wave 1-->
		<mark id="sSpan303" xlink:href="#sTok580 #sTok581"/>
		<!--not all-->
		<mark id="sSpan304" xlink:href="#sTok585 #sTok586"/>
		<!--Wave 3-->
		<mark id="sSpan305" xlink:href="#sTok592 #sTok593"/>
		<!--differential patterns of temporary attrition-->
		<mark id="sSpan306" xlink:href="#sTok596 #sTok597 #sTok598 #sTok599 #sTok600"/>
		<!--temporary attrition-->
		<mark id="sSpan307" xlink:href="#sTok599 #sTok600"/>
		<!--Respondents-->
		<mark id="sSpan308" xlink:href="#sTok602"/>
		<!--their race-->
		<mark id="sSpan309" xlink:href="#sTok607 #sTok608"/>
		<!--their-->
		<mark id="sSpan310" xlink:href="#sTok607"/>
		<!--the following categories-->
		<mark id="sSpan311" xlink:href="#sTok611 #sTok612 #sTok613"/>
		<!--White ; Black or African American ; Hispanic ; American Indian or Native American ; and Asian or Pacific Islander-->
		<mark id="sSpan312" xlink:href="#sTok615 #sTok616 #sTok617 #sTok618 #sTok619 #sTok620 #sTok621 #sTok622 #sTok623 #sTok624 #sTok625 #sTok626 #sTok627 #sTok628 #sTok629 #sTok630 #sTok631 #sTok632 #sTok633 #sTok634"/>
		<!--White-->
		<mark id="sSpan313" xlink:href="#sTok615"/>
		<!--Black-->
		<mark id="sSpan314" xlink:href="#sTok617"/>
		<!--African American-->
		<mark id="sSpan315" xlink:href="#sTok619 #sTok620"/>
		<!--Hispanic-->
		<mark id="sSpan316" xlink:href="#sTok622"/>
		<!--American Indian-->
		<mark id="sSpan317" xlink:href="#sTok624 #sTok625"/>
		<!--Native American-->
		<mark id="sSpan318" xlink:href="#sTok627 #sTok628"/>
		<!--Asian-->
		<mark id="sSpan319" xlink:href="#sTok631"/>
		<!--Pacific Islander-->
		<mark id="sSpan320" xlink:href="#sTok633 #sTok634"/>
		<!--Respondents-->
		<mark id="sSpan321" xlink:href="#sTok636"/>
		<!--the opportunity to select more than one race-->
		<mark id="sSpan322" xlink:href="#sTok639 #sTok640 #sTok641 #sTok642 #sTok643 #sTok644 #sTok645 #sTok646"/>
		<!--more than one race-->
		<mark id="sSpan323" xlink:href="#sTok643 #sTok644 #sTok645 #sTok646"/>
		<!--those who did-->
		<mark id="sSpan324" xlink:href="#sTok649 #sTok650 #sTok651"/>
		<!--a follow-up question regarding which category best described their racial background-->
		<mark id="sSpan325" xlink:href="#sTok654 #sTok655 #sTok656 #sTok657 #sTok658 #sTok659 #sTok660 #sTok661 #sTok662 #sTok663 #sTok664"/>
		<!--which category-->
		<mark id="sSpan326" xlink:href="#sTok658 #sTok659"/>
		<!--their racial background-->
		<mark id="sSpan327" xlink:href="#sTok662 #sTok663 #sTok664"/>
		<!--their-->
		<mark id="sSpan328" xlink:href="#sTok662"/>
		<!--the current study-->
		<mark id="sSpan329" xlink:href="#sTok667 #sTok668 #sTok669"/>
		<!--those respondents who indicated more than one race-->
		<mark id="sSpan330" xlink:href="#sTok671 #sTok672 #sTok673 #sTok674 #sTok675 #sTok676 #sTok677 #sTok678"/>
		<!--more than one race-->
		<mark id="sSpan331" xlink:href="#sTok675 #sTok676 #sTok677 #sTok678"/>
		<!--mixed race-->
		<mark id="sSpan332" xlink:href="#sTok683 #sTok684"/>
		<!--Demographic variables-->
		<mark id="sSpan333" xlink:href="#sTok687 #sTok688"/>
		<!--information on the analytical sample as a whole-->
		<mark id="sSpan334" xlink:href="#sTok692 #sTok693 #sTok694 #sTok695 #sTok696 #sTok697 #sTok698 #sTok699"/>
		<!--the analytical sample as a whole-->
		<mark id="sSpan335" xlink:href="#sTok694 #sTok695 #sTok696 #sTok697 #sTok698 #sTok699"/>
		<!--two additional demographic variables-->
		<mark id="sSpan336" xlink:href="#sTok701 #sTok702 #sTok703 #sTok704"/>
		<!--age-->
		<mark id="sSpan337" xlink:href="#sTok710"/>
		<!--a continuous measure created by subtracting the year of the respondents ' birth ( obtained from Wave 1 ) from the year of the interview at Wave 4-->
		<mark id="sSpan338" xlink:href="#sTok712 #sTok713 #sTok714 #sTok715 #sTok716 #sTok717 #sTok718 #sTok719 #sTok720 #sTok721 #sTok722 #sTok723 #sTok724 #sTok725 #sTok726 #sTok727 #sTok728 #sTok729 #sTok730 #sTok731 #sTok732 #sTok733 #sTok734 #sTok735 #sTok736 #sTok737 #sTok738 #sTok739"/>
		<!--the year of the respondents ' birth ( obtained from Wave 1 )-->
		<mark id="sSpan339" xlink:href="#sTok718 #sTok719 #sTok720 #sTok721 #sTok722 #sTok723 #sTok724 #sTok725 #sTok726 #sTok727 #sTok728 #sTok729 #sTok730"/>
		<!--the respondents ' birth-->
		<mark id="sSpan340" xlink:href="#sTok721 #sTok722 #sTok723 #sTok724"/>
		<!--respondents '-->
		<mark id="sSpan341" xlink:href="#sTok722 #sTok723"/>
		<!--Wave 1-->
		<mark id="sSpan342" xlink:href="#sTok728 #sTok729"/>
		<!--the year of the interview at Wave 4-->
		<mark id="sSpan343" xlink:href="#sTok732 #sTok733 #sTok734 #sTok735 #sTok736 #sTok737 #sTok738 #sTok739"/>
		<!--the interview at Wave 4-->
		<mark id="sSpan344" xlink:href="#sTok735 #sTok736 #sTok737 #sTok738 #sTok739"/>
		<!--Wave 4-->
		<mark id="sSpan345" xlink:href="#sTok738 #sTok739"/>
		<!--sex-->
		<mark id="sSpan346" xlink:href="#sTok743"/>
		<!--the self-reported sex of the respondent at Wave 4-->
		<mark id="sSpan347" xlink:href="#sTok749 #sTok750 #sTok751 #sTok752 #sTok753 #sTok754 #sTok755 #sTok756 #sTok757"/>
		<!--the respondent-->
		<mark id="sSpan348" xlink:href="#sTok753 #sTok754"/>
		<!--Wave 4-->
		<mark id="sSpan349" xlink:href="#sTok756 #sTok757"/>
		<!--0-->
		<mark id="sSpan350" xlink:href="#sTok759"/>
		<!--female-->
		<mark id="sSpan351" xlink:href="#sTok761"/>
		<!--1-->
		<mark id="sSpan352" xlink:href="#sTok763"/>
		<!--male-->
		<mark id="sSpan353" xlink:href="#sTok765"/>
		<!--Analytical plan-->
		<mark id="sSpan354" xlink:href="#sTok768 #sTok769"/>
		<!--Our exploratory study-->
		<mark id="sSpan355" xlink:href="#sTok771 #sTok772 #sTok773"/>
		<!--Our-->
		<mark id="sSpan356" xlink:href="#sTok771"/>
		<!--three basic steps-->
		<mark id="sSpan357" xlink:href="#sTok775 #sTok776 #sTok777"/>
		<!--summary statistics of the study variables and racial categories-->
		<mark id="sSpan358" xlink:href="#sTok781 #sTok782 #sTok783 #sTok784 #sTok785 #sTok786 #sTok787 #sTok788 #sTok789"/>
		<!--the study variables-->
		<mark id="sSpan359" xlink:href="#sTok784 #sTok785 #sTok786"/>
		<!--study-->
		<mark id="sSpan360" xlink:href="#sTok785"/>
		<!--racial categories-->
		<mark id="sSpan361" xlink:href="#sTok788 #sTok789"/>
		<!--we-->
		<mark id="sSpan362" xlink:href="#sTok795"/>
		<!--the relative proportions of the two discrimination experience measures across each racial category-->
		<mark id="sSpan363" xlink:href="#sTok797 #sTok798 #sTok799 #sTok800 #sTok801 #sTok802 #sTok803 #sTok804 #sTok805 #sTok806 #sTok807 #sTok808 #sTok809"/>
		<!--the two discrimination experience measures-->
		<mark id="sSpan364" xlink:href="#sTok801 #sTok802 #sTok803 #sTok804 #sTok805"/>
		<!--discrimination experience-->
		<mark id="sSpan365" xlink:href="#sTok803 #sTok804"/>
		<!--discrimination-->
		<mark id="sSpan366" xlink:href="#sTok803"/>
		<!--each racial category-->
		<mark id="sSpan367" xlink:href="#sTok807 #sTok808 #sTok809"/>
		<!--we-->
		<mark id="sSpan368" xlink:href="#sTok813"/>
		<!--the distribution of reported reasons for discrimination across the racial categories-->
		<mark id="sSpan369" xlink:href="#sTok815 #sTok816 #sTok817 #sTok818 #sTok819 #sTok820 #sTok821 #sTok822 #sTok823 #sTok824 #sTok825"/>
		<!--reported reasons for discrimination across the racial categories-->
		<mark id="sSpan370" xlink:href="#sTok818 #sTok819 #sTok820 #sTok821 #sTok822 #sTok823 #sTok824 #sTok825"/>
		<!--reported reasons-->
		<mark id="sSpan371" xlink:href="#sTok818 #sTok819"/>
		<!--discrimination across the racial categories-->
		<mark id="sSpan372" xlink:href="#sTok821 #sTok822 #sTok823 #sTok824 #sTok825"/>
		<!--the racial categories-->
		<mark id="sSpan373" xlink:href="#sTok823 #sTok824 #sTok825"/>
		<!--potential bivariate associations-->
		<mark id="sSpan374" xlink:href="#sTok831 #sTok832 #sTok833"/>
		<!--the adjusted F statistic-->
		<mark id="sSpan375" xlink:href="#sTok835 #sTok836 #sTok837 #sTok838"/>
		<!--design-based F-->
		<mark id="sSpan376" xlink:href="#sTok840 #sTok841"/>
		<!--it-->
		<mark id="sSpan377" xlink:href="#sTok846"/>
		<!--a complex sample design-->
		<mark id="sSpan378" xlink:href="#sTok849 #sTok850 #sTok851 #sTok852"/>
		<!--sample-->
		<mark id="sSpan379" xlink:href="#sTok851"/>
		<!--that used in the Add Health-->
		<mark id="sSpan380" xlink:href="#sTok855 #sTok856 #sTok857 #sTok858 #sTok859 #sTok860"/>
		<!--the Add Health-->
		<mark id="sSpan381" xlink:href="#sTok858 #sTok859 #sTok860"/>
		<!--21-->
		<mark id="sSpan382" xlink:href="#sTok863"/>
		<!--analyzing weighted sample data employing the svy suite of commands in Stata-->
		<mark id="sSpan383" xlink:href="#sTok869 #sTok870 #sTok871 #sTok872 #sTok873 #sTok874 #sTok875 #sTok876 #sTok877 #sTok878 #sTok879 #sTok880"/>
		<!--weighted sample data-->
		<mark id="sSpan384" xlink:href="#sTok870 #sTok871 #sTok872"/>
		<!--sample-->
		<mark id="sSpan385" xlink:href="#sTok871"/>
		<!--the svy suite of commands in Stata-->
		<mark id="sSpan386" xlink:href="#sTok874 #sTok875 #sTok876 #sTok877 #sTok878 #sTok879 #sTok880"/>
		<!--commands-->
		<mark id="sSpan387" xlink:href="#sTok878"/>
		<!--Stata-->
		<mark id="sSpan388" xlink:href="#sTok880"/>
		<!--the conventional Pearson χ2 statistic test of independence-->
		<mark id="sSpan389" xlink:href="#sTok881 #sTok882 #sTok883 #sTok884 #sTok885 #sTok886 #sTok887 #sTok888"/>
		<!--independence-->
		<mark id="sSpan390" xlink:href="#sTok888"/>
		<!--an F statistic with noninteger degrees of freedom-->
		<mark id="sSpan391" xlink:href="#sTok893 #sTok894 #sTok895 #sTok896 #sTok897 #sTok898 #sTok899 #sTok900"/>
		<!--noninteger degrees of freedom-->
		<mark id="sSpan392" xlink:href="#sTok897 #sTok898 #sTok899 #sTok900"/>
		<!--a second-order Rao and Scott ( 1981 [ 22 ] , 1984 [ 23 ] ) correction-->
		<mark id="sSpan393" xlink:href="#sTok903 #sTok904 #sTok905 #sTok906 #sTok907 #sTok908 #sTok909 #sTok910 #sTok911 #sTok912 #sTok913 #sTok914 #sTok915 #sTok916 #sTok917 #sTok918 #sTok919"/>
		<!--Rao-->
		<mark id="sSpan394" xlink:href="#sTok905"/>
		<!--Scott-->
		<mark id="sSpan395" xlink:href="#sTok907"/>
		<!--1981-->
		<mark id="sSpan396" xlink:href="#sTok909"/>
		<!--22-->
		<mark id="sSpan397" xlink:href="#sTok911"/>
		<!--1984-->
		<mark id="sSpan398" xlink:href="#sTok914"/>
		<!--23-->
		<mark id="sSpan399" xlink:href="#sTok916"/>
		<!--24-->
		<mark id="sSpan400" xlink:href="#sTok923"/>
		<!--The p-value-->
		<mark id="sSpan401" xlink:href="#sTok925 #sTok926"/>
		<!--the design-based F-->
		<mark id="sSpan402" xlink:href="#sTok929 #sTok930 #sTok931"/>
		<!--the associated with the χ2 statistic-->
		<mark id="sSpan403" xlink:href="#sTok938 #sTok939 #sTok940 #sTok941 #sTok942 #sTok943"/>
		<!--the χ2 statistic-->
		<mark id="sSpan404" xlink:href="#sTok941 #sTok942 #sTok943"/>
		<!--the adjustments-->
		<mark id="sSpan405" xlink:href="#sTok946 #sTok947"/>
		<!--calculations-->
		<mark id="sSpan406" xlink:href="#sTok949"/>
		<!--the weighted nature of the data-->
		<mark id="sSpan407" xlink:href="#sTok953 #sTok954 #sTok955 #sTok956 #sTok957 #sTok958"/>
		<!--the data-->
		<mark id="sSpan408" xlink:href="#sTok957 #sTok958"/>
		<!--This final step-->
		<mark id="sSpan409" xlink:href="#sTok960 #sTok961 #sTok962"/>
		<!--an examination of the relative distribution of racial categories across the various reported reasons for discrimination-->
		<mark id="sSpan410" xlink:href="#sTok965 #sTok966 #sTok967 #sTok968 #sTok969 #sTok970 #sTok971 #sTok972 #sTok973 #sTok974 #sTok975 #sTok976 #sTok977 #sTok978 #sTok979 #sTok980"/>
		<!--the relative distribution of racial categories across the various reported reasons for discrimination-->
		<mark id="sSpan411" xlink:href="#sTok968 #sTok969 #sTok970 #sTok971 #sTok972 #sTok973 #sTok974 #sTok975 #sTok976 #sTok977 #sTok978 #sTok979 #sTok980"/>
		<!--racial categories-->
		<mark id="sSpan412" xlink:href="#sTok972 #sTok973"/>
		<!--the various reported reasons for discrimination-->
		<mark id="sSpan413" xlink:href="#sTok975 #sTok976 #sTok977 #sTok978 #sTok979 #sTok980"/>
		<!--discrimination-->
		<mark id="sSpan414" xlink:href="#sTok980"/>
		<!--all analyses-->
		<mark id="sSpan415" xlink:href="#sTok986 #sTok987"/>
		<!--the survey weight-->
		<mark id="sSpan416" xlink:href="#sTok992 #sTok993 #sTok994"/>
		<!--survey-->
		<mark id="sSpan417" xlink:href="#sTok993"/>
		<!--the Add Health research staff-->
		<mark id="sSpan418" xlink:href="#sTok997 #sTok998 #sTok999 #sTok1000 #sTok1001"/>
		<!--Add Health-->
		<mark id="sSpan419" xlink:href="#sTok998 #sTok999"/>
		<!--standard errors-->
		<mark id="sSpan420" xlink:href="#sTok1003 #sTok1004"/>
		<!--the clustering and stratification that defined the sampling strategy-->
		<mark id="sSpan421" xlink:href="#sTok1008 #sTok1009 #sTok1010 #sTok1011 #sTok1012 #sTok1013 #sTok1014 #sTok1015 #sTok1016"/>
		<!--stratification that defined the sampling strategy-->
		<mark id="sSpan422" xlink:href="#sTok1011 #sTok1012 #sTok1013 #sTok1014 #sTok1015 #sTok1016"/>
		<!--the sampling strategy-->
		<mark id="sSpan423" xlink:href="#sTok1014 #sTok1015 #sTok1016"/>
		<!--sampling-->
		<mark id="sSpan424" xlink:href="#sTok1015"/>
		<!--all estimates reported here-->
		<mark id="sSpan425" xlink:href="#sTok1020 #sTok1021 #sTok1022 #sTok1023"/>
		<!--the United States-->
		<mark id="sSpan426" xlink:href="#sTok1030 #sTok1031 #sTok1032"/></markList></paula>