<?xml version='1.0' encoding='UTF-8'?><!DOCTYPE paula SYSTEM "paula_feat.dtd">
<paula version="1.1">
	<header paula_id="ref.GUM_academic_discrimination.mark_identity"/>
	<featList xmlns:xlink="http://www.w3.org/1999/xlink" type="identity" xml:base="ref.GUM_academic_discrimination.mark.xml">
		<feat xlink:href="#sSpan257" value="United_States"/>
		<feat xlink:href="#sSpan348" value="United_States"/>
		<feat xlink:href="#sSpan505" value="National_Longitudinal_Study_of_Adolescent_to_Adult_Health"/>
		<feat xlink:href="#sSpan512" value="Stata"/>
		<feat xlink:href="#sSpan513" value="Pearson's_chi-squared_test"/>
		<feat xlink:href="#sSpan528" value="Pearson's_chi-squared_test"/>
		<feat xlink:href="#sSpan543" value="National_Longitudinal_Study_of_Adolescent_to_Adult_Health"/>
		<feat xlink:href="#sSpan550" value="United_States"/></featList></paula>