<?xml version='1.0' encoding='UTF-8'?><!DOCTYPE paula SYSTEM "paula_rel.dtd">
<paula version="1.1">
	<header paula_id="ref.GUM_academic_discrimination.coref"/>
	<relList xmlns:xlink="http://www.w3.org/1999/xlink" type="coref">
		<rel id="sPointingRel1334" xlink:href="ref.GUM_academic_discrimination.mark.xml#sSpan152" target="ref.GUM_academic_discrimination.mark.xml#sSpan142"/>
		<rel id="sPointingRel1335" xlink:href="ref.GUM_academic_discrimination.mark.xml#sSpan327" target="ref.GUM_academic_discrimination.mark.xml#sSpan147"/>
		<rel id="sPointingRel1336" xlink:href="ref.GUM_academic_discrimination.mark.xml#sSpan328" target="ref.GUM_academic_discrimination.mark.xml#sSpan148"/>
		<rel id="sPointingRel1337" xlink:href="ref.GUM_academic_discrimination.mark.xml#sSpan169" target="ref.GUM_academic_discrimination.mark.xml#sSpan152"/>
		<rel id="sPointingRel1338" xlink:href="ref.GUM_academic_discrimination.mark.xml#sSpan219" target="ref.GUM_academic_discrimination.mark.xml#sSpan153"/>
		<rel id="sPointingRel1339" xlink:href="ref.GUM_academic_discrimination.mark.xml#sSpan171" target="ref.GUM_academic_discrimination.mark.xml#sSpan163"/>
		<rel id="sPointingRel1340" xlink:href="ref.GUM_academic_discrimination.mark.xml#sSpan189" target="ref.GUM_academic_discrimination.mark.xml#sSpan169"/>
		<rel id="sPointingRel1341" xlink:href="ref.GUM_academic_discrimination.mark.xml#sSpan266" target="ref.GUM_academic_discrimination.mark.xml#sSpan180"/>
		<rel id="sPointingRel1342" xlink:href="ref.GUM_academic_discrimination.mark.xml#sSpan218" target="ref.GUM_academic_discrimination.mark.xml#sSpan189"/>
		<rel id="sPointingRel1343" xlink:href="ref.GUM_academic_discrimination.mark.xml#sSpan226" target="ref.GUM_academic_discrimination.mark.xml#sSpan218"/>
		<rel id="sPointingRel1344" xlink:href="ref.GUM_academic_discrimination.mark.xml#sSpan228" target="ref.GUM_academic_discrimination.mark.xml#sSpan224"/>
		<rel id="sPointingRel1345" xlink:href="ref.GUM_academic_discrimination.mark.xml#sSpan265" target="ref.GUM_academic_discrimination.mark.xml#sSpan226"/>
		<rel id="sPointingRel1348" xlink:href="ref.GUM_academic_discrimination.mark.xml#sSpan303" target="ref.GUM_academic_discrimination.mark.xml#sSpan265"/>
		<rel id="sPointingRel1349" xlink:href="ref.GUM_academic_discrimination.mark.xml#sSpan292" target="ref.GUM_academic_discrimination.mark.xml#sSpan289"/>
		<rel id="sPointingRel1350" xlink:href="ref.GUM_academic_discrimination.mark.xml#sSpan321" target="ref.GUM_academic_discrimination.mark.xml#sSpan292"/>
		<rel id="sPointingRel1351" xlink:href="ref.GUM_academic_discrimination.mark.xml#sSpan300" target="ref.GUM_academic_discrimination.mark.xml#sSpan295"/>
		<rel id="sPointingRel1352" xlink:href="ref.GUM_academic_discrimination.mark.xml#sSpan326" target="ref.GUM_academic_discrimination.mark.xml#sSpan303"/>
		<rel id="sPointingRel1353" xlink:href="ref.GUM_academic_discrimination.mark.xml#sSpan538" target="ref.GUM_academic_discrimination.mark.xml#sSpan316"/>
		<rel id="sPointingRel1355" xlink:href="ref.GUM_academic_discrimination.mark.xml#sSpan337" target="ref.GUM_academic_discrimination.mark.xml#sSpan326"/>
		<rel id="sPointingRel1356" xlink:href="ref.GUM_academic_discrimination.mark.xml#sSpan753" target="ref.GUM_academic_discrimination.mark.xml#sSpan329"/>
		<rel id="sPointingRel1357" xlink:href="ref.GUM_academic_discrimination.mark.xml#sSpan371" target="ref.GUM_academic_discrimination.mark.xml#sSpan333"/>
		<rel id="sPointingRel1358" xlink:href="ref.GUM_academic_discrimination.mark.xml#sSpan359" target="ref.GUM_academic_discrimination.mark.xml#sSpan336"/>
		<rel id="sPointingRel1359" xlink:href="ref.GUM_academic_discrimination.mark.xml#sSpan340" target="ref.GUM_academic_discrimination.mark.xml#sSpan337"/>
		<rel id="sPointingRel1360" xlink:href="ref.GUM_academic_discrimination.mark.xml#sSpan349" target="ref.GUM_academic_discrimination.mark.xml#sSpan340"/>
		<rel id="sPointingRel1361" xlink:href="ref.GUM_academic_discrimination.mark.xml#sSpan343" target="ref.GUM_academic_discrimination.mark.xml#sSpan342"/>
		<rel id="sPointingRel1362" xlink:href="ref.GUM_academic_discrimination.mark.xml#sSpan347" target="ref.GUM_academic_discrimination.mark.xml#sSpan343"/>
		<rel id="sPointingRel1363" xlink:href="ref.GUM_academic_discrimination.mark.xml#sSpan357" target="ref.GUM_academic_discrimination.mark.xml#sSpan347"/>
		<rel id="sPointingRel1364" xlink:href="ref.GUM_academic_discrimination.mark.xml#sSpan435" target="ref.GUM_academic_discrimination.mark.xml#sSpan349"/>
		<rel id="sPointingRel1365" xlink:href="ref.GUM_academic_discrimination.mark.xml#sSpan356" target="ref.GUM_academic_discrimination.mark.xml#sSpan353"/>
		<rel id="sPointingRel1366" xlink:href="ref.GUM_academic_discrimination.mark.xml#sSpan428" target="ref.GUM_academic_discrimination.mark.xml#sSpan356"/>
		<rel id="sPointingRel1367" xlink:href="ref.GUM_academic_discrimination.mark.xml#sSpan361" target="ref.GUM_academic_discrimination.mark.xml#sSpan357"/>
		<rel id="sPointingRel1368" xlink:href="ref.GUM_academic_discrimination.mark.xml#sSpan434" target="ref.GUM_academic_discrimination.mark.xml#sSpan359"/>
		<rel id="sPointingRel1369" xlink:href="ref.GUM_academic_discrimination.mark.xml#sSpan433" target="ref.GUM_academic_discrimination.mark.xml#sSpan361"/>
		<rel id="sPointingRel1371" xlink:href="ref.GUM_academic_discrimination.mark.xml#sSpan415" target="ref.GUM_academic_discrimination.mark.xml#sSpan371"/>
		<rel id="sPointingRel1372" xlink:href="ref.GUM_academic_discrimination.mark.xml#sSpan418" target="ref.GUM_academic_discrimination.mark.xml#sSpan380"/>
		<rel id="sPointingRel1373" xlink:href="ref.GUM_academic_discrimination.mark.xml#sSpan419" target="ref.GUM_academic_discrimination.mark.xml#sSpan382"/>
		<rel id="sPointingRel1374" xlink:href="ref.GUM_academic_discrimination.mark.xml#sSpan422" target="ref.GUM_academic_discrimination.mark.xml#sSpan384"/>
		<rel id="sPointingRel1375" xlink:href="ref.GUM_academic_discrimination.mark.xml#sSpan417" target="ref.GUM_academic_discrimination.mark.xml#sSpan408"/>
		<rel id="sPointingRel1376" xlink:href="ref.GUM_academic_discrimination.mark.xml#sSpan444" target="ref.GUM_academic_discrimination.mark.xml#sSpan418"/>
		<rel id="sPointingRel1377" xlink:href="ref.GUM_academic_discrimination.mark.xml#sSpan445" target="ref.GUM_academic_discrimination.mark.xml#sSpan433"/>
		<rel id="sPointingRel1378" xlink:href="ref.GUM_academic_discrimination.mark.xml#sSpan617" target="ref.GUM_academic_discrimination.mark.xml#sSpan435"/>
		<rel id="sPointingRel1379" xlink:href="ref.GUM_academic_discrimination.mark.xml#sSpan449" target="ref.GUM_academic_discrimination.mark.xml#sSpan444"/>
		<rel id="sPointingRel1380" xlink:href="ref.GUM_academic_discrimination.mark.xml#sSpan460" target="ref.GUM_academic_discrimination.mark.xml#sSpan445"/>
		<rel id="sPointingRel1381" xlink:href="ref.GUM_academic_discrimination.mark.xml#sSpan459" target="ref.GUM_academic_discrimination.mark.xml#sSpan449"/>
		<rel id="sPointingRel1383" xlink:href="ref.GUM_academic_discrimination.mark.xml#sSpan486" target="ref.GUM_academic_discrimination.mark.xml#sSpan455"/>
		<rel id="sPointingRel1384" xlink:href="ref.GUM_academic_discrimination.mark.xml#sSpan597" target="ref.GUM_academic_discrimination.mark.xml#sSpan457"/>
		<rel id="sPointingRel1385" xlink:href="ref.GUM_academic_discrimination.mark.xml#sSpan499" target="ref.GUM_academic_discrimination.mark.xml#sSpan459"/>
		<rel id="sPointingRel1386" xlink:href="ref.GUM_academic_discrimination.mark.xml#sSpan494" target="ref.GUM_academic_discrimination.mark.xml#sSpan460"/>
		<rel id="sPointingRel1387" xlink:href="ref.GUM_academic_discrimination.mark.xml#sSpan570" target="ref.GUM_academic_discrimination.mark.xml#sSpan461"/>
		<rel id="sPointingRel1388" xlink:href="ref.GUM_academic_discrimination.mark.xml#sSpan465" target="ref.GUM_academic_discrimination.mark.xml#sSpan462"/>
		<rel id="sPointingRel1389" xlink:href="ref.GUM_academic_discrimination.mark.xml#sSpan488" target="ref.GUM_academic_discrimination.mark.xml#sSpan465"/>
		<rel id="sPointingRel1390" xlink:href="ref.GUM_academic_discrimination.mark.xml#sSpan490" target="ref.GUM_academic_discrimination.mark.xml#sSpan473"/>
		<rel id="sPointingRel1391" xlink:href="ref.GUM_academic_discrimination.mark.xml#sSpan484" target="ref.GUM_academic_discrimination.mark.xml#sSpan482"/>
		<rel id="sPointingRel1392" xlink:href="ref.GUM_academic_discrimination.mark.xml#sSpan571" target="ref.GUM_academic_discrimination.mark.xml#sSpan486"/>
		<rel id="sPointingRel1393" xlink:href="ref.GUM_academic_discrimination.mark.xml#sSpan568" target="ref.GUM_academic_discrimination.mark.xml#sSpan488"/>
		<rel id="sPointingRel1394" xlink:href="ref.GUM_academic_discrimination.mark.xml#sSpan500" target="ref.GUM_academic_discrimination.mark.xml#sSpan494"/>
		<rel id="sPointingRel1395" xlink:href="ref.GUM_academic_discrimination.mark.xml#sSpan606" target="ref.GUM_academic_discrimination.mark.xml#sSpan499"/>
		<rel id="sPointingRel1396" xlink:href="ref.GUM_academic_discrimination.mark.xml#sSpan522" target="ref.GUM_academic_discrimination.mark.xml#sSpan500"/>
		<rel id="sPointingRel1397" xlink:href="ref.GUM_academic_discrimination.mark.xml#sSpan515" target="ref.GUM_academic_discrimination.mark.xml#sSpan513"/>
		<rel id="sPointingRel1398" xlink:href="ref.GUM_academic_discrimination.mark.xml#sSpan535" target="ref.GUM_academic_discrimination.mark.xml#sSpan522"/>
		<rel id="sPointingRel1400" xlink:href="ref.GUM_academic_discrimination.mark.xml#sSpan541" target="ref.GUM_academic_discrimination.mark.xml#sSpan526"/>
		<rel id="sPointingRel1401" xlink:href="ref.GUM_academic_discrimination.mark.xml#sSpan540" target="ref.GUM_academic_discrimination.mark.xml#sSpan529"/>
		<rel id="sPointingRel1402" xlink:href="ref.GUM_academic_discrimination.mark.xml#sSpan567" target="ref.GUM_academic_discrimination.mark.xml#sSpan535"/>
		<rel id="sPointingRel1403" xlink:href="ref.GUM_academic_discrimination.mark.xml#sSpan596" target="ref.GUM_academic_discrimination.mark.xml#sSpan538"/>
		<rel id="sPointingRel1404" xlink:href="ref.GUM_academic_discrimination.mark.xml#sSpan564" target="ref.GUM_academic_discrimination.mark.xml#sSpan562"/>
		<rel id="sPointingRel1405" xlink:href="ref.GUM_academic_discrimination.mark.xml#sSpan582" target="ref.GUM_academic_discrimination.mark.xml#sSpan567"/>
		<rel id="sPointingRel1406" xlink:href="ref.GUM_academic_discrimination.mark.xml#sSpan583" target="ref.GUM_academic_discrimination.mark.xml#sSpan571"/>
		<rel id="sPointingRel1407" xlink:href="ref.GUM_academic_discrimination.mark.xml#sSpan587" target="ref.GUM_academic_discrimination.mark.xml#sSpan585"/>
		<rel id="sPointingRel1408" xlink:href="ref.GUM_academic_discrimination.mark.xml#sSpan591" target="ref.GUM_academic_discrimination.mark.xml#sSpan589"/>
		<rel id="sPointingRel1409" xlink:href="ref.GUM_academic_discrimination.mark.xml#sSpan605" target="ref.GUM_academic_discrimination.mark.xml#sSpan596"/>
		<rel id="sPointingRel1410" xlink:href="ref.GUM_academic_discrimination.mark.xml#sSpan612" target="ref.GUM_academic_discrimination.mark.xml#sSpan597"/>
		<rel id="sPointingRel1411" xlink:href="ref.GUM_academic_discrimination.mark.xml#sSpan618" target="ref.GUM_academic_discrimination.mark.xml#sSpan606"/>
		<rel id="sPointingRel1412" xlink:href="ref.GUM_academic_discrimination.mark.xml#sSpan622" target="ref.GUM_academic_discrimination.mark.xml#sSpan612"/>
		<rel id="sPointingRel1413" xlink:href="ref.GUM_academic_discrimination.mark.xml#sSpan626" target="ref.GUM_academic_discrimination.mark.xml#sSpan617"/>
		<rel id="sPointingRel1414" xlink:href="ref.GUM_academic_discrimination.mark.xml#sSpan627" target="ref.GUM_academic_discrimination.mark.xml#sSpan618"/>
		<rel id="sPointingRel1415" xlink:href="ref.GUM_academic_discrimination.mark.xml#sSpan716" target="ref.GUM_academic_discrimination.mark.xml#sSpan625"/>
		<rel id="sPointingRel1416" xlink:href="ref.GUM_academic_discrimination.mark.xml#sSpan717" target="ref.GUM_academic_discrimination.mark.xml#sSpan626"/>
		<rel id="sPointingRel1417" xlink:href="ref.GUM_academic_discrimination.mark.xml#sSpan715" target="ref.GUM_academic_discrimination.mark.xml#sSpan627"/>
		<rel id="sPointingRel1418" xlink:href="ref.GUM_academic_discrimination.mark.xml#sSpan637" target="ref.GUM_academic_discrimination.mark.xml#sSpan635"/>
		<rel id="sPointingRel1419" xlink:href="ref.GUM_academic_discrimination.mark.xml#sSpan642" target="ref.GUM_academic_discrimination.mark.xml#sSpan637"/>
		<rel id="sPointingRel1420" xlink:href="ref.GUM_academic_discrimination.mark.xml#sSpan671" target="ref.GUM_academic_discrimination.mark.xml#sSpan642"/>
		<rel id="sPointingRel1421" xlink:href="ref.GUM_academic_discrimination.mark.xml#sSpan733" target="ref.GUM_academic_discrimination.mark.xml#sSpan650"/>
		<rel id="sPointingRel1422" xlink:href="ref.GUM_academic_discrimination.mark.xml#sSpan710" target="ref.GUM_academic_discrimination.mark.xml#sSpan659"/>
		<rel id="sPointingRel1423" xlink:href="ref.GUM_academic_discrimination.mark.xml#sSpan708" target="ref.GUM_academic_discrimination.mark.xml#sSpan660"/>
		<rel id="sPointingRel1424" xlink:href="ref.GUM_academic_discrimination.mark.xml#sSpan698" target="ref.GUM_academic_discrimination.mark.xml#sSpan665"/>
		<rel id="sPointingRel1425" xlink:href="ref.GUM_academic_discrimination.mark.xml#sSpan690" target="ref.GUM_academic_discrimination.mark.xml#sSpan671"/></relList></paula>