<?xml version='1.0' encoding='UTF-8'?><!DOCTYPE paula SYSTEM "paula_feat.dtd">
<paula version="1.1">
	<header paula_id="ref.GUM_academic_discrimination.mark_salience"/>
	<featList xmlns:xlink="http://www.w3.org/1999/xlink" type="salience" xml:base="ref.GUM_academic_discrimination.mark.xml">
		<feat xlink:href="#sSpan141" value="s____"/>
		<feat xlink:href="#sSpan142" value="sssss"/>
		<feat xlink:href="#sSpan143" value="snnsn"/>
		<feat xlink:href="#sSpan144" value="nnnnn"/>
		<feat xlink:href="#sSpan145" value="nnnnn"/>
		<feat xlink:href="#sSpan146" value="ssnns"/>
		<feat xlink:href="#sSpan147" value="ssnns"/>
		<feat xlink:href="#sSpan148" value="nnnnn"/>
		<feat xlink:href="#sSpan149" value="nnnnn"/>
		<feat xlink:href="#sSpan150" value="sssss"/>
		<feat xlink:href="#sSpan151" value="nnnnn"/>
		<feat xlink:href="#sSpan152" value="nnnnn"/>
		<feat xlink:href="#sSpan153" value="nnnnn"/>
		<feat xlink:href="#sSpan154" value="nnnnn"/>
		<feat xlink:href="#sSpan155" value="nnnnn"/>
		<feat xlink:href="#sSpan156" value="nnnnn"/>
		<feat xlink:href="#sSpan157" value="nnnnn"/>
		<feat xlink:href="#sSpan158" value="nnnnn"/>
		<feat xlink:href="#sSpan159" value="sssss"/>
		<feat xlink:href="#sSpan160" value="nnnnn"/>
		<feat xlink:href="#sSpan161" value="nnnnn"/>
		<feat xlink:href="#sSpan162" value="nnnnn"/>
		<feat xlink:href="#sSpan163" value="nnnnn"/>
		<feat xlink:href="#sSpan164" value="nnnnn"/>
		<feat xlink:href="#sSpan165" value="nnnnn"/>
		<feat xlink:href="#sSpan166" value="nnnnn"/>
		<feat xlink:href="#sSpan167" value="nnnnn"/>
		<feat xlink:href="#sSpan168" value="sssss"/>
		<feat xlink:href="#sSpan169" value="nnnnn"/>
		<feat xlink:href="#sSpan170" value="nnnnn"/>
		<feat xlink:href="#sSpan171" value="nnnnn"/>
		<feat xlink:href="#sSpan172" value="nnnnn"/>
		<feat xlink:href="#sSpan173" value="nnnnn"/>
		<feat xlink:href="#sSpan174" value="nnnnn"/>
		<feat xlink:href="#sSpan175" value="nnnnn"/>
		<feat xlink:href="#sSpan176" value="nnnnn"/>
		<feat xlink:href="#sSpan177" value="nnnnn"/>
		<feat xlink:href="#sSpan178" value="nnnnn"/>
		<feat xlink:href="#sSpan179" value="nnnnn"/>
		<feat xlink:href="#sSpan180" value="nnnnn"/>
		<feat xlink:href="#sSpan181" value="sssss"/>
		<feat xlink:href="#sSpan182" value="nnnnn"/>
		<feat xlink:href="#sSpan183" value="nnnnn"/>
		<feat xlink:href="#sSpan184" value="nnnnn"/>
		<feat xlink:href="#sSpan185" value="nnnnn"/>
		<feat xlink:href="#sSpan186" value="sssss"/>
		<feat xlink:href="#sSpan187" value="nnnnn"/>
		<feat xlink:href="#sSpan188" value="nnnnn"/>
		<feat xlink:href="#sSpan189" value="nnnnn"/>
		<feat xlink:href="#sSpan190" value="nnnnn"/>
		<feat xlink:href="#sSpan191" value="nnnnn"/>
		<feat xlink:href="#sSpan192" value="nnnnn"/>
		<feat xlink:href="#sSpan193" value="nnnnn"/>
		<feat xlink:href="#sSpan194" value="nnnnn"/>
		<feat xlink:href="#sSpan195" value="nnnnn"/>
		<feat xlink:href="#sSpan196" value="nnnnn"/>
		<feat xlink:href="#sSpan197" value="nnnnn"/>
		<feat xlink:href="#sSpan198" value="nnnnn"/>
		<feat xlink:href="#sSpan199" value="nnnnn"/>
		<feat xlink:href="#sSpan200" value="nnnnn"/>
		<feat xlink:href="#sSpan201" value="nnnnn"/>
		<feat xlink:href="#sSpan202" value="nnnnn"/>
		<feat xlink:href="#sSpan203" value="nnnnn"/>
		<feat xlink:href="#sSpan204" value="nnnnn"/>
		<feat xlink:href="#sSpan205" value="sssss"/>
		<feat xlink:href="#sSpan206" value="nnnnn"/>
		<feat xlink:href="#sSpan207" value="nnnnn"/>
		<feat xlink:href="#sSpan208" value="nnnnn"/>
		<feat xlink:href="#sSpan209" value="nnnnn"/>
		<feat xlink:href="#sSpan210" value="nnnnn"/>
		<feat xlink:href="#sSpan211" value="nnnnn"/>
		<feat xlink:href="#sSpan212" value="nnnnn"/>
		<feat xlink:href="#sSpan213" value="nnnnn"/>
		<feat xlink:href="#sSpan214" value="nnnnn"/>
		<feat xlink:href="#sSpan215" value="nnnnn"/>
		<feat xlink:href="#sSpan216" value="nnnnn"/>
		<feat xlink:href="#sSpan217" value="nnnnn"/>
		<feat xlink:href="#sSpan218" value="nnnnn"/>
		<feat xlink:href="#sSpan219" value="nnnnn"/>
		<feat xlink:href="#sSpan220" value="snnnn"/>
		<feat xlink:href="#sSpan221" value="nnnnn"/>
		<feat xlink:href="#sSpan222" value="snnnn"/>
		<feat xlink:href="#sSpan223" value="nnnnn"/>
		<feat xlink:href="#sSpan224" value="sssss"/>
		<feat xlink:href="#sSpan225" value="nnnnn"/>
		<feat xlink:href="#sSpan226" value="nnnnn"/>
		<feat xlink:href="#sSpan227" value="nnnnn"/>
		<feat xlink:href="#sSpan228" value="nnnnn"/>
		<feat xlink:href="#sSpan229" value="nnnnn"/>
		<feat xlink:href="#sSpan230" value="nnnnn"/>
		<feat xlink:href="#sSpan231" value="nnnnn"/>
		<feat xlink:href="#sSpan232" value="sssss"/>
		<feat xlink:href="#sSpan233" value="ssnns"/>
		<feat xlink:href="#sSpan234" value="ssnns"/>
		<feat xlink:href="#sSpan235" value="ssnss"/>
		<feat xlink:href="#sSpan236" value="nnnnn"/>
		<feat xlink:href="#sSpan237" value="nssnn"/>
		<feat xlink:href="#sSpan238" value="nssns"/>
		<feat xlink:href="#sSpan239" value="sssss"/>
		<feat xlink:href="#sSpan240" value="s___s"/>
		<feat xlink:href="#sSpan241" value="sssss"/>
		<feat xlink:href="#sSpan242" value="nnnnn"/>
		<feat xlink:href="#sSpan243" value="nnnnn"/>
		<feat xlink:href="#sSpan244" value="nnnnn"/>
		<feat xlink:href="#sSpan245" value="nnnnn"/>
		<feat xlink:href="#sSpan246" value="sssss"/>
		<feat xlink:href="#sSpan247" value="nnnnn"/>
		<feat xlink:href="#sSpan248" value="nnnnn"/>
		<feat xlink:href="#sSpan249" value="nnnnn"/>
		<feat xlink:href="#sSpan250" value="nnnnn"/>
		<feat xlink:href="#sSpan251" value="nssns"/>
		<feat xlink:href="#sSpan252" value="nnnnn"/>
		<feat xlink:href="#sSpan253" value="nnnnn"/>
		<feat xlink:href="#sSpan254" value="nnnnn"/>
		<feat xlink:href="#sSpan255" value="nnnnn"/>
		<feat xlink:href="#sSpan256" value="nnnnn"/>
		<feat xlink:href="#sSpan257" value="nnnnn"/>
		<feat xlink:href="#sSpan258" value="nnnnn"/>
		<feat xlink:href="#sSpan259" value="snnsn"/>
		<feat xlink:href="#sSpan260" value="nnnsn"/>
		<feat xlink:href="#sSpan261" value="nnnsn"/>
		<feat xlink:href="#sSpan262" value="nnnsn"/>
		<feat xlink:href="#sSpan263" value="nnnnn"/>
		<feat xlink:href="#sSpan264" value="nnnnn"/>
		<feat xlink:href="#sSpan265" value="nnnnn"/>
		<feat xlink:href="#sSpan266" value="nnnnn"/>
		<feat xlink:href="#sSpan267" value="nnnnn"/>
		<feat xlink:href="#sSpan268" value="nnnnn"/>
		<feat xlink:href="#sSpan269" value="nnnnn"/>
		<feat xlink:href="#sSpan270" value="nnnnn"/>
		<feat xlink:href="#sSpan271" value="nnnnn"/>
		<feat xlink:href="#sSpan272" value="nnnnn"/>
		<feat xlink:href="#sSpan273" value="nnnnn"/>
		<feat xlink:href="#sSpan274" value="nnnnn"/>
		<feat xlink:href="#sSpan275" value="nnnnn"/>
		<feat xlink:href="#sSpan276" value="nnnnn"/>
		<feat xlink:href="#sSpan277" value="nnnnn"/>
		<feat xlink:href="#sSpan278" value="snnsn"/>
		<feat xlink:href="#sSpan279" value="nnnsn"/>
		<feat xlink:href="#sSpan280" value="nnnnn"/>
		<feat xlink:href="#sSpan281" value="nnnnn"/>
		<feat xlink:href="#sSpan282" value="nnnsn"/>
		<feat xlink:href="#sSpan283" value="n____"/>
		<feat xlink:href="#sSpan284" value="nnnnn"/>
		<feat xlink:href="#sSpan285" value="nnnnn"/>
		<feat xlink:href="#sSpan286" value="nssns"/>
		<feat xlink:href="#sSpan287" value="sssss"/>
		<feat xlink:href="#sSpan288" value="nnnnn"/>
		<feat xlink:href="#sSpan289" value="nnnnn"/>
		<feat xlink:href="#sSpan290" value="nnnnn"/>
		<feat xlink:href="#sSpan291" value="nnnnn"/>
		<feat xlink:href="#sSpan292" value="snnsn"/>
		<feat xlink:href="#sSpan293" value="nnnnn"/>
		<feat xlink:href="#sSpan294" value="nnnnn"/>
		<feat xlink:href="#sSpan295" value="snnsn"/>
		<feat xlink:href="#sSpan296" value="nnnnn"/>
		<feat xlink:href="#sSpan297" value="nnnnn"/>
		<feat xlink:href="#sSpan298" value="nnnnn"/>
		<feat xlink:href="#sSpan299" value="snnsn"/>
		<feat xlink:href="#sSpan300" value="nnnnn"/>
		<feat xlink:href="#sSpan301" value="nnnnn"/>
		<feat xlink:href="#sSpan302" value="nnnnn"/>
		<feat xlink:href="#sSpan303" value="nnnnn"/>
		<feat xlink:href="#sSpan304" value="nnnnn"/>
		<feat xlink:href="#sSpan305" value="nnnnn"/>
		<feat xlink:href="#sSpan306" value="nnnnn"/>
		<feat xlink:href="#sSpan307" value="nnnnn"/>
		<feat xlink:href="#sSpan308" value="nnnnn"/>
		<feat xlink:href="#sSpan309" value="nnnnn"/>
		<feat xlink:href="#sSpan310" value="nnnnn"/>
		<feat xlink:href="#sSpan311" value="nnnnn"/>
		<feat xlink:href="#sSpan312" value="nnnnn"/>
		<feat xlink:href="#sSpan313" value="nnnnn"/>
		<feat xlink:href="#sSpan314" value="nnnnn"/>
		<feat xlink:href="#sSpan315" value="nnnnn"/>
		<feat xlink:href="#sSpan316" value="nnnnn"/>
		<feat xlink:href="#sSpan317" value="nnnnn"/>
		<feat xlink:href="#sSpan318" value="nnnnn"/>
		<feat xlink:href="#sSpan319" value="nnnnn"/>
		<feat xlink:href="#sSpan320" value="snnsn"/>
		<feat xlink:href="#sSpan321" value="nnnnn"/>
		<feat xlink:href="#sSpan322" value="nnnnn"/>
		<feat xlink:href="#sSpan323" value="nnnnn"/>
		<feat xlink:href="#sSpan324" value="nnnnn"/>
		<feat xlink:href="#sSpan325" value="nnnnn"/>
		<feat xlink:href="#sSpan326" value="nnnnn"/>
		<feat xlink:href="#sSpan327" value="nnnnn"/>
		<feat xlink:href="#sSpan328" value="nnnnn"/>
		<feat xlink:href="#sSpan329" value="nnnnn"/>
		<feat xlink:href="#sSpan330" value="nnnnn"/>
		<feat xlink:href="#sSpan331" value="nnnnn"/>
		<feat xlink:href="#sSpan332" value="nnnnn"/>
		<feat xlink:href="#sSpan333" value="nnnnn"/>
		<feat xlink:href="#sSpan334" value="nnnnn"/>
		<feat xlink:href="#sSpan335" value="nnnnn"/>
		<feat xlink:href="#sSpan336" value="nnnnn"/>
		<feat xlink:href="#sSpan337" value="nnnnn"/>
		<feat xlink:href="#sSpan338" value="nnnnn"/>
		<feat xlink:href="#sSpan339" value="nnnnn"/>
		<feat xlink:href="#sSpan340" value="nnnnn"/>
		<feat xlink:href="#sSpan341" value="nnnnn"/>
		<feat xlink:href="#sSpan342" value="nnnnn"/>
		<feat xlink:href="#sSpan343" value="snnnn"/>
		<feat xlink:href="#sSpan344" value="nnnnn"/>
		<feat xlink:href="#sSpan345" value="nnnnn"/>
		<feat xlink:href="#sSpan346" value="nnnnn"/>
		<feat xlink:href="#sSpan347" value="nnnnn"/>
		<feat xlink:href="#sSpan348" value="nnnnn"/>
		<feat xlink:href="#sSpan349" value="nnnnn"/>
		<feat xlink:href="#sSpan350" value="nnnnn"/>
		<feat xlink:href="#sSpan351" value="nnnnn"/>
		<feat xlink:href="#sSpan352" value="nnnnn"/>
		<feat xlink:href="#sSpan353" value="nnnnn"/>
		<feat xlink:href="#sSpan354" value="nnnnn"/>
		<feat xlink:href="#sSpan355" value="nnnnn"/>
		<feat xlink:href="#sSpan356" value="nnnnn"/>
		<feat xlink:href="#sSpan357" value="nnnnn"/>
		<feat xlink:href="#sSpan358" value="nnnnn"/>
		<feat xlink:href="#sSpan359" value="nnnnn"/>
		<feat xlink:href="#sSpan360" value="nnnnn"/>
		<feat xlink:href="#sSpan361" value="nnnnn"/>
		<feat xlink:href="#sSpan362" value="nnnnn"/>
		<feat xlink:href="#sSpan363" value="nnnnn"/>
		<feat xlink:href="#sSpan364" value="nnnnn"/>
		<feat xlink:href="#sSpan365" value="nnnnn"/>
		<feat xlink:href="#sSpan366" value="nnnnn"/>
		<feat xlink:href="#sSpan367" value="nnnnn"/>
		<feat xlink:href="#sSpan368" value="nnnnn"/>
		<feat xlink:href="#sSpan369" value="nnnnn"/>
		<feat xlink:href="#sSpan370" value="nnnnn"/>
		<feat xlink:href="#sSpan371" value="snnsn"/>
		<feat xlink:href="#sSpan372" value="nnnnn"/>
		<feat xlink:href="#sSpan373" value="nnnnn"/>
		<feat xlink:href="#sSpan374" value="nnnnn"/>
		<feat xlink:href="#sSpan375" value="nnnnn"/>
		<feat xlink:href="#sSpan376" value="sssss"/>
		<feat xlink:href="#sSpan377" value="snnsn"/>
		<feat xlink:href="#sSpan378" value="nnnnn"/>
		<feat xlink:href="#sSpan379" value="nnnnn"/>
		<feat xlink:href="#sSpan380" value="nnnnn"/>
		<feat xlink:href="#sSpan381" value="sssss"/>
		<feat xlink:href="#sSpan382" value="snnsn"/>
		<feat xlink:href="#sSpan383" value="nnnnn"/>
		<feat xlink:href="#sSpan384" value="nsnnn"/>
		<feat xlink:href="#sSpan385" value="nsnnn"/>
		<feat xlink:href="#sSpan386" value="nsnnn"/>
		<feat xlink:href="#sSpan387" value="nnnnn"/>
		<feat xlink:href="#sSpan388" value="nnnnn"/>
		<feat xlink:href="#sSpan389" value="nnnnn"/>
		<feat xlink:href="#sSpan390" value="nnnnn"/>
		<feat xlink:href="#sSpan391" value="nnnnn"/>
		<feat xlink:href="#sSpan392" value="nnnnn"/>
		<feat xlink:href="#sSpan393" value="nnnnn"/>
		<feat xlink:href="#sSpan394" value="nnnnn"/>
		<feat xlink:href="#sSpan395" value="nnnnn"/>
		<feat xlink:href="#sSpan396" value="nnnnn"/>
		<feat xlink:href="#sSpan397" value="nnnnn"/>
		<feat xlink:href="#sSpan398" value="nnnnn"/>
		<feat xlink:href="#sSpan399" value="nnnnn"/>
		<feat xlink:href="#sSpan400" value="nsnnn"/>
		<feat xlink:href="#sSpan401" value="nnnnn"/>
		<feat xlink:href="#sSpan402" value="nnnnn"/>
		<feat xlink:href="#sSpan403" value="nnnnn"/>
		<feat xlink:href="#sSpan404" value="nnnnn"/>
		<feat xlink:href="#sSpan405" value="nnnnn"/>
		<feat xlink:href="#sSpan406" value="nnnnn"/>
		<feat xlink:href="#sSpan407" value="nnnnn"/>
		<feat xlink:href="#sSpan408" value="nnnnn"/>
		<feat xlink:href="#sSpan409" value="nnnnn"/>
		<feat xlink:href="#sSpan410" value="nnnnn"/>
		<feat xlink:href="#sSpan411" value="nsnnn"/>
		<feat xlink:href="#sSpan412" value="nnnnn"/>
		<feat xlink:href="#sSpan413" value="nnnnn"/>
		<feat xlink:href="#sSpan414" value="nnnnn"/>
		<feat xlink:href="#sSpan415" value="nnnnn"/>
		<feat xlink:href="#sSpan416" value="nnnnn"/>
		<feat xlink:href="#sSpan417" value="nnnnn"/>
		<feat xlink:href="#sSpan418" value="nnnnn"/>
		<feat xlink:href="#sSpan419" value="nnnnn"/>
		<feat xlink:href="#sSpan420" value="nnnnn"/>
		<feat xlink:href="#sSpan421" value="snnsn"/>
		<feat xlink:href="#sSpan422" value="nnnnn"/>
		<feat xlink:href="#sSpan423" value="sssss"/>
		<feat xlink:href="#sSpan424" value="nnnnn"/>
		<feat xlink:href="#sSpan425" value="nnnnn"/>
		<feat xlink:href="#sSpan426" value="nnnnn"/>
		<feat xlink:href="#sSpan427" value="nnnnn"/>
		<feat xlink:href="#sSpan428" value="nnnnn"/>
		<feat xlink:href="#sSpan429" value="nnnnn"/>
		<feat xlink:href="#sSpan430" value="nnnnn"/>
		<feat xlink:href="#sSpan431" value="nnnnn"/>
		<feat xlink:href="#sSpan432" value="nnnnn"/>
		<feat xlink:href="#sSpan433" value="nnnnn"/>
		<feat xlink:href="#sSpan434" value="nnnsn"/>
		<feat xlink:href="#sSpan435" value="ssnss"/></featList></paula>