<?xml version='1.0' encoding='UTF-8'?><!DOCTYPE paula SYSTEM "paula_feat.dtd">
<paula version="1.1">
	<header paula_id="rsd.GUM_academic_discrimination.mark_heading"/>
	<featList xmlns:xlink="http://www.w3.org/1999/xlink" type="heading" xml:base="rsd.GUM_academic_discrimination.mark.xml">
		<feat xlink:href="#sSpan1" value="heading"/>
		<feat xlink:href="#sSpan2" value="heading"/>
		<feat xlink:href="#sSpan3" value="heading"/>
		<feat xlink:href="#sSpan41" value="heading"/>
		<feat xlink:href="#sSpan61" value="heading"/>
		<feat xlink:href="#sSpan83" value="heading"/>
		<feat xlink:href="#sSpan94" value="heading"/></featList></paula>