<?xml version='1.0' encoding='UTF-8'?><!DOCTYPE paula SYSTEM "paula_mark.dtd">
<paula version="1.1">
	<header paula_id="rsd.GUM_academic_discrimination.mark"/>
	<markList xmlns:xlink="http://www.w3.org/1999/xlink" type="rsd" xml:base="GUM_academic_discrimination.tok.xml">
		<!--The prevalence of discrimination across racial groups in contemporary America :-->
		<mark id="sSpan421" xlink:href="#sTok1 #sTok2 #sTok3 #sTok4 #sTok5 #sTok6 #sTok7 #sTok8 #sTok9 #sTok10 #sTok11"/>
		<!--Results from a nationally representative sample of adults-->
		<mark id="sSpan422" xlink:href="#sTok12 #sTok13 #sTok14 #sTok15 #sTok16 #sTok17 #sTok18 #sTok19"/>
		<!--Introduction .-->
		<mark id="sSpan423" xlink:href="#sTok20 #sTok21"/>
		<!--Personal experiences of discrimination and bias have been the focus of much social science research .-->
		<mark id="sSpan424" xlink:href="#sTok22 #sTok23 #sTok24 #sTok25 #sTok26 #sTok27 #sTok28 #sTok29 #sTok30 #sTok31 #sTok32 #sTok33 #sTok34 #sTok35 #sTok36 #sTok37"/>
		<!--[ 1 - 3 ]-->
		<mark id="sSpan425" xlink:href="#sTok38 #sTok39 #sTok40 #sTok41 #sTok42"/>
		<!--Sociologists have explored the adverse consequences of discrimination-->
		<mark id="sSpan426" xlink:href="#sTok43 #sTok44 #sTok45 #sTok46 #sTok47 #sTok48 #sTok49 #sTok50"/>
		<!--[ 3 – 5 ] ;-->
		<mark id="sSpan427" xlink:href="#sTok51 #sTok52 #sTok53 #sTok54 #sTok55 #sTok56"/>
		<!--psychologists have examined the mental processes-->
		<mark id="sSpan428" xlink:href="#sTok57 #sTok58 #sTok59 #sTok60 #sTok61 #sTok62"/>
		<!--that underpin conscious and unconscious biases-->
		<mark id="sSpan429" xlink:href="#sTok63 #sTok64 #sTok65 #sTok66 #sTok67 #sTok68"/>
		<!--[ 6 ] ;-->
		<mark id="sSpan430" xlink:href="#sTok69 #sTok70 #sTok71 #sTok72"/>
		<!--neuroscientists have examined the neurobiological underpinnings of discrimination-->
		<mark id="sSpan431" xlink:href="#sTok73 #sTok74 #sTok75 #sTok76 #sTok77 #sTok78 #sTok79 #sTok80"/>
		<!--[ 7 – 9 ] ;-->
		<mark id="sSpan432" xlink:href="#sTok81 #sTok82 #sTok83 #sTok84 #sTok85 #sTok86"/>
		<!--and evolutionary theorists have explored the various ways-->
		<mark id="sSpan433" xlink:href="#sTok87 #sTok88 #sTok89 #sTok90 #sTok91 #sTok92 #sTok93 #sTok94"/>
		<!--that in-group / out-group biases emerged across the history of our species .-->
		<mark id="sSpan434" xlink:href="#sTok95 #sTok96 #sTok97 #sTok98 #sTok99 #sTok100 #sTok101 #sTok102 #sTok103 #sTok104 #sTok105 #sTok106 #sTok107"/>
		<!--[ 10 ]-->
		<mark id="sSpan435" xlink:href="#sTok108 #sTok109 #sTok110"/>
		<!--In many respects , researchers already possess a wealth of knowledge-->
		<mark id="sSpan436" xlink:href="#sTok111 #sTok112 #sTok113 #sTok114 #sTok115 #sTok116 #sTok117 #sTok118 #sTok119 #sTok120 #sTok121"/>
		<!--concerning the origins and consequences of discrimination and bias .-->
		<mark id="sSpan437" xlink:href="#sTok122 #sTok123 #sTok124 #sTok125 #sTok126 #sTok127 #sTok128 #sTok129 #sTok130 #sTok131"/>
		<!--[ 11 ]-->
		<mark id="sSpan438" xlink:href="#sTok132 #sTok133 #sTok134"/>
		<!--What also should not be lost in discussion of discrimination is the growing push-->
		<mark id="sSpan439" xlink:href="#sTok135 #sTok136 #sTok137 #sTok138 #sTok139 #sTok140 #sTok141 #sTok142 #sTok143 #sTok144 #sTok145 #sTok146 #sTok147 #sTok148"/>
		<!--to implement social policy-->
		<mark id="sSpan440" xlink:href="#sTok149 #sTok150 #sTok151 #sTok152"/>
		<!--aimed at reducing the occurrence of discriminatory practices .-->
		<mark id="sSpan441" xlink:href="#sTok153 #sTok154 #sTok155 #sTok156 #sTok157 #sTok158 #sTok159 #sTok160 #sTok161"/>
		<!--Mandatory diversity trainings in professional settings , for example , are intended to reduce bias in the workplace-->
		<mark id="sSpan442" xlink:href="#sTok162 #sTok163 #sTok164 #sTok165 #sTok166 #sTok167 #sTok168 #sTok169 #sTok170 #sTok171 #sTok172 #sTok173 #sTok174 #sTok175 #sTok176 #sTok177 #sTok178 #sTok179"/>
		<!--by increasing the awareness of employees-->
		<mark id="sSpan443" xlink:href="#sTok180 #sTok181 #sTok182 #sTok183 #sTok184 #sTok185"/>
		<!--regarding the challenges-->
		<mark id="sSpan444" xlink:href="#sTok186 #sTok187 #sTok188"/>
		<!--facing minority group members .-->
		<mark id="sSpan445" xlink:href="#sTok189 #sTok190 #sTok191 #sTok192 #sTok193"/>
		<!--[ 12 ]-->
		<mark id="sSpan446" xlink:href="#sTok194 #sTok195 #sTok196"/>
		<!--Indeed , the implementation of certain policies is rooted in the assumption-->
		<mark id="sSpan447" xlink:href="#sTok197 #sTok198 #sTok199 #sTok200 #sTok201 #sTok202 #sTok203 #sTok204 #sTok205 #sTok206 #sTok207 #sTok208"/>
		<!--that discrimination and biases are , at least to some appreciable amount , present in modern society .-->
		<mark id="sSpan448" xlink:href="#sTok209 #sTok210 #sTok211 #sTok212 #sTok213 #sTok214 #sTok215 #sTok216 #sTok217 #sTok218 #sTok219 #sTok220 #sTok221 #sTok222 #sTok223 #sTok224 #sTok225 #sTok226"/>
		<!--Even so , estimates of the prevalence of perceived discrimination remains rare-->
		<mark id="sSpan449" xlink:href="#sTok227 #sTok228 #sTok229 #sTok230 #sTok231 #sTok232 #sTok233 #sTok234 #sTok235 #sTok236 #sTok237 #sTok238"/>
		<!--( see [ 13 – 14 ] ) .-->
		<mark id="sSpan450" xlink:href="#sTok239 #sTok240 #sTok241 #sTok242 #sTok243 #sTok244 #sTok245 #sTok246 #sTok247"/>
		<!--At least one prior study by Kessler and colleagues-->
		<mark id="sSpan451" xlink:href="#sTok248 #sTok249 #sTok250 #sTok251 #sTok252 #sTok253 #sTok254 #sTok255 #sTok256"/>
		<!--[ 15 ] ,-->
		<mark id="sSpan452" xlink:href="#sTok257 #sTok258 #sTok259 #sTok260"/>
		<!--however ,-->
		<mark id="sSpan453" xlink:href="#sTok261 #sTok262"/>
		<!--using measures of perceived discrimination in a large American sample ,-->
		<mark id="sSpan454" xlink:href="#sTok263 #sTok264 #sTok265 #sTok266 #sTok267 #sTok268 #sTok269 #sTok270 #sTok271 #sTok272 #sTok273"/>
		<!--reported-->
		<mark id="sSpan455" xlink:href="#sTok274"/>
		<!--that approximately 33 % of respondents reported some form of discrimination-->
		<mark id="sSpan456" xlink:href="#sTok275 #sTok276 #sTok277 #sTok278 #sTok279 #sTok280 #sTok281 #sTok282 #sTok283 #sTok284 #sTok285"/>
		<!--( see also , Gibbons et al. [ 4 ] ) .-->
		<mark id="sSpan457" xlink:href="#sTok286 #sTok287 #sTok288 #sTok289 #sTok290 #sTok291 #sTok292 #sTok293 #sTok294 #sTok295 #sTok296 #sTok297"/>
		<!--The current study seeks to build on this research-->
		<mark id="sSpan458" xlink:href="#sTok298 #sTok299 #sTok300 #sTok301 #sTok302 #sTok303 #sTok304 #sTok305 #sTok306"/>
		<!--by estimating the prevalence of discrimination experiences among a large , nationally representative sample of adults from the United States .-->
		<mark id="sSpan459" xlink:href="#sTok307 #sTok308 #sTok309 #sTok310 #sTok311 #sTok312 #sTok313 #sTok314 #sTok315 #sTok316 #sTok317 #sTok318 #sTok319 #sTok320 #sTok321 #sTok322 #sTok323 #sTok324 #sTok325 #sTok326 #sTok327"/>
		<!--Additionally , the analysis address the perceived reasons for reported discrimination experiences .-->
		<mark id="sSpan460" xlink:href="#sTok328 #sTok329 #sTok330 #sTok331 #sTok332 #sTok333 #sTok334 #sTok335 #sTok336 #sTok337 #sTok338 #sTok339 #sTok340"/>
		<!--Reason for discrimination .-->
		<mark id="sSpan461" xlink:href="#sTok341 #sTok342 #sTok343 #sTok344"/>
		<!--All respondents-->
		<mark id="sSpan462" xlink:href="#sTok345 #sTok346"/>
		<!--who indicated-->
		<mark id="sSpan463" xlink:href="#sTok347 #sTok348"/>
		<!--they were discriminated against-->
		<mark id="sSpan464" xlink:href="#sTok349 #sTok350 #sTok351 #sTok352"/>
		<!--— specifically , those-->
		<mark id="sSpan465" xlink:href="#sTok353 #sTok354 #sTok355 #sTok356"/>
		<!--who responded with sometimes or often to the perceived discrimination measure-->
		<mark id="sSpan466" xlink:href="#sTok357 #sTok358 #sTok359 #sTok360 #sTok361 #sTok362 #sTok363 #sTok364 #sTok365 #sTok366 #sTok367"/>
		<!--described above —-->
		<mark id="sSpan467" xlink:href="#sTok368 #sTok369 #sTok370"/>
		<!--were asked the following question :-->
		<mark id="sSpan468" xlink:href="#sTok371 #sTok372 #sTok373 #sTok374 #sTok375 #sTok376"/>
		<!--“ What do you think was the main reason for these experiences ? ”-->
		<mark id="sSpan469" xlink:href="#sTok377 #sTok378 #sTok379 #sTok380 #sTok381 #sTok382 #sTok383 #sTok384 #sTok385 #sTok386 #sTok387 #sTok388 #sTok389 #sTok390"/>
		<!--Respondents were allowed to choose one response from 11 categories .-->
		<mark id="sSpan470" xlink:href="#sTok391 #sTok392 #sTok393 #sTok394 #sTok395 #sTok396 #sTok397 #sTok398 #sTok399 #sTok400 #sTok401"/>
		<!--For the present analysis , these responses were recoded into nine mutually exclusive categories-->
		<mark id="sSpan471" xlink:href="#sTok402 #sTok403 #sTok404 #sTok405 #sTok406 #sTok407 #sTok408 #sTok409 #sTok410 #sTok411 #sTok412 #sTok413 #sTok414 #sTok415"/>
		<!--capturing the following options :-->
		<mark id="sSpan472" xlink:href="#sTok416 #sTok417 #sTok418 #sTok419 #sTok420"/>
		<!--race / ancestry / skin color ; gender ; age ; religion ; height or weight ; sexual orientation ; education or income ; physical disability ; and other .-->
		<mark id="sSpan473" xlink:href="#sTok421 #sTok422 #sTok423 #sTok424 #sTok425 #sTok426 #sTok427 #sTok428 #sTok429 #sTok430 #sTok431 #sTok432 #sTok433 #sTok434 #sTok435 #sTok436 #sTok437 #sTok438 #sTok439 #sTok440 #sTok441 #sTok442 #sTok443 #sTok444 #sTok445 #sTok446 #sTok447 #sTok448 #sTok449 #sTok450"/>
		<!--The following categories from the original questionnaire were collapsed into one category for the analysis :-->
		<mark id="sSpan474" xlink:href="#sTok451 #sTok452 #sTok453 #sTok454 #sTok455 #sTok456 #sTok457 #sTok458 #sTok459 #sTok460 #sTok461 #sTok462 #sTok463 #sTok464 #sTok465 #sTok466"/>
		<!--race ; ancestry or national origin ; and shade of skin color .-->
		<mark id="sSpan475" xlink:href="#sTok467 #sTok468 #sTok469 #sTok470 #sTok471 #sTok472 #sTok473 #sTok474 #sTok475 #sTok476 #sTok477 #sTok478 #sTok479"/>
		<!--Additionally , because this question was only asked of respondents-->
		<mark id="sSpan476" xlink:href="#sTok480 #sTok481 #sTok482 #sTok483 #sTok484 #sTok485 #sTok486 #sTok487 #sTok488 #sTok489"/>
		<!--who reported prior discrimination experiences ,-->
		<mark id="sSpan477" xlink:href="#sTok490 #sTok491 #sTok492 #sTok493 #sTok494 #sTok495"/>
		<!--the built-in skip pattern resulted in a large number of cases-->
		<mark id="sSpan478" xlink:href="#sTok496 #sTok497 #sTok498 #sTok499 #sTok500 #sTok501 #sTok502 #sTok503 #sTok504 #sTok505 #sTok506"/>
		<!--scored as missing-->
		<mark id="sSpan479" xlink:href="#sTok507 #sTok508 #sTok509"/>
		<!--( legitimate skip ) .-->
		<mark id="sSpan480" xlink:href="#sTok510 #sTok511 #sTok512 #sTok513 #sTok514"/>
		<!--Respondent race .-->
		<mark id="sSpan481" xlink:href="#sTok515 #sTok516 #sTok517"/>
		<!--Because a race variable is not available from the Wave 4 interviews ,-->
		<mark id="sSpan482" xlink:href="#sTok518 #sTok519 #sTok520 #sTok521 #sTok522 #sTok523 #sTok524 #sTok525 #sTok526 #sTok527 #sTok528 #sTok529 #sTok530"/>
		<!--we use the racial category-->
		<mark id="sSpan483" xlink:href="#sTok531 #sTok532 #sTok533 #sTok534 #sTok535"/>
		<!--reported by the respondent during the Wave 1 interview .-->
		<mark id="sSpan484" xlink:href="#sTok536 #sTok537 #sTok538 #sTok539 #sTok540 #sTok541 #sTok542 #sTok543 #sTok544 #sTok545"/>
		<!--Wave 1 race-->
		<mark id="sSpan485" xlink:href="#sTok546 #sTok547 #sTok548"/>
		<!--— rather than , say , Wave 3 race —-->
		<mark id="sSpan486" xlink:href="#sTok549 #sTok550 #sTok551 #sTok552 #sTok553 #sTok554 #sTok555 #sTok556 #sTok557 #sTok558"/>
		<!--was used to preserve case counts .-->
		<mark id="sSpan487" xlink:href="#sTok559 #sTok560 #sTok561 #sTok562 #sTok563 #sTok564 #sTok565"/>
		<!--The logic is that-->
		<mark id="sSpan488" xlink:href="#sTok566 #sTok567 #sTok568 #sTok569"/>
		<!--( nearly )-->
		<mark id="sSpan489" xlink:href="#sTok570 #sTok571 #sTok572"/>
		<!--all Wave 4 respondents appeared in the Wave 1 sample ,-->
		<mark id="sSpan490" xlink:href="#sTok573 #sTok574 #sTok575 #sTok576 #sTok577 #sTok578 #sTok579 #sTok580 #sTok581 #sTok582 #sTok583"/>
		<!--but not all would have been interviewed at Wave 3 due to differential patterns of temporary attrition .-->
		<mark id="sSpan491" xlink:href="#sTok584 #sTok585 #sTok586 #sTok587 #sTok588 #sTok589 #sTok590 #sTok591 #sTok592 #sTok593 #sTok594 #sTok595 #sTok596 #sTok597 #sTok598 #sTok599 #sTok600 #sTok601"/>
		<!--Respondents were asked to indicate their race from among the following categories :-->
		<mark id="sSpan492" xlink:href="#sTok602 #sTok603 #sTok604 #sTok605 #sTok606 #sTok607 #sTok608 #sTok609 #sTok610 #sTok611 #sTok612 #sTok613 #sTok614"/>
		<!--White ; Black or African American ; Hispanic ; American Indian or Native American ; and Asian or Pacific Islander .-->
		<mark id="sSpan493" xlink:href="#sTok615 #sTok616 #sTok617 #sTok618 #sTok619 #sTok620 #sTok621 #sTok622 #sTok623 #sTok624 #sTok625 #sTok626 #sTok627 #sTok628 #sTok629 #sTok630 #sTok631 #sTok632 #sTok633 #sTok634 #sTok635"/>
		<!--Respondents were provided the opportunity-->
		<mark id="sSpan494" xlink:href="#sTok636 #sTok637 #sTok638 #sTok639 #sTok640"/>
		<!--to select more than one race ,-->
		<mark id="sSpan495" xlink:href="#sTok641 #sTok642 #sTok643 #sTok644 #sTok645 #sTok646 #sTok647"/>
		<!--and those-->
		<mark id="sSpan496" xlink:href="#sTok648 #sTok649"/>
		<!--who did-->
		<mark id="sSpan497" xlink:href="#sTok650 #sTok651"/>
		<!--were asked a follow-up question-->
		<mark id="sSpan498" xlink:href="#sTok652 #sTok653 #sTok654 #sTok655 #sTok656"/>
		<!--regarding which category best described their racial background .-->
		<mark id="sSpan499" xlink:href="#sTok657 #sTok658 #sTok659 #sTok660 #sTok661 #sTok662 #sTok663 #sTok664 #sTok665"/>
		<!--In the current study , those respondents-->
		<mark id="sSpan500" xlink:href="#sTok666 #sTok667 #sTok668 #sTok669 #sTok670 #sTok671 #sTok672"/>
		<!--who indicated more than one race-->
		<mark id="sSpan501" xlink:href="#sTok673 #sTok674 #sTok675 #sTok676 #sTok677 #sTok678"/>
		<!--were coded as “ mixed race ” .-->
		<mark id="sSpan502" xlink:href="#sTok679 #sTok680 #sTok681 #sTok682 #sTok683 #sTok684 #sTok685 #sTok686"/>
		<!--Demographic variables .-->
		<mark id="sSpan503" xlink:href="#sTok687 #sTok688 #sTok689"/>
		<!--To provide information on the analytical sample as a whole ,-->
		<mark id="sSpan504" xlink:href="#sTok690 #sTok691 #sTok692 #sTok693 #sTok694 #sTok695 #sTok696 #sTok697 #sTok698 #sTok699 #sTok700"/>
		<!--two additional demographic variables are included .-->
		<mark id="sSpan505" xlink:href="#sTok701 #sTok702 #sTok703 #sTok704 #sTok705 #sTok706 #sTok707"/>
		<!--First , age is a continuous measure-->
		<mark id="sSpan506" xlink:href="#sTok708 #sTok709 #sTok710 #sTok711 #sTok712 #sTok713 #sTok714"/>
		<!--created-->
		<mark id="sSpan507" xlink:href="#sTok715"/>
		<!--by subtracting the year of the respondents ' birth-->
		<mark id="sSpan508" xlink:href="#sTok716 #sTok717 #sTok718 #sTok719 #sTok720 #sTok721 #sTok722 #sTok723 #sTok724"/>
		<!--( obtained from Wave 1 )-->
		<mark id="sSpan509" xlink:href="#sTok725 #sTok726 #sTok727 #sTok728 #sTok729 #sTok730"/>
		<!--from the year of the interview at Wave 4 .-->
		<mark id="sSpan510" xlink:href="#sTok731 #sTok732 #sTok733 #sTok734 #sTok735 #sTok736 #sTok737 #sTok738 #sTok739 #sTok740"/>
		<!--Second , sex was dichotomously coded-->
		<mark id="sSpan511" xlink:href="#sTok741 #sTok742 #sTok743 #sTok744 #sTok745 #sTok746"/>
		<!--based on the self-reported sex of the respondent at Wave 4-->
		<mark id="sSpan512" xlink:href="#sTok747 #sTok748 #sTok749 #sTok750 #sTok751 #sTok752 #sTok753 #sTok754 #sTok755 #sTok756 #sTok757"/>
		<!--( 0 = female and 1 = male ) .-->
		<mark id="sSpan513" xlink:href="#sTok758 #sTok759 #sTok760 #sTok761 #sTok762 #sTok763 #sTok764 #sTok765 #sTok766 #sTok767"/>
		<!--Analytical plan .-->
		<mark id="sSpan514" xlink:href="#sTok768 #sTok769 #sTok770"/>
		<!--Our exploratory study included three basic steps .-->
		<mark id="sSpan515" xlink:href="#sTok771 #sTok772 #sTok773 #sTok774 #sTok775 #sTok776 #sTok777 #sTok778"/>
		<!--First , summary statistics of the study variables and racial categories were produced .-->
		<mark id="sSpan516" xlink:href="#sTok779 #sTok780 #sTok781 #sTok782 #sTok783 #sTok784 #sTok785 #sTok786 #sTok787 #sTok788 #sTok789 #sTok790 #sTok791 #sTok792"/>
		<!--Second , we examined the relative proportions of the two discrimination experience measures across each racial category .-->
		<mark id="sSpan517" xlink:href="#sTok793 #sTok794 #sTok795 #sTok796 #sTok797 #sTok798 #sTok799 #sTok800 #sTok801 #sTok802 #sTok803 #sTok804 #sTok805 #sTok806 #sTok807 #sTok808 #sTok809 #sTok810"/>
		<!--Finally , we assessed the distribution of reported reasons for discrimination across the racial categories .-->
		<mark id="sSpan518" xlink:href="#sTok811 #sTok812 #sTok813 #sTok814 #sTok815 #sTok816 #sTok817 #sTok818 #sTok819 #sTok820 #sTok821 #sTok822 #sTok823 #sTok824 #sTok825 #sTok826"/>
		<!--In order to examine potential bivariate associations ,-->
		<mark id="sSpan519" xlink:href="#sTok827 #sTok828 #sTok829 #sTok830 #sTok831 #sTok832 #sTok833 #sTok834"/>
		<!--the adjusted F statistic-->
		<mark id="sSpan520" xlink:href="#sTok835 #sTok836 #sTok837 #sTok838"/>
		<!--( design-based F )-->
		<mark id="sSpan521" xlink:href="#sTok839 #sTok840 #sTok841 #sTok842"/>
		<!--was employed-->
		<mark id="sSpan522" xlink:href="#sTok843 #sTok844"/>
		<!--as it corrects for a complex sample design such as that-->
		<mark id="sSpan523" xlink:href="#sTok845 #sTok846 #sTok847 #sTok848 #sTok849 #sTok850 #sTok851 #sTok852 #sTok853 #sTok854 #sTok855"/>
		<!--used in the Add Health .-->
		<mark id="sSpan524" xlink:href="#sTok856 #sTok857 #sTok858 #sTok859 #sTok860 #sTok861"/>
		<!--[ 21 ]-->
		<mark id="sSpan525" xlink:href="#sTok862 #sTok863 #sTok864"/>
		<!--More specifically ,-->
		<mark id="sSpan526" xlink:href="#sTok865 #sTok866 #sTok867"/>
		<!--when analyzing weighted sample data-->
		<mark id="sSpan527" xlink:href="#sTok868 #sTok869 #sTok870 #sTok871 #sTok872"/>
		<!--employing the svy suite of commands in Stata-->
		<mark id="sSpan528" xlink:href="#sTok873 #sTok874 #sTok875 #sTok876 #sTok877 #sTok878 #sTok879 #sTok880"/>
		<!--the conventional Pearson χ2 statistic test of independence is converted into “ an F statistic with noninteger degrees of freedom-->
		<mark id="sSpan529" xlink:href="#sTok881 #sTok882 #sTok883 #sTok884 #sTok885 #sTok886 #sTok887 #sTok888 #sTok889 #sTok890 #sTok891 #sTok892 #sTok893 #sTok894 #sTok895 #sTok896 #sTok897 #sTok898 #sTok899 #sTok900"/>
		<!--by using a second-order Rao and Scott ( 1981-->
		<mark id="sSpan530" xlink:href="#sTok901 #sTok902 #sTok903 #sTok904 #sTok905 #sTok906 #sTok907 #sTok908 #sTok909"/>
		<!--[ 22 ] ,-->
		<mark id="sSpan531" xlink:href="#sTok910 #sTok911 #sTok912 #sTok913"/>
		<!--1984-->
		<mark id="sSpan532" xlink:href="#sTok914"/>
		<!--[ 23 ] )-->
		<mark id="sSpan533" xlink:href="#sTok915 #sTok916 #sTok917 #sTok918"/>
		<!--correction ” .-->
		<mark id="sSpan534" xlink:href="#sTok919 #sTok920 #sTok921"/>
		<!--[ 24 ]-->
		<mark id="sSpan535" xlink:href="#sTok922 #sTok923 #sTok924"/>
		<!--The p-value-->
		<mark id="sSpan536" xlink:href="#sTok925 #sTok926"/>
		<!--associated with the design-based F-->
		<mark id="sSpan537" xlink:href="#sTok927 #sTok928 #sTok929 #sTok930 #sTok931"/>
		<!--is thus more accurate-->
		<mark id="sSpan538" xlink:href="#sTok932 #sTok933 #sTok934 #sTok935"/>
		<!--( than the associated with the χ2 statistic )-->
		<mark id="sSpan539" xlink:href="#sTok936 #sTok937 #sTok938 #sTok939 #sTok940 #sTok941 #sTok942 #sTok943 #sTok944"/>
		<!--given the adjustments and calculations take into account the weighted nature of the data .-->
		<mark id="sSpan540" xlink:href="#sTok945 #sTok946 #sTok947 #sTok948 #sTok949 #sTok950 #sTok951 #sTok952 #sTok953 #sTok954 #sTok955 #sTok956 #sTok957 #sTok958 #sTok959"/>
		<!--This final step also included an examination of the relative distribution of racial categories across the various reported reasons for discrimination .-->
		<mark id="sSpan541" xlink:href="#sTok960 #sTok961 #sTok962 #sTok963 #sTok964 #sTok965 #sTok966 #sTok967 #sTok968 #sTok969 #sTok970 #sTok971 #sTok972 #sTok973 #sTok974 #sTok975 #sTok976 #sTok977 #sTok978 #sTok979 #sTok980 #sTok981"/>
		<!--As noted earlier , all analyses were weighted-->
		<mark id="sSpan542" xlink:href="#sTok982 #sTok983 #sTok984 #sTok985 #sTok986 #sTok987 #sTok988 #sTok989"/>
		<!--according to the survey weight-->
		<mark id="sSpan543" xlink:href="#sTok990 #sTok991 #sTok992 #sTok993 #sTok994"/>
		<!--provided by the Add Health research staff-->
		<mark id="sSpan544" xlink:href="#sTok995 #sTok996 #sTok997 #sTok998 #sTok999 #sTok1000 #sTok1001"/>
		<!--and standard errors were corrected for the clustering and stratification-->
		<mark id="sSpan545" xlink:href="#sTok1002 #sTok1003 #sTok1004 #sTok1005 #sTok1006 #sTok1007 #sTok1008 #sTok1009 #sTok1010 #sTok1011"/>
		<!--that defined the sampling strategy .-->
		<mark id="sSpan546" xlink:href="#sTok1012 #sTok1013 #sTok1014 #sTok1015 #sTok1016 #sTok1017"/>
		<!--Thus , all estimates-->
		<mark id="sSpan547" xlink:href="#sTok1018 #sTok1019 #sTok1020 #sTok1021"/>
		<!--reported here-->
		<mark id="sSpan548" xlink:href="#sTok1022 #sTok1023"/>
		<!--can be considered nationally representative of the United States .-->
		<mark id="sSpan549" xlink:href="#sTok1024 #sTok1025 #sTok1026 #sTok1027 #sTok1028 #sTok1029 #sTok1030 #sTok1031 #sTok1032 #sTok1033"/></markList></paula>