<?xml version='1.0' encoding='UTF-8'?><!DOCTYPE paula SYSTEM "paula_feat.dtd">
<paula version="1.1">
	<header paula_id="rsd.GUM_academic_discrimination.mark_head_id"/>
	<featList xmlns:xlink="http://www.w3.org/1999/xlink" type="head_id" xml:base="rsd.GUM_academic_discrimination.mark.xml">
		<feat xlink:href="#sSpan296" value="2"/>
		<feat xlink:href="#sSpan297" value="12"/>
		<feat xlink:href="#sSpan298" value="20"/>
		<feat xlink:href="#sSpan299" value="31"/>
		<feat xlink:href="#sSpan300" value="39"/>
		<feat xlink:href="#sSpan301" value="45"/>
		<feat xlink:href="#sSpan302" value="52"/>
		<feat xlink:href="#sSpan303" value="59"/>
		<feat xlink:href="#sSpan304" value="64"/>
		<feat xlink:href="#sSpan305" value="70"/>
		<feat xlink:href="#sSpan306" value="75"/>
		<feat xlink:href="#sSpan307" value="82"/>
		<feat xlink:href="#sSpan308" value="91"/>
		<feat xlink:href="#sSpan309" value="104"/>
		<feat xlink:href="#sSpan310" value="113"/>
		<feat xlink:href="#sSpan311" value="121"/>
		<feat xlink:href="#sSpan312" value="126"/>
		<feat xlink:href="#sSpan313" value="137"/>
		<feat xlink:href="#sSpan314" value="152"/>
		<feat xlink:href="#sSpan315" value="154"/>
		<feat xlink:href="#sSpan316" value="157"/>
		<feat xlink:href="#sSpan317" value="177"/>
		<feat xlink:href="#sSpan318" value="185"/>
		<feat xlink:href="#sSpan319" value="192"/>
		<feat xlink:href="#sSpan320" value="193"/>
		<feat xlink:href="#sSpan321" value="199"/>
		<feat xlink:href="#sSpan322" value="209"/>
		<feat xlink:href="#sSpan323" value="226"/>
		<feat xlink:href="#sSpan324" value="241"/>
		<feat xlink:href="#sSpan325" value="244"/>
		<feat xlink:href="#sSpan326" value="256"/>
		<feat xlink:href="#sSpan327" value="262"/>
		<feat xlink:href="#sSpan328" value="265"/>
		<feat xlink:href="#sSpan329" value="267"/>
		<feat xlink:href="#sSpan330" value="278"/>
		<feat xlink:href="#sSpan331" value="285"/>
		<feat xlink:href="#sSpan332" value="291"/>
		<feat xlink:href="#sSpan333" value="305"/>
		<feat xlink:href="#sSpan334" value="312"/>
		<feat xlink:href="#sSpan335" value="336"/>
		<feat xlink:href="#sSpan336" value="345"/>
		<feat xlink:href="#sSpan337" value="350"/>
		<feat xlink:href="#sSpan338" value="352"/>
		<feat xlink:href="#sSpan339" value="355"/>
		<feat xlink:href="#sSpan340" value="360"/>
		<feat xlink:href="#sSpan341" value="362"/>
		<feat xlink:href="#sSpan342" value="372"/>
		<feat xlink:href="#sSpan343" value="376"/>
		<feat xlink:href="#sSpan344" value="385"/>
		<feat xlink:href="#sSpan345" value="397"/>
		<feat xlink:href="#sSpan346" value="414"/>
		<feat xlink:href="#sSpan347" value="420"/>
		<feat xlink:href="#sSpan348" value="425"/>
		<feat xlink:href="#sSpan349" value="432"/>
		<feat xlink:href="#sSpan350" value="434"/>
		<feat xlink:href="#sSpan351" value="436"/>
		<feat xlink:href="#sSpan352" value="438"/>
		<feat xlink:href="#sSpan353" value="443"/>
		<feat xlink:href="#sSpan354" value="445"/>
		<feat xlink:href="#sSpan355" value="450"/>
		<feat xlink:href="#sSpan356" value="453"/>
		<feat xlink:href="#sSpan357" value="463"/>
		<feat xlink:href="#sSpan358" value="471"/>
		<feat xlink:href="#sSpan359" value="484"/>
		<feat xlink:href="#sSpan360" value="491"/>
		<feat xlink:href="#sSpan361" value="495"/>
		<feat xlink:href="#sSpan362" value="506"/>
		<feat xlink:href="#sSpan363" value="513"/>
		<feat xlink:href="#sSpan364" value="518"/>
		<feat xlink:href="#sSpan365" value="522"/>
		<feat xlink:href="#sSpan366" value="530"/>
		<feat xlink:href="#sSpan367" value="538"/>
		<feat xlink:href="#sSpan368" value="542"/>
		<feat xlink:href="#sSpan369" value="554"/>
		<feat xlink:href="#sSpan370" value="563"/>
		<feat xlink:href="#sSpan371" value="566"/>
		<feat xlink:href="#sSpan372" value="568"/>
		<feat xlink:href="#sSpan373" value="575"/>
		<feat xlink:href="#sSpan374" value="577"/>
		<feat xlink:href="#sSpan375" value="583"/>
		<feat xlink:href="#sSpan376" value="596"/>
		<feat xlink:href="#sSpan377" value="610"/>
		<feat xlink:href="#sSpan378" value="621"/>
		<feat xlink:href="#sSpan379" value="644"/>
		<feat xlink:href="#sSpan380" value="648"/>
		<feat xlink:href="#sSpan381" value="655"/>
		<feat xlink:href="#sSpan382" value="657"/>
		<feat xlink:href="#sSpan383" value="659"/>
		<feat xlink:href="#sSpan384" value="669"/>
		<feat xlink:href="#sSpan385" value="680"/>
		<feat xlink:href="#sSpan386" value="682"/>
		<feat xlink:href="#sSpan387" value="688"/>
		<feat xlink:href="#sSpan388" value="696"/>
		<feat xlink:href="#sSpan389" value="699"/>
		<feat xlink:href="#sSpan390" value="714"/>
		<feat xlink:href="#sSpan391" value="722"/>
		<feat xlink:href="#sSpan392" value="723"/>
		<feat xlink:href="#sSpan393" value="725"/>
		<feat xlink:href="#sSpan394" value="734"/>
		<feat xlink:href="#sSpan395" value="741"/>
		<feat xlink:href="#sSpan396" value="754"/>
		<feat xlink:href="#sSpan397" value="755"/>
		<feat xlink:href="#sSpan398" value="770"/>
		<feat xlink:href="#sSpan399" value="779"/>
		<feat xlink:href="#sSpan400" value="784"/>
		<feat xlink:href="#sSpan401" value="801"/>
		<feat xlink:href="#sSpan402" value="806"/>
		<feat xlink:href="#sSpan403" value="824"/>
		<feat xlink:href="#sSpan404" value="840"/>
		<feat xlink:href="#sSpan405" value="848"/>
		<feat xlink:href="#sSpan406" value="853"/>
		<feat xlink:href="#sSpan407" value="856"/>
		<feat xlink:href="#sSpan408" value="859"/>
		<feat xlink:href="#sSpan409" value="868"/>
		<feat xlink:href="#sSpan410" value="875"/>
		<feat xlink:href="#sSpan411" value="878"/>
		<feat xlink:href="#sSpan412" value="881"/>
		<feat xlink:href="#sSpan413" value="885"/>
		<feat xlink:href="#sSpan414" value="902"/>
		<feat xlink:href="#sSpan415" value="919"/>
		<feat xlink:href="#sSpan416" value="925"/>
		<feat xlink:href="#sSpan417" value="928"/>
		<feat xlink:href="#sSpan418" value="930"/>
		<feat xlink:href="#sSpan419" value="933"/>
		<feat xlink:href="#sSpan420" value="937"/>
		<feat xlink:href="#sSpan421" value="942"/>
		<feat xlink:href="#sSpan422" value="943"/>
		<feat xlink:href="#sSpan423" value="953"/>
		<feat xlink:href="#sSpan424" value="957"/>
		<feat xlink:href="#sSpan425" value="963"/>
		<feat xlink:href="#sSpan426" value="982"/>
		<feat xlink:href="#sSpan427" value="1001"/>
		<feat xlink:href="#sSpan428" value="1007"/>
		<feat xlink:href="#sSpan429" value="1012"/>
		<feat xlink:href="#sSpan430" value="1013"/>
		<feat xlink:href="#sSpan431" value="1024"/>
		<feat xlink:href="#sSpan432" value="1031"/>
		<feat xlink:href="#sSpan433" value="1039"/>
		<feat xlink:href="#sSpan434" value="1040"/>
		<feat xlink:href="#sSpan435" value="1044"/></featList></paula>