<?xml version='1.0' encoding='UTF-8'?><!DOCTYPE paula SYSTEM "paula_feat.dtd">
<paula version="1.1">
	<header paula_id="rsd.GUM_academic_discrimination.mark_rsd_rel"/>
	<featList xmlns:xlink="http://www.w3.org/1999/xlink" type="rsd_rel" xml:base="rsd.GUM_academic_discrimination.mark.xml">
		<feat xlink:href="#sSpan1" value="organization-heading_r"/>
		<feat xlink:href="#sSpan2" value="elaboration-additional_r"/>
		<feat xlink:href="#sSpan3" value="organization-heading_r"/>
		<feat xlink:href="#sSpan4" value="context-background_r"/>
		<feat xlink:href="#sSpan5" value="explanation-evidence_r"/>
		<feat xlink:href="#sSpan6" value="explanation-evidence_r"/>
		<feat xlink:href="#sSpan7" value="explanation-evidence_r"/>
		<feat xlink:href="#sSpan8" value="joint-list_m"/>
		<feat xlink:href="#sSpan9" value="elaboration-attribute_r"/>
		<feat xlink:href="#sSpan10" value="explanation-evidence_r"/>
		<feat xlink:href="#sSpan11" value="joint-list_m"/>
		<feat xlink:href="#sSpan12" value="explanation-evidence_r"/>
		<feat xlink:href="#sSpan13" value="joint-list_m"/>
		<feat xlink:href="#sSpan14" value="elaboration-attribute_r"/>
		<feat xlink:href="#sSpan15" value="explanation-evidence_r"/>
		<feat xlink:href="#sSpan16" value="adversative-concession_r"/>
		<feat xlink:href="#sSpan17" value="elaboration-attribute_r"/>
		<feat xlink:href="#sSpan18" value="explanation-evidence_r"/>
		<feat xlink:href="#sSpan19" value="context-background_r"/>
		<feat xlink:href="#sSpan20" value="purpose-attribute_r"/>
		<feat xlink:href="#sSpan21" value="purpose-attribute_r"/>
		<feat xlink:href="#sSpan22" value="elaboration-additional_r"/>
		<feat xlink:href="#sSpan23" value="elaboration-additional_r"/>
		<feat xlink:href="#sSpan24" value="elaboration-additional_r"/>
		<feat xlink:href="#sSpan25" value="elaboration-attribute_r"/>
		<feat xlink:href="#sSpan26" value="explanation-evidence_r"/>
		<feat xlink:href="#sSpan27" value="context-background_r"/>
		<feat xlink:href="#sSpan28" value="elaboration-attribute_r"/>
		<feat xlink:href="#sSpan29" value="adversative-contrast_m"/>
		<feat xlink:href="#sSpan30" value="explanation-evidence_r"/>
		<feat xlink:href="#sSpan31" value="adversative-concession_r"/>
		<feat xlink:href="#sSpan32" value="explanation-evidence_r"/>
		<feat xlink:href="#sSpan33" value="same-unit_m"/>
		<feat xlink:href="#sSpan34" value="mode-means_r"/>
		<feat xlink:href="#sSpan35" value="attribution-positive_r"/>
		<feat xlink:href="#sSpan36" value="same-unit_m"/>
		<feat xlink:href="#sSpan37" value="explanation-evidence_r"/>
		<feat xlink:href="#sSpan38" value="ROOT"/>
		<feat xlink:href="#sSpan39" value="mode-means_r"/>
		<feat xlink:href="#sSpan40" value="elaboration-additional_r"/>
		<feat xlink:href="#sSpan41" value="organization-heading_r"/>
		<feat xlink:href="#sSpan42" value="organization-preparation_r"/>
		<feat xlink:href="#sSpan43" value="attribution-positive_r"/>
		<feat xlink:href="#sSpan44" value="elaboration-additional_r"/>
		<feat xlink:href="#sSpan45" value="elaboration-additional_r"/>
		<feat xlink:href="#sSpan46" value="elaboration-attribute_r"/>
		<feat xlink:href="#sSpan47" value="elaboration-attribute_r"/>
		<feat xlink:href="#sSpan48" value="same-unit_m"/>
		<feat xlink:href="#sSpan49" value="joint-other_m"/>
		<feat xlink:href="#sSpan50" value="elaboration-additional_r"/>
		<feat xlink:href="#sSpan51" value="elaboration-additional_r"/>
		<feat xlink:href="#sSpan52" value="organization-preparation_r"/>
		<feat xlink:href="#sSpan53" value="elaboration-additional_r"/>
		<feat xlink:href="#sSpan54" value="joint-list_m"/>
		<feat xlink:href="#sSpan55" value="joint-list_m"/>
		<feat xlink:href="#sSpan56" value="joint-list_m"/>
		<feat xlink:href="#sSpan57" value="joint-list_m"/>
		<feat xlink:href="#sSpan58" value="joint-list_m"/>
		<feat xlink:href="#sSpan59" value="joint-list_m"/>
		<feat xlink:href="#sSpan60" value="joint-list_m"/>
		<feat xlink:href="#sSpan61" value="joint-list_m"/>
		<feat xlink:href="#sSpan62" value="elaboration-additional_r"/>
		<feat xlink:href="#sSpan63" value="elaboration-additional_r"/>
		<feat xlink:href="#sSpan64" value="causal-cause_r"/>
		<feat xlink:href="#sSpan65" value="elaboration-attribute_r"/>
		<feat xlink:href="#sSpan66" value="elaboration-additional_r"/>
		<feat xlink:href="#sSpan67" value="elaboration-attribute_r"/>
		<feat xlink:href="#sSpan68" value="elaboration-additional_r"/>
		<feat xlink:href="#sSpan69" value="organization-heading_r"/>
		<feat xlink:href="#sSpan70" value="causal-cause_r"/>
		<feat xlink:href="#sSpan71" value="context-background_r"/>
		<feat xlink:href="#sSpan72" value="elaboration-attribute_r"/>
		<feat xlink:href="#sSpan73" value="context-background_r"/>
		<feat xlink:href="#sSpan74" value="adversative-antithesis_r"/>
		<feat xlink:href="#sSpan75" value="same-unit_m"/>
		<feat xlink:href="#sSpan76" value="explanation-justify_r"/>
		<feat xlink:href="#sSpan77" value="adversative-concession_r"/>
		<feat xlink:href="#sSpan78" value="same-unit_m"/>
		<feat xlink:href="#sSpan79" value="adversative-contrast_m"/>
		<feat xlink:href="#sSpan80" value="organization-preparation_r"/>
		<feat xlink:href="#sSpan81" value="joint-other_m"/>
		<feat xlink:href="#sSpan82" value="elaboration-additional_r"/>
		<feat xlink:href="#sSpan83" value="purpose-attribute_r"/>
		<feat xlink:href="#sSpan84" value="elaboration-additional_r"/>
		<feat xlink:href="#sSpan85" value="adversative-antithesis_r"/>
		<feat xlink:href="#sSpan86" value="same-unit_m"/>
		<feat xlink:href="#sSpan87" value="elaboration-attribute_r"/>
		<feat xlink:href="#sSpan88" value="elaboration-additional_r"/>
		<feat xlink:href="#sSpan89" value="elaboration-attribute_r"/>
		<feat xlink:href="#sSpan90" value="same-unit_m"/>
		<feat xlink:href="#sSpan91" value="organization-heading_r"/>
		<feat xlink:href="#sSpan92" value="purpose-goal_r"/>
		<feat xlink:href="#sSpan93" value="organization-preparation_r"/>
		<feat xlink:href="#sSpan94" value="joint-other_m"/>
		<feat xlink:href="#sSpan95" value="elaboration-attribute_r"/>
		<feat xlink:href="#sSpan96" value="mode-means_r"/>
		<feat xlink:href="#sSpan97" value="elaboration-attribute_r"/>
		<feat xlink:href="#sSpan98" value="same-unit_m"/>
		<feat xlink:href="#sSpan99" value="joint-list_m"/>
		<feat xlink:href="#sSpan100" value="elaboration-additional_r"/>
		<feat xlink:href="#sSpan101" value="elaboration-additional_r"/>
		<feat xlink:href="#sSpan102" value="organization-heading_r"/>
		<feat xlink:href="#sSpan103" value="organization-preparation_r"/>
		<feat xlink:href="#sSpan104" value="joint-other_m"/>
		<feat xlink:href="#sSpan105" value="joint-sequence_m"/>
		<feat xlink:href="#sSpan106" value="joint-sequence_m"/>
		<feat xlink:href="#sSpan107" value="purpose-goal_r"/>
		<feat xlink:href="#sSpan108" value="elaboration-additional_r"/>
		<feat xlink:href="#sSpan109" value="restatement-partial_r"/>
		<feat xlink:href="#sSpan110" value="same-unit_m"/>
		<feat xlink:href="#sSpan111" value="causal-cause_r"/>
		<feat xlink:href="#sSpan112" value="elaboration-attribute_r"/>
		<feat xlink:href="#sSpan113" value="explanation-evidence_r"/>
		<feat xlink:href="#sSpan114" value="elaboration-additional_r"/>
		<feat xlink:href="#sSpan115" value="context-circumstance_r"/>
		<feat xlink:href="#sSpan116" value="mode-means_r"/>
		<feat xlink:href="#sSpan117" value="same-unit_m"/>
		<feat xlink:href="#sSpan118" value="mode-means_r"/>
		<feat xlink:href="#sSpan119" value="explanation-evidence_r"/>
		<feat xlink:href="#sSpan120" value="same-unit_m"/>
		<feat xlink:href="#sSpan121" value="explanation-evidence_r"/>
		<feat xlink:href="#sSpan122" value="same-unit_m"/>
		<feat xlink:href="#sSpan123" value="explanation-evidence_r"/>
		<feat xlink:href="#sSpan124" value="causal-result_r"/>
		<feat xlink:href="#sSpan125" value="elaboration-attribute_r"/>
		<feat xlink:href="#sSpan126" value="same-unit_m"/>
		<feat xlink:href="#sSpan127" value="adversative-antithesis_r"/>
		<feat xlink:href="#sSpan128" value="causal-cause_r"/>
		<feat xlink:href="#sSpan129" value="elaboration-additional_r"/>
		<feat xlink:href="#sSpan130" value="explanation-evidence_r"/>
		<feat xlink:href="#sSpan131" value="mode-manner_r"/>
		<feat xlink:href="#sSpan132" value="elaboration-attribute_r"/>
		<feat xlink:href="#sSpan133" value="joint-list_m"/>
		<feat xlink:href="#sSpan134" value="elaboration-attribute_r"/>
		<feat xlink:href="#sSpan135" value="evaluation-comment_r"/>
		<feat xlink:href="#sSpan136" value="attribution-positive_r"/>
		<feat xlink:href="#sSpan137" value="same-unit_m"/></featList></paula>