<?xml version='1.0' encoding='UTF-8'?><!DOCTYPE paula SYSTEM "paula_feat.dtd">
<paula version="1.1">
	<header paula_id="rsd.GUM_academic_discrimination.mark_head_tok"/>
	<featList xmlns:xlink="http://www.w3.org/1999/xlink" type="head_tok" xml:base="rsd.GUM_academic_discrimination.mark.xml">
		<feat xlink:href="#sSpan421" value="prevalence"/>
		<feat xlink:href="#sSpan422" value="Results"/>
		<feat xlink:href="#sSpan423" value="Introduction"/>
		<feat xlink:href="#sSpan424" value="focus"/>
		<feat xlink:href="#sSpan425" value="1"/>
		<feat xlink:href="#sSpan426" value="explored"/>
		<feat xlink:href="#sSpan427" value="3"/>
		<feat xlink:href="#sSpan428" value="examined"/>
		<feat xlink:href="#sSpan429" value="underpin"/>
		<feat xlink:href="#sSpan430" value="6"/>
		<feat xlink:href="#sSpan431" value="examined"/>
		<feat xlink:href="#sSpan432" value="7"/>
		<feat xlink:href="#sSpan433" value="explored"/>
		<feat xlink:href="#sSpan434" value="emerged"/>
		<feat xlink:href="#sSpan435" value="10"/>
		<feat xlink:href="#sSpan436" value="possess"/>
		<feat xlink:href="#sSpan437" value="concerning"/>
		<feat xlink:href="#sSpan438" value="11"/>
		<feat xlink:href="#sSpan439" value="push"/>
		<feat xlink:href="#sSpan440" value="implement"/>
		<feat xlink:href="#sSpan441" value="aimed"/>
		<feat xlink:href="#sSpan442" value="intended"/>
		<feat xlink:href="#sSpan443" value="increasing"/>
		<feat xlink:href="#sSpan444" value="challenges"/>
		<feat xlink:href="#sSpan445" value="facing"/>
		<feat xlink:href="#sSpan446" value="12"/>
		<feat xlink:href="#sSpan447" value="rooted"/>
		<feat xlink:href="#sSpan448" value="present"/>
		<feat xlink:href="#sSpan449" value="remains"/>
		<feat xlink:href="#sSpan450" value="see"/>
		<feat xlink:href="#sSpan451" value="study"/>
		<feat xlink:href="#sSpan452" value="15"/>
		<feat xlink:href="#sSpan453" value="however"/>
		<feat xlink:href="#sSpan454" value="using"/>
		<feat xlink:href="#sSpan455" value="reported"/>
		<feat xlink:href="#sSpan456" value="reported"/>
		<feat xlink:href="#sSpan457" value="see"/>
		<feat xlink:href="#sSpan458" value="seeks"/>
		<feat xlink:href="#sSpan459" value="estimating"/>
		<feat xlink:href="#sSpan460" value="address"/>
		<feat xlink:href="#sSpan461" value="Reason"/>
		<feat xlink:href="#sSpan462" value="respondents"/>
		<feat xlink:href="#sSpan463" value="indicated"/>
		<feat xlink:href="#sSpan464" value="discriminated"/>
		<feat xlink:href="#sSpan465" value="those"/>
		<feat xlink:href="#sSpan466" value="responded"/>
		<feat xlink:href="#sSpan467" value="described"/>
		<feat xlink:href="#sSpan468" value="asked"/>
		<feat xlink:href="#sSpan469" value="think"/>
		<feat xlink:href="#sSpan470" value="allowed"/>
		<feat xlink:href="#sSpan471" value="recoded"/>
		<feat xlink:href="#sSpan472" value="capturing"/>
		<feat xlink:href="#sSpan473" value="other"/>
		<feat xlink:href="#sSpan474" value="collapsed"/>
		<feat xlink:href="#sSpan475" value="race"/>
		<feat xlink:href="#sSpan476" value="asked"/>
		<feat xlink:href="#sSpan477" value="reported"/>
		<feat xlink:href="#sSpan478" value="resulted"/>
		<feat xlink:href="#sSpan479" value="scored"/>
		<feat xlink:href="#sSpan480" value="skip"/>
		<feat xlink:href="#sSpan481" value="race"/>
		<feat xlink:href="#sSpan482" value="available"/>
		<feat xlink:href="#sSpan483" value="use"/>
		<feat xlink:href="#sSpan484" value="reported"/>
		<feat xlink:href="#sSpan485" value="race"/>
		<feat xlink:href="#sSpan486" value="race"/>
		<feat xlink:href="#sSpan487" value="used"/>
		<feat xlink:href="#sSpan488" value="that"/>
		<feat xlink:href="#sSpan489" value="nearly"/>
		<feat xlink:href="#sSpan490" value="appeared"/>
		<feat xlink:href="#sSpan491" value="interviewed"/>
		<feat xlink:href="#sSpan492" value="asked"/>
		<feat xlink:href="#sSpan493" value="White"/>
		<feat xlink:href="#sSpan494" value="provided"/>
		<feat xlink:href="#sSpan495" value="select"/>
		<feat xlink:href="#sSpan496" value="those"/>
		<feat xlink:href="#sSpan497" value="did"/>
		<feat xlink:href="#sSpan498" value="asked"/>
		<feat xlink:href="#sSpan499" value="described"/>
		<feat xlink:href="#sSpan500" value="respondents"/>
		<feat xlink:href="#sSpan501" value="indicated"/>
		<feat xlink:href="#sSpan502" value="coded"/>
		<feat xlink:href="#sSpan503" value="variables"/>
		<feat xlink:href="#sSpan504" value="provide"/>
		<feat xlink:href="#sSpan505" value="included"/>
		<feat xlink:href="#sSpan506" value="measure"/>
		<feat xlink:href="#sSpan507" value="created"/>
		<feat xlink:href="#sSpan508" value="subtracting"/>
		<feat xlink:href="#sSpan509" value="obtained"/>
		<feat xlink:href="#sSpan510" value="year"/>
		<feat xlink:href="#sSpan511" value="coded"/>
		<feat xlink:href="#sSpan512" value="based"/>
		<feat xlink:href="#sSpan513" value="&amp;eq;"/>
		<feat xlink:href="#sSpan514" value="plan"/>
		<feat xlink:href="#sSpan515" value="included"/>
		<feat xlink:href="#sSpan516" value="produced"/>
		<feat xlink:href="#sSpan517" value="examined"/>
		<feat xlink:href="#sSpan518" value="assessed"/>
		<feat xlink:href="#sSpan519" value="examine"/>
		<feat xlink:href="#sSpan520" value="statistic"/>
		<feat xlink:href="#sSpan521" value="F"/>
		<feat xlink:href="#sSpan522" value="employed"/>
		<feat xlink:href="#sSpan523" value="corrects"/>
		<feat xlink:href="#sSpan524" value="used"/>
		<feat xlink:href="#sSpan525" value="21"/>
		<feat xlink:href="#sSpan526" value="specifically"/>
		<feat xlink:href="#sSpan527" value="analyzing"/>
		<feat xlink:href="#sSpan528" value="employing"/>
		<feat xlink:href="#sSpan529" value="converted"/>
		<feat xlink:href="#sSpan530" value="Rao"/>
		<feat xlink:href="#sSpan531" value="22"/>
		<feat xlink:href="#sSpan532" value="1984"/>
		<feat xlink:href="#sSpan533" value="23"/>
		<feat xlink:href="#sSpan534" value="correction"/>
		<feat xlink:href="#sSpan535" value="24"/>
		<feat xlink:href="#sSpan536" value="p-value"/>
		<feat xlink:href="#sSpan537" value="associated"/>
		<feat xlink:href="#sSpan538" value="accurate"/>
		<feat xlink:href="#sSpan539" value="associated"/>
		<feat xlink:href="#sSpan540" value="given"/>
		<feat xlink:href="#sSpan541" value="included"/>
		<feat xlink:href="#sSpan542" value="weighted"/>
		<feat xlink:href="#sSpan543" value="weight"/>
		<feat xlink:href="#sSpan544" value="provided"/>
		<feat xlink:href="#sSpan545" value="corrected"/>
		<feat xlink:href="#sSpan546" value="defined"/>
		<feat xlink:href="#sSpan547" value="estimates"/>
		<feat xlink:href="#sSpan548" value="reported"/>
		<feat xlink:href="#sSpan549" value="considered"/></featList></paula>