<?xml version='1.0' encoding='UTF-8'?><!DOCTYPE paula SYSTEM "paula_feat.dtd">
<paula version="1.1">
	<header paula_id="rst.GUM_academic_discrimination.struct_type"/>
	<featList xmlns:xlink="http://www.w3.org/1999/xlink" type="type" xml:base="rst.GUM_academic_discrimination.struct.xml">
		<feat xlink:href="#structure3" value="span"/>
		<feat xlink:href="#structure9" value="span"/>
		<feat xlink:href="#structure13" value="span"/>
		<feat xlink:href="#structure14" value="span"/>
		<feat xlink:href="#structure17" value="span"/>
		<feat xlink:href="#structure21" value="span"/>
		<feat xlink:href="#structure22" value="span"/>
		<feat xlink:href="#structure23" value="multinuc"/>
		<feat xlink:href="#structure24" value="span"/>
		<feat xlink:href="#structure25" value="span"/>
		<feat xlink:href="#structure29" value="span"/>
		<feat xlink:href="#structure30" value="span"/>
		<feat xlink:href="#structure31" value="span"/>
		<feat xlink:href="#structure34" value="span"/>
		<feat xlink:href="#structure38" value="span"/>
		<feat xlink:href="#structure40" value="span"/>
		<feat xlink:href="#structure43" value="span"/>
		<feat xlink:href="#structure44" value="span"/>
		<feat xlink:href="#structure45" value="span"/>
		<feat xlink:href="#structure48" value="span"/>
		<feat xlink:href="#structure49" value="span"/>
		<feat xlink:href="#structure50" value="span"/>
		<feat xlink:href="#structure51" value="span"/>
		<feat xlink:href="#structure59" value="span"/>
		<feat xlink:href="#structure60" value="multinuc"/>
		<feat xlink:href="#structure61" value="span"/>
		<feat xlink:href="#structure64" value="span"/>
		<feat xlink:href="#structure65" value="multinuc"/>
		<feat xlink:href="#structure66" value="span"/>
		<feat xlink:href="#structure67" value="span"/>
		<feat xlink:href="#structure68" value="span"/>
		<feat xlink:href="#structure69" value="multinuc"/>
		<feat xlink:href="#structure73" value="span"/>
		<feat xlink:href="#structure74" value="span"/>
		<feat xlink:href="#structure75" value="span"/>
		<feat xlink:href="#structure76" value="span"/>
		<feat xlink:href="#structure82" value="span"/>
		<feat xlink:href="#structure84" value="span"/>
		<feat xlink:href="#structure86" value="span"/>
		<feat xlink:href="#structure87" value="span"/>
		<feat xlink:href="#structure89" value="span"/>
		<feat xlink:href="#structure90" value="multinuc"/>
		<feat xlink:href="#structure102" value="multinuc"/>
		<feat xlink:href="#structure103" value="span"/>
		<feat xlink:href="#structure105" value="span"/>
		<feat xlink:href="#structure107" value="span"/>
		<feat xlink:href="#structure108" value="span"/>
		<feat xlink:href="#structure111" value="span"/>
		<feat xlink:href="#structure112" value="span"/>
		<feat xlink:href="#structure116" value="span"/>
		<feat xlink:href="#structure120" value="span"/>
		<feat xlink:href="#structure121" value="span"/>
		<feat xlink:href="#structure122" value="span"/>
		<feat xlink:href="#structure123" value="multinuc"/>
		<feat xlink:href="#structure124" value="span"/>
		<feat xlink:href="#structure125" value="span"/>
		<feat xlink:href="#structure126" value="span"/>
		<feat xlink:href="#structure131" value="span"/>
		<feat xlink:href="#structure132" value="span"/>
		<feat xlink:href="#structure137" value="span"/>
		<feat xlink:href="#structure138" value="multinuc"/>
		<feat xlink:href="#structure143" value="span"/>
		<feat xlink:href="#structure144" value="multinuc"/>
		<feat xlink:href="#structure145" value="multinuc"/>
		<feat xlink:href="#structure146" value="span"/>
		<feat xlink:href="#structure147" value="span"/>
		<feat xlink:href="#structure148" value="span"/>
		<feat xlink:href="#structure155" value="span"/>
		<feat xlink:href="#structure158" value="span"/>
		<feat xlink:href="#structure162" value="span"/>
		<feat xlink:href="#structure163" value="multinuc"/>
		<feat xlink:href="#structure164" value="multinuc"/>
		<feat xlink:href="#structure165" value="span"/>
		<feat xlink:href="#structure166" value="span"/>
		<feat xlink:href="#structure167" value="span"/>
		<feat xlink:href="#structure168" value="span"/>
		<feat xlink:href="#structure169" value="span"/>
		<feat xlink:href="#structure170" value="span"/>
		<feat xlink:href="#structure171" value="span"/>
		<feat xlink:href="#structure175" value="span"/>
		<feat xlink:href="#structure179" value="span"/>
		<feat xlink:href="#structure180" value="multinuc"/>
		<feat xlink:href="#structure182" value="span"/>
		<feat xlink:href="#structure184" value="span"/>
		<feat xlink:href="#structure188" value="span"/>
		<feat xlink:href="#structure189" value="span"/>
		<feat xlink:href="#structure190" value="multinuc"/>
		<feat xlink:href="#structure191" value="span"/>
		<feat xlink:href="#structure192" value="span"/>
		<feat xlink:href="#structure198" value="multinuc"/>
		<feat xlink:href="#structure203" value="span"/>
		<feat xlink:href="#structure206" value="span"/>
		<feat xlink:href="#structure208" value="span"/>
		<feat xlink:href="#structure209" value="multinuc"/>
		<feat xlink:href="#structure210" value="span"/>
		<feat xlink:href="#structure216" value="span"/>
		<feat xlink:href="#structure219" value="span"/>
		<feat xlink:href="#structure220" value="multinuc"/>
		<feat xlink:href="#structure224" value="span"/>
		<feat xlink:href="#structure225" value="span"/>
		<feat xlink:href="#structure226" value="span"/>
		<feat xlink:href="#structure227" value="multinuc"/>
		<feat xlink:href="#structure233" value="span"/>
		<feat xlink:href="#structure234" value="multinuc"/>
		<feat xlink:href="#structure235" value="span"/>
		<feat xlink:href="#structure236" value="span"/>
		<feat xlink:href="#structure237" value="span"/>
		<feat xlink:href="#structure238" value="span"/>
		<feat xlink:href="#structure239" value="span"/>
		<feat xlink:href="#structure244" value="span"/>
		<feat xlink:href="#structure246" value="span"/>
		<feat xlink:href="#structure247" value="span"/>
		<feat xlink:href="#structure250" value="span"/>
		<feat xlink:href="#structure251" value="multinuc"/>
		<feat xlink:href="#structure254" value="span"/>
		<feat xlink:href="#structure255" value="multinuc"/>
		<feat xlink:href="#structure256" value="span"/>
		<feat xlink:href="#structure258" value="span"/>
		<feat xlink:href="#structure259" value="span"/>
		<feat xlink:href="#structure260" value="span"/>
		<feat xlink:href="#structure261" value="span"/>
		<feat xlink:href="#structure262" value="span"/>
		<feat xlink:href="#structure263" value="span"/>
		<feat xlink:href="#structure264" value="multinuc"/>
		<feat xlink:href="#structure265" value="span"/></featList></paula>