<?xml version='1.0' encoding='UTF-8'?><!DOCTYPE paula SYSTEM "paula_feat.dtd">
<paula version="1.1">
	<header paula_id="rst.GUM_academic_discrimination.struct_signaled_relation"/>
	<featList xmlns:xlink="http://www.w3.org/1999/xlink" type="signaled_relation" xml:base="rst.GUM_academic_discrimination.struct.xml">
		<feat xlink:href="#structure1105" value="elaboration-additional"/>
		<feat xlink:href="#structure1106" value="elaboration-additional"/>
		<feat xlink:href="#structure1107" value="elaboration-additional"/>
		<feat xlink:href="#structure1108" value="elaboration-additional"/>
		<feat xlink:href="#structure1109" value="causal-cause"/>
		<feat xlink:href="#structure1110" value="elaboration-attribute"/>
		<feat xlink:href="#structure1111" value="elaboration-attribute"/>
		<feat xlink:href="#structure1112" value="mode-means"/>
		<feat xlink:href="#structure1113" value="explanation-evidence"/>
		<feat xlink:href="#structure1114" value="mode-manner"/>
		<feat xlink:href="#structure1115" value="mode-manner"/>
		<feat xlink:href="#structure1116" value="joint-list"/>
		<feat xlink:href="#structure1117" value="joint-list"/>
		<feat xlink:href="#structure1118" value="explanation-evidence"/>
		<feat xlink:href="#structure1119" value="organization-preparation"/>
		<feat xlink:href="#structure1120" value="organization-preparation"/>
		<feat xlink:href="#structure1121" value="context-circumstance"/>
		<feat xlink:href="#structure1122" value="context-circumstance"/>
		<feat xlink:href="#structure1123" value="elaboration-attribute"/>
		<feat xlink:href="#structure1124" value="elaboration-attribute"/>
		<feat xlink:href="#structure1125" value="explanation-evidence"/>
		<feat xlink:href="#structure1126" value="elaboration-attribute"/>
		<feat xlink:href="#structure1127" value="elaboration-attribute"/>
		<feat xlink:href="#structure1128" value="adversative-antithesis"/>
		<feat xlink:href="#structure1129" value="elaboration-additional"/>
		<feat xlink:href="#structure1130" value="elaboration-attribute"/>
		<feat xlink:href="#structure1131" value="elaboration-attribute"/>
		<feat xlink:href="#structure1132" value="explanation-evidence"/>
		<feat xlink:href="#structure1133" value="elaboration-attribute"/>
		<feat xlink:href="#structure1134" value="elaboration-attribute"/>
		<feat xlink:href="#structure1135" value="mode-means"/>
		<feat xlink:href="#structure1136" value="mode-means"/>
		<feat xlink:href="#structure1137" value="joint-list"/>
		<feat xlink:href="#structure1138" value="joint-list"/>
		<feat xlink:href="#structure1139" value="purpose-goal"/>
		<feat xlink:href="#structure1140" value="organization-preparation"/>
		<feat xlink:href="#structure1141" value="organization-preparation"/>
		<feat xlink:href="#structure1142" value="explanation-evidence"/>
		<feat xlink:href="#structure1143" value="mode-means"/>
		<feat xlink:href="#structure1144" value="joint-list"/>
		<feat xlink:href="#structure1145" value="attribution-positive"/>
		<feat xlink:href="#structure1146" value="attribution-positive"/>
		<feat xlink:href="#structure1147" value="elaboration-additional"/>
		<feat xlink:href="#structure1148" value="elaboration-attribute"/>
		<feat xlink:href="#structure1149" value="elaboration-attribute"/>
		<feat xlink:href="#structure1150" value="elaboration-attribute"/>
		<feat xlink:href="#structure1151" value="elaboration-attribute"/>
		<feat xlink:href="#structure1152" value="explanation-evidence"/>
		<feat xlink:href="#structure1153" value="causal-cause"/>
		<feat xlink:href="#structure1154" value="elaboration-additional"/>
		<feat xlink:href="#structure1155" value="causal-result"/>
		<feat xlink:href="#structure1156" value="purpose-attribute"/>
		<feat xlink:href="#structure1157" value="purpose-attribute"/>
		<feat xlink:href="#structure1158" value="joint-list"/>
		<feat xlink:href="#structure1159" value="elaboration-attribute"/>
		<feat xlink:href="#structure1160" value="elaboration-attribute"/>
		<feat xlink:href="#structure1161" value="elaboration-attribute"/>
		<feat xlink:href="#structure1162" value="elaboration-attribute"/>
		<feat xlink:href="#structure1163" value="explanation-evidence"/>
		<feat xlink:href="#structure1164" value="purpose-goal"/>
		<feat xlink:href="#structure1165" value="purpose-goal"/>
		<feat xlink:href="#structure1166" value="elaboration-attribute"/>
		<feat xlink:href="#structure1167" value="elaboration-attribute"/>
		<feat xlink:href="#structure1168" value="causal-cause"/>
		<feat xlink:href="#structure1169" value="context-background"/>
		<feat xlink:href="#structure1170" value="joint-list"/>
		<feat xlink:href="#structure1171" value="attribution-positive"/>
		<feat xlink:href="#structure1172" value="attribution-positive"/>
		<feat xlink:href="#structure1173" value="attribution-positive"/>
		<feat xlink:href="#structure1174" value="organization-preparation"/>
		<feat xlink:href="#structure1175" value="organization-preparation"/>
		<feat xlink:href="#structure1176" value="organization-preparation"/>
		<feat xlink:href="#structure1177" value="organization-preparation"/>
		<feat xlink:href="#structure1178" value="organization-preparation"/>
		<feat xlink:href="#structure1179" value="context-background"/>
		<feat xlink:href="#structure1180" value="context-background"/>
		<feat xlink:href="#structure1181" value="mode-manner"/>
		<feat xlink:href="#structure1182" value="joint-list"/>
		<feat xlink:href="#structure1183" value="organization-heading"/>
		<feat xlink:href="#structure1184" value="organization-heading"/>
		<feat xlink:href="#structure1185" value="explanation-evidence"/>
		<feat xlink:href="#structure1186" value="purpose-attribute"/>
		<feat xlink:href="#structure1187" value="purpose-attribute"/>
		<feat xlink:href="#structure1188" value="mode-means"/>
		<feat xlink:href="#structure1189" value="mode-means"/>
		<feat xlink:href="#structure1190" value="elaboration-additional"/>
		<feat xlink:href="#structure1191" value="elaboration-additional"/>
		<feat xlink:href="#structure1192" value="elaboration-attribute"/>
		<feat xlink:href="#structure1193" value="elaboration-attribute"/>
		<feat xlink:href="#structure1194" value="elaboration-attribute"/>
		<feat xlink:href="#structure1195" value="explanation-evidence"/>
		<feat xlink:href="#structure1196" value="mode-means"/>
		<feat xlink:href="#structure1197" value="mode-means"/>
		<feat xlink:href="#structure1198" value="joint-list"/>
		<feat xlink:href="#structure1199" value="joint-list"/>
		<feat xlink:href="#structure1200" value="elaboration-attribute"/>
		<feat xlink:href="#structure1201" value="elaboration-attribute"/>
		<feat xlink:href="#structure1202" value="adversative-contrast"/>
		<feat xlink:href="#structure1203" value="explanation-evidence"/>
		<feat xlink:href="#structure1204" value="elaboration-attribute"/>
		<feat xlink:href="#structure1205" value="elaboration-attribute"/>
		<feat xlink:href="#structure1206" value="joint-list"/>
		<feat xlink:href="#structure1207" value="joint-list"/>
		<feat xlink:href="#structure1208" value="elaboration-attribute"/>
		<feat xlink:href="#structure1209" value="elaboration-attribute"/>
		<feat xlink:href="#structure1210" value="explanation-evidence"/>
		<feat xlink:href="#structure1211" value="explanation-evidence"/>
		<feat xlink:href="#structure1212" value="elaboration-attribute"/>
		<feat xlink:href="#structure1213" value="joint-sequence"/>
		<feat xlink:href="#structure1214" value="explanation-evidence"/>
		<feat xlink:href="#structure1215" value="elaboration-additional"/>
		<feat xlink:href="#structure1216" value="elaboration-additional"/>
		<feat xlink:href="#structure1217" value="elaboration-additional"/>
		<feat xlink:href="#structure1218" value="elaboration-additional"/>
		<feat xlink:href="#structure1219" value="elaboration-additional"/>
		<feat xlink:href="#structure1220" value="elaboration-additional"/>
		<feat xlink:href="#structure1221" value="joint-list"/>
		<feat xlink:href="#structure1222" value="joint-list"/>
		<feat xlink:href="#structure1223" value="joint-list"/>
		<feat xlink:href="#structure1224" value="joint-list"/>
		<feat xlink:href="#structure1225" value="context-background"/>
		<feat xlink:href="#structure1226" value="purpose-goal"/>
		<feat xlink:href="#structure1227" value="adversative-contrast"/>
		<feat xlink:href="#structure1228" value="context-background"/>
		<feat xlink:href="#structure1229" value="purpose-attribute"/>
		<feat xlink:href="#structure1230" value="purpose-attribute"/>
		<feat xlink:href="#structure1231" value="purpose-attribute"/>
		<feat xlink:href="#structure1232" value="elaboration-attribute"/>
		<feat xlink:href="#structure1233" value="elaboration-attribute"/>
		<feat xlink:href="#structure1234" value="elaboration-attribute"/>
		<feat xlink:href="#structure1235" value="elaboration-attribute"/>
		<feat xlink:href="#structure1236" value="mode-means"/>
		<feat xlink:href="#structure1237" value="mode-means"/>
		<feat xlink:href="#structure1238" value="elaboration-additional"/>
		<feat xlink:href="#structure1239" value="elaboration-additional"/>
		<feat xlink:href="#structure1240" value="elaboration-additional"/>
		<feat xlink:href="#structure1241" value="elaboration-attribute"/>
		<feat xlink:href="#structure1242" value="elaboration-attribute"/>
		<feat xlink:href="#structure1243" value="causal-cause"/>
		<feat xlink:href="#structure1244" value="elaboration-attribute"/>
		<feat xlink:href="#structure1245" value="elaboration-attribute"/>
		<feat xlink:href="#structure1246" value="joint-list"/>
		<feat xlink:href="#structure1247" value="explanation-evidence"/>
		<feat xlink:href="#structure1248" value="explanation-evidence"/>
		<feat xlink:href="#structure1249" value="causal-result"/>
		<feat xlink:href="#structure1250" value="elaboration-additional"/>
		<feat xlink:href="#structure1251" value="joint-list"/>
		<feat xlink:href="#structure1252" value="joint-list"/>
		<feat xlink:href="#structure1253" value="joint-list"/>
		<feat xlink:href="#structure1254" value="organization-heading"/>
		<feat xlink:href="#structure1255" value="explanation-evidence"/>
		<feat xlink:href="#structure1256" value="elaboration-attribute"/>
		<feat xlink:href="#structure1257" value="elaboration-attribute"/>
		<feat xlink:href="#structure1258" value="restatement-partial"/>
		<feat xlink:href="#structure1259" value="restatement-partial"/>
		<feat xlink:href="#structure1260" value="restatement-partial"/>
		<feat xlink:href="#structure1261" value="adversative-antithesis"/>
		<feat xlink:href="#structure1262" value="elaboration-additional"/>
		<feat xlink:href="#structure1263" value="elaboration-additional"/>
		<feat xlink:href="#structure1264" value="adversative-concession"/>
		<feat xlink:href="#structure1265" value="adversative-concession"/>
		<feat xlink:href="#structure1266" value="elaboration-additional"/>
		<feat xlink:href="#structure1267" value="organization-preparation"/>
		<feat xlink:href="#structure1268" value="joint-list"/>
		<feat xlink:href="#structure1269" value="joint-list"/>
		<feat xlink:href="#structure1270" value="elaboration-attribute"/>
		<feat xlink:href="#structure1271" value="elaboration-attribute"/>
		<feat xlink:href="#structure1272" value="organization-heading"/>
		<feat xlink:href="#structure1273" value="organization-heading"/>
		<feat xlink:href="#structure1274" value="elaboration-attribute"/>
		<feat xlink:href="#structure1275" value="elaboration-attribute"/>
		<feat xlink:href="#structure1276" value="organization-heading"/>
		<feat xlink:href="#structure1277" value="organization-heading"/>
		<feat xlink:href="#structure1278" value="organization-heading"/>
		<feat xlink:href="#structure1279" value="organization-preparation"/>
		<feat xlink:href="#structure1280" value="organization-preparation"/>
		<feat xlink:href="#structure1281" value="organization-heading"/>
		<feat xlink:href="#structure1282" value="organization-heading"/>
		<feat xlink:href="#structure1283" value="organization-heading"/>
		<feat xlink:href="#structure1284" value="joint-list"/>
		<feat xlink:href="#structure1285" value="elaboration-additional"/>
		<feat xlink:href="#structure1286" value="elaboration-additional"/>
		<feat xlink:href="#structure1287" value="elaboration-additional"/>
		<feat xlink:href="#structure1288" value="elaboration-additional"/></featList></paula>