<?xml version='1.0' encoding='UTF-8'?><!DOCTYPE paula SYSTEM "paula_feat.dtd">
<paula version="1.1">
	<header paula_id="tei.GUM_academic_discrimination.mark_ref_target"/>
	<featList xmlns:xlink="http://www.w3.org/1999/xlink" type="ref_target" xml:base="tei.GUM_academic_discrimination.mark.xml">
		<feat xlink:href="#sSpan442" value="http://journals.sagepub.com/doi/10.1177/0963721415605257"/>
		<feat xlink:href="#sSpan446" value="http://psycnet.apa.org/doiLanding?doi=10.1037/a0016059"/>
		<feat xlink:href="#sSpan448" value="http://www.sciencedirect.com/science/article/pii/S0022103108000401?via%3Dihub"/>
		<feat xlink:href="#sSpan450" value="http://journals.sagepub.com/doi/10.1177/1745691614527464"/>
		<feat xlink:href="#sSpan451" value="http://www.sciencedirect.com/science/article/pii/S0149763413001498?via%3Dihub"/>
		<feat xlink:href="#sSpan453" value="http://psycnet.apa.org/doiLanding?doi=10.1037%2F0033-2909.127.2.187"/>
		<feat xlink:href="#sSpan455" value="https://academic.oup.com/ije/article-lookup/doi/10.1093/ije/dyl056"/>
		<feat xlink:href="#sSpan459" value="http://amle.aom.org/content/11/2/207"/>
		<feat xlink:href="#sSpan463" value="http://www.sciencedirect.com/science/article/pii/S0277953605000973?via%3Dihub"/>
		<feat xlink:href="#sSpan466" value="http://www.jstor.org/stable/2676349?origin=crossref&amp;seq=1#page_scan_tab_contents"/>
		<feat xlink:href="#sSpan467" value="http://psycnet.apa.org/doiLanding?doi=10.1037%2F0022-3514.86.4.517"/>
		<feat xlink:href="#sSpan538" value="http://amle.aom.org/content/11/2/207"/>
		<feat xlink:href="#sSpan545" value="http://www.tandfonline.com/doi/abs/10.1080/01621459.1981.10477633"/>
		<feat xlink:href="#sSpan547" value="https://projecteuclid.org/euclid.aos/1176346391"/>
		<feat xlink:href="#sSpan548" value="https://www.stata.com/bookstore/base-reference-manual/"/></featList></paula>