<?xml version='1.0' encoding='UTF-8'?><!DOCTYPE paula SYSTEM "paula_feat.dtd">
<paula version="1.1">
	<header paula_id="tei.GUM_academic_discrimination.mark_item"/>
	<featList xmlns:xlink="http://www.w3.org/1999/xlink" type="item" xml:base="tei.GUM_academic_discrimination.mark.xml">
		<feat xlink:href="#sSpan52" value="item"/>
		<feat xlink:href="#sSpan55" value="item"/>
		<feat xlink:href="#sSpan57" value="item"/>
		<feat xlink:href="#sSpan59" value="item"/>
		<feat xlink:href="#sSpan61" value="item"/>
		<feat xlink:href="#sSpan63" value="item"/>
		<feat xlink:href="#sSpan65" value="item"/>
		<feat xlink:href="#sSpan67" value="item"/>
		<feat xlink:href="#sSpan69" value="item"/></featList></paula>