<?xml version='1.0' encoding='UTF-8'?><!DOCTYPE paula SYSTEM "paula_feat.dtd">
<paula version="1.1">
	<header paula_id="tei.GUM_academic_discrimination.mark_head"/>
	<featList xmlns:xlink="http://www.w3.org/1999/xlink" type="head" xml:base="tei.GUM_academic_discrimination.mark.xml">
		<feat xlink:href="#sSpan438" value="head"/>
		<feat xlink:href="#sSpan442" value="head"/>
		<feat xlink:href="#sSpan478" value="head"/>
		<feat xlink:href="#sSpan514" value="head"/>
		<feat xlink:href="#sSpan526" value="head"/>
		<feat xlink:href="#sSpan535" value="head"/></featList></paula>