<?xml version='1.0' encoding='UTF-8'?><!DOCTYPE paula SYSTEM "paula_feat.dtd">
<paula version="1.1">
	<header paula_id="tei.GUM_academic_discrimination.mark_s_type"/>
	<featList xmlns:xlink="http://www.w3.org/1999/xlink" type="s_type" xml:base="tei.GUM_academic_discrimination.mark.xml">
		<feat xlink:href="#sSpan433" value="frag"/>
		<feat xlink:href="#sSpan436" value="frag"/>
		<feat xlink:href="#sSpan438" value="frag"/>
		<feat xlink:href="#sSpan440" value="decl"/>
		<feat xlink:href="#sSpan444" value="decl"/>
		<feat xlink:href="#sSpan447" value="decl"/>
		<feat xlink:href="#sSpan449" value="decl"/>
		<feat xlink:href="#sSpan452" value="decl"/>
		<feat xlink:href="#sSpan454" value="decl"/>
		<feat xlink:href="#sSpan456" value="decl"/>
		<feat xlink:href="#sSpan458" value="decl"/>
		<feat xlink:href="#sSpan460" value="decl"/>
		<feat xlink:href="#sSpan461" value="decl"/>
		<feat xlink:href="#sSpan465" value="decl"/>
		<feat xlink:href="#sSpan468" value="decl"/>
		<feat xlink:href="#sSpan469" value="decl"/>
		<feat xlink:href="#sSpan472" value="frag"/>
		<feat xlink:href="#sSpan474" value="decl"/>
		<feat xlink:href="#sSpan478" value="wh"/>
		<feat xlink:href="#sSpan480" value="decl"/>
		<feat xlink:href="#sSpan482" value="decl"/>
		<feat xlink:href="#sSpan483" value="frag"/>
		<feat xlink:href="#sSpan486" value="frag"/>
		<feat xlink:href="#sSpan488" value="frag"/>
		<feat xlink:href="#sSpan490" value="frag"/>
		<feat xlink:href="#sSpan492" value="frag"/>
		<feat xlink:href="#sSpan494" value="frag"/>
		<feat xlink:href="#sSpan496" value="frag"/>
		<feat xlink:href="#sSpan498" value="frag"/>
		<feat xlink:href="#sSpan500" value="frag"/>
		<feat xlink:href="#sSpan502" value="decl"/>
		<feat xlink:href="#sSpan504" value="decl"/>
		<feat xlink:href="#sSpan507" value="frag"/>
		<feat xlink:href="#sSpan509" value="decl"/>
		<feat xlink:href="#sSpan511" value="decl"/>
		<feat xlink:href="#sSpan512" value="decl"/>
		<feat xlink:href="#sSpan513" value="decl"/>
		<feat xlink:href="#sSpan514" value="decl"/>
		<feat xlink:href="#sSpan515" value="decl"/>
		<feat xlink:href="#sSpan518" value="frag"/>
		<feat xlink:href="#sSpan520" value="decl"/>
		<feat xlink:href="#sSpan522" value="decl"/>
		<feat xlink:href="#sSpan523" value="decl"/>
		<feat xlink:href="#sSpan526" value="frag"/>
		<feat xlink:href="#sSpan528" value="decl"/>
		<feat xlink:href="#sSpan530" value="decl"/>
		<feat xlink:href="#sSpan531" value="decl"/>
		<feat xlink:href="#sSpan533" value="decl"/>
		<feat xlink:href="#sSpan535" value="decl"/>
		<feat xlink:href="#sSpan539" value="decl"/>
		<feat xlink:href="#sSpan549" value="decl"/>
		<feat xlink:href="#sSpan553" value="decl"/>
		<feat xlink:href="#sSpan555" value="decl"/>
		<feat xlink:href="#sSpan556" value="decl"/></featList></paula>