<?xml version='1.0' encoding='UTF-8'?><!DOCTYPE paula SYSTEM "paula_rel.dtd">
<paula version="1.1">
	<header paula_id="bridge.GENTLE_dictionary_school.bridge"/>
	<relList xmlns:xlink="http://www.w3.org/1999/xlink" type="bridge">
		<rel id="sPointingRel1295_9710" xlink:href="ref.GENTLE_dictionary_school.mark.xml#sSpan375" target="ref.GENTLE_dictionary_school.mark.xml#sSpan370"/>
		<rel id="sPointingRel1297_9711" xlink:href="ref.GENTLE_dictionary_school.mark.xml#sSpan336" target="ref.GENTLE_dictionary_school.mark.xml#sSpan335"/>
		<rel id="sPointingRel1299_9712" xlink:href="ref.GENTLE_dictionary_school.mark.xml#sSpan224" target="ref.GENTLE_dictionary_school.mark.xml#sSpan223"/>
		<rel id="sPointingRel1301" xlink:href="ref.GENTLE_dictionary_school.mark.xml#sSpan301" target="ref.GENTLE_dictionary_school.mark.xml#sSpan299"/>
		<rel id="sPointingRel1303" xlink:href="ref.GENTLE_dictionary_school.mark.xml#sSpan372" target="ref.GENTLE_dictionary_school.mark.xml#sSpan370"/>
		<rel id="sPointingRel1305" xlink:href="ref.GENTLE_dictionary_school.mark.xml#sSpan303" target="ref.GENTLE_dictionary_school.mark.xml#sSpan299"/></relList></paula>