<?xml version='1.0' encoding='UTF-8'?><!DOCTYPE paula SYSTEM "paula_feat.dtd">
<paula version="1.1">
	<header paula_id="const.GENTLE_dictionary_school.struct_is_signaled"/>
	<featList xmlns:xlink="http://www.w3.org/1999/xlink" type="is_signaled" xml:base="const.GENTLE_dictionary_school.struct.xml">
		<feat xlink:href="#sDomRel2" value="false"/>
		<feat xlink:href="#sDomRel4" value="false"/>
		<feat xlink:href="#sDomRel6" value="false"/>
		<feat xlink:href="#sDomRel12" value="false"/>
		<feat xlink:href="#sDomRel14" value="false"/>
		<feat xlink:href="#sDomRel15" value="false"/>
		<feat xlink:href="#sDomRel17" value="false"/>
		<feat xlink:href="#sDomRel20" value="false"/>
		<feat xlink:href="#sDomRel21" value="false"/>
		<feat xlink:href="#sDomRel23" value="false"/>
		<feat xlink:href="#sDomRel25" value="false"/>
		<feat xlink:href="#sDomRel27" value="false"/>
		<feat xlink:href="#sDomRel32" value="false"/>
		<feat xlink:href="#sDomRel34" value="false"/>
		<feat xlink:href="#sDomRel35" value="false"/>
		<feat xlink:href="#sDomRel36" value="false"/>
		<feat xlink:href="#sDomRel39" value="false"/>
		<feat xlink:href="#sDomRel41" value="false"/>
		<feat xlink:href="#sDomRel42" value="false"/>
		<feat xlink:href="#sDomRel45" value="false"/>
		<feat xlink:href="#sDomRel54" value="false"/>
		<feat xlink:href="#sDomRel55" value="false"/>
		<feat xlink:href="#sDomRel56" value="false"/>
		<feat xlink:href="#sDomRel62" value="false"/>
		<feat xlink:href="#sDomRel63" value="false"/>
		<feat xlink:href="#sDomRel64" value="false"/>
		<feat xlink:href="#sDomRel67" value="false"/>
		<feat xlink:href="#sDomRel69" value="false"/>
		<feat xlink:href="#sDomRel71" value="false"/>
		<feat xlink:href="#sDomRel73" value="false"/>
		<feat xlink:href="#sDomRel76" value="false"/>
		<feat xlink:href="#sDomRel77" value="false"/>
		<feat xlink:href="#sDomRel79" value="false"/>
		<feat xlink:href="#sDomRel87" value="false"/>
		<feat xlink:href="#sDomRel88" value="false"/>
		<feat xlink:href="#sDomRel89" value="false"/>
		<feat xlink:href="#sDomRel93" value="false"/>
		<feat xlink:href="#sDomRel94" value="false"/>
		<feat xlink:href="#sDomRel95" value="false"/>
		<feat xlink:href="#sDomRel98" value="false"/>
		<feat xlink:href="#sDomRel100" value="false"/>
		<feat xlink:href="#sDomRel102" value="false"/>
		<feat xlink:href="#sDomRel105" value="false"/>
		<feat xlink:href="#sDomRel106" value="false"/>
		<feat xlink:href="#sDomRel108" value="false"/>
		<feat xlink:href="#sDomRel121" value="false"/>
		<feat xlink:href="#sDomRel122" value="false"/>
		<feat xlink:href="#sDomRel124" value="false"/>
		<feat xlink:href="#sDomRel130" value="false"/>
		<feat xlink:href="#sDomRel133" value="false"/>
		<feat xlink:href="#sDomRel134" value="false"/>
		<feat xlink:href="#sDomRel136" value="false"/>
		<feat xlink:href="#sDomRel146" value="false"/>
		<feat xlink:href="#sDomRel147" value="false"/>
		<feat xlink:href="#sDomRel149" value="false"/>
		<feat xlink:href="#sDomRel150" value="false"/>
		<feat xlink:href="#sDomRel152" value="false"/>
		<feat xlink:href="#sDomRel154" value="false"/>
		<feat xlink:href="#sDomRel156" value="false"/>
		<feat xlink:href="#sDomRel157" value="false"/>
		<feat xlink:href="#sDomRel159" value="false"/>
		<feat xlink:href="#sDomRel161" value="false"/>
		<feat xlink:href="#sDomRel165" value="false"/>
		<feat xlink:href="#sDomRel172" value="false"/>
		<feat xlink:href="#sDomRel175" value="false"/>
		<feat xlink:href="#sDomRel176" value="false"/>
		<feat xlink:href="#sDomRel185" value="false"/>
		<feat xlink:href="#sDomRel186" value="false"/>
		<feat xlink:href="#sDomRel187" value="false"/>
		<feat xlink:href="#sDomRel193" value="false"/>
		<feat xlink:href="#sDomRel194" value="false"/>
		<feat xlink:href="#sDomRel195" value="false"/>
		<feat xlink:href="#sDomRel196" value="false"/>
		<feat xlink:href="#sDomRel198" value="false"/>
		<feat xlink:href="#sDomRel200" value="false"/>
		<feat xlink:href="#sDomRel202" value="false"/>
		<feat xlink:href="#sDomRel205" value="false"/>
		<feat xlink:href="#sDomRel208" value="false"/>
		<feat xlink:href="#sDomRel209" value="false"/>
		<feat xlink:href="#sDomRel210" value="false"/>
		<feat xlink:href="#sDomRel212" value="false"/>
		<feat xlink:href="#sDomRel214" value="false"/>
		<feat xlink:href="#sDomRel216" value="false"/>
		<feat xlink:href="#sDomRel220" value="false"/>
		<feat xlink:href="#sDomRel221" value="false"/>
		<feat xlink:href="#sDomRel222" value="false"/>
		<feat xlink:href="#sDomRel223" value="false"/>
		<feat xlink:href="#sDomRel225" value="false"/>
		<feat xlink:href="#sDomRel226" value="false"/>
		<feat xlink:href="#sDomRel228" value="false"/>
		<feat xlink:href="#sDomRel231" value="false"/>
		<feat xlink:href="#sDomRel235" value="false"/>
		<feat xlink:href="#sDomRel237" value="false"/>
		<feat xlink:href="#sDomRel238" value="false"/>
		<feat xlink:href="#sDomRel239" value="false"/>
		<feat xlink:href="#sDomRel241" value="false"/>
		<feat xlink:href="#sDomRel245" value="false"/>
		<feat xlink:href="#sDomRel249" value="false"/>
		<feat xlink:href="#sDomRel250" value="false"/>
		<feat xlink:href="#sDomRel251" value="false"/>
		<feat xlink:href="#sDomRel252" value="false"/>
		<feat xlink:href="#sDomRel254" value="false"/>
		<feat xlink:href="#sDomRel259" value="false"/>
		<feat xlink:href="#sDomRel261" value="false"/>
		<feat xlink:href="#sDomRel262" value="false"/>
		<feat xlink:href="#sDomRel263" value="false"/>
		<feat xlink:href="#sDomRel266" value="false"/>
		<feat xlink:href="#sDomRel272" value="false"/>
		<feat xlink:href="#sDomRel273" value="false"/>
		<feat xlink:href="#sDomRel274" value="false"/>
		<feat xlink:href="#sDomRel287" value="false"/>
		<feat xlink:href="#sDomRel288" value="false"/>
		<feat xlink:href="#sDomRel289" value="false"/>
		<feat xlink:href="#sDomRel291" value="false"/>
		<feat xlink:href="#sDomRel292" value="false"/>
		<feat xlink:href="#sDomRel293" value="false"/>
		<feat xlink:href="#sDomRel294" value="false"/>
		<feat xlink:href="#sDomRel296" value="false"/>
		<feat xlink:href="#sDomRel297" value="false"/>
		<feat xlink:href="#sDomRel298" value="false"/>
		<feat xlink:href="#sDomRel300" value="false"/>
		<feat xlink:href="#sDomRel308" value="false"/>
		<feat xlink:href="#sDomRel309" value="false"/>
		<feat xlink:href="#sDomRel310" value="false"/>
		<feat xlink:href="#sDomRel312" value="false"/>
		<feat xlink:href="#sDomRel313" value="false"/>
		<feat xlink:href="#sDomRel314" value="false"/>
		<feat xlink:href="#sDomRel316" value="false"/>
		<feat xlink:href="#sDomRel320" value="false"/>
		<feat xlink:href="#sDomRel322" value="false"/>
		<feat xlink:href="#sDomRel326" value="false"/>
		<feat xlink:href="#sDomRel329" value="false"/>
		<feat xlink:href="#sDomRel330" value="false"/>
		<feat xlink:href="#sDomRel332" value="false"/>
		<feat xlink:href="#sDomRel337" value="false"/>
		<feat xlink:href="#sDomRel344" value="false"/>
		<feat xlink:href="#sDomRel345" value="false"/>
		<feat xlink:href="#sDomRel353" value="false"/>
		<feat xlink:href="#sDomRel355" value="false"/>
		<feat xlink:href="#sDomRel357" value="false"/>
		<feat xlink:href="#sDomRel359" value="false"/>
		<feat xlink:href="#sDomRel361" value="false"/>
		<feat xlink:href="#sDomRel362" value="false"/>
		<feat xlink:href="#sDomRel363" value="false"/>
		<feat xlink:href="#sDomRel367" value="false"/>
		<feat xlink:href="#sDomRel369" value="false"/>
		<feat xlink:href="#sDomRel372" value="false"/>
		<feat xlink:href="#sDomRel374" value="false"/>
		<feat xlink:href="#sDomRel377" value="false"/>
		<feat xlink:href="#sDomRel380" value="false"/>
		<feat xlink:href="#sDomRel383" value="false"/>
		<feat xlink:href="#sDomRel386" value="false"/>
		<feat xlink:href="#sDomRel387" value="false"/>
		<feat xlink:href="#sDomRel389" value="false"/>
		<feat xlink:href="#sDomRel390" value="false"/>
		<feat xlink:href="#sDomRel391" value="false"/>
		<feat xlink:href="#sDomRel392" value="false"/>
		<feat xlink:href="#sDomRel394" value="false"/>
		<feat xlink:href="#sDomRel396" value="false"/>
		<feat xlink:href="#sDomRel398" value="false"/>
		<feat xlink:href="#sDomRel401" value="false"/>
		<feat xlink:href="#sDomRel406" value="false"/>
		<feat xlink:href="#sDomRel413" value="false"/>
		<feat xlink:href="#sDomRel414" value="false"/>
		<feat xlink:href="#sDomRel415" value="false"/>
		<feat xlink:href="#sDomRel418" value="false"/>
		<feat xlink:href="#sDomRel421" value="false"/>
		<feat xlink:href="#sDomRel422" value="false"/>
		<feat xlink:href="#sDomRel424" value="false"/>
		<feat xlink:href="#sDomRel430" value="false"/>
		<feat xlink:href="#sDomRel433" value="false"/>
		<feat xlink:href="#sDomRel434" value="false"/>
		<feat xlink:href="#sDomRel436" value="false"/>
		<feat xlink:href="#sDomRel450" value="false"/>
		<feat xlink:href="#sDomRel452" value="false"/>
		<feat xlink:href="#sDomRel454" value="false"/>
		<feat xlink:href="#sDomRel457" value="false"/>
		<feat xlink:href="#sDomRel458" value="false"/>
		<feat xlink:href="#sDomRel460" value="false"/>
		<feat xlink:href="#sDomRel466" value="false"/>
		<feat xlink:href="#sDomRel468" value="false"/>
		<feat xlink:href="#sDomRel469" value="false"/>
		<feat xlink:href="#sDomRel471" value="false"/>
		<feat xlink:href="#sDomRel477" value="false"/>
		<feat xlink:href="#sDomRel479" value="false"/>
		<feat xlink:href="#sDomRel485" value="false"/>
		<feat xlink:href="#sDomRel489" value="false"/>
		<feat xlink:href="#sDomRel491" value="false"/>
		<feat xlink:href="#sDomRel492" value="false"/>
		<feat xlink:href="#sDomRel493" value="false"/>
		<feat xlink:href="#sDomRel494" value="false"/>
		<feat xlink:href="#sDomRel495" value="false"/>
		<feat xlink:href="#sDomRel497" value="false"/>
		<feat xlink:href="#sDomRel505" value="false"/>
		<feat xlink:href="#sDomRel506" value="false"/>
		<feat xlink:href="#sDomRel507" value="false"/>
		<feat xlink:href="#sDomRel508" value="false"/>
		<feat xlink:href="#sDomRel509" value="false"/>
		<feat xlink:href="#sDomRel510" value="false"/>
		<feat xlink:href="#sDomRel511" value="false"/>
		<feat xlink:href="#sDomRel513" value="false"/>
		<feat xlink:href="#sDomRel516" value="false"/>
		<feat xlink:href="#sDomRel518" value="false"/>
		<feat xlink:href="#sDomRel520" value="false"/>
		<feat xlink:href="#sDomRel523" value="false"/>
		<feat xlink:href="#sDomRel524" value="false"/>
		<feat xlink:href="#sDomRel526" value="false"/>
		<feat xlink:href="#sDomRel535" value="false"/>
		<feat xlink:href="#sDomRel536" value="false"/>
		<feat xlink:href="#sDomRel539" value="false"/>
		<feat xlink:href="#sDomRel542" value="false"/>
		<feat xlink:href="#sDomRel543" value="false"/>
		<feat xlink:href="#sDomRel545" value="false"/>
		<feat xlink:href="#sDomRel546" value="false"/>
		<feat xlink:href="#sDomRel548" value="false"/>
		<feat xlink:href="#sDomRel550" value="false"/>
		<feat xlink:href="#sDomRel552" value="false"/>
		<feat xlink:href="#sDomRel554" value="false"/>
		<feat xlink:href="#sDomRel556" value="false"/>
		<feat xlink:href="#sDomRel558" value="false"/>
		<feat xlink:href="#sDomRel560" value="false"/>
		<feat xlink:href="#sDomRel566" value="false"/>
		<feat xlink:href="#sDomRel567" value="false"/>
		<feat xlink:href="#sDomRel568" value="false"/>
		<feat xlink:href="#sDomRel570" value="false"/>
		<feat xlink:href="#sDomRel574" value="false"/>
		<feat xlink:href="#sDomRel583" value="false"/>
		<feat xlink:href="#sDomRel585" value="false"/>
		<feat xlink:href="#sDomRel587" value="false"/>
		<feat xlink:href="#sDomRel596" value="false"/>
		<feat xlink:href="#sDomRel597" value="false"/>
		<feat xlink:href="#sDomRel607" value="false"/>
		<feat xlink:href="#sDomRel608" value="false"/>
		<feat xlink:href="#sDomRel618" value="false"/>
		<feat xlink:href="#sDomRel619" value="false"/>
		<feat xlink:href="#sDomRel628" value="false"/>
		<feat xlink:href="#sDomRel629" value="false"/>
		<feat xlink:href="#sDomRel635" value="false"/>
		<feat xlink:href="#sDomRel637" value="false"/>
		<feat xlink:href="#sDomRel639" value="false"/>
		<feat xlink:href="#sDomRel641" value="false"/>
		<feat xlink:href="#sDomRel643" value="false"/>
		<feat xlink:href="#sDomRel645" value="false"/>
		<feat xlink:href="#sDomRel646" value="false"/>
		<feat xlink:href="#sDomRel648" value="false"/>
		<feat xlink:href="#sDomRel652" value="false"/>
		<feat xlink:href="#sDomRel659" value="false"/>
		<feat xlink:href="#sDomRel660" value="false"/>
		<feat xlink:href="#sDomRel661" value="false"/>
		<feat xlink:href="#sDomRel665" value="false"/>
		<feat xlink:href="#sDomRel667" value="false"/>
		<feat xlink:href="#sDomRel672" value="false"/>
		<feat xlink:href="#sDomRel673" value="false"/>
		<feat xlink:href="#sDomRel675" value="false"/>
		<feat xlink:href="#sDomRel686" value="false"/>
		<feat xlink:href="#sDomRel689" value="false"/>
		<feat xlink:href="#sDomRel690" value="false"/>
		<feat xlink:href="#sDomRel692" value="false"/>
		<feat xlink:href="#sDomRel694" value="false"/>
		<feat xlink:href="#sDomRel695" value="false"/>
		<feat xlink:href="#sDomRel697" value="false"/>
		<feat xlink:href="#sDomRel698" value="false"/>
		<feat xlink:href="#sDomRel700" value="false"/>
		<feat xlink:href="#sDomRel704" value="false"/>
		<feat xlink:href="#sDomRel705" value="false"/>
		<feat xlink:href="#sDomRel707" value="false"/>
		<feat xlink:href="#sDomRel712" value="false"/>
		<feat xlink:href="#sDomRel718" value="false"/>
		<feat xlink:href="#sDomRel721" value="false"/>
		<feat xlink:href="#sDomRel724" value="false"/>
		<feat xlink:href="#sDomRel725" value="false"/>
		<feat xlink:href="#sDomRel734" value="false"/>
		<feat xlink:href="#sDomRel737" value="false"/>
		<feat xlink:href="#sDomRel738" value="false"/>
		<feat xlink:href="#sDomRel739" value="false"/>
		<feat xlink:href="#sDomRel741" value="false"/>
		<feat xlink:href="#sDomRel743" value="false"/>
		<feat xlink:href="#sDomRel745" value="false"/>
		<feat xlink:href="#sDomRel746" value="false"/>
		<feat xlink:href="#sDomRel748" value="false"/>
		<feat xlink:href="#sDomRel751" value="false"/>
		<feat xlink:href="#sDomRel755" value="false"/>
		<feat xlink:href="#sDomRel757" value="false"/>
		<feat xlink:href="#sDomRel758" value="false"/>
		<feat xlink:href="#sDomRel759" value="false"/>
		<feat xlink:href="#sDomRel761" value="false"/>
		<feat xlink:href="#sDomRel766" value="false"/>
		<feat xlink:href="#sDomRel771" value="false"/>
		<feat xlink:href="#sDomRel773" value="false"/>
		<feat xlink:href="#sDomRel774" value="false"/>
		<feat xlink:href="#sDomRel775" value="false"/>
		<feat xlink:href="#sDomRel778" value="false"/>
		<feat xlink:href="#sDomRel780" value="false"/>
		<feat xlink:href="#sDomRel782" value="false"/>
		<feat xlink:href="#sDomRel790" value="false"/>
		<feat xlink:href="#sDomRel792" value="false"/>
		<feat xlink:href="#sDomRel793" value="false"/>
		<feat xlink:href="#sDomRel794" value="false"/>
		<feat xlink:href="#sDomRel798" value="false"/>
		<feat xlink:href="#sDomRel800" value="false"/>
		<feat xlink:href="#sDomRel801" value="false"/>
		<feat xlink:href="#sDomRel802" value="false"/>
		<feat xlink:href="#sDomRel804" value="false"/>
		<feat xlink:href="#sDomRel813" value="false"/>
		<feat xlink:href="#sDomRel814" value="false"/>
		<feat xlink:href="#sDomRel815" value="false"/>
		<feat xlink:href="#sDomRel817" value="false"/>
		<feat xlink:href="#sDomRel818" value="false"/>
		<feat xlink:href="#sDomRel819" value="false"/>
		<feat xlink:href="#sDomRel821" value="false"/>
		<feat xlink:href="#sDomRel830" value="false"/>
		<feat xlink:href="#sDomRel831" value="false"/>
		<feat xlink:href="#sDomRel832" value="false"/>
		<feat xlink:href="#sDomRel834" value="false"/>
		<feat xlink:href="#sDomRel837" value="false"/>
		<feat xlink:href="#sDomRel852" value="false"/>
		<feat xlink:href="#sDomRel854" value="false"/>
		<feat xlink:href="#sDomRel855" value="false"/>
		<feat xlink:href="#sDomRel857" value="false"/>
		<feat xlink:href="#sDomRel859" value="false"/>
		<feat xlink:href="#sDomRel860" value="false"/>
		<feat xlink:href="#sDomRel862" value="false"/>
		<feat xlink:href="#sDomRel864" value="false"/>
		<feat xlink:href="#sDomRel865" value="false"/>
		<feat xlink:href="#sDomRel866" value="false"/>
		<feat xlink:href="#sDomRel867" value="false"/>
		<feat xlink:href="#sDomRel868" value="false"/>
		<feat xlink:href="#sDomRel870" value="false"/>
		<feat xlink:href="#sDomRel873" value="false"/>
		<feat xlink:href="#sDomRel878" value="false"/>
		<feat xlink:href="#sDomRel885" value="false"/>
		<feat xlink:href="#sDomRel886" value="false"/>
		<feat xlink:href="#sDomRel887" value="false"/>
		<feat xlink:href="#sDomRel888" value="false"/>
		<feat xlink:href="#sDomRel889" value="false"/>
		<feat xlink:href="#sDomRel891" value="false"/>
		<feat xlink:href="#sDomRel893" value="false"/>
		<feat xlink:href="#sDomRel903" value="false"/>
		<feat xlink:href="#sDomRel904" value="false"/>
		<feat xlink:href="#sDomRel905" value="false"/>
		<feat xlink:href="#sDomRel907" value="false"/>
		<feat xlink:href="#sDomRel909" value="false"/>
		<feat xlink:href="#sDomRel911" value="false"/>
		<feat xlink:href="#sDomRel912" value="false"/>
		<feat xlink:href="#sDomRel913" value="false"/>
		<feat xlink:href="#sDomRel915" value="false"/>
		<feat xlink:href="#sDomRel921" value="false"/>
		<feat xlink:href="#sDomRel931" value="false"/>
		<feat xlink:href="#sDomRel938" value="false"/>
		<feat xlink:href="#sDomRel940" value="false"/>
		<feat xlink:href="#sDomRel942" value="false"/>
		<feat xlink:href="#sDomRel943" value="false"/>
		<feat xlink:href="#sDomRel944" value="false"/>
		<feat xlink:href="#sDomRel945" value="false"/>
		<feat xlink:href="#sDomRel946" value="false"/>
		<feat xlink:href="#sDomRel948" value="false"/>
		<feat xlink:href="#sDomRel950" value="false"/>
		<feat xlink:href="#sDomRel951" value="false"/>
		<feat xlink:href="#sDomRel953" value="false"/>
		<feat xlink:href="#sDomRel955" value="false"/>
		<feat xlink:href="#sDomRel961" value="false"/>
		<feat xlink:href="#sDomRel963" value="false"/>
		<feat xlink:href="#sDomRel965" value="false"/>
		<feat xlink:href="#sDomRel966" value="false"/>
		<feat xlink:href="#sDomRel967" value="false"/>
		<feat xlink:href="#sDomRel973" value="false"/>
		<feat xlink:href="#sDomRel974" value="false"/>
		<feat xlink:href="#sDomRel975" value="false"/>
		<feat xlink:href="#sDomRel977" value="false"/>
		<feat xlink:href="#sDomRel978" value="false"/>
		<feat xlink:href="#sDomRel979" value="false"/>
		<feat xlink:href="#sDomRel986" value="false"/>
		<feat xlink:href="#sDomRel987" value="false"/>
		<feat xlink:href="#sDomRel988" value="false"/>
		<feat xlink:href="#sDomRel990" value="false"/>
		<feat xlink:href="#sDomRel992" value="false"/>
		<feat xlink:href="#sDomRel993" value="false"/>
		<feat xlink:href="#sDomRel994" value="false"/>
		<feat xlink:href="#sDomRel995" value="false"/>
		<feat xlink:href="#sDomRel997" value="false"/>
		<feat xlink:href="#sDomRel998" value="false"/>
		<feat xlink:href="#sDomRel1001" value="false"/>
		<feat xlink:href="#sDomRel1003" value="false"/>
		<feat xlink:href="#sDomRel1011" value="false"/>
		<feat xlink:href="#sDomRel1012" value="false"/>
		<feat xlink:href="#sDomRel1013" value="false"/>
		<feat xlink:href="#sDomRel1014" value="false"/>
		<feat xlink:href="#sDomRel1016" value="false"/>
		<feat xlink:href="#sDomRel1018" value="false"/>
		<feat xlink:href="#sDomRel1024" value="false"/>
		<feat xlink:href="#sDomRel1025" value="false"/>
		<feat xlink:href="#sDomRel1026" value="false"/>
		<feat xlink:href="#sDomRel1034" value="false"/>
		<feat xlink:href="#sDomRel1035" value="false"/>
		<feat xlink:href="#sDomRel1036" value="false"/>
		<feat xlink:href="#sDomRel1038" value="false"/>
		<feat xlink:href="#sDomRel1049" value="false"/>
		<feat xlink:href="#sDomRel1050" value="false"/>
		<feat xlink:href="#sDomRel1051" value="false"/>
		<feat xlink:href="#sDomRel1053" value="false"/>
		<feat xlink:href="#sDomRel1054" value="false"/>
		<feat xlink:href="#sDomRel1055" value="false"/>
		<feat xlink:href="#sDomRel1057" value="false"/>
		<feat xlink:href="#sDomRel1059" value="false"/>
		<feat xlink:href="#sDomRel1060" value="false"/>
		<feat xlink:href="#sDomRel1061" value="false"/>
		<feat xlink:href="#sDomRel1062" value="false"/>
		<feat xlink:href="#sDomRel1063" value="false"/>
		<feat xlink:href="#sDomRel1064" value="false"/>
		<feat xlink:href="#sDomRel1066" value="false"/>
		<feat xlink:href="#sDomRel1068" value="false"/>
		<feat xlink:href="#sDomRel1069" value="false"/>
		<feat xlink:href="#sDomRel1070" value="false"/>
		<feat xlink:href="#sDomRel1072" value="false"/>
		<feat xlink:href="#sDomRel1073" value="false"/>
		<feat xlink:href="#sDomRel1074" value="false"/>
		<feat xlink:href="#sDomRel1076" value="false"/>
		<feat xlink:href="#sDomRel1079" value="false"/>
		<feat xlink:href="#sDomRel1081" value="false"/>
		<feat xlink:href="#sDomRel1093" value="false"/>
		<feat xlink:href="#sDomRel1094" value="false"/>
		<feat xlink:href="#sDomRel1095" value="false"/>
		<feat xlink:href="#sDomRel1098" value="false"/>
		<feat xlink:href="#sDomRel1100" value="false"/>
		<feat xlink:href="#sDomRel1105" value="false"/>
		<feat xlink:href="#sDomRel1106" value="false"/>
		<feat xlink:href="#sDomRel1107" value="false"/>
		<feat xlink:href="#sDomRel1108" value="false"/>
		<feat xlink:href="#sDomRel1110" value="false"/>
		<feat xlink:href="#sDomRel1112" value="false"/>
		<feat xlink:href="#sDomRel1114" value="false"/>
		<feat xlink:href="#sDomRel1115" value="false"/>
		<feat xlink:href="#sDomRel1116" value="false"/>
		<feat xlink:href="#sDomRel1117" value="false"/>
		<feat xlink:href="#sDomRel1118" value="false"/>
		<feat xlink:href="#sDomRel1120" value="false"/>
		<feat xlink:href="#sDomRel1127" value="false"/>
		<feat xlink:href="#sDomRel1129" value="false"/>
		<feat xlink:href="#sDomRel1130" value="false"/>
		<feat xlink:href="#sDomRel1131" value="false"/>
		<feat xlink:href="#sDomRel1133" value="false"/>
		<feat xlink:href="#sDomRel1138" value="false"/>
		<feat xlink:href="#sDomRel1143" value="false"/>
		<feat xlink:href="#sDomRel1148" value="false"/>
		<feat xlink:href="#sDomRel1150" value="false"/>
		<feat xlink:href="#sDomRel1152" value="false"/>
		<feat xlink:href="#sDomRel1153" value="false"/>
		<feat xlink:href="#sDomRel1154" value="false"/>
		<feat xlink:href="#sDomRel1155" value="false"/>
		<feat xlink:href="#sDomRel1156" value="false"/>
		<feat xlink:href="#sDomRel1157" value="false"/>
		<feat xlink:href="#sDomRel1158" value="false"/>
		<feat xlink:href="#sDomRel1159" value="false"/>
		<feat xlink:href="#sDomRel1161" value="false"/>
		<feat xlink:href="#sDomRel1166" value="false"/>
		<feat xlink:href="#sDomRel1168" value="false"/>
		<feat xlink:href="#sDomRel1169" value="false"/>
		<feat xlink:href="#sDomRel1171" value="false"/>
		<feat xlink:href="#sDomRel1172" value="false"/>
		<feat xlink:href="#sDomRel1173" value="false"/>
		<feat xlink:href="#sDomRel1175" value="false"/>
		<feat xlink:href="#sDomRel1183" value="false"/>
		<feat xlink:href="#sDomRel1191" value="false"/>
		<feat xlink:href="#sDomRel1192" value="false"/>
		<feat xlink:href="#sDomRel1193" value="false"/>
		<feat xlink:href="#sDomRel1196" value="false"/>
		<feat xlink:href="#sDomRel1197" value="false"/>
		<feat xlink:href="#sDomRel1198" value="false"/>
		<feat xlink:href="#sDomRel1199" value="false"/>
		<feat xlink:href="#sDomRel1200" value="false"/>
		<feat xlink:href="#sDomRel1201" value="false"/>
		<feat xlink:href="#sDomRel1202" value="false"/>
		<feat xlink:href="#sDomRel1203" value="false"/>
		<feat xlink:href="#sDomRel1205" value="false"/>
		<feat xlink:href="#sDomRel1208" value="false"/>
		<feat xlink:href="#sDomRel1215" value="false"/>
		<feat xlink:href="#sDomRel1216" value="false"/>
		<feat xlink:href="#sDomRel1217" value="false"/>
		<feat xlink:href="#sDomRel1226" value="false"/>
		<feat xlink:href="#sDomRel1227" value="false"/>
		<feat xlink:href="#sDomRel1228" value="false"/>
		<feat xlink:href="#sDomRel1230" value="false"/>
		<feat xlink:href="#sDomRel1232" value="false"/>
		<feat xlink:href="#sDomRel1233" value="false"/>
		<feat xlink:href="#sDomRel1235" value="false"/>
		<feat xlink:href="#sDomRel1238" value="false"/>
		<feat xlink:href="#sDomRel1240" value="false"/>
		<feat xlink:href="#sDomRel1242" value="false"/>
		<feat xlink:href="#sDomRel1250" value="false"/>
		<feat xlink:href="#sDomRel1251" value="false"/>
		<feat xlink:href="#sDomRel1252" value="false"/>
		<feat xlink:href="#sDomRel1254" value="false"/>
		<feat xlink:href="#sDomRel1255" value="false"/>
		<feat xlink:href="#sDomRel1256" value="false"/>
		<feat xlink:href="#sDomRel1258" value="false"/>
		<feat xlink:href="#sDomRel1273" value="false"/>
		<feat xlink:href="#sDomRel1275" value="false"/>
		<feat xlink:href="#sDomRel1276" value="false"/>
		<feat xlink:href="#sDomRel1278" value="false"/>
		<feat xlink:href="#sDomRel1280" value="false"/>
		<feat xlink:href="#sDomRel1281" value="false"/>
		<feat xlink:href="#sDomRel1282" value="false"/>
		<feat xlink:href="#sDomRel1283" value="false"/>
		<feat xlink:href="#sDomRel1285" value="false"/>
		<feat xlink:href="#sDomRel1291" value="false"/>
		<feat xlink:href="#sDomRel1293" value="false"/>
		<feat xlink:href="#sDomRel1294" value="false"/>
		<feat xlink:href="#sDomRel1295" value="false"/>
		<feat xlink:href="#sDomRel1297" value="false"/>
		<feat xlink:href="#sDomRel1301" value="false"/>
		<feat xlink:href="#sDomRel1305" value="false"/>
		<feat xlink:href="#sDomRel1306" value="false"/>
		<feat xlink:href="#sDomRel1308" value="false"/>
		<feat xlink:href="#sDomRel1309" value="false"/>
		<feat xlink:href="#sDomRel1316" value="false"/>
		<feat xlink:href="#sDomRel1317" value="false"/>
		<feat xlink:href="#sDomRel1318" value="false"/>
		<feat xlink:href="#sDomRel1320" value="false"/>
		<feat xlink:href="#sDomRel1329" value="false"/>
		<feat xlink:href="#sDomRel1331" value="false"/>
		<feat xlink:href="#sDomRel1332" value="false"/>
		<feat xlink:href="#sDomRel1334" value="false"/>
		<feat xlink:href="#sDomRel1338" value="false"/>
		<feat xlink:href="#sDomRel1339" value="false"/>
		<feat xlink:href="#sDomRel1340" value="false"/>
		<feat xlink:href="#sDomRel1343" value="false"/>
		<feat xlink:href="#sDomRel1346" value="false"/>
		<feat xlink:href="#sDomRel1351" value="false"/>
		<feat xlink:href="#sDomRel1354" value="false"/>
		<feat xlink:href="#sDomRel1355" value="false"/>
		<feat xlink:href="#sDomRel1356" value="false"/>
		<feat xlink:href="#sDomRel1358" value="false"/>
		<feat xlink:href="#sDomRel1366" value="false"/>
		<feat xlink:href="#sDomRel1368" value="false"/>
		<feat xlink:href="#sDomRel1370" value="false"/>
		<feat xlink:href="#sDomRel1372" value="false"/>
		<feat xlink:href="#sDomRel1374" value="false"/>
		<feat xlink:href="#sDomRel1375" value="false"/>
		<feat xlink:href="#sDomRel1377" value="false"/>
		<feat xlink:href="#sDomRel1378" value="false"/>
		<feat xlink:href="#sDomRel1380" value="false"/>
		<feat xlink:href="#sDomRel1385" value="false"/>
		<feat xlink:href="#sDomRel1392" value="false"/>
		<feat xlink:href="#sDomRel1393" value="false"/>
		<feat xlink:href="#sDomRel1401" value="false"/>
		<feat xlink:href="#sDomRel1403" value="false"/>
		<feat xlink:href="#sDomRel1405" value="false"/>
		<feat xlink:href="#sDomRel1407" value="false"/>
		<feat xlink:href="#sDomRel1409" value="false"/>
		<feat xlink:href="#sDomRel1410" value="false"/>
		<feat xlink:href="#sDomRel1411" value="false"/>
		<feat xlink:href="#sDomRel1414" value="false"/>
		<feat xlink:href="#sDomRel1422" value="false"/>
		<feat xlink:href="#sDomRel1424" value="false"/>
		<feat xlink:href="#sDomRel1427" value="false"/>
		<feat xlink:href="#sDomRel1429" value="false"/>
		<feat xlink:href="#sDomRel1437" value="false"/>
		<feat xlink:href="#sDomRel1439" value="false"/>
		<feat xlink:href="#sDomRel1440" value="false"/>
		<feat xlink:href="#sDomRel1441" value="false"/>
		<feat xlink:href="#sDomRel1442" value="false"/>
		<feat xlink:href="#sDomRel1444" value="false"/>
		<feat xlink:href="#sDomRel1451" value="false"/>
		<feat xlink:href="#sDomRel1453" value="false"/>
		<feat xlink:href="#sDomRel1455" value="false"/>
		<feat xlink:href="#sDomRel1456" value="false"/>
		<feat xlink:href="#sDomRel1457" value="false"/>
		<feat xlink:href="#sDomRel1459" value="false"/>
		<feat xlink:href="#sDomRel1462" value="false"/>
		<feat xlink:href="#sDomRel1466" value="false"/>
		<feat xlink:href="#sDomRel1468" value="false"/>
		<feat xlink:href="#sDomRel1475" value="false"/>
		<feat xlink:href="#sDomRel1476" value="false"/>
		<feat xlink:href="#sDomRel1478" value="false"/>
		<feat xlink:href="#sDomRel1479" value="false"/>
		<feat xlink:href="#sDomRel1481" value="false"/>
		<feat xlink:href="#sDomRel1482" value="false"/>
		<feat xlink:href="#sDomRel1483" value="false"/>
		<feat xlink:href="#sDomRel1484" value="false"/>
		<feat xlink:href="#sDomRel1486" value="false"/>
		<feat xlink:href="#sDomRel1489" value="false"/>
		<feat xlink:href="#sDomRel1493" value="false"/>
		<feat xlink:href="#sDomRel1500" value="false"/>
		<feat xlink:href="#sDomRel1502" value="false"/>
		<feat xlink:href="#sDomRel1503" value="false"/>
		<feat xlink:href="#sDomRel1504" value="false"/>
		<feat xlink:href="#sDomRel1505" value="false"/>
		<feat xlink:href="#sDomRel1507" value="false"/>
		<feat xlink:href="#sDomRel1517" value="false"/>
		<feat xlink:href="#sDomRel1518" value="false"/>
		<feat xlink:href="#sDomRel1519" value="false"/>
		<feat xlink:href="#sDomRel1521" value="false"/>
		<feat xlink:href="#sDomRel1522" value="false"/>
		<feat xlink:href="#sDomRel1524" value="false"/>
		<feat xlink:href="#sDomRel1526" value="false"/>
		<feat xlink:href="#sDomRel1528" value="false"/>
		<feat xlink:href="#sDomRel1530" value="false"/>
		<feat xlink:href="#sDomRel1531" value="false"/>
		<feat xlink:href="#sDomRel1533" value="false"/>
		<feat xlink:href="#sDomRel1534" value="false"/>
		<feat xlink:href="#sDomRel1535" value="false"/>
		<feat xlink:href="#sDomRel1536" value="false"/>
		<feat xlink:href="#sDomRel1538" value="false"/></featList></paula>