<?xml version='1.0' encoding='UTF-8'?><!DOCTYPE paula SYSTEM "paula_feat.dtd">
<paula version="1.1">
	<header paula_id="const.GENTLE_dictionary_school.struct_func"/>
	<featList xmlns:xlink="http://www.w3.org/1999/xlink" type="func" xml:base="const.GENTLE_dictionary_school.struct.xml">
		<feat xlink:href="#sDomRel313" value="SBJ"/>
		<feat xlink:href="#sDomRel492" value="TMP"/>
		<feat xlink:href="#sDomRel506" value="SBJ"/>
		<feat xlink:href="#sDomRel675" value="LGS"/>
		<feat xlink:href="#sDomRel815" value="LOC"/>
		<feat xlink:href="#sDomRel818" value="SBJ"/>
		<feat xlink:href="#sDomRel830" value="PRD"/>
		<feat xlink:href="#sDomRel831" value="SBJ"/>
		<feat xlink:href="#sDomRel862" value="TMP"/>
		<feat xlink:href="#sDomRel889" value="LOC"/>
		<feat xlink:href="#sDomRel905" value="TMP"/>
		<feat xlink:href="#sDomRel912" value="SBJ"/>
		<feat xlink:href="#sDomRel944" value="SBJ"/>
		<feat xlink:href="#sDomRel966" value="SBJ"/>
		<feat xlink:href="#sDomRel978" value="SBJ"/>
		<feat xlink:href="#sDomRel992" value="PRD"/>
		<feat xlink:href="#sDomRel993" value="SBJ"/>
		<feat xlink:href="#sDomRel1051" value="TMP"/>
		<feat xlink:href="#sDomRel1061" value="SBJ"/>
		<feat xlink:href="#sDomRel1064" value="DIR"/>
		<feat xlink:href="#sDomRel1072" value="PRD"/>
		<feat xlink:href="#sDomRel1073" value="SBJ"/>
		<feat xlink:href="#sDomRel1130" value="SBJ"/>
		<feat xlink:href="#sDomRel1154" value="SBJ"/>
		<feat xlink:href="#sDomRel1169" value="TMP"/>
		<feat xlink:href="#sDomRel1172" value="SBJ"/>
		<feat xlink:href="#sDomRel1197" value="SBJ"/>
		<feat xlink:href="#sDomRel1230" value="LGS"/>
		<feat xlink:href="#sDomRel1254" value="PRD"/>
		<feat xlink:href="#sDomRel1255" value="SBJ"/>
		<feat xlink:href="#sDomRel1424" value="TMP"/>
		<feat xlink:href="#sDomRel1453" value="LOC"/>
		<feat xlink:href="#sDomRel1456" value="SBJ"/>
		<feat xlink:href="#sDomRel1466" value="MNR"/>
		<feat xlink:href="#sDomRel1528" value="ADV"/>
		<feat xlink:href="#sDomRel1533" value="SBJ"/>
		<feat xlink:href="#sDomRel1535" value="SBJ"/></featList></paula>