<?xml version='1.0' encoding='UTF-8'?><!DOCTYPE paula SYSTEM "paula_feat.dtd">
<paula version="1.1">
	<header paula_id="dep.GENTLE_dictionary_school.dep_func"/>
	<featList xmlns:xlink="http://www.w3.org/1999/xlink" type="func" xml:base="dep.GENTLE_dictionary_school.dep.xml">
		<feat xlink:href="#sPointingRel1" value="dep"/>
		<feat xlink:href="#sPointingRel2" value="punct"/>
		<feat xlink:href="#sPointingRel3" value="punct"/>
		<feat xlink:href="#sPointingRel4" value="dep"/>
		<feat xlink:href="#sPointingRel5" value="punct"/>
		<feat xlink:href="#sPointingRel6" value="parataxis"/>
		<feat xlink:href="#sPointingRel7" value="punct"/>
		<feat xlink:href="#sPointingRel8" value="punct"/>
		<feat xlink:href="#sPointingRel9" value="punct"/>
		<feat xlink:href="#sPointingRel10" value="parataxis"/>
		<feat xlink:href="#sPointingRel11" value="punct"/>
		<feat xlink:href="#sPointingRel12" value="punct"/>
		<feat xlink:href="#sPointingRel13" value="amod"/>
		<feat xlink:href="#sPointingRel14" value="parataxis"/>
		<feat xlink:href="#sPointingRel15" value="punct"/>
		<feat xlink:href="#sPointingRel16" value="dep"/>
		<feat xlink:href="#sPointingRel17" value="punct"/>
		<feat xlink:href="#sPointingRel18" value="flat"/>
		<feat xlink:href="#sPointingRel19" value="case"/>
		<feat xlink:href="#sPointingRel20" value="amod"/>
		<feat xlink:href="#sPointingRel21" value="compound"/>
		<feat xlink:href="#sPointingRel22" value="punct"/>
		<feat xlink:href="#sPointingRel23" value="conj"/>
		<feat xlink:href="#sPointingRel24" value="punct"/>
		<feat xlink:href="#sPointingRel25" value="punct"/>
		<feat xlink:href="#sPointingRel26" value="appos"/>
		<feat xlink:href="#sPointingRel27" value="case"/>
		<feat xlink:href="#sPointingRel28" value="nmod"/>
		<feat xlink:href="#sPointingRel30" value="punct"/>
		<feat xlink:href="#sPointingRel31" value="conj"/>
		<feat xlink:href="#sPointingRel33" value="punct"/>
		<feat xlink:href="#sPointingRel34" value="conj"/>
		<feat xlink:href="#sPointingRel36" value="punct"/>
		<feat xlink:href="#sPointingRel37" value="conj"/>
		<feat xlink:href="#sPointingRel39" value="case"/>
		<feat xlink:href="#sPointingRel40" value="nmod"/>
		<feat xlink:href="#sPointingRel42" value="punct"/>
		<feat xlink:href="#sPointingRel43" value="punct"/>
		<feat xlink:href="#sPointingRel44" value="punct"/>
		<feat xlink:href="#sPointingRel45" value="case"/>
		<feat xlink:href="#sPointingRel46" value="amod"/>
		<feat xlink:href="#sPointingRel47" value="compound"/>
		<feat xlink:href="#sPointingRel48" value="nmod"/>
		<feat xlink:href="#sPointingRel50" value="punct"/>
		<feat xlink:href="#sPointingRel51" value="punct"/>
		<feat xlink:href="#sPointingRel52" value="appos"/>
		<feat xlink:href="#sPointingRel53" value="punct"/>
		<feat xlink:href="#sPointingRel54" value="conj"/>
		<feat xlink:href="#sPointingRel56" value="case"/>
		<feat xlink:href="#sPointingRel57" value="nmod"/>
		<feat xlink:href="#sPointingRel59" value="punct"/>
		<feat xlink:href="#sPointingRel60" value="conj"/>
		<feat xlink:href="#sPointingRel62" value="case"/>
		<feat xlink:href="#sPointingRel63" value="nmod"/>
		<feat xlink:href="#sPointingRel65" value="punct"/>
		<feat xlink:href="#sPointingRel66" value="punct"/>
		<feat xlink:href="#sPointingRel67" value="punct"/>
		<feat xlink:href="#sPointingRel68" value="case"/>
		<feat xlink:href="#sPointingRel69" value="amod"/>
		<feat xlink:href="#sPointingRel70" value="compound"/>
		<feat xlink:href="#sPointingRel71" value="nmod"/>
		<feat xlink:href="#sPointingRel73" value="punct"/>
		<feat xlink:href="#sPointingRel74" value="conj"/>
		<feat xlink:href="#sPointingRel76" value="punct"/>
		<feat xlink:href="#sPointingRel77" value="punct"/>
		<feat xlink:href="#sPointingRel78" value="appos"/>
		<feat xlink:href="#sPointingRel79" value="punct"/>
		<feat xlink:href="#sPointingRel80" value="conj"/>
		<feat xlink:href="#sPointingRel82" value="punct"/>
		<feat xlink:href="#sPointingRel83" value="punct"/>
		<feat xlink:href="#sPointingRel84" value="punct"/>
		<feat xlink:href="#sPointingRel85" value="case"/>
		<feat xlink:href="#sPointingRel86" value="amod"/>
		<feat xlink:href="#sPointingRel87" value="nmod"/>
		<feat xlink:href="#sPointingRel89" value="punct"/>
		<feat xlink:href="#sPointingRel90" value="punct"/>
		<feat xlink:href="#sPointingRel91" value="appos"/>
		<feat xlink:href="#sPointingRel92" value="punct"/>
		<feat xlink:href="#sPointingRel93" value="punct"/>
		<feat xlink:href="#sPointingRel94" value="punct"/>
		<feat xlink:href="#sPointingRel95" value="case"/>
		<feat xlink:href="#sPointingRel96" value="compound"/>
		<feat xlink:href="#sPointingRel97" value="nmod"/>
		<feat xlink:href="#sPointingRel99" value="punct"/>
		<feat xlink:href="#sPointingRel100" value="punct"/>
		<feat xlink:href="#sPointingRel101" value="appos"/>
		<feat xlink:href="#sPointingRel102" value="punct"/>
		<feat xlink:href="#sPointingRel103" value="conj"/>
		<feat xlink:href="#sPointingRel105" value="punct"/>
		<feat xlink:href="#sPointingRel106" value="punct"/>
		<feat xlink:href="#sPointingRel107" value="punct"/>
		<feat xlink:href="#sPointingRel108" value="case"/>
		<feat xlink:href="#sPointingRel109" value="amod"/>
		<feat xlink:href="#sPointingRel110" value="amod"/>
		<feat xlink:href="#sPointingRel111" value="compound"/>
		<feat xlink:href="#sPointingRel112" value="obl"/>
		<feat xlink:href="#sPointingRel114" value="punct"/>
		<feat xlink:href="#sPointingRel115" value="punct"/>
		<feat xlink:href="#sPointingRel116" value="appos"/>
		<feat xlink:href="#sPointingRel117" value="punct"/>
		<feat xlink:href="#sPointingRel118" value="conj"/>
		<feat xlink:href="#sPointingRel120" value="punct"/>
		<feat xlink:href="#sPointingRel121" value="punct"/>
		<feat xlink:href="#sPointingRel122" value="punct"/>
		<feat xlink:href="#sPointingRel123" value="amod"/>
		<feat xlink:href="#sPointingRel124" value="compound"/>
		<feat xlink:href="#sPointingRel125" value="conj"/>
		<feat xlink:href="#sPointingRel127" value="punct"/>
		<feat xlink:href="#sPointingRel128" value="punct"/>
		<feat xlink:href="#sPointingRel129" value="appos"/>
		<feat xlink:href="#sPointingRel130" value="cc"/>
		<feat xlink:href="#sPointingRel131" value="conj"/>
		<feat xlink:href="#sPointingRel134" value="case"/>
		<feat xlink:href="#sPointingRel135" value="nmod"/>
		<feat xlink:href="#sPointingRel137" value="punct"/>
		<feat xlink:href="#sPointingRel138" value="conj"/>
		<feat xlink:href="#sPointingRel140" value="punct"/>
		<feat xlink:href="#sPointingRel141" value="conj"/>
		<feat xlink:href="#sPointingRel143" value="punct"/>
		<feat xlink:href="#sPointingRel144" value="conj"/>
		<feat xlink:href="#sPointingRel146" value="case"/>
		<feat xlink:href="#sPointingRel147" value="nmod"/>
		<feat xlink:href="#sPointingRel149" value="punct"/>
		<feat xlink:href="#sPointingRel150" value="punct"/>
		<feat xlink:href="#sPointingRel151" value="punct"/>
		<feat xlink:href="#sPointingRel152" value="parataxis"/>
		<feat xlink:href="#sPointingRel153" value="case"/>
		<feat xlink:href="#sPointingRel154" value="nmod"/>
		<feat xlink:href="#sPointingRel156" value="punct"/>
		<feat xlink:href="#sPointingRel157" value="amod"/>
		<feat xlink:href="#sPointingRel158" value="punct"/>
		<feat xlink:href="#sPointingRel159" value="parataxis"/>
		<feat xlink:href="#sPointingRel160" value="punct"/>
		<feat xlink:href="#sPointingRel161" value="punct"/>
		<feat xlink:href="#sPointingRel162" value="dep"/>
		<feat xlink:href="#sPointingRel163" value="punct"/>
		<feat xlink:href="#sPointingRel164" value="case"/>
		<feat xlink:href="#sPointingRel165" value="nmod"/>
		<feat xlink:href="#sPointingRel167" value="punct"/>
		<feat xlink:href="#sPointingRel168" value="punct"/>
		<feat xlink:href="#sPointingRel169" value="dep"/>
		<feat xlink:href="#sPointingRel170" value="parataxis"/>
		<feat xlink:href="#sPointingRel171" value="punct"/>
		<feat xlink:href="#sPointingRel172" value="punct"/>
		<feat xlink:href="#sPointingRel173" value="parataxis"/>
		<feat xlink:href="#sPointingRel174" value="punct"/>
		<feat xlink:href="#sPointingRel175" value="det"/>
		<feat xlink:href="#sPointingRel176" value="case"/>
		<feat xlink:href="#sPointingRel177" value="nmod"/>
		<feat xlink:href="#sPointingRel179" value="cc"/>
		<feat xlink:href="#sPointingRel180" value="det"/>
		<feat xlink:href="#sPointingRel181" value="conj"/>
		<feat xlink:href="#sPointingRel183" value="case"/>
		<feat xlink:href="#sPointingRel184" value="amod"/>
		<feat xlink:href="#sPointingRel185" value="nmod"/>
		<feat xlink:href="#sPointingRel187" value="case"/>
		<feat xlink:href="#sPointingRel188" value="fixed"/>
		<feat xlink:href="#sPointingRel189" value="nmod"/>
		<feat xlink:href="#sPointingRel191" value="punct"/>
		<feat xlink:href="#sPointingRel192" value="conj"/>
		<feat xlink:href="#sPointingRel195" value="punct"/>
		<feat xlink:href="#sPointingRel196" value="cc"/>
		<feat xlink:href="#sPointingRel197" value="conj"/>
		<feat xlink:href="#sPointingRel200" value="punct"/>
		<feat xlink:href="#sPointingRel201" value="det"/>
		<feat xlink:href="#sPointingRel202" value="nsubj"/>
		<feat xlink:href="#sPointingRel203" value="det"/>
		<feat xlink:href="#sPointingRel204" value="amod"/>
		<feat xlink:href="#sPointingRel205" value="obj"/>
		<feat xlink:href="#sPointingRel206" value="case"/>
		<feat xlink:href="#sPointingRel207" value="nmod"/>
		<feat xlink:href="#sPointingRel209" value="punct"/>
		<feat xlink:href="#sPointingRel210" value="det"/>
		<feat xlink:href="#sPointingRel211" value="punct"/>
		<feat xlink:href="#sPointingRel212" value="punct"/>
		<feat xlink:href="#sPointingRel213" value="parataxis"/>
		<feat xlink:href="#sPointingRel214" value="punct"/>
		<feat xlink:href="#sPointingRel215" value="punct"/>
		<feat xlink:href="#sPointingRel216" value="punct"/>
		<feat xlink:href="#sPointingRel217" value="amod"/>
		<feat xlink:href="#sPointingRel218" value="punct"/>
		<feat xlink:href="#sPointingRel219" value="compound"/>
		<feat xlink:href="#sPointingRel220" value="amod"/>
		<feat xlink:href="#sPointingRel221" value="amod"/>
		<feat xlink:href="#sPointingRel222" value="dep"/>
		<feat xlink:href="#sPointingRel223" value="parataxis"/>
		<feat xlink:href="#sPointingRel224" value="punct"/>
		<feat xlink:href="#sPointingRel225" value="amod"/>
		<feat xlink:href="#sPointingRel226" value="dep"/>
		<feat xlink:href="#sPointingRel227" value="conj"/>
		<feat xlink:href="#sPointingRel228" value="punct"/>
		<feat xlink:href="#sPointingRel229" value="amod"/>
		<feat xlink:href="#sPointingRel230" value="dep"/>
		<feat xlink:href="#sPointingRel231" value="cc"/>
		<feat xlink:href="#sPointingRel232" value="compound"/>
		<feat xlink:href="#sPointingRel233" value="conj"/>
		<feat xlink:href="#sPointingRel236" value="conj"/>
		<feat xlink:href="#sPointingRel237" value="punct"/>
		<feat xlink:href="#sPointingRel238" value="punct"/>
		<feat xlink:href="#sPointingRel239" value="parataxis"/>
		<feat xlink:href="#sPointingRel240" value="punct"/>
		<feat xlink:href="#sPointingRel241" value="punct"/>
		<feat xlink:href="#sPointingRel242" value="case"/>
		<feat xlink:href="#sPointingRel243" value="obl"/>
		<feat xlink:href="#sPointingRel245" value="punct"/>
		<feat xlink:href="#sPointingRel246" value="mark"/>
		<feat xlink:href="#sPointingRel247" value="obl"/>
		<feat xlink:href="#sPointingRel248" value="punct"/>
		<feat xlink:href="#sPointingRel249" value="cc"/>
		<feat xlink:href="#sPointingRel250" value="conj"/>
		<feat xlink:href="#sPointingRel252" value="case"/>
		<feat xlink:href="#sPointingRel253" value="det"/>
		<feat xlink:href="#sPointingRel254" value="obl"/>
		<feat xlink:href="#sPointingRel256" value="punct"/>
		<feat xlink:href="#sPointingRel257" value="flat"/>
		<feat xlink:href="#sPointingRel258" value="amod"/>
		<feat xlink:href="#sPointingRel259" value="case"/>
		<feat xlink:href="#sPointingRel260" value="amod"/>
		<feat xlink:href="#sPointingRel261" value="compound"/>
		<feat xlink:href="#sPointingRel262" value="punct"/>
		<feat xlink:href="#sPointingRel263" value="case"/>
		<feat xlink:href="#sPointingRel264" value="amod"/>
		<feat xlink:href="#sPointingRel265" value="compound"/>
		<feat xlink:href="#sPointingRel266" value="nmod"/>
		<feat xlink:href="#sPointingRel268" value="punct"/>
		<feat xlink:href="#sPointingRel269" value="punct"/>
		<feat xlink:href="#sPointingRel270" value="appos"/>
		<feat xlink:href="#sPointingRel271" value="case"/>
		<feat xlink:href="#sPointingRel272" value="nmod"/>
		<feat xlink:href="#sPointingRel274" value="punct"/>
		<feat xlink:href="#sPointingRel275" value="punct"/>
		<feat xlink:href="#sPointingRel276" value="punct"/>
		<feat xlink:href="#sPointingRel277" value="case"/>
		<feat xlink:href="#sPointingRel278" value="compound"/>
		<feat xlink:href="#sPointingRel279" value="nmod"/>
		<feat xlink:href="#sPointingRel281" value="punct"/>
		<feat xlink:href="#sPointingRel282" value="punct"/>
		<feat xlink:href="#sPointingRel283" value="appos"/>
		<feat xlink:href="#sPointingRel284" value="punct"/>
		<feat xlink:href="#sPointingRel285" value="punct"/>
		<feat xlink:href="#sPointingRel286" value="punct"/>
		<feat xlink:href="#sPointingRel287" value="case"/>
		<feat xlink:href="#sPointingRel288" value="amod"/>
		<feat xlink:href="#sPointingRel289" value="compound"/>
		<feat xlink:href="#sPointingRel290" value="nmod"/>
		<feat xlink:href="#sPointingRel292" value="punct"/>
		<feat xlink:href="#sPointingRel293" value="conj"/>
		<feat xlink:href="#sPointingRel295" value="punct"/>
		<feat xlink:href="#sPointingRel296" value="punct"/>
		<feat xlink:href="#sPointingRel297" value="amod"/>
		<feat xlink:href="#sPointingRel298" value="appos"/>
		<feat xlink:href="#sPointingRel299" value="cc"/>
		<feat xlink:href="#sPointingRel300" value="conj"/>
		<feat xlink:href="#sPointingRel303" value="punct"/>
		<feat xlink:href="#sPointingRel304" value="conj"/>
		<feat xlink:href="#sPointingRel306" value="punct"/>
		<feat xlink:href="#sPointingRel307" value="conj"/>
		<feat xlink:href="#sPointingRel309" value="punct"/>
		<feat xlink:href="#sPointingRel310" value="punct"/>
		<feat xlink:href="#sPointingRel311" value="punct"/>
		<feat xlink:href="#sPointingRel312" value="case"/>
		<feat xlink:href="#sPointingRel313" value="amod"/>
		<feat xlink:href="#sPointingRel314" value="compound"/>
		<feat xlink:href="#sPointingRel315" value="nmod"/>
		<feat xlink:href="#sPointingRel317" value="punct"/>
		<feat xlink:href="#sPointingRel318" value="appos"/>
		<feat xlink:href="#sPointingRel319" value="punct"/>
		<feat xlink:href="#sPointingRel320" value="punct"/>
		<feat xlink:href="#sPointingRel321" value="case"/>
		<feat xlink:href="#sPointingRel322" value="nmod"/>
		<feat xlink:href="#sPointingRel324" value="punct"/>
		<feat xlink:href="#sPointingRel325" value="appos"/>
		<feat xlink:href="#sPointingRel326" value="punct"/>
		<feat xlink:href="#sPointingRel327" value="punct"/>
		<feat xlink:href="#sPointingRel328" value="amod"/>
		<feat xlink:href="#sPointingRel329" value="appos"/>
		<feat xlink:href="#sPointingRel330" value="punct"/>
		<feat xlink:href="#sPointingRel331" value="conj"/>
		<feat xlink:href="#sPointingRel333" value="punct"/>
		<feat xlink:href="#sPointingRel334" value="conj"/>
		<feat xlink:href="#sPointingRel336" value="cc"/>
		<feat xlink:href="#sPointingRel337" value="det"/>
		<feat xlink:href="#sPointingRel338" value="conj"/>
		<feat xlink:href="#sPointingRel341" value="acl"/>
		<feat xlink:href="#sPointingRel342" value="case"/>
		<feat xlink:href="#sPointingRel343" value="obl"/>
		<feat xlink:href="#sPointingRel345" value="case"/>
		<feat xlink:href="#sPointingRel346" value="amod"/>
		<feat xlink:href="#sPointingRel347" value="obl"/>
		<feat xlink:href="#sPointingRel349" value="punct"/>
		<feat xlink:href="#sPointingRel350" value="det"/>
		<feat xlink:href="#sPointingRel351" value="conj"/>
		<feat xlink:href="#sPointingRel354" value="advmod"/>
		<feat xlink:href="#sPointingRel356" value="det"/>
		<feat xlink:href="#sPointingRel357" value="nsubj"/>
		<feat xlink:href="#sPointingRel358" value="acl:relcl"/>
		<feat xlink:href="#sPointingRel359" value="obj"/>
		<feat xlink:href="#sPointingRel360" value="punct"/>
		<feat xlink:href="#sPointingRel361" value="punct"/>
		<feat xlink:href="#sPointingRel362" value="punct"/>
		<feat xlink:href="#sPointingRel363" value="case"/>
		<feat xlink:href="#sPointingRel364" value="compound"/>
		<feat xlink:href="#sPointingRel365" value="nmod"/>
		<feat xlink:href="#sPointingRel367" value="punct"/>
		<feat xlink:href="#sPointingRel368" value="punct"/>
		<feat xlink:href="#sPointingRel369" value="mark"/>
		<feat xlink:href="#sPointingRel370" value="appos"/>
		<feat xlink:href="#sPointingRel371" value="punct"/>
		<feat xlink:href="#sPointingRel372" value="conj"/>
		<feat xlink:href="#sPointingRel374" value="punct"/>
		<feat xlink:href="#sPointingRel375" value="conj"/>
		<feat xlink:href="#sPointingRel377" value="punct"/>
		<feat xlink:href="#sPointingRel378" value="punct"/>
		<feat xlink:href="#sPointingRel379" value="punct"/>
		<feat xlink:href="#sPointingRel380" value="case"/>
		<feat xlink:href="#sPointingRel381" value="nmod"/>
		<feat xlink:href="#sPointingRel383" value="cc"/>
		<feat xlink:href="#sPointingRel384" value="conj"/>
		<feat xlink:href="#sPointingRel387" value="punct"/>
		<feat xlink:href="#sPointingRel388" value="amod"/>
		<feat xlink:href="#sPointingRel389" value="compound"/>
		<feat xlink:href="#sPointingRel390" value="obj"/>
		<feat xlink:href="#sPointingRel391" value="punct"/>
		<feat xlink:href="#sPointingRel392" value="conj"/>
		<feat xlink:href="#sPointingRel394" value="punct"/>
		<feat xlink:href="#sPointingRel395" value="punct"/>
		<feat xlink:href="#sPointingRel396" value="appos"/>
		<feat xlink:href="#sPointingRel397" value="punct"/>
		<feat xlink:href="#sPointingRel398" value="punct"/>
		<feat xlink:href="#sPointingRel399" value="punct"/>
		<feat xlink:href="#sPointingRel400" value="compound"/>
		<feat xlink:href="#sPointingRel401" value="compound"/>
		<feat xlink:href="#sPointingRel402" value="conj"/>
		<feat xlink:href="#sPointingRel404" value="punct"/>
		<feat xlink:href="#sPointingRel405" value="compound"/>
		<feat xlink:href="#sPointingRel406" value="compound"/>
		<feat xlink:href="#sPointingRel407" value="conj"/>
		<feat xlink:href="#sPointingRel409" value="punct"/>
		<feat xlink:href="#sPointingRel410" value="punct"/>
		<feat xlink:href="#sPointingRel411" value="compound"/>
		<feat xlink:href="#sPointingRel412" value="conj"/>
		<feat xlink:href="#sPointingRel414" value="punct"/>
		<feat xlink:href="#sPointingRel415" value="punct"/>
		<feat xlink:href="#sPointingRel416" value="appos"/>
		<feat xlink:href="#sPointingRel417" value="punct"/>
		<feat xlink:href="#sPointingRel418" value="punct"/>
		<feat xlink:href="#sPointingRel419" value="punct"/>
		<feat xlink:href="#sPointingRel420" value="compound"/>
		<feat xlink:href="#sPointingRel421" value="compound"/>
		<feat xlink:href="#sPointingRel422" value="conj"/>
		<feat xlink:href="#sPointingRel424" value="conj"/>
		<feat xlink:href="#sPointingRel426" value="punct"/>
		<feat xlink:href="#sPointingRel427" value="punct"/>
		<feat xlink:href="#sPointingRel428" value="appos"/>
		<feat xlink:href="#sPointingRel429" value="punct"/>
		<feat xlink:href="#sPointingRel430" value="punct"/>
		<feat xlink:href="#sPointingRel431" value="punct"/>
		<feat xlink:href="#sPointingRel432" value="amod"/>
		<feat xlink:href="#sPointingRel433" value="amod"/>
		<feat xlink:href="#sPointingRel434" value="compound"/>
		<feat xlink:href="#sPointingRel435" value="conj"/>
		<feat xlink:href="#sPointingRel437" value="punct"/>
		<feat xlink:href="#sPointingRel438" value="punct"/>
		<feat xlink:href="#sPointingRel439" value="appos"/>
		<feat xlink:href="#sPointingRel440" value="punct"/>
		<feat xlink:href="#sPointingRel441" value="punct"/>
		<feat xlink:href="#sPointingRel442" value="punct"/>
		<feat xlink:href="#sPointingRel443" value="amod"/>
		<feat xlink:href="#sPointingRel444" value="compound"/>
		<feat xlink:href="#sPointingRel445" value="conj"/>
		<feat xlink:href="#sPointingRel447" value="punct"/>
		<feat xlink:href="#sPointingRel448" value="punct"/>
		<feat xlink:href="#sPointingRel449" value="appos"/>
		<feat xlink:href="#sPointingRel450" value="punct"/>
		<feat xlink:href="#sPointingRel451" value="punct"/>
		<feat xlink:href="#sPointingRel452" value="punct"/>
		<feat xlink:href="#sPointingRel453" value="case"/>
		<feat xlink:href="#sPointingRel454" value="det"/>
		<feat xlink:href="#sPointingRel455" value="obl"/>
		<feat xlink:href="#sPointingRel457" value="case"/>
		<feat xlink:href="#sPointingRel458" value="amod"/>
		<feat xlink:href="#sPointingRel459" value="compound"/>
		<feat xlink:href="#sPointingRel460" value="obl:agent"/>
		<feat xlink:href="#sPointingRel461" value="punct"/>
		<feat xlink:href="#sPointingRel462" value="punct"/>
		<feat xlink:href="#sPointingRel463" value="appos"/>
		<feat xlink:href="#sPointingRel464" value="case"/>
		<feat xlink:href="#sPointingRel465" value="nmod"/>
		<feat xlink:href="#sPointingRel467" value="punct"/>
		<feat xlink:href="#sPointingRel468" value="conj"/>
		<feat xlink:href="#sPointingRel470" value="punct"/>
		<feat xlink:href="#sPointingRel471" value="conj"/>
		<feat xlink:href="#sPointingRel473" value="punct"/>
		<feat xlink:href="#sPointingRel474" value="punct"/>
		<feat xlink:href="#sPointingRel475" value="punct"/>
		<feat xlink:href="#sPointingRel476" value="case"/>
		<feat xlink:href="#sPointingRel477" value="amod"/>
		<feat xlink:href="#sPointingRel478" value="compound"/>
		<feat xlink:href="#sPointingRel479" value="nmod"/>
		<feat xlink:href="#sPointingRel481" value="punct"/>
		<feat xlink:href="#sPointingRel482" value="punct"/>
		<feat xlink:href="#sPointingRel483" value="appos"/>
		<feat xlink:href="#sPointingRel484" value="punct"/>
		<feat xlink:href="#sPointingRel485" value="conj"/>
		<feat xlink:href="#sPointingRel487" value="punct"/>
		<feat xlink:href="#sPointingRel488" value="conj"/>
		<feat xlink:href="#sPointingRel490" value="punct"/>
		<feat xlink:href="#sPointingRel491" value="punct"/>
		<feat xlink:href="#sPointingRel492" value="punct"/>
		<feat xlink:href="#sPointingRel493" value="obj"/>
		<feat xlink:href="#sPointingRel494" value="flat"/>
		<feat xlink:href="#sPointingRel495" value="punct"/>
		<feat xlink:href="#sPointingRel496" value="advmod"/>
		<feat xlink:href="#sPointingRel497" value="case"/>
		<feat xlink:href="#sPointingRel498" value="amod"/>
		<feat xlink:href="#sPointingRel499" value="amod"/>
		<feat xlink:href="#sPointingRel500" value="compound"/>
		<feat xlink:href="#sPointingRel501" value="obl"/>
		<feat xlink:href="#sPointingRel503" value="punct"/>
		<feat xlink:href="#sPointingRel504" value="compound"/>
		<feat xlink:href="#sPointingRel505" value="conj"/>
		<feat xlink:href="#sPointingRel507" value="punct"/>
		<feat xlink:href="#sPointingRel508" value="punct"/>
		<feat xlink:href="#sPointingRel509" value="appos"/>
		<feat xlink:href="#sPointingRel510" value="punct"/>
		<feat xlink:href="#sPointingRel511" value="punct"/>
		<feat xlink:href="#sPointingRel512" value="punct"/>
		<feat xlink:href="#sPointingRel513" value="amod"/>
		<feat xlink:href="#sPointingRel514" value="compound"/>
		<feat xlink:href="#sPointingRel515" value="conj"/>
		<feat xlink:href="#sPointingRel517" value="punct"/>
		<feat xlink:href="#sPointingRel518" value="conj"/>
		<feat xlink:href="#sPointingRel520" value="punct"/>
		<feat xlink:href="#sPointingRel521" value="punct"/>
		<feat xlink:href="#sPointingRel522" value="appos"/>
		<feat xlink:href="#sPointingRel523" value="punct"/>
		<feat xlink:href="#sPointingRel524" value="punct"/>
		<feat xlink:href="#sPointingRel525" value="punct"/>
		<feat xlink:href="#sPointingRel526" value="amod"/>
		<feat xlink:href="#sPointingRel527" value="punct"/>
		<feat xlink:href="#sPointingRel528" value="parataxis"/>
		<feat xlink:href="#sPointingRel529" value="punct"/>
		<feat xlink:href="#sPointingRel530" value="punct"/>
		<feat xlink:href="#sPointingRel531" value="parataxis"/>
		<feat xlink:href="#sPointingRel532" value="cc"/>
		<feat xlink:href="#sPointingRel533" value="conj"/>
		<feat xlink:href="#sPointingRel535" value="punct"/>
		<feat xlink:href="#sPointingRel536" value="dep"/>
		<feat xlink:href="#sPointingRel537" value="parataxis"/>
		<feat xlink:href="#sPointingRel538" value="punct"/>
		<feat xlink:href="#sPointingRel539" value="punct"/>
		<feat xlink:href="#sPointingRel540" value="parataxis"/>
		<feat xlink:href="#sPointingRel541" value="punct"/>
		<feat xlink:href="#sPointingRel542" value="conj"/>
		<feat xlink:href="#sPointingRel543" value="punct"/>
		<feat xlink:href="#sPointingRel544" value="det"/>
		<feat xlink:href="#sPointingRel545" value="acl"/>
		<feat xlink:href="#sPointingRel546" value="mark"/>
		<feat xlink:href="#sPointingRel547" value="advcl"/>
		<feat xlink:href="#sPointingRel549" value="cc"/>
		<feat xlink:href="#sPointingRel550" value="conj"/>
		<feat xlink:href="#sPointingRel553" value="punct"/>
		<feat xlink:href="#sPointingRel554" value="det"/>
		<feat xlink:href="#sPointingRel555" value="amod"/>
		<feat xlink:href="#sPointingRel556" value="parataxis"/>
		<feat xlink:href="#sPointingRel557" value="punct"/>
		<feat xlink:href="#sPointingRel558" value="nmod:poss"/>
		<feat xlink:href="#sPointingRel559" value="nsubj"/>
		<feat xlink:href="#sPointingRel560" value="det"/>
		<feat xlink:href="#sPointingRel561" value="amod"/>
		<feat xlink:href="#sPointingRel562" value="obj"/>
		<feat xlink:href="#sPointingRel563" value="case"/>
		<feat xlink:href="#sPointingRel564" value="nmod:poss"/>
		<feat xlink:href="#sPointingRel565" value="nmod"/>
		<feat xlink:href="#sPointingRel567" value="punct"/>
		<feat xlink:href="#sPointingRel568" value="compound"/>
		<feat xlink:href="#sPointingRel569" value="nsubj"/>
		<feat xlink:href="#sPointingRel570" value="cop"/>
		<feat xlink:href="#sPointingRel571" value="det"/>
		<feat xlink:href="#sPointingRel572" value="amod"/>
		<feat xlink:href="#sPointingRel573" value="amod"/>
		<feat xlink:href="#sPointingRel574" value="amod"/>
		<feat xlink:href="#sPointingRel575" value="punct"/>
		<feat xlink:href="#sPointingRel576" value="punct"/>
		<feat xlink:href="#sPointingRel577" value="parataxis"/>
		<feat xlink:href="#sPointingRel578" value="punct"/>
		<feat xlink:href="#sPointingRel579" value="det"/>
		<feat xlink:href="#sPointingRel580" value="amod"/>
		<feat xlink:href="#sPointingRel581" value="acl"/>
		<feat xlink:href="#sPointingRel582" value="amod"/>
		<feat xlink:href="#sPointingRel583" value="cc"/>
		<feat xlink:href="#sPointingRel584" value="conj"/>
		<feat xlink:href="#sPointingRel587" value="obj"/>
		<feat xlink:href="#sPointingRel588" value="punct"/>
		<feat xlink:href="#sPointingRel589" value="case"/>
		<feat xlink:href="#sPointingRel590" value="fixed"/>
		<feat xlink:href="#sPointingRel591" value="amod"/>
		<feat xlink:href="#sPointingRel592" value="obl"/>
		<feat xlink:href="#sPointingRel594" value="punct"/>
		<feat xlink:href="#sPointingRel595" value="parataxis"/>
		<feat xlink:href="#sPointingRel596" value="cc"/>
		<feat xlink:href="#sPointingRel597" value="conj"/>
		<feat xlink:href="#sPointingRel599" value="punct"/>
		<feat xlink:href="#sPointingRel600" value="punct"/>
		<feat xlink:href="#sPointingRel601" value="punct"/>
		<feat xlink:href="#sPointingRel602" value="parataxis"/>
		<feat xlink:href="#sPointingRel603" value="punct"/>
		<feat xlink:href="#sPointingRel604" value="case"/>
		<feat xlink:href="#sPointingRel605" value="compound"/>
		<feat xlink:href="#sPointingRel606" value="obl"/>
		<feat xlink:href="#sPointingRel608" value="punct"/>
		<feat xlink:href="#sPointingRel609" value="det"/>
		<feat xlink:href="#sPointingRel610" value="cc"/>
		<feat xlink:href="#sPointingRel611" value="conj"/>
		<feat xlink:href="#sPointingRel613" value="case"/>
		<feat xlink:href="#sPointingRel614" value="nmod"/>
		<feat xlink:href="#sPointingRel616" value="punct"/>
		<feat xlink:href="#sPointingRel617" value="nsubj:pass"/>
		<feat xlink:href="#sPointingRel618" value="punct"/>
		<feat xlink:href="#sPointingRel619" value="conj"/>
		<feat xlink:href="#sPointingRel622" value="cc"/>
		<feat xlink:href="#sPointingRel623" value="conj"/>
		<feat xlink:href="#sPointingRel626" value="aux:pass"/>
		<feat xlink:href="#sPointingRel627" value="case"/>
		<feat xlink:href="#sPointingRel628" value="nummod"/>
		<feat xlink:href="#sPointingRel629" value="obl"/>
		<feat xlink:href="#sPointingRel631" value="case"/>
		<feat xlink:href="#sPointingRel632" value="obl"/>
		<feat xlink:href="#sPointingRel634" value="punct"/>
		<feat xlink:href="#sPointingRel635" value="case"/>
		<feat xlink:href="#sPointingRel636" value="det"/>
		<feat xlink:href="#sPointingRel637" value="amod"/>
		<feat xlink:href="#sPointingRel638" value="amod"/>
		<feat xlink:href="#sPointingRel639" value="obl"/>
		<feat xlink:href="#sPointingRel641" value="punct"/>
		<feat xlink:href="#sPointingRel642" value="det"/>
		<feat xlink:href="#sPointingRel643" value="amod"/>
		<feat xlink:href="#sPointingRel645" value="punct"/>
		<feat xlink:href="#sPointingRel646" value="case"/>
		<feat xlink:href="#sPointingRel647" value="fixed"/>
		<feat xlink:href="#sPointingRel648" value="det"/>
		<feat xlink:href="#sPointingRel649" value="nmod"/>
		<feat xlink:href="#sPointingRel651" value="cc"/>
		<feat xlink:href="#sPointingRel652" value="conj"/>
		<feat xlink:href="#sPointingRel655" value="punct"/>
		<feat xlink:href="#sPointingRel656" value="nsubj:pass"/>
		<feat xlink:href="#sPointingRel658" value="aux:pass"/>
		<feat xlink:href="#sPointingRel659" value="acl:relcl"/>
		<feat xlink:href="#sPointingRel660" value="case"/>
		<feat xlink:href="#sPointingRel661" value="det"/>
		<feat xlink:href="#sPointingRel662" value="amod"/>
		<feat xlink:href="#sPointingRel663" value="compound"/>
		<feat xlink:href="#sPointingRel664" value="obl"/>
		<feat xlink:href="#sPointingRel666" value="punct"/>
		<feat xlink:href="#sPointingRel667" value="nsubj:pass"/>
		<feat xlink:href="#sPointingRel668" value="aux:pass"/>
		<feat xlink:href="#sPointingRel669" value="case"/>
		<feat xlink:href="#sPointingRel670" value="det"/>
		<feat xlink:href="#sPointingRel671" value="amod"/>
		<feat xlink:href="#sPointingRel672" value="obl"/>
		<feat xlink:href="#sPointingRel674" value="punct"/>
		<feat xlink:href="#sPointingRel675" value="cc"/>
		<feat xlink:href="#sPointingRel676" value="nsubj"/>
		<feat xlink:href="#sPointingRel677" value="conj"/>
		<feat xlink:href="#sPointingRel679" value="det"/>
		<feat xlink:href="#sPointingRel680" value="obj"/>
		<feat xlink:href="#sPointingRel681" value="case"/>
		<feat xlink:href="#sPointingRel682" value="nmod"/>
		<feat xlink:href="#sPointingRel684" value="cc"/>
		<feat xlink:href="#sPointingRel685" value="nmod:poss"/>
		<feat xlink:href="#sPointingRel686" value="nsubj"/>
		<feat xlink:href="#sPointingRel687" value="cop"/>
		<feat xlink:href="#sPointingRel688" value="case"/>
		<feat xlink:href="#sPointingRel689" value="det"/>
		<feat xlink:href="#sPointingRel690" value="conj"/>
		<feat xlink:href="#sPointingRel693" value="case"/>
		<feat xlink:href="#sPointingRel694" value="nmod"/>
		<feat xlink:href="#sPointingRel696" value="punct"/>
		<feat xlink:href="#sPointingRel697" value="det"/>
		<feat xlink:href="#sPointingRel698" value="compound"/>
		<feat xlink:href="#sPointingRel699" value="punct"/>
		<feat xlink:href="#sPointingRel700" value="det"/>
		<feat xlink:href="#sPointingRel701" value="conj"/>
		<feat xlink:href="#sPointingRel702" value="case"/>
		<feat xlink:href="#sPointingRel703" value="nmod"/>
		<feat xlink:href="#sPointingRel705" value="punct"/>
		<feat xlink:href="#sPointingRel706" value="det"/>
		<feat xlink:href="#sPointingRel707" value="compound"/>
		<feat xlink:href="#sPointingRel708" value="nsubj"/>
		<feat xlink:href="#sPointingRel709" value="case"/>
		<feat xlink:href="#sPointingRel710" value="nmod"/>
		<feat xlink:href="#sPointingRel712" value="cop"/>
		<feat xlink:href="#sPointingRel713" value="case"/>
		<feat xlink:href="#sPointingRel714" value="det"/>
		<feat xlink:href="#sPointingRel715" value="compound"/>
		<feat xlink:href="#sPointingRel716" value="nmod"/>
		<feat xlink:href="#sPointingRel719" value="case"/>
		<feat xlink:href="#sPointingRel720" value="nmod"/>
		<feat xlink:href="#sPointingRel722" value="case"/>
		<feat xlink:href="#sPointingRel723" value="nmod"/>
		<feat xlink:href="#sPointingRel725" value="punct"/>
		<feat xlink:href="#sPointingRel726" value="nsubj"/>
		<feat xlink:href="#sPointingRel728" value="acl:relcl"/>
		<feat xlink:href="#sPointingRel729" value="case"/>
		<feat xlink:href="#sPointingRel730" value="det"/>
		<feat xlink:href="#sPointingRel731" value="obl"/>
		<feat xlink:href="#sPointingRel733" value="case"/>
		<feat xlink:href="#sPointingRel734" value="det"/>
		<feat xlink:href="#sPointingRel735" value="amod"/>
		<feat xlink:href="#sPointingRel736" value="compound"/>
		<feat xlink:href="#sPointingRel737" value="nmod"/>
		<feat xlink:href="#sPointingRel739" value="case"/>
		<feat xlink:href="#sPointingRel740" value="det"/>
		<feat xlink:href="#sPointingRel741" value="nmod"/>
		<feat xlink:href="#sPointingRel743" value="punct"/>
		<feat xlink:href="#sPointingRel744" value="punct"/>
		<feat xlink:href="#sPointingRel745" value="parataxis"/>
		<feat xlink:href="#sPointingRel746" value="advmod"/>
		<feat xlink:href="#sPointingRel747" value="punct"/>
		<feat xlink:href="#sPointingRel748" value="det"/>
		<feat xlink:href="#sPointingRel749" value="case"/>
		<feat xlink:href="#sPointingRel750" value="det"/>
		<feat xlink:href="#sPointingRel751" value="amod"/>
		<feat xlink:href="#sPointingRel752" value="nmod"/>
		<feat xlink:href="#sPointingRel754" value="punct"/>
		<feat xlink:href="#sPointingRel755" value="det"/>
		<feat xlink:href="#sPointingRel756" value="amod"/>
		<feat xlink:href="#sPointingRel757" value="parataxis"/>
		<feat xlink:href="#sPointingRel758" value="mark"/>
		<feat xlink:href="#sPointingRel759" value="advcl"/>
		<feat xlink:href="#sPointingRel761" value="cc"/>
		<feat xlink:href="#sPointingRel762" value="amod"/>
		<feat xlink:href="#sPointingRel763" value="conj"/>
		<feat xlink:href="#sPointingRel765" value="punct"/>
		<feat xlink:href="#sPointingRel766" value="det"/>
		<feat xlink:href="#sPointingRel767" value="parataxis"/>
		<feat xlink:href="#sPointingRel768" value="case"/>
		<feat xlink:href="#sPointingRel769" value="nmod"/>
		<feat xlink:href="#sPointingRel771" value="punct"/>
		<feat xlink:href="#sPointingRel772" value="det"/>
		<feat xlink:href="#sPointingRel773" value="nsubj"/>
		<feat xlink:href="#sPointingRel774" value="case"/>
		<feat xlink:href="#sPointingRel775" value="det"/>
		<feat xlink:href="#sPointingRel776" value="amod"/>
		<feat xlink:href="#sPointingRel777" value="obl"/>
		<feat xlink:href="#sPointingRel779" value="punct"/>
		<feat xlink:href="#sPointingRel780" value="det"/>
		<feat xlink:href="#sPointingRel782" value="case"/>
		<feat xlink:href="#sPointingRel783" value="obl"/>
		<feat xlink:href="#sPointingRel785" value="nsubj:pass"/>
		<feat xlink:href="#sPointingRel786" value="aux:pass"/>
		<feat xlink:href="#sPointingRel787" value="acl:relcl"/>
		<feat xlink:href="#sPointingRel788" value="cc"/>
		<feat xlink:href="#sPointingRel789" value="case"/>
		<feat xlink:href="#sPointingRel790" value="conj"/>
		<feat xlink:href="#sPointingRel793" value="case"/>
		<feat xlink:href="#sPointingRel794" value="det"/>
		<feat xlink:href="#sPointingRel795" value="amod"/>
		<feat xlink:href="#sPointingRel796" value="obl"/>
		<feat xlink:href="#sPointingRel798" value="punct"/>
		<feat xlink:href="#sPointingRel799" value="nsubj"/>
		<feat xlink:href="#sPointingRel800" value="aux"/>
		<feat xlink:href="#sPointingRel801" value="obj"/>
		<feat xlink:href="#sPointingRel802" value="case"/>
		<feat xlink:href="#sPointingRel803" value="obl"/>
		<feat xlink:href="#sPointingRel805" value="punct"/>
		<feat xlink:href="#sPointingRel806" value="det"/>
		<feat xlink:href="#sPointingRel808" value="cc"/>
		<feat xlink:href="#sPointingRel809" value="conj"/>
		<feat xlink:href="#sPointingRel811" value="case"/>
		<feat xlink:href="#sPointingRel812" value="amod"/>
		<feat xlink:href="#sPointingRel813" value="nmod"/>
		<feat xlink:href="#sPointingRel815" value="advmod"/>
		<feat xlink:href="#sPointingRel817" value="det"/>
		<feat xlink:href="#sPointingRel818" value="nsubj:pass"/>
		<feat xlink:href="#sPointingRel819" value="case"/>
		<feat xlink:href="#sPointingRel820" value="nmod"/>
		<feat xlink:href="#sPointingRel822" value="cc"/>
		<feat xlink:href="#sPointingRel823" value="conj"/>
		<feat xlink:href="#sPointingRel826" value="aux:pass"/>
		<feat xlink:href="#sPointingRel827" value="acl:relcl"/>
		<feat xlink:href="#sPointingRel828" value="punct"/>
		<feat xlink:href="#sPointingRel829" value="det"/>
		<feat xlink:href="#sPointingRel830" value="punct"/>
		<feat xlink:href="#sPointingRel831" value="conj"/>
		<feat xlink:href="#sPointingRel833" value="punct"/>
		<feat xlink:href="#sPointingRel834" value="cc"/>
		<feat xlink:href="#sPointingRel835" value="conj"/>
		<feat xlink:href="#sPointingRel837" value="case"/>
		<feat xlink:href="#sPointingRel838" value="nmod"/>
		<feat xlink:href="#sPointingRel840" value="cc"/>
		<feat xlink:href="#sPointingRel841" value="conj"/>
		<feat xlink:href="#sPointingRel844" value="punct"/>
		<feat xlink:href="#sPointingRel845" value="acl"/>
		<feat xlink:href="#sPointingRel846" value="case"/>
		<feat xlink:href="#sPointingRel847" value="det"/>
		<feat xlink:href="#sPointingRel848" value="obl:agent"/>
		<feat xlink:href="#sPointingRel849" value="case"/>
		<feat xlink:href="#sPointingRel850" value="det"/>
		<feat xlink:href="#sPointingRel851" value="amod"/>
		<feat xlink:href="#sPointingRel852" value="nmod"/>
		<feat xlink:href="#sPointingRel854" value="cc"/>
		<feat xlink:href="#sPointingRel855" value="conj"/>
		<feat xlink:href="#sPointingRel858" value="punct"/>
		<feat xlink:href="#sPointingRel859" value="nsubj"/>
		<feat xlink:href="#sPointingRel860" value="cop"/>
		<feat xlink:href="#sPointingRel861" value="det"/>
		<feat xlink:href="#sPointingRel862" value="case"/>
		<feat xlink:href="#sPointingRel863" value="det"/>
		<feat xlink:href="#sPointingRel864" value="amod"/>
		<feat xlink:href="#sPointingRel865" value="nmod"/>
		<feat xlink:href="#sPointingRel867" value="punct"/>
		<feat xlink:href="#sPointingRel868" value="det"/>
		<feat xlink:href="#sPointingRel869" value="acl"/>
		<feat xlink:href="#sPointingRel870" value="amod"/>
		<feat xlink:href="#sPointingRel871" value="obj"/>
		<feat xlink:href="#sPointingRel872" value="punct"/>
		<feat xlink:href="#sPointingRel873" value="mark"/>
		<feat xlink:href="#sPointingRel874" value="fixed"/>
		<feat xlink:href="#sPointingRel875" value="advcl"/>
		<feat xlink:href="#sPointingRel877" value="punct"/>
		<feat xlink:href="#sPointingRel878" value="conj"/>
		<feat xlink:href="#sPointingRel880" value="punct"/>
		<feat xlink:href="#sPointingRel881" value="conj"/>
		<feat xlink:href="#sPointingRel883" value="punct"/>
		<feat xlink:href="#sPointingRel884" value="conj"/>
		<feat xlink:href="#sPointingRel886" value="punct"/>
		<feat xlink:href="#sPointingRel887" value="conj"/>
		<feat xlink:href="#sPointingRel889" value="punct"/>
		<feat xlink:href="#sPointingRel890" value="parataxis"/>
		<feat xlink:href="#sPointingRel891" value="acl"/>
		<feat xlink:href="#sPointingRel892" value="case"/>
		<feat xlink:href="#sPointingRel893" value="obl"/>
		<feat xlink:href="#sPointingRel895" value="cc"/>
		<feat xlink:href="#sPointingRel896" value="conj"/>
		<feat xlink:href="#sPointingRel899" value="punct"/>
		<feat xlink:href="#sPointingRel900" value="punct"/>
		<feat xlink:href="#sPointingRel901" value="punct"/>
		<feat xlink:href="#sPointingRel902" value="conj"/>
		<feat xlink:href="#sPointingRel903" value="punct"/>
		<feat xlink:href="#sPointingRel904" value="conj"/>
		<feat xlink:href="#sPointingRel905" value="punct"/>
		<feat xlink:href="#sPointingRel906" value="amod"/>
		<feat xlink:href="#sPointingRel907" value="parataxis"/>
		<feat xlink:href="#sPointingRel908" value="case"/>
		<feat xlink:href="#sPointingRel909" value="det"/>
		<feat xlink:href="#sPointingRel910" value="amod"/>
		<feat xlink:href="#sPointingRel911" value="nmod"/>
		<feat xlink:href="#sPointingRel913" value="punct"/>
		<feat xlink:href="#sPointingRel914" value="punct"/>
		<feat xlink:href="#sPointingRel915" value="punct"/>
		<feat xlink:href="#sPointingRel916" value="conj"/>
		<feat xlink:href="#sPointingRel917" value="punct"/>
		<feat xlink:href="#sPointingRel918" value="conj"/>
		<feat xlink:href="#sPointingRel919" value="punct"/>
		<feat xlink:href="#sPointingRel920" value="conj"/>
		<feat xlink:href="#sPointingRel921" value="advmod"/>
		<feat xlink:href="#sPointingRel922" value="dep"/>
		<feat xlink:href="#sPointingRel923" value="punct"/>
		<feat xlink:href="#sPointingRel924" value="obj"/>
		<feat xlink:href="#sPointingRel925" value="amod"/>
		<feat xlink:href="#sPointingRel926" value="punct"/>
		<feat xlink:href="#sPointingRel927" value="parataxis"/>
		<feat xlink:href="#sPointingRel928" value="acl"/>
		<feat xlink:href="#sPointingRel929" value="amod"/>
		<feat xlink:href="#sPointingRel930" value="cc"/>
		<feat xlink:href="#sPointingRel931" value="conj"/>
		<feat xlink:href="#sPointingRel934" value="obj"/>
		<feat xlink:href="#sPointingRel935" value="punct"/>
		<feat xlink:href="#sPointingRel936" value="punct"/>
		<feat xlink:href="#sPointingRel937" value="compound"/>
		<feat xlink:href="#sPointingRel938" value="punct"/>
		<feat xlink:href="#sPointingRel939" value="conj"/>
		<feat xlink:href="#sPointingRel940" value="punct"/>
		<feat xlink:href="#sPointingRel941" value="conj"/>
		<feat xlink:href="#sPointingRel942" value="punct"/>
		<feat xlink:href="#sPointingRel943" value="conj"/>
		<feat xlink:href="#sPointingRel944" value="punct"/>
		<feat xlink:href="#sPointingRel945" value="conj"/>
		<feat xlink:href="#sPointingRel946" value="punct"/>
		<feat xlink:href="#sPointingRel947" value="amod"/>
		<feat xlink:href="#sPointingRel948" value="punct"/>
		<feat xlink:href="#sPointingRel949" value="compound"/>
		<feat xlink:href="#sPointingRel950" value="amod"/>
		<feat xlink:href="#sPointingRel951" value="amod"/>
		<feat xlink:href="#sPointingRel952" value="dep"/>
		<feat xlink:href="#sPointingRel953" value="parataxis"/>
		<feat xlink:href="#sPointingRel954" value="punct"/>
		<feat xlink:href="#sPointingRel955" value="amod"/>
		<feat xlink:href="#sPointingRel956" value="dep"/>
		<feat xlink:href="#sPointingRel957" value="conj"/>
		<feat xlink:href="#sPointingRel958" value="punct"/>
		<feat xlink:href="#sPointingRel959" value="amod"/>
		<feat xlink:href="#sPointingRel960" value="dep"/>
		<feat xlink:href="#sPointingRel961" value="cc"/>
		<feat xlink:href="#sPointingRel962" value="amod"/>
		<feat xlink:href="#sPointingRel963" value="conj"/>
		<feat xlink:href="#sPointingRel966" value="conj"/>
		<feat xlink:href="#sPointingRel967" value="punct"/>
		<feat xlink:href="#sPointingRel968" value="punct"/>
		<feat xlink:href="#sPointingRel969" value="parataxis"/>
		<feat xlink:href="#sPointingRel970" value="punct"/>
		<feat xlink:href="#sPointingRel971" value="mark"/>
		<feat xlink:href="#sPointingRel972" value="punct"/>
		<feat xlink:href="#sPointingRel973" value="conj"/>
		<feat xlink:href="#sPointingRel975" value="punct"/>
		<feat xlink:href="#sPointingRel976" value="cc"/>
		<feat xlink:href="#sPointingRel977" value="conj"/>
		<feat xlink:href="#sPointingRel979" value="punct"/>
		<feat xlink:href="#sPointingRel980" value="advmod"/>
		<feat xlink:href="#sPointingRel981" value="punct"/>
		<feat xlink:href="#sPointingRel982" value="cc"/>
		<feat xlink:href="#sPointingRel983" value="advmod"/>
		<feat xlink:href="#sPointingRel984" value="conj"/>
		<feat xlink:href="#sPointingRel987" value="punct"/>
		<feat xlink:href="#sPointingRel988" value="case"/>
		<feat xlink:href="#sPointingRel989" value="det"/>
		<feat xlink:href="#sPointingRel990" value="obl"/>
		<feat xlink:href="#sPointingRel992" value="punct"/>
		<feat xlink:href="#sPointingRel993" value="punct"/>
		<feat xlink:href="#sPointingRel994" value="amod"/>
		<feat xlink:href="#sPointingRel995" value="amod"/>
		<feat xlink:href="#sPointingRel996" value="amod"/>
		<feat xlink:href="#sPointingRel997" value="nsubj:pass"/>
		<feat xlink:href="#sPointingRel998" value="aux:pass"/>
		<feat xlink:href="#sPointingRel999" value="case"/>
		<feat xlink:href="#sPointingRel1000" value="obl"/>
		<feat xlink:href="#sPointingRel1002" value="punct"/>
		<feat xlink:href="#sPointingRel1003" value="punct"/>
		<feat xlink:href="#sPointingRel1004" value="parataxis"/>
		<feat xlink:href="#sPointingRel1005" value="punct"/>
		<feat xlink:href="#sPointingRel1006" value="mark"/>
		<feat xlink:href="#sPointingRel1007" value="advmod"/>
		<feat xlink:href="#sPointingRel1008" value="punct"/>
		<feat xlink:href="#sPointingRel1009" value="mark"/>
		<feat xlink:href="#sPointingRel1010" value="conj"/>
		<feat xlink:href="#sPointingRel1011" value="det"/>
		<feat xlink:href="#sPointingRel1012" value="iobj"/>
		<feat xlink:href="#sPointingRel1013" value="det"/>
		<feat xlink:href="#sPointingRel1014" value="amod"/>
		<feat xlink:href="#sPointingRel1015" value="obj"/>
		<feat xlink:href="#sPointingRel1016" value="punct"/>
		<feat xlink:href="#sPointingRel1017" value="punct"/>
		<feat xlink:href="#sPointingRel1018" value="parataxis"/>
		<feat xlink:href="#sPointingRel1019" value="punct"/>
		<feat xlink:href="#sPointingRel1020" value="mark"/>
		<feat xlink:href="#sPointingRel1021" value="punct"/>
		<feat xlink:href="#sPointingRel1022" value="cc"/>
		<feat xlink:href="#sPointingRel1023" value="conj"/>
		<feat xlink:href="#sPointingRel1025" value="punct"/>
		<feat xlink:href="#sPointingRel1026" value="nmod:poss"/>
		<feat xlink:href="#sPointingRel1027" value="case"/>
		<feat xlink:href="#sPointingRel1028" value="obj"/>
		<feat xlink:href="#sPointingRel1030" value="punct"/>
		<feat xlink:href="#sPointingRel1031" value="nsubj"/>
		<feat xlink:href="#sPointingRel1032" value="obj"/>
		<feat xlink:href="#sPointingRel1034" value="mark"/>
		<feat xlink:href="#sPointingRel1035" value="xcomp"/>
		<feat xlink:href="#sPointingRel1036" value="nmod:poss"/>
		<feat xlink:href="#sPointingRel1037" value="obj"/>
		<feat xlink:href="#sPointingRel1038" value="punct"/>
		<feat xlink:href="#sPointingRel1039" value="advmod"/>
		<feat xlink:href="#sPointingRel1040" value="advcl"/>
		<feat xlink:href="#sPointingRel1041" value="compound:prt"/>
		<feat xlink:href="#sPointingRel1042" value="obj"/>
		<feat xlink:href="#sPointingRel1043" value="case"/>
		<feat xlink:href="#sPointingRel1044" value="nmod:poss"/>
		<feat xlink:href="#sPointingRel1045" value="nmod"/>
		<feat xlink:href="#sPointingRel1047" value="punct"/></featList></paula>