<?xml version='1.0' encoding='UTF-8'?><!DOCTYPE paula SYSTEM "paula_feat.dtd">
<paula version="1.1">
	<header paula_id="edep.GENTLE_dictionary_school.edep_func"/>
	<featList xmlns:xlink="http://www.w3.org/1999/xlink" type="func" xml:base="edep.GENTLE_dictionary_school.edep.xml">
		<feat xlink:href="#sPointingRel29" value="nmod:of"/>
		<feat xlink:href="#sPointingRel32" value="appos"/>
		<feat xlink:href="#sPointingRel35" value="appos"/>
		<feat xlink:href="#sPointingRel38" value="appos"/>
		<feat xlink:href="#sPointingRel41" value="nmod:of"/>
		<feat xlink:href="#sPointingRel49" value="nmod:from"/>
		<feat xlink:href="#sPointingRel55" value="appos"/>
		<feat xlink:href="#sPointingRel58" value="nmod:of"/>
		<feat xlink:href="#sPointingRel61" value="appos"/>
		<feat xlink:href="#sPointingRel64" value="nmod:of"/>
		<feat xlink:href="#sPointingRel72" value="nmod:from"/>
		<feat xlink:href="#sPointingRel75" value="nmod:from"/>
		<feat xlink:href="#sPointingRel81" value="appos"/>
		<feat xlink:href="#sPointingRel88" value="nmod:from"/>
		<feat xlink:href="#sPointingRel98" value="nmod:from"/>
		<feat xlink:href="#sPointingRel104" value="appos"/>
		<feat xlink:href="#sPointingRel113" value="obl:with"/>
		<feat xlink:href="#sPointingRel119" value="appos"/>
		<feat xlink:href="#sPointingRel126" value="obl:with"/>
		<feat xlink:href="#sPointingRel132" value="appos"/>
		<feat xlink:href="#sPointingRel133" value="conj:or"/>
		<feat xlink:href="#sPointingRel136" value="nmod:of"/>
		<feat xlink:href="#sPointingRel139" value="appos"/>
		<feat xlink:href="#sPointingRel142" value="appos"/>
		<feat xlink:href="#sPointingRel145" value="appos"/>
		<feat xlink:href="#sPointingRel148" value="nmod:of"/>
		<feat xlink:href="#sPointingRel155" value="nmod:of"/>
		<feat xlink:href="#sPointingRel166" value="nmod:of"/>
		<feat xlink:href="#sPointingRel178" value="nmod:of"/>
		<feat xlink:href="#sPointingRel182" value="conj:or"/>
		<feat xlink:href="#sPointingRel186" value="nmod:of"/>
		<feat xlink:href="#sPointingRel190" value="nmod:such_as"/>
		<feat xlink:href="#sPointingRel193" value="nmod:such_as"/>
		<feat xlink:href="#sPointingRel194" value="conj:or"/>
		<feat xlink:href="#sPointingRel198" value="nmod:such_as"/>
		<feat xlink:href="#sPointingRel199" value="conj:or"/>
		<feat xlink:href="#sPointingRel208" value="nmod:of"/>
		<feat xlink:href="#sPointingRel234" value="conj:and"/>
		<feat xlink:href="#sPointingRel235" value="dep"/>
		<feat xlink:href="#sPointingRel244" value="obl:of"/>
		<feat xlink:href="#sPointingRel251" value="conj:or"/>
		<feat xlink:href="#sPointingRel255" value="obl:in"/>
		<feat xlink:href="#sPointingRel267" value="nmod:from"/>
		<feat xlink:href="#sPointingRel273" value="nmod:of"/>
		<feat xlink:href="#sPointingRel280" value="nmod:from"/>
		<feat xlink:href="#sPointingRel291" value="nmod:from"/>
		<feat xlink:href="#sPointingRel294" value="nmod:from"/>
		<feat xlink:href="#sPointingRel301" value="appos"/>
		<feat xlink:href="#sPointingRel302" value="conj:or"/>
		<feat xlink:href="#sPointingRel305" value="appos"/>
		<feat xlink:href="#sPointingRel308" value="appos"/>
		<feat xlink:href="#sPointingRel316" value="nmod:from"/>
		<feat xlink:href="#sPointingRel323" value="nmod:from"/>
		<feat xlink:href="#sPointingRel332" value="appos"/>
		<feat xlink:href="#sPointingRel335" value="appos"/>
		<feat xlink:href="#sPointingRel339" value="conj"/>
		<feat xlink:href="#sPointingRel340" value="conj:and"/>
		<feat xlink:href="#sPointingRel344" value="obl:through"/>
		<feat xlink:href="#sPointingRel348" value="obl:during"/>
		<feat xlink:href="#sPointingRel352" value="appos"/>
		<feat xlink:href="#sPointingRel353" value="obl"/>
		<feat xlink:href="#sPointingRel355" value="ref"/>
		<feat xlink:href="#sPointingRel366" value="nmod:from"/>
		<feat xlink:href="#sPointingRel373" value="appos"/>
		<feat xlink:href="#sPointingRel376" value="appos"/>
		<feat xlink:href="#sPointingRel382" value="nmod:of"/>
		<feat xlink:href="#sPointingRel385" value="nmod:of"/>
		<feat xlink:href="#sPointingRel386" value="conj:and"/>
		<feat xlink:href="#sPointingRel393" value="obj"/>
		<feat xlink:href="#sPointingRel403" value="obj"/>
		<feat xlink:href="#sPointingRel408" value="conj"/>
		<feat xlink:href="#sPointingRel413" value="obj"/>
		<feat xlink:href="#sPointingRel423" value="compound"/>
		<feat xlink:href="#sPointingRel425" value="obj"/>
		<feat xlink:href="#sPointingRel436" value="obj"/>
		<feat xlink:href="#sPointingRel446" value="obj"/>
		<feat xlink:href="#sPointingRel456" value="obl:in"/>
		<feat xlink:href="#sPointingRel466" value="nmod:of"/>
		<feat xlink:href="#sPointingRel469" value="appos"/>
		<feat xlink:href="#sPointingRel472" value="appos"/>
		<feat xlink:href="#sPointingRel480" value="nmod:from"/>
		<feat xlink:href="#sPointingRel486" value="appos"/>
		<feat xlink:href="#sPointingRel489" value="appos"/>
		<feat xlink:href="#sPointingRel502" value="obl:to"/>
		<feat xlink:href="#sPointingRel506" value="obl:to"/>
		<feat xlink:href="#sPointingRel516" value="obl:to"/>
		<feat xlink:href="#sPointingRel519" value="conj"/>
		<feat xlink:href="#sPointingRel534" value="conj:and"/>
		<feat xlink:href="#sPointingRel548" value="advcl:to"/>
		<feat xlink:href="#sPointingRel551" value="advcl:to"/>
		<feat xlink:href="#sPointingRel552" value="conj:and"/>
		<feat xlink:href="#sPointingRel566" value="nmod:in"/>
		<feat xlink:href="#sPointingRel585" value="conj:and"/>
		<feat xlink:href="#sPointingRel586" value="amod"/>
		<feat xlink:href="#sPointingRel593" value="obl:prior_to"/>
		<feat xlink:href="#sPointingRel598" value="conj:or"/>
		<feat xlink:href="#sPointingRel607" value="obl:at"/>
		<feat xlink:href="#sPointingRel612" value="conj:or"/>
		<feat xlink:href="#sPointingRel615" value="nmod:of"/>
		<feat xlink:href="#sPointingRel620" value="conj:and"/>
		<feat xlink:href="#sPointingRel621" value="nsubj:pass"/>
		<feat xlink:href="#sPointingRel624" value="conj:and"/>
		<feat xlink:href="#sPointingRel625" value="nsubj:pass"/>
		<feat xlink:href="#sPointingRel630" value="obl:for"/>
		<feat xlink:href="#sPointingRel633" value="obl:per"/>
		<feat xlink:href="#sPointingRel640" value="obl:within"/>
		<feat xlink:href="#sPointingRel644" value="nsubj:pass"/>
		<feat xlink:href="#sPointingRel650" value="nmod:such_as"/>
		<feat xlink:href="#sPointingRel653" value="nmod:such_as"/>
		<feat xlink:href="#sPointingRel654" value="conj:or"/>
		<feat xlink:href="#sPointingRel657" value="ref"/>
		<feat xlink:href="#sPointingRel665" value="obl:to"/>
		<feat xlink:href="#sPointingRel673" value="obl:in"/>
		<feat xlink:href="#sPointingRel678" value="conj:but"/>
		<feat xlink:href="#sPointingRel683" value="nmod:of"/>
		<feat xlink:href="#sPointingRel691" value="conj"/>
		<feat xlink:href="#sPointingRel692" value="conj:and"/>
		<feat xlink:href="#sPointingRel695" value="nmod:of"/>
		<feat xlink:href="#sPointingRel704" value="nmod:of"/>
		<feat xlink:href="#sPointingRel711" value="nmod:of"/>
		<feat xlink:href="#sPointingRel717" value="nmod:of"/>
		<feat xlink:href="#sPointingRel718" value="nsubj"/>
		<feat xlink:href="#sPointingRel721" value="nmod:towards"/>
		<feat xlink:href="#sPointingRel724" value="nmod:in"/>
		<feat xlink:href="#sPointingRel727" value="ref"/>
		<feat xlink:href="#sPointingRel732" value="obl:in"/>
		<feat xlink:href="#sPointingRel738" value="nmod:of"/>
		<feat xlink:href="#sPointingRel742" value="nmod:of"/>
		<feat xlink:href="#sPointingRel753" value="nmod:of"/>
		<feat xlink:href="#sPointingRel760" value="advcl:of"/>
		<feat xlink:href="#sPointingRel764" value="conj:or"/>
		<feat xlink:href="#sPointingRel770" value="nmod:of"/>
		<feat xlink:href="#sPointingRel778" value="obl:to"/>
		<feat xlink:href="#sPointingRel781" value="obl:during"/>
		<feat xlink:href="#sPointingRel784" value="ref"/>
		<feat xlink:href="#sPointingRel791" value="acl:relcl"/>
		<feat xlink:href="#sPointingRel792" value="conj:or"/>
		<feat xlink:href="#sPointingRel797" value="obl:in"/>
		<feat xlink:href="#sPointingRel804" value="obl:after"/>
		<feat xlink:href="#sPointingRel807" value="obl"/>
		<feat xlink:href="#sPointingRel810" value="conj:or"/>
		<feat xlink:href="#sPointingRel814" value="nmod:in"/>
		<feat xlink:href="#sPointingRel816" value="ref"/>
		<feat xlink:href="#sPointingRel821" value="nmod:for"/>
		<feat xlink:href="#sPointingRel824" value="nmod:for"/>
		<feat xlink:href="#sPointingRel825" value="conj:and"/>
		<feat xlink:href="#sPointingRel832" value="conj:or"/>
		<feat xlink:href="#sPointingRel836" value="conj:or"/>
		<feat xlink:href="#sPointingRel839" value="nmod:of"/>
		<feat xlink:href="#sPointingRel842" value="nmod:of"/>
		<feat xlink:href="#sPointingRel843" value="conj:or"/>
		<feat xlink:href="#sPointingRel853" value="nmod:of"/>
		<feat xlink:href="#sPointingRel856" value="nmod:of"/>
		<feat xlink:href="#sPointingRel857" value="conj:or"/>
		<feat xlink:href="#sPointingRel866" value="nmod:of"/>
		<feat xlink:href="#sPointingRel876" value="advcl:as_for"/>
		<feat xlink:href="#sPointingRel879" value="advcl:as_for"/>
		<feat xlink:href="#sPointingRel882" value="advcl:as_for"/>
		<feat xlink:href="#sPointingRel885" value="advcl:as_for"/>
		<feat xlink:href="#sPointingRel888" value="advcl:as_for"/>
		<feat xlink:href="#sPointingRel894" value="obl:to"/>
		<feat xlink:href="#sPointingRel897" value="obl:to"/>
		<feat xlink:href="#sPointingRel898" value="conj:and"/>
		<feat xlink:href="#sPointingRel912" value="nmod:within"/>
		<feat xlink:href="#sPointingRel932" value="conj:and"/>
		<feat xlink:href="#sPointingRel933" value="amod"/>
		<feat xlink:href="#sPointingRel964" value="conj:and"/>
		<feat xlink:href="#sPointingRel965" value="dep"/>
		<feat xlink:href="#sPointingRel974" value="conj:or"/>
		<feat xlink:href="#sPointingRel978" value="conj:or"/>
		<feat xlink:href="#sPointingRel985" value="conj:but"/>
		<feat xlink:href="#sPointingRel986" value="advmod"/>
		<feat xlink:href="#sPointingRel991" value="obl:in"/>
		<feat xlink:href="#sPointingRel1001" value="obl:in"/>
		<feat xlink:href="#sPointingRel1024" value="conj:or"/>
		<feat xlink:href="#sPointingRel1029" value="obj"/>
		<feat xlink:href="#sPointingRel1033" value="nsubj:xsubj"/>
		<feat xlink:href="#sPointingRel1046" value="nmod:of"/></featList></paula>