<?xml version='1.0' encoding='UTF-8'?><!DOCTYPE paula SYSTEM "paula_rel.dtd">
<paula version="1.1">
	<header paula_id="edep.GENTLE_dictionary_school.edep"/>
	<relList xmlns:xlink="http://www.w3.org/1999/xlink" type="edep">
		<rel id="sPointingRel29" xlink:href="GENTLE_dictionary_school.tok.xml#sTok34" target="GENTLE_dictionary_school.tok.xml#sTok36"/>
		<rel id="sPointingRel32" xlink:href="GENTLE_dictionary_school.tok.xml#sTok29" target="GENTLE_dictionary_school.tok.xml#sTok38"/>
		<rel id="sPointingRel35" xlink:href="GENTLE_dictionary_school.tok.xml#sTok29" target="GENTLE_dictionary_school.tok.xml#sTok40"/>
		<rel id="sPointingRel38" xlink:href="GENTLE_dictionary_school.tok.xml#sTok29" target="GENTLE_dictionary_school.tok.xml#sTok42"/>
		<rel id="sPointingRel41" xlink:href="GENTLE_dictionary_school.tok.xml#sTok42" target="GENTLE_dictionary_school.tok.xml#sTok44"/>
		<rel id="sPointingRel49" xlink:href="GENTLE_dictionary_school.tok.xml#sTok29" target="GENTLE_dictionary_school.tok.xml#sTok51"/>
		<rel id="sPointingRel55" xlink:href="GENTLE_dictionary_school.tok.xml#sTok51" target="GENTLE_dictionary_school.tok.xml#sTok56"/>
		<rel id="sPointingRel58" xlink:href="GENTLE_dictionary_school.tok.xml#sTok56" target="GENTLE_dictionary_school.tok.xml#sTok58"/>
		<rel id="sPointingRel61" xlink:href="GENTLE_dictionary_school.tok.xml#sTok51" target="GENTLE_dictionary_school.tok.xml#sTok60"/>
		<rel id="sPointingRel64" xlink:href="GENTLE_dictionary_school.tok.xml#sTok60" target="GENTLE_dictionary_school.tok.xml#sTok62"/>
		<rel id="sPointingRel72" xlink:href="GENTLE_dictionary_school.tok.xml#sTok51" target="GENTLE_dictionary_school.tok.xml#sTok69"/>
		<rel id="sPointingRel75" xlink:href="GENTLE_dictionary_school.tok.xml#sTok51" target="GENTLE_dictionary_school.tok.xml#sTok71"/>
		<rel id="sPointingRel81" xlink:href="GENTLE_dictionary_school.tok.xml#sTok69" target="GENTLE_dictionary_school.tok.xml#sTok76"/>
		<rel id="sPointingRel88" xlink:href="GENTLE_dictionary_school.tok.xml#sTok69" target="GENTLE_dictionary_school.tok.xml#sTok82"/>
		<rel id="sPointingRel98" xlink:href="GENTLE_dictionary_school.tok.xml#sTok82" target="GENTLE_dictionary_school.tok.xml#sTok91"/>
		<rel id="sPointingRel104" xlink:href="GENTLE_dictionary_school.tok.xml#sTok91" target="GENTLE_dictionary_school.tok.xml#sTok96"/>
		<rel id="sPointingRel113" xlink:href="GENTLE_dictionary_school.tok.xml#sTok100" target="GENTLE_dictionary_school.tok.xml#sTok105"/>
		<rel id="sPointingRel119" xlink:href="GENTLE_dictionary_school.tok.xml#sTok105" target="GENTLE_dictionary_school.tok.xml#sTok110"/>
		<rel id="sPointingRel126" xlink:href="GENTLE_dictionary_school.tok.xml#sTok100" target="GENTLE_dictionary_school.tok.xml#sTok116"/>
		<rel id="sPointingRel132" xlink:href="GENTLE_dictionary_school.tok.xml#sTok116" target="GENTLE_dictionary_school.tok.xml#sTok121"/>
		<rel id="sPointingRel133" xlink:href="GENTLE_dictionary_school.tok.xml#sTok119" target="GENTLE_dictionary_school.tok.xml#sTok121"/>
		<rel id="sPointingRel136" xlink:href="GENTLE_dictionary_school.tok.xml#sTok119" target="GENTLE_dictionary_school.tok.xml#sTok123"/>
		<rel id="sPointingRel139" xlink:href="GENTLE_dictionary_school.tok.xml#sTok116" target="GENTLE_dictionary_school.tok.xml#sTok125"/>
		<rel id="sPointingRel142" xlink:href="GENTLE_dictionary_school.tok.xml#sTok116" target="GENTLE_dictionary_school.tok.xml#sTok127"/>
		<rel id="sPointingRel145" xlink:href="GENTLE_dictionary_school.tok.xml#sTok116" target="GENTLE_dictionary_school.tok.xml#sTok129"/>
		<rel id="sPointingRel148" xlink:href="GENTLE_dictionary_school.tok.xml#sTok129" target="GENTLE_dictionary_school.tok.xml#sTok131"/>
		<rel id="sPointingRel155" xlink:href="GENTLE_dictionary_school.tok.xml#sTok135" target="GENTLE_dictionary_school.tok.xml#sTok137"/>
		<rel id="sPointingRel166" xlink:href="GENTLE_dictionary_school.tok.xml#sTok146" target="GENTLE_dictionary_school.tok.xml#sTok151"/>
		<rel id="sPointingRel178" xlink:href="GENTLE_dictionary_school.tok.xml#sTok162" target="GENTLE_dictionary_school.tok.xml#sTok164"/>
		<rel id="sPointingRel182" xlink:href="GENTLE_dictionary_school.tok.xml#sTok162" target="GENTLE_dictionary_school.tok.xml#sTok167"/>
		<rel id="sPointingRel186" xlink:href="GENTLE_dictionary_school.tok.xml#sTok167" target="GENTLE_dictionary_school.tok.xml#sTok170"/>
		<rel id="sPointingRel190" xlink:href="GENTLE_dictionary_school.tok.xml#sTok170" target="GENTLE_dictionary_school.tok.xml#sTok173"/>
		<rel id="sPointingRel193" xlink:href="GENTLE_dictionary_school.tok.xml#sTok170" target="GENTLE_dictionary_school.tok.xml#sTok175"/>
		<rel id="sPointingRel194" xlink:href="GENTLE_dictionary_school.tok.xml#sTok173" target="GENTLE_dictionary_school.tok.xml#sTok175"/>
		<rel id="sPointingRel198" xlink:href="GENTLE_dictionary_school.tok.xml#sTok170" target="GENTLE_dictionary_school.tok.xml#sTok178"/>
		<rel id="sPointingRel199" xlink:href="GENTLE_dictionary_school.tok.xml#sTok173" target="GENTLE_dictionary_school.tok.xml#sTok178"/>
		<rel id="sPointingRel208" xlink:href="GENTLE_dictionary_school.tok.xml#sTok185" target="GENTLE_dictionary_school.tok.xml#sTok187"/>
		<rel id="sPointingRel234" xlink:href="GENTLE_dictionary_school.tok.xml#sTok214" target="GENTLE_dictionary_school.tok.xml#sTok217"/>
		<rel id="sPointingRel235" xlink:href="GENTLE_dictionary_school.tok.xml#sTok218" target="GENTLE_dictionary_school.tok.xml#sTok217"/>
		<rel id="sPointingRel244" xlink:href="GENTLE_dictionary_school.tok.xml#sTok228" target="GENTLE_dictionary_school.tok.xml#sTok225"/>
		<rel id="sPointingRel251" xlink:href="GENTLE_dictionary_school.tok.xml#sTok228" target="GENTLE_dictionary_school.tok.xml#sTok232"/>
		<rel id="sPointingRel255" xlink:href="GENTLE_dictionary_school.tok.xml#sTok232" target="GENTLE_dictionary_school.tok.xml#sTok235"/>
		<rel id="sPointingRel267" xlink:href="GENTLE_dictionary_school.tok.xml#sTok244" target="GENTLE_dictionary_school.tok.xml#sTok249"/>
		<rel id="sPointingRel273" xlink:href="GENTLE_dictionary_school.tok.xml#sTok252" target="GENTLE_dictionary_school.tok.xml#sTok254"/>
		<rel id="sPointingRel280" xlink:href="GENTLE_dictionary_school.tok.xml#sTok249" target="GENTLE_dictionary_school.tok.xml#sTok260"/>
		<rel id="sPointingRel291" xlink:href="GENTLE_dictionary_school.tok.xml#sTok260" target="GENTLE_dictionary_school.tok.xml#sTok270"/>
		<rel id="sPointingRel294" xlink:href="GENTLE_dictionary_school.tok.xml#sTok260" target="GENTLE_dictionary_school.tok.xml#sTok272"/>
		<rel id="sPointingRel301" xlink:href="GENTLE_dictionary_school.tok.xml#sTok270" target="GENTLE_dictionary_school.tok.xml#sTok278"/>
		<rel id="sPointingRel302" xlink:href="GENTLE_dictionary_school.tok.xml#sTok276" target="GENTLE_dictionary_school.tok.xml#sTok278"/>
		<rel id="sPointingRel305" xlink:href="GENTLE_dictionary_school.tok.xml#sTok270" target="GENTLE_dictionary_school.tok.xml#sTok280"/>
		<rel id="sPointingRel308" xlink:href="GENTLE_dictionary_school.tok.xml#sTok270" target="GENTLE_dictionary_school.tok.xml#sTok282"/>
		<rel id="sPointingRel316" xlink:href="GENTLE_dictionary_school.tok.xml#sTok270" target="GENTLE_dictionary_school.tok.xml#sTok289"/>
		<rel id="sPointingRel323" xlink:href="GENTLE_dictionary_school.tok.xml#sTok289" target="GENTLE_dictionary_school.tok.xml#sTok295"/>
		<rel id="sPointingRel332" xlink:href="GENTLE_dictionary_school.tok.xml#sTok295" target="GENTLE_dictionary_school.tok.xml#sTok303"/>
		<rel id="sPointingRel335" xlink:href="GENTLE_dictionary_school.tok.xml#sTok295" target="GENTLE_dictionary_school.tok.xml#sTok305"/>
		<rel id="sPointingRel339" xlink:href="GENTLE_dictionary_school.tok.xml#sTok301" target="GENTLE_dictionary_school.tok.xml#sTok308"/>
		<rel id="sPointingRel340" xlink:href="GENTLE_dictionary_school.tok.xml#sTok305" target="GENTLE_dictionary_school.tok.xml#sTok308"/>
		<rel id="sPointingRel344" xlink:href="GENTLE_dictionary_school.tok.xml#sTok309" target="GENTLE_dictionary_school.tok.xml#sTok311"/>
		<rel id="sPointingRel348" xlink:href="GENTLE_dictionary_school.tok.xml#sTok309" target="GENTLE_dictionary_school.tok.xml#sTok314"/>
		<rel id="sPointingRel352" xlink:href="GENTLE_dictionary_school.tok.xml#sTok295" target="GENTLE_dictionary_school.tok.xml#sTok317"/>
		<rel id="sPointingRel353" xlink:href="GENTLE_dictionary_school.tok.xml#sTok321" target="GENTLE_dictionary_school.tok.xml#sTok317"/>
		<rel id="sPointingRel355" xlink:href="GENTLE_dictionary_school.tok.xml#sTok317" target="GENTLE_dictionary_school.tok.xml#sTok318"/>
		<rel id="sPointingRel366" xlink:href="GENTLE_dictionary_school.tok.xml#sTok295" target="GENTLE_dictionary_school.tok.xml#sTok328"/>
		<rel id="sPointingRel373" xlink:href="GENTLE_dictionary_school.tok.xml#sTok328" target="GENTLE_dictionary_school.tok.xml#sTok334"/>
		<rel id="sPointingRel376" xlink:href="GENTLE_dictionary_school.tok.xml#sTok328" target="GENTLE_dictionary_school.tok.xml#sTok336"/>
		<rel id="sPointingRel382" xlink:href="GENTLE_dictionary_school.tok.xml#sTok340" target="GENTLE_dictionary_school.tok.xml#sTok342"/>
		<rel id="sPointingRel385" xlink:href="GENTLE_dictionary_school.tok.xml#sTok340" target="GENTLE_dictionary_school.tok.xml#sTok344"/>
		<rel id="sPointingRel386" xlink:href="GENTLE_dictionary_school.tok.xml#sTok342" target="GENTLE_dictionary_school.tok.xml#sTok344"/>
		<rel id="sPointingRel393" xlink:href="GENTLE_dictionary_school.tok.xml#sTok346" target="GENTLE_dictionary_school.tok.xml#sTok351"/>
		<rel id="sPointingRel403" xlink:href="GENTLE_dictionary_school.tok.xml#sTok346" target="GENTLE_dictionary_school.tok.xml#sTok360"/>
		<rel id="sPointingRel408" xlink:href="GENTLE_dictionary_school.tok.xml#sTok349" target="GENTLE_dictionary_school.tok.xml#sTok364"/>
		<rel id="sPointingRel413" xlink:href="GENTLE_dictionary_school.tok.xml#sTok346" target="GENTLE_dictionary_school.tok.xml#sTok368"/>
		<rel id="sPointingRel423" xlink:href="GENTLE_dictionary_school.tok.xml#sTok378" target="GENTLE_dictionary_school.tok.xml#sTok377"/>
		<rel id="sPointingRel425" xlink:href="GENTLE_dictionary_school.tok.xml#sTok346" target="GENTLE_dictionary_school.tok.xml#sTok378"/>
		<rel id="sPointingRel436" xlink:href="GENTLE_dictionary_school.tok.xml#sTok346" target="GENTLE_dictionary_school.tok.xml#sTok388"/>
		<rel id="sPointingRel446" xlink:href="GENTLE_dictionary_school.tok.xml#sTok346" target="GENTLE_dictionary_school.tok.xml#sTok397"/>
		<rel id="sPointingRel456" xlink:href="GENTLE_dictionary_school.tok.xml#sTok404" target="GENTLE_dictionary_school.tok.xml#sTok407"/>
		<rel id="sPointingRel466" xlink:href="GENTLE_dictionary_school.tok.xml#sTok414" target="GENTLE_dictionary_school.tok.xml#sTok416"/>
		<rel id="sPointingRel469" xlink:href="GENTLE_dictionary_school.tok.xml#sTok411" target="GENTLE_dictionary_school.tok.xml#sTok418"/>
		<rel id="sPointingRel472" xlink:href="GENTLE_dictionary_school.tok.xml#sTok411" target="GENTLE_dictionary_school.tok.xml#sTok420"/>
		<rel id="sPointingRel480" xlink:href="GENTLE_dictionary_school.tok.xml#sTok411" target="GENTLE_dictionary_school.tok.xml#sTok427"/>
		<rel id="sPointingRel486" xlink:href="GENTLE_dictionary_school.tok.xml#sTok427" target="GENTLE_dictionary_school.tok.xml#sTok432"/>
		<rel id="sPointingRel489" xlink:href="GENTLE_dictionary_school.tok.xml#sTok427" target="GENTLE_dictionary_school.tok.xml#sTok434"/>
		<rel id="sPointingRel502" xlink:href="GENTLE_dictionary_school.tok.xml#sTok442" target="GENTLE_dictionary_school.tok.xml#sTok448"/>
		<rel id="sPointingRel506" xlink:href="GENTLE_dictionary_school.tok.xml#sTok442" target="GENTLE_dictionary_school.tok.xml#sTok451"/>
		<rel id="sPointingRel516" xlink:href="GENTLE_dictionary_school.tok.xml#sTok442" target="GENTLE_dictionary_school.tok.xml#sTok460"/>
		<rel id="sPointingRel519" xlink:href="GENTLE_dictionary_school.tok.xml#sTok448" target="GENTLE_dictionary_school.tok.xml#sTok462"/>
		<rel id="sPointingRel534" xlink:href="GENTLE_dictionary_school.tok.xml#sTok478" target="GENTLE_dictionary_school.tok.xml#sTok480"/>
		<rel id="sPointingRel548" xlink:href="GENTLE_dictionary_school.tok.xml#sTok492" target="GENTLE_dictionary_school.tok.xml#sTok494"/>
		<rel id="sPointingRel551" xlink:href="GENTLE_dictionary_school.tok.xml#sTok492" target="GENTLE_dictionary_school.tok.xml#sTok496"/>
		<rel id="sPointingRel552" xlink:href="GENTLE_dictionary_school.tok.xml#sTok494" target="GENTLE_dictionary_school.tok.xml#sTok496"/>
		<rel id="sPointingRel566" xlink:href="GENTLE_dictionary_school.tok.xml#sTok507" target="GENTLE_dictionary_school.tok.xml#sTok510"/>
		<rel id="sPointingRel585" xlink:href="GENTLE_dictionary_school.tok.xml#sTok528" target="GENTLE_dictionary_school.tok.xml#sTok530"/>
		<rel id="sPointingRel586" xlink:href="GENTLE_dictionary_school.tok.xml#sTok531" target="GENTLE_dictionary_school.tok.xml#sTok530"/>
		<rel id="sPointingRel593" xlink:href="GENTLE_dictionary_school.tok.xml#sTok527" target="GENTLE_dictionary_school.tok.xml#sTok536"/>
		<rel id="sPointingRel598" xlink:href="GENTLE_dictionary_school.tok.xml#sTok538" target="GENTLE_dictionary_school.tok.xml#sTok540"/>
		<rel id="sPointingRel607" xlink:href="GENTLE_dictionary_school.tok.xml#sTok551" target="GENTLE_dictionary_school.tok.xml#sTok548"/>
		<rel id="sPointingRel612" xlink:href="GENTLE_dictionary_school.tok.xml#sTok551" target="GENTLE_dictionary_school.tok.xml#sTok553"/>
		<rel id="sPointingRel615" xlink:href="GENTLE_dictionary_school.tok.xml#sTok551" target="GENTLE_dictionary_school.tok.xml#sTok555"/>
		<rel id="sPointingRel620" xlink:href="GENTLE_dictionary_school.tok.xml#sTok557" target="GENTLE_dictionary_school.tok.xml#sTok559"/>
		<rel id="sPointingRel621" xlink:href="GENTLE_dictionary_school.tok.xml#sTok563" target="GENTLE_dictionary_school.tok.xml#sTok559"/>
		<rel id="sPointingRel624" xlink:href="GENTLE_dictionary_school.tok.xml#sTok557" target="GENTLE_dictionary_school.tok.xml#sTok561"/>
		<rel id="sPointingRel625" xlink:href="GENTLE_dictionary_school.tok.xml#sTok563" target="GENTLE_dictionary_school.tok.xml#sTok561"/>
		<rel id="sPointingRel630" xlink:href="GENTLE_dictionary_school.tok.xml#sTok563" target="GENTLE_dictionary_school.tok.xml#sTok566"/>
		<rel id="sPointingRel633" xlink:href="GENTLE_dictionary_school.tok.xml#sTok563" target="GENTLE_dictionary_school.tok.xml#sTok568"/>
		<rel id="sPointingRel640" xlink:href="GENTLE_dictionary_school.tok.xml#sTok578" target="GENTLE_dictionary_school.tok.xml#sTok574"/>
		<rel id="sPointingRel644" xlink:href="GENTLE_dictionary_school.tok.xml#sTok589" target="GENTLE_dictionary_school.tok.xml#sTok578"/>
		<rel id="sPointingRel650" xlink:href="GENTLE_dictionary_school.tok.xml#sTok578" target="GENTLE_dictionary_school.tok.xml#sTok583"/>
		<rel id="sPointingRel653" xlink:href="GENTLE_dictionary_school.tok.xml#sTok578" target="GENTLE_dictionary_school.tok.xml#sTok585"/>
		<rel id="sPointingRel654" xlink:href="GENTLE_dictionary_school.tok.xml#sTok583" target="GENTLE_dictionary_school.tok.xml#sTok585"/>
		<rel id="sPointingRel657" xlink:href="GENTLE_dictionary_school.tok.xml#sTok578" target="GENTLE_dictionary_school.tok.xml#sTok587"/>
		<rel id="sPointingRel665" xlink:href="GENTLE_dictionary_school.tok.xml#sTok589" target="GENTLE_dictionary_school.tok.xml#sTok594"/>
		<rel id="sPointingRel673" xlink:href="GENTLE_dictionary_school.tok.xml#sTok598" target="GENTLE_dictionary_school.tok.xml#sTok602"/>
		<rel id="sPointingRel678" xlink:href="GENTLE_dictionary_school.tok.xml#sTok598" target="GENTLE_dictionary_school.tok.xml#sTok606"/>
		<rel id="sPointingRel683" xlink:href="GENTLE_dictionary_school.tok.xml#sTok608" target="GENTLE_dictionary_school.tok.xml#sTok610"/>
		<rel id="sPointingRel691" xlink:href="GENTLE_dictionary_school.tok.xml#sTok598" target="GENTLE_dictionary_school.tok.xml#sTok617"/>
		<rel id="sPointingRel692" xlink:href="GENTLE_dictionary_school.tok.xml#sTok606" target="GENTLE_dictionary_school.tok.xml#sTok617"/>
		<rel id="sPointingRel695" xlink:href="GENTLE_dictionary_school.tok.xml#sTok617" target="GENTLE_dictionary_school.tok.xml#sTok619"/>
		<rel id="sPointingRel704" xlink:href="GENTLE_dictionary_school.tok.xml#sTok626" target="GENTLE_dictionary_school.tok.xml#sTok628"/>
		<rel id="sPointingRel711" xlink:href="GENTLE_dictionary_school.tok.xml#sTok632" target="GENTLE_dictionary_school.tok.xml#sTok634"/>
		<rel id="sPointingRel717" xlink:href="GENTLE_dictionary_school.tok.xml#sTok636" target="GENTLE_dictionary_school.tok.xml#sTok640"/>
		<rel id="sPointingRel718" xlink:href="GENTLE_dictionary_school.tok.xml#sTok647" target="GENTLE_dictionary_school.tok.xml#sTok640"/>
		<rel id="sPointingRel721" xlink:href="GENTLE_dictionary_school.tok.xml#sTok640" target="GENTLE_dictionary_school.tok.xml#sTok642"/>
		<rel id="sPointingRel724" xlink:href="GENTLE_dictionary_school.tok.xml#sTok642" target="GENTLE_dictionary_school.tok.xml#sTok644"/>
		<rel id="sPointingRel727" xlink:href="GENTLE_dictionary_school.tok.xml#sTok640" target="GENTLE_dictionary_school.tok.xml#sTok646"/>
		<rel id="sPointingRel732" xlink:href="GENTLE_dictionary_school.tok.xml#sTok647" target="GENTLE_dictionary_school.tok.xml#sTok650"/>
		<rel id="sPointingRel738" xlink:href="GENTLE_dictionary_school.tok.xml#sTok650" target="GENTLE_dictionary_school.tok.xml#sTok655"/>
		<rel id="sPointingRel742" xlink:href="GENTLE_dictionary_school.tok.xml#sTok655" target="GENTLE_dictionary_school.tok.xml#sTok658"/>
		<rel id="sPointingRel753" xlink:href="GENTLE_dictionary_school.tok.xml#sTok665" target="GENTLE_dictionary_school.tok.xml#sTok669"/>
		<rel id="sPointingRel760" xlink:href="GENTLE_dictionary_school.tok.xml#sTok673" target="GENTLE_dictionary_school.tok.xml#sTok675"/>
		<rel id="sPointingRel764" xlink:href="GENTLE_dictionary_school.tok.xml#sTok673" target="GENTLE_dictionary_school.tok.xml#sTok678"/>
		<rel id="sPointingRel770" xlink:href="GENTLE_dictionary_school.tok.xml#sTok681" target="GENTLE_dictionary_school.tok.xml#sTok683"/>
		<rel id="sPointingRel778" xlink:href="GENTLE_dictionary_school.tok.xml#sTok687" target="GENTLE_dictionary_school.tok.xml#sTok691"/>
		<rel id="sPointingRel781" xlink:href="GENTLE_dictionary_school.tok.xml#sTok699" target="GENTLE_dictionary_school.tok.xml#sTok694"/>
		<rel id="sPointingRel784" xlink:href="GENTLE_dictionary_school.tok.xml#sTok694" target="GENTLE_dictionary_school.tok.xml#sTok696"/>
		<rel id="sPointingRel791" xlink:href="GENTLE_dictionary_school.tok.xml#sTok694" target="GENTLE_dictionary_school.tok.xml#sTok702"/>
		<rel id="sPointingRel792" xlink:href="GENTLE_dictionary_school.tok.xml#sTok699" target="GENTLE_dictionary_school.tok.xml#sTok702"/>
		<rel id="sPointingRel797" xlink:href="GENTLE_dictionary_school.tok.xml#sTok699" target="GENTLE_dictionary_school.tok.xml#sTok706"/>
		<rel id="sPointingRel804" xlink:href="GENTLE_dictionary_school.tok.xml#sTok710" target="GENTLE_dictionary_school.tok.xml#sTok713"/>
		<rel id="sPointingRel807" xlink:href="GENTLE_dictionary_school.tok.xml#sTok730" target="GENTLE_dictionary_school.tok.xml#sTok716"/>
		<rel id="sPointingRel810" xlink:href="GENTLE_dictionary_school.tok.xml#sTok716" target="GENTLE_dictionary_school.tok.xml#sTok718"/>
		<rel id="sPointingRel814" xlink:href="GENTLE_dictionary_school.tok.xml#sTok716" target="GENTLE_dictionary_school.tok.xml#sTok721"/>
		<rel id="sPointingRel816" xlink:href="GENTLE_dictionary_school.tok.xml#sTok716" target="GENTLE_dictionary_school.tok.xml#sTok722"/>
		<rel id="sPointingRel821" xlink:href="GENTLE_dictionary_school.tok.xml#sTok724" target="GENTLE_dictionary_school.tok.xml#sTok726"/>
		<rel id="sPointingRel824" xlink:href="GENTLE_dictionary_school.tok.xml#sTok724" target="GENTLE_dictionary_school.tok.xml#sTok728"/>
		<rel id="sPointingRel825" xlink:href="GENTLE_dictionary_school.tok.xml#sTok726" target="GENTLE_dictionary_school.tok.xml#sTok728"/>
		<rel id="sPointingRel832" xlink:href="GENTLE_dictionary_school.tok.xml#sTok733" target="GENTLE_dictionary_school.tok.xml#sTok735"/>
		<rel id="sPointingRel836" xlink:href="GENTLE_dictionary_school.tok.xml#sTok733" target="GENTLE_dictionary_school.tok.xml#sTok738"/>
		<rel id="sPointingRel839" xlink:href="GENTLE_dictionary_school.tok.xml#sTok738" target="GENTLE_dictionary_school.tok.xml#sTok740"/>
		<rel id="sPointingRel842" xlink:href="GENTLE_dictionary_school.tok.xml#sTok738" target="GENTLE_dictionary_school.tok.xml#sTok742"/>
		<rel id="sPointingRel843" xlink:href="GENTLE_dictionary_school.tok.xml#sTok740" target="GENTLE_dictionary_school.tok.xml#sTok742"/>
		<rel id="sPointingRel853" xlink:href="GENTLE_dictionary_school.tok.xml#sTok747" target="GENTLE_dictionary_school.tok.xml#sTok751"/>
		<rel id="sPointingRel856" xlink:href="GENTLE_dictionary_school.tok.xml#sTok747" target="GENTLE_dictionary_school.tok.xml#sTok753"/>
		<rel id="sPointingRel857" xlink:href="GENTLE_dictionary_school.tok.xml#sTok751" target="GENTLE_dictionary_school.tok.xml#sTok753"/>
		<rel id="sPointingRel866" xlink:href="GENTLE_dictionary_school.tok.xml#sTok758" target="GENTLE_dictionary_school.tok.xml#sTok762"/>
		<rel id="sPointingRel876" xlink:href="GENTLE_dictionary_school.tok.xml#sTok768" target="GENTLE_dictionary_school.tok.xml#sTok772"/>
		<rel id="sPointingRel879" xlink:href="GENTLE_dictionary_school.tok.xml#sTok768" target="GENTLE_dictionary_school.tok.xml#sTok774"/>
		<rel id="sPointingRel882" xlink:href="GENTLE_dictionary_school.tok.xml#sTok768" target="GENTLE_dictionary_school.tok.xml#sTok776"/>
		<rel id="sPointingRel885" xlink:href="GENTLE_dictionary_school.tok.xml#sTok768" target="GENTLE_dictionary_school.tok.xml#sTok778"/>
		<rel id="sPointingRel888" xlink:href="GENTLE_dictionary_school.tok.xml#sTok768" target="GENTLE_dictionary_school.tok.xml#sTok780"/>
		<rel id="sPointingRel894" xlink:href="GENTLE_dictionary_school.tok.xml#sTok784" target="GENTLE_dictionary_school.tok.xml#sTok786"/>
		<rel id="sPointingRel897" xlink:href="GENTLE_dictionary_school.tok.xml#sTok784" target="GENTLE_dictionary_school.tok.xml#sTok788"/>
		<rel id="sPointingRel898" xlink:href="GENTLE_dictionary_school.tok.xml#sTok786" target="GENTLE_dictionary_school.tok.xml#sTok788"/>
		<rel id="sPointingRel912" xlink:href="GENTLE_dictionary_school.tok.xml#sTok798" target="GENTLE_dictionary_school.tok.xml#sTok802"/>
		<rel id="sPointingRel932" xlink:href="GENTLE_dictionary_school.tok.xml#sTok823" target="GENTLE_dictionary_school.tok.xml#sTok825"/>
		<rel id="sPointingRel933" xlink:href="GENTLE_dictionary_school.tok.xml#sTok826" target="GENTLE_dictionary_school.tok.xml#sTok825"/>
		<rel id="sPointingRel964" xlink:href="GENTLE_dictionary_school.tok.xml#sTok855" target="GENTLE_dictionary_school.tok.xml#sTok858"/>
		<rel id="sPointingRel965" xlink:href="GENTLE_dictionary_school.tok.xml#sTok859" target="GENTLE_dictionary_school.tok.xml#sTok858"/>
		<rel id="sPointingRel974" xlink:href="GENTLE_dictionary_school.tok.xml#sTok865" target="GENTLE_dictionary_school.tok.xml#sTok867"/>
		<rel id="sPointingRel978" xlink:href="GENTLE_dictionary_school.tok.xml#sTok865" target="GENTLE_dictionary_school.tok.xml#sTok870"/>
		<rel id="sPointingRel985" xlink:href="GENTLE_dictionary_school.tok.xml#sTok872" target="GENTLE_dictionary_school.tok.xml#sTok876"/>
		<rel id="sPointingRel986" xlink:href="GENTLE_dictionary_school.tok.xml#sTok880" target="GENTLE_dictionary_school.tok.xml#sTok876"/>
		<rel id="sPointingRel991" xlink:href="GENTLE_dictionary_school.tok.xml#sTok865" target="GENTLE_dictionary_school.tok.xml#sTok880"/>
		<rel id="sPointingRel1001" xlink:href="GENTLE_dictionary_school.tok.xml#sTok888" target="GENTLE_dictionary_school.tok.xml#sTok890"/>
		<rel id="sPointingRel1024" xlink:href="GENTLE_dictionary_school.tok.xml#sTok911" target="GENTLE_dictionary_school.tok.xml#sTok914"/>
		<rel id="sPointingRel1029" xlink:href="GENTLE_dictionary_school.tok.xml#sTok914" target="GENTLE_dictionary_school.tok.xml#sTok918"/>
		<rel id="sPointingRel1033" xlink:href="GENTLE_dictionary_school.tok.xml#sTok924" target="GENTLE_dictionary_school.tok.xml#sTok922"/>
		<rel id="sPointingRel1046" xlink:href="GENTLE_dictionary_school.tok.xml#sTok931" target="GENTLE_dictionary_school.tok.xml#sTok934"/></relList></paula>