<?xml version='1.0' encoding='UTF-8'?><!DOCTYPE paula SYSTEM "paula_feat.dtd">
<paula version="1.1">
	<header paula_id="GENTLE_dictionary_school.tok_tok_func"/>
	<featList xmlns:xlink="http://www.w3.org/1999/xlink" type="tok_func" xml:base="GENTLE_dictionary_school.tok.xml">
		<feat xlink:href="#sTok1" value="root"/>
		<feat xlink:href="#sTok2" value="root"/>
		<feat xlink:href="#sTok3" value="root"/>
		<feat xlink:href="#sTok4" value="dep"/>
		<feat xlink:href="#sTok5" value="punct"/>
		<feat xlink:href="#sTok6" value="root"/>
		<feat xlink:href="#sTok7" value="punct"/>
		<feat xlink:href="#sTok8" value="dep"/>
		<feat xlink:href="#sTok9" value="punct"/>
		<feat xlink:href="#sTok10" value="parataxis"/>
		<feat xlink:href="#sTok11" value="punct"/>
		<feat xlink:href="#sTok12" value="punct"/>
		<feat xlink:href="#sTok13" value="punct"/>
		<feat xlink:href="#sTok14" value="parataxis"/>
		<feat xlink:href="#sTok15" value="punct"/>
		<feat xlink:href="#sTok16" value="root"/>
		<feat xlink:href="#sTok17" value="punct"/>
		<feat xlink:href="#sTok18" value="amod"/>
		<feat xlink:href="#sTok19" value="parataxis"/>
		<feat xlink:href="#sTok20" value="punct"/>
		<feat xlink:href="#sTok21" value="dep"/>
		<feat xlink:href="#sTok22" value="punct"/>
		<feat xlink:href="#sTok23" value="root"/>
		<feat xlink:href="#sTok24" value="root"/>
		<feat xlink:href="#sTok25" value="flat"/>
		<feat xlink:href="#sTok26" value="case"/>
		<feat xlink:href="#sTok27" value="amod"/>
		<feat xlink:href="#sTok28" value="compound"/>
		<feat xlink:href="#sTok29" value="root"/>
		<feat xlink:href="#sTok30" value="punct"/>
		<feat xlink:href="#sTok31" value="conj"/>
		<feat xlink:href="#sTok32" value="punct"/>
		<feat xlink:href="#sTok33" value="punct"/>
		<feat xlink:href="#sTok34" value="appos"/>
		<feat xlink:href="#sTok35" value="case"/>
		<feat xlink:href="#sTok36" value="nmod"/>
		<feat xlink:href="#sTok37" value="punct"/>
		<feat xlink:href="#sTok38" value="conj"/>
		<feat xlink:href="#sTok39" value="punct"/>
		<feat xlink:href="#sTok40" value="conj"/>
		<feat xlink:href="#sTok41" value="punct"/>
		<feat xlink:href="#sTok42" value="conj"/>
		<feat xlink:href="#sTok43" value="case"/>
		<feat xlink:href="#sTok44" value="nmod"/>
		<feat xlink:href="#sTok45" value="punct"/>
		<feat xlink:href="#sTok46" value="punct"/>
		<feat xlink:href="#sTok47" value="punct"/>
		<feat xlink:href="#sTok48" value="case"/>
		<feat xlink:href="#sTok49" value="amod"/>
		<feat xlink:href="#sTok50" value="compound"/>
		<feat xlink:href="#sTok51" value="nmod"/>
		<feat xlink:href="#sTok52" value="punct"/>
		<feat xlink:href="#sTok53" value="punct"/>
		<feat xlink:href="#sTok54" value="appos"/>
		<feat xlink:href="#sTok55" value="punct"/>
		<feat xlink:href="#sTok56" value="conj"/>
		<feat xlink:href="#sTok57" value="case"/>
		<feat xlink:href="#sTok58" value="nmod"/>
		<feat xlink:href="#sTok59" value="punct"/>
		<feat xlink:href="#sTok60" value="conj"/>
		<feat xlink:href="#sTok61" value="case"/>
		<feat xlink:href="#sTok62" value="nmod"/>
		<feat xlink:href="#sTok63" value="punct"/>
		<feat xlink:href="#sTok64" value="punct"/>
		<feat xlink:href="#sTok65" value="punct"/>
		<feat xlink:href="#sTok66" value="case"/>
		<feat xlink:href="#sTok67" value="amod"/>
		<feat xlink:href="#sTok68" value="compound"/>
		<feat xlink:href="#sTok69" value="nmod"/>
		<feat xlink:href="#sTok70" value="punct"/>
		<feat xlink:href="#sTok71" value="conj"/>
		<feat xlink:href="#sTok72" value="punct"/>
		<feat xlink:href="#sTok73" value="punct"/>
		<feat xlink:href="#sTok74" value="appos"/>
		<feat xlink:href="#sTok75" value="punct"/>
		<feat xlink:href="#sTok76" value="conj"/>
		<feat xlink:href="#sTok77" value="punct"/>
		<feat xlink:href="#sTok78" value="punct"/>
		<feat xlink:href="#sTok79" value="punct"/>
		<feat xlink:href="#sTok80" value="case"/>
		<feat xlink:href="#sTok81" value="amod"/>
		<feat xlink:href="#sTok82" value="nmod"/>
		<feat xlink:href="#sTok83" value="punct"/>
		<feat xlink:href="#sTok84" value="punct"/>
		<feat xlink:href="#sTok85" value="appos"/>
		<feat xlink:href="#sTok86" value="punct"/>
		<feat xlink:href="#sTok87" value="punct"/>
		<feat xlink:href="#sTok88" value="punct"/>
		<feat xlink:href="#sTok89" value="case"/>
		<feat xlink:href="#sTok90" value="compound"/>
		<feat xlink:href="#sTok91" value="nmod"/>
		<feat xlink:href="#sTok92" value="punct"/>
		<feat xlink:href="#sTok93" value="punct"/>
		<feat xlink:href="#sTok94" value="appos"/>
		<feat xlink:href="#sTok95" value="punct"/>
		<feat xlink:href="#sTok96" value="conj"/>
		<feat xlink:href="#sTok97" value="punct"/>
		<feat xlink:href="#sTok98" value="punct"/>
		<feat xlink:href="#sTok99" value="punct"/>
		<feat xlink:href="#sTok100" value="root"/>
		<feat xlink:href="#sTok101" value="case"/>
		<feat xlink:href="#sTok102" value="amod"/>
		<feat xlink:href="#sTok103" value="amod"/>
		<feat xlink:href="#sTok104" value="compound"/>
		<feat xlink:href="#sTok105" value="obl"/>
		<feat xlink:href="#sTok106" value="punct"/>
		<feat xlink:href="#sTok107" value="punct"/>
		<feat xlink:href="#sTok108" value="appos"/>
		<feat xlink:href="#sTok109" value="punct"/>
		<feat xlink:href="#sTok110" value="conj"/>
		<feat xlink:href="#sTok111" value="punct"/>
		<feat xlink:href="#sTok112" value="punct"/>
		<feat xlink:href="#sTok113" value="punct"/>
		<feat xlink:href="#sTok114" value="amod"/>
		<feat xlink:href="#sTok115" value="compound"/>
		<feat xlink:href="#sTok116" value="conj"/>
		<feat xlink:href="#sTok117" value="punct"/>
		<feat xlink:href="#sTok118" value="punct"/>
		<feat xlink:href="#sTok119" value="appos"/>
		<feat xlink:href="#sTok120" value="cc"/>
		<feat xlink:href="#sTok121" value="conj"/>
		<feat xlink:href="#sTok122" value="case"/>
		<feat xlink:href="#sTok123" value="nmod"/>
		<feat xlink:href="#sTok124" value="punct"/>
		<feat xlink:href="#sTok125" value="conj"/>
		<feat xlink:href="#sTok126" value="punct"/>
		<feat xlink:href="#sTok127" value="conj"/>
		<feat xlink:href="#sTok128" value="punct"/>
		<feat xlink:href="#sTok129" value="conj"/>
		<feat xlink:href="#sTok130" value="case"/>
		<feat xlink:href="#sTok131" value="nmod"/>
		<feat xlink:href="#sTok132" value="punct"/>
		<feat xlink:href="#sTok133" value="punct"/>
		<feat xlink:href="#sTok134" value="punct"/>
		<feat xlink:href="#sTok135" value="parataxis"/>
		<feat xlink:href="#sTok136" value="case"/>
		<feat xlink:href="#sTok137" value="nmod"/>
		<feat xlink:href="#sTok138" value="punct"/>
		<feat xlink:href="#sTok139" value="amod"/>
		<feat xlink:href="#sTok140" value="root"/>
		<feat xlink:href="#sTok141" value="root"/>
		<feat xlink:href="#sTok142" value="punct"/>
		<feat xlink:href="#sTok143" value="parataxis"/>
		<feat xlink:href="#sTok144" value="punct"/>
		<feat xlink:href="#sTok145" value="root"/>
		<feat xlink:href="#sTok146" value="root"/>
		<feat xlink:href="#sTok147" value="punct"/>
		<feat xlink:href="#sTok148" value="dep"/>
		<feat xlink:href="#sTok149" value="punct"/>
		<feat xlink:href="#sTok150" value="case"/>
		<feat xlink:href="#sTok151" value="nmod"/>
		<feat xlink:href="#sTok152" value="punct"/>
		<feat xlink:href="#sTok153" value="root"/>
		<feat xlink:href="#sTok154" value="punct"/>
		<feat xlink:href="#sTok155" value="dep"/>
		<feat xlink:href="#sTok156" value="parataxis"/>
		<feat xlink:href="#sTok157" value="punct"/>
		<feat xlink:href="#sTok158" value="punct"/>
		<feat xlink:href="#sTok159" value="parataxis"/>
		<feat xlink:href="#sTok160" value="punct"/>
		<feat xlink:href="#sTok161" value="det"/>
		<feat xlink:href="#sTok162" value="root"/>
		<feat xlink:href="#sTok163" value="case"/>
		<feat xlink:href="#sTok164" value="nmod"/>
		<feat xlink:href="#sTok165" value="cc"/>
		<feat xlink:href="#sTok166" value="det"/>
		<feat xlink:href="#sTok167" value="conj"/>
		<feat xlink:href="#sTok168" value="case"/>
		<feat xlink:href="#sTok169" value="amod"/>
		<feat xlink:href="#sTok170" value="nmod"/>
		<feat xlink:href="#sTok171" value="case"/>
		<feat xlink:href="#sTok172" value="fixed"/>
		<feat xlink:href="#sTok173" value="nmod"/>
		<feat xlink:href="#sTok174" value="punct"/>
		<feat xlink:href="#sTok175" value="conj"/>
		<feat xlink:href="#sTok176" value="punct"/>
		<feat xlink:href="#sTok177" value="cc"/>
		<feat xlink:href="#sTok178" value="conj"/>
		<feat xlink:href="#sTok179" value="punct"/>
		<feat xlink:href="#sTok180" value="det"/>
		<feat xlink:href="#sTok181" value="nsubj"/>
		<feat xlink:href="#sTok182" value="root"/>
		<feat xlink:href="#sTok183" value="det"/>
		<feat xlink:href="#sTok184" value="amod"/>
		<feat xlink:href="#sTok185" value="obj"/>
		<feat xlink:href="#sTok186" value="case"/>
		<feat xlink:href="#sTok187" value="nmod"/>
		<feat xlink:href="#sTok188" value="punct"/>
		<feat xlink:href="#sTok189" value="det"/>
		<feat xlink:href="#sTok190" value="root"/>
		<feat xlink:href="#sTok191" value="punct"/>
		<feat xlink:href="#sTok192" value="root"/>
		<feat xlink:href="#sTok193" value="punct"/>
		<feat xlink:href="#sTok194" value="parataxis"/>
		<feat xlink:href="#sTok195" value="punct"/>
		<feat xlink:href="#sTok196" value="punct"/>
		<feat xlink:href="#sTok197" value="root"/>
		<feat xlink:href="#sTok198" value="root"/>
		<feat xlink:href="#sTok199" value="root"/>
		<feat xlink:href="#sTok200" value="punct"/>
		<feat xlink:href="#sTok201" value="amod"/>
		<feat xlink:href="#sTok202" value="punct"/>
		<feat xlink:href="#sTok203" value="compound"/>
		<feat xlink:href="#sTok204" value="amod"/>
		<feat xlink:href="#sTok205" value="amod"/>
		<feat xlink:href="#sTok206" value="dep"/>
		<feat xlink:href="#sTok207" value="parataxis"/>
		<feat xlink:href="#sTok208" value="punct"/>
		<feat xlink:href="#sTok209" value="amod"/>
		<feat xlink:href="#sTok210" value="dep"/>
		<feat xlink:href="#sTok211" value="conj"/>
		<feat xlink:href="#sTok212" value="punct"/>
		<feat xlink:href="#sTok213" value="amod"/>
		<feat xlink:href="#sTok214" value="dep"/>
		<feat xlink:href="#sTok215" value="cc"/>
		<feat xlink:href="#sTok216" value="compound"/>
		<feat xlink:href="#sTok217" value="conj"/>
		<feat xlink:href="#sTok218" value="conj"/>
		<feat xlink:href="#sTok219" value="punct"/>
		<feat xlink:href="#sTok220" value="punct"/>
		<feat xlink:href="#sTok221" value="parataxis"/>
		<feat xlink:href="#sTok222" value="punct"/>
		<feat xlink:href="#sTok223" value="punct"/>
		<feat xlink:href="#sTok224" value="case"/>
		<feat xlink:href="#sTok225" value="obl"/>
		<feat xlink:href="#sTok226" value="punct"/>
		<feat xlink:href="#sTok227" value="mark"/>
		<feat xlink:href="#sTok228" value="root"/>
		<feat xlink:href="#sTok229" value="obl"/>
		<feat xlink:href="#sTok230" value="punct"/>
		<feat xlink:href="#sTok231" value="cc"/>
		<feat xlink:href="#sTok232" value="conj"/>
		<feat xlink:href="#sTok233" value="case"/>
		<feat xlink:href="#sTok234" value="det"/>
		<feat xlink:href="#sTok235" value="obl"/>
		<feat xlink:href="#sTok236" value="punct"/>
		<feat xlink:href="#sTok237" value="root"/>
		<feat xlink:href="#sTok238" value="flat"/>
		<feat xlink:href="#sTok239" value="amod"/>
		<feat xlink:href="#sTok240" value="root"/>
		<feat xlink:href="#sTok241" value="case"/>
		<feat xlink:href="#sTok242" value="amod"/>
		<feat xlink:href="#sTok243" value="compound"/>
		<feat xlink:href="#sTok244" value="root"/>
		<feat xlink:href="#sTok245" value="punct"/>
		<feat xlink:href="#sTok246" value="case"/>
		<feat xlink:href="#sTok247" value="amod"/>
		<feat xlink:href="#sTok248" value="compound"/>
		<feat xlink:href="#sTok249" value="nmod"/>
		<feat xlink:href="#sTok250" value="punct"/>
		<feat xlink:href="#sTok251" value="punct"/>
		<feat xlink:href="#sTok252" value="appos"/>
		<feat xlink:href="#sTok253" value="case"/>
		<feat xlink:href="#sTok254" value="nmod"/>
		<feat xlink:href="#sTok255" value="punct"/>
		<feat xlink:href="#sTok256" value="punct"/>
		<feat xlink:href="#sTok257" value="punct"/>
		<feat xlink:href="#sTok258" value="case"/>
		<feat xlink:href="#sTok259" value="compound"/>
		<feat xlink:href="#sTok260" value="nmod"/>
		<feat xlink:href="#sTok261" value="punct"/>
		<feat xlink:href="#sTok262" value="punct"/>
		<feat xlink:href="#sTok263" value="appos"/>
		<feat xlink:href="#sTok264" value="punct"/>
		<feat xlink:href="#sTok265" value="punct"/>
		<feat xlink:href="#sTok266" value="punct"/>
		<feat xlink:href="#sTok267" value="case"/>
		<feat xlink:href="#sTok268" value="amod"/>
		<feat xlink:href="#sTok269" value="compound"/>
		<feat xlink:href="#sTok270" value="nmod"/>
		<feat xlink:href="#sTok271" value="punct"/>
		<feat xlink:href="#sTok272" value="conj"/>
		<feat xlink:href="#sTok273" value="punct"/>
		<feat xlink:href="#sTok274" value="punct"/>
		<feat xlink:href="#sTok275" value="amod"/>
		<feat xlink:href="#sTok276" value="appos"/>
		<feat xlink:href="#sTok277" value="cc"/>
		<feat xlink:href="#sTok278" value="conj"/>
		<feat xlink:href="#sTok279" value="punct"/>
		<feat xlink:href="#sTok280" value="conj"/>
		<feat xlink:href="#sTok281" value="punct"/>
		<feat xlink:href="#sTok282" value="conj"/>
		<feat xlink:href="#sTok283" value="punct"/>
		<feat xlink:href="#sTok284" value="punct"/>
		<feat xlink:href="#sTok285" value="punct"/>
		<feat xlink:href="#sTok286" value="case"/>
		<feat xlink:href="#sTok287" value="amod"/>
		<feat xlink:href="#sTok288" value="compound"/>
		<feat xlink:href="#sTok289" value="nmod"/>
		<feat xlink:href="#sTok290" value="punct"/>
		<feat xlink:href="#sTok291" value="appos"/>
		<feat xlink:href="#sTok292" value="punct"/>
		<feat xlink:href="#sTok293" value="punct"/>
		<feat xlink:href="#sTok294" value="case"/>
		<feat xlink:href="#sTok295" value="nmod"/>
		<feat xlink:href="#sTok296" value="punct"/>
		<feat xlink:href="#sTok297" value="appos"/>
		<feat xlink:href="#sTok298" value="punct"/>
		<feat xlink:href="#sTok299" value="punct"/>
		<feat xlink:href="#sTok300" value="amod"/>
		<feat xlink:href="#sTok301" value="appos"/>
		<feat xlink:href="#sTok302" value="punct"/>
		<feat xlink:href="#sTok303" value="conj"/>
		<feat xlink:href="#sTok304" value="punct"/>
		<feat xlink:href="#sTok305" value="conj"/>
		<feat xlink:href="#sTok306" value="cc"/>
		<feat xlink:href="#sTok307" value="det"/>
		<feat xlink:href="#sTok308" value="conj"/>
		<feat xlink:href="#sTok309" value="acl"/>
		<feat xlink:href="#sTok310" value="case"/>
		<feat xlink:href="#sTok311" value="obl"/>
		<feat xlink:href="#sTok312" value="case"/>
		<feat xlink:href="#sTok313" value="amod"/>
		<feat xlink:href="#sTok314" value="obl"/>
		<feat xlink:href="#sTok315" value="punct"/>
		<feat xlink:href="#sTok316" value="det"/>
		<feat xlink:href="#sTok317" value="conj"/>
		<feat xlink:href="#sTok318" value="advmod"/>
		<feat xlink:href="#sTok319" value="det"/>
		<feat xlink:href="#sTok320" value="nsubj"/>
		<feat xlink:href="#sTok321" value="acl:relcl"/>
		<feat xlink:href="#sTok322" value="obj"/>
		<feat xlink:href="#sTok323" value="punct"/>
		<feat xlink:href="#sTok324" value="punct"/>
		<feat xlink:href="#sTok325" value="punct"/>
		<feat xlink:href="#sTok326" value="case"/>
		<feat xlink:href="#sTok327" value="compound"/>
		<feat xlink:href="#sTok328" value="nmod"/>
		<feat xlink:href="#sTok329" value="punct"/>
		<feat xlink:href="#sTok330" value="punct"/>
		<feat xlink:href="#sTok331" value="mark"/>
		<feat xlink:href="#sTok332" value="appos"/>
		<feat xlink:href="#sTok333" value="punct"/>
		<feat xlink:href="#sTok334" value="conj"/>
		<feat xlink:href="#sTok335" value="punct"/>
		<feat xlink:href="#sTok336" value="conj"/>
		<feat xlink:href="#sTok337" value="punct"/>
		<feat xlink:href="#sTok338" value="punct"/>
		<feat xlink:href="#sTok339" value="punct"/>
		<feat xlink:href="#sTok340" value="root"/>
		<feat xlink:href="#sTok341" value="case"/>
		<feat xlink:href="#sTok342" value="nmod"/>
		<feat xlink:href="#sTok343" value="cc"/>
		<feat xlink:href="#sTok344" value="conj"/>
		<feat xlink:href="#sTok345" value="punct"/>
		<feat xlink:href="#sTok346" value="root"/>
		<feat xlink:href="#sTok347" value="amod"/>
		<feat xlink:href="#sTok348" value="compound"/>
		<feat xlink:href="#sTok349" value="obj"/>
		<feat xlink:href="#sTok350" value="punct"/>
		<feat xlink:href="#sTok351" value="conj"/>
		<feat xlink:href="#sTok352" value="punct"/>
		<feat xlink:href="#sTok353" value="punct"/>
		<feat xlink:href="#sTok354" value="appos"/>
		<feat xlink:href="#sTok355" value="punct"/>
		<feat xlink:href="#sTok356" value="punct"/>
		<feat xlink:href="#sTok357" value="punct"/>
		<feat xlink:href="#sTok358" value="compound"/>
		<feat xlink:href="#sTok359" value="compound"/>
		<feat xlink:href="#sTok360" value="conj"/>
		<feat xlink:href="#sTok361" value="punct"/>
		<feat xlink:href="#sTok362" value="compound"/>
		<feat xlink:href="#sTok363" value="compound"/>
		<feat xlink:href="#sTok364" value="conj"/>
		<feat xlink:href="#sTok365" value="punct"/>
		<feat xlink:href="#sTok366" value="punct"/>
		<feat xlink:href="#sTok367" value="compound"/>
		<feat xlink:href="#sTok368" value="conj"/>
		<feat xlink:href="#sTok369" value="punct"/>
		<feat xlink:href="#sTok370" value="punct"/>
		<feat xlink:href="#sTok371" value="appos"/>
		<feat xlink:href="#sTok372" value="punct"/>
		<feat xlink:href="#sTok373" value="punct"/>
		<feat xlink:href="#sTok374" value="punct"/>
		<feat xlink:href="#sTok375" value="compound"/>
		<feat xlink:href="#sTok376" value="compound"/>
		<feat xlink:href="#sTok377" value="conj"/>
		<feat xlink:href="#sTok378" value="conj"/>
		<feat xlink:href="#sTok379" value="punct"/>
		<feat xlink:href="#sTok380" value="punct"/>
		<feat xlink:href="#sTok381" value="appos"/>
		<feat xlink:href="#sTok382" value="punct"/>
		<feat xlink:href="#sTok383" value="punct"/>
		<feat xlink:href="#sTok384" value="punct"/>
		<feat xlink:href="#sTok385" value="amod"/>
		<feat xlink:href="#sTok386" value="amod"/>
		<feat xlink:href="#sTok387" value="compound"/>
		<feat xlink:href="#sTok388" value="conj"/>
		<feat xlink:href="#sTok389" value="punct"/>
		<feat xlink:href="#sTok390" value="punct"/>
		<feat xlink:href="#sTok391" value="appos"/>
		<feat xlink:href="#sTok392" value="punct"/>
		<feat xlink:href="#sTok393" value="punct"/>
		<feat xlink:href="#sTok394" value="punct"/>
		<feat xlink:href="#sTok395" value="amod"/>
		<feat xlink:href="#sTok396" value="compound"/>
		<feat xlink:href="#sTok397" value="conj"/>
		<feat xlink:href="#sTok398" value="punct"/>
		<feat xlink:href="#sTok399" value="punct"/>
		<feat xlink:href="#sTok400" value="appos"/>
		<feat xlink:href="#sTok401" value="punct"/>
		<feat xlink:href="#sTok402" value="punct"/>
		<feat xlink:href="#sTok403" value="punct"/>
		<feat xlink:href="#sTok404" value="root"/>
		<feat xlink:href="#sTok405" value="case"/>
		<feat xlink:href="#sTok406" value="det"/>
		<feat xlink:href="#sTok407" value="obl"/>
		<feat xlink:href="#sTok408" value="case"/>
		<feat xlink:href="#sTok409" value="amod"/>
		<feat xlink:href="#sTok410" value="compound"/>
		<feat xlink:href="#sTok411" value="obl:agent"/>
		<feat xlink:href="#sTok412" value="punct"/>
		<feat xlink:href="#sTok413" value="punct"/>
		<feat xlink:href="#sTok414" value="appos"/>
		<feat xlink:href="#sTok415" value="case"/>
		<feat xlink:href="#sTok416" value="nmod"/>
		<feat xlink:href="#sTok417" value="punct"/>
		<feat xlink:href="#sTok418" value="conj"/>
		<feat xlink:href="#sTok419" value="punct"/>
		<feat xlink:href="#sTok420" value="conj"/>
		<feat xlink:href="#sTok421" value="punct"/>
		<feat xlink:href="#sTok422" value="punct"/>
		<feat xlink:href="#sTok423" value="punct"/>
		<feat xlink:href="#sTok424" value="case"/>
		<feat xlink:href="#sTok425" value="amod"/>
		<feat xlink:href="#sTok426" value="compound"/>
		<feat xlink:href="#sTok427" value="nmod"/>
		<feat xlink:href="#sTok428" value="punct"/>
		<feat xlink:href="#sTok429" value="punct"/>
		<feat xlink:href="#sTok430" value="appos"/>
		<feat xlink:href="#sTok431" value="punct"/>
		<feat xlink:href="#sTok432" value="conj"/>
		<feat xlink:href="#sTok433" value="punct"/>
		<feat xlink:href="#sTok434" value="conj"/>
		<feat xlink:href="#sTok435" value="punct"/>
		<feat xlink:href="#sTok436" value="punct"/>
		<feat xlink:href="#sTok437" value="punct"/>
		<feat xlink:href="#sTok438" value="root"/>
		<feat xlink:href="#sTok439" value="obj"/>
		<feat xlink:href="#sTok440" value="flat"/>
		<feat xlink:href="#sTok441" value="punct"/>
		<feat xlink:href="#sTok442" value="root"/>
		<feat xlink:href="#sTok443" value="advmod"/>
		<feat xlink:href="#sTok444" value="case"/>
		<feat xlink:href="#sTok445" value="amod"/>
		<feat xlink:href="#sTok446" value="amod"/>
		<feat xlink:href="#sTok447" value="compound"/>
		<feat xlink:href="#sTok448" value="obl"/>
		<feat xlink:href="#sTok449" value="punct"/>
		<feat xlink:href="#sTok450" value="compound"/>
		<feat xlink:href="#sTok451" value="conj"/>
		<feat xlink:href="#sTok452" value="punct"/>
		<feat xlink:href="#sTok453" value="punct"/>
		<feat xlink:href="#sTok454" value="appos"/>
		<feat xlink:href="#sTok455" value="punct"/>
		<feat xlink:href="#sTok456" value="punct"/>
		<feat xlink:href="#sTok457" value="punct"/>
		<feat xlink:href="#sTok458" value="amod"/>
		<feat xlink:href="#sTok459" value="compound"/>
		<feat xlink:href="#sTok460" value="conj"/>
		<feat xlink:href="#sTok461" value="punct"/>
		<feat xlink:href="#sTok462" value="conj"/>
		<feat xlink:href="#sTok463" value="punct"/>
		<feat xlink:href="#sTok464" value="punct"/>
		<feat xlink:href="#sTok465" value="appos"/>
		<feat xlink:href="#sTok466" value="punct"/>
		<feat xlink:href="#sTok467" value="punct"/>
		<feat xlink:href="#sTok468" value="punct"/>
		<feat xlink:href="#sTok469" value="amod"/>
		<feat xlink:href="#sTok470" value="root"/>
		<feat xlink:href="#sTok471" value="root"/>
		<feat xlink:href="#sTok472" value="punct"/>
		<feat xlink:href="#sTok473" value="parataxis"/>
		<feat xlink:href="#sTok474" value="punct"/>
		<feat xlink:href="#sTok475" value="root"/>
		<feat xlink:href="#sTok476" value="root"/>
		<feat xlink:href="#sTok477" value="punct"/>
		<feat xlink:href="#sTok478" value="parataxis"/>
		<feat xlink:href="#sTok479" value="cc"/>
		<feat xlink:href="#sTok480" value="conj"/>
		<feat xlink:href="#sTok481" value="punct"/>
		<feat xlink:href="#sTok482" value="dep"/>
		<feat xlink:href="#sTok483" value="parataxis"/>
		<feat xlink:href="#sTok484" value="punct"/>
		<feat xlink:href="#sTok485" value="punct"/>
		<feat xlink:href="#sTok486" value="parataxis"/>
		<feat xlink:href="#sTok487" value="punct"/>
		<feat xlink:href="#sTok488" value="conj"/>
		<feat xlink:href="#sTok489" value="punct"/>
		<feat xlink:href="#sTok490" value="det"/>
		<feat xlink:href="#sTok491" value="root"/>
		<feat xlink:href="#sTok492" value="acl"/>
		<feat xlink:href="#sTok493" value="mark"/>
		<feat xlink:href="#sTok494" value="advcl"/>
		<feat xlink:href="#sTok495" value="cc"/>
		<feat xlink:href="#sTok496" value="conj"/>
		<feat xlink:href="#sTok497" value="punct"/>
		<feat xlink:href="#sTok498" value="det"/>
		<feat xlink:href="#sTok499" value="amod"/>
		<feat xlink:href="#sTok500" value="parataxis"/>
		<feat xlink:href="#sTok501" value="punct"/>
		<feat xlink:href="#sTok502" value="nmod:poss"/>
		<feat xlink:href="#sTok503" value="nsubj"/>
		<feat xlink:href="#sTok504" value="root"/>
		<feat xlink:href="#sTok505" value="det"/>
		<feat xlink:href="#sTok506" value="amod"/>
		<feat xlink:href="#sTok507" value="obj"/>
		<feat xlink:href="#sTok508" value="case"/>
		<feat xlink:href="#sTok509" value="nmod:poss"/>
		<feat xlink:href="#sTok510" value="nmod"/>
		<feat xlink:href="#sTok511" value="punct"/>
		<feat xlink:href="#sTok512" value="compound"/>
		<feat xlink:href="#sTok513" value="nsubj"/>
		<feat xlink:href="#sTok514" value="cop"/>
		<feat xlink:href="#sTok515" value="det"/>
		<feat xlink:href="#sTok516" value="amod"/>
		<feat xlink:href="#sTok517" value="amod"/>
		<feat xlink:href="#sTok518" value="amod"/>
		<feat xlink:href="#sTok519" value="root"/>
		<feat xlink:href="#sTok520" value="punct"/>
		<feat xlink:href="#sTok521" value="punct"/>
		<feat xlink:href="#sTok522" value="parataxis"/>
		<feat xlink:href="#sTok523" value="punct"/>
		<feat xlink:href="#sTok524" value="det"/>
		<feat xlink:href="#sTok525" value="amod"/>
		<feat xlink:href="#sTok526" value="root"/>
		<feat xlink:href="#sTok527" value="acl"/>
		<feat xlink:href="#sTok528" value="amod"/>
		<feat xlink:href="#sTok529" value="cc"/>
		<feat xlink:href="#sTok530" value="conj"/>
		<feat xlink:href="#sTok531" value="obj"/>
		<feat xlink:href="#sTok532" value="punct"/>
		<feat xlink:href="#sTok533" value="case"/>
		<feat xlink:href="#sTok534" value="fixed"/>
		<feat xlink:href="#sTok535" value="amod"/>
		<feat xlink:href="#sTok536" value="obl"/>
		<feat xlink:href="#sTok537" value="punct"/>
		<feat xlink:href="#sTok538" value="parataxis"/>
		<feat xlink:href="#sTok539" value="cc"/>
		<feat xlink:href="#sTok540" value="conj"/>
		<feat xlink:href="#sTok541" value="punct"/>
		<feat xlink:href="#sTok542" value="punct"/>
		<feat xlink:href="#sTok543" value="punct"/>
		<feat xlink:href="#sTok544" value="parataxis"/>
		<feat xlink:href="#sTok545" value="punct"/>
		<feat xlink:href="#sTok546" value="case"/>
		<feat xlink:href="#sTok547" value="compound"/>
		<feat xlink:href="#sTok548" value="obl"/>
		<feat xlink:href="#sTok549" value="punct"/>
		<feat xlink:href="#sTok550" value="det"/>
		<feat xlink:href="#sTok551" value="root"/>
		<feat xlink:href="#sTok552" value="cc"/>
		<feat xlink:href="#sTok553" value="conj"/>
		<feat xlink:href="#sTok554" value="case"/>
		<feat xlink:href="#sTok555" value="nmod"/>
		<feat xlink:href="#sTok556" value="punct"/>
		<feat xlink:href="#sTok557" value="nsubj:pass"/>
		<feat xlink:href="#sTok558" value="punct"/>
		<feat xlink:href="#sTok559" value="conj"/>
		<feat xlink:href="#sTok560" value="cc"/>
		<feat xlink:href="#sTok561" value="conj"/>
		<feat xlink:href="#sTok562" value="aux:pass"/>
		<feat xlink:href="#sTok563" value="root"/>
		<feat xlink:href="#sTok564" value="case"/>
		<feat xlink:href="#sTok565" value="nummod"/>
		<feat xlink:href="#sTok566" value="obl"/>
		<feat xlink:href="#sTok567" value="case"/>
		<feat xlink:href="#sTok568" value="obl"/>
		<feat xlink:href="#sTok569" value="punct"/>
		<feat xlink:href="#sTok570" value="case"/>
		<feat xlink:href="#sTok571" value="det"/>
		<feat xlink:href="#sTok572" value="amod"/>
		<feat xlink:href="#sTok573" value="amod"/>
		<feat xlink:href="#sTok574" value="obl"/>
		<feat xlink:href="#sTok575" value="punct"/>
		<feat xlink:href="#sTok576" value="det"/>
		<feat xlink:href="#sTok577" value="amod"/>
		<feat xlink:href="#sTok578" value="root"/>
		<feat xlink:href="#sTok579" value="punct"/>
		<feat xlink:href="#sTok580" value="case"/>
		<feat xlink:href="#sTok581" value="fixed"/>
		<feat xlink:href="#sTok582" value="det"/>
		<feat xlink:href="#sTok583" value="nmod"/>
		<feat xlink:href="#sTok584" value="cc"/>
		<feat xlink:href="#sTok585" value="conj"/>
		<feat xlink:href="#sTok586" value="punct"/>
		<feat xlink:href="#sTok587" value="nsubj:pass"/>
		<feat xlink:href="#sTok588" value="aux:pass"/>
		<feat xlink:href="#sTok589" value="acl:relcl"/>
		<feat xlink:href="#sTok590" value="case"/>
		<feat xlink:href="#sTok591" value="det"/>
		<feat xlink:href="#sTok592" value="amod"/>
		<feat xlink:href="#sTok593" value="compound"/>
		<feat xlink:href="#sTok594" value="obl"/>
		<feat xlink:href="#sTok595" value="punct"/>
		<feat xlink:href="#sTok596" value="nsubj:pass"/>
		<feat xlink:href="#sTok597" value="aux:pass"/>
		<feat xlink:href="#sTok598" value="root"/>
		<feat xlink:href="#sTok599" value="case"/>
		<feat xlink:href="#sTok600" value="det"/>
		<feat xlink:href="#sTok601" value="amod"/>
		<feat xlink:href="#sTok602" value="obl"/>
		<feat xlink:href="#sTok603" value="punct"/>
		<feat xlink:href="#sTok604" value="cc"/>
		<feat xlink:href="#sTok605" value="nsubj"/>
		<feat xlink:href="#sTok606" value="conj"/>
		<feat xlink:href="#sTok607" value="det"/>
		<feat xlink:href="#sTok608" value="obj"/>
		<feat xlink:href="#sTok609" value="case"/>
		<feat xlink:href="#sTok610" value="nmod"/>
		<feat xlink:href="#sTok611" value="cc"/>
		<feat xlink:href="#sTok612" value="nmod:poss"/>
		<feat xlink:href="#sTok613" value="nsubj"/>
		<feat xlink:href="#sTok614" value="cop"/>
		<feat xlink:href="#sTok615" value="case"/>
		<feat xlink:href="#sTok616" value="det"/>
		<feat xlink:href="#sTok617" value="conj"/>
		<feat xlink:href="#sTok618" value="case"/>
		<feat xlink:href="#sTok619" value="nmod"/>
		<feat xlink:href="#sTok620" value="punct"/>
		<feat xlink:href="#sTok621" value="det"/>
		<feat xlink:href="#sTok622" value="compound"/>
		<feat xlink:href="#sTok623" value="root"/>
		<feat xlink:href="#sTok624" value="punct"/>
		<feat xlink:href="#sTok625" value="det"/>
		<feat xlink:href="#sTok626" value="conj"/>
		<feat xlink:href="#sTok627" value="case"/>
		<feat xlink:href="#sTok628" value="nmod"/>
		<feat xlink:href="#sTok629" value="punct"/>
		<feat xlink:href="#sTok630" value="det"/>
		<feat xlink:href="#sTok631" value="compound"/>
		<feat xlink:href="#sTok632" value="nsubj"/>
		<feat xlink:href="#sTok633" value="case"/>
		<feat xlink:href="#sTok634" value="nmod"/>
		<feat xlink:href="#sTok635" value="cop"/>
		<feat xlink:href="#sTok636" value="root"/>
		<feat xlink:href="#sTok637" value="case"/>
		<feat xlink:href="#sTok638" value="det"/>
		<feat xlink:href="#sTok639" value="compound"/>
		<feat xlink:href="#sTok640" value="nmod"/>
		<feat xlink:href="#sTok641" value="case"/>
		<feat xlink:href="#sTok642" value="nmod"/>
		<feat xlink:href="#sTok643" value="case"/>
		<feat xlink:href="#sTok644" value="nmod"/>
		<feat xlink:href="#sTok645" value="punct"/>
		<feat xlink:href="#sTok646" value="nsubj"/>
		<feat xlink:href="#sTok647" value="acl:relcl"/>
		<feat xlink:href="#sTok648" value="case"/>
		<feat xlink:href="#sTok649" value="det"/>
		<feat xlink:href="#sTok650" value="obl"/>
		<feat xlink:href="#sTok651" value="case"/>
		<feat xlink:href="#sTok652" value="det"/>
		<feat xlink:href="#sTok653" value="amod"/>
		<feat xlink:href="#sTok654" value="compound"/>
		<feat xlink:href="#sTok655" value="nmod"/>
		<feat xlink:href="#sTok656" value="case"/>
		<feat xlink:href="#sTok657" value="det"/>
		<feat xlink:href="#sTok658" value="nmod"/>
		<feat xlink:href="#sTok659" value="punct"/>
		<feat xlink:href="#sTok660" value="punct"/>
		<feat xlink:href="#sTok661" value="parataxis"/>
		<feat xlink:href="#sTok662" value="advmod"/>
		<feat xlink:href="#sTok663" value="punct"/>
		<feat xlink:href="#sTok664" value="det"/>
		<feat xlink:href="#sTok665" value="root"/>
		<feat xlink:href="#sTok666" value="case"/>
		<feat xlink:href="#sTok667" value="det"/>
		<feat xlink:href="#sTok668" value="amod"/>
		<feat xlink:href="#sTok669" value="nmod"/>
		<feat xlink:href="#sTok670" value="punct"/>
		<feat xlink:href="#sTok671" value="det"/>
		<feat xlink:href="#sTok672" value="amod"/>
		<feat xlink:href="#sTok673" value="parataxis"/>
		<feat xlink:href="#sTok674" value="mark"/>
		<feat xlink:href="#sTok675" value="advcl"/>
		<feat xlink:href="#sTok676" value="cc"/>
		<feat xlink:href="#sTok677" value="amod"/>
		<feat xlink:href="#sTok678" value="conj"/>
		<feat xlink:href="#sTok679" value="punct"/>
		<feat xlink:href="#sTok680" value="det"/>
		<feat xlink:href="#sTok681" value="parataxis"/>
		<feat xlink:href="#sTok682" value="case"/>
		<feat xlink:href="#sTok683" value="nmod"/>
		<feat xlink:href="#sTok684" value="punct"/>
		<feat xlink:href="#sTok685" value="det"/>
		<feat xlink:href="#sTok686" value="nsubj"/>
		<feat xlink:href="#sTok687" value="root"/>
		<feat xlink:href="#sTok688" value="case"/>
		<feat xlink:href="#sTok689" value="det"/>
		<feat xlink:href="#sTok690" value="amod"/>
		<feat xlink:href="#sTok691" value="obl"/>
		<feat xlink:href="#sTok692" value="punct"/>
		<feat xlink:href="#sTok693" value="det"/>
		<feat xlink:href="#sTok694" value="root"/>
		<feat xlink:href="#sTok695" value="case"/>
		<feat xlink:href="#sTok696" value="obl"/>
		<feat xlink:href="#sTok697" value="nsubj:pass"/>
		<feat xlink:href="#sTok698" value="aux:pass"/>
		<feat xlink:href="#sTok699" value="acl:relcl"/>
		<feat xlink:href="#sTok700" value="cc"/>
		<feat xlink:href="#sTok701" value="case"/>
		<feat xlink:href="#sTok702" value="conj"/>
		<feat xlink:href="#sTok703" value="case"/>
		<feat xlink:href="#sTok704" value="det"/>
		<feat xlink:href="#sTok705" value="amod"/>
		<feat xlink:href="#sTok706" value="obl"/>
		<feat xlink:href="#sTok707" value="punct"/>
		<feat xlink:href="#sTok708" value="nsubj"/>
		<feat xlink:href="#sTok709" value="aux"/>
		<feat xlink:href="#sTok710" value="root"/>
		<feat xlink:href="#sTok711" value="obj"/>
		<feat xlink:href="#sTok712" value="case"/>
		<feat xlink:href="#sTok713" value="obl"/>
		<feat xlink:href="#sTok714" value="punct"/>
		<feat xlink:href="#sTok715" value="det"/>
		<feat xlink:href="#sTok716" value="root"/>
		<feat xlink:href="#sTok717" value="cc"/>
		<feat xlink:href="#sTok718" value="conj"/>
		<feat xlink:href="#sTok719" value="case"/>
		<feat xlink:href="#sTok720" value="amod"/>
		<feat xlink:href="#sTok721" value="nmod"/>
		<feat xlink:href="#sTok722" value="advmod"/>
		<feat xlink:href="#sTok723" value="det"/>
		<feat xlink:href="#sTok724" value="nsubj:pass"/>
		<feat xlink:href="#sTok725" value="case"/>
		<feat xlink:href="#sTok726" value="nmod"/>
		<feat xlink:href="#sTok727" value="cc"/>
		<feat xlink:href="#sTok728" value="conj"/>
		<feat xlink:href="#sTok729" value="aux:pass"/>
		<feat xlink:href="#sTok730" value="acl:relcl"/>
		<feat xlink:href="#sTok731" value="punct"/>
		<feat xlink:href="#sTok732" value="det"/>
		<feat xlink:href="#sTok733" value="root"/>
		<feat xlink:href="#sTok734" value="punct"/>
		<feat xlink:href="#sTok735" value="conj"/>
		<feat xlink:href="#sTok736" value="punct"/>
		<feat xlink:href="#sTok737" value="cc"/>
		<feat xlink:href="#sTok738" value="conj"/>
		<feat xlink:href="#sTok739" value="case"/>
		<feat xlink:href="#sTok740" value="nmod"/>
		<feat xlink:href="#sTok741" value="cc"/>
		<feat xlink:href="#sTok742" value="conj"/>
		<feat xlink:href="#sTok743" value="punct"/>
		<feat xlink:href="#sTok744" value="acl"/>
		<feat xlink:href="#sTok745" value="case"/>
		<feat xlink:href="#sTok746" value="det"/>
		<feat xlink:href="#sTok747" value="obl:agent"/>
		<feat xlink:href="#sTok748" value="case"/>
		<feat xlink:href="#sTok749" value="det"/>
		<feat xlink:href="#sTok750" value="amod"/>
		<feat xlink:href="#sTok751" value="nmod"/>
		<feat xlink:href="#sTok752" value="cc"/>
		<feat xlink:href="#sTok753" value="conj"/>
		<feat xlink:href="#sTok754" value="punct"/>
		<feat xlink:href="#sTok755" value="nsubj"/>
		<feat xlink:href="#sTok756" value="cop"/>
		<feat xlink:href="#sTok757" value="det"/>
		<feat xlink:href="#sTok758" value="root"/>
		<feat xlink:href="#sTok759" value="case"/>
		<feat xlink:href="#sTok760" value="det"/>
		<feat xlink:href="#sTok761" value="amod"/>
		<feat xlink:href="#sTok762" value="nmod"/>
		<feat xlink:href="#sTok763" value="punct"/>
		<feat xlink:href="#sTok764" value="det"/>
		<feat xlink:href="#sTok765" value="root"/>
		<feat xlink:href="#sTok766" value="acl"/>
		<feat xlink:href="#sTok767" value="amod"/>
		<feat xlink:href="#sTok768" value="obj"/>
		<feat xlink:href="#sTok769" value="punct"/>
		<feat xlink:href="#sTok770" value="mark"/>
		<feat xlink:href="#sTok771" value="fixed"/>
		<feat xlink:href="#sTok772" value="advcl"/>
		<feat xlink:href="#sTok773" value="punct"/>
		<feat xlink:href="#sTok774" value="conj"/>
		<feat xlink:href="#sTok775" value="punct"/>
		<feat xlink:href="#sTok776" value="conj"/>
		<feat xlink:href="#sTok777" value="punct"/>
		<feat xlink:href="#sTok778" value="conj"/>
		<feat xlink:href="#sTok779" value="punct"/>
		<feat xlink:href="#sTok780" value="conj"/>
		<feat xlink:href="#sTok781" value="root"/>
		<feat xlink:href="#sTok782" value="punct"/>
		<feat xlink:href="#sTok783" value="parataxis"/>
		<feat xlink:href="#sTok784" value="acl"/>
		<feat xlink:href="#sTok785" value="case"/>
		<feat xlink:href="#sTok786" value="obl"/>
		<feat xlink:href="#sTok787" value="cc"/>
		<feat xlink:href="#sTok788" value="conj"/>
		<feat xlink:href="#sTok789" value="punct"/>
		<feat xlink:href="#sTok790" value="punct"/>
		<feat xlink:href="#sTok791" value="root"/>
		<feat xlink:href="#sTok792" value="punct"/>
		<feat xlink:href="#sTok793" value="conj"/>
		<feat xlink:href="#sTok794" value="punct"/>
		<feat xlink:href="#sTok795" value="conj"/>
		<feat xlink:href="#sTok796" value="punct"/>
		<feat xlink:href="#sTok797" value="amod"/>
		<feat xlink:href="#sTok798" value="parataxis"/>
		<feat xlink:href="#sTok799" value="case"/>
		<feat xlink:href="#sTok800" value="det"/>
		<feat xlink:href="#sTok801" value="amod"/>
		<feat xlink:href="#sTok802" value="nmod"/>
		<feat xlink:href="#sTok803" value="punct"/>
		<feat xlink:href="#sTok804" value="punct"/>
		<feat xlink:href="#sTok805" value="root"/>
		<feat xlink:href="#sTok806" value="punct"/>
		<feat xlink:href="#sTok807" value="conj"/>
		<feat xlink:href="#sTok808" value="punct"/>
		<feat xlink:href="#sTok809" value="conj"/>
		<feat xlink:href="#sTok810" value="punct"/>
		<feat xlink:href="#sTok811" value="conj"/>
		<feat xlink:href="#sTok812" value="root"/>
		<feat xlink:href="#sTok813" value="root"/>
		<feat xlink:href="#sTok814" value="advmod"/>
		<feat xlink:href="#sTok815" value="dep"/>
		<feat xlink:href="#sTok816" value="punct"/>
		<feat xlink:href="#sTok817" value="obj"/>
		<feat xlink:href="#sTok818" value="amod"/>
		<feat xlink:href="#sTok819" value="root"/>
		<feat xlink:href="#sTok820" value="punct"/>
		<feat xlink:href="#sTok821" value="parataxis"/>
		<feat xlink:href="#sTok822" value="acl"/>
		<feat xlink:href="#sTok823" value="amod"/>
		<feat xlink:href="#sTok824" value="cc"/>
		<feat xlink:href="#sTok825" value="conj"/>
		<feat xlink:href="#sTok826" value="obj"/>
		<feat xlink:href="#sTok827" value="punct"/>
		<feat xlink:href="#sTok828" value="punct"/>
		<feat xlink:href="#sTok829" value="compound"/>
		<feat xlink:href="#sTok830" value="root"/>
		<feat xlink:href="#sTok831" value="punct"/>
		<feat xlink:href="#sTok832" value="conj"/>
		<feat xlink:href="#sTok833" value="punct"/>
		<feat xlink:href="#sTok834" value="conj"/>
		<feat xlink:href="#sTok835" value="punct"/>
		<feat xlink:href="#sTok836" value="conj"/>
		<feat xlink:href="#sTok837" value="punct"/>
		<feat xlink:href="#sTok838" value="conj"/>
		<feat xlink:href="#sTok839" value="root"/>
		<feat xlink:href="#sTok840" value="root"/>
		<feat xlink:href="#sTok841" value="punct"/>
		<feat xlink:href="#sTok842" value="amod"/>
		<feat xlink:href="#sTok843" value="punct"/>
		<feat xlink:href="#sTok844" value="compound"/>
		<feat xlink:href="#sTok845" value="amod"/>
		<feat xlink:href="#sTok846" value="amod"/>
		<feat xlink:href="#sTok847" value="dep"/>
		<feat xlink:href="#sTok848" value="parataxis"/>
		<feat xlink:href="#sTok849" value="punct"/>
		<feat xlink:href="#sTok850" value="amod"/>
		<feat xlink:href="#sTok851" value="dep"/>
		<feat xlink:href="#sTok852" value="conj"/>
		<feat xlink:href="#sTok853" value="punct"/>
		<feat xlink:href="#sTok854" value="amod"/>
		<feat xlink:href="#sTok855" value="dep"/>
		<feat xlink:href="#sTok856" value="cc"/>
		<feat xlink:href="#sTok857" value="amod"/>
		<feat xlink:href="#sTok858" value="conj"/>
		<feat xlink:href="#sTok859" value="conj"/>
		<feat xlink:href="#sTok860" value="punct"/>
		<feat xlink:href="#sTok861" value="punct"/>
		<feat xlink:href="#sTok862" value="parataxis"/>
		<feat xlink:href="#sTok863" value="punct"/>
		<feat xlink:href="#sTok864" value="mark"/>
		<feat xlink:href="#sTok865" value="root"/>
		<feat xlink:href="#sTok866" value="punct"/>
		<feat xlink:href="#sTok867" value="conj"/>
		<feat xlink:href="#sTok868" value="punct"/>
		<feat xlink:href="#sTok869" value="cc"/>
		<feat xlink:href="#sTok870" value="conj"/>
		<feat xlink:href="#sTok871" value="punct"/>
		<feat xlink:href="#sTok872" value="advmod"/>
		<feat xlink:href="#sTok873" value="punct"/>
		<feat xlink:href="#sTok874" value="cc"/>
		<feat xlink:href="#sTok875" value="advmod"/>
		<feat xlink:href="#sTok876" value="conj"/>
		<feat xlink:href="#sTok877" value="punct"/>
		<feat xlink:href="#sTok878" value="case"/>
		<feat xlink:href="#sTok879" value="det"/>
		<feat xlink:href="#sTok880" value="obl"/>
		<feat xlink:href="#sTok881" value="punct"/>
		<feat xlink:href="#sTok882" value="punct"/>
		<feat xlink:href="#sTok883" value="amod"/>
		<feat xlink:href="#sTok884" value="amod"/>
		<feat xlink:href="#sTok885" value="amod"/>
		<feat xlink:href="#sTok886" value="nsubj:pass"/>
		<feat xlink:href="#sTok887" value="aux:pass"/>
		<feat xlink:href="#sTok888" value="root"/>
		<feat xlink:href="#sTok889" value="case"/>
		<feat xlink:href="#sTok890" value="obl"/>
		<feat xlink:href="#sTok891" value="punct"/>
		<feat xlink:href="#sTok892" value="punct"/>
		<feat xlink:href="#sTok893" value="parataxis"/>
		<feat xlink:href="#sTok894" value="punct"/>
		<feat xlink:href="#sTok895" value="mark"/>
		<feat xlink:href="#sTok896" value="root"/>
		<feat xlink:href="#sTok897" value="advmod"/>
		<feat xlink:href="#sTok898" value="punct"/>
		<feat xlink:href="#sTok899" value="mark"/>
		<feat xlink:href="#sTok900" value="conj"/>
		<feat xlink:href="#sTok901" value="det"/>
		<feat xlink:href="#sTok902" value="iobj"/>
		<feat xlink:href="#sTok903" value="det"/>
		<feat xlink:href="#sTok904" value="amod"/>
		<feat xlink:href="#sTok905" value="obj"/>
		<feat xlink:href="#sTok906" value="punct"/>
		<feat xlink:href="#sTok907" value="punct"/>
		<feat xlink:href="#sTok908" value="parataxis"/>
		<feat xlink:href="#sTok909" value="punct"/>
		<feat xlink:href="#sTok910" value="mark"/>
		<feat xlink:href="#sTok911" value="root"/>
		<feat xlink:href="#sTok912" value="punct"/>
		<feat xlink:href="#sTok913" value="cc"/>
		<feat xlink:href="#sTok914" value="conj"/>
		<feat xlink:href="#sTok915" value="punct"/>
		<feat xlink:href="#sTok916" value="nmod:poss"/>
		<feat xlink:href="#sTok917" value="case"/>
		<feat xlink:href="#sTok918" value="obj"/>
		<feat xlink:href="#sTok919" value="punct"/>
		<feat xlink:href="#sTok920" value="nsubj"/>
		<feat xlink:href="#sTok921" value="root"/>
		<feat xlink:href="#sTok922" value="obj"/>
		<feat xlink:href="#sTok923" value="mark"/>
		<feat xlink:href="#sTok924" value="xcomp"/>
		<feat xlink:href="#sTok925" value="nmod:poss"/>
		<feat xlink:href="#sTok926" value="obj"/>
		<feat xlink:href="#sTok927" value="punct"/>
		<feat xlink:href="#sTok928" value="advmod"/>
		<feat xlink:href="#sTok929" value="advcl"/>
		<feat xlink:href="#sTok930" value="compound:prt"/>
		<feat xlink:href="#sTok931" value="obj"/>
		<feat xlink:href="#sTok932" value="case"/>
		<feat xlink:href="#sTok933" value="nmod:poss"/>
		<feat xlink:href="#sTok934" value="nmod"/>
		<feat xlink:href="#sTok935" value="punct"/></featList></paula>