<?xml version='1.0' encoding='UTF-8'?><!DOCTYPE paula SYSTEM "paula_feat.dtd">
<paula version="1.1">
	<header paula_id="GENTLE_dictionary_school.tok_upos"/>
	<featList xmlns:xlink="http://www.w3.org/1999/xlink" type="upos" xml:base="GENTLE_dictionary_school.tok.xml">
		<feat xlink:href="#sTok1" value="NOUN"/>
		<feat xlink:href="#sTok2" value="PROPN"/>
		<feat xlink:href="#sTok3" value="NOUN"/>
		<feat xlink:href="#sTok4" value="NOUN"/>
		<feat xlink:href="#sTok5" value="PUNCT"/>
		<feat xlink:href="#sTok6" value="NOUN"/>
		<feat xlink:href="#sTok7" value="PUNCT"/>
		<feat xlink:href="#sTok8" value="PROPN"/>
		<feat xlink:href="#sTok9" value="PUNCT"/>
		<feat xlink:href="#sTok10" value="NOUN"/>
		<feat xlink:href="#sTok11" value="PUNCT"/>
		<feat xlink:href="#sTok12" value="PUNCT"/>
		<feat xlink:href="#sTok13" value="PUNCT"/>
		<feat xlink:href="#sTok14" value="NOUN"/>
		<feat xlink:href="#sTok15" value="PUNCT"/>
		<feat xlink:href="#sTok16" value="NOUN"/>
		<feat xlink:href="#sTok17" value="PUNCT"/>
		<feat xlink:href="#sTok18" value="ADJ"/>
		<feat xlink:href="#sTok19" value="PROPN"/>
		<feat xlink:href="#sTok20" value="PUNCT"/>
		<feat xlink:href="#sTok21" value="NOUN"/>
		<feat xlink:href="#sTok22" value="PUNCT"/>
		<feat xlink:href="#sTok23" value="INTJ"/>
		<feat xlink:href="#sTok24" value="NOUN"/>
		<feat xlink:href="#sTok25" value="NUM"/>
		<feat xlink:href="#sTok26" value="ADP"/>
		<feat xlink:href="#sTok27" value="ADJ"/>
		<feat xlink:href="#sTok28" value="PROPN"/>
		<feat xlink:href="#sTok29" value="X"/>
		<feat xlink:href="#sTok30" value="PUNCT"/>
		<feat xlink:href="#sTok31" value="X"/>
		<feat xlink:href="#sTok32" value="PUNCT"/>
		<feat xlink:href="#sTok33" value="PUNCT"/>
		<feat xlink:href="#sTok34" value="NOUN"/>
		<feat xlink:href="#sTok35" value="ADP"/>
		<feat xlink:href="#sTok36" value="NOUN"/>
		<feat xlink:href="#sTok37" value="PUNCT"/>
		<feat xlink:href="#sTok38" value="NOUN"/>
		<feat xlink:href="#sTok39" value="PUNCT"/>
		<feat xlink:href="#sTok40" value="NOUN"/>
		<feat xlink:href="#sTok41" value="PUNCT"/>
		<feat xlink:href="#sTok42" value="NOUN"/>
		<feat xlink:href="#sTok43" value="ADP"/>
		<feat xlink:href="#sTok44" value="NOUN"/>
		<feat xlink:href="#sTok45" value="PUNCT"/>
		<feat xlink:href="#sTok46" value="PUNCT"/>
		<feat xlink:href="#sTok47" value="PUNCT"/>
		<feat xlink:href="#sTok48" value="ADP"/>
		<feat xlink:href="#sTok49" value="ADJ"/>
		<feat xlink:href="#sTok50" value="PROPN"/>
		<feat xlink:href="#sTok51" value="X"/>
		<feat xlink:href="#sTok52" value="PUNCT"/>
		<feat xlink:href="#sTok53" value="PUNCT"/>
		<feat xlink:href="#sTok54" value="NOUN"/>
		<feat xlink:href="#sTok55" value="PUNCT"/>
		<feat xlink:href="#sTok56" value="NOUN"/>
		<feat xlink:href="#sTok57" value="ADP"/>
		<feat xlink:href="#sTok58" value="NOUN"/>
		<feat xlink:href="#sTok59" value="PUNCT"/>
		<feat xlink:href="#sTok60" value="NOUN"/>
		<feat xlink:href="#sTok61" value="ADP"/>
		<feat xlink:href="#sTok62" value="NOUN"/>
		<feat xlink:href="#sTok63" value="PUNCT"/>
		<feat xlink:href="#sTok64" value="PUNCT"/>
		<feat xlink:href="#sTok65" value="PUNCT"/>
		<feat xlink:href="#sTok66" value="ADP"/>
		<feat xlink:href="#sTok67" value="ADJ"/>
		<feat xlink:href="#sTok68" value="PROPN"/>
		<feat xlink:href="#sTok69" value="X"/>
		<feat xlink:href="#sTok70" value="PUNCT"/>
		<feat xlink:href="#sTok71" value="X"/>
		<feat xlink:href="#sTok72" value="PUNCT"/>
		<feat xlink:href="#sTok73" value="PUNCT"/>
		<feat xlink:href="#sTok74" value="NOUN"/>
		<feat xlink:href="#sTok75" value="PUNCT"/>
		<feat xlink:href="#sTok76" value="NOUN"/>
		<feat xlink:href="#sTok77" value="PUNCT"/>
		<feat xlink:href="#sTok78" value="PUNCT"/>
		<feat xlink:href="#sTok79" value="PUNCT"/>
		<feat xlink:href="#sTok80" value="ADP"/>
		<feat xlink:href="#sTok81" value="ADJ"/>
		<feat xlink:href="#sTok82" value="X"/>
		<feat xlink:href="#sTok83" value="PUNCT"/>
		<feat xlink:href="#sTok84" value="PUNCT"/>
		<feat xlink:href="#sTok85" value="NOUN"/>
		<feat xlink:href="#sTok86" value="PUNCT"/>
		<feat xlink:href="#sTok87" value="PUNCT"/>
		<feat xlink:href="#sTok88" value="PUNCT"/>
		<feat xlink:href="#sTok89" value="ADP"/>
		<feat xlink:href="#sTok90" value="PROPN"/>
		<feat xlink:href="#sTok91" value="X"/>
		<feat xlink:href="#sTok92" value="PUNCT"/>
		<feat xlink:href="#sTok93" value="PUNCT"/>
		<feat xlink:href="#sTok94" value="NOUN"/>
		<feat xlink:href="#sTok95" value="PUNCT"/>
		<feat xlink:href="#sTok96" value="NOUN"/>
		<feat xlink:href="#sTok97" value="PUNCT"/>
		<feat xlink:href="#sTok98" value="PUNCT"/>
		<feat xlink:href="#sTok99" value="PUNCT"/>
		<feat xlink:href="#sTok100" value="ADJ"/>
		<feat xlink:href="#sTok101" value="ADP"/>
		<feat xlink:href="#sTok102" value="ADJ"/>
		<feat xlink:href="#sTok103" value="ADJ"/>
		<feat xlink:href="#sTok104" value="PROPN"/>
		<feat xlink:href="#sTok105" value="X"/>
		<feat xlink:href="#sTok106" value="PUNCT"/>
		<feat xlink:href="#sTok107" value="PUNCT"/>
		<feat xlink:href="#sTok108" value="NOUN"/>
		<feat xlink:href="#sTok109" value="PUNCT"/>
		<feat xlink:href="#sTok110" value="NOUN"/>
		<feat xlink:href="#sTok111" value="PUNCT"/>
		<feat xlink:href="#sTok112" value="PUNCT"/>
		<feat xlink:href="#sTok113" value="PUNCT"/>
		<feat xlink:href="#sTok114" value="ADJ"/>
		<feat xlink:href="#sTok115" value="PROPN"/>
		<feat xlink:href="#sTok116" value="NOUN"/>
		<feat xlink:href="#sTok117" value="PUNCT"/>
		<feat xlink:href="#sTok118" value="PUNCT"/>
		<feat xlink:href="#sTok119" value="NOUN"/>
		<feat xlink:href="#sTok120" value="CCONJ"/>
		<feat xlink:href="#sTok121" value="NOUN"/>
		<feat xlink:href="#sTok122" value="ADP"/>
		<feat xlink:href="#sTok123" value="NOUN"/>
		<feat xlink:href="#sTok124" value="PUNCT"/>
		<feat xlink:href="#sTok125" value="NOUN"/>
		<feat xlink:href="#sTok126" value="PUNCT"/>
		<feat xlink:href="#sTok127" value="NOUN"/>
		<feat xlink:href="#sTok128" value="PUNCT"/>
		<feat xlink:href="#sTok129" value="NOUN"/>
		<feat xlink:href="#sTok130" value="ADP"/>
		<feat xlink:href="#sTok131" value="NOUN"/>
		<feat xlink:href="#sTok132" value="PUNCT"/>
		<feat xlink:href="#sTok133" value="PUNCT"/>
		<feat xlink:href="#sTok134" value="PUNCT"/>
		<feat xlink:href="#sTok135" value="NOUN"/>
		<feat xlink:href="#sTok136" value="ADP"/>
		<feat xlink:href="#sTok137" value="NOUN"/>
		<feat xlink:href="#sTok138" value="PUNCT"/>
		<feat xlink:href="#sTok139" value="ADJ"/>
		<feat xlink:href="#sTok140" value="NOUN"/>
		<feat xlink:href="#sTok141" value="NOUN"/>
		<feat xlink:href="#sTok142" value="PUNCT"/>
		<feat xlink:href="#sTok143" value="ADJ"/>
		<feat xlink:href="#sTok144" value="PUNCT"/>
		<feat xlink:href="#sTok145" value="NOUN"/>
		<feat xlink:href="#sTok146" value="NOUN"/>
		<feat xlink:href="#sTok147" value="PUNCT"/>
		<feat xlink:href="#sTok148" value="NUM"/>
		<feat xlink:href="#sTok149" value="PUNCT"/>
		<feat xlink:href="#sTok150" value="ADP"/>
		<feat xlink:href="#sTok151" value="NOUN"/>
		<feat xlink:href="#sTok152" value="PUNCT"/>
		<feat xlink:href="#sTok153" value="NOUN"/>
		<feat xlink:href="#sTok154" value="PUNCT"/>
		<feat xlink:href="#sTok155" value="ADJ"/>
		<feat xlink:href="#sTok156" value="NOUN"/>
		<feat xlink:href="#sTok157" value="PUNCT"/>
		<feat xlink:href="#sTok158" value="PUNCT"/>
		<feat xlink:href="#sTok159" value="ADJ"/>
		<feat xlink:href="#sTok160" value="PUNCT"/>
		<feat xlink:href="#sTok161" value="DET"/>
		<feat xlink:href="#sTok162" value="NOUN"/>
		<feat xlink:href="#sTok163" value="ADP"/>
		<feat xlink:href="#sTok164" value="NOUN"/>
		<feat xlink:href="#sTok165" value="CCONJ"/>
		<feat xlink:href="#sTok166" value="DET"/>
		<feat xlink:href="#sTok167" value="NOUN"/>
		<feat xlink:href="#sTok168" value="ADP"/>
		<feat xlink:href="#sTok169" value="ADJ"/>
		<feat xlink:href="#sTok170" value="NOUN"/>
		<feat xlink:href="#sTok171" value="ADJ"/>
		<feat xlink:href="#sTok172" value="ADP"/>
		<feat xlink:href="#sTok173" value="NOUN"/>
		<feat xlink:href="#sTok174" value="PUNCT"/>
		<feat xlink:href="#sTok175" value="NOUN"/>
		<feat xlink:href="#sTok176" value="PUNCT"/>
		<feat xlink:href="#sTok177" value="CCONJ"/>
		<feat xlink:href="#sTok178" value="NOUN"/>
		<feat xlink:href="#sTok179" value="PUNCT"/>
		<feat xlink:href="#sTok180" value="DET"/>
		<feat xlink:href="#sTok181" value="NOUN"/>
		<feat xlink:href="#sTok182" value="VERB"/>
		<feat xlink:href="#sTok183" value="DET"/>
		<feat xlink:href="#sTok184" value="ADJ"/>
		<feat xlink:href="#sTok185" value="NOUN"/>
		<feat xlink:href="#sTok186" value="ADP"/>
		<feat xlink:href="#sTok187" value="NOUN"/>
		<feat xlink:href="#sTok188" value="PUNCT"/>
		<feat xlink:href="#sTok189" value="DET"/>
		<feat xlink:href="#sTok190" value="NOUN"/>
		<feat xlink:href="#sTok191" value="PUNCT"/>
		<feat xlink:href="#sTok192" value="NOUN"/>
		<feat xlink:href="#sTok193" value="PUNCT"/>
		<feat xlink:href="#sTok194" value="NOUN"/>
		<feat xlink:href="#sTok195" value="PUNCT"/>
		<feat xlink:href="#sTok196" value="PUNCT"/>
		<feat xlink:href="#sTok197" value="NOUN"/>
		<feat xlink:href="#sTok198" value="NOUN"/>
		<feat xlink:href="#sTok199" value="NOUN"/>
		<feat xlink:href="#sTok200" value="PUNCT"/>
		<feat xlink:href="#sTok201" value="ADJ"/>
		<feat xlink:href="#sTok202" value="PUNCT"/>
		<feat xlink:href="#sTok203" value="NOUN"/>
		<feat xlink:href="#sTok204" value="ADJ"/>
		<feat xlink:href="#sTok205" value="ADJ"/>
		<feat xlink:href="#sTok206" value="NOUN"/>
		<feat xlink:href="#sTok207" value="NOUN"/>
		<feat xlink:href="#sTok208" value="PUNCT"/>
		<feat xlink:href="#sTok209" value="ADJ"/>
		<feat xlink:href="#sTok210" value="NOUN"/>
		<feat xlink:href="#sTok211" value="VERB"/>
		<feat xlink:href="#sTok212" value="PUNCT"/>
		<feat xlink:href="#sTok213" value="ADJ"/>
		<feat xlink:href="#sTok214" value="NOUN"/>
		<feat xlink:href="#sTok215" value="CCONJ"/>
		<feat xlink:href="#sTok216" value="NOUN"/>
		<feat xlink:href="#sTok217" value="NOUN"/>
		<feat xlink:href="#sTok218" value="VERB"/>
		<feat xlink:href="#sTok219" value="PUNCT"/>
		<feat xlink:href="#sTok220" value="PUNCT"/>
		<feat xlink:href="#sTok221" value="ADJ"/>
		<feat xlink:href="#sTok222" value="PUNCT"/>
		<feat xlink:href="#sTok223" value="PUNCT"/>
		<feat xlink:href="#sTok224" value="ADP"/>
		<feat xlink:href="#sTok225" value="NOUN"/>
		<feat xlink:href="#sTok226" value="PUNCT"/>
		<feat xlink:href="#sTok227" value="PART"/>
		<feat xlink:href="#sTok228" value="VERB"/>
		<feat xlink:href="#sTok229" value="ADP"/>
		<feat xlink:href="#sTok230" value="PUNCT"/>
		<feat xlink:href="#sTok231" value="CCONJ"/>
		<feat xlink:href="#sTok232" value="VERB"/>
		<feat xlink:href="#sTok233" value="ADP"/>
		<feat xlink:href="#sTok234" value="DET"/>
		<feat xlink:href="#sTok235" value="NOUN"/>
		<feat xlink:href="#sTok236" value="PUNCT"/>
		<feat xlink:href="#sTok237" value="NOUN"/>
		<feat xlink:href="#sTok238" value="NUM"/>
		<feat xlink:href="#sTok239" value="ADJ"/>
		<feat xlink:href="#sTok240" value="NOUN"/>
		<feat xlink:href="#sTok241" value="ADP"/>
		<feat xlink:href="#sTok242" value="ADJ"/>
		<feat xlink:href="#sTok243" value="PROPN"/>
		<feat xlink:href="#sTok244" value="X"/>
		<feat xlink:href="#sTok245" value="PUNCT"/>
		<feat xlink:href="#sTok246" value="ADP"/>
		<feat xlink:href="#sTok247" value="ADJ"/>
		<feat xlink:href="#sTok248" value="PROPN"/>
		<feat xlink:href="#sTok249" value="X"/>
		<feat xlink:href="#sTok250" value="PUNCT"/>
		<feat xlink:href="#sTok251" value="PUNCT"/>
		<feat xlink:href="#sTok252" value="NOUN"/>
		<feat xlink:href="#sTok253" value="ADP"/>
		<feat xlink:href="#sTok254" value="NOUN"/>
		<feat xlink:href="#sTok255" value="PUNCT"/>
		<feat xlink:href="#sTok256" value="PUNCT"/>
		<feat xlink:href="#sTok257" value="PUNCT"/>
		<feat xlink:href="#sTok258" value="ADP"/>
		<feat xlink:href="#sTok259" value="PROPN"/>
		<feat xlink:href="#sTok260" value="X"/>
		<feat xlink:href="#sTok261" value="PUNCT"/>
		<feat xlink:href="#sTok262" value="PUNCT"/>
		<feat xlink:href="#sTok263" value="NOUN"/>
		<feat xlink:href="#sTok264" value="PUNCT"/>
		<feat xlink:href="#sTok265" value="PUNCT"/>
		<feat xlink:href="#sTok266" value="PUNCT"/>
		<feat xlink:href="#sTok267" value="ADP"/>
		<feat xlink:href="#sTok268" value="ADJ"/>
		<feat xlink:href="#sTok269" value="PROPN"/>
		<feat xlink:href="#sTok270" value="NOUN"/>
		<feat xlink:href="#sTok271" value="PUNCT"/>
		<feat xlink:href="#sTok272" value="X"/>
		<feat xlink:href="#sTok273" value="PUNCT"/>
		<feat xlink:href="#sTok274" value="PUNCT"/>
		<feat xlink:href="#sTok275" value="ADJ"/>
		<feat xlink:href="#sTok276" value="NOUN"/>
		<feat xlink:href="#sTok277" value="CCONJ"/>
		<feat xlink:href="#sTok278" value="NOUN"/>
		<feat xlink:href="#sTok279" value="PUNCT"/>
		<feat xlink:href="#sTok280" value="NOUN"/>
		<feat xlink:href="#sTok281" value="PUNCT"/>
		<feat xlink:href="#sTok282" value="NOUN"/>
		<feat xlink:href="#sTok283" value="PUNCT"/>
		<feat xlink:href="#sTok284" value="PUNCT"/>
		<feat xlink:href="#sTok285" value="PUNCT"/>
		<feat xlink:href="#sTok286" value="ADP"/>
		<feat xlink:href="#sTok287" value="ADJ"/>
		<feat xlink:href="#sTok288" value="PROPN"/>
		<feat xlink:href="#sTok289" value="X"/>
		<feat xlink:href="#sTok290" value="PUNCT"/>
		<feat xlink:href="#sTok291" value="X"/>
		<feat xlink:href="#sTok292" value="PUNCT"/>
		<feat xlink:href="#sTok293" value="PUNCT"/>
		<feat xlink:href="#sTok294" value="ADP"/>
		<feat xlink:href="#sTok295" value="X"/>
		<feat xlink:href="#sTok296" value="PUNCT"/>
		<feat xlink:href="#sTok297" value="X"/>
		<feat xlink:href="#sTok298" value="PUNCT"/>
		<feat xlink:href="#sTok299" value="PUNCT"/>
		<feat xlink:href="#sTok300" value="ADJ"/>
		<feat xlink:href="#sTok301" value="NOUN"/>
		<feat xlink:href="#sTok302" value="PUNCT"/>
		<feat xlink:href="#sTok303" value="NOUN"/>
		<feat xlink:href="#sTok304" value="PUNCT"/>
		<feat xlink:href="#sTok305" value="NOUN"/>
		<feat xlink:href="#sTok306" value="CCONJ"/>
		<feat xlink:href="#sTok307" value="DET"/>
		<feat xlink:href="#sTok308" value="NOUN"/>
		<feat xlink:href="#sTok309" value="VERB"/>
		<feat xlink:href="#sTok310" value="ADP"/>
		<feat xlink:href="#sTok311" value="PRON"/>
		<feat xlink:href="#sTok312" value="ADP"/>
		<feat xlink:href="#sTok313" value="ADJ"/>
		<feat xlink:href="#sTok314" value="NOUN"/>
		<feat xlink:href="#sTok315" value="PUNCT"/>
		<feat xlink:href="#sTok316" value="DET"/>
		<feat xlink:href="#sTok317" value="NOUN"/>
		<feat xlink:href="#sTok318" value="ADV"/>
		<feat xlink:href="#sTok319" value="DET"/>
		<feat xlink:href="#sTok320" value="NOUN"/>
		<feat xlink:href="#sTok321" value="VERB"/>
		<feat xlink:href="#sTok322" value="NOUN"/>
		<feat xlink:href="#sTok323" value="PUNCT"/>
		<feat xlink:href="#sTok324" value="PUNCT"/>
		<feat xlink:href="#sTok325" value="PUNCT"/>
		<feat xlink:href="#sTok326" value="ADP"/>
		<feat xlink:href="#sTok327" value="PROPN"/>
		<feat xlink:href="#sTok328" value="X"/>
		<feat xlink:href="#sTok329" value="PUNCT"/>
		<feat xlink:href="#sTok330" value="PUNCT"/>
		<feat xlink:href="#sTok331" value="PART"/>
		<feat xlink:href="#sTok332" value="VERB"/>
		<feat xlink:href="#sTok333" value="PUNCT"/>
		<feat xlink:href="#sTok334" value="AUX"/>
		<feat xlink:href="#sTok335" value="PUNCT"/>
		<feat xlink:href="#sTok336" value="VERB"/>
		<feat xlink:href="#sTok337" value="PUNCT"/>
		<feat xlink:href="#sTok338" value="PUNCT"/>
		<feat xlink:href="#sTok339" value="PUNCT"/>
		<feat xlink:href="#sTok340" value="NOUN"/>
		<feat xlink:href="#sTok341" value="ADP"/>
		<feat xlink:href="#sTok342" value="NOUN"/>
		<feat xlink:href="#sTok343" value="CCONJ"/>
		<feat xlink:href="#sTok344" value="NOUN"/>
		<feat xlink:href="#sTok345" value="PUNCT"/>
		<feat xlink:href="#sTok346" value="VERB"/>
		<feat xlink:href="#sTok347" value="ADJ"/>
		<feat xlink:href="#sTok348" value="PROPN"/>
		<feat xlink:href="#sTok349" value="X"/>
		<feat xlink:href="#sTok350" value="PUNCT"/>
		<feat xlink:href="#sTok351" value="X"/>
		<feat xlink:href="#sTok352" value="PUNCT"/>
		<feat xlink:href="#sTok353" value="PUNCT"/>
		<feat xlink:href="#sTok354" value="NOUN"/>
		<feat xlink:href="#sTok355" value="PUNCT"/>
		<feat xlink:href="#sTok356" value="PUNCT"/>
		<feat xlink:href="#sTok357" value="PUNCT"/>
		<feat xlink:href="#sTok358" value="PROPN"/>
		<feat xlink:href="#sTok359" value="PROPN"/>
		<feat xlink:href="#sTok360" value="X"/>
		<feat xlink:href="#sTok361" value="PUNCT"/>
		<feat xlink:href="#sTok362" value="PROPN"/>
		<feat xlink:href="#sTok363" value="PROPN"/>
		<feat xlink:href="#sTok364" value="X"/>
		<feat xlink:href="#sTok365" value="PUNCT"/>
		<feat xlink:href="#sTok366" value="PUNCT"/>
		<feat xlink:href="#sTok367" value="PROPN"/>
		<feat xlink:href="#sTok368" value="X"/>
		<feat xlink:href="#sTok369" value="PUNCT"/>
		<feat xlink:href="#sTok370" value="PUNCT"/>
		<feat xlink:href="#sTok371" value="NOUN"/>
		<feat xlink:href="#sTok372" value="PUNCT"/>
		<feat xlink:href="#sTok373" value="PUNCT"/>
		<feat xlink:href="#sTok374" value="PUNCT"/>
		<feat xlink:href="#sTok375" value="PROPN"/>
		<feat xlink:href="#sTok376" value="PROPN"/>
		<feat xlink:href="#sTok377" value="PROPN"/>
		<feat xlink:href="#sTok378" value="X"/>
		<feat xlink:href="#sTok379" value="PUNCT"/>
		<feat xlink:href="#sTok380" value="PUNCT"/>
		<feat xlink:href="#sTok381" value="NOUN"/>
		<feat xlink:href="#sTok382" value="PUNCT"/>
		<feat xlink:href="#sTok383" value="PUNCT"/>
		<feat xlink:href="#sTok384" value="PUNCT"/>
		<feat xlink:href="#sTok385" value="ADJ"/>
		<feat xlink:href="#sTok386" value="ADJ"/>
		<feat xlink:href="#sTok387" value="PROPN"/>
		<feat xlink:href="#sTok388" value="X"/>
		<feat xlink:href="#sTok389" value="PUNCT"/>
		<feat xlink:href="#sTok390" value="PUNCT"/>
		<feat xlink:href="#sTok391" value="NOUN"/>
		<feat xlink:href="#sTok392" value="PUNCT"/>
		<feat xlink:href="#sTok393" value="PUNCT"/>
		<feat xlink:href="#sTok394" value="PUNCT"/>
		<feat xlink:href="#sTok395" value="ADJ"/>
		<feat xlink:href="#sTok396" value="PROPN"/>
		<feat xlink:href="#sTok397" value="X"/>
		<feat xlink:href="#sTok398" value="PUNCT"/>
		<feat xlink:href="#sTok399" value="PUNCT"/>
		<feat xlink:href="#sTok400" value="NOUN"/>
		<feat xlink:href="#sTok401" value="PUNCT"/>
		<feat xlink:href="#sTok402" value="PUNCT"/>
		<feat xlink:href="#sTok403" value="PUNCT"/>
		<feat xlink:href="#sTok404" value="VERB"/>
		<feat xlink:href="#sTok405" value="ADP"/>
		<feat xlink:href="#sTok406" value="DET"/>
		<feat xlink:href="#sTok407" value="NOUN"/>
		<feat xlink:href="#sTok408" value="ADP"/>
		<feat xlink:href="#sTok409" value="ADJ"/>
		<feat xlink:href="#sTok410" value="PROPN"/>
		<feat xlink:href="#sTok411" value="X"/>
		<feat xlink:href="#sTok412" value="PUNCT"/>
		<feat xlink:href="#sTok413" value="PUNCT"/>
		<feat xlink:href="#sTok414" value="NOUN"/>
		<feat xlink:href="#sTok415" value="ADP"/>
		<feat xlink:href="#sTok416" value="NOUN"/>
		<feat xlink:href="#sTok417" value="PUNCT"/>
		<feat xlink:href="#sTok418" value="NOUN"/>
		<feat xlink:href="#sTok419" value="PUNCT"/>
		<feat xlink:href="#sTok420" value="NOUN"/>
		<feat xlink:href="#sTok421" value="PUNCT"/>
		<feat xlink:href="#sTok422" value="PUNCT"/>
		<feat xlink:href="#sTok423" value="PUNCT"/>
		<feat xlink:href="#sTok424" value="ADP"/>
		<feat xlink:href="#sTok425" value="ADJ"/>
		<feat xlink:href="#sTok426" value="PROPN"/>
		<feat xlink:href="#sTok427" value="X"/>
		<feat xlink:href="#sTok428" value="PUNCT"/>
		<feat xlink:href="#sTok429" value="PUNCT"/>
		<feat xlink:href="#sTok430" value="NOUN"/>
		<feat xlink:href="#sTok431" value="PUNCT"/>
		<feat xlink:href="#sTok432" value="NOUN"/>
		<feat xlink:href="#sTok433" value="PUNCT"/>
		<feat xlink:href="#sTok434" value="NOUN"/>
		<feat xlink:href="#sTok435" value="PUNCT"/>
		<feat xlink:href="#sTok436" value="PUNCT"/>
		<feat xlink:href="#sTok437" value="PUNCT"/>
		<feat xlink:href="#sTok438" value="VERB"/>
		<feat xlink:href="#sTok439" value="NOUN"/>
		<feat xlink:href="#sTok440" value="NUM"/>
		<feat xlink:href="#sTok441" value="PUNCT"/>
		<feat xlink:href="#sTok442" value="VERB"/>
		<feat xlink:href="#sTok443" value="ADV"/>
		<feat xlink:href="#sTok444" value="ADP"/>
		<feat xlink:href="#sTok445" value="ADJ"/>
		<feat xlink:href="#sTok446" value="ADJ"/>
		<feat xlink:href="#sTok447" value="PROPN"/>
		<feat xlink:href="#sTok448" value="X"/>
		<feat xlink:href="#sTok449" value="PUNCT"/>
		<feat xlink:href="#sTok450" value="PROPN"/>
		<feat xlink:href="#sTok451" value="X"/>
		<feat xlink:href="#sTok452" value="PUNCT"/>
		<feat xlink:href="#sTok453" value="PUNCT"/>
		<feat xlink:href="#sTok454" value="NOUN"/>
		<feat xlink:href="#sTok455" value="PUNCT"/>
		<feat xlink:href="#sTok456" value="PUNCT"/>
		<feat xlink:href="#sTok457" value="PUNCT"/>
		<feat xlink:href="#sTok458" value="ADJ"/>
		<feat xlink:href="#sTok459" value="PROPN"/>
		<feat xlink:href="#sTok460" value="X"/>
		<feat xlink:href="#sTok461" value="PUNCT"/>
		<feat xlink:href="#sTok462" value="X"/>
		<feat xlink:href="#sTok463" value="PUNCT"/>
		<feat xlink:href="#sTok464" value="PUNCT"/>
		<feat xlink:href="#sTok465" value="NOUN"/>
		<feat xlink:href="#sTok466" value="PUNCT"/>
		<feat xlink:href="#sTok467" value="PUNCT"/>
		<feat xlink:href="#sTok468" value="PUNCT"/>
		<feat xlink:href="#sTok469" value="ADJ"/>
		<feat xlink:href="#sTok470" value="NOUN"/>
		<feat xlink:href="#sTok471" value="NOUN"/>
		<feat xlink:href="#sTok472" value="PUNCT"/>
		<feat xlink:href="#sTok473" value="ADJ"/>
		<feat xlink:href="#sTok474" value="PUNCT"/>
		<feat xlink:href="#sTok475" value="NOUN"/>
		<feat xlink:href="#sTok476" value="NOUN"/>
		<feat xlink:href="#sTok477" value="PUNCT"/>
		<feat xlink:href="#sTok478" value="ADJ"/>
		<feat xlink:href="#sTok479" value="CCONJ"/>
		<feat xlink:href="#sTok480" value="ADJ"/>
		<feat xlink:href="#sTok481" value="PUNCT"/>
		<feat xlink:href="#sTok482" value="NOUN"/>
		<feat xlink:href="#sTok483" value="NOUN"/>
		<feat xlink:href="#sTok484" value="PUNCT"/>
		<feat xlink:href="#sTok485" value="PUNCT"/>
		<feat xlink:href="#sTok486" value="PROPN"/>
		<feat xlink:href="#sTok487" value="PUNCT"/>
		<feat xlink:href="#sTok488" value="PROPN"/>
		<feat xlink:href="#sTok489" value="PUNCT"/>
		<feat xlink:href="#sTok490" value="DET"/>
		<feat xlink:href="#sTok491" value="NOUN"/>
		<feat xlink:href="#sTok492" value="VERB"/>
		<feat xlink:href="#sTok493" value="SCONJ"/>
		<feat xlink:href="#sTok494" value="VERB"/>
		<feat xlink:href="#sTok495" value="CCONJ"/>
		<feat xlink:href="#sTok496" value="VERB"/>
		<feat xlink:href="#sTok497" value="PUNCT"/>
		<feat xlink:href="#sTok498" value="DET"/>
		<feat xlink:href="#sTok499" value="ADJ"/>
		<feat xlink:href="#sTok500" value="NOUN"/>
		<feat xlink:href="#sTok501" value="PUNCT"/>
		<feat xlink:href="#sTok502" value="PRON"/>
		<feat xlink:href="#sTok503" value="NOUN"/>
		<feat xlink:href="#sTok504" value="VERB"/>
		<feat xlink:href="#sTok505" value="DET"/>
		<feat xlink:href="#sTok506" value="ADJ"/>
		<feat xlink:href="#sTok507" value="NOUN"/>
		<feat xlink:href="#sTok508" value="ADP"/>
		<feat xlink:href="#sTok509" value="PRON"/>
		<feat xlink:href="#sTok510" value="NOUN"/>
		<feat xlink:href="#sTok511" value="PUNCT"/>
		<feat xlink:href="#sTok512" value="PROPN"/>
		<feat xlink:href="#sTok513" value="PROPN"/>
		<feat xlink:href="#sTok514" value="AUX"/>
		<feat xlink:href="#sTok515" value="DET"/>
		<feat xlink:href="#sTok516" value="ADJ"/>
		<feat xlink:href="#sTok517" value="ADJ"/>
		<feat xlink:href="#sTok518" value="ADJ"/>
		<feat xlink:href="#sTok519" value="NOUN"/>
		<feat xlink:href="#sTok520" value="PUNCT"/>
		<feat xlink:href="#sTok521" value="PUNCT"/>
		<feat xlink:href="#sTok522" value="PROPN"/>
		<feat xlink:href="#sTok523" value="PUNCT"/>
		<feat xlink:href="#sTok524" value="DET"/>
		<feat xlink:href="#sTok525" value="ADJ"/>
		<feat xlink:href="#sTok526" value="NOUN"/>
		<feat xlink:href="#sTok527" value="VERB"/>
		<feat xlink:href="#sTok528" value="ADJ"/>
		<feat xlink:href="#sTok529" value="CCONJ"/>
		<feat xlink:href="#sTok530" value="ADJ"/>
		<feat xlink:href="#sTok531" value="NOUN"/>
		<feat xlink:href="#sTok532" value="PUNCT"/>
		<feat xlink:href="#sTok533" value="ADV"/>
		<feat xlink:href="#sTok534" value="ADP"/>
		<feat xlink:href="#sTok535" value="ADJ"/>
		<feat xlink:href="#sTok536" value="NOUN"/>
		<feat xlink:href="#sTok537" value="PUNCT"/>
		<feat xlink:href="#sTok538" value="NOUN"/>
		<feat xlink:href="#sTok539" value="CCONJ"/>
		<feat xlink:href="#sTok540" value="NOUN"/>
		<feat xlink:href="#sTok541" value="PUNCT"/>
		<feat xlink:href="#sTok542" value="PUNCT"/>
		<feat xlink:href="#sTok543" value="PUNCT"/>
		<feat xlink:href="#sTok544" value="PROPN"/>
		<feat xlink:href="#sTok545" value="PUNCT"/>
		<feat xlink:href="#sTok546" value="ADP"/>
		<feat xlink:href="#sTok547" value="PROPN"/>
		<feat xlink:href="#sTok548" value="PROPN"/>
		<feat xlink:href="#sTok549" value="PUNCT"/>
		<feat xlink:href="#sTok550" value="DET"/>
		<feat xlink:href="#sTok551" value="NOUN"/>
		<feat xlink:href="#sTok552" value="CCONJ"/>
		<feat xlink:href="#sTok553" value="NOUN"/>
		<feat xlink:href="#sTok554" value="ADP"/>
		<feat xlink:href="#sTok555" value="NOUN"/>
		<feat xlink:href="#sTok556" value="PUNCT"/>
		<feat xlink:href="#sTok557" value="NOUN"/>
		<feat xlink:href="#sTok558" value="PUNCT"/>
		<feat xlink:href="#sTok559" value="NOUN"/>
		<feat xlink:href="#sTok560" value="CCONJ"/>
		<feat xlink:href="#sTok561" value="NOUN"/>
		<feat xlink:href="#sTok562" value="AUX"/>
		<feat xlink:href="#sTok563" value="VERB"/>
		<feat xlink:href="#sTok564" value="ADP"/>
		<feat xlink:href="#sTok565" value="NUM"/>
		<feat xlink:href="#sTok566" value="NOUN"/>
		<feat xlink:href="#sTok567" value="ADP"/>
		<feat xlink:href="#sTok568" value="NOUN"/>
		<feat xlink:href="#sTok569" value="PUNCT"/>
		<feat xlink:href="#sTok570" value="ADP"/>
		<feat xlink:href="#sTok571" value="DET"/>
		<feat xlink:href="#sTok572" value="ADJ"/>
		<feat xlink:href="#sTok573" value="ADJ"/>
		<feat xlink:href="#sTok574" value="NOUN"/>
		<feat xlink:href="#sTok575" value="PUNCT"/>
		<feat xlink:href="#sTok576" value="DET"/>
		<feat xlink:href="#sTok577" value="ADJ"/>
		<feat xlink:href="#sTok578" value="NOUN"/>
		<feat xlink:href="#sTok579" value="PUNCT"/>
		<feat xlink:href="#sTok580" value="ADJ"/>
		<feat xlink:href="#sTok581" value="ADP"/>
		<feat xlink:href="#sTok582" value="DET"/>
		<feat xlink:href="#sTok583" value="NOUN"/>
		<feat xlink:href="#sTok584" value="CCONJ"/>
		<feat xlink:href="#sTok585" value="NOUN"/>
		<feat xlink:href="#sTok586" value="PUNCT"/>
		<feat xlink:href="#sTok587" value="PRON"/>
		<feat xlink:href="#sTok588" value="AUX"/>
		<feat xlink:href="#sTok589" value="VERB"/>
		<feat xlink:href="#sTok590" value="ADP"/>
		<feat xlink:href="#sTok591" value="DET"/>
		<feat xlink:href="#sTok592" value="ADJ"/>
		<feat xlink:href="#sTok593" value="NOUN"/>
		<feat xlink:href="#sTok594" value="NOUN"/>
		<feat xlink:href="#sTok595" value="PUNCT"/>
		<feat xlink:href="#sTok596" value="PRON"/>
		<feat xlink:href="#sTok597" value="AUX"/>
		<feat xlink:href="#sTok598" value="VERB"/>
		<feat xlink:href="#sTok599" value="ADP"/>
		<feat xlink:href="#sTok600" value="DET"/>
		<feat xlink:href="#sTok601" value="ADJ"/>
		<feat xlink:href="#sTok602" value="NOUN"/>
		<feat xlink:href="#sTok603" value="PUNCT"/>
		<feat xlink:href="#sTok604" value="CCONJ"/>
		<feat xlink:href="#sTok605" value="PRON"/>
		<feat xlink:href="#sTok606" value="VERB"/>
		<feat xlink:href="#sTok607" value="DET"/>
		<feat xlink:href="#sTok608" value="PROPN"/>
		<feat xlink:href="#sTok609" value="ADP"/>
		<feat xlink:href="#sTok610" value="PROPN"/>
		<feat xlink:href="#sTok611" value="CCONJ"/>
		<feat xlink:href="#sTok612" value="PRON"/>
		<feat xlink:href="#sTok613" value="NOUN"/>
		<feat xlink:href="#sTok614" value="AUX"/>
		<feat xlink:href="#sTok615" value="ADP"/>
		<feat xlink:href="#sTok616" value="DET"/>
		<feat xlink:href="#sTok617" value="PROPN"/>
		<feat xlink:href="#sTok618" value="ADP"/>
		<feat xlink:href="#sTok619" value="PROPN"/>
		<feat xlink:href="#sTok620" value="PUNCT"/>
		<feat xlink:href="#sTok621" value="DET"/>
		<feat xlink:href="#sTok622" value="NOUN"/>
		<feat xlink:href="#sTok623" value="NOUN"/>
		<feat xlink:href="#sTok624" value="PUNCT"/>
		<feat xlink:href="#sTok625" value="DET"/>
		<feat xlink:href="#sTok626" value="NOUN"/>
		<feat xlink:href="#sTok627" value="ADP"/>
		<feat xlink:href="#sTok628" value="NOUN"/>
		<feat xlink:href="#sTok629" value="PUNCT"/>
		<feat xlink:href="#sTok630" value="DET"/>
		<feat xlink:href="#sTok631" value="PROPN"/>
		<feat xlink:href="#sTok632" value="NOUN"/>
		<feat xlink:href="#sTok633" value="ADP"/>
		<feat xlink:href="#sTok634" value="NOUN"/>
		<feat xlink:href="#sTok635" value="AUX"/>
		<feat xlink:href="#sTok636" value="NOUN"/>
		<feat xlink:href="#sTok637" value="ADP"/>
		<feat xlink:href="#sTok638" value="DET"/>
		<feat xlink:href="#sTok639" value="NOUN"/>
		<feat xlink:href="#sTok640" value="NOUN"/>
		<feat xlink:href="#sTok641" value="ADP"/>
		<feat xlink:href="#sTok642" value="PROPN"/>
		<feat xlink:href="#sTok643" value="ADP"/>
		<feat xlink:href="#sTok644" value="NOUN"/>
		<feat xlink:href="#sTok645" value="PUNCT"/>
		<feat xlink:href="#sTok646" value="PRON"/>
		<feat xlink:href="#sTok647" value="VERB"/>
		<feat xlink:href="#sTok648" value="ADP"/>
		<feat xlink:href="#sTok649" value="DET"/>
		<feat xlink:href="#sTok650" value="NOUN"/>
		<feat xlink:href="#sTok651" value="ADP"/>
		<feat xlink:href="#sTok652" value="DET"/>
		<feat xlink:href="#sTok653" value="ADJ"/>
		<feat xlink:href="#sTok654" value="ADJ"/>
		<feat xlink:href="#sTok655" value="PROPN"/>
		<feat xlink:href="#sTok656" value="ADP"/>
		<feat xlink:href="#sTok657" value="DET"/>
		<feat xlink:href="#sTok658" value="NOUN"/>
		<feat xlink:href="#sTok659" value="PUNCT"/>
		<feat xlink:href="#sTok660" value="PUNCT"/>
		<feat xlink:href="#sTok661" value="VERB"/>
		<feat xlink:href="#sTok662" value="ADV"/>
		<feat xlink:href="#sTok663" value="PUNCT"/>
		<feat xlink:href="#sTok664" value="DET"/>
		<feat xlink:href="#sTok665" value="NOUN"/>
		<feat xlink:href="#sTok666" value="ADP"/>
		<feat xlink:href="#sTok667" value="DET"/>
		<feat xlink:href="#sTok668" value="ADJ"/>
		<feat xlink:href="#sTok669" value="NOUN"/>
		<feat xlink:href="#sTok670" value="PUNCT"/>
		<feat xlink:href="#sTok671" value="DET"/>
		<feat xlink:href="#sTok672" value="ADJ"/>
		<feat xlink:href="#sTok673" value="NOUN"/>
		<feat xlink:href="#sTok674" value="SCONJ"/>
		<feat xlink:href="#sTok675" value="VERB"/>
		<feat xlink:href="#sTok676" value="CCONJ"/>
		<feat xlink:href="#sTok677" value="ADJ"/>
		<feat xlink:href="#sTok678" value="NOUN"/>
		<feat xlink:href="#sTok679" value="PUNCT"/>
		<feat xlink:href="#sTok680" value="DET"/>
		<feat xlink:href="#sTok681" value="NOUN"/>
		<feat xlink:href="#sTok682" value="ADP"/>
		<feat xlink:href="#sTok683" value="NOUN"/>
		<feat xlink:href="#sTok684" value="PUNCT"/>
		<feat xlink:href="#sTok685" value="DET"/>
		<feat xlink:href="#sTok686" value="NOUN"/>
		<feat xlink:href="#sTok687" value="VERB"/>
		<feat xlink:href="#sTok688" value="ADP"/>
		<feat xlink:href="#sTok689" value="DET"/>
		<feat xlink:href="#sTok690" value="ADJ"/>
		<feat xlink:href="#sTok691" value="NOUN"/>
		<feat xlink:href="#sTok692" value="PUNCT"/>
		<feat xlink:href="#sTok693" value="DET"/>
		<feat xlink:href="#sTok694" value="NOUN"/>
		<feat xlink:href="#sTok695" value="ADP"/>
		<feat xlink:href="#sTok696" value="PRON"/>
		<feat xlink:href="#sTok697" value="NOUN"/>
		<feat xlink:href="#sTok698" value="AUX"/>
		<feat xlink:href="#sTok699" value="VERB"/>
		<feat xlink:href="#sTok700" value="CCONJ"/>
		<feat xlink:href="#sTok701" value="ADP"/>
		<feat xlink:href="#sTok702" value="NOUN"/>
		<feat xlink:href="#sTok703" value="ADP"/>
		<feat xlink:href="#sTok704" value="DET"/>
		<feat xlink:href="#sTok705" value="ADJ"/>
		<feat xlink:href="#sTok706" value="NOUN"/>
		<feat xlink:href="#sTok707" value="PUNCT"/>
		<feat xlink:href="#sTok708" value="PRON"/>
		<feat xlink:href="#sTok709" value="AUX"/>
		<feat xlink:href="#sTok710" value="VERB"/>
		<feat xlink:href="#sTok711" value="PRON"/>
		<feat xlink:href="#sTok712" value="ADP"/>
		<feat xlink:href="#sTok713" value="NOUN"/>
		<feat xlink:href="#sTok714" value="PUNCT"/>
		<feat xlink:href="#sTok715" value="DET"/>
		<feat xlink:href="#sTok716" value="NOUN"/>
		<feat xlink:href="#sTok717" value="CCONJ"/>
		<feat xlink:href="#sTok718" value="NOUN"/>
		<feat xlink:href="#sTok719" value="ADP"/>
		<feat xlink:href="#sTok720" value="ADJ"/>
		<feat xlink:href="#sTok721" value="NOUN"/>
		<feat xlink:href="#sTok722" value="ADV"/>
		<feat xlink:href="#sTok723" value="DET"/>
		<feat xlink:href="#sTok724" value="NOUN"/>
		<feat xlink:href="#sTok725" value="ADP"/>
		<feat xlink:href="#sTok726" value="NOUN"/>
		<feat xlink:href="#sTok727" value="CCONJ"/>
		<feat xlink:href="#sTok728" value="NOUN"/>
		<feat xlink:href="#sTok729" value="AUX"/>
		<feat xlink:href="#sTok730" value="VERB"/>
		<feat xlink:href="#sTok731" value="PUNCT"/>
		<feat xlink:href="#sTok732" value="DET"/>
		<feat xlink:href="#sTok733" value="NOUN"/>
		<feat xlink:href="#sTok734" value="PUNCT"/>
		<feat xlink:href="#sTok735" value="NOUN"/>
		<feat xlink:href="#sTok736" value="PUNCT"/>
		<feat xlink:href="#sTok737" value="CCONJ"/>
		<feat xlink:href="#sTok738" value="NOUN"/>
		<feat xlink:href="#sTok739" value="ADP"/>
		<feat xlink:href="#sTok740" value="NOUN"/>
		<feat xlink:href="#sTok741" value="CCONJ"/>
		<feat xlink:href="#sTok742" value="NOUN"/>
		<feat xlink:href="#sTok743" value="PUNCT"/>
		<feat xlink:href="#sTok744" value="VERB"/>
		<feat xlink:href="#sTok745" value="ADP"/>
		<feat xlink:href="#sTok746" value="DET"/>
		<feat xlink:href="#sTok747" value="NOUN"/>
		<feat xlink:href="#sTok748" value="ADP"/>
		<feat xlink:href="#sTok749" value="DET"/>
		<feat xlink:href="#sTok750" value="ADJ"/>
		<feat xlink:href="#sTok751" value="NOUN"/>
		<feat xlink:href="#sTok752" value="CCONJ"/>
		<feat xlink:href="#sTok753" value="NOUN"/>
		<feat xlink:href="#sTok754" value="PUNCT"/>
		<feat xlink:href="#sTok755" value="PRON"/>
		<feat xlink:href="#sTok756" value="AUX"/>
		<feat xlink:href="#sTok757" value="DET"/>
		<feat xlink:href="#sTok758" value="NOUN"/>
		<feat xlink:href="#sTok759" value="ADP"/>
		<feat xlink:href="#sTok760" value="DET"/>
		<feat xlink:href="#sTok761" value="ADJ"/>
		<feat xlink:href="#sTok762" value="NOUN"/>
		<feat xlink:href="#sTok763" value="PUNCT"/>
		<feat xlink:href="#sTok764" value="DET"/>
		<feat xlink:href="#sTok765" value="NOUN"/>
		<feat xlink:href="#sTok766" value="VERB"/>
		<feat xlink:href="#sTok767" value="ADJ"/>
		<feat xlink:href="#sTok768" value="NOUN"/>
		<feat xlink:href="#sTok769" value="PUNCT"/>
		<feat xlink:href="#sTok770" value="SCONJ"/>
		<feat xlink:href="#sTok771" value="ADP"/>
		<feat xlink:href="#sTok772" value="VERB"/>
		<feat xlink:href="#sTok773" value="PUNCT"/>
		<feat xlink:href="#sTok774" value="VERB"/>
		<feat xlink:href="#sTok775" value="PUNCT"/>
		<feat xlink:href="#sTok776" value="VERB"/>
		<feat xlink:href="#sTok777" value="PUNCT"/>
		<feat xlink:href="#sTok778" value="VERB"/>
		<feat xlink:href="#sTok779" value="PUNCT"/>
		<feat xlink:href="#sTok780" value="NOUN"/>
		<feat xlink:href="#sTok781" value="NOUN"/>
		<feat xlink:href="#sTok782" value="PUNCT"/>
		<feat xlink:href="#sTok783" value="NOUN"/>
		<feat xlink:href="#sTok784" value="VERB"/>
		<feat xlink:href="#sTok785" value="ADP"/>
		<feat xlink:href="#sTok786" value="NOUN"/>
		<feat xlink:href="#sTok787" value="CCONJ"/>
		<feat xlink:href="#sTok788" value="NOUN"/>
		<feat xlink:href="#sTok789" value="PUNCT"/>
		<feat xlink:href="#sTok790" value="PUNCT"/>
		<feat xlink:href="#sTok791" value="NOUN"/>
		<feat xlink:href="#sTok792" value="PUNCT"/>
		<feat xlink:href="#sTok793" value="NOUN"/>
		<feat xlink:href="#sTok794" value="PUNCT"/>
		<feat xlink:href="#sTok795" value="NOUN"/>
		<feat xlink:href="#sTok796" value="PUNCT"/>
		<feat xlink:href="#sTok797" value="ADJ"/>
		<feat xlink:href="#sTok798" value="NOUN"/>
		<feat xlink:href="#sTok799" value="ADP"/>
		<feat xlink:href="#sTok800" value="DET"/>
		<feat xlink:href="#sTok801" value="ADJ"/>
		<feat xlink:href="#sTok802" value="NOUN"/>
		<feat xlink:href="#sTok803" value="PUNCT"/>
		<feat xlink:href="#sTok804" value="PUNCT"/>
		<feat xlink:href="#sTok805" value="NOUN"/>
		<feat xlink:href="#sTok806" value="PUNCT"/>
		<feat xlink:href="#sTok807" value="NOUN"/>
		<feat xlink:href="#sTok808" value="PUNCT"/>
		<feat xlink:href="#sTok809" value="NOUN"/>
		<feat xlink:href="#sTok810" value="PUNCT"/>
		<feat xlink:href="#sTok811" value="NOUN"/>
		<feat xlink:href="#sTok812" value="NOUN"/>
		<feat xlink:href="#sTok813" value="VERB"/>
		<feat xlink:href="#sTok814" value="ADV"/>
		<feat xlink:href="#sTok815" value="NOUN"/>
		<feat xlink:href="#sTok816" value="PUNCT"/>
		<feat xlink:href="#sTok817" value="NOUN"/>
		<feat xlink:href="#sTok818" value="ADJ"/>
		<feat xlink:href="#sTok819" value="NOUN"/>
		<feat xlink:href="#sTok820" value="PUNCT"/>
		<feat xlink:href="#sTok821" value="NOUN"/>
		<feat xlink:href="#sTok822" value="VERB"/>
		<feat xlink:href="#sTok823" value="ADJ"/>
		<feat xlink:href="#sTok824" value="CCONJ"/>
		<feat xlink:href="#sTok825" value="ADJ"/>
		<feat xlink:href="#sTok826" value="NOUN"/>
		<feat xlink:href="#sTok827" value="PUNCT"/>
		<feat xlink:href="#sTok828" value="PUNCT"/>
		<feat xlink:href="#sTok829" value="NOUN"/>
		<feat xlink:href="#sTok830" value="NOUN"/>
		<feat xlink:href="#sTok831" value="PUNCT"/>
		<feat xlink:href="#sTok832" value="NOUN"/>
		<feat xlink:href="#sTok833" value="PUNCT"/>
		<feat xlink:href="#sTok834" value="NOUN"/>
		<feat xlink:href="#sTok835" value="PUNCT"/>
		<feat xlink:href="#sTok836" value="NOUN"/>
		<feat xlink:href="#sTok837" value="PUNCT"/>
		<feat xlink:href="#sTok838" value="NOUN"/>
		<feat xlink:href="#sTok839" value="NOUN"/>
		<feat xlink:href="#sTok840" value="NOUN"/>
		<feat xlink:href="#sTok841" value="PUNCT"/>
		<feat xlink:href="#sTok842" value="ADJ"/>
		<feat xlink:href="#sTok843" value="PUNCT"/>
		<feat xlink:href="#sTok844" value="NOUN"/>
		<feat xlink:href="#sTok845" value="ADJ"/>
		<feat xlink:href="#sTok846" value="ADJ"/>
		<feat xlink:href="#sTok847" value="ADJ"/>
		<feat xlink:href="#sTok848" value="NOUN"/>
		<feat xlink:href="#sTok849" value="PUNCT"/>
		<feat xlink:href="#sTok850" value="ADJ"/>
		<feat xlink:href="#sTok851" value="NOUN"/>
		<feat xlink:href="#sTok852" value="VERB"/>
		<feat xlink:href="#sTok853" value="PUNCT"/>
		<feat xlink:href="#sTok854" value="ADJ"/>
		<feat xlink:href="#sTok855" value="NOUN"/>
		<feat xlink:href="#sTok856" value="CCONJ"/>
		<feat xlink:href="#sTok857" value="ADJ"/>
		<feat xlink:href="#sTok858" value="NOUN"/>
		<feat xlink:href="#sTok859" value="VERB"/>
		<feat xlink:href="#sTok860" value="PUNCT"/>
		<feat xlink:href="#sTok861" value="PUNCT"/>
		<feat xlink:href="#sTok862" value="ADJ"/>
		<feat xlink:href="#sTok863" value="PUNCT"/>
		<feat xlink:href="#sTok864" value="PART"/>
		<feat xlink:href="#sTok865" value="VERB"/>
		<feat xlink:href="#sTok866" value="PUNCT"/>
		<feat xlink:href="#sTok867" value="VERB"/>
		<feat xlink:href="#sTok868" value="PUNCT"/>
		<feat xlink:href="#sTok869" value="CCONJ"/>
		<feat xlink:href="#sTok870" value="VERB"/>
		<feat xlink:href="#sTok871" value="PUNCT"/>
		<feat xlink:href="#sTok872" value="ADV"/>
		<feat xlink:href="#sTok873" value="PUNCT"/>
		<feat xlink:href="#sTok874" value="CCONJ"/>
		<feat xlink:href="#sTok875" value="PART"/>
		<feat xlink:href="#sTok876" value="ADV"/>
		<feat xlink:href="#sTok877" value="PUNCT"/>
		<feat xlink:href="#sTok878" value="ADP"/>
		<feat xlink:href="#sTok879" value="DET"/>
		<feat xlink:href="#sTok880" value="NOUN"/>
		<feat xlink:href="#sTok881" value="PUNCT"/>
		<feat xlink:href="#sTok882" value="PUNCT"/>
		<feat xlink:href="#sTok883" value="ADJ"/>
		<feat xlink:href="#sTok884" value="ADJ"/>
		<feat xlink:href="#sTok885" value="ADJ"/>
		<feat xlink:href="#sTok886" value="NOUN"/>
		<feat xlink:href="#sTok887" value="AUX"/>
		<feat xlink:href="#sTok888" value="VERB"/>
		<feat xlink:href="#sTok889" value="ADP"/>
		<feat xlink:href="#sTok890" value="PROPN"/>
		<feat xlink:href="#sTok891" value="PUNCT"/>
		<feat xlink:href="#sTok892" value="PUNCT"/>
		<feat xlink:href="#sTok893" value="ADJ"/>
		<feat xlink:href="#sTok894" value="PUNCT"/>
		<feat xlink:href="#sTok895" value="PART"/>
		<feat xlink:href="#sTok896" value="VERB"/>
		<feat xlink:href="#sTok897" value="ADV"/>
		<feat xlink:href="#sTok898" value="PUNCT"/>
		<feat xlink:href="#sTok899" value="PART"/>
		<feat xlink:href="#sTok900" value="VERB"/>
		<feat xlink:href="#sTok901" value="DET"/>
		<feat xlink:href="#sTok902" value="NOUN"/>
		<feat xlink:href="#sTok903" value="DET"/>
		<feat xlink:href="#sTok904" value="ADJ"/>
		<feat xlink:href="#sTok905" value="NOUN"/>
		<feat xlink:href="#sTok906" value="PUNCT"/>
		<feat xlink:href="#sTok907" value="PUNCT"/>
		<feat xlink:href="#sTok908" value="ADJ"/>
		<feat xlink:href="#sTok909" value="PUNCT"/>
		<feat xlink:href="#sTok910" value="PART"/>
		<feat xlink:href="#sTok911" value="VERB"/>
		<feat xlink:href="#sTok912" value="PUNCT"/>
		<feat xlink:href="#sTok913" value="CCONJ"/>
		<feat xlink:href="#sTok914" value="VERB"/>
		<feat xlink:href="#sTok915" value="PUNCT"/>
		<feat xlink:href="#sTok916" value="PRON"/>
		<feat xlink:href="#sTok917" value="PART"/>
		<feat xlink:href="#sTok918" value="NOUN"/>
		<feat xlink:href="#sTok919" value="PUNCT"/>
		<feat xlink:href="#sTok920" value="PRON"/>
		<feat xlink:href="#sTok921" value="VERB"/>
		<feat xlink:href="#sTok922" value="NOUN"/>
		<feat xlink:href="#sTok923" value="PART"/>
		<feat xlink:href="#sTok924" value="VERB"/>
		<feat xlink:href="#sTok925" value="PRON"/>
		<feat xlink:href="#sTok926" value="NOUN"/>
		<feat xlink:href="#sTok927" value="PUNCT"/>
		<feat xlink:href="#sTok928" value="PART"/>
		<feat xlink:href="#sTok929" value="VERB"/>
		<feat xlink:href="#sTok930" value="ADP"/>
		<feat xlink:href="#sTok931" value="DET"/>
		<feat xlink:href="#sTok932" value="ADP"/>
		<feat xlink:href="#sTok933" value="PRON"/>
		<feat xlink:href="#sTok934" value="NOUN"/>
		<feat xlink:href="#sTok935" value="PUNCT"/></featList></paula>