<?xml version='1.0' encoding='UTF-8'?><!DOCTYPE paula SYSTEM "paula_feat.dtd">
<paula version="1.1">
	<header paula_id="morph.GENTLE_dictionary_school.mark_Degree"/>
	<featList xmlns:xlink="http://www.w3.org/1999/xlink" type="Degree" xml:base="morph.GENTLE_dictionary_school.mark.xml">
		<feat xlink:href="#sSpan742" value="Pos"/>
		<feat xlink:href="#sSpan748" value="Pos"/>
		<feat xlink:href="#sSpan756" value="Pos"/>
		<feat xlink:href="#sSpan763" value="Pos"/>
		<feat xlink:href="#sSpan767" value="Pos"/>
		<feat xlink:href="#sSpan772" value="Pos"/>
		<feat xlink:href="#sSpan773" value="Pos"/>
		<feat xlink:href="#sSpan774" value="Pos"/>
		<feat xlink:href="#sSpan778" value="Pos"/>
		<feat xlink:href="#sSpan790" value="Pos"/>
		<feat xlink:href="#sSpan793" value="Pos"/>
		<feat xlink:href="#sSpan800" value="Pos"/>
		<feat xlink:href="#sSpan802" value="Pos"/>
		<feat xlink:href="#sSpan810" value="Pos"/>
		<feat xlink:href="#sSpan826" value="Pos"/>
		<feat xlink:href="#sSpan839" value="Pos"/>
		<feat xlink:href="#sSpan841" value="Pos"/>
		<feat xlink:href="#sSpan842" value="Pos"/>
		<feat xlink:href="#sSpan845" value="Pos"/>
		<feat xlink:href="#sSpan849" value="Pos"/>
		<feat xlink:href="#sSpan858" value="Pos"/>
		<feat xlink:href="#sSpan868" value="Pos"/>
		<feat xlink:href="#sSpan870" value="Pos"/>
		<feat xlink:href="#sSpan872" value="Pos"/>
		<feat xlink:href="#sSpan878" value="Pos"/>
		<feat xlink:href="#sSpan881" value="Pos"/>
		<feat xlink:href="#sSpan886" value="Pos"/>
		<feat xlink:href="#sSpan888" value="Pos"/>
		<feat xlink:href="#sSpan902" value="Pos"/>
		<feat xlink:href="#sSpan927" value="Pos"/>
		<feat xlink:href="#sSpan940" value="Pos"/>
		<feat xlink:href="#sSpan941" value="Pos"/>
		<feat xlink:href="#sSpan944" value="Pos"/>
		<feat xlink:href="#sSpan952" value="Pos"/>
		<feat xlink:href="#sSpan958" value="Pos"/>
		<feat xlink:href="#sSpan972" value="Pos"/>
		<feat xlink:href="#sSpan973" value="Pos"/>
		<feat xlink:href="#sSpan977" value="Pos"/>
		<feat xlink:href="#sSpan980" value="Pos"/>
		<feat xlink:href="#sSpan983" value="Pos"/>
		<feat xlink:href="#sSpan986" value="Pos"/>
		<feat xlink:href="#sSpan987" value="Pos"/>
		<feat xlink:href="#sSpan1005" value="Pos"/>
		<feat xlink:href="#sSpan1020" value="Pos"/>
		<feat xlink:href="#sSpan1037" value="Pos"/>
		<feat xlink:href="#sSpan1038" value="Pos"/>
		<feat xlink:href="#sSpan1039" value="Pos"/>
		<feat xlink:href="#sSpan1044" value="Pos"/>
		<feat xlink:href="#sSpan1047" value="Pos"/>
		<feat xlink:href="#sSpan1048" value="Pos"/>
		<feat xlink:href="#sSpan1050" value="Pos"/>
		<feat xlink:href="#sSpan1052" value="Pos"/>
		<feat xlink:href="#sSpan1082" value="Cmp"/>
		<feat xlink:href="#sSpan1083" value="Pos"/>
		<feat xlink:href="#sSpan1087" value="Pos"/>
		<feat xlink:href="#sSpan1105" value="Pos"/>
		<feat xlink:href="#sSpan1122" value="Pos"/>
		<feat xlink:href="#sSpan1188" value="Pos"/>
		<feat xlink:href="#sSpan1189" value="Pos"/>
		<feat xlink:href="#sSpan1197" value="Pos"/>
		<feat xlink:href="#sSpan1203" value="Pos"/>
		<feat xlink:href="#sSpan1207" value="Pos"/>
		<feat xlink:href="#sSpan1211" value="Pos"/>
		<feat xlink:href="#sSpan1227" value="Pos"/>
		<feat xlink:href="#sSpan1245" value="Pos"/>
		<feat xlink:href="#sSpan1262" value="Pos"/>
		<feat xlink:href="#sSpan1293" value="Pos"/>
		<feat xlink:href="#sSpan1311" value="Pos"/>
		<feat xlink:href="#sSpan1317" value="Pos"/>
		<feat xlink:href="#sSpan1340" value="Pos"/>
		<feat xlink:href="#sSpan1344" value="Pos"/>
		<feat xlink:href="#sSpan1356" value="Pos"/>
		<feat xlink:href="#sSpan1360" value="Pos"/>
		<feat xlink:href="#sSpan1361" value="Pos"/>
		<feat xlink:href="#sSpan1372" value="Pos"/>
		<feat xlink:href="#sSpan1375" value="Pos"/>
		<feat xlink:href="#sSpan1376" value="Pos"/>
		<feat xlink:href="#sSpan1377" value="Pos"/>
		<feat xlink:href="#sSpan1379" value="Pos"/>
		<feat xlink:href="#sSpan1383" value="Pos"/>
		<feat xlink:href="#sSpan1385" value="Pos"/>
		<feat xlink:href="#sSpan1392" value="Pos"/>
		<feat xlink:href="#sSpan1396" value="Pos"/>
		<feat xlink:href="#sSpan1398" value="Pos"/>
		<feat xlink:href="#sSpan1402" value="Pos"/>
		<feat xlink:href="#sSpan1403" value="Pos"/>
		<feat xlink:href="#sSpan1404" value="Pos"/>
		<feat xlink:href="#sSpan1415" value="Pos"/>
		<feat xlink:href="#sSpan1417" value="Pos"/>
		<feat xlink:href="#sSpan1424" value="Pos"/>
		<feat xlink:href="#sSpan1426" value="Pos"/></featList></paula>