<?xml version='1.0' encoding='UTF-8'?><!DOCTYPE paula SYSTEM "paula_feat.dtd">
<paula version="1.1">
	<header paula_id="morph.GENTLE_dictionary_school.mark_Definite"/>
	<featList xmlns:xlink="http://www.w3.org/1999/xlink" type="Definite" xml:base="morph.GENTLE_dictionary_school.mark.xml">
		<feat xlink:href="#sSpan804" value="Ind"/>
		<feat xlink:href="#sSpan808" value="Ind"/>
		<feat xlink:href="#sSpan816" value="Def"/>
		<feat xlink:href="#sSpan824" value="Ind"/>
		<feat xlink:href="#sSpan830" value="Ind"/>
		<feat xlink:href="#sSpan862" value="Ind"/>
		<feat xlink:href="#sSpan892" value="Def"/>
		<feat xlink:href="#sSpan904" value="Def"/>
		<feat xlink:href="#sSpan994" value="Ind"/>
		<feat xlink:href="#sSpan1003" value="Ind"/>
		<feat xlink:href="#sSpan1019" value="Ind"/>
		<feat xlink:href="#sSpan1035" value="Ind"/>
		<feat xlink:href="#sSpan1043" value="Ind"/>
		<feat xlink:href="#sSpan1061" value="Ind"/>
		<feat xlink:href="#sSpan1080" value="Ind"/>
		<feat xlink:href="#sSpan1085" value="Ind"/>
		<feat xlink:href="#sSpan1091" value="Ind"/>
		<feat xlink:href="#sSpan1103" value="Ind"/>
		<feat xlink:href="#sSpan1121" value="Def"/>
		<feat xlink:href="#sSpan1134" value="Def"/>
		<feat xlink:href="#sSpan1148" value="Def"/>
		<feat xlink:href="#sSpan1153" value="Ind"/>
		<feat xlink:href="#sSpan1156" value="Ind"/>
		<feat xlink:href="#sSpan1160" value="Def"/>
		<feat xlink:href="#sSpan1172" value="Ind"/>
		<feat xlink:href="#sSpan1184" value="Def"/>
		<feat xlink:href="#sSpan1187" value="Def"/>
		<feat xlink:href="#sSpan1191" value="Def"/>
		<feat xlink:href="#sSpan1199" value="Def"/>
		<feat xlink:href="#sSpan1202" value="Ind"/>
		<feat xlink:href="#sSpan1205" value="Ind"/>
		<feat xlink:href="#sSpan1214" value="Ind"/>
		<feat xlink:href="#sSpan1226" value="Def"/>
		<feat xlink:href="#sSpan1230" value="Def"/>
		<feat xlink:href="#sSpan1244" value="Ind"/>
		<feat xlink:href="#sSpan1258" value="Def"/>
		<feat xlink:href="#sSpan1265" value="Def"/>
		<feat xlink:href="#sSpan1279" value="Def"/>
		<feat xlink:href="#sSpan1289" value="Def"/>
		<feat xlink:href="#sSpan1291" value="Ind"/>
		<feat xlink:href="#sSpan1307" value="Ind"/>
		<feat xlink:href="#sSpan1310" value="Def"/>
		<feat xlink:href="#sSpan1313" value="Ind"/>
		<feat xlink:href="#sSpan1343" value="Ind"/>
		<feat xlink:href="#sSpan1400" value="Ind"/>
		<feat xlink:href="#sSpan1420" value="Ind"/>
		<feat xlink:href="#sSpan1422" value="Ind"/></featList></paula>