<?xml version='1.0' encoding='UTF-8'?><!DOCTYPE paula SYSTEM "paula_feat.dtd">
<paula version="1.1">
	<header paula_id="morph.GENTLE_dictionary_school.mark_Poss"/>
	<featList xmlns:xlink="http://www.w3.org/1999/xlink" type="Poss" xml:base="morph.GENTLE_dictionary_school.mark.xml">
		<feat xlink:href="#sSpan1007" value="Yes"/>
		<feat xlink:href="#sSpan1026" value="Yes"/>
		<feat xlink:href="#sSpan1141" value="Yes"/>
		<feat xlink:href="#sSpan1449" value="Yes"/>
		<feat xlink:href="#sSpan1456" value="Yes"/></featList></paula>