<?xml version='1.0' encoding='UTF-8'?><!DOCTYPE paula SYSTEM "paula_feat.dtd">
<paula version="1.1">
	<header paula_id="morph.GENTLE_dictionary_school.mark_Tense"/>
	<featList xmlns:xlink="http://www.w3.org/1999/xlink" type="Tense" xml:base="morph.GENTLE_dictionary_school.mark.xml">
		<feat xlink:href="#sSpan823" value="Past"/>
		<feat xlink:href="#sSpan847" value="Pres"/>
		<feat xlink:href="#sSpan856" value="Past"/>
		<feat xlink:href="#sSpan895" value="Past"/>
		<feat xlink:href="#sSpan911" value="Past"/>
		<feat xlink:href="#sSpan947" value="Past"/>
		<feat xlink:href="#sSpan971" value="Past"/>
		<feat xlink:href="#sSpan997" value="Past"/>
		<feat xlink:href="#sSpan999" value="Pres"/>
		<feat xlink:href="#sSpan1002" value="Pres"/>
		<feat xlink:href="#sSpan1013" value="Pres"/>
		<feat xlink:href="#sSpan1032" value="Pres"/>
		<feat xlink:href="#sSpan1068" value="Pres"/>
		<feat xlink:href="#sSpan1075" value="Past"/>
		<feat xlink:href="#sSpan1096" value="Pres"/>
		<feat xlink:href="#sSpan1102" value="Past"/>
		<feat xlink:href="#sSpan1115" value="Pres"/>
		<feat xlink:href="#sSpan1118" value="Past"/>
		<feat xlink:href="#sSpan1130" value="Pres"/>
		<feat xlink:href="#sSpan1147" value="Pres"/>
		<feat xlink:href="#sSpan1166" value="Past"/>
		<feat xlink:href="#sSpan1178" value="Past"/>
		<feat xlink:href="#sSpan1195" value="Past"/>
		<feat xlink:href="#sSpan1210" value="Pres"/>
		<feat xlink:href="#sSpan1224" value="Pres"/>
		<feat xlink:href="#sSpan1234" value="Pres"/>
		<feat xlink:href="#sSpan1241" value="Past"/>
		<feat xlink:href="#sSpan1274" value="Pres"/>
		<feat xlink:href="#sSpan1275" value="Past"/>
		<feat xlink:href="#sSpan1286" value="Past"/>
		<feat xlink:href="#sSpan1301" value="Past"/>
		<feat xlink:href="#sSpan1321" value="Pres"/>
		<feat xlink:href="#sSpan1323" value="Pres"/>
		<feat xlink:href="#sSpan1324" value="Pres"/>
		<feat xlink:href="#sSpan1327" value="Pres"/>
		<feat xlink:href="#sSpan1334" value="Past"/>
		<feat xlink:href="#sSpan1382" value="Pres"/>
		<feat xlink:href="#sSpan1388" value="Past"/>
		<feat xlink:href="#sSpan1409" value="Past"/>
		<feat xlink:href="#sSpan1413" value="Past"/>
		<feat xlink:href="#sSpan1438" value="Past"/>
		<feat xlink:href="#sSpan1454" value="Pres"/></featList></paula>