<?xml version='1.0' encoding='UTF-8'?><!DOCTYPE paula SYSTEM "paula_feat.dtd">
<paula version="1.1">
	<header paula_id="morph.GENTLE_dictionary_school.mark_Tense"/>
	<featList xmlns:xlink="http://www.w3.org/1999/xlink" type="Tense" xml:base="morph.GENTLE_dictionary_school.mark.xml">
		<feat xlink:href="#sSpan819" value="Past"/>
		<feat xlink:href="#sSpan848" value="Pres"/>
		<feat xlink:href="#sSpan853" value="Past"/>
		<feat xlink:href="#sSpan897" value="Past"/>
		<feat xlink:href="#sSpan911" value="Past"/>
		<feat xlink:href="#sSpan949" value="Past"/>
		<feat xlink:href="#sSpan970" value="Past"/>
		<feat xlink:href="#sSpan997" value="Past"/>
		<feat xlink:href="#sSpan999" value="Pres"/>
		<feat xlink:href="#sSpan1001" value="Pres"/>
		<feat xlink:href="#sSpan1016" value="Pres"/>
		<feat xlink:href="#sSpan1034" value="Pres"/>
		<feat xlink:href="#sSpan1072" value="Pres"/>
		<feat xlink:href="#sSpan1073" value="Past"/>
		<feat xlink:href="#sSpan1099" value="Pres"/>
		<feat xlink:href="#sSpan1102" value="Past"/>
		<feat xlink:href="#sSpan1115" value="Pres"/>
		<feat xlink:href="#sSpan1119" value="Past"/>
		<feat xlink:href="#sSpan1129" value="Pres"/>
		<feat xlink:href="#sSpan1147" value="Pres"/>
		<feat xlink:href="#sSpan1166" value="Past"/>
		<feat xlink:href="#sSpan1181" value="Past"/>
		<feat xlink:href="#sSpan1195" value="Past"/>
		<feat xlink:href="#sSpan1209" value="Pres"/>
		<feat xlink:href="#sSpan1221" value="Pres"/>
		<feat xlink:href="#sSpan1234" value="Pres"/>
		<feat xlink:href="#sSpan1239" value="Past"/>
		<feat xlink:href="#sSpan1273" value="Pres"/>
		<feat xlink:href="#sSpan1276" value="Past"/>
		<feat xlink:href="#sSpan1286" value="Past"/>
		<feat xlink:href="#sSpan1301" value="Past"/>
		<feat xlink:href="#sSpan1321" value="Pres"/>
		<feat xlink:href="#sSpan1322" value="Pres"/>
		<feat xlink:href="#sSpan1324" value="Pres"/>
		<feat xlink:href="#sSpan1327" value="Pres"/>
		<feat xlink:href="#sSpan1334" value="Past"/>
		<feat xlink:href="#sSpan1381" value="Pres"/>
		<feat xlink:href="#sSpan1387" value="Past"/>
		<feat xlink:href="#sSpan1407" value="Past"/>
		<feat xlink:href="#sSpan1411" value="Past"/>
		<feat xlink:href="#sSpan1441" value="Past"/>
		<feat xlink:href="#sSpan1454" value="Pres"/></featList></paula>