<?xml version='1.0' encoding='UTF-8'?><!DOCTYPE paula SYSTEM "paula_feat.dtd">
<paula version="1.1">
	<header paula_id="morph.GENTLE_dictionary_school.mark_Mood"/>
	<featList xmlns:xlink="http://www.w3.org/1999/xlink" type="Mood" xml:base="morph.GENTLE_dictionary_school.mark.xml">
		<feat xlink:href="#sSpan822" value="Ind"/>
		<feat xlink:href="#sSpan854" value="Ind"/>
		<feat xlink:href="#sSpan912" value="Ind"/>
		<feat xlink:href="#sSpan924" value="Imp"/>
		<feat xlink:href="#sSpan963" value="Imp"/>
		<feat xlink:href="#sSpan1015" value="Ind"/>
		<feat xlink:href="#sSpan1031" value="Ind"/>
		<feat xlink:href="#sSpan1069" value="Ind"/>
		<feat xlink:href="#sSpan1098" value="Ind"/>
		<feat xlink:href="#sSpan1112" value="Ind"/>
		<feat xlink:href="#sSpan1128" value="Ind"/>
		<feat xlink:href="#sSpan1145" value="Ind"/>
		<feat xlink:href="#sSpan1167" value="Ind"/>
		<feat xlink:href="#sSpan1180" value="Ind"/>
		<feat xlink:href="#sSpan1220" value="Ind"/>
		<feat xlink:href="#sSpan1236" value="Ind"/>
		<feat xlink:href="#sSpan1273" value="Ind"/>
		<feat xlink:href="#sSpan1303" value="Ind"/>
		<feat xlink:href="#sSpan1351" value="Imp"/>
		<feat xlink:href="#sSpan1387" value="Ind"/>
		<feat xlink:href="#sSpan1408" value="Ind"/>
		<feat xlink:href="#sSpan1439" value="Ind"/></featList></paula>