<?xml version='1.0' encoding='UTF-8'?><!DOCTYPE paula SYSTEM "paula_feat.dtd">
<paula version="1.1">
	<header paula_id="morph.GENTLE_dictionary_school.mark_VerbForm"/>
	<featList xmlns:xlink="http://www.w3.org/1999/xlink" type="VerbForm" xml:base="morph.GENTLE_dictionary_school.mark.xml">
		<feat xlink:href="#sSpan820" value="Fin"/>
		<feat xlink:href="#sSpan847" value="Part"/>
		<feat xlink:href="#sSpan856" value="Fin"/>
		<feat xlink:href="#sSpan860" value="Inf"/>
		<feat xlink:href="#sSpan861" value="Inf"/>
		<feat xlink:href="#sSpan895" value="Part"/>
		<feat xlink:href="#sSpan914" value="Fin"/>
		<feat xlink:href="#sSpan918" value="Inf"/>
		<feat xlink:href="#sSpan919" value="Inf"/>
		<feat xlink:href="#sSpan920" value="Inf"/>
		<feat xlink:href="#sSpan926" value="Fin"/>
		<feat xlink:href="#sSpan948" value="Part"/>
		<feat xlink:href="#sSpan965" value="Fin"/>
		<feat xlink:href="#sSpan969" value="Part"/>
		<feat xlink:href="#sSpan998" value="Part"/>
		<feat xlink:href="#sSpan1000" value="Part"/>
		<feat xlink:href="#sSpan1002" value="Part"/>
		<feat xlink:href="#sSpan1013" value="Fin"/>
		<feat xlink:href="#sSpan1031" value="Fin"/>
		<feat xlink:href="#sSpan1046" value="Ger"/>
		<feat xlink:href="#sSpan1069" value="Fin"/>
		<feat xlink:href="#sSpan1074" value="Part"/>
		<feat xlink:href="#sSpan1097" value="Fin"/>
		<feat xlink:href="#sSpan1101" value="Part"/>
		<feat xlink:href="#sSpan1114" value="Fin"/>
		<feat xlink:href="#sSpan1117" value="Part"/>
		<feat xlink:href="#sSpan1132" value="Fin"/>
		<feat xlink:href="#sSpan1143" value="Fin"/>
		<feat xlink:href="#sSpan1167" value="Fin"/>
		<feat xlink:href="#sSpan1180" value="Fin"/>
		<feat xlink:href="#sSpan1194" value="Part"/>
		<feat xlink:href="#sSpan1210" value="Part"/>
		<feat xlink:href="#sSpan1224" value="Fin"/>
		<feat xlink:href="#sSpan1238" value="Fin"/>
		<feat xlink:href="#sSpan1240" value="Part"/>
		<feat xlink:href="#sSpan1251" value="Fin"/>
		<feat xlink:href="#sSpan1252" value="Inf"/>
		<feat xlink:href="#sSpan1270" value="Fin"/>
		<feat xlink:href="#sSpan1275" value="Part"/>
		<feat xlink:href="#sSpan1287" value="Part"/>
		<feat xlink:href="#sSpan1303" value="Fin"/>
		<feat xlink:href="#sSpan1316" value="Ger"/>
		<feat xlink:href="#sSpan1320" value="Part"/>
		<feat xlink:href="#sSpan1323" value="Part"/>
		<feat xlink:href="#sSpan1325" value="Part"/>
		<feat xlink:href="#sSpan1326" value="Part"/>
		<feat xlink:href="#sSpan1332" value="Part"/>
		<feat xlink:href="#sSpan1353" value="Fin"/>
		<feat xlink:href="#sSpan1359" value="Ger"/>
		<feat xlink:href="#sSpan1382" value="Part"/>
		<feat xlink:href="#sSpan1388" value="Fin"/>
		<feat xlink:href="#sSpan1393" value="Inf"/>
		<feat xlink:href="#sSpan1394" value="Inf"/>
		<feat xlink:href="#sSpan1395" value="Inf"/>
		<feat xlink:href="#sSpan1409" value="Fin"/>
		<feat xlink:href="#sSpan1413" value="Part"/>
		<feat xlink:href="#sSpan1416" value="Inf"/>
		<feat xlink:href="#sSpan1418" value="Inf"/>
		<feat xlink:href="#sSpan1427" value="Inf"/>
		<feat xlink:href="#sSpan1428" value="Inf"/>
		<feat xlink:href="#sSpan1439" value="Fin"/>
		<feat xlink:href="#sSpan1444" value="Inf"/>
		<feat xlink:href="#sSpan1453" value="Part"/></featList></paula>