<?xml version='1.0' encoding='UTF-8'?><!DOCTYPE paula SYSTEM "paula_feat.dtd">
<paula version="1.1">
	<header paula_id="morph.GENTLE_dictionary_school.mark_VerbForm"/>
	<featList xmlns:xlink="http://www.w3.org/1999/xlink" type="VerbForm" xml:base="morph.GENTLE_dictionary_school.mark.xml">
		<feat xlink:href="#sSpan821" value="Fin"/>
		<feat xlink:href="#sSpan848" value="Part"/>
		<feat xlink:href="#sSpan857" value="Fin"/>
		<feat xlink:href="#sSpan860" value="Inf"/>
		<feat xlink:href="#sSpan861" value="Inf"/>
		<feat xlink:href="#sSpan896" value="Part"/>
		<feat xlink:href="#sSpan915" value="Fin"/>
		<feat xlink:href="#sSpan918" value="Inf"/>
		<feat xlink:href="#sSpan919" value="Inf"/>
		<feat xlink:href="#sSpan920" value="Inf"/>
		<feat xlink:href="#sSpan925" value="Fin"/>
		<feat xlink:href="#sSpan949" value="Part"/>
		<feat xlink:href="#sSpan964" value="Fin"/>
		<feat xlink:href="#sSpan969" value="Part"/>
		<feat xlink:href="#sSpan998" value="Part"/>
		<feat xlink:href="#sSpan1000" value="Part"/>
		<feat xlink:href="#sSpan1001" value="Part"/>
		<feat xlink:href="#sSpan1017" value="Fin"/>
		<feat xlink:href="#sSpan1034" value="Fin"/>
		<feat xlink:href="#sSpan1046" value="Ger"/>
		<feat xlink:href="#sSpan1070" value="Fin"/>
		<feat xlink:href="#sSpan1073" value="Part"/>
		<feat xlink:href="#sSpan1095" value="Fin"/>
		<feat xlink:href="#sSpan1100" value="Part"/>
		<feat xlink:href="#sSpan1114" value="Fin"/>
		<feat xlink:href="#sSpan1119" value="Part"/>
		<feat xlink:href="#sSpan1129" value="Fin"/>
		<feat xlink:href="#sSpan1146" value="Fin"/>
		<feat xlink:href="#sSpan1168" value="Fin"/>
		<feat xlink:href="#sSpan1182" value="Fin"/>
		<feat xlink:href="#sSpan1194" value="Part"/>
		<feat xlink:href="#sSpan1209" value="Part"/>
		<feat xlink:href="#sSpan1221" value="Fin"/>
		<feat xlink:href="#sSpan1237" value="Fin"/>
		<feat xlink:href="#sSpan1239" value="Part"/>
		<feat xlink:href="#sSpan1251" value="Fin"/>
		<feat xlink:href="#sSpan1252" value="Inf"/>
		<feat xlink:href="#sSpan1270" value="Fin"/>
		<feat xlink:href="#sSpan1277" value="Part"/>
		<feat xlink:href="#sSpan1285" value="Part"/>
		<feat xlink:href="#sSpan1304" value="Fin"/>
		<feat xlink:href="#sSpan1316" value="Ger"/>
		<feat xlink:href="#sSpan1320" value="Part"/>
		<feat xlink:href="#sSpan1322" value="Part"/>
		<feat xlink:href="#sSpan1325" value="Part"/>
		<feat xlink:href="#sSpan1326" value="Part"/>
		<feat xlink:href="#sSpan1332" value="Part"/>
		<feat xlink:href="#sSpan1352" value="Fin"/>
		<feat xlink:href="#sSpan1359" value="Ger"/>
		<feat xlink:href="#sSpan1381" value="Part"/>
		<feat xlink:href="#sSpan1390" value="Fin"/>
		<feat xlink:href="#sSpan1393" value="Inf"/>
		<feat xlink:href="#sSpan1394" value="Inf"/>
		<feat xlink:href="#sSpan1395" value="Inf"/>
		<feat xlink:href="#sSpan1407" value="Fin"/>
		<feat xlink:href="#sSpan1411" value="Part"/>
		<feat xlink:href="#sSpan1416" value="Inf"/>
		<feat xlink:href="#sSpan1418" value="Inf"/>
		<feat xlink:href="#sSpan1427" value="Inf"/>
		<feat xlink:href="#sSpan1428" value="Inf"/>
		<feat xlink:href="#sSpan1442" value="Fin"/>
		<feat xlink:href="#sSpan1444" value="Inf"/>
		<feat xlink:href="#sSpan1453" value="Part"/></featList></paula>