<?xml version='1.0' encoding='UTF-8'?><!DOCTYPE paula SYSTEM "paula_feat.dtd">
<paula version="1.1">
	<header paula_id="morph.GENTLE_dictionary_school.mark_PronType"/>
	<featList xmlns:xlink="http://www.w3.org/1999/xlink" type="PronType" xml:base="morph.GENTLE_dictionary_school.mark.xml">
		<feat xlink:href="#sSpan803" value="Art"/>
		<feat xlink:href="#sSpan807" value="Art"/>
		<feat xlink:href="#sSpan816" value="Art"/>
		<feat xlink:href="#sSpan824" value="Art"/>
		<feat xlink:href="#sSpan829" value="Art"/>
		<feat xlink:href="#sSpan863" value="Art"/>
		<feat xlink:href="#sSpan893" value="Art"/>
		<feat xlink:href="#sSpan901" value="Prs"/>
		<feat xlink:href="#sSpan904" value="Art"/>
		<feat xlink:href="#sSpan907" value="Rel"/>
		<feat xlink:href="#sSpan909" value="Dem"/>
		<feat xlink:href="#sSpan950" value="Ind"/>
		<feat xlink:href="#sSpan993" value="Art"/>
		<feat xlink:href="#sSpan1003" value="Art"/>
		<feat xlink:href="#sSpan1008" value="Prs"/>
		<feat xlink:href="#sSpan1019" value="Art"/>
		<feat xlink:href="#sSpan1022" value="Prs"/>
		<feat xlink:href="#sSpan1036" value="Art"/>
		<feat xlink:href="#sSpan1042" value="Art"/>
		<feat xlink:href="#sSpan1060" value="Art"/>
		<feat xlink:href="#sSpan1081" value="Art"/>
		<feat xlink:href="#sSpan1086" value="Art"/>
		<feat xlink:href="#sSpan1091" value="Art"/>
		<feat xlink:href="#sSpan1094" value="Rel"/>
		<feat xlink:href="#sSpan1103" value="Art"/>
		<feat xlink:href="#sSpan1110" value="Prs"/>
		<feat xlink:href="#sSpan1120" value="Art"/>
		<feat xlink:href="#sSpan1125" value="Prs"/>
		<feat xlink:href="#sSpan1134" value="Art"/>
		<feat xlink:href="#sSpan1137" value="Prs"/>
		<feat xlink:href="#sSpan1148" value="Art"/>
		<feat xlink:href="#sSpan1152" value="Art"/>
		<feat xlink:href="#sSpan1156" value="Art"/>
		<feat xlink:href="#sSpan1160" value="Art"/>
		<feat xlink:href="#sSpan1172" value="Art"/>
		<feat xlink:href="#sSpan1177" value="Rel"/>
		<feat xlink:href="#sSpan1183" value="Art"/>
		<feat xlink:href="#sSpan1187" value="Art"/>
		<feat xlink:href="#sSpan1191" value="Art"/>
		<feat xlink:href="#sSpan1199" value="Art"/>
		<feat xlink:href="#sSpan1201" value="Art"/>
		<feat xlink:href="#sSpan1206" value="Art"/>
		<feat xlink:href="#sSpan1213" value="Art"/>
		<feat xlink:href="#sSpan1218" value="Dem"/>
		<feat xlink:href="#sSpan1225" value="Art"/>
		<feat xlink:href="#sSpan1229" value="Art"/>
		<feat xlink:href="#sSpan1232" value="Rel"/>
		<feat xlink:href="#sSpan1244" value="Art"/>
		<feat xlink:href="#sSpan1248" value="Prs"/>
		<feat xlink:href="#sSpan1255" value="Prs"/>
		<feat xlink:href="#sSpan1258" value="Art"/>
		<feat xlink:href="#sSpan1264" value="Rel"/>
		<feat xlink:href="#sSpan1265" value="Art"/>
		<feat xlink:href="#sSpan1279" value="Art"/>
		<feat xlink:href="#sSpan1288" value="Art"/>
		<feat xlink:href="#sSpan1291" value="Art"/>
		<feat xlink:href="#sSpan1296" value="Prs"/>
		<feat xlink:href="#sSpan1307" value="Art"/>
		<feat xlink:href="#sSpan1310" value="Art"/>
		<feat xlink:href="#sSpan1313" value="Art"/>
		<feat xlink:href="#sSpan1343" value="Art"/>
		<feat xlink:href="#sSpan1399" value="Art"/>
		<feat xlink:href="#sSpan1419" value="Art"/>
		<feat xlink:href="#sSpan1422" value="Art"/>
		<feat xlink:href="#sSpan1431" value="Prs"/>
		<feat xlink:href="#sSpan1436" value="Prs"/>
		<feat xlink:href="#sSpan1448" value="Prs"/>
		<feat xlink:href="#sSpan1455" value="Ind"/>
		<feat xlink:href="#sSpan1459" value="Prs"/></featList></paula>