<?xml version='1.0' encoding='UTF-8'?><!DOCTYPE paula SYSTEM "paula_feat.dtd">
<paula version="1.1">
	<header paula_id="morph.GENTLE_dictionary_school.mark_Case"/>
	<featList xmlns:xlink="http://www.w3.org/1999/xlink" type="Case" xml:base="morph.GENTLE_dictionary_school.mark.xml">
		<feat xlink:href="#sSpan898" value="Acc"/>
		<feat xlink:href="#sSpan1007" value="Gen"/>
		<feat xlink:href="#sSpan1026" value="Gen"/>
		<feat xlink:href="#sSpan1108" value="Nom"/>
		<feat xlink:href="#sSpan1126" value="Nom"/>
		<feat xlink:href="#sSpan1140" value="Gen"/>
		<feat xlink:href="#sSpan1249" value="Nom"/>
		<feat xlink:href="#sSpan1253" value="Acc"/>
		<feat xlink:href="#sSpan1300" value="Nom"/>
		<feat xlink:href="#sSpan1434" value="Nom"/>
		<feat xlink:href="#sSpan1450" value="Gen"/>
		<feat xlink:href="#sSpan1458" value="Gen"/></featList></paula>