<?xml version='1.0' encoding='UTF-8'?><!DOCTYPE paula SYSTEM "paula_feat.dtd">
<paula version="1.1">
	<header paula_id="morph.GENTLE_dictionary_school.mark_PronType"/>
	<featList xmlns:xlink="http://www.w3.org/1999/xlink" type="PronType" xml:base="morph.GENTLE_dictionary_school.mark.xml">
		<feat xlink:href="#sSpan803" value="Art"/>
		<feat xlink:href="#sSpan807" value="Art"/>
		<feat xlink:href="#sSpan817" value="Art"/>
		<feat xlink:href="#sSpan825" value="Art"/>
		<feat xlink:href="#sSpan829" value="Art"/>
		<feat xlink:href="#sSpan863" value="Art"/>
		<feat xlink:href="#sSpan893" value="Art"/>
		<feat xlink:href="#sSpan901" value="Prs"/>
		<feat xlink:href="#sSpan905" value="Art"/>
		<feat xlink:href="#sSpan907" value="Rel"/>
		<feat xlink:href="#sSpan909" value="Dem"/>
		<feat xlink:href="#sSpan950" value="Ind"/>
		<feat xlink:href="#sSpan993" value="Art"/>
		<feat xlink:href="#sSpan1004" value="Art"/>
		<feat xlink:href="#sSpan1010" value="Prs"/>
		<feat xlink:href="#sSpan1018" value="Art"/>
		<feat xlink:href="#sSpan1023" value="Prs"/>
		<feat xlink:href="#sSpan1036" value="Art"/>
		<feat xlink:href="#sSpan1042" value="Art"/>
		<feat xlink:href="#sSpan1060" value="Art"/>
		<feat xlink:href="#sSpan1081" value="Art"/>
		<feat xlink:href="#sSpan1086" value="Art"/>
		<feat xlink:href="#sSpan1090" value="Art"/>
		<feat xlink:href="#sSpan1094" value="Rel"/>
		<feat xlink:href="#sSpan1104" value="Art"/>
		<feat xlink:href="#sSpan1109" value="Prs"/>
		<feat xlink:href="#sSpan1120" value="Art"/>
		<feat xlink:href="#sSpan1125" value="Prs"/>
		<feat xlink:href="#sSpan1133" value="Art"/>
		<feat xlink:href="#sSpan1139" value="Prs"/>
		<feat xlink:href="#sSpan1149" value="Art"/>
		<feat xlink:href="#sSpan1152" value="Art"/>
		<feat xlink:href="#sSpan1157" value="Art"/>
		<feat xlink:href="#sSpan1161" value="Art"/>
		<feat xlink:href="#sSpan1171" value="Art"/>
		<feat xlink:href="#sSpan1177" value="Rel"/>
		<feat xlink:href="#sSpan1183" value="Art"/>
		<feat xlink:href="#sSpan1186" value="Art"/>
		<feat xlink:href="#sSpan1192" value="Art"/>
		<feat xlink:href="#sSpan1198" value="Art"/>
		<feat xlink:href="#sSpan1201" value="Art"/>
		<feat xlink:href="#sSpan1206" value="Art"/>
		<feat xlink:href="#sSpan1213" value="Art"/>
		<feat xlink:href="#sSpan1217" value="Dem"/>
		<feat xlink:href="#sSpan1225" value="Art"/>
		<feat xlink:href="#sSpan1229" value="Art"/>
		<feat xlink:href="#sSpan1232" value="Rel"/>
		<feat xlink:href="#sSpan1243" value="Art"/>
		<feat xlink:href="#sSpan1247" value="Prs"/>
		<feat xlink:href="#sSpan1256" value="Prs"/>
		<feat xlink:href="#sSpan1259" value="Art"/>
		<feat xlink:href="#sSpan1264" value="Rel"/>
		<feat xlink:href="#sSpan1266" value="Art"/>
		<feat xlink:href="#sSpan1278" value="Art"/>
		<feat xlink:href="#sSpan1288" value="Art"/>
		<feat xlink:href="#sSpan1292" value="Art"/>
		<feat xlink:href="#sSpan1296" value="Prs"/>
		<feat xlink:href="#sSpan1306" value="Art"/>
		<feat xlink:href="#sSpan1309" value="Art"/>
		<feat xlink:href="#sSpan1314" value="Art"/>
		<feat xlink:href="#sSpan1342" value="Art"/>
		<feat xlink:href="#sSpan1399" value="Art"/>
		<feat xlink:href="#sSpan1419" value="Art"/>
		<feat xlink:href="#sSpan1423" value="Art"/>
		<feat xlink:href="#sSpan1431" value="Prs"/>
		<feat xlink:href="#sSpan1437" value="Prs"/>
		<feat xlink:href="#sSpan1448" value="Prs"/>
		<feat xlink:href="#sSpan1455" value="Ind"/>
		<feat xlink:href="#sSpan1460" value="Prs"/></featList></paula>