<?xml version='1.0' encoding='UTF-8'?><!DOCTYPE paula SYSTEM "paula_mark.dtd">
<paula version="1.1">
	<header paula_id="morph.GENTLE_dictionary_school.mark"/>
	<markList xmlns:xlink="http://www.w3.org/1999/xlink" type="morph" xml:base="GENTLE_dictionary_school.tok.xml">
		<!--school-->
		<mark id="sSpan733" xlink:href="#sTok1"/>
		<!--English-->
		<mark id="sSpan734" xlink:href="#sTok2"/>
		<!--Pronunciation-->
		<mark id="sSpan735" xlink:href="#sTok3"/>
		<!--enPR-->
		<mark id="sSpan736" xlink:href="#sTok4"/>
		<!--sko͞ol-->
		<mark id="sSpan737" xlink:href="#sTok6"/>
		<!--IPA-->
		<mark id="sSpan738" xlink:href="#sTok8"/>
		<!--key-->
		<mark id="sSpan739" xlink:href="#sTok10"/>
		<!--skuːl-->
		<mark id="sSpan740" xlink:href="#sTok14"/>
		<!--Audio-->
		<mark id="sSpan741" xlink:href="#sTok16"/>
		<!--Received-->
		<mark id="sSpan742" xlink:href="#sTok18"/>
		<!--Pronunciation-->
		<mark id="sSpan743" xlink:href="#sTok19"/>
		<!--Rhymes-->
		<mark id="sSpan744" xlink:href="#sTok21"/>
		<!--Etymology-->
		<mark id="sSpan745" xlink:href="#sTok24"/>
		<!--1-->
		<mark id="sSpan746" xlink:href="#sTok25"/>
		<!--1-->
		<mark id="sSpan747" xlink:href="#sTok25"/>
		<!--Middle-->
		<mark id="sSpan748" xlink:href="#sTok27"/>
		<!--English-->
		<mark id="sSpan749" xlink:href="#sTok28"/>
		<!--group-->
		<mark id="sSpan750" xlink:href="#sTok34"/>
		<!--persons-->
		<mark id="sSpan751" xlink:href="#sTok36"/>
		<!--multitude-->
		<mark id="sSpan752" xlink:href="#sTok38"/>
		<!--host-->
		<mark id="sSpan753" xlink:href="#sTok40"/>
		<!--school-->
		<mark id="sSpan754" xlink:href="#sTok42"/>
		<!--fish-->
		<mark id="sSpan755" xlink:href="#sTok44"/>
		<!--Middle-->
		<mark id="sSpan756" xlink:href="#sTok49"/>
		<!--Dutch-->
		<mark id="sSpan757" xlink:href="#sTok50"/>
		<!--multitude-->
		<mark id="sSpan758" xlink:href="#sTok54"/>
		<!--troop-->
		<mark id="sSpan759" xlink:href="#sTok56"/>
		<!--people-->
		<mark id="sSpan760" xlink:href="#sTok58"/>
		<!--swarm-->
		<mark id="sSpan761" xlink:href="#sTok60"/>
		<!--animals-->
		<mark id="sSpan762" xlink:href="#sTok62"/>
		<!--Old-->
		<mark id="sSpan763" xlink:href="#sTok67"/>
		<!--Dutch-->
		<mark id="sSpan764" xlink:href="#sTok68"/>
		<!--troop-->
		<mark id="sSpan765" xlink:href="#sTok74"/>
		<!--multitude-->
		<mark id="sSpan766" xlink:href="#sTok76"/>
		<!--Proto-Germanic-->
		<mark id="sSpan767" xlink:href="#sTok81"/>
		<!--crowd-->
		<mark id="sSpan768" xlink:href="#sTok85"/>
		<!--Proto-Indo-European-->
		<mark id="sSpan769" xlink:href="#sTok90"/>
		<!--crowd-->
		<mark id="sSpan770" xlink:href="#sTok94"/>
		<!--people-->
		<mark id="sSpan771" xlink:href="#sTok96"/>
		<!--Cognate-->
		<mark id="sSpan772" xlink:href="#sTok100"/>
		<!--Middle-->
		<mark id="sSpan773" xlink:href="#sTok102"/>
		<!--Low-->
		<mark id="sSpan774" xlink:href="#sTok103"/>
		<!--German-->
		<mark id="sSpan775" xlink:href="#sTok104"/>
		<!--multitude-->
		<mark id="sSpan776" xlink:href="#sTok108"/>
		<!--troop-->
		<mark id="sSpan777" xlink:href="#sTok110"/>
		<!--Old-->
		<mark id="sSpan778" xlink:href="#sTok114"/>
		<!--English-->
		<mark id="sSpan779" xlink:href="#sTok115"/>
		<!--scolu-->
		<mark id="sSpan780" xlink:href="#sTok116"/>
		<!--troop-->
		<mark id="sSpan781" xlink:href="#sTok119"/>
		<!--band-->
		<mark id="sSpan782" xlink:href="#sTok121"/>
		<!--people-->
		<mark id="sSpan783" xlink:href="#sTok123"/>
		<!--host-->
		<mark id="sSpan784" xlink:href="#sTok125"/>
		<!--multitude-->
		<mark id="sSpan785" xlink:href="#sTok127"/>
		<!--school-->
		<mark id="sSpan786" xlink:href="#sTok129"/>
		<!--fish-->
		<mark id="sSpan787" xlink:href="#sTok131"/>
		<!--Doublet-->
		<mark id="sSpan788" xlink:href="#sTok135"/>
		<!--shoal-->
		<mark id="sSpan789" xlink:href="#sTok137"/>
		<!--Alternative-->
		<mark id="sSpan790" xlink:href="#sTok139"/>
		<!--forms-->
		<mark id="sSpan791" xlink:href="#sTok140"/>
		<!--skull-->
		<mark id="sSpan792" xlink:href="#sTok141"/>
		<!--obsolete-->
		<mark id="sSpan793" xlink:href="#sTok143"/>
		<!--Noun-->
		<mark id="sSpan794" xlink:href="#sTok145"/>
		<!--school-->
		<mark id="sSpan795" xlink:href="#sTok146"/>
		<!--1-->
		<mark id="sSpan796" xlink:href="#sTok148"/>
		<!--1-->
		<mark id="sSpan797" xlink:href="#sTok148"/>
		<!--fish-->
		<mark id="sSpan798" xlink:href="#sTok151"/>
		<!--school-->
		<mark id="sSpan799" xlink:href="#sTok153"/>
		<!--plural-->
		<mark id="sSpan800" xlink:href="#sTok155"/>
		<!--schools-->
		<mark id="sSpan801" xlink:href="#sTok156"/>
		<!--collective-->
		<mark id="sSpan802" xlink:href="#sTok159"/>
		<!--A-->
		<mark id="sSpan803" xlink:href="#sTok161"/>
		<!--A-->
		<mark id="sSpan804" xlink:href="#sTok161"/>
		<!--group-->
		<mark id="sSpan805" xlink:href="#sTok162"/>
		<!--fish-->
		<mark id="sSpan806" xlink:href="#sTok164"/>
		<!--a-->
		<mark id="sSpan807" xlink:href="#sTok166"/>
		<!--a-->
		<mark id="sSpan808" xlink:href="#sTok166"/>
		<!--group-->
		<mark id="sSpan809" xlink:href="#sTok167"/>
		<!--marine-->
		<mark id="sSpan810" xlink:href="#sTok169"/>
		<!--mammals-->
		<mark id="sSpan811" xlink:href="#sTok170"/>
		<!--such-->
		<mark id="sSpan812" xlink:href="#sTok171"/>
		<!--porpoises-->
		<mark id="sSpan813" xlink:href="#sTok173"/>
		<!--dolphins-->
		<mark id="sSpan814" xlink:href="#sTok175"/>
		<!--whales-->
		<mark id="sSpan815" xlink:href="#sTok178"/>
		<!--The-->
		<mark id="sSpan816" xlink:href="#sTok180"/>
		<!--The-->
		<mark id="sSpan817" xlink:href="#sTok180"/>
		<!--divers-->
		<mark id="sSpan818" xlink:href="#sTok181"/>
		<!--encountered-->
		<mark id="sSpan819" xlink:href="#sTok182"/>
		<!--encountered-->
		<mark id="sSpan820" xlink:href="#sTok182"/>
		<!--encountered-->
		<mark id="sSpan821" xlink:href="#sTok182"/>
		<!--encountered-->
		<mark id="sSpan822" xlink:href="#sTok182"/>
		<!--encountered-->
		<mark id="sSpan823" xlink:href="#sTok182"/>
		<!--a-->
		<mark id="sSpan824" xlink:href="#sTok183"/>
		<!--a-->
		<mark id="sSpan825" xlink:href="#sTok183"/>
		<!--huge-->
		<mark id="sSpan826" xlink:href="#sTok184"/>
		<!--school-->
		<mark id="sSpan827" xlink:href="#sTok185"/>
		<!--mackerel-->
		<mark id="sSpan828" xlink:href="#sTok187"/>
		<!--A-->
		<mark id="sSpan829" xlink:href="#sTok189"/>
		<!--A-->
		<mark id="sSpan830" xlink:href="#sTok189"/>
		<!--multitude-->
		<mark id="sSpan831" xlink:href="#sTok190"/>
		<!--Synonyms-->
		<mark id="sSpan832" xlink:href="#sTok192"/>
		<!--fish-->
		<mark id="sSpan833" xlink:href="#sTok194"/>
		<!--shoal-->
		<mark id="sSpan834" xlink:href="#sTok197"/>
		<!--Verb-->
		<mark id="sSpan835" xlink:href="#sTok198"/>
		<!--school-->
		<mark id="sSpan836" xlink:href="#sTok199"/>
		<!--third-->
		<mark id="sSpan837" xlink:href="#sTok201"/>
		<!--third-->
		<mark id="sSpan838" xlink:href="#sTok201"/>
		<!--third-->
		<mark id="sSpan839" xlink:href="#sTok201"/>
		<!--person-->
		<mark id="sSpan840" xlink:href="#sTok203"/>
		<!--singular-->
		<mark id="sSpan841" xlink:href="#sTok204"/>
		<!--simple-->
		<mark id="sSpan842" xlink:href="#sTok205"/>
		<!--present-->
		<mark id="sSpan843" xlink:href="#sTok206"/>
		<!--schools-->
		<mark id="sSpan844" xlink:href="#sTok207"/>
		<!--present-->
		<mark id="sSpan845" xlink:href="#sTok209"/>
		<!--participle-->
		<mark id="sSpan846" xlink:href="#sTok210"/>
		<!--schooling-->
		<mark id="sSpan847" xlink:href="#sTok211"/>
		<!--schooling-->
		<mark id="sSpan848" xlink:href="#sTok211"/>
		<!--simple-->
		<mark id="sSpan849" xlink:href="#sTok213"/>
		<!--past-->
		<mark id="sSpan850" xlink:href="#sTok214"/>
		<!--past-->
		<mark id="sSpan851" xlink:href="#sTok216"/>
		<!--participle-->
		<mark id="sSpan852" xlink:href="#sTok217"/>
		<!--schooled-->
		<mark id="sSpan853" xlink:href="#sTok218"/>
		<!--schooled-->
		<mark id="sSpan854" xlink:href="#sTok218"/>
		<!--schooled-->
		<mark id="sSpan855" xlink:href="#sTok218"/>
		<!--schooled-->
		<mark id="sSpan856" xlink:href="#sTok218"/>
		<!--schooled-->
		<mark id="sSpan857" xlink:href="#sTok218"/>
		<!--intransitive-->
		<mark id="sSpan858" xlink:href="#sTok221"/>
		<!--fish-->
		<mark id="sSpan859" xlink:href="#sTok225"/>
		<!--form-->
		<mark id="sSpan860" xlink:href="#sTok228"/>
		<!--travel-->
		<mark id="sSpan861" xlink:href="#sTok232"/>
		<!--a-->
		<mark id="sSpan862" xlink:href="#sTok234"/>
		<!--a-->
		<mark id="sSpan863" xlink:href="#sTok234"/>
		<!--school-->
		<mark id="sSpan864" xlink:href="#sTok235"/>
		<!--Etymology-->
		<mark id="sSpan865" xlink:href="#sTok237"/>
		<!--2-->
		<mark id="sSpan866" xlink:href="#sTok238"/>
		<!--2-->
		<mark id="sSpan867" xlink:href="#sTok238"/>
		<!--Elementary-->
		<mark id="sSpan868" xlink:href="#sTok239"/>
		<!--school-->
		<mark id="sSpan869" xlink:href="#sTok240"/>
		<!--Middle-->
		<mark id="sSpan870" xlink:href="#sTok242"/>
		<!--English-->
		<mark id="sSpan871" xlink:href="#sTok243"/>
		<!--Old-->
		<mark id="sSpan872" xlink:href="#sTok247"/>
		<!--English-->
		<mark id="sSpan873" xlink:href="#sTok248"/>
		<!--place-->
		<mark id="sSpan874" xlink:href="#sTok252"/>
		<!--education-->
		<mark id="sSpan875" xlink:href="#sTok254"/>
		<!--Proto-Germanic-->
		<mark id="sSpan876" xlink:href="#sTok259"/>
		<!--school-->
		<mark id="sSpan877" xlink:href="#sTok263"/>
		<!--Late-->
		<mark id="sSpan878" xlink:href="#sTok268"/>
		<!--Latin-->
		<mark id="sSpan879" xlink:href="#sTok269"/>
		<!--schola-->
		<mark id="sSpan880" xlink:href="#sTok270"/>
		<!--learned-->
		<mark id="sSpan881" xlink:href="#sTok275"/>
		<!--discussion-->
		<mark id="sSpan882" xlink:href="#sTok276"/>
		<!--dissertation-->
		<mark id="sSpan883" xlink:href="#sTok278"/>
		<!--lecture-->
		<mark id="sSpan884" xlink:href="#sTok280"/>
		<!--school-->
		<mark id="sSpan885" xlink:href="#sTok282"/>
		<!--Ancient-->
		<mark id="sSpan886" xlink:href="#sTok287"/>
		<!--Greek-->
		<mark id="sSpan887" xlink:href="#sTok288"/>
		<!--spare-->
		<mark id="sSpan888" xlink:href="#sTok300"/>
		<!--time-->
		<mark id="sSpan889" xlink:href="#sTok301"/>
		<!--leisure-->
		<mark id="sSpan890" xlink:href="#sTok303"/>
		<!--conversations-->
		<mark id="sSpan891" xlink:href="#sTok305"/>
		<!--the-->
		<mark id="sSpan892" xlink:href="#sTok307"/>
		<!--the-->
		<mark id="sSpan893" xlink:href="#sTok307"/>
		<!--knowledge-->
		<mark id="sSpan894" xlink:href="#sTok308"/>
		<!--gained-->
		<mark id="sSpan895" xlink:href="#sTok309"/>
		<!--gained-->
		<mark id="sSpan896" xlink:href="#sTok309"/>
		<!--gained-->
		<mark id="sSpan897" xlink:href="#sTok309"/>
		<!--them-->
		<mark id="sSpan898" xlink:href="#sTok311"/>
		<!--them-->
		<mark id="sSpan899" xlink:href="#sTok311"/>
		<!--them-->
		<mark id="sSpan900" xlink:href="#sTok311"/>
		<!--them-->
		<mark id="sSpan901" xlink:href="#sTok311"/>
		<!--free-->
		<mark id="sSpan902" xlink:href="#sTok313"/>
		<!--time-->
		<mark id="sSpan903" xlink:href="#sTok314"/>
		<!--the-->
		<mark id="sSpan904" xlink:href="#sTok316"/>
		<!--the-->
		<mark id="sSpan905" xlink:href="#sTok316"/>
		<!--places-->
		<mark id="sSpan906" xlink:href="#sTok317"/>
		<!--where-->
		<mark id="sSpan907" xlink:href="#sTok318"/>
		<!--these-->
		<mark id="sSpan908" xlink:href="#sTok319"/>
		<!--these-->
		<mark id="sSpan909" xlink:href="#sTok319"/>
		<!--conversations-->
		<mark id="sSpan910" xlink:href="#sTok320"/>
		<!--took-->
		<mark id="sSpan911" xlink:href="#sTok321"/>
		<!--took-->
		<mark id="sSpan912" xlink:href="#sTok321"/>
		<!--took-->
		<mark id="sSpan913" xlink:href="#sTok321"/>
		<!--took-->
		<mark id="sSpan914" xlink:href="#sTok321"/>
		<!--took-->
		<mark id="sSpan915" xlink:href="#sTok321"/>
		<!--place-->
		<mark id="sSpan916" xlink:href="#sTok322"/>
		<!--Proto-Indo-European-->
		<mark id="sSpan917" xlink:href="#sTok327"/>
		<!--hold-->
		<mark id="sSpan918" xlink:href="#sTok332"/>
		<!--have-->
		<mark id="sSpan919" xlink:href="#sTok334"/>
		<!--possess-->
		<mark id="sSpan920" xlink:href="#sTok336"/>
		<!--Doublet-->
		<mark id="sSpan921" xlink:href="#sTok340"/>
		<!--schola-->
		<mark id="sSpan922" xlink:href="#sTok342"/>
		<!--shul-->
		<mark id="sSpan923" xlink:href="#sTok344"/>
		<!--Compare-->
		<mark id="sSpan924" xlink:href="#sTok346"/>
		<!--Compare-->
		<mark id="sSpan925" xlink:href="#sTok346"/>
		<!--Compare-->
		<mark id="sSpan926" xlink:href="#sTok346"/>
		<!--Old-->
		<mark id="sSpan927" xlink:href="#sTok347"/>
		<!--Frisian-->
		<mark id="sSpan928" xlink:href="#sTok348"/>
		<!--school-->
		<mark id="sSpan929" xlink:href="#sTok354"/>
		<!--West-->
		<mark id="sSpan930" xlink:href="#sTok358"/>
		<!--Frisian-->
		<mark id="sSpan931" xlink:href="#sTok359"/>
		<!--Saterland-->
		<mark id="sSpan932" xlink:href="#sTok362"/>
		<!--Frisian-->
		<mark id="sSpan933" xlink:href="#sTok363"/>
		<!--Dutch-->
		<mark id="sSpan934" xlink:href="#sTok367"/>
		<!--school-->
		<mark id="sSpan935" xlink:href="#sTok371"/>
		<!--German-->
		<mark id="sSpan936" xlink:href="#sTok375"/>
		<!--Low-->
		<mark id="sSpan937" xlink:href="#sTok376"/>
		<!--German-->
		<mark id="sSpan938" xlink:href="#sTok377"/>
		<!--school-->
		<mark id="sSpan939" xlink:href="#sTok381"/>
		<!--Old-->
		<mark id="sSpan940" xlink:href="#sTok385"/>
		<!--High-->
		<mark id="sSpan941" xlink:href="#sTok386"/>
		<!--German-->
		<mark id="sSpan942" xlink:href="#sTok387"/>
		<!--school-->
		<mark id="sSpan943" xlink:href="#sTok391"/>
		<!--Old-->
		<mark id="sSpan944" xlink:href="#sTok395"/>
		<!--Norse-->
		<mark id="sSpan945" xlink:href="#sTok396"/>
		<!--school-->
		<mark id="sSpan946" xlink:href="#sTok400"/>
		<!--Influenced-->
		<mark id="sSpan947" xlink:href="#sTok404"/>
		<!--Influenced-->
		<mark id="sSpan948" xlink:href="#sTok404"/>
		<!--Influenced-->
		<mark id="sSpan949" xlink:href="#sTok404"/>
		<!--some-->
		<mark id="sSpan950" xlink:href="#sTok406"/>
		<!--senses-->
		<mark id="sSpan951" xlink:href="#sTok407"/>
		<!--Middle-->
		<mark id="sSpan952" xlink:href="#sTok409"/>
		<!--English-->
		<mark id="sSpan953" xlink:href="#sTok410"/>
		<!--group-->
		<mark id="sSpan954" xlink:href="#sTok414"/>
		<!--persons-->
		<mark id="sSpan955" xlink:href="#sTok416"/>
		<!--host-->
		<mark id="sSpan956" xlink:href="#sTok418"/>
		<!--company-->
		<mark id="sSpan957" xlink:href="#sTok420"/>
		<!--Middle-->
		<mark id="sSpan958" xlink:href="#sTok425"/>
		<!--Dutch-->
		<mark id="sSpan959" xlink:href="#sTok426"/>
		<!--multitude-->
		<mark id="sSpan960" xlink:href="#sTok430"/>
		<!--troop-->
		<mark id="sSpan961" xlink:href="#sTok432"/>
		<!--band-->
		<mark id="sSpan962" xlink:href="#sTok434"/>
		<!--See-->
		<mark id="sSpan963" xlink:href="#sTok438"/>
		<!--See-->
		<mark id="sSpan964" xlink:href="#sTok438"/>
		<!--See-->
		<mark id="sSpan965" xlink:href="#sTok438"/>
		<!--school-->
		<mark id="sSpan966" xlink:href="#sTok439"/>
		<!--1-->
		<mark id="sSpan967" xlink:href="#sTok440"/>
		<!--1-->
		<mark id="sSpan968" xlink:href="#sTok440"/>
		<!--Related-->
		<mark id="sSpan969" xlink:href="#sTok442"/>
		<!--Related-->
		<mark id="sSpan970" xlink:href="#sTok442"/>
		<!--Related-->
		<mark id="sSpan971" xlink:href="#sTok442"/>
		<!--Old-->
		<mark id="sSpan972" xlink:href="#sTok445"/>
		<!--High-->
		<mark id="sSpan973" xlink:href="#sTok446"/>
		<!--German-->
		<mark id="sSpan974" xlink:href="#sTok447"/>
		<!--German-->
		<mark id="sSpan975" xlink:href="#sTok450"/>
		<!--victory-->
		<mark id="sSpan976" xlink:href="#sTok454"/>
		<!--Old-->
		<mark id="sSpan977" xlink:href="#sTok458"/>
		<!--English-->
		<mark id="sSpan978" xlink:href="#sTok459"/>
		<!--victory-->
		<mark id="sSpan979" xlink:href="#sTok465"/>
		<!--Alternative-->
		<mark id="sSpan980" xlink:href="#sTok469"/>
		<!--forms-->
		<mark id="sSpan981" xlink:href="#sTok470"/>
		<!--schole-->
		<mark id="sSpan982" xlink:href="#sTok471"/>
		<!--obsolete-->
		<mark id="sSpan983" xlink:href="#sTok473"/>
		<!--Noun-->
		<mark id="sSpan984" xlink:href="#sTok475"/>
		<!--school-->
		<mark id="sSpan985" xlink:href="#sTok476"/>
		<!--countable-->
		<mark id="sSpan986" xlink:href="#sTok478"/>
		<!--uncountable-->
		<mark id="sSpan987" xlink:href="#sTok480"/>
		<!--plural-->
		<mark id="sSpan988" xlink:href="#sTok482"/>
		<!--schools-->
		<mark id="sSpan989" xlink:href="#sTok483"/>
		<!--US-->
		<mark id="sSpan990" xlink:href="#sTok486"/>
		<!--US-->
		<mark id="sSpan991" xlink:href="#sTok486"/>
		<!--Canada-->
		<mark id="sSpan992" xlink:href="#sTok488"/>
		<!--An-->
		<mark id="sSpan993" xlink:href="#sTok490"/>
		<!--An-->
		<mark id="sSpan994" xlink:href="#sTok490"/>
		<!--institution-->
		<mark id="sSpan995" xlink:href="#sTok491"/>
		<!--dedicated-->
		<mark id="sSpan996" xlink:href="#sTok492"/>
		<!--dedicated-->
		<mark id="sSpan997" xlink:href="#sTok492"/>
		<!--dedicated-->
		<mark id="sSpan998" xlink:href="#sTok492"/>
		<!--teaching-->
		<mark id="sSpan999" xlink:href="#sTok494"/>
		<!--teaching-->
		<mark id="sSpan1000" xlink:href="#sTok494"/>
		<!--learning-->
		<mark id="sSpan1001" xlink:href="#sTok496"/>
		<!--learning-->
		<mark id="sSpan1002" xlink:href="#sTok496"/>
		<!--an-->
		<mark id="sSpan1003" xlink:href="#sTok498"/>
		<!--an-->
		<mark id="sSpan1004" xlink:href="#sTok498"/>
		<!--educational-->
		<mark id="sSpan1005" xlink:href="#sTok499"/>
		<!--institution-->
		<mark id="sSpan1006" xlink:href="#sTok500"/>
		<!--Our-->
		<mark id="sSpan1007" xlink:href="#sTok502"/>
		<!--Our-->
		<mark id="sSpan1008" xlink:href="#sTok502"/>
		<!--Our-->
		<mark id="sSpan1009" xlink:href="#sTok502"/>
		<!--Our-->
		<mark id="sSpan1010" xlink:href="#sTok502"/>
		<!--Our-->
		<mark id="sSpan1011" xlink:href="#sTok502"/>
		<!--children-->
		<mark id="sSpan1012" xlink:href="#sTok503"/>
		<!--attend-->
		<mark id="sSpan1013" xlink:href="#sTok504"/>
		<!--attend-->
		<mark id="sSpan1014" xlink:href="#sTok504"/>
		<!--attend-->
		<mark id="sSpan1015" xlink:href="#sTok504"/>
		<!--attend-->
		<mark id="sSpan1016" xlink:href="#sTok504"/>
		<!--attend-->
		<mark id="sSpan1017" xlink:href="#sTok504"/>
		<!--a-->
		<mark id="sSpan1018" xlink:href="#sTok505"/>
		<!--a-->
		<mark id="sSpan1019" xlink:href="#sTok505"/>
		<!--public-->
		<mark id="sSpan1020" xlink:href="#sTok506"/>
		<!--school-->
		<mark id="sSpan1021" xlink:href="#sTok507"/>
		<!--our-->
		<mark id="sSpan1022" xlink:href="#sTok509"/>
		<!--our-->
		<mark id="sSpan1023" xlink:href="#sTok509"/>
		<!--our-->
		<mark id="sSpan1024" xlink:href="#sTok509"/>
		<!--our-->
		<mark id="sSpan1025" xlink:href="#sTok509"/>
		<!--our-->
		<mark id="sSpan1026" xlink:href="#sTok509"/>
		<!--neighborhood-->
		<mark id="sSpan1027" xlink:href="#sTok510"/>
		<!--Harvard-->
		<mark id="sSpan1028" xlink:href="#sTok512"/>
		<!--University-->
		<mark id="sSpan1029" xlink:href="#sTok513"/>
		<!--is-->
		<mark id="sSpan1030" xlink:href="#sTok514"/>
		<!--is-->
		<mark id="sSpan1031" xlink:href="#sTok514"/>
		<!--is-->
		<mark id="sSpan1032" xlink:href="#sTok514"/>
		<!--is-->
		<mark id="sSpan1033" xlink:href="#sTok514"/>
		<!--is-->
		<mark id="sSpan1034" xlink:href="#sTok514"/>
		<!--a-->
		<mark id="sSpan1035" xlink:href="#sTok515"/>
		<!--a-->
		<mark id="sSpan1036" xlink:href="#sTok515"/>
		<!--famous-->
		<mark id="sSpan1037" xlink:href="#sTok516"/>
		<!--American-->
		<mark id="sSpan1038" xlink:href="#sTok517"/>
		<!--postsecondary-->
		<mark id="sSpan1039" xlink:href="#sTok518"/>
		<!--school-->
		<mark id="sSpan1040" xlink:href="#sTok519"/>
		<!--Britain-->
		<mark id="sSpan1041" xlink:href="#sTok522"/>
		<!--An-->
		<mark id="sSpan1042" xlink:href="#sTok524"/>
		<!--An-->
		<mark id="sSpan1043" xlink:href="#sTok524"/>
		<!--educational-->
		<mark id="sSpan1044" xlink:href="#sTok525"/>
		<!--institution-->
		<mark id="sSpan1045" xlink:href="#sTok526"/>
		<!--providing-->
		<mark id="sSpan1046" xlink:href="#sTok527"/>
		<!--primary-->
		<mark id="sSpan1047" xlink:href="#sTok528"/>
		<!--secondary-->
		<mark id="sSpan1048" xlink:href="#sTok530"/>
		<!--education-->
		<mark id="sSpan1049" xlink:href="#sTok531"/>
		<!--prior-->
		<mark id="sSpan1050" xlink:href="#sTok533"/>
		<!--prior-->
		<mark id="sSpan1051" xlink:href="#sTok533"/>
		<!--tertiary-->
		<mark id="sSpan1052" xlink:href="#sTok535"/>
		<!--education-->
		<mark id="sSpan1053" xlink:href="#sTok536"/>
		<!--college-->
		<mark id="sSpan1054" xlink:href="#sTok538"/>
		<!--university-->
		<mark id="sSpan1055" xlink:href="#sTok540"/>
		<!--UK-->
		<mark id="sSpan1056" xlink:href="#sTok544"/>
		<!--UK-->
		<mark id="sSpan1057" xlink:href="#sTok544"/>
		<!--Eton-->
		<mark id="sSpan1058" xlink:href="#sTok547"/>
		<!--College-->
		<mark id="sSpan1059" xlink:href="#sTok548"/>
		<!--a-->
		<mark id="sSpan1060" xlink:href="#sTok550"/>
		<!--a-->
		<mark id="sSpan1061" xlink:href="#sTok550"/>
		<!--period-->
		<mark id="sSpan1062" xlink:href="#sTok551"/>
		<!--session-->
		<mark id="sSpan1063" xlink:href="#sTok553"/>
		<!--teaching-->
		<mark id="sSpan1064" xlink:href="#sTok555"/>
		<!--Divinity-->
		<mark id="sSpan1065" xlink:href="#sTok557"/>
		<!--history-->
		<mark id="sSpan1066" xlink:href="#sTok559"/>
		<!--geography-->
		<mark id="sSpan1067" xlink:href="#sTok561"/>
		<!--are-->
		<mark id="sSpan1068" xlink:href="#sTok562"/>
		<!--are-->
		<mark id="sSpan1069" xlink:href="#sTok562"/>
		<!--are-->
		<mark id="sSpan1070" xlink:href="#sTok562"/>
		<!--are-->
		<mark id="sSpan1071" xlink:href="#sTok562"/>
		<!--are-->
		<mark id="sSpan1072" xlink:href="#sTok562"/>
		<!--studied-->
		<mark id="sSpan1073" xlink:href="#sTok563"/>
		<!--studied-->
		<mark id="sSpan1074" xlink:href="#sTok563"/>
		<!--studied-->
		<mark id="sSpan1075" xlink:href="#sTok563"/>
		<!--two-->
		<mark id="sSpan1076" xlink:href="#sTok565"/>
		<!--two-->
		<mark id="sSpan1077" xlink:href="#sTok565"/>
		<!--schools-->
		<mark id="sSpan1078" xlink:href="#sTok566"/>
		<!--week-->
		<mark id="sSpan1079" xlink:href="#sTok568"/>
		<!--a-->
		<mark id="sSpan1080" xlink:href="#sTok571"/>
		<!--a-->
		<mark id="sSpan1081" xlink:href="#sTok571"/>
		<!--larger-->
		<mark id="sSpan1082" xlink:href="#sTok572"/>
		<!--educational-->
		<mark id="sSpan1083" xlink:href="#sTok573"/>
		<!--institution-->
		<mark id="sSpan1084" xlink:href="#sTok574"/>
		<!--an-->
		<mark id="sSpan1085" xlink:href="#sTok576"/>
		<!--an-->
		<mark id="sSpan1086" xlink:href="#sTok576"/>
		<!--organizational-->
		<mark id="sSpan1087" xlink:href="#sTok577"/>
		<!--unit-->
		<mark id="sSpan1088" xlink:href="#sTok578"/>
		<!--such-->
		<mark id="sSpan1089" xlink:href="#sTok580"/>
		<!--a-->
		<mark id="sSpan1090" xlink:href="#sTok582"/>
		<!--a-->
		<mark id="sSpan1091" xlink:href="#sTok582"/>
		<!--department-->
		<mark id="sSpan1092" xlink:href="#sTok583"/>
		<!--institute-->
		<mark id="sSpan1093" xlink:href="#sTok585"/>
		<!--which-->
		<mark id="sSpan1094" xlink:href="#sTok587"/>
		<!--is-->
		<mark id="sSpan1095" xlink:href="#sTok588"/>
		<!--is-->
		<mark id="sSpan1096" xlink:href="#sTok588"/>
		<!--is-->
		<mark id="sSpan1097" xlink:href="#sTok588"/>
		<!--is-->
		<mark id="sSpan1098" xlink:href="#sTok588"/>
		<!--is-->
		<mark id="sSpan1099" xlink:href="#sTok588"/>
		<!--dedicated-->
		<mark id="sSpan1100" xlink:href="#sTok589"/>
		<!--dedicated-->
		<mark id="sSpan1101" xlink:href="#sTok589"/>
		<!--dedicated-->
		<mark id="sSpan1102" xlink:href="#sTok589"/>
		<!--a-->
		<mark id="sSpan1103" xlink:href="#sTok591"/>
		<!--a-->
		<mark id="sSpan1104" xlink:href="#sTok591"/>
		<!--specific-->
		<mark id="sSpan1105" xlink:href="#sTok592"/>
		<!--subject-->
		<mark id="sSpan1106" xlink:href="#sTok593"/>
		<!--area-->
		<mark id="sSpan1107" xlink:href="#sTok594"/>
		<!--We-->
		<mark id="sSpan1108" xlink:href="#sTok596"/>
		<!--We-->
		<mark id="sSpan1109" xlink:href="#sTok596"/>
		<!--We-->
		<mark id="sSpan1110" xlink:href="#sTok596"/>
		<!--We-->
		<mark id="sSpan1111" xlink:href="#sTok596"/>
		<!--are-->
		<mark id="sSpan1112" xlink:href="#sTok597"/>
		<!--are-->
		<mark id="sSpan1113" xlink:href="#sTok597"/>
		<!--are-->
		<mark id="sSpan1114" xlink:href="#sTok597"/>
		<!--are-->
		<mark id="sSpan1115" xlink:href="#sTok597"/>
		<!--are-->
		<mark id="sSpan1116" xlink:href="#sTok597"/>
		<!--enrolled-->
		<mark id="sSpan1117" xlink:href="#sTok598"/>
		<!--enrolled-->
		<mark id="sSpan1118" xlink:href="#sTok598"/>
		<!--enrolled-->
		<mark id="sSpan1119" xlink:href="#sTok598"/>
		<!--the-->
		<mark id="sSpan1120" xlink:href="#sTok600"/>
		<!--the-->
		<mark id="sSpan1121" xlink:href="#sTok600"/>
		<!--same-->
		<mark id="sSpan1122" xlink:href="#sTok601"/>
		<!--university-->
		<mark id="sSpan1123" xlink:href="#sTok602"/>
		<!--I-->
		<mark id="sSpan1124" xlink:href="#sTok605"/>
		<!--I-->
		<mark id="sSpan1125" xlink:href="#sTok605"/>
		<!--I-->
		<mark id="sSpan1126" xlink:href="#sTok605"/>
		<!--I-->
		<mark id="sSpan1127" xlink:href="#sTok605"/>
		<!--attend-->
		<mark id="sSpan1128" xlink:href="#sTok606"/>
		<!--attend-->
		<mark id="sSpan1129" xlink:href="#sTok606"/>
		<!--attend-->
		<mark id="sSpan1130" xlink:href="#sTok606"/>
		<!--attend-->
		<mark id="sSpan1131" xlink:href="#sTok606"/>
		<!--attend-->
		<mark id="sSpan1132" xlink:href="#sTok606"/>
		<!--the-->
		<mark id="sSpan1133" xlink:href="#sTok607"/>
		<!--the-->
		<mark id="sSpan1134" xlink:href="#sTok607"/>
		<!--School-->
		<mark id="sSpan1135" xlink:href="#sTok608"/>
		<!--Economics-->
		<mark id="sSpan1136" xlink:href="#sTok610"/>
		<!--my-->
		<mark id="sSpan1137" xlink:href="#sTok612"/>
		<!--my-->
		<mark id="sSpan1138" xlink:href="#sTok612"/>
		<!--my-->
		<mark id="sSpan1139" xlink:href="#sTok612"/>
		<!--my-->
		<mark id="sSpan1140" xlink:href="#sTok612"/>
		<!--my-->
		<mark id="sSpan1141" xlink:href="#sTok612"/>
		<!--brother-->
		<mark id="sSpan1142" xlink:href="#sTok613"/>
		<!--is-->
		<mark id="sSpan1143" xlink:href="#sTok614"/>
		<!--is-->
		<mark id="sSpan1144" xlink:href="#sTok614"/>
		<!--is-->
		<mark id="sSpan1145" xlink:href="#sTok614"/>
		<!--is-->
		<mark id="sSpan1146" xlink:href="#sTok614"/>
		<!--is-->
		<mark id="sSpan1147" xlink:href="#sTok614"/>
		<!--the-->
		<mark id="sSpan1148" xlink:href="#sTok616"/>
		<!--the-->
		<mark id="sSpan1149" xlink:href="#sTok616"/>
		<!--School-->
		<mark id="sSpan1150" xlink:href="#sTok617"/>
		<!--Music-->
		<mark id="sSpan1151" xlink:href="#sTok619"/>
		<!--An-->
		<mark id="sSpan1152" xlink:href="#sTok621"/>
		<!--An-->
		<mark id="sSpan1153" xlink:href="#sTok621"/>
		<!--art-->
		<mark id="sSpan1154" xlink:href="#sTok622"/>
		<!--movement-->
		<mark id="sSpan1155" xlink:href="#sTok623"/>
		<!--a-->
		<mark id="sSpan1156" xlink:href="#sTok625"/>
		<!--a-->
		<mark id="sSpan1157" xlink:href="#sTok625"/>
		<!--community-->
		<mark id="sSpan1158" xlink:href="#sTok626"/>
		<!--artists-->
		<mark id="sSpan1159" xlink:href="#sTok628"/>
		<!--The-->
		<mark id="sSpan1160" xlink:href="#sTok630"/>
		<!--The-->
		<mark id="sSpan1161" xlink:href="#sTok630"/>
		<!--Barbizon-->
		<mark id="sSpan1162" xlink:href="#sTok631"/>
		<!--school-->
		<mark id="sSpan1163" xlink:href="#sTok632"/>
		<!--painters-->
		<mark id="sSpan1164" xlink:href="#sTok634"/>
		<!--were-->
		<mark id="sSpan1165" xlink:href="#sTok635"/>
		<!--were-->
		<mark id="sSpan1166" xlink:href="#sTok635"/>
		<!--were-->
		<mark id="sSpan1167" xlink:href="#sTok635"/>
		<!--were-->
		<mark id="sSpan1168" xlink:href="#sTok635"/>
		<!--were-->
		<mark id="sSpan1169" xlink:href="#sTok635"/>
		<!--part-->
		<mark id="sSpan1170" xlink:href="#sTok636"/>
		<!--an-->
		<mark id="sSpan1171" xlink:href="#sTok638"/>
		<!--an-->
		<mark id="sSpan1172" xlink:href="#sTok638"/>
		<!--art-->
		<mark id="sSpan1173" xlink:href="#sTok639"/>
		<!--movement-->
		<mark id="sSpan1174" xlink:href="#sTok640"/>
		<!--Realism-->
		<mark id="sSpan1175" xlink:href="#sTok642"/>
		<!--art-->
		<mark id="sSpan1176" xlink:href="#sTok644"/>
		<!--which-->
		<mark id="sSpan1177" xlink:href="#sTok646"/>
		<!--arose-->
		<mark id="sSpan1178" xlink:href="#sTok647"/>
		<!--arose-->
		<mark id="sSpan1179" xlink:href="#sTok647"/>
		<!--arose-->
		<mark id="sSpan1180" xlink:href="#sTok647"/>
		<!--arose-->
		<mark id="sSpan1181" xlink:href="#sTok647"/>
		<!--arose-->
		<mark id="sSpan1182" xlink:href="#sTok647"/>
		<!--the-->
		<mark id="sSpan1183" xlink:href="#sTok649"/>
		<!--the-->
		<mark id="sSpan1184" xlink:href="#sTok649"/>
		<!--context-->
		<mark id="sSpan1185" xlink:href="#sTok650"/>
		<!--the-->
		<mark id="sSpan1186" xlink:href="#sTok652"/>
		<!--the-->
		<mark id="sSpan1187" xlink:href="#sTok652"/>
		<!--dominant-->
		<mark id="sSpan1188" xlink:href="#sTok653"/>
		<!--Romantic-->
		<mark id="sSpan1189" xlink:href="#sTok654"/>
		<!--Movement-->
		<mark id="sSpan1190" xlink:href="#sTok655"/>
		<!--the-->
		<mark id="sSpan1191" xlink:href="#sTok657"/>
		<!--the-->
		<mark id="sSpan1192" xlink:href="#sTok657"/>
		<!--time-->
		<mark id="sSpan1193" xlink:href="#sTok658"/>
		<!--considered-->
		<mark id="sSpan1194" xlink:href="#sTok661"/>
		<!--considered-->
		<mark id="sSpan1195" xlink:href="#sTok661"/>
		<!--considered-->
		<mark id="sSpan1196" xlink:href="#sTok661"/>
		<!--collectively-->
		<mark id="sSpan1197" xlink:href="#sTok662"/>
		<!--The-->
		<mark id="sSpan1198" xlink:href="#sTok664"/>
		<!--The-->
		<mark id="sSpan1199" xlink:href="#sTok664"/>
		<!--followers-->
		<mark id="sSpan1200" xlink:href="#sTok665"/>
		<!--a-->
		<mark id="sSpan1201" xlink:href="#sTok667"/>
		<!--a-->
		<mark id="sSpan1202" xlink:href="#sTok667"/>
		<!--particular-->
		<mark id="sSpan1203" xlink:href="#sTok668"/>
		<!--doctrine-->
		<mark id="sSpan1204" xlink:href="#sTok669"/>
		<!--a-->
		<mark id="sSpan1205" xlink:href="#sTok671"/>
		<!--a-->
		<mark id="sSpan1206" xlink:href="#sTok671"/>
		<!--particular-->
		<mark id="sSpan1207" xlink:href="#sTok672"/>
		<!--way-->
		<mark id="sSpan1208" xlink:href="#sTok673"/>
		<!--thinking-->
		<mark id="sSpan1209" xlink:href="#sTok675"/>
		<!--thinking-->
		<mark id="sSpan1210" xlink:href="#sTok675"/>
		<!--particular-->
		<mark id="sSpan1211" xlink:href="#sTok677"/>
		<!--doctrine-->
		<mark id="sSpan1212" xlink:href="#sTok678"/>
		<!--a-->
		<mark id="sSpan1213" xlink:href="#sTok680"/>
		<!--a-->
		<mark id="sSpan1214" xlink:href="#sTok680"/>
		<!--school-->
		<mark id="sSpan1215" xlink:href="#sTok681"/>
		<!--thought-->
		<mark id="sSpan1216" xlink:href="#sTok683"/>
		<!--These-->
		<mark id="sSpan1217" xlink:href="#sTok685"/>
		<!--These-->
		<mark id="sSpan1218" xlink:href="#sTok685"/>
		<!--economists-->
		<mark id="sSpan1219" xlink:href="#sTok686"/>
		<!--belong-->
		<mark id="sSpan1220" xlink:href="#sTok687"/>
		<!--belong-->
		<mark id="sSpan1221" xlink:href="#sTok687"/>
		<!--belong-->
		<mark id="sSpan1222" xlink:href="#sTok687"/>
		<!--belong-->
		<mark id="sSpan1223" xlink:href="#sTok687"/>
		<!--belong-->
		<mark id="sSpan1224" xlink:href="#sTok687"/>
		<!--the-->
		<mark id="sSpan1225" xlink:href="#sTok689"/>
		<!--the-->
		<mark id="sSpan1226" xlink:href="#sTok689"/>
		<!--monetarist-->
		<mark id="sSpan1227" xlink:href="#sTok690"/>
		<!--school-->
		<mark id="sSpan1228" xlink:href="#sTok691"/>
		<!--The-->
		<mark id="sSpan1229" xlink:href="#sTok693"/>
		<!--The-->
		<mark id="sSpan1230" xlink:href="#sTok693"/>
		<!--time-->
		<mark id="sSpan1231" xlink:href="#sTok694"/>
		<!--which-->
		<mark id="sSpan1232" xlink:href="#sTok696"/>
		<!--classes-->
		<mark id="sSpan1233" xlink:href="#sTok697"/>
		<!--are-->
		<mark id="sSpan1234" xlink:href="#sTok698"/>
		<!--are-->
		<mark id="sSpan1235" xlink:href="#sTok698"/>
		<!--are-->
		<mark id="sSpan1236" xlink:href="#sTok698"/>
		<!--are-->
		<mark id="sSpan1237" xlink:href="#sTok698"/>
		<!--are-->
		<mark id="sSpan1238" xlink:href="#sTok698"/>
		<!--attended-->
		<mark id="sSpan1239" xlink:href="#sTok699"/>
		<!--attended-->
		<mark id="sSpan1240" xlink:href="#sTok699"/>
		<!--attended-->
		<mark id="sSpan1241" xlink:href="#sTok699"/>
		<!--session-->
		<mark id="sSpan1242" xlink:href="#sTok702"/>
		<!--an-->
		<mark id="sSpan1243" xlink:href="#sTok704"/>
		<!--an-->
		<mark id="sSpan1244" xlink:href="#sTok704"/>
		<!--educational-->
		<mark id="sSpan1245" xlink:href="#sTok705"/>
		<!--institution-->
		<mark id="sSpan1246" xlink:href="#sTok706"/>
		<!--I-->
		<mark id="sSpan1247" xlink:href="#sTok708"/>
		<!--I-->
		<mark id="sSpan1248" xlink:href="#sTok708"/>
		<!--I-->
		<mark id="sSpan1249" xlink:href="#sTok708"/>
		<!--I-->
		<mark id="sSpan1250" xlink:href="#sTok708"/>
		<!--'ll-->
		<mark id="sSpan1251" xlink:href="#sTok709"/>
		<!--see-->
		<mark id="sSpan1252" xlink:href="#sTok710"/>
		<!--you-->
		<mark id="sSpan1253" xlink:href="#sTok711"/>
		<!--you-->
		<mark id="sSpan1254" xlink:href="#sTok711"/>
		<!--you-->
		<mark id="sSpan1255" xlink:href="#sTok711"/>
		<!--you-->
		<mark id="sSpan1256" xlink:href="#sTok711"/>
		<!--school-->
		<mark id="sSpan1257" xlink:href="#sTok713"/>
		<!--The-->
		<mark id="sSpan1258" xlink:href="#sTok715"/>
		<!--The-->
		<mark id="sSpan1259" xlink:href="#sTok715"/>
		<!--room-->
		<mark id="sSpan1260" xlink:href="#sTok716"/>
		<!--hall-->
		<mark id="sSpan1261" xlink:href="#sTok718"/>
		<!--English-->
		<mark id="sSpan1262" xlink:href="#sTok720"/>
		<!--universities-->
		<mark id="sSpan1263" xlink:href="#sTok721"/>
		<!--where-->
		<mark id="sSpan1264" xlink:href="#sTok722"/>
		<!--the-->
		<mark id="sSpan1265" xlink:href="#sTok723"/>
		<!--the-->
		<mark id="sSpan1266" xlink:href="#sTok723"/>
		<!--examinations-->
		<mark id="sSpan1267" xlink:href="#sTok724"/>
		<!--degrees-->
		<mark id="sSpan1268" xlink:href="#sTok726"/>
		<!--honours-->
		<mark id="sSpan1269" xlink:href="#sTok728"/>
		<!--are-->
		<mark id="sSpan1270" xlink:href="#sTok729"/>
		<!--are-->
		<mark id="sSpan1271" xlink:href="#sTok729"/>
		<!--are-->
		<mark id="sSpan1272" xlink:href="#sTok729"/>
		<!--are-->
		<mark id="sSpan1273" xlink:href="#sTok729"/>
		<!--are-->
		<mark id="sSpan1274" xlink:href="#sTok729"/>
		<!--held-->
		<mark id="sSpan1275" xlink:href="#sTok730"/>
		<!--held-->
		<mark id="sSpan1276" xlink:href="#sTok730"/>
		<!--held-->
		<mark id="sSpan1277" xlink:href="#sTok730"/>
		<!--The-->
		<mark id="sSpan1278" xlink:href="#sTok732"/>
		<!--The-->
		<mark id="sSpan1279" xlink:href="#sTok732"/>
		<!--canons-->
		<mark id="sSpan1280" xlink:href="#sTok733"/>
		<!--precepts-->
		<mark id="sSpan1281" xlink:href="#sTok735"/>
		<!--body-->
		<mark id="sSpan1282" xlink:href="#sTok738"/>
		<!--opinion-->
		<mark id="sSpan1283" xlink:href="#sTok740"/>
		<!--practice-->
		<mark id="sSpan1284" xlink:href="#sTok742"/>
		<!--sanctioned-->
		<mark id="sSpan1285" xlink:href="#sTok744"/>
		<!--sanctioned-->
		<mark id="sSpan1286" xlink:href="#sTok744"/>
		<!--sanctioned-->
		<mark id="sSpan1287" xlink:href="#sTok744"/>
		<!--the-->
		<mark id="sSpan1288" xlink:href="#sTok746"/>
		<!--the-->
		<mark id="sSpan1289" xlink:href="#sTok746"/>
		<!--authority-->
		<mark id="sSpan1290" xlink:href="#sTok747"/>
		<!--a-->
		<mark id="sSpan1291" xlink:href="#sTok749"/>
		<!--a-->
		<mark id="sSpan1292" xlink:href="#sTok749"/>
		<!--particular-->
		<mark id="sSpan1293" xlink:href="#sTok750"/>
		<!--class-->
		<mark id="sSpan1294" xlink:href="#sTok751"/>
		<!--age-->
		<mark id="sSpan1295" xlink:href="#sTok753"/>
		<!--He-->
		<mark id="sSpan1296" xlink:href="#sTok755"/>
		<!--He-->
		<mark id="sSpan1297" xlink:href="#sTok755"/>
		<!--He-->
		<mark id="sSpan1298" xlink:href="#sTok755"/>
		<!--He-->
		<mark id="sSpan1299" xlink:href="#sTok755"/>
		<!--He-->
		<mark id="sSpan1300" xlink:href="#sTok755"/>
		<!--was-->
		<mark id="sSpan1301" xlink:href="#sTok756"/>
		<!--was-->
		<mark id="sSpan1302" xlink:href="#sTok756"/>
		<!--was-->
		<mark id="sSpan1303" xlink:href="#sTok756"/>
		<!--was-->
		<mark id="sSpan1304" xlink:href="#sTok756"/>
		<!--was-->
		<mark id="sSpan1305" xlink:href="#sTok756"/>
		<!--a-->
		<mark id="sSpan1306" xlink:href="#sTok757"/>
		<!--a-->
		<mark id="sSpan1307" xlink:href="#sTok757"/>
		<!--gentleman-->
		<mark id="sSpan1308" xlink:href="#sTok758"/>
		<!--the-->
		<mark id="sSpan1309" xlink:href="#sTok760"/>
		<!--the-->
		<mark id="sSpan1310" xlink:href="#sTok760"/>
		<!--old-->
		<mark id="sSpan1311" xlink:href="#sTok761"/>
		<!--school-->
		<mark id="sSpan1312" xlink:href="#sTok762"/>
		<!--An-->
		<mark id="sSpan1313" xlink:href="#sTok764"/>
		<!--An-->
		<mark id="sSpan1314" xlink:href="#sTok764"/>
		<!--establishment-->
		<mark id="sSpan1315" xlink:href="#sTok765"/>
		<!--offering-->
		<mark id="sSpan1316" xlink:href="#sTok766"/>
		<!--specialized-->
		<mark id="sSpan1317" xlink:href="#sTok767"/>
		<!--instruction-->
		<mark id="sSpan1318" xlink:href="#sTok768"/>
		<!--as-->
		<mark id="sSpan1319" xlink:href="#sTok770"/>
		<!--driving-->
		<mark id="sSpan1320" xlink:href="#sTok772"/>
		<!--driving-->
		<mark id="sSpan1321" xlink:href="#sTok772"/>
		<!--cooking-->
		<mark id="sSpan1322" xlink:href="#sTok774"/>
		<!--cooking-->
		<mark id="sSpan1323" xlink:href="#sTok774"/>
		<!--typing-->
		<mark id="sSpan1324" xlink:href="#sTok776"/>
		<!--typing-->
		<mark id="sSpan1325" xlink:href="#sTok776"/>
		<!--coding-->
		<mark id="sSpan1326" xlink:href="#sTok778"/>
		<!--coding-->
		<mark id="sSpan1327" xlink:href="#sTok778"/>
		<!--etc.-->
		<mark id="sSpan1328" xlink:href="#sTok780"/>
		<!--etc.-->
		<mark id="sSpan1329" xlink:href="#sTok780"/>
		<!--Synonyms-->
		<mark id="sSpan1330" xlink:href="#sTok781"/>
		<!--institution-->
		<mark id="sSpan1331" xlink:href="#sTok783"/>
		<!--dedicated-->
		<mark id="sSpan1332" xlink:href="#sTok784"/>
		<!--dedicated-->
		<mark id="sSpan1333" xlink:href="#sTok784"/>
		<!--dedicated-->
		<mark id="sSpan1334" xlink:href="#sTok784"/>
		<!--teaching-->
		<mark id="sSpan1335" xlink:href="#sTok786"/>
		<!--learning-->
		<mark id="sSpan1336" xlink:href="#sTok788"/>
		<!--academy-->
		<mark id="sSpan1337" xlink:href="#sTok791"/>
		<!--college-->
		<mark id="sSpan1338" xlink:href="#sTok793"/>
		<!--university-->
		<mark id="sSpan1339" xlink:href="#sTok795"/>
		<!--organizational-->
		<mark id="sSpan1340" xlink:href="#sTok797"/>
		<!--unity-->
		<mark id="sSpan1341" xlink:href="#sTok798"/>
		<!--an-->
		<mark id="sSpan1342" xlink:href="#sTok800"/>
		<!--an-->
		<mark id="sSpan1343" xlink:href="#sTok800"/>
		<!--educational-->
		<mark id="sSpan1344" xlink:href="#sTok801"/>
		<!--institution-->
		<mark id="sSpan1345" xlink:href="#sTok802"/>
		<!--college-->
		<mark id="sSpan1346" xlink:href="#sTok805"/>
		<!--department-->
		<mark id="sSpan1347" xlink:href="#sTok807"/>
		<!--faculty-->
		<mark id="sSpan1348" xlink:href="#sTok809"/>
		<!--institute-->
		<mark id="sSpan1349" xlink:href="#sTok811"/>
		<!--Hyponyms-->
		<mark id="sSpan1350" xlink:href="#sTok812"/>
		<!--See-->
		<mark id="sSpan1351" xlink:href="#sTok813"/>
		<!--See-->
		<mark id="sSpan1352" xlink:href="#sTok813"/>
		<!--See-->
		<mark id="sSpan1353" xlink:href="#sTok813"/>
		<!--Thesaurus-->
		<mark id="sSpan1354" xlink:href="#sTok815"/>
		<!--school-->
		<mark id="sSpan1355" xlink:href="#sTok817"/>
		<!--Coordinate-->
		<mark id="sSpan1356" xlink:href="#sTok818"/>
		<!--terms-->
		<mark id="sSpan1357" xlink:href="#sTok819"/>
		<!--institution-->
		<mark id="sSpan1358" xlink:href="#sTok821"/>
		<!--providing-->
		<mark id="sSpan1359" xlink:href="#sTok822"/>
		<!--primary-->
		<mark id="sSpan1360" xlink:href="#sTok823"/>
		<!--secondary-->
		<mark id="sSpan1361" xlink:href="#sTok825"/>
		<!--education-->
		<mark id="sSpan1362" xlink:href="#sTok826"/>
		<!--nursery-->
		<mark id="sSpan1363" xlink:href="#sTok829"/>
		<!--school-->
		<mark id="sSpan1364" xlink:href="#sTok830"/>
		<!--kindergarten-->
		<mark id="sSpan1365" xlink:href="#sTok832"/>
		<!--college-->
		<mark id="sSpan1366" xlink:href="#sTok834"/>
		<!--polytechnic-->
		<mark id="sSpan1367" xlink:href="#sTok836"/>
		<!--university-->
		<mark id="sSpan1368" xlink:href="#sTok838"/>
		<!--Verb-->
		<mark id="sSpan1369" xlink:href="#sTok839"/>
		<!--school-->
		<mark id="sSpan1370" xlink:href="#sTok840"/>
		<!--third-->
		<mark id="sSpan1371" xlink:href="#sTok842"/>
		<!--third-->
		<mark id="sSpan1372" xlink:href="#sTok842"/>
		<!--third-->
		<mark id="sSpan1373" xlink:href="#sTok842"/>
		<!--person-->
		<mark id="sSpan1374" xlink:href="#sTok844"/>
		<!--singular-->
		<mark id="sSpan1375" xlink:href="#sTok845"/>
		<!--simple-->
		<mark id="sSpan1376" xlink:href="#sTok846"/>
		<!--present-->
		<mark id="sSpan1377" xlink:href="#sTok847"/>
		<!--schools-->
		<mark id="sSpan1378" xlink:href="#sTok848"/>
		<!--present-->
		<mark id="sSpan1379" xlink:href="#sTok850"/>
		<!--participle-->
		<mark id="sSpan1380" xlink:href="#sTok851"/>
		<!--schooling-->
		<mark id="sSpan1381" xlink:href="#sTok852"/>
		<!--schooling-->
		<mark id="sSpan1382" xlink:href="#sTok852"/>
		<!--simple-->
		<mark id="sSpan1383" xlink:href="#sTok854"/>
		<!--past-->
		<mark id="sSpan1384" xlink:href="#sTok855"/>
		<!--past-->
		<mark id="sSpan1385" xlink:href="#sTok857"/>
		<!--participle-->
		<mark id="sSpan1386" xlink:href="#sTok858"/>
		<!--schooled-->
		<mark id="sSpan1387" xlink:href="#sTok859"/>
		<!--schooled-->
		<mark id="sSpan1388" xlink:href="#sTok859"/>
		<!--schooled-->
		<mark id="sSpan1389" xlink:href="#sTok859"/>
		<!--schooled-->
		<mark id="sSpan1390" xlink:href="#sTok859"/>
		<!--schooled-->
		<mark id="sSpan1391" xlink:href="#sTok859"/>
		<!--transitive-->
		<mark id="sSpan1392" xlink:href="#sTok862"/>
		<!--educate-->
		<mark id="sSpan1393" xlink:href="#sTok865"/>
		<!--teach-->
		<mark id="sSpan1394" xlink:href="#sTok867"/>
		<!--train-->
		<mark id="sSpan1395" xlink:href="#sTok870"/>
		<!--often-->
		<mark id="sSpan1396" xlink:href="#sTok872"/>
		<!--not-->
		<mark id="sSpan1397" xlink:href="#sTok875"/>
		<!--necessarily-->
		<mark id="sSpan1398" xlink:href="#sTok876"/>
		<!--a-->
		<mark id="sSpan1399" xlink:href="#sTok879"/>
		<!--a-->
		<mark id="sSpan1400" xlink:href="#sTok879"/>
		<!--school-->
		<mark id="sSpan1401" xlink:href="#sTok880"/>
		<!--Many-->
		<mark id="sSpan1402" xlink:href="#sTok883"/>
		<!--future-->
		<mark id="sSpan1403" xlink:href="#sTok884"/>
		<!--prime-->
		<mark id="sSpan1404" xlink:href="#sTok885"/>
		<!--ministers-->
		<mark id="sSpan1405" xlink:href="#sTok886"/>
		<!--were-->
		<mark id="sSpan1406" xlink:href="#sTok887"/>
		<!--were-->
		<mark id="sSpan1407" xlink:href="#sTok887"/>
		<!--were-->
		<mark id="sSpan1408" xlink:href="#sTok887"/>
		<!--were-->
		<mark id="sSpan1409" xlink:href="#sTok887"/>
		<!--were-->
		<mark id="sSpan1410" xlink:href="#sTok887"/>
		<!--schooled-->
		<mark id="sSpan1411" xlink:href="#sTok888"/>
		<!--schooled-->
		<mark id="sSpan1412" xlink:href="#sTok888"/>
		<!--schooled-->
		<mark id="sSpan1413" xlink:href="#sTok888"/>
		<!--Eton-->
		<mark id="sSpan1414" xlink:href="#sTok890"/>
		<!--transitive-->
		<mark id="sSpan1415" xlink:href="#sTok893"/>
		<!--defeat-->
		<mark id="sSpan1416" xlink:href="#sTok896"/>
		<!--emphatically-->
		<mark id="sSpan1417" xlink:href="#sTok897"/>
		<!--teach-->
		<mark id="sSpan1418" xlink:href="#sTok900"/>
		<!--an-->
		<mark id="sSpan1419" xlink:href="#sTok901"/>
		<!--an-->
		<mark id="sSpan1420" xlink:href="#sTok901"/>
		<!--opponent-->
		<mark id="sSpan1421" xlink:href="#sTok902"/>
		<!--a-->
		<mark id="sSpan1422" xlink:href="#sTok903"/>
		<!--a-->
		<mark id="sSpan1423" xlink:href="#sTok903"/>
		<!--harsh-->
		<mark id="sSpan1424" xlink:href="#sTok904"/>
		<!--lesson-->
		<mark id="sSpan1425" xlink:href="#sTok905"/>
		<!--transitive-->
		<mark id="sSpan1426" xlink:href="#sTok908"/>
		<!--control-->
		<mark id="sSpan1427" xlink:href="#sTok911"/>
		<!--compose-->
		<mark id="sSpan1428" xlink:href="#sTok914"/>
		<!--one-->
		<mark id="sSpan1429" xlink:href="#sTok916"/>
		<!--one-->
		<mark id="sSpan1430" xlink:href="#sTok916"/>
		<!--one-->
		<mark id="sSpan1431" xlink:href="#sTok916"/>
		<!--expression-->
		<mark id="sSpan1432" xlink:href="#sTok918"/>
		<!--She-->
		<mark id="sSpan1433" xlink:href="#sTok920"/>
		<!--She-->
		<mark id="sSpan1434" xlink:href="#sTok920"/>
		<!--She-->
		<mark id="sSpan1435" xlink:href="#sTok920"/>
		<!--She-->
		<mark id="sSpan1436" xlink:href="#sTok920"/>
		<!--She-->
		<mark id="sSpan1437" xlink:href="#sTok920"/>
		<!--took-->
		<mark id="sSpan1438" xlink:href="#sTok921"/>
		<!--took-->
		<mark id="sSpan1439" xlink:href="#sTok921"/>
		<!--took-->
		<mark id="sSpan1440" xlink:href="#sTok921"/>
		<!--took-->
		<mark id="sSpan1441" xlink:href="#sTok921"/>
		<!--took-->
		<mark id="sSpan1442" xlink:href="#sTok921"/>
		<!--care-->
		<mark id="sSpan1443" xlink:href="#sTok922"/>
		<!--school-->
		<mark id="sSpan1444" xlink:href="#sTok924"/>
		<!--her-->
		<mark id="sSpan1445" xlink:href="#sTok925"/>
		<!--her-->
		<mark id="sSpan1446" xlink:href="#sTok925"/>
		<!--her-->
		<mark id="sSpan1447" xlink:href="#sTok925"/>
		<!--her-->
		<mark id="sSpan1448" xlink:href="#sTok925"/>
		<!--her-->
		<mark id="sSpan1449" xlink:href="#sTok925"/>
		<!--her-->
		<mark id="sSpan1450" xlink:href="#sTok925"/>
		<!--expression-->
		<mark id="sSpan1451" xlink:href="#sTok926"/>
		<!--not-->
		<mark id="sSpan1452" xlink:href="#sTok928"/>
		<!--giving-->
		<mark id="sSpan1453" xlink:href="#sTok929"/>
		<!--giving-->
		<mark id="sSpan1454" xlink:href="#sTok929"/>
		<!--any-->
		<mark id="sSpan1455" xlink:href="#sTok931"/>
		<!--her-->
		<mark id="sSpan1456" xlink:href="#sTok933"/>
		<!--her-->
		<mark id="sSpan1457" xlink:href="#sTok933"/>
		<!--her-->
		<mark id="sSpan1458" xlink:href="#sTok933"/>
		<!--her-->
		<mark id="sSpan1459" xlink:href="#sTok933"/>
		<!--her-->
		<mark id="sSpan1460" xlink:href="#sTok933"/>
		<!--her-->
		<mark id="sSpan1461" xlink:href="#sTok933"/>
		<!--feelings-->
		<mark id="sSpan1462" xlink:href="#sTok934"/></markList></paula>