<?xml version='1.0' encoding='UTF-8'?><!DOCTYPE paula SYSTEM "paula_feat.dtd">
<paula version="1.1">
	<header paula_id="ref.GENTLE_dictionary_school.mark_salience"/>
	<featList xmlns:xlink="http://www.w3.org/1999/xlink" type="salience" xml:base="ref.GENTLE_dictionary_school.mark.xml">
		<feat xlink:href="#sSpan162" value="sssss"/>
		<feat xlink:href="#sSpan163" value="nnnnn"/>
		<feat xlink:href="#sSpan164" value="sssns"/>
		<feat xlink:href="#sSpan165" value="nnnnn"/>
		<feat xlink:href="#sSpan166" value="sssnn"/>
		<feat xlink:href="#sSpan167" value="nnnnn"/>
		<feat xlink:href="#sSpan168" value="nnnnn"/>
		<feat xlink:href="#sSpan169" value="sssnn"/>
		<feat xlink:href="#sSpan170" value="nnnnn"/>
		<feat xlink:href="#sSpan171" value="nnnnn"/>
		<feat xlink:href="#sSpan172" value="nnnnn"/>
		<feat xlink:href="#sSpan173" value="nnnnn"/>
		<feat xlink:href="#sSpan174" value="sssss"/>
		<feat xlink:href="#sSpan175" value="snnnn"/>
		<feat xlink:href="#sSpan176" value="ssnns"/>
		<feat xlink:href="#sSpan177" value="nnnnn"/>
		<feat xlink:href="#sSpan178" value="ssnnn"/>
		<feat xlink:href="#sSpan179" value="nnnnn"/>
		<feat xlink:href="#sSpan180" value="nsnnn"/>
		<feat xlink:href="#sSpan181" value="nnnnn"/>
		<feat xlink:href="#sSpan182" value="ssssn"/>
		<feat xlink:href="#sSpan183" value="nnnnn"/>
		<feat xlink:href="#sSpan184" value="nnnnn"/>
		<feat xlink:href="#sSpan185" value="nnnnn"/>
		<feat xlink:href="#sSpan186" value="nsnnn"/>
		<feat xlink:href="#sSpan187" value="nnnnn"/>
		<feat xlink:href="#sSpan188" value="nnnnn"/>
		<feat xlink:href="#sSpan189" value="nnnnn"/>
		<feat xlink:href="#sSpan190" value="nnnnn"/>
		<feat xlink:href="#sSpan191" value="nnnnn"/>
		<feat xlink:href="#sSpan192" value="nnnnn"/>
		<feat xlink:href="#sSpan193" value="nnnnn"/>
		<feat xlink:href="#sSpan194" value="nsnnn"/>
		<feat xlink:href="#sSpan195" value="snnnn"/>
		<feat xlink:href="#sSpan196" value="snnnn"/>
		<feat xlink:href="#sSpan197" value="nnsnn"/>
		<feat xlink:href="#sSpan198" value="nnsnn"/>
		<feat xlink:href="#sSpan199" value="nnnnn"/>
		<feat xlink:href="#sSpan200" value="nnnnn"/>
		<feat xlink:href="#sSpan201" value="nnsnn"/>
		<feat xlink:href="#sSpan202" value="nnnnn"/>
		<feat xlink:href="#sSpan203" value="nnnnn"/>
		<feat xlink:href="#sSpan204" value="nnnnn"/>
		<feat xlink:href="#sSpan205" value="nnnnn"/>
		<feat xlink:href="#sSpan206" value="nnnnn"/>
		<feat xlink:href="#sSpan207" value="nnnnn"/>
		<feat xlink:href="#sSpan208" value="nnnnn"/>
		<feat xlink:href="#sSpan209" value="nnnnn"/>
		<feat xlink:href="#sSpan210" value="nnnnn"/>
		<feat xlink:href="#sSpan211" value="nnnnn"/>
		<feat xlink:href="#sSpan212" value="nsnnn"/>
		<feat xlink:href="#sSpan213" value="ssssn"/>
		<feat xlink:href="#sSpan214" value="nnnnn"/>
		<feat xlink:href="#sSpan215" value="sssnn"/>
		<feat xlink:href="#sSpan216" value="ssssn"/>
		<feat xlink:href="#sSpan217" value="nnnnn"/>
		<feat xlink:href="#sSpan218" value="nnnnn"/>
		<feat xlink:href="#sSpan219" value="nnnnn"/>
		<feat xlink:href="#sSpan220" value="snsnn"/>
		<feat xlink:href="#sSpan221" value="ssssn"/>
		<feat xlink:href="#sSpan222" value="nnnnn"/>
		<feat xlink:href="#sSpan223" value="nnnns"/>
		<feat xlink:href="#sSpan224" value="nnnnn"/>
		<feat xlink:href="#sSpan225" value="nnnnn"/>
		<feat xlink:href="#sSpan226" value="nnnns"/>
		<feat xlink:href="#sSpan227" value="ssssn"/>
		<feat xlink:href="#sSpan228" value="nnnnn"/>
		<feat xlink:href="#sSpan229" value="nnnnn"/>
		<feat xlink:href="#sSpan230" value="nnnnn"/>
		<feat xlink:href="#sSpan231" value="nnnnn"/>
		<feat xlink:href="#sSpan232" value="nnnnn"/>
		<feat xlink:href="#sSpan233" value="nnnnn"/>
		<feat xlink:href="#sSpan234" value="nnnnn"/>
		<feat xlink:href="#sSpan235" value="nnnnn"/>
		<feat xlink:href="#sSpan236" value="nnnnn"/>
		<feat xlink:href="#sSpan237" value="nsnnn"/>
		<feat xlink:href="#sSpan238" value="nnnns"/>
		<feat xlink:href="#sSpan239" value="nnnnn"/>
		<feat xlink:href="#sSpan240" value="ssssn"/>
		<feat xlink:href="#sSpan241" value="ssnnn"/>
		<feat xlink:href="#sSpan242" value="ssnnn"/>
		<feat xlink:href="#sSpan243" value="nnnnn"/>
		<feat xlink:href="#sSpan244" value="nnnnn"/>
		<feat xlink:href="#sSpan245" value="nnnnn"/>
		<feat xlink:href="#sSpan246" value="nnnnn"/>
		<feat xlink:href="#sSpan247" value="nnnnn"/>
		<feat xlink:href="#sSpan248" value="nnnnn"/>
		<feat xlink:href="#sSpan249" value="nnnnn"/>
		<feat xlink:href="#sSpan250" value="ssssn"/>
		<feat xlink:href="#sSpan251" value="ssssn"/>
		<feat xlink:href="#sSpan252" value="snnnn"/>
		<feat xlink:href="#sSpan253" value="nnnnn"/>
		<feat xlink:href="#sSpan254" value="ssnns"/>
		<feat xlink:href="#sSpan255" value="nnnnn"/>
		<feat xlink:href="#sSpan256" value="nnnnn"/>
		<feat xlink:href="#sSpan257" value="nsnsn"/>
		<feat xlink:href="#sSpan258" value="nnnns"/>
		<feat xlink:href="#sSpan259" value="snnnn"/>
		<feat xlink:href="#sSpan260" value="snnnn"/>
		<feat xlink:href="#sSpan261" value="nsssn"/>
		<feat xlink:href="#sSpan262" value="snnnn"/>
		<feat xlink:href="#sSpan263" value="snnnn"/>
		<feat xlink:href="#sSpan264" value="nnnnn"/>
		<feat xlink:href="#sSpan265" value="nnnnn"/>
		<feat xlink:href="#sSpan266" value="nnnnn"/>
		<feat xlink:href="#sSpan267" value="nnnnn"/>
		<feat xlink:href="#sSpan268" value="nsssn"/>
		<feat xlink:href="#sSpan269" value="snsnn"/>
		<feat xlink:href="#sSpan270" value="snnnn"/>
		<feat xlink:href="#sSpan271" value="nnnnn"/>
		<feat xlink:href="#sSpan272" value="nnnnn"/>
		<feat xlink:href="#sSpan273" value="nnnnn"/>
		<feat xlink:href="#sSpan274" value="nnnnn"/>
		<feat xlink:href="#sSpan275" value="nnsnn"/>
		<feat xlink:href="#sSpan276" value="nnnnn"/>
		<feat xlink:href="#sSpan277" value="nnnnn"/>
		<feat xlink:href="#sSpan278" value="nnnnn"/>
		<feat xlink:href="#sSpan279" value="nnnnn"/>
		<feat xlink:href="#sSpan280" value="nnnnn"/>
		<feat xlink:href="#sSpan281" value="nnnnn"/>
		<feat xlink:href="#sSpan282" value="nnnnn"/>
		<feat xlink:href="#sSpan283" value="nnnnn"/>
		<feat xlink:href="#sSpan284" value="nnnnn"/>
		<feat xlink:href="#sSpan285" value="nnnnn"/>
		<feat xlink:href="#sSpan286" value="nnnnn"/>
		<feat xlink:href="#sSpan287" value="nnnnn"/>
		<feat xlink:href="#sSpan288" value="nnnnn"/>
		<feat xlink:href="#sSpan289" value="nnnnn"/>
		<feat xlink:href="#sSpan290" value="nsssn"/>
		<feat xlink:href="#sSpan291" value="nnnnn"/>
		<feat xlink:href="#sSpan292" value="nnnnn"/>
		<feat xlink:href="#sSpan293" value="nnnnn"/>
		<feat xlink:href="#sSpan294" value="nnnnn"/>
		<feat xlink:href="#sSpan295" value="nnnnn"/>
		<feat xlink:href="#sSpan296" value="nnnnn"/>
		<feat xlink:href="#sSpan297" value="nnnnn"/>
		<feat xlink:href="#sSpan298" value="nsssn"/>
		<feat xlink:href="#sSpan299" value="nnnnn"/>
		<feat xlink:href="#sSpan300" value="nnnnn"/>
		<feat xlink:href="#sSpan301" value="nnnnn"/>
		<feat xlink:href="#sSpan302" value="nsssn"/>
		<feat xlink:href="#sSpan303" value="nnnnn"/>
		<feat xlink:href="#sSpan304" value="nnnnn"/>
		<feat xlink:href="#sSpan305" value="nsssn"/>
		<feat xlink:href="#sSpan306" value="nnnnn"/>
		<feat xlink:href="#sSpan307" value="nnnnn"/>
		<feat xlink:href="#sSpan308" value="nsssn"/>
		<feat xlink:href="#sSpan309" value="nnnnn"/>
		<feat xlink:href="#sSpan310" value="nnnnn"/>
		<feat xlink:href="#sSpan311" value="ssnns"/>
		<feat xlink:href="#sSpan312" value="nnnnn"/>
		<feat xlink:href="#sSpan313" value="nnnnn"/>
		<feat xlink:href="#sSpan314" value="nnnnn"/>
		<feat xlink:href="#sSpan315" value="nnnnn"/>
		<feat xlink:href="#sSpan316" value="nnnnn"/>
		<feat xlink:href="#sSpan317" value="nnnnn"/>
		<feat xlink:href="#sSpan318" value="nsnnn"/>
		<feat xlink:href="#sSpan319" value="nnnnn"/>
		<feat xlink:href="#sSpan320" value="nnnnn"/>
		<feat xlink:href="#sSpan321" value="nnnnn"/>
		<feat xlink:href="#sSpan322" value="nnnnn"/>
		<feat xlink:href="#sSpan323" value="nnnnn"/>
		<feat xlink:href="#sSpan324" value="nnnnn"/>
		<feat xlink:href="#sSpan325" value="nnnnn"/>
		<feat xlink:href="#sSpan326" value="nnnnn"/>
		<feat xlink:href="#sSpan327" value="nnnnn"/>
		<feat xlink:href="#sSpan328" value="nnnnn"/>
		<feat xlink:href="#sSpan329" value="nnnnn"/>
		<feat xlink:href="#sSpan330" value="nnnnn"/>
		<feat xlink:href="#sSpan331" value="nnsnn"/>
		<feat xlink:href="#sSpan332" value="nnsnn"/>
		<feat xlink:href="#sSpan333" value="nnsnn"/>
		<feat xlink:href="#sSpan334" value="snsnn"/>
		<feat xlink:href="#sSpan335" value="nnnnn"/>
		<feat xlink:href="#sSpan336" value="nnnnn"/>
		<feat xlink:href="#sSpan337" value="nnnnn"/>
		<feat xlink:href="#sSpan338" value="nnnnn"/>
		<feat xlink:href="#sSpan339" value="nnnnn"/>
		<feat xlink:href="#sSpan340" value="nsssn"/>
		<feat xlink:href="#sSpan341" value="nnnnn"/>
		<feat xlink:href="#sSpan342" value="nnnnn"/>
		<feat xlink:href="#sSpan343" value="nsssn"/>
		<feat xlink:href="#sSpan344" value="nnnnn"/>
		<feat xlink:href="#sSpan345" value="nnnnn"/>
		<feat xlink:href="#sSpan346" value="nnnnn"/>
		<feat xlink:href="#sSpan347" value="nnnnn"/>
		<feat xlink:href="#sSpan348" value="nnnnn"/>
		<feat xlink:href="#sSpan349" value="nnnnn"/>
		<feat xlink:href="#sSpan350" value="nnnnn"/>
		<feat xlink:href="#sSpan351" value="nnnnn"/>
		<feat xlink:href="#sSpan352" value="nnnnn"/>
		<feat xlink:href="#sSpan353" value="nnnnn"/>
		<feat xlink:href="#sSpan354" value="nnnnn"/>
		<feat xlink:href="#sSpan355" value="nnnnn"/>
		<feat xlink:href="#sSpan356" value="nnnnn"/>
		<feat xlink:href="#sSpan357" value="nnnnn"/>
		<feat xlink:href="#sSpan358" value="nnnnn"/>
		<feat xlink:href="#sSpan359" value="nnnnn"/>
		<feat xlink:href="#sSpan360" value="nnnnn"/>
		<feat xlink:href="#sSpan361" value="nnnnn"/>
		<feat xlink:href="#sSpan362" value="nnnnn"/>
		<feat xlink:href="#sSpan363" value="nnnnn"/>
		<feat xlink:href="#sSpan364" value="nnnnn"/>
		<feat xlink:href="#sSpan365" value="nnnnn"/>
		<feat xlink:href="#sSpan366" value="nnnnn"/>
		<feat xlink:href="#sSpan367" value="nnnnn"/>
		<feat xlink:href="#sSpan368" value="nnnnn"/>
		<feat xlink:href="#sSpan369" value="nnnnn"/>
		<feat xlink:href="#sSpan370" value="nnnnn"/>
		<feat xlink:href="#sSpan371" value="nnnnn"/>
		<feat xlink:href="#sSpan372" value="nnnnn"/>
		<feat xlink:href="#sSpan373" value="nnnnn"/>
		<feat xlink:href="#sSpan374" value="nnnnn"/>
		<feat xlink:href="#sSpan375" value="nnnnn"/>
		<feat xlink:href="#sSpan376" value="nnnnn"/>
		<feat xlink:href="#sSpan377" value="nnnnn"/>
		<feat xlink:href="#sSpan378" value="nnnnn"/>
		<feat xlink:href="#sSpan379" value="nsnns"/>
		<feat xlink:href="#sSpan380" value="nnnnn"/>
		<feat xlink:href="#sSpan381" value="nnnnn"/>
		<feat xlink:href="#sSpan382" value="nnnnn"/>
		<feat xlink:href="#sSpan383" value="nnnnn"/>
		<feat xlink:href="#sSpan384" value="nnnnn"/>
		<feat xlink:href="#sSpan385" value="nnnnn"/>
		<feat xlink:href="#sSpan386" value="nnnnn"/>
		<feat xlink:href="#sSpan387" value="nnnnn"/>
		<feat xlink:href="#sSpan388" value="nnnnn"/>
		<feat xlink:href="#sSpan389" value="nnnnn"/>
		<feat xlink:href="#sSpan390" value="nnnnn"/>
		<feat xlink:href="#sSpan391" value="nnnnn"/>
		<feat xlink:href="#sSpan392" value="nnnnn"/>
		<feat xlink:href="#sSpan393" value="nnnnn"/>
		<feat xlink:href="#sSpan394" value="nnnnn"/>
		<feat xlink:href="#sSpan395" value="nsnsn"/>
		<feat xlink:href="#sSpan396" value="nnnnn"/>
		<feat xlink:href="#sSpan397" value="nnnnn"/>
		<feat xlink:href="#sSpan398" value="nnnnn"/>
		<feat xlink:href="#sSpan399" value="nnnnn"/>
		<feat xlink:href="#sSpan400" value="nsssn"/>
		<feat xlink:href="#sSpan401" value="nnnnn"/>
		<feat xlink:href="#sSpan402" value="nnnnn"/>
		<feat xlink:href="#sSpan403" value="nnnnn"/>
		<feat xlink:href="#sSpan404" value="nnnnn"/>
		<feat xlink:href="#sSpan405" value="nnnnn"/>
		<feat xlink:href="#sSpan406" value="nnnnn"/>
		<feat xlink:href="#sSpan407" value="nnnnn"/>
		<feat xlink:href="#sSpan408" value="nnnnn"/>
		<feat xlink:href="#sSpan409" value="nnnnn"/>
		<feat xlink:href="#sSpan410" value="nnnnn"/>
		<feat xlink:href="#sSpan411" value="nnnnn"/>
		<feat xlink:href="#sSpan412" value="nnnnn"/>
		<feat xlink:href="#sSpan413" value="nnnnn"/>
		<feat xlink:href="#sSpan414" value="nnnnn"/>
		<feat xlink:href="#sSpan415" value="nnnnn"/>
		<feat xlink:href="#sSpan416" value="nnnnn"/>
		<feat xlink:href="#sSpan417" value="nnnnn"/>
		<feat xlink:href="#sSpan418" value="nnnnn"/>
		<feat xlink:href="#sSpan419" value="nnnnn"/>
		<feat xlink:href="#sSpan420" value="nnnnn"/>
		<feat xlink:href="#sSpan421" value="nnnnn"/>
		<feat xlink:href="#sSpan422" value="nnnnn"/>
		<feat xlink:href="#sSpan423" value="nnnns"/>
		<feat xlink:href="#sSpan424" value="nsssn"/>
		<feat xlink:href="#sSpan425" value="nnnnn"/>
		<feat xlink:href="#sSpan426" value="nnnnn"/>
		<feat xlink:href="#sSpan427" value="nnnnn"/>
		<feat xlink:href="#sSpan428" value="nnnnn"/>
		<feat xlink:href="#sSpan429" value="nnnnn"/>
		<feat xlink:href="#sSpan430" value="nnnnn"/>
		<feat xlink:href="#sSpan431" value="nsssn"/>
		<feat xlink:href="#sSpan432" value="nnnnn"/>
		<feat xlink:href="#sSpan433" value="nnnnn"/>
		<feat xlink:href="#sSpan434" value="nnnnn"/>
		<feat xlink:href="#sSpan435" value="nnnnn"/>
		<feat xlink:href="#sSpan436" value="nnnnn"/>
		<feat xlink:href="#sSpan437" value="nnnnn"/>
		<feat xlink:href="#sSpan438" value="nsssn"/>
		<feat xlink:href="#sSpan439" value="nnnnn"/>
		<feat xlink:href="#sSpan440" value="nsssn"/>
		<feat xlink:href="#sSpan441" value="nnnnn"/>
		<feat xlink:href="#sSpan442" value="nnnnn"/>
		<feat xlink:href="#sSpan443" value="nnnnn"/>
		<feat xlink:href="#sSpan444" value="nnnnn"/>
		<feat xlink:href="#sSpan445" value="nnnnn"/>
		<feat xlink:href="#sSpan446" value="nnnnn"/>
		<feat xlink:href="#sSpan447" value="sssnn"/>
		<feat xlink:href="#sSpan448" value="sssnn"/>
		<feat xlink:href="#sSpan449" value="nnnnn"/>
		<feat xlink:href="#sSpan450" value="nnnnn"/>
		<feat xlink:href="#sSpan451" value="nnnnn"/>
		<feat xlink:href="#sSpan452" value="nnnnn"/>
		<feat xlink:href="#sSpan453" value="nnnnn"/>
		<feat xlink:href="#sSpan454" value="nnnnn"/>
		<feat xlink:href="#sSpan455" value="nsssn"/>
		<feat xlink:href="#sSpan456" value="nnnnn"/>
		<feat xlink:href="#sSpan457" value="nnnnn"/>
		<feat xlink:href="#sSpan458" value="nnnnn"/>
		<feat xlink:href="#sSpan459" value="nnnnn"/>
		<feat xlink:href="#sSpan460" value="nnnnn"/>
		<feat xlink:href="#sSpan461" value="nnnnn"/>
		<feat xlink:href="#sSpan462" value="nnnnn"/>
		<feat xlink:href="#sSpan463" value="nnnnn"/>
		<feat xlink:href="#sSpan464" value="nnnnn"/>
		<feat xlink:href="#sSpan465" value="nnnnn"/>
		<feat xlink:href="#sSpan466" value="nnnnn"/></featList></paula>