<?xml version='1.0' encoding='UTF-8'?><!DOCTYPE paula SYSTEM "paula_feat.dtd">
<paula version="1.1">
	<header paula_id="ref.GENTLE_dictionary_school.mark_identity"/>
	<featList xmlns:xlink="http://www.w3.org/1999/xlink" type="identity" xml:base="ref.GENTLE_dictionary_school.mark.xml">
		<feat xlink:href="#sSpan2" value="English"/>
		<feat xlink:href="#sSpan6" value="International_Phonetic_Alphabet"/>
		<feat xlink:href="#sSpan15" value="Middle_English"/>
		<feat xlink:href="#sSpan24" value="Middle_Dutch"/>
		<feat xlink:href="#sSpan30" value="Old_Dutch"/>
		<feat xlink:href="#sSpan35" value="Proto%2DGermanic_language"/>
		<feat xlink:href="#sSpan38" value="Proto%2DIndo%2DEuropean_language"/>
		<feat xlink:href="#sSpan43" value="Middle_Low_German"/>
		<feat xlink:href="#sSpan47" value="Old_English"/>
		<feat xlink:href="#sSpan93" value="Middle_English"/>
		<feat xlink:href="#sSpan95" value="Old_English"/>
		<feat xlink:href="#sSpan99" value="Proto%2DGermanic_language"/>
		<feat xlink:href="#sSpan102" value="Late_Latin"/>
		<feat xlink:href="#sSpan109" value="Ancient_Greek"/>
		<feat xlink:href="#sSpan122" value="Proto%2DIndo%2DEuropean_language"/>
		<feat xlink:href="#sSpan127" value="Old_Frisian"/>
		<feat xlink:href="#sSpan131" value="West_Frisian_language"/>
		<feat xlink:href="#sSpan133" value="Saterland_Frisian_language"/>
		<feat xlink:href="#sSpan134" value="Saterland"/>
		<feat xlink:href="#sSpan136" value="Dutch_language"/>
		<feat xlink:href="#sSpan138" value="German_language"/>
		<feat xlink:href="#sSpan140" value="Low_German"/>
		<feat xlink:href="#sSpan142" value="Old_High_German"/>
		<feat xlink:href="#sSpan146" value="Old_Norse"/>
		<feat xlink:href="#sSpan150" value="Middle_English"/>
		<feat xlink:href="#sSpan156" value="Middle_Dutch"/>
		<feat xlink:href="#sSpan162" value="Old_High_German"/>
		<feat xlink:href="#sSpan164" value="German_language"/>
		<feat xlink:href="#sSpan167" value="Old_English"/>
		<feat xlink:href="#sSpan177" value="United_States"/>
		<feat xlink:href="#sSpan178" value="Canada"/>
		<feat xlink:href="#sSpan188" value="Harvard_University"/>
		<feat xlink:href="#sSpan189" value="Harvard_University"/>
		<feat xlink:href="#sSpan190" value="United_Kingdom"/>
		<feat xlink:href="#sSpan196" value="United_Kingdom"/>
		<feat xlink:href="#sSpan197" value="Eton_College"/>
		<feat xlink:href="#sSpan213" value="Economics"/>
		<feat xlink:href="#sSpan217" value="Music"/>
		<feat xlink:href="#sSpan221" value="Barbizon_school"/>
		<feat xlink:href="#sSpan223" value="Barbizon_school"/>
		<feat xlink:href="#sSpan225" value="Realism_%28arts%29"/>
		<feat xlink:href="#sSpan296" value="Eton_College"/></featList></paula>