<?xml version='1.0' encoding='UTF-8'?><!DOCTYPE paula SYSTEM "paula_feat.dtd">
<paula version="1.1">
	<header paula_id="rsd.GENTLE_dictionary_school.mark_item"/>
	<featList xmlns:xlink="http://www.w3.org/1999/xlink" type="item" xml:base="rsd.GENTLE_dictionary_school.mark.xml">
		<feat xlink:href="#sSpan309" value="item"/>
		<feat xlink:href="#sSpan314" value="item"/>
		<feat xlink:href="#sSpan316" value="item"/>
		<feat xlink:href="#sSpan335" value="item"/>
		<feat xlink:href="#sSpan343" value="item"/>
		<feat xlink:href="#sSpan345" value="item"/>
		<feat xlink:href="#sSpan346" value="item"/>
		<feat xlink:href="#sSpan348" value="item"/>
		<feat xlink:href="#sSpan355" value="item"/>
		<feat xlink:href="#sSpan402" value="item"/>
		<feat xlink:href="#sSpan408" value="item"/>
		<feat xlink:href="#sSpan413" value="item"/>
		<feat xlink:href="#sSpan416" value="item"/>
		<feat xlink:href="#sSpan421" value="item"/>
		<feat xlink:href="#sSpan424" value="item"/>
		<feat xlink:href="#sSpan429" value="item"/>
		<feat xlink:href="#sSpan432" value="item"/>
		<feat xlink:href="#sSpan434" value="item"/>
		<feat xlink:href="#sSpan437" value="item"/>
		<feat xlink:href="#sSpan440" value="item"/>
		<feat xlink:href="#sSpan443" value="item"/>
		<feat xlink:href="#sSpan456" value="item"/>
		<feat xlink:href="#sSpan459" value="item"/>
		<feat xlink:href="#sSpan460" value="item"/>
		<feat xlink:href="#sSpan463" value="item"/>
		<feat xlink:href="#sSpan465" value="item"/></featList></paula>