<?xml version='1.0' encoding='UTF-8'?><!DOCTYPE paula SYSTEM "paula_rel.dtd">
<paula version="1.1">
	<header paula_id="rsd.GENTLE_dictionary_school.rsd"/>
	<relList xmlns:xlink="http://www.w3.org/1999/xlink" type="rsd">
		<rel id="sPointingRel1141" xlink:href="rsd.GENTLE_dictionary_school.mark.xml#sSpan306" target="rsd.GENTLE_dictionary_school.mark.xml#sSpan310"/>
		<rel id="sPointingRel1142" xlink:href="rsd.GENTLE_dictionary_school.mark.xml#sSpan307" target="rsd.GENTLE_dictionary_school.mark.xml#sSpan310"/>
		<rel id="sPointingRel1143" xlink:href="rsd.GENTLE_dictionary_school.mark.xml#sSpan308" target="rsd.GENTLE_dictionary_school.mark.xml#sSpan310"/>
		<rel id="sPointingRel1144" xlink:href="rsd.GENTLE_dictionary_school.mark.xml#sSpan309" target="rsd.GENTLE_dictionary_school.mark.xml#sSpan310"/>
		<rel id="sPointingRel1145" xlink:href="rsd.GENTLE_dictionary_school.mark.xml#sSpan311" target="rsd.GENTLE_dictionary_school.mark.xml#sSpan313"/>
		<rel id="sPointingRel1146" xlink:href="rsd.GENTLE_dictionary_school.mark.xml#sSpan312" target="rsd.GENTLE_dictionary_school.mark.xml#sSpan311"/>
		<rel id="sPointingRel1147" xlink:href="rsd.GENTLE_dictionary_school.mark.xml#sSpan313" target="rsd.GENTLE_dictionary_school.mark.xml#sSpan310"/>
		<rel id="sPointingRel1148" xlink:href="rsd.GENTLE_dictionary_school.mark.xml#sSpan314" target="rsd.GENTLE_dictionary_school.mark.xml#sSpan310"/>
		<rel id="sPointingRel1149" xlink:href="rsd.GENTLE_dictionary_school.mark.xml#sSpan315" target="rsd.GENTLE_dictionary_school.mark.xml#sSpan314"/>
		<rel id="sPointingRel1150" xlink:href="rsd.GENTLE_dictionary_school.mark.xml#sSpan316" target="rsd.GENTLE_dictionary_school.mark.xml#sSpan317"/>
		<rel id="sPointingRel1151" xlink:href="rsd.GENTLE_dictionary_school.mark.xml#sSpan317" target="rsd.GENTLE_dictionary_school.mark.xml#sSpan310"/>
		<rel id="sPointingRel1152" xlink:href="rsd.GENTLE_dictionary_school.mark.xml#sSpan318" target="rsd.GENTLE_dictionary_school.mark.xml#sSpan319"/>
		<rel id="sPointingRel1153" xlink:href="rsd.GENTLE_dictionary_school.mark.xml#sSpan319" target="rsd.GENTLE_dictionary_school.mark.xml#sSpan310"/>
		<rel id="sPointingRel1154" xlink:href="rsd.GENTLE_dictionary_school.mark.xml#sSpan320" target="rsd.GENTLE_dictionary_school.mark.xml#sSpan319"/>
		<rel id="sPointingRel1155" xlink:href="rsd.GENTLE_dictionary_school.mark.xml#sSpan321" target="rsd.GENTLE_dictionary_school.mark.xml#sSpan319"/>
		<rel id="sPointingRel1156" xlink:href="rsd.GENTLE_dictionary_school.mark.xml#sSpan322" target="rsd.GENTLE_dictionary_school.mark.xml#sSpan321"/>
		<rel id="sPointingRel1157" xlink:href="rsd.GENTLE_dictionary_school.mark.xml#sSpan323" target="rsd.GENTLE_dictionary_school.mark.xml#sSpan319"/>
		<rel id="sPointingRel1158" xlink:href="rsd.GENTLE_dictionary_school.mark.xml#sSpan324" target="rsd.GENTLE_dictionary_school.mark.xml#sSpan323"/>
		<rel id="sPointingRel1159" xlink:href="rsd.GENTLE_dictionary_school.mark.xml#sSpan325" target="rsd.GENTLE_dictionary_school.mark.xml#sSpan319"/>
		<rel id="sPointingRel1160" xlink:href="rsd.GENTLE_dictionary_school.mark.xml#sSpan326" target="rsd.GENTLE_dictionary_school.mark.xml#sSpan325"/>
		<rel id="sPointingRel1161" xlink:href="rsd.GENTLE_dictionary_school.mark.xml#sSpan327" target="rsd.GENTLE_dictionary_school.mark.xml#sSpan319"/>
		<rel id="sPointingRel1162" xlink:href="rsd.GENTLE_dictionary_school.mark.xml#sSpan328" target="rsd.GENTLE_dictionary_school.mark.xml#sSpan327"/>
		<rel id="sPointingRel1163" xlink:href="rsd.GENTLE_dictionary_school.mark.xml#sSpan329" target="rsd.GENTLE_dictionary_school.mark.xml#sSpan319"/>
		<rel id="sPointingRel1164" xlink:href="rsd.GENTLE_dictionary_school.mark.xml#sSpan330" target="rsd.GENTLE_dictionary_school.mark.xml#sSpan329"/>
		<rel id="sPointingRel1165" xlink:href="rsd.GENTLE_dictionary_school.mark.xml#sSpan331" target="rsd.GENTLE_dictionary_school.mark.xml#sSpan329"/>
		<rel id="sPointingRel1166" xlink:href="rsd.GENTLE_dictionary_school.mark.xml#sSpan332" target="rsd.GENTLE_dictionary_school.mark.xml#sSpan331"/>
		<rel id="sPointingRel1167" xlink:href="rsd.GENTLE_dictionary_school.mark.xml#sSpan333" target="rsd.GENTLE_dictionary_school.mark.xml#sSpan319"/>
		<rel id="sPointingRel1168" xlink:href="rsd.GENTLE_dictionary_school.mark.xml#sSpan334" target="rsd.GENTLE_dictionary_school.mark.xml#sSpan335"/>
		<rel id="sPointingRel1169" xlink:href="rsd.GENTLE_dictionary_school.mark.xml#sSpan335" target="rsd.GENTLE_dictionary_school.mark.xml#sSpan319"/>
		<rel id="sPointingRel1170" xlink:href="rsd.GENTLE_dictionary_school.mark.xml#sSpan336" target="rsd.GENTLE_dictionary_school.mark.xml#sSpan335"/>
		<rel id="sPointingRel1171" xlink:href="rsd.GENTLE_dictionary_school.mark.xml#sSpan337" target="rsd.GENTLE_dictionary_school.mark.xml#sSpan344"/>
		<rel id="sPointingRel1172" xlink:href="rsd.GENTLE_dictionary_school.mark.xml#sSpan338" target="rsd.GENTLE_dictionary_school.mark.xml#sSpan344"/>
		<rel id="sPointingRel1173" xlink:href="rsd.GENTLE_dictionary_school.mark.xml#sSpan339" target="rsd.GENTLE_dictionary_school.mark.xml#sSpan338"/>
		<rel id="sPointingRel1174" xlink:href="rsd.GENTLE_dictionary_school.mark.xml#sSpan340" target="rsd.GENTLE_dictionary_school.mark.xml#sSpan338"/>
		<rel id="sPointingRel1175" xlink:href="rsd.GENTLE_dictionary_school.mark.xml#sSpan341" target="rsd.GENTLE_dictionary_school.mark.xml#sSpan344"/>
		<rel id="sPointingRel1176" xlink:href="rsd.GENTLE_dictionary_school.mark.xml#sSpan342" target="rsd.GENTLE_dictionary_school.mark.xml#sSpan341"/>
		<rel id="sPointingRel1177" xlink:href="rsd.GENTLE_dictionary_school.mark.xml#sSpan343" target="rsd.GENTLE_dictionary_school.mark.xml#sSpan344"/>
		<rel id="sPointingRel1178" xlink:href="rsd.GENTLE_dictionary_school.mark.xml#sSpan344" target="rsd.GENTLE_dictionary_school.mark.xml#sSpan319"/>
		<rel id="sPointingRel1179" xlink:href="rsd.GENTLE_dictionary_school.mark.xml#sSpan345" target="rsd.GENTLE_dictionary_school.mark.xml#sSpan344"/>
		<rel id="sPointingRel1180" xlink:href="rsd.GENTLE_dictionary_school.mark.xml#sSpan346" target="rsd.GENTLE_dictionary_school.mark.xml#sSpan344"/>
		<rel id="sPointingRel1181" xlink:href="rsd.GENTLE_dictionary_school.mark.xml#sSpan347" target="rsd.GENTLE_dictionary_school.mark.xml#sSpan349"/>
		<rel id="sPointingRel1182" xlink:href="rsd.GENTLE_dictionary_school.mark.xml#sSpan348" target="rsd.GENTLE_dictionary_school.mark.xml#sSpan349"/>
		<rel id="sPointingRel1183" xlink:href="rsd.GENTLE_dictionary_school.mark.xml#sSpan349" target="rsd.GENTLE_dictionary_school.mark.xml#sSpan344"/>
		<rel id="sPointingRel1184" xlink:href="rsd.GENTLE_dictionary_school.mark.xml#sSpan350" target="rsd.GENTLE_dictionary_school.mark.xml#sSpan357"/>
		<rel id="sPointingRel1185" xlink:href="rsd.GENTLE_dictionary_school.mark.xml#sSpan351" target="rsd.GENTLE_dictionary_school.mark.xml#sSpan357"/>
		<rel id="sPointingRel1186" xlink:href="rsd.GENTLE_dictionary_school.mark.xml#sSpan352" target="rsd.GENTLE_dictionary_school.mark.xml#sSpan351"/>
		<rel id="sPointingRel1187" xlink:href="rsd.GENTLE_dictionary_school.mark.xml#sSpan353" target="rsd.GENTLE_dictionary_school.mark.xml#sSpan352"/>
		<rel id="sPointingRel1188" xlink:href="rsd.GENTLE_dictionary_school.mark.xml#sSpan354" target="rsd.GENTLE_dictionary_school.mark.xml#sSpan352"/>
		<rel id="sPointingRel1189" xlink:href="rsd.GENTLE_dictionary_school.mark.xml#sSpan355" target="rsd.GENTLE_dictionary_school.mark.xml#sSpan357"/>
		<rel id="sPointingRel1190" xlink:href="rsd.GENTLE_dictionary_school.mark.xml#sSpan356" target="rsd.GENTLE_dictionary_school.mark.xml#sSpan357"/>
		<rel id="sPointingRel1191" xlink:href="rsd.GENTLE_dictionary_school.mark.xml#sSpan357" target="rsd.GENTLE_dictionary_school.mark.xml#sSpan344"/>
		<rel id="sPointingRel1192" xlink:href="rsd.GENTLE_dictionary_school.mark.xml#sSpan358" target="rsd.GENTLE_dictionary_school.mark.xml#sSpan360"/>
		<rel id="sPointingRel1193" xlink:href="rsd.GENTLE_dictionary_school.mark.xml#sSpan359" target="rsd.GENTLE_dictionary_school.mark.xml#sSpan360"/>
		<rel id="sPointingRel1194" xlink:href="rsd.GENTLE_dictionary_school.mark.xml#sSpan360" target="rsd.GENTLE_dictionary_school.mark.xml#sSpan319"/>
		<rel id="sPointingRel1195" xlink:href="rsd.GENTLE_dictionary_school.mark.xml#sSpan361" target="rsd.GENTLE_dictionary_school.mark.xml#sSpan360"/>
		<rel id="sPointingRel1196" xlink:href="rsd.GENTLE_dictionary_school.mark.xml#sSpan362" target="rsd.GENTLE_dictionary_school.mark.xml#sSpan360"/>
		<rel id="sPointingRel1197" xlink:href="rsd.GENTLE_dictionary_school.mark.xml#sSpan363" target="rsd.GENTLE_dictionary_school.mark.xml#sSpan362"/>
		<rel id="sPointingRel1198" xlink:href="rsd.GENTLE_dictionary_school.mark.xml#sSpan364" target="rsd.GENTLE_dictionary_school.mark.xml#sSpan360"/>
		<rel id="sPointingRel1199" xlink:href="rsd.GENTLE_dictionary_school.mark.xml#sSpan365" target="rsd.GENTLE_dictionary_school.mark.xml#sSpan364"/>
		<rel id="sPointingRel1200" xlink:href="rsd.GENTLE_dictionary_school.mark.xml#sSpan366" target="rsd.GENTLE_dictionary_school.mark.xml#sSpan360"/>
		<rel id="sPointingRel1201" xlink:href="rsd.GENTLE_dictionary_school.mark.xml#sSpan367" target="rsd.GENTLE_dictionary_school.mark.xml#sSpan366"/>
		<rel id="sPointingRel1202" xlink:href="rsd.GENTLE_dictionary_school.mark.xml#sSpan368" target="rsd.GENTLE_dictionary_school.mark.xml#sSpan360"/>
		<rel id="sPointingRel1203" xlink:href="rsd.GENTLE_dictionary_school.mark.xml#sSpan369" target="rsd.GENTLE_dictionary_school.mark.xml#sSpan368"/>
		<rel id="sPointingRel1204" xlink:href="rsd.GENTLE_dictionary_school.mark.xml#sSpan370" target="rsd.GENTLE_dictionary_school.mark.xml#sSpan369"/>
		<rel id="sPointingRel1205" xlink:href="rsd.GENTLE_dictionary_school.mark.xml#sSpan371" target="rsd.GENTLE_dictionary_school.mark.xml#sSpan369"/>
		<rel id="sPointingRel1206" xlink:href="rsd.GENTLE_dictionary_school.mark.xml#sSpan372" target="rsd.GENTLE_dictionary_school.mark.xml#sSpan371"/>
		<rel id="sPointingRel1207" xlink:href="rsd.GENTLE_dictionary_school.mark.xml#sSpan373" target="rsd.GENTLE_dictionary_school.mark.xml#sSpan360"/>
		<rel id="sPointingRel1208" xlink:href="rsd.GENTLE_dictionary_school.mark.xml#sSpan374" target="rsd.GENTLE_dictionary_school.mark.xml#sSpan373"/>
		<rel id="sPointingRel1209" xlink:href="rsd.GENTLE_dictionary_school.mark.xml#sSpan375" target="rsd.GENTLE_dictionary_school.mark.xml#sSpan360"/>
		<rel id="sPointingRel1210" xlink:href="rsd.GENTLE_dictionary_school.mark.xml#sSpan376" target="rsd.GENTLE_dictionary_school.mark.xml#sSpan360"/>
		<rel id="sPointingRel1211" xlink:href="rsd.GENTLE_dictionary_school.mark.xml#sSpan377" target="rsd.GENTLE_dictionary_school.mark.xml#sSpan376"/>
		<rel id="sPointingRel1212" xlink:href="rsd.GENTLE_dictionary_school.mark.xml#sSpan378" target="rsd.GENTLE_dictionary_school.mark.xml#sSpan376"/>
		<rel id="sPointingRel1213" xlink:href="rsd.GENTLE_dictionary_school.mark.xml#sSpan379" target="rsd.GENTLE_dictionary_school.mark.xml#sSpan376"/>
		<rel id="sPointingRel1214" xlink:href="rsd.GENTLE_dictionary_school.mark.xml#sSpan380" target="rsd.GENTLE_dictionary_school.mark.xml#sSpan379"/>
		<rel id="sPointingRel1215" xlink:href="rsd.GENTLE_dictionary_school.mark.xml#sSpan381" target="rsd.GENTLE_dictionary_school.mark.xml#sSpan376"/>
		<rel id="sPointingRel1216" xlink:href="rsd.GENTLE_dictionary_school.mark.xml#sSpan382" target="rsd.GENTLE_dictionary_school.mark.xml#sSpan381"/>
		<rel id="sPointingRel1217" xlink:href="rsd.GENTLE_dictionary_school.mark.xml#sSpan383" target="rsd.GENTLE_dictionary_school.mark.xml#sSpan376"/>
		<rel id="sPointingRel1218" xlink:href="rsd.GENTLE_dictionary_school.mark.xml#sSpan384" target="rsd.GENTLE_dictionary_school.mark.xml#sSpan383"/>
		<rel id="sPointingRel1219" xlink:href="rsd.GENTLE_dictionary_school.mark.xml#sSpan385" target="rsd.GENTLE_dictionary_school.mark.xml#sSpan376"/>
		<rel id="sPointingRel1220" xlink:href="rsd.GENTLE_dictionary_school.mark.xml#sSpan386" target="rsd.GENTLE_dictionary_school.mark.xml#sSpan385"/>
		<rel id="sPointingRel1221" xlink:href="rsd.GENTLE_dictionary_school.mark.xml#sSpan387" target="rsd.GENTLE_dictionary_school.mark.xml#sSpan360"/>
		<rel id="sPointingRel1222" xlink:href="rsd.GENTLE_dictionary_school.mark.xml#sSpan388" target="rsd.GENTLE_dictionary_school.mark.xml#sSpan387"/>
		<rel id="sPointingRel1223" xlink:href="rsd.GENTLE_dictionary_school.mark.xml#sSpan389" target="rsd.GENTLE_dictionary_school.mark.xml#sSpan387"/>
		<rel id="sPointingRel1224" xlink:href="rsd.GENTLE_dictionary_school.mark.xml#sSpan390" target="rsd.GENTLE_dictionary_school.mark.xml#sSpan389"/>
		<rel id="sPointingRel1225" xlink:href="rsd.GENTLE_dictionary_school.mark.xml#sSpan391" target="rsd.GENTLE_dictionary_school.mark.xml#sSpan387"/>
		<rel id="sPointingRel1226" xlink:href="rsd.GENTLE_dictionary_school.mark.xml#sSpan392" target="rsd.GENTLE_dictionary_school.mark.xml#sSpan360"/>
		<rel id="sPointingRel1227" xlink:href="rsd.GENTLE_dictionary_school.mark.xml#sSpan393" target="rsd.GENTLE_dictionary_school.mark.xml#sSpan392"/>
		<rel id="sPointingRel1228" xlink:href="rsd.GENTLE_dictionary_school.mark.xml#sSpan394" target="rsd.GENTLE_dictionary_school.mark.xml#sSpan392"/>
		<rel id="sPointingRel1229" xlink:href="rsd.GENTLE_dictionary_school.mark.xml#sSpan395" target="rsd.GENTLE_dictionary_school.mark.xml#sSpan394"/>
		<rel id="sPointingRel1230" xlink:href="rsd.GENTLE_dictionary_school.mark.xml#sSpan396" target="rsd.GENTLE_dictionary_school.mark.xml#sSpan397"/>
		<rel id="sPointingRel1231" xlink:href="rsd.GENTLE_dictionary_school.mark.xml#sSpan397" target="rsd.GENTLE_dictionary_school.mark.xml#sSpan360"/>
		<rel id="sPointingRel1232" xlink:href="rsd.GENTLE_dictionary_school.mark.xml#sSpan398" target="rsd.GENTLE_dictionary_school.mark.xml#sSpan397"/>
		<rel id="sPointingRel1233" xlink:href="rsd.GENTLE_dictionary_school.mark.xml#sSpan399" target="rsd.GENTLE_dictionary_school.mark.xml#sSpan403"/>
		<rel id="sPointingRel1234" xlink:href="rsd.GENTLE_dictionary_school.mark.xml#sSpan400" target="rsd.GENTLE_dictionary_school.mark.xml#sSpan403"/>
		<rel id="sPointingRel1235" xlink:href="rsd.GENTLE_dictionary_school.mark.xml#sSpan401" target="rsd.GENTLE_dictionary_school.mark.xml#sSpan400"/>
		<rel id="sPointingRel1236" xlink:href="rsd.GENTLE_dictionary_school.mark.xml#sSpan402" target="rsd.GENTLE_dictionary_school.mark.xml#sSpan403"/>
		<rel id="sPointingRel1237" xlink:href="rsd.GENTLE_dictionary_school.mark.xml#sSpan403" target="rsd.GENTLE_dictionary_school.mark.xml#sSpan360"/>
		<rel id="sPointingRel1238" xlink:href="rsd.GENTLE_dictionary_school.mark.xml#sSpan404" target="rsd.GENTLE_dictionary_school.mark.xml#sSpan403"/>
		<rel id="sPointingRel1239" xlink:href="rsd.GENTLE_dictionary_school.mark.xml#sSpan405" target="rsd.GENTLE_dictionary_school.mark.xml#sSpan403"/>
		<rel id="sPointingRel1240" xlink:href="rsd.GENTLE_dictionary_school.mark.xml#sSpan406" target="rsd.GENTLE_dictionary_school.mark.xml#sSpan403"/>
		<rel id="sPointingRel1241" xlink:href="rsd.GENTLE_dictionary_school.mark.xml#sSpan407" target="rsd.GENTLE_dictionary_school.mark.xml#sSpan406"/>
		<rel id="sPointingRel1242" xlink:href="rsd.GENTLE_dictionary_school.mark.xml#sSpan408" target="rsd.GENTLE_dictionary_school.mark.xml#sSpan409"/>
		<rel id="sPointingRel1243" xlink:href="rsd.GENTLE_dictionary_school.mark.xml#sSpan409" target="rsd.GENTLE_dictionary_school.mark.xml#sSpan403"/>
		<rel id="sPointingRel1244" xlink:href="rsd.GENTLE_dictionary_school.mark.xml#sSpan410" target="rsd.GENTLE_dictionary_school.mark.xml#sSpan409"/>
		<rel id="sPointingRel1245" xlink:href="rsd.GENTLE_dictionary_school.mark.xml#sSpan411" target="rsd.GENTLE_dictionary_school.mark.xml#sSpan409"/>
		<rel id="sPointingRel1246" xlink:href="rsd.GENTLE_dictionary_school.mark.xml#sSpan412" target="rsd.GENTLE_dictionary_school.mark.xml#sSpan411"/>
		<rel id="sPointingRel1247" xlink:href="rsd.GENTLE_dictionary_school.mark.xml#sSpan413" target="rsd.GENTLE_dictionary_school.mark.xml#sSpan414"/>
		<rel id="sPointingRel1248" xlink:href="rsd.GENTLE_dictionary_school.mark.xml#sSpan414" target="rsd.GENTLE_dictionary_school.mark.xml#sSpan403"/>
		<rel id="sPointingRel1249" xlink:href="rsd.GENTLE_dictionary_school.mark.xml#sSpan415" target="rsd.GENTLE_dictionary_school.mark.xml#sSpan414"/>
		<rel id="sPointingRel1250" xlink:href="rsd.GENTLE_dictionary_school.mark.xml#sSpan416" target="rsd.GENTLE_dictionary_school.mark.xml#sSpan403"/>
		<rel id="sPointingRel1251" xlink:href="rsd.GENTLE_dictionary_school.mark.xml#sSpan417" target="rsd.GENTLE_dictionary_school.mark.xml#sSpan416"/>
		<rel id="sPointingRel1252" xlink:href="rsd.GENTLE_dictionary_school.mark.xml#sSpan418" target="rsd.GENTLE_dictionary_school.mark.xml#sSpan419"/>
		<rel id="sPointingRel1253" xlink:href="rsd.GENTLE_dictionary_school.mark.xml#sSpan419" target="rsd.GENTLE_dictionary_school.mark.xml#sSpan416"/>
		<rel id="sPointingRel1254" xlink:href="rsd.GENTLE_dictionary_school.mark.xml#sSpan420" target="rsd.GENTLE_dictionary_school.mark.xml#sSpan419"/>
		<rel id="sPointingRel1255" xlink:href="rsd.GENTLE_dictionary_school.mark.xml#sSpan421" target="rsd.GENTLE_dictionary_school.mark.xml#sSpan403"/>
		<rel id="sPointingRel1256" xlink:href="rsd.GENTLE_dictionary_school.mark.xml#sSpan422" target="rsd.GENTLE_dictionary_school.mark.xml#sSpan421"/>
		<rel id="sPointingRel1257" xlink:href="rsd.GENTLE_dictionary_school.mark.xml#sSpan423" target="rsd.GENTLE_dictionary_school.mark.xml#sSpan422"/>
		<rel id="sPointingRel1258" xlink:href="rsd.GENTLE_dictionary_school.mark.xml#sSpan424" target="rsd.GENTLE_dictionary_school.mark.xml#sSpan425"/>
		<rel id="sPointingRel1259" xlink:href="rsd.GENTLE_dictionary_school.mark.xml#sSpan425" target="rsd.GENTLE_dictionary_school.mark.xml#sSpan403"/>
		<rel id="sPointingRel1260" xlink:href="rsd.GENTLE_dictionary_school.mark.xml#sSpan426" target="rsd.GENTLE_dictionary_school.mark.xml#sSpan425"/>
		<rel id="sPointingRel1261" xlink:href="rsd.GENTLE_dictionary_school.mark.xml#sSpan427" target="rsd.GENTLE_dictionary_school.mark.xml#sSpan425"/>
		<rel id="sPointingRel1262" xlink:href="rsd.GENTLE_dictionary_school.mark.xml#sSpan428" target="rsd.GENTLE_dictionary_school.mark.xml#sSpan425"/>
		<rel id="sPointingRel1263" xlink:href="rsd.GENTLE_dictionary_school.mark.xml#sSpan429" target="rsd.GENTLE_dictionary_school.mark.xml#sSpan403"/>
		<rel id="sPointingRel1264" xlink:href="rsd.GENTLE_dictionary_school.mark.xml#sSpan430" target="rsd.GENTLE_dictionary_school.mark.xml#sSpan429"/>
		<rel id="sPointingRel1265" xlink:href="rsd.GENTLE_dictionary_school.mark.xml#sSpan431" target="rsd.GENTLE_dictionary_school.mark.xml#sSpan429"/>
		<rel id="sPointingRel1266" xlink:href="rsd.GENTLE_dictionary_school.mark.xml#sSpan432" target="rsd.GENTLE_dictionary_school.mark.xml#sSpan403"/>
		<rel id="sPointingRel1267" xlink:href="rsd.GENTLE_dictionary_school.mark.xml#sSpan433" target="rsd.GENTLE_dictionary_school.mark.xml#sSpan432"/>
		<rel id="sPointingRel1268" xlink:href="rsd.GENTLE_dictionary_school.mark.xml#sSpan434" target="rsd.GENTLE_dictionary_school.mark.xml#sSpan403"/>
		<rel id="sPointingRel1269" xlink:href="rsd.GENTLE_dictionary_school.mark.xml#sSpan435" target="rsd.GENTLE_dictionary_school.mark.xml#sSpan434"/>
		<rel id="sPointingRel1270" xlink:href="rsd.GENTLE_dictionary_school.mark.xml#sSpan436" target="rsd.GENTLE_dictionary_school.mark.xml#sSpan434"/>
		<rel id="sPointingRel1271" xlink:href="rsd.GENTLE_dictionary_school.mark.xml#sSpan437" target="rsd.GENTLE_dictionary_school.mark.xml#sSpan403"/>
		<rel id="sPointingRel1272" xlink:href="rsd.GENTLE_dictionary_school.mark.xml#sSpan438" target="rsd.GENTLE_dictionary_school.mark.xml#sSpan437"/>
		<rel id="sPointingRel1273" xlink:href="rsd.GENTLE_dictionary_school.mark.xml#sSpan439" target="rsd.GENTLE_dictionary_school.mark.xml#sSpan442"/>
		<rel id="sPointingRel1274" xlink:href="rsd.GENTLE_dictionary_school.mark.xml#sSpan440" target="rsd.GENTLE_dictionary_school.mark.xml#sSpan442"/>
		<rel id="sPointingRel1275" xlink:href="rsd.GENTLE_dictionary_school.mark.xml#sSpan441" target="rsd.GENTLE_dictionary_school.mark.xml#sSpan440"/>
		<rel id="sPointingRel1276" xlink:href="rsd.GENTLE_dictionary_school.mark.xml#sSpan442" target="rsd.GENTLE_dictionary_school.mark.xml#sSpan403"/>
		<rel id="sPointingRel1277" xlink:href="rsd.GENTLE_dictionary_school.mark.xml#sSpan443" target="rsd.GENTLE_dictionary_school.mark.xml#sSpan444"/>
		<rel id="sPointingRel1278" xlink:href="rsd.GENTLE_dictionary_school.mark.xml#sSpan444" target="rsd.GENTLE_dictionary_school.mark.xml#sSpan442"/>
		<rel id="sPointingRel1279" xlink:href="rsd.GENTLE_dictionary_school.mark.xml#sSpan445" target="rsd.GENTLE_dictionary_school.mark.xml#sSpan446"/>
		<rel id="sPointingRel1280" xlink:href="rsd.GENTLE_dictionary_school.mark.xml#sSpan446" target="rsd.GENTLE_dictionary_school.mark.xml#sSpan442"/>
		<rel id="sPointingRel1281" xlink:href="rsd.GENTLE_dictionary_school.mark.xml#sSpan447" target="rsd.GENTLE_dictionary_school.mark.xml#sSpan450"/>
		<rel id="sPointingRel1282" xlink:href="rsd.GENTLE_dictionary_school.mark.xml#sSpan448" target="rsd.GENTLE_dictionary_school.mark.xml#sSpan450"/>
		<rel id="sPointingRel1283" xlink:href="rsd.GENTLE_dictionary_school.mark.xml#sSpan449" target="rsd.GENTLE_dictionary_school.mark.xml#sSpan448"/>
		<rel id="sPointingRel1284" xlink:href="rsd.GENTLE_dictionary_school.mark.xml#sSpan450" target="rsd.GENTLE_dictionary_school.mark.xml#sSpan442"/>
		<rel id="sPointingRel1285" xlink:href="rsd.GENTLE_dictionary_school.mark.xml#sSpan451" target="rsd.GENTLE_dictionary_school.mark.xml#sSpan457"/>
		<rel id="sPointingRel1286" xlink:href="rsd.GENTLE_dictionary_school.mark.xml#sSpan452" target="rsd.GENTLE_dictionary_school.mark.xml#sSpan457"/>
		<rel id="sPointingRel1287" xlink:href="rsd.GENTLE_dictionary_school.mark.xml#sSpan453" target="rsd.GENTLE_dictionary_school.mark.xml#sSpan452"/>
		<rel id="sPointingRel1288" xlink:href="rsd.GENTLE_dictionary_school.mark.xml#sSpan454" target="rsd.GENTLE_dictionary_school.mark.xml#sSpan453"/>
		<rel id="sPointingRel1289" xlink:href="rsd.GENTLE_dictionary_school.mark.xml#sSpan455" target="rsd.GENTLE_dictionary_school.mark.xml#sSpan453"/>
		<rel id="sPointingRel1290" xlink:href="rsd.GENTLE_dictionary_school.mark.xml#sSpan456" target="rsd.GENTLE_dictionary_school.mark.xml#sSpan457"/>
		<rel id="sPointingRel1291" xlink:href="rsd.GENTLE_dictionary_school.mark.xml#sSpan457" target="rsd.GENTLE_dictionary_school.mark.xml#sSpan403"/>
		<rel id="sPointingRel1292" xlink:href="rsd.GENTLE_dictionary_school.mark.xml#sSpan458" target="rsd.GENTLE_dictionary_school.mark.xml#sSpan457"/>
		<rel id="sPointingRel1293" xlink:href="rsd.GENTLE_dictionary_school.mark.xml#sSpan459" target="rsd.GENTLE_dictionary_school.mark.xml#sSpan457"/>
		<rel id="sPointingRel1294" xlink:href="rsd.GENTLE_dictionary_school.mark.xml#sSpan460" target="rsd.GENTLE_dictionary_school.mark.xml#sSpan461"/>
		<rel id="sPointingRel1295" xlink:href="rsd.GENTLE_dictionary_school.mark.xml#sSpan461" target="rsd.GENTLE_dictionary_school.mark.xml#sSpan457"/>
		<rel id="sPointingRel1296" xlink:href="rsd.GENTLE_dictionary_school.mark.xml#sSpan462" target="rsd.GENTLE_dictionary_school.mark.xml#sSpan461"/>
		<rel id="sPointingRel1297" xlink:href="rsd.GENTLE_dictionary_school.mark.xml#sSpan463" target="rsd.GENTLE_dictionary_school.mark.xml#sSpan464"/>
		<rel id="sPointingRel1298" xlink:href="rsd.GENTLE_dictionary_school.mark.xml#sSpan464" target="rsd.GENTLE_dictionary_school.mark.xml#sSpan457"/>
		<rel id="sPointingRel1299" xlink:href="rsd.GENTLE_dictionary_school.mark.xml#sSpan465" target="rsd.GENTLE_dictionary_school.mark.xml#sSpan464"/>
		<rel id="sPointingRel1300" xlink:href="rsd.GENTLE_dictionary_school.mark.xml#sSpan466" target="rsd.GENTLE_dictionary_school.mark.xml#sSpan465"/></relList></paula>