<?xml version='1.0' encoding='UTF-8'?><!DOCTYPE paula SYSTEM "paula_feat.dtd">
<paula version="1.1">
	<header paula_id="rsd.GENTLE_dictionary_school.mark_pos1"/>
	<featList xmlns:xlink="http://www.w3.org/1999/xlink" type="pos1" xml:base="rsd.GENTLE_dictionary_school.mark.xml">
		<feat xlink:href="#sSpan306" value="NN"/>
		<feat xlink:href="#sSpan307" value="NP"/>
		<feat xlink:href="#sSpan308" value="NN"/>
		<feat xlink:href="#sSpan309" value="NN"/>
		<feat xlink:href="#sSpan310" value="NN"/>
		<feat xlink:href="#sSpan311" value="NP"/>
		<feat xlink:href="#sSpan312" value="("/>
		<feat xlink:href="#sSpan313" value="SYM"/>
		<feat xlink:href="#sSpan314" value="NN"/>
		<feat xlink:href="#sSpan315" value="("/>
		<feat xlink:href="#sSpan316" value="NNS"/>
		<feat xlink:href="#sSpan317" value="UH"/>
		<feat xlink:href="#sSpan318" value="NN"/>
		<feat xlink:href="#sSpan319" value="IN"/>
		<feat xlink:href="#sSpan320" value="("/>
		<feat xlink:href="#sSpan321" value="IN"/>
		<feat xlink:href="#sSpan322" value="("/>
		<feat xlink:href="#sSpan323" value="IN"/>
		<feat xlink:href="#sSpan324" value="("/>
		<feat xlink:href="#sSpan325" value="IN"/>
		<feat xlink:href="#sSpan326" value="("/>
		<feat xlink:href="#sSpan327" value="IN"/>
		<feat xlink:href="#sSpan328" value="("/>
		<feat xlink:href="#sSpan329" value="JJ"/>
		<feat xlink:href="#sSpan330" value="("/>
		<feat xlink:href="#sSpan331" value="NP"/>
		<feat xlink:href="#sSpan332" value="("/>
		<feat xlink:href="#sSpan333" value="NN"/>
		<feat xlink:href="#sSpan334" value="JJ"/>
		<feat xlink:href="#sSpan335" value="NN"/>
		<feat xlink:href="#sSpan336" value="("/>
		<feat xlink:href="#sSpan337" value="NN"/>
		<feat xlink:href="#sSpan338" value="NN"/>
		<feat xlink:href="#sSpan339" value="("/>
		<feat xlink:href="#sSpan340" value="IN"/>
		<feat xlink:href="#sSpan341" value="NN"/>
		<feat xlink:href="#sSpan342" value="("/>
		<feat xlink:href="#sSpan343" value="("/>
		<feat xlink:href="#sSpan344" value="DT"/>
		<feat xlink:href="#sSpan345" value="DT"/>
		<feat xlink:href="#sSpan346" value="DT"/>
		<feat xlink:href="#sSpan347" value="NNS"/>
		<feat xlink:href="#sSpan348" value="("/>
		<feat xlink:href="#sSpan349" value="NN"/>
		<feat xlink:href="#sSpan350" value="NN"/>
		<feat xlink:href="#sSpan351" value="NN"/>
		<feat xlink:href="#sSpan352" value="("/>
		<feat xlink:href="#sSpan353" value="JJ"/>
		<feat xlink:href="#sSpan354" value="JJ"/>
		<feat xlink:href="#sSpan355" value="("/>
		<feat xlink:href="#sSpan356" value="("/>
		<feat xlink:href="#sSpan357" value="TO"/>
		<feat xlink:href="#sSpan358" value="NN"/>
		<feat xlink:href="#sSpan359" value="JJ"/>
		<feat xlink:href="#sSpan360" value="IN"/>
		<feat xlink:href="#sSpan361" value="("/>
		<feat xlink:href="#sSpan362" value="IN"/>
		<feat xlink:href="#sSpan363" value="("/>
		<feat xlink:href="#sSpan364" value="IN"/>
		<feat xlink:href="#sSpan365" value="("/>
		<feat xlink:href="#sSpan366" value="IN"/>
		<feat xlink:href="#sSpan367" value="("/>
		<feat xlink:href="#sSpan368" value="IN"/>
		<feat xlink:href="#sSpan369" value="("/>
		<feat xlink:href="#sSpan370" value="VVN"/>
		<feat xlink:href="#sSpan371" value="DT"/>
		<feat xlink:href="#sSpan372" value="WRB"/>
		<feat xlink:href="#sSpan373" value="IN"/>
		<feat xlink:href="#sSpan374" value="("/>
		<feat xlink:href="#sSpan375" value="NN"/>
		<feat xlink:href="#sSpan376" value="VV"/>
		<feat xlink:href="#sSpan377" value="("/>
		<feat xlink:href="#sSpan378" value="("/>
		<feat xlink:href="#sSpan379" value="NP"/>
		<feat xlink:href="#sSpan380" value="("/>
		<feat xlink:href="#sSpan381" value="NP"/>
		<feat xlink:href="#sSpan382" value="("/>
		<feat xlink:href="#sSpan383" value="NP"/>
		<feat xlink:href="#sSpan384" value="("/>
		<feat xlink:href="#sSpan385" value="NP"/>
		<feat xlink:href="#sSpan386" value="("/>
		<feat xlink:href="#sSpan387" value="VVN"/>
		<feat xlink:href="#sSpan388" value="("/>
		<feat xlink:href="#sSpan389" value="IN"/>
		<feat xlink:href="#sSpan390" value="("/>
		<feat xlink:href="#sSpan391" value="VV"/>
		<feat xlink:href="#sSpan392" value="VVN"/>
		<feat xlink:href="#sSpan393" value="("/>
		<feat xlink:href="#sSpan394" value="NP"/>
		<feat xlink:href="#sSpan395" value="("/>
		<feat xlink:href="#sSpan396" value="JJ"/>
		<feat xlink:href="#sSpan397" value="NN"/>
		<feat xlink:href="#sSpan398" value="("/>
		<feat xlink:href="#sSpan399" value="NN"/>
		<feat xlink:href="#sSpan400" value="NN"/>
		<feat xlink:href="#sSpan401" value="("/>
		<feat xlink:href="#sSpan402" value="("/>
		<feat xlink:href="#sSpan403" value="DT"/>
		<feat xlink:href="#sSpan404" value="VVN"/>
		<feat xlink:href="#sSpan405" value="DT"/>
		<feat xlink:href="#sSpan406" value="PP$"/>
		<feat xlink:href="#sSpan407" value="NP"/>
		<feat xlink:href="#sSpan408" value="("/>
		<feat xlink:href="#sSpan409" value="DT"/>
		<feat xlink:href="#sSpan410" value="VVG"/>
		<feat xlink:href="#sSpan411" value="RB"/>
		<feat xlink:href="#sSpan412" value="("/>
		<feat xlink:href="#sSpan413" value="("/>
		<feat xlink:href="#sSpan414" value="IN"/>
		<feat xlink:href="#sSpan415" value="NN"/>
		<feat xlink:href="#sSpan416" value="IN"/>
		<feat xlink:href="#sSpan417" value="WDT"/>
		<feat xlink:href="#sSpan418" value="PP"/>
		<feat xlink:href="#sSpan419" value="CC"/>
		<feat xlink:href="#sSpan420" value="CC"/>
		<feat xlink:href="#sSpan421" value="DT"/>
		<feat xlink:href="#sSpan422" value="DT"/>
		<feat xlink:href="#sSpan423" value="WDT"/>
		<feat xlink:href="#sSpan424" value="("/>
		<feat xlink:href="#sSpan425" value="DT"/>
		<feat xlink:href="#sSpan426" value="IN"/>
		<feat xlink:href="#sSpan427" value="CC"/>
		<feat xlink:href="#sSpan428" value="DT"/>
		<feat xlink:href="#sSpan429" value="DT"/>
		<feat xlink:href="#sSpan430" value="IN"/>
		<feat xlink:href="#sSpan431" value="PP"/>
		<feat xlink:href="#sSpan432" value="DT"/>
		<feat xlink:href="#sSpan433" value="WRB"/>
		<feat xlink:href="#sSpan434" value="DT"/>
		<feat xlink:href="#sSpan435" value="VVN"/>
		<feat xlink:href="#sSpan436" value="PP"/>
		<feat xlink:href="#sSpan437" value="DT"/>
		<feat xlink:href="#sSpan438" value="VVG"/>
		<feat xlink:href="#sSpan439" value="NNS"/>
		<feat xlink:href="#sSpan440" value="("/>
		<feat xlink:href="#sSpan441" value="VVN"/>
		<feat xlink:href="#sSpan442" value="NN"/>
		<feat xlink:href="#sSpan443" value="("/>
		<feat xlink:href="#sSpan444" value="NN"/>
		<feat xlink:href="#sSpan445" value="NNS"/>
		<feat xlink:href="#sSpan446" value="VV"/>
		<feat xlink:href="#sSpan447" value="JJ"/>
		<feat xlink:href="#sSpan448" value="("/>
		<feat xlink:href="#sSpan449" value="VVG"/>
		<feat xlink:href="#sSpan450" value="NN"/>
		<feat xlink:href="#sSpan451" value="NN"/>
		<feat xlink:href="#sSpan452" value="NN"/>
		<feat xlink:href="#sSpan453" value="("/>
		<feat xlink:href="#sSpan454" value="JJ"/>
		<feat xlink:href="#sSpan455" value="JJ"/>
		<feat xlink:href="#sSpan456" value="("/>
		<feat xlink:href="#sSpan457" value="TO"/>
		<feat xlink:href="#sSpan458" value="("/>
		<feat xlink:href="#sSpan459" value="JJ"/>
		<feat xlink:href="#sSpan460" value="("/>
		<feat xlink:href="#sSpan461" value="TO"/>
		<feat xlink:href="#sSpan462" value="TO"/>
		<feat xlink:href="#sSpan463" value="("/>
		<feat xlink:href="#sSpan464" value="TO"/>
		<feat xlink:href="#sSpan465" value="PP"/>
		<feat xlink:href="#sSpan466" value="RB"/></featList></paula>