<?xml version='1.0' encoding='UTF-8'?><!DOCTYPE paula SYSTEM "paula_feat.dtd">
<paula version="1.1">
	<header paula_id="rsd.GENTLE_dictionary_school.mark_head_id"/>
	<featList xmlns:xlink="http://www.w3.org/1999/xlink" type="head_id" xml:base="rsd.GENTLE_dictionary_school.mark.xml">
		<feat xlink:href="#sSpan1" value="1"/>
		<feat xlink:href="#sSpan2" value="2"/>
		<feat xlink:href="#sSpan3" value="3"/>
		<feat xlink:href="#sSpan4" value="4"/>
		<feat xlink:href="#sSpan5" value="6"/>
		<feat xlink:href="#sSpan6" value="8"/>
		<feat xlink:href="#sSpan7" value="10"/>
		<feat xlink:href="#sSpan8" value="14"/>
		<feat xlink:href="#sSpan9" value="16"/>
		<feat xlink:href="#sSpan10" value="19"/>
		<feat xlink:href="#sSpan11" value="21"/>
		<feat xlink:href="#sSpan12" value="23"/>
		<feat xlink:href="#sSpan13" value="24"/>
		<feat xlink:href="#sSpan14" value="29"/>
		<feat xlink:href="#sSpan15" value="34"/>
		<feat xlink:href="#sSpan16" value="51"/>
		<feat xlink:href="#sSpan17" value="54"/>
		<feat xlink:href="#sSpan18" value="69"/>
		<feat xlink:href="#sSpan19" value="74"/>
		<feat xlink:href="#sSpan20" value="82"/>
		<feat xlink:href="#sSpan21" value="85"/>
		<feat xlink:href="#sSpan22" value="91"/>
		<feat xlink:href="#sSpan23" value="94"/>
		<feat xlink:href="#sSpan24" value="100"/>
		<feat xlink:href="#sSpan25" value="108"/>
		<feat xlink:href="#sSpan26" value="116"/>
		<feat xlink:href="#sSpan27" value="119"/>
		<feat xlink:href="#sSpan28" value="135"/>
		<feat xlink:href="#sSpan29" value="140"/>
		<feat xlink:href="#sSpan30" value="141"/>
		<feat xlink:href="#sSpan31" value="143"/>
		<feat xlink:href="#sSpan32" value="145"/>
		<feat xlink:href="#sSpan33" value="146"/>
		<feat xlink:href="#sSpan34" value="148"/>
		<feat xlink:href="#sSpan35" value="151"/>
		<feat xlink:href="#sSpan36" value="153"/>
		<feat xlink:href="#sSpan37" value="156"/>
		<feat xlink:href="#sSpan38" value="159"/>
		<feat xlink:href="#sSpan39" value="162"/>
		<feat xlink:href="#sSpan40" value="182"/>
		<feat xlink:href="#sSpan41" value="190"/>
		<feat xlink:href="#sSpan42" value="192"/>
		<feat xlink:href="#sSpan43" value="194"/>
		<feat xlink:href="#sSpan44" value="197"/>
		<feat xlink:href="#sSpan45" value="198"/>
		<feat xlink:href="#sSpan46" value="199"/>
		<feat xlink:href="#sSpan47" value="207"/>
		<feat xlink:href="#sSpan48" value="211"/>
		<feat xlink:href="#sSpan49" value="218"/>
		<feat xlink:href="#sSpan50" value="221"/>
		<feat xlink:href="#sSpan51" value="225"/>
		<feat xlink:href="#sSpan52" value="228"/>
		<feat xlink:href="#sSpan53" value="237"/>
		<feat xlink:href="#sSpan54" value="240"/>
		<feat xlink:href="#sSpan55" value="244"/>
		<feat xlink:href="#sSpan56" value="252"/>
		<feat xlink:href="#sSpan57" value="260"/>
		<feat xlink:href="#sSpan58" value="263"/>
		<feat xlink:href="#sSpan59" value="270"/>
		<feat xlink:href="#sSpan60" value="276"/>
		<feat xlink:href="#sSpan61" value="289"/>
		<feat xlink:href="#sSpan62" value="291"/>
		<feat xlink:href="#sSpan63" value="295"/>
		<feat xlink:href="#sSpan64" value="301"/>
		<feat xlink:href="#sSpan65" value="309"/>
		<feat xlink:href="#sSpan66" value="317"/>
		<feat xlink:href="#sSpan67" value="321"/>
		<feat xlink:href="#sSpan68" value="328"/>
		<feat xlink:href="#sSpan69" value="332"/>
		<feat xlink:href="#sSpan70" value="340"/>
		<feat xlink:href="#sSpan71" value="346"/>
		<feat xlink:href="#sSpan72" value="354"/>
		<feat xlink:href="#sSpan73" value="360"/>
		<feat xlink:href="#sSpan74" value="368"/>
		<feat xlink:href="#sSpan75" value="371"/>
		<feat xlink:href="#sSpan76" value="378"/>
		<feat xlink:href="#sSpan77" value="381"/>
		<feat xlink:href="#sSpan78" value="388"/>
		<feat xlink:href="#sSpan79" value="391"/>
		<feat xlink:href="#sSpan80" value="397"/>
		<feat xlink:href="#sSpan81" value="400"/>
		<feat xlink:href="#sSpan82" value="404"/>
		<feat xlink:href="#sSpan83" value="414"/>
		<feat xlink:href="#sSpan84" value="427"/>
		<feat xlink:href="#sSpan85" value="430"/>
		<feat xlink:href="#sSpan86" value="438"/>
		<feat xlink:href="#sSpan87" value="442"/>
		<feat xlink:href="#sSpan88" value="451"/>
		<feat xlink:href="#sSpan89" value="460"/>
		<feat xlink:href="#sSpan90" value="465"/>
		<feat xlink:href="#sSpan91" value="470"/>
		<feat xlink:href="#sSpan92" value="471"/>
		<feat xlink:href="#sSpan93" value="473"/>
		<feat xlink:href="#sSpan94" value="475"/>
		<feat xlink:href="#sSpan95" value="476"/>
		<feat xlink:href="#sSpan96" value="478"/>
		<feat xlink:href="#sSpan97" value="486"/>
		<feat xlink:href="#sSpan98" value="491"/>
		<feat xlink:href="#sSpan99" value="492"/>
		<feat xlink:href="#sSpan100" value="500"/>
		<feat xlink:href="#sSpan101" value="504"/>
		<feat xlink:href="#sSpan102" value="519"/>
		<feat xlink:href="#sSpan103" value="522"/>
		<feat xlink:href="#sSpan104" value="526"/>
		<feat xlink:href="#sSpan105" value="527"/>
		<feat xlink:href="#sSpan106" value="536"/>
		<feat xlink:href="#sSpan107" value="538"/>
		<feat xlink:href="#sSpan108" value="544"/>
		<feat xlink:href="#sSpan109" value="551"/>
		<feat xlink:href="#sSpan110" value="563"/>
		<feat xlink:href="#sSpan111" value="578"/>
		<feat xlink:href="#sSpan112" value="589"/>
		<feat xlink:href="#sSpan113" value="598"/>
		<feat xlink:href="#sSpan114" value="606"/>
		<feat xlink:href="#sSpan115" value="617"/>
		<feat xlink:href="#sSpan116" value="623"/>
		<feat xlink:href="#sSpan117" value="636"/>
		<feat xlink:href="#sSpan118" value="647"/>
		<feat xlink:href="#sSpan119" value="661"/>
		<feat xlink:href="#sSpan120" value="665"/>
		<feat xlink:href="#sSpan121" value="675"/>
		<feat xlink:href="#sSpan122" value="681"/>
		<feat xlink:href="#sSpan123" value="687"/>
		<feat xlink:href="#sSpan124" value="694"/>
		<feat xlink:href="#sSpan125" value="699"/>
		<feat xlink:href="#sSpan126" value="710"/>
		<feat xlink:href="#sSpan127" value="716"/>
		<feat xlink:href="#sSpan128" value="730"/>
		<feat xlink:href="#sSpan129" value="733"/>
		<feat xlink:href="#sSpan130" value="744"/>
		<feat xlink:href="#sSpan131" value="758"/>
		<feat xlink:href="#sSpan132" value="765"/>
		<feat xlink:href="#sSpan133" value="766"/>
		<feat xlink:href="#sSpan134" value="781"/>
		<feat xlink:href="#sSpan135" value="783"/>
		<feat xlink:href="#sSpan136" value="784"/>
		<feat xlink:href="#sSpan137" value="791"/>
		<feat xlink:href="#sSpan138" value="798"/>
		<feat xlink:href="#sSpan139" value="805"/>
		<feat xlink:href="#sSpan140" value="812"/>
		<feat xlink:href="#sSpan141" value="813"/>
		<feat xlink:href="#sSpan142" value="819"/>
		<feat xlink:href="#sSpan143" value="821"/>
		<feat xlink:href="#sSpan144" value="822"/>
		<feat xlink:href="#sSpan145" value="830"/>
		<feat xlink:href="#sSpan146" value="839"/>
		<feat xlink:href="#sSpan147" value="840"/>
		<feat xlink:href="#sSpan148" value="848"/>
		<feat xlink:href="#sSpan149" value="852"/>
		<feat xlink:href="#sSpan150" value="859"/>
		<feat xlink:href="#sSpan151" value="862"/>
		<feat xlink:href="#sSpan152" value="865"/>
		<feat xlink:href="#sSpan153" value="880"/>
		<feat xlink:href="#sSpan154" value="888"/>
		<feat xlink:href="#sSpan155" value="893"/>
		<feat xlink:href="#sSpan156" value="896"/>
		<feat xlink:href="#sSpan157" value="900"/>
		<feat xlink:href="#sSpan158" value="908"/>
		<feat xlink:href="#sSpan159" value="911"/>
		<feat xlink:href="#sSpan160" value="921"/>
		<feat xlink:href="#sSpan161" value="929"/></featList></paula>