<?xml version='1.0' encoding='UTF-8'?><!DOCTYPE paula SYSTEM "paula_feat.dtd">
<paula version="1.1">
	<header paula_id="rsd.GENTLE_dictionary_school.mark_edu_num"/>
	<featList xmlns:xlink="http://www.w3.org/1999/xlink" type="edu_num" xml:base="rsd.GENTLE_dictionary_school.mark.xml">
		<feat xlink:href="#sSpan306" value="1"/>
		<feat xlink:href="#sSpan307" value="2"/>
		<feat xlink:href="#sSpan308" value="3"/>
		<feat xlink:href="#sSpan309" value="4"/>
		<feat xlink:href="#sSpan310" value="5"/>
		<feat xlink:href="#sSpan311" value="6"/>
		<feat xlink:href="#sSpan312" value="7"/>
		<feat xlink:href="#sSpan313" value="8"/>
		<feat xlink:href="#sSpan314" value="9"/>
		<feat xlink:href="#sSpan315" value="10"/>
		<feat xlink:href="#sSpan316" value="11"/>
		<feat xlink:href="#sSpan317" value="12"/>
		<feat xlink:href="#sSpan318" value="13"/>
		<feat xlink:href="#sSpan319" value="14"/>
		<feat xlink:href="#sSpan320" value="15"/>
		<feat xlink:href="#sSpan321" value="16"/>
		<feat xlink:href="#sSpan322" value="17"/>
		<feat xlink:href="#sSpan323" value="18"/>
		<feat xlink:href="#sSpan324" value="19"/>
		<feat xlink:href="#sSpan325" value="20"/>
		<feat xlink:href="#sSpan326" value="21"/>
		<feat xlink:href="#sSpan327" value="22"/>
		<feat xlink:href="#sSpan328" value="23"/>
		<feat xlink:href="#sSpan329" value="24"/>
		<feat xlink:href="#sSpan330" value="25"/>
		<feat xlink:href="#sSpan331" value="26"/>
		<feat xlink:href="#sSpan332" value="27"/>
		<feat xlink:href="#sSpan333" value="28"/>
		<feat xlink:href="#sSpan334" value="29"/>
		<feat xlink:href="#sSpan335" value="30"/>
		<feat xlink:href="#sSpan336" value="31"/>
		<feat xlink:href="#sSpan337" value="32"/>
		<feat xlink:href="#sSpan338" value="33"/>
		<feat xlink:href="#sSpan339" value="34"/>
		<feat xlink:href="#sSpan340" value="35"/>
		<feat xlink:href="#sSpan341" value="36"/>
		<feat xlink:href="#sSpan342" value="37"/>
		<feat xlink:href="#sSpan343" value="38"/>
		<feat xlink:href="#sSpan344" value="39"/>
		<feat xlink:href="#sSpan345" value="40"/>
		<feat xlink:href="#sSpan346" value="41"/>
		<feat xlink:href="#sSpan347" value="42"/>
		<feat xlink:href="#sSpan348" value="43"/>
		<feat xlink:href="#sSpan349" value="44"/>
		<feat xlink:href="#sSpan350" value="45"/>
		<feat xlink:href="#sSpan351" value="46"/>
		<feat xlink:href="#sSpan352" value="47"/>
		<feat xlink:href="#sSpan353" value="48"/>
		<feat xlink:href="#sSpan354" value="49"/>
		<feat xlink:href="#sSpan355" value="50"/>
		<feat xlink:href="#sSpan356" value="51"/>
		<feat xlink:href="#sSpan357" value="52"/>
		<feat xlink:href="#sSpan358" value="53"/>
		<feat xlink:href="#sSpan359" value="54"/>
		<feat xlink:href="#sSpan360" value="55"/>
		<feat xlink:href="#sSpan361" value="56"/>
		<feat xlink:href="#sSpan362" value="57"/>
		<feat xlink:href="#sSpan363" value="58"/>
		<feat xlink:href="#sSpan364" value="59"/>
		<feat xlink:href="#sSpan365" value="60"/>
		<feat xlink:href="#sSpan366" value="61"/>
		<feat xlink:href="#sSpan367" value="62"/>
		<feat xlink:href="#sSpan368" value="63"/>
		<feat xlink:href="#sSpan369" value="64"/>
		<feat xlink:href="#sSpan370" value="65"/>
		<feat xlink:href="#sSpan371" value="66"/>
		<feat xlink:href="#sSpan372" value="67"/>
		<feat xlink:href="#sSpan373" value="68"/>
		<feat xlink:href="#sSpan374" value="69"/>
		<feat xlink:href="#sSpan375" value="70"/>
		<feat xlink:href="#sSpan376" value="71"/>
		<feat xlink:href="#sSpan377" value="72"/>
		<feat xlink:href="#sSpan378" value="73"/>
		<feat xlink:href="#sSpan379" value="74"/>
		<feat xlink:href="#sSpan380" value="75"/>
		<feat xlink:href="#sSpan381" value="76"/>
		<feat xlink:href="#sSpan382" value="77"/>
		<feat xlink:href="#sSpan383" value="78"/>
		<feat xlink:href="#sSpan384" value="79"/>
		<feat xlink:href="#sSpan385" value="80"/>
		<feat xlink:href="#sSpan386" value="81"/>
		<feat xlink:href="#sSpan387" value="82"/>
		<feat xlink:href="#sSpan388" value="83"/>
		<feat xlink:href="#sSpan389" value="84"/>
		<feat xlink:href="#sSpan390" value="85"/>
		<feat xlink:href="#sSpan391" value="86"/>
		<feat xlink:href="#sSpan392" value="87"/>
		<feat xlink:href="#sSpan393" value="88"/>
		<feat xlink:href="#sSpan394" value="89"/>
		<feat xlink:href="#sSpan395" value="90"/>
		<feat xlink:href="#sSpan396" value="91"/>
		<feat xlink:href="#sSpan397" value="92"/>
		<feat xlink:href="#sSpan398" value="93"/>
		<feat xlink:href="#sSpan399" value="94"/>
		<feat xlink:href="#sSpan400" value="95"/>
		<feat xlink:href="#sSpan401" value="96"/>
		<feat xlink:href="#sSpan402" value="97"/>
		<feat xlink:href="#sSpan403" value="98"/>
		<feat xlink:href="#sSpan404" value="99"/>
		<feat xlink:href="#sSpan405" value="100"/>
		<feat xlink:href="#sSpan406" value="101"/>
		<feat xlink:href="#sSpan407" value="102"/>
		<feat xlink:href="#sSpan408" value="103"/>
		<feat xlink:href="#sSpan409" value="104"/>
		<feat xlink:href="#sSpan410" value="105"/>
		<feat xlink:href="#sSpan411" value="106"/>
		<feat xlink:href="#sSpan412" value="107"/>
		<feat xlink:href="#sSpan413" value="108"/>
		<feat xlink:href="#sSpan414" value="109"/>
		<feat xlink:href="#sSpan415" value="110"/>
		<feat xlink:href="#sSpan416" value="111"/>
		<feat xlink:href="#sSpan417" value="112"/>
		<feat xlink:href="#sSpan418" value="113"/>
		<feat xlink:href="#sSpan419" value="114"/>
		<feat xlink:href="#sSpan420" value="115"/>
		<feat xlink:href="#sSpan421" value="116"/>
		<feat xlink:href="#sSpan422" value="117"/>
		<feat xlink:href="#sSpan423" value="118"/>
		<feat xlink:href="#sSpan424" value="119"/>
		<feat xlink:href="#sSpan425" value="120"/>
		<feat xlink:href="#sSpan426" value="121"/>
		<feat xlink:href="#sSpan427" value="122"/>
		<feat xlink:href="#sSpan428" value="123"/>
		<feat xlink:href="#sSpan429" value="124"/>
		<feat xlink:href="#sSpan430" value="125"/>
		<feat xlink:href="#sSpan431" value="126"/>
		<feat xlink:href="#sSpan432" value="127"/>
		<feat xlink:href="#sSpan433" value="128"/>
		<feat xlink:href="#sSpan434" value="129"/>
		<feat xlink:href="#sSpan435" value="130"/>
		<feat xlink:href="#sSpan436" value="131"/>
		<feat xlink:href="#sSpan437" value="132"/>
		<feat xlink:href="#sSpan438" value="133"/>
		<feat xlink:href="#sSpan439" value="134"/>
		<feat xlink:href="#sSpan440" value="135"/>
		<feat xlink:href="#sSpan441" value="136"/>
		<feat xlink:href="#sSpan442" value="137"/>
		<feat xlink:href="#sSpan443" value="138"/>
		<feat xlink:href="#sSpan444" value="139"/>
		<feat xlink:href="#sSpan445" value="140"/>
		<feat xlink:href="#sSpan446" value="141"/>
		<feat xlink:href="#sSpan447" value="142"/>
		<feat xlink:href="#sSpan448" value="143"/>
		<feat xlink:href="#sSpan449" value="144"/>
		<feat xlink:href="#sSpan450" value="145"/>
		<feat xlink:href="#sSpan451" value="146"/>
		<feat xlink:href="#sSpan452" value="147"/>
		<feat xlink:href="#sSpan453" value="148"/>
		<feat xlink:href="#sSpan454" value="149"/>
		<feat xlink:href="#sSpan455" value="150"/>
		<feat xlink:href="#sSpan456" value="151"/>
		<feat xlink:href="#sSpan457" value="152"/>
		<feat xlink:href="#sSpan458" value="153"/>
		<feat xlink:href="#sSpan459" value="154"/>
		<feat xlink:href="#sSpan460" value="155"/>
		<feat xlink:href="#sSpan461" value="156"/>
		<feat xlink:href="#sSpan462" value="157"/>
		<feat xlink:href="#sSpan463" value="158"/>
		<feat xlink:href="#sSpan464" value="159"/>
		<feat xlink:href="#sSpan465" value="160"/>
		<feat xlink:href="#sSpan466" value="161"/></featList></paula>