<?xml version='1.0' encoding='UTF-8'?><!DOCTYPE paula SYSTEM "paula_feat.dtd">
<paula version="1.1">
	<header paula_id="rsd.GENTLE_dictionary_school.mark_edu_tense"/>
	<featList xmlns:xlink="http://www.w3.org/1999/xlink" type="edu_tense" xml:base="rsd.GENTLE_dictionary_school.mark.xml">
		<feat xlink:href="#sSpan306" value="None"/>
		<feat xlink:href="#sSpan307" value="None"/>
		<feat xlink:href="#sSpan308" value="None"/>
		<feat xlink:href="#sSpan309" value="None"/>
		<feat xlink:href="#sSpan310" value="None"/>
		<feat xlink:href="#sSpan311" value="None"/>
		<feat xlink:href="#sSpan312" value="None"/>
		<feat xlink:href="#sSpan313" value="None"/>
		<feat xlink:href="#sSpan314" value="None"/>
		<feat xlink:href="#sSpan315" value="None"/>
		<feat xlink:href="#sSpan316" value="None"/>
		<feat xlink:href="#sSpan317" value="None"/>
		<feat xlink:href="#sSpan318" value="None"/>
		<feat xlink:href="#sSpan319" value="None"/>
		<feat xlink:href="#sSpan320" value="None"/>
		<feat xlink:href="#sSpan321" value="None"/>
		<feat xlink:href="#sSpan322" value="None"/>
		<feat xlink:href="#sSpan323" value="None"/>
		<feat xlink:href="#sSpan324" value="None"/>
		<feat xlink:href="#sSpan325" value="None"/>
		<feat xlink:href="#sSpan326" value="None"/>
		<feat xlink:href="#sSpan327" value="None"/>
		<feat xlink:href="#sSpan328" value="None"/>
		<feat xlink:href="#sSpan329" value="None"/>
		<feat xlink:href="#sSpan330" value="None"/>
		<feat xlink:href="#sSpan331" value="None"/>
		<feat xlink:href="#sSpan332" value="None"/>
		<feat xlink:href="#sSpan333" value="None"/>
		<feat xlink:href="#sSpan334" value="None"/>
		<feat xlink:href="#sSpan335" value="None"/>
		<feat xlink:href="#sSpan336" value="None"/>
		<feat xlink:href="#sSpan337" value="None"/>
		<feat xlink:href="#sSpan338" value="None"/>
		<feat xlink:href="#sSpan339" value="None"/>
		<feat xlink:href="#sSpan340" value="None"/>
		<feat xlink:href="#sSpan341" value="None"/>
		<feat xlink:href="#sSpan342" value="None"/>
		<feat xlink:href="#sSpan343" value="None"/>
		<feat xlink:href="#sSpan344" value="None"/>
		<feat xlink:href="#sSpan345" value="PastSimp"/>
		<feat xlink:href="#sSpan346" value="None"/>
		<feat xlink:href="#sSpan347" value="None"/>
		<feat xlink:href="#sSpan348" value="None"/>
		<feat xlink:href="#sSpan349" value="None"/>
		<feat xlink:href="#sSpan350" value="None"/>
		<feat xlink:href="#sSpan351" value="None"/>
		<feat xlink:href="#sSpan352" value="None"/>
		<feat xlink:href="#sSpan353" value="None"/>
		<feat xlink:href="#sSpan354" value="PastSimp"/>
		<feat xlink:href="#sSpan355" value="None"/>
		<feat xlink:href="#sSpan356" value="None"/>
		<feat xlink:href="#sSpan357" value="None"/>
		<feat xlink:href="#sSpan358" value="None"/>
		<feat xlink:href="#sSpan359" value="None"/>
		<feat xlink:href="#sSpan360" value="None"/>
		<feat xlink:href="#sSpan361" value="None"/>
		<feat xlink:href="#sSpan362" value="None"/>
		<feat xlink:href="#sSpan363" value="None"/>
		<feat xlink:href="#sSpan364" value="None"/>
		<feat xlink:href="#sSpan365" value="None"/>
		<feat xlink:href="#sSpan366" value="None"/>
		<feat xlink:href="#sSpan367" value="None"/>
		<feat xlink:href="#sSpan368" value="None"/>
		<feat xlink:href="#sSpan369" value="None"/>
		<feat xlink:href="#sSpan370" value="None"/>
		<feat xlink:href="#sSpan371" value="None"/>
		<feat xlink:href="#sSpan372" value="PastSimp"/>
		<feat xlink:href="#sSpan373" value="None"/>
		<feat xlink:href="#sSpan374" value="None"/>
		<feat xlink:href="#sSpan375" value="None"/>
		<feat xlink:href="#sSpan376" value="None"/>
		<feat xlink:href="#sSpan377" value="None"/>
		<feat xlink:href="#sSpan378" value="None"/>
		<feat xlink:href="#sSpan379" value="None"/>
		<feat xlink:href="#sSpan380" value="None"/>
		<feat xlink:href="#sSpan381" value="None"/>
		<feat xlink:href="#sSpan382" value="None"/>
		<feat xlink:href="#sSpan383" value="None"/>
		<feat xlink:href="#sSpan384" value="None"/>
		<feat xlink:href="#sSpan385" value="None"/>
		<feat xlink:href="#sSpan386" value="None"/>
		<feat xlink:href="#sSpan387" value="None"/>
		<feat xlink:href="#sSpan388" value="None"/>
		<feat xlink:href="#sSpan389" value="None"/>
		<feat xlink:href="#sSpan390" value="None"/>
		<feat xlink:href="#sSpan391" value="None"/>
		<feat xlink:href="#sSpan392" value="None"/>
		<feat xlink:href="#sSpan393" value="None"/>
		<feat xlink:href="#sSpan394" value="None"/>
		<feat xlink:href="#sSpan395" value="None"/>
		<feat xlink:href="#sSpan396" value="None"/>
		<feat xlink:href="#sSpan397" value="None"/>
		<feat xlink:href="#sSpan398" value="None"/>
		<feat xlink:href="#sSpan399" value="None"/>
		<feat xlink:href="#sSpan400" value="None"/>
		<feat xlink:href="#sSpan401" value="None"/>
		<feat xlink:href="#sSpan402" value="None"/>
		<feat xlink:href="#sSpan403" value="None"/>
		<feat xlink:href="#sSpan404" value="None"/>
		<feat xlink:href="#sSpan405" value="None"/>
		<feat xlink:href="#sSpan406" value="Pres"/>
		<feat xlink:href="#sSpan407" value="Pres"/>
		<feat xlink:href="#sSpan408" value="None"/>
		<feat xlink:href="#sSpan409" value="None"/>
		<feat xlink:href="#sSpan410" value="None"/>
		<feat xlink:href="#sSpan411" value="None"/>
		<feat xlink:href="#sSpan412" value="None"/>
		<feat xlink:href="#sSpan413" value="None"/>
		<feat xlink:href="#sSpan414" value="None"/>
		<feat xlink:href="#sSpan415" value="None"/>
		<feat xlink:href="#sSpan416" value="None"/>
		<feat xlink:href="#sSpan417" value="None"/>
		<feat xlink:href="#sSpan418" value="None"/>
		<feat xlink:href="#sSpan419" value="Pres"/>
		<feat xlink:href="#sSpan420" value="Pres"/>
		<feat xlink:href="#sSpan421" value="None"/>
		<feat xlink:href="#sSpan422" value="PastSimp"/>
		<feat xlink:href="#sSpan423" value="PastSimp"/>
		<feat xlink:href="#sSpan424" value="None"/>
		<feat xlink:href="#sSpan425" value="None"/>
		<feat xlink:href="#sSpan426" value="None"/>
		<feat xlink:href="#sSpan427" value="None"/>
		<feat xlink:href="#sSpan428" value="Pres"/>
		<feat xlink:href="#sSpan429" value="None"/>
		<feat xlink:href="#sSpan430" value="None"/>
		<feat xlink:href="#sSpan431" value="Fut"/>
		<feat xlink:href="#sSpan432" value="None"/>
		<feat xlink:href="#sSpan433" value="None"/>
		<feat xlink:href="#sSpan434" value="None"/>
		<feat xlink:href="#sSpan435" value="None"/>
		<feat xlink:href="#sSpan436" value="PastSimp"/>
		<feat xlink:href="#sSpan437" value="None"/>
		<feat xlink:href="#sSpan438" value="None"/>
		<feat xlink:href="#sSpan439" value="None"/>
		<feat xlink:href="#sSpan440" value="None"/>
		<feat xlink:href="#sSpan441" value="None"/>
		<feat xlink:href="#sSpan442" value="None"/>
		<feat xlink:href="#sSpan443" value="None"/>
		<feat xlink:href="#sSpan444" value="None"/>
		<feat xlink:href="#sSpan445" value="None"/>
		<feat xlink:href="#sSpan446" value="None"/>
		<feat xlink:href="#sSpan447" value="None"/>
		<feat xlink:href="#sSpan448" value="None"/>
		<feat xlink:href="#sSpan449" value="None"/>
		<feat xlink:href="#sSpan450" value="None"/>
		<feat xlink:href="#sSpan451" value="None"/>
		<feat xlink:href="#sSpan452" value="None"/>
		<feat xlink:href="#sSpan453" value="None"/>
		<feat xlink:href="#sSpan454" value="None"/>
		<feat xlink:href="#sSpan455" value="PastSimp"/>
		<feat xlink:href="#sSpan456" value="None"/>
		<feat xlink:href="#sSpan457" value="None"/>
		<feat xlink:href="#sSpan458" value="None"/>
		<feat xlink:href="#sSpan459" value="None"/>
		<feat xlink:href="#sSpan460" value="None"/>
		<feat xlink:href="#sSpan461" value="None"/>
		<feat xlink:href="#sSpan462" value="None"/>
		<feat xlink:href="#sSpan463" value="None"/>
		<feat xlink:href="#sSpan464" value="None"/>
		<feat xlink:href="#sSpan465" value="PastSimp"/>
		<feat xlink:href="#sSpan466" value="None"/></featList></paula>