<?xml version='1.0' encoding='UTF-8'?><!DOCTYPE paula SYSTEM "paula_feat.dtd">
<paula version="1.1">
	<header paula_id="rsd.GENTLE_dictionary_school.mark_stype"/>
	<featList xmlns:xlink="http://www.w3.org/1999/xlink" type="stype" xml:base="rsd.GENTLE_dictionary_school.mark.xml">
		<feat xlink:href="#sSpan306" value="frag"/>
		<feat xlink:href="#sSpan307" value="frag"/>
		<feat xlink:href="#sSpan308" value="frag"/>
		<feat xlink:href="#sSpan309" value="other"/>
		<feat xlink:href="#sSpan310" value="other"/>
		<feat xlink:href="#sSpan311" value="other"/>
		<feat xlink:href="#sSpan312" value="other"/>
		<feat xlink:href="#sSpan313" value="other"/>
		<feat xlink:href="#sSpan314" value="frag"/>
		<feat xlink:href="#sSpan315" value="frag"/>
		<feat xlink:href="#sSpan316" value="decl"/>
		<feat xlink:href="#sSpan317" value="decl"/>
		<feat xlink:href="#sSpan318" value="frag"/>
		<feat xlink:href="#sSpan319" value="decl"/>
		<feat xlink:href="#sSpan320" value="decl"/>
		<feat xlink:href="#sSpan321" value="decl"/>
		<feat xlink:href="#sSpan322" value="decl"/>
		<feat xlink:href="#sSpan323" value="decl"/>
		<feat xlink:href="#sSpan324" value="decl"/>
		<feat xlink:href="#sSpan325" value="decl"/>
		<feat xlink:href="#sSpan326" value="decl"/>
		<feat xlink:href="#sSpan327" value="decl"/>
		<feat xlink:href="#sSpan328" value="decl"/>
		<feat xlink:href="#sSpan329" value="decl"/>
		<feat xlink:href="#sSpan330" value="decl"/>
		<feat xlink:href="#sSpan331" value="decl"/>
		<feat xlink:href="#sSpan332" value="decl"/>
		<feat xlink:href="#sSpan333" value="decl"/>
		<feat xlink:href="#sSpan334" value="frag"/>
		<feat xlink:href="#sSpan335" value="frag"/>
		<feat xlink:href="#sSpan336" value="frag"/>
		<feat xlink:href="#sSpan337" value="frag"/>
		<feat xlink:href="#sSpan338" value="frag"/>
		<feat xlink:href="#sSpan339" value="frag"/>
		<feat xlink:href="#sSpan340" value="frag"/>
		<feat xlink:href="#sSpan341" value="frag"/>
		<feat xlink:href="#sSpan342" value="frag"/>
		<feat xlink:href="#sSpan343" value="frag"/>
		<feat xlink:href="#sSpan344" value="frag"/>
		<feat xlink:href="#sSpan345" value="decl"/>
		<feat xlink:href="#sSpan346" value="frag"/>
		<feat xlink:href="#sSpan347" value="frag"/>
		<feat xlink:href="#sSpan348" value="other"/>
		<feat xlink:href="#sSpan349" value="other"/>
		<feat xlink:href="#sSpan350" value="frag"/>
		<feat xlink:href="#sSpan351" value="frag"/>
		<feat xlink:href="#sSpan352" value="frag"/>
		<feat xlink:href="#sSpan353" value="frag"/>
		<feat xlink:href="#sSpan354" value="frag"/>
		<feat xlink:href="#sSpan355" value="frag"/>
		<feat xlink:href="#sSpan356" value="frag"/>
		<feat xlink:href="#sSpan357" value="frag"/>
		<feat xlink:href="#sSpan358" value="frag"/>
		<feat xlink:href="#sSpan359" value="frag"/>
		<feat xlink:href="#sSpan360" value="frag"/>
		<feat xlink:href="#sSpan361" value="frag"/>
		<feat xlink:href="#sSpan362" value="frag"/>
		<feat xlink:href="#sSpan363" value="frag"/>
		<feat xlink:href="#sSpan364" value="frag"/>
		<feat xlink:href="#sSpan365" value="frag"/>
		<feat xlink:href="#sSpan366" value="frag"/>
		<feat xlink:href="#sSpan367" value="frag"/>
		<feat xlink:href="#sSpan368" value="frag"/>
		<feat xlink:href="#sSpan369" value="frag"/>
		<feat xlink:href="#sSpan370" value="frag"/>
		<feat xlink:href="#sSpan371" value="frag"/>
		<feat xlink:href="#sSpan372" value="frag"/>
		<feat xlink:href="#sSpan373" value="frag"/>
		<feat xlink:href="#sSpan374" value="frag"/>
		<feat xlink:href="#sSpan375" value="frag"/>
		<feat xlink:href="#sSpan376" value="imp"/>
		<feat xlink:href="#sSpan377" value="imp"/>
		<feat xlink:href="#sSpan378" value="imp"/>
		<feat xlink:href="#sSpan379" value="imp"/>
		<feat xlink:href="#sSpan380" value="imp"/>
		<feat xlink:href="#sSpan381" value="imp"/>
		<feat xlink:href="#sSpan382" value="imp"/>
		<feat xlink:href="#sSpan383" value="imp"/>
		<feat xlink:href="#sSpan384" value="imp"/>
		<feat xlink:href="#sSpan385" value="imp"/>
		<feat xlink:href="#sSpan386" value="imp"/>
		<feat xlink:href="#sSpan387" value="other"/>
		<feat xlink:href="#sSpan388" value="other"/>
		<feat xlink:href="#sSpan389" value="other"/>
		<feat xlink:href="#sSpan390" value="other"/>
		<feat xlink:href="#sSpan391" value="imp"/>
		<feat xlink:href="#sSpan392" value="other"/>
		<feat xlink:href="#sSpan393" value="other"/>
		<feat xlink:href="#sSpan394" value="other"/>
		<feat xlink:href="#sSpan395" value="other"/>
		<feat xlink:href="#sSpan396" value="frag"/>
		<feat xlink:href="#sSpan397" value="frag"/>
		<feat xlink:href="#sSpan398" value="frag"/>
		<feat xlink:href="#sSpan399" value="frag"/>
		<feat xlink:href="#sSpan400" value="frag"/>
		<feat xlink:href="#sSpan401" value="frag"/>
		<feat xlink:href="#sSpan402" value="decl"/>
		<feat xlink:href="#sSpan403" value="decl"/>
		<feat xlink:href="#sSpan404" value="decl"/>
		<feat xlink:href="#sSpan405" value="decl"/>
		<feat xlink:href="#sSpan406" value="decl"/>
		<feat xlink:href="#sSpan407" value="decl"/>
		<feat xlink:href="#sSpan408" value="frag"/>
		<feat xlink:href="#sSpan409" value="frag"/>
		<feat xlink:href="#sSpan410" value="frag"/>
		<feat xlink:href="#sSpan411" value="frag"/>
		<feat xlink:href="#sSpan412" value="frag"/>
		<feat xlink:href="#sSpan413" value="frag"/>
		<feat xlink:href="#sSpan414" value="frag"/>
		<feat xlink:href="#sSpan415" value="decl"/>
		<feat xlink:href="#sSpan416" value="frag"/>
		<feat xlink:href="#sSpan417" value="frag"/>
		<feat xlink:href="#sSpan418" value="decl"/>
		<feat xlink:href="#sSpan419" value="decl"/>
		<feat xlink:href="#sSpan420" value="decl"/>
		<feat xlink:href="#sSpan421" value="frag"/>
		<feat xlink:href="#sSpan422" value="decl"/>
		<feat xlink:href="#sSpan423" value="decl"/>
		<feat xlink:href="#sSpan424" value="frag"/>
		<feat xlink:href="#sSpan425" value="frag"/>
		<feat xlink:href="#sSpan426" value="frag"/>
		<feat xlink:href="#sSpan427" value="frag"/>
		<feat xlink:href="#sSpan428" value="decl"/>
		<feat xlink:href="#sSpan429" value="frag"/>
		<feat xlink:href="#sSpan430" value="frag"/>
		<feat xlink:href="#sSpan431" value="decl"/>
		<feat xlink:href="#sSpan432" value="frag"/>
		<feat xlink:href="#sSpan433" value="frag"/>
		<feat xlink:href="#sSpan434" value="frag"/>
		<feat xlink:href="#sSpan435" value="frag"/>
		<feat xlink:href="#sSpan436" value="decl"/>
		<feat xlink:href="#sSpan437" value="frag"/>
		<feat xlink:href="#sSpan438" value="frag"/>
		<feat xlink:href="#sSpan439" value="frag"/>
		<feat xlink:href="#sSpan440" value="frag"/>
		<feat xlink:href="#sSpan441" value="frag"/>
		<feat xlink:href="#sSpan442" value="frag"/>
		<feat xlink:href="#sSpan443" value="frag"/>
		<feat xlink:href="#sSpan444" value="frag"/>
		<feat xlink:href="#sSpan445" value="frag"/>
		<feat xlink:href="#sSpan446" value="imp"/>
		<feat xlink:href="#sSpan447" value="frag"/>
		<feat xlink:href="#sSpan448" value="other"/>
		<feat xlink:href="#sSpan449" value="other"/>
		<feat xlink:href="#sSpan450" value="other"/>
		<feat xlink:href="#sSpan451" value="frag"/>
		<feat xlink:href="#sSpan452" value="frag"/>
		<feat xlink:href="#sSpan453" value="frag"/>
		<feat xlink:href="#sSpan454" value="frag"/>
		<feat xlink:href="#sSpan455" value="frag"/>
		<feat xlink:href="#sSpan456" value="inf"/>
		<feat xlink:href="#sSpan457" value="inf"/>
		<feat xlink:href="#sSpan458" value="inf"/>
		<feat xlink:href="#sSpan459" value="decl"/>
		<feat xlink:href="#sSpan460" value="inf"/>
		<feat xlink:href="#sSpan461" value="inf"/>
		<feat xlink:href="#sSpan462" value="inf"/>
		<feat xlink:href="#sSpan463" value="inf"/>
		<feat xlink:href="#sSpan464" value="inf"/>
		<feat xlink:href="#sSpan465" value="decl"/>
		<feat xlink:href="#sSpan466" value="decl"/></featList></paula>