<?xml version='1.0' encoding='UTF-8'?><!DOCTYPE paula SYSTEM "paula_feat.dtd">
<paula version="1.1">
	<header paula_id="rsd.GENTLE_dictionary_school.mark_head_tok"/>
	<featList xmlns:xlink="http://www.w3.org/1999/xlink" type="head_tok" xml:base="rsd.GENTLE_dictionary_school.mark.xml">
		<feat xlink:href="#sSpan306" value="school"/>
		<feat xlink:href="#sSpan307" value="English"/>
		<feat xlink:href="#sSpan308" value="pronunciation"/>
		<feat xlink:href="#sSpan309" value="enPR"/>
		<feat xlink:href="#sSpan310" value="sko͞ol"/>
		<feat xlink:href="#sSpan311" value="IPA"/>
		<feat xlink:href="#sSpan312" value="key"/>
		<feat xlink:href="#sSpan313" value="skuːl"/>
		<feat xlink:href="#sSpan314" value="audio"/>
		<feat xlink:href="#sSpan315" value="Pronunciation"/>
		<feat xlink:href="#sSpan316" value="rhyme"/>
		<feat xlink:href="#sSpan317" value="-uːl"/>
		<feat xlink:href="#sSpan318" value="etymology"/>
		<feat xlink:href="#sSpan319" value="scole"/>
		<feat xlink:href="#sSpan320" value="group"/>
		<feat xlink:href="#sSpan321" value="scole"/>
		<feat xlink:href="#sSpan322" value="multitude"/>
		<feat xlink:href="#sSpan323" value="*scola"/>
		<feat xlink:href="#sSpan324" value="troop"/>
		<feat xlink:href="#sSpan325" value="*skulō"/>
		<feat xlink:href="#sSpan326" value="crowd"/>
		<feat xlink:href="#sSpan327" value="*(s)kʷel-"/>
		<feat xlink:href="#sSpan328" value="crowd"/>
		<feat xlink:href="#sSpan329" value="cognate"/>
		<feat xlink:href="#sSpan330" value="multitude"/>
		<feat xlink:href="#sSpan331" value="scolu"/>
		<feat xlink:href="#sSpan332" value="troop"/>
		<feat xlink:href="#sSpan333" value="doublet"/>
		<feat xlink:href="#sSpan334" value="form"/>
		<feat xlink:href="#sSpan335" value="skull"/>
		<feat xlink:href="#sSpan336" value="obsolete"/>
		<feat xlink:href="#sSpan337" value="noun"/>
		<feat xlink:href="#sSpan338" value="school"/>
		<feat xlink:href="#sSpan339" value="1"/>
		<feat xlink:href="#sSpan340" value="fish"/>
		<feat xlink:href="#sSpan341" value="school"/>
		<feat xlink:href="#sSpan342" value="school"/>
		<feat xlink:href="#sSpan343" value="collective"/>
		<feat xlink:href="#sSpan344" value="group"/>
		<feat xlink:href="#sSpan345" value="encounter"/>
		<feat xlink:href="#sSpan346" value="multitude"/>
		<feat xlink:href="#sSpan347" value="synonym"/>
		<feat xlink:href="#sSpan348" value="fish"/>
		<feat xlink:href="#sSpan349" value="shoal"/>
		<feat xlink:href="#sSpan350" value="verb"/>
		<feat xlink:href="#sSpan351" value="school"/>
		<feat xlink:href="#sSpan352" value="school"/>
		<feat xlink:href="#sSpan353" value="school"/>
		<feat xlink:href="#sSpan354" value="school"/>
		<feat xlink:href="#sSpan355" value="intransitive"/>
		<feat xlink:href="#sSpan356" value="fish"/>
		<feat xlink:href="#sSpan357" value="form"/>
		<feat xlink:href="#sSpan358" value="etymology"/>
		<feat xlink:href="#sSpan359" value="school"/>
		<feat xlink:href="#sSpan360" value="scole"/>
		<feat xlink:href="#sSpan361" value="place"/>
		<feat xlink:href="#sSpan362" value="*skōla"/>
		<feat xlink:href="#sSpan363" value="school"/>
		<feat xlink:href="#sSpan364" value="schola"/>
		<feat xlink:href="#sSpan365" value="discussion"/>
		<feat xlink:href="#sSpan366" value="σχολεῖον"/>
		<feat xlink:href="#sSpan367" value="skholeîon"/>
		<feat xlink:href="#sSpan368" value="σχολή"/>
		<feat xlink:href="#sSpan369" value="time"/>
		<feat xlink:href="#sSpan370" value="gain"/>
		<feat xlink:href="#sSpan371" value="place"/>
		<feat xlink:href="#sSpan372" value="take"/>
		<feat xlink:href="#sSpan373" value="*seǵʰ-"/>
		<feat xlink:href="#sSpan374" value="hold"/>
		<feat xlink:href="#sSpan375" value="doublet"/>
		<feat xlink:href="#sSpan376" value="compare"/>
		<feat xlink:href="#sSpan377" value="school"/>
		<feat xlink:href="#sSpan378" value="skoalle"/>
		<feat xlink:href="#sSpan379" value="school"/>
		<feat xlink:href="#sSpan380" value="school"/>
		<feat xlink:href="#sSpan381" value="School"/>
		<feat xlink:href="#sSpan382" value="school"/>
		<feat xlink:href="#sSpan383" value="scuola"/>
		<feat xlink:href="#sSpan384" value="school"/>
		<feat xlink:href="#sSpan385" value="skóli"/>
		<feat xlink:href="#sSpan386" value="school"/>
		<feat xlink:href="#sSpan387" value="influence"/>
		<feat xlink:href="#sSpan388" value="group"/>
		<feat xlink:href="#sSpan389" value="scole"/>
		<feat xlink:href="#sSpan390" value="multitude"/>
		<feat xlink:href="#sSpan391" value="see"/>
		<feat xlink:href="#sSpan392" value="relate"/>
		<feat xlink:href="#sSpan393" value="Sieg"/>
		<feat xlink:href="#sSpan394" value="siġe"/>
		<feat xlink:href="#sSpan395" value="victory"/>
		<feat xlink:href="#sSpan396" value="form"/>
		<feat xlink:href="#sSpan397" value="schole"/>
		<feat xlink:href="#sSpan398" value="obsolete"/>
		<feat xlink:href="#sSpan399" value="noun"/>
		<feat xlink:href="#sSpan400" value="school"/>
		<feat xlink:href="#sSpan401" value="countable"/>
		<feat xlink:href="#sSpan402" value="US"/>
		<feat xlink:href="#sSpan403" value="institution"/>
		<feat xlink:href="#sSpan404" value="dedicate"/>
		<feat xlink:href="#sSpan405" value="institution"/>
		<feat xlink:href="#sSpan406" value="attend"/>
		<feat xlink:href="#sSpan407" value="school"/>
		<feat xlink:href="#sSpan408" value="Britain"/>
		<feat xlink:href="#sSpan409" value="institution"/>
		<feat xlink:href="#sSpan410" value="provide"/>
		<feat xlink:href="#sSpan411" value="education"/>
		<feat xlink:href="#sSpan412" value="college"/>
		<feat xlink:href="#sSpan413" value="UK"/>
		<feat xlink:href="#sSpan414" value="period"/>
		<feat xlink:href="#sSpan415" value="study"/>
		<feat xlink:href="#sSpan416" value="unit"/>
		<feat xlink:href="#sSpan417" value="dedicate"/>
		<feat xlink:href="#sSpan418" value="enroll"/>
		<feat xlink:href="#sSpan419" value="attend"/>
		<feat xlink:href="#sSpan420" value="School"/>
		<feat xlink:href="#sSpan421" value="movement"/>
		<feat xlink:href="#sSpan422" value="part"/>
		<feat xlink:href="#sSpan423" value="arise"/>
		<feat xlink:href="#sSpan424" value="consider"/>
		<feat xlink:href="#sSpan425" value="follower"/>
		<feat xlink:href="#sSpan426" value="think"/>
		<feat xlink:href="#sSpan427" value="school"/>
		<feat xlink:href="#sSpan428" value="belong"/>
		<feat xlink:href="#sSpan429" value="time"/>
		<feat xlink:href="#sSpan430" value="attend"/>
		<feat xlink:href="#sSpan431" value="see"/>
		<feat xlink:href="#sSpan432" value="room"/>
		<feat xlink:href="#sSpan433" value="hold"/>
		<feat xlink:href="#sSpan434" value="canon"/>
		<feat xlink:href="#sSpan435" value="sanction"/>
		<feat xlink:href="#sSpan436" value="gentleman"/>
		<feat xlink:href="#sSpan437" value="establishment"/>
		<feat xlink:href="#sSpan438" value="offer"/>
		<feat xlink:href="#sSpan439" value="synonym"/>
		<feat xlink:href="#sSpan440" value="institution"/>
		<feat xlink:href="#sSpan441" value="dedicate"/>
		<feat xlink:href="#sSpan442" value="academy"/>
		<feat xlink:href="#sSpan443" value="unity"/>
		<feat xlink:href="#sSpan444" value="college"/>
		<feat xlink:href="#sSpan445" value="hyponym"/>
		<feat xlink:href="#sSpan446" value="see"/>
		<feat xlink:href="#sSpan447" value="term"/>
		<feat xlink:href="#sSpan448" value="institution"/>
		<feat xlink:href="#sSpan449" value="provide"/>
		<feat xlink:href="#sSpan450" value="school"/>
		<feat xlink:href="#sSpan451" value="verb"/>
		<feat xlink:href="#sSpan452" value="school"/>
		<feat xlink:href="#sSpan453" value="school"/>
		<feat xlink:href="#sSpan454" value="school"/>
		<feat xlink:href="#sSpan455" value="school"/>
		<feat xlink:href="#sSpan456" value="transitive"/>
		<feat xlink:href="#sSpan457" value="educate"/>
		<feat xlink:href="#sSpan458" value="school"/>
		<feat xlink:href="#sSpan459" value="school"/>
		<feat xlink:href="#sSpan460" value="transitive"/>
		<feat xlink:href="#sSpan461" value="defeat"/>
		<feat xlink:href="#sSpan462" value="teach"/>
		<feat xlink:href="#sSpan463" value="transitive"/>
		<feat xlink:href="#sSpan464" value="control"/>
		<feat xlink:href="#sSpan465" value="take"/>
		<feat xlink:href="#sSpan466" value="give"/></featList></paula>