<?xml version='1.0' encoding='UTF-8'?><!DOCTYPE paula SYSTEM "paula_feat.dtd">
<paula version="1.1">
	<header paula_id="rsd.GENTLE_dictionary_school.mark_head_pos"/>
	<featList xmlns:xlink="http://www.w3.org/1999/xlink" type="head_pos" xml:base="rsd.GENTLE_dictionary_school.mark.xml">
		<feat xlink:href="#sSpan1" value="NN"/>
		<feat xlink:href="#sSpan2" value="NP"/>
		<feat xlink:href="#sSpan3" value="NN"/>
		<feat xlink:href="#sSpan4" value="NN"/>
		<feat xlink:href="#sSpan5" value="NN"/>
		<feat xlink:href="#sSpan6" value="NP"/>
		<feat xlink:href="#sSpan7" value="NN"/>
		<feat xlink:href="#sSpan8" value="NN"/>
		<feat xlink:href="#sSpan9" value="NN"/>
		<feat xlink:href="#sSpan10" value="NP"/>
		<feat xlink:href="#sSpan11" value="NNS"/>
		<feat xlink:href="#sSpan12" value="UH"/>
		<feat xlink:href="#sSpan13" value="NN"/>
		<feat xlink:href="#sSpan14" value="FW"/>
		<feat xlink:href="#sSpan15" value="NN"/>
		<feat xlink:href="#sSpan16" value="FW"/>
		<feat xlink:href="#sSpan17" value="NN"/>
		<feat xlink:href="#sSpan18" value="FW"/>
		<feat xlink:href="#sSpan19" value="NN"/>
		<feat xlink:href="#sSpan20" value="FW"/>
		<feat xlink:href="#sSpan21" value="NN"/>
		<feat xlink:href="#sSpan22" value="FW"/>
		<feat xlink:href="#sSpan23" value="NN"/>
		<feat xlink:href="#sSpan24" value="JJ"/>
		<feat xlink:href="#sSpan25" value="NN"/>
		<feat xlink:href="#sSpan26" value="NN"/>
		<feat xlink:href="#sSpan27" value="NN"/>
		<feat xlink:href="#sSpan28" value="NN"/>
		<feat xlink:href="#sSpan29" value="NNS"/>
		<feat xlink:href="#sSpan30" value="NN"/>
		<feat xlink:href="#sSpan31" value="JJ"/>
		<feat xlink:href="#sSpan32" value="NN"/>
		<feat xlink:href="#sSpan33" value="NN"/>
		<feat xlink:href="#sSpan34" value="CD"/>
		<feat xlink:href="#sSpan35" value="NN"/>
		<feat xlink:href="#sSpan36" value="NN"/>
		<feat xlink:href="#sSpan37" value="NNS"/>
		<feat xlink:href="#sSpan38" value="JJ"/>
		<feat xlink:href="#sSpan39" value="NN"/>
		<feat xlink:href="#sSpan40" value="VVD"/>
		<feat xlink:href="#sSpan41" value="NN"/>
		<feat xlink:href="#sSpan42" value="NNS"/>
		<feat xlink:href="#sSpan43" value="NNS"/>
		<feat xlink:href="#sSpan44" value="NN"/>
		<feat xlink:href="#sSpan45" value="NN"/>
		<feat xlink:href="#sSpan46" value="NN"/>
		<feat xlink:href="#sSpan47" value="NNS"/>
		<feat xlink:href="#sSpan48" value="VVG"/>
		<feat xlink:href="#sSpan49" value="VVD"/>
		<feat xlink:href="#sSpan50" value="JJ"/>
		<feat xlink:href="#sSpan51" value="NN"/>
		<feat xlink:href="#sSpan52" value="VV"/>
		<feat xlink:href="#sSpan53" value="NN"/>
		<feat xlink:href="#sSpan54" value="NN"/>
		<feat xlink:href="#sSpan55" value="FW"/>
		<feat xlink:href="#sSpan56" value="NN"/>
		<feat xlink:href="#sSpan57" value="FW"/>
		<feat xlink:href="#sSpan58" value="NN"/>
		<feat xlink:href="#sSpan59" value="NN"/>
		<feat xlink:href="#sSpan60" value="NN"/>
		<feat xlink:href="#sSpan61" value="FW"/>
		<feat xlink:href="#sSpan62" value="FW"/>
		<feat xlink:href="#sSpan63" value="FW"/>
		<feat xlink:href="#sSpan64" value="NN"/>
		<feat xlink:href="#sSpan65" value="VVN"/>
		<feat xlink:href="#sSpan66" value="NNS"/>
		<feat xlink:href="#sSpan67" value="VVD"/>
		<feat xlink:href="#sSpan68" value="FW"/>
		<feat xlink:href="#sSpan69" value="VV"/>
		<feat xlink:href="#sSpan70" value="NN"/>
		<feat xlink:href="#sSpan71" value="VV"/>
		<feat xlink:href="#sSpan72" value="NN"/>
		<feat xlink:href="#sSpan73" value="FW"/>
		<feat xlink:href="#sSpan74" value="FW"/>
		<feat xlink:href="#sSpan75" value="NN"/>
		<feat xlink:href="#sSpan76" value="FW"/>
		<feat xlink:href="#sSpan77" value="NN"/>
		<feat xlink:href="#sSpan78" value="FW"/>
		<feat xlink:href="#sSpan79" value="NN"/>
		<feat xlink:href="#sSpan80" value="FW"/>
		<feat xlink:href="#sSpan81" value="NN"/>
		<feat xlink:href="#sSpan82" value="VVN"/>
		<feat xlink:href="#sSpan83" value="NN"/>
		<feat xlink:href="#sSpan84" value="FW"/>
		<feat xlink:href="#sSpan85" value="NN"/>
		<feat xlink:href="#sSpan86" value="VV"/>
		<feat xlink:href="#sSpan87" value="VVN"/>
		<feat xlink:href="#sSpan88" value="FW"/>
		<feat xlink:href="#sSpan89" value="FW"/>
		<feat xlink:href="#sSpan90" value="NN"/>
		<feat xlink:href="#sSpan91" value="NNS"/>
		<feat xlink:href="#sSpan92" value="NN"/>
		<feat xlink:href="#sSpan93" value="JJ"/>
		<feat xlink:href="#sSpan94" value="NN"/>
		<feat xlink:href="#sSpan95" value="NN"/>
		<feat xlink:href="#sSpan96" value="JJ"/>
		<feat xlink:href="#sSpan97" value="NP"/>
		<feat xlink:href="#sSpan98" value="NN"/>
		<feat xlink:href="#sSpan99" value="VVN"/>
		<feat xlink:href="#sSpan100" value="NN"/>
		<feat xlink:href="#sSpan101" value="VVP"/>
		<feat xlink:href="#sSpan102" value="NN"/>
		<feat xlink:href="#sSpan103" value="NP"/>
		<feat xlink:href="#sSpan104" value="NN"/>
		<feat xlink:href="#sSpan105" value="VVG"/>
		<feat xlink:href="#sSpan106" value="NN"/>
		<feat xlink:href="#sSpan107" value="NN"/>
		<feat xlink:href="#sSpan108" value="NP"/>
		<feat xlink:href="#sSpan109" value="NN"/>
		<feat xlink:href="#sSpan110" value="VVN"/>
		<feat xlink:href="#sSpan111" value="NN"/>
		<feat xlink:href="#sSpan112" value="VVN"/>
		<feat xlink:href="#sSpan113" value="VVN"/>
		<feat xlink:href="#sSpan114" value="VVP"/>
		<feat xlink:href="#sSpan115" value="NP"/>
		<feat xlink:href="#sSpan116" value="NN"/>
		<feat xlink:href="#sSpan117" value="NN"/>
		<feat xlink:href="#sSpan118" value="VVD"/>
		<feat xlink:href="#sSpan119" value="VVN"/>
		<feat xlink:href="#sSpan120" value="NNS"/>
		<feat xlink:href="#sSpan121" value="VVG"/>
		<feat xlink:href="#sSpan122" value="NN"/>
		<feat xlink:href="#sSpan123" value="VVP"/>
		<feat xlink:href="#sSpan124" value="NN"/>
		<feat xlink:href="#sSpan125" value="VVN"/>
		<feat xlink:href="#sSpan126" value="VV"/>
		<feat xlink:href="#sSpan127" value="NN"/>
		<feat xlink:href="#sSpan128" value="VVN"/>
		<feat xlink:href="#sSpan129" value="NNS"/>
		<feat xlink:href="#sSpan130" value="VVN"/>
		<feat xlink:href="#sSpan131" value="NN"/>
		<feat xlink:href="#sSpan132" value="NN"/>
		<feat xlink:href="#sSpan133" value="VVG"/>
		<feat xlink:href="#sSpan134" value="NNS"/>
		<feat xlink:href="#sSpan135" value="NN"/>
		<feat xlink:href="#sSpan136" value="VVN"/>
		<feat xlink:href="#sSpan137" value="NN"/>
		<feat xlink:href="#sSpan138" value="NN"/>
		<feat xlink:href="#sSpan139" value="NN"/>
		<feat xlink:href="#sSpan140" value="NNS"/>
		<feat xlink:href="#sSpan141" value="VV"/>
		<feat xlink:href="#sSpan142" value="NNS"/>
		<feat xlink:href="#sSpan143" value="NN"/>
		<feat xlink:href="#sSpan144" value="VVG"/>
		<feat xlink:href="#sSpan145" value="NN"/>
		<feat xlink:href="#sSpan146" value="NN"/>
		<feat xlink:href="#sSpan147" value="NN"/>
		<feat xlink:href="#sSpan148" value="NNS"/>
		<feat xlink:href="#sSpan149" value="VVG"/>
		<feat xlink:href="#sSpan150" value="VVD"/>
		<feat xlink:href="#sSpan151" value="JJ"/>
		<feat xlink:href="#sSpan152" value="VV"/>
		<feat xlink:href="#sSpan153" value="NN"/>
		<feat xlink:href="#sSpan154" value="VVN"/>
		<feat xlink:href="#sSpan155" value="JJ"/>
		<feat xlink:href="#sSpan156" value="VV"/>
		<feat xlink:href="#sSpan157" value="VV"/>
		<feat xlink:href="#sSpan158" value="JJ"/>
		<feat xlink:href="#sSpan159" value="VV"/>
		<feat xlink:href="#sSpan160" value="VVD"/>
		<feat xlink:href="#sSpan161" value="VVG"/></featList></paula>