<?xml version='1.0' encoding='UTF-8'?><!DOCTYPE paula SYSTEM "paula_feat.dtd">
<paula version="1.1">
	<header paula_id="rsd.GENTLE_dictionary_school.mark_head_func"/>
	<featList xmlns:xlink="http://www.w3.org/1999/xlink" type="head_func" xml:base="rsd.GENTLE_dictionary_school.mark.xml">
		<feat xlink:href="#sSpan306" value="root"/>
		<feat xlink:href="#sSpan307" value="root"/>
		<feat xlink:href="#sSpan308" value="root"/>
		<feat xlink:href="#sSpan309" value="dep"/>
		<feat xlink:href="#sSpan310" value="root"/>
		<feat xlink:href="#sSpan311" value="dep"/>
		<feat xlink:href="#sSpan312" value="parataxis"/>
		<feat xlink:href="#sSpan313" value="parataxis"/>
		<feat xlink:href="#sSpan314" value="root"/>
		<feat xlink:href="#sSpan315" value="parataxis"/>
		<feat xlink:href="#sSpan316" value="dep"/>
		<feat xlink:href="#sSpan317" value="root"/>
		<feat xlink:href="#sSpan318" value="root"/>
		<feat xlink:href="#sSpan319" value="root"/>
		<feat xlink:href="#sSpan320" value="appos"/>
		<feat xlink:href="#sSpan321" value="nmod"/>
		<feat xlink:href="#sSpan322" value="appos"/>
		<feat xlink:href="#sSpan323" value="nmod"/>
		<feat xlink:href="#sSpan324" value="appos"/>
		<feat xlink:href="#sSpan325" value="nmod"/>
		<feat xlink:href="#sSpan326" value="appos"/>
		<feat xlink:href="#sSpan327" value="nmod"/>
		<feat xlink:href="#sSpan328" value="appos"/>
		<feat xlink:href="#sSpan329" value="root"/>
		<feat xlink:href="#sSpan330" value="appos"/>
		<feat xlink:href="#sSpan331" value="conj"/>
		<feat xlink:href="#sSpan332" value="appos"/>
		<feat xlink:href="#sSpan333" value="parataxis"/>
		<feat xlink:href="#sSpan334" value="root"/>
		<feat xlink:href="#sSpan335" value="root"/>
		<feat xlink:href="#sSpan336" value="parataxis"/>
		<feat xlink:href="#sSpan337" value="root"/>
		<feat xlink:href="#sSpan338" value="root"/>
		<feat xlink:href="#sSpan339" value="dep"/>
		<feat xlink:href="#sSpan340" value="nmod"/>
		<feat xlink:href="#sSpan341" value="root"/>
		<feat xlink:href="#sSpan342" value="parataxis"/>
		<feat xlink:href="#sSpan343" value="parataxis"/>
		<feat xlink:href="#sSpan344" value="root"/>
		<feat xlink:href="#sSpan345" value="root"/>
		<feat xlink:href="#sSpan346" value="root"/>
		<feat xlink:href="#sSpan347" value="root"/>
		<feat xlink:href="#sSpan348" value="parataxis"/>
		<feat xlink:href="#sSpan349" value="root"/>
		<feat xlink:href="#sSpan350" value="root"/>
		<feat xlink:href="#sSpan351" value="root"/>
		<feat xlink:href="#sSpan352" value="parataxis"/>
		<feat xlink:href="#sSpan353" value="conj"/>
		<feat xlink:href="#sSpan354" value="conj"/>
		<feat xlink:href="#sSpan355" value="parataxis"/>
		<feat xlink:href="#sSpan356" value="obl"/>
		<feat xlink:href="#sSpan357" value="root"/>
		<feat xlink:href="#sSpan358" value="root"/>
		<feat xlink:href="#sSpan359" value="root"/>
		<feat xlink:href="#sSpan360" value="root"/>
		<feat xlink:href="#sSpan361" value="appos"/>
		<feat xlink:href="#sSpan362" value="nmod"/>
		<feat xlink:href="#sSpan363" value="appos"/>
		<feat xlink:href="#sSpan364" value="nmod"/>
		<feat xlink:href="#sSpan365" value="appos"/>
		<feat xlink:href="#sSpan366" value="nmod"/>
		<feat xlink:href="#sSpan367" value="appos"/>
		<feat xlink:href="#sSpan368" value="nmod"/>
		<feat xlink:href="#sSpan369" value="appos"/>
		<feat xlink:href="#sSpan370" value="acl"/>
		<feat xlink:href="#sSpan371" value="conj"/>
		<feat xlink:href="#sSpan372" value="acl:relcl"/>
		<feat xlink:href="#sSpan373" value="nmod"/>
		<feat xlink:href="#sSpan374" value="appos"/>
		<feat xlink:href="#sSpan375" value="root"/>
		<feat xlink:href="#sSpan376" value="root"/>
		<feat xlink:href="#sSpan377" value="appos"/>
		<feat xlink:href="#sSpan378" value="conj"/>
		<feat xlink:href="#sSpan379" value="conj"/>
		<feat xlink:href="#sSpan380" value="appos"/>
		<feat xlink:href="#sSpan381" value="conj"/>
		<feat xlink:href="#sSpan382" value="appos"/>
		<feat xlink:href="#sSpan383" value="conj"/>
		<feat xlink:href="#sSpan384" value="appos"/>
		<feat xlink:href="#sSpan385" value="conj"/>
		<feat xlink:href="#sSpan386" value="appos"/>
		<feat xlink:href="#sSpan387" value="root"/>
		<feat xlink:href="#sSpan388" value="appos"/>
		<feat xlink:href="#sSpan389" value="nmod"/>
		<feat xlink:href="#sSpan390" value="appos"/>
		<feat xlink:href="#sSpan391" value="root"/>
		<feat xlink:href="#sSpan392" value="root"/>
		<feat xlink:href="#sSpan393" value="conj"/>
		<feat xlink:href="#sSpan394" value="conj"/>
		<feat xlink:href="#sSpan395" value="appos"/>
		<feat xlink:href="#sSpan396" value="root"/>
		<feat xlink:href="#sSpan397" value="root"/>
		<feat xlink:href="#sSpan398" value="parataxis"/>
		<feat xlink:href="#sSpan399" value="root"/>
		<feat xlink:href="#sSpan400" value="root"/>
		<feat xlink:href="#sSpan401" value="parataxis"/>
		<feat xlink:href="#sSpan402" value="parataxis"/>
		<feat xlink:href="#sSpan403" value="root"/>
		<feat xlink:href="#sSpan404" value="acl"/>
		<feat xlink:href="#sSpan405" value="parataxis"/>
		<feat xlink:href="#sSpan406" value="root"/>
		<feat xlink:href="#sSpan407" value="root"/>
		<feat xlink:href="#sSpan408" value="parataxis"/>
		<feat xlink:href="#sSpan409" value="root"/>
		<feat xlink:href="#sSpan410" value="acl"/>
		<feat xlink:href="#sSpan411" value="obl"/>
		<feat xlink:href="#sSpan412" value="parataxis"/>
		<feat xlink:href="#sSpan413" value="parataxis"/>
		<feat xlink:href="#sSpan414" value="root"/>
		<feat xlink:href="#sSpan415" value="root"/>
		<feat xlink:href="#sSpan416" value="root"/>
		<feat xlink:href="#sSpan417" value="acl:relcl"/>
		<feat xlink:href="#sSpan418" value="root"/>
		<feat xlink:href="#sSpan419" value="conj"/>
		<feat xlink:href="#sSpan420" value="conj"/>
		<feat xlink:href="#sSpan421" value="root"/>
		<feat xlink:href="#sSpan422" value="root"/>
		<feat xlink:href="#sSpan423" value="acl:relcl"/>
		<feat xlink:href="#sSpan424" value="parataxis"/>
		<feat xlink:href="#sSpan425" value="root"/>
		<feat xlink:href="#sSpan426" value="advcl"/>
		<feat xlink:href="#sSpan427" value="parataxis"/>
		<feat xlink:href="#sSpan428" value="root"/>
		<feat xlink:href="#sSpan429" value="root"/>
		<feat xlink:href="#sSpan430" value="acl:relcl"/>
		<feat xlink:href="#sSpan431" value="root"/>
		<feat xlink:href="#sSpan432" value="root"/>
		<feat xlink:href="#sSpan433" value="acl:relcl"/>
		<feat xlink:href="#sSpan434" value="root"/>
		<feat xlink:href="#sSpan435" value="acl"/>
		<feat xlink:href="#sSpan436" value="root"/>
		<feat xlink:href="#sSpan437" value="root"/>
		<feat xlink:href="#sSpan438" value="acl"/>
		<feat xlink:href="#sSpan439" value="root"/>
		<feat xlink:href="#sSpan440" value="parataxis"/>
		<feat xlink:href="#sSpan441" value="acl"/>
		<feat xlink:href="#sSpan442" value="root"/>
		<feat xlink:href="#sSpan443" value="parataxis"/>
		<feat xlink:href="#sSpan444" value="root"/>
		<feat xlink:href="#sSpan445" value="root"/>
		<feat xlink:href="#sSpan446" value="root"/>
		<feat xlink:href="#sSpan447" value="root"/>
		<feat xlink:href="#sSpan448" value="parataxis"/>
		<feat xlink:href="#sSpan449" value="acl"/>
		<feat xlink:href="#sSpan450" value="root"/>
		<feat xlink:href="#sSpan451" value="root"/>
		<feat xlink:href="#sSpan452" value="root"/>
		<feat xlink:href="#sSpan453" value="parataxis"/>
		<feat xlink:href="#sSpan454" value="conj"/>
		<feat xlink:href="#sSpan455" value="conj"/>
		<feat xlink:href="#sSpan456" value="parataxis"/>
		<feat xlink:href="#sSpan457" value="root"/>
		<feat xlink:href="#sSpan458" value="obl"/>
		<feat xlink:href="#sSpan459" value="root"/>
		<feat xlink:href="#sSpan460" value="parataxis"/>
		<feat xlink:href="#sSpan461" value="root"/>
		<feat xlink:href="#sSpan462" value="conj"/>
		<feat xlink:href="#sSpan463" value="parataxis"/>
		<feat xlink:href="#sSpan464" value="root"/>
		<feat xlink:href="#sSpan465" value="root"/>
		<feat xlink:href="#sSpan466" value="advcl"/></featList></paula>