<?xml version='1.0' encoding='UTF-8'?><!DOCTYPE paula SYSTEM "paula_feat.dtd">
<paula version="1.1">
	<header paula_id="rsd.GENTLE_dictionary_school.mark_parent_pos"/>
	<featList xmlns:xlink="http://www.w3.org/1999/xlink" type="parent_pos" xml:base="rsd.GENTLE_dictionary_school.mark.xml">
		<feat xlink:href="#sSpan306" value="_"/>
		<feat xlink:href="#sSpan307" value="_"/>
		<feat xlink:href="#sSpan308" value="_"/>
		<feat xlink:href="#sSpan310" value="_"/>
		<feat xlink:href="#sSpan314" value="_"/>
		<feat xlink:href="#sSpan317" value="_"/>
		<feat xlink:href="#sSpan318" value="_"/>
		<feat xlink:href="#sSpan319" value="_"/>
		<feat xlink:href="#sSpan329" value="_"/>
		<feat xlink:href="#sSpan334" value="_"/>
		<feat xlink:href="#sSpan335" value="_"/>
		<feat xlink:href="#sSpan337" value="_"/>
		<feat xlink:href="#sSpan338" value="_"/>
		<feat xlink:href="#sSpan341" value="_"/>
		<feat xlink:href="#sSpan344" value="_"/>
		<feat xlink:href="#sSpan345" value="_"/>
		<feat xlink:href="#sSpan346" value="_"/>
		<feat xlink:href="#sSpan347" value="_"/>
		<feat xlink:href="#sSpan349" value="_"/>
		<feat xlink:href="#sSpan350" value="_"/>
		<feat xlink:href="#sSpan351" value="_"/>
		<feat xlink:href="#sSpan357" value="_"/>
		<feat xlink:href="#sSpan358" value="_"/>
		<feat xlink:href="#sSpan359" value="_"/>
		<feat xlink:href="#sSpan360" value="_"/>
		<feat xlink:href="#sSpan375" value="_"/>
		<feat xlink:href="#sSpan376" value="_"/>
		<feat xlink:href="#sSpan387" value="_"/>
		<feat xlink:href="#sSpan391" value="_"/>
		<feat xlink:href="#sSpan392" value="_"/>
		<feat xlink:href="#sSpan396" value="_"/>
		<feat xlink:href="#sSpan397" value="_"/>
		<feat xlink:href="#sSpan399" value="_"/>
		<feat xlink:href="#sSpan400" value="_"/>
		<feat xlink:href="#sSpan403" value="_"/>
		<feat xlink:href="#sSpan406" value="_"/>
		<feat xlink:href="#sSpan407" value="_"/>
		<feat xlink:href="#sSpan409" value="_"/>
		<feat xlink:href="#sSpan414" value="_"/>
		<feat xlink:href="#sSpan415" value="_"/>
		<feat xlink:href="#sSpan416" value="_"/>
		<feat xlink:href="#sSpan418" value="_"/>
		<feat xlink:href="#sSpan421" value="_"/>
		<feat xlink:href="#sSpan422" value="_"/>
		<feat xlink:href="#sSpan425" value="_"/>
		<feat xlink:href="#sSpan428" value="_"/>
		<feat xlink:href="#sSpan429" value="_"/>
		<feat xlink:href="#sSpan431" value="_"/>
		<feat xlink:href="#sSpan432" value="_"/>
		<feat xlink:href="#sSpan434" value="_"/>
		<feat xlink:href="#sSpan436" value="_"/>
		<feat xlink:href="#sSpan437" value="_"/>
		<feat xlink:href="#sSpan439" value="_"/>
		<feat xlink:href="#sSpan442" value="_"/>
		<feat xlink:href="#sSpan444" value="_"/>
		<feat xlink:href="#sSpan445" value="_"/>
		<feat xlink:href="#sSpan446" value="_"/>
		<feat xlink:href="#sSpan447" value="_"/>
		<feat xlink:href="#sSpan450" value="_"/>
		<feat xlink:href="#sSpan451" value="_"/>
		<feat xlink:href="#sSpan452" value="_"/>
		<feat xlink:href="#sSpan457" value="_"/>
		<feat xlink:href="#sSpan459" value="_"/>
		<feat xlink:href="#sSpan461" value="_"/>
		<feat xlink:href="#sSpan464" value="_"/>
		<feat xlink:href="#sSpan465" value="_"/></featList></paula>