<?xml version='1.0' encoding='UTF-8'?><!DOCTYPE paula SYSTEM "paula_feat.dtd">
<paula version="1.1">
	<header paula_id="rsd.GENTLE_dictionary_school.mark_parent_pos"/>
	<featList xmlns:xlink="http://www.w3.org/1999/xlink" type="parent_pos" xml:base="rsd.GENTLE_dictionary_school.mark.xml">
		<feat xlink:href="#sSpan1" value="_"/>
		<feat xlink:href="#sSpan2" value="_"/>
		<feat xlink:href="#sSpan3" value="_"/>
		<feat xlink:href="#sSpan5" value="_"/>
		<feat xlink:href="#sSpan9" value="_"/>
		<feat xlink:href="#sSpan12" value="_"/>
		<feat xlink:href="#sSpan13" value="_"/>
		<feat xlink:href="#sSpan14" value="_"/>
		<feat xlink:href="#sSpan24" value="_"/>
		<feat xlink:href="#sSpan29" value="_"/>
		<feat xlink:href="#sSpan30" value="_"/>
		<feat xlink:href="#sSpan32" value="_"/>
		<feat xlink:href="#sSpan33" value="_"/>
		<feat xlink:href="#sSpan36" value="_"/>
		<feat xlink:href="#sSpan39" value="_"/>
		<feat xlink:href="#sSpan40" value="_"/>
		<feat xlink:href="#sSpan41" value="_"/>
		<feat xlink:href="#sSpan42" value="_"/>
		<feat xlink:href="#sSpan44" value="_"/>
		<feat xlink:href="#sSpan45" value="_"/>
		<feat xlink:href="#sSpan46" value="_"/>
		<feat xlink:href="#sSpan52" value="_"/>
		<feat xlink:href="#sSpan53" value="_"/>
		<feat xlink:href="#sSpan54" value="_"/>
		<feat xlink:href="#sSpan55" value="_"/>
		<feat xlink:href="#sSpan70" value="_"/>
		<feat xlink:href="#sSpan71" value="_"/>
		<feat xlink:href="#sSpan82" value="_"/>
		<feat xlink:href="#sSpan86" value="_"/>
		<feat xlink:href="#sSpan87" value="_"/>
		<feat xlink:href="#sSpan91" value="_"/>
		<feat xlink:href="#sSpan92" value="_"/>
		<feat xlink:href="#sSpan94" value="_"/>
		<feat xlink:href="#sSpan95" value="_"/>
		<feat xlink:href="#sSpan98" value="_"/>
		<feat xlink:href="#sSpan101" value="_"/>
		<feat xlink:href="#sSpan102" value="_"/>
		<feat xlink:href="#sSpan104" value="_"/>
		<feat xlink:href="#sSpan109" value="_"/>
		<feat xlink:href="#sSpan110" value="_"/>
		<feat xlink:href="#sSpan111" value="_"/>
		<feat xlink:href="#sSpan113" value="_"/>
		<feat xlink:href="#sSpan116" value="_"/>
		<feat xlink:href="#sSpan117" value="_"/>
		<feat xlink:href="#sSpan120" value="_"/>
		<feat xlink:href="#sSpan123" value="_"/>
		<feat xlink:href="#sSpan124" value="_"/>
		<feat xlink:href="#sSpan126" value="_"/>
		<feat xlink:href="#sSpan127" value="_"/>
		<feat xlink:href="#sSpan129" value="_"/>
		<feat xlink:href="#sSpan131" value="_"/>
		<feat xlink:href="#sSpan132" value="_"/>
		<feat xlink:href="#sSpan134" value="_"/>
		<feat xlink:href="#sSpan137" value="_"/>
		<feat xlink:href="#sSpan139" value="_"/>
		<feat xlink:href="#sSpan140" value="_"/>
		<feat xlink:href="#sSpan141" value="_"/>
		<feat xlink:href="#sSpan142" value="_"/>
		<feat xlink:href="#sSpan145" value="_"/>
		<feat xlink:href="#sSpan146" value="_"/>
		<feat xlink:href="#sSpan147" value="_"/>
		<feat xlink:href="#sSpan152" value="_"/>
		<feat xlink:href="#sSpan154" value="_"/>
		<feat xlink:href="#sSpan156" value="_"/>
		<feat xlink:href="#sSpan159" value="_"/>
		<feat xlink:href="#sSpan160" value="_"/></featList></paula>