<?xml version='1.0' encoding='UTF-8'?><!DOCTYPE paula SYSTEM "paula_feat.dtd">
<paula version="1.1">
	<header paula_id="rst.GENTLE_dictionary_school.struct_type"/>
	<featList xmlns:xlink="http://www.w3.org/1999/xlink" type="type" xml:base="rst.GENTLE_dictionary_school.struct.xml">
		<feat xlink:href="#structure675" value="span"/>
		<feat xlink:href="#structure678" value="span"/>
		<feat xlink:href="#structure680" value="span"/>
		<feat xlink:href="#structure681" value="multinuc"/>
		<feat xlink:href="#structure684" value="span"/>
		<feat xlink:href="#structure687" value="span"/>
		<feat xlink:href="#structure688" value="multinuc"/>
		<feat xlink:href="#structure689" value="span"/>
		<feat xlink:href="#structure694" value="span"/>
		<feat xlink:href="#structure697" value="span"/>
		<feat xlink:href="#structure700" value="span"/>
		<feat xlink:href="#structure703" value="span"/>
		<feat xlink:href="#structure706" value="span"/>
		<feat xlink:href="#structure707" value="multinuc"/>
		<feat xlink:href="#structure710" value="span"/>
		<feat xlink:href="#structure713" value="span"/>
		<feat xlink:href="#structure714" value="multinuc"/>
		<feat xlink:href="#structure718" value="span"/>
		<feat xlink:href="#structure719" value="span"/>
		<feat xlink:href="#structure720" value="multinuc"/>
		<feat xlink:href="#structure721" value="span"/>
		<feat xlink:href="#structure726" value="span"/>
		<feat xlink:href="#structure727" value="multinuc"/>
		<feat xlink:href="#structure731" value="span"/>
		<feat xlink:href="#structure735" value="span"/>
		<feat xlink:href="#structure736" value="span"/>
		<feat xlink:href="#structure737" value="multinuc"/>
		<feat xlink:href="#structure741" value="span"/>
		<feat xlink:href="#structure742" value="span"/>
		<feat xlink:href="#structure743" value="span"/>
		<feat xlink:href="#structure744" value="span"/>
		<feat xlink:href="#structure745" value="span"/>
		<feat xlink:href="#structure746" value="span"/>
		<feat xlink:href="#structure751" value="multinuc"/>
		<feat xlink:href="#structure753" value="span"/>
		<feat xlink:href="#structure757" value="span"/>
		<feat xlink:href="#structure758" value="span"/>
		<feat xlink:href="#structure759" value="span"/>
		<feat xlink:href="#structure760" value="span"/>
		<feat xlink:href="#structure761" value="multinuc"/>
		<feat xlink:href="#structure762" value="multinuc"/>
		<feat xlink:href="#structure763" value="span"/>
		<feat xlink:href="#structure769" value="span"/>
		<feat xlink:href="#structure772" value="span"/>
		<feat xlink:href="#structure775" value="span"/>
		<feat xlink:href="#structure778" value="span"/>
		<feat xlink:href="#structure781" value="span"/>
		<feat xlink:href="#structure784" value="span"/>
		<feat xlink:href="#structure785" value="multinuc"/>
		<feat xlink:href="#structure787" value="span"/>
		<feat xlink:href="#structure790" value="span"/>
		<feat xlink:href="#structure791" value="multinuc"/>
		<feat xlink:href="#structure795" value="span"/>
		<feat xlink:href="#structure796" value="span"/>
		<feat xlink:href="#structure799" value="span"/>
		<feat xlink:href="#structure802" value="span"/>
		<feat xlink:href="#structure805" value="span"/>
		<feat xlink:href="#structure808" value="span"/>
		<feat xlink:href="#structure809" value="multinuc"/>
		<feat xlink:href="#structure813" value="span"/>
		<feat xlink:href="#structure816" value="span"/>
		<feat xlink:href="#structure817" value="multinuc"/>
		<feat xlink:href="#structure818" value="span"/>
		<feat xlink:href="#structure821" value="span"/>
		<feat xlink:href="#structure824" value="span"/>
		<feat xlink:href="#structure825" value="multinuc"/>
		<feat xlink:href="#structure829" value="span"/>
		<feat xlink:href="#structure830" value="span"/>
		<feat xlink:href="#structure831" value="multinuc"/>
		<feat xlink:href="#structure832" value="span"/>
		<feat xlink:href="#structure833" value="span"/>
		<feat xlink:href="#structure837" value="span"/>
		<feat xlink:href="#structure842" value="span"/>
		<feat xlink:href="#structure843" value="multinuc"/>
		<feat xlink:href="#structure846" value="multinuc"/>
		<feat xlink:href="#structure847" value="span"/>
		<feat xlink:href="#structure848" value="span"/>
		<feat xlink:href="#structure852" value="span"/>
		<feat xlink:href="#structure855" value="span"/>
		<feat xlink:href="#structure856" value="multinuc"/>
		<feat xlink:href="#structure857" value="span"/>
		<feat xlink:href="#structure861" value="span"/>
		<feat xlink:href="#structure862" value="span"/>
		<feat xlink:href="#structure868" value="multinuc"/>
		<feat xlink:href="#structure869" value="span"/>
		<feat xlink:href="#structure870" value="span"/>
		<feat xlink:href="#structure871" value="span"/>
		<feat xlink:href="#structure874" value="span"/>
		<feat xlink:href="#structure876" value="span"/>
		<feat xlink:href="#structure882" value="span"/>
		<feat xlink:href="#structure883" value="multinuc"/>
		<feat xlink:href="#structure884" value="span"/>
		<feat xlink:href="#structure885" value="span"/>
		<feat xlink:href="#structure889" value="span"/>
		<feat xlink:href="#structure890" value="span"/>
		<feat xlink:href="#structure893" value="span"/>
		<feat xlink:href="#structure897" value="span"/>
		<feat xlink:href="#structure898" value="span"/>
		<feat xlink:href="#structure901" value="span"/>
		<feat xlink:href="#structure902" value="multinuc"/>
		<feat xlink:href="#structure906" value="span"/>
		<feat xlink:href="#structure908" value="span"/>
		<feat xlink:href="#structure911" value="span"/>
		<feat xlink:href="#structure912" value="multinuc"/>
		<feat xlink:href="#structure913" value="span"/>
		<feat xlink:href="#structure916" value="span"/>
		<feat xlink:href="#structure920" value="span"/>
		<feat xlink:href="#structure922" value="span"/>
		<feat xlink:href="#structure923" value="span"/>
		<feat xlink:href="#structure924" value="multinuc"/>
		<feat xlink:href="#structure925" value="span"/>
		<feat xlink:href="#structure926" value="span"/>
		<feat xlink:href="#structure927" value="span"/>
		<feat xlink:href="#structure932" value="multinuc"/>
		<feat xlink:href="#structure934" value="span"/>
		<feat xlink:href="#structure939" value="span"/>
		<feat xlink:href="#structure940" value="span"/>
		<feat xlink:href="#structure941" value="span"/>
		<feat xlink:href="#structure945" value="multinuc"/>
		<feat xlink:href="#structure946" value="span"/>
		<feat xlink:href="#structure951" value="span"/>
		<feat xlink:href="#structure952" value="span"/>
		<feat xlink:href="#structure953" value="span"/>
		<feat xlink:href="#structure954" value="multinuc"/>
		<feat xlink:href="#structure955" value="span"/>
		<feat xlink:href="#structure956" value="span"/>
		<feat xlink:href="#structure957" value="multinuc"/>
		<feat xlink:href="#structure958" value="multinuc"/>
		<feat xlink:href="#structure959" value="span"/>
		<feat xlink:href="#structure960" value="multinuc"/>
		<feat xlink:href="#structure961" value="multinuc"/>
		<feat xlink:href="#structure962" value="span"/>
		<feat xlink:href="#structure963" value="span"/></featList></paula>