<?xml version='1.0' encoding='UTF-8'?><!DOCTYPE paula SYSTEM "paula_feat.dtd">
<paula version="1.1">
	<header paula_id="rst.GENTLE_dictionary_school.struct_kind"/>
	<featList xmlns:xlink="http://www.w3.org/1999/xlink" type="kind" xml:base="rst.GENTLE_dictionary_school.struct.xml">
		<feat xlink:href="#structure670" value="segment"/>
		<feat xlink:href="#structure671" value="segment"/>
		<feat xlink:href="#structure672" value="segment"/>
		<feat xlink:href="#structure673" value="segment"/>
		<feat xlink:href="#structure674" value="segment"/>
		<feat xlink:href="#structure675" value="group"/>
		<feat xlink:href="#structure676" value="segment"/>
		<feat xlink:href="#structure677" value="segment"/>
		<feat xlink:href="#structure678" value="group"/>
		<feat xlink:href="#structure679" value="segment"/>
		<feat xlink:href="#structure680" value="group"/>
		<feat xlink:href="#structure681" value="group"/>
		<feat xlink:href="#structure682" value="segment"/>
		<feat xlink:href="#structure683" value="segment"/>
		<feat xlink:href="#structure684" value="group"/>
		<feat xlink:href="#structure685" value="segment"/>
		<feat xlink:href="#structure686" value="segment"/>
		<feat xlink:href="#structure687" value="group"/>
		<feat xlink:href="#structure688" value="group"/>
		<feat xlink:href="#structure689" value="group"/>
		<feat xlink:href="#structure690" value="segment"/>
		<feat xlink:href="#structure691" value="segment"/>
		<feat xlink:href="#structure692" value="segment"/>
		<feat xlink:href="#structure693" value="segment"/>
		<feat xlink:href="#structure694" value="group"/>
		<feat xlink:href="#structure695" value="segment"/>
		<feat xlink:href="#structure696" value="segment"/>
		<feat xlink:href="#structure697" value="group"/>
		<feat xlink:href="#structure698" value="segment"/>
		<feat xlink:href="#structure699" value="segment"/>
		<feat xlink:href="#structure700" value="group"/>
		<feat xlink:href="#structure701" value="segment"/>
		<feat xlink:href="#structure702" value="segment"/>
		<feat xlink:href="#structure703" value="group"/>
		<feat xlink:href="#structure704" value="segment"/>
		<feat xlink:href="#structure705" value="segment"/>
		<feat xlink:href="#structure706" value="group"/>
		<feat xlink:href="#structure707" value="group"/>
		<feat xlink:href="#structure708" value="segment"/>
		<feat xlink:href="#structure709" value="segment"/>
		<feat xlink:href="#structure710" value="group"/>
		<feat xlink:href="#structure711" value="segment"/>
		<feat xlink:href="#structure712" value="segment"/>
		<feat xlink:href="#structure713" value="group"/>
		<feat xlink:href="#structure714" value="group"/>
		<feat xlink:href="#structure715" value="segment"/>
		<feat xlink:href="#structure716" value="segment"/>
		<feat xlink:href="#structure717" value="segment"/>
		<feat xlink:href="#structure718" value="group"/>
		<feat xlink:href="#structure719" value="group"/>
		<feat xlink:href="#structure720" value="group"/>
		<feat xlink:href="#structure721" value="group"/>
		<feat xlink:href="#structure722" value="segment"/>
		<feat xlink:href="#structure723" value="segment"/>
		<feat xlink:href="#structure724" value="segment"/>
		<feat xlink:href="#structure725" value="segment"/>
		<feat xlink:href="#structure726" value="group"/>
		<feat xlink:href="#structure727" value="group"/>
		<feat xlink:href="#structure728" value="segment"/>
		<feat xlink:href="#structure729" value="segment"/>
		<feat xlink:href="#structure730" value="segment"/>
		<feat xlink:href="#structure731" value="group"/>
		<feat xlink:href="#structure732" value="segment"/>
		<feat xlink:href="#structure733" value="segment"/>
		<feat xlink:href="#structure734" value="segment"/>
		<feat xlink:href="#structure735" value="group"/>
		<feat xlink:href="#structure736" value="group"/>
		<feat xlink:href="#structure737" value="group"/>
		<feat xlink:href="#structure738" value="segment"/>
		<feat xlink:href="#structure739" value="segment"/>
		<feat xlink:href="#structure740" value="segment"/>
		<feat xlink:href="#structure741" value="group"/>
		<feat xlink:href="#structure742" value="group"/>
		<feat xlink:href="#structure743" value="group"/>
		<feat xlink:href="#structure744" value="group"/>
		<feat xlink:href="#structure745" value="group"/>
		<feat xlink:href="#structure746" value="group"/>
		<feat xlink:href="#structure747" value="segment"/>
		<feat xlink:href="#structure748" value="segment"/>
		<feat xlink:href="#structure749" value="segment"/>
		<feat xlink:href="#structure750" value="segment"/>
		<feat xlink:href="#structure751" value="group"/>
		<feat xlink:href="#structure752" value="segment"/>
		<feat xlink:href="#structure753" value="group"/>
		<feat xlink:href="#structure754" value="segment"/>
		<feat xlink:href="#structure755" value="segment"/>
		<feat xlink:href="#structure756" value="segment"/>
		<feat xlink:href="#structure757" value="group"/>
		<feat xlink:href="#structure758" value="group"/>
		<feat xlink:href="#structure759" value="group"/>
		<feat xlink:href="#structure760" value="group"/>
		<feat xlink:href="#structure761" value="group"/>
		<feat xlink:href="#structure762" value="group"/>
		<feat xlink:href="#structure763" value="group"/>
		<feat xlink:href="#structure764" value="segment"/>
		<feat xlink:href="#structure765" value="segment"/>
		<feat xlink:href="#structure766" value="segment"/>
		<feat xlink:href="#structure767" value="segment"/>
		<feat xlink:href="#structure768" value="segment"/>
		<feat xlink:href="#structure769" value="group"/>
		<feat xlink:href="#structure770" value="segment"/>
		<feat xlink:href="#structure771" value="segment"/>
		<feat xlink:href="#structure772" value="group"/>
		<feat xlink:href="#structure773" value="segment"/>
		<feat xlink:href="#structure774" value="segment"/>
		<feat xlink:href="#structure775" value="group"/>
		<feat xlink:href="#structure776" value="segment"/>
		<feat xlink:href="#structure777" value="segment"/>
		<feat xlink:href="#structure778" value="group"/>
		<feat xlink:href="#structure779" value="segment"/>
		<feat xlink:href="#structure780" value="segment"/>
		<feat xlink:href="#structure781" value="group"/>
		<feat xlink:href="#structure782" value="segment"/>
		<feat xlink:href="#structure783" value="segment"/>
		<feat xlink:href="#structure784" value="group"/>
		<feat xlink:href="#structure785" value="group"/>
		<feat xlink:href="#structure786" value="segment"/>
		<feat xlink:href="#structure787" value="group"/>
		<feat xlink:href="#structure788" value="segment"/>
		<feat xlink:href="#structure789" value="segment"/>
		<feat xlink:href="#structure790" value="group"/>
		<feat xlink:href="#structure791" value="group"/>
		<feat xlink:href="#structure792" value="segment"/>
		<feat xlink:href="#structure793" value="segment"/>
		<feat xlink:href="#structure794" value="segment"/>
		<feat xlink:href="#structure795" value="group"/>
		<feat xlink:href="#structure796" value="group"/>
		<feat xlink:href="#structure797" value="segment"/>
		<feat xlink:href="#structure798" value="segment"/>
		<feat xlink:href="#structure799" value="group"/>
		<feat xlink:href="#structure800" value="segment"/>
		<feat xlink:href="#structure801" value="segment"/>
		<feat xlink:href="#structure802" value="group"/>
		<feat xlink:href="#structure803" value="segment"/>
		<feat xlink:href="#structure804" value="segment"/>
		<feat xlink:href="#structure805" value="group"/>
		<feat xlink:href="#structure806" value="segment"/>
		<feat xlink:href="#structure807" value="segment"/>
		<feat xlink:href="#structure808" value="group"/>
		<feat xlink:href="#structure809" value="group"/>
		<feat xlink:href="#structure810" value="segment"/>
		<feat xlink:href="#structure811" value="segment"/>
		<feat xlink:href="#structure812" value="segment"/>
		<feat xlink:href="#structure813" value="group"/>
		<feat xlink:href="#structure814" value="segment"/>
		<feat xlink:href="#structure815" value="segment"/>
		<feat xlink:href="#structure816" value="group"/>
		<feat xlink:href="#structure817" value="group"/>
		<feat xlink:href="#structure818" value="group"/>
		<feat xlink:href="#structure819" value="segment"/>
		<feat xlink:href="#structure820" value="segment"/>
		<feat xlink:href="#structure821" value="group"/>
		<feat xlink:href="#structure822" value="segment"/>
		<feat xlink:href="#structure823" value="segment"/>
		<feat xlink:href="#structure824" value="group"/>
		<feat xlink:href="#structure825" value="group"/>
		<feat xlink:href="#structure826" value="segment"/>
		<feat xlink:href="#structure827" value="segment"/>
		<feat xlink:href="#structure828" value="segment"/>
		<feat xlink:href="#structure829" value="group"/>
		<feat xlink:href="#structure830" value="group"/>
		<feat xlink:href="#structure831" value="group"/>
		<feat xlink:href="#structure832" value="group"/>
		<feat xlink:href="#structure833" value="group"/>
		<feat xlink:href="#structure834" value="segment"/>
		<feat xlink:href="#structure835" value="segment"/>
		<feat xlink:href="#structure836" value="segment"/>
		<feat xlink:href="#structure837" value="group"/>
		<feat xlink:href="#structure838" value="segment"/>
		<feat xlink:href="#structure839" value="segment"/>
		<feat xlink:href="#structure840" value="segment"/>
		<feat xlink:href="#structure841" value="segment"/>
		<feat xlink:href="#structure842" value="group"/>
		<feat xlink:href="#structure843" value="group"/>
		<feat xlink:href="#structure844" value="segment"/>
		<feat xlink:href="#structure845" value="segment"/>
		<feat xlink:href="#structure846" value="group"/>
		<feat xlink:href="#structure847" value="group"/>
		<feat xlink:href="#structure848" value="group"/>
		<feat xlink:href="#structure849" value="segment"/>
		<feat xlink:href="#structure850" value="segment"/>
		<feat xlink:href="#structure851" value="segment"/>
		<feat xlink:href="#structure852" value="group"/>
		<feat xlink:href="#structure853" value="segment"/>
		<feat xlink:href="#structure854" value="segment"/>
		<feat xlink:href="#structure855" value="group"/>
		<feat xlink:href="#structure856" value="group"/>
		<feat xlink:href="#structure857" value="group"/>
		<feat xlink:href="#structure858" value="segment"/>
		<feat xlink:href="#structure859" value="segment"/>
		<feat xlink:href="#structure860" value="segment"/>
		<feat xlink:href="#structure861" value="group"/>
		<feat xlink:href="#structure862" value="group"/>
		<feat xlink:href="#structure863" value="segment"/>
		<feat xlink:href="#structure864" value="segment"/>
		<feat xlink:href="#structure865" value="segment"/>
		<feat xlink:href="#structure866" value="segment"/>
		<feat xlink:href="#structure867" value="segment"/>
		<feat xlink:href="#structure868" value="group"/>
		<feat xlink:href="#structure869" value="group"/>
		<feat xlink:href="#structure870" value="group"/>
		<feat xlink:href="#structure871" value="group"/>
		<feat xlink:href="#structure872" value="segment"/>
		<feat xlink:href="#structure873" value="segment"/>
		<feat xlink:href="#structure874" value="group"/>
		<feat xlink:href="#structure875" value="segment"/>
		<feat xlink:href="#structure876" value="group"/>
		<feat xlink:href="#structure877" value="segment"/>
		<feat xlink:href="#structure878" value="segment"/>
		<feat xlink:href="#structure879" value="segment"/>
		<feat xlink:href="#structure880" value="segment"/>
		<feat xlink:href="#structure881" value="segment"/>
		<feat xlink:href="#structure882" value="group"/>
		<feat xlink:href="#structure883" value="group"/>
		<feat xlink:href="#structure884" value="group"/>
		<feat xlink:href="#structure885" value="group"/>
		<feat xlink:href="#structure886" value="segment"/>
		<feat xlink:href="#structure887" value="segment"/>
		<feat xlink:href="#structure888" value="segment"/>
		<feat xlink:href="#structure889" value="group"/>
		<feat xlink:href="#structure890" value="group"/>
		<feat xlink:href="#structure891" value="segment"/>
		<feat xlink:href="#structure892" value="segment"/>
		<feat xlink:href="#structure893" value="group"/>
		<feat xlink:href="#structure894" value="segment"/>
		<feat xlink:href="#structure895" value="segment"/>
		<feat xlink:href="#structure896" value="segment"/>
		<feat xlink:href="#structure897" value="group"/>
		<feat xlink:href="#structure898" value="group"/>
		<feat xlink:href="#structure899" value="segment"/>
		<feat xlink:href="#structure900" value="segment"/>
		<feat xlink:href="#structure901" value="group"/>
		<feat xlink:href="#structure902" value="group"/>
		<feat xlink:href="#structure903" value="segment"/>
		<feat xlink:href="#structure904" value="segment"/>
		<feat xlink:href="#structure905" value="segment"/>
		<feat xlink:href="#structure906" value="group"/>
		<feat xlink:href="#structure907" value="segment"/>
		<feat xlink:href="#structure908" value="group"/>
		<feat xlink:href="#structure909" value="segment"/>
		<feat xlink:href="#structure910" value="segment"/>
		<feat xlink:href="#structure911" value="group"/>
		<feat xlink:href="#structure912" value="group"/>
		<feat xlink:href="#structure913" value="group"/>
		<feat xlink:href="#structure914" value="segment"/>
		<feat xlink:href="#structure915" value="segment"/>
		<feat xlink:href="#structure916" value="group"/>
		<feat xlink:href="#structure917" value="segment"/>
		<feat xlink:href="#structure918" value="segment"/>
		<feat xlink:href="#structure919" value="segment"/>
		<feat xlink:href="#structure920" value="group"/>
		<feat xlink:href="#structure921" value="segment"/>
		<feat xlink:href="#structure922" value="group"/>
		<feat xlink:href="#structure923" value="group"/>
		<feat xlink:href="#structure924" value="group"/>
		<feat xlink:href="#structure925" value="group"/>
		<feat xlink:href="#structure926" value="group"/>
		<feat xlink:href="#structure927" value="group"/>
		<feat xlink:href="#structure928" value="segment"/>
		<feat xlink:href="#structure929" value="segment"/>
		<feat xlink:href="#structure930" value="segment"/>
		<feat xlink:href="#structure931" value="segment"/>
		<feat xlink:href="#structure932" value="group"/>
		<feat xlink:href="#structure933" value="segment"/>
		<feat xlink:href="#structure934" value="group"/>
		<feat xlink:href="#structure935" value="segment"/>
		<feat xlink:href="#structure936" value="segment"/>
		<feat xlink:href="#structure937" value="segment"/>
		<feat xlink:href="#structure938" value="segment"/>
		<feat xlink:href="#structure939" value="group"/>
		<feat xlink:href="#structure940" value="group"/>
		<feat xlink:href="#structure941" value="group"/>
		<feat xlink:href="#structure942" value="segment"/>
		<feat xlink:href="#structure943" value="segment"/>
		<feat xlink:href="#structure944" value="segment"/>
		<feat xlink:href="#structure945" value="group"/>
		<feat xlink:href="#structure946" value="group"/>
		<feat xlink:href="#structure947" value="segment"/>
		<feat xlink:href="#structure948" value="segment"/>
		<feat xlink:href="#structure949" value="segment"/>
		<feat xlink:href="#structure950" value="segment"/>
		<feat xlink:href="#structure951" value="group"/>
		<feat xlink:href="#structure952" value="group"/>
		<feat xlink:href="#structure953" value="group"/>
		<feat xlink:href="#structure954" value="group"/>
		<feat xlink:href="#structure955" value="group"/>
		<feat xlink:href="#structure956" value="group"/>
		<feat xlink:href="#structure957" value="group"/>
		<feat xlink:href="#structure958" value="group"/>
		<feat xlink:href="#structure959" value="group"/>
		<feat xlink:href="#structure960" value="group"/>
		<feat xlink:href="#structure961" value="group"/>
		<feat xlink:href="#structure962" value="group"/>
		<feat xlink:href="#structure963" value="group"/></featList></paula>