<?xml version='1.0' encoding='UTF-8'?><!DOCTYPE paula SYSTEM "paula_feat.dtd">
<paula version="1.1">
	<header paula_id="rst.GENTLE_dictionary_school.struct_relname"/>
	<featList xmlns:xlink="http://www.w3.org/1999/xlink" type="relname" xml:base="rst.GENTLE_dictionary_school.struct.xml">
		<feat xlink:href="#sDomRel1546" value="organization-preparation"/>
		<feat xlink:href="#sDomRel1547" value="span"/>
		<feat xlink:href="#sDomRel1553" value="elaboration-additional"/>
		<feat xlink:href="#sDomRel1554" value="span"/>
		<feat xlink:href="#sDomRel1558" value="organization-preparation"/>
		<feat xlink:href="#sDomRel1559" value="span"/>
		<feat xlink:href="#sDomRel1560" value="joint-list"/>
		<feat xlink:href="#sDomRel1561" value="joint-list"/>
		<feat xlink:href="#sDomRel1567" value="elaboration-additional"/>
		<feat xlink:href="#sDomRel1568" value="span"/>
		<feat xlink:href="#sDomRel1572" value="organization-preparation"/>
		<feat xlink:href="#sDomRel1573" value="span"/>
		<feat xlink:href="#sDomRel1574" value="organization-heading"/>
		<feat xlink:href="#sDomRel1575" value="joint-list"/>
		<feat xlink:href="#sDomRel1576" value="joint-list"/>
		<feat xlink:href="#sDomRel1577" value="joint-list"/>
		<feat xlink:href="#sDomRel1578" value="span"/>
		<feat xlink:href="#sDomRel1607" value="elaboration-additional"/>
		<feat xlink:href="#sDomRel1608" value="span"/>
		<feat xlink:href="#sDomRel1627" value="elaboration-additional"/>
		<feat xlink:href="#sDomRel1628" value="span"/>
		<feat xlink:href="#sDomRel1643" value="elaboration-additional"/>
		<feat xlink:href="#sDomRel1644" value="span"/>
		<feat xlink:href="#sDomRel1654" value="elaboration-additional"/>
		<feat xlink:href="#sDomRel1655" value="span"/>
		<feat xlink:href="#sDomRel1667" value="elaboration-additional"/>
		<feat xlink:href="#sDomRel1668" value="span"/>
		<feat xlink:href="#sDomRel1669" value="same-unit"/>
		<feat xlink:href="#sDomRel1670" value="same-unit"/>
		<feat xlink:href="#sDomRel1671" value="same-unit"/>
		<feat xlink:href="#sDomRel1672" value="same-unit"/>
		<feat xlink:href="#sDomRel1673" value="same-unit"/>
		<feat xlink:href="#sDomRel1688" value="elaboration-additional"/>
		<feat xlink:href="#sDomRel1689" value="span"/>
		<feat xlink:href="#sDomRel1711" value="elaboration-additional"/>
		<feat xlink:href="#sDomRel1712" value="span"/>
		<feat xlink:href="#sDomRel1713" value="same-unit"/>
		<feat xlink:href="#sDomRel1714" value="same-unit"/>
		<feat xlink:href="#sDomRel1721" value="elaboration-additional"/>
		<feat xlink:href="#sDomRel1722" value="organization-heading"/>
		<feat xlink:href="#sDomRel1723" value="span"/>
		<feat xlink:href="#sDomRel1724" value="span"/>
		<feat xlink:href="#sDomRel1725" value="joint-list"/>
		<feat xlink:href="#sDomRel1726" value="joint-list"/>
		<feat xlink:href="#sDomRel1727" value="joint-list"/>
		<feat xlink:href="#sDomRel1728" value="elaboration-additional"/>
		<feat xlink:href="#sDomRel1729" value="span"/>
		<feat xlink:href="#sDomRel1738" value="elaboration-additional"/>
		<feat xlink:href="#sDomRel1739" value="span"/>
		<feat xlink:href="#sDomRel1740" value="same-unit"/>
		<feat xlink:href="#sDomRel1741" value="same-unit"/>
		<feat xlink:href="#sDomRel1750" value="elaboration-additional"/>
		<feat xlink:href="#sDomRel1751" value="span"/>
		<feat xlink:href="#sDomRel1774" value="context-background"/>
		<feat xlink:href="#sDomRel1784" value="span"/>
		<feat xlink:href="#sDomRel1785" value="explanation-evidence"/>
		<feat xlink:href="#sDomRel1786" value="span"/>
		<feat xlink:href="#sDomRel1787" value="joint-disjunction"/>
		<feat xlink:href="#sDomRel1788" value="organization-heading"/>
		<feat xlink:href="#sDomRel1789" value="joint-disjunction"/>
		<feat xlink:href="#sDomRel1796" value="context-circumstance"/>
		<feat xlink:href="#sDomRel1797" value="organization-heading"/>
		<feat xlink:href="#sDomRel1798" value="span"/>
		<feat xlink:href="#sDomRel1799" value="span"/>
		<feat xlink:href="#sDomRel1800" value="span"/>
		<feat xlink:href="#sDomRel1801" value="elaboration-additional"/>
		<feat xlink:href="#sDomRel1802" value="explanation-evidence"/>
		<feat xlink:href="#sDomRel1803" value="span"/>
		<feat xlink:href="#sDomRel1804" value="organization-heading"/>
		<feat xlink:href="#sDomRel1805" value="span"/>
		<feat xlink:href="#sDomRel1806" value="span"/>
		<feat xlink:href="#sDomRel1828" value="joint-list"/>
		<feat xlink:href="#sDomRel1829" value="joint-list"/>
		<feat xlink:href="#sDomRel1830" value="joint-list"/>
		<feat xlink:href="#sDomRel1832" value="elaboration-additional"/>
		<feat xlink:href="#sDomRel1833" value="span"/>
		<feat xlink:href="#sDomRel1851" value="context-circumstance"/>
		<feat xlink:href="#sDomRel1852" value="context-background"/>
		<feat xlink:href="#sDomRel1853" value="span"/>
		<feat xlink:href="#sDomRel1854" value="organization-heading"/>
		<feat xlink:href="#sDomRel1855" value="span"/>
		<feat xlink:href="#sDomRel1856" value="organization-heading"/>
		<feat xlink:href="#sDomRel1857" value="span"/>
		<feat xlink:href="#sDomRel1858" value="span"/>
		<feat xlink:href="#sDomRel1859" value="joint-list"/>
		<feat xlink:href="#sDomRel1860" value="joint-list"/>
		<feat xlink:href="#sDomRel1861" value="organization-heading"/>
		<feat xlink:href="#sDomRel1862" value="joint-other"/>
		<feat xlink:href="#sDomRel1863" value="joint-other"/>
		<feat xlink:href="#sDomRel1864" value="span"/>
		<feat xlink:href="#sDomRel1892" value="elaboration-additional"/>
		<feat xlink:href="#sDomRel1893" value="span"/>
		<feat xlink:href="#sDomRel1903" value="elaboration-additional"/>
		<feat xlink:href="#sDomRel1904" value="span"/>
		<feat xlink:href="#sDomRel1924" value="elaboration-additional"/>
		<feat xlink:href="#sDomRel1925" value="span"/>
		<feat xlink:href="#sDomRel1934" value="elaboration-additional"/>
		<feat xlink:href="#sDomRel1935" value="span"/>
		<feat xlink:href="#sDomRel1946" value="elaboration-attribute"/>
		<feat xlink:href="#sDomRel1947" value="span"/>
		<feat xlink:href="#sDomRel1968" value="elaboration-attribute"/>
		<feat xlink:href="#sDomRel1969" value="span"/>
		<feat xlink:href="#sDomRel1970" value="same-unit"/>
		<feat xlink:href="#sDomRel1971" value="same-unit"/>
		<feat xlink:href="#sDomRel1974" value="elaboration-attribute"/>
		<feat xlink:href="#sDomRel1975" value="span"/>
		<feat xlink:href="#sDomRel1990" value="elaboration-attribute"/>
		<feat xlink:href="#sDomRel1991" value="span"/>
		<feat xlink:href="#sDomRel1992" value="same-unit"/>
		<feat xlink:href="#sDomRel1993" value="same-unit"/>
		<feat xlink:href="#sDomRel1994" value="same-unit"/>
		<feat xlink:href="#sDomRel1995" value="same-unit"/>
		<feat xlink:href="#sDomRel1996" value="same-unit"/>
		<feat xlink:href="#sDomRel1997" value="same-unit"/>
		<feat xlink:href="#sDomRel2009" value="elaboration-additional"/>
		<feat xlink:href="#sDomRel2020" value="span"/>
		<feat xlink:href="#sDomRel2021" value="elaboration-attribute"/>
		<feat xlink:href="#sDomRel2022" value="span"/>
		<feat xlink:href="#sDomRel2031" value="elaboration-additional"/>
		<feat xlink:href="#sDomRel2032" value="span"/>
		<feat xlink:href="#sDomRel2043" value="elaboration-additional"/>
		<feat xlink:href="#sDomRel2044" value="span"/>
		<feat xlink:href="#sDomRel2055" value="elaboration-additional"/>
		<feat xlink:href="#sDomRel2056" value="span"/>
		<feat xlink:href="#sDomRel2066" value="elaboration-additional"/>
		<feat xlink:href="#sDomRel2067" value="span"/>
		<feat xlink:href="#sDomRel2068" value="same-unit"/>
		<feat xlink:href="#sDomRel2069" value="same-unit"/>
		<feat xlink:href="#sDomRel2070" value="same-unit"/>
		<feat xlink:href="#sDomRel2071" value="same-unit"/>
		<feat xlink:href="#sDomRel2072" value="same-unit"/>
		<feat xlink:href="#sDomRel2097" value="elaboration-additional"/>
		<feat xlink:href="#sDomRel2098" value="span"/>
		<feat xlink:href="#sDomRel2113" value="elaboration-additional"/>
		<feat xlink:href="#sDomRel2114" value="span"/>
		<feat xlink:href="#sDomRel2115" value="explanation-evidence"/>
		<feat xlink:href="#sDomRel2116" value="same-unit"/>
		<feat xlink:href="#sDomRel2117" value="same-unit"/>
		<feat xlink:href="#sDomRel2118" value="span"/>
		<feat xlink:href="#sDomRel2135" value="elaboration-additional"/>
		<feat xlink:href="#sDomRel2136" value="span"/>
		<feat xlink:href="#sDomRel2148" value="elaboration-additional"/>
		<feat xlink:href="#sDomRel2149" value="span"/>
		<feat xlink:href="#sDomRel2150" value="same-unit"/>
		<feat xlink:href="#sDomRel2151" value="same-unit"/>
		<feat xlink:href="#sDomRel2158" value="elaboration-additional"/>
		<feat xlink:href="#sDomRel2159" value="organization-heading"/>
		<feat xlink:href="#sDomRel2160" value="span"/>
		<feat xlink:href="#sDomRel2161" value="span"/>
		<feat xlink:href="#sDomRel2162" value="joint-other"/>
		<feat xlink:href="#sDomRel2163" value="joint-other"/>
		<feat xlink:href="#sDomRel2164" value="joint-other"/>
		<feat xlink:href="#sDomRel2165" value="joint-other"/>
		<feat xlink:href="#sDomRel2166" value="joint-other"/>
		<feat xlink:href="#sDomRel2167" value="elaboration-additional"/>
		<feat xlink:href="#sDomRel2168" value="context-background"/>
		<feat xlink:href="#sDomRel2169" value="span"/>
		<feat xlink:href="#sDomRel2170" value="span"/>
		<feat xlink:href="#sDomRel2181" value="elaboration-additional"/>
		<feat xlink:href="#sDomRel2182" value="span"/>
		<feat xlink:href="#sDomRel2200" value="elaboration-attribute"/>
		<feat xlink:href="#sDomRel2201" value="span"/>
		<feat xlink:href="#sDomRel2202" value="context-circumstance"/>
		<feat xlink:href="#sDomRel2203" value="same-unit"/>
		<feat xlink:href="#sDomRel2204" value="same-unit"/>
		<feat xlink:href="#sDomRel2224" value="joint-list"/>
		<feat xlink:href="#sDomRel2225" value="joint-list"/>
		<feat xlink:href="#sDomRel2226" value="span"/>
		<feat xlink:href="#sDomRel2227" value="explanation-evidence"/>
		<feat xlink:href="#sDomRel2228" value="span"/>
		<feat xlink:href="#sDomRel2241" value="elaboration-attribute"/>
		<feat xlink:href="#sDomRel2242" value="span"/>
		<feat xlink:href="#sDomRel2253" value="elaboration-additional"/>
		<feat xlink:href="#sDomRel2254" value="span"/>
		<feat xlink:href="#sDomRel2255" value="context-circumstance"/>
		<feat xlink:href="#sDomRel2256" value="same-unit"/>
		<feat xlink:href="#sDomRel2257" value="same-unit"/>
		<feat xlink:href="#sDomRel2258" value="span"/>
		<feat xlink:href="#sDomRel2273" value="context-circumstance"/>
		<feat xlink:href="#sDomRel2287" value="span"/>
		<feat xlink:href="#sDomRel2288" value="explanation-evidence"/>
		<feat xlink:href="#sDomRel2289" value="span"/>
		<feat xlink:href="#sDomRel2316" value="elaboration-attribute"/>
		<feat xlink:href="#sDomRel2342" value="adversative-concession"/>
		<feat xlink:href="#sDomRel2343" value="adversative-contrast"/>
		<feat xlink:href="#sDomRel2344" value="adversative-contrast"/>
		<feat xlink:href="#sDomRel2345" value="span"/>
		<feat xlink:href="#sDomRel2346" value="span"/>
		<feat xlink:href="#sDomRel2347" value="explanation-evidence"/>
		<feat xlink:href="#sDomRel2348" value="span"/>
		<feat xlink:href="#sDomRel2379" value="elaboration-attribute"/>
		<feat xlink:href="#sDomRel2380" value="span"/>
		<feat xlink:href="#sDomRel2390" value="explanation-evidence"/>
		<feat xlink:href="#sDomRel2391" value="span"/>
		<feat xlink:href="#sDomRel2425" value="elaboration-attribute"/>
		<feat xlink:href="#sDomRel2426" value="span"/>
		<feat xlink:href="#sDomRel2427" value="context-circumstance"/>
		<feat xlink:href="#sDomRel2428" value="same-unit"/>
		<feat xlink:href="#sDomRel2429" value="same-unit"/>
		<feat xlink:href="#sDomRel2430" value="explanation-evidence"/>
		<feat xlink:href="#sDomRel2431" value="span"/>
		<feat xlink:href="#sDomRel2432" value="span"/>
		<feat xlink:href="#sDomRel2448" value="elaboration-attribute"/>
		<feat xlink:href="#sDomRel2456" value="span"/>
		<feat xlink:href="#sDomRel2457" value="explanation-evidence"/>
		<feat xlink:href="#sDomRel2458" value="span"/>
		<feat xlink:href="#sDomRel2476" value="elaboration-attribute"/>
		<feat xlink:href="#sDomRel2477" value="span"/>
		<feat xlink:href="#sDomRel2501" value="elaboration-attribute"/>
		<feat xlink:href="#sDomRel2511" value="span"/>
		<feat xlink:href="#sDomRel2512" value="explanation-evidence"/>
		<feat xlink:href="#sDomRel2513" value="span"/>
		<feat xlink:href="#sDomRel2531" value="elaboration-attribute"/>
		<feat xlink:href="#sDomRel2532" value="span"/>
		<feat xlink:href="#sDomRel2533" value="organization-heading"/>
		<feat xlink:href="#sDomRel2534" value="joint-disjunction"/>
		<feat xlink:href="#sDomRel2535" value="joint-disjunction"/>
		<feat xlink:href="#sDomRel2536" value="joint-disjunction"/>
		<feat xlink:href="#sDomRel2537" value="joint-disjunction"/>
		<feat xlink:href="#sDomRel2538" value="joint-disjunction"/>
		<feat xlink:href="#sDomRel2539" value="joint-disjunction"/>
		<feat xlink:href="#sDomRel2540" value="joint-disjunction"/>
		<feat xlink:href="#sDomRel2541" value="joint-disjunction"/>
		<feat xlink:href="#sDomRel2542" value="joint-disjunction"/>
		<feat xlink:href="#sDomRel2543" value="joint-disjunction"/>
		<feat xlink:href="#sDomRel2554" value="elaboration-attribute"/>
		<feat xlink:href="#sDomRel2555" value="span"/>
		<feat xlink:href="#sDomRel2561" value="context-circumstance"/>
		<feat xlink:href="#sDomRel2562" value="span"/>
		<feat xlink:href="#sDomRel2579" value="context-circumstance"/>
		<feat xlink:href="#sDomRel2580" value="span"/>
		<feat xlink:href="#sDomRel2581" value="organization-heading"/>
		<feat xlink:href="#sDomRel2582" value="joint-list"/>
		<feat xlink:href="#sDomRel2583" value="joint-list"/>
		<feat xlink:href="#sDomRel2584" value="span"/>
		<feat xlink:href="#sDomRel2591" value="organization-heading"/>
		<feat xlink:href="#sDomRel2592" value="span"/>
		<feat xlink:href="#sDomRel2604" value="elaboration-attribute"/>
		<feat xlink:href="#sDomRel2605" value="span"/>
		<feat xlink:href="#sDomRel2616" value="organization-heading"/>
		<feat xlink:href="#sDomRel2617" value="organization-heading"/>
		<feat xlink:href="#sDomRel2618" value="span"/>
		<feat xlink:href="#sDomRel2619" value="span"/>
		<feat xlink:href="#sDomRel2620" value="joint-list"/>
		<feat xlink:href="#sDomRel2621" value="joint-list"/>
		<feat xlink:href="#sDomRel2622" value="joint-list"/>
		<feat xlink:href="#sDomRel2623" value="span"/>
		<feat xlink:href="#sDomRel2624" value="elaboration-additional"/>
		<feat xlink:href="#sDomRel2625" value="organization-heading"/>
		<feat xlink:href="#sDomRel2626" value="span"/>
		<feat xlink:href="#sDomRel2627" value="span"/>
		<feat xlink:href="#sDomRel2649" value="joint-list"/>
		<feat xlink:href="#sDomRel2650" value="joint-list"/>
		<feat xlink:href="#sDomRel2651" value="joint-list"/>
		<feat xlink:href="#sDomRel2653" value="elaboration-additional"/>
		<feat xlink:href="#sDomRel2654" value="span"/>
		<feat xlink:href="#sDomRel2686" value="context-circumstance"/>
		<feat xlink:href="#sDomRel2687" value="context-background"/>
		<feat xlink:href="#sDomRel2688" value="span"/>
		<feat xlink:href="#sDomRel2689" value="explanation-evidence"/>
		<feat xlink:href="#sDomRel2690" value="span"/>
		<feat xlink:href="#sDomRel2691" value="span"/>
		<feat xlink:href="#sDomRel2707" value="context-background"/>
		<feat xlink:href="#sDomRel2708" value="restatement-repetition"/>
		<feat xlink:href="#sDomRel2709" value="restatement-repetition"/>
		<feat xlink:href="#sDomRel2710" value="span"/>
		<feat xlink:href="#sDomRel2724" value="context-background"/>
		<feat xlink:href="#sDomRel2741" value="adversative-antithesis"/>
		<feat xlink:href="#sDomRel2742" value="span"/>
		<feat xlink:href="#sDomRel2743" value="span"/>
		<feat xlink:href="#sDomRel2744" value="explanation-evidence"/>
		<feat xlink:href="#sDomRel2745" value="span"/>
		<feat xlink:href="#sDomRel2746" value="organization-heading"/>
		<feat xlink:href="#sDomRel2747" value="joint-list"/>
		<feat xlink:href="#sDomRel2748" value="joint-list"/>
		<feat xlink:href="#sDomRel2749" value="joint-list"/>
		<feat xlink:href="#sDomRel2750" value="organization-heading"/>
		<feat xlink:href="#sDomRel2751" value="span"/>
		<feat xlink:href="#sDomRel2752" value="span"/>
		<feat xlink:href="#sDomRel2753" value="joint-list"/>
		<feat xlink:href="#sDomRel2754" value="joint-list"/>
		<feat xlink:href="#sDomRel2755" value="organization-heading"/>
		<feat xlink:href="#sDomRel2756" value="joint-other"/>
		<feat xlink:href="#sDomRel2757" value="joint-other"/>
		<feat xlink:href="#sDomRel2758" value="span"/>
		<feat xlink:href="#sDomRel2759" value="joint-list"/>
		<feat xlink:href="#sDomRel2760" value="joint-list"/>
		<feat xlink:href="#sDomRel2761" value="organization-heading"/>
		<feat xlink:href="#sDomRel2762" value="joint-other"/>
		<feat xlink:href="#sDomRel2763" value="joint-other"/>
		<feat xlink:href="#sDomRel2764" value="organization-heading"/>
		<feat xlink:href="#sDomRel2765" value="span"/>
		<feat xlink:href="#sDomRel2766" value="span"/></featList></paula>