<?xml version='1.0' encoding='UTF-8'?><!DOCTYPE paula SYSTEM "paula_feat.dtd">
<paula version="1.1">
	<header paula_id="tei.GENTLE_dictionary_school.mark_ref"/>
	<featList xmlns:xlink="http://www.w3.org/1999/xlink" type="ref" xml:base="tei.GENTLE_dictionary_school.mark.xml">
		<feat xlink:href="#sSpan473" value="ref"/>
		<feat xlink:href="#sSpan477" value="ref"/>
		<feat xlink:href="#sSpan483" value="ref"/>
		<feat xlink:href="#sSpan488" value="ref"/>
		<feat xlink:href="#sSpan489" value="ref"/>
		<feat xlink:href="#sSpan490" value="ref"/>
		<feat xlink:href="#sSpan491" value="ref"/>
		<feat xlink:href="#sSpan492" value="ref"/>
		<feat xlink:href="#sSpan493" value="ref"/>
		<feat xlink:href="#sSpan494" value="ref"/>
		<feat xlink:href="#sSpan495" value="ref"/>
		<feat xlink:href="#sSpan496" value="ref"/>
		<feat xlink:href="#sSpan497" value="ref"/>
		<feat xlink:href="#sSpan498" value="ref"/>
		<feat xlink:href="#sSpan499" value="ref"/>
		<feat xlink:href="#sSpan501" value="ref"/>
		<feat xlink:href="#sSpan502" value="ref"/>
		<feat xlink:href="#sSpan503" value="ref"/>
		<feat xlink:href="#sSpan504" value="ref"/>
		<feat xlink:href="#sSpan505" value="ref"/>
		<feat xlink:href="#sSpan506" value="ref"/>
		<feat xlink:href="#sSpan509" value="ref"/>
		<feat xlink:href="#sSpan522" value="ref"/>
		<feat xlink:href="#sSpan526" value="ref"/>
		<feat xlink:href="#sSpan527" value="ref"/>
		<feat xlink:href="#sSpan528" value="ref"/>
		<feat xlink:href="#sSpan529" value="ref"/>
		<feat xlink:href="#sSpan530" value="ref"/>
		<feat xlink:href="#sSpan531" value="ref"/>
		<feat xlink:href="#sSpan532" value="ref"/>
		<feat xlink:href="#sSpan537" value="ref"/>
		<feat xlink:href="#sSpan544" value="ref"/>
		<feat xlink:href="#sSpan551" value="ref"/>
		<feat xlink:href="#sSpan553" value="ref"/>
		<feat xlink:href="#sSpan555" value="ref"/>
		<feat xlink:href="#sSpan559" value="ref"/>
		<feat xlink:href="#sSpan561" value="ref"/>
		<feat xlink:href="#sSpan562" value="ref"/>
		<feat xlink:href="#sSpan563" value="ref"/>
		<feat xlink:href="#sSpan570" value="ref"/>
		<feat xlink:href="#sSpan571" value="ref"/>
		<feat xlink:href="#sSpan572" value="ref"/>
		<feat xlink:href="#sSpan573" value="ref"/>
		<feat xlink:href="#sSpan574" value="ref"/>
		<feat xlink:href="#sSpan575" value="ref"/>
		<feat xlink:href="#sSpan576" value="ref"/>
		<feat xlink:href="#sSpan577" value="ref"/>
		<feat xlink:href="#sSpan578" value="ref"/>
		<feat xlink:href="#sSpan579" value="ref"/>
		<feat xlink:href="#sSpan580" value="ref"/>
		<feat xlink:href="#sSpan581" value="ref"/>
		<feat xlink:href="#sSpan582" value="ref"/>
		<feat xlink:href="#sSpan583" value="ref"/>
		<feat xlink:href="#sSpan584" value="ref"/>
		<feat xlink:href="#sSpan586" value="ref"/>
		<feat xlink:href="#sSpan587" value="ref"/>
		<feat xlink:href="#sSpan589" value="ref"/>
		<feat xlink:href="#sSpan590" value="ref"/>
		<feat xlink:href="#sSpan591" value="ref"/>
		<feat xlink:href="#sSpan592" value="ref"/>
		<feat xlink:href="#sSpan593" value="ref"/>
		<feat xlink:href="#sSpan594" value="ref"/>
		<feat xlink:href="#sSpan595" value="ref"/>
		<feat xlink:href="#sSpan596" value="ref"/>
		<feat xlink:href="#sSpan597" value="ref"/>
		<feat xlink:href="#sSpan598" value="ref"/>
		<feat xlink:href="#sSpan599" value="ref"/>
		<feat xlink:href="#sSpan600" value="ref"/>
		<feat xlink:href="#sSpan601" value="ref"/>
		<feat xlink:href="#sSpan602" value="ref"/>
		<feat xlink:href="#sSpan603" value="ref"/>
		<feat xlink:href="#sSpan605" value="ref"/>
		<feat xlink:href="#sSpan606" value="ref"/>
		<feat xlink:href="#sSpan607" value="ref"/>
		<feat xlink:href="#sSpan610" value="ref"/>
		<feat xlink:href="#sSpan612" value="ref"/>
		<feat xlink:href="#sSpan613" value="ref"/>
		<feat xlink:href="#sSpan614" value="ref"/>
		<feat xlink:href="#sSpan615" value="ref"/>
		<feat xlink:href="#sSpan616" value="ref"/>
		<feat xlink:href="#sSpan617" value="ref"/>
		<feat xlink:href="#sSpan618" value="ref"/>
		<feat xlink:href="#sSpan621" value="ref"/>
		<feat xlink:href="#sSpan627" value="ref"/>
		<feat xlink:href="#sSpan628" value="ref"/>
		<feat xlink:href="#sSpan629" value="ref"/>
		<feat xlink:href="#sSpan633" value="ref"/>
		<feat xlink:href="#sSpan634" value="ref"/>
		<feat xlink:href="#sSpan635" value="ref"/>
		<feat xlink:href="#sSpan636" value="ref"/>
		<feat xlink:href="#sSpan637" value="ref"/>
		<feat xlink:href="#sSpan638" value="ref"/>
		<feat xlink:href="#sSpan643" value="ref"/>
		<feat xlink:href="#sSpan644" value="ref"/>
		<feat xlink:href="#sSpan645" value="ref"/>
		<feat xlink:href="#sSpan646" value="ref"/>
		<feat xlink:href="#sSpan647" value="ref"/>
		<feat xlink:href="#sSpan648" value="ref"/>
		<feat xlink:href="#sSpan649" value="ref"/>
		<feat xlink:href="#sSpan652" value="ref"/>
		<feat xlink:href="#sSpan653" value="ref"/>
		<feat xlink:href="#sSpan654" value="ref"/>
		<feat xlink:href="#sSpan658" value="ref"/>
		<feat xlink:href="#sSpan659" value="ref"/>
		<feat xlink:href="#sSpan663" value="ref"/>
		<feat xlink:href="#sSpan667" value="ref"/>
		<feat xlink:href="#sSpan684" value="ref"/>
		<feat xlink:href="#sSpan685" value="ref"/>
		<feat xlink:href="#sSpan686" value="ref"/>
		<feat xlink:href="#sSpan689" value="ref"/>
		<feat xlink:href="#sSpan690" value="ref"/>
		<feat xlink:href="#sSpan691" value="ref"/>
		<feat xlink:href="#sSpan692" value="ref"/>
		<feat xlink:href="#sSpan696" value="ref"/>
		<feat xlink:href="#sSpan700" value="ref"/>
		<feat xlink:href="#sSpan701" value="ref"/>
		<feat xlink:href="#sSpan702" value="ref"/>
		<feat xlink:href="#sSpan703" value="ref"/>
		<feat xlink:href="#sSpan704" value="ref"/>
		<feat xlink:href="#sSpan708" value="ref"/>
		<feat xlink:href="#sSpan709" value="ref"/>
		<feat xlink:href="#sSpan710" value="ref"/>
		<feat xlink:href="#sSpan714" value="ref"/>
		<feat xlink:href="#sSpan715" value="ref"/>
		<feat xlink:href="#sSpan716" value="ref"/>
		<feat xlink:href="#sSpan717" value="ref"/>
		<feat xlink:href="#sSpan722" value="ref"/>
		<feat xlink:href="#sSpan723" value="ref"/>
		<feat xlink:href="#sSpan724" value="ref"/>
		<feat xlink:href="#sSpan725" value="ref"/>
		<feat xlink:href="#sSpan726" value="ref"/>
		<feat xlink:href="#sSpan727" value="ref"/>
		<feat xlink:href="#sSpan730" value="ref"/></featList></paula>