<?xml version='1.0' encoding='UTF-8'?><!DOCTYPE paula SYSTEM "paula_mark.dtd">
<paula version="1.1">
	<header paula_id="tei.GENTLE_dictionary_school.mark"/>
	<markList xmlns:xlink="http://www.w3.org/1999/xlink" type="tei" xml:base="GENTLE_dictionary_school.tok.xml">
		<!--school-->
		<mark id="sSpan467" xlink:href="#sTok1"/>
		<!--school-->
		<mark id="sSpan468" xlink:href="#sTok1"/>
		<!--English-->
		<mark id="sSpan469" xlink:href="#sTok2"/>
		<!--English-->
		<mark id="sSpan470" xlink:href="#sTok2"/>
		<!--Pronunciation-->
		<mark id="sSpan471" xlink:href="#sTok3"/>
		<!--Pronunciation-->
		<mark id="sSpan472" xlink:href="#sTok3"/>
		<!--enPR-->
		<mark id="sSpan473" xlink:href="#sTok4"/>
		<!--enPR : sko͞ol , IPA ( key ) : / skuːl /-->
		<mark id="sSpan474" xlink:href="#sTok4 #sTok5 #sTok6 #sTok7 #sTok8 #sTok9 #sTok10 #sTok11 #sTok12 #sTok13 #sTok14 #sTok15"/>
		<!--enPR : sko͞ol , IPA ( key ) : / skuːl /-->
		<mark id="sSpan475" xlink:href="#sTok4 #sTok5 #sTok6 #sTok7 #sTok8 #sTok9 #sTok10 #sTok11 #sTok12 #sTok13 #sTok14 #sTok15"/>
		<!--enPR : sko͞ol , IPA ( key ) : / skuːl / Audio ( Received Pronunciation ) Rhymes : -uːl-->
		<mark id="sSpan476" xlink:href="#sTok4 #sTok5 #sTok6 #sTok7 #sTok8 #sTok9 #sTok10 #sTok11 #sTok12 #sTok13 #sTok14 #sTok15 #sTok16 #sTok17 #sTok18 #sTok19 #sTok20 #sTok21 #sTok22 #sTok23"/>
		<!--IPA-->
		<mark id="sSpan477" xlink:href="#sTok8"/>
		<!--IPA ( key )-->
		<mark id="sSpan478" xlink:href="#sTok8 #sTok9 #sTok10 #sTok11"/>
		<!--Audio ( Received Pronunciation )-->
		<mark id="sSpan479" xlink:href="#sTok16 #sTok17 #sTok18 #sTok19 #sTok20"/>
		<!--Audio ( Received Pronunciation )-->
		<mark id="sSpan480" xlink:href="#sTok16 #sTok17 #sTok18 #sTok19 #sTok20"/>
		<!--Rhymes : -uːl-->
		<mark id="sSpan481" xlink:href="#sTok21 #sTok22 #sTok23"/>
		<!--Rhymes : -uːl-->
		<mark id="sSpan482" xlink:href="#sTok21 #sTok22 #sTok23"/>
		<!---uːl-->
		<mark id="sSpan483" xlink:href="#sTok23"/>
		<!--Etymology 1-->
		<mark id="sSpan484" xlink:href="#sTok24 #sTok25"/>
		<!--Etymology 1-->
		<mark id="sSpan485" xlink:href="#sTok24 #sTok25"/>
		<!--From Middle English scole , schole ( “ group of persons , multitude , host , school of fish ” ) , from Middle Dutch scole ( “ multitude , troop of people , swarm of animals ” ) , from Old Dutch *scola , *skola ( “ troop , multitude ” ) , from Proto-Germanic *skulō ( “ crowd ” ) , from Proto-Indo-European *(s)kʷel- ( “ crowd , people ” ) .-->
		<mark id="sSpan486" xlink:href="#sTok26 #sTok27 #sTok28 #sTok29 #sTok30 #sTok31 #sTok32 #sTok33 #sTok34 #sTok35 #sTok36 #sTok37 #sTok38 #sTok39 #sTok40 #sTok41 #sTok42 #sTok43 #sTok44 #sTok45 #sTok46 #sTok47 #sTok48 #sTok49 #sTok50 #sTok51 #sTok52 #sTok53 #sTok54 #sTok55 #sTok56 #sTok57 #sTok58 #sTok59 #sTok60 #sTok61 #sTok62 #sTok63 #sTok64 #sTok65 #sTok66 #sTok67 #sTok68 #sTok69 #sTok70 #sTok71 #sTok72 #sTok73 #sTok74 #sTok75 #sTok76 #sTok77 #sTok78 #sTok79 #sTok80 #sTok81 #sTok82 #sTok83 #sTok84 #sTok85 #sTok86 #sTok87 #sTok88 #sTok89 #sTok90 #sTok91 #sTok92 #sTok93 #sTok94 #sTok95 #sTok96 #sTok97 #sTok98 #sTok99"/>
		<!--From Middle English scole , schole ( “ group of persons , multitude , host , school of fish ” ) , from Middle Dutch scole ( “ multitude , troop of people , swarm of animals ” ) , from Old Dutch *scola , *skola ( “ troop , multitude ” ) , from Proto-Germanic *skulō ( “ crowd ” ) , from Proto-Indo-European *(s)kʷel- ( “ crowd , people ” ) . Cognate with Middle Low German schōle ( “ multitude , troop ” ) , Old English scolu ( “ troop or band of people , host , multitude , school of fish ” ) . Doublet of shoal .-->
		<mark id="sSpan487" xlink:href="#sTok26 #sTok27 #sTok28 #sTok29 #sTok30 #sTok31 #sTok32 #sTok33 #sTok34 #sTok35 #sTok36 #sTok37 #sTok38 #sTok39 #sTok40 #sTok41 #sTok42 #sTok43 #sTok44 #sTok45 #sTok46 #sTok47 #sTok48 #sTok49 #sTok50 #sTok51 #sTok52 #sTok53 #sTok54 #sTok55 #sTok56 #sTok57 #sTok58 #sTok59 #sTok60 #sTok61 #sTok62 #sTok63 #sTok64 #sTok65 #sTok66 #sTok67 #sTok68 #sTok69 #sTok70 #sTok71 #sTok72 #sTok73 #sTok74 #sTok75 #sTok76 #sTok77 #sTok78 #sTok79 #sTok80 #sTok81 #sTok82 #sTok83 #sTok84 #sTok85 #sTok86 #sTok87 #sTok88 #sTok89 #sTok90 #sTok91 #sTok92 #sTok93 #sTok94 #sTok95 #sTok96 #sTok97 #sTok98 #sTok99 #sTok100 #sTok101 #sTok102 #sTok103 #sTok104 #sTok105 #sTok106 #sTok107 #sTok108 #sTok109 #sTok110 #sTok111 #sTok112 #sTok113 #sTok114 #sTok115 #sTok116 #sTok117 #sTok118 #sTok119 #sTok120 #sTok121 #sTok122 #sTok123 #sTok124 #sTok125 #sTok126 #sTok127 #sTok128 #sTok129 #sTok130 #sTok131 #sTok132 #sTok133 #sTok134 #sTok135 #sTok136 #sTok137 #sTok138"/>
		<!--Middle English-->
		<mark id="sSpan488" xlink:href="#sTok27 #sTok28"/>
		<!--scole-->
		<mark id="sSpan489" xlink:href="#sTok29"/>
		<!--schole-->
		<mark id="sSpan490" xlink:href="#sTok31"/>
		<!--Middle Dutch-->
		<mark id="sSpan491" xlink:href="#sTok49 #sTok50"/>
		<!--scole-->
		<mark id="sSpan492" xlink:href="#sTok51"/>
		<!--Old Dutch-->
		<mark id="sSpan493" xlink:href="#sTok67 #sTok68"/>
		<!--*scola-->
		<mark id="sSpan494" xlink:href="#sTok69"/>
		<!--*skola-->
		<mark id="sSpan495" xlink:href="#sTok71"/>
		<!--Proto-Germanic-->
		<mark id="sSpan496" xlink:href="#sTok81"/>
		<!--*skulō-->
		<mark id="sSpan497" xlink:href="#sTok82"/>
		<!--Proto-Indo-European-->
		<mark id="sSpan498" xlink:href="#sTok90"/>
		<!--*(s)kʷel- -->
		<mark id="sSpan499" xlink:href="#sTok91"/>
		<!--Cognate with Middle Low German schōle ( “ multitude , troop ” ) , Old English scolu ( “ troop or band of people , host , multitude , school of fish ” ) . Doublet of shoal .-->
		<mark id="sSpan500" xlink:href="#sTok100 #sTok101 #sTok102 #sTok103 #sTok104 #sTok105 #sTok106 #sTok107 #sTok108 #sTok109 #sTok110 #sTok111 #sTok112 #sTok113 #sTok114 #sTok115 #sTok116 #sTok117 #sTok118 #sTok119 #sTok120 #sTok121 #sTok122 #sTok123 #sTok124 #sTok125 #sTok126 #sTok127 #sTok128 #sTok129 #sTok130 #sTok131 #sTok132 #sTok133 #sTok134 #sTok135 #sTok136 #sTok137 #sTok138"/>
		<!--Middle Low German-->
		<mark id="sSpan501" xlink:href="#sTok102 #sTok103 #sTok104"/>
		<!--schōle-->
		<mark id="sSpan502" xlink:href="#sTok105"/>
		<!--Old English-->
		<mark id="sSpan503" xlink:href="#sTok114 #sTok115"/>
		<!--scolu-->
		<mark id="sSpan504" xlink:href="#sTok116"/>
		<!--Doublet-->
		<mark id="sSpan505" xlink:href="#sTok135"/>
		<!--shoal-->
		<mark id="sSpan506" xlink:href="#sTok137"/>
		<!--Alternative forms-->
		<mark id="sSpan507" xlink:href="#sTok139 #sTok140"/>
		<!--Alternative forms-->
		<mark id="sSpan508" xlink:href="#sTok139 #sTok140"/>
		<!--skull-->
		<mark id="sSpan509" xlink:href="#sTok141"/>
		<!--skull ( obsolete )-->
		<mark id="sSpan510" xlink:href="#sTok141 #sTok142 #sTok143 #sTok144"/>
		<!--skull ( obsolete )-->
		<mark id="sSpan511" xlink:href="#sTok141 #sTok142 #sTok143 #sTok144"/>
		<!--skull ( obsolete )-->
		<mark id="sSpan512" xlink:href="#sTok141 #sTok142 #sTok143 #sTok144"/>
		<!--obsolete-->
		<mark id="sSpan513" xlink:href="#sTok143"/>
		<!--Noun-->
		<mark id="sSpan514" xlink:href="#sTok145"/>
		<!--Noun-->
		<mark id="sSpan515" xlink:href="#sTok145"/>
		<!--school ( 1 ) of fish .-->
		<mark id="sSpan516" xlink:href="#sTok146 #sTok147 #sTok148 #sTok149 #sTok150 #sTok151 #sTok152"/>
		<!--school ( 1 ) of fish .-->
		<mark id="sSpan517" xlink:href="#sTok146 #sTok147 #sTok148 #sTok149 #sTok150 #sTok151 #sTok152"/>
		<!--school ( 1 ) of fish .-->
		<mark id="sSpan518" xlink:href="#sTok146 #sTok147 #sTok148 #sTok149 #sTok150 #sTok151 #sTok152"/>
		<!--school-->
		<mark id="sSpan519" xlink:href="#sTok153"/>
		<!--school ( plural schools )-->
		<mark id="sSpan520" xlink:href="#sTok153 #sTok154 #sTok155 #sTok156 #sTok157"/>
		<!--plural-->
		<mark id="sSpan521" xlink:href="#sTok155"/>
		<!--schools-->
		<mark id="sSpan522" xlink:href="#sTok156"/>
		<!--( collective ) A group of fish or a group of marine mammals such as porpoises , dolphins , or whales .-->
		<mark id="sSpan523" xlink:href="#sTok158 #sTok159 #sTok160 #sTok161 #sTok162 #sTok163 #sTok164 #sTok165 #sTok166 #sTok167 #sTok168 #sTok169 #sTok170 #sTok171 #sTok172 #sTok173 #sTok174 #sTok175 #sTok176 #sTok177 #sTok178 #sTok179"/>
		<!--( collective ) A group of fish or a group of marine mammals such as porpoises , dolphins , or whales .-->
		<mark id="sSpan524" xlink:href="#sTok158 #sTok159 #sTok160 #sTok161 #sTok162 #sTok163 #sTok164 #sTok165 #sTok166 #sTok167 #sTok168 #sTok169 #sTok170 #sTok171 #sTok172 #sTok173 #sTok174 #sTok175 #sTok176 #sTok177 #sTok178 #sTok179"/>
		<!--( collective ) A group of fish or a group of marine mammals such as porpoises , dolphins , or whales . The divers encountered a huge school of mackerel . A multitude .-->
		<mark id="sSpan525" xlink:href="#sTok158 #sTok159 #sTok160 #sTok161 #sTok162 #sTok163 #sTok164 #sTok165 #sTok166 #sTok167 #sTok168 #sTok169 #sTok170 #sTok171 #sTok172 #sTok173 #sTok174 #sTok175 #sTok176 #sTok177 #sTok178 #sTok179 #sTok180 #sTok181 #sTok182 #sTok183 #sTok184 #sTok185 #sTok186 #sTok187 #sTok188 #sTok189 #sTok190 #sTok191"/>
		<!--collective-->
		<mark id="sSpan526" xlink:href="#sTok159"/>
		<!--fish-->
		<mark id="sSpan527" xlink:href="#sTok164"/>
		<!--marine-->
		<mark id="sSpan528" xlink:href="#sTok169"/>
		<!--mammals-->
		<mark id="sSpan529" xlink:href="#sTok170"/>
		<!--porpoises-->
		<mark id="sSpan530" xlink:href="#sTok173"/>
		<!--dolphins-->
		<mark id="sSpan531" xlink:href="#sTok175"/>
		<!--whales-->
		<mark id="sSpan532" xlink:href="#sTok178"/>
		<!--The divers encountered a huge school of mackerel .-->
		<mark id="sSpan533" xlink:href="#sTok180 #sTok181 #sTok182 #sTok183 #sTok184 #sTok185 #sTok186 #sTok187 #sTok188"/>
		<!--The divers encountered a huge school of mackerel .-->
		<mark id="sSpan534" xlink:href="#sTok180 #sTok181 #sTok182 #sTok183 #sTok184 #sTok185 #sTok186 #sTok187 #sTok188"/>
		<!--A multitude .-->
		<mark id="sSpan535" xlink:href="#sTok189 #sTok190 #sTok191"/>
		<!--A multitude .-->
		<mark id="sSpan536" xlink:href="#sTok189 #sTok190 #sTok191"/>
		<!--multitude-->
		<mark id="sSpan537" xlink:href="#sTok190"/>
		<!--Synonyms-->
		<mark id="sSpan538" xlink:href="#sTok192"/>
		<!--Synonyms-->
		<mark id="sSpan539" xlink:href="#sTok192"/>
		<!--( fish ) : shoal-->
		<mark id="sSpan540" xlink:href="#sTok193 #sTok194 #sTok195 #sTok196 #sTok197"/>
		<!--( fish ) : shoal-->
		<mark id="sSpan541" xlink:href="#sTok193 #sTok194 #sTok195 #sTok196 #sTok197"/>
		<!--( fish ) : shoal-->
		<mark id="sSpan542" xlink:href="#sTok193 #sTok194 #sTok195 #sTok196 #sTok197"/>
		<!--fish-->
		<mark id="sSpan543" xlink:href="#sTok194"/>
		<!--shoal-->
		<mark id="sSpan544" xlink:href="#sTok197"/>
		<!--Verb-->
		<mark id="sSpan545" xlink:href="#sTok198"/>
		<!--Verb-->
		<mark id="sSpan546" xlink:href="#sTok198"/>
		<!--school-->
		<mark id="sSpan547" xlink:href="#sTok199"/>
		<!--school ( third - person singular simple present schools , present participle schooling , simple past and past participle schooled )-->
		<mark id="sSpan548" xlink:href="#sTok199 #sTok200 #sTok201 #sTok202 #sTok203 #sTok204 #sTok205 #sTok206 #sTok207 #sTok208 #sTok209 #sTok210 #sTok211 #sTok212 #sTok213 #sTok214 #sTok215 #sTok216 #sTok217 #sTok218 #sTok219"/>
		<!--third - person-->
		<mark id="sSpan549" xlink:href="#sTok201 #sTok202 #sTok203"/>
		<!--third - person singular simple present-->
		<mark id="sSpan550" xlink:href="#sTok201 #sTok202 #sTok203 #sTok204 #sTok205 #sTok206"/>
		<!--schools-->
		<mark id="sSpan551" xlink:href="#sTok207"/>
		<!--present participle-->
		<mark id="sSpan552" xlink:href="#sTok209 #sTok210"/>
		<!--schooling-->
		<mark id="sSpan553" xlink:href="#sTok211"/>
		<!--simple past and past participle-->
		<mark id="sSpan554" xlink:href="#sTok213 #sTok214 #sTok215 #sTok216 #sTok217"/>
		<!--schooled-->
		<mark id="sSpan555" xlink:href="#sTok218"/>
		<!--( intransitive ) ( of fish ) To form into , or travel in a school .-->
		<mark id="sSpan556" xlink:href="#sTok220 #sTok221 #sTok222 #sTok223 #sTok224 #sTok225 #sTok226 #sTok227 #sTok228 #sTok229 #sTok230 #sTok231 #sTok232 #sTok233 #sTok234 #sTok235 #sTok236"/>
		<!--( intransitive ) ( of fish ) To form into , or travel in a school .-->
		<mark id="sSpan557" xlink:href="#sTok220 #sTok221 #sTok222 #sTok223 #sTok224 #sTok225 #sTok226 #sTok227 #sTok228 #sTok229 #sTok230 #sTok231 #sTok232 #sTok233 #sTok234 #sTok235 #sTok236"/>
		<!--( intransitive ) ( of fish ) To form into , or travel in a school .-->
		<mark id="sSpan558" xlink:href="#sTok220 #sTok221 #sTok222 #sTok223 #sTok224 #sTok225 #sTok226 #sTok227 #sTok228 #sTok229 #sTok230 #sTok231 #sTok232 #sTok233 #sTok234 #sTok235 #sTok236"/>
		<!--intransitive-->
		<mark id="sSpan559" xlink:href="#sTok221"/>
		<!--intransitive-->
		<mark id="sSpan560" xlink:href="#sTok221"/>
		<!--fish-->
		<mark id="sSpan561" xlink:href="#sTok225"/>
		<!--form-->
		<mark id="sSpan562" xlink:href="#sTok228"/>
		<!--travel-->
		<mark id="sSpan563" xlink:href="#sTok232"/>
		<!--Etymology 2-->
		<mark id="sSpan564" xlink:href="#sTok237 #sTok238"/>
		<!--Etymology 2-->
		<mark id="sSpan565" xlink:href="#sTok237 #sTok238"/>
		<!--Elementary school-->
		<mark id="sSpan566" xlink:href="#sTok239 #sTok240"/>
		<!--Elementary school-->
		<mark id="sSpan567" xlink:href="#sTok239 #sTok240"/>
		<!--Elementary school-->
		<mark id="sSpan568" xlink:href="#sTok239 #sTok240"/>
		<!--From Middle English scole , from Old English scōl ( “ place of education ” ) , from Proto-Germanic *skōla ( “ school ” ) , from Late Latin schola , scola ( “ learned discussion or dissertation , lecture , school ” ) , from Ancient Greek σχολεῖον ( skholeîon ) , from σχολή ( skholḗ , “ spare time , leisure ; conversations and the knowledge gained through them during free time ; the places where these conversations took place ” ) , from Proto-Indo-European *seǵʰ- ( “ to hold , have , possess ” ) .-->
		<mark id="sSpan569" xlink:href="#sTok241 #sTok242 #sTok243 #sTok244 #sTok245 #sTok246 #sTok247 #sTok248 #sTok249 #sTok250 #sTok251 #sTok252 #sTok253 #sTok254 #sTok255 #sTok256 #sTok257 #sTok258 #sTok259 #sTok260 #sTok261 #sTok262 #sTok263 #sTok264 #sTok265 #sTok266 #sTok267 #sTok268 #sTok269 #sTok270 #sTok271 #sTok272 #sTok273 #sTok274 #sTok275 #sTok276 #sTok277 #sTok278 #sTok279 #sTok280 #sTok281 #sTok282 #sTok283 #sTok284 #sTok285 #sTok286 #sTok287 #sTok288 #sTok289 #sTok290 #sTok291 #sTok292 #sTok293 #sTok294 #sTok295 #sTok296 #sTok297 #sTok298 #sTok299 #sTok300 #sTok301 #sTok302 #sTok303 #sTok304 #sTok305 #sTok306 #sTok307 #sTok308 #sTok309 #sTok310 #sTok311 #sTok312 #sTok313 #sTok314 #sTok315 #sTok316 #sTok317 #sTok318 #sTok319 #sTok320 #sTok321 #sTok322 #sTok323 #sTok324 #sTok325 #sTok326 #sTok327 #sTok328 #sTok329 #sTok330 #sTok331 #sTok332 #sTok333 #sTok334 #sTok335 #sTok336 #sTok337 #sTok338 #sTok339"/>
		<!--Middle English-->
		<mark id="sSpan570" xlink:href="#sTok242 #sTok243"/>
		<!--scole-->
		<mark id="sSpan571" xlink:href="#sTok244"/>
		<!--Old English-->
		<mark id="sSpan572" xlink:href="#sTok247 #sTok248"/>
		<!--scōl-->
		<mark id="sSpan573" xlink:href="#sTok249"/>
		<!--Proto-Germanic-->
		<mark id="sSpan574" xlink:href="#sTok259"/>
		<!--*skōla-->
		<mark id="sSpan575" xlink:href="#sTok260"/>
		<!--Late Latin-->
		<mark id="sSpan576" xlink:href="#sTok268 #sTok269"/>
		<!--schola-->
		<mark id="sSpan577" xlink:href="#sTok270"/>
		<!--scola-->
		<mark id="sSpan578" xlink:href="#sTok272"/>
		<!--Ancient Greek-->
		<mark id="sSpan579" xlink:href="#sTok287 #sTok288"/>
		<!--σχολεῖον-->
		<mark id="sSpan580" xlink:href="#sTok289"/>
		<!--σχολή-->
		<mark id="sSpan581" xlink:href="#sTok295"/>
		<!--Proto-Indo-European-->
		<mark id="sSpan582" xlink:href="#sTok327"/>
		<!--*seǵʰ- -->
		<mark id="sSpan583" xlink:href="#sTok328"/>
		<!--Doublet-->
		<mark id="sSpan584" xlink:href="#sTok340"/>
		<!--Doublet of schola and shul .-->
		<mark id="sSpan585" xlink:href="#sTok340 #sTok341 #sTok342 #sTok343 #sTok344 #sTok345"/>
		<!--schola-->
		<mark id="sSpan586" xlink:href="#sTok342"/>
		<!--shul-->
		<mark id="sSpan587" xlink:href="#sTok344"/>
		<!--Compare Old Frisian skūle , schūle ( “ school ” ) ( West Frisian skoalle , Saterland Frisian Skoule ) , Dutch school ( “ school ” ) , German Low German School ( “ school ” ) , Old High German scuola ( “ school ” ) , Old Norse skóli ( “ school ” ) .-->
		<mark id="sSpan588" xlink:href="#sTok346 #sTok347 #sTok348 #sTok349 #sTok350 #sTok351 #sTok352 #sTok353 #sTok354 #sTok355 #sTok356 #sTok357 #sTok358 #sTok359 #sTok360 #sTok361 #sTok362 #sTok363 #sTok364 #sTok365 #sTok366 #sTok367 #sTok368 #sTok369 #sTok370 #sTok371 #sTok372 #sTok373 #sTok374 #sTok375 #sTok376 #sTok377 #sTok378 #sTok379 #sTok380 #sTok381 #sTok382 #sTok383 #sTok384 #sTok385 #sTok386 #sTok387 #sTok388 #sTok389 #sTok390 #sTok391 #sTok392 #sTok393 #sTok394 #sTok395 #sTok396 #sTok397 #sTok398 #sTok399 #sTok400 #sTok401 #sTok402 #sTok403"/>
		<!--Old Frisian-->
		<mark id="sSpan589" xlink:href="#sTok347 #sTok348"/>
		<!--skūle-->
		<mark id="sSpan590" xlink:href="#sTok349"/>
		<!--schūle-->
		<mark id="sSpan591" xlink:href="#sTok351"/>
		<!--West Frisian-->
		<mark id="sSpan592" xlink:href="#sTok358 #sTok359"/>
		<!--skoalle-->
		<mark id="sSpan593" xlink:href="#sTok360"/>
		<!--Saterland Frisian-->
		<mark id="sSpan594" xlink:href="#sTok362 #sTok363"/>
		<!--Skoule-->
		<mark id="sSpan595" xlink:href="#sTok364"/>
		<!--Dutch-->
		<mark id="sSpan596" xlink:href="#sTok367"/>
		<!--school-->
		<mark id="sSpan597" xlink:href="#sTok368"/>
		<!--German Low German-->
		<mark id="sSpan598" xlink:href="#sTok375 #sTok376 #sTok377"/>
		<!--School-->
		<mark id="sSpan599" xlink:href="#sTok378"/>
		<!--Old High German-->
		<mark id="sSpan600" xlink:href="#sTok385 #sTok386 #sTok387"/>
		<!--scuola-->
		<mark id="sSpan601" xlink:href="#sTok388"/>
		<!--Old Norse-->
		<mark id="sSpan602" xlink:href="#sTok395 #sTok396"/>
		<!--skóli-->
		<mark id="sSpan603" xlink:href="#sTok397"/>
		<!--Influenced in some senses by Middle English schole ( “ group of persons , host , company ” ) , from Middle Dutch scole ( “ multitude , troop , band ” ) .-->
		<mark id="sSpan604" xlink:href="#sTok404 #sTok405 #sTok406 #sTok407 #sTok408 #sTok409 #sTok410 #sTok411 #sTok412 #sTok413 #sTok414 #sTok415 #sTok416 #sTok417 #sTok418 #sTok419 #sTok420 #sTok421 #sTok422 #sTok423 #sTok424 #sTok425 #sTok426 #sTok427 #sTok428 #sTok429 #sTok430 #sTok431 #sTok432 #sTok433 #sTok434 #sTok435 #sTok436 #sTok437"/>
		<!--schole-->
		<mark id="sSpan605" xlink:href="#sTok411"/>
		<!--Middle Dutch-->
		<mark id="sSpan606" xlink:href="#sTok425 #sTok426"/>
		<!--scole-->
		<mark id="sSpan607" xlink:href="#sTok427"/>
		<!--See school 1 .-->
		<mark id="sSpan608" xlink:href="#sTok438 #sTok439 #sTok440 #sTok441"/>
		<!--school 1-->
		<mark id="sSpan609" xlink:href="#sTok439 #sTok440"/>
		<!--school 1-->
		<mark id="sSpan610" xlink:href="#sTok439 #sTok440"/>
		<!--Related also to Old High German sigi ( German Sieg , “ victory ” ) , Old English siġe , sigor ( “ victory ” ) .-->
		<mark id="sSpan611" xlink:href="#sTok442 #sTok443 #sTok444 #sTok445 #sTok446 #sTok447 #sTok448 #sTok449 #sTok450 #sTok451 #sTok452 #sTok453 #sTok454 #sTok455 #sTok456 #sTok457 #sTok458 #sTok459 #sTok460 #sTok461 #sTok462 #sTok463 #sTok464 #sTok465 #sTok466 #sTok467 #sTok468"/>
		<!--Old High German-->
		<mark id="sSpan612" xlink:href="#sTok445 #sTok446 #sTok447"/>
		<!--sigi-->
		<mark id="sSpan613" xlink:href="#sTok448"/>
		<!--German-->
		<mark id="sSpan614" xlink:href="#sTok450"/>
		<!--Sieg-->
		<mark id="sSpan615" xlink:href="#sTok451"/>
		<!--Old English-->
		<mark id="sSpan616" xlink:href="#sTok458 #sTok459"/>
		<!--siġe-->
		<mark id="sSpan617" xlink:href="#sTok460"/>
		<!--sigor-->
		<mark id="sSpan618" xlink:href="#sTok462"/>
		<!--Alternative forms-->
		<mark id="sSpan619" xlink:href="#sTok469 #sTok470"/>
		<!--Alternative forms-->
		<mark id="sSpan620" xlink:href="#sTok469 #sTok470"/>
		<!--schole-->
		<mark id="sSpan621" xlink:href="#sTok471"/>
		<!--schole ( obsolete )-->
		<mark id="sSpan622" xlink:href="#sTok471 #sTok472 #sTok473 #sTok474"/>
		<!--obsolete-->
		<mark id="sSpan623" xlink:href="#sTok473"/>
		<!--Noun-->
		<mark id="sSpan624" xlink:href="#sTok475"/>
		<!--Noun-->
		<mark id="sSpan625" xlink:href="#sTok475"/>
		<!--school ( countable and uncountable , plural schools )-->
		<mark id="sSpan626" xlink:href="#sTok476 #sTok477 #sTok478 #sTok479 #sTok480 #sTok481 #sTok482 #sTok483 #sTok484"/>
		<!--countable-->
		<mark id="sSpan627" xlink:href="#sTok478"/>
		<!--uncountable-->
		<mark id="sSpan628" xlink:href="#sTok480"/>
		<!--schools-->
		<mark id="sSpan629" xlink:href="#sTok483"/>
		<!--( US , Canada ) An institution dedicated to teaching and learning ; an educational institution .-->
		<mark id="sSpan630" xlink:href="#sTok485 #sTok486 #sTok487 #sTok488 #sTok489 #sTok490 #sTok491 #sTok492 #sTok493 #sTok494 #sTok495 #sTok496 #sTok497 #sTok498 #sTok499 #sTok500 #sTok501"/>
		<!--( US , Canada ) An institution dedicated to teaching and learning ; an educational institution . Our children attend a public school in our neighborhood . Harvard University is a famous American postsecondary school .-->
		<mark id="sSpan631" xlink:href="#sTok485 #sTok486 #sTok487 #sTok488 #sTok489 #sTok490 #sTok491 #sTok492 #sTok493 #sTok494 #sTok495 #sTok496 #sTok497 #sTok498 #sTok499 #sTok500 #sTok501 #sTok502 #sTok503 #sTok504 #sTok505 #sTok506 #sTok507 #sTok508 #sTok509 #sTok510 #sTok511 #sTok512 #sTok513 #sTok514 #sTok515 #sTok516 #sTok517 #sTok518 #sTok519 #sTok520"/>
		<!--( US , Canada ) An institution dedicated to teaching and learning ; an educational institution . Our children attend a public school in our neighborhood . Harvard University is a famous American postsecondary school . ( Britain ) An educational institution providing primary and secondary education , prior to tertiary education ( college or university ) . ( UK ) At Eton College , a period or session of teaching . Divinity , history and geography are studied for two schools per week . Within a larger educational institution , an organizational unit , such as a department or institute , which is dedicated to a specific subject area . We are enrolled in the same university , but I attend the School of Economics and my brother is in the School of Music . An art movement , a community of artists . The Barbizon school of painters were part of an art movement towards Realism in art , which arose in the context of the dominant Romantic Movement of the time . ( considered collectively ) The followers of a particular doctrine ; a particular way of thinking or particular doctrine ; a school of thought . These economists belong to the monetarist school . The time during which classes are attended or in session in an educational institution . I 'll see you after school . The room or hall in English universities where the examinations for degrees and honours are held . The canons , precepts , or body of opinion or practice , sanctioned by the authority of a particular class or age . He was a gentleman of the old school . An establishment offering specialized instruction , as for driving , cooking , typing , coding , etc.-->
		<mark id="sSpan632" xlink:href="#sTok485 #sTok486 #sTok487 #sTok488 #sTok489 #sTok490 #sTok491 #sTok492 #sTok493 #sTok494 #sTok495 #sTok496 #sTok497 #sTok498 #sTok499 #sTok500 #sTok501 #sTok502 #sTok503 #sTok504 #sTok505 #sTok506 #sTok507 #sTok508 #sTok509 #sTok510 #sTok511 #sTok512 #sTok513 #sTok514 #sTok515 #sTok516 #sTok517 #sTok518 #sTok519 #sTok520 #sTok521 #sTok522 #sTok523 #sTok524 #sTok525 #sTok526 #sTok527 #sTok528 #sTok529 #sTok530 #sTok531 #sTok532 #sTok533 #sTok534 #sTok535 #sTok536 #sTok537 #sTok538 #sTok539 #sTok540 #sTok541 #sTok542 #sTok543 #sTok544 #sTok545 #sTok546 #sTok547 #sTok548 #sTok549 #sTok550 #sTok551 #sTok552 #sTok553 #sTok554 #sTok555 #sTok556 #sTok557 #sTok558 #sTok559 #sTok560 #sTok561 #sTok562 #sTok563 #sTok564 #sTok565 #sTok566 #sTok567 #sTok568 #sTok569 #sTok570 #sTok571 #sTok572 #sTok573 #sTok574 #sTok575 #sTok576 #sTok577 #sTok578 #sTok579 #sTok580 #sTok581 #sTok582 #sTok583 #sTok584 #sTok585 #sTok586 #sTok587 #sTok588 #sTok589 #sTok590 #sTok591 #sTok592 #sTok593 #sTok594 #sTok595 #sTok596 #sTok597 #sTok598 #sTok599 #sTok600 #sTok601 #sTok602 #sTok603 #sTok604 #sTok605 #sTok606 #sTok607 #sTok608 #sTok609 #sTok610 #sTok611 #sTok612 #sTok613 #sTok614 #sTok615 #sTok616 #sTok617 #sTok618 #sTok619 #sTok620 #sTok621 #sTok622 #sTok623 #sTok624 #sTok625 #sTok626 #sTok627 #sTok628 #sTok629 #sTok630 #sTok631 #sTok632 #sTok633 #sTok634 #sTok635 #sTok636 #sTok637 #sTok638 #sTok639 #sTok640 #sTok641 #sTok642 #sTok643 #sTok644 #sTok645 #sTok646 #sTok647 #sTok648 #sTok649 #sTok650 #sTok651 #sTok652 #sTok653 #sTok654 #sTok655 #sTok656 #sTok657 #sTok658 #sTok659 #sTok660 #sTok661 #sTok662 #sTok663 #sTok664 #sTok665 #sTok666 #sTok667 #sTok668 #sTok669 #sTok670 #sTok671 #sTok672 #sTok673 #sTok674 #sTok675 #sTok676 #sTok677 #sTok678 #sTok679 #sTok680 #sTok681 #sTok682 #sTok683 #sTok684 #sTok685 #sTok686 #sTok687 #sTok688 #sTok689 #sTok690 #sTok691 #sTok692 #sTok693 #sTok694 #sTok695 #sTok696 #sTok697 #sTok698 #sTok699 #sTok700 #sTok701 #sTok702 #sTok703 #sTok704 #sTok705 #sTok706 #sTok707 #sTok708 #sTok709 #sTok710 #sTok711 #sTok712 #sTok713 #sTok714 #sTok715 #sTok716 #sTok717 #sTok718 #sTok719 #sTok720 #sTok721 #sTok722 #sTok723 #sTok724 #sTok725 #sTok726 #sTok727 #sTok728 #sTok729 #sTok730 #sTok731 #sTok732 #sTok733 #sTok734 #sTok735 #sTok736 #sTok737 #sTok738 #sTok739 #sTok740 #sTok741 #sTok742 #sTok743 #sTok744 #sTok745 #sTok746 #sTok747 #sTok748 #sTok749 #sTok750 #sTok751 #sTok752 #sTok753 #sTok754 #sTok755 #sTok756 #sTok757 #sTok758 #sTok759 #sTok760 #sTok761 #sTok762 #sTok763 #sTok764 #sTok765 #sTok766 #sTok767 #sTok768 #sTok769 #sTok770 #sTok771 #sTok772 #sTok773 #sTok774 #sTok775 #sTok776 #sTok777 #sTok778 #sTok779 #sTok780"/>
		<!--US-->
		<mark id="sSpan633" xlink:href="#sTok486"/>
		<!--Canada-->
		<mark id="sSpan634" xlink:href="#sTok488"/>
		<!--institution-->
		<mark id="sSpan635" xlink:href="#sTok491"/>
		<!--teaching-->
		<mark id="sSpan636" xlink:href="#sTok494"/>
		<!--learning-->
		<mark id="sSpan637" xlink:href="#sTok496"/>
		<!--educational-->
		<mark id="sSpan638" xlink:href="#sTok499"/>
		<!--Our children attend a public school in our neighborhood .-->
		<mark id="sSpan639" xlink:href="#sTok502 #sTok503 #sTok504 #sTok505 #sTok506 #sTok507 #sTok508 #sTok509 #sTok510 #sTok511"/>
		<!--Harvard University is a famous American postsecondary school .-->
		<mark id="sSpan640" xlink:href="#sTok512 #sTok513 #sTok514 #sTok515 #sTok516 #sTok517 #sTok518 #sTok519 #sTok520"/>
		<!--( Britain ) An educational institution providing primary and secondary education , prior to tertiary education ( college or university ) .-->
		<mark id="sSpan641" xlink:href="#sTok521 #sTok522 #sTok523 #sTok524 #sTok525 #sTok526 #sTok527 #sTok528 #sTok529 #sTok530 #sTok531 #sTok532 #sTok533 #sTok534 #sTok535 #sTok536 #sTok537 #sTok538 #sTok539 #sTok540 #sTok541 #sTok542"/>
		<!--( Britain ) An educational institution providing primary and secondary education , prior to tertiary education ( college or university ) .-->
		<mark id="sSpan642" xlink:href="#sTok521 #sTok522 #sTok523 #sTok524 #sTok525 #sTok526 #sTok527 #sTok528 #sTok529 #sTok530 #sTok531 #sTok532 #sTok533 #sTok534 #sTok535 #sTok536 #sTok537 #sTok538 #sTok539 #sTok540 #sTok541 #sTok542"/>
		<!--Britain-->
		<mark id="sSpan643" xlink:href="#sTok522"/>
		<!--educational institution-->
		<mark id="sSpan644" xlink:href="#sTok525 #sTok526"/>
		<!--primary-->
		<mark id="sSpan645" xlink:href="#sTok528"/>
		<!--secondary education-->
		<mark id="sSpan646" xlink:href="#sTok530 #sTok531"/>
		<!--tertiary education-->
		<mark id="sSpan647" xlink:href="#sTok535 #sTok536"/>
		<!--college-->
		<mark id="sSpan648" xlink:href="#sTok538"/>
		<!--university-->
		<mark id="sSpan649" xlink:href="#sTok540"/>
		<!--( UK ) At Eton College , a period or session of teaching .-->
		<mark id="sSpan650" xlink:href="#sTok543 #sTok544 #sTok545 #sTok546 #sTok547 #sTok548 #sTok549 #sTok550 #sTok551 #sTok552 #sTok553 #sTok554 #sTok555 #sTok556"/>
		<!--( UK ) At Eton College , a period or session of teaching . Divinity , history and geography are studied for two schools per week .-->
		<mark id="sSpan651" xlink:href="#sTok543 #sTok544 #sTok545 #sTok546 #sTok547 #sTok548 #sTok549 #sTok550 #sTok551 #sTok552 #sTok553 #sTok554 #sTok555 #sTok556 #sTok557 #sTok558 #sTok559 #sTok560 #sTok561 #sTok562 #sTok563 #sTok564 #sTok565 #sTok566 #sTok567 #sTok568 #sTok569"/>
		<!--UK-->
		<mark id="sSpan652" xlink:href="#sTok544"/>
		<!--Eton College-->
		<mark id="sSpan653" xlink:href="#sTok547 #sTok548"/>
		<!--period-->
		<mark id="sSpan654" xlink:href="#sTok551"/>
		<!--Divinity , history and geography are studied for two schools per week .-->
		<mark id="sSpan655" xlink:href="#sTok557 #sTok558 #sTok559 #sTok560 #sTok561 #sTok562 #sTok563 #sTok564 #sTok565 #sTok566 #sTok567 #sTok568 #sTok569"/>
		<!--Within a larger educational institution , an organizational unit , such as a department or institute , which is dedicated to a specific subject area .-->
		<mark id="sSpan656" xlink:href="#sTok570 #sTok571 #sTok572 #sTok573 #sTok574 #sTok575 #sTok576 #sTok577 #sTok578 #sTok579 #sTok580 #sTok581 #sTok582 #sTok583 #sTok584 #sTok585 #sTok586 #sTok587 #sTok588 #sTok589 #sTok590 #sTok591 #sTok592 #sTok593 #sTok594 #sTok595"/>
		<!--Within a larger educational institution , an organizational unit , such as a department or institute , which is dedicated to a specific subject area . We are enrolled in the same university , but I attend the School of Economics and my brother is in the School of Music .-->
		<mark id="sSpan657" xlink:href="#sTok570 #sTok571 #sTok572 #sTok573 #sTok574 #sTok575 #sTok576 #sTok577 #sTok578 #sTok579 #sTok580 #sTok581 #sTok582 #sTok583 #sTok584 #sTok585 #sTok586 #sTok587 #sTok588 #sTok589 #sTok590 #sTok591 #sTok592 #sTok593 #sTok594 #sTok595 #sTok596 #sTok597 #sTok598 #sTok599 #sTok600 #sTok601 #sTok602 #sTok603 #sTok604 #sTok605 #sTok606 #sTok607 #sTok608 #sTok609 #sTok610 #sTok611 #sTok612 #sTok613 #sTok614 #sTok615 #sTok616 #sTok617 #sTok618 #sTok619 #sTok620"/>
		<!--department-->
		<mark id="sSpan658" xlink:href="#sTok583"/>
		<!--institute-->
		<mark id="sSpan659" xlink:href="#sTok585"/>
		<!--We are enrolled in the same university , but I attend the School of Economics and my brother is in the School of Music .-->
		<mark id="sSpan660" xlink:href="#sTok596 #sTok597 #sTok598 #sTok599 #sTok600 #sTok601 #sTok602 #sTok603 #sTok604 #sTok605 #sTok606 #sTok607 #sTok608 #sTok609 #sTok610 #sTok611 #sTok612 #sTok613 #sTok614 #sTok615 #sTok616 #sTok617 #sTok618 #sTok619 #sTok620"/>
		<!--An art movement , a community of artists .-->
		<mark id="sSpan661" xlink:href="#sTok621 #sTok622 #sTok623 #sTok624 #sTok625 #sTok626 #sTok627 #sTok628 #sTok629"/>
		<!--An art movement , a community of artists . The Barbizon school of painters were part of an art movement towards Realism in art , which arose in the context of the dominant Romantic Movement of the time .-->
		<mark id="sSpan662" xlink:href="#sTok621 #sTok622 #sTok623 #sTok624 #sTok625 #sTok626 #sTok627 #sTok628 #sTok629 #sTok630 #sTok631 #sTok632 #sTok633 #sTok634 #sTok635 #sTok636 #sTok637 #sTok638 #sTok639 #sTok640 #sTok641 #sTok642 #sTok643 #sTok644 #sTok645 #sTok646 #sTok647 #sTok648 #sTok649 #sTok650 #sTok651 #sTok652 #sTok653 #sTok654 #sTok655 #sTok656 #sTok657 #sTok658 #sTok659"/>
		<!--art movement-->
		<mark id="sSpan663" xlink:href="#sTok622 #sTok623"/>
		<!--The Barbizon school of painters were part of an art movement towards Realism in art , which arose in the context of the dominant Romantic Movement of the time .-->
		<mark id="sSpan664" xlink:href="#sTok630 #sTok631 #sTok632 #sTok633 #sTok634 #sTok635 #sTok636 #sTok637 #sTok638 #sTok639 #sTok640 #sTok641 #sTok642 #sTok643 #sTok644 #sTok645 #sTok646 #sTok647 #sTok648 #sTok649 #sTok650 #sTok651 #sTok652 #sTok653 #sTok654 #sTok655 #sTok656 #sTok657 #sTok658 #sTok659"/>
		<!--( considered collectively ) The followers of a particular doctrine ; a particular way of thinking or particular doctrine ; a school of thought .-->
		<mark id="sSpan665" xlink:href="#sTok660 #sTok661 #sTok662 #sTok663 #sTok664 #sTok665 #sTok666 #sTok667 #sTok668 #sTok669 #sTok670 #sTok671 #sTok672 #sTok673 #sTok674 #sTok675 #sTok676 #sTok677 #sTok678 #sTok679 #sTok680 #sTok681 #sTok682 #sTok683 #sTok684"/>
		<!--( considered collectively ) The followers of a particular doctrine ; a particular way of thinking or particular doctrine ; a school of thought . These economists belong to the monetarist school .-->
		<mark id="sSpan666" xlink:href="#sTok660 #sTok661 #sTok662 #sTok663 #sTok664 #sTok665 #sTok666 #sTok667 #sTok668 #sTok669 #sTok670 #sTok671 #sTok672 #sTok673 #sTok674 #sTok675 #sTok676 #sTok677 #sTok678 #sTok679 #sTok680 #sTok681 #sTok682 #sTok683 #sTok684 #sTok685 #sTok686 #sTok687 #sTok688 #sTok689 #sTok690 #sTok691 #sTok692"/>
		<!--school of thought-->
		<mark id="sSpan667" xlink:href="#sTok681 #sTok682 #sTok683"/>
		<!--These economists belong to the monetarist school .-->
		<mark id="sSpan668" xlink:href="#sTok685 #sTok686 #sTok687 #sTok688 #sTok689 #sTok690 #sTok691 #sTok692"/>
		<!--The time during which classes are attended or in session in an educational institution .-->
		<mark id="sSpan669" xlink:href="#sTok693 #sTok694 #sTok695 #sTok696 #sTok697 #sTok698 #sTok699 #sTok700 #sTok701 #sTok702 #sTok703 #sTok704 #sTok705 #sTok706 #sTok707"/>
		<!--The time during which classes are attended or in session in an educational institution . I 'll see you after school .-->
		<mark id="sSpan670" xlink:href="#sTok693 #sTok694 #sTok695 #sTok696 #sTok697 #sTok698 #sTok699 #sTok700 #sTok701 #sTok702 #sTok703 #sTok704 #sTok705 #sTok706 #sTok707 #sTok708 #sTok709 #sTok710 #sTok711 #sTok712 #sTok713 #sTok714"/>
		<!--I 'll see you after school .-->
		<mark id="sSpan671" xlink:href="#sTok708 #sTok709 #sTok710 #sTok711 #sTok712 #sTok713 #sTok714"/>
		<!--The room or hall in English universities where the examinations for degrees and honours are held .-->
		<mark id="sSpan672" xlink:href="#sTok715 #sTok716 #sTok717 #sTok718 #sTok719 #sTok720 #sTok721 #sTok722 #sTok723 #sTok724 #sTok725 #sTok726 #sTok727 #sTok728 #sTok729 #sTok730 #sTok731"/>
		<!--The room or hall in English universities where the examinations for degrees and honours are held .-->
		<mark id="sSpan673" xlink:href="#sTok715 #sTok716 #sTok717 #sTok718 #sTok719 #sTok720 #sTok721 #sTok722 #sTok723 #sTok724 #sTok725 #sTok726 #sTok727 #sTok728 #sTok729 #sTok730 #sTok731"/>
		<!--The canons , precepts , or body of opinion or practice , sanctioned by the authority of a particular class or age .-->
		<mark id="sSpan674" xlink:href="#sTok732 #sTok733 #sTok734 #sTok735 #sTok736 #sTok737 #sTok738 #sTok739 #sTok740 #sTok741 #sTok742 #sTok743 #sTok744 #sTok745 #sTok746 #sTok747 #sTok748 #sTok749 #sTok750 #sTok751 #sTok752 #sTok753 #sTok754"/>
		<!--The canons , precepts , or body of opinion or practice , sanctioned by the authority of a particular class or age . He was a gentleman of the old school .-->
		<mark id="sSpan675" xlink:href="#sTok732 #sTok733 #sTok734 #sTok735 #sTok736 #sTok737 #sTok738 #sTok739 #sTok740 #sTok741 #sTok742 #sTok743 #sTok744 #sTok745 #sTok746 #sTok747 #sTok748 #sTok749 #sTok750 #sTok751 #sTok752 #sTok753 #sTok754 #sTok755 #sTok756 #sTok757 #sTok758 #sTok759 #sTok760 #sTok761 #sTok762 #sTok763"/>
		<!--He was a gentleman of the old school .-->
		<mark id="sSpan676" xlink:href="#sTok755 #sTok756 #sTok757 #sTok758 #sTok759 #sTok760 #sTok761 #sTok762 #sTok763"/>
		<!--An establishment offering specialized instruction , as for driving , cooking , typing , coding , etc.-->
		<mark id="sSpan677" xlink:href="#sTok764 #sTok765 #sTok766 #sTok767 #sTok768 #sTok769 #sTok770 #sTok771 #sTok772 #sTok773 #sTok774 #sTok775 #sTok776 #sTok777 #sTok778 #sTok779 #sTok780"/>
		<!--An establishment offering specialized instruction , as for driving , cooking , typing , coding , etc.-->
		<mark id="sSpan678" xlink:href="#sTok764 #sTok765 #sTok766 #sTok767 #sTok768 #sTok769 #sTok770 #sTok771 #sTok772 #sTok773 #sTok774 #sTok775 #sTok776 #sTok777 #sTok778 #sTok779 #sTok780"/>
		<!--Synonyms-->
		<mark id="sSpan679" xlink:href="#sTok781"/>
		<!--Synonyms-->
		<mark id="sSpan680" xlink:href="#sTok781"/>
		<!--( institution dedicated to teaching and learning ) : academy , college , university-->
		<mark id="sSpan681" xlink:href="#sTok782 #sTok783 #sTok784 #sTok785 #sTok786 #sTok787 #sTok788 #sTok789 #sTok790 #sTok791 #sTok792 #sTok793 #sTok794 #sTok795"/>
		<!--( institution dedicated to teaching and learning ) : academy , college , university-->
		<mark id="sSpan682" xlink:href="#sTok782 #sTok783 #sTok784 #sTok785 #sTok786 #sTok787 #sTok788 #sTok789 #sTok790 #sTok791 #sTok792 #sTok793 #sTok794 #sTok795"/>
		<!--( institution dedicated to teaching and learning ) : academy , college , university ( organizational unity within an educational institution ) : college , department , faculty , institute-->
		<mark id="sSpan683" xlink:href="#sTok782 #sTok783 #sTok784 #sTok785 #sTok786 #sTok787 #sTok788 #sTok789 #sTok790 #sTok791 #sTok792 #sTok793 #sTok794 #sTok795 #sTok796 #sTok797 #sTok798 #sTok799 #sTok800 #sTok801 #sTok802 #sTok803 #sTok804 #sTok805 #sTok806 #sTok807 #sTok808 #sTok809 #sTok810 #sTok811"/>
		<!--academy-->
		<mark id="sSpan684" xlink:href="#sTok791"/>
		<!--college-->
		<mark id="sSpan685" xlink:href="#sTok793"/>
		<!--university-->
		<mark id="sSpan686" xlink:href="#sTok795"/>
		<!--( organizational unity within an educational institution ) : college , department , faculty , institute-->
		<mark id="sSpan687" xlink:href="#sTok796 #sTok797 #sTok798 #sTok799 #sTok800 #sTok801 #sTok802 #sTok803 #sTok804 #sTok805 #sTok806 #sTok807 #sTok808 #sTok809 #sTok810 #sTok811"/>
		<!--( organizational unity within an educational institution ) : college , department , faculty , institute-->
		<mark id="sSpan688" xlink:href="#sTok796 #sTok797 #sTok798 #sTok799 #sTok800 #sTok801 #sTok802 #sTok803 #sTok804 #sTok805 #sTok806 #sTok807 #sTok808 #sTok809 #sTok810 #sTok811"/>
		<!--college-->
		<mark id="sSpan689" xlink:href="#sTok805"/>
		<!--department-->
		<mark id="sSpan690" xlink:href="#sTok807"/>
		<!--faculty-->
		<mark id="sSpan691" xlink:href="#sTok809"/>
		<!--institute-->
		<mark id="sSpan692" xlink:href="#sTok811"/>
		<!--Hyponyms-->
		<mark id="sSpan693" xlink:href="#sTok812"/>
		<!--Hyponyms-->
		<mark id="sSpan694" xlink:href="#sTok812"/>
		<!--See also Thesaurus : school-->
		<mark id="sSpan695" xlink:href="#sTok813 #sTok814 #sTok815 #sTok816 #sTok817"/>
		<!--Thesaurus : school-->
		<mark id="sSpan696" xlink:href="#sTok815 #sTok816 #sTok817"/>
		<!--Coordinate terms-->
		<mark id="sSpan697" xlink:href="#sTok818 #sTok819"/>
		<!--Coordinate terms-->
		<mark id="sSpan698" xlink:href="#sTok818 #sTok819"/>
		<!--( institution providing primary and secondary education ) : nursery school , kindergarten , college , polytechnic , university-->
		<mark id="sSpan699" xlink:href="#sTok820 #sTok821 #sTok822 #sTok823 #sTok824 #sTok825 #sTok826 #sTok827 #sTok828 #sTok829 #sTok830 #sTok831 #sTok832 #sTok833 #sTok834 #sTok835 #sTok836 #sTok837 #sTok838"/>
		<!--nursery school-->
		<mark id="sSpan700" xlink:href="#sTok829 #sTok830"/>
		<!--kindergarten-->
		<mark id="sSpan701" xlink:href="#sTok832"/>
		<!--college-->
		<mark id="sSpan702" xlink:href="#sTok834"/>
		<!--polytechnic-->
		<mark id="sSpan703" xlink:href="#sTok836"/>
		<!--university-->
		<mark id="sSpan704" xlink:href="#sTok838"/>
		<!--Verb-->
		<mark id="sSpan705" xlink:href="#sTok839"/>
		<!--Verb-->
		<mark id="sSpan706" xlink:href="#sTok839"/>
		<!--school ( third - person singular simple present schools , present participle schooling , simple past and past participle schooled )-->
		<mark id="sSpan707" xlink:href="#sTok840 #sTok841 #sTok842 #sTok843 #sTok844 #sTok845 #sTok846 #sTok847 #sTok848 #sTok849 #sTok850 #sTok851 #sTok852 #sTok853 #sTok854 #sTok855 #sTok856 #sTok857 #sTok858 #sTok859 #sTok860"/>
		<!--schools-->
		<mark id="sSpan708" xlink:href="#sTok848"/>
		<!--schooling-->
		<mark id="sSpan709" xlink:href="#sTok852"/>
		<!--schooled-->
		<mark id="sSpan710" xlink:href="#sTok859"/>
		<!--( transitive ) To educate , teach , or train ( often , but not necessarily , in a school ) .-->
		<mark id="sSpan711" xlink:href="#sTok861 #sTok862 #sTok863 #sTok864 #sTok865 #sTok866 #sTok867 #sTok868 #sTok869 #sTok870 #sTok871 #sTok872 #sTok873 #sTok874 #sTok875 #sTok876 #sTok877 #sTok878 #sTok879 #sTok880 #sTok881 #sTok882"/>
		<!--( transitive ) To educate , teach , or train ( often , but not necessarily , in a school ) .-->
		<mark id="sSpan712" xlink:href="#sTok861 #sTok862 #sTok863 #sTok864 #sTok865 #sTok866 #sTok867 #sTok868 #sTok869 #sTok870 #sTok871 #sTok872 #sTok873 #sTok874 #sTok875 #sTok876 #sTok877 #sTok878 #sTok879 #sTok880 #sTok881 #sTok882"/>
		<!--( transitive ) To educate , teach , or train ( often , but not necessarily , in a school ) . Many future prime ministers were schooled in Eton . ( transitive ) To defeat emphatically , to teach an opponent a harsh lesson . ( transitive ) To control , or compose , one 's expression . She took care to school her expression , not giving away any of her feelings .-->
		<mark id="sSpan713" xlink:href="#sTok861 #sTok862 #sTok863 #sTok864 #sTok865 #sTok866 #sTok867 #sTok868 #sTok869 #sTok870 #sTok871 #sTok872 #sTok873 #sTok874 #sTok875 #sTok876 #sTok877 #sTok878 #sTok879 #sTok880 #sTok881 #sTok882 #sTok883 #sTok884 #sTok885 #sTok886 #sTok887 #sTok888 #sTok889 #sTok890 #sTok891 #sTok892 #sTok893 #sTok894 #sTok895 #sTok896 #sTok897 #sTok898 #sTok899 #sTok900 #sTok901 #sTok902 #sTok903 #sTok904 #sTok905 #sTok906 #sTok907 #sTok908 #sTok909 #sTok910 #sTok911 #sTok912 #sTok913 #sTok914 #sTok915 #sTok916 #sTok917 #sTok918 #sTok919 #sTok920 #sTok921 #sTok922 #sTok923 #sTok924 #sTok925 #sTok926 #sTok927 #sTok928 #sTok929 #sTok930 #sTok931 #sTok932 #sTok933 #sTok934 #sTok935"/>
		<!--transitive-->
		<mark id="sSpan714" xlink:href="#sTok862"/>
		<!--educate-->
		<mark id="sSpan715" xlink:href="#sTok865"/>
		<!--teach-->
		<mark id="sSpan716" xlink:href="#sTok867"/>
		<!--train-->
		<mark id="sSpan717" xlink:href="#sTok870"/>
		<!--Many future prime ministers were schooled in Eton .-->
		<mark id="sSpan718" xlink:href="#sTok883 #sTok884 #sTok885 #sTok886 #sTok887 #sTok888 #sTok889 #sTok890 #sTok891"/>
		<!--Many future prime ministers were schooled in Eton .-->
		<mark id="sSpan719" xlink:href="#sTok883 #sTok884 #sTok885 #sTok886 #sTok887 #sTok888 #sTok889 #sTok890 #sTok891"/>
		<!--( transitive ) To defeat emphatically , to teach an opponent a harsh lesson .-->
		<mark id="sSpan720" xlink:href="#sTok892 #sTok893 #sTok894 #sTok895 #sTok896 #sTok897 #sTok898 #sTok899 #sTok900 #sTok901 #sTok902 #sTok903 #sTok904 #sTok905 #sTok906"/>
		<!--( transitive ) To defeat emphatically , to teach an opponent a harsh lesson .-->
		<mark id="sSpan721" xlink:href="#sTok892 #sTok893 #sTok894 #sTok895 #sTok896 #sTok897 #sTok898 #sTok899 #sTok900 #sTok901 #sTok902 #sTok903 #sTok904 #sTok905 #sTok906"/>
		<!--transitive-->
		<mark id="sSpan722" xlink:href="#sTok893"/>
		<!--defeat-->
		<mark id="sSpan723" xlink:href="#sTok896"/>
		<!--emphatically-->
		<mark id="sSpan724" xlink:href="#sTok897"/>
		<!--opponent-->
		<mark id="sSpan725" xlink:href="#sTok902"/>
		<!--harsh-->
		<mark id="sSpan726" xlink:href="#sTok904"/>
		<!--lesson-->
		<mark id="sSpan727" xlink:href="#sTok905"/>
		<!--( transitive ) To control , or compose , one 's expression .-->
		<mark id="sSpan728" xlink:href="#sTok907 #sTok908 #sTok909 #sTok910 #sTok911 #sTok912 #sTok913 #sTok914 #sTok915 #sTok916 #sTok917 #sTok918 #sTok919"/>
		<!--( transitive ) To control , or compose , one 's expression .-->
		<mark id="sSpan729" xlink:href="#sTok907 #sTok908 #sTok909 #sTok910 #sTok911 #sTok912 #sTok913 #sTok914 #sTok915 #sTok916 #sTok917 #sTok918 #sTok919"/>
		<!--transitive-->
		<mark id="sSpan730" xlink:href="#sTok908"/>
		<!--She took care to school her expression , not giving away any of her feelings .-->
		<mark id="sSpan731" xlink:href="#sTok920 #sTok921 #sTok922 #sTok923 #sTok924 #sTok925 #sTok926 #sTok927 #sTok928 #sTok929 #sTok930 #sTok931 #sTok932 #sTok933 #sTok934 #sTok935"/>
		<!--She took care to school her expression , not giving away any of her feelings .-->
		<mark id="sSpan732" xlink:href="#sTok920 #sTok921 #sTok922 #sTok923 #sTok924 #sTok925 #sTok926 #sTok927 #sTok928 #sTok929 #sTok930 #sTok931 #sTok932 #sTok933 #sTok934 #sTok935"/></markList></paula>