<?xml version='1.0' encoding='UTF-8'?><!DOCTYPE paula SYSTEM "paula_feat.dtd">
<paula version="1.1">
	<header paula_id="bridge.GUM_academic_eegimaa.bridge_type"/>
	<featList xmlns:xlink="http://www.w3.org/1999/xlink" type="type" xml:base="bridge.GUM_academic_eegimaa.bridge.xml">
		<feat xlink:href="#sPointingRel1107_9650" value="bridge:other"/>
		<feat xlink:href="#sPointingRel1109_9651" value="bridge:other"/>
		<feat xlink:href="#sPointingRel1111_9652" value="bridge:def"/>
		<feat xlink:href="#sPointingRel1113_9653" value="bridge:other"/>
		<feat xlink:href="#sPointingRel1115" value="bridge:other"/>
		<feat xlink:href="#sPointingRel1117" value="bridge:def"/>
		<feat xlink:href="#sPointingRel1119" value="bridge:other"/></featList></paula>