<?xml version='1.0' encoding='UTF-8'?><!DOCTYPE paula SYSTEM "paula_feat.dtd">
<paula version="1.1">
	<header paula_id="rsd.GUM_academic_discrimination.mark_rsd_rel"/>
	<featList xmlns:xlink="http://www.w3.org/1999/xlink" type="rsd_rel" xml:base="rsd.GUM_academic_discrimination.mark.xml">
		<feat xlink:href="#sSpan125" value="preparation_r"/>
		<feat xlink:href="#sSpan126" value="elaboration_r"/>
		<feat xlink:href="#sSpan127" value="preparation_r"/>
		<feat xlink:href="#sSpan128" value="background_r"/>
		<feat xlink:href="#sSpan129" value="evidence_r"/>
		<feat xlink:href="#sSpan130" value="evidence_r"/>
		<feat xlink:href="#sSpan131" value="evidence_r"/>
		<feat xlink:href="#sSpan132" value="joint_m"/>
		<feat xlink:href="#sSpan133" value="elaboration_r"/>
		<feat xlink:href="#sSpan134" value="evidence_r"/>
		<feat xlink:href="#sSpan135" value="joint_m"/>
		<feat xlink:href="#sSpan136" value="evidence_r"/>
		<feat xlink:href="#sSpan137" value="joint_m"/>
		<feat xlink:href="#sSpan138" value="elaboration_r"/>
		<feat xlink:href="#sSpan139" value="evidence_r"/>
		<feat xlink:href="#sSpan140" value="concession_r"/>
		<feat xlink:href="#sSpan141" value="elaboration_r"/>
		<feat xlink:href="#sSpan142" value="evidence_r"/>
		<feat xlink:href="#sSpan143" value="background_r"/>
		<feat xlink:href="#sSpan144" value="purpose_r"/>
		<feat xlink:href="#sSpan145" value="purpose_r"/>
		<feat xlink:href="#sSpan146" value="elaboration_r"/>
		<feat xlink:href="#sSpan147" value="elaboration_r"/>
		<feat xlink:href="#sSpan148" value="elaboration_r"/>
		<feat xlink:href="#sSpan149" value="elaboration_r"/>
		<feat xlink:href="#sSpan150" value="evidence_r"/>
		<feat xlink:href="#sSpan151" value="background_r"/>
		<feat xlink:href="#sSpan152" value="elaboration_r"/>
		<feat xlink:href="#sSpan153" value="contrast_m"/>
		<feat xlink:href="#sSpan154" value="evidence_r"/>
		<feat xlink:href="#sSpan155" value="concession_r"/>
		<feat xlink:href="#sSpan156" value="evidence_r"/>
		<feat xlink:href="#sSpan157" value="same-unit_m"/>
		<feat xlink:href="#sSpan158" value="means_r"/>
		<feat xlink:href="#sSpan159" value="attribution_r"/>
		<feat xlink:href="#sSpan160" value="same-unit_m"/>
		<feat xlink:href="#sSpan161" value="evidence_r"/>
		<feat xlink:href="#sSpan162" value="ROOT"/>
		<feat xlink:href="#sSpan163" value="means_r"/>
		<feat xlink:href="#sSpan164" value="elaboration_r"/>
		<feat xlink:href="#sSpan165" value="preparation_r"/>
		<feat xlink:href="#sSpan166" value="preparation_r"/>
		<feat xlink:href="#sSpan167" value="attribution_r"/>
		<feat xlink:href="#sSpan168" value="elaboration_r"/>
		<feat xlink:href="#sSpan169" value="elaboration_r"/>
		<feat xlink:href="#sSpan170" value="elaboration_r"/>
		<feat xlink:href="#sSpan171" value="elaboration_r"/>
		<feat xlink:href="#sSpan172" value="same-unit_m"/>
		<feat xlink:href="#sSpan173" value="joint_m"/>
		<feat xlink:href="#sSpan174" value="elaboration_r"/>
		<feat xlink:href="#sSpan175" value="elaboration_r"/>
		<feat xlink:href="#sSpan176" value="result_r"/>
		<feat xlink:href="#sSpan177" value="elaboration_r"/>
		<feat xlink:href="#sSpan178" value="elaboration_r"/>
		<feat xlink:href="#sSpan179" value="elaboration_r"/>
		<feat xlink:href="#sSpan180" value="cause_r"/>
		<feat xlink:href="#sSpan181" value="elaboration_r"/>
		<feat xlink:href="#sSpan182" value="elaboration_r"/>
		<feat xlink:href="#sSpan183" value="elaboration_r"/>
		<feat xlink:href="#sSpan184" value="elaboration_r"/>
		<feat xlink:href="#sSpan185" value="preparation_r"/>
		<feat xlink:href="#sSpan186" value="cause_r"/>
		<feat xlink:href="#sSpan187" value="background_r"/>
		<feat xlink:href="#sSpan188" value="elaboration_r"/>
		<feat xlink:href="#sSpan189" value="background_r"/>
		<feat xlink:href="#sSpan190" value="antithesis_r"/>
		<feat xlink:href="#sSpan191" value="same-unit_m"/>
		<feat xlink:href="#sSpan192" value="justify_r"/>
		<feat xlink:href="#sSpan193" value="concession_r"/>
		<feat xlink:href="#sSpan194" value="same-unit_m"/>
		<feat xlink:href="#sSpan195" value="contrast_m"/>
		<feat xlink:href="#sSpan196" value="preparation_r"/>
		<feat xlink:href="#sSpan197" value="joint_m"/>
		<feat xlink:href="#sSpan198" value="elaboration_r"/>
		<feat xlink:href="#sSpan199" value="elaboration_r"/>
		<feat xlink:href="#sSpan200" value="elaboration_r"/>
		<feat xlink:href="#sSpan201" value="antithesis_r"/>
		<feat xlink:href="#sSpan202" value="same-unit_m"/>
		<feat xlink:href="#sSpan203" value="elaboration_r"/>
		<feat xlink:href="#sSpan204" value="joint_m"/>
		<feat xlink:href="#sSpan205" value="elaboration_r"/>
		<feat xlink:href="#sSpan206" value="same-unit_m"/>
		<feat xlink:href="#sSpan207" value="preparation_r"/>
		<feat xlink:href="#sSpan208" value="purpose_r"/>
		<feat xlink:href="#sSpan209" value="preparation_r"/>
		<feat xlink:href="#sSpan210" value="joint_m"/>
		<feat xlink:href="#sSpan211" value="elaboration_r"/>
		<feat xlink:href="#sSpan212" value="means_r"/>
		<feat xlink:href="#sSpan213" value="elaboration_r"/>
		<feat xlink:href="#sSpan214" value="same-unit_m"/>
		<feat xlink:href="#sSpan215" value="joint_m"/>
		<feat xlink:href="#sSpan216" value="elaboration_r"/>
		<feat xlink:href="#sSpan217" value="elaboration_r"/>
		<feat xlink:href="#sSpan218" value="preparation_r"/>
		<feat xlink:href="#sSpan219" value="preparation_r"/>
		<feat xlink:href="#sSpan220" value="joint_m"/>
		<feat xlink:href="#sSpan221" value="sequence_m"/>
		<feat xlink:href="#sSpan222" value="sequence_m"/>
		<feat xlink:href="#sSpan223" value="purpose_r"/>
		<feat xlink:href="#sSpan224" value="elaboration_r"/>
		<feat xlink:href="#sSpan225" value="restatement_r"/>
		<feat xlink:href="#sSpan226" value="same-unit_m"/>
		<feat xlink:href="#sSpan227" value="cause_r"/>
		<feat xlink:href="#sSpan228" value="elaboration_r"/>
		<feat xlink:href="#sSpan229" value="evidence_r"/>
		<feat xlink:href="#sSpan230" value="elaboration_r"/>
		<feat xlink:href="#sSpan231" value="circumstance_r"/>
		<feat xlink:href="#sSpan232" value="means_r"/>
		<feat xlink:href="#sSpan233" value="same-unit_m"/>
		<feat xlink:href="#sSpan234" value="means_r"/>
		<feat xlink:href="#sSpan235" value="evidence_r"/>
		<feat xlink:href="#sSpan236" value="same-unit_m"/>
		<feat xlink:href="#sSpan237" value="evidence_r"/>
		<feat xlink:href="#sSpan238" value="same-unit_m"/>
		<feat xlink:href="#sSpan239" value="evidence_r"/>
		<feat xlink:href="#sSpan240" value="result_r"/>
		<feat xlink:href="#sSpan241" value="elaboration_r"/>
		<feat xlink:href="#sSpan242" value="same-unit_m"/>
		<feat xlink:href="#sSpan243" value="antithesis_r"/>
		<feat xlink:href="#sSpan244" value="cause_r"/>
		<feat xlink:href="#sSpan245" value="elaboration_r"/>
		<feat xlink:href="#sSpan246" value="evidence_r"/>
		<feat xlink:href="#sSpan247" value="manner_r"/>
		<feat xlink:href="#sSpan248" value="elaboration_r"/>
		<feat xlink:href="#sSpan249" value="joint_m"/>
		<feat xlink:href="#sSpan250" value="elaboration_r"/>
		<feat xlink:href="#sSpan251" value="evaluation_r"/>
		<feat xlink:href="#sSpan252" value="attribution_r"/>
		<feat xlink:href="#sSpan253" value="same-unit_m"/></featList></paula>