<?xml version='1.0' encoding='UTF-8'?><!DOCTYPE paula SYSTEM "paula_feat.dtd">
<paula version="1.1">
	<header paula_id="rst.GUM_academic_discrimination.struct_relname"/>
	<featList xmlns:xlink="http://www.w3.org/1999/xlink" type="relname" xml:base="rst.GUM_academic_discrimination.struct.xml">
		<feat xlink:href="#sDomRel1913" value="elaboration"/>
		<feat xlink:href="#sDomRel1914" value="span"/>
		<feat xlink:href="#sDomRel1936" value="purpose"/>
		<feat xlink:href="#sDomRel1937" value="span"/>
		<feat xlink:href="#sDomRel1963" value="elaboration"/>
		<feat xlink:href="#sDomRel1964" value="span"/>
		<feat xlink:href="#sDomRel1965" value="same-unit"/>
		<feat xlink:href="#sDomRel1966" value="same-unit"/>
		<feat xlink:href="#sDomRel1968" value="means"/>
		<feat xlink:href="#sDomRel1969" value="span"/>
		<feat xlink:href="#sDomRel1977" value="elaboration"/>
		<feat xlink:href="#sDomRel1978" value="span"/>
		<feat xlink:href="#sDomRel1996" value="elaboration"/>
		<feat xlink:href="#sDomRel2007" value="span"/>
		<feat xlink:href="#sDomRel2008" value="elaboration"/>
		<feat xlink:href="#sDomRel2009" value="span"/>
		<feat xlink:href="#sDomRel2010" value="preparation"/>
		<feat xlink:href="#sDomRel2011" value="joint"/>
		<feat xlink:href="#sDomRel2012" value="joint"/>
		<feat xlink:href="#sDomRel2013" value="preparation"/>
		<feat xlink:href="#sDomRel2014" value="span"/>
		<feat xlink:href="#sDomRel2015" value="span"/>
		<feat xlink:href="#sDomRel2075" value="preparation"/>
		<feat xlink:href="#sDomRel2076" value="sequence"/>
		<feat xlink:href="#sDomRel2077" value="sequence"/>
		<feat xlink:href="#sDomRel2078" value="sequence"/>
		<feat xlink:href="#sDomRel2097" value="restatement"/>
		<feat xlink:href="#sDomRel2098" value="span"/>
		<feat xlink:href="#sDomRel2108" value="evidence"/>
		<feat xlink:href="#sDomRel2109" value="span"/>
		<feat xlink:href="#sDomRel2121" value="elaboration"/>
		<feat xlink:href="#sDomRel2122" value="span"/>
		<feat xlink:href="#sDomRel2123" value="same-unit"/>
		<feat xlink:href="#sDomRel2124" value="same-unit"/>
		<feat xlink:href="#sDomRel2125" value="cause"/>
		<feat xlink:href="#sDomRel2126" value="purpose"/>
		<feat xlink:href="#sDomRel2127" value="span"/>
		<feat xlink:href="#sDomRel2150" value="evidence"/>
		<feat xlink:href="#sDomRel2151" value="span"/>
		<feat xlink:href="#sDomRel2157" value="evidence"/>
		<feat xlink:href="#sDomRel2158" value="span"/>
		<feat xlink:href="#sDomRel2159" value="same-unit"/>
		<feat xlink:href="#sDomRel2160" value="same-unit"/>
		<feat xlink:href="#sDomRel2181" value="means"/>
		<feat xlink:href="#sDomRel2195" value="means"/>
		<feat xlink:href="#sDomRel2196" value="span"/>
		<feat xlink:href="#sDomRel2197" value="span"/>
		<feat xlink:href="#sDomRel2198" value="circumstance"/>
		<feat xlink:href="#sDomRel2199" value="span"/>
		<feat xlink:href="#sDomRel2200" value="same-unit"/>
		<feat xlink:href="#sDomRel2201" value="same-unit"/>
		<feat xlink:href="#sDomRel2202" value="evidence"/>
		<feat xlink:href="#sDomRel2203" value="same-unit"/>
		<feat xlink:href="#sDomRel2239" value="elaboration"/>
		<feat xlink:href="#sDomRel2240" value="span"/>
		<feat xlink:href="#sDomRel2241" value="same-unit"/>
		<feat xlink:href="#sDomRel2242" value="antithesis"/>
		<feat xlink:href="#sDomRel2243" value="same-unit"/>
		<feat xlink:href="#sDomRel2244" value="cause"/>
		<feat xlink:href="#sDomRel2245" value="span"/>
		<feat xlink:href="#sDomRel2246" value="span"/>
		<feat xlink:href="#sDomRel2247" value="span"/>
		<feat xlink:href="#sDomRel2248" value="result"/>
		<feat xlink:href="#sDomRel2249" value="span"/>
		<feat xlink:href="#sDomRel2250" value="span"/>
		<feat xlink:href="#sDomRel2251" value="elaboration"/>
		<feat xlink:href="#sDomRel2274" value="elaboration"/>
		<feat xlink:href="#sDomRel2275" value="span"/>
		<feat xlink:href="#sDomRel2284" value="manner"/>
		<feat xlink:href="#sDomRel2285" value="span"/>
		<feat xlink:href="#sDomRel2302" value="elaboration"/>
		<feat xlink:href="#sDomRel2303" value="span"/>
		<feat xlink:href="#sDomRel2304" value="joint"/>
		<feat xlink:href="#sDomRel2305" value="joint"/>
		<feat xlink:href="#sDomRel2312" value="attribution"/>
		<feat xlink:href="#sDomRel2313" value="span"/>
		<feat xlink:href="#sDomRel2314" value="same-unit"/>
		<feat xlink:href="#sDomRel2315" value="evidence"/>
		<feat xlink:href="#sDomRel2316" value="same-unit"/>
		<feat xlink:href="#sDomRel2317" value="span"/>
		<feat xlink:href="#sDomRel2340" value="evaluation"/>
		<feat xlink:href="#sDomRel2341" value="span"/>
		<feat xlink:href="#sDomRel2342" value="span"/>
		<feat xlink:href="#sDomRel2343" value="elaboration"/>
		<feat xlink:href="#sDomRel2344" value="span"/>
		<feat xlink:href="#sDomRel2345" value="span"/>
		<feat xlink:href="#sDomRel2346" value="elaboration"/>
		<feat xlink:href="#sDomRel2347" value="preparation"/>
		<feat xlink:href="#sDomRel2348" value="span"/>
		<feat xlink:href="#sDomRel2349" value="span"/>
		<feat xlink:href="#sDomRel2373" value="evidence"/>
		<feat xlink:href="#sDomRel2398" value="attribution"/>
		<feat xlink:href="#sDomRel2399" value="span"/>
		<feat xlink:href="#sDomRel2426" value="evidence"/>
		<feat xlink:href="#sDomRel2427" value="span"/>
		<feat xlink:href="#sDomRel2428" value="same-unit"/>
		<feat xlink:href="#sDomRel2429" value="means"/>
		<feat xlink:href="#sDomRel2430" value="same-unit"/>
		<feat xlink:href="#sDomRel2431" value="span"/>
		<feat xlink:href="#sDomRel2432" value="evidence"/>
		<feat xlink:href="#sDomRel2433" value="same-unit"/>
		<feat xlink:href="#sDomRel2434" value="same-unit"/>
		<feat xlink:href="#sDomRel2435" value="span"/>
		<feat xlink:href="#sDomRel2436" value="span"/>
		<feat xlink:href="#sDomRel2437" value="concession"/>
		<feat xlink:href="#sDomRel2438" value="span"/>
		<feat xlink:href="#sDomRel2460" value="evidence"/>
		<feat xlink:href="#sDomRel2475" value="evidence"/>
		<feat xlink:href="#sDomRel2476" value="span"/>
		<feat xlink:href="#sDomRel2489" value="elaboration"/>
		<feat xlink:href="#sDomRel2494" value="span"/>
		<feat xlink:href="#sDomRel2495" value="evidence"/>
		<feat xlink:href="#sDomRel2496" value="span"/>
		<feat xlink:href="#sDomRel2511" value="evidence"/>
		<feat xlink:href="#sDomRel2512" value="span"/>
		<feat xlink:href="#sDomRel2534" value="elaboration"/>
		<feat xlink:href="#sDomRel2538" value="span"/>
		<feat xlink:href="#sDomRel2539" value="evidence"/>
		<feat xlink:href="#sDomRel2540" value="span"/>
		<feat xlink:href="#sDomRel2541" value="joint"/>
		<feat xlink:href="#sDomRel2542" value="joint"/>
		<feat xlink:href="#sDomRel2543" value="joint"/>
		<feat xlink:href="#sDomRel2544" value="joint"/>
		<feat xlink:href="#sDomRel2545" value="span"/>
		<feat xlink:href="#sDomRel2546" value="evidence"/>
		<feat xlink:href="#sDomRel2547" value="span"/>
		<feat xlink:href="#sDomRel2569" value="elaboration"/>
		<feat xlink:href="#sDomRel2573" value="span"/>
		<feat xlink:href="#sDomRel2574" value="evidence"/>
		<feat xlink:href="#sDomRel2575" value="background"/>
		<feat xlink:href="#sDomRel2576" value="span"/>
		<feat xlink:href="#sDomRel2577" value="span"/>
		<feat xlink:href="#sDomRel2591" value="purpose"/>
		<feat xlink:href="#sDomRel2592" value="span"/>
		<feat xlink:href="#sDomRel2607" value="purpose"/>
		<feat xlink:href="#sDomRel2616" value="elaboration"/>
		<feat xlink:href="#sDomRel2617" value="span"/>
		<feat xlink:href="#sDomRel2624" value="elaboration"/>
		<feat xlink:href="#sDomRel2625" value="span"/>
		<feat xlink:href="#sDomRel2644" value="elaboration"/>
		<feat xlink:href="#sDomRel2648" value="span"/>
		<feat xlink:href="#sDomRel2649" value="evidence"/>
		<feat xlink:href="#sDomRel2650" value="span"/>
		<feat xlink:href="#sDomRel2651" value="span"/>
		<feat xlink:href="#sDomRel2652" value="elaboration"/>
		<feat xlink:href="#sDomRel2683" value="elaboration"/>
		<feat xlink:href="#sDomRel2684" value="span"/>
		<feat xlink:href="#sDomRel2685" value="span"/>
		<feat xlink:href="#sDomRel2686" value="background"/>
		<feat xlink:href="#sDomRel2687" value="concession"/>
		<feat xlink:href="#sDomRel2688" value="span"/>
		<feat xlink:href="#sDomRel2689" value="span"/>
		<feat xlink:href="#sDomRel2690" value="contrast"/>
		<feat xlink:href="#sDomRel2691" value="contrast"/>
		<feat xlink:href="#sDomRel2722" value="means"/>
		<feat xlink:href="#sDomRel2736" value="span"/>
		<feat xlink:href="#sDomRel2737" value="elaboration"/>
		<feat xlink:href="#sDomRel2738" value="background"/>
		<feat xlink:href="#sDomRel2739" value="span"/>
		<feat xlink:href="#sDomRel2740" value="preparation"/>
		<feat xlink:href="#sDomRel2741" value="span"/>
		<feat xlink:href="#sDomRel2742" value="span"/>
		<feat xlink:href="#sDomRel2774" value="elaboration"/>
		<feat xlink:href="#sDomRel2775" value="cause"/>
		<feat xlink:href="#sDomRel2776" value="span"/>
		<feat xlink:href="#sDomRel2777" value="span"/>
		<feat xlink:href="#sDomRel2814" value="concession"/>
		<feat xlink:href="#sDomRel2815" value="span"/>
		<feat xlink:href="#sDomRel2816" value="same-unit"/>
		<feat xlink:href="#sDomRel2817" value="same-unit"/>
		<feat xlink:href="#sDomRel2818" value="contrast"/>
		<feat xlink:href="#sDomRel2819" value="contrast"/>
		<feat xlink:href="#sDomRel2840" value="antithesis"/>
		<feat xlink:href="#sDomRel2841" value="span"/>
		<feat xlink:href="#sDomRel2842" value="same-unit"/>
		<feat xlink:href="#sDomRel2843" value="same-unit"/>
		<feat xlink:href="#sDomRel2844" value="justify"/>
		<feat xlink:href="#sDomRel2845" value="span"/>
		<feat xlink:href="#sDomRel2846" value="background"/>
		<feat xlink:href="#sDomRel2847" value="span"/>
		<feat xlink:href="#sDomRel2848" value="span"/>
		<feat xlink:href="#sDomRel2874" value="elaboration"/>
		<feat xlink:href="#sDomRel2879" value="antithesis"/>
		<feat xlink:href="#sDomRel2880" value="span"/>
		<feat xlink:href="#sDomRel2895" value="elaboration"/>
		<feat xlink:href="#sDomRel2896" value="span"/>
		<feat xlink:href="#sDomRel2897" value="same-unit"/>
		<feat xlink:href="#sDomRel2898" value="same-unit"/>
		<feat xlink:href="#sDomRel2920" value="elaboration"/>
		<feat xlink:href="#sDomRel2921" value="span"/>
		<feat xlink:href="#sDomRel2922" value="same-unit"/>
		<feat xlink:href="#sDomRel2923" value="same-unit"/>
		<feat xlink:href="#sDomRel2924" value="joint"/>
		<feat xlink:href="#sDomRel2925" value="joint"/>
		<feat xlink:href="#sDomRel2926" value="span"/>
		<feat xlink:href="#sDomRel2927" value="elaboration"/>
		<feat xlink:href="#sDomRel2928" value="span"/>
		<feat xlink:href="#sDomRel2950" value="elaboration"/>
		<feat xlink:href="#sDomRel2951" value="preparation"/>
		<feat xlink:href="#sDomRel2952" value="span"/>
		<feat xlink:href="#sDomRel2953" value="background"/>
		<feat xlink:href="#sDomRel2954" value="span"/>
		<feat xlink:href="#sDomRel2955" value="preparation"/>
		<feat xlink:href="#sDomRel2956" value="span"/>
		<feat xlink:href="#sDomRel2957" value="span"/>
		<feat xlink:href="#sDomRel2970" value="elaboration"/>
		<feat xlink:href="#sDomRel2971" value="span"/>
		<feat xlink:href="#sDomRel2983" value="elaboration"/>
		<feat xlink:href="#sDomRel3000" value="elaboration"/>
		<feat xlink:href="#sDomRel3001" value="span"/>
		<feat xlink:href="#sDomRel3002" value="span"/>
		<feat xlink:href="#sDomRel3003" value="cause"/>
		<feat xlink:href="#sDomRel3004" value="span"/>
		<feat xlink:href="#sDomRel3034" value="elaboration"/>
		<feat xlink:href="#sDomRel3035" value="span"/>
		<feat xlink:href="#sDomRel3058" value="elaboration"/>
		<feat xlink:href="#sDomRel3059" value="span"/>
		<feat xlink:href="#sDomRel3064" value="elaboration"/>
		<feat xlink:href="#sDomRel3065" value="span"/>
		<feat xlink:href="#sDomRel3070" value="elaboration"/>
		<feat xlink:href="#sDomRel3071" value="attribution"/>
		<feat xlink:href="#sDomRel3072" value="span"/>
		<feat xlink:href="#sDomRel3073" value="span"/>
		<feat xlink:href="#sDomRel3076" value="elaboration"/>
		<feat xlink:href="#sDomRel3077" value="span"/>
		<feat xlink:href="#sDomRel3078" value="same-unit"/>
		<feat xlink:href="#sDomRel3079" value="same-unit"/>
		<feat xlink:href="#sDomRel3094" value="preparation"/>
		<feat xlink:href="#sDomRel3130" value="elaboration"/>
		<feat xlink:href="#sDomRel3131" value="span"/>
		<feat xlink:href="#sDomRel3146" value="result"/>
		<feat xlink:href="#sDomRel3147" value="span"/>
		<feat xlink:href="#sDomRel3159" value="elaboration"/>
		<feat xlink:href="#sDomRel3160" value="span"/>
		<feat xlink:href="#sDomRel3161" value="span"/>
		<feat xlink:href="#sDomRel3162" value="elaboration"/>
		<feat xlink:href="#sDomRel3163" value="elaboration"/>
		<feat xlink:href="#sDomRel3164" value="span"/>
		<feat xlink:href="#sDomRel3165" value="elaboration"/>
		<feat xlink:href="#sDomRel3166" value="span"/>
		<feat xlink:href="#sDomRel3167" value="preparation"/>
		<feat xlink:href="#sDomRel3168" value="span"/>
		<feat xlink:href="#sDomRel3169" value="span"/>
		<feat xlink:href="#sDomRel3170" value="preparation"/>
		<feat xlink:href="#sDomRel3171" value="joint"/>
		<feat xlink:href="#sDomRel3172" value="joint"/>
		<feat xlink:href="#sDomRel3173" value="joint"/>
		<feat xlink:href="#sDomRel3174" value="joint"/>
		<feat xlink:href="#sDomRel3175" value="joint"/>
		<feat xlink:href="#sDomRel3176" value="span"/></featList></paula>