<?xml version='1.0' encoding='UTF-8'?><!DOCTYPE paula SYSTEM "paula_feat.dtd">
<paula version="1.1">
	<header paula_id="const.GUM_academic_enjambment.struct_func"/>
	<featList xmlns:xlink="http://www.w3.org/1999/xlink" type="func" xml:base="const.GUM_academic_enjambment.struct.xml">
		<feat xlink:href="#sDomRel1092" value="TMP"/>
		<feat xlink:href="#sDomRel1169" value="TMP"/>
		<feat xlink:href="#sDomRel1214" value="DTV"/>
		<feat xlink:href="#sDomRel1230" value="TMP"/>
		<feat xlink:href="#sDomRel1246" value="ADV"/>
		<feat xlink:href="#sDomRel1249" value="SBJ"/>
		<feat xlink:href="#sDomRel1255" value="TMP"/>
		<feat xlink:href="#sDomRel1256" value="SBJ"/>
		<feat xlink:href="#sDomRel1274" value="SBJ"/>
		<feat xlink:href="#sDomRel1289" value="SBJ"/>
		<feat xlink:href="#sDomRel1314" value="TMP"/>
		<feat xlink:href="#sDomRel1332" value="TMP"/>
		<feat xlink:href="#sDomRel1340" value="TMP"/>
		<feat xlink:href="#sDomRel1348" value="TMP"/>
		<feat xlink:href="#sDomRel1356" value="TMP"/>
		<feat xlink:href="#sDomRel1372" value="TMP"/>
		<feat xlink:href="#sDomRel1379" value="TMP"/>
		<feat xlink:href="#sDomRel1386" value="TMP"/>
		<feat xlink:href="#sDomRel1394" value="TMP"/>
		<feat xlink:href="#sDomRel1435" value="SBJ"/>
		<feat xlink:href="#sDomRel1484" value="TMP"/>
		<feat xlink:href="#sDomRel1493" value="PRD"/>
		<feat xlink:href="#sDomRel1494" value="TMP"/>
		<feat xlink:href="#sDomRel1496" value="SBJ"/>
		<feat xlink:href="#sDomRel1522" value="MNR"/>
		<feat xlink:href="#sDomRel1526" value="SBJ"/>
		<feat xlink:href="#sDomRel1557" value="TMP"/>
		<feat xlink:href="#sDomRel1558" value="TMP"/>
		<feat xlink:href="#sDomRel1580" value="SBJ"/>
		<feat xlink:href="#sDomRel1601" value="PRD"/>
		<feat xlink:href="#sDomRel1603" value="SBJ"/>
		<feat xlink:href="#sDomRel1629" value="ADV"/>
		<feat xlink:href="#sDomRel1641" value="SBJ"/>
		<feat xlink:href="#sDomRel1657" value="PRD"/>
		<feat xlink:href="#sDomRel1658" value="SBJ"/>
		<feat xlink:href="#sDomRel1671" value="TMP"/>
		<feat xlink:href="#sDomRel1673" value="SBJ"/>
		<feat xlink:href="#sDomRel1684" value="SBJ"/>
		<feat xlink:href="#sDomRel1704" value="TMP"/>
		<feat xlink:href="#sDomRel1710" value="PRD"/>
		<feat xlink:href="#sDomRel1714" value="SBJ"/>
		<feat xlink:href="#sDomRel1758" value="NOM-SBJ"/>
		<feat xlink:href="#sDomRel1769" value="TMP"/>
		<feat xlink:href="#sDomRel1804" value="TMP"/>
		<feat xlink:href="#sDomRel1806" value="SBJ"/>
		<feat xlink:href="#sDomRel1817" value="SBJ"/>
		<feat xlink:href="#sDomRel1835" value="TMP"/>
		<feat xlink:href="#sDomRel1836" value="SBJ"/>
		<feat xlink:href="#sDomRel1862" value="TMP"/>
		<feat xlink:href="#sDomRel1864" value="SBJ"/>
		<feat xlink:href="#sDomRel1886" value="TMP"/>
		<feat xlink:href="#sDomRel1888" value="SBJ"/>
		<feat xlink:href="#sDomRel1930" value="SBJ"/>
		<feat xlink:href="#sDomRel1951" value="SBJ"/>
		<feat xlink:href="#sDomRel1952" value="TMP"/>
		<feat xlink:href="#sDomRel1967" value="TMP"/>
		<feat xlink:href="#sDomRel1979" value="TMP"/>
		<feat xlink:href="#sDomRel2001" value="TMP"/>
		<feat xlink:href="#sDomRel2007" value="TMP"/>
		<feat xlink:href="#sDomRel2009" value="SBJ"/>
		<feat xlink:href="#sDomRel2089" value="ADV"/>
		<feat xlink:href="#sDomRel2090" value="SBJ"/>
		<feat xlink:href="#sDomRel2096" value="TMP"/>
		<feat xlink:href="#sDomRel2106" value="SBJ"/>
		<feat xlink:href="#sDomRel2113" value="TMP"/>
		<feat xlink:href="#sDomRel2139" value="SBJ"/>
		<feat xlink:href="#sDomRel2144" value="DTV"/>
		<feat xlink:href="#sDomRel2147" value="SBJ"/>
		<feat xlink:href="#sDomRel2157" value="ADV"/>
		<feat xlink:href="#sDomRel2158" value="SBJ"/>
		<feat xlink:href="#sDomRel2200" value="SBJ"/>
		<feat xlink:href="#sDomRel2253" value="ADV"/>
		<feat xlink:href="#sDomRel2270" value="SBJ"/>
		<feat xlink:href="#sDomRel2290" value="SBJ"/>
		<feat xlink:href="#sDomRel2326" value="SBJ"/>
		<feat xlink:href="#sDomRel2347" value="SBJ"/>
		<feat xlink:href="#sDomRel2374" value="SBJ"/>
		<feat xlink:href="#sDomRel2389" value="TMP"/>
		<feat xlink:href="#sDomRel2418" value="SBJ"/>
		<feat xlink:href="#sDomRel2450" value="SBJ"/>
		<feat xlink:href="#sDomRel2456" value="PRD"/>
		<feat xlink:href="#sDomRel2459" value="ADV"/>
		<feat xlink:href="#sDomRel2463" value="ADV"/>
		<feat xlink:href="#sDomRel2465" value="SBJ"/>
		<feat xlink:href="#sDomRel2473" value="SBJ"/>
		<feat xlink:href="#sDomRel2507" value="SBJ"/>
		<feat xlink:href="#sDomRel2508" value="PRD"/>
		<feat xlink:href="#sDomRel2511" value="PRP"/>
		<feat xlink:href="#sDomRel2513" value="SBJ"/>
		<feat xlink:href="#sDomRel2520" value="TMP"/>
		<feat xlink:href="#sDomRel2541" value="TMP"/>
		<feat xlink:href="#sDomRel2546" value="PRD"/>
		<feat xlink:href="#sDomRel2547" value="SBJ"/>
		<feat xlink:href="#sDomRel2555" value="PRD"/>
		<feat xlink:href="#sDomRel2559" value="TMP"/>
		<feat xlink:href="#sDomRel2576" value="TMP"/>
		<feat xlink:href="#sDomRel2581" value="SBJ"/>
		<feat xlink:href="#sDomRel2587" value="ADV"/>
		<feat xlink:href="#sDomRel2592" value="SBJ"/>
		<feat xlink:href="#sDomRel2601" value="ADV"/>
		<feat xlink:href="#sDomRel2602" value="SBJ"/>
		<feat xlink:href="#sDomRel2624" value="SBJ"/></featList></paula>