<?xml version='1.0' encoding='UTF-8'?><!DOCTYPE paula SYSTEM "paula_feat.dtd">
<paula version="1.1">
	<header paula_id="GUM_academic_enjambment.tok_pos"/>
	<featList xmlns:xlink="http://www.w3.org/1999/xlink" type="pos" xml:base="GUM_academic_enjambment.tok.xml">
		<feat xlink:href="#sTok1" value="JJ"/>
		<feat xlink:href="#sTok2" value="NN"/>
		<feat xlink:href="#sTok3" value=":"/>
		<feat xlink:href="#sTok4" value="JJ"/>
		<feat xlink:href="#sTok5" value="NN"/>
		<feat xlink:href="#sTok6" value="NN"/>
		<feat xlink:href="#sTok7" value="IN"/>
		<feat xlink:href="#sTok8" value="CD"/>
		<feat xlink:href="#sTok9" value="NNS"/>
		<feat xlink:href="#sTok10" value="IN"/>
		<feat xlink:href="#sTok11" value="JJ"/>
		<feat xlink:href="#sTok12" value="NNS"/>
		<feat xlink:href="#sTok13" value="NP"/>
		<feat xlink:href="#sTok14" value="NP"/>
		<feat xlink:href="#sTok15" value="NP"/>
		<feat xlink:href="#sTok16" value="NP"/>
		<feat xlink:href="#sTok17" value="NP"/>
		<feat xlink:href="#sTok18" value="NP"/>
		<feat xlink:href="#sTok19" value=","/>
		<feat xlink:href="#sTok20" value="NP"/>
		<feat xlink:href="#sTok21" value=","/>
		<feat xlink:href="#sTok22" value="NP"/>
		<feat xlink:href="#sTok23" value="NP"/>
		<feat xlink:href="#sTok24" value="NP"/>
		<feat xlink:href="#sTok25" value="NP"/>
		<feat xlink:href="#sTok26" value="NP"/>
		<feat xlink:href="#sTok27" value="NP"/>
		<feat xlink:href="#sTok28" value="NP"/>
		<feat xlink:href="#sTok29" value="NP"/>
		<feat xlink:href="#sTok30" value="NP"/>
		<feat xlink:href="#sTok31" value="NP"/>
		<feat xlink:href="#sTok32" value="NP"/>
		<feat xlink:href="#sTok33" value=","/>
		<feat xlink:href="#sTok34" value="NP"/>
		<feat xlink:href="#sTok35" value="NP"/>
		<feat xlink:href="#sTok36" value="NP"/>
		<feat xlink:href="#sTok37" value="NP"/>
		<feat xlink:href="#sTok38" value="NP"/>
		<feat xlink:href="#sTok39" value="NP"/>
		<feat xlink:href="#sTok40" value=","/>
		<feat xlink:href="#sTok41" value="NP"/>
		<feat xlink:href="#sTok42" value=","/>
		<feat xlink:href="#sTok43" value="NP"/>
		<feat xlink:href="#sTok44" value="NN"/>
		<feat xlink:href="#sTok45" value="NN"/>
		<feat xlink:href="#sTok46" value="VVZ"/>
		<feat xlink:href="#sTok47" value="NN"/>
		<feat xlink:href="#sTok48" value="WRB"/>
		<feat xlink:href="#sTok49" value="DT"/>
		<feat xlink:href="#sTok50" value="JJ"/>
		<feat xlink:href="#sTok51" value="NN"/>
		<feat xlink:href="#sTok52" value="VBZ"/>
		<feat xlink:href="#sTok53" value="VVN"/>
		<feat xlink:href="#sTok54" value="RP"/>
		<feat xlink:href="#sTok55" value="IN"/>
		<feat xlink:href="#sTok56" value="CD"/>
		<feat xlink:href="#sTok57" value="NNS"/>
		<feat xlink:href="#sTok58" value="IN"/>
		<feat xlink:href="#sTok59" value="NN"/>
		<feat xlink:href="#sTok60" value="("/>
		<feat xlink:href="#sTok61" value="NP"/>
		<feat xlink:href="#sTok62" value="NP"/>
		<feat xlink:href="#sTok63" value=","/>
		<feat xlink:href="#sTok64" value="CD"/>
		<feat xlink:href="#sTok65" value=":"/>
		<feat xlink:href="#sTok66" value="CD"/>
		<feat xlink:href="#sTok67" value=")"/>
		<feat xlink:href="#sTok68" value=","/>
		<feat xlink:href="#sTok69" value="VVG"/>
		<feat xlink:href="#sTok70" value="NN"/>
		<feat xlink:href="#sTok71" value="IN"/>
		<feat xlink:href="#sTok72" value="JJ"/>
		<feat xlink:href="#sTok73" value="JJ"/>
		<feat xlink:href="#sTok74" value="NNS"/>
		<feat xlink:href="#sTok75" value="("/>
		<feat xlink:href="#sTok76" value="FW"/>
		<feat xlink:href="#sTok77" value="JJ"/>
		<feat xlink:href="#sTok78" value="NN"/>
		<feat xlink:href="#sTok79" value="IN"/>
		<feat xlink:href="#sTok80" value="NNS"/>
		<feat xlink:href="#sTok81" value="IN"/>
		<feat xlink:href="#sTok82" value="DT"/>
		<feat xlink:href="#sTok83" value="JJ"/>
		<feat xlink:href="#sTok84" value="NN"/>
		<feat xlink:href="#sTok85" value=","/>
		<feat xlink:href="#sTok86" value="CC"/>
		<feat xlink:href="#sTok87" value="NN"/>
		<feat xlink:href="#sTok88" value="IN"/>
		<feat xlink:href="#sTok89" value="DT"/>
		<feat xlink:href="#sTok90" value="NNS"/>
		<feat xlink:href="#sTok91" value=")"/>
		<feat xlink:href="#sTok92" value=","/>
		<feat xlink:href="#sTok93" value="CC"/>
		<feat xlink:href="#sTok94" value="VVG"/>
		<feat xlink:href="#sTok95" value="JJ"/>
		<feat xlink:href="#sTok96" value="NNS"/>
		<feat xlink:href="#sTok97" value="IN"/>
		<feat xlink:href="#sTok98" value="DT"/>
		<feat xlink:href="#sTok99" value="VVN"/>
		<feat xlink:href="#sTok100" value="NNS"/>
		<feat xlink:href="#sTok101" value="("/>
		<feat xlink:href="#sTok102" value="NP"/>
		<feat xlink:href="#sTok103" value=","/>
		<feat xlink:href="#sTok104" value="CD"/>
		<feat xlink:href="#sTok105" value=")"/>
		<feat xlink:href="#sTok106" value="SENT"/>
		<feat xlink:href="#sTok107" value="IN"/>
		<feat xlink:href="#sTok108" value="JJ"/>
		<feat xlink:href="#sTok109" value="NN"/>
		<feat xlink:href="#sTok110" value=","/>
		<feat xlink:href="#sTok111" value="DT"/>
		<feat xlink:href="#sTok112" value="JJ"/>
		<feat xlink:href="#sTok113" value="NNS"/>
		<feat xlink:href="#sTok114" value="IN"/>
		<feat xlink:href="#sTok115" value="WDT"/>
		<feat xlink:href="#sTok116" value="NN"/>
		<feat xlink:href="#sTok117" value="VVZ"/>
		<feat xlink:href="#sTok118" value="NN"/>
		<feat xlink:href="#sTok119" value="VHP"/>
		<feat xlink:href="#sTok120" value="VBN"/>
		<feat xlink:href="#sTok121" value="VVN"/>
		<feat xlink:href="#sTok122" value="RB"/>
		<feat xlink:href="#sTok123" value=","/>
		<feat xlink:href="#sTok124" value="CC"/>
		<feat xlink:href="#sTok125" value="JJ"/>
		<feat xlink:href="#sTok126" value="NNS"/>
		<feat xlink:href="#sTok127" value="IN"/>
		<feat xlink:href="#sTok128" value="DT"/>
		<feat xlink:href="#sTok129" value="NN"/>
		<feat xlink:href="#sTok130" value="IN"/>
		<feat xlink:href="#sTok131" value="NN"/>
		<feat xlink:href="#sTok132" value="IN"/>
		<feat xlink:href="#sTok133" value="JJ"/>
		<feat xlink:href="#sTok134" value="NNS"/>
		<feat xlink:href="#sTok135" value="VVP"/>
		<feat xlink:href="#sTok136" value="("/>
		<feat xlink:href="#sTok137" value="VV"/>
		<feat xlink:href="#sTok138" value="NP"/>
		<feat xlink:href="#sTok139" value="NP"/>
		<feat xlink:href="#sTok140" value=","/>
		<feat xlink:href="#sTok141" value="CD"/>
		<feat xlink:href="#sTok142" value="IN"/>
		<feat xlink:href="#sTok143" value="DT"/>
		<feat xlink:href="#sTok144" value="NN"/>
		<feat xlink:href="#sTok145" value=")"/>
		<feat xlink:href="#sTok146" value="VVG"/>
		<feat xlink:href="#sTok147" value=","/>
		<feat xlink:href="#sTok148" value="IN"/>
		<feat xlink:href="#sTok149" value="NNS"/>
		<feat xlink:href="#sTok150" value="NP"/>
		<feat xlink:href="#sTok151" value="("/>
		<feat xlink:href="#sTok152" value="CD"/>
		<feat xlink:href="#sTok153" value=")"/>
		<feat xlink:href="#sTok154" value=","/>
		<feat xlink:href="#sTok155" value="NP"/>
		<feat xlink:href="#sTok156" value="NP"/>
		<feat xlink:href="#sTok157" value=","/>
		<feat xlink:href="#sTok158" value="("/>
		<feat xlink:href="#sTok159" value="CD"/>
		<feat xlink:href="#sTok160" value=")"/>
		<feat xlink:href="#sTok161" value=","/>
		<feat xlink:href="#sTok162" value="NP"/>
		<feat xlink:href="#sTok163" value=","/>
		<feat xlink:href="#sTok164" value="("/>
		<feat xlink:href="#sTok165" value="CD"/>
		<feat xlink:href="#sTok166" value=")"/>
		<feat xlink:href="#sTok167" value=","/>
		<feat xlink:href="#sTok168" value="NP"/>
		<feat xlink:href="#sTok169" value="("/>
		<feat xlink:href="#sTok170" value="CD"/>
		<feat xlink:href="#sTok171" value=")"/>
		<feat xlink:href="#sTok172" value="IN"/>
		<feat xlink:href="#sTok173" value="DT"/>
		<feat xlink:href="#sTok174" value="NN"/>
		<feat xlink:href="#sTok175" value="IN"/>
		<feat xlink:href="#sTok176" value="NN"/>
		<feat xlink:href="#sTok177" value=","/>
		<feat xlink:href="#sTok178" value="CC"/>
		<feat xlink:href="#sTok179" value="NP"/>
		<feat xlink:href="#sTok180" value="("/>
		<feat xlink:href="#sTok181" value="CD"/>
		<feat xlink:href="#sTok182" value=")"/>
		<feat xlink:href="#sTok183" value=","/>
		<feat xlink:href="#sTok184" value="NP"/>
		<feat xlink:href="#sTok185" value="("/>
		<feat xlink:href="#sTok186" value="CD"/>
		<feat xlink:href="#sTok187" value=")"/>
		<feat xlink:href="#sTok188" value=","/>
		<feat xlink:href="#sTok189" value="NP"/>
		<feat xlink:href="#sTok190" value="("/>
		<feat xlink:href="#sTok191" value="CD"/>
		<feat xlink:href="#sTok192" value=")"/>
		<feat xlink:href="#sTok193" value=","/>
		<feat xlink:href="#sTok194" value="NP"/>
		<feat xlink:href="#sTok195" value="NP"/>
		<feat xlink:href="#sTok196" value="("/>
		<feat xlink:href="#sTok197" value="CD"/>
		<feat xlink:href="#sTok198" value=")"/>
		<feat xlink:href="#sTok199" value="IN"/>
		<feat xlink:href="#sTok200" value="NNS"/>
		<feat xlink:href="#sTok201" value="IN"/>
		<feat xlink:href="#sTok202" value="DT"/>
		<feat xlink:href="#sTok203" value="JJ"/>
		<feat xlink:href="#sTok204" value="NN"/>
		<feat xlink:href="#sTok205" value="SENT"/>
		<feat xlink:href="#sTok206" value="RB"/>
		<feat xlink:href="#sTok207" value=","/>
		<feat xlink:href="#sTok208" value="DT"/>
		<feat xlink:href="#sTok209" value="JJ"/>
		<feat xlink:href="#sTok210" value="NN"/>
		<feat xlink:href="#sTok211" value="TO"/>
		<feat xlink:href="#sTok212" value="VV"/>
		<feat xlink:href="#sTok213" value="NN"/>
		<feat xlink:href="#sTok214" value="IN"/>
		<feat xlink:href="#sTok215" value="NNS"/>
		<feat xlink:href="#sTok216" value="IN"/>
		<feat xlink:href="#sTok217" value="NNS"/>
		<feat xlink:href="#sTok218" value="VVG"/>
		<feat xlink:href="#sTok219" value="JJ"/>
		<feat xlink:href="#sTok220" value="NNS"/>
		<feat xlink:href="#sTok221" value=","/>
		<feat xlink:href="#sTok222" value="VVG"/>
		<feat xlink:href="#sTok223" value="JJ"/>
		<feat xlink:href="#sTok224" value="NN"/>
		<feat xlink:href="#sTok225" value="("/>
		<feat xlink:href="#sTok226" value="NP"/>
		<feat xlink:href="#sTok227" value=","/>
		<feat xlink:href="#sTok228" value="CD"/>
		<feat xlink:href="#sTok229" value=")"/>
		<feat xlink:href="#sTok230" value=","/>
		<feat xlink:href="#sTok231" value="VBD"/>
		<feat xlink:href="#sTok232" value="RB"/>
		<feat xlink:href="#sTok233" value="RB"/>
		<feat xlink:href="#sTok234" value="JJ"/>
		<feat xlink:href="#sTok235" value="SENT"/>
		<feat xlink:href="#sTok236" value="VVN"/>
		<feat xlink:href="#sTok237" value="DT"/>
		<feat xlink:href="#sTok238" value="NN"/>
		<feat xlink:href="#sTok239" value=","/>
		<feat xlink:href="#sTok240" value="PP"/>
		<feat xlink:href="#sTok241" value="VHP"/>
		<feat xlink:href="#sTok242" value="VVN"/>
		<feat xlink:href="#sTok243" value="NN"/>
		<feat xlink:href="#sTok244" value=","/>
		<feat xlink:href="#sTok245" value="VVN"/>
		<feat xlink:href="#sTok246" value="IN"/>
		<feat xlink:href="#sTok247" value="JJ"/>
		<feat xlink:href="#sTok248" value="NN"/>
		<feat xlink:href="#sTok249" value="NN"/>
		<feat xlink:href="#sTok250" value=","/>
		<feat xlink:href="#sTok251" value="WDT"/>
		<feat xlink:href="#sTok252" value="RB"/>
		<feat xlink:href="#sTok253" value="VVZ"/>
		<feat xlink:href="#sTok254" value="NN"/>
		<feat xlink:href="#sTok255" value="IN"/>
		<feat xlink:href="#sTok256" value="NP"/>
		<feat xlink:href="#sTok257" value=","/>
		<feat xlink:href="#sTok258" value="CC"/>
		<feat xlink:href="#sTok259" value="VVD"/>
		<feat xlink:href="#sTok260" value="PP"/>
		<feat xlink:href="#sTok261" value="IN"/>
		<feat xlink:href="#sTok262" value="DT"/>
		<feat xlink:href="#sTok263" value="NN"/>
		<feat xlink:href="#sTok264" value="IN"/>
		<feat xlink:href="#sTok265" value="RB"/>
		<feat xlink:href="#sTok266" value="CD"/>
		<feat xlink:href="#sTok267" value="NNS"/>
		<feat xlink:href="#sTok268" value="IN"/>
		<feat xlink:href="#sTok269" value="FW"/>
		<feat xlink:href="#sTok270" value="CD"/>
		<feat xlink:href="#sTok271" value="NNS"/>
		<feat xlink:href="#sTok272" value=","/>
		<feat xlink:href="#sTok273" value="IN"/>
		<feat xlink:href="#sTok274" value="DT"/>
		<feat xlink:href="#sTok275" value="JJ"/>
		<feat xlink:href="#sTok276" value="IN"/>
		<feat xlink:href="#sTok277" value="DT"/>
		<feat xlink:href="#sTok278" value="JJ"/>
		<feat xlink:href="#sTok279" value="NN"/>
		<feat xlink:href="#sTok280" value="SENT"/>
		<feat xlink:href="#sTok281" value="WP"/>
		<feat xlink:href="#sTok282" value="VBZ"/>
		<feat xlink:href="#sTok283" value="DT"/>
		<feat xlink:href="#sTok284" value="NN"/>
		<feat xlink:href="#sTok285" value="IN"/>
		<feat xlink:href="#sTok286" value="JJ"/>
		<feat xlink:href="#sTok287" value="JJ"/>
		<feat xlink:href="#sTok288" value="JJ"/>
		<feat xlink:href="#sTok289" value="NNS"/>
		<feat xlink:href="#sTok290" value="IN"/>
		<feat xlink:href="#sTok291" value="NN"/>
		<feat xlink:href="#sTok292" value="SENT"/>
		<feat xlink:href="#sTok293" value="RB"/>
		<feat xlink:href="#sTok294" value=","/>
		<feat xlink:href="#sTok295" value="DT"/>
		<feat xlink:href="#sTok296" value="NN"/>
		<feat xlink:href="#sTok297" value="VVZ"/>
		<feat xlink:href="#sTok298" value="DT"/>
		<feat xlink:href="#sTok299" value="NN"/>
		<feat xlink:href="#sTok300" value="IN"/>
		<feat xlink:href="#sTok301" value="WDT"/>
		<feat xlink:href="#sTok302" value="JJ"/>
		<feat xlink:href="#sTok303" value="JJ"/>
		<feat xlink:href="#sTok304" value="NNS"/>
		<feat xlink:href="#sTok305" value="MD"/>
		<feat xlink:href="#sTok306" value="VB"/>
		<feat xlink:href="#sTok307" value="VVN"/>
		<feat xlink:href="#sTok308" value="TO"/>
		<feat xlink:href="#sTok309" value="VV"/>
		<feat xlink:href="#sTok310" value="NN"/>
		<feat xlink:href="#sTok311" value=","/>
		<feat xlink:href="#sTok312" value="IN"/>
		<feat xlink:href="#sTok313" value="JJ"/>
		<feat xlink:href="#sTok314" value="IN"/>
		<feat xlink:href="#sTok315" value="CD"/>
		<feat xlink:href="#sTok316" value="NNS"/>
		<feat xlink:href="#sTok317" value=","/>
		<feat xlink:href="#sTok318" value="CC"/>
		<feat xlink:href="#sTok319" value="IN"/>
		<feat xlink:href="#sTok320" value="JJ"/>
		<feat xlink:href="#sTok321" value="CC"/>
		<feat xlink:href="#sTok322" value="JJ"/>
		<feat xlink:href="#sTok323" value="NNS"/>
		<feat xlink:href="#sTok324" value="VBP"/>
		<feat xlink:href="#sTok325" value="JJ"/>
		<feat xlink:href="#sTok326" value="TO"/>
		<feat xlink:href="#sTok327" value="VV"/>
		<feat xlink:href="#sTok328" value="NN"/>
		<feat xlink:href="#sTok329" value="SENT"/>
		<feat xlink:href="#sTok330" value="RB"/>
		<feat xlink:href="#sTok331" value=","/>
		<feat xlink:href="#sTok332" value="DT"/>
		<feat xlink:href="#sTok333" value="JJ"/>
		<feat xlink:href="#sTok334" value="NNS"/>
		<feat xlink:href="#sTok335" value="WDT"/>
		<feat xlink:href="#sTok336" value="NN"/>
		<feat xlink:href="#sTok337" value="VVZ"/>
		<feat xlink:href="#sTok338" value="VBP"/>
		<feat xlink:href="#sTok339" value="RB"/>
		<feat xlink:href="#sTok340" value="DT"/>
		<feat xlink:href="#sTok341" value="NN"/>
		<feat xlink:href="#sTok342" value="IN"/>
		<feat xlink:href="#sTok343" value="JJ"/>
		<feat xlink:href="#sTok344" value="NN"/>
		<feat xlink:href="#sTok345" value="("/>
		<feat xlink:href="#sTok346" value="NP"/>
		<feat xlink:href="#sTok347" value="NP"/>
		<feat xlink:href="#sTok348" value=","/>
		<feat xlink:href="#sTok349" value="CD"/>
		<feat xlink:href="#sTok350" value=")"/>
		<feat xlink:href="#sTok351" value="SENT"/>
		<feat xlink:href="#sTok352" value="RB"/>
		<feat xlink:href="#sTok353" value="VVG"/>
		<feat xlink:href="#sTok354" value="JJ"/>
		<feat xlink:href="#sTok355" value="NNS"/>
		<feat xlink:href="#sTok356" value="IN"/>
		<feat xlink:href="#sTok357" value="NN"/>
		<feat xlink:href="#sTok358" value="NNS"/>
		<feat xlink:href="#sTok359" value="VVZ"/>
		<feat xlink:href="#sTok360" value="JJ"/>
		<feat xlink:href="#sTok361" value="NN"/>
		<feat xlink:href="#sTok362" value="TO"/>
		<feat xlink:href="#sTok363" value="VV"/>
		<feat xlink:href="#sTok364" value="NNS"/>
		<feat xlink:href="#sTok365" value="POS"/>
		<feat xlink:href="#sTok366" value="JJ"/>
		<feat xlink:href="#sTok367" value="NNS"/>
		<feat xlink:href="#sTok368" value=","/>
		<feat xlink:href="#sTok369" value="CC"/>
		<feat xlink:href="#sTok370" value="MD"/>
		<feat xlink:href="#sTok371" value="VV"/>
		<feat xlink:href="#sTok372" value="JJ"/>
		<feat xlink:href="#sTok373" value="NNS"/>
		<feat xlink:href="#sTok374" value="SENT"/>
		<feat xlink:href="#sTok375" value="RB"/>
		<feat xlink:href="#sTok376" value=","/>
		<feat xlink:href="#sTok377" value="PP$"/>
		<feat xlink:href="#sTok378" value="NN"/>
		<feat xlink:href="#sTok379" value="VVZ"/>
		<feat xlink:href="#sTok380" value="NP"/>
		<feat xlink:href="#sTok381" value="POS"/>
		<feat xlink:href="#sTok382" value="("/>
		<feat xlink:href="#sTok383" value="CD"/>
		<feat xlink:href="#sTok384" value=")"/>
		<feat xlink:href="#sTok385" value="JJ"/>
		<feat xlink:href="#sTok386" value="JJ"/>
		<feat xlink:href="#sTok387" value="NNS"/>
		<feat xlink:href="#sTok388" value="IN"/>
		<feat xlink:href="#sTok389" value="NP"/>
		<feat xlink:href="#sTok390" value="NP"/>
		<feat xlink:href="#sTok391" value="NP"/>
		<feat xlink:href="#sTok392" value="NNS"/>
		<feat xlink:href="#sTok393" value=","/>
		<feat xlink:href="#sTok394" value="IN"/>
		<feat xlink:href="#sTok395" value="VVG"/>
		<feat xlink:href="#sTok396" value="DT"/>
		<feat xlink:href="#sTok397" value="JJR"/>
		<feat xlink:href="#sTok398" value="NN"/>
		<feat xlink:href="#sTok399" value="CC"/>
		<feat xlink:href="#sTok400" value="VVG"/>
		<feat xlink:href="#sTok401" value="IN"/>
		<feat xlink:href="#sTok402" value="NN"/>
		<feat xlink:href="#sTok403" value="SENT"/>
		<feat xlink:href="#sTok404" value="DT"/>
		<feat xlink:href="#sTok405" value="NN"/>
		<feat xlink:href="#sTok406" value="VBZ"/>
		<feat xlink:href="#sTok407" value="VVN"/>
		<feat xlink:href="#sTok408" value="RB"/>
		<feat xlink:href="#sTok409" value=":"/>
		<feat xlink:href="#sTok410" value="RB"/>
		<feat xlink:href="#sTok411" value="PP"/>
		<feat xlink:href="#sTok412" value="VVP"/>
		<feat xlink:href="#sTok413" value="DT"/>
		<feat xlink:href="#sTok414" value="NN"/>
		<feat xlink:href="#sTok415" value="IN"/>
		<feat xlink:href="#sTok416" value="NN"/>
		<feat xlink:href="#sTok417" value="VVN"/>
		<feat xlink:href="#sTok418" value="SENT"/>
		<feat xlink:href="#sTok419" value="RB"/>
		<feat xlink:href="#sTok420" value=","/>
		<feat xlink:href="#sTok421" value="PP$"/>
		<feat xlink:href="#sTok422" value="NN"/>
		<feat xlink:href="#sTok423" value="CC"/>
		<feat xlink:href="#sTok424" value="NN"/>
		<feat xlink:href="#sTok425" value="VBP"/>
		<feat xlink:href="#sTok426" value="VVN"/>
		<feat xlink:href="#sTok427" value=","/>
		<feat xlink:href="#sTok428" value="VVN"/>
		<feat xlink:href="#sTok429" value="IN"/>
		<feat xlink:href="#sTok430" value="DT"/>
		<feat xlink:href="#sTok431" value="NN"/>
		<feat xlink:href="#sTok432" value="IN"/>
		<feat xlink:href="#sTok433" value="DT"/>
		<feat xlink:href="#sTok434" value="NN"/>
		<feat xlink:href="#sTok435" value="SENT"/>
		<feat xlink:href="#sTok436" value="RB"/>
		<feat xlink:href="#sTok437" value=","/>
		<feat xlink:href="#sTok438" value="NNS"/>
		<feat xlink:href="#sTok439" value="IN"/>
		<feat xlink:href="#sTok440" value="NN"/>
		<feat xlink:href="#sTok441" value="IN"/>
		<feat xlink:href="#sTok442" value="PP$"/>
		<feat xlink:href="#sTok443" value="JJ"/>
		<feat xlink:href="#sTok444" value="NN"/>
		<feat xlink:href="#sTok445" value="NN"/>
		<feat xlink:href="#sTok446" value="VBP"/>
		<feat xlink:href="#sTok447" value="VVN"/>
		<feat xlink:href="#sTok448" value="SENT"/>
		<feat xlink:href="#sTok449" value="DT"/>
		<feat xlink:href="#sTok450" value="NN"/>
		<feat xlink:href="#sTok451" value="POS"/>
		<feat xlink:href="#sTok452" value="NN"/>
		<feat xlink:href="#sTok453" value="VVZ"/>
		<feat xlink:href="#sTok454" value="NNS"/>
		<feat xlink:href="#sTok455" value="VVN"/>
		<feat xlink:href="#sTok456" value="RB"/>
		<feat xlink:href="#sTok457" value="IN"/>
		<feat xlink:href="#sTok458" value="NN"/>
		<feat xlink:href="#sTok459" value="NNS"/>
		<feat xlink:href="#sTok460" value=","/>
		<feat xlink:href="#sTok461" value="IN"/>
		<feat xlink:href="#sTok462" value="NNS"/>
		<feat xlink:href="#sTok463" value="IN"/>
		<feat xlink:href="#sTok464" value="DT"/>
		<feat xlink:href="#sTok465" value="NN"/>
		<feat xlink:href="#sTok466" value=","/>
		<feat xlink:href="#sTok467" value="NNS"/>
		<feat xlink:href="#sTok468" value=","/>
		<feat xlink:href="#sTok469" value="CC"/>
		<feat xlink:href="#sTok470" value="JJ"/>
		<feat xlink:href="#sTok471" value="NNS"/>
		<feat xlink:href="#sTok472" value="SENT"/>
		<feat xlink:href="#sTok473" value="NN"/>
		<feat xlink:href="#sTok474" value="IN"/>
		<feat xlink:href="#sTok475" value="NP"/>
		<feat xlink:href="#sTok476" value="JJ"/>
		<feat xlink:href="#sTok477" value="CC"/>
		<feat xlink:href="#sTok478" value="JJ"/>
		<feat xlink:href="#sTok479" value="NNS"/>
		<feat xlink:href="#sTok480" value="RB"/>
		<feat xlink:href="#sTok481" value="VVP"/>
		<feat xlink:href="#sTok482" value="IN"/>
		<feat xlink:href="#sTok483" value="NN"/>
		<feat xlink:href="#sTok484" value="SENT"/>
		<feat xlink:href="#sTok485" value="RB"/>
		<feat xlink:href="#sTok486" value=","/>
		<feat xlink:href="#sTok487" value="DT"/>
		<feat xlink:href="#sTok488" value="NN"/>
		<feat xlink:href="#sTok489" value="VHZ"/>
		<feat xlink:href="#sTok490" value="VBN"/>
		<feat xlink:href="#sTok491" value="VVN"/>
		<feat xlink:href="#sTok492" value="IN"/>
		<feat xlink:href="#sTok493" value="NN"/>
		<feat xlink:href="#sTok494" value="IN"/>
		<feat xlink:href="#sTok495" value="JJ"/>
		<feat xlink:href="#sTok496" value="NNS"/>
		<feat xlink:href="#sTok497" value="("/>
		<feat xlink:href="#sTok498" value="NP"/>
		<feat xlink:href="#sTok499" value="("/>
		<feat xlink:href="#sTok500" value="CD"/>
		<feat xlink:href="#sTok501" value=")"/>
		<feat xlink:href="#sTok502" value="IN"/>
		<feat xlink:href="#sTok503" value="NP"/>
		<feat xlink:href="#sTok504" value=","/>
		<feat xlink:href="#sTok505" value="CC"/>
		<feat xlink:href="#sTok506" value="NP"/>
		<feat xlink:href="#sTok507" value="NP"/>
		<feat xlink:href="#sTok508" value="("/>
		<feat xlink:href="#sTok509" value="CD"/>
		<feat xlink:href="#sTok510" value=")"/>
		<feat xlink:href="#sTok511" value="IN"/>
		<feat xlink:href="#sTok512" value="JJ"/>
		<feat xlink:href="#sTok513" value="JJ"/>
		<feat xlink:href="#sTok514" value="NN"/>
		<feat xlink:href="#sTok515" value=")"/>
		<feat xlink:href="#sTok516" value="SENT"/>
		<feat xlink:href="#sTok517" value="IN"/>
		<feat xlink:href="#sTok518" value="JJ"/>
		<feat xlink:href="#sTok519" value="NN"/>
		<feat xlink:href="#sTok520" value=","/>
		<feat xlink:href="#sTok521" value="NN"/>
		<feat xlink:href="#sTok522" value="("/>
		<feat xlink:href="#sTok523" value="IN"/>
		<feat xlink:href="#sTok524" value="NP"/>
		<feat xlink:href="#sTok525" value=","/>
		<feat xlink:href="#sTok526" value="``"/>
		<feat xlink:href="#sTok527" value="FW"/>
		<feat xlink:href="#sTok528" value="''"/>
		<feat xlink:href="#sTok529" value=")"/>
		<feat xlink:href="#sTok530" value="VBZ"/>
		<feat xlink:href="#sTok531" value="VVN"/>
		<feat xlink:href="#sTok532" value="TO"/>
		<feat xlink:href="#sTok533" value="VV"/>
		<feat xlink:href="#sTok534" value="NN"/>
		<feat xlink:href="#sTok535" value="WRB"/>
		<feat xlink:href="#sTok536" value="DT"/>
		<feat xlink:href="#sTok537" value="NN"/>
		<feat xlink:href="#sTok538" value="VVD"/>
		<feat xlink:href="#sTok539" value="IN"/>
		<feat xlink:href="#sTok540" value="JJ"/>
		<feat xlink:href="#sTok541" value="NN"/>
		<feat xlink:href="#sTok542" value="("/>
		<feat xlink:href="#sTok543" value="FW"/>
		<feat xlink:href="#sTok544" value="IN"/>
		<feat xlink:href="#sTok545" value="DT"/>
		<feat xlink:href="#sTok546" value="NN"/>
		<feat xlink:href="#sTok547" value="IN"/>
		<feat xlink:href="#sTok548" value="DT"/>
		<feat xlink:href="#sTok549" value="NN"/>
		<feat xlink:href="#sTok550" value="CC"/>
		<feat xlink:href="#sTok551" value="IN"/>
		<feat xlink:href="#sTok552" value="NNS"/>
		<feat xlink:href="#sTok553" value=")"/>
		<feat xlink:href="#sTok554" value="VVZ"/>
		<feat xlink:href="#sTok555" value="IN"/>
		<feat xlink:href="#sTok556" value="RB"/>
		<feat xlink:href="#sTok557" value="VVN"/>
		<feat xlink:href="#sTok558" value="JJ"/>
		<feat xlink:href="#sTok559" value="CC"/>
		<feat xlink:href="#sTok560" value="JJ"/>
		<feat xlink:href="#sTok561" value="NNS"/>
		<feat xlink:href="#sTok562" value=","/>
		<feat xlink:href="#sTok563" value="VVG"/>
		<feat xlink:href="#sTok564" value="DT"/>
		<feat xlink:href="#sTok565" value="JJ"/>
		<feat xlink:href="#sTok566" value="NN"/>
		<feat xlink:href="#sTok567" value="IN"/>
		<feat xlink:href="#sTok568" value="DT"/>
		<feat xlink:href="#sTok569" value="NNS"/>
		<feat xlink:href="#sTok570" value="SENT"/>
		<feat xlink:href="#sTok571" value="NP"/>
		<feat xlink:href="#sTok572" value="("/>
		<feat xlink:href="#sTok573" value="CD"/>
		<feat xlink:href="#sTok574" value=")"/>
		<feat xlink:href="#sTok575" value="VVD"/>
		<feat xlink:href="#sTok576" value="NN"/>
		<feat xlink:href="#sTok577" value="NN"/>
		<feat xlink:href="#sTok578" value="NNS"/>
		<feat xlink:href="#sTok579" value=","/>
		<feat xlink:href="#sTok580" value="VVG"/>
		<feat xlink:href="#sTok581" value="IN/that"/>
		<feat xlink:href="#sTok582" value="DT"/>
		<feat xlink:href="#sTok583" value="VVG"/>
		<feat xlink:href="#sTok584" value="RB"/>
		<feat xlink:href="#sTok585" value="VVN"/>
		<feat xlink:href="#sTok586" value="NNS"/>
		<feat xlink:href="#sTok587" value="VVP"/>
		<feat xlink:href="#sTok588" value="NN"/>
		<feat xlink:href="#sTok589" value="IN"/>
		<feat xlink:href="#sTok590" value="NN"/>
		<feat xlink:href="#sTok591" value=","/>
		<feat xlink:href="#sTok592" value="MD"/>
		<feat xlink:href="#sTok593" value="DT"/>
		<feat xlink:href="#sTok594" value="NN"/>
		<feat xlink:href="#sTok595" value="NN"/>
		<feat xlink:href="#sTok596" value="VV"/>
		<feat xlink:href="#sTok597" value="PP"/>
		<feat xlink:href="#sTok598" value="RP"/>
		<feat xlink:href="#sTok599" value=":"/>
		<feat xlink:href="#sTok600" value="JJ"/>
		<feat xlink:href="#sTok601" value="NN"/>
		<feat xlink:href="#sTok602" value=":"/>
		<feat xlink:href="#sTok603" value="VVG"/>
		<feat xlink:href="#sTok604" value="RP"/>
		<feat xlink:href="#sTok605" value="DT"/>
		<feat xlink:href="#sTok606" value="NN"/>
		<feat xlink:href="#sTok607" value="SENT"/>
		<feat xlink:href="#sTok608" value="PP"/>
		<feat xlink:href="#sTok609" value="VVD"/>
		<feat xlink:href="#sTok610" value="``"/>
		<feat xlink:href="#sTok611" value="JJ"/>
		<feat xlink:href="#sTok612" value="NN"/>
		<feat xlink:href="#sTok613" value="''"/>
		<feat xlink:href="#sTok614" value="IN"/>
		<feat xlink:href="#sTok615" value="NP"/>
		<feat xlink:href="#sTok616" value="POS"/>
		<feat xlink:href="#sTok617" value="NNS"/>
		<feat xlink:href="#sTok618" value="``"/>
		<feat xlink:href="#sTok619" value="FW"/>
		<feat xlink:href="#sTok620" value="FW"/>
		<feat xlink:href="#sTok621" value="''"/>
		<feat xlink:href="#sTok622" value="CC"/>
		<feat xlink:href="#sTok623" value="``"/>
		<feat xlink:href="#sTok624" value="FW"/>
		<feat xlink:href="#sTok625" value="''"/>
		<feat xlink:href="#sTok626" value="SENT"/>
		<feat xlink:href="#sTok627" value="JJ"/>
		<feat xlink:href="#sTok628" value="NN"/>
		<feat xlink:href="#sTok629" value=":"/>
		<feat xlink:href="#sTok630" value="IN"/>
		<feat xlink:href="#sTok631" value="DT"/>
		<feat xlink:href="#sTok632" value="NN"/>
		<feat xlink:href="#sTok633" value=","/>
		<feat xlink:href="#sTok634" value="VVG"/>
		<feat xlink:href="#sTok635" value="RP"/>
		<feat xlink:href="#sTok636" value="NNS"/>
		<feat xlink:href="#sTok637" value="IN"/>
		<feat xlink:href="#sTok638" value="``"/>
		<feat xlink:href="#sTok639" value="NN"/>
		<feat xlink:href="#sTok640" value="SYM"/>
		<feat xlink:href="#sTok641" value="NN"/>
		<feat xlink:href="#sTok642" value="''"/>
		<feat xlink:href="#sTok643" value=","/>
		<feat xlink:href="#sTok644" value="``"/>
		<feat xlink:href="#sTok645" value="NN"/>
		<feat xlink:href="#sTok646" value="SYM"/>
		<feat xlink:href="#sTok647" value="NN"/>
		<feat xlink:href="#sTok648" value="''"/>
		<feat xlink:href="#sTok649" value=","/>
		<feat xlink:href="#sTok650" value="``"/>
		<feat xlink:href="#sTok651" value="JJ"/>
		<feat xlink:href="#sTok652" value="NN"/>
		<feat xlink:href="#sTok653" value="SYM"/>
		<feat xlink:href="#sTok654" value="JJ"/>
		<feat xlink:href="#sTok655" value="NN"/>
		<feat xlink:href="#sTok656" value="''"/>
		<feat xlink:href="#sTok657" value=","/>
		<feat xlink:href="#sTok658" value="IN"/>
		<feat xlink:href="#sTok659" value="NNS"/>
		<feat xlink:href="#sTok660" value="SENT"/>
		<feat xlink:href="#sTok661" value="PP"/>
		<feat xlink:href="#sTok662" value="VVD"/>
		<feat xlink:href="#sTok663" value="``"/>
		<feat xlink:href="#sTok664" value="JJ"/>
		<feat xlink:href="#sTok665" value="NN"/>
		<feat xlink:href="#sTok666" value="''"/>
		<feat xlink:href="#sTok667" value="IN"/>
		<feat xlink:href="#sTok668" value="``"/>
		<feat xlink:href="#sTok669" value="FW"/>
		<feat xlink:href="#sTok670" value="FW"/>
		<feat xlink:href="#sTok671" value="''"/>
		<feat xlink:href="#sTok672" value="SENT"/>
		<feat xlink:href="#sTok673" value="JJ"/>
		<feat xlink:href="#sTok674" value="NN"/>
		<feat xlink:href="#sTok675" value=":"/>
		<feat xlink:href="#sTok676" value="IN"/>
		<feat xlink:href="#sTok677" value="DT"/>
		<feat xlink:href="#sTok678" value="NN"/>
		<feat xlink:href="#sTok679" value="NN"/>
		<feat xlink:href="#sTok680" value="CC"/>
		<feat xlink:href="#sTok681" value="DT"/>
		<feat xlink:href="#sTok682" value="NN"/>
		<feat xlink:href="#sTok683" value="VVG"/>
		<feat xlink:href="#sTok684" value="DT"/>
		<feat xlink:href="#sTok685" value="JJ"/>
		<feat xlink:href="#sTok686" value="NN"/>
		<feat xlink:href="#sTok687" value="WDT"/>
		<feat xlink:href="#sTok688" value="VVZ"/>
		<feat xlink:href="#sTok689" value="DT"/>
		<feat xlink:href="#sTok690" value="NN"/>
		<feat xlink:href="#sTok691" value="SENT"/>
		<feat xlink:href="#sTok692" value="PP"/>
		<feat xlink:href="#sTok693" value="VVD"/>
		<feat xlink:href="#sTok694" value="``"/>
		<feat xlink:href="#sTok695" value="JJ"/>
		<feat xlink:href="#sTok696" value="NN"/>
		<feat xlink:href="#sTok697" value="''"/>
		<feat xlink:href="#sTok698" value="IN"/>
		<feat xlink:href="#sTok699" value="NP"/>
		<feat xlink:href="#sTok700" value="POS"/>
		<feat xlink:href="#sTok701" value="``"/>
		<feat xlink:href="#sTok702" value="FW"/>
		<feat xlink:href="#sTok703" value="FW"/>
		<feat xlink:href="#sTok704" value="''"/>
		<feat xlink:href="#sTok705" value="SENT"/>
		<feat xlink:href="#sTok706" value="DT"/>
		<feat xlink:href="#sTok707" value="NN"/>
		<feat xlink:href="#sTok708" value="NN"/>
		<feat xlink:href="#sTok709" value="VVZ"/>
		<feat xlink:href="#sTok710" value="NP"/>
		<feat xlink:href="#sTok711" value="POS"/>
		<feat xlink:href="#sTok712" value="JJ"/>
		<feat xlink:href="#sTok713" value="NN"/>
		<feat xlink:href="#sTok714" value="IN"/>
		<feat xlink:href="#sTok715" value="JJ"/>
		<feat xlink:href="#sTok716" value="NNS"/>
		<feat xlink:href="#sTok717" value="WDT"/>
		<feat xlink:href="#sTok718" value="MD"/>
		<feat xlink:href="#sTok719" value="VV"/>
		<feat xlink:href="#sTok720" value="NN"/>
		<feat xlink:href="#sTok721" value=","/>
		<feat xlink:href="#sTok722" value="RB"/>
		<feat xlink:href="#sTok723" value="RB"/>
		<feat xlink:href="#sTok724" value="IN"/>
		<feat xlink:href="#sTok725" value="DT"/>
		<feat xlink:href="#sTok726" value="NNS"/>
		<feat xlink:href="#sTok727" value="VVN"/>
		<feat xlink:href="#sTok728" value="IN"/>
		<feat xlink:href="#sTok729" value="PP$"/>
		<feat xlink:href="#sTok730" value="NN"/>
		<feat xlink:href="#sTok731" value="SENT"/>
		<feat xlink:href="#sTok732" value="IN"/>
		<feat xlink:href="#sTok733" value="DT"/>
		<feat xlink:href="#sTok734" value="NN"/>
		<feat xlink:href="#sTok735" value="NNS"/>
		<feat xlink:href="#sTok736" value="RB"/>
		<feat xlink:href="#sTok737" value=","/>
		<feat xlink:href="#sTok738" value="NP"/>
		<feat xlink:href="#sTok739" value="("/>
		<feat xlink:href="#sTok740" value="CD"/>
		<feat xlink:href="#sTok741" value=")"/>
		<feat xlink:href="#sTok742" value="VVD"/>
		<feat xlink:href="#sTok743" value="IN/that"/>
		<feat xlink:href="#sTok744" value="IN"/>
		<feat xlink:href="#sTok745" value="DT"/>
		<feat xlink:href="#sTok746" value="NN"/>
		<feat xlink:href="#sTok747" value="CC"/>
		<feat xlink:href="#sTok748" value="JJ"/>
		<feat xlink:href="#sTok749" value="NN"/>
		<feat xlink:href="#sTok750" value="CC"/>
		<feat xlink:href="#sTok751" value="PP$"/>
		<feat xlink:href="#sTok752" value="JJ"/>
		<feat xlink:href="#sTok753" value="NNS"/>
		<feat xlink:href="#sTok754" value="VVP"/>
		<feat xlink:href="#sTok755" value="IN"/>
		<feat xlink:href="#sTok756" value="CD"/>
		<feat xlink:href="#sTok757" value="JJ"/>
		<feat xlink:href="#sTok758" value="NNS"/>
		<feat xlink:href="#sTok759" value="IN"/>
		<feat xlink:href="#sTok760" value="NN"/>
		<feat xlink:href="#sTok761" value=","/>
		<feat xlink:href="#sTok762" value="DT"/>
		<feat xlink:href="#sTok763" value="MD"/>
		<feat xlink:href="#sTok764" value="RB"/>
		<feat xlink:href="#sTok765" value="VV"/>
		<feat xlink:href="#sTok766" value="JJ"/>
		<feat xlink:href="#sTok767" value="IN"/>
		<feat xlink:href="#sTok768" value="DT"/>
		<feat xlink:href="#sTok769" value="NN"/>
		<feat xlink:href="#sTok770" value=","/>
		<feat xlink:href="#sTok771" value="RB"/>
		<feat xlink:href="#sTok772" value="IN"/>
		<feat xlink:href="#sTok773" value="DT"/>
		<feat xlink:href="#sTok774" value="NN"/>
		<feat xlink:href="#sTok775" value="VBZ"/>
		<feat xlink:href="#sTok776" value="RBR"/>
		<feat xlink:href="#sTok777" value="VVN"/>
		<feat xlink:href="#sTok778" value="IN"/>
		<feat xlink:href="#sTok779" value="IN"/>
		<feat xlink:href="#sTok780" value="DT"/>
		<feat xlink:href="#sTok781" value="NNS"/>
		<feat xlink:href="#sTok782" value="VVN"/>
		<feat xlink:href="#sTok783" value="IN"/>
		<feat xlink:href="#sTok784" value="NP"/>
		<feat xlink:href="#sTok785" value="SENT"/>
		<feat xlink:href="#sTok786" value="TO"/>
		<feat xlink:href="#sTok787" value="VV"/>
		<feat xlink:href="#sTok788" value="DT"/>
		<feat xlink:href="#sTok789" value="NNS"/>
		<feat xlink:href="#sTok790" value="IN"/>
		<feat xlink:href="#sTok791" value="NN"/>
		<feat xlink:href="#sTok792" value="JJ"/>
		<feat xlink:href="#sTok793" value=","/>
		<feat xlink:href="#sTok794" value="NP"/>
		<feat xlink:href="#sTok795" value="VVZ"/>
		<feat xlink:href="#sTok796" value="DT"/>
		<feat xlink:href="#sTok797" value="NNS"/>
		<feat xlink:href="#sTok798" value="``"/>
		<feat xlink:href="#sTok799" value="FW"/>
		<feat xlink:href="#sTok800" value="''"/>
		<feat xlink:href="#sTok801" value=","/>
		<feat xlink:href="#sTok802" value="VVN"/>
		<feat xlink:href="#sTok803" value="RB"/>
		<feat xlink:href="#sTok804" value="IN"/>
		<feat xlink:href="#sTok805" value="``"/>
		<feat xlink:href="#sTok806" value="NN"/>
		<feat xlink:href="#sTok807" value="''"/>
		<feat xlink:href="#sTok808" value="SENT"/>
		<feat xlink:href="#sTok809" value="NP"/>
		<feat xlink:href="#sTok810" value="("/>
		<feat xlink:href="#sTok811" value="CD"/>
		<feat xlink:href="#sTok812" value=")"/>
		<feat xlink:href="#sTok813" value="VBD"/>
		<feat xlink:href="#sTok814" value="DT"/>
		<feat xlink:href="#sTok815" value="JJ"/>
		<feat xlink:href="#sTok816" value="NN"/>
		<feat xlink:href="#sTok817" value="RB"/>
		<feat xlink:href="#sTok818" value="RB"/>
		<feat xlink:href="#sTok819" value="TO"/>
		<feat xlink:href="#sTok820" value="VV"/>
		<feat xlink:href="#sTok821" value="JJ"/>
		<feat xlink:href="#sTok822" value="JJ"/>
		<feat xlink:href="#sTok823" value="NN"/>
		<feat xlink:href="#sTok824" value="IN"/>
		<feat xlink:href="#sTok825" value="NN"/>
		<feat xlink:href="#sTok826" value="SENT"/>
		<feat xlink:href="#sTok827" value="PP$"/>
		<feat xlink:href="#sTok828" value="NN"/>
		<feat xlink:href="#sTok829" value="VBZ"/>
		<feat xlink:href="#sTok830" value="RB"/>
		<feat xlink:href="#sTok831" value="VVN"/>
		<feat xlink:href="#sTok832" value="JJ"/>
		<feat xlink:href="#sTok833" value=","/>
		<feat xlink:href="#sTok834" value="CC"/>
		<feat xlink:href="#sTok835" value="VBD"/>
		<feat xlink:href="#sTok836" value="VVN"/>
		<feat xlink:href="#sTok837" value="IN"/>
		<feat xlink:href="#sTok838" value="JJR"/>
		<feat xlink:href="#sTok839" value="NNS"/>
		<feat xlink:href="#sTok840" value=","/>
		<feat xlink:href="#sTok841" value="IN"/>
		<feat xlink:href="#sTok842" value="JJ"/>
		<feat xlink:href="#sTok843" value="NN"/>
		<feat xlink:href="#sTok844" value="NNS"/>
		<feat xlink:href="#sTok845" value="VHP"/>
		<feat xlink:href="#sTok846" value="VBN"/>
		<feat xlink:href="#sTok847" value="VVN"/>
		<feat xlink:href="#sTok848" value=","/>
		<feat xlink:href="#sTok849" value="IN"/>
		<feat xlink:href="#sTok850" value="NP"/>
		<feat xlink:href="#sTok851" value="NP"/>
		<feat xlink:href="#sTok852" value="("/>
		<feat xlink:href="#sTok853" value="CD"/>
		<feat xlink:href="#sTok854" value=")"/>
		<feat xlink:href="#sTok855" value="VVZ"/>
		<feat xlink:href="#sTok856" value="SENT"/>
		<feat xlink:href="#sTok857" value="PP$"/>
		<feat xlink:href="#sTok858" value="NN"/>
		<feat xlink:href="#sTok859" value="VVZ"/>
		<feat xlink:href="#sTok860" value="NP"/>
		<feat xlink:href="#sTok861" value="POS"/>
		<feat xlink:href="#sTok862" value="NNS"/>
		<feat xlink:href="#sTok863" value=","/>
		<feat xlink:href="#sTok864" value="IN"/>
		<feat xlink:href="#sTok865" value="NP"/>
		<feat xlink:href="#sTok866" value="POS"/>
		<feat xlink:href="#sTok867" value="NN"/>
		<feat xlink:href="#sTok868" value="NNS"/>
		<feat xlink:href="#sTok869" value="SENT"/></featList></paula>