<?xml version='1.0' encoding='UTF-8'?><!DOCTYPE paula SYSTEM "paula_feat.dtd">
<paula version="1.1">
	<header paula_id="GUM_academic_enjambment.tok_claws5"/>
	<featList xmlns:xlink="http://www.w3.org/1999/xlink" type="claws5" xml:base="GUM_academic_enjambment.tok.xml">
		<feat xlink:href="#sTok1" value="AJ0"/>
		<feat xlink:href="#sTok2" value="NN1"/>
		<feat xlink:href="#sTok3" value="PUN"/>
		<feat xlink:href="#sTok4" value="AJ0"/>
		<feat xlink:href="#sTok5" value="NN1"/>
		<feat xlink:href="#sTok6" value="NN1"/>
		<feat xlink:href="#sTok7" value="PRP"/>
		<feat xlink:href="#sTok8" value="CRD"/>
		<feat xlink:href="#sTok9" value="NN2"/>
		<feat xlink:href="#sTok10" value="PRF"/>
		<feat xlink:href="#sTok11" value="AJ0"/>
		<feat xlink:href="#sTok12" value="NN2"/>
		<feat xlink:href="#sTok13" value="NP0"/>
		<feat xlink:href="#sTok14" value="NP0"/>
		<feat xlink:href="#sTok15" value="NP0"/>
		<feat xlink:href="#sTok16" value="NP0"/>
		<feat xlink:href="#sTok17" value="NP0"/>
		<feat xlink:href="#sTok18" value="NP0"/>
		<feat xlink:href="#sTok19" value="PUN"/>
		<feat xlink:href="#sTok20" value="NP0"/>
		<feat xlink:href="#sTok21" value="PUN"/>
		<feat xlink:href="#sTok22" value="NP0"/>
		<feat xlink:href="#sTok23" value="NP0"/>
		<feat xlink:href="#sTok24" value="NP0"/>
		<feat xlink:href="#sTok25" value="NP0"/>
		<feat xlink:href="#sTok26" value="NP0"/>
		<feat xlink:href="#sTok27" value="NP0"/>
		<feat xlink:href="#sTok28" value="NP0"/>
		<feat xlink:href="#sTok29" value="NP0"/>
		<feat xlink:href="#sTok30" value="NP0"/>
		<feat xlink:href="#sTok31" value="NP0"/>
		<feat xlink:href="#sTok32" value="NP0"/>
		<feat xlink:href="#sTok33" value="PUN"/>
		<feat xlink:href="#sTok34" value="NP0"/>
		<feat xlink:href="#sTok35" value="NP0"/>
		<feat xlink:href="#sTok36" value="NP0"/>
		<feat xlink:href="#sTok37" value="NP0"/>
		<feat xlink:href="#sTok38" value="NP0"/>
		<feat xlink:href="#sTok39" value="NP0"/>
		<feat xlink:href="#sTok40" value="PUN"/>
		<feat xlink:href="#sTok41" value="NP0"/>
		<feat xlink:href="#sTok42" value="PUN"/>
		<feat xlink:href="#sTok43" value="NP0"/>
		<feat xlink:href="#sTok44" value="NN1"/>
		<feat xlink:href="#sTok45" value="NN1"/>
		<feat xlink:href="#sTok46" value="VVZ"/>
		<feat xlink:href="#sTok47" value="NN1"/>
		<feat xlink:href="#sTok48" value="CJS"/>
		<feat xlink:href="#sTok49" value="AT0"/>
		<feat xlink:href="#sTok50" value="AJ0"/>
		<feat xlink:href="#sTok51" value="NN1"/>
		<feat xlink:href="#sTok52" value="VBZ"/>
		<feat xlink:href="#sTok53" value="VVN"/>
		<feat xlink:href="#sTok54" value="AVP"/>
		<feat xlink:href="#sTok55" value="PRP"/>
		<feat xlink:href="#sTok56" value="CRD"/>
		<feat xlink:href="#sTok57" value="NN2"/>
		<feat xlink:href="#sTok58" value="PRF"/>
		<feat xlink:href="#sTok59" value="NN1"/>
		<feat xlink:href="#sTok60" value="PUL"/>
		<feat xlink:href="#sTok61" value="NP0"/>
		<feat xlink:href="#sTok62" value="NP0"/>
		<feat xlink:href="#sTok63" value="PUN"/>
		<feat xlink:href="#sTok64" value="CRD"/>
		<feat xlink:href="#sTok65" value="PUN"/>
		<feat xlink:href="#sTok66" value="CRD"/>
		<feat xlink:href="#sTok67" value="PUR"/>
		<feat xlink:href="#sTok68" value="PUN"/>
		<feat xlink:href="#sTok69" value="VVG"/>
		<feat xlink:href="#sTok70" value="NN1"/>
		<feat xlink:href="#sTok71" value="PRP"/>
		<feat xlink:href="#sTok72" value="AJ0"/>
		<feat xlink:href="#sTok73" value="AJ0"/>
		<feat xlink:href="#sTok74" value="NN2"/>
		<feat xlink:href="#sTok75" value="PUL"/>
		<feat xlink:href="#sTok76" value="UNC"/>
		<feat xlink:href="#sTok77" value="AJ0"/>
		<feat xlink:href="#sTok78" value="NN1"/>
		<feat xlink:href="#sTok79" value="PRP"/>
		<feat xlink:href="#sTok80" value="NN2"/>
		<feat xlink:href="#sTok81" value="PRF"/>
		<feat xlink:href="#sTok82" value="AT0"/>
		<feat xlink:href="#sTok83" value="AJ0"/>
		<feat xlink:href="#sTok84" value="NN1"/>
		<feat xlink:href="#sTok85" value="PUN"/>
		<feat xlink:href="#sTok86" value="CJC"/>
		<feat xlink:href="#sTok87" value="NN1"/>
		<feat xlink:href="#sTok88" value="PRP"/>
		<feat xlink:href="#sTok89" value="DT0"/>
		<feat xlink:href="#sTok90" value="NN2"/>
		<feat xlink:href="#sTok91" value="PUR"/>
		<feat xlink:href="#sTok92" value="PUN"/>
		<feat xlink:href="#sTok93" value="CJC"/>
		<feat xlink:href="#sTok94" value="VVG"/>
		<feat xlink:href="#sTok95" value="AJ0"/>
		<feat xlink:href="#sTok96" value="NN2"/>
		<feat xlink:href="#sTok97" value="PRP"/>
		<feat xlink:href="#sTok98" value="AT0"/>
		<feat xlink:href="#sTok99" value="VVN"/>
		<feat xlink:href="#sTok100" value="NN2"/>
		<feat xlink:href="#sTok101" value="PUL"/>
		<feat xlink:href="#sTok102" value="NP0"/>
		<feat xlink:href="#sTok103" value="PUN"/>
		<feat xlink:href="#sTok104" value="CRD"/>
		<feat xlink:href="#sTok105" value="PUR"/>
		<feat xlink:href="#sTok106" value="PUN"/>
		<feat xlink:href="#sTok107" value="PRP"/>
		<feat xlink:href="#sTok108" value="AJ0"/>
		<feat xlink:href="#sTok109" value="NN1"/>
		<feat xlink:href="#sTok110" value="PUN"/>
		<feat xlink:href="#sTok111" value="AT0"/>
		<feat xlink:href="#sTok112" value="AJ0"/>
		<feat xlink:href="#sTok113" value="NN2"/>
		<feat xlink:href="#sTok114" value="PRP"/>
		<feat xlink:href="#sTok115" value="DTQ"/>
		<feat xlink:href="#sTok116" value="NN1"/>
		<feat xlink:href="#sTok117" value="VVZ"/>
		<feat xlink:href="#sTok118" value="NN1"/>
		<feat xlink:href="#sTok119" value="VHB"/>
		<feat xlink:href="#sTok120" value="VBN"/>
		<feat xlink:href="#sTok121" value="VVN"/>
		<feat xlink:href="#sTok122" value="AV0"/>
		<feat xlink:href="#sTok123" value="PUN"/>
		<feat xlink:href="#sTok124" value="CJC"/>
		<feat xlink:href="#sTok125" value="AJ0"/>
		<feat xlink:href="#sTok126" value="NN2"/>
		<feat xlink:href="#sTok127" value="PRP"/>
		<feat xlink:href="#sTok128" value="AT0"/>
		<feat xlink:href="#sTok129" value="NN1"/>
		<feat xlink:href="#sTok130" value="PRF"/>
		<feat xlink:href="#sTok131" value="NN1"/>
		<feat xlink:href="#sTok132" value="PRP"/>
		<feat xlink:href="#sTok133" value="AJ0"/>
		<feat xlink:href="#sTok134" value="NN2"/>
		<feat xlink:href="#sTok135" value="VVB"/>
		<feat xlink:href="#sTok136" value="PUL"/>
		<feat xlink:href="#sTok137" value="VVB"/>
		<feat xlink:href="#sTok138" value="NP0"/>
		<feat xlink:href="#sTok139" value="NP0"/>
		<feat xlink:href="#sTok140" value="PUN"/>
		<feat xlink:href="#sTok141" value="CRD"/>
		<feat xlink:href="#sTok142" value="PRP"/>
		<feat xlink:href="#sTok143" value="AT0"/>
		<feat xlink:href="#sTok144" value="NN1"/>
		<feat xlink:href="#sTok145" value="PUR"/>
		<feat xlink:href="#sTok146" value="VVG"/>
		<feat xlink:href="#sTok147" value="PUN"/>
		<feat xlink:href="#sTok148" value="PRP"/>
		<feat xlink:href="#sTok149" value="NN2"/>
		<feat xlink:href="#sTok150" value="NP0"/>
		<feat xlink:href="#sTok151" value="PUL"/>
		<feat xlink:href="#sTok152" value="CRD"/>
		<feat xlink:href="#sTok153" value="PUR"/>
		<feat xlink:href="#sTok154" value="PUN"/>
		<feat xlink:href="#sTok155" value="NP0"/>
		<feat xlink:href="#sTok156" value="NP0"/>
		<feat xlink:href="#sTok157" value="PUN"/>
		<feat xlink:href="#sTok158" value="PUL"/>
		<feat xlink:href="#sTok159" value="CRD"/>
		<feat xlink:href="#sTok160" value="PUR"/>
		<feat xlink:href="#sTok161" value="PUN"/>
		<feat xlink:href="#sTok162" value="NP0"/>
		<feat xlink:href="#sTok163" value="PUN"/>
		<feat xlink:href="#sTok164" value="PUL"/>
		<feat xlink:href="#sTok165" value="CRD"/>
		<feat xlink:href="#sTok166" value="PUR"/>
		<feat xlink:href="#sTok167" value="PUN"/>
		<feat xlink:href="#sTok168" value="NP0"/>
		<feat xlink:href="#sTok169" value="PUL"/>
		<feat xlink:href="#sTok170" value="CRD"/>
		<feat xlink:href="#sTok171" value="PUR"/>
		<feat xlink:href="#sTok172" value="PRP"/>
		<feat xlink:href="#sTok173" value="AT0"/>
		<feat xlink:href="#sTok174" value="NN1"/>
		<feat xlink:href="#sTok175" value="PRF"/>
		<feat xlink:href="#sTok176" value="NN1"/>
		<feat xlink:href="#sTok177" value="PUN"/>
		<feat xlink:href="#sTok178" value="CJC"/>
		<feat xlink:href="#sTok179" value="NP0"/>
		<feat xlink:href="#sTok180" value="PUL"/>
		<feat xlink:href="#sTok181" value="CRD"/>
		<feat xlink:href="#sTok182" value="PUR"/>
		<feat xlink:href="#sTok183" value="PUN"/>
		<feat xlink:href="#sTok184" value="NP0"/>
		<feat xlink:href="#sTok185" value="PUL"/>
		<feat xlink:href="#sTok186" value="CRD"/>
		<feat xlink:href="#sTok187" value="PUR"/>
		<feat xlink:href="#sTok188" value="PUN"/>
		<feat xlink:href="#sTok189" value="NP0"/>
		<feat xlink:href="#sTok190" value="PUL"/>
		<feat xlink:href="#sTok191" value="CRD"/>
		<feat xlink:href="#sTok192" value="PUR"/>
		<feat xlink:href="#sTok193" value="PUN"/>
		<feat xlink:href="#sTok194" value="NP0"/>
		<feat xlink:href="#sTok195" value="NP0"/>
		<feat xlink:href="#sTok196" value="PUL"/>
		<feat xlink:href="#sTok197" value="CRD"/>
		<feat xlink:href="#sTok198" value="PUR"/>
		<feat xlink:href="#sTok199" value="PRP"/>
		<feat xlink:href="#sTok200" value="NN2"/>
		<feat xlink:href="#sTok201" value="PRP"/>
		<feat xlink:href="#sTok202" value="AT0"/>
		<feat xlink:href="#sTok203" value="AJ0"/>
		<feat xlink:href="#sTok204" value="NN1"/>
		<feat xlink:href="#sTok205" value="PUN"/>
		<feat xlink:href="#sTok206" value="AV0"/>
		<feat xlink:href="#sTok207" value="PUN"/>
		<feat xlink:href="#sTok208" value="AT0"/>
		<feat xlink:href="#sTok209" value="AJ0"/>
		<feat xlink:href="#sTok210" value="NN1"/>
		<feat xlink:href="#sTok211" value="TO0"/>
		<feat xlink:href="#sTok212" value="VVI"/>
		<feat xlink:href="#sTok213" value="NN1"/>
		<feat xlink:href="#sTok214" value="PRP"/>
		<feat xlink:href="#sTok215" value="NN2"/>
		<feat xlink:href="#sTok216" value="PRF"/>
		<feat xlink:href="#sTok217" value="NN2"/>
		<feat xlink:href="#sTok218" value="VVG"/>
		<feat xlink:href="#sTok219" value="DT0"/>
		<feat xlink:href="#sTok220" value="NN2"/>
		<feat xlink:href="#sTok221" value="PUN"/>
		<feat xlink:href="#sTok222" value="VVG"/>
		<feat xlink:href="#sTok223" value="AJ0"/>
		<feat xlink:href="#sTok224" value="NN1"/>
		<feat xlink:href="#sTok225" value="PUL"/>
		<feat xlink:href="#sTok226" value="NP0"/>
		<feat xlink:href="#sTok227" value="PUN"/>
		<feat xlink:href="#sTok228" value="CRD"/>
		<feat xlink:href="#sTok229" value="PUR"/>
		<feat xlink:href="#sTok230" value="PUN"/>
		<feat xlink:href="#sTok231" value="VBD"/>
		<feat xlink:href="#sTok232" value="XX0"/>
		<feat xlink:href="#sTok233" value="AV0"/>
		<feat xlink:href="#sTok234" value="AJ0"/>
		<feat xlink:href="#sTok235" value="PUN"/>
		<feat xlink:href="#sTok236" value="VVN"/>
		<feat xlink:href="#sTok237" value="CJT"/>
		<feat xlink:href="#sTok238" value="NN1"/>
		<feat xlink:href="#sTok239" value="PUN"/>
		<feat xlink:href="#sTok240" value="PNP"/>
		<feat xlink:href="#sTok241" value="VHB"/>
		<feat xlink:href="#sTok242" value="VVN"/>
		<feat xlink:href="#sTok243" value="NN1"/>
		<feat xlink:href="#sTok244" value="PUN"/>
		<feat xlink:href="#sTok245" value="VVN"/>
		<feat xlink:href="#sTok246" value="PRP"/>
		<feat xlink:href="#sTok247" value="AJ0"/>
		<feat xlink:href="#sTok248" value="NN1"/>
		<feat xlink:href="#sTok249" value="NN1"/>
		<feat xlink:href="#sTok250" value="PUN"/>
		<feat xlink:href="#sTok251" value="CJT"/>
		<feat xlink:href="#sTok252" value="AV0"/>
		<feat xlink:href="#sTok253" value="VVZ"/>
		<feat xlink:href="#sTok254" value="NN1"/>
		<feat xlink:href="#sTok255" value="PRP"/>
		<feat xlink:href="#sTok256" value="NP0"/>
		<feat xlink:href="#sTok257" value="PUN"/>
		<feat xlink:href="#sTok258" value="CJC"/>
		<feat xlink:href="#sTok259" value="VVD"/>
		<feat xlink:href="#sTok260" value="PNP"/>
		<feat xlink:href="#sTok261" value="PRP"/>
		<feat xlink:href="#sTok262" value="AT0"/>
		<feat xlink:href="#sTok263" value="NN1"/>
		<feat xlink:href="#sTok264" value="PRF"/>
		<feat xlink:href="#sTok265" value="NN1"/>
		<feat xlink:href="#sTok266" value="CRD"/>
		<feat xlink:href="#sTok267" value="NN2"/>
		<feat xlink:href="#sTok268" value="PRP"/>
		<feat xlink:href="#sTok269" value="UNC"/>
		<feat xlink:href="#sTok270" value="CRD"/>
		<feat xlink:href="#sTok271" value="NN2"/>
		<feat xlink:href="#sTok272" value="PUN"/>
		<feat xlink:href="#sTok273" value="PRP"/>
		<feat xlink:href="#sTok274" value="AT0"/>
		<feat xlink:href="#sTok275" value="ORD"/>
		<feat xlink:href="#sTok276" value="PRP"/>
		<feat xlink:href="#sTok277" value="AT0"/>
		<feat xlink:href="#sTok278" value="ORD"/>
		<feat xlink:href="#sTok279" value="NN1"/>
		<feat xlink:href="#sTok280" value="PUN"/>
		<feat xlink:href="#sTok281" value="PNQ"/>
		<feat xlink:href="#sTok282" value="VBZ"/>
		<feat xlink:href="#sTok283" value="AT0"/>
		<feat xlink:href="#sTok284" value="NN1"/>
		<feat xlink:href="#sTok285" value="PRF"/>
		<feat xlink:href="#sTok286" value="DT0"/>
		<feat xlink:href="#sTok287" value="AJ0"/>
		<feat xlink:href="#sTok288" value="AJ0"/>
		<feat xlink:href="#sTok289" value="NN2"/>
		<feat xlink:href="#sTok290" value="PRF"/>
		<feat xlink:href="#sTok291" value="NN1"/>
		<feat xlink:href="#sTok292" value="PUN"/>
		<feat xlink:href="#sTok293" value="ORD"/>
		<feat xlink:href="#sTok294" value="PUN"/>
		<feat xlink:href="#sTok295" value="AT0"/>
		<feat xlink:href="#sTok296" value="NN1"/>
		<feat xlink:href="#sTok297" value="VVZ"/>
		<feat xlink:href="#sTok298" value="AT0"/>
		<feat xlink:href="#sTok299" value="NN1"/>
		<feat xlink:href="#sTok300" value="PRP"/>
		<feat xlink:href="#sTok301" value="DTQ"/>
		<feat xlink:href="#sTok302" value="AJ0"/>
		<feat xlink:href="#sTok303" value="AJ0"/>
		<feat xlink:href="#sTok304" value="NN2"/>
		<feat xlink:href="#sTok305" value="VM0"/>
		<feat xlink:href="#sTok306" value="VBI"/>
		<feat xlink:href="#sTok307" value="VVN"/>
		<feat xlink:href="#sTok308" value="TO0"/>
		<feat xlink:href="#sTok309" value="VVI"/>
		<feat xlink:href="#sTok310" value="NN1"/>
		<feat xlink:href="#sTok311" value="PUN"/>
		<feat xlink:href="#sTok312" value="CJS"/>
		<feat xlink:href="#sTok313" value="AJ0"/>
		<feat xlink:href="#sTok314" value="PRP"/>
		<feat xlink:href="#sTok315" value="CRD"/>
		<feat xlink:href="#sTok316" value="NN2"/>
		<feat xlink:href="#sTok317" value="PUN"/>
		<feat xlink:href="#sTok318" value="CJC"/>
		<feat xlink:href="#sTok319" value="CJS"/>
		<feat xlink:href="#sTok320" value="AJ0"/>
		<feat xlink:href="#sTok321" value="CJC"/>
		<feat xlink:href="#sTok322" value="AJ0"/>
		<feat xlink:href="#sTok323" value="NN2"/>
		<feat xlink:href="#sTok324" value="VBB"/>
		<feat xlink:href="#sTok325" value="AJ0"/>
		<feat xlink:href="#sTok326" value="TO0"/>
		<feat xlink:href="#sTok327" value="VVI"/>
		<feat xlink:href="#sTok328" value="NN1"/>
		<feat xlink:href="#sTok329" value="PUN"/>
		<feat xlink:href="#sTok330" value="ORD"/>
		<feat xlink:href="#sTok331" value="PUN"/>
		<feat xlink:href="#sTok332" value="AT0"/>
		<feat xlink:href="#sTok333" value="AJ0"/>
		<feat xlink:href="#sTok334" value="NN2"/>
		<feat xlink:href="#sTok335" value="CJT"/>
		<feat xlink:href="#sTok336" value="NN1"/>
		<feat xlink:href="#sTok337" value="VVZ"/>
		<feat xlink:href="#sTok338" value="VBB"/>
		<feat xlink:href="#sTok339" value="AV0"/>
		<feat xlink:href="#sTok340" value="AT0"/>
		<feat xlink:href="#sTok341" value="NN1"/>
		<feat xlink:href="#sTok342" value="PRF"/>
		<feat xlink:href="#sTok343" value="AJ0"/>
		<feat xlink:href="#sTok344" value="NN1"/>
		<feat xlink:href="#sTok345" value="PUL"/>
		<feat xlink:href="#sTok346" value="NP0"/>
		<feat xlink:href="#sTok347" value="NP0"/>
		<feat xlink:href="#sTok348" value="PUN"/>
		<feat xlink:href="#sTok349" value="CRD"/>
		<feat xlink:href="#sTok350" value="PUR"/>
		<feat xlink:href="#sTok351" value="PUN"/>
		<feat xlink:href="#sTok352" value="AV0"/>
		<feat xlink:href="#sTok353" value="VVG"/>
		<feat xlink:href="#sTok354" value="AJ0"/>
		<feat xlink:href="#sTok355" value="NN2"/>
		<feat xlink:href="#sTok356" value="PRF"/>
		<feat xlink:href="#sTok357" value="NN1"/>
		<feat xlink:href="#sTok358" value="NN2"/>
		<feat xlink:href="#sTok359" value="VVZ"/>
		<feat xlink:href="#sTok360" value="AJ0"/>
		<feat xlink:href="#sTok361" value="NN1"/>
		<feat xlink:href="#sTok362" value="TO0"/>
		<feat xlink:href="#sTok363" value="VVI"/>
		<feat xlink:href="#sTok364" value="NN2"/>
		<feat xlink:href="#sTok365" value="POS"/>
		<feat xlink:href="#sTok366" value="AJ0"/>
		<feat xlink:href="#sTok367" value="NN2"/>
		<feat xlink:href="#sTok368" value="PUN"/>
		<feat xlink:href="#sTok369" value="CJC"/>
		<feat xlink:href="#sTok370" value="VM0"/>
		<feat xlink:href="#sTok371" value="VVI"/>
		<feat xlink:href="#sTok372" value="AJ0"/>
		<feat xlink:href="#sTok373" value="NN2"/>
		<feat xlink:href="#sTok374" value="PUN"/>
		<feat xlink:href="#sTok375" value="AV0"/>
		<feat xlink:href="#sTok376" value="PUN"/>
		<feat xlink:href="#sTok377" value="DPS"/>
		<feat xlink:href="#sTok378" value="NN1"/>
		<feat xlink:href="#sTok379" value="VVZ"/>
		<feat xlink:href="#sTok380" value="NP0"/>
		<feat xlink:href="#sTok381" value="POS"/>
		<feat xlink:href="#sTok382" value="PUL"/>
		<feat xlink:href="#sTok383" value="CRD"/>
		<feat xlink:href="#sTok384" value="PUR"/>
		<feat xlink:href="#sTok385" value="AJ0"/>
		<feat xlink:href="#sTok386" value="AJ0"/>
		<feat xlink:href="#sTok387" value="NN2"/>
		<feat xlink:href="#sTok388" value="PRF"/>
		<feat xlink:href="#sTok389" value="NP0"/>
		<feat xlink:href="#sTok390" value="NP0"/>
		<feat xlink:href="#sTok391" value="NP0"/>
		<feat xlink:href="#sTok392" value="NN2"/>
		<feat xlink:href="#sTok393" value="PUN"/>
		<feat xlink:href="#sTok394" value="PRP"/>
		<feat xlink:href="#sTok395" value="VVG"/>
		<feat xlink:href="#sTok396" value="AT0"/>
		<feat xlink:href="#sTok397" value="AJC"/>
		<feat xlink:href="#sTok398" value="NN1"/>
		<feat xlink:href="#sTok399" value="CJC"/>
		<feat xlink:href="#sTok400" value="VVG"/>
		<feat xlink:href="#sTok401" value="PRP"/>
		<feat xlink:href="#sTok402" value="NN1"/>
		<feat xlink:href="#sTok403" value="PUN"/>
		<feat xlink:href="#sTok404" value="AT0"/>
		<feat xlink:href="#sTok405" value="NN1"/>
		<feat xlink:href="#sTok406" value="VBZ"/>
		<feat xlink:href="#sTok407" value="VVN"/>
		<feat xlink:href="#sTok408" value="AV0"/>
		<feat xlink:href="#sTok409" value="PUN"/>
		<feat xlink:href="#sTok410" value="ORD"/>
		<feat xlink:href="#sTok411" value="PNP"/>
		<feat xlink:href="#sTok412" value="VVB"/>
		<feat xlink:href="#sTok413" value="AT0"/>
		<feat xlink:href="#sTok414" value="NN1"/>
		<feat xlink:href="#sTok415" value="PRF"/>
		<feat xlink:href="#sTok416" value="NN1"/>
		<feat xlink:href="#sTok417" value="VVN"/>
		<feat xlink:href="#sTok418" value="PUN"/>
		<feat xlink:href="#sTok419" value="AV0"/>
		<feat xlink:href="#sTok420" value="PUN"/>
		<feat xlink:href="#sTok421" value="DPS"/>
		<feat xlink:href="#sTok422" value="NN1"/>
		<feat xlink:href="#sTok423" value="CJC"/>
		<feat xlink:href="#sTok424" value="NN1"/>
		<feat xlink:href="#sTok425" value="VBB"/>
		<feat xlink:href="#sTok426" value="VVN"/>
		<feat xlink:href="#sTok427" value="PUN"/>
		<feat xlink:href="#sTok428" value="VVN"/>
		<feat xlink:href="#sTok429" value="PRP"/>
		<feat xlink:href="#sTok430" value="AT0"/>
		<feat xlink:href="#sTok431" value="NN1"/>
		<feat xlink:href="#sTok432" value="PRF"/>
		<feat xlink:href="#sTok433" value="AT0"/>
		<feat xlink:href="#sTok434" value="NN1"/>
		<feat xlink:href="#sTok435" value="PUN"/>
		<feat xlink:href="#sTok436" value="AV0"/>
		<feat xlink:href="#sTok437" value="PUN"/>
		<feat xlink:href="#sTok438" value="NN2"/>
		<feat xlink:href="#sTok439" value="PRP"/>
		<feat xlink:href="#sTok440" value="NN1"/>
		<feat xlink:href="#sTok441" value="PRP"/>
		<feat xlink:href="#sTok442" value="DPS"/>
		<feat xlink:href="#sTok443" value="AJ0"/>
		<feat xlink:href="#sTok444" value="NN1"/>
		<feat xlink:href="#sTok445" value="NN1"/>
		<feat xlink:href="#sTok446" value="VBB"/>
		<feat xlink:href="#sTok447" value="VVN"/>
		<feat xlink:href="#sTok448" value="PUN"/>
		<feat xlink:href="#sTok449" value="AT0"/>
		<feat xlink:href="#sTok450" value="NN1"/>
		<feat xlink:href="#sTok451" value="POS"/>
		<feat xlink:href="#sTok452" value="NN1"/>
		<feat xlink:href="#sTok453" value="VVZ"/>
		<feat xlink:href="#sTok454" value="NN2"/>
		<feat xlink:href="#sTok455" value="VVN"/>
		<feat xlink:href="#sTok456" value="AV0"/>
		<feat xlink:href="#sTok457" value="PRP"/>
		<feat xlink:href="#sTok458" value="NN1"/>
		<feat xlink:href="#sTok459" value="NN2"/>
		<feat xlink:href="#sTok460" value="PUN"/>
		<feat xlink:href="#sTok461" value="PRP"/>
		<feat xlink:href="#sTok462" value="NN2"/>
		<feat xlink:href="#sTok463" value="PRP"/>
		<feat xlink:href="#sTok464" value="AT0"/>
		<feat xlink:href="#sTok465" value="NN1"/>
		<feat xlink:href="#sTok466" value="PUN"/>
		<feat xlink:href="#sTok467" value="NN2"/>
		<feat xlink:href="#sTok468" value="PUN"/>
		<feat xlink:href="#sTok469" value="CJC"/>
		<feat xlink:href="#sTok470" value="AJ0"/>
		<feat xlink:href="#sTok471" value="NN2"/>
		<feat xlink:href="#sTok472" value="PUN"/>
		<feat xlink:href="#sTok473" value="NN1"/>
		<feat xlink:href="#sTok474" value="PRP"/>
		<feat xlink:href="#sTok475" value="NP0"/>
		<feat xlink:href="#sTok476" value="AJ0"/>
		<feat xlink:href="#sTok477" value="CJC"/>
		<feat xlink:href="#sTok478" value="AJ0"/>
		<feat xlink:href="#sTok479" value="NN2"/>
		<feat xlink:href="#sTok480" value="AV0"/>
		<feat xlink:href="#sTok481" value="VVB"/>
		<feat xlink:href="#sTok482" value="PRP"/>
		<feat xlink:href="#sTok483" value="NN1"/>
		<feat xlink:href="#sTok484" value="PUN"/>
		<feat xlink:href="#sTok485" value="AV0"/>
		<feat xlink:href="#sTok486" value="PUN"/>
		<feat xlink:href="#sTok487" value="DT0"/>
		<feat xlink:href="#sTok488" value="NN1"/>
		<feat xlink:href="#sTok489" value="VHZ"/>
		<feat xlink:href="#sTok490" value="VBN"/>
		<feat xlink:href="#sTok491" value="VVN"/>
		<feat xlink:href="#sTok492" value="PRP"/>
		<feat xlink:href="#sTok493" value="NN1"/>
		<feat xlink:href="#sTok494" value="PRP"/>
		<feat xlink:href="#sTok495" value="AJ0"/>
		<feat xlink:href="#sTok496" value="NN2"/>
		<feat xlink:href="#sTok497" value="PUL"/>
		<feat xlink:href="#sTok498" value="NP0"/>
		<feat xlink:href="#sTok499" value="PUL"/>
		<feat xlink:href="#sTok500" value="CRD"/>
		<feat xlink:href="#sTok501" value="PUR"/>
		<feat xlink:href="#sTok502" value="PRP"/>
		<feat xlink:href="#sTok503" value="NP0"/>
		<feat xlink:href="#sTok504" value="PUN"/>
		<feat xlink:href="#sTok505" value="CJC"/>
		<feat xlink:href="#sTok506" value="NP0"/>
		<feat xlink:href="#sTok507" value="NP0"/>
		<feat xlink:href="#sTok508" value="PUL"/>
		<feat xlink:href="#sTok509" value="CRD"/>
		<feat xlink:href="#sTok510" value="PUR"/>
		<feat xlink:href="#sTok511" value="PRP"/>
		<feat xlink:href="#sTok512" value="AJ0"/>
		<feat xlink:href="#sTok513" value="AJ0"/>
		<feat xlink:href="#sTok514" value="NN1"/>
		<feat xlink:href="#sTok515" value="PUR"/>
		<feat xlink:href="#sTok516" value="PUN"/>
		<feat xlink:href="#sTok517" value="PRP"/>
		<feat xlink:href="#sTok518" value="AJ0"/>
		<feat xlink:href="#sTok519" value="NN1"/>
		<feat xlink:href="#sTok520" value="PUN"/>
		<feat xlink:href="#sTok521" value="NN1"/>
		<feat xlink:href="#sTok522" value="PUL"/>
		<feat xlink:href="#sTok523" value="PRP"/>
		<feat xlink:href="#sTok524" value="NP0"/>
		<feat xlink:href="#sTok525" value="PUN"/>
		<feat xlink:href="#sTok526" value="PUQ"/>
		<feat xlink:href="#sTok527" value="UNC"/>
		<feat xlink:href="#sTok528" value="PUQ"/>
		<feat xlink:href="#sTok529" value="PUR"/>
		<feat xlink:href="#sTok530" value="VBZ"/>
		<feat xlink:href="#sTok531" value="VVN"/>
		<feat xlink:href="#sTok532" value="TO0"/>
		<feat xlink:href="#sTok533" value="VVI"/>
		<feat xlink:href="#sTok534" value="NN1"/>
		<feat xlink:href="#sTok535" value="CJS"/>
		<feat xlink:href="#sTok536" value="AT0"/>
		<feat xlink:href="#sTok537" value="NN1"/>
		<feat xlink:href="#sTok538" value="VVD"/>
		<feat xlink:href="#sTok539" value="PRP"/>
		<feat xlink:href="#sTok540" value="AJ0"/>
		<feat xlink:href="#sTok541" value="NN1"/>
		<feat xlink:href="#sTok542" value="PUL"/>
		<feat xlink:href="#sTok543" value="UNC"/>
		<feat xlink:href="#sTok544" value="PRP"/>
		<feat xlink:href="#sTok545" value="AT0"/>
		<feat xlink:href="#sTok546" value="NN1"/>
		<feat xlink:href="#sTok547" value="PRF"/>
		<feat xlink:href="#sTok548" value="AT0"/>
		<feat xlink:href="#sTok549" value="NN1"/>
		<feat xlink:href="#sTok550" value="CJC"/>
		<feat xlink:href="#sTok551" value="PRP"/>
		<feat xlink:href="#sTok552" value="NN2"/>
		<feat xlink:href="#sTok553" value="PUR"/>
		<feat xlink:href="#sTok554" value="VVZ"/>
		<feat xlink:href="#sTok555" value="PRP"/>
		<feat xlink:href="#sTok556" value="AV0"/>
		<feat xlink:href="#sTok557" value="VVN"/>
		<feat xlink:href="#sTok558" value="AJ0"/>
		<feat xlink:href="#sTok559" value="CJC"/>
		<feat xlink:href="#sTok560" value="AJ0"/>
		<feat xlink:href="#sTok561" value="NN2"/>
		<feat xlink:href="#sTok562" value="PUN"/>
		<feat xlink:href="#sTok563" value="VVG"/>
		<feat xlink:href="#sTok564" value="AT0"/>
		<feat xlink:href="#sTok565" value="AJ0"/>
		<feat xlink:href="#sTok566" value="NN1"/>
		<feat xlink:href="#sTok567" value="PRP"/>
		<feat xlink:href="#sTok568" value="DT0"/>
		<feat xlink:href="#sTok569" value="NN2"/>
		<feat xlink:href="#sTok570" value="PUN"/>
		<feat xlink:href="#sTok571" value="NP0"/>
		<feat xlink:href="#sTok572" value="PUL"/>
		<feat xlink:href="#sTok573" value="CRD"/>
		<feat xlink:href="#sTok574" value="PUR"/>
		<feat xlink:href="#sTok575" value="VVD"/>
		<feat xlink:href="#sTok576" value="NN1"/>
		<feat xlink:href="#sTok577" value="NN1"/>
		<feat xlink:href="#sTok578" value="NN2"/>
		<feat xlink:href="#sTok579" value="PUN"/>
		<feat xlink:href="#sTok580" value="VVG"/>
		<feat xlink:href="#sTok581" value="CJT"/>
		<feat xlink:href="#sTok582" value="AT0"/>
		<feat xlink:href="#sTok583" value="VVG"/>
		<feat xlink:href="#sTok584" value="AV0"/>
		<feat xlink:href="#sTok585" value="VVN"/>
		<feat xlink:href="#sTok586" value="NN2"/>
		<feat xlink:href="#sTok587" value="VVB"/>
		<feat xlink:href="#sTok588" value="NN1"/>
		<feat xlink:href="#sTok589" value="PRP"/>
		<feat xlink:href="#sTok590" value="NN1"/>
		<feat xlink:href="#sTok591" value="PUN"/>
		<feat xlink:href="#sTok592" value="VM0"/>
		<feat xlink:href="#sTok593" value="AT0"/>
		<feat xlink:href="#sTok594" value="NN1"/>
		<feat xlink:href="#sTok595" value="NN1"/>
		<feat xlink:href="#sTok596" value="VVB"/>
		<feat xlink:href="#sTok597" value="PNP"/>
		<feat xlink:href="#sTok598" value="AVP"/>
		<feat xlink:href="#sTok599" value="PUN"/>
		<feat xlink:href="#sTok600" value="AJ0"/>
		<feat xlink:href="#sTok601" value="NN1"/>
		<feat xlink:href="#sTok602" value="PUN"/>
		<feat xlink:href="#sTok603" value="VVG"/>
		<feat xlink:href="#sTok604" value="AVP"/>
		<feat xlink:href="#sTok605" value="AT0"/>
		<feat xlink:href="#sTok606" value="NN1"/>
		<feat xlink:href="#sTok607" value="PUN"/>
		<feat xlink:href="#sTok608" value="PNP"/>
		<feat xlink:href="#sTok609" value="VVD"/>
		<feat xlink:href="#sTok610" value="PUQ"/>
		<feat xlink:href="#sTok611" value="AJ0"/>
		<feat xlink:href="#sTok612" value="NN1"/>
		<feat xlink:href="#sTok613" value="PUQ"/>
		<feat xlink:href="#sTok614" value="PRP"/>
		<feat xlink:href="#sTok615" value="NP0"/>
		<feat xlink:href="#sTok616" value="POS"/>
		<feat xlink:href="#sTok617" value="NN2"/>
		<feat xlink:href="#sTok618" value="PUQ"/>
		<feat xlink:href="#sTok619" value="UNC"/>
		<feat xlink:href="#sTok620" value="UNC"/>
		<feat xlink:href="#sTok621" value="PUQ"/>
		<feat xlink:href="#sTok622" value="CJC"/>
		<feat xlink:href="#sTok623" value="PUQ"/>
		<feat xlink:href="#sTok624" value="UNC"/>
		<feat xlink:href="#sTok625" value="PUQ"/>
		<feat xlink:href="#sTok626" value="PUN"/>
		<feat xlink:href="#sTok627" value="AJ0"/>
		<feat xlink:href="#sTok628" value="NN1"/>
		<feat xlink:href="#sTok629" value="PUN"/>
		<feat xlink:href="#sTok630" value="PRP"/>
		<feat xlink:href="#sTok631" value="AT0"/>
		<feat xlink:href="#sTok632" value="NN1"/>
		<feat xlink:href="#sTok633" value="PUN"/>
		<feat xlink:href="#sTok634" value="VVG"/>
		<feat xlink:href="#sTok635" value="AVP"/>
		<feat xlink:href="#sTok636" value="NN2"/>
		<feat xlink:href="#sTok637" value="PRP"/>
		<feat xlink:href="#sTok638" value="PUQ"/>
		<feat xlink:href="#sTok639" value="NN1"/>
		<feat xlink:href="#sTok640" value="UNC"/>
		<feat xlink:href="#sTok641" value="NN1"/>
		<feat xlink:href="#sTok642" value="PUQ"/>
		<feat xlink:href="#sTok643" value="PUN"/>
		<feat xlink:href="#sTok644" value="PUQ"/>
		<feat xlink:href="#sTok645" value="NN1"/>
		<feat xlink:href="#sTok646" value="UNC"/>
		<feat xlink:href="#sTok647" value="NN1"/>
		<feat xlink:href="#sTok648" value="PUQ"/>
		<feat xlink:href="#sTok649" value="PUN"/>
		<feat xlink:href="#sTok650" value="PUQ"/>
		<feat xlink:href="#sTok651" value="AJ0"/>
		<feat xlink:href="#sTok652" value="NN1"/>
		<feat xlink:href="#sTok653" value="UNC"/>
		<feat xlink:href="#sTok654" value="AJ0"/>
		<feat xlink:href="#sTok655" value="NN1"/>
		<feat xlink:href="#sTok656" value="PUQ"/>
		<feat xlink:href="#sTok657" value="PUN"/>
		<feat xlink:href="#sTok658" value="PRP"/>
		<feat xlink:href="#sTok659" value="NN2"/>
		<feat xlink:href="#sTok660" value="PUN"/>
		<feat xlink:href="#sTok661" value="PNP"/>
		<feat xlink:href="#sTok662" value="VVD"/>
		<feat xlink:href="#sTok663" value="PUQ"/>
		<feat xlink:href="#sTok664" value="AJ0"/>
		<feat xlink:href="#sTok665" value="NN1"/>
		<feat xlink:href="#sTok666" value="PUQ"/>
		<feat xlink:href="#sTok667" value="PRP"/>
		<feat xlink:href="#sTok668" value="PUQ"/>
		<feat xlink:href="#sTok669" value="UNC"/>
		<feat xlink:href="#sTok670" value="UNC"/>
		<feat xlink:href="#sTok671" value="PUQ"/>
		<feat xlink:href="#sTok672" value="PUN"/>
		<feat xlink:href="#sTok673" value="AJ0"/>
		<feat xlink:href="#sTok674" value="NN1"/>
		<feat xlink:href="#sTok675" value="PUN"/>
		<feat xlink:href="#sTok676" value="PRP"/>
		<feat xlink:href="#sTok677" value="AT0"/>
		<feat xlink:href="#sTok678" value="NN1"/>
		<feat xlink:href="#sTok679" value="NN1"/>
		<feat xlink:href="#sTok680" value="CJC"/>
		<feat xlink:href="#sTok681" value="AT0"/>
		<feat xlink:href="#sTok682" value="NN1"/>
		<feat xlink:href="#sTok683" value="VVG"/>
		<feat xlink:href="#sTok684" value="AT0"/>
		<feat xlink:href="#sTok685" value="AJ0"/>
		<feat xlink:href="#sTok686" value="NN1"/>
		<feat xlink:href="#sTok687" value="CJT"/>
		<feat xlink:href="#sTok688" value="VVZ"/>
		<feat xlink:href="#sTok689" value="AT0"/>
		<feat xlink:href="#sTok690" value="NN1"/>
		<feat xlink:href="#sTok691" value="PUN"/>
		<feat xlink:href="#sTok692" value="PNP"/>
		<feat xlink:href="#sTok693" value="VVD"/>
		<feat xlink:href="#sTok694" value="PUQ"/>
		<feat xlink:href="#sTok695" value="AJ0"/>
		<feat xlink:href="#sTok696" value="NN1"/>
		<feat xlink:href="#sTok697" value="PUQ"/>
		<feat xlink:href="#sTok698" value="PRP"/>
		<feat xlink:href="#sTok699" value="NP0"/>
		<feat xlink:href="#sTok700" value="POS"/>
		<feat xlink:href="#sTok701" value="PUQ"/>
		<feat xlink:href="#sTok702" value="UNC"/>
		<feat xlink:href="#sTok703" value="UNC"/>
		<feat xlink:href="#sTok704" value="PUQ"/>
		<feat xlink:href="#sTok705" value="PUN"/>
		<feat xlink:href="#sTok706" value="AT0"/>
		<feat xlink:href="#sTok707" value="NN1"/>
		<feat xlink:href="#sTok708" value="NN1"/>
		<feat xlink:href="#sTok709" value="VVZ"/>
		<feat xlink:href="#sTok710" value="NP0"/>
		<feat xlink:href="#sTok711" value="POS"/>
		<feat xlink:href="#sTok712" value="AJ0"/>
		<feat xlink:href="#sTok713" value="NN1"/>
		<feat xlink:href="#sTok714" value="PRF"/>
		<feat xlink:href="#sTok715" value="AJ0"/>
		<feat xlink:href="#sTok716" value="NN2"/>
		<feat xlink:href="#sTok717" value="CJT"/>
		<feat xlink:href="#sTok718" value="VM0"/>
		<feat xlink:href="#sTok719" value="VVI"/>
		<feat xlink:href="#sTok720" value="NN1"/>
		<feat xlink:href="#sTok721" value="PUN"/>
		<feat xlink:href="#sTok722" value="CJS"/>
		<feat xlink:href="#sTok723" value="AV0"/>
		<feat xlink:href="#sTok724" value="CJS"/>
		<feat xlink:href="#sTok725" value="AT0"/>
		<feat xlink:href="#sTok726" value="NN2"/>
		<feat xlink:href="#sTok727" value="VVN"/>
		<feat xlink:href="#sTok728" value="PRP"/>
		<feat xlink:href="#sTok729" value="DPS"/>
		<feat xlink:href="#sTok730" value="NN1"/>
		<feat xlink:href="#sTok731" value="PUN"/>
		<feat xlink:href="#sTok732" value="PRP"/>
		<feat xlink:href="#sTok733" value="AT0"/>
		<feat xlink:href="#sTok734" value="NN1"/>
		<feat xlink:href="#sTok735" value="NN2"/>
		<feat xlink:href="#sTok736" value="AV0"/>
		<feat xlink:href="#sTok737" value="PUN"/>
		<feat xlink:href="#sTok738" value="NP0"/>
		<feat xlink:href="#sTok739" value="PUL"/>
		<feat xlink:href="#sTok740" value="CRD"/>
		<feat xlink:href="#sTok741" value="PUR"/>
		<feat xlink:href="#sTok742" value="VVD"/>
		<feat xlink:href="#sTok743" value="CJT"/>
		<feat xlink:href="#sTok744" value="CJS"/>
		<feat xlink:href="#sTok745" value="AT0"/>
		<feat xlink:href="#sTok746" value="NN1"/>
		<feat xlink:href="#sTok747" value="CJC"/>
		<feat xlink:href="#sTok748" value="AJ0"/>
		<feat xlink:href="#sTok749" value="NN1"/>
		<feat xlink:href="#sTok750" value="CJC"/>
		<feat xlink:href="#sTok751" value="DPS"/>
		<feat xlink:href="#sTok752" value="AJ0"/>
		<feat xlink:href="#sTok753" value="NN2"/>
		<feat xlink:href="#sTok754" value="VVB"/>
		<feat xlink:href="#sTok755" value="PRP"/>
		<feat xlink:href="#sTok756" value="CRD"/>
		<feat xlink:href="#sTok757" value="AJ0"/>
		<feat xlink:href="#sTok758" value="NN2"/>
		<feat xlink:href="#sTok759" value="PRF"/>
		<feat xlink:href="#sTok760" value="NN1"/>
		<feat xlink:href="#sTok761" value="PUN"/>
		<feat xlink:href="#sTok762" value="DT0"/>
		<feat xlink:href="#sTok763" value="VM0"/>
		<feat xlink:href="#sTok764" value="AV0"/>
		<feat xlink:href="#sTok765" value="VVI"/>
		<feat xlink:href="#sTok766" value="AJ0"/>
		<feat xlink:href="#sTok767" value="PRP"/>
		<feat xlink:href="#sTok768" value="AT0"/>
		<feat xlink:href="#sTok769" value="NN1"/>
		<feat xlink:href="#sTok770" value="PUN"/>
		<feat xlink:href="#sTok771" value="AV0"/>
		<feat xlink:href="#sTok772" value="CJS"/>
		<feat xlink:href="#sTok773" value="AT0"/>
		<feat xlink:href="#sTok774" value="NN1"/>
		<feat xlink:href="#sTok775" value="VBZ"/>
		<feat xlink:href="#sTok776" value="AV0"/>
		<feat xlink:href="#sTok777" value="VVN"/>
		<feat xlink:href="#sTok778" value="CJS"/>
		<feat xlink:href="#sTok779" value="PRP"/>
		<feat xlink:href="#sTok780" value="AT0"/>
		<feat xlink:href="#sTok781" value="NN2"/>
		<feat xlink:href="#sTok782" value="VVN"/>
		<feat xlink:href="#sTok783" value="PRP"/>
		<feat xlink:href="#sTok784" value="NP0"/>
		<feat xlink:href="#sTok785" value="PUN"/>
		<feat xlink:href="#sTok786" value="TO0"/>
		<feat xlink:href="#sTok787" value="VVI"/>
		<feat xlink:href="#sTok788" value="DT0"/>
		<feat xlink:href="#sTok789" value="NN2"/>
		<feat xlink:href="#sTok790" value="PRP"/>
		<feat xlink:href="#sTok791" value="NN1"/>
		<feat xlink:href="#sTok792" value="AJ0"/>
		<feat xlink:href="#sTok793" value="PUN"/>
		<feat xlink:href="#sTok794" value="NP0"/>
		<feat xlink:href="#sTok795" value="VVZ"/>
		<feat xlink:href="#sTok796" value="DT0"/>
		<feat xlink:href="#sTok797" value="NN2"/>
		<feat xlink:href="#sTok798" value="PUQ"/>
		<feat xlink:href="#sTok799" value="UNC"/>
		<feat xlink:href="#sTok800" value="PUQ"/>
		<feat xlink:href="#sTok801" value="PUN"/>
		<feat xlink:href="#sTok802" value="VVN"/>
		<feat xlink:href="#sTok803" value="AV0"/>
		<feat xlink:href="#sTok804" value="CJS"/>
		<feat xlink:href="#sTok805" value="PUQ"/>
		<feat xlink:href="#sTok806" value="NN1"/>
		<feat xlink:href="#sTok807" value="PUQ"/>
		<feat xlink:href="#sTok808" value="PUN"/>
		<feat xlink:href="#sTok809" value="NP0"/>
		<feat xlink:href="#sTok810" value="PUL"/>
		<feat xlink:href="#sTok811" value="CRD"/>
		<feat xlink:href="#sTok812" value="PUR"/>
		<feat xlink:href="#sTok813" value="VBD"/>
		<feat xlink:href="#sTok814" value="AT0"/>
		<feat xlink:href="#sTok815" value="AJ0"/>
		<feat xlink:href="#sTok816" value="NN1"/>
		<feat xlink:href="#sTok817" value="AV0"/>
		<feat xlink:href="#sTok818" value="AV0"/>
		<feat xlink:href="#sTok819" value="TO0"/>
		<feat xlink:href="#sTok820" value="VVI"/>
		<feat xlink:href="#sTok821" value="AJ0"/>
		<feat xlink:href="#sTok822" value="AJ0"/>
		<feat xlink:href="#sTok823" value="NN1"/>
		<feat xlink:href="#sTok824" value="PRP"/>
		<feat xlink:href="#sTok825" value="NN1"/>
		<feat xlink:href="#sTok826" value="PUN"/>
		<feat xlink:href="#sTok827" value="DPS"/>
		<feat xlink:href="#sTok828" value="NN1"/>
		<feat xlink:href="#sTok829" value="VBZ"/>
		<feat xlink:href="#sTok830" value="AV0"/>
		<feat xlink:href="#sTok831" value="VVN"/>
		<feat xlink:href="#sTok832" value="AJ0"/>
		<feat xlink:href="#sTok833" value="PUN"/>
		<feat xlink:href="#sTok834" value="CJC"/>
		<feat xlink:href="#sTok835" value="VBD"/>
		<feat xlink:href="#sTok836" value="VVN"/>
		<feat xlink:href="#sTok837" value="PRP"/>
		<feat xlink:href="#sTok838" value="AJC"/>
		<feat xlink:href="#sTok839" value="NN2"/>
		<feat xlink:href="#sTok840" value="PUN"/>
		<feat xlink:href="#sTok841" value="CJS"/>
		<feat xlink:href="#sTok842" value="AJ0"/>
		<feat xlink:href="#sTok843" value="NN1"/>
		<feat xlink:href="#sTok844" value="NN2"/>
		<feat xlink:href="#sTok845" value="VHB"/>
		<feat xlink:href="#sTok846" value="VBN"/>
		<feat xlink:href="#sTok847" value="VVN"/>
		<feat xlink:href="#sTok848" value="PUN"/>
		<feat xlink:href="#sTok849" value="CJS"/>
		<feat xlink:href="#sTok850" value="NP0"/>
		<feat xlink:href="#sTok851" value="NP0"/>
		<feat xlink:href="#sTok852" value="PUL"/>
		<feat xlink:href="#sTok853" value="CRD"/>
		<feat xlink:href="#sTok854" value="PUR"/>
		<feat xlink:href="#sTok855" value="VVZ"/>
		<feat xlink:href="#sTok856" value="PUN"/>
		<feat xlink:href="#sTok857" value="DPS"/>
		<feat xlink:href="#sTok858" value="NN1"/>
		<feat xlink:href="#sTok859" value="VVZ"/>
		<feat xlink:href="#sTok860" value="NP0"/>
		<feat xlink:href="#sTok861" value="POS"/>
		<feat xlink:href="#sTok862" value="NN2"/>
		<feat xlink:href="#sTok863" value="PUN"/>
		<feat xlink:href="#sTok864" value="PRP"/>
		<feat xlink:href="#sTok865" value="NP0"/>
		<feat xlink:href="#sTok866" value="POS"/>
		<feat xlink:href="#sTok867" value="NN1"/>
		<feat xlink:href="#sTok868" value="NN2"/>
		<feat xlink:href="#sTok869" value="PUN"/></featList></paula>