<?xml version='1.0' encoding='UTF-8'?><!DOCTYPE paula SYSTEM "paula_mark.dtd">
<paula version="1.1">
	<header paula_id="GUM_academic_enjambment.tok"/>
	<markList xmlns:xlink="http://www.w3.org/1999/xlink" type="tok" xml:base="GUM_academic_enjambment.text.xml">
		<!--Distant-->
		<mark id="sTok1" xlink:href="#xpointer(string-range(//body,'',1,7))"/>
		<!--Rhythm-->
		<mark id="sTok2" xlink:href="#xpointer(string-range(//body,'',9,6))"/>
		<!--:-->
		<mark id="sTok3" xlink:href="#xpointer(string-range(//body,'',16,1))"/>
		<!--Automatic-->
		<mark id="sTok4" xlink:href="#xpointer(string-range(//body,'',18,9))"/>
		<!--Enjambment-->
		<mark id="sTok5" xlink:href="#xpointer(string-range(//body,'',28,10))"/>
		<!--Detection-->
		<mark id="sTok6" xlink:href="#xpointer(string-range(//body,'',39,9))"/>
		<!--on-->
		<mark id="sTok7" xlink:href="#xpointer(string-range(//body,'',49,2))"/>
		<!--Four-->
		<mark id="sTok8" xlink:href="#xpointer(string-range(//body,'',52,4))"/>
		<!--Centuries-->
		<mark id="sTok9" xlink:href="#xpointer(string-range(//body,'',57,9))"/>
		<!--of-->
		<mark id="sTok10" xlink:href="#xpointer(string-range(//body,'',67,2))"/>
		<!--Spanish-->
		<mark id="sTok11" xlink:href="#xpointer(string-range(//body,'',70,7))"/>
		<!--Sonnets-->
		<mark id="sTok12" xlink:href="#xpointer(string-range(//body,'',78,7))"/>
		<!--Pablo-->
		<mark id="sTok13" xlink:href="#xpointer(string-range(//body,'',86,5))"/>
		<!--Ruiz-->
		<mark id="sTok14" xlink:href="#xpointer(string-range(//body,'',92,4))"/>
		<!--Fabo-->
		<mark id="sTok15" xlink:href="#xpointer(string-range(//body,'',97,4))"/>
		<!--pabloruizfabo@gmail.com-->
		<mark id="sTok16" xlink:href="#xpointer(string-range(//body,'',102,23))"/>
		<!--Lattice-->
		<mark id="sTok17" xlink:href="#xpointer(string-range(//body,'',126,7))"/>
		<!--Lab-->
		<mark id="sTok18" xlink:href="#xpointer(string-range(//body,'',134,3))"/>
		<!--,-->
		<mark id="sTok19" xlink:href="#xpointer(string-range(//body,'',138,1))"/>
		<!--CNRS-->
		<mark id="sTok20" xlink:href="#xpointer(string-range(//body,'',140,4))"/>
		<!--,-->
		<mark id="sTok21" xlink:href="#xpointer(string-range(//body,'',145,1))"/>
		<!--France-->
		<mark id="sTok22" xlink:href="#xpointer(string-range(//body,'',147,6))"/>
		<!--Clara-->
		<mark id="sTok23" xlink:href="#xpointer(string-range(//body,'',154,5))"/>
		<!--Martínez-->
		<mark id="sTok24" xlink:href="#xpointer(string-range(//body,'',160,8))"/>
		<!--Cantón-->
		<mark id="sTok25" xlink:href="#xpointer(string-range(//body,'',169,6))"/>
		<!--cimartinez@flog.uned.es-->
		<mark id="sTok26" xlink:href="#xpointer(string-range(//body,'',176,23))"/>
		<!--Universidad-->
		<mark id="sTok27" xlink:href="#xpointer(string-range(//body,'',200,11))"/>
		<!--Nacional-->
		<mark id="sTok28" xlink:href="#xpointer(string-range(//body,'',212,8))"/>
		<!--de-->
		<mark id="sTok29" xlink:href="#xpointer(string-range(//body,'',221,2))"/>
		<!--Educación-->
		<mark id="sTok30" xlink:href="#xpointer(string-range(//body,'',224,9))"/>
		<!--a-->
		<mark id="sTok31" xlink:href="#xpointer(string-range(//body,'',234,1))"/>
		<!--Distancia-->
		<mark id="sTok32" xlink:href="#xpointer(string-range(//body,'',236,9))"/>
		<!--,-->
		<mark id="sTok33" xlink:href="#xpointer(string-range(//body,'',246,1))"/>
		<!--Spain-->
		<mark id="sTok34" xlink:href="#xpointer(string-range(//body,'',248,5))"/>
		<!--Thierry-->
		<mark id="sTok35" xlink:href="#xpointer(string-range(//body,'',254,7))"/>
		<!--Poibeau-->
		<mark id="sTok36" xlink:href="#xpointer(string-range(//body,'',262,7))"/>
		<!--thierry.poibeau@ens.fr-->
		<mark id="sTok37" xlink:href="#xpointer(string-range(//body,'',270,22))"/>
		<!--Lattice-->
		<mark id="sTok38" xlink:href="#xpointer(string-range(//body,'',293,7))"/>
		<!--Lab-->
		<mark id="sTok39" xlink:href="#xpointer(string-range(//body,'',301,3))"/>
		<!--,-->
		<mark id="sTok40" xlink:href="#xpointer(string-range(//body,'',305,1))"/>
		<!--CNRS-->
		<mark id="sTok41" xlink:href="#xpointer(string-range(//body,'',307,4))"/>
		<!--,-->
		<mark id="sTok42" xlink:href="#xpointer(string-range(//body,'',312,1))"/>
		<!--France-->
		<mark id="sTok43" xlink:href="#xpointer(string-range(//body,'',314,6))"/>
		<!--Introduction-->
		<mark id="sTok44" xlink:href="#xpointer(string-range(//body,'',321,12))"/>
		<!--Enjambment-->
		<mark id="sTok45" xlink:href="#xpointer(string-range(//body,'',334,10))"/>
		<!--takes-->
		<mark id="sTok46" xlink:href="#xpointer(string-range(//body,'',345,5))"/>
		<!--place-->
		<mark id="sTok47" xlink:href="#xpointer(string-range(//body,'',351,5))"/>
		<!--when-->
		<mark id="sTok48" xlink:href="#xpointer(string-range(//body,'',357,4))"/>
		<!--a-->
		<mark id="sTok49" xlink:href="#xpointer(string-range(//body,'',362,1))"/>
		<!--syntactic-->
		<mark id="sTok50" xlink:href="#xpointer(string-range(//body,'',364,9))"/>
		<!--unit-->
		<mark id="sTok51" xlink:href="#xpointer(string-range(//body,'',374,4))"/>
		<!--is-->
		<mark id="sTok52" xlink:href="#xpointer(string-range(//body,'',379,2))"/>
		<!--broken-->
		<mark id="sTok53" xlink:href="#xpointer(string-range(//body,'',382,6))"/>
		<!--up-->
		<mark id="sTok54" xlink:href="#xpointer(string-range(//body,'',389,2))"/>
		<!--across-->
		<mark id="sTok55" xlink:href="#xpointer(string-range(//body,'',392,6))"/>
		<!--two-->
		<mark id="sTok56" xlink:href="#xpointer(string-range(//body,'',399,3))"/>
		<!--lines-->
		<mark id="sTok57" xlink:href="#xpointer(string-range(//body,'',403,5))"/>
		<!--of-->
		<mark id="sTok58" xlink:href="#xpointer(string-range(//body,'',409,2))"/>
		<!--poetry-->
		<mark id="sTok59" xlink:href="#xpointer(string-range(//body,'',412,6))"/>
		<!--(-->
		<mark id="sTok60" xlink:href="#xpointer(string-range(//body,'',419,1))"/>
		<!--Domínguez-->
		<mark id="sTok61" xlink:href="#xpointer(string-range(//body,'',421,9))"/>
		<!--Caparrós-->
		<mark id="sTok62" xlink:href="#xpointer(string-range(//body,'',431,8))"/>
		<!--,-->
		<mark id="sTok63" xlink:href="#xpointer(string-range(//body,'',440,1))"/>
		<!--2000-->
		<mark id="sTok64" xlink:href="#xpointer(string-range(//body,'',442,4))"/>
		<!--:-->
		<mark id="sTok65" xlink:href="#xpointer(string-range(//body,'',447,1))"/>
		<!--103-->
		<mark id="sTok66" xlink:href="#xpointer(string-range(//body,'',449,3))"/>
		<!--)-->
		<mark id="sTok67" xlink:href="#xpointer(string-range(//body,'',453,1))"/>
		<!--,-->
		<mark id="sTok68" xlink:href="#xpointer(string-range(//body,'',455,1))"/>
		<!--giving-->
		<mark id="sTok69" xlink:href="#xpointer(string-range(//body,'',457,6))"/>
		<!--rise-->
		<mark id="sTok70" xlink:href="#xpointer(string-range(//body,'',464,4))"/>
		<!--to-->
		<mark id="sTok71" xlink:href="#xpointer(string-range(//body,'',469,2))"/>
		<!--different-->
		<mark id="sTok72" xlink:href="#xpointer(string-range(//body,'',472,9))"/>
		<!--stylistic-->
		<mark id="sTok73" xlink:href="#xpointer(string-range(//body,'',482,9))"/>
		<!--effects-->
		<mark id="sTok74" xlink:href="#xpointer(string-range(//body,'',492,7))"/>
		<!--(-->
		<mark id="sTok75" xlink:href="#xpointer(string-range(//body,'',500,1))"/>
		<!--e.g.-->
		<mark id="sTok76" xlink:href="#xpointer(string-range(//body,'',502,4))"/>
		<!--increased-->
		<mark id="sTok77" xlink:href="#xpointer(string-range(//body,'',507,9))"/>
		<!--emphasis-->
		<mark id="sTok78" xlink:href="#xpointer(string-range(//body,'',517,8))"/>
		<!--on-->
		<mark id="sTok79" xlink:href="#xpointer(string-range(//body,'',526,2))"/>
		<!--elements-->
		<mark id="sTok80" xlink:href="#xpointer(string-range(//body,'',529,8))"/>
		<!--of-->
		<mark id="sTok81" xlink:href="#xpointer(string-range(//body,'',538,2))"/>
		<!--the-->
		<mark id="sTok82" xlink:href="#xpointer(string-range(//body,'',541,3))"/>
		<!--broken-->
		<mark id="sTok83" xlink:href="#xpointer(string-range(//body,'',545,6))"/>
		<!--- -->
		<mark id="sTok84" xlink:href="#xpointer(string-range(//body,'',552,1))"/>
		<!--up-->
		<mark id="sTok85" xlink:href="#xpointer(string-range(//body,'',554,2))"/>
		<!--phrase-->
		<mark id="sTok86" xlink:href="#xpointer(string-range(//body,'',557,6))"/>
		<!--,-->
		<mark id="sTok87" xlink:href="#xpointer(string-range(//body,'',564,1))"/>
		<!--or-->
		<mark id="sTok88" xlink:href="#xpointer(string-range(//body,'',566,2))"/>
		<!--contrast-->
		<mark id="sTok89" xlink:href="#xpointer(string-range(//body,'',569,8))"/>
		<!--between-->
		<mark id="sTok90" xlink:href="#xpointer(string-range(//body,'',578,7))"/>
		<!--those-->
		<mark id="sTok91" xlink:href="#xpointer(string-range(//body,'',586,5))"/>
		<!--elements-->
		<mark id="sTok92" xlink:href="#xpointer(string-range(//body,'',592,8))"/>
		<!--)-->
		<mark id="sTok93" xlink:href="#xpointer(string-range(//body,'',601,1))"/>
		<!--,-->
		<mark id="sTok94" xlink:href="#xpointer(string-range(//body,'',603,1))"/>
		<!--or-->
		<mark id="sTok95" xlink:href="#xpointer(string-range(//body,'',605,2))"/>
		<!--creating-->
		<mark id="sTok96" xlink:href="#xpointer(string-range(//body,'',608,8))"/>
		<!--double-->
		<mark id="sTok97" xlink:href="#xpointer(string-range(//body,'',617,6))"/>
		<!--interpretations-->
		<mark id="sTok98" xlink:href="#xpointer(string-range(//body,'',624,15))"/>
		<!--for-->
		<mark id="sTok99" xlink:href="#xpointer(string-range(//body,'',640,3))"/>
		<!--the-->
		<mark id="sTok100" xlink:href="#xpointer(string-range(//body,'',644,3))"/>
		<!--enjambed-->
		<mark id="sTok101" xlink:href="#xpointer(string-range(//body,'',648,8))"/>
		<!--lines-->
		<mark id="sTok102" xlink:href="#xpointer(string-range(//body,'',657,5))"/>
		<!--(-->
		<mark id="sTok103" xlink:href="#xpointer(string-range(//body,'',663,1))"/>
		<!--García-->
		<mark id="sTok104" xlink:href="#xpointer(string-range(//body,'',665,6))"/>
		<!--- -->
		<mark id="sTok105" xlink:href="#xpointer(string-range(//body,'',672,1))"/>
		<!--Paje-->
		<mark id="sTok106" xlink:href="#xpointer(string-range(//body,'',674,4))"/>
		<!--,-->
		<mark id="sTok107" xlink:href="#xpointer(string-range(//body,'',679,1))"/>
		<!--1991-->
		<mark id="sTok108" xlink:href="#xpointer(string-range(//body,'',681,4))"/>
		<!--)-->
		<mark id="sTok109" xlink:href="#xpointer(string-range(//body,'',686,1))"/>
		<!--.-->
		<mark id="sTok110" xlink:href="#xpointer(string-range(//body,'',688,1))"/>
		<!--In-->
		<mark id="sTok111" xlink:href="#xpointer(string-range(//body,'',690,2))"/>
		<!--Spanish-->
		<mark id="sTok112" xlink:href="#xpointer(string-range(//body,'',693,7))"/>
		<!--poetry-->
		<mark id="sTok113" xlink:href="#xpointer(string-range(//body,'',701,6))"/>
		<!--,-->
		<mark id="sTok114" xlink:href="#xpointer(string-range(//body,'',708,1))"/>
		<!--the-->
		<mark id="sTok115" xlink:href="#xpointer(string-range(//body,'',710,3))"/>
		<!--syntactic-->
		<mark id="sTok116" xlink:href="#xpointer(string-range(//body,'',714,9))"/>
		<!--configurations-->
		<mark id="sTok117" xlink:href="#xpointer(string-range(//body,'',724,14))"/>
		<!--under-->
		<mark id="sTok118" xlink:href="#xpointer(string-range(//body,'',739,5))"/>
		<!--which-->
		<mark id="sTok119" xlink:href="#xpointer(string-range(//body,'',745,5))"/>
		<!--enjambment-->
		<mark id="sTok120" xlink:href="#xpointer(string-range(//body,'',751,10))"/>
		<!--takes-->
		<mark id="sTok121" xlink:href="#xpointer(string-range(//body,'',762,5))"/>
		<!--place-->
		<mark id="sTok122" xlink:href="#xpointer(string-range(//body,'',768,5))"/>
		<!--have-->
		<mark id="sTok123" xlink:href="#xpointer(string-range(//body,'',774,4))"/>
		<!--been-->
		<mark id="sTok124" xlink:href="#xpointer(string-range(//body,'',779,4))"/>
		<!--described-->
		<mark id="sTok125" xlink:href="#xpointer(string-range(//body,'',784,9))"/>
		<!--extensively-->
		<mark id="sTok126" xlink:href="#xpointer(string-range(//body,'',794,11))"/>
		<!--,-->
		<mark id="sTok127" xlink:href="#xpointer(string-range(//body,'',806,1))"/>
		<!--and-->
		<mark id="sTok128" xlink:href="#xpointer(string-range(//body,'',808,3))"/>
		<!--detailed-->
		<mark id="sTok129" xlink:href="#xpointer(string-range(//body,'',812,8))"/>
		<!--studies-->
		<mark id="sTok130" xlink:href="#xpointer(string-range(//body,'',821,7))"/>
		<!--on-->
		<mark id="sTok131" xlink:href="#xpointer(string-range(//body,'',829,2))"/>
		<!--the-->
		<mark id="sTok132" xlink:href="#xpointer(string-range(//body,'',832,3))"/>
		<!--use-->
		<mark id="sTok133" xlink:href="#xpointer(string-range(//body,'',836,3))"/>
		<!--of-->
		<mark id="sTok134" xlink:href="#xpointer(string-range(//body,'',840,2))"/>
		<!--enjambment-->
		<mark id="sTok135" xlink:href="#xpointer(string-range(//body,'',843,10))"/>
		<!--by-->
		<mark id="sTok136" xlink:href="#xpointer(string-range(//body,'',854,2))"/>
		<!--individual-->
		<mark id="sTok137" xlink:href="#xpointer(string-range(//body,'',857,10))"/>
		<!--authors-->
		<mark id="sTok138" xlink:href="#xpointer(string-range(//body,'',868,7))"/>
		<!--exist-->
		<mark id="sTok139" xlink:href="#xpointer(string-range(//body,'',876,5))"/>
		<!--(-->
		<mark id="sTok140" xlink:href="#xpointer(string-range(//body,'',882,1))"/>
		<!--see-->
		<mark id="sTok141" xlink:href="#xpointer(string-range(//body,'',884,3))"/>
		<!--Martínez-->
		<mark id="sTok142" xlink:href="#xpointer(string-range(//body,'',888,8))"/>
		<!--Cantón-->
		<mark id="sTok143" xlink:href="#xpointer(string-range(//body,'',897,6))"/>
		<!--,-->
		<mark id="sTok144" xlink:href="#xpointer(string-range(//body,'',904,1))"/>
		<!--2011-->
		<mark id="sTok145" xlink:href="#xpointer(string-range(//body,'',906,4))"/>
		<!--for-->
		<mark id="sTok146" xlink:href="#xpointer(string-range(//body,'',911,3))"/>
		<!--an-->
		<mark id="sTok147" xlink:href="#xpointer(string-range(//body,'',915,2))"/>
		<!--overview-->
		<mark id="sTok148" xlink:href="#xpointer(string-range(//body,'',918,8))"/>
		<!--)-->
		<mark id="sTok149" xlink:href="#xpointer(string-range(//body,'',927,1))"/>
		<!--including-->
		<mark id="sTok150" xlink:href="#xpointer(string-range(//body,'',929,9))"/>
		<!--,-->
		<mark id="sTok151" xlink:href="#xpointer(string-range(//body,'',939,1))"/>
		<!--among-->
		<mark id="sTok152" xlink:href="#xpointer(string-range(//body,'',941,5))"/>
		<!--others-->
		<mark id="sTok153" xlink:href="#xpointer(string-range(//body,'',947,6))"/>
		<!--Quilis-->
		<mark id="sTok154" xlink:href="#xpointer(string-range(//body,'',954,6))"/>
		<!--(-->
		<mark id="sTok155" xlink:href="#xpointer(string-range(//body,'',961,1))"/>
		<!--1964-->
		<mark id="sTok156" xlink:href="#xpointer(string-range(//body,'',963,4))"/>
		<!--)-->
		<mark id="sTok157" xlink:href="#xpointer(string-range(//body,'',968,1))"/>
		<!--,-->
		<mark id="sTok158" xlink:href="#xpointer(string-range(//body,'',970,1))"/>
		<!--Domínguez-->
		<mark id="sTok159" xlink:href="#xpointer(string-range(//body,'',972,9))"/>
		<!--Caparrós-->
		<mark id="sTok160" xlink:href="#xpointer(string-range(//body,'',982,8))"/>
		<!--,-->
		<mark id="sTok161" xlink:href="#xpointer(string-range(//body,'',991,1))"/>
		<!--(-->
		<mark id="sTok162" xlink:href="#xpointer(string-range(//body,'',993,1))"/>
		<!--2000-->
		<mark id="sTok163" xlink:href="#xpointer(string-range(//body,'',995,4))"/>
		<!--)-->
		<mark id="sTok164" xlink:href="#xpointer(string-range(//body,'',1000,1))"/>
		<!--,-->
		<mark id="sTok165" xlink:href="#xpointer(string-range(//body,'',1002,1))"/>
		<!--Paraíso-->
		<mark id="sTok166" xlink:href="#xpointer(string-range(//body,'',1004,7))"/>
		<!--,-->
		<mark id="sTok167" xlink:href="#xpointer(string-range(//body,'',1012,1))"/>
		<!--(-->
		<mark id="sTok168" xlink:href="#xpointer(string-range(//body,'',1014,1))"/>
		<!--2000-->
		<mark id="sTok169" xlink:href="#xpointer(string-range(//body,'',1016,4))"/>
		<!--)-->
		<mark id="sTok170" xlink:href="#xpointer(string-range(//body,'',1021,1))"/>
		<!--,-->
		<mark id="sTok171" xlink:href="#xpointer(string-range(//body,'',1023,1))"/>
		<!--Spang-->
		<mark id="sTok172" xlink:href="#xpointer(string-range(//body,'',1025,5))"/>
		<!--(-->
		<mark id="sTok173" xlink:href="#xpointer(string-range(//body,'',1031,1))"/>
		<!--1983-->
		<mark id="sTok174" xlink:href="#xpointer(string-range(//body,'',1033,4))"/>
		<!--)-->
		<mark id="sTok175" xlink:href="#xpointer(string-range(//body,'',1038,1))"/>
		<!--for-->
		<mark id="sTok176" xlink:href="#xpointer(string-range(//body,'',1040,3))"/>
		<!--a-->
		<mark id="sTok177" xlink:href="#xpointer(string-range(//body,'',1044,1))"/>
		<!--description-->
		<mark id="sTok178" xlink:href="#xpointer(string-range(//body,'',1046,11))"/>
		<!--of-->
		<mark id="sTok179" xlink:href="#xpointer(string-range(//body,'',1058,2))"/>
		<!--enjambment-->
		<mark id="sTok180" xlink:href="#xpointer(string-range(//body,'',1061,10))"/>
		<!--,-->
		<mark id="sTok181" xlink:href="#xpointer(string-range(//body,'',1072,1))"/>
		<!--and-->
		<mark id="sTok182" xlink:href="#xpointer(string-range(//body,'',1074,3))"/>
		<!--Alarcos-->
		<mark id="sTok183" xlink:href="#xpointer(string-range(//body,'',1078,7))"/>
		<!--(-->
		<mark id="sTok184" xlink:href="#xpointer(string-range(//body,'',1086,1))"/>
		<!--1966-->
		<mark id="sTok185" xlink:href="#xpointer(string-range(//body,'',1088,4))"/>
		<!--)-->
		<mark id="sTok186" xlink:href="#xpointer(string-range(//body,'',1093,1))"/>
		<!--,-->
		<mark id="sTok187" xlink:href="#xpointer(string-range(//body,'',1095,1))"/>
		<!--Senabre-->
		<mark id="sTok188" xlink:href="#xpointer(string-range(//body,'',1097,7))"/>
		<!--(-->
		<mark id="sTok189" xlink:href="#xpointer(string-range(//body,'',1105,1))"/>
		<!--1982-->
		<mark id="sTok190" xlink:href="#xpointer(string-range(//body,'',1107,4))"/>
		<!--)-->
		<mark id="sTok191" xlink:href="#xpointer(string-range(//body,'',1112,1))"/>
		<!--,-->
		<mark id="sTok192" xlink:href="#xpointer(string-range(//body,'',1114,1))"/>
		<!--Luján-->
		<mark id="sTok193" xlink:href="#xpointer(string-range(//body,'',1116,5))"/>
		<!--(-->
		<mark id="sTok194" xlink:href="#xpointer(string-range(//body,'',1122,1))"/>
		<!--2006-->
		<mark id="sTok195" xlink:href="#xpointer(string-range(//body,'',1124,4))"/>
		<!--)-->
		<mark id="sTok196" xlink:href="#xpointer(string-range(//body,'',1129,1))"/>
		<!--,-->
		<mark id="sTok197" xlink:href="#xpointer(string-range(//body,'',1131,1))"/>
		<!--Martínez-->
		<mark id="sTok198" xlink:href="#xpointer(string-range(//body,'',1133,8))"/>
		<!--Fernández-->
		<mark id="sTok199" xlink:href="#xpointer(string-range(//body,'',1142,9))"/>
		<!--(-->
		<mark id="sTok200" xlink:href="#xpointer(string-range(//body,'',1152,1))"/>
		<!--2010-->
		<mark id="sTok201" xlink:href="#xpointer(string-range(//body,'',1154,4))"/>
		<!--)-->
		<mark id="sTok202" xlink:href="#xpointer(string-range(//body,'',1159,1))"/>
		<!--for-->
		<mark id="sTok203" xlink:href="#xpointer(string-range(//body,'',1161,3))"/>
		<!--case-->
		<mark id="sTok204" xlink:href="#xpointer(string-range(//body,'',1165,4))"/>
		<!--- -->
		<mark id="sTok205" xlink:href="#xpointer(string-range(//body,'',1170,1))"/>
		<!--studies-->
		<mark id="sTok206" xlink:href="#xpointer(string-range(//body,'',1172,7))"/>
		<!--on-->
		<mark id="sTok207" xlink:href="#xpointer(string-range(//body,'',1180,2))"/>
		<!--a-->
		<mark id="sTok208" xlink:href="#xpointer(string-range(//body,'',1183,1))"/>
		<!--single-->
		<mark id="sTok209" xlink:href="#xpointer(string-range(//body,'',1185,6))"/>
		<!--author-->
		<mark id="sTok210" xlink:href="#xpointer(string-range(//body,'',1192,6))"/>
		<!--.-->
		<mark id="sTok211" xlink:href="#xpointer(string-range(//body,'',1199,1))"/>
		<!--However-->
		<mark id="sTok212" xlink:href="#xpointer(string-range(//body,'',1201,7))"/>
		<!--,-->
		<mark id="sTok213" xlink:href="#xpointer(string-range(//body,'',1209,1))"/>
		<!--a-->
		<mark id="sTok214" xlink:href="#xpointer(string-range(//body,'',1211,1))"/>
		<!--larger-->
		<mark id="sTok215" xlink:href="#xpointer(string-range(//body,'',1213,6))"/>
		<!--- -->
		<mark id="sTok216" xlink:href="#xpointer(string-range(//body,'',1220,1))"/>
		<!--scale-->
		<mark id="sTok217" xlink:href="#xpointer(string-range(//body,'',1222,5))"/>
		<!--study-->
		<mark id="sTok218" xlink:href="#xpointer(string-range(//body,'',1228,5))"/>
		<!--to-->
		<mark id="sTok219" xlink:href="#xpointer(string-range(//body,'',1234,2))"/>
		<!--identify-->
		<mark id="sTok220" xlink:href="#xpointer(string-range(//body,'',1237,8))"/>
		<!--enjambment-->
		<mark id="sTok221" xlink:href="#xpointer(string-range(//body,'',1246,10))"/>
		<!--across-->
		<mark id="sTok222" xlink:href="#xpointer(string-range(//body,'',1257,6))"/>
		<!--hundreds-->
		<mark id="sTok223" xlink:href="#xpointer(string-range(//body,'',1264,8))"/>
		<!--of-->
		<mark id="sTok224" xlink:href="#xpointer(string-range(//body,'',1273,2))"/>
		<!--authors-->
		<mark id="sTok225" xlink:href="#xpointer(string-range(//body,'',1276,7))"/>
		<!--spanning-->
		<mark id="sTok226" xlink:href="#xpointer(string-range(//body,'',1284,8))"/>
		<!--several-->
		<mark id="sTok227" xlink:href="#xpointer(string-range(//body,'',1293,7))"/>
		<!--centuries-->
		<mark id="sTok228" xlink:href="#xpointer(string-range(//body,'',1301,9))"/>
		<!--,-->
		<mark id="sTok229" xlink:href="#xpointer(string-range(//body,'',1311,1))"/>
		<!--enabling-->
		<mark id="sTok230" xlink:href="#xpointer(string-range(//body,'',1313,8))"/>
		<!--distant-->
		<mark id="sTok231" xlink:href="#xpointer(string-range(//body,'',1322,7))"/>
		<!--reading-->
		<mark id="sTok232" xlink:href="#xpointer(string-range(//body,'',1330,7))"/>
		<!--(-->
		<mark id="sTok233" xlink:href="#xpointer(string-range(//body,'',1338,1))"/>
		<!--Moretti-->
		<mark id="sTok234" xlink:href="#xpointer(string-range(//body,'',1340,7))"/>
		<!--,-->
		<mark id="sTok235" xlink:href="#xpointer(string-range(//body,'',1348,1))"/>
		<!--2013-->
		<mark id="sTok236" xlink:href="#xpointer(string-range(//body,'',1350,4))"/>
		<!--)-->
		<mark id="sTok237" xlink:href="#xpointer(string-range(//body,'',1355,1))"/>
		<!--,-->
		<mark id="sTok238" xlink:href="#xpointer(string-range(//body,'',1357,1))"/>
		<!--was-->
		<mark id="sTok239" xlink:href="#xpointer(string-range(//body,'',1359,3))"/>
		<!--not-->
		<mark id="sTok240" xlink:href="#xpointer(string-range(//body,'',1363,3))"/>
		<!--previously-->
		<mark id="sTok241" xlink:href="#xpointer(string-range(//body,'',1367,10))"/>
		<!--available-->
		<mark id="sTok242" xlink:href="#xpointer(string-range(//body,'',1378,9))"/>
		<!--.-->
		<mark id="sTok243" xlink:href="#xpointer(string-range(//body,'',1388,1))"/>
		<!--Given-->
		<mark id="sTok244" xlink:href="#xpointer(string-range(//body,'',1390,5))"/>
		<!--that-->
		<mark id="sTok245" xlink:href="#xpointer(string-range(//body,'',1396,4))"/>
		<!--need-->
		<mark id="sTok246" xlink:href="#xpointer(string-range(//body,'',1401,4))"/>
		<!--,-->
		<mark id="sTok247" xlink:href="#xpointer(string-range(//body,'',1406,1))"/>
		<!--we-->
		<mark id="sTok248" xlink:href="#xpointer(string-range(//body,'',1408,2))"/>
		<!--have-->
		<mark id="sTok249" xlink:href="#xpointer(string-range(//body,'',1411,4))"/>
		<!--developed-->
		<mark id="sTok250" xlink:href="#xpointer(string-range(//body,'',1416,9))"/>
		<!--software-->
		<mark id="sTok251" xlink:href="#xpointer(string-range(//body,'',1426,8))"/>
		<!--,-->
		<mark id="sTok252" xlink:href="#xpointer(string-range(//body,'',1435,1))"/>
		<!--based-->
		<mark id="sTok253" xlink:href="#xpointer(string-range(//body,'',1437,5))"/>
		<!--on-->
		<mark id="sTok254" xlink:href="#xpointer(string-range(//body,'',1443,2))"/>
		<!--Natural-->
		<mark id="sTok255" xlink:href="#xpointer(string-range(//body,'',1446,7))"/>
		<!--Language-->
		<mark id="sTok256" xlink:href="#xpointer(string-range(//body,'',1454,8))"/>
		<!--Processing-->
		<mark id="sTok257" xlink:href="#xpointer(string-range(//body,'',1463,10))"/>
		<!--,-->
		<mark id="sTok258" xlink:href="#xpointer(string-range(//body,'',1474,1))"/>
		<!--that-->
		<mark id="sTok259" xlink:href="#xpointer(string-range(//body,'',1476,4))"/>
		<!--automatically-->
		<mark id="sTok260" xlink:href="#xpointer(string-range(//body,'',1481,13))"/>
		<!--identifies-->
		<mark id="sTok261" xlink:href="#xpointer(string-range(//body,'',1495,10))"/>
		<!--enjambment-->
		<mark id="sTok262" xlink:href="#xpointer(string-range(//body,'',1506,10))"/>
		<!--in-->
		<mark id="sTok263" xlink:href="#xpointer(string-range(//body,'',1517,2))"/>
		<!--Spanish-->
		<mark id="sTok264" xlink:href="#xpointer(string-range(//body,'',1520,7))"/>
		<!--,-->
		<mark id="sTok265" xlink:href="#xpointer(string-range(//body,'',1528,1))"/>
		<!--and-->
		<mark id="sTok266" xlink:href="#xpointer(string-range(//body,'',1530,3))"/>
		<!--applied-->
		<mark id="sTok267" xlink:href="#xpointer(string-range(//body,'',1534,7))"/>
		<!--it-->
		<mark id="sTok268" xlink:href="#xpointer(string-range(//body,'',1542,2))"/>
		<!--to-->
		<mark id="sTok269" xlink:href="#xpointer(string-range(//body,'',1545,2))"/>
		<!--a-->
		<mark id="sTok270" xlink:href="#xpointer(string-range(//body,'',1548,1))"/>
		<!--corpus-->
		<mark id="sTok271" xlink:href="#xpointer(string-range(//body,'',1550,6))"/>
		<!--of-->
		<mark id="sTok272" xlink:href="#xpointer(string-range(//body,'',1557,2))"/>
		<!--approx.-->
		<mark id="sTok273" xlink:href="#xpointer(string-range(//body,'',1560,7))"/>
		<!--3750-->
		<mark id="sTok274" xlink:href="#xpointer(string-range(//body,'',1568,4))"/>
		<!--sonnets-->
		<mark id="sTok275" xlink:href="#xpointer(string-range(//body,'',1573,7))"/>
		<!--by-->
		<mark id="sTok276" xlink:href="#xpointer(string-range(//body,'',1581,2))"/>
		<!--ca.-->
		<mark id="sTok277" xlink:href="#xpointer(string-range(//body,'',1584,3))"/>
		<!--1000-->
		<mark id="sTok278" xlink:href="#xpointer(string-range(//body,'',1588,4))"/>
		<!--authors-->
		<mark id="sTok279" xlink:href="#xpointer(string-range(//body,'',1593,7))"/>
		<!--,-->
		<mark id="sTok280" xlink:href="#xpointer(string-range(//body,'',1601,1))"/>
		<!--from-->
		<mark id="sTok281" xlink:href="#xpointer(string-range(//body,'',1603,4))"/>
		<!--the-->
		<mark id="sTok282" xlink:href="#xpointer(string-range(//body,'',1608,3))"/>
		<!--15th-->
		<mark id="sTok283" xlink:href="#xpointer(string-range(//body,'',1612,4))"/>
		<!--to-->
		<mark id="sTok284" xlink:href="#xpointer(string-range(//body,'',1617,2))"/>
		<!--the-->
		<mark id="sTok285" xlink:href="#xpointer(string-range(//body,'',1620,3))"/>
		<!--19th-->
		<mark id="sTok286" xlink:href="#xpointer(string-range(//body,'',1624,4))"/>
		<!--century-->
		<mark id="sTok287" xlink:href="#xpointer(string-range(//body,'',1629,7))"/>
		<!--.-->
		<mark id="sTok288" xlink:href="#xpointer(string-range(//body,'',1637,1))"/>
		<!--What-->
		<mark id="sTok289" xlink:href="#xpointer(string-range(//body,'',1639,4))"/>
		<!--is-->
		<mark id="sTok290" xlink:href="#xpointer(string-range(//body,'',1644,2))"/>
		<!--the-->
		<mark id="sTok291" xlink:href="#xpointer(string-range(//body,'',1647,3))"/>
		<!--interest-->
		<mark id="sTok292" xlink:href="#xpointer(string-range(//body,'',1651,8))"/>
		<!--of-->
		<mark id="sTok293" xlink:href="#xpointer(string-range(//body,'',1660,2))"/>
		<!--such-->
		<mark id="sTok294" xlink:href="#xpointer(string-range(//body,'',1663,4))"/>
		<!--large-->
		<mark id="sTok295" xlink:href="#xpointer(string-range(//body,'',1668,5))"/>
		<!--- -->
		<mark id="sTok296" xlink:href="#xpointer(string-range(//body,'',1674,1))"/>
		<!--scale-->
		<mark id="sTok297" xlink:href="#xpointer(string-range(//body,'',1676,5))"/>
		<!--automatic-->
		<mark id="sTok298" xlink:href="#xpointer(string-range(//body,'',1682,9))"/>
		<!--analyses-->
		<mark id="sTok299" xlink:href="#xpointer(string-range(//body,'',1692,8))"/>
		<!--of-->
		<mark id="sTok300" xlink:href="#xpointer(string-range(//body,'',1701,2))"/>
		<!--enjambment-->
		<mark id="sTok301" xlink:href="#xpointer(string-range(//body,'',1704,10))"/>
		<!--?-->
		<mark id="sTok302" xlink:href="#xpointer(string-range(//body,'',1715,1))"/>
		<!--First-->
		<mark id="sTok303" xlink:href="#xpointer(string-range(//body,'',1717,5))"/>
		<!--,-->
		<mark id="sTok304" xlink:href="#xpointer(string-range(//body,'',1723,1))"/>
		<!--the-->
		<mark id="sTok305" xlink:href="#xpointer(string-range(//body,'',1725,3))"/>
		<!--literature-->
		<mark id="sTok306" xlink:href="#xpointer(string-range(//body,'',1729,10))"/>
		<!--shows-->
		<mark id="sTok307" xlink:href="#xpointer(string-range(//body,'',1740,5))"/>
		<!--a-->
		<mark id="sTok308" xlink:href="#xpointer(string-range(//body,'',1746,1))"/>
		<!--debate-->
		<mark id="sTok309" xlink:href="#xpointer(string-range(//body,'',1748,6))"/>
		<!--about-->
		<mark id="sTok310" xlink:href="#xpointer(string-range(//body,'',1755,5))"/>
		<!--which-->
		<mark id="sTok311" xlink:href="#xpointer(string-range(//body,'',1761,5))"/>
		<!--specific-->
		<mark id="sTok312" xlink:href="#xpointer(string-range(//body,'',1767,8))"/>
		<!--syntactic-->
		<mark id="sTok313" xlink:href="#xpointer(string-range(//body,'',1776,9))"/>
		<!--units-->
		<mark id="sTok314" xlink:href="#xpointer(string-range(//body,'',1786,5))"/>
		<!--can-->
		<mark id="sTok315" xlink:href="#xpointer(string-range(//body,'',1792,3))"/>
		<!--be-->
		<mark id="sTok316" xlink:href="#xpointer(string-range(//body,'',1796,2))"/>
		<!--considered-->
		<mark id="sTok317" xlink:href="#xpointer(string-range(//body,'',1799,10))"/>
		<!--to-->
		<mark id="sTok318" xlink:href="#xpointer(string-range(//body,'',1810,2))"/>
		<!--trigger-->
		<mark id="sTok319" xlink:href="#xpointer(string-range(//body,'',1813,7))"/>
		<!--enjambment-->
		<mark id="sTok320" xlink:href="#xpointer(string-range(//body,'',1821,10))"/>
		<!--,-->
		<mark id="sTok321" xlink:href="#xpointer(string-range(//body,'',1832,1))"/>
		<!--if-->
		<mark id="sTok322" xlink:href="#xpointer(string-range(//body,'',1834,2))"/>
		<!--split-->
		<mark id="sTok323" xlink:href="#xpointer(string-range(//body,'',1837,5))"/>
		<!--across-->
		<mark id="sTok324" xlink:href="#xpointer(string-range(//body,'',1843,6))"/>
		<!--two-->
		<mark id="sTok325" xlink:href="#xpointer(string-range(//body,'',1850,3))"/>
		<!--lines-->
		<mark id="sTok326" xlink:href="#xpointer(string-range(//body,'',1854,5))"/>
		<!--,-->
		<mark id="sTok327" xlink:href="#xpointer(string-range(//body,'',1860,1))"/>
		<!--and-->
		<mark id="sTok328" xlink:href="#xpointer(string-range(//body,'',1862,3))"/>
		<!--whether-->
		<mark id="sTok329" xlink:href="#xpointer(string-range(//body,'',1866,7))"/>
		<!--lexical-->
		<mark id="sTok330" xlink:href="#xpointer(string-range(//body,'',1874,7))"/>
		<!--and-->
		<mark id="sTok331" xlink:href="#xpointer(string-range(//body,'',1882,3))"/>
		<!--syntactic-->
		<mark id="sTok332" xlink:href="#xpointer(string-range(//body,'',1886,9))"/>
		<!--criteria-->
		<mark id="sTok333" xlink:href="#xpointer(string-range(//body,'',1896,8))"/>
		<!--are-->
		<mark id="sTok334" xlink:href="#xpointer(string-range(//body,'',1905,3))"/>
		<!--sufficient-->
		<mark id="sTok335" xlink:href="#xpointer(string-range(//body,'',1909,10))"/>
		<!--to-->
		<mark id="sTok336" xlink:href="#xpointer(string-range(//body,'',1920,2))"/>
		<!--identify-->
		<mark id="sTok337" xlink:href="#xpointer(string-range(//body,'',1923,8))"/>
		<!--enjambment-->
		<mark id="sTok338" xlink:href="#xpointer(string-range(//body,'',1932,10))"/>
		<!--.-->
		<mark id="sTok339" xlink:href="#xpointer(string-range(//body,'',1943,1))"/>
		<!--Second-->
		<mark id="sTok340" xlink:href="#xpointer(string-range(//body,'',1945,6))"/>
		<!--,-->
		<mark id="sTok341" xlink:href="#xpointer(string-range(//body,'',1952,1))"/>
		<!--the-->
		<mark id="sTok342" xlink:href="#xpointer(string-range(//body,'',1954,3))"/>
		<!--stylistic-->
		<mark id="sTok343" xlink:href="#xpointer(string-range(//body,'',1958,9))"/>
		<!--effects-->
		<mark id="sTok344" xlink:href="#xpointer(string-range(//body,'',1968,7))"/>
		<!--that-->
		<mark id="sTok345" xlink:href="#xpointer(string-range(//body,'',1976,4))"/>
		<!--enjambment-->
		<mark id="sTok346" xlink:href="#xpointer(string-range(//body,'',1981,10))"/>
		<!--permits-->
		<mark id="sTok347" xlink:href="#xpointer(string-range(//body,'',1992,7))"/>
		<!--are-->
		<mark id="sTok348" xlink:href="#xpointer(string-range(//body,'',2000,3))"/>
		<!--also-->
		<mark id="sTok349" xlink:href="#xpointer(string-range(//body,'',2004,4))"/>
		<!--an-->
		<mark id="sTok350" xlink:href="#xpointer(string-range(//body,'',2009,2))"/>
		<!--object-->
		<mark id="sTok351" xlink:href="#xpointer(string-range(//body,'',2012,6))"/>
		<!--of-->
		<mark id="sTok352" xlink:href="#xpointer(string-range(//body,'',2019,2))"/>
		<!--current-->
		<mark id="sTok353" xlink:href="#xpointer(string-range(//body,'',2022,7))"/>
		<!--research-->
		<mark id="sTok354" xlink:href="#xpointer(string-range(//body,'',2030,8))"/>
		<!--(-->
		<mark id="sTok355" xlink:href="#xpointer(string-range(//body,'',2039,1))"/>
		<!--Martínez-->
		<mark id="sTok356" xlink:href="#xpointer(string-range(//body,'',2041,8))"/>
		<!--Fernández-->
		<mark id="sTok357" xlink:href="#xpointer(string-range(//body,'',2050,9))"/>
		<!--,-->
		<mark id="sTok358" xlink:href="#xpointer(string-range(//body,'',2060,1))"/>
		<!--2010-->
		<mark id="sTok359" xlink:href="#xpointer(string-range(//body,'',2062,4))"/>
		<!--)-->
		<mark id="sTok360" xlink:href="#xpointer(string-range(//body,'',2067,1))"/>
		<!--.-->
		<mark id="sTok361" xlink:href="#xpointer(string-range(//body,'',2069,1))"/>
		<!--Systematically-->
		<mark id="sTok362" xlink:href="#xpointer(string-range(//body,'',2071,14))"/>
		<!--collecting-->
		<mark id="sTok363" xlink:href="#xpointer(string-range(//body,'',2086,10))"/>
		<!--large-->
		<mark id="sTok364" xlink:href="#xpointer(string-range(//body,'',2097,5))"/>
		<!--amounts-->
		<mark id="sTok365" xlink:href="#xpointer(string-range(//body,'',2103,7))"/>
		<!--of-->
		<mark id="sTok366" xlink:href="#xpointer(string-range(//body,'',2111,2))"/>
		<!--enjambment-->
		<mark id="sTok367" xlink:href="#xpointer(string-range(//body,'',2114,10))"/>
		<!--examples-->
		<mark id="sTok368" xlink:href="#xpointer(string-range(//body,'',2125,8))"/>
		<!--provides-->
		<mark id="sTok369" xlink:href="#xpointer(string-range(//body,'',2134,8))"/>
		<!--helpful-->
		<mark id="sTok370" xlink:href="#xpointer(string-range(//body,'',2143,7))"/>
		<!--evidence-->
		<mark id="sTok371" xlink:href="#xpointer(string-range(//body,'',2151,8))"/>
		<!--to-->
		<mark id="sTok372" xlink:href="#xpointer(string-range(//body,'',2160,2))"/>
		<!--assess-->
		<mark id="sTok373" xlink:href="#xpointer(string-range(//body,'',2163,6))"/>
		<!--scholars-->
		<mark id="sTok374" xlink:href="#xpointer(string-range(//body,'',2170,8))"/>
		<!--’-->
		<mark id="sTok375" xlink:href="#xpointer(string-range(//body,'',2179,1))"/>
		<!--current-->
		<mark id="sTok376" xlink:href="#xpointer(string-range(//body,'',2181,7))"/>
		<!--claims-->
		<mark id="sTok377" xlink:href="#xpointer(string-range(//body,'',2189,6))"/>
		<!--,-->
		<mark id="sTok378" xlink:href="#xpointer(string-range(//body,'',2196,1))"/>
		<!--and-->
		<mark id="sTok379" xlink:href="#xpointer(string-range(//body,'',2198,3))"/>
		<!--may-->
		<mark id="sTok380" xlink:href="#xpointer(string-range(//body,'',2202,3))"/>
		<!--stimulate-->
		<mark id="sTok381" xlink:href="#xpointer(string-range(//body,'',2206,9))"/>
		<!--novel-->
		<mark id="sTok382" xlink:href="#xpointer(string-range(//body,'',2216,5))"/>
		<!--analyses-->
		<mark id="sTok383" xlink:href="#xpointer(string-range(//body,'',2222,8))"/>
		<!--.-->
		<mark id="sTok384" xlink:href="#xpointer(string-range(//body,'',2231,1))"/>
		<!--Finally-->
		<mark id="sTok385" xlink:href="#xpointer(string-range(//body,'',2233,7))"/>
		<!--,-->
		<mark id="sTok386" xlink:href="#xpointer(string-range(//body,'',2241,1))"/>
		<!--our-->
		<mark id="sTok387" xlink:href="#xpointer(string-range(//body,'',2243,3))"/>
		<!--study-->
		<mark id="sTok388" xlink:href="#xpointer(string-range(//body,'',2247,5))"/>
		<!--complements-->
		<mark id="sTok389" xlink:href="#xpointer(string-range(//body,'',2253,11))"/>
		<!--Navarro-->
		<mark id="sTok390" xlink:href="#xpointer(string-range(//body,'',2265,7))"/>
		<!--’s-->
		<mark id="sTok391" xlink:href="#xpointer(string-range(//body,'',2273,2))"/>
		<!--(-->
		<mark id="sTok392" xlink:href="#xpointer(string-range(//body,'',2276,1))"/>
		<!--2016-->
		<mark id="sTok393" xlink:href="#xpointer(string-range(//body,'',2278,4))"/>
		<!--)-->
		<mark id="sTok394" xlink:href="#xpointer(string-range(//body,'',2283,1))"/>
		<!--automatic-->
		<mark id="sTok395" xlink:href="#xpointer(string-range(//body,'',2285,9))"/>
		<!--metrical-->
		<mark id="sTok396" xlink:href="#xpointer(string-range(//body,'',2295,8))"/>
		<!--analyses-->
		<mark id="sTok397" xlink:href="#xpointer(string-range(//body,'',2304,8))"/>
		<!--of-->
		<mark id="sTok398" xlink:href="#xpointer(string-range(//body,'',2313,2))"/>
		<!--Spanish-->
		<mark id="sTok399" xlink:href="#xpointer(string-range(//body,'',2316,7))"/>
		<!--Golden-->
		<mark id="sTok400" xlink:href="#xpointer(string-range(//body,'',2324,6))"/>
		<!--Age-->
		<mark id="sTok401" xlink:href="#xpointer(string-range(//body,'',2331,3))"/>
		<!--sonnets-->
		<mark id="sTok402" xlink:href="#xpointer(string-range(//body,'',2335,7))"/>
		<!--,-->
		<mark id="sTok403" xlink:href="#xpointer(string-range(//body,'',2343,1))"/>
		<!--by-->
		<mark id="sTok404" xlink:href="#xpointer(string-range(//body,'',2345,2))"/>
		<!--covering-->
		<mark id="sTok405" xlink:href="#xpointer(string-range(//body,'',2348,8))"/>
		<!--a-->
		<mark id="sTok406" xlink:href="#xpointer(string-range(//body,'',2357,1))"/>
		<!--wider-->
		<mark id="sTok407" xlink:href="#xpointer(string-range(//body,'',2359,5))"/>
		<!--period-->
		<mark id="sTok408" xlink:href="#xpointer(string-range(//body,'',2365,6))"/>
		<!--and-->
		<mark id="sTok409" xlink:href="#xpointer(string-range(//body,'',2372,3))"/>
		<!--focusing-->
		<mark id="sTok410" xlink:href="#xpointer(string-range(//body,'',2376,8))"/>
		<!--on-->
		<mark id="sTok411" xlink:href="#xpointer(string-range(//body,'',2385,2))"/>
		<!--enjambment-->
		<mark id="sTok412" xlink:href="#xpointer(string-range(//body,'',2388,10))"/>
		<!--.-->
		<mark id="sTok413" xlink:href="#xpointer(string-range(//body,'',2399,1))"/>
		<!--The-->
		<mark id="sTok414" xlink:href="#xpointer(string-range(//body,'',2401,3))"/>
		<!--abstract-->
		<mark id="sTok415" xlink:href="#xpointer(string-range(//body,'',2405,8))"/>
		<!--is-->
		<mark id="sTok416" xlink:href="#xpointer(string-range(//body,'',2414,2))"/>
		<!--structured-->
		<mark id="sTok417" xlink:href="#xpointer(string-range(//body,'',2417,10))"/>
		<!--thus-->
		<mark id="sTok418" xlink:href="#xpointer(string-range(//body,'',2428,4))"/>
		<!--:-->
		<mark id="sTok419" xlink:href="#xpointer(string-range(//body,'',2433,1))"/>
		<!--First-->
		<mark id="sTok420" xlink:href="#xpointer(string-range(//body,'',2435,5))"/>
		<!--we-->
		<mark id="sTok421" xlink:href="#xpointer(string-range(//body,'',2441,2))"/>
		<!--provide-->
		<mark id="sTok422" xlink:href="#xpointer(string-range(//body,'',2444,7))"/>
		<!--the-->
		<mark id="sTok423" xlink:href="#xpointer(string-range(//body,'',2452,3))"/>
		<!--definition-->
		<mark id="sTok424" xlink:href="#xpointer(string-range(//body,'',2456,10))"/>
		<!--of-->
		<mark id="sTok425" xlink:href="#xpointer(string-range(//body,'',2467,2))"/>
		<!--enjambment-->
		<mark id="sTok426" xlink:href="#xpointer(string-range(//body,'',2470,10))"/>
		<!--adopted-->
		<mark id="sTok427" xlink:href="#xpointer(string-range(//body,'',2481,7))"/>
		<!--.-->
		<mark id="sTok428" xlink:href="#xpointer(string-range(//body,'',2489,1))"/>
		<!--Then-->
		<mark id="sTok429" xlink:href="#xpointer(string-range(//body,'',2491,4))"/>
		<!--,-->
		<mark id="sTok430" xlink:href="#xpointer(string-range(//body,'',2496,1))"/>
		<!--our-->
		<mark id="sTok431" xlink:href="#xpointer(string-range(//body,'',2498,3))"/>
		<!--corpus-->
		<mark id="sTok432" xlink:href="#xpointer(string-range(//body,'',2502,6))"/>
		<!--and-->
		<mark id="sTok433" xlink:href="#xpointer(string-range(//body,'',2509,3))"/>
		<!--system-->
		<mark id="sTok434" xlink:href="#xpointer(string-range(//body,'',2513,6))"/>
		<!--are-->
		<mark id="sTok435" xlink:href="#xpointer(string-range(//body,'',2520,3))"/>
		<!--described-->
		<mark id="sTok436" xlink:href="#xpointer(string-range(//body,'',2524,9))"/>
		<!--,-->
		<mark id="sTok437" xlink:href="#xpointer(string-range(//body,'',2534,1))"/>
		<!--followed-->
		<mark id="sTok438" xlink:href="#xpointer(string-range(//body,'',2536,8))"/>
		<!--by-->
		<mark id="sTok439" xlink:href="#xpointer(string-range(//body,'',2545,2))"/>
		<!--an-->
		<mark id="sTok440" xlink:href="#xpointer(string-range(//body,'',2548,2))"/>
		<!--evaluation-->
		<mark id="sTok441" xlink:href="#xpointer(string-range(//body,'',2551,10))"/>
		<!--of-->
		<mark id="sTok442" xlink:href="#xpointer(string-range(//body,'',2562,2))"/>
		<!--the-->
		<mark id="sTok443" xlink:href="#xpointer(string-range(//body,'',2565,3))"/>
		<!--system-->
		<mark id="sTok444" xlink:href="#xpointer(string-range(//body,'',2569,6))"/>
		<!--.-->
		<mark id="sTok445" xlink:href="#xpointer(string-range(//body,'',2576,1))"/>
		<!--Finally-->
		<mark id="sTok446" xlink:href="#xpointer(string-range(//body,'',2578,7))"/>
		<!--,-->
		<mark id="sTok447" xlink:href="#xpointer(string-range(//body,'',2586,1))"/>
		<!--findings-->
		<mark id="sTok448" xlink:href="#xpointer(string-range(//body,'',2588,8))"/>
		<!--on-->
		<mark id="sTok449" xlink:href="#xpointer(string-range(//body,'',2597,2))"/>
		<!--enjambment-->
		<mark id="sTok450" xlink:href="#xpointer(string-range(//body,'',2600,10))"/>
		<!--in-->
		<mark id="sTok451" xlink:href="#xpointer(string-range(//body,'',2611,2))"/>
		<!--our-->
		<mark id="sTok452" xlink:href="#xpointer(string-range(//body,'',2614,3))"/>
		<!--diachronic-->
		<mark id="sTok453" xlink:href="#xpointer(string-range(//body,'',2618,10))"/>
		<!--sonnet-->
		<mark id="sTok454" xlink:href="#xpointer(string-range(//body,'',2629,6))"/>
		<!--corpus-->
		<mark id="sTok455" xlink:href="#xpointer(string-range(//body,'',2636,6))"/>
		<!--are-->
		<mark id="sTok456" xlink:href="#xpointer(string-range(//body,'',2643,3))"/>
		<!--discussed-->
		<mark id="sTok457" xlink:href="#xpointer(string-range(//body,'',2647,9))"/>
		<!--.-->
		<mark id="sTok458" xlink:href="#xpointer(string-range(//body,'',2657,1))"/>
		<!--The-->
		<mark id="sTok459" xlink:href="#xpointer(string-range(//body,'',2659,3))"/>
		<!--project-->
		<mark id="sTok460" xlink:href="#xpointer(string-range(//body,'',2663,7))"/>
		<!--’s-->
		<mark id="sTok461" xlink:href="#xpointer(string-range(//body,'',2671,2))"/>
		<!--website-->
		<mark id="sTok462" xlink:href="#xpointer(string-range(//body,'',2674,7))"/>
		<!--provides-->
		<mark id="sTok463" xlink:href="#xpointer(string-range(//body,'',2682,8))"/>
		<!--details-->
		<mark id="sTok464" xlink:href="#xpointer(string-range(//body,'',2691,7))"/>
		<!--omitted-->
		<mark id="sTok465" xlink:href="#xpointer(string-range(//body,'',2699,7))"/>
		<!--here-->
		<mark id="sTok466" xlink:href="#xpointer(string-range(//body,'',2707,4))"/>
		<!--for-->
		<mark id="sTok467" xlink:href="#xpointer(string-range(//body,'',2712,3))"/>
		<!--space-->
		<mark id="sTok468" xlink:href="#xpointer(string-range(//body,'',2716,5))"/>
		<!--reasons-->
		<mark id="sTok469" xlink:href="#xpointer(string-range(//body,'',2722,7))"/>
		<!--,-->
		<mark id="sTok470" xlink:href="#xpointer(string-range(//body,'',2730,1))"/>
		<!--including-->
		<mark id="sTok471" xlink:href="#xpointer(string-range(//body,'',2732,9))"/>
		<!--samples-->
		<mark id="sTok472" xlink:href="#xpointer(string-range(//body,'',2742,7))"/>
		<!--for-->
		<mark id="sTok473" xlink:href="#xpointer(string-range(//body,'',2750,3))"/>
		<!--the-->
		<mark id="sTok474" xlink:href="#xpointer(string-range(//body,'',2754,3))"/>
		<!--corpus-->
		<mark id="sTok475" xlink:href="#xpointer(string-range(//body,'',2758,6))"/>
		<!--,-->
		<mark id="sTok476" xlink:href="#xpointer(string-range(//body,'',2765,1))"/>
		<!--results-->
		<mark id="sTok477" xlink:href="#xpointer(string-range(//body,'',2767,7))"/>
		<!--,-->
		<mark id="sTok478" xlink:href="#xpointer(string-range(//body,'',2775,1))"/>
		<!--and-->
		<mark id="sTok479" xlink:href="#xpointer(string-range(//body,'',2777,3))"/>
		<!--other-->
		<mark id="sTok480" xlink:href="#xpointer(string-range(//body,'',2781,5))"/>
		<!--details-->
		<mark id="sTok481" xlink:href="#xpointer(string-range(//body,'',2787,7))"/>
		<!--.-->
		<mark id="sTok482" xlink:href="#xpointer(string-range(//body,'',2795,1))"/>
		<!--Enjambment-->
		<mark id="sTok483" xlink:href="#xpointer(string-range(//body,'',2797,10))"/>
		<!--in-->
		<mark id="sTok484" xlink:href="#xpointer(string-range(//body,'',2808,2))"/>
		<!--Spanish-->
		<mark id="sTok485" xlink:href="#xpointer(string-range(//body,'',2811,7))"/>
		<!--Syntactic-->
		<mark id="sTok486" xlink:href="#xpointer(string-range(//body,'',2819,9))"/>
		<!--and-->
		<mark id="sTok487" xlink:href="#xpointer(string-range(//body,'',2829,3))"/>
		<!--metrical-->
		<mark id="sTok488" xlink:href="#xpointer(string-range(//body,'',2833,8))"/>
		<!--units-->
		<mark id="sTok489" xlink:href="#xpointer(string-range(//body,'',2842,5))"/>
		<!--often-->
		<mark id="sTok490" xlink:href="#xpointer(string-range(//body,'',2848,5))"/>
		<!--match-->
		<mark id="sTok491" xlink:href="#xpointer(string-range(//body,'',2854,5))"/>
		<!--in-->
		<mark id="sTok492" xlink:href="#xpointer(string-range(//body,'',2860,2))"/>
		<!--poetry-->
		<mark id="sTok493" xlink:href="#xpointer(string-range(//body,'',2863,6))"/>
		<!--.-->
		<mark id="sTok494" xlink:href="#xpointer(string-range(//body,'',2870,1))"/>
		<!--However-->
		<mark id="sTok495" xlink:href="#xpointer(string-range(//body,'',2872,7))"/>
		<!--,-->
		<mark id="sTok496" xlink:href="#xpointer(string-range(//body,'',2880,1))"/>
		<!--this-->
		<mark id="sTok497" xlink:href="#xpointer(string-range(//body,'',2882,4))"/>
		<!--trend-->
		<mark id="sTok498" xlink:href="#xpointer(string-range(//body,'',2887,5))"/>
		<!--has-->
		<mark id="sTok499" xlink:href="#xpointer(string-range(//body,'',2893,3))"/>
		<!--been-->
		<mark id="sTok500" xlink:href="#xpointer(string-range(//body,'',2897,4))"/>
		<!--broken-->
		<mark id="sTok501" xlink:href="#xpointer(string-range(//body,'',2902,6))"/>
		<!--since-->
		<mark id="sTok502" xlink:href="#xpointer(string-range(//body,'',2909,5))"/>
		<!--antiquity-->
		<mark id="sTok503" xlink:href="#xpointer(string-range(//body,'',2915,9))"/>
		<!--for-->
		<mark id="sTok504" xlink:href="#xpointer(string-range(//body,'',2925,3))"/>
		<!--various-->
		<mark id="sTok505" xlink:href="#xpointer(string-range(//body,'',2929,7))"/>
		<!--reasons-->
		<mark id="sTok506" xlink:href="#xpointer(string-range(//body,'',2937,7))"/>
		<!--(-->
		<mark id="sTok507" xlink:href="#xpointer(string-range(//body,'',2945,1))"/>
		<!--Parry-->
		<mark id="sTok508" xlink:href="#xpointer(string-range(//body,'',2947,5))"/>
		<!--(-->
		<mark id="sTok509" xlink:href="#xpointer(string-range(//body,'',2953,1))"/>
		<!--1929-->
		<mark id="sTok510" xlink:href="#xpointer(string-range(//body,'',2955,4))"/>
		<!--)-->
		<mark id="sTok511" xlink:href="#xpointer(string-range(//body,'',2960,1))"/>
		<!--on-->
		<mark id="sTok512" xlink:href="#xpointer(string-range(//body,'',2962,2))"/>
		<!--Homer-->
		<mark id="sTok513" xlink:href="#xpointer(string-range(//body,'',2965,5))"/>
		<!--,-->
		<mark id="sTok514" xlink:href="#xpointer(string-range(//body,'',2971,1))"/>
		<!--or-->
		<mark id="sTok515" xlink:href="#xpointer(string-range(//body,'',2973,2))"/>
		<!--Flores-->
		<mark id="sTok516" xlink:href="#xpointer(string-range(//body,'',2976,6))"/>
		<!--Gómez-->
		<mark id="sTok517" xlink:href="#xpointer(string-range(//body,'',2983,5))"/>
		<!--(-->
		<mark id="sTok518" xlink:href="#xpointer(string-range(//body,'',2989,1))"/>
		<!--1988-->
		<mark id="sTok519" xlink:href="#xpointer(string-range(//body,'',2991,4))"/>
		<!--)-->
		<mark id="sTok520" xlink:href="#xpointer(string-range(//body,'',2996,1))"/>
		<!--on-->
		<mark id="sTok521" xlink:href="#xpointer(string-range(//body,'',2998,2))"/>
		<!--early-->
		<mark id="sTok522" xlink:href="#xpointer(string-range(//body,'',3001,5))"/>
		<!--classical-->
		<mark id="sTok523" xlink:href="#xpointer(string-range(//body,'',3007,9))"/>
		<!--poetry-->
		<mark id="sTok524" xlink:href="#xpointer(string-range(//body,'',3017,6))"/>
		<!--)-->
		<mark id="sTok525" xlink:href="#xpointer(string-range(//body,'',3024,1))"/>
		<!--.-->
		<mark id="sTok526" xlink:href="#xpointer(string-range(//body,'',3026,1))"/>
		<!--In-->
		<mark id="sTok527" xlink:href="#xpointer(string-range(//body,'',3028,2))"/>
		<!--Spanish-->
		<mark id="sTok528" xlink:href="#xpointer(string-range(//body,'',3031,7))"/>
		<!--tradition-->
		<mark id="sTok529" xlink:href="#xpointer(string-range(//body,'',3039,9))"/>
		<!--,-->
		<mark id="sTok530" xlink:href="#xpointer(string-range(//body,'',3049,1))"/>
		<!--enjambment-->
		<mark id="sTok531" xlink:href="#xpointer(string-range(//body,'',3051,10))"/>
		<!--(-->
		<mark id="sTok532" xlink:href="#xpointer(string-range(//body,'',3062,1))"/>
		<!--in-->
		<mark id="sTok533" xlink:href="#xpointer(string-range(//body,'',3064,2))"/>
		<!--Spanish-->
		<mark id="sTok534" xlink:href="#xpointer(string-range(//body,'',3067,7))"/>
		<!--,-->
		<mark id="sTok535" xlink:href="#xpointer(string-range(//body,'',3075,1))"/>
		<!--"-->
		<mark id="sTok536" xlink:href="#xpointer(string-range(//body,'',3077,1))"/>
		<!--encabalgamiento-->
		<mark id="sTok537" xlink:href="#xpointer(string-range(//body,'',3079,15))"/>
		<!--"-->
		<mark id="sTok538" xlink:href="#xpointer(string-range(//body,'',3095,1))"/>
		<!--)-->
		<mark id="sTok539" xlink:href="#xpointer(string-range(//body,'',3097,1))"/>
		<!--is-->
		<mark id="sTok540" xlink:href="#xpointer(string-range(//body,'',3099,2))"/>
		<!--considered-->
		<mark id="sTok541" xlink:href="#xpointer(string-range(//body,'',3102,10))"/>
		<!--to-->
		<mark id="sTok542" xlink:href="#xpointer(string-range(//body,'',3113,2))"/>
		<!--take-->
		<mark id="sTok543" xlink:href="#xpointer(string-range(//body,'',3116,4))"/>
		<!--place-->
		<mark id="sTok544" xlink:href="#xpointer(string-range(//body,'',3121,5))"/>
		<!--when-->
		<mark id="sTok545" xlink:href="#xpointer(string-range(//body,'',3127,4))"/>
		<!--a-->
		<mark id="sTok546" xlink:href="#xpointer(string-range(//body,'',3132,1))"/>
		<!--pause-->
		<mark id="sTok547" xlink:href="#xpointer(string-range(//body,'',3134,5))"/>
		<!--suggested-->
		<mark id="sTok548" xlink:href="#xpointer(string-range(//body,'',3140,9))"/>
		<!--by-->
		<mark id="sTok549" xlink:href="#xpointer(string-range(//body,'',3150,2))"/>
		<!--poetic-->
		<mark id="sTok550" xlink:href="#xpointer(string-range(//body,'',3153,6))"/>
		<!--form-->
		<mark id="sTok551" xlink:href="#xpointer(string-range(//body,'',3160,4))"/>
		<!--(-->
		<mark id="sTok552" xlink:href="#xpointer(string-range(//body,'',3165,1))"/>
		<!--e.g.-->
		<mark id="sTok553" xlink:href="#xpointer(string-range(//body,'',3167,4))"/>
		<!--at-->
		<mark id="sTok554" xlink:href="#xpointer(string-range(//body,'',3172,2))"/>
		<!--the-->
		<mark id="sTok555" xlink:href="#xpointer(string-range(//body,'',3175,3))"/>
		<!--end-->
		<mark id="sTok556" xlink:href="#xpointer(string-range(//body,'',3179,3))"/>
		<!--of-->
		<mark id="sTok557" xlink:href="#xpointer(string-range(//body,'',3183,2))"/>
		<!--a-->
		<mark id="sTok558" xlink:href="#xpointer(string-range(//body,'',3186,1))"/>
		<!--line-->
		<mark id="sTok559" xlink:href="#xpointer(string-range(//body,'',3188,4))"/>
		<!--or-->
		<mark id="sTok560" xlink:href="#xpointer(string-range(//body,'',3193,2))"/>
		<!--across-->
		<mark id="sTok561" xlink:href="#xpointer(string-range(//body,'',3196,6))"/>
		<!--hemistichs-->
		<mark id="sTok562" xlink:href="#xpointer(string-range(//body,'',3203,10))"/>
		<!--)-->
		<mark id="sTok563" xlink:href="#xpointer(string-range(//body,'',3214,1))"/>
		<!--occurs-->
		<mark id="sTok564" xlink:href="#xpointer(string-range(//body,'',3216,6))"/>
		<!--between-->
		<mark id="sTok565" xlink:href="#xpointer(string-range(//body,'',3223,7))"/>
		<!--strongly-->
		<mark id="sTok566" xlink:href="#xpointer(string-range(//body,'',3231,8))"/>
		<!--connected-->
		<mark id="sTok567" xlink:href="#xpointer(string-range(//body,'',3240,9))"/>
		<!--lexical-->
		<mark id="sTok568" xlink:href="#xpointer(string-range(//body,'',3250,7))"/>
		<!--or-->
		<mark id="sTok569" xlink:href="#xpointer(string-range(//body,'',3258,2))"/>
		<!--syntactic-->
		<mark id="sTok570" xlink:href="#xpointer(string-range(//body,'',3261,9))"/>
		<!--units-->
		<mark id="sTok571" xlink:href="#xpointer(string-range(//body,'',3271,5))"/>
		<!--,-->
		<mark id="sTok572" xlink:href="#xpointer(string-range(//body,'',3277,1))"/>
		<!--triggering-->
		<mark id="sTok573" xlink:href="#xpointer(string-range(//body,'',3279,10))"/>
		<!--an-->
		<mark id="sTok574" xlink:href="#xpointer(string-range(//body,'',3290,2))"/>
		<!--unnatural-->
		<mark id="sTok575" xlink:href="#xpointer(string-range(//body,'',3293,9))"/>
		<!--cut-->
		<mark id="sTok576" xlink:href="#xpointer(string-range(//body,'',3303,3))"/>
		<!--between-->
		<mark id="sTok577" xlink:href="#xpointer(string-range(//body,'',3307,7))"/>
		<!--those-->
		<mark id="sTok578" xlink:href="#xpointer(string-range(//body,'',3315,5))"/>
		<!--units-->
		<mark id="sTok579" xlink:href="#xpointer(string-range(//body,'',3321,5))"/>
		<!--.-->
		<mark id="sTok580" xlink:href="#xpointer(string-range(//body,'',3327,1))"/>
		<!--Quilis-->
		<mark id="sTok581" xlink:href="#xpointer(string-range(//body,'',3329,6))"/>
		<!--(-->
		<mark id="sTok582" xlink:href="#xpointer(string-range(//body,'',3336,1))"/>
		<!--1964-->
		<mark id="sTok583" xlink:href="#xpointer(string-range(//body,'',3338,4))"/>
		<!--)-->
		<mark id="sTok584" xlink:href="#xpointer(string-range(//body,'',3343,1))"/>
		<!--performed-->
		<mark id="sTok585" xlink:href="#xpointer(string-range(//body,'',3345,9))"/>
		<!--poetry-->
		<mark id="sTok586" xlink:href="#xpointer(string-range(//body,'',3355,6))"/>
		<!--reading-->
		<mark id="sTok587" xlink:href="#xpointer(string-range(//body,'',3362,7))"/>
		<!--experiments-->
		<mark id="sTok588" xlink:href="#xpointer(string-range(//body,'',3370,11))"/>
		<!--,-->
		<mark id="sTok589" xlink:href="#xpointer(string-range(//body,'',3382,1))"/>
		<!--proposing-->
		<mark id="sTok590" xlink:href="#xpointer(string-range(//body,'',3384,9))"/>
		<!--that-->
		<mark id="sTok591" xlink:href="#xpointer(string-range(//body,'',3394,4))"/>
		<!--the-->
		<mark id="sTok592" xlink:href="#xpointer(string-range(//body,'',3399,3))"/>
		<!--following-->
		<mark id="sTok593" xlink:href="#xpointer(string-range(//body,'',3403,9))"/>
		<!--strongly-->
		<mark id="sTok594" xlink:href="#xpointer(string-range(//body,'',3413,8))"/>
		<!--connected-->
		<mark id="sTok595" xlink:href="#xpointer(string-range(//body,'',3422,9))"/>
		<!--elements-->
		<mark id="sTok596" xlink:href="#xpointer(string-range(//body,'',3432,8))"/>
		<!--give-->
		<mark id="sTok597" xlink:href="#xpointer(string-range(//body,'',3441,4))"/>
		<!--rise-->
		<mark id="sTok598" xlink:href="#xpointer(string-range(//body,'',3446,4))"/>
		<!--to-->
		<mark id="sTok599" xlink:href="#xpointer(string-range(//body,'',3451,2))"/>
		<!--enjambment-->
		<mark id="sTok600" xlink:href="#xpointer(string-range(//body,'',3454,10))"/>
		<!--,-->
		<mark id="sTok601" xlink:href="#xpointer(string-range(//body,'',3465,1))"/>
		<!--should-->
		<mark id="sTok602" xlink:href="#xpointer(string-range(//body,'',3467,6))"/>
		<!--a-->
		<mark id="sTok603" xlink:href="#xpointer(string-range(//body,'',3474,1))"/>
		<!--poetic-->
		<mark id="sTok604" xlink:href="#xpointer(string-range(//body,'',3476,6))"/>
		<!--- -->
		<mark id="sTok605" xlink:href="#xpointer(string-range(//body,'',3483,1))"/>
		<!--form-->
		<mark id="sTok606" xlink:href="#xpointer(string-range(//body,'',3485,4))"/>
		<!--pause-->
		<mark id="sTok607" xlink:href="#xpointer(string-range(//body,'',3490,5))"/>
		<!--break-->
		<mark id="sTok608" xlink:href="#xpointer(string-range(//body,'',3496,5))"/>
		<!--them-->
		<mark id="sTok609" xlink:href="#xpointer(string-range(//body,'',3502,4))"/>
		<!--up-->
		<mark id="sTok610" xlink:href="#xpointer(string-range(//body,'',3507,2))"/>
		<!--:-->
		<mark id="sTok611" xlink:href="#xpointer(string-range(//body,'',3510,1))"/>
		<!--Lexical-->
		<mark id="sTok612" xlink:href="#xpointer(string-range(//body,'',3512,7))"/>
		<!--enjambment-->
		<mark id="sTok613" xlink:href="#xpointer(string-range(//body,'',3520,10))"/>
		<!--:-->
		<mark id="sTok614" xlink:href="#xpointer(string-range(//body,'',3531,1))"/>
		<!--Breaking-->
		<mark id="sTok615" xlink:href="#xpointer(string-range(//body,'',3533,8))"/>
		<!--up-->
		<mark id="sTok616" xlink:href="#xpointer(string-range(//body,'',3542,2))"/>
		<!--a-->
		<mark id="sTok617" xlink:href="#xpointer(string-range(//body,'',3545,1))"/>
		<!--word-->
		<mark id="sTok618" xlink:href="#xpointer(string-range(//body,'',3547,4))"/>
		<!--.-->
		<mark id="sTok619" xlink:href="#xpointer(string-range(//body,'',3552,1))"/>
		<!--We-->
		<mark id="sTok620" xlink:href="#xpointer(string-range(//body,'',3554,2))"/>
		<!--translated-->
		<mark id="sTok621" xlink:href="#xpointer(string-range(//body,'',3557,10))"/>
		<!--"-->
		<mark id="sTok622" xlink:href="#xpointer(string-range(//body,'',3568,1))"/>
		<!--lexical-->
		<mark id="sTok623" xlink:href="#xpointer(string-range(//body,'',3570,7))"/>
		<!--enjambment-->
		<mark id="sTok624" xlink:href="#xpointer(string-range(//body,'',3578,10))"/>
		<!--"-->
		<mark id="sTok625" xlink:href="#xpointer(string-range(//body,'',3589,1))"/>
		<!--from-->
		<mark id="sTok626" xlink:href="#xpointer(string-range(//body,'',3591,4))"/>
		<!--Quilis-->
		<mark id="sTok627" xlink:href="#xpointer(string-range(//body,'',3596,6))"/>
		<!--’s-->
		<mark id="sTok628" xlink:href="#xpointer(string-range(//body,'',3603,2))"/>
		<!--terms-->
		<mark id="sTok629" xlink:href="#xpointer(string-range(//body,'',3606,5))"/>
		<!--"-->
		<mark id="sTok630" xlink:href="#xpointer(string-range(//body,'',3612,1))"/>
		<!--encabalgamiento-->
		<mark id="sTok631" xlink:href="#xpointer(string-range(//body,'',3614,15))"/>
		<!--léxico-->
		<mark id="sTok632" xlink:href="#xpointer(string-range(//body,'',3630,6))"/>
		<!--"-->
		<mark id="sTok633" xlink:href="#xpointer(string-range(//body,'',3637,1))"/>
		<!--or-->
		<mark id="sTok634" xlink:href="#xpointer(string-range(//body,'',3639,2))"/>
		<!--"-->
		<mark id="sTok635" xlink:href="#xpointer(string-range(//body,'',3642,1))"/>
		<!--tmesis-->
		<mark id="sTok636" xlink:href="#xpointer(string-range(//body,'',3644,6))"/>
		<!--"-->
		<mark id="sTok637" xlink:href="#xpointer(string-range(//body,'',3651,1))"/>
		<!--.-->
		<mark id="sTok638" xlink:href="#xpointer(string-range(//body,'',3653,1))"/>
		<!--Phrase-->
		<mark id="sTok639" xlink:href="#xpointer(string-range(//body,'',3655,6))"/>
		<!--- -->
		<mark id="sTok640" xlink:href="#xpointer(string-range(//body,'',3662,1))"/>
		<!--bounded-->
		<mark id="sTok641" xlink:href="#xpointer(string-range(//body,'',3664,7))"/>
		<!--enjambment-->
		<mark id="sTok642" xlink:href="#xpointer(string-range(//body,'',3672,10))"/>
		<!--:-->
		<mark id="sTok643" xlink:href="#xpointer(string-range(//body,'',3683,1))"/>
		<!--Within-->
		<mark id="sTok644" xlink:href="#xpointer(string-range(//body,'',3685,6))"/>
		<!--a-->
		<mark id="sTok645" xlink:href="#xpointer(string-range(//body,'',3692,1))"/>
		<!--phrase-->
		<mark id="sTok646" xlink:href="#xpointer(string-range(//body,'',3694,6))"/>
		<!--,-->
		<mark id="sTok647" xlink:href="#xpointer(string-range(//body,'',3701,1))"/>
		<!--breaking-->
		<mark id="sTok648" xlink:href="#xpointer(string-range(//body,'',3703,8))"/>
		<!--up-->
		<mark id="sTok649" xlink:href="#xpointer(string-range(//body,'',3712,2))"/>
		<!--sequences-->
		<mark id="sTok650" xlink:href="#xpointer(string-range(//body,'',3715,9))"/>
		<!--like-->
		<mark id="sTok651" xlink:href="#xpointer(string-range(//body,'',3725,4))"/>
		<!--"-->
		<mark id="sTok652" xlink:href="#xpointer(string-range(//body,'',3730,1))"/>
		<!--noun-->
		<mark id="sTok653" xlink:href="#xpointer(string-range(//body,'',3732,4))"/>
		<!--+-->
		<mark id="sTok654" xlink:href="#xpointer(string-range(//body,'',3737,1))"/>
		<!--adjective-->
		<mark id="sTok655" xlink:href="#xpointer(string-range(//body,'',3739,9))"/>
		<!--"-->
		<mark id="sTok656" xlink:href="#xpointer(string-range(//body,'',3749,1))"/>
		<!--,-->
		<mark id="sTok657" xlink:href="#xpointer(string-range(//body,'',3751,1))"/>
		<!--"-->
		<mark id="sTok658" xlink:href="#xpointer(string-range(//body,'',3753,1))"/>
		<!--verb-->
		<mark id="sTok659" xlink:href="#xpointer(string-range(//body,'',3755,4))"/>
		<!--+-->
		<mark id="sTok660" xlink:href="#xpointer(string-range(//body,'',3760,1))"/>
		<!--adverb-->
		<mark id="sTok661" xlink:href="#xpointer(string-range(//body,'',3762,6))"/>
		<!--"-->
		<mark id="sTok662" xlink:href="#xpointer(string-range(//body,'',3769,1))"/>
		<!--,-->
		<mark id="sTok663" xlink:href="#xpointer(string-range(//body,'',3771,1))"/>
		<!--"-->
		<mark id="sTok664" xlink:href="#xpointer(string-range(//body,'',3773,1))"/>
		<!--auxiliary-->
		<mark id="sTok665" xlink:href="#xpointer(string-range(//body,'',3775,9))"/>
		<!--verb-->
		<mark id="sTok666" xlink:href="#xpointer(string-range(//body,'',3785,4))"/>
		<!--+-->
		<mark id="sTok667" xlink:href="#xpointer(string-range(//body,'',3790,1))"/>
		<!--main-->
		<mark id="sTok668" xlink:href="#xpointer(string-range(//body,'',3792,4))"/>
		<!--verb-->
		<mark id="sTok669" xlink:href="#xpointer(string-range(//body,'',3797,4))"/>
		<!--"-->
		<mark id="sTok670" xlink:href="#xpointer(string-range(//body,'',3802,1))"/>
		<!--,-->
		<mark id="sTok671" xlink:href="#xpointer(string-range(//body,'',3804,1))"/>
		<!--among-->
		<mark id="sTok672" xlink:href="#xpointer(string-range(//body,'',3806,5))"/>
		<!--others-->
		<mark id="sTok673" xlink:href="#xpointer(string-range(//body,'',3812,6))"/>
		<!--.-->
		<mark id="sTok674" xlink:href="#xpointer(string-range(//body,'',3819,1))"/>
		<!--We-->
		<mark id="sTok675" xlink:href="#xpointer(string-range(//body,'',3821,2))"/>
		<!--translated-->
		<mark id="sTok676" xlink:href="#xpointer(string-range(//body,'',3824,10))"/>
		<!--"-->
		<mark id="sTok677" xlink:href="#xpointer(string-range(//body,'',3835,1))"/>
		<!--phrase-->
		<mark id="sTok678" xlink:href="#xpointer(string-range(//body,'',3837,6))"/>
		<!--- -->
		<mark id="sTok679" xlink:href="#xpointer(string-range(//body,'',3844,1))"/>
		<!--bounded-->
		<mark id="sTok680" xlink:href="#xpointer(string-range(//body,'',3846,7))"/>
		<!--enjambment-->
		<mark id="sTok681" xlink:href="#xpointer(string-range(//body,'',3854,10))"/>
		<!--"-->
		<mark id="sTok682" xlink:href="#xpointer(string-range(//body,'',3865,1))"/>
		<!--from-->
		<mark id="sTok683" xlink:href="#xpointer(string-range(//body,'',3867,4))"/>
		<!--"-->
		<mark id="sTok684" xlink:href="#xpointer(string-range(//body,'',3872,1))"/>
		<!--encabalgamiento-->
		<mark id="sTok685" xlink:href="#xpointer(string-range(//body,'',3874,15))"/>
		<!--sirremático-->
		<mark id="sTok686" xlink:href="#xpointer(string-range(//body,'',3890,11))"/>
		<!--"-->
		<mark id="sTok687" xlink:href="#xpointer(string-range(//body,'',3902,1))"/>
		<!--.-->
		<mark id="sTok688" xlink:href="#xpointer(string-range(//body,'',3904,1))"/>
		<!--Cross-clause-->
		<mark id="sTok689" xlink:href="#xpointer(string-range(//body,'',3906,12))"/>
		<!--enjambment-->
		<mark id="sTok690" xlink:href="#xpointer(string-range(//body,'',3919,10))"/>
		<!--:-->
		<mark id="sTok691" xlink:href="#xpointer(string-range(//body,'',3930,1))"/>
		<!--Between-->
		<mark id="sTok692" xlink:href="#xpointer(string-range(//body,'',3932,7))"/>
		<!--a-->
		<mark id="sTok693" xlink:href="#xpointer(string-range(//body,'',3940,1))"/>
		<!--noun-->
		<mark id="sTok694" xlink:href="#xpointer(string-range(//body,'',3942,4))"/>
		<!--antecedent-->
		<mark id="sTok695" xlink:href="#xpointer(string-range(//body,'',3947,10))"/>
		<!--and-->
		<mark id="sTok696" xlink:href="#xpointer(string-range(//body,'',3958,3))"/>
		<!--the-->
		<mark id="sTok697" xlink:href="#xpointer(string-range(//body,'',3962,3))"/>
		<!--pronoun-->
		<mark id="sTok698" xlink:href="#xpointer(string-range(//body,'',3966,7))"/>
		<!--heading-->
		<mark id="sTok699" xlink:href="#xpointer(string-range(//body,'',3974,7))"/>
		<!--the-->
		<mark id="sTok700" xlink:href="#xpointer(string-range(//body,'',3982,3))"/>
		<!--relative-->
		<mark id="sTok701" xlink:href="#xpointer(string-range(//body,'',3986,8))"/>
		<!--clause-->
		<mark id="sTok702" xlink:href="#xpointer(string-range(//body,'',3995,6))"/>
		<!--that-->
		<mark id="sTok703" xlink:href="#xpointer(string-range(//body,'',4002,4))"/>
		<!--complements-->
		<mark id="sTok704" xlink:href="#xpointer(string-range(//body,'',4007,11))"/>
		<!--the-->
		<mark id="sTok705" xlink:href="#xpointer(string-range(//body,'',4019,3))"/>
		<!--antecedent-->
		<mark id="sTok706" xlink:href="#xpointer(string-range(//body,'',4023,10))"/>
		<!--.-->
		<mark id="sTok707" xlink:href="#xpointer(string-range(//body,'',4034,1))"/>
		<!--We-->
		<mark id="sTok708" xlink:href="#xpointer(string-range(//body,'',4036,2))"/>
		<!--translated-->
		<mark id="sTok709" xlink:href="#xpointer(string-range(//body,'',4039,10))"/>
		<!--"-->
		<mark id="sTok710" xlink:href="#xpointer(string-range(//body,'',4050,1))"/>
		<!--cross-clause-->
		<mark id="sTok711" xlink:href="#xpointer(string-range(//body,'',4052,12))"/>
		<!--enjambment-->
		<mark id="sTok712" xlink:href="#xpointer(string-range(//body,'',4065,10))"/>
		<!--"-->
		<mark id="sTok713" xlink:href="#xpointer(string-range(//body,'',4076,1))"/>
		<!--from-->
		<mark id="sTok714" xlink:href="#xpointer(string-range(//body,'',4078,4))"/>
		<!--Quilis-->
		<mark id="sTok715" xlink:href="#xpointer(string-range(//body,'',4083,6))"/>
		<!--’s-->
		<mark id="sTok716" xlink:href="#xpointer(string-range(//body,'',4090,2))"/>
		<!--"-->
		<mark id="sTok717" xlink:href="#xpointer(string-range(//body,'',4093,1))"/>
		<!--encabalgamiento-->
		<mark id="sTok718" xlink:href="#xpointer(string-range(//body,'',4095,15))"/>
		<!--oracional-->
		<mark id="sTok719" xlink:href="#xpointer(string-range(//body,'',4111,9))"/>
		<!--"-->
		<mark id="sTok720" xlink:href="#xpointer(string-range(//body,'',4121,1))"/>
		<!--.-->
		<mark id="sTok721" xlink:href="#xpointer(string-range(//body,'',4123,1))"/>
		<!--The-->
		<mark id="sTok722" xlink:href="#xpointer(string-range(//body,'',4125,3))"/>
		<!--project-->
		<mark id="sTok723" xlink:href="#xpointer(string-range(//body,'',4129,7))"/>
		<!--site-->
		<mark id="sTok724" xlink:href="#xpointer(string-range(//body,'',4137,4))"/>
		<!--includes-->
		<mark id="sTok725" xlink:href="#xpointer(string-range(//body,'',4142,8))"/>
		<!--Quilis-->
		<mark id="sTok726" xlink:href="#xpointer(string-range(//body,'',4151,6))"/>
		<!--’s-->
		<mark id="sTok727" xlink:href="#xpointer(string-range(//body,'',4158,2))"/>
		<!--complete-->
		<mark id="sTok728" xlink:href="#xpointer(string-range(//body,'',4161,8))"/>
		<!--list-->
		<mark id="sTok729" xlink:href="#xpointer(string-range(//body,'',4170,4))"/>
		<!--of-->
		<mark id="sTok730" xlink:href="#xpointer(string-range(//body,'',4175,2))"/>
		<!--syntactic-->
		<mark id="sTok731" xlink:href="#xpointer(string-range(//body,'',4178,9))"/>
		<!--environments-->
		<mark id="sTok732" xlink:href="#xpointer(string-range(//body,'',4188,12))"/>
		<!--that-->
		<mark id="sTok733" xlink:href="#xpointer(string-range(//body,'',4201,4))"/>
		<!--can-->
		<mark id="sTok734" xlink:href="#xpointer(string-range(//body,'',4206,3))"/>
		<!--trigger-->
		<mark id="sTok735" xlink:href="#xpointer(string-range(//body,'',4210,7))"/>
		<!--enjambment-->
		<mark id="sTok736" xlink:href="#xpointer(string-range(//body,'',4218,10))"/>
		<!--,-->
		<mark id="sTok737" xlink:href="#xpointer(string-range(//body,'',4229,1))"/>
		<!--as-->
		<mark id="sTok738" xlink:href="#xpointer(string-range(//body,'',4231,2))"/>
		<!--well-->
		<mark id="sTok739" xlink:href="#xpointer(string-range(//body,'',4234,4))"/>
		<!--as-->
		<mark id="sTok740" xlink:href="#xpointer(string-range(//body,'',4239,2))"/>
		<!--the-->
		<mark id="sTok741" xlink:href="#xpointer(string-range(//body,'',4242,3))"/>
		<!--types-->
		<mark id="sTok742" xlink:href="#xpointer(string-range(//body,'',4246,5))"/>
		<!--identified-->
		<mark id="sTok743" xlink:href="#xpointer(string-range(//body,'',4252,10))"/>
		<!--by-->
		<mark id="sTok744" xlink:href="#xpointer(string-range(//body,'',4263,2))"/>
		<!--our-->
		<mark id="sTok745" xlink:href="#xpointer(string-range(//body,'',4266,3))"/>
		<!--system-->
		<mark id="sTok746" xlink:href="#xpointer(string-range(//body,'',4270,6))"/>
		<!--.-->
		<mark id="sTok747" xlink:href="#xpointer(string-range(//body,'',4277,1))"/>
		<!--Besides-->
		<mark id="sTok748" xlink:href="#xpointer(string-range(//body,'',4279,7))"/>
		<!--the-->
		<mark id="sTok749" xlink:href="#xpointer(string-range(//body,'',4287,3))"/>
		<!--enjambment-->
		<mark id="sTok750" xlink:href="#xpointer(string-range(//body,'',4291,10))"/>
		<!--types-->
		<mark id="sTok751" xlink:href="#xpointer(string-range(//body,'',4302,5))"/>
		<!--above-->
		<mark id="sTok752" xlink:href="#xpointer(string-range(//body,'',4308,5))"/>
		<!--,-->
		<mark id="sTok753" xlink:href="#xpointer(string-range(//body,'',4314,1))"/>
		<!--Spang-->
		<mark id="sTok754" xlink:href="#xpointer(string-range(//body,'',4316,5))"/>
		<!--(-->
		<mark id="sTok755" xlink:href="#xpointer(string-range(//body,'',4322,1))"/>
		<!--1983-->
		<mark id="sTok756" xlink:href="#xpointer(string-range(//body,'',4324,4))"/>
		<!--)-->
		<mark id="sTok757" xlink:href="#xpointer(string-range(//body,'',4329,1))"/>
		<!--noted-->
		<mark id="sTok758" xlink:href="#xpointer(string-range(//body,'',4331,5))"/>
		<!--that-->
		<mark id="sTok759" xlink:href="#xpointer(string-range(//body,'',4337,4))"/>
		<!--if-->
		<mark id="sTok760" xlink:href="#xpointer(string-range(//body,'',4342,2))"/>
		<!--a-->
		<mark id="sTok761" xlink:href="#xpointer(string-range(//body,'',4345,1))"/>
		<!--subject-->
		<mark id="sTok762" xlink:href="#xpointer(string-range(//body,'',4347,7))"/>
		<!--or-->
		<mark id="sTok763" xlink:href="#xpointer(string-range(//body,'',4355,2))"/>
		<!--direct-->
		<mark id="sTok764" xlink:href="#xpointer(string-range(//body,'',4358,6))"/>
		<!--object-->
		<mark id="sTok765" xlink:href="#xpointer(string-range(//body,'',4365,6))"/>
		<!--and-->
		<mark id="sTok766" xlink:href="#xpointer(string-range(//body,'',4372,3))"/>
		<!--their-->
		<mark id="sTok767" xlink:href="#xpointer(string-range(//body,'',4376,5))"/>
		<!--related-->
		<mark id="sTok768" xlink:href="#xpointer(string-range(//body,'',4382,7))"/>
		<!--verbs-->
		<mark id="sTok769" xlink:href="#xpointer(string-range(//body,'',4390,5))"/>
		<!--occur-->
		<mark id="sTok770" xlink:href="#xpointer(string-range(//body,'',4396,5))"/>
		<!--in-->
		<mark id="sTok771" xlink:href="#xpointer(string-range(//body,'',4402,2))"/>
		<!--two-->
		<mark id="sTok772" xlink:href="#xpointer(string-range(//body,'',4405,3))"/>
		<!--different-->
		<mark id="sTok773" xlink:href="#xpointer(string-range(//body,'',4409,9))"/>
		<!--lines-->
		<mark id="sTok774" xlink:href="#xpointer(string-range(//body,'',4419,5))"/>
		<!--of-->
		<mark id="sTok775" xlink:href="#xpointer(string-range(//body,'',4425,2))"/>
		<!--poetry-->
		<mark id="sTok776" xlink:href="#xpointer(string-range(//body,'',4428,6))"/>
		<!--,-->
		<mark id="sTok777" xlink:href="#xpointer(string-range(//body,'',4435,1))"/>
		<!--this-->
		<mark id="sTok778" xlink:href="#xpointer(string-range(//body,'',4437,4))"/>
		<!--can-->
		<mark id="sTok779" xlink:href="#xpointer(string-range(//body,'',4442,3))"/>
		<!--also-->
		<mark id="sTok780" xlink:href="#xpointer(string-range(//body,'',4446,4))"/>
		<!--feel-->
		<mark id="sTok781" xlink:href="#xpointer(string-range(//body,'',4451,4))"/>
		<!--unusual-->
		<mark id="sTok782" xlink:href="#xpointer(string-range(//body,'',4456,7))"/>
		<!--for-->
		<mark id="sTok783" xlink:href="#xpointer(string-range(//body,'',4464,3))"/>
		<!--a-->
		<mark id="sTok784" xlink:href="#xpointer(string-range(//body,'',4468,1))"/>
		<!--reader-->
		<mark id="sTok785" xlink:href="#xpointer(string-range(//body,'',4470,6))"/>
		<!--,-->
		<mark id="sTok786" xlink:href="#xpointer(string-range(//body,'',4477,1))"/>
		<!--even-->
		<mark id="sTok787" xlink:href="#xpointer(string-range(//body,'',4479,4))"/>
		<!--if-->
		<mark id="sTok788" xlink:href="#xpointer(string-range(//body,'',4484,2))"/>
		<!--the-->
		<mark id="sTok789" xlink:href="#xpointer(string-range(//body,'',4487,3))"/>
		<!--effect-->
		<mark id="sTok790" xlink:href="#xpointer(string-range(//body,'',4491,6))"/>
		<!--is-->
		<mark id="sTok791" xlink:href="#xpointer(string-range(//body,'',4498,2))"/>
		<!--less-->
		<mark id="sTok792" xlink:href="#xpointer(string-range(//body,'',4501,4))"/>
		<!--pronounced-->
		<mark id="sTok793" xlink:href="#xpointer(string-range(//body,'',4506,10))"/>
		<!--than-->
		<mark id="sTok794" xlink:href="#xpointer(string-range(//body,'',4517,4))"/>
		<!--in-->
		<mark id="sTok795" xlink:href="#xpointer(string-range(//body,'',4522,2))"/>
		<!--the-->
		<mark id="sTok796" xlink:href="#xpointer(string-range(//body,'',4525,3))"/>
		<!--environments-->
		<mark id="sTok797" xlink:href="#xpointer(string-range(//body,'',4529,12))"/>
		<!--identified-->
		<mark id="sTok798" xlink:href="#xpointer(string-range(//body,'',4542,10))"/>
		<!--by-->
		<mark id="sTok799" xlink:href="#xpointer(string-range(//body,'',4553,2))"/>
		<!--Quilis-->
		<mark id="sTok800" xlink:href="#xpointer(string-range(//body,'',4556,6))"/>
		<!--.-->
		<mark id="sTok801" xlink:href="#xpointer(string-range(//body,'',4563,1))"/>
		<!--To-->
		<mark id="sTok802" xlink:href="#xpointer(string-range(//body,'',4565,2))"/>
		<!--differentiate-->
		<mark id="sTok803" xlink:href="#xpointer(string-range(//body,'',4568,13))"/>
		<!--these-->
		<mark id="sTok804" xlink:href="#xpointer(string-range(//body,'',4582,5))"/>
		<!--cases-->
		<mark id="sTok805" xlink:href="#xpointer(string-range(//body,'',4588,5))"/>
		<!--from-->
		<mark id="sTok806" xlink:href="#xpointer(string-range(//body,'',4594,4))"/>
		<!--enjambment-->
		<mark id="sTok807" xlink:href="#xpointer(string-range(//body,'',4599,10))"/>
		<!--proper-->
		<mark id="sTok808" xlink:href="#xpointer(string-range(//body,'',4610,6))"/>
		<!--,-->
		<mark id="sTok809" xlink:href="#xpointer(string-range(//body,'',4617,1))"/>
		<!--Spang-->
		<mark id="sTok810" xlink:href="#xpointer(string-range(//body,'',4619,5))"/>
		<!--calls-->
		<mark id="sTok811" xlink:href="#xpointer(string-range(//body,'',4625,5))"/>
		<!--these-->
		<mark id="sTok812" xlink:href="#xpointer(string-range(//body,'',4631,5))"/>
		<!--cases-->
		<mark id="sTok813" xlink:href="#xpointer(string-range(//body,'',4637,5))"/>
		<!--"-->
		<mark id="sTok814" xlink:href="#xpointer(string-range(//body,'',4643,1))"/>
		<!--enlace-->
		<mark id="sTok815" xlink:href="#xpointer(string-range(//body,'',4645,6))"/>
		<!--"-->
		<mark id="sTok816" xlink:href="#xpointer(string-range(//body,'',4652,1))"/>
		<!--,-->
		<mark id="sTok817" xlink:href="#xpointer(string-range(//body,'',4654,1))"/>
		<!--translated-->
		<mark id="sTok818" xlink:href="#xpointer(string-range(//body,'',4656,10))"/>
		<!--here-->
		<mark id="sTok819" xlink:href="#xpointer(string-range(//body,'',4667,4))"/>
		<!--as-->
		<mark id="sTok820" xlink:href="#xpointer(string-range(//body,'',4672,2))"/>
		<!--"-->
		<mark id="sTok821" xlink:href="#xpointer(string-range(//body,'',4675,1))"/>
		<!--expansion-->
		<mark id="sTok822" xlink:href="#xpointer(string-range(//body,'',4677,9))"/>
		<!--"-->
		<mark id="sTok823" xlink:href="#xpointer(string-range(//body,'',4687,1))"/>
		<!--.-->
		<mark id="sTok824" xlink:href="#xpointer(string-range(//body,'',4689,1))"/>
		<!--Quilis-->
		<mark id="sTok825" xlink:href="#xpointer(string-range(//body,'',4691,6))"/>
		<!--(-->
		<mark id="sTok826" xlink:href="#xpointer(string-range(//body,'',4698,1))"/>
		<!--1964-->
		<mark id="sTok827" xlink:href="#xpointer(string-range(//body,'',4700,4))"/>
		<!--)-->
		<mark id="sTok828" xlink:href="#xpointer(string-range(//body,'',4705,1))"/>
		<!--was-->
		<mark id="sTok829" xlink:href="#xpointer(string-range(//body,'',4707,3))"/>
		<!--the-->
		<mark id="sTok830" xlink:href="#xpointer(string-range(//body,'',4711,3))"/>
		<!--only-->
		<mark id="sTok831" xlink:href="#xpointer(string-range(//body,'',4715,4))"/>
		<!--author-->
		<mark id="sTok832" xlink:href="#xpointer(string-range(//body,'',4720,6))"/>
		<!--so-->
		<mark id="sTok833" xlink:href="#xpointer(string-range(//body,'',4727,2))"/>
		<!--far-->
		<mark id="sTok834" xlink:href="#xpointer(string-range(//body,'',4730,3))"/>
		<!--to-->
		<mark id="sTok835" xlink:href="#xpointer(string-range(//body,'',4734,2))"/>
		<!--gather-->
		<mark id="sTok836" xlink:href="#xpointer(string-range(//body,'',4737,6))"/>
		<!--recitation-->
		<mark id="sTok837" xlink:href="#xpointer(string-range(//body,'',4744,10))"/>
		<!--- -->
		<mark id="sTok838" xlink:href="#xpointer(string-range(//body,'',4755,1))"/>
		<!--based-->
		<mark id="sTok839" xlink:href="#xpointer(string-range(//body,'',4757,5))"/>
		<!--experimental-->
		<mark id="sTok840" xlink:href="#xpointer(string-range(//body,'',4763,12))"/>
		<!--evidence-->
		<mark id="sTok841" xlink:href="#xpointer(string-range(//body,'',4776,8))"/>
		<!--on-->
		<mark id="sTok842" xlink:href="#xpointer(string-range(//body,'',4785,2))"/>
		<!--enjambment-->
		<mark id="sTok843" xlink:href="#xpointer(string-range(//body,'',4788,10))"/>
		<!--.-->
		<mark id="sTok844" xlink:href="#xpointer(string-range(//body,'',4799,1))"/>
		<!--His-->
		<mark id="sTok845" xlink:href="#xpointer(string-range(//body,'',4801,3))"/>
		<!--typology-->
		<mark id="sTok846" xlink:href="#xpointer(string-range(//body,'',4805,8))"/>
		<!--is-->
		<mark id="sTok847" xlink:href="#xpointer(string-range(//body,'',4814,2))"/>
		<!--still-->
		<mark id="sTok848" xlink:href="#xpointer(string-range(//body,'',4817,5))"/>
		<!--considered-->
		<mark id="sTok849" xlink:href="#xpointer(string-range(//body,'',4823,10))"/>
		<!--current-->
		<mark id="sTok850" xlink:href="#xpointer(string-range(//body,'',4834,7))"/>
		<!--,-->
		<mark id="sTok851" xlink:href="#xpointer(string-range(//body,'',4842,1))"/>
		<!--and-->
		<mark id="sTok852" xlink:href="#xpointer(string-range(//body,'',4844,3))"/>
		<!--was-->
		<mark id="sTok853" xlink:href="#xpointer(string-range(//body,'',4848,3))"/>
		<!--adopted-->
		<mark id="sTok854" xlink:href="#xpointer(string-range(//body,'',4852,7))"/>
		<!--by-->
		<mark id="sTok855" xlink:href="#xpointer(string-range(//body,'',4860,2))"/>
		<!--later-->
		<mark id="sTok856" xlink:href="#xpointer(string-range(//body,'',4863,5))"/>
		<!--authors-->
		<mark id="sTok857" xlink:href="#xpointer(string-range(//body,'',4869,7))"/>
		<!--,-->
		<mark id="sTok858" xlink:href="#xpointer(string-range(//body,'',4877,1))"/>
		<!--although-->
		<mark id="sTok859" xlink:href="#xpointer(string-range(//body,'',4879,8))"/>
		<!--complementary-->
		<mark id="sTok860" xlink:href="#xpointer(string-range(//body,'',4888,13))"/>
		<!--enjambment-->
		<mark id="sTok861" xlink:href="#xpointer(string-range(//body,'',4902,10))"/>
		<!--typologies-->
		<mark id="sTok862" xlink:href="#xpointer(string-range(//body,'',4913,10))"/>
		<!--have-->
		<mark id="sTok863" xlink:href="#xpointer(string-range(//body,'',4924,4))"/>
		<!--been-->
		<mark id="sTok864" xlink:href="#xpointer(string-range(//body,'',4929,4))"/>
		<!--proposed-->
		<mark id="sTok865" xlink:href="#xpointer(string-range(//body,'',4934,8))"/>
		<!--,-->
		<mark id="sTok866" xlink:href="#xpointer(string-range(//body,'',4943,1))"/>
		<!--as-->
		<mark id="sTok867" xlink:href="#xpointer(string-range(//body,'',4945,2))"/>
		<!--Martínez-->
		<mark id="sTok868" xlink:href="#xpointer(string-range(//body,'',4948,8))"/>
		<!--Cantón-->
		<mark id="sTok869" xlink:href="#xpointer(string-range(//body,'',4957,6))"/>
		<!--(-->
		<mark id="sTok870" xlink:href="#xpointer(string-range(//body,'',4964,1))"/>
		<!--2011-->
		<mark id="sTok871" xlink:href="#xpointer(string-range(//body,'',4966,4))"/>
		<!--)-->
		<mark id="sTok872" xlink:href="#xpointer(string-range(//body,'',4971,1))"/>
		<!--reviews-->
		<mark id="sTok873" xlink:href="#xpointer(string-range(//body,'',4973,7))"/>
		<!--.-->
		<mark id="sTok874" xlink:href="#xpointer(string-range(//body,'',4981,1))"/>
		<!--Our-->
		<mark id="sTok875" xlink:href="#xpointer(string-range(//body,'',4983,3))"/>
		<!--system-->
		<mark id="sTok876" xlink:href="#xpointer(string-range(//body,'',4987,6))"/>
		<!--identifies-->
		<mark id="sTok877" xlink:href="#xpointer(string-range(//body,'',4994,10))"/>
		<!--Quilis-->
		<mark id="sTok878" xlink:href="#xpointer(string-range(//body,'',5005,6))"/>
		<!--’-->
		<mark id="sTok879" xlink:href="#xpointer(string-range(//body,'',5012,1))"/>
		<!--types-->
		<mark id="sTok880" xlink:href="#xpointer(string-range(//body,'',5014,5))"/>
		<!--,-->
		<mark id="sTok881" xlink:href="#xpointer(string-range(//body,'',5020,1))"/>
		<!--besides-->
		<mark id="sTok882" xlink:href="#xpointer(string-range(//body,'',5022,7))"/>
		<!--Spang-->
		<mark id="sTok883" xlink:href="#xpointer(string-range(//body,'',5030,5))"/>
		<!--’s-->
		<mark id="sTok884" xlink:href="#xpointer(string-range(//body,'',5036,2))"/>
		<!--expansion-->
		<mark id="sTok885" xlink:href="#xpointer(string-range(//body,'',5039,9))"/>
		<!--cases-->
		<mark id="sTok886" xlink:href="#xpointer(string-range(//body,'',5049,5))"/>
		<!--.-->
		<mark id="sTok887" xlink:href="#xpointer(string-range(//body,'',5055,1))"/></markList></paula>