<?xml version='1.0' encoding='UTF-8'?><!DOCTYPE paula SYSTEM "paula_feat.dtd">
<paula version="1.1">
	<header paula_id="GUM_academic_enjambment.tok_upos"/>
	<featList xmlns:xlink="http://www.w3.org/1999/xlink" type="upos" xml:base="GUM_academic_enjambment.tok.xml">
		<feat xlink:href="#sTok1" value="ADJ"/>
		<feat xlink:href="#sTok2" value="NOUN"/>
		<feat xlink:href="#sTok3" value="PUNCT"/>
		<feat xlink:href="#sTok4" value="ADJ"/>
		<feat xlink:href="#sTok5" value="NOUN"/>
		<feat xlink:href="#sTok6" value="NOUN"/>
		<feat xlink:href="#sTok7" value="ADP"/>
		<feat xlink:href="#sTok8" value="NUM"/>
		<feat xlink:href="#sTok9" value="NOUN"/>
		<feat xlink:href="#sTok10" value="ADP"/>
		<feat xlink:href="#sTok11" value="ADJ"/>
		<feat xlink:href="#sTok12" value="NOUN"/>
		<feat xlink:href="#sTok13" value="PROPN"/>
		<feat xlink:href="#sTok14" value="PROPN"/>
		<feat xlink:href="#sTok15" value="PROPN"/>
		<feat xlink:href="#sTok16" value="PROPN"/>
		<feat xlink:href="#sTok17" value="PROPN"/>
		<feat xlink:href="#sTok18" value="PROPN"/>
		<feat xlink:href="#sTok19" value="PUNCT"/>
		<feat xlink:href="#sTok20" value="PROPN"/>
		<feat xlink:href="#sTok21" value="PUNCT"/>
		<feat xlink:href="#sTok22" value="PROPN"/>
		<feat xlink:href="#sTok23" value="PROPN"/>
		<feat xlink:href="#sTok24" value="PROPN"/>
		<feat xlink:href="#sTok25" value="PROPN"/>
		<feat xlink:href="#sTok26" value="PROPN"/>
		<feat xlink:href="#sTok27" value="PROPN"/>
		<feat xlink:href="#sTok28" value="PROPN"/>
		<feat xlink:href="#sTok29" value="PROPN"/>
		<feat xlink:href="#sTok30" value="PROPN"/>
		<feat xlink:href="#sTok31" value="PROPN"/>
		<feat xlink:href="#sTok32" value="PROPN"/>
		<feat xlink:href="#sTok33" value="PUNCT"/>
		<feat xlink:href="#sTok34" value="PROPN"/>
		<feat xlink:href="#sTok35" value="PROPN"/>
		<feat xlink:href="#sTok36" value="PROPN"/>
		<feat xlink:href="#sTok37" value="PROPN"/>
		<feat xlink:href="#sTok38" value="PROPN"/>
		<feat xlink:href="#sTok39" value="PROPN"/>
		<feat xlink:href="#sTok40" value="PUNCT"/>
		<feat xlink:href="#sTok41" value="PROPN"/>
		<feat xlink:href="#sTok42" value="PUNCT"/>
		<feat xlink:href="#sTok43" value="PROPN"/>
		<feat xlink:href="#sTok44" value="NOUN"/>
		<feat xlink:href="#sTok45" value="NOUN"/>
		<feat xlink:href="#sTok46" value="VERB"/>
		<feat xlink:href="#sTok47" value="NOUN"/>
		<feat xlink:href="#sTok48" value="SCONJ"/>
		<feat xlink:href="#sTok49" value="DET"/>
		<feat xlink:href="#sTok50" value="ADJ"/>
		<feat xlink:href="#sTok51" value="NOUN"/>
		<feat xlink:href="#sTok52" value="AUX"/>
		<feat xlink:href="#sTok53" value="VERB"/>
		<feat xlink:href="#sTok54" value="ADP"/>
		<feat xlink:href="#sTok55" value="ADP"/>
		<feat xlink:href="#sTok56" value="NUM"/>
		<feat xlink:href="#sTok57" value="NOUN"/>
		<feat xlink:href="#sTok58" value="ADP"/>
		<feat xlink:href="#sTok59" value="NOUN"/>
		<feat xlink:href="#sTok60" value="PUNCT"/>
		<feat xlink:href="#sTok61" value="PROPN"/>
		<feat xlink:href="#sTok62" value="PROPN"/>
		<feat xlink:href="#sTok63" value="PUNCT"/>
		<feat xlink:href="#sTok64" value="NUM"/>
		<feat xlink:href="#sTok65" value="PUNCT"/>
		<feat xlink:href="#sTok66" value="NUM"/>
		<feat xlink:href="#sTok67" value="PUNCT"/>
		<feat xlink:href="#sTok68" value="PUNCT"/>
		<feat xlink:href="#sTok69" value="VERB"/>
		<feat xlink:href="#sTok70" value="NOUN"/>
		<feat xlink:href="#sTok71" value="ADP"/>
		<feat xlink:href="#sTok72" value="ADJ"/>
		<feat xlink:href="#sTok73" value="ADJ"/>
		<feat xlink:href="#sTok74" value="NOUN"/>
		<feat xlink:href="#sTok75" value="PUNCT"/>
		<feat xlink:href="#sTok76" value="ADV"/>
		<feat xlink:href="#sTok77" value="ADJ"/>
		<feat xlink:href="#sTok78" value="NOUN"/>
		<feat xlink:href="#sTok79" value="ADP"/>
		<feat xlink:href="#sTok80" value="NOUN"/>
		<feat xlink:href="#sTok81" value="ADP"/>
		<feat xlink:href="#sTok82" value="DET"/>
		<feat xlink:href="#sTok83" value="VERB"/>
		<feat xlink:href="#sTok84" value="PUNCT"/>
		<feat xlink:href="#sTok85" value="ADP"/>
		<feat xlink:href="#sTok86" value="NOUN"/>
		<feat xlink:href="#sTok87" value="PUNCT"/>
		<feat xlink:href="#sTok88" value="CCONJ"/>
		<feat xlink:href="#sTok89" value="NOUN"/>
		<feat xlink:href="#sTok90" value="ADP"/>
		<feat xlink:href="#sTok91" value="DET"/>
		<feat xlink:href="#sTok92" value="NOUN"/>
		<feat xlink:href="#sTok93" value="PUNCT"/>
		<feat xlink:href="#sTok94" value="PUNCT"/>
		<feat xlink:href="#sTok95" value="CCONJ"/>
		<feat xlink:href="#sTok96" value="VERB"/>
		<feat xlink:href="#sTok97" value="ADJ"/>
		<feat xlink:href="#sTok98" value="NOUN"/>
		<feat xlink:href="#sTok99" value="ADP"/>
		<feat xlink:href="#sTok100" value="DET"/>
		<feat xlink:href="#sTok101" value="VERB"/>
		<feat xlink:href="#sTok102" value="NOUN"/>
		<feat xlink:href="#sTok103" value="PUNCT"/>
		<feat xlink:href="#sTok104" value="PROPN"/>
		<feat xlink:href="#sTok105" value="PUNCT"/>
		<feat xlink:href="#sTok106" value="PROPN"/>
		<feat xlink:href="#sTok107" value="PUNCT"/>
		<feat xlink:href="#sTok108" value="NUM"/>
		<feat xlink:href="#sTok109" value="PUNCT"/>
		<feat xlink:href="#sTok110" value="PUNCT"/>
		<feat xlink:href="#sTok111" value="ADP"/>
		<feat xlink:href="#sTok112" value="ADJ"/>
		<feat xlink:href="#sTok113" value="NOUN"/>
		<feat xlink:href="#sTok114" value="PUNCT"/>
		<feat xlink:href="#sTok115" value="DET"/>
		<feat xlink:href="#sTok116" value="ADJ"/>
		<feat xlink:href="#sTok117" value="NOUN"/>
		<feat xlink:href="#sTok118" value="ADP"/>
		<feat xlink:href="#sTok119" value="PRON"/>
		<feat xlink:href="#sTok120" value="NOUN"/>
		<feat xlink:href="#sTok121" value="VERB"/>
		<feat xlink:href="#sTok122" value="NOUN"/>
		<feat xlink:href="#sTok123" value="AUX"/>
		<feat xlink:href="#sTok124" value="AUX"/>
		<feat xlink:href="#sTok125" value="VERB"/>
		<feat xlink:href="#sTok126" value="ADV"/>
		<feat xlink:href="#sTok127" value="PUNCT"/>
		<feat xlink:href="#sTok128" value="CCONJ"/>
		<feat xlink:href="#sTok129" value="ADJ"/>
		<feat xlink:href="#sTok130" value="NOUN"/>
		<feat xlink:href="#sTok131" value="ADP"/>
		<feat xlink:href="#sTok132" value="DET"/>
		<feat xlink:href="#sTok133" value="NOUN"/>
		<feat xlink:href="#sTok134" value="ADP"/>
		<feat xlink:href="#sTok135" value="NOUN"/>
		<feat xlink:href="#sTok136" value="ADP"/>
		<feat xlink:href="#sTok137" value="ADJ"/>
		<feat xlink:href="#sTok138" value="NOUN"/>
		<feat xlink:href="#sTok139" value="VERB"/>
		<feat xlink:href="#sTok140" value="PUNCT"/>
		<feat xlink:href="#sTok141" value="VERB"/>
		<feat xlink:href="#sTok142" value="PROPN"/>
		<feat xlink:href="#sTok143" value="PROPN"/>
		<feat xlink:href="#sTok144" value="PUNCT"/>
		<feat xlink:href="#sTok145" value="NUM"/>
		<feat xlink:href="#sTok146" value="ADP"/>
		<feat xlink:href="#sTok147" value="DET"/>
		<feat xlink:href="#sTok148" value="NOUN"/>
		<feat xlink:href="#sTok149" value="PUNCT"/>
		<feat xlink:href="#sTok150" value="VERB"/>
		<feat xlink:href="#sTok151" value="PUNCT"/>
		<feat xlink:href="#sTok152" value="ADP"/>
		<feat xlink:href="#sTok153" value="NOUN"/>
		<feat xlink:href="#sTok154" value="PROPN"/>
		<feat xlink:href="#sTok155" value="PUNCT"/>
		<feat xlink:href="#sTok156" value="NUM"/>
		<feat xlink:href="#sTok157" value="PUNCT"/>
		<feat xlink:href="#sTok158" value="PUNCT"/>
		<feat xlink:href="#sTok159" value="PROPN"/>
		<feat xlink:href="#sTok160" value="PROPN"/>
		<feat xlink:href="#sTok161" value="PUNCT"/>
		<feat xlink:href="#sTok162" value="PUNCT"/>
		<feat xlink:href="#sTok163" value="NUM"/>
		<feat xlink:href="#sTok164" value="PUNCT"/>
		<feat xlink:href="#sTok165" value="PUNCT"/>
		<feat xlink:href="#sTok166" value="PROPN"/>
		<feat xlink:href="#sTok167" value="PUNCT"/>
		<feat xlink:href="#sTok168" value="PUNCT"/>
		<feat xlink:href="#sTok169" value="NUM"/>
		<feat xlink:href="#sTok170" value="PUNCT"/>
		<feat xlink:href="#sTok171" value="PUNCT"/>
		<feat xlink:href="#sTok172" value="PROPN"/>
		<feat xlink:href="#sTok173" value="PUNCT"/>
		<feat xlink:href="#sTok174" value="NUM"/>
		<feat xlink:href="#sTok175" value="PUNCT"/>
		<feat xlink:href="#sTok176" value="ADP"/>
		<feat xlink:href="#sTok177" value="DET"/>
		<feat xlink:href="#sTok178" value="NOUN"/>
		<feat xlink:href="#sTok179" value="ADP"/>
		<feat xlink:href="#sTok180" value="NOUN"/>
		<feat xlink:href="#sTok181" value="PUNCT"/>
		<feat xlink:href="#sTok182" value="CCONJ"/>
		<feat xlink:href="#sTok183" value="PROPN"/>
		<feat xlink:href="#sTok184" value="PUNCT"/>
		<feat xlink:href="#sTok185" value="NUM"/>
		<feat xlink:href="#sTok186" value="PUNCT"/>
		<feat xlink:href="#sTok187" value="PUNCT"/>
		<feat xlink:href="#sTok188" value="PROPN"/>
		<feat xlink:href="#sTok189" value="PUNCT"/>
		<feat xlink:href="#sTok190" value="NUM"/>
		<feat xlink:href="#sTok191" value="PUNCT"/>
		<feat xlink:href="#sTok192" value="PUNCT"/>
		<feat xlink:href="#sTok193" value="PROPN"/>
		<feat xlink:href="#sTok194" value="PUNCT"/>
		<feat xlink:href="#sTok195" value="NUM"/>
		<feat xlink:href="#sTok196" value="PUNCT"/>
		<feat xlink:href="#sTok197" value="PUNCT"/>
		<feat xlink:href="#sTok198" value="PROPN"/>
		<feat xlink:href="#sTok199" value="PROPN"/>
		<feat xlink:href="#sTok200" value="PUNCT"/>
		<feat xlink:href="#sTok201" value="NUM"/>
		<feat xlink:href="#sTok202" value="PUNCT"/>
		<feat xlink:href="#sTok203" value="ADP"/>
		<feat xlink:href="#sTok204" value="NOUN"/>
		<feat xlink:href="#sTok205" value="PUNCT"/>
		<feat xlink:href="#sTok206" value="NOUN"/>
		<feat xlink:href="#sTok207" value="ADP"/>
		<feat xlink:href="#sTok208" value="DET"/>
		<feat xlink:href="#sTok209" value="ADJ"/>
		<feat xlink:href="#sTok210" value="NOUN"/>
		<feat xlink:href="#sTok211" value="PUNCT"/>
		<feat xlink:href="#sTok212" value="ADV"/>
		<feat xlink:href="#sTok213" value="PUNCT"/>
		<feat xlink:href="#sTok214" value="DET"/>
		<feat xlink:href="#sTok215" value="ADJ"/>
		<feat xlink:href="#sTok216" value="PUNCT"/>
		<feat xlink:href="#sTok217" value="NOUN"/>
		<feat xlink:href="#sTok218" value="NOUN"/>
		<feat xlink:href="#sTok219" value="PART"/>
		<feat xlink:href="#sTok220" value="VERB"/>
		<feat xlink:href="#sTok221" value="NOUN"/>
		<feat xlink:href="#sTok222" value="ADP"/>
		<feat xlink:href="#sTok223" value="NOUN"/>
		<feat xlink:href="#sTok224" value="ADP"/>
		<feat xlink:href="#sTok225" value="NOUN"/>
		<feat xlink:href="#sTok226" value="VERB"/>
		<feat xlink:href="#sTok227" value="ADJ"/>
		<feat xlink:href="#sTok228" value="NOUN"/>
		<feat xlink:href="#sTok229" value="PUNCT"/>
		<feat xlink:href="#sTok230" value="VERB"/>
		<feat xlink:href="#sTok231" value="ADJ"/>
		<feat xlink:href="#sTok232" value="NOUN"/>
		<feat xlink:href="#sTok233" value="PUNCT"/>
		<feat xlink:href="#sTok234" value="PROPN"/>
		<feat xlink:href="#sTok235" value="PUNCT"/>
		<feat xlink:href="#sTok236" value="NUM"/>
		<feat xlink:href="#sTok237" value="PUNCT"/>
		<feat xlink:href="#sTok238" value="PUNCT"/>
		<feat xlink:href="#sTok239" value="AUX"/>
		<feat xlink:href="#sTok240" value="PART"/>
		<feat xlink:href="#sTok241" value="ADV"/>
		<feat xlink:href="#sTok242" value="ADJ"/>
		<feat xlink:href="#sTok243" value="PUNCT"/>
		<feat xlink:href="#sTok244" value="VERB"/>
		<feat xlink:href="#sTok245" value="DET"/>
		<feat xlink:href="#sTok246" value="NOUN"/>
		<feat xlink:href="#sTok247" value="PUNCT"/>
		<feat xlink:href="#sTok248" value="PRON"/>
		<feat xlink:href="#sTok249" value="AUX"/>
		<feat xlink:href="#sTok250" value="VERB"/>
		<feat xlink:href="#sTok251" value="NOUN"/>
		<feat xlink:href="#sTok252" value="PUNCT"/>
		<feat xlink:href="#sTok253" value="VERB"/>
		<feat xlink:href="#sTok254" value="ADP"/>
		<feat xlink:href="#sTok255" value="ADJ"/>
		<feat xlink:href="#sTok256" value="NOUN"/>
		<feat xlink:href="#sTok257" value="NOUN"/>
		<feat xlink:href="#sTok258" value="PUNCT"/>
		<feat xlink:href="#sTok259" value="PRON"/>
		<feat xlink:href="#sTok260" value="ADV"/>
		<feat xlink:href="#sTok261" value="VERB"/>
		<feat xlink:href="#sTok262" value="NOUN"/>
		<feat xlink:href="#sTok263" value="ADP"/>
		<feat xlink:href="#sTok264" value="PROPN"/>
		<feat xlink:href="#sTok265" value="PUNCT"/>
		<feat xlink:href="#sTok266" value="CCONJ"/>
		<feat xlink:href="#sTok267" value="VERB"/>
		<feat xlink:href="#sTok268" value="PRON"/>
		<feat xlink:href="#sTok269" value="ADP"/>
		<feat xlink:href="#sTok270" value="DET"/>
		<feat xlink:href="#sTok271" value="NOUN"/>
		<feat xlink:href="#sTok272" value="ADP"/>
		<feat xlink:href="#sTok273" value="ADV"/>
		<feat xlink:href="#sTok274" value="NUM"/>
		<feat xlink:href="#sTok275" value="NOUN"/>
		<feat xlink:href="#sTok276" value="ADP"/>
		<feat xlink:href="#sTok277" value="ADV"/>
		<feat xlink:href="#sTok278" value="NUM"/>
		<feat xlink:href="#sTok279" value="NOUN"/>
		<feat xlink:href="#sTok280" value="PUNCT"/>
		<feat xlink:href="#sTok281" value="ADP"/>
		<feat xlink:href="#sTok282" value="DET"/>
		<feat xlink:href="#sTok283" value="ADJ"/>
		<feat xlink:href="#sTok284" value="ADP"/>
		<feat xlink:href="#sTok285" value="DET"/>
		<feat xlink:href="#sTok286" value="ADJ"/>
		<feat xlink:href="#sTok287" value="NOUN"/>
		<feat xlink:href="#sTok288" value="PUNCT"/>
		<feat xlink:href="#sTok289" value="PRON"/>
		<feat xlink:href="#sTok290" value="AUX"/>
		<feat xlink:href="#sTok291" value="DET"/>
		<feat xlink:href="#sTok292" value="NOUN"/>
		<feat xlink:href="#sTok293" value="ADP"/>
		<feat xlink:href="#sTok294" value="ADJ"/>
		<feat xlink:href="#sTok295" value="ADJ"/>
		<feat xlink:href="#sTok296" value="PUNCT"/>
		<feat xlink:href="#sTok297" value="NOUN"/>
		<feat xlink:href="#sTok298" value="ADJ"/>
		<feat xlink:href="#sTok299" value="NOUN"/>
		<feat xlink:href="#sTok300" value="ADP"/>
		<feat xlink:href="#sTok301" value="NOUN"/>
		<feat xlink:href="#sTok302" value="PUNCT"/>
		<feat xlink:href="#sTok303" value="ADV"/>
		<feat xlink:href="#sTok304" value="PUNCT"/>
		<feat xlink:href="#sTok305" value="DET"/>
		<feat xlink:href="#sTok306" value="NOUN"/>
		<feat xlink:href="#sTok307" value="VERB"/>
		<feat xlink:href="#sTok308" value="DET"/>
		<feat xlink:href="#sTok309" value="NOUN"/>
		<feat xlink:href="#sTok310" value="SCONJ"/>
		<feat xlink:href="#sTok311" value="DET"/>
		<feat xlink:href="#sTok312" value="ADJ"/>
		<feat xlink:href="#sTok313" value="ADJ"/>
		<feat xlink:href="#sTok314" value="NOUN"/>
		<feat xlink:href="#sTok315" value="AUX"/>
		<feat xlink:href="#sTok316" value="AUX"/>
		<feat xlink:href="#sTok317" value="VERB"/>
		<feat xlink:href="#sTok318" value="PART"/>
		<feat xlink:href="#sTok319" value="VERB"/>
		<feat xlink:href="#sTok320" value="NOUN"/>
		<feat xlink:href="#sTok321" value="PUNCT"/>
		<feat xlink:href="#sTok322" value="SCONJ"/>
		<feat xlink:href="#sTok323" value="ADJ"/>
		<feat xlink:href="#sTok324" value="ADP"/>
		<feat xlink:href="#sTok325" value="NUM"/>
		<feat xlink:href="#sTok326" value="NOUN"/>
		<feat xlink:href="#sTok327" value="PUNCT"/>
		<feat xlink:href="#sTok328" value="CCONJ"/>
		<feat xlink:href="#sTok329" value="SCONJ"/>
		<feat xlink:href="#sTok330" value="ADJ"/>
		<feat xlink:href="#sTok331" value="CCONJ"/>
		<feat xlink:href="#sTok332" value="ADJ"/>
		<feat xlink:href="#sTok333" value="NOUN"/>
		<feat xlink:href="#sTok334" value="AUX"/>
		<feat xlink:href="#sTok335" value="ADJ"/>
		<feat xlink:href="#sTok336" value="PART"/>
		<feat xlink:href="#sTok337" value="VERB"/>
		<feat xlink:href="#sTok338" value="NOUN"/>
		<feat xlink:href="#sTok339" value="PUNCT"/>
		<feat xlink:href="#sTok340" value="ADV"/>
		<feat xlink:href="#sTok341" value="PUNCT"/>
		<feat xlink:href="#sTok342" value="DET"/>
		<feat xlink:href="#sTok343" value="ADJ"/>
		<feat xlink:href="#sTok344" value="NOUN"/>
		<feat xlink:href="#sTok345" value="PRON"/>
		<feat xlink:href="#sTok346" value="NOUN"/>
		<feat xlink:href="#sTok347" value="VERB"/>
		<feat xlink:href="#sTok348" value="AUX"/>
		<feat xlink:href="#sTok349" value="ADV"/>
		<feat xlink:href="#sTok350" value="DET"/>
		<feat xlink:href="#sTok351" value="NOUN"/>
		<feat xlink:href="#sTok352" value="ADP"/>
		<feat xlink:href="#sTok353" value="ADJ"/>
		<feat xlink:href="#sTok354" value="NOUN"/>
		<feat xlink:href="#sTok355" value="PUNCT"/>
		<feat xlink:href="#sTok356" value="PROPN"/>
		<feat xlink:href="#sTok357" value="PROPN"/>
		<feat xlink:href="#sTok358" value="PUNCT"/>
		<feat xlink:href="#sTok359" value="NUM"/>
		<feat xlink:href="#sTok360" value="PUNCT"/>
		<feat xlink:href="#sTok361" value="PUNCT"/>
		<feat xlink:href="#sTok362" value="ADV"/>
		<feat xlink:href="#sTok363" value="VERB"/>
		<feat xlink:href="#sTok364" value="ADJ"/>
		<feat xlink:href="#sTok365" value="NOUN"/>
		<feat xlink:href="#sTok366" value="ADP"/>
		<feat xlink:href="#sTok367" value="NOUN"/>
		<feat xlink:href="#sTok368" value="NOUN"/>
		<feat xlink:href="#sTok369" value="VERB"/>
		<feat xlink:href="#sTok370" value="ADJ"/>
		<feat xlink:href="#sTok371" value="NOUN"/>
		<feat xlink:href="#sTok372" value="PART"/>
		<feat xlink:href="#sTok373" value="VERB"/>
		<feat xlink:href="#sTok374" value="NOUN"/>
		<feat xlink:href="#sTok375" value="PART"/>
		<feat xlink:href="#sTok376" value="ADJ"/>
		<feat xlink:href="#sTok377" value="NOUN"/>
		<feat xlink:href="#sTok378" value="PUNCT"/>
		<feat xlink:href="#sTok379" value="CCONJ"/>
		<feat xlink:href="#sTok380" value="AUX"/>
		<feat xlink:href="#sTok381" value="VERB"/>
		<feat xlink:href="#sTok382" value="ADJ"/>
		<feat xlink:href="#sTok383" value="NOUN"/>
		<feat xlink:href="#sTok384" value="PUNCT"/>
		<feat xlink:href="#sTok385" value="ADV"/>
		<feat xlink:href="#sTok386" value="PUNCT"/>
		<feat xlink:href="#sTok387" value="PRON"/>
		<feat xlink:href="#sTok388" value="NOUN"/>
		<feat xlink:href="#sTok389" value="VERB"/>
		<feat xlink:href="#sTok390" value="PROPN"/>
		<feat xlink:href="#sTok391" value="PART"/>
		<feat xlink:href="#sTok392" value="PUNCT"/>
		<feat xlink:href="#sTok393" value="NUM"/>
		<feat xlink:href="#sTok394" value="PUNCT"/>
		<feat xlink:href="#sTok395" value="ADJ"/>
		<feat xlink:href="#sTok396" value="ADJ"/>
		<feat xlink:href="#sTok397" value="NOUN"/>
		<feat xlink:href="#sTok398" value="ADP"/>
		<feat xlink:href="#sTok399" value="ADJ"/>
		<feat xlink:href="#sTok400" value="ADJ"/>
		<feat xlink:href="#sTok401" value="PROPN"/>
		<feat xlink:href="#sTok402" value="NOUN"/>
		<feat xlink:href="#sTok403" value="PUNCT"/>
		<feat xlink:href="#sTok404" value="SCONJ"/>
		<feat xlink:href="#sTok405" value="VERB"/>
		<feat xlink:href="#sTok406" value="DET"/>
		<feat xlink:href="#sTok407" value="ADJ"/>
		<feat xlink:href="#sTok408" value="NOUN"/>
		<feat xlink:href="#sTok409" value="CCONJ"/>
		<feat xlink:href="#sTok410" value="VERB"/>
		<feat xlink:href="#sTok411" value="ADP"/>
		<feat xlink:href="#sTok412" value="NOUN"/>
		<feat xlink:href="#sTok413" value="PUNCT"/>
		<feat xlink:href="#sTok414" value="DET"/>
		<feat xlink:href="#sTok415" value="NOUN"/>
		<feat xlink:href="#sTok416" value="AUX"/>
		<feat xlink:href="#sTok417" value="VERB"/>
		<feat xlink:href="#sTok418" value="ADV"/>
		<feat xlink:href="#sTok419" value="PUNCT"/>
		<feat xlink:href="#sTok420" value="ADV"/>
		<feat xlink:href="#sTok421" value="PRON"/>
		<feat xlink:href="#sTok422" value="VERB"/>
		<feat xlink:href="#sTok423" value="DET"/>
		<feat xlink:href="#sTok424" value="NOUN"/>
		<feat xlink:href="#sTok425" value="ADP"/>
		<feat xlink:href="#sTok426" value="NOUN"/>
		<feat xlink:href="#sTok427" value="VERB"/>
		<feat xlink:href="#sTok428" value="PUNCT"/>
		<feat xlink:href="#sTok429" value="ADV"/>
		<feat xlink:href="#sTok430" value="PUNCT"/>
		<feat xlink:href="#sTok431" value="PRON"/>
		<feat xlink:href="#sTok432" value="NOUN"/>
		<feat xlink:href="#sTok433" value="CCONJ"/>
		<feat xlink:href="#sTok434" value="NOUN"/>
		<feat xlink:href="#sTok435" value="AUX"/>
		<feat xlink:href="#sTok436" value="VERB"/>
		<feat xlink:href="#sTok437" value="PUNCT"/>
		<feat xlink:href="#sTok438" value="VERB"/>
		<feat xlink:href="#sTok439" value="ADP"/>
		<feat xlink:href="#sTok440" value="DET"/>
		<feat xlink:href="#sTok441" value="NOUN"/>
		<feat xlink:href="#sTok442" value="ADP"/>
		<feat xlink:href="#sTok443" value="DET"/>
		<feat xlink:href="#sTok444" value="NOUN"/>
		<feat xlink:href="#sTok445" value="PUNCT"/>
		<feat xlink:href="#sTok446" value="ADV"/>
		<feat xlink:href="#sTok447" value="PUNCT"/>
		<feat xlink:href="#sTok448" value="NOUN"/>
		<feat xlink:href="#sTok449" value="ADP"/>
		<feat xlink:href="#sTok450" value="NOUN"/>
		<feat xlink:href="#sTok451" value="ADP"/>
		<feat xlink:href="#sTok452" value="PRON"/>
		<feat xlink:href="#sTok453" value="ADJ"/>
		<feat xlink:href="#sTok454" value="NOUN"/>
		<feat xlink:href="#sTok455" value="NOUN"/>
		<feat xlink:href="#sTok456" value="AUX"/>
		<feat xlink:href="#sTok457" value="VERB"/>
		<feat xlink:href="#sTok458" value="PUNCT"/>
		<feat xlink:href="#sTok459" value="DET"/>
		<feat xlink:href="#sTok460" value="NOUN"/>
		<feat xlink:href="#sTok461" value="PART"/>
		<feat xlink:href="#sTok462" value="NOUN"/>
		<feat xlink:href="#sTok463" value="VERB"/>
		<feat xlink:href="#sTok464" value="NOUN"/>
		<feat xlink:href="#sTok465" value="VERB"/>
		<feat xlink:href="#sTok466" value="ADV"/>
		<feat xlink:href="#sTok467" value="ADP"/>
		<feat xlink:href="#sTok468" value="NOUN"/>
		<feat xlink:href="#sTok469" value="NOUN"/>
		<feat xlink:href="#sTok470" value="PUNCT"/>
		<feat xlink:href="#sTok471" value="VERB"/>
		<feat xlink:href="#sTok472" value="NOUN"/>
		<feat xlink:href="#sTok473" value="ADP"/>
		<feat xlink:href="#sTok474" value="DET"/>
		<feat xlink:href="#sTok475" value="NOUN"/>
		<feat xlink:href="#sTok476" value="PUNCT"/>
		<feat xlink:href="#sTok477" value="NOUN"/>
		<feat xlink:href="#sTok478" value="PUNCT"/>
		<feat xlink:href="#sTok479" value="CCONJ"/>
		<feat xlink:href="#sTok480" value="ADJ"/>
		<feat xlink:href="#sTok481" value="NOUN"/>
		<feat xlink:href="#sTok482" value="PUNCT"/>
		<feat xlink:href="#sTok483" value="NOUN"/>
		<feat xlink:href="#sTok484" value="ADP"/>
		<feat xlink:href="#sTok485" value="PROPN"/>
		<feat xlink:href="#sTok486" value="ADJ"/>
		<feat xlink:href="#sTok487" value="CCONJ"/>
		<feat xlink:href="#sTok488" value="ADJ"/>
		<feat xlink:href="#sTok489" value="NOUN"/>
		<feat xlink:href="#sTok490" value="ADV"/>
		<feat xlink:href="#sTok491" value="VERB"/>
		<feat xlink:href="#sTok492" value="ADP"/>
		<feat xlink:href="#sTok493" value="NOUN"/>
		<feat xlink:href="#sTok494" value="PUNCT"/>
		<feat xlink:href="#sTok495" value="ADV"/>
		<feat xlink:href="#sTok496" value="PUNCT"/>
		<feat xlink:href="#sTok497" value="DET"/>
		<feat xlink:href="#sTok498" value="NOUN"/>
		<feat xlink:href="#sTok499" value="AUX"/>
		<feat xlink:href="#sTok500" value="AUX"/>
		<feat xlink:href="#sTok501" value="VERB"/>
		<feat xlink:href="#sTok502" value="ADP"/>
		<feat xlink:href="#sTok503" value="NOUN"/>
		<feat xlink:href="#sTok504" value="ADP"/>
		<feat xlink:href="#sTok505" value="ADJ"/>
		<feat xlink:href="#sTok506" value="NOUN"/>
		<feat xlink:href="#sTok507" value="PUNCT"/>
		<feat xlink:href="#sTok508" value="PROPN"/>
		<feat xlink:href="#sTok509" value="PUNCT"/>
		<feat xlink:href="#sTok510" value="NUM"/>
		<feat xlink:href="#sTok511" value="PUNCT"/>
		<feat xlink:href="#sTok512" value="ADP"/>
		<feat xlink:href="#sTok513" value="PROPN"/>
		<feat xlink:href="#sTok514" value="PUNCT"/>
		<feat xlink:href="#sTok515" value="CCONJ"/>
		<feat xlink:href="#sTok516" value="PROPN"/>
		<feat xlink:href="#sTok517" value="PROPN"/>
		<feat xlink:href="#sTok518" value="PUNCT"/>
		<feat xlink:href="#sTok519" value="NUM"/>
		<feat xlink:href="#sTok520" value="PUNCT"/>
		<feat xlink:href="#sTok521" value="ADP"/>
		<feat xlink:href="#sTok522" value="ADJ"/>
		<feat xlink:href="#sTok523" value="ADJ"/>
		<feat xlink:href="#sTok524" value="NOUN"/>
		<feat xlink:href="#sTok525" value="PUNCT"/>
		<feat xlink:href="#sTok526" value="PUNCT"/>
		<feat xlink:href="#sTok527" value="ADP"/>
		<feat xlink:href="#sTok528" value="ADJ"/>
		<feat xlink:href="#sTok529" value="NOUN"/>
		<feat xlink:href="#sTok530" value="PUNCT"/>
		<feat xlink:href="#sTok531" value="NOUN"/>
		<feat xlink:href="#sTok532" value="PUNCT"/>
		<feat xlink:href="#sTok533" value="ADP"/>
		<feat xlink:href="#sTok534" value="PROPN"/>
		<feat xlink:href="#sTok535" value="PUNCT"/>
		<feat xlink:href="#sTok536" value="PUNCT"/>
		<feat xlink:href="#sTok537" value="X"/>
		<feat xlink:href="#sTok538" value="PUNCT"/>
		<feat xlink:href="#sTok539" value="PUNCT"/>
		<feat xlink:href="#sTok540" value="AUX"/>
		<feat xlink:href="#sTok541" value="VERB"/>
		<feat xlink:href="#sTok542" value="PART"/>
		<feat xlink:href="#sTok543" value="VERB"/>
		<feat xlink:href="#sTok544" value="NOUN"/>
		<feat xlink:href="#sTok545" value="SCONJ"/>
		<feat xlink:href="#sTok546" value="DET"/>
		<feat xlink:href="#sTok547" value="NOUN"/>
		<feat xlink:href="#sTok548" value="VERB"/>
		<feat xlink:href="#sTok549" value="ADP"/>
		<feat xlink:href="#sTok550" value="ADJ"/>
		<feat xlink:href="#sTok551" value="NOUN"/>
		<feat xlink:href="#sTok552" value="PUNCT"/>
		<feat xlink:href="#sTok553" value="ADV"/>
		<feat xlink:href="#sTok554" value="ADP"/>
		<feat xlink:href="#sTok555" value="DET"/>
		<feat xlink:href="#sTok556" value="NOUN"/>
		<feat xlink:href="#sTok557" value="ADP"/>
		<feat xlink:href="#sTok558" value="DET"/>
		<feat xlink:href="#sTok559" value="NOUN"/>
		<feat xlink:href="#sTok560" value="CCONJ"/>
		<feat xlink:href="#sTok561" value="ADP"/>
		<feat xlink:href="#sTok562" value="NOUN"/>
		<feat xlink:href="#sTok563" value="PUNCT"/>
		<feat xlink:href="#sTok564" value="VERB"/>
		<feat xlink:href="#sTok565" value="ADP"/>
		<feat xlink:href="#sTok566" value="ADV"/>
		<feat xlink:href="#sTok567" value="VERB"/>
		<feat xlink:href="#sTok568" value="ADJ"/>
		<feat xlink:href="#sTok569" value="CCONJ"/>
		<feat xlink:href="#sTok570" value="ADJ"/>
		<feat xlink:href="#sTok571" value="NOUN"/>
		<feat xlink:href="#sTok572" value="PUNCT"/>
		<feat xlink:href="#sTok573" value="VERB"/>
		<feat xlink:href="#sTok574" value="DET"/>
		<feat xlink:href="#sTok575" value="ADJ"/>
		<feat xlink:href="#sTok576" value="NOUN"/>
		<feat xlink:href="#sTok577" value="ADP"/>
		<feat xlink:href="#sTok578" value="DET"/>
		<feat xlink:href="#sTok579" value="NOUN"/>
		<feat xlink:href="#sTok580" value="PUNCT"/>
		<feat xlink:href="#sTok581" value="PROPN"/>
		<feat xlink:href="#sTok582" value="PUNCT"/>
		<feat xlink:href="#sTok583" value="NUM"/>
		<feat xlink:href="#sTok584" value="PUNCT"/>
		<feat xlink:href="#sTok585" value="VERB"/>
		<feat xlink:href="#sTok586" value="NOUN"/>
		<feat xlink:href="#sTok587" value="NOUN"/>
		<feat xlink:href="#sTok588" value="NOUN"/>
		<feat xlink:href="#sTok589" value="PUNCT"/>
		<feat xlink:href="#sTok590" value="VERB"/>
		<feat xlink:href="#sTok591" value="SCONJ"/>
		<feat xlink:href="#sTok592" value="DET"/>
		<feat xlink:href="#sTok593" value="VERB"/>
		<feat xlink:href="#sTok594" value="ADV"/>
		<feat xlink:href="#sTok595" value="VERB"/>
		<feat xlink:href="#sTok596" value="NOUN"/>
		<feat xlink:href="#sTok597" value="VERB"/>
		<feat xlink:href="#sTok598" value="NOUN"/>
		<feat xlink:href="#sTok599" value="ADP"/>
		<feat xlink:href="#sTok600" value="NOUN"/>
		<feat xlink:href="#sTok601" value="PUNCT"/>
		<feat xlink:href="#sTok602" value="AUX"/>
		<feat xlink:href="#sTok603" value="DET"/>
		<feat xlink:href="#sTok604" value="ADJ"/>
		<feat xlink:href="#sTok605" value="PUNCT"/>
		<feat xlink:href="#sTok606" value="NOUN"/>
		<feat xlink:href="#sTok607" value="NOUN"/>
		<feat xlink:href="#sTok608" value="VERB"/>
		<feat xlink:href="#sTok609" value="PRON"/>
		<feat xlink:href="#sTok610" value="ADP"/>
		<feat xlink:href="#sTok611" value="PUNCT"/>
		<feat xlink:href="#sTok612" value="ADJ"/>
		<feat xlink:href="#sTok613" value="NOUN"/>
		<feat xlink:href="#sTok614" value="PUNCT"/>
		<feat xlink:href="#sTok615" value="VERB"/>
		<feat xlink:href="#sTok616" value="ADP"/>
		<feat xlink:href="#sTok617" value="DET"/>
		<feat xlink:href="#sTok618" value="NOUN"/>
		<feat xlink:href="#sTok619" value="PUNCT"/>
		<feat xlink:href="#sTok620" value="PRON"/>
		<feat xlink:href="#sTok621" value="VERB"/>
		<feat xlink:href="#sTok622" value="PUNCT"/>
		<feat xlink:href="#sTok623" value="ADJ"/>
		<feat xlink:href="#sTok624" value="NOUN"/>
		<feat xlink:href="#sTok625" value="PUNCT"/>
		<feat xlink:href="#sTok626" value="ADP"/>
		<feat xlink:href="#sTok627" value="PROPN"/>
		<feat xlink:href="#sTok628" value="PART"/>
		<feat xlink:href="#sTok629" value="NOUN"/>
		<feat xlink:href="#sTok630" value="PUNCT"/>
		<feat xlink:href="#sTok631" value="X"/>
		<feat xlink:href="#sTok632" value="X"/>
		<feat xlink:href="#sTok633" value="PUNCT"/>
		<feat xlink:href="#sTok634" value="CCONJ"/>
		<feat xlink:href="#sTok635" value="PUNCT"/>
		<feat xlink:href="#sTok636" value="X"/>
		<feat xlink:href="#sTok637" value="PUNCT"/>
		<feat xlink:href="#sTok638" value="PUNCT"/>
		<feat xlink:href="#sTok639" value="NOUN"/>
		<feat xlink:href="#sTok640" value="PUNCT"/>
		<feat xlink:href="#sTok641" value="VERB"/>
		<feat xlink:href="#sTok642" value="NOUN"/>
		<feat xlink:href="#sTok643" value="PUNCT"/>
		<feat xlink:href="#sTok644" value="ADP"/>
		<feat xlink:href="#sTok645" value="DET"/>
		<feat xlink:href="#sTok646" value="NOUN"/>
		<feat xlink:href="#sTok647" value="PUNCT"/>
		<feat xlink:href="#sTok648" value="VERB"/>
		<feat xlink:href="#sTok649" value="ADP"/>
		<feat xlink:href="#sTok650" value="NOUN"/>
		<feat xlink:href="#sTok651" value="ADP"/>
		<feat xlink:href="#sTok652" value="PUNCT"/>
		<feat xlink:href="#sTok653" value="NOUN"/>
		<feat xlink:href="#sTok654" value="SYM"/>
		<feat xlink:href="#sTok655" value="NOUN"/>
		<feat xlink:href="#sTok656" value="PUNCT"/>
		<feat xlink:href="#sTok657" value="PUNCT"/>
		<feat xlink:href="#sTok658" value="PUNCT"/>
		<feat xlink:href="#sTok659" value="NOUN"/>
		<feat xlink:href="#sTok660" value="SYM"/>
		<feat xlink:href="#sTok661" value="NOUN"/>
		<feat xlink:href="#sTok662" value="PUNCT"/>
		<feat xlink:href="#sTok663" value="PUNCT"/>
		<feat xlink:href="#sTok664" value="PUNCT"/>
		<feat xlink:href="#sTok665" value="ADJ"/>
		<feat xlink:href="#sTok666" value="NOUN"/>
		<feat xlink:href="#sTok667" value="SYM"/>
		<feat xlink:href="#sTok668" value="ADJ"/>
		<feat xlink:href="#sTok669" value="NOUN"/>
		<feat xlink:href="#sTok670" value="PUNCT"/>
		<feat xlink:href="#sTok671" value="PUNCT"/>
		<feat xlink:href="#sTok672" value="ADP"/>
		<feat xlink:href="#sTok673" value="NOUN"/>
		<feat xlink:href="#sTok674" value="PUNCT"/>
		<feat xlink:href="#sTok675" value="PRON"/>
		<feat xlink:href="#sTok676" value="VERB"/>
		<feat xlink:href="#sTok677" value="PUNCT"/>
		<feat xlink:href="#sTok678" value="NOUN"/>
		<feat xlink:href="#sTok679" value="PUNCT"/>
		<feat xlink:href="#sTok680" value="VERB"/>
		<feat xlink:href="#sTok681" value="NOUN"/>
		<feat xlink:href="#sTok682" value="PUNCT"/>
		<feat xlink:href="#sTok683" value="ADP"/>
		<feat xlink:href="#sTok684" value="PUNCT"/>
		<feat xlink:href="#sTok685" value="X"/>
		<feat xlink:href="#sTok686" value="X"/>
		<feat xlink:href="#sTok687" value="PUNCT"/>
		<feat xlink:href="#sTok688" value="PUNCT"/>
		<feat xlink:href="#sTok689" value="ADJ"/>
		<feat xlink:href="#sTok690" value="NOUN"/>
		<feat xlink:href="#sTok691" value="PUNCT"/>
		<feat xlink:href="#sTok692" value="ADP"/>
		<feat xlink:href="#sTok693" value="DET"/>
		<feat xlink:href="#sTok694" value="NOUN"/>
		<feat xlink:href="#sTok695" value="NOUN"/>
		<feat xlink:href="#sTok696" value="CCONJ"/>
		<feat xlink:href="#sTok697" value="DET"/>
		<feat xlink:href="#sTok698" value="NOUN"/>
		<feat xlink:href="#sTok699" value="VERB"/>
		<feat xlink:href="#sTok700" value="DET"/>
		<feat xlink:href="#sTok701" value="ADJ"/>
		<feat xlink:href="#sTok702" value="NOUN"/>
		<feat xlink:href="#sTok703" value="PRON"/>
		<feat xlink:href="#sTok704" value="VERB"/>
		<feat xlink:href="#sTok705" value="DET"/>
		<feat xlink:href="#sTok706" value="NOUN"/>
		<feat xlink:href="#sTok707" value="PUNCT"/>
		<feat xlink:href="#sTok708" value="PRON"/>
		<feat xlink:href="#sTok709" value="VERB"/>
		<feat xlink:href="#sTok710" value="PUNCT"/>
		<feat xlink:href="#sTok711" value="ADJ"/>
		<feat xlink:href="#sTok712" value="NOUN"/>
		<feat xlink:href="#sTok713" value="PUNCT"/>
		<feat xlink:href="#sTok714" value="ADP"/>
		<feat xlink:href="#sTok715" value="PROPN"/>
		<feat xlink:href="#sTok716" value="PART"/>
		<feat xlink:href="#sTok717" value="PUNCT"/>
		<feat xlink:href="#sTok718" value="X"/>
		<feat xlink:href="#sTok719" value="X"/>
		<feat xlink:href="#sTok720" value="PUNCT"/>
		<feat xlink:href="#sTok721" value="PUNCT"/>
		<feat xlink:href="#sTok722" value="DET"/>
		<feat xlink:href="#sTok723" value="NOUN"/>
		<feat xlink:href="#sTok724" value="NOUN"/>
		<feat xlink:href="#sTok725" value="VERB"/>
		<feat xlink:href="#sTok726" value="PROPN"/>
		<feat xlink:href="#sTok727" value="PART"/>
		<feat xlink:href="#sTok728" value="ADJ"/>
		<feat xlink:href="#sTok729" value="NOUN"/>
		<feat xlink:href="#sTok730" value="ADP"/>
		<feat xlink:href="#sTok731" value="ADJ"/>
		<feat xlink:href="#sTok732" value="NOUN"/>
		<feat xlink:href="#sTok733" value="PRON"/>
		<feat xlink:href="#sTok734" value="AUX"/>
		<feat xlink:href="#sTok735" value="VERB"/>
		<feat xlink:href="#sTok736" value="NOUN"/>
		<feat xlink:href="#sTok737" value="PUNCT"/>
		<feat xlink:href="#sTok738" value="ADV"/>
		<feat xlink:href="#sTok739" value="ADV"/>
		<feat xlink:href="#sTok740" value="ADP"/>
		<feat xlink:href="#sTok741" value="DET"/>
		<feat xlink:href="#sTok742" value="NOUN"/>
		<feat xlink:href="#sTok743" value="VERB"/>
		<feat xlink:href="#sTok744" value="ADP"/>
		<feat xlink:href="#sTok745" value="PRON"/>
		<feat xlink:href="#sTok746" value="NOUN"/>
		<feat xlink:href="#sTok747" value="PUNCT"/>
		<feat xlink:href="#sTok748" value="ADP"/>
		<feat xlink:href="#sTok749" value="DET"/>
		<feat xlink:href="#sTok750" value="NOUN"/>
		<feat xlink:href="#sTok751" value="NOUN"/>
		<feat xlink:href="#sTok752" value="ADV"/>
		<feat xlink:href="#sTok753" value="PUNCT"/>
		<feat xlink:href="#sTok754" value="PROPN"/>
		<feat xlink:href="#sTok755" value="PUNCT"/>
		<feat xlink:href="#sTok756" value="NUM"/>
		<feat xlink:href="#sTok757" value="PUNCT"/>
		<feat xlink:href="#sTok758" value="VERB"/>
		<feat xlink:href="#sTok759" value="SCONJ"/>
		<feat xlink:href="#sTok760" value="SCONJ"/>
		<feat xlink:href="#sTok761" value="DET"/>
		<feat xlink:href="#sTok762" value="NOUN"/>
		<feat xlink:href="#sTok763" value="CCONJ"/>
		<feat xlink:href="#sTok764" value="ADJ"/>
		<feat xlink:href="#sTok765" value="NOUN"/>
		<feat xlink:href="#sTok766" value="CCONJ"/>
		<feat xlink:href="#sTok767" value="PRON"/>
		<feat xlink:href="#sTok768" value="ADJ"/>
		<feat xlink:href="#sTok769" value="NOUN"/>
		<feat xlink:href="#sTok770" value="VERB"/>
		<feat xlink:href="#sTok771" value="ADP"/>
		<feat xlink:href="#sTok772" value="NUM"/>
		<feat xlink:href="#sTok773" value="ADJ"/>
		<feat xlink:href="#sTok774" value="NOUN"/>
		<feat xlink:href="#sTok775" value="ADP"/>
		<feat xlink:href="#sTok776" value="NOUN"/>
		<feat xlink:href="#sTok777" value="PUNCT"/>
		<feat xlink:href="#sTok778" value="PRON"/>
		<feat xlink:href="#sTok779" value="AUX"/>
		<feat xlink:href="#sTok780" value="ADV"/>
		<feat xlink:href="#sTok781" value="VERB"/>
		<feat xlink:href="#sTok782" value="ADJ"/>
		<feat xlink:href="#sTok783" value="ADP"/>
		<feat xlink:href="#sTok784" value="DET"/>
		<feat xlink:href="#sTok785" value="NOUN"/>
		<feat xlink:href="#sTok786" value="PUNCT"/>
		<feat xlink:href="#sTok787" value="ADV"/>
		<feat xlink:href="#sTok788" value="SCONJ"/>
		<feat xlink:href="#sTok789" value="DET"/>
		<feat xlink:href="#sTok790" value="NOUN"/>
		<feat xlink:href="#sTok791" value="AUX"/>
		<feat xlink:href="#sTok792" value="ADV"/>
		<feat xlink:href="#sTok793" value="VERB"/>
		<feat xlink:href="#sTok794" value="SCONJ"/>
		<feat xlink:href="#sTok795" value="ADP"/>
		<feat xlink:href="#sTok796" value="DET"/>
		<feat xlink:href="#sTok797" value="NOUN"/>
		<feat xlink:href="#sTok798" value="VERB"/>
		<feat xlink:href="#sTok799" value="ADP"/>
		<feat xlink:href="#sTok800" value="PROPN"/>
		<feat xlink:href="#sTok801" value="PUNCT"/>
		<feat xlink:href="#sTok802" value="PART"/>
		<feat xlink:href="#sTok803" value="VERB"/>
		<feat xlink:href="#sTok804" value="DET"/>
		<feat xlink:href="#sTok805" value="NOUN"/>
		<feat xlink:href="#sTok806" value="ADP"/>
		<feat xlink:href="#sTok807" value="NOUN"/>
		<feat xlink:href="#sTok808" value="ADJ"/>
		<feat xlink:href="#sTok809" value="PUNCT"/>
		<feat xlink:href="#sTok810" value="PROPN"/>
		<feat xlink:href="#sTok811" value="VERB"/>
		<feat xlink:href="#sTok812" value="DET"/>
		<feat xlink:href="#sTok813" value="NOUN"/>
		<feat xlink:href="#sTok814" value="PUNCT"/>
		<feat xlink:href="#sTok815" value="X"/>
		<feat xlink:href="#sTok816" value="PUNCT"/>
		<feat xlink:href="#sTok817" value="PUNCT"/>
		<feat xlink:href="#sTok818" value="VERB"/>
		<feat xlink:href="#sTok819" value="ADV"/>
		<feat xlink:href="#sTok820" value="ADP"/>
		<feat xlink:href="#sTok821" value="PUNCT"/>
		<feat xlink:href="#sTok822" value="NOUN"/>
		<feat xlink:href="#sTok823" value="PUNCT"/>
		<feat xlink:href="#sTok824" value="PUNCT"/>
		<feat xlink:href="#sTok825" value="PROPN"/>
		<feat xlink:href="#sTok826" value="PUNCT"/>
		<feat xlink:href="#sTok827" value="NUM"/>
		<feat xlink:href="#sTok828" value="PUNCT"/>
		<feat xlink:href="#sTok829" value="AUX"/>
		<feat xlink:href="#sTok830" value="DET"/>
		<feat xlink:href="#sTok831" value="ADJ"/>
		<feat xlink:href="#sTok832" value="NOUN"/>
		<feat xlink:href="#sTok833" value="ADV"/>
		<feat xlink:href="#sTok834" value="ADV"/>
		<feat xlink:href="#sTok835" value="PART"/>
		<feat xlink:href="#sTok836" value="VERB"/>
		<feat xlink:href="#sTok837" value="NOUN"/>
		<feat xlink:href="#sTok838" value="PUNCT"/>
		<feat xlink:href="#sTok839" value="VERB"/>
		<feat xlink:href="#sTok840" value="ADJ"/>
		<feat xlink:href="#sTok841" value="NOUN"/>
		<feat xlink:href="#sTok842" value="ADP"/>
		<feat xlink:href="#sTok843" value="NOUN"/>
		<feat xlink:href="#sTok844" value="PUNCT"/>
		<feat xlink:href="#sTok845" value="PRON"/>
		<feat xlink:href="#sTok846" value="NOUN"/>
		<feat xlink:href="#sTok847" value="AUX"/>
		<feat xlink:href="#sTok848" value="ADV"/>
		<feat xlink:href="#sTok849" value="VERB"/>
		<feat xlink:href="#sTok850" value="ADJ"/>
		<feat xlink:href="#sTok851" value="PUNCT"/>
		<feat xlink:href="#sTok852" value="CCONJ"/>
		<feat xlink:href="#sTok853" value="AUX"/>
		<feat xlink:href="#sTok854" value="VERB"/>
		<feat xlink:href="#sTok855" value="ADP"/>
		<feat xlink:href="#sTok856" value="ADJ"/>
		<feat xlink:href="#sTok857" value="NOUN"/>
		<feat xlink:href="#sTok858" value="PUNCT"/>
		<feat xlink:href="#sTok859" value="SCONJ"/>
		<feat xlink:href="#sTok860" value="ADJ"/>
		<feat xlink:href="#sTok861" value="NOUN"/>
		<feat xlink:href="#sTok862" value="NOUN"/>
		<feat xlink:href="#sTok863" value="AUX"/>
		<feat xlink:href="#sTok864" value="AUX"/>
		<feat xlink:href="#sTok865" value="VERB"/>
		<feat xlink:href="#sTok866" value="PUNCT"/>
		<feat xlink:href="#sTok867" value="SCONJ"/>
		<feat xlink:href="#sTok868" value="PROPN"/>
		<feat xlink:href="#sTok869" value="PROPN"/>
		<feat xlink:href="#sTok870" value="PUNCT"/>
		<feat xlink:href="#sTok871" value="NUM"/>
		<feat xlink:href="#sTok872" value="PUNCT"/>
		<feat xlink:href="#sTok873" value="VERB"/>
		<feat xlink:href="#sTok874" value="PUNCT"/>
		<feat xlink:href="#sTok875" value="PRON"/>
		<feat xlink:href="#sTok876" value="NOUN"/>
		<feat xlink:href="#sTok877" value="VERB"/>
		<feat xlink:href="#sTok878" value="PROPN"/>
		<feat xlink:href="#sTok879" value="PART"/>
		<feat xlink:href="#sTok880" value="NOUN"/>
		<feat xlink:href="#sTok881" value="PUNCT"/>
		<feat xlink:href="#sTok882" value="ADP"/>
		<feat xlink:href="#sTok883" value="PROPN"/>
		<feat xlink:href="#sTok884" value="PART"/>
		<feat xlink:href="#sTok885" value="NOUN"/>
		<feat xlink:href="#sTok886" value="NOUN"/>
		<feat xlink:href="#sTok887" value="PUNCT"/></featList></paula>