<?xml version='1.0' encoding='UTF-8'?><!DOCTYPE paula SYSTEM "paula_feat.dtd">
<paula version="1.1">
	<header paula_id="morph.GUM_academic_enjambment.mark_Mood"/>
	<featList xmlns:xlink="http://www.w3.org/1999/xlink" type="Mood" xml:base="morph.GUM_academic_enjambment.mark.xml">
		<feat xlink:href="#sSpan530" value="Ind"/>
		<feat xlink:href="#sSpan540" value="Ind"/>
		<feat xlink:href="#sSpan592" value="Ind"/>
		<feat xlink:href="#sSpan598" value="Ind"/>
		<feat xlink:href="#sSpan619" value="Ind"/>
		<feat xlink:href="#sSpan623" value="Imp"/>
		<feat xlink:href="#sSpan685" value="Ind"/>
		<feat xlink:href="#sSpan702" value="Ind"/>
		<feat xlink:href="#sSpan720" value="Ind"/>
		<feat xlink:href="#sSpan724" value="Ind"/>
		<feat xlink:href="#sSpan756" value="Ind"/>
		<feat xlink:href="#sSpan774" value="Ind"/>
		<feat xlink:href="#sSpan802" value="Ind"/>
		<feat xlink:href="#sSpan818" value="Ind"/>
		<feat xlink:href="#sSpan822" value="Ind"/>
		<feat xlink:href="#sSpan841" value="Ind"/>
		<feat xlink:href="#sSpan854" value="Imp"/>
		<feat xlink:href="#sSpan865" value="Ind"/>
		<feat xlink:href="#sSpan889" value="Ind"/>
		<feat xlink:href="#sSpan907" value="Ind"/>
		<feat xlink:href="#sSpan923" value="Ind"/>
		<feat xlink:href="#sSpan947" value="Ind"/>
		<feat xlink:href="#sSpan961" value="Ind"/>
		<feat xlink:href="#sSpan983" value="Ind"/>
		<feat xlink:href="#sSpan994" value="Ind"/>
		<feat xlink:href="#sSpan1020" value="Ind"/>
		<feat xlink:href="#sSpan1035" value="Ind"/>
		<feat xlink:href="#sSpan1052" value="Ind"/>
		<feat xlink:href="#sSpan1075" value="Ind"/>
		<feat xlink:href="#sSpan1088" value="Ind"/>
		<feat xlink:href="#sSpan1115" value="Ind"/>
		<feat xlink:href="#sSpan1147" value="Ind"/>
		<feat xlink:href="#sSpan1168" value="Ind"/>
		<feat xlink:href="#sSpan1178" value="Ind"/>
		<feat xlink:href="#sSpan1194" value="Ind"/>
		<feat xlink:href="#sSpan1227" value="Ind"/>
		<feat xlink:href="#sSpan1243" value="Ind"/>
		<feat xlink:href="#sSpan1262" value="Ind"/>
		<feat xlink:href="#sSpan1287" value="Ind"/>
		<feat xlink:href="#sSpan1300" value="Ind"/>
		<feat xlink:href="#sSpan1321" value="Ind"/>
		<feat xlink:href="#sSpan1331" value="Ind"/>
		<feat xlink:href="#sSpan1345" value="Ind"/>
		<feat xlink:href="#sSpan1366" value="Ind"/></featList></paula>