<?xml version='1.0' encoding='UTF-8'?><!DOCTYPE paula SYSTEM "paula_feat.dtd">
<paula version="1.1">
	<header paula_id="morph.GUM_academic_enjambment.mark_NumType"/>
	<featList xmlns:xlink="http://www.w3.org/1999/xlink" type="NumType" xml:base="morph.GUM_academic_enjambment.mark.xml">
		<feat xlink:href="#sSpan506" value="Card"/>
		<feat xlink:href="#sSpan561" value="Card"/>
		<feat xlink:href="#sSpan567" value="Card"/>
		<feat xlink:href="#sSpan569" value="Card"/>
		<feat xlink:href="#sSpan598" value="Card"/>
		<feat xlink:href="#sSpan643" value="Card"/>
		<feat xlink:href="#sSpan651" value="Card"/>
		<feat xlink:href="#sSpan655" value="Card"/>
		<feat xlink:href="#sSpan659" value="Card"/>
		<feat xlink:href="#sSpan662" value="Card"/>
		<feat xlink:href="#sSpan668" value="Card"/>
		<feat xlink:href="#sSpan672" value="Card"/>
		<feat xlink:href="#sSpan675" value="Card"/>
		<feat xlink:href="#sSpan678" value="Card"/>
		<feat xlink:href="#sSpan702" value="Card"/>
		<feat xlink:href="#sSpan759" value="Card"/>
		<feat xlink:href="#sSpan763" value="Card"/>
		<feat xlink:href="#sSpan768" value="Ord"/>
		<feat xlink:href="#sSpan772" value="Ord"/>
		<feat xlink:href="#sSpan790" value="Ord"/>
		<feat xlink:href="#sSpan814" value="Card"/>
		<feat xlink:href="#sSpan828" value="Ord"/>
		<feat xlink:href="#sSpan853" value="Card"/>
		<feat xlink:href="#sSpan888" value="Card"/>
		<feat xlink:href="#sSpan915" value="Ord"/>
		<feat xlink:href="#sSpan1025" value="Card"/>
		<feat xlink:href="#sSpan1030" value="Card"/>
		<feat xlink:href="#sSpan1089" value="Card"/>
		<feat xlink:href="#sSpan1248" value="Card"/>
		<feat xlink:href="#sSpan1270" value="Card"/>
		<feat xlink:href="#sSpan1323" value="Card"/>
		<feat xlink:href="#sSpan1382" value="Card"/></featList></paula>