<?xml version='1.0' encoding='UTF-8'?><!DOCTYPE paula SYSTEM "paula_feat.dtd">
<paula version="1.1">
	<header paula_id="morph.GUM_academic_enjambment.mark_VerbForm"/>
	<featList xmlns:xlink="http://www.w3.org/1999/xlink" type="VerbForm" xml:base="morph.GUM_academic_enjambment.mark.xml">
		<feat xlink:href="#sSpan523" value="Fin"/>
		<feat xlink:href="#sSpan534" value="Fin"/>
		<feat xlink:href="#sSpan535" value="Part"/>
		<feat xlink:href="#sSpan544" value="Ger"/>
		<feat xlink:href="#sSpan560" value="Ger"/>
		<feat xlink:href="#sSpan566" value="Part"/>
		<feat xlink:href="#sSpan580" value="Fin"/>
		<feat xlink:href="#sSpan585" value="Fin"/>
		<feat xlink:href="#sSpan588" value="Part"/>
		<feat xlink:href="#sSpan590" value="Part"/>
		<feat xlink:href="#sSpan601" value="Fin"/>
		<feat xlink:href="#sSpan602" value="Inf"/>
		<feat xlink:href="#sSpan609" value="Ger"/>
		<feat xlink:href="#sSpan642" value="Inf"/>
		<feat xlink:href="#sSpan646" value="Ger"/>
		<feat xlink:href="#sSpan649" value="Ger"/>
		<feat xlink:href="#sSpan656" value="Fin"/>
		<feat xlink:href="#sSpan662" value="Part"/>
		<feat xlink:href="#sSpan671" value="Fin"/>
		<feat xlink:href="#sSpan673" value="Part"/>
		<feat xlink:href="#sSpan677" value="Part"/>
		<feat xlink:href="#sSpan680" value="Ger"/>
		<feat xlink:href="#sSpan684" value="Fin"/>
		<feat xlink:href="#sSpan689" value="Fin"/>
		<feat xlink:href="#sSpan716" value="Fin"/>
		<feat xlink:href="#sSpan732" value="Fin"/>
		<feat xlink:href="#sSpan742" value="Fin"/>
		<feat xlink:href="#sSpan743" value="Inf"/>
		<feat xlink:href="#sSpan744" value="Part"/>
		<feat xlink:href="#sSpan746" value="Inf"/>
		<feat xlink:href="#sSpan755" value="Fin"/>
		<feat xlink:href="#sSpan758" value="Inf"/>
		<feat xlink:href="#sSpan767" value="Fin"/>
		<feat xlink:href="#sSpan773" value="Fin"/>
		<feat xlink:href="#sSpan782" value="Ger"/>
		<feat xlink:href="#sSpan791" value="Fin"/>
		<feat xlink:href="#sSpan794" value="Inf"/>
		<feat xlink:href="#sSpan798" value="Fin"/>
		<feat xlink:href="#sSpan799" value="Inf"/>
		<feat xlink:href="#sSpan808" value="Fin"/>
		<feat xlink:href="#sSpan821" value="Ger"/>
		<feat xlink:href="#sSpan826" value="Ger"/>
		<feat xlink:href="#sSpan834" value="Fin"/>
		<feat xlink:href="#sSpan836" value="Part"/>
		<feat xlink:href="#sSpan844" value="Fin"/>
		<feat xlink:href="#sSpan850" value="Part"/>
		<feat xlink:href="#sSpan859" value="Fin"/>
		<feat xlink:href="#sSpan862" value="Part"/>
		<feat xlink:href="#sSpan864" value="Part"/>
		<feat xlink:href="#sSpan881" value="Fin"/>
		<feat xlink:href="#sSpan883" value="Part"/>
		<feat xlink:href="#sSpan893" value="Fin"/>
		<feat xlink:href="#sSpan895" value="Part"/>
		<feat xlink:href="#sSpan914" value="Fin"/>
		<feat xlink:href="#sSpan921" value="Fin"/>
		<feat xlink:href="#sSpan925" value="Part"/>
		<feat xlink:href="#sSpan926" value="Part"/>
		<feat xlink:href="#sSpan945" value="Fin"/>
		<feat xlink:href="#sSpan949" value="Part"/>
		<feat xlink:href="#sSpan951" value="Inf"/>
		<feat xlink:href="#sSpan959" value="Fin"/>
		<feat xlink:href="#sSpan971" value="Fin"/>
		<feat xlink:href="#sSpan974" value="Part"/>
		<feat xlink:href="#sSpan979" value="Ger"/>
		<feat xlink:href="#sSpan992" value="Fin"/>
		<feat xlink:href="#sSpan996" value="Ger"/>
		<feat xlink:href="#sSpan1001" value="Part"/>
		<feat xlink:href="#sSpan1003" value="Fin"/>
		<feat xlink:href="#sSpan1008" value="Fin"/>
		<feat xlink:href="#sSpan1013" value="Inf"/>
		<feat xlink:href="#sSpan1020" value="Ger"/>
		<feat xlink:href="#sSpan1030" value="Fin"/>
		<feat xlink:href="#sSpan1040" value="Ger"/>
		<feat xlink:href="#sSpan1055" value="Fin"/>
		<feat xlink:href="#sSpan1069" value="Ger"/>
		<feat xlink:href="#sSpan1079" value="Fin"/>
		<feat xlink:href="#sSpan1089" value="Fin"/>
		<feat xlink:href="#sSpan1097" value="Fin"/>
		<feat xlink:href="#sSpan1108" value="Fin"/>
		<feat xlink:href="#sSpan1109" value="Inf"/>
		<feat xlink:href="#sSpan1116" value="Part"/>
		<feat xlink:href="#sSpan1130" value="Fin"/>
		<feat xlink:href="#sSpan1143" value="Fin"/>
		<feat xlink:href="#sSpan1151" value="Fin"/>
		<feat xlink:href="#sSpan1152" value="Inf"/>
		<feat xlink:href="#sSpan1162" value="Fin"/>
		<feat xlink:href="#sSpan1168" value="Part"/>
		<feat xlink:href="#sSpan1173" value="Part"/>
		<feat xlink:href="#sSpan1175" value="Inf"/>
		<feat xlink:href="#sSpan1183" value="Fin"/>
		<feat xlink:href="#sSpan1191" value="Part"/>
		<feat xlink:href="#sSpan1197" value="Fin"/>
		<feat xlink:href="#sSpan1206" value="Inf"/>
		<feat xlink:href="#sSpan1219" value="Fin"/>
		<feat xlink:href="#sSpan1222" value="Part"/>
		<feat xlink:href="#sSpan1229" value="Fin"/>
		<feat xlink:href="#sSpan1231" value="Part"/>
		<feat xlink:href="#sSpan1237" value="Fin"/>
		<feat xlink:href="#sSpan1241" value="Part"/>
		<feat xlink:href="#sSpan1242" value="Part"/>
		<feat xlink:href="#sSpan1255" value="Fin"/></featList></paula>