<?xml version='1.0' encoding='UTF-8'?><!DOCTYPE paula SYSTEM "paula_feat.dtd">
<paula version="1.1">
	<header paula_id="morph.GUM_academic_enjambment.mark_Definite"/>
	<featList xmlns:xlink="http://www.w3.org/1999/xlink" type="Definite" xml:base="morph.GUM_academic_enjambment.mark.xml">
		<feat xlink:href="#sSpan506" value="Ind"/>
		<feat xlink:href="#sSpan527" value="Ind"/>
		<feat xlink:href="#sSpan553" value="Def"/>
		<feat xlink:href="#sSpan563" value="Def"/>
		<feat xlink:href="#sSpan572" value="Def"/>
		<feat xlink:href="#sSpan594" value="Def"/>
		<feat xlink:href="#sSpan607" value="Ind"/>
		<feat xlink:href="#sSpan621" value="Ind"/>
		<feat xlink:href="#sSpan635" value="Ind"/>
		<feat xlink:href="#sSpan638" value="Ind"/>
		<feat xlink:href="#sSpan697" value="Ind"/>
		<feat xlink:href="#sSpan705" value="Def"/>
		<feat xlink:href="#sSpan709" value="Def"/>
		<feat xlink:href="#sSpan719" value="Def"/>
		<feat xlink:href="#sSpan727" value="Def"/>
		<feat xlink:href="#sSpan736" value="Ind"/>
		<feat xlink:href="#sSpan760" value="Def"/>
		<feat xlink:href="#sSpan775" value="Ind"/>
		<feat xlink:href="#sSpan822" value="Ind"/>
		<feat xlink:href="#sSpan829" value="Def"/>
		<feat xlink:href="#sSpan846" value="Def"/>
		<feat xlink:href="#sSpan866" value="Ind"/>
		<feat xlink:href="#sSpan869" value="Def"/>
		<feat xlink:href="#sSpan886" value="Def"/>
		<feat xlink:href="#sSpan902" value="Def"/>
		<feat xlink:href="#sSpan954" value="Ind"/>
		<feat xlink:href="#sSpan963" value="Def"/>
		<feat xlink:href="#sSpan966" value="Ind"/>
		<feat xlink:href="#sSpan981" value="Ind"/>
		<feat xlink:href="#sSpan997" value="Def"/>
		<feat xlink:href="#sSpan1010" value="Ind"/>
		<feat xlink:href="#sSpan1022" value="Ind"/>
		<feat xlink:href="#sSpan1038" value="Ind"/>
		<feat xlink:href="#sSpan1063" value="Ind"/>
		<feat xlink:href="#sSpan1066" value="Def"/>
		<feat xlink:href="#sSpan1071" value="Def"/>
		<feat xlink:href="#sSpan1080" value="Def"/>
		<feat xlink:href="#sSpan1093" value="Def"/>
		<feat xlink:href="#sSpan1113" value="Def"/>
		<feat xlink:href="#sSpan1123" value="Def"/>
		<feat xlink:href="#sSpan1131" value="Ind"/>
		<feat xlink:href="#sSpan1156" value="Ind"/>
		<feat xlink:href="#sSpan1158" value="Def"/>
		<feat xlink:href="#sSpan1170" value="Def"/>
		<feat xlink:href="#sSpan1201" value="Def"/></featList></paula>