<?xml version='1.0' encoding='UTF-8'?><!DOCTYPE paula SYSTEM "paula_feat.dtd">
<paula version="1.1">
	<header paula_id="morph.GUM_academic_enjambment.mark_Poss"/>
	<featList xmlns:xlink="http://www.w3.org/1999/xlink" type="Poss" xml:base="morph.GUM_academic_enjambment.mark.xml">
		<feat xlink:href="#sSpan802" value="Yes"/>
		<feat xlink:href="#sSpan855" value="Yes"/>
		<feat xlink:href="#sSpan873" value="Yes"/>
		<feat xlink:href="#sSpan1120" value="Yes"/>
		<feat xlink:href="#sSpan1138" value="Yes"/>
		<feat xlink:href="#sSpan1213" value="Yes"/>
		<feat xlink:href="#sSpan1249" value="Yes"/></featList></paula>