<?xml version='1.0' encoding='UTF-8'?><!DOCTYPE paula SYSTEM "paula_feat.dtd">
<paula version="1.1">
	<header paula_id="morph.GUM_academic_enjambment.mark_Poss"/>
	<featList xmlns:xlink="http://www.w3.org/1999/xlink" type="Poss" xml:base="morph.GUM_academic_enjambment.mark.xml">
		<feat xlink:href="#sSpan860" value="Yes"/>
		<feat xlink:href="#sSpan917" value="Yes"/>
		<feat xlink:href="#sSpan939" value="Yes"/>
		<feat xlink:href="#sSpan1213" value="Yes"/>
		<feat xlink:href="#sSpan1233" value="Yes"/>
		<feat xlink:href="#sSpan1315" value="Yes"/>
		<feat xlink:href="#sSpan1360" value="Yes"/></featList></paula>