<?xml version='1.0' encoding='UTF-8'?><!DOCTYPE paula SYSTEM "paula_feat.dtd">
<paula version="1.1">
	<header paula_id="morph.GUM_academic_enjambment.mark_Case"/>
	<featList xmlns:xlink="http://www.w3.org/1999/xlink" type="Case" xml:base="morph.GUM_academic_enjambment.mark.xml">
		<feat xlink:href="#sSpan704" value="Nom"/>
		<feat xlink:href="#sSpan737" value="Acc"/>
		<feat xlink:href="#sSpan905" value="Nom"/>
		<feat xlink:href="#sSpan1107" value="Acc"/>
		<feat xlink:href="#sSpan1117" value="Nom"/>
		<feat xlink:href="#sSpan1147" value="Nom"/>
		<feat xlink:href="#sSpan1181" value="Nom"/></featList></paula>