<?xml version='1.0' encoding='UTF-8'?><!DOCTYPE paula SYSTEM "paula_feat.dtd">
<paula version="1.1">
	<header paula_id="ref.GUM_academic_enjambment.coref_type"/>
	<featList xmlns:xlink="http://www.w3.org/1999/xlink" type="type" xml:base="ref.GUM_academic_enjambment.coref.xml">
		<feat xlink:href="#sPointingRel1" value="coref"/>
		<feat xlink:href="#sPointingRel2" value="coref"/>
		<feat xlink:href="#sPointingRel3" value="coref"/>
		<feat xlink:href="#sPointingRel4" value="coref"/>
		<feat xlink:href="#sPointingRel5" value="coref"/>
		<feat xlink:href="#sPointingRel6" value="coref"/>
		<feat xlink:href="#sPointingRel7" value="coref"/>
		<feat xlink:href="#sPointingRel8" value="coref"/>
		<feat xlink:href="#sPointingRel9" value="coref"/>
		<feat xlink:href="#sPointingRel10" value="coref"/>
		<feat xlink:href="#sPointingRel11" value="coref"/>
		<feat xlink:href="#sPointingRel12" value="coref"/>
		<feat xlink:href="#sPointingRel13" value="appos"/>
		<feat xlink:href="#sPointingRel14" value="appos"/>
		<feat xlink:href="#sPointingRel15" value="coref"/>
		<feat xlink:href="#sPointingRel16" value="coref"/>
		<feat xlink:href="#sPointingRel17" value="coref"/>
		<feat xlink:href="#sPointingRel18" value="coref"/>
		<feat xlink:href="#sPointingRel26" value="coref"/>
		<feat xlink:href="#sPointingRel27" value="coref"/>
		<feat xlink:href="#sPointingRel28" value="coref"/>
		<feat xlink:href="#sPointingRel29" value="coref"/>
		<feat xlink:href="#sPointingRel30" value="coref"/>
		<feat xlink:href="#sPointingRel31" value="coref"/>
		<feat xlink:href="#sPointingRel32" value="coref"/>
		<feat xlink:href="#sPointingRel33" value="coref"/>
		<feat xlink:href="#sPointingRel34" value="coref"/>
		<feat xlink:href="#sPointingRel35" value="coref"/>
		<feat xlink:href="#sPointingRel36" value="coref"/>
		<feat xlink:href="#sPointingRel37" value="ana"/>
		<feat xlink:href="#sPointingRel38" value="ana"/>
		<feat xlink:href="#sPointingRel39" value="coref"/>
		<feat xlink:href="#sPointingRel40" value="coref"/>
		<feat xlink:href="#sPointingRel41" value="coref"/>
		<feat xlink:href="#sPointingRel42" value="coref"/>
		<feat xlink:href="#sPointingRel43" value="coref"/>
		<feat xlink:href="#sPointingRel44" value="coref"/>
		<feat xlink:href="#sPointingRel46" value="coref"/>
		<feat xlink:href="#sPointingRel47" value="coref"/>
		<feat xlink:href="#sPointingRel48" value="coref"/>
		<feat xlink:href="#sPointingRel49" value="coref"/>
		<feat xlink:href="#sPointingRel50" value="coref"/>
		<feat xlink:href="#sPointingRel51" value="coref"/>
		<feat xlink:href="#sPointingRel52" value="ana"/>
		<feat xlink:href="#sPointingRel53" value="coref"/>
		<feat xlink:href="#sPointingRel54" value="ana"/>
		<feat xlink:href="#sPointingRel55" value="coref"/>
		<feat xlink:href="#sPointingRel56" value="coref"/>
		<feat xlink:href="#sPointingRel57" value="ana"/>
		<feat xlink:href="#sPointingRel58" value="coref"/>
		<feat xlink:href="#sPointingRel59" value="coref"/>
		<feat xlink:href="#sPointingRel60" value="coref"/>
		<feat xlink:href="#sPointingRel61" value="coref"/>
		<feat xlink:href="#sPointingRel62" value="ana"/>
		<feat xlink:href="#sPointingRel63" value="coref"/>
		<feat xlink:href="#sPointingRel64" value="coref"/>
		<feat xlink:href="#sPointingRel68" value="coref"/>
		<feat xlink:href="#sPointingRel69" value="coref"/>
		<feat xlink:href="#sPointingRel71" value="coref"/>
		<feat xlink:href="#sPointingRel72" value="coref"/>
		<feat xlink:href="#sPointingRel74" value="appos"/>
		<feat xlink:href="#sPointingRel75" value="coref"/>
		<feat xlink:href="#sPointingRel76" value="coref"/>
		<feat xlink:href="#sPointingRel78" value="coref"/>
		<feat xlink:href="#sPointingRel79" value="coref"/>
		<feat xlink:href="#sPointingRel80" value="coref"/>
		<feat xlink:href="#sPointingRel81" value="coref"/>
		<feat xlink:href="#sPointingRel82" value="ana"/>
		<feat xlink:href="#sPointingRel86" value="coref"/>
		<feat xlink:href="#sPointingRel87" value="coref"/>
		<feat xlink:href="#sPointingRel88" value="ana"/>
		<feat xlink:href="#sPointingRel89" value="coref"/>
		<feat xlink:href="#sPointingRel90" value="coref"/>
		<feat xlink:href="#sPointingRel91" value="ana"/>
		<feat xlink:href="#sPointingRel92" value="coref"/>
		<feat xlink:href="#sPointingRel93" value="coref"/>
		<feat xlink:href="#sPointingRel94" value="ana"/>
		<feat xlink:href="#sPointingRel95" value="coref"/>
		<feat xlink:href="#sPointingRel96" value="coref"/>
		<feat xlink:href="#sPointingRel97" value="coref"/>
		<feat xlink:href="#sPointingRel98" value="coref"/>
		<feat xlink:href="#sPointingRel99" value="coref"/>
		<feat xlink:href="#sPointingRel100" value="coref"/>
		<feat xlink:href="#sPointingRel101" value="ana"/>
		<feat xlink:href="#sPointingRel102" value="coref"/>
		<feat xlink:href="#sPointingRel103" value="coref"/>
		<feat xlink:href="#sPointingRel104" value="coref"/>
		<feat xlink:href="#sPointingRel105" value="coref"/>
		<feat xlink:href="#sPointingRel108" value="coref"/>
		<feat xlink:href="#sPointingRel109" value="coref"/>
		<feat xlink:href="#sPointingRel110" value="coref"/>
		<feat xlink:href="#sPointingRel111" value="coref"/>
		<feat xlink:href="#sPointingRel112" value="coref"/>
		<feat xlink:href="#sPointingRel113" value="coref"/>
		<feat xlink:href="#sPointingRel114" value="ana"/>
		<feat xlink:href="#sPointingRel115" value="coref"/>
		<feat xlink:href="#sPointingRel116" value="coref"/>
		<feat xlink:href="#sPointingRel117" value="coref"/>
		<feat xlink:href="#sPointingRel118" value="coref"/></featList></paula>