<?xml version='1.0' encoding='UTF-8'?><!DOCTYPE paula SYSTEM "paula_feat.dtd">
<paula version="1.1">
	<header paula_id="ref.GUM_academic_enjambment.mark_entity"/>
	<featList xmlns:xlink="http://www.w3.org/1999/xlink" type="entity" xml:base="ref.GUM_academic_enjambment.mark.xml">
		<feat xlink:href="#sSpan110" value="abstract"/>
		<feat xlink:href="#sSpan111" value="abstract"/>
		<feat xlink:href="#sSpan112" value="abstract"/>
		<feat xlink:href="#sSpan113" value="abstract"/>
		<feat xlink:href="#sSpan114" value="person"/>
		<feat xlink:href="#sSpan115" value="abstract"/>
		<feat xlink:href="#sSpan116" value="organization"/>
		<feat xlink:href="#sSpan117" value="organization"/>
		<feat xlink:href="#sSpan118" value="place"/>
		<feat xlink:href="#sSpan119" value="person"/>
		<feat xlink:href="#sSpan120" value="abstract"/>
		<feat xlink:href="#sSpan121" value="abstract"/>
		<feat xlink:href="#sSpan122" value="place"/>
		<feat xlink:href="#sSpan123" value="person"/>
		<feat xlink:href="#sSpan124" value="abstract"/>
		<feat xlink:href="#sSpan125" value="organization"/>
		<feat xlink:href="#sSpan126" value="organization"/>
		<feat xlink:href="#sSpan127" value="place"/>
		<feat xlink:href="#sSpan128" value="abstract"/>
		<feat xlink:href="#sSpan129" value="abstract"/>
		<feat xlink:href="#sSpan130" value="abstract"/>
		<feat xlink:href="#sSpan131" value="abstract"/>
		<feat xlink:href="#sSpan132" value="abstract"/>
		<feat xlink:href="#sSpan133" value="abstract"/>
		<feat xlink:href="#sSpan134" value="person"/>
		<feat xlink:href="#sSpan135" value="time"/>
		<feat xlink:href="#sSpan136" value="abstract"/>
		<feat xlink:href="#sSpan137" value="abstract"/>
		<feat xlink:href="#sSpan138" value="abstract"/>
		<feat xlink:href="#sSpan139" value="abstract"/>
		<feat xlink:href="#sSpan140" value="abstract"/>
		<feat xlink:href="#sSpan141" value="abstract"/>
		<feat xlink:href="#sSpan142" value="abstract"/>
		<feat xlink:href="#sSpan143" value="abstract"/>
		<feat xlink:href="#sSpan144" value="abstract"/>
		<feat xlink:href="#sSpan145" value="person"/>
		<feat xlink:href="#sSpan146" value="time"/>
		<feat xlink:href="#sSpan147" value="abstract"/>
		<feat xlink:href="#sSpan148" value="abstract"/>
		<feat xlink:href="#sSpan149" value="abstract"/>
		<feat xlink:href="#sSpan150" value="abstract"/>
		<feat xlink:href="#sSpan151" value="abstract"/>
		<feat xlink:href="#sSpan152" value="abstract"/>
		<feat xlink:href="#sSpan153" value="person"/>
		<feat xlink:href="#sSpan154" value="abstract"/>
		<feat xlink:href="#sSpan155" value="person"/>
		<feat xlink:href="#sSpan156" value="time"/>
		<feat xlink:href="#sSpan157" value="abstract"/>
		<feat xlink:href="#sSpan158" value="person"/>
		<feat xlink:href="#sSpan159" value="time"/>
		<feat xlink:href="#sSpan160" value="abstract"/>
		<feat xlink:href="#sSpan161" value="person"/>
		<feat xlink:href="#sSpan162" value="time"/>
		<feat xlink:href="#sSpan163" value="abstract"/>
		<feat xlink:href="#sSpan164" value="person"/>
		<feat xlink:href="#sSpan165" value="time"/>
		<feat xlink:href="#sSpan166" value="abstract"/>
		<feat xlink:href="#sSpan167" value="person"/>
		<feat xlink:href="#sSpan168" value="time"/>
		<feat xlink:href="#sSpan169" value="abstract"/>
		<feat xlink:href="#sSpan170" value="abstract"/>
		<feat xlink:href="#sSpan171" value="abstract"/>
		<feat xlink:href="#sSpan172" value="person"/>
		<feat xlink:href="#sSpan173" value="time"/>
		<feat xlink:href="#sSpan174" value="abstract"/>
		<feat xlink:href="#sSpan175" value="person"/>
		<feat xlink:href="#sSpan176" value="time"/>
		<feat xlink:href="#sSpan177" value="abstract"/>
		<feat xlink:href="#sSpan178" value="person"/>
		<feat xlink:href="#sSpan179" value="time"/>
		<feat xlink:href="#sSpan180" value="abstract"/>
		<feat xlink:href="#sSpan181" value="person"/>
		<feat xlink:href="#sSpan182" value="time"/>
		<feat xlink:href="#sSpan183" value="event"/>
		<feat xlink:href="#sSpan184" value="person"/>
		<feat xlink:href="#sSpan185" value="abstract"/>
		<feat xlink:href="#sSpan186" value="abstract"/>
		<feat xlink:href="#sSpan187" value="abstract"/>
		<feat xlink:href="#sSpan188" value="person"/>
		<feat xlink:href="#sSpan189" value="time"/>
		<feat xlink:href="#sSpan190" value="abstract"/>
		<feat xlink:href="#sSpan191" value="abstract"/>
		<feat xlink:href="#sSpan192" value="person"/>
		<feat xlink:href="#sSpan193" value="time"/>
		<feat xlink:href="#sSpan194" value="abstract"/>
		<feat xlink:href="#sSpan195" value="person"/>
		<feat xlink:href="#sSpan196" value="abstract"/>
		<feat xlink:href="#sSpan197" value="abstract"/>
		<feat xlink:href="#sSpan198" value="abstract"/>
		<feat xlink:href="#sSpan199" value="abstract"/>
		<feat xlink:href="#sSpan200" value="abstract"/>
		<feat xlink:href="#sSpan201" value="abstract"/>
		<feat xlink:href="#sSpan202" value="abstract"/>
		<feat xlink:href="#sSpan203" value="person"/>
		<feat xlink:href="#sSpan204" value="time"/>
		<feat xlink:href="#sSpan205" value="time"/>
		<feat xlink:href="#sSpan206" value="abstract"/>
		<feat xlink:href="#sSpan207" value="abstract"/>
		<feat xlink:href="#sSpan208" value="abstract"/>
		<feat xlink:href="#sSpan209" value="abstract"/>
		<feat xlink:href="#sSpan210" value="abstract"/>
		<feat xlink:href="#sSpan211" value="abstract"/>
		<feat xlink:href="#sSpan212" value="abstract"/>
		<feat xlink:href="#sSpan213" value="abstract"/>
		<feat xlink:href="#sSpan214" value="abstract"/>
		<feat xlink:href="#sSpan215" value="abstract"/>
		<feat xlink:href="#sSpan216" value="abstract"/>
		<feat xlink:href="#sSpan217" value="abstract"/>
		<feat xlink:href="#sSpan218" value="abstract"/>
		<feat xlink:href="#sSpan219" value="abstract"/>
		<feat xlink:href="#sSpan220" value="abstract"/>
		<feat xlink:href="#sSpan221" value="person"/>
		<feat xlink:href="#sSpan222" value="time"/>
		<feat xlink:href="#sSpan223" value="abstract"/>
		<feat xlink:href="#sSpan224" value="abstract"/>
		<feat xlink:href="#sSpan225" value="abstract"/>
		<feat xlink:href="#sSpan226" value="abstract"/>
		<feat xlink:href="#sSpan227" value="abstract"/>
		<feat xlink:href="#sSpan228" value="person"/>
		<feat xlink:href="#sSpan229" value="abstract"/>
		<feat xlink:href="#sSpan230" value="abstract"/>
		<feat xlink:href="#sSpan231" value="person"/>
		<feat xlink:href="#sSpan232" value="abstract"/>
		<feat xlink:href="#sSpan233" value="person"/>
		<feat xlink:href="#sSpan234" value="time"/>
		<feat xlink:href="#sSpan235" value="abstract"/>
		<feat xlink:href="#sSpan236" value="abstract"/>
		<feat xlink:href="#sSpan237" value="event"/>
		<feat xlink:href="#sSpan238" value="time"/>
		<feat xlink:href="#sSpan239" value="abstract"/>
		<feat xlink:href="#sSpan240" value="abstract"/>
		<feat xlink:href="#sSpan241" value="person"/>
		<feat xlink:href="#sSpan242" value="abstract"/>
		<feat xlink:href="#sSpan243" value="abstract"/>
		<feat xlink:href="#sSpan244" value="abstract"/>
		<feat xlink:href="#sSpan245" value="person"/>
		<feat xlink:href="#sSpan246" value="abstract"/>
		<feat xlink:href="#sSpan247" value="abstract"/>
		<feat xlink:href="#sSpan248" value="abstract"/>
		<feat xlink:href="#sSpan249" value="abstract"/>
		<feat xlink:href="#sSpan250" value="abstract"/>
		<feat xlink:href="#sSpan251" value="abstract"/>
		<feat xlink:href="#sSpan252" value="person"/>
		<feat xlink:href="#sSpan253" value="place"/>
		<feat xlink:href="#sSpan254" value="abstract"/>
		<feat xlink:href="#sSpan255" value="abstract"/>
		<feat xlink:href="#sSpan256" value="abstract"/>
		<feat xlink:href="#sSpan257" value="abstract"/>
		<feat xlink:href="#sSpan258" value="abstract"/>
		<feat xlink:href="#sSpan259" value="abstract"/>
		<feat xlink:href="#sSpan260" value="abstract"/>
		<feat xlink:href="#sSpan261" value="abstract"/>
		<feat xlink:href="#sSpan262" value="abstract"/>
		<feat xlink:href="#sSpan263" value="abstract"/>
		<feat xlink:href="#sSpan264" value="abstract"/>
		<feat xlink:href="#sSpan265" value="abstract"/>
		<feat xlink:href="#sSpan266" value="abstract"/>
		<feat xlink:href="#sSpan267" value="time"/>
		<feat xlink:href="#sSpan268" value="abstract"/>
		<feat xlink:href="#sSpan269" value="abstract"/>
		<feat xlink:href="#sSpan270" value="person"/>
		<feat xlink:href="#sSpan271" value="time"/>
		<feat xlink:href="#sSpan272" value="person"/>
		<feat xlink:href="#sSpan273" value="abstract"/>
		<feat xlink:href="#sSpan274" value="person"/>
		<feat xlink:href="#sSpan275" value="time"/>
		<feat xlink:href="#sSpan276" value="abstract"/>
		<feat xlink:href="#sSpan277" value="abstract"/>
		<feat xlink:href="#sSpan278" value="abstract"/>
		<feat xlink:href="#sSpan279" value="abstract"/>
		<feat xlink:href="#sSpan280" value="abstract"/>
		<feat xlink:href="#sSpan281" value="abstract"/>
		<feat xlink:href="#sSpan282" value="abstract"/>
		<feat xlink:href="#sSpan283" value="abstract"/>
		<feat xlink:href="#sSpan284" value="abstract"/>
		<feat xlink:href="#sSpan285" value="abstract"/>
		<feat xlink:href="#sSpan286" value="abstract"/>
		<feat xlink:href="#sSpan287" value="abstract"/>
		<feat xlink:href="#sSpan288" value="abstract"/>
		<feat xlink:href="#sSpan289" value="abstract"/>
		<feat xlink:href="#sSpan290" value="person"/>
		<feat xlink:href="#sSpan291" value="time"/>
		<feat xlink:href="#sSpan292" value="event"/>
		<feat xlink:href="#sSpan293" value="abstract"/>
		<feat xlink:href="#sSpan294" value="abstract"/>
		<feat xlink:href="#sSpan295" value="abstract"/>
		<feat xlink:href="#sSpan296" value="abstract"/>
		<feat xlink:href="#sSpan297" value="abstract"/>
		<feat xlink:href="#sSpan298" value="abstract"/>
		<feat xlink:href="#sSpan299" value="abstract"/>
		<feat xlink:href="#sSpan300" value="abstract"/>
		<feat xlink:href="#sSpan301" value="person"/>
		<feat xlink:href="#sSpan302" value="abstract"/>
		<feat xlink:href="#sSpan303" value="abstract"/>
		<feat xlink:href="#sSpan304" value="person"/>
		<feat xlink:href="#sSpan305" value="abstract"/>
		<feat xlink:href="#sSpan306" value="abstract"/>
		<feat xlink:href="#sSpan307" value="abstract"/>
		<feat xlink:href="#sSpan308" value="abstract"/>
		<feat xlink:href="#sSpan309" value="abstract"/>
		<feat xlink:href="#sSpan310" value="abstract"/>
		<feat xlink:href="#sSpan311" value="abstract"/>
		<feat xlink:href="#sSpan312" value="abstract"/>
		<feat xlink:href="#sSpan313" value="abstract"/>
		<feat xlink:href="#sSpan314" value="abstract"/>
		<feat xlink:href="#sSpan315" value="abstract"/>
		<feat xlink:href="#sSpan316" value="person"/>
		<feat xlink:href="#sSpan317" value="abstract"/>
		<feat xlink:href="#sSpan318" value="abstract"/>
		<feat xlink:href="#sSpan319" value="abstract"/>
		<feat xlink:href="#sSpan320" value="abstract"/>
		<feat xlink:href="#sSpan321" value="abstract"/>
		<feat xlink:href="#sSpan322" value="event"/>
		<feat xlink:href="#sSpan323" value="abstract"/>
		<feat xlink:href="#sSpan324" value="person"/>
		<feat xlink:href="#sSpan325" value="abstract"/>
		<feat xlink:href="#sSpan326" value="person"/>
		<feat xlink:href="#sSpan327" value="abstract"/>
		<feat xlink:href="#sSpan328" value="place"/>
		<feat xlink:href="#sSpan329" value="abstract"/>
		<feat xlink:href="#sSpan330" value="abstract"/>
		<feat xlink:href="#sSpan331" value="person"/>
		<feat xlink:href="#sSpan332" value="abstract"/>
		<feat xlink:href="#sSpan333" value="abstract"/>
		<feat xlink:href="#sSpan334" value="abstract"/>
		<feat xlink:href="#sSpan335" value="abstract"/>
		<feat xlink:href="#sSpan336" value="person"/>
		<feat xlink:href="#sSpan337" value="abstract"/>
		<feat xlink:href="#sSpan338" value="abstract"/>
		<feat xlink:href="#sSpan339" value="abstract"/>
		<feat xlink:href="#sSpan340" value="person"/>
		<feat xlink:href="#sSpan341" value="time"/>
		<feat xlink:href="#sSpan342" value="abstract"/>
		<feat xlink:href="#sSpan343" value="abstract"/>
		<feat xlink:href="#sSpan344" value="abstract"/>
		<feat xlink:href="#sSpan345" value="abstract"/>
		<feat xlink:href="#sSpan346" value="abstract"/>
		<feat xlink:href="#sSpan347" value="abstract"/>
		<feat xlink:href="#sSpan348" value="abstract"/>
		<feat xlink:href="#sSpan349" value="abstract"/>
		<feat xlink:href="#sSpan350" value="person"/>
		<feat xlink:href="#sSpan351" value="abstract"/>
		<feat xlink:href="#sSpan352" value="abstract"/>
		<feat xlink:href="#sSpan353" value="person"/>
		<feat xlink:href="#sSpan354" value="abstract"/>
		<feat xlink:href="#sSpan355" value="abstract"/>
		<feat xlink:href="#sSpan356" value="person"/>
		<feat xlink:href="#sSpan357" value="abstract"/>
		<feat xlink:href="#sSpan358" value="abstract"/>
		<feat xlink:href="#sSpan359" value="abstract"/>
		<feat xlink:href="#sSpan360" value="abstract"/>
		<feat xlink:href="#sSpan361" value="person"/>
		<feat xlink:href="#sSpan362" value="time"/>
		<feat xlink:href="#sSpan363" value="person"/>
		<feat xlink:href="#sSpan364" value="abstract"/>
		<feat xlink:href="#sSpan365" value="abstract"/>
		<feat xlink:href="#sSpan366" value="abstract"/>
		<feat xlink:href="#sSpan367" value="person"/>
		<feat xlink:href="#sSpan368" value="person"/>
		<feat xlink:href="#sSpan369" value="abstract"/>
		<feat xlink:href="#sSpan370" value="abstract"/>
		<feat xlink:href="#sSpan371" value="abstract"/>
		<feat xlink:href="#sSpan372" value="person"/>
		<feat xlink:href="#sSpan373" value="time"/>
		<feat xlink:href="#sSpan374" value="abstract"/>
		<feat xlink:href="#sSpan375" value="person"/>
		<feat xlink:href="#sSpan376" value="abstract"/>
		<feat xlink:href="#sSpan377" value="person"/>
		<feat xlink:href="#sSpan378" value="abstract"/>
		<feat xlink:href="#sSpan379" value="person"/></featList></paula>