<?xml version='1.0' encoding='UTF-8'?><!DOCTYPE paula SYSTEM "paula_feat.dtd">
<paula version="1.1">
	<header paula_id="rsd.GUM_academic_enjambment.mark_head_pos"/>
	<featList xmlns:xlink="http://www.w3.org/1999/xlink" type="head_pos" xml:base="rsd.GUM_academic_enjambment.mark.xml">
		<feat xlink:href="#sSpan111" value="_"/>
		<feat xlink:href="#sSpan112" value="_"/>
		<feat xlink:href="#sSpan113" value="_"/>
		<feat xlink:href="#sSpan114" value="_"/>
		<feat xlink:href="#sSpan115" value="_"/>
		<feat xlink:href="#sSpan116" value="_"/>
		<feat xlink:href="#sSpan117" value="_"/>
		<feat xlink:href="#sSpan118" value="_"/>
		<feat xlink:href="#sSpan119" value="_"/>
		<feat xlink:href="#sSpan120" value="_"/>
		<feat xlink:href="#sSpan121" value="_"/>
		<feat xlink:href="#sSpan122" value="_"/>
		<feat xlink:href="#sSpan123" value="_"/>
		<feat xlink:href="#sSpan124" value="_"/>
		<feat xlink:href="#sSpan125" value="_"/>
		<feat xlink:href="#sSpan126" value="_"/>
		<feat xlink:href="#sSpan127" value="_"/>
		<feat xlink:href="#sSpan128" value="_"/>
		<feat xlink:href="#sSpan129" value="_"/>
		<feat xlink:href="#sSpan130" value="_"/>
		<feat xlink:href="#sSpan131" value="_"/>
		<feat xlink:href="#sSpan132" value="_"/>
		<feat xlink:href="#sSpan133" value="_"/>
		<feat xlink:href="#sSpan134" value="_"/>
		<feat xlink:href="#sSpan135" value="_"/>
		<feat xlink:href="#sSpan136" value="_"/>
		<feat xlink:href="#sSpan137" value="_"/>
		<feat xlink:href="#sSpan138" value="_"/>
		<feat xlink:href="#sSpan139" value="_"/>
		<feat xlink:href="#sSpan140" value="_"/>
		<feat xlink:href="#sSpan141" value="_"/>
		<feat xlink:href="#sSpan142" value="_"/>
		<feat xlink:href="#sSpan143" value="_"/>
		<feat xlink:href="#sSpan144" value="_"/>
		<feat xlink:href="#sSpan145" value="_"/>
		<feat xlink:href="#sSpan146" value="_"/>
		<feat xlink:href="#sSpan147" value="_"/>
		<feat xlink:href="#sSpan148" value="_"/>
		<feat xlink:href="#sSpan149" value="_"/>
		<feat xlink:href="#sSpan150" value="_"/>
		<feat xlink:href="#sSpan151" value="_"/>
		<feat xlink:href="#sSpan152" value="_"/>
		<feat xlink:href="#sSpan153" value="_"/>
		<feat xlink:href="#sSpan154" value="_"/>
		<feat xlink:href="#sSpan155" value="_"/>
		<feat xlink:href="#sSpan156" value="_"/>
		<feat xlink:href="#sSpan157" value="_"/>
		<feat xlink:href="#sSpan158" value="_"/>
		<feat xlink:href="#sSpan159" value="_"/>
		<feat xlink:href="#sSpan160" value="_"/>
		<feat xlink:href="#sSpan161" value="_"/>
		<feat xlink:href="#sSpan162" value="_"/>
		<feat xlink:href="#sSpan163" value="_"/>
		<feat xlink:href="#sSpan164" value="_"/>
		<feat xlink:href="#sSpan165" value="_"/>
		<feat xlink:href="#sSpan166" value="_"/>
		<feat xlink:href="#sSpan167" value="_"/>
		<feat xlink:href="#sSpan168" value="_"/>
		<feat xlink:href="#sSpan169" value="_"/>
		<feat xlink:href="#sSpan170" value="_"/>
		<feat xlink:href="#sSpan171" value="_"/>
		<feat xlink:href="#sSpan172" value="_"/>
		<feat xlink:href="#sSpan173" value="_"/>
		<feat xlink:href="#sSpan174" value="_"/>
		<feat xlink:href="#sSpan175" value="_"/>
		<feat xlink:href="#sSpan176" value="_"/>
		<feat xlink:href="#sSpan177" value="_"/>
		<feat xlink:href="#sSpan178" value="_"/>
		<feat xlink:href="#sSpan179" value="_"/>
		<feat xlink:href="#sSpan180" value="_"/>
		<feat xlink:href="#sSpan181" value="_"/>
		<feat xlink:href="#sSpan182" value="_"/>
		<feat xlink:href="#sSpan183" value="_"/>
		<feat xlink:href="#sSpan184" value="_"/>
		<feat xlink:href="#sSpan185" value="_"/>
		<feat xlink:href="#sSpan186" value="_"/>
		<feat xlink:href="#sSpan187" value="_"/>
		<feat xlink:href="#sSpan188" value="_"/>
		<feat xlink:href="#sSpan189" value="_"/>
		<feat xlink:href="#sSpan190" value="_"/>
		<feat xlink:href="#sSpan191" value="_"/>
		<feat xlink:href="#sSpan192" value="_"/>
		<feat xlink:href="#sSpan193" value="_"/>
		<feat xlink:href="#sSpan194" value="_"/>
		<feat xlink:href="#sSpan195" value="_"/>
		<feat xlink:href="#sSpan196" value="_"/>
		<feat xlink:href="#sSpan197" value="_"/>
		<feat xlink:href="#sSpan198" value="_"/>
		<feat xlink:href="#sSpan199" value="_"/>
		<feat xlink:href="#sSpan200" value="_"/>
		<feat xlink:href="#sSpan201" value="_"/>
		<feat xlink:href="#sSpan202" value="_"/>
		<feat xlink:href="#sSpan203" value="_"/>
		<feat xlink:href="#sSpan204" value="_"/>
		<feat xlink:href="#sSpan205" value="_"/>
		<feat xlink:href="#sSpan206" value="_"/>
		<feat xlink:href="#sSpan207" value="_"/>
		<feat xlink:href="#sSpan208" value="_"/>
		<feat xlink:href="#sSpan209" value="_"/>
		<feat xlink:href="#sSpan210" value="_"/>
		<feat xlink:href="#sSpan211" value="_"/></featList></paula>