<?xml version='1.0' encoding='UTF-8'?><!DOCTYPE paula SYSTEM "paula_feat.dtd">
<paula version="1.1">
	<header paula_id="rsd.GUM_academic_enjambment.mark_para"/>
	<featList xmlns:xlink="http://www.w3.org/1999/xlink" type="para" xml:base="rsd.GUM_academic_enjambment.mark.xml">
		<feat xlink:href="#sSpan3" value="para"/>
		<feat xlink:href="#sSpan4" value="para"/>
		<feat xlink:href="#sSpan5" value="para"/>
		<feat xlink:href="#sSpan7" value="para"/>
		<feat xlink:href="#sSpan14" value="para"/>
		<feat xlink:href="#sSpan26" value="para"/>
		<feat xlink:href="#sSpan47" value="para"/>
		<feat xlink:href="#sSpan57" value="para"/>
		<feat xlink:href="#sSpan60" value="para"/>
		<feat xlink:href="#sSpan68" value="para"/>
		<feat xlink:href="#sSpan82" value="para"/>
		<feat xlink:href="#sSpan95" value="para"/></featList></paula>