<?xml version='1.0' encoding='UTF-8'?><!DOCTYPE paula SYSTEM "paula_feat.dtd">
<paula version="1.1">
	<header paula_id="rsd.GUM_academic_enjambment.mark_rsd_rel"/>
	<featList xmlns:xlink="http://www.w3.org/1999/xlink" type="rsd_rel" xml:base="rsd.GUM_academic_enjambment.mark.xml">
		<feat xlink:href="#sSpan1" value="preparation_r"/>
		<feat xlink:href="#sSpan2" value="preparation_r"/>
		<feat xlink:href="#sSpan3" value="attribution_r"/>
		<feat xlink:href="#sSpan4" value="elaboration_r"/>
		<feat xlink:href="#sSpan5" value="joint_m"/>
		<feat xlink:href="#sSpan6" value="joint_m"/>
		<feat xlink:href="#sSpan7" value="elaboration_r"/>
		<feat xlink:href="#sSpan8" value="joint_m"/>
		<feat xlink:href="#sSpan9" value="joint_m"/>
		<feat xlink:href="#sSpan10" value="elaboration_r"/>
		<feat xlink:href="#sSpan11" value="joint_m"/>
		<feat xlink:href="#sSpan12" value="preparation_r"/>
		<feat xlink:href="#sSpan13" value="background_r"/>
		<feat xlink:href="#sSpan14" value="condition_r"/>
		<feat xlink:href="#sSpan15" value="evidence_r"/>
		<feat xlink:href="#sSpan16" value="result_r"/>
		<feat xlink:href="#sSpan17" value="elaboration_r"/>
		<feat xlink:href="#sSpan18" value="joint_m"/>
		<feat xlink:href="#sSpan19" value="evidence_r"/>
		<feat xlink:href="#sSpan20" value="background_r"/>
		<feat xlink:href="#sSpan21" value="elaboration_r"/>
		<feat xlink:href="#sSpan22" value="same-unit_m"/>
		<feat xlink:href="#sSpan23" value="joint_m"/>
		<feat xlink:href="#sSpan24" value="evidence_r"/>
		<feat xlink:href="#sSpan25" value="elaboration_r"/>
		<feat xlink:href="#sSpan26" value="solutionhood_r"/>
		<feat xlink:href="#sSpan27" value="purpose_r"/>
		<feat xlink:href="#sSpan28" value="elaboration_r"/>
		<feat xlink:href="#sSpan29" value="result_r"/>
		<feat xlink:href="#sSpan30" value="background_r"/>
		<feat xlink:href="#sSpan31" value="same-unit_m"/>
		<feat xlink:href="#sSpan32" value="circumstance_r"/>
		<feat xlink:href="#sSpan33" value="ROOT"/>
		<feat xlink:href="#sSpan34" value="elaboration_r"/>
		<feat xlink:href="#sSpan35" value="elaboration_r"/>
		<feat xlink:href="#sSpan36" value="joint_m"/>
		<feat xlink:href="#sSpan37" value="question_r"/>
		<feat xlink:href="#sSpan38" value="elaboration_r"/>
		<feat xlink:href="#sSpan39" value="elaboration_r"/>
		<feat xlink:href="#sSpan40" value="condition_r"/>
		<feat xlink:href="#sSpan41" value="joint_m"/>
		<feat xlink:href="#sSpan42" value="purpose_r"/>
		<feat xlink:href="#sSpan43" value="sequence_m"/>
		<feat xlink:href="#sSpan44" value="elaboration_r"/>
		<feat xlink:href="#sSpan45" value="same-unit_m"/>
		<feat xlink:href="#sSpan46" value="evidence_r"/>
		<feat xlink:href="#sSpan47" value="elaboration_r"/>
		<feat xlink:href="#sSpan48" value="purpose_r"/>
		<feat xlink:href="#sSpan49" value="joint_m"/>
		<feat xlink:href="#sSpan50" value="sequence_m"/>
		<feat xlink:href="#sSpan51" value="means_r"/>
		<feat xlink:href="#sSpan52" value="joint_m"/>
		<feat xlink:href="#sSpan53" value="preparation_r"/>
		<feat xlink:href="#sSpan54" value="elaboration_r"/>
		<feat xlink:href="#sSpan55" value="elaboration_r"/>
		<feat xlink:href="#sSpan56" value="sequence_m"/>
		<feat xlink:href="#sSpan57" value="sequence_m"/>
		<feat xlink:href="#sSpan58" value="sequence_m"/>
		<feat xlink:href="#sSpan59" value="elaboration_r"/>
		<feat xlink:href="#sSpan60" value="elaboration_r"/>
		<feat xlink:href="#sSpan61" value="elaboration_r"/>
		<feat xlink:href="#sSpan62" value="preparation_r"/>
		<feat xlink:href="#sSpan63" value="concession_r"/>
		<feat xlink:href="#sSpan64" value="background_r"/>
		<feat xlink:href="#sSpan65" value="evidence_r"/>
		<feat xlink:href="#sSpan66" value="elaboration_r"/>
		<feat xlink:href="#sSpan67" value="restatement_r"/>
		<feat xlink:href="#sSpan68" value="same-unit_m"/>
		<feat xlink:href="#sSpan69" value="circumstance_r"/>
		<feat xlink:href="#sSpan70" value="elaboration_r"/>
		<feat xlink:href="#sSpan71" value="elaboration_r"/>
		<feat xlink:href="#sSpan72" value="same-unit_m"/>
		<feat xlink:href="#sSpan73" value="result_r"/>
		<feat xlink:href="#sSpan74" value="preparation_r"/>
		<feat xlink:href="#sSpan75" value="attribution_r"/>
		<feat xlink:href="#sSpan76" value="elaboration_r"/>
		<feat xlink:href="#sSpan77" value="condition_r"/>
		<feat xlink:href="#sSpan78" value="background_r"/>
		<feat xlink:href="#sSpan79" value="elaboration_r"/>
		<feat xlink:href="#sSpan80" value="background_r"/>
		<feat xlink:href="#sSpan81" value="joint_m"/>
		<feat xlink:href="#sSpan82" value="elaboration_r"/>
		<feat xlink:href="#sSpan83" value="background_r"/>
		<feat xlink:href="#sSpan84" value="joint_m"/>
		<feat xlink:href="#sSpan85" value="elaboration_r"/>
		<feat xlink:href="#sSpan86" value="elaboration_r"/>
		<feat xlink:href="#sSpan87" value="background_r"/>
		<feat xlink:href="#sSpan88" value="elaboration_r"/>
		<feat xlink:href="#sSpan89" value="elaboration_r"/>
		<feat xlink:href="#sSpan90" value="same-unit_m"/>
		<feat xlink:href="#sSpan91" value="elaboration_r"/>
		<feat xlink:href="#sSpan92" value="attribution_r"/>
		<feat xlink:href="#sSpan93" value="background_r"/>
		<feat xlink:href="#sSpan94" value="condition_r"/>
		<feat xlink:href="#sSpan95" value="same-unit_m"/>
		<feat xlink:href="#sSpan96" value="concession_r"/>
		<feat xlink:href="#sSpan97" value="elaboration_r"/>
		<feat xlink:href="#sSpan98" value="purpose_r"/>
		<feat xlink:href="#sSpan99" value="joint_m"/>
		<feat xlink:href="#sSpan100" value="elaboration_r"/>
		<feat xlink:href="#sSpan101" value="background_r"/>
		<feat xlink:href="#sSpan102" value="elaboration_r"/>
		<feat xlink:href="#sSpan103" value="evaluation_r"/>
		<feat xlink:href="#sSpan104" value="joint_m"/>
		<feat xlink:href="#sSpan105" value="concession_r"/>
		<feat xlink:href="#sSpan106" value="evidence_r"/>
		<feat xlink:href="#sSpan107" value="joint_m"/></featList></paula>