<?xml version='1.0' encoding='UTF-8'?><!DOCTYPE paula SYSTEM "paula_feat.dtd">
<paula version="1.1">
	<header paula_id="rsd.GUM_academic_enjambment.mark_rsd_rel"/>
	<featList xmlns:xlink="http://www.w3.org/1999/xlink" type="rsd_rel" xml:base="rsd.GUM_academic_enjambment.mark.xml">
		<feat xlink:href="#sSpan380" value="preparation_r"/>
		<feat xlink:href="#sSpan381" value="preparation_r"/>
		<feat xlink:href="#sSpan382" value="background_r"/>
		<feat xlink:href="#sSpan383" value="joint_m"/>
		<feat xlink:href="#sSpan384" value="joint_m"/>
		<feat xlink:href="#sSpan385" value="preparation_r"/>
		<feat xlink:href="#sSpan386" value="background_r"/>
		<feat xlink:href="#sSpan387" value="condition_r"/>
		<feat xlink:href="#sSpan388" value="evidence_r"/>
		<feat xlink:href="#sSpan389" value="result_r"/>
		<feat xlink:href="#sSpan390" value="elaboration_r"/>
		<feat xlink:href="#sSpan391" value="joint_m"/>
		<feat xlink:href="#sSpan392" value="evidence_r"/>
		<feat xlink:href="#sSpan393" value="background_r"/>
		<feat xlink:href="#sSpan394" value="elaboration_r"/>
		<feat xlink:href="#sSpan395" value="same-unit_m"/>
		<feat xlink:href="#sSpan396" value="joint_m"/>
		<feat xlink:href="#sSpan397" value="evidence_r"/>
		<feat xlink:href="#sSpan398" value="elaboration_r"/>
		<feat xlink:href="#sSpan399" value="solutionhood_r"/>
		<feat xlink:href="#sSpan400" value="purpose_r"/>
		<feat xlink:href="#sSpan401" value="elaboration_r"/>
		<feat xlink:href="#sSpan402" value="result_r"/>
		<feat xlink:href="#sSpan403" value="background_r"/>
		<feat xlink:href="#sSpan404" value="same-unit_m"/>
		<feat xlink:href="#sSpan405" value="circumstance_r"/>
		<feat xlink:href="#sSpan406" value="ROOT"/>
		<feat xlink:href="#sSpan407" value="elaboration_r"/>
		<feat xlink:href="#sSpan408" value="elaboration_r"/>
		<feat xlink:href="#sSpan409" value="joint_m"/>
		<feat xlink:href="#sSpan410" value="question_r"/>
		<feat xlink:href="#sSpan411" value="elaboration_r"/>
		<feat xlink:href="#sSpan412" value="elaboration_r"/>
		<feat xlink:href="#sSpan413" value="condition_r"/>
		<feat xlink:href="#sSpan414" value="joint_m"/>
		<feat xlink:href="#sSpan415" value="purpose_r"/>
		<feat xlink:href="#sSpan416" value="sequence_m"/>
		<feat xlink:href="#sSpan417" value="elaboration_r"/>
		<feat xlink:href="#sSpan418" value="same-unit_m"/>
		<feat xlink:href="#sSpan419" value="evidence_r"/>
		<feat xlink:href="#sSpan420" value="elaboration_r"/>
		<feat xlink:href="#sSpan421" value="purpose_r"/>
		<feat xlink:href="#sSpan422" value="joint_m"/>
		<feat xlink:href="#sSpan423" value="sequence_m"/>
		<feat xlink:href="#sSpan424" value="means_r"/>
		<feat xlink:href="#sSpan425" value="joint_m"/>
		<feat xlink:href="#sSpan426" value="preparation_r"/>
		<feat xlink:href="#sSpan427" value="elaboration_r"/>
		<feat xlink:href="#sSpan428" value="elaboration_r"/>
		<feat xlink:href="#sSpan429" value="sequence_m"/>
		<feat xlink:href="#sSpan430" value="sequence_m"/>
		<feat xlink:href="#sSpan431" value="sequence_m"/>
		<feat xlink:href="#sSpan432" value="elaboration_r"/>
		<feat xlink:href="#sSpan433" value="elaboration_r"/>
		<feat xlink:href="#sSpan434" value="elaboration_r"/>
		<feat xlink:href="#sSpan435" value="preparation_r"/>
		<feat xlink:href="#sSpan436" value="concession_r"/>
		<feat xlink:href="#sSpan437" value="background_r"/>
		<feat xlink:href="#sSpan438" value="evidence_r"/>
		<feat xlink:href="#sSpan439" value="elaboration_r"/>
		<feat xlink:href="#sSpan440" value="restatement_r"/>
		<feat xlink:href="#sSpan441" value="same-unit_m"/>
		<feat xlink:href="#sSpan442" value="circumstance_r"/>
		<feat xlink:href="#sSpan443" value="elaboration_r"/>
		<feat xlink:href="#sSpan444" value="elaboration_r"/>
		<feat xlink:href="#sSpan445" value="same-unit_m"/>
		<feat xlink:href="#sSpan446" value="result_r"/>
		<feat xlink:href="#sSpan447" value="preparation_r"/>
		<feat xlink:href="#sSpan448" value="attribution_r"/>
		<feat xlink:href="#sSpan449" value="elaboration_r"/>
		<feat xlink:href="#sSpan450" value="condition_r"/>
		<feat xlink:href="#sSpan451" value="background_r"/>
		<feat xlink:href="#sSpan452" value="elaboration_r"/>
		<feat xlink:href="#sSpan453" value="background_r"/>
		<feat xlink:href="#sSpan454" value="joint_m"/>
		<feat xlink:href="#sSpan455" value="elaboration_r"/>
		<feat xlink:href="#sSpan456" value="background_r"/>
		<feat xlink:href="#sSpan457" value="joint_m"/>
		<feat xlink:href="#sSpan458" value="elaboration_r"/>
		<feat xlink:href="#sSpan459" value="elaboration_r"/>
		<feat xlink:href="#sSpan460" value="background_r"/>
		<feat xlink:href="#sSpan461" value="elaboration_r"/>
		<feat xlink:href="#sSpan462" value="elaboration_r"/>
		<feat xlink:href="#sSpan463" value="same-unit_m"/>
		<feat xlink:href="#sSpan464" value="elaboration_r"/>
		<feat xlink:href="#sSpan465" value="attribution_r"/>
		<feat xlink:href="#sSpan466" value="background_r"/>
		<feat xlink:href="#sSpan467" value="condition_r"/>
		<feat xlink:href="#sSpan468" value="same-unit_m"/>
		<feat xlink:href="#sSpan469" value="concession_r"/>
		<feat xlink:href="#sSpan470" value="elaboration_r"/>
		<feat xlink:href="#sSpan471" value="purpose_r"/>
		<feat xlink:href="#sSpan472" value="joint_m"/>
		<feat xlink:href="#sSpan473" value="elaboration_r"/>
		<feat xlink:href="#sSpan474" value="background_r"/>
		<feat xlink:href="#sSpan475" value="elaboration_r"/>
		<feat xlink:href="#sSpan476" value="evaluation_r"/>
		<feat xlink:href="#sSpan477" value="joint_m"/>
		<feat xlink:href="#sSpan478" value="concession_r"/>
		<feat xlink:href="#sSpan479" value="evidence_r"/>
		<feat xlink:href="#sSpan480" value="joint_m"/></featList></paula>