<?xml version='1.0' encoding='UTF-8'?><!DOCTYPE paula SYSTEM "paula_feat.dtd">
<paula version="1.1">
	<header paula_id="rsd.GUM_academic_enjambment.mark_head_tok"/>
	<featList xmlns:xlink="http://www.w3.org/1999/xlink" type="head_tok" xml:base="rsd.GUM_academic_enjambment.mark.xml">
		<feat xlink:href="#sSpan1" value="rhythm"/>
		<feat xlink:href="#sSpan2" value="detection"/>
		<feat xlink:href="#sSpan3" value="Lab"/>
		<feat xlink:href="#sSpan4" value="Universidad"/>
		<feat xlink:href="#sSpan5" value="Lab"/>
		<feat xlink:href="#sSpan6" value="introduction"/>
		<feat xlink:href="#sSpan7" value="take"/>
		<feat xlink:href="#sSpan8" value="break"/>
		<feat xlink:href="#sSpan9" value="Domínguez"/>
		<feat xlink:href="#sSpan10" value="give"/>
		<feat xlink:href="#sSpan11" value="emphasis"/>
		<feat xlink:href="#sSpan12" value="create"/>
		<feat xlink:href="#sSpan13" value="García-Paje"/>
		<feat xlink:href="#sSpan14" value="configuration"/>
		<feat xlink:href="#sSpan15" value="take"/>
		<feat xlink:href="#sSpan16" value="describe"/>
		<feat xlink:href="#sSpan17" value="exist"/>
		<feat xlink:href="#sSpan18" value="see"/>
		<feat xlink:href="#sSpan19" value="Quilis"/>
		<feat xlink:href="#sSpan20" value="study"/>
		<feat xlink:href="#sSpan21" value="identify"/>
		<feat xlink:href="#sSpan22" value="span"/>
		<feat xlink:href="#sSpan23" value="enable"/>
		<feat xlink:href="#sSpan24" value="Moretti"/>
		<feat xlink:href="#sSpan25" value="available"/>
		<feat xlink:href="#sSpan26" value="give"/>
		<feat xlink:href="#sSpan27" value="develop"/>
		<feat xlink:href="#sSpan28" value="base"/>
		<feat xlink:href="#sSpan29" value="identify"/>
		<feat xlink:href="#sSpan30" value="apply"/>
		<feat xlink:href="#sSpan31" value="interest"/>
		<feat xlink:href="#sSpan32" value="show"/>
		<feat xlink:href="#sSpan33" value="consider"/>
		<feat xlink:href="#sSpan34" value="split"/>
		<feat xlink:href="#sSpan35" value="sufficient"/>
		<feat xlink:href="#sSpan36" value="identify"/>
		<feat xlink:href="#sSpan37" value="effect"/>
		<feat xlink:href="#sSpan38" value="permit"/>
		<feat xlink:href="#sSpan39" value="object"/>
		<feat xlink:href="#sSpan40" value="Martínez"/>
		<feat xlink:href="#sSpan41" value="provide"/>
		<feat xlink:href="#sSpan42" value="assess"/>
		<feat xlink:href="#sSpan43" value="stimulate"/>
		<feat xlink:href="#sSpan44" value="complement"/>
		<feat xlink:href="#sSpan45" value="cover"/>
		<feat xlink:href="#sSpan46" value="focus"/>
		<feat xlink:href="#sSpan47" value="structure"/>
		<feat xlink:href="#sSpan48" value="provide"/>
		<feat xlink:href="#sSpan49" value="adopt"/>
		<feat xlink:href="#sSpan50" value="describe"/>
		<feat xlink:href="#sSpan51" value="follow"/>
		<feat xlink:href="#sSpan52" value="discuss"/>
		<feat xlink:href="#sSpan53" value="provide"/>
		<feat xlink:href="#sSpan54" value="omit"/>
		<feat xlink:href="#sSpan55" value="sample"/>
		<feat xlink:href="#sSpan56" value="enjambment"/>
		<feat xlink:href="#sSpan57" value="match"/>
		<feat xlink:href="#sSpan58" value="break"/>
		<feat xlink:href="#sSpan59" value="Parry"/>
		<feat xlink:href="#sSpan60" value="enjambment"/>
		<feat xlink:href="#sSpan61" value="encabalgamiento"/>
		<feat xlink:href="#sSpan62" value="consider"/>
		<feat xlink:href="#sSpan63" value="pause"/>
		<feat xlink:href="#sSpan64" value="suggest"/>
		<feat xlink:href="#sSpan65" value="end"/>
		<feat xlink:href="#sSpan66" value="occur"/>
		<feat xlink:href="#sSpan67" value="trigger"/>
		<feat xlink:href="#sSpan68" value="perform"/>
		<feat xlink:href="#sSpan69" value="propose"/>
		<feat xlink:href="#sSpan70" value="give"/>
		<feat xlink:href="#sSpan71" value="break"/>
		<feat xlink:href="#sSpan72" value="enjambment"/>
		<feat xlink:href="#sSpan73" value="break"/>
		<feat xlink:href="#sSpan74" value="translate"/>
		<feat xlink:href="#sSpan75" value="enjambment"/>
		<feat xlink:href="#sSpan76" value="phrase"/>
		<feat xlink:href="#sSpan77" value="translate"/>
		<feat xlink:href="#sSpan78" value="enjambment"/>
		<feat xlink:href="#sSpan79" value="antecedent"/>
		<feat xlink:href="#sSpan80" value="complement"/>
		<feat xlink:href="#sSpan81" value="translate"/>
		<feat xlink:href="#sSpan82" value="include"/>
		<feat xlink:href="#sSpan83" value="trigger"/>
		<feat xlink:href="#sSpan84" value="type"/>
		<feat xlink:href="#sSpan85" value="identify"/>
		<feat xlink:href="#sSpan86" value="note"/>
		<feat xlink:href="#sSpan87" value="that"/>
		<feat xlink:href="#sSpan88" value="occur"/>
		<feat xlink:href="#sSpan89" value="feel"/>
		<feat xlink:href="#sSpan90" value="pronounce"/>
		<feat xlink:href="#sSpan91" value="identify"/>
		<feat xlink:href="#sSpan92" value="differentiate"/>
		<feat xlink:href="#sSpan93" value="call"/>
		<feat xlink:href="#sSpan94" value="translate"/>
		<feat xlink:href="#sSpan95" value="author"/>
		<feat xlink:href="#sSpan96" value="gather"/>
		<feat xlink:href="#sSpan97" value="consider"/>
		<feat xlink:href="#sSpan98" value="adopt"/>
		<feat xlink:href="#sSpan99" value="propose"/>
		<feat xlink:href="#sSpan100" value="review"/>
		<feat xlink:href="#sSpan101" value="identify"/></featList></paula>