<?xml version='1.0' encoding='UTF-8'?><!DOCTYPE paula SYSTEM "paula_feat.dtd">
<paula version="1.1">
	<header paula_id="rsd.GUM_academic_enjambment.rsd_func"/>
	<featList xmlns:xlink="http://www.w3.org/1999/xlink" type="func" xml:base="rsd.GUM_academic_enjambment.rsd.xml">
		<feat xlink:href="#sPointingRel946" value="preparation_r"/>
		<feat xlink:href="#sPointingRel947" value="preparation_r"/>
		<feat xlink:href="#sPointingRel948" value="background_r"/>
		<feat xlink:href="#sPointingRel949" value="joint_m"/>
		<feat xlink:href="#sPointingRel950" value="joint_m"/>
		<feat xlink:href="#sPointingRel951" value="preparation_r"/>
		<feat xlink:href="#sPointingRel952" value="background_r"/>
		<feat xlink:href="#sPointingRel953" value="condition_r"/>
		<feat xlink:href="#sPointingRel954" value="evidence_r"/>
		<feat xlink:href="#sPointingRel955" value="result_r"/>
		<feat xlink:href="#sPointingRel956" value="elaboration_r"/>
		<feat xlink:href="#sPointingRel957" value="joint_m"/>
		<feat xlink:href="#sPointingRel958" value="evidence_r"/>
		<feat xlink:href="#sPointingRel959" value="background_r"/>
		<feat xlink:href="#sPointingRel960" value="elaboration_r"/>
		<feat xlink:href="#sPointingRel961" value="same-unit_m"/>
		<feat xlink:href="#sPointingRel962" value="joint_m"/>
		<feat xlink:href="#sPointingRel963" value="evidence_r"/>
		<feat xlink:href="#sPointingRel964" value="elaboration_r"/>
		<feat xlink:href="#sPointingRel965" value="solutionhood_r"/>
		<feat xlink:href="#sPointingRel966" value="purpose_r"/>
		<feat xlink:href="#sPointingRel967" value="elaboration_r"/>
		<feat xlink:href="#sPointingRel968" value="result_r"/>
		<feat xlink:href="#sPointingRel969" value="background_r"/>
		<feat xlink:href="#sPointingRel970" value="same-unit_m"/>
		<feat xlink:href="#sPointingRel971" value="circumstance_r"/>
		<feat xlink:href="#sPointingRel972" value="elaboration_r"/>
		<feat xlink:href="#sPointingRel973" value="elaboration_r"/>
		<feat xlink:href="#sPointingRel974" value="joint_m"/>
		<feat xlink:href="#sPointingRel975" value="question_r"/>
		<feat xlink:href="#sPointingRel976" value="elaboration_r"/>
		<feat xlink:href="#sPointingRel977" value="elaboration_r"/>
		<feat xlink:href="#sPointingRel978" value="condition_r"/>
		<feat xlink:href="#sPointingRel979" value="joint_m"/>
		<feat xlink:href="#sPointingRel980" value="purpose_r"/>
		<feat xlink:href="#sPointingRel981" value="sequence_m"/>
		<feat xlink:href="#sPointingRel982" value="elaboration_r"/>
		<feat xlink:href="#sPointingRel983" value="same-unit_m"/>
		<feat xlink:href="#sPointingRel984" value="evidence_r"/>
		<feat xlink:href="#sPointingRel985" value="elaboration_r"/>
		<feat xlink:href="#sPointingRel986" value="purpose_r"/>
		<feat xlink:href="#sPointingRel987" value="joint_m"/>
		<feat xlink:href="#sPointingRel988" value="sequence_m"/>
		<feat xlink:href="#sPointingRel989" value="means_r"/>
		<feat xlink:href="#sPointingRel990" value="joint_m"/>
		<feat xlink:href="#sPointingRel991" value="preparation_r"/>
		<feat xlink:href="#sPointingRel992" value="elaboration_r"/>
		<feat xlink:href="#sPointingRel993" value="elaboration_r"/>
		<feat xlink:href="#sPointingRel994" value="sequence_m"/>
		<feat xlink:href="#sPointingRel995" value="sequence_m"/>
		<feat xlink:href="#sPointingRel996" value="sequence_m"/>
		<feat xlink:href="#sPointingRel997" value="elaboration_r"/>
		<feat xlink:href="#sPointingRel998" value="elaboration_r"/>
		<feat xlink:href="#sPointingRel999" value="elaboration_r"/>
		<feat xlink:href="#sPointingRel1000" value="preparation_r"/>
		<feat xlink:href="#sPointingRel1001" value="concession_r"/>
		<feat xlink:href="#sPointingRel1002" value="background_r"/>
		<feat xlink:href="#sPointingRel1003" value="evidence_r"/>
		<feat xlink:href="#sPointingRel1004" value="elaboration_r"/>
		<feat xlink:href="#sPointingRel1005" value="restatement_r"/>
		<feat xlink:href="#sPointingRel1006" value="same-unit_m"/>
		<feat xlink:href="#sPointingRel1007" value="circumstance_r"/>
		<feat xlink:href="#sPointingRel1008" value="elaboration_r"/>
		<feat xlink:href="#sPointingRel1009" value="elaboration_r"/>
		<feat xlink:href="#sPointingRel1010" value="same-unit_m"/>
		<feat xlink:href="#sPointingRel1011" value="result_r"/>
		<feat xlink:href="#sPointingRel1012" value="preparation_r"/>
		<feat xlink:href="#sPointingRel1013" value="attribution_r"/>
		<feat xlink:href="#sPointingRel1014" value="elaboration_r"/>
		<feat xlink:href="#sPointingRel1015" value="condition_r"/>
		<feat xlink:href="#sPointingRel1016" value="background_r"/>
		<feat xlink:href="#sPointingRel1017" value="elaboration_r"/>
		<feat xlink:href="#sPointingRel1018" value="background_r"/>
		<feat xlink:href="#sPointingRel1019" value="joint_m"/>
		<feat xlink:href="#sPointingRel1020" value="elaboration_r"/>
		<feat xlink:href="#sPointingRel1021" value="background_r"/>
		<feat xlink:href="#sPointingRel1022" value="joint_m"/>
		<feat xlink:href="#sPointingRel1023" value="elaboration_r"/>
		<feat xlink:href="#sPointingRel1024" value="elaboration_r"/>
		<feat xlink:href="#sPointingRel1025" value="background_r"/>
		<feat xlink:href="#sPointingRel1026" value="elaboration_r"/>
		<feat xlink:href="#sPointingRel1027" value="elaboration_r"/>
		<feat xlink:href="#sPointingRel1028" value="same-unit_m"/>
		<feat xlink:href="#sPointingRel1029" value="elaboration_r"/>
		<feat xlink:href="#sPointingRel1030" value="attribution_r"/>
		<feat xlink:href="#sPointingRel1031" value="background_r"/>
		<feat xlink:href="#sPointingRel1032" value="condition_r"/>
		<feat xlink:href="#sPointingRel1033" value="same-unit_m"/>
		<feat xlink:href="#sPointingRel1034" value="concession_r"/>
		<feat xlink:href="#sPointingRel1035" value="elaboration_r"/>
		<feat xlink:href="#sPointingRel1036" value="purpose_r"/>
		<feat xlink:href="#sPointingRel1037" value="joint_m"/>
		<feat xlink:href="#sPointingRel1038" value="elaboration_r"/>
		<feat xlink:href="#sPointingRel1039" value="background_r"/>
		<feat xlink:href="#sPointingRel1040" value="elaboration_r"/>
		<feat xlink:href="#sPointingRel1041" value="evaluation_r"/>
		<feat xlink:href="#sPointingRel1042" value="joint_m"/>
		<feat xlink:href="#sPointingRel1043" value="concession_r"/>
		<feat xlink:href="#sPointingRel1044" value="evidence_r"/>
		<feat xlink:href="#sPointingRel1045" value="joint_m"/></featList></paula>