<?xml version='1.0' encoding='UTF-8'?><!DOCTYPE paula SYSTEM "paula_feat.dtd">
<paula version="1.1">
	<header paula_id="rsd.GUM_academic_enjambment.mark_rsd_rel"/>
	<featList xmlns:xlink="http://www.w3.org/1999/xlink" type="rsd_rel" xml:base="rsd.GUM_academic_enjambment.mark.xml">
		<feat xlink:href="#sSpan274" value="preparation_r"/>
		<feat xlink:href="#sSpan275" value="preparation_r"/>
		<feat xlink:href="#sSpan276" value="attribution_r"/>
		<feat xlink:href="#sSpan277" value="elaboration_r"/>
		<feat xlink:href="#sSpan278" value="joint_m"/>
		<feat xlink:href="#sSpan279" value="joint_m"/>
		<feat xlink:href="#sSpan280" value="elaboration_r"/>
		<feat xlink:href="#sSpan281" value="joint_m"/>
		<feat xlink:href="#sSpan282" value="joint_m"/>
		<feat xlink:href="#sSpan283" value="elaboration_r"/>
		<feat xlink:href="#sSpan284" value="joint_m"/>
		<feat xlink:href="#sSpan285" value="preparation_r"/>
		<feat xlink:href="#sSpan286" value="background_r"/>
		<feat xlink:href="#sSpan287" value="condition_r"/>
		<feat xlink:href="#sSpan288" value="evidence_r"/>
		<feat xlink:href="#sSpan289" value="result_r"/>
		<feat xlink:href="#sSpan290" value="elaboration_r"/>
		<feat xlink:href="#sSpan291" value="joint_m"/>
		<feat xlink:href="#sSpan292" value="evidence_r"/>
		<feat xlink:href="#sSpan293" value="background_r"/>
		<feat xlink:href="#sSpan294" value="elaboration_r"/>
		<feat xlink:href="#sSpan295" value="same-unit_m"/>
		<feat xlink:href="#sSpan296" value="joint_m"/>
		<feat xlink:href="#sSpan297" value="evidence_r"/>
		<feat xlink:href="#sSpan298" value="elaboration_r"/>
		<feat xlink:href="#sSpan299" value="solutionhood_r"/>
		<feat xlink:href="#sSpan300" value="purpose_r"/>
		<feat xlink:href="#sSpan301" value="elaboration_r"/>
		<feat xlink:href="#sSpan302" value="result_r"/>
		<feat xlink:href="#sSpan303" value="background_r"/>
		<feat xlink:href="#sSpan304" value="same-unit_m"/>
		<feat xlink:href="#sSpan305" value="circumstance_r"/>
		<feat xlink:href="#sSpan306" value="ROOT"/>
		<feat xlink:href="#sSpan307" value="elaboration_r"/>
		<feat xlink:href="#sSpan308" value="elaboration_r"/>
		<feat xlink:href="#sSpan309" value="joint_m"/>
		<feat xlink:href="#sSpan310" value="question_r"/>
		<feat xlink:href="#sSpan311" value="elaboration_r"/>
		<feat xlink:href="#sSpan312" value="elaboration_r"/>
		<feat xlink:href="#sSpan313" value="condition_r"/>
		<feat xlink:href="#sSpan314" value="joint_m"/>
		<feat xlink:href="#sSpan315" value="purpose_r"/>
		<feat xlink:href="#sSpan316" value="sequence_m"/>
		<feat xlink:href="#sSpan317" value="elaboration_r"/>
		<feat xlink:href="#sSpan318" value="same-unit_m"/>
		<feat xlink:href="#sSpan319" value="evidence_r"/>
		<feat xlink:href="#sSpan320" value="elaboration_r"/>
		<feat xlink:href="#sSpan321" value="purpose_r"/>
		<feat xlink:href="#sSpan322" value="joint_m"/>
		<feat xlink:href="#sSpan323" value="sequence_m"/>
		<feat xlink:href="#sSpan324" value="means_r"/>
		<feat xlink:href="#sSpan325" value="joint_m"/>
		<feat xlink:href="#sSpan326" value="preparation_r"/>
		<feat xlink:href="#sSpan327" value="elaboration_r"/>
		<feat xlink:href="#sSpan328" value="elaboration_r"/>
		<feat xlink:href="#sSpan329" value="sequence_m"/>
		<feat xlink:href="#sSpan330" value="sequence_m"/>
		<feat xlink:href="#sSpan331" value="sequence_m"/>
		<feat xlink:href="#sSpan332" value="elaboration_r"/>
		<feat xlink:href="#sSpan333" value="elaboration_r"/>
		<feat xlink:href="#sSpan334" value="elaboration_r"/>
		<feat xlink:href="#sSpan335" value="preparation_r"/>
		<feat xlink:href="#sSpan336" value="concession_r"/>
		<feat xlink:href="#sSpan337" value="background_r"/>
		<feat xlink:href="#sSpan338" value="evidence_r"/>
		<feat xlink:href="#sSpan339" value="elaboration_r"/>
		<feat xlink:href="#sSpan340" value="restatement_r"/>
		<feat xlink:href="#sSpan341" value="same-unit_m"/>
		<feat xlink:href="#sSpan342" value="circumstance_r"/>
		<feat xlink:href="#sSpan343" value="elaboration_r"/>
		<feat xlink:href="#sSpan344" value="elaboration_r"/>
		<feat xlink:href="#sSpan345" value="same-unit_m"/>
		<feat xlink:href="#sSpan346" value="result_r"/>
		<feat xlink:href="#sSpan347" value="preparation_r"/>
		<feat xlink:href="#sSpan348" value="attribution_r"/>
		<feat xlink:href="#sSpan349" value="elaboration_r"/>
		<feat xlink:href="#sSpan350" value="condition_r"/>
		<feat xlink:href="#sSpan351" value="background_r"/>
		<feat xlink:href="#sSpan352" value="elaboration_r"/>
		<feat xlink:href="#sSpan353" value="background_r"/>
		<feat xlink:href="#sSpan354" value="joint_m"/>
		<feat xlink:href="#sSpan355" value="elaboration_r"/>
		<feat xlink:href="#sSpan356" value="background_r"/>
		<feat xlink:href="#sSpan357" value="joint_m"/>
		<feat xlink:href="#sSpan358" value="elaboration_r"/>
		<feat xlink:href="#sSpan359" value="elaboration_r"/>
		<feat xlink:href="#sSpan360" value="background_r"/>
		<feat xlink:href="#sSpan361" value="elaboration_r"/>
		<feat xlink:href="#sSpan362" value="elaboration_r"/>
		<feat xlink:href="#sSpan363" value="same-unit_m"/>
		<feat xlink:href="#sSpan364" value="elaboration_r"/>
		<feat xlink:href="#sSpan365" value="attribution_r"/>
		<feat xlink:href="#sSpan366" value="background_r"/>
		<feat xlink:href="#sSpan367" value="condition_r"/>
		<feat xlink:href="#sSpan368" value="same-unit_m"/>
		<feat xlink:href="#sSpan369" value="concession_r"/>
		<feat xlink:href="#sSpan370" value="elaboration_r"/>
		<feat xlink:href="#sSpan371" value="purpose_r"/>
		<feat xlink:href="#sSpan372" value="joint_m"/>
		<feat xlink:href="#sSpan373" value="elaboration_r"/>
		<feat xlink:href="#sSpan374" value="background_r"/>
		<feat xlink:href="#sSpan375" value="elaboration_r"/>
		<feat xlink:href="#sSpan376" value="evaluation_r"/>
		<feat xlink:href="#sSpan377" value="joint_m"/>
		<feat xlink:href="#sSpan378" value="concession_r"/>
		<feat xlink:href="#sSpan379" value="evidence_r"/>
		<feat xlink:href="#sSpan380" value="joint_m"/></featList></paula>