<?xml version='1.0' encoding='UTF-8'?><!DOCTYPE paula SYSTEM "paula_feat.dtd">
<paula version="1.1">
	<header paula_id="rsd.GUM_academic_enjambment.mark_subord"/>
	<featList xmlns:xlink="http://www.w3.org/1999/xlink" type="subord" xml:base="rsd.GUM_academic_enjambment.mark.xml">
		<feat xlink:href="#sSpan274" value="RIGHT"/>
		<feat xlink:href="#sSpan275" value="LEFT"/>
		<feat xlink:href="#sSpan287" value="LEFT"/>
		<feat xlink:href="#sSpan288" value="RIGHT"/>
		<feat xlink:href="#sSpan289" value="LEFT"/>
		<feat xlink:href="#sSpan290" value="RIGHT"/>
		<feat xlink:href="#sSpan291" value="LEFT"/>
		<feat xlink:href="#sSpan292" value="LEFT"/>
		<feat xlink:href="#sSpan293" value="RIGHT"/>
		<feat xlink:href="#sSpan294" value="LEFT"/>
		<feat xlink:href="#sSpan295" value="RIGHT"/>
		<feat xlink:href="#sSpan296" value="LEFT"/>
		<feat xlink:href="#sSpan297" value="LEFT"/>
		<feat xlink:href="#sSpan298" value="LEFT"/>
		<feat xlink:href="#sSpan299" value="RIGHT"/>
		<feat xlink:href="#sSpan300" value="LEFT"/>
		<feat xlink:href="#sSpan301" value="RIGHT"/>
		<feat xlink:href="#sSpan302" value="LEFT"/>
		<feat xlink:href="#sSpan303" value="LEFT"/>
		<feat xlink:href="#sSpan305" value="RIGHT"/>
		<feat xlink:href="#sSpan306" value="RIGHT"/>
		<feat xlink:href="#sSpan307" value="RIGHT"/>
		<feat xlink:href="#sSpan308" value="RIGHT"/>
		<feat xlink:href="#sSpan309" value="LEFT"/>
		<feat xlink:href="#sSpan312" value="RIGHT"/>
		<feat xlink:href="#sSpan313" value="RIGHT"/>
		<feat xlink:href="#sSpan314" value="LEFT"/>
		<feat xlink:href="#sSpan315" value="LEFT"/>
		<feat xlink:href="#sSpan316" value="RIGHT"/>
		<feat xlink:href="#sSpan317" value="LEFT"/>
		<feat xlink:href="#sSpan319" value="LEFT"/>
		<feat xlink:href="#sSpan321" value="RIGHT"/>
		<feat xlink:href="#sSpan322" value="LEFT"/>
		<feat xlink:href="#sSpan323" value="RIGHT"/>
		<feat xlink:href="#sSpan324" value="LEFT"/>
		<feat xlink:href="#sSpan325" value="LEFT"/>
		<feat xlink:href="#sSpan328" value="LEFT"/>
		<feat xlink:href="#sSpan329" value="RIGHT"/>
		<feat xlink:href="#sSpan330" value="LEFT"/>
		<feat xlink:href="#sSpan333" value="RIGHT"/>
		<feat xlink:href="#sSpan334" value="LEFT"/>
		<feat xlink:href="#sSpan338" value="LEFT"/>
		<feat xlink:href="#sSpan339" value="RIGHT"/>
		<feat xlink:href="#sSpan340" value="LEFT"/>
		<feat xlink:href="#sSpan342" value="RIGHT"/>
		<feat xlink:href="#sSpan343" value="LEFT"/>
		<feat xlink:href="#sSpan344" value="LEFT"/>
		<feat xlink:href="#sSpan345" value="RIGHT"/>
		<feat xlink:href="#sSpan346" value="LEFT"/>
		<feat xlink:href="#sSpan347" value="RIGHT"/>
		<feat xlink:href="#sSpan348" value="LEFT"/>
		<feat xlink:href="#sSpan349" value="RIGHT"/>
		<feat xlink:href="#sSpan350" value="LEFT"/>
		<feat xlink:href="#sSpan351" value="RIGHT"/>
		<feat xlink:href="#sSpan352" value="LEFT"/>
		<feat xlink:href="#sSpan354" value="RIGHT"/>
		<feat xlink:href="#sSpan355" value="LEFT"/>
		<feat xlink:href="#sSpan357" value="RIGHT"/>
		<feat xlink:href="#sSpan358" value="LEFT"/>
		<feat xlink:href="#sSpan359" value="LEFT"/>
		<feat xlink:href="#sSpan362" value="RIGHT"/>
		<feat xlink:href="#sSpan363" value="LEFT"/>
		<feat xlink:href="#sSpan364" value="LEFT"/>
		<feat xlink:href="#sSpan366" value="RIGHT"/>
		<feat xlink:href="#sSpan367" value="RIGHT"/>
		<feat xlink:href="#sSpan368" value="RIGHT"/>
		<feat xlink:href="#sSpan369" value="LEFT"/>
		<feat xlink:href="#sSpan370" value="LEFT"/>
		<feat xlink:href="#sSpan371" value="RIGHT"/>
		<feat xlink:href="#sSpan372" value="RIGHT"/>
		<feat xlink:href="#sSpan373" value="LEFT"/>
		<feat xlink:href="#sSpan375" value="LEFT"/>
		<feat xlink:href="#sSpan376" value="RIGHT"/>
		<feat xlink:href="#sSpan377" value="RIGHT"/>
		<feat xlink:href="#sSpan378" value="RIGHT"/>
		<feat xlink:href="#sSpan379" value="LEFT"/></featList></paula>