<?xml version='1.0' encoding='UTF-8'?><!DOCTYPE paula SYSTEM "paula_feat.dtd">
<paula version="1.1">
	<header paula_id="tei.GUM_academic_enjambment.mark_hi_rend"/>
	<featList xmlns:xlink="http://www.w3.org/1999/xlink" type="hi_rend" xml:base="tei.GUM_academic_enjambment.mark.xml">
		<feat xlink:href="#sSpan383" value="bold"/>
		<feat xlink:href="#sSpan390" value="bold"/>
		<feat xlink:href="#sSpan397" value="bold"/>
		<feat xlink:href="#sSpan461" value="bold"/>
		<feat xlink:href="#sSpan470" value="bold"/>
		<feat xlink:href="#sSpan480" value="bold"/></featList></paula>