<?xml version='1.0' encoding='UTF-8'?><!DOCTYPE paula SYSTEM "paula_rel.dtd">
<paula version="1.1">
	<header paula_id="bridge.GENTLE_dictionary_trust.bridge"/>
	<relList xmlns:xlink="http://www.w3.org/1999/xlink" type="bridge">
		<rel id="sPointingRel1121_9231" xlink:href="ref.GENTLE_dictionary_trust.mark.xml#sSpan301" target="ref.GENTLE_dictionary_trust.mark.xml#sSpan298"/>
		<rel id="sPointingRel1123_9232" xlink:href="ref.GENTLE_dictionary_trust.mark.xml#sSpan187" target="ref.GENTLE_dictionary_trust.mark.xml#sSpan179"/>
		<rel id="sPointingRel1125_9233" xlink:href="ref.GENTLE_dictionary_trust.mark.xml#sSpan277" target="ref.GENTLE_dictionary_trust.mark.xml#sSpan275"/>
		<rel id="sPointingRel1127" xlink:href="ref.GENTLE_dictionary_trust.mark.xml#sSpan251" target="ref.GENTLE_dictionary_trust.mark.xml#sSpan250"/>
		<rel id="sPointingRel1129" xlink:href="ref.GENTLE_dictionary_trust.mark.xml#sSpan372" target="ref.GENTLE_dictionary_trust.mark.xml#sSpan352"/></relList></paula>