<?xml version='1.0' encoding='UTF-8'?><!DOCTYPE paula SYSTEM "paula_feat.dtd">
<paula version="1.1">
	<header paula_id="bridge.GENTLE_dictionary_trust.bridge_type"/>
	<featList xmlns:xlink="http://www.w3.org/1999/xlink" type="type" xml:base="bridge.GENTLE_dictionary_trust.bridge.xml">
		<feat xlink:href="#sPointingRel1121_9231" value="bridge:def"/>
		<feat xlink:href="#sPointingRel1123_9232" value="bridge:other"/>
		<feat xlink:href="#sPointingRel1125_9233" value="bridge:def"/>
		<feat xlink:href="#sPointingRel1127" value="bridge:def"/>
		<feat xlink:href="#sPointingRel1129" value="bridge:other"/></featList></paula>