<?xml version='1.0' encoding='UTF-8'?><!DOCTYPE paula SYSTEM "paula_rel.dtd">
<paula version="1.1">
	<header paula_id="bridge.GENTLE_dictionary_trust.bridge"/>
	<relList xmlns:xlink="http://www.w3.org/1999/xlink" type="bridge">
		<rel id="sPointingRel1121_9231" xlink:href="ref.GENTLE_dictionary_trust.mark.xml#sSpan107" target="ref.GENTLE_dictionary_trust.mark.xml#sSpan105"/>
		<rel id="sPointingRel1123_9232" xlink:href="ref.GENTLE_dictionary_trust.mark.xml#sSpan81" target="ref.GENTLE_dictionary_trust.mark.xml#sSpan80"/>
		<rel id="sPointingRel1125_9233" xlink:href="ref.GENTLE_dictionary_trust.mark.xml#sSpan202" target="ref.GENTLE_dictionary_trust.mark.xml#sSpan182"/>
		<rel id="sPointingRel1127" xlink:href="ref.GENTLE_dictionary_trust.mark.xml#sSpan17" target="ref.GENTLE_dictionary_trust.mark.xml#sSpan9"/>
		<rel id="sPointingRel1129" xlink:href="ref.GENTLE_dictionary_trust.mark.xml#sSpan131" target="ref.GENTLE_dictionary_trust.mark.xml#sSpan128"/></relList></paula>