<?xml version='1.0' encoding='UTF-8'?><!DOCTYPE paula SYSTEM "paula_feat.dtd">
<paula version="1.1">
	<header paula_id="dep.GENTLE_dictionary_trust.dep_func"/>
	<featList xmlns:xlink="http://www.w3.org/1999/xlink" type="func" xml:base="dep.GENTLE_dictionary_trust.dep.xml">
		<feat xlink:href="#sPointingRel1" value="case"/>
		<feat xlink:href="#sPointingRel2" value="compound"/>
		<feat xlink:href="#sPointingRel3" value="amod"/>
		<feat xlink:href="#sPointingRel4" value="punct"/>
		<feat xlink:href="#sPointingRel5" value="punct"/>
		<feat xlink:href="#sPointingRel6" value="appos"/>
		<feat xlink:href="#sPointingRel7" value="punct"/>
		<feat xlink:href="#sPointingRel8" value="appos"/>
		<feat xlink:href="#sPointingRel9" value="punct"/>
		<feat xlink:href="#sPointingRel10" value="punct"/>
		<feat xlink:href="#sPointingRel11" value="punct"/>
		<feat xlink:href="#sPointingRel12" value="advmod"/>
		<feat xlink:href="#sPointingRel13" value="det"/>
		<feat xlink:href="#sPointingRel14" value="xcomp"/>
		<feat xlink:href="#sPointingRel15" value="case"/>
		<feat xlink:href="#sPointingRel16" value="amod"/>
		<feat xlink:href="#sPointingRel17" value="compound"/>
		<feat xlink:href="#sPointingRel18" value="nmod"/>
		<feat xlink:href="#sPointingRel20" value="punct"/>
		<feat xlink:href="#sPointingRel21" value="punct"/>
		<feat xlink:href="#sPointingRel22" value="appos"/>
		<feat xlink:href="#sPointingRel23" value="punct"/>
		<feat xlink:href="#sPointingRel24" value="appos"/>
		<feat xlink:href="#sPointingRel25" value="punct"/>
		<feat xlink:href="#sPointingRel26" value="appos"/>
		<feat xlink:href="#sPointingRel27" value="punct"/>
		<feat xlink:href="#sPointingRel28" value="punct"/>
		<feat xlink:href="#sPointingRel29" value="punct"/>
		<feat xlink:href="#sPointingRel30" value="conj"/>
		<feat xlink:href="#sPointingRel32" value="case"/>
		<feat xlink:href="#sPointingRel33" value="amod"/>
		<feat xlink:href="#sPointingRel34" value="punct"/>
		<feat xlink:href="#sPointingRel35" value="compound"/>
		<feat xlink:href="#sPointingRel36" value="orphan"/>
		<feat xlink:href="#sPointingRel37" value="punct"/>
		<feat xlink:href="#sPointingRel38" value="cc"/>
		<feat xlink:href="#sPointingRel39" value="det"/>
		<feat xlink:href="#sPointingRel40" value="compound"/>
		<feat xlink:href="#sPointingRel41" value="nsubj"/>
		<feat xlink:href="#sPointingRel42" value="cop"/>
		<feat xlink:href="#sPointingRel43" value="conj"/>
		<feat xlink:href="#sPointingRel45" value="punct"/>
		<feat xlink:href="#sPointingRel46" value="cc"/>
		<feat xlink:href="#sPointingRel47" value="advmod"/>
		<feat xlink:href="#sPointingRel48" value="nsubj:pass"/>
		<feat xlink:href="#sPointingRel50" value="aux:pass"/>
		<feat xlink:href="#sPointingRel51" value="conj"/>
		<feat xlink:href="#sPointingRel53" value="det"/>
		<feat xlink:href="#sPointingRel54" value="xcomp"/>
		<feat xlink:href="#sPointingRel55" value="case"/>
		<feat xlink:href="#sPointingRel56" value="det"/>
		<feat xlink:href="#sPointingRel57" value="amod"/>
		<feat xlink:href="#sPointingRel58" value="amod"/>
		<feat xlink:href="#sPointingRel59" value="compound"/>
		<feat xlink:href="#sPointingRel60" value="nmod"/>
		<feat xlink:href="#sPointingRel62" value="punct"/>
		<feat xlink:href="#sPointingRel63" value="case"/>
		<feat xlink:href="#sPointingRel64" value="det"/>
		<feat xlink:href="#sPointingRel65" value="amod"/>
		<feat xlink:href="#sPointingRel66" value="amod"/>
		<feat xlink:href="#sPointingRel67" value="punct"/>
		<feat xlink:href="#sPointingRel68" value="compound"/>
		<feat xlink:href="#sPointingRel69" value="amod"/>
		<feat xlink:href="#sPointingRel70" value="punct"/>
		<feat xlink:href="#sPointingRel71" value="amod"/>
		<feat xlink:href="#sPointingRel72" value="nmod"/>
		<feat xlink:href="#sPointingRel74" value="case"/>
		<feat xlink:href="#sPointingRel75" value="det"/>
		<feat xlink:href="#sPointingRel76" value="amod"/>
		<feat xlink:href="#sPointingRel77" value="nmod"/>
		<feat xlink:href="#sPointingRel79" value="advmod"/>
		<feat xlink:href="#sPointingRel80" value="acl"/>
		<feat xlink:href="#sPointingRel81" value="case"/>
		<feat xlink:href="#sPointingRel82" value="amod"/>
		<feat xlink:href="#sPointingRel83" value="amod"/>
		<feat xlink:href="#sPointingRel84" value="nmod"/>
		<feat xlink:href="#sPointingRel85" value="obl"/>
		<feat xlink:href="#sPointingRel87" value="punct"/>
		<feat xlink:href="#sPointingRel88" value="punct"/>
		<feat xlink:href="#sPointingRel89" value="appos"/>
		<feat xlink:href="#sPointingRel90" value="punct"/>
		<feat xlink:href="#sPointingRel91" value="punct"/>
		<feat xlink:href="#sPointingRel92" value="punct"/>
		<feat xlink:href="#sPointingRel93" value="advmod"/>
		<feat xlink:href="#sPointingRel94" value="case"/>
		<feat xlink:href="#sPointingRel95" value="compound"/>
		<feat xlink:href="#sPointingRel96" value="punct"/>
		<feat xlink:href="#sPointingRel97" value="compound"/>
		<feat xlink:href="#sPointingRel98" value="punct"/>
		<feat xlink:href="#sPointingRel99" value="compound"/>
		<feat xlink:href="#sPointingRel100" value="punct"/>
		<feat xlink:href="#sPointingRel101" value="cop"/>
		<feat xlink:href="#sPointingRel102" value="appos"/>
		<feat xlink:href="#sPointingRel103" value="punct"/>
		<feat xlink:href="#sPointingRel104" value="appos"/>
		<feat xlink:href="#sPointingRel105" value="punct"/>
		<feat xlink:href="#sPointingRel106" value="appos"/>
		<feat xlink:href="#sPointingRel107" value="punct"/>
		<feat xlink:href="#sPointingRel108" value="punct"/>
		<feat xlink:href="#sPointingRel109" value="punct"/>
		<feat xlink:href="#sPointingRel110" value="case"/>
		<feat xlink:href="#sPointingRel111" value="amod"/>
		<feat xlink:href="#sPointingRel112" value="obl"/>
		<feat xlink:href="#sPointingRel114" value="punct"/>
		<feat xlink:href="#sPointingRel115" value="punct"/>
		<feat xlink:href="#sPointingRel116" value="appos"/>
		<feat xlink:href="#sPointingRel117" value="punct"/>
		<feat xlink:href="#sPointingRel118" value="conj"/>
		<feat xlink:href="#sPointingRel120" value="punct"/>
		<feat xlink:href="#sPointingRel121" value="punct"/>
		<feat xlink:href="#sPointingRel122" value="punct"/>
		<feat xlink:href="#sPointingRel123" value="compound"/>
		<feat xlink:href="#sPointingRel124" value="compound"/>
		<feat xlink:href="#sPointingRel125" value="conj"/>
		<feat xlink:href="#sPointingRel127" value="punct"/>
		<feat xlink:href="#sPointingRel128" value="punct"/>
		<feat xlink:href="#sPointingRel129" value="appos"/>
		<feat xlink:href="#sPointingRel130" value="punct"/>
		<feat xlink:href="#sPointingRel131" value="conj"/>
		<feat xlink:href="#sPointingRel133" value="punct"/>
		<feat xlink:href="#sPointingRel134" value="punct"/>
		<feat xlink:href="#sPointingRel135" value="punct"/>
		<feat xlink:href="#sPointingRel136" value="compound"/>
		<feat xlink:href="#sPointingRel137" value="compound"/>
		<feat xlink:href="#sPointingRel138" value="conj"/>
		<feat xlink:href="#sPointingRel140" value="punct"/>
		<feat xlink:href="#sPointingRel141" value="punct"/>
		<feat xlink:href="#sPointingRel142" value="appos"/>
		<feat xlink:href="#sPointingRel143" value="punct"/>
		<feat xlink:href="#sPointingRel144" value="conj"/>
		<feat xlink:href="#sPointingRel146" value="punct"/>
		<feat xlink:href="#sPointingRel147" value="punct"/>
		<feat xlink:href="#sPointingRel148" value="punct"/>
		<feat xlink:href="#sPointingRel149" value="compound"/>
		<feat xlink:href="#sPointingRel150" value="conj"/>
		<feat xlink:href="#sPointingRel151" value="punct"/>
		<feat xlink:href="#sPointingRel152" value="punct"/>
		<feat xlink:href="#sPointingRel153" value="appos"/>
		<feat xlink:href="#sPointingRel154" value="punct"/>
		<feat xlink:href="#sPointingRel155" value="appos"/>
		<feat xlink:href="#sPointingRel156" value="punct"/>
		<feat xlink:href="#sPointingRel157" value="punct"/>
		<feat xlink:href="#sPointingRel158" value="punct"/>
		<feat xlink:href="#sPointingRel159" value="compound"/>
		<feat xlink:href="#sPointingRel160" value="conj"/>
		<feat xlink:href="#sPointingRel162" value="punct"/>
		<feat xlink:href="#sPointingRel163" value="punct"/>
		<feat xlink:href="#sPointingRel164" value="appos"/>
		<feat xlink:href="#sPointingRel165" value="punct"/>
		<feat xlink:href="#sPointingRel166" value="conj"/>
		<feat xlink:href="#sPointingRel168" value="punct"/>
		<feat xlink:href="#sPointingRel169" value="punct"/>
		<feat xlink:href="#sPointingRel170" value="punct"/>
		<feat xlink:href="#sPointingRel171" value="amod"/>
		<feat xlink:href="#sPointingRel172" value="conj"/>
		<feat xlink:href="#sPointingRel174" value="punct"/>
		<feat xlink:href="#sPointingRel175" value="appos"/>
		<feat xlink:href="#sPointingRel176" value="punct"/>
		<feat xlink:href="#sPointingRel177" value="punct"/>
		<feat xlink:href="#sPointingRel178" value="conj"/>
		<feat xlink:href="#sPointingRel180" value="punct"/>
		<feat xlink:href="#sPointingRel181" value="conj"/>
		<feat xlink:href="#sPointingRel183" value="punct"/>
		<feat xlink:href="#sPointingRel184" value="punct"/>
		<feat xlink:href="#sPointingRel185" value="punct"/>
		<feat xlink:href="#sPointingRel186" value="case"/>
		<feat xlink:href="#sPointingRel187" value="nmod"/>
		<feat xlink:href="#sPointingRel189" value="punct"/>
		<feat xlink:href="#sPointingRel190" value="case"/>
		<feat xlink:href="#sPointingRel191" value="obl"/>
		<feat xlink:href="#sPointingRel193" value="punct"/>
		<feat xlink:href="#sPointingRel194" value="vocative"/>
		<feat xlink:href="#sPointingRel195" value="punct"/>
		<feat xlink:href="#sPointingRel196" value="dep"/>
		<feat xlink:href="#sPointingRel197" value="punct"/>
		<feat xlink:href="#sPointingRel198" value="punct"/>
		<feat xlink:href="#sPointingRel199" value="dep"/>
		<feat xlink:href="#sPointingRel200" value="punct"/>
		<feat xlink:href="#sPointingRel201" value="parataxis"/>
		<feat xlink:href="#sPointingRel202" value="punct"/>
		<feat xlink:href="#sPointingRel203" value="punct"/>
		<feat xlink:href="#sPointingRel204" value="conj"/>
		<feat xlink:href="#sPointingRel205" value="punct"/>
		<feat xlink:href="#sPointingRel206" value="conj"/>
		<feat xlink:href="#sPointingRel208" value="punct"/>
		<feat xlink:href="#sPointingRel209" value="conj"/>
		<feat xlink:href="#sPointingRel211" value="punct"/>
		<feat xlink:href="#sPointingRel212" value="conj"/>
		<feat xlink:href="#sPointingRel214" value="punct"/>
		<feat xlink:href="#sPointingRel215" value="amod"/>
		<feat xlink:href="#sPointingRel216" value="nmod"/>
		<feat xlink:href="#sPointingRel217" value="punct"/>
		<feat xlink:href="#sPointingRel218" value="dep"/>
		<feat xlink:href="#sPointingRel219" value="punct"/>
		<feat xlink:href="#sPointingRel220" value="dep"/>
		<feat xlink:href="#sPointingRel221" value="punct"/>
		<feat xlink:href="#sPointingRel222" value="punct"/>
		<feat xlink:href="#sPointingRel223" value="punct"/>
		<feat xlink:href="#sPointingRel224" value="dep"/>
		<feat xlink:href="#sPointingRel225" value="punct"/>
		<feat xlink:href="#sPointingRel226" value="dep"/>
		<feat xlink:href="#sPointingRel227" value="punct"/>
		<feat xlink:href="#sPointingRel228" value="punct"/>
		<feat xlink:href="#sPointingRel229" value="parataxis"/>
		<feat xlink:href="#sPointingRel230" value="cc"/>
		<feat xlink:href="#sPointingRel231" value="conj"/>
		<feat xlink:href="#sPointingRel233" value="punct"/>
		<feat xlink:href="#sPointingRel234" value="amod"/>
		<feat xlink:href="#sPointingRel235" value="appos"/>
		<feat xlink:href="#sPointingRel236" value="punct"/>
		<feat xlink:href="#sPointingRel237" value="nmod"/>
		<feat xlink:href="#sPointingRel238" value="cc"/>
		<feat xlink:href="#sPointingRel239" value="conj"/>
		<feat xlink:href="#sPointingRel241" value="case"/>
		<feat xlink:href="#sPointingRel242" value="det"/>
		<feat xlink:href="#sPointingRel243" value="nmod"/>
		<feat xlink:href="#sPointingRel245" value="cc"/>
		<feat xlink:href="#sPointingRel246" value="conj"/>
		<feat xlink:href="#sPointingRel249" value="punct"/>
		<feat xlink:href="#sPointingRel250" value="nsubj"/>
		<feat xlink:href="#sPointingRel252" value="mark"/>
		<feat xlink:href="#sPointingRel253" value="xcomp"/>
		<feat xlink:href="#sPointingRel254" value="nmod:poss"/>
		<feat xlink:href="#sPointingRel255" value="obj"/>
		<feat xlink:href="#sPointingRel256" value="mark"/>
		<feat xlink:href="#sPointingRel257" value="nsubj"/>
		<feat xlink:href="#sPointingRel259" value="aux"/>
		<feat xlink:href="#sPointingRel260" value="advmod"/>
		<feat xlink:href="#sPointingRel261" value="advcl"/>
		<feat xlink:href="#sPointingRel263" value="mark"/>
		<feat xlink:href="#sPointingRel264" value="xcomp"/>
		<feat xlink:href="#sPointingRel265" value="obj"/>
		<feat xlink:href="#sPointingRel266" value="advmod"/>
		<feat xlink:href="#sPointingRel267" value="punct"/>
		<feat xlink:href="#sPointingRel268" value="mark"/>
		<feat xlink:href="#sPointingRel269" value="obj"/>
		<feat xlink:href="#sPointingRel270" value="case"/>
		<feat xlink:href="#sPointingRel271" value="obl"/>
		<feat xlink:href="#sPointingRel273" value="compound:prt"/>
		<feat xlink:href="#sPointingRel274" value="obj"/>
		<feat xlink:href="#sPointingRel275" value="det"/>
		<feat xlink:href="#sPointingRel276" value="acl"/>
		<feat xlink:href="#sPointingRel277" value="case"/>
		<feat xlink:href="#sPointingRel278" value="amod"/>
		<feat xlink:href="#sPointingRel279" value="obl"/>
		<feat xlink:href="#sPointingRel281" value="case"/>
		<feat xlink:href="#sPointingRel282" value="nmod"/>
		<feat xlink:href="#sPointingRel284" value="case"/>
		<feat xlink:href="#sPointingRel285" value="det"/>
		<feat xlink:href="#sPointingRel286" value="nmod"/>
		<feat xlink:href="#sPointingRel288" value="punct"/>
		<feat xlink:href="#sPointingRel289" value="parataxis"/>
		<feat xlink:href="#sPointingRel290" value="punct"/>
		<feat xlink:href="#sPointingRel291" value="case"/>
		<feat xlink:href="#sPointingRel292" value="det"/>
		<feat xlink:href="#sPointingRel293" value="amod"/>
		<feat xlink:href="#sPointingRel294" value="nmod"/>
		<feat xlink:href="#sPointingRel296" value="case"/>
		<feat xlink:href="#sPointingRel297" value="nmod"/>
		<feat xlink:href="#sPointingRel299" value="cc"/>
		<feat xlink:href="#sPointingRel300" value="conj"/>
		<feat xlink:href="#sPointingRel303" value="acl"/>
		<feat xlink:href="#sPointingRel304" value="punct"/>
		<feat xlink:href="#sPointingRel305" value="parataxis"/>
		<feat xlink:href="#sPointingRel306" value="punct"/>
		<feat xlink:href="#sPointingRel307" value="nsubj"/>
		<feat xlink:href="#sPointingRel308" value="cop"/>
		<feat xlink:href="#sPointingRel309" value="case"/>
		<feat xlink:href="#sPointingRel310" value="obl"/>
		<feat xlink:href="#sPointingRel312" value="punct"/>
		<feat xlink:href="#sPointingRel313" value="cc"/>
		<feat xlink:href="#sPointingRel314" value="det"/>
		<feat xlink:href="#sPointingRel315" value="nsubj"/>
		<feat xlink:href="#sPointingRel316" value="conj"/>
		<feat xlink:href="#sPointingRel318" value="obj"/>
		<feat xlink:href="#sPointingRel320" value="xcomp"/>
		<feat xlink:href="#sPointingRel321" value="obj"/>
		<feat xlink:href="#sPointingRel322" value="case"/>
		<feat xlink:href="#sPointingRel323" value="obl"/>
		<feat xlink:href="#sPointingRel325" value="punct"/>
		<feat xlink:href="#sPointingRel327" value="nsubj"/>
		<feat xlink:href="#sPointingRel329" value="aux:pass"/>
		<feat xlink:href="#sPointingRel331" value="acl:relcl"/>
		<feat xlink:href="#sPointingRel332" value="cc"/>
		<feat xlink:href="#sPointingRel333" value="conj"/>
		<feat xlink:href="#sPointingRel336" value="punct"/>
		<feat xlink:href="#sPointingRel337" value="parataxis"/>
		<feat xlink:href="#sPointingRel338" value="acl"/>
		<feat xlink:href="#sPointingRel339" value="case"/>
		<feat xlink:href="#sPointingRel340" value="obl"/>
		<feat xlink:href="#sPointingRel342" value="punct"/>
		<feat xlink:href="#sPointingRel343" value="det"/>
		<feat xlink:href="#sPointingRel344" value="parataxis"/>
		<feat xlink:href="#sPointingRel345" value="punct"/>
		<feat xlink:href="#sPointingRel347" value="case"/>
		<feat xlink:href="#sPointingRel348" value="obl"/>
		<feat xlink:href="#sPointingRel350" value="nsubj:pass"/>
		<feat xlink:href="#sPointingRel351" value="aux:pass"/>
		<feat xlink:href="#sPointingRel352" value="acl:relcl"/>
		<feat xlink:href="#sPointingRel353" value="punct"/>
		<feat xlink:href="#sPointingRel354" value="parataxis"/>
		<feat xlink:href="#sPointingRel355" value="case"/>
		<feat xlink:href="#sPointingRel356" value="nmod"/>
		<feat xlink:href="#sPointingRel358" value="punct"/>
		<feat xlink:href="#sPointingRel359" value="parataxis"/>
		<feat xlink:href="#sPointingRel360" value="punct"/>
		<feat xlink:href="#sPointingRel361" value="punct"/>
		<feat xlink:href="#sPointingRel362" value="punct"/>
		<feat xlink:href="#sPointingRel363" value="punct"/>
		<feat xlink:href="#sPointingRel364" value="conj"/>
		<feat xlink:href="#sPointingRel365" value="punct"/>
		<feat xlink:href="#sPointingRel366" value="det"/>
		<feat xlink:href="#sPointingRel367" value="cc"/>
		<feat xlink:href="#sPointingRel368" value="conj"/>
		<feat xlink:href="#sPointingRel370" value="case"/>
		<feat xlink:href="#sPointingRel371" value="nmod"/>
		<feat xlink:href="#sPointingRel374" value="case"/>
		<feat xlink:href="#sPointingRel375" value="obl"/>
		<feat xlink:href="#sPointingRel377" value="nsubj:pass"/>
		<feat xlink:href="#sPointingRel378" value="aux:pass"/>
		<feat xlink:href="#sPointingRel379" value="acl:relcl"/>
		<feat xlink:href="#sPointingRel380" value="punct"/>
		<feat xlink:href="#sPointingRel381" value="amod"/>
		<feat xlink:href="#sPointingRel382" value="parataxis"/>
		<feat xlink:href="#sPointingRel383" value="cc"/>
		<feat xlink:href="#sPointingRel384" value="conj"/>
		<feat xlink:href="#sPointingRel386" value="punct"/>
		<feat xlink:href="#sPointingRel387" value="punct"/>
		<feat xlink:href="#sPointingRel388" value="punct"/>
		<feat xlink:href="#sPointingRel389" value="det"/>
		<feat xlink:href="#sPointingRel390" value="acl"/>
		<feat xlink:href="#sPointingRel391" value="case"/>
		<feat xlink:href="#sPointingRel392" value="det"/>
		<feat xlink:href="#sPointingRel393" value="obl"/>
		<feat xlink:href="#sPointingRel396" value="nsubj"/>
		<feat xlink:href="#sPointingRel398" value="acl:relcl"/>
		<feat xlink:href="#sPointingRel399" value="amod"/>
		<feat xlink:href="#sPointingRel400" value="obj"/>
		<feat xlink:href="#sPointingRel401" value="case"/>
		<feat xlink:href="#sPointingRel402" value="det"/>
		<feat xlink:href="#sPointingRel403" value="nmod"/>
		<feat xlink:href="#sPointingRel405" value="mark"/>
		<feat xlink:href="#sPointingRel406" value="acl"/>
		<feat xlink:href="#sPointingRel408" value="case"/>
		<feat xlink:href="#sPointingRel409" value="det"/>
		<feat xlink:href="#sPointingRel410" value="obl"/>
		<feat xlink:href="#sPointingRel412" value="case"/>
		<feat xlink:href="#sPointingRel413" value="nmod"/>
		<feat xlink:href="#sPointingRel415" value="punct"/>
		<feat xlink:href="#sPointingRel416" value="nsubj"/>
		<feat xlink:href="#sPointingRel417" value="det"/>
		<feat xlink:href="#sPointingRel418" value="obj"/>
		<feat xlink:href="#sPointingRel419" value="case"/>
		<feat xlink:href="#sPointingRel420" value="nmod:poss"/>
		<feat xlink:href="#sPointingRel421" value="nmod:poss"/>
		<feat xlink:href="#sPointingRel422" value="case"/>
		<feat xlink:href="#sPointingRel423" value="obl"/>
		<feat xlink:href="#sPointingRel425" value="punct"/>
		<feat xlink:href="#sPointingRel426" value="punct"/>
		<feat xlink:href="#sPointingRel427" value="punct"/>
		<feat xlink:href="#sPointingRel428" value="det"/>
		<feat xlink:href="#sPointingRel429" value="advmod"/>
		<feat xlink:href="#sPointingRel430" value="nsubj:pass"/>
		<feat xlink:href="#sPointingRel431" value="cc"/>
		<feat xlink:href="#sPointingRel432" value="conj"/>
		<feat xlink:href="#sPointingRel435" value="aux:pass"/>
		<feat xlink:href="#sPointingRel436" value="acl"/>
		<feat xlink:href="#sPointingRel438" value="mark"/>
		<feat xlink:href="#sPointingRel439" value="aux:pass"/>
		<feat xlink:href="#sPointingRel440" value="advcl"/>
		<feat xlink:href="#sPointingRel442" value="case"/>
		<feat xlink:href="#sPointingRel443" value="det"/>
		<feat xlink:href="#sPointingRel444" value="amod"/>
		<feat xlink:href="#sPointingRel445" value="obl:agent"/>
		<feat xlink:href="#sPointingRel446" value="punct"/>
		<feat xlink:href="#sPointingRel447" value="det"/>
		<feat xlink:href="#sPointingRel448" value="appos"/>
		<feat xlink:href="#sPointingRel449" value="punct"/>
		<feat xlink:href="#sPointingRel450" value="punct"/>
		<feat xlink:href="#sPointingRel451" value="case"/>
		<feat xlink:href="#sPointingRel452" value="det"/>
		<feat xlink:href="#sPointingRel453" value="obl"/>
		<feat xlink:href="#sPointingRel455" value="mark"/>
		<feat xlink:href="#sPointingRel456" value="nsubj:pass"/>
		<feat xlink:href="#sPointingRel458" value="aux"/>
		<feat xlink:href="#sPointingRel460" value="aux:pass"/>
		<feat xlink:href="#sPointingRel462" value="acl"/>
		<feat xlink:href="#sPointingRel464" value="case"/>
		<feat xlink:href="#sPointingRel465" value="det"/>
		<feat xlink:href="#sPointingRel466" value="obl"/>
		<feat xlink:href="#sPointingRel468" value="obl"/>
		<feat xlink:href="#sPointingRel469" value="punct"/>
		<feat xlink:href="#sPointingRel470" value="cc"/>
		<feat xlink:href="#sPointingRel471" value="advmod"/>
		<feat xlink:href="#sPointingRel472" value="conj"/>
		<feat xlink:href="#sPointingRel475" value="case"/>
		<feat xlink:href="#sPointingRel476" value="punct"/>
		<feat xlink:href="#sPointingRel477" value="det"/>
		<feat xlink:href="#sPointingRel478" value="amod"/>
		<feat xlink:href="#sPointingRel479" value="obl"/>
		<feat xlink:href="#sPointingRel481" value="punct"/>
		<feat xlink:href="#sPointingRel482" value="case"/>
		<feat xlink:href="#sPointingRel483" value="nmod"/>
		<feat xlink:href="#sPointingRel485" value="punct"/>
		<feat xlink:href="#sPointingRel486" value="parataxis"/>
		<feat xlink:href="#sPointingRel487" value="mark"/>
		<feat xlink:href="#sPointingRel488" value="aux:pass"/>
		<feat xlink:href="#sPointingRel489" value="acl"/>
		<feat xlink:href="#sPointingRel491" value="case"/>
		<feat xlink:href="#sPointingRel492" value="det"/>
		<feat xlink:href="#sPointingRel493" value="obl"/>
		<feat xlink:href="#sPointingRel495" value="advmod"/>
		<feat xlink:href="#sPointingRel496" value="nsubj"/>
		<feat xlink:href="#sPointingRel497" value="cc"/>
		<feat xlink:href="#sPointingRel498" value="conj"/>
		<feat xlink:href="#sPointingRel501" value="advcl"/>
		<feat xlink:href="#sPointingRel503" value="obj"/>
		<feat xlink:href="#sPointingRel504" value="punct"/>
		<feat xlink:href="#sPointingRel505" value="det"/>
		<feat xlink:href="#sPointingRel506" value="case"/>
		<feat xlink:href="#sPointingRel507" value="nmod"/>
		<feat xlink:href="#sPointingRel509" value="cc"/>
		<feat xlink:href="#sPointingRel510" value="conj"/>
		<feat xlink:href="#sPointingRel513" value="acl"/>
		<feat xlink:href="#sPointingRel514" value="case"/>
		<feat xlink:href="#sPointingRel515" value="amod"/>
		<feat xlink:href="#sPointingRel516" value="obl"/>
		<feat xlink:href="#sPointingRel518" value="mark"/>
		<feat xlink:href="#sPointingRel519" value="advcl"/>
		<feat xlink:href="#sPointingRel521" value="cc"/>
		<feat xlink:href="#sPointingRel522" value="conj"/>
		<feat xlink:href="#sPointingRel525" value="amod"/>
		<feat xlink:href="#sPointingRel526" value="obj"/>
		<feat xlink:href="#sPointingRel528" value="cc"/>
		<feat xlink:href="#sPointingRel529" value="conj"/>
		<feat xlink:href="#sPointingRel532" value="punct"/>
		<feat xlink:href="#sPointingRel533" value="cc"/>
		<feat xlink:href="#sPointingRel534" value="conj"/>
		<feat xlink:href="#sPointingRel537" value="case"/>
		<feat xlink:href="#sPointingRel538" value="det"/>
		<feat xlink:href="#sPointingRel539" value="amod"/>
		<feat xlink:href="#sPointingRel540" value="obl:agent"/>
		<feat xlink:href="#sPointingRel541" value="case"/>
		<feat xlink:href="#sPointingRel542" value="nmod"/>
		<feat xlink:href="#sPointingRel544" value="punct"/>
		<feat xlink:href="#sPointingRel545" value="punct"/>
		<feat xlink:href="#sPointingRel546" value="punct"/>
		<feat xlink:href="#sPointingRel547" value="case"/>
		<feat xlink:href="#sPointingRel548" value="det"/>
		<feat xlink:href="#sPointingRel549" value="compound"/>
		<feat xlink:href="#sPointingRel550" value="nmod"/>
		<feat xlink:href="#sPointingRel552" value="case"/>
		<feat xlink:href="#sPointingRel553" value="det"/>
		<feat xlink:href="#sPointingRel554" value="nmod"/>
		<feat xlink:href="#sPointingRel556" value="case"/>
		<feat xlink:href="#sPointingRel557" value="det"/>
		<feat xlink:href="#sPointingRel558" value="compound"/>
		<feat xlink:href="#sPointingRel559" value="nmod"/>
		<feat xlink:href="#sPointingRel561" value="punct"/>
		<feat xlink:href="#sPointingRel562" value="punct"/>
		<feat xlink:href="#sPointingRel563" value="dep"/>
		<feat xlink:href="#sPointingRel564" value="case"/>
		<feat xlink:href="#sPointingRel565" value="det"/>
		<feat xlink:href="#sPointingRel566" value="nmod"/>
		<feat xlink:href="#sPointingRel568" value="cc"/>
		<feat xlink:href="#sPointingRel569" value="conj"/>
		<feat xlink:href="#sPointingRel572" value="punct"/>
		<feat xlink:href="#sPointingRel573" value="punct"/>
		<feat xlink:href="#sPointingRel574" value="conj"/>
		<feat xlink:href="#sPointingRel575" value="punct"/>
		<feat xlink:href="#sPointingRel576" value="conj"/>
		<feat xlink:href="#sPointingRel577" value="punct"/>
		<feat xlink:href="#sPointingRel578" value="dep"/>
		<feat xlink:href="#sPointingRel579" value="punct"/>
		<feat xlink:href="#sPointingRel580" value="punct"/>
		<feat xlink:href="#sPointingRel581" value="conj"/>
		<feat xlink:href="#sPointingRel582" value="punct"/>
		<feat xlink:href="#sPointingRel583" value="amod"/>
		<feat xlink:href="#sPointingRel584" value="punct"/>
		<feat xlink:href="#sPointingRel585" value="compound"/>
		<feat xlink:href="#sPointingRel586" value="amod"/>
		<feat xlink:href="#sPointingRel587" value="amod"/>
		<feat xlink:href="#sPointingRel588" value="nsubj"/>
		<feat xlink:href="#sPointingRel589" value="parataxis"/>
		<feat xlink:href="#sPointingRel590" value="punct"/>
		<feat xlink:href="#sPointingRel591" value="amod"/>
		<feat xlink:href="#sPointingRel592" value="nsubj"/>
		<feat xlink:href="#sPointingRel593" value="parataxis"/>
		<feat xlink:href="#sPointingRel594" value="punct"/>
		<feat xlink:href="#sPointingRel595" value="amod"/>
		<feat xlink:href="#sPointingRel596" value="nsubj"/>
		<feat xlink:href="#sPointingRel597" value="cc"/>
		<feat xlink:href="#sPointingRel598" value="amod"/>
		<feat xlink:href="#sPointingRel599" value="conj"/>
		<feat xlink:href="#sPointingRel602" value="parataxis"/>
		<feat xlink:href="#sPointingRel603" value="punct"/>
		<feat xlink:href="#sPointingRel604" value="punct"/>
		<feat xlink:href="#sPointingRel605" value="punct"/>
		<feat xlink:href="#sPointingRel606" value="mark"/>
		<feat xlink:href="#sPointingRel607" value="obj"/>
		<feat xlink:href="#sPointingRel608" value="obl"/>
		<feat xlink:href="#sPointingRel609" value="punct"/>
		<feat xlink:href="#sPointingRel610" value="mark"/>
		<feat xlink:href="#sPointingRel611" value="conj"/>
		<feat xlink:href="#sPointingRel612" value="obl"/>
		<feat xlink:href="#sPointingRel613" value="punct"/>
		<feat xlink:href="#sPointingRel614" value="mark"/>
		<feat xlink:href="#sPointingRel615" value="conj"/>
		<feat xlink:href="#sPointingRel616" value="obl"/>
		<feat xlink:href="#sPointingRel617" value="punct"/>
		<feat xlink:href="#sPointingRel618" value="nsubj"/>
		<feat xlink:href="#sPointingRel619" value="aux"/>
		<feat xlink:href="#sPointingRel620" value="advmod"/>
		<feat xlink:href="#sPointingRel621" value="obj"/>
		<feat xlink:href="#sPointingRel623" value="nsubj"/>
		<feat xlink:href="#sPointingRel625" value="acl:relcl"/>
		<feat xlink:href="#sPointingRel626" value="obj"/>
		<feat xlink:href="#sPointingRel627" value="punct"/>
		<feat xlink:href="#sPointingRel628" value="punct"/>
		<feat xlink:href="#sPointingRel629" value="punct"/>
		<feat xlink:href="#sPointingRel630" value="case"/>
		<feat xlink:href="#sPointingRel631" value="dep"/>
		<feat xlink:href="#sPointingRel632" value="punct"/>
		<feat xlink:href="#sPointingRel633" value="mark"/>
		<feat xlink:href="#sPointingRel634" value="obj"/>
		<feat xlink:href="#sPointingRel635" value="obl"/>
		<feat xlink:href="#sPointingRel636" value="punct"/>
		<feat xlink:href="#sPointingRel637" value="mark"/>
		<feat xlink:href="#sPointingRel638" value="parataxis"/>
		<feat xlink:href="#sPointingRel639" value="obl"/>
		<feat xlink:href="#sPointingRel640" value="case"/>
		<feat xlink:href="#sPointingRel641" value="amod"/>
		<feat xlink:href="#sPointingRel642" value="obl"/>
		<feat xlink:href="#sPointingRel644" value="cc"/>
		<feat xlink:href="#sPointingRel645" value="conj"/>
		<feat xlink:href="#sPointingRel648" value="punct"/>
		<feat xlink:href="#sPointingRel649" value="case"/>
		<feat xlink:href="#sPointingRel650" value="obl"/>
		<feat xlink:href="#sPointingRel652" value="nsubj"/>
		<feat xlink:href="#sPointingRel653" value="punct"/>
		<feat xlink:href="#sPointingRel654" value="amod"/>
		<feat xlink:href="#sPointingRel655" value="compound"/>
		<feat xlink:href="#sPointingRel656" value="dep"/>
		<feat xlink:href="#sPointingRel657" value="punct"/>
		<feat xlink:href="#sPointingRel658" value="punct"/>
		<feat xlink:href="#sPointingRel659" value="punct"/>
		<feat xlink:href="#sPointingRel660" value="mark"/>
		<feat xlink:href="#sPointingRel661" value="obj"/>
		<feat xlink:href="#sPointingRel662" value="obl"/>
		<feat xlink:href="#sPointingRel663" value="punct"/>
		<feat xlink:href="#sPointingRel664" value="mark"/>
		<feat xlink:href="#sPointingRel665" value="parataxis"/>
		<feat xlink:href="#sPointingRel666" value="punct"/>
		<feat xlink:href="#sPointingRel667" value="case"/>
		<feat xlink:href="#sPointingRel668" value="parataxis"/>
		<feat xlink:href="#sPointingRel669" value="punct"/>
		<feat xlink:href="#sPointingRel670" value="punct"/>
		<feat xlink:href="#sPointingRel671" value="punct"/>
		<feat xlink:href="#sPointingRel672" value="mark"/>
		<feat xlink:href="#sPointingRel673" value="advmod"/>
		<feat xlink:href="#sPointingRel674" value="punct"/>
		<feat xlink:href="#sPointingRel675" value="mark"/>
		<feat xlink:href="#sPointingRel676" value="parataxis"/>
		<feat xlink:href="#sPointingRel677" value="punct"/>
		<feat xlink:href="#sPointingRel678" value="advmod"/>
		<feat xlink:href="#sPointingRel679" value="case"/>
		<feat xlink:href="#sPointingRel680" value="det"/>
		<feat xlink:href="#sPointingRel681" value="obl"/>
		<feat xlink:href="#sPointingRel683" value="cc"/>
		<feat xlink:href="#sPointingRel684" value="amod"/>
		<feat xlink:href="#sPointingRel685" value="conj"/>
		<feat xlink:href="#sPointingRel688" value="case"/>
		<feat xlink:href="#sPointingRel689" value="det"/>
		<feat xlink:href="#sPointingRel690" value="obl"/>
		<feat xlink:href="#sPointingRel692" value="punct"/>
		<feat xlink:href="#sPointingRel693" value="nsubj"/>
		<feat xlink:href="#sPointingRel694" value="nsubj"/>
		<feat xlink:href="#sPointingRel695" value="aux"/>
		<feat xlink:href="#sPointingRel696" value="ccomp"/>
		<feat xlink:href="#sPointingRel697" value="nmod:poss"/>
		<feat xlink:href="#sPointingRel698" value="obj"/>
		<feat xlink:href="#sPointingRel699" value="punct"/>
		<feat xlink:href="#sPointingRel700" value="punct"/>
		<feat xlink:href="#sPointingRel701" value="punct"/>
		<feat xlink:href="#sPointingRel702" value="mark"/>
		<feat xlink:href="#sPointingRel703" value="obj"/>
		<feat xlink:href="#sPointingRel704" value="case"/>
		<feat xlink:href="#sPointingRel705" value="det"/>
		<feat xlink:href="#sPointingRel706" value="nmod"/>
		<feat xlink:href="#sPointingRel708" value="mark"/>
		<feat xlink:href="#sPointingRel709" value="advcl"/>
		<feat xlink:href="#sPointingRel711" value="obj"/>
		<feat xlink:href="#sPointingRel712" value="case"/>
		<feat xlink:href="#sPointingRel713" value="obl"/>
		<feat xlink:href="#sPointingRel715" value="punct"/>
		<feat xlink:href="#sPointingRel716" value="punct"/>
		<feat xlink:href="#sPointingRel717" value="punct"/>
		<feat xlink:href="#sPointingRel718" value="mark"/>
		<feat xlink:href="#sPointingRel719" value="punct"/>
		<feat xlink:href="#sPointingRel720" value="case"/>
		<feat xlink:href="#sPointingRel721" value="case"/>
		<feat xlink:href="#sPointingRel722" value="nmod:poss"/>
		<feat xlink:href="#sPointingRel723" value="case"/>
		<feat xlink:href="#sPointingRel724" value="obl"/>
		<feat xlink:href="#sPointingRel726" value="punct"/>
		<feat xlink:href="#sPointingRel727" value="mark"/>
		<feat xlink:href="#sPointingRel728" value="parataxis"/>
		<feat xlink:href="#sPointingRel729" value="punct"/>
		<feat xlink:href="#sPointingRel730" value="punct"/>
		<feat xlink:href="#sPointingRel731" value="punct"/>
		<feat xlink:href="#sPointingRel732" value="mark"/>
		<feat xlink:href="#sPointingRel733" value="obj"/>
		<feat xlink:href="#sPointingRel734" value="obl"/>
		<feat xlink:href="#sPointingRel735" value="punct"/>
		<feat xlink:href="#sPointingRel736" value="mark"/>
		<feat xlink:href="#sPointingRel737" value="parataxis"/>
		<feat xlink:href="#sPointingRel738" value="obl"/>
		<feat xlink:href="#sPointingRel739" value="case"/>
		<feat xlink:href="#sPointingRel740" value="obl"/>
		<feat xlink:href="#sPointingRel742" value="punct"/>
		<feat xlink:href="#sPointingRel743" value="cc"/>
		<feat xlink:href="#sPointingRel744" value="case"/>
		<feat xlink:href="#sPointingRel745" value="conj"/>
		<feat xlink:href="#sPointingRel748" value="case"/>
		<feat xlink:href="#sPointingRel749" value="amod"/>
		<feat xlink:href="#sPointingRel750" value="nmod"/>
		<feat xlink:href="#sPointingRel752" value="punct"/>
		<feat xlink:href="#sPointingRel753" value="nsubj"/>
		<feat xlink:href="#sPointingRel754" value="cc"/>
		<feat xlink:href="#sPointingRel755" value="conj"/>
		<feat xlink:href="#sPointingRel758" value="nmod:poss"/>
		<feat xlink:href="#sPointingRel759" value="obj"/>
		<feat xlink:href="#sPointingRel760" value="advmod"/>
		<feat xlink:href="#sPointingRel761" value="case"/>
		<feat xlink:href="#sPointingRel762" value="obl"/>
		<feat xlink:href="#sPointingRel764" value="punct"/>
		<feat xlink:href="#sPointingRel765" value="punct"/>
		<feat xlink:href="#sPointingRel766" value="parataxis"/>
		<feat xlink:href="#sPointingRel767" value="case"/>
		<feat xlink:href="#sPointingRel768" value="obl:agent"/>
		<feat xlink:href="#sPointingRel769" value="mark"/>
		<feat xlink:href="#sPointingRel770" value="case"/>
		<feat xlink:href="#sPointingRel771" value="punct"/>
		<feat xlink:href="#sPointingRel772" value="obl"/>
		<feat xlink:href="#sPointingRel774" value="punct"/>
		<feat xlink:href="#sPointingRel775" value="punct"/>
		<feat xlink:href="#sPointingRel776" value="mark"/>
		<feat xlink:href="#sPointingRel777" value="fixed"/>
		<feat xlink:href="#sPointingRel778" value="advcl"/>
		<feat xlink:href="#sPointingRel780" value="obj"/>
		<feat xlink:href="#sPointingRel781" value="punct"/>
		<feat xlink:href="#sPointingRel782" value="case"/>
		<feat xlink:href="#sPointingRel783" value="obl"/>
		<feat xlink:href="#sPointingRel785" value="punct"/>
		<feat xlink:href="#sPointingRel786" value="punct"/>
		<feat xlink:href="#sPointingRel787" value="mark"/>
		<feat xlink:href="#sPointingRel788" value="case"/>
		<feat xlink:href="#sPointingRel789" value="obl"/>
		<feat xlink:href="#sPointingRel791" value="aux"/>
		<feat xlink:href="#sPointingRel792" value="advcl"/>
		<feat xlink:href="#sPointingRel793" value="det"/>
		<feat xlink:href="#sPointingRel794" value="obj"/>
		<feat xlink:href="#sPointingRel795" value="punct"/>
		<feat xlink:href="#sPointingRel796" value="nsubj"/>
		<feat xlink:href="#sPointingRel798" value="mark"/>
		<feat xlink:href="#sPointingRel799" value="xcomp"/>
		<feat xlink:href="#sPointingRel800" value="case"/>
		<feat xlink:href="#sPointingRel801" value="nmod:poss"/>
		<feat xlink:href="#sPointingRel802" value="obl"/>
		<feat xlink:href="#sPointingRel804" value="case"/>
		<feat xlink:href="#sPointingRel805" value="amod"/>
		<feat xlink:href="#sPointingRel806" value="obl"/>
		<feat xlink:href="#sPointingRel808" value="punct"/>
		<feat xlink:href="#sPointingRel809" value="punct"/>
		<feat xlink:href="#sPointingRel810" value="punct"/>
		<feat xlink:href="#sPointingRel811" value="parataxis"/>
		<feat xlink:href="#sPointingRel812" value="mark"/>
		<feat xlink:href="#sPointingRel813" value="punct"/>
		<feat xlink:href="#sPointingRel814" value="mark"/>
		<feat xlink:href="#sPointingRel815" value="parataxis"/>
		<feat xlink:href="#sPointingRel816" value="advmod"/>
		<feat xlink:href="#sPointingRel817" value="punct"/>
		<feat xlink:href="#sPointingRel818" value="punct"/>
		<feat xlink:href="#sPointingRel819" value="punct"/>
		<feat xlink:href="#sPointingRel820" value="mark"/>
		<feat xlink:href="#sPointingRel821" value="obj"/>
		<feat xlink:href="#sPointingRel822" value="punct"/>
		<feat xlink:href="#sPointingRel823" value="mark"/>
		<feat xlink:href="#sPointingRel824" value="cop"/>
		<feat xlink:href="#sPointingRel825" value="parataxis"/>
		<feat xlink:href="#sPointingRel826" value="punct"/>
		<feat xlink:href="#sPointingRel827" value="mark"/>
		<feat xlink:href="#sPointingRel828" value="aux:pass"/>
		<feat xlink:href="#sPointingRel829" value="parataxis"/>
		<feat xlink:href="#sPointingRel830" value="case"/>
		<feat xlink:href="#sPointingRel831" value="obl"/>
		<feat xlink:href="#sPointingRel833" value="punct"/>
		<feat xlink:href="#sPointingRel834" value="mark"/>
		<feat xlink:href="#sPointingRel835" value="parataxis"/>
		<feat xlink:href="#sPointingRel836" value="punct"/>
		<feat xlink:href="#sPointingRel837" value="punct"/>
		<feat xlink:href="#sPointingRel838" value="punct"/>
		<feat xlink:href="#sPointingRel839" value="parataxis"/>
		<feat xlink:href="#sPointingRel840" value="mark"/>
		<feat xlink:href="#sPointingRel841" value="cc"/>
		<feat xlink:href="#sPointingRel842" value="conj"/>
		<feat xlink:href="#sPointingRel844" value="obj"/>
		<feat xlink:href="#sPointingRel846" value="case"/>
		<feat xlink:href="#sPointingRel847" value="obl"/>
		<feat xlink:href="#sPointingRel849" value="case"/>
		<feat xlink:href="#sPointingRel850" value="det"/>
		<feat xlink:href="#sPointingRel851" value="obl"/>
		<feat xlink:href="#sPointingRel853" value="case"/>
		<feat xlink:href="#sPointingRel854" value="nmod"/>
		<feat xlink:href="#sPointingRel856" value="punct"/>
		<feat xlink:href="#sPointingRel857" value="mark"/>
		<feat xlink:href="#sPointingRel858" value="parataxis"/>
		<feat xlink:href="#sPointingRel859" value="obj"/>
		<feat xlink:href="#sPointingRel860" value="punct"/>
		<feat xlink:href="#sPointingRel861" value="punct"/>
		<feat xlink:href="#sPointingRel862" value="dep"/>
		<feat xlink:href="#sPointingRel863" value="amod"/>
		<feat xlink:href="#sPointingRel864" value="dep"/>
		<feat xlink:href="#sPointingRel865" value="punct"/>
		<feat xlink:href="#sPointingRel866" value="dep"/>
		<feat xlink:href="#sPointingRel867" value="amod"/>
		<feat xlink:href="#sPointingRel868" value="dep"/>
		<feat xlink:href="#sPointingRel869" value="punct"/>
		<feat xlink:href="#sPointingRel870" value="punct"/>
		<feat xlink:href="#sPointingRel871" value="punct"/>
		<feat xlink:href="#sPointingRel872" value="punct"/>
		<feat xlink:href="#sPointingRel873" value="conj"/>
		<feat xlink:href="#sPointingRel874" value="punct"/>
		<feat xlink:href="#sPointingRel875" value="punct"/>
		<feat xlink:href="#sPointingRel876" value="punct"/>
		<feat xlink:href="#sPointingRel877" value="punct"/>
		<feat xlink:href="#sPointingRel878" value="conj"/>
		<feat xlink:href="#sPointingRel879" value="punct"/>
		<feat xlink:href="#sPointingRel880" value="punct"/>
		<feat xlink:href="#sPointingRel881" value="punct"/>
		<feat xlink:href="#sPointingRel882" value="cc"/>
		<feat xlink:href="#sPointingRel883" value="conj"/>
		<feat xlink:href="#sPointingRel885" value="case"/>
		<feat xlink:href="#sPointingRel886" value="det"/>
		<feat xlink:href="#sPointingRel887" value="obl"/>
		<feat xlink:href="#sPointingRel889" value="punct"/></featList></paula>