<?xml version='1.0' encoding='UTF-8'?><!DOCTYPE paula SYSTEM "paula_feat.dtd">
<paula version="1.1">
	<header paula_id="edep.GENTLE_dictionary_trust.edep_func"/>
	<featList xmlns:xlink="http://www.w3.org/1999/xlink" type="func" xml:base="edep.GENTLE_dictionary_trust.edep.xml">
		<feat xlink:href="#sPointingRel19" value="nmod:from"/>
		<feat xlink:href="#sPointingRel31" value="conj:and"/>
		<feat xlink:href="#sPointingRel44" value="conj:but"/>
		<feat xlink:href="#sPointingRel49" value="nsubj:xsubj"/>
		<feat xlink:href="#sPointingRel52" value="conj:and"/>
		<feat xlink:href="#sPointingRel61" value="nmod:of"/>
		<feat xlink:href="#sPointingRel73" value="nmod:from"/>
		<feat xlink:href="#sPointingRel78" value="nmod:of"/>
		<feat xlink:href="#sPointingRel86" value="obl:in"/>
		<feat xlink:href="#sPointingRel113" value="obl:to"/>
		<feat xlink:href="#sPointingRel119" value="appos"/>
		<feat xlink:href="#sPointingRel126" value="obl:to"/>
		<feat xlink:href="#sPointingRel132" value="appos"/>
		<feat xlink:href="#sPointingRel139" value="obl:to"/>
		<feat xlink:href="#sPointingRel145" value="appos"/>
		<feat xlink:href="#sPointingRel161" value="obl:to"/>
		<feat xlink:href="#sPointingRel167" value="appos"/>
		<feat xlink:href="#sPointingRel173" value="obl:to"/>
		<feat xlink:href="#sPointingRel179" value="appos"/>
		<feat xlink:href="#sPointingRel182" value="conj"/>
		<feat xlink:href="#sPointingRel188" value="nmod:of"/>
		<feat xlink:href="#sPointingRel192" value="obl:at"/>
		<feat xlink:href="#sPointingRel207" value="conj"/>
		<feat xlink:href="#sPointingRel210" value="conj"/>
		<feat xlink:href="#sPointingRel213" value="conj"/>
		<feat xlink:href="#sPointingRel232" value="conj:and"/>
		<feat xlink:href="#sPointingRel240" value="conj:or"/>
		<feat xlink:href="#sPointingRel244" value="nmod:on"/>
		<feat xlink:href="#sPointingRel247" value="nmod:on"/>
		<feat xlink:href="#sPointingRel248" value="conj:or"/>
		<feat xlink:href="#sPointingRel251" value="nsubj:xsubj"/>
		<feat xlink:href="#sPointingRel258" value="nsubj:xsubj"/>
		<feat xlink:href="#sPointingRel262" value="advcl:if"/>
		<feat xlink:href="#sPointingRel272" value="obl:in"/>
		<feat xlink:href="#sPointingRel280" value="obl:on"/>
		<feat xlink:href="#sPointingRel283" value="nmod:upon"/>
		<feat xlink:href="#sPointingRel287" value="nmod:in"/>
		<feat xlink:href="#sPointingRel295" value="nmod:in"/>
		<feat xlink:href="#sPointingRel298" value="nmod:for"/>
		<feat xlink:href="#sPointingRel301" value="nmod:for"/>
		<feat xlink:href="#sPointingRel302" value="conj:or"/>
		<feat xlink:href="#sPointingRel311" value="obl:of"/>
		<feat xlink:href="#sPointingRel317" value="conj:but"/>
		<feat xlink:href="#sPointingRel319" value="nsubj:xsubj"/>
		<feat xlink:href="#sPointingRel324" value="obl:on"/>
		<feat xlink:href="#sPointingRel326" value="nsubj"/>
		<feat xlink:href="#sPointingRel328" value="ref"/>
		<feat xlink:href="#sPointingRel330" value="aux:pass"/>
		<feat xlink:href="#sPointingRel334" value="acl:relcl"/>
		<feat xlink:href="#sPointingRel335" value="conj:or"/>
		<feat xlink:href="#sPointingRel341" value="obl:in"/>
		<feat xlink:href="#sPointingRel346" value="obl:upon"/>
		<feat xlink:href="#sPointingRel349" value="ref"/>
		<feat xlink:href="#sPointingRel357" value="nmod:of"/>
		<feat xlink:href="#sPointingRel369" value="conj:or"/>
		<feat xlink:href="#sPointingRel372" value="nmod:of"/>
		<feat xlink:href="#sPointingRel373" value="obl:to"/>
		<feat xlink:href="#sPointingRel376" value="ref"/>
		<feat xlink:href="#sPointingRel385" value="conj:or"/>
		<feat xlink:href="#sPointingRel394" value="obl:in"/>
		<feat xlink:href="#sPointingRel395" value="nsubj"/>
		<feat xlink:href="#sPointingRel397" value="ref"/>
		<feat xlink:href="#sPointingRel404" value="nmod:of"/>
		<feat xlink:href="#sPointingRel407" value="acl:to"/>
		<feat xlink:href="#sPointingRel411" value="obl:for"/>
		<feat xlink:href="#sPointingRel414" value="nmod:of"/>
		<feat xlink:href="#sPointingRel424" value="obl:into"/>
		<feat xlink:href="#sPointingRel433" value="conj:or"/>
		<feat xlink:href="#sPointingRel434" value="nsubj:pass"/>
		<feat xlink:href="#sPointingRel437" value="acl:whereby"/>
		<feat xlink:href="#sPointingRel441" value="advcl:to"/>
		<feat xlink:href="#sPointingRel454" value="obl:on"/>
		<feat xlink:href="#sPointingRel457" value="nsubj:pass"/>
		<feat xlink:href="#sPointingRel459" value="aux"/>
		<feat xlink:href="#sPointingRel461" value="aux:pass"/>
		<feat xlink:href="#sPointingRel463" value="acl:that"/>
		<feat xlink:href="#sPointingRel467" value="obl:for"/>
		<feat xlink:href="#sPointingRel473" value="acl:that"/>
		<feat xlink:href="#sPointingRel474" value="conj:or"/>
		<feat xlink:href="#sPointingRel480" value="obl:to"/>
		<feat xlink:href="#sPointingRel484" value="nmod:for"/>
		<feat xlink:href="#sPointingRel490" value="acl:to"/>
		<feat xlink:href="#sPointingRel494" value="obl:to"/>
		<feat xlink:href="#sPointingRel499" value="conj:or"/>
		<feat xlink:href="#sPointingRel500" value="nsubj"/>
		<feat xlink:href="#sPointingRel502" value="advcl:when"/>
		<feat xlink:href="#sPointingRel508" value="nmod:of"/>
		<feat xlink:href="#sPointingRel511" value="nmod:of"/>
		<feat xlink:href="#sPointingRel512" value="conj:or"/>
		<feat xlink:href="#sPointingRel517" value="obl:for"/>
		<feat xlink:href="#sPointingRel520" value="advcl:to"/>
		<feat xlink:href="#sPointingRel523" value="advcl:to"/>
		<feat xlink:href="#sPointingRel524" value="conj:and"/>
		<feat xlink:href="#sPointingRel527" value="obj"/>
		<feat xlink:href="#sPointingRel530" value="obj"/>
		<feat xlink:href="#sPointingRel531" value="conj:or"/>
		<feat xlink:href="#sPointingRel535" value="acl"/>
		<feat xlink:href="#sPointingRel536" value="conj:and"/>
		<feat xlink:href="#sPointingRel543" value="nmod:of"/>
		<feat xlink:href="#sPointingRel551" value="nmod:of"/>
		<feat xlink:href="#sPointingRel555" value="nmod:of"/>
		<feat xlink:href="#sPointingRel560" value="nmod:of"/>
		<feat xlink:href="#sPointingRel567" value="nmod:in"/>
		<feat xlink:href="#sPointingRel570" value="nmod:in"/>
		<feat xlink:href="#sPointingRel571" value="conj:or"/>
		<feat xlink:href="#sPointingRel600" value="conj:and"/>
		<feat xlink:href="#sPointingRel601" value="nsubj"/>
		<feat xlink:href="#sPointingRel622" value="nsubj"/>
		<feat xlink:href="#sPointingRel624" value="ref"/>
		<feat xlink:href="#sPointingRel643" value="obl:for"/>
		<feat xlink:href="#sPointingRel646" value="obl:for"/>
		<feat xlink:href="#sPointingRel647" value="conj:or"/>
		<feat xlink:href="#sPointingRel651" value="obl:in"/>
		<feat xlink:href="#sPointingRel682" value="obl:with"/>
		<feat xlink:href="#sPointingRel686" value="obl:with"/>
		<feat xlink:href="#sPointingRel687" value="conj:or"/>
		<feat xlink:href="#sPointingRel691" value="obl:as"/>
		<feat xlink:href="#sPointingRel707" value="nmod:in"/>
		<feat xlink:href="#sPointingRel710" value="advcl:by"/>
		<feat xlink:href="#sPointingRel714" value="obl:with"/>
		<feat xlink:href="#sPointingRel725" value="obl:as_to"/>
		<feat xlink:href="#sPointingRel741" value="obl:upon"/>
		<feat xlink:href="#sPointingRel746" value="obl:upon"/>
		<feat xlink:href="#sPointingRel747" value="conj:or"/>
		<feat xlink:href="#sPointingRel751" value="nmod:of"/>
		<feat xlink:href="#sPointingRel756" value="conj:and"/>
		<feat xlink:href="#sPointingRel757" value="nsubj"/>
		<feat xlink:href="#sPointingRel763" value="obl:with"/>
		<feat xlink:href="#sPointingRel773" value="obl:on"/>
		<feat xlink:href="#sPointingRel779" value="advcl:as_though"/>
		<feat xlink:href="#sPointingRel784" value="obl:on"/>
		<feat xlink:href="#sPointingRel790" value="obl:to"/>
		<feat xlink:href="#sPointingRel797" value="nsubj:xsubj"/>
		<feat xlink:href="#sPointingRel803" value="obl:to"/>
		<feat xlink:href="#sPointingRel807" value="obl:for"/>
		<feat xlink:href="#sPointingRel832" value="obl:to"/>
		<feat xlink:href="#sPointingRel843" value="conj:or"/>
		<feat xlink:href="#sPointingRel845" value="obj"/>
		<feat xlink:href="#sPointingRel848" value="obl:in"/>
		<feat xlink:href="#sPointingRel852" value="obl:upon"/>
		<feat xlink:href="#sPointingRel855" value="nmod:of"/>
		<feat xlink:href="#sPointingRel884" value="conj:or"/>
		<feat xlink:href="#sPointingRel888" value="obl:to"/></featList></paula>