<?xml version='1.0' encoding='UTF-8'?><!DOCTYPE paula SYSTEM "paula_feat.dtd">
<paula version="1.1">
	<header paula_id="GENTLE_dictionary_trust.tok_pos"/>
	<featList xmlns:xlink="http://www.w3.org/1999/xlink" type="pos" xml:base="GENTLE_dictionary_trust.tok.xml">
		<feat xlink:href="#sTok1" value="NN"/>
		<feat xlink:href="#sTok2" value="NP"/>
		<feat xlink:href="#sTok3" value="NN"/>
		<feat xlink:href="#sTok4" value="IN"/>
		<feat xlink:href="#sTok5" value="NP"/>
		<feat xlink:href="#sTok6" value="NP"/>
		<feat xlink:href="#sTok7" value="NN"/>
		<feat xlink:href="#sTok8" value="("/>
		<feat xlink:href="#sTok9" value="``"/>
		<feat xlink:href="#sTok10" value="NN"/>
		<feat xlink:href="#sTok11" value=","/>
		<feat xlink:href="#sTok12" value="NN"/>
		<feat xlink:href="#sTok13" value="''"/>
		<feat xlink:href="#sTok14" value=")"/>
		<feat xlink:href="#sTok15" value="SENT"/>
		<feat xlink:href="#sTok16" value="RB"/>
		<feat xlink:href="#sTok17" value="VVN"/>
		<feat xlink:href="#sTok18" value="DT"/>
		<feat xlink:href="#sTok19" value="NN"/>
		<feat xlink:href="#sTok20" value="IN"/>
		<feat xlink:href="#sTok21" value="NP"/>
		<feat xlink:href="#sTok22" value="NP"/>
		<feat xlink:href="#sTok23" value="FW"/>
		<feat xlink:href="#sTok24" value="("/>
		<feat xlink:href="#sTok25" value="``"/>
		<feat xlink:href="#sTok26" value="NN"/>
		<feat xlink:href="#sTok27" value=","/>
		<feat xlink:href="#sTok28" value="NN"/>
		<feat xlink:href="#sTok29" value=","/>
		<feat xlink:href="#sTok30" value="NN"/>
		<feat xlink:href="#sTok31" value="''"/>
		<feat xlink:href="#sTok32" value=")"/>
		<feat xlink:href="#sTok33" value=","/>
		<feat xlink:href="#sTok34" value="PP"/>
		<feat xlink:href="#sTok35" value="IN"/>
		<feat xlink:href="#sTok36" value="NP"/>
		<feat xlink:href="#sTok37" value="HYPH"/>
		<feat xlink:href="#sTok38" value="NP"/>
		<feat xlink:href="#sTok39" value="FW"/>
		<feat xlink:href="#sTok40" value=","/>
		<feat xlink:href="#sTok41" value="CC"/>
		<feat xlink:href="#sTok42" value="DT"/>
		<feat xlink:href="#sTok43" value="NN"/>
		<feat xlink:href="#sTok44" value="NN"/>
		<feat xlink:href="#sTok45" value="VBZ"/>
		<feat xlink:href="#sTok46" value="JJ"/>
		<feat xlink:href="#sTok47" value=","/>
		<feat xlink:href="#sTok48" value="CC"/>
		<feat xlink:href="#sTok49" value="RB"/>
		<feat xlink:href="#sTok50" value="PP"/>
		<feat xlink:href="#sTok51" value="VBZ"/>
		<feat xlink:href="#sTok52" value="VVN"/>
		<feat xlink:href="#sTok53" value="DT"/>
		<feat xlink:href="#sTok54" value="NN"/>
		<feat xlink:href="#sTok55" value="IN"/>
		<feat xlink:href="#sTok56" value="DT"/>
		<feat xlink:href="#sTok57" value="JJ"/>
		<feat xlink:href="#sTok58" value="NP"/>
		<feat xlink:href="#sTok59" value="NP"/>
		<feat xlink:href="#sTok60" value="FW"/>
		<feat xlink:href="#sTok61" value=","/>
		<feat xlink:href="#sTok62" value="IN"/>
		<feat xlink:href="#sTok63" value="DT"/>
		<feat xlink:href="#sTok64" value="JJ"/>
		<feat xlink:href="#sTok65" value="CD"/>
		<feat xlink:href="#sTok66" value="HYPH"/>
		<feat xlink:href="#sTok67" value="NN"/>
		<feat xlink:href="#sTok68" value="JJ"/>
		<feat xlink:href="#sTok69" value="HYPH"/>
		<feat xlink:href="#sTok70" value="JJ"/>
		<feat xlink:href="#sTok71" value="NN"/>
		<feat xlink:href="#sTok72" value="IN"/>
		<feat xlink:href="#sTok73" value="DT"/>
		<feat xlink:href="#sTok74" value="JJ"/>
		<feat xlink:href="#sTok75" value="NN"/>
		<feat xlink:href="#sTok76" value="RB"/>
		<feat xlink:href="#sTok77" value="VVN"/>
		<feat xlink:href="#sTok78" value="IN"/>
		<feat xlink:href="#sTok79" value="NP"/>
		<feat xlink:href="#sTok80" value="NP"/>
		<feat xlink:href="#sTok81" value="NP"/>
		<feat xlink:href="#sTok82" value="FW"/>
		<feat xlink:href="#sTok83" value="("/>
		<feat xlink:href="#sTok84" value="``"/>
		<feat xlink:href="#sTok85" value="NN"/>
		<feat xlink:href="#sTok86" value="''"/>
		<feat xlink:href="#sTok87" value=")"/>
		<feat xlink:href="#sTok88" value="SENT"/>
		<feat xlink:href="#sTok89" value="RB"/>
		<feat xlink:href="#sTok90" value="IN"/>
		<feat xlink:href="#sTok91" value="NP"/>
		<feat xlink:href="#sTok92" value="HYPH"/>
		<feat xlink:href="#sTok93" value="NP"/>
		<feat xlink:href="#sTok94" value="HYPH"/>
		<feat xlink:href="#sTok95" value="NP"/>
		<feat xlink:href="#sTok96" value="FW"/>
		<feat xlink:href="#sTok97" value="("/>
		<feat xlink:href="#sTok98" value="VB"/>
		<feat xlink:href="#sTok99" value="JJ"/>
		<feat xlink:href="#sTok100" value=","/>
		<feat xlink:href="#sTok101" value="JJ"/>
		<feat xlink:href="#sTok102" value=","/>
		<feat xlink:href="#sTok103" value="JJ"/>
		<feat xlink:href="#sTok104" value="''"/>
		<feat xlink:href="#sTok105" value=")"/>
		<feat xlink:href="#sTok106" value="SENT"/>
		<feat xlink:href="#sTok107" value="JJ"/>
		<feat xlink:href="#sTok108" value="IN"/>
		<feat xlink:href="#sTok109" value="NP"/>
		<feat xlink:href="#sTok110" value="FW"/>
		<feat xlink:href="#sTok111" value="("/>
		<feat xlink:href="#sTok112" value="``"/>
		<feat xlink:href="#sTok113" value="NN"/>
		<feat xlink:href="#sTok114" value=","/>
		<feat xlink:href="#sTok115" value="NN"/>
		<feat xlink:href="#sTok116" value="''"/>
		<feat xlink:href="#sTok117" value=")"/>
		<feat xlink:href="#sTok118" value=","/>
		<feat xlink:href="#sTok119" value="NP"/>
		<feat xlink:href="#sTok120" value="NP"/>
		<feat xlink:href="#sTok121" value="FW"/>
		<feat xlink:href="#sTok122" value="("/>
		<feat xlink:href="#sTok123" value="``"/>
		<feat xlink:href="#sTok124" value="NN"/>
		<feat xlink:href="#sTok125" value=","/>
		<feat xlink:href="#sTok126" value="NN"/>
		<feat xlink:href="#sTok127" value="''"/>
		<feat xlink:href="#sTok128" value=")"/>
		<feat xlink:href="#sTok129" value=","/>
		<feat xlink:href="#sTok130" value="NP"/>
		<feat xlink:href="#sTok131" value="NP"/>
		<feat xlink:href="#sTok132" value="FW"/>
		<feat xlink:href="#sTok133" value="("/>
		<feat xlink:href="#sTok134" value="``"/>
		<feat xlink:href="#sTok135" value="NN"/>
		<feat xlink:href="#sTok136" value=","/>
		<feat xlink:href="#sTok137" value="NN"/>
		<feat xlink:href="#sTok138" value="''"/>
		<feat xlink:href="#sTok139" value=")"/>
		<feat xlink:href="#sTok140" value=","/>
		<feat xlink:href="#sTok141" value="NP"/>
		<feat xlink:href="#sTok142" value="FW"/>
		<feat xlink:href="#sTok143" value="("/>
		<feat xlink:href="#sTok144" value="``"/>
		<feat xlink:href="#sTok145" value="NN"/>
		<feat xlink:href="#sTok146" value=","/>
		<feat xlink:href="#sTok147" value="NN"/>
		<feat xlink:href="#sTok148" value="''"/>
		<feat xlink:href="#sTok149" value=")"/>
		<feat xlink:href="#sTok150" value=","/>
		<feat xlink:href="#sTok151" value="NP"/>
		<feat xlink:href="#sTok152" value="FW"/>
		<feat xlink:href="#sTok153" value="("/>
		<feat xlink:href="#sTok154" value="``"/>
		<feat xlink:href="#sTok155" value="NN"/>
		<feat xlink:href="#sTok156" value=","/>
		<feat xlink:href="#sTok157" value="NN"/>
		<feat xlink:href="#sTok158" value="''"/>
		<feat xlink:href="#sTok159" value=")"/>
		<feat xlink:href="#sTok160" value=","/>
		<feat xlink:href="#sTok161" value="NP"/>
		<feat xlink:href="#sTok162" value="FW"/>
		<feat xlink:href="#sTok163" value="("/>
		<feat xlink:href="#sTok164" value="FW"/>
		<feat xlink:href="#sTok165" value=","/>
		<feat xlink:href="#sTok166" value="``"/>
		<feat xlink:href="#sTok167" value="NN"/>
		<feat xlink:href="#sTok168" value=","/>
		<feat xlink:href="#sTok169" value="NN"/>
		<feat xlink:href="#sTok170" value="''"/>
		<feat xlink:href="#sTok171" value=")"/>
		<feat xlink:href="#sTok172" value="SENT"/>
		<feat xlink:href="#sTok173" value="NN"/>
		<feat xlink:href="#sTok174" value="IN"/>
		<feat xlink:href="#sTok175" value="NN"/>
		<feat xlink:href="#sTok176" value="SENT"/>
		<feat xlink:href="#sTok177" value="JJR"/>
		<feat xlink:href="#sTok178" value="IN"/>
		<feat xlink:href="#sTok179" value="JJ"/>
		<feat xlink:href="#sTok180" value=","/>
		<feat xlink:href="#sTok181" value="NN"/>
		<feat xlink:href="#sTok182" value="SENT"/>
		<feat xlink:href="#sTok183" value="NN"/>
		<feat xlink:href="#sTok184" value="NP"/>
		<feat xlink:href="#sTok185" value=":"/>
		<feat xlink:href="#sTok186" value="NN"/>
		<feat xlink:href="#sTok187" value=","/>
		<feat xlink:href="#sTok188" value="NP"/>
		<feat xlink:href="#sTok189" value="("/>
		<feat xlink:href="#sTok190" value="NN"/>
		<feat xlink:href="#sTok191" value=")"/>
		<feat xlink:href="#sTok192" value=":"/>
		<feat xlink:href="#sTok193" value="NN"/>
		<feat xlink:href="#sTok194" value=","/>
		<feat xlink:href="#sTok195" value="NN"/>
		<feat xlink:href="#sTok196" value=","/>
		<feat xlink:href="#sTok197" value="NN"/>
		<feat xlink:href="#sTok198" value=","/>
		<feat xlink:href="#sTok199" value="NN"/>
		<feat xlink:href="#sTok200" value="("/>
		<feat xlink:href="#sTok201" value="NP"/>
		<feat xlink:href="#sTok202" value="NP"/>
		<feat xlink:href="#sTok203" value=")"/>
		<feat xlink:href="#sTok204" value="NP"/>
		<feat xlink:href="#sTok205" value="("/>
		<feat xlink:href="#sTok206" value="NN"/>
		<feat xlink:href="#sTok207" value=")"/>
		<feat xlink:href="#sTok208" value=":"/>
		<feat xlink:href="#sTok209" value="NN"/>
		<feat xlink:href="#sTok210" value="NN"/>
		<feat xlink:href="#sTok211" value="("/>
		<feat xlink:href="#sTok212" value="NP"/>
		<feat xlink:href="#sTok213" value=")"/>
		<feat xlink:href="#sTok214" value="NNS"/>
		<feat xlink:href="#sTok215" value=":"/>
		<feat xlink:href="#sTok216" value="NN"/>
		<feat xlink:href="#sTok217" value="NN"/>
		<feat xlink:href="#sTok218" value="NN"/>
		<feat xlink:href="#sTok219" value="("/>
		<feat xlink:href="#sTok220" value="JJ"/>
		<feat xlink:href="#sTok221" value="CC"/>
		<feat xlink:href="#sTok222" value="JJ"/>
		<feat xlink:href="#sTok223" value=","/>
		<feat xlink:href="#sTok224" value="JJ"/>
		<feat xlink:href="#sTok225" value="NNS"/>
		<feat xlink:href="#sTok226" value=")"/>
		<feat xlink:href="#sTok227" value="NN"/>
		<feat xlink:href="#sTok228" value="IN"/>
		<feat xlink:href="#sTok229" value="CC"/>
		<feat xlink:href="#sTok230" value="NN"/>
		<feat xlink:href="#sTok231" value="IN"/>
		<feat xlink:href="#sTok232" value="DT"/>
		<feat xlink:href="#sTok233" value="NN"/>
		<feat xlink:href="#sTok234" value="CC"/>
		<feat xlink:href="#sTok235" value="NN"/>
		<feat xlink:href="#sTok236" value="SENT"/>
		<feat xlink:href="#sTok237" value="PP"/>
		<feat xlink:href="#sTok238" value="VVZ"/>
		<feat xlink:href="#sTok239" value="TO"/>
		<feat xlink:href="#sTok240" value="VV"/>
		<feat xlink:href="#sTok241" value="PP$"/>
		<feat xlink:href="#sTok242" value="NN"/>
		<feat xlink:href="#sTok243" value="IN"/>
		<feat xlink:href="#sTok244" value="PP"/>
		<feat xlink:href="#sTok245" value="VBZ"/>
		<feat xlink:href="#sTok246" value="RB"/>
		<feat xlink:href="#sTok247" value="VVG"/>
		<feat xlink:href="#sTok248" value="TO"/>
		<feat xlink:href="#sTok249" value="VV"/>
		<feat xlink:href="#sTok250" value="PP"/>
		<feat xlink:href="#sTok251" value="RB"/>
		<feat xlink:href="#sTok252" value="SENT"/>
		<feat xlink:href="#sTok253" value="TO"/>
		<feat xlink:href="#sTok254" value="VV"/>
		<feat xlink:href="#sTok255" value="NN"/>
		<feat xlink:href="#sTok256" value="IN"/>
		<feat xlink:href="#sTok257" value="NN"/>
		<feat xlink:href="#sTok258" value="VV"/>
		<feat xlink:href="#sTok259" value="RP"/>
		<feat xlink:href="#sTok260" value="NN"/>
		<feat xlink:href="#sTok261" value="DT"/>
		<feat xlink:href="#sTok262" value="NN"/>
		<feat xlink:href="#sTok263" value="VVN"/>
		<feat xlink:href="#sTok264" value="IN"/>
		<feat xlink:href="#sTok265" value="JJ"/>
		<feat xlink:href="#sTok266" value="NN"/>
		<feat xlink:href="#sTok267" value="NN"/>
		<feat xlink:href="#sTok268" value="IN"/>
		<feat xlink:href="#sTok269" value="NN"/>
		<feat xlink:href="#sTok270" value="IN"/>
		<feat xlink:href="#sTok271" value="DT"/>
		<feat xlink:href="#sTok272" value="NN"/>
		<feat xlink:href="#sTok273" value=":"/>
		<feat xlink:href="#sTok274" value="NN"/>
		<feat xlink:href="#sTok275" value="SENT"/>
		<feat xlink:href="#sTok276" value="NN"/>
		<feat xlink:href="#sTok277" value="IN"/>
		<feat xlink:href="#sTok278" value="DT"/>
		<feat xlink:href="#sTok279" value="JJ"/>
		<feat xlink:href="#sTok280" value="NN"/>
		<feat xlink:href="#sTok281" value="IN"/>
		<feat xlink:href="#sTok282" value="NNS"/>
		<feat xlink:href="#sTok283" value="CC"/>
		<feat xlink:href="#sTok284" value="NNS"/>
		<feat xlink:href="#sTok285" value="VVN"/>
		<feat xlink:href="#sTok286" value=":"/>
		<feat xlink:href="#sTok287" value="NN"/>
		<feat xlink:href="#sTok288" value="SENT"/>
		<feat xlink:href="#sTok289" value="PP"/>
		<feat xlink:href="#sTok290" value="VBD"/>
		<feat xlink:href="#sTok291" value="IN"/>
		<feat xlink:href="#sTok292" value="IN"/>
		<feat xlink:href="#sTok293" value="NN"/>
		<feat xlink:href="#sTok294" value=","/>
		<feat xlink:href="#sTok295" value="CC"/>
		<feat xlink:href="#sTok296" value="DT"/>
		<feat xlink:href="#sTok297" value="NN"/>
		<feat xlink:href="#sTok298" value="VVD"/>
		<feat xlink:href="#sTok299" value="PP"/>
		<feat xlink:href="#sTok300" value="VH"/>
		<feat xlink:href="#sTok301" value="PP"/>
		<feat xlink:href="#sTok302" value="IN"/>
		<feat xlink:href="#sTok303" value="NN"/>
		<feat xlink:href="#sTok304" value="SENT"/>
		<feat xlink:href="#sTok305" value="DT"/>
		<feat xlink:href="#sTok306" value="WDT"/>
		<feat xlink:href="#sTok307" value="VBZ"/>
		<feat xlink:href="#sTok308" value="VVN"/>
		<feat xlink:href="#sTok309" value="CC"/>
		<feat xlink:href="#sTok310" value="VVN"/>
		<feat xlink:href="#sTok311" value=":"/>
		<feat xlink:href="#sTok312" value="NN"/>
		<feat xlink:href="#sTok313" value="VVN"/>
		<feat xlink:href="#sTok314" value="IN"/>
		<feat xlink:href="#sTok315" value="NN"/>
		<feat xlink:href="#sTok316" value=":"/>
		<feat xlink:href="#sTok317" value="DT"/>
		<feat xlink:href="#sTok318" value="NN"/>
		<feat xlink:href="#sTok319" value="SENT"/>
		<feat xlink:href="#sTok320" value="DT"/>
		<feat xlink:href="#sTok321" value="IN"/>
		<feat xlink:href="#sTok322" value="WDT"/>
		<feat xlink:href="#sTok323" value="NN"/>
		<feat xlink:href="#sTok324" value="VBZ"/>
		<feat xlink:href="#sTok325" value="VVN"/>
		<feat xlink:href="#sTok326" value=":"/>
		<feat xlink:href="#sTok327" value="NN"/>
		<feat xlink:href="#sTok328" value="IN"/>
		<feat xlink:href="#sTok329" value="NN"/>
		<feat xlink:href="#sTok330" value=":"/>
		<feat xlink:href="#sTok331" value="NN"/>
		<feat xlink:href="#sTok332" value="SENT"/>
		<feat xlink:href="#sTok333" value="("/>
		<feat xlink:href="#sTok334" value="JJ"/>
		<feat xlink:href="#sTok335" value=")"/>
		<feat xlink:href="#sTok336" value="NN"/>
		<feat xlink:href="#sTok337" value=","/>
		<feat xlink:href="#sTok338" value="NN"/>
		<feat xlink:href="#sTok339" value="SENT"/>
		<feat xlink:href="#sTok340" value="DT"/>
		<feat xlink:href="#sTok341" value="NN"/>
		<feat xlink:href="#sTok342" value="CC"/>
		<feat xlink:href="#sTok343" value="NN"/>
		<feat xlink:href="#sTok344" value="IN"/>
		<feat xlink:href="#sTok345" value="CD"/>
		<feat xlink:href="#sTok346" value="IN"/>
		<feat xlink:href="#sTok347" value="WP"/>
		<feat xlink:href="#sTok348" value="NN"/>
		<feat xlink:href="#sTok349" value="VBZ"/>
		<feat xlink:href="#sTok350" value="VVN"/>
		<feat xlink:href="#sTok351" value=":"/>
		<feat xlink:href="#sTok352" value="JJ"/>
		<feat xlink:href="#sTok353" value="NN"/>
		<feat xlink:href="#sTok354" value="CC"/>
		<feat xlink:href="#sTok355" value="NN"/>
		<feat xlink:href="#sTok356" value="SENT"/>
		<feat xlink:href="#sTok357" value="("/>
		<feat xlink:href="#sTok358" value="NN"/>
		<feat xlink:href="#sTok359" value=")"/>
		<feat xlink:href="#sTok360" value="DT"/>
		<feat xlink:href="#sTok361" value="NN"/>
		<feat xlink:href="#sTok362" value="VVN"/>
		<feat xlink:href="#sTok363" value="IN"/>
		<feat xlink:href="#sTok364" value="DT"/>
		<feat xlink:href="#sTok365" value="NN"/>
		<feat xlink:href="#sTok366" value="WP"/>
		<feat xlink:href="#sTok367" value="VHZ"/>
		<feat xlink:href="#sTok368" value="JJ"/>
		<feat xlink:href="#sTok369" value="NN"/>
		<feat xlink:href="#sTok370" value="IN"/>
		<feat xlink:href="#sTok371" value="DT"/>
		<feat xlink:href="#sTok372" value="NN"/>
		<feat xlink:href="#sTok373" value="TO"/>
		<feat xlink:href="#sTok374" value="VV"/>
		<feat xlink:href="#sTok375" value="IN"/>
		<feat xlink:href="#sTok376" value="DT"/>
		<feat xlink:href="#sTok377" value="NN"/>
		<feat xlink:href="#sTok378" value="IN"/>
		<feat xlink:href="#sTok379" value="DT"/>
		<feat xlink:href="#sTok380" value="SENT"/>
		<feat xlink:href="#sTok381" value="PP"/>
		<feat xlink:href="#sTok382" value="VVD"/>
		<feat xlink:href="#sTok383" value="DT"/>
		<feat xlink:href="#sTok384" value="NN"/>
		<feat xlink:href="#sTok385" value="IN"/>
		<feat xlink:href="#sTok386" value="PP$"/>
		<feat xlink:href="#sTok387" value="NN"/>
		<feat xlink:href="#sTok388" value="POS"/>
		<feat xlink:href="#sTok389" value="NN"/>
		<feat xlink:href="#sTok390" value="SENT"/>
		<feat xlink:href="#sTok391" value="("/>
		<feat xlink:href="#sTok392" value="NN"/>
		<feat xlink:href="#sTok393" value=")"/>
		<feat xlink:href="#sTok394" value="DT"/>
		<feat xlink:href="#sTok395" value="NN"/>
		<feat xlink:href="#sTok396" value="WRB"/>
		<feat xlink:href="#sTok397" value="NN"/>
		<feat xlink:href="#sTok398" value="CC"/>
		<feat xlink:href="#sTok399" value="NN"/>
		<feat xlink:href="#sTok400" value="VBZ"/>
		<feat xlink:href="#sTok401" value="VVN"/>
		<feat xlink:href="#sTok402" value="TO"/>
		<feat xlink:href="#sTok403" value="VB"/>
		<feat xlink:href="#sTok404" value="VVN"/>
		<feat xlink:href="#sTok405" value="IN"/>
		<feat xlink:href="#sTok406" value="DT"/>
		<feat xlink:href="#sTok407" value="JJ"/>
		<feat xlink:href="#sTok408" value="NN"/>
		<feat xlink:href="#sTok409" value="("/>
		<feat xlink:href="#sTok410" value="DT"/>
		<feat xlink:href="#sTok411" value="NN"/>
		<feat xlink:href="#sTok412" value=")"/>
		<feat xlink:href="#sTok413" value=","/>
		<feat xlink:href="#sTok414" value="IN"/>
		<feat xlink:href="#sTok415" value="DT"/>
		<feat xlink:href="#sTok416" value="NN"/>
		<feat xlink:href="#sTok417" value="IN/that"/>
		<feat xlink:href="#sTok418" value="PP"/>
		<feat xlink:href="#sTok419" value="MD"/>
		<feat xlink:href="#sTok420" value="VB"/>
		<feat xlink:href="#sTok421" value="VVN"/>
		<feat xlink:href="#sTok422" value="IN"/>
		<feat xlink:href="#sTok423" value="DT"/>
		<feat xlink:href="#sTok424" value="NN"/>
		<feat xlink:href="#sTok425" value="IN"/>
		<feat xlink:href="#sTok426" value=","/>
		<feat xlink:href="#sTok427" value="CC"/>
		<feat xlink:href="#sTok428" value="RB"/>
		<feat xlink:href="#sTok429" value="VVN"/>
		<feat xlink:href="#sTok430" value="IN"/>
		<feat xlink:href="#sTok431" value=","/>
		<feat xlink:href="#sTok432" value="DT"/>
		<feat xlink:href="#sTok433" value="VVN"/>
		<feat xlink:href="#sTok434" value="NN"/>
		<feat xlink:href="#sTok435" value=":"/>
		<feat xlink:href="#sTok436" value="IN"/>
		<feat xlink:href="#sTok437" value="NN"/>
		<feat xlink:href="#sTok438" value=","/>
		<feat xlink:href="#sTok439" value="NN"/>
		<feat xlink:href="#sTok440" value="TO"/>
		<feat xlink:href="#sTok441" value="VB"/>
		<feat xlink:href="#sTok442" value="VVN"/>
		<feat xlink:href="#sTok443" value="IN"/>
		<feat xlink:href="#sTok444" value="DT"/>
		<feat xlink:href="#sTok445" value="NN"/>
		<feat xlink:href="#sTok446" value="WRB"/>
		<feat xlink:href="#sTok447" value="PP"/>
		<feat xlink:href="#sTok448" value="CC"/>
		<feat xlink:href="#sTok449" value="PP"/>
		<feat xlink:href="#sTok450" value="VVZ"/>
		<feat xlink:href="#sTok451" value="NN"/>
		<feat xlink:href="#sTok452" value="SENT"/>
		<feat xlink:href="#sTok453" value="DT"/>
		<feat xlink:href="#sTok454" value="NN"/>
		<feat xlink:href="#sTok455" value="IN"/>
		<feat xlink:href="#sTok456" value="NNS"/>
		<feat xlink:href="#sTok457" value="CC"/>
		<feat xlink:href="#sTok458" value="NNS"/>
		<feat xlink:href="#sTok459" value="VVN"/>
		<feat xlink:href="#sTok460" value="IN"/>
		<feat xlink:href="#sTok461" value="JJ"/>
		<feat xlink:href="#sTok462" value="NN"/>
		<feat xlink:href="#sTok463" value="TO"/>
		<feat xlink:href="#sTok464" value="VV"/>
		<feat xlink:href="#sTok465" value="CC"/>
		<feat xlink:href="#sTok466" value="VV"/>
		<feat xlink:href="#sTok467" value="JJ"/>
		<feat xlink:href="#sTok468" value="NNS"/>
		<feat xlink:href="#sTok469" value="CC"/>
		<feat xlink:href="#sTok470" value="NNS"/>
		<feat xlink:href="#sTok471" value=","/>
		<feat xlink:href="#sTok472" value="CC"/>
		<feat xlink:href="#sTok473" value="VVN"/>
		<feat xlink:href="#sTok474" value="IN"/>
		<feat xlink:href="#sTok475" value="DT"/>
		<feat xlink:href="#sTok476" value="JJ"/>
		<feat xlink:href="#sTok477" value="NN"/>
		<feat xlink:href="#sTok478" value="IN"/>
		<feat xlink:href="#sTok479" value="NNS"/>
		<feat xlink:href="#sTok480" value="SENT"/>
		<feat xlink:href="#sTok481" value="("/>
		<feat xlink:href="#sTok482" value="NN"/>
		<feat xlink:href="#sTok483" value=")"/>
		<feat xlink:href="#sTok484" value="NN"/>
		<feat xlink:href="#sTok485" value="IN"/>
		<feat xlink:href="#sTok486" value="DT"/>
		<feat xlink:href="#sTok487" value="NN"/>
		<feat xlink:href="#sTok488" value="NNS"/>
		<feat xlink:href="#sTok489" value="IN"/>
		<feat xlink:href="#sTok490" value="DT"/>
		<feat xlink:href="#sTok491" value="NN"/>
		<feat xlink:href="#sTok492" value="IN"/>
		<feat xlink:href="#sTok493" value="DT"/>
		<feat xlink:href="#sTok494" value="NN"/>
		<feat xlink:href="#sTok495" value="NN"/>
		<feat xlink:href="#sTok496" value="SENT"/>
		<feat xlink:href="#sTok497" value="NNS"/>
		<feat xlink:href="#sTok498" value="("/>
		<feat xlink:href="#sTok499" value="NN"/>
		<feat xlink:href="#sTok500" value="IN"/>
		<feat xlink:href="#sTok501" value="DT"/>
		<feat xlink:href="#sTok502" value="NN"/>
		<feat xlink:href="#sTok503" value="CC"/>
		<feat xlink:href="#sTok504" value="NN"/>
		<feat xlink:href="#sTok505" value=")"/>
		<feat xlink:href="#sTok506" value="NN"/>
		<feat xlink:href="#sTok507" value=","/>
		<feat xlink:href="#sTok508" value="NN"/>
		<feat xlink:href="#sTok509" value=","/>
		<feat xlink:href="#sTok510" value="NN"/>
		<feat xlink:href="#sTok511" value="("/>
		<feat xlink:href="#sTok512" value="NN"/>
		<feat xlink:href="#sTok513" value=")"/>
		<feat xlink:href="#sTok514" value="NN"/>
		<feat xlink:href="#sTok515" value=","/>
		<feat xlink:href="#sTok516" value="NN"/>
		<feat xlink:href="#sTok517" value="NPS"/>
		<feat xlink:href="#sTok518" value="NN"/>
		<feat xlink:href="#sTok519" value="NN"/>
		<feat xlink:href="#sTok520" value="JJ"/>
		<feat xlink:href="#sTok521" value="NP"/>
		<feat xlink:href="#sTok522" value="NN"/>
		<feat xlink:href="#sTok523" value="NN"/>
		<feat xlink:href="#sTok524" value="("/>
		<feat xlink:href="#sTok525" value="JJ"/>
		<feat xlink:href="#sTok526" value="HYPH"/>
		<feat xlink:href="#sTok527" value="NN"/>
		<feat xlink:href="#sTok528" value="JJ"/>
		<feat xlink:href="#sTok529" value="JJ"/>
		<feat xlink:href="#sTok530" value="NN"/>
		<feat xlink:href="#sTok531" value="NNS"/>
		<feat xlink:href="#sTok532" value=","/>
		<feat xlink:href="#sTok533" value="JJ"/>
		<feat xlink:href="#sTok534" value="NN"/>
		<feat xlink:href="#sTok535" value="VVG"/>
		<feat xlink:href="#sTok536" value=","/>
		<feat xlink:href="#sTok537" value="JJ"/>
		<feat xlink:href="#sTok538" value="NN"/>
		<feat xlink:href="#sTok539" value="CC"/>
		<feat xlink:href="#sTok540" value="JJ"/>
		<feat xlink:href="#sTok541" value="NN"/>
		<feat xlink:href="#sTok542" value="VVN"/>
		<feat xlink:href="#sTok543" value=")"/>
		<feat xlink:href="#sTok544" value="("/>
		<feat xlink:href="#sTok545" value="JJ"/>
		<feat xlink:href="#sTok546" value=")"/>
		<feat xlink:href="#sTok547" value="TO"/>
		<feat xlink:href="#sTok548" value="VV"/>
		<feat xlink:href="#sTok549" value="NN"/>
		<feat xlink:href="#sTok550" value="IN"/>
		<feat xlink:href="#sTok551" value=","/>
		<feat xlink:href="#sTok552" value="TO"/>
		<feat xlink:href="#sTok553" value="VV"/>
		<feat xlink:href="#sTok554" value="IN"/>
		<feat xlink:href="#sTok555" value=","/>
		<feat xlink:href="#sTok556" value="TO"/>
		<feat xlink:href="#sTok557" value="VV"/>
		<feat xlink:href="#sTok558" value="IN"/>
		<feat xlink:href="#sTok559" value="SENT"/>
		<feat xlink:href="#sTok560" value="PP"/>
		<feat xlink:href="#sTok561" value="MD"/>
		<feat xlink:href="#sTok562" value="RB"/>
		<feat xlink:href="#sTok563" value="VV"/>
		<feat xlink:href="#sTok564" value="NN"/>
		<feat xlink:href="#sTok565" value="WP"/>
		<feat xlink:href="#sTok566" value="VVZ"/>
		<feat xlink:href="#sTok567" value="PP"/>
		<feat xlink:href="#sTok568" value="SENT"/>
		<feat xlink:href="#sTok569" value="("/>
		<feat xlink:href="#sTok570" value="JJ"/>
		<feat xlink:href="#sTok571" value=","/>
		<feat xlink:href="#sTok572" value="IN"/>
		<feat xlink:href="#sTok573" value="RB"/>
		<feat xlink:href="#sTok574" value=")"/>
		<feat xlink:href="#sTok575" value="TO"/>
		<feat xlink:href="#sTok576" value="VH"/>
		<feat xlink:href="#sTok577" value="NN"/>
		<feat xlink:href="#sTok578" value="IN"/>
		<feat xlink:href="#sTok579" value=":"/>
		<feat xlink:href="#sTok580" value="TO"/>
		<feat xlink:href="#sTok581" value="VV"/>
		<feat xlink:href="#sTok582" value="IN"/>
		<feat xlink:href="#sTok583" value="IN"/>
		<feat xlink:href="#sTok584" value="VVG"/>
		<feat xlink:href="#sTok585" value="NN"/>
		<feat xlink:href="#sTok586" value="CC"/>
		<feat xlink:href="#sTok587" value="NN"/>
		<feat xlink:href="#sTok588" value="SENT"/>
		<feat xlink:href="#sTok589" value="IN"/>
		<feat xlink:href="#sTok590" value="NP"/>
		<feat xlink:href="#sTok591" value="PP"/>
		<feat xlink:href="#sTok592" value="VVP"/>
		<feat xlink:href="#sTok593" value="("/>
		<feat xlink:href="#sTok594" value="JJ"/>
		<feat xlink:href="#sTok595" value="NP"/>
		<feat xlink:href="#sTok596" value="NN"/>
		<feat xlink:href="#sTok597" value=")"/>
		<feat xlink:href="#sTok598" value="("/>
		<feat xlink:href="#sTok599" value="JJ"/>
		<feat xlink:href="#sTok600" value=")"/>
		<feat xlink:href="#sTok601" value="TO"/>
		<feat xlink:href="#sTok602" value="VV"/>
		<feat xlink:href="#sTok603" value="NN"/>
		<feat xlink:href="#sTok604" value="IN"/>
		<feat xlink:href="#sTok605" value=":"/>
		<feat xlink:href="#sTok606" value="TO"/>
		<feat xlink:href="#sTok607" value="VV"/>
		<feat xlink:href="#sTok608" value=":"/>
		<feat xlink:href="#sTok609" value="IN"/>
		<feat xlink:href="#sTok610" value="NN"/>
		<feat xlink:href="#sTok611" value="SENT"/>
		<feat xlink:href="#sTok612" value="("/>
		<feat xlink:href="#sTok613" value="JJ"/>
		<feat xlink:href="#sTok614" value=")"/>
		<feat xlink:href="#sTok615" value="TO"/>
		<feat xlink:href="#sTok616" value="VV"/>
		<feat xlink:href="#sTok617" value="RB"/>
		<feat xlink:href="#sTok618" value=":"/>
		<feat xlink:href="#sTok619" value="TO"/>
		<feat xlink:href="#sTok620" value="VV"/>
		<feat xlink:href="#sTok621" value="("/>
		<feat xlink:href="#sTok622" value="RB"/>
		<feat xlink:href="#sTok623" value="IN"/>
		<feat xlink:href="#sTok624" value="DT"/>
		<feat xlink:href="#sTok625" value="NN"/>
		<feat xlink:href="#sTok626" value="CC"/>
		<feat xlink:href="#sTok627" value="JJ"/>
		<feat xlink:href="#sTok628" value="NN"/>
		<feat xlink:href="#sTok629" value="IN"/>
		<feat xlink:href="#sTok630" value="DT"/>
		<feat xlink:href="#sTok631" value="NN"/>
		<feat xlink:href="#sTok632" value=")"/>
		<feat xlink:href="#sTok633" value="PP"/>
		<feat xlink:href="#sTok634" value="VVP"/>
		<feat xlink:href="#sTok635" value="PP"/>
		<feat xlink:href="#sTok636" value="VHP"/>
		<feat xlink:href="#sTok637" value="VVN"/>
		<feat xlink:href="#sTok638" value="PP$"/>
		<feat xlink:href="#sTok639" value="NN"/>
		<feat xlink:href="#sTok640" value="SENT"/>
		<feat xlink:href="#sTok641" value="("/>
		<feat xlink:href="#sTok642" value="JJ"/>
		<feat xlink:href="#sTok643" value=")"/>
		<feat xlink:href="#sTok644" value="TO"/>
		<feat xlink:href="#sTok645" value="VV"/>
		<feat xlink:href="#sTok646" value="NN"/>
		<feat xlink:href="#sTok647" value="IN"/>
		<feat xlink:href="#sTok648" value="DT"/>
		<feat xlink:href="#sTok649" value="NN"/>
		<feat xlink:href="#sTok650" value="IN"/>
		<feat xlink:href="#sTok651" value="VVG"/>
		<feat xlink:href="#sTok652" value="PP"/>
		<feat xlink:href="#sTok653" value="IN"/>
		<feat xlink:href="#sTok654" value="NN"/>
		<feat xlink:href="#sTok655" value="SENT"/>
		<feat xlink:href="#sTok656" value="("/>
		<feat xlink:href="#sTok657" value="JJ"/>
		<feat xlink:href="#sTok658" value=")"/>
		<feat xlink:href="#sTok659" value="TO"/>
		<feat xlink:href="#sTok660" value="VV"/>
		<feat xlink:href="#sTok661" value=","/>
		<feat xlink:href="#sTok662" value="IN"/>
		<feat xlink:href="#sTok663" value="IN"/>
		<feat xlink:href="#sTok664" value="PP"/>
		<feat xlink:href="#sTok665" value="POS"/>
		<feat xlink:href="#sTok666" value="NN"/>
		<feat xlink:href="#sTok667" value=":"/>
		<feat xlink:href="#sTok668" value="TO"/>
		<feat xlink:href="#sTok669" value="VV"/>
		<feat xlink:href="#sTok670" value="SENT"/>
		<feat xlink:href="#sTok671" value="("/>
		<feat xlink:href="#sTok672" value="JJ"/>
		<feat xlink:href="#sTok673" value=")"/>
		<feat xlink:href="#sTok674" value="TO"/>
		<feat xlink:href="#sTok675" value="VV"/>
		<feat xlink:href="#sTok676" value="NN"/>
		<feat xlink:href="#sTok677" value="IN"/>
		<feat xlink:href="#sTok678" value=":"/>
		<feat xlink:href="#sTok679" value="TO"/>
		<feat xlink:href="#sTok680" value="VV"/>
		<feat xlink:href="#sTok681" value="IN"/>
		<feat xlink:href="#sTok682" value="IN"/>
		<feat xlink:href="#sTok683" value="NN"/>
		<feat xlink:href="#sTok684" value=","/>
		<feat xlink:href="#sTok685" value="CC"/>
		<feat xlink:href="#sTok686" value="IN"/>
		<feat xlink:href="#sTok687" value="NN"/>
		<feat xlink:href="#sTok688" value="IN"/>
		<feat xlink:href="#sTok689" value="JJ"/>
		<feat xlink:href="#sTok690" value="NN"/>
		<feat xlink:href="#sTok691" value="SENT"/>
		<feat xlink:href="#sTok692" value="NNS"/>
		<feat xlink:href="#sTok693" value="CC"/>
		<feat xlink:href="#sTok694" value="NNS"/>
		<feat xlink:href="#sTok695" value="VVP"/>
		<feat xlink:href="#sTok696" value="PP$"/>
		<feat xlink:href="#sTok697" value="NNS"/>
		<feat xlink:href="#sTok698" value="RB"/>
		<feat xlink:href="#sTok699" value="IN"/>
		<feat xlink:href="#sTok700" value="NNS"/>
		<feat xlink:href="#sTok701" value="SENT"/>
		<feat xlink:href="#sTok702" value="("/>
		<feat xlink:href="#sTok703" value="JJ"/>
		<feat xlink:href="#sTok704" value="VVN"/>
		<feat xlink:href="#sTok705" value="IN"/>
		<feat xlink:href="#sTok706" value="IN"/>
		<feat xlink:href="#sTok707" value="TO"/>
		<feat xlink:href="#sTok708" value="VV"/>
		<feat xlink:href="#sTok709" value="IN"/>
		<feat xlink:href="#sTok710" value="("/>
		<feat xlink:href="#sTok711" value="NN"/>
		<feat xlink:href="#sTok712" value=")"/>
		<feat xlink:href="#sTok713" value=","/>
		<feat xlink:href="#sTok714" value="IN"/>
		<feat xlink:href="#sTok715" value="IN"/>
		<feat xlink:href="#sTok716" value="VHG"/>
		<feat xlink:href="#sTok717" value="NN"/>
		<feat xlink:href="#sTok718" value="("/>
		<feat xlink:href="#sTok719" value="IN"/>
		<feat xlink:href="#sTok720" value="PP"/>
		<feat xlink:href="#sTok721" value=")"/>
		<feat xlink:href="#sTok722" value="SENT"/>
		<feat xlink:href="#sTok723" value="TO"/>
		<feat xlink:href="#sTok724" value="VV"/>
		<feat xlink:href="#sTok725" value="IN"/>
		<feat xlink:href="#sTok726" value="NN"/>
		<feat xlink:href="#sTok727" value="VHG"/>
		<feat xlink:href="#sTok728" value="VVN"/>
		<feat xlink:href="#sTok729" value="DT"/>
		<feat xlink:href="#sTok730" value="NN"/>
		<feat xlink:href="#sTok731" value=","/>
		<feat xlink:href="#sTok732" value="PP"/>
		<feat xlink:href="#sTok733" value="VHD"/>
		<feat xlink:href="#sTok734" value="TO"/>
		<feat xlink:href="#sTok735" value="VV"/>
		<feat xlink:href="#sTok736" value="IN"/>
		<feat xlink:href="#sTok737" value="PP$"/>
		<feat xlink:href="#sTok738" value="NN"/>
		<feat xlink:href="#sTok739" value="IN"/>
		<feat xlink:href="#sTok740" value="JJR"/>
		<feat xlink:href="#sTok741" value="NNS"/>
		<feat xlink:href="#sTok742" value="SENT"/>
		<feat xlink:href="#sTok743" value="("/>
		<feat xlink:href="#sTok744" value="JJ"/>
		<feat xlink:href="#sTok745" value=","/>
		<feat xlink:href="#sTok746" value="JJ"/>
		<feat xlink:href="#sTok747" value="TO"/>
		<feat xlink:href="#sTok748" value="VV"/>
		<feat xlink:href="#sTok749" value=":"/>
		<feat xlink:href="#sTok750" value="TO"/>
		<feat xlink:href="#sTok751" value="VV"/>
		<feat xlink:href="#sTok752" value="RB"/>
		<feat xlink:href="#sTok753" value="SENT"/>
		<feat xlink:href="#sTok754" value="("/>
		<feat xlink:href="#sTok755" value="JJ"/>
		<feat xlink:href="#sTok756" value=")"/>
		<feat xlink:href="#sTok757" value="TO"/>
		<feat xlink:href="#sTok758" value="VH"/>
		<feat xlink:href="#sTok759" value="NN"/>
		<feat xlink:href="#sTok760" value=":"/>
		<feat xlink:href="#sTok761" value="TO"/>
		<feat xlink:href="#sTok762" value="VB"/>
		<feat xlink:href="#sTok763" value="JJ"/>
		<feat xlink:href="#sTok764" value=":"/>
		<feat xlink:href="#sTok765" value="TO"/>
		<feat xlink:href="#sTok766" value="VB"/>
		<feat xlink:href="#sTok767" value="VVN"/>
		<feat xlink:href="#sTok768" value="IN"/>
		<feat xlink:href="#sTok769" value="NN"/>
		<feat xlink:href="#sTok770" value=":"/>
		<feat xlink:href="#sTok771" value="TO"/>
		<feat xlink:href="#sTok772" value="VV"/>
		<feat xlink:href="#sTok773" value="SENT"/>
		<feat xlink:href="#sTok774" value="("/>
		<feat xlink:href="#sTok775" value="JJ"/>
		<feat xlink:href="#sTok776" value=","/>
		<feat xlink:href="#sTok777" value="JJ"/>
		<feat xlink:href="#sTok778" value="TO"/>
		<feat xlink:href="#sTok779" value="VV"/>
		<feat xlink:href="#sTok780" value="CC"/>
		<feat xlink:href="#sTok781" value="VV"/>
		<feat xlink:href="#sTok782" value="NN"/>
		<feat xlink:href="#sTok783" value="IN"/>
		<feat xlink:href="#sTok784" value="NN"/>
		<feat xlink:href="#sTok785" value="IN"/>
		<feat xlink:href="#sTok786" value="DT"/>
		<feat xlink:href="#sTok787" value="NN"/>
		<feat xlink:href="#sTok788" value="IN"/>
		<feat xlink:href="#sTok789" value="NN"/>
		<feat xlink:href="#sTok790" value=":"/>
		<feat xlink:href="#sTok791" value="TO"/>
		<feat xlink:href="#sTok792" value="VV"/>
		<feat xlink:href="#sTok793" value="NN"/>
		<feat xlink:href="#sTok794" value="SENT"/>
		<feat xlink:href="#sTok795" value="NPS"/>
		<feat xlink:href="#sTok796" value="NN"/>
		<feat xlink:href="#sTok797" value="NN"/>
		<feat xlink:href="#sTok798" value="NN"/>
		<feat xlink:href="#sTok799" value="NN"/>
		<feat xlink:href="#sTok800" value="("/>
		<feat xlink:href="#sTok801" value="JJ"/>
		<feat xlink:href="#sTok802" value="JJR"/>
		<feat xlink:href="#sTok803" value="NN"/>
		<feat xlink:href="#sTok804" value=","/>
		<feat xlink:href="#sTok805" value="JJ"/>
		<feat xlink:href="#sTok806" value="RBS"/>
		<feat xlink:href="#sTok807" value="NN"/>
		<feat xlink:href="#sTok808" value=")"/>
		<feat xlink:href="#sTok809" value="("/>
		<feat xlink:href="#sTok810" value="JJ"/>
		<feat xlink:href="#sTok811" value=")"/>
		<feat xlink:href="#sTok812" value="JJ"/>
		<feat xlink:href="#sTok813" value=","/>
		<feat xlink:href="#sTok814" value="JJ"/>
		<feat xlink:href="#sTok815" value="SENT"/>
		<feat xlink:href="#sTok816" value="("/>
		<feat xlink:href="#sTok817" value="JJ"/>
		<feat xlink:href="#sTok818" value=")"/>
		<feat xlink:href="#sTok819" value="JJ"/>
		<feat xlink:href="#sTok820" value=","/>
		<feat xlink:href="#sTok821" value="JJ"/>
		<feat xlink:href="#sTok822" value="SENT"/>
		<feat xlink:href="#sTok823" value="("/>
		<feat xlink:href="#sTok824" value="NN"/>
		<feat xlink:href="#sTok825" value=")"/>
		<feat xlink:href="#sTok826" value="IN"/>
		<feat xlink:href="#sTok827" value="CC"/>
		<feat xlink:href="#sTok828" value="VVG"/>
		<feat xlink:href="#sTok829" value="IN"/>
		<feat xlink:href="#sTok830" value="DT"/>
		<feat xlink:href="#sTok831" value="NN"/>
		<feat xlink:href="#sTok832" value="SENT"/></featList></paula>