<?xml version='1.0' encoding='UTF-8'?><!DOCTYPE paula SYSTEM "paula_mark.dtd">
<paula version="1.1">
	<header paula_id="GENTLE_dictionary_trust.tok"/>
	<markList xmlns:xlink="http://www.w3.org/1999/xlink" type="tok" xml:base="GENTLE_dictionary_trust.text.xml">
		<!--trust-->
		<mark id="sTok1" xlink:href="#xpointer(string-range(//body,'',1,5))"/>
		<!--English-->
		<mark id="sTok2" xlink:href="#xpointer(string-range(//body,'',7,7))"/>
		<!--Etymology-->
		<mark id="sTok3" xlink:href="#xpointer(string-range(//body,'',15,9))"/>
		<!--From-->
		<mark id="sTok4" xlink:href="#xpointer(string-range(//body,'',25,4))"/>
		<!--Middle-->
		<mark id="sTok5" xlink:href="#xpointer(string-range(//body,'',30,6))"/>
		<!--English-->
		<mark id="sTok6" xlink:href="#xpointer(string-range(//body,'',37,7))"/>
		<!--trust-->
		<mark id="sTok7" xlink:href="#xpointer(string-range(//body,'',45,5))"/>
		<!--(-->
		<mark id="sTok8" xlink:href="#xpointer(string-range(//body,'',51,1))"/>
		<!--“-->
		<mark id="sTok9" xlink:href="#xpointer(string-range(//body,'',53,1))"/>
		<!--trust-->
		<mark id="sTok10" xlink:href="#xpointer(string-range(//body,'',55,5))"/>
		<!--,-->
		<mark id="sTok11" xlink:href="#xpointer(string-range(//body,'',61,1))"/>
		<!--protection-->
		<mark id="sTok12" xlink:href="#xpointer(string-range(//body,'',63,10))"/>
		<!--”-->
		<mark id="sTok13" xlink:href="#xpointer(string-range(//body,'',74,1))"/>
		<!--)-->
		<mark id="sTok14" xlink:href="#xpointer(string-range(//body,'',76,1))"/>
		<!--.-->
		<mark id="sTok15" xlink:href="#xpointer(string-range(//body,'',78,1))"/>
		<!--Long-->
		<mark id="sTok16" xlink:href="#xpointer(string-range(//body,'',80,4))"/>
		<!--considered-->
		<mark id="sTok17" xlink:href="#xpointer(string-range(//body,'',85,10))"/>
		<!--a-->
		<mark id="sTok18" xlink:href="#xpointer(string-range(//body,'',96,1))"/>
		<!--borrowing-->
		<mark id="sTok19" xlink:href="#xpointer(string-range(//body,'',98,9))"/>
		<!--from-->
		<mark id="sTok20" xlink:href="#xpointer(string-range(//body,'',108,4))"/>
		<!--Old-->
		<mark id="sTok21" xlink:href="#xpointer(string-range(//body,'',113,3))"/>
		<!--Norse-->
		<mark id="sTok22" xlink:href="#xpointer(string-range(//body,'',117,5))"/>
		<!--traust-->
		<mark id="sTok23" xlink:href="#xpointer(string-range(//body,'',123,6))"/>
		<!--(-->
		<mark id="sTok24" xlink:href="#xpointer(string-range(//body,'',130,1))"/>
		<!--“-->
		<mark id="sTok25" xlink:href="#xpointer(string-range(//body,'',132,1))"/>
		<!--confidence-->
		<mark id="sTok26" xlink:href="#xpointer(string-range(//body,'',134,10))"/>
		<!--,-->
		<mark id="sTok27" xlink:href="#xpointer(string-range(//body,'',145,1))"/>
		<!--help-->
		<mark id="sTok28" xlink:href="#xpointer(string-range(//body,'',147,4))"/>
		<!--,-->
		<mark id="sTok29" xlink:href="#xpointer(string-range(//body,'',152,1))"/>
		<!--protection-->
		<mark id="sTok30" xlink:href="#xpointer(string-range(//body,'',154,10))"/>
		<!--”-->
		<mark id="sTok31" xlink:href="#xpointer(string-range(//body,'',165,1))"/>
		<!--)-->
		<mark id="sTok32" xlink:href="#xpointer(string-range(//body,'',167,1))"/>
		<!--,-->
		<mark id="sTok33" xlink:href="#xpointer(string-range(//body,'',169,1))"/>
		<!--itself-->
		<mark id="sTok34" xlink:href="#xpointer(string-range(//body,'',171,6))"/>
		<!--from-->
		<mark id="sTok35" xlink:href="#xpointer(string-range(//body,'',178,4))"/>
		<!--Proto-->
		<mark id="sTok36" xlink:href="#xpointer(string-range(//body,'',183,5))"/>
		<!--- -->
		<mark id="sTok37" xlink:href="#xpointer(string-range(//body,'',189,1))"/>
		<!--Germanic-->
		<mark id="sTok38" xlink:href="#xpointer(string-range(//body,'',191,8))"/>
		<!--*traustą-->
		<mark id="sTok39" xlink:href="#xpointer(string-range(//body,'',200,8))"/>
		<!--,-->
		<mark id="sTok40" xlink:href="#xpointer(string-range(//body,'',209,1))"/>
		<!--but-->
		<mark id="sTok41" xlink:href="#xpointer(string-range(//body,'',211,3))"/>
		<!--the-->
		<mark id="sTok42" xlink:href="#xpointer(string-range(//body,'',215,3))"/>
		<!--root-->
		<mark id="sTok43" xlink:href="#xpointer(string-range(//body,'',219,4))"/>
		<!--vocalism-->
		<mark id="sTok44" xlink:href="#xpointer(string-range(//body,'',224,8))"/>
		<!--is-->
		<mark id="sTok45" xlink:href="#xpointer(string-range(//body,'',233,2))"/>
		<!--incompatible-->
		<mark id="sTok46" xlink:href="#xpointer(string-range(//body,'',236,12))"/>
		<!--,-->
		<mark id="sTok47" xlink:href="#xpointer(string-range(//body,'',249,1))"/>
		<!--and-->
		<mark id="sTok48" xlink:href="#xpointer(string-range(//body,'',251,3))"/>
		<!--now-->
		<mark id="sTok49" xlink:href="#xpointer(string-range(//body,'',255,3))"/>
		<!--it-->
		<mark id="sTok50" xlink:href="#xpointer(string-range(//body,'',259,2))"/>
		<!--'s-->
		<mark id="sTok51" xlink:href="#xpointer(string-range(//body,'',262,2))"/>
		<!--considered-->
		<mark id="sTok52" xlink:href="#xpointer(string-range(//body,'',265,10))"/>
		<!--a-->
		<mark id="sTok53" xlink:href="#xpointer(string-range(//body,'',276,1))"/>
		<!--reflex-->
		<mark id="sTok54" xlink:href="#xpointer(string-range(//body,'',278,6))"/>
		<!--of-->
		<mark id="sTok55" xlink:href="#xpointer(string-range(//body,'',285,2))"/>
		<!--an-->
		<mark id="sTok56" xlink:href="#xpointer(string-range(//body,'',288,2))"/>
		<!--unattested-->
		<mark id="sTok57" xlink:href="#xpointer(string-range(//body,'',291,10))"/>
		<!--Old-->
		<mark id="sTok58" xlink:href="#xpointer(string-range(//body,'',302,3))"/>
		<!--English-->
		<mark id="sTok59" xlink:href="#xpointer(string-range(//body,'',306,7))"/>
		<!--*trust-->
		<mark id="sTok60" xlink:href="#xpointer(string-range(//body,'',314,6))"/>
		<!--,-->
		<mark id="sTok61" xlink:href="#xpointer(string-range(//body,'',321,1))"/>
		<!--from-->
		<mark id="sTok62" xlink:href="#xpointer(string-range(//body,'',323,4))"/>
		<!--a-->
		<mark id="sTok63" xlink:href="#xpointer(string-range(//body,'',328,1))"/>
		<!--rare-->
		<mark id="sTok64" xlink:href="#xpointer(string-range(//body,'',330,4))"/>
		<!--zero-->
		<mark id="sTok65" xlink:href="#xpointer(string-range(//body,'',335,4))"/>
		<!--- -->
		<mark id="sTok66" xlink:href="#xpointer(string-range(//body,'',340,1))"/>
		<!--grade-->
		<mark id="sTok67" xlink:href="#xpointer(string-range(//body,'',342,5))"/>
		<!--proto-->
		<mark id="sTok68" xlink:href="#xpointer(string-range(//body,'',348,5))"/>
		<!--- -->
		<mark id="sTok69" xlink:href="#xpointer(string-range(//body,'',354,1))"/>
		<!--Germanic-->
		<mark id="sTok70" xlink:href="#xpointer(string-range(//body,'',356,8))"/>
		<!--variant-->
		<mark id="sTok71" xlink:href="#xpointer(string-range(//body,'',365,7))"/>
		<!--of-->
		<mark id="sTok72" xlink:href="#xpointer(string-range(//body,'',373,2))"/>
		<!--the-->
		<mark id="sTok73" xlink:href="#xpointer(string-range(//body,'',376,3))"/>
		<!--same-->
		<mark id="sTok74" xlink:href="#xpointer(string-range(//body,'',380,4))"/>
		<!--root-->
		<mark id="sTok75" xlink:href="#xpointer(string-range(//body,'',385,4))"/>
		<!--also-->
		<mark id="sTok76" xlink:href="#xpointer(string-range(//body,'',390,4))"/>
		<!--attested-->
		<mark id="sTok77" xlink:href="#xpointer(string-range(//body,'',395,8))"/>
		<!--in-->
		<mark id="sTok78" xlink:href="#xpointer(string-range(//body,'',404,2))"/>
		<!--Middle-->
		<mark id="sTok79" xlink:href="#xpointer(string-range(//body,'',407,6))"/>
		<!--High-->
		<mark id="sTok80" xlink:href="#xpointer(string-range(//body,'',414,4))"/>
		<!--German-->
		<mark id="sTok81" xlink:href="#xpointer(string-range(//body,'',419,6))"/>
		<!--getrüste-->
		<mark id="sTok82" xlink:href="#xpointer(string-range(//body,'',426,8))"/>
		<!--(-->
		<mark id="sTok83" xlink:href="#xpointer(string-range(//body,'',435,1))"/>
		<!--“-->
		<mark id="sTok84" xlink:href="#xpointer(string-range(//body,'',437,1))"/>
		<!--host-->
		<mark id="sTok85" xlink:href="#xpointer(string-range(//body,'',439,4))"/>
		<!--”-->
		<mark id="sTok86" xlink:href="#xpointer(string-range(//body,'',444,1))"/>
		<!--)-->
		<mark id="sTok87" xlink:href="#xpointer(string-range(//body,'',446,1))"/>
		<!--.-->
		<mark id="sTok88" xlink:href="#xpointer(string-range(//body,'',448,1))"/>
		<!--Ultimately-->
		<mark id="sTok89" xlink:href="#xpointer(string-range(//body,'',450,10))"/>
		<!--from-->
		<mark id="sTok90" xlink:href="#xpointer(string-range(//body,'',461,4))"/>
		<!--Proto-->
		<mark id="sTok91" xlink:href="#xpointer(string-range(//body,'',466,5))"/>
		<!--- -->
		<mark id="sTok92" xlink:href="#xpointer(string-range(//body,'',472,1))"/>
		<!--Indo-->
		<mark id="sTok93" xlink:href="#xpointer(string-range(//body,'',474,4))"/>
		<!--- -->
		<mark id="sTok94" xlink:href="#xpointer(string-range(//body,'',479,1))"/>
		<!--European-->
		<mark id="sTok95" xlink:href="#xpointer(string-range(//body,'',481,8))"/>
		<!--*deru- -->
		<mark id="sTok96" xlink:href="#xpointer(string-range(//body,'',490,6))"/>
		<!--(-->
		<mark id="sTok97" xlink:href="#xpointer(string-range(//body,'',497,1))"/>
		<!--be-->
		<mark id="sTok98" xlink:href="#xpointer(string-range(//body,'',499,2))"/>
		<!--firm-->
		<mark id="sTok99" xlink:href="#xpointer(string-range(//body,'',502,4))"/>
		<!--,-->
		<mark id="sTok100" xlink:href="#xpointer(string-range(//body,'',507,1))"/>
		<!--hard-->
		<mark id="sTok101" xlink:href="#xpointer(string-range(//body,'',509,4))"/>
		<!--,-->
		<mark id="sTok102" xlink:href="#xpointer(string-range(//body,'',514,1))"/>
		<!--solid-->
		<mark id="sTok103" xlink:href="#xpointer(string-range(//body,'',516,5))"/>
		<!--”-->
		<mark id="sTok104" xlink:href="#xpointer(string-range(//body,'',522,1))"/>
		<!--)-->
		<mark id="sTok105" xlink:href="#xpointer(string-range(//body,'',524,1))"/>
		<!--.-->
		<mark id="sTok106" xlink:href="#xpointer(string-range(//body,'',526,1))"/>
		<!--Akin-->
		<mark id="sTok107" xlink:href="#xpointer(string-range(//body,'',528,4))"/>
		<!--to-->
		<mark id="sTok108" xlink:href="#xpointer(string-range(//body,'',533,2))"/>
		<!--Danish-->
		<mark id="sTok109" xlink:href="#xpointer(string-range(//body,'',536,6))"/>
		<!--trøst-->
		<mark id="sTok110" xlink:href="#xpointer(string-range(//body,'',543,5))"/>
		<!--(-->
		<mark id="sTok111" xlink:href="#xpointer(string-range(//body,'',549,1))"/>
		<!--“-->
		<mark id="sTok112" xlink:href="#xpointer(string-range(//body,'',551,1))"/>
		<!--comfort-->
		<mark id="sTok113" xlink:href="#xpointer(string-range(//body,'',553,7))"/>
		<!--,-->
		<mark id="sTok114" xlink:href="#xpointer(string-range(//body,'',561,1))"/>
		<!--solace-->
		<mark id="sTok115" xlink:href="#xpointer(string-range(//body,'',563,6))"/>
		<!--”-->
		<mark id="sTok116" xlink:href="#xpointer(string-range(//body,'',570,1))"/>
		<!--)-->
		<mark id="sTok117" xlink:href="#xpointer(string-range(//body,'',572,1))"/>
		<!--,-->
		<mark id="sTok118" xlink:href="#xpointer(string-range(//body,'',574,1))"/>
		<!--Saterland-->
		<mark id="sTok119" xlink:href="#xpointer(string-range(//body,'',576,9))"/>
		<!--Frisian-->
		<mark id="sTok120" xlink:href="#xpointer(string-range(//body,'',586,7))"/>
		<!--Traast-->
		<mark id="sTok121" xlink:href="#xpointer(string-range(//body,'',594,6))"/>
		<!--(-->
		<mark id="sTok122" xlink:href="#xpointer(string-range(//body,'',601,1))"/>
		<!--“-->
		<mark id="sTok123" xlink:href="#xpointer(string-range(//body,'',603,1))"/>
		<!--comfort-->
		<mark id="sTok124" xlink:href="#xpointer(string-range(//body,'',605,7))"/>
		<!--,-->
		<mark id="sTok125" xlink:href="#xpointer(string-range(//body,'',613,1))"/>
		<!--solace-->
		<mark id="sTok126" xlink:href="#xpointer(string-range(//body,'',615,6))"/>
		<!--”-->
		<mark id="sTok127" xlink:href="#xpointer(string-range(//body,'',622,1))"/>
		<!--)-->
		<mark id="sTok128" xlink:href="#xpointer(string-range(//body,'',624,1))"/>
		<!--,-->
		<mark id="sTok129" xlink:href="#xpointer(string-range(//body,'',626,1))"/>
		<!--West-->
		<mark id="sTok130" xlink:href="#xpointer(string-range(//body,'',628,4))"/>
		<!--Frisian-->
		<mark id="sTok131" xlink:href="#xpointer(string-range(//body,'',633,7))"/>
		<!--treast-->
		<mark id="sTok132" xlink:href="#xpointer(string-range(//body,'',641,6))"/>
		<!--(-->
		<mark id="sTok133" xlink:href="#xpointer(string-range(//body,'',648,1))"/>
		<!--“-->
		<mark id="sTok134" xlink:href="#xpointer(string-range(//body,'',650,1))"/>
		<!--comfort-->
		<mark id="sTok135" xlink:href="#xpointer(string-range(//body,'',652,7))"/>
		<!--,-->
		<mark id="sTok136" xlink:href="#xpointer(string-range(//body,'',660,1))"/>
		<!--solace-->
		<mark id="sTok137" xlink:href="#xpointer(string-range(//body,'',662,6))"/>
		<!--”-->
		<mark id="sTok138" xlink:href="#xpointer(string-range(//body,'',669,1))"/>
		<!--)-->
		<mark id="sTok139" xlink:href="#xpointer(string-range(//body,'',671,1))"/>
		<!--,-->
		<mark id="sTok140" xlink:href="#xpointer(string-range(//body,'',673,1))"/>
		<!--Dutch-->
		<mark id="sTok141" xlink:href="#xpointer(string-range(//body,'',675,5))"/>
		<!--troost-->
		<mark id="sTok142" xlink:href="#xpointer(string-range(//body,'',681,6))"/>
		<!--(-->
		<mark id="sTok143" xlink:href="#xpointer(string-range(//body,'',688,1))"/>
		<!--“-->
		<mark id="sTok144" xlink:href="#xpointer(string-range(//body,'',690,1))"/>
		<!--comfort-->
		<mark id="sTok145" xlink:href="#xpointer(string-range(//body,'',692,7))"/>
		<!--,-->
		<mark id="sTok146" xlink:href="#xpointer(string-range(//body,'',700,1))"/>
		<!--consolation-->
		<mark id="sTok147" xlink:href="#xpointer(string-range(//body,'',702,11))"/>
		<!--”-->
		<mark id="sTok148" xlink:href="#xpointer(string-range(//body,'',714,1))"/>
		<!--)-->
		<mark id="sTok149" xlink:href="#xpointer(string-range(//body,'',716,1))"/>
		<!--,-->
		<mark id="sTok150" xlink:href="#xpointer(string-range(//body,'',718,1))"/>
		<!--German-->
		<mark id="sTok151" xlink:href="#xpointer(string-range(//body,'',720,6))"/>
		<!--Trost-->
		<mark id="sTok152" xlink:href="#xpointer(string-range(//body,'',727,5))"/>
		<!--(-->
		<mark id="sTok153" xlink:href="#xpointer(string-range(//body,'',733,1))"/>
		<!--“-->
		<mark id="sTok154" xlink:href="#xpointer(string-range(//body,'',735,1))"/>
		<!--comfort-->
		<mark id="sTok155" xlink:href="#xpointer(string-range(//body,'',737,7))"/>
		<!--,-->
		<mark id="sTok156" xlink:href="#xpointer(string-range(//body,'',745,1))"/>
		<!--consolation-->
		<mark id="sTok157" xlink:href="#xpointer(string-range(//body,'',747,11))"/>
		<!--”-->
		<mark id="sTok158" xlink:href="#xpointer(string-range(//body,'',759,1))"/>
		<!--)-->
		<mark id="sTok159" xlink:href="#xpointer(string-range(//body,'',761,1))"/>
		<!--,-->
		<mark id="sTok160" xlink:href="#xpointer(string-range(//body,'',763,1))"/>
		<!--Gothic-->
		<mark id="sTok161" xlink:href="#xpointer(string-range(//body,'',765,6))"/>
		<!--trausti-->
		<mark id="sTok162" xlink:href="#xpointer(string-range(//body,'',772,7))"/>
		<!--(-->
		<mark id="sTok163" xlink:href="#xpointer(string-range(//body,'',780,1))"/>
		<!--trausti-->
		<mark id="sTok164" xlink:href="#xpointer(string-range(//body,'',782,7))"/>
		<!--,-->
		<mark id="sTok165" xlink:href="#xpointer(string-range(//body,'',790,1))"/>
		<!--“-->
		<mark id="sTok166" xlink:href="#xpointer(string-range(//body,'',792,1))"/>
		<!--alliance-->
		<mark id="sTok167" xlink:href="#xpointer(string-range(//body,'',794,8))"/>
		<!--,-->
		<mark id="sTok168" xlink:href="#xpointer(string-range(//body,'',803,1))"/>
		<!--pact-->
		<mark id="sTok169" xlink:href="#xpointer(string-range(//body,'',805,4))"/>
		<!--”-->
		<mark id="sTok170" xlink:href="#xpointer(string-range(//body,'',810,1))"/>
		<!--)-->
		<mark id="sTok171" xlink:href="#xpointer(string-range(//body,'',812,1))"/>
		<!--.-->
		<mark id="sTok172" xlink:href="#xpointer(string-range(//body,'',814,1))"/>
		<!--Doublet-->
		<mark id="sTok173" xlink:href="#xpointer(string-range(//body,'',816,7))"/>
		<!--of-->
		<mark id="sTok174" xlink:href="#xpointer(string-range(//body,'',824,2))"/>
		<!--tryst-->
		<mark id="sTok175" xlink:href="#xpointer(string-range(//body,'',827,5))"/>
		<!--.-->
		<mark id="sTok176" xlink:href="#xpointer(string-range(//body,'',833,1))"/>
		<!--More-->
		<mark id="sTok177" xlink:href="#xpointer(string-range(//body,'',835,4))"/>
		<!--at-->
		<mark id="sTok178" xlink:href="#xpointer(string-range(//body,'',840,2))"/>
		<!--true-->
		<mark id="sTok179" xlink:href="#xpointer(string-range(//body,'',843,4))"/>
		<!--,-->
		<mark id="sTok180" xlink:href="#xpointer(string-range(//body,'',848,1))"/>
		<!--tree-->
		<mark id="sTok181" xlink:href="#xpointer(string-range(//body,'',850,4))"/>
		<!--.-->
		<mark id="sTok182" xlink:href="#xpointer(string-range(//body,'',855,1))"/>
		<!--Pronunciation-->
		<mark id="sTok183" xlink:href="#xpointer(string-range(//body,'',857,13))"/>
		<!--enPR-->
		<mark id="sTok184" xlink:href="#xpointer(string-range(//body,'',871,4))"/>
		<!--:-->
		<mark id="sTok185" xlink:href="#xpointer(string-range(//body,'',876,1))"/>
		<!--trŭst-->
		<mark id="sTok186" xlink:href="#xpointer(string-range(//body,'',878,5))"/>
		<!--,-->
		<mark id="sTok187" xlink:href="#xpointer(string-range(//body,'',884,1))"/>
		<!--IPA-->
		<mark id="sTok188" xlink:href="#xpointer(string-range(//body,'',886,3))"/>
		<!--(-->
		<mark id="sTok189" xlink:href="#xpointer(string-range(//body,'',890,1))"/>
		<!--key-->
		<mark id="sTok190" xlink:href="#xpointer(string-range(//body,'',892,3))"/>
		<!--)-->
		<mark id="sTok191" xlink:href="#xpointer(string-range(//body,'',896,1))"/>
		<!--:-->
		<mark id="sTok192" xlink:href="#xpointer(string-range(//body,'',898,1))"/>
		<!--/trʌst/-->
		<mark id="sTok193" xlink:href="#xpointer(string-range(//body,'',900,7))"/>
		<!--,-->
		<mark id="sTok194" xlink:href="#xpointer(string-range(//body,'',908,1))"/>
		<!--[tɹʌst]-->
		<mark id="sTok195" xlink:href="#xpointer(string-range(//body,'',910,7))"/>
		<!--,-->
		<mark id="sTok196" xlink:href="#xpointer(string-range(//body,'',918,1))"/>
		<!--[tɹɐst]-->
		<mark id="sTok197" xlink:href="#xpointer(string-range(//body,'',920,7))"/>
		<!--,-->
		<mark id="sTok198" xlink:href="#xpointer(string-range(//body,'',928,1))"/>
		<!--[t͡ʃɹ-]-->
		<mark id="sTok199" xlink:href="#xpointer(string-range(//body,'',930,7))"/>
		<!--(-->
		<mark id="sTok200" xlink:href="#xpointer(string-range(//body,'',938,1))"/>
		<!--Northern-->
		<mark id="sTok201" xlink:href="#xpointer(string-range(//body,'',940,8))"/>
		<!--England-->
		<mark id="sTok202" xlink:href="#xpointer(string-range(//body,'',949,7))"/>
		<!--)-->
		<mark id="sTok203" xlink:href="#xpointer(string-range(//body,'',957,1))"/>
		<!--IPA-->
		<mark id="sTok204" xlink:href="#xpointer(string-range(//body,'',959,3))"/>
		<!--(-->
		<mark id="sTok205" xlink:href="#xpointer(string-range(//body,'',963,1))"/>
		<!--key-->
		<mark id="sTok206" xlink:href="#xpointer(string-range(//body,'',965,3))"/>
		<!--)-->
		<mark id="sTok207" xlink:href="#xpointer(string-range(//body,'',969,1))"/>
		<!--:-->
		<mark id="sTok208" xlink:href="#xpointer(string-range(//body,'',971,1))"/>
		<!--/trʊst/-->
		<mark id="sTok209" xlink:href="#xpointer(string-range(//body,'',973,7))"/>
		<!--Audio-->
		<mark id="sTok210" xlink:href="#xpointer(string-range(//body,'',981,5))"/>
		<!--(-->
		<mark id="sTok211" xlink:href="#xpointer(string-range(//body,'',987,1))"/>
		<!--GA-->
		<mark id="sTok212" xlink:href="#xpointer(string-range(//body,'',989,2))"/>
		<!--)-->
		<mark id="sTok213" xlink:href="#xpointer(string-range(//body,'',992,1))"/>
		<!--Rhymes-->
		<mark id="sTok214" xlink:href="#xpointer(string-range(//body,'',994,6))"/>
		<!--:-->
		<mark id="sTok215" xlink:href="#xpointer(string-range(//body,'',1001,1))"/>
		<!---ʌst-->
		<mark id="sTok216" xlink:href="#xpointer(string-range(//body,'',1003,4))"/>
		<!--Noun-->
		<mark id="sTok217" xlink:href="#xpointer(string-range(//body,'',1008,4))"/>
		<!--trust-->
		<mark id="sTok218" xlink:href="#xpointer(string-range(//body,'',1013,5))"/>
		<!--(-->
		<mark id="sTok219" xlink:href="#xpointer(string-range(//body,'',1019,1))"/>
		<!--countable-->
		<mark id="sTok220" xlink:href="#xpointer(string-range(//body,'',1021,9))"/>
		<!--and-->
		<mark id="sTok221" xlink:href="#xpointer(string-range(//body,'',1031,3))"/>
		<!--uncountable-->
		<mark id="sTok222" xlink:href="#xpointer(string-range(//body,'',1035,11))"/>
		<!--,-->
		<mark id="sTok223" xlink:href="#xpointer(string-range(//body,'',1047,1))"/>
		<!--plural-->
		<mark id="sTok224" xlink:href="#xpointer(string-range(//body,'',1049,6))"/>
		<!--trusts-->
		<mark id="sTok225" xlink:href="#xpointer(string-range(//body,'',1056,6))"/>
		<!--)-->
		<mark id="sTok226" xlink:href="#xpointer(string-range(//body,'',1063,1))"/>
		<!--Confidence-->
		<mark id="sTok227" xlink:href="#xpointer(string-range(//body,'',1065,10))"/>
		<!--in-->
		<mark id="sTok228" xlink:href="#xpointer(string-range(//body,'',1076,2))"/>
		<!--or-->
		<mark id="sTok229" xlink:href="#xpointer(string-range(//body,'',1079,2))"/>
		<!--reliance-->
		<mark id="sTok230" xlink:href="#xpointer(string-range(//body,'',1082,8))"/>
		<!--on-->
		<mark id="sTok231" xlink:href="#xpointer(string-range(//body,'',1091,2))"/>
		<!--some-->
		<mark id="sTok232" xlink:href="#xpointer(string-range(//body,'',1094,4))"/>
		<!--person-->
		<mark id="sTok233" xlink:href="#xpointer(string-range(//body,'',1099,6))"/>
		<!--or-->
		<mark id="sTok234" xlink:href="#xpointer(string-range(//body,'',1106,2))"/>
		<!--quality-->
		<mark id="sTok235" xlink:href="#xpointer(string-range(//body,'',1109,7))"/>
		<!--.-->
		<mark id="sTok236" xlink:href="#xpointer(string-range(//body,'',1117,1))"/>
		<!--He-->
		<mark id="sTok237" xlink:href="#xpointer(string-range(//body,'',1119,2))"/>
		<!--needs-->
		<mark id="sTok238" xlink:href="#xpointer(string-range(//body,'',1122,5))"/>
		<!--to-->
		<mark id="sTok239" xlink:href="#xpointer(string-range(//body,'',1128,2))"/>
		<!--regain-->
		<mark id="sTok240" xlink:href="#xpointer(string-range(//body,'',1131,6))"/>
		<!--her-->
		<mark id="sTok241" xlink:href="#xpointer(string-range(//body,'',1138,3))"/>
		<!--trust-->
		<mark id="sTok242" xlink:href="#xpointer(string-range(//body,'',1142,5))"/>
		<!--if-->
		<mark id="sTok243" xlink:href="#xpointer(string-range(//body,'',1148,2))"/>
		<!--he-->
		<mark id="sTok244" xlink:href="#xpointer(string-range(//body,'',1151,2))"/>
		<!--is-->
		<mark id="sTok245" xlink:href="#xpointer(string-range(//body,'',1154,2))"/>
		<!--ever-->
		<mark id="sTok246" xlink:href="#xpointer(string-range(//body,'',1157,4))"/>
		<!--going-->
		<mark id="sTok247" xlink:href="#xpointer(string-range(//body,'',1162,5))"/>
		<!--to-->
		<mark id="sTok248" xlink:href="#xpointer(string-range(//body,'',1168,2))"/>
		<!--win-->
		<mark id="sTok249" xlink:href="#xpointer(string-range(//body,'',1171,3))"/>
		<!--her-->
		<mark id="sTok250" xlink:href="#xpointer(string-range(//body,'',1175,3))"/>
		<!--back-->
		<mark id="sTok251" xlink:href="#xpointer(string-range(//body,'',1179,4))"/>
		<!--.-->
		<mark id="sTok252" xlink:href="#xpointer(string-range(//body,'',1184,1))"/>
		<!--to-->
		<mark id="sTok253" xlink:href="#xpointer(string-range(//body,'',1186,2))"/>
		<!--lose-->
		<mark id="sTok254" xlink:href="#xpointer(string-range(//body,'',1189,4))"/>
		<!--trust-->
		<mark id="sTok255" xlink:href="#xpointer(string-range(//body,'',1194,5))"/>
		<!--in-->
		<mark id="sTok256" xlink:href="#xpointer(string-range(//body,'',1200,2))"/>
		<!--someone-->
		<mark id="sTok257" xlink:href="#xpointer(string-range(//body,'',1203,7))"/>
		<!--build-->
		<mark id="sTok258" xlink:href="#xpointer(string-range(//body,'',1211,5))"/>
		<!--up-->
		<mark id="sTok259" xlink:href="#xpointer(string-range(//body,'',1217,2))"/>
		<!--trust-->
		<mark id="sTok260" xlink:href="#xpointer(string-range(//body,'',1220,5))"/>
		<!--a-->
		<mark id="sTok261" xlink:href="#xpointer(string-range(//body,'',1226,1))"/>
		<!--relationship-->
		<mark id="sTok262" xlink:href="#xpointer(string-range(//body,'',1228,12))"/>
		<!--built-->
		<mark id="sTok263" xlink:href="#xpointer(string-range(//body,'',1241,5))"/>
		<!--on-->
		<mark id="sTok264" xlink:href="#xpointer(string-range(//body,'',1247,2))"/>
		<!--mutual-->
		<mark id="sTok265" xlink:href="#xpointer(string-range(//body,'',1250,6))"/>
		<!--trust-->
		<mark id="sTok266" xlink:href="#xpointer(string-range(//body,'',1257,5))"/>
		<!--Dependence-->
		<mark id="sTok267" xlink:href="#xpointer(string-range(//body,'',1263,10))"/>
		<!--upon-->
		<mark id="sTok268" xlink:href="#xpointer(string-range(//body,'',1274,4))"/>
		<!--something-->
		<mark id="sTok269" xlink:href="#xpointer(string-range(//body,'',1279,9))"/>
		<!--in-->
		<mark id="sTok270" xlink:href="#xpointer(string-range(//body,'',1289,2))"/>
		<!--the-->
		<mark id="sTok271" xlink:href="#xpointer(string-range(//body,'',1292,3))"/>
		<!--future-->
		<mark id="sTok272" xlink:href="#xpointer(string-range(//body,'',1296,6))"/>
		<!--;-->
		<mark id="sTok273" xlink:href="#xpointer(string-range(//body,'',1303,1))"/>
		<!--hope-->
		<mark id="sTok274" xlink:href="#xpointer(string-range(//body,'',1305,4))"/>
		<!--.-->
		<mark id="sTok275" xlink:href="#xpointer(string-range(//body,'',1310,1))"/>
		<!--Confidence-->
		<mark id="sTok276" xlink:href="#xpointer(string-range(//body,'',1312,10))"/>
		<!--in-->
		<mark id="sTok277" xlink:href="#xpointer(string-range(//body,'',1323,2))"/>
		<!--the-->
		<mark id="sTok278" xlink:href="#xpointer(string-range(//body,'',1326,3))"/>
		<!--future-->
		<mark id="sTok279" xlink:href="#xpointer(string-range(//body,'',1330,6))"/>
		<!--payment-->
		<mark id="sTok280" xlink:href="#xpointer(string-range(//body,'',1337,7))"/>
		<!--for-->
		<mark id="sTok281" xlink:href="#xpointer(string-range(//body,'',1345,3))"/>
		<!--goods-->
		<mark id="sTok282" xlink:href="#xpointer(string-range(//body,'',1349,5))"/>
		<!--or-->
		<mark id="sTok283" xlink:href="#xpointer(string-range(//body,'',1355,2))"/>
		<!--services-->
		<mark id="sTok284" xlink:href="#xpointer(string-range(//body,'',1358,8))"/>
		<!--supplied-->
		<mark id="sTok285" xlink:href="#xpointer(string-range(//body,'',1367,8))"/>
		<!--;-->
		<mark id="sTok286" xlink:href="#xpointer(string-range(//body,'',1376,1))"/>
		<!--credit-->
		<mark id="sTok287" xlink:href="#xpointer(string-range(//body,'',1378,6))"/>
		<!--.-->
		<mark id="sTok288" xlink:href="#xpointer(string-range(//body,'',1385,1))"/>
		<!--I-->
		<mark id="sTok289" xlink:href="#xpointer(string-range(//body,'',1387,1))"/>
		<!--was-->
		<mark id="sTok290" xlink:href="#xpointer(string-range(//body,'',1389,3))"/>
		<!--out-->
		<mark id="sTok291" xlink:href="#xpointer(string-range(//body,'',1393,3))"/>
		<!--of-->
		<mark id="sTok292" xlink:href="#xpointer(string-range(//body,'',1397,2))"/>
		<!--cash-->
		<mark id="sTok293" xlink:href="#xpointer(string-range(//body,'',1400,4))"/>
		<!--,-->
		<mark id="sTok294" xlink:href="#xpointer(string-range(//body,'',1405,1))"/>
		<!--but-->
		<mark id="sTok295" xlink:href="#xpointer(string-range(//body,'',1407,3))"/>
		<!--the-->
		<mark id="sTok296" xlink:href="#xpointer(string-range(//body,'',1411,3))"/>
		<!--landlady-->
		<mark id="sTok297" xlink:href="#xpointer(string-range(//body,'',1415,8))"/>
		<!--let-->
		<mark id="sTok298" xlink:href="#xpointer(string-range(//body,'',1424,3))"/>
		<!--me-->
		<mark id="sTok299" xlink:href="#xpointer(string-range(//body,'',1428,2))"/>
		<!--have-->
		<mark id="sTok300" xlink:href="#xpointer(string-range(//body,'',1431,4))"/>
		<!--it-->
		<mark id="sTok301" xlink:href="#xpointer(string-range(//body,'',1436,2))"/>
		<!--on-->
		<mark id="sTok302" xlink:href="#xpointer(string-range(//body,'',1439,2))"/>
		<!--trust-->
		<mark id="sTok303" xlink:href="#xpointer(string-range(//body,'',1442,5))"/>
		<!--.-->
		<mark id="sTok304" xlink:href="#xpointer(string-range(//body,'',1448,1))"/>
		<!--That-->
		<mark id="sTok305" xlink:href="#xpointer(string-range(//body,'',1450,4))"/>
		<!--which-->
		<mark id="sTok306" xlink:href="#xpointer(string-range(//body,'',1455,5))"/>
		<!--is-->
		<mark id="sTok307" xlink:href="#xpointer(string-range(//body,'',1461,2))"/>
		<!--committed-->
		<mark id="sTok308" xlink:href="#xpointer(string-range(//body,'',1464,9))"/>
		<!--or-->
		<mark id="sTok309" xlink:href="#xpointer(string-range(//body,'',1474,2))"/>
		<!--entrusted-->
		<mark id="sTok310" xlink:href="#xpointer(string-range(//body,'',1477,9))"/>
		<!--;-->
		<mark id="sTok311" xlink:href="#xpointer(string-range(//body,'',1487,1))"/>
		<!--something-->
		<mark id="sTok312" xlink:href="#xpointer(string-range(//body,'',1489,9))"/>
		<!--received-->
		<mark id="sTok313" xlink:href="#xpointer(string-range(//body,'',1499,8))"/>
		<!--in-->
		<mark id="sTok314" xlink:href="#xpointer(string-range(//body,'',1508,2))"/>
		<!--confidence-->
		<mark id="sTok315" xlink:href="#xpointer(string-range(//body,'',1511,10))"/>
		<!--;-->
		<mark id="sTok316" xlink:href="#xpointer(string-range(//body,'',1522,1))"/>
		<!--a-->
		<mark id="sTok317" xlink:href="#xpointer(string-range(//body,'',1524,1))"/>
		<!--charge-->
		<mark id="sTok318" xlink:href="#xpointer(string-range(//body,'',1526,6))"/>
		<!--.-->
		<mark id="sTok319" xlink:href="#xpointer(string-range(//body,'',1533,1))"/>
		<!--That-->
		<mark id="sTok320" xlink:href="#xpointer(string-range(//body,'',1535,4))"/>
		<!--upon-->
		<mark id="sTok321" xlink:href="#xpointer(string-range(//body,'',1540,4))"/>
		<!--which-->
		<mark id="sTok322" xlink:href="#xpointer(string-range(//body,'',1545,5))"/>
		<!--confidence-->
		<mark id="sTok323" xlink:href="#xpointer(string-range(//body,'',1551,10))"/>
		<!--is-->
		<mark id="sTok324" xlink:href="#xpointer(string-range(//body,'',1562,2))"/>
		<!--reposed-->
		<mark id="sTok325" xlink:href="#xpointer(string-range(//body,'',1565,7))"/>
		<!--;-->
		<mark id="sTok326" xlink:href="#xpointer(string-range(//body,'',1573,1))"/>
		<!--ground-->
		<mark id="sTok327" xlink:href="#xpointer(string-range(//body,'',1575,6))"/>
		<!--of-->
		<mark id="sTok328" xlink:href="#xpointer(string-range(//body,'',1582,2))"/>
		<!--reliance-->
		<mark id="sTok329" xlink:href="#xpointer(string-range(//body,'',1585,8))"/>
		<!--;-->
		<mark id="sTok330" xlink:href="#xpointer(string-range(//body,'',1594,1))"/>
		<!--hope-->
		<mark id="sTok331" xlink:href="#xpointer(string-range(//body,'',1596,4))"/>
		<!--.-->
		<mark id="sTok332" xlink:href="#xpointer(string-range(//body,'',1601,1))"/>
		<!--(-->
		<mark id="sTok333" xlink:href="#xpointer(string-range(//body,'',1603,1))"/>
		<!--rare-->
		<mark id="sTok334" xlink:href="#xpointer(string-range(//body,'',1605,4))"/>
		<!--)-->
		<mark id="sTok335" xlink:href="#xpointer(string-range(//body,'',1610,1))"/>
		<!--Trustworthiness-->
		<mark id="sTok336" xlink:href="#xpointer(string-range(//body,'',1612,15))"/>
		<!--,-->
		<mark id="sTok337" xlink:href="#xpointer(string-range(//body,'',1628,1))"/>
		<!--reliability-->
		<mark id="sTok338" xlink:href="#xpointer(string-range(//body,'',1630,11))"/>
		<!--.-->
		<mark id="sTok339" xlink:href="#xpointer(string-range(//body,'',1642,1))"/>
		<!--The-->
		<mark id="sTok340" xlink:href="#xpointer(string-range(//body,'',1644,3))"/>
		<!--condition-->
		<mark id="sTok341" xlink:href="#xpointer(string-range(//body,'',1648,9))"/>
		<!--or-->
		<mark id="sTok342" xlink:href="#xpointer(string-range(//body,'',1658,2))"/>
		<!--obligation-->
		<mark id="sTok343" xlink:href="#xpointer(string-range(//body,'',1661,10))"/>
		<!--of-->
		<mark id="sTok344" xlink:href="#xpointer(string-range(//body,'',1672,2))"/>
		<!--one-->
		<mark id="sTok345" xlink:href="#xpointer(string-range(//body,'',1675,3))"/>
		<!--to-->
		<mark id="sTok346" xlink:href="#xpointer(string-range(//body,'',1679,2))"/>
		<!--whom-->
		<mark id="sTok347" xlink:href="#xpointer(string-range(//body,'',1682,4))"/>
		<!--anything-->
		<mark id="sTok348" xlink:href="#xpointer(string-range(//body,'',1687,8))"/>
		<!--is-->
		<mark id="sTok349" xlink:href="#xpointer(string-range(//body,'',1696,2))"/>
		<!--confided-->
		<mark id="sTok350" xlink:href="#xpointer(string-range(//body,'',1699,8))"/>
		<!--;-->
		<mark id="sTok351" xlink:href="#xpointer(string-range(//body,'',1708,1))"/>
		<!--responsible-->
		<mark id="sTok352" xlink:href="#xpointer(string-range(//body,'',1710,11))"/>
		<!--charge-->
		<mark id="sTok353" xlink:href="#xpointer(string-range(//body,'',1722,6))"/>
		<!--or-->
		<mark id="sTok354" xlink:href="#xpointer(string-range(//body,'',1729,2))"/>
		<!--office-->
		<mark id="sTok355" xlink:href="#xpointer(string-range(//body,'',1732,6))"/>
		<!--.-->
		<mark id="sTok356" xlink:href="#xpointer(string-range(//body,'',1739,1))"/>
		<!--(-->
		<mark id="sTok357" xlink:href="#xpointer(string-range(//body,'',1741,1))"/>
		<!--law-->
		<mark id="sTok358" xlink:href="#xpointer(string-range(//body,'',1743,3))"/>
		<!--)-->
		<mark id="sTok359" xlink:href="#xpointer(string-range(//body,'',1747,1))"/>
		<!--The-->
		<mark id="sTok360" xlink:href="#xpointer(string-range(//body,'',1749,3))"/>
		<!--confidence-->
		<mark id="sTok361" xlink:href="#xpointer(string-range(//body,'',1753,10))"/>
		<!--vested-->
		<mark id="sTok362" xlink:href="#xpointer(string-range(//body,'',1764,6))"/>
		<!--in-->
		<mark id="sTok363" xlink:href="#xpointer(string-range(//body,'',1771,2))"/>
		<!--a-->
		<mark id="sTok364" xlink:href="#xpointer(string-range(//body,'',1774,1))"/>
		<!--person-->
		<mark id="sTok365" xlink:href="#xpointer(string-range(//body,'',1776,6))"/>
		<!--who-->
		<mark id="sTok366" xlink:href="#xpointer(string-range(//body,'',1783,3))"/>
		<!--has-->
		<mark id="sTok367" xlink:href="#xpointer(string-range(//body,'',1787,3))"/>
		<!--legal-->
		<mark id="sTok368" xlink:href="#xpointer(string-range(//body,'',1791,5))"/>
		<!--ownership-->
		<mark id="sTok369" xlink:href="#xpointer(string-range(//body,'',1797,9))"/>
		<!--of-->
		<mark id="sTok370" xlink:href="#xpointer(string-range(//body,'',1807,2))"/>
		<!--a-->
		<mark id="sTok371" xlink:href="#xpointer(string-range(//body,'',1810,1))"/>
		<!--property-->
		<mark id="sTok372" xlink:href="#xpointer(string-range(//body,'',1812,8))"/>
		<!--to-->
		<mark id="sTok373" xlink:href="#xpointer(string-range(//body,'',1821,2))"/>
		<!--manage-->
		<mark id="sTok374" xlink:href="#xpointer(string-range(//body,'',1824,6))"/>
		<!--for-->
		<mark id="sTok375" xlink:href="#xpointer(string-range(//body,'',1831,3))"/>
		<!--the-->
		<mark id="sTok376" xlink:href="#xpointer(string-range(//body,'',1835,3))"/>
		<!--benefit-->
		<mark id="sTok377" xlink:href="#xpointer(string-range(//body,'',1839,7))"/>
		<!--of-->
		<mark id="sTok378" xlink:href="#xpointer(string-range(//body,'',1847,2))"/>
		<!--another-->
		<mark id="sTok379" xlink:href="#xpointer(string-range(//body,'',1850,7))"/>
		<!--.-->
		<mark id="sTok380" xlink:href="#xpointer(string-range(//body,'',1858,1))"/>
		<!--I-->
		<mark id="sTok381" xlink:href="#xpointer(string-range(//body,'',1860,1))"/>
		<!--put-->
		<mark id="sTok382" xlink:href="#xpointer(string-range(//body,'',1862,3))"/>
		<!--the-->
		<mark id="sTok383" xlink:href="#xpointer(string-range(//body,'',1866,3))"/>
		<!--house-->
		<mark id="sTok384" xlink:href="#xpointer(string-range(//body,'',1870,5))"/>
		<!--into-->
		<mark id="sTok385" xlink:href="#xpointer(string-range(//body,'',1876,4))"/>
		<!--my-->
		<mark id="sTok386" xlink:href="#xpointer(string-range(//body,'',1881,2))"/>
		<!--sister-->
		<mark id="sTok387" xlink:href="#xpointer(string-range(//body,'',1884,6))"/>
		<!--'s-->
		<mark id="sTok388" xlink:href="#xpointer(string-range(//body,'',1891,2))"/>
		<!--trust-->
		<mark id="sTok389" xlink:href="#xpointer(string-range(//body,'',1894,5))"/>
		<!--.-->
		<mark id="sTok390" xlink:href="#xpointer(string-range(//body,'',1900,1))"/>
		<!--(-->
		<mark id="sTok391" xlink:href="#xpointer(string-range(//body,'',1902,1))"/>
		<!--law-->
		<mark id="sTok392" xlink:href="#xpointer(string-range(//body,'',1904,3))"/>
		<!--)-->
		<mark id="sTok393" xlink:href="#xpointer(string-range(//body,'',1908,1))"/>
		<!--An-->
		<mark id="sTok394" xlink:href="#xpointer(string-range(//body,'',1910,2))"/>
		<!--arrangement-->
		<mark id="sTok395" xlink:href="#xpointer(string-range(//body,'',1913,11))"/>
		<!--whereby-->
		<mark id="sTok396" xlink:href="#xpointer(string-range(//body,'',1925,7))"/>
		<!--property-->
		<mark id="sTok397" xlink:href="#xpointer(string-range(//body,'',1933,8))"/>
		<!--or-->
		<mark id="sTok398" xlink:href="#xpointer(string-range(//body,'',1942,2))"/>
		<!--money-->
		<mark id="sTok399" xlink:href="#xpointer(string-range(//body,'',1945,5))"/>
		<!--is-->
		<mark id="sTok400" xlink:href="#xpointer(string-range(//body,'',1951,2))"/>
		<!--given-->
		<mark id="sTok401" xlink:href="#xpointer(string-range(//body,'',1954,5))"/>
		<!--to-->
		<mark id="sTok402" xlink:href="#xpointer(string-range(//body,'',1960,2))"/>
		<!--be-->
		<mark id="sTok403" xlink:href="#xpointer(string-range(//body,'',1963,2))"/>
		<!--held-->
		<mark id="sTok404" xlink:href="#xpointer(string-range(//body,'',1966,4))"/>
		<!--by-->
		<mark id="sTok405" xlink:href="#xpointer(string-range(//body,'',1971,2))"/>
		<!--a-->
		<mark id="sTok406" xlink:href="#xpointer(string-range(//body,'',1974,1))"/>
		<!--third-->
		<mark id="sTok407" xlink:href="#xpointer(string-range(//body,'',1976,5))"/>
		<!--party-->
		<mark id="sTok408" xlink:href="#xpointer(string-range(//body,'',1982,5))"/>
		<!--(-->
		<mark id="sTok409" xlink:href="#xpointer(string-range(//body,'',1988,1))"/>
		<!--a-->
		<mark id="sTok410" xlink:href="#xpointer(string-range(//body,'',1990,1))"/>
		<!--trustee-->
		<mark id="sTok411" xlink:href="#xpointer(string-range(//body,'',1992,7))"/>
		<!--)-->
		<mark id="sTok412" xlink:href="#xpointer(string-range(//body,'',2000,1))"/>
		<!--,-->
		<mark id="sTok413" xlink:href="#xpointer(string-range(//body,'',2002,1))"/>
		<!--on-->
		<mark id="sTok414" xlink:href="#xpointer(string-range(//body,'',2004,2))"/>
		<!--the-->
		<mark id="sTok415" xlink:href="#xpointer(string-range(//body,'',2007,3))"/>
		<!--basis-->
		<mark id="sTok416" xlink:href="#xpointer(string-range(//body,'',2011,5))"/>
		<!--that-->
		<mark id="sTok417" xlink:href="#xpointer(string-range(//body,'',2017,4))"/>
		<!--it-->
		<mark id="sTok418" xlink:href="#xpointer(string-range(//body,'',2022,2))"/>
		<!--will-->
		<mark id="sTok419" xlink:href="#xpointer(string-range(//body,'',2025,4))"/>
		<!--be-->
		<mark id="sTok420" xlink:href="#xpointer(string-range(//body,'',2030,2))"/>
		<!--managed-->
		<mark id="sTok421" xlink:href="#xpointer(string-range(//body,'',2033,7))"/>
		<!--for-->
		<mark id="sTok422" xlink:href="#xpointer(string-range(//body,'',2041,3))"/>
		<!--the-->
		<mark id="sTok423" xlink:href="#xpointer(string-range(//body,'',2045,3))"/>
		<!--benefit-->
		<mark id="sTok424" xlink:href="#xpointer(string-range(//body,'',2049,7))"/>
		<!--of-->
		<mark id="sTok425" xlink:href="#xpointer(string-range(//body,'',2057,2))"/>
		<!--,-->
		<mark id="sTok426" xlink:href="#xpointer(string-range(//body,'',2060,1))"/>
		<!--or-->
		<mark id="sTok427" xlink:href="#xpointer(string-range(//body,'',2062,2))"/>
		<!--eventually-->
		<mark id="sTok428" xlink:href="#xpointer(string-range(//body,'',2065,10))"/>
		<!--transferred-->
		<mark id="sTok429" xlink:href="#xpointer(string-range(//body,'',2076,11))"/>
		<!--to-->
		<mark id="sTok430" xlink:href="#xpointer(string-range(//body,'',2088,2))"/>
		<!--,-->
		<mark id="sTok431" xlink:href="#xpointer(string-range(//body,'',2091,1))"/>
		<!--a-->
		<mark id="sTok432" xlink:href="#xpointer(string-range(//body,'',2093,1))"/>
		<!--stated-->
		<mark id="sTok433" xlink:href="#xpointer(string-range(//body,'',2095,6))"/>
		<!--beneficiary-->
		<mark id="sTok434" xlink:href="#xpointer(string-range(//body,'',2102,11))"/>
		<!--;-->
		<mark id="sTok435" xlink:href="#xpointer(string-range(//body,'',2114,1))"/>
		<!--for-->
		<mark id="sTok436" xlink:href="#xpointer(string-range(//body,'',2116,3))"/>
		<!--example-->
		<mark id="sTok437" xlink:href="#xpointer(string-range(//body,'',2120,7))"/>
		<!--,-->
		<mark id="sTok438" xlink:href="#xpointer(string-range(//body,'',2128,1))"/>
		<!--money-->
		<mark id="sTok439" xlink:href="#xpointer(string-range(//body,'',2130,5))"/>
		<!--to-->
		<mark id="sTok440" xlink:href="#xpointer(string-range(//body,'',2136,2))"/>
		<!--be-->
		<mark id="sTok441" xlink:href="#xpointer(string-range(//body,'',2139,2))"/>
		<!--given-->
		<mark id="sTok442" xlink:href="#xpointer(string-range(//body,'',2142,5))"/>
		<!--to-->
		<mark id="sTok443" xlink:href="#xpointer(string-range(//body,'',2148,2))"/>
		<!--a-->
		<mark id="sTok444" xlink:href="#xpointer(string-range(//body,'',2151,1))"/>
		<!--child-->
		<mark id="sTok445" xlink:href="#xpointer(string-range(//body,'',2153,5))"/>
		<!--when-->
		<mark id="sTok446" xlink:href="#xpointer(string-range(//body,'',2159,4))"/>
		<!--he-->
		<mark id="sTok447" xlink:href="#xpointer(string-range(//body,'',2164,2))"/>
		<!--or-->
		<mark id="sTok448" xlink:href="#xpointer(string-range(//body,'',2167,2))"/>
		<!--she-->
		<mark id="sTok449" xlink:href="#xpointer(string-range(//body,'',2170,3))"/>
		<!--reaches-->
		<mark id="sTok450" xlink:href="#xpointer(string-range(//body,'',2174,7))"/>
		<!--adulthood-->
		<mark id="sTok451" xlink:href="#xpointer(string-range(//body,'',2182,9))"/>
		<!--.-->
		<mark id="sTok452" xlink:href="#xpointer(string-range(//body,'',2192,1))"/>
		<!--A-->
		<mark id="sTok453" xlink:href="#xpointer(string-range(//body,'',2194,1))"/>
		<!--group-->
		<mark id="sTok454" xlink:href="#xpointer(string-range(//body,'',2196,5))"/>
		<!--of-->
		<mark id="sTok455" xlink:href="#xpointer(string-range(//body,'',2202,2))"/>
		<!--businessmen-->
		<mark id="sTok456" xlink:href="#xpointer(string-range(//body,'',2205,11))"/>
		<!--or-->
		<mark id="sTok457" xlink:href="#xpointer(string-range(//body,'',2217,2))"/>
		<!--traders-->
		<mark id="sTok458" xlink:href="#xpointer(string-range(//body,'',2220,7))"/>
		<!--organised-->
		<mark id="sTok459" xlink:href="#xpointer(string-range(//body,'',2228,9))"/>
		<!--for-->
		<mark id="sTok460" xlink:href="#xpointer(string-range(//body,'',2238,3))"/>
		<!--mutual-->
		<mark id="sTok461" xlink:href="#xpointer(string-range(//body,'',2242,6))"/>
		<!--benefit-->
		<mark id="sTok462" xlink:href="#xpointer(string-range(//body,'',2249,7))"/>
		<!--to-->
		<mark id="sTok463" xlink:href="#xpointer(string-range(//body,'',2257,2))"/>
		<!--produce-->
		<mark id="sTok464" xlink:href="#xpointer(string-range(//body,'',2260,7))"/>
		<!--and-->
		<mark id="sTok465" xlink:href="#xpointer(string-range(//body,'',2268,3))"/>
		<!--distribute-->
		<mark id="sTok466" xlink:href="#xpointer(string-range(//body,'',2272,10))"/>
		<!--specific-->
		<mark id="sTok467" xlink:href="#xpointer(string-range(//body,'',2283,8))"/>
		<!--commodities-->
		<mark id="sTok468" xlink:href="#xpointer(string-range(//body,'',2292,11))"/>
		<!--or-->
		<mark id="sTok469" xlink:href="#xpointer(string-range(//body,'',2304,2))"/>
		<!--services-->
		<mark id="sTok470" xlink:href="#xpointer(string-range(//body,'',2307,8))"/>
		<!--,-->
		<mark id="sTok471" xlink:href="#xpointer(string-range(//body,'',2316,1))"/>
		<!--and-->
		<mark id="sTok472" xlink:href="#xpointer(string-range(//body,'',2318,3))"/>
		<!--managed-->
		<mark id="sTok473" xlink:href="#xpointer(string-range(//body,'',2322,7))"/>
		<!--by-->
		<mark id="sTok474" xlink:href="#xpointer(string-range(//body,'',2330,2))"/>
		<!--a-->
		<mark id="sTok475" xlink:href="#xpointer(string-range(//body,'',2333,1))"/>
		<!--central-->
		<mark id="sTok476" xlink:href="#xpointer(string-range(//body,'',2335,7))"/>
		<!--body-->
		<mark id="sTok477" xlink:href="#xpointer(string-range(//body,'',2343,4))"/>
		<!--of-->
		<mark id="sTok478" xlink:href="#xpointer(string-range(//body,'',2348,2))"/>
		<!--trustees-->
		<mark id="sTok479" xlink:href="#xpointer(string-range(//body,'',2351,8))"/>
		<!--.-->
		<mark id="sTok480" xlink:href="#xpointer(string-range(//body,'',2360,1))"/>
		<!--(-->
		<mark id="sTok481" xlink:href="#xpointer(string-range(//body,'',2362,1))"/>
		<!--computing-->
		<mark id="sTok482" xlink:href="#xpointer(string-range(//body,'',2364,9))"/>
		<!--)-->
		<mark id="sTok483" xlink:href="#xpointer(string-range(//body,'',2374,1))"/>
		<!--Affirmation-->
		<mark id="sTok484" xlink:href="#xpointer(string-range(//body,'',2376,11))"/>
		<!--of-->
		<mark id="sTok485" xlink:href="#xpointer(string-range(//body,'',2388,2))"/>
		<!--the-->
		<mark id="sTok486" xlink:href="#xpointer(string-range(//body,'',2391,3))"/>
		<!--access-->
		<mark id="sTok487" xlink:href="#xpointer(string-range(//body,'',2395,6))"/>
		<!--rights-->
		<mark id="sTok488" xlink:href="#xpointer(string-range(//body,'',2402,6))"/>
		<!--of-->
		<mark id="sTok489" xlink:href="#xpointer(string-range(//body,'',2409,2))"/>
		<!--a-->
		<mark id="sTok490" xlink:href="#xpointer(string-range(//body,'',2412,1))"/>
		<!--user-->
		<mark id="sTok491" xlink:href="#xpointer(string-range(//body,'',2414,4))"/>
		<!--of-->
		<mark id="sTok492" xlink:href="#xpointer(string-range(//body,'',2419,2))"/>
		<!--a-->
		<mark id="sTok493" xlink:href="#xpointer(string-range(//body,'',2422,1))"/>
		<!--computer-->
		<mark id="sTok494" xlink:href="#xpointer(string-range(//body,'',2424,8))"/>
		<!--system-->
		<mark id="sTok495" xlink:href="#xpointer(string-range(//body,'',2433,6))"/>
		<!--.-->
		<mark id="sTok496" xlink:href="#xpointer(string-range(//body,'',2440,1))"/>
		<!--Synonyms-->
		<mark id="sTok497" xlink:href="#xpointer(string-range(//body,'',2442,8))"/>
		<!--(-->
		<mark id="sTok498" xlink:href="#xpointer(string-range(//body,'',2451,1))"/>
		<!--confidence-->
		<mark id="sTok499" xlink:href="#xpointer(string-range(//body,'',2453,10))"/>
		<!--in-->
		<mark id="sTok500" xlink:href="#xpointer(string-range(//body,'',2464,2))"/>
		<!--a-->
		<mark id="sTok501" xlink:href="#xpointer(string-range(//body,'',2467,1))"/>
		<!--person-->
		<mark id="sTok502" xlink:href="#xpointer(string-range(//body,'',2469,6))"/>
		<!--or-->
		<mark id="sTok503" xlink:href="#xpointer(string-range(//body,'',2476,2))"/>
		<!--quality-->
		<mark id="sTok504" xlink:href="#xpointer(string-range(//body,'',2479,7))"/>
		<!--)-->
		<mark id="sTok505" xlink:href="#xpointer(string-range(//body,'',2487,1))"/>
		<!--belief-->
		<mark id="sTok506" xlink:href="#xpointer(string-range(//body,'',2489,6))"/>
		<!--,-->
		<mark id="sTok507" xlink:href="#xpointer(string-range(//body,'',2496,1))"/>
		<!--confidence-->
		<mark id="sTok508" xlink:href="#xpointer(string-range(//body,'',2498,10))"/>
		<!--,-->
		<mark id="sTok509" xlink:href="#xpointer(string-range(//body,'',2509,1))"/>
		<!--faith-->
		<mark id="sTok510" xlink:href="#xpointer(string-range(//body,'',2511,5))"/>
		<!--(-->
		<mark id="sTok511" xlink:href="#xpointer(string-range(//body,'',2517,1))"/>
		<!--hope-->
		<mark id="sTok512" xlink:href="#xpointer(string-range(//body,'',2519,4))"/>
		<!--)-->
		<mark id="sTok513" xlink:href="#xpointer(string-range(//body,'',2524,1))"/>
		<!--expectation-->
		<mark id="sTok514" xlink:href="#xpointer(string-range(//body,'',2526,11))"/>
		<!--,-->
		<mark id="sTok515" xlink:href="#xpointer(string-range(//body,'',2538,1))"/>
		<!--hope-->
		<mark id="sTok516" xlink:href="#xpointer(string-range(//body,'',2540,4))"/>
		<!--Antonyms-->
		<mark id="sTok517" xlink:href="#xpointer(string-range(//body,'',2545,8))"/>
		<!--distrust-->
		<mark id="sTok518" xlink:href="#xpointer(string-range(//body,'',2554,8))"/>
		<!--mistrust-->
		<mark id="sTok519" xlink:href="#xpointer(string-range(//body,'',2563,8))"/>
		<!--untrust-->
		<mark id="sTok520" xlink:href="#xpointer(string-range(//body,'',2572,7))"/>
		<!--wantrust-->
		<mark id="sTok521" xlink:href="#xpointer(string-range(//body,'',2580,8))"/>
		<!--Verb-->
		<mark id="sTok522" xlink:href="#xpointer(string-range(//body,'',2589,4))"/>
		<!--trust-->
		<mark id="sTok523" xlink:href="#xpointer(string-range(//body,'',2594,5))"/>
		<!--(-->
		<mark id="sTok524" xlink:href="#xpointer(string-range(//body,'',2600,1))"/>
		<!--third-->
		<mark id="sTok525" xlink:href="#xpointer(string-range(//body,'',2602,5))"/>
		<!--- -->
		<mark id="sTok526" xlink:href="#xpointer(string-range(//body,'',2608,1))"/>
		<!--person-->
		<mark id="sTok527" xlink:href="#xpointer(string-range(//body,'',2610,6))"/>
		<!--singular-->
		<mark id="sTok528" xlink:href="#xpointer(string-range(//body,'',2617,8))"/>
		<!--simple-->
		<mark id="sTok529" xlink:href="#xpointer(string-range(//body,'',2626,6))"/>
		<!--present-->
		<mark id="sTok530" xlink:href="#xpointer(string-range(//body,'',2633,7))"/>
		<!--trusts-->
		<mark id="sTok531" xlink:href="#xpointer(string-range(//body,'',2641,6))"/>
		<!--,-->
		<mark id="sTok532" xlink:href="#xpointer(string-range(//body,'',2648,1))"/>
		<!--present-->
		<mark id="sTok533" xlink:href="#xpointer(string-range(//body,'',2650,7))"/>
		<!--participle-->
		<mark id="sTok534" xlink:href="#xpointer(string-range(//body,'',2658,10))"/>
		<!--trusting-->
		<mark id="sTok535" xlink:href="#xpointer(string-range(//body,'',2669,8))"/>
		<!--,-->
		<mark id="sTok536" xlink:href="#xpointer(string-range(//body,'',2678,1))"/>
		<!--simple-->
		<mark id="sTok537" xlink:href="#xpointer(string-range(//body,'',2680,6))"/>
		<!--past-->
		<mark id="sTok538" xlink:href="#xpointer(string-range(//body,'',2687,4))"/>
		<!--and-->
		<mark id="sTok539" xlink:href="#xpointer(string-range(//body,'',2692,3))"/>
		<!--past-->
		<mark id="sTok540" xlink:href="#xpointer(string-range(//body,'',2696,4))"/>
		<!--participle-->
		<mark id="sTok541" xlink:href="#xpointer(string-range(//body,'',2701,10))"/>
		<!--trusted-->
		<mark id="sTok542" xlink:href="#xpointer(string-range(//body,'',2712,7))"/>
		<!--)-->
		<mark id="sTok543" xlink:href="#xpointer(string-range(//body,'',2720,1))"/>
		<!--(-->
		<mark id="sTok544" xlink:href="#xpointer(string-range(//body,'',2722,1))"/>
		<!--transitive-->
		<mark id="sTok545" xlink:href="#xpointer(string-range(//body,'',2724,10))"/>
		<!--)-->
		<mark id="sTok546" xlink:href="#xpointer(string-range(//body,'',2735,1))"/>
		<!--To-->
		<mark id="sTok547" xlink:href="#xpointer(string-range(//body,'',2737,2))"/>
		<!--place-->
		<mark id="sTok548" xlink:href="#xpointer(string-range(//body,'',2740,5))"/>
		<!--confidence-->
		<mark id="sTok549" xlink:href="#xpointer(string-range(//body,'',2746,10))"/>
		<!--in-->
		<mark id="sTok550" xlink:href="#xpointer(string-range(//body,'',2757,2))"/>
		<!--,-->
		<mark id="sTok551" xlink:href="#xpointer(string-range(//body,'',2760,1))"/>
		<!--to-->
		<mark id="sTok552" xlink:href="#xpointer(string-range(//body,'',2762,2))"/>
		<!--rely-->
		<mark id="sTok553" xlink:href="#xpointer(string-range(//body,'',2765,4))"/>
		<!--on-->
		<mark id="sTok554" xlink:href="#xpointer(string-range(//body,'',2770,2))"/>
		<!--,-->
		<mark id="sTok555" xlink:href="#xpointer(string-range(//body,'',2773,1))"/>
		<!--to-->
		<mark id="sTok556" xlink:href="#xpointer(string-range(//body,'',2775,2))"/>
		<!--confide-->
		<mark id="sTok557" xlink:href="#xpointer(string-range(//body,'',2778,7))"/>
		<!--in-->
		<mark id="sTok558" xlink:href="#xpointer(string-range(//body,'',2786,2))"/>
		<!--.-->
		<mark id="sTok559" xlink:href="#xpointer(string-range(//body,'',2789,1))"/>
		<!--We-->
		<mark id="sTok560" xlink:href="#xpointer(string-range(//body,'',2791,2))"/>
		<!--can-->
		<mark id="sTok561" xlink:href="#xpointer(string-range(//body,'',2794,3))"/>
		<!--not-->
		<mark id="sTok562" xlink:href="#xpointer(string-range(//body,'',2798,3))"/>
		<!--trust-->
		<mark id="sTok563" xlink:href="#xpointer(string-range(//body,'',2802,5))"/>
		<!--anyone-->
		<mark id="sTok564" xlink:href="#xpointer(string-range(//body,'',2808,6))"/>
		<!--who-->
		<mark id="sTok565" xlink:href="#xpointer(string-range(//body,'',2815,3))"/>
		<!--deceives-->
		<mark id="sTok566" xlink:href="#xpointer(string-range(//body,'',2819,8))"/>
		<!--us-->
		<mark id="sTok567" xlink:href="#xpointer(string-range(//body,'',2828,2))"/>
		<!--.-->
		<mark id="sTok568" xlink:href="#xpointer(string-range(//body,'',2831,1))"/>
		<!--(-->
		<mark id="sTok569" xlink:href="#xpointer(string-range(//body,'',2833,1))"/>
		<!--intransitive-->
		<mark id="sTok570" xlink:href="#xpointer(string-range(//body,'',2835,12))"/>
		<!--,-->
		<mark id="sTok571" xlink:href="#xpointer(string-range(//body,'',2848,1))"/>
		<!--with-->
		<mark id="sTok572" xlink:href="#xpointer(string-range(//body,'',2850,4))"/>
		<!--in-->
		<mark id="sTok573" xlink:href="#xpointer(string-range(//body,'',2855,2))"/>
		<!--)-->
		<mark id="sTok574" xlink:href="#xpointer(string-range(//body,'',2858,1))"/>
		<!--To-->
		<mark id="sTok575" xlink:href="#xpointer(string-range(//body,'',2860,2))"/>
		<!--have-->
		<mark id="sTok576" xlink:href="#xpointer(string-range(//body,'',2863,4))"/>
		<!--faith-->
		<mark id="sTok577" xlink:href="#xpointer(string-range(//body,'',2868,5))"/>
		<!--in-->
		<mark id="sTok578" xlink:href="#xpointer(string-range(//body,'',2874,2))"/>
		<!--;-->
		<mark id="sTok579" xlink:href="#xpointer(string-range(//body,'',2877,1))"/>
		<!--to-->
		<mark id="sTok580" xlink:href="#xpointer(string-range(//body,'',2879,2))"/>
		<!--rely-->
		<mark id="sTok581" xlink:href="#xpointer(string-range(//body,'',2882,4))"/>
		<!--on-->
		<mark id="sTok582" xlink:href="#xpointer(string-range(//body,'',2887,2))"/>
		<!--for-->
		<mark id="sTok583" xlink:href="#xpointer(string-range(//body,'',2890,3))"/>
		<!--continuing-->
		<mark id="sTok584" xlink:href="#xpointer(string-range(//body,'',2894,10))"/>
		<!--support-->
		<mark id="sTok585" xlink:href="#xpointer(string-range(//body,'',2905,7))"/>
		<!--or-->
		<mark id="sTok586" xlink:href="#xpointer(string-range(//body,'',2913,2))"/>
		<!--aid-->
		<mark id="sTok587" xlink:href="#xpointer(string-range(//body,'',2916,3))"/>
		<!--.-->
		<mark id="sTok588" xlink:href="#xpointer(string-range(//body,'',2920,1))"/>
		<!--In-->
		<mark id="sTok589" xlink:href="#xpointer(string-range(//body,'',2922,2))"/>
		<!--God-->
		<mark id="sTok590" xlink:href="#xpointer(string-range(//body,'',2925,3))"/>
		<!--We-->
		<mark id="sTok591" xlink:href="#xpointer(string-range(//body,'',2929,2))"/>
		<!--Trust-->
		<mark id="sTok592" xlink:href="#xpointer(string-range(//body,'',2932,5))"/>
		<!--(-->
		<mark id="sTok593" xlink:href="#xpointer(string-range(//body,'',2938,1))"/>
		<!--official-->
		<mark id="sTok594" xlink:href="#xpointer(string-range(//body,'',2940,8))"/>
		<!--US-->
		<mark id="sTok595" xlink:href="#xpointer(string-range(//body,'',2949,2))"/>
		<!--motto-->
		<mark id="sTok596" xlink:href="#xpointer(string-range(//body,'',2952,5))"/>
		<!--)-->
		<mark id="sTok597" xlink:href="#xpointer(string-range(//body,'',2958,1))"/>
		<!--(-->
		<mark id="sTok598" xlink:href="#xpointer(string-range(//body,'',2960,1))"/>
		<!--transitive-->
		<mark id="sTok599" xlink:href="#xpointer(string-range(//body,'',2962,10))"/>
		<!--)-->
		<mark id="sTok600" xlink:href="#xpointer(string-range(//body,'',2973,1))"/>
		<!--To-->
		<mark id="sTok601" xlink:href="#xpointer(string-range(//body,'',2975,2))"/>
		<!--give-->
		<mark id="sTok602" xlink:href="#xpointer(string-range(//body,'',2978,4))"/>
		<!--credence-->
		<mark id="sTok603" xlink:href="#xpointer(string-range(//body,'',2983,8))"/>
		<!--to-->
		<mark id="sTok604" xlink:href="#xpointer(string-range(//body,'',2992,2))"/>
		<!--;-->
		<mark id="sTok605" xlink:href="#xpointer(string-range(//body,'',2995,1))"/>
		<!--to-->
		<mark id="sTok606" xlink:href="#xpointer(string-range(//body,'',2997,2))"/>
		<!--believe-->
		<mark id="sTok607" xlink:href="#xpointer(string-range(//body,'',3000,7))"/>
		<!--;-->
		<mark id="sTok608" xlink:href="#xpointer(string-range(//body,'',3008,1))"/>
		<!--to-->
		<mark id="sTok609" xlink:href="#xpointer(string-range(//body,'',3010,2))"/>
		<!--credit-->
		<mark id="sTok610" xlink:href="#xpointer(string-range(//body,'',3013,6))"/>
		<!--.-->
		<mark id="sTok611" xlink:href="#xpointer(string-range(//body,'',3020,1))"/>
		<!--(-->
		<mark id="sTok612" xlink:href="#xpointer(string-range(//body,'',3022,1))"/>
		<!--transitive-->
		<mark id="sTok613" xlink:href="#xpointer(string-range(//body,'',3024,10))"/>
		<!--)-->
		<mark id="sTok614" xlink:href="#xpointer(string-range(//body,'',3035,1))"/>
		<!--To-->
		<mark id="sTok615" xlink:href="#xpointer(string-range(//body,'',3037,2))"/>
		<!--hope-->
		<mark id="sTok616" xlink:href="#xpointer(string-range(//body,'',3040,4))"/>
		<!--confidently-->
		<mark id="sTok617" xlink:href="#xpointer(string-range(//body,'',3045,11))"/>
		<!--;-->
		<mark id="sTok618" xlink:href="#xpointer(string-range(//body,'',3057,1))"/>
		<!--to-->
		<mark id="sTok619" xlink:href="#xpointer(string-range(//body,'',3059,2))"/>
		<!--believe-->
		<mark id="sTok620" xlink:href="#xpointer(string-range(//body,'',3062,7))"/>
		<!--(-->
		<mark id="sTok621" xlink:href="#xpointer(string-range(//body,'',3070,1))"/>
		<!--usually-->
		<mark id="sTok622" xlink:href="#xpointer(string-range(//body,'',3072,7))"/>
		<!--with-->
		<mark id="sTok623" xlink:href="#xpointer(string-range(//body,'',3080,4))"/>
		<!--a-->
		<mark id="sTok624" xlink:href="#xpointer(string-range(//body,'',3085,1))"/>
		<!--phrase-->
		<mark id="sTok625" xlink:href="#xpointer(string-range(//body,'',3087,6))"/>
		<!--or-->
		<mark id="sTok626" xlink:href="#xpointer(string-range(//body,'',3094,2))"/>
		<!--infinitive-->
		<mark id="sTok627" xlink:href="#xpointer(string-range(//body,'',3097,10))"/>
		<!--clause-->
		<mark id="sTok628" xlink:href="#xpointer(string-range(//body,'',3108,6))"/>
		<!--as-->
		<mark id="sTok629" xlink:href="#xpointer(string-range(//body,'',3115,2))"/>
		<!--the-->
		<mark id="sTok630" xlink:href="#xpointer(string-range(//body,'',3118,3))"/>
		<!--object-->
		<mark id="sTok631" xlink:href="#xpointer(string-range(//body,'',3122,6))"/>
		<!--)-->
		<mark id="sTok632" xlink:href="#xpointer(string-range(//body,'',3129,1))"/>
		<!--I-->
		<mark id="sTok633" xlink:href="#xpointer(string-range(//body,'',3131,1))"/>
		<!--trust-->
		<mark id="sTok634" xlink:href="#xpointer(string-range(//body,'',3133,5))"/>
		<!--you-->
		<mark id="sTok635" xlink:href="#xpointer(string-range(//body,'',3139,3))"/>
		<!--have-->
		<mark id="sTok636" xlink:href="#xpointer(string-range(//body,'',3143,4))"/>
		<!--cleaned-->
		<mark id="sTok637" xlink:href="#xpointer(string-range(//body,'',3148,7))"/>
		<!--your-->
		<mark id="sTok638" xlink:href="#xpointer(string-range(//body,'',3156,4))"/>
		<!--room-->
		<mark id="sTok639" xlink:href="#xpointer(string-range(//body,'',3161,4))"/>
		<!--?-->
		<mark id="sTok640" xlink:href="#xpointer(string-range(//body,'',3166,1))"/>
		<!--(-->
		<mark id="sTok641" xlink:href="#xpointer(string-range(//body,'',3168,1))"/>
		<!--transitive-->
		<mark id="sTok642" xlink:href="#xpointer(string-range(//body,'',3170,10))"/>
		<!--)-->
		<mark id="sTok643" xlink:href="#xpointer(string-range(//body,'',3181,1))"/>
		<!--to-->
		<mark id="sTok644" xlink:href="#xpointer(string-range(//body,'',3183,2))"/>
		<!--show-->
		<mark id="sTok645" xlink:href="#xpointer(string-range(//body,'',3186,4))"/>
		<!--confidence-->
		<mark id="sTok646" xlink:href="#xpointer(string-range(//body,'',3191,10))"/>
		<!--in-->
		<mark id="sTok647" xlink:href="#xpointer(string-range(//body,'',3202,2))"/>
		<!--a-->
		<mark id="sTok648" xlink:href="#xpointer(string-range(//body,'',3205,1))"/>
		<!--person-->
		<mark id="sTok649" xlink:href="#xpointer(string-range(//body,'',3207,6))"/>
		<!--by-->
		<mark id="sTok650" xlink:href="#xpointer(string-range(//body,'',3214,2))"/>
		<!--entrusting-->
		<mark id="sTok651" xlink:href="#xpointer(string-range(//body,'',3217,10))"/>
		<!--them-->
		<mark id="sTok652" xlink:href="#xpointer(string-range(//body,'',3228,4))"/>
		<!--with-->
		<mark id="sTok653" xlink:href="#xpointer(string-range(//body,'',3233,4))"/>
		<!--something-->
		<mark id="sTok654" xlink:href="#xpointer(string-range(//body,'',3238,9))"/>
		<!--.-->
		<mark id="sTok655" xlink:href="#xpointer(string-range(//body,'',3248,1))"/>
		<!--(-->
		<mark id="sTok656" xlink:href="#xpointer(string-range(//body,'',3250,1))"/>
		<!--transitive-->
		<mark id="sTok657" xlink:href="#xpointer(string-range(//body,'',3252,10))"/>
		<!--)-->
		<mark id="sTok658" xlink:href="#xpointer(string-range(//body,'',3263,1))"/>
		<!--To-->
		<mark id="sTok659" xlink:href="#xpointer(string-range(//body,'',3265,2))"/>
		<!--commit-->
		<mark id="sTok660" xlink:href="#xpointer(string-range(//body,'',3268,6))"/>
		<!--,-->
		<mark id="sTok661" xlink:href="#xpointer(string-range(//body,'',3275,1))"/>
		<!--as-->
		<mark id="sTok662" xlink:href="#xpointer(string-range(//body,'',3277,2))"/>
		<!--to-->
		<mark id="sTok663" xlink:href="#xpointer(string-range(//body,'',3280,2))"/>
		<!--one-->
		<mark id="sTok664" xlink:href="#xpointer(string-range(//body,'',3283,3))"/>
		<!--'s-->
		<mark id="sTok665" xlink:href="#xpointer(string-range(//body,'',3287,2))"/>
		<!--care-->
		<mark id="sTok666" xlink:href="#xpointer(string-range(//body,'',3290,4))"/>
		<!--;-->
		<mark id="sTok667" xlink:href="#xpointer(string-range(//body,'',3295,1))"/>
		<!--to-->
		<mark id="sTok668" xlink:href="#xpointer(string-range(//body,'',3297,2))"/>
		<!--entrust-->
		<mark id="sTok669" xlink:href="#xpointer(string-range(//body,'',3300,7))"/>
		<!--.-->
		<mark id="sTok670" xlink:href="#xpointer(string-range(//body,'',3308,1))"/>
		<!--(-->
		<mark id="sTok671" xlink:href="#xpointer(string-range(//body,'',3310,1))"/>
		<!--transitive-->
		<mark id="sTok672" xlink:href="#xpointer(string-range(//body,'',3312,10))"/>
		<!--)-->
		<mark id="sTok673" xlink:href="#xpointer(string-range(//body,'',3323,1))"/>
		<!--To-->
		<mark id="sTok674" xlink:href="#xpointer(string-range(//body,'',3325,2))"/>
		<!--give-->
		<mark id="sTok675" xlink:href="#xpointer(string-range(//body,'',3328,4))"/>
		<!--credit-->
		<mark id="sTok676" xlink:href="#xpointer(string-range(//body,'',3333,6))"/>
		<!--to-->
		<mark id="sTok677" xlink:href="#xpointer(string-range(//body,'',3340,2))"/>
		<!--;-->
		<mark id="sTok678" xlink:href="#xpointer(string-range(//body,'',3343,1))"/>
		<!--to-->
		<mark id="sTok679" xlink:href="#xpointer(string-range(//body,'',3345,2))"/>
		<!--sell-->
		<mark id="sTok680" xlink:href="#xpointer(string-range(//body,'',3348,4))"/>
		<!--to-->
		<mark id="sTok681" xlink:href="#xpointer(string-range(//body,'',3353,2))"/>
		<!--upon-->
		<mark id="sTok682" xlink:href="#xpointer(string-range(//body,'',3356,4))"/>
		<!--credit-->
		<mark id="sTok683" xlink:href="#xpointer(string-range(//body,'',3361,6))"/>
		<!--,-->
		<mark id="sTok684" xlink:href="#xpointer(string-range(//body,'',3368,1))"/>
		<!--or-->
		<mark id="sTok685" xlink:href="#xpointer(string-range(//body,'',3370,2))"/>
		<!--in-->
		<mark id="sTok686" xlink:href="#xpointer(string-range(//body,'',3373,2))"/>
		<!--confidence-->
		<mark id="sTok687" xlink:href="#xpointer(string-range(//body,'',3376,10))"/>
		<!--of-->
		<mark id="sTok688" xlink:href="#xpointer(string-range(//body,'',3387,2))"/>
		<!--future-->
		<mark id="sTok689" xlink:href="#xpointer(string-range(//body,'',3390,6))"/>
		<!--payment-->
		<mark id="sTok690" xlink:href="#xpointer(string-range(//body,'',3397,7))"/>
		<!--.-->
		<mark id="sTok691" xlink:href="#xpointer(string-range(//body,'',3405,1))"/>
		<!--Merchants-->
		<mark id="sTok692" xlink:href="#xpointer(string-range(//body,'',3407,9))"/>
		<!--and-->
		<mark id="sTok693" xlink:href="#xpointer(string-range(//body,'',3417,3))"/>
		<!--manufacturers-->
		<mark id="sTok694" xlink:href="#xpointer(string-range(//body,'',3421,13))"/>
		<!--trust-->
		<mark id="sTok695" xlink:href="#xpointer(string-range(//body,'',3435,5))"/>
		<!--their-->
		<mark id="sTok696" xlink:href="#xpointer(string-range(//body,'',3441,5))"/>
		<!--customers-->
		<mark id="sTok697" xlink:href="#xpointer(string-range(//body,'',3447,9))"/>
		<!--annually-->
		<mark id="sTok698" xlink:href="#xpointer(string-range(//body,'',3457,8))"/>
		<!--with-->
		<mark id="sTok699" xlink:href="#xpointer(string-range(//body,'',3466,4))"/>
		<!--goods-->
		<mark id="sTok700" xlink:href="#xpointer(string-range(//body,'',3471,5))"/>
		<!--.-->
		<mark id="sTok701" xlink:href="#xpointer(string-range(//body,'',3477,1))"/>
		<!--(-->
		<mark id="sTok702" xlink:href="#xpointer(string-range(//body,'',3479,1))"/>
		<!--intransitive-->
		<mark id="sTok703" xlink:href="#xpointer(string-range(//body,'',3481,12))"/>
		<!--followed-->
		<mark id="sTok704" xlink:href="#xpointer(string-range(//body,'',3494,8))"/>
		<!--by-->
		<mark id="sTok705" xlink:href="#xpointer(string-range(//body,'',3503,2))"/>
		<!--to-->
		<mark id="sTok706" xlink:href="#xpointer(string-range(//body,'',3506,2))"/>
		<!--To-->
		<mark id="sTok707" xlink:href="#xpointer(string-range(//body,'',3509,2))"/>
		<!--rely-->
		<mark id="sTok708" xlink:href="#xpointer(string-range(//body,'',3512,4))"/>
		<!--on-->
		<mark id="sTok709" xlink:href="#xpointer(string-range(//body,'',3517,2))"/>
		<!--(-->
		<mark id="sTok710" xlink:href="#xpointer(string-range(//body,'',3520,1))"/>
		<!--something-->
		<mark id="sTok711" xlink:href="#xpointer(string-range(//body,'',3522,9))"/>
		<!--)-->
		<mark id="sTok712" xlink:href="#xpointer(string-range(//body,'',3532,1))"/>
		<!--,-->
		<mark id="sTok713" xlink:href="#xpointer(string-range(//body,'',3534,1))"/>
		<!--as-->
		<mark id="sTok714" xlink:href="#xpointer(string-range(//body,'',3536,2))"/>
		<!--though-->
		<mark id="sTok715" xlink:href="#xpointer(string-range(//body,'',3539,6))"/>
		<!--having-->
		<mark id="sTok716" xlink:href="#xpointer(string-range(//body,'',3546,6))"/>
		<!--trust-->
		<mark id="sTok717" xlink:href="#xpointer(string-range(//body,'',3553,5))"/>
		<!--(-->
		<mark id="sTok718" xlink:href="#xpointer(string-range(//body,'',3559,1))"/>
		<!--on-->
		<mark id="sTok719" xlink:href="#xpointer(string-range(//body,'',3561,2))"/>
		<!--it-->
		<mark id="sTok720" xlink:href="#xpointer(string-range(//body,'',3564,2))"/>
		<!--)-->
		<mark id="sTok721" xlink:href="#xpointer(string-range(//body,'',3567,1))"/>
		<!--.-->
		<mark id="sTok722" xlink:href="#xpointer(string-range(//body,'',3569,1))"/>
		<!--to-->
		<mark id="sTok723" xlink:href="#xpointer(string-range(//body,'',3571,2))"/>
		<!--trust-->
		<mark id="sTok724" xlink:href="#xpointer(string-range(//body,'',3574,5))"/>
		<!--to-->
		<mark id="sTok725" xlink:href="#xpointer(string-range(//body,'',3580,2))"/>
		<!--luck-->
		<mark id="sTok726" xlink:href="#xpointer(string-range(//body,'',3583,4))"/>
		<!--Having-->
		<mark id="sTok727" xlink:href="#xpointer(string-range(//body,'',3588,6))"/>
		<!--lost-->
		<mark id="sTok728" xlink:href="#xpointer(string-range(//body,'',3595,4))"/>
		<!--the-->
		<mark id="sTok729" xlink:href="#xpointer(string-range(//body,'',3600,3))"/>
		<!--book-->
		<mark id="sTok730" xlink:href="#xpointer(string-range(//body,'',3604,4))"/>
		<!--,-->
		<mark id="sTok731" xlink:href="#xpointer(string-range(//body,'',3609,1))"/>
		<!--he-->
		<mark id="sTok732" xlink:href="#xpointer(string-range(//body,'',3611,2))"/>
		<!--had-->
		<mark id="sTok733" xlink:href="#xpointer(string-range(//body,'',3614,3))"/>
		<!--to-->
		<mark id="sTok734" xlink:href="#xpointer(string-range(//body,'',3618,2))"/>
		<!--trust-->
		<mark id="sTok735" xlink:href="#xpointer(string-range(//body,'',3621,5))"/>
		<!--to-->
		<mark id="sTok736" xlink:href="#xpointer(string-range(//body,'',3627,2))"/>
		<!--his-->
		<mark id="sTok737" xlink:href="#xpointer(string-range(//body,'',3630,3))"/>
		<!--memory-->
		<mark id="sTok738" xlink:href="#xpointer(string-range(//body,'',3634,6))"/>
		<!--for-->
		<mark id="sTok739" xlink:href="#xpointer(string-range(//body,'',3641,3))"/>
		<!--further-->
		<mark id="sTok740" xlink:href="#xpointer(string-range(//body,'',3645,7))"/>
		<!--details-->
		<mark id="sTok741" xlink:href="#xpointer(string-range(//body,'',3653,7))"/>
		<!--.-->
		<mark id="sTok742" xlink:href="#xpointer(string-range(//body,'',3661,1))"/>
		<!--(-->
		<mark id="sTok743" xlink:href="#xpointer(string-range(//body,'',3663,1))"/>
		<!--archaic-->
		<mark id="sTok744" xlink:href="#xpointer(string-range(//body,'',3665,7))"/>
		<!--,-->
		<mark id="sTok745" xlink:href="#xpointer(string-range(//body,'',3673,1))"/>
		<!--transitive-->
		<mark id="sTok746" xlink:href="#xpointer(string-range(//body,'',3675,10))"/>
		<!--To-->
		<mark id="sTok747" xlink:href="#xpointer(string-range(//body,'',3686,2))"/>
		<!--risk-->
		<mark id="sTok748" xlink:href="#xpointer(string-range(//body,'',3689,4))"/>
		<!--;-->
		<mark id="sTok749" xlink:href="#xpointer(string-range(//body,'',3694,1))"/>
		<!--to-->
		<mark id="sTok750" xlink:href="#xpointer(string-range(//body,'',3696,2))"/>
		<!--venture-->
		<mark id="sTok751" xlink:href="#xpointer(string-range(//body,'',3699,7))"/>
		<!--confidently-->
		<mark id="sTok752" xlink:href="#xpointer(string-range(//body,'',3707,11))"/>
		<!--.-->
		<mark id="sTok753" xlink:href="#xpointer(string-range(//body,'',3719,1))"/>
		<!--(-->
		<mark id="sTok754" xlink:href="#xpointer(string-range(//body,'',3721,1))"/>
		<!--intransitive-->
		<mark id="sTok755" xlink:href="#xpointer(string-range(//body,'',3723,12))"/>
		<!--)-->
		<mark id="sTok756" xlink:href="#xpointer(string-range(//body,'',3736,1))"/>
		<!--To-->
		<mark id="sTok757" xlink:href="#xpointer(string-range(//body,'',3738,2))"/>
		<!--have-->
		<mark id="sTok758" xlink:href="#xpointer(string-range(//body,'',3741,4))"/>
		<!--trust-->
		<mark id="sTok759" xlink:href="#xpointer(string-range(//body,'',3746,5))"/>
		<!--;-->
		<mark id="sTok760" xlink:href="#xpointer(string-range(//body,'',3752,1))"/>
		<!--to-->
		<mark id="sTok761" xlink:href="#xpointer(string-range(//body,'',3754,2))"/>
		<!--be-->
		<mark id="sTok762" xlink:href="#xpointer(string-range(//body,'',3757,2))"/>
		<!--credulous-->
		<mark id="sTok763" xlink:href="#xpointer(string-range(//body,'',3760,9))"/>
		<!--;-->
		<mark id="sTok764" xlink:href="#xpointer(string-range(//body,'',3770,1))"/>
		<!--to-->
		<mark id="sTok765" xlink:href="#xpointer(string-range(//body,'',3772,2))"/>
		<!--be-->
		<mark id="sTok766" xlink:href="#xpointer(string-range(//body,'',3775,2))"/>
		<!--won-->
		<mark id="sTok767" xlink:href="#xpointer(string-range(//body,'',3778,3))"/>
		<!--to-->
		<mark id="sTok768" xlink:href="#xpointer(string-range(//body,'',3782,2))"/>
		<!--confidence-->
		<mark id="sTok769" xlink:href="#xpointer(string-range(//body,'',3785,10))"/>
		<!--;-->
		<mark id="sTok770" xlink:href="#xpointer(string-range(//body,'',3796,1))"/>
		<!--to-->
		<mark id="sTok771" xlink:href="#xpointer(string-range(//body,'',3798,2))"/>
		<!--confide-->
		<mark id="sTok772" xlink:href="#xpointer(string-range(//body,'',3801,7))"/>
		<!--.-->
		<mark id="sTok773" xlink:href="#xpointer(string-range(//body,'',3809,1))"/>
		<!--(-->
		<mark id="sTok774" xlink:href="#xpointer(string-range(//body,'',3811,1))"/>
		<!--archaic-->
		<mark id="sTok775" xlink:href="#xpointer(string-range(//body,'',3813,7))"/>
		<!--,-->
		<mark id="sTok776" xlink:href="#xpointer(string-range(//body,'',3821,1))"/>
		<!--intransitive-->
		<mark id="sTok777" xlink:href="#xpointer(string-range(//body,'',3823,12))"/>
		<!--To-->
		<mark id="sTok778" xlink:href="#xpointer(string-range(//body,'',3836,2))"/>
		<!--sell-->
		<mark id="sTok779" xlink:href="#xpointer(string-range(//body,'',3839,4))"/>
		<!--or-->
		<mark id="sTok780" xlink:href="#xpointer(string-range(//body,'',3844,2))"/>
		<!--deliver-->
		<mark id="sTok781" xlink:href="#xpointer(string-range(//body,'',3847,7))"/>
		<!--anything-->
		<mark id="sTok782" xlink:href="#xpointer(string-range(//body,'',3855,8))"/>
		<!--in-->
		<mark id="sTok783" xlink:href="#xpointer(string-range(//body,'',3864,2))"/>
		<!--reliance-->
		<mark id="sTok784" xlink:href="#xpointer(string-range(//body,'',3867,8))"/>
		<!--upon-->
		<mark id="sTok785" xlink:href="#xpointer(string-range(//body,'',3876,4))"/>
		<!--a-->
		<mark id="sTok786" xlink:href="#xpointer(string-range(//body,'',3881,1))"/>
		<!--promise-->
		<mark id="sTok787" xlink:href="#xpointer(string-range(//body,'',3883,7))"/>
		<!--of-->
		<mark id="sTok788" xlink:href="#xpointer(string-range(//body,'',3891,2))"/>
		<!--payment-->
		<mark id="sTok789" xlink:href="#xpointer(string-range(//body,'',3894,7))"/>
		<!--;-->
		<mark id="sTok790" xlink:href="#xpointer(string-range(//body,'',3902,1))"/>
		<!--to-->
		<mark id="sTok791" xlink:href="#xpointer(string-range(//body,'',3904,2))"/>
		<!--give-->
		<mark id="sTok792" xlink:href="#xpointer(string-range(//body,'',3907,4))"/>
		<!--credit-->
		<mark id="sTok793" xlink:href="#xpointer(string-range(//body,'',3912,6))"/>
		<!--.-->
		<mark id="sTok794" xlink:href="#xpointer(string-range(//body,'',3919,1))"/>
		<!--Antonyms-->
		<mark id="sTok795" xlink:href="#xpointer(string-range(//body,'',3921,8))"/>
		<!--distrust-->
		<mark id="sTok796" xlink:href="#xpointer(string-range(//body,'',3930,8))"/>
		<!--mistrust-->
		<mark id="sTok797" xlink:href="#xpointer(string-range(//body,'',3939,8))"/>
		<!--Adjective-->
		<mark id="sTok798" xlink:href="#xpointer(string-range(//body,'',3948,9))"/>
		<!--trust-->
		<mark id="sTok799" xlink:href="#xpointer(string-range(//body,'',3958,5))"/>
		<!--(-->
		<mark id="sTok800" xlink:href="#xpointer(string-range(//body,'',3964,1))"/>
		<!--comparative-->
		<mark id="sTok801" xlink:href="#xpointer(string-range(//body,'',3966,11))"/>
		<!--more-->
		<mark id="sTok802" xlink:href="#xpointer(string-range(//body,'',3978,4))"/>
		<!--trust-->
		<mark id="sTok803" xlink:href="#xpointer(string-range(//body,'',3983,5))"/>
		<!--,-->
		<mark id="sTok804" xlink:href="#xpointer(string-range(//body,'',3989,1))"/>
		<!--superlative-->
		<mark id="sTok805" xlink:href="#xpointer(string-range(//body,'',3991,11))"/>
		<!--most-->
		<mark id="sTok806" xlink:href="#xpointer(string-range(//body,'',4003,4))"/>
		<!--trust-->
		<mark id="sTok807" xlink:href="#xpointer(string-range(//body,'',4008,5))"/>
		<!--)-->
		<mark id="sTok808" xlink:href="#xpointer(string-range(//body,'',4014,1))"/>
		<!--(-->
		<mark id="sTok809" xlink:href="#xpointer(string-range(//body,'',4016,1))"/>
		<!--obsolete-->
		<mark id="sTok810" xlink:href="#xpointer(string-range(//body,'',4018,8))"/>
		<!--)-->
		<mark id="sTok811" xlink:href="#xpointer(string-range(//body,'',4027,1))"/>
		<!--Secure-->
		<mark id="sTok812" xlink:href="#xpointer(string-range(//body,'',4029,6))"/>
		<!--,-->
		<mark id="sTok813" xlink:href="#xpointer(string-range(//body,'',4036,1))"/>
		<!--safe-->
		<mark id="sTok814" xlink:href="#xpointer(string-range(//body,'',4038,4))"/>
		<!--.-->
		<mark id="sTok815" xlink:href="#xpointer(string-range(//body,'',4043,1))"/>
		<!--(-->
		<mark id="sTok816" xlink:href="#xpointer(string-range(//body,'',4045,1))"/>
		<!--obsolete-->
		<mark id="sTok817" xlink:href="#xpointer(string-range(//body,'',4047,8))"/>
		<!--)-->
		<mark id="sTok818" xlink:href="#xpointer(string-range(//body,'',4056,1))"/>
		<!--Faithful-->
		<mark id="sTok819" xlink:href="#xpointer(string-range(//body,'',4058,8))"/>
		<!--,-->
		<mark id="sTok820" xlink:href="#xpointer(string-range(//body,'',4067,1))"/>
		<!--dependable-->
		<mark id="sTok821" xlink:href="#xpointer(string-range(//body,'',4069,10))"/>
		<!--.-->
		<mark id="sTok822" xlink:href="#xpointer(string-range(//body,'',4080,1))"/>
		<!--(-->
		<mark id="sTok823" xlink:href="#xpointer(string-range(//body,'',4082,1))"/>
		<!--law-->
		<mark id="sTok824" xlink:href="#xpointer(string-range(//body,'',4084,3))"/>
		<!--)-->
		<mark id="sTok825" xlink:href="#xpointer(string-range(//body,'',4088,1))"/>
		<!--of-->
		<mark id="sTok826" xlink:href="#xpointer(string-range(//body,'',4090,2))"/>
		<!--or-->
		<mark id="sTok827" xlink:href="#xpointer(string-range(//body,'',4093,2))"/>
		<!--relating-->
		<mark id="sTok828" xlink:href="#xpointer(string-range(//body,'',4096,8))"/>
		<!--to-->
		<mark id="sTok829" xlink:href="#xpointer(string-range(//body,'',4105,2))"/>
		<!--a-->
		<mark id="sTok830" xlink:href="#xpointer(string-range(//body,'',4108,1))"/>
		<!--trust-->
		<mark id="sTok831" xlink:href="#xpointer(string-range(//body,'',4110,5))"/>
		<!--.-->
		<mark id="sTok832" xlink:href="#xpointer(string-range(//body,'',4116,1))"/></markList></paula>