<?xml version='1.0' encoding='UTF-8'?><!DOCTYPE paula SYSTEM "paula_feat.dtd">
<paula version="1.1">
	<header paula_id="morph.GENTLE_dictionary_trust.mark_Mood"/>
	<featList xmlns:xlink="http://www.w3.org/1999/xlink" type="Mood" xml:base="morph.GENTLE_dictionary_trust.mark.xml">
		<feat xlink:href="#sSpan727" value="Ind"/>
		<feat xlink:href="#sSpan734" value="Ind"/>
		<feat xlink:href="#sSpan841" value="Ind"/>
		<feat xlink:href="#sSpan860" value="Ind"/>
		<feat xlink:href="#sSpan911" value="Ind"/>
		<feat xlink:href="#sSpan921" value="Ind"/>
		<feat xlink:href="#sSpan937" value="Ind"/>
		<feat xlink:href="#sSpan961" value="Ind"/>
		<feat xlink:href="#sSpan984" value="Ind"/>
		<feat xlink:href="#sSpan1006" value="Ind"/>
		<feat xlink:href="#sSpan1027" value="Ind"/>
		<feat xlink:href="#sSpan1050" value="Ind"/>
		<feat xlink:href="#sSpan1118" value="Ind"/>
		<feat xlink:href="#sSpan1210" value="Ind"/>
		<feat xlink:href="#sSpan1235" value="Ind"/>
		<feat xlink:href="#sSpan1263" value="Ind"/>
		<feat xlink:href="#sSpan1274" value="Ind"/>
		<feat xlink:href="#sSpan1315" value="Ind"/>
		<feat xlink:href="#sSpan1361" value="Ind"/>
		<feat xlink:href="#sSpan1383" value="Imp"/></featList></paula>