<?xml version='1.0' encoding='UTF-8'?><!DOCTYPE paula SYSTEM "paula_feat.dtd">
<paula version="1.1">
	<header paula_id="morph.GENTLE_dictionary_trust.mark_Degree"/>
	<featList xmlns:xlink="http://www.w3.org/1999/xlink" type="Degree" xml:base="morph.GENTLE_dictionary_trust.mark.xml">
		<feat xlink:href="#sSpan695" value="Pos"/>
		<feat xlink:href="#sSpan699" value="Pos"/>
		<feat xlink:href="#sSpan706" value="Pos"/>
		<feat xlink:href="#sSpan717" value="Pos"/>
		<feat xlink:href="#sSpan728" value="Pos"/>
		<feat xlink:href="#sSpan747" value="Pos"/>
		<feat xlink:href="#sSpan748" value="Pos"/>
		<feat xlink:href="#sSpan752" value="Pos"/>
		<feat xlink:href="#sSpan756" value="Pos"/>
		<feat xlink:href="#sSpan757" value="Pos"/>
		<feat xlink:href="#sSpan761" value="Pos"/>
		<feat xlink:href="#sSpan766" value="Pos"/>
		<feat xlink:href="#sSpan767" value="Pos"/>
		<feat xlink:href="#sSpan770" value="Pos"/>
		<feat xlink:href="#sSpan775" value="Pos"/>
		<feat xlink:href="#sSpan776" value="Pos"/>
		<feat xlink:href="#sSpan777" value="Pos"/>
		<feat xlink:href="#sSpan778" value="Pos"/>
		<feat xlink:href="#sSpan779" value="Pos"/>
		<feat xlink:href="#sSpan796" value="Pos"/>
		<feat xlink:href="#sSpan801" value="Cmp"/>
		<feat xlink:href="#sSpan802" value="Pos"/>
		<feat xlink:href="#sSpan813" value="Pos"/>
		<feat xlink:href="#sSpan825" value="Pos"/>
		<feat xlink:href="#sSpan826" value="Pos"/>
		<feat xlink:href="#sSpan827" value="Pos"/>
		<feat xlink:href="#sSpan862" value="Pos"/>
		<feat xlink:href="#sSpan871" value="Pos"/>
		<feat xlink:href="#sSpan885" value="Pos"/>
		<feat xlink:href="#sSpan897" value="Pos"/>
		<feat xlink:href="#sSpan972" value="Pos"/>
		<feat xlink:href="#sSpan992" value="Pos"/>
		<feat xlink:href="#sSpan1011" value="Pos"/>
		<feat xlink:href="#sSpan1061" value="Pos"/>
		<feat xlink:href="#sSpan1084" value="Pos"/>
		<feat xlink:href="#sSpan1128" value="Pos"/>
		<feat xlink:href="#sSpan1132" value="Pos"/>
		<feat xlink:href="#sSpan1140" value="Pos"/>
		<feat xlink:href="#sSpan1171" value="Pos"/>
		<feat xlink:href="#sSpan1176" value="Pos"/>
		<feat xlink:href="#sSpan1179" value="Pos"/>
		<feat xlink:href="#sSpan1180" value="Pos"/>
		<feat xlink:href="#sSpan1183" value="Pos"/>
		<feat xlink:href="#sSpan1187" value="Pos"/>
		<feat xlink:href="#sSpan1189" value="Pos"/>
		<feat xlink:href="#sSpan1194" value="Pos"/>
		<feat xlink:href="#sSpan1218" value="Pos"/>
		<feat xlink:href="#sSpan1219" value="Pos"/>
		<feat xlink:href="#sSpan1236" value="Pos"/>
		<feat xlink:href="#sSpan1240" value="Pos"/>
		<feat xlink:href="#sSpan1245" value="Pos"/>
		<feat xlink:href="#sSpan1247" value="Pos"/>
		<feat xlink:href="#sSpan1249" value="Pos"/>
		<feat xlink:href="#sSpan1253" value="Pos"/>
		<feat xlink:href="#sSpan1284" value="Pos"/>
		<feat xlink:href="#sSpan1298" value="Pos"/>
		<feat xlink:href="#sSpan1305" value="Pos"/>
		<feat xlink:href="#sSpan1311" value="Pos"/>
		<feat xlink:href="#sSpan1326" value="Pos"/>
		<feat xlink:href="#sSpan1328" value="Pos"/>
		<feat xlink:href="#sSpan1371" value="Cmp"/>
		<feat xlink:href="#sSpan1373" value="Pos"/>
		<feat xlink:href="#sSpan1374" value="Pos"/>
		<feat xlink:href="#sSpan1377" value="Pos"/>
		<feat xlink:href="#sSpan1378" value="Pos"/>
		<feat xlink:href="#sSpan1384" value="Pos"/>
		<feat xlink:href="#sSpan1391" value="Pos"/>
		<feat xlink:href="#sSpan1392" value="Pos"/>
		<feat xlink:href="#sSpan1409" value="Pos"/>
		<feat xlink:href="#sSpan1410" value="Cmp"/>
		<feat xlink:href="#sSpan1412" value="Pos"/>
		<feat xlink:href="#sSpan1413" value="Sup"/>
		<feat xlink:href="#sSpan1415" value="Pos"/>
		<feat xlink:href="#sSpan1416" value="Pos"/>
		<feat xlink:href="#sSpan1417" value="Pos"/>
		<feat xlink:href="#sSpan1418" value="Pos"/>
		<feat xlink:href="#sSpan1419" value="Pos"/>
		<feat xlink:href="#sSpan1420" value="Pos"/></featList></paula>