<?xml version='1.0' encoding='UTF-8'?><!DOCTYPE paula SYSTEM "paula_feat.dtd">
<paula version="1.1">
	<header paula_id="morph.GENTLE_dictionary_trust.mark_Case"/>
	<featList xmlns:xlink="http://www.w3.org/1999/xlink" type="Case" xml:base="morph.GENTLE_dictionary_trust.mark.xml">
		<feat xlink:href="#sSpan714" value="Acc"/>
		<feat xlink:href="#sSpan730" value="Nom"/>
		<feat xlink:href="#sSpan836" value="Nom"/>
		<feat xlink:href="#sSpan848" value="Gen"/>
		<feat xlink:href="#sSpan855" value="Nom"/>
		<feat xlink:href="#sSpan866" value="Acc"/>
		<feat xlink:href="#sSpan906" value="Nom"/>
		<feat xlink:href="#sSpan924" value="Acc"/>
		<feat xlink:href="#sSpan930" value="Acc"/>
		<feat xlink:href="#sSpan1021" value="Nom"/>
		<feat xlink:href="#sSpan1035" value="Gen"/>
		<feat xlink:href="#sSpan1071" value="Nom"/>
		<feat xlink:href="#sSpan1106" value="Nom"/>
		<feat xlink:href="#sSpan1113" value="Nom"/>
		<feat xlink:href="#sSpan1200" value="Nom"/>
		<feat xlink:href="#sSpan1217" value="Acc"/>
		<feat xlink:href="#sSpan1229" value="Nom"/>
		<feat xlink:href="#sSpan1261" value="Nom"/>
		<feat xlink:href="#sSpan1270" value="Nom"/>
		<feat xlink:href="#sSpan1279" value="Gen"/>
		<feat xlink:href="#sSpan1295" value="Acc"/>
		<feat xlink:href="#sSpan1324" value="Gen"/>
		<feat xlink:href="#sSpan1340" value="Acc"/>
		<feat xlink:href="#sSpan1357" value="Nom"/>
		<feat xlink:href="#sSpan1364" value="Gen"/></featList></paula>