<?xml version='1.0' encoding='UTF-8'?><!DOCTYPE paula SYSTEM "paula_mark.dtd">
<paula version="1.1">
	<header paula_id="morph.GENTLE_dictionary_trust.mark"/>
	<markList xmlns:xlink="http://www.w3.org/1999/xlink" type="morph" xml:base="GENTLE_dictionary_trust.tok.xml">
		<!--trust-->
		<mark id="sSpan691" xlink:href="#sTok1"/>
		<!--English-->
		<mark id="sSpan692" xlink:href="#sTok2"/>
		<!--Etymology-->
		<mark id="sSpan693" xlink:href="#sTok3"/>
		<!--Middle-->
		<mark id="sSpan694" xlink:href="#sTok5"/>
		<!--English-->
		<mark id="sSpan695" xlink:href="#sTok6"/>
		<!--trust-->
		<mark id="sSpan696" xlink:href="#sTok7"/>
		<!--trust-->
		<mark id="sSpan697" xlink:href="#sTok10"/>
		<!--protection-->
		<mark id="sSpan698" xlink:href="#sTok12"/>
		<!--Long-->
		<mark id="sSpan699" xlink:href="#sTok16"/>
		<!--considered-->
		<mark id="sSpan700" xlink:href="#sTok17"/>
		<!--considered-->
		<mark id="sSpan701" xlink:href="#sTok17"/>
		<!--considered-->
		<mark id="sSpan702" xlink:href="#sTok17"/>
		<!--a-->
		<mark id="sSpan703" xlink:href="#sTok18"/>
		<!--a-->
		<mark id="sSpan704" xlink:href="#sTok18"/>
		<!--borrowing-->
		<mark id="sSpan705" xlink:href="#sTok19"/>
		<!--Old-->
		<mark id="sSpan706" xlink:href="#sTok21"/>
		<!--Norse-->
		<mark id="sSpan707" xlink:href="#sTok22"/>
		<!--confidence-->
		<mark id="sSpan708" xlink:href="#sTok26"/>
		<!--help-->
		<mark id="sSpan709" xlink:href="#sTok28"/>
		<!--protection-->
		<mark id="sSpan710" xlink:href="#sTok30"/>
		<!--itself-->
		<mark id="sSpan711" xlink:href="#sTok34"/>
		<!--itself-->
		<mark id="sSpan712" xlink:href="#sTok34"/>
		<!--itself-->
		<mark id="sSpan713" xlink:href="#sTok34"/>
		<!--itself-->
		<mark id="sSpan714" xlink:href="#sTok34"/>
		<!--itself-->
		<mark id="sSpan715" xlink:href="#sTok34"/>
		<!--itself-->
		<mark id="sSpan716" xlink:href="#sTok34"/>
		<!--Proto-->
		<mark id="sSpan717" xlink:href="#sTok36"/>
		<!--Germanic-->
		<mark id="sSpan718" xlink:href="#sTok38"/>
		<!--the-->
		<mark id="sSpan719" xlink:href="#sTok42"/>
		<!--the-->
		<mark id="sSpan720" xlink:href="#sTok42"/>
		<!--root-->
		<mark id="sSpan721" xlink:href="#sTok43"/>
		<!--vocalism-->
		<mark id="sSpan722" xlink:href="#sTok44"/>
		<!--is-->
		<mark id="sSpan723" xlink:href="#sTok45"/>
		<!--is-->
		<mark id="sSpan724" xlink:href="#sTok45"/>
		<!--is-->
		<mark id="sSpan725" xlink:href="#sTok45"/>
		<!--is-->
		<mark id="sSpan726" xlink:href="#sTok45"/>
		<!--is-->
		<mark id="sSpan727" xlink:href="#sTok45"/>
		<!--incompatible-->
		<mark id="sSpan728" xlink:href="#sTok46"/>
		<!--it-->
		<mark id="sSpan729" xlink:href="#sTok50"/>
		<!--it-->
		<mark id="sSpan730" xlink:href="#sTok50"/>
		<!--it-->
		<mark id="sSpan731" xlink:href="#sTok50"/>
		<!--it-->
		<mark id="sSpan732" xlink:href="#sTok50"/>
		<!--it-->
		<mark id="sSpan733" xlink:href="#sTok50"/>
		<!--'s-->
		<mark id="sSpan734" xlink:href="#sTok51"/>
		<!--'s-->
		<mark id="sSpan735" xlink:href="#sTok51"/>
		<!--'s-->
		<mark id="sSpan736" xlink:href="#sTok51"/>
		<!--'s-->
		<mark id="sSpan737" xlink:href="#sTok51"/>
		<!--'s-->
		<mark id="sSpan738" xlink:href="#sTok51"/>
		<!--considered-->
		<mark id="sSpan739" xlink:href="#sTok52"/>
		<!--considered-->
		<mark id="sSpan740" xlink:href="#sTok52"/>
		<!--considered-->
		<mark id="sSpan741" xlink:href="#sTok52"/>
		<!--a-->
		<mark id="sSpan742" xlink:href="#sTok53"/>
		<!--a-->
		<mark id="sSpan743" xlink:href="#sTok53"/>
		<!--reflex-->
		<mark id="sSpan744" xlink:href="#sTok54"/>
		<!--an-->
		<mark id="sSpan745" xlink:href="#sTok56"/>
		<!--an-->
		<mark id="sSpan746" xlink:href="#sTok56"/>
		<!--unattested-->
		<mark id="sSpan747" xlink:href="#sTok57"/>
		<!--Old-->
		<mark id="sSpan748" xlink:href="#sTok58"/>
		<!--English-->
		<mark id="sSpan749" xlink:href="#sTok59"/>
		<!--a-->
		<mark id="sSpan750" xlink:href="#sTok63"/>
		<!--a-->
		<mark id="sSpan751" xlink:href="#sTok63"/>
		<!--rare-->
		<mark id="sSpan752" xlink:href="#sTok64"/>
		<!--zero-->
		<mark id="sSpan753" xlink:href="#sTok65"/>
		<!--zero-->
		<mark id="sSpan754" xlink:href="#sTok65"/>
		<!--grade-->
		<mark id="sSpan755" xlink:href="#sTok67"/>
		<!--proto-->
		<mark id="sSpan756" xlink:href="#sTok68"/>
		<!--Germanic-->
		<mark id="sSpan757" xlink:href="#sTok70"/>
		<!--variant-->
		<mark id="sSpan758" xlink:href="#sTok71"/>
		<!--the-->
		<mark id="sSpan759" xlink:href="#sTok73"/>
		<!--the-->
		<mark id="sSpan760" xlink:href="#sTok73"/>
		<!--same-->
		<mark id="sSpan761" xlink:href="#sTok74"/>
		<!--root-->
		<mark id="sSpan762" xlink:href="#sTok75"/>
		<!--attested-->
		<mark id="sSpan763" xlink:href="#sTok77"/>
		<!--attested-->
		<mark id="sSpan764" xlink:href="#sTok77"/>
		<!--attested-->
		<mark id="sSpan765" xlink:href="#sTok77"/>
		<!--Middle-->
		<mark id="sSpan766" xlink:href="#sTok79"/>
		<!--High-->
		<mark id="sSpan767" xlink:href="#sTok80"/>
		<!--German-->
		<mark id="sSpan768" xlink:href="#sTok81"/>
		<!--host-->
		<mark id="sSpan769" xlink:href="#sTok85"/>
		<!--Ultimately-->
		<mark id="sSpan770" xlink:href="#sTok89"/>
		<!--Proto-->
		<mark id="sSpan771" xlink:href="#sTok91"/>
		<!--Indo-->
		<mark id="sSpan772" xlink:href="#sTok93"/>
		<!--European-->
		<mark id="sSpan773" xlink:href="#sTok95"/>
		<!--be-->
		<mark id="sSpan774" xlink:href="#sTok98"/>
		<!--firm-->
		<mark id="sSpan775" xlink:href="#sTok99"/>
		<!--hard-->
		<mark id="sSpan776" xlink:href="#sTok101"/>
		<!--solid-->
		<mark id="sSpan777" xlink:href="#sTok103"/>
		<!--Akin-->
		<mark id="sSpan778" xlink:href="#sTok107"/>
		<!--Danish-->
		<mark id="sSpan779" xlink:href="#sTok109"/>
		<!--comfort-->
		<mark id="sSpan780" xlink:href="#sTok113"/>
		<!--solace-->
		<mark id="sSpan781" xlink:href="#sTok115"/>
		<!--Saterland-->
		<mark id="sSpan782" xlink:href="#sTok119"/>
		<!--Frisian-->
		<mark id="sSpan783" xlink:href="#sTok120"/>
		<!--comfort-->
		<mark id="sSpan784" xlink:href="#sTok124"/>
		<!--solace-->
		<mark id="sSpan785" xlink:href="#sTok126"/>
		<!--West-->
		<mark id="sSpan786" xlink:href="#sTok130"/>
		<!--Frisian-->
		<mark id="sSpan787" xlink:href="#sTok131"/>
		<!--comfort-->
		<mark id="sSpan788" xlink:href="#sTok135"/>
		<!--solace-->
		<mark id="sSpan789" xlink:href="#sTok137"/>
		<!--Dutch-->
		<mark id="sSpan790" xlink:href="#sTok141"/>
		<!--comfort-->
		<mark id="sSpan791" xlink:href="#sTok145"/>
		<!--consolation-->
		<mark id="sSpan792" xlink:href="#sTok147"/>
		<!--German-->
		<mark id="sSpan793" xlink:href="#sTok151"/>
		<!--comfort-->
		<mark id="sSpan794" xlink:href="#sTok155"/>
		<!--consolation-->
		<mark id="sSpan795" xlink:href="#sTok157"/>
		<!--Gothic-->
		<mark id="sSpan796" xlink:href="#sTok161"/>
		<!--alliance-->
		<mark id="sSpan797" xlink:href="#sTok167"/>
		<!--pact-->
		<mark id="sSpan798" xlink:href="#sTok169"/>
		<!--Doublet-->
		<mark id="sSpan799" xlink:href="#sTok173"/>
		<!--tryst-->
		<mark id="sSpan800" xlink:href="#sTok175"/>
		<!--More-->
		<mark id="sSpan801" xlink:href="#sTok177"/>
		<!--true-->
		<mark id="sSpan802" xlink:href="#sTok179"/>
		<!--tree-->
		<mark id="sSpan803" xlink:href="#sTok181"/>
		<!--Pronunciation-->
		<mark id="sSpan804" xlink:href="#sTok183"/>
		<!--enPR-->
		<mark id="sSpan805" xlink:href="#sTok184"/>
		<!--trŭst-->
		<mark id="sSpan806" xlink:href="#sTok186"/>
		<!--IPA-->
		<mark id="sSpan807" xlink:href="#sTok188"/>
		<!--key-->
		<mark id="sSpan808" xlink:href="#sTok190"/>
		<!--/trʌst/-->
		<mark id="sSpan809" xlink:href="#sTok193"/>
		<!--[tɹʌst]-->
		<mark id="sSpan810" xlink:href="#sTok195"/>
		<!--[tɹɐst]-->
		<mark id="sSpan811" xlink:href="#sTok197"/>
		<!--[t͡ʃɹ-]-->
		<mark id="sSpan812" xlink:href="#sTok199"/>
		<!--Northern-->
		<mark id="sSpan813" xlink:href="#sTok201"/>
		<!--England-->
		<mark id="sSpan814" xlink:href="#sTok202"/>
		<!--IPA-->
		<mark id="sSpan815" xlink:href="#sTok204"/>
		<!--key-->
		<mark id="sSpan816" xlink:href="#sTok206"/>
		<!--/trʊst/-->
		<mark id="sSpan817" xlink:href="#sTok209"/>
		<!--Audio-->
		<mark id="sSpan818" xlink:href="#sTok210"/>
		<!--GA-->
		<mark id="sSpan819" xlink:href="#sTok212"/>
		<!--GA-->
		<mark id="sSpan820" xlink:href="#sTok212"/>
		<!--Rhymes-->
		<mark id="sSpan821" xlink:href="#sTok214"/>
		<!---ʌst-->
		<mark id="sSpan822" xlink:href="#sTok216"/>
		<!--Noun-->
		<mark id="sSpan823" xlink:href="#sTok217"/>
		<!--trust-->
		<mark id="sSpan824" xlink:href="#sTok218"/>
		<!--countable-->
		<mark id="sSpan825" xlink:href="#sTok220"/>
		<!--uncountable-->
		<mark id="sSpan826" xlink:href="#sTok222"/>
		<!--plural-->
		<mark id="sSpan827" xlink:href="#sTok224"/>
		<!--trusts-->
		<mark id="sSpan828" xlink:href="#sTok225"/>
		<!--Confidence-->
		<mark id="sSpan829" xlink:href="#sTok227"/>
		<!--reliance-->
		<mark id="sSpan830" xlink:href="#sTok230"/>
		<!--some-->
		<mark id="sSpan831" xlink:href="#sTok232"/>
		<!--person-->
		<mark id="sSpan832" xlink:href="#sTok233"/>
		<!--quality-->
		<mark id="sSpan833" xlink:href="#sTok235"/>
		<!--He-->
		<mark id="sSpan834" xlink:href="#sTok237"/>
		<!--He-->
		<mark id="sSpan835" xlink:href="#sTok237"/>
		<!--He-->
		<mark id="sSpan836" xlink:href="#sTok237"/>
		<!--He-->
		<mark id="sSpan837" xlink:href="#sTok237"/>
		<!--He-->
		<mark id="sSpan838" xlink:href="#sTok237"/>
		<!--needs-->
		<mark id="sSpan839" xlink:href="#sTok238"/>
		<!--needs-->
		<mark id="sSpan840" xlink:href="#sTok238"/>
		<!--needs-->
		<mark id="sSpan841" xlink:href="#sTok238"/>
		<!--needs-->
		<mark id="sSpan842" xlink:href="#sTok238"/>
		<!--needs-->
		<mark id="sSpan843" xlink:href="#sTok238"/>
		<!--regain-->
		<mark id="sSpan844" xlink:href="#sTok240"/>
		<!--her-->
		<mark id="sSpan845" xlink:href="#sTok241"/>
		<!--her-->
		<mark id="sSpan846" xlink:href="#sTok241"/>
		<!--her-->
		<mark id="sSpan847" xlink:href="#sTok241"/>
		<!--her-->
		<mark id="sSpan848" xlink:href="#sTok241"/>
		<!--her-->
		<mark id="sSpan849" xlink:href="#sTok241"/>
		<!--her-->
		<mark id="sSpan850" xlink:href="#sTok241"/>
		<!--trust-->
		<mark id="sSpan851" xlink:href="#sTok242"/>
		<!--he-->
		<mark id="sSpan852" xlink:href="#sTok244"/>
		<!--he-->
		<mark id="sSpan853" xlink:href="#sTok244"/>
		<!--he-->
		<mark id="sSpan854" xlink:href="#sTok244"/>
		<!--he-->
		<mark id="sSpan855" xlink:href="#sTok244"/>
		<!--he-->
		<mark id="sSpan856" xlink:href="#sTok244"/>
		<!--is-->
		<mark id="sSpan857" xlink:href="#sTok245"/>
		<!--is-->
		<mark id="sSpan858" xlink:href="#sTok245"/>
		<!--is-->
		<mark id="sSpan859" xlink:href="#sTok245"/>
		<!--is-->
		<mark id="sSpan860" xlink:href="#sTok245"/>
		<!--is-->
		<mark id="sSpan861" xlink:href="#sTok245"/>
		<!--ever-->
		<mark id="sSpan862" xlink:href="#sTok246"/>
		<!--going-->
		<mark id="sSpan863" xlink:href="#sTok247"/>
		<!--going-->
		<mark id="sSpan864" xlink:href="#sTok247"/>
		<!--win-->
		<mark id="sSpan865" xlink:href="#sTok249"/>
		<!--her-->
		<mark id="sSpan866" xlink:href="#sTok250"/>
		<!--her-->
		<mark id="sSpan867" xlink:href="#sTok250"/>
		<!--her-->
		<mark id="sSpan868" xlink:href="#sTok250"/>
		<!--her-->
		<mark id="sSpan869" xlink:href="#sTok250"/>
		<!--her-->
		<mark id="sSpan870" xlink:href="#sTok250"/>
		<!--back-->
		<mark id="sSpan871" xlink:href="#sTok251"/>
		<!--lose-->
		<mark id="sSpan872" xlink:href="#sTok254"/>
		<!--trust-->
		<mark id="sSpan873" xlink:href="#sTok255"/>
		<!--someone-->
		<mark id="sSpan874" xlink:href="#sTok257"/>
		<!--someone-->
		<mark id="sSpan875" xlink:href="#sTok257"/>
		<!--build-->
		<mark id="sSpan876" xlink:href="#sTok258"/>
		<!--build-->
		<mark id="sSpan877" xlink:href="#sTok258"/>
		<!--trust-->
		<mark id="sSpan878" xlink:href="#sTok260"/>
		<!--a-->
		<mark id="sSpan879" xlink:href="#sTok261"/>
		<!--a-->
		<mark id="sSpan880" xlink:href="#sTok261"/>
		<!--relationship-->
		<mark id="sSpan881" xlink:href="#sTok262"/>
		<!--built-->
		<mark id="sSpan882" xlink:href="#sTok263"/>
		<!--built-->
		<mark id="sSpan883" xlink:href="#sTok263"/>
		<!--built-->
		<mark id="sSpan884" xlink:href="#sTok263"/>
		<!--mutual-->
		<mark id="sSpan885" xlink:href="#sTok265"/>
		<!--trust-->
		<mark id="sSpan886" xlink:href="#sTok266"/>
		<!--Dependence-->
		<mark id="sSpan887" xlink:href="#sTok267"/>
		<!--something-->
		<mark id="sSpan888" xlink:href="#sTok269"/>
		<!--something-->
		<mark id="sSpan889" xlink:href="#sTok269"/>
		<!--the-->
		<mark id="sSpan890" xlink:href="#sTok271"/>
		<!--the-->
		<mark id="sSpan891" xlink:href="#sTok271"/>
		<!--future-->
		<mark id="sSpan892" xlink:href="#sTok272"/>
		<!--hope-->
		<mark id="sSpan893" xlink:href="#sTok274"/>
		<!--Confidence-->
		<mark id="sSpan894" xlink:href="#sTok276"/>
		<!--the-->
		<mark id="sSpan895" xlink:href="#sTok278"/>
		<!--the-->
		<mark id="sSpan896" xlink:href="#sTok278"/>
		<!--future-->
		<mark id="sSpan897" xlink:href="#sTok279"/>
		<!--payment-->
		<mark id="sSpan898" xlink:href="#sTok280"/>
		<!--goods-->
		<mark id="sSpan899" xlink:href="#sTok282"/>
		<!--services-->
		<mark id="sSpan900" xlink:href="#sTok284"/>
		<!--supplied-->
		<mark id="sSpan901" xlink:href="#sTok285"/>
		<!--supplied-->
		<mark id="sSpan902" xlink:href="#sTok285"/>
		<!--supplied-->
		<mark id="sSpan903" xlink:href="#sTok285"/>
		<!--credit-->
		<mark id="sSpan904" xlink:href="#sTok287"/>
		<!--I-->
		<mark id="sSpan905" xlink:href="#sTok289"/>
		<!--I-->
		<mark id="sSpan906" xlink:href="#sTok289"/>
		<!--I-->
		<mark id="sSpan907" xlink:href="#sTok289"/>
		<!--I-->
		<mark id="sSpan908" xlink:href="#sTok289"/>
		<!--was-->
		<mark id="sSpan909" xlink:href="#sTok290"/>
		<!--was-->
		<mark id="sSpan910" xlink:href="#sTok290"/>
		<!--was-->
		<mark id="sSpan911" xlink:href="#sTok290"/>
		<!--was-->
		<mark id="sSpan912" xlink:href="#sTok290"/>
		<!--was-->
		<mark id="sSpan913" xlink:href="#sTok290"/>
		<!--cash-->
		<mark id="sSpan914" xlink:href="#sTok293"/>
		<!--the-->
		<mark id="sSpan915" xlink:href="#sTok296"/>
		<!--the-->
		<mark id="sSpan916" xlink:href="#sTok296"/>
		<!--landlady-->
		<mark id="sSpan917" xlink:href="#sTok297"/>
		<!--let-->
		<mark id="sSpan918" xlink:href="#sTok298"/>
		<!--let-->
		<mark id="sSpan919" xlink:href="#sTok298"/>
		<!--let-->
		<mark id="sSpan920" xlink:href="#sTok298"/>
		<!--let-->
		<mark id="sSpan921" xlink:href="#sTok298"/>
		<!--let-->
		<mark id="sSpan922" xlink:href="#sTok298"/>
		<!--me-->
		<mark id="sSpan923" xlink:href="#sTok299"/>
		<!--me-->
		<mark id="sSpan924" xlink:href="#sTok299"/>
		<!--me-->
		<mark id="sSpan925" xlink:href="#sTok299"/>
		<!--me-->
		<mark id="sSpan926" xlink:href="#sTok299"/>
		<!--have-->
		<mark id="sSpan927" xlink:href="#sTok300"/>
		<!--it-->
		<mark id="sSpan928" xlink:href="#sTok301"/>
		<!--it-->
		<mark id="sSpan929" xlink:href="#sTok301"/>
		<!--it-->
		<mark id="sSpan930" xlink:href="#sTok301"/>
		<!--it-->
		<mark id="sSpan931" xlink:href="#sTok301"/>
		<!--it-->
		<mark id="sSpan932" xlink:href="#sTok301"/>
		<!--trust-->
		<mark id="sSpan933" xlink:href="#sTok303"/>
		<!--That-->
		<mark id="sSpan934" xlink:href="#sTok305"/>
		<!--That-->
		<mark id="sSpan935" xlink:href="#sTok305"/>
		<!--which-->
		<mark id="sSpan936" xlink:href="#sTok306"/>
		<!--is-->
		<mark id="sSpan937" xlink:href="#sTok307"/>
		<!--is-->
		<mark id="sSpan938" xlink:href="#sTok307"/>
		<!--is-->
		<mark id="sSpan939" xlink:href="#sTok307"/>
		<!--is-->
		<mark id="sSpan940" xlink:href="#sTok307"/>
		<!--is-->
		<mark id="sSpan941" xlink:href="#sTok307"/>
		<!--committed-->
		<mark id="sSpan942" xlink:href="#sTok308"/>
		<!--committed-->
		<mark id="sSpan943" xlink:href="#sTok308"/>
		<!--committed-->
		<mark id="sSpan944" xlink:href="#sTok308"/>
		<!--entrusted-->
		<mark id="sSpan945" xlink:href="#sTok310"/>
		<!--entrusted-->
		<mark id="sSpan946" xlink:href="#sTok310"/>
		<!--entrusted-->
		<mark id="sSpan947" xlink:href="#sTok310"/>
		<!--something-->
		<mark id="sSpan948" xlink:href="#sTok312"/>
		<!--something-->
		<mark id="sSpan949" xlink:href="#sTok312"/>
		<!--received-->
		<mark id="sSpan950" xlink:href="#sTok313"/>
		<!--received-->
		<mark id="sSpan951" xlink:href="#sTok313"/>
		<!--received-->
		<mark id="sSpan952" xlink:href="#sTok313"/>
		<!--confidence-->
		<mark id="sSpan953" xlink:href="#sTok315"/>
		<!--a-->
		<mark id="sSpan954" xlink:href="#sTok317"/>
		<!--a-->
		<mark id="sSpan955" xlink:href="#sTok317"/>
		<!--charge-->
		<mark id="sSpan956" xlink:href="#sTok318"/>
		<!--That-->
		<mark id="sSpan957" xlink:href="#sTok320"/>
		<!--That-->
		<mark id="sSpan958" xlink:href="#sTok320"/>
		<!--which-->
		<mark id="sSpan959" xlink:href="#sTok322"/>
		<!--confidence-->
		<mark id="sSpan960" xlink:href="#sTok323"/>
		<!--is-->
		<mark id="sSpan961" xlink:href="#sTok324"/>
		<!--is-->
		<mark id="sSpan962" xlink:href="#sTok324"/>
		<!--is-->
		<mark id="sSpan963" xlink:href="#sTok324"/>
		<!--is-->
		<mark id="sSpan964" xlink:href="#sTok324"/>
		<!--is-->
		<mark id="sSpan965" xlink:href="#sTok324"/>
		<!--reposed-->
		<mark id="sSpan966" xlink:href="#sTok325"/>
		<!--reposed-->
		<mark id="sSpan967" xlink:href="#sTok325"/>
		<!--reposed-->
		<mark id="sSpan968" xlink:href="#sTok325"/>
		<!--ground-->
		<mark id="sSpan969" xlink:href="#sTok327"/>
		<!--reliance-->
		<mark id="sSpan970" xlink:href="#sTok329"/>
		<!--hope-->
		<mark id="sSpan971" xlink:href="#sTok331"/>
		<!--rare-->
		<mark id="sSpan972" xlink:href="#sTok334"/>
		<!--Trustworthiness-->
		<mark id="sSpan973" xlink:href="#sTok336"/>
		<!--reliability-->
		<mark id="sSpan974" xlink:href="#sTok338"/>
		<!--The-->
		<mark id="sSpan975" xlink:href="#sTok340"/>
		<!--The-->
		<mark id="sSpan976" xlink:href="#sTok340"/>
		<!--condition-->
		<mark id="sSpan977" xlink:href="#sTok341"/>
		<!--obligation-->
		<mark id="sSpan978" xlink:href="#sTok343"/>
		<!--one-->
		<mark id="sSpan979" xlink:href="#sTok345"/>
		<!--one-->
		<mark id="sSpan980" xlink:href="#sTok345"/>
		<!--whom-->
		<mark id="sSpan981" xlink:href="#sTok347"/>
		<!--anything-->
		<mark id="sSpan982" xlink:href="#sTok348"/>
		<!--anything-->
		<mark id="sSpan983" xlink:href="#sTok348"/>
		<!--is-->
		<mark id="sSpan984" xlink:href="#sTok349"/>
		<!--is-->
		<mark id="sSpan985" xlink:href="#sTok349"/>
		<!--is-->
		<mark id="sSpan986" xlink:href="#sTok349"/>
		<!--is-->
		<mark id="sSpan987" xlink:href="#sTok349"/>
		<!--is-->
		<mark id="sSpan988" xlink:href="#sTok349"/>
		<!--confided-->
		<mark id="sSpan989" xlink:href="#sTok350"/>
		<!--confided-->
		<mark id="sSpan990" xlink:href="#sTok350"/>
		<!--confided-->
		<mark id="sSpan991" xlink:href="#sTok350"/>
		<!--responsible-->
		<mark id="sSpan992" xlink:href="#sTok352"/>
		<!--charge-->
		<mark id="sSpan993" xlink:href="#sTok353"/>
		<!--office-->
		<mark id="sSpan994" xlink:href="#sTok355"/>
		<!--law-->
		<mark id="sSpan995" xlink:href="#sTok358"/>
		<!--The-->
		<mark id="sSpan996" xlink:href="#sTok360"/>
		<!--The-->
		<mark id="sSpan997" xlink:href="#sTok360"/>
		<!--confidence-->
		<mark id="sSpan998" xlink:href="#sTok361"/>
		<!--vested-->
		<mark id="sSpan999" xlink:href="#sTok362"/>
		<!--vested-->
		<mark id="sSpan1000" xlink:href="#sTok362"/>
		<!--vested-->
		<mark id="sSpan1001" xlink:href="#sTok362"/>
		<!--a-->
		<mark id="sSpan1002" xlink:href="#sTok364"/>
		<!--a-->
		<mark id="sSpan1003" xlink:href="#sTok364"/>
		<!--person-->
		<mark id="sSpan1004" xlink:href="#sTok365"/>
		<!--who-->
		<mark id="sSpan1005" xlink:href="#sTok366"/>
		<!--has-->
		<mark id="sSpan1006" xlink:href="#sTok367"/>
		<!--has-->
		<mark id="sSpan1007" xlink:href="#sTok367"/>
		<!--has-->
		<mark id="sSpan1008" xlink:href="#sTok367"/>
		<!--has-->
		<mark id="sSpan1009" xlink:href="#sTok367"/>
		<!--has-->
		<mark id="sSpan1010" xlink:href="#sTok367"/>
		<!--legal-->
		<mark id="sSpan1011" xlink:href="#sTok368"/>
		<!--ownership-->
		<mark id="sSpan1012" xlink:href="#sTok369"/>
		<!--a-->
		<mark id="sSpan1013" xlink:href="#sTok371"/>
		<!--a-->
		<mark id="sSpan1014" xlink:href="#sTok371"/>
		<!--property-->
		<mark id="sSpan1015" xlink:href="#sTok372"/>
		<!--manage-->
		<mark id="sSpan1016" xlink:href="#sTok374"/>
		<!--the-->
		<mark id="sSpan1017" xlink:href="#sTok376"/>
		<!--the-->
		<mark id="sSpan1018" xlink:href="#sTok376"/>
		<!--benefit-->
		<mark id="sSpan1019" xlink:href="#sTok377"/>
		<!--another-->
		<mark id="sSpan1020" xlink:href="#sTok379"/>
		<!--I-->
		<mark id="sSpan1021" xlink:href="#sTok381"/>
		<!--I-->
		<mark id="sSpan1022" xlink:href="#sTok381"/>
		<!--I-->
		<mark id="sSpan1023" xlink:href="#sTok381"/>
		<!--I-->
		<mark id="sSpan1024" xlink:href="#sTok381"/>
		<!--put-->
		<mark id="sSpan1025" xlink:href="#sTok382"/>
		<!--put-->
		<mark id="sSpan1026" xlink:href="#sTok382"/>
		<!--put-->
		<mark id="sSpan1027" xlink:href="#sTok382"/>
		<!--put-->
		<mark id="sSpan1028" xlink:href="#sTok382"/>
		<!--put-->
		<mark id="sSpan1029" xlink:href="#sTok382"/>
		<!--the-->
		<mark id="sSpan1030" xlink:href="#sTok383"/>
		<!--the-->
		<mark id="sSpan1031" xlink:href="#sTok383"/>
		<!--house-->
		<mark id="sSpan1032" xlink:href="#sTok384"/>
		<!--my-->
		<mark id="sSpan1033" xlink:href="#sTok386"/>
		<!--my-->
		<mark id="sSpan1034" xlink:href="#sTok386"/>
		<!--my-->
		<mark id="sSpan1035" xlink:href="#sTok386"/>
		<!--my-->
		<mark id="sSpan1036" xlink:href="#sTok386"/>
		<!--my-->
		<mark id="sSpan1037" xlink:href="#sTok386"/>
		<!--sister-->
		<mark id="sSpan1038" xlink:href="#sTok387"/>
		<!--trust-->
		<mark id="sSpan1039" xlink:href="#sTok389"/>
		<!--law-->
		<mark id="sSpan1040" xlink:href="#sTok392"/>
		<!--An-->
		<mark id="sSpan1041" xlink:href="#sTok394"/>
		<!--An-->
		<mark id="sSpan1042" xlink:href="#sTok394"/>
		<!--arrangement-->
		<mark id="sSpan1043" xlink:href="#sTok395"/>
		<!--whereby-->
		<mark id="sSpan1044" xlink:href="#sTok396"/>
		<!--property-->
		<mark id="sSpan1045" xlink:href="#sTok397"/>
		<!--money-->
		<mark id="sSpan1046" xlink:href="#sTok399"/>
		<!--is-->
		<mark id="sSpan1047" xlink:href="#sTok400"/>
		<!--is-->
		<mark id="sSpan1048" xlink:href="#sTok400"/>
		<!--is-->
		<mark id="sSpan1049" xlink:href="#sTok400"/>
		<!--is-->
		<mark id="sSpan1050" xlink:href="#sTok400"/>
		<!--is-->
		<mark id="sSpan1051" xlink:href="#sTok400"/>
		<!--given-->
		<mark id="sSpan1052" xlink:href="#sTok401"/>
		<!--given-->
		<mark id="sSpan1053" xlink:href="#sTok401"/>
		<!--given-->
		<mark id="sSpan1054" xlink:href="#sTok401"/>
		<!--be-->
		<mark id="sSpan1055" xlink:href="#sTok403"/>
		<!--held-->
		<mark id="sSpan1056" xlink:href="#sTok404"/>
		<!--held-->
		<mark id="sSpan1057" xlink:href="#sTok404"/>
		<!--held-->
		<mark id="sSpan1058" xlink:href="#sTok404"/>
		<!--a-->
		<mark id="sSpan1059" xlink:href="#sTok406"/>
		<!--a-->
		<mark id="sSpan1060" xlink:href="#sTok406"/>
		<!--third-->
		<mark id="sSpan1061" xlink:href="#sTok407"/>
		<!--third-->
		<mark id="sSpan1062" xlink:href="#sTok407"/>
		<!--third-->
		<mark id="sSpan1063" xlink:href="#sTok407"/>
		<!--party-->
		<mark id="sSpan1064" xlink:href="#sTok408"/>
		<!--a-->
		<mark id="sSpan1065" xlink:href="#sTok410"/>
		<!--a-->
		<mark id="sSpan1066" xlink:href="#sTok410"/>
		<!--trustee-->
		<mark id="sSpan1067" xlink:href="#sTok411"/>
		<!--the-->
		<mark id="sSpan1068" xlink:href="#sTok415"/>
		<!--the-->
		<mark id="sSpan1069" xlink:href="#sTok415"/>
		<!--basis-->
		<mark id="sSpan1070" xlink:href="#sTok416"/>
		<!--it-->
		<mark id="sSpan1071" xlink:href="#sTok418"/>
		<!--it-->
		<mark id="sSpan1072" xlink:href="#sTok418"/>
		<!--it-->
		<mark id="sSpan1073" xlink:href="#sTok418"/>
		<!--it-->
		<mark id="sSpan1074" xlink:href="#sTok418"/>
		<!--it-->
		<mark id="sSpan1075" xlink:href="#sTok418"/>
		<!--will-->
		<mark id="sSpan1076" xlink:href="#sTok419"/>
		<!--be-->
		<mark id="sSpan1077" xlink:href="#sTok420"/>
		<!--managed-->
		<mark id="sSpan1078" xlink:href="#sTok421"/>
		<!--managed-->
		<mark id="sSpan1079" xlink:href="#sTok421"/>
		<!--managed-->
		<mark id="sSpan1080" xlink:href="#sTok421"/>
		<!--the-->
		<mark id="sSpan1081" xlink:href="#sTok423"/>
		<!--the-->
		<mark id="sSpan1082" xlink:href="#sTok423"/>
		<!--benefit-->
		<mark id="sSpan1083" xlink:href="#sTok424"/>
		<!--eventually-->
		<mark id="sSpan1084" xlink:href="#sTok428"/>
		<!--transferred-->
		<mark id="sSpan1085" xlink:href="#sTok429"/>
		<!--transferred-->
		<mark id="sSpan1086" xlink:href="#sTok429"/>
		<!--transferred-->
		<mark id="sSpan1087" xlink:href="#sTok429"/>
		<!--a-->
		<mark id="sSpan1088" xlink:href="#sTok432"/>
		<!--a-->
		<mark id="sSpan1089" xlink:href="#sTok432"/>
		<!--stated-->
		<mark id="sSpan1090" xlink:href="#sTok433"/>
		<!--stated-->
		<mark id="sSpan1091" xlink:href="#sTok433"/>
		<!--stated-->
		<mark id="sSpan1092" xlink:href="#sTok433"/>
		<!--beneficiary-->
		<mark id="sSpan1093" xlink:href="#sTok434"/>
		<!--example-->
		<mark id="sSpan1094" xlink:href="#sTok437"/>
		<!--money-->
		<mark id="sSpan1095" xlink:href="#sTok439"/>
		<!--be-->
		<mark id="sSpan1096" xlink:href="#sTok441"/>
		<!--given-->
		<mark id="sSpan1097" xlink:href="#sTok442"/>
		<!--given-->
		<mark id="sSpan1098" xlink:href="#sTok442"/>
		<!--given-->
		<mark id="sSpan1099" xlink:href="#sTok442"/>
		<!--a-->
		<mark id="sSpan1100" xlink:href="#sTok444"/>
		<!--a-->
		<mark id="sSpan1101" xlink:href="#sTok444"/>
		<!--child-->
		<mark id="sSpan1102" xlink:href="#sTok445"/>
		<!--when-->
		<mark id="sSpan1103" xlink:href="#sTok446"/>
		<!--he-->
		<mark id="sSpan1104" xlink:href="#sTok447"/>
		<!--he-->
		<mark id="sSpan1105" xlink:href="#sTok447"/>
		<!--he-->
		<mark id="sSpan1106" xlink:href="#sTok447"/>
		<!--he-->
		<mark id="sSpan1107" xlink:href="#sTok447"/>
		<!--he-->
		<mark id="sSpan1108" xlink:href="#sTok447"/>
		<!--she-->
		<mark id="sSpan1109" xlink:href="#sTok449"/>
		<!--she-->
		<mark id="sSpan1110" xlink:href="#sTok449"/>
		<!--she-->
		<mark id="sSpan1111" xlink:href="#sTok449"/>
		<!--she-->
		<mark id="sSpan1112" xlink:href="#sTok449"/>
		<!--she-->
		<mark id="sSpan1113" xlink:href="#sTok449"/>
		<!--reaches-->
		<mark id="sSpan1114" xlink:href="#sTok450"/>
		<!--reaches-->
		<mark id="sSpan1115" xlink:href="#sTok450"/>
		<!--reaches-->
		<mark id="sSpan1116" xlink:href="#sTok450"/>
		<!--reaches-->
		<mark id="sSpan1117" xlink:href="#sTok450"/>
		<!--reaches-->
		<mark id="sSpan1118" xlink:href="#sTok450"/>
		<!--adulthood-->
		<mark id="sSpan1119" xlink:href="#sTok451"/>
		<!--A-->
		<mark id="sSpan1120" xlink:href="#sTok453"/>
		<!--A-->
		<mark id="sSpan1121" xlink:href="#sTok453"/>
		<!--group-->
		<mark id="sSpan1122" xlink:href="#sTok454"/>
		<!--businessmen-->
		<mark id="sSpan1123" xlink:href="#sTok456"/>
		<!--traders-->
		<mark id="sSpan1124" xlink:href="#sTok458"/>
		<!--organised-->
		<mark id="sSpan1125" xlink:href="#sTok459"/>
		<!--organised-->
		<mark id="sSpan1126" xlink:href="#sTok459"/>
		<!--organised-->
		<mark id="sSpan1127" xlink:href="#sTok459"/>
		<!--mutual-->
		<mark id="sSpan1128" xlink:href="#sTok461"/>
		<!--benefit-->
		<mark id="sSpan1129" xlink:href="#sTok462"/>
		<!--produce-->
		<mark id="sSpan1130" xlink:href="#sTok464"/>
		<!--distribute-->
		<mark id="sSpan1131" xlink:href="#sTok466"/>
		<!--specific-->
		<mark id="sSpan1132" xlink:href="#sTok467"/>
		<!--commodities-->
		<mark id="sSpan1133" xlink:href="#sTok468"/>
		<!--services-->
		<mark id="sSpan1134" xlink:href="#sTok470"/>
		<!--managed-->
		<mark id="sSpan1135" xlink:href="#sTok473"/>
		<!--managed-->
		<mark id="sSpan1136" xlink:href="#sTok473"/>
		<!--managed-->
		<mark id="sSpan1137" xlink:href="#sTok473"/>
		<!--a-->
		<mark id="sSpan1138" xlink:href="#sTok475"/>
		<!--a-->
		<mark id="sSpan1139" xlink:href="#sTok475"/>
		<!--central-->
		<mark id="sSpan1140" xlink:href="#sTok476"/>
		<!--body-->
		<mark id="sSpan1141" xlink:href="#sTok477"/>
		<!--trustees-->
		<mark id="sSpan1142" xlink:href="#sTok479"/>
		<!--computing-->
		<mark id="sSpan1143" xlink:href="#sTok482"/>
		<!--Affirmation-->
		<mark id="sSpan1144" xlink:href="#sTok484"/>
		<!--the-->
		<mark id="sSpan1145" xlink:href="#sTok486"/>
		<!--the-->
		<mark id="sSpan1146" xlink:href="#sTok486"/>
		<!--access-->
		<mark id="sSpan1147" xlink:href="#sTok487"/>
		<!--rights-->
		<mark id="sSpan1148" xlink:href="#sTok488"/>
		<!--a-->
		<mark id="sSpan1149" xlink:href="#sTok490"/>
		<!--a-->
		<mark id="sSpan1150" xlink:href="#sTok490"/>
		<!--user-->
		<mark id="sSpan1151" xlink:href="#sTok491"/>
		<!--a-->
		<mark id="sSpan1152" xlink:href="#sTok493"/>
		<!--a-->
		<mark id="sSpan1153" xlink:href="#sTok493"/>
		<!--computer-->
		<mark id="sSpan1154" xlink:href="#sTok494"/>
		<!--system-->
		<mark id="sSpan1155" xlink:href="#sTok495"/>
		<!--Synonyms-->
		<mark id="sSpan1156" xlink:href="#sTok497"/>
		<!--confidence-->
		<mark id="sSpan1157" xlink:href="#sTok499"/>
		<!--a-->
		<mark id="sSpan1158" xlink:href="#sTok501"/>
		<!--a-->
		<mark id="sSpan1159" xlink:href="#sTok501"/>
		<!--person-->
		<mark id="sSpan1160" xlink:href="#sTok502"/>
		<!--quality-->
		<mark id="sSpan1161" xlink:href="#sTok504"/>
		<!--belief-->
		<mark id="sSpan1162" xlink:href="#sTok506"/>
		<!--confidence-->
		<mark id="sSpan1163" xlink:href="#sTok508"/>
		<!--faith-->
		<mark id="sSpan1164" xlink:href="#sTok510"/>
		<!--hope-->
		<mark id="sSpan1165" xlink:href="#sTok512"/>
		<!--expectation-->
		<mark id="sSpan1166" xlink:href="#sTok514"/>
		<!--hope-->
		<mark id="sSpan1167" xlink:href="#sTok516"/>
		<!--Antonyms-->
		<mark id="sSpan1168" xlink:href="#sTok517"/>
		<!--distrust-->
		<mark id="sSpan1169" xlink:href="#sTok518"/>
		<!--mistrust-->
		<mark id="sSpan1170" xlink:href="#sTok519"/>
		<!--untrust-->
		<mark id="sSpan1171" xlink:href="#sTok520"/>
		<!--wantrust-->
		<mark id="sSpan1172" xlink:href="#sTok521"/>
		<!--Verb-->
		<mark id="sSpan1173" xlink:href="#sTok522"/>
		<!--trust-->
		<mark id="sSpan1174" xlink:href="#sTok523"/>
		<!--third-->
		<mark id="sSpan1175" xlink:href="#sTok525"/>
		<!--third-->
		<mark id="sSpan1176" xlink:href="#sTok525"/>
		<!--third-->
		<mark id="sSpan1177" xlink:href="#sTok525"/>
		<!--person-->
		<mark id="sSpan1178" xlink:href="#sTok527"/>
		<!--singular-->
		<mark id="sSpan1179" xlink:href="#sTok528"/>
		<!--simple-->
		<mark id="sSpan1180" xlink:href="#sTok529"/>
		<!--present-->
		<mark id="sSpan1181" xlink:href="#sTok530"/>
		<!--trusts-->
		<mark id="sSpan1182" xlink:href="#sTok531"/>
		<!--present-->
		<mark id="sSpan1183" xlink:href="#sTok533"/>
		<!--participle-->
		<mark id="sSpan1184" xlink:href="#sTok534"/>
		<!--trusting-->
		<mark id="sSpan1185" xlink:href="#sTok535"/>
		<!--trusting-->
		<mark id="sSpan1186" xlink:href="#sTok535"/>
		<!--simple-->
		<mark id="sSpan1187" xlink:href="#sTok537"/>
		<!--past-->
		<mark id="sSpan1188" xlink:href="#sTok538"/>
		<!--past-->
		<mark id="sSpan1189" xlink:href="#sTok540"/>
		<!--participle-->
		<mark id="sSpan1190" xlink:href="#sTok541"/>
		<!--trusted-->
		<mark id="sSpan1191" xlink:href="#sTok542"/>
		<!--trusted-->
		<mark id="sSpan1192" xlink:href="#sTok542"/>
		<!--trusted-->
		<mark id="sSpan1193" xlink:href="#sTok542"/>
		<!--transitive-->
		<mark id="sSpan1194" xlink:href="#sTok545"/>
		<!--place-->
		<mark id="sSpan1195" xlink:href="#sTok548"/>
		<!--confidence-->
		<mark id="sSpan1196" xlink:href="#sTok549"/>
		<!--rely-->
		<mark id="sSpan1197" xlink:href="#sTok553"/>
		<!--confide-->
		<mark id="sSpan1198" xlink:href="#sTok557"/>
		<!--We-->
		<mark id="sSpan1199" xlink:href="#sTok560"/>
		<!--We-->
		<mark id="sSpan1200" xlink:href="#sTok560"/>
		<!--We-->
		<mark id="sSpan1201" xlink:href="#sTok560"/>
		<!--We-->
		<mark id="sSpan1202" xlink:href="#sTok560"/>
		<!--can-->
		<mark id="sSpan1203" xlink:href="#sTok561"/>
		<!--not-->
		<mark id="sSpan1204" xlink:href="#sTok562"/>
		<!--trust-->
		<mark id="sSpan1205" xlink:href="#sTok563"/>
		<!--anyone-->
		<mark id="sSpan1206" xlink:href="#sTok564"/>
		<!--anyone-->
		<mark id="sSpan1207" xlink:href="#sTok564"/>
		<!--who-->
		<mark id="sSpan1208" xlink:href="#sTok565"/>
		<!--deceives-->
		<mark id="sSpan1209" xlink:href="#sTok566"/>
		<!--deceives-->
		<mark id="sSpan1210" xlink:href="#sTok566"/>
		<!--deceives-->
		<mark id="sSpan1211" xlink:href="#sTok566"/>
		<!--deceives-->
		<mark id="sSpan1212" xlink:href="#sTok566"/>
		<!--deceives-->
		<mark id="sSpan1213" xlink:href="#sTok566"/>
		<!--us-->
		<mark id="sSpan1214" xlink:href="#sTok567"/>
		<!--us-->
		<mark id="sSpan1215" xlink:href="#sTok567"/>
		<!--us-->
		<mark id="sSpan1216" xlink:href="#sTok567"/>
		<!--us-->
		<mark id="sSpan1217" xlink:href="#sTok567"/>
		<!--intransitive-->
		<mark id="sSpan1218" xlink:href="#sTok570"/>
		<!--in-->
		<mark id="sSpan1219" xlink:href="#sTok573"/>
		<!--have-->
		<mark id="sSpan1220" xlink:href="#sTok576"/>
		<!--faith-->
		<mark id="sSpan1221" xlink:href="#sTok577"/>
		<!--rely-->
		<mark id="sSpan1222" xlink:href="#sTok581"/>
		<!--continuing-->
		<mark id="sSpan1223" xlink:href="#sTok584"/>
		<!--support-->
		<mark id="sSpan1224" xlink:href="#sTok585"/>
		<!--aid-->
		<mark id="sSpan1225" xlink:href="#sTok587"/>
		<!--God-->
		<mark id="sSpan1226" xlink:href="#sTok590"/>
		<!--We-->
		<mark id="sSpan1227" xlink:href="#sTok591"/>
		<!--We-->
		<mark id="sSpan1228" xlink:href="#sTok591"/>
		<!--We-->
		<mark id="sSpan1229" xlink:href="#sTok591"/>
		<!--We-->
		<mark id="sSpan1230" xlink:href="#sTok591"/>
		<!--Trust-->
		<mark id="sSpan1231" xlink:href="#sTok592"/>
		<!--Trust-->
		<mark id="sSpan1232" xlink:href="#sTok592"/>
		<!--Trust-->
		<mark id="sSpan1233" xlink:href="#sTok592"/>
		<!--Trust-->
		<mark id="sSpan1234" xlink:href="#sTok592"/>
		<!--Trust-->
		<mark id="sSpan1235" xlink:href="#sTok592"/>
		<!--official-->
		<mark id="sSpan1236" xlink:href="#sTok594"/>
		<!--US-->
		<mark id="sSpan1237" xlink:href="#sTok595"/>
		<!--US-->
		<mark id="sSpan1238" xlink:href="#sTok595"/>
		<!--motto-->
		<mark id="sSpan1239" xlink:href="#sTok596"/>
		<!--transitive-->
		<mark id="sSpan1240" xlink:href="#sTok599"/>
		<!--give-->
		<mark id="sSpan1241" xlink:href="#sTok602"/>
		<!--credence-->
		<mark id="sSpan1242" xlink:href="#sTok603"/>
		<!--believe-->
		<mark id="sSpan1243" xlink:href="#sTok607"/>
		<!--credit-->
		<mark id="sSpan1244" xlink:href="#sTok610"/>
		<!--transitive-->
		<mark id="sSpan1245" xlink:href="#sTok613"/>
		<!--hope-->
		<mark id="sSpan1246" xlink:href="#sTok616"/>
		<!--confidently-->
		<mark id="sSpan1247" xlink:href="#sTok617"/>
		<!--believe-->
		<mark id="sSpan1248" xlink:href="#sTok620"/>
		<!--usually-->
		<mark id="sSpan1249" xlink:href="#sTok622"/>
		<!--a-->
		<mark id="sSpan1250" xlink:href="#sTok624"/>
		<!--a-->
		<mark id="sSpan1251" xlink:href="#sTok624"/>
		<!--phrase-->
		<mark id="sSpan1252" xlink:href="#sTok625"/>
		<!--infinitive-->
		<mark id="sSpan1253" xlink:href="#sTok627"/>
		<!--clause-->
		<mark id="sSpan1254" xlink:href="#sTok628"/>
		<!--the-->
		<mark id="sSpan1255" xlink:href="#sTok630"/>
		<!--the-->
		<mark id="sSpan1256" xlink:href="#sTok630"/>
		<!--object-->
		<mark id="sSpan1257" xlink:href="#sTok631"/>
		<!--I-->
		<mark id="sSpan1258" xlink:href="#sTok633"/>
		<!--I-->
		<mark id="sSpan1259" xlink:href="#sTok633"/>
		<!--I-->
		<mark id="sSpan1260" xlink:href="#sTok633"/>
		<!--I-->
		<mark id="sSpan1261" xlink:href="#sTok633"/>
		<!--trust-->
		<mark id="sSpan1262" xlink:href="#sTok634"/>
		<!--trust-->
		<mark id="sSpan1263" xlink:href="#sTok634"/>
		<!--trust-->
		<mark id="sSpan1264" xlink:href="#sTok634"/>
		<!--trust-->
		<mark id="sSpan1265" xlink:href="#sTok634"/>
		<!--trust-->
		<mark id="sSpan1266" xlink:href="#sTok634"/>
		<!--you-->
		<mark id="sSpan1267" xlink:href="#sTok635"/>
		<!--you-->
		<mark id="sSpan1268" xlink:href="#sTok635"/>
		<!--you-->
		<mark id="sSpan1269" xlink:href="#sTok635"/>
		<!--you-->
		<mark id="sSpan1270" xlink:href="#sTok635"/>
		<!--have-->
		<mark id="sSpan1271" xlink:href="#sTok636"/>
		<!--have-->
		<mark id="sSpan1272" xlink:href="#sTok636"/>
		<!--have-->
		<mark id="sSpan1273" xlink:href="#sTok636"/>
		<!--have-->
		<mark id="sSpan1274" xlink:href="#sTok636"/>
		<!--have-->
		<mark id="sSpan1275" xlink:href="#sTok636"/>
		<!--cleaned-->
		<mark id="sSpan1276" xlink:href="#sTok637"/>
		<!--cleaned-->
		<mark id="sSpan1277" xlink:href="#sTok637"/>
		<!--your-->
		<mark id="sSpan1278" xlink:href="#sTok638"/>
		<!--your-->
		<mark id="sSpan1279" xlink:href="#sTok638"/>
		<!--your-->
		<mark id="sSpan1280" xlink:href="#sTok638"/>
		<!--your-->
		<mark id="sSpan1281" xlink:href="#sTok638"/>
		<!--your-->
		<mark id="sSpan1282" xlink:href="#sTok638"/>
		<!--room-->
		<mark id="sSpan1283" xlink:href="#sTok639"/>
		<!--transitive-->
		<mark id="sSpan1284" xlink:href="#sTok642"/>
		<!--show-->
		<mark id="sSpan1285" xlink:href="#sTok645"/>
		<!--confidence-->
		<mark id="sSpan1286" xlink:href="#sTok646"/>
		<!--a-->
		<mark id="sSpan1287" xlink:href="#sTok648"/>
		<!--a-->
		<mark id="sSpan1288" xlink:href="#sTok648"/>
		<!--person-->
		<mark id="sSpan1289" xlink:href="#sTok649"/>
		<!--entrusting-->
		<mark id="sSpan1290" xlink:href="#sTok651"/>
		<!--entrusting-->
		<mark id="sSpan1291" xlink:href="#sTok651"/>
		<!--them-->
		<mark id="sSpan1292" xlink:href="#sTok652"/>
		<!--them-->
		<mark id="sSpan1293" xlink:href="#sTok652"/>
		<!--them-->
		<mark id="sSpan1294" xlink:href="#sTok652"/>
		<!--them-->
		<mark id="sSpan1295" xlink:href="#sTok652"/>
		<!--something-->
		<mark id="sSpan1296" xlink:href="#sTok654"/>
		<!--something-->
		<mark id="sSpan1297" xlink:href="#sTok654"/>
		<!--transitive-->
		<mark id="sSpan1298" xlink:href="#sTok657"/>
		<!--commit-->
		<mark id="sSpan1299" xlink:href="#sTok660"/>
		<!--one-->
		<mark id="sSpan1300" xlink:href="#sTok664"/>
		<!--one-->
		<mark id="sSpan1301" xlink:href="#sTok664"/>
		<!--one-->
		<mark id="sSpan1302" xlink:href="#sTok664"/>
		<!--care-->
		<mark id="sSpan1303" xlink:href="#sTok666"/>
		<!--entrust-->
		<mark id="sSpan1304" xlink:href="#sTok669"/>
		<!--transitive-->
		<mark id="sSpan1305" xlink:href="#sTok672"/>
		<!--give-->
		<mark id="sSpan1306" xlink:href="#sTok675"/>
		<!--credit-->
		<mark id="sSpan1307" xlink:href="#sTok676"/>
		<!--sell-->
		<mark id="sSpan1308" xlink:href="#sTok680"/>
		<!--credit-->
		<mark id="sSpan1309" xlink:href="#sTok683"/>
		<!--confidence-->
		<mark id="sSpan1310" xlink:href="#sTok687"/>
		<!--future-->
		<mark id="sSpan1311" xlink:href="#sTok689"/>
		<!--payment-->
		<mark id="sSpan1312" xlink:href="#sTok690"/>
		<!--Merchants-->
		<mark id="sSpan1313" xlink:href="#sTok692"/>
		<!--manufacturers-->
		<mark id="sSpan1314" xlink:href="#sTok694"/>
		<!--trust-->
		<mark id="sSpan1315" xlink:href="#sTok695"/>
		<!--trust-->
		<mark id="sSpan1316" xlink:href="#sTok695"/>
		<!--trust-->
		<mark id="sSpan1317" xlink:href="#sTok695"/>
		<!--trust-->
		<mark id="sSpan1318" xlink:href="#sTok695"/>
		<!--trust-->
		<mark id="sSpan1319" xlink:href="#sTok695"/>
		<!--their-->
		<mark id="sSpan1320" xlink:href="#sTok696"/>
		<!--their-->
		<mark id="sSpan1321" xlink:href="#sTok696"/>
		<!--their-->
		<mark id="sSpan1322" xlink:href="#sTok696"/>
		<!--their-->
		<mark id="sSpan1323" xlink:href="#sTok696"/>
		<!--their-->
		<mark id="sSpan1324" xlink:href="#sTok696"/>
		<!--customers-->
		<mark id="sSpan1325" xlink:href="#sTok697"/>
		<!--annually-->
		<mark id="sSpan1326" xlink:href="#sTok698"/>
		<!--goods-->
		<mark id="sSpan1327" xlink:href="#sTok700"/>
		<!--intransitive-->
		<mark id="sSpan1328" xlink:href="#sTok703"/>
		<!--followed-->
		<mark id="sSpan1329" xlink:href="#sTok704"/>
		<!--followed-->
		<mark id="sSpan1330" xlink:href="#sTok704"/>
		<!--followed-->
		<mark id="sSpan1331" xlink:href="#sTok704"/>
		<!--rely-->
		<mark id="sSpan1332" xlink:href="#sTok708"/>
		<!--something-->
		<mark id="sSpan1333" xlink:href="#sTok711"/>
		<!--something-->
		<mark id="sSpan1334" xlink:href="#sTok711"/>
		<!--as-->
		<mark id="sSpan1335" xlink:href="#sTok714"/>
		<!--having-->
		<mark id="sSpan1336" xlink:href="#sTok716"/>
		<!--having-->
		<mark id="sSpan1337" xlink:href="#sTok716"/>
		<!--trust-->
		<mark id="sSpan1338" xlink:href="#sTok717"/>
		<!--it-->
		<mark id="sSpan1339" xlink:href="#sTok720"/>
		<!--it-->
		<mark id="sSpan1340" xlink:href="#sTok720"/>
		<!--it-->
		<mark id="sSpan1341" xlink:href="#sTok720"/>
		<!--it-->
		<mark id="sSpan1342" xlink:href="#sTok720"/>
		<!--it-->
		<mark id="sSpan1343" xlink:href="#sTok720"/>
		<!--trust-->
		<mark id="sSpan1344" xlink:href="#sTok724"/>
		<!--luck-->
		<mark id="sSpan1345" xlink:href="#sTok726"/>
		<!--Having-->
		<mark id="sSpan1346" xlink:href="#sTok727"/>
		<!--Having-->
		<mark id="sSpan1347" xlink:href="#sTok727"/>
		<!--lost-->
		<mark id="sSpan1348" xlink:href="#sTok728"/>
		<!--lost-->
		<mark id="sSpan1349" xlink:href="#sTok728"/>
		<!--the-->
		<mark id="sSpan1350" xlink:href="#sTok729"/>
		<!--the-->
		<mark id="sSpan1351" xlink:href="#sTok729"/>
		<!--book-->
		<mark id="sSpan1352" xlink:href="#sTok730"/>
		<!--he-->
		<mark id="sSpan1353" xlink:href="#sTok732"/>
		<!--he-->
		<mark id="sSpan1354" xlink:href="#sTok732"/>
		<!--he-->
		<mark id="sSpan1355" xlink:href="#sTok732"/>
		<!--he-->
		<mark id="sSpan1356" xlink:href="#sTok732"/>
		<!--he-->
		<mark id="sSpan1357" xlink:href="#sTok732"/>
		<!--had-->
		<mark id="sSpan1358" xlink:href="#sTok733"/>
		<!--had-->
		<mark id="sSpan1359" xlink:href="#sTok733"/>
		<!--had-->
		<mark id="sSpan1360" xlink:href="#sTok733"/>
		<!--had-->
		<mark id="sSpan1361" xlink:href="#sTok733"/>
		<!--had-->
		<mark id="sSpan1362" xlink:href="#sTok733"/>
		<!--trust-->
		<mark id="sSpan1363" xlink:href="#sTok735"/>
		<!--his-->
		<mark id="sSpan1364" xlink:href="#sTok737"/>
		<!--his-->
		<mark id="sSpan1365" xlink:href="#sTok737"/>
		<!--his-->
		<mark id="sSpan1366" xlink:href="#sTok737"/>
		<!--his-->
		<mark id="sSpan1367" xlink:href="#sTok737"/>
		<!--his-->
		<mark id="sSpan1368" xlink:href="#sTok737"/>
		<!--his-->
		<mark id="sSpan1369" xlink:href="#sTok737"/>
		<!--memory-->
		<mark id="sSpan1370" xlink:href="#sTok738"/>
		<!--further-->
		<mark id="sSpan1371" xlink:href="#sTok740"/>
		<!--details-->
		<mark id="sSpan1372" xlink:href="#sTok741"/>
		<!--archaic-->
		<mark id="sSpan1373" xlink:href="#sTok744"/>
		<!--transitive-->
		<mark id="sSpan1374" xlink:href="#sTok746"/>
		<!--risk-->
		<mark id="sSpan1375" xlink:href="#sTok748"/>
		<!--venture-->
		<mark id="sSpan1376" xlink:href="#sTok751"/>
		<!--confidently-->
		<mark id="sSpan1377" xlink:href="#sTok752"/>
		<!--intransitive-->
		<mark id="sSpan1378" xlink:href="#sTok755"/>
		<!--have-->
		<mark id="sSpan1379" xlink:href="#sTok758"/>
		<!--trust-->
		<mark id="sSpan1380" xlink:href="#sTok759"/>
		<!--be-->
		<mark id="sSpan1381" xlink:href="#sTok762"/>
		<!--be-->
		<mark id="sSpan1382" xlink:href="#sTok762"/>
		<!--be-->
		<mark id="sSpan1383" xlink:href="#sTok762"/>
		<!--credulous-->
		<mark id="sSpan1384" xlink:href="#sTok763"/>
		<!--be-->
		<mark id="sSpan1385" xlink:href="#sTok766"/>
		<!--won-->
		<mark id="sSpan1386" xlink:href="#sTok767"/>
		<!--won-->
		<mark id="sSpan1387" xlink:href="#sTok767"/>
		<!--won-->
		<mark id="sSpan1388" xlink:href="#sTok767"/>
		<!--confidence-->
		<mark id="sSpan1389" xlink:href="#sTok769"/>
		<!--confide-->
		<mark id="sSpan1390" xlink:href="#sTok772"/>
		<!--archaic-->
		<mark id="sSpan1391" xlink:href="#sTok775"/>
		<!--intransitive-->
		<mark id="sSpan1392" xlink:href="#sTok777"/>
		<!--sell-->
		<mark id="sSpan1393" xlink:href="#sTok779"/>
		<!--deliver-->
		<mark id="sSpan1394" xlink:href="#sTok781"/>
		<!--anything-->
		<mark id="sSpan1395" xlink:href="#sTok782"/>
		<!--anything-->
		<mark id="sSpan1396" xlink:href="#sTok782"/>
		<!--reliance-->
		<mark id="sSpan1397" xlink:href="#sTok784"/>
		<!--a-->
		<mark id="sSpan1398" xlink:href="#sTok786"/>
		<!--a-->
		<mark id="sSpan1399" xlink:href="#sTok786"/>
		<!--promise-->
		<mark id="sSpan1400" xlink:href="#sTok787"/>
		<!--payment-->
		<mark id="sSpan1401" xlink:href="#sTok789"/>
		<!--give-->
		<mark id="sSpan1402" xlink:href="#sTok792"/>
		<!--credit-->
		<mark id="sSpan1403" xlink:href="#sTok793"/>
		<!--Antonyms-->
		<mark id="sSpan1404" xlink:href="#sTok795"/>
		<!--distrust-->
		<mark id="sSpan1405" xlink:href="#sTok796"/>
		<!--mistrust-->
		<mark id="sSpan1406" xlink:href="#sTok797"/>
		<!--Adjective-->
		<mark id="sSpan1407" xlink:href="#sTok798"/>
		<!--trust-->
		<mark id="sSpan1408" xlink:href="#sTok799"/>
		<!--comparative-->
		<mark id="sSpan1409" xlink:href="#sTok801"/>
		<!--more-->
		<mark id="sSpan1410" xlink:href="#sTok802"/>
		<!--trust-->
		<mark id="sSpan1411" xlink:href="#sTok803"/>
		<!--superlative-->
		<mark id="sSpan1412" xlink:href="#sTok805"/>
		<!--most-->
		<mark id="sSpan1413" xlink:href="#sTok806"/>
		<!--trust-->
		<mark id="sSpan1414" xlink:href="#sTok807"/>
		<!--obsolete-->
		<mark id="sSpan1415" xlink:href="#sTok810"/>
		<!--Secure-->
		<mark id="sSpan1416" xlink:href="#sTok812"/>
		<!--safe-->
		<mark id="sSpan1417" xlink:href="#sTok814"/>
		<!--obsolete-->
		<mark id="sSpan1418" xlink:href="#sTok817"/>
		<!--Faithful-->
		<mark id="sSpan1419" xlink:href="#sTok819"/>
		<!--dependable-->
		<mark id="sSpan1420" xlink:href="#sTok821"/>
		<!--law-->
		<mark id="sSpan1421" xlink:href="#sTok824"/>
		<!--relating-->
		<mark id="sSpan1422" xlink:href="#sTok828"/>
		<!--relating-->
		<mark id="sSpan1423" xlink:href="#sTok828"/>
		<!--a-->
		<mark id="sSpan1424" xlink:href="#sTok830"/>
		<!--a-->
		<mark id="sSpan1425" xlink:href="#sTok830"/>
		<!--trust-->
		<mark id="sSpan1426" xlink:href="#sTok831"/></markList></paula>