<?xml version='1.0' encoding='UTF-8'?><!DOCTYPE paula SYSTEM "paula_feat.dtd">
<paula version="1.1">
	<header paula_id="morph.GENTLE_dictionary_trust.mark_PronType"/>
	<featList xmlns:xlink="http://www.w3.org/1999/xlink" type="PronType" xml:base="morph.GENTLE_dictionary_trust.mark.xml">
		<feat xlink:href="#sSpan703" value="Art"/>
		<feat xlink:href="#sSpan713" value="Prs"/>
		<feat xlink:href="#sSpan719" value="Art"/>
		<feat xlink:href="#sSpan729" value="Prs"/>
		<feat xlink:href="#sSpan742" value="Art"/>
		<feat xlink:href="#sSpan746" value="Art"/>
		<feat xlink:href="#sSpan750" value="Art"/>
		<feat xlink:href="#sSpan760" value="Art"/>
		<feat xlink:href="#sSpan831" value="Ind"/>
		<feat xlink:href="#sSpan838" value="Prs"/>
		<feat xlink:href="#sSpan845" value="Prs"/>
		<feat xlink:href="#sSpan853" value="Prs"/>
		<feat xlink:href="#sSpan868" value="Prs"/>
		<feat xlink:href="#sSpan874" value="Ind"/>
		<feat xlink:href="#sSpan879" value="Art"/>
		<feat xlink:href="#sSpan888" value="Ind"/>
		<feat xlink:href="#sSpan890" value="Art"/>
		<feat xlink:href="#sSpan895" value="Art"/>
		<feat xlink:href="#sSpan907" value="Prs"/>
		<feat xlink:href="#sSpan916" value="Art"/>
		<feat xlink:href="#sSpan926" value="Prs"/>
		<feat xlink:href="#sSpan932" value="Prs"/>
		<feat xlink:href="#sSpan935" value="Dem"/>
		<feat xlink:href="#sSpan936" value="Rel"/>
		<feat xlink:href="#sSpan949" value="Ind"/>
		<feat xlink:href="#sSpan954" value="Art"/>
		<feat xlink:href="#sSpan958" value="Dem"/>
		<feat xlink:href="#sSpan959" value="Rel"/>
		<feat xlink:href="#sSpan975" value="Art"/>
		<feat xlink:href="#sSpan981" value="Rel"/>
		<feat xlink:href="#sSpan982" value="Ind"/>
		<feat xlink:href="#sSpan997" value="Art"/>
		<feat xlink:href="#sSpan1002" value="Art"/>
		<feat xlink:href="#sSpan1005" value="Rel"/>
		<feat xlink:href="#sSpan1013" value="Art"/>
		<feat xlink:href="#sSpan1018" value="Art"/>
		<feat xlink:href="#sSpan1020" value="Ind"/>
		<feat xlink:href="#sSpan1022" value="Prs"/>
		<feat xlink:href="#sSpan1030" value="Art"/>
		<feat xlink:href="#sSpan1036" value="Prs"/>
		<feat xlink:href="#sSpan1042" value="Art"/>
		<feat xlink:href="#sSpan1044" value="Int"/>
		<feat xlink:href="#sSpan1059" value="Art"/>
		<feat xlink:href="#sSpan1066" value="Art"/>
		<feat xlink:href="#sSpan1069" value="Art"/>
		<feat xlink:href="#sSpan1073" value="Prs"/>
		<feat xlink:href="#sSpan1082" value="Art"/>
		<feat xlink:href="#sSpan1088" value="Art"/>
		<feat xlink:href="#sSpan1101" value="Art"/>
		<feat xlink:href="#sSpan1103" value="Int"/>
		<feat xlink:href="#sSpan1105" value="Prs"/>
		<feat xlink:href="#sSpan1109" value="Prs"/>
		<feat xlink:href="#sSpan1120" value="Art"/>
		<feat xlink:href="#sSpan1138" value="Art"/>
		<feat xlink:href="#sSpan1145" value="Art"/>
		<feat xlink:href="#sSpan1150" value="Art"/>
		<feat xlink:href="#sSpan1153" value="Art"/>
		<feat xlink:href="#sSpan1158" value="Art"/>
		<feat xlink:href="#sSpan1201" value="Prs"/>
		<feat xlink:href="#sSpan1207" value="Ind"/>
		<feat xlink:href="#sSpan1208" value="Rel"/>
		<feat xlink:href="#sSpan1215" value="Prs"/>
		<feat xlink:href="#sSpan1228" value="Prs"/>
		<feat xlink:href="#sSpan1250" value="Art"/>
		<feat xlink:href="#sSpan1256" value="Art"/>
		<feat xlink:href="#sSpan1259" value="Prs"/>
		<feat xlink:href="#sSpan1269" value="Prs"/>
		<feat xlink:href="#sSpan1278" value="Prs"/>
		<feat xlink:href="#sSpan1288" value="Art"/>
		<feat xlink:href="#sSpan1294" value="Prs"/>
		<feat xlink:href="#sSpan1296" value="Ind"/>
		<feat xlink:href="#sSpan1302" value="Prs"/>
		<feat xlink:href="#sSpan1321" value="Prs"/>
		<feat xlink:href="#sSpan1334" value="Ind"/>
		<feat xlink:href="#sSpan1339" value="Prs"/>
		<feat xlink:href="#sSpan1350" value="Art"/>
		<feat xlink:href="#sSpan1356" value="Prs"/>
		<feat xlink:href="#sSpan1367" value="Prs"/>
		<feat xlink:href="#sSpan1395" value="Ind"/>
		<feat xlink:href="#sSpan1398" value="Art"/>
		<feat xlink:href="#sSpan1424" value="Art"/></featList></paula>