<?xml version='1.0' encoding='UTF-8'?><!DOCTYPE paula SYSTEM "paula_feat.dtd">
<paula version="1.1">
	<header paula_id="morph.GENTLE_dictionary_trust.mark_PronType"/>
	<featList xmlns:xlink="http://www.w3.org/1999/xlink" type="PronType" xml:base="morph.GENTLE_dictionary_trust.mark.xml">
		<feat xlink:href="#sSpan703" value="Art"/>
		<feat xlink:href="#sSpan711" value="Prs"/>
		<feat xlink:href="#sSpan719" value="Art"/>
		<feat xlink:href="#sSpan732" value="Prs"/>
		<feat xlink:href="#sSpan743" value="Art"/>
		<feat xlink:href="#sSpan745" value="Art"/>
		<feat xlink:href="#sSpan750" value="Art"/>
		<feat xlink:href="#sSpan759" value="Art"/>
		<feat xlink:href="#sSpan831" value="Ind"/>
		<feat xlink:href="#sSpan837" value="Prs"/>
		<feat xlink:href="#sSpan849" value="Prs"/>
		<feat xlink:href="#sSpan854" value="Prs"/>
		<feat xlink:href="#sSpan866" value="Prs"/>
		<feat xlink:href="#sSpan875" value="Ind"/>
		<feat xlink:href="#sSpan879" value="Art"/>
		<feat xlink:href="#sSpan889" value="Ind"/>
		<feat xlink:href="#sSpan890" value="Art"/>
		<feat xlink:href="#sSpan896" value="Art"/>
		<feat xlink:href="#sSpan906" value="Prs"/>
		<feat xlink:href="#sSpan915" value="Art"/>
		<feat xlink:href="#sSpan924" value="Prs"/>
		<feat xlink:href="#sSpan930" value="Prs"/>
		<feat xlink:href="#sSpan935" value="Dem"/>
		<feat xlink:href="#sSpan936" value="Rel"/>
		<feat xlink:href="#sSpan948" value="Ind"/>
		<feat xlink:href="#sSpan955" value="Art"/>
		<feat xlink:href="#sSpan958" value="Dem"/>
		<feat xlink:href="#sSpan959" value="Rel"/>
		<feat xlink:href="#sSpan975" value="Art"/>
		<feat xlink:href="#sSpan981" value="Rel"/>
		<feat xlink:href="#sSpan983" value="Ind"/>
		<feat xlink:href="#sSpan996" value="Art"/>
		<feat xlink:href="#sSpan1003" value="Art"/>
		<feat xlink:href="#sSpan1005" value="Rel"/>
		<feat xlink:href="#sSpan1014" value="Art"/>
		<feat xlink:href="#sSpan1017" value="Art"/>
		<feat xlink:href="#sSpan1020" value="Ind"/>
		<feat xlink:href="#sSpan1021" value="Prs"/>
		<feat xlink:href="#sSpan1030" value="Art"/>
		<feat xlink:href="#sSpan1036" value="Prs"/>
		<feat xlink:href="#sSpan1041" value="Art"/>
		<feat xlink:href="#sSpan1044" value="Int"/>
		<feat xlink:href="#sSpan1059" value="Art"/>
		<feat xlink:href="#sSpan1065" value="Art"/>
		<feat xlink:href="#sSpan1069" value="Art"/>
		<feat xlink:href="#sSpan1075" value="Prs"/>
		<feat xlink:href="#sSpan1082" value="Art"/>
		<feat xlink:href="#sSpan1088" value="Art"/>
		<feat xlink:href="#sSpan1100" value="Art"/>
		<feat xlink:href="#sSpan1103" value="Int"/>
		<feat xlink:href="#sSpan1108" value="Prs"/>
		<feat xlink:href="#sSpan1109" value="Prs"/>
		<feat xlink:href="#sSpan1120" value="Art"/>
		<feat xlink:href="#sSpan1138" value="Art"/>
		<feat xlink:href="#sSpan1146" value="Art"/>
		<feat xlink:href="#sSpan1150" value="Art"/>
		<feat xlink:href="#sSpan1153" value="Art"/>
		<feat xlink:href="#sSpan1158" value="Art"/>
		<feat xlink:href="#sSpan1202" value="Prs"/>
		<feat xlink:href="#sSpan1206" value="Ind"/>
		<feat xlink:href="#sSpan1208" value="Rel"/>
		<feat xlink:href="#sSpan1214" value="Prs"/>
		<feat xlink:href="#sSpan1230" value="Prs"/>
		<feat xlink:href="#sSpan1250" value="Art"/>
		<feat xlink:href="#sSpan1255" value="Art"/>
		<feat xlink:href="#sSpan1258" value="Prs"/>
		<feat xlink:href="#sSpan1267" value="Prs"/>
		<feat xlink:href="#sSpan1281" value="Prs"/>
		<feat xlink:href="#sSpan1288" value="Art"/>
		<feat xlink:href="#sSpan1292" value="Prs"/>
		<feat xlink:href="#sSpan1296" value="Ind"/>
		<feat xlink:href="#sSpan1301" value="Prs"/>
		<feat xlink:href="#sSpan1323" value="Prs"/>
		<feat xlink:href="#sSpan1334" value="Ind"/>
		<feat xlink:href="#sSpan1343" value="Prs"/>
		<feat xlink:href="#sSpan1350" value="Art"/>
		<feat xlink:href="#sSpan1354" value="Prs"/>
		<feat xlink:href="#sSpan1366" value="Prs"/>
		<feat xlink:href="#sSpan1395" value="Ind"/>
		<feat xlink:href="#sSpan1398" value="Art"/>
		<feat xlink:href="#sSpan1424" value="Art"/></featList></paula>