<?xml version='1.0' encoding='UTF-8'?><!DOCTYPE paula SYSTEM "paula_feat.dtd">
<paula version="1.1">
	<header paula_id="morph.GENTLE_dictionary_trust.mark_Voice"/>
	<featList xmlns:xlink="http://www.w3.org/1999/xlink" type="Voice" xml:base="morph.GENTLE_dictionary_trust.mark.xml">
		<feat xlink:href="#sSpan702" value="Pass"/>
		<feat xlink:href="#sSpan739" value="Pass"/>
		<feat xlink:href="#sSpan764" value="Pass"/>
		<feat xlink:href="#sSpan884" value="Pass"/>
		<feat xlink:href="#sSpan902" value="Pass"/>
		<feat xlink:href="#sSpan942" value="Pass"/>
		<feat xlink:href="#sSpan947" value="Pass"/>
		<feat xlink:href="#sSpan950" value="Pass"/>
		<feat xlink:href="#sSpan967" value="Pass"/>
		<feat xlink:href="#sSpan991" value="Pass"/>
		<feat xlink:href="#sSpan1000" value="Pass"/>
		<feat xlink:href="#sSpan1054" value="Pass"/>
		<feat xlink:href="#sSpan1056" value="Pass"/>
		<feat xlink:href="#sSpan1080" value="Pass"/>
		<feat xlink:href="#sSpan1085" value="Pass"/>
		<feat xlink:href="#sSpan1091" value="Pass"/>
		<feat xlink:href="#sSpan1097" value="Pass"/>
		<feat xlink:href="#sSpan1127" value="Pass"/>
		<feat xlink:href="#sSpan1136" value="Pass"/>
		<feat xlink:href="#sSpan1193" value="Pass"/>
		<feat xlink:href="#sSpan1330" value="Pass"/>
		<feat xlink:href="#sSpan1387" value="Pass"/></featList></paula>