<?xml version='1.0' encoding='UTF-8'?><!DOCTYPE paula SYSTEM "paula_feat.dtd">
<paula version="1.1">
	<header paula_id="morph.GENTLE_dictionary_trust.mark_Case"/>
	<featList xmlns:xlink="http://www.w3.org/1999/xlink" type="Case" xml:base="morph.GENTLE_dictionary_trust.mark.xml">
		<feat xlink:href="#sSpan713" value="Acc"/>
		<feat xlink:href="#sSpan730" value="Nom"/>
		<feat xlink:href="#sSpan836" value="Nom"/>
		<feat xlink:href="#sSpan847" value="Gen"/>
		<feat xlink:href="#sSpan855" value="Nom"/>
		<feat xlink:href="#sSpan867" value="Acc"/>
		<feat xlink:href="#sSpan908" value="Nom"/>
		<feat xlink:href="#sSpan925" value="Acc"/>
		<feat xlink:href="#sSpan929" value="Acc"/>
		<feat xlink:href="#sSpan1022" value="Nom"/>
		<feat xlink:href="#sSpan1037" value="Gen"/>
		<feat xlink:href="#sSpan1074" value="Nom"/>
		<feat xlink:href="#sSpan1106" value="Nom"/>
		<feat xlink:href="#sSpan1110" value="Nom"/>
		<feat xlink:href="#sSpan1201" value="Nom"/>
		<feat xlink:href="#sSpan1217" value="Acc"/>
		<feat xlink:href="#sSpan1227" value="Nom"/>
		<feat xlink:href="#sSpan1261" value="Nom"/>
		<feat xlink:href="#sSpan1270" value="Nom"/>
		<feat xlink:href="#sSpan1278" value="Gen"/>
		<feat xlink:href="#sSpan1293" value="Acc"/>
		<feat xlink:href="#sSpan1322" value="Gen"/>
		<feat xlink:href="#sSpan1342" value="Acc"/>
		<feat xlink:href="#sSpan1356" value="Nom"/>
		<feat xlink:href="#sSpan1369" value="Gen"/></featList></paula>