<?xml version='1.0' encoding='UTF-8'?><!DOCTYPE paula SYSTEM "paula_feat.dtd">
<paula version="1.1">
	<header paula_id="morph.GENTLE_dictionary_trust.mark_Number"/>
	<featList xmlns:xlink="http://www.w3.org/1999/xlink" type="Number" xml:base="morph.GENTLE_dictionary_trust.mark.xml">
		<feat xlink:href="#sSpan691" value="Sing"/>
		<feat xlink:href="#sSpan692" value="Sing"/>
		<feat xlink:href="#sSpan693" value="Sing"/>
		<feat xlink:href="#sSpan694" value="Sing"/>
		<feat xlink:href="#sSpan696" value="Sing"/>
		<feat xlink:href="#sSpan697" value="Sing"/>
		<feat xlink:href="#sSpan698" value="Sing"/>
		<feat xlink:href="#sSpan705" value="Sing"/>
		<feat xlink:href="#sSpan707" value="Sing"/>
		<feat xlink:href="#sSpan708" value="Sing"/>
		<feat xlink:href="#sSpan709" value="Sing"/>
		<feat xlink:href="#sSpan710" value="Sing"/>
		<feat xlink:href="#sSpan716" value="Sing"/>
		<feat xlink:href="#sSpan718" value="Sing"/>
		<feat xlink:href="#sSpan721" value="Sing"/>
		<feat xlink:href="#sSpan722" value="Sing"/>
		<feat xlink:href="#sSpan723" value="Sing"/>
		<feat xlink:href="#sSpan729" value="Sing"/>
		<feat xlink:href="#sSpan738" value="Sing"/>
		<feat xlink:href="#sSpan744" value="Sing"/>
		<feat xlink:href="#sSpan749" value="Sing"/>
		<feat xlink:href="#sSpan755" value="Sing"/>
		<feat xlink:href="#sSpan758" value="Sing"/>
		<feat xlink:href="#sSpan762" value="Sing"/>
		<feat xlink:href="#sSpan768" value="Sing"/>
		<feat xlink:href="#sSpan769" value="Sing"/>
		<feat xlink:href="#sSpan771" value="Sing"/>
		<feat xlink:href="#sSpan772" value="Sing"/>
		<feat xlink:href="#sSpan773" value="Sing"/>
		<feat xlink:href="#sSpan780" value="Sing"/>
		<feat xlink:href="#sSpan781" value="Sing"/>
		<feat xlink:href="#sSpan782" value="Sing"/>
		<feat xlink:href="#sSpan783" value="Sing"/>
		<feat xlink:href="#sSpan784" value="Sing"/>
		<feat xlink:href="#sSpan785" value="Sing"/>
		<feat xlink:href="#sSpan786" value="Sing"/>
		<feat xlink:href="#sSpan787" value="Sing"/>
		<feat xlink:href="#sSpan788" value="Sing"/>
		<feat xlink:href="#sSpan789" value="Sing"/>
		<feat xlink:href="#sSpan790" value="Sing"/>
		<feat xlink:href="#sSpan791" value="Sing"/>
		<feat xlink:href="#sSpan792" value="Sing"/>
		<feat xlink:href="#sSpan793" value="Sing"/>
		<feat xlink:href="#sSpan794" value="Sing"/>
		<feat xlink:href="#sSpan795" value="Sing"/>
		<feat xlink:href="#sSpan797" value="Sing"/>
		<feat xlink:href="#sSpan798" value="Sing"/>
		<feat xlink:href="#sSpan799" value="Sing"/>
		<feat xlink:href="#sSpan800" value="Sing"/>
		<feat xlink:href="#sSpan803" value="Sing"/>
		<feat xlink:href="#sSpan804" value="Sing"/>
		<feat xlink:href="#sSpan805" value="Sing"/>
		<feat xlink:href="#sSpan806" value="Sing"/>
		<feat xlink:href="#sSpan807" value="Sing"/>
		<feat xlink:href="#sSpan808" value="Sing"/>
		<feat xlink:href="#sSpan809" value="Sing"/>
		<feat xlink:href="#sSpan810" value="Sing"/>
		<feat xlink:href="#sSpan811" value="Sing"/>
		<feat xlink:href="#sSpan812" value="Sing"/>
		<feat xlink:href="#sSpan814" value="Sing"/>
		<feat xlink:href="#sSpan815" value="Sing"/>
		<feat xlink:href="#sSpan816" value="Sing"/>
		<feat xlink:href="#sSpan817" value="Sing"/>
		<feat xlink:href="#sSpan818" value="Sing"/>
		<feat xlink:href="#sSpan819" value="Sing"/>
		<feat xlink:href="#sSpan821" value="Plur"/>
		<feat xlink:href="#sSpan822" value="Sing"/>
		<feat xlink:href="#sSpan823" value="Sing"/>
		<feat xlink:href="#sSpan824" value="Sing"/>
		<feat xlink:href="#sSpan828" value="Plur"/>
		<feat xlink:href="#sSpan829" value="Sing"/>
		<feat xlink:href="#sSpan830" value="Sing"/>
		<feat xlink:href="#sSpan832" value="Sing"/>
		<feat xlink:href="#sSpan833" value="Sing"/>
		<feat xlink:href="#sSpan834" value="Sing"/>
		<feat xlink:href="#sSpan840" value="Sing"/>
		<feat xlink:href="#sSpan850" value="Sing"/>
		<feat xlink:href="#sSpan851" value="Sing"/>
		<feat xlink:href="#sSpan852" value="Sing"/>
		<feat xlink:href="#sSpan861" value="Sing"/>
		<feat xlink:href="#sSpan870" value="Sing"/>
		<feat xlink:href="#sSpan873" value="Sing"/>
		<feat xlink:href="#sSpan874" value="Sing"/>
		<feat xlink:href="#sSpan878" value="Sing"/>
		<feat xlink:href="#sSpan881" value="Sing"/>
		<feat xlink:href="#sSpan886" value="Sing"/>
		<feat xlink:href="#sSpan887" value="Sing"/>
		<feat xlink:href="#sSpan888" value="Sing"/>
		<feat xlink:href="#sSpan892" value="Sing"/>
		<feat xlink:href="#sSpan893" value="Sing"/>
		<feat xlink:href="#sSpan894" value="Sing"/>
		<feat xlink:href="#sSpan898" value="Sing"/>
		<feat xlink:href="#sSpan899" value="Plur"/>
		<feat xlink:href="#sSpan900" value="Plur"/>
		<feat xlink:href="#sSpan904" value="Sing"/>
		<feat xlink:href="#sSpan907" value="Sing"/>
		<feat xlink:href="#sSpan910" value="Sing"/>
		<feat xlink:href="#sSpan914" value="Sing"/>
		<feat xlink:href="#sSpan917" value="Sing"/>
		<feat xlink:href="#sSpan922" value="Sing"/>
		<feat xlink:href="#sSpan923" value="Sing"/>
		<feat xlink:href="#sSpan932" value="Sing"/>
		<feat xlink:href="#sSpan933" value="Sing"/>
		<feat xlink:href="#sSpan934" value="Sing"/>
		<feat xlink:href="#sSpan939" value="Sing"/>
		<feat xlink:href="#sSpan949" value="Sing"/>
		<feat xlink:href="#sSpan953" value="Sing"/>
		<feat xlink:href="#sSpan956" value="Sing"/>
		<feat xlink:href="#sSpan957" value="Sing"/>
		<feat xlink:href="#sSpan960" value="Sing"/>
		<feat xlink:href="#sSpan962" value="Sing"/>
		<feat xlink:href="#sSpan969" value="Sing"/>
		<feat xlink:href="#sSpan970" value="Sing"/>
		<feat xlink:href="#sSpan971" value="Sing"/>
		<feat xlink:href="#sSpan973" value="Sing"/>
		<feat xlink:href="#sSpan974" value="Sing"/>
		<feat xlink:href="#sSpan977" value="Sing"/>
		<feat xlink:href="#sSpan978" value="Sing"/>
		<feat xlink:href="#sSpan982" value="Sing"/>
		<feat xlink:href="#sSpan986" value="Sing"/>
		<feat xlink:href="#sSpan993" value="Sing"/>
		<feat xlink:href="#sSpan994" value="Sing"/>
		<feat xlink:href="#sSpan995" value="Sing"/>
		<feat xlink:href="#sSpan998" value="Sing"/>
		<feat xlink:href="#sSpan1004" value="Sing"/>
		<feat xlink:href="#sSpan1008" value="Sing"/>
		<feat xlink:href="#sSpan1012" value="Sing"/>
		<feat xlink:href="#sSpan1015" value="Sing"/>
		<feat xlink:href="#sSpan1019" value="Sing"/>
		<feat xlink:href="#sSpan1023" value="Sing"/>
		<feat xlink:href="#sSpan1025" value="Sing"/>
		<feat xlink:href="#sSpan1032" value="Sing"/>
		<feat xlink:href="#sSpan1035" value="Sing"/>
		<feat xlink:href="#sSpan1038" value="Sing"/>
		<feat xlink:href="#sSpan1039" value="Sing"/>
		<feat xlink:href="#sSpan1040" value="Sing"/>
		<feat xlink:href="#sSpan1043" value="Sing"/>
		<feat xlink:href="#sSpan1045" value="Sing"/>
		<feat xlink:href="#sSpan1046" value="Sing"/>
		<feat xlink:href="#sSpan1047" value="Sing"/>
		<feat xlink:href="#sSpan1064" value="Sing"/>
		<feat xlink:href="#sSpan1067" value="Sing"/>
		<feat xlink:href="#sSpan1070" value="Sing"/>
		<feat xlink:href="#sSpan1071" value="Sing"/>
		<feat xlink:href="#sSpan1083" value="Sing"/>
		<feat xlink:href="#sSpan1093" value="Sing"/>
		<feat xlink:href="#sSpan1094" value="Sing"/>
		<feat xlink:href="#sSpan1095" value="Sing"/>
		<feat xlink:href="#sSpan1102" value="Sing"/>
		<feat xlink:href="#sSpan1105" value="Sing"/>
		<feat xlink:href="#sSpan1113" value="Sing"/>
		<feat xlink:href="#sSpan1115" value="Sing"/>
		<feat xlink:href="#sSpan1119" value="Sing"/>
		<feat xlink:href="#sSpan1122" value="Sing"/>
		<feat xlink:href="#sSpan1123" value="Plur"/>
		<feat xlink:href="#sSpan1124" value="Plur"/>
		<feat xlink:href="#sSpan1129" value="Sing"/>
		<feat xlink:href="#sSpan1133" value="Plur"/>
		<feat xlink:href="#sSpan1134" value="Plur"/>
		<feat xlink:href="#sSpan1141" value="Sing"/>
		<feat xlink:href="#sSpan1142" value="Plur"/>
		<feat xlink:href="#sSpan1143" value="Sing"/>
		<feat xlink:href="#sSpan1144" value="Sing"/>
		<feat xlink:href="#sSpan1147" value="Sing"/>
		<feat xlink:href="#sSpan1148" value="Plur"/>
		<feat xlink:href="#sSpan1151" value="Sing"/>
		<feat xlink:href="#sSpan1154" value="Sing"/>
		<feat xlink:href="#sSpan1155" value="Sing"/>
		<feat xlink:href="#sSpan1156" value="Plur"/>
		<feat xlink:href="#sSpan1157" value="Sing"/>
		<feat xlink:href="#sSpan1160" value="Sing"/>
		<feat xlink:href="#sSpan1161" value="Sing"/>
		<feat xlink:href="#sSpan1162" value="Sing"/>
		<feat xlink:href="#sSpan1163" value="Sing"/>
		<feat xlink:href="#sSpan1164" value="Sing"/>
		<feat xlink:href="#sSpan1165" value="Sing"/>
		<feat xlink:href="#sSpan1166" value="Sing"/>
		<feat xlink:href="#sSpan1167" value="Sing"/>
		<feat xlink:href="#sSpan1168" value="Plur"/>
		<feat xlink:href="#sSpan1169" value="Sing"/>
		<feat xlink:href="#sSpan1170" value="Sing"/>
		<feat xlink:href="#sSpan1172" value="Sing"/>
		<feat xlink:href="#sSpan1173" value="Sing"/>
		<feat xlink:href="#sSpan1174" value="Sing"/>
		<feat xlink:href="#sSpan1178" value="Sing"/>
		<feat xlink:href="#sSpan1181" value="Sing"/>
		<feat xlink:href="#sSpan1182" value="Plur"/>
		<feat xlink:href="#sSpan1184" value="Sing"/>
		<feat xlink:href="#sSpan1188" value="Sing"/>
		<feat xlink:href="#sSpan1190" value="Sing"/>
		<feat xlink:href="#sSpan1196" value="Sing"/>
		<feat xlink:href="#sSpan1200" value="Plur"/>
		<feat xlink:href="#sSpan1207" value="Sing"/>
		<feat xlink:href="#sSpan1211" value="Sing"/>
		<feat xlink:href="#sSpan1215" value="Plur"/>
		<feat xlink:href="#sSpan1221" value="Sing"/>
		<feat xlink:href="#sSpan1224" value="Sing"/>
		<feat xlink:href="#sSpan1225" value="Sing"/>
		<feat xlink:href="#sSpan1226" value="Sing"/>
		<feat xlink:href="#sSpan1228" value="Plur"/>
		<feat xlink:href="#sSpan1234" value="Plur"/>
		<feat xlink:href="#sSpan1238" value="Sing"/>
		<feat xlink:href="#sSpan1239" value="Sing"/>
		<feat xlink:href="#sSpan1242" value="Sing"/>
		<feat xlink:href="#sSpan1244" value="Sing"/>
		<feat xlink:href="#sSpan1252" value="Sing"/>
		<feat xlink:href="#sSpan1254" value="Sing"/>
		<feat xlink:href="#sSpan1257" value="Sing"/>
		<feat xlink:href="#sSpan1259" value="Sing"/>
		<feat xlink:href="#sSpan1266" value="Sing"/>
		<feat xlink:href="#sSpan1268" value="Sing"/>
		<feat xlink:href="#sSpan1273" value="Sing"/>
		<feat xlink:href="#sSpan1282" value="Sing"/>
		<feat xlink:href="#sSpan1283" value="Sing"/>
		<feat xlink:href="#sSpan1286" value="Sing"/>
		<feat xlink:href="#sSpan1289" value="Sing"/>
		<feat xlink:href="#sSpan1295" value="Plur"/>
		<feat xlink:href="#sSpan1297" value="Sing"/>
		<feat xlink:href="#sSpan1300" value="Sing"/>
		<feat xlink:href="#sSpan1303" value="Sing"/>
		<feat xlink:href="#sSpan1307" value="Sing"/>
		<feat xlink:href="#sSpan1309" value="Sing"/>
		<feat xlink:href="#sSpan1310" value="Sing"/>
		<feat xlink:href="#sSpan1312" value="Sing"/>
		<feat xlink:href="#sSpan1313" value="Plur"/>
		<feat xlink:href="#sSpan1314" value="Plur"/>
		<feat xlink:href="#sSpan1318" value="Plur"/>
		<feat xlink:href="#sSpan1324" value="Plur"/>
		<feat xlink:href="#sSpan1325" value="Plur"/>
		<feat xlink:href="#sSpan1327" value="Plur"/>
		<feat xlink:href="#sSpan1333" value="Sing"/>
		<feat xlink:href="#sSpan1338" value="Sing"/>
		<feat xlink:href="#sSpan1340" value="Sing"/>
		<feat xlink:href="#sSpan1345" value="Sing"/>
		<feat xlink:href="#sSpan1352" value="Sing"/>
		<feat xlink:href="#sSpan1355" value="Sing"/>
		<feat xlink:href="#sSpan1360" value="Sing"/>
		<feat xlink:href="#sSpan1365" value="Sing"/>
		<feat xlink:href="#sSpan1370" value="Sing"/>
		<feat xlink:href="#sSpan1372" value="Plur"/>
		<feat xlink:href="#sSpan1380" value="Sing"/>
		<feat xlink:href="#sSpan1389" value="Sing"/>
		<feat xlink:href="#sSpan1396" value="Sing"/>
		<feat xlink:href="#sSpan1397" value="Sing"/>
		<feat xlink:href="#sSpan1400" value="Sing"/>
		<feat xlink:href="#sSpan1401" value="Sing"/>
		<feat xlink:href="#sSpan1403" value="Sing"/>
		<feat xlink:href="#sSpan1404" value="Plur"/>
		<feat xlink:href="#sSpan1405" value="Sing"/>
		<feat xlink:href="#sSpan1406" value="Sing"/>
		<feat xlink:href="#sSpan1407" value="Sing"/>
		<feat xlink:href="#sSpan1408" value="Sing"/>
		<feat xlink:href="#sSpan1411" value="Sing"/>
		<feat xlink:href="#sSpan1414" value="Sing"/>
		<feat xlink:href="#sSpan1421" value="Sing"/>
		<feat xlink:href="#sSpan1426" value="Sing"/></featList></paula>