<?xml version='1.0' encoding='UTF-8'?><!DOCTYPE paula SYSTEM "paula_feat.dtd">
<paula version="1.1">
	<header paula_id="morph.GENTLE_dictionary_trust.mark_Poss"/>
	<featList xmlns:xlink="http://www.w3.org/1999/xlink" type="Poss" xml:base="morph.GENTLE_dictionary_trust.mark.xml">
		<feat xlink:href="#sSpan845" value="Yes"/>
		<feat xlink:href="#sSpan1033" value="Yes"/>
		<feat xlink:href="#sSpan1279" value="Yes"/>
		<feat xlink:href="#sSpan1321" value="Yes"/>
		<feat xlink:href="#sSpan1367" value="Yes"/></featList></paula>