<?xml version='1.0' encoding='UTF-8'?><!DOCTYPE paula SYSTEM "paula_feat.dtd">
<paula version="1.1">
	<header paula_id="morph.GENTLE_dictionary_trust.mark_VerbForm"/>
	<featList xmlns:xlink="http://www.w3.org/1999/xlink" type="VerbForm" xml:base="morph.GENTLE_dictionary_trust.mark.xml">
		<feat xlink:href="#sSpan700" value="Part"/>
		<feat xlink:href="#sSpan725" value="Fin"/>
		<feat xlink:href="#sSpan736" value="Fin"/>
		<feat xlink:href="#sSpan740" value="Part"/>
		<feat xlink:href="#sSpan765" value="Part"/>
		<feat xlink:href="#sSpan774" value="Inf"/>
		<feat xlink:href="#sSpan839" value="Fin"/>
		<feat xlink:href="#sSpan844" value="Inf"/>
		<feat xlink:href="#sSpan859" value="Fin"/>
		<feat xlink:href="#sSpan864" value="Part"/>
		<feat xlink:href="#sSpan865" value="Inf"/>
		<feat xlink:href="#sSpan872" value="Inf"/>
		<feat xlink:href="#sSpan877" value="Inf"/>
		<feat xlink:href="#sSpan883" value="Part"/>
		<feat xlink:href="#sSpan903" value="Part"/>
		<feat xlink:href="#sSpan913" value="Fin"/>
		<feat xlink:href="#sSpan919" value="Fin"/>
		<feat xlink:href="#sSpan927" value="Inf"/>
		<feat xlink:href="#sSpan938" value="Fin"/>
		<feat xlink:href="#sSpan943" value="Part"/>
		<feat xlink:href="#sSpan945" value="Part"/>
		<feat xlink:href="#sSpan951" value="Part"/>
		<feat xlink:href="#sSpan964" value="Fin"/>
		<feat xlink:href="#sSpan968" value="Part"/>
		<feat xlink:href="#sSpan987" value="Fin"/>
		<feat xlink:href="#sSpan989" value="Part"/>
		<feat xlink:href="#sSpan1001" value="Part"/>
		<feat xlink:href="#sSpan1009" value="Fin"/>
		<feat xlink:href="#sSpan1016" value="Inf"/>
		<feat xlink:href="#sSpan1028" value="Fin"/>
		<feat xlink:href="#sSpan1051" value="Fin"/>
		<feat xlink:href="#sSpan1052" value="Part"/>
		<feat xlink:href="#sSpan1055" value="Inf"/>
		<feat xlink:href="#sSpan1057" value="Part"/>
		<feat xlink:href="#sSpan1076" value="Fin"/>
		<feat xlink:href="#sSpan1077" value="Inf"/>
		<feat xlink:href="#sSpan1079" value="Part"/>
		<feat xlink:href="#sSpan1087" value="Part"/>
		<feat xlink:href="#sSpan1090" value="Part"/>
		<feat xlink:href="#sSpan1096" value="Inf"/>
		<feat xlink:href="#sSpan1098" value="Part"/>
		<feat xlink:href="#sSpan1117" value="Fin"/>
		<feat xlink:href="#sSpan1125" value="Part"/>
		<feat xlink:href="#sSpan1130" value="Inf"/>
		<feat xlink:href="#sSpan1131" value="Inf"/>
		<feat xlink:href="#sSpan1137" value="Part"/>
		<feat xlink:href="#sSpan1185" value="Part"/>
		<feat xlink:href="#sSpan1192" value="Part"/>
		<feat xlink:href="#sSpan1195" value="Inf"/>
		<feat xlink:href="#sSpan1197" value="Inf"/>
		<feat xlink:href="#sSpan1198" value="Inf"/>
		<feat xlink:href="#sSpan1203" value="Fin"/>
		<feat xlink:href="#sSpan1205" value="Inf"/>
		<feat xlink:href="#sSpan1213" value="Fin"/>
		<feat xlink:href="#sSpan1220" value="Inf"/>
		<feat xlink:href="#sSpan1222" value="Inf"/>
		<feat xlink:href="#sSpan1223" value="Ger"/>
		<feat xlink:href="#sSpan1231" value="Fin"/>
		<feat xlink:href="#sSpan1241" value="Inf"/>
		<feat xlink:href="#sSpan1243" value="Inf"/>
		<feat xlink:href="#sSpan1246" value="Inf"/>
		<feat xlink:href="#sSpan1248" value="Inf"/>
		<feat xlink:href="#sSpan1265" value="Fin"/>
		<feat xlink:href="#sSpan1272" value="Fin"/>
		<feat xlink:href="#sSpan1276" value="Part"/>
		<feat xlink:href="#sSpan1285" value="Inf"/>
		<feat xlink:href="#sSpan1290" value="Part"/>
		<feat xlink:href="#sSpan1299" value="Inf"/>
		<feat xlink:href="#sSpan1304" value="Inf"/>
		<feat xlink:href="#sSpan1306" value="Inf"/>
		<feat xlink:href="#sSpan1308" value="Inf"/>
		<feat xlink:href="#sSpan1316" value="Fin"/>
		<feat xlink:href="#sSpan1329" value="Part"/>
		<feat xlink:href="#sSpan1332" value="Inf"/>
		<feat xlink:href="#sSpan1337" value="Part"/>
		<feat xlink:href="#sSpan1344" value="Inf"/>
		<feat xlink:href="#sSpan1347" value="Part"/>
		<feat xlink:href="#sSpan1348" value="Part"/>
		<feat xlink:href="#sSpan1362" value="Fin"/>
		<feat xlink:href="#sSpan1363" value="Inf"/>
		<feat xlink:href="#sSpan1375" value="Inf"/>
		<feat xlink:href="#sSpan1376" value="Inf"/>
		<feat xlink:href="#sSpan1379" value="Inf"/>
		<feat xlink:href="#sSpan1382" value="Fin"/>
		<feat xlink:href="#sSpan1385" value="Inf"/>
		<feat xlink:href="#sSpan1386" value="Part"/>
		<feat xlink:href="#sSpan1390" value="Inf"/>
		<feat xlink:href="#sSpan1393" value="Inf"/>
		<feat xlink:href="#sSpan1394" value="Inf"/>
		<feat xlink:href="#sSpan1402" value="Inf"/>
		<feat xlink:href="#sSpan1423" value="Part"/></featList></paula>