<?xml version='1.0' encoding='UTF-8'?><!DOCTYPE paula SYSTEM "paula_feat.dtd">
<paula version="1.1">
	<header paula_id="morph.GENTLE_dictionary_trust.mark_Mood"/>
	<featList xmlns:xlink="http://www.w3.org/1999/xlink" type="Mood" xml:base="morph.GENTLE_dictionary_trust.mark.xml">
		<feat xlink:href="#sSpan724" value="Ind"/>
		<feat xlink:href="#sSpan734" value="Ind"/>
		<feat xlink:href="#sSpan843" value="Ind"/>
		<feat xlink:href="#sSpan859" value="Ind"/>
		<feat xlink:href="#sSpan912" value="Ind"/>
		<feat xlink:href="#sSpan918" value="Ind"/>
		<feat xlink:href="#sSpan937" value="Ind"/>
		<feat xlink:href="#sSpan963" value="Ind"/>
		<feat xlink:href="#sSpan984" value="Ind"/>
		<feat xlink:href="#sSpan1009" value="Ind"/>
		<feat xlink:href="#sSpan1025" value="Ind"/>
		<feat xlink:href="#sSpan1049" value="Ind"/>
		<feat xlink:href="#sSpan1114" value="Ind"/>
		<feat xlink:href="#sSpan1213" value="Ind"/>
		<feat xlink:href="#sSpan1235" value="Ind"/>
		<feat xlink:href="#sSpan1262" value="Ind"/>
		<feat xlink:href="#sSpan1273" value="Ind"/>
		<feat xlink:href="#sSpan1317" value="Ind"/>
		<feat xlink:href="#sSpan1358" value="Ind"/>
		<feat xlink:href="#sSpan1381" value="Imp"/></featList></paula>