<?xml version='1.0' encoding='UTF-8'?><!DOCTYPE paula SYSTEM "paula_feat.dtd">
<paula version="1.1">
	<header paula_id="morph.GENTLE_dictionary_trust.mark_Tense"/>
	<featList xmlns:xlink="http://www.w3.org/1999/xlink" type="Tense" xml:base="morph.GENTLE_dictionary_trust.mark.xml">
		<feat xlink:href="#sSpan702" value="Past"/>
		<feat xlink:href="#sSpan727" value="Pres"/>
		<feat xlink:href="#sSpan738" value="Pres"/>
		<feat xlink:href="#sSpan740" value="Past"/>
		<feat xlink:href="#sSpan765" value="Past"/>
		<feat xlink:href="#sSpan840" value="Pres"/>
		<feat xlink:href="#sSpan861" value="Pres"/>
		<feat xlink:href="#sSpan863" value="Pres"/>
		<feat xlink:href="#sSpan884" value="Past"/>
		<feat xlink:href="#sSpan903" value="Past"/>
		<feat xlink:href="#sSpan909" value="Past"/>
		<feat xlink:href="#sSpan919" value="Past"/>
		<feat xlink:href="#sSpan939" value="Pres"/>
		<feat xlink:href="#sSpan944" value="Past"/>
		<feat xlink:href="#sSpan946" value="Past"/>
		<feat xlink:href="#sSpan950" value="Past"/>
		<feat xlink:href="#sSpan962" value="Pres"/>
		<feat xlink:href="#sSpan966" value="Past"/>
		<feat xlink:href="#sSpan986" value="Pres"/>
		<feat xlink:href="#sSpan990" value="Past"/>
		<feat xlink:href="#sSpan1001" value="Past"/>
		<feat xlink:href="#sSpan1008" value="Pres"/>
		<feat xlink:href="#sSpan1028" value="Past"/>
		<feat xlink:href="#sSpan1050" value="Pres"/>
		<feat xlink:href="#sSpan1054" value="Past"/>
		<feat xlink:href="#sSpan1058" value="Past"/>
		<feat xlink:href="#sSpan1079" value="Past"/>
		<feat xlink:href="#sSpan1087" value="Past"/>
		<feat xlink:href="#sSpan1092" value="Past"/>
		<feat xlink:href="#sSpan1098" value="Past"/>
		<feat xlink:href="#sSpan1115" value="Pres"/>
		<feat xlink:href="#sSpan1127" value="Past"/>
		<feat xlink:href="#sSpan1135" value="Past"/>
		<feat xlink:href="#sSpan1185" value="Pres"/>
		<feat xlink:href="#sSpan1193" value="Past"/>
		<feat xlink:href="#sSpan1210" value="Pres"/>
		<feat xlink:href="#sSpan1233" value="Pres"/>
		<feat xlink:href="#sSpan1265" value="Pres"/>
		<feat xlink:href="#sSpan1272" value="Pres"/>
		<feat xlink:href="#sSpan1276" value="Past"/>
		<feat xlink:href="#sSpan1291" value="Pres"/>
		<feat xlink:href="#sSpan1319" value="Pres"/>
		<feat xlink:href="#sSpan1330" value="Past"/>
		<feat xlink:href="#sSpan1337" value="Pres"/>
		<feat xlink:href="#sSpan1346" value="Pres"/>
		<feat xlink:href="#sSpan1349" value="Past"/>
		<feat xlink:href="#sSpan1361" value="Past"/>
		<feat xlink:href="#sSpan1387" value="Past"/>
		<feat xlink:href="#sSpan1422" value="Pres"/></featList></paula>