<?xml version='1.0' encoding='UTF-8'?><!DOCTYPE paula SYSTEM "paula_feat.dtd">
<paula version="1.1">
	<header paula_id="morph.GENTLE_dictionary_trust.mark_Gender"/>
	<featList xmlns:xlink="http://www.w3.org/1999/xlink" type="Gender" xml:base="morph.GENTLE_dictionary_trust.mark.xml">
		<feat xlink:href="#sSpan716" value="Neut"/>
		<feat xlink:href="#sSpan731" value="Neut"/>
		<feat xlink:href="#sSpan837" value="Masc"/>
		<feat xlink:href="#sSpan846" value="Fem"/>
		<feat xlink:href="#sSpan854" value="Masc"/>
		<feat xlink:href="#sSpan869" value="Fem"/>
		<feat xlink:href="#sSpan931" value="Neut"/>
		<feat xlink:href="#sSpan1072" value="Neut"/>
		<feat xlink:href="#sSpan1104" value="Masc"/>
		<feat xlink:href="#sSpan1111" value="Fem"/>
		<feat xlink:href="#sSpan1342" value="Neut"/>
		<feat xlink:href="#sSpan1354" value="Masc"/>
		<feat xlink:href="#sSpan1365" value="Masc"/></featList></paula>