<?xml version='1.0' encoding='UTF-8'?><!DOCTYPE paula SYSTEM "paula_feat.dtd">
<paula version="1.1">
	<header paula_id="morph.GENTLE_dictionary_trust.mark_Voice"/>
	<featList xmlns:xlink="http://www.w3.org/1999/xlink" type="Voice" xml:base="morph.GENTLE_dictionary_trust.mark.xml">
		<feat xlink:href="#sSpan700" value="Pass"/>
		<feat xlink:href="#sSpan739" value="Pass"/>
		<feat xlink:href="#sSpan764" value="Pass"/>
		<feat xlink:href="#sSpan883" value="Pass"/>
		<feat xlink:href="#sSpan901" value="Pass"/>
		<feat xlink:href="#sSpan943" value="Pass"/>
		<feat xlink:href="#sSpan945" value="Pass"/>
		<feat xlink:href="#sSpan951" value="Pass"/>
		<feat xlink:href="#sSpan967" value="Pass"/>
		<feat xlink:href="#sSpan991" value="Pass"/>
		<feat xlink:href="#sSpan999" value="Pass"/>
		<feat xlink:href="#sSpan1052" value="Pass"/>
		<feat xlink:href="#sSpan1056" value="Pass"/>
		<feat xlink:href="#sSpan1078" value="Pass"/>
		<feat xlink:href="#sSpan1085" value="Pass"/>
		<feat xlink:href="#sSpan1091" value="Pass"/>
		<feat xlink:href="#sSpan1097" value="Pass"/>
		<feat xlink:href="#sSpan1125" value="Pass"/>
		<feat xlink:href="#sSpan1136" value="Pass"/>
		<feat xlink:href="#sSpan1191" value="Pass"/>
		<feat xlink:href="#sSpan1329" value="Pass"/>
		<feat xlink:href="#sSpan1388" value="Pass"/></featList></paula>