<?xml version='1.0' encoding='UTF-8'?><!DOCTYPE paula SYSTEM "paula_feat.dtd">
<paula version="1.1">
	<header paula_id="ref.GENTLE_dictionary_trust.mark_centering"/>
	<featList xmlns:xlink="http://www.w3.org/1999/xlink" type="centering" xml:base="ref.GENTLE_dictionary_trust.mark.xml">
		<feat xlink:href="#sSpan1" value="cf1"/>
		<feat xlink:href="#sSpan2" value="cf1"/>
		<feat xlink:href="#sSpan3" value="cf1"/>
		<feat xlink:href="#sSpan4" value="cf2"/>
		<feat xlink:href="#sSpan5" value="cf1"/>
		<feat xlink:href="#sSpan6" value="cf3"/>
		<feat xlink:href="#sSpan7" value="cf4"/>
		<feat xlink:href="#sSpan8" value="cf7"/>
		<feat xlink:href="#sSpan9" value="cf1"/>
		<feat xlink:href="#sSpan10" value="cf17"/>
		<feat xlink:href="#sSpan11" value="cf9"/>
		<feat xlink:href="#sSpan12" value="cf10"/>
		<feat xlink:href="#sSpan13" value="cf3*"/>
		<feat xlink:href="#sSpan14" value="cf1"/>
		<feat xlink:href="#sSpan15" value="cf14"/>
		<feat xlink:href="#sSpan16" value="cf4"/>
		<feat xlink:href="#sSpan17" value="cf6"/>
		<feat xlink:href="#sSpan18" value="cf2"/>
		<feat xlink:href="#sSpan19" value="cf5"/>
		<feat xlink:href="#sSpan20" value="cf11"/>
		<feat xlink:href="#sSpan21" value="cf15"/>
		<feat xlink:href="#sSpan22" value="cf18"/>
		<feat xlink:href="#sSpan23" value="cf12"/>
		<feat xlink:href="#sSpan24" value="cf19"/>
		<feat xlink:href="#sSpan25" value="cf4"/>
		<feat xlink:href="#sSpan26" value="cf2"/>
		<feat xlink:href="#sSpan27" value="cf16"/>
		<feat xlink:href="#sSpan28" value="cf8"/>
		<feat xlink:href="#sSpan29" value="cf13"/>
		<feat xlink:href="#sSpan30" value="cf1"/>
		<feat xlink:href="#sSpan31" value="cf2"/>
		<feat xlink:href="#sSpan32" value="cf9"/>
		<feat xlink:href="#sSpan33" value="cf5"/>
		<feat xlink:href="#sSpan34" value="cf1"/>
		<feat xlink:href="#sSpan35" value="cf2"/>
		<feat xlink:href="#sSpan36" value="cf10"/>
		<feat xlink:href="#sSpan37" value="cf14"/>
		<feat xlink:href="#sSpan38" value="cf15"/>
		<feat xlink:href="#sSpan39" value="cf1"/>
		<feat xlink:href="#sSpan40" value="cf2"/>
		<feat xlink:href="#sSpan41" value="cf11"/>
		<feat xlink:href="#sSpan42" value="cf16"/>
		<feat xlink:href="#sSpan43" value="cf1"/>
		<feat xlink:href="#sSpan44" value="cf2"/>
		<feat xlink:href="#sSpan45" value="cf12"/>
		<feat xlink:href="#sSpan46" value="cf17"/>
		<feat xlink:href="#sSpan47" value="cf1"/>
		<feat xlink:href="#sSpan48" value="cf3"/>
		<feat xlink:href="#sSpan49" value="cf13"/>
		<feat xlink:href="#sSpan50" value="cf18"/>
		<feat xlink:href="#sSpan51" value="cf1"/>
		<feat xlink:href="#sSpan52" value="cf3"/>
		<feat xlink:href="#sSpan53" value="cf4"/>
		<feat xlink:href="#sSpan54" value="cf6"/>
		<feat xlink:href="#sSpan55" value="cf4"/>
		<feat xlink:href="#sSpan56" value="cf7"/>
		<feat xlink:href="#sSpan57" value="cf8"/>
		<feat xlink:href="#sSpan58" value="cf1"/>
		<feat xlink:href="#sSpan59" value="cf2"/>
		<feat xlink:href="#sSpan60" value="cf2"/>
		<feat xlink:href="#sSpan61" value="cf1"/>
		<feat xlink:href="#sSpan62" value="cf1"/>
		<feat xlink:href="#sSpan63" value="cf2"/>
		<feat xlink:href="#sSpan64" value="cf1"/>
		<feat xlink:href="#sSpan65" value="cf3"/>
		<feat xlink:href="#sSpan66" value="cf4"/>
		<feat xlink:href="#sSpan67" value="cf1"/>
		<feat xlink:href="#sSpan68" value="cf1"/>
		<feat xlink:href="#sSpan69" value="cf1"/>
		<feat xlink:href="#sSpan70" value="cf1"/>
		<feat xlink:href="#sSpan71" value="cf4"/>
		<feat xlink:href="#sSpan72" value="cf1*"/>
		<feat xlink:href="#sSpan73" value="cf2"/>
		<feat xlink:href="#sSpan74" value="cf3"/>
		<feat xlink:href="#sSpan75" value="cf2"/>
		<feat xlink:href="#sSpan76" value="cf1"/>
		<feat xlink:href="#sSpan77" value="cf1"/>
		<feat xlink:href="#sSpan78" value="cf2"/>
		<feat xlink:href="#sSpan79" value="cf1"/>
		<feat xlink:href="#sSpan80" value="cf1*"/>
		<feat xlink:href="#sSpan81" value="cf2"/>
		<feat xlink:href="#sSpan82" value="cf2"/>
		<feat xlink:href="#sSpan83" value="cf2"/>
		<feat xlink:href="#sSpan84" value="cf1"/>
		<feat xlink:href="#sSpan85" value="cf3"/>
		<feat xlink:href="#sSpan86" value="cf2"/>
		<feat xlink:href="#sSpan87" value="cf3"/>
		<feat xlink:href="#sSpan88" value="cf1"/>
		<feat xlink:href="#sSpan89" value="cf2"/>
		<feat xlink:href="#sSpan90" value="cf1"/>
		<feat xlink:href="#sSpan91" value="cf2"/>
		<feat xlink:href="#sSpan92" value="cf1"/>
		<feat xlink:href="#sSpan93" value="cf1"/>
		<feat xlink:href="#sSpan94" value="cf1"/>
		<feat xlink:href="#sSpan95" value="cf2"/>
		<feat xlink:href="#sSpan96" value="cf2"/>
		<feat xlink:href="#sSpan97" value="cf3"/>
		<feat xlink:href="#sSpan98" value="cf1"/>
		<feat xlink:href="#sSpan99" value="cf4"/>
		<feat xlink:href="#sSpan100" value="cf2"/>
		<feat xlink:href="#sSpan101" value="cf1"/>
		<feat xlink:href="#sSpan102" value="cf3"/>
		<feat xlink:href="#sSpan103" value="cf5"/>
		<feat xlink:href="#sSpan104" value="cf4"/>
		<feat xlink:href="#sSpan105" value="cf1"/>
		<feat xlink:href="#sSpan106" value="cf2"/>
		<feat xlink:href="#sSpan107" value="cf3"/>
		<feat xlink:href="#sSpan108" value="cf1"/>
		<feat xlink:href="#sSpan109" value="cf2"/>
		<feat xlink:href="#sSpan110" value="cf4"/>
		<feat xlink:href="#sSpan111" value="cf4"/>
		<feat xlink:href="#sSpan112" value="cf1"/>
		<feat xlink:href="#sSpan113" value="cf2"/>
		<feat xlink:href="#sSpan114" value="cf3"/>
		<feat xlink:href="#sSpan115" value="cf5"/>
		<feat xlink:href="#sSpan116" value="cf2"/>
		<feat xlink:href="#sSpan117" value="cf3"/>
		<feat xlink:href="#sSpan118" value="cf4"/>
		<feat xlink:href="#sSpan119" value="cf1"/>
		<feat xlink:href="#sSpan120" value="cf1"/>
		<feat xlink:href="#sSpan121" value="cf2"/>
		<feat xlink:href="#sSpan122" value="cf2"/>
		<feat xlink:href="#sSpan123" value="cf4"/>
		<feat xlink:href="#sSpan124" value="cf1"/>
		<feat xlink:href="#sSpan125" value="cf3"/>
		<feat xlink:href="#sSpan126" value="cf1"/>
		<feat xlink:href="#sSpan127" value="cf3"/>
		<feat xlink:href="#sSpan128" value="cf5"/>
		<feat xlink:href="#sSpan129" value="cf2"/>
		<feat xlink:href="#sSpan130" value="cf4"/>
		<feat xlink:href="#sSpan131" value="cf1"/>
		<feat xlink:href="#sSpan132" value="cf1"/>
		<feat xlink:href="#sSpan133" value="cf2"/>
		<feat xlink:href="#sSpan134" value="cf4"/>
		<feat xlink:href="#sSpan135" value="cf3"/>
		<feat xlink:href="#sSpan136" value="cf1"/>
		<feat xlink:href="#sSpan137" value="cf1"/>
		<feat xlink:href="#sSpan138" value="cf10"/>
		<feat xlink:href="#sSpan139" value="cf2"/>
		<feat xlink:href="#sSpan140" value="cf6"/>
		<feat xlink:href="#sSpan141" value="cf11"/>
		<feat xlink:href="#sSpan142" value="cf3"/>
		<feat xlink:href="#sSpan143" value="cf3"/>
		<feat xlink:href="#sSpan144" value="cf8"/>
		<feat xlink:href="#sSpan145" value="cf2"/>
		<feat xlink:href="#sSpan146" value="cf9"/>
		<feat xlink:href="#sSpan147" value="cf12"/>
		<feat xlink:href="#sSpan148" value="cf1"/>
		<feat xlink:href="#sSpan149" value="cf1"/>
		<feat xlink:href="#sSpan150" value="cf4"/>
		<feat xlink:href="#sSpan151" value="cf5"/>
		<feat xlink:href="#sSpan152" value="cf7"/>
		<feat xlink:href="#sSpan153" value="cf2"/>
		<feat xlink:href="#sSpan154" value="cf3"/>
		<feat xlink:href="#sSpan155" value="cf4"/>
		<feat xlink:href="#sSpan156" value="cf6"/>
		<feat xlink:href="#sSpan157" value="cf1"/>
		<feat xlink:href="#sSpan158" value="cf7"/>
		<feat xlink:href="#sSpan159" value="cf8"/>
		<feat xlink:href="#sSpan160" value="cf5"/>
		<feat xlink:href="#sSpan161" value="cf1"/>
		<feat xlink:href="#sSpan162" value="cf3"/>
		<feat xlink:href="#sSpan163" value="cf1"/>
		<feat xlink:href="#sSpan164" value="cf2"/>
		<feat xlink:href="#sSpan165" value="cf4"/>
		<feat xlink:href="#sSpan166" value="cf1"/>
		<feat xlink:href="#sSpan167" value="cf3"/>
		<feat xlink:href="#sSpan168" value="cf2"/>
		<feat xlink:href="#sSpan169" value="cf4"/>
		<feat xlink:href="#sSpan170" value="cf5"/>
		<feat xlink:href="#sSpan171" value="cf1"/>
		<feat xlink:href="#sSpan172" value="cf6"/>
		<feat xlink:href="#sSpan173" value="cf1"/>
		<feat xlink:href="#sSpan174" value="cf2"/>
		<feat xlink:href="#sSpan175" value="cf1"/>
		<feat xlink:href="#sSpan176" value="cf1"/>
		<feat xlink:href="#sSpan177" value="cf1"/>
		<feat xlink:href="#sSpan178" value="cf1"/>
		<feat xlink:href="#sSpan179" value="cf1"/>
		<feat xlink:href="#sSpan180" value="cf1"/>
		<feat xlink:href="#sSpan181" value="cf1"/>
		<feat xlink:href="#sSpan182" value="cf1*"/>
		<feat xlink:href="#sSpan183" value="cf2"/>
		<feat xlink:href="#sSpan184" value="cf2"/>
		<feat xlink:href="#sSpan185" value="cf3"/>
		<feat xlink:href="#sSpan186" value="cf3"/>
		<feat xlink:href="#sSpan187" value="cf4"/>
		<feat xlink:href="#sSpan188" value="cf4"/>
		<feat xlink:href="#sSpan189" value="cf1"/>
		<feat xlink:href="#sSpan190" value="cf1"/>
		<feat xlink:href="#sSpan191" value="cf2"/>
		<feat xlink:href="#sSpan192" value="cf1"/>
		<feat xlink:href="#sSpan193" value="cf1"/>
		<feat xlink:href="#sSpan194" value="cf2"/>
		<feat xlink:href="#sSpan195" value="cf1"/>
		<feat xlink:href="#sSpan196" value="cf3"/>
		<feat xlink:href="#sSpan197" value="cf2"/>
		<feat xlink:href="#sSpan198" value="cf1"/>
		<feat xlink:href="#sSpan199" value="cf4"/>
		<feat xlink:href="#sSpan200" value="cf1"/>
		<feat xlink:href="#sSpan201" value="cf2"/>
		<feat xlink:href="#sSpan202" value="cf1"/>
		<feat xlink:href="#sSpan203" value="cf2"/>
		<feat xlink:href="#sSpan204" value="cf1"/>
		<feat xlink:href="#sSpan205" value="cf3"/>
		<feat xlink:href="#sSpan206" value="cf1"/>
		<feat xlink:href="#sSpan207" value="cf3"/>
		<feat xlink:href="#sSpan208" value="cf4"/>
		<feat xlink:href="#sSpan209" value="cf2"/>
		<feat xlink:href="#sSpan210" value="cf1"/>
		<feat xlink:href="#sSpan211" value="cf2"/>
		<feat xlink:href="#sSpan212" value="cf1"/>
		<feat xlink:href="#sSpan213" value="cf1"/>
		<feat xlink:href="#sSpan214" value="cf1"/>
		<feat xlink:href="#sSpan215" value="cf2"/>
		<feat xlink:href="#sSpan216" value="cf3"/>
		<feat xlink:href="#sSpan217" value="cf1"/>
		<feat xlink:href="#sSpan218" value="cf2"/>
		<feat xlink:href="#sSpan219" value="cf4"/>
		<feat xlink:href="#sSpan220" value="cf3"/>
		<feat xlink:href="#sSpan221" value="cf1"/>
		<feat xlink:href="#sSpan222" value="cf5"/>
		<feat xlink:href="#sSpan223" value="cf1"/>
		<feat xlink:href="#sSpan224" value="cf2"/>
		<feat xlink:href="#sSpan225" value="cf1"/>
		<feat xlink:href="#sSpan226" value="cf1"/>
		<feat xlink:href="#sSpan227" value="cf2"/>
		<feat xlink:href="#sSpan228" value="cf1"/>
		<feat xlink:href="#sSpan229" value="cf3"/>
		<feat xlink:href="#sSpan230" value="cf1"/>
		<feat xlink:href="#sSpan231" value="cf4"/>
		<feat xlink:href="#sSpan232" value="cf1"/>
		<feat xlink:href="#sSpan233" value="cf2"/>
		<feat xlink:href="#sSpan234" value="cf3"/>
		<feat xlink:href="#sSpan235" value="cf4"/>
		<feat xlink:href="#sSpan236" value="cf2"/>
		<feat xlink:href="#sSpan237" value="cf1"/>
		<feat xlink:href="#sSpan238" value="cf1"/>
		<feat xlink:href="#sSpan239" value="cf1"/>
		<feat xlink:href="#sSpan240" value="cf1"/>
		<feat xlink:href="#sSpan241" value="cf1"/>
		<feat xlink:href="#sSpan242" value="cf1*"/>
		<feat xlink:href="#sSpan243" value="cf2"/>
		<feat xlink:href="#sSpan244" value="cf3"/>
		<feat xlink:href="#sSpan245" value="cf1"/>
		<feat xlink:href="#sSpan246" value="cf1"/></featList></paula>