<?xml version='1.0' encoding='UTF-8'?><!DOCTYPE paula SYSTEM "paula_rel.dtd">
<paula version="1.1">
	<header paula_id="ref.GENTLE_dictionary_trust.coref"/>
	<relList xmlns:xlink="http://www.w3.org/1999/xlink" type="coref">
		<rel id="sPointingRel890" xlink:href="ref.GENTLE_dictionary_trust.mark.xml#sSpan19" target="ref.GENTLE_dictionary_trust.mark.xml#sSpan3"/>
		<rel id="sPointingRel891" xlink:href="ref.GENTLE_dictionary_trust.mark.xml#sSpan64" target="ref.GENTLE_dictionary_trust.mark.xml#sSpan6"/>
		<rel id="sPointingRel892" xlink:href="ref.GENTLE_dictionary_trust.mark.xml#sSpan13" target="ref.GENTLE_dictionary_trust.mark.xml#sSpan7"/>
		<rel id="sPointingRel893" xlink:href="ref.GENTLE_dictionary_trust.mark.xml#sSpan14" target="ref.GENTLE_dictionary_trust.mark.xml#sSpan9"/>
		<rel id="sPointingRel895" xlink:href="ref.GENTLE_dictionary_trust.mark.xml#sSpan25" target="ref.GENTLE_dictionary_trust.mark.xml#sSpan16"/>
		<rel id="sPointingRel896" xlink:href="ref.GENTLE_dictionary_trust.mark.xml#sSpan26" target="ref.GENTLE_dictionary_trust.mark.xml#sSpan18"/>
		<rel id="sPointingRel897" xlink:href="ref.GENTLE_dictionary_trust.mark.xml#sSpan39" target="ref.GENTLE_dictionary_trust.mark.xml#sSpan34"/>
		<rel id="sPointingRel898" xlink:href="ref.GENTLE_dictionary_trust.mark.xml#sSpan40" target="ref.GENTLE_dictionary_trust.mark.xml#sSpan35"/>
		<rel id="sPointingRel899" xlink:href="ref.GENTLE_dictionary_trust.mark.xml#sSpan43" target="ref.GENTLE_dictionary_trust.mark.xml#sSpan39"/>
		<rel id="sPointingRel900" xlink:href="ref.GENTLE_dictionary_trust.mark.xml#sSpan44" target="ref.GENTLE_dictionary_trust.mark.xml#sSpan40"/>
		<rel id="sPointingRel901" xlink:href="ref.GENTLE_dictionary_trust.mark.xml#sSpan47" target="ref.GENTLE_dictionary_trust.mark.xml#sSpan43"/>
		<rel id="sPointingRel902" xlink:href="ref.GENTLE_dictionary_trust.mark.xml#sSpan51" target="ref.GENTLE_dictionary_trust.mark.xml#sSpan47"/>
		<rel id="sPointingRel903" xlink:href="ref.GENTLE_dictionary_trust.mark.xml#sSpan52" target="ref.GENTLE_dictionary_trust.mark.xml#sSpan48"/>
		<rel id="sPointingRel904" xlink:href="ref.GENTLE_dictionary_trust.mark.xml#sSpan55" target="ref.GENTLE_dictionary_trust.mark.xml#sSpan53"/>
		<rel id="sPointingRel905" xlink:href="ref.GENTLE_dictionary_trust.mark.xml#sSpan67" target="ref.GENTLE_dictionary_trust.mark.xml#sSpan64"/>
		<rel id="sPointingRel906" xlink:href="ref.GENTLE_dictionary_trust.mark.xml#sSpan72" target="ref.GENTLE_dictionary_trust.mark.xml#sSpan65"/>
		<rel id="sPointingRel907" xlink:href="ref.GENTLE_dictionary_trust.mark.xml#sSpan73" target="ref.GENTLE_dictionary_trust.mark.xml#sSpan66"/>
		<rel id="sPointingRel908" xlink:href="ref.GENTLE_dictionary_trust.mark.xml#sSpan68" target="ref.GENTLE_dictionary_trust.mark.xml#sSpan67"/>
		<rel id="sPointingRel909" xlink:href="ref.GENTLE_dictionary_trust.mark.xml#sSpan69" target="ref.GENTLE_dictionary_trust.mark.xml#sSpan68"/>
		<rel id="sPointingRel910" xlink:href="ref.GENTLE_dictionary_trust.mark.xml#sSpan70" target="ref.GENTLE_dictionary_trust.mark.xml#sSpan69"/>
		<rel id="sPointingRel911" xlink:href="ref.GENTLE_dictionary_trust.mark.xml#sSpan74" target="ref.GENTLE_dictionary_trust.mark.xml#sSpan70"/>
		<rel id="sPointingRel912" xlink:href="ref.GENTLE_dictionary_trust.mark.xml#sSpan93" target="ref.GENTLE_dictionary_trust.mark.xml#sSpan74"/>
		<rel id="sPointingRel913" xlink:href="ref.GENTLE_dictionary_trust.mark.xml#sSpan80" target="ref.GENTLE_dictionary_trust.mark.xml#sSpan79"/>
		<rel id="sPointingRel915" xlink:href="ref.GENTLE_dictionary_trust.mark.xml#sSpan82" target="ref.GENTLE_dictionary_trust.mark.xml#sSpan81"/>
		<rel id="sPointingRel916" xlink:href="ref.GENTLE_dictionary_trust.mark.xml#sSpan90" target="ref.GENTLE_dictionary_trust.mark.xml#sSpan88"/>
		<rel id="sPointingRel917" xlink:href="ref.GENTLE_dictionary_trust.mark.xml#sSpan86" target="ref.GENTLE_dictionary_trust.mark.xml#sSpan89"/>
		<rel id="sPointingRel918" xlink:href="ref.GENTLE_dictionary_trust.mark.xml#sSpan224" target="ref.GENTLE_dictionary_trust.mark.xml#sSpan93"/>
		<rel id="sPointingRel919" xlink:href="ref.GENTLE_dictionary_trust.mark.xml#sSpan210" target="ref.GENTLE_dictionary_trust.mark.xml#sSpan97"/>
		<rel id="sPointingRel920" xlink:href="ref.GENTLE_dictionary_trust.mark.xml#sSpan119" target="ref.GENTLE_dictionary_trust.mark.xml#sSpan99"/>
		<rel id="sPointingRel921" xlink:href="ref.GENTLE_dictionary_trust.mark.xml#sSpan215" target="ref.GENTLE_dictionary_trust.mark.xml#sSpan100"/>
		<rel id="sPointingRel922" xlink:href="ref.GENTLE_dictionary_trust.mark.xml#sSpan216" target="ref.GENTLE_dictionary_trust.mark.xml#sSpan101"/>
		<rel id="sPointingRel923" xlink:href="ref.GENTLE_dictionary_trust.mark.xml#sSpan213" target="ref.GENTLE_dictionary_trust.mark.xml#sSpan104"/>
		<rel id="sPointingRel924" xlink:href="ref.GENTLE_dictionary_trust.mark.xml#sSpan108" target="ref.GENTLE_dictionary_trust.mark.xml#sSpan105"/>
		<rel id="sPointingRel926" xlink:href="ref.GENTLE_dictionary_trust.mark.xml#sSpan109" target="ref.GENTLE_dictionary_trust.mark.xml#sSpan106"/>
		<rel id="sPointingRel927" xlink:href="ref.GENTLE_dictionary_trust.mark.xml#sSpan171" target="ref.GENTLE_dictionary_trust.mark.xml#sSpan116"/>
		<rel id="sPointingRel928" xlink:href="ref.GENTLE_dictionary_trust.mark.xml#sSpan173" target="ref.GENTLE_dictionary_trust.mark.xml#sSpan119"/>
		<rel id="sPointingRel929" xlink:href="ref.GENTLE_dictionary_trust.mark.xml#sSpan137" target="ref.GENTLE_dictionary_trust.mark.xml#sSpan126"/>
		<rel id="sPointingRel931" xlink:href="ref.GENTLE_dictionary_trust.mark.xml#sSpan136" target="ref.GENTLE_dictionary_trust.mark.xml#sSpan132"/>
		<rel id="sPointingRel932" xlink:href="ref.GENTLE_dictionary_trust.mark.xml#sSpan245" target="ref.GENTLE_dictionary_trust.mark.xml#sSpan137"/>
		<rel id="sPointingRel933" xlink:href="ref.GENTLE_dictionary_trust.mark.xml#sSpan145" target="ref.GENTLE_dictionary_trust.mark.xml#sSpan139"/>
		<rel id="sPointingRel934" xlink:href="ref.GENTLE_dictionary_trust.mark.xml#sSpan143" target="ref.GENTLE_dictionary_trust.mark.xml#sSpan142"/>
		<rel id="sPointingRel935" xlink:href="ref.GENTLE_dictionary_trust.mark.xml#sSpan149" target="ref.GENTLE_dictionary_trust.mark.xml#sSpan148"/>
		<rel id="sPointingRel936" xlink:href="ref.GENTLE_dictionary_trust.mark.xml#sSpan189" target="ref.GENTLE_dictionary_trust.mark.xml#sSpan171"/>
		<rel id="sPointingRel937" xlink:href="ref.GENTLE_dictionary_trust.mark.xml#sSpan193" target="ref.GENTLE_dictionary_trust.mark.xml#sSpan172"/>
		<rel id="sPointingRel938" xlink:href="ref.GENTLE_dictionary_trust.mark.xml#sSpan175" target="ref.GENTLE_dictionary_trust.mark.xml#sSpan173"/>
		<rel id="sPointingRel939" xlink:href="ref.GENTLE_dictionary_trust.mark.xml#sSpan182" target="ref.GENTLE_dictionary_trust.mark.xml#sSpan181"/>
		<rel id="sPointingRel941" xlink:href="ref.GENTLE_dictionary_trust.mark.xml#sSpan184" target="ref.GENTLE_dictionary_trust.mark.xml#sSpan183"/>
		<rel id="sPointingRel942" xlink:href="ref.GENTLE_dictionary_trust.mark.xml#sSpan186" target="ref.GENTLE_dictionary_trust.mark.xml#sSpan185"/>
		<rel id="sPointingRel943" xlink:href="ref.GENTLE_dictionary_trust.mark.xml#sSpan188" target="ref.GENTLE_dictionary_trust.mark.xml#sSpan187"/>
		<rel id="sPointingRel944" xlink:href="ref.GENTLE_dictionary_trust.mark.xml#sSpan233" target="ref.GENTLE_dictionary_trust.mark.xml#sSpan189"/>
		<rel id="sPointingRel945" xlink:href="ref.GENTLE_dictionary_trust.mark.xml#sSpan192" target="ref.GENTLE_dictionary_trust.mark.xml#sSpan190"/>
		<rel id="sPointingRel946" xlink:href="ref.GENTLE_dictionary_trust.mark.xml#sSpan198" target="ref.GENTLE_dictionary_trust.mark.xml#sSpan195"/>
		<rel id="sPointingRel947" xlink:href="ref.GENTLE_dictionary_trust.mark.xml#sSpan206" target="ref.GENTLE_dictionary_trust.mark.xml#sSpan204"/>
		<rel id="sPointingRel948" xlink:href="ref.GENTLE_dictionary_trust.mark.xml#sSpan223" target="ref.GENTLE_dictionary_trust.mark.xml#sSpan210"/>
		<rel id="sPointingRel949" xlink:href="ref.GENTLE_dictionary_trust.mark.xml#sSpan214" target="ref.GENTLE_dictionary_trust.mark.xml#sSpan213"/>
		<rel id="sPointingRel950" xlink:href="ref.GENTLE_dictionary_trust.mark.xml#sSpan237" target="ref.GENTLE_dictionary_trust.mark.xml#sSpan214"/>
		<rel id="sPointingRel951" xlink:href="ref.GENTLE_dictionary_trust.mark.xml#sSpan236" target="ref.GENTLE_dictionary_trust.mark.xml#sSpan216"/>
		<rel id="sPointingRel952" xlink:href="ref.GENTLE_dictionary_trust.mark.xml#sSpan221" target="ref.GENTLE_dictionary_trust.mark.xml#sSpan217"/>
		<rel id="sPointingRel953" xlink:href="ref.GENTLE_dictionary_trust.mark.xml#sSpan225" target="ref.GENTLE_dictionary_trust.mark.xml#sSpan223"/>
		<rel id="sPointingRel954" xlink:href="ref.GENTLE_dictionary_trust.mark.xml#sSpan232" target="ref.GENTLE_dictionary_trust.mark.xml#sSpan224"/>
		<rel id="sPointingRel955" xlink:href="ref.GENTLE_dictionary_trust.mark.xml#sSpan228" target="ref.GENTLE_dictionary_trust.mark.xml#sSpan230"/>
		<rel id="sPointingRel956" xlink:href="ref.GENTLE_dictionary_trust.mark.xml#sSpan242" target="ref.GENTLE_dictionary_trust.mark.xml#sSpan241"/></relList></paula>