<?xml version='1.0' encoding='UTF-8'?><!DOCTYPE paula SYSTEM "paula_mark.dtd">
<paula version="1.1">
	<header paula_id="ref.GENTLE_dictionary_trust.mark"/>
	<markList xmlns:xlink="http://www.w3.org/1999/xlink" type="ref" xml:base="GENTLE_dictionary_trust.tok.xml">
		<!--trust-->
		<mark id="sSpan171" xlink:href="#sTok1"/>
		<!--English-->
		<mark id="sSpan172" xlink:href="#sTok2"/>
		<!--Etymology-->
		<mark id="sSpan173" xlink:href="#sTok3"/>
		<!--Middle English trust-->
		<mark id="sSpan174" xlink:href="#sTok5 #sTok6 #sTok7"/>
		<!--Middle English-->
		<mark id="sSpan175" xlink:href="#sTok5 #sTok6"/>
		<!--trust-->
		<mark id="sSpan176" xlink:href="#sTok10"/>
		<!--protection-->
		<mark id="sSpan177" xlink:href="#sTok12"/>
		<!--a borrowing from Old Norse traust ( “ confidence , help , protection ” ) , itself from Proto - Germanic *traustą-->
		<mark id="sSpan178" xlink:href="#sTok18 #sTok19 #sTok20 #sTok21 #sTok22 #sTok23 #sTok24 #sTok25 #sTok26 #sTok27 #sTok28 #sTok29 #sTok30 #sTok31 #sTok32 #sTok33 #sTok34 #sTok35 #sTok36 #sTok37 #sTok38 #sTok39"/>
		<!--Old Norse traust-->
		<mark id="sSpan179" xlink:href="#sTok21 #sTok22 #sTok23"/>
		<!--Old Norse-->
		<mark id="sSpan180" xlink:href="#sTok21 #sTok22"/>
		<!--confidence-->
		<mark id="sSpan181" xlink:href="#sTok26"/>
		<!--help-->
		<mark id="sSpan182" xlink:href="#sTok28"/>
		<!--protection-->
		<mark id="sSpan183" xlink:href="#sTok30"/>
		<!--itself-->
		<mark id="sSpan184" xlink:href="#sTok34"/>
		<!--Proto - Germanic *traustą-->
		<mark id="sSpan185" xlink:href="#sTok36 #sTok37 #sTok38 #sTok39"/>
		<!--Proto - Germanic-->
		<mark id="sSpan186" xlink:href="#sTok36 #sTok37 #sTok38"/>
		<!--the root vocalism-->
		<mark id="sSpan187" xlink:href="#sTok42 #sTok43 #sTok44"/>
		<!--root-->
		<mark id="sSpan188" xlink:href="#sTok43"/>
		<!--it-->
		<mark id="sSpan189" xlink:href="#sTok50"/>
		<!--a reflex of an unattested Old English *trust-->
		<mark id="sSpan190" xlink:href="#sTok53 #sTok54 #sTok55 #sTok56 #sTok57 #sTok58 #sTok59 #sTok60"/>
		<!--an unattested Old English *trust-->
		<mark id="sSpan191" xlink:href="#sTok56 #sTok57 #sTok58 #sTok59 #sTok60"/>
		<!--Old English-->
		<mark id="sSpan192" xlink:href="#sTok58 #sTok59"/>
		<!--a rare zero - grade proto - Germanic variant of the same root also attested in Middle High German getrüste-->
		<mark id="sSpan193" xlink:href="#sTok63 #sTok64 #sTok65 #sTok66 #sTok67 #sTok68 #sTok69 #sTok70 #sTok71 #sTok72 #sTok73 #sTok74 #sTok75 #sTok76 #sTok77 #sTok78 #sTok79 #sTok80 #sTok81 #sTok82"/>
		<!--zero - grade-->
		<mark id="sSpan194" xlink:href="#sTok65 #sTok66 #sTok67"/>
		<!--proto - Germanic-->
		<mark id="sSpan195" xlink:href="#sTok68 #sTok69 #sTok70"/>
		<!--the same root-->
		<mark id="sSpan196" xlink:href="#sTok73 #sTok74 #sTok75"/>
		<!--Middle High German getrüste-->
		<mark id="sSpan197" xlink:href="#sTok79 #sTok80 #sTok81 #sTok82"/>
		<!--Middle High German-->
		<mark id="sSpan198" xlink:href="#sTok79 #sTok80 #sTok81"/>
		<!--“ host ”-->
		<mark id="sSpan199" xlink:href="#sTok84 #sTok85 #sTok86"/>
		<!--Proto - Indo - European *deru- -->
		<mark id="sSpan200" xlink:href="#sTok91 #sTok92 #sTok93 #sTok94 #sTok95 #sTok96"/>
		<!--Proto - Indo - European-->
		<mark id="sSpan201" xlink:href="#sTok91 #sTok92 #sTok93 #sTok94 #sTok95"/>
		<!--Danish trøst-->
		<mark id="sSpan202" xlink:href="#sTok109 #sTok110"/>
		<!--Danish-->
		<mark id="sSpan203" xlink:href="#sTok109"/>
		<!--comfort-->
		<mark id="sSpan204" xlink:href="#sTok113"/>
		<!--solace-->
		<mark id="sSpan205" xlink:href="#sTok115"/>
		<!--Saterland Frisian Traast-->
		<mark id="sSpan206" xlink:href="#sTok119 #sTok120 #sTok121"/>
		<!--Saterland Frisian-->
		<mark id="sSpan207" xlink:href="#sTok119 #sTok120"/>
		<!--Saterland-->
		<mark id="sSpan208" xlink:href="#sTok119"/>
		<!--comfort-->
		<mark id="sSpan209" xlink:href="#sTok124"/>
		<!--solace-->
		<mark id="sSpan210" xlink:href="#sTok126"/>
		<!--West Frisian treast-->
		<mark id="sSpan211" xlink:href="#sTok130 #sTok131 #sTok132"/>
		<!--West Frisian-->
		<mark id="sSpan212" xlink:href="#sTok130 #sTok131"/>
		<!--comfort-->
		<mark id="sSpan213" xlink:href="#sTok135"/>
		<!--solace-->
		<mark id="sSpan214" xlink:href="#sTok137"/>
		<!--Dutch troost-->
		<mark id="sSpan215" xlink:href="#sTok141 #sTok142"/>
		<!--Dutch-->
		<mark id="sSpan216" xlink:href="#sTok141"/>
		<!--comfort-->
		<mark id="sSpan217" xlink:href="#sTok145"/>
		<!--consolation-->
		<mark id="sSpan218" xlink:href="#sTok147"/>
		<!--German Trost-->
		<mark id="sSpan219" xlink:href="#sTok151 #sTok152"/>
		<!--German-->
		<mark id="sSpan220" xlink:href="#sTok151"/>
		<!--comfort-->
		<mark id="sSpan221" xlink:href="#sTok155"/>
		<!--consolation-->
		<mark id="sSpan222" xlink:href="#sTok157"/>
		<!--Gothic trausti-->
		<mark id="sSpan223" xlink:href="#sTok161 #sTok162"/>
		<!--Gothic-->
		<mark id="sSpan224" xlink:href="#sTok161"/>
		<!--trausti-->
		<mark id="sSpan225" xlink:href="#sTok164"/>
		<!--alliance-->
		<mark id="sSpan226" xlink:href="#sTok167"/>
		<!--pact-->
		<mark id="sSpan227" xlink:href="#sTok169"/>
		<!--Doublet of tryst-->
		<mark id="sSpan228" xlink:href="#sTok173 #sTok174 #sTok175"/>
		<!--tryst-->
		<mark id="sSpan229" xlink:href="#sTok175"/>
		<!--true-->
		<mark id="sSpan230" xlink:href="#sTok179"/>
		<!--tree-->
		<mark id="sSpan231" xlink:href="#sTok181"/>
		<!--Pronunciation-->
		<mark id="sSpan232" xlink:href="#sTok183"/>
		<!--enPR-->
		<mark id="sSpan233" xlink:href="#sTok184"/>
		<!--trŭst-->
		<mark id="sSpan234" xlink:href="#sTok186"/>
		<!--IPA-->
		<mark id="sSpan235" xlink:href="#sTok188"/>
		<!--key-->
		<mark id="sSpan236" xlink:href="#sTok190"/>
		<!--/trʌst/-->
		<mark id="sSpan237" xlink:href="#sTok193"/>
		<!--[tɹʌst]-->
		<mark id="sSpan238" xlink:href="#sTok195"/>
		<!--[tɹɐst]-->
		<mark id="sSpan239" xlink:href="#sTok197"/>
		<!--[t͡ʃɹ-]-->
		<mark id="sSpan240" xlink:href="#sTok199"/>
		<!--Northern England-->
		<mark id="sSpan241" xlink:href="#sTok201 #sTok202"/>
		<!--IPA-->
		<mark id="sSpan242" xlink:href="#sTok204"/>
		<!--key-->
		<mark id="sSpan243" xlink:href="#sTok206"/>
		<!--/trʊst/-->
		<mark id="sSpan244" xlink:href="#sTok209"/>
		<!--Audio-->
		<mark id="sSpan245" xlink:href="#sTok210"/>
		<!--GA-->
		<mark id="sSpan246" xlink:href="#sTok212"/>
		<!--Rhymes-->
		<mark id="sSpan247" xlink:href="#sTok214"/>
		<!---ʌst-->
		<mark id="sSpan248" xlink:href="#sTok216"/>
		<!--Noun-->
		<mark id="sSpan249" xlink:href="#sTok217"/>
		<!--trust-->
		<mark id="sSpan250" xlink:href="#sTok218"/>
		<!--plural-->
		<mark id="sSpan251" xlink:href="#sTok224"/>
		<!--trusts-->
		<mark id="sSpan252" xlink:href="#sTok225"/>
		<!--Confidence in or reliance on some person or quality-->
		<mark id="sSpan253" xlink:href="#sTok227 #sTok228 #sTok229 #sTok230 #sTok231 #sTok232 #sTok233 #sTok234 #sTok235"/>
		<!--some person-->
		<mark id="sSpan254" xlink:href="#sTok232 #sTok233"/>
		<!--quality-->
		<mark id="sSpan255" xlink:href="#sTok235"/>
		<!--He-->
		<mark id="sSpan256" xlink:href="#sTok237"/>
		<!--her trust-->
		<mark id="sSpan257" xlink:href="#sTok241 #sTok242"/>
		<!--her-->
		<mark id="sSpan258" xlink:href="#sTok241"/>
		<!--he-->
		<mark id="sSpan259" xlink:href="#sTok244"/>
		<!--her-->
		<mark id="sSpan260" xlink:href="#sTok250"/>
		<!--trust in someone-->
		<mark id="sSpan261" xlink:href="#sTok255 #sTok256 #sTok257"/>
		<!--someone-->
		<mark id="sSpan262" xlink:href="#sTok257"/>
		<!--trust-->
		<mark id="sSpan263" xlink:href="#sTok260"/>
		<!--a relationship built on mutual trust-->
		<mark id="sSpan264" xlink:href="#sTok261 #sTok262 #sTok263 #sTok264 #sTok265 #sTok266"/>
		<!--mutual trust-->
		<mark id="sSpan265" xlink:href="#sTok265 #sTok266"/>
		<!--Dependence upon something in the future-->
		<mark id="sSpan266" xlink:href="#sTok267 #sTok268 #sTok269 #sTok270 #sTok271 #sTok272"/>
		<!--something-->
		<mark id="sSpan267" xlink:href="#sTok269"/>
		<!--the future-->
		<mark id="sSpan268" xlink:href="#sTok271 #sTok272"/>
		<!--hope-->
		<mark id="sSpan269" xlink:href="#sTok274"/>
		<!--Confidence in the future payment for goods or services supplied ; credit-->
		<mark id="sSpan270" xlink:href="#sTok276 #sTok277 #sTok278 #sTok279 #sTok280 #sTok281 #sTok282 #sTok283 #sTok284 #sTok285 #sTok286 #sTok287"/>
		<!--the future payment for goods or services supplied-->
		<mark id="sSpan271" xlink:href="#sTok278 #sTok279 #sTok280 #sTok281 #sTok282 #sTok283 #sTok284 #sTok285"/>
		<!--goods-->
		<mark id="sSpan272" xlink:href="#sTok282"/>
		<!--services supplied-->
		<mark id="sSpan273" xlink:href="#sTok284 #sTok285"/>
		<!--credit-->
		<mark id="sSpan274" xlink:href="#sTok287"/>
		<!--I-->
		<mark id="sSpan275" xlink:href="#sTok289"/>
		<!--cash-->
		<mark id="sSpan276" xlink:href="#sTok293"/>
		<!--the landlady-->
		<mark id="sSpan277" xlink:href="#sTok296 #sTok297"/>
		<!--me-->
		<mark id="sSpan278" xlink:href="#sTok299"/>
		<!--it-->
		<mark id="sSpan279" xlink:href="#sTok301"/>
		<!--trust-->
		<mark id="sSpan280" xlink:href="#sTok303"/>
		<!--That which is committed or entrusted-->
		<mark id="sSpan281" xlink:href="#sTok305 #sTok306 #sTok307 #sTok308 #sTok309 #sTok310"/>
		<!--something received in confidence-->
		<mark id="sSpan282" xlink:href="#sTok312 #sTok313 #sTok314 #sTok315"/>
		<!--confidence-->
		<mark id="sSpan283" xlink:href="#sTok315"/>
		<!--a charge-->
		<mark id="sSpan284" xlink:href="#sTok317 #sTok318"/>
		<!--That upon which confidence is reposed-->
		<mark id="sSpan285" xlink:href="#sTok320 #sTok321 #sTok322 #sTok323 #sTok324 #sTok325"/>
		<!--confidence-->
		<mark id="sSpan286" xlink:href="#sTok323"/>
		<!--ground of reliance-->
		<mark id="sSpan287" xlink:href="#sTok327 #sTok328 #sTok329"/>
		<!--reliance-->
		<mark id="sSpan288" xlink:href="#sTok329"/>
		<!--hope-->
		<mark id="sSpan289" xlink:href="#sTok331"/>
		<!--Trustworthiness-->
		<mark id="sSpan290" xlink:href="#sTok336"/>
		<!--reliability-->
		<mark id="sSpan291" xlink:href="#sTok338"/>
		<!--The condition or obligation of one to whom anything is confided-->
		<mark id="sSpan292" xlink:href="#sTok340 #sTok341 #sTok342 #sTok343 #sTok344 #sTok345 #sTok346 #sTok347 #sTok348 #sTok349 #sTok350"/>
		<!--one to whom anything is confided-->
		<mark id="sSpan293" xlink:href="#sTok345 #sTok346 #sTok347 #sTok348 #sTok349 #sTok350"/>
		<!--anything-->
		<mark id="sSpan294" xlink:href="#sTok348"/>
		<!--responsible charge or office-->
		<mark id="sSpan295" xlink:href="#sTok352 #sTok353 #sTok354 #sTok355"/>
		<!--law-->
		<mark id="sSpan296" xlink:href="#sTok358"/>
		<!--The confidence vested in a person who has legal ownership of a property to manage for the benefit of another-->
		<mark id="sSpan297" xlink:href="#sTok360 #sTok361 #sTok362 #sTok363 #sTok364 #sTok365 #sTok366 #sTok367 #sTok368 #sTok369 #sTok370 #sTok371 #sTok372 #sTok373 #sTok374 #sTok375 #sTok376 #sTok377 #sTok378 #sTok379"/>
		<!--a person who has legal ownership of a property to manage for the benefit of another-->
		<mark id="sSpan298" xlink:href="#sTok364 #sTok365 #sTok366 #sTok367 #sTok368 #sTok369 #sTok370 #sTok371 #sTok372 #sTok373 #sTok374 #sTok375 #sTok376 #sTok377 #sTok378 #sTok379"/>
		<!--legal ownership of a property to manage for the benefit of another-->
		<mark id="sSpan299" xlink:href="#sTok368 #sTok369 #sTok370 #sTok371 #sTok372 #sTok373 #sTok374 #sTok375 #sTok376 #sTok377 #sTok378 #sTok379"/>
		<!--the benefit of another-->
		<mark id="sSpan300" xlink:href="#sTok376 #sTok377 #sTok378 #sTok379"/>
		<!--another-->
		<mark id="sSpan301" xlink:href="#sTok379"/>
		<!--I-->
		<mark id="sSpan302" xlink:href="#sTok381"/>
		<!--the house-->
		<mark id="sSpan303" xlink:href="#sTok383 #sTok384"/>
		<!--my sister 's trust-->
		<mark id="sSpan304" xlink:href="#sTok386 #sTok387 #sTok388 #sTok389"/>
		<!--my sister 's-->
		<mark id="sSpan305" xlink:href="#sTok386 #sTok387 #sTok388"/>
		<!--my-->
		<mark id="sSpan306" xlink:href="#sTok386"/>
		<!--law-->
		<mark id="sSpan307" xlink:href="#sTok392"/>
		<!--An arrangement whereby property or money is given to be held by a third party ( a trustee ) , on the basis that it will be managed for the benefit of , or eventually transferred to , a stated beneficiary-->
		<mark id="sSpan308" xlink:href="#sTok394 #sTok395 #sTok396 #sTok397 #sTok398 #sTok399 #sTok400 #sTok401 #sTok402 #sTok403 #sTok404 #sTok405 #sTok406 #sTok407 #sTok408 #sTok409 #sTok410 #sTok411 #sTok412 #sTok413 #sTok414 #sTok415 #sTok416 #sTok417 #sTok418 #sTok419 #sTok420 #sTok421 #sTok422 #sTok423 #sTok424 #sTok425 #sTok426 #sTok427 #sTok428 #sTok429 #sTok430 #sTok431 #sTok432 #sTok433 #sTok434"/>
		<!--property or money-->
		<mark id="sSpan309" xlink:href="#sTok397 #sTok398 #sTok399"/>
		<!--property-->
		<mark id="sSpan310" xlink:href="#sTok397"/>
		<!--money-->
		<mark id="sSpan311" xlink:href="#sTok399"/>
		<!--a third party-->
		<mark id="sSpan312" xlink:href="#sTok406 #sTok407 #sTok408"/>
		<!--a trustee-->
		<mark id="sSpan313" xlink:href="#sTok410 #sTok411"/>
		<!--the basis that it will be managed for the benefit of , or eventually transferred to , a stated beneficiary-->
		<mark id="sSpan314" xlink:href="#sTok415 #sTok416 #sTok417 #sTok418 #sTok419 #sTok420 #sTok421 #sTok422 #sTok423 #sTok424 #sTok425 #sTok426 #sTok427 #sTok428 #sTok429 #sTok430 #sTok431 #sTok432 #sTok433 #sTok434"/>
		<!--it-->
		<mark id="sSpan315" xlink:href="#sTok418"/>
		<!--a stated beneficiary-->
		<mark id="sSpan316" xlink:href="#sTok432 #sTok433 #sTok434"/>
		<!--money to be given to a child-->
		<mark id="sSpan317" xlink:href="#sTok439 #sTok440 #sTok441 #sTok442 #sTok443 #sTok444 #sTok445"/>
		<!--a child-->
		<mark id="sSpan318" xlink:href="#sTok444 #sTok445"/>
		<!--he or she-->
		<mark id="sSpan319" xlink:href="#sTok447 #sTok448 #sTok449"/>
		<!--he-->
		<mark id="sSpan320" xlink:href="#sTok447"/>
		<!--she-->
		<mark id="sSpan321" xlink:href="#sTok449"/>
		<!--adulthood-->
		<mark id="sSpan322" xlink:href="#sTok451"/>
		<!--A group of businessmen or traders organised for mutual benefit to produce and distribute specific commodities or services , and managed by a central body of trustees-->
		<mark id="sSpan323" xlink:href="#sTok453 #sTok454 #sTok455 #sTok456 #sTok457 #sTok458 #sTok459 #sTok460 #sTok461 #sTok462 #sTok463 #sTok464 #sTok465 #sTok466 #sTok467 #sTok468 #sTok469 #sTok470 #sTok471 #sTok472 #sTok473 #sTok474 #sTok475 #sTok476 #sTok477 #sTok478 #sTok479"/>
		<!--businessmen-->
		<mark id="sSpan324" xlink:href="#sTok456"/>
		<!--traders-->
		<mark id="sSpan325" xlink:href="#sTok458"/>
		<!--mutual benefit-->
		<mark id="sSpan326" xlink:href="#sTok461 #sTok462"/>
		<!--specific commodities-->
		<mark id="sSpan327" xlink:href="#sTok467 #sTok468"/>
		<!--services-->
		<mark id="sSpan328" xlink:href="#sTok470"/>
		<!--a central body of trustees-->
		<mark id="sSpan329" xlink:href="#sTok475 #sTok476 #sTok477 #sTok478 #sTok479"/>
		<!--trustees-->
		<mark id="sSpan330" xlink:href="#sTok479"/>
		<!--computing-->
		<mark id="sSpan331" xlink:href="#sTok482"/>
		<!--Affirmation of the access rights of a user of a computer system-->
		<mark id="sSpan332" xlink:href="#sTok484 #sTok485 #sTok486 #sTok487 #sTok488 #sTok489 #sTok490 #sTok491 #sTok492 #sTok493 #sTok494 #sTok495"/>
		<!--the access rights of a user of a computer system-->
		<mark id="sSpan333" xlink:href="#sTok486 #sTok487 #sTok488 #sTok489 #sTok490 #sTok491 #sTok492 #sTok493 #sTok494 #sTok495"/>
		<!--a user of a computer system-->
		<mark id="sSpan334" xlink:href="#sTok490 #sTok491 #sTok492 #sTok493 #sTok494 #sTok495"/>
		<!--a computer system-->
		<mark id="sSpan335" xlink:href="#sTok493 #sTok494 #sTok495"/>
		<!--Synonyms-->
		<mark id="sSpan336" xlink:href="#sTok497"/>
		<!--confidence in a person or quality-->
		<mark id="sSpan337" xlink:href="#sTok499 #sTok500 #sTok501 #sTok502 #sTok503 #sTok504"/>
		<!--a person-->
		<mark id="sSpan338" xlink:href="#sTok501 #sTok502"/>
		<!--quality-->
		<mark id="sSpan339" xlink:href="#sTok504"/>
		<!--belief-->
		<mark id="sSpan340" xlink:href="#sTok506"/>
		<!--confidence-->
		<mark id="sSpan341" xlink:href="#sTok508"/>
		<!--faith-->
		<mark id="sSpan342" xlink:href="#sTok510"/>
		<!--hope-->
		<mark id="sSpan343" xlink:href="#sTok512"/>
		<!--expectation-->
		<mark id="sSpan344" xlink:href="#sTok514"/>
		<!--hope-->
		<mark id="sSpan345" xlink:href="#sTok516"/>
		<!--Antonyms-->
		<mark id="sSpan346" xlink:href="#sTok517"/>
		<!--distrust-->
		<mark id="sSpan347" xlink:href="#sTok518"/>
		<!--mistrust-->
		<mark id="sSpan348" xlink:href="#sTok519"/>
		<!--untrust-->
		<mark id="sSpan349" xlink:href="#sTok520"/>
		<!--wantrust-->
		<mark id="sSpan350" xlink:href="#sTok521"/>
		<!--Verb-->
		<mark id="sSpan351" xlink:href="#sTok522"/>
		<!--trust-->
		<mark id="sSpan352" xlink:href="#sTok523"/>
		<!--third - person singular simple present-->
		<mark id="sSpan353" xlink:href="#sTok525 #sTok526 #sTok527 #sTok528 #sTok529 #sTok530"/>
		<!--trusts-->
		<mark id="sSpan354" xlink:href="#sTok531"/>
		<!--present participle-->
		<mark id="sSpan355" xlink:href="#sTok533 #sTok534"/>
		<!--trusting-->
		<mark id="sSpan356" xlink:href="#sTok535"/>
		<!--simple past and past participle-->
		<mark id="sSpan357" xlink:href="#sTok537 #sTok538 #sTok539 #sTok540 #sTok541"/>
		<!--trusted-->
		<mark id="sSpan358" xlink:href="#sTok542"/>
		<!--confidence-->
		<mark id="sSpan359" xlink:href="#sTok549"/>
		<!--We-->
		<mark id="sSpan360" xlink:href="#sTok560"/>
		<!--anyone who deceives us-->
		<mark id="sSpan361" xlink:href="#sTok564 #sTok565 #sTok566 #sTok567"/>
		<!--us-->
		<mark id="sSpan362" xlink:href="#sTok567"/>
		<!--faith-->
		<mark id="sSpan363" xlink:href="#sTok577"/>
		<!--continuing support or aid-->
		<mark id="sSpan364" xlink:href="#sTok584 #sTok585 #sTok586 #sTok587"/>
		<!--God We Trust-->
		<mark id="sSpan365" xlink:href="#sTok590 #sTok591 #sTok592"/>
		<!--God-->
		<mark id="sSpan366" xlink:href="#sTok590"/>
		<!--We-->
		<mark id="sSpan367" xlink:href="#sTok591"/>
		<!--official US motto-->
		<mark id="sSpan368" xlink:href="#sTok594 #sTok595 #sTok596"/>
		<!--US-->
		<mark id="sSpan369" xlink:href="#sTok595"/>
		<!--credence-->
		<mark id="sSpan370" xlink:href="#sTok603"/>
		<!--a phrase or infinitive clause as the object-->
		<mark id="sSpan371" xlink:href="#sTok624 #sTok625 #sTok626 #sTok627 #sTok628 #sTok629 #sTok630 #sTok631"/>
		<!--the object-->
		<mark id="sSpan372" xlink:href="#sTok630 #sTok631"/>
		<!--I-->
		<mark id="sSpan373" xlink:href="#sTok633"/>
		<!--you-->
		<mark id="sSpan374" xlink:href="#sTok635"/>
		<!--your room-->
		<mark id="sSpan375" xlink:href="#sTok638 #sTok639"/>
		<!--your-->
		<mark id="sSpan376" xlink:href="#sTok638"/>
		<!--confidence in a person-->
		<mark id="sSpan377" xlink:href="#sTok646 #sTok647 #sTok648 #sTok649"/>
		<!--a person-->
		<mark id="sSpan378" xlink:href="#sTok648 #sTok649"/>
		<!--them-->
		<mark id="sSpan379" xlink:href="#sTok652"/>
		<!--something-->
		<mark id="sSpan380" xlink:href="#sTok654"/>
		<!--one 's care-->
		<mark id="sSpan381" xlink:href="#sTok664 #sTok665 #sTok666"/>
		<!--one 's-->
		<mark id="sSpan382" xlink:href="#sTok664 #sTok665"/>
		<!--credit-->
		<mark id="sSpan383" xlink:href="#sTok676"/>
		<!--credit-->
		<mark id="sSpan384" xlink:href="#sTok683"/>
		<!--confidence of future payment-->
		<mark id="sSpan385" xlink:href="#sTok687 #sTok688 #sTok689 #sTok690"/>
		<!--future payment-->
		<mark id="sSpan386" xlink:href="#sTok689 #sTok690"/>
		<!--Merchants and manufacturers-->
		<mark id="sSpan387" xlink:href="#sTok692 #sTok693 #sTok694"/>
		<!--Merchants-->
		<mark id="sSpan388" xlink:href="#sTok692"/>
		<!--manufacturers-->
		<mark id="sSpan389" xlink:href="#sTok694"/>
		<!--their customers-->
		<mark id="sSpan390" xlink:href="#sTok696 #sTok697"/>
		<!--their-->
		<mark id="sSpan391" xlink:href="#sTok696"/>
		<!--goods-->
		<mark id="sSpan392" xlink:href="#sTok700"/>
		<!--something-->
		<mark id="sSpan393" xlink:href="#sTok711"/>
		<!--trust-->
		<mark id="sSpan394" xlink:href="#sTok717"/>
		<!--it-->
		<mark id="sSpan395" xlink:href="#sTok720"/>
		<!--luck-->
		<mark id="sSpan396" xlink:href="#sTok726"/>
		<!--the book-->
		<mark id="sSpan397" xlink:href="#sTok729 #sTok730"/>
		<!--he-->
		<mark id="sSpan398" xlink:href="#sTok732"/>
		<!--his memory-->
		<mark id="sSpan399" xlink:href="#sTok737 #sTok738"/>
		<!--his-->
		<mark id="sSpan400" xlink:href="#sTok737"/>
		<!--further details-->
		<mark id="sSpan401" xlink:href="#sTok740 #sTok741"/>
		<!--trust-->
		<mark id="sSpan402" xlink:href="#sTok759"/>
		<!--confidence-->
		<mark id="sSpan403" xlink:href="#sTok769"/>
		<!--anything-->
		<mark id="sSpan404" xlink:href="#sTok782"/>
		<!--a promise of payment-->
		<mark id="sSpan405" xlink:href="#sTok786 #sTok787 #sTok788 #sTok789"/>
		<!--payment-->
		<mark id="sSpan406" xlink:href="#sTok789"/>
		<!--credit-->
		<mark id="sSpan407" xlink:href="#sTok793"/>
		<!--Antonyms-->
		<mark id="sSpan408" xlink:href="#sTok795"/>
		<!--distrust-->
		<mark id="sSpan409" xlink:href="#sTok796"/>
		<!--mistrust-->
		<mark id="sSpan410" xlink:href="#sTok797"/>
		<!--Adjective-->
		<mark id="sSpan411" xlink:href="#sTok798"/>
		<!--trust-->
		<mark id="sSpan412" xlink:href="#sTok799"/>
		<!--comparative-->
		<mark id="sSpan413" xlink:href="#sTok801"/>
		<!--superlative-->
		<mark id="sSpan414" xlink:href="#sTok805"/>
		<!--law-->
		<mark id="sSpan415" xlink:href="#sTok824"/>
		<!--a trust-->
		<mark id="sSpan416" xlink:href="#sTok830 #sTok831"/></markList></paula>