<?xml version='1.0' encoding='UTF-8'?><!DOCTYPE paula SYSTEM "paula_rel.dtd">
<paula version="1.1">
	<header paula_id="ref.GENTLE_dictionary_trust.coref"/>
	<relList xmlns:xlink="http://www.w3.org/1999/xlink" type="coref">
		<rel id="sPointingRel1059" xlink:href="ref.GENTLE_dictionary_trust.mark.xml#sSpan189" target="ref.GENTLE_dictionary_trust.mark.xml#sSpan173"/>
		<rel id="sPointingRel1060" xlink:href="ref.GENTLE_dictionary_trust.mark.xml#sSpan234" target="ref.GENTLE_dictionary_trust.mark.xml#sSpan176"/>
		<rel id="sPointingRel1061" xlink:href="ref.GENTLE_dictionary_trust.mark.xml#sSpan183" target="ref.GENTLE_dictionary_trust.mark.xml#sSpan177"/>
		<rel id="sPointingRel1062" xlink:href="ref.GENTLE_dictionary_trust.mark.xml#sSpan184" target="ref.GENTLE_dictionary_trust.mark.xml#sSpan179"/>
		<rel id="sPointingRel1064" xlink:href="ref.GENTLE_dictionary_trust.mark.xml#sSpan195" target="ref.GENTLE_dictionary_trust.mark.xml#sSpan186"/>
		<rel id="sPointingRel1065" xlink:href="ref.GENTLE_dictionary_trust.mark.xml#sSpan196" target="ref.GENTLE_dictionary_trust.mark.xml#sSpan188"/>
		<rel id="sPointingRel1066" xlink:href="ref.GENTLE_dictionary_trust.mark.xml#sSpan209" target="ref.GENTLE_dictionary_trust.mark.xml#sSpan204"/>
		<rel id="sPointingRel1067" xlink:href="ref.GENTLE_dictionary_trust.mark.xml#sSpan210" target="ref.GENTLE_dictionary_trust.mark.xml#sSpan205"/>
		<rel id="sPointingRel1068" xlink:href="ref.GENTLE_dictionary_trust.mark.xml#sSpan213" target="ref.GENTLE_dictionary_trust.mark.xml#sSpan209"/>
		<rel id="sPointingRel1069" xlink:href="ref.GENTLE_dictionary_trust.mark.xml#sSpan214" target="ref.GENTLE_dictionary_trust.mark.xml#sSpan210"/>
		<rel id="sPointingRel1070" xlink:href="ref.GENTLE_dictionary_trust.mark.xml#sSpan217" target="ref.GENTLE_dictionary_trust.mark.xml#sSpan213"/>
		<rel id="sPointingRel1071" xlink:href="ref.GENTLE_dictionary_trust.mark.xml#sSpan221" target="ref.GENTLE_dictionary_trust.mark.xml#sSpan217"/>
		<rel id="sPointingRel1072" xlink:href="ref.GENTLE_dictionary_trust.mark.xml#sSpan222" target="ref.GENTLE_dictionary_trust.mark.xml#sSpan218"/>
		<rel id="sPointingRel1073" xlink:href="ref.GENTLE_dictionary_trust.mark.xml#sSpan225" target="ref.GENTLE_dictionary_trust.mark.xml#sSpan223"/>
		<rel id="sPointingRel1074" xlink:href="ref.GENTLE_dictionary_trust.mark.xml#sSpan237" target="ref.GENTLE_dictionary_trust.mark.xml#sSpan234"/>
		<rel id="sPointingRel1075" xlink:href="ref.GENTLE_dictionary_trust.mark.xml#sSpan242" target="ref.GENTLE_dictionary_trust.mark.xml#sSpan235"/>
		<rel id="sPointingRel1076" xlink:href="ref.GENTLE_dictionary_trust.mark.xml#sSpan243" target="ref.GENTLE_dictionary_trust.mark.xml#sSpan236"/>
		<rel id="sPointingRel1077" xlink:href="ref.GENTLE_dictionary_trust.mark.xml#sSpan238" target="ref.GENTLE_dictionary_trust.mark.xml#sSpan237"/>
		<rel id="sPointingRel1078" xlink:href="ref.GENTLE_dictionary_trust.mark.xml#sSpan239" target="ref.GENTLE_dictionary_trust.mark.xml#sSpan238"/>
		<rel id="sPointingRel1079" xlink:href="ref.GENTLE_dictionary_trust.mark.xml#sSpan240" target="ref.GENTLE_dictionary_trust.mark.xml#sSpan239"/>
		<rel id="sPointingRel1080" xlink:href="ref.GENTLE_dictionary_trust.mark.xml#sSpan244" target="ref.GENTLE_dictionary_trust.mark.xml#sSpan240"/>
		<rel id="sPointingRel1081" xlink:href="ref.GENTLE_dictionary_trust.mark.xml#sSpan263" target="ref.GENTLE_dictionary_trust.mark.xml#sSpan244"/>
		<rel id="sPointingRel1082" xlink:href="ref.GENTLE_dictionary_trust.mark.xml#sSpan250" target="ref.GENTLE_dictionary_trust.mark.xml#sSpan249"/>
		<rel id="sPointingRel1084" xlink:href="ref.GENTLE_dictionary_trust.mark.xml#sSpan252" target="ref.GENTLE_dictionary_trust.mark.xml#sSpan251"/>
		<rel id="sPointingRel1085" xlink:href="ref.GENTLE_dictionary_trust.mark.xml#sSpan260" target="ref.GENTLE_dictionary_trust.mark.xml#sSpan258"/>
		<rel id="sPointingRel1086" xlink:href="ref.GENTLE_dictionary_trust.mark.xml#sSpan256" target="ref.GENTLE_dictionary_trust.mark.xml#sSpan259"/>
		<rel id="sPointingRel1087" xlink:href="ref.GENTLE_dictionary_trust.mark.xml#sSpan394" target="ref.GENTLE_dictionary_trust.mark.xml#sSpan263"/>
		<rel id="sPointingRel1088" xlink:href="ref.GENTLE_dictionary_trust.mark.xml#sSpan380" target="ref.GENTLE_dictionary_trust.mark.xml#sSpan267"/>
		<rel id="sPointingRel1089" xlink:href="ref.GENTLE_dictionary_trust.mark.xml#sSpan289" target="ref.GENTLE_dictionary_trust.mark.xml#sSpan269"/>
		<rel id="sPointingRel1090" xlink:href="ref.GENTLE_dictionary_trust.mark.xml#sSpan385" target="ref.GENTLE_dictionary_trust.mark.xml#sSpan270"/>
		<rel id="sPointingRel1091" xlink:href="ref.GENTLE_dictionary_trust.mark.xml#sSpan386" target="ref.GENTLE_dictionary_trust.mark.xml#sSpan271"/>
		<rel id="sPointingRel1092" xlink:href="ref.GENTLE_dictionary_trust.mark.xml#sSpan383" target="ref.GENTLE_dictionary_trust.mark.xml#sSpan274"/>
		<rel id="sPointingRel1093" xlink:href="ref.GENTLE_dictionary_trust.mark.xml#sSpan278" target="ref.GENTLE_dictionary_trust.mark.xml#sSpan275"/>
		<rel id="sPointingRel1095" xlink:href="ref.GENTLE_dictionary_trust.mark.xml#sSpan279" target="ref.GENTLE_dictionary_trust.mark.xml#sSpan276"/>
		<rel id="sPointingRel1096" xlink:href="ref.GENTLE_dictionary_trust.mark.xml#sSpan341" target="ref.GENTLE_dictionary_trust.mark.xml#sSpan286"/>
		<rel id="sPointingRel1097" xlink:href="ref.GENTLE_dictionary_trust.mark.xml#sSpan343" target="ref.GENTLE_dictionary_trust.mark.xml#sSpan289"/>
		<rel id="sPointingRel1098" xlink:href="ref.GENTLE_dictionary_trust.mark.xml#sSpan307" target="ref.GENTLE_dictionary_trust.mark.xml#sSpan296"/>
		<rel id="sPointingRel1100" xlink:href="ref.GENTLE_dictionary_trust.mark.xml#sSpan306" target="ref.GENTLE_dictionary_trust.mark.xml#sSpan302"/>
		<rel id="sPointingRel1101" xlink:href="ref.GENTLE_dictionary_trust.mark.xml#sSpan415" target="ref.GENTLE_dictionary_trust.mark.xml#sSpan307"/>
		<rel id="sPointingRel1102" xlink:href="ref.GENTLE_dictionary_trust.mark.xml#sSpan315" target="ref.GENTLE_dictionary_trust.mark.xml#sSpan309"/>
		<rel id="sPointingRel1103" xlink:href="ref.GENTLE_dictionary_trust.mark.xml#sSpan313" target="ref.GENTLE_dictionary_trust.mark.xml#sSpan312"/>
		<rel id="sPointingRel1104" xlink:href="ref.GENTLE_dictionary_trust.mark.xml#sSpan319" target="ref.GENTLE_dictionary_trust.mark.xml#sSpan318"/>
		<rel id="sPointingRel1105" xlink:href="ref.GENTLE_dictionary_trust.mark.xml#sSpan359" target="ref.GENTLE_dictionary_trust.mark.xml#sSpan341"/>
		<rel id="sPointingRel1106" xlink:href="ref.GENTLE_dictionary_trust.mark.xml#sSpan363" target="ref.GENTLE_dictionary_trust.mark.xml#sSpan342"/>
		<rel id="sPointingRel1107" xlink:href="ref.GENTLE_dictionary_trust.mark.xml#sSpan345" target="ref.GENTLE_dictionary_trust.mark.xml#sSpan343"/>
		<rel id="sPointingRel1108" xlink:href="ref.GENTLE_dictionary_trust.mark.xml#sSpan352" target="ref.GENTLE_dictionary_trust.mark.xml#sSpan351"/>
		<rel id="sPointingRel1110" xlink:href="ref.GENTLE_dictionary_trust.mark.xml#sSpan354" target="ref.GENTLE_dictionary_trust.mark.xml#sSpan353"/>
		<rel id="sPointingRel1111" xlink:href="ref.GENTLE_dictionary_trust.mark.xml#sSpan356" target="ref.GENTLE_dictionary_trust.mark.xml#sSpan355"/>
		<rel id="sPointingRel1112" xlink:href="ref.GENTLE_dictionary_trust.mark.xml#sSpan358" target="ref.GENTLE_dictionary_trust.mark.xml#sSpan357"/>
		<rel id="sPointingRel1113" xlink:href="ref.GENTLE_dictionary_trust.mark.xml#sSpan403" target="ref.GENTLE_dictionary_trust.mark.xml#sSpan359"/>
		<rel id="sPointingRel1114" xlink:href="ref.GENTLE_dictionary_trust.mark.xml#sSpan362" target="ref.GENTLE_dictionary_trust.mark.xml#sSpan360"/>
		<rel id="sPointingRel1115" xlink:href="ref.GENTLE_dictionary_trust.mark.xml#sSpan368" target="ref.GENTLE_dictionary_trust.mark.xml#sSpan365"/>
		<rel id="sPointingRel1116" xlink:href="ref.GENTLE_dictionary_trust.mark.xml#sSpan376" target="ref.GENTLE_dictionary_trust.mark.xml#sSpan374"/>
		<rel id="sPointingRel1117" xlink:href="ref.GENTLE_dictionary_trust.mark.xml#sSpan393" target="ref.GENTLE_dictionary_trust.mark.xml#sSpan380"/>
		<rel id="sPointingRel1118" xlink:href="ref.GENTLE_dictionary_trust.mark.xml#sSpan384" target="ref.GENTLE_dictionary_trust.mark.xml#sSpan383"/>
		<rel id="sPointingRel1119" xlink:href="ref.GENTLE_dictionary_trust.mark.xml#sSpan407" target="ref.GENTLE_dictionary_trust.mark.xml#sSpan384"/>
		<rel id="sPointingRel1120" xlink:href="ref.GENTLE_dictionary_trust.mark.xml#sSpan406" target="ref.GENTLE_dictionary_trust.mark.xml#sSpan386"/>
		<rel id="sPointingRel1121" xlink:href="ref.GENTLE_dictionary_trust.mark.xml#sSpan391" target="ref.GENTLE_dictionary_trust.mark.xml#sSpan387"/>
		<rel id="sPointingRel1122" xlink:href="ref.GENTLE_dictionary_trust.mark.xml#sSpan395" target="ref.GENTLE_dictionary_trust.mark.xml#sSpan393"/>
		<rel id="sPointingRel1123" xlink:href="ref.GENTLE_dictionary_trust.mark.xml#sSpan402" target="ref.GENTLE_dictionary_trust.mark.xml#sSpan394"/>
		<rel id="sPointingRel1124" xlink:href="ref.GENTLE_dictionary_trust.mark.xml#sSpan398" target="ref.GENTLE_dictionary_trust.mark.xml#sSpan400"/>
		<rel id="sPointingRel1125" xlink:href="ref.GENTLE_dictionary_trust.mark.xml#sSpan412" target="ref.GENTLE_dictionary_trust.mark.xml#sSpan411"/></relList></paula>