<?xml version='1.0' encoding='UTF-8'?><!DOCTYPE paula SYSTEM "paula_feat.dtd">
<paula version="1.1">
	<header paula_id="ref.GENTLE_dictionary_trust.mark_salience"/>
	<featList xmlns:xlink="http://www.w3.org/1999/xlink" type="salience" xml:base="ref.GENTLE_dictionary_trust.mark.xml">
		<feat xlink:href="#sSpan1" value="sssss"/>
		<feat xlink:href="#sSpan2" value="nnnss"/>
		<feat xlink:href="#sSpan3" value="sssns"/>
		<feat xlink:href="#sSpan4" value="snnnn"/>
		<feat xlink:href="#sSpan5" value="sssnn"/>
		<feat xlink:href="#sSpan6" value="snsnn"/>
		<feat xlink:href="#sSpan7" value="nnnsn"/>
		<feat xlink:href="#sSpan8" value="nnnnn"/>
		<feat xlink:href="#sSpan9" value="nnnnn"/>
		<feat xlink:href="#sSpan10" value="nnnns"/>
		<feat xlink:href="#sSpan11" value="nnnnn"/>
		<feat xlink:href="#sSpan12" value="nnnnn"/>
		<feat xlink:href="#sSpan13" value="nnnsn"/>
		<feat xlink:href="#sSpan14" value="nnnnn"/>
		<feat xlink:href="#sSpan15" value="nnnnn"/>
		<feat xlink:href="#sSpan16" value="nsnsn"/>
		<feat xlink:href="#sSpan17" value="nnnnn"/>
		<feat xlink:href="#sSpan18" value="nnnnn"/>
		<feat xlink:href="#sSpan19" value="sssns"/>
		<feat xlink:href="#sSpan20" value="nnnnn"/>
		<feat xlink:href="#sSpan21" value="nnnnn"/>
		<feat xlink:href="#sSpan22" value="nnnsn"/>
		<feat xlink:href="#sSpan23" value="nnnnn"/>
		<feat xlink:href="#sSpan24" value="nnnnn"/>
		<feat xlink:href="#sSpan25" value="nsnsn"/>
		<feat xlink:href="#sSpan26" value="nnnnn"/>
		<feat xlink:href="#sSpan27" value="nnnnn"/>
		<feat xlink:href="#sSpan28" value="nnnnn"/>
		<feat xlink:href="#sSpan29" value="nnnnn"/>
		<feat xlink:href="#sSpan30" value="snnsn"/>
		<feat xlink:href="#sSpan31" value="snsns"/>
		<feat xlink:href="#sSpan32" value="snnnn"/>
		<feat xlink:href="#sSpan33" value="snnnn"/>
		<feat xlink:href="#sSpan34" value="nnnnn"/>
		<feat xlink:href="#sSpan35" value="nnnnn"/>
		<feat xlink:href="#sSpan36" value="nnnnn"/>
		<feat xlink:href="#sSpan37" value="nnnnn"/>
		<feat xlink:href="#sSpan38" value="nnnnn"/>
		<feat xlink:href="#sSpan39" value="nnnnn"/>
		<feat xlink:href="#sSpan40" value="nnnnn"/>
		<feat xlink:href="#sSpan41" value="nnnnn"/>
		<feat xlink:href="#sSpan42" value="nnnnn"/>
		<feat xlink:href="#sSpan43" value="nnnnn"/>
		<feat xlink:href="#sSpan44" value="nnnnn"/>
		<feat xlink:href="#sSpan45" value="nnnnn"/>
		<feat xlink:href="#sSpan46" value="nnnnn"/>
		<feat xlink:href="#sSpan47" value="nnnnn"/>
		<feat xlink:href="#sSpan48" value="nnnnn"/>
		<feat xlink:href="#sSpan49" value="nnnnn"/>
		<feat xlink:href="#sSpan50" value="nnnnn"/>
		<feat xlink:href="#sSpan51" value="nnnnn"/>
		<feat xlink:href="#sSpan52" value="nnnnn"/>
		<feat xlink:href="#sSpan53" value="nnnnn"/>
		<feat xlink:href="#sSpan54" value="nnnnn"/>
		<feat xlink:href="#sSpan55" value="nnnnn"/>
		<feat xlink:href="#sSpan56" value="nnnnn"/>
		<feat xlink:href="#sSpan57" value="nnnnn"/>
		<feat xlink:href="#sSpan58" value="nnnnn"/>
		<feat xlink:href="#sSpan59" value="nnnnn"/>
		<feat xlink:href="#sSpan60" value="nnnnn"/>
		<feat xlink:href="#sSpan61" value="nnnnn"/>
		<feat xlink:href="#sSpan62" value="sssns"/>
		<feat xlink:href="#sSpan63" value="nnnnn"/>
		<feat xlink:href="#sSpan64" value="snsnn"/>
		<feat xlink:href="#sSpan65" value="nsnnn"/>
		<feat xlink:href="#sSpan66" value="nnnnn"/>
		<feat xlink:href="#sSpan67" value="snsnn"/>
		<feat xlink:href="#sSpan68" value="snsnn"/>
		<feat xlink:href="#sSpan69" value="snsnn"/>
		<feat xlink:href="#sSpan70" value="snsnn"/>
		<feat xlink:href="#sSpan71" value="nnnnn"/>
		<feat xlink:href="#sSpan72" value="nsnnn"/>
		<feat xlink:href="#sSpan73" value="nnnnn"/>
		<feat xlink:href="#sSpan74" value="snsnn"/>
		<feat xlink:href="#sSpan75" value="nnnnn"/>
		<feat xlink:href="#sSpan76" value="nnnnn"/>
		<feat xlink:href="#sSpan77" value="nnnnn"/>
		<feat xlink:href="#sSpan78" value="nnnnn"/>
		<feat xlink:href="#sSpan79" value="sssnn"/>
		<feat xlink:href="#sSpan80" value="sssnn"/>
		<feat xlink:href="#sSpan81" value="nnnnn"/>
		<feat xlink:href="#sSpan82" value="nnnnn"/>
		<feat xlink:href="#sSpan83" value="ssnsn"/>
		<feat xlink:href="#sSpan84" value="nnnnn"/>
		<feat xlink:href="#sSpan85" value="nnnnn"/>
		<feat xlink:href="#sSpan86" value="nnnnn"/>
		<feat xlink:href="#sSpan87" value="nnnnn"/>
		<feat xlink:href="#sSpan88" value="nnnnn"/>
		<feat xlink:href="#sSpan89" value="nnnnn"/>
		<feat xlink:href="#sSpan90" value="nnnnn"/>
		<feat xlink:href="#sSpan91" value="nnnnn"/>
		<feat xlink:href="#sSpan92" value="nnnnn"/>
		<feat xlink:href="#sSpan93" value="snsnn"/>
		<feat xlink:href="#sSpan94" value="nnnnn"/>
		<feat xlink:href="#sSpan95" value="nnnnn"/>
		<feat xlink:href="#sSpan96" value="nnnnn"/>
		<feat xlink:href="#sSpan97" value="nnnnn"/>
		<feat xlink:href="#sSpan98" value="nnnnn"/>
		<feat xlink:href="#sSpan99" value="snsns"/>
		<feat xlink:href="#sSpan100" value="snnnn"/>
		<feat xlink:href="#sSpan101" value="nnnnn"/>
		<feat xlink:href="#sSpan102" value="nnnnn"/>
		<feat xlink:href="#sSpan103" value="nnnnn"/>
		<feat xlink:href="#sSpan104" value="nnnnn"/>
		<feat xlink:href="#sSpan105" value="nnnnn"/>
		<feat xlink:href="#sSpan106" value="nnnnn"/>
		<feat xlink:href="#sSpan107" value="nnnnn"/>
		<feat xlink:href="#sSpan108" value="nnnnn"/>
		<feat xlink:href="#sSpan109" value="nnnnn"/>
		<feat xlink:href="#sSpan110" value="nnnnn"/>
		<feat xlink:href="#sSpan111" value="nnnnn"/>
		<feat xlink:href="#sSpan112" value="nnnnn"/>
		<feat xlink:href="#sSpan113" value="nnnnn"/>
		<feat xlink:href="#sSpan114" value="nnnnn"/>
		<feat xlink:href="#sSpan115" value="nnnnn"/>
		<feat xlink:href="#sSpan116" value="nssss"/>
		<feat xlink:href="#sSpan117" value="nnnnn"/>
		<feat xlink:href="#sSpan118" value="nnnnn"/>
		<feat xlink:href="#sSpan119" value="snsns"/>
		<feat xlink:href="#sSpan120" value="nnnnn"/>
		<feat xlink:href="#sSpan121" value="nnnnn"/>
		<feat xlink:href="#sSpan122" value="nnnnn"/>
		<feat xlink:href="#sSpan123" value="nnnnn"/>
		<feat xlink:href="#sSpan124" value="nnnnn"/>
		<feat xlink:href="#sSpan125" value="nnnnn"/>
		<feat xlink:href="#sSpan126" value="snnnn"/>
		<feat xlink:href="#sSpan127" value="nnnnn"/>
		<feat xlink:href="#sSpan128" value="nnnnn"/>
		<feat xlink:href="#sSpan129" value="nnnnn"/>
		<feat xlink:href="#sSpan130" value="nnnnn"/>
		<feat xlink:href="#sSpan131" value="nnnnn"/>
		<feat xlink:href="#sSpan132" value="nnnnn"/>
		<feat xlink:href="#sSpan133" value="nnnnn"/>
		<feat xlink:href="#sSpan134" value="nnnnn"/>
		<feat xlink:href="#sSpan135" value="nnnnn"/>
		<feat xlink:href="#sSpan136" value="nnnnn"/>
		<feat xlink:href="#sSpan137" value="snnnn"/>
		<feat xlink:href="#sSpan138" value="nnnnn"/>
		<feat xlink:href="#sSpan139" value="nnnnn"/>
		<feat xlink:href="#sSpan140" value="nnnnn"/>
		<feat xlink:href="#sSpan141" value="nnnnn"/>
		<feat xlink:href="#sSpan142" value="nnnnn"/>
		<feat xlink:href="#sSpan143" value="nnnnn"/>
		<feat xlink:href="#sSpan144" value="nnnnn"/>
		<feat xlink:href="#sSpan145" value="nnnnn"/>
		<feat xlink:href="#sSpan146" value="nnnnn"/>
		<feat xlink:href="#sSpan147" value="nnnnn"/>
		<feat xlink:href="#sSpan148" value="nnnnn"/>
		<feat xlink:href="#sSpan149" value="nnnnn"/>
		<feat xlink:href="#sSpan150" value="nnnnn"/>
		<feat xlink:href="#sSpan151" value="nnnnn"/>
		<feat xlink:href="#sSpan152" value="nnnnn"/>
		<feat xlink:href="#sSpan153" value="nnnnn"/>
		<feat xlink:href="#sSpan154" value="nnnnn"/>
		<feat xlink:href="#sSpan155" value="nnnnn"/>
		<feat xlink:href="#sSpan156" value="nnnnn"/>
		<feat xlink:href="#sSpan157" value="nnnnn"/>
		<feat xlink:href="#sSpan158" value="nnnnn"/>
		<feat xlink:href="#sSpan159" value="nnnnn"/>
		<feat xlink:href="#sSpan160" value="nnnnn"/>
		<feat xlink:href="#sSpan161" value="snnnn"/>
		<feat xlink:href="#sSpan162" value="nnnnn"/>
		<feat xlink:href="#sSpan163" value="nnnnn"/>
		<feat xlink:href="#sSpan164" value="nnnnn"/>
		<feat xlink:href="#sSpan165" value="nnnnn"/>
		<feat xlink:href="#sSpan166" value="snnns"/>
		<feat xlink:href="#sSpan167" value="nnnnn"/>
		<feat xlink:href="#sSpan168" value="nnnnn"/>
		<feat xlink:href="#sSpan169" value="nnnnn"/>
		<feat xlink:href="#sSpan170" value="nnsnn"/>
		<feat xlink:href="#sSpan171" value="nssss"/>
		<feat xlink:href="#sSpan172" value="snsnn"/>
		<feat xlink:href="#sSpan173" value="snsns"/>
		<feat xlink:href="#sSpan174" value="nnnnn"/>
		<feat xlink:href="#sSpan175" value="snsns"/>
		<feat xlink:href="#sSpan176" value="snsnn"/>
		<feat xlink:href="#sSpan177" value="nnsnn"/>
		<feat xlink:href="#sSpan178" value="nnsnn"/>
		<feat xlink:href="#sSpan179" value="nnnnn"/>
		<feat xlink:href="#sSpan180" value="nnnnn"/>
		<feat xlink:href="#sSpan181" value="sssnn"/>
		<feat xlink:href="#sSpan182" value="sssnn"/>
		<feat xlink:href="#sSpan183" value="nnnnn"/>
		<feat xlink:href="#sSpan184" value="nnnnn"/>
		<feat xlink:href="#sSpan185" value="nnnnn"/>
		<feat xlink:href="#sSpan186" value="nnnnn"/>
		<feat xlink:href="#sSpan187" value="nnnnn"/>
		<feat xlink:href="#sSpan188" value="nnnnn"/>
		<feat xlink:href="#sSpan189" value="nssss"/>
		<feat xlink:href="#sSpan190" value="nnnnn"/>
		<feat xlink:href="#sSpan191" value="nnnnn"/>
		<feat xlink:href="#sSpan192" value="nnnnn"/>
		<feat xlink:href="#sSpan193" value="snsnn"/>
		<feat xlink:href="#sSpan194" value="nnnnn"/>
		<feat xlink:href="#sSpan195" value="nnnnn"/>
		<feat xlink:href="#sSpan196" value="nnnnn"/>
		<feat xlink:href="#sSpan197" value="nnnnn"/>
		<feat xlink:href="#sSpan198" value="nnnnn"/>
		<feat xlink:href="#sSpan199" value="nnnnn"/>
		<feat xlink:href="#sSpan200" value="nnnnn"/>
		<feat xlink:href="#sSpan201" value="nnnnn"/>
		<feat xlink:href="#sSpan202" value="nnnnn"/>
		<feat xlink:href="#sSpan203" value="nnnnn"/>
		<feat xlink:href="#sSpan204" value="nnnnn"/>
		<feat xlink:href="#sSpan205" value="nnnnn"/>
		<feat xlink:href="#sSpan206" value="nnnnn"/>
		<feat xlink:href="#sSpan207" value="nnnnn"/>
		<feat xlink:href="#sSpan208" value="nnnnn"/>
		<feat xlink:href="#sSpan209" value="nnnnn"/>
		<feat xlink:href="#sSpan210" value="nnnnn"/>
		<feat xlink:href="#sSpan211" value="nnnnn"/>
		<feat xlink:href="#sSpan212" value="nnnnn"/>
		<feat xlink:href="#sSpan213" value="nnnnn"/>
		<feat xlink:href="#sSpan214" value="nnnnn"/>
		<feat xlink:href="#sSpan215" value="snnnn"/>
		<feat xlink:href="#sSpan216" value="nnnnn"/>
		<feat xlink:href="#sSpan217" value="nnnnn"/>
		<feat xlink:href="#sSpan218" value="nnnnn"/>
		<feat xlink:href="#sSpan219" value="nnnnn"/>
		<feat xlink:href="#sSpan220" value="nnnnn"/>
		<feat xlink:href="#sSpan221" value="nnnnn"/>
		<feat xlink:href="#sSpan222" value="nnnnn"/>
		<feat xlink:href="#sSpan223" value="nnnnn"/>
		<feat xlink:href="#sSpan224" value="snsnn"/>
		<feat xlink:href="#sSpan225" value="nnnnn"/>
		<feat xlink:href="#sSpan226" value="nnnnn"/>
		<feat xlink:href="#sSpan227" value="nnnnn"/>
		<feat xlink:href="#sSpan228" value="nnnnn"/>
		<feat xlink:href="#sSpan229" value="nnnnn"/>
		<feat xlink:href="#sSpan230" value="nnnnn"/>
		<feat xlink:href="#sSpan231" value="nnnnn"/>
		<feat xlink:href="#sSpan232" value="snsnn"/>
		<feat xlink:href="#sSpan233" value="nssss"/>
		<feat xlink:href="#sSpan234" value="nnnnn"/>
		<feat xlink:href="#sSpan235" value="nnnnn"/>
		<feat xlink:href="#sSpan236" value="nnnnn"/>
		<feat xlink:href="#sSpan237" value="nnnnn"/>
		<feat xlink:href="#sSpan238" value="nnnnn"/>
		<feat xlink:href="#sSpan239" value="nnnnn"/>
		<feat xlink:href="#sSpan240" value="nnnnn"/>
		<feat xlink:href="#sSpan241" value="nsnnn"/>
		<feat xlink:href="#sSpan242" value="nsnnn"/>
		<feat xlink:href="#sSpan243" value="nnnnn"/>
		<feat xlink:href="#sSpan244" value="nnnnn"/>
		<feat xlink:href="#sSpan245" value="snnnn"/>
		<feat xlink:href="#sSpan246" value="nnnnn"/></featList></paula>