<?xml version='1.0' encoding='UTF-8'?><!DOCTYPE paula SYSTEM "paula_feat.dtd">
<paula version="1.1">
	<header paula_id="rsd.GENTLE_dictionary_trust.mark_sid"/>
	<featList xmlns:xlink="http://www.w3.org/1999/xlink" type="sid" xml:base="rsd.GENTLE_dictionary_trust.mark.xml">
		<feat xlink:href="#sSpan247" value="1"/>
		<feat xlink:href="#sSpan248" value="2"/>
		<feat xlink:href="#sSpan249" value="3"/>
		<feat xlink:href="#sSpan250" value="4"/>
		<feat xlink:href="#sSpan251" value="4"/>
		<feat xlink:href="#sSpan252" value="5"/>
		<feat xlink:href="#sSpan253" value="5"/>
		<feat xlink:href="#sSpan254" value="5"/>
		<feat xlink:href="#sSpan255" value="5"/>
		<feat xlink:href="#sSpan256" value="5"/>
		<feat xlink:href="#sSpan257" value="5"/>
		<feat xlink:href="#sSpan258" value="5"/>
		<feat xlink:href="#sSpan259" value="6"/>
		<feat xlink:href="#sSpan260" value="6"/>
		<feat xlink:href="#sSpan261" value="7"/>
		<feat xlink:href="#sSpan262" value="7"/>
		<feat xlink:href="#sSpan263" value="7"/>
		<feat xlink:href="#sSpan264" value="7"/>
		<feat xlink:href="#sSpan265" value="7"/>
		<feat xlink:href="#sSpan266" value="7"/>
		<feat xlink:href="#sSpan267" value="7"/>
		<feat xlink:href="#sSpan268" value="7"/>
		<feat xlink:href="#sSpan269" value="7"/>
		<feat xlink:href="#sSpan270" value="7"/>
		<feat xlink:href="#sSpan271" value="7"/>
		<feat xlink:href="#sSpan272" value="7"/>
		<feat xlink:href="#sSpan273" value="8"/>
		<feat xlink:href="#sSpan274" value="9"/>
		<feat xlink:href="#sSpan275" value="10"/>
		<feat xlink:href="#sSpan276" value="11"/>
		<feat xlink:href="#sSpan277" value="11"/>
		<feat xlink:href="#sSpan278" value="11"/>
		<feat xlink:href="#sSpan279" value="11"/>
		<feat xlink:href="#sSpan280" value="11"/>
		<feat xlink:href="#sSpan281" value="12"/>
		<feat xlink:href="#sSpan282" value="12"/>
		<feat xlink:href="#sSpan283" value="12"/>
		<feat xlink:href="#sSpan284" value="12"/>
		<feat xlink:href="#sSpan285" value="13"/>
		<feat xlink:href="#sSpan286" value="13"/>
		<feat xlink:href="#sSpan287" value="14"/>
		<feat xlink:href="#sSpan288" value="14"/>
		<feat xlink:href="#sSpan289" value="15"/>
		<feat xlink:href="#sSpan290" value="16"/>
		<feat xlink:href="#sSpan291" value="16"/>
		<feat xlink:href="#sSpan292" value="17"/>
		<feat xlink:href="#sSpan293" value="18"/>
		<feat xlink:href="#sSpan294" value="18"/>
		<feat xlink:href="#sSpan295" value="19"/>
		<feat xlink:href="#sSpan296" value="20"/>
		<feat xlink:href="#sSpan297" value="21"/>
		<feat xlink:href="#sSpan298" value="21"/>
		<feat xlink:href="#sSpan299" value="22"/>
		<feat xlink:href="#sSpan300" value="23"/>
		<feat xlink:href="#sSpan301" value="23"/>
		<feat xlink:href="#sSpan302" value="23"/>
		<feat xlink:href="#sSpan303" value="24"/>
		<feat xlink:href="#sSpan304" value="24"/>
		<feat xlink:href="#sSpan305" value="25"/>
		<feat xlink:href="#sSpan306" value="25"/>
		<feat xlink:href="#sSpan307" value="25"/>
		<feat xlink:href="#sSpan308" value="25"/>
		<feat xlink:href="#sSpan309" value="25"/>
		<feat xlink:href="#sSpan310" value="26"/>
		<feat xlink:href="#sSpan311" value="26"/>
		<feat xlink:href="#sSpan312" value="26"/>
		<feat xlink:href="#sSpan313" value="27"/>
		<feat xlink:href="#sSpan314" value="28"/>
		<feat xlink:href="#sSpan315" value="29"/>
		<feat xlink:href="#sSpan316" value="29"/>
		<feat xlink:href="#sSpan317" value="29"/>
		<feat xlink:href="#sSpan318" value="30"/>
		<feat xlink:href="#sSpan319" value="31"/>
		<feat xlink:href="#sSpan320" value="31"/>
		<feat xlink:href="#sSpan321" value="31"/>
		<feat xlink:href="#sSpan322" value="31"/>
		<feat xlink:href="#sSpan323" value="32"/>
		<feat xlink:href="#sSpan324" value="33"/>
		<feat xlink:href="#sSpan325" value="34"/>
		<feat xlink:href="#sSpan326" value="34"/>
		<feat xlink:href="#sSpan327" value="34"/>
		<feat xlink:href="#sSpan328" value="34"/>
		<feat xlink:href="#sSpan329" value="34"/>
		<feat xlink:href="#sSpan330" value="34"/>
		<feat xlink:href="#sSpan331" value="34"/>
		<feat xlink:href="#sSpan332" value="34"/>
		<feat xlink:href="#sSpan333" value="34"/>
		<feat xlink:href="#sSpan334" value="35"/>
		<feat xlink:href="#sSpan335" value="35"/>
		<feat xlink:href="#sSpan336" value="35"/>
		<feat xlink:href="#sSpan337" value="35"/>
		<feat xlink:href="#sSpan338" value="36"/>
		<feat xlink:href="#sSpan339" value="37"/>
		<feat xlink:href="#sSpan340" value="38"/>
		<feat xlink:href="#sSpan341" value="39"/>
		<feat xlink:href="#sSpan342" value="39"/>
		<feat xlink:href="#sSpan343" value="40"/>
		<feat xlink:href="#sSpan344" value="40"/>
		<feat xlink:href="#sSpan345" value="41"/>
		<feat xlink:href="#sSpan346" value="42"/>
		<feat xlink:href="#sSpan347" value="43"/>
		<feat xlink:href="#sSpan348" value="44"/>
		<feat xlink:href="#sSpan349" value="45"/>
		<feat xlink:href="#sSpan350" value="46"/>
		<feat xlink:href="#sSpan351" value="47"/>
		<feat xlink:href="#sSpan352" value="47"/>
		<feat xlink:href="#sSpan353" value="47"/>
		<feat xlink:href="#sSpan354" value="47"/>
		<feat xlink:href="#sSpan355" value="48"/>
		<feat xlink:href="#sSpan356" value="49"/>
		<feat xlink:href="#sSpan357" value="49"/>
		<feat xlink:href="#sSpan358" value="49"/>
		<feat xlink:href="#sSpan359" value="50"/>
		<feat xlink:href="#sSpan360" value="50"/>
		<feat xlink:href="#sSpan361" value="51"/>
		<feat xlink:href="#sSpan362" value="52"/>
		<feat xlink:href="#sSpan363" value="52"/>
		<feat xlink:href="#sSpan364" value="53"/>
		<feat xlink:href="#sSpan365" value="53"/>
		<feat xlink:href="#sSpan366" value="54"/>
		<feat xlink:href="#sSpan367" value="55"/>
		<feat xlink:href="#sSpan368" value="55"/>
		<feat xlink:href="#sSpan369" value="55"/>
		<feat xlink:href="#sSpan370" value="56"/>
		<feat xlink:href="#sSpan371" value="57"/>
		<feat xlink:href="#sSpan372" value="57"/>
		<feat xlink:href="#sSpan373" value="57"/>
		<feat xlink:href="#sSpan374" value="58"/>
		<feat xlink:href="#sSpan375" value="58"/>
		<feat xlink:href="#sSpan376" value="59"/>
		<feat xlink:href="#sSpan377" value="60"/>
		<feat xlink:href="#sSpan378" value="60"/>
		<feat xlink:href="#sSpan379" value="61"/>
		<feat xlink:href="#sSpan380" value="62"/>
		<feat xlink:href="#sSpan381" value="62"/>
		<feat xlink:href="#sSpan382" value="63"/>
		<feat xlink:href="#sSpan383" value="64"/>
		<feat xlink:href="#sSpan384" value="64"/>
		<feat xlink:href="#sSpan385" value="65"/>
		<feat xlink:href="#sSpan386" value="66"/>
		<feat xlink:href="#sSpan387" value="67"/>
		<feat xlink:href="#sSpan388" value="67"/>
		<feat xlink:href="#sSpan389" value="67"/>
		<feat xlink:href="#sSpan390" value="68"/>
		<feat xlink:href="#sSpan391" value="69"/>
		<feat xlink:href="#sSpan392" value="69"/>
		<feat xlink:href="#sSpan393" value="70"/>
		<feat xlink:href="#sSpan394" value="71"/>
		<feat xlink:href="#sSpan395" value="71"/>
		<feat xlink:href="#sSpan396" value="72"/>
		<feat xlink:href="#sSpan397" value="73"/>
		<feat xlink:href="#sSpan398" value="73"/>
		<feat xlink:href="#sSpan399" value="73"/>
		<feat xlink:href="#sSpan400" value="73"/>
		<feat xlink:href="#sSpan401" value="74"/>
		<feat xlink:href="#sSpan402" value="75"/>
		<feat xlink:href="#sSpan403" value="75"/>
		<feat xlink:href="#sSpan404" value="76"/>
		<feat xlink:href="#sSpan405" value="77"/>
		<feat xlink:href="#sSpan406" value="78"/>
		<feat xlink:href="#sSpan407" value="79"/>
		<feat xlink:href="#sSpan408" value="80"/>
		<feat xlink:href="#sSpan409" value="80"/>
		<feat xlink:href="#sSpan410" value="80"/>
		<feat xlink:href="#sSpan411" value="81"/>
		<feat xlink:href="#sSpan412" value="82"/>
		<feat xlink:href="#sSpan413" value="83"/>
		<feat xlink:href="#sSpan414" value="84"/>
		<feat xlink:href="#sSpan415" value="85"/>
		<feat xlink:href="#sSpan416" value="86"/></featList></paula>