<?xml version='1.0' encoding='UTF-8'?><!DOCTYPE paula SYSTEM "paula_feat.dtd">
<paula version="1.1">
	<header paula_id="rsd.GENTLE_dictionary_trust.mark_head_id"/>
	<featList xmlns:xlink="http://www.w3.org/1999/xlink" type="head_id" xml:base="rsd.GENTLE_dictionary_trust.mark.xml">
		<feat xlink:href="#sSpan1" value="1"/>
		<feat xlink:href="#sSpan2" value="2"/>
		<feat xlink:href="#sSpan3" value="3"/>
		<feat xlink:href="#sSpan4" value="7"/>
		<feat xlink:href="#sSpan5" value="12"/>
		<feat xlink:href="#sSpan6" value="17"/>
		<feat xlink:href="#sSpan7" value="30"/>
		<feat xlink:href="#sSpan8" value="34"/>
		<feat xlink:href="#sSpan9" value="46"/>
		<feat xlink:href="#sSpan10" value="52"/>
		<feat xlink:href="#sSpan11" value="77"/>
		<feat xlink:href="#sSpan12" value="85"/>
		<feat xlink:href="#sSpan13" value="96"/>
		<feat xlink:href="#sSpan14" value="103"/>
		<feat xlink:href="#sSpan15" value="107"/>
		<feat xlink:href="#sSpan16" value="113"/>
		<feat xlink:href="#sSpan17" value="121"/>
		<feat xlink:href="#sSpan18" value="124"/>
		<feat xlink:href="#sSpan19" value="132"/>
		<feat xlink:href="#sSpan20" value="135"/>
		<feat xlink:href="#sSpan21" value="142"/>
		<feat xlink:href="#sSpan22" value="147"/>
		<feat xlink:href="#sSpan23" value="152"/>
		<feat xlink:href="#sSpan24" value="155"/>
		<feat xlink:href="#sSpan25" value="162"/>
		<feat xlink:href="#sSpan26" value="164"/>
		<feat xlink:href="#sSpan27" value="173"/>
		<feat xlink:href="#sSpan28" value="177"/>
		<feat xlink:href="#sSpan29" value="183"/>
		<feat xlink:href="#sSpan30" value="184"/>
		<feat xlink:href="#sSpan31" value="186"/>
		<feat xlink:href="#sSpan32" value="188"/>
		<feat xlink:href="#sSpan33" value="190"/>
		<feat xlink:href="#sSpan34" value="193"/>
		<feat xlink:href="#sSpan35" value="202"/>
		<feat xlink:href="#sSpan36" value="204"/>
		<feat xlink:href="#sSpan37" value="206"/>
		<feat xlink:href="#sSpan38" value="209"/>
		<feat xlink:href="#sSpan39" value="210"/>
		<feat xlink:href="#sSpan40" value="212"/>
		<feat xlink:href="#sSpan41" value="214"/>
		<feat xlink:href="#sSpan42" value="216"/>
		<feat xlink:href="#sSpan43" value="217"/>
		<feat xlink:href="#sSpan44" value="218"/>
		<feat xlink:href="#sSpan45" value="225"/>
		<feat xlink:href="#sSpan46" value="227"/>
		<feat xlink:href="#sSpan47" value="238"/>
		<feat xlink:href="#sSpan48" value="247"/>
		<feat xlink:href="#sSpan49" value="254"/>
		<feat xlink:href="#sSpan50" value="258"/>
		<feat xlink:href="#sSpan51" value="262"/>
		<feat xlink:href="#sSpan52" value="263"/>
		<feat xlink:href="#sSpan53" value="267"/>
		<feat xlink:href="#sSpan54" value="276"/>
		<feat xlink:href="#sSpan55" value="285"/>
		<feat xlink:href="#sSpan56" value="287"/>
		<feat xlink:href="#sSpan57" value="291"/>
		<feat xlink:href="#sSpan58" value="298"/>
		<feat xlink:href="#sSpan59" value="305"/>
		<feat xlink:href="#sSpan60" value="308"/>
		<feat xlink:href="#sSpan61" value="312"/>
		<feat xlink:href="#sSpan62" value="313"/>
		<feat xlink:href="#sSpan63" value="318"/>
		<feat xlink:href="#sSpan64" value="320"/>
		<feat xlink:href="#sSpan65" value="325"/>
		<feat xlink:href="#sSpan66" value="327"/>
		<feat xlink:href="#sSpan67" value="334"/>
		<feat xlink:href="#sSpan68" value="336"/>
		<feat xlink:href="#sSpan69" value="341"/>
		<feat xlink:href="#sSpan70" value="350"/>
		<feat xlink:href="#sSpan71" value="353"/>
		<feat xlink:href="#sSpan72" value="358"/>
		<feat xlink:href="#sSpan73" value="361"/>
		<feat xlink:href="#sSpan74" value="362"/>
		<feat xlink:href="#sSpan75" value="367"/>
		<feat xlink:href="#sSpan76" value="374"/>
		<feat xlink:href="#sSpan77" value="382"/>
		<feat xlink:href="#sSpan78" value="392"/>
		<feat xlink:href="#sSpan79" value="395"/>
		<feat xlink:href="#sSpan80" value="401"/>
		<feat xlink:href="#sSpan81" value="404"/>
		<feat xlink:href="#sSpan82" value="411"/>
		<feat xlink:href="#sSpan83" value="416"/>
		<feat xlink:href="#sSpan84" value="421"/>
		<feat xlink:href="#sSpan85" value="439"/>
		<feat xlink:href="#sSpan86" value="442"/>
		<feat xlink:href="#sSpan87" value="450"/>
		<feat xlink:href="#sSpan88" value="454"/>
		<feat xlink:href="#sSpan89" value="459"/>
		<feat xlink:href="#sSpan90" value="464"/>
		<feat xlink:href="#sSpan91" value="473"/>
		<feat xlink:href="#sSpan92" value="482"/>
		<feat xlink:href="#sSpan93" value="484"/>
		<feat xlink:href="#sSpan94" value="497"/>
		<feat xlink:href="#sSpan95" value="499"/>
		<feat xlink:href="#sSpan96" value="506"/>
		<feat xlink:href="#sSpan97" value="512"/>
		<feat xlink:href="#sSpan98" value="514"/>
		<feat xlink:href="#sSpan99" value="517"/>
		<feat xlink:href="#sSpan100" value="518"/>
		<feat xlink:href="#sSpan101" value="519"/>
		<feat xlink:href="#sSpan102" value="520"/>
		<feat xlink:href="#sSpan103" value="521"/>
		<feat xlink:href="#sSpan104" value="522"/>
		<feat xlink:href="#sSpan105" value="523"/>
		<feat xlink:href="#sSpan106" value="531"/>
		<feat xlink:href="#sSpan107" value="535"/>
		<feat xlink:href="#sSpan108" value="542"/>
		<feat xlink:href="#sSpan109" value="545"/>
		<feat xlink:href="#sSpan110" value="548"/>
		<feat xlink:href="#sSpan111" value="553"/>
		<feat xlink:href="#sSpan112" value="557"/>
		<feat xlink:href="#sSpan113" value="563"/>
		<feat xlink:href="#sSpan114" value="566"/>
		<feat xlink:href="#sSpan115" value="570"/>
		<feat xlink:href="#sSpan116" value="576"/>
		<feat xlink:href="#sSpan117" value="581"/>
		<feat xlink:href="#sSpan118" value="592"/>
		<feat xlink:href="#sSpan119" value="596"/>
		<feat xlink:href="#sSpan120" value="599"/>
		<feat xlink:href="#sSpan121" value="602"/>
		<feat xlink:href="#sSpan122" value="607"/>
		<feat xlink:href="#sSpan123" value="610"/>
		<feat xlink:href="#sSpan124" value="613"/>
		<feat xlink:href="#sSpan125" value="616"/>
		<feat xlink:href="#sSpan126" value="620"/>
		<feat xlink:href="#sSpan127" value="631"/>
		<feat xlink:href="#sSpan128" value="634"/>
		<feat xlink:href="#sSpan129" value="637"/>
		<feat xlink:href="#sSpan130" value="642"/>
		<feat xlink:href="#sSpan131" value="645"/>
		<feat xlink:href="#sSpan132" value="651"/>
		<feat xlink:href="#sSpan133" value="657"/>
		<feat xlink:href="#sSpan134" value="660"/>
		<feat xlink:href="#sSpan135" value="669"/>
		<feat xlink:href="#sSpan136" value="672"/>
		<feat xlink:href="#sSpan137" value="675"/>
		<feat xlink:href="#sSpan138" value="680"/>
		<feat xlink:href="#sSpan139" value="695"/>
		<feat xlink:href="#sSpan140" value="703"/>
		<feat xlink:href="#sSpan141" value="708"/>
		<feat xlink:href="#sSpan142" value="716"/>
		<feat xlink:href="#sSpan143" value="720"/>
		<feat xlink:href="#sSpan144" value="724"/>
		<feat xlink:href="#sSpan145" value="728"/>
		<feat xlink:href="#sSpan146" value="733"/>
		<feat xlink:href="#sSpan147" value="744"/>
		<feat xlink:href="#sSpan148" value="748"/>
		<feat xlink:href="#sSpan149" value="751"/>
		<feat xlink:href="#sSpan150" value="755"/>
		<feat xlink:href="#sSpan151" value="758"/>
		<feat xlink:href="#sSpan152" value="763"/>
		<feat xlink:href="#sSpan153" value="767"/>
		<feat xlink:href="#sSpan154" value="772"/>
		<feat xlink:href="#sSpan155" value="775"/>
		<feat xlink:href="#sSpan156" value="779"/>
		<feat xlink:href="#sSpan157" value="792"/>
		<feat xlink:href="#sSpan158" value="795"/>
		<feat xlink:href="#sSpan159" value="796"/>
		<feat xlink:href="#sSpan160" value="797"/>
		<feat xlink:href="#sSpan161" value="798"/>
		<feat xlink:href="#sSpan162" value="799"/>
		<feat xlink:href="#sSpan163" value="803"/>
		<feat xlink:href="#sSpan164" value="807"/>
		<feat xlink:href="#sSpan165" value="810"/>
		<feat xlink:href="#sSpan166" value="812"/>
		<feat xlink:href="#sSpan167" value="817"/>
		<feat xlink:href="#sSpan168" value="819"/>
		<feat xlink:href="#sSpan169" value="824"/>
		<feat xlink:href="#sSpan170" value="826"/></featList></paula>