<?xml version='1.0' encoding='UTF-8'?><!DOCTYPE paula SYSTEM "paula_feat.dtd">
<paula version="1.1">
	<header paula_id="rsd.GENTLE_dictionary_trust.mark_pos1"/>
	<featList xmlns:xlink="http://www.w3.org/1999/xlink" type="pos1" xml:base="rsd.GENTLE_dictionary_trust.mark.xml">
		<feat xlink:href="#sSpan247" value="NN"/>
		<feat xlink:href="#sSpan248" value="NP"/>
		<feat xlink:href="#sSpan249" value="NN"/>
		<feat xlink:href="#sSpan250" value="IN"/>
		<feat xlink:href="#sSpan251" value="("/>
		<feat xlink:href="#sSpan252" value="RB"/>
		<feat xlink:href="#sSpan253" value="("/>
		<feat xlink:href="#sSpan254" value="PP"/>
		<feat xlink:href="#sSpan255" value="CC"/>
		<feat xlink:href="#sSpan256" value="CC"/>
		<feat xlink:href="#sSpan257" value="RB"/>
		<feat xlink:href="#sSpan258" value="("/>
		<feat xlink:href="#sSpan259" value="RB"/>
		<feat xlink:href="#sSpan260" value="("/>
		<feat xlink:href="#sSpan261" value="JJ"/>
		<feat xlink:href="#sSpan262" value="("/>
		<feat xlink:href="#sSpan263" value="NP"/>
		<feat xlink:href="#sSpan264" value="("/>
		<feat xlink:href="#sSpan265" value="NP"/>
		<feat xlink:href="#sSpan266" value="("/>
		<feat xlink:href="#sSpan267" value="NP"/>
		<feat xlink:href="#sSpan268" value="("/>
		<feat xlink:href="#sSpan269" value="NP"/>
		<feat xlink:href="#sSpan270" value="("/>
		<feat xlink:href="#sSpan271" value="NP"/>
		<feat xlink:href="#sSpan272" value="("/>
		<feat xlink:href="#sSpan273" value="NN"/>
		<feat xlink:href="#sSpan274" value="JJR"/>
		<feat xlink:href="#sSpan275" value="NN"/>
		<feat xlink:href="#sSpan276" value="NP"/>
		<feat xlink:href="#sSpan277" value="NN"/>
		<feat xlink:href="#sSpan278" value="NP"/>
		<feat xlink:href="#sSpan279" value="("/>
		<feat xlink:href="#sSpan280" value="NN"/>
		<feat xlink:href="#sSpan281" value="("/>
		<feat xlink:href="#sSpan282" value="NP"/>
		<feat xlink:href="#sSpan283" value="("/>
		<feat xlink:href="#sSpan284" value="NN"/>
		<feat xlink:href="#sSpan285" value="NN"/>
		<feat xlink:href="#sSpan286" value="("/>
		<feat xlink:href="#sSpan287" value="NNS"/>
		<feat xlink:href="#sSpan288" value="NN"/>
		<feat xlink:href="#sSpan289" value="NN"/>
		<feat xlink:href="#sSpan290" value="NN"/>
		<feat xlink:href="#sSpan291" value="("/>
		<feat xlink:href="#sSpan292" value="NN"/>
		<feat xlink:href="#sSpan293" value="PP"/>
		<feat xlink:href="#sSpan294" value="IN"/>
		<feat xlink:href="#sSpan295" value="TO"/>
		<feat xlink:href="#sSpan296" value="VV"/>
		<feat xlink:href="#sSpan297" value="DT"/>
		<feat xlink:href="#sSpan298" value="VVN"/>
		<feat xlink:href="#sSpan299" value="NN"/>
		<feat xlink:href="#sSpan300" value="NN"/>
		<feat xlink:href="#sSpan301" value="VVN"/>
		<feat xlink:href="#sSpan302" value="NN"/>
		<feat xlink:href="#sSpan303" value="PP"/>
		<feat xlink:href="#sSpan304" value="CC"/>
		<feat xlink:href="#sSpan305" value="DT"/>
		<feat xlink:href="#sSpan306" value="WDT"/>
		<feat xlink:href="#sSpan307" value="NN"/>
		<feat xlink:href="#sSpan308" value="VVN"/>
		<feat xlink:href="#sSpan309" value="DT"/>
		<feat xlink:href="#sSpan310" value="DT"/>
		<feat xlink:href="#sSpan311" value="IN"/>
		<feat xlink:href="#sSpan312" value="NN"/>
		<feat xlink:href="#sSpan313" value="("/>
		<feat xlink:href="#sSpan314" value="NN"/>
		<feat xlink:href="#sSpan315" value="DT"/>
		<feat xlink:href="#sSpan316" value="IN"/>
		<feat xlink:href="#sSpan317" value="JJ"/>
		<feat xlink:href="#sSpan318" value="("/>
		<feat xlink:href="#sSpan319" value="DT"/>
		<feat xlink:href="#sSpan320" value="VVN"/>
		<feat xlink:href="#sSpan321" value="WP"/>
		<feat xlink:href="#sSpan322" value="TO"/>
		<feat xlink:href="#sSpan323" value="PP"/>
		<feat xlink:href="#sSpan324" value="("/>
		<feat xlink:href="#sSpan325" value="DT"/>
		<feat xlink:href="#sSpan326" value="WRB"/>
		<feat xlink:href="#sSpan327" value="TO"/>
		<feat xlink:href="#sSpan328" value="("/>
		<feat xlink:href="#sSpan329" value="IN"/>
		<feat xlink:href="#sSpan330" value="IN/that"/>
		<feat xlink:href="#sSpan331" value="IN"/>
		<feat xlink:href="#sSpan332" value="TO"/>
		<feat xlink:href="#sSpan333" value="WRB"/>
		<feat xlink:href="#sSpan334" value="DT"/>
		<feat xlink:href="#sSpan335" value="VVN"/>
		<feat xlink:href="#sSpan336" value="TO"/>
		<feat xlink:href="#sSpan337" value="CC"/>
		<feat xlink:href="#sSpan338" value="("/>
		<feat xlink:href="#sSpan339" value="NN"/>
		<feat xlink:href="#sSpan340" value="NNS"/>
		<feat xlink:href="#sSpan341" value="("/>
		<feat xlink:href="#sSpan342" value="NN"/>
		<feat xlink:href="#sSpan343" value="("/>
		<feat xlink:href="#sSpan344" value="NN"/>
		<feat xlink:href="#sSpan345" value="NPS"/>
		<feat xlink:href="#sSpan346" value="NN"/>
		<feat xlink:href="#sSpan347" value="NN"/>
		<feat xlink:href="#sSpan348" value="JJ"/>
		<feat xlink:href="#sSpan349" value="NP"/>
		<feat xlink:href="#sSpan350" value="NN"/>
		<feat xlink:href="#sSpan351" value="NN"/>
		<feat xlink:href="#sSpan352" value="("/>
		<feat xlink:href="#sSpan353" value="JJ"/>
		<feat xlink:href="#sSpan354" value="JJ"/>
		<feat xlink:href="#sSpan355" value="("/>
		<feat xlink:href="#sSpan356" value="TO"/>
		<feat xlink:href="#sSpan357" value="TO"/>
		<feat xlink:href="#sSpan358" value="TO"/>
		<feat xlink:href="#sSpan359" value="PP"/>
		<feat xlink:href="#sSpan360" value="WP"/>
		<feat xlink:href="#sSpan361" value="("/>
		<feat xlink:href="#sSpan362" value="TO"/>
		<feat xlink:href="#sSpan363" value="TO"/>
		<feat xlink:href="#sSpan364" value="IN"/>
		<feat xlink:href="#sSpan365" value="("/>
		<feat xlink:href="#sSpan366" value="("/>
		<feat xlink:href="#sSpan367" value="TO"/>
		<feat xlink:href="#sSpan368" value="TO"/>
		<feat xlink:href="#sSpan369" value="IN"/>
		<feat xlink:href="#sSpan370" value="("/>
		<feat xlink:href="#sSpan371" value="TO"/>
		<feat xlink:href="#sSpan372" value="TO"/>
		<feat xlink:href="#sSpan373" value="("/>
		<feat xlink:href="#sSpan374" value="PP"/>
		<feat xlink:href="#sSpan375" value="PP"/>
		<feat xlink:href="#sSpan376" value="("/>
		<feat xlink:href="#sSpan377" value="TO"/>
		<feat xlink:href="#sSpan378" value="IN"/>
		<feat xlink:href="#sSpan379" value="("/>
		<feat xlink:href="#sSpan380" value="TO"/>
		<feat xlink:href="#sSpan381" value="TO"/>
		<feat xlink:href="#sSpan382" value="("/>
		<feat xlink:href="#sSpan383" value="TO"/>
		<feat xlink:href="#sSpan384" value="TO"/>
		<feat xlink:href="#sSpan385" value="NNS"/>
		<feat xlink:href="#sSpan386" value="("/>
		<feat xlink:href="#sSpan387" value="TO"/>
		<feat xlink:href="#sSpan388" value="IN"/>
		<feat xlink:href="#sSpan389" value="("/>
		<feat xlink:href="#sSpan390" value="TO"/>
		<feat xlink:href="#sSpan391" value="VHG"/>
		<feat xlink:href="#sSpan392" value="PP"/>
		<feat xlink:href="#sSpan393" value="("/>
		<feat xlink:href="#sSpan394" value="TO"/>
		<feat xlink:href="#sSpan395" value="TO"/>
		<feat xlink:href="#sSpan396" value="("/>
		<feat xlink:href="#sSpan397" value="TO"/>
		<feat xlink:href="#sSpan398" value="TO"/>
		<feat xlink:href="#sSpan399" value="TO"/>
		<feat xlink:href="#sSpan400" value="TO"/>
		<feat xlink:href="#sSpan401" value="("/>
		<feat xlink:href="#sSpan402" value="TO"/>
		<feat xlink:href="#sSpan403" value="TO"/>
		<feat xlink:href="#sSpan404" value="NPS"/>
		<feat xlink:href="#sSpan405" value="NN"/>
		<feat xlink:href="#sSpan406" value="NN"/>
		<feat xlink:href="#sSpan407" value="NN"/>
		<feat xlink:href="#sSpan408" value="NN"/>
		<feat xlink:href="#sSpan409" value="("/>
		<feat xlink:href="#sSpan410" value="JJ"/>
		<feat xlink:href="#sSpan411" value="("/>
		<feat xlink:href="#sSpan412" value="JJ"/>
		<feat xlink:href="#sSpan413" value="("/>
		<feat xlink:href="#sSpan414" value="JJ"/>
		<feat xlink:href="#sSpan415" value="("/>
		<feat xlink:href="#sSpan416" value="IN"/></featList></paula>