<?xml version='1.0' encoding='UTF-8'?><!DOCTYPE paula SYSTEM "paula_mark.dtd">
<paula version="1.1">
	<header paula_id="rsd.GENTLE_dictionary_trust.mark"/>
	<markList xmlns:xlink="http://www.w3.org/1999/xlink" type="rsd" xml:base="GENTLE_dictionary_trust.tok.xml">
		<!--trust-->
		<mark id="sSpan247" xlink:href="#sTok1"/>
		<!--English-->
		<mark id="sSpan248" xlink:href="#sTok2"/>
		<!--Etymology-->
		<mark id="sSpan249" xlink:href="#sTok3"/>
		<!--From Middle English trust-->
		<mark id="sSpan250" xlink:href="#sTok4 #sTok5 #sTok6 #sTok7"/>
		<!--( “ trust , protection ” ) .-->
		<mark id="sSpan251" xlink:href="#sTok8 #sTok9 #sTok10 #sTok11 #sTok12 #sTok13 #sTok14 #sTok15"/>
		<!--Long considered a borrowing from Old Norse traust-->
		<mark id="sSpan252" xlink:href="#sTok16 #sTok17 #sTok18 #sTok19 #sTok20 #sTok21 #sTok22 #sTok23"/>
		<!--( “ confidence , help , protection ” ) ,-->
		<mark id="sSpan253" xlink:href="#sTok24 #sTok25 #sTok26 #sTok27 #sTok28 #sTok29 #sTok30 #sTok31 #sTok32 #sTok33"/>
		<!--itself from Proto - Germanic *traustą ,-->
		<mark id="sSpan254" xlink:href="#sTok34 #sTok35 #sTok36 #sTok37 #sTok38 #sTok39 #sTok40"/>
		<!--but the root vocalism is incompatible ,-->
		<mark id="sSpan255" xlink:href="#sTok41 #sTok42 #sTok43 #sTok44 #sTok45 #sTok46 #sTok47"/>
		<!--and now it 's considered a reflex of an unattested Old English *trust , from a rare zero - grade proto - Germanic variant of the same root-->
		<mark id="sSpan256" xlink:href="#sTok48 #sTok49 #sTok50 #sTok51 #sTok52 #sTok53 #sTok54 #sTok55 #sTok56 #sTok57 #sTok58 #sTok59 #sTok60 #sTok61 #sTok62 #sTok63 #sTok64 #sTok65 #sTok66 #sTok67 #sTok68 #sTok69 #sTok70 #sTok71 #sTok72 #sTok73 #sTok74 #sTok75"/>
		<!--also attested in Middle High German getrüste-->
		<mark id="sSpan257" xlink:href="#sTok76 #sTok77 #sTok78 #sTok79 #sTok80 #sTok81 #sTok82"/>
		<!--( “ host ” ) .-->
		<mark id="sSpan258" xlink:href="#sTok83 #sTok84 #sTok85 #sTok86 #sTok87 #sTok88"/>
		<!--Ultimately from Proto - Indo - European *deru- -->
		<mark id="sSpan259" xlink:href="#sTok89 #sTok90 #sTok91 #sTok92 #sTok93 #sTok94 #sTok95 #sTok96"/>
		<!--( be firm , hard , solid ” ) .-->
		<mark id="sSpan260" xlink:href="#sTok97 #sTok98 #sTok99 #sTok100 #sTok101 #sTok102 #sTok103 #sTok104 #sTok105 #sTok106"/>
		<!--Akin to Danish trøst-->
		<mark id="sSpan261" xlink:href="#sTok107 #sTok108 #sTok109 #sTok110"/>
		<!--( “ comfort , solace ” ) ,-->
		<mark id="sSpan262" xlink:href="#sTok111 #sTok112 #sTok113 #sTok114 #sTok115 #sTok116 #sTok117 #sTok118"/>
		<!--Saterland Frisian Traast-->
		<mark id="sSpan263" xlink:href="#sTok119 #sTok120 #sTok121"/>
		<!--( “ comfort , solace ” ) ,-->
		<mark id="sSpan264" xlink:href="#sTok122 #sTok123 #sTok124 #sTok125 #sTok126 #sTok127 #sTok128 #sTok129"/>
		<!--West Frisian treast-->
		<mark id="sSpan265" xlink:href="#sTok130 #sTok131 #sTok132"/>
		<!--( “ comfort , solace ” ) ,-->
		<mark id="sSpan266" xlink:href="#sTok133 #sTok134 #sTok135 #sTok136 #sTok137 #sTok138 #sTok139 #sTok140"/>
		<!--Dutch troost-->
		<mark id="sSpan267" xlink:href="#sTok141 #sTok142"/>
		<!--( “ comfort , consolation ” ) ,-->
		<mark id="sSpan268" xlink:href="#sTok143 #sTok144 #sTok145 #sTok146 #sTok147 #sTok148 #sTok149 #sTok150"/>
		<!--German Trost-->
		<mark id="sSpan269" xlink:href="#sTok151 #sTok152"/>
		<!--( “ comfort , consolation ” ) ,-->
		<mark id="sSpan270" xlink:href="#sTok153 #sTok154 #sTok155 #sTok156 #sTok157 #sTok158 #sTok159 #sTok160"/>
		<!--Gothic trausti-->
		<mark id="sSpan271" xlink:href="#sTok161 #sTok162"/>
		<!--( trausti , “ alliance , pact ” ) .-->
		<mark id="sSpan272" xlink:href="#sTok163 #sTok164 #sTok165 #sTok166 #sTok167 #sTok168 #sTok169 #sTok170 #sTok171 #sTok172"/>
		<!--Doublet of tryst .-->
		<mark id="sSpan273" xlink:href="#sTok173 #sTok174 #sTok175 #sTok176"/>
		<!--More at true , tree .-->
		<mark id="sSpan274" xlink:href="#sTok177 #sTok178 #sTok179 #sTok180 #sTok181 #sTok182"/>
		<!--Pronunciation-->
		<mark id="sSpan275" xlink:href="#sTok183"/>
		<!--enPR :-->
		<mark id="sSpan276" xlink:href="#sTok184 #sTok185"/>
		<!--trŭst ,-->
		<mark id="sSpan277" xlink:href="#sTok186 #sTok187"/>
		<!--IPA-->
		<mark id="sSpan278" xlink:href="#sTok188"/>
		<!--( key ) :-->
		<mark id="sSpan279" xlink:href="#sTok189 #sTok190 #sTok191 #sTok192"/>
		<!--/trʌst/ , [tɹʌst] , [tɹɐst] , [t͡ʃɹ-]-->
		<mark id="sSpan280" xlink:href="#sTok193 #sTok194 #sTok195 #sTok196 #sTok197 #sTok198 #sTok199"/>
		<!--( Northern England )-->
		<mark id="sSpan281" xlink:href="#sTok200 #sTok201 #sTok202 #sTok203"/>
		<!--IPA-->
		<mark id="sSpan282" xlink:href="#sTok204"/>
		<!--( key ) :-->
		<mark id="sSpan283" xlink:href="#sTok205 #sTok206 #sTok207 #sTok208"/>
		<!--/trʊst/-->
		<mark id="sSpan284" xlink:href="#sTok209"/>
		<!--Audio-->
		<mark id="sSpan285" xlink:href="#sTok210"/>
		<!--( GA )-->
		<mark id="sSpan286" xlink:href="#sTok211 #sTok212 #sTok213"/>
		<!--Rhymes :-->
		<mark id="sSpan287" xlink:href="#sTok214 #sTok215"/>
		<!---ʌst-->
		<mark id="sSpan288" xlink:href="#sTok216"/>
		<!--Noun-->
		<mark id="sSpan289" xlink:href="#sTok217"/>
		<!--trust-->
		<mark id="sSpan290" xlink:href="#sTok218"/>
		<!--( countable and uncountable , plural trusts )-->
		<mark id="sSpan291" xlink:href="#sTok219 #sTok220 #sTok221 #sTok222 #sTok223 #sTok224 #sTok225 #sTok226"/>
		<!--Confidence in or reliance on some person or quality .-->
		<mark id="sSpan292" xlink:href="#sTok227 #sTok228 #sTok229 #sTok230 #sTok231 #sTok232 #sTok233 #sTok234 #sTok235 #sTok236"/>
		<!--He needs to regain her trust-->
		<mark id="sSpan293" xlink:href="#sTok237 #sTok238 #sTok239 #sTok240 #sTok241 #sTok242"/>
		<!--if he is ever going to win her back .-->
		<mark id="sSpan294" xlink:href="#sTok243 #sTok244 #sTok245 #sTok246 #sTok247 #sTok248 #sTok249 #sTok250 #sTok251 #sTok252"/>
		<!--to lose trust in someone-->
		<mark id="sSpan295" xlink:href="#sTok253 #sTok254 #sTok255 #sTok256 #sTok257"/>
		<!--build up trust-->
		<mark id="sSpan296" xlink:href="#sTok258 #sTok259 #sTok260"/>
		<!--a relationship-->
		<mark id="sSpan297" xlink:href="#sTok261 #sTok262"/>
		<!--built on mutual trust-->
		<mark id="sSpan298" xlink:href="#sTok263 #sTok264 #sTok265 #sTok266"/>
		<!--Dependence upon something in the future ; hope .-->
		<mark id="sSpan299" xlink:href="#sTok267 #sTok268 #sTok269 #sTok270 #sTok271 #sTok272 #sTok273 #sTok274 #sTok275"/>
		<!--Confidence in the future payment for goods or services-->
		<mark id="sSpan300" xlink:href="#sTok276 #sTok277 #sTok278 #sTok279 #sTok280 #sTok281 #sTok282 #sTok283 #sTok284"/>
		<!--supplied ;-->
		<mark id="sSpan301" xlink:href="#sTok285 #sTok286"/>
		<!--credit .-->
		<mark id="sSpan302" xlink:href="#sTok287 #sTok288"/>
		<!--I was out of cash ,-->
		<mark id="sSpan303" xlink:href="#sTok289 #sTok290 #sTok291 #sTok292 #sTok293 #sTok294"/>
		<!--but the landlady let me have it on trust .-->
		<mark id="sSpan304" xlink:href="#sTok295 #sTok296 #sTok297 #sTok298 #sTok299 #sTok300 #sTok301 #sTok302 #sTok303 #sTok304"/>
		<!--That-->
		<mark id="sSpan305" xlink:href="#sTok305"/>
		<!--which is committed or entrusted ;-->
		<mark id="sSpan306" xlink:href="#sTok306 #sTok307 #sTok308 #sTok309 #sTok310 #sTok311"/>
		<!--something-->
		<mark id="sSpan307" xlink:href="#sTok312"/>
		<!--received in confidence ;-->
		<mark id="sSpan308" xlink:href="#sTok313 #sTok314 #sTok315 #sTok316"/>
		<!--a charge .-->
		<mark id="sSpan309" xlink:href="#sTok317 #sTok318 #sTok319"/>
		<!--That-->
		<mark id="sSpan310" xlink:href="#sTok320"/>
		<!--upon which confidence is reposed ;-->
		<mark id="sSpan311" xlink:href="#sTok321 #sTok322 #sTok323 #sTok324 #sTok325 #sTok326"/>
		<!--ground of reliance ; hope .-->
		<mark id="sSpan312" xlink:href="#sTok327 #sTok328 #sTok329 #sTok330 #sTok331 #sTok332"/>
		<!--( rare )-->
		<mark id="sSpan313" xlink:href="#sTok333 #sTok334 #sTok335"/>
		<!--Trustworthiness , reliability .-->
		<mark id="sSpan314" xlink:href="#sTok336 #sTok337 #sTok338 #sTok339"/>
		<!--The condition or obligation of one-->
		<mark id="sSpan315" xlink:href="#sTok340 #sTok341 #sTok342 #sTok343 #sTok344 #sTok345"/>
		<!--to whom anything is confided ;-->
		<mark id="sSpan316" xlink:href="#sTok346 #sTok347 #sTok348 #sTok349 #sTok350 #sTok351"/>
		<!--responsible charge or office .-->
		<mark id="sSpan317" xlink:href="#sTok352 #sTok353 #sTok354 #sTok355 #sTok356"/>
		<!--( law )-->
		<mark id="sSpan318" xlink:href="#sTok357 #sTok358 #sTok359"/>
		<!--The confidence-->
		<mark id="sSpan319" xlink:href="#sTok360 #sTok361"/>
		<!--vested in a person-->
		<mark id="sSpan320" xlink:href="#sTok362 #sTok363 #sTok364 #sTok365"/>
		<!--who has legal ownership of a property-->
		<mark id="sSpan321" xlink:href="#sTok366 #sTok367 #sTok368 #sTok369 #sTok370 #sTok371 #sTok372"/>
		<!--to manage for the benefit of another .-->
		<mark id="sSpan322" xlink:href="#sTok373 #sTok374 #sTok375 #sTok376 #sTok377 #sTok378 #sTok379 #sTok380"/>
		<!--I put the house into my sister 's trust .-->
		<mark id="sSpan323" xlink:href="#sTok381 #sTok382 #sTok383 #sTok384 #sTok385 #sTok386 #sTok387 #sTok388 #sTok389 #sTok390"/>
		<!--( law )-->
		<mark id="sSpan324" xlink:href="#sTok391 #sTok392 #sTok393"/>
		<!--An arrangement-->
		<mark id="sSpan325" xlink:href="#sTok394 #sTok395"/>
		<!--whereby property or money is given-->
		<mark id="sSpan326" xlink:href="#sTok396 #sTok397 #sTok398 #sTok399 #sTok400 #sTok401"/>
		<!--to be held by a third party-->
		<mark id="sSpan327" xlink:href="#sTok402 #sTok403 #sTok404 #sTok405 #sTok406 #sTok407 #sTok408"/>
		<!--( a trustee ) ,-->
		<mark id="sSpan328" xlink:href="#sTok409 #sTok410 #sTok411 #sTok412 #sTok413"/>
		<!--on the basis-->
		<mark id="sSpan329" xlink:href="#sTok414 #sTok415 #sTok416"/>
		<!--that it will be managed for the benefit of , or eventually transferred to , a stated beneficiary ;-->
		<mark id="sSpan330" xlink:href="#sTok417 #sTok418 #sTok419 #sTok420 #sTok421 #sTok422 #sTok423 #sTok424 #sTok425 #sTok426 #sTok427 #sTok428 #sTok429 #sTok430 #sTok431 #sTok432 #sTok433 #sTok434 #sTok435"/>
		<!--for example , money-->
		<mark id="sSpan331" xlink:href="#sTok436 #sTok437 #sTok438 #sTok439"/>
		<!--to be given to a child-->
		<mark id="sSpan332" xlink:href="#sTok440 #sTok441 #sTok442 #sTok443 #sTok444 #sTok445"/>
		<!--when he or she reaches adulthood .-->
		<mark id="sSpan333" xlink:href="#sTok446 #sTok447 #sTok448 #sTok449 #sTok450 #sTok451 #sTok452"/>
		<!--A group of businessmen or traders-->
		<mark id="sSpan334" xlink:href="#sTok453 #sTok454 #sTok455 #sTok456 #sTok457 #sTok458"/>
		<!--organised for mutual benefit-->
		<mark id="sSpan335" xlink:href="#sTok459 #sTok460 #sTok461 #sTok462"/>
		<!--to produce and distribute specific commodities or services ,-->
		<mark id="sSpan336" xlink:href="#sTok463 #sTok464 #sTok465 #sTok466 #sTok467 #sTok468 #sTok469 #sTok470 #sTok471"/>
		<!--and managed by a central body of trustees .-->
		<mark id="sSpan337" xlink:href="#sTok472 #sTok473 #sTok474 #sTok475 #sTok476 #sTok477 #sTok478 #sTok479 #sTok480"/>
		<!--( computing )-->
		<mark id="sSpan338" xlink:href="#sTok481 #sTok482 #sTok483"/>
		<!--Affirmation of the access rights of a user of a computer system .-->
		<mark id="sSpan339" xlink:href="#sTok484 #sTok485 #sTok486 #sTok487 #sTok488 #sTok489 #sTok490 #sTok491 #sTok492 #sTok493 #sTok494 #sTok495 #sTok496"/>
		<!--Synonyms-->
		<mark id="sSpan340" xlink:href="#sTok497"/>
		<!--( confidence in a person or quality )-->
		<mark id="sSpan341" xlink:href="#sTok498 #sTok499 #sTok500 #sTok501 #sTok502 #sTok503 #sTok504 #sTok505"/>
		<!--belief , confidence , faith-->
		<mark id="sSpan342" xlink:href="#sTok506 #sTok507 #sTok508 #sTok509 #sTok510"/>
		<!--( hope )-->
		<mark id="sSpan343" xlink:href="#sTok511 #sTok512 #sTok513"/>
		<!--expectation , hope-->
		<mark id="sSpan344" xlink:href="#sTok514 #sTok515 #sTok516"/>
		<!--Antonyms-->
		<mark id="sSpan345" xlink:href="#sTok517"/>
		<!--distrust-->
		<mark id="sSpan346" xlink:href="#sTok518"/>
		<!--mistrust-->
		<mark id="sSpan347" xlink:href="#sTok519"/>
		<!--untrust-->
		<mark id="sSpan348" xlink:href="#sTok520"/>
		<!--wantrust-->
		<mark id="sSpan349" xlink:href="#sTok521"/>
		<!--Verb-->
		<mark id="sSpan350" xlink:href="#sTok522"/>
		<!--trust-->
		<mark id="sSpan351" xlink:href="#sTok523"/>
		<!--( third - person singular simple present trusts ,-->
		<mark id="sSpan352" xlink:href="#sTok524 #sTok525 #sTok526 #sTok527 #sTok528 #sTok529 #sTok530 #sTok531 #sTok532"/>
		<!--present participle trusting ,-->
		<mark id="sSpan353" xlink:href="#sTok533 #sTok534 #sTok535 #sTok536"/>
		<!--simple past and past participle trusted )-->
		<mark id="sSpan354" xlink:href="#sTok537 #sTok538 #sTok539 #sTok540 #sTok541 #sTok542 #sTok543"/>
		<!--( transitive )-->
		<mark id="sSpan355" xlink:href="#sTok544 #sTok545 #sTok546"/>
		<!--To place confidence in ,-->
		<mark id="sSpan356" xlink:href="#sTok547 #sTok548 #sTok549 #sTok550 #sTok551"/>
		<!--to rely on ,-->
		<mark id="sSpan357" xlink:href="#sTok552 #sTok553 #sTok554 #sTok555"/>
		<!--to confide in .-->
		<mark id="sSpan358" xlink:href="#sTok556 #sTok557 #sTok558 #sTok559"/>
		<!--We can not trust anyone-->
		<mark id="sSpan359" xlink:href="#sTok560 #sTok561 #sTok562 #sTok563 #sTok564"/>
		<!--who deceives us .-->
		<mark id="sSpan360" xlink:href="#sTok565 #sTok566 #sTok567 #sTok568"/>
		<!--( intransitive , with in )-->
		<mark id="sSpan361" xlink:href="#sTok569 #sTok570 #sTok571 #sTok572 #sTok573 #sTok574"/>
		<!--To have faith in ;-->
		<mark id="sSpan362" xlink:href="#sTok575 #sTok576 #sTok577 #sTok578 #sTok579"/>
		<!--to rely on for continuing support or aid .-->
		<mark id="sSpan363" xlink:href="#sTok580 #sTok581 #sTok582 #sTok583 #sTok584 #sTok585 #sTok586 #sTok587 #sTok588"/>
		<!--In God We Trust-->
		<mark id="sSpan364" xlink:href="#sTok589 #sTok590 #sTok591 #sTok592"/>
		<!--( official US motto )-->
		<mark id="sSpan365" xlink:href="#sTok593 #sTok594 #sTok595 #sTok596 #sTok597"/>
		<!--( transitive )-->
		<mark id="sSpan366" xlink:href="#sTok598 #sTok599 #sTok600"/>
		<!--To give credence to ;-->
		<mark id="sSpan367" xlink:href="#sTok601 #sTok602 #sTok603 #sTok604 #sTok605"/>
		<!--to believe ;-->
		<mark id="sSpan368" xlink:href="#sTok606 #sTok607 #sTok608"/>
		<!--to credit .-->
		<mark id="sSpan369" xlink:href="#sTok609 #sTok610 #sTok611"/>
		<!--( transitive )-->
		<mark id="sSpan370" xlink:href="#sTok612 #sTok613 #sTok614"/>
		<!--To hope confidently ;-->
		<mark id="sSpan371" xlink:href="#sTok615 #sTok616 #sTok617 #sTok618"/>
		<!--to believe-->
		<mark id="sSpan372" xlink:href="#sTok619 #sTok620"/>
		<!--( usually with a phrase or infinitive clause as the object )-->
		<mark id="sSpan373" xlink:href="#sTok621 #sTok622 #sTok623 #sTok624 #sTok625 #sTok626 #sTok627 #sTok628 #sTok629 #sTok630 #sTok631 #sTok632"/>
		<!--I trust-->
		<mark id="sSpan374" xlink:href="#sTok633 #sTok634"/>
		<!--you have cleaned your room ?-->
		<mark id="sSpan375" xlink:href="#sTok635 #sTok636 #sTok637 #sTok638 #sTok639 #sTok640"/>
		<!--( transitive )-->
		<mark id="sSpan376" xlink:href="#sTok641 #sTok642 #sTok643"/>
		<!--to show confidence in a person-->
		<mark id="sSpan377" xlink:href="#sTok644 #sTok645 #sTok646 #sTok647 #sTok648 #sTok649"/>
		<!--by entrusting them with something .-->
		<mark id="sSpan378" xlink:href="#sTok650 #sTok651 #sTok652 #sTok653 #sTok654 #sTok655"/>
		<!--( transitive )-->
		<mark id="sSpan379" xlink:href="#sTok656 #sTok657 #sTok658"/>
		<!--To commit , as to one 's care ;-->
		<mark id="sSpan380" xlink:href="#sTok659 #sTok660 #sTok661 #sTok662 #sTok663 #sTok664 #sTok665 #sTok666 #sTok667"/>
		<!--to entrust .-->
		<mark id="sSpan381" xlink:href="#sTok668 #sTok669 #sTok670"/>
		<!--( transitive )-->
		<mark id="sSpan382" xlink:href="#sTok671 #sTok672 #sTok673"/>
		<!--To give credit to ;-->
		<mark id="sSpan383" xlink:href="#sTok674 #sTok675 #sTok676 #sTok677 #sTok678"/>
		<!--to sell to upon credit , or in confidence of future payment .-->
		<mark id="sSpan384" xlink:href="#sTok679 #sTok680 #sTok681 #sTok682 #sTok683 #sTok684 #sTok685 #sTok686 #sTok687 #sTok688 #sTok689 #sTok690 #sTok691"/>
		<!--Merchants and manufacturers trust their customers annually with goods .-->
		<mark id="sSpan385" xlink:href="#sTok692 #sTok693 #sTok694 #sTok695 #sTok696 #sTok697 #sTok698 #sTok699 #sTok700 #sTok701"/>
		<!--( intransitive followed by to-->
		<mark id="sSpan386" xlink:href="#sTok702 #sTok703 #sTok704 #sTok705 #sTok706"/>
		<!--To rely on ( something ) ,-->
		<mark id="sSpan387" xlink:href="#sTok707 #sTok708 #sTok709 #sTok710 #sTok711 #sTok712 #sTok713"/>
		<!--as though having trust-->
		<mark id="sSpan388" xlink:href="#sTok714 #sTok715 #sTok716 #sTok717"/>
		<!--( on it ) .-->
		<mark id="sSpan389" xlink:href="#sTok718 #sTok719 #sTok720 #sTok721 #sTok722"/>
		<!--to trust to luck-->
		<mark id="sSpan390" xlink:href="#sTok723 #sTok724 #sTok725 #sTok726"/>
		<!--Having lost the book ,-->
		<mark id="sSpan391" xlink:href="#sTok727 #sTok728 #sTok729 #sTok730 #sTok731"/>
		<!--he had to trust to his memory for further details .-->
		<mark id="sSpan392" xlink:href="#sTok732 #sTok733 #sTok734 #sTok735 #sTok736 #sTok737 #sTok738 #sTok739 #sTok740 #sTok741 #sTok742"/>
		<!--( archaic , transitive-->
		<mark id="sSpan393" xlink:href="#sTok743 #sTok744 #sTok745 #sTok746"/>
		<!--To risk ;-->
		<mark id="sSpan394" xlink:href="#sTok747 #sTok748 #sTok749"/>
		<!--to venture confidently .-->
		<mark id="sSpan395" xlink:href="#sTok750 #sTok751 #sTok752 #sTok753"/>
		<!--( intransitive )-->
		<mark id="sSpan396" xlink:href="#sTok754 #sTok755 #sTok756"/>
		<!--To have trust ;-->
		<mark id="sSpan397" xlink:href="#sTok757 #sTok758 #sTok759 #sTok760"/>
		<!--to be credulous ;-->
		<mark id="sSpan398" xlink:href="#sTok761 #sTok762 #sTok763 #sTok764"/>
		<!--to be won to confidence ;-->
		<mark id="sSpan399" xlink:href="#sTok765 #sTok766 #sTok767 #sTok768 #sTok769 #sTok770"/>
		<!--to confide .-->
		<mark id="sSpan400" xlink:href="#sTok771 #sTok772 #sTok773"/>
		<!--( archaic , intransitive-->
		<mark id="sSpan401" xlink:href="#sTok774 #sTok775 #sTok776 #sTok777"/>
		<!--To sell or deliver anything in reliance upon a promise of payment ;-->
		<mark id="sSpan402" xlink:href="#sTok778 #sTok779 #sTok780 #sTok781 #sTok782 #sTok783 #sTok784 #sTok785 #sTok786 #sTok787 #sTok788 #sTok789 #sTok790"/>
		<!--to give credit .-->
		<mark id="sSpan403" xlink:href="#sTok791 #sTok792 #sTok793 #sTok794"/>
		<!--Antonyms-->
		<mark id="sSpan404" xlink:href="#sTok795"/>
		<!--distrust-->
		<mark id="sSpan405" xlink:href="#sTok796"/>
		<!--mistrust-->
		<mark id="sSpan406" xlink:href="#sTok797"/>
		<!--Adjective-->
		<mark id="sSpan407" xlink:href="#sTok798"/>
		<!--trust-->
		<mark id="sSpan408" xlink:href="#sTok799"/>
		<!--( comparative more trust ,-->
		<mark id="sSpan409" xlink:href="#sTok800 #sTok801 #sTok802 #sTok803 #sTok804"/>
		<!--superlative most trust )-->
		<mark id="sSpan410" xlink:href="#sTok805 #sTok806 #sTok807 #sTok808"/>
		<!--( obsolete )-->
		<mark id="sSpan411" xlink:href="#sTok809 #sTok810 #sTok811"/>
		<!--Secure , safe .-->
		<mark id="sSpan412" xlink:href="#sTok812 #sTok813 #sTok814 #sTok815"/>
		<!--( obsolete )-->
		<mark id="sSpan413" xlink:href="#sTok816 #sTok817 #sTok818"/>
		<!--Faithful , dependable .-->
		<mark id="sSpan414" xlink:href="#sTok819 #sTok820 #sTok821 #sTok822"/>
		<!--( law )-->
		<mark id="sSpan415" xlink:href="#sTok823 #sTok824 #sTok825"/>
		<!--of or relating to a trust .-->
		<mark id="sSpan416" xlink:href="#sTok826 #sTok827 #sTok828 #sTok829 #sTok830 #sTok831 #sTok832"/></markList></paula>