<?xml version='1.0' encoding='UTF-8'?><!DOCTYPE paula SYSTEM "paula_feat.dtd">
<paula version="1.1">
	<header paula_id="rsd.GENTLE_dictionary_trust.mark_item"/>
	<featList xmlns:xlink="http://www.w3.org/1999/xlink" type="item" xml:base="rsd.GENTLE_dictionary_trust.mark.xml">
		<feat xlink:href="#sSpan276" value="item"/>
		<feat xlink:href="#sSpan281" value="item"/>
		<feat xlink:href="#sSpan285" value="item"/>
		<feat xlink:href="#sSpan287" value="item"/>
		<feat xlink:href="#sSpan292" value="item"/>
		<feat xlink:href="#sSpan299" value="item"/>
		<feat xlink:href="#sSpan300" value="item"/>
		<feat xlink:href="#sSpan305" value="item"/>
		<feat xlink:href="#sSpan310" value="item"/>
		<feat xlink:href="#sSpan313" value="item"/>
		<feat xlink:href="#sSpan315" value="item"/>
		<feat xlink:href="#sSpan318" value="item"/>
		<feat xlink:href="#sSpan324" value="item"/>
		<feat xlink:href="#sSpan334" value="item"/>
		<feat xlink:href="#sSpan338" value="item"/>
		<feat xlink:href="#sSpan341" value="item"/>
		<feat xlink:href="#sSpan343" value="item"/>
		<feat xlink:href="#sSpan346" value="item"/>
		<feat xlink:href="#sSpan347" value="item"/>
		<feat xlink:href="#sSpan348" value="item"/>
		<feat xlink:href="#sSpan349" value="item"/>
		<feat xlink:href="#sSpan355" value="item"/>
		<feat xlink:href="#sSpan361" value="item"/>
		<feat xlink:href="#sSpan366" value="item"/>
		<feat xlink:href="#sSpan370" value="item"/>
		<feat xlink:href="#sSpan376" value="item"/>
		<feat xlink:href="#sSpan379" value="item"/>
		<feat xlink:href="#sSpan382" value="item"/>
		<feat xlink:href="#sSpan386" value="item"/>
		<feat xlink:href="#sSpan393" value="item"/>
		<feat xlink:href="#sSpan396" value="item"/>
		<feat xlink:href="#sSpan401" value="item"/>
		<feat xlink:href="#sSpan405" value="item"/>
		<feat xlink:href="#sSpan406" value="item"/>
		<feat xlink:href="#sSpan411" value="item"/>
		<feat xlink:href="#sSpan413" value="item"/>
		<feat xlink:href="#sSpan415" value="item"/></featList></paula>