<?xml version='1.0' encoding='UTF-8'?><!DOCTYPE paula SYSTEM "paula_feat.dtd">
<paula version="1.1">
	<header paula_id="rsd.GENTLE_dictionary_trust.mark_head_tok"/>
	<featList xmlns:xlink="http://www.w3.org/1999/xlink" type="head_tok" xml:base="rsd.GENTLE_dictionary_trust.mark.xml">
		<feat xlink:href="#sSpan1" value="trust"/>
		<feat xlink:href="#sSpan2" value="English"/>
		<feat xlink:href="#sSpan3" value="etymology"/>
		<feat xlink:href="#sSpan4" value="trust"/>
		<feat xlink:href="#sSpan5" value="protection"/>
		<feat xlink:href="#sSpan6" value="consider"/>
		<feat xlink:href="#sSpan7" value="protection"/>
		<feat xlink:href="#sSpan8" value="itself"/>
		<feat xlink:href="#sSpan9" value="incompatible"/>
		<feat xlink:href="#sSpan10" value="consider"/>
		<feat xlink:href="#sSpan11" value="attest"/>
		<feat xlink:href="#sSpan12" value="host"/>
		<feat xlink:href="#sSpan13" value="*deru-"/>
		<feat xlink:href="#sSpan14" value="solid"/>
		<feat xlink:href="#sSpan15" value="akin"/>
		<feat xlink:href="#sSpan16" value="comfort"/>
		<feat xlink:href="#sSpan17" value="Traast"/>
		<feat xlink:href="#sSpan18" value="comfort"/>
		<feat xlink:href="#sSpan19" value="treast"/>
		<feat xlink:href="#sSpan20" value="comfort"/>
		<feat xlink:href="#sSpan21" value="troost"/>
		<feat xlink:href="#sSpan22" value="consolation"/>
		<feat xlink:href="#sSpan23" value="Trost"/>
		<feat xlink:href="#sSpan24" value="comfort"/>
		<feat xlink:href="#sSpan25" value="trausti"/>
		<feat xlink:href="#sSpan26" value="trausti"/>
		<feat xlink:href="#sSpan27" value="doublet"/>
		<feat xlink:href="#sSpan28" value="more"/>
		<feat xlink:href="#sSpan29" value="pronunciation"/>
		<feat xlink:href="#sSpan30" value="enPR"/>
		<feat xlink:href="#sSpan31" value="trŭst"/>
		<feat xlink:href="#sSpan32" value="IPA"/>
		<feat xlink:href="#sSpan33" value="key"/>
		<feat xlink:href="#sSpan34" value="/trʌst/"/>
		<feat xlink:href="#sSpan35" value="England"/>
		<feat xlink:href="#sSpan36" value="IPA"/>
		<feat xlink:href="#sSpan37" value="key"/>
		<feat xlink:href="#sSpan38" value="/trʊst/"/>
		<feat xlink:href="#sSpan39" value="audio"/>
		<feat xlink:href="#sSpan40" value="GA"/>
		<feat xlink:href="#sSpan41" value="rhyme"/>
		<feat xlink:href="#sSpan42" value="-ʌst"/>
		<feat xlink:href="#sSpan43" value="noun"/>
		<feat xlink:href="#sSpan44" value="trust"/>
		<feat xlink:href="#sSpan45" value="trust"/>
		<feat xlink:href="#sSpan46" value="confidence"/>
		<feat xlink:href="#sSpan47" value="need"/>
		<feat xlink:href="#sSpan48" value="go"/>
		<feat xlink:href="#sSpan49" value="lose"/>
		<feat xlink:href="#sSpan50" value="build"/>
		<feat xlink:href="#sSpan51" value="relationship"/>
		<feat xlink:href="#sSpan52" value="build"/>
		<feat xlink:href="#sSpan53" value="dependence"/>
		<feat xlink:href="#sSpan54" value="confidence"/>
		<feat xlink:href="#sSpan55" value="supply"/>
		<feat xlink:href="#sSpan56" value="credit"/>
		<feat xlink:href="#sSpan57" value="out"/>
		<feat xlink:href="#sSpan58" value="let"/>
		<feat xlink:href="#sSpan59" value="that"/>
		<feat xlink:href="#sSpan60" value="commit"/>
		<feat xlink:href="#sSpan61" value="something"/>
		<feat xlink:href="#sSpan62" value="receive"/>
		<feat xlink:href="#sSpan63" value="charge"/>
		<feat xlink:href="#sSpan64" value="that"/>
		<feat xlink:href="#sSpan65" value="repose"/>
		<feat xlink:href="#sSpan66" value="ground"/>
		<feat xlink:href="#sSpan67" value="rare"/>
		<feat xlink:href="#sSpan68" value="trustworthiness"/>
		<feat xlink:href="#sSpan69" value="condition"/>
		<feat xlink:href="#sSpan70" value="confide"/>
		<feat xlink:href="#sSpan71" value="charge"/>
		<feat xlink:href="#sSpan72" value="law"/>
		<feat xlink:href="#sSpan73" value="confidence"/>
		<feat xlink:href="#sSpan74" value="vest"/>
		<feat xlink:href="#sSpan75" value="have"/>
		<feat xlink:href="#sSpan76" value="manage"/>
		<feat xlink:href="#sSpan77" value="put"/>
		<feat xlink:href="#sSpan78" value="law"/>
		<feat xlink:href="#sSpan79" value="arrangement"/>
		<feat xlink:href="#sSpan80" value="give"/>
		<feat xlink:href="#sSpan81" value="hold"/>
		<feat xlink:href="#sSpan82" value="trustee"/>
		<feat xlink:href="#sSpan83" value="basis"/>
		<feat xlink:href="#sSpan84" value="manage"/>
		<feat xlink:href="#sSpan85" value="money"/>
		<feat xlink:href="#sSpan86" value="give"/>
		<feat xlink:href="#sSpan87" value="reach"/>
		<feat xlink:href="#sSpan88" value="group"/>
		<feat xlink:href="#sSpan89" value="organise"/>
		<feat xlink:href="#sSpan90" value="produce"/>
		<feat xlink:href="#sSpan91" value="manage"/>
		<feat xlink:href="#sSpan92" value="computing"/>
		<feat xlink:href="#sSpan93" value="affirmation"/>
		<feat xlink:href="#sSpan94" value="synonym"/>
		<feat xlink:href="#sSpan95" value="confidence"/>
		<feat xlink:href="#sSpan96" value="belief"/>
		<feat xlink:href="#sSpan97" value="hope"/>
		<feat xlink:href="#sSpan98" value="expectation"/>
		<feat xlink:href="#sSpan99" value="Antonym"/>
		<feat xlink:href="#sSpan100" value="distrust"/>
		<feat xlink:href="#sSpan101" value="mistrust"/>
		<feat xlink:href="#sSpan102" value="untrust"/>
		<feat xlink:href="#sSpan103" value="wantrust"/>
		<feat xlink:href="#sSpan104" value="verb"/>
		<feat xlink:href="#sSpan105" value="trust"/>
		<feat xlink:href="#sSpan106" value="trust"/>
		<feat xlink:href="#sSpan107" value="trust"/>
		<feat xlink:href="#sSpan108" value="trust"/>
		<feat xlink:href="#sSpan109" value="transitive"/>
		<feat xlink:href="#sSpan110" value="place"/>
		<feat xlink:href="#sSpan111" value="rely"/>
		<feat xlink:href="#sSpan112" value="confide"/>
		<feat xlink:href="#sSpan113" value="trust"/>
		<feat xlink:href="#sSpan114" value="deceive"/>
		<feat xlink:href="#sSpan115" value="intransitive"/>
		<feat xlink:href="#sSpan116" value="have"/>
		<feat xlink:href="#sSpan117" value="rely"/>
		<feat xlink:href="#sSpan118" value="trust"/>
		<feat xlink:href="#sSpan119" value="motto"/>
		<feat xlink:href="#sSpan120" value="transitive"/>
		<feat xlink:href="#sSpan121" value="give"/>
		<feat xlink:href="#sSpan122" value="believe"/>
		<feat xlink:href="#sSpan123" value="credit"/>
		<feat xlink:href="#sSpan124" value="transitive"/>
		<feat xlink:href="#sSpan125" value="hope"/>
		<feat xlink:href="#sSpan126" value="believe"/>
		<feat xlink:href="#sSpan127" value="object"/>
		<feat xlink:href="#sSpan128" value="trust"/>
		<feat xlink:href="#sSpan129" value="clean"/>
		<feat xlink:href="#sSpan130" value="transitive"/>
		<feat xlink:href="#sSpan131" value="show"/>
		<feat xlink:href="#sSpan132" value="entrust"/>
		<feat xlink:href="#sSpan133" value="transitive"/>
		<feat xlink:href="#sSpan134" value="commit"/>
		<feat xlink:href="#sSpan135" value="entrust"/>
		<feat xlink:href="#sSpan136" value="transitive"/>
		<feat xlink:href="#sSpan137" value="give"/>
		<feat xlink:href="#sSpan138" value="sell"/>
		<feat xlink:href="#sSpan139" value="trust"/>
		<feat xlink:href="#sSpan140" value="intransitive"/>
		<feat xlink:href="#sSpan141" value="rely"/>
		<feat xlink:href="#sSpan142" value="have"/>
		<feat xlink:href="#sSpan143" value="it"/>
		<feat xlink:href="#sSpan144" value="trust"/>
		<feat xlink:href="#sSpan145" value="lose"/>
		<feat xlink:href="#sSpan146" value="have"/>
		<feat xlink:href="#sSpan147" value="archaic"/>
		<feat xlink:href="#sSpan148" value="risk"/>
		<feat xlink:href="#sSpan149" value="venture"/>
		<feat xlink:href="#sSpan150" value="intransitive"/>
		<feat xlink:href="#sSpan151" value="have"/>
		<feat xlink:href="#sSpan152" value="credulous"/>
		<feat xlink:href="#sSpan153" value="win"/>
		<feat xlink:href="#sSpan154" value="confide"/>
		<feat xlink:href="#sSpan155" value="archaic"/>
		<feat xlink:href="#sSpan156" value="sell"/>
		<feat xlink:href="#sSpan157" value="give"/>
		<feat xlink:href="#sSpan158" value="Antonym"/>
		<feat xlink:href="#sSpan159" value="distrust"/>
		<feat xlink:href="#sSpan160" value="mistrust"/>
		<feat xlink:href="#sSpan161" value="adjective"/>
		<feat xlink:href="#sSpan162" value="trust"/>
		<feat xlink:href="#sSpan163" value="trust"/>
		<feat xlink:href="#sSpan164" value="trust"/>
		<feat xlink:href="#sSpan165" value="obsolete"/>
		<feat xlink:href="#sSpan166" value="secure"/>
		<feat xlink:href="#sSpan167" value="obsolete"/>
		<feat xlink:href="#sSpan168" value="Faithful"/>
		<feat xlink:href="#sSpan169" value="law"/>
		<feat xlink:href="#sSpan170" value="of"/></featList></paula>