<?xml version='1.0' encoding='UTF-8'?><!DOCTYPE paula SYSTEM "paula_feat.dtd">
<paula version="1.1">
	<header paula_id="rsd.GENTLE_dictionary_trust.mark_head_pos"/>
	<featList xmlns:xlink="http://www.w3.org/1999/xlink" type="head_pos" xml:base="rsd.GENTLE_dictionary_trust.mark.xml">
		<feat xlink:href="#sSpan1" value="NN"/>
		<feat xlink:href="#sSpan2" value="NP"/>
		<feat xlink:href="#sSpan3" value="NN"/>
		<feat xlink:href="#sSpan4" value="NN"/>
		<feat xlink:href="#sSpan5" value="NN"/>
		<feat xlink:href="#sSpan6" value="VVN"/>
		<feat xlink:href="#sSpan7" value="NN"/>
		<feat xlink:href="#sSpan8" value="PP"/>
		<feat xlink:href="#sSpan9" value="JJ"/>
		<feat xlink:href="#sSpan10" value="VVN"/>
		<feat xlink:href="#sSpan11" value="VVN"/>
		<feat xlink:href="#sSpan12" value="NN"/>
		<feat xlink:href="#sSpan13" value="FW"/>
		<feat xlink:href="#sSpan14" value="JJ"/>
		<feat xlink:href="#sSpan15" value="JJ"/>
		<feat xlink:href="#sSpan16" value="NN"/>
		<feat xlink:href="#sSpan17" value="FW"/>
		<feat xlink:href="#sSpan18" value="NN"/>
		<feat xlink:href="#sSpan19" value="FW"/>
		<feat xlink:href="#sSpan20" value="NN"/>
		<feat xlink:href="#sSpan21" value="FW"/>
		<feat xlink:href="#sSpan22" value="NN"/>
		<feat xlink:href="#sSpan23" value="FW"/>
		<feat xlink:href="#sSpan24" value="NN"/>
		<feat xlink:href="#sSpan25" value="FW"/>
		<feat xlink:href="#sSpan26" value="FW"/>
		<feat xlink:href="#sSpan27" value="NN"/>
		<feat xlink:href="#sSpan28" value="JJR"/>
		<feat xlink:href="#sSpan29" value="NN"/>
		<feat xlink:href="#sSpan30" value="NP"/>
		<feat xlink:href="#sSpan31" value="NN"/>
		<feat xlink:href="#sSpan32" value="NP"/>
		<feat xlink:href="#sSpan33" value="NN"/>
		<feat xlink:href="#sSpan34" value="NN"/>
		<feat xlink:href="#sSpan35" value="NP"/>
		<feat xlink:href="#sSpan36" value="NP"/>
		<feat xlink:href="#sSpan37" value="NN"/>
		<feat xlink:href="#sSpan38" value="NN"/>
		<feat xlink:href="#sSpan39" value="NN"/>
		<feat xlink:href="#sSpan40" value="NP"/>
		<feat xlink:href="#sSpan41" value="NNS"/>
		<feat xlink:href="#sSpan42" value="NN"/>
		<feat xlink:href="#sSpan43" value="NN"/>
		<feat xlink:href="#sSpan44" value="NN"/>
		<feat xlink:href="#sSpan45" value="NNS"/>
		<feat xlink:href="#sSpan46" value="NN"/>
		<feat xlink:href="#sSpan47" value="VVZ"/>
		<feat xlink:href="#sSpan48" value="VVG"/>
		<feat xlink:href="#sSpan49" value="VV"/>
		<feat xlink:href="#sSpan50" value="VV"/>
		<feat xlink:href="#sSpan51" value="NN"/>
		<feat xlink:href="#sSpan52" value="VVN"/>
		<feat xlink:href="#sSpan53" value="NN"/>
		<feat xlink:href="#sSpan54" value="NN"/>
		<feat xlink:href="#sSpan55" value="VVN"/>
		<feat xlink:href="#sSpan56" value="NN"/>
		<feat xlink:href="#sSpan57" value="IN"/>
		<feat xlink:href="#sSpan58" value="VVD"/>
		<feat xlink:href="#sSpan59" value="DT"/>
		<feat xlink:href="#sSpan60" value="VVN"/>
		<feat xlink:href="#sSpan61" value="NN"/>
		<feat xlink:href="#sSpan62" value="VVN"/>
		<feat xlink:href="#sSpan63" value="NN"/>
		<feat xlink:href="#sSpan64" value="DT"/>
		<feat xlink:href="#sSpan65" value="VVN"/>
		<feat xlink:href="#sSpan66" value="NN"/>
		<feat xlink:href="#sSpan67" value="JJ"/>
		<feat xlink:href="#sSpan68" value="NN"/>
		<feat xlink:href="#sSpan69" value="NN"/>
		<feat xlink:href="#sSpan70" value="VVN"/>
		<feat xlink:href="#sSpan71" value="NN"/>
		<feat xlink:href="#sSpan72" value="NN"/>
		<feat xlink:href="#sSpan73" value="NN"/>
		<feat xlink:href="#sSpan74" value="VVN"/>
		<feat xlink:href="#sSpan75" value="VHZ"/>
		<feat xlink:href="#sSpan76" value="VV"/>
		<feat xlink:href="#sSpan77" value="VVD"/>
		<feat xlink:href="#sSpan78" value="NN"/>
		<feat xlink:href="#sSpan79" value="NN"/>
		<feat xlink:href="#sSpan80" value="VVN"/>
		<feat xlink:href="#sSpan81" value="VVN"/>
		<feat xlink:href="#sSpan82" value="NN"/>
		<feat xlink:href="#sSpan83" value="NN"/>
		<feat xlink:href="#sSpan84" value="VVN"/>
		<feat xlink:href="#sSpan85" value="NN"/>
		<feat xlink:href="#sSpan86" value="VVN"/>
		<feat xlink:href="#sSpan87" value="VVZ"/>
		<feat xlink:href="#sSpan88" value="NN"/>
		<feat xlink:href="#sSpan89" value="VVN"/>
		<feat xlink:href="#sSpan90" value="VV"/>
		<feat xlink:href="#sSpan91" value="VVN"/>
		<feat xlink:href="#sSpan92" value="NN"/>
		<feat xlink:href="#sSpan93" value="NN"/>
		<feat xlink:href="#sSpan94" value="NNS"/>
		<feat xlink:href="#sSpan95" value="NN"/>
		<feat xlink:href="#sSpan96" value="NN"/>
		<feat xlink:href="#sSpan97" value="NN"/>
		<feat xlink:href="#sSpan98" value="NN"/>
		<feat xlink:href="#sSpan99" value="NPS"/>
		<feat xlink:href="#sSpan100" value="NN"/>
		<feat xlink:href="#sSpan101" value="NN"/>
		<feat xlink:href="#sSpan102" value="JJ"/>
		<feat xlink:href="#sSpan103" value="NP"/>
		<feat xlink:href="#sSpan104" value="NN"/>
		<feat xlink:href="#sSpan105" value="NN"/>
		<feat xlink:href="#sSpan106" value="NNS"/>
		<feat xlink:href="#sSpan107" value="VVG"/>
		<feat xlink:href="#sSpan108" value="VVN"/>
		<feat xlink:href="#sSpan109" value="JJ"/>
		<feat xlink:href="#sSpan110" value="VV"/>
		<feat xlink:href="#sSpan111" value="VV"/>
		<feat xlink:href="#sSpan112" value="VV"/>
		<feat xlink:href="#sSpan113" value="VV"/>
		<feat xlink:href="#sSpan114" value="VVZ"/>
		<feat xlink:href="#sSpan115" value="JJ"/>
		<feat xlink:href="#sSpan116" value="VH"/>
		<feat xlink:href="#sSpan117" value="VV"/>
		<feat xlink:href="#sSpan118" value="VVP"/>
		<feat xlink:href="#sSpan119" value="NN"/>
		<feat xlink:href="#sSpan120" value="JJ"/>
		<feat xlink:href="#sSpan121" value="VV"/>
		<feat xlink:href="#sSpan122" value="VV"/>
		<feat xlink:href="#sSpan123" value="NN"/>
		<feat xlink:href="#sSpan124" value="JJ"/>
		<feat xlink:href="#sSpan125" value="VV"/>
		<feat xlink:href="#sSpan126" value="VV"/>
		<feat xlink:href="#sSpan127" value="NN"/>
		<feat xlink:href="#sSpan128" value="VVP"/>
		<feat xlink:href="#sSpan129" value="VVN"/>
		<feat xlink:href="#sSpan130" value="JJ"/>
		<feat xlink:href="#sSpan131" value="VV"/>
		<feat xlink:href="#sSpan132" value="VVG"/>
		<feat xlink:href="#sSpan133" value="JJ"/>
		<feat xlink:href="#sSpan134" value="VV"/>
		<feat xlink:href="#sSpan135" value="VV"/>
		<feat xlink:href="#sSpan136" value="JJ"/>
		<feat xlink:href="#sSpan137" value="VV"/>
		<feat xlink:href="#sSpan138" value="VV"/>
		<feat xlink:href="#sSpan139" value="VVP"/>
		<feat xlink:href="#sSpan140" value="JJ"/>
		<feat xlink:href="#sSpan141" value="VV"/>
		<feat xlink:href="#sSpan142" value="VHG"/>
		<feat xlink:href="#sSpan143" value="PP"/>
		<feat xlink:href="#sSpan144" value="VV"/>
		<feat xlink:href="#sSpan145" value="VVN"/>
		<feat xlink:href="#sSpan146" value="VHD"/>
		<feat xlink:href="#sSpan147" value="JJ"/>
		<feat xlink:href="#sSpan148" value="VV"/>
		<feat xlink:href="#sSpan149" value="VV"/>
		<feat xlink:href="#sSpan150" value="JJ"/>
		<feat xlink:href="#sSpan151" value="VH"/>
		<feat xlink:href="#sSpan152" value="JJ"/>
		<feat xlink:href="#sSpan153" value="VVN"/>
		<feat xlink:href="#sSpan154" value="VV"/>
		<feat xlink:href="#sSpan155" value="JJ"/>
		<feat xlink:href="#sSpan156" value="VV"/>
		<feat xlink:href="#sSpan157" value="VV"/>
		<feat xlink:href="#sSpan158" value="NPS"/>
		<feat xlink:href="#sSpan159" value="NN"/>
		<feat xlink:href="#sSpan160" value="NN"/>
		<feat xlink:href="#sSpan161" value="NN"/>
		<feat xlink:href="#sSpan162" value="NN"/>
		<feat xlink:href="#sSpan163" value="NN"/>
		<feat xlink:href="#sSpan164" value="NN"/>
		<feat xlink:href="#sSpan165" value="JJ"/>
		<feat xlink:href="#sSpan166" value="JJ"/>
		<feat xlink:href="#sSpan167" value="JJ"/>
		<feat xlink:href="#sSpan168" value="JJ"/>
		<feat xlink:href="#sSpan169" value="NN"/>
		<feat xlink:href="#sSpan170" value="IN"/></featList></paula>