<?xml version='1.0' encoding='UTF-8'?><!DOCTYPE paula SYSTEM "paula_feat.dtd">
<paula version="1.1">
	<header paula_id="rsd.GENTLE_dictionary_trust.mark_len"/>
	<featList xmlns:xlink="http://www.w3.org/1999/xlink" type="len" xml:base="rsd.GENTLE_dictionary_trust.mark.xml">
		<feat xlink:href="#sSpan247" value="1"/>
		<feat xlink:href="#sSpan248" value="1"/>
		<feat xlink:href="#sSpan249" value="1"/>
		<feat xlink:href="#sSpan250" value="4"/>
		<feat xlink:href="#sSpan251" value="8"/>
		<feat xlink:href="#sSpan252" value="8"/>
		<feat xlink:href="#sSpan253" value="10"/>
		<feat xlink:href="#sSpan254" value="7"/>
		<feat xlink:href="#sSpan255" value="7"/>
		<feat xlink:href="#sSpan256" value="28"/>
		<feat xlink:href="#sSpan257" value="7"/>
		<feat xlink:href="#sSpan258" value="6"/>
		<feat xlink:href="#sSpan259" value="8"/>
		<feat xlink:href="#sSpan260" value="10"/>
		<feat xlink:href="#sSpan261" value="4"/>
		<feat xlink:href="#sSpan262" value="8"/>
		<feat xlink:href="#sSpan263" value="3"/>
		<feat xlink:href="#sSpan264" value="8"/>
		<feat xlink:href="#sSpan265" value="3"/>
		<feat xlink:href="#sSpan266" value="8"/>
		<feat xlink:href="#sSpan267" value="2"/>
		<feat xlink:href="#sSpan268" value="8"/>
		<feat xlink:href="#sSpan269" value="2"/>
		<feat xlink:href="#sSpan270" value="8"/>
		<feat xlink:href="#sSpan271" value="2"/>
		<feat xlink:href="#sSpan272" value="10"/>
		<feat xlink:href="#sSpan273" value="4"/>
		<feat xlink:href="#sSpan274" value="6"/>
		<feat xlink:href="#sSpan275" value="1"/>
		<feat xlink:href="#sSpan276" value="2"/>
		<feat xlink:href="#sSpan277" value="2"/>
		<feat xlink:href="#sSpan278" value="1"/>
		<feat xlink:href="#sSpan279" value="4"/>
		<feat xlink:href="#sSpan280" value="7"/>
		<feat xlink:href="#sSpan281" value="4"/>
		<feat xlink:href="#sSpan282" value="1"/>
		<feat xlink:href="#sSpan283" value="4"/>
		<feat xlink:href="#sSpan284" value="1"/>
		<feat xlink:href="#sSpan285" value="1"/>
		<feat xlink:href="#sSpan286" value="3"/>
		<feat xlink:href="#sSpan287" value="2"/>
		<feat xlink:href="#sSpan288" value="1"/>
		<feat xlink:href="#sSpan289" value="1"/>
		<feat xlink:href="#sSpan290" value="1"/>
		<feat xlink:href="#sSpan291" value="8"/>
		<feat xlink:href="#sSpan292" value="10"/>
		<feat xlink:href="#sSpan293" value="6"/>
		<feat xlink:href="#sSpan294" value="10"/>
		<feat xlink:href="#sSpan295" value="5"/>
		<feat xlink:href="#sSpan296" value="3"/>
		<feat xlink:href="#sSpan297" value="2"/>
		<feat xlink:href="#sSpan298" value="4"/>
		<feat xlink:href="#sSpan299" value="9"/>
		<feat xlink:href="#sSpan300" value="9"/>
		<feat xlink:href="#sSpan301" value="2"/>
		<feat xlink:href="#sSpan302" value="2"/>
		<feat xlink:href="#sSpan303" value="6"/>
		<feat xlink:href="#sSpan304" value="10"/>
		<feat xlink:href="#sSpan305" value="1"/>
		<feat xlink:href="#sSpan306" value="6"/>
		<feat xlink:href="#sSpan307" value="1"/>
		<feat xlink:href="#sSpan308" value="4"/>
		<feat xlink:href="#sSpan309" value="3"/>
		<feat xlink:href="#sSpan310" value="1"/>
		<feat xlink:href="#sSpan311" value="6"/>
		<feat xlink:href="#sSpan312" value="6"/>
		<feat xlink:href="#sSpan313" value="3"/>
		<feat xlink:href="#sSpan314" value="4"/>
		<feat xlink:href="#sSpan315" value="6"/>
		<feat xlink:href="#sSpan316" value="6"/>
		<feat xlink:href="#sSpan317" value="5"/>
		<feat xlink:href="#sSpan318" value="3"/>
		<feat xlink:href="#sSpan319" value="2"/>
		<feat xlink:href="#sSpan320" value="4"/>
		<feat xlink:href="#sSpan321" value="7"/>
		<feat xlink:href="#sSpan322" value="8"/>
		<feat xlink:href="#sSpan323" value="10"/>
		<feat xlink:href="#sSpan324" value="3"/>
		<feat xlink:href="#sSpan325" value="2"/>
		<feat xlink:href="#sSpan326" value="6"/>
		<feat xlink:href="#sSpan327" value="7"/>
		<feat xlink:href="#sSpan328" value="5"/>
		<feat xlink:href="#sSpan329" value="3"/>
		<feat xlink:href="#sSpan330" value="19"/>
		<feat xlink:href="#sSpan331" value="4"/>
		<feat xlink:href="#sSpan332" value="6"/>
		<feat xlink:href="#sSpan333" value="7"/>
		<feat xlink:href="#sSpan334" value="6"/>
		<feat xlink:href="#sSpan335" value="4"/>
		<feat xlink:href="#sSpan336" value="9"/>
		<feat xlink:href="#sSpan337" value="9"/>
		<feat xlink:href="#sSpan338" value="3"/>
		<feat xlink:href="#sSpan339" value="13"/>
		<feat xlink:href="#sSpan340" value="1"/>
		<feat xlink:href="#sSpan341" value="8"/>
		<feat xlink:href="#sSpan342" value="5"/>
		<feat xlink:href="#sSpan343" value="3"/>
		<feat xlink:href="#sSpan344" value="3"/>
		<feat xlink:href="#sSpan345" value="1"/>
		<feat xlink:href="#sSpan346" value="1"/>
		<feat xlink:href="#sSpan347" value="1"/>
		<feat xlink:href="#sSpan348" value="1"/>
		<feat xlink:href="#sSpan349" value="1"/>
		<feat xlink:href="#sSpan350" value="1"/>
		<feat xlink:href="#sSpan351" value="1"/>
		<feat xlink:href="#sSpan352" value="9"/>
		<feat xlink:href="#sSpan353" value="4"/>
		<feat xlink:href="#sSpan354" value="7"/>
		<feat xlink:href="#sSpan355" value="3"/>
		<feat xlink:href="#sSpan356" value="5"/>
		<feat xlink:href="#sSpan357" value="4"/>
		<feat xlink:href="#sSpan358" value="4"/>
		<feat xlink:href="#sSpan359" value="5"/>
		<feat xlink:href="#sSpan360" value="4"/>
		<feat xlink:href="#sSpan361" value="6"/>
		<feat xlink:href="#sSpan362" value="5"/>
		<feat xlink:href="#sSpan363" value="9"/>
		<feat xlink:href="#sSpan364" value="4"/>
		<feat xlink:href="#sSpan365" value="5"/>
		<feat xlink:href="#sSpan366" value="3"/>
		<feat xlink:href="#sSpan367" value="5"/>
		<feat xlink:href="#sSpan368" value="3"/>
		<feat xlink:href="#sSpan369" value="3"/>
		<feat xlink:href="#sSpan370" value="3"/>
		<feat xlink:href="#sSpan371" value="4"/>
		<feat xlink:href="#sSpan372" value="2"/>
		<feat xlink:href="#sSpan373" value="12"/>
		<feat xlink:href="#sSpan374" value="2"/>
		<feat xlink:href="#sSpan375" value="6"/>
		<feat xlink:href="#sSpan376" value="3"/>
		<feat xlink:href="#sSpan377" value="6"/>
		<feat xlink:href="#sSpan378" value="6"/>
		<feat xlink:href="#sSpan379" value="3"/>
		<feat xlink:href="#sSpan380" value="9"/>
		<feat xlink:href="#sSpan381" value="3"/>
		<feat xlink:href="#sSpan382" value="3"/>
		<feat xlink:href="#sSpan383" value="5"/>
		<feat xlink:href="#sSpan384" value="13"/>
		<feat xlink:href="#sSpan385" value="10"/>
		<feat xlink:href="#sSpan386" value="5"/>
		<feat xlink:href="#sSpan387" value="7"/>
		<feat xlink:href="#sSpan388" value="4"/>
		<feat xlink:href="#sSpan389" value="5"/>
		<feat xlink:href="#sSpan390" value="4"/>
		<feat xlink:href="#sSpan391" value="5"/>
		<feat xlink:href="#sSpan392" value="11"/>
		<feat xlink:href="#sSpan393" value="4"/>
		<feat xlink:href="#sSpan394" value="3"/>
		<feat xlink:href="#sSpan395" value="4"/>
		<feat xlink:href="#sSpan396" value="3"/>
		<feat xlink:href="#sSpan397" value="4"/>
		<feat xlink:href="#sSpan398" value="4"/>
		<feat xlink:href="#sSpan399" value="6"/>
		<feat xlink:href="#sSpan400" value="3"/>
		<feat xlink:href="#sSpan401" value="4"/>
		<feat xlink:href="#sSpan402" value="13"/>
		<feat xlink:href="#sSpan403" value="4"/>
		<feat xlink:href="#sSpan404" value="1"/>
		<feat xlink:href="#sSpan405" value="1"/>
		<feat xlink:href="#sSpan406" value="1"/>
		<feat xlink:href="#sSpan407" value="1"/>
		<feat xlink:href="#sSpan408" value="1"/>
		<feat xlink:href="#sSpan409" value="5"/>
		<feat xlink:href="#sSpan410" value="4"/>
		<feat xlink:href="#sSpan411" value="3"/>
		<feat xlink:href="#sSpan412" value="4"/>
		<feat xlink:href="#sSpan413" value="3"/>
		<feat xlink:href="#sSpan414" value="4"/>
		<feat xlink:href="#sSpan415" value="3"/>
		<feat xlink:href="#sSpan416" value="7"/></featList></paula>