<?xml version='1.0' encoding='UTF-8'?><!DOCTYPE paula SYSTEM "paula_feat.dtd">
<paula version="1.1">
	<header paula_id="rsd.GENTLE_dictionary_trust.mark_rsd_rel"/>
	<featList xmlns:xlink="http://www.w3.org/1999/xlink" type="rsd_rel" xml:base="rsd.GENTLE_dictionary_trust.mark.xml">
		<feat xlink:href="#sSpan247" value="organization-heading_r"/>
		<feat xlink:href="#sSpan248" value="organization-heading_r"/>
		<feat xlink:href="#sSpan249" value="organization-heading_r"/>
		<feat xlink:href="#sSpan250" value="ROOT"/>
		<feat xlink:href="#sSpan251" value="elaboration-additional_r"/>
		<feat xlink:href="#sSpan252" value="elaboration-additional_r"/>
		<feat xlink:href="#sSpan253" value="elaboration-additional_r"/>
		<feat xlink:href="#sSpan254" value="elaboration-additional_r"/>
		<feat xlink:href="#sSpan255" value="adversative-contrast_m"/>
		<feat xlink:href="#sSpan256" value="adversative-contrast_m"/>
		<feat xlink:href="#sSpan257" value="elaboration-attribute_r"/>
		<feat xlink:href="#sSpan258" value="elaboration-additional_r"/>
		<feat xlink:href="#sSpan259" value="joint-list_m"/>
		<feat xlink:href="#sSpan260" value="elaboration-additional_r"/>
		<feat xlink:href="#sSpan261" value="joint-other_m"/>
		<feat xlink:href="#sSpan262" value="elaboration-additional_r"/>
		<feat xlink:href="#sSpan263" value="same-unit_m"/>
		<feat xlink:href="#sSpan264" value="elaboration-additional_r"/>
		<feat xlink:href="#sSpan265" value="same-unit_m"/>
		<feat xlink:href="#sSpan266" value="elaboration-additional_r"/>
		<feat xlink:href="#sSpan267" value="same-unit_m"/>
		<feat xlink:href="#sSpan268" value="elaboration-additional_r"/>
		<feat xlink:href="#sSpan269" value="same-unit_m"/>
		<feat xlink:href="#sSpan270" value="elaboration-additional_r"/>
		<feat xlink:href="#sSpan271" value="same-unit_m"/>
		<feat xlink:href="#sSpan272" value="elaboration-additional_r"/>
		<feat xlink:href="#sSpan273" value="joint-other_m"/>
		<feat xlink:href="#sSpan274" value="joint-other_m"/>
		<feat xlink:href="#sSpan275" value="organization-heading_r"/>
		<feat xlink:href="#sSpan276" value="organization-preparation_r"/>
		<feat xlink:href="#sSpan277" value="joint-other_m"/>
		<feat xlink:href="#sSpan278" value="organization-preparation_r"/>
		<feat xlink:href="#sSpan279" value="elaboration-additional_r"/>
		<feat xlink:href="#sSpan280" value="joint-list_m"/>
		<feat xlink:href="#sSpan281" value="context-circumstance_r"/>
		<feat xlink:href="#sSpan282" value="organization-preparation_r"/>
		<feat xlink:href="#sSpan283" value="elaboration-additional_r"/>
		<feat xlink:href="#sSpan284" value="joint-other_m"/>
		<feat xlink:href="#sSpan285" value="joint-other_m"/>
		<feat xlink:href="#sSpan286" value="elaboration-additional_r"/>
		<feat xlink:href="#sSpan287" value="organization-preparation_r"/>
		<feat xlink:href="#sSpan288" value="joint-other_m"/>
		<feat xlink:href="#sSpan289" value="organization-heading_r"/>
		<feat xlink:href="#sSpan290" value="organization-heading_r"/>
		<feat xlink:href="#sSpan291" value="elaboration-additional_r"/>
		<feat xlink:href="#sSpan292" value="joint-other_m"/>
		<feat xlink:href="#sSpan293" value="explanation-evidence_r"/>
		<feat xlink:href="#sSpan294" value="contingency-condition_r"/>
		<feat xlink:href="#sSpan295" value="joint-list_m"/>
		<feat xlink:href="#sSpan296" value="joint-list_m"/>
		<feat xlink:href="#sSpan297" value="joint-list_m"/>
		<feat xlink:href="#sSpan298" value="elaboration-attribute_r"/>
		<feat xlink:href="#sSpan299" value="joint-disjunction_m"/>
		<feat xlink:href="#sSpan300" value="joint-disjunction_m"/>
		<feat xlink:href="#sSpan301" value="elaboration-attribute_r"/>
		<feat xlink:href="#sSpan302" value="same-unit_m"/>
		<feat xlink:href="#sSpan303" value="adversative-concession_r"/>
		<feat xlink:href="#sSpan304" value="explanation-evidence_r"/>
		<feat xlink:href="#sSpan305" value="joint-disjunction_m"/>
		<feat xlink:href="#sSpan306" value="elaboration-attribute_r"/>
		<feat xlink:href="#sSpan307" value="same-unit_m"/>
		<feat xlink:href="#sSpan308" value="elaboration-attribute_r"/>
		<feat xlink:href="#sSpan309" value="same-unit_m"/>
		<feat xlink:href="#sSpan310" value="joint-disjunction_m"/>
		<feat xlink:href="#sSpan311" value="elaboration-attribute_r"/>
		<feat xlink:href="#sSpan312" value="same-unit_m"/>
		<feat xlink:href="#sSpan313" value="evaluation-comment_r"/>
		<feat xlink:href="#sSpan314" value="joint-disjunction_m"/>
		<feat xlink:href="#sSpan315" value="joint-disjunction_m"/>
		<feat xlink:href="#sSpan316" value="elaboration-attribute_r"/>
		<feat xlink:href="#sSpan317" value="same-unit_m"/>
		<feat xlink:href="#sSpan318" value="context-circumstance_r"/>
		<feat xlink:href="#sSpan319" value="joint-disjunction_m"/>
		<feat xlink:href="#sSpan320" value="elaboration-attribute_r"/>
		<feat xlink:href="#sSpan321" value="elaboration-attribute_r"/>
		<feat xlink:href="#sSpan322" value="purpose-goal_r"/>
		<feat xlink:href="#sSpan323" value="explanation-evidence_r"/>
		<feat xlink:href="#sSpan324" value="context-circumstance_r"/>
		<feat xlink:href="#sSpan325" value="joint-disjunction_m"/>
		<feat xlink:href="#sSpan326" value="elaboration-attribute_r"/>
		<feat xlink:href="#sSpan327" value="purpose-attribute_r"/>
		<feat xlink:href="#sSpan328" value="elaboration-attribute_r"/>
		<feat xlink:href="#sSpan329" value="same-unit_m"/>
		<feat xlink:href="#sSpan330" value="elaboration-attribute_r"/>
		<feat xlink:href="#sSpan331" value="same-unit_m"/>
		<feat xlink:href="#sSpan332" value="purpose-attribute_r"/>
		<feat xlink:href="#sSpan333" value="context-circumstance_r"/>
		<feat xlink:href="#sSpan334" value="joint-disjunction_m"/>
		<feat xlink:href="#sSpan335" value="elaboration-attribute_r"/>
		<feat xlink:href="#sSpan336" value="purpose-goal_r"/>
		<feat xlink:href="#sSpan337" value="joint-list_m"/>
		<feat xlink:href="#sSpan338" value="context-circumstance_r"/>
		<feat xlink:href="#sSpan339" value="joint-disjunction_m"/>
		<feat xlink:href="#sSpan340" value="organization-heading_r"/>
		<feat xlink:href="#sSpan341" value="context-circumstance_r"/>
		<feat xlink:href="#sSpan342" value="elaboration-additional_r"/>
		<feat xlink:href="#sSpan343" value="context-circumstance_r"/>
		<feat xlink:href="#sSpan344" value="joint-list_m"/>
		<feat xlink:href="#sSpan345" value="organization-heading_r"/>
		<feat xlink:href="#sSpan346" value="joint-list_m"/>
		<feat xlink:href="#sSpan347" value="joint-list_m"/>
		<feat xlink:href="#sSpan348" value="joint-list_m"/>
		<feat xlink:href="#sSpan349" value="joint-list_m"/>
		<feat xlink:href="#sSpan350" value="organization-heading_r"/>
		<feat xlink:href="#sSpan351" value="organization-heading_r"/>
		<feat xlink:href="#sSpan352" value="elaboration-additional_r"/>
		<feat xlink:href="#sSpan353" value="joint-list_m"/>
		<feat xlink:href="#sSpan354" value="joint-list_m"/>
		<feat xlink:href="#sSpan355" value="context-background_r"/>
		<feat xlink:href="#sSpan356" value="joint-list_m"/>
		<feat xlink:href="#sSpan357" value="restatement-repetition_m"/>
		<feat xlink:href="#sSpan358" value="restatement-repetition_m"/>
		<feat xlink:href="#sSpan359" value="explanation-evidence_r"/>
		<feat xlink:href="#sSpan360" value="elaboration-attribute_r"/>
		<feat xlink:href="#sSpan361" value="context-background_r"/>
		<feat xlink:href="#sSpan362" value="joint-disjunction_m"/>
		<feat xlink:href="#sSpan363" value="joint-list_m"/>
		<feat xlink:href="#sSpan364" value="explanation-evidence_r"/>
		<feat xlink:href="#sSpan365" value="elaboration-additional_r"/>
		<feat xlink:href="#sSpan366" value="context-background_r"/>
		<feat xlink:href="#sSpan367" value="joint-disjunction_m"/>
		<feat xlink:href="#sSpan368" value="restatement-repetition_m"/>
		<feat xlink:href="#sSpan369" value="restatement-repetition_m"/>
		<feat xlink:href="#sSpan370" value="context-background_r"/>
		<feat xlink:href="#sSpan371" value="joint-disjunction_m"/>
		<feat xlink:href="#sSpan372" value="restatement-repetition_m"/>
		<feat xlink:href="#sSpan373" value="context-circumstance_r"/>
		<feat xlink:href="#sSpan374" value="attribution-positive_r"/>
		<feat xlink:href="#sSpan375" value="explanation-evidence_r"/>
		<feat xlink:href="#sSpan376" value="context-background_r"/>
		<feat xlink:href="#sSpan377" value="joint-disjunction_m"/>
		<feat xlink:href="#sSpan378" value="mode-means_r"/>
		<feat xlink:href="#sSpan379" value="context-background_r"/>
		<feat xlink:href="#sSpan380" value="joint-disjunction_m"/>
		<feat xlink:href="#sSpan381" value="restatement-repetition_m"/>
		<feat xlink:href="#sSpan382" value="context-background_r"/>
		<feat xlink:href="#sSpan383" value="joint-disjunction_m"/>
		<feat xlink:href="#sSpan384" value="joint-disjunction_m"/>
		<feat xlink:href="#sSpan385" value="explanation-evidence_r"/>
		<feat xlink:href="#sSpan386" value="context-background_r"/>
		<feat xlink:href="#sSpan387" value="joint-disjunction_m"/>
		<feat xlink:href="#sSpan388" value="mode-manner_r"/>
		<feat xlink:href="#sSpan389" value="elaboration-additional_r"/>
		<feat xlink:href="#sSpan390" value="explanation-evidence_r"/>
		<feat xlink:href="#sSpan391" value="causal-cause_r"/>
		<feat xlink:href="#sSpan392" value="joint-list_m"/>
		<feat xlink:href="#sSpan393" value="context-background_r"/>
		<feat xlink:href="#sSpan394" value="joint-disjunction_m"/>
		<feat xlink:href="#sSpan395" value="joint-disjunction_m"/>
		<feat xlink:href="#sSpan396" value="context-background_r"/>
		<feat xlink:href="#sSpan397" value="joint-disjunction_m"/>
		<feat xlink:href="#sSpan398" value="restatement-repetition_m"/>
		<feat xlink:href="#sSpan399" value="restatement-repetition_m"/>
		<feat xlink:href="#sSpan400" value="restatement-repetition_m"/>
		<feat xlink:href="#sSpan401" value="context-background_r"/>
		<feat xlink:href="#sSpan402" value="joint-disjunction_m"/>
		<feat xlink:href="#sSpan403" value="joint-disjunction_m"/>
		<feat xlink:href="#sSpan404" value="organization-heading_r"/>
		<feat xlink:href="#sSpan405" value="elaboration-additional_r"/>
		<feat xlink:href="#sSpan406" value="joint-list_m"/>
		<feat xlink:href="#sSpan407" value="organization-heading_r"/>
		<feat xlink:href="#sSpan408" value="organization-heading_r"/>
		<feat xlink:href="#sSpan409" value="elaboration-additional_r"/>
		<feat xlink:href="#sSpan410" value="joint-list_m"/>
		<feat xlink:href="#sSpan411" value="context-background_r"/>
		<feat xlink:href="#sSpan412" value="joint-list_m"/>
		<feat xlink:href="#sSpan413" value="context-background_r"/>
		<feat xlink:href="#sSpan414" value="joint-disjunction_m"/>
		<feat xlink:href="#sSpan415" value="context-circumstance_r"/>
		<feat xlink:href="#sSpan416" value="joint-disjunction_m"/></featList></paula>