<?xml version='1.0' encoding='UTF-8'?><!DOCTYPE paula SYSTEM "paula_feat.dtd">
<paula version="1.1">
	<header paula_id="rsd.GENTLE_dictionary_trust.mark_edu_tense"/>
	<featList xmlns:xlink="http://www.w3.org/1999/xlink" type="edu_tense" xml:base="rsd.GENTLE_dictionary_trust.mark.xml">
		<feat xlink:href="#sSpan247" value="None"/>
		<feat xlink:href="#sSpan248" value="None"/>
		<feat xlink:href="#sSpan249" value="None"/>
		<feat xlink:href="#sSpan250" value="None"/>
		<feat xlink:href="#sSpan251" value="None"/>
		<feat xlink:href="#sSpan252" value="None"/>
		<feat xlink:href="#sSpan253" value="None"/>
		<feat xlink:href="#sSpan254" value="None"/>
		<feat xlink:href="#sSpan255" value="Pres"/>
		<feat xlink:href="#sSpan256" value="None"/>
		<feat xlink:href="#sSpan257" value="None"/>
		<feat xlink:href="#sSpan258" value="None"/>
		<feat xlink:href="#sSpan259" value="None"/>
		<feat xlink:href="#sSpan260" value="None"/>
		<feat xlink:href="#sSpan261" value="None"/>
		<feat xlink:href="#sSpan262" value="None"/>
		<feat xlink:href="#sSpan263" value="None"/>
		<feat xlink:href="#sSpan264" value="None"/>
		<feat xlink:href="#sSpan265" value="None"/>
		<feat xlink:href="#sSpan266" value="None"/>
		<feat xlink:href="#sSpan267" value="None"/>
		<feat xlink:href="#sSpan268" value="None"/>
		<feat xlink:href="#sSpan269" value="None"/>
		<feat xlink:href="#sSpan270" value="None"/>
		<feat xlink:href="#sSpan271" value="None"/>
		<feat xlink:href="#sSpan272" value="None"/>
		<feat xlink:href="#sSpan273" value="None"/>
		<feat xlink:href="#sSpan274" value="None"/>
		<feat xlink:href="#sSpan275" value="None"/>
		<feat xlink:href="#sSpan276" value="None"/>
		<feat xlink:href="#sSpan277" value="None"/>
		<feat xlink:href="#sSpan278" value="None"/>
		<feat xlink:href="#sSpan279" value="None"/>
		<feat xlink:href="#sSpan280" value="None"/>
		<feat xlink:href="#sSpan281" value="None"/>
		<feat xlink:href="#sSpan282" value="None"/>
		<feat xlink:href="#sSpan283" value="None"/>
		<feat xlink:href="#sSpan284" value="None"/>
		<feat xlink:href="#sSpan285" value="None"/>
		<feat xlink:href="#sSpan286" value="None"/>
		<feat xlink:href="#sSpan287" value="None"/>
		<feat xlink:href="#sSpan288" value="None"/>
		<feat xlink:href="#sSpan289" value="None"/>
		<feat xlink:href="#sSpan290" value="None"/>
		<feat xlink:href="#sSpan291" value="None"/>
		<feat xlink:href="#sSpan292" value="None"/>
		<feat xlink:href="#sSpan293" value="Pres"/>
		<feat xlink:href="#sSpan294" value="PresProg"/>
		<feat xlink:href="#sSpan295" value="None"/>
		<feat xlink:href="#sSpan296" value="None"/>
		<feat xlink:href="#sSpan297" value="None"/>
		<feat xlink:href="#sSpan298" value="None"/>
		<feat xlink:href="#sSpan299" value="None"/>
		<feat xlink:href="#sSpan300" value="None"/>
		<feat xlink:href="#sSpan301" value="None"/>
		<feat xlink:href="#sSpan302" value="None"/>
		<feat xlink:href="#sSpan303" value="PastSimp"/>
		<feat xlink:href="#sSpan304" value="PastSimp"/>
		<feat xlink:href="#sSpan305" value="None"/>
		<feat xlink:href="#sSpan306" value="None"/>
		<feat xlink:href="#sSpan307" value="None"/>
		<feat xlink:href="#sSpan308" value="None"/>
		<feat xlink:href="#sSpan309" value="None"/>
		<feat xlink:href="#sSpan310" value="None"/>
		<feat xlink:href="#sSpan311" value="None"/>
		<feat xlink:href="#sSpan312" value="None"/>
		<feat xlink:href="#sSpan313" value="None"/>
		<feat xlink:href="#sSpan314" value="None"/>
		<feat xlink:href="#sSpan315" value="None"/>
		<feat xlink:href="#sSpan316" value="None"/>
		<feat xlink:href="#sSpan317" value="None"/>
		<feat xlink:href="#sSpan318" value="None"/>
		<feat xlink:href="#sSpan319" value="None"/>
		<feat xlink:href="#sSpan320" value="None"/>
		<feat xlink:href="#sSpan321" value="Pres"/>
		<feat xlink:href="#sSpan322" value="None"/>
		<feat xlink:href="#sSpan323" value="PastSimp"/>
		<feat xlink:href="#sSpan324" value="None"/>
		<feat xlink:href="#sSpan325" value="None"/>
		<feat xlink:href="#sSpan326" value="None"/>
		<feat xlink:href="#sSpan327" value="None"/>
		<feat xlink:href="#sSpan328" value="None"/>
		<feat xlink:href="#sSpan329" value="None"/>
		<feat xlink:href="#sSpan330" value="None"/>
		<feat xlink:href="#sSpan331" value="None"/>
		<feat xlink:href="#sSpan332" value="None"/>
		<feat xlink:href="#sSpan333" value="Pres"/>
		<feat xlink:href="#sSpan334" value="None"/>
		<feat xlink:href="#sSpan335" value="None"/>
		<feat xlink:href="#sSpan336" value="None"/>
		<feat xlink:href="#sSpan337" value="None"/>
		<feat xlink:href="#sSpan338" value="None"/>
		<feat xlink:href="#sSpan339" value="None"/>
		<feat xlink:href="#sSpan340" value="None"/>
		<feat xlink:href="#sSpan341" value="None"/>
		<feat xlink:href="#sSpan342" value="None"/>
		<feat xlink:href="#sSpan343" value="None"/>
		<feat xlink:href="#sSpan344" value="None"/>
		<feat xlink:href="#sSpan345" value="None"/>
		<feat xlink:href="#sSpan346" value="None"/>
		<feat xlink:href="#sSpan347" value="None"/>
		<feat xlink:href="#sSpan348" value="None"/>
		<feat xlink:href="#sSpan349" value="None"/>
		<feat xlink:href="#sSpan350" value="None"/>
		<feat xlink:href="#sSpan351" value="None"/>
		<feat xlink:href="#sSpan352" value="None"/>
		<feat xlink:href="#sSpan353" value="None"/>
		<feat xlink:href="#sSpan354" value="None"/>
		<feat xlink:href="#sSpan355" value="None"/>
		<feat xlink:href="#sSpan356" value="None"/>
		<feat xlink:href="#sSpan357" value="None"/>
		<feat xlink:href="#sSpan358" value="None"/>
		<feat xlink:href="#sSpan359" value="Modal"/>
		<feat xlink:href="#sSpan360" value="Pres"/>
		<feat xlink:href="#sSpan361" value="None"/>
		<feat xlink:href="#sSpan362" value="None"/>
		<feat xlink:href="#sSpan363" value="None"/>
		<feat xlink:href="#sSpan364" value="Pres"/>
		<feat xlink:href="#sSpan365" value="None"/>
		<feat xlink:href="#sSpan366" value="None"/>
		<feat xlink:href="#sSpan367" value="None"/>
		<feat xlink:href="#sSpan368" value="None"/>
		<feat xlink:href="#sSpan369" value="None"/>
		<feat xlink:href="#sSpan370" value="None"/>
		<feat xlink:href="#sSpan371" value="None"/>
		<feat xlink:href="#sSpan372" value="None"/>
		<feat xlink:href="#sSpan373" value="None"/>
		<feat xlink:href="#sSpan374" value="Pres"/>
		<feat xlink:href="#sSpan375" value="PresPerf"/>
		<feat xlink:href="#sSpan376" value="None"/>
		<feat xlink:href="#sSpan377" value="None"/>
		<feat xlink:href="#sSpan378" value="None"/>
		<feat xlink:href="#sSpan379" value="None"/>
		<feat xlink:href="#sSpan380" value="None"/>
		<feat xlink:href="#sSpan381" value="None"/>
		<feat xlink:href="#sSpan382" value="None"/>
		<feat xlink:href="#sSpan383" value="None"/>
		<feat xlink:href="#sSpan384" value="None"/>
		<feat xlink:href="#sSpan385" value="Pres"/>
		<feat xlink:href="#sSpan386" value="None"/>
		<feat xlink:href="#sSpan387" value="None"/>
		<feat xlink:href="#sSpan388" value="None"/>
		<feat xlink:href="#sSpan389" value="None"/>
		<feat xlink:href="#sSpan390" value="None"/>
		<feat xlink:href="#sSpan391" value="PresPerf"/>
		<feat xlink:href="#sSpan392" value="PastSimp"/>
		<feat xlink:href="#sSpan393" value="None"/>
		<feat xlink:href="#sSpan394" value="None"/>
		<feat xlink:href="#sSpan395" value="None"/>
		<feat xlink:href="#sSpan396" value="None"/>
		<feat xlink:href="#sSpan397" value="None"/>
		<feat xlink:href="#sSpan398" value="None"/>
		<feat xlink:href="#sSpan399" value="None"/>
		<feat xlink:href="#sSpan400" value="None"/>
		<feat xlink:href="#sSpan401" value="None"/>
		<feat xlink:href="#sSpan402" value="None"/>
		<feat xlink:href="#sSpan403" value="None"/>
		<feat xlink:href="#sSpan404" value="None"/>
		<feat xlink:href="#sSpan405" value="None"/>
		<feat xlink:href="#sSpan406" value="None"/>
		<feat xlink:href="#sSpan407" value="None"/>
		<feat xlink:href="#sSpan408" value="None"/>
		<feat xlink:href="#sSpan409" value="None"/>
		<feat xlink:href="#sSpan410" value="None"/>
		<feat xlink:href="#sSpan411" value="None"/>
		<feat xlink:href="#sSpan412" value="None"/>
		<feat xlink:href="#sSpan413" value="None"/>
		<feat xlink:href="#sSpan414" value="None"/>
		<feat xlink:href="#sSpan415" value="None"/>
		<feat xlink:href="#sSpan416" value="None"/></featList></paula>