<?xml version='1.0' encoding='UTF-8'?><!DOCTYPE paula SYSTEM "paula_feat.dtd">
<paula version="1.1">
	<header paula_id="rsd.GENTLE_dictionary_trust.rsd_func"/>
	<featList xmlns:xlink="http://www.w3.org/1999/xlink" type="func" xml:base="rsd.GENTLE_dictionary_trust.rsd.xml">
		<feat xlink:href="#sPointingRel957" value="organization-heading_r"/>
		<feat xlink:href="#sPointingRel958" value="organization-heading_r"/>
		<feat xlink:href="#sPointingRel959" value="organization-heading_r"/>
		<feat xlink:href="#sPointingRel960" value="elaboration-additional_r"/>
		<feat xlink:href="#sPointingRel961" value="elaboration-additional_r"/>
		<feat xlink:href="#sPointingRel962" value="elaboration-additional_r"/>
		<feat xlink:href="#sPointingRel963" value="elaboration-additional_r"/>
		<feat xlink:href="#sPointingRel964" value="adversative-contrast_m"/>
		<feat xlink:href="#sPointingRel965" value="adversative-contrast_m"/>
		<feat xlink:href="#sPointingRel966" value="elaboration-attribute_r"/>
		<feat xlink:href="#sPointingRel967" value="elaboration-additional_r"/>
		<feat xlink:href="#sPointingRel968" value="joint-list_m"/>
		<feat xlink:href="#sPointingRel969" value="elaboration-additional_r"/>
		<feat xlink:href="#sPointingRel970" value="joint-other_m"/>
		<feat xlink:href="#sPointingRel971" value="elaboration-additional_r"/>
		<feat xlink:href="#sPointingRel972" value="same-unit_m"/>
		<feat xlink:href="#sPointingRel973" value="elaboration-additional_r"/>
		<feat xlink:href="#sPointingRel974" value="same-unit_m"/>
		<feat xlink:href="#sPointingRel975" value="elaboration-additional_r"/>
		<feat xlink:href="#sPointingRel976" value="same-unit_m"/>
		<feat xlink:href="#sPointingRel977" value="elaboration-additional_r"/>
		<feat xlink:href="#sPointingRel978" value="same-unit_m"/>
		<feat xlink:href="#sPointingRel979" value="elaboration-additional_r"/>
		<feat xlink:href="#sPointingRel980" value="same-unit_m"/>
		<feat xlink:href="#sPointingRel981" value="elaboration-additional_r"/>
		<feat xlink:href="#sPointingRel982" value="joint-other_m"/>
		<feat xlink:href="#sPointingRel983" value="joint-other_m"/>
		<feat xlink:href="#sPointingRel984" value="organization-heading_r"/>
		<feat xlink:href="#sPointingRel985" value="organization-preparation_r"/>
		<feat xlink:href="#sPointingRel986" value="joint-other_m"/>
		<feat xlink:href="#sPointingRel987" value="organization-preparation_r"/>
		<feat xlink:href="#sPointingRel988" value="elaboration-additional_r"/>
		<feat xlink:href="#sPointingRel989" value="joint-list_m"/>
		<feat xlink:href="#sPointingRel990" value="context-circumstance_r"/>
		<feat xlink:href="#sPointingRel991" value="organization-preparation_r"/>
		<feat xlink:href="#sPointingRel992" value="elaboration-additional_r"/>
		<feat xlink:href="#sPointingRel993" value="joint-other_m"/>
		<feat xlink:href="#sPointingRel994" value="joint-other_m"/>
		<feat xlink:href="#sPointingRel995" value="elaboration-additional_r"/>
		<feat xlink:href="#sPointingRel996" value="organization-preparation_r"/>
		<feat xlink:href="#sPointingRel997" value="joint-other_m"/>
		<feat xlink:href="#sPointingRel998" value="organization-heading_r"/>
		<feat xlink:href="#sPointingRel999" value="organization-heading_r"/>
		<feat xlink:href="#sPointingRel1000" value="elaboration-additional_r"/>
		<feat xlink:href="#sPointingRel1001" value="joint-other_m"/>
		<feat xlink:href="#sPointingRel1002" value="explanation-evidence_r"/>
		<feat xlink:href="#sPointingRel1003" value="contingency-condition_r"/>
		<feat xlink:href="#sPointingRel1004" value="joint-list_m"/>
		<feat xlink:href="#sPointingRel1005" value="joint-list_m"/>
		<feat xlink:href="#sPointingRel1006" value="joint-list_m"/>
		<feat xlink:href="#sPointingRel1007" value="elaboration-attribute_r"/>
		<feat xlink:href="#sPointingRel1008" value="joint-disjunction_m"/>
		<feat xlink:href="#sPointingRel1009" value="joint-disjunction_m"/>
		<feat xlink:href="#sPointingRel1010" value="elaboration-attribute_r"/>
		<feat xlink:href="#sPointingRel1011" value="same-unit_m"/>
		<feat xlink:href="#sPointingRel1012" value="adversative-concession_r"/>
		<feat xlink:href="#sPointingRel1013" value="explanation-evidence_r"/>
		<feat xlink:href="#sPointingRel1014" value="joint-disjunction_m"/>
		<feat xlink:href="#sPointingRel1015" value="elaboration-attribute_r"/>
		<feat xlink:href="#sPointingRel1016" value="same-unit_m"/>
		<feat xlink:href="#sPointingRel1017" value="elaboration-attribute_r"/>
		<feat xlink:href="#sPointingRel1018" value="same-unit_m"/>
		<feat xlink:href="#sPointingRel1019" value="joint-disjunction_m"/>
		<feat xlink:href="#sPointingRel1020" value="elaboration-attribute_r"/>
		<feat xlink:href="#sPointingRel1021" value="same-unit_m"/>
		<feat xlink:href="#sPointingRel1022" value="evaluation-comment_r"/>
		<feat xlink:href="#sPointingRel1023" value="joint-disjunction_m"/>
		<feat xlink:href="#sPointingRel1024" value="joint-disjunction_m"/>
		<feat xlink:href="#sPointingRel1025" value="elaboration-attribute_r"/>
		<feat xlink:href="#sPointingRel1026" value="same-unit_m"/>
		<feat xlink:href="#sPointingRel1027" value="context-circumstance_r"/>
		<feat xlink:href="#sPointingRel1028" value="joint-disjunction_m"/>
		<feat xlink:href="#sPointingRel1029" value="elaboration-attribute_r"/>
		<feat xlink:href="#sPointingRel1030" value="elaboration-attribute_r"/>
		<feat xlink:href="#sPointingRel1031" value="purpose-goal_r"/>
		<feat xlink:href="#sPointingRel1032" value="explanation-evidence_r"/>
		<feat xlink:href="#sPointingRel1033" value="context-circumstance_r"/>
		<feat xlink:href="#sPointingRel1034" value="joint-disjunction_m"/>
		<feat xlink:href="#sPointingRel1035" value="elaboration-attribute_r"/>
		<feat xlink:href="#sPointingRel1036" value="purpose-attribute_r"/>
		<feat xlink:href="#sPointingRel1037" value="elaboration-attribute_r"/>
		<feat xlink:href="#sPointingRel1038" value="same-unit_m"/>
		<feat xlink:href="#sPointingRel1039" value="elaboration-attribute_r"/>
		<feat xlink:href="#sPointingRel1040" value="same-unit_m"/>
		<feat xlink:href="#sPointingRel1041" value="purpose-attribute_r"/>
		<feat xlink:href="#sPointingRel1042" value="context-circumstance_r"/>
		<feat xlink:href="#sPointingRel1043" value="joint-disjunction_m"/>
		<feat xlink:href="#sPointingRel1044" value="elaboration-attribute_r"/>
		<feat xlink:href="#sPointingRel1045" value="purpose-goal_r"/>
		<feat xlink:href="#sPointingRel1046" value="joint-list_m"/>
		<feat xlink:href="#sPointingRel1047" value="context-circumstance_r"/>
		<feat xlink:href="#sPointingRel1048" value="joint-disjunction_m"/>
		<feat xlink:href="#sPointingRel1049" value="organization-heading_r"/>
		<feat xlink:href="#sPointingRel1050" value="context-circumstance_r"/>
		<feat xlink:href="#sPointingRel1051" value="elaboration-additional_r"/>
		<feat xlink:href="#sPointingRel1052" value="context-circumstance_r"/>
		<feat xlink:href="#sPointingRel1053" value="joint-list_m"/>
		<feat xlink:href="#sPointingRel1054" value="organization-heading_r"/>
		<feat xlink:href="#sPointingRel1055" value="joint-list_m"/>
		<feat xlink:href="#sPointingRel1056" value="joint-list_m"/>
		<feat xlink:href="#sPointingRel1057" value="joint-list_m"/>
		<feat xlink:href="#sPointingRel1058" value="joint-list_m"/>
		<feat xlink:href="#sPointingRel1059" value="organization-heading_r"/>
		<feat xlink:href="#sPointingRel1060" value="organization-heading_r"/>
		<feat xlink:href="#sPointingRel1061" value="elaboration-additional_r"/>
		<feat xlink:href="#sPointingRel1062" value="joint-list_m"/>
		<feat xlink:href="#sPointingRel1063" value="joint-list_m"/>
		<feat xlink:href="#sPointingRel1064" value="context-background_r"/>
		<feat xlink:href="#sPointingRel1065" value="joint-list_m"/>
		<feat xlink:href="#sPointingRel1066" value="restatement-repetition_m"/>
		<feat xlink:href="#sPointingRel1067" value="restatement-repetition_m"/>
		<feat xlink:href="#sPointingRel1068" value="explanation-evidence_r"/>
		<feat xlink:href="#sPointingRel1069" value="elaboration-attribute_r"/>
		<feat xlink:href="#sPointingRel1070" value="context-background_r"/>
		<feat xlink:href="#sPointingRel1071" value="joint-disjunction_m"/>
		<feat xlink:href="#sPointingRel1072" value="joint-list_m"/>
		<feat xlink:href="#sPointingRel1073" value="explanation-evidence_r"/>
		<feat xlink:href="#sPointingRel1074" value="elaboration-additional_r"/>
		<feat xlink:href="#sPointingRel1075" value="context-background_r"/>
		<feat xlink:href="#sPointingRel1076" value="joint-disjunction_m"/>
		<feat xlink:href="#sPointingRel1077" value="restatement-repetition_m"/>
		<feat xlink:href="#sPointingRel1078" value="restatement-repetition_m"/>
		<feat xlink:href="#sPointingRel1079" value="context-background_r"/>
		<feat xlink:href="#sPointingRel1080" value="joint-disjunction_m"/>
		<feat xlink:href="#sPointingRel1081" value="restatement-repetition_m"/>
		<feat xlink:href="#sPointingRel1082" value="context-circumstance_r"/>
		<feat xlink:href="#sPointingRel1083" value="attribution-positive_r"/>
		<feat xlink:href="#sPointingRel1084" value="explanation-evidence_r"/>
		<feat xlink:href="#sPointingRel1085" value="context-background_r"/>
		<feat xlink:href="#sPointingRel1086" value="joint-disjunction_m"/>
		<feat xlink:href="#sPointingRel1087" value="mode-means_r"/>
		<feat xlink:href="#sPointingRel1088" value="context-background_r"/>
		<feat xlink:href="#sPointingRel1089" value="joint-disjunction_m"/>
		<feat xlink:href="#sPointingRel1090" value="restatement-repetition_m"/>
		<feat xlink:href="#sPointingRel1091" value="context-background_r"/>
		<feat xlink:href="#sPointingRel1092" value="joint-disjunction_m"/>
		<feat xlink:href="#sPointingRel1093" value="joint-disjunction_m"/>
		<feat xlink:href="#sPointingRel1094" value="explanation-evidence_r"/>
		<feat xlink:href="#sPointingRel1095" value="context-background_r"/>
		<feat xlink:href="#sPointingRel1096" value="joint-disjunction_m"/>
		<feat xlink:href="#sPointingRel1097" value="mode-manner_r"/>
		<feat xlink:href="#sPointingRel1098" value="elaboration-additional_r"/>
		<feat xlink:href="#sPointingRel1099" value="explanation-evidence_r"/>
		<feat xlink:href="#sPointingRel1100" value="causal-cause_r"/>
		<feat xlink:href="#sPointingRel1101" value="joint-list_m"/>
		<feat xlink:href="#sPointingRel1102" value="context-background_r"/>
		<feat xlink:href="#sPointingRel1103" value="joint-disjunction_m"/>
		<feat xlink:href="#sPointingRel1104" value="joint-disjunction_m"/>
		<feat xlink:href="#sPointingRel1105" value="context-background_r"/>
		<feat xlink:href="#sPointingRel1106" value="joint-disjunction_m"/>
		<feat xlink:href="#sPointingRel1107" value="restatement-repetition_m"/>
		<feat xlink:href="#sPointingRel1108" value="restatement-repetition_m"/>
		<feat xlink:href="#sPointingRel1109" value="restatement-repetition_m"/>
		<feat xlink:href="#sPointingRel1110" value="context-background_r"/>
		<feat xlink:href="#sPointingRel1111" value="joint-disjunction_m"/>
		<feat xlink:href="#sPointingRel1112" value="joint-disjunction_m"/>
		<feat xlink:href="#sPointingRel1113" value="organization-heading_r"/>
		<feat xlink:href="#sPointingRel1114" value="elaboration-additional_r"/>
		<feat xlink:href="#sPointingRel1115" value="joint-list_m"/>
		<feat xlink:href="#sPointingRel1116" value="organization-heading_r"/>
		<feat xlink:href="#sPointingRel1117" value="organization-heading_r"/>
		<feat xlink:href="#sPointingRel1118" value="elaboration-additional_r"/>
		<feat xlink:href="#sPointingRel1119" value="joint-list_m"/>
		<feat xlink:href="#sPointingRel1120" value="context-background_r"/>
		<feat xlink:href="#sPointingRel1121" value="joint-list_m"/>
		<feat xlink:href="#sPointingRel1122" value="context-background_r"/>
		<feat xlink:href="#sPointingRel1123" value="joint-disjunction_m"/>
		<feat xlink:href="#sPointingRel1124" value="context-circumstance_r"/>
		<feat xlink:href="#sPointingRel1125" value="joint-disjunction_m"/></featList></paula>