<?xml version='1.0' encoding='UTF-8'?><!DOCTYPE paula SYSTEM "paula_feat.dtd">
<paula version="1.1">
	<header paula_id="rsd.GENTLE_dictionary_trust.mark_head_id"/>
	<featList xmlns:xlink="http://www.w3.org/1999/xlink" type="head_id" xml:base="rsd.GENTLE_dictionary_trust.mark.xml">
		<feat xlink:href="#sSpan247" value="1"/>
		<feat xlink:href="#sSpan248" value="2"/>
		<feat xlink:href="#sSpan249" value="3"/>
		<feat xlink:href="#sSpan250" value="7"/>
		<feat xlink:href="#sSpan251" value="12"/>
		<feat xlink:href="#sSpan252" value="17"/>
		<feat xlink:href="#sSpan253" value="30"/>
		<feat xlink:href="#sSpan254" value="34"/>
		<feat xlink:href="#sSpan255" value="46"/>
		<feat xlink:href="#sSpan256" value="52"/>
		<feat xlink:href="#sSpan257" value="77"/>
		<feat xlink:href="#sSpan258" value="85"/>
		<feat xlink:href="#sSpan259" value="96"/>
		<feat xlink:href="#sSpan260" value="103"/>
		<feat xlink:href="#sSpan261" value="107"/>
		<feat xlink:href="#sSpan262" value="113"/>
		<feat xlink:href="#sSpan263" value="121"/>
		<feat xlink:href="#sSpan264" value="124"/>
		<feat xlink:href="#sSpan265" value="132"/>
		<feat xlink:href="#sSpan266" value="135"/>
		<feat xlink:href="#sSpan267" value="142"/>
		<feat xlink:href="#sSpan268" value="147"/>
		<feat xlink:href="#sSpan269" value="152"/>
		<feat xlink:href="#sSpan270" value="155"/>
		<feat xlink:href="#sSpan271" value="162"/>
		<feat xlink:href="#sSpan272" value="164"/>
		<feat xlink:href="#sSpan273" value="173"/>
		<feat xlink:href="#sSpan274" value="177"/>
		<feat xlink:href="#sSpan275" value="183"/>
		<feat xlink:href="#sSpan276" value="184"/>
		<feat xlink:href="#sSpan277" value="186"/>
		<feat xlink:href="#sSpan278" value="188"/>
		<feat xlink:href="#sSpan279" value="190"/>
		<feat xlink:href="#sSpan280" value="193"/>
		<feat xlink:href="#sSpan281" value="202"/>
		<feat xlink:href="#sSpan282" value="204"/>
		<feat xlink:href="#sSpan283" value="206"/>
		<feat xlink:href="#sSpan284" value="209"/>
		<feat xlink:href="#sSpan285" value="210"/>
		<feat xlink:href="#sSpan286" value="212"/>
		<feat xlink:href="#sSpan287" value="214"/>
		<feat xlink:href="#sSpan288" value="216"/>
		<feat xlink:href="#sSpan289" value="217"/>
		<feat xlink:href="#sSpan290" value="218"/>
		<feat xlink:href="#sSpan291" value="225"/>
		<feat xlink:href="#sSpan292" value="227"/>
		<feat xlink:href="#sSpan293" value="238"/>
		<feat xlink:href="#sSpan294" value="247"/>
		<feat xlink:href="#sSpan295" value="254"/>
		<feat xlink:href="#sSpan296" value="258"/>
		<feat xlink:href="#sSpan297" value="262"/>
		<feat xlink:href="#sSpan298" value="263"/>
		<feat xlink:href="#sSpan299" value="267"/>
		<feat xlink:href="#sSpan300" value="276"/>
		<feat xlink:href="#sSpan301" value="285"/>
		<feat xlink:href="#sSpan302" value="287"/>
		<feat xlink:href="#sSpan303" value="291"/>
		<feat xlink:href="#sSpan304" value="298"/>
		<feat xlink:href="#sSpan305" value="305"/>
		<feat xlink:href="#sSpan306" value="308"/>
		<feat xlink:href="#sSpan307" value="312"/>
		<feat xlink:href="#sSpan308" value="313"/>
		<feat xlink:href="#sSpan309" value="318"/>
		<feat xlink:href="#sSpan310" value="320"/>
		<feat xlink:href="#sSpan311" value="325"/>
		<feat xlink:href="#sSpan312" value="327"/>
		<feat xlink:href="#sSpan313" value="334"/>
		<feat xlink:href="#sSpan314" value="336"/>
		<feat xlink:href="#sSpan315" value="341"/>
		<feat xlink:href="#sSpan316" value="350"/>
		<feat xlink:href="#sSpan317" value="353"/>
		<feat xlink:href="#sSpan318" value="358"/>
		<feat xlink:href="#sSpan319" value="361"/>
		<feat xlink:href="#sSpan320" value="362"/>
		<feat xlink:href="#sSpan321" value="367"/>
		<feat xlink:href="#sSpan322" value="374"/>
		<feat xlink:href="#sSpan323" value="382"/>
		<feat xlink:href="#sSpan324" value="392"/>
		<feat xlink:href="#sSpan325" value="395"/>
		<feat xlink:href="#sSpan326" value="401"/>
		<feat xlink:href="#sSpan327" value="404"/>
		<feat xlink:href="#sSpan328" value="411"/>
		<feat xlink:href="#sSpan329" value="416"/>
		<feat xlink:href="#sSpan330" value="421"/>
		<feat xlink:href="#sSpan331" value="439"/>
		<feat xlink:href="#sSpan332" value="442"/>
		<feat xlink:href="#sSpan333" value="450"/>
		<feat xlink:href="#sSpan334" value="454"/>
		<feat xlink:href="#sSpan335" value="459"/>
		<feat xlink:href="#sSpan336" value="464"/>
		<feat xlink:href="#sSpan337" value="473"/>
		<feat xlink:href="#sSpan338" value="482"/>
		<feat xlink:href="#sSpan339" value="484"/>
		<feat xlink:href="#sSpan340" value="497"/>
		<feat xlink:href="#sSpan341" value="499"/>
		<feat xlink:href="#sSpan342" value="506"/>
		<feat xlink:href="#sSpan343" value="512"/>
		<feat xlink:href="#sSpan344" value="514"/>
		<feat xlink:href="#sSpan345" value="517"/>
		<feat xlink:href="#sSpan346" value="518"/>
		<feat xlink:href="#sSpan347" value="519"/>
		<feat xlink:href="#sSpan348" value="520"/>
		<feat xlink:href="#sSpan349" value="521"/>
		<feat xlink:href="#sSpan350" value="522"/>
		<feat xlink:href="#sSpan351" value="523"/>
		<feat xlink:href="#sSpan352" value="531"/>
		<feat xlink:href="#sSpan353" value="535"/>
		<feat xlink:href="#sSpan354" value="542"/>
		<feat xlink:href="#sSpan355" value="545"/>
		<feat xlink:href="#sSpan356" value="548"/>
		<feat xlink:href="#sSpan357" value="553"/>
		<feat xlink:href="#sSpan358" value="557"/>
		<feat xlink:href="#sSpan359" value="563"/>
		<feat xlink:href="#sSpan360" value="566"/>
		<feat xlink:href="#sSpan361" value="570"/>
		<feat xlink:href="#sSpan362" value="576"/>
		<feat xlink:href="#sSpan363" value="581"/>
		<feat xlink:href="#sSpan364" value="592"/>
		<feat xlink:href="#sSpan365" value="596"/>
		<feat xlink:href="#sSpan366" value="599"/>
		<feat xlink:href="#sSpan367" value="602"/>
		<feat xlink:href="#sSpan368" value="607"/>
		<feat xlink:href="#sSpan369" value="610"/>
		<feat xlink:href="#sSpan370" value="613"/>
		<feat xlink:href="#sSpan371" value="616"/>
		<feat xlink:href="#sSpan372" value="620"/>
		<feat xlink:href="#sSpan373" value="631"/>
		<feat xlink:href="#sSpan374" value="634"/>
		<feat xlink:href="#sSpan375" value="637"/>
		<feat xlink:href="#sSpan376" value="642"/>
		<feat xlink:href="#sSpan377" value="645"/>
		<feat xlink:href="#sSpan378" value="651"/>
		<feat xlink:href="#sSpan379" value="657"/>
		<feat xlink:href="#sSpan380" value="660"/>
		<feat xlink:href="#sSpan381" value="669"/>
		<feat xlink:href="#sSpan382" value="672"/>
		<feat xlink:href="#sSpan383" value="675"/>
		<feat xlink:href="#sSpan384" value="680"/>
		<feat xlink:href="#sSpan385" value="695"/>
		<feat xlink:href="#sSpan386" value="703"/>
		<feat xlink:href="#sSpan387" value="708"/>
		<feat xlink:href="#sSpan388" value="716"/>
		<feat xlink:href="#sSpan389" value="720"/>
		<feat xlink:href="#sSpan390" value="724"/>
		<feat xlink:href="#sSpan391" value="728"/>
		<feat xlink:href="#sSpan392" value="733"/>
		<feat xlink:href="#sSpan393" value="744"/>
		<feat xlink:href="#sSpan394" value="748"/>
		<feat xlink:href="#sSpan395" value="751"/>
		<feat xlink:href="#sSpan396" value="755"/>
		<feat xlink:href="#sSpan397" value="758"/>
		<feat xlink:href="#sSpan398" value="763"/>
		<feat xlink:href="#sSpan399" value="767"/>
		<feat xlink:href="#sSpan400" value="772"/>
		<feat xlink:href="#sSpan401" value="775"/>
		<feat xlink:href="#sSpan402" value="779"/>
		<feat xlink:href="#sSpan403" value="792"/>
		<feat xlink:href="#sSpan404" value="795"/>
		<feat xlink:href="#sSpan405" value="796"/>
		<feat xlink:href="#sSpan406" value="797"/>
		<feat xlink:href="#sSpan407" value="798"/>
		<feat xlink:href="#sSpan408" value="799"/>
		<feat xlink:href="#sSpan409" value="803"/>
		<feat xlink:href="#sSpan410" value="807"/>
		<feat xlink:href="#sSpan411" value="810"/>
		<feat xlink:href="#sSpan412" value="812"/>
		<feat xlink:href="#sSpan413" value="817"/>
		<feat xlink:href="#sSpan414" value="819"/>
		<feat xlink:href="#sSpan415" value="824"/>
		<feat xlink:href="#sSpan416" value="826"/></featList></paula>