<?xml version='1.0' encoding='UTF-8'?><!DOCTYPE paula SYSTEM "paula_feat.dtd">
<paula version="1.1">
	<header paula_id="rst.GENTLE_dictionary_trust.struct_signal"/>
	<featList xmlns:xlink="http://www.w3.org/1999/xlink" type="signal" xml:base="rst.GENTLE_dictionary_trust.struct.xml">
		<feat xlink:href="#sDomRel2608" value="mode-means"/>
		<feat xlink:href="#sDomRel2611" value="mode-manner"/>
		<feat xlink:href="#sDomRel2613" value="elaboration-attribute"/>
		<feat xlink:href="#sDomRel2615" value="adversative-contrast"/>
		<feat xlink:href="#sDomRel2617" value="joint-list"/>
		<feat xlink:href="#sDomRel2619" value="contingency-condition"/>
		<feat xlink:href="#sDomRel2621" value="joint-list"/>
		<feat xlink:href="#sDomRel2623" value="adversative-concession"/>
		<feat xlink:href="#sDomRel2625" value="context-circumstance"/>
		<feat xlink:href="#sDomRel2627" value="adversative-contrast"/></featList></paula>