<?xml version='1.0' encoding='UTF-8'?><!DOCTYPE paula SYSTEM "paula_feat.dtd">
<paula version="1.1">
	<header paula_id="rst.GENTLE_dictionary_trust.struct_signal_text"/>
	<featList xmlns:xlink="http://www.w3.org/1999/xlink" type="signal_text" xml:base="rst.GENTLE_dictionary_trust.struct.xml">
		<feat xlink:href="#structure1030" value="but"/>
		<feat xlink:href="#structure1031" value="when"/>
		<feat xlink:href="#structure1032" value="Ultimately"/>
		<feat xlink:href="#structure1033" value="by"/>
		<feat xlink:href="#structure1034" value="if"/>
		<feat xlink:href="#structure1035" value="but"/>
		<feat xlink:href="#structure1036" value="also"/>
		<feat xlink:href="#structure1037" value="as though"/>
		<feat xlink:href="#structure1038" value="and"/>
		<feat xlink:href="#structure1039" value="and"/></featList></paula>