<?xml version='1.0' encoding='UTF-8'?><!DOCTYPE paula SYSTEM "paula_feat.dtd">
<paula version="1.1">
	<header paula_id="rst.GENTLE_dictionary_trust.struct_type"/>
	<featList xmlns:xlink="http://www.w3.org/1999/xlink" type="type" xml:base="rst.GENTLE_dictionary_trust.struct.xml">
		<feat xlink:href="#structure741" value="multinuc"/>
		<feat xlink:href="#structure742" value="span"/>
		<feat xlink:href="#structure743" value="span"/>
		<feat xlink:href="#structure746" value="span"/>
		<feat xlink:href="#structure748" value="span"/>
		<feat xlink:href="#structure751" value="span"/>
		<feat xlink:href="#structure752" value="multinuc"/>
		<feat xlink:href="#structure753" value="multinuc"/>
		<feat xlink:href="#structure754" value="span"/>
		<feat xlink:href="#structure755" value="span"/>
		<feat xlink:href="#structure758" value="span"/>
		<feat xlink:href="#structure761" value="span"/>
		<feat xlink:href="#structure764" value="span"/>
		<feat xlink:href="#structure767" value="span"/>
		<feat xlink:href="#structure770" value="span"/>
		<feat xlink:href="#structure773" value="span"/>
		<feat xlink:href="#structure774" value="multinuc"/>
		<feat xlink:href="#structure775" value="multinuc"/>
		<feat xlink:href="#structure776" value="span"/>
		<feat xlink:href="#structure780" value="span"/>
		<feat xlink:href="#structure782" value="span"/>
		<feat xlink:href="#structure785" value="span"/>
		<feat xlink:href="#structure786" value="multinuc"/>
		<feat xlink:href="#structure790" value="span"/>
		<feat xlink:href="#structure792" value="span"/>
		<feat xlink:href="#structure793" value="span"/>
		<feat xlink:href="#structure796" value="span"/>
		<feat xlink:href="#structure799" value="span"/>
		<feat xlink:href="#structure800" value="multinuc"/>
		<feat xlink:href="#structure801" value="span"/>
		<feat xlink:href="#structure806" value="span"/>
		<feat xlink:href="#structure811" value="span"/>
		<feat xlink:href="#structure814" value="span"/>
		<feat xlink:href="#structure815" value="multinuc"/>
		<feat xlink:href="#structure817" value="span"/>
		<feat xlink:href="#structure821" value="span"/>
		<feat xlink:href="#structure824" value="span"/>
		<feat xlink:href="#structure825" value="multinuc"/>
		<feat xlink:href="#structure826" value="span"/>
		<feat xlink:href="#structure830" value="span"/>
		<feat xlink:href="#structure833" value="span"/>
		<feat xlink:href="#structure834" value="multinuc"/>
		<feat xlink:href="#structure838" value="span"/>
		<feat xlink:href="#structure839" value="multinuc"/>
		<feat xlink:href="#structure842" value="span"/>
		<feat xlink:href="#structure846" value="span"/>
		<feat xlink:href="#structure847" value="multinuc"/>
		<feat xlink:href="#structure852" value="span"/>
		<feat xlink:href="#structure854" value="span"/>
		<feat xlink:href="#structure856" value="span"/>
		<feat xlink:href="#structure857" value="span"/>
		<feat xlink:href="#structure858" value="span"/>
		<feat xlink:href="#structure862" value="span"/>
		<feat xlink:href="#structure865" value="span"/>
		<feat xlink:href="#structure866" value="multinuc"/>
		<feat xlink:href="#structure868" value="span"/>
		<feat xlink:href="#structure870" value="span"/>
		<feat xlink:href="#structure873" value="span"/>
		<feat xlink:href="#structure875" value="span"/>
		<feat xlink:href="#structure876" value="multinuc"/>
		<feat xlink:href="#structure877" value="span"/>
		<feat xlink:href="#structure881" value="span"/>
		<feat xlink:href="#structure882" value="multinuc"/>
		<feat xlink:href="#structure884" value="span"/>
		<feat xlink:href="#structure887" value="span"/>
		<feat xlink:href="#structure888" value="multinuc"/>
		<feat xlink:href="#structure892" value="span"/>
		<feat xlink:href="#structure895" value="span"/>
		<feat xlink:href="#structure896" value="multinuc"/>
		<feat xlink:href="#structure897" value="span"/>
		<feat xlink:href="#structure903" value="multinuc"/>
		<feat xlink:href="#structure904" value="span"/>
		<feat xlink:href="#structure905" value="multinuc"/>
		<feat xlink:href="#structure906" value="span"/>
		<feat xlink:href="#structure907" value="span"/>
		<feat xlink:href="#structure908" value="span"/>
		<feat xlink:href="#structure912" value="multinuc"/>
		<feat xlink:href="#structure914" value="span"/>
		<feat xlink:href="#structure917" value="span"/>
		<feat xlink:href="#structure920" value="span"/>
		<feat xlink:href="#structure923" value="span"/>
		<feat xlink:href="#structure924" value="multinuc"/>
		<feat xlink:href="#structure925" value="span"/>
		<feat xlink:href="#structure926" value="span"/>
		<feat xlink:href="#structure931" value="multinuc"/>
		<feat xlink:href="#structure933" value="span"/>
		<feat xlink:href="#structure938" value="multinuc"/>
		<feat xlink:href="#structure941" value="span"/>
		<feat xlink:href="#structure942" value="span"/>
		<feat xlink:href="#structure943" value="span"/>
		<feat xlink:href="#structure947" value="multinuc"/>
		<feat xlink:href="#structure950" value="span"/>
		<feat xlink:href="#structure951" value="span"/>
		<feat xlink:href="#structure952" value="span"/>
		<feat xlink:href="#structure957" value="multinuc"/>
		<feat xlink:href="#structure958" value="span"/>
		<feat xlink:href="#structure963" value="multinuc"/>
		<feat xlink:href="#structure964" value="span"/>
		<feat xlink:href="#structure967" value="span"/>
		<feat xlink:href="#structure968" value="span"/>
		<feat xlink:href="#structure969" value="span"/>
		<feat xlink:href="#structure973" value="span"/>
		<feat xlink:href="#structure974" value="span"/>
		<feat xlink:href="#structure978" value="multinuc"/>
		<feat xlink:href="#structure979" value="span"/>
		<feat xlink:href="#structure984" value="multinuc"/>
		<feat xlink:href="#structure985" value="span"/>
		<feat xlink:href="#structure986" value="span"/>
		<feat xlink:href="#structure990" value="span"/>
		<feat xlink:href="#structure992" value="span"/>
		<feat xlink:href="#structure996" value="span"/>
		<feat xlink:href="#structure997" value="multinuc"/>
		<feat xlink:href="#structure998" value="span"/>
		<feat xlink:href="#structure999" value="span"/>
		<feat xlink:href="#structure1003" value="multinuc"/>
		<feat xlink:href="#structure1004" value="span"/>
		<feat xlink:href="#structure1010" value="multinuc"/>
		<feat xlink:href="#structure1011" value="span"/>
		<feat xlink:href="#structure1015" value="multinuc"/>
		<feat xlink:href="#structure1016" value="span"/>
		<feat xlink:href="#structure1017" value="multinuc"/>
		<feat xlink:href="#structure1021" value="multinuc"/>
		<feat xlink:href="#structure1022" value="span"/>
		<feat xlink:href="#structure1023" value="span"/>
		<feat xlink:href="#structure1024" value="span"/>
		<feat xlink:href="#structure1025" value="span"/>
		<feat xlink:href="#structure1026" value="multinuc"/>
		<feat xlink:href="#structure1027" value="multinuc"/>
		<feat xlink:href="#structure1028" value="span"/>
		<feat xlink:href="#structure1029" value="span"/></featList></paula>