<?xml version='1.0' encoding='UTF-8'?><!DOCTYPE paula SYSTEM "paula_feat.dtd">
<paula version="1.1">
	<header paula_id="rst.GENTLE_dictionary_trust.struct_kind"/>
	<featList xmlns:xlink="http://www.w3.org/1999/xlink" type="kind" xml:base="rst.GENTLE_dictionary_trust.struct.xml">
		<feat xlink:href="#structure730" value="segment"/>
		<feat xlink:href="#structure731" value="segment"/>
		<feat xlink:href="#structure732" value="segment"/>
		<feat xlink:href="#structure733" value="segment"/>
		<feat xlink:href="#structure734" value="segment"/>
		<feat xlink:href="#structure735" value="segment"/>
		<feat xlink:href="#structure736" value="segment"/>
		<feat xlink:href="#structure737" value="segment"/>
		<feat xlink:href="#structure738" value="segment"/>
		<feat xlink:href="#structure739" value="segment"/>
		<feat xlink:href="#structure740" value="segment"/>
		<feat xlink:href="#structure741" value="group"/>
		<feat xlink:href="#structure742" value="group"/>
		<feat xlink:href="#structure743" value="group"/>
		<feat xlink:href="#structure744" value="segment"/>
		<feat xlink:href="#structure745" value="segment"/>
		<feat xlink:href="#structure746" value="group"/>
		<feat xlink:href="#structure747" value="segment"/>
		<feat xlink:href="#structure748" value="group"/>
		<feat xlink:href="#structure749" value="segment"/>
		<feat xlink:href="#structure750" value="segment"/>
		<feat xlink:href="#structure751" value="group"/>
		<feat xlink:href="#structure752" value="group"/>
		<feat xlink:href="#structure753" value="group"/>
		<feat xlink:href="#structure754" value="group"/>
		<feat xlink:href="#structure755" value="group"/>
		<feat xlink:href="#structure756" value="segment"/>
		<feat xlink:href="#structure757" value="segment"/>
		<feat xlink:href="#structure758" value="group"/>
		<feat xlink:href="#structure759" value="segment"/>
		<feat xlink:href="#structure760" value="segment"/>
		<feat xlink:href="#structure761" value="group"/>
		<feat xlink:href="#structure762" value="segment"/>
		<feat xlink:href="#structure763" value="segment"/>
		<feat xlink:href="#structure764" value="group"/>
		<feat xlink:href="#structure765" value="segment"/>
		<feat xlink:href="#structure766" value="segment"/>
		<feat xlink:href="#structure767" value="group"/>
		<feat xlink:href="#structure768" value="segment"/>
		<feat xlink:href="#structure769" value="segment"/>
		<feat xlink:href="#structure770" value="group"/>
		<feat xlink:href="#structure771" value="segment"/>
		<feat xlink:href="#structure772" value="segment"/>
		<feat xlink:href="#structure773" value="group"/>
		<feat xlink:href="#structure774" value="group"/>
		<feat xlink:href="#structure775" value="group"/>
		<feat xlink:href="#structure776" value="group"/>
		<feat xlink:href="#structure777" value="segment"/>
		<feat xlink:href="#structure778" value="segment"/>
		<feat xlink:href="#structure779" value="segment"/>
		<feat xlink:href="#structure780" value="group"/>
		<feat xlink:href="#structure781" value="segment"/>
		<feat xlink:href="#structure782" value="group"/>
		<feat xlink:href="#structure783" value="segment"/>
		<feat xlink:href="#structure784" value="segment"/>
		<feat xlink:href="#structure785" value="group"/>
		<feat xlink:href="#structure786" value="group"/>
		<feat xlink:href="#structure787" value="segment"/>
		<feat xlink:href="#structure788" value="segment"/>
		<feat xlink:href="#structure789" value="segment"/>
		<feat xlink:href="#structure790" value="group"/>
		<feat xlink:href="#structure791" value="segment"/>
		<feat xlink:href="#structure792" value="group"/>
		<feat xlink:href="#structure793" value="group"/>
		<feat xlink:href="#structure794" value="segment"/>
		<feat xlink:href="#structure795" value="segment"/>
		<feat xlink:href="#structure796" value="group"/>
		<feat xlink:href="#structure797" value="segment"/>
		<feat xlink:href="#structure798" value="segment"/>
		<feat xlink:href="#structure799" value="group"/>
		<feat xlink:href="#structure800" value="group"/>
		<feat xlink:href="#structure801" value="group"/>
		<feat xlink:href="#structure802" value="segment"/>
		<feat xlink:href="#structure803" value="segment"/>
		<feat xlink:href="#structure804" value="segment"/>
		<feat xlink:href="#structure805" value="segment"/>
		<feat xlink:href="#structure806" value="group"/>
		<feat xlink:href="#structure807" value="segment"/>
		<feat xlink:href="#structure808" value="segment"/>
		<feat xlink:href="#structure809" value="segment"/>
		<feat xlink:href="#structure810" value="segment"/>
		<feat xlink:href="#structure811" value="group"/>
		<feat xlink:href="#structure812" value="segment"/>
		<feat xlink:href="#structure813" value="segment"/>
		<feat xlink:href="#structure814" value="group"/>
		<feat xlink:href="#structure815" value="group"/>
		<feat xlink:href="#structure816" value="segment"/>
		<feat xlink:href="#structure817" value="group"/>
		<feat xlink:href="#structure818" value="segment"/>
		<feat xlink:href="#structure819" value="segment"/>
		<feat xlink:href="#structure820" value="segment"/>
		<feat xlink:href="#structure821" value="group"/>
		<feat xlink:href="#structure822" value="segment"/>
		<feat xlink:href="#structure823" value="segment"/>
		<feat xlink:href="#structure824" value="group"/>
		<feat xlink:href="#structure825" value="group"/>
		<feat xlink:href="#structure826" value="group"/>
		<feat xlink:href="#structure827" value="segment"/>
		<feat xlink:href="#structure828" value="segment"/>
		<feat xlink:href="#structure829" value="segment"/>
		<feat xlink:href="#structure830" value="group"/>
		<feat xlink:href="#structure831" value="segment"/>
		<feat xlink:href="#structure832" value="segment"/>
		<feat xlink:href="#structure833" value="group"/>
		<feat xlink:href="#structure834" value="group"/>
		<feat xlink:href="#structure835" value="segment"/>
		<feat xlink:href="#structure836" value="segment"/>
		<feat xlink:href="#structure837" value="segment"/>
		<feat xlink:href="#structure838" value="group"/>
		<feat xlink:href="#structure839" value="group"/>
		<feat xlink:href="#structure840" value="segment"/>
		<feat xlink:href="#structure841" value="segment"/>
		<feat xlink:href="#structure842" value="group"/>
		<feat xlink:href="#structure843" value="segment"/>
		<feat xlink:href="#structure844" value="segment"/>
		<feat xlink:href="#structure845" value="segment"/>
		<feat xlink:href="#structure846" value="group"/>
		<feat xlink:href="#structure847" value="group"/>
		<feat xlink:href="#structure848" value="segment"/>
		<feat xlink:href="#structure849" value="segment"/>
		<feat xlink:href="#structure850" value="segment"/>
		<feat xlink:href="#structure851" value="segment"/>
		<feat xlink:href="#structure852" value="group"/>
		<feat xlink:href="#structure853" value="segment"/>
		<feat xlink:href="#structure854" value="group"/>
		<feat xlink:href="#structure855" value="segment"/>
		<feat xlink:href="#structure856" value="group"/>
		<feat xlink:href="#structure857" value="group"/>
		<feat xlink:href="#structure858" value="group"/>
		<feat xlink:href="#structure859" value="segment"/>
		<feat xlink:href="#structure860" value="segment"/>
		<feat xlink:href="#structure861" value="segment"/>
		<feat xlink:href="#structure862" value="group"/>
		<feat xlink:href="#structure863" value="segment"/>
		<feat xlink:href="#structure864" value="segment"/>
		<feat xlink:href="#structure865" value="group"/>
		<feat xlink:href="#structure866" value="group"/>
		<feat xlink:href="#structure867" value="segment"/>
		<feat xlink:href="#structure868" value="group"/>
		<feat xlink:href="#structure869" value="segment"/>
		<feat xlink:href="#structure870" value="group"/>
		<feat xlink:href="#structure871" value="segment"/>
		<feat xlink:href="#structure872" value="segment"/>
		<feat xlink:href="#structure873" value="group"/>
		<feat xlink:href="#structure874" value="segment"/>
		<feat xlink:href="#structure875" value="group"/>
		<feat xlink:href="#structure876" value="group"/>
		<feat xlink:href="#structure877" value="group"/>
		<feat xlink:href="#structure878" value="segment"/>
		<feat xlink:href="#structure879" value="segment"/>
		<feat xlink:href="#structure880" value="segment"/>
		<feat xlink:href="#structure881" value="group"/>
		<feat xlink:href="#structure882" value="group"/>
		<feat xlink:href="#structure883" value="segment"/>
		<feat xlink:href="#structure884" value="group"/>
		<feat xlink:href="#structure885" value="segment"/>
		<feat xlink:href="#structure886" value="segment"/>
		<feat xlink:href="#structure887" value="group"/>
		<feat xlink:href="#structure888" value="group"/>
		<feat xlink:href="#structure889" value="segment"/>
		<feat xlink:href="#structure890" value="segment"/>
		<feat xlink:href="#structure891" value="segment"/>
		<feat xlink:href="#structure892" value="group"/>
		<feat xlink:href="#structure893" value="segment"/>
		<feat xlink:href="#structure894" value="segment"/>
		<feat xlink:href="#structure895" value="group"/>
		<feat xlink:href="#structure896" value="group"/>
		<feat xlink:href="#structure897" value="group"/>
		<feat xlink:href="#structure898" value="segment"/>
		<feat xlink:href="#structure899" value="segment"/>
		<feat xlink:href="#structure900" value="segment"/>
		<feat xlink:href="#structure901" value="segment"/>
		<feat xlink:href="#structure902" value="segment"/>
		<feat xlink:href="#structure903" value="group"/>
		<feat xlink:href="#structure904" value="group"/>
		<feat xlink:href="#structure905" value="group"/>
		<feat xlink:href="#structure906" value="group"/>
		<feat xlink:href="#structure907" value="group"/>
		<feat xlink:href="#structure908" value="group"/>
		<feat xlink:href="#structure909" value="segment"/>
		<feat xlink:href="#structure910" value="segment"/>
		<feat xlink:href="#structure911" value="segment"/>
		<feat xlink:href="#structure912" value="group"/>
		<feat xlink:href="#structure913" value="segment"/>
		<feat xlink:href="#structure914" value="group"/>
		<feat xlink:href="#structure915" value="segment"/>
		<feat xlink:href="#structure916" value="segment"/>
		<feat xlink:href="#structure917" value="group"/>
		<feat xlink:href="#structure918" value="segment"/>
		<feat xlink:href="#structure919" value="segment"/>
		<feat xlink:href="#structure920" value="group"/>
		<feat xlink:href="#structure921" value="segment"/>
		<feat xlink:href="#structure922" value="segment"/>
		<feat xlink:href="#structure923" value="group"/>
		<feat xlink:href="#structure924" value="group"/>
		<feat xlink:href="#structure925" value="group"/>
		<feat xlink:href="#structure926" value="group"/>
		<feat xlink:href="#structure927" value="segment"/>
		<feat xlink:href="#structure928" value="segment"/>
		<feat xlink:href="#structure929" value="segment"/>
		<feat xlink:href="#structure930" value="segment"/>
		<feat xlink:href="#structure931" value="group"/>
		<feat xlink:href="#structure932" value="segment"/>
		<feat xlink:href="#structure933" value="group"/>
		<feat xlink:href="#structure934" value="segment"/>
		<feat xlink:href="#structure935" value="segment"/>
		<feat xlink:href="#structure936" value="segment"/>
		<feat xlink:href="#structure937" value="segment"/>
		<feat xlink:href="#structure938" value="group"/>
		<feat xlink:href="#structure939" value="segment"/>
		<feat xlink:href="#structure940" value="segment"/>
		<feat xlink:href="#structure941" value="group"/>
		<feat xlink:href="#structure942" value="group"/>
		<feat xlink:href="#structure943" value="group"/>
		<feat xlink:href="#structure944" value="segment"/>
		<feat xlink:href="#structure945" value="segment"/>
		<feat xlink:href="#structure946" value="segment"/>
		<feat xlink:href="#structure947" value="group"/>
		<feat xlink:href="#structure948" value="segment"/>
		<feat xlink:href="#structure949" value="segment"/>
		<feat xlink:href="#structure950" value="group"/>
		<feat xlink:href="#structure951" value="group"/>
		<feat xlink:href="#structure952" value="group"/>
		<feat xlink:href="#structure953" value="segment"/>
		<feat xlink:href="#structure954" value="segment"/>
		<feat xlink:href="#structure955" value="segment"/>
		<feat xlink:href="#structure956" value="segment"/>
		<feat xlink:href="#structure957" value="group"/>
		<feat xlink:href="#structure958" value="group"/>
		<feat xlink:href="#structure959" value="segment"/>
		<feat xlink:href="#structure960" value="segment"/>
		<feat xlink:href="#structure961" value="segment"/>
		<feat xlink:href="#structure962" value="segment"/>
		<feat xlink:href="#structure963" value="group"/>
		<feat xlink:href="#structure964" value="group"/>
		<feat xlink:href="#structure965" value="segment"/>
		<feat xlink:href="#structure966" value="segment"/>
		<feat xlink:href="#structure967" value="group"/>
		<feat xlink:href="#structure968" value="group"/>
		<feat xlink:href="#structure969" value="group"/>
		<feat xlink:href="#structure970" value="segment"/>
		<feat xlink:href="#structure971" value="segment"/>
		<feat xlink:href="#structure972" value="segment"/>
		<feat xlink:href="#structure973" value="group"/>
		<feat xlink:href="#structure974" value="group"/>
		<feat xlink:href="#structure975" value="segment"/>
		<feat xlink:href="#structure976" value="segment"/>
		<feat xlink:href="#structure977" value="segment"/>
		<feat xlink:href="#structure978" value="group"/>
		<feat xlink:href="#structure979" value="group"/>
		<feat xlink:href="#structure980" value="segment"/>
		<feat xlink:href="#structure981" value="segment"/>
		<feat xlink:href="#structure982" value="segment"/>
		<feat xlink:href="#structure983" value="segment"/>
		<feat xlink:href="#structure984" value="group"/>
		<feat xlink:href="#structure985" value="group"/>
		<feat xlink:href="#structure986" value="group"/>
		<feat xlink:href="#structure987" value="segment"/>
		<feat xlink:href="#structure988" value="segment"/>
		<feat xlink:href="#structure989" value="segment"/>
		<feat xlink:href="#structure990" value="group"/>
		<feat xlink:href="#structure991" value="segment"/>
		<feat xlink:href="#structure992" value="group"/>
		<feat xlink:href="#structure993" value="segment"/>
		<feat xlink:href="#structure994" value="segment"/>
		<feat xlink:href="#structure995" value="segment"/>
		<feat xlink:href="#structure996" value="group"/>
		<feat xlink:href="#structure997" value="group"/>
		<feat xlink:href="#structure998" value="group"/>
		<feat xlink:href="#structure999" value="group"/>
		<feat xlink:href="#structure1000" value="segment"/>
		<feat xlink:href="#structure1001" value="segment"/>
		<feat xlink:href="#structure1002" value="segment"/>
		<feat xlink:href="#structure1003" value="group"/>
		<feat xlink:href="#structure1004" value="group"/>
		<feat xlink:href="#structure1005" value="segment"/>
		<feat xlink:href="#structure1006" value="segment"/>
		<feat xlink:href="#structure1007" value="segment"/>
		<feat xlink:href="#structure1008" value="segment"/>
		<feat xlink:href="#structure1009" value="segment"/>
		<feat xlink:href="#structure1010" value="group"/>
		<feat xlink:href="#structure1011" value="group"/>
		<feat xlink:href="#structure1012" value="segment"/>
		<feat xlink:href="#structure1013" value="segment"/>
		<feat xlink:href="#structure1014" value="segment"/>
		<feat xlink:href="#structure1015" value="group"/>
		<feat xlink:href="#structure1016" value="group"/>
		<feat xlink:href="#structure1017" value="group"/>
		<feat xlink:href="#structure1018" value="segment"/>
		<feat xlink:href="#structure1019" value="segment"/>
		<feat xlink:href="#structure1020" value="segment"/>
		<feat xlink:href="#structure1021" value="group"/>
		<feat xlink:href="#structure1022" value="group"/>
		<feat xlink:href="#structure1023" value="group"/>
		<feat xlink:href="#structure1024" value="group"/>
		<feat xlink:href="#structure1025" value="group"/>
		<feat xlink:href="#structure1026" value="group"/>
		<feat xlink:href="#structure1027" value="group"/>
		<feat xlink:href="#structure1028" value="group"/>
		<feat xlink:href="#structure1029" value="group"/></featList></paula>