<?xml version='1.0' encoding='UTF-8'?><!DOCTYPE paula SYSTEM "paula_feat.dtd">
<paula version="1.1">
	<header paula_id="rst.GENTLE_dictionary_trust.struct_signaled_relation"/>
	<featList xmlns:xlink="http://www.w3.org/1999/xlink" type="signaled_relation" xml:base="rst.GENTLE_dictionary_trust.struct.xml">
		<feat xlink:href="#structure1030" value="adversative-contrast"/>
		<feat xlink:href="#structure1031" value="context-circumstance"/>
		<feat xlink:href="#structure1032" value="joint-list"/>
		<feat xlink:href="#structure1033" value="mode-means"/>
		<feat xlink:href="#structure1034" value="contingency-condition"/>
		<feat xlink:href="#structure1035" value="adversative-concession"/>
		<feat xlink:href="#structure1036" value="elaboration-attribute"/>
		<feat xlink:href="#structure1037" value="mode-manner"/>
		<feat xlink:href="#structure1038" value="joint-list"/>
		<feat xlink:href="#structure1039" value="adversative-contrast"/></featList></paula>