<?xml version='1.0' encoding='UTF-8'?><!DOCTYPE paula SYSTEM "paula_feat.dtd">
<paula version="1.1">
	<header paula_id="rst.GENTLE_dictionary_trust.struct_signal_type"/>
	<featList xmlns:xlink="http://www.w3.org/1999/xlink" type="signal_type" xml:base="rst.GENTLE_dictionary_trust.struct.xml">
		<feat xlink:href="#structure1030" value="dm"/>
		<feat xlink:href="#structure1031" value="dm"/>
		<feat xlink:href="#structure1032" value="dm"/>
		<feat xlink:href="#structure1033" value="dm"/>
		<feat xlink:href="#structure1034" value="dm"/>
		<feat xlink:href="#structure1035" value="dm"/>
		<feat xlink:href="#structure1036" value="dm"/>
		<feat xlink:href="#structure1037" value="dm"/>
		<feat xlink:href="#structure1038" value="dm"/>
		<feat xlink:href="#structure1039" value="dm"/></featList></paula>