<?xml version='1.0' encoding='UTF-8'?><!DOCTYPE paula SYSTEM "paula_feat.dtd">
<paula version="1.1">
	<header paula_id="rst.GENTLE_dictionary_trust.struct_signal_indexes"/>
	<featList xmlns:xlink="http://www.w3.org/1999/xlink" type="signal_indexes" xml:base="rst.GENTLE_dictionary_trust.struct.xml">
		<feat xlink:href="#structure1030" value="41"/>
		<feat xlink:href="#structure1031" value="446"/>
		<feat xlink:href="#structure1032" value="89"/>
		<feat xlink:href="#structure1033" value="650"/>
		<feat xlink:href="#structure1034" value="243"/>
		<feat xlink:href="#structure1035" value="295"/>
		<feat xlink:href="#structure1036" value="76"/>
		<feat xlink:href="#structure1037" value="714 715"/>
		<feat xlink:href="#structure1038" value="472"/>
		<feat xlink:href="#structure1039" value="48"/></featList></paula>