<?xml version='1.0' encoding='UTF-8'?><!DOCTYPE paula SYSTEM "paula_feat.dtd">
<paula version="1.1">
	<header paula_id="tei.GENTLE_dictionary_trust.mark_w"/>
	<featList xmlns:xlink="http://www.w3.org/1999/xlink" type="w" xml:base="tei.GENTLE_dictionary_trust.mark.xml">
		<feat xlink:href="#sSpan430" value="w"/>
		<feat xlink:href="#sSpan435" value="w"/>
		<feat xlink:href="#sSpan436" value="w"/>
		<feat xlink:href="#sSpan440" value="w"/>
		<feat xlink:href="#sSpan470" value="w"/>
		<feat xlink:href="#sSpan476" value="w"/>
		<feat xlink:href="#sSpan579" value="w"/>
		<feat xlink:href="#sSpan592" value="w"/></featList></paula>