<?xml version='1.0' encoding='UTF-8'?><!DOCTYPE paula SYSTEM "paula_feat.dtd">
<paula version="1.1">
	<header paula_id="GENTLE_esports_fifa.tok_upos"/>
	<featList xmlns:xlink="http://www.w3.org/1999/xlink" type="upos" xml:base="GENTLE_esports_fifa.tok.xml">
		<feat xlink:href="#sTok1" value="ADV"/>
		<feat xlink:href="#sTok2" value="ADP"/>
		<feat xlink:href="#sTok3" value="ADJ"/>
		<feat xlink:href="#sTok4" value="NOUN"/>
		<feat xlink:href="#sTok5" value="PART"/>
		<feat xlink:href="#sTok6" value="ADJ"/>
		<feat xlink:href="#sTok7" value="NOUN"/>
		<feat xlink:href="#sTok8" value="ADV"/>
		<feat xlink:href="#sTok9" value="PROPN"/>
		<feat xlink:href="#sTok10" value="PRON"/>
		<feat xlink:href="#sTok11" value="VERB"/>
		<feat xlink:href="#sTok12" value="PRON"/>
		<feat xlink:href="#sTok13" value="ADP"/>
		<feat xlink:href="#sTok14" value="DET"/>
		<feat xlink:href="#sTok15" value="ADJ"/>
		<feat xlink:href="#sTok16" value="NOUN"/>
		<feat xlink:href="#sTok17" value="ADP"/>
		<feat xlink:href="#sTok18" value="DET"/>
		<feat xlink:href="#sTok19" value="PROPN"/>
		<feat xlink:href="#sTok20" value="PROPN"/>
		<feat xlink:href="#sTok21" value="NOUN"/>
		<feat xlink:href="#sTok22" value="CCONJ"/>
		<feat xlink:href="#sTok23" value="ADV"/>
		<feat xlink:href="#sTok24" value="PRON"/>
		<feat xlink:href="#sTok25" value="VERB"/>
		<feat xlink:href="#sTok26" value="PRON"/>
		<feat xlink:href="#sTok27" value="ADP"/>
		<feat xlink:href="#sTok28" value="PRON"/>
		<feat xlink:href="#sTok29" value="ADP"/>
		<feat xlink:href="#sTok30" value="DET"/>
		<feat xlink:href="#sTok31" value="ADJ"/>
		<feat xlink:href="#sTok32" value="NOUN"/>
		<feat xlink:href="#sTok33" value="PUNCT"/>
		<feat xlink:href="#sTok34" value="CCONJ"/>
		<feat xlink:href="#sTok35" value="ADV"/>
		<feat xlink:href="#sTok36" value="VERB"/>
		<feat xlink:href="#sTok37" value="ADP"/>
		<feat xlink:href="#sTok38" value="DET"/>
		<feat xlink:href="#sTok39" value="NOUN"/>
		<feat xlink:href="#sTok40" value="ADP"/>
		<feat xlink:href="#sTok41" value="PROPN"/>
		<feat xlink:href="#sTok42" value="PROPN"/>
		<feat xlink:href="#sTok43" value="PUNCT"/>
		<feat xlink:href="#sTok44" value="NOUN"/>
		<feat xlink:href="#sTok45" value="PART"/>
		<feat xlink:href="#sTok46" value="NOUN"/>
		<feat xlink:href="#sTok47" value="AUX"/>
		<feat xlink:href="#sTok48" value="VERB"/>
		<feat xlink:href="#sTok49" value="PART"/>
		<feat xlink:href="#sTok50" value="VERB"/>
		<feat xlink:href="#sTok51" value="ADP"/>
		<feat xlink:href="#sTok52" value="ADP"/>
		<feat xlink:href="#sTok53" value="NUM"/>
		<feat xlink:href="#sTok54" value="NOUN"/>
		<feat xlink:href="#sTok55" value="PRON"/>
		<feat xlink:href="#sTok56" value="PRON"/>
		<feat xlink:href="#sTok57" value="VERB"/>
		<feat xlink:href="#sTok58" value="AUX"/>
		<feat xlink:href="#sTok59" value="PART"/>
		<feat xlink:href="#sTok60" value="ADV"/>
		<feat xlink:href="#sTok61" value="ADJ"/>
		<feat xlink:href="#sTok62" value="ADP"/>
		<feat xlink:href="#sTok63" value="DET"/>
		<feat xlink:href="#sTok64" value="ADJ"/>
		<feat xlink:href="#sTok65" value="NOUN"/>
		<feat xlink:href="#sTok66" value="ADP"/>
		<feat xlink:href="#sTok67" value="NOUN"/>
		<feat xlink:href="#sTok68" value="PRON"/>
		<feat xlink:href="#sTok69" value="AUX"/>
		<feat xlink:href="#sTok70" value="VERB"/>
		<feat xlink:href="#sTok71" value="PUNCT"/>
		<feat xlink:href="#sTok72" value="CCONJ"/>
		<feat xlink:href="#sTok73" value="ADV"/>
		<feat xlink:href="#sTok74" value="ADP"/>
		<feat xlink:href="#sTok75" value="INTJ"/>
		<feat xlink:href="#sTok76" value="ADJ"/>
		<feat xlink:href="#sTok77" value="ADP"/>
		<feat xlink:href="#sTok78" value="PROPN"/>
		<feat xlink:href="#sTok79" value="PUNCT"/>
		<feat xlink:href="#sTok80" value="PRON"/>
		<feat xlink:href="#sTok81" value="VERB"/>
		<feat xlink:href="#sTok82" value="PROPN"/>
		<feat xlink:href="#sTok83" value="PROPN"/>
		<feat xlink:href="#sTok84" value="ADP"/>
		<feat xlink:href="#sTok85" value="DET"/>
		<feat xlink:href="#sTok86" value="ADJ"/>
		<feat xlink:href="#sTok87" value="NOUN"/>
		<feat xlink:href="#sTok88" value="ADP"/>
		<feat xlink:href="#sTok89" value="DET"/>
		<feat xlink:href="#sTok90" value="NOUN"/>
		<feat xlink:href="#sTok91" value="PUNCT"/>
		<feat xlink:href="#sTok92" value="PRON"/>
		<feat xlink:href="#sTok93" value="AUX"/>
		<feat xlink:href="#sTok94" value="VERB"/>
		<feat xlink:href="#sTok95" value="PART"/>
		<feat xlink:href="#sTok96" value="AUX"/>
		<feat xlink:href="#sTok97" value="ADV"/>
		<feat xlink:href="#sTok98" value="NUM"/>
		<feat xlink:href="#sTok99" value="ADP"/>
		<feat xlink:href="#sTok100" value="DET"/>
		<feat xlink:href="#sTok101" value="ADJ"/>
		<feat xlink:href="#sTok102" value="NOUN"/>
		<feat xlink:href="#sTok103" value="PRON"/>
		<feat xlink:href="#sTok104" value="AUX"/>
		<feat xlink:href="#sTok105" value="VERB"/>
		<feat xlink:href="#sTok106" value="PART"/>
		<feat xlink:href="#sTok107" value="AUX"/>
		<feat xlink:href="#sTok108" value="VERB"/>
		<feat xlink:href="#sTok109" value="SCONJ"/>
		<feat xlink:href="#sTok110" value="PROPN"/>
		<feat xlink:href="#sTok111" value="AUX"/>
		<feat xlink:href="#sTok112" value="VERB"/>
		<feat xlink:href="#sTok113" value="PRON"/>
		<feat xlink:href="#sTok114" value="PRON"/>
		<feat xlink:href="#sTok115" value="NOUN"/>
		<feat xlink:href="#sTok116" value="CCONJ"/>
		<feat xlink:href="#sTok117" value="PROPN"/>
		<feat xlink:href="#sTok118" value="PROPN"/>
		<feat xlink:href="#sTok119" value="PRON"/>
		<feat xlink:href="#sTok120" value="VERB"/>
		<feat xlink:href="#sTok121" value="DET"/>
		<feat xlink:href="#sTok122" value="NOUN"/>
		<feat xlink:href="#sTok123" value="PRON"/>
		<feat xlink:href="#sTok124" value="VERB"/>
		<feat xlink:href="#sTok125" value="PUNCT"/>
		<feat xlink:href="#sTok126" value="PRON"/>
		<feat xlink:href="#sTok127" value="AUX"/>
		<feat xlink:href="#sTok128" value="ADV"/>
		<feat xlink:href="#sTok129" value="ADP"/>
		<feat xlink:href="#sTok130" value="PROPN"/>
		<feat xlink:href="#sTok131" value="PUNCT"/>
		<feat xlink:href="#sTok132" value="INTJ"/>
		<feat xlink:href="#sTok133" value="PRON"/>
		<feat xlink:href="#sTok134" value="AUX"/>
		<feat xlink:href="#sTok135" value="ADV"/>
		<feat xlink:href="#sTok136" value="VERB"/>
		<feat xlink:href="#sTok137" value="PART"/>
		<feat xlink:href="#sTok138" value="VERB"/>
		<feat xlink:href="#sTok139" value="ADP"/>
		<feat xlink:href="#sTok140" value="ADV"/>
		<feat xlink:href="#sTok141" value="ADP"/>
		<feat xlink:href="#sTok142" value="DET"/>
		<feat xlink:href="#sTok143" value="VERB"/>
		<feat xlink:href="#sTok144" value="NOUN"/>
		<feat xlink:href="#sTok145" value="ADP"/>
		<feat xlink:href="#sTok146" value="PROPN"/>
		<feat xlink:href="#sTok147" value="PUNCT"/>
		<feat xlink:href="#sTok148" value="PRON"/>
		<feat xlink:href="#sTok149" value="AUX"/>
		<feat xlink:href="#sTok150" value="VERB"/>
		<feat xlink:href="#sTok151" value="PART"/>
		<feat xlink:href="#sTok152" value="VERB"/>
		<feat xlink:href="#sTok153" value="NUM"/>
		<feat xlink:href="#sTok154" value="ADP"/>
		<feat xlink:href="#sTok155" value="DET"/>
		<feat xlink:href="#sTok156" value="NUM"/>
		<feat xlink:href="#sTok157" value="NOUN"/>
		<feat xlink:href="#sTok158" value="ADV"/>
		<feat xlink:href="#sTok159" value="PART"/>
		<feat xlink:href="#sTok160" value="VERB"/>
		<feat xlink:href="#sTok161" value="ADP"/>
		<feat xlink:href="#sTok162" value="DET"/>
		<feat xlink:href="#sTok163" value="NOUN"/>
		<feat xlink:href="#sTok164" value="SCONJ"/>
		<feat xlink:href="#sTok165" value="VERB"/>
		<feat xlink:href="#sTok166" value="NOUN"/>
		<feat xlink:href="#sTok167" value="DET"/>
		<feat xlink:href="#sTok168" value="NOUN"/>
		<feat xlink:href="#sTok169" value="PUNCT"/>
		<feat xlink:href="#sTok170" value="PRON"/>
		<feat xlink:href="#sTok171" value="AUX"/>
		<feat xlink:href="#sTok172" value="VERB"/>
		<feat xlink:href="#sTok173" value="DET"/>
		<feat xlink:href="#sTok174" value="ADV"/>
		<feat xlink:href="#sTok175" value="VERB"/>
		<feat xlink:href="#sTok176" value="NOUN"/>
		<feat xlink:href="#sTok177" value="PROPN"/>
		<feat xlink:href="#sTok178" value="VERB"/>
		<feat xlink:href="#sTok179" value="PUNCT"/>
		<feat xlink:href="#sTok180" value="PROPN"/>
		<feat xlink:href="#sTok181" value="PROPN"/>
		<feat xlink:href="#sTok182" value="PROPN"/>
		<feat xlink:href="#sTok183" value="CCONJ"/>
		<feat xlink:href="#sTok184" value="PROPN"/>
		<feat xlink:href="#sTok185" value="VERB"/>
		<feat xlink:href="#sTok186" value="ADP"/>
		<feat xlink:href="#sTok187" value="NUM"/>
		<feat xlink:href="#sTok188" value="SYM"/>
		<feat xlink:href="#sTok189" value="NUM"/>
		<feat xlink:href="#sTok190" value="NOUN"/>
		<feat xlink:href="#sTok191" value="PUNCT"/>
		<feat xlink:href="#sTok192" value="PROPN"/>
		<feat xlink:href="#sTok193" value="VERB"/>
		<feat xlink:href="#sTok194" value="PRON"/>
		<feat xlink:href="#sTok195" value="DET"/>
		<feat xlink:href="#sTok196" value="ADJ"/>
		<feat xlink:href="#sTok197" value="NOUN"/>
		<feat xlink:href="#sTok198" value="PUNCT"/>
		<feat xlink:href="#sTok199" value="INTJ"/>
		<feat xlink:href="#sTok200" value="PRON"/>
		<feat xlink:href="#sTok201" value="AUX"/>
		<feat xlink:href="#sTok202" value="VERB"/>
		<feat xlink:href="#sTok203" value="SCONJ"/>
		<feat xlink:href="#sTok204" value="ADV"/>
		<feat xlink:href="#sTok205" value="ADP"/>
		<feat xlink:href="#sTok206" value="DET"/>
		<feat xlink:href="#sTok207" value="PROPN"/>
		<feat xlink:href="#sTok208" value="PROPN"/>
		<feat xlink:href="#sTok209" value="PROPN"/>
		<feat xlink:href="#sTok210" value="AUX"/>
		<feat xlink:href="#sTok211" value="ADV"/>
		<feat xlink:href="#sTok212" value="VERB"/>
		<feat xlink:href="#sTok213" value="ADV"/>
		<feat xlink:href="#sTok214" value="ADP"/>
		<feat xlink:href="#sTok215" value="DET"/>
		<feat xlink:href="#sTok216" value="PROPN"/>
		<feat xlink:href="#sTok217" value="NUM"/>
		<feat xlink:href="#sTok218" value="NOUN"/>
		<feat xlink:href="#sTok219" value="CCONJ"/>
		<feat xlink:href="#sTok220" value="ADV"/>
		<feat xlink:href="#sTok221" value="ADP"/>
		<feat xlink:href="#sTok222" value="PRON"/>
		<feat xlink:href="#sTok223" value="AUX"/>
		<feat xlink:href="#sTok224" value="PROPN"/>
		<feat xlink:href="#sTok225" value="PRON"/>
		<feat xlink:href="#sTok226" value="ADP"/>
		<feat xlink:href="#sTok227" value="NUM"/>
		<feat xlink:href="#sTok228" value="PUNCT"/>
		<feat xlink:href="#sTok229" value="DET"/>
		<feat xlink:href="#sTok230" value="PROPN"/>
		<feat xlink:href="#sTok231" value="AUX"/>
		<feat xlink:href="#sTok232" value="VERB"/>
		<feat xlink:href="#sTok233" value="PART"/>
		<feat xlink:href="#sTok234" value="AUX"/>
		<feat xlink:href="#sTok235" value="ADJ"/>
		<feat xlink:href="#sTok236" value="DET"/>
		<feat xlink:href="#sTok237" value="DET"/>
		<feat xlink:href="#sTok238" value="NOUN"/>
		<feat xlink:href="#sTok239" value="PROPN"/>
		<feat xlink:href="#sTok240" value="AUX"/>
		<feat xlink:href="#sTok241" value="ADV"/>
		<feat xlink:href="#sTok242" value="ADV"/>
		<feat xlink:href="#sTok243" value="ADV"/>
		<feat xlink:href="#sTok244" value="ADJ"/>
		<feat xlink:href="#sTok245" value="PUNCT"/>
		<feat xlink:href="#sTok246" value="PROPN"/>
		<feat xlink:href="#sTok247" value="AUX"/>
		<feat xlink:href="#sTok248" value="DET"/>
		<feat xlink:href="#sTok249" value="ADJ"/>
		<feat xlink:href="#sTok250" value="NOUN"/>
		<feat xlink:href="#sTok251" value="VERB"/>
		<feat xlink:href="#sTok252" value="ADP"/>
		<feat xlink:href="#sTok253" value="CCONJ"/>
		<feat xlink:href="#sTok254" value="PRON"/>
		<feat xlink:href="#sTok255" value="AUX"/>
		<feat xlink:href="#sTok256" value="VERB"/>
		<feat xlink:href="#sTok257" value="PART"/>
		<feat xlink:href="#sTok258" value="AUX"/>
		<feat xlink:href="#sTok259" value="VERB"/>
		<feat xlink:href="#sTok260" value="DET"/>
		<feat xlink:href="#sTok261" value="NOUN"/>
		<feat xlink:href="#sTok262" value="SCONJ"/>
		<feat xlink:href="#sTok263" value="PRON"/>
		<feat xlink:href="#sTok264" value="AUX"/>
		<feat xlink:href="#sTok265" value="ADP"/>
		<feat xlink:href="#sTok266" value="NOUN"/>
		<feat xlink:href="#sTok267" value="PUNCT"/>
		<feat xlink:href="#sTok268" value="PRON"/>
		<feat xlink:href="#sTok269" value="AUX"/>
		<feat xlink:href="#sTok270" value="VERB"/>
		<feat xlink:href="#sTok271" value="PART"/>
		<feat xlink:href="#sTok272" value="ADV"/>
		<feat xlink:href="#sTok273" value="VERB"/>
		<feat xlink:href="#sTok274" value="DET"/>
		<feat xlink:href="#sTok275" value="ADP"/>
		<feat xlink:href="#sTok276" value="PRON"/>
		<feat xlink:href="#sTok277" value="PROPN"/>
		<feat xlink:href="#sTok278" value="NOUN"/>
		<feat xlink:href="#sTok279" value="ADP"/>
		<feat xlink:href="#sTok280" value="DET"/>
		<feat xlink:href="#sTok281" value="NOUN"/>
		<feat xlink:href="#sTok282" value="PUNCT"/>
		<feat xlink:href="#sTok283" value="DET"/>
		<feat xlink:href="#sTok284" value="ADJ"/>
		<feat xlink:href="#sTok285" value="NOUN"/>
		<feat xlink:href="#sTok286" value="PRON"/>
		<feat xlink:href="#sTok287" value="VERB"/>
		<feat xlink:href="#sTok288" value="PROPN"/>
		<feat xlink:href="#sTok289" value="ADV"/>
		<feat xlink:href="#sTok290" value="PRON"/>
		<feat xlink:href="#sTok291" value="AUX"/>
		<feat xlink:href="#sTok292" value="VERB"/>
		<feat xlink:href="#sTok293" value="PART"/>
		<feat xlink:href="#sTok294" value="VERB"/>
		<feat xlink:href="#sTok295" value="ADV"/>
		<feat xlink:href="#sTok296" value="PRON"/>
		<feat xlink:href="#sTok297" value="NOUN"/>
		<feat xlink:href="#sTok298" value="ADP"/>
		<feat xlink:href="#sTok299" value="DET"/>
		<feat xlink:href="#sTok300" value="NOUN"/>
		<feat xlink:href="#sTok301" value="PUNCT"/>
		<feat xlink:href="#sTok302" value="PRON"/>
		<feat xlink:href="#sTok303" value="AUX"/>
		<feat xlink:href="#sTok304" value="ADV"/>
		<feat xlink:href="#sTok305" value="NOUN"/>
		<feat xlink:href="#sTok306" value="ADP"/>
		<feat xlink:href="#sTok307" value="PROPN"/>
		<feat xlink:href="#sTok308" value="PUNCT"/>
		<feat xlink:href="#sTok309" value="PROPN"/>
		<feat xlink:href="#sTok310" value="VERB"/>
		<feat xlink:href="#sTok311" value="ADP"/>
		<feat xlink:href="#sTok312" value="ADV"/>
		<feat xlink:href="#sTok313" value="NUM"/>
		<feat xlink:href="#sTok314" value="NOUN"/>
		<feat xlink:href="#sTok315" value="CCONJ"/>
		<feat xlink:href="#sTok316" value="ADV"/>
		<feat xlink:href="#sTok317" value="ADV"/>
		<feat xlink:href="#sTok318" value="AUX"/>
		<feat xlink:href="#sTok319" value="PART"/>
		<feat xlink:href="#sTok320" value="VERB"/>
		<feat xlink:href="#sTok321" value="PUNCT"/>
		<feat xlink:href="#sTok322" value="PRON"/>
		<feat xlink:href="#sTok323" value="AUX"/>
		<feat xlink:href="#sTok324" value="PART"/>
		<feat xlink:href="#sTok325" value="VERB"/>
		<feat xlink:href="#sTok326" value="PUNCT"/>
		<feat xlink:href="#sTok327" value="PRON"/>
		<feat xlink:href="#sTok328" value="VERB"/>
		<feat xlink:href="#sTok329" value="PRON"/>
		<feat xlink:href="#sTok330" value="AUX"/>
		<feat xlink:href="#sTok331" value="VERB"/>
		<feat xlink:href="#sTok332" value="PART"/>
		<feat xlink:href="#sTok333" value="AUX"/>
		<feat xlink:href="#sTok334" value="DET"/>
		<feat xlink:href="#sTok335" value="DET"/>
		<feat xlink:href="#sTok336" value="ADJ"/>
		<feat xlink:href="#sTok337" value="ADJ"/>
		<feat xlink:href="#sTok338" value="NOUN"/>
		<feat xlink:href="#sTok339" value="CCONJ"/>
		<feat xlink:href="#sTok340" value="PRON"/>
		<feat xlink:href="#sTok341" value="AUX"/>
		<feat xlink:href="#sTok342" value="ADV"/>
		<feat xlink:href="#sTok343" value="ADJ"/>
		<feat xlink:href="#sTok344" value="ADV"/>
		<feat xlink:href="#sTok345" value="ADV"/>
		<feat xlink:href="#sTok346" value="PRON"/>
		<feat xlink:href="#sTok347" value="AUX"/>
		<feat xlink:href="#sTok348" value="VERB"/>
		<feat xlink:href="#sTok349" value="PRON"/>
		<feat xlink:href="#sTok350" value="DET"/>
		<feat xlink:href="#sTok351" value="NOUN"/>
		<feat xlink:href="#sTok352" value="ADV"/>
		<feat xlink:href="#sTok353" value="PUNCT"/>
		<feat xlink:href="#sTok354" value="PROPN"/>
		<feat xlink:href="#sTok355" value="CCONJ"/>
		<feat xlink:href="#sTok356" value="ADV"/>
		<feat xlink:href="#sTok357" value="VERB"/>
		<feat xlink:href="#sTok358" value="PROPN"/>
		<feat xlink:href="#sTok359" value="ADP"/>
		<feat xlink:href="#sTok360" value="PROPN"/>
		<feat xlink:href="#sTok361" value="PROPN"/>
		<feat xlink:href="#sTok362" value="PROPN"/>
		<feat xlink:href="#sTok363" value="PROPN"/>
		<feat xlink:href="#sTok364" value="PUNCT"/>
		<feat xlink:href="#sTok365" value="PROPN"/>
		<feat xlink:href="#sTok366" value="PUNCT"/>
		<feat xlink:href="#sTok367" value="PRON"/>
		<feat xlink:href="#sTok368" value="VERB"/>
		<feat xlink:href="#sTok369" value="PROPN"/>
		<feat xlink:href="#sTok370" value="PUNCT"/>
		<feat xlink:href="#sTok371" value="PROPN"/>
		<feat xlink:href="#sTok372" value="ADP"/>
		<feat xlink:href="#sTok373" value="NOUN"/>
		<feat xlink:href="#sTok374" value="CCONJ"/>
		<feat xlink:href="#sTok375" value="ADV"/>
		<feat xlink:href="#sTok376" value="ADP"/>
		<feat xlink:href="#sTok377" value="NOUN"/>
		<feat xlink:href="#sTok378" value="PRON"/>
		<feat xlink:href="#sTok379" value="VERB"/>
		<feat xlink:href="#sTok380" value="PROPN"/>
		<feat xlink:href="#sTok381" value="PUNCT"/>
		<feat xlink:href="#sTok382" value="SCONJ"/>
		<feat xlink:href="#sTok383" value="PRON"/>
		<feat xlink:href="#sTok384" value="VERB"/>
		<feat xlink:href="#sTok385" value="PUNCT"/>
		<feat xlink:href="#sTok386" value="DET"/>
		<feat xlink:href="#sTok387" value="PROPN"/>
		<feat xlink:href="#sTok388" value="SCONJ"/>
		<feat xlink:href="#sTok389" value="PRON"/>
		<feat xlink:href="#sTok390" value="AUX"/>
		<feat xlink:href="#sTok391" value="PART"/>
		<feat xlink:href="#sTok392" value="VERB"/>
		<feat xlink:href="#sTok393" value="PART"/>
		<feat xlink:href="#sTok394" value="AUX"/>
		<feat xlink:href="#sTok395" value="DET"/>
		<feat xlink:href="#sTok396" value="NOUN"/>
		<feat xlink:href="#sTok397" value="PUNCT"/>
		<feat xlink:href="#sTok398" value="PRON"/>
		<feat xlink:href="#sTok399" value="AUX"/>
		<feat xlink:href="#sTok400" value="VERB"/>
		<feat xlink:href="#sTok401" value="DET"/>
		<feat xlink:href="#sTok402" value="ADP"/>
		<feat xlink:href="#sTok403" value="ADJ"/>
		<feat xlink:href="#sTok404" value="NOUN"/>
		<feat xlink:href="#sTok405" value="ADP"/>
		<feat xlink:href="#sTok406" value="DET"/>
		<feat xlink:href="#sTok407" value="PROPN"/>
		<feat xlink:href="#sTok408" value="PROPN"/>
		<feat xlink:href="#sTok409" value="PUNCT"/>
		<feat xlink:href="#sTok410" value="PRON"/>
		<feat xlink:href="#sTok411" value="VERB"/>
		<feat xlink:href="#sTok412" value="PRON"/>
		<feat xlink:href="#sTok413" value="AUX"/>
		<feat xlink:href="#sTok414" value="VERB"/>
		<feat xlink:href="#sTok415" value="PART"/>
		<feat xlink:href="#sTok416" value="VERB"/>
		<feat xlink:href="#sTok417" value="PART"/>
		<feat xlink:href="#sTok418" value="ADV"/>
		<feat xlink:href="#sTok419" value="VERB"/>
		<feat xlink:href="#sTok420" value="CCONJ"/>
		<feat xlink:href="#sTok421" value="VERB"/>
		<feat xlink:href="#sTok422" value="ADV"/>
		<feat xlink:href="#sTok423" value="PUNCT"/>
		<feat xlink:href="#sTok424" value="ADJ"/>
		<feat xlink:href="#sTok425" value="CCONJ"/>
		<feat xlink:href="#sTok426" value="VERB"/>
		<feat xlink:href="#sTok427" value="PRON"/>
		<feat xlink:href="#sTok428" value="ADP"/>
		<feat xlink:href="#sTok429" value="PRON"/>
		<feat xlink:href="#sTok430" value="ADJ"/>
		<feat xlink:href="#sTok431" value="NOUN"/>
		<feat xlink:href="#sTok432" value="ADV"/>
		<feat xlink:href="#sTok433" value="PUNCT"/>
		<feat xlink:href="#sTok434" value="PRON"/>
		<feat xlink:href="#sTok435" value="AUX"/>
		<feat xlink:href="#sTok436" value="AUX"/>
		<feat xlink:href="#sTok437" value="PRON"/>
		<feat xlink:href="#sTok438" value="ADV"/>
		<feat xlink:href="#sTok439" value="ADJ"/>
		<feat xlink:href="#sTok440" value="PUNCT"/>
		<feat xlink:href="#sTok441" value="CCONJ"/>
		<feat xlink:href="#sTok442" value="SCONJ"/>
		<feat xlink:href="#sTok443" value="PRON"/>
		<feat xlink:href="#sTok444" value="VERB"/>
		<feat xlink:href="#sTok445" value="PRON"/>
		<feat xlink:href="#sTok446" value="PRON"/>
		<feat xlink:href="#sTok447" value="VERB"/>
		<feat xlink:href="#sTok448" value="PART"/>
		<feat xlink:href="#sTok449" value="VERB"/>
		<feat xlink:href="#sTok450" value="ADP"/>
		<feat xlink:href="#sTok451" value="PROPN"/>
		<feat xlink:href="#sTok452" value="PROPN"/>
		<feat xlink:href="#sTok453" value="CCONJ"/>
		<feat xlink:href="#sTok454" value="PRON"/>
		<feat xlink:href="#sTok455" value="AUX"/>
		<feat xlink:href="#sTok456" value="DET"/>
		<feat xlink:href="#sTok457" value="ADJ"/>
		<feat xlink:href="#sTok458" value="NOUN"/>
		<feat xlink:href="#sTok459" value="ADP"/>
		<feat xlink:href="#sTok460" value="PROPN"/>
		<feat xlink:href="#sTok461" value="PUNCT"/>
		<feat xlink:href="#sTok462" value="ADV"/>
		<feat xlink:href="#sTok463" value="AUX"/>
		<feat xlink:href="#sTok464" value="PROPN"/>
		<feat xlink:href="#sTok465" value="ADV"/>
		<feat xlink:href="#sTok466" value="VERB"/>
		<feat xlink:href="#sTok467" value="PROPN"/>
		<feat xlink:href="#sTok468" value="PUNCT"/>
		<feat xlink:href="#sTok469" value="PROPN"/>
		<feat xlink:href="#sTok470" value="AUX"/>
		<feat xlink:href="#sTok471" value="ADV"/>
		<feat xlink:href="#sTok472" value="ADV"/>
		<feat xlink:href="#sTok473" value="PRON"/>
		<feat xlink:href="#sTok474" value="AUX"/>
		<feat xlink:href="#sTok475" value="ADJ"/>
		<feat xlink:href="#sTok476" value="NOUN"/>
		<feat xlink:href="#sTok477" value="PROPN"/>
		<feat xlink:href="#sTok478" value="CCONJ"/>
		<feat xlink:href="#sTok479" value="ADV"/>
		<feat xlink:href="#sTok480" value="AUX"/>
		<feat xlink:href="#sTok481" value="AUX"/>
		<feat xlink:href="#sTok482" value="VERB"/>
		<feat xlink:href="#sTok483" value="ADP"/>
		<feat xlink:href="#sTok484" value="NOUN"/>
		<feat xlink:href="#sTok485" value="NOUN"/>
		<feat xlink:href="#sTok486" value="ADP"/>
		<feat xlink:href="#sTok487" value="PRON"/>
		<feat xlink:href="#sTok488" value="ADJ"/>
		<feat xlink:href="#sTok489" value="NOUN"/>
		<feat xlink:href="#sTok490" value="ADP"/>
		<feat xlink:href="#sTok491" value="PROPN"/>
		<feat xlink:href="#sTok492" value="PUNCT"/>
		<feat xlink:href="#sTok493" value="PROPN"/>
		<feat xlink:href="#sTok494" value="PROPN"/>
		<feat xlink:href="#sTok495" value="PUNCT"/>
		<feat xlink:href="#sTok496" value="PROPN"/>
		<feat xlink:href="#sTok497" value="PROPN"/>
		<feat xlink:href="#sTok498" value="PUNCT"/>
		<feat xlink:href="#sTok499" value="PRON"/>
		<feat xlink:href="#sTok500" value="AUX"/>
		<feat xlink:href="#sTok501" value="VERB"/>
		<feat xlink:href="#sTok502" value="PART"/>
		<feat xlink:href="#sTok503" value="VERB"/>
		<feat xlink:href="#sTok504" value="PRON"/>
		<feat xlink:href="#sTok505" value="CCONJ"/>
		<feat xlink:href="#sTok506" value="VERB"/>
		<feat xlink:href="#sTok507" value="PART"/>
		<feat xlink:href="#sTok508" value="VERB"/>
		<feat xlink:href="#sTok509" value="PRON"/>
		<feat xlink:href="#sTok510" value="PUNCT"/>
		<feat xlink:href="#sTok511" value="PRON"/>
		<feat xlink:href="#sTok512" value="AUX"/>
		<feat xlink:href="#sTok513" value="PART"/>
		<feat xlink:href="#sTok514" value="INTJ"/>
		<feat xlink:href="#sTok515" value="PUNCT"/>
		<feat xlink:href="#sTok516" value="PRON"/>
		<feat xlink:href="#sTok517" value="AUX"/>
		<feat xlink:href="#sTok518" value="AUX"/>
		<feat xlink:href="#sTok519" value="ADV"/>
		<feat xlink:href="#sTok520" value="VERB"/>
		<feat xlink:href="#sTok521" value="PRON"/>
		<feat xlink:href="#sTok522" value="DET"/>
		<feat xlink:href="#sTok523" value="ADJ"/>
		<feat xlink:href="#sTok524" value="NOUN"/>
		<feat xlink:href="#sTok525" value="ADP"/>
		<feat xlink:href="#sTok526" value="DET"/>
		<feat xlink:href="#sTok527" value="NOUN"/>
		<feat xlink:href="#sTok528" value="PUNCT"/>
		<feat xlink:href="#sTok529" value="CCONJ"/>
		<feat xlink:href="#sTok530" value="PRON"/>
		<feat xlink:href="#sTok531" value="VERB"/>
		<feat xlink:href="#sTok532" value="PRON"/>
		<feat xlink:href="#sTok533" value="PUNCT"/>
		<feat xlink:href="#sTok534" value="PRON"/>
		<feat xlink:href="#sTok535" value="VERB"/>
		<feat xlink:href="#sTok536" value="ADP"/>
		<feat xlink:href="#sTok537" value="DET"/>
		<feat xlink:href="#sTok538" value="NOUN"/>
		<feat xlink:href="#sTok539" value="CCONJ"/>
		<feat xlink:href="#sTok540" value="PROPN"/>
		<feat xlink:href="#sTok541" value="ADV"/>
		<feat xlink:href="#sTok542" value="PRON"/>
		<feat xlink:href="#sTok543" value="AUX"/>
		<feat xlink:href="#sTok544" value="VERB"/>
		<feat xlink:href="#sTok545" value="PRON"/>
		<feat xlink:href="#sTok546" value="ADP"/>
		<feat xlink:href="#sTok547" value="NOUN"/>
		<feat xlink:href="#sTok548" value="PUNCT"/>
		<feat xlink:href="#sTok549" value="PROPN"/>
		<feat xlink:href="#sTok550" value="PUNCT"/>
		<feat xlink:href="#sTok551" value="VERB"/>
		<feat xlink:href="#sTok552" value="PUNCT"/>
		<feat xlink:href="#sTok553" value="PROPN"/>
		<feat xlink:href="#sTok554" value="PROPN"/>
		<feat xlink:href="#sTok555" value="PROPN"/>
		<feat xlink:href="#sTok556" value="PUNCT"/>
		<feat xlink:href="#sTok557" value="VERB"/>
		<feat xlink:href="#sTok558" value="ADP"/>
		<feat xlink:href="#sTok559" value="PRON"/>
		<feat xlink:href="#sTok560" value="PUNCT"/>
		<feat xlink:href="#sTok561" value="PRON"/>
		<feat xlink:href="#sTok562" value="VERB"/>
		<feat xlink:href="#sTok563" value="PROPN"/>
		<feat xlink:href="#sTok564" value="ADP"/>
		<feat xlink:href="#sTok565" value="DET"/>
		<feat xlink:href="#sTok566" value="NOUN"/>
		<feat xlink:href="#sTok567" value="PUNCT"/>
		<feat xlink:href="#sTok568" value="PRON"/>
		<feat xlink:href="#sTok569" value="VERB"/>
		<feat xlink:href="#sTok570" value="DET"/>
		<feat xlink:href="#sTok571" value="NOUN"/>
		<feat xlink:href="#sTok572" value="PUNCT"/>
		<feat xlink:href="#sTok573" value="INTJ"/>
		<feat xlink:href="#sTok574" value="PROPN"/>
		<feat xlink:href="#sTok575" value="CCONJ"/>
		<feat xlink:href="#sTok576" value="ADP"/>
		<feat xlink:href="#sTok577" value="PUNCT"/>
		<feat xlink:href="#sTok578" value="PRON"/>
		<feat xlink:href="#sTok579" value="PUNCT"/>
		<feat xlink:href="#sTok580" value="ADV"/>
		<feat xlink:href="#sTok581" value="PUNCT"/>
		<feat xlink:href="#sTok582" value="PRON"/>
		<feat xlink:href="#sTok583" value="ADJ"/>
		<feat xlink:href="#sTok584" value="PRON"/>
		<feat xlink:href="#sTok585" value="ADV"/>
		<feat xlink:href="#sTok586" value="VERB"/>
		<feat xlink:href="#sTok587" value="PRON"/>
		<feat xlink:href="#sTok588" value="DET"/>
		<feat xlink:href="#sTok589" value="NOUN"/>
		<feat xlink:href="#sTok590" value="PRON"/>
		<feat xlink:href="#sTok591" value="ADV"/>
		<feat xlink:href="#sTok592" value="VERB"/>
		<feat xlink:href="#sTok593" value="PUNCT"/>
		<feat xlink:href="#sTok594" value="NUM"/>
		<feat xlink:href="#sTok595" value="NOUN"/>
		<feat xlink:href="#sTok596" value="PRON"/>
		<feat xlink:href="#sTok597" value="VERB"/>
		<feat xlink:href="#sTok598" value="SCONJ"/>
		<feat xlink:href="#sTok599" value="PRON"/>
		<feat xlink:href="#sTok600" value="AUX"/>
		<feat xlink:href="#sTok601" value="VERB"/>
		<feat xlink:href="#sTok602" value="PART"/>
		<feat xlink:href="#sTok603" value="AUX"/>
		<feat xlink:href="#sTok604" value="DET"/>
		<feat xlink:href="#sTok605" value="NOUN"/>
		<feat xlink:href="#sTok606" value="PUNCT"/>
		<feat xlink:href="#sTok607" value="DET"/>
		<feat xlink:href="#sTok608" value="ADJ"/>
		<feat xlink:href="#sTok609" value="PROPN"/>
		<feat xlink:href="#sTok610" value="AUX"/>
		<feat xlink:href="#sTok611" value="VERB"/>
		<feat xlink:href="#sTok612" value="DET"/>
		<feat xlink:href="#sTok613" value="NOUN"/>
		<feat xlink:href="#sTok614" value="CCONJ"/>
		<feat xlink:href="#sTok615" value="PRON"/>
		<feat xlink:href="#sTok616" value="AUX"/>
		<feat xlink:href="#sTok617" value="NUM"/>
		<feat xlink:href="#sTok618" value="NUM"/>
		<feat xlink:href="#sTok619" value="ADJ"/>
		<feat xlink:href="#sTok620" value="PUNCT"/>
		<feat xlink:href="#sTok621" value="NOUN"/>
		<feat xlink:href="#sTok622" value="AUX"/>
		<feat xlink:href="#sTok623" value="VERB"/>
		<feat xlink:href="#sTok624" value="ADV"/>
		<feat xlink:href="#sTok625" value="INTJ"/>
		<feat xlink:href="#sTok626" value="DET"/>
		<feat xlink:href="#sTok627" value="X"/>
		<feat xlink:href="#sTok628" value="ADV"/>
		<feat xlink:href="#sTok629" value="PROPN"/>
		<feat xlink:href="#sTok630" value="VERB"/>
		<feat xlink:href="#sTok631" value="PROPN"/>
		<feat xlink:href="#sTok632" value="PUNCT"/>
		<feat xlink:href="#sTok633" value="PROPN"/>
		<feat xlink:href="#sTok634" value="VERB"/>
		<feat xlink:href="#sTok635" value="DET"/>
		<feat xlink:href="#sTok636" value="NOUN"/>
		<feat xlink:href="#sTok637" value="NUM"/>
		<feat xlink:href="#sTok638" value="NUM"/>
		<feat xlink:href="#sTok639" value="SCONJ"/>
		<feat xlink:href="#sTok640" value="VERB"/>
		<feat xlink:href="#sTok641" value="ADV"/>
		<feat xlink:href="#sTok642" value="PRON"/>
		<feat xlink:href="#sTok643" value="DET"/>
		<feat xlink:href="#sTok644" value="NOUN"/>
		<feat xlink:href="#sTok645" value="PUNCT"/>
		<feat xlink:href="#sTok646" value="PROPN"/>
		<feat xlink:href="#sTok647" value="PROPN"/>
		<feat xlink:href="#sTok648" value="PROPN"/>
		<feat xlink:href="#sTok649" value="PUNCT"/>
		<feat xlink:href="#sTok650" value="PROPN"/>
		<feat xlink:href="#sTok651" value="PUNCT"/>
		<feat xlink:href="#sTok652" value="ADV"/>
		<feat xlink:href="#sTok653" value="PROPN"/>
		<feat xlink:href="#sTok654" value="PUNCT"/>
		<feat xlink:href="#sTok655" value="PROPN"/>
		<feat xlink:href="#sTok656" value="AUX"/>
		<feat xlink:href="#sTok657" value="ADV"/>
		<feat xlink:href="#sTok658" value="VERB"/>
		<feat xlink:href="#sTok659" value="ADP"/>
		<feat xlink:href="#sTok660" value="DET"/>
		<feat xlink:href="#sTok661" value="NOUN"/>
		<feat xlink:href="#sTok662" value="NOUN"/>
		<feat xlink:href="#sTok663" value="ADJ"/>
		<feat xlink:href="#sTok664" value="PUNCT"/>
		<feat xlink:href="#sTok665" value="CCONJ"/>
		<feat xlink:href="#sTok666" value="INTJ"/>
		<feat xlink:href="#sTok667" value="ADV"/>
		<feat xlink:href="#sTok668" value="ADJ"/>
		<feat xlink:href="#sTok669" value="NOUN"/>
		<feat xlink:href="#sTok670" value="ADV"/>
		<feat xlink:href="#sTok671" value="ADJ"/>
		<feat xlink:href="#sTok672" value="NOUN"/>
		<feat xlink:href="#sTok673" value="AUX"/>
		<feat xlink:href="#sTok674" value="PRON"/>
		<feat xlink:href="#sTok675" value="VERB"/>
		<feat xlink:href="#sTok676" value="PART"/>
		<feat xlink:href="#sTok677" value="VERB"/>
		<feat xlink:href="#sTok678" value="DET"/>
		<feat xlink:href="#sTok679" value="ADJ"/>
		<feat xlink:href="#sTok680" value="NOUN"/>
		<feat xlink:href="#sTok681" value="CCONJ"/>
		<feat xlink:href="#sTok682" value="VERB"/>
		<feat xlink:href="#sTok683" value="PUNCT"/>
		<feat xlink:href="#sTok684" value="DET"/>
		<feat xlink:href="#sTok685" value="NOUN"/>
		<feat xlink:href="#sTok686" value="AUX"/>
		<feat xlink:href="#sTok687" value="VERB"/>
		<feat xlink:href="#sTok688" value="ADJ"/>
		<feat xlink:href="#sTok689" value="NOUN"/>
		<feat xlink:href="#sTok690" value="ADP"/>
		<feat xlink:href="#sTok691" value="PRON"/>
		<feat xlink:href="#sTok692" value="NOUN"/>
		<feat xlink:href="#sTok693" value="CCONJ"/>
		<feat xlink:href="#sTok694" value="AUX"/>
		<feat xlink:href="#sTok695" value="PART"/>
		<feat xlink:href="#sTok696" value="VERB"/>
		<feat xlink:href="#sTok697" value="DET"/>
		<feat xlink:href="#sTok698" value="ADJ"/>
		<feat xlink:href="#sTok699" value="NOUN"/>
		<feat xlink:href="#sTok700" value="NOUN"/>
		<feat xlink:href="#sTok701" value="ADP"/>
		<feat xlink:href="#sTok702" value="DET"/>
		<feat xlink:href="#sTok703" value="NOUN"/>
		<feat xlink:href="#sTok704" value="ADV"/>
		<feat xlink:href="#sTok705" value="DET"/>
		<feat xlink:href="#sTok706" value="NOUN"/>
		<feat xlink:href="#sTok707" value="PUNCT"/>
		<feat xlink:href="#sTok708" value="PRON"/>
		<feat xlink:href="#sTok709" value="AUX"/>
		<feat xlink:href="#sTok710" value="VERB"/>
		<feat xlink:href="#sTok711" value="PART"/>
		<feat xlink:href="#sTok712" value="VERB"/>
		<feat xlink:href="#sTok713" value="PRON"/>
		<feat xlink:href="#sTok714" value="PUNCT"/>
		<feat xlink:href="#sTok715" value="INTJ"/>
		<feat xlink:href="#sTok716" value="SCONJ"/>
		<feat xlink:href="#sTok717" value="PROPN"/>
		<feat xlink:href="#sTok718" value="VERB"/>
		<feat xlink:href="#sTok719" value="VERB"/>
		<feat xlink:href="#sTok720" value="SCONJ"/>
		<feat xlink:href="#sTok721" value="VERB"/>
		<feat xlink:href="#sTok722" value="ADP"/>
		<feat xlink:href="#sTok723" value="PROPN"/>
		<feat xlink:href="#sTok724" value="PUNCT"/>
		<feat xlink:href="#sTok725" value="NUM"/>
		<feat xlink:href="#sTok726" value="NOUN"/>
		<feat xlink:href="#sTok727" value="ADJ"/>
		<feat xlink:href="#sTok728" value="NOUN"/>
		<feat xlink:href="#sTok729" value="PUNCT"/>
		<feat xlink:href="#sTok730" value="ADV"/>
		<feat xlink:href="#sTok731" value="PRON"/>
		<feat xlink:href="#sTok732" value="AUX"/>
		<feat xlink:href="#sTok733" value="PART"/>
		<feat xlink:href="#sTok734" value="VERB"/>
		<feat xlink:href="#sTok735" value="PUNCT"/>
		<feat xlink:href="#sTok736" value="ADV"/>
		<feat xlink:href="#sTok737" value="PRON"/>
		<feat xlink:href="#sTok738" value="VERB"/>
		<feat xlink:href="#sTok739" value="DET"/>
		<feat xlink:href="#sTok740" value="NOUN"/>
		<feat xlink:href="#sTok741" value="PUNCT"/>
		<feat xlink:href="#sTok742" value="PART"/>
		<feat xlink:href="#sTok743" value="VERB"/>
		<feat xlink:href="#sTok744" value="NOUN"/>
		<feat xlink:href="#sTok745" value="ADJ"/>
		<feat xlink:href="#sTok746" value="PRON"/>
		<feat xlink:href="#sTok747" value="VERB"/>
		<feat xlink:href="#sTok748" value="PART"/>
		<feat xlink:href="#sTok749" value="VERB"/>
		<feat xlink:href="#sTok750" value="PROPN"/>
		<feat xlink:href="#sTok751" value="PROPN"/>
		<feat xlink:href="#sTok752" value="PUNCT"/>
		<feat xlink:href="#sTok753" value="PRON"/>
		<feat xlink:href="#sTok754" value="NOUN"/>
		<feat xlink:href="#sTok755" value="AUX"/>
		<feat xlink:href="#sTok756" value="INTJ"/>
		<feat xlink:href="#sTok757" value="AUX"/>
		<feat xlink:href="#sTok758" value="ADJ"/>
		<feat xlink:href="#sTok759" value="PRON"/>
		<feat xlink:href="#sTok760" value="AUX"/>
		<feat xlink:href="#sTok761" value="ADV"/>
		<feat xlink:href="#sTok762" value="ADP"/>
		<feat xlink:href="#sTok763" value="ADJ"/>
		<feat xlink:href="#sTok764" value="NOUN"/>
		<feat xlink:href="#sTok765" value="CCONJ"/>
		<feat xlink:href="#sTok766" value="PRON"/>
		<feat xlink:href="#sTok767" value="DET"/>
		<feat xlink:href="#sTok768" value="ADJ"/>
		<feat xlink:href="#sTok769" value="AUX"/>
		<feat xlink:href="#sTok770" value="ADP"/>
		<feat xlink:href="#sTok771" value="ADJ"/>
		<feat xlink:href="#sTok772" value="NOUN"/>
		<feat xlink:href="#sTok773" value="PUNCT"/>
		<feat xlink:href="#sTok774" value="CCONJ"/>
		<feat xlink:href="#sTok775" value="SCONJ"/>
		<feat xlink:href="#sTok776" value="PRON"/>
		<feat xlink:href="#sTok777" value="AUX"/>
		<feat xlink:href="#sTok778" value="VERB"/>
		<feat xlink:href="#sTok779" value="PART"/>
		<feat xlink:href="#sTok780" value="VERB"/>
		<feat xlink:href="#sTok781" value="PRON"/>
		<feat xlink:href="#sTok782" value="PUNCT"/>
		<feat xlink:href="#sTok783" value="PRON"/>
		<feat xlink:href="#sTok784" value="AUX"/>
		<feat xlink:href="#sTok785" value="VERB"/>
		<feat xlink:href="#sTok786" value="PART"/>
		<feat xlink:href="#sTok787" value="VERB"/>
		<feat xlink:href="#sTok788" value="PRON"/>
		<feat xlink:href="#sTok789" value="VERB"/>
		<feat xlink:href="#sTok790" value="ADP"/>
		<feat xlink:href="#sTok791" value="ADJ"/>
		<feat xlink:href="#sTok792" value="PUNCT"/>
		<feat xlink:href="#sTok793" value="DET"/>
		<feat xlink:href="#sTok794" value="NOUN"/>
		<feat xlink:href="#sTok795" value="ADP"/>
		<feat xlink:href="#sTok796" value="PROPN"/>
		<feat xlink:href="#sTok797" value="PUNCT"/>
		<feat xlink:href="#sTok798" value="PROPN"/>
		<feat xlink:href="#sTok799" value="PUNCT"/>
		<feat xlink:href="#sTok800" value="PROPN"/>
		<feat xlink:href="#sTok801" value="PUNCT"/>
		<feat xlink:href="#sTok802" value="PROPN"/>
		<feat xlink:href="#sTok803" value="PUNCT"/>
		<feat xlink:href="#sTok804" value="ADV"/>
		<feat xlink:href="#sTok805" value="PART"/>
		<feat xlink:href="#sTok806" value="DET"/>
		<feat xlink:href="#sTok807" value="ADJ"/>
		<feat xlink:href="#sTok808" value="NOUN"/>
		<feat xlink:href="#sTok809" value="NOUN"/>
		<feat xlink:href="#sTok810" value="CCONJ"/>
		<feat xlink:href="#sTok811" value="PRON"/>
		<feat xlink:href="#sTok812" value="AUX"/>
		<feat xlink:href="#sTok813" value="PRON"/>
		<feat xlink:href="#sTok814" value="PRON"/>
		<feat xlink:href="#sTok815" value="AUX"/>
		<feat xlink:href="#sTok816" value="VERB"/>
		<feat xlink:href="#sTok817" value="ADP"/>
		<feat xlink:href="#sTok818" value="PUNCT"/>
		<feat xlink:href="#sTok819" value="PROPN"/>
		<feat xlink:href="#sTok820" value="VERB"/>
		<feat xlink:href="#sTok821" value="NUM"/>
		<feat xlink:href="#sTok822" value="PROPN"/>
		<feat xlink:href="#sTok823" value="VERB"/>
		<feat xlink:href="#sTok824" value="NUM"/>
		<feat xlink:href="#sTok825" value="ADV"/>
		<feat xlink:href="#sTok826" value="ADJ"/>
		<feat xlink:href="#sTok827" value="PRON"/>
		<feat xlink:href="#sTok828" value="VERB"/>
		<feat xlink:href="#sTok829" value="PROPN"/>
		<feat xlink:href="#sTok830" value="ADP"/>
		<feat xlink:href="#sTok831" value="CCONJ"/>
		<feat xlink:href="#sTok832" value="PRON"/>
		<feat xlink:href="#sTok833" value="VERB"/>
		<feat xlink:href="#sTok834" value="ADP"/>
		<feat xlink:href="#sTok835" value="PROPN"/>
		<feat xlink:href="#sTok836" value="ADV"/>
		<feat xlink:href="#sTok837" value="PRON"/>
		<feat xlink:href="#sTok838" value="AUX"/>
		<feat xlink:href="#sTok839" value="VERB"/>
		<feat xlink:href="#sTok840" value="PART"/>
		<feat xlink:href="#sTok841" value="AUX"/>
		<feat xlink:href="#sTok842" value="ADJ"/>
		<feat xlink:href="#sTok843" value="PUNCT"/>
		<feat xlink:href="#sTok844" value="PRON"/>
		<feat xlink:href="#sTok845" value="AUX"/>
		<feat xlink:href="#sTok846" value="DET"/>
		<feat xlink:href="#sTok847" value="NUM"/>
		<feat xlink:href="#sTok848" value="SYM"/>
		<feat xlink:href="#sTok849" value="NUM"/>
		<feat xlink:href="#sTok850" value="NOUN"/>
		<feat xlink:href="#sTok851" value="PUNCT"/>
		<feat xlink:href="#sTok852" value="PROPN"/>
		<feat xlink:href="#sTok853" value="AUX"/>
		<feat xlink:href="#sTok854" value="ADV"/>
		<feat xlink:href="#sTok855" value="DET"/>
		<feat xlink:href="#sTok856" value="NOUN"/>
		<feat xlink:href="#sTok857" value="PUNCT"/>
		<feat xlink:href="#sTok858" value="PRON"/>
		<feat xlink:href="#sTok859" value="VERB"/>
		<feat xlink:href="#sTok860" value="PRON"/>
		<feat xlink:href="#sTok861" value="PRON"/>
		<feat xlink:href="#sTok862" value="VERB"/>
		<feat xlink:href="#sTok863" value="PRON"/>
		<feat xlink:href="#sTok864" value="ADP"/>
		<feat xlink:href="#sTok865" value="DET"/>
		<feat xlink:href="#sTok866" value="NOUN"/>
		<feat xlink:href="#sTok867" value="PUNCT"/>
		<feat xlink:href="#sTok868" value="NOUN"/>
		<feat xlink:href="#sTok869" value="CCONJ"/>
		<feat xlink:href="#sTok870" value="PRON"/>
		<feat xlink:href="#sTok871" value="ADV"/>
		<feat xlink:href="#sTok872" value="VERB"/>
		<feat xlink:href="#sTok873" value="PART"/>
		<feat xlink:href="#sTok874" value="VERB"/>
		<feat xlink:href="#sTok875" value="ADP"/>
		<feat xlink:href="#sTok876" value="PRON"/>
		<feat xlink:href="#sTok877" value="DET"/>
		<feat xlink:href="#sTok878" value="NOUN"/>
		<feat xlink:href="#sTok879" value="NOUN"/>
		<feat xlink:href="#sTok880" value="AUX"/>
		<feat xlink:href="#sTok881" value="ADP"/>
		<feat xlink:href="#sTok882" value="DET"/>
		<feat xlink:href="#sTok883" value="PROPN"/>
		<feat xlink:href="#sTok884" value="PROPN"/>
		<feat xlink:href="#sTok885" value="DET"/>
		<feat xlink:href="#sTok886" value="NOUN"/>
		<feat xlink:href="#sTok887" value="PRON"/>
		<feat xlink:href="#sTok888" value="VERB"/>
		<feat xlink:href="#sTok889" value="PRON"/>
		<feat xlink:href="#sTok890" value="PART"/>
		<feat xlink:href="#sTok891" value="VERB"/>
		<feat xlink:href="#sTok892" value="DET"/>
		<feat xlink:href="#sTok893" value="NOUN"/>
		<feat xlink:href="#sTok894" value="PRON"/>
		<feat xlink:href="#sTok895" value="VERB"/>
		<feat xlink:href="#sTok896" value="SCONJ"/>
		<feat xlink:href="#sTok897" value="ADP"/>
		<feat xlink:href="#sTok898" value="DET"/>
		<feat xlink:href="#sTok899" value="NOUN"/>
		<feat xlink:href="#sTok900" value="PRON"/>
		<feat xlink:href="#sTok901" value="VERB"/>
		<feat xlink:href="#sTok902" value="CCONJ"/>
		<feat xlink:href="#sTok903" value="DET"/>
		<feat xlink:href="#sTok904" value="NOUN"/>
		<feat xlink:href="#sTok905" value="PRON"/>
		<feat xlink:href="#sTok906" value="VERB"/>
		<feat xlink:href="#sTok907" value="PRON"/>
		<feat xlink:href="#sTok908" value="AUX"/>
		<feat xlink:href="#sTok909" value="AUX"/>
		<feat xlink:href="#sTok910" value="VERB"/>
		<feat xlink:href="#sTok911" value="PRON"/>
		<feat xlink:href="#sTok912" value="ADP"/>
		<feat xlink:href="#sTok913" value="DET"/>
		<feat xlink:href="#sTok914" value="NOUN"/>
		<feat xlink:href="#sTok915" value="CCONJ"/>
		<feat xlink:href="#sTok916" value="PRON"/>
		<feat xlink:href="#sTok917" value="AUX"/>
		<feat xlink:href="#sTok918" value="PUNCT"/></featList></paula>