<?xml version='1.0' encoding='UTF-8'?><!DOCTYPE paula SYSTEM "paula_feat.dtd">
<paula version="1.1">
	<header paula_id="GENTLE_esports_fifa.tok_xpos"/>
	<featList xmlns:xlink="http://www.w3.org/1999/xlink" type="xpos" xml:base="GENTLE_esports_fifa.tok.xml">
		<feat xlink:href="#sTok1" value="RB"/>
		<feat xlink:href="#sTok2" value="IN"/>
		<feat xlink:href="#sTok3" value="JJ"/>
		<feat xlink:href="#sTok4" value="NNS"/>
		<feat xlink:href="#sTok5" value="POS"/>
		<feat xlink:href="#sTok6" value="JJ"/>
		<feat xlink:href="#sTok7" value="NN"/>
		<feat xlink:href="#sTok8" value="WRB"/>
		<feat xlink:href="#sTok9" value="NNP"/>
		<feat xlink:href="#sTok10" value="PRP"/>
		<feat xlink:href="#sTok11" value="VBD"/>
		<feat xlink:href="#sTok12" value="PRP"/>
		<feat xlink:href="#sTok13" value="IN"/>
		<feat xlink:href="#sTok14" value="DT"/>
		<feat xlink:href="#sTok15" value="JJ"/>
		<feat xlink:href="#sTok16" value="NN"/>
		<feat xlink:href="#sTok17" value="IN"/>
		<feat xlink:href="#sTok18" value="DT"/>
		<feat xlink:href="#sTok19" value="NNPS"/>
		<feat xlink:href="#sTok20" value="NNP"/>
		<feat xlink:href="#sTok21" value="NNS"/>
		<feat xlink:href="#sTok22" value="CC"/>
		<feat xlink:href="#sTok23" value="RB"/>
		<feat xlink:href="#sTok24" value="PRP"/>
		<feat xlink:href="#sTok25" value="VBD"/>
		<feat xlink:href="#sTok26" value="PRP"/>
		<feat xlink:href="#sTok27" value="IN"/>
		<feat xlink:href="#sTok28" value="PRP"/>
		<feat xlink:href="#sTok29" value="IN"/>
		<feat xlink:href="#sTok30" value="DT"/>
		<feat xlink:href="#sTok31" value="JJ"/>
		<feat xlink:href="#sTok32" value="NN"/>
		<feat xlink:href="#sTok33" value=","/>
		<feat xlink:href="#sTok34" value="CC"/>
		<feat xlink:href="#sTok35" value="RB"/>
		<feat xlink:href="#sTok36" value="VBG"/>
		<feat xlink:href="#sTok37" value="IN"/>
		<feat xlink:href="#sTok38" value="DT"/>
		<feat xlink:href="#sTok39" value="NNS"/>
		<feat xlink:href="#sTok40" value="IN"/>
		<feat xlink:href="#sTok41" value="NNP"/>
		<feat xlink:href="#sTok42" value="NNP"/>
		<feat xlink:href="#sTok43" value=","/>
		<feat xlink:href="#sTok44" value="NN"/>
		<feat xlink:href="#sTok45" value="POS"/>
		<feat xlink:href="#sTok46" value="NN"/>
		<feat xlink:href="#sTok47" value="VBZ"/>
		<feat xlink:href="#sTok48" value="VBG"/>
		<feat xlink:href="#sTok49" value="TO"/>
		<feat xlink:href="#sTok50" value="VB"/>
		<feat xlink:href="#sTok51" value="RP"/>
		<feat xlink:href="#sTok52" value="IN"/>
		<feat xlink:href="#sTok53" value="CD"/>
		<feat xlink:href="#sTok54" value="NNS"/>
		<feat xlink:href="#sTok55" value="WDT"/>
		<feat xlink:href="#sTok56" value="PRP"/>
		<feat xlink:href="#sTok57" value="VBP"/>
		<feat xlink:href="#sTok58" value="VBP"/>
		<feat xlink:href="#sTok59" value="RB"/>
		<feat xlink:href="#sTok60" value="RB"/>
		<feat xlink:href="#sTok61" value="JJ"/>
		<feat xlink:href="#sTok62" value="IN"/>
		<feat xlink:href="#sTok63" value="DT"/>
		<feat xlink:href="#sTok64" value="JJ"/>
		<feat xlink:href="#sTok65" value="NN"/>
		<feat xlink:href="#sTok66" value="IN"/>
		<feat xlink:href="#sTok67" value="NNS"/>
		<feat xlink:href="#sTok68" value="PRP"/>
		<feat xlink:href="#sTok69" value="VBP"/>
		<feat xlink:href="#sTok70" value="VBN"/>
		<feat xlink:href="#sTok71" value=","/>
		<feat xlink:href="#sTok72" value="CC"/>
		<feat xlink:href="#sTok73" value="RB"/>
		<feat xlink:href="#sTok74" value="IN"/>
		<feat xlink:href="#sTok75" value="UH"/>
		<feat xlink:href="#sTok76" value="JJ"/>
		<feat xlink:href="#sTok77" value="IN"/>
		<feat xlink:href="#sTok78" value="NNP"/>
		<feat xlink:href="#sTok79" value=","/>
		<feat xlink:href="#sTok80" value="PRP"/>
		<feat xlink:href="#sTok81" value="VBP"/>
		<feat xlink:href="#sTok82" value="NNP"/>
		<feat xlink:href="#sTok83" value="NNP"/>
		<feat xlink:href="#sTok84" value="IN"/>
		<feat xlink:href="#sTok85" value="DT"/>
		<feat xlink:href="#sTok86" value="JJ"/>
		<feat xlink:href="#sTok87" value="NN"/>
		<feat xlink:href="#sTok88" value="IN"/>
		<feat xlink:href="#sTok89" value="DT"/>
		<feat xlink:href="#sTok90" value="NNS"/>
		<feat xlink:href="#sTok91" value=","/>
		<feat xlink:href="#sTok92" value="WDT"/>
		<feat xlink:href="#sTok93" value="VBZ"/>
		<feat xlink:href="#sTok94" value="VBG"/>
		<feat xlink:href="#sTok95" value="TO"/>
		<feat xlink:href="#sTok96" value="VB"/>
		<feat xlink:href="#sTok97" value="RB"/>
		<feat xlink:href="#sTok98" value="CD"/>
		<feat xlink:href="#sTok99" value="IN"/>
		<feat xlink:href="#sTok100" value="DT"/>
		<feat xlink:href="#sTok101" value="JJS"/>
		<feat xlink:href="#sTok102" value="NNS"/>
		<feat xlink:href="#sTok103" value="PRP"/>
		<feat xlink:href="#sTok104" value="VBP"/>
		<feat xlink:href="#sTok105" value="VBG"/>
		<feat xlink:href="#sTok106" value="TO"/>
		<feat xlink:href="#sTok107" value="VB"/>
		<feat xlink:href="#sTok108" value="VBG"/>
		<feat xlink:href="#sTok109" value="IN"/>
		<feat xlink:href="#sTok110" value="NNP"/>
		<feat xlink:href="#sTok111" value="VBZ"/>
		<feat xlink:href="#sTok112" value="VBN"/>
		<feat xlink:href="#sTok113" value="PRP"/>
		<feat xlink:href="#sTok114" value="PRP$"/>
		<feat xlink:href="#sTok115" value="NN"/>
		<feat xlink:href="#sTok116" value="CC"/>
		<feat xlink:href="#sTok117" value="NNP"/>
		<feat xlink:href="#sTok118" value="NNP"/>
		<feat xlink:href="#sTok119" value="PRP"/>
		<feat xlink:href="#sTok120" value="VBP"/>
		<feat xlink:href="#sTok121" value="DT"/>
		<feat xlink:href="#sTok122" value="NN"/>
		<feat xlink:href="#sTok123" value="PRP"/>
		<feat xlink:href="#sTok124" value="VBP"/>
		<feat xlink:href="#sTok125" value=","/>
		<feat xlink:href="#sTok126" value="PRP"/>
		<feat xlink:href="#sTok127" value="VBP"/>
		<feat xlink:href="#sTok128" value="RB"/>
		<feat xlink:href="#sTok129" value="IN"/>
		<feat xlink:href="#sTok130" value="NNP"/>
		<feat xlink:href="#sTok131" value="."/>
		<feat xlink:href="#sTok132" value="UH"/>
		<feat xlink:href="#sTok133" value="PRP"/>
		<feat xlink:href="#sTok134" value="VBP"/>
		<feat xlink:href="#sTok135" value="RB"/>
		<feat xlink:href="#sTok136" value="VBG"/>
		<feat xlink:href="#sTok137" value="TO"/>
		<feat xlink:href="#sTok138" value="VB"/>
		<feat xlink:href="#sTok139" value="RP"/>
		<feat xlink:href="#sTok140" value="RB"/>
		<feat xlink:href="#sTok141" value="IN"/>
		<feat xlink:href="#sTok142" value="DT"/>
		<feat xlink:href="#sTok143" value="VBN"/>
		<feat xlink:href="#sTok144" value="NN"/>
		<feat xlink:href="#sTok145" value="IN"/>
		<feat xlink:href="#sTok146" value="NNP"/>
		<feat xlink:href="#sTok147" value="."/>
		<feat xlink:href="#sTok148" value="PRP"/>
		<feat xlink:href="#sTok149" value="VBP"/>
		<feat xlink:href="#sTok150" value="VBG"/>
		<feat xlink:href="#sTok151" value="TO"/>
		<feat xlink:href="#sTok152" value="VB"/>
		<feat xlink:href="#sTok153" value="CD"/>
		<feat xlink:href="#sTok154" value="IN"/>
		<feat xlink:href="#sTok155" value="DT"/>
		<feat xlink:href="#sTok156" value="CD"/>
		<feat xlink:href="#sTok157" value="NNS"/>
		<feat xlink:href="#sTok158" value="RB"/>
		<feat xlink:href="#sTok159" value="TO"/>
		<feat xlink:href="#sTok160" value="VB"/>
		<feat xlink:href="#sTok161" value="IN"/>
		<feat xlink:href="#sTok162" value="DT"/>
		<feat xlink:href="#sTok163" value="NN"/>
		<feat xlink:href="#sTok164" value="IN"/>
		<feat xlink:href="#sTok165" value="VBG"/>
		<feat xlink:href="#sTok166" value="NNS"/>
		<feat xlink:href="#sTok167" value="DT"/>
		<feat xlink:href="#sTok168" value="NN"/>
		<feat xlink:href="#sTok169" value="."/>
		<feat xlink:href="#sTok170" value="PRP"/>
		<feat xlink:href="#sTok171" value="VBP"/>
		<feat xlink:href="#sTok172" value="VBN"/>
		<feat xlink:href="#sTok173" value="DT"/>
		<feat xlink:href="#sTok174" value="RB"/>
		<feat xlink:href="#sTok175" value="VBN"/>
		<feat xlink:href="#sTok176" value="NN"/>
		<feat xlink:href="#sTok177" value="NNP"/>
		<feat xlink:href="#sTok178" value="VBG"/>
		<feat xlink:href="#sTok179" value=","/>
		<feat xlink:href="#sTok180" value="NNP"/>
		<feat xlink:href="#sTok181" value="NNP"/>
		<feat xlink:href="#sTok182" value="NNP"/>
		<feat xlink:href="#sTok183" value="CC"/>
		<feat xlink:href="#sTok184" value="NNP"/>
		<feat xlink:href="#sTok185" value="VBG"/>
		<feat xlink:href="#sTok186" value="IN"/>
		<feat xlink:href="#sTok187" value="CD"/>
		<feat xlink:href="#sTok188" value="SYM"/>
		<feat xlink:href="#sTok189" value="CD"/>
		<feat xlink:href="#sTok190" value="NN"/>
		<feat xlink:href="#sTok191" value="."/>
		<feat xlink:href="#sTok192" value="NNP"/>
		<feat xlink:href="#sTok193" value="VBG"/>
		<feat xlink:href="#sTok194" value="PRP"/>
		<feat xlink:href="#sTok195" value="DT"/>
		<feat xlink:href="#sTok196" value="JJ"/>
		<feat xlink:href="#sTok197" value="NN"/>
		<feat xlink:href="#sTok198" value="."/>
		<feat xlink:href="#sTok199" value="UH"/>
		<feat xlink:href="#sTok200" value="PRP"/>
		<feat xlink:href="#sTok201" value="VBP"/>
		<feat xlink:href="#sTok202" value="VBN"/>
		<feat xlink:href="#sTok203" value="IN"/>
		<feat xlink:href="#sTok204" value="RBR"/>
		<feat xlink:href="#sTok205" value="IN"/>
		<feat xlink:href="#sTok206" value="DT"/>
		<feat xlink:href="#sTok207" value="NNP"/>
		<feat xlink:href="#sTok208" value="NNP"/>
		<feat xlink:href="#sTok209" value="NNP"/>
		<feat xlink:href="#sTok210" value="VBZ"/>
		<feat xlink:href="#sTok211" value="RB"/>
		<feat xlink:href="#sTok212" value="VBN"/>
		<feat xlink:href="#sTok213" value="RB"/>
		<feat xlink:href="#sTok214" value="IN"/>
		<feat xlink:href="#sTok215" value="DT"/>
		<feat xlink:href="#sTok216" value="NNP"/>
		<feat xlink:href="#sTok217" value="CD"/>
		<feat xlink:href="#sTok218" value="NNS"/>
		<feat xlink:href="#sTok219" value="CC"/>
		<feat xlink:href="#sTok220" value="RB"/>
		<feat xlink:href="#sTok221" value="IN"/>
		<feat xlink:href="#sTok222" value="PRP"/>
		<feat xlink:href="#sTok223" value="VBZ"/>
		<feat xlink:href="#sTok224" value="NNP"/>
		<feat xlink:href="#sTok225" value="PRP"/>
		<feat xlink:href="#sTok226" value="IN"/>
		<feat xlink:href="#sTok227" value="CD"/>
		<feat xlink:href="#sTok228" value="."/>
		<feat xlink:href="#sTok229" value="DT"/>
		<feat xlink:href="#sTok230" value="NNP"/>
		<feat xlink:href="#sTok231" value="VBD"/>
		<feat xlink:href="#sTok232" value="VBG"/>
		<feat xlink:href="#sTok233" value="TO"/>
		<feat xlink:href="#sTok234" value="VB"/>
		<feat xlink:href="#sTok235" value="JJ"/>
		<feat xlink:href="#sTok236" value="PDT"/>
		<feat xlink:href="#sTok237" value="DT"/>
		<feat xlink:href="#sTok238" value="NN"/>
		<feat xlink:href="#sTok239" value="NNP"/>
		<feat xlink:href="#sTok240" value="VBZ"/>
		<feat xlink:href="#sTok241" value="RB"/>
		<feat xlink:href="#sTok242" value="RB"/>
		<feat xlink:href="#sTok243" value="RB"/>
		<feat xlink:href="#sTok244" value="JJ"/>
		<feat xlink:href="#sTok245" value="."/>
		<feat xlink:href="#sTok246" value="NNP"/>
		<feat xlink:href="#sTok247" value="VBZ"/>
		<feat xlink:href="#sTok248" value="DT"/>
		<feat xlink:href="#sTok249" value="JJ"/>
		<feat xlink:href="#sTok250" value="NN"/>
		<feat xlink:href="#sTok251" value="VBG"/>
		<feat xlink:href="#sTok252" value="RP"/>
		<feat xlink:href="#sTok253" value="CC"/>
		<feat xlink:href="#sTok254" value="PRP"/>
		<feat xlink:href="#sTok255" value="VBP"/>
		<feat xlink:href="#sTok256" value="VBG"/>
		<feat xlink:href="#sTok257" value="TO"/>
		<feat xlink:href="#sTok258" value="VB"/>
		<feat xlink:href="#sTok259" value="VBG"/>
		<feat xlink:href="#sTok260" value="DT"/>
		<feat xlink:href="#sTok261" value="NN"/>
		<feat xlink:href="#sTok262" value="IN"/>
		<feat xlink:href="#sTok263" value="PRP"/>
		<feat xlink:href="#sTok264" value="VBZ"/>
		<feat xlink:href="#sTok265" value="IN"/>
		<feat xlink:href="#sTok266" value="NN"/>
		<feat xlink:href="#sTok267" value="."/>
		<feat xlink:href="#sTok268" value="PRP"/>
		<feat xlink:href="#sTok269" value="MD"/>
		<feat xlink:href="#sTok270" value="VB"/>
		<feat xlink:href="#sTok271" value="TO"/>
		<feat xlink:href="#sTok272" value="RB"/>
		<feat xlink:href="#sTok273" value="VB"/>
		<feat xlink:href="#sTok274" value="DT"/>
		<feat xlink:href="#sTok275" value="IN"/>
		<feat xlink:href="#sTok276" value="PRP$"/>
		<feat xlink:href="#sTok277" value="NNP"/>
		<feat xlink:href="#sTok278" value="NNS"/>
		<feat xlink:href="#sTok279" value="IN"/>
		<feat xlink:href="#sTok280" value="DT"/>
		<feat xlink:href="#sTok281" value="NN"/>
		<feat xlink:href="#sTok282" value="."/>
		<feat xlink:href="#sTok283" value="DT"/>
		<feat xlink:href="#sTok284" value="JJ"/>
		<feat xlink:href="#sTok285" value="NN"/>
		<feat xlink:href="#sTok286" value="PRP"/>
		<feat xlink:href="#sTok287" value="VBD"/>
		<feat xlink:href="#sTok288" value="NNP"/>
		<feat xlink:href="#sTok289" value="RB"/>
		<feat xlink:href="#sTok290" value="PRP"/>
		<feat xlink:href="#sTok291" value="VBP"/>
		<feat xlink:href="#sTok292" value="VBG"/>
		<feat xlink:href="#sTok293" value="TO"/>
		<feat xlink:href="#sTok294" value="VB"/>
		<feat xlink:href="#sTok295" value="RB"/>
		<feat xlink:href="#sTok296" value="PRP$"/>
		<feat xlink:href="#sTok297" value="NN"/>
		<feat xlink:href="#sTok298" value="IN"/>
		<feat xlink:href="#sTok299" value="DT"/>
		<feat xlink:href="#sTok300" value="NN"/>
		<feat xlink:href="#sTok301" value="."/>
		<feat xlink:href="#sTok302" value="PRP"/>
		<feat xlink:href="#sTok303" value="VBZ"/>
		<feat xlink:href="#sTok304" value="RB"/>
		<feat xlink:href="#sTok305" value="NN"/>
		<feat xlink:href="#sTok306" value="IN"/>
		<feat xlink:href="#sTok307" value="NNP"/>
		<feat xlink:href="#sTok308" value="."/>
		<feat xlink:href="#sTok309" value="NNP"/>
		<feat xlink:href="#sTok310" value="VBD"/>
		<feat xlink:href="#sTok311" value="RP"/>
		<feat xlink:href="#sTok312" value="RB"/>
		<feat xlink:href="#sTok313" value="CD"/>
		<feat xlink:href="#sTok314" value="NNS"/>
		<feat xlink:href="#sTok315" value="CC"/>
		<feat xlink:href="#sTok316" value="RB"/>
		<feat xlink:href="#sTok317" value="RB"/>
		<feat xlink:href="#sTok318" value="VBZ"/>
		<feat xlink:href="#sTok319" value="RB"/>
		<feat xlink:href="#sTok320" value="VBN"/>
		<feat xlink:href="#sTok321" value="."/>
		<feat xlink:href="#sTok322" value="PRP"/>
		<feat xlink:href="#sTok323" value="VBP"/>
		<feat xlink:href="#sTok324" value="RB"/>
		<feat xlink:href="#sTok325" value="VB"/>
		<feat xlink:href="#sTok326" value="."/>
		<feat xlink:href="#sTok327" value="PRP"/>
		<feat xlink:href="#sTok328" value="VBD"/>
		<feat xlink:href="#sTok329" value="PRP"/>
		<feat xlink:href="#sTok330" value="VBD"/>
		<feat xlink:href="#sTok331" value="VBG"/>
		<feat xlink:href="#sTok332" value="TO"/>
		<feat xlink:href="#sTok333" value="VB"/>
		<feat xlink:href="#sTok334" value="PDT"/>
		<feat xlink:href="#sTok335" value="DT"/>
		<feat xlink:href="#sTok336" value="JJ"/>
		<feat xlink:href="#sTok337" value="JJ"/>
		<feat xlink:href="#sTok338" value="NN"/>
		<feat xlink:href="#sTok339" value="CC"/>
		<feat xlink:href="#sTok340" value="PRP"/>
		<feat xlink:href="#sTok341" value="VBZ"/>
		<feat xlink:href="#sTok342" value="RB"/>
		<feat xlink:href="#sTok343" value="JJ"/>
		<feat xlink:href="#sTok344" value="RB"/>
		<feat xlink:href="#sTok345" value="RB"/>
		<feat xlink:href="#sTok346" value="PRP"/>
		<feat xlink:href="#sTok347" value="MD"/>
		<feat xlink:href="#sTok348" value="VB"/>
		<feat xlink:href="#sTok349" value="PRP"/>
		<feat xlink:href="#sTok350" value="DT"/>
		<feat xlink:href="#sTok351" value="NNS"/>
		<feat xlink:href="#sTok352" value="RB"/>
		<feat xlink:href="#sTok353" value="."/>
		<feat xlink:href="#sTok354" value="NNP"/>
		<feat xlink:href="#sTok355" value="CC"/>
		<feat xlink:href="#sTok356" value="RB"/>
		<feat xlink:href="#sTok357" value="VBG"/>
		<feat xlink:href="#sTok358" value="NNP"/>
		<feat xlink:href="#sTok359" value="IN"/>
		<feat xlink:href="#sTok360" value="NNP"/>
		<feat xlink:href="#sTok361" value="NNP"/>
		<feat xlink:href="#sTok362" value="NNP"/>
		<feat xlink:href="#sTok363" value="NNP"/>
		<feat xlink:href="#sTok364" value=","/>
		<feat xlink:href="#sTok365" value="NNP"/>
		<feat xlink:href="#sTok366" value="."/>
		<feat xlink:href="#sTok367" value="PRP"/>
		<feat xlink:href="#sTok368" value="VBP"/>
		<feat xlink:href="#sTok369" value="NNP"/>
		<feat xlink:href="#sTok370" value=","/>
		<feat xlink:href="#sTok371" value="NNP"/>
		<feat xlink:href="#sTok372" value="IN"/>
		<feat xlink:href="#sTok373" value="NN"/>
		<feat xlink:href="#sTok374" value="CC"/>
		<feat xlink:href="#sTok375" value="RB"/>
		<feat xlink:href="#sTok376" value="IN"/>
		<feat xlink:href="#sTok377" value="NN"/>
		<feat xlink:href="#sTok378" value="PRP"/>
		<feat xlink:href="#sTok379" value="VBP"/>
		<feat xlink:href="#sTok380" value="NNP"/>
		<feat xlink:href="#sTok381" value="."/>
		<feat xlink:href="#sTok382" value="IN"/>
		<feat xlink:href="#sTok383" value="PRP"/>
		<feat xlink:href="#sTok384" value="VBD"/>
		<feat xlink:href="#sTok385" value=","/>
		<feat xlink:href="#sTok386" value="DT"/>
		<feat xlink:href="#sTok387" value="NNP"/>
		<feat xlink:href="#sTok388" value="IN"/>
		<feat xlink:href="#sTok389" value="PRP"/>
		<feat xlink:href="#sTok390" value="VBD"/>
		<feat xlink:href="#sTok391" value="RB"/>
		<feat xlink:href="#sTok392" value="VBG"/>
		<feat xlink:href="#sTok393" value="TO"/>
		<feat xlink:href="#sTok394" value="VB"/>
		<feat xlink:href="#sTok395" value="DT"/>
		<feat xlink:href="#sTok396" value="NN"/>
		<feat xlink:href="#sTok397" value=","/>
		<feat xlink:href="#sTok398" value="PRP"/>
		<feat xlink:href="#sTok399" value="VBP"/>
		<feat xlink:href="#sTok400" value="VBG"/>
		<feat xlink:href="#sTok401" value="DT"/>
		<feat xlink:href="#sTok402" value="IN"/>
		<feat xlink:href="#sTok403" value="JJ"/>
		<feat xlink:href="#sTok404" value="NN"/>
		<feat xlink:href="#sTok405" value="IN"/>
		<feat xlink:href="#sTok406" value="DT"/>
		<feat xlink:href="#sTok407" value="NNPS"/>
		<feat xlink:href="#sTok408" value="NNP"/>
		<feat xlink:href="#sTok409" value="."/>
		<feat xlink:href="#sTok410" value="PRP"/>
		<feat xlink:href="#sTok411" value="VBP"/>
		<feat xlink:href="#sTok412" value="PRP"/>
		<feat xlink:href="#sTok413" value="VBP"/>
		<feat xlink:href="#sTok414" value="VBG"/>
		<feat xlink:href="#sTok415" value="TO"/>
		<feat xlink:href="#sTok416" value="VB"/>
		<feat xlink:href="#sTok417" value="TO"/>
		<feat xlink:href="#sTok418" value="RB"/>
		<feat xlink:href="#sTok419" value="VB"/>
		<feat xlink:href="#sTok420" value="CC"/>
		<feat xlink:href="#sTok421" value="VB"/>
		<feat xlink:href="#sTok422" value="RB"/>
		<feat xlink:href="#sTok423" value="HYPH"/>
		<feat xlink:href="#sTok424" value="JJ"/>
		<feat xlink:href="#sTok425" value="CC"/>
		<feat xlink:href="#sTok426" value="VB"/>
		<feat xlink:href="#sTok427" value="PRP"/>
		<feat xlink:href="#sTok428" value="IN"/>
		<feat xlink:href="#sTok429" value="PRP$"/>
		<feat xlink:href="#sTok430" value="JJ"/>
		<feat xlink:href="#sTok431" value="NN"/>
		<feat xlink:href="#sTok432" value="RB"/>
		<feat xlink:href="#sTok433" value="."/>
		<feat xlink:href="#sTok434" value="DT"/>
		<feat xlink:href="#sTok435" value="MD"/>
		<feat xlink:href="#sTok436" value="VB"/>
		<feat xlink:href="#sTok437" value="NN"/>
		<feat xlink:href="#sTok438" value="RB"/>
		<feat xlink:href="#sTok439" value="JJ"/>
		<feat xlink:href="#sTok440" value=","/>
		<feat xlink:href="#sTok441" value="CC"/>
		<feat xlink:href="#sTok442" value="IN"/>
		<feat xlink:href="#sTok443" value="PRP"/>
		<feat xlink:href="#sTok444" value="VBP"/>
		<feat xlink:href="#sTok445" value="DT"/>
		<feat xlink:href="#sTok446" value="PRP"/>
		<feat xlink:href="#sTok447" value="VBP"/>
		<feat xlink:href="#sTok448" value="TO"/>
		<feat xlink:href="#sTok449" value="VB"/>
		<feat xlink:href="#sTok450" value="IN"/>
		<feat xlink:href="#sTok451" value="NNP"/>
		<feat xlink:href="#sTok452" value="NNP"/>
		<feat xlink:href="#sTok453" value="CC"/>
		<feat xlink:href="#sTok454" value="DT"/>
		<feat xlink:href="#sTok455" value="VBZ"/>
		<feat xlink:href="#sTok456" value="DT"/>
		<feat xlink:href="#sTok457" value="JJ"/>
		<feat xlink:href="#sTok458" value="NN"/>
		<feat xlink:href="#sTok459" value="IN"/>
		<feat xlink:href="#sTok460" value="NNP"/>
		<feat xlink:href="#sTok461" value="."/>
		<feat xlink:href="#sTok462" value="RB"/>
		<feat xlink:href="#sTok463" value="VBZ"/>
		<feat xlink:href="#sTok464" value="NNP"/>
		<feat xlink:href="#sTok465" value="RB"/>
		<feat xlink:href="#sTok466" value="VBG"/>
		<feat xlink:href="#sTok467" value="NNP"/>
		<feat xlink:href="#sTok468" value=","/>
		<feat xlink:href="#sTok469" value="NNP"/>
		<feat xlink:href="#sTok470" value="VBZ"/>
		<feat xlink:href="#sTok471" value="RB"/>
		<feat xlink:href="#sTok472" value="RB"/>
		<feat xlink:href="#sTok473" value="DT"/>
		<feat xlink:href="#sTok474" value="VBZ"/>
		<feat xlink:href="#sTok475" value="JJ"/>
		<feat xlink:href="#sTok476" value="NN"/>
		<feat xlink:href="#sTok477" value="NNP"/>
		<feat xlink:href="#sTok478" value="CC"/>
		<feat xlink:href="#sTok479" value="RB"/>
		<feat xlink:href="#sTok480" value="MD"/>
		<feat xlink:href="#sTok481" value="VB"/>
		<feat xlink:href="#sTok482" value="VBN"/>
		<feat xlink:href="#sTok483" value="IN"/>
		<feat xlink:href="#sTok484" value="NN"/>
		<feat xlink:href="#sTok485" value="NN"/>
		<feat xlink:href="#sTok486" value="IN"/>
		<feat xlink:href="#sTok487" value="PRP"/>
		<feat xlink:href="#sTok488" value="JJ"/>
		<feat xlink:href="#sTok489" value="NN"/>
		<feat xlink:href="#sTok490" value="IN"/>
		<feat xlink:href="#sTok491" value="NNP"/>
		<feat xlink:href="#sTok492" value="."/>
		<feat xlink:href="#sTok493" value="NNP"/>
		<feat xlink:href="#sTok494" value="NNP"/>
		<feat xlink:href="#sTok495" value=","/>
		<feat xlink:href="#sTok496" value="NNP"/>
		<feat xlink:href="#sTok497" value="NNP"/>
		<feat xlink:href="#sTok498" value=","/>
		<feat xlink:href="#sTok499" value="PRP"/>
		<feat xlink:href="#sTok500" value="VBZ"/>
		<feat xlink:href="#sTok501" value="VBG"/>
		<feat xlink:href="#sTok502" value="TO"/>
		<feat xlink:href="#sTok503" value="VB"/>
		<feat xlink:href="#sTok504" value="PRP"/>
		<feat xlink:href="#sTok505" value="CC"/>
		<feat xlink:href="#sTok506" value="VB"/>
		<feat xlink:href="#sTok507" value="TO"/>
		<feat xlink:href="#sTok508" value="VB"/>
		<feat xlink:href="#sTok509" value="PRP"/>
		<feat xlink:href="#sTok510" value="."/>
		<feat xlink:href="#sTok511" value="PRP"/>
		<feat xlink:href="#sTok512" value="VBD"/>
		<feat xlink:href="#sTok513" value="RB"/>
		<feat xlink:href="#sTok514" value="UH"/>
		<feat xlink:href="#sTok515" value=":"/>
		<feat xlink:href="#sTok516" value="PRP"/>
		<feat xlink:href="#sTok517" value="MD"/>
		<feat xlink:href="#sTok518" value="VB"/>
		<feat xlink:href="#sTok519" value="RB"/>
		<feat xlink:href="#sTok520" value="VBN"/>
		<feat xlink:href="#sTok521" value="PRP"/>
		<feat xlink:href="#sTok522" value="DT"/>
		<feat xlink:href="#sTok523" value="JJ"/>
		<feat xlink:href="#sTok524" value="NN"/>
		<feat xlink:href="#sTok525" value="IN"/>
		<feat xlink:href="#sTok526" value="DT"/>
		<feat xlink:href="#sTok527" value="NN"/>
		<feat xlink:href="#sTok528" value=","/>
		<feat xlink:href="#sTok529" value="CC"/>
		<feat xlink:href="#sTok530" value="PRP"/>
		<feat xlink:href="#sTok531" value="VBP"/>
		<feat xlink:href="#sTok532" value="WP"/>
		<feat xlink:href="#sTok533" value=","/>
		<feat xlink:href="#sTok534" value="DT"/>
		<feat xlink:href="#sTok535" value="VBD"/>
		<feat xlink:href="#sTok536" value="IN"/>
		<feat xlink:href="#sTok537" value="DT"/>
		<feat xlink:href="#sTok538" value="NN"/>
		<feat xlink:href="#sTok539" value="CC"/>
		<feat xlink:href="#sTok540" value="NNP"/>
		<feat xlink:href="#sTok541" value="RB"/>
		<feat xlink:href="#sTok542" value="PRP"/>
		<feat xlink:href="#sTok543" value="MD"/>
		<feat xlink:href="#sTok544" value="VB"/>
		<feat xlink:href="#sTok545" value="NN"/>
		<feat xlink:href="#sTok546" value="IN"/>
		<feat xlink:href="#sTok547" value="NNS"/>
		<feat xlink:href="#sTok548" value="."/>
		<feat xlink:href="#sTok549" value="NNP"/>
		<feat xlink:href="#sTok550" value=","/>
		<feat xlink:href="#sTok551" value="VBD"/>
		<feat xlink:href="#sTok552" value=","/>
		<feat xlink:href="#sTok553" value="NNP"/>
		<feat xlink:href="#sTok554" value="NNP"/>
		<feat xlink:href="#sTok555" value="NNP"/>
		<feat xlink:href="#sTok556" value=","/>
		<feat xlink:href="#sTok557" value="VBG"/>
		<feat xlink:href="#sTok558" value="IN"/>
		<feat xlink:href="#sTok559" value="NN"/>
		<feat xlink:href="#sTok560" value="."/>
		<feat xlink:href="#sTok561" value="PRP"/>
		<feat xlink:href="#sTok562" value="VBZ"/>
		<feat xlink:href="#sTok563" value="NNP"/>
		<feat xlink:href="#sTok564" value="IN"/>
		<feat xlink:href="#sTok565" value="DT"/>
		<feat xlink:href="#sTok566" value="NN"/>
		<feat xlink:href="#sTok567" value=","/>
		<feat xlink:href="#sTok568" value="NN"/>
		<feat xlink:href="#sTok569" value="VB"/>
		<feat xlink:href="#sTok570" value="DT"/>
		<feat xlink:href="#sTok571" value="NN"/>
		<feat xlink:href="#sTok572" value="."/>
		<feat xlink:href="#sTok573" value="UH"/>
		<feat xlink:href="#sTok574" value="NNP"/>
		<feat xlink:href="#sTok575" value="CC"/>
		<feat xlink:href="#sTok576" value="IN"/>
		<feat xlink:href="#sTok577" value=":"/>
		<feat xlink:href="#sTok578" value="WP"/>
		<feat xlink:href="#sTok579" value="."/>
		<feat xlink:href="#sTok580" value="WRB"/>
		<feat xlink:href="#sTok581" value=":"/>
		<feat xlink:href="#sTok582" value="WP"/>
		<feat xlink:href="#sTok583" value="JJ"/>
		<feat xlink:href="#sTok584" value="WP"/>
		<feat xlink:href="#sTok585" value="WRB"/>
		<feat xlink:href="#sTok586" value="VBZ"/>
		<feat xlink:href="#sTok587" value="EX"/>
		<feat xlink:href="#sTok588" value="DT"/>
		<feat xlink:href="#sTok589" value="NN"/>
		<feat xlink:href="#sTok590" value="WP"/>
		<feat xlink:href="#sTok591" value="RB"/>
		<feat xlink:href="#sTok592" value="VBD"/>
		<feat xlink:href="#sTok593" value="."/>
		<feat xlink:href="#sTok594" value="CD"/>
		<feat xlink:href="#sTok595" value="NN"/>
		<feat xlink:href="#sTok596" value="PRP"/>
		<feat xlink:href="#sTok597" value="VBD"/>
		<feat xlink:href="#sTok598" value="IN"/>
		<feat xlink:href="#sTok599" value="PRP"/>
		<feat xlink:href="#sTok600" value="VBD"/>
		<feat xlink:href="#sTok601" value="VBG"/>
		<feat xlink:href="#sTok602" value="TO"/>
		<feat xlink:href="#sTok603" value="VB"/>
		<feat xlink:href="#sTok604" value="DT"/>
		<feat xlink:href="#sTok605" value="NN"/>
		<feat xlink:href="#sTok606" value=","/>
		<feat xlink:href="#sTok607" value="DT"/>
		<feat xlink:href="#sTok608" value="JJ"/>
		<feat xlink:href="#sTok609" value="NNP"/>
		<feat xlink:href="#sTok610" value="VBZ"/>
		<feat xlink:href="#sTok611" value="VBG"/>
		<feat xlink:href="#sTok612" value="DT"/>
		<feat xlink:href="#sTok613" value="NN"/>
		<feat xlink:href="#sTok614" value="CC"/>
		<feat xlink:href="#sTok615" value="PRP"/>
		<feat xlink:href="#sTok616" value="VBP"/>
		<feat xlink:href="#sTok617" value="CD"/>
		<feat xlink:href="#sTok618" value="CD"/>
		<feat xlink:href="#sTok619" value="JJ"/>
		<feat xlink:href="#sTok620" value="."/>
		<feat xlink:href="#sTok621" value="NN"/>
		<feat xlink:href="#sTok622" value="VBZ"/>
		<feat xlink:href="#sTok623" value="VBN"/>
		<feat xlink:href="#sTok624" value="RB"/>
		<feat xlink:href="#sTok625" value="UH"/>
		<feat xlink:href="#sTok626" value="DT"/>
		<feat xlink:href="#sTok627" value="RB"/>
		<feat xlink:href="#sTok628" value="RB"/>
		<feat xlink:href="#sTok629" value="NNP"/>
		<feat xlink:href="#sTok630" value="VBD"/>
		<feat xlink:href="#sTok631" value="NNP"/>
		<feat xlink:href="#sTok632" value="."/>
		<feat xlink:href="#sTok633" value="NNP"/>
		<feat xlink:href="#sTok634" value="VBP"/>
		<feat xlink:href="#sTok635" value="DT"/>
		<feat xlink:href="#sTok636" value="NN"/>
		<feat xlink:href="#sTok637" value="CD"/>
		<feat xlink:href="#sTok638" value="CD"/>
		<feat xlink:href="#sTok639" value="IN"/>
		<feat xlink:href="#sTok640" value="VBG"/>
		<feat xlink:href="#sTok641" value="RB"/>
		<feat xlink:href="#sTok642" value="NN"/>
		<feat xlink:href="#sTok643" value="DT"/>
		<feat xlink:href="#sTok644" value="NN"/>
		<feat xlink:href="#sTok645" value="."/>
		<feat xlink:href="#sTok646" value="NNP"/>
		<feat xlink:href="#sTok647" value="NNP"/>
		<feat xlink:href="#sTok648" value="NNP"/>
		<feat xlink:href="#sTok649" value=","/>
		<feat xlink:href="#sTok650" value="NNP"/>
		<feat xlink:href="#sTok651" value=","/>
		<feat xlink:href="#sTok652" value="RB"/>
		<feat xlink:href="#sTok653" value="NNP"/>
		<feat xlink:href="#sTok654" value=","/>
		<feat xlink:href="#sTok655" value="NNP"/>
		<feat xlink:href="#sTok656" value="MD"/>
		<feat xlink:href="#sTok657" value="RB"/>
		<feat xlink:href="#sTok658" value="VB"/>
		<feat xlink:href="#sTok659" value="IN"/>
		<feat xlink:href="#sTok660" value="DT"/>
		<feat xlink:href="#sTok661" value="NN"/>
		<feat xlink:href="#sTok662" value="NN"/>
		<feat xlink:href="#sTok663" value="JJ"/>
		<feat xlink:href="#sTok664" value=","/>
		<feat xlink:href="#sTok665" value="CC"/>
		<feat xlink:href="#sTok666" value="UH"/>
		<feat xlink:href="#sTok667" value="WRB"/>
		<feat xlink:href="#sTok668" value="JJ"/>
		<feat xlink:href="#sTok669" value="NNS"/>
		<feat xlink:href="#sTok670" value="WRB"/>
		<feat xlink:href="#sTok671" value="JJ"/>
		<feat xlink:href="#sTok672" value="NNS"/>
		<feat xlink:href="#sTok673" value="VBZ"/>
		<feat xlink:href="#sTok674" value="PRP"/>
		<feat xlink:href="#sTok675" value="VBG"/>
		<feat xlink:href="#sTok676" value="TO"/>
		<feat xlink:href="#sTok677" value="VB"/>
		<feat xlink:href="#sTok678" value="DT"/>
		<feat xlink:href="#sTok679" value="JJ"/>
		<feat xlink:href="#sTok680" value="NN"/>
		<feat xlink:href="#sTok681" value="CC"/>
		<feat xlink:href="#sTok682" value="VB"/>
		<feat xlink:href="#sTok683" value="."/>
		<feat xlink:href="#sTok684" value="DT"/>
		<feat xlink:href="#sTok685" value="NN"/>
		<feat xlink:href="#sTok686" value="VBZ"/>
		<feat xlink:href="#sTok687" value="VBN"/>
		<feat xlink:href="#sTok688" value="JJ"/>
		<feat xlink:href="#sTok689" value="NNS"/>
		<feat xlink:href="#sTok690" value="IN"/>
		<feat xlink:href="#sTok691" value="PRP$"/>
		<feat xlink:href="#sTok692" value="NN"/>
		<feat xlink:href="#sTok693" value="CC"/>
		<feat xlink:href="#sTok694" value="MD"/>
		<feat xlink:href="#sTok695" value="RB"/>
		<feat xlink:href="#sTok696" value="VB"/>
		<feat xlink:href="#sTok697" value="DT"/>
		<feat xlink:href="#sTok698" value="JJ"/>
		<feat xlink:href="#sTok699" value="NN"/>
		<feat xlink:href="#sTok700" value="NN"/>
		<feat xlink:href="#sTok701" value="IN"/>
		<feat xlink:href="#sTok702" value="DT"/>
		<feat xlink:href="#sTok703" value="NN"/>
		<feat xlink:href="#sTok704" value="RB"/>
		<feat xlink:href="#sTok705" value="DT"/>
		<feat xlink:href="#sTok706" value="NN"/>
		<feat xlink:href="#sTok707" value=","/>
		<feat xlink:href="#sTok708" value="PRP"/>
		<feat xlink:href="#sTok709" value="VBP"/>
		<feat xlink:href="#sTok710" value="VBG"/>
		<feat xlink:href="#sTok711" value="TO"/>
		<feat xlink:href="#sTok712" value="VB"/>
		<feat xlink:href="#sTok713" value="PRP"/>
		<feat xlink:href="#sTok714" value="."/>
		<feat xlink:href="#sTok715" value="UH"/>
		<feat xlink:href="#sTok716" value="IN"/>
		<feat xlink:href="#sTok717" value="NNP"/>
		<feat xlink:href="#sTok718" value="VBZ"/>
		<feat xlink:href="#sTok719" value="VBN"/>
		<feat xlink:href="#sTok720" value="IN"/>
		<feat xlink:href="#sTok721" value="VBG"/>
		<feat xlink:href="#sTok722" value="IN"/>
		<feat xlink:href="#sTok723" value="NNP"/>
		<feat xlink:href="#sTok724" value=","/>
		<feat xlink:href="#sTok725" value="CD"/>
		<feat xlink:href="#sTok726" value="NN"/>
		<feat xlink:href="#sTok727" value="JJ"/>
		<feat xlink:href="#sTok728" value="NN"/>
		<feat xlink:href="#sTok729" value=","/>
		<feat xlink:href="#sTok730" value="WRB"/>
		<feat xlink:href="#sTok731" value="PRP"/>
		<feat xlink:href="#sTok732" value="VBD"/>
		<feat xlink:href="#sTok733" value="RB"/>
		<feat xlink:href="#sTok734" value="VB"/>
		<feat xlink:href="#sTok735" value=","/>
		<feat xlink:href="#sTok736" value="WRB"/>
		<feat xlink:href="#sTok737" value="PRP"/>
		<feat xlink:href="#sTok738" value="VBD"/>
		<feat xlink:href="#sTok739" value="DT"/>
		<feat xlink:href="#sTok740" value="NN"/>
		<feat xlink:href="#sTok741" value=","/>
		<feat xlink:href="#sTok742" value="TO"/>
		<feat xlink:href="#sTok743" value="VB"/>
		<feat xlink:href="#sTok744" value="NNS"/>
		<feat xlink:href="#sTok745" value="JJR"/>
		<feat xlink:href="#sTok746" value="PRP"/>
		<feat xlink:href="#sTok747" value="VBP"/>
		<feat xlink:href="#sTok748" value="TO"/>
		<feat xlink:href="#sTok749" value="VB"/>
		<feat xlink:href="#sTok750" value="NNP"/>
		<feat xlink:href="#sTok751" value="NNP"/>
		<feat xlink:href="#sTok752" value=","/>
		<feat xlink:href="#sTok753" value="WP"/>
		<feat xlink:href="#sTok754" value="NN"/>
		<feat xlink:href="#sTok755" value="VBZ"/>
		<feat xlink:href="#sTok756" value="UH"/>
		<feat xlink:href="#sTok757" value="VBZ"/>
		<feat xlink:href="#sTok758" value="JJ"/>
		<feat xlink:href="#sTok759" value="PRP"/>
		<feat xlink:href="#sTok760" value="VBP"/>
		<feat xlink:href="#sTok761" value="RB"/>
		<feat xlink:href="#sTok762" value="IN"/>
		<feat xlink:href="#sTok763" value="JJ"/>
		<feat xlink:href="#sTok764" value="NN"/>
		<feat xlink:href="#sTok765" value="CC"/>
		<feat xlink:href="#sTok766" value="WP"/>
		<feat xlink:href="#sTok767" value="DT"/>
		<feat xlink:href="#sTok768" value="JJ"/>
		<feat xlink:href="#sTok769" value="VBZ"/>
		<feat xlink:href="#sTok770" value="IN"/>
		<feat xlink:href="#sTok771" value="JJ"/>
		<feat xlink:href="#sTok772" value="NN"/>
		<feat xlink:href="#sTok773" value=","/>
		<feat xlink:href="#sTok774" value="CC"/>
		<feat xlink:href="#sTok775" value="IN"/>
		<feat xlink:href="#sTok776" value="PRP"/>
		<feat xlink:href="#sTok777" value="VBP"/>
		<feat xlink:href="#sTok778" value="VBG"/>
		<feat xlink:href="#sTok779" value="TO"/>
		<feat xlink:href="#sTok780" value="VB"/>
		<feat xlink:href="#sTok781" value="DT"/>
		<feat xlink:href="#sTok782" value=","/>
		<feat xlink:href="#sTok783" value="PRP"/>
		<feat xlink:href="#sTok784" value="VBZ"/>
		<feat xlink:href="#sTok785" value="VBG"/>
		<feat xlink:href="#sTok786" value="TO"/>
		<feat xlink:href="#sTok787" value="VB"/>
		<feat xlink:href="#sTok788" value="PRP"/>
		<feat xlink:href="#sTok789" value="VB"/>
		<feat xlink:href="#sTok790" value="IN"/>
		<feat xlink:href="#sTok791" value="JJ"/>
		<feat xlink:href="#sTok792" value="."/>
		<feat xlink:href="#sTok793" value="DT"/>
		<feat xlink:href="#sTok794" value="NN"/>
		<feat xlink:href="#sTok795" value="IN"/>
		<feat xlink:href="#sTok796" value="NNP"/>
		<feat xlink:href="#sTok797" value=","/>
		<feat xlink:href="#sTok798" value="NNP"/>
		<feat xlink:href="#sTok799" value=","/>
		<feat xlink:href="#sTok800" value="NNP"/>
		<feat xlink:href="#sTok801" value=","/>
		<feat xlink:href="#sTok802" value="NNP"/>
		<feat xlink:href="#sTok803" value=","/>
		<feat xlink:href="#sTok804" value="RB"/>
		<feat xlink:href="#sTok805" value="RB"/>
		<feat xlink:href="#sTok806" value="DT"/>
		<feat xlink:href="#sTok807" value="JJS"/>
		<feat xlink:href="#sTok808" value="NN"/>
		<feat xlink:href="#sTok809" value="NN"/>
		<feat xlink:href="#sTok810" value="CC"/>
		<feat xlink:href="#sTok811" value="DT"/>
		<feat xlink:href="#sTok812" value="VBZ"/>
		<feat xlink:href="#sTok813" value="WP"/>
		<feat xlink:href="#sTok814" value="PRP"/>
		<feat xlink:href="#sTok815" value="VBP"/>
		<feat xlink:href="#sTok816" value="VBG"/>
		<feat xlink:href="#sTok817" value="IN"/>
		<feat xlink:href="#sTok818" value="."/>
		<feat xlink:href="#sTok819" value="NNP"/>
		<feat xlink:href="#sTok820" value="VBG"/>
		<feat xlink:href="#sTok821" value="CD"/>
		<feat xlink:href="#sTok822" value="NNP"/>
		<feat xlink:href="#sTok823" value="VBG"/>
		<feat xlink:href="#sTok824" value="CD"/>
		<feat xlink:href="#sTok825" value="RB"/>
		<feat xlink:href="#sTok826" value="JJ"/>
		<feat xlink:href="#sTok827" value="PRP"/>
		<feat xlink:href="#sTok828" value="VBD"/>
		<feat xlink:href="#sTok829" value="NNP"/>
		<feat xlink:href="#sTok830" value="RP"/>
		<feat xlink:href="#sTok831" value="CC"/>
		<feat xlink:href="#sTok832" value="PRP"/>
		<feat xlink:href="#sTok833" value="VBD"/>
		<feat xlink:href="#sTok834" value="RP"/>
		<feat xlink:href="#sTok835" value="NNP"/>
		<feat xlink:href="#sTok836" value="RB"/>
		<feat xlink:href="#sTok837" value="PRP"/>
		<feat xlink:href="#sTok838" value="VBZ"/>
		<feat xlink:href="#sTok839" value="VBG"/>
		<feat xlink:href="#sTok840" value="TO"/>
		<feat xlink:href="#sTok841" value="VB"/>
		<feat xlink:href="#sTok842" value="JJ"/>
		<feat xlink:href="#sTok843" value="."/>
		<feat xlink:href="#sTok844" value="PRP"/>
		<feat xlink:href="#sTok845" value="VBZ"/>
		<feat xlink:href="#sTok846" value="DT"/>
		<feat xlink:href="#sTok847" value="CD"/>
		<feat xlink:href="#sTok848" value="SYM"/>
		<feat xlink:href="#sTok849" value="CD"/>
		<feat xlink:href="#sTok850" value="NN"/>
		<feat xlink:href="#sTok851" value=","/>
		<feat xlink:href="#sTok852" value="NNP"/>
		<feat xlink:href="#sTok853" value="VBD"/>
		<feat xlink:href="#sTok854" value="RB"/>
		<feat xlink:href="#sTok855" value="DT"/>
		<feat xlink:href="#sTok856" value="NN"/>
		<feat xlink:href="#sTok857" value="."/>
		<feat xlink:href="#sTok858" value="PRP"/>
		<feat xlink:href="#sTok859" value="VBD"/>
		<feat xlink:href="#sTok860" value="PRP"/>
		<feat xlink:href="#sTok861" value="PRP"/>
		<feat xlink:href="#sTok862" value="VBD"/>
		<feat xlink:href="#sTok863" value="PRP"/>
		<feat xlink:href="#sTok864" value="IN"/>
		<feat xlink:href="#sTok865" value="DT"/>
		<feat xlink:href="#sTok866" value="NN"/>
		<feat xlink:href="#sTok867" value="HYPH"/>
		<feat xlink:href="#sTok868" value="NNS"/>
		<feat xlink:href="#sTok869" value="CC"/>
		<feat xlink:href="#sTok870" value="PRP"/>
		<feat xlink:href="#sTok871" value="RB"/>
		<feat xlink:href="#sTok872" value="VBP"/>
		<feat xlink:href="#sTok873" value="TO"/>
		<feat xlink:href="#sTok874" value="VB"/>
		<feat xlink:href="#sTok875" value="RP"/>
		<feat xlink:href="#sTok876" value="WP"/>
		<feat xlink:href="#sTok877" value="DT"/>
		<feat xlink:href="#sTok878" value="NN"/>
		<feat xlink:href="#sTok879" value="NN"/>
		<feat xlink:href="#sTok880" value="VBD"/>
		<feat xlink:href="#sTok881" value="IN"/>
		<feat xlink:href="#sTok882" value="DT"/>
		<feat xlink:href="#sTok883" value="NNPS"/>
		<feat xlink:href="#sTok884" value="NNP"/>
		<feat xlink:href="#sTok885" value="DT"/>
		<feat xlink:href="#sTok886" value="NN"/>
		<feat xlink:href="#sTok887" value="PRP"/>
		<feat xlink:href="#sTok888" value="VBD"/>
		<feat xlink:href="#sTok889" value="PRP"/>
		<feat xlink:href="#sTok890" value="TO"/>
		<feat xlink:href="#sTok891" value="VB"/>
		<feat xlink:href="#sTok892" value="DT"/>
		<feat xlink:href="#sTok893" value="NNS"/>
		<feat xlink:href="#sTok894" value="PRP"/>
		<feat xlink:href="#sTok895" value="VBD"/>
		<feat xlink:href="#sTok896" value="IN"/>
		<feat xlink:href="#sTok897" value="IN"/>
		<feat xlink:href="#sTok898" value="DT"/>
		<feat xlink:href="#sTok899" value="NN"/>
		<feat xlink:href="#sTok900" value="PRP"/>
		<feat xlink:href="#sTok901" value="VBD"/>
		<feat xlink:href="#sTok902" value="CC"/>
		<feat xlink:href="#sTok903" value="DT"/>
		<feat xlink:href="#sTok904" value="NNS"/>
		<feat xlink:href="#sTok905" value="PRP"/>
		<feat xlink:href="#sTok906" value="VBD"/>
		<feat xlink:href="#sTok907" value="PRP"/>
		<feat xlink:href="#sTok908" value="MD"/>
		<feat xlink:href="#sTok909" value="VB"/>
		<feat xlink:href="#sTok910" value="VBN"/>
		<feat xlink:href="#sTok911" value="PRP"/>
		<feat xlink:href="#sTok912" value="IN"/>
		<feat xlink:href="#sTok913" value="DT"/>
		<feat xlink:href="#sTok914" value="NN"/>
		<feat xlink:href="#sTok915" value="CC"/>
		<feat xlink:href="#sTok916" value="PRP"/>
		<feat xlink:href="#sTok917" value="VBD"/>
		<feat xlink:href="#sTok918" value="."/></featList></paula>