<?xml version='1.0' encoding='UTF-8'?><!DOCTYPE paula SYSTEM "paula_feat.dtd">
<paula version="1.1">
	<header paula_id="GENTLE_esports_fifa.tok_tok_func"/>
	<featList xmlns:xlink="http://www.w3.org/1999/xlink" type="tok_func" xml:base="GENTLE_esports_fifa.tok.xml">
		<feat xlink:href="#sTok1" value="advmod"/>
		<feat xlink:href="#sTok2" value="case"/>
		<feat xlink:href="#sTok3" value="amod"/>
		<feat xlink:href="#sTok4" value="nmod:poss"/>
		<feat xlink:href="#sTok5" value="case"/>
		<feat xlink:href="#sTok6" value="amod"/>
		<feat xlink:href="#sTok7" value="obl"/>
		<feat xlink:href="#sTok8" value="advmod"/>
		<feat xlink:href="#sTok9" value="dislocated"/>
		<feat xlink:href="#sTok10" value="nsubj"/>
		<feat xlink:href="#sTok11" value="acl:relcl"/>
		<feat xlink:href="#sTok12" value="obj"/>
		<feat xlink:href="#sTok13" value="case"/>
		<feat xlink:href="#sTok14" value="det"/>
		<feat xlink:href="#sTok15" value="amod"/>
		<feat xlink:href="#sTok16" value="obl"/>
		<feat xlink:href="#sTok17" value="case"/>
		<feat xlink:href="#sTok18" value="det"/>
		<feat xlink:href="#sTok19" value="compound"/>
		<feat xlink:href="#sTok20" value="compound"/>
		<feat xlink:href="#sTok21" value="nmod"/>
		<feat xlink:href="#sTok22" value="cc"/>
		<feat xlink:href="#sTok23" value="advmod"/>
		<feat xlink:href="#sTok24" value="nsubj"/>
		<feat xlink:href="#sTok25" value="conj"/>
		<feat xlink:href="#sTok26" value="obj"/>
		<feat xlink:href="#sTok27" value="case"/>
		<feat xlink:href="#sTok28" value="obl"/>
		<feat xlink:href="#sTok29" value="case"/>
		<feat xlink:href="#sTok30" value="det"/>
		<feat xlink:href="#sTok31" value="amod"/>
		<feat xlink:href="#sTok32" value="obl"/>
		<feat xlink:href="#sTok33" value="punct"/>
		<feat xlink:href="#sTok34" value="cc"/>
		<feat xlink:href="#sTok35" value="advmod"/>
		<feat xlink:href="#sTok36" value="conj"/>
		<feat xlink:href="#sTok37" value="case"/>
		<feat xlink:href="#sTok38" value="det"/>
		<feat xlink:href="#sTok39" value="obl"/>
		<feat xlink:href="#sTok40" value="case"/>
		<feat xlink:href="#sTok41" value="compound"/>
		<feat xlink:href="#sTok42" value="nmod"/>
		<feat xlink:href="#sTok43" value="punct"/>
		<feat xlink:href="#sTok44" value="nmod:poss"/>
		<feat xlink:href="#sTok45" value="case"/>
		<feat xlink:href="#sTok46" value="nsubj"/>
		<feat xlink:href="#sTok47" value="aux"/>
		<feat xlink:href="#sTok48" value="root"/>
		<feat xlink:href="#sTok49" value="mark"/>
		<feat xlink:href="#sTok50" value="xcomp"/>
		<feat xlink:href="#sTok51" value="compound:prt"/>
		<feat xlink:href="#sTok52" value="case"/>
		<feat xlink:href="#sTok53" value="nummod"/>
		<feat xlink:href="#sTok54" value="obl"/>
		<feat xlink:href="#sTok55" value="nsubj"/>
		<feat xlink:href="#sTok56" value="nsubj"/>
		<feat xlink:href="#sTok57" value="parataxis"/>
		<feat xlink:href="#sTok58" value="cop"/>
		<feat xlink:href="#sTok59" value="advmod"/>
		<feat xlink:href="#sTok60" value="advmod"/>
		<feat xlink:href="#sTok61" value="acl:relcl"/>
		<feat xlink:href="#sTok62" value="case"/>
		<feat xlink:href="#sTok63" value="det"/>
		<feat xlink:href="#sTok64" value="amod"/>
		<feat xlink:href="#sTok65" value="obl"/>
		<feat xlink:href="#sTok66" value="case"/>
		<feat xlink:href="#sTok67" value="nmod"/>
		<feat xlink:href="#sTok68" value="nsubj"/>
		<feat xlink:href="#sTok69" value="aux"/>
		<feat xlink:href="#sTok70" value="acl:relcl"/>
		<feat xlink:href="#sTok71" value="punct"/>
		<feat xlink:href="#sTok72" value="cc"/>
		<feat xlink:href="#sTok73" value="advmod"/>
		<feat xlink:href="#sTok74" value="case"/>
		<feat xlink:href="#sTok75" value="discourse"/>
		<feat xlink:href="#sTok76" value="obl"/>
		<feat xlink:href="#sTok77" value="case"/>
		<feat xlink:href="#sTok78" value="obl"/>
		<feat xlink:href="#sTok79" value="punct"/>
		<feat xlink:href="#sTok80" value="nsubj"/>
		<feat xlink:href="#sTok81" value="conj"/>
		<feat xlink:href="#sTok82" value="compound"/>
		<feat xlink:href="#sTok83" value="obj"/>
		<feat xlink:href="#sTok84" value="case"/>
		<feat xlink:href="#sTok85" value="det"/>
		<feat xlink:href="#sTok86" value="amod"/>
		<feat xlink:href="#sTok87" value="obl"/>
		<feat xlink:href="#sTok88" value="case"/>
		<feat xlink:href="#sTok89" value="det"/>
		<feat xlink:href="#sTok90" value="nmod"/>
		<feat xlink:href="#sTok91" value="punct"/>
		<feat xlink:href="#sTok92" value="nsubj"/>
		<feat xlink:href="#sTok93" value="aux"/>
		<feat xlink:href="#sTok94" value="advcl:relcl"/>
		<feat xlink:href="#sTok95" value="mark"/>
		<feat xlink:href="#sTok96" value="cop"/>
		<feat xlink:href="#sTok97" value="advmod"/>
		<feat xlink:href="#sTok98" value="xcomp"/>
		<feat xlink:href="#sTok99" value="case"/>
		<feat xlink:href="#sTok100" value="det"/>
		<feat xlink:href="#sTok101" value="amod"/>
		<feat xlink:href="#sTok102" value="nmod"/>
		<feat xlink:href="#sTok103" value="nsubj"/>
		<feat xlink:href="#sTok104" value="aux"/>
		<feat xlink:href="#sTok105" value="advcl:relcl"/>
		<feat xlink:href="#sTok106" value="mark"/>
		<feat xlink:href="#sTok107" value="aux"/>
		<feat xlink:href="#sTok108" value="xcomp"/>
		<feat xlink:href="#sTok109" value="mark"/>
		<feat xlink:href="#sTok110" value="nsubj"/>
		<feat xlink:href="#sTok111" value="aux"/>
		<feat xlink:href="#sTok112" value="advcl"/>
		<feat xlink:href="#sTok113" value="iobj"/>
		<feat xlink:href="#sTok114" value="nmod:poss"/>
		<feat xlink:href="#sTok115" value="obj"/>
		<feat xlink:href="#sTok116" value="cc"/>
		<feat xlink:href="#sTok117" value="compound"/>
		<feat xlink:href="#sTok118" value="dislocated"/>
		<feat xlink:href="#sTok119" value="nsubj"/>
		<feat xlink:href="#sTok120" value="conj"/>
		<feat xlink:href="#sTok121" value="det"/>
		<feat xlink:href="#sTok122" value="obj"/>
		<feat xlink:href="#sTok123" value="nsubj"/>
		<feat xlink:href="#sTok124" value="acl:relcl"/>
		<feat xlink:href="#sTok125" value="punct"/>
		<feat xlink:href="#sTok126" value="nsubj"/>
		<feat xlink:href="#sTok127" value="cop"/>
		<feat xlink:href="#sTok128" value="advmod"/>
		<feat xlink:href="#sTok129" value="case"/>
		<feat xlink:href="#sTok130" value="parataxis"/>
		<feat xlink:href="#sTok131" value="punct"/>
		<feat xlink:href="#sTok132" value="discourse"/>
		<feat xlink:href="#sTok133" value="nsubj"/>
		<feat xlink:href="#sTok134" value="aux"/>
		<feat xlink:href="#sTok135" value="advmod"/>
		<feat xlink:href="#sTok136" value="root"/>
		<feat xlink:href="#sTok137" value="reparandum"/>
		<feat xlink:href="#sTok138" value="xcomp"/>
		<feat xlink:href="#sTok139" value="compound:prt"/>
		<feat xlink:href="#sTok140" value="advmod"/>
		<feat xlink:href="#sTok141" value="case"/>
		<feat xlink:href="#sTok142" value="det"/>
		<feat xlink:href="#sTok143" value="amod"/>
		<feat xlink:href="#sTok144" value="obl"/>
		<feat xlink:href="#sTok145" value="case"/>
		<feat xlink:href="#sTok146" value="nmod"/>
		<feat xlink:href="#sTok147" value="punct"/>
		<feat xlink:href="#sTok148" value="nsubj"/>
		<feat xlink:href="#sTok149" value="aux"/>
		<feat xlink:href="#sTok150" value="root"/>
		<feat xlink:href="#sTok151" value="mark"/>
		<feat xlink:href="#sTok152" value="xcomp"/>
		<feat xlink:href="#sTok153" value="obj"/>
		<feat xlink:href="#sTok154" value="case"/>
		<feat xlink:href="#sTok155" value="det"/>
		<feat xlink:href="#sTok156" value="nummod"/>
		<feat xlink:href="#sTok157" value="nmod"/>
		<feat xlink:href="#sTok158" value="advmod"/>
		<feat xlink:href="#sTok159" value="mark"/>
		<feat xlink:href="#sTok160" value="advcl"/>
		<feat xlink:href="#sTok161" value="case"/>
		<feat xlink:href="#sTok162" value="det"/>
		<feat xlink:href="#sTok163" value="obl"/>
		<feat xlink:href="#sTok164" value="mark"/>
		<feat xlink:href="#sTok165" value="acl"/>
		<feat xlink:href="#sTok166" value="obj"/>
		<feat xlink:href="#sTok167" value="det"/>
		<feat xlink:href="#sTok168" value="obl:unmarked"/>
		<feat xlink:href="#sTok169" value="punct"/>
		<feat xlink:href="#sTok170" value="nsubj"/>
		<feat xlink:href="#sTok171" value="aux"/>
		<feat xlink:href="#sTok172" value="root"/>
		<feat xlink:href="#sTok173" value="det"/>
		<feat xlink:href="#sTok174" value="advmod"/>
		<feat xlink:href="#sTok175" value="amod"/>
		<feat xlink:href="#sTok176" value="obj"/>
		<feat xlink:href="#sTok177" value="nsubj"/>
		<feat xlink:href="#sTok178" value="parataxis"/>
		<feat xlink:href="#sTok179" value="punct"/>
		<feat xlink:href="#sTok180" value="nsubj"/>
		<feat xlink:href="#sTok181" value="flat"/>
		<feat xlink:href="#sTok182" value="flat"/>
		<feat xlink:href="#sTok183" value="cc"/>
		<feat xlink:href="#sTok184" value="conj"/>
		<feat xlink:href="#sTok185" value="parataxis"/>
		<feat xlink:href="#sTok186" value="case"/>
		<feat xlink:href="#sTok187" value="compound"/>
		<feat xlink:href="#sTok188" value="case"/>
		<feat xlink:href="#sTok189" value="nmod"/>
		<feat xlink:href="#sTok190" value="obl"/>
		<feat xlink:href="#sTok191" value="punct"/>
		<feat xlink:href="#sTok192" value="nsubj"/>
		<feat xlink:href="#sTok193" value="root"/>
		<feat xlink:href="#sTok194" value="iobj"/>
		<feat xlink:href="#sTok195" value="det"/>
		<feat xlink:href="#sTok196" value="amod"/>
		<feat xlink:href="#sTok197" value="obj"/>
		<feat xlink:href="#sTok198" value="punct"/>
		<feat xlink:href="#sTok199" value="discourse"/>
		<feat xlink:href="#sTok200" value="nsubj"/>
		<feat xlink:href="#sTok201" value="aux"/>
		<feat xlink:href="#sTok202" value="root"/>
		<feat xlink:href="#sTok203" value="mark"/>
		<feat xlink:href="#sTok204" value="advmod"/>
		<feat xlink:href="#sTok205" value="case"/>
		<feat xlink:href="#sTok206" value="det"/>
		<feat xlink:href="#sTok207" value="obl"/>
		<feat xlink:href="#sTok208" value="flat"/>
		<feat xlink:href="#sTok209" value="nsubj"/>
		<feat xlink:href="#sTok210" value="aux"/>
		<feat xlink:href="#sTok211" value="advmod"/>
		<feat xlink:href="#sTok212" value="ccomp"/>
		<feat xlink:href="#sTok213" value="advmod"/>
		<feat xlink:href="#sTok214" value="case"/>
		<feat xlink:href="#sTok215" value="det"/>
		<feat xlink:href="#sTok216" value="obl"/>
		<feat xlink:href="#sTok217" value="nummod"/>
		<feat xlink:href="#sTok218" value="parataxis"/>
		<feat xlink:href="#sTok219" value="cc"/>
		<feat xlink:href="#sTok220" value="advmod"/>
		<feat xlink:href="#sTok221" value="case"/>
		<feat xlink:href="#sTok222" value="conj"/>
		<feat xlink:href="#sTok223" value="cop"/>
		<feat xlink:href="#sTok224" value="nsubj"/>
		<feat xlink:href="#sTok225" value="conj"/>
		<feat xlink:href="#sTok226" value="case"/>
		<feat xlink:href="#sTok227" value="nmod"/>
		<feat xlink:href="#sTok228" value="punct"/>
		<feat xlink:href="#sTok229" value="det"/>
		<feat xlink:href="#sTok230" value="nsubj"/>
		<feat xlink:href="#sTok231" value="aux"/>
		<feat xlink:href="#sTok232" value="root"/>
		<feat xlink:href="#sTok233" value="mark"/>
		<feat xlink:href="#sTok234" value="cop"/>
		<feat xlink:href="#sTok235" value="xcomp"/>
		<feat xlink:href="#sTok236" value="det:predet"/>
		<feat xlink:href="#sTok237" value="det"/>
		<feat xlink:href="#sTok238" value="obl:unmarked"/>
		<feat xlink:href="#sTok239" value="nsubj"/>
		<feat xlink:href="#sTok240" value="cop"/>
		<feat xlink:href="#sTok241" value="advmod"/>
		<feat xlink:href="#sTok242" value="advmod"/>
		<feat xlink:href="#sTok243" value="advmod"/>
		<feat xlink:href="#sTok244" value="parataxis"/>
		<feat xlink:href="#sTok245" value="punct"/>
		<feat xlink:href="#sTok246" value="nsubj"/>
		<feat xlink:href="#sTok247" value="cop"/>
		<feat xlink:href="#sTok248" value="det"/>
		<feat xlink:href="#sTok249" value="amod"/>
		<feat xlink:href="#sTok250" value="root"/>
		<feat xlink:href="#sTok251" value="acl"/>
		<feat xlink:href="#sTok252" value="compound:prt"/>
		<feat xlink:href="#sTok253" value="cc"/>
		<feat xlink:href="#sTok254" value="nsubj"/>
		<feat xlink:href="#sTok255" value="aux"/>
		<feat xlink:href="#sTok256" value="conj"/>
		<feat xlink:href="#sTok257" value="mark"/>
		<feat xlink:href="#sTok258" value="aux"/>
		<feat xlink:href="#sTok259" value="xcomp"/>
		<feat xlink:href="#sTok260" value="det"/>
		<feat xlink:href="#sTok261" value="obj"/>
		<feat xlink:href="#sTok262" value="mark"/>
		<feat xlink:href="#sTok263" value="nsubj"/>
		<feat xlink:href="#sTok264" value="cop"/>
		<feat xlink:href="#sTok265" value="case"/>
		<feat xlink:href="#sTok266" value="advcl"/>
		<feat xlink:href="#sTok267" value="punct"/>
		<feat xlink:href="#sTok268" value="nsubj"/>
		<feat xlink:href="#sTok269" value="aux"/>
		<feat xlink:href="#sTok270" value="root"/>
		<feat xlink:href="#sTok271" value="mark"/>
		<feat xlink:href="#sTok272" value="advmod"/>
		<feat xlink:href="#sTok273" value="xcomp"/>
		<feat xlink:href="#sTok274" value="obj"/>
		<feat xlink:href="#sTok275" value="case"/>
		<feat xlink:href="#sTok276" value="nmod:poss"/>
		<feat xlink:href="#sTok277" value="compound"/>
		<feat xlink:href="#sTok278" value="nmod"/>
		<feat xlink:href="#sTok279" value="case"/>
		<feat xlink:href="#sTok280" value="det"/>
		<feat xlink:href="#sTok281" value="obl"/>
		<feat xlink:href="#sTok282" value="punct"/>
		<feat xlink:href="#sTok283" value="det"/>
		<feat xlink:href="#sTok284" value="amod"/>
		<feat xlink:href="#sTok285" value="obl:unmarked"/>
		<feat xlink:href="#sTok286" value="nsubj"/>
		<feat xlink:href="#sTok287" value="root"/>
		<feat xlink:href="#sTok288" value="obj"/>
		<feat xlink:href="#sTok289" value="advmod"/>
		<feat xlink:href="#sTok290" value="nsubj"/>
		<feat xlink:href="#sTok291" value="aux"/>
		<feat xlink:href="#sTok292" value="parataxis"/>
		<feat xlink:href="#sTok293" value="mark"/>
		<feat xlink:href="#sTok294" value="xcomp"/>
		<feat xlink:href="#sTok295" value="advmod"/>
		<feat xlink:href="#sTok296" value="nmod:poss"/>
		<feat xlink:href="#sTok297" value="obj"/>
		<feat xlink:href="#sTok298" value="case"/>
		<feat xlink:href="#sTok299" value="det"/>
		<feat xlink:href="#sTok300" value="obl"/>
		<feat xlink:href="#sTok301" value="punct"/>
		<feat xlink:href="#sTok302" value="nsubj"/>
		<feat xlink:href="#sTok303" value="cop"/>
		<feat xlink:href="#sTok304" value="advmod"/>
		<feat xlink:href="#sTok305" value="root"/>
		<feat xlink:href="#sTok306" value="case"/>
		<feat xlink:href="#sTok307" value="obl"/>
		<feat xlink:href="#sTok308" value="punct"/>
		<feat xlink:href="#sTok309" value="nsubj"/>
		<feat xlink:href="#sTok310" value="root"/>
		<feat xlink:href="#sTok311" value="compound:prt"/>
		<feat xlink:href="#sTok312" value="advmod"/>
		<feat xlink:href="#sTok313" value="nummod"/>
		<feat xlink:href="#sTok314" value="parataxis"/>
		<feat xlink:href="#sTok315" value="cc"/>
		<feat xlink:href="#sTok316" value="advmod"/>
		<feat xlink:href="#sTok317" value="advmod"/>
		<feat xlink:href="#sTok318" value="aux"/>
		<feat xlink:href="#sTok319" value="advmod"/>
		<feat xlink:href="#sTok320" value="conj"/>
		<feat xlink:href="#sTok321" value="punct"/>
		<feat xlink:href="#sTok322" value="nsubj"/>
		<feat xlink:href="#sTok323" value="aux"/>
		<feat xlink:href="#sTok324" value="advmod"/>
		<feat xlink:href="#sTok325" value="root"/>
		<feat xlink:href="#sTok326" value="punct"/>
		<feat xlink:href="#sTok327" value="nsubj"/>
		<feat xlink:href="#sTok328" value="root"/>
		<feat xlink:href="#sTok329" value="nsubj"/>
		<feat xlink:href="#sTok330" value="aux"/>
		<feat xlink:href="#sTok331" value="ccomp"/>
		<feat xlink:href="#sTok332" value="mark"/>
		<feat xlink:href="#sTok333" value="cop"/>
		<feat xlink:href="#sTok334" value="det:predet"/>
		<feat xlink:href="#sTok335" value="det"/>
		<feat xlink:href="#sTok336" value="amod"/>
		<feat xlink:href="#sTok337" value="amod"/>
		<feat xlink:href="#sTok338" value="xcomp"/>
		<feat xlink:href="#sTok339" value="cc"/>
		<feat xlink:href="#sTok340" value="nsubj"/>
		<feat xlink:href="#sTok341" value="cop"/>
		<feat xlink:href="#sTok342" value="advmod"/>
		<feat xlink:href="#sTok343" value="conj"/>
		<feat xlink:href="#sTok344" value="advmod"/>
		<feat xlink:href="#sTok345" value="advmod"/>
		<feat xlink:href="#sTok346" value="nsubj"/>
		<feat xlink:href="#sTok347" value="aux"/>
		<feat xlink:href="#sTok348" value="parataxis"/>
		<feat xlink:href="#sTok349" value="iobj"/>
		<feat xlink:href="#sTok350" value="det"/>
		<feat xlink:href="#sTok351" value="obj"/>
		<feat xlink:href="#sTok352" value="advmod"/>
		<feat xlink:href="#sTok353" value="punct"/>
		<feat xlink:href="#sTok354" value="reparandum"/>
		<feat xlink:href="#sTok355" value="conj"/>
		<feat xlink:href="#sTok356" value="advmod"/>
		<feat xlink:href="#sTok357" value="root"/>
		<feat xlink:href="#sTok358" value="parataxis"/>
		<feat xlink:href="#sTok359" value="case"/>
		<feat xlink:href="#sTok360" value="nmod"/>
		<feat xlink:href="#sTok361" value="conj"/>
		<feat xlink:href="#sTok362" value="flat"/>
		<feat xlink:href="#sTok363" value="flat"/>
		<feat xlink:href="#sTok364" value="punct"/>
		<feat xlink:href="#sTok365" value="conj"/>
		<feat xlink:href="#sTok366" value="punct"/>
		<feat xlink:href="#sTok367" value="nsubj"/>
		<feat xlink:href="#sTok368" value="root"/>
		<feat xlink:href="#sTok369" value="obj"/>
		<feat xlink:href="#sTok370" value="punct"/>
		<feat xlink:href="#sTok371" value="conj"/>
		<feat xlink:href="#sTok372" value="case"/>
		<feat xlink:href="#sTok373" value="obl"/>
		<feat xlink:href="#sTok374" value="cc"/>
		<feat xlink:href="#sTok375" value="advmod"/>
		<feat xlink:href="#sTok376" value="case"/>
		<feat xlink:href="#sTok377" value="obl"/>
		<feat xlink:href="#sTok378" value="nsubj"/>
		<feat xlink:href="#sTok379" value="conj"/>
		<feat xlink:href="#sTok380" value="obj"/>
		<feat xlink:href="#sTok381" value="punct"/>
		<feat xlink:href="#sTok382" value="mark"/>
		<feat xlink:href="#sTok383" value="nsubj"/>
		<feat xlink:href="#sTok384" value="advcl"/>
		<feat xlink:href="#sTok385" value="punct"/>
		<feat xlink:href="#sTok386" value="det"/>
		<feat xlink:href="#sTok387" value="dislocated"/>
		<feat xlink:href="#sTok388" value="mark"/>
		<feat xlink:href="#sTok389" value="nsubj"/>
		<feat xlink:href="#sTok390" value="aux"/>
		<feat xlink:href="#sTok391" value="advmod"/>
		<feat xlink:href="#sTok392" value="advcl"/>
		<feat xlink:href="#sTok393" value="mark"/>
		<feat xlink:href="#sTok394" value="cop"/>
		<feat xlink:href="#sTok395" value="det"/>
		<feat xlink:href="#sTok396" value="xcomp"/>
		<feat xlink:href="#sTok397" value="punct"/>
		<feat xlink:href="#sTok398" value="nsubj"/>
		<feat xlink:href="#sTok399" value="aux"/>
		<feat xlink:href="#sTok400" value="root"/>
		<feat xlink:href="#sTok401" value="obj"/>
		<feat xlink:href="#sTok402" value="case"/>
		<feat xlink:href="#sTok403" value="amod"/>
		<feat xlink:href="#sTok404" value="obl"/>
		<feat xlink:href="#sTok405" value="case"/>
		<feat xlink:href="#sTok406" value="det"/>
		<feat xlink:href="#sTok407" value="compound"/>
		<feat xlink:href="#sTok408" value="nmod"/>
		<feat xlink:href="#sTok409" value="punct"/>
		<feat xlink:href="#sTok410" value="nsubj"/>
		<feat xlink:href="#sTok411" value="root"/>
		<feat xlink:href="#sTok412" value="nsubj"/>
		<feat xlink:href="#sTok413" value="aux"/>
		<feat xlink:href="#sTok414" value="ccomp"/>
		<feat xlink:href="#sTok415" value="mark"/>
		<feat xlink:href="#sTok416" value="xcomp"/>
		<feat xlink:href="#sTok417" value="mark"/>
		<feat xlink:href="#sTok418" value="advmod"/>
		<feat xlink:href="#sTok419" value="xcomp"/>
		<feat xlink:href="#sTok420" value="cc"/>
		<feat xlink:href="#sTok421" value="conj"/>
		<feat xlink:href="#sTok422" value="advmod"/>
		<feat xlink:href="#sTok423" value="punct"/>
		<feat xlink:href="#sTok424" value="obl:unmarked"/>
		<feat xlink:href="#sTok425" value="cc"/>
		<feat xlink:href="#sTok426" value="conj"/>
		<feat xlink:href="#sTok427" value="obj"/>
		<feat xlink:href="#sTok428" value="case"/>
		<feat xlink:href="#sTok429" value="nmod:poss"/>
		<feat xlink:href="#sTok430" value="amod"/>
		<feat xlink:href="#sTok431" value="obl"/>
		<feat xlink:href="#sTok432" value="advmod"/>
		<feat xlink:href="#sTok433" value="punct"/>
		<feat xlink:href="#sTok434" value="nsubj"/>
		<feat xlink:href="#sTok435" value="aux"/>
		<feat xlink:href="#sTok436" value="cop"/>
		<feat xlink:href="#sTok437" value="root"/>
		<feat xlink:href="#sTok438" value="advmod"/>
		<feat xlink:href="#sTok439" value="amod"/>
		<feat xlink:href="#sTok440" value="punct"/>
		<feat xlink:href="#sTok441" value="cc"/>
		<feat xlink:href="#sTok442" value="mark"/>
		<feat xlink:href="#sTok443" value="nsubj"/>
		<feat xlink:href="#sTok444" value="advcl"/>
		<feat xlink:href="#sTok445" value="obj"/>
		<feat xlink:href="#sTok446" value="nsubj"/>
		<feat xlink:href="#sTok447" value="conj"/>
		<feat xlink:href="#sTok448" value="mark"/>
		<feat xlink:href="#sTok449" value="xcomp"/>
		<feat xlink:href="#sTok450" value="case"/>
		<feat xlink:href="#sTok451" value="compound"/>
		<feat xlink:href="#sTok452" value="obl"/>
		<feat xlink:href="#sTok453" value="cc"/>
		<feat xlink:href="#sTok454" value="nsubj"/>
		<feat xlink:href="#sTok455" value="cop"/>
		<feat xlink:href="#sTok456" value="det"/>
		<feat xlink:href="#sTok457" value="amod"/>
		<feat xlink:href="#sTok458" value="conj"/>
		<feat xlink:href="#sTok459" value="case"/>
		<feat xlink:href="#sTok460" value="nmod"/>
		<feat xlink:href="#sTok461" value="punct"/>
		<feat xlink:href="#sTok462" value="root"/>
		<feat xlink:href="#sTok463" value="cop"/>
		<feat xlink:href="#sTok464" value="nsubj"/>
		<feat xlink:href="#sTok465" value="advmod"/>
		<feat xlink:href="#sTok466" value="advcl"/>
		<feat xlink:href="#sTok467" value="obj"/>
		<feat xlink:href="#sTok468" value="punct"/>
		<feat xlink:href="#sTok469" value="nsubj"/>
		<feat xlink:href="#sTok470" value="cop"/>
		<feat xlink:href="#sTok471" value="advmod"/>
		<feat xlink:href="#sTok472" value="parataxis"/>
		<feat xlink:href="#sTok473" value="nsubj"/>
		<feat xlink:href="#sTok474" value="cop"/>
		<feat xlink:href="#sTok475" value="amod"/>
		<feat xlink:href="#sTok476" value="parataxis"/>
		<feat xlink:href="#sTok477" value="obj"/>
		<feat xlink:href="#sTok478" value="reparandum"/>
		<feat xlink:href="#sTok479" value="advmod"/>
		<feat xlink:href="#sTok480" value="aux"/>
		<feat xlink:href="#sTok481" value="aux"/>
		<feat xlink:href="#sTok482" value="parataxis"/>
		<feat xlink:href="#sTok483" value="case"/>
		<feat xlink:href="#sTok484" value="obl"/>
		<feat xlink:href="#sTok485" value="nsubj"/>
		<feat xlink:href="#sTok486" value="case"/>
		<feat xlink:href="#sTok487" value="parataxis"/>
		<feat xlink:href="#sTok488" value="amod"/>
		<feat xlink:href="#sTok489" value="parataxis"/>
		<feat xlink:href="#sTok490" value="case"/>
		<feat xlink:href="#sTok491" value="nmod"/>
		<feat xlink:href="#sTok492" value="punct"/>
		<feat xlink:href="#sTok493" value="root"/>
		<feat xlink:href="#sTok494" value="flat"/>
		<feat xlink:href="#sTok495" value="punct"/>
		<feat xlink:href="#sTok496" value="conj"/>
		<feat xlink:href="#sTok497" value="flat"/>
		<feat xlink:href="#sTok498" value="punct"/>
		<feat xlink:href="#sTok499" value="nsubj"/>
		<feat xlink:href="#sTok500" value="aux"/>
		<feat xlink:href="#sTok501" value="parataxis"/>
		<feat xlink:href="#sTok502" value="mark"/>
		<feat xlink:href="#sTok503" value="xcomp"/>
		<feat xlink:href="#sTok504" value="obj"/>
		<feat xlink:href="#sTok505" value="cc"/>
		<feat xlink:href="#sTok506" value="conj"/>
		<feat xlink:href="#sTok507" value="mark"/>
		<feat xlink:href="#sTok508" value="xcomp"/>
		<feat xlink:href="#sTok509" value="obj"/>
		<feat xlink:href="#sTok510" value="punct"/>
		<feat xlink:href="#sTok511" value="nsubj"/>
		<feat xlink:href="#sTok512" value="reparandum"/>
		<feat xlink:href="#sTok513" value="advmod"/>
		<feat xlink:href="#sTok514" value="discourse"/>
		<feat xlink:href="#sTok515" value="punct"/>
		<feat xlink:href="#sTok516" value="nsubj"/>
		<feat xlink:href="#sTok517" value="aux"/>
		<feat xlink:href="#sTok518" value="aux"/>
		<feat xlink:href="#sTok519" value="advmod"/>
		<feat xlink:href="#sTok520" value="root"/>
		<feat xlink:href="#sTok521" value="obj"/>
		<feat xlink:href="#sTok522" value="det"/>
		<feat xlink:href="#sTok523" value="amod"/>
		<feat xlink:href="#sTok524" value="obl:unmarked"/>
		<feat xlink:href="#sTok525" value="case"/>
		<feat xlink:href="#sTok526" value="det"/>
		<feat xlink:href="#sTok527" value="obl"/>
		<feat xlink:href="#sTok528" value="punct"/>
		<feat xlink:href="#sTok529" value="cc"/>
		<feat xlink:href="#sTok530" value="nsubj"/>
		<feat xlink:href="#sTok531" value="parataxis"/>
		<feat xlink:href="#sTok532" value="obj"/>
		<feat xlink:href="#sTok533" value="punct"/>
		<feat xlink:href="#sTok534" value="nsubj"/>
		<feat xlink:href="#sTok535" value="conj"/>
		<feat xlink:href="#sTok536" value="case"/>
		<feat xlink:href="#sTok537" value="det"/>
		<feat xlink:href="#sTok538" value="obl"/>
		<feat xlink:href="#sTok539" value="cc"/>
		<feat xlink:href="#sTok540" value="nsubj"/>
		<feat xlink:href="#sTok541" value="conj"/>
		<feat xlink:href="#sTok542" value="nsubj"/>
		<feat xlink:href="#sTok543" value="aux"/>
		<feat xlink:href="#sTok544" value="ccomp"/>
		<feat xlink:href="#sTok545" value="obj"/>
		<feat xlink:href="#sTok546" value="case"/>
		<feat xlink:href="#sTok547" value="obl"/>
		<feat xlink:href="#sTok548" value="punct"/>
		<feat xlink:href="#sTok549" value="nsubj"/>
		<feat xlink:href="#sTok550" value="punct"/>
		<feat xlink:href="#sTok551" value="root"/>
		<feat xlink:href="#sTok552" value="punct"/>
		<feat xlink:href="#sTok553" value="nsubj"/>
		<feat xlink:href="#sTok554" value="flat"/>
		<feat xlink:href="#sTok555" value="flat"/>
		<feat xlink:href="#sTok556" value="punct"/>
		<feat xlink:href="#sTok557" value="parataxis"/>
		<feat xlink:href="#sTok558" value="case"/>
		<feat xlink:href="#sTok559" value="obl"/>
		<feat xlink:href="#sTok560" value="punct"/>
		<feat xlink:href="#sTok561" value="nsubj"/>
		<feat xlink:href="#sTok562" value="root"/>
		<feat xlink:href="#sTok563" value="obj"/>
		<feat xlink:href="#sTok564" value="case"/>
		<feat xlink:href="#sTok565" value="det"/>
		<feat xlink:href="#sTok566" value="obl"/>
		<feat xlink:href="#sTok567" value="punct"/>
		<feat xlink:href="#sTok568" value="vocative"/>
		<feat xlink:href="#sTok569" value="parataxis"/>
		<feat xlink:href="#sTok570" value="det"/>
		<feat xlink:href="#sTok571" value="obj"/>
		<feat xlink:href="#sTok572" value="punct"/>
		<feat xlink:href="#sTok573" value="discourse"/>
		<feat xlink:href="#sTok574" value="reparandum"/>
		<feat xlink:href="#sTok575" value="cc"/>
		<feat xlink:href="#sTok576" value="conj"/>
		<feat xlink:href="#sTok577" value="punct"/>
		<feat xlink:href="#sTok578" value="root"/>
		<feat xlink:href="#sTok579" value="punct"/>
		<feat xlink:href="#sTok580" value="reparandum"/>
		<feat xlink:href="#sTok581" value="punct"/>
		<feat xlink:href="#sTok582" value="reparandum"/>
		<feat xlink:href="#sTok583" value="discourse"/>
		<feat xlink:href="#sTok584" value="reparandum"/>
		<feat xlink:href="#sTok585" value="advmod"/>
		<feat xlink:href="#sTok586" value="root"/>
		<feat xlink:href="#sTok587" value="expl"/>
		<feat xlink:href="#sTok588" value="det"/>
		<feat xlink:href="#sTok589" value="nsubj"/>
		<feat xlink:href="#sTok590" value="nsubj"/>
		<feat xlink:href="#sTok591" value="advmod"/>
		<feat xlink:href="#sTok592" value="parataxis"/>
		<feat xlink:href="#sTok593" value="punct"/>
		<feat xlink:href="#sTok594" value="nummod"/>
		<feat xlink:href="#sTok595" value="obl:unmarked"/>
		<feat xlink:href="#sTok596" value="nsubj"/>
		<feat xlink:href="#sTok597" value="root"/>
		<feat xlink:href="#sTok598" value="mark"/>
		<feat xlink:href="#sTok599" value="nsubj"/>
		<feat xlink:href="#sTok600" value="aux"/>
		<feat xlink:href="#sTok601" value="advcl"/>
		<feat xlink:href="#sTok602" value="mark"/>
		<feat xlink:href="#sTok603" value="cop"/>
		<feat xlink:href="#sTok604" value="det"/>
		<feat xlink:href="#sTok605" value="xcomp"/>
		<feat xlink:href="#sTok606" value="punct"/>
		<feat xlink:href="#sTok607" value="det"/>
		<feat xlink:href="#sTok608" value="obl:unmarked"/>
		<feat xlink:href="#sTok609" value="nsubj"/>
		<feat xlink:href="#sTok610" value="aux"/>
		<feat xlink:href="#sTok611" value="parataxis"/>
		<feat xlink:href="#sTok612" value="det"/>
		<feat xlink:href="#sTok613" value="obj"/>
		<feat xlink:href="#sTok614" value="cc"/>
		<feat xlink:href="#sTok615" value="nsubj"/>
		<feat xlink:href="#sTok616" value="cop"/>
		<feat xlink:href="#sTok617" value="obl:unmarked"/>
		<feat xlink:href="#sTok618" value="dep"/>
		<feat xlink:href="#sTok619" value="conj"/>
		<feat xlink:href="#sTok620" value="punct"/>
		<feat xlink:href="#sTok621" value="nsubj:pass"/>
		<feat xlink:href="#sTok622" value="aux:pass"/>
		<feat xlink:href="#sTok623" value="root"/>
		<feat xlink:href="#sTok624" value="advmod"/>
		<feat xlink:href="#sTok625" value="discourse"/>
		<feat xlink:href="#sTok626" value="discourse"/>
		<feat xlink:href="#sTok627" value="goeswith"/>
		<feat xlink:href="#sTok628" value="advmod"/>
		<feat xlink:href="#sTok629" value="nsubj"/>
		<feat xlink:href="#sTok630" value="parataxis"/>
		<feat xlink:href="#sTok631" value="obj"/>
		<feat xlink:href="#sTok632" value="punct"/>
		<feat xlink:href="#sTok633" value="discourse"/>
		<feat xlink:href="#sTok634" value="root"/>
		<feat xlink:href="#sTok635" value="det"/>
		<feat xlink:href="#sTok636" value="obj"/>
		<feat xlink:href="#sTok637" value="obl:unmarked"/>
		<feat xlink:href="#sTok638" value="dep"/>
		<feat xlink:href="#sTok639" value="mark"/>
		<feat xlink:href="#sTok640" value="advcl"/>
		<feat xlink:href="#sTok641" value="advmod"/>
		<feat xlink:href="#sTok642" value="obj"/>
		<feat xlink:href="#sTok643" value="det"/>
		<feat xlink:href="#sTok644" value="obl:unmarked"/>
		<feat xlink:href="#sTok645" value="punct"/>
		<feat xlink:href="#sTok646" value="root"/>
		<feat xlink:href="#sTok647" value="flat"/>
		<feat xlink:href="#sTok648" value="flat"/>
		<feat xlink:href="#sTok649" value="punct"/>
		<feat xlink:href="#sTok650" value="parataxis"/>
		<feat xlink:href="#sTok651" value="punct"/>
		<feat xlink:href="#sTok652" value="advmod"/>
		<feat xlink:href="#sTok653" value="reparandum"/>
		<feat xlink:href="#sTok654" value="punct"/>
		<feat xlink:href="#sTok655" value="nsubj"/>
		<feat xlink:href="#sTok656" value="aux"/>
		<feat xlink:href="#sTok657" value="advmod"/>
		<feat xlink:href="#sTok658" value="parataxis"/>
		<feat xlink:href="#sTok659" value="case"/>
		<feat xlink:href="#sTok660" value="det"/>
		<feat xlink:href="#sTok661" value="compound"/>
		<feat xlink:href="#sTok662" value="obl"/>
		<feat xlink:href="#sTok663" value="advmod"/>
		<feat xlink:href="#sTok664" value="punct"/>
		<feat xlink:href="#sTok665" value="cc"/>
		<feat xlink:href="#sTok666" value="discourse"/>
		<feat xlink:href="#sTok667" value="advmod"/>
		<feat xlink:href="#sTok668" value="amod"/>
		<feat xlink:href="#sTok669" value="reparandum"/>
		<feat xlink:href="#sTok670" value="advmod"/>
		<feat xlink:href="#sTok671" value="amod"/>
		<feat xlink:href="#sTok672" value="obl:unmarked"/>
		<feat xlink:href="#sTok673" value="aux"/>
		<feat xlink:href="#sTok674" value="nsubj"/>
		<feat xlink:href="#sTok675" value="conj"/>
		<feat xlink:href="#sTok676" value="mark"/>
		<feat xlink:href="#sTok677" value="xcomp"/>
		<feat xlink:href="#sTok678" value="det"/>
		<feat xlink:href="#sTok679" value="amod"/>
		<feat xlink:href="#sTok680" value="obj"/>
		<feat xlink:href="#sTok681" value="cc"/>
		<feat xlink:href="#sTok682" value="conj"/>
		<feat xlink:href="#sTok683" value="punct"/>
		<feat xlink:href="#sTok684" value="det"/>
		<feat xlink:href="#sTok685" value="nsubj"/>
		<feat xlink:href="#sTok686" value="aux"/>
		<feat xlink:href="#sTok687" value="root"/>
		<feat xlink:href="#sTok688" value="amod"/>
		<feat xlink:href="#sTok689" value="obj"/>
		<feat xlink:href="#sTok690" value="case"/>
		<feat xlink:href="#sTok691" value="nmod:poss"/>
		<feat xlink:href="#sTok692" value="obl"/>
		<feat xlink:href="#sTok693" value="cc"/>
		<feat xlink:href="#sTok694" value="aux"/>
		<feat xlink:href="#sTok695" value="advmod"/>
		<feat xlink:href="#sTok696" value="conj"/>
		<feat xlink:href="#sTok697" value="det"/>
		<feat xlink:href="#sTok698" value="amod"/>
		<feat xlink:href="#sTok699" value="compound"/>
		<feat xlink:href="#sTok700" value="obj"/>
		<feat xlink:href="#sTok701" value="case"/>
		<feat xlink:href="#sTok702" value="det"/>
		<feat xlink:href="#sTok703" value="obl"/>
		<feat xlink:href="#sTok704" value="advmod"/>
		<feat xlink:href="#sTok705" value="det"/>
		<feat xlink:href="#sTok706" value="obl:unmarked"/>
		<feat xlink:href="#sTok707" value="punct"/>
		<feat xlink:href="#sTok708" value="nsubj"/>
		<feat xlink:href="#sTok709" value="aux"/>
		<feat xlink:href="#sTok710" value="parataxis"/>
		<feat xlink:href="#sTok711" value="mark"/>
		<feat xlink:href="#sTok712" value="xcomp"/>
		<feat xlink:href="#sTok713" value="obj"/>
		<feat xlink:href="#sTok714" value="punct"/>
		<feat xlink:href="#sTok715" value="root"/>
		<feat xlink:href="#sTok716" value="mark"/>
		<feat xlink:href="#sTok717" value="nsubj"/>
		<feat xlink:href="#sTok718" value="advcl"/>
		<feat xlink:href="#sTok719" value="xcomp"/>
		<feat xlink:href="#sTok720" value="mark"/>
		<feat xlink:href="#sTok721" value="advcl"/>
		<feat xlink:href="#sTok722" value="case"/>
		<feat xlink:href="#sTok723" value="obl"/>
		<feat xlink:href="#sTok724" value="punct"/>
		<feat xlink:href="#sTok725" value="obl:unmarked"/>
		<feat xlink:href="#sTok726" value="dep"/>
		<feat xlink:href="#sTok727" value="amod"/>
		<feat xlink:href="#sTok728" value="parataxis"/>
		<feat xlink:href="#sTok729" value="punct"/>
		<feat xlink:href="#sTok730" value="nsubj"/>
		<feat xlink:href="#sTok731" value="nsubj"/>
		<feat xlink:href="#sTok732" value="aux"/>
		<feat xlink:href="#sTok733" value="advmod"/>
		<feat xlink:href="#sTok734" value="acl:relcl"/>
		<feat xlink:href="#sTok735" value="punct"/>
		<feat xlink:href="#sTok736" value="conj"/>
		<feat xlink:href="#sTok737" value="nsubj"/>
		<feat xlink:href="#sTok738" value="acl:relcl"/>
		<feat xlink:href="#sTok739" value="det"/>
		<feat xlink:href="#sTok740" value="obj"/>
		<feat xlink:href="#sTok741" value="punct"/>
		<feat xlink:href="#sTok742" value="mark"/>
		<feat xlink:href="#sTok743" value="advcl"/>
		<feat xlink:href="#sTok744" value="obj"/>
		<feat xlink:href="#sTok745" value="xcomp"/>
		<feat xlink:href="#sTok746" value="nsubj"/>
		<feat xlink:href="#sTok747" value="parataxis"/>
		<feat xlink:href="#sTok748" value="mark"/>
		<feat xlink:href="#sTok749" value="xcomp"/>
		<feat xlink:href="#sTok750" value="compound"/>
		<feat xlink:href="#sTok751" value="obj"/>
		<feat xlink:href="#sTok752" value="punct"/>
		<feat xlink:href="#sTok753" value="nsubj"/>
		<feat xlink:href="#sTok754" value="obl:unmarked"/>
		<feat xlink:href="#sTok755" value="reparandum"/>
		<feat xlink:href="#sTok756" value="discourse"/>
		<feat xlink:href="#sTok757" value="cop"/>
		<feat xlink:href="#sTok758" value="acl:relcl"/>
		<feat xlink:href="#sTok759" value="nsubj"/>
		<feat xlink:href="#sTok760" value="cop"/>
		<feat xlink:href="#sTok761" value="parataxis"/>
		<feat xlink:href="#sTok762" value="case"/>
		<feat xlink:href="#sTok763" value="amod"/>
		<feat xlink:href="#sTok764" value="obl"/>
		<feat xlink:href="#sTok765" value="cc"/>
		<feat xlink:href="#sTok766" value="dislocated"/>
		<feat xlink:href="#sTok767" value="det"/>
		<feat xlink:href="#sTok768" value="nsubj"/>
		<feat xlink:href="#sTok769" value="cop"/>
		<feat xlink:href="#sTok770" value="case"/>
		<feat xlink:href="#sTok771" value="amod"/>
		<feat xlink:href="#sTok772" value="conj"/>
		<feat xlink:href="#sTok773" value="punct"/>
		<feat xlink:href="#sTok774" value="cc"/>
		<feat xlink:href="#sTok775" value="mark"/>
		<feat xlink:href="#sTok776" value="nsubj"/>
		<feat xlink:href="#sTok777" value="aux"/>
		<feat xlink:href="#sTok778" value="advcl"/>
		<feat xlink:href="#sTok779" value="mark"/>
		<feat xlink:href="#sTok780" value="xcomp"/>
		<feat xlink:href="#sTok781" value="obj"/>
		<feat xlink:href="#sTok782" value="punct"/>
		<feat xlink:href="#sTok783" value="nsubj"/>
		<feat xlink:href="#sTok784" value="aux"/>
		<feat xlink:href="#sTok785" value="conj"/>
		<feat xlink:href="#sTok786" value="mark"/>
		<feat xlink:href="#sTok787" value="xcomp"/>
		<feat xlink:href="#sTok788" value="obj"/>
		<feat xlink:href="#sTok789" value="xcomp"/>
		<feat xlink:href="#sTok790" value="case"/>
		<feat xlink:href="#sTok791" value="obl"/>
		<feat xlink:href="#sTok792" value="punct"/>
		<feat xlink:href="#sTok793" value="det"/>
		<feat xlink:href="#sTok794" value="root"/>
		<feat xlink:href="#sTok795" value="case"/>
		<feat xlink:href="#sTok796" value="nmod"/>
		<feat xlink:href="#sTok797" value="punct"/>
		<feat xlink:href="#sTok798" value="conj"/>
		<feat xlink:href="#sTok799" value="punct"/>
		<feat xlink:href="#sTok800" value="conj"/>
		<feat xlink:href="#sTok801" value="punct"/>
		<feat xlink:href="#sTok802" value="conj"/>
		<feat xlink:href="#sTok803" value="punct"/>
		<feat xlink:href="#sTok804" value="advmod"/>
		<feat xlink:href="#sTok805" value="advmod"/>
		<feat xlink:href="#sTok806" value="det"/>
		<feat xlink:href="#sTok807" value="amod"/>
		<feat xlink:href="#sTok808" value="compound"/>
		<feat xlink:href="#sTok809" value="parataxis"/>
		<feat xlink:href="#sTok810" value="cc"/>
		<feat xlink:href="#sTok811" value="nsubj"/>
		<feat xlink:href="#sTok812" value="cop"/>
		<feat xlink:href="#sTok813" value="conj"/>
		<feat xlink:href="#sTok814" value="nsubj"/>
		<feat xlink:href="#sTok815" value="aux"/>
		<feat xlink:href="#sTok816" value="acl:relcl"/>
		<feat xlink:href="#sTok817" value="obl"/>
		<feat xlink:href="#sTok818" value="punct"/>
		<feat xlink:href="#sTok819" value="nsubj"/>
		<feat xlink:href="#sTok820" value="root"/>
		<feat xlink:href="#sTok821" value="obj"/>
		<feat xlink:href="#sTok822" value="nsubj"/>
		<feat xlink:href="#sTok823" value="parataxis"/>
		<feat xlink:href="#sTok824" value="obj"/>
		<feat xlink:href="#sTok825" value="advmod"/>
		<feat xlink:href="#sTok826" value="parataxis"/>
		<feat xlink:href="#sTok827" value="nsubj"/>
		<feat xlink:href="#sTok828" value="advcl"/>
		<feat xlink:href="#sTok829" value="obj"/>
		<feat xlink:href="#sTok830" value="compound:prt"/>
		<feat xlink:href="#sTok831" value="cc"/>
		<feat xlink:href="#sTok832" value="nsubj"/>
		<feat xlink:href="#sTok833" value="conj"/>
		<feat xlink:href="#sTok834" value="compound:prt"/>
		<feat xlink:href="#sTok835" value="obj"/>
		<feat xlink:href="#sTok836" value="advmod"/>
		<feat xlink:href="#sTok837" value="nsubj"/>
		<feat xlink:href="#sTok838" value="aux"/>
		<feat xlink:href="#sTok839" value="parataxis"/>
		<feat xlink:href="#sTok840" value="mark"/>
		<feat xlink:href="#sTok841" value="cop"/>
		<feat xlink:href="#sTok842" value="xcomp"/>
		<feat xlink:href="#sTok843" value="punct"/>
		<feat xlink:href="#sTok844" value="nsubj"/>
		<feat xlink:href="#sTok845" value="cop"/>
		<feat xlink:href="#sTok846" value="det"/>
		<feat xlink:href="#sTok847" value="compound"/>
		<feat xlink:href="#sTok848" value="case"/>
		<feat xlink:href="#sTok849" value="nmod"/>
		<feat xlink:href="#sTok850" value="root"/>
		<feat xlink:href="#sTok851" value="punct"/>
		<feat xlink:href="#sTok852" value="nsubj"/>
		<feat xlink:href="#sTok853" value="cop"/>
		<feat xlink:href="#sTok854" value="advmod"/>
		<feat xlink:href="#sTok855" value="det"/>
		<feat xlink:href="#sTok856" value="parataxis"/>
		<feat xlink:href="#sTok857" value="punct"/>
		<feat xlink:href="#sTok858" value="nsubj"/>
		<feat xlink:href="#sTok859" value="root"/>
		<feat xlink:href="#sTok860" value="obj"/>
		<feat xlink:href="#sTok861" value="nsubj"/>
		<feat xlink:href="#sTok862" value="parataxis"/>
		<feat xlink:href="#sTok863" value="obj"/>
		<feat xlink:href="#sTok864" value="case"/>
		<feat xlink:href="#sTok865" value="det"/>
		<feat xlink:href="#sTok866" value="compound"/>
		<feat xlink:href="#sTok867" value="punct"/>
		<feat xlink:href="#sTok868" value="obl"/>
		<feat xlink:href="#sTok869" value="cc"/>
		<feat xlink:href="#sTok870" value="nsubj"/>
		<feat xlink:href="#sTok871" value="advmod"/>
		<feat xlink:href="#sTok872" value="root"/>
		<feat xlink:href="#sTok873" value="mark"/>
		<feat xlink:href="#sTok874" value="xcomp"/>
		<feat xlink:href="#sTok875" value="compound:prt"/>
		<feat xlink:href="#sTok876" value="ccomp"/>
		<feat xlink:href="#sTok877" value="det"/>
		<feat xlink:href="#sTok878" value="compound"/>
		<feat xlink:href="#sTok879" value="nsubj"/>
		<feat xlink:href="#sTok880" value="cop"/>
		<feat xlink:href="#sTok881" value="case"/>
		<feat xlink:href="#sTok882" value="det"/>
		<feat xlink:href="#sTok883" value="compound"/>
		<feat xlink:href="#sTok884" value="obl"/>
		<feat xlink:href="#sTok885" value="det"/>
		<feat xlink:href="#sTok886" value="obl:unmarked"/>
		<feat xlink:href="#sTok887" value="nsubj"/>
		<feat xlink:href="#sTok888" value="parataxis"/>
		<feat xlink:href="#sTok889" value="obj"/>
		<feat xlink:href="#sTok890" value="mark"/>
		<feat xlink:href="#sTok891" value="xcomp"/>
		<feat xlink:href="#sTok892" value="det"/>
		<feat xlink:href="#sTok893" value="obj"/>
		<feat xlink:href="#sTok894" value="nsubj"/>
		<feat xlink:href="#sTok895" value="parataxis"/>
		<feat xlink:href="#sTok896" value="mark"/>
		<feat xlink:href="#sTok897" value="case"/>
		<feat xlink:href="#sTok898" value="det"/>
		<feat xlink:href="#sTok899" value="obl"/>
		<feat xlink:href="#sTok900" value="nsubj"/>
		<feat xlink:href="#sTok901" value="acl:relcl"/>
		<feat xlink:href="#sTok902" value="cc"/>
		<feat xlink:href="#sTok903" value="det"/>
		<feat xlink:href="#sTok904" value="conj"/>
		<feat xlink:href="#sTok905" value="nsubj"/>
		<feat xlink:href="#sTok906" value="acl:relcl"/>
		<feat xlink:href="#sTok907" value="nsubj"/>
		<feat xlink:href="#sTok908" value="aux"/>
		<feat xlink:href="#sTok909" value="aux"/>
		<feat xlink:href="#sTok910" value="ccomp"/>
		<feat xlink:href="#sTok911" value="obj"/>
		<feat xlink:href="#sTok912" value="case"/>
		<feat xlink:href="#sTok913" value="det"/>
		<feat xlink:href="#sTok914" value="obl"/>
		<feat xlink:href="#sTok915" value="cc"/>
		<feat xlink:href="#sTok916" value="nsubj"/>
		<feat xlink:href="#sTok917" value="conj"/>
		<feat xlink:href="#sTok918" value="punct"/></featList></paula>