<?xml version='1.0' encoding='UTF-8'?><!DOCTYPE paula SYSTEM "paula_feat.dtd">
<paula version="1.1">
	<header paula_id="morph.GENTLE_esports_fifa.mark_Mood"/>
	<featList xmlns:xlink="http://www.w3.org/1999/xlink" type="Mood" xml:base="morph.GENTLE_esports_fifa.mark.xml">
		<feat xlink:href="#sSpan463" value="Ind"/>
		<feat xlink:href="#sSpan491" value="Ind"/>
		<feat xlink:href="#sSpan521" value="Ind"/>
		<feat xlink:href="#sSpan534" value="Ind"/>
		<feat xlink:href="#sSpan539" value="Ind"/>
		<feat xlink:href="#sSpan558" value="Ind"/>
		<feat xlink:href="#sSpan571" value="Ind"/>
		<feat xlink:href="#sSpan588" value="Ind"/>
		<feat xlink:href="#sSpan611" value="Ind"/>
		<feat xlink:href="#sSpan620" value="Ind"/>
		<feat xlink:href="#sSpan643" value="Ind"/>
		<feat xlink:href="#sSpan654" value="Ind"/>
		<feat xlink:href="#sSpan666" value="Ind"/>
		<feat xlink:href="#sSpan676" value="Ind"/>
		<feat xlink:href="#sSpan697" value="Ind"/>
		<feat xlink:href="#sSpan727" value="Ind"/>
		<feat xlink:href="#sSpan769" value="Ind"/>
		<feat xlink:href="#sSpan783" value="Ind"/>
		<feat xlink:href="#sSpan801" value="Ind"/>
		<feat xlink:href="#sSpan818" value="Ind"/>
		<feat xlink:href="#sSpan835" value="Ind"/>
		<feat xlink:href="#sSpan844" value="Ind"/>
		<feat xlink:href="#sSpan858" value="Ind"/>
		<feat xlink:href="#sSpan873" value="Ind"/>
		<feat xlink:href="#sSpan908" value="Ind"/>
		<feat xlink:href="#sSpan915" value="Ind"/>
		<feat xlink:href="#sSpan944" value="Ind"/>
		<feat xlink:href="#sSpan952" value="Ind"/>
		<feat xlink:href="#sSpan963" value="Ind"/>
		<feat xlink:href="#sSpan975" value="Ind"/>
		<feat xlink:href="#sSpan984" value="Ind"/>
		<feat xlink:href="#sSpan993" value="Ind"/>
		<feat xlink:href="#sSpan1013" value="Ind"/>
		<feat xlink:href="#sSpan1049" value="Ind"/>
		<feat xlink:href="#sSpan1067" value="Ind"/>
		<feat xlink:href="#sSpan1073" value="Ind"/>
		<feat xlink:href="#sSpan1086" value="Ind"/>
		<feat xlink:href="#sSpan1104" value="Ind"/>
		<feat xlink:href="#sSpan1124" value="Ind"/>
		<feat xlink:href="#sSpan1134" value="Ind"/>
		<feat xlink:href="#sSpan1173" value="Ind"/>
		<feat xlink:href="#sSpan1184" value="Ind"/>
		<feat xlink:href="#sSpan1191" value="Ind"/>
		<feat xlink:href="#sSpan1202" value="Ind"/>
		<feat xlink:href="#sSpan1213" value="Ind"/>
		<feat xlink:href="#sSpan1225" value="Ind"/>
		<feat xlink:href="#sSpan1255" value="Ind"/>
		<feat xlink:href="#sSpan1282" value="Ind"/>
		<feat xlink:href="#sSpan1309" value="Ind"/>
		<feat xlink:href="#sSpan1318" value="Ind"/>
		<feat xlink:href="#sSpan1337" value="Ind"/>
		<feat xlink:href="#sSpan1354" value="Ind"/>
		<feat xlink:href="#sSpan1375" value="Ind"/>
		<feat xlink:href="#sSpan1388" value="Ind"/>
		<feat xlink:href="#sSpan1399" value="Ind"/>
		<feat xlink:href="#sSpan1409" value="Ind"/>
		<feat xlink:href="#sSpan1425" value="Ind"/>
		<feat xlink:href="#sSpan1439" value="Ind"/>
		<feat xlink:href="#sSpan1450" value="Ind"/>
		<feat xlink:href="#sSpan1465" value="Ind"/>
		<feat xlink:href="#sSpan1472" value="Ind"/>
		<feat xlink:href="#sSpan1512" value="Ind"/>
		<feat xlink:href="#sSpan1532" value="Ind"/>
		<feat xlink:href="#sSpan1567" value="Ind"/>
		<feat xlink:href="#sSpan1580" value="Ind"/>
		<feat xlink:href="#sSpan1600" value="Ind"/>
		<feat xlink:href="#sSpan1609" value="Ind"/>
		<feat xlink:href="#sSpan1626" value="Ind"/>
		<feat xlink:href="#sSpan1636" value="Ind"/>
		<feat xlink:href="#sSpan1642" value="Ind"/>
		<feat xlink:href="#sSpan1652" value="Ind"/>
		<feat xlink:href="#sSpan1664" value="Ind"/>
		<feat xlink:href="#sSpan1678" value="Ind"/>
		<feat xlink:href="#sSpan1695" value="Ind"/>
		<feat xlink:href="#sSpan1723" value="Ind"/>
		<feat xlink:href="#sSpan1733" value="Ind"/>
		<feat xlink:href="#sSpan1758" value="Ind"/>
		<feat xlink:href="#sSpan1768" value="Ind"/>
		<feat xlink:href="#sSpan1775" value="Ind"/>
		<feat xlink:href="#sSpan1790" value="Ind"/>
		<feat xlink:href="#sSpan1805" value="Ind"/>
		<feat xlink:href="#sSpan1816" value="Ind"/>
		<feat xlink:href="#sSpan1832" value="Ind"/>
		<feat xlink:href="#sSpan1850" value="Ind"/>
		<feat xlink:href="#sSpan1860" value="Ind"/>
		<feat xlink:href="#sSpan1873" value="Ind"/>
		<feat xlink:href="#sSpan1891" value="Ind"/>
		<feat xlink:href="#sSpan1903" value="Ind"/>
		<feat xlink:href="#sSpan1917" value="Ind"/>
		<feat xlink:href="#sSpan1943" value="Ind"/></featList></paula>