<?xml version='1.0' encoding='UTF-8'?><!DOCTYPE paula SYSTEM "paula_feat.dtd">
<paula version="1.1">
	<header paula_id="morph.GENTLE_esports_fifa.mark_Tense"/>
	<featList xmlns:xlink="http://www.w3.org/1999/xlink" type="Tense" xml:base="morph.GENTLE_esports_fifa.mark.xml">
		<feat xlink:href="#sSpan463" value="Past"/>
		<feat xlink:href="#sSpan490" value="Past"/>
		<feat xlink:href="#sSpan509" value="Pres"/>
		<feat xlink:href="#sSpan521" value="Pres"/>
		<feat xlink:href="#sSpan522" value="Pres"/>
		<feat xlink:href="#sSpan538" value="Pres"/>
		<feat xlink:href="#sSpan543" value="Pres"/>
		<feat xlink:href="#sSpan557" value="Pres"/>
		<feat xlink:href="#sSpan561" value="Past"/>
		<feat xlink:href="#sSpan574" value="Pres"/>
		<feat xlink:href="#sSpan591" value="Pres"/>
		<feat xlink:href="#sSpan593" value="Pres"/>
		<feat xlink:href="#sSpan608" value="Pres"/>
		<feat xlink:href="#sSpan613" value="Pres"/>
		<feat xlink:href="#sSpan616" value="Pres"/>
		<feat xlink:href="#sSpan623" value="Pres"/>
		<feat xlink:href="#sSpan624" value="Past"/>
		<feat xlink:href="#sSpan646" value="Pres"/>
		<feat xlink:href="#sSpan656" value="Pres"/>
		<feat xlink:href="#sSpan667" value="Pres"/>
		<feat xlink:href="#sSpan676" value="Pres"/>
		<feat xlink:href="#sSpan681" value="Pres"/>
		<feat xlink:href="#sSpan688" value="Past"/>
		<feat xlink:href="#sSpan696" value="Pres"/>
		<feat xlink:href="#sSpan700" value="Pres"/>
		<feat xlink:href="#sSpan728" value="Pres"/>
		<feat xlink:href="#sSpan729" value="Past"/>
		<feat xlink:href="#sSpan735" value="Past"/>
		<feat xlink:href="#sSpan739" value="Pres"/>
		<feat xlink:href="#sSpan745" value="Pres"/>
		<feat xlink:href="#sSpan753" value="Pres"/>
		<feat xlink:href="#sSpan769" value="Pres"/>
		<feat xlink:href="#sSpan773" value="Past"/>
		<feat xlink:href="#sSpan783" value="Pres"/>
		<feat xlink:href="#sSpan788" value="Past"/>
		<feat xlink:href="#sSpan805" value="Pres"/>
		<feat xlink:href="#sSpan817" value="Past"/>
		<feat xlink:href="#sSpan821" value="Pres"/>
		<feat xlink:href="#sSpan832" value="Pres"/>
		<feat xlink:href="#sSpan841" value="Pres"/>
		<feat xlink:href="#sSpan854" value="Pres"/>
		<feat xlink:href="#sSpan860" value="Pres"/>
		<feat xlink:href="#sSpan863" value="Pres"/>
		<feat xlink:href="#sSpan873" value="Pres"/>
		<feat xlink:href="#sSpan907" value="Past"/>
		<feat xlink:href="#sSpan919" value="Pres"/>
		<feat xlink:href="#sSpan920" value="Pres"/>
		<feat xlink:href="#sSpan943" value="Pres"/>
		<feat xlink:href="#sSpan949" value="Past"/>
		<feat xlink:href="#sSpan960" value="Pres"/>
		<feat xlink:href="#sSpan965" value="Past"/>
		<feat xlink:href="#sSpan975" value="Pres"/>
		<feat xlink:href="#sSpan985" value="Past"/>
		<feat xlink:href="#sSpan994" value="Past"/>
		<feat xlink:href="#sSpan998" value="Pres"/>
		<feat xlink:href="#sSpan1013" value="Pres"/>
		<feat xlink:href="#sSpan1037" value="Pres"/>
		<feat xlink:href="#sSpan1052" value="Pres"/>
		<feat xlink:href="#sSpan1066" value="Pres"/>
		<feat xlink:href="#sSpan1074" value="Past"/>
		<feat xlink:href="#sSpan1087" value="Past"/>
		<feat xlink:href="#sSpan1093" value="Pres"/>
		<feat xlink:href="#sSpan1107" value="Pres"/>
		<feat xlink:href="#sSpan1108" value="Pres"/>
		<feat xlink:href="#sSpan1122" value="Pres"/>
		<feat xlink:href="#sSpan1133" value="Pres"/>
		<feat xlink:href="#sSpan1137" value="Pres"/>
		<feat xlink:href="#sSpan1170" value="Pres"/>
		<feat xlink:href="#sSpan1184" value="Pres"/>
		<feat xlink:href="#sSpan1195" value="Pres"/>
		<feat xlink:href="#sSpan1203" value="Pres"/>
		<feat xlink:href="#sSpan1209" value="Pres"/>
		<feat xlink:href="#sSpan1214" value="Pres"/>
		<feat xlink:href="#sSpan1221" value="Pres"/>
		<feat xlink:href="#sSpan1231" value="Past"/>
		<feat xlink:href="#sSpan1253" value="Pres"/>
		<feat xlink:href="#sSpan1259" value="Pres"/>
		<feat xlink:href="#sSpan1282" value="Past"/>
		<feat xlink:href="#sSpan1291" value="Past"/>
		<feat xlink:href="#sSpan1310" value="Pres"/>
		<feat xlink:href="#sSpan1319" value="Past"/>
		<feat xlink:href="#sSpan1336" value="Past"/>
		<feat xlink:href="#sSpan1344" value="Pres"/>
		<feat xlink:href="#sSpan1355" value="Pres"/>
		<feat xlink:href="#sSpan1378" value="Pres"/>
		<feat xlink:href="#sSpan1385" value="Past"/>
		<feat xlink:href="#sSpan1401" value="Past"/>
		<feat xlink:href="#sSpan1410" value="Past"/>
		<feat xlink:href="#sSpan1413" value="Pres"/>
		<feat xlink:href="#sSpan1427" value="Pres"/>
		<feat xlink:href="#sSpan1429" value="Pres"/>
		<feat xlink:href="#sSpan1442" value="Pres"/>
		<feat xlink:href="#sSpan1450" value="Pres"/>
		<feat xlink:href="#sSpan1456" value="Past"/>
		<feat xlink:href="#sSpan1462" value="Past"/>
		<feat xlink:href="#sSpan1472" value="Pres"/>
		<feat xlink:href="#sSpan1481" value="Pres"/>
		<feat xlink:href="#sSpan1509" value="Pres"/>
		<feat xlink:href="#sSpan1520" value="Pres"/>
		<feat xlink:href="#sSpan1530" value="Pres"/>
		<feat xlink:href="#sSpan1535" value="Past"/>
		<feat xlink:href="#sSpan1563" value="Pres"/>
		<feat xlink:href="#sSpan1569" value="Pres"/>
		<feat xlink:href="#sSpan1580" value="Pres"/>
		<feat xlink:href="#sSpan1582" value="Past"/>
		<feat xlink:href="#sSpan1585" value="Pres"/>
		<feat xlink:href="#sSpan1600" value="Past"/>
		<feat xlink:href="#sSpan1611" value="Past"/>
		<feat xlink:href="#sSpan1626" value="Pres"/>
		<feat xlink:href="#sSpan1637" value="Pres"/>
		<feat xlink:href="#sSpan1639" value="Pres"/>
		<feat xlink:href="#sSpan1651" value="Pres"/>
		<feat xlink:href="#sSpan1663" value="Pres"/>
		<feat xlink:href="#sSpan1679" value="Pres"/>
		<feat xlink:href="#sSpan1681" value="Pres"/>
		<feat xlink:href="#sSpan1696" value="Pres"/>
		<feat xlink:href="#sSpan1698" value="Pres"/>
		<feat xlink:href="#sSpan1724" value="Pres"/>
		<feat xlink:href="#sSpan1734" value="Pres"/>
		<feat xlink:href="#sSpan1737" value="Pres"/>
		<feat xlink:href="#sSpan1741" value="Pres"/>
		<feat xlink:href="#sSpan1746" value="Pres"/>
		<feat xlink:href="#sSpan1754" value="Past"/>
		<feat xlink:href="#sSpan1768" value="Past"/>
		<feat xlink:href="#sSpan1778" value="Pres"/>
		<feat xlink:href="#sSpan1781" value="Pres"/>
		<feat xlink:href="#sSpan1794" value="Pres"/>
		<feat xlink:href="#sSpan1803" value="Past"/>
		<feat xlink:href="#sSpan1814" value="Past"/>
		<feat xlink:href="#sSpan1832" value="Past"/>
		<feat xlink:href="#sSpan1847" value="Pres"/>
		<feat xlink:href="#sSpan1861" value="Past"/>
		<feat xlink:href="#sSpan1873" value="Past"/>
		<feat xlink:href="#sSpan1891" value="Past"/>
		<feat xlink:href="#sSpan1905" value="Past"/>
		<feat xlink:href="#sSpan1914" value="Past"/>
		<feat xlink:href="#sSpan1925" value="Past"/>
		<feat xlink:href="#sSpan1941" value="Past"/></featList></paula>