<?xml version='1.0' encoding='UTF-8'?><!DOCTYPE paula SYSTEM "paula_feat.dtd">
<paula version="1.1">
	<header paula_id="morph.GENTLE_esports_fifa.mark_Style"/>
	<featList xmlns:xlink="http://www.w3.org/1999/xlink" type="Style" xml:base="morph.GENTLE_esports_fifa.mark.xml">
		<feat xlink:href="#sSpan523" value="Vrnc"/>
		<feat xlink:href="#sSpan612" value="Vrnc"/>
		<feat xlink:href="#sSpan680" value="Vrnc"/>
		<feat xlink:href="#sSpan702" value="Vrnc"/>
		<feat xlink:href="#sSpan822" value="Vrnc"/>
		<feat xlink:href="#sSpan922" value="Vrnc"/>
		<feat xlink:href="#sSpan999" value="Vrnc"/>
		<feat xlink:href="#sSpan1094" value="Vrnc"/>
		<feat xlink:href="#sSpan1136" value="Vrnc"/>
		<feat xlink:href="#sSpan1260" value="Vrnc"/>
		<feat xlink:href="#sSpan1415" value="Vrnc"/>
		<feat xlink:href="#sSpan1519" value="Vrnc"/>
		<feat xlink:href="#sSpan1682" value="Vrnc"/>
		<feat xlink:href="#sSpan1699" value="Vrnc"/>
		<feat xlink:href="#sSpan1780" value="Vrnc"/></featList></paula>