<?xml version='1.0' encoding='UTF-8'?><!DOCTYPE paula SYSTEM "paula_feat.dtd">
<paula version="1.1">
	<header paula_id="morph.GENTLE_esports_fifa.mark_Definite"/>
	<featList xmlns:xlink="http://www.w3.org/1999/xlink" type="Definite" xml:base="morph.GENTLE_esports_fifa.mark.xml">
		<feat xlink:href="#sSpan472" value="Def"/>
		<feat xlink:href="#sSpan479" value="Def"/>
		<feat xlink:href="#sSpan502" value="Def"/>
		<feat xlink:href="#sSpan510" value="Def"/>
		<feat xlink:href="#sSpan547" value="Def"/>
		<feat xlink:href="#sSpan578" value="Def"/>
		<feat xlink:href="#sSpan585" value="Def"/>
		<feat xlink:href="#sSpan599" value="Def"/>
		<feat xlink:href="#sSpan648" value="Def"/>
		<feat xlink:href="#sSpan685" value="Ind"/>
		<feat xlink:href="#sSpan712" value="Def"/>
		<feat xlink:href="#sSpan732" value="Ind"/>
		<feat xlink:href="#sSpan761" value="Ind"/>
		<feat xlink:href="#sSpan776" value="Def"/>
		<feat xlink:href="#sSpan791" value="Def"/>
		<feat xlink:href="#sSpan814" value="Def"/>
		<feat xlink:href="#sSpan827" value="Def"/>
		<feat xlink:href="#sSpan846" value="Def"/>
		<feat xlink:href="#sSpan897" value="Def"/>
		<feat xlink:href="#sSpan1003" value="Ind"/>
		<feat xlink:href="#sSpan1078" value="Def"/>
		<feat xlink:href="#sSpan1114" value="Def"/>
		<feat xlink:href="#sSpan1197" value="Ind"/>
		<feat xlink:href="#sSpan1297" value="Ind"/>
		<feat xlink:href="#sSpan1302" value="Def"/>
		<feat xlink:href="#sSpan1322" value="Ind"/>
		<feat xlink:href="#sSpan1365" value="Ind"/>
		<feat xlink:href="#sSpan1381" value="Ind"/>
		<feat xlink:href="#sSpan1418" value="Ind"/>
		<feat xlink:href="#sSpan1420" value="Def"/>
		<feat xlink:href="#sSpan1432" value="Ind"/>
		<feat xlink:href="#sSpan1475" value="Def"/>
		<feat xlink:href="#sSpan1498" value="Def"/>
		<feat xlink:href="#sSpan1522" value="Ind"/>
		<feat xlink:href="#sSpan1549" value="Ind"/>
		<feat xlink:href="#sSpan1554" value="Def"/>
		<feat xlink:href="#sSpan1557" value="Ind"/>
		<feat xlink:href="#sSpan1615" value="Ind"/>
		<feat xlink:href="#sSpan1661" value="Def"/>
		<feat xlink:href="#sSpan1716" value="Def"/>
		<feat xlink:href="#sSpan1795" value="Ind"/>
		<feat xlink:href="#sSpan1839" value="Def"/>
		<feat xlink:href="#sSpan1854" value="Def"/>
		<feat xlink:href="#sSpan1862" value="Def"/>
		<feat xlink:href="#sSpan1884" value="Def"/>
		<feat xlink:href="#sSpan1896" value="Def"/>
		<feat xlink:href="#sSpan1907" value="Def"/>
		<feat xlink:href="#sSpan1933" value="Def"/></featList></paula>