<?xml version='1.0' encoding='UTF-8'?><!DOCTYPE paula SYSTEM "paula_feat.dtd">
<paula version="1.1">
	<header paula_id="morph.GENTLE_esports_fifa.mark_NumType"/>
	<featList xmlns:xlink="http://www.w3.org/1999/xlink" type="NumType" xml:base="morph.GENTLE_esports_fifa.mark.xml">
		<feat xlink:href="#sSpan474" value="Ord"/>
		<feat xlink:href="#sSpan504" value="Ord"/>
		<feat xlink:href="#sSpan526" value="Card"/>
		<feat xlink:href="#sSpan564" value="Ord"/>
		<feat xlink:href="#sSpan581" value="Ord"/>
		<feat xlink:href="#sSpan598" value="Card"/>
		<feat xlink:href="#sSpan705" value="Card"/>
		<feat xlink:href="#sSpan709" value="Card"/>
		<feat xlink:href="#sSpan747" value="Card"/>
		<feat xlink:href="#sSpan749" value="Card"/>
		<feat xlink:href="#sSpan793" value="Card"/>
		<feat xlink:href="#sSpan812" value="Card"/>
		<feat xlink:href="#sSpan956" value="Card"/>
		<feat xlink:href="#sSpan1155" value="Ord"/>
		<feat xlink:href="#sSpan1391" value="Card"/>
		<feat xlink:href="#sSpan1443" value="Card"/>
		<feat xlink:href="#sSpan1445" value="Card"/>
		<feat xlink:href="#sSpan1478" value="Card"/>
		<feat xlink:href="#sSpan1480" value="Card"/>
		<feat xlink:href="#sSpan1587" value="Card"/>
		<feat xlink:href="#sSpan1656" value="Ord"/>
		<feat xlink:href="#sSpan1668" value="Ord"/>
		<feat xlink:href="#sSpan1743" value="Card"/>
		<feat xlink:href="#sSpan1747" value="Card"/>
		<feat xlink:href="#sSpan1797" value="Card"/>
		<feat xlink:href="#sSpan1799" value="Card"/></featList></paula>