<?xml version='1.0' encoding='UTF-8'?><!DOCTYPE paula SYSTEM "paula_feat.dtd">
<paula version="1.1">
	<header paula_id="morph.GENTLE_esports_fifa.mark_Degree"/>
	<featList xmlns:xlink="http://www.w3.org/1999/xlink" type="Degree" xml:base="morph.GENTLE_esports_fifa.mark.xml">
		<feat xlink:href="#sSpan453" value="Pos"/>
		<feat xlink:href="#sSpan455" value="Pos"/>
		<feat xlink:href="#sSpan476" value="Pos"/>
		<feat xlink:href="#sSpan506" value="Pos"/>
		<feat xlink:href="#sSpan545" value="Pos"/>
		<feat xlink:href="#sSpan548" value="Pos"/>
		<feat xlink:href="#sSpan563" value="Pos"/>
		<feat xlink:href="#sSpan580" value="Pos"/>
		<feat xlink:href="#sSpan596" value="Pos"/>
		<feat xlink:href="#sSpan601" value="Sup"/>
		<feat xlink:href="#sSpan668" value="Pos"/>
		<feat xlink:href="#sSpan683" value="Pos"/>
		<feat xlink:href="#sSpan762" value="Pos"/>
		<feat xlink:href="#sSpan775" value="Cmp"/>
		<feat xlink:href="#sSpan789" value="Pos"/>
		<feat xlink:href="#sSpan796" value="Pos"/>
		<feat xlink:href="#sSpan825" value="Pos"/>
		<feat xlink:href="#sSpan836" value="Pos"/>
		<feat xlink:href="#sSpan837" value="Pos"/>
		<feat xlink:href="#sSpan838" value="Pos"/>
		<feat xlink:href="#sSpan847" value="Pos"/>
		<feat xlink:href="#sSpan898" value="Pos"/>
		<feat xlink:href="#sSpan924" value="Pos"/>
		<feat xlink:href="#sSpan945" value="Pos"/>
		<feat xlink:href="#sSpan954" value="Pos"/>
		<feat xlink:href="#sSpan1004" value="Pos"/>
		<feat xlink:href="#sSpan1005" value="Pos"/>
		<feat xlink:href="#sSpan1017" value="Pos"/>
		<feat xlink:href="#sSpan1018" value="Pos"/>
		<feat xlink:href="#sSpan1036" value="Pos"/>
		<feat xlink:href="#sSpan1057" value="Pos"/>
		<feat xlink:href="#sSpan1111" value="Pos"/>
		<feat xlink:href="#sSpan1141" value="Pos"/>
		<feat xlink:href="#sSpan1154" value="Pos"/>
		<feat xlink:href="#sSpan1157" value="Pos"/>
		<feat xlink:href="#sSpan1164" value="Pos"/>
		<feat xlink:href="#sSpan1165" value="Pos"/>
		<feat xlink:href="#sSpan1198" value="Pos"/>
		<feat xlink:href="#sSpan1217" value="Pos"/>
		<feat xlink:href="#sSpan1218" value="Pos"/>
		<feat xlink:href="#sSpan1226" value="Pos"/>
		<feat xlink:href="#sSpan1241" value="Pos"/>
		<feat xlink:href="#sSpan1299" value="Pos"/>
		<feat xlink:href="#sSpan1325" value="Pos"/>
		<feat xlink:href="#sSpan1372" value="Pos"/>
		<feat xlink:href="#sSpan1422" value="Pos"/>
		<feat xlink:href="#sSpan1447" value="Pos"/>
		<feat xlink:href="#sSpan1457" value="Pos"/>
		<feat xlink:href="#sSpan1460" value="Pos"/>
		<feat xlink:href="#sSpan1483" value="Pos"/>
		<feat xlink:href="#sSpan1495" value="Pos"/>
		<feat xlink:href="#sSpan1501" value="Pos"/>
		<feat xlink:href="#sSpan1503" value="Pos"/>
		<feat xlink:href="#sSpan1506" value="Pos"/>
		<feat xlink:href="#sSpan1524" value="Pos"/>
		<feat xlink:href="#sSpan1537" value="Pos"/>
		<feat xlink:href="#sSpan1550" value="Pos"/>
		<feat xlink:href="#sSpan1590" value="Pos"/>
		<feat xlink:href="#sSpan1619" value="Cmp"/>
		<feat xlink:href="#sSpan1644" value="Pos"/>
		<feat xlink:href="#sSpan1654" value="Pos"/>
		<feat xlink:href="#sSpan1657" value="Pos"/>
		<feat xlink:href="#sSpan1662" value="Pos"/>
		<feat xlink:href="#sSpan1669" value="Pos"/>
		<feat xlink:href="#sSpan1706" value="Pos"/>
		<feat xlink:href="#sSpan1713" value="Pos"/>
		<feat xlink:href="#sSpan1717" value="Sup"/>
		<feat xlink:href="#sSpan1749" value="Pos"/>
		<feat xlink:href="#sSpan1784" value="Pos"/></featList></paula>