<?xml version='1.0' encoding='UTF-8'?><!DOCTYPE paula SYSTEM "paula_feat.dtd">
<paula version="1.1">
	<header paula_id="morph.GENTLE_esports_fifa.mark_NumForm"/>
	<featList xmlns:xlink="http://www.w3.org/1999/xlink" type="NumForm" xml:base="morph.GENTLE_esports_fifa.mark.xml">
		<feat xlink:href="#sSpan476" value="Word"/>
		<feat xlink:href="#sSpan504" value="Word"/>
		<feat xlink:href="#sSpan526" value="Word"/>
		<feat xlink:href="#sSpan565" value="Combi"/>
		<feat xlink:href="#sSpan580" value="Word"/>
		<feat xlink:href="#sSpan597" value="Word"/>
		<feat xlink:href="#sSpan705" value="Word"/>
		<feat xlink:href="#sSpan709" value="Word"/>
		<feat xlink:href="#sSpan747" value="Digit"/>
		<feat xlink:href="#sSpan748" value="Digit"/>
		<feat xlink:href="#sSpan794" value="Digit"/>
		<feat xlink:href="#sSpan811" value="Digit"/>
		<feat xlink:href="#sSpan956" value="Word"/>
		<feat xlink:href="#sSpan1154" value="Word"/>
		<feat xlink:href="#sSpan1391" value="Word"/>
		<feat xlink:href="#sSpan1443" value="Word"/>
		<feat xlink:href="#sSpan1446" value="Word"/>
		<feat xlink:href="#sSpan1477" value="Word"/>
		<feat xlink:href="#sSpan1480" value="Word"/>
		<feat xlink:href="#sSpan1587" value="Word"/>
		<feat xlink:href="#sSpan1657" value="Combi"/>
		<feat xlink:href="#sSpan1669" value="Combi"/>
		<feat xlink:href="#sSpan1743" value="Word"/>
		<feat xlink:href="#sSpan1748" value="Word"/>
		<feat xlink:href="#sSpan1797" value="Digit"/>
		<feat xlink:href="#sSpan1800" value="Digit"/></featList></paula>