<?xml version='1.0' encoding='UTF-8'?><!DOCTYPE paula SYSTEM "paula_feat.dtd">
<paula version="1.1">
	<header paula_id="morph.GENTLE_esports_fifa.mark_Number"/>
	<featList xmlns:xlink="http://www.w3.org/1999/xlink" type="Number" xml:base="morph.GENTLE_esports_fifa.mark.xml">
		<feat xlink:href="#sSpan454" value="Plur"/>
		<feat xlink:href="#sSpan456" value="Sing"/>
		<feat xlink:href="#sSpan458" value="Sing"/>
		<feat xlink:href="#sSpan460" value="Plur"/>
		<feat xlink:href="#sSpan464" value="Plur"/>
		<feat xlink:href="#sSpan470" value="Plur"/>
		<feat xlink:href="#sSpan477" value="Sing"/>
		<feat xlink:href="#sSpan480" value="Plur"/>
		<feat xlink:href="#sSpan481" value="Sing"/>
		<feat xlink:href="#sSpan482" value="Plur"/>
		<feat xlink:href="#sSpan487" value="Plur"/>
		<feat xlink:href="#sSpan492" value="Plur"/>
		<feat xlink:href="#sSpan497" value="Sing"/>
		<feat xlink:href="#sSpan498" value="Plur"/>
		<feat xlink:href="#sSpan507" value="Sing"/>
		<feat xlink:href="#sSpan512" value="Plur"/>
		<feat xlink:href="#sSpan513" value="Sing"/>
		<feat xlink:href="#sSpan514" value="Sing"/>
		<feat xlink:href="#sSpan515" value="Sing"/>
		<feat xlink:href="#sSpan516" value="Sing"/>
		<feat xlink:href="#sSpan518" value="Sing"/>
		<feat xlink:href="#sSpan528" value="Plur"/>
		<feat xlink:href="#sSpan532" value="Sing"/>
		<feat xlink:href="#sSpan536" value="Sing"/>
		<feat xlink:href="#sSpan543" value="Plur"/>
		<feat xlink:href="#sSpan549" value="Sing"/>
		<feat xlink:href="#sSpan550" value="Plur"/>
		<feat xlink:href="#sSpan551" value="Plur"/>
		<feat xlink:href="#sSpan559" value="Plur"/>
		<feat xlink:href="#sSpan566" value="Sing"/>
		<feat xlink:href="#sSpan569" value="Plur"/>
		<feat xlink:href="#sSpan572" value="Plur"/>
		<feat xlink:href="#sSpan576" value="Sing"/>
		<feat xlink:href="#sSpan577" value="Sing"/>
		<feat xlink:href="#sSpan583" value="Sing"/>
		<feat xlink:href="#sSpan586" value="Plur"/>
		<feat xlink:href="#sSpan591" value="Sing"/>
		<feat xlink:href="#sSpan602" value="Plur"/>
		<feat xlink:href="#sSpan606" value="Sing"/>
		<feat xlink:href="#sSpan610" value="Sing"/>
		<feat xlink:href="#sSpan618" value="Sing"/>
		<feat xlink:href="#sSpan622" value="Sing"/>
		<feat xlink:href="#sSpan626" value="Sing"/>
		<feat xlink:href="#sSpan631" value="Plur"/>
		<feat xlink:href="#sSpan635" value="Sing"/>
		<feat xlink:href="#sSpan636" value="Sing"/>
		<feat xlink:href="#sSpan637" value="Sing"/>
		<feat xlink:href="#sSpan638" value="Sing"/>
		<feat xlink:href="#sSpan644" value="Sing"/>
		<feat xlink:href="#sSpan649" value="Sing"/>
		<feat xlink:href="#sSpan651" value="Plur"/>
		<feat xlink:href="#sSpan656" value="Plur"/>
		<feat xlink:href="#sSpan661" value="Plur"/>
		<feat xlink:href="#sSpan664" value="Plur"/>
		<feat xlink:href="#sSpan669" value="Sing"/>
		<feat xlink:href="#sSpan670" value="Plur"/>
		<feat xlink:href="#sSpan677" value="Plur"/>
		<feat xlink:href="#sSpan689" value="Sing"/>
		<feat xlink:href="#sSpan690" value="Sing"/>
		<feat xlink:href="#sSpan691" value="Plur"/>
		<feat xlink:href="#sSpan698" value="Plur"/>
		<feat xlink:href="#sSpan706" value="Plur"/>
		<feat xlink:href="#sSpan710" value="Plur"/>
		<feat xlink:href="#sSpan714" value="Sing"/>
		<feat xlink:href="#sSpan716" value="Plur"/>
		<feat xlink:href="#sSpan717" value="Sing"/>
		<feat xlink:href="#sSpan719" value="Sing"/>
		<feat xlink:href="#sSpan720" value="Plur"/>
		<feat xlink:href="#sSpan725" value="Plur"/>
		<feat xlink:href="#sSpan736" value="Sing"/>
		<feat xlink:href="#sSpan737" value="Sing"/>
		<feat xlink:href="#sSpan740" value="Sing"/>
		<feat xlink:href="#sSpan741" value="Sing"/>
		<feat xlink:href="#sSpan742" value="Sing"/>
		<feat xlink:href="#sSpan743" value="Sing"/>
		<feat xlink:href="#sSpan750" value="Sing"/>
		<feat xlink:href="#sSpan751" value="Sing"/>
		<feat xlink:href="#sSpan757" value="Sing"/>
		<feat xlink:href="#sSpan763" value="Sing"/>
		<feat xlink:href="#sSpan766" value="Sing"/>
		<feat xlink:href="#sSpan770" value="Sing"/>
		<feat xlink:href="#sSpan778" value="Sing"/>
		<feat xlink:href="#sSpan779" value="Sing"/>
		<feat xlink:href="#sSpan780" value="Sing"/>
		<feat xlink:href="#sSpan782" value="Sing"/>
		<feat xlink:href="#sSpan792" value="Sing"/>
		<feat xlink:href="#sSpan795" value="Plur"/>
		<feat xlink:href="#sSpan800" value="Plur"/>
		<feat xlink:href="#sSpan805" value="Sing"/>
		<feat xlink:href="#sSpan806" value="Sing"/>
		<feat xlink:href="#sSpan810" value="Plur"/>
		<feat xlink:href="#sSpan815" value="Sing"/>
		<feat xlink:href="#sSpan820" value="Sing"/>
		<feat xlink:href="#sSpan829" value="Sing"/>
		<feat xlink:href="#sSpan830" value="Sing"/>
		<feat xlink:href="#sSpan832" value="Sing"/>
		<feat xlink:href="#sSpan839" value="Sing"/>
		<feat xlink:href="#sSpan843" value="Sing"/>
		<feat xlink:href="#sSpan848" value="Sing"/>
		<feat xlink:href="#sSpan851" value="Sing"/>
		<feat xlink:href="#sSpan855" value="Sing"/>
		<feat xlink:href="#sSpan864" value="Sing"/>
		<feat xlink:href="#sSpan866" value="Sing"/>
		<feat xlink:href="#sSpan867" value="Sing"/>
		<feat xlink:href="#sSpan875" value="Sing"/>
		<feat xlink:href="#sSpan877" value="Sing"/>
		<feat xlink:href="#sSpan879" value="Sing"/>
		<feat xlink:href="#sSpan887" value="Plur"/>
		<feat xlink:href="#sSpan891" value="Sing"/>
		<feat xlink:href="#sSpan892" value="Plur"/>
		<feat xlink:href="#sSpan893" value="Sing"/>
		<feat xlink:href="#sSpan895" value="Sing"/>
		<feat xlink:href="#sSpan899" value="Sing"/>
		<feat xlink:href="#sSpan903" value="Sing"/>
		<feat xlink:href="#sSpan906" value="Sing"/>
		<feat xlink:href="#sSpan910" value="Sing"/>
		<feat xlink:href="#sSpan913" value="Sing"/>
		<feat xlink:href="#sSpan919" value="Sing"/>
		<feat xlink:href="#sSpan928" value="Sing"/>
		<feat xlink:href="#sSpan931" value="Sing"/>
		<feat xlink:href="#sSpan932" value="Sing"/>
		<feat xlink:href="#sSpan934" value="Sing"/>
		<feat xlink:href="#sSpan935" value="Sing"/>
		<feat xlink:href="#sSpan943" value="Sing"/>
		<feat xlink:href="#sSpan946" value="Sing"/>
		<feat xlink:href="#sSpan947" value="Sing"/>
		<feat xlink:href="#sSpan948" value="Sing"/>
		<feat xlink:href="#sSpan953" value="Sing"/>
		<feat xlink:href="#sSpan957" value="Plur"/>
		<feat xlink:href="#sSpan959" value="Sing"/>
		<feat xlink:href="#sSpan967" value="Sing"/>
		<feat xlink:href="#sSpan972" value="Sing"/>
		<feat xlink:href="#sSpan979" value="Sing"/>
		<feat xlink:href="#sSpan986" value="Sing"/>
		<feat xlink:href="#sSpan987" value="Sing"/>
		<feat xlink:href="#sSpan994" value="Sing"/>
		<feat xlink:href="#sSpan1006" value="Sing"/>
		<feat xlink:href="#sSpan1009" value="Sing"/>
		<feat xlink:href="#sSpan1012" value="Sing"/>
		<feat xlink:href="#sSpan1021" value="Sing"/>
		<feat xlink:href="#sSpan1030" value="Sing"/>
		<feat xlink:href="#sSpan1033" value="Plur"/>
		<feat xlink:href="#sSpan1035" value="Sing"/>
		<feat xlink:href="#sSpan1039" value="Sing"/>
		<feat xlink:href="#sSpan1040" value="Sing"/>
		<feat xlink:href="#sSpan1041" value="Sing"/>
		<feat xlink:href="#sSpan1042" value="Sing"/>
		<feat xlink:href="#sSpan1043" value="Sing"/>
		<feat xlink:href="#sSpan1044" value="Sing"/>
		<feat xlink:href="#sSpan1048" value="Plur"/>
		<feat xlink:href="#sSpan1052" value="Plur"/>
		<feat xlink:href="#sSpan1054" value="Sing"/>
		<feat xlink:href="#sSpan1055" value="Sing"/>
		<feat xlink:href="#sSpan1056" value="Sing"/>
		<feat xlink:href="#sSpan1058" value="Sing"/>
		<feat xlink:href="#sSpan1061" value="Plur"/>
		<feat xlink:href="#sSpan1064" value="Plur"/>
		<feat xlink:href="#sSpan1068" value="Sing"/>
		<feat xlink:href="#sSpan1069" value="Sing"/>
		<feat xlink:href="#sSpan1077" value="Sing"/>
		<feat xlink:href="#sSpan1080" value="Sing"/>
		<feat xlink:href="#sSpan1081" value="Sing"/>
		<feat xlink:href="#sSpan1088" value="Sing"/>
		<feat xlink:href="#sSpan1096" value="Sing"/>
		<feat xlink:href="#sSpan1098" value="Sing"/>
		<feat xlink:href="#sSpan1099" value="Sing"/>
		<feat xlink:href="#sSpan1103" value="Sing"/>
		<feat xlink:href="#sSpan1112" value="Sing"/>
		<feat xlink:href="#sSpan1115" value="Plur"/>
		<feat xlink:href="#sSpan1116" value="Sing"/>
		<feat xlink:href="#sSpan1119" value="Sing"/>
		<feat xlink:href="#sSpan1123" value="Sing"/>
		<feat xlink:href="#sSpan1126" value="Plur"/>
		<feat xlink:href="#sSpan1131" value="Plur"/>
		<feat xlink:href="#sSpan1143" value="Sing"/>
		<feat xlink:href="#sSpan1151" value="Plur"/>
		<feat xlink:href="#sSpan1156" value="Sing"/>
		<feat xlink:href="#sSpan1158" value="Sing"/>
		<feat xlink:href="#sSpan1163" value="Sing"/>
		<feat xlink:href="#sSpan1166" value="Plur"/>
		<feat xlink:href="#sSpan1174" value="Plur"/>
		<feat xlink:href="#sSpan1175" value="Sing"/>
		<feat xlink:href="#sSpan1180" value="Plur"/>
		<feat xlink:href="#sSpan1185" value="Plur"/>
		<feat xlink:href="#sSpan1187" value="Sing"/>
		<feat xlink:href="#sSpan1188" value="Sing"/>
		<feat xlink:href="#sSpan1189" value="Sing"/>
		<feat xlink:href="#sSpan1195" value="Sing"/>
		<feat xlink:href="#sSpan1199" value="Sing"/>
		<feat xlink:href="#sSpan1200" value="Sing"/>
		<feat xlink:href="#sSpan1206" value="Sing"/>
		<feat xlink:href="#sSpan1207" value="Sing"/>
		<feat xlink:href="#sSpan1210" value="Sing"/>
		<feat xlink:href="#sSpan1211" value="Sing"/>
		<feat xlink:href="#sSpan1215" value="Sing"/>
		<feat xlink:href="#sSpan1219" value="Sing"/>
		<feat xlink:href="#sSpan1223" value="Sing"/>
		<feat xlink:href="#sSpan1227" value="Sing"/>
		<feat xlink:href="#sSpan1228" value="Sing"/>
		<feat xlink:href="#sSpan1234" value="Sing"/>
		<feat xlink:href="#sSpan1235" value="Sing"/>
		<feat xlink:href="#sSpan1238" value="Sing"/>
		<feat xlink:href="#sSpan1242" value="Sing"/>
		<feat xlink:href="#sSpan1243" value="Sing"/>
		<feat xlink:href="#sSpan1244" value="Sing"/>
		<feat xlink:href="#sSpan1245" value="Sing"/>
		<feat xlink:href="#sSpan1246" value="Sing"/>
		<feat xlink:href="#sSpan1247" value="Sing"/>
		<feat xlink:href="#sSpan1252" value="Sing"/>
		<feat xlink:href="#sSpan1254" value="Sing"/>
		<feat xlink:href="#sSpan1266" value="Sing"/>
		<feat xlink:href="#sSpan1272" value="Sing"/>
		<feat xlink:href="#sSpan1277" value="Sing"/>
		<feat xlink:href="#sSpan1280" value="Sing"/>
		<feat xlink:href="#sSpan1287" value="Sing"/>
		<feat xlink:href="#sSpan1294" value="Sing"/>
		<feat xlink:href="#sSpan1300" value="Sing"/>
		<feat xlink:href="#sSpan1303" value="Sing"/>
		<feat xlink:href="#sSpan1306" value="Sing"/>
		<feat xlink:href="#sSpan1308" value="Sing"/>
		<feat xlink:href="#sSpan1315" value="Sing"/>
		<feat xlink:href="#sSpan1320" value="Sing"/>
		<feat xlink:href="#sSpan1323" value="Sing"/>
		<feat xlink:href="#sSpan1324" value="Sing"/>
		<feat xlink:href="#sSpan1327" value="Plur"/>
		<feat xlink:href="#sSpan1332" value="Sing"/>
		<feat xlink:href="#sSpan1334" value="Plur"/>
		<feat xlink:href="#sSpan1335" value="Sing"/>
		<feat xlink:href="#sSpan1338" value="Sing"/>
		<feat xlink:href="#sSpan1341" value="Sing"/>
		<feat xlink:href="#sSpan1342" value="Sing"/>
		<feat xlink:href="#sSpan1343" value="Sing"/>
		<feat xlink:href="#sSpan1347" value="Sing"/>
		<feat xlink:href="#sSpan1349" value="Sing"/>
		<feat xlink:href="#sSpan1356" value="Sing"/>
		<feat xlink:href="#sSpan1358" value="Sing"/>
		<feat xlink:href="#sSpan1360" value="Sing"/>
		<feat xlink:href="#sSpan1362" value="Sing"/>
		<feat xlink:href="#sSpan1367" value="Sing"/>
		<feat xlink:href="#sSpan1368" value="Sing"/>
		<feat xlink:href="#sSpan1378" value="Sing"/>
		<feat xlink:href="#sSpan1383" value="Sing"/>
		<feat xlink:href="#sSpan1385" value="Sing"/>
		<feat xlink:href="#sSpan1392" value="Sing"/>
		<feat xlink:href="#sSpan1393" value="Sing"/>
		<feat xlink:href="#sSpan1398" value="Sing"/>
		<feat xlink:href="#sSpan1405" value="Sing"/>
		<feat xlink:href="#sSpan1412" value="Sing"/>
		<feat xlink:href="#sSpan1419" value="Sing"/>
		<feat xlink:href="#sSpan1423" value="Sing"/>
		<feat xlink:href="#sSpan1428" value="Sing"/>
		<feat xlink:href="#sSpan1433" value="Sing"/>
		<feat xlink:href="#sSpan1434" value="Plur"/>
		<feat xlink:href="#sSpan1438" value="Plur"/>
		<feat xlink:href="#sSpan1448" value="Sing"/>
		<feat xlink:href="#sSpan1451" value="Sing"/>
		<feat xlink:href="#sSpan1461" value="Sing"/>
		<feat xlink:href="#sSpan1463" value="Sing"/>
		<feat xlink:href="#sSpan1467" value="Sing"/>
		<feat xlink:href="#sSpan1468" value="Sing"/>
		<feat xlink:href="#sSpan1473" value="Plur"/>
		<feat xlink:href="#sSpan1476" value="Sing"/>
		<feat xlink:href="#sSpan1485" value="Sing"/>
		<feat xlink:href="#sSpan1487" value="Sing"/>
		<feat xlink:href="#sSpan1488" value="Sing"/>
		<feat xlink:href="#sSpan1489" value="Sing"/>
		<feat xlink:href="#sSpan1490" value="Sing"/>
		<feat xlink:href="#sSpan1491" value="Sing"/>
		<feat xlink:href="#sSpan1492" value="Sing"/>
		<feat xlink:href="#sSpan1493" value="Sing"/>
		<feat xlink:href="#sSpan1499" value="Sing"/>
		<feat xlink:href="#sSpan1500" value="Sing"/>
		<feat xlink:href="#sSpan1504" value="Plur"/>
		<feat xlink:href="#sSpan1507" value="Plur"/>
		<feat xlink:href="#sSpan1511" value="Sing"/>
		<feat xlink:href="#sSpan1514" value="Sing"/>
		<feat xlink:href="#sSpan1525" value="Sing"/>
		<feat xlink:href="#sSpan1527" value="Sing"/>
		<feat xlink:href="#sSpan1529" value="Sing"/>
		<feat xlink:href="#sSpan1534" value="Sing"/>
		<feat xlink:href="#sSpan1538" value="Plur"/>
		<feat xlink:href="#sSpan1542" value="Sing"/>
		<feat xlink:href="#sSpan1544" value="Sing"/>
		<feat xlink:href="#sSpan1551" value="Sing"/>
		<feat xlink:href="#sSpan1552" value="Sing"/>
		<feat xlink:href="#sSpan1555" value="Sing"/>
		<feat xlink:href="#sSpan1558" value="Sing"/>
		<feat xlink:href="#sSpan1560" value="Sing"/>
		<feat xlink:href="#sSpan1564" value="Sing"/>
		<feat xlink:href="#sSpan1571" value="Sing"/>
		<feat xlink:href="#sSpan1575" value="Sing"/>
		<feat xlink:href="#sSpan1577" value="Sing"/>
		<feat xlink:href="#sSpan1586" value="Sing"/>
		<feat xlink:href="#sSpan1589" value="Sing"/>
		<feat xlink:href="#sSpan1591" value="Sing"/>
		<feat xlink:href="#sSpan1596" value="Plur"/>
		<feat xlink:href="#sSpan1597" value="Plur"/>
		<feat xlink:href="#sSpan1607" value="Plur"/>
		<feat xlink:href="#sSpan1612" value="Plur"/>
		<feat xlink:href="#sSpan1616" value="Sing"/>
		<feat xlink:href="#sSpan1618" value="Plur"/>
		<feat xlink:href="#sSpan1623" value="Plur"/>
		<feat xlink:href="#sSpan1625" value="Plur"/>
		<feat xlink:href="#sSpan1630" value="Sing"/>
		<feat xlink:href="#sSpan1631" value="Sing"/>
		<feat xlink:href="#sSpan1633" value="Sing"/>
		<feat xlink:href="#sSpan1638" value="Sing"/>
		<feat xlink:href="#sSpan1640" value="Sing"/>
		<feat xlink:href="#sSpan1646" value="Plur"/>
		<feat xlink:href="#sSpan1651" value="Plur"/>
		<feat xlink:href="#sSpan1658" value="Sing"/>
		<feat xlink:href="#sSpan1667" value="Sing"/>
		<feat xlink:href="#sSpan1671" value="Sing"/>
		<feat xlink:href="#sSpan1673" value="Sing"/>
		<feat xlink:href="#sSpan1676" value="Sing"/>
		<feat xlink:href="#sSpan1685" value="Sing"/>
		<feat xlink:href="#sSpan1687" value="Sing"/>
		<feat xlink:href="#sSpan1692" value="Sing"/>
		<feat xlink:href="#sSpan1703" value="Sing"/>
		<feat xlink:href="#sSpan1708" value="Sing"/>
		<feat xlink:href="#sSpan1709" value="Sing"/>
		<feat xlink:href="#sSpan1710" value="Sing"/>
		<feat xlink:href="#sSpan1711" value="Sing"/>
		<feat xlink:href="#sSpan1712" value="Sing"/>
		<feat xlink:href="#sSpan1718" value="Sing"/>
		<feat xlink:href="#sSpan1719" value="Sing"/>
		<feat xlink:href="#sSpan1721" value="Sing"/>
		<feat xlink:href="#sSpan1722" value="Sing"/>
		<feat xlink:href="#sSpan1729" value="Sing"/>
		<feat xlink:href="#sSpan1736" value="Sing"/>
		<feat xlink:href="#sSpan1739" value="Sing"/>
		<feat xlink:href="#sSpan1744" value="Sing"/>
		<feat xlink:href="#sSpan1752" value="Plur"/>
		<feat xlink:href="#sSpan1754" value="Plur"/>
		<feat xlink:href="#sSpan1759" value="Sing"/>
		<feat xlink:href="#sSpan1760" value="Plur"/>
		<feat xlink:href="#sSpan1764" value="Plur"/>
		<feat xlink:href="#sSpan1769" value="Sing"/>
		<feat xlink:href="#sSpan1774" value="Sing"/>
		<feat xlink:href="#sSpan1776" value="Sing"/>
		<feat xlink:href="#sSpan1786" value="Sing"/>
		<feat xlink:href="#sSpan1793" value="Sing"/>
		<feat xlink:href="#sSpan1801" value="Sing"/>
		<feat xlink:href="#sSpan1802" value="Sing"/>
		<feat xlink:href="#sSpan1804" value="Sing"/>
		<feat xlink:href="#sSpan1809" value="Sing"/>
		<feat xlink:href="#sSpan1812" value="Plur"/>
		<feat xlink:href="#sSpan1814" value="Plur"/>
		<feat xlink:href="#sSpan1819" value="Sing"/>
		<feat xlink:href="#sSpan1827" value="Plur"/>
		<feat xlink:href="#sSpan1829" value="Plur"/>
		<feat xlink:href="#sSpan1836" value="Sing"/>
		<feat xlink:href="#sSpan1840" value="Sing"/>
		<feat xlink:href="#sSpan1841" value="Plur"/>
		<feat xlink:href="#sSpan1843" value="Sing"/>
		<feat xlink:href="#sSpan1846" value="Sing"/>
		<feat xlink:href="#sSpan1855" value="Sing"/>
		<feat xlink:href="#sSpan1856" value="Sing"/>
		<feat xlink:href="#sSpan1857" value="Sing"/>
		<feat xlink:href="#sSpan1864" value="Plur"/>
		<feat xlink:href="#sSpan1865" value="Sing"/>
		<feat xlink:href="#sSpan1866" value="Sing"/>
		<feat xlink:href="#sSpan1868" value="Sing"/>
		<feat xlink:href="#sSpan1872" value="Plur"/>
		<feat xlink:href="#sSpan1877" value="Plur"/>
		<feat xlink:href="#sSpan1881" value="Plur"/>
		<feat xlink:href="#sSpan1885" value="Plur"/>
		<feat xlink:href="#sSpan1889" value="Plur"/>
		<feat xlink:href="#sSpan1890" value="Plur"/>
		<feat xlink:href="#sSpan1897" value="Sing"/>
		<feat xlink:href="#sSpan1901" value="Plur"/>
		<feat xlink:href="#sSpan1905" value="Plur"/>
		<feat xlink:href="#sSpan1909" value="Plur"/>
		<feat xlink:href="#sSpan1910" value="Plur"/>
		<feat xlink:href="#sSpan1915" value="Plur"/>
		<feat xlink:href="#sSpan1922" value="Plur"/>
		<feat xlink:href="#sSpan1931" value="Sing"/>
		<feat xlink:href="#sSpan1934" value="Sing"/>
		<feat xlink:href="#sSpan1936" value="Plur"/>
		<feat xlink:href="#sSpan1940" value="Plur"/></featList></paula>