<?xml version='1.0' encoding='UTF-8'?><!DOCTYPE paula SYSTEM "paula_feat.dtd">
<paula version="1.1">
	<header paula_id="morph.GENTLE_esports_fifa.mark_PronType"/>
	<featList xmlns:xlink="http://www.w3.org/1999/xlink" type="PronType" xml:base="morph.GENTLE_esports_fifa.mark.xml">
		<feat xlink:href="#sSpan457" value="Rel"/>
		<feat xlink:href="#sSpan461" value="Prs"/>
		<feat xlink:href="#sSpan470" value="Prs"/>
		<feat xlink:href="#sSpan472" value="Art"/>
		<feat xlink:href="#sSpan478" value="Art"/>
		<feat xlink:href="#sSpan483" value="Dem"/>
		<feat xlink:href="#sSpan487" value="Prs"/>
		<feat xlink:href="#sSpan496" value="Prs"/>
		<feat xlink:href="#sSpan501" value="Prs"/>
		<feat xlink:href="#sSpan502" value="Art"/>
		<feat xlink:href="#sSpan510" value="Art"/>
		<feat xlink:href="#sSpan529" value="Rel"/>
		<feat xlink:href="#sSpan531" value="Prs"/>
		<feat xlink:href="#sSpan546" value="Art"/>
		<feat xlink:href="#sSpan551" value="Prs"/>
		<feat xlink:href="#sSpan562" value="Dem"/>
		<feat xlink:href="#sSpan568" value="Prs"/>
		<feat xlink:href="#sSpan578" value="Art"/>
		<feat xlink:href="#sSpan584" value="Art"/>
		<feat xlink:href="#sSpan587" value="Rel"/>
		<feat xlink:href="#sSpan599" value="Art"/>
		<feat xlink:href="#sSpan603" value="Prs"/>
		<feat xlink:href="#sSpan627" value="Prs"/>
		<feat xlink:href="#sSpan631" value="Prs"/>
		<feat xlink:href="#sSpan641" value="Prs"/>
		<feat xlink:href="#sSpan648" value="Art"/>
		<feat xlink:href="#sSpan653" value="Prs"/>
		<feat xlink:href="#sSpan661" value="Prs"/>
		<feat xlink:href="#sSpan672" value="Prs"/>
		<feat xlink:href="#sSpan685" value="Art"/>
		<feat xlink:href="#sSpan692" value="Prs"/>
		<feat xlink:href="#sSpan707" value="Dem"/>
		<feat xlink:href="#sSpan713" value="Art"/>
		<feat xlink:href="#sSpan717" value="Dem"/>
		<feat xlink:href="#sSpan721" value="Prs"/>
		<feat xlink:href="#sSpan732" value="Art"/>
		<feat xlink:href="#sSpan756" value="Prs"/>
		<feat xlink:href="#sSpan760" value="Art"/>
		<feat xlink:href="#sSpan765" value="Prs"/>
		<feat xlink:href="#sSpan776" value="Art"/>
		<feat xlink:href="#sSpan790" value="Art"/>
		<feat xlink:href="#sSpan800" value="Prs"/>
		<feat xlink:href="#sSpan808" value="Prs"/>
		<feat xlink:href="#sSpan814" value="Art"/>
		<feat xlink:href="#sSpan826" value="Tot"/>
		<feat xlink:href="#sSpan828" value="Art"/>
		<feat xlink:href="#sSpan846" value="Art"/>
		<feat xlink:href="#sSpan851" value="Prs"/>
		<feat xlink:href="#sSpan865" value="Dem"/>
		<feat xlink:href="#sSpan870" value="Prs"/>
		<feat xlink:href="#sSpan878" value="Prs"/>
		<feat xlink:href="#sSpan885" value="Ind"/>
		<feat xlink:href="#sSpan888" value="Prs"/>
		<feat xlink:href="#sSpan893" value="Dem"/>
		<feat xlink:href="#sSpan896" value="Art"/>
		<feat xlink:href="#sSpan901" value="Prs"/>
		<feat xlink:href="#sSpan913" value="Prs"/>
		<feat xlink:href="#sSpan926" value="Prs"/>
		<feat xlink:href="#sSpan932" value="Dem"/>
		<feat xlink:href="#sSpan939" value="Prs"/>
		<feat xlink:href="#sSpan958" value="Dem"/>
		<feat xlink:href="#sSpan967" value="Prs"/>
		<feat xlink:href="#sSpan979" value="Prs"/>
		<feat xlink:href="#sSpan987" value="Prs"/>
		<feat xlink:href="#sSpan1001" value="Dem"/>
		<feat xlink:href="#sSpan1003" value="Art"/>
		<feat xlink:href="#sSpan1007" value="Prs"/>
		<feat xlink:href="#sSpan1023" value="Prs"/>
		<feat xlink:href="#sSpan1031" value="Prs"/>
		<feat xlink:href="#sSpan1032" value="Ind"/>
		<feat xlink:href="#sSpan1034" value="Dem"/>
		<feat xlink:href="#sSpan1047" value="Prs"/>
		<feat xlink:href="#sSpan1060" value="Prs"/>
		<feat xlink:href="#sSpan1071" value="Prs"/>
		<feat xlink:href="#sSpan1078" value="Art"/>
		<feat xlink:href="#sSpan1085" value="Prs"/>
		<feat xlink:href="#sSpan1096" value="Dem"/>
		<feat xlink:href="#sSpan1099" value="Prs"/>
		<feat xlink:href="#sSpan1110" value="Tot"/>
		<feat xlink:href="#sSpan1113" value="Art"/>
		<feat xlink:href="#sSpan1117" value="Prs"/>
		<feat xlink:href="#sSpan1126" value="Prs"/>
		<feat xlink:href="#sSpan1143" value="Prs"/>
		<feat xlink:href="#sSpan1150" value="Prs"/>
		<feat xlink:href="#sSpan1159" value="Dem"/>
		<feat xlink:href="#sSpan1162" value="Ind"/>
		<feat xlink:href="#sSpan1167" value="Prs"/>
		<feat xlink:href="#sSpan1175" value="Dem"/>
		<feat xlink:href="#sSpan1177" value="Prs"/>
		<feat xlink:href="#sSpan1189" value="Dem"/>
		<feat xlink:href="#sSpan1196" value="Art"/>
		<feat xlink:href="#sSpan1201" value="Dem"/>
		<feat xlink:href="#sSpan1220" value="Dem"/>
		<feat xlink:href="#sSpan1239" value="Prs"/>
		<feat xlink:href="#sSpan1251" value="Prs"/>
		<feat xlink:href="#sSpan1265" value="Prs"/>
		<feat xlink:href="#sSpan1271" value="Prs"/>
		<feat xlink:href="#sSpan1275" value="Prs"/>
		<feat xlink:href="#sSpan1286" value="Prs"/>
		<feat xlink:href="#sSpan1295" value="Prs"/>
		<feat xlink:href="#sSpan1298" value="Art"/>
		<feat xlink:href="#sSpan1301" value="Art"/>
		<feat xlink:href="#sSpan1304" value="Prs"/>
		<feat xlink:href="#sSpan1313" value="Int"/>
		<feat xlink:href="#sSpan1315" value="Dem"/>
		<feat xlink:href="#sSpan1322" value="Art"/>
		<feat xlink:href="#sSpan1328" value="Prs"/>
		<feat xlink:href="#sSpan1333" value="Ind"/>
		<feat xlink:href="#sSpan1347" value="Ind"/>
		<feat xlink:href="#sSpan1349" value="Prs"/>
		<feat xlink:href="#sSpan1359" value="Ind"/>
		<feat xlink:href="#sSpan1362" value="Ind"/>
		<feat xlink:href="#sSpan1366" value="Art"/>
		<feat xlink:href="#sSpan1369" value="Int"/>
		<feat xlink:href="#sSpan1370" value="Int"/>
		<feat xlink:href="#sSpan1371" value="Int"/>
		<feat xlink:href="#sSpan1373" value="Int"/>
		<feat xlink:href="#sSpan1374" value="Int"/>
		<feat xlink:href="#sSpan1380" value="Dem"/>
		<feat xlink:href="#sSpan1382" value="Art"/>
		<feat xlink:href="#sSpan1384" value="Int"/>
		<feat xlink:href="#sSpan1394" value="Prs"/>
		<feat xlink:href="#sSpan1407" value="Prs"/>
		<feat xlink:href="#sSpan1417" value="Art"/>
		<feat xlink:href="#sSpan1420" value="Art"/>
		<feat xlink:href="#sSpan1431" value="Art"/>
		<feat xlink:href="#sSpan1434" value="Prs"/>
		<feat xlink:href="#sSpan1458" value="Tot"/>
		<feat xlink:href="#sSpan1475" value="Art"/>
		<feat xlink:href="#sSpan1485" value="Neg"/>
		<feat xlink:href="#sSpan1486" value="Ind"/>
		<feat xlink:href="#sSpan1498" value="Art"/>
		<feat xlink:href="#sSpan1502" value="Int"/>
		<feat xlink:href="#sSpan1505" value="Int"/>
		<feat xlink:href="#sSpan1513" value="Prs"/>
		<feat xlink:href="#sSpan1522" value="Art"/>
		<feat xlink:href="#sSpan1527" value="Dem"/>
		<feat xlink:href="#sSpan1541" value="Prs"/>
		<feat xlink:href="#sSpan1548" value="Art"/>
		<feat xlink:href="#sSpan1554" value="Art"/>
		<feat xlink:href="#sSpan1557" value="Art"/>
		<feat xlink:href="#sSpan1561" value="Prs"/>
		<feat xlink:href="#sSpan1574" value="Prs"/>
		<feat xlink:href="#sSpan1592" value="Rel"/>
		<feat xlink:href="#sSpan1593" value="Prs"/>
		<feat xlink:href="#sSpan1604" value="Rel"/>
		<feat xlink:href="#sSpan1607" value="Prs"/>
		<feat xlink:href="#sSpan1614" value="Art"/>
		<feat xlink:href="#sSpan1620" value="Prs"/>
		<feat xlink:href="#sSpan1632" value="Rel"/>
		<feat xlink:href="#sSpan1648" value="Prs"/>
		<feat xlink:href="#sSpan1659" value="Rel"/>
		<feat xlink:href="#sSpan1661" value="Art"/>
		<feat xlink:href="#sSpan1675" value="Prs"/>
		<feat xlink:href="#sSpan1686" value="Dem"/>
		<feat xlink:href="#sSpan1691" value="Prs"/>
		<feat xlink:href="#sSpan1703" value="Prs"/>
		<feat xlink:href="#sSpan1707" value="Neg"/>
		<feat xlink:href="#sSpan1716" value="Art"/>
		<feat xlink:href="#sSpan1721" value="Dem"/>
		<feat xlink:href="#sSpan1727" value="Rel"/>
		<feat xlink:href="#sSpan1729" value="Prs"/>
		<feat xlink:href="#sSpan1750" value="Prs"/>
		<feat xlink:href="#sSpan1763" value="Prs"/>
		<feat xlink:href="#sSpan1771" value="Prs"/>
		<feat xlink:href="#sSpan1786" value="Prs"/>
		<feat xlink:href="#sSpan1795" value="Art"/>
		<feat xlink:href="#sSpan1808" value="Ind"/>
		<feat xlink:href="#sSpan1810" value="Prs"/>
		<feat xlink:href="#sSpan1819" value="Prs"/>
		<feat xlink:href="#sSpan1825" value="Prs"/>
		<feat xlink:href="#sSpan1836" value="Prs"/>
		<feat xlink:href="#sSpan1839" value="Art"/>
		<feat xlink:href="#sSpan1845" value="Prs"/>
		<feat xlink:href="#sSpan1852" value="Int"/>
		<feat xlink:href="#sSpan1853" value="Art"/>
		<feat xlink:href="#sSpan1862" value="Art"/>
		<feat xlink:href="#sSpan1867" value="Dem"/>
		<feat xlink:href="#sSpan1869" value="Prs"/>
		<feat xlink:href="#sSpan1880" value="Prs"/>
		<feat xlink:href="#sSpan1883" value="Art"/>
		<feat xlink:href="#sSpan1888" value="Prs"/>
		<feat xlink:href="#sSpan1895" value="Art"/>
		<feat xlink:href="#sSpan1898" value="Prs"/>
		<feat xlink:href="#sSpan1908" value="Art"/>
		<feat xlink:href="#sSpan1913" value="Prs"/>
		<feat xlink:href="#sSpan1922" value="Prs"/>
		<feat xlink:href="#sSpan1928" value="Prs"/>
		<feat xlink:href="#sSpan1933" value="Art"/>
		<feat xlink:href="#sSpan1938" value="Prs"/></featList></paula>