<?xml version='1.0' encoding='UTF-8'?><!DOCTYPE paula SYSTEM "paula_feat.dtd">
<paula version="1.1">
	<header paula_id="morph.GENTLE_esports_fifa.mark_Case"/>
	<featList xmlns:xlink="http://www.w3.org/1999/xlink" type="Case" xml:base="morph.GENTLE_esports_fifa.mark.xml">
		<feat xlink:href="#sSpan459" value="Nom"/>
		<feat xlink:href="#sSpan468" value="Acc"/>
		<feat xlink:href="#sSpan485" value="Nom"/>
		<feat xlink:href="#sSpan497" value="Acc"/>
		<feat xlink:href="#sSpan500" value="Acc"/>
		<feat xlink:href="#sSpan530" value="Nom"/>
		<feat xlink:href="#sSpan552" value="Nom"/>
		<feat xlink:href="#sSpan567" value="Nom"/>
		<feat xlink:href="#sSpan605" value="Nom"/>
		<feat xlink:href="#sSpan626" value="Acc"/>
		<feat xlink:href="#sSpan634" value="Gen"/>
		<feat xlink:href="#sSpan640" value="Nom"/>
		<feat xlink:href="#sSpan652" value="Nom"/>
		<feat xlink:href="#sSpan659" value="Nom"/>
		<feat xlink:href="#sSpan670" value="Nom"/>
		<feat xlink:href="#sSpan691" value="Nom"/>
		<feat xlink:href="#sSpan723" value="Nom"/>
		<feat xlink:href="#sSpan758" value="Acc"/>
		<feat xlink:href="#sSpan767" value="Nom"/>
		<feat xlink:href="#sSpan799" value="Acc"/>
		<feat xlink:href="#sSpan810" value="Acc"/>
		<feat xlink:href="#sSpan852" value="Nom"/>
		<feat xlink:href="#sSpan871" value="Nom"/>
		<feat xlink:href="#sSpan881" value="Nom"/>
		<feat xlink:href="#sSpan889" value="Gen"/>
		<feat xlink:href="#sSpan900" value="Nom"/>
		<feat xlink:href="#sSpan914" value="Nom"/>
		<feat xlink:href="#sSpan925" value="Gen"/>
		<feat xlink:href="#sSpan937" value="Nom"/>
		<feat xlink:href="#sSpan969" value="Nom"/>
		<feat xlink:href="#sSpan978" value="Nom"/>
		<feat xlink:href="#sSpan990" value="Nom"/>
		<feat xlink:href="#sSpan1010" value="Nom"/>
		<feat xlink:href="#sSpan1019" value="Nom"/>
		<feat xlink:href="#sSpan1026" value="Acc"/>
		<feat xlink:href="#sSpan1048" value="Nom"/>
		<feat xlink:href="#sSpan1061" value="Nom"/>
		<feat xlink:href="#sSpan1072" value="Nom"/>
		<feat xlink:href="#sSpan1082" value="Nom"/>
		<feat xlink:href="#sSpan1102" value="Nom"/>
		<feat xlink:href="#sSpan1119" value="Nom"/>
		<feat xlink:href="#sSpan1128" value="Nom"/>
		<feat xlink:href="#sSpan1144" value="Acc"/>
		<feat xlink:href="#sSpan1152" value="Gen"/>
		<feat xlink:href="#sSpan1168" value="Nom"/>
		<feat xlink:href="#sSpan1180" value="Nom"/>
		<feat xlink:href="#sSpan1236" value="Acc"/>
		<feat xlink:href="#sSpan1250" value="Nom"/>
		<feat xlink:href="#sSpan1263" value="Acc"/>
		<feat xlink:href="#sSpan1270" value="Acc"/>
		<feat xlink:href="#sSpan1276" value="Nom"/>
		<feat xlink:href="#sSpan1284" value="Nom"/>
		<feat xlink:href="#sSpan1292" value="Acc"/>
		<feat xlink:href="#sSpan1306" value="Nom"/>
		<feat xlink:href="#sSpan1327" value="Nom"/>
		<feat xlink:href="#sSpan1352" value="Nom"/>
		<feat xlink:href="#sSpan1395" value="Nom"/>
		<feat xlink:href="#sSpan1406" value="Nom"/>
		<feat xlink:href="#sSpan1435" value="Nom"/>
		<feat xlink:href="#sSpan1516" value="Nom"/>
		<feat xlink:href="#sSpan1543" value="Gen"/>
		<feat xlink:href="#sSpan1562" value="Nom"/>
		<feat xlink:href="#sSpan1572" value="Acc"/>
		<feat xlink:href="#sSpan1595" value="Nom"/>
		<feat xlink:href="#sSpan1608" value="Nom"/>
		<feat xlink:href="#sSpan1623" value="Nom"/>
		<feat xlink:href="#sSpan1646" value="Nom"/>
		<feat xlink:href="#sSpan1673" value="Nom"/>
		<feat xlink:href="#sSpan1690" value="Nom"/>
		<feat xlink:href="#sSpan1702" value="Acc"/>
		<feat xlink:href="#sSpan1731" value="Nom"/>
		<feat xlink:href="#sSpan1751" value="Nom"/>
		<feat xlink:href="#sSpan1762" value="Nom"/>
		<feat xlink:href="#sSpan1770" value="Nom"/>
		<feat xlink:href="#sSpan1785" value="Nom"/>
		<feat xlink:href="#sSpan1813" value="Nom"/>
		<feat xlink:href="#sSpan1822" value="Acc"/>
		<feat xlink:href="#sSpan1827" value="Nom"/>
		<feat xlink:href="#sSpan1835" value="Acc"/>
		<feat xlink:href="#sSpan1843" value="Nom"/>
		<feat xlink:href="#sSpan1870" value="Nom"/>
		<feat xlink:href="#sSpan1881" value="Acc"/>
		<feat xlink:href="#sSpan1889" value="Nom"/>
		<feat xlink:href="#sSpan1900" value="Nom"/>
		<feat xlink:href="#sSpan1911" value="Nom"/>
		<feat xlink:href="#sSpan1921" value="Nom"/>
		<feat xlink:href="#sSpan1927" value="Acc"/>
		<feat xlink:href="#sSpan1936" value="Nom"/></featList></paula>