<?xml version='1.0' encoding='UTF-8'?><!DOCTYPE paula SYSTEM "paula_feat.dtd">
<paula version="1.1">
	<header paula_id="morph.GENTLE_esports_fifa.mark_Tense"/>
	<featList xmlns:xlink="http://www.w3.org/1999/xlink" type="Tense" xml:base="morph.GENTLE_esports_fifa.mark.xml">
		<feat xlink:href="#sSpan466" value="Past"/>
		<feat xlink:href="#sSpan490" value="Past"/>
		<feat xlink:href="#sSpan509" value="Pres"/>
		<feat xlink:href="#sSpan519" value="Pres"/>
		<feat xlink:href="#sSpan523" value="Pres"/>
		<feat xlink:href="#sSpan535" value="Pres"/>
		<feat xlink:href="#sSpan541" value="Pres"/>
		<feat xlink:href="#sSpan557" value="Pres"/>
		<feat xlink:href="#sSpan561" value="Past"/>
		<feat xlink:href="#sSpan574" value="Pres"/>
		<feat xlink:href="#sSpan592" value="Pres"/>
		<feat xlink:href="#sSpan593" value="Pres"/>
		<feat xlink:href="#sSpan609" value="Pres"/>
		<feat xlink:href="#sSpan612" value="Pres"/>
		<feat xlink:href="#sSpan616" value="Pres"/>
		<feat xlink:href="#sSpan623" value="Pres"/>
		<feat xlink:href="#sSpan625" value="Past"/>
		<feat xlink:href="#sSpan646" value="Pres"/>
		<feat xlink:href="#sSpan658" value="Pres"/>
		<feat xlink:href="#sSpan665" value="Pres"/>
		<feat xlink:href="#sSpan674" value="Pres"/>
		<feat xlink:href="#sSpan681" value="Pres"/>
		<feat xlink:href="#sSpan687" value="Past"/>
		<feat xlink:href="#sSpan699" value="Pres"/>
		<feat xlink:href="#sSpan702" value="Pres"/>
		<feat xlink:href="#sSpan726" value="Pres"/>
		<feat xlink:href="#sSpan730" value="Past"/>
		<feat xlink:href="#sSpan734" value="Past"/>
		<feat xlink:href="#sSpan738" value="Pres"/>
		<feat xlink:href="#sSpan744" value="Pres"/>
		<feat xlink:href="#sSpan752" value="Pres"/>
		<feat xlink:href="#sSpan771" value="Pres"/>
		<feat xlink:href="#sSpan774" value="Past"/>
		<feat xlink:href="#sSpan785" value="Pres"/>
		<feat xlink:href="#sSpan788" value="Past"/>
		<feat xlink:href="#sSpan804" value="Pres"/>
		<feat xlink:href="#sSpan816" value="Past"/>
		<feat xlink:href="#sSpan823" value="Pres"/>
		<feat xlink:href="#sSpan833" value="Pres"/>
		<feat xlink:href="#sSpan842" value="Pres"/>
		<feat xlink:href="#sSpan856" value="Pres"/>
		<feat xlink:href="#sSpan859" value="Pres"/>
		<feat xlink:href="#sSpan863" value="Pres"/>
		<feat xlink:href="#sSpan876" value="Pres"/>
		<feat xlink:href="#sSpan905" value="Past"/>
		<feat xlink:href="#sSpan917" value="Pres"/>
		<feat xlink:href="#sSpan922" value="Pres"/>
		<feat xlink:href="#sSpan940" value="Pres"/>
		<feat xlink:href="#sSpan949" value="Past"/>
		<feat xlink:href="#sSpan960" value="Pres"/>
		<feat xlink:href="#sSpan966" value="Past"/>
		<feat xlink:href="#sSpan973" value="Pres"/>
		<feat xlink:href="#sSpan982" value="Past"/>
		<feat xlink:href="#sSpan996" value="Past"/>
		<feat xlink:href="#sSpan998" value="Pres"/>
		<feat xlink:href="#sSpan1016" value="Pres"/>
		<feat xlink:href="#sSpan1038" value="Pres"/>
		<feat xlink:href="#sSpan1050" value="Pres"/>
		<feat xlink:href="#sSpan1063" value="Pres"/>
		<feat xlink:href="#sSpan1075" value="Past"/>
		<feat xlink:href="#sSpan1087" value="Past"/>
		<feat xlink:href="#sSpan1092" value="Pres"/>
		<feat xlink:href="#sSpan1106" value="Pres"/>
		<feat xlink:href="#sSpan1109" value="Pres"/>
		<feat xlink:href="#sSpan1125" value="Pres"/>
		<feat xlink:href="#sSpan1132" value="Pres"/>
		<feat xlink:href="#sSpan1136" value="Pres"/>
		<feat xlink:href="#sSpan1172" value="Pres"/>
		<feat xlink:href="#sSpan1183" value="Pres"/>
		<feat xlink:href="#sSpan1194" value="Pres"/>
		<feat xlink:href="#sSpan1205" value="Pres"/>
		<feat xlink:href="#sSpan1209" value="Pres"/>
		<feat xlink:href="#sSpan1212" value="Pres"/>
		<feat xlink:href="#sSpan1222" value="Pres"/>
		<feat xlink:href="#sSpan1233" value="Past"/>
		<feat xlink:href="#sSpan1256" value="Pres"/>
		<feat xlink:href="#sSpan1258" value="Pres"/>
		<feat xlink:href="#sSpan1278" value="Past"/>
		<feat xlink:href="#sSpan1291" value="Past"/>
		<feat xlink:href="#sSpan1312" value="Pres"/>
		<feat xlink:href="#sSpan1317" value="Past"/>
		<feat xlink:href="#sSpan1340" value="Past"/>
		<feat xlink:href="#sSpan1345" value="Pres"/>
		<feat xlink:href="#sSpan1355" value="Pres"/>
		<feat xlink:href="#sSpan1377" value="Pres"/>
		<feat xlink:href="#sSpan1387" value="Past"/>
		<feat xlink:href="#sSpan1400" value="Past"/>
		<feat xlink:href="#sSpan1411" value="Past"/>
		<feat xlink:href="#sSpan1415" value="Pres"/>
		<feat xlink:href="#sSpan1427" value="Pres"/>
		<feat xlink:href="#sSpan1430" value="Pres"/>
		<feat xlink:href="#sSpan1441" value="Pres"/>
		<feat xlink:href="#sSpan1452" value="Pres"/>
		<feat xlink:href="#sSpan1456" value="Past"/>
		<feat xlink:href="#sSpan1462" value="Past"/>
		<feat xlink:href="#sSpan1471" value="Pres"/>
		<feat xlink:href="#sSpan1481" value="Pres"/>
		<feat xlink:href="#sSpan1510" value="Pres"/>
		<feat xlink:href="#sSpan1518" value="Pres"/>
		<feat xlink:href="#sSpan1531" value="Pres"/>
		<feat xlink:href="#sSpan1536" value="Past"/>
		<feat xlink:href="#sSpan1565" value="Pres"/>
		<feat xlink:href="#sSpan1568" value="Pres"/>
		<feat xlink:href="#sSpan1579" value="Pres"/>
		<feat xlink:href="#sSpan1582" value="Past"/>
		<feat xlink:href="#sSpan1584" value="Pres"/>
		<feat xlink:href="#sSpan1598" value="Past"/>
		<feat xlink:href="#sSpan1613" value="Past"/>
		<feat xlink:href="#sSpan1628" value="Pres"/>
		<feat xlink:href="#sSpan1635" value="Pres"/>
		<feat xlink:href="#sSpan1641" value="Pres"/>
		<feat xlink:href="#sSpan1650" value="Pres"/>
		<feat xlink:href="#sSpan1663" value="Pres"/>
		<feat xlink:href="#sSpan1679" value="Pres"/>
		<feat xlink:href="#sSpan1682" value="Pres"/>
		<feat xlink:href="#sSpan1693" value="Pres"/>
		<feat xlink:href="#sSpan1697" value="Pres"/>
		<feat xlink:href="#sSpan1725" value="Pres"/>
		<feat xlink:href="#sSpan1734" value="Pres"/>
		<feat xlink:href="#sSpan1738" value="Pres"/>
		<feat xlink:href="#sSpan1740" value="Pres"/>
		<feat xlink:href="#sSpan1746" value="Pres"/>
		<feat xlink:href="#sSpan1756" value="Past"/>
		<feat xlink:href="#sSpan1766" value="Past"/>
		<feat xlink:href="#sSpan1779" value="Pres"/>
		<feat xlink:href="#sSpan1780" value="Pres"/>
		<feat xlink:href="#sSpan1794" value="Pres"/>
		<feat xlink:href="#sSpan1806" value="Past"/>
		<feat xlink:href="#sSpan1818" value="Past"/>
		<feat xlink:href="#sSpan1831" value="Past"/>
		<feat xlink:href="#sSpan1849" value="Pres"/>
		<feat xlink:href="#sSpan1859" value="Past"/>
		<feat xlink:href="#sSpan1876" value="Past"/>
		<feat xlink:href="#sSpan1893" value="Past"/>
		<feat xlink:href="#sSpan1902" value="Past"/>
		<feat xlink:href="#sSpan1916" value="Past"/>
		<feat xlink:href="#sSpan1926" value="Past"/>
		<feat xlink:href="#sSpan1939" value="Past"/></featList></paula>