<?xml version='1.0' encoding='UTF-8'?><!DOCTYPE paula SYSTEM "paula_feat.dtd">
<paula version="1.1">
	<header paula_id="morph.GENTLE_esports_fifa.mark_Person"/>
	<featList xmlns:xlink="http://www.w3.org/1999/xlink" type="Person" xml:base="morph.GENTLE_esports_fifa.mark.xml">
		<feat xlink:href="#sSpan460" value="3"/>
		<feat xlink:href="#sSpan465" value="3"/>
		<feat xlink:href="#sSpan471" value="1"/>
		<feat xlink:href="#sSpan484" value="1"/>
		<feat xlink:href="#sSpan492" value="1"/>
		<feat xlink:href="#sSpan494" value="3"/>
		<feat xlink:href="#sSpan499" value="3"/>
		<feat xlink:href="#sSpan517" value="3"/>
		<feat xlink:href="#sSpan532" value="2"/>
		<feat xlink:href="#sSpan536" value="2"/>
		<feat xlink:href="#sSpan542" value="3"/>
		<feat xlink:href="#sSpan553" value="1"/>
		<feat xlink:href="#sSpan555" value="1"/>
		<feat xlink:href="#sSpan569" value="1"/>
		<feat xlink:href="#sSpan571" value="1"/>
		<feat xlink:href="#sSpan589" value="3"/>
		<feat xlink:href="#sSpan604" value="1"/>
		<feat xlink:href="#sSpan609" value="1"/>
		<feat xlink:href="#sSpan620" value="3"/>
		<feat xlink:href="#sSpan629" value="1"/>
		<feat xlink:href="#sSpan633" value="1"/>
		<feat xlink:href="#sSpan638" value="1"/>
		<feat xlink:href="#sSpan642" value="1"/>
		<feat xlink:href="#sSpan651" value="3"/>
		<feat xlink:href="#sSpan658" value="3"/>
		<feat xlink:href="#sSpan660" value="3"/>
		<feat xlink:href="#sSpan666" value="3"/>
		<feat xlink:href="#sSpan671" value="1"/>
		<feat xlink:href="#sSpan675" value="1"/>
		<feat xlink:href="#sSpan693" value="1"/>
		<feat xlink:href="#sSpan699" value="1"/>
		<feat xlink:href="#sSpan720" value="1"/>
		<feat xlink:href="#sSpan724" value="1"/>
		<feat xlink:href="#sSpan755" value="3"/>
		<feat xlink:href="#sSpan764" value="1"/>
		<feat xlink:href="#sSpan768" value="1"/>
		<feat xlink:href="#sSpan782" value="3"/>
		<feat xlink:href="#sSpan797" value="3"/>
		<feat xlink:href="#sSpan803" value="3"/>
		<feat xlink:href="#sSpan809" value="1"/>
		<feat xlink:href="#sSpan816" value="3"/>
		<feat xlink:href="#sSpan833" value="3"/>
		<feat xlink:href="#sSpan843" value="3"/>
		<feat xlink:href="#sSpan853" value="1"/>
		<feat xlink:href="#sSpan856" value="1"/>
		<feat xlink:href="#sSpan869" value="3"/>
		<feat xlink:href="#sSpan872" value="3"/>
		<feat xlink:href="#sSpan880" value="1"/>
		<feat xlink:href="#sSpan886" value="1"/>
		<feat xlink:href="#sSpan903" value="3"/>
		<feat xlink:href="#sSpan906" value="3"/>
		<feat xlink:href="#sSpan912" value="1"/>
		<feat xlink:href="#sSpan916" value="1"/>
		<feat xlink:href="#sSpan930" value="3"/>
		<feat xlink:href="#sSpan938" value="3"/>
		<feat xlink:href="#sSpan940" value="3"/>
		<feat xlink:href="#sSpan950" value="3"/>
		<feat xlink:href="#sSpan961" value="3"/>
		<feat xlink:href="#sSpan970" value="1"/>
		<feat xlink:href="#sSpan973" value="1"/>
		<feat xlink:href="#sSpan980" value="1"/>
		<feat xlink:href="#sSpan986" value="1"/>
		<feat xlink:href="#sSpan988" value="3"/>
		<feat xlink:href="#sSpan996" value="3"/>
		<feat xlink:href="#sSpan1009" value="3"/>
		<feat xlink:href="#sSpan1014" value="3"/>
		<feat xlink:href="#sSpan1020" value="3"/>
		<feat xlink:href="#sSpan1029" value="3"/>
		<feat xlink:href="#sSpan1046" value="1"/>
		<feat xlink:href="#sSpan1049" value="1"/>
		<feat xlink:href="#sSpan1059" value="1"/>
		<feat xlink:href="#sSpan1063" value="1"/>
		<feat xlink:href="#sSpan1070" value="1"/>
		<feat xlink:href="#sSpan1073" value="1"/>
		<feat xlink:href="#sSpan1083" value="3"/>
		<feat xlink:href="#sSpan1090" value="3"/>
		<feat xlink:href="#sSpan1100" value="1"/>
		<feat xlink:href="#sSpan1106" value="1"/>
		<feat xlink:href="#sSpan1120" value="1"/>
		<feat xlink:href="#sSpan1125" value="1"/>
		<feat xlink:href="#sSpan1127" value="1"/>
		<feat xlink:href="#sSpan1131" value="1"/>
		<feat xlink:href="#sSpan1147" value="3"/>
		<feat xlink:href="#sSpan1148" value="1"/>
		<feat xlink:href="#sSpan1169" value="1"/>
		<feat xlink:href="#sSpan1174" value="1"/>
		<feat xlink:href="#sSpan1178" value="1"/>
		<feat xlink:href="#sSpan1183" value="1"/>
		<feat xlink:href="#sSpan1193" value="3"/>
		<feat xlink:href="#sSpan1204" value="3"/>
		<feat xlink:href="#sSpan1213" value="3"/>
		<feat xlink:href="#sSpan1223" value="3"/>
		<feat xlink:href="#sSpan1237" value="3"/>
		<feat xlink:href="#sSpan1248" value="3"/>
		<feat xlink:href="#sSpan1255" value="3"/>
		<feat xlink:href="#sSpan1264" value="3"/>
		<feat xlink:href="#sSpan1269" value="3"/>
		<feat xlink:href="#sSpan1277" value="1"/>
		<feat xlink:href="#sSpan1279" value="1"/>
		<feat xlink:href="#sSpan1285" value="1"/>
		<feat xlink:href="#sSpan1294" value="3"/>
		<feat xlink:href="#sSpan1305" value="2"/>
		<feat xlink:href="#sSpan1309" value="2"/>
		<feat xlink:href="#sSpan1316" value="3"/>
		<feat xlink:href="#sSpan1329" value="1"/>
		<feat xlink:href="#sSpan1339" value="3"/>
		<feat xlink:href="#sSpan1350" value="3"/>
		<feat xlink:href="#sSpan1354" value="3"/>
		<feat xlink:href="#sSpan1364" value="2"/>
		<feat xlink:href="#sSpan1375" value="3"/>
		<feat xlink:href="#sSpan1389" value="3"/>
		<feat xlink:href="#sSpan1393" value="3"/>
		<feat xlink:href="#sSpan1398" value="3"/>
		<feat xlink:href="#sSpan1405" value="3"/>
		<feat xlink:href="#sSpan1408" value="3"/>
		<feat xlink:href="#sSpan1426" value="3"/>
		<feat xlink:href="#sSpan1436" value="1"/>
		<feat xlink:href="#sSpan1438" value="1"/>
		<feat xlink:href="#sSpan1449" value="3"/>
		<feat xlink:href="#sSpan1466" value="3"/>
		<feat xlink:href="#sSpan1469" value="3"/>
		<feat xlink:href="#sSpan1512" value="3"/>
		<feat xlink:href="#sSpan1515" value="3"/>
		<feat xlink:href="#sSpan1533" value="3"/>
		<feat xlink:href="#sSpan1540" value="1"/>
		<feat xlink:href="#sSpan1559" value="1"/>
		<feat xlink:href="#sSpan1564" value="1"/>
		<feat xlink:href="#sSpan1571" value="2"/>
		<feat xlink:href="#sSpan1578" value="3"/>
		<feat xlink:href="#sSpan1594" value="1"/>
		<feat xlink:href="#sSpan1597" value="1"/>
		<feat xlink:href="#sSpan1606" value="3"/>
		<feat xlink:href="#sSpan1612" value="3"/>
		<feat xlink:href="#sSpan1622" value="1"/>
		<feat xlink:href="#sSpan1625" value="1"/>
		<feat xlink:href="#sSpan1636" value="3"/>
		<feat xlink:href="#sSpan1641" value="3"/>
		<feat xlink:href="#sSpan1647" value="1"/>
		<feat xlink:href="#sSpan1652" value="1"/>
		<feat xlink:href="#sSpan1666" value="3"/>
		<feat xlink:href="#sSpan1672" value="1"/>
		<feat xlink:href="#sSpan1678" value="1"/>
		<feat xlink:href="#sSpan1687" value="3"/>
		<feat xlink:href="#sSpan1693" value="3"/>
		<feat xlink:href="#sSpan1704" value="1"/>
		<feat xlink:href="#sSpan1722" value="3"/>
		<feat xlink:href="#sSpan1730" value="1"/>
		<feat xlink:href="#sSpan1732" value="1"/>
		<feat xlink:href="#sSpan1753" value="3"/>
		<feat xlink:href="#sSpan1756" value="3"/>
		<feat xlink:href="#sSpan1760" value="3"/>
		<feat xlink:href="#sSpan1767" value="3"/>
		<feat xlink:href="#sSpan1774" value="3"/>
		<feat xlink:href="#sSpan1779" value="3"/>
		<feat xlink:href="#sSpan1789" value="3"/>
		<feat xlink:href="#sSpan1792" value="3"/>
		<feat xlink:href="#sSpan1806" value="3"/>
		<feat xlink:href="#sSpan1811" value="1"/>
		<feat xlink:href="#sSpan1816" value="1"/>
		<feat xlink:href="#sSpan1820" value="3"/>
		<feat xlink:href="#sSpan1826" value="1"/>
		<feat xlink:href="#sSpan1828" value="1"/>
		<feat xlink:href="#sSpan1833" value="3"/>
		<feat xlink:href="#sSpan1842" value="1"/>
		<feat xlink:href="#sSpan1849" value="1"/>
		<feat xlink:href="#sSpan1858" value="3"/>
		<feat xlink:href="#sSpan1871" value="3"/>
		<feat xlink:href="#sSpan1877" value="3"/>
		<feat xlink:href="#sSpan1878" value="1"/>
		<feat xlink:href="#sSpan1887" value="3"/>
		<feat xlink:href="#sSpan1890" value="3"/>
		<feat xlink:href="#sSpan1901" value="1"/>
		<feat xlink:href="#sSpan1903" value="1"/>
		<feat xlink:href="#sSpan1910" value="1"/>
		<feat xlink:href="#sSpan1916" value="1"/>
		<feat xlink:href="#sSpan1919" value="1"/>
		<feat xlink:href="#sSpan1931" value="3"/>
		<feat xlink:href="#sSpan1935" value="1"/>
		<feat xlink:href="#sSpan1942" value="1"/></featList></paula>