<?xml version='1.0' encoding='UTF-8'?><!DOCTYPE paula SYSTEM "paula_feat.dtd">
<paula version="1.1">
	<header paula_id="morph.GENTLE_esports_fifa.mark_Gender"/>
	<featList xmlns:xlink="http://www.w3.org/1999/xlink" type="Gender" xml:base="morph.GENTLE_esports_fifa.mark.xml">
		<feat xlink:href="#sSpan494" value="Neut"/>
		<feat xlink:href="#sSpan759" value="Masc"/>
		<feat xlink:href="#sSpan871" value="Neut"/>
		<feat xlink:href="#sSpan900" value="Masc"/>
		<feat xlink:href="#sSpan926" value="Masc"/>
		<feat xlink:href="#sSpan939" value="Masc"/>
		<feat xlink:href="#sSpan991" value="Masc"/>
		<feat xlink:href="#sSpan1008" value="Masc"/>
		<feat xlink:href="#sSpan1020" value="Masc"/>
		<feat xlink:href="#sSpan1028" value="Masc"/>
		<feat xlink:href="#sSpan1085" value="Neut"/>
		<feat xlink:href="#sSpan1144" value="Neut"/>
		<feat xlink:href="#sSpan1239" value="Masc"/>
		<feat xlink:href="#sSpan1251" value="Masc"/>
		<feat xlink:href="#sSpan1264" value="Neut"/>
		<feat xlink:href="#sSpan1270" value="Neut"/>
		<feat xlink:href="#sSpan1295" value="Neut"/>
		<feat xlink:href="#sSpan1350" value="Masc"/>
		<feat xlink:href="#sSpan1397" value="Neut"/>
		<feat xlink:href="#sSpan1406" value="Neut"/>
		<feat xlink:href="#sSpan1515" value="Masc"/>
		<feat xlink:href="#sSpan1689" value="Neut"/>
		<feat xlink:href="#sSpan1773" value="Masc"/>
		<feat xlink:href="#sSpan1789" value="Neut"/>
		<feat xlink:href="#sSpan1821" value="Neut"/>
		<feat xlink:href="#sSpan1833" value="Neut"/>
		<feat xlink:href="#sSpan1930" value="Neut"/></featList></paula>