<?xml version='1.0' encoding='UTF-8'?><!DOCTYPE paula SYSTEM "paula_feat.dtd">
<paula version="1.1">
	<header paula_id="morph.GENTLE_esports_fifa.mark_Gender"/>
	<featList xmlns:xlink="http://www.w3.org/1999/xlink" type="Gender" xml:base="morph.GENTLE_esports_fifa.mark.xml">
		<feat xlink:href="#sSpan493" value="Neut"/>
		<feat xlink:href="#sSpan759" value="Masc"/>
		<feat xlink:href="#sSpan867" value="Neut"/>
		<feat xlink:href="#sSpan902" value="Masc"/>
		<feat xlink:href="#sSpan929" value="Masc"/>
		<feat xlink:href="#sSpan935" value="Masc"/>
		<feat xlink:href="#sSpan991" value="Masc"/>
		<feat xlink:href="#sSpan1011" value="Masc"/>
		<feat xlink:href="#sSpan1021" value="Masc"/>
		<feat xlink:href="#sSpan1030" value="Masc"/>
		<feat xlink:href="#sSpan1084" value="Neut"/>
		<feat xlink:href="#sSpan1145" value="Neut"/>
		<feat xlink:href="#sSpan1238" value="Masc"/>
		<feat xlink:href="#sSpan1249" value="Masc"/>
		<feat xlink:href="#sSpan1266" value="Neut"/>
		<feat xlink:href="#sSpan1272" value="Neut"/>
		<feat xlink:href="#sSpan1293" value="Neut"/>
		<feat xlink:href="#sSpan1348" value="Masc"/>
		<feat xlink:href="#sSpan1397" value="Neut"/>
		<feat xlink:href="#sSpan1404" value="Neut"/>
		<feat xlink:href="#sSpan1514" value="Masc"/>
		<feat xlink:href="#sSpan1688" value="Neut"/>
		<feat xlink:href="#sSpan1773" value="Masc"/>
		<feat xlink:href="#sSpan1787" value="Neut"/>
		<feat xlink:href="#sSpan1823" value="Neut"/>
		<feat xlink:href="#sSpan1837" value="Neut"/>
		<feat xlink:href="#sSpan1929" value="Neut"/></featList></paula>