<?xml version='1.0' encoding='UTF-8'?><!DOCTYPE paula SYSTEM "paula_feat.dtd">
<paula version="1.1">
	<header paula_id="morph.GENTLE_esports_fifa.mark_Person"/>
	<featList xmlns:xlink="http://www.w3.org/1999/xlink" type="Person" xml:base="morph.GENTLE_esports_fifa.mark.xml">
		<feat xlink:href="#sSpan459" value="3"/>
		<feat xlink:href="#sSpan465" value="3"/>
		<feat xlink:href="#sSpan469" value="1"/>
		<feat xlink:href="#sSpan485" value="1"/>
		<feat xlink:href="#sSpan489" value="1"/>
		<feat xlink:href="#sSpan495" value="3"/>
		<feat xlink:href="#sSpan501" value="3"/>
		<feat xlink:href="#sSpan520" value="3"/>
		<feat xlink:href="#sSpan530" value="2"/>
		<feat xlink:href="#sSpan538" value="2"/>
		<feat xlink:href="#sSpan542" value="3"/>
		<feat xlink:href="#sSpan554" value="1"/>
		<feat xlink:href="#sSpan556" value="1"/>
		<feat xlink:href="#sSpan568" value="1"/>
		<feat xlink:href="#sSpan575" value="1"/>
		<feat xlink:href="#sSpan589" value="3"/>
		<feat xlink:href="#sSpan603" value="1"/>
		<feat xlink:href="#sSpan607" value="1"/>
		<feat xlink:href="#sSpan619" value="3"/>
		<feat xlink:href="#sSpan628" value="1"/>
		<feat xlink:href="#sSpan632" value="1"/>
		<feat xlink:href="#sSpan641" value="1"/>
		<feat xlink:href="#sSpan645" value="1"/>
		<feat xlink:href="#sSpan652" value="3"/>
		<feat xlink:href="#sSpan655" value="3"/>
		<feat xlink:href="#sSpan660" value="3"/>
		<feat xlink:href="#sSpan663" value="3"/>
		<feat xlink:href="#sSpan672" value="1"/>
		<feat xlink:href="#sSpan675" value="1"/>
		<feat xlink:href="#sSpan692" value="1"/>
		<feat xlink:href="#sSpan696" value="1"/>
		<feat xlink:href="#sSpan723" value="1"/>
		<feat xlink:href="#sSpan724" value="1"/>
		<feat xlink:href="#sSpan754" value="3"/>
		<feat xlink:href="#sSpan765" value="1"/>
		<feat xlink:href="#sSpan772" value="1"/>
		<feat xlink:href="#sSpan781" value="3"/>
		<feat xlink:href="#sSpan797" value="3"/>
		<feat xlink:href="#sSpan802" value="3"/>
		<feat xlink:href="#sSpan807" value="1"/>
		<feat xlink:href="#sSpan819" value="3"/>
		<feat xlink:href="#sSpan834" value="3"/>
		<feat xlink:href="#sSpan841" value="3"/>
		<feat xlink:href="#sSpan852" value="1"/>
		<feat xlink:href="#sSpan854" value="1"/>
		<feat xlink:href="#sSpan869" value="3"/>
		<feat xlink:href="#sSpan874" value="3"/>
		<feat xlink:href="#sSpan881" value="1"/>
		<feat xlink:href="#sSpan886" value="1"/>
		<feat xlink:href="#sSpan901" value="3"/>
		<feat xlink:href="#sSpan907" value="3"/>
		<feat xlink:href="#sSpan912" value="1"/>
		<feat xlink:href="#sSpan918" value="1"/>
		<feat xlink:href="#sSpan927" value="3"/>
		<feat xlink:href="#sSpan936" value="3"/>
		<feat xlink:href="#sSpan942" value="3"/>
		<feat xlink:href="#sSpan950" value="3"/>
		<feat xlink:href="#sSpan962" value="3"/>
		<feat xlink:href="#sSpan968" value="1"/>
		<feat xlink:href="#sSpan974" value="1"/>
		<feat xlink:href="#sSpan981" value="1"/>
		<feat xlink:href="#sSpan983" value="1"/>
		<feat xlink:href="#sSpan989" value="3"/>
		<feat xlink:href="#sSpan992" value="3"/>
		<feat xlink:href="#sSpan1007" value="3"/>
		<feat xlink:href="#sSpan1014" value="3"/>
		<feat xlink:href="#sSpan1022" value="3"/>
		<feat xlink:href="#sSpan1026" value="3"/>
		<feat xlink:href="#sSpan1045" value="1"/>
		<feat xlink:href="#sSpan1053" value="1"/>
		<feat xlink:href="#sSpan1060" value="1"/>
		<feat xlink:href="#sSpan1065" value="1"/>
		<feat xlink:href="#sSpan1070" value="1"/>
		<feat xlink:href="#sSpan1076" value="1"/>
		<feat xlink:href="#sSpan1083" value="3"/>
		<feat xlink:href="#sSpan1089" value="3"/>
		<feat xlink:href="#sSpan1101" value="1"/>
		<feat xlink:href="#sSpan1107" value="1"/>
		<feat xlink:href="#sSpan1118" value="1"/>
		<feat xlink:href="#sSpan1121" value="1"/>
		<feat xlink:href="#sSpan1128" value="1"/>
		<feat xlink:href="#sSpan1130" value="1"/>
		<feat xlink:href="#sSpan1147" value="3"/>
		<feat xlink:href="#sSpan1152" value="1"/>
		<feat xlink:href="#sSpan1167" value="1"/>
		<feat xlink:href="#sSpan1170" value="1"/>
		<feat xlink:href="#sSpan1179" value="1"/>
		<feat xlink:href="#sSpan1181" value="1"/>
		<feat xlink:href="#sSpan1193" value="3"/>
		<feat xlink:href="#sSpan1203" value="3"/>
		<feat xlink:href="#sSpan1214" value="3"/>
		<feat xlink:href="#sSpan1224" value="3"/>
		<feat xlink:href="#sSpan1237" value="3"/>
		<feat xlink:href="#sSpan1248" value="3"/>
		<feat xlink:href="#sSpan1253" value="3"/>
		<feat xlink:href="#sSpan1263" value="3"/>
		<feat xlink:href="#sSpan1273" value="3"/>
		<feat xlink:href="#sSpan1274" value="1"/>
		<feat xlink:href="#sSpan1281" value="1"/>
		<feat xlink:href="#sSpan1284" value="1"/>
		<feat xlink:href="#sSpan1293" value="3"/>
		<feat xlink:href="#sSpan1304" value="2"/>
		<feat xlink:href="#sSpan1311" value="2"/>
		<feat xlink:href="#sSpan1319" value="3"/>
		<feat xlink:href="#sSpan1326" value="1"/>
		<feat xlink:href="#sSpan1336" value="3"/>
		<feat xlink:href="#sSpan1352" value="3"/>
		<feat xlink:href="#sSpan1357" value="3"/>
		<feat xlink:href="#sSpan1364" value="2"/>
		<feat xlink:href="#sSpan1376" value="3"/>
		<feat xlink:href="#sSpan1389" value="3"/>
		<feat xlink:href="#sSpan1394" value="3"/>
		<feat xlink:href="#sSpan1401" value="3"/>
		<feat xlink:href="#sSpan1403" value="3"/>
		<feat xlink:href="#sSpan1410" value="3"/>
		<feat xlink:href="#sSpan1424" value="3"/>
		<feat xlink:href="#sSpan1436" value="1"/>
		<feat xlink:href="#sSpan1440" value="1"/>
		<feat xlink:href="#sSpan1449" value="3"/>
		<feat xlink:href="#sSpan1464" value="3"/>
		<feat xlink:href="#sSpan1470" value="3"/>
		<feat xlink:href="#sSpan1509" value="3"/>
		<feat xlink:href="#sSpan1513" value="3"/>
		<feat xlink:href="#sSpan1530" value="3"/>
		<feat xlink:href="#sSpan1541" value="1"/>
		<feat xlink:href="#sSpan1561" value="1"/>
		<feat xlink:href="#sSpan1566" value="1"/>
		<feat xlink:href="#sSpan1574" value="2"/>
		<feat xlink:href="#sSpan1576" value="3"/>
		<feat xlink:href="#sSpan1594" value="1"/>
		<feat xlink:href="#sSpan1599" value="1"/>
		<feat xlink:href="#sSpan1605" value="3"/>
		<feat xlink:href="#sSpan1610" value="3"/>
		<feat xlink:href="#sSpan1621" value="1"/>
		<feat xlink:href="#sSpan1627" value="1"/>
		<feat xlink:href="#sSpan1637" value="3"/>
		<feat xlink:href="#sSpan1639" value="3"/>
		<feat xlink:href="#sSpan1648" value="1"/>
		<feat xlink:href="#sSpan1649" value="1"/>
		<feat xlink:href="#sSpan1665" value="3"/>
		<feat xlink:href="#sSpan1672" value="1"/>
		<feat xlink:href="#sSpan1680" value="1"/>
		<feat xlink:href="#sSpan1690" value="3"/>
		<feat xlink:href="#sSpan1696" value="3"/>
		<feat xlink:href="#sSpan1701" value="1"/>
		<feat xlink:href="#sSpan1724" value="3"/>
		<feat xlink:href="#sSpan1731" value="1"/>
		<feat xlink:href="#sSpan1735" value="1"/>
		<feat xlink:href="#sSpan1750" value="3"/>
		<feat xlink:href="#sSpan1755" value="3"/>
		<feat xlink:href="#sSpan1763" value="3"/>
		<feat xlink:href="#sSpan1767" value="3"/>
		<feat xlink:href="#sSpan1770" value="3"/>
		<feat xlink:href="#sSpan1778" value="3"/>
		<feat xlink:href="#sSpan1785" value="3"/>
		<feat xlink:href="#sSpan1791" value="3"/>
		<feat xlink:href="#sSpan1807" value="3"/>
		<feat xlink:href="#sSpan1810" value="1"/>
		<feat xlink:href="#sSpan1815" value="1"/>
		<feat xlink:href="#sSpan1820" value="3"/>
		<feat xlink:href="#sSpan1825" value="1"/>
		<feat xlink:href="#sSpan1828" value="1"/>
		<feat xlink:href="#sSpan1837" value="3"/>
		<feat xlink:href="#sSpan1844" value="1"/>
		<feat xlink:href="#sSpan1847" value="1"/>
		<feat xlink:href="#sSpan1861" value="3"/>
		<feat xlink:href="#sSpan1869" value="3"/>
		<feat xlink:href="#sSpan1875" value="3"/>
		<feat xlink:href="#sSpan1880" value="1"/>
		<feat xlink:href="#sSpan1886" value="3"/>
		<feat xlink:href="#sSpan1894" value="3"/>
		<feat xlink:href="#sSpan1899" value="1"/>
		<feat xlink:href="#sSpan1906" value="1"/>
		<feat xlink:href="#sSpan1913" value="1"/>
		<feat xlink:href="#sSpan1914" value="1"/>
		<feat xlink:href="#sSpan1919" value="1"/>
		<feat xlink:href="#sSpan1927" value="3"/>
		<feat xlink:href="#sSpan1938" value="1"/>
		<feat xlink:href="#sSpan1941" value="1"/></featList></paula>