<?xml version='1.0' encoding='UTF-8'?><!DOCTYPE paula SYSTEM "paula_feat.dtd">
<paula version="1.1">
	<header paula_id="morph.GENTLE_esports_fifa.mark_Definite"/>
	<featList xmlns:xlink="http://www.w3.org/1999/xlink" type="Definite" xml:base="morph.GENTLE_esports_fifa.mark.xml">
		<feat xlink:href="#sSpan473" value="Def"/>
		<feat xlink:href="#sSpan479" value="Def"/>
		<feat xlink:href="#sSpan503" value="Def"/>
		<feat xlink:href="#sSpan511" value="Def"/>
		<feat xlink:href="#sSpan547" value="Def"/>
		<feat xlink:href="#sSpan579" value="Def"/>
		<feat xlink:href="#sSpan585" value="Def"/>
		<feat xlink:href="#sSpan600" value="Def"/>
		<feat xlink:href="#sSpan647" value="Def"/>
		<feat xlink:href="#sSpan684" value="Ind"/>
		<feat xlink:href="#sSpan712" value="Def"/>
		<feat xlink:href="#sSpan731" value="Ind"/>
		<feat xlink:href="#sSpan761" value="Ind"/>
		<feat xlink:href="#sSpan777" value="Def"/>
		<feat xlink:href="#sSpan791" value="Def"/>
		<feat xlink:href="#sSpan813" value="Def"/>
		<feat xlink:href="#sSpan827" value="Def"/>
		<feat xlink:href="#sSpan845" value="Def"/>
		<feat xlink:href="#sSpan897" value="Def"/>
		<feat xlink:href="#sSpan1002" value="Ind"/>
		<feat xlink:href="#sSpan1079" value="Def"/>
		<feat xlink:href="#sSpan1114" value="Def"/>
		<feat xlink:href="#sSpan1197" value="Ind"/>
		<feat xlink:href="#sSpan1297" value="Ind"/>
		<feat xlink:href="#sSpan1302" value="Def"/>
		<feat xlink:href="#sSpan1321" value="Ind"/>
		<feat xlink:href="#sSpan1365" value="Ind"/>
		<feat xlink:href="#sSpan1381" value="Ind"/>
		<feat xlink:href="#sSpan1418" value="Ind"/>
		<feat xlink:href="#sSpan1421" value="Def"/>
		<feat xlink:href="#sSpan1432" value="Ind"/>
		<feat xlink:href="#sSpan1474" value="Def"/>
		<feat xlink:href="#sSpan1497" value="Def"/>
		<feat xlink:href="#sSpan1523" value="Ind"/>
		<feat xlink:href="#sSpan1549" value="Ind"/>
		<feat xlink:href="#sSpan1553" value="Def"/>
		<feat xlink:href="#sSpan1556" value="Ind"/>
		<feat xlink:href="#sSpan1615" value="Ind"/>
		<feat xlink:href="#sSpan1660" value="Def"/>
		<feat xlink:href="#sSpan1715" value="Def"/>
		<feat xlink:href="#sSpan1796" value="Ind"/>
		<feat xlink:href="#sSpan1838" value="Def"/>
		<feat xlink:href="#sSpan1854" value="Def"/>
		<feat xlink:href="#sSpan1863" value="Def"/>
		<feat xlink:href="#sSpan1884" value="Def"/>
		<feat xlink:href="#sSpan1896" value="Def"/>
		<feat xlink:href="#sSpan1907" value="Def"/>
		<feat xlink:href="#sSpan1932" value="Def"/></featList></paula>