<?xml version='1.0' encoding='UTF-8'?><!DOCTYPE paula SYSTEM "paula_feat.dtd">
<paula version="1.1">
	<header paula_id="morph.GENTLE_esports_fifa.mark_VerbForm"/>
	<featList xmlns:xlink="http://www.w3.org/1999/xlink" type="VerbForm" xml:base="morph.GENTLE_esports_fifa.mark.xml">
		<feat xlink:href="#sSpan467" value="Fin"/>
		<feat xlink:href="#sSpan488" value="Fin"/>
		<feat xlink:href="#sSpan508" value="Part"/>
		<feat xlink:href="#sSpan517" value="Fin"/>
		<feat xlink:href="#sSpan524" value="Part"/>
		<feat xlink:href="#sSpan525" value="Inf"/>
		<feat xlink:href="#sSpan537" value="Fin"/>
		<feat xlink:href="#sSpan540" value="Fin"/>
		<feat xlink:href="#sSpan555" value="Fin"/>
		<feat xlink:href="#sSpan560" value="Part"/>
		<feat xlink:href="#sSpan573" value="Fin"/>
		<feat xlink:href="#sSpan590" value="Fin"/>
		<feat xlink:href="#sSpan594" value="Part"/>
		<feat xlink:href="#sSpan595" value="Inf"/>
		<feat xlink:href="#sSpan608" value="Fin"/>
		<feat xlink:href="#sSpan613" value="Part"/>
		<feat xlink:href="#sSpan615" value="Inf"/>
		<feat xlink:href="#sSpan617" value="Part"/>
		<feat xlink:href="#sSpan621" value="Fin"/>
		<feat xlink:href="#sSpan624" value="Part"/>
		<feat xlink:href="#sSpan642" value="Fin"/>
		<feat xlink:href="#sSpan657" value="Fin"/>
		<feat xlink:href="#sSpan667" value="Fin"/>
		<feat xlink:href="#sSpan678" value="Fin"/>
		<feat xlink:href="#sSpan679" value="Part"/>
		<feat xlink:href="#sSpan682" value="Inf"/>
		<feat xlink:href="#sSpan686" value="Part"/>
		<feat xlink:href="#sSpan695" value="Fin"/>
		<feat xlink:href="#sSpan701" value="Part"/>
		<feat xlink:href="#sSpan703" value="Inf"/>
		<feat xlink:href="#sSpan711" value="Inf"/>
		<feat xlink:href="#sSpan715" value="Ger"/>
		<feat xlink:href="#sSpan728" value="Fin"/>
		<feat xlink:href="#sSpan729" value="Part"/>
		<feat xlink:href="#sSpan735" value="Part"/>
		<feat xlink:href="#sSpan739" value="Part"/>
		<feat xlink:href="#sSpan745" value="Part"/>
		<feat xlink:href="#sSpan753" value="Part"/>
		<feat xlink:href="#sSpan768" value="Fin"/>
		<feat xlink:href="#sSpan773" value="Part"/>
		<feat xlink:href="#sSpan784" value="Fin"/>
		<feat xlink:href="#sSpan786" value="Part"/>
		<feat xlink:href="#sSpan803" value="Fin"/>
		<feat xlink:href="#sSpan817" value="Fin"/>
		<feat xlink:href="#sSpan822" value="Part"/>
		<feat xlink:href="#sSpan824" value="Inf"/>
		<feat xlink:href="#sSpan831" value="Fin"/>
		<feat xlink:href="#sSpan840" value="Fin"/>
		<feat xlink:href="#sSpan849" value="Ger"/>
		<feat xlink:href="#sSpan857" value="Fin"/>
		<feat xlink:href="#sSpan860" value="Part"/>
		<feat xlink:href="#sSpan861" value="Inf"/>
		<feat xlink:href="#sSpan862" value="Part"/>
		<feat xlink:href="#sSpan872" value="Fin"/>
		<feat xlink:href="#sSpan882" value="Fin"/>
		<feat xlink:href="#sSpan883" value="Inf"/>
		<feat xlink:href="#sSpan884" value="Inf"/>
		<feat xlink:href="#sSpan909" value="Fin"/>
		<feat xlink:href="#sSpan916" value="Fin"/>
		<feat xlink:href="#sSpan921" value="Part"/>
		<feat xlink:href="#sSpan923" value="Inf"/>
		<feat xlink:href="#sSpan941" value="Fin"/>
		<feat xlink:href="#sSpan951" value="Fin"/>
		<feat xlink:href="#sSpan961" value="Fin"/>
		<feat xlink:href="#sSpan965" value="Part"/>
		<feat xlink:href="#sSpan971" value="Fin"/>
		<feat xlink:href="#sSpan977" value="Inf"/>
		<feat xlink:href="#sSpan985" value="Fin"/>
		<feat xlink:href="#sSpan995" value="Fin"/>
		<feat xlink:href="#sSpan999" value="Part"/>
		<feat xlink:href="#sSpan1000" value="Inf"/>
		<feat xlink:href="#sSpan1015" value="Fin"/>
		<feat xlink:href="#sSpan1024" value="Fin"/>
		<feat xlink:href="#sSpan1025" value="Inf"/>
		<feat xlink:href="#sSpan1037" value="Part"/>
		<feat xlink:href="#sSpan1051" value="Fin"/>
		<feat xlink:href="#sSpan1066" value="Fin"/>
		<feat xlink:href="#sSpan1074" value="Fin"/>
		<feat xlink:href="#sSpan1090" value="Fin"/>
		<feat xlink:href="#sSpan1094" value="Part"/>
		<feat xlink:href="#sSpan1095" value="Inf"/>
		<feat xlink:href="#sSpan1105" value="Fin"/>
		<feat xlink:href="#sSpan1108" value="Part"/>
		<feat xlink:href="#sSpan1122" value="Fin"/>
		<feat xlink:href="#sSpan1133" value="Fin"/>
		<feat xlink:href="#sSpan1137" value="Part"/>
		<feat xlink:href="#sSpan1138" value="Inf"/>
		<feat xlink:href="#sSpan1139" value="Inf"/>
		<feat xlink:href="#sSpan1140" value="Inf"/>
		<feat xlink:href="#sSpan1142" value="Inf"/>
		<feat xlink:href="#sSpan1160" value="Fin"/>
		<feat xlink:href="#sSpan1161" value="Inf"/>
		<feat xlink:href="#sSpan1171" value="Fin"/>
		<feat xlink:href="#sSpan1182" value="Fin"/>
		<feat xlink:href="#sSpan1186" value="Inf"/>
		<feat xlink:href="#sSpan1192" value="Fin"/>
		<feat xlink:href="#sSpan1204" value="Fin"/>
		<feat xlink:href="#sSpan1208" value="Part"/>
		<feat xlink:href="#sSpan1216" value="Fin"/>
		<feat xlink:href="#sSpan1221" value="Fin"/>
		<feat xlink:href="#sSpan1229" value="Fin"/>
		<feat xlink:href="#sSpan1230" value="Inf"/>
		<feat xlink:href="#sSpan1232" value="Part"/>
		<feat xlink:href="#sSpan1257" value="Fin"/>
		<feat xlink:href="#sSpan1259" value="Part"/>
		<feat xlink:href="#sSpan1261" value="Inf"/>
		<feat xlink:href="#sSpan1267" value="Inf"/>
		<feat xlink:href="#sSpan1268" value="Inf"/>
		<feat xlink:href="#sSpan1279" value="Fin"/>
		<feat xlink:href="#sSpan1288" value="Fin"/>
		<feat xlink:href="#sSpan1289" value="Inf"/>
		<feat xlink:href="#sSpan1290" value="Part"/>
		<feat xlink:href="#sSpan1310" value="Fin"/>
		<feat xlink:href="#sSpan1316" value="Fin"/>
		<feat xlink:href="#sSpan1330" value="Fin"/>
		<feat xlink:href="#sSpan1331" value="Inf"/>
		<feat xlink:href="#sSpan1339" value="Fin"/>
		<feat xlink:href="#sSpan1344" value="Part"/>
		<feat xlink:href="#sSpan1353" value="Fin"/>
		<feat xlink:href="#sSpan1363" value="Inf"/>
		<feat xlink:href="#sSpan1379" value="Fin"/>
		<feat xlink:href="#sSpan1386" value="Fin"/>
		<feat xlink:href="#sSpan1402" value="Fin"/>
		<feat xlink:href="#sSpan1408" value="Fin"/>
		<feat xlink:href="#sSpan1414" value="Part"/>
		<feat xlink:href="#sSpan1416" value="Inf"/>
		<feat xlink:href="#sSpan1426" value="Fin"/>
		<feat xlink:href="#sSpan1429" value="Part"/>
		<feat xlink:href="#sSpan1442" value="Fin"/>
		<feat xlink:href="#sSpan1453" value="Fin"/>
		<feat xlink:href="#sSpan1455" value="Part"/>
		<feat xlink:href="#sSpan1466" value="Fin"/>
		<feat xlink:href="#sSpan1469" value="Fin"/>
		<feat xlink:href="#sSpan1482" value="Part"/>
		<feat xlink:href="#sSpan1494" value="Fin"/>
		<feat xlink:href="#sSpan1496" value="Inf"/>
		<feat xlink:href="#sSpan1508" value="Fin"/>
		<feat xlink:href="#sSpan1520" value="Part"/>
		<feat xlink:href="#sSpan1521" value="Inf"/>
		<feat xlink:href="#sSpan1526" value="Inf"/>
		<feat xlink:href="#sSpan1533" value="Fin"/>
		<feat xlink:href="#sSpan1535" value="Part"/>
		<feat xlink:href="#sSpan1545" value="Fin"/>
		<feat xlink:href="#sSpan1547" value="Inf"/>
		<feat xlink:href="#sSpan1563" value="Fin"/>
		<feat xlink:href="#sSpan1569" value="Part"/>
		<feat xlink:href="#sSpan1570" value="Inf"/>
		<feat xlink:href="#sSpan1578" value="Fin"/>
		<feat xlink:href="#sSpan1581" value="Part"/>
		<feat xlink:href="#sSpan1585" value="Part"/>
		<feat xlink:href="#sSpan1601" value="Fin"/>
		<feat xlink:href="#sSpan1603" value="Inf"/>
		<feat xlink:href="#sSpan1611" value="Fin"/>
		<feat xlink:href="#sSpan1617" value="Inf"/>
		<feat xlink:href="#sSpan1624" value="Fin"/>
		<feat xlink:href="#sSpan1629" value="Inf"/>
		<feat xlink:href="#sSpan1634" value="Fin"/>
		<feat xlink:href="#sSpan1643" value="Fin"/>
		<feat xlink:href="#sSpan1653" value="Fin"/>
		<feat xlink:href="#sSpan1666" value="Fin"/>
		<feat xlink:href="#sSpan1677" value="Fin"/>
		<feat xlink:href="#sSpan1681" value="Part"/>
		<feat xlink:href="#sSpan1684" value="Inf"/>
		<feat xlink:href="#sSpan1694" value="Fin"/>
		<feat xlink:href="#sSpan1698" value="Part"/>
		<feat xlink:href="#sSpan1700" value="Inf"/>
		<feat xlink:href="#sSpan1705" value="Inf"/>
		<feat xlink:href="#sSpan1726" value="Fin"/>
		<feat xlink:href="#sSpan1732" value="Fin"/>
		<feat xlink:href="#sSpan1737" value="Part"/>
		<feat xlink:href="#sSpan1741" value="Part"/>
		<feat xlink:href="#sSpan1745" value="Part"/>
		<feat xlink:href="#sSpan1757" value="Fin"/>
		<feat xlink:href="#sSpan1765" value="Fin"/>
		<feat xlink:href="#sSpan1777" value="Fin"/>
		<feat xlink:href="#sSpan1782" value="Part"/>
		<feat xlink:href="#sSpan1783" value="Inf"/>
		<feat xlink:href="#sSpan1792" value="Fin"/>
		<feat xlink:href="#sSpan1803" value="Fin"/>
		<feat xlink:href="#sSpan1817" value="Fin"/>
		<feat xlink:href="#sSpan1830" value="Fin"/>
		<feat xlink:href="#sSpan1848" value="Fin"/>
		<feat xlink:href="#sSpan1851" value="Inf"/>
		<feat xlink:href="#sSpan1858" value="Fin"/>
		<feat xlink:href="#sSpan1874" value="Fin"/>
		<feat xlink:href="#sSpan1882" value="Inf"/>
		<feat xlink:href="#sSpan1892" value="Fin"/>
		<feat xlink:href="#sSpan1904" value="Fin"/>
		<feat xlink:href="#sSpan1918" value="Fin"/>
		<feat xlink:href="#sSpan1923" value="Fin"/>
		<feat xlink:href="#sSpan1924" value="Inf"/>
		<feat xlink:href="#sSpan1925" value="Part"/>
		<feat xlink:href="#sSpan1942" value="Fin"/></featList></paula>