<?xml version='1.0' encoding='UTF-8'?><!DOCTYPE paula SYSTEM "paula_rel.dtd">
<paula version="1.1">
	<header paula_id="ref.GENTLE_esports_fifa.coref"/>
	<relList xmlns:xlink="http://www.w3.org/1999/xlink" type="coref">
		<rel id="sPointingRel1039" xlink:href="ref.GENTLE_esports_fifa.mark.xml#sSpan4" target="ref.GENTLE_esports_fifa.mark.xml#sSpan3"/>
		<rel id="sPointingRel1040" xlink:href="ref.GENTLE_esports_fifa.mark.xml#sSpan10" target="ref.GENTLE_esports_fifa.mark.xml#sSpan4"/>
		<rel id="sPointingRel1041" xlink:href="ref.GENTLE_esports_fifa.mark.xml#sSpan9" target="ref.GENTLE_esports_fifa.mark.xml#sSpan5"/>
		<rel id="sPointingRel1042" xlink:href="ref.GENTLE_esports_fifa.mark.xml#sSpan120" target="ref.GENTLE_esports_fifa.mark.xml#sSpan8"/>
		<rel id="sPointingRel1043" xlink:href="ref.GENTLE_esports_fifa.mark.xml#sSpan20" target="ref.GENTLE_esports_fifa.mark.xml#sSpan9"/>
		<rel id="sPointingRel1044" xlink:href="ref.GENTLE_esports_fifa.mark.xml#sSpan30" target="ref.GENTLE_esports_fifa.mark.xml#sSpan10"/>
		<rel id="sPointingRel1045" xlink:href="ref.GENTLE_esports_fifa.mark.xml#sSpan244" target="ref.GENTLE_esports_fifa.mark.xml#sSpan12"/>
		<rel id="sPointingRel1046" xlink:href="ref.GENTLE_esports_fifa.mark.xml#sSpan24" target="ref.GENTLE_esports_fifa.mark.xml#sSpan13"/>
		<rel id="sPointingRel1047" xlink:href="ref.GENTLE_esports_fifa.mark.xml#sSpan25" target="ref.GENTLE_esports_fifa.mark.xml#sSpan14"/>
		<rel id="sPointingRel1048" xlink:href="ref.GENTLE_esports_fifa.mark.xml#sSpan49" target="ref.GENTLE_esports_fifa.mark.xml#sSpan15"/>
		<rel id="sPointingRel1049" xlink:href="ref.GENTLE_esports_fifa.mark.xml#sSpan213" target="ref.GENTLE_esports_fifa.mark.xml#sSpan16"/>
		<rel id="sPointingRel1050" xlink:href="ref.GENTLE_esports_fifa.mark.xml#sSpan46" target="ref.GENTLE_esports_fifa.mark.xml#sSpan17"/>
		<rel id="sPointingRel1051" xlink:href="ref.GENTLE_esports_fifa.mark.xml#sSpan156" target="ref.GENTLE_esports_fifa.mark.xml#sSpan18"/>
		<rel id="sPointingRel1052" xlink:href="ref.GENTLE_esports_fifa.mark.xml#sSpan23" target="ref.GENTLE_esports_fifa.mark.xml#sSpan20"/>
		<rel id="sPointingRel1053" xlink:href="ref.GENTLE_esports_fifa.mark.xml#sSpan33" target="ref.GENTLE_esports_fifa.mark.xml#sSpan23"/>
		<rel id="sPointingRel1054" xlink:href="ref.GENTLE_esports_fifa.mark.xml#sSpan34" target="ref.GENTLE_esports_fifa.mark.xml#sSpan24"/>
		<rel id="sPointingRel1055" xlink:href="ref.GENTLE_esports_fifa.mark.xml#sSpan35" target="ref.GENTLE_esports_fifa.mark.xml#sSpan25"/>
		<rel id="sPointingRel1056" xlink:href="ref.GENTLE_esports_fifa.mark.xml#sSpan31" target="ref.GENTLE_esports_fifa.mark.xml#sSpan29"/>
		<rel id="sPointingRel1057" xlink:href="ref.GENTLE_esports_fifa.mark.xml#sSpan40" target="ref.GENTLE_esports_fifa.mark.xml#sSpan30"/>
		<rel id="sPointingRel1058" xlink:href="ref.GENTLE_esports_fifa.mark.xml#sSpan36" target="ref.GENTLE_esports_fifa.mark.xml#sSpan31"/>
		<rel id="sPointingRel1059" xlink:href="ref.GENTLE_esports_fifa.mark.xml#sSpan41" target="ref.GENTLE_esports_fifa.mark.xml#sSpan33"/>
		<rel id="sPointingRel1060" xlink:href="ref.GENTLE_esports_fifa.mark.xml#sSpan38" target="ref.GENTLE_esports_fifa.mark.xml#sSpan34"/>
		<rel id="sPointingRel1061" xlink:href="ref.GENTLE_esports_fifa.mark.xml#sSpan133" target="ref.GENTLE_esports_fifa.mark.xml#sSpan35"/>
		<rel id="sPointingRel1062" xlink:href="ref.GENTLE_esports_fifa.mark.xml#sSpan59" target="ref.GENTLE_esports_fifa.mark.xml#sSpan36"/>
		<rel id="sPointingRel1063" xlink:href="ref.GENTLE_esports_fifa.mark.xml#sSpan39" target="ref.GENTLE_esports_fifa.mark.xml#sSpan38"/>
		<rel id="sPointingRel1064" xlink:href="ref.GENTLE_esports_fifa.mark.xml#sSpan132" target="ref.GENTLE_esports_fifa.mark.xml#sSpan39"/>
		<rel id="sPointingRel1065" xlink:href="ref.GENTLE_esports_fifa.mark.xml#sSpan65" target="ref.GENTLE_esports_fifa.mark.xml#sSpan40"/>
		<rel id="sPointingRel1066" xlink:href="ref.GENTLE_esports_fifa.mark.xml#sSpan44" target="ref.GENTLE_esports_fifa.mark.xml#sSpan41"/>
		<rel id="sPointingRel1067" xlink:href="ref.GENTLE_esports_fifa.mark.xml#sSpan50" target="ref.GENTLE_esports_fifa.mark.xml#sSpan44"/>
		<rel id="sPointingRel1068" xlink:href="ref.GENTLE_esports_fifa.mark.xml#sSpan66" target="ref.GENTLE_esports_fifa.mark.xml#sSpan50"/>
		<rel id="sPointingRel1069" xlink:href="ref.GENTLE_esports_fifa.mark.xml#sSpan82" target="ref.GENTLE_esports_fifa.mark.xml#sSpan52"/>
		<rel id="sPointingRel1070" xlink:href="ref.GENTLE_esports_fifa.mark.xml#sSpan104" target="ref.GENTLE_esports_fifa.mark.xml#sSpan53"/>
		<rel id="sPointingRel1071" xlink:href="ref.GENTLE_esports_fifa.mark.xml#sSpan236" target="ref.GENTLE_esports_fifa.mark.xml#sSpan54"/>
		<rel id="sPointingRel1072" xlink:href="ref.GENTLE_esports_fifa.mark.xml#sSpan57" target="ref.GENTLE_esports_fifa.mark.xml#sSpan56"/>
		<rel id="sPointingRel1073" xlink:href="ref.GENTLE_esports_fifa.mark.xml#sSpan72" target="ref.GENTLE_esports_fifa.mark.xml#sSpan59"/>
		<rel id="sPointingRel1074" xlink:href="ref.GENTLE_esports_fifa.mark.xml#sSpan64" target="ref.GENTLE_esports_fifa.mark.xml#sSpan61"/>
		<rel id="sPointingRel1075" xlink:href="ref.GENTLE_esports_fifa.mark.xml#sSpan68" target="ref.GENTLE_esports_fifa.mark.xml#sSpan62"/>
		<rel id="sPointingRel1076" xlink:href="ref.GENTLE_esports_fifa.mark.xml#sSpan69" target="ref.GENTLE_esports_fifa.mark.xml#sSpan64"/>
		<rel id="sPointingRel1077" xlink:href="ref.GENTLE_esports_fifa.mark.xml#sSpan78" target="ref.GENTLE_esports_fifa.mark.xml#sSpan66"/>
		<rel id="sPointingRel1078" xlink:href="ref.GENTLE_esports_fifa.mark.xml#sSpan114" target="ref.GENTLE_esports_fifa.mark.xml#sSpan68"/>
		<rel id="sPointingRel1079" xlink:href="ref.GENTLE_esports_fifa.mark.xml#sSpan184" target="ref.GENTLE_esports_fifa.mark.xml#sSpan70"/>
		<rel id="sPointingRel1080" xlink:href="ref.GENTLE_esports_fifa.mark.xml#sSpan73" target="ref.GENTLE_esports_fifa.mark.xml#sSpan71"/>
		<rel id="sPointingRel1081" xlink:href="ref.GENTLE_esports_fifa.mark.xml#sSpan76" target="ref.GENTLE_esports_fifa.mark.xml#sSpan72"/>
		<rel id="sPointingRel1082" xlink:href="ref.GENTLE_esports_fifa.mark.xml#sSpan74" target="ref.GENTLE_esports_fifa.mark.xml#sSpan73"/>
		<rel id="sPointingRel1083" xlink:href="ref.GENTLE_esports_fifa.mark.xml#sSpan80" target="ref.GENTLE_esports_fifa.mark.xml#sSpan74"/>
		<rel id="sPointingRel1084" xlink:href="ref.GENTLE_esports_fifa.mark.xml#sSpan84" target="ref.GENTLE_esports_fifa.mark.xml#sSpan76"/>
		<rel id="sPointingRel1085" xlink:href="ref.GENTLE_esports_fifa.mark.xml#sSpan106" target="ref.GENTLE_esports_fifa.mark.xml#sSpan78"/>
		<rel id="sPointingRel1086" xlink:href="ref.GENTLE_esports_fifa.mark.xml#sSpan87" target="ref.GENTLE_esports_fifa.mark.xml#sSpan80"/>
		<rel id="sPointingRel1087" xlink:href="ref.GENTLE_esports_fifa.mark.xml#sSpan83" target="ref.GENTLE_esports_fifa.mark.xml#sSpan82"/>
		<rel id="sPointingRel1088" xlink:href="ref.GENTLE_esports_fifa.mark.xml#sSpan86" target="ref.GENTLE_esports_fifa.mark.xml#sSpan83"/>
		<rel id="sPointingRel1089" xlink:href="ref.GENTLE_esports_fifa.mark.xml#sSpan92" target="ref.GENTLE_esports_fifa.mark.xml#sSpan84"/>
		<rel id="sPointingRel1090" xlink:href="ref.GENTLE_esports_fifa.mark.xml#sSpan88" target="ref.GENTLE_esports_fifa.mark.xml#sSpan86"/>
		<rel id="sPointingRel1091" xlink:href="ref.GENTLE_esports_fifa.mark.xml#sSpan187" target="ref.GENTLE_esports_fifa.mark.xml#sSpan87"/>
		<rel id="sPointingRel1092" xlink:href="ref.GENTLE_esports_fifa.mark.xml#sSpan148" target="ref.GENTLE_esports_fifa.mark.xml#sSpan88"/>
		<rel id="sPointingRel1093" xlink:href="ref.GENTLE_esports_fifa.mark.xml#sSpan90" target="ref.GENTLE_esports_fifa.mark.xml#sSpan89"/>
		<rel id="sPointingRel1094" xlink:href="ref.GENTLE_esports_fifa.mark.xml#sSpan94" target="ref.GENTLE_esports_fifa.mark.xml#sSpan90"/>
		<rel id="sPointingRel1095" xlink:href="ref.GENTLE_esports_fifa.mark.xml#sSpan93" target="ref.GENTLE_esports_fifa.mark.xml#sSpan92"/>
		<rel id="sPointingRel1096" xlink:href="ref.GENTLE_esports_fifa.mark.xml#sSpan113" target="ref.GENTLE_esports_fifa.mark.xml#sSpan93"/>
		<rel id="sPointingRel1097" xlink:href="ref.GENTLE_esports_fifa.mark.xml#sSpan95" target="ref.GENTLE_esports_fifa.mark.xml#sSpan94"/>
		<rel id="sPointingRel1098" xlink:href="ref.GENTLE_esports_fifa.mark.xml#sSpan96" target="ref.GENTLE_esports_fifa.mark.xml#sSpan95"/>
		<rel id="sPointingRel1099" xlink:href="ref.GENTLE_esports_fifa.mark.xml#sSpan97" target="ref.GENTLE_esports_fifa.mark.xml#sSpan96"/>
		<rel id="sPointingRel1100" xlink:href="ref.GENTLE_esports_fifa.mark.xml#sSpan98" target="ref.GENTLE_esports_fifa.mark.xml#sSpan97"/>
		<rel id="sPointingRel1101" xlink:href="ref.GENTLE_esports_fifa.mark.xml#sSpan138" target="ref.GENTLE_esports_fifa.mark.xml#sSpan98"/>
		<rel id="sPointingRel1102" xlink:href="ref.GENTLE_esports_fifa.mark.xml#sSpan102" target="ref.GENTLE_esports_fifa.mark.xml#sSpan101"/>
		<rel id="sPointingRel1103" xlink:href="ref.GENTLE_esports_fifa.mark.xml#sSpan136" target="ref.GENTLE_esports_fifa.mark.xml#sSpan102"/>
		<rel id="sPointingRel1104" xlink:href="ref.GENTLE_esports_fifa.mark.xml#sSpan164" target="ref.GENTLE_esports_fifa.mark.xml#sSpan104"/>
		<rel id="sPointingRel1105" xlink:href="ref.GENTLE_esports_fifa.mark.xml#sSpan147" target="ref.GENTLE_esports_fifa.mark.xml#sSpan105"/>
		<rel id="sPointingRel1106" xlink:href="ref.GENTLE_esports_fifa.mark.xml#sSpan111" target="ref.GENTLE_esports_fifa.mark.xml#sSpan106"/>
		<rel id="sPointingRel1107" xlink:href="ref.GENTLE_esports_fifa.mark.xml#sSpan224" target="ref.GENTLE_esports_fifa.mark.xml#sSpan107"/>
		<rel id="sPointingRel1108" xlink:href="ref.GENTLE_esports_fifa.mark.xml#sSpan182" target="ref.GENTLE_esports_fifa.mark.xml#sSpan108"/>
		<rel id="sPointingRel1109" xlink:href="ref.GENTLE_esports_fifa.mark.xml#sSpan122" target="ref.GENTLE_esports_fifa.mark.xml#sSpan111"/>
		<rel id="sPointingRel1110" xlink:href="ref.GENTLE_esports_fifa.mark.xml#sSpan117" target="ref.GENTLE_esports_fifa.mark.xml#sSpan113"/>
		<rel id="sPointingRel1111" xlink:href="ref.GENTLE_esports_fifa.mark.xml#sSpan115" target="ref.GENTLE_esports_fifa.mark.xml#sSpan114"/>
		<rel id="sPointingRel1112" xlink:href="ref.GENTLE_esports_fifa.mark.xml#sSpan125" target="ref.GENTLE_esports_fifa.mark.xml#sSpan116"/>
		<rel id="sPointingRel1113" xlink:href="ref.GENTLE_esports_fifa.mark.xml#sSpan121" target="ref.GENTLE_esports_fifa.mark.xml#sSpan117"/>
		<rel id="sPointingRel1114" xlink:href="ref.GENTLE_esports_fifa.mark.xml#sSpan124" target="ref.GENTLE_esports_fifa.mark.xml#sSpan120"/>
		<rel id="sPointingRel1115" xlink:href="ref.GENTLE_esports_fifa.mark.xml#sSpan152" target="ref.GENTLE_esports_fifa.mark.xml#sSpan121"/>
		<rel id="sPointingRel1116" xlink:href="ref.GENTLE_esports_fifa.mark.xml#sSpan126" target="ref.GENTLE_esports_fifa.mark.xml#sSpan122"/>
		<rel id="sPointingRel1117" xlink:href="ref.GENTLE_esports_fifa.mark.xml#sSpan127" target="ref.GENTLE_esports_fifa.mark.xml#sSpan123"/>
		<rel id="sPointingRel1118" xlink:href="ref.GENTLE_esports_fifa.mark.xml#sSpan248" target="ref.GENTLE_esports_fifa.mark.xml#sSpan124"/>
		<rel id="sPointingRel1119" xlink:href="ref.GENTLE_esports_fifa.mark.xml#sSpan249" target="ref.GENTLE_esports_fifa.mark.xml#sSpan125"/>
		<rel id="sPointingRel1120" xlink:href="ref.GENTLE_esports_fifa.mark.xml#sSpan129" target="ref.GENTLE_esports_fifa.mark.xml#sSpan126"/>
		<rel id="sPointingRel1121" xlink:href="ref.GENTLE_esports_fifa.mark.xml#sSpan128" target="ref.GENTLE_esports_fifa.mark.xml#sSpan127"/>
		<rel id="sPointingRel1122" xlink:href="ref.GENTLE_esports_fifa.mark.xml#sSpan130" target="ref.GENTLE_esports_fifa.mark.xml#sSpan128"/>
		<rel id="sPointingRel1123" xlink:href="ref.GENTLE_esports_fifa.mark.xml#sSpan131" target="ref.GENTLE_esports_fifa.mark.xml#sSpan129"/>
		<rel id="sPointingRel1124" xlink:href="ref.GENTLE_esports_fifa.mark.xml#sSpan160" target="ref.GENTLE_esports_fifa.mark.xml#sSpan131"/>
		<rel id="sPointingRel1125" xlink:href="ref.GENTLE_esports_fifa.mark.xml#sSpan211" target="ref.GENTLE_esports_fifa.mark.xml#sSpan132"/>
		<rel id="sPointingRel1126" xlink:href="ref.GENTLE_esports_fifa.mark.xml#sSpan212" target="ref.GENTLE_esports_fifa.mark.xml#sSpan133"/>
		<rel id="sPointingRel1127" xlink:href="ref.GENTLE_esports_fifa.mark.xml#sSpan135" target="ref.GENTLE_esports_fifa.mark.xml#sSpan134"/>
		<rel id="sPointingRel1128" xlink:href="ref.GENTLE_esports_fifa.mark.xml#sSpan137" target="ref.GENTLE_esports_fifa.mark.xml#sSpan136"/>
		<rel id="sPointingRel1129" xlink:href="ref.GENTLE_esports_fifa.mark.xml#sSpan146" target="ref.GENTLE_esports_fifa.mark.xml#sSpan137"/>
		<rel id="sPointingRel1130" xlink:href="ref.GENTLE_esports_fifa.mark.xml#sSpan139" target="ref.GENTLE_esports_fifa.mark.xml#sSpan138"/>
		<rel id="sPointingRel1131" xlink:href="ref.GENTLE_esports_fifa.mark.xml#sSpan142" target="ref.GENTLE_esports_fifa.mark.xml#sSpan139"/>
		<rel id="sPointingRel1132" xlink:href="ref.GENTLE_esports_fifa.mark.xml#sSpan141" target="ref.GENTLE_esports_fifa.mark.xml#sSpan140"/>
		<rel id="sPointingRel1133" xlink:href="ref.GENTLE_esports_fifa.mark.xml#sSpan144" target="ref.GENTLE_esports_fifa.mark.xml#sSpan142"/>
		<rel id="sPointingRel1134" xlink:href="ref.GENTLE_esports_fifa.mark.xml#sSpan167" target="ref.GENTLE_esports_fifa.mark.xml#sSpan144"/>
		<rel id="sPointingRel1135" xlink:href="ref.GENTLE_esports_fifa.mark.xml#sSpan189" target="ref.GENTLE_esports_fifa.mark.xml#sSpan146"/>
		<rel id="sPointingRel1136" xlink:href="ref.GENTLE_esports_fifa.mark.xml#sSpan149" target="ref.GENTLE_esports_fifa.mark.xml#sSpan148"/>
		<rel id="sPointingRel1137" xlink:href="ref.GENTLE_esports_fifa.mark.xml#sSpan163" target="ref.GENTLE_esports_fifa.mark.xml#sSpan149"/>
		<rel id="sPointingRel1138" xlink:href="ref.GENTLE_esports_fifa.mark.xml#sSpan154" target="ref.GENTLE_esports_fifa.mark.xml#sSpan151"/>
		<rel id="sPointingRel1139" xlink:href="ref.GENTLE_esports_fifa.mark.xml#sSpan150" target="ref.GENTLE_esports_fifa.mark.xml#sSpan151"/>
		<rel id="sPointingRel1140" xlink:href="ref.GENTLE_esports_fifa.mark.xml#sSpan153" target="ref.GENTLE_esports_fifa.mark.xml#sSpan152"/>
		<rel id="sPointingRel1141" xlink:href="ref.GENTLE_esports_fifa.mark.xml#sSpan198" target="ref.GENTLE_esports_fifa.mark.xml#sSpan153"/>
		<rel id="sPointingRel1142" xlink:href="ref.GENTLE_esports_fifa.mark.xml#sSpan181" target="ref.GENTLE_esports_fifa.mark.xml#sSpan154"/>
		<rel id="sPointingRel1143" xlink:href="ref.GENTLE_esports_fifa.mark.xml#sSpan200" target="ref.GENTLE_esports_fifa.mark.xml#sSpan155"/>
		<rel id="sPointingRel1144" xlink:href="ref.GENTLE_esports_fifa.mark.xml#sSpan180" target="ref.GENTLE_esports_fifa.mark.xml#sSpan160"/>
		<rel id="sPointingRel1145" xlink:href="ref.GENTLE_esports_fifa.mark.xml#sSpan231" target="ref.GENTLE_esports_fifa.mark.xml#sSpan163"/>
		<rel id="sPointingRel1146" xlink:href="ref.GENTLE_esports_fifa.mark.xml#sSpan166" target="ref.GENTLE_esports_fifa.mark.xml#sSpan164"/>
		<rel id="sPointingRel1147" xlink:href="ref.GENTLE_esports_fifa.mark.xml#sSpan188" target="ref.GENTLE_esports_fifa.mark.xml#sSpan166"/>
		<rel id="sPointingRel1148" xlink:href="ref.GENTLE_esports_fifa.mark.xml#sSpan174" target="ref.GENTLE_esports_fifa.mark.xml#sSpan170"/>
		<rel id="sPointingRel1149" xlink:href="ref.GENTLE_esports_fifa.mark.xml#sSpan178" target="ref.GENTLE_esports_fifa.mark.xml#sSpan171"/>
		<rel id="sPointingRel1150" xlink:href="ref.GENTLE_esports_fifa.mark.xml#sSpan179" target="ref.GENTLE_esports_fifa.mark.xml#sSpan172"/>
		<rel id="sPointingRel1152" xlink:href="ref.GENTLE_esports_fifa.mark.xml#sSpan175" target="ref.GENTLE_esports_fifa.mark.xml#sSpan174"/>
		<rel id="sPointingRel1153" xlink:href="ref.GENTLE_esports_fifa.mark.xml#sSpan183" target="ref.GENTLE_esports_fifa.mark.xml#sSpan178"/>
		<rel id="sPointingRel1154" xlink:href="ref.GENTLE_esports_fifa.mark.xml#sSpan209" target="ref.GENTLE_esports_fifa.mark.xml#sSpan179"/>
		<rel id="sPointingRel1155" xlink:href="ref.GENTLE_esports_fifa.mark.xml#sSpan207" target="ref.GENTLE_esports_fifa.mark.xml#sSpan180"/>
		<rel id="sPointingRel1156" xlink:href="ref.GENTLE_esports_fifa.mark.xml#sSpan205" target="ref.GENTLE_esports_fifa.mark.xml#sSpan184"/>
		<rel id="sPointingRel1157" xlink:href="ref.GENTLE_esports_fifa.mark.xml#sSpan240" target="ref.GENTLE_esports_fifa.mark.xml#sSpan187"/>
		<rel id="sPointingRel1158" xlink:href="ref.GENTLE_esports_fifa.mark.xml#sSpan230" target="ref.GENTLE_esports_fifa.mark.xml#sSpan189"/>
		<rel id="sPointingRel1159" xlink:href="ref.GENTLE_esports_fifa.mark.xml#sSpan191" target="ref.GENTLE_esports_fifa.mark.xml#sSpan190"/>
		<rel id="sPointingRel1160" xlink:href="ref.GENTLE_esports_fifa.mark.xml#sSpan193" target="ref.GENTLE_esports_fifa.mark.xml#sSpan191"/>
		<rel id="sPointingRel1161" xlink:href="ref.GENTLE_esports_fifa.mark.xml#sSpan195" target="ref.GENTLE_esports_fifa.mark.xml#sSpan193"/>
		<rel id="sPointingRel1162" xlink:href="ref.GENTLE_esports_fifa.mark.xml#sSpan199" target="ref.GENTLE_esports_fifa.mark.xml#sSpan194"/>
		<rel id="sPointingRel1163" xlink:href="ref.GENTLE_esports_fifa.mark.xml#sSpan203" target="ref.GENTLE_esports_fifa.mark.xml#sSpan195"/>
		<rel id="sPointingRel1164" xlink:href="ref.GENTLE_esports_fifa.mark.xml#sSpan202" target="ref.GENTLE_esports_fifa.mark.xml#sSpan198"/>
		<rel id="sPointingRel1165" xlink:href="ref.GENTLE_esports_fifa.mark.xml#sSpan204" target="ref.GENTLE_esports_fifa.mark.xml#sSpan202"/>
		<rel id="sPointingRel1166" xlink:href="ref.GENTLE_esports_fifa.mark.xml#sSpan218" target="ref.GENTLE_esports_fifa.mark.xml#sSpan204"/>
		<rel id="sPointingRel1167" xlink:href="ref.GENTLE_esports_fifa.mark.xml#sSpan208" target="ref.GENTLE_esports_fifa.mark.xml#sSpan205"/>
		<rel id="sPointingRel1168" xlink:href="ref.GENTLE_esports_fifa.mark.xml#sSpan241" target="ref.GENTLE_esports_fifa.mark.xml#sSpan206"/>
		<rel id="sPointingRel1169" xlink:href="ref.GENTLE_esports_fifa.mark.xml#sSpan210" target="ref.GENTLE_esports_fifa.mark.xml#sSpan207"/>
		<rel id="sPointingRel1170" xlink:href="ref.GENTLE_esports_fifa.mark.xml#sSpan214" target="ref.GENTLE_esports_fifa.mark.xml#sSpan210"/>
		<rel id="sPointingRel1171" xlink:href="ref.GENTLE_esports_fifa.mark.xml#sSpan216" target="ref.GENTLE_esports_fifa.mark.xml#sSpan211"/>
		<rel id="sPointingRel1172" xlink:href="ref.GENTLE_esports_fifa.mark.xml#sSpan242" target="ref.GENTLE_esports_fifa.mark.xml#sSpan214"/>
		<rel id="sPointingRel1173" xlink:href="ref.GENTLE_esports_fifa.mark.xml#sSpan233" target="ref.GENTLE_esports_fifa.mark.xml#sSpan216"/>
		<rel id="sPointingRel1174" xlink:href="ref.GENTLE_esports_fifa.mark.xml#sSpan220" target="ref.GENTLE_esports_fifa.mark.xml#sSpan218"/>
		<rel id="sPointingRel1175" xlink:href="ref.GENTLE_esports_fifa.mark.xml#sSpan229" target="ref.GENTLE_esports_fifa.mark.xml#sSpan220"/>
		<rel id="sPointingRel1176" xlink:href="ref.GENTLE_esports_fifa.mark.xml#sSpan223" target="ref.GENTLE_esports_fifa.mark.xml#sSpan222"/>
		<rel id="sPointingRel1180" xlink:href="ref.GENTLE_esports_fifa.mark.xml#sSpan228" target="ref.GENTLE_esports_fifa.mark.xml#sSpan223"/>
		<rel id="sPointingRel1181" xlink:href="ref.GENTLE_esports_fifa.mark.xml#sSpan245" target="ref.GENTLE_esports_fifa.mark.xml#sSpan229"/>
		<rel id="sPointingRel1182" xlink:href="ref.GENTLE_esports_fifa.mark.xml#sSpan235" target="ref.GENTLE_esports_fifa.mark.xml#sSpan233"/>
		<rel id="sPointingRel1183" xlink:href="ref.GENTLE_esports_fifa.mark.xml#sSpan237" target="ref.GENTLE_esports_fifa.mark.xml#sSpan236"/>
		<rel id="sPointingRel1184" xlink:href="ref.GENTLE_esports_fifa.mark.xml#sSpan238" target="ref.GENTLE_esports_fifa.mark.xml#sSpan239"/>
		<rel id="sPointingRel1185" xlink:href="ref.GENTLE_esports_fifa.mark.xml#sSpan243" target="ref.GENTLE_esports_fifa.mark.xml#sSpan242"/>
		<rel id="sPointingRel1186" xlink:href="ref.GENTLE_esports_fifa.mark.xml#sSpan251" target="ref.GENTLE_esports_fifa.mark.xml#sSpan243"/>
		<rel id="sPointingRel1187" xlink:href="ref.GENTLE_esports_fifa.mark.xml#sSpan252" target="ref.GENTLE_esports_fifa.mark.xml#sSpan244"/>
		<rel id="sPointingRel1188" xlink:href="ref.GENTLE_esports_fifa.mark.xml#sSpan254" target="ref.GENTLE_esports_fifa.mark.xml#sSpan247"/>
		<rel id="sPointingRel1189" xlink:href="ref.GENTLE_esports_fifa.mark.xml#sSpan253" target="ref.GENTLE_esports_fifa.mark.xml#sSpan250"/>
		<rel id="sPointingRel1190" xlink:href="ref.GENTLE_esports_fifa.mark.xml#sSpan255" target="ref.GENTLE_esports_fifa.mark.xml#sSpan251"/>
		<rel id="sPointingRel1191" xlink:href="ref.GENTLE_esports_fifa.mark.xml#sSpan259" target="ref.GENTLE_esports_fifa.mark.xml#sSpan252"/>
		<rel id="sPointingRel1192" xlink:href="ref.GENTLE_esports_fifa.mark.xml#sSpan257" target="ref.GENTLE_esports_fifa.mark.xml#sSpan255"/>
		<rel id="sPointingRel1193" xlink:href="ref.GENTLE_esports_fifa.mark.xml#sSpan258" target="ref.GENTLE_esports_fifa.mark.xml#sSpan257"/>
		<rel id="sPointingRel1194" xlink:href="ref.GENTLE_esports_fifa.mark.xml#sSpan260" target="ref.GENTLE_esports_fifa.mark.xml#sSpan258"/></relList></paula>