<?xml version='1.0' encoding='UTF-8'?><!DOCTYPE paula SYSTEM "paula_rel.dtd">
<paula version="1.1">
	<header paula_id="ref.GENTLE_esports_fifa.coref"/>
	<relList xmlns:xlink="http://www.w3.org/1999/xlink" type="coref">
		<rel id="sPointingRel1170" xlink:href="ref.GENTLE_esports_fifa.mark.xml#sSpan136" target="ref.GENTLE_esports_fifa.mark.xml#sSpan135"/>
		<rel id="sPointingRel1171" xlink:href="ref.GENTLE_esports_fifa.mark.xml#sSpan142" target="ref.GENTLE_esports_fifa.mark.xml#sSpan136"/>
		<rel id="sPointingRel1172" xlink:href="ref.GENTLE_esports_fifa.mark.xml#sSpan141" target="ref.GENTLE_esports_fifa.mark.xml#sSpan137"/>
		<rel id="sPointingRel1173" xlink:href="ref.GENTLE_esports_fifa.mark.xml#sSpan252" target="ref.GENTLE_esports_fifa.mark.xml#sSpan140"/>
		<rel id="sPointingRel1174" xlink:href="ref.GENTLE_esports_fifa.mark.xml#sSpan152" target="ref.GENTLE_esports_fifa.mark.xml#sSpan141"/>
		<rel id="sPointingRel1175" xlink:href="ref.GENTLE_esports_fifa.mark.xml#sSpan162" target="ref.GENTLE_esports_fifa.mark.xml#sSpan142"/>
		<rel id="sPointingRel1176" xlink:href="ref.GENTLE_esports_fifa.mark.xml#sSpan376" target="ref.GENTLE_esports_fifa.mark.xml#sSpan144"/>
		<rel id="sPointingRel1177" xlink:href="ref.GENTLE_esports_fifa.mark.xml#sSpan156" target="ref.GENTLE_esports_fifa.mark.xml#sSpan145"/>
		<rel id="sPointingRel1178" xlink:href="ref.GENTLE_esports_fifa.mark.xml#sSpan157" target="ref.GENTLE_esports_fifa.mark.xml#sSpan146"/>
		<rel id="sPointingRel1179" xlink:href="ref.GENTLE_esports_fifa.mark.xml#sSpan181" target="ref.GENTLE_esports_fifa.mark.xml#sSpan147"/>
		<rel id="sPointingRel1180" xlink:href="ref.GENTLE_esports_fifa.mark.xml#sSpan345" target="ref.GENTLE_esports_fifa.mark.xml#sSpan148"/>
		<rel id="sPointingRel1181" xlink:href="ref.GENTLE_esports_fifa.mark.xml#sSpan178" target="ref.GENTLE_esports_fifa.mark.xml#sSpan149"/>
		<rel id="sPointingRel1182" xlink:href="ref.GENTLE_esports_fifa.mark.xml#sSpan288" target="ref.GENTLE_esports_fifa.mark.xml#sSpan150"/>
		<rel id="sPointingRel1183" xlink:href="ref.GENTLE_esports_fifa.mark.xml#sSpan155" target="ref.GENTLE_esports_fifa.mark.xml#sSpan152"/>
		<rel id="sPointingRel1184" xlink:href="ref.GENTLE_esports_fifa.mark.xml#sSpan165" target="ref.GENTLE_esports_fifa.mark.xml#sSpan155"/>
		<rel id="sPointingRel1185" xlink:href="ref.GENTLE_esports_fifa.mark.xml#sSpan166" target="ref.GENTLE_esports_fifa.mark.xml#sSpan156"/>
		<rel id="sPointingRel1186" xlink:href="ref.GENTLE_esports_fifa.mark.xml#sSpan167" target="ref.GENTLE_esports_fifa.mark.xml#sSpan157"/>
		<rel id="sPointingRel1187" xlink:href="ref.GENTLE_esports_fifa.mark.xml#sSpan163" target="ref.GENTLE_esports_fifa.mark.xml#sSpan161"/>
		<rel id="sPointingRel1188" xlink:href="ref.GENTLE_esports_fifa.mark.xml#sSpan172" target="ref.GENTLE_esports_fifa.mark.xml#sSpan162"/>
		<rel id="sPointingRel1189" xlink:href="ref.GENTLE_esports_fifa.mark.xml#sSpan168" target="ref.GENTLE_esports_fifa.mark.xml#sSpan163"/>
		<rel id="sPointingRel1190" xlink:href="ref.GENTLE_esports_fifa.mark.xml#sSpan173" target="ref.GENTLE_esports_fifa.mark.xml#sSpan165"/>
		<rel id="sPointingRel1191" xlink:href="ref.GENTLE_esports_fifa.mark.xml#sSpan170" target="ref.GENTLE_esports_fifa.mark.xml#sSpan166"/>
		<rel id="sPointingRel1192" xlink:href="ref.GENTLE_esports_fifa.mark.xml#sSpan265" target="ref.GENTLE_esports_fifa.mark.xml#sSpan167"/>
		<rel id="sPointingRel1193" xlink:href="ref.GENTLE_esports_fifa.mark.xml#sSpan191" target="ref.GENTLE_esports_fifa.mark.xml#sSpan168"/>
		<rel id="sPointingRel1194" xlink:href="ref.GENTLE_esports_fifa.mark.xml#sSpan171" target="ref.GENTLE_esports_fifa.mark.xml#sSpan170"/>
		<rel id="sPointingRel1195" xlink:href="ref.GENTLE_esports_fifa.mark.xml#sSpan264" target="ref.GENTLE_esports_fifa.mark.xml#sSpan171"/>
		<rel id="sPointingRel1196" xlink:href="ref.GENTLE_esports_fifa.mark.xml#sSpan197" target="ref.GENTLE_esports_fifa.mark.xml#sSpan172"/>
		<rel id="sPointingRel1197" xlink:href="ref.GENTLE_esports_fifa.mark.xml#sSpan176" target="ref.GENTLE_esports_fifa.mark.xml#sSpan173"/>
		<rel id="sPointingRel1198" xlink:href="ref.GENTLE_esports_fifa.mark.xml#sSpan182" target="ref.GENTLE_esports_fifa.mark.xml#sSpan176"/>
		<rel id="sPointingRel1199" xlink:href="ref.GENTLE_esports_fifa.mark.xml#sSpan198" target="ref.GENTLE_esports_fifa.mark.xml#sSpan182"/>
		<rel id="sPointingRel1200" xlink:href="ref.GENTLE_esports_fifa.mark.xml#sSpan214" target="ref.GENTLE_esports_fifa.mark.xml#sSpan184"/>
		<rel id="sPointingRel1201" xlink:href="ref.GENTLE_esports_fifa.mark.xml#sSpan236" target="ref.GENTLE_esports_fifa.mark.xml#sSpan185"/>
		<rel id="sPointingRel1202" xlink:href="ref.GENTLE_esports_fifa.mark.xml#sSpan368" target="ref.GENTLE_esports_fifa.mark.xml#sSpan186"/>
		<rel id="sPointingRel1203" xlink:href="ref.GENTLE_esports_fifa.mark.xml#sSpan189" target="ref.GENTLE_esports_fifa.mark.xml#sSpan188"/>
		<rel id="sPointingRel1204" xlink:href="ref.GENTLE_esports_fifa.mark.xml#sSpan204" target="ref.GENTLE_esports_fifa.mark.xml#sSpan191"/>
		<rel id="sPointingRel1205" xlink:href="ref.GENTLE_esports_fifa.mark.xml#sSpan196" target="ref.GENTLE_esports_fifa.mark.xml#sSpan193"/>
		<rel id="sPointingRel1206" xlink:href="ref.GENTLE_esports_fifa.mark.xml#sSpan200" target="ref.GENTLE_esports_fifa.mark.xml#sSpan194"/>
		<rel id="sPointingRel1207" xlink:href="ref.GENTLE_esports_fifa.mark.xml#sSpan201" target="ref.GENTLE_esports_fifa.mark.xml#sSpan196"/>
		<rel id="sPointingRel1208" xlink:href="ref.GENTLE_esports_fifa.mark.xml#sSpan210" target="ref.GENTLE_esports_fifa.mark.xml#sSpan198"/>
		<rel id="sPointingRel1209" xlink:href="ref.GENTLE_esports_fifa.mark.xml#sSpan246" target="ref.GENTLE_esports_fifa.mark.xml#sSpan200"/>
		<rel id="sPointingRel1210" xlink:href="ref.GENTLE_esports_fifa.mark.xml#sSpan316" target="ref.GENTLE_esports_fifa.mark.xml#sSpan202"/>
		<rel id="sPointingRel1211" xlink:href="ref.GENTLE_esports_fifa.mark.xml#sSpan205" target="ref.GENTLE_esports_fifa.mark.xml#sSpan203"/>
		<rel id="sPointingRel1212" xlink:href="ref.GENTLE_esports_fifa.mark.xml#sSpan208" target="ref.GENTLE_esports_fifa.mark.xml#sSpan204"/>
		<rel id="sPointingRel1213" xlink:href="ref.GENTLE_esports_fifa.mark.xml#sSpan206" target="ref.GENTLE_esports_fifa.mark.xml#sSpan205"/>
		<rel id="sPointingRel1214" xlink:href="ref.GENTLE_esports_fifa.mark.xml#sSpan212" target="ref.GENTLE_esports_fifa.mark.xml#sSpan206"/>
		<rel id="sPointingRel1215" xlink:href="ref.GENTLE_esports_fifa.mark.xml#sSpan216" target="ref.GENTLE_esports_fifa.mark.xml#sSpan208"/>
		<rel id="sPointingRel1216" xlink:href="ref.GENTLE_esports_fifa.mark.xml#sSpan238" target="ref.GENTLE_esports_fifa.mark.xml#sSpan210"/>
		<rel id="sPointingRel1217" xlink:href="ref.GENTLE_esports_fifa.mark.xml#sSpan219" target="ref.GENTLE_esports_fifa.mark.xml#sSpan212"/>
		<rel id="sPointingRel1218" xlink:href="ref.GENTLE_esports_fifa.mark.xml#sSpan215" target="ref.GENTLE_esports_fifa.mark.xml#sSpan214"/>
		<rel id="sPointingRel1219" xlink:href="ref.GENTLE_esports_fifa.mark.xml#sSpan218" target="ref.GENTLE_esports_fifa.mark.xml#sSpan215"/>
		<rel id="sPointingRel1220" xlink:href="ref.GENTLE_esports_fifa.mark.xml#sSpan224" target="ref.GENTLE_esports_fifa.mark.xml#sSpan216"/>
		<rel id="sPointingRel1221" xlink:href="ref.GENTLE_esports_fifa.mark.xml#sSpan220" target="ref.GENTLE_esports_fifa.mark.xml#sSpan218"/>
		<rel id="sPointingRel1222" xlink:href="ref.GENTLE_esports_fifa.mark.xml#sSpan319" target="ref.GENTLE_esports_fifa.mark.xml#sSpan219"/>
		<rel id="sPointingRel1223" xlink:href="ref.GENTLE_esports_fifa.mark.xml#sSpan280" target="ref.GENTLE_esports_fifa.mark.xml#sSpan220"/>
		<rel id="sPointingRel1224" xlink:href="ref.GENTLE_esports_fifa.mark.xml#sSpan222" target="ref.GENTLE_esports_fifa.mark.xml#sSpan221"/>
		<rel id="sPointingRel1225" xlink:href="ref.GENTLE_esports_fifa.mark.xml#sSpan226" target="ref.GENTLE_esports_fifa.mark.xml#sSpan222"/>
		<rel id="sPointingRel1226" xlink:href="ref.GENTLE_esports_fifa.mark.xml#sSpan225" target="ref.GENTLE_esports_fifa.mark.xml#sSpan224"/>
		<rel id="sPointingRel1227" xlink:href="ref.GENTLE_esports_fifa.mark.xml#sSpan245" target="ref.GENTLE_esports_fifa.mark.xml#sSpan225"/>
		<rel id="sPointingRel1228" xlink:href="ref.GENTLE_esports_fifa.mark.xml#sSpan227" target="ref.GENTLE_esports_fifa.mark.xml#sSpan226"/>
		<rel id="sPointingRel1229" xlink:href="ref.GENTLE_esports_fifa.mark.xml#sSpan228" target="ref.GENTLE_esports_fifa.mark.xml#sSpan227"/>
		<rel id="sPointingRel1230" xlink:href="ref.GENTLE_esports_fifa.mark.xml#sSpan229" target="ref.GENTLE_esports_fifa.mark.xml#sSpan228"/>
		<rel id="sPointingRel1231" xlink:href="ref.GENTLE_esports_fifa.mark.xml#sSpan230" target="ref.GENTLE_esports_fifa.mark.xml#sSpan229"/>
		<rel id="sPointingRel1232" xlink:href="ref.GENTLE_esports_fifa.mark.xml#sSpan270" target="ref.GENTLE_esports_fifa.mark.xml#sSpan230"/>
		<rel id="sPointingRel1233" xlink:href="ref.GENTLE_esports_fifa.mark.xml#sSpan234" target="ref.GENTLE_esports_fifa.mark.xml#sSpan233"/>
		<rel id="sPointingRel1234" xlink:href="ref.GENTLE_esports_fifa.mark.xml#sSpan268" target="ref.GENTLE_esports_fifa.mark.xml#sSpan234"/>
		<rel id="sPointingRel1235" xlink:href="ref.GENTLE_esports_fifa.mark.xml#sSpan296" target="ref.GENTLE_esports_fifa.mark.xml#sSpan236"/>
		<rel id="sPointingRel1236" xlink:href="ref.GENTLE_esports_fifa.mark.xml#sSpan279" target="ref.GENTLE_esports_fifa.mark.xml#sSpan237"/>
		<rel id="sPointingRel1237" xlink:href="ref.GENTLE_esports_fifa.mark.xml#sSpan243" target="ref.GENTLE_esports_fifa.mark.xml#sSpan238"/>
		<rel id="sPointingRel1238" xlink:href="ref.GENTLE_esports_fifa.mark.xml#sSpan356" target="ref.GENTLE_esports_fifa.mark.xml#sSpan239"/>
		<rel id="sPointingRel1239" xlink:href="ref.GENTLE_esports_fifa.mark.xml#sSpan314" target="ref.GENTLE_esports_fifa.mark.xml#sSpan240"/>
		<rel id="sPointingRel1240" xlink:href="ref.GENTLE_esports_fifa.mark.xml#sSpan254" target="ref.GENTLE_esports_fifa.mark.xml#sSpan243"/>
		<rel id="sPointingRel1241" xlink:href="ref.GENTLE_esports_fifa.mark.xml#sSpan249" target="ref.GENTLE_esports_fifa.mark.xml#sSpan245"/>
		<rel id="sPointingRel1242" xlink:href="ref.GENTLE_esports_fifa.mark.xml#sSpan247" target="ref.GENTLE_esports_fifa.mark.xml#sSpan246"/>
		<rel id="sPointingRel1243" xlink:href="ref.GENTLE_esports_fifa.mark.xml#sSpan257" target="ref.GENTLE_esports_fifa.mark.xml#sSpan248"/>
		<rel id="sPointingRel1244" xlink:href="ref.GENTLE_esports_fifa.mark.xml#sSpan253" target="ref.GENTLE_esports_fifa.mark.xml#sSpan249"/>
		<rel id="sPointingRel1245" xlink:href="ref.GENTLE_esports_fifa.mark.xml#sSpan256" target="ref.GENTLE_esports_fifa.mark.xml#sSpan252"/>
		<rel id="sPointingRel1246" xlink:href="ref.GENTLE_esports_fifa.mark.xml#sSpan284" target="ref.GENTLE_esports_fifa.mark.xml#sSpan253"/>
		<rel id="sPointingRel1247" xlink:href="ref.GENTLE_esports_fifa.mark.xml#sSpan258" target="ref.GENTLE_esports_fifa.mark.xml#sSpan254"/>
		<rel id="sPointingRel1248" xlink:href="ref.GENTLE_esports_fifa.mark.xml#sSpan259" target="ref.GENTLE_esports_fifa.mark.xml#sSpan255"/>
		<rel id="sPointingRel1249" xlink:href="ref.GENTLE_esports_fifa.mark.xml#sSpan380" target="ref.GENTLE_esports_fifa.mark.xml#sSpan256"/>
		<rel id="sPointingRel1250" xlink:href="ref.GENTLE_esports_fifa.mark.xml#sSpan381" target="ref.GENTLE_esports_fifa.mark.xml#sSpan257"/>
		<rel id="sPointingRel1251" xlink:href="ref.GENTLE_esports_fifa.mark.xml#sSpan261" target="ref.GENTLE_esports_fifa.mark.xml#sSpan258"/>
		<rel id="sPointingRel1252" xlink:href="ref.GENTLE_esports_fifa.mark.xml#sSpan260" target="ref.GENTLE_esports_fifa.mark.xml#sSpan259"/>
		<rel id="sPointingRel1253" xlink:href="ref.GENTLE_esports_fifa.mark.xml#sSpan262" target="ref.GENTLE_esports_fifa.mark.xml#sSpan260"/>
		<rel id="sPointingRel1254" xlink:href="ref.GENTLE_esports_fifa.mark.xml#sSpan263" target="ref.GENTLE_esports_fifa.mark.xml#sSpan261"/>
		<rel id="sPointingRel1255" xlink:href="ref.GENTLE_esports_fifa.mark.xml#sSpan292" target="ref.GENTLE_esports_fifa.mark.xml#sSpan263"/>
		<rel id="sPointingRel1256" xlink:href="ref.GENTLE_esports_fifa.mark.xml#sSpan343" target="ref.GENTLE_esports_fifa.mark.xml#sSpan264"/>
		<rel id="sPointingRel1257" xlink:href="ref.GENTLE_esports_fifa.mark.xml#sSpan344" target="ref.GENTLE_esports_fifa.mark.xml#sSpan265"/>
		<rel id="sPointingRel1258" xlink:href="ref.GENTLE_esports_fifa.mark.xml#sSpan267" target="ref.GENTLE_esports_fifa.mark.xml#sSpan266"/>
		<rel id="sPointingRel1259" xlink:href="ref.GENTLE_esports_fifa.mark.xml#sSpan269" target="ref.GENTLE_esports_fifa.mark.xml#sSpan268"/>
		<rel id="sPointingRel1260" xlink:href="ref.GENTLE_esports_fifa.mark.xml#sSpan278" target="ref.GENTLE_esports_fifa.mark.xml#sSpan269"/>
		<rel id="sPointingRel1261" xlink:href="ref.GENTLE_esports_fifa.mark.xml#sSpan271" target="ref.GENTLE_esports_fifa.mark.xml#sSpan270"/>
		<rel id="sPointingRel1262" xlink:href="ref.GENTLE_esports_fifa.mark.xml#sSpan274" target="ref.GENTLE_esports_fifa.mark.xml#sSpan271"/>
		<rel id="sPointingRel1263" xlink:href="ref.GENTLE_esports_fifa.mark.xml#sSpan273" target="ref.GENTLE_esports_fifa.mark.xml#sSpan272"/>
		<rel id="sPointingRel1264" xlink:href="ref.GENTLE_esports_fifa.mark.xml#sSpan276" target="ref.GENTLE_esports_fifa.mark.xml#sSpan274"/>
		<rel id="sPointingRel1265" xlink:href="ref.GENTLE_esports_fifa.mark.xml#sSpan299" target="ref.GENTLE_esports_fifa.mark.xml#sSpan276"/>
		<rel id="sPointingRel1266" xlink:href="ref.GENTLE_esports_fifa.mark.xml#sSpan321" target="ref.GENTLE_esports_fifa.mark.xml#sSpan278"/>
		<rel id="sPointingRel1267" xlink:href="ref.GENTLE_esports_fifa.mark.xml#sSpan281" target="ref.GENTLE_esports_fifa.mark.xml#sSpan280"/>
		<rel id="sPointingRel1268" xlink:href="ref.GENTLE_esports_fifa.mark.xml#sSpan295" target="ref.GENTLE_esports_fifa.mark.xml#sSpan281"/>
		<rel id="sPointingRel1269" xlink:href="ref.GENTLE_esports_fifa.mark.xml#sSpan286" target="ref.GENTLE_esports_fifa.mark.xml#sSpan283"/>
		<rel id="sPointingRel1270" xlink:href="ref.GENTLE_esports_fifa.mark.xml#sSpan282" target="ref.GENTLE_esports_fifa.mark.xml#sSpan283"/>
		<rel id="sPointingRel1271" xlink:href="ref.GENTLE_esports_fifa.mark.xml#sSpan285" target="ref.GENTLE_esports_fifa.mark.xml#sSpan284"/>
		<rel id="sPointingRel1272" xlink:href="ref.GENTLE_esports_fifa.mark.xml#sSpan330" target="ref.GENTLE_esports_fifa.mark.xml#sSpan285"/>
		<rel id="sPointingRel1273" xlink:href="ref.GENTLE_esports_fifa.mark.xml#sSpan313" target="ref.GENTLE_esports_fifa.mark.xml#sSpan286"/>
		<rel id="sPointingRel1274" xlink:href="ref.GENTLE_esports_fifa.mark.xml#sSpan332" target="ref.GENTLE_esports_fifa.mark.xml#sSpan287"/>
		<rel id="sPointingRel1275" xlink:href="ref.GENTLE_esports_fifa.mark.xml#sSpan312" target="ref.GENTLE_esports_fifa.mark.xml#sSpan292"/>
		<rel id="sPointingRel1276" xlink:href="ref.GENTLE_esports_fifa.mark.xml#sSpan363" target="ref.GENTLE_esports_fifa.mark.xml#sSpan295"/>
		<rel id="sPointingRel1277" xlink:href="ref.GENTLE_esports_fifa.mark.xml#sSpan298" target="ref.GENTLE_esports_fifa.mark.xml#sSpan296"/>
		<rel id="sPointingRel1278" xlink:href="ref.GENTLE_esports_fifa.mark.xml#sSpan320" target="ref.GENTLE_esports_fifa.mark.xml#sSpan298"/>
		<rel id="sPointingRel1279" xlink:href="ref.GENTLE_esports_fifa.mark.xml#sSpan306" target="ref.GENTLE_esports_fifa.mark.xml#sSpan302"/>
		<rel id="sPointingRel1280" xlink:href="ref.GENTLE_esports_fifa.mark.xml#sSpan310" target="ref.GENTLE_esports_fifa.mark.xml#sSpan303"/>
		<rel id="sPointingRel1281" xlink:href="ref.GENTLE_esports_fifa.mark.xml#sSpan311" target="ref.GENTLE_esports_fifa.mark.xml#sSpan304"/>
		<rel id="sPointingRel1283" xlink:href="ref.GENTLE_esports_fifa.mark.xml#sSpan307" target="ref.GENTLE_esports_fifa.mark.xml#sSpan306"/>
		<rel id="sPointingRel1284" xlink:href="ref.GENTLE_esports_fifa.mark.xml#sSpan315" target="ref.GENTLE_esports_fifa.mark.xml#sSpan310"/>
		<rel id="sPointingRel1285" xlink:href="ref.GENTLE_esports_fifa.mark.xml#sSpan341" target="ref.GENTLE_esports_fifa.mark.xml#sSpan311"/>
		<rel id="sPointingRel1286" xlink:href="ref.GENTLE_esports_fifa.mark.xml#sSpan339" target="ref.GENTLE_esports_fifa.mark.xml#sSpan312"/>
		<rel id="sPointingRel1287" xlink:href="ref.GENTLE_esports_fifa.mark.xml#sSpan337" target="ref.GENTLE_esports_fifa.mark.xml#sSpan316"/>
		<rel id="sPointingRel1288" xlink:href="ref.GENTLE_esports_fifa.mark.xml#sSpan372" target="ref.GENTLE_esports_fifa.mark.xml#sSpan319"/>
		<rel id="sPointingRel1289" xlink:href="ref.GENTLE_esports_fifa.mark.xml#sSpan362" target="ref.GENTLE_esports_fifa.mark.xml#sSpan321"/>
		<rel id="sPointingRel1290" xlink:href="ref.GENTLE_esports_fifa.mark.xml#sSpan323" target="ref.GENTLE_esports_fifa.mark.xml#sSpan322"/>
		<rel id="sPointingRel1291" xlink:href="ref.GENTLE_esports_fifa.mark.xml#sSpan325" target="ref.GENTLE_esports_fifa.mark.xml#sSpan323"/>
		<rel id="sPointingRel1292" xlink:href="ref.GENTLE_esports_fifa.mark.xml#sSpan327" target="ref.GENTLE_esports_fifa.mark.xml#sSpan325"/>
		<rel id="sPointingRel1293" xlink:href="ref.GENTLE_esports_fifa.mark.xml#sSpan331" target="ref.GENTLE_esports_fifa.mark.xml#sSpan326"/>
		<rel id="sPointingRel1294" xlink:href="ref.GENTLE_esports_fifa.mark.xml#sSpan335" target="ref.GENTLE_esports_fifa.mark.xml#sSpan327"/>
		<rel id="sPointingRel1295" xlink:href="ref.GENTLE_esports_fifa.mark.xml#sSpan334" target="ref.GENTLE_esports_fifa.mark.xml#sSpan330"/>
		<rel id="sPointingRel1296" xlink:href="ref.GENTLE_esports_fifa.mark.xml#sSpan336" target="ref.GENTLE_esports_fifa.mark.xml#sSpan334"/>
		<rel id="sPointingRel1297" xlink:href="ref.GENTLE_esports_fifa.mark.xml#sSpan350" target="ref.GENTLE_esports_fifa.mark.xml#sSpan336"/>
		<rel id="sPointingRel1298" xlink:href="ref.GENTLE_esports_fifa.mark.xml#sSpan340" target="ref.GENTLE_esports_fifa.mark.xml#sSpan337"/>
		<rel id="sPointingRel1299" xlink:href="ref.GENTLE_esports_fifa.mark.xml#sSpan373" target="ref.GENTLE_esports_fifa.mark.xml#sSpan338"/>
		<rel id="sPointingRel1300" xlink:href="ref.GENTLE_esports_fifa.mark.xml#sSpan342" target="ref.GENTLE_esports_fifa.mark.xml#sSpan339"/>
		<rel id="sPointingRel1301" xlink:href="ref.GENTLE_esports_fifa.mark.xml#sSpan346" target="ref.GENTLE_esports_fifa.mark.xml#sSpan342"/>
		<rel id="sPointingRel1302" xlink:href="ref.GENTLE_esports_fifa.mark.xml#sSpan348" target="ref.GENTLE_esports_fifa.mark.xml#sSpan343"/>
		<rel id="sPointingRel1303" xlink:href="ref.GENTLE_esports_fifa.mark.xml#sSpan374" target="ref.GENTLE_esports_fifa.mark.xml#sSpan346"/>
		<rel id="sPointingRel1304" xlink:href="ref.GENTLE_esports_fifa.mark.xml#sSpan365" target="ref.GENTLE_esports_fifa.mark.xml#sSpan348"/>
		<rel id="sPointingRel1305" xlink:href="ref.GENTLE_esports_fifa.mark.xml#sSpan352" target="ref.GENTLE_esports_fifa.mark.xml#sSpan350"/>
		<rel id="sPointingRel1306" xlink:href="ref.GENTLE_esports_fifa.mark.xml#sSpan361" target="ref.GENTLE_esports_fifa.mark.xml#sSpan352"/>
		<rel id="sPointingRel1307" xlink:href="ref.GENTLE_esports_fifa.mark.xml#sSpan355" target="ref.GENTLE_esports_fifa.mark.xml#sSpan354"/>
		<rel id="sPointingRel1311" xlink:href="ref.GENTLE_esports_fifa.mark.xml#sSpan360" target="ref.GENTLE_esports_fifa.mark.xml#sSpan355"/>
		<rel id="sPointingRel1312" xlink:href="ref.GENTLE_esports_fifa.mark.xml#sSpan377" target="ref.GENTLE_esports_fifa.mark.xml#sSpan361"/>
		<rel id="sPointingRel1313" xlink:href="ref.GENTLE_esports_fifa.mark.xml#sSpan367" target="ref.GENTLE_esports_fifa.mark.xml#sSpan365"/>
		<rel id="sPointingRel1314" xlink:href="ref.GENTLE_esports_fifa.mark.xml#sSpan369" target="ref.GENTLE_esports_fifa.mark.xml#sSpan368"/>
		<rel id="sPointingRel1315" xlink:href="ref.GENTLE_esports_fifa.mark.xml#sSpan370" target="ref.GENTLE_esports_fifa.mark.xml#sSpan371"/>
		<rel id="sPointingRel1316" xlink:href="ref.GENTLE_esports_fifa.mark.xml#sSpan375" target="ref.GENTLE_esports_fifa.mark.xml#sSpan374"/>
		<rel id="sPointingRel1317" xlink:href="ref.GENTLE_esports_fifa.mark.xml#sSpan383" target="ref.GENTLE_esports_fifa.mark.xml#sSpan375"/>
		<rel id="sPointingRel1318" xlink:href="ref.GENTLE_esports_fifa.mark.xml#sSpan384" target="ref.GENTLE_esports_fifa.mark.xml#sSpan376"/>
		<rel id="sPointingRel1319" xlink:href="ref.GENTLE_esports_fifa.mark.xml#sSpan386" target="ref.GENTLE_esports_fifa.mark.xml#sSpan379"/>
		<rel id="sPointingRel1320" xlink:href="ref.GENTLE_esports_fifa.mark.xml#sSpan385" target="ref.GENTLE_esports_fifa.mark.xml#sSpan382"/>
		<rel id="sPointingRel1321" xlink:href="ref.GENTLE_esports_fifa.mark.xml#sSpan387" target="ref.GENTLE_esports_fifa.mark.xml#sSpan383"/>
		<rel id="sPointingRel1322" xlink:href="ref.GENTLE_esports_fifa.mark.xml#sSpan391" target="ref.GENTLE_esports_fifa.mark.xml#sSpan384"/>
		<rel id="sPointingRel1323" xlink:href="ref.GENTLE_esports_fifa.mark.xml#sSpan389" target="ref.GENTLE_esports_fifa.mark.xml#sSpan387"/>
		<rel id="sPointingRel1324" xlink:href="ref.GENTLE_esports_fifa.mark.xml#sSpan390" target="ref.GENTLE_esports_fifa.mark.xml#sSpan389"/>
		<rel id="sPointingRel1325" xlink:href="ref.GENTLE_esports_fifa.mark.xml#sSpan392" target="ref.GENTLE_esports_fifa.mark.xml#sSpan390"/></relList></paula>