<?xml version='1.0' encoding='UTF-8'?><!DOCTYPE paula SYSTEM "paula_feat.dtd">
<paula version="1.1">
	<header paula_id="ref.GENTLE_esports_fifa.mark_identity"/>
	<featList xmlns:xlink="http://www.w3.org/1999/xlink" type="identity" xml:base="ref.GENTLE_esports_fifa.mark.xml">
		<feat xlink:href="#sSpan3" value="S.S.C._Napoli"/>
		<feat xlink:href="#sSpan4" value="S.S.C._Napoli"/>
		<feat xlink:href="#sSpan8" value="UEFA_Champions_League"/>
		<feat xlink:href="#sSpan10" value="S.S.C._Napoli"/>
		<feat xlink:href="#sSpan13" value="Manchester_City_F.C."/>
		<feat xlink:href="#sSpan14" value="Manchester"/>
		<feat xlink:href="#sSpan22" value="April"/>
		<feat xlink:href="#sSpan24" value="Manchester_City_F.C."/>
		<feat xlink:href="#sSpan25" value="Manchester"/>
		<feat xlink:href="#sSpan30" value="S.S.C._Napoli"/>
		<feat xlink:href="#sSpan34" value="Manchester_City_F.C."/>
		<feat xlink:href="#sSpan35" value="Manchester"/>
		<feat xlink:href="#sSpan38" value="Manchester_City_F.C."/>
		<feat xlink:href="#sSpan39" value="Manchester_City_F.C."/>
		<feat xlink:href="#sSpan40" value="S.S.C._Napoli"/>
		<feat xlink:href="#sSpan43" value="Benevento_Calcio"/>
		<feat xlink:href="#sSpan52" value="Luka_Jović"/>
		<feat xlink:href="#sSpan53" value="Donny_van_de_Beek"/>
		<feat xlink:href="#sSpan54" value="Zlatan_Ibrahimović"/>
		<feat xlink:href="#sSpan56" value="Tiémoué_Bakayoko"/>
		<feat xlink:href="#sSpan57" value="Tiémoué_Bakayoko"/>
		<feat xlink:href="#sSpan60" value="Serie_A"/>
		<feat xlink:href="#sSpan62" value="Scudetto"/>
		<feat xlink:href="#sSpan65" value="S.S.C._Napoli"/>
		<feat xlink:href="#sSpan68" value="Scudetto"/>
		<feat xlink:href="#sSpan70" value="Genoa_C.F.C."/>
		<feat xlink:href="#sSpan71" value="Genoa_C.F.C."/>
		<feat xlink:href="#sSpan73" value="Genoa_C.F.C."/>
		<feat xlink:href="#sSpan74" value="Genoa_C.F.C."/>
		<feat xlink:href="#sSpan80" value="Genoa_C.F.C."/>
		<feat xlink:href="#sSpan82" value="Luka_Jović"/>
		<feat xlink:href="#sSpan83" value="Luka_Jović"/>
		<feat xlink:href="#sSpan86" value="Luka_Jović"/>
		<feat xlink:href="#sSpan87" value="Genoa_C.F.C."/>
		<feat xlink:href="#sSpan88" value="Luka_Jović"/>
		<feat xlink:href="#sSpan89" value="Cristian_Galano"/>
		<feat xlink:href="#sSpan90" value="Cristian_Galano"/>
		<feat xlink:href="#sSpan94" value="Cristian_Galano"/>
		<feat xlink:href="#sSpan95" value="Cristian_Galano"/>
		<feat xlink:href="#sSpan96" value="Cristian_Galano"/>
		<feat xlink:href="#sSpan97" value="Cristian_Galano"/>
		<feat xlink:href="#sSpan98" value="Cristian_Galano"/>
		<feat xlink:href="#sSpan101" value="Lucas_Paquetá"/>
		<feat xlink:href="#sSpan102" value="Lucas_Paquetá"/>
		<feat xlink:href="#sSpan103" value="Ismaël_Bennacer"/>
		<feat xlink:href="#sSpan104" value="Donny_van_de_Beek"/>
		<feat xlink:href="#sSpan105" value="Sandro_Tonali"/>
		<feat xlink:href="#sSpan107" value="Jean%2DClair_Todibo"/>
		<feat xlink:href="#sSpan108" value="Toby_Alderweireld"/>
		<feat xlink:href="#sSpan112" value="Gianluigi_Donnarumma"/>
		<feat xlink:href="#sSpan114" value="Scudetto"/>
		<feat xlink:href="#sSpan115" value="Scudetto"/>
		<feat xlink:href="#sSpan120" value="UEFA_Champions_League"/>
		<feat xlink:href="#sSpan124" value="UEFA_Champions_League"/>
		<feat xlink:href="#sSpan132" value="Manchester_City_F.C."/>
		<feat xlink:href="#sSpan133" value="Manchester"/>
		<feat xlink:href="#sSpan136" value="Lucas_Paquetá"/>
		<feat xlink:href="#sSpan137" value="Lucas_Paquetá"/>
		<feat xlink:href="#sSpan138" value="Cristian_Galano"/>
		<feat xlink:href="#sSpan139" value="Cristian_Galano"/>
		<feat xlink:href="#sSpan142" value="Cristian_Galano"/>
		<feat xlink:href="#sSpan144" value="Cristian_Galano"/>
		<feat xlink:href="#sSpan146" value="Lucas_Paquetá"/>
		<feat xlink:href="#sSpan147" value="Sandro_Tonali"/>
		<feat xlink:href="#sSpan148" value="Luka_Jović"/>
		<feat xlink:href="#sSpan149" value="Luka_Jović"/>
		<feat xlink:href="#sSpan159" value="God"/>
		<feat xlink:href="#sSpan163" value="Luka_Jović"/>
		<feat xlink:href="#sSpan164" value="Donny_van_de_Beek"/>
		<feat xlink:href="#sSpan166" value="Donny_van_de_Beek"/>
		<feat xlink:href="#sSpan167" value="Cristian_Galano"/>
		<feat xlink:href="#sSpan182" value="Toby_Alderweireld"/>
		<feat xlink:href="#sSpan184" value="Genoa_C.F.C."/>
		<feat xlink:href="#sSpan187" value="Genoa_C.F.C."/>
		<feat xlink:href="#sSpan188" value="Donny_van_de_Beek"/>
		<feat xlink:href="#sSpan189" value="Lucas_Paquetá"/>
		<feat xlink:href="#sSpan190" value="Theo_Hernandez"/>
		<feat xlink:href="#sSpan191" value="Theo_Hernandez"/>
		<feat xlink:href="#sSpan193" value="Theo_Hernandez"/>
		<feat xlink:href="#sSpan195" value="Theo_Hernandez"/>
		<feat xlink:href="#sSpan203" value="Theo_Hernandez"/>
		<feat xlink:href="#sSpan205" value="Genoa_C.F.C."/>
		<feat xlink:href="#sSpan208" value="Genoa_C.F.C."/>
		<feat xlink:href="#sSpan211" value="Manchester_City_F.C."/>
		<feat xlink:href="#sSpan212" value="Manchester"/>
		<feat xlink:href="#sSpan216" value="Manchester_City_F.C."/>
		<feat xlink:href="#sSpan222" value="Andrea_Conti_%28footballer%2C_born_1994%29"/>
		<feat xlink:href="#sSpan223" value="Andrea_Conti_%28footballer%2C_born_1994%29"/>
		<feat xlink:href="#sSpan224" value="Jean%2DClair_Todibo"/>
		<feat xlink:href="#sSpan225" value="Mateo_Musacchio"/>
		<feat xlink:href="#sSpan226" value="Mitchel_Bakker"/>
		<feat xlink:href="#sSpan228" value="Andrea_Conti_%28footballer%2C_born_1994%29"/>
		<feat xlink:href="#sSpan230" value="Lucas_Paquetá"/>
		<feat xlink:href="#sSpan231" value="Luka_Jović"/>
		<feat xlink:href="#sSpan233" value="Manchester_City_F.C."/>
		<feat xlink:href="#sSpan234" value="Rafael_Leão"/>
		<feat xlink:href="#sSpan235" value="Manchester_City_F.C."/>
		<feat xlink:href="#sSpan236" value="Zlatan_Ibrahimović"/>
		<feat xlink:href="#sSpan237" value="Zlatan_Ibrahimović"/>
		<feat xlink:href="#sSpan240" value="Genoa_C.F.C."/>
		<feat xlink:href="#sSpan248" value="UEFA_Champions_League"/></featList></paula>