<?xml version='1.0' encoding='UTF-8'?><!DOCTYPE paula SYSTEM "paula_feat.dtd">
<paula version="1.1">
	<header paula_id="ref.GENTLE_esports_fifa.mark_entity"/>
	<featList xmlns:xlink="http://www.w3.org/1999/xlink" type="entity" xml:base="ref.GENTLE_esports_fifa.mark.xml">
		<feat xlink:href="#sSpan1" value="event"/>
		<feat xlink:href="#sSpan2" value="abstract"/>
		<feat xlink:href="#sSpan3" value="organization"/>
		<feat xlink:href="#sSpan4" value="organization"/>
		<feat xlink:href="#sSpan5" value="person"/>
		<feat xlink:href="#sSpan6" value="time"/>
		<feat xlink:href="#sSpan7" value="event"/>
		<feat xlink:href="#sSpan8" value="event"/>
		<feat xlink:href="#sSpan9" value="person"/>
		<feat xlink:href="#sSpan10" value="organization"/>
		<feat xlink:href="#sSpan11" value="time"/>
		<feat xlink:href="#sSpan12" value="event"/>
		<feat xlink:href="#sSpan13" value="organization"/>
		<feat xlink:href="#sSpan14" value="place"/>
		<feat xlink:href="#sSpan15" value="event"/>
		<feat xlink:href="#sSpan16" value="time"/>
		<feat xlink:href="#sSpan17" value="event"/>
		<feat xlink:href="#sSpan18" value="person"/>
		<feat xlink:href="#sSpan19" value="event"/>
		<feat xlink:href="#sSpan20" value="person"/>
		<feat xlink:href="#sSpan21" value="time"/>
		<feat xlink:href="#sSpan22" value="time"/>
		<feat xlink:href="#sSpan23" value="person"/>
		<feat xlink:href="#sSpan24" value="organization"/>
		<feat xlink:href="#sSpan25" value="place"/>
		<feat xlink:href="#sSpan26" value="time"/>
		<feat xlink:href="#sSpan27" value="event"/>
		<feat xlink:href="#sSpan28" value="time"/>
		<feat xlink:href="#sSpan29" value="person"/>
		<feat xlink:href="#sSpan30" value="organization"/>
		<feat xlink:href="#sSpan31" value="person"/>
		<feat xlink:href="#sSpan32" value="event"/>
		<feat xlink:href="#sSpan33" value="person"/>
		<feat xlink:href="#sSpan34" value="organization"/>
		<feat xlink:href="#sSpan35" value="place"/>
		<feat xlink:href="#sSpan36" value="person"/>
		<feat xlink:href="#sSpan37" value="abstract"/>
		<feat xlink:href="#sSpan38" value="organization"/>
		<feat xlink:href="#sSpan39" value="organization"/>
		<feat xlink:href="#sSpan40" value="organization"/>
		<feat xlink:href="#sSpan41" value="person"/>
		<feat xlink:href="#sSpan42" value="event"/>
		<feat xlink:href="#sSpan43" value="organization"/>
		<feat xlink:href="#sSpan44" value="person"/>
		<feat xlink:href="#sSpan45" value="event"/>
		<feat xlink:href="#sSpan46" value="event"/>
		<feat xlink:href="#sSpan47" value="abstract"/>
		<feat xlink:href="#sSpan48" value="abstract"/>
		<feat xlink:href="#sSpan49" value="event"/>
		<feat xlink:href="#sSpan50" value="person"/>
		<feat xlink:href="#sSpan51" value="abstract"/>
		<feat xlink:href="#sSpan52" value="person"/>
		<feat xlink:href="#sSpan53" value="person"/>
		<feat xlink:href="#sSpan54" value="person"/>
		<feat xlink:href="#sSpan55" value="event"/>
		<feat xlink:href="#sSpan56" value="person"/>
		<feat xlink:href="#sSpan57" value="person"/>
		<feat xlink:href="#sSpan58" value="object"/>
		<feat xlink:href="#sSpan59" value="person"/>
		<feat xlink:href="#sSpan60" value="event"/>
		<feat xlink:href="#sSpan61" value="organization"/>
		<feat xlink:href="#sSpan62" value="abstract"/>
		<feat xlink:href="#sSpan63" value="abstract"/>
		<feat xlink:href="#sSpan64" value="organization"/>
		<feat xlink:href="#sSpan65" value="organization"/>
		<feat xlink:href="#sSpan66" value="person"/>
		<feat xlink:href="#sSpan67" value="abstract"/>
		<feat xlink:href="#sSpan68" value="abstract"/>
		<feat xlink:href="#sSpan69" value="organization"/>
		<feat xlink:href="#sSpan70" value="organization"/>
		<feat xlink:href="#sSpan71" value="event"/>
		<feat xlink:href="#sSpan72" value="person"/>
		<feat xlink:href="#sSpan73" value="event"/>
		<feat xlink:href="#sSpan74" value="event"/>
		<feat xlink:href="#sSpan75" value="place"/>
		<feat xlink:href="#sSpan76" value="person"/>
		<feat xlink:href="#sSpan77" value="person"/>
		<feat xlink:href="#sSpan78" value="person"/>
		<feat xlink:href="#sSpan79" value="organization"/>
		<feat xlink:href="#sSpan80" value="event"/>
		<feat xlink:href="#sSpan81" value="event"/>
		<feat xlink:href="#sSpan82" value="person"/>
		<feat xlink:href="#sSpan83" value="person"/>
		<feat xlink:href="#sSpan84" value="person"/>
		<feat xlink:href="#sSpan85" value="abstract"/>
		<feat xlink:href="#sSpan86" value="person"/>
		<feat xlink:href="#sSpan87" value="event"/>
		<feat xlink:href="#sSpan88" value="person"/>
		<feat xlink:href="#sSpan89" value="person"/>
		<feat xlink:href="#sSpan90" value="person"/>
		<feat xlink:href="#sSpan91" value="event"/>
		<feat xlink:href="#sSpan92" value="person"/>
		<feat xlink:href="#sSpan93" value="person"/>
		<feat xlink:href="#sSpan94" value="person"/>
		<feat xlink:href="#sSpan95" value="person"/>
		<feat xlink:href="#sSpan96" value="person"/>
		<feat xlink:href="#sSpan97" value="person"/>
		<feat xlink:href="#sSpan98" value="person"/>
		<feat xlink:href="#sSpan99" value="event"/>
		<feat xlink:href="#sSpan100" value="place"/>
		<feat xlink:href="#sSpan101" value="person"/>
		<feat xlink:href="#sSpan102" value="person"/>
		<feat xlink:href="#sSpan103" value="person"/>
		<feat xlink:href="#sSpan104" value="person"/>
		<feat xlink:href="#sSpan105" value="person"/>
		<feat xlink:href="#sSpan106" value="person"/>
		<feat xlink:href="#sSpan107" value="person"/>
		<feat xlink:href="#sSpan108" value="person"/>
		<feat xlink:href="#sSpan109" value="abstract"/>
		<feat xlink:href="#sSpan110" value="place"/>
		<feat xlink:href="#sSpan111" value="person"/>
		<feat xlink:href="#sSpan112" value="person"/>
		<feat xlink:href="#sSpan113" value="person"/>
		<feat xlink:href="#sSpan114" value="abstract"/>
		<feat xlink:href="#sSpan115" value="abstract"/>
		<feat xlink:href="#sSpan116" value="time"/>
		<feat xlink:href="#sSpan117" value="person"/>
		<feat xlink:href="#sSpan118" value="abstract"/>
		<feat xlink:href="#sSpan119" value="time"/>
		<feat xlink:href="#sSpan120" value="event"/>
		<feat xlink:href="#sSpan121" value="person"/>
		<feat xlink:href="#sSpan122" value="person"/>
		<feat xlink:href="#sSpan123" value="event"/>
		<feat xlink:href="#sSpan124" value="event"/>
		<feat xlink:href="#sSpan125" value="time"/>
		<feat xlink:href="#sSpan126" value="person"/>
		<feat xlink:href="#sSpan127" value="event"/>
		<feat xlink:href="#sSpan128" value="event"/>
		<feat xlink:href="#sSpan129" value="person"/>
		<feat xlink:href="#sSpan130" value="event"/>
		<feat xlink:href="#sSpan131" value="person"/>
		<feat xlink:href="#sSpan132" value="organization"/>
		<feat xlink:href="#sSpan133" value="place"/>
		<feat xlink:href="#sSpan134" value="event"/>
		<feat xlink:href="#sSpan135" value="event"/>
		<feat xlink:href="#sSpan136" value="person"/>
		<feat xlink:href="#sSpan137" value="person"/>
		<feat xlink:href="#sSpan138" value="person"/>
		<feat xlink:href="#sSpan139" value="person"/>
		<feat xlink:href="#sSpan140" value="event"/>
		<feat xlink:href="#sSpan141" value="event"/>
		<feat xlink:href="#sSpan142" value="person"/>
		<feat xlink:href="#sSpan143" value="event"/>
		<feat xlink:href="#sSpan144" value="person"/>
		<feat xlink:href="#sSpan145" value="event"/>
		<feat xlink:href="#sSpan146" value="person"/>
		<feat xlink:href="#sSpan147" value="person"/>
		<feat xlink:href="#sSpan148" value="person"/>
		<feat xlink:href="#sSpan149" value="person"/>
		<feat xlink:href="#sSpan150" value="object"/>
		<feat xlink:href="#sSpan151" value="object"/>
		<feat xlink:href="#sSpan152" value="person"/>
		<feat xlink:href="#sSpan153" value="person"/>
		<feat xlink:href="#sSpan154" value="object"/>
		<feat xlink:href="#sSpan155" value="place"/>
		<feat xlink:href="#sSpan156" value="person"/>
		<feat xlink:href="#sSpan157" value="event"/>
		<feat xlink:href="#sSpan158" value="event"/>
		<feat xlink:href="#sSpan159" value="person"/>
		<feat xlink:href="#sSpan160" value="person"/>
		<feat xlink:href="#sSpan161" value="abstract"/>
		<feat xlink:href="#sSpan162" value="event"/>
		<feat xlink:href="#sSpan163" value="person"/>
		<feat xlink:href="#sSpan164" value="person"/>
		<feat xlink:href="#sSpan165" value="abstract"/>
		<feat xlink:href="#sSpan166" value="person"/>
		<feat xlink:href="#sSpan167" value="person"/>
		<feat xlink:href="#sSpan168" value="place"/>
		<feat xlink:href="#sSpan169" value="person"/>
		<feat xlink:href="#sSpan170" value="event"/>
		<feat xlink:href="#sSpan171" value="person"/>
		<feat xlink:href="#sSpan172" value="event"/>
		<feat xlink:href="#sSpan173" value="time"/>
		<feat xlink:href="#sSpan174" value="event"/>
		<feat xlink:href="#sSpan175" value="event"/>
		<feat xlink:href="#sSpan176" value="event"/>
		<feat xlink:href="#sSpan177" value="time"/>
		<feat xlink:href="#sSpan178" value="person"/>
		<feat xlink:href="#sSpan179" value="event"/>
		<feat xlink:href="#sSpan180" value="person"/>
		<feat xlink:href="#sSpan181" value="object"/>
		<feat xlink:href="#sSpan182" value="person"/>
		<feat xlink:href="#sSpan183" value="person"/>
		<feat xlink:href="#sSpan184" value="organization"/>
		<feat xlink:href="#sSpan185" value="abstract"/>
		<feat xlink:href="#sSpan186" value="abstract"/>
		<feat xlink:href="#sSpan187" value="event"/>
		<feat xlink:href="#sSpan188" value="person"/>
		<feat xlink:href="#sSpan189" value="person"/>
		<feat xlink:href="#sSpan190" value="person"/>
		<feat xlink:href="#sSpan191" value="person"/>
		<feat xlink:href="#sSpan192" value="place"/>
		<feat xlink:href="#sSpan193" value="person"/>
		<feat xlink:href="#sSpan194" value="event"/>
		<feat xlink:href="#sSpan195" value="person"/>
		<feat xlink:href="#sSpan196" value="event"/>
		<feat xlink:href="#sSpan197" value="place"/>
		<feat xlink:href="#sSpan198" value="person"/>
		<feat xlink:href="#sSpan199" value="event"/>
		<feat xlink:href="#sSpan200" value="place"/>
		<feat xlink:href="#sSpan201" value="time"/>
		<feat xlink:href="#sSpan202" value="person"/>
		<feat xlink:href="#sSpan203" value="person"/>
		<feat xlink:href="#sSpan204" value="person"/>
		<feat xlink:href="#sSpan205" value="organization"/>
		<feat xlink:href="#sSpan206" value="event"/>
		<feat xlink:href="#sSpan207" value="person"/>
		<feat xlink:href="#sSpan208" value="organization"/>
		<feat xlink:href="#sSpan209" value="event"/>
		<feat xlink:href="#sSpan210" value="person"/>
		<feat xlink:href="#sSpan211" value="organization"/>
		<feat xlink:href="#sSpan212" value="place"/>
		<feat xlink:href="#sSpan213" value="time"/>
		<feat xlink:href="#sSpan214" value="person"/>
		<feat xlink:href="#sSpan215" value="abstract"/>
		<feat xlink:href="#sSpan216" value="organization"/>
		<feat xlink:href="#sSpan217" value="abstract"/>
		<feat xlink:href="#sSpan218" value="person"/>
		<feat xlink:href="#sSpan219" value="event"/>
		<feat xlink:href="#sSpan220" value="person"/>
		<feat xlink:href="#sSpan221" value="abstract"/>
		<feat xlink:href="#sSpan222" value="person"/>
		<feat xlink:href="#sSpan223" value="person"/>
		<feat xlink:href="#sSpan224" value="person"/>
		<feat xlink:href="#sSpan225" value="person"/>
		<feat xlink:href="#sSpan226" value="person"/>
		<feat xlink:href="#sSpan227" value="abstract"/>
		<feat xlink:href="#sSpan228" value="person"/>
		<feat xlink:href="#sSpan229" value="person"/>
		<feat xlink:href="#sSpan230" value="person"/>
		<feat xlink:href="#sSpan231" value="person"/>
		<feat xlink:href="#sSpan232" value="abstract"/>
		<feat xlink:href="#sSpan233" value="organization"/>
		<feat xlink:href="#sSpan234" value="person"/>
		<feat xlink:href="#sSpan235" value="organization"/>
		<feat xlink:href="#sSpan236" value="person"/>
		<feat xlink:href="#sSpan237" value="person"/>
		<feat xlink:href="#sSpan238" value="event"/>
		<feat xlink:href="#sSpan239" value="event"/>
		<feat xlink:href="#sSpan240" value="event"/>
		<feat xlink:href="#sSpan241" value="event"/>
		<feat xlink:href="#sSpan242" value="person"/>
		<feat xlink:href="#sSpan243" value="person"/>
		<feat xlink:href="#sSpan244" value="event"/>
		<feat xlink:href="#sSpan245" value="person"/>
		<feat xlink:href="#sSpan246" value="abstract"/>
		<feat xlink:href="#sSpan247" value="organization"/>
		<feat xlink:href="#sSpan248" value="event"/>
		<feat xlink:href="#sSpan249" value="time"/>
		<feat xlink:href="#sSpan250" value="person"/>
		<feat xlink:href="#sSpan251" value="person"/>
		<feat xlink:href="#sSpan252" value="event"/>
		<feat xlink:href="#sSpan253" value="person"/>
		<feat xlink:href="#sSpan254" value="organization"/>
		<feat xlink:href="#sSpan255" value="person"/>
		<feat xlink:href="#sSpan256" value="person"/>
		<feat xlink:href="#sSpan257" value="person"/>
		<feat xlink:href="#sSpan258" value="person"/>
		<feat xlink:href="#sSpan259" value="event"/>
		<feat xlink:href="#sSpan260" value="person"/></featList></paula>