<?xml version='1.0' encoding='UTF-8'?><!DOCTYPE paula SYSTEM "paula_feat.dtd">
<paula version="1.1">
	<header paula_id="rsd.GENTLE_esports_fifa.mark_head_id"/>
	<featList xmlns:xlink="http://www.w3.org/1999/xlink" type="head_id" xml:base="rsd.GENTLE_esports_fifa.mark.xml">
		<feat xlink:href="#sSpan1" value="7"/>
		<feat xlink:href="#sSpan2" value="11"/>
		<feat xlink:href="#sSpan3" value="25"/>
		<feat xlink:href="#sSpan4" value="36"/>
		<feat xlink:href="#sSpan5" value="48"/>
		<feat xlink:href="#sSpan6" value="55"/>
		<feat xlink:href="#sSpan7" value="57"/>
		<feat xlink:href="#sSpan8" value="61"/>
		<feat xlink:href="#sSpan9" value="70"/>
		<feat xlink:href="#sSpan10" value="81"/>
		<feat xlink:href="#sSpan11" value="94"/>
		<feat xlink:href="#sSpan12" value="105"/>
		<feat xlink:href="#sSpan13" value="112"/>
		<feat xlink:href="#sSpan14" value="120"/>
		<feat xlink:href="#sSpan15" value="124"/>
		<feat xlink:href="#sSpan16" value="130"/>
		<feat xlink:href="#sSpan17" value="136"/>
		<feat xlink:href="#sSpan18" value="150"/>
		<feat xlink:href="#sSpan19" value="160"/>
		<feat xlink:href="#sSpan20" value="165"/>
		<feat xlink:href="#sSpan21" value="168"/>
		<feat xlink:href="#sSpan22" value="172"/>
		<feat xlink:href="#sSpan23" value="178"/>
		<feat xlink:href="#sSpan24" value="185"/>
		<feat xlink:href="#sSpan25" value="193"/>
		<feat xlink:href="#sSpan26" value="202"/>
		<feat xlink:href="#sSpan27" value="212"/>
		<feat xlink:href="#sSpan28" value="222"/>
		<feat xlink:href="#sSpan29" value="232"/>
		<feat xlink:href="#sSpan30" value="244"/>
		<feat xlink:href="#sSpan31" value="250"/>
		<feat xlink:href="#sSpan32" value="251"/>
		<feat xlink:href="#sSpan33" value="256"/>
		<feat xlink:href="#sSpan34" value="266"/>
		<feat xlink:href="#sSpan35" value="270"/>
		<feat xlink:href="#sSpan36" value="287"/>
		<feat xlink:href="#sSpan37" value="292"/>
		<feat xlink:href="#sSpan38" value="305"/>
		<feat xlink:href="#sSpan39" value="310"/>
		<feat xlink:href="#sSpan40" value="314"/>
		<feat xlink:href="#sSpan41" value="320"/>
		<feat xlink:href="#sSpan42" value="325"/>
		<feat xlink:href="#sSpan43" value="328"/>
		<feat xlink:href="#sSpan44" value="331"/>
		<feat xlink:href="#sSpan45" value="343"/>
		<feat xlink:href="#sSpan46" value="348"/>
		<feat xlink:href="#sSpan47" value="357"/>
		<feat xlink:href="#sSpan48" value="368"/>
		<feat xlink:href="#sSpan49" value="379"/>
		<feat xlink:href="#sSpan50" value="384"/>
		<feat xlink:href="#sSpan51" value="387"/>
		<feat xlink:href="#sSpan52" value="392"/>
		<feat xlink:href="#sSpan53" value="400"/>
		<feat xlink:href="#sSpan54" value="411"/>
		<feat xlink:href="#sSpan55" value="414"/>
		<feat xlink:href="#sSpan56" value="426"/>
		<feat xlink:href="#sSpan57" value="437"/>
		<feat xlink:href="#sSpan58" value="441"/>
		<feat xlink:href="#sSpan59" value="444"/>
		<feat xlink:href="#sSpan60" value="447"/>
		<feat xlink:href="#sSpan61" value="458"/>
		<feat xlink:href="#sSpan62" value="462"/>
		<feat xlink:href="#sSpan63" value="466"/>
		<feat xlink:href="#sSpan64" value="472"/>
		<feat xlink:href="#sSpan65" value="476"/>
		<feat xlink:href="#sSpan66" value="482"/>
		<feat xlink:href="#sSpan67" value="487"/>
		<feat xlink:href="#sSpan68" value="489"/>
		<feat xlink:href="#sSpan69" value="493"/>
		<feat xlink:href="#sSpan70" value="501"/>
		<feat xlink:href="#sSpan71" value="506"/>
		<feat xlink:href="#sSpan72" value="512"/>
		<feat xlink:href="#sSpan73" value="520"/>
		<feat xlink:href="#sSpan74" value="531"/>
		<feat xlink:href="#sSpan75" value="535"/>
		<feat xlink:href="#sSpan76" value="541"/>
		<feat xlink:href="#sSpan77" value="551"/>
		<feat xlink:href="#sSpan78" value="557"/>
		<feat xlink:href="#sSpan79" value="562"/>
		<feat xlink:href="#sSpan80" value="569"/>
		<feat xlink:href="#sSpan81" value="574"/>
		<feat xlink:href="#sSpan82" value="578"/>
		<feat xlink:href="#sSpan83" value="580"/>
		<feat xlink:href="#sSpan84" value="586"/>
		<feat xlink:href="#sSpan85" value="592"/>
		<feat xlink:href="#sSpan86" value="597"/>
		<feat xlink:href="#sSpan87" value="611"/>
		<feat xlink:href="#sSpan88" value="619"/>
		<feat xlink:href="#sSpan89" value="623"/>
		<feat xlink:href="#sSpan90" value="630"/>
		<feat xlink:href="#sSpan91" value="634"/>
		<feat xlink:href="#sSpan92" value="640"/>
		<feat xlink:href="#sSpan93" value="646"/>
		<feat xlink:href="#sSpan94" value="653"/>
		<feat xlink:href="#sSpan95" value="658"/>
		<feat xlink:href="#sSpan96" value="675"/>
		<feat xlink:href="#sSpan97" value="682"/>
		<feat xlink:href="#sSpan98" value="687"/>
		<feat xlink:href="#sSpan99" value="696"/>
		<feat xlink:href="#sSpan100" value="710"/>
		<feat xlink:href="#sSpan101" value="715"/>
		<feat xlink:href="#sSpan102" value="728"/>
		<feat xlink:href="#sSpan103" value="743"/>
		<feat xlink:href="#sSpan104" value="747"/>
		<feat xlink:href="#sSpan105" value="758"/>
		<feat xlink:href="#sSpan106" value="761"/>
		<feat xlink:href="#sSpan107" value="772"/>
		<feat xlink:href="#sSpan108" value="774"/>
		<feat xlink:href="#sSpan109" value="778"/>
		<feat xlink:href="#sSpan110" value="785"/>
		<feat xlink:href="#sSpan111" value="794"/>
		<feat xlink:href="#sSpan112" value="809"/>
		<feat xlink:href="#sSpan113" value="813"/>
		<feat xlink:href="#sSpan114" value="820"/>
		<feat xlink:href="#sSpan115" value="823"/>
		<feat xlink:href="#sSpan116" value="826"/>
		<feat xlink:href="#sSpan117" value="828"/>
		<feat xlink:href="#sSpan118" value="833"/>
		<feat xlink:href="#sSpan119" value="839"/>
		<feat xlink:href="#sSpan120" value="850"/>
		<feat xlink:href="#sSpan121" value="856"/>
		<feat xlink:href="#sSpan122" value="859"/>
		<feat xlink:href="#sSpan123" value="862"/>
		<feat xlink:href="#sSpan124" value="872"/>
		<feat xlink:href="#sSpan125" value="888"/>
		<feat xlink:href="#sSpan126" value="895"/>
		<feat xlink:href="#sSpan127" value="899"/>
		<feat xlink:href="#sSpan128" value="901"/>
		<feat xlink:href="#sSpan129" value="904"/>
		<feat xlink:href="#sSpan130" value="906"/>
		<feat xlink:href="#sSpan131" value="910"/>
		<feat xlink:href="#sSpan132" value="917"/></featList></paula>