<?xml version='1.0' encoding='UTF-8'?><!DOCTYPE paula SYSTEM "paula_feat.dtd">
<paula version="1.1">
	<header paula_id="rsd.GENTLE_esports_fifa.mark_edu_tense"/>
	<featList xmlns:xlink="http://www.w3.org/1999/xlink" type="edu_tense" xml:base="rsd.GENTLE_esports_fifa.mark.xml">
		<feat xlink:href="#sSpan1" value="None"/>
		<feat xlink:href="#sSpan2" value="PastSimp"/>
		<feat xlink:href="#sSpan3" value="PastSimp"/>
		<feat xlink:href="#sSpan4" value="None"/>
		<feat xlink:href="#sSpan5" value="PresProg"/>
		<feat xlink:href="#sSpan6" value="None"/>
		<feat xlink:href="#sSpan7" value="Pres"/>
		<feat xlink:href="#sSpan8" value="Pres"/>
		<feat xlink:href="#sSpan9" value="PresPerf"/>
		<feat xlink:href="#sSpan10" value="Pres"/>
		<feat xlink:href="#sSpan11" value="PresProg"/>
		<feat xlink:href="#sSpan12" value="PresProg"/>
		<feat xlink:href="#sSpan13" value="PresPerf"/>
		<feat xlink:href="#sSpan14" value="Pres"/>
		<feat xlink:href="#sSpan15" value="Pres"/>
		<feat xlink:href="#sSpan16" value="Pres"/>
		<feat xlink:href="#sSpan17" value="PresProg"/>
		<feat xlink:href="#sSpan18" value="PresProg"/>
		<feat xlink:href="#sSpan19" value="None"/>
		<feat xlink:href="#sSpan20" value="None"/>
		<feat xlink:href="#sSpan21" value="None"/>
		<feat xlink:href="#sSpan22" value="PresPerf"/>
		<feat xlink:href="#sSpan23" value="None"/>
		<feat xlink:href="#sSpan24" value="None"/>
		<feat xlink:href="#sSpan25" value="None"/>
		<feat xlink:href="#sSpan26" value="PresPerf"/>
		<feat xlink:href="#sSpan27" value="PresPerf"/>
		<feat xlink:href="#sSpan28" value="None"/>
		<feat xlink:href="#sSpan29" value="PastProg"/>
		<feat xlink:href="#sSpan30" value="Pres"/>
		<feat xlink:href="#sSpan31" value="Pres"/>
		<feat xlink:href="#sSpan32" value="None"/>
		<feat xlink:href="#sSpan33" value="PresProg"/>
		<feat xlink:href="#sSpan34" value="Pres"/>
		<feat xlink:href="#sSpan35" value="Modal"/>
		<feat xlink:href="#sSpan36" value="PastSimp"/>
		<feat xlink:href="#sSpan37" value="PresProg"/>
		<feat xlink:href="#sSpan38" value="Pres"/>
		<feat xlink:href="#sSpan39" value="PastSimp"/>
		<feat xlink:href="#sSpan40" value="None"/>
		<feat xlink:href="#sSpan41" value="PresPerf"/>
		<feat xlink:href="#sSpan42" value="None"/>
		<feat xlink:href="#sSpan43" value="PastSimp"/>
		<feat xlink:href="#sSpan44" value="PastProg"/>
		<feat xlink:href="#sSpan45" value="Pres"/>
		<feat xlink:href="#sSpan46" value="Modal"/>
		<feat xlink:href="#sSpan47" value="None"/>
		<feat xlink:href="#sSpan48" value="Pres"/>
		<feat xlink:href="#sSpan49" value="Pres"/>
		<feat xlink:href="#sSpan50" value="PastSimp"/>
		<feat xlink:href="#sSpan51" value="None"/>
		<feat xlink:href="#sSpan52" value="PastProg"/>
		<feat xlink:href="#sSpan53" value="PresProg"/>
		<feat xlink:href="#sSpan54" value="Pres"/>
		<feat xlink:href="#sSpan55" value="PresProg"/>
		<feat xlink:href="#sSpan56" value="None"/>
		<feat xlink:href="#sSpan57" value="Modal"/>
		<feat xlink:href="#sSpan58" value="None"/>
		<feat xlink:href="#sSpan59" value="Pres"/>
		<feat xlink:href="#sSpan60" value="Pres"/>
		<feat xlink:href="#sSpan61" value="Pres"/>
		<feat xlink:href="#sSpan62" value="None"/>
		<feat xlink:href="#sSpan63" value="None"/>
		<feat xlink:href="#sSpan64" value="Pres"/>
		<feat xlink:href="#sSpan65" value="Pres"/>
		<feat xlink:href="#sSpan66" value="PresPerf"/>
		<feat xlink:href="#sSpan67" value="None"/>
		<feat xlink:href="#sSpan68" value="None"/>
		<feat xlink:href="#sSpan69" value="None"/>
		<feat xlink:href="#sSpan70" value="PresProg"/>
		<feat xlink:href="#sSpan71" value="None"/>
		<feat xlink:href="#sSpan72" value="PastSimp"/>
		<feat xlink:href="#sSpan73" value="PresPerf"/>
		<feat xlink:href="#sSpan74" value="Pres"/>
		<feat xlink:href="#sSpan75" value="PastSimp"/>
		<feat xlink:href="#sSpan76" value="None"/>
		<feat xlink:href="#sSpan77" value="PastSimp"/>
		<feat xlink:href="#sSpan78" value="None"/>
		<feat xlink:href="#sSpan79" value="Pres"/>
		<feat xlink:href="#sSpan80" value="None"/>
		<feat xlink:href="#sSpan81" value="None"/>
		<feat xlink:href="#sSpan82" value="None"/>
		<feat xlink:href="#sSpan83" value="None"/>
		<feat xlink:href="#sSpan84" value="Pres"/>
		<feat xlink:href="#sSpan85" value="PastSimp"/>
		<feat xlink:href="#sSpan86" value="PastSimp"/>
		<feat xlink:href="#sSpan87" value="PresProg"/>
		<feat xlink:href="#sSpan88" value="Pres"/>
		<feat xlink:href="#sSpan89" value="None"/>
		<feat xlink:href="#sSpan90" value="PastSimp"/>
		<feat xlink:href="#sSpan91" value="Pres"/>
		<feat xlink:href="#sSpan92" value="None"/>
		<feat xlink:href="#sSpan93" value="None"/>
		<feat xlink:href="#sSpan94" value="None"/>
		<feat xlink:href="#sSpan95" value="Modal"/>
		<feat xlink:href="#sSpan96" value="PresProg"/>
		<feat xlink:href="#sSpan97" value="None"/>
		<feat xlink:href="#sSpan98" value="PresPerf"/>
		<feat xlink:href="#sSpan99" value="Modal"/>
		<feat xlink:href="#sSpan100" value="PresProg"/>
		<feat xlink:href="#sSpan101" value="None"/>
		<feat xlink:href="#sSpan102" value="None"/>
		<feat xlink:href="#sSpan103" value="None"/>
		<feat xlink:href="#sSpan104" value="Pres"/>
		<feat xlink:href="#sSpan105" value="Pres"/>
		<feat xlink:href="#sSpan106" value="Pres"/>
		<feat xlink:href="#sSpan107" value="Pres"/>
		<feat xlink:href="#sSpan108" value="None"/>
		<feat xlink:href="#sSpan109" value="PresProg"/>
		<feat xlink:href="#sSpan110" value="PresProg"/>
		<feat xlink:href="#sSpan111" value="None"/>
		<feat xlink:href="#sSpan112" value="None"/>
		<feat xlink:href="#sSpan113" value="Pres"/>
		<feat xlink:href="#sSpan114" value="None"/>
		<feat xlink:href="#sSpan115" value="None"/>
		<feat xlink:href="#sSpan116" value="None"/>
		<feat xlink:href="#sSpan117" value="PastSimp"/>
		<feat xlink:href="#sSpan118" value="PastSimp"/>
		<feat xlink:href="#sSpan119" value="PresProg"/>
		<feat xlink:href="#sSpan120" value="Pres"/>
		<feat xlink:href="#sSpan121" value="PastSimp"/>
		<feat xlink:href="#sSpan122" value="PastSimp"/>
		<feat xlink:href="#sSpan123" value="PastSimp"/>
		<feat xlink:href="#sSpan124" value="Pres"/>
		<feat xlink:href="#sSpan125" value="PastSimp"/>
		<feat xlink:href="#sSpan126" value="PastSimp"/>
		<feat xlink:href="#sSpan127" value="None"/>
		<feat xlink:href="#sSpan128" value="PastSimp"/>
		<feat xlink:href="#sSpan129" value="None"/>
		<feat xlink:href="#sSpan130" value="PastSimp"/>
		<feat xlink:href="#sSpan131" value="PresPerf"/>
		<feat xlink:href="#sSpan132" value="PastSimp"/></featList></paula>