<?xml version='1.0' encoding='UTF-8'?><!DOCTYPE paula SYSTEM "paula_feat.dtd">
<paula version="1.1">
	<header paula_id="rsd.GENTLE_esports_fifa.mark_head_pos"/>
	<featList xmlns:xlink="http://www.w3.org/1999/xlink" type="head_pos" xml:base="rsd.GENTLE_esports_fifa.mark.xml">
		<feat xlink:href="#sSpan261" value="NN"/>
		<feat xlink:href="#sSpan262" value="VVD"/>
		<feat xlink:href="#sSpan263" value="VVD"/>
		<feat xlink:href="#sSpan264" value="VVG"/>
		<feat xlink:href="#sSpan265" value="VVG"/>
		<feat xlink:href="#sSpan266" value="WDT"/>
		<feat xlink:href="#sSpan267" value="VVP"/>
		<feat xlink:href="#sSpan268" value="JJ"/>
		<feat xlink:href="#sSpan269" value="VHN"/>
		<feat xlink:href="#sSpan270" value="VHP"/>
		<feat xlink:href="#sSpan271" value="VVG"/>
		<feat xlink:href="#sSpan272" value="VVG"/>
		<feat xlink:href="#sSpan273" value="VVN"/>
		<feat xlink:href="#sSpan274" value="VVP"/>
		<feat xlink:href="#sSpan275" value="VVP"/>
		<feat xlink:href="#sSpan276" value="NP"/>
		<feat xlink:href="#sSpan277" value="VVG"/>
		<feat xlink:href="#sSpan278" value="VVG"/>
		<feat xlink:href="#sSpan279" value="VV"/>
		<feat xlink:href="#sSpan280" value="VVG"/>
		<feat xlink:href="#sSpan281" value="NN"/>
		<feat xlink:href="#sSpan282" value="VVN"/>
		<feat xlink:href="#sSpan283" value="VVG"/>
		<feat xlink:href="#sSpan284" value="VVG"/>
		<feat xlink:href="#sSpan285" value="VVG"/>
		<feat xlink:href="#sSpan286" value="VVN"/>
		<feat xlink:href="#sSpan287" value="VVN"/>
		<feat xlink:href="#sSpan288" value="PP"/>
		<feat xlink:href="#sSpan289" value="VVG"/>
		<feat xlink:href="#sSpan290" value="JJ"/>
		<feat xlink:href="#sSpan291" value="NN"/>
		<feat xlink:href="#sSpan292" value="VVG"/>
		<feat xlink:href="#sSpan293" value="VVG"/>
		<feat xlink:href="#sSpan294" value="NN"/>
		<feat xlink:href="#sSpan295" value="VV"/>
		<feat xlink:href="#sSpan296" value="VVD"/>
		<feat xlink:href="#sSpan297" value="VVG"/>
		<feat xlink:href="#sSpan298" value="NN"/>
		<feat xlink:href="#sSpan299" value="VVD"/>
		<feat xlink:href="#sSpan300" value="NNS"/>
		<feat xlink:href="#sSpan301" value="VVN"/>
		<feat xlink:href="#sSpan302" value="VV"/>
		<feat xlink:href="#sSpan303" value="VVD"/>
		<feat xlink:href="#sSpan304" value="VVG"/>
		<feat xlink:href="#sSpan305" value="JJ"/>
		<feat xlink:href="#sSpan306" value="VV"/>
		<feat xlink:href="#sSpan307" value="VVG"/>
		<feat xlink:href="#sSpan308" value="VHP"/>
		<feat xlink:href="#sSpan309" value="VHP"/>
		<feat xlink:href="#sSpan310" value="VVD"/>
		<feat xlink:href="#sSpan311" value="NP"/>
		<feat xlink:href="#sSpan312" value="VVG"/>
		<feat xlink:href="#sSpan313" value="VVG"/>
		<feat xlink:href="#sSpan314" value="VVP"/>
		<feat xlink:href="#sSpan315" value="VVG"/>
		<feat xlink:href="#sSpan316" value="VV"/>
		<feat xlink:href="#sSpan317" value="NN"/>
		<feat xlink:href="#sSpan318" value="CC"/>
		<feat xlink:href="#sSpan319" value="VVP"/>
		<feat xlink:href="#sSpan320" value="VVP"/>
		<feat xlink:href="#sSpan321" value="NN"/>
		<feat xlink:href="#sSpan322" value="RB"/>
		<feat xlink:href="#sSpan323" value="VVG"/>
		<feat xlink:href="#sSpan324" value="RB"/>
		<feat xlink:href="#sSpan325" value="NN"/>
		<feat xlink:href="#sSpan326" value="VVN"/>
		<feat xlink:href="#sSpan327" value="PP"/>
		<feat xlink:href="#sSpan328" value="NN"/>
		<feat xlink:href="#sSpan329" value="NP"/>
		<feat xlink:href="#sSpan330" value="VVG"/>
		<feat xlink:href="#sSpan331" value="VV"/>
		<feat xlink:href="#sSpan332" value="VVD"/>
		<feat xlink:href="#sSpan333" value="VVN"/>
		<feat xlink:href="#sSpan334" value="VVP"/>
		<feat xlink:href="#sSpan335" value="VVD"/>
		<feat xlink:href="#sSpan336" value="RB"/>
		<feat xlink:href="#sSpan337" value="VVD"/>
		<feat xlink:href="#sSpan338" value="VVG"/>
		<feat xlink:href="#sSpan339" value="VVZ"/>
		<feat xlink:href="#sSpan340" value="VV"/>
		<feat xlink:href="#sSpan341" value="NP"/>
		<feat xlink:href="#sSpan342" value="WP"/>
		<feat xlink:href="#sSpan343" value="WRB"/>
		<feat xlink:href="#sSpan344" value="VBZ"/>
		<feat xlink:href="#sSpan345" value="VVD"/>
		<feat xlink:href="#sSpan346" value="VVD"/>
		<feat xlink:href="#sSpan347" value="VVG"/>
		<feat xlink:href="#sSpan348" value="JJ"/>
		<feat xlink:href="#sSpan349" value="VVN"/>
		<feat xlink:href="#sSpan350" value="VVD"/>
		<feat xlink:href="#sSpan351" value="VVP"/>
		<feat xlink:href="#sSpan352" value="VVG"/>
		<feat xlink:href="#sSpan353" value="NP"/>
		<feat xlink:href="#sSpan354" value="NP"/>
		<feat xlink:href="#sSpan355" value="VV"/>
		<feat xlink:href="#sSpan356" value="VVG"/>
		<feat xlink:href="#sSpan357" value="VV"/>
		<feat xlink:href="#sSpan358" value="VVN"/>
		<feat xlink:href="#sSpan359" value="VV"/>
		<feat xlink:href="#sSpan360" value="VVG"/>
		<feat xlink:href="#sSpan361" value="UH"/>
		<feat xlink:href="#sSpan362" value="NN"/>
		<feat xlink:href="#sSpan363" value="VV"/>
		<feat xlink:href="#sSpan364" value="VVP"/>
		<feat xlink:href="#sSpan365" value="JJ"/>
		<feat xlink:href="#sSpan366" value="RB"/>
		<feat xlink:href="#sSpan367" value="NN"/>
		<feat xlink:href="#sSpan368" value="CC"/>
		<feat xlink:href="#sSpan369" value="VVG"/>
		<feat xlink:href="#sSpan370" value="VVG"/>
		<feat xlink:href="#sSpan371" value="NN"/>
		<feat xlink:href="#sSpan372" value="NN"/>
		<feat xlink:href="#sSpan373" value="WP"/>
		<feat xlink:href="#sSpan374" value="VVG"/>
		<feat xlink:href="#sSpan375" value="VVG"/>
		<feat xlink:href="#sSpan376" value="JJ"/>
		<feat xlink:href="#sSpan377" value="VVD"/>
		<feat xlink:href="#sSpan378" value="VVD"/>
		<feat xlink:href="#sSpan379" value="VVG"/>
		<feat xlink:href="#sSpan380" value="NN"/>
		<feat xlink:href="#sSpan381" value="NN"/>
		<feat xlink:href="#sSpan382" value="VVD"/>
		<feat xlink:href="#sSpan383" value="VVD"/>
		<feat xlink:href="#sSpan384" value="VVP"/>
		<feat xlink:href="#sSpan385" value="VVD"/>
		<feat xlink:href="#sSpan386" value="VVD"/>
		<feat xlink:href="#sSpan387" value="NN"/>
		<feat xlink:href="#sSpan388" value="VHD"/>
		<feat xlink:href="#sSpan389" value="NNS"/>
		<feat xlink:href="#sSpan390" value="VHD"/>
		<feat xlink:href="#sSpan391" value="VVN"/>
		<feat xlink:href="#sSpan392" value="VVD"/></featList></paula>