<?xml version='1.0' encoding='UTF-8'?><!DOCTYPE paula SYSTEM "paula_feat.dtd">
<paula version="1.1">
	<header paula_id="rsd.GENTLE_esports_fifa.mark_edu_num"/>
	<featList xmlns:xlink="http://www.w3.org/1999/xlink" type="edu_num" xml:base="rsd.GENTLE_esports_fifa.mark.xml">
		<feat xlink:href="#sSpan261" value="1"/>
		<feat xlink:href="#sSpan262" value="2"/>
		<feat xlink:href="#sSpan263" value="3"/>
		<feat xlink:href="#sSpan264" value="4"/>
		<feat xlink:href="#sSpan265" value="5"/>
		<feat xlink:href="#sSpan266" value="6"/>
		<feat xlink:href="#sSpan267" value="7"/>
		<feat xlink:href="#sSpan268" value="8"/>
		<feat xlink:href="#sSpan269" value="9"/>
		<feat xlink:href="#sSpan270" value="10"/>
		<feat xlink:href="#sSpan271" value="11"/>
		<feat xlink:href="#sSpan272" value="12"/>
		<feat xlink:href="#sSpan273" value="13"/>
		<feat xlink:href="#sSpan274" value="14"/>
		<feat xlink:href="#sSpan275" value="15"/>
		<feat xlink:href="#sSpan276" value="16"/>
		<feat xlink:href="#sSpan277" value="17"/>
		<feat xlink:href="#sSpan278" value="18"/>
		<feat xlink:href="#sSpan279" value="19"/>
		<feat xlink:href="#sSpan280" value="20"/>
		<feat xlink:href="#sSpan281" value="21"/>
		<feat xlink:href="#sSpan282" value="22"/>
		<feat xlink:href="#sSpan283" value="23"/>
		<feat xlink:href="#sSpan284" value="24"/>
		<feat xlink:href="#sSpan285" value="25"/>
		<feat xlink:href="#sSpan286" value="26"/>
		<feat xlink:href="#sSpan287" value="27"/>
		<feat xlink:href="#sSpan288" value="28"/>
		<feat xlink:href="#sSpan289" value="29"/>
		<feat xlink:href="#sSpan290" value="30"/>
		<feat xlink:href="#sSpan291" value="31"/>
		<feat xlink:href="#sSpan292" value="32"/>
		<feat xlink:href="#sSpan293" value="33"/>
		<feat xlink:href="#sSpan294" value="34"/>
		<feat xlink:href="#sSpan295" value="35"/>
		<feat xlink:href="#sSpan296" value="36"/>
		<feat xlink:href="#sSpan297" value="37"/>
		<feat xlink:href="#sSpan298" value="38"/>
		<feat xlink:href="#sSpan299" value="39"/>
		<feat xlink:href="#sSpan300" value="40"/>
		<feat xlink:href="#sSpan301" value="41"/>
		<feat xlink:href="#sSpan302" value="42"/>
		<feat xlink:href="#sSpan303" value="43"/>
		<feat xlink:href="#sSpan304" value="44"/>
		<feat xlink:href="#sSpan305" value="45"/>
		<feat xlink:href="#sSpan306" value="46"/>
		<feat xlink:href="#sSpan307" value="47"/>
		<feat xlink:href="#sSpan308" value="48"/>
		<feat xlink:href="#sSpan309" value="49"/>
		<feat xlink:href="#sSpan310" value="50"/>
		<feat xlink:href="#sSpan311" value="51"/>
		<feat xlink:href="#sSpan312" value="52"/>
		<feat xlink:href="#sSpan313" value="53"/>
		<feat xlink:href="#sSpan314" value="54"/>
		<feat xlink:href="#sSpan315" value="55"/>
		<feat xlink:href="#sSpan316" value="56"/>
		<feat xlink:href="#sSpan317" value="57"/>
		<feat xlink:href="#sSpan318" value="58"/>
		<feat xlink:href="#sSpan319" value="59"/>
		<feat xlink:href="#sSpan320" value="60"/>
		<feat xlink:href="#sSpan321" value="61"/>
		<feat xlink:href="#sSpan322" value="62"/>
		<feat xlink:href="#sSpan323" value="63"/>
		<feat xlink:href="#sSpan324" value="64"/>
		<feat xlink:href="#sSpan325" value="65"/>
		<feat xlink:href="#sSpan326" value="66"/>
		<feat xlink:href="#sSpan327" value="67"/>
		<feat xlink:href="#sSpan328" value="68"/>
		<feat xlink:href="#sSpan329" value="69"/>
		<feat xlink:href="#sSpan330" value="70"/>
		<feat xlink:href="#sSpan331" value="71"/>
		<feat xlink:href="#sSpan332" value="72"/>
		<feat xlink:href="#sSpan333" value="73"/>
		<feat xlink:href="#sSpan334" value="74"/>
		<feat xlink:href="#sSpan335" value="75"/>
		<feat xlink:href="#sSpan336" value="76"/>
		<feat xlink:href="#sSpan337" value="77"/>
		<feat xlink:href="#sSpan338" value="78"/>
		<feat xlink:href="#sSpan339" value="79"/>
		<feat xlink:href="#sSpan340" value="80"/>
		<feat xlink:href="#sSpan341" value="81"/>
		<feat xlink:href="#sSpan342" value="82"/>
		<feat xlink:href="#sSpan343" value="83"/>
		<feat xlink:href="#sSpan344" value="84"/>
		<feat xlink:href="#sSpan345" value="85"/>
		<feat xlink:href="#sSpan346" value="86"/>
		<feat xlink:href="#sSpan347" value="87"/>
		<feat xlink:href="#sSpan348" value="88"/>
		<feat xlink:href="#sSpan349" value="89"/>
		<feat xlink:href="#sSpan350" value="90"/>
		<feat xlink:href="#sSpan351" value="91"/>
		<feat xlink:href="#sSpan352" value="92"/>
		<feat xlink:href="#sSpan353" value="93"/>
		<feat xlink:href="#sSpan354" value="94"/>
		<feat xlink:href="#sSpan355" value="95"/>
		<feat xlink:href="#sSpan356" value="96"/>
		<feat xlink:href="#sSpan357" value="97"/>
		<feat xlink:href="#sSpan358" value="98"/>
		<feat xlink:href="#sSpan359" value="99"/>
		<feat xlink:href="#sSpan360" value="100"/>
		<feat xlink:href="#sSpan361" value="101"/>
		<feat xlink:href="#sSpan362" value="102"/>
		<feat xlink:href="#sSpan363" value="103"/>
		<feat xlink:href="#sSpan364" value="104"/>
		<feat xlink:href="#sSpan365" value="105"/>
		<feat xlink:href="#sSpan366" value="106"/>
		<feat xlink:href="#sSpan367" value="107"/>
		<feat xlink:href="#sSpan368" value="108"/>
		<feat xlink:href="#sSpan369" value="109"/>
		<feat xlink:href="#sSpan370" value="110"/>
		<feat xlink:href="#sSpan371" value="111"/>
		<feat xlink:href="#sSpan372" value="112"/>
		<feat xlink:href="#sSpan373" value="113"/>
		<feat xlink:href="#sSpan374" value="114"/>
		<feat xlink:href="#sSpan375" value="115"/>
		<feat xlink:href="#sSpan376" value="116"/>
		<feat xlink:href="#sSpan377" value="117"/>
		<feat xlink:href="#sSpan378" value="118"/>
		<feat xlink:href="#sSpan379" value="119"/>
		<feat xlink:href="#sSpan380" value="120"/>
		<feat xlink:href="#sSpan381" value="121"/>
		<feat xlink:href="#sSpan382" value="122"/>
		<feat xlink:href="#sSpan383" value="123"/>
		<feat xlink:href="#sSpan384" value="124"/>
		<feat xlink:href="#sSpan385" value="125"/>
		<feat xlink:href="#sSpan386" value="126"/>
		<feat xlink:href="#sSpan387" value="127"/>
		<feat xlink:href="#sSpan388" value="128"/>
		<feat xlink:href="#sSpan389" value="129"/>
		<feat xlink:href="#sSpan390" value="130"/>
		<feat xlink:href="#sSpan391" value="131"/>
		<feat xlink:href="#sSpan392" value="132"/></featList></paula>