<?xml version='1.0' encoding='UTF-8'?><!DOCTYPE paula SYSTEM "paula_feat.dtd">
<paula version="1.1">
	<header paula_id="rsd.GENTLE_esports_fifa.rsd_func"/>
	<featList xmlns:xlink="http://www.w3.org/1999/xlink" type="func" xml:base="rsd.GENTLE_esports_fifa.rsd.xml">
		<feat xlink:href="#sPointingRel1195" value="context-background_r"/>
		<feat xlink:href="#sPointingRel1196" value="elaboration-attribute_r"/>
		<feat xlink:href="#sPointingRel1197" value="joint-sequence_m"/>
		<feat xlink:href="#sPointingRel1198" value="joint-sequence_m"/>
		<feat xlink:href="#sPointingRel1199" value="same-unit_m"/>
		<feat xlink:href="#sPointingRel1200" value="evaluation-comment_r"/>
		<feat xlink:href="#sPointingRel1201" value="organization-phatic_r"/>
		<feat xlink:href="#sPointingRel1202" value="same-unit_m"/>
		<feat xlink:href="#sPointingRel1203" value="elaboration-attribute_r"/>
		<feat xlink:href="#sPointingRel1204" value="joint-sequence_m"/>
		<feat xlink:href="#sPointingRel1205" value="evaluation-comment_r"/>
		<feat xlink:href="#sPointingRel1206" value="elaboration-attribute_r"/>
		<feat xlink:href="#sPointingRel1207" value="context-background_r"/>
		<feat xlink:href="#sPointingRel1208" value="explanation-justify_r"/>
		<feat xlink:href="#sPointingRel1209" value="elaboration-attribute_r"/>
		<feat xlink:href="#sPointingRel1210" value="elaboration-additional_r"/>
		<feat xlink:href="#sPointingRel1211" value="elaboration-additional_r"/>
		<feat xlink:href="#sPointingRel1212" value="purpose-goal_r"/>
		<feat xlink:href="#sPointingRel1213" value="elaboration-attribute_r"/>
		<feat xlink:href="#sPointingRel1214" value="same-unit_m"/>
		<feat xlink:href="#sPointingRel1215" value="evaluation-comment_r"/>
		<feat xlink:href="#sPointingRel1216" value="elaboration-additional_r"/>
		<feat xlink:href="#sPointingRel1217" value="joint-list_m"/>
		<feat xlink:href="#sPointingRel1218" value="joint-list_m"/>
		<feat xlink:href="#sPointingRel1219" value="attribution-positive_r"/>
		<feat xlink:href="#sPointingRel1220" value="explanation-evidence_r"/>
		<feat xlink:href="#sPointingRel1221" value="joint-list_m"/>
		<feat xlink:href="#sPointingRel1222" value="evaluation-comment_r"/>
		<feat xlink:href="#sPointingRel1223" value="explanation-justify_r"/>
		<feat xlink:href="#sPointingRel1224" value="context-background_r"/>
		<feat xlink:href="#sPointingRel1225" value="elaboration-attribute_r"/>
		<feat xlink:href="#sPointingRel1226" value="elaboration-additional_r"/>
		<feat xlink:href="#sPointingRel1227" value="explanation-justify_r"/>
		<feat xlink:href="#sPointingRel1228" value="context-background_r"/>
		<feat xlink:href="#sPointingRel1229" value="explanation-evidence_r"/>
		<feat xlink:href="#sPointingRel1230" value="context-background_r"/>
		<feat xlink:href="#sPointingRel1231" value="evaluation-comment_r"/>
		<feat xlink:href="#sPointingRel1232" value="elaboration-additional_r"/>
		<feat xlink:href="#sPointingRel1233" value="explanation-evidence_r"/>
		<feat xlink:href="#sPointingRel1234" value="adversative-contrast_m"/>
		<feat xlink:href="#sPointingRel1235" value="organization-phatic_r"/>
		<feat xlink:href="#sPointingRel1236" value="attribution-positive_r"/>
		<feat xlink:href="#sPointingRel1237" value="evaluation-comment_r"/>
		<feat xlink:href="#sPointingRel1238" value="explanation-justify_r"/>
		<feat xlink:href="#sPointingRel1239" value="adversative-concession_r"/>
		<feat xlink:href="#sPointingRel1240" value="joint-other_m"/>
		<feat xlink:href="#sPointingRel1241" value="joint-list_m"/>
		<feat xlink:href="#sPointingRel1242" value="joint-list_m"/>
		<feat xlink:href="#sPointingRel1243" value="attribution-positive_r"/>
		<feat xlink:href="#sPointingRel1244" value="joint-other_m"/>
		<feat xlink:href="#sPointingRel1245" value="contingency-condition_r"/>
		<feat xlink:href="#sPointingRel1246" value="same-unit_m"/>
		<feat xlink:href="#sPointingRel1247" value="attribution-positive_r"/>
		<feat xlink:href="#sPointingRel1248" value="adversative-concession_r"/>
		<feat xlink:href="#sPointingRel1249" value="joint-sequence_m"/>
		<feat xlink:href="#sPointingRel1250" value="evaluation-comment_r"/>
		<feat xlink:href="#sPointingRel1251" value="joint-other_m"/>
		<feat xlink:href="#sPointingRel1252" value="context-circumstance_r"/>
		<feat xlink:href="#sPointingRel1253" value="joint-sequence_m"/>
		<feat xlink:href="#sPointingRel1254" value="joint-sequence_m"/>
		<feat xlink:href="#sPointingRel1255" value="organization-preparation_r"/>
		<feat xlink:href="#sPointingRel1256" value="joint-sequence_m"/>
		<feat xlink:href="#sPointingRel1257" value="context-circumstance_r"/>
		<feat xlink:href="#sPointingRel1258" value="evaluation-comment_r"/>
		<feat xlink:href="#sPointingRel1259" value="joint-sequence_m"/>
		<feat xlink:href="#sPointingRel1260" value="joint-sequence_m"/>
		<feat xlink:href="#sPointingRel1261" value="joint-sequence_m"/>
		<feat xlink:href="#sPointingRel1262" value="joint-sequence_m"/>
		<feat xlink:href="#sPointingRel1263" value="joint-sequence_m"/>
		<feat xlink:href="#sPointingRel1264" value="restatement-repetition_m"/>
		<feat xlink:href="#sPointingRel1265" value="organization-phatic_r"/>
		<feat xlink:href="#sPointingRel1266" value="adversative-concession_r"/>
		<feat xlink:href="#sPointingRel1267" value="organization-preparation_r"/>
		<feat xlink:href="#sPointingRel1268" value="evaluation-comment_r"/>
		<feat xlink:href="#sPointingRel1269" value="evaluation-comment_r"/>
		<feat xlink:href="#sPointingRel1270" value="joint-sequence_m"/>
		<feat xlink:href="#sPointingRel1271" value="context-circumstance_r"/>
		<feat xlink:href="#sPointingRel1272" value="joint-sequence_m"/>
		<feat xlink:href="#sPointingRel1273" value="joint-sequence_m"/>
		<feat xlink:href="#sPointingRel1274" value="joint-sequence_m"/>
		<feat xlink:href="#sPointingRel1275" value="organization-preparation_r"/>
		<feat xlink:href="#sPointingRel1276" value="restatement-repetition_m"/>
		<feat xlink:href="#sPointingRel1277" value="joint-sequence_m"/>
		<feat xlink:href="#sPointingRel1278" value="restatement-partial_r"/>
		<feat xlink:href="#sPointingRel1279" value="explanation-justify_r"/>
		<feat xlink:href="#sPointingRel1280" value="adversative-contrast_m"/>
		<feat xlink:href="#sPointingRel1281" value="causal-result_r"/>
		<feat xlink:href="#sPointingRel1282" value="joint-sequence_m"/>
		<feat xlink:href="#sPointingRel1283" value="joint-sequence_m"/>
		<feat xlink:href="#sPointingRel1284" value="joint-sequence_m"/>
		<feat xlink:href="#sPointingRel1285" value="context-circumstance_r"/>
		<feat xlink:href="#sPointingRel1286" value="joint-sequence_m"/>
		<feat xlink:href="#sPointingRel1287" value="joint-sequence_m"/>
		<feat xlink:href="#sPointingRel1288" value="adversative-concession_r"/>
		<feat xlink:href="#sPointingRel1289" value="evaluation-comment_r"/>
		<feat xlink:href="#sPointingRel1290" value="joint-sequence_m"/>
		<feat xlink:href="#sPointingRel1291" value="adversative-antithesis_r"/>
		<feat xlink:href="#sPointingRel1292" value="restatement-partial_r"/>
		<feat xlink:href="#sPointingRel1293" value="causal-result_r"/>
		<feat xlink:href="#sPointingRel1294" value="evaluation-comment_r"/>
		<feat xlink:href="#sPointingRel1295" value="evaluation-comment_r"/>
		<feat xlink:href="#sPointingRel1296" value="evaluation-comment_r"/>
		<feat xlink:href="#sPointingRel1297" value="adversative-concession_r"/>
		<feat xlink:href="#sPointingRel1298" value="elaboration-attribute_r"/>
		<feat xlink:href="#sPointingRel1299" value="adversative-antithesis_r"/>
		<feat xlink:href="#sPointingRel1300" value="joint-list_m"/>
		<feat xlink:href="#sPointingRel1301" value="context-background_r"/>
		<feat xlink:href="#sPointingRel1302" value="causal-cause_r"/>
		<feat xlink:href="#sPointingRel1303" value="same-unit_m"/>
		<feat xlink:href="#sPointingRel1304" value="adversative-concession_r"/>
		<feat xlink:href="#sPointingRel1305" value="adversative-concession_r"/>
		<feat xlink:href="#sPointingRel1306" value="evaluation-comment_r"/>
		<feat xlink:href="#sPointingRel1307" value="joint-sequence_m"/>
		<feat xlink:href="#sPointingRel1308" value="joint-sequence_m"/>
		<feat xlink:href="#sPointingRel1309" value="evaluation-comment_r"/>
		<feat xlink:href="#sPointingRel1310" value="context-background_r"/>
		<feat xlink:href="#sPointingRel1311" value="adversative-contrast_m"/>
		<feat xlink:href="#sPointingRel1312" value="causal-result_r"/>
		<feat xlink:href="#sPointingRel1313" value="joint-sequence_m"/>
		<feat xlink:href="#sPointingRel1314" value="evaluation-comment_r"/>
		<feat xlink:href="#sPointingRel1315" value="causal-result_r"/>
		<feat xlink:href="#sPointingRel1316" value="restatement-repetition_m"/>
		<feat xlink:href="#sPointingRel1317" value="organization-preparation_r"/>
		<feat xlink:href="#sPointingRel1318" value="context-background_r"/>
		<feat xlink:href="#sPointingRel1319" value="attribution-positive_r"/>
		<feat xlink:href="#sPointingRel1320" value="joint-list_m"/>
		<feat xlink:href="#sPointingRel1321" value="elaboration-attribute_r"/>
		<feat xlink:href="#sPointingRel1322" value="same-unit_m"/>
		<feat xlink:href="#sPointingRel1323" value="elaboration-attribute_r"/>
		<feat xlink:href="#sPointingRel1324" value="same-unit_m"/>
		<feat xlink:href="#sPointingRel1325" value="elaboration-additional_r"/></featList></paula>