<?xml version='1.0' encoding='UTF-8'?><!DOCTYPE paula SYSTEM "paula_feat.dtd">
<paula version="1.1">
	<header paula_id="rsd.GENTLE_esports_fifa.mark_head_id"/>
	<featList xmlns:xlink="http://www.w3.org/1999/xlink" type="head_id" xml:base="rsd.GENTLE_esports_fifa.mark.xml">
		<feat xlink:href="#sSpan261" value="7"/>
		<feat xlink:href="#sSpan262" value="11"/>
		<feat xlink:href="#sSpan263" value="25"/>
		<feat xlink:href="#sSpan264" value="36"/>
		<feat xlink:href="#sSpan265" value="48"/>
		<feat xlink:href="#sSpan266" value="55"/>
		<feat xlink:href="#sSpan267" value="57"/>
		<feat xlink:href="#sSpan268" value="61"/>
		<feat xlink:href="#sSpan269" value="70"/>
		<feat xlink:href="#sSpan270" value="81"/>
		<feat xlink:href="#sSpan271" value="94"/>
		<feat xlink:href="#sSpan272" value="105"/>
		<feat xlink:href="#sSpan273" value="112"/>
		<feat xlink:href="#sSpan274" value="120"/>
		<feat xlink:href="#sSpan275" value="124"/>
		<feat xlink:href="#sSpan276" value="130"/>
		<feat xlink:href="#sSpan277" value="136"/>
		<feat xlink:href="#sSpan278" value="150"/>
		<feat xlink:href="#sSpan279" value="160"/>
		<feat xlink:href="#sSpan280" value="165"/>
		<feat xlink:href="#sSpan281" value="168"/>
		<feat xlink:href="#sSpan282" value="172"/>
		<feat xlink:href="#sSpan283" value="178"/>
		<feat xlink:href="#sSpan284" value="185"/>
		<feat xlink:href="#sSpan285" value="193"/>
		<feat xlink:href="#sSpan286" value="202"/>
		<feat xlink:href="#sSpan287" value="212"/>
		<feat xlink:href="#sSpan288" value="222"/>
		<feat xlink:href="#sSpan289" value="232"/>
		<feat xlink:href="#sSpan290" value="244"/>
		<feat xlink:href="#sSpan291" value="250"/>
		<feat xlink:href="#sSpan292" value="251"/>
		<feat xlink:href="#sSpan293" value="256"/>
		<feat xlink:href="#sSpan294" value="266"/>
		<feat xlink:href="#sSpan295" value="270"/>
		<feat xlink:href="#sSpan296" value="287"/>
		<feat xlink:href="#sSpan297" value="292"/>
		<feat xlink:href="#sSpan298" value="305"/>
		<feat xlink:href="#sSpan299" value="310"/>
		<feat xlink:href="#sSpan300" value="314"/>
		<feat xlink:href="#sSpan301" value="320"/>
		<feat xlink:href="#sSpan302" value="325"/>
		<feat xlink:href="#sSpan303" value="328"/>
		<feat xlink:href="#sSpan304" value="331"/>
		<feat xlink:href="#sSpan305" value="343"/>
		<feat xlink:href="#sSpan306" value="348"/>
		<feat xlink:href="#sSpan307" value="357"/>
		<feat xlink:href="#sSpan308" value="368"/>
		<feat xlink:href="#sSpan309" value="379"/>
		<feat xlink:href="#sSpan310" value="384"/>
		<feat xlink:href="#sSpan311" value="387"/>
		<feat xlink:href="#sSpan312" value="392"/>
		<feat xlink:href="#sSpan313" value="400"/>
		<feat xlink:href="#sSpan314" value="411"/>
		<feat xlink:href="#sSpan315" value="414"/>
		<feat xlink:href="#sSpan316" value="426"/>
		<feat xlink:href="#sSpan317" value="437"/>
		<feat xlink:href="#sSpan318" value="441"/>
		<feat xlink:href="#sSpan319" value="444"/>
		<feat xlink:href="#sSpan320" value="447"/>
		<feat xlink:href="#sSpan321" value="458"/>
		<feat xlink:href="#sSpan322" value="462"/>
		<feat xlink:href="#sSpan323" value="466"/>
		<feat xlink:href="#sSpan324" value="472"/>
		<feat xlink:href="#sSpan325" value="476"/>
		<feat xlink:href="#sSpan326" value="482"/>
		<feat xlink:href="#sSpan327" value="487"/>
		<feat xlink:href="#sSpan328" value="489"/>
		<feat xlink:href="#sSpan329" value="493"/>
		<feat xlink:href="#sSpan330" value="501"/>
		<feat xlink:href="#sSpan331" value="506"/>
		<feat xlink:href="#sSpan332" value="512"/>
		<feat xlink:href="#sSpan333" value="520"/>
		<feat xlink:href="#sSpan334" value="531"/>
		<feat xlink:href="#sSpan335" value="535"/>
		<feat xlink:href="#sSpan336" value="541"/>
		<feat xlink:href="#sSpan337" value="551"/>
		<feat xlink:href="#sSpan338" value="557"/>
		<feat xlink:href="#sSpan339" value="562"/>
		<feat xlink:href="#sSpan340" value="569"/>
		<feat xlink:href="#sSpan341" value="574"/>
		<feat xlink:href="#sSpan342" value="578"/>
		<feat xlink:href="#sSpan343" value="580"/>
		<feat xlink:href="#sSpan344" value="586"/>
		<feat xlink:href="#sSpan345" value="592"/>
		<feat xlink:href="#sSpan346" value="597"/>
		<feat xlink:href="#sSpan347" value="611"/>
		<feat xlink:href="#sSpan348" value="619"/>
		<feat xlink:href="#sSpan349" value="623"/>
		<feat xlink:href="#sSpan350" value="630"/>
		<feat xlink:href="#sSpan351" value="634"/>
		<feat xlink:href="#sSpan352" value="640"/>
		<feat xlink:href="#sSpan353" value="646"/>
		<feat xlink:href="#sSpan354" value="653"/>
		<feat xlink:href="#sSpan355" value="658"/>
		<feat xlink:href="#sSpan356" value="675"/>
		<feat xlink:href="#sSpan357" value="682"/>
		<feat xlink:href="#sSpan358" value="687"/>
		<feat xlink:href="#sSpan359" value="696"/>
		<feat xlink:href="#sSpan360" value="710"/>
		<feat xlink:href="#sSpan361" value="715"/>
		<feat xlink:href="#sSpan362" value="728"/>
		<feat xlink:href="#sSpan363" value="743"/>
		<feat xlink:href="#sSpan364" value="747"/>
		<feat xlink:href="#sSpan365" value="758"/>
		<feat xlink:href="#sSpan366" value="761"/>
		<feat xlink:href="#sSpan367" value="772"/>
		<feat xlink:href="#sSpan368" value="774"/>
		<feat xlink:href="#sSpan369" value="778"/>
		<feat xlink:href="#sSpan370" value="785"/>
		<feat xlink:href="#sSpan371" value="794"/>
		<feat xlink:href="#sSpan372" value="809"/>
		<feat xlink:href="#sSpan373" value="813"/>
		<feat xlink:href="#sSpan374" value="820"/>
		<feat xlink:href="#sSpan375" value="823"/>
		<feat xlink:href="#sSpan376" value="826"/>
		<feat xlink:href="#sSpan377" value="828"/>
		<feat xlink:href="#sSpan378" value="833"/>
		<feat xlink:href="#sSpan379" value="839"/>
		<feat xlink:href="#sSpan380" value="850"/>
		<feat xlink:href="#sSpan381" value="856"/>
		<feat xlink:href="#sSpan382" value="859"/>
		<feat xlink:href="#sSpan383" value="862"/>
		<feat xlink:href="#sSpan384" value="872"/>
		<feat xlink:href="#sSpan385" value="888"/>
		<feat xlink:href="#sSpan386" value="895"/>
		<feat xlink:href="#sSpan387" value="899"/>
		<feat xlink:href="#sSpan388" value="901"/>
		<feat xlink:href="#sSpan389" value="904"/>
		<feat xlink:href="#sSpan390" value="906"/>
		<feat xlink:href="#sSpan391" value="910"/>
		<feat xlink:href="#sSpan392" value="917"/></featList></paula>