<?xml version='1.0' encoding='UTF-8'?><!DOCTYPE paula SYSTEM "paula_feat.dtd">
<paula version="1.1">
	<header paula_id="rsd.GENTLE_esports_fifa.mark_head_func"/>
	<featList xmlns:xlink="http://www.w3.org/1999/xlink" type="head_func" xml:base="rsd.GENTLE_esports_fifa.mark.xml">
		<feat xlink:href="#sSpan1" value="obl"/>
		<feat xlink:href="#sSpan2" value="acl:relcl"/>
		<feat xlink:href="#sSpan3" value="conj"/>
		<feat xlink:href="#sSpan4" value="conj"/>
		<feat xlink:href="#sSpan5" value="root"/>
		<feat xlink:href="#sSpan6" value="nsubj"/>
		<feat xlink:href="#sSpan7" value="parataxis"/>
		<feat xlink:href="#sSpan8" value="acl:relcl"/>
		<feat xlink:href="#sSpan9" value="acl:relcl"/>
		<feat xlink:href="#sSpan10" value="conj"/>
		<feat xlink:href="#sSpan11" value="advcl:relcl"/>
		<feat xlink:href="#sSpan12" value="advcl:relcl"/>
		<feat xlink:href="#sSpan13" value="advcl"/>
		<feat xlink:href="#sSpan14" value="conj"/>
		<feat xlink:href="#sSpan15" value="acl:relcl"/>
		<feat xlink:href="#sSpan16" value="parataxis"/>
		<feat xlink:href="#sSpan17" value="root"/>
		<feat xlink:href="#sSpan18" value="root"/>
		<feat xlink:href="#sSpan19" value="advcl"/>
		<feat xlink:href="#sSpan20" value="acl"/>
		<feat xlink:href="#sSpan21" value="obl:unmarked"/>
		<feat xlink:href="#sSpan22" value="root"/>
		<feat xlink:href="#sSpan23" value="parataxis"/>
		<feat xlink:href="#sSpan24" value="parataxis"/>
		<feat xlink:href="#sSpan25" value="root"/>
		<feat xlink:href="#sSpan26" value="root"/>
		<feat xlink:href="#sSpan27" value="ccomp"/>
		<feat xlink:href="#sSpan28" value="conj"/>
		<feat xlink:href="#sSpan29" value="root"/>
		<feat xlink:href="#sSpan30" value="parataxis"/>
		<feat xlink:href="#sSpan31" value="root"/>
		<feat xlink:href="#sSpan32" value="acl"/>
		<feat xlink:href="#sSpan33" value="conj"/>
		<feat xlink:href="#sSpan34" value="advcl"/>
		<feat xlink:href="#sSpan35" value="root"/>
		<feat xlink:href="#sSpan36" value="root"/>
		<feat xlink:href="#sSpan37" value="parataxis"/>
		<feat xlink:href="#sSpan38" value="root"/>
		<feat xlink:href="#sSpan39" value="root"/>
		<feat xlink:href="#sSpan40" value="parataxis"/>
		<feat xlink:href="#sSpan41" value="conj"/>
		<feat xlink:href="#sSpan42" value="root"/>
		<feat xlink:href="#sSpan43" value="root"/>
		<feat xlink:href="#sSpan44" value="ccomp"/>
		<feat xlink:href="#sSpan45" value="conj"/>
		<feat xlink:href="#sSpan46" value="parataxis"/>
		<feat xlink:href="#sSpan47" value="root"/>
		<feat xlink:href="#sSpan48" value="root"/>
		<feat xlink:href="#sSpan49" value="conj"/>
		<feat xlink:href="#sSpan50" value="advcl"/>
		<feat xlink:href="#sSpan51" value="dislocated"/>
		<feat xlink:href="#sSpan52" value="advcl"/>
		<feat xlink:href="#sSpan53" value="root"/>
		<feat xlink:href="#sSpan54" value="root"/>
		<feat xlink:href="#sSpan55" value="ccomp"/>
		<feat xlink:href="#sSpan56" value="conj"/>
		<feat xlink:href="#sSpan57" value="root"/>
		<feat xlink:href="#sSpan58" value="cc"/>
		<feat xlink:href="#sSpan59" value="advcl"/>
		<feat xlink:href="#sSpan60" value="conj"/>
		<feat xlink:href="#sSpan61" value="conj"/>
		<feat xlink:href="#sSpan62" value="root"/>
		<feat xlink:href="#sSpan63" value="advcl"/>
		<feat xlink:href="#sSpan64" value="parataxis"/>
		<feat xlink:href="#sSpan65" value="parataxis"/>
		<feat xlink:href="#sSpan66" value="parataxis"/>
		<feat xlink:href="#sSpan67" value="parataxis"/>
		<feat xlink:href="#sSpan68" value="parataxis"/>
		<feat xlink:href="#sSpan69" value="root"/>
		<feat xlink:href="#sSpan70" value="parataxis"/>
		<feat xlink:href="#sSpan71" value="conj"/>
		<feat xlink:href="#sSpan72" value="reparandum"/>
		<feat xlink:href="#sSpan73" value="root"/>
		<feat xlink:href="#sSpan74" value="parataxis"/>
		<feat xlink:href="#sSpan75" value="conj"/>
		<feat xlink:href="#sSpan76" value="conj"/>
		<feat xlink:href="#sSpan77" value="root"/>
		<feat xlink:href="#sSpan78" value="parataxis"/>
		<feat xlink:href="#sSpan79" value="root"/>
		<feat xlink:href="#sSpan80" value="parataxis"/>
		<feat xlink:href="#sSpan81" value="reparandum"/>
		<feat xlink:href="#sSpan82" value="root"/>
		<feat xlink:href="#sSpan83" value="reparandum"/>
		<feat xlink:href="#sSpan84" value="root"/>
		<feat xlink:href="#sSpan85" value="parataxis"/>
		<feat xlink:href="#sSpan86" value="root"/>
		<feat xlink:href="#sSpan87" value="parataxis"/>
		<feat xlink:href="#sSpan88" value="conj"/>
		<feat xlink:href="#sSpan89" value="root"/>
		<feat xlink:href="#sSpan90" value="parataxis"/>
		<feat xlink:href="#sSpan91" value="root"/>
		<feat xlink:href="#sSpan92" value="advcl"/>
		<feat xlink:href="#sSpan93" value="root"/>
		<feat xlink:href="#sSpan94" value="reparandum"/>
		<feat xlink:href="#sSpan95" value="parataxis"/>
		<feat xlink:href="#sSpan96" value="conj"/>
		<feat xlink:href="#sSpan97" value="conj"/>
		<feat xlink:href="#sSpan98" value="root"/>
		<feat xlink:href="#sSpan99" value="conj"/>
		<feat xlink:href="#sSpan100" value="parataxis"/>
		<feat xlink:href="#sSpan101" value="root"/>
		<feat xlink:href="#sSpan102" value="parataxis"/>
		<feat xlink:href="#sSpan103" value="advcl"/>
		<feat xlink:href="#sSpan104" value="parataxis"/>
		<feat xlink:href="#sSpan105" value="acl:relcl"/>
		<feat xlink:href="#sSpan106" value="parataxis"/>
		<feat xlink:href="#sSpan107" value="conj"/>
		<feat xlink:href="#sSpan108" value="cc"/>
		<feat xlink:href="#sSpan109" value="advcl"/>
		<feat xlink:href="#sSpan110" value="conj"/>
		<feat xlink:href="#sSpan111" value="root"/>
		<feat xlink:href="#sSpan112" value="parataxis"/>
		<feat xlink:href="#sSpan113" value="conj"/>
		<feat xlink:href="#sSpan114" value="root"/>
		<feat xlink:href="#sSpan115" value="parataxis"/>
		<feat xlink:href="#sSpan116" value="parataxis"/>
		<feat xlink:href="#sSpan117" value="advcl"/>
		<feat xlink:href="#sSpan118" value="conj"/>
		<feat xlink:href="#sSpan119" value="parataxis"/>
		<feat xlink:href="#sSpan120" value="root"/>
		<feat xlink:href="#sSpan121" value="parataxis"/>
		<feat xlink:href="#sSpan122" value="root"/>
		<feat xlink:href="#sSpan123" value="parataxis"/>
		<feat xlink:href="#sSpan124" value="root"/>
		<feat xlink:href="#sSpan125" value="parataxis"/>
		<feat xlink:href="#sSpan126" value="parataxis"/>
		<feat xlink:href="#sSpan127" value="obl"/>
		<feat xlink:href="#sSpan128" value="acl:relcl"/>
		<feat xlink:href="#sSpan129" value="conj"/>
		<feat xlink:href="#sSpan130" value="acl:relcl"/>
		<feat xlink:href="#sSpan131" value="ccomp"/>
		<feat xlink:href="#sSpan132" value="conj"/></featList></paula>