<?xml version='1.0' encoding='UTF-8'?><!DOCTYPE paula SYSTEM "paula_feat.dtd">
<paula version="1.1">
	<header paula_id="rsd.GENTLE_esports_fifa.mark_subord"/>
	<featList xmlns:xlink="http://www.w3.org/1999/xlink" type="subord" xml:base="rsd.GENTLE_esports_fifa.mark.xml">
		<feat xlink:href="#sSpan261" value="RIGHT"/>
		<feat xlink:href="#sSpan262" value="LEFT"/>
		<feat xlink:href="#sSpan263" value="RIGHT"/>
		<feat xlink:href="#sSpan264" value="LEFT"/>
		<feat xlink:href="#sSpan266" value="RIGHT"/>
		<feat xlink:href="#sSpan267" value="RIGHT"/>
		<feat xlink:href="#sSpan268" value="LEFT"/>
		<feat xlink:href="#sSpan269" value="RIGHT"/>
		<feat xlink:href="#sSpan270" value="RIGHT"/>
		<feat xlink:href="#sSpan271" value="LEFT"/>
		<feat xlink:href="#sSpan272" value="LEFT"/>
		<feat xlink:href="#sSpan273" value="LEFT"/>
		<feat xlink:href="#sSpan274" value="LEFT"/>
		<feat xlink:href="#sSpan275" value="RIGHT"/>
		<feat xlink:href="#sSpan276" value="LEFT"/>
		<feat xlink:href="#sSpan279" value="LEFT"/>
		<feat xlink:href="#sSpan280" value="LEFT"/>
		<feat xlink:href="#sSpan281" value="LEFT"/>
		<feat xlink:href="#sSpan283" value="RIGHT"/>
		<feat xlink:href="#sSpan284" value="LEFT"/>
		<feat xlink:href="#sSpan287" value="LEFT"/>
		<feat xlink:href="#sSpan288" value="LEFT"/>
		<feat xlink:href="#sSpan290" value="LEFT"/>
		<feat xlink:href="#sSpan292" value="LEFT"/>
		<feat xlink:href="#sSpan293" value="LEFT"/>
		<feat xlink:href="#sSpan294" value="LEFT"/>
		<feat xlink:href="#sSpan297" value="LEFT"/>
		<feat xlink:href="#sSpan300" value="LEFT"/>
		<feat xlink:href="#sSpan301" value="LEFT"/>
		<feat xlink:href="#sSpan304" value="LEFT"/>
		<feat xlink:href="#sSpan305" value="LEFT"/>
		<feat xlink:href="#sSpan306" value="LEFT"/>
		<feat xlink:href="#sSpan309" value="LEFT"/>
		<feat xlink:href="#sSpan310" value="RIGHT"/>
		<feat xlink:href="#sSpan311" value="RIGHT"/>
		<feat xlink:href="#sSpan312" value="RIGHT"/>
		<feat xlink:href="#sSpan315" value="LEFT"/>
		<feat xlink:href="#sSpan316" value="LEFT"/>
		<feat xlink:href="#sSpan317" value="RIGHT"/>
		<feat xlink:href="#sSpan318" value="RIGHT"/>
		<feat xlink:href="#sSpan319" value="RIGHT"/>
		<feat xlink:href="#sSpan320" value="LEFT"/>
		<feat xlink:href="#sSpan321" value="LEFT"/>
		<feat xlink:href="#sSpan322" value="RIGHT"/>
		<feat xlink:href="#sSpan323" value="RIGHT"/>
		<feat xlink:href="#sSpan324" value="LEFT"/>
		<feat xlink:href="#sSpan325" value="LEFT"/>
		<feat xlink:href="#sSpan326" value="LEFT"/>
		<feat xlink:href="#sSpan327" value="LEFT"/>
		<feat xlink:href="#sSpan328" value="LEFT"/>
		<feat xlink:href="#sSpan329" value="RIGHT"/>
		<feat xlink:href="#sSpan330" value="LEFT"/>
		<feat xlink:href="#sSpan331" value="LEFT"/>
		<feat xlink:href="#sSpan332" value="RIGHT"/>
		<feat xlink:href="#sSpan333" value="RIGHT"/>
		<feat xlink:href="#sSpan334" value="RIGHT"/>
		<feat xlink:href="#sSpan335" value="LEFT"/>
		<feat xlink:href="#sSpan336" value="LEFT"/>
		<feat xlink:href="#sSpan337" value="RIGHT"/>
		<feat xlink:href="#sSpan338" value="LEFT"/>
		<feat xlink:href="#sSpan339" value="RIGHT"/>
		<feat xlink:href="#sSpan340" value="LEFT"/>
		<feat xlink:href="#sSpan341" value="RIGHT"/>
		<feat xlink:href="#sSpan343" value="RIGHT"/>
		<feat xlink:href="#sSpan345" value="LEFT"/>
		<feat xlink:href="#sSpan346" value="RIGHT"/>
		<feat xlink:href="#sSpan347" value="LEFT"/>
		<feat xlink:href="#sSpan348" value="LEFT"/>
		<feat xlink:href="#sSpan350" value="LEFT"/>
		<feat xlink:href="#sSpan352" value="LEFT"/>
		<feat xlink:href="#sSpan353" value="RIGHT"/>
		<feat xlink:href="#sSpan354" value="RIGHT"/>
		<feat xlink:href="#sSpan355" value="RIGHT"/>
		<feat xlink:href="#sSpan356" value="LEFT"/>
		<feat xlink:href="#sSpan357" value="LEFT"/>
		<feat xlink:href="#sSpan359" value="RIGHT"/>
		<feat xlink:href="#sSpan360" value="LEFT"/>
		<feat xlink:href="#sSpan362" value="LEFT"/>
		<feat xlink:href="#sSpan363" value="RIGHT"/>
		<feat xlink:href="#sSpan364" value="RIGHT"/>
		<feat xlink:href="#sSpan365" value="LEFT"/>
		<feat xlink:href="#sSpan366" value="LEFT"/>
		<feat xlink:href="#sSpan367" value="RIGHT"/>
		<feat xlink:href="#sSpan368" value="RIGHT"/>
		<feat xlink:href="#sSpan369" value="RIGHT"/>
		<feat xlink:href="#sSpan370" value="LEFT"/>
		<feat xlink:href="#sSpan371" value="RIGHT"/>
		<feat xlink:href="#sSpan372" value="LEFT"/>
		<feat xlink:href="#sSpan373" value="LEFT"/>
		<feat xlink:href="#sSpan375" value="LEFT"/>
		<feat xlink:href="#sSpan376" value="LEFT"/>
		<feat xlink:href="#sSpan377" value="LEFT"/>
		<feat xlink:href="#sSpan378" value="LEFT"/>
		<feat xlink:href="#sSpan379" value="LEFT"/>
		<feat xlink:href="#sSpan380" value="RIGHT"/>
		<feat xlink:href="#sSpan381" value="LEFT"/>
		<feat xlink:href="#sSpan383" value="LEFT"/>
		<feat xlink:href="#sSpan385" value="LEFT"/>
		<feat xlink:href="#sSpan386" value="LEFT"/>
		<feat xlink:href="#sSpan387" value="RIGHT"/>
		<feat xlink:href="#sSpan388" value="LEFT"/>
		<feat xlink:href="#sSpan389" value="LEFT"/>
		<feat xlink:href="#sSpan390" value="LEFT"/>
		<feat xlink:href="#sSpan391" value="LEFT"/>
		<feat xlink:href="#sSpan392" value="LEFT"/></featList></paula>