<?xml version='1.0' encoding='UTF-8'?><!DOCTYPE paula SYSTEM "paula_feat.dtd">
<paula version="1.1">
	<header paula_id="rst.GENTLE_esports_fifa.struct_relname"/>
	<featList xmlns:xlink="http://www.w3.org/1999/xlink" type="relname" xml:base="rst.GENTLE_esports_fifa.struct.xml">
		<feat xlink:href="#sDomRel1822" value="joint-sequence"/>
		<feat xlink:href="#sDomRel1823" value="joint-sequence"/>
		<feat xlink:href="#sDomRel1824" value="joint-sequence"/>
		<feat xlink:href="#sDomRel1832" value="elaboration-attribute"/>
		<feat xlink:href="#sDomRel1833" value="span"/>
		<feat xlink:href="#sDomRel1851" value="elaboration-attribute"/>
		<feat xlink:href="#sDomRel1852" value="organization-phatic"/>
		<feat xlink:href="#sDomRel1853" value="span"/>
		<feat xlink:href="#sDomRel1854" value="span"/>
		<feat xlink:href="#sDomRel1855" value="same-unit"/>
		<feat xlink:href="#sDomRel1856" value="same-unit"/>
		<feat xlink:href="#sDomRel1868" value="evaluation-comment"/>
		<feat xlink:href="#sDomRel1869" value="span"/>
		<feat xlink:href="#sDomRel1870" value="same-unit"/>
		<feat xlink:href="#sDomRel1871" value="same-unit"/>
		<feat xlink:href="#sDomRel1889" value="elaboration-attribute"/>
		<feat xlink:href="#sDomRel1907" value="elaboration-attribute"/>
		<feat xlink:href="#sDomRel1914" value="span"/>
		<feat xlink:href="#sDomRel1915" value="elaboration-additional"/>
		<feat xlink:href="#sDomRel1916" value="context-background"/>
		<feat xlink:href="#sDomRel1917" value="span"/>
		<feat xlink:href="#sDomRel1918" value="span"/>
		<feat xlink:href="#sDomRel1919" value="span"/>
		<feat xlink:href="#sDomRel1920" value="explanation-justify"/>
		<feat xlink:href="#sDomRel1921" value="span"/>
		<feat xlink:href="#sDomRel1942" value="evaluation-comment"/>
		<feat xlink:href="#sDomRel1943" value="span"/>
		<feat xlink:href="#sDomRel1944" value="joint-sequence"/>
		<feat xlink:href="#sDomRel1945" value="joint-sequence"/>
		<feat xlink:href="#sDomRel1958" value="elaboration-attribute"/>
		<feat xlink:href="#sDomRel1959" value="span"/>
		<feat xlink:href="#sDomRel1970" value="purpose-goal"/>
		<feat xlink:href="#sDomRel1971" value="span"/>
		<feat xlink:href="#sDomRel1972" value="same-unit"/>
		<feat xlink:href="#sDomRel1973" value="same-unit"/>
		<feat xlink:href="#sDomRel1990" value="elaboration-additional"/>
		<feat xlink:href="#sDomRel2020" value="evaluation-comment"/>
		<feat xlink:href="#sDomRel2021" value="joint-list"/>
		<feat xlink:href="#sDomRel2022" value="joint-list"/>
		<feat xlink:href="#sDomRel2023" value="joint-list"/>
		<feat xlink:href="#sDomRel2024" value="span"/>
		<feat xlink:href="#sDomRel2025" value="span"/>
		<feat xlink:href="#sDomRel2026" value="elaboration-additional"/>
		<feat xlink:href="#sDomRel2044" value="explanation-justify"/>
		<feat xlink:href="#sDomRel2075" value="attribution-positive"/>
		<feat xlink:href="#sDomRel2076" value="joint-list"/>
		<feat xlink:href="#sDomRel2077" value="joint-list"/>
		<feat xlink:href="#sDomRel2078" value="span"/>
		<feat xlink:href="#sDomRel2079" value="span"/>
		<feat xlink:href="#sDomRel2080" value="explanation-evidence"/>
		<feat xlink:href="#sDomRel2081" value="span"/>
		<feat xlink:href="#sDomRel2082" value="span"/>
		<feat xlink:href="#sDomRel2083" value="evaluation-comment"/>
		<feat xlink:href="#sDomRel2084" value="span"/>
		<feat xlink:href="#sDomRel2111" value="evaluation-comment"/>
		<feat xlink:href="#sDomRel2112" value="span"/>
		<feat xlink:href="#sDomRel2126" value="causal-result"/>
		<feat xlink:href="#sDomRel2127" value="span"/>
		<feat xlink:href="#sDomRel2128" value="adversative-contrast"/>
		<feat xlink:href="#sDomRel2129" value="adversative-contrast"/>
		<feat xlink:href="#sDomRel2130" value="joint-sequence"/>
		<feat xlink:href="#sDomRel2131" value="joint-sequence"/>
		<feat xlink:href="#sDomRel2132" value="context-background"/>
		<feat xlink:href="#sDomRel2133" value="span"/>
		<feat xlink:href="#sDomRel2134" value="joint-sequence"/>
		<feat xlink:href="#sDomRel2135" value="evaluation-comment"/>
		<feat xlink:href="#sDomRel2136" value="joint-sequence"/>
		<feat xlink:href="#sDomRel2163" value="adversative-antithesis"/>
		<feat xlink:href="#sDomRel2164" value="span"/>
		<feat xlink:href="#sDomRel2165" value="joint-list"/>
		<feat xlink:href="#sDomRel2166" value="joint-list"/>
		<feat xlink:href="#sDomRel2174" value="elaboration-attribute"/>
		<feat xlink:href="#sDomRel2175" value="evaluation-comment"/>
		<feat xlink:href="#sDomRel2176" value="span"/>
		<feat xlink:href="#sDomRel2177" value="span"/>
		<feat xlink:href="#sDomRel2196" value="causal-cause"/>
		<feat xlink:href="#sDomRel2197" value="span"/>
		<feat xlink:href="#sDomRel2198" value="same-unit"/>
		<feat xlink:href="#sDomRel2199" value="adversative-concession"/>
		<feat xlink:href="#sDomRel2200" value="same-unit"/>
		<feat xlink:href="#sDomRel2216" value="adversative-concession"/>
		<feat xlink:href="#sDomRel2217" value="span"/>
		<feat xlink:href="#sDomRel2229" value="evaluation-comment"/>
		<feat xlink:href="#sDomRel2230" value="span"/>
		<feat xlink:href="#sDomRel2231" value="span"/>
		<feat xlink:href="#sDomRel2232" value="adversative-concession"/>
		<feat xlink:href="#sDomRel2233" value="span"/>
		<feat xlink:href="#sDomRel2234" value="span"/>
		<feat xlink:href="#sDomRel2235" value="context-background"/>
		<feat xlink:href="#sDomRel2236" value="span"/>
		<feat xlink:href="#sDomRel2281" value="elaboration-attribute"/>
		<feat xlink:href="#sDomRel2282" value="span"/>
		<feat xlink:href="#sDomRel2288" value="elaboration-attribute"/>
		<feat xlink:href="#sDomRel2289" value="span"/>
		<feat xlink:href="#sDomRel2290" value="attribution-positive"/>
		<feat xlink:href="#sDomRel2291" value="same-unit"/>
		<feat xlink:href="#sDomRel2292" value="same-unit"/>
		<feat xlink:href="#sDomRel2293" value="same-unit"/>
		<feat xlink:href="#sDomRel2294" value="span"/>
		<feat xlink:href="#sDomRel2295" value="joint-list"/>
		<feat xlink:href="#sDomRel2296" value="joint-list"/>
		<feat xlink:href="#sDomRel2301" value="context-background"/>
		<feat xlink:href="#sDomRel2302" value="organization-preparation"/>
		<feat xlink:href="#sDomRel2303" value="span"/>
		<feat xlink:href="#sDomRel2304" value="span"/>
		<feat xlink:href="#sDomRel2313" value="elaboration-additional"/>
		<feat xlink:href="#sDomRel2314" value="span"/>
		<feat xlink:href="#sDomRel2315" value="restatement-repetition"/>
		<feat xlink:href="#sDomRel2316" value="restatement-repetition"/>
		<feat xlink:href="#sDomRel2324" value="elaboration-attribute"/>
		<feat xlink:href="#sDomRel2340" value="explanation-justify"/>
		<feat xlink:href="#sDomRel2341" value="span"/>
		<feat xlink:href="#sDomRel2342" value="span"/>
		<feat xlink:href="#sDomRel2343" value="elaboration-additional"/>
		<feat xlink:href="#sDomRel2344" value="span"/>
		<feat xlink:href="#sDomRel2423" value="context-circumstance"/>
		<feat xlink:href="#sDomRel2424" value="organization-preparation"/>
		<feat xlink:href="#sDomRel2425" value="span"/>
		<feat xlink:href="#sDomRel2426" value="evaluation-comment"/>
		<feat xlink:href="#sDomRel2427" value="span"/>
		<feat xlink:href="#sDomRel2428" value="span"/>
		<feat xlink:href="#sDomRel2459" value="organization-phatic"/>
		<feat xlink:href="#sDomRel2460" value="span"/>
		<feat xlink:href="#sDomRel2471" value="organization-preparation"/>
		<feat xlink:href="#sDomRel2482" value="span"/>
		<feat xlink:href="#sDomRel2483" value="evaluation-comment"/>
		<feat xlink:href="#sDomRel2484" value="adversative-concession"/>
		<feat xlink:href="#sDomRel2485" value="span"/>
		<feat xlink:href="#sDomRel2486" value="span"/>
		<feat xlink:href="#sDomRel2487" value="restatement-repetition"/>
		<feat xlink:href="#sDomRel2488" value="restatement-repetition"/>
		<feat xlink:href="#sDomRel2489" value="evaluation-comment"/>
		<feat xlink:href="#sDomRel2490" value="span"/>
		<feat xlink:href="#sDomRel2506" value="context-circumstance"/>
		<feat xlink:href="#sDomRel2507" value="span"/>
		<feat xlink:href="#sDomRel2520" value="restatement-partial"/>
		<feat xlink:href="#sDomRel2525" value="restatement-repetition"/>
		<feat xlink:href="#sDomRel2526" value="restatement-repetition"/>
		<feat xlink:href="#sDomRel2527" value="span"/>
		<feat xlink:href="#sDomRel2528" value="organization-preparation"/>
		<feat xlink:href="#sDomRel2556" value="causal-result"/>
		<feat xlink:href="#sDomRel2557" value="span"/>
		<feat xlink:href="#sDomRel2558" value="adversative-contrast"/>
		<feat xlink:href="#sDomRel2559" value="adversative-contrast"/>
		<feat xlink:href="#sDomRel2560" value="span"/>
		<feat xlink:href="#sDomRel2561" value="explanation-justify"/>
		<feat xlink:href="#sDomRel2562" value="span"/>
		<feat xlink:href="#sDomRel2576" value="context-circumstance"/>
		<feat xlink:href="#sDomRel2577" value="span"/>
		<feat xlink:href="#sDomRel2614" value="adversative-concession"/>
		<feat xlink:href="#sDomRel2615" value="joint-sequence"/>
		<feat xlink:href="#sDomRel2616" value="joint-sequence"/>
		<feat xlink:href="#sDomRel2641" value="adversative-antithesis"/>
		<feat xlink:href="#sDomRel2642" value="span"/>
		<feat xlink:href="#sDomRel2643" value="span"/>
		<feat xlink:href="#sDomRel2644" value="restatement-partial"/>
		<feat xlink:href="#sDomRel2645" value="causal-result"/>
		<feat xlink:href="#sDomRel2646" value="span"/>
		<feat xlink:href="#sDomRel2647" value="span"/>
		<feat xlink:href="#sDomRel2651" value="evaluation-comment"/>
		<feat xlink:href="#sDomRel2652" value="span"/>
		<feat xlink:href="#sDomRel2680" value="evaluation-comment"/>
		<feat xlink:href="#sDomRel2681" value="span"/>
		<feat xlink:href="#sDomRel2682" value="joint-sequence"/>
		<feat xlink:href="#sDomRel2683" value="joint-sequence"/>
		<feat xlink:href="#sDomRel2684" value="joint-sequence"/>
		<feat xlink:href="#sDomRel2685" value="joint-sequence"/>
		<feat xlink:href="#sDomRel2686" value="joint-sequence"/>
		<feat xlink:href="#sDomRel2687" value="joint-sequence"/>
		<feat xlink:href="#sDomRel2688" value="joint-sequence"/>
		<feat xlink:href="#sDomRel2689" value="joint-sequence"/>
		<feat xlink:href="#sDomRel2690" value="joint-sequence"/>
		<feat xlink:href="#sDomRel2691" value="joint-sequence"/>
		<feat xlink:href="#sDomRel2692" value="joint-sequence"/>
		<feat xlink:href="#sDomRel2693" value="joint-sequence"/>
		<feat xlink:href="#sDomRel2694" value="joint-sequence"/>
		<feat xlink:href="#sDomRel2695" value="joint-sequence"/>
		<feat xlink:href="#sDomRel2696" value="joint-sequence"/>
		<feat xlink:href="#sDomRel2697" value="joint-sequence"/>
		<feat xlink:href="#sDomRel2698" value="joint-sequence"/>
		<feat xlink:href="#sDomRel2699" value="evaluation-comment"/>
		<feat xlink:href="#sDomRel2734" value="explanation-evidence"/>
		<feat xlink:href="#sDomRel2735" value="context-background"/>
		<feat xlink:href="#sDomRel2736" value="span"/>
		<feat xlink:href="#sDomRel2750" value="explanation-evidence"/>
		<feat xlink:href="#sDomRel2751" value="span"/>
		<feat xlink:href="#sDomRel2769" value="attribution-positive"/>
		<feat xlink:href="#sDomRel2785" value="explanation-justify"/>
		<feat xlink:href="#sDomRel2786" value="span"/>
		<feat xlink:href="#sDomRel2787" value="span"/>
		<feat xlink:href="#sDomRel2788" value="adversative-concession"/>
		<feat xlink:href="#sDomRel2789" value="organization-phatic"/>
		<feat xlink:href="#sDomRel2790" value="span"/>
		<feat xlink:href="#sDomRel2791" value="span"/>
		<feat xlink:href="#sDomRel2792" value="adversative-contrast"/>
		<feat xlink:href="#sDomRel2793" value="adversative-contrast"/>
		<feat xlink:href="#sDomRel2794" value="evaluation-comment"/>
		<feat xlink:href="#sDomRel2795" value="span"/>
		<feat xlink:href="#sDomRel2803" value="elaboration-additional"/>
		<feat xlink:href="#sDomRel2804" value="span"/>
		<feat xlink:href="#sDomRel2805" value="span"/>
		<feat xlink:href="#sDomRel2806" value="evaluation-comment"/>
		<feat xlink:href="#sDomRel2807" value="span"/>
		<feat xlink:href="#sDomRel2836" value="joint-list"/>
		<feat xlink:href="#sDomRel2837" value="joint-list"/>
		<feat xlink:href="#sDomRel2838" value="joint-list"/>
		<feat xlink:href="#sDomRel2867" value="contingency-condition"/>
		<feat xlink:href="#sDomRel2868" value="span"/>
		<feat xlink:href="#sDomRel2869" value="attribution-positive"/>
		<feat xlink:href="#sDomRel2870" value="same-unit"/>
		<feat xlink:href="#sDomRel2871" value="same-unit"/>
		<feat xlink:href="#sDomRel2872" value="span"/>
		<feat xlink:href="#sDomRel2904" value="attribution-positive"/>
		<feat xlink:href="#sDomRel2905" value="joint-sequence"/>
		<feat xlink:href="#sDomRel2906" value="joint-sequence"/>
		<feat xlink:href="#sDomRel2907" value="evaluation-comment"/>
		<feat xlink:href="#sDomRel2908" value="span"/>
		<feat xlink:href="#sDomRel2909" value="span"/>
		<feat xlink:href="#sDomRel2911" value="adversative-concession"/>
		<feat xlink:href="#sDomRel2912" value="span"/>
		<feat xlink:href="#sDomRel2924" value="context-circumstance"/>
		<feat xlink:href="#sDomRel2925" value="span"/>
		<feat xlink:href="#sDomRel2926" value="joint-sequence"/>
		<feat xlink:href="#sDomRel2927" value="joint-sequence"/>
		<feat xlink:href="#sDomRel2928" value="joint-other"/>
		<feat xlink:href="#sDomRel2929" value="joint-other"/>
		<feat xlink:href="#sDomRel2930" value="joint-other"/>
		<feat xlink:href="#sDomRel2931" value="joint-other"/>
		<feat xlink:href="#sDomRel2932" value="span"/>
		<feat xlink:href="#sDomRel2933" value="context-background"/>
		<feat xlink:href="#sDomRel2934" value="context-background"/>
		<feat xlink:href="#sDomRel2935" value="span"/>
		<feat xlink:href="#sDomRel2936" value="span"/>
		<feat xlink:href="#sDomRel2937" value="joint-sequence"/>
		<feat xlink:href="#sDomRel2938" value="joint-sequence"/>
		<feat xlink:href="#sDomRel2939" value="causal-result"/>
		<feat xlink:href="#sDomRel2940" value="joint-sequence"/>
		<feat xlink:href="#sDomRel2941" value="context-background"/>
		<feat xlink:href="#sDomRel2942" value="span"/>
		<feat xlink:href="#sDomRel2943" value="span"/>
		<feat xlink:href="#structure1146" value="joint-other"/>
		<feat xlink:href="#structure1147" value="elaboration-additional"/>
		<feat xlink:href="#structure1148" value="joint-sequence"/>
		<feat xlink:href="#structure1149" value="joint-sequence"/>
		<feat xlink:href="#structure1150" value="elaboration-additional"/>
		<feat xlink:href="#structure1151" value="attribution-positive"/>
		<feat xlink:href="#structure1152" value="causal-result"/>
		<feat xlink:href="#structure1153" value="joint-list"/>
		<feat xlink:href="#structure1154" value="mode-manner"/></featList></paula>