<?xml version='1.0' encoding='UTF-8'?><!DOCTYPE paula SYSTEM "paula_feat.dtd">
<paula version="1.1">
	<header paula_id="rst.GENTLE_esports_fifa.struct_end"/>
	<featList xmlns:xlink="http://www.w3.org/1999/xlink" type="end" xml:base="rst.GENTLE_esports_fifa.struct.xml">
		<feat xlink:href="#sDomRel2944" value="source"/>
		<feat xlink:href="#sDomRel2945" value="target"/>
		<feat xlink:href="#sDomRel2946" value="source"/>
		<feat xlink:href="#sDomRel2947" value="target"/>
		<feat xlink:href="#sDomRel2948" value="source"/>
		<feat xlink:href="#sDomRel2949" value="target"/>
		<feat xlink:href="#sDomRel2950" value="source"/>
		<feat xlink:href="#sDomRel2951" value="target"/>
		<feat xlink:href="#sDomRel2952" value="source"/>
		<feat xlink:href="#sDomRel2953" value="target"/>
		<feat xlink:href="#sDomRel2954" value="source"/>
		<feat xlink:href="#sDomRel2955" value="target"/>
		<feat xlink:href="#sDomRel2956" value="source"/>
		<feat xlink:href="#sDomRel2957" value="target"/>
		<feat xlink:href="#sDomRel2958" value="source"/>
		<feat xlink:href="#sDomRel2959" value="target"/>
		<feat xlink:href="#sDomRel2960" value="source"/>
		<feat xlink:href="#sDomRel2961" value="target"/></featList></paula>