<?xml version='1.0' encoding='UTF-8'?><!DOCTYPE paula SYSTEM "paula_feat.dtd">
<paula version="1.1">
	<header paula_id="rst.GENTLE_esports_fifa.struct_is_signaled"/>
	<featList xmlns:xlink="http://www.w3.org/1999/xlink" type="is_signaled" xml:base="rst.GENTLE_esports_fifa.struct.xml">
		<feat xlink:href="#sDomRel1822" value="false"/>
		<feat xlink:href="#sDomRel1823" value="true"/>
		<feat xlink:href="#sDomRel1824" value="true"/>
		<feat xlink:href="#sDomRel1832" value="false"/>
		<feat xlink:href="#sDomRel1833" value="false"/>
		<feat xlink:href="#sDomRel1851" value="false"/>
		<feat xlink:href="#sDomRel1852" value="false"/>
		<feat xlink:href="#sDomRel1853" value="false"/>
		<feat xlink:href="#sDomRel1854" value="false"/>
		<feat xlink:href="#sDomRel1855" value="false"/>
		<feat xlink:href="#sDomRel1856" value="false"/>
		<feat xlink:href="#sDomRel1868" value="false"/>
		<feat xlink:href="#sDomRel1869" value="false"/>
		<feat xlink:href="#sDomRel1870" value="false"/>
		<feat xlink:href="#sDomRel1871" value="false"/>
		<feat xlink:href="#sDomRel1889" value="false"/>
		<feat xlink:href="#sDomRel1907" value="false"/>
		<feat xlink:href="#sDomRel1914" value="false"/>
		<feat xlink:href="#sDomRel1915" value="false"/>
		<feat xlink:href="#sDomRel1916" value="false"/>
		<feat xlink:href="#sDomRel1917" value="false"/>
		<feat xlink:href="#sDomRel1918" value="false"/>
		<feat xlink:href="#sDomRel1919" value="false"/>
		<feat xlink:href="#sDomRel1920" value="true"/>
		<feat xlink:href="#sDomRel1921" value="false"/>
		<feat xlink:href="#sDomRel1942" value="false"/>
		<feat xlink:href="#sDomRel1943" value="false"/>
		<feat xlink:href="#sDomRel1944" value="false"/>
		<feat xlink:href="#sDomRel1945" value="true"/>
		<feat xlink:href="#sDomRel1958" value="false"/>
		<feat xlink:href="#sDomRel1959" value="false"/>
		<feat xlink:href="#sDomRel1970" value="false"/>
		<feat xlink:href="#sDomRel1971" value="false"/>
		<feat xlink:href="#sDomRel1972" value="false"/>
		<feat xlink:href="#sDomRel1973" value="false"/>
		<feat xlink:href="#sDomRel1990" value="false"/>
		<feat xlink:href="#sDomRel2020" value="false"/>
		<feat xlink:href="#sDomRel2021" value="false"/>
		<feat xlink:href="#sDomRel2022" value="false"/>
		<feat xlink:href="#sDomRel2023" value="false"/>
		<feat xlink:href="#sDomRel2024" value="false"/>
		<feat xlink:href="#sDomRel2025" value="false"/>
		<feat xlink:href="#sDomRel2026" value="false"/>
		<feat xlink:href="#sDomRel2044" value="false"/>
		<feat xlink:href="#sDomRel2075" value="false"/>
		<feat xlink:href="#sDomRel2076" value="false"/>
		<feat xlink:href="#sDomRel2077" value="true"/>
		<feat xlink:href="#sDomRel2078" value="false"/>
		<feat xlink:href="#sDomRel2079" value="false"/>
		<feat xlink:href="#sDomRel2080" value="false"/>
		<feat xlink:href="#sDomRel2081" value="false"/>
		<feat xlink:href="#sDomRel2082" value="false"/>
		<feat xlink:href="#sDomRel2083" value="false"/>
		<feat xlink:href="#sDomRel2084" value="false"/>
		<feat xlink:href="#sDomRel2111" value="false"/>
		<feat xlink:href="#sDomRel2112" value="false"/>
		<feat xlink:href="#sDomRel2126" value="true"/>
		<feat xlink:href="#sDomRel2127" value="false"/>
		<feat xlink:href="#sDomRel2128" value="false"/>
		<feat xlink:href="#sDomRel2129" value="true"/>
		<feat xlink:href="#sDomRel2130" value="false"/>
		<feat xlink:href="#sDomRel2131" value="false"/>
		<feat xlink:href="#sDomRel2132" value="false"/>
		<feat xlink:href="#sDomRel2133" value="false"/>
		<feat xlink:href="#sDomRel2134" value="false"/>
		<feat xlink:href="#sDomRel2135" value="false"/>
		<feat xlink:href="#sDomRel2136" value="false"/>
		<feat xlink:href="#sDomRel2163" value="true"/>
		<feat xlink:href="#sDomRel2164" value="false"/>
		<feat xlink:href="#sDomRel2165" value="false"/>
		<feat xlink:href="#sDomRel2166" value="false"/>
		<feat xlink:href="#sDomRel2174" value="false"/>
		<feat xlink:href="#sDomRel2175" value="false"/>
		<feat xlink:href="#sDomRel2176" value="false"/>
		<feat xlink:href="#sDomRel2177" value="false"/>
		<feat xlink:href="#sDomRel2196" value="true"/>
		<feat xlink:href="#sDomRel2197" value="false"/>
		<feat xlink:href="#sDomRel2198" value="false"/>
		<feat xlink:href="#sDomRel2199" value="true"/>
		<feat xlink:href="#sDomRel2200" value="false"/>
		<feat xlink:href="#sDomRel2216" value="true"/>
		<feat xlink:href="#sDomRel2217" value="false"/>
		<feat xlink:href="#sDomRel2229" value="false"/>
		<feat xlink:href="#sDomRel2230" value="false"/>
		<feat xlink:href="#sDomRel2231" value="false"/>
		<feat xlink:href="#sDomRel2232" value="false"/>
		<feat xlink:href="#sDomRel2233" value="false"/>
		<feat xlink:href="#sDomRel2234" value="false"/>
		<feat xlink:href="#sDomRel2235" value="false"/>
		<feat xlink:href="#sDomRel2236" value="false"/>
		<feat xlink:href="#sDomRel2281" value="false"/>
		<feat xlink:href="#sDomRel2282" value="false"/>
		<feat xlink:href="#sDomRel2288" value="false"/>
		<feat xlink:href="#sDomRel2289" value="false"/>
		<feat xlink:href="#sDomRel2290" value="false"/>
		<feat xlink:href="#sDomRel2291" value="false"/>
		<feat xlink:href="#sDomRel2292" value="false"/>
		<feat xlink:href="#sDomRel2293" value="false"/>
		<feat xlink:href="#sDomRel2294" value="false"/>
		<feat xlink:href="#sDomRel2295" value="false"/>
		<feat xlink:href="#sDomRel2296" value="false"/>
		<feat xlink:href="#sDomRel2301" value="false"/>
		<feat xlink:href="#sDomRel2302" value="false"/>
		<feat xlink:href="#sDomRel2303" value="false"/>
		<feat xlink:href="#sDomRel2304" value="false"/>
		<feat xlink:href="#sDomRel2313" value="true"/>
		<feat xlink:href="#sDomRel2314" value="false"/>
		<feat xlink:href="#sDomRel2315" value="false"/>
		<feat xlink:href="#sDomRel2316" value="false"/>
		<feat xlink:href="#sDomRel2324" value="false"/>
		<feat xlink:href="#sDomRel2340" value="true"/>
		<feat xlink:href="#sDomRel2341" value="false"/>
		<feat xlink:href="#sDomRel2342" value="false"/>
		<feat xlink:href="#sDomRel2343" value="true"/>
		<feat xlink:href="#sDomRel2344" value="false"/>
		<feat xlink:href="#sDomRel2423" value="false"/>
		<feat xlink:href="#sDomRel2424" value="false"/>
		<feat xlink:href="#sDomRel2425" value="false"/>
		<feat xlink:href="#sDomRel2426" value="false"/>
		<feat xlink:href="#sDomRel2427" value="false"/>
		<feat xlink:href="#sDomRel2428" value="false"/>
		<feat xlink:href="#sDomRel2459" value="false"/>
		<feat xlink:href="#sDomRel2460" value="false"/>
		<feat xlink:href="#sDomRel2471" value="false"/>
		<feat xlink:href="#sDomRel2482" value="false"/>
		<feat xlink:href="#sDomRel2483" value="false"/>
		<feat xlink:href="#sDomRel2484" value="true"/>
		<feat xlink:href="#sDomRel2485" value="false"/>
		<feat xlink:href="#sDomRel2486" value="false"/>
		<feat xlink:href="#sDomRel2487" value="false"/>
		<feat xlink:href="#sDomRel2488" value="true"/>
		<feat xlink:href="#sDomRel2489" value="false"/>
		<feat xlink:href="#sDomRel2490" value="false"/>
		<feat xlink:href="#sDomRel2506" value="false"/>
		<feat xlink:href="#sDomRel2507" value="false"/>
		<feat xlink:href="#sDomRel2520" value="false"/>
		<feat xlink:href="#sDomRel2525" value="false"/>
		<feat xlink:href="#sDomRel2526" value="false"/>
		<feat xlink:href="#sDomRel2527" value="false"/>
		<feat xlink:href="#sDomRel2528" value="false"/>
		<feat xlink:href="#sDomRel2556" value="true"/>
		<feat xlink:href="#sDomRel2557" value="false"/>
		<feat xlink:href="#sDomRel2558" value="false"/>
		<feat xlink:href="#sDomRel2559" value="false"/>
		<feat xlink:href="#sDomRel2560" value="false"/>
		<feat xlink:href="#sDomRel2561" value="false"/>
		<feat xlink:href="#sDomRel2562" value="false"/>
		<feat xlink:href="#sDomRel2576" value="true"/>
		<feat xlink:href="#sDomRel2577" value="false"/>
		<feat xlink:href="#sDomRel2614" value="true"/>
		<feat xlink:href="#sDomRel2615" value="false"/>
		<feat xlink:href="#sDomRel2616" value="true"/>
		<feat xlink:href="#sDomRel2641" value="true"/>
		<feat xlink:href="#sDomRel2642" value="false"/>
		<feat xlink:href="#sDomRel2643" value="false"/>
		<feat xlink:href="#sDomRel2644" value="false"/>
		<feat xlink:href="#sDomRel2645" value="false"/>
		<feat xlink:href="#sDomRel2646" value="false"/>
		<feat xlink:href="#sDomRel2647" value="false"/>
		<feat xlink:href="#sDomRel2651" value="false"/>
		<feat xlink:href="#sDomRel2652" value="false"/>
		<feat xlink:href="#sDomRel2680" value="false"/>
		<feat xlink:href="#sDomRel2681" value="false"/>
		<feat xlink:href="#sDomRel2682" value="false"/>
		<feat xlink:href="#sDomRel2683" value="false"/>
		<feat xlink:href="#sDomRel2684" value="false"/>
		<feat xlink:href="#sDomRel2685" value="false"/>
		<feat xlink:href="#sDomRel2686" value="false"/>
		<feat xlink:href="#sDomRel2687" value="false"/>
		<feat xlink:href="#sDomRel2688" value="false"/>
		<feat xlink:href="#sDomRel2689" value="false"/>
		<feat xlink:href="#sDomRel2690" value="false"/>
		<feat xlink:href="#sDomRel2691" value="false"/>
		<feat xlink:href="#sDomRel2692" value="false"/>
		<feat xlink:href="#sDomRel2693" value="false"/>
		<feat xlink:href="#sDomRel2694" value="false"/>
		<feat xlink:href="#sDomRel2695" value="false"/>
		<feat xlink:href="#sDomRel2696" value="false"/>
		<feat xlink:href="#sDomRel2697" value="false"/>
		<feat xlink:href="#sDomRel2698" value="false"/>
		<feat xlink:href="#sDomRel2699" value="false"/>
		<feat xlink:href="#sDomRel2734" value="true"/>
		<feat xlink:href="#sDomRel2735" value="false"/>
		<feat xlink:href="#sDomRel2736" value="false"/>
		<feat xlink:href="#sDomRel2750" value="false"/>
		<feat xlink:href="#sDomRel2751" value="false"/>
		<feat xlink:href="#sDomRel2769" value="false"/>
		<feat xlink:href="#sDomRel2785" value="true"/>
		<feat xlink:href="#sDomRel2786" value="false"/>
		<feat xlink:href="#sDomRel2787" value="false"/>
		<feat xlink:href="#sDomRel2788" value="true"/>
		<feat xlink:href="#sDomRel2789" value="false"/>
		<feat xlink:href="#sDomRel2790" value="false"/>
		<feat xlink:href="#sDomRel2791" value="false"/>
		<feat xlink:href="#sDomRel2792" value="true"/>
		<feat xlink:href="#sDomRel2793" value="false"/>
		<feat xlink:href="#sDomRel2794" value="false"/>
		<feat xlink:href="#sDomRel2795" value="false"/>
		<feat xlink:href="#sDomRel2803" value="false"/>
		<feat xlink:href="#sDomRel2804" value="false"/>
		<feat xlink:href="#sDomRel2805" value="false"/>
		<feat xlink:href="#sDomRel2806" value="false"/>
		<feat xlink:href="#sDomRel2807" value="false"/>
		<feat xlink:href="#sDomRel2836" value="false"/>
		<feat xlink:href="#sDomRel2837" value="false"/>
		<feat xlink:href="#sDomRel2838" value="true"/>
		<feat xlink:href="#sDomRel2867" value="true"/>
		<feat xlink:href="#sDomRel2868" value="false"/>
		<feat xlink:href="#sDomRel2869" value="false"/>
		<feat xlink:href="#sDomRel2870" value="false"/>
		<feat xlink:href="#sDomRel2871" value="false"/>
		<feat xlink:href="#sDomRel2872" value="false"/>
		<feat xlink:href="#sDomRel2904" value="false"/>
		<feat xlink:href="#sDomRel2905" value="false"/>
		<feat xlink:href="#sDomRel2906" value="true"/>
		<feat xlink:href="#sDomRel2907" value="false"/>
		<feat xlink:href="#sDomRel2908" value="false"/>
		<feat xlink:href="#sDomRel2909" value="false"/>
		<feat xlink:href="#sDomRel2911" value="true"/>
		<feat xlink:href="#sDomRel2912" value="false"/>
		<feat xlink:href="#sDomRel2924" value="true"/>
		<feat xlink:href="#sDomRel2925" value="false"/>
		<feat xlink:href="#sDomRel2926" value="false"/>
		<feat xlink:href="#sDomRel2927" value="false"/>
		<feat xlink:href="#sDomRel2928" value="false"/>
		<feat xlink:href="#sDomRel2929" value="false"/>
		<feat xlink:href="#sDomRel2930" value="false"/>
		<feat xlink:href="#sDomRel2931" value="false"/>
		<feat xlink:href="#sDomRel2932" value="false"/>
		<feat xlink:href="#sDomRel2933" value="false"/>
		<feat xlink:href="#sDomRel2934" value="false"/>
		<feat xlink:href="#sDomRel2935" value="false"/>
		<feat xlink:href="#sDomRel2936" value="false"/>
		<feat xlink:href="#sDomRel2937" value="false"/>
		<feat xlink:href="#sDomRel2938" value="false"/>
		<feat xlink:href="#sDomRel2939" value="false"/>
		<feat xlink:href="#sDomRel2940" value="false"/>
		<feat xlink:href="#sDomRel2941" value="true"/>
		<feat xlink:href="#sDomRel2942" value="false"/>
		<feat xlink:href="#sDomRel2943" value="false"/></featList></paula>