<?xml version='1.0' encoding='UTF-8'?><!DOCTYPE paula SYSTEM "paula_feat.dtd">
<paula version="1.1">
	<header paula_id="rst.GENTLE_esports_fifa.struct_signaled_relation"/>
	<featList xmlns:xlink="http://www.w3.org/1999/xlink" type="signaled_relation" xml:base="rst.GENTLE_esports_fifa.struct.xml">
		<feat xlink:href="#structure1155" value="joint-sequence"/>
		<feat xlink:href="#structure1156" value="causal-result"/>
		<feat xlink:href="#structure1157" value="causal-result"/>
		<feat xlink:href="#structure1158" value="adversative-contrast"/>
		<feat xlink:href="#structure1159" value="joint-sequence"/>
		<feat xlink:href="#structure1160" value="joint-other"/>
		<feat xlink:href="#structure1161" value="attribution-positive"/>
		<feat xlink:href="#structure1162" value="explanation-justify"/>
		<feat xlink:href="#structure1163" value="adversative-concession"/>
		<feat xlink:href="#structure1164" value="adversative-concession"/>
		<feat xlink:href="#structure1165" value="joint-sequence"/>
		<feat xlink:href="#structure1166" value="joint-sequence"/>
		<feat xlink:href="#structure1167" value="explanation-justify"/>
		<feat xlink:href="#structure1168" value="joint-list"/>
		<feat xlink:href="#structure1169" value="adversative-concession"/>
		<feat xlink:href="#structure1170" value="causal-result"/>
		<feat xlink:href="#structure1171" value="context-circumstance"/>
		<feat xlink:href="#structure1172" value="elaboration-additional"/>
		<feat xlink:href="#structure1173" value="joint-list"/>
		<feat xlink:href="#structure1174" value="context-circumstance"/>
		<feat xlink:href="#structure1175" value="joint-sequence"/>
		<feat xlink:href="#structure1176" value="joint-sequence"/>
		<feat xlink:href="#structure1177" value="joint-sequence"/>
		<feat xlink:href="#structure1178" value="elaboration-additional"/>
		<feat xlink:href="#structure1179" value="adversative-contrast"/>
		<feat xlink:href="#structure1180" value="adversative-antithesis"/>
		<feat xlink:href="#structure1181" value="elaboration-additional"/>
		<feat xlink:href="#structure1182" value="adversative-antithesis"/>
		<feat xlink:href="#structure1183" value="joint-list"/>
		<feat xlink:href="#structure1184" value="context-background"/>
		<feat xlink:href="#structure1185" value="causal-cause"/>
		<feat xlink:href="#structure1186" value="adversative-concession"/>
		<feat xlink:href="#structure1187" value="contingency-condition"/>
		<feat xlink:href="#structure1188" value="explanation-justify"/>
		<feat xlink:href="#structure1189" value="adversative-concession"/>
		<feat xlink:href="#structure1190" value="elaboration-additional"/>
		<feat xlink:href="#structure1191" value="adversative-concession"/>
		<feat xlink:href="#structure1192" value="joint-sequence"/>
		<feat xlink:href="#structure1193" value="explanation-evidence"/>
		<feat xlink:href="#structure1194" value="restatement-repetition"/>
		<feat xlink:href="#structure1195" value="mode-manner"/>
		<feat xlink:href="#structure1196" value="joint-sequence"/></featList></paula>