<?xml version='1.0' encoding='UTF-8'?><!DOCTYPE paula SYSTEM "paula_feat.dtd">
<paula version="1.1">
	<header paula_id="rst.GENTLE_esports_fifa.struct_signal_indexes"/>
	<featList xmlns:xlink="http://www.w3.org/1999/xlink" type="signal_indexes" xml:base="rst.GENTLE_esports_fifa.struct.xml">
		<feat xlink:href="#structure1155" value="453"/>
		<feat xlink:href="#structure1156" value="774"/>
		<feat xlink:href="#structure1157" value="614"/>
		<feat xlink:href="#structure1158" value="831"/>
		<feat xlink:href="#structure1159" value="915"/>
		<feat xlink:href="#structure1160" value="505"/>
		<feat xlink:href="#structure1161" value="693"/>
		<feat xlink:href="#structure1162" value="253"/>
		<feat xlink:href="#structure1163" value="339"/>
		<feat xlink:href="#structure1164" value="315"/>
		<feat xlink:href="#structure1165" value="316"/>
		<feat xlink:href="#structure1166" value="219"/>
		<feat xlink:href="#structure1167" value="869"/>
		<feat xlink:href="#structure1168" value="72"/>
		<feat xlink:href="#structure1169" value="73"/>
		<feat xlink:href="#structure1170" value="441"/>
		<feat xlink:href="#structure1171" value="765"/>
		<feat xlink:href="#structure1172" value="374"/>
		<feat xlink:href="#structure1173" value="388"/>
		<feat xlink:href="#structure1174" value="665"/>
		<feat xlink:href="#structure1175" value="657"/>
		<feat xlink:href="#structure1176" value="539"/>
		<feat xlink:href="#structure1177" value="442"/>
		<feat xlink:href="#structure1178" value="425"/>
		<feat xlink:href="#structure1179" value="53"/>
		<feat xlink:href="#structure1180" value="814"/>
		<feat xlink:href="#structure1181" value="681"/>
		<feat xlink:href="#structure1182" value="529"/>
		<feat xlink:href="#structure1183" value="810"/>
		<feat xlink:href="#structure1184" value="344"/>
		<feat xlink:href="#structure1185" value="289"/>
		<feat xlink:href="#structure1186" value="109"/>
		<feat xlink:href="#structure1187" value="34"/>
		<feat xlink:href="#structure1188" value="132"/>
		<feat xlink:href="#structure1189" value="775"/>
		<feat xlink:href="#structure1190" value="639"/>
		<feat xlink:href="#structure1191" value="262"/>
		<feat xlink:href="#structure1192" value="836"/>
		<feat xlink:href="#structure1193" value="116"/>
		<feat xlink:href="#structure1194" value="382"/>
		<feat xlink:href="#structure1195" value="22"/>
		<feat xlink:href="#structure1196" value="23"/></featList></paula>