<?xml version='1.0' encoding='UTF-8'?><!DOCTYPE paula SYSTEM "paula_feat.dtd">
<paula version="1.1">
	<header paula_id="rst.GENTLE_esports_fifa.struct_signal_type"/>
	<featList xmlns:xlink="http://www.w3.org/1999/xlink" type="signal_type" xml:base="rst.GENTLE_esports_fifa.struct.xml">
		<feat xlink:href="#structure1155" value="dm"/>
		<feat xlink:href="#structure1156" value="dm"/>
		<feat xlink:href="#structure1157" value="orphan"/>
		<feat xlink:href="#structure1158" value="dm"/>
		<feat xlink:href="#structure1159" value="orphan"/>
		<feat xlink:href="#structure1160" value="orphan"/>
		<feat xlink:href="#structure1161" value="semantic"/>
		<feat xlink:href="#structure1162" value="dm"/>
		<feat xlink:href="#structure1163" value="dm"/>
		<feat xlink:href="#structure1164" value="dm"/>
		<feat xlink:href="#structure1165" value="dm"/>
		<feat xlink:href="#structure1166" value="dm"/>
		<feat xlink:href="#structure1167" value="dm"/>
		<feat xlink:href="#structure1168" value="dm"/>
		<feat xlink:href="#structure1169" value="dm"/>
		<feat xlink:href="#structure1170" value="dm"/>
		<feat xlink:href="#structure1171" value="dm"/>
		<feat xlink:href="#structure1172" value="dm"/>
		<feat xlink:href="#structure1173" value="orphan"/>
		<feat xlink:href="#structure1174" value="dm"/>
		<feat xlink:href="#structure1175" value="dm"/>
		<feat xlink:href="#structure1176" value="dm"/>
		<feat xlink:href="#structure1177" value="dm"/>
		<feat xlink:href="#structure1178" value="orphan"/>
		<feat xlink:href="#structure1179" value="dm"/>
		<feat xlink:href="#structure1180" value="dm"/>
		<feat xlink:href="#structure1181" value="dm"/>
		<feat xlink:href="#structure1182" value="dm"/>
		<feat xlink:href="#structure1183" value="dm"/>
		<feat xlink:href="#structure1184" value="numerical"/>
		<feat xlink:href="#structure1185" value="dm"/>
		<feat xlink:href="#structure1186" value="dm"/>
		<feat xlink:href="#structure1187" value="dm"/>
		<feat xlink:href="#structure1188" value="dm"/>
		<feat xlink:href="#structure1189" value="dm"/>
		<feat xlink:href="#structure1190" value="orphan"/>
		<feat xlink:href="#structure1191" value="dm"/>
		<feat xlink:href="#structure1192" value="orphan"/>
		<feat xlink:href="#structure1193" value="dm"/>
		<feat xlink:href="#structure1194" value="dm"/>
		<feat xlink:href="#structure1195" value="orphan"/>
		<feat xlink:href="#structure1196" value="dm"/></featList></paula>