<?xml version='1.0' encoding='UTF-8'?><!DOCTYPE paula SYSTEM "paula_feat.dtd">
<paula version="1.1">
	<header paula_id="rst.GENTLE_esports_fifa.struct_signal"/>
	<featList xmlns:xlink="http://www.w3.org/1999/xlink" type="signal" xml:base="rst.GENTLE_esports_fifa.struct.xml">
		<feat xlink:href="#sDomRel2963" value="joint-sequence"/>
		<feat xlink:href="#sDomRel2965" value="causal-result"/>
		<feat xlink:href="#sDomRel2967" value="causal-result"/>
		<feat xlink:href="#sDomRel2970" value="adversative-contrast"/>
		<feat xlink:href="#sDomRel2972" value="joint-sequence"/>
		<feat xlink:href="#sDomRel2975" value="joint-other"/>
		<feat xlink:href="#sDomRel2978" value="attribution-positive"/>
		<feat xlink:href="#sDomRel2981" value="explanation-justify"/>
		<feat xlink:href="#sDomRel2983" value="adversative-concession"/>
		<feat xlink:href="#sDomRel2985" value="adversative-concession"/>
		<feat xlink:href="#sDomRel2987" value="joint-sequence"/>
		<feat xlink:href="#sDomRel2989" value="joint-sequence"/>
		<feat xlink:href="#sDomRel2991" value="explanation-justify"/>
		<feat xlink:href="#sDomRel2993" value="joint-list"/>
		<feat xlink:href="#sDomRel2995" value="adversative-concession"/>
		<feat xlink:href="#sDomRel2997" value="causal-result"/>
		<feat xlink:href="#sDomRel2999" value="context-circumstance"/>
		<feat xlink:href="#sDomRel3001" value="elaboration-additional"/>
		<feat xlink:href="#sDomRel3003" value="joint-list"/>
		<feat xlink:href="#sDomRel3006" value="context-circumstance"/>
		<feat xlink:href="#sDomRel3008" value="joint-sequence"/>
		<feat xlink:href="#sDomRel3010" value="joint-sequence"/>
		<feat xlink:href="#sDomRel3012" value="joint-sequence"/>
		<feat xlink:href="#sDomRel3014" value="elaboration-additional"/>
		<feat xlink:href="#sDomRel3017" value="adversative-contrast"/>
		<feat xlink:href="#sDomRel3019" value="adversative-antithesis"/>
		<feat xlink:href="#sDomRel3021" value="elaboration-additional"/>
		<feat xlink:href="#sDomRel3023" value="adversative-antithesis"/>
		<feat xlink:href="#sDomRel3025" value="joint-list"/>
		<feat xlink:href="#sDomRel3027" value="context-background"/>
		<feat xlink:href="#sDomRel3029" value="causal-cause"/>
		<feat xlink:href="#sDomRel3031" value="adversative-concession"/>
		<feat xlink:href="#sDomRel3033" value="contingency-condition"/>
		<feat xlink:href="#sDomRel3035" value="explanation-justify"/>
		<feat xlink:href="#sDomRel3037" value="adversative-concession"/>
		<feat xlink:href="#sDomRel3039" value="elaboration-additional"/>
		<feat xlink:href="#sDomRel3042" value="adversative-concession"/>
		<feat xlink:href="#sDomRel3044" value="joint-sequence"/>
		<feat xlink:href="#sDomRel3047" value="explanation-evidence"/>
		<feat xlink:href="#sDomRel3049" value="restatement-repetition"/>
		<feat xlink:href="#sDomRel3051" value="mode-manner"/>
		<feat xlink:href="#sDomRel3054" value="joint-sequence"/></featList></paula>