<?xml version='1.0' encoding='UTF-8'?><!DOCTYPE paula SYSTEM "paula_feat.dtd">
<paula version="1.1">
	<header paula_id="rst.GENTLE_esports_fifa.struct_signal_text"/>
	<featList xmlns:xlink="http://www.w3.org/1999/xlink" type="signal_text" xml:base="rst.GENTLE_esports_fifa.struct.xml">
		<feat xlink:href="#structure1155" value="and"/>
		<feat xlink:href="#structure1156" value="but"/>
		<feat xlink:href="#structure1157" value="and"/>
		<feat xlink:href="#structure1158" value="but"/>
		<feat xlink:href="#structure1159" value="and"/>
		<feat xlink:href="#structure1160" value="and"/>
		<feat xlink:href="#structure1161" value="and"/>
		<feat xlink:href="#structure1162" value="and"/>
		<feat xlink:href="#structure1163" value="but"/>
		<feat xlink:href="#structure1164" value="and"/>
		<feat xlink:href="#structure1165" value="then"/>
		<feat xlink:href="#structure1166" value="and"/>
		<feat xlink:href="#structure1167" value="And"/>
		<feat xlink:href="#structure1168" value="and"/>
		<feat xlink:href="#structure1169" value="then"/>
		<feat xlink:href="#structure1170" value="but"/>
		<feat xlink:href="#structure1171" value="and"/>
		<feat xlink:href="#structure1172" value="and"/>
		<feat xlink:href="#structure1173" value="if"/>
		<feat xlink:href="#structure1174" value="but"/>
		<feat xlink:href="#structure1175" value="finally"/>
		<feat xlink:href="#structure1176" value="and"/>
		<feat xlink:href="#structure1177" value="before"/>
		<feat xlink:href="#structure1178" value="and"/>
		<feat xlink:href="#structure1179" value="three"/>
		<feat xlink:href="#structure1180" value="I"/>
		<feat xlink:href="#structure1181" value="and"/>
		<feat xlink:href="#structure1182" value="but"/>
		<feat xlink:href="#structure1183" value="but"/>
		<feat xlink:href="#structure1184" value="so"/>
		<feat xlink:href="#structure1185" value="so"/>
		<feat xlink:href="#structure1186" value="because"/>
		<feat xlink:href="#structure1187" value="and"/>
		<feat xlink:href="#structure1188" value="So"/>
		<feat xlink:href="#structure1189" value="because"/>
		<feat xlink:href="#structure1190" value="after"/>
		<feat xlink:href="#structure1191" value="because"/>
		<feat xlink:href="#structure1192" value="so"/>
		<feat xlink:href="#structure1193" value="and"/>
		<feat xlink:href="#structure1194" value="Like"/>
		<feat xlink:href="#structure1195" value="and"/>
		<feat xlink:href="#structure1196" value="then"/></featList></paula>