<?xml version="1.0" encoding="UTF-8" standalone="no"?>

<!DOCTYPE paula SYSTEM "paula_feat.dtd">
<paula version="1.0">

<header paula_id="const.GUM.GUM_interview_brotherhood_catConst_cat"/>

<featList xmlns:xlink="http://www.w3.org/1999/xlink" type="cat" xml:base="const.GUM.GUM_interview_brotherhood.catConst.xml">
  <feat xlink:href="#const_0_1" value="NP"/><!-- Wikinews -->
  <feat xlink:href="#const_6_1" value="S"/><!-- Wikinews ... Magicians -->
  <feat xlink:href="#const_7_1" value="ROOT"/><!-- Wikinews ... Magicians -->
  <feat xlink:href="#const_5_2" value="VP"/><!-- interviews ... Magicians -->
  <feat xlink:href="#const_0_3" value="NP"/><!-- President -->
  <feat xlink:href="#const_4_3" value="NP"/><!-- President ... Magicians -->
  <feat xlink:href="#const_3_4" value="PP"/><!-- of ... Magicians -->
  <feat xlink:href="#const_0_5" value="NP"/><!-- the ... Brotherhood -->
  <feat xlink:href="#const_2_5" value="NP"/><!-- the ... Magicians -->
  <feat xlink:href="#const_1_8" value="PP"/><!-- of Magicians -->
  <feat xlink:href="#const_0_9" value="NP"/><!-- Magicians -->
  <feat xlink:href="#const_0_10" value="NP"/><!-- Wednesday ... 2013 -->
  <feat xlink:href="#const_1_10" value="ROOT"/><!-- Wednesday ... 2013 -->
  <feat xlink:href="#const_0_16" value="NP"/><!-- October -->
  <feat xlink:href="#const_4_16" value="S"/><!-- October ... . -->
  <feat xlink:href="#const_5_16" value="ROOT"/><!-- October ... . -->
  <feat xlink:href="#const_3_17" value="VP"/><!-- is ... States -->
  <feat xlink:href="#const_0_18" value="NP"/><!-- National ... Month -->
  <feat xlink:href="#const_2_18" value="NP"/><!-- National ... States -->
  <feat xlink:href="#const_1_21" value="PP"/><!-- in ... States -->
  <feat xlink:href="#const_0_22" value="NP"/><!-- the ... States -->
  <feat xlink:href="#const_0_26" value="NP"/><!-- Wikinews -->
  <feat xlink:href="#const_10_26" value="S"/><!-- Wikinews ... . -->
  <feat xlink:href="#const_11_26" value="ROOT"/><!-- Wikinews ... . -->
  <feat xlink:href="#const_9_27" value="VP"/><!-- spoke ... entertainment -->
  <feat xlink:href="#const_6_28" value="PP"/><!-- with ... Magicians -->
  <feat xlink:href="#const_0_29" value="NP"/><!-- William Evans -->
  <feat xlink:href="#const_5_29" value="NP"/><!-- William ... Magicians -->
  <feat xlink:href="#const_0_32" value="NP"/><!-- president -->
  <feat xlink:href="#const_4_32" value="NP"/><!-- president ... Magicians -->
  <feat xlink:href="#const_3_33" value="PP"/><!-- of ... Magicians -->
  <feat xlink:href="#const_0_34" value="NP"/><!-- the ... Brotherhood -->
  <feat xlink:href="#const_2_34" value="NP"/><!-- the ... Magicians -->
  <feat xlink:href="#const_1_37" value="PP"/><!-- of Magicians -->
  <feat xlink:href="#const_0_38" value="NP"/><!-- Magicians -->
  <feat xlink:href="#const_8_40" value="PP"/><!-- about ... entertainment -->
  <feat xlink:href="#const_0_41" value="NP"/><!-- the ... state -->
  <feat xlink:href="#const_2_41" value="NP"/><!-- the ... magic -->
  <feat xlink:href="#const_7_41" value="NP"/><!-- the ... entertainment -->
  <feat xlink:href="#const_1_44" value="PP"/><!-- of magic -->
  <feat xlink:href="#const_0_45" value="NP"/><!-- magic -->
  <feat xlink:href="#const_0_47" value="WHNP"/><!-- what -->
  <feat xlink:href="#const_6_47" value="SBAR"/><!-- what ... entertainment -->
  <feat xlink:href="#const_0_48" value="NP"/><!-- its future -->
  <feat xlink:href="#const_5_48" value="S"/><!-- its ... entertainment -->
  <feat xlink:href="#const_4_50" value="VP"/><!-- looks ... entertainment -->
  <feat xlink:href="#const_3_51" value="PP"/><!-- like ... entertainment -->
  <feat xlink:href="#const_0_53" value="NP"/><!-- the world -->
  <feat xlink:href="#const_2_53" value="NP"/><!-- the ... entertainment -->
  <feat xlink:href="#const_1_55" value="PP"/><!-- of entertainment -->
  <feat xlink:href="#const_0_56" value="NP"/><!-- entertainment -->
  <feat xlink:href="#const_1_58" value="WHPP"/><!-- For ... long -->
  <feat xlink:href="#const_10_58" value="SBARQ"/><!-- For ... ? -->
  <feat xlink:href="#const_11_58" value="ROOT"/><!-- For ... ? -->
  <feat xlink:href="#const_0_59" value="WHNP"/><!-- how long -->
  <feat xlink:href="#const_9_61" value="SQ"/><!-- have ... magic -->
  <feat xlink:href="#const_0_62" value="NP"/><!-- you -->
  <feat xlink:href="#const_8_63" value="VP"/><!-- been ... magic -->
  <feat xlink:href="#const_7_64" value="VP"/><!-- involved ... magic -->
  <feat xlink:href="#const_0_65" value="NP"/><!-- in -->
  <feat xlink:href="#const_3_65" value="NP"/><!-- in performing -->
  <feat xlink:href="#const_4_65" value="FRAG"/><!-- in ... magic -->
  <feat xlink:href="#const_5_65" value="SBAR"/><!-- in ... magic -->
  <feat xlink:href="#const_6_65" value="NP"/><!-- in ... magic -->
  <feat xlink:href="#const_0_66" value="VP"/><!-- performing -->
  <feat xlink:href="#const_1_66" value="S"/><!-- performing -->
  <feat xlink:href="#const_2_66" value="SBAR"/><!-- performing -->
  <feat xlink:href="#const_0_67" value="X"/><!-- / -->
  <feat xlink:href="#const_2_67" value="X"/><!-- / ... magic -->
  <feat xlink:href="#const_1_68" value="PP"/><!-- studying magic -->
  <feat xlink:href="#const_0_69" value="NP"/><!-- magic -->
  <feat xlink:href="#const_1_71" value="PP"/><!-- Over ... years -->
  <feat xlink:href="#const_2_71" value="FRAG"/><!-- Over ... . -->
  <feat xlink:href="#const_3_71" value="ROOT"/><!-- Over ... . -->
  <feat xlink:href="#const_0_72" value="NP"/><!-- 50 years -->
  <feat xlink:href="#const_0_75" value="NP"/><!-- I -->
  <feat xlink:href="#const_14_75" value="S"/><!-- I ... . -->
  <feat xlink:href="#const_15_75" value="ROOT"/><!-- I ... . -->
  <feat xlink:href="#const_13_76" value="VP"/><!-- am ... earlier -->
  <feat xlink:href="#const_0_77" value="NP"/><!-- 61 -->
  <feat xlink:href="#const_1_77" value="ADVP"/><!-- 61 now -->
  <feat xlink:href="#const_12_79" value="SBAR"/><!-- so ... earlier -->
  <feat xlink:href="#const_0_80" value="NP"/><!-- I -->
  <feat xlink:href="#const_11_80" value="S"/><!-- I ... earlier -->
  <feat xlink:href="#const_0_81" value="ADVP"/><!-- really -->
  <feat xlink:href="#const_10_82" value="VP"/><!-- started ... earlier -->
  <feat xlink:href="#const_0_83" value="WHADVP"/><!-- when -->
  <feat xlink:href="#const_9_83" value="SBAR"/><!-- when ... earlier -->
  <feat xlink:href="#const_0_84" value="NP"/><!-- I -->
  <feat xlink:href="#const_8_84" value="S"/><!-- I ... earlier -->
  <feat xlink:href="#const_7_85" value="VP"/><!-- was ... earlier -->
  <feat xlink:href="#const_0_86" value="QP"/><!-- about 10 -->
  <feat xlink:href="#const_1_86" value="NP"/><!-- about ... years -->
  <feat xlink:href="#const_2_86" value="ADJP"/><!-- about ... old -->
  <feat xlink:href="#const_6_90" value="SBAR"/><!-- even ... earlier -->
  <feat xlink:href="#const_0_92" value="NP"/><!-- I -->
  <feat xlink:href="#const_5_92" value="S"/><!-- I ... earlier -->
  <feat xlink:href="#const_4_93" value="VP"/><!-- had ... earlier -->
  <feat xlink:href="#const_3_94" value="VP"/><!-- seen ... earlier -->
  <feat xlink:href="#const_2_97" value="PP"/><!-- with ... earlier -->
  <feat xlink:href="#const_0_98" value="NP"/><!-- some ... tricks -->
  <feat xlink:href="#const_0_101" value="NP"/><!-- a ... years -->
  <feat xlink:href="#const_1_101" value="ADVP"/><!-- a ... earlier -->
  <feat xlink:href="#const_0_106" value="NP"/><!-- I -->
  <feat xlink:href="#const_8_106" value="S"/><!-- I ... it -->
  <feat xlink:href="#const_9_106" value="S"/><!-- I ... . -->
  <feat xlink:href="#const_10_106" value="ROOT"/><!-- I ... . -->
  <feat xlink:href="#const_7_107" value="VP"/><!-- remember ... it -->
  <feat xlink:href="#const_2_108" value="VP"/><!-- going ... Magic -->
  <feat xlink:href="#const_5_108" value="VP"/><!-- going ... it -->
  <feat xlink:href="#const_6_108" value="S"/><!-- going ... it -->
  <feat xlink:href="#const_1_109" value="PP"/><!-- into ... Magic -->
  <feat xlink:href="#const_0_110" value="NP"/><!-- Hollywood Magic -->
  <feat xlink:href="#const_4_113" value="VP"/><!-- wanting ... it -->
  <feat xlink:href="#const_0_114" value="NP"/><!-- that ... box -->
  <feat xlink:href="#const_3_118" value="PP"/><!-- with ... it -->
  <feat xlink:href="#const_0_119" value="NP"/><!-- the dragons -->
  <feat xlink:href="#const_2_119" value="NP"/><!-- the ... it -->
  <feat xlink:href="#const_1_121" value="PP"/><!-- on it -->
  <feat xlink:href="#const_0_122" value="NP"/><!-- it -->
  <feat xlink:href="#const_0_124" value="NP"/><!-- I -->
  <feat xlink:href="#const_5_124" value="S"/><!-- I ... did -->
  <feat xlink:href="#const_4_125" value="VP"/><!-- did ... did -->
  <feat xlink:href="#const_0_127" value="ADVP"/><!-- even -->
  <feat xlink:href="#const_3_128" value="VP"/><!-- know ... did -->
  <feat xlink:href="#const_0_129" value="WHNP"/><!-- what -->
  <feat xlink:href="#const_2_129" value="SBAR"/><!-- what ... did -->
  <feat xlink:href="#const_0_130" value="NP"/><!-- it -->
  <feat xlink:href="#const_1_130" value="S"/><!-- it did -->
  <feat xlink:href="#const_0_131" value="VP"/><!-- did -->
  <feat xlink:href="#const_0_133" value="NP"/><!-- The magician -->
  <feat xlink:href="#const_2_133" value="NP"/><!-- The ... counter -->
  <feat xlink:href="#const_11_133" value="S"/><!-- The ... . -->
  <feat xlink:href="#const_12_133" value="ROOT"/><!-- The ... . -->
  <feat xlink:href="#const_1_135" value="PP"/><!-- behind ... counter -->
  <feat xlink:href="#const_0_136" value="NP"/><!-- the counter -->
  <feat xlink:href="#const_9_138" value="VP"/><!-- was ... today -->
  <feat xlink:href="#const_10_138" value="VP"/><!-- was ... &quot; -->
  <feat xlink:href="#const_8_139" value="ADJP"/><!-- wise ... I -->
  <feat xlink:href="#const_0_140" value="ADVP"/><!-- enough not -->
  <feat xlink:href="#const_6_142" value="VP"/><!-- to ... I -->
  <feat xlink:href="#const_7_142" value="S"/><!-- to ... I -->
  <feat xlink:href="#const_2_143" value="VP"/><!-- sell ... me -->
  <feat xlink:href="#const_5_143" value="VP"/><!-- sell ... I -->
  <feat xlink:href="#const_0_144" value="NP"/><!-- it -->
  <feat xlink:href="#const_1_145" value="PP"/><!-- to me -->
  <feat xlink:href="#const_0_146" value="NP"/><!-- me -->
  <feat xlink:href="#const_0_149" value="ADVP"/><!-- instead -->
  <feat xlink:href="#const_4_150" value="VP"/><!-- sold ... I -->
  <feat xlink:href="#const_0_151" value="NP"/><!-- me -->
  <feat xlink:href="#const_0_152" value="NP"/><!-- two books -->
  <feat xlink:href="#const_3_152" value="NP"/><!-- two ... I -->
  <feat xlink:href="#const_0_154" value="WHNP"/><!-- which -->
  <feat xlink:href="#const_2_154" value="SBAR"/><!-- which I -->
  <feat xlink:href="#const_0_155" value="NP"/><!-- I -->
  <feat xlink:href="#const_1_155" value="S"/><!-- I -->
  <feat xlink:href="#const_0_156" value="NP"/><!-- still ... today -->
  <feat xlink:href="#const_2_160" value="NP"/><!-- &quot; ... &quot; -->
  <feat xlink:href="#const_3_160" value="NP"/><!-- &quot; ... &quot; -->
  <feat xlink:href="#const_0_161" value="NP"/><!-- Scarne -->
  <feat xlink:href="#const_1_162" value="PP"/><!-- on ... Tricks -->
  <feat xlink:href="#const_0_163" value="NP"/><!-- Card Tricks -->
  <feat xlink:href="#const_2_167" value="NP"/><!-- &quot; ... &quot; -->
  <feat xlink:href="#const_0_168" value="NP"/><!-- Scarne -->
  <feat xlink:href="#const_1_169" value="PP"/><!-- on ... Tricks -->
  <feat xlink:href="#const_0_170" value="NP"/><!-- Magic Tricks -->
  <feat xlink:href="#const_0_174" value="NP"/><!-- That -->
  <feat xlink:href="#const_3_174" value="S"/><!-- That ... books -->
  <feat xlink:href="#const_7_174" value="S"/><!-- That ... . -->
  <feat xlink:href="#const_8_174" value="ROOT"/><!-- That ... . -->
  <feat xlink:href="#const_2_175" value="VP"/><!-- started ... books -->
  <feat xlink:href="#const_0_176" value="NP"/><!-- me -->
  <feat xlink:href="#const_0_177" value="PRT"/><!-- out -->
  <feat xlink:href="#const_1_178" value="PP"/><!-- on books -->
  <feat xlink:href="#const_0_179" value="NP"/><!-- books -->
  <feat xlink:href="#const_0_181" value="NP"/><!-- I -->
  <feat xlink:href="#const_6_181" value="S"/><!-- I ... then -->
  <feat xlink:href="#const_5_182" value="VP"/><!-- have ... then -->
  <feat xlink:href="#const_4_183" value="VP"/><!-- amassed ... then -->
  <feat xlink:href="#const_3_184" value="NP"/><!-- quite ... then -->
  <feat xlink:href="#const_0_185" value="NP"/><!-- a few -->
  <feat xlink:href="#const_2_185" value="NP"/><!-- a ... then -->
  <feat xlink:href="#const_1_187" value="PP"/><!-- since then -->
  <feat xlink:href="#const_0_188" value="NP"/><!-- then -->
  <feat xlink:href="#const_0_190" value="NP"/><!-- My ... influences -->
  <feat xlink:href="#const_2_190" value="NP"/><!-- My ... performance -->
  <feat xlink:href="#const_3_190" value="S"/><!-- My ... . -->
  <feat xlink:href="#const_4_190" value="ROOT"/><!-- My ... . -->
  <feat xlink:href="#const_1_193" value="PP"/><!-- on performance -->
  <feat xlink:href="#const_0_194" value="NP"/><!-- performance -->
  <feat xlink:href="#const_2_195" value="VP"/><!-- are ... Skinner -->
  <feat xlink:href="#const_0_196" value="NP"/><!-- Eugene Burger -->
  <feat xlink:href="#const_1_196" value="NP"/><!-- Eugene ... Skinner -->
  <feat xlink:href="#const_0_199" value="NP"/><!-- Michael Skinner -->
  <feat xlink:href="#const_0_202" value="NP"/><!-- October -->
  <feat xlink:href="#const_4_202" value="S"/><!-- October ... . -->
  <feat xlink:href="#const_5_202" value="ROOT"/><!-- October ... . -->
  <feat xlink:href="#const_3_203" value="VP"/><!-- is ... US -->
  <feat xlink:href="#const_0_204" value="NP"/><!-- National ... Month -->
  <feat xlink:href="#const_2_204" value="NP"/><!-- National ... US -->
  <feat xlink:href="#const_1_207" value="PP"/><!-- in ... US -->
  <feat xlink:href="#const_0_208" value="NP"/><!-- the US -->
  <feat xlink:href="#const_11_211" value="VP"/><!-- Do ... today -->
  <feat xlink:href="#const_12_211" value="SQ"/><!-- Do ... ? -->
  <feat xlink:href="#const_13_211" value="ROOT"/><!-- Do ... ? -->
  <feat xlink:href="#const_0_212" value="NP"/><!-- you -->
  <feat xlink:href="#const_9_212" value="S"/><!-- you ... today -->
  <feat xlink:href="#const_10_212" value="SBAR"/><!-- you ... today -->
  <feat xlink:href="#const_8_213" value="VP"/><!-- think ... today -->
  <feat xlink:href="#const_0_214" value="NP"/><!-- magic -->
  <feat xlink:href="#const_6_214" value="S"/><!-- magic ... today -->
  <feat xlink:href="#const_7_214" value="SBAR"/><!-- magic ... today -->
  <feat xlink:href="#const_5_215" value="VP"/><!-- is ... today -->
  <feat xlink:href="#const_4_216" value="ADJP"/><!-- alive ... entertainment -->
  <feat xlink:href="#const_3_217" value="PP"/><!-- as ... entertainment -->
  <feat xlink:href="#const_0_218" value="NP"/><!-- a ... form -->
  <feat xlink:href="#const_2_218" value="NP"/><!-- a ... entertainment -->
  <feat xlink:href="#const_1_221" value="PP"/><!-- of entertainment -->
  <feat xlink:href="#const_0_222" value="NP"/><!-- entertainment -->
  <feat xlink:href="#const_0_223" value="NP"/><!-- today -->
  <feat xlink:href="#const_0_225" value="ADVP"/><!-- Absolutely -->
  <feat xlink:href="#const_1_225" value="FRAG"/><!-- Absolutely . -->
  <feat xlink:href="#const_2_225" value="ROOT"/><!-- Absolutely . -->
  <feat xlink:href="#const_0_227" value="NP"/><!-- There -->
  <feat xlink:href="#const_4_227" value="S"/><!-- There ... . -->
  <feat xlink:href="#const_5_227" value="ROOT"/><!-- There ... . -->
  <feat xlink:href="#const_3_228" value="VP"/><!-- are ... before -->
  <feat xlink:href="#const_0_229" value="NP"/><!-- more magicians -->
  <feat xlink:href="#const_2_229" value="NP"/><!-- more ... before -->
  <feat xlink:href="#const_1_231" value="VP"/><!-- working ... before -->
  <feat xlink:href="#const_0_232" value="ADVP"/><!-- today than -->
  <feat xlink:href="#const_0_234" value="ADVP"/><!-- ever before -->
  <feat xlink:href="#const_0_237" value="NP"/><!-- There -->
  <feat xlink:href="#const_7_237" value="S"/><!-- There ... . -->
  <feat xlink:href="#const_8_237" value="ROOT"/><!-- There ... . -->
  <feat xlink:href="#const_6_238" value="VP"/><!-- will ... magic -->
  <feat xlink:href="#const_0_239" value="ADVP"/><!-- always -->
  <feat xlink:href="#const_5_240" value="VP"/><!-- be ... magic -->
  <feat xlink:href="#const_0_241" value="NP"/><!-- an audience -->
  <feat xlink:href="#const_4_241" value="NP"/><!-- an ... magic -->
  <feat xlink:href="#const_3_243" value="PP"/><!-- for ... magic -->
  <feat xlink:href="#const_0_244" value="NP"/><!-- good magicians -->
  <feat xlink:href="#const_2_244" value="NP"/><!-- good ... magic -->
  <feat xlink:href="#const_1_246" value="VP"/><!-- doing ... magic -->
  <feat xlink:href="#const_0_247" value="NP"/><!-- good magic -->
  <feat xlink:href="#const_2_250" value="SQ"/><!-- Has ... ? -->
  <feat xlink:href="#const_3_250" value="ROOT"/><!-- Has ... ? -->
  <feat xlink:href="#const_0_251" value="NP"/><!-- the internet -->
  <feat xlink:href="#const_1_253" value="VP"/><!-- helped ... magic -->
  <feat xlink:href="#const_0_256" value="NP"/><!-- magic -->
  <feat xlink:href="#const_0_258" value="NP"/><!-- Both -->
  <feat xlink:href="#const_1_258" value="FRAG"/><!-- Both . -->
  <feat xlink:href="#const_2_258" value="ROOT"/><!-- Both . -->
  <feat xlink:href="#const_0_260" value="NP"/><!-- I -->
  <feat xlink:href="#const_11_260" value="S"/><!-- I ... hobby -->
  <feat xlink:href="#const_17_260" value="S"/><!-- I ... . -->
  <feat xlink:href="#const_18_260" value="ROOT"/><!-- I ... . -->
  <feat xlink:href="#const_10_261" value="VP"/><!-- think ... hobby -->
  <feat xlink:href="#const_0_262" value="NP"/><!-- it -->
  <feat xlink:href="#const_8_262" value="S"/><!-- it ... hobby -->
  <feat xlink:href="#const_9_262" value="SBAR"/><!-- it ... hobby -->
  <feat xlink:href="#const_7_263" value="VP"/><!-- has ... hobby -->
  <feat xlink:href="#const_6_264" value="VP"/><!-- helped ... hobby -->
  <feat xlink:href="#const_4_265" value="VP"/><!-- draw ... hobby -->
  <feat xlink:href="#const_5_265" value="S"/><!-- draw ... hobby -->
  <feat xlink:href="#const_0_266" value="NP"/><!-- younger people -->
  <feat xlink:href="#const_3_268" value="PP"/><!-- to ... hobby -->
  <feat xlink:href="#const_0_269" value="NP"/><!-- magic -->
  <feat xlink:href="#const_2_269" value="NP"/><!-- magic ... hobby -->
  <feat xlink:href="#const_1_270" value="PP"/><!-- as ... hobby -->
  <feat xlink:href="#const_0_271" value="NP"/><!-- a hobby -->
  <feat xlink:href="#const_0_275" value="NP"/><!-- I -->
  <feat xlink:href="#const_16_275" value="S"/><!-- I ... books -->
  <feat xlink:href="#const_15_276" value="VP"/><!-- think ... books -->
  <feat xlink:href="#const_0_277" value="NP"/><!-- it -->
  <feat xlink:href="#const_13_277" value="S"/><!-- it ... books -->
  <feat xlink:href="#const_14_277" value="SBAR"/><!-- it ... books -->
  <feat xlink:href="#const_12_278" value="VP"/><!-- has ... books -->
  <feat xlink:href="#const_11_279" value="VP"/><!-- hurt ... books -->
  <feat xlink:href="#const_0_280" value="NP"/><!-- the ability -->
  <feat xlink:href="#const_2_280" value="NP"/><!-- the ... magicians -->
  <feat xlink:href="#const_1_282" value="PP"/><!-- of ... magicians -->
  <feat xlink:href="#const_0_283" value="NP"/><!-- young magicians -->
  <feat xlink:href="#const_9_285" value="VP"/><!-- to ... books -->
  <feat xlink:href="#const_10_285" value="S"/><!-- to ... books -->
  <feat xlink:href="#const_8_286" value="VP"/><!-- think ... books -->
  <feat xlink:href="#const_7_287" value="SBAR"/><!-- because ... books -->
  <feat xlink:href="#const_0_288" value="NP"/><!-- so many -->
  <feat xlink:href="#const_5_288" value="S"/><!-- so ... everything -->
  <feat xlink:href="#const_6_288" value="S"/><!-- so ... books -->
  <feat xlink:href="#const_4_290" value="VP"/><!-- rely ... everything -->
  <feat xlink:href="#const_3_291" value="PP"/><!-- on ... everything -->
  <feat xlink:href="#const_0_292" value="NP"/><!-- the internet -->
  <feat xlink:href="#const_2_292" value="NP"/><!-- the ... everything -->
  <feat xlink:href="#const_1_294" value="PP"/><!-- for everything -->
  <feat xlink:href="#const_0_295" value="NP"/><!-- everything -->
  <feat xlink:href="#const_0_297" value="NP"/><!-- they -->
  <feat xlink:href="#const_3_297" value="S"/><!-- they ... books -->
  <feat xlink:href="#const_2_298" value="VP"/><!-- are ... books -->
  <feat xlink:href="#const_1_300" value="VP"/><!-- reading ... books -->
  <feat xlink:href="#const_0_301" value="NP"/><!-- the books -->
  <feat xlink:href="#const_0_304" value="NP"/><!-- We -->
  <feat xlink:href="#const_11_304" value="S"/><!-- We ... . -->
  <feat xlink:href="#const_12_304" value="ROOT"/><!-- We ... . -->
  <feat xlink:href="#const_10_305" value="VP"/><!-- have ... before -->
  <feat xlink:href="#const_8_306" value="VP"/><!-- to ... before -->
  <feat xlink:href="#const_9_306" value="S"/><!-- to ... before -->
  <feat xlink:href="#const_7_307" value="VP"/><!-- have ... before -->
  <feat xlink:href="#const_0_308" value="NP"/><!-- knowledge -->
  <feat xlink:href="#const_4_308" value="NP"/><!-- knowledge ... magic -->
  <feat xlink:href="#const_6_308" value="NP"/><!-- knowledge ... before -->
  <feat xlink:href="#const_3_309" value="PP"/><!-- of ... magic -->
  <feat xlink:href="#const_0_310" value="NP"/><!-- the history -->
  <feat xlink:href="#const_2_310" value="NP"/><!-- the ... magic -->
  <feat xlink:href="#const_1_312" value="PP"/><!-- of magic -->
  <feat xlink:href="#const_0_313" value="NP"/><!-- magic -->
  <feat xlink:href="#const_0_315" value="WHNP"/><!-- what -->
  <feat xlink:href="#const_5_315" value="SBAR"/><!-- what ... before -->
  <feat xlink:href="#const_3_316" value="VP"/><!-- has ... before -->
  <feat xlink:href="#const_4_316" value="S"/><!-- has ... before -->
  <feat xlink:href="#const_2_317" value="VP"/><!-- been ... before -->
  <feat xlink:href="#const_1_318" value="VP"/><!-- done before -->
  <feat xlink:href="#const_0_319" value="ADVP"/><!-- before -->
  <feat xlink:href="#const_0_321" value="ADVP"/><!-- Moreover -->
  <feat xlink:href="#const_11_321" value="S"/><!-- Moreover ... . -->
  <feat xlink:href="#const_12_321" value="ROOT"/><!-- Moreover ... . -->
  <feat xlink:href="#const_10_323" value="VP"/><!-- seeing ... magic -->
  <feat xlink:href="#const_0_324" value="NP"/><!-- someone -->
  <feat xlink:href="#const_9_324" value="S"/><!-- someone ... magic -->
  <feat xlink:href="#const_8_325" value="VP"/><!-- perform ... magic -->
  <feat xlink:href="#const_7_326" value="PP"/><!-- on ... magic -->
  <feat xlink:href="#const_0_327" value="NP"/><!-- the internet -->
  <feat xlink:href="#const_6_327" value="NP"/><!-- the ... magic -->
  <feat xlink:href="#const_3_329" value="VP"/><!-- takes ... senses -->
  <feat xlink:href="#const_0_330" value="PRT"/><!-- away -->
  <feat xlink:href="#const_0_331" value="NP"/><!-- the use -->
  <feat xlink:href="#const_2_331" value="NP"/><!-- the ... senses -->
  <feat xlink:href="#const_1_333" value="PP"/><!-- of ... senses -->
  <feat xlink:href="#const_0_334" value="NP"/><!-- our senses -->
  <feat xlink:href="#const_0_337" value="NP"/><!-- originality -->
  <feat xlink:href="#const_0_339" value="NP"/><!-- imagination -->
  <feat xlink:href="#const_5_339" value="NP"/><!-- imagination ... magic -->
  <feat xlink:href="#const_0_340" value="WHNP"/><!-- that -->
  <feat xlink:href="#const_4_340" value="SBAR"/><!-- that ... magic -->
  <feat xlink:href="#const_2_341" value="VP"/><!-- reading ... magic -->
  <feat xlink:href="#const_3_341" value="S"/><!-- reading ... magic -->
  <feat xlink:href="#const_1_344" value="PP"/><!-- about magic -->
  <feat xlink:href="#const_0_345" value="NP"/><!-- magic -->
  <feat xlink:href="#const_1_346" value="VP"/><!-- can produce -->
  <feat xlink:href="#const_0_347" value="VP"/><!-- produce -->
  <feat xlink:href="#const_0_349" value="NP"/><!-- Anyone -->
  <feat xlink:href="#const_3_349" value="S"/><!-- Anyone ... monkey -->
  <feat xlink:href="#const_7_349" value="S"/><!-- Anyone ... . -->
  <feat xlink:href="#const_8_349" value="ROOT"/><!-- Anyone ... . -->
  <feat xlink:href="#const_2_350" value="VP"/><!-- can ... monkey -->
  <feat xlink:href="#const_1_351" value="VP"/><!-- become ... monkey -->
  <feat xlink:href="#const_0_352" value="NP"/><!-- a monkey -->
  <feat xlink:href="#const_0_355" value="NP"/><!-- it -->
  <feat xlink:href="#const_6_355" value="S"/><!-- it ... magician -->
  <feat xlink:href="#const_5_356" value="VP"/><!-- takes ... magician -->
  <feat xlink:href="#const_4_357" value="NP"/><!-- serious ... magician -->
  <feat xlink:href="#const_2_359" value="VP"/><!-- to ... magician -->
  <feat xlink:href="#const_3_359" value="S"/><!-- to ... magician -->
  <feat xlink:href="#const_1_360" value="VP"/><!-- become ... magician -->
  <feat xlink:href="#const_0_361" value="NP"/><!-- a magician -->
  <feat xlink:href="#const_5_364" value="VP"/><!-- Do ... role -->
  <feat xlink:href="#const_6_364" value="SQ"/><!-- Do ... ? -->
  <feat xlink:href="#const_7_364" value="ROOT"/><!-- Do ... ? -->
  <feat xlink:href="#const_0_365" value="NP"/><!-- you -->
  <feat xlink:href="#const_4_365" value="S"/><!-- you ... role -->
  <feat xlink:href="#const_3_366" value="VP"/><!-- travel ... role -->
  <feat xlink:href="#const_2_367" value="ADVP"/><!-- much ... role -->
  <feat xlink:href="#const_1_368" value="PP"/><!-- in ... role -->
  <feat xlink:href="#const_0_369" value="NP"/><!-- your ... role -->
  <feat xlink:href="#const_0_373" value="INTJ"/><!-- Yes -->
  <feat xlink:href="#const_3_373" value="S"/><!-- Yes ... . -->
  <feat xlink:href="#const_4_373" value="ROOT"/><!-- Yes ... . -->
  <feat xlink:href="#const_0_375" value="NP"/><!-- I -->
  <feat xlink:href="#const_2_376" value="VP"/><!-- am ... bit -->
  <feat xlink:href="#const_1_377" value="VP"/><!-- traveling ... bit -->
  <feat xlink:href="#const_0_378" value="NP"/><!-- quite ... bit -->
  <feat xlink:href="#const_7_382" value="SBAR"/><!-- After ... July -->
  <feat xlink:href="#const_8_382" value="S"/><!-- After ... . -->
  <feat xlink:href="#const_9_382" value="ROOT"/><!-- After ... . -->
  <feat xlink:href="#const_0_383" value="NP"/><!-- I -->
  <feat xlink:href="#const_6_383" value="S"/><!-- I ... July -->
  <feat xlink:href="#const_5_384" value="VP"/><!-- was ... July -->
  <feat xlink:href="#const_4_385" value="VP"/><!-- inducted ... July -->
  <feat xlink:href="#const_3_386" value="PP"/><!-- as ... Phoenix -->
  <feat xlink:href="#const_0_387" value="NP"/><!-- International President -->
  <feat xlink:href="#const_2_387" value="NP"/><!-- International ... Phoenix -->
  <feat xlink:href="#const_1_389" value="PP"/><!-- in Phoenix -->
  <feat xlink:href="#const_0_390" value="NP"/><!-- Phoenix -->
  <feat xlink:href="#const_1_391" value="PP"/><!-- in July -->
  <feat xlink:href="#const_0_392" value="NP"/><!-- July -->
  <feat xlink:href="#const_0_394" value="NP"/><!-- I -->
  <feat xlink:href="#const_6_395" value="VP"/><!-- have ... London -->
  <feat xlink:href="#const_5_396" value="VP"/><!-- been ... London -->
  <feat xlink:href="#const_1_397" value="PP"/><!-- to ... Experience -->
  <feat xlink:href="#const_0_398" value="NP"/><!-- the ... Experience -->
  <feat xlink:href="#const_4_402" value="PP"/><!-- in ... London -->
  <feat xlink:href="#const_0_403" value="NP"/><!-- Eureka ... Live -->
  <feat xlink:href="#const_2_403" value="NP"/><!-- Eureka ... Vegas -->
  <feat xlink:href="#const_3_403" value="NP"/><!-- Eureka ... London -->
  <feat xlink:href="#const_1_410" value="PP"/><!-- in ... Vegas -->
  <feat xlink:href="#const_0_411" value="NP"/><!-- Las Vegas -->
  <feat xlink:href="#const_0_414" value="NP"/><!-- The ... Jubilee -->
  <feat xlink:href="#const_2_414" value="NP"/><!-- The ... Louis -->
  <feat xlink:href="#const_1_418" value="PP"/><!-- in ... Louis -->
  <feat xlink:href="#const_0_419" value="NP"/><!-- St. Louis -->
  <feat xlink:href="#const_0_422" value="NP"/><!-- the TAOM -->
  <feat xlink:href="#const_2_422" value="NP"/><!-- the ... Dallas -->
  <feat xlink:href="#const_1_424" value="PP"/><!-- in Dallas -->
  <feat xlink:href="#const_0_425" value="NP"/><!-- Dallas -->
  <feat xlink:href="#const_0_427" value="NP"/><!-- the ... Convention -->
  <feat xlink:href="#const_2_427" value="NP"/><!-- the ... England -->
  <feat xlink:href="#const_1_431" value="PP"/><!-- in ... England -->
  <feat xlink:href="#const_0_432" value="NP"/><!-- Buxton ... England -->
  <feat xlink:href="#const_0_436" value="NP"/><!-- the ... Circle -->
  <feat xlink:href="#const_2_436" value="NP"/><!-- the ... London -->
  <feat xlink:href="#const_1_439" value="PP"/><!-- in London -->
  <feat xlink:href="#const_0_440" value="NP"/><!-- London -->
  <feat xlink:href="#const_0_442" value="NP"/><!-- I -->
  <feat xlink:href="#const_12_442" value="S"/><!-- I ... . -->
  <feat xlink:href="#const_13_442" value="ROOT"/><!-- I ... . -->
  <feat xlink:href="#const_11_443" value="VP"/><!-- am ... April -->
  <feat xlink:href="#const_10_444" value="VP"/><!-- going ... April -->
  <feat xlink:href="#const_9_445" value="PP"/><!-- to ... April -->
  <feat xlink:href="#const_0_446" value="NP"/><!-- Las Vegas -->
  <feat xlink:href="#const_1_446" value="NP"/><!-- Las ... Angeles -->
  <feat xlink:href="#const_2_446" value="NP"/><!-- Las ... month -->
  <feat xlink:href="#const_8_446" value="NP"/><!-- Las ... April -->
  <feat xlink:href="#const_0_449" value="NP"/><!-- Los Angeles -->
  <feat xlink:href="#const_0_451" value="NP"/><!-- next month -->
  <feat xlink:href="#const_0_454" value="NP"/><!-- Italy -->
  <feat xlink:href="#const_7_454" value="NP"/><!-- Italy ... December -->
  <feat xlink:href="#const_6_455" value="PP"/><!-- in ... December -->
  <feat xlink:href="#const_0_456" value="NP"/><!-- November -->
  <feat xlink:href="#const_5_456" value="NP"/><!-- November ... December -->
  <feat xlink:href="#const_4_458" value="ADVP"/><!-- back ... December -->
  <feat xlink:href="#const_3_459" value="PP"/><!-- to ... December -->
  <feat xlink:href="#const_0_460" value="NP"/><!-- Las Vegas -->
  <feat xlink:href="#const_2_460" value="NP"/><!-- Las ... December -->
  <feat xlink:href="#const_1_462" value="PP"/><!-- in December -->
  <feat xlink:href="#const_0_463" value="NP"/><!-- December -->
  <feat xlink:href="#const_0_465" value="NP"/><!-- Mexico -->
  <feat xlink:href="#const_2_465" value="NP"/><!-- Mexico ... January -->
  <feat xlink:href="#const_1_466" value="PP"/><!-- in January -->
  <feat xlink:href="#const_0_467" value="NP"/><!-- January -->
  <feat xlink:href="#const_0_469" value="NP"/><!-- Magi-Fest -->
  <feat xlink:href="#const_2_469" value="NP"/><!-- Magi-Fest ... February -->
  <feat xlink:href="#const_1_470" value="PP"/><!-- in February -->
  <feat xlink:href="#const_0_471" value="NP"/><!-- February -->
  <feat xlink:href="#const_0_473" value="NP"/><!-- the ... Carnival -->
  <feat xlink:href="#const_6_473" value="NP"/><!-- the ... March -->
  <feat xlink:href="#const_5_476" value="PP"/><!-- of ... March -->
  <feat xlink:href="#const_0_477" value="NP"/><!-- Magic -->
  <feat xlink:href="#const_4_477" value="NP"/><!-- Magic ... March -->
  <feat xlink:href="#const_3_478" value="PP"/><!-- in ... March -->
  <feat xlink:href="#const_0_479" value="NP"/><!-- Tennessee -->
  <feat xlink:href="#const_2_479" value="NP"/><!-- Tennessee ... March -->
  <feat xlink:href="#const_1_480" value="PP"/><!-- in March -->
  <feat xlink:href="#const_0_481" value="NP"/><!-- March -->
  <feat xlink:href="#const_0_483" value="NP"/><!-- Eureka ... Cavalcade -->
  <feat xlink:href="#const_4_483" value="NP"/><!-- Eureka ... March -->
  <feat xlink:href="#const_3_486" value="PP"/><!-- of ... March -->
  <feat xlink:href="#const_0_487" value="NP"/><!-- Magic -->
  <feat xlink:href="#const_2_487" value="NP"/><!-- Magic ... March -->
  <feat xlink:href="#const_1_488" value="PP"/><!-- in March -->
  <feat xlink:href="#const_0_489" value="NP"/><!-- March -->
  <feat xlink:href="#const_0_492" value="NP"/><!-- the FFFF -->
  <feat xlink:href="#const_2_492" value="NP"/><!-- the ... April -->
  <feat xlink:href="#const_1_494" value="PP"/><!-- in April -->
  <feat xlink:href="#const_0_495" value="NP"/><!-- April -->
  <feat xlink:href="#const_0_497" value="NP"/><!-- That -->
  <feat xlink:href="#const_4_497" value="S"/><!-- That ... . -->
  <feat xlink:href="#const_5_497" value="ROOT"/><!-- That ... . -->
  <feat xlink:href="#const_3_498" value="VP"/><!-- &apos;s ... now -->
  <feat xlink:href="#const_2_499" value="ADJP"/><!-- as ... now -->
  <feat xlink:href="#const_1_500" value="PP"/><!-- of now -->
  <feat xlink:href="#const_0_501" value="ADVP"/><!-- now -->
  <feat xlink:href="#const_0_503" value="NP"/><!-- File photo -->
  <feat xlink:href="#const_2_503" value="NP"/><!-- File ... Gish -->
  <feat xlink:href="#const_4_503" value="NP"/><!-- File ... . -->
  <feat xlink:href="#const_5_503" value="ROOT"/><!-- File ... . -->
  <feat xlink:href="#const_1_505" value="PP"/><!-- of ... Gish -->
  <feat xlink:href="#const_0_506" value="NP"/><!-- magician ... Gish -->
  <feat xlink:href="#const_3_509" value="VP"/><!-- displaying ... child -->
  <feat xlink:href="#const_0_510" value="NP"/><!-- magic props -->
  <feat xlink:href="#const_2_510" value="NP"/><!-- magic ... child -->
  <feat xlink:href="#const_1_512" value="PP"/><!-- for ... child -->
  <feat xlink:href="#const_0_513" value="NP"/><!-- a ... child -->
  <feat xlink:href="#const_0_517" value="NP"/><!-- Image -->
  <feat xlink:href="#const_1_517" value="NP"/><!-- Image ... . -->
  <feat xlink:href="#const_2_517" value="ROOT"/><!-- Image ... . -->
  <feat xlink:href="#const_0_519" value="NP"/><!-- Paul Budd -->
</featList>
</paula>
