<?xml version="1.0" encoding="UTF-8" standalone="no"?>

<!DOCTYPE paula SYSTEM "paula_feat.dtd">
<paula version="1.0">

<header paula_id="GUM.GUM_interview_brotherhood_pos"/>

<featList xmlns:xlink="http://www.w3.org/1999/xlink" type="pos" xml:base="GUM.GUM_interview_brotherhood.tok.xml">
<feat xlink:href="#tok_1" value="NP"/><!-- Wikinews...Magicians -->
<feat xlink:href="#tok_2" value="VVZ"/><!-- Wikinews...Magicians -->
<feat xlink:href="#tok_3" value="NN"/><!-- Wikinews...Magicians -->
<feat xlink:href="#tok_4" value="IN"/><!-- Wikinews...Magicians -->
<feat xlink:href="#tok_5" value="DT"/><!-- Wikinews...Magicians -->
<feat xlink:href="#tok_6" value="NP"/><!-- Wikinews...Magicians -->
<feat xlink:href="#tok_7" value="NP"/><!-- Wikinews...Magicians -->
<feat xlink:href="#tok_8" value="IN"/><!-- Wikinews...Magicians -->
<feat xlink:href="#tok_9" value="NPS"/><!-- Wikinews...Magicians -->
<feat xlink:href="#tok_10" value="NP"/><!-- Wednesday...2013 -->
<feat xlink:href="#tok_11" value=","/><!-- Wednesday...2013 -->
<feat xlink:href="#tok_12" value="NP"/><!-- Wednesday...2013 -->
<feat xlink:href="#tok_13" value="CD"/><!-- Wednesday...2013 -->
<feat xlink:href="#tok_14" value=","/><!-- Wednesday...2013 -->
<feat xlink:href="#tok_15" value="CD"/><!-- Wednesday...2013 -->
<feat xlink:href="#tok_16" value="NP"/><!-- October.... -->
<feat xlink:href="#tok_17" value="VBZ"/><!-- October.... -->
<feat xlink:href="#tok_18" value="NP"/><!-- October.... -->
<feat xlink:href="#tok_19" value="NP"/><!-- October.... -->
<feat xlink:href="#tok_20" value="NP"/><!-- October.... -->
<feat xlink:href="#tok_21" value="IN"/><!-- October.... -->
<feat xlink:href="#tok_22" value="DT"/><!-- October.... -->
<feat xlink:href="#tok_23" value="NP"/><!-- October.... -->
<feat xlink:href="#tok_24" value="NPS"/><!-- October.... -->
<feat xlink:href="#tok_25" value="SENT"/><!-- October.... -->
<feat xlink:href="#tok_26" value="NP"/><!-- Wikinews.... -->
<feat xlink:href="#tok_27" value="VVD"/><!-- Wikinews -->
<feat xlink:href="#tok_28" value="IN"/><!-- Wikinews -->
<feat xlink:href="#tok_29" value="NP"/><!-- Wikinews -->
<feat xlink:href="#tok_30" value="NP"/><!-- Wikinews -->
<feat xlink:href="#tok_31" value=","/><!-- Wikinews -->
<feat xlink:href="#tok_32" value="NN"/><!-- Wikinews -->
<feat xlink:href="#tok_33" value="IN"/><!-- Wikinews -->
<feat xlink:href="#tok_34" value="DT"/><!-- Wikinews -->
<feat xlink:href="#tok_35" value="NP"/><!-- Wikinews -->
<feat xlink:href="#tok_36" value="NP"/><!-- Wikinews -->
<feat xlink:href="#tok_37" value="IN"/><!-- Wikinews -->
<feat xlink:href="#tok_38" value="NPS"/><!-- Wikinews -->
<feat xlink:href="#tok_39" value=","/><!-- Wikinews -->
<feat xlink:href="#tok_40" value="IN"/><!-- Wikinews -->
<feat xlink:href="#tok_41" value="DT"/><!-- Wikinews -->
<feat xlink:href="#tok_42" value="JJ"/><!-- Wikinews -->
<feat xlink:href="#tok_43" value="NN"/><!-- Wikinews -->
<feat xlink:href="#tok_44" value="IN"/><!-- Wikinews -->
<feat xlink:href="#tok_45" value="NN"/><!-- Wikinews -->
<feat xlink:href="#tok_46" value="CC"/><!-- Wikinews -->
<feat xlink:href="#tok_47" value="WP"/><!-- Wikinews -->
<feat xlink:href="#tok_48" value="PP$"/><!-- Wikinews -->
<feat xlink:href="#tok_49" value="NN"/><!-- Wikinews -->
<feat xlink:href="#tok_50" value="VVZ"/><!-- Wikinews -->
<feat xlink:href="#tok_51" value="IN"/><!-- Wikinews -->
<feat xlink:href="#tok_52" value="IN"/><!-- Wikinews -->
<feat xlink:href="#tok_53" value="DT"/><!-- Wikinews -->
<feat xlink:href="#tok_54" value="NN"/><!-- Wikinews -->
<feat xlink:href="#tok_55" value="IN"/><!-- Wikinews -->
<feat xlink:href="#tok_56" value="NN"/><!-- Wikinews -->
<feat xlink:href="#tok_57" value="SENT"/><!-- Wikinews -->
<feat xlink:href="#tok_58" value="IN"/><!-- For...? -->
<feat xlink:href="#tok_59" value="WRB"/><!-- For...? -->
<feat xlink:href="#tok_60" value="RB"/><!-- For...? -->
<feat xlink:href="#tok_61" value="VHP"/><!-- For...? -->
<feat xlink:href="#tok_62" value="PP"/><!-- For...? -->
<feat xlink:href="#tok_63" value="VBN"/><!-- For...? -->
<feat xlink:href="#tok_64" value="VVN"/><!-- For...? -->
<feat xlink:href="#tok_65" value="IN"/><!-- For...? -->
<feat xlink:href="#tok_66" value="VVG"/><!-- For...? -->
<feat xlink:href="#tok_67" value="SYM"/><!-- For...? -->
<feat xlink:href="#tok_68" value="VVG"/><!-- For...? -->
<feat xlink:href="#tok_69" value="JJ"/><!-- For...? -->
<feat xlink:href="#tok_70" value="SENT"/><!-- For...? -->
<feat xlink:href="#tok_71" value="IN"/><!-- Over.... -->
<feat xlink:href="#tok_72" value="CD"/><!-- Over.... -->
<feat xlink:href="#tok_73" value="NNS"/><!-- Over.... -->
<feat xlink:href="#tok_74" value="SENT"/><!-- Over.... -->
<feat xlink:href="#tok_75" value="PP"/><!-- I.... -->
<feat xlink:href="#tok_76" value="VBP"/><!-- I.... -->
<feat xlink:href="#tok_77" value="CD"/><!-- I.... -->
<feat xlink:href="#tok_78" value="RB"/><!-- I.... -->
<feat xlink:href="#tok_79" value="IN"/><!-- I.... -->
<feat xlink:href="#tok_80" value="PP"/><!-- I.... -->
<feat xlink:href="#tok_81" value="RB"/><!-- I.... -->
<feat xlink:href="#tok_82" value="VVD"/><!-- I.... -->
<feat xlink:href="#tok_83" value="WRB"/><!-- I.... -->
<feat xlink:href="#tok_84" value="PP"/><!-- I.... -->
<feat xlink:href="#tok_85" value="VBD"/><!-- I.... -->
<feat xlink:href="#tok_86" value="RB"/><!-- I.... -->
<feat xlink:href="#tok_87" value="CD"/><!-- I.... -->
<feat xlink:href="#tok_88" value="NNS"/><!-- I.... -->
<feat xlink:href="#tok_89" value="JJ"/><!-- I.... -->
<feat xlink:href="#tok_90" value="RB"/><!-- I.... -->
<feat xlink:href="#tok_91" value="IN"/><!-- I.... -->
<feat xlink:href="#tok_92" value="PP"/><!-- I.... -->
<feat xlink:href="#tok_93" value="VHD"/><!-- I.... -->
<feat xlink:href="#tok_94" value="VVN"/><!-- I.... -->
<feat xlink:href="#tok_95" value="CC"/><!-- I.... -->
<feat xlink:href="#tok_96" value="VVN"/><!-- I.... -->
<feat xlink:href="#tok_97" value="IN"/><!-- I.... -->
<feat xlink:href="#tok_98" value="DT"/><!-- I.... -->
<feat xlink:href="#tok_99" value="JJ"/><!-- I.... -->
<feat xlink:href="#tok_100" value="NNS"/><!-- I.... -->
<feat xlink:href="#tok_101" value="DT"/><!-- I.... -->
<feat xlink:href="#tok_102" value="JJ"/><!-- I.... -->
<feat xlink:href="#tok_103" value="NNS"/><!-- I.... -->
<feat xlink:href="#tok_104" value="RBR"/><!-- I.... -->
<feat xlink:href="#tok_105" value="SENT"/><!-- I.... -->
<feat xlink:href="#tok_106" value="PP"/><!-- I.... -->
<feat xlink:href="#tok_107" value="VVP"/><!-- I.... -->
<feat xlink:href="#tok_108" value="VVG"/><!-- I.... -->
<feat xlink:href="#tok_109" value="IN"/><!-- I.... -->
<feat xlink:href="#tok_110" value="NP"/><!-- I.... -->
<feat xlink:href="#tok_111" value="NP"/><!-- I.... -->
<feat xlink:href="#tok_112" value="CC"/><!-- I.... -->
<feat xlink:href="#tok_113" value="VVG"/><!-- I.... -->
<feat xlink:href="#tok_114" value="DT"/><!-- I.... -->
<feat xlink:href="#tok_115" value="JJ"/><!-- I.... -->
<feat xlink:href="#tok_116" value="JJ"/><!-- I.... -->
<feat xlink:href="#tok_117" value="NN"/><!-- I.... -->
<feat xlink:href="#tok_118" value="IN"/><!-- I.... -->
<feat xlink:href="#tok_119" value="DT"/><!-- I.... -->
<feat xlink:href="#tok_120" value="NNS"/><!-- I.... -->
<feat xlink:href="#tok_121" value="IN"/><!-- I.... -->
<feat xlink:href="#tok_122" value="PP"/><!-- I.... -->
<feat xlink:href="#tok_123" value="CC"/><!-- I.... -->
<feat xlink:href="#tok_124" value="PP"/><!-- I.... -->
<feat xlink:href="#tok_125" value="VVD"/><!-- I.... -->
<feat xlink:href="#tok_126" value="RB"/><!-- I.... -->
<feat xlink:href="#tok_127" value="RB"/><!-- I.... -->
<feat xlink:href="#tok_128" value="VV"/><!-- I.... -->
<feat xlink:href="#tok_129" value="WP"/><!-- I.... -->
<feat xlink:href="#tok_130" value="PP"/><!-- I.... -->
<feat xlink:href="#tok_131" value="VVD"/><!-- I.... -->
<feat xlink:href="#tok_132" value="SENT"/><!-- I.... -->
<feat xlink:href="#tok_133" value="DT"/><!-- The.... -->
<feat xlink:href="#tok_134" value="NN"/><!-- The.... -->
<feat xlink:href="#tok_135" value="IN"/><!-- The.... -->
<feat xlink:href="#tok_136" value="DT"/><!-- The.... -->
<feat xlink:href="#tok_137" value="NN"/><!-- The.... -->
<feat xlink:href="#tok_138" value="VBD"/><!-- The.... -->
<feat xlink:href="#tok_139" value="JJ"/><!-- The.... -->
<feat xlink:href="#tok_140" value="RB"/><!-- The.... -->
<feat xlink:href="#tok_141" value="RB"/><!-- The.... -->
<feat xlink:href="#tok_142" value="TO"/><!-- The.... -->
<feat xlink:href="#tok_143" value="VV"/><!-- The.... -->
<feat xlink:href="#tok_144" value="PP"/><!-- The.... -->
<feat xlink:href="#tok_145" value="TO"/><!-- The.... -->
<feat xlink:href="#tok_146" value="PP"/><!-- The.... -->
<feat xlink:href="#tok_147" value=","/><!-- The.... -->
<feat xlink:href="#tok_148" value="CC"/><!-- The.... -->
<feat xlink:href="#tok_149" value="RB"/><!-- The.... -->
<feat xlink:href="#tok_150" value="VVD"/><!-- The.... -->
<feat xlink:href="#tok_151" value="PP"/><!-- The.... -->
<feat xlink:href="#tok_152" value="CD"/><!-- The.... -->
<feat xlink:href="#tok_153" value="NNS"/><!-- The.... -->
<feat xlink:href="#tok_154" value="WDT"/><!-- The.... -->
<feat xlink:href="#tok_155" value="PP"/><!-- The.... -->
<feat xlink:href="#tok_156" value="RB"/><!-- The.... -->
<feat xlink:href="#tok_157" value="JJ"/><!-- The.... -->
<feat xlink:href="#tok_158" value="NN"/><!-- The.... -->
<feat xlink:href="#tok_159" value=":"/><!-- The.... -->
<feat xlink:href="#tok_160" value="``"/><!-- The.... -->
<feat xlink:href="#tok_161" value="NP"/><!-- The.... -->
<feat xlink:href="#tok_162" value="IN"/><!-- The.... -->
<feat xlink:href="#tok_163" value="NP"/><!-- The.... -->
<feat xlink:href="#tok_164" value="NPS"/><!-- The.... -->
<feat xlink:href="#tok_165" value="&apos;&apos;"/><!-- The.... -->
<feat xlink:href="#tok_166" value="CC"/><!-- The.... -->
<feat xlink:href="#tok_167" value="``"/><!-- The.... -->
<feat xlink:href="#tok_168" value="NP"/><!-- The.... -->
<feat xlink:href="#tok_169" value="IN"/><!-- The.... -->
<feat xlink:href="#tok_170" value="NP"/><!-- The.... -->
<feat xlink:href="#tok_171" value="NPS"/><!-- The.... -->
<feat xlink:href="#tok_172" value="&apos;&apos;"/><!-- The.... -->
<feat xlink:href="#tok_173" value="SENT"/><!-- The.... -->
<feat xlink:href="#tok_174" value="DT"/><!-- That.... -->
<feat xlink:href="#tok_175" value="VVD"/><!-- That.... -->
<feat xlink:href="#tok_176" value="PP"/><!-- That.... -->
<feat xlink:href="#tok_177" value="RP"/><!-- That.... -->
<feat xlink:href="#tok_178" value="IN"/><!-- That.... -->
<feat xlink:href="#tok_179" value="NNS"/><!-- That.... -->
<feat xlink:href="#tok_180" value="CC"/><!-- That.... -->
<feat xlink:href="#tok_181" value="PP"/><!-- That.... -->
<feat xlink:href="#tok_182" value="VHP"/><!-- That.... -->
<feat xlink:href="#tok_183" value="VVN"/><!-- That.... -->
<feat xlink:href="#tok_184" value="PDT"/><!-- That.... -->
<feat xlink:href="#tok_185" value="DT"/><!-- That.... -->
<feat xlink:href="#tok_186" value="JJ"/><!-- That.... -->
<feat xlink:href="#tok_187" value="IN"/><!-- That.... -->
<feat xlink:href="#tok_188" value="RB"/><!-- That.... -->
<feat xlink:href="#tok_189" value="SENT"/><!-- That.... -->
<feat xlink:href="#tok_190" value="PP$"/><!-- My.... -->
<feat xlink:href="#tok_191" value="JJ"/><!-- My.... -->
<feat xlink:href="#tok_192" value="NNS"/><!-- My.... -->
<feat xlink:href="#tok_193" value="IN"/><!-- My.... -->
<feat xlink:href="#tok_194" value="NN"/><!-- My.... -->
<feat xlink:href="#tok_195" value="VBP"/><!-- My.... -->
<feat xlink:href="#tok_196" value="NP"/><!-- My.... -->
<feat xlink:href="#tok_197" value="NP"/><!-- My.... -->
<feat xlink:href="#tok_198" value="CC"/><!-- My.... -->
<feat xlink:href="#tok_199" value="NP"/><!-- My.... -->
<feat xlink:href="#tok_200" value="NP"/><!-- My.... -->
<feat xlink:href="#tok_201" value="SENT"/><!-- My.... -->
<feat xlink:href="#tok_202" value="NP"/><!-- October.... -->
<feat xlink:href="#tok_203" value="VBZ"/><!-- October...? -->
<feat xlink:href="#tok_204" value="NP"/><!-- October...? -->
<feat xlink:href="#tok_205" value="NP"/><!-- October...? -->
<feat xlink:href="#tok_206" value="NP"/><!-- October...? -->
<feat xlink:href="#tok_207" value="IN"/><!-- October...? -->
<feat xlink:href="#tok_208" value="DT"/><!-- October...? -->
<feat xlink:href="#tok_209" value="NP"/><!-- October...? -->
<feat xlink:href="#tok_210" value="SENT"/><!-- October...? -->
<feat xlink:href="#tok_211" value="VV"/><!-- Do...? -->
<feat xlink:href="#tok_212" value="PP"/><!-- Do...? -->
<feat xlink:href="#tok_213" value="VVP"/><!-- Do...? -->
<feat xlink:href="#tok_214" value="NN"/><!-- Do...? -->
<feat xlink:href="#tok_215" value="VBZ"/><!-- Do...? -->
<feat xlink:href="#tok_216" value="JJ"/><!-- Do...? -->
<feat xlink:href="#tok_217" value="IN"/><!-- Do...? -->
<feat xlink:href="#tok_218" value="DT"/><!-- Do...? -->
<feat xlink:href="#tok_219" value="JJ"/><!-- Do...? -->
<feat xlink:href="#tok_220" value="NN"/><!-- Do...? -->
<feat xlink:href="#tok_221" value="IN"/><!-- Do...? -->
<feat xlink:href="#tok_222" value="NN"/><!-- Do...? -->
<feat xlink:href="#tok_223" value="NN"/><!-- Do...? -->
<feat xlink:href="#tok_224" value="SENT"/><!-- Do...? -->
<feat xlink:href="#tok_225" value="RB"/><!-- Absolutely.... -->
<feat xlink:href="#tok_226" value="SENT"/><!-- Absolutely.... -->
<feat xlink:href="#tok_227" value="EX"/><!-- There.... -->
<feat xlink:href="#tok_228" value="VBP"/><!-- There.... -->
<feat xlink:href="#tok_229" value="JJR"/><!-- There.... -->
<feat xlink:href="#tok_230" value="NNS"/><!-- There.... -->
<feat xlink:href="#tok_231" value="VVG"/><!-- There.... -->
<feat xlink:href="#tok_232" value="NN"/><!-- There.... -->
<feat xlink:href="#tok_233" value="IN"/><!-- There.... -->
<feat xlink:href="#tok_234" value="RB"/><!-- There.... -->
<feat xlink:href="#tok_235" value="RB"/><!-- There.... -->
<feat xlink:href="#tok_236" value="SENT"/><!-- There.... -->
<feat xlink:href="#tok_237" value="EX"/><!-- There.... -->
<feat xlink:href="#tok_238" value="MD"/><!-- There.... -->
<feat xlink:href="#tok_239" value="RB"/><!-- There.... -->
<feat xlink:href="#tok_240" value="VB"/><!-- There.... -->
<feat xlink:href="#tok_241" value="DT"/><!-- There.... -->
<feat xlink:href="#tok_242" value="NN"/><!-- There.... -->
<feat xlink:href="#tok_243" value="IN"/><!-- There.... -->
<feat xlink:href="#tok_244" value="JJ"/><!-- There.... -->
<feat xlink:href="#tok_245" value="NNS"/><!-- There.... -->
<feat xlink:href="#tok_246" value="VVG"/><!-- There.... -->
<feat xlink:href="#tok_247" value="JJ"/><!-- There.... -->
<feat xlink:href="#tok_248" value="NN"/><!-- There.... -->
<feat xlink:href="#tok_249" value="SENT"/><!-- There.... -->
<feat xlink:href="#tok_250" value="VHZ"/><!-- Has...? -->
<feat xlink:href="#tok_251" value="DT"/><!-- Has...? -->
<feat xlink:href="#tok_252" value="NN"/><!-- Has...? -->
<feat xlink:href="#tok_253" value="VVN"/><!-- Has...? -->
<feat xlink:href="#tok_254" value="CC"/><!-- Has...? -->
<feat xlink:href="#tok_255" value="VVN"/><!-- Has...? -->
<feat xlink:href="#tok_256" value="NN"/><!-- Has...? -->
<feat xlink:href="#tok_257" value="SENT"/><!-- Has...? -->
<feat xlink:href="#tok_258" value="DT"/><!-- Both.... -->
<feat xlink:href="#tok_259" value="SENT"/><!-- Both.... -->
<feat xlink:href="#tok_260" value="PP"/><!-- I.... -->
<feat xlink:href="#tok_261" value="VVP"/><!-- I.... -->
<feat xlink:href="#tok_262" value="PP"/><!-- I.... -->
<feat xlink:href="#tok_263" value="VHZ"/><!-- I.... -->
<feat xlink:href="#tok_264" value="VVN"/><!-- I.... -->
<feat xlink:href="#tok_265" value="VV"/><!-- I.... -->
<feat xlink:href="#tok_266" value="JJR"/><!-- I.... -->
<feat xlink:href="#tok_267" value="NNS"/><!-- I.... -->
<feat xlink:href="#tok_268" value="TO"/><!-- I.... -->
<feat xlink:href="#tok_269" value="JJ"/><!-- I.... -->
<feat xlink:href="#tok_270" value="IN"/><!-- I.... -->
<feat xlink:href="#tok_271" value="DT"/><!-- I.... -->
<feat xlink:href="#tok_272" value="NN"/><!-- I.... -->
<feat xlink:href="#tok_273" value=","/><!-- I.... -->
<feat xlink:href="#tok_274" value="CC"/><!-- I.... -->
<feat xlink:href="#tok_275" value="PP"/><!-- I.... -->
<feat xlink:href="#tok_276" value="VVP"/><!-- I.... -->
<feat xlink:href="#tok_277" value="PP"/><!-- I.... -->
<feat xlink:href="#tok_278" value="VHZ"/><!-- I.... -->
<feat xlink:href="#tok_279" value="VVN"/><!-- I.... -->
<feat xlink:href="#tok_280" value="DT"/><!-- I.... -->
<feat xlink:href="#tok_281" value="NN"/><!-- I.... -->
<feat xlink:href="#tok_282" value="IN"/><!-- I.... -->
<feat xlink:href="#tok_283" value="JJ"/><!-- I.... -->
<feat xlink:href="#tok_284" value="NNS"/><!-- I.... -->
<feat xlink:href="#tok_285" value="TO"/><!-- I.... -->
<feat xlink:href="#tok_286" value="VV"/><!-- I.... -->
<feat xlink:href="#tok_287" value="IN"/><!-- I.... -->
<feat xlink:href="#tok_288" value="RB"/><!-- I.... -->
<feat xlink:href="#tok_289" value="JJ"/><!-- I.... -->
<feat xlink:href="#tok_290" value="VVP"/><!-- I.... -->
<feat xlink:href="#tok_291" value="IN"/><!-- I.... -->
<feat xlink:href="#tok_292" value="DT"/><!-- I.... -->
<feat xlink:href="#tok_293" value="NN"/><!-- I.... -->
<feat xlink:href="#tok_294" value="IN"/><!-- I.... -->
<feat xlink:href="#tok_295" value="NN"/><!-- I.... -->
<feat xlink:href="#tok_296" value="CC"/><!-- I.... -->
<feat xlink:href="#tok_297" value="PP"/><!-- I.... -->
<feat xlink:href="#tok_298" value="VBP"/><!-- I.... -->
<feat xlink:href="#tok_299" value="RB"/><!-- I.... -->
<feat xlink:href="#tok_300" value="VVG"/><!-- I.... -->
<feat xlink:href="#tok_301" value="DT"/><!-- I.... -->
<feat xlink:href="#tok_302" value="NNS"/><!-- I.... -->
<feat xlink:href="#tok_303" value="SENT"/><!-- I.... -->
<feat xlink:href="#tok_304" value="PP"/><!-- We.... -->
<feat xlink:href="#tok_305" value="VHP"/><!-- We.... -->
<feat xlink:href="#tok_306" value="TO"/><!-- We.... -->
<feat xlink:href="#tok_307" value="VH"/><!-- We.... -->
<feat xlink:href="#tok_308" value="NN"/><!-- We.... -->
<feat xlink:href="#tok_309" value="IN"/><!-- We.... -->
<feat xlink:href="#tok_310" value="DT"/><!-- We.... -->
<feat xlink:href="#tok_311" value="NN"/><!-- We.... -->
<feat xlink:href="#tok_312" value="IN"/><!-- We.... -->
<feat xlink:href="#tok_313" value="JJ"/><!-- We.... -->
<feat xlink:href="#tok_314" value="CC"/><!-- We.... -->
<feat xlink:href="#tok_315" value="WP"/><!-- We.... -->
<feat xlink:href="#tok_316" value="VHZ"/><!-- We.... -->
<feat xlink:href="#tok_317" value="VBN"/><!-- We.... -->
<feat xlink:href="#tok_318" value="VVN"/><!-- We.... -->
<feat xlink:href="#tok_319" value="RB"/><!-- We.... -->
<feat xlink:href="#tok_320" value="SENT"/><!-- We.... -->
<feat xlink:href="#tok_321" value="RB"/><!-- Moreover.... -->
<feat xlink:href="#tok_322" value=","/><!-- Moreover.... -->
<feat xlink:href="#tok_323" value="VVG"/><!-- Moreover.... -->
<feat xlink:href="#tok_324" value="NN"/><!-- Moreover.... -->
<feat xlink:href="#tok_325" value="VV"/><!-- Moreover.... -->
<feat xlink:href="#tok_326" value="IN"/><!-- Moreover.... -->
<feat xlink:href="#tok_327" value="DT"/><!-- Moreover.... -->
<feat xlink:href="#tok_328" value="NN"/><!-- Moreover.... -->
<feat xlink:href="#tok_329" value="VVZ"/><!-- Moreover.... -->
<feat xlink:href="#tok_330" value="RP"/><!-- Moreover.... -->
<feat xlink:href="#tok_331" value="DT"/><!-- Moreover.... -->
<feat xlink:href="#tok_332" value="NN"/><!-- Moreover.... -->
<feat xlink:href="#tok_333" value="IN"/><!-- Moreover.... -->
<feat xlink:href="#tok_334" value="PP$"/><!-- Moreover.... -->
<feat xlink:href="#tok_335" value="NNS"/><!-- Moreover.... -->
<feat xlink:href="#tok_336" value=","/><!-- Moreover.... -->
<feat xlink:href="#tok_337" value="NN"/><!-- Moreover.... -->
<feat xlink:href="#tok_338" value="CC"/><!-- Moreover.... -->
<feat xlink:href="#tok_339" value="NN"/><!-- Moreover.... -->
<feat xlink:href="#tok_340" value="WDT"/><!-- Moreover.... -->
<feat xlink:href="#tok_341" value="VVG"/><!-- Moreover.... -->
<feat xlink:href="#tok_342" value="CC"/><!-- Moreover.... -->
<feat xlink:href="#tok_343" value="VVG"/><!-- Moreover.... -->
<feat xlink:href="#tok_344" value="IN"/><!-- Moreover.... -->
<feat xlink:href="#tok_345" value="NN"/><!-- Moreover.... -->
<feat xlink:href="#tok_346" value="MD"/><!-- Moreover.... -->
<feat xlink:href="#tok_347" value="VV"/><!-- Moreover.... -->
<feat xlink:href="#tok_348" value="SENT"/><!-- Moreover.... -->
<feat xlink:href="#tok_349" value="NN"/><!-- Anyone.... -->
<feat xlink:href="#tok_350" value="MD"/><!-- Anyone.... -->
<feat xlink:href="#tok_351" value="VV"/><!-- Anyone.... -->
<feat xlink:href="#tok_352" value="DT"/><!-- Anyone.... -->
<feat xlink:href="#tok_353" value="NN"/><!-- Anyone.... -->
<feat xlink:href="#tok_354" value=":"/><!-- Anyone.... -->
<feat xlink:href="#tok_355" value="PP"/><!-- Anyone.... -->
<feat xlink:href="#tok_356" value="VVZ"/><!-- Anyone.... -->
<feat xlink:href="#tok_357" value="JJ"/><!-- Anyone.... -->
<feat xlink:href="#tok_358" value="NN"/><!-- Anyone.... -->
<feat xlink:href="#tok_359" value="TO"/><!-- Anyone.... -->
<feat xlink:href="#tok_360" value="VV"/><!-- Anyone.... -->
<feat xlink:href="#tok_361" value="DT"/><!-- Anyone.... -->
<feat xlink:href="#tok_362" value="NN"/><!-- Anyone.... -->
<feat xlink:href="#tok_363" value="SENT"/><!-- Anyone.... -->
<feat xlink:href="#tok_364" value="VV"/><!-- Do...? -->
<feat xlink:href="#tok_365" value="PP"/><!-- Do...? -->
<feat xlink:href="#tok_366" value="VV"/><!-- Do...? -->
<feat xlink:href="#tok_367" value="RB"/><!-- Do...? -->
<feat xlink:href="#tok_368" value="IN"/><!-- Do...? -->
<feat xlink:href="#tok_369" value="PP$"/><!-- Do...? -->
<feat xlink:href="#tok_370" value="JJ"/><!-- Do...? -->
<feat xlink:href="#tok_371" value="NN"/><!-- Do...? -->
<feat xlink:href="#tok_372" value="SENT"/><!-- Do...? -->
<feat xlink:href="#tok_373" value="UH"/><!-- Yes.... -->
<feat xlink:href="#tok_374" value=","/><!-- Yes.... -->
<feat xlink:href="#tok_375" value="PP"/><!-- Yes.... -->
<feat xlink:href="#tok_376" value="VBP"/><!-- Yes.... -->
<feat xlink:href="#tok_377" value="VVG"/><!-- Yes.... -->
<feat xlink:href="#tok_378" value="PDT"/><!-- Yes.... -->
<feat xlink:href="#tok_379" value="DT"/><!-- Yes.... -->
<feat xlink:href="#tok_380" value="NN"/><!-- Yes.... -->
<feat xlink:href="#tok_381" value="SENT"/><!-- Yes.... -->
<feat xlink:href="#tok_382" value="IN"/><!-- After.... -->
<feat xlink:href="#tok_383" value="PP"/><!-- After.... -->
<feat xlink:href="#tok_384" value="VBD"/><!-- After.... -->
<feat xlink:href="#tok_385" value="VVN"/><!-- After.... -->
<feat xlink:href="#tok_386" value="IN"/><!-- After.... -->
<feat xlink:href="#tok_387" value="NP"/><!-- After.... -->
<feat xlink:href="#tok_388" value="NP"/><!-- After.... -->
<feat xlink:href="#tok_389" value="IN"/><!-- After.... -->
<feat xlink:href="#tok_390" value="NP"/><!-- After.... -->
<feat xlink:href="#tok_391" value="IN"/><!-- After.... -->
<feat xlink:href="#tok_392" value="NP"/><!-- After.... -->
<feat xlink:href="#tok_393" value=","/><!-- After.... -->
<feat xlink:href="#tok_394" value="PP"/><!-- After.... -->
<feat xlink:href="#tok_395" value="VHP"/><!-- After.... -->
<feat xlink:href="#tok_396" value="VBN"/><!-- After.... -->
<feat xlink:href="#tok_397" value="TO"/><!-- After.... -->
<feat xlink:href="#tok_398" value="DT"/><!-- After.... -->
<feat xlink:href="#tok_399" value="NP"/><!-- After.... -->
<feat xlink:href="#tok_400" value="NP"/><!-- After.... -->
<feat xlink:href="#tok_401" value="NP"/><!-- After.... -->
<feat xlink:href="#tok_402" value="IN"/><!-- After.... -->
<feat xlink:href="#tok_403" value="NP"/><!-- After.... -->
<feat xlink:href="#tok_404" value="NP"/><!-- After.... -->
<feat xlink:href="#tok_405" value=","/><!-- After.... -->
<feat xlink:href="#tok_406" value="NP"/><!-- After.... -->
<feat xlink:href="#tok_407" value=","/><!-- After.... -->
<feat xlink:href="#tok_408" value="NP"/><!-- After.... -->
<feat xlink:href="#tok_409" value="NP"/><!-- After.... -->
<feat xlink:href="#tok_410" value="IN"/><!-- After.... -->
<feat xlink:href="#tok_411" value="NP"/><!-- After.... -->
<feat xlink:href="#tok_412" value="NP"/><!-- After.... -->
<feat xlink:href="#tok_413" value=","/><!-- After.... -->
<feat xlink:href="#tok_414" value="DT"/><!-- After.... -->
<feat xlink:href="#tok_415" value="NP"/><!-- After.... -->
<feat xlink:href="#tok_416" value="NP"/><!-- After.... -->
<feat xlink:href="#tok_417" value="NP"/><!-- After.... -->
<feat xlink:href="#tok_418" value="IN"/><!-- After.... -->
<feat xlink:href="#tok_419" value="NP"/><!-- After.... -->
<feat xlink:href="#tok_420" value="NP"/><!-- After.... -->
<feat xlink:href="#tok_421" value=","/><!-- After.... -->
<feat xlink:href="#tok_422" value="DT"/><!-- After.... -->
<feat xlink:href="#tok_423" value="NP"/><!-- After.... -->
<feat xlink:href="#tok_424" value="IN"/><!-- After.... -->
<feat xlink:href="#tok_425" value="NP"/><!-- After.... -->
<feat xlink:href="#tok_426" value=","/><!-- After.... -->
<feat xlink:href="#tok_427" value="DT"/><!-- After.... -->
<feat xlink:href="#tok_428" value="NP"/><!-- After.... -->
<feat xlink:href="#tok_429" value="NP"/><!-- After.... -->
<feat xlink:href="#tok_430" value="NP"/><!-- After.... -->
<feat xlink:href="#tok_431" value="IN"/><!-- After.... -->
<feat xlink:href="#tok_432" value="NP"/><!-- After.... -->
<feat xlink:href="#tok_433" value=","/><!-- After.... -->
<feat xlink:href="#tok_434" value="NP"/><!-- After.... -->
<feat xlink:href="#tok_435" value="CC"/><!-- After.... -->
<feat xlink:href="#tok_436" value="DT"/><!-- After.... -->
<feat xlink:href="#tok_437" value="NP"/><!-- After.... -->
<feat xlink:href="#tok_438" value="NP"/><!-- After.... -->
<feat xlink:href="#tok_439" value="IN"/><!-- After.... -->
<feat xlink:href="#tok_440" value="NP"/><!-- After.... -->
<feat xlink:href="#tok_441" value="SENT"/><!-- After.... -->
<feat xlink:href="#tok_442" value="PP"/><!-- I.... -->
<feat xlink:href="#tok_443" value="VBP"/><!-- I.... -->
<feat xlink:href="#tok_444" value="VVG"/><!-- I.... -->
<feat xlink:href="#tok_445" value="TO"/><!-- I.... -->
<feat xlink:href="#tok_446" value="NP"/><!-- I.... -->
<feat xlink:href="#tok_447" value="NP"/><!-- I.... -->
<feat xlink:href="#tok_448" value="CC"/><!-- I.... -->
<feat xlink:href="#tok_449" value="NP"/><!-- I.... -->
<feat xlink:href="#tok_450" value="NP"/><!-- I.... -->
<feat xlink:href="#tok_451" value="JJ"/><!-- I.... -->
<feat xlink:href="#tok_452" value="NN"/><!-- next...month -->
<feat xlink:href="#tok_453" value=","/><!-- next...month -->
<feat xlink:href="#tok_454" value="NP"/><!-- next...month -->
<feat xlink:href="#tok_455" value="IN"/><!-- next...month -->
<feat xlink:href="#tok_456" value="NP"/><!-- in...November -->
<feat xlink:href="#tok_457" value=","/><!-- in...November -->
<feat xlink:href="#tok_458" value="RB"/><!-- in...November -->
<feat xlink:href="#tok_459" value="TO"/><!-- in...November -->
<feat xlink:href="#tok_460" value="NP"/><!-- in...November -->
<feat xlink:href="#tok_461" value="NP"/><!-- in...November -->
<feat xlink:href="#tok_462" value="IN"/><!-- in...November -->
<feat xlink:href="#tok_463" value="NP"/><!-- in...December -->
<feat xlink:href="#tok_464" value=","/><!-- in...December -->
<feat xlink:href="#tok_465" value="NP"/><!-- in...December -->
<feat xlink:href="#tok_466" value="IN"/><!-- in...December -->
<feat xlink:href="#tok_467" value="NP"/><!-- in...January -->
<feat xlink:href="#tok_468" value=","/><!-- in...January -->
<feat xlink:href="#tok_469" value="NP"/><!-- in...January -->
<feat xlink:href="#tok_470" value="IN"/><!-- in...January -->
<feat xlink:href="#tok_471" value="NP"/><!-- in...February -->
<feat xlink:href="#tok_472" value=","/><!-- in...February -->
<feat xlink:href="#tok_473" value="DT"/><!-- in...February -->
<feat xlink:href="#tok_474" value="NP"/><!-- in...February -->
<feat xlink:href="#tok_475" value="NP"/><!-- in...February -->
<feat xlink:href="#tok_476" value="IN"/><!-- in...February -->
<feat xlink:href="#tok_477" value="NP"/><!-- in...February -->
<feat xlink:href="#tok_478" value="IN"/><!-- in...February -->
<feat xlink:href="#tok_479" value="NP"/><!-- in...February -->
<feat xlink:href="#tok_480" value="IN"/><!-- in...February -->
<feat xlink:href="#tok_481" value="NP"/><!-- in...March -->
<feat xlink:href="#tok_482" value=","/><!-- in...March -->
<feat xlink:href="#tok_483" value="NP"/><!-- in...March -->
<feat xlink:href="#tok_484" value="NP"/><!-- in...March -->
<feat xlink:href="#tok_485" value="NP"/><!-- in...March -->
<feat xlink:href="#tok_486" value="IN"/><!-- in...March -->
<feat xlink:href="#tok_487" value="NP"/><!-- in...March -->
<feat xlink:href="#tok_488" value="IN"/><!-- in...March -->
<feat xlink:href="#tok_489" value="NP"/><!-- in...March -->
<feat xlink:href="#tok_490" value=","/><!-- in...March -->
<feat xlink:href="#tok_491" value="CC"/><!-- in...March -->
<feat xlink:href="#tok_492" value="DT"/><!-- in...March -->
<feat xlink:href="#tok_493" value="NP"/><!-- in...March -->
<feat xlink:href="#tok_494" value="IN"/><!-- in...March -->
<feat xlink:href="#tok_495" value="NP"/><!-- in...April -->
<feat xlink:href="#tok_496" value="SENT"/><!-- in...April -->
<feat xlink:href="#tok_497" value="DT"/><!-- That.... -->
<feat xlink:href="#tok_498" value="VBZ"/><!-- That.... -->
<feat xlink:href="#tok_499" value="IN"/><!-- That.... -->
<feat xlink:href="#tok_500" value="IN"/><!-- That.... -->
<feat xlink:href="#tok_501" value="RB"/><!-- That.... -->
<feat xlink:href="#tok_502" value="SENT"/><!-- That.... -->
<feat xlink:href="#tok_503" value="NN"/><!-- File.... -->
<feat xlink:href="#tok_504" value="NN"/><!-- File.... -->
<feat xlink:href="#tok_505" value="IN"/><!-- File.... -->
<feat xlink:href="#tok_506" value="NN"/><!-- File.... -->
<feat xlink:href="#tok_507" value="NP"/><!-- File.... -->
<feat xlink:href="#tok_508" value="NP"/><!-- File.... -->
<feat xlink:href="#tok_509" value="VVG"/><!-- File.... -->
<feat xlink:href="#tok_510" value="JJ"/><!-- File.... -->
<feat xlink:href="#tok_511" value="NNS"/><!-- File.... -->
<feat xlink:href="#tok_512" value="IN"/><!-- File.... -->
<feat xlink:href="#tok_513" value="DT"/><!-- File.... -->
<feat xlink:href="#tok_514" value="JJ"/><!-- File.... -->
<feat xlink:href="#tok_515" value="NN"/><!-- File.... -->
<feat xlink:href="#tok_516" value="SENT"/><!-- File.... -->
<feat xlink:href="#tok_517" value="NN"/><!-- Image.... -->
<feat xlink:href="#tok_518" value=":"/><!-- Image.... -->
<feat xlink:href="#tok_519" value="NP"/><!-- Image.... -->
<feat xlink:href="#tok_520" value="NP"/><!-- Image.... -->
<feat xlink:href="#tok_521" value="SENT"/><!-- Image.... -->
</featList>
</paula>
