<?xml version="1.0" encoding="UTF-8" standalone="no"?>

<!DOCTYPE paula SYSTEM "paula_feat.dtd">
<paula version="1.0">

<header paula_id="GUM.GUM_interview_brotherhood_claws5"/>

<featList xmlns:xlink="http://www.w3.org/1999/xlink" type="claws5" xml:base="GUM.GUM_interview_brotherhood.tok.xml">
<feat xlink:href="#tok_1" value="NP0"/><!-- Wikinews...Magicians -->
<feat xlink:href="#tok_2" value="NN2"/><!-- Wikinews...Magicians -->
<feat xlink:href="#tok_3" value="NN1"/><!-- Wikinews...Magicians -->
<feat xlink:href="#tok_4" value="PRF"/><!-- Wikinews...Magicians -->
<feat xlink:href="#tok_5" value="AT0"/><!-- Wikinews...Magicians -->
<feat xlink:href="#tok_6" value="AJ0"/><!-- Wikinews...Magicians -->
<feat xlink:href="#tok_7" value="NN1"/><!-- Wikinews...Magicians -->
<feat xlink:href="#tok_8" value="PRF"/><!-- Wikinews...Magicians -->
<feat xlink:href="#tok_9" value="NP0"/><!-- Wikinews...Magicians -->
<feat xlink:href="#tok_10" value="NP0"/><!-- Wednesday...2013 -->
<feat xlink:href="#tok_11" value="PUN"/><!-- Wednesday...2013 -->
<feat xlink:href="#tok_12" value="NP0"/><!-- Wednesday...2013 -->
<feat xlink:href="#tok_13" value="CRD"/><!-- Wednesday...2013 -->
<feat xlink:href="#tok_14" value="PUN"/><!-- Wednesday...2013 -->
<feat xlink:href="#tok_15" value="CRD"/><!-- Wednesday...2013 -->
<feat xlink:href="#tok_16" value="NP0"/><!-- October.... -->
<feat xlink:href="#tok_17" value="VBZ"/><!-- October.... -->
<feat xlink:href="#tok_18" value="AJ0"/><!-- October.... -->
<feat xlink:href="#tok_19" value="AJ0"/><!-- October.... -->
<feat xlink:href="#tok_20" value="NN1"/><!-- October.... -->
<feat xlink:href="#tok_21" value="PRP"/><!-- October.... -->
<feat xlink:href="#tok_22" value="AT0"/><!-- October.... -->
<feat xlink:href="#tok_23" value="NP0"/><!-- October.... -->
<feat xlink:href="#tok_24" value="NP0"/><!-- October.... -->
<feat xlink:href="#tok_25" value="PUN"/><!-- October.... -->
<feat xlink:href="#tok_26" value="NP0"/><!-- Wikinews -->
<feat xlink:href="#tok_27" value="VVD"/><!-- Wikinews -->
<feat xlink:href="#tok_28" value="PRP"/><!-- Wikinews -->
<feat xlink:href="#tok_29" value="NP0"/><!-- Wikinews -->
<feat xlink:href="#tok_30" value="NP0"/><!-- Wikinews -->
<feat xlink:href="#tok_31" value="PUN"/><!-- Wikinews -->
<feat xlink:href="#tok_32" value="NN1"/><!-- Wikinews -->
<feat xlink:href="#tok_33" value="PRF"/><!-- Wikinews -->
<feat xlink:href="#tok_34" value="AT0"/><!-- Wikinews -->
<feat xlink:href="#tok_35" value="AJ0"/><!-- Wikinews -->
<feat xlink:href="#tok_36" value="NN1"/><!-- Wikinews -->
<feat xlink:href="#tok_37" value="PRF"/><!-- Wikinews -->
<feat xlink:href="#tok_38" value="NN2"/><!-- Wikinews -->
<feat xlink:href="#tok_39" value="PUN"/><!-- Wikinews -->
<feat xlink:href="#tok_40" value="PRP"/><!-- Wikinews -->
<feat xlink:href="#tok_41" value="AT0"/><!-- Wikinews -->
<feat xlink:href="#tok_42" value="AJ0"/><!-- Wikinews -->
<feat xlink:href="#tok_43" value="NN1"/><!-- Wikinews -->
<feat xlink:href="#tok_44" value="PRF"/><!-- Wikinews -->
<feat xlink:href="#tok_45" value="AJ0"/><!-- Wikinews -->
<feat xlink:href="#tok_46" value="CJC"/><!-- Wikinews -->
<feat xlink:href="#tok_47" value="DTQ"/><!-- Wikinews -->
<feat xlink:href="#tok_48" value="DPS"/><!-- Wikinews -->
<feat xlink:href="#tok_49" value="NN1"/><!-- Wikinews -->
<feat xlink:href="#tok_50" value="VVZ"/><!-- Wikinews -->
<feat xlink:href="#tok_51" value="PRP"/><!-- Wikinews -->
<feat xlink:href="#tok_52" value="PRP"/><!-- Wikinews -->
<feat xlink:href="#tok_53" value="AT0"/><!-- Wikinews -->
<feat xlink:href="#tok_54" value="NN1"/><!-- Wikinews -->
<feat xlink:href="#tok_55" value="PRF"/><!-- Wikinews -->
<feat xlink:href="#tok_56" value="NN1"/><!-- Wikinews -->
<feat xlink:href="#tok_57" value="PUN"/><!-- Wikinews -->
<feat xlink:href="#tok_58" value="PRP"/><!-- For...? -->
<feat xlink:href="#tok_59" value="AVQ"/><!-- For...? -->
<feat xlink:href="#tok_60" value="AV0"/><!-- For...? -->
<feat xlink:href="#tok_61" value="VHB"/><!-- For...? -->
<feat xlink:href="#tok_62" value="PNP"/><!-- For...? -->
<feat xlink:href="#tok_63" value="VBN"/><!-- For...? -->
<feat xlink:href="#tok_64" value="VVN"/><!-- For...? -->
<feat xlink:href="#tok_65" value="PRP"/><!-- For...? -->
<feat xlink:href="#tok_66" value="VVG"/><!-- For...? -->
<feat xlink:href="#tok_67" value="UNC"/><!-- For...? -->
<feat xlink:href="#tok_68" value="VVG"/><!-- For...? -->
<feat xlink:href="#tok_69" value="AJ0"/><!-- For...? -->
<feat xlink:href="#tok_70" value="PUN"/><!-- For...? -->
<feat xlink:href="#tok_71" value="PRP"/><!-- Over.... -->
<feat xlink:href="#tok_72" value="CRD"/><!-- Over.... -->
<feat xlink:href="#tok_73" value="NN2"/><!-- Over.... -->
<feat xlink:href="#tok_74" value="PUN"/><!-- Over.... -->
<feat xlink:href="#tok_75" value="PNP"/><!-- I.... -->
<feat xlink:href="#tok_76" value="VBB"/><!-- I.... -->
<feat xlink:href="#tok_77" value="CRD"/><!-- I.... -->
<feat xlink:href="#tok_78" value="AV0"/><!-- I.... -->
<feat xlink:href="#tok_79" value="CJS"/><!-- I.... -->
<feat xlink:href="#tok_80" value="PNP"/><!-- I.... -->
<feat xlink:href="#tok_81" value="AV0"/><!-- I.... -->
<feat xlink:href="#tok_82" value="VVD"/><!-- I.... -->
<feat xlink:href="#tok_83" value="CJS"/><!-- I.... -->
<feat xlink:href="#tok_84" value="PNP"/><!-- I.... -->
<feat xlink:href="#tok_85" value="VBD"/><!-- I.... -->
<feat xlink:href="#tok_86" value="PRP"/><!-- I.... -->
<feat xlink:href="#tok_87" value="CRD"/><!-- I.... -->
<feat xlink:href="#tok_88" value="NN2"/><!-- I.... -->
<feat xlink:href="#tok_89" value="AJ0"/><!-- I.... -->
<feat xlink:href="#tok_90" value="AV0"/><!-- I.... -->
<feat xlink:href="#tok_91" value="CJS"/><!-- I.... -->
<feat xlink:href="#tok_92" value="PNP"/><!-- I.... -->
<feat xlink:href="#tok_93" value="VHD"/><!-- I.... -->
<feat xlink:href="#tok_94" value="VVN"/><!-- I.... -->
<feat xlink:href="#tok_95" value="CJC"/><!-- I.... -->
<feat xlink:href="#tok_96" value="VVN"/><!-- I.... -->
<feat xlink:href="#tok_97" value="PRP"/><!-- I.... -->
<feat xlink:href="#tok_98" value="DT0"/><!-- I.... -->
<feat xlink:href="#tok_99" value="AJ0"/><!-- I.... -->
<feat xlink:href="#tok_100" value="NN2"/><!-- I.... -->
<feat xlink:href="#tok_101" value="AT0"/><!-- I.... -->
<feat xlink:href="#tok_102" value="DT0"/><!-- I.... -->
<feat xlink:href="#tok_103" value="NN2"/><!-- I.... -->
<feat xlink:href="#tok_104" value="AV0"/><!-- I.... -->
<feat xlink:href="#tok_105" value="PUN"/><!-- I.... -->
<feat xlink:href="#tok_106" value="PNP"/><!-- I.... -->
<feat xlink:href="#tok_107" value="VVB"/><!-- I.... -->
<feat xlink:href="#tok_108" value="VVG"/><!-- I.... -->
<feat xlink:href="#tok_109" value="PRP"/><!-- I.... -->
<feat xlink:href="#tok_110" value="NP0"/><!-- I.... -->
<feat xlink:href="#tok_111" value="AJ0"/><!-- I.... -->
<feat xlink:href="#tok_112" value="CJC"/><!-- I.... -->
<feat xlink:href="#tok_113" value="VVG"/><!-- I.... -->
<feat xlink:href="#tok_114" value="CJT"/><!-- I.... -->
<feat xlink:href="#tok_115" value="AJ0"/><!-- I.... -->
<feat xlink:href="#tok_116" value="AJ0"/><!-- I.... -->
<feat xlink:href="#tok_117" value="NN1"/><!-- I.... -->
<feat xlink:href="#tok_118" value="PRP"/><!-- I.... -->
<feat xlink:href="#tok_119" value="AT0"/><!-- I.... -->
<feat xlink:href="#tok_120" value="NN2"/><!-- I.... -->
<feat xlink:href="#tok_121" value="PRP"/><!-- I.... -->
<feat xlink:href="#tok_122" value="PNP"/><!-- I.... -->
<feat xlink:href="#tok_123" value="CJC"/><!-- I.... -->
<feat xlink:href="#tok_124" value="PNP"/><!-- I.... -->
<feat xlink:href="#tok_125" value="VDD"/><!-- I.... -->
<feat xlink:href="#tok_126" value="XX0"/><!-- I.... -->
<feat xlink:href="#tok_127" value="AV0"/><!-- I.... -->
<feat xlink:href="#tok_128" value="VVI"/><!-- I.... -->
<feat xlink:href="#tok_129" value="DTQ"/><!-- I.... -->
<feat xlink:href="#tok_130" value="PNP"/><!-- I.... -->
<feat xlink:href="#tok_131" value="VDD"/><!-- I.... -->
<feat xlink:href="#tok_132" value="PUN"/><!-- I.... -->
<feat xlink:href="#tok_133" value="AT0"/><!-- The.... -->
<feat xlink:href="#tok_134" value="NN1"/><!-- The.... -->
<feat xlink:href="#tok_135" value="PRP"/><!-- The.... -->
<feat xlink:href="#tok_136" value="AT0"/><!-- The.... -->
<feat xlink:href="#tok_137" value="NN1"/><!-- The.... -->
<feat xlink:href="#tok_138" value="VBD"/><!-- The.... -->
<feat xlink:href="#tok_139" value="AJ0"/><!-- The.... -->
<feat xlink:href="#tok_140" value="AV0"/><!-- The.... -->
<feat xlink:href="#tok_141" value="XX0"/><!-- The.... -->
<feat xlink:href="#tok_142" value="TO0"/><!-- The.... -->
<feat xlink:href="#tok_143" value="VVI"/><!-- The.... -->
<feat xlink:href="#tok_144" value="PNP"/><!-- The.... -->
<feat xlink:href="#tok_145" value="PRP"/><!-- The.... -->
<feat xlink:href="#tok_146" value="PNP"/><!-- The.... -->
<feat xlink:href="#tok_147" value="PUN"/><!-- The.... -->
<feat xlink:href="#tok_148" value="CJC"/><!-- The.... -->
<feat xlink:href="#tok_149" value="AV0"/><!-- The.... -->
<feat xlink:href="#tok_150" value="VVN"/><!-- The.... -->
<feat xlink:href="#tok_151" value="PNP"/><!-- The.... -->
<feat xlink:href="#tok_152" value="CRD"/><!-- The.... -->
<feat xlink:href="#tok_153" value="NN2"/><!-- The.... -->
<feat xlink:href="#tok_154" value="DTQ"/><!-- The.... -->
<feat xlink:href="#tok_155" value="PNP"/><!-- The.... -->
<feat xlink:href="#tok_156" value="AV0"/><!-- The.... -->
<feat xlink:href="#tok_157" value="DT0"/><!-- The.... -->
<feat xlink:href="#tok_158" value="AV0"/><!-- The.... -->
<feat xlink:href="#tok_159" value="PUN"/><!-- The.... -->
<feat xlink:href="#tok_160" value="NP0"/><!-- The.... -->
<feat xlink:href="#tok_161" value="NP0"/><!-- The.... -->
<feat xlink:href="#tok_162" value="PRP"/><!-- The.... -->
<feat xlink:href="#tok_163" value="NN1"/><!-- The.... -->
<feat xlink:href="#tok_164" value="NP0"/><!-- The.... -->
<feat xlink:href="#tok_165" value="NP0"/><!-- The.... -->
<feat xlink:href="#tok_166" value="CJC"/><!-- The.... -->
<feat xlink:href="#tok_167" value="NP0"/><!-- The.... -->
<feat xlink:href="#tok_168" value="NP0"/><!-- The.... -->
<feat xlink:href="#tok_169" value="PRP"/><!-- The.... -->
<feat xlink:href="#tok_170" value="AJ0"/><!-- The.... -->
<feat xlink:href="#tok_171" value="NP0"/><!-- The.... -->
<feat xlink:href="#tok_172" value="NP0"/><!-- The.... -->
<feat xlink:href="#tok_173" value="PUN"/><!-- The.... -->
<feat xlink:href="#tok_174" value="DT0"/><!-- That.... -->
<feat xlink:href="#tok_175" value="VVD"/><!-- That.... -->
<feat xlink:href="#tok_176" value="PNP"/><!-- That.... -->
<feat xlink:href="#tok_177" value="AVP"/><!-- That.... -->
<feat xlink:href="#tok_178" value="PRP"/><!-- That.... -->
<feat xlink:href="#tok_179" value="NN2"/><!-- That.... -->
<feat xlink:href="#tok_180" value="CJC"/><!-- That.... -->
<feat xlink:href="#tok_181" value="PNP"/><!-- That.... -->
<feat xlink:href="#tok_182" value="VHB"/><!-- That.... -->
<feat xlink:href="#tok_183" value="VVN"/><!-- That.... -->
<feat xlink:href="#tok_184" value="AV0"/><!-- That.... -->
<feat xlink:href="#tok_185" value="AT0"/><!-- That.... -->
<feat xlink:href="#tok_186" value="DT0"/><!-- That.... -->
<feat xlink:href="#tok_187" value="CJS"/><!-- That.... -->
<feat xlink:href="#tok_188" value="AV0"/><!-- That.... -->
<feat xlink:href="#tok_189" value="PUN"/><!-- That.... -->
<feat xlink:href="#tok_190" value="DPS"/><!-- My.... -->
<feat xlink:href="#tok_191" value="AJ0"/><!-- My.... -->
<feat xlink:href="#tok_192" value="NN2"/><!-- My.... -->
<feat xlink:href="#tok_193" value="PRP"/><!-- My.... -->
<feat xlink:href="#tok_194" value="NN1"/><!-- My.... -->
<feat xlink:href="#tok_195" value="VBB"/><!-- My.... -->
<feat xlink:href="#tok_196" value="NP0"/><!-- My.... -->
<feat xlink:href="#tok_197" value="NP0"/><!-- My.... -->
<feat xlink:href="#tok_198" value="CJC"/><!-- My.... -->
<feat xlink:href="#tok_199" value="NP0"/><!-- My.... -->
<feat xlink:href="#tok_200" value="NP0"/><!-- My.... -->
<feat xlink:href="#tok_201" value="PUN"/><!-- My.... -->
<feat xlink:href="#tok_202" value="NP0"/><!-- October...? -->
<feat xlink:href="#tok_203" value="VBZ"/><!-- October...? -->
<feat xlink:href="#tok_204" value="AJ0"/><!-- October...? -->
<feat xlink:href="#tok_205" value="AJ0"/><!-- October...? -->
<feat xlink:href="#tok_206" value="NN1"/><!-- October...? -->
<feat xlink:href="#tok_207" value="PRP"/><!-- October...? -->
<feat xlink:href="#tok_208" value="AT0"/><!-- October...? -->
<feat xlink:href="#tok_209" value="NP0"/><!-- October...? -->
<feat xlink:href="#tok_210" value="PUN"/><!-- October...? -->
<feat xlink:href="#tok_211" value="VDB"/><!-- Do...? -->
<feat xlink:href="#tok_212" value="PNP"/><!-- Do...? -->
<feat xlink:href="#tok_213" value="VVI"/><!-- Do...? -->
<feat xlink:href="#tok_214" value="NN1"/><!-- Do...? -->
<feat xlink:href="#tok_215" value="VBZ"/><!-- Do...? -->
<feat xlink:href="#tok_216" value="AJ0"/><!-- Do...? -->
<feat xlink:href="#tok_217" value="PRP"/><!-- Do...? -->
<feat xlink:href="#tok_218" value="AT0"/><!-- Do...? -->
<feat xlink:href="#tok_219" value="AJ0"/><!-- Do...? -->
<feat xlink:href="#tok_220" value="NN1"/><!-- Do...? -->
<feat xlink:href="#tok_221" value="PRF"/><!-- Do...? -->
<feat xlink:href="#tok_222" value="NN1"/><!-- Do...? -->
<feat xlink:href="#tok_223" value="AV0"/><!-- Do...? -->
<feat xlink:href="#tok_224" value="PUN"/><!-- Do...? -->
<feat xlink:href="#tok_225" value="AV0"/><!-- Absolutely.... -->
<feat xlink:href="#tok_226" value="PUN"/><!-- Absolutely.... -->
<feat xlink:href="#tok_227" value="EX0"/><!-- There.... -->
<feat xlink:href="#tok_228" value="VBB"/><!-- There.... -->
<feat xlink:href="#tok_229" value="DT0"/><!-- There.... -->
<feat xlink:href="#tok_230" value="NN2"/><!-- There.... -->
<feat xlink:href="#tok_231" value="VVG"/><!-- There.... -->
<feat xlink:href="#tok_232" value="AV0"/><!-- There.... -->
<feat xlink:href="#tok_233" value="CJS"/><!-- There.... -->
<feat xlink:href="#tok_234" value="AV0"/><!-- There.... -->
<feat xlink:href="#tok_235" value="AV0"/><!-- There.... -->
<feat xlink:href="#tok_236" value="PUN"/><!-- There.... -->
<feat xlink:href="#tok_237" value="EX0"/><!-- There.... -->
<feat xlink:href="#tok_238" value="VM0"/><!-- There.... -->
<feat xlink:href="#tok_239" value="AV0"/><!-- There.... -->
<feat xlink:href="#tok_240" value="VBI"/><!-- There.... -->
<feat xlink:href="#tok_241" value="AT0"/><!-- There.... -->
<feat xlink:href="#tok_242" value="NN1"/><!-- There.... -->
<feat xlink:href="#tok_243" value="PRP"/><!-- There.... -->
<feat xlink:href="#tok_244" value="AJ0"/><!-- There.... -->
<feat xlink:href="#tok_245" value="NN2"/><!-- There.... -->
<feat xlink:href="#tok_246" value="VDG"/><!-- There.... -->
<feat xlink:href="#tok_247" value="AJ0"/><!-- There.... -->
<feat xlink:href="#tok_248" value="NN1"/><!-- There.... -->
<feat xlink:href="#tok_249" value="PUN"/><!-- There.... -->
<feat xlink:href="#tok_250" value="VHZ"/><!-- Has...? -->
<feat xlink:href="#tok_251" value="AT0"/><!-- Has...? -->
<feat xlink:href="#tok_252" value="NN1"/><!-- Has...? -->
<feat xlink:href="#tok_253" value="VVD"/><!-- Has...? -->
<feat xlink:href="#tok_254" value="CJC"/><!-- Has...? -->
<feat xlink:href="#tok_255" value="VVD"/><!-- Has...? -->
<feat xlink:href="#tok_256" value="AJ0"/><!-- Has...? -->
<feat xlink:href="#tok_257" value="PUN"/><!-- Has...? -->
<feat xlink:href="#tok_258" value="AV0"/><!-- Both.... -->
<feat xlink:href="#tok_259" value="PUN"/><!-- Both.... -->
<feat xlink:href="#tok_260" value="PNP"/><!-- I.... -->
<feat xlink:href="#tok_261" value="VVB"/><!-- I.... -->
<feat xlink:href="#tok_262" value="PNP"/><!-- I.... -->
<feat xlink:href="#tok_263" value="VHZ"/><!-- I.... -->
<feat xlink:href="#tok_264" value="VVN"/><!-- I.... -->
<feat xlink:href="#tok_265" value="VVB"/><!-- I.... -->
<feat xlink:href="#tok_266" value="AJC"/><!-- I.... -->
<feat xlink:href="#tok_267" value="NN0"/><!-- I.... -->
<feat xlink:href="#tok_268" value="PRP"/><!-- I.... -->
<feat xlink:href="#tok_269" value="NN1"/><!-- I.... -->
<feat xlink:href="#tok_270" value="PRP"/><!-- I.... -->
<feat xlink:href="#tok_271" value="AT0"/><!-- I.... -->
<feat xlink:href="#tok_272" value="NN1"/><!-- I.... -->
<feat xlink:href="#tok_273" value="PUN"/><!-- I.... -->
<feat xlink:href="#tok_274" value="CJC"/><!-- I.... -->
<feat xlink:href="#tok_275" value="PNP"/><!-- I.... -->
<feat xlink:href="#tok_276" value="VVB"/><!-- I.... -->
<feat xlink:href="#tok_277" value="PNP"/><!-- I.... -->
<feat xlink:href="#tok_278" value="VHZ"/><!-- I.... -->
<feat xlink:href="#tok_279" value="VVN"/><!-- I.... -->
<feat xlink:href="#tok_280" value="AT0"/><!-- I.... -->
<feat xlink:href="#tok_281" value="NN1"/><!-- I.... -->
<feat xlink:href="#tok_282" value="PRF"/><!-- I.... -->
<feat xlink:href="#tok_283" value="AJ0"/><!-- I.... -->
<feat xlink:href="#tok_284" value="NN2"/><!-- I.... -->
<feat xlink:href="#tok_285" value="TO0"/><!-- I.... -->
<feat xlink:href="#tok_286" value="VVI"/><!-- I.... -->
<feat xlink:href="#tok_287" value="CJS"/><!-- I.... -->
<feat xlink:href="#tok_288" value="AV0"/><!-- I.... -->
<feat xlink:href="#tok_289" value="DT0"/><!-- I.... -->
<feat xlink:href="#tok_290" value="VVB"/><!-- I.... -->
<feat xlink:href="#tok_291" value="PRP"/><!-- I.... -->
<feat xlink:href="#tok_292" value="AT0"/><!-- I.... -->
<feat xlink:href="#tok_293" value="NN1"/><!-- I.... -->
<feat xlink:href="#tok_294" value="PRP"/><!-- I.... -->
<feat xlink:href="#tok_295" value="PNI"/><!-- I.... -->
<feat xlink:href="#tok_296" value="CJC"/><!-- I.... -->
<feat xlink:href="#tok_297" value="PNP"/><!-- I.... -->
<feat xlink:href="#tok_298" value="VBB"/><!-- I.... -->
<feat xlink:href="#tok_299" value="XX0"/><!-- I.... -->
<feat xlink:href="#tok_300" value="VVG"/><!-- I.... -->
<feat xlink:href="#tok_301" value="AT0"/><!-- I.... -->
<feat xlink:href="#tok_302" value="NN2"/><!-- I.... -->
<feat xlink:href="#tok_303" value="PUN"/><!-- I.... -->
<feat xlink:href="#tok_304" value="PNP"/><!-- We.... -->
<feat xlink:href="#tok_305" value="VHB"/><!-- We.... -->
<feat xlink:href="#tok_306" value="TO0"/><!-- We.... -->
<feat xlink:href="#tok_307" value="VHI"/><!-- We.... -->
<feat xlink:href="#tok_308" value="NN1"/><!-- We.... -->
<feat xlink:href="#tok_309" value="PRF"/><!-- We.... -->
<feat xlink:href="#tok_310" value="AT0"/><!-- We.... -->
<feat xlink:href="#tok_311" value="NN1"/><!-- We.... -->
<feat xlink:href="#tok_312" value="PRF"/><!-- We.... -->
<feat xlink:href="#tok_313" value="AJ0"/><!-- We.... -->
<feat xlink:href="#tok_314" value="CJC"/><!-- We.... -->
<feat xlink:href="#tok_315" value="DTQ"/><!-- We.... -->
<feat xlink:href="#tok_316" value="VHZ"/><!-- We.... -->
<feat xlink:href="#tok_317" value="VBN"/><!-- We.... -->
<feat xlink:href="#tok_318" value="VDN"/><!-- We.... -->
<feat xlink:href="#tok_319" value="AV0"/><!-- We.... -->
<feat xlink:href="#tok_320" value="PUN"/><!-- We.... -->
<feat xlink:href="#tok_321" value="AV0"/><!-- Moreover.... -->
<feat xlink:href="#tok_322" value="PUN"/><!-- Moreover.... -->
<feat xlink:href="#tok_323" value="VVG"/><!-- Moreover.... -->
<feat xlink:href="#tok_324" value="PNI"/><!-- Moreover.... -->
<feat xlink:href="#tok_325" value="VVI"/><!-- Moreover.... -->
<feat xlink:href="#tok_326" value="PRP"/><!-- Moreover.... -->
<feat xlink:href="#tok_327" value="AT0"/><!-- Moreover.... -->
<feat xlink:href="#tok_328" value="NN1"/><!-- Moreover.... -->
<feat xlink:href="#tok_329" value="VVZ"/><!-- Moreover.... -->
<feat xlink:href="#tok_330" value="PRP"/><!-- Moreover.... -->
<feat xlink:href="#tok_331" value="AT0"/><!-- Moreover.... -->
<feat xlink:href="#tok_332" value="NN1"/><!-- Moreover.... -->
<feat xlink:href="#tok_333" value="PRF"/><!-- Moreover.... -->
<feat xlink:href="#tok_334" value="DPS"/><!-- Moreover.... -->
<feat xlink:href="#tok_335" value="NN2"/><!-- Moreover.... -->
<feat xlink:href="#tok_336" value="PUN"/><!-- Moreover.... -->
<feat xlink:href="#tok_337" value="NN1"/><!-- Moreover.... -->
<feat xlink:href="#tok_338" value="CJC"/><!-- Moreover.... -->
<feat xlink:href="#tok_339" value="NN1"/><!-- Moreover.... -->
<feat xlink:href="#tok_340" value="CJT"/><!-- Moreover.... -->
<feat xlink:href="#tok_341" value="VVG"/><!-- Moreover.... -->
<feat xlink:href="#tok_342" value="CJC"/><!-- Moreover.... -->
<feat xlink:href="#tok_343" value="VVG"/><!-- Moreover.... -->
<feat xlink:href="#tok_344" value="PRP"/><!-- Moreover.... -->
<feat xlink:href="#tok_345" value="NN1"/><!-- Moreover.... -->
<feat xlink:href="#tok_346" value="VM0"/><!-- Moreover.... -->
<feat xlink:href="#tok_347" value="VVI"/><!-- Moreover.... -->
<feat xlink:href="#tok_348" value="PUN"/><!-- Moreover.... -->
<feat xlink:href="#tok_349" value="PNI"/><!-- Anyone.... -->
<feat xlink:href="#tok_350" value="VM0"/><!-- Anyone.... -->
<feat xlink:href="#tok_351" value="VVI"/><!-- Anyone.... -->
<feat xlink:href="#tok_352" value="AT0"/><!-- Anyone.... -->
<feat xlink:href="#tok_353" value="NN1"/><!-- Anyone.... -->
<feat xlink:href="#tok_354" value="PUN"/><!-- Anyone.... -->
<feat xlink:href="#tok_355" value="PNP"/><!-- Anyone.... -->
<feat xlink:href="#tok_356" value="VVZ"/><!-- Anyone.... -->
<feat xlink:href="#tok_357" value="AJ0"/><!-- Anyone.... -->
<feat xlink:href="#tok_358" value="NN1"/><!-- Anyone.... -->
<feat xlink:href="#tok_359" value="TO0"/><!-- Anyone.... -->
<feat xlink:href="#tok_360" value="VVI"/><!-- Anyone.... -->
<feat xlink:href="#tok_361" value="AT0"/><!-- Anyone.... -->
<feat xlink:href="#tok_362" value="NN1"/><!-- Anyone.... -->
<feat xlink:href="#tok_363" value="PUN"/><!-- Anyone.... -->
<feat xlink:href="#tok_364" value="VDB"/><!-- Do...? -->
<feat xlink:href="#tok_365" value="PNP"/><!-- Do...? -->
<feat xlink:href="#tok_366" value="VVI"/><!-- Do...? -->
<feat xlink:href="#tok_367" value="AV0"/><!-- Do...? -->
<feat xlink:href="#tok_368" value="PRP"/><!-- Do...? -->
<feat xlink:href="#tok_369" value="DPS"/><!-- Do...? -->
<feat xlink:href="#tok_370" value="AJ0"/><!-- Do...? -->
<feat xlink:href="#tok_371" value="NN1"/><!-- Do...? -->
<feat xlink:href="#tok_372" value="PUN"/><!-- Do...? -->
<feat xlink:href="#tok_373" value="ITJ"/><!-- Yes.... -->
<feat xlink:href="#tok_374" value="PUN"/><!-- Yes.... -->
<feat xlink:href="#tok_375" value="PNP"/><!-- Yes.... -->
<feat xlink:href="#tok_376" value="VBB"/><!-- Yes.... -->
<feat xlink:href="#tok_377" value="VVG"/><!-- Yes.... -->
<feat xlink:href="#tok_378" value="AV0"/><!-- Yes.... -->
<feat xlink:href="#tok_379" value="AT0"/><!-- Yes.... -->
<feat xlink:href="#tok_380" value="NN1"/><!-- Yes.... -->
<feat xlink:href="#tok_381" value="PUN"/><!-- Yes.... -->
<feat xlink:href="#tok_382" value="CJS"/><!-- After.... -->
<feat xlink:href="#tok_383" value="PNP"/><!-- After.... -->
<feat xlink:href="#tok_384" value="VBD"/><!-- After.... -->
<feat xlink:href="#tok_385" value="VVN"/><!-- After.... -->
<feat xlink:href="#tok_386" value="PRP"/><!-- After.... -->
<feat xlink:href="#tok_387" value="AJ0"/><!-- After.... -->
<feat xlink:href="#tok_388" value="NN1"/><!-- After.... -->
<feat xlink:href="#tok_389" value="PRP"/><!-- After.... -->
<feat xlink:href="#tok_390" value="NP0"/><!-- After.... -->
<feat xlink:href="#tok_391" value="PRP"/><!-- After.... -->
<feat xlink:href="#tok_392" value="NP0"/><!-- After.... -->
<feat xlink:href="#tok_393" value="PUN"/><!-- After.... -->
<feat xlink:href="#tok_394" value="PNP"/><!-- After.... -->
<feat xlink:href="#tok_395" value="VHB"/><!-- After.... -->
<feat xlink:href="#tok_396" value="VBN"/><!-- After.... -->
<feat xlink:href="#tok_397" value="PRP"/><!-- After.... -->
<feat xlink:href="#tok_398" value="AT0"/><!-- After.... -->
<feat xlink:href="#tok_399" value="NP0"/><!-- After.... -->
<feat xlink:href="#tok_400" value="NP0"/><!-- After.... -->
<feat xlink:href="#tok_401" value="NN1"/><!-- After.... -->
<feat xlink:href="#tok_402" value="PRP"/><!-- After.... -->
<feat xlink:href="#tok_403" value="ITJ"/><!-- After.... -->
<feat xlink:href="#tok_404" value="NN2"/><!-- After.... -->
<feat xlink:href="#tok_405" value="PUN"/><!-- After.... -->
<feat xlink:href="#tok_406" value="NP0"/><!-- After.... -->
<feat xlink:href="#tok_407" value="PUN"/><!-- After.... -->
<feat xlink:href="#tok_408" value="AJ0"/><!-- After.... -->
<feat xlink:href="#tok_409" value="AJ0"/><!-- After.... -->
<feat xlink:href="#tok_410" value="PRP"/><!-- After.... -->
<feat xlink:href="#tok_411" value="NP0"/><!-- After.... -->
<feat xlink:href="#tok_412" value="NP0"/><!-- After.... -->
<feat xlink:href="#tok_413" value="PUN"/><!-- After.... -->
<feat xlink:href="#tok_414" value="AT0"/><!-- After.... -->
<feat xlink:href="#tok_415" value="NP0"/><!-- After.... -->
<feat xlink:href="#tok_416" value="AJ0"/><!-- After.... -->
<feat xlink:href="#tok_417" value="NN1"/><!-- After.... -->
<feat xlink:href="#tok_418" value="PRP"/><!-- After.... -->
<feat xlink:href="#tok_419" value="NP0"/><!-- After.... -->
<feat xlink:href="#tok_420" value="NP0"/><!-- After.... -->
<feat xlink:href="#tok_421" value="PUN"/><!-- After.... -->
<feat xlink:href="#tok_422" value="AT0"/><!-- After.... -->
<feat xlink:href="#tok_423" value="NN1"/><!-- After.... -->
<feat xlink:href="#tok_424" value="PRP"/><!-- After.... -->
<feat xlink:href="#tok_425" value="NP0"/><!-- After.... -->
<feat xlink:href="#tok_426" value="PUN"/><!-- After.... -->
<feat xlink:href="#tok_427" value="AT0"/><!-- After.... -->
<feat xlink:href="#tok_428" value="AJ0"/><!-- After.... -->
<feat xlink:href="#tok_429" value="NN1"/><!-- After.... -->
<feat xlink:href="#tok_430" value="NN1"/><!-- After.... -->
<feat xlink:href="#tok_431" value="PRP"/><!-- After.... -->
<feat xlink:href="#tok_432" value="NP0"/><!-- After.... -->
<feat xlink:href="#tok_433" value="PUN"/><!-- After.... -->
<feat xlink:href="#tok_434" value="NP0"/><!-- After.... -->
<feat xlink:href="#tok_435" value="CJC"/><!-- After.... -->
<feat xlink:href="#tok_436" value="AT0"/><!-- After.... -->
<feat xlink:href="#tok_437" value="AJ0"/><!-- After.... -->
<feat xlink:href="#tok_438" value="NN1"/><!-- After.... -->
<feat xlink:href="#tok_439" value="PRP"/><!-- After.... -->
<feat xlink:href="#tok_440" value="NP0"/><!-- After.... -->
<feat xlink:href="#tok_441" value="PUN"/><!-- After.... -->
<feat xlink:href="#tok_442" value="PNP"/><!-- I.... -->
<feat xlink:href="#tok_443" value="VBB"/><!-- I.... -->
<feat xlink:href="#tok_444" value="VVG"/><!-- I.... -->
<feat xlink:href="#tok_445" value="PRP"/><!-- I.... -->
<feat xlink:href="#tok_446" value="NP0"/><!-- I.... -->
<feat xlink:href="#tok_447" value="NP0"/><!-- I.... -->
<feat xlink:href="#tok_448" value="CJC"/><!-- I.... -->
<feat xlink:href="#tok_449" value="NP0"/><!-- I.... -->
<feat xlink:href="#tok_450" value="NP0"/><!-- I.... -->
<feat xlink:href="#tok_451" value="ORD"/><!-- next...month -->
<feat xlink:href="#tok_452" value="NN1"/><!-- next...month -->
<feat xlink:href="#tok_453" value="PUN"/><!-- next...month -->
<feat xlink:href="#tok_454" value="NP0"/><!-- next...month -->
<feat xlink:href="#tok_455" value="PRP"/><!-- in...November -->
<feat xlink:href="#tok_456" value="NP0"/><!-- in...November -->
<feat xlink:href="#tok_457" value="PUN"/><!-- in...November -->
<feat xlink:href="#tok_458" value="AVP"/><!-- in...November -->
<feat xlink:href="#tok_459" value="PRP"/><!-- in...November -->
<feat xlink:href="#tok_460" value="NP0"/><!-- in...November -->
<feat xlink:href="#tok_461" value="NP0"/><!-- in...November -->
<feat xlink:href="#tok_462" value="PRP"/><!-- in...December -->
<feat xlink:href="#tok_463" value="NP0"/><!-- in...December -->
<feat xlink:href="#tok_464" value="PUN"/><!-- in...December -->
<feat xlink:href="#tok_465" value="NP0"/><!-- in...December -->
<feat xlink:href="#tok_466" value="PRP"/><!-- in...January -->
<feat xlink:href="#tok_467" value="NP0"/><!-- in...January -->
<feat xlink:href="#tok_468" value="PUN"/><!-- in...January -->
<feat xlink:href="#tok_469" value="NP0"/><!-- in...January -->
<feat xlink:href="#tok_470" value="PRP"/><!-- in...February -->
<feat xlink:href="#tok_471" value="NP0"/><!-- in...February -->
<feat xlink:href="#tok_472" value="PUN"/><!-- in...February -->
<feat xlink:href="#tok_473" value="AT0"/><!-- in...February -->
<feat xlink:href="#tok_474" value="NN1"/><!-- in...February -->
<feat xlink:href="#tok_475" value="NN1"/><!-- in...February -->
<feat xlink:href="#tok_476" value="PRF"/><!-- in...February -->
<feat xlink:href="#tok_477" value="AJ0"/><!-- in...February -->
<feat xlink:href="#tok_478" value="PRP"/><!-- in...February -->
<feat xlink:href="#tok_479" value="NP0"/><!-- in...February -->
<feat xlink:href="#tok_480" value="PRP"/><!-- in...March -->
<feat xlink:href="#tok_481" value="NP0"/><!-- in...March -->
<feat xlink:href="#tok_482" value="PUN"/><!-- in...March -->
<feat xlink:href="#tok_483" value="ITJ"/><!-- in...March -->
<feat xlink:href="#tok_484" value="NN2"/><!-- in...March -->
<feat xlink:href="#tok_485" value="NN1"/><!-- in...March -->
<feat xlink:href="#tok_486" value="PRF"/><!-- in...March -->
<feat xlink:href="#tok_487" value="AJ0"/><!-- in...March -->
<feat xlink:href="#tok_488" value="PRP"/><!-- in...March -->
<feat xlink:href="#tok_489" value="NP0"/><!-- in...March -->
<feat xlink:href="#tok_490" value="PUN"/><!-- in...March -->
<feat xlink:href="#tok_491" value="CJC"/><!-- in...March -->
<feat xlink:href="#tok_492" value="AT0"/><!-- in...March -->
<feat xlink:href="#tok_493" value="NN1"/><!-- in...March -->
<feat xlink:href="#tok_494" value="PRP"/><!-- in...April -->
<feat xlink:href="#tok_495" value="NP0"/><!-- in...April -->
<feat xlink:href="#tok_496" value="PUN"/><!-- in...April -->
<feat xlink:href="#tok_497" value="CJT"/><!-- That.... -->
<feat xlink:href="#tok_498" value="ZZ0"/><!-- That.... -->
<feat xlink:href="#tok_499" value="AV0"/><!-- That.... -->
<feat xlink:href="#tok_500" value="PRF"/><!-- That.... -->
<feat xlink:href="#tok_501" value="AV0"/><!-- That.... -->
<feat xlink:href="#tok_502" value="PUN"/><!-- That.... -->
<feat xlink:href="#tok_503" value="NN1"/><!-- File.... -->
<feat xlink:href="#tok_504" value="NN1"/><!-- File.... -->
<feat xlink:href="#tok_505" value="PRF"/><!-- File.... -->
<feat xlink:href="#tok_506" value="NN1"/><!-- File.... -->
<feat xlink:href="#tok_507" value="NP0"/><!-- File.... -->
<feat xlink:href="#tok_508" value="NP0"/><!-- File.... -->
<feat xlink:href="#tok_509" value="VVG"/><!-- File.... -->
<feat xlink:href="#tok_510" value="AJ0"/><!-- File.... -->
<feat xlink:href="#tok_511" value="NN2"/><!-- File.... -->
<feat xlink:href="#tok_512" value="PRP"/><!-- File.... -->
<feat xlink:href="#tok_513" value="AT0"/><!-- File.... -->
<feat xlink:href="#tok_514" value="AJ0"/><!-- File.... -->
<feat xlink:href="#tok_515" value="NN1"/><!-- File.... -->
<feat xlink:href="#tok_516" value="PUN"/><!-- File.... -->
<feat xlink:href="#tok_517" value="NN1"/><!-- Image.... -->
<feat xlink:href="#tok_518" value="PUN"/><!-- Image.... -->
<feat xlink:href="#tok_519" value="NP0"/><!-- Image.... -->
<feat xlink:href="#tok_520" value="NP0"/><!-- Image.... -->
<feat xlink:href="#tok_521" value="PUN"/><!-- Image.... -->
</featList>
</paula>
