<?xml version="1.0" standalone="no"?>

<!DOCTYPE paula SYSTEM "paula_mark.dtd">
<paula version="1.0">

<header paula_id="GUM.GUM_interview_brotherhood_tok"/>

<markList xmlns:xlink="http://www.w3.org/1999/xlink" type="tok" xml:base="GUM.GUM_interview_brotherhood.text.xml">
<mark id="tok_1" xlink:href="#xpointer(string-range(//body,'',1,8))"/><!-- Wikinews -->
<mark id="tok_2" xlink:href="#xpointer(string-range(//body,'',10,10))"/><!-- interviews -->
<mark id="tok_3" xlink:href="#xpointer(string-range(//body,'',21,9))"/><!-- President -->
<mark id="tok_4" xlink:href="#xpointer(string-range(//body,'',31,2))"/><!-- of -->
<mark id="tok_5" xlink:href="#xpointer(string-range(//body,'',34,3))"/><!-- the -->
<mark id="tok_6" xlink:href="#xpointer(string-range(//body,'',38,13))"/><!-- International -->
<mark id="tok_7" xlink:href="#xpointer(string-range(//body,'',52,11))"/><!-- Brotherhood -->
<mark id="tok_8" xlink:href="#xpointer(string-range(//body,'',64,2))"/><!-- of -->
<mark id="tok_9" xlink:href="#xpointer(string-range(//body,'',67,9))"/><!-- Magicians -->
<mark id="tok_10" xlink:href="#xpointer(string-range(//body,'',77,9))"/><!-- Wednesday -->
<mark id="tok_11" xlink:href="#xpointer(string-range(//body,'',87,1))"/><!-- , -->
<mark id="tok_12" xlink:href="#xpointer(string-range(//body,'',89,7))"/><!-- October -->
<mark id="tok_13" xlink:href="#xpointer(string-range(//body,'',97,1))"/><!-- 9 -->
<mark id="tok_14" xlink:href="#xpointer(string-range(//body,'',99,1))"/><!-- , -->
<mark id="tok_15" xlink:href="#xpointer(string-range(//body,'',101,4))"/><!-- 2013 -->
<mark id="tok_16" xlink:href="#xpointer(string-range(//body,'',106,7))"/><!-- October -->
<mark id="tok_17" xlink:href="#xpointer(string-range(//body,'',114,2))"/><!-- is -->
<mark id="tok_18" xlink:href="#xpointer(string-range(//body,'',117,8))"/><!-- National -->
<mark id="tok_19" xlink:href="#xpointer(string-range(//body,'',126,5))"/><!-- Magic -->
<mark id="tok_20" xlink:href="#xpointer(string-range(//body,'',132,5))"/><!-- Month -->
<mark id="tok_21" xlink:href="#xpointer(string-range(//body,'',138,2))"/><!-- in -->
<mark id="tok_22" xlink:href="#xpointer(string-range(//body,'',141,3))"/><!-- the -->
<mark id="tok_23" xlink:href="#xpointer(string-range(//body,'',145,6))"/><!-- United -->
<mark id="tok_24" xlink:href="#xpointer(string-range(//body,'',152,6))"/><!-- States -->
<mark id="tok_25" xlink:href="#xpointer(string-range(//body,'',159,1))"/><!-- . -->
<mark id="tok_26" xlink:href="#xpointer(string-range(//body,'',161,8))"/><!-- Wikinews -->
<mark id="tok_27" xlink:href="#xpointer(string-range(//body,'',170,5))"/><!-- spoke -->
<mark id="tok_28" xlink:href="#xpointer(string-range(//body,'',176,4))"/><!-- with -->
<mark id="tok_29" xlink:href="#xpointer(string-range(//body,'',181,7))"/><!-- William -->
<mark id="tok_30" xlink:href="#xpointer(string-range(//body,'',189,5))"/><!-- Evans -->
<mark id="tok_31" xlink:href="#xpointer(string-range(//body,'',195,1))"/><!-- , -->
<mark id="tok_32" xlink:href="#xpointer(string-range(//body,'',197,9))"/><!-- president -->
<mark id="tok_33" xlink:href="#xpointer(string-range(//body,'',207,2))"/><!-- of -->
<mark id="tok_34" xlink:href="#xpointer(string-range(//body,'',210,3))"/><!-- the -->
<mark id="tok_35" xlink:href="#xpointer(string-range(//body,'',214,13))"/><!-- International -->
<mark id="tok_36" xlink:href="#xpointer(string-range(//body,'',228,11))"/><!-- Brotherhood -->
<mark id="tok_37" xlink:href="#xpointer(string-range(//body,'',240,2))"/><!-- of -->
<mark id="tok_38" xlink:href="#xpointer(string-range(//body,'',243,9))"/><!-- Magicians -->
<mark id="tok_39" xlink:href="#xpointer(string-range(//body,'',253,1))"/><!-- , -->
<mark id="tok_40" xlink:href="#xpointer(string-range(//body,'',255,5))"/><!-- about -->
<mark id="tok_41" xlink:href="#xpointer(string-range(//body,'',261,3))"/><!-- the -->
<mark id="tok_42" xlink:href="#xpointer(string-range(//body,'',265,7))"/><!-- current -->
<mark id="tok_43" xlink:href="#xpointer(string-range(//body,'',273,5))"/><!-- state -->
<mark id="tok_44" xlink:href="#xpointer(string-range(//body,'',279,2))"/><!-- of -->
<mark id="tok_45" xlink:href="#xpointer(string-range(//body,'',282,5))"/><!-- magic -->
<mark id="tok_46" xlink:href="#xpointer(string-range(//body,'',288,3))"/><!-- and -->
<mark id="tok_47" xlink:href="#xpointer(string-range(//body,'',292,4))"/><!-- what -->
<mark id="tok_48" xlink:href="#xpointer(string-range(//body,'',297,3))"/><!-- its -->
<mark id="tok_49" xlink:href="#xpointer(string-range(//body,'',301,6))"/><!-- future -->
<mark id="tok_50" xlink:href="#xpointer(string-range(//body,'',308,5))"/><!-- looks -->
<mark id="tok_51" xlink:href="#xpointer(string-range(//body,'',314,4))"/><!-- like -->
<mark id="tok_52" xlink:href="#xpointer(string-range(//body,'',319,2))"/><!-- in -->
<mark id="tok_53" xlink:href="#xpointer(string-range(//body,'',322,3))"/><!-- the -->
<mark id="tok_54" xlink:href="#xpointer(string-range(//body,'',326,5))"/><!-- world -->
<mark id="tok_55" xlink:href="#xpointer(string-range(//body,'',332,2))"/><!-- of -->
<mark id="tok_56" xlink:href="#xpointer(string-range(//body,'',335,13))"/><!-- entertainment -->
<mark id="tok_57" xlink:href="#xpointer(string-range(//body,'',349,1))"/><!-- . -->
<mark id="tok_58" xlink:href="#xpointer(string-range(//body,'',351,3))"/><!-- For -->
<mark id="tok_59" xlink:href="#xpointer(string-range(//body,'',355,3))"/><!-- how -->
<mark id="tok_60" xlink:href="#xpointer(string-range(//body,'',359,4))"/><!-- long -->
<mark id="tok_61" xlink:href="#xpointer(string-range(//body,'',364,4))"/><!-- have -->
<mark id="tok_62" xlink:href="#xpointer(string-range(//body,'',369,3))"/><!-- you -->
<mark id="tok_63" xlink:href="#xpointer(string-range(//body,'',373,4))"/><!-- been -->
<mark id="tok_64" xlink:href="#xpointer(string-range(//body,'',378,8))"/><!-- involved -->
<mark id="tok_65" xlink:href="#xpointer(string-range(//body,'',387,2))"/><!-- in -->
<mark id="tok_66" xlink:href="#xpointer(string-range(//body,'',390,10))"/><!-- performing -->
<mark id="tok_67" xlink:href="#xpointer(string-range(//body,'',401,1))"/><!-- / -->
<mark id="tok_68" xlink:href="#xpointer(string-range(//body,'',403,8))"/><!-- studying -->
<mark id="tok_69" xlink:href="#xpointer(string-range(//body,'',412,5))"/><!-- magic -->
<mark id="tok_70" xlink:href="#xpointer(string-range(//body,'',418,1))"/><!-- ? -->
<mark id="tok_71" xlink:href="#xpointer(string-range(//body,'',420,4))"/><!-- Over -->
<mark id="tok_72" xlink:href="#xpointer(string-range(//body,'',425,2))"/><!-- 50 -->
<mark id="tok_73" xlink:href="#xpointer(string-range(//body,'',428,5))"/><!-- years -->
<mark id="tok_74" xlink:href="#xpointer(string-range(//body,'',434,1))"/><!-- . -->
<mark id="tok_75" xlink:href="#xpointer(string-range(//body,'',436,1))"/><!-- I -->
<mark id="tok_76" xlink:href="#xpointer(string-range(//body,'',438,2))"/><!-- am -->
<mark id="tok_77" xlink:href="#xpointer(string-range(//body,'',441,2))"/><!-- 61 -->
<mark id="tok_78" xlink:href="#xpointer(string-range(//body,'',444,3))"/><!-- now -->
<mark id="tok_79" xlink:href="#xpointer(string-range(//body,'',448,2))"/><!-- so -->
<mark id="tok_80" xlink:href="#xpointer(string-range(//body,'',451,1))"/><!-- I -->
<mark id="tok_81" xlink:href="#xpointer(string-range(//body,'',453,6))"/><!-- really -->
<mark id="tok_82" xlink:href="#xpointer(string-range(//body,'',460,7))"/><!-- started -->
<mark id="tok_83" xlink:href="#xpointer(string-range(//body,'',468,4))"/><!-- when -->
<mark id="tok_84" xlink:href="#xpointer(string-range(//body,'',473,1))"/><!-- I -->
<mark id="tok_85" xlink:href="#xpointer(string-range(//body,'',475,3))"/><!-- was -->
<mark id="tok_86" xlink:href="#xpointer(string-range(//body,'',479,5))"/><!-- about -->
<mark id="tok_87" xlink:href="#xpointer(string-range(//body,'',485,2))"/><!-- 10 -->
<mark id="tok_88" xlink:href="#xpointer(string-range(//body,'',488,5))"/><!-- years -->
<mark id="tok_89" xlink:href="#xpointer(string-range(//body,'',494,3))"/><!-- old -->
<mark id="tok_90" xlink:href="#xpointer(string-range(//body,'',498,4))"/><!-- even -->
<mark id="tok_91" xlink:href="#xpointer(string-range(//body,'',503,6))"/><!-- though -->
<mark id="tok_92" xlink:href="#xpointer(string-range(//body,'',510,1))"/><!-- I -->
<mark id="tok_93" xlink:href="#xpointer(string-range(//body,'',512,3))"/><!-- had -->
<mark id="tok_94" xlink:href="#xpointer(string-range(//body,'',516,4))"/><!-- seen -->
<mark id="tok_95" xlink:href="#xpointer(string-range(//body,'',521,3))"/><!-- and -->
<mark id="tok_96" xlink:href="#xpointer(string-range(//body,'',525,6))"/><!-- worked -->
<mark id="tok_97" xlink:href="#xpointer(string-range(//body,'',532,4))"/><!-- with -->
<mark id="tok_98" xlink:href="#xpointer(string-range(//body,'',537,4))"/><!-- some -->
<mark id="tok_99" xlink:href="#xpointer(string-range(//body,'',542,5))"/><!-- basic -->
<mark id="tok_100" xlink:href="#xpointer(string-range(//body,'',548,6))"/><!-- tricks -->
<mark id="tok_101" xlink:href="#xpointer(string-range(//body,'',555,1))"/><!-- a -->
<mark id="tok_102" xlink:href="#xpointer(string-range(//body,'',557,3))"/><!-- few -->
<mark id="tok_103" xlink:href="#xpointer(string-range(//body,'',561,5))"/><!-- years -->
<mark id="tok_104" xlink:href="#xpointer(string-range(//body,'',567,7))"/><!-- earlier -->
<mark id="tok_105" xlink:href="#xpointer(string-range(//body,'',575,1))"/><!-- . -->
<mark id="tok_106" xlink:href="#xpointer(string-range(//body,'',577,1))"/><!-- I -->
<mark id="tok_107" xlink:href="#xpointer(string-range(//body,'',579,8))"/><!-- remember -->
<mark id="tok_108" xlink:href="#xpointer(string-range(//body,'',588,5))"/><!-- going -->
<mark id="tok_109" xlink:href="#xpointer(string-range(//body,'',594,4))"/><!-- into -->
<mark id="tok_110" xlink:href="#xpointer(string-range(//body,'',599,9))"/><!-- Hollywood -->
<mark id="tok_111" xlink:href="#xpointer(string-range(//body,'',609,5))"/><!-- Magic -->
<mark id="tok_112" xlink:href="#xpointer(string-range(//body,'',615,3))"/><!-- and -->
<mark id="tok_113" xlink:href="#xpointer(string-range(//body,'',619,7))"/><!-- wanting -->
<mark id="tok_114" xlink:href="#xpointer(string-range(//body,'',627,4))"/><!-- that -->
<mark id="tok_115" xlink:href="#xpointer(string-range(//body,'',632,3))"/><!-- big -->
<mark id="tok_116" xlink:href="#xpointer(string-range(//body,'',636,3))"/><!-- red -->
<mark id="tok_117" xlink:href="#xpointer(string-range(//body,'',640,3))"/><!-- box -->
<mark id="tok_118" xlink:href="#xpointer(string-range(//body,'',644,4))"/><!-- with -->
<mark id="tok_119" xlink:href="#xpointer(string-range(//body,'',649,3))"/><!-- the -->
<mark id="tok_120" xlink:href="#xpointer(string-range(//body,'',653,7))"/><!-- dragons -->
<mark id="tok_121" xlink:href="#xpointer(string-range(//body,'',661,2))"/><!-- on -->
<mark id="tok_122" xlink:href="#xpointer(string-range(//body,'',664,2))"/><!-- it -->
<mark id="tok_123" xlink:href="#xpointer(string-range(//body,'',667,3))"/><!-- and -->
<mark id="tok_124" xlink:href="#xpointer(string-range(//body,'',671,1))"/><!-- I -->
<mark id="tok_125" xlink:href="#xpointer(string-range(//body,'',673,3))"/><!-- did -->
<mark id="tok_126" xlink:href="#xpointer(string-range(//body,'',677,3))"/><!-- n&apos;t -->
<mark id="tok_127" xlink:href="#xpointer(string-range(//body,'',681,4))"/><!-- even -->
<mark id="tok_128" xlink:href="#xpointer(string-range(//body,'',686,4))"/><!-- know -->
<mark id="tok_129" xlink:href="#xpointer(string-range(//body,'',691,4))"/><!-- what -->
<mark id="tok_130" xlink:href="#xpointer(string-range(//body,'',696,2))"/><!-- it -->
<mark id="tok_131" xlink:href="#xpointer(string-range(//body,'',699,3))"/><!-- did -->
<mark id="tok_132" xlink:href="#xpointer(string-range(//body,'',703,1))"/><!-- . -->
<mark id="tok_133" xlink:href="#xpointer(string-range(//body,'',705,3))"/><!-- The -->
<mark id="tok_134" xlink:href="#xpointer(string-range(//body,'',709,8))"/><!-- magician -->
<mark id="tok_135" xlink:href="#xpointer(string-range(//body,'',718,6))"/><!-- behind -->
<mark id="tok_136" xlink:href="#xpointer(string-range(//body,'',725,3))"/><!-- the -->
<mark id="tok_137" xlink:href="#xpointer(string-range(//body,'',729,7))"/><!-- counter -->
<mark id="tok_138" xlink:href="#xpointer(string-range(//body,'',737,3))"/><!-- was -->
<mark id="tok_139" xlink:href="#xpointer(string-range(//body,'',741,4))"/><!-- wise -->
<mark id="tok_140" xlink:href="#xpointer(string-range(//body,'',746,6))"/><!-- enough -->
<mark id="tok_141" xlink:href="#xpointer(string-range(//body,'',753,3))"/><!-- not -->
<mark id="tok_142" xlink:href="#xpointer(string-range(//body,'',757,2))"/><!-- to -->
<mark id="tok_143" xlink:href="#xpointer(string-range(//body,'',760,4))"/><!-- sell -->
<mark id="tok_144" xlink:href="#xpointer(string-range(//body,'',765,2))"/><!-- it -->
<mark id="tok_145" xlink:href="#xpointer(string-range(//body,'',768,2))"/><!-- to -->
<mark id="tok_146" xlink:href="#xpointer(string-range(//body,'',771,2))"/><!-- me -->
<mark id="tok_147" xlink:href="#xpointer(string-range(//body,'',774,1))"/><!-- , -->
<mark id="tok_148" xlink:href="#xpointer(string-range(//body,'',776,3))"/><!-- but -->
<mark id="tok_149" xlink:href="#xpointer(string-range(//body,'',780,7))"/><!-- instead -->
<mark id="tok_150" xlink:href="#xpointer(string-range(//body,'',788,4))"/><!-- sold -->
<mark id="tok_151" xlink:href="#xpointer(string-range(//body,'',793,2))"/><!-- me -->
<mark id="tok_152" xlink:href="#xpointer(string-range(//body,'',796,3))"/><!-- two -->
<mark id="tok_153" xlink:href="#xpointer(string-range(//body,'',800,5))"/><!-- books -->
<mark id="tok_154" xlink:href="#xpointer(string-range(//body,'',806,5))"/><!-- which -->
<mark id="tok_155" xlink:href="#xpointer(string-range(//body,'',812,1))"/><!-- I -->
<mark id="tok_156" xlink:href="#xpointer(string-range(//body,'',814,5))"/><!-- still -->
<mark id="tok_157" xlink:href="#xpointer(string-range(//body,'',820,3))"/><!-- own -->
<mark id="tok_158" xlink:href="#xpointer(string-range(//body,'',824,5))"/><!-- today -->
<mark id="tok_159" xlink:href="#xpointer(string-range(//body,'',830,1))"/><!-- - -->
<mark id="tok_160" xlink:href="#xpointer(string-range(//body,'',832,1))"/><!-- &quot; -->
<mark id="tok_161" xlink:href="#xpointer(string-range(//body,'',834,6))"/><!-- Scarne -->
<mark id="tok_162" xlink:href="#xpointer(string-range(//body,'',841,2))"/><!-- on -->
<mark id="tok_163" xlink:href="#xpointer(string-range(//body,'',844,4))"/><!-- Card -->
<mark id="tok_164" xlink:href="#xpointer(string-range(//body,'',849,6))"/><!-- Tricks -->
<mark id="tok_165" xlink:href="#xpointer(string-range(//body,'',856,1))"/><!-- &quot; -->
<mark id="tok_166" xlink:href="#xpointer(string-range(//body,'',858,3))"/><!-- and -->
<mark id="tok_167" xlink:href="#xpointer(string-range(//body,'',862,1))"/><!-- &quot; -->
<mark id="tok_168" xlink:href="#xpointer(string-range(//body,'',864,6))"/><!-- Scarne -->
<mark id="tok_169" xlink:href="#xpointer(string-range(//body,'',871,2))"/><!-- on -->
<mark id="tok_170" xlink:href="#xpointer(string-range(//body,'',874,5))"/><!-- Magic -->
<mark id="tok_171" xlink:href="#xpointer(string-range(//body,'',880,6))"/><!-- Tricks -->
<mark id="tok_172" xlink:href="#xpointer(string-range(//body,'',887,1))"/><!-- &quot; -->
<mark id="tok_173" xlink:href="#xpointer(string-range(//body,'',889,1))"/><!-- . -->
<mark id="tok_174" xlink:href="#xpointer(string-range(//body,'',891,4))"/><!-- That -->
<mark id="tok_175" xlink:href="#xpointer(string-range(//body,'',896,7))"/><!-- started -->
<mark id="tok_176" xlink:href="#xpointer(string-range(//body,'',904,2))"/><!-- me -->
<mark id="tok_177" xlink:href="#xpointer(string-range(//body,'',907,3))"/><!-- out -->
<mark id="tok_178" xlink:href="#xpointer(string-range(//body,'',911,2))"/><!-- on -->
<mark id="tok_179" xlink:href="#xpointer(string-range(//body,'',914,5))"/><!-- books -->
<mark id="tok_180" xlink:href="#xpointer(string-range(//body,'',920,3))"/><!-- and -->
<mark id="tok_181" xlink:href="#xpointer(string-range(//body,'',924,1))"/><!-- I -->
<mark id="tok_182" xlink:href="#xpointer(string-range(//body,'',926,4))"/><!-- have -->
<mark id="tok_183" xlink:href="#xpointer(string-range(//body,'',931,7))"/><!-- amassed -->
<mark id="tok_184" xlink:href="#xpointer(string-range(//body,'',939,5))"/><!-- quite -->
<mark id="tok_185" xlink:href="#xpointer(string-range(//body,'',945,1))"/><!-- a -->
<mark id="tok_186" xlink:href="#xpointer(string-range(//body,'',947,3))"/><!-- few -->
<mark id="tok_187" xlink:href="#xpointer(string-range(//body,'',951,5))"/><!-- since -->
<mark id="tok_188" xlink:href="#xpointer(string-range(//body,'',957,4))"/><!-- then -->
<mark id="tok_189" xlink:href="#xpointer(string-range(//body,'',962,1))"/><!-- . -->
<mark id="tok_190" xlink:href="#xpointer(string-range(//body,'',964,2))"/><!-- My -->
<mark id="tok_191" xlink:href="#xpointer(string-range(//body,'',967,5))"/><!-- major -->
<mark id="tok_192" xlink:href="#xpointer(string-range(//body,'',973,10))"/><!-- influences -->
<mark id="tok_193" xlink:href="#xpointer(string-range(//body,'',984,2))"/><!-- on -->
<mark id="tok_194" xlink:href="#xpointer(string-range(//body,'',987,11))"/><!-- performance -->
<mark id="tok_195" xlink:href="#xpointer(string-range(//body,'',999,3))"/><!-- are -->
<mark id="tok_196" xlink:href="#xpointer(string-range(//body,'',1003,6))"/><!-- Eugene -->
<mark id="tok_197" xlink:href="#xpointer(string-range(//body,'',1010,6))"/><!-- Burger -->
<mark id="tok_198" xlink:href="#xpointer(string-range(//body,'',1017,3))"/><!-- and -->
<mark id="tok_199" xlink:href="#xpointer(string-range(//body,'',1021,7))"/><!-- Michael -->
<mark id="tok_200" xlink:href="#xpointer(string-range(//body,'',1029,7))"/><!-- Skinner -->
<mark id="tok_201" xlink:href="#xpointer(string-range(//body,'',1037,1))"/><!-- . -->
<mark id="tok_202" xlink:href="#xpointer(string-range(//body,'',1039,7))"/><!-- October -->
<mark id="tok_203" xlink:href="#xpointer(string-range(//body,'',1047,2))"/><!-- is -->
<mark id="tok_204" xlink:href="#xpointer(string-range(//body,'',1050,8))"/><!-- National -->
<mark id="tok_205" xlink:href="#xpointer(string-range(//body,'',1059,5))"/><!-- Magic -->
<mark id="tok_206" xlink:href="#xpointer(string-range(//body,'',1065,5))"/><!-- Month -->
<mark id="tok_207" xlink:href="#xpointer(string-range(//body,'',1071,2))"/><!-- in -->
<mark id="tok_208" xlink:href="#xpointer(string-range(//body,'',1074,3))"/><!-- the -->
<mark id="tok_209" xlink:href="#xpointer(string-range(//body,'',1078,2))"/><!-- US -->
<mark id="tok_210" xlink:href="#xpointer(string-range(//body,'',1081,1))"/><!-- . -->
<mark id="tok_211" xlink:href="#xpointer(string-range(//body,'',1083,2))"/><!-- Do -->
<mark id="tok_212" xlink:href="#xpointer(string-range(//body,'',1086,3))"/><!-- you -->
<mark id="tok_213" xlink:href="#xpointer(string-range(//body,'',1090,5))"/><!-- think -->
<mark id="tok_214" xlink:href="#xpointer(string-range(//body,'',1096,5))"/><!-- magic -->
<mark id="tok_215" xlink:href="#xpointer(string-range(//body,'',1102,2))"/><!-- is -->
<mark id="tok_216" xlink:href="#xpointer(string-range(//body,'',1105,5))"/><!-- alive -->
<mark id="tok_217" xlink:href="#xpointer(string-range(//body,'',1111,2))"/><!-- as -->
<mark id="tok_218" xlink:href="#xpointer(string-range(//body,'',1114,1))"/><!-- a -->
<mark id="tok_219" xlink:href="#xpointer(string-range(//body,'',1116,6))"/><!-- viable -->
<mark id="tok_220" xlink:href="#xpointer(string-range(//body,'',1123,4))"/><!-- form -->
<mark id="tok_221" xlink:href="#xpointer(string-range(//body,'',1128,2))"/><!-- of -->
<mark id="tok_222" xlink:href="#xpointer(string-range(//body,'',1131,13))"/><!-- entertainment -->
<mark id="tok_223" xlink:href="#xpointer(string-range(//body,'',1145,5))"/><!-- today -->
<mark id="tok_224" xlink:href="#xpointer(string-range(//body,'',1151,1))"/><!-- ? -->
<mark id="tok_225" xlink:href="#xpointer(string-range(//body,'',1153,10))"/><!-- Absolutely -->
<mark id="tok_226" xlink:href="#xpointer(string-range(//body,'',1164,1))"/><!-- . -->
<mark id="tok_227" xlink:href="#xpointer(string-range(//body,'',1166,5))"/><!-- There -->
<mark id="tok_228" xlink:href="#xpointer(string-range(//body,'',1172,3))"/><!-- are -->
<mark id="tok_229" xlink:href="#xpointer(string-range(//body,'',1176,4))"/><!-- more -->
<mark id="tok_230" xlink:href="#xpointer(string-range(//body,'',1181,9))"/><!-- magicians -->
<mark id="tok_231" xlink:href="#xpointer(string-range(//body,'',1191,7))"/><!-- working -->
<mark id="tok_232" xlink:href="#xpointer(string-range(//body,'',1199,5))"/><!-- today -->
<mark id="tok_233" xlink:href="#xpointer(string-range(//body,'',1205,4))"/><!-- than -->
<mark id="tok_234" xlink:href="#xpointer(string-range(//body,'',1210,4))"/><!-- ever -->
<mark id="tok_235" xlink:href="#xpointer(string-range(//body,'',1215,6))"/><!-- before -->
<mark id="tok_236" xlink:href="#xpointer(string-range(//body,'',1222,1))"/><!-- . -->
<mark id="tok_237" xlink:href="#xpointer(string-range(//body,'',1224,5))"/><!-- There -->
<mark id="tok_238" xlink:href="#xpointer(string-range(//body,'',1230,4))"/><!-- will -->
<mark id="tok_239" xlink:href="#xpointer(string-range(//body,'',1235,6))"/><!-- always -->
<mark id="tok_240" xlink:href="#xpointer(string-range(//body,'',1242,2))"/><!-- be -->
<mark id="tok_241" xlink:href="#xpointer(string-range(//body,'',1245,2))"/><!-- an -->
<mark id="tok_242" xlink:href="#xpointer(string-range(//body,'',1248,8))"/><!-- audience -->
<mark id="tok_243" xlink:href="#xpointer(string-range(//body,'',1257,3))"/><!-- for -->
<mark id="tok_244" xlink:href="#xpointer(string-range(//body,'',1261,4))"/><!-- good -->
<mark id="tok_245" xlink:href="#xpointer(string-range(//body,'',1266,9))"/><!-- magicians -->
<mark id="tok_246" xlink:href="#xpointer(string-range(//body,'',1276,5))"/><!-- doing -->
<mark id="tok_247" xlink:href="#xpointer(string-range(//body,'',1282,4))"/><!-- good -->
<mark id="tok_248" xlink:href="#xpointer(string-range(//body,'',1287,5))"/><!-- magic -->
<mark id="tok_249" xlink:href="#xpointer(string-range(//body,'',1293,1))"/><!-- . -->
<mark id="tok_250" xlink:href="#xpointer(string-range(//body,'',1295,3))"/><!-- Has -->
<mark id="tok_251" xlink:href="#xpointer(string-range(//body,'',1299,3))"/><!-- the -->
<mark id="tok_252" xlink:href="#xpointer(string-range(//body,'',1303,8))"/><!-- internet -->
<mark id="tok_253" xlink:href="#xpointer(string-range(//body,'',1312,6))"/><!-- helped -->
<mark id="tok_254" xlink:href="#xpointer(string-range(//body,'',1319,2))"/><!-- or -->
<mark id="tok_255" xlink:href="#xpointer(string-range(//body,'',1322,4))"/><!-- hurt -->
<mark id="tok_256" xlink:href="#xpointer(string-range(//body,'',1327,5))"/><!-- magic -->
<mark id="tok_257" xlink:href="#xpointer(string-range(//body,'',1333,1))"/><!-- ? -->
<mark id="tok_258" xlink:href="#xpointer(string-range(//body,'',1335,4))"/><!-- Both -->
<mark id="tok_259" xlink:href="#xpointer(string-range(//body,'',1340,1))"/><!-- . -->
<mark id="tok_260" xlink:href="#xpointer(string-range(//body,'',1342,1))"/><!-- I -->
<mark id="tok_261" xlink:href="#xpointer(string-range(//body,'',1344,5))"/><!-- think -->
<mark id="tok_262" xlink:href="#xpointer(string-range(//body,'',1350,2))"/><!-- it -->
<mark id="tok_263" xlink:href="#xpointer(string-range(//body,'',1353,3))"/><!-- has -->
<mark id="tok_264" xlink:href="#xpointer(string-range(//body,'',1357,6))"/><!-- helped -->
<mark id="tok_265" xlink:href="#xpointer(string-range(//body,'',1364,4))"/><!-- draw -->
<mark id="tok_266" xlink:href="#xpointer(string-range(//body,'',1369,7))"/><!-- younger -->
<mark id="tok_267" xlink:href="#xpointer(string-range(//body,'',1377,6))"/><!-- people -->
<mark id="tok_268" xlink:href="#xpointer(string-range(//body,'',1384,2))"/><!-- to -->
<mark id="tok_269" xlink:href="#xpointer(string-range(//body,'',1387,5))"/><!-- magic -->
<mark id="tok_270" xlink:href="#xpointer(string-range(//body,'',1393,2))"/><!-- as -->
<mark id="tok_271" xlink:href="#xpointer(string-range(//body,'',1396,1))"/><!-- a -->
<mark id="tok_272" xlink:href="#xpointer(string-range(//body,'',1398,5))"/><!-- hobby -->
<mark id="tok_273" xlink:href="#xpointer(string-range(//body,'',1404,1))"/><!-- , -->
<mark id="tok_274" xlink:href="#xpointer(string-range(//body,'',1406,3))"/><!-- but -->
<mark id="tok_275" xlink:href="#xpointer(string-range(//body,'',1410,1))"/><!-- I -->
<mark id="tok_276" xlink:href="#xpointer(string-range(//body,'',1412,5))"/><!-- think -->
<mark id="tok_277" xlink:href="#xpointer(string-range(//body,'',1418,2))"/><!-- it -->
<mark id="tok_278" xlink:href="#xpointer(string-range(//body,'',1421,3))"/><!-- has -->
<mark id="tok_279" xlink:href="#xpointer(string-range(//body,'',1425,4))"/><!-- hurt -->
<mark id="tok_280" xlink:href="#xpointer(string-range(//body,'',1430,3))"/><!-- the -->
<mark id="tok_281" xlink:href="#xpointer(string-range(//body,'',1434,7))"/><!-- ability -->
<mark id="tok_282" xlink:href="#xpointer(string-range(//body,'',1442,2))"/><!-- of -->
<mark id="tok_283" xlink:href="#xpointer(string-range(//body,'',1445,5))"/><!-- young -->
<mark id="tok_284" xlink:href="#xpointer(string-range(//body,'',1451,9))"/><!-- magicians -->
<mark id="tok_285" xlink:href="#xpointer(string-range(//body,'',1461,2))"/><!-- to -->
<mark id="tok_286" xlink:href="#xpointer(string-range(//body,'',1464,5))"/><!-- think -->
<mark id="tok_287" xlink:href="#xpointer(string-range(//body,'',1470,7))"/><!-- because -->
<mark id="tok_288" xlink:href="#xpointer(string-range(//body,'',1478,2))"/><!-- so -->
<mark id="tok_289" xlink:href="#xpointer(string-range(//body,'',1481,4))"/><!-- many -->
<mark id="tok_290" xlink:href="#xpointer(string-range(//body,'',1486,4))"/><!-- rely -->
<mark id="tok_291" xlink:href="#xpointer(string-range(//body,'',1491,2))"/><!-- on -->
<mark id="tok_292" xlink:href="#xpointer(string-range(//body,'',1494,3))"/><!-- the -->
<mark id="tok_293" xlink:href="#xpointer(string-range(//body,'',1498,8))"/><!-- internet -->
<mark id="tok_294" xlink:href="#xpointer(string-range(//body,'',1507,3))"/><!-- for -->
<mark id="tok_295" xlink:href="#xpointer(string-range(//body,'',1511,10))"/><!-- everything -->
<mark id="tok_296" xlink:href="#xpointer(string-range(//body,'',1522,3))"/><!-- and -->
<mark id="tok_297" xlink:href="#xpointer(string-range(//body,'',1526,4))"/><!-- they -->
<mark id="tok_298" xlink:href="#xpointer(string-range(//body,'',1531,3))"/><!-- are -->
<mark id="tok_299" xlink:href="#xpointer(string-range(//body,'',1535,3))"/><!-- n&apos;t -->
<mark id="tok_300" xlink:href="#xpointer(string-range(//body,'',1539,7))"/><!-- reading -->
<mark id="tok_301" xlink:href="#xpointer(string-range(//body,'',1547,3))"/><!-- the -->
<mark id="tok_302" xlink:href="#xpointer(string-range(//body,'',1551,5))"/><!-- books -->
<mark id="tok_303" xlink:href="#xpointer(string-range(//body,'',1557,1))"/><!-- . -->
<mark id="tok_304" xlink:href="#xpointer(string-range(//body,'',1559,2))"/><!-- We -->
<mark id="tok_305" xlink:href="#xpointer(string-range(//body,'',1562,4))"/><!-- have -->
<mark id="tok_306" xlink:href="#xpointer(string-range(//body,'',1567,2))"/><!-- to -->
<mark id="tok_307" xlink:href="#xpointer(string-range(//body,'',1570,4))"/><!-- have -->
<mark id="tok_308" xlink:href="#xpointer(string-range(//body,'',1575,9))"/><!-- knowledge -->
<mark id="tok_309" xlink:href="#xpointer(string-range(//body,'',1585,2))"/><!-- of -->
<mark id="tok_310" xlink:href="#xpointer(string-range(//body,'',1588,3))"/><!-- the -->
<mark id="tok_311" xlink:href="#xpointer(string-range(//body,'',1592,7))"/><!-- history -->
<mark id="tok_312" xlink:href="#xpointer(string-range(//body,'',1600,2))"/><!-- of -->
<mark id="tok_313" xlink:href="#xpointer(string-range(//body,'',1603,5))"/><!-- magic -->
<mark id="tok_314" xlink:href="#xpointer(string-range(//body,'',1609,3))"/><!-- and -->
<mark id="tok_315" xlink:href="#xpointer(string-range(//body,'',1613,4))"/><!-- what -->
<mark id="tok_316" xlink:href="#xpointer(string-range(//body,'',1618,3))"/><!-- has -->
<mark id="tok_317" xlink:href="#xpointer(string-range(//body,'',1622,4))"/><!-- been -->
<mark id="tok_318" xlink:href="#xpointer(string-range(//body,'',1627,4))"/><!-- done -->
<mark id="tok_319" xlink:href="#xpointer(string-range(//body,'',1632,6))"/><!-- before -->
<mark id="tok_320" xlink:href="#xpointer(string-range(//body,'',1639,1))"/><!-- . -->
<mark id="tok_321" xlink:href="#xpointer(string-range(//body,'',1641,8))"/><!-- Moreover -->
<mark id="tok_322" xlink:href="#xpointer(string-range(//body,'',1650,1))"/><!-- , -->
<mark id="tok_323" xlink:href="#xpointer(string-range(//body,'',1652,6))"/><!-- seeing -->
<mark id="tok_324" xlink:href="#xpointer(string-range(//body,'',1659,7))"/><!-- someone -->
<mark id="tok_325" xlink:href="#xpointer(string-range(//body,'',1667,7))"/><!-- perform -->
<mark id="tok_326" xlink:href="#xpointer(string-range(//body,'',1675,2))"/><!-- on -->
<mark id="tok_327" xlink:href="#xpointer(string-range(//body,'',1678,3))"/><!-- the -->
<mark id="tok_328" xlink:href="#xpointer(string-range(//body,'',1682,8))"/><!-- internet -->
<mark id="tok_329" xlink:href="#xpointer(string-range(//body,'',1691,5))"/><!-- takes -->
<mark id="tok_330" xlink:href="#xpointer(string-range(//body,'',1697,4))"/><!-- away -->
<mark id="tok_331" xlink:href="#xpointer(string-range(//body,'',1702,3))"/><!-- the -->
<mark id="tok_332" xlink:href="#xpointer(string-range(//body,'',1706,3))"/><!-- use -->
<mark id="tok_333" xlink:href="#xpointer(string-range(//body,'',1710,2))"/><!-- of -->
<mark id="tok_334" xlink:href="#xpointer(string-range(//body,'',1713,3))"/><!-- our -->
<mark id="tok_335" xlink:href="#xpointer(string-range(//body,'',1717,6))"/><!-- senses -->
<mark id="tok_336" xlink:href="#xpointer(string-range(//body,'',1724,1))"/><!-- , -->
<mark id="tok_337" xlink:href="#xpointer(string-range(//body,'',1726,11))"/><!-- originality -->
<mark id="tok_338" xlink:href="#xpointer(string-range(//body,'',1738,3))"/><!-- and -->
<mark id="tok_339" xlink:href="#xpointer(string-range(//body,'',1742,11))"/><!-- imagination -->
<mark id="tok_340" xlink:href="#xpointer(string-range(//body,'',1754,4))"/><!-- that -->
<mark id="tok_341" xlink:href="#xpointer(string-range(//body,'',1759,7))"/><!-- reading -->
<mark id="tok_342" xlink:href="#xpointer(string-range(//body,'',1767,3))"/><!-- and -->
<mark id="tok_343" xlink:href="#xpointer(string-range(//body,'',1771,8))"/><!-- thinking -->
<mark id="tok_344" xlink:href="#xpointer(string-range(//body,'',1780,5))"/><!-- about -->
<mark id="tok_345" xlink:href="#xpointer(string-range(//body,'',1786,5))"/><!-- magic -->
<mark id="tok_346" xlink:href="#xpointer(string-range(//body,'',1792,3))"/><!-- can -->
<mark id="tok_347" xlink:href="#xpointer(string-range(//body,'',1796,7))"/><!-- produce -->
<mark id="tok_348" xlink:href="#xpointer(string-range(//body,'',1804,1))"/><!-- . -->
<mark id="tok_349" xlink:href="#xpointer(string-range(//body,'',1806,6))"/><!-- Anyone -->
<mark id="tok_350" xlink:href="#xpointer(string-range(//body,'',1813,3))"/><!-- can -->
<mark id="tok_351" xlink:href="#xpointer(string-range(//body,'',1817,6))"/><!-- become -->
<mark id="tok_352" xlink:href="#xpointer(string-range(//body,'',1824,1))"/><!-- a -->
<mark id="tok_353" xlink:href="#xpointer(string-range(//body,'',1826,6))"/><!-- monkey -->
<mark id="tok_354" xlink:href="#xpointer(string-range(//body,'',1833,1))"/><!-- ; -->
<mark id="tok_355" xlink:href="#xpointer(string-range(//body,'',1835,2))"/><!-- it -->
<mark id="tok_356" xlink:href="#xpointer(string-range(//body,'',1838,5))"/><!-- takes -->
<mark id="tok_357" xlink:href="#xpointer(string-range(//body,'',1844,7))"/><!-- serious -->
<mark id="tok_358" xlink:href="#xpointer(string-range(//body,'',1852,5))"/><!-- study -->
<mark id="tok_359" xlink:href="#xpointer(string-range(//body,'',1858,2))"/><!-- to -->
<mark id="tok_360" xlink:href="#xpointer(string-range(//body,'',1861,6))"/><!-- become -->
<mark id="tok_361" xlink:href="#xpointer(string-range(//body,'',1868,1))"/><!-- a -->
<mark id="tok_362" xlink:href="#xpointer(string-range(//body,'',1870,8))"/><!-- magician -->
<mark id="tok_363" xlink:href="#xpointer(string-range(//body,'',1879,1))"/><!-- . -->
<mark id="tok_364" xlink:href="#xpointer(string-range(//body,'',1881,2))"/><!-- Do -->
<mark id="tok_365" xlink:href="#xpointer(string-range(//body,'',1884,3))"/><!-- you -->
<mark id="tok_366" xlink:href="#xpointer(string-range(//body,'',1888,6))"/><!-- travel -->
<mark id="tok_367" xlink:href="#xpointer(string-range(//body,'',1895,4))"/><!-- much -->
<mark id="tok_368" xlink:href="#xpointer(string-range(//body,'',1900,2))"/><!-- in -->
<mark id="tok_369" xlink:href="#xpointer(string-range(//body,'',1903,4))"/><!-- your -->
<mark id="tok_370" xlink:href="#xpointer(string-range(//body,'',1908,7))"/><!-- current -->
<mark id="tok_371" xlink:href="#xpointer(string-range(//body,'',1916,4))"/><!-- role -->
<mark id="tok_372" xlink:href="#xpointer(string-range(//body,'',1921,1))"/><!-- ? -->
<mark id="tok_373" xlink:href="#xpointer(string-range(//body,'',1923,3))"/><!-- Yes -->
<mark id="tok_374" xlink:href="#xpointer(string-range(//body,'',1927,1))"/><!-- , -->
<mark id="tok_375" xlink:href="#xpointer(string-range(//body,'',1929,1))"/><!-- I -->
<mark id="tok_376" xlink:href="#xpointer(string-range(//body,'',1931,2))"/><!-- am -->
<mark id="tok_377" xlink:href="#xpointer(string-range(//body,'',1934,9))"/><!-- traveling -->
<mark id="tok_378" xlink:href="#xpointer(string-range(//body,'',1944,5))"/><!-- quite -->
<mark id="tok_379" xlink:href="#xpointer(string-range(//body,'',1950,1))"/><!-- a -->
<mark id="tok_380" xlink:href="#xpointer(string-range(//body,'',1952,3))"/><!-- bit -->
<mark id="tok_381" xlink:href="#xpointer(string-range(//body,'',1956,1))"/><!-- . -->
<mark id="tok_382" xlink:href="#xpointer(string-range(//body,'',1958,5))"/><!-- After -->
<mark id="tok_383" xlink:href="#xpointer(string-range(//body,'',1964,1))"/><!-- I -->
<mark id="tok_384" xlink:href="#xpointer(string-range(//body,'',1966,3))"/><!-- was -->
<mark id="tok_385" xlink:href="#xpointer(string-range(//body,'',1970,8))"/><!-- inducted -->
<mark id="tok_386" xlink:href="#xpointer(string-range(//body,'',1979,2))"/><!-- as -->
<mark id="tok_387" xlink:href="#xpointer(string-range(//body,'',1982,13))"/><!-- International -->
<mark id="tok_388" xlink:href="#xpointer(string-range(//body,'',1996,9))"/><!-- President -->
<mark id="tok_389" xlink:href="#xpointer(string-range(//body,'',2006,2))"/><!-- in -->
<mark id="tok_390" xlink:href="#xpointer(string-range(//body,'',2009,7))"/><!-- Phoenix -->
<mark id="tok_391" xlink:href="#xpointer(string-range(//body,'',2017,2))"/><!-- in -->
<mark id="tok_392" xlink:href="#xpointer(string-range(//body,'',2020,4))"/><!-- July -->
<mark id="tok_393" xlink:href="#xpointer(string-range(//body,'',2025,1))"/><!-- , -->
<mark id="tok_394" xlink:href="#xpointer(string-range(//body,'',2027,1))"/><!-- I -->
<mark id="tok_395" xlink:href="#xpointer(string-range(//body,'',2029,4))"/><!-- have -->
<mark id="tok_396" xlink:href="#xpointer(string-range(//body,'',2034,4))"/><!-- been -->
<mark id="tok_397" xlink:href="#xpointer(string-range(//body,'',2039,2))"/><!-- to -->
<mark id="tok_398" xlink:href="#xpointer(string-range(//body,'',2042,3))"/><!-- the -->
<mark id="tok_399" xlink:href="#xpointer(string-range(//body,'',2046,4))"/><!-- Jeff -->
<mark id="tok_400" xlink:href="#xpointer(string-range(//body,'',2051,7))"/><!-- McBride -->
<mark id="tok_401" xlink:href="#xpointer(string-range(//body,'',2059,10))"/><!-- Experience -->
<mark id="tok_402" xlink:href="#xpointer(string-range(//body,'',2070,2))"/><!-- in -->
<mark id="tok_403" xlink:href="#xpointer(string-range(//body,'',2073,6))"/><!-- Eureka -->
<mark id="tok_404" xlink:href="#xpointer(string-range(//body,'',2080,7))"/><!-- Springs -->
<mark id="tok_405" xlink:href="#xpointer(string-range(//body,'',2088,1))"/><!-- , -->
<mark id="tok_406" xlink:href="#xpointer(string-range(//body,'',2090,8))"/><!-- Arkansas -->
<mark id="tok_407" xlink:href="#xpointer(string-range(//body,'',2099,1))"/><!-- , -->
<mark id="tok_408" xlink:href="#xpointer(string-range(//body,'',2101,5))"/><!-- Magic -->
<mark id="tok_409" xlink:href="#xpointer(string-range(//body,'',2107,4))"/><!-- Live -->
<mark id="tok_410" xlink:href="#xpointer(string-range(//body,'',2112,2))"/><!-- in -->
<mark id="tok_411" xlink:href="#xpointer(string-range(//body,'',2115,3))"/><!-- Las -->
<mark id="tok_412" xlink:href="#xpointer(string-range(//body,'',2119,5))"/><!-- Vegas -->
<mark id="tok_413" xlink:href="#xpointer(string-range(//body,'',2125,1))"/><!-- , -->
<mark id="tok_414" xlink:href="#xpointer(string-range(//body,'',2127,3))"/><!-- The -->
<mark id="tok_415" xlink:href="#xpointer(string-range(//body,'',2131,7))"/><!-- Midwest -->
<mark id="tok_416" xlink:href="#xpointer(string-range(//body,'',2139,5))"/><!-- Magic -->
<mark id="tok_417" xlink:href="#xpointer(string-range(//body,'',2145,7))"/><!-- Jubilee -->
<mark id="tok_418" xlink:href="#xpointer(string-range(//body,'',2153,2))"/><!-- in -->
<mark id="tok_419" xlink:href="#xpointer(string-range(//body,'',2156,3))"/><!-- St. -->
<mark id="tok_420" xlink:href="#xpointer(string-range(//body,'',2160,5))"/><!-- Louis -->
<mark id="tok_421" xlink:href="#xpointer(string-range(//body,'',2166,1))"/><!-- , -->
<mark id="tok_422" xlink:href="#xpointer(string-range(//body,'',2168,3))"/><!-- the -->
<mark id="tok_423" xlink:href="#xpointer(string-range(//body,'',2172,4))"/><!-- TAOM -->
<mark id="tok_424" xlink:href="#xpointer(string-range(//body,'',2177,2))"/><!-- in -->
<mark id="tok_425" xlink:href="#xpointer(string-range(//body,'',2180,6))"/><!-- Dallas -->
<mark id="tok_426" xlink:href="#xpointer(string-range(//body,'',2187,1))"/><!-- , -->
<mark id="tok_427" xlink:href="#xpointer(string-range(//body,'',2189,3))"/><!-- the -->
<mark id="tok_428" xlink:href="#xpointer(string-range(//body,'',2193,7))"/><!-- British -->
<mark id="tok_429" xlink:href="#xpointer(string-range(//body,'',2201,4))"/><!-- Ring -->
<mark id="tok_430" xlink:href="#xpointer(string-range(//body,'',2206,10))"/><!-- Convention -->
<mark id="tok_431" xlink:href="#xpointer(string-range(//body,'',2217,2))"/><!-- in -->
<mark id="tok_432" xlink:href="#xpointer(string-range(//body,'',2220,6))"/><!-- Buxton -->
<mark id="tok_433" xlink:href="#xpointer(string-range(//body,'',2227,1))"/><!-- , -->
<mark id="tok_434" xlink:href="#xpointer(string-range(//body,'',2229,7))"/><!-- England -->
<mark id="tok_435" xlink:href="#xpointer(string-range(//body,'',2237,3))"/><!-- and -->
<mark id="tok_436" xlink:href="#xpointer(string-range(//body,'',2241,3))"/><!-- the -->
<mark id="tok_437" xlink:href="#xpointer(string-range(//body,'',2245,5))"/><!-- Magic -->
<mark id="tok_438" xlink:href="#xpointer(string-range(//body,'',2251,6))"/><!-- Circle -->
<mark id="tok_439" xlink:href="#xpointer(string-range(//body,'',2258,2))"/><!-- in -->
<mark id="tok_440" xlink:href="#xpointer(string-range(//body,'',2261,6))"/><!-- London -->
<mark id="tok_441" xlink:href="#xpointer(string-range(//body,'',2268,1))"/><!-- . -->
<mark id="tok_442" xlink:href="#xpointer(string-range(//body,'',2270,1))"/><!-- I -->
<mark id="tok_443" xlink:href="#xpointer(string-range(//body,'',2272,2))"/><!-- am -->
<mark id="tok_444" xlink:href="#xpointer(string-range(//body,'',2275,5))"/><!-- going -->
<mark id="tok_445" xlink:href="#xpointer(string-range(//body,'',2281,2))"/><!-- to -->
<mark id="tok_446" xlink:href="#xpointer(string-range(//body,'',2284,3))"/><!-- Las -->
<mark id="tok_447" xlink:href="#xpointer(string-range(//body,'',2288,5))"/><!-- Vegas -->
<mark id="tok_448" xlink:href="#xpointer(string-range(//body,'',2294,3))"/><!-- and -->
<mark id="tok_449" xlink:href="#xpointer(string-range(//body,'',2298,3))"/><!-- Los -->
<mark id="tok_450" xlink:href="#xpointer(string-range(//body,'',2302,7))"/><!-- Angeles -->
<mark id="tok_451" xlink:href="#xpointer(string-range(//body,'',2310,4))"/><!-- next -->
<mark id="tok_452" xlink:href="#xpointer(string-range(//body,'',2315,5))"/><!-- month -->
<mark id="tok_453" xlink:href="#xpointer(string-range(//body,'',2321,1))"/><!-- , -->
<mark id="tok_454" xlink:href="#xpointer(string-range(//body,'',2323,5))"/><!-- Italy -->
<mark id="tok_455" xlink:href="#xpointer(string-range(//body,'',2329,2))"/><!-- in -->
<mark id="tok_456" xlink:href="#xpointer(string-range(//body,'',2332,8))"/><!-- November -->
<mark id="tok_457" xlink:href="#xpointer(string-range(//body,'',2341,1))"/><!-- , -->
<mark id="tok_458" xlink:href="#xpointer(string-range(//body,'',2343,4))"/><!-- back -->
<mark id="tok_459" xlink:href="#xpointer(string-range(//body,'',2348,2))"/><!-- to -->
<mark id="tok_460" xlink:href="#xpointer(string-range(//body,'',2351,3))"/><!-- Las -->
<mark id="tok_461" xlink:href="#xpointer(string-range(//body,'',2355,5))"/><!-- Vegas -->
<mark id="tok_462" xlink:href="#xpointer(string-range(//body,'',2361,2))"/><!-- in -->
<mark id="tok_463" xlink:href="#xpointer(string-range(//body,'',2364,8))"/><!-- December -->
<mark id="tok_464" xlink:href="#xpointer(string-range(//body,'',2373,1))"/><!-- , -->
<mark id="tok_465" xlink:href="#xpointer(string-range(//body,'',2375,6))"/><!-- Mexico -->
<mark id="tok_466" xlink:href="#xpointer(string-range(//body,'',2382,2))"/><!-- in -->
<mark id="tok_467" xlink:href="#xpointer(string-range(//body,'',2385,7))"/><!-- January -->
<mark id="tok_468" xlink:href="#xpointer(string-range(//body,'',2393,1))"/><!-- , -->
<mark id="tok_469" xlink:href="#xpointer(string-range(//body,'',2395,9))"/><!-- Magi-Fest -->
<mark id="tok_470" xlink:href="#xpointer(string-range(//body,'',2405,2))"/><!-- in -->
<mark id="tok_471" xlink:href="#xpointer(string-range(//body,'',2408,8))"/><!-- February -->
<mark id="tok_472" xlink:href="#xpointer(string-range(//body,'',2417,1))"/><!-- , -->
<mark id="tok_473" xlink:href="#xpointer(string-range(//body,'',2419,3))"/><!-- the -->
<mark id="tok_474" xlink:href="#xpointer(string-range(//body,'',2423,6))"/><!-- Winter -->
<mark id="tok_475" xlink:href="#xpointer(string-range(//body,'',2430,8))"/><!-- Carnival -->
<mark id="tok_476" xlink:href="#xpointer(string-range(//body,'',2439,2))"/><!-- of -->
<mark id="tok_477" xlink:href="#xpointer(string-range(//body,'',2442,5))"/><!-- Magic -->
<mark id="tok_478" xlink:href="#xpointer(string-range(//body,'',2448,2))"/><!-- in -->
<mark id="tok_479" xlink:href="#xpointer(string-range(//body,'',2451,9))"/><!-- Tennessee -->
<mark id="tok_480" xlink:href="#xpointer(string-range(//body,'',2461,2))"/><!-- in -->
<mark id="tok_481" xlink:href="#xpointer(string-range(//body,'',2464,5))"/><!-- March -->
<mark id="tok_482" xlink:href="#xpointer(string-range(//body,'',2470,1))"/><!-- , -->
<mark id="tok_483" xlink:href="#xpointer(string-range(//body,'',2472,6))"/><!-- Eureka -->
<mark id="tok_484" xlink:href="#xpointer(string-range(//body,'',2479,7))"/><!-- Springs -->
<mark id="tok_485" xlink:href="#xpointer(string-range(//body,'',2487,9))"/><!-- Cavalcade -->
<mark id="tok_486" xlink:href="#xpointer(string-range(//body,'',2497,2))"/><!-- of -->
<mark id="tok_487" xlink:href="#xpointer(string-range(//body,'',2500,5))"/><!-- Magic -->
<mark id="tok_488" xlink:href="#xpointer(string-range(//body,'',2506,2))"/><!-- in -->
<mark id="tok_489" xlink:href="#xpointer(string-range(//body,'',2509,5))"/><!-- March -->
<mark id="tok_490" xlink:href="#xpointer(string-range(//body,'',2515,1))"/><!-- , -->
<mark id="tok_491" xlink:href="#xpointer(string-range(//body,'',2517,3))"/><!-- and -->
<mark id="tok_492" xlink:href="#xpointer(string-range(//body,'',2521,3))"/><!-- the -->
<mark id="tok_493" xlink:href="#xpointer(string-range(//body,'',2525,4))"/><!-- FFFF -->
<mark id="tok_494" xlink:href="#xpointer(string-range(//body,'',2530,2))"/><!-- in -->
<mark id="tok_495" xlink:href="#xpointer(string-range(//body,'',2533,5))"/><!-- April -->
<mark id="tok_496" xlink:href="#xpointer(string-range(//body,'',2539,1))"/><!-- . -->
<mark id="tok_497" xlink:href="#xpointer(string-range(//body,'',2541,4))"/><!-- That -->
<mark id="tok_498" xlink:href="#xpointer(string-range(//body,'',2546,2))"/><!-- &apos;s -->
<mark id="tok_499" xlink:href="#xpointer(string-range(//body,'',2549,2))"/><!-- as -->
<mark id="tok_500" xlink:href="#xpointer(string-range(//body,'',2552,2))"/><!-- of -->
<mark id="tok_501" xlink:href="#xpointer(string-range(//body,'',2555,3))"/><!-- now -->
<mark id="tok_502" xlink:href="#xpointer(string-range(//body,'',2559,1))"/><!-- . -->
<mark id="tok_503" xlink:href="#xpointer(string-range(//body,'',2561,4))"/><!-- File -->
<mark id="tok_504" xlink:href="#xpointer(string-range(//body,'',2566,5))"/><!-- photo -->
<mark id="tok_505" xlink:href="#xpointer(string-range(//body,'',2572,2))"/><!-- of -->
<mark id="tok_506" xlink:href="#xpointer(string-range(//body,'',2575,8))"/><!-- magician -->
<mark id="tok_507" xlink:href="#xpointer(string-range(//body,'',2584,5))"/><!-- David -->
<mark id="tok_508" xlink:href="#xpointer(string-range(//body,'',2590,4))"/><!-- Gish -->
<mark id="tok_509" xlink:href="#xpointer(string-range(//body,'',2595,10))"/><!-- displaying -->
<mark id="tok_510" xlink:href="#xpointer(string-range(//body,'',2606,5))"/><!-- magic -->
<mark id="tok_511" xlink:href="#xpointer(string-range(//body,'',2612,5))"/><!-- props -->
<mark id="tok_512" xlink:href="#xpointer(string-range(//body,'',2618,3))"/><!-- for -->
<mark id="tok_513" xlink:href="#xpointer(string-range(//body,'',2622,1))"/><!-- a -->
<mark id="tok_514" xlink:href="#xpointer(string-range(//body,'',2624,5))"/><!-- young -->
<mark id="tok_515" xlink:href="#xpointer(string-range(//body,'',2630,5))"/><!-- child -->
<mark id="tok_516" xlink:href="#xpointer(string-range(//body,'',2636,1))"/><!-- . -->
<mark id="tok_517" xlink:href="#xpointer(string-range(//body,'',2638,5))"/><!-- Image -->
<mark id="tok_518" xlink:href="#xpointer(string-range(//body,'',2644,1))"/><!-- : -->
<mark id="tok_519" xlink:href="#xpointer(string-range(//body,'',2646,4))"/><!-- Paul -->
<mark id="tok_520" xlink:href="#xpointer(string-range(//body,'',2651,4))"/><!-- Budd -->
<mark id="tok_521" xlink:href="#xpointer(string-range(//body,'',2656,1))"/><!-- . -->
</markList>
</paula>
