<?xml version="1.0" encoding="UTF-8" standalone="no"?>

<!DOCTYPE paula SYSTEM "paula_feat.dtd">
<paula version="1.0">

<header paula_id="GUM.GUM_interview_brotherhood_lemma"/>

<featList xmlns:xlink="http://www.w3.org/1999/xlink" type="lemma" xml:base="GUM.GUM_interview_brotherhood.tok.xml">
<feat xlink:href="#tok_1" value="Wikinews"/><!-- Wikinews...Magicians -->
<feat xlink:href="#tok_2" value="interview"/><!-- Wikinews...Magicians -->
<feat xlink:href="#tok_3" value="President"/><!-- Wikinews...Magicians -->
<feat xlink:href="#tok_4" value="of"/><!-- Wikinews...Magicians -->
<feat xlink:href="#tok_5" value="the"/><!-- Wikinews...Magicians -->
<feat xlink:href="#tok_6" value="International"/><!-- Wikinews...Magicians -->
<feat xlink:href="#tok_7" value="Brotherhood"/><!-- Wikinews...Magicians -->
<feat xlink:href="#tok_8" value="of"/><!-- Wikinews...Magicians -->
<feat xlink:href="#tok_9" value="magician"/><!-- Wikinews...Magicians -->
<feat xlink:href="#tok_10" value="Wednesday"/><!-- Wednesday...2013 -->
<feat xlink:href="#tok_11" value=","/><!-- Wednesday...2013 -->
<feat xlink:href="#tok_12" value="October"/><!-- Wednesday...2013 -->
<feat xlink:href="#tok_13" value="9"/><!-- Wednesday...2013 -->
<feat xlink:href="#tok_14" value=","/><!-- Wednesday...2013 -->
<feat xlink:href="#tok_15" value="@card@"/><!-- Wednesday...2013 -->
<feat xlink:href="#tok_16" value="October"/><!-- October.... -->
<feat xlink:href="#tok_17" value="be"/><!-- October.... -->
<feat xlink:href="#tok_18" value="National"/><!-- October.... -->
<feat xlink:href="#tok_19" value="Magic"/><!-- October.... -->
<feat xlink:href="#tok_20" value="month"/><!-- October.... -->
<feat xlink:href="#tok_21" value="in"/><!-- October.... -->
<feat xlink:href="#tok_22" value="the"/><!-- October.... -->
<feat xlink:href="#tok_23" value="United"/><!-- October.... -->
<feat xlink:href="#tok_24" value="States"/><!-- October.... -->
<feat xlink:href="#tok_25" value="."/><!-- October.... -->
<feat xlink:href="#tok_26" value="Wikinews"/><!-- Wikinews.... -->
<feat xlink:href="#tok_27" value="speak"/><!-- Wikinews -->
<feat xlink:href="#tok_28" value="with"/><!-- Wikinews -->
<feat xlink:href="#tok_29" value="William"/><!-- Wikinews -->
<feat xlink:href="#tok_30" value="Evans"/><!-- Wikinews -->
<feat xlink:href="#tok_31" value=","/><!-- Wikinews -->
<feat xlink:href="#tok_32" value="president"/><!-- Wikinews -->
<feat xlink:href="#tok_33" value="of"/><!-- Wikinews -->
<feat xlink:href="#tok_34" value="the"/><!-- Wikinews -->
<feat xlink:href="#tok_35" value="International"/><!-- Wikinews -->
<feat xlink:href="#tok_36" value="Brotherhood"/><!-- Wikinews -->
<feat xlink:href="#tok_37" value="of"/><!-- Wikinews -->
<feat xlink:href="#tok_38" value="magician"/><!-- Wikinews -->
<feat xlink:href="#tok_39" value=","/><!-- Wikinews -->
<feat xlink:href="#tok_40" value="about"/><!-- Wikinews -->
<feat xlink:href="#tok_41" value="the"/><!-- Wikinews -->
<feat xlink:href="#tok_42" value="current"/><!-- Wikinews -->
<feat xlink:href="#tok_43" value="state"/><!-- Wikinews -->
<feat xlink:href="#tok_44" value="of"/><!-- Wikinews -->
<feat xlink:href="#tok_45" value="magic"/><!-- Wikinews -->
<feat xlink:href="#tok_46" value="and"/><!-- Wikinews -->
<feat xlink:href="#tok_47" value="what"/><!-- Wikinews -->
<feat xlink:href="#tok_48" value="its"/><!-- Wikinews -->
<feat xlink:href="#tok_49" value="future"/><!-- Wikinews -->
<feat xlink:href="#tok_50" value="look"/><!-- Wikinews -->
<feat xlink:href="#tok_51" value="like"/><!-- Wikinews -->
<feat xlink:href="#tok_52" value="in"/><!-- Wikinews -->
<feat xlink:href="#tok_53" value="the"/><!-- Wikinews -->
<feat xlink:href="#tok_54" value="world"/><!-- Wikinews -->
<feat xlink:href="#tok_55" value="of"/><!-- Wikinews -->
<feat xlink:href="#tok_56" value="entertainment"/><!-- Wikinews -->
<feat xlink:href="#tok_57" value="."/><!-- Wikinews -->
<feat xlink:href="#tok_58" value="for"/><!-- For...? -->
<feat xlink:href="#tok_59" value="how"/><!-- For...? -->
<feat xlink:href="#tok_60" value="long"/><!-- For...? -->
<feat xlink:href="#tok_61" value="have"/><!-- For...? -->
<feat xlink:href="#tok_62" value="you"/><!-- For...? -->
<feat xlink:href="#tok_63" value="be"/><!-- For...? -->
<feat xlink:href="#tok_64" value="involve"/><!-- For...? -->
<feat xlink:href="#tok_65" value="in"/><!-- For...? -->
<feat xlink:href="#tok_66" value="perform"/><!-- For...? -->
<feat xlink:href="#tok_67" value="/"/><!-- For...? -->
<feat xlink:href="#tok_68" value="study"/><!-- For...? -->
<feat xlink:href="#tok_69" value="magic"/><!-- For...? -->
<feat xlink:href="#tok_70" value="?"/><!-- For...? -->
<feat xlink:href="#tok_71" value="over"/><!-- Over.... -->
<feat xlink:href="#tok_72" value="@card@"/><!-- Over.... -->
<feat xlink:href="#tok_73" value="year"/><!-- Over.... -->
<feat xlink:href="#tok_74" value="."/><!-- Over.... -->
<feat xlink:href="#tok_75" value="I"/><!-- I.... -->
<feat xlink:href="#tok_76" value="be"/><!-- I.... -->
<feat xlink:href="#tok_77" value="@card@"/><!-- I.... -->
<feat xlink:href="#tok_78" value="now"/><!-- I.... -->
<feat xlink:href="#tok_79" value="so"/><!-- I.... -->
<feat xlink:href="#tok_80" value="I"/><!-- I.... -->
<feat xlink:href="#tok_81" value="really"/><!-- I.... -->
<feat xlink:href="#tok_82" value="start"/><!-- I.... -->
<feat xlink:href="#tok_83" value="when"/><!-- I.... -->
<feat xlink:href="#tok_84" value="I"/><!-- I.... -->
<feat xlink:href="#tok_85" value="be"/><!-- I.... -->
<feat xlink:href="#tok_86" value="about"/><!-- I.... -->
<feat xlink:href="#tok_87" value="@card@"/><!-- I.... -->
<feat xlink:href="#tok_88" value="year"/><!-- I.... -->
<feat xlink:href="#tok_89" value="old"/><!-- I.... -->
<feat xlink:href="#tok_90" value="even"/><!-- I.... -->
<feat xlink:href="#tok_91" value="though"/><!-- I.... -->
<feat xlink:href="#tok_92" value="I"/><!-- I.... -->
<feat xlink:href="#tok_93" value="have"/><!-- I.... -->
<feat xlink:href="#tok_94" value="see"/><!-- I.... -->
<feat xlink:href="#tok_95" value="and"/><!-- I.... -->
<feat xlink:href="#tok_96" value="work"/><!-- I.... -->
<feat xlink:href="#tok_97" value="with"/><!-- I.... -->
<feat xlink:href="#tok_98" value="some"/><!-- I.... -->
<feat xlink:href="#tok_99" value="basic"/><!-- I.... -->
<feat xlink:href="#tok_100" value="trick"/><!-- I.... -->
<feat xlink:href="#tok_101" value="a"/><!-- I.... -->
<feat xlink:href="#tok_102" value="few"/><!-- I.... -->
<feat xlink:href="#tok_103" value="year"/><!-- I.... -->
<feat xlink:href="#tok_104" value="earlier"/><!-- I.... -->
<feat xlink:href="#tok_105" value="."/><!-- I.... -->
<feat xlink:href="#tok_106" value="I"/><!-- I.... -->
<feat xlink:href="#tok_107" value="remember"/><!-- I.... -->
<feat xlink:href="#tok_108" value="go"/><!-- I.... -->
<feat xlink:href="#tok_109" value="into"/><!-- I.... -->
<feat xlink:href="#tok_110" value="Hollywood"/><!-- I.... -->
<feat xlink:href="#tok_111" value="Magic"/><!-- I.... -->
<feat xlink:href="#tok_112" value="and"/><!-- I.... -->
<feat xlink:href="#tok_113" value="want"/><!-- I.... -->
<feat xlink:href="#tok_114" value="that"/><!-- I.... -->
<feat xlink:href="#tok_115" value="big"/><!-- I.... -->
<feat xlink:href="#tok_116" value="red"/><!-- I.... -->
<feat xlink:href="#tok_117" value="box"/><!-- I.... -->
<feat xlink:href="#tok_118" value="with"/><!-- I.... -->
<feat xlink:href="#tok_119" value="the"/><!-- I.... -->
<feat xlink:href="#tok_120" value="dragon"/><!-- I.... -->
<feat xlink:href="#tok_121" value="on"/><!-- I.... -->
<feat xlink:href="#tok_122" value="it"/><!-- I.... -->
<feat xlink:href="#tok_123" value="and"/><!-- I.... -->
<feat xlink:href="#tok_124" value="I"/><!-- I.... -->
<feat xlink:href="#tok_125" value="do"/><!-- I.... -->
<feat xlink:href="#tok_126" value="n&apos;t"/><!-- I.... -->
<feat xlink:href="#tok_127" value="even"/><!-- I.... -->
<feat xlink:href="#tok_128" value="know"/><!-- I.... -->
<feat xlink:href="#tok_129" value="what"/><!-- I.... -->
<feat xlink:href="#tok_130" value="it"/><!-- I.... -->
<feat xlink:href="#tok_131" value="do"/><!-- I.... -->
<feat xlink:href="#tok_132" value="."/><!-- I.... -->
<feat xlink:href="#tok_133" value="the"/><!-- The.... -->
<feat xlink:href="#tok_134" value="magician"/><!-- The.... -->
<feat xlink:href="#tok_135" value="behind"/><!-- The.... -->
<feat xlink:href="#tok_136" value="the"/><!-- The.... -->
<feat xlink:href="#tok_137" value="counter"/><!-- The.... -->
<feat xlink:href="#tok_138" value="be"/><!-- The.... -->
<feat xlink:href="#tok_139" value="wise"/><!-- The.... -->
<feat xlink:href="#tok_140" value="enough"/><!-- The.... -->
<feat xlink:href="#tok_141" value="not"/><!-- The.... -->
<feat xlink:href="#tok_142" value="to"/><!-- The.... -->
<feat xlink:href="#tok_143" value="sell"/><!-- The.... -->
<feat xlink:href="#tok_144" value="it"/><!-- The.... -->
<feat xlink:href="#tok_145" value="to"/><!-- The.... -->
<feat xlink:href="#tok_146" value="me"/><!-- The.... -->
<feat xlink:href="#tok_147" value=","/><!-- The.... -->
<feat xlink:href="#tok_148" value="but"/><!-- The.... -->
<feat xlink:href="#tok_149" value="instead"/><!-- The.... -->
<feat xlink:href="#tok_150" value="sell"/><!-- The.... -->
<feat xlink:href="#tok_151" value="me"/><!-- The.... -->
<feat xlink:href="#tok_152" value="two"/><!-- The.... -->
<feat xlink:href="#tok_153" value="book"/><!-- The.... -->
<feat xlink:href="#tok_154" value="which"/><!-- The.... -->
<feat xlink:href="#tok_155" value="I"/><!-- The.... -->
<feat xlink:href="#tok_156" value="still"/><!-- The.... -->
<feat xlink:href="#tok_157" value="own"/><!-- The.... -->
<feat xlink:href="#tok_158" value="today"/><!-- The.... -->
<feat xlink:href="#tok_159" value="-"/><!-- The.... -->
<feat xlink:href="#tok_160" value="&quot;"/><!-- The.... -->
<feat xlink:href="#tok_161" value="Scarne"/><!-- The.... -->
<feat xlink:href="#tok_162" value="on"/><!-- The.... -->
<feat xlink:href="#tok_163" value="Card"/><!-- The.... -->
<feat xlink:href="#tok_164" value="trick"/><!-- The.... -->
<feat xlink:href="#tok_165" value="&quot;"/><!-- The.... -->
<feat xlink:href="#tok_166" value="and"/><!-- The.... -->
<feat xlink:href="#tok_167" value="&quot;"/><!-- The.... -->
<feat xlink:href="#tok_168" value="Scarne"/><!-- The.... -->
<feat xlink:href="#tok_169" value="on"/><!-- The.... -->
<feat xlink:href="#tok_170" value="Magic"/><!-- The.... -->
<feat xlink:href="#tok_171" value="trick"/><!-- The.... -->
<feat xlink:href="#tok_172" value="&quot;"/><!-- The.... -->
<feat xlink:href="#tok_173" value="."/><!-- The.... -->
<feat xlink:href="#tok_174" value="that"/><!-- That.... -->
<feat xlink:href="#tok_175" value="start"/><!-- That.... -->
<feat xlink:href="#tok_176" value="me"/><!-- That.... -->
<feat xlink:href="#tok_177" value="out"/><!-- That.... -->
<feat xlink:href="#tok_178" value="on"/><!-- That.... -->
<feat xlink:href="#tok_179" value="book"/><!-- That.... -->
<feat xlink:href="#tok_180" value="and"/><!-- That.... -->
<feat xlink:href="#tok_181" value="I"/><!-- That.... -->
<feat xlink:href="#tok_182" value="have"/><!-- That.... -->
<feat xlink:href="#tok_183" value="amass"/><!-- That.... -->
<feat xlink:href="#tok_184" value="quite"/><!-- That.... -->
<feat xlink:href="#tok_185" value="a"/><!-- That.... -->
<feat xlink:href="#tok_186" value="few"/><!-- That.... -->
<feat xlink:href="#tok_187" value="since"/><!-- That.... -->
<feat xlink:href="#tok_188" value="then"/><!-- That.... -->
<feat xlink:href="#tok_189" value="."/><!-- That.... -->
<feat xlink:href="#tok_190" value="my"/><!-- My.... -->
<feat xlink:href="#tok_191" value="major"/><!-- My.... -->
<feat xlink:href="#tok_192" value="influence"/><!-- My.... -->
<feat xlink:href="#tok_193" value="on"/><!-- My.... -->
<feat xlink:href="#tok_194" value="performance"/><!-- My.... -->
<feat xlink:href="#tok_195" value="be"/><!-- My.... -->
<feat xlink:href="#tok_196" value="Eugene"/><!-- My.... -->
<feat xlink:href="#tok_197" value="Burger"/><!-- My.... -->
<feat xlink:href="#tok_198" value="and"/><!-- My.... -->
<feat xlink:href="#tok_199" value="Michael"/><!-- My.... -->
<feat xlink:href="#tok_200" value="Skinner"/><!-- My.... -->
<feat xlink:href="#tok_201" value="."/><!-- My.... -->
<feat xlink:href="#tok_202" value="October"/><!-- October.... -->
<feat xlink:href="#tok_203" value="be"/><!-- October...? -->
<feat xlink:href="#tok_204" value="National"/><!-- October...? -->
<feat xlink:href="#tok_205" value="Magic"/><!-- October...? -->
<feat xlink:href="#tok_206" value="month"/><!-- October...? -->
<feat xlink:href="#tok_207" value="in"/><!-- October...? -->
<feat xlink:href="#tok_208" value="the"/><!-- October...? -->
<feat xlink:href="#tok_209" value="US"/><!-- October...? -->
<feat xlink:href="#tok_210" value="."/><!-- October...? -->
<feat xlink:href="#tok_211" value="do"/><!-- Do...? -->
<feat xlink:href="#tok_212" value="you"/><!-- Do...? -->
<feat xlink:href="#tok_213" value="think"/><!-- Do...? -->
<feat xlink:href="#tok_214" value="magic"/><!-- Do...? -->
<feat xlink:href="#tok_215" value="be"/><!-- Do...? -->
<feat xlink:href="#tok_216" value="alive"/><!-- Do...? -->
<feat xlink:href="#tok_217" value="as"/><!-- Do...? -->
<feat xlink:href="#tok_218" value="a"/><!-- Do...? -->
<feat xlink:href="#tok_219" value="viable"/><!-- Do...? -->
<feat xlink:href="#tok_220" value="form"/><!-- Do...? -->
<feat xlink:href="#tok_221" value="of"/><!-- Do...? -->
<feat xlink:href="#tok_222" value="entertainment"/><!-- Do...? -->
<feat xlink:href="#tok_223" value="today"/><!-- Do...? -->
<feat xlink:href="#tok_224" value="?"/><!-- Do...? -->
<feat xlink:href="#tok_225" value="absolutely"/><!-- Absolutely.... -->
<feat xlink:href="#tok_226" value="."/><!-- Absolutely.... -->
<feat xlink:href="#tok_227" value="There"/><!-- There.... -->
<feat xlink:href="#tok_228" value="be"/><!-- There.... -->
<feat xlink:href="#tok_229" value="more"/><!-- There.... -->
<feat xlink:href="#tok_230" value="magician"/><!-- There.... -->
<feat xlink:href="#tok_231" value="work"/><!-- There.... -->
<feat xlink:href="#tok_232" value="today"/><!-- There.... -->
<feat xlink:href="#tok_233" value="than"/><!-- There.... -->
<feat xlink:href="#tok_234" value="ever"/><!-- There.... -->
<feat xlink:href="#tok_235" value="before"/><!-- There.... -->
<feat xlink:href="#tok_236" value="."/><!-- There.... -->
<feat xlink:href="#tok_237" value="There"/><!-- There.... -->
<feat xlink:href="#tok_238" value="will"/><!-- There.... -->
<feat xlink:href="#tok_239" value="always"/><!-- There.... -->
<feat xlink:href="#tok_240" value="be"/><!-- There.... -->
<feat xlink:href="#tok_241" value="an"/><!-- There.... -->
<feat xlink:href="#tok_242" value="audience"/><!-- There.... -->
<feat xlink:href="#tok_243" value="for"/><!-- There.... -->
<feat xlink:href="#tok_244" value="good"/><!-- There.... -->
<feat xlink:href="#tok_245" value="magician"/><!-- There.... -->
<feat xlink:href="#tok_246" value="do"/><!-- There.... -->
<feat xlink:href="#tok_247" value="good"/><!-- There.... -->
<feat xlink:href="#tok_248" value="magic"/><!-- There.... -->
<feat xlink:href="#tok_249" value="."/><!-- There.... -->
<feat xlink:href="#tok_250" value="have"/><!-- Has...? -->
<feat xlink:href="#tok_251" value="the"/><!-- Has...? -->
<feat xlink:href="#tok_252" value="Internet"/><!-- Has...? -->
<feat xlink:href="#tok_253" value="help"/><!-- Has...? -->
<feat xlink:href="#tok_254" value="or"/><!-- Has...? -->
<feat xlink:href="#tok_255" value="hurt"/><!-- Has...? -->
<feat xlink:href="#tok_256" value="magic"/><!-- Has...? -->
<feat xlink:href="#tok_257" value="?"/><!-- Has...? -->
<feat xlink:href="#tok_258" value="both"/><!-- Both.... -->
<feat xlink:href="#tok_259" value="."/><!-- Both.... -->
<feat xlink:href="#tok_260" value="I"/><!-- I.... -->
<feat xlink:href="#tok_261" value="think"/><!-- I.... -->
<feat xlink:href="#tok_262" value="it"/><!-- I.... -->
<feat xlink:href="#tok_263" value="have"/><!-- I.... -->
<feat xlink:href="#tok_264" value="help"/><!-- I.... -->
<feat xlink:href="#tok_265" value="draw"/><!-- I.... -->
<feat xlink:href="#tok_266" value="young"/><!-- I.... -->
<feat xlink:href="#tok_267" value="people"/><!-- I.... -->
<feat xlink:href="#tok_268" value="to"/><!-- I.... -->
<feat xlink:href="#tok_269" value="magic"/><!-- I.... -->
<feat xlink:href="#tok_270" value="as"/><!-- I.... -->
<feat xlink:href="#tok_271" value="a"/><!-- I.... -->
<feat xlink:href="#tok_272" value="hobby"/><!-- I.... -->
<feat xlink:href="#tok_273" value=","/><!-- I.... -->
<feat xlink:href="#tok_274" value="but"/><!-- I.... -->
<feat xlink:href="#tok_275" value="I"/><!-- I.... -->
<feat xlink:href="#tok_276" value="think"/><!-- I.... -->
<feat xlink:href="#tok_277" value="it"/><!-- I.... -->
<feat xlink:href="#tok_278" value="have"/><!-- I.... -->
<feat xlink:href="#tok_279" value="hurt"/><!-- I.... -->
<feat xlink:href="#tok_280" value="the"/><!-- I.... -->
<feat xlink:href="#tok_281" value="ability"/><!-- I.... -->
<feat xlink:href="#tok_282" value="of"/><!-- I.... -->
<feat xlink:href="#tok_283" value="young"/><!-- I.... -->
<feat xlink:href="#tok_284" value="magician"/><!-- I.... -->
<feat xlink:href="#tok_285" value="to"/><!-- I.... -->
<feat xlink:href="#tok_286" value="think"/><!-- I.... -->
<feat xlink:href="#tok_287" value="because"/><!-- I.... -->
<feat xlink:href="#tok_288" value="so"/><!-- I.... -->
<feat xlink:href="#tok_289" value="many"/><!-- I.... -->
<feat xlink:href="#tok_290" value="rely"/><!-- I.... -->
<feat xlink:href="#tok_291" value="on"/><!-- I.... -->
<feat xlink:href="#tok_292" value="the"/><!-- I.... -->
<feat xlink:href="#tok_293" value="Internet"/><!-- I.... -->
<feat xlink:href="#tok_294" value="for"/><!-- I.... -->
<feat xlink:href="#tok_295" value="everything"/><!-- I.... -->
<feat xlink:href="#tok_296" value="and"/><!-- I.... -->
<feat xlink:href="#tok_297" value="they"/><!-- I.... -->
<feat xlink:href="#tok_298" value="be"/><!-- I.... -->
<feat xlink:href="#tok_299" value="n&apos;t"/><!-- I.... -->
<feat xlink:href="#tok_300" value="read"/><!-- I.... -->
<feat xlink:href="#tok_301" value="the"/><!-- I.... -->
<feat xlink:href="#tok_302" value="book"/><!-- I.... -->
<feat xlink:href="#tok_303" value="."/><!-- I.... -->
<feat xlink:href="#tok_304" value="we"/><!-- We.... -->
<feat xlink:href="#tok_305" value="have"/><!-- We.... -->
<feat xlink:href="#tok_306" value="to"/><!-- We.... -->
<feat xlink:href="#tok_307" value="have"/><!-- We.... -->
<feat xlink:href="#tok_308" value="knowledge"/><!-- We.... -->
<feat xlink:href="#tok_309" value="of"/><!-- We.... -->
<feat xlink:href="#tok_310" value="the"/><!-- We.... -->
<feat xlink:href="#tok_311" value="history"/><!-- We.... -->
<feat xlink:href="#tok_312" value="of"/><!-- We.... -->
<feat xlink:href="#tok_313" value="magic"/><!-- We.... -->
<feat xlink:href="#tok_314" value="and"/><!-- We.... -->
<feat xlink:href="#tok_315" value="what"/><!-- We.... -->
<feat xlink:href="#tok_316" value="have"/><!-- We.... -->
<feat xlink:href="#tok_317" value="be"/><!-- We.... -->
<feat xlink:href="#tok_318" value="do"/><!-- We.... -->
<feat xlink:href="#tok_319" value="before"/><!-- We.... -->
<feat xlink:href="#tok_320" value="."/><!-- We.... -->
<feat xlink:href="#tok_321" value="moreover"/><!-- Moreover.... -->
<feat xlink:href="#tok_322" value=","/><!-- Moreover.... -->
<feat xlink:href="#tok_323" value="see"/><!-- Moreover.... -->
<feat xlink:href="#tok_324" value="someone"/><!-- Moreover.... -->
<feat xlink:href="#tok_325" value="perform"/><!-- Moreover.... -->
<feat xlink:href="#tok_326" value="on"/><!-- Moreover.... -->
<feat xlink:href="#tok_327" value="the"/><!-- Moreover.... -->
<feat xlink:href="#tok_328" value="Internet"/><!-- Moreover.... -->
<feat xlink:href="#tok_329" value="take"/><!-- Moreover.... -->
<feat xlink:href="#tok_330" value="away"/><!-- Moreover.... -->
<feat xlink:href="#tok_331" value="the"/><!-- Moreover.... -->
<feat xlink:href="#tok_332" value="use"/><!-- Moreover.... -->
<feat xlink:href="#tok_333" value="of"/><!-- Moreover.... -->
<feat xlink:href="#tok_334" value="our"/><!-- Moreover.... -->
<feat xlink:href="#tok_335" value="sense"/><!-- Moreover.... -->
<feat xlink:href="#tok_336" value=","/><!-- Moreover.... -->
<feat xlink:href="#tok_337" value="originality"/><!-- Moreover.... -->
<feat xlink:href="#tok_338" value="and"/><!-- Moreover.... -->
<feat xlink:href="#tok_339" value="imagination"/><!-- Moreover.... -->
<feat xlink:href="#tok_340" value="that"/><!-- Moreover.... -->
<feat xlink:href="#tok_341" value="read"/><!-- Moreover.... -->
<feat xlink:href="#tok_342" value="and"/><!-- Moreover.... -->
<feat xlink:href="#tok_343" value="think"/><!-- Moreover.... -->
<feat xlink:href="#tok_344" value="about"/><!-- Moreover.... -->
<feat xlink:href="#tok_345" value="magic"/><!-- Moreover.... -->
<feat xlink:href="#tok_346" value="can"/><!-- Moreover.... -->
<feat xlink:href="#tok_347" value="produce"/><!-- Moreover.... -->
<feat xlink:href="#tok_348" value="."/><!-- Moreover.... -->
<feat xlink:href="#tok_349" value="Anyone"/><!-- Anyone.... -->
<feat xlink:href="#tok_350" value="can"/><!-- Anyone.... -->
<feat xlink:href="#tok_351" value="become"/><!-- Anyone.... -->
<feat xlink:href="#tok_352" value="a"/><!-- Anyone.... -->
<feat xlink:href="#tok_353" value="monkey"/><!-- Anyone.... -->
<feat xlink:href="#tok_354" value=";"/><!-- Anyone.... -->
<feat xlink:href="#tok_355" value="it"/><!-- Anyone.... -->
<feat xlink:href="#tok_356" value="take"/><!-- Anyone.... -->
<feat xlink:href="#tok_357" value="serious"/><!-- Anyone.... -->
<feat xlink:href="#tok_358" value="study"/><!-- Anyone.... -->
<feat xlink:href="#tok_359" value="to"/><!-- Anyone.... -->
<feat xlink:href="#tok_360" value="become"/><!-- Anyone.... -->
<feat xlink:href="#tok_361" value="a"/><!-- Anyone.... -->
<feat xlink:href="#tok_362" value="magician"/><!-- Anyone.... -->
<feat xlink:href="#tok_363" value="."/><!-- Anyone.... -->
<feat xlink:href="#tok_364" value="do"/><!-- Do...? -->
<feat xlink:href="#tok_365" value="you"/><!-- Do...? -->
<feat xlink:href="#tok_366" value="travel"/><!-- Do...? -->
<feat xlink:href="#tok_367" value="much"/><!-- Do...? -->
<feat xlink:href="#tok_368" value="in"/><!-- Do...? -->
<feat xlink:href="#tok_369" value="your"/><!-- Do...? -->
<feat xlink:href="#tok_370" value="current"/><!-- Do...? -->
<feat xlink:href="#tok_371" value="role"/><!-- Do...? -->
<feat xlink:href="#tok_372" value="?"/><!-- Do...? -->
<feat xlink:href="#tok_373" value="yes"/><!-- Yes.... -->
<feat xlink:href="#tok_374" value=","/><!-- Yes.... -->
<feat xlink:href="#tok_375" value="I"/><!-- Yes.... -->
<feat xlink:href="#tok_376" value="be"/><!-- Yes.... -->
<feat xlink:href="#tok_377" value="travel"/><!-- Yes.... -->
<feat xlink:href="#tok_378" value="quite"/><!-- Yes.... -->
<feat xlink:href="#tok_379" value="a"/><!-- Yes.... -->
<feat xlink:href="#tok_380" value="bit"/><!-- Yes.... -->
<feat xlink:href="#tok_381" value="."/><!-- Yes.... -->
<feat xlink:href="#tok_382" value="after"/><!-- After.... -->
<feat xlink:href="#tok_383" value="I"/><!-- After.... -->
<feat xlink:href="#tok_384" value="be"/><!-- After.... -->
<feat xlink:href="#tok_385" value="induct"/><!-- After.... -->
<feat xlink:href="#tok_386" value="as"/><!-- After.... -->
<feat xlink:href="#tok_387" value="International"/><!-- After.... -->
<feat xlink:href="#tok_388" value="President"/><!-- After.... -->
<feat xlink:href="#tok_389" value="in"/><!-- After.... -->
<feat xlink:href="#tok_390" value="Phoenix"/><!-- After.... -->
<feat xlink:href="#tok_391" value="in"/><!-- After.... -->
<feat xlink:href="#tok_392" value="July"/><!-- After.... -->
<feat xlink:href="#tok_393" value=","/><!-- After.... -->
<feat xlink:href="#tok_394" value="I"/><!-- After.... -->
<feat xlink:href="#tok_395" value="have"/><!-- After.... -->
<feat xlink:href="#tok_396" value="be"/><!-- After.... -->
<feat xlink:href="#tok_397" value="to"/><!-- After.... -->
<feat xlink:href="#tok_398" value="the"/><!-- After.... -->
<feat xlink:href="#tok_399" value="Jeff"/><!-- After.... -->
<feat xlink:href="#tok_400" value="McBride"/><!-- After.... -->
<feat xlink:href="#tok_401" value="experience"/><!-- After.... -->
<feat xlink:href="#tok_402" value="in"/><!-- After.... -->
<feat xlink:href="#tok_403" value="Eureka"/><!-- After.... -->
<feat xlink:href="#tok_404" value="Springs"/><!-- After.... -->
<feat xlink:href="#tok_405" value=","/><!-- After.... -->
<feat xlink:href="#tok_406" value="Arkansas"/><!-- After.... -->
<feat xlink:href="#tok_407" value=","/><!-- After.... -->
<feat xlink:href="#tok_408" value="Magic"/><!-- After.... -->
<feat xlink:href="#tok_409" value="Live"/><!-- After.... -->
<feat xlink:href="#tok_410" value="in"/><!-- After.... -->
<feat xlink:href="#tok_411" value="Las"/><!-- After.... -->
<feat xlink:href="#tok_412" value="Vegas"/><!-- After.... -->
<feat xlink:href="#tok_413" value=","/><!-- After.... -->
<feat xlink:href="#tok_414" value="the"/><!-- After.... -->
<feat xlink:href="#tok_415" value="Midwest"/><!-- After.... -->
<feat xlink:href="#tok_416" value="Magic"/><!-- After.... -->
<feat xlink:href="#tok_417" value="Jubilee"/><!-- After.... -->
<feat xlink:href="#tok_418" value="in"/><!-- After.... -->
<feat xlink:href="#tok_419" value="St."/><!-- After.... -->
<feat xlink:href="#tok_420" value="Louis"/><!-- After.... -->
<feat xlink:href="#tok_421" value=","/><!-- After.... -->
<feat xlink:href="#tok_422" value="the"/><!-- After.... -->
<feat xlink:href="#tok_423" value="TAOM"/><!-- After.... -->
<feat xlink:href="#tok_424" value="in"/><!-- After.... -->
<feat xlink:href="#tok_425" value="Dallas"/><!-- After.... -->
<feat xlink:href="#tok_426" value=","/><!-- After.... -->
<feat xlink:href="#tok_427" value="the"/><!-- After.... -->
<feat xlink:href="#tok_428" value="British"/><!-- After.... -->
<feat xlink:href="#tok_429" value="Ring"/><!-- After.... -->
<feat xlink:href="#tok_430" value="Convention"/><!-- After.... -->
<feat xlink:href="#tok_431" value="in"/><!-- After.... -->
<feat xlink:href="#tok_432" value="Buxton"/><!-- After.... -->
<feat xlink:href="#tok_433" value=","/><!-- After.... -->
<feat xlink:href="#tok_434" value="England"/><!-- After.... -->
<feat xlink:href="#tok_435" value="and"/><!-- After.... -->
<feat xlink:href="#tok_436" value="the"/><!-- After.... -->
<feat xlink:href="#tok_437" value="Magic"/><!-- After.... -->
<feat xlink:href="#tok_438" value="Circle"/><!-- After.... -->
<feat xlink:href="#tok_439" value="in"/><!-- After.... -->
<feat xlink:href="#tok_440" value="London"/><!-- After.... -->
<feat xlink:href="#tok_441" value="."/><!-- After.... -->
<feat xlink:href="#tok_442" value="I"/><!-- I.... -->
<feat xlink:href="#tok_443" value="be"/><!-- I.... -->
<feat xlink:href="#tok_444" value="go"/><!-- I.... -->
<feat xlink:href="#tok_445" value="to"/><!-- I.... -->
<feat xlink:href="#tok_446" value="Las"/><!-- I.... -->
<feat xlink:href="#tok_447" value="Vegas"/><!-- I.... -->
<feat xlink:href="#tok_448" value="and"/><!-- I.... -->
<feat xlink:href="#tok_449" value="Los"/><!-- I.... -->
<feat xlink:href="#tok_450" value="Angeles"/><!-- I.... -->
<feat xlink:href="#tok_451" value="next"/><!-- I.... -->
<feat xlink:href="#tok_452" value="month"/><!-- next...month -->
<feat xlink:href="#tok_453" value=","/><!-- next...month -->
<feat xlink:href="#tok_454" value="Italy"/><!-- next...month -->
<feat xlink:href="#tok_455" value="in"/><!-- next...month -->
<feat xlink:href="#tok_456" value="November"/><!-- in...November -->
<feat xlink:href="#tok_457" value=","/><!-- in...November -->
<feat xlink:href="#tok_458" value="back"/><!-- in...November -->
<feat xlink:href="#tok_459" value="to"/><!-- in...November -->
<feat xlink:href="#tok_460" value="Las"/><!-- in...November -->
<feat xlink:href="#tok_461" value="Vegas"/><!-- in...November -->
<feat xlink:href="#tok_462" value="in"/><!-- in...November -->
<feat xlink:href="#tok_463" value="December"/><!-- in...December -->
<feat xlink:href="#tok_464" value=","/><!-- in...December -->
<feat xlink:href="#tok_465" value="Mexico"/><!-- in...December -->
<feat xlink:href="#tok_466" value="in"/><!-- in...December -->
<feat xlink:href="#tok_467" value="January"/><!-- in...January -->
<feat xlink:href="#tok_468" value=","/><!-- in...January -->
<feat xlink:href="#tok_469" value="Magi-Fest"/><!-- in...January -->
<feat xlink:href="#tok_470" value="in"/><!-- in...January -->
<feat xlink:href="#tok_471" value="February"/><!-- in...February -->
<feat xlink:href="#tok_472" value=","/><!-- in...February -->
<feat xlink:href="#tok_473" value="the"/><!-- in...February -->
<feat xlink:href="#tok_474" value="Winter"/><!-- in...February -->
<feat xlink:href="#tok_475" value="Carnival"/><!-- in...February -->
<feat xlink:href="#tok_476" value="of"/><!-- in...February -->
<feat xlink:href="#tok_477" value="Magic"/><!-- in...February -->
<feat xlink:href="#tok_478" value="in"/><!-- in...February -->
<feat xlink:href="#tok_479" value="Tennessee"/><!-- in...February -->
<feat xlink:href="#tok_480" value="in"/><!-- in...February -->
<feat xlink:href="#tok_481" value="March"/><!-- in...March -->
<feat xlink:href="#tok_482" value=","/><!-- in...March -->
<feat xlink:href="#tok_483" value="Eureka"/><!-- in...March -->
<feat xlink:href="#tok_484" value="Springs"/><!-- in...March -->
<feat xlink:href="#tok_485" value="cavalcade"/><!-- in...March -->
<feat xlink:href="#tok_486" value="of"/><!-- in...March -->
<feat xlink:href="#tok_487" value="Magic"/><!-- in...March -->
<feat xlink:href="#tok_488" value="in"/><!-- in...March -->
<feat xlink:href="#tok_489" value="March"/><!-- in...March -->
<feat xlink:href="#tok_490" value=","/><!-- in...March -->
<feat xlink:href="#tok_491" value="and"/><!-- in...March -->
<feat xlink:href="#tok_492" value="the"/><!-- in...March -->
<feat xlink:href="#tok_493" value="FFFF"/><!-- in...March -->
<feat xlink:href="#tok_494" value="in"/><!-- in...March -->
<feat xlink:href="#tok_495" value="April"/><!-- in...April -->
<feat xlink:href="#tok_496" value="."/><!-- in...April -->
<feat xlink:href="#tok_497" value="that"/><!-- That.... -->
<feat xlink:href="#tok_498" value="be"/><!-- That.... -->
<feat xlink:href="#tok_499" value="as"/><!-- That.... -->
<feat xlink:href="#tok_500" value="of"/><!-- That.... -->
<feat xlink:href="#tok_501" value="now"/><!-- That.... -->
<feat xlink:href="#tok_502" value="."/><!-- That.... -->
<feat xlink:href="#tok_503" value="file"/><!-- File.... -->
<feat xlink:href="#tok_504" value="photo"/><!-- File.... -->
<feat xlink:href="#tok_505" value="of"/><!-- File.... -->
<feat xlink:href="#tok_506" value="magician"/><!-- File.... -->
<feat xlink:href="#tok_507" value="David"/><!-- File.... -->
<feat xlink:href="#tok_508" value="Gish"/><!-- File.... -->
<feat xlink:href="#tok_509" value="display"/><!-- File.... -->
<feat xlink:href="#tok_510" value="magic"/><!-- File.... -->
<feat xlink:href="#tok_511" value="prop"/><!-- File.... -->
<feat xlink:href="#tok_512" value="for"/><!-- File.... -->
<feat xlink:href="#tok_513" value="a"/><!-- File.... -->
<feat xlink:href="#tok_514" value="young"/><!-- File.... -->
<feat xlink:href="#tok_515" value="child"/><!-- File.... -->
<feat xlink:href="#tok_516" value="."/><!-- File.... -->
<feat xlink:href="#tok_517" value="image"/><!-- Image.... -->
<feat xlink:href="#tok_518" value=":"/><!-- Image.... -->
<feat xlink:href="#tok_519" value="Paul"/><!-- Image.... -->
<feat xlink:href="#tok_520" value="Budd"/><!-- Image.... -->
<feat xlink:href="#tok_521" value="."/><!-- Image.... -->
</featList>
</paula>
