<?xml version="1.0" encoding="UTF-8" standalone="no"?>

<!DOCTYPE paula SYSTEM "paula_feat.dtd">
<paula version="1.0">

<header paula_id="ref.GUM.GUM_interview_brotherhood.referentSeg_coref_type"/>

<featList xmlns:xlink="http://www.w3.org/1999/xlink" type="type" xml:base="ref.GUM.GUM_interview_brotherhood.referentSeg_coref.xml">
	<feat xlink:href="#rel_1" value="coref"/>
	<feat xlink:href="#rel_2" value="coref"/>
	<feat xlink:href="#rel_3" value="coref"/>
	<feat xlink:href="#rel_4" value="appos"/>
	<feat xlink:href="#rel_5" value="coref"/>
	<feat xlink:href="#rel_6" value="ana"/>
	<feat xlink:href="#rel_7" value="ana"/>
	<feat xlink:href="#rel_8" value="ana"/>
	<feat xlink:href="#rel_9" value="ana"/>
	<feat xlink:href="#rel_10" value="ana"/>
	<feat xlink:href="#rel_11" value="bridge"/>
	<feat xlink:href="#rel_12" value="ana"/>
	<feat xlink:href="#rel_13" value="bridge"/>
	<feat xlink:href="#rel_14" value="ana"/>
	<feat xlink:href="#rel_15" value="ana"/>
	<feat xlink:href="#rel_16" value="ana"/>
	<feat xlink:href="#rel_17" value="ana"/>
	<feat xlink:href="#rel_18" value="ana"/>
	<feat xlink:href="#rel_19" value="ana"/>
	<feat xlink:href="#rel_20" value="ana"/>
	<feat xlink:href="#rel_21" value="appos"/>
	<feat xlink:href="#rel_22" value="ana"/>
	<feat xlink:href="#rel_23" value="ana"/>
	<feat xlink:href="#rel_24" value="ana"/>
	<feat xlink:href="#rel_25" value="bridge"/>
	<feat xlink:href="#rel_26" value="bridge"/>
	<feat xlink:href="#rel_27" value="ana"/>
	<feat xlink:href="#rel_28" value="coref"/>
	<feat xlink:href="#rel_29" value="coref"/>
	<feat xlink:href="#rel_30" value="coref"/>
	<feat xlink:href="#rel_31" value="coref"/>
	<feat xlink:href="#rel_32" value="coref"/>
	<feat xlink:href="#rel_33" value="bridge"/>
	<feat xlink:href="#rel_34" value="coref"/>
	<feat xlink:href="#rel_35" value="coref"/>
	<feat xlink:href="#rel_36" value="bridge"/>
	<feat xlink:href="#rel_37" value="bridge"/>
	<feat xlink:href="#rel_38" value="bridge"/>
	<feat xlink:href="#rel_39" value="coref"/>
	<feat xlink:href="#rel_40" value="coref"/>
	<feat xlink:href="#rel_41" value="ana"/>
	<feat xlink:href="#rel_42" value="bridge"/>
	<feat xlink:href="#rel_43" value="ana"/>
	<feat xlink:href="#rel_44" value="bridge"/>
	<feat xlink:href="#rel_45" value="bridge"/>
	<feat xlink:href="#rel_46" value="coref"/>
	<feat xlink:href="#rel_47" value="ana"/>
	<feat xlink:href="#rel_48" value="coref"/>
	<feat xlink:href="#rel_49" value="coref"/>
	<feat xlink:href="#rel_50" value="coref"/>
	<feat xlink:href="#rel_51" value="coref"/>
	<feat xlink:href="#rel_52" value="bridge"/>
	<feat xlink:href="#rel_53" value="ana"/>
	<feat xlink:href="#rel_54" value="ana"/>
	<feat xlink:href="#rel_55" value="coref"/>
	<feat xlink:href="#rel_56" value="ana"/>
	<feat xlink:href="#rel_57" value="coref"/>
	<feat xlink:href="#rel_58" value="coref"/>
	<feat xlink:href="#rel_59" value="coref"/>
	<feat xlink:href="#rel_60" value="coref"/>
	<feat xlink:href="#rel_61" value="ana"/>
	<feat xlink:href="#rel_62" value="coref"/>
	<feat xlink:href="#rel_63" value="ana"/>
	<feat xlink:href="#rel_64" value="ana"/>
	<feat xlink:href="#rel_65" value="ana"/>
	<feat xlink:href="#rel_66" value="ana"/>
	<feat xlink:href="#rel_67" value="ana"/>
	<feat xlink:href="#rel_68" value="coref"/>
</featList>
</paula>
