<?xml version="1.0" encoding="UTF-8" standalone="no"?>

<!DOCTYPE paula SYSTEM "paula_feat.dtd">
<paula version="1.0">

<header paula_id="ref.GUM.GUM_interview_brotherhood.referentSeg_entity"/>

<featList xmlns:xlink="http://www.w3.org/1999/xlink" type="entity" xml:base="ref.GUM.GUM_interview_brotherhood.referentSeg.xml">
	<feat xlink:href="#referent_1" value="organization"/>
	<feat xlink:href="#referent_2" value="organization"/>
	<feat xlink:href="#referent_3" value="person"/>
	<feat xlink:href="#referent_4" value="time"/>
	<feat xlink:href="#referent_5" value="time"/>
	<feat xlink:href="#referent_6" value="time"/>
	<feat xlink:href="#referent_7" value="time"/>
	<feat xlink:href="#referent_8" value="place"/>
	<feat xlink:href="#referent_9" value="organization"/>
	<feat xlink:href="#referent_10" value="person"/>
	<feat xlink:href="#referent_11" value="person"/>
	<feat xlink:href="#referent_12" value="organization"/>
	<feat xlink:href="#referent_13" value="abstract"/>
	<feat xlink:href="#referent_14" value="time"/>
	<feat xlink:href="#referent_15" value="abstract"/>
	<feat xlink:href="#referent_16" value="abstract"/>
	<feat xlink:href="#referent_17" value="time"/>
	<feat xlink:href="#referent_18" value="person"/>
	<feat xlink:href="#referent_19" value="person"/>
	<feat xlink:href="#referent_20" value="person"/>
	<feat xlink:href="#referent_21" value="person"/>
	<feat xlink:href="#referent_22" value="person"/>
	<feat xlink:href="#referent_23" value="abstract"/>
	<feat xlink:href="#referent_24" value="abstract"/>
	<feat xlink:href="#referent_25" value="abstract"/>
	<feat xlink:href="#referent_26" value="object"/>
	<feat xlink:href="#referent_27" value="object"/>
	<feat xlink:href="#referent_28" value="place"/>
	<feat xlink:href="#referent_29" value="place"/>
	<feat xlink:href="#referent_30" value="time"/>
	<feat xlink:href="#referent_31" value="person"/>
	<feat xlink:href="#referent_32" value="person"/>
	<feat xlink:href="#referent_33" value="object"/>
	<feat xlink:href="#referent_34" value="person"/>
	<feat xlink:href="#referent_35" value="object"/>
	<feat xlink:href="#referent_36" value="person"/>
	<feat xlink:href="#referent_37" value="person"/>
	<feat xlink:href="#referent_38" value="person"/>
	<feat xlink:href="#referent_39" value="object"/>
	<feat xlink:href="#referent_40" value="object"/>
	<feat xlink:href="#referent_41" value="person"/>
	<feat xlink:href="#referent_42" value="person"/>
	<feat xlink:href="#referent_43" value="event"/>
	<feat xlink:href="#referent_44" value="event"/>
	<feat xlink:href="#referent_45" value="object"/>
	<feat xlink:href="#referent_46" value="object"/>
	<feat xlink:href="#referent_47" value="event"/>
	<feat xlink:href="#referent_48" value="abstract"/>
	<feat xlink:href="#referent_49" value="person"/>
	<feat xlink:href="#referent_50" value="person"/>
	<feat xlink:href="#referent_51" value="time"/>
	<feat xlink:href="#referent_52" value="time"/>
	<feat xlink:href="#referent_53" value="place"/>
	<feat xlink:href="#referent_54" value="person"/>
	<feat xlink:href="#referent_55" value="abstract"/>
	<feat xlink:href="#referent_56" value="abstract"/>
	<feat xlink:href="#referent_57" value="time"/>
	<feat xlink:href="#referent_58" value="person"/>
	<feat xlink:href="#referent_59" value="time"/>
	<feat xlink:href="#referent_60" value="person"/>
	<feat xlink:href="#referent_61" value="person"/>
	<feat xlink:href="#referent_62" value="person"/>
	<feat xlink:href="#referent_63" value="abstract"/>
	<feat xlink:href="#referent_64" value="abstract"/>
	<feat xlink:href="#referent_65" value="abstract"/>
	<feat xlink:href="#referent_66" value="person"/>
	<feat xlink:href="#referent_67" value="abstract"/>
	<feat xlink:href="#referent_68" value="abstract"/>
	<feat xlink:href="#referent_69" value="person"/>
	<feat xlink:href="#referent_70" value="person"/>
	<feat xlink:href="#referent_71" value="person"/>
	<feat xlink:href="#referent_72" value="person"/>
	<feat xlink:href="#referent_73" value="person"/>
	<feat xlink:href="#referent_74" value="person"/>
	<feat xlink:href="#referent_75" value="abstract"/>
	<feat xlink:href="#referent_76" value="person"/>
	<feat xlink:href="#referent_77" value="object"/>
	<feat xlink:href="#referent_78" value="abstract"/>
	<feat xlink:href="#referent_79" value="abstract"/>
	<feat xlink:href="#referent_80" value="abstract"/>
	<feat xlink:href="#referent_81" value="abstract"/>
	<feat xlink:href="#referent_82" value="abstract"/>
	<feat xlink:href="#referent_83" value="abstract"/>
	<feat xlink:href="#referent_84" value="abstract"/>
	<feat xlink:href="#referent_85" value="abstract"/>
	<feat xlink:href="#referent_86" value="animal"/>
	<feat xlink:href="#referent_87" value="abstract"/>
	<feat xlink:href="#referent_88" value="person"/>
	<feat xlink:href="#referent_89" value="person"/>
	<feat xlink:href="#referent_90" value="person"/>
	<feat xlink:href="#referent_91" value="person"/>
	<feat xlink:href="#referent_92" value="person"/>
	<feat xlink:href="#referent_93" value="place"/>
	<feat xlink:href="#referent_94" value="time"/>
	<feat xlink:href="#referent_95" value="place"/>
	<feat xlink:href="#referent_96" value="place"/>
	<feat xlink:href="#referent_97" value="place"/>
	<feat xlink:href="#referent_98" value="place"/>
	<feat xlink:href="#referent_99" value="event"/>
	<feat xlink:href="#referent_100" value="place"/>
	<feat xlink:href="#referent_101" value="event"/>
	<feat xlink:href="#referent_102" value="place"/>
	<feat xlink:href="#referent_103" value="event"/>
	<feat xlink:href="#referent_104" value="place"/>
	<feat xlink:href="#referent_105" value="organization"/>
	<feat xlink:href="#referent_106" value="place"/>
	<feat xlink:href="#referent_107" value="place"/>
	<feat xlink:href="#referent_108" value="place"/>
	<feat xlink:href="#referent_109" value="time"/>
	<feat xlink:href="#referent_110" value="time"/>
	<feat xlink:href="#referent_111" value="time"/>
	<feat xlink:href="#referent_112" value="time"/>
	<feat xlink:href="#referent_113" value="time"/>
	<feat xlink:href="#referent_114" value="time"/>
	<feat xlink:href="#referent_115" value="time"/>
	<feat xlink:href="#referent_116" value="time"/>
	<feat xlink:href="#referent_117" value="place"/>
	<feat xlink:href="#referent_118" value="place"/>
	<feat xlink:href="#referent_119" value="event"/>
	<feat xlink:href="#referent_120" value="event"/>
	<feat xlink:href="#referent_121" value="place"/>
	<feat xlink:href="#referent_122" value="event"/>
	<feat xlink:href="#referent_123" value="event"/>
	<feat xlink:href="#referent_124" value="time"/>
	<feat xlink:href="#referent_125" value="event"/>
	<feat xlink:href="#referent_126" value="event"/>
	<feat xlink:href="#referent_127" value="object"/>
	<feat xlink:href="#referent_128" value="person"/>
	<feat xlink:href="#referent_129" value="person"/>
	<feat xlink:href="#referent_130" value="object"/>
	<feat xlink:href="#referent_131" value="person"/>
	<feat xlink:href="#referent_132" value="object"/>
	<feat xlink:href="#referent_133" value="place"/>
	<feat xlink:href="#referent_134" value="person"/>
	<feat xlink:href="#referent_135" value="person"/>
</featList>
</paula>
