<?xml version="1.0" encoding="UTF-8" standalone="no"?>
<!DOCTYPE paula SYSTEM "paula_mark.dtd">
<paula version="1.0">

<header paula_id="ref.GUM.GUM_interview_brotherhood_referentSeg"/>

<markList xmlns:xlink="http://www.w3.org/1999/xlink" type="referentSeg" xml:base="GUM.GUM_interview_brotherhood.tok.xml">
	<mark id="referent_1" xlink:href="#tok_1"/>
	<mark id="referent_2" xlink:href="#xpointer(id('tok_5')/range-to(id('tok_9')))"/>
	<mark id="referent_3" xlink:href="#xpointer(id('tok_3')/range-to(id('tok_9')))"/>
	<mark id="referent_4" xlink:href="#xpointer(id('tok_10')/range-to(id('tok_15')))"/>
	<mark id="referent_5" xlink:href="#tok_12"/>
	<mark id="referent_6" xlink:href="#tok_16"/>
	<mark id="referent_7" xlink:href="#xpointer(id('tok_18')/range-to(id('tok_20')))"/>
	<mark id="referent_8" xlink:href="#xpointer(id('tok_22')/range-to(id('tok_24')))"/>
	<mark id="referent_9" xlink:href="#tok_26"/>
	<mark id="referent_10" xlink:href="#xpointer(id('tok_29')/range-to(id('tok_30')))"/>
	<mark id="referent_11" xlink:href="#xpointer(id('tok_32')/range-to(id('tok_38')))"/>
	<mark id="referent_12" xlink:href="#xpointer(id('tok_34')/range-to(id('tok_38')))"/>
	<mark id="referent_13" xlink:href="#tok_45"/>
	<mark id="referent_14" xlink:href="#xpointer(id('tok_48')/range-to(id('tok_49')))"/>
	<mark id="referent_15" xlink:href="#xpointer(id('tok_53')/range-to(id('tok_56')))"/>
	<mark id="referent_16" xlink:href="#tok_69"/>
	<mark id="referent_17" xlink:href="#xpointer(id('tok_72')/range-to(id('tok_73')))"/>
	<mark id="referent_18" xlink:href="#tok_62"/>
	<mark id="referent_19" xlink:href="#tok_75"/>
	<mark id="referent_20" xlink:href="#tok_80"/>
	<mark id="referent_21" xlink:href="#tok_84"/>
	<mark id="referent_22" xlink:href="#tok_92"/>
	<mark id="referent_23" xlink:href="#xpointer(id('tok_98')/range-to(id('tok_100')))"/>
	<mark id="referent_24" xlink:href="#xpointer(id('tok_41')/range-to(id('tok_45')))"/>
	<mark id="referent_25" xlink:href="#tok_48"/>
	<mark id="referent_26" xlink:href="#xpointer(id('tok_114')/range-to(id('tok_120')))"/>
	<mark id="referent_27" xlink:href="#tok_122"/>
	<mark id="referent_28" xlink:href="#xpointer(id('tok_110')/range-to(id('tok_111')))"/>
	<mark id="referent_29" xlink:href="#xpointer(id('tok_136')/range-to(id('tok_137')))"/>
	<mark id="referent_30" xlink:href="#xpointer(id('tok_101')/range-to(id('tok_104')))"/>
	<mark id="referent_31" xlink:href="#tok_124"/>
	<mark id="referent_32" xlink:href="#tok_106"/>
	<mark id="referent_33" xlink:href="#tok_130"/>
	<mark id="referent_34" xlink:href="#xpointer(id('tok_133')/range-to(id('tok_137')))"/>
	<mark id="referent_35" xlink:href="#tok_144"/>
	<mark id="referent_36" xlink:href="#tok_146"/>
	<mark id="referent_37" xlink:href="#tok_151"/>
	<mark id="referent_38" xlink:href="#tok_155"/>
	<mark id="referent_39" xlink:href="#xpointer(id('tok_152')/range-to(id('tok_153')))"/>
	<mark id="referent_40" xlink:href="#xpointer(id('tok_160')/range-to(id('tok_172')))"/>
	<mark id="referent_41" xlink:href="#tok_176"/>
	<mark id="referent_42" xlink:href="#tok_181"/>
	<mark id="referent_43" xlink:href="#tok_174"/>
	<mark id="referent_44" xlink:href="#xpointer(id('tok_150')/range-to(id('tok_153')))"/>
	<mark id="referent_45" xlink:href="#tok_179"/>
	<mark id="referent_46" xlink:href="#xpointer(id('tok_184')/range-to(id('tok_186')))"/>
	<mark id="referent_47" xlink:href="#tok_188"/>
	<mark id="referent_48" xlink:href="#xpointer(id('tok_190')/range-to(id('tok_194')))"/>
	<mark id="referent_49" xlink:href="#xpointer(id('tok_196')/range-to(id('tok_197')))"/>
	<mark id="referent_50" xlink:href="#xpointer(id('tok_199')/range-to(id('tok_200')))"/>
	<mark id="referent_51" xlink:href="#tok_202"/>
	<mark id="referent_52" xlink:href="#xpointer(id('tok_204')/range-to(id('tok_206')))"/>
	<mark id="referent_53" xlink:href="#xpointer(id('tok_208')/range-to(id('tok_209')))"/>
	<mark id="referent_54" xlink:href="#tok_212"/>
	<mark id="referent_55" xlink:href="#tok_214"/>
	<mark id="referent_56" xlink:href="#xpointer(id('tok_218')/range-to(id('tok_222')))"/>
	<mark id="referent_57" xlink:href="#tok_223"/>
	<mark id="referent_58" xlink:href="#xpointer(id('tok_229')/range-to(id('tok_230')))"/>
	<mark id="referent_59" xlink:href="#tok_232"/>
	<mark id="referent_60" xlink:href="#tok_38"/>
	<mark id="referent_61" xlink:href="#tok_9"/>
	<mark id="referent_62" xlink:href="#xpointer(id('tok_244')/range-to(id('tok_245')))"/>
	<mark id="referent_63" xlink:href="#xpointer(id('tok_247')/range-to(id('tok_248')))"/>
	<mark id="referent_64" xlink:href="#tok_256"/>
	<mark id="referent_65" xlink:href="#xpointer(id('tok_251')/range-to(id('tok_252')))"/>
	<mark id="referent_66" xlink:href="#xpointer(id('tok_266')/range-to(id('tok_267')))"/>
	<mark id="referent_67" xlink:href="#tok_269"/>
	<mark id="referent_68" xlink:href="#xpointer(id('tok_271')/range-to(id('tok_272')))"/>
	<mark id="referent_69" xlink:href="#tok_275"/>
	<mark id="referent_70" xlink:href="#tok_304"/>
	<mark id="referent_71" xlink:href="#tok_365"/>
	<mark id="referent_72" xlink:href="#tok_375"/>
	<mark id="referent_73" xlink:href="#xpointer(id('tok_283')/range-to(id('tok_284')))"/>
	<mark id="referent_74" xlink:href="#xpointer(id('tok_288')/range-to(id('tok_289')))"/>
	<mark id="referent_75" xlink:href="#xpointer(id('tok_292')/range-to(id('tok_293')))"/>
	<mark id="referent_76" xlink:href="#tok_297"/>
	<mark id="referent_77" xlink:href="#xpointer(id('tok_301')/range-to(id('tok_302')))"/>
	<mark id="referent_78" xlink:href="#xpointer(id('tok_308')/range-to(id('tok_313')))"/>
	<mark id="referent_79" xlink:href="#tok_313"/>
	<mark id="referent_80" xlink:href="#xpointer(id('tok_327')/range-to(id('tok_328')))"/>
	<mark id="referent_81" xlink:href="#tok_345"/>
	<mark id="referent_82" xlink:href="#xpointer(id('tok_331')/range-to(id('tok_335')))"/>
	<mark id="referent_83" xlink:href="#tok_337"/>
	<mark id="referent_84" xlink:href="#tok_339"/>
	<mark id="referent_85" xlink:href="#xpointer(id('tok_341')/range-to(id('tok_345')))"/>
	<mark id="referent_86" xlink:href="#xpointer(id('tok_352')/range-to(id('tok_353')))"/>
	<mark id="referent_87" xlink:href="#xpointer(id('tok_357')/range-to(id('tok_358')))"/>
	<mark id="referent_88" xlink:href="#xpointer(id('tok_361')/range-to(id('tok_362')))"/>
	<mark id="referent_89" xlink:href="#xpointer(id('tok_387')/range-to(id('tok_388')))"/>
	<mark id="referent_90" xlink:href="#tok_383"/>
	<mark id="referent_91" xlink:href="#tok_394"/>
	<mark id="referent_92" xlink:href="#tok_442"/>
	<mark id="referent_93" xlink:href="#tok_390"/>
	<mark id="referent_94" xlink:href="#tok_392"/>
	<mark id="referent_95" xlink:href="#xpointer(id('tok_398')/range-to(id('tok_401')))"/>
	<mark id="referent_96" xlink:href="#xpointer(id('tok_403')/range-to(id('tok_406')))"/>
	<mark id="referent_97" xlink:href="#xpointer(id('tok_408')/range-to(id('tok_409')))"/>
	<mark id="referent_98" xlink:href="#xpointer(id('tok_411')/range-to(id('tok_412')))"/>
	<mark id="referent_99" xlink:href="#xpointer(id('tok_414')/range-to(id('tok_417')))"/>
	<mark id="referent_100" xlink:href="#tok_420"/>
	<mark id="referent_101" xlink:href="#xpointer(id('tok_422')/range-to(id('tok_423')))"/>
	<mark id="referent_102" xlink:href="#tok_425"/>
	<mark id="referent_103" xlink:href="#xpointer(id('tok_427')/range-to(id('tok_430')))"/>
	<mark id="referent_104" xlink:href="#xpointer(id('tok_432')/range-to(id('tok_434')))"/>
	<mark id="referent_105" xlink:href="#xpointer(id('tok_436')/range-to(id('tok_438')))"/>
	<mark id="referent_106" xlink:href="#tok_440"/>
	<mark id="referent_107" xlink:href="#xpointer(id('tok_446')/range-to(id('tok_447')))"/>
	<mark id="referent_108" xlink:href="#xpointer(id('tok_449')/range-to(id('tok_450')))"/>
	<mark id="referent_109" xlink:href="#xpointer(id('tok_451')/range-to(id('tok_452')))"/>
	<mark id="referent_110" xlink:href="#tok_456"/>
	<mark id="referent_111" xlink:href="#tok_463"/>
	<mark id="referent_112" xlink:href="#tok_467"/>
	<mark id="referent_113" xlink:href="#tok_471"/>
	<mark id="referent_114" xlink:href="#tok_481"/>
	<mark id="referent_115" xlink:href="#tok_489"/>
	<mark id="referent_116" xlink:href="#tok_495"/>
	<mark id="referent_117" xlink:href="#xpointer(id('tok_460')/range-to(id('tok_461')))"/>
	<mark id="referent_118" xlink:href="#tok_465"/>
	<mark id="referent_119" xlink:href="#tok_469"/>
	<mark id="referent_120" xlink:href="#xpointer(id('tok_473')/range-to(id('tok_477')))"/>
	<mark id="referent_121" xlink:href="#tok_479"/>
	<mark id="referent_122" xlink:href="#xpointer(id('tok_483')/range-to(id('tok_487')))"/>
	<mark id="referent_123" xlink:href="#xpointer(id('tok_492')/range-to(id('tok_493')))"/>
	<mark id="referent_124" xlink:href="#tok_501"/>
	<mark id="referent_125" xlink:href="#xpointer(id('tok_442')/range-to(id('tok_495')))"/>
	<mark id="referent_126" xlink:href="#tok_497"/>
	<mark id="referent_127" xlink:href="#xpointer(id('tok_503')/range-to(id('tok_504')))"/>
	<mark id="referent_128" xlink:href="#xpointer(id('tok_506')/range-to(id('tok_508')))"/>
	<mark id="referent_129" xlink:href="#xpointer(id('tok_513')/range-to(id('tok_515')))"/>
	<mark id="referent_130" xlink:href="#xpointer(id('tok_510')/range-to(id('tok_511')))"/>
	<mark id="referent_131" xlink:href="#xpointer(id('tok_519')/range-to(id('tok_520')))"/>
	<mark id="referent_132" xlink:href="#tok_517"/>
	<mark id="referent_133" xlink:href="#tok_454"/>
	<mark id="referent_134" xlink:href="#tok_190"/>
	<mark id="referent_135" xlink:href="#tok_369"/>
</markList>
</paula>
