<?xml version="1.0" ?>
<!DOCTYPE paula SYSTEM "paula_feat.dtd">
<paula version="1.1">
<header paula_id="rst.GUM_interview_brotherhood.struct_relname">
</header>
<featList xmlns:xlink="http://www.w3.org/1999/xlink" type="relname" xml:base="rst.GUM_interview_brotherhood.struct.xml">
<feat xlink:href="#sDomRel523" value="circumstance">
</feat>
<feat xlink:href="#sDomRel556" value="circumstance">
</feat>
<feat xlink:href="#sDomRel557" value="solutionhood">
</feat>
<feat xlink:href="#sDomRel563" value="elaboration">
</feat>
<feat xlink:href="#sDomRel562" value="background">
</feat>
<feat xlink:href="#sDomRel530" value="concession">
</feat>
<feat xlink:href="#sDomRel560" value="circumstance">
</feat>
<feat xlink:href="#sDomRel533" value="elaboration">
</feat>
<feat xlink:href="#sDomRel561" value="cause">
</feat>
<feat xlink:href="#sDomRel534" value="circumstance">
</feat>
<feat xlink:href="#sDomRel564" value="solutionhood">
</feat>
<feat xlink:href="#sDomRel565" value="elaboration">
</feat>
<feat xlink:href="#sDomRel538" value="cause">
</feat>
<feat xlink:href="#sDomRel567" value="solutionhood">
</feat>
<feat xlink:href="#sDomRel573" value="elaboration">
</feat>
<feat xlink:href="#sDomRel543" value="cause">
</feat>
<feat xlink:href="#sDomRel575" value="restatement">
</feat>
<feat xlink:href="#sDomRel577" value="solutionhood">
</feat>
<feat xlink:href="#sDomRel578" value="elaboration">
</feat>
<feat xlink:href="#sDomRel550" value="circumstance">
</feat>
<feat xlink:href="#sDomRel553" value="circumstance">
</feat>
<feat xlink:href="#sDomRel555" value="elaboration">
</feat>
<feat xlink:href="#sDomRel524" value="span">
</feat>
<feat xlink:href="#sDomRel526" value="span">
</feat>
<feat xlink:href="#sDomRel559" value="joint">
</feat>
<feat xlink:href="#sDomRel566" value="joint">
</feat>
<feat xlink:href="#sDomRel568" value="joint">
</feat>
<feat xlink:href="#sDomRel580" value="joint">
</feat>
<feat xlink:href="#sDomRel581" value="joint">
</feat>
<feat xlink:href="#sDomRel582" value="preparation">
</feat>
<feat xlink:href="#sDomRel527" value="span">
</feat>
<feat xlink:href="#sDomRel529" value="span">
</feat>
<feat xlink:href="#sDomRel531" value="span">
</feat>
<feat xlink:href="#sDomRel532" value="span">
</feat>
<feat xlink:href="#sDomRel528" value="span">
</feat>
<feat xlink:href="#sDomRel535" value="span">
</feat>
<feat xlink:href="#sDomRel537" value="span">
</feat>
<feat xlink:href="#sDomRel536" value="span">
</feat>
<feat xlink:href="#sDomRel539" value="span">
</feat>
<feat xlink:href="#sDomRel540" value="span">
</feat>
<feat xlink:href="#sDomRel541" value="contrast">
</feat>
<feat xlink:href="#sDomRel571" value="contrast">
</feat>
<feat xlink:href="#sDomRel544" value="antithesis">
</feat>
<feat xlink:href="#sDomRel569" value="span">
</feat>
<feat xlink:href="#sDomRel542" value="span">
</feat>
<feat xlink:href="#sDomRel570" value="span">
</feat>
<feat xlink:href="#sDomRel576" value="evaluation">
</feat>
<feat xlink:href="#sDomRel572" value="span">
</feat>
<feat xlink:href="#sDomRel546" value="contrast">
</feat>
<feat xlink:href="#sDomRel547" value="contrast">
</feat>
<feat xlink:href="#sDomRel574" value="span">
</feat>
<feat xlink:href="#sDomRel545" value="span">
</feat>
<feat xlink:href="#sDomRel548" value="span">
</feat>
<feat xlink:href="#sDomRel552" value="sequence">
</feat>
<feat xlink:href="#sDomRel579" value="sequence">
</feat>
<feat xlink:href="#sDomRel551" value="span">
</feat>
<feat xlink:href="#sDomRel549" value="span">
</feat>
<feat xlink:href="#sDomRel554" value="span">
</feat>
<feat xlink:href="#sDomRel525" value="span">
</feat>
<feat xlink:href="#sDomRel522" value="preparation">
</feat>
<feat xlink:href="#sDomRel558" value="span">
</feat>
</featList>
</paula>
