<?xml version="1.0" encoding="UTF-8" standalone="no"?>

<!DOCTYPE paula SYSTEM "paula_feat.dtd">
<paula version="1.0">

<header paula_id="tei.GUM.GUM_interview_brotherhood_s"/>

<featList xmlns:xlink="http://www.w3.org/1999/xlink" type="s" xml:base="tei.GUM.GUM_interview_brotherhood.sSeg.xml">
<feat xlink:href="#s_1" value="s"/><!-- Wikinews...Magicians -->
<feat xlink:href="#s_10" value="s"/><!-- Wednesday...2013 -->
<feat xlink:href="#s_16" value="s"/><!-- October.... -->
<feat xlink:href="#s_26" value="s"/><!-- Wikinews.... -->
<feat xlink:href="#s_58" value="s"/><!-- For...? -->
<feat xlink:href="#s_71" value="s"/><!-- Over.... -->
<feat xlink:href="#s_75" value="s"/><!-- I.... -->
<feat xlink:href="#s_106" value="s"/><!-- I.... -->
<feat xlink:href="#s_133" value="s"/><!-- The.... -->
<feat xlink:href="#s_174" value="s"/><!-- That.... -->
<feat xlink:href="#s_190" value="s"/><!-- My.... -->
<feat xlink:href="#s_202" value="s"/><!-- October.... -->
<feat xlink:href="#s_211" value="s"/><!-- Do...? -->
<feat xlink:href="#s_225" value="s"/><!-- Absolutely.... -->
<feat xlink:href="#s_227" value="s"/><!-- There.... -->
<feat xlink:href="#s_237" value="s"/><!-- There.... -->
<feat xlink:href="#s_250" value="s"/><!-- Has...? -->
<feat xlink:href="#s_258" value="s"/><!-- Both.... -->
<feat xlink:href="#s_260" value="s"/><!-- I.... -->
<feat xlink:href="#s_304" value="s"/><!-- We.... -->
<feat xlink:href="#s_321" value="s"/><!-- Moreover.... -->
<feat xlink:href="#s_349" value="s"/><!-- Anyone.... -->
<feat xlink:href="#s_364" value="s"/><!-- Do...? -->
<feat xlink:href="#s_373" value="s"/><!-- Yes.... -->
<feat xlink:href="#s_382" value="s"/><!-- After.... -->
<feat xlink:href="#s_442" value="s"/><!-- I.... -->
<feat xlink:href="#s_497" value="s"/><!-- That.... -->
<feat xlink:href="#s_503" value="s"/><!-- File.... -->
<feat xlink:href="#s_517" value="s"/><!-- Image.... -->
</featList>
</paula>
