<?xml version="1.0" encoding="UTF-8" standalone="no"?>

<!DOCTYPE paula SYSTEM "paula_feat.dtd">
<paula version="1.0">

<header paula_id="tei.GUM.GUM_interview_brotherhood.dateSeg_date_when"/>

<featList xmlns:xlink="http://www.w3.org/1999/xlink" type="date_when" xml:base="tei.GUM.GUM_interview_brotherhood.dateSeg.xml">
<feat xlink:href="#date_10" value="41556"/><!-- Wednesday...2013 -->
<feat xlink:href="#date_451" value="41579"/><!-- next...month -->
<feat xlink:href="#date_455" value="41579"/><!-- in...November -->
<feat xlink:href="#date_462" value="41609"/><!-- in...December -->
<feat xlink:href="#date_466" value="41640"/><!-- in...January -->
<feat xlink:href="#date_470" value="41671"/><!-- in...February -->
<feat xlink:href="#date_480" value="41699"/><!-- in...March -->
<feat xlink:href="#date_488" value="41699"/><!-- in...March -->
<feat xlink:href="#date_494" value="41730"/><!-- in...April -->
</featList>
</paula>
