<?xml version="1.0" encoding="UTF-8" standalone="no"?>

<!DOCTYPE paula SYSTEM "paula_mark.dtd">
<paula version="1.0">

<header paula_id="tei.GUM.GUM_interview_brotherhood_sSeg"/>

<markList xmlns:xlink="http://www.w3.org/1999/xlink" type="sSeg" xml:base="GUM.GUM_interview_brotherhood.tok.xml">
<mark id="s_1" xlink:href="#xpointer(id('tok_1')/range-to(id('tok_9')))"/><!-- Wikinews...Magicians -->
<mark id="s_10" xlink:href="#xpointer(id('tok_10')/range-to(id('tok_15')))"/><!-- Wednesday...2013 -->
<mark id="s_16" xlink:href="#xpointer(id('tok_16')/range-to(id('tok_25')))"/><!-- October.... -->
<mark id="s_26" xlink:href="#xpointer(id('tok_26')/range-to(id('tok_57')))"/><!-- Wikinews.... -->
<mark id="s_58" xlink:href="#xpointer(id('tok_58')/range-to(id('tok_70')))"/><!-- For...? -->
<mark id="s_71" xlink:href="#xpointer(id('tok_71')/range-to(id('tok_74')))"/><!-- Over.... -->
<mark id="s_75" xlink:href="#xpointer(id('tok_75')/range-to(id('tok_105')))"/><!-- I.... -->
<mark id="s_106" xlink:href="#xpointer(id('tok_106')/range-to(id('tok_132')))"/><!-- I.... -->
<mark id="s_133" xlink:href="#xpointer(id('tok_133')/range-to(id('tok_173')))"/><!-- The.... -->
<mark id="s_174" xlink:href="#xpointer(id('tok_174')/range-to(id('tok_189')))"/><!-- That.... -->
<mark id="s_190" xlink:href="#xpointer(id('tok_190')/range-to(id('tok_201')))"/><!-- My.... -->
<mark id="s_202" xlink:href="#xpointer(id('tok_202')/range-to(id('tok_210')))"/><!-- October.... -->
<mark id="s_211" xlink:href="#xpointer(id('tok_211')/range-to(id('tok_224')))"/><!-- Do...? -->
<mark id="s_225" xlink:href="#xpointer(id('tok_225')/range-to(id('tok_226')))"/><!-- Absolutely.... -->
<mark id="s_227" xlink:href="#xpointer(id('tok_227')/range-to(id('tok_236')))"/><!-- There.... -->
<mark id="s_237" xlink:href="#xpointer(id('tok_237')/range-to(id('tok_249')))"/><!-- There.... -->
<mark id="s_250" xlink:href="#xpointer(id('tok_250')/range-to(id('tok_257')))"/><!-- Has...? -->
<mark id="s_258" xlink:href="#xpointer(id('tok_258')/range-to(id('tok_259')))"/><!-- Both.... -->
<mark id="s_260" xlink:href="#xpointer(id('tok_260')/range-to(id('tok_303')))"/><!-- I.... -->
<mark id="s_304" xlink:href="#xpointer(id('tok_304')/range-to(id('tok_320')))"/><!-- We.... -->
<mark id="s_321" xlink:href="#xpointer(id('tok_321')/range-to(id('tok_348')))"/><!-- Moreover.... -->
<mark id="s_349" xlink:href="#xpointer(id('tok_349')/range-to(id('tok_363')))"/><!-- Anyone.... -->
<mark id="s_364" xlink:href="#xpointer(id('tok_364')/range-to(id('tok_372')))"/><!-- Do...? -->
<mark id="s_373" xlink:href="#xpointer(id('tok_373')/range-to(id('tok_381')))"/><!-- Yes.... -->
<mark id="s_382" xlink:href="#xpointer(id('tok_382')/range-to(id('tok_441')))"/><!-- After.... -->
<mark id="s_442" xlink:href="#xpointer(id('tok_442')/range-to(id('tok_496')))"/><!-- I.... -->
<mark id="s_497" xlink:href="#xpointer(id('tok_497')/range-to(id('tok_502')))"/><!-- That.... -->
<mark id="s_503" xlink:href="#xpointer(id('tok_503')/range-to(id('tok_516')))"/><!-- File.... -->
<mark id="s_517" xlink:href="#xpointer(id('tok_517')/range-to(id('tok_521')))"/><!-- Image.... -->
</markList>
</paula>
