<?xml version="1.0" encoding="UTF-8" standalone="no"?>

<!DOCTYPE paula SYSTEM "paula_feat.dtd">
<paula version="1.0">

<header paula_id="tei.GUM.GUM_interview_brotherhood_sp_who"/>

<featList xmlns:xlink="http://www.w3.org/1999/xlink" type="sp_who" xml:base="tei.GUM.GUM_interview_brotherhood.sp_whoSeg.xml">
<feat xlink:href="#sp_who_58" value="#Wikinews"/><!-- For...? -->
<feat xlink:href="#sp_who_71" value="#WilliamEvans"/><!-- Over.... -->
<feat xlink:href="#sp_who_202" value="#Wikinews"/><!-- October...? -->
<feat xlink:href="#sp_who_225" value="#WilliamEvans"/><!-- Absolutely.... -->
<feat xlink:href="#sp_who_250" value="#Wikinews"/><!-- Has...? -->
<feat xlink:href="#sp_who_258" value="#WilliamEvans"/><!-- Both.... -->
<feat xlink:href="#sp_who_364" value="#Wikinews"/><!-- Do...? -->
<feat xlink:href="#sp_who_373" value="#WilliamEvans"/><!-- Yes.... -->
</featList>
</paula>
