<?xml version="1.0" encoding="UTF-8" standalone="no"?>

<!DOCTYPE paula SYSTEM "paula_mark.dtd">
<paula version="1.0">

<header paula_id="tei.GUM.GUM_interview_brotherhood_pSeg"/>

<markList xmlns:xlink="http://www.w3.org/1999/xlink" type="pSeg" xml:base="GUM.GUM_interview_brotherhood.tok.xml">
<mark id="p_16" xlink:href="#xpointer(id('tok_16')/range-to(id('tok_57')))"/><!-- October.... -->
<mark id="p_58" xlink:href="#xpointer(id('tok_58')/range-to(id('tok_70')))"/><!-- For...? -->
<mark id="p_71" xlink:href="#xpointer(id('tok_71')/range-to(id('tok_201')))"/><!-- Over.... -->
<mark id="p_202" xlink:href="#xpointer(id('tok_202')/range-to(id('tok_224')))"/><!-- October...? -->
<mark id="p_225" xlink:href="#xpointer(id('tok_225')/range-to(id('tok_249')))"/><!-- Absolutely.... -->
<mark id="p_250" xlink:href="#xpointer(id('tok_250')/range-to(id('tok_257')))"/><!-- Has...? -->
<mark id="p_258" xlink:href="#xpointer(id('tok_258')/range-to(id('tok_363')))"/><!-- Both.... -->
<mark id="p_364" xlink:href="#xpointer(id('tok_364')/range-to(id('tok_372')))"/><!-- Do...? -->
<mark id="p_373" xlink:href="#xpointer(id('tok_373')/range-to(id('tok_502')))"/><!-- Yes.... -->
</markList>
</paula>
