<?xml version="1.0" encoding="UTF-8" standalone="no"?>

<!DOCTYPE paula SYSTEM "paula_feat.dtd">
<paula version="1.0">

<header paula_id="tei.GUM.GUM_interview_brotherhood_date"/>

<featList xmlns:xlink="http://www.w3.org/1999/xlink" type="date" xml:base="tei.GUM.GUM_interview_brotherhood.dateSeg.xml">
<feat xlink:href="#date_10" value="date"/><!-- Wednesday...2013 -->
<feat xlink:href="#date_451" value="date"/><!-- next...month -->
<feat xlink:href="#date_455" value="date"/><!-- in...November -->
<feat xlink:href="#date_462" value="date"/><!-- in...December -->
<feat xlink:href="#date_466" value="date"/><!-- in...January -->
<feat xlink:href="#date_470" value="date"/><!-- in...February -->
<feat xlink:href="#date_480" value="date"/><!-- in...March -->
<feat xlink:href="#date_488" value="date"/><!-- in...March -->
<feat xlink:href="#date_494" value="date"/><!-- in...April -->
</featList>
</paula>
