<?xml version="1.0" encoding="UTF-8" standalone="no"?>

<!DOCTYPE paula SYSTEM "paula_feat.dtd">
<paula version="1.0">

<header paula_id="tei.GUM.GUM_interview_brotherhood_p"/>

<featList xmlns:xlink="http://www.w3.org/1999/xlink" type="p" xml:base="tei.GUM.GUM_interview_brotherhood.pSeg.xml">
<feat xlink:href="#p_16" value="p"/><!-- October.... -->
<feat xlink:href="#p_58" value="p"/><!-- For...? -->
<feat xlink:href="#p_71" value="p"/><!-- Over.... -->
<feat xlink:href="#p_202" value="p"/><!-- October...? -->
<feat xlink:href="#p_225" value="p"/><!-- Absolutely.... -->
<feat xlink:href="#p_250" value="p"/><!-- Has...? -->
<feat xlink:href="#p_258" value="p"/><!-- Both.... -->
<feat xlink:href="#p_364" value="p"/><!-- Do...? -->
<feat xlink:href="#p_373" value="p"/><!-- Yes.... -->
</featList>
</paula>
