<?xml version='1.0' encoding='UTF-8'?><!DOCTYPE paula SYSTEM "paula_rel.dtd">
<paula version="1.1">
	<header paula_id="bridge.GUM_academic_art.bridge"/>
	<relList xmlns:xlink="http://www.w3.org/1999/xlink" type="bridge">
		<rel id="sPointingRel1059_8240" xlink:href="ref.GUM_academic_art.mark.xml#sSpan225" target="ref.GUM_academic_art.mark.xml#sSpan221"/>
		<rel id="sPointingRel1061_8241" xlink:href="ref.GUM_academic_art.mark.xml#sSpan308" target="ref.GUM_academic_art.mark.xml#sSpan307"/>
		<rel id="sPointingRel1063" xlink:href="ref.GUM_academic_art.mark.xml#sSpan154" target="ref.GUM_academic_art.mark.xml#sSpan84"/>
		<rel id="sPointingRel1065_8243" xlink:href="ref.GUM_academic_art.mark.xml#sSpan293" target="ref.GUM_academic_art.mark.xml#sSpan291"/>
		<rel id="sPointingRel1067_8244" xlink:href="ref.GUM_academic_art.mark.xml#sSpan154" target="ref.GUM_academic_art.mark.xml#sSpan79"/>
		<rel id="sPointingRel1069_8245" xlink:href="ref.GUM_academic_art.mark.xml#sSpan218" target="ref.GUM_academic_art.mark.xml#sSpan215"/>
		<rel id="sPointingRel1071" xlink:href="ref.GUM_academic_art.mark.xml#sSpan219" target="ref.GUM_academic_art.mark.xml#sSpan215"/>
		<rel id="sPointingRel1073" xlink:href="ref.GUM_academic_art.mark.xml#sSpan220" target="ref.GUM_academic_art.mark.xml#sSpan215"/>
		<rel id="sPointingRel1075" xlink:href="ref.GUM_academic_art.mark.xml#sSpan295" target="ref.GUM_academic_art.mark.xml#sSpan291"/>
		<rel id="sPointingRel1077" xlink:href="ref.GUM_academic_art.mark.xml#sSpan208" target="ref.GUM_academic_art.mark.xml#sSpan203"/>
		<rel id="sPointingRel1079" xlink:href="ref.GUM_academic_art.mark.xml#sSpan154" target="ref.GUM_academic_art.mark.xml#sSpan89"/>
		<rel id="sPointingRel1081" xlink:href="ref.GUM_academic_art.mark.xml#sSpan154" target="ref.GUM_academic_art.mark.xml#sSpan94"/></relList></paula>