<?xml version='1.0' encoding='UTF-8'?><!DOCTYPE paula SYSTEM "paula_feat.dtd">
<paula version="1.1">
	<header paula_id="bridge.GUM_academic_art.bridge_type"/>
	<featList xmlns:xlink="http://www.w3.org/1999/xlink" type="type" xml:base="bridge.GUM_academic_art.bridge.xml">
		<feat xlink:href="#sPointingRel1071_8366" value="bridge:other"/>
		<feat xlink:href="#sPointingRel1073_8367" value="bridge:def"/>
		<feat xlink:href="#sPointingRel1075" value="bridge:other"/>
		<feat xlink:href="#sPointingRel1077_8369" value="bridge:def"/>
		<feat xlink:href="#sPointingRel1079_8370" value="bridge:def"/>
		<feat xlink:href="#sPointingRel1081_8371" value="bridge:aggr"/>
		<feat xlink:href="#sPointingRel1083" value="bridge:aggr"/>
		<feat xlink:href="#sPointingRel1085" value="bridge:other"/>
		<feat xlink:href="#sPointingRel1087" value="bridge:aggr"/>
		<feat xlink:href="#sPointingRel1089" value="bridge:other"/>
		<feat xlink:href="#sPointingRel1091" value="bridge:aggr"/>
		<feat xlink:href="#sPointingRel1093" value="bridge:other"/></featList></paula>