<?xml version='1.0' encoding='UTF-8'?><!DOCTYPE paula SYSTEM "paula_feat.dtd">
<paula version="1.1">
	<header paula_id="const.GUM_academic_art.struct_func"/>
	<featList xmlns:xlink="http://www.w3.org/1999/xlink" type="func" xml:base="const.GUM_academic_art.struct.xml">
		<feat xlink:href="#sDomRel989" value="SBJ"/>
		<feat xlink:href="#sDomRel1008" value="SBJ"/>
		<feat xlink:href="#sDomRel1025" value="SBJ"/>
		<feat xlink:href="#sDomRel1036" value="SBJ"/>
		<feat xlink:href="#sDomRel1080" value="PRD"/>
		<feat xlink:href="#sDomRel1083" value="SBJ"/>
		<feat xlink:href="#sDomRel1092" value="SBJ"/>
		<feat xlink:href="#sDomRel1107" value="NOM"/>
		<feat xlink:href="#sDomRel1136" value="SBJ"/>
		<feat xlink:href="#sDomRel1165" value="SBJ"/>
		<feat xlink:href="#sDomRel1177" value="LOC"/>
		<feat xlink:href="#sDomRel1197" value="LOC"/>
		<feat xlink:href="#sDomRel1205" value="PRD"/>
		<feat xlink:href="#sDomRel1206" value="SBJ"/>
		<feat xlink:href="#sDomRel1243" value="SBJ"/>
		<feat xlink:href="#sDomRel1274" value="SBJ"/>
		<feat xlink:href="#sDomRel1308" value="NOM"/>
		<feat xlink:href="#sDomRel1314" value="DIR"/>
		<feat xlink:href="#sDomRel1317" value="SBJ"/>
		<feat xlink:href="#sDomRel1328" value="SBJ"/>
		<feat xlink:href="#sDomRel1368" value="SBJ"/>
		<feat xlink:href="#sDomRel1404" value="SBJ"/>
		<feat xlink:href="#sDomRel1481" value="ADV"/>
		<feat xlink:href="#sDomRel1489" value="SBJ"/>
		<feat xlink:href="#sDomRel1491" value="SBJ"/>
		<feat xlink:href="#sDomRel1515" value="SBJ"/>
		<feat xlink:href="#sDomRel1527" value="PRD"/>
		<feat xlink:href="#sDomRel1542" value="SBJ"/>
		<feat xlink:href="#sDomRel1553" value="NOM"/>
		<feat xlink:href="#sDomRel1574" value="LGS"/>
		<feat xlink:href="#sDomRel1585" value="TMP"/>
		<feat xlink:href="#sDomRel1587" value="SBJ"/>
		<feat xlink:href="#sDomRel1644" value="LGS"/>
		<feat xlink:href="#sDomRel1649" value="SBJ"/>
		<feat xlink:href="#sDomRel1690" value="SBJ"/>
		<feat xlink:href="#sDomRel1698" value="NOM-SBJ"/>
		<feat xlink:href="#sDomRel1718" value="SBJ"/>
		<feat xlink:href="#sDomRel1737" value="TMP"/>
		<feat xlink:href="#sDomRel1745" value="TMP"/>
		<feat xlink:href="#sDomRel1787" value="TMP"/>
		<feat xlink:href="#sDomRel1791" value="TMP"/>
		<feat xlink:href="#sDomRel1793" value="TMP"/>
		<feat xlink:href="#sDomRel1804" value="NOM"/>
		<feat xlink:href="#sDomRel1814" value="SBJ"/>
		<feat xlink:href="#sDomRel1843" value="LOC"/>
		<feat xlink:href="#sDomRel1853" value="PRD"/>
		<feat xlink:href="#sDomRel1854" value="LOC"/>
		<feat xlink:href="#sDomRel1855" value="TMP"/>
		<feat xlink:href="#sDomRel1858" value="SBJ"/>
		<feat xlink:href="#sDomRel1878" value="LOC"/>
		<feat xlink:href="#sDomRel1879" value="LOC"/>
		<feat xlink:href="#sDomRel1901" value="LOC"/>
		<feat xlink:href="#sDomRel1911" value="PRD"/>
		<feat xlink:href="#sDomRel1912" value="SBJ"/>
		<feat xlink:href="#sDomRel1930" value="TMP"/>
		<feat xlink:href="#sDomRel1938" value="SBJ"/>
		<feat xlink:href="#sDomRel1953" value="MNR"/>
		<feat xlink:href="#sDomRel1959" value="TMP"/>
		<feat xlink:href="#sDomRel1961" value="SBJ"/>
		<feat xlink:href="#sDomRel2007" value="SBJ"/>
		<feat xlink:href="#sDomRel2022" value="PRD"/>
		<feat xlink:href="#sDomRel2023" value="SBJ"/>
		<feat xlink:href="#sDomRel2041" value="PRD"/>
		<feat xlink:href="#sDomRel2042" value="SBJ"/>
		<feat xlink:href="#sDomRel2058" value="NOM"/>
		<feat xlink:href="#sDomRel2075" value="SBJ"/>
		<feat xlink:href="#sDomRel2087" value="SBJ"/>
		<feat xlink:href="#sDomRel2109" value="SBJ"/>
		<feat xlink:href="#sDomRel2127" value="PRP"/>
		<feat xlink:href="#sDomRel2129" value="SBJ"/>
		<feat xlink:href="#sDomRel2144" value="SBJ"/>
		<feat xlink:href="#sDomRel2159" value="DIR"/>
		<feat xlink:href="#sDomRel2165" value="SBJ"/>
		<feat xlink:href="#sDomRel2181" value="SBJ"/>
		<feat xlink:href="#sDomRel2234" value="NOM"/>
		<feat xlink:href="#sDomRel2248" value="SBJ"/></featList></paula>