<?xml version='1.0' encoding='UTF-8'?><!DOCTYPE paula SYSTEM "paula_feat.dtd">
<paula version="1.1">
	<header paula_id="const.GUM_academic_art.struct_cat"/>
	<featList xmlns:xlink="http://www.w3.org/1999/xlink" type="cat" xml:base="const.GUM_academic_art.struct.xml">
		<feat xlink:href="#structure143" value="NP"/>
		<feat xlink:href="#structure144" value="NP"/>
		<feat xlink:href="#structure145" value="NP"/>
		<feat xlink:href="#structure146" value="ROOT"/>
		<feat xlink:href="#structure147" value="NP"/>
		<feat xlink:href="#structure148" value="NP"/>
		<feat xlink:href="#structure149" value="PP"/>
		<feat xlink:href="#structure150" value="NP"/>
		<feat xlink:href="#structure151" value="ROOT"/>
		<feat xlink:href="#structure152" value="NP"/>
		<feat xlink:href="#structure153" value="NP"/>
		<feat xlink:href="#structure154" value="NP"/>
		<feat xlink:href="#structure155" value="NP"/>
		<feat xlink:href="#structure156" value="NP"/>
		<feat xlink:href="#structure157" value="NP"/>
		<feat xlink:href="#structure158" value="NP"/>
		<feat xlink:href="#structure159" value="PP"/>
		<feat xlink:href="#structure160" value="NP"/>
		<feat xlink:href="#structure161" value="NP"/>
		<feat xlink:href="#structure162" value="ROOT"/>
		<feat xlink:href="#structure163" value="NP"/>
		<feat xlink:href="#structure164" value="NP"/>
		<feat xlink:href="#structure165" value="NP"/>
		<feat xlink:href="#structure166" value="NP"/>
		<feat xlink:href="#structure167" value="NP"/>
		<feat xlink:href="#structure168" value="NP"/>
		<feat xlink:href="#structure169" value="NP"/>
		<feat xlink:href="#structure170" value="ROOT"/>
		<feat xlink:href="#structure171" value="NP"/>
		<feat xlink:href="#structure172" value="NP"/>
		<feat xlink:href="#structure173" value="NP"/>
		<feat xlink:href="#structure174" value="NP"/>
		<feat xlink:href="#structure175" value="NP"/>
		<feat xlink:href="#structure176" value="NP"/>
		<feat xlink:href="#structure177" value="NP"/>
		<feat xlink:href="#structure178" value="ROOT"/>
		<feat xlink:href="#structure179" value="NP"/>
		<feat xlink:href="#structure180" value="NP"/>
		<feat xlink:href="#structure181" value="NP"/>
		<feat xlink:href="#structure182" value="NP"/>
		<feat xlink:href="#structure183" value="NP"/>
		<feat xlink:href="#structure184" value="NP"/>
		<feat xlink:href="#structure185" value="ROOT"/>
		<feat xlink:href="#structure186" value="WHADVP"/>
		<feat xlink:href="#structure187" value="NP"/>
		<feat xlink:href="#structure188" value="PP"/>
		<feat xlink:href="#structure189" value="VP"/>
		<feat xlink:href="#structure190" value="VP"/>
		<feat xlink:href="#structure191" value="NP"/>
		<feat xlink:href="#structure192" value="VP"/>
		<feat xlink:href="#structure193" value="SQ"/>
		<feat xlink:href="#structure194" value="SBARQ"/>
		<feat xlink:href="#structure195" value="ROOT"/>
		<feat xlink:href="#structure196" value="WHNP"/>
		<feat xlink:href="#structure197" value="NP"/>
		<feat xlink:href="#structure198" value="PP"/>
		<feat xlink:href="#structure199" value="WHNP"/>
		<feat xlink:href="#structure200" value="NP"/>
		<feat xlink:href="#structure201" value="PP"/>
		<feat xlink:href="#structure202" value="VP"/>
		<feat xlink:href="#structure203" value="SQ"/>
		<feat xlink:href="#structure204" value="SBARQ"/>
		<feat xlink:href="#structure205" value="ROOT"/>
		<feat xlink:href="#structure206" value="NP"/>
		<feat xlink:href="#structure207" value="NP"/>
		<feat xlink:href="#structure208" value="WHADVP"/>
		<feat xlink:href="#structure209" value="NP"/>
		<feat xlink:href="#structure210" value="NP"/>
		<feat xlink:href="#structure211" value="PP"/>
		<feat xlink:href="#structure212" value="VP"/>
		<feat xlink:href="#structure213" value="S"/>
		<feat xlink:href="#structure214" value="SBAR"/>
		<feat xlink:href="#structure215" value="PP"/>
		<feat xlink:href="#structure216" value="NP"/>
		<feat xlink:href="#structure217" value="VP"/>
		<feat xlink:href="#structure218" value="SQ"/>
		<feat xlink:href="#structure219" value="ROOT"/>
		<feat xlink:href="#structure220" value="NP"/>
		<feat xlink:href="#structure221" value="NP"/>
		<feat xlink:href="#structure222" value="PP"/>
		<feat xlink:href="#structure223" value="NP"/>
		<feat xlink:href="#structure224" value="NP"/>
		<feat xlink:href="#structure225" value="NP"/>
		<feat xlink:href="#structure226" value="NP"/>
		<feat xlink:href="#structure227" value="NP"/>
		<feat xlink:href="#structure228" value="NP"/>
		<feat xlink:href="#structure229" value="NP"/>
		<feat xlink:href="#structure230" value="NP"/>
		<feat xlink:href="#structure231" value="NP"/>
		<feat xlink:href="#structure232" value="NP"/>
		<feat xlink:href="#structure233" value="PP"/>
		<feat xlink:href="#structure234" value="NP"/>
		<feat xlink:href="#structure235" value="VP"/>
		<feat xlink:href="#structure236" value="S"/>
		<feat xlink:href="#structure237" value="VP"/>
		<feat xlink:href="#structure238" value="S"/>
		<feat xlink:href="#structure239" value="ROOT"/>
		<feat xlink:href="#structure240" value="ADVP"/>
		<feat xlink:href="#structure241" value="NP"/>
		<feat xlink:href="#structure242" value="NP"/>
		<feat xlink:href="#structure243" value="VP"/>
		<feat xlink:href="#structure244" value="S"/>
		<feat xlink:href="#structure245" value="SBAR"/>
		<feat xlink:href="#structure246" value="NP"/>
		<feat xlink:href="#structure247" value="NP"/>
		<feat xlink:href="#structure248" value="ADVP"/>
		<feat xlink:href="#structure249" value="NP"/>
		<feat xlink:href="#structure250" value="VP"/>
		<feat xlink:href="#structure251" value="S"/>
		<feat xlink:href="#structure252" value="PP"/>
		<feat xlink:href="#structure253" value="NP"/>
		<feat xlink:href="#structure254" value="NP"/>
		<feat xlink:href="#structure255" value="NX"/>
		<feat xlink:href="#structure256" value="NP"/>
		<feat xlink:href="#structure257" value="NP"/>
		<feat xlink:href="#structure258" value="ADVP"/>
		<feat xlink:href="#structure259" value="NP"/>
		<feat xlink:href="#structure260" value="NP"/>
		<feat xlink:href="#structure261" value="PP"/>
		<feat xlink:href="#structure262" value="VP"/>
		<feat xlink:href="#structure263" value="VP"/>
		<feat xlink:href="#structure264" value="S"/>
		<feat xlink:href="#structure265" value="ROOT"/>
		<feat xlink:href="#structure266" value="NP"/>
		<feat xlink:href="#structure267" value="NP"/>
		<feat xlink:href="#structure268" value="NP"/>
		<feat xlink:href="#structure269" value="NP"/>
		<feat xlink:href="#structure270" value="PP"/>
		<feat xlink:href="#structure271" value="NP"/>
		<feat xlink:href="#structure272" value="PP"/>
		<feat xlink:href="#structure273" value="VP"/>
		<feat xlink:href="#structure274" value="NP"/>
		<feat xlink:href="#structure275" value="VP"/>
		<feat xlink:href="#structure276" value="S"/>
		<feat xlink:href="#structure277" value="ROOT"/>
		<feat xlink:href="#structure278" value="NP"/>
		<feat xlink:href="#structure279" value="NP"/>
		<feat xlink:href="#structure280" value="PP"/>
		<feat xlink:href="#structure281" value="NP"/>
		<feat xlink:href="#structure282" value="NP"/>
		<feat xlink:href="#structure283" value="NP"/>
		<feat xlink:href="#structure284" value="NP"/>
		<feat xlink:href="#structure285" value="PP"/>
		<feat xlink:href="#structure286" value="ADJP"/>
		<feat xlink:href="#structure287" value="NP"/>
		<feat xlink:href="#structure288" value="PP"/>
		<feat xlink:href="#structure289" value="VP"/>
		<feat xlink:href="#structure290" value="NP"/>
		<feat xlink:href="#structure291" value="PP"/>
		<feat xlink:href="#structure292" value="NP"/>
		<feat xlink:href="#structure293" value="VP"/>
		<feat xlink:href="#structure294" value="S"/>
		<feat xlink:href="#structure295" value="ROOT"/>
		<feat xlink:href="#structure296" value="NP"/>
		<feat xlink:href="#structure297" value="NP"/>
		<feat xlink:href="#structure298" value="NP"/>
		<feat xlink:href="#structure299" value="PP"/>
		<feat xlink:href="#structure300" value="NP"/>
		<feat xlink:href="#structure301" value="PP"/>
		<feat xlink:href="#structure302" value="NP"/>
		<feat xlink:href="#structure303" value="NP"/>
		<feat xlink:href="#structure304" value="NP"/>
		<feat xlink:href="#structure305" value="ADJP"/>
		<feat xlink:href="#structure306" value="NP"/>
		<feat xlink:href="#structure307" value="PP"/>
		<feat xlink:href="#structure308" value="NP"/>
		<feat xlink:href="#structure309" value="NP"/>
		<feat xlink:href="#structure310" value="PP"/>
		<feat xlink:href="#structure311" value="VP"/>
		<feat xlink:href="#structure312" value="VP"/>
		<feat xlink:href="#structure313" value="S"/>
		<feat xlink:href="#structure314" value="SBAR"/>
		<feat xlink:href="#structure315" value="NP"/>
		<feat xlink:href="#structure316" value="NP"/>
		<feat xlink:href="#structure317" value="NP"/>
		<feat xlink:href="#structure318" value="PP"/>
		<feat xlink:href="#structure319" value="NP"/>
		<feat xlink:href="#structure320" value="PP"/>
		<feat xlink:href="#structure321" value="PP"/>
		<feat xlink:href="#structure322" value="NP"/>
		<feat xlink:href="#structure323" value="PP"/>
		<feat xlink:href="#structure324" value="VP"/>
		<feat xlink:href="#structure325" value="VP"/>
		<feat xlink:href="#structure326" value="VP"/>
		<feat xlink:href="#structure327" value="S"/>
		<feat xlink:href="#structure328" value="ROOT"/>
		<feat xlink:href="#structure329" value="NP"/>
		<feat xlink:href="#structure330" value="PP"/>
		<feat xlink:href="#structure331" value="NP"/>
		<feat xlink:href="#structure332" value="NP"/>
		<feat xlink:href="#structure333" value="WHNP"/>
		<feat xlink:href="#structure334" value="FRAG"/>
		<feat xlink:href="#structure335" value="NP"/>
		<feat xlink:href="#structure336" value="NP"/>
		<feat xlink:href="#structure337" value="NP"/>
		<feat xlink:href="#structure338" value="NP"/>
		<feat xlink:href="#structure339" value="PP"/>
		<feat xlink:href="#structure340" value="NP"/>
		<feat xlink:href="#structure341" value="VP"/>
		<feat xlink:href="#structure342" value="S"/>
		<feat xlink:href="#structure343" value="PP"/>
		<feat xlink:href="#structure344" value="NP"/>
		<feat xlink:href="#structure345" value="PP"/>
		<feat xlink:href="#structure346" value="VP"/>
		<feat xlink:href="#structure347" value="VP"/>
		<feat xlink:href="#structure348" value="S"/>
		<feat xlink:href="#structure349" value="SBAR"/>
		<feat xlink:href="#structure350" value="NP"/>
		<feat xlink:href="#structure351" value="PP"/>
		<feat xlink:href="#structure352" value="VP"/>
		<feat xlink:href="#structure353" value="S"/>
		<feat xlink:href="#structure354" value="ROOT"/>
		<feat xlink:href="#structure355" value="NP"/>
		<feat xlink:href="#structure356" value="NP"/>
		<feat xlink:href="#structure357" value="PP"/>
		<feat xlink:href="#structure358" value="NP"/>
		<feat xlink:href="#structure359" value="NP"/>
		<feat xlink:href="#structure360" value="NP"/>
		<feat xlink:href="#structure361" value="PP"/>
		<feat xlink:href="#structure362" value="NP"/>
		<feat xlink:href="#structure363" value="NP"/>
		<feat xlink:href="#structure364" value="PP"/>
		<feat xlink:href="#structure365" value="NP"/>
		<feat xlink:href="#structure366" value="PP"/>
		<feat xlink:href="#structure367" value="NP"/>
		<feat xlink:href="#structure368" value="VP"/>
		<feat xlink:href="#structure369" value="VP"/>
		<feat xlink:href="#structure370" value="S"/>
		<feat xlink:href="#structure371" value="VP"/>
		<feat xlink:href="#structure372" value="S"/>
		<feat xlink:href="#structure373" value="ROOT"/>
		<feat xlink:href="#structure374" value="NP"/>
		<feat xlink:href="#structure375" value="NP"/>
		<feat xlink:href="#structure376" value="NP"/>
		<feat xlink:href="#structure377" value="NP"/>
		<feat xlink:href="#structure378" value="NP"/>
		<feat xlink:href="#structure379" value="PP"/>
		<feat xlink:href="#structure380" value="NP"/>
		<feat xlink:href="#structure381" value="NP"/>
		<feat xlink:href="#structure382" value="PP"/>
		<feat xlink:href="#structure383" value="NP"/>
		<feat xlink:href="#structure384" value="PP"/>
		<feat xlink:href="#structure385" value="NP"/>
		<feat xlink:href="#structure386" value="VP"/>
		<feat xlink:href="#structure387" value="VP"/>
		<feat xlink:href="#structure388" value="S"/>
		<feat xlink:href="#structure389" value="ROOT"/>
		<feat xlink:href="#structure390" value="NP"/>
		<feat xlink:href="#structure391" value="ADVP"/>
		<feat xlink:href="#structure392" value="NP"/>
		<feat xlink:href="#structure393" value="NP"/>
		<feat xlink:href="#structure394" value="NP"/>
		<feat xlink:href="#structure395" value="NP"/>
		<feat xlink:href="#structure396" value="NP"/>
		<feat xlink:href="#structure397" value="NP"/>
		<feat xlink:href="#structure398" value="PP"/>
		<feat xlink:href="#structure399" value="NP"/>
		<feat xlink:href="#structure400" value="ADJP"/>
		<feat xlink:href="#structure401" value="NP"/>
		<feat xlink:href="#structure402" value="VP"/>
		<feat xlink:href="#structure403" value="S"/>
		<feat xlink:href="#structure404" value="NP"/>
		<feat xlink:href="#structure405" value="NP"/>
		<feat xlink:href="#structure406" value="NP"/>
		<feat xlink:href="#structure407" value="PP"/>
		<feat xlink:href="#structure408" value="NP"/>
		<feat xlink:href="#structure409" value="PP"/>
		<feat xlink:href="#structure410" value="NP"/>
		<feat xlink:href="#structure411" value="CONJP"/>
		<feat xlink:href="#structure412" value="NP"/>
		<feat xlink:href="#structure413" value="NP"/>
		<feat xlink:href="#structure414" value="NP"/>
		<feat xlink:href="#structure415" value="PP"/>
		<feat xlink:href="#structure416" value="NP"/>
		<feat xlink:href="#structure417" value="PP"/>
		<feat xlink:href="#structure418" value="NP"/>
		<feat xlink:href="#structure419" value="NP"/>
		<feat xlink:href="#structure420" value="VP"/>
		<feat xlink:href="#structure421" value="VP"/>
		<feat xlink:href="#structure422" value="S"/>
		<feat xlink:href="#structure423" value="VP"/>
		<feat xlink:href="#structure424" value="S"/>
		<feat xlink:href="#structure425" value="ROOT"/>
		<feat xlink:href="#structure426" value="NP"/>
		<feat xlink:href="#structure427" value="NP"/>
		<feat xlink:href="#structure428" value="PP"/>
		<feat xlink:href="#structure429" value="NP"/>
		<feat xlink:href="#structure430" value="NP"/>
		<feat xlink:href="#structure431" value="ADJP"/>
		<feat xlink:href="#structure432" value="NP"/>
		<feat xlink:href="#structure433" value="NP"/>
		<feat xlink:href="#structure434" value="WHNP"/>
		<feat xlink:href="#structure435" value="WHPP"/>
		<feat xlink:href="#structure436" value="WHNP"/>
		<feat xlink:href="#structure437" value="NP"/>
		<feat xlink:href="#structure438" value="NP"/>
		<feat xlink:href="#structure439" value="PP"/>
		<feat xlink:href="#structure440" value="NP"/>
		<feat xlink:href="#structure441" value="VP"/>
		<feat xlink:href="#structure442" value="S"/>
		<feat xlink:href="#structure443" value="SBAR"/>
		<feat xlink:href="#structure444" value="NP"/>
		<feat xlink:href="#structure445" value="PP"/>
		<feat xlink:href="#structure446" value="NP"/>
		<feat xlink:href="#structure447" value="PP"/>
		<feat xlink:href="#structure448" value="VP"/>
		<feat xlink:href="#structure449" value="S"/>
		<feat xlink:href="#structure450" value="ROOT"/>
		<feat xlink:href="#structure451" value="WHADVP"/>
		<feat xlink:href="#structure452" value="NP"/>
		<feat xlink:href="#structure453" value="VP"/>
		<feat xlink:href="#structure454" value="S"/>
		<feat xlink:href="#structure455" value="SBAR"/>
		<feat xlink:href="#structure456" value="NP"/>
		<feat xlink:href="#structure457" value="NP"/>
		<feat xlink:href="#structure458" value="NP"/>
		<feat xlink:href="#structure459" value="NP"/>
		<feat xlink:href="#structure460" value="NP"/>
		<feat xlink:href="#structure461" value="PP"/>
		<feat xlink:href="#structure462" value="NP"/>
		<feat xlink:href="#structure463" value="S"/>
		<feat xlink:href="#structure464" value="VP"/>
		<feat xlink:href="#structure465" value="NP"/>
		<feat xlink:href="#structure466" value="PP"/>
		<feat xlink:href="#structure467" value="VP"/>
		<feat xlink:href="#structure468" value="NP"/>
		<feat xlink:href="#structure469" value="PP"/>
		<feat xlink:href="#structure470" value="VP"/>
		<feat xlink:href="#structure471" value="S"/>
		<feat xlink:href="#structure472" value="ROOT"/>
		<feat xlink:href="#structure473" value="NP"/>
		<feat xlink:href="#structure474" value="NP"/>
		<feat xlink:href="#structure475" value="PP"/>
		<feat xlink:href="#structure476" value="NP"/>
		<feat xlink:href="#structure477" value="NP"/>
		<feat xlink:href="#structure478" value="NP"/>
		<feat xlink:href="#structure479" value="NP"/>
		<feat xlink:href="#structure480" value="PP"/>
		<feat xlink:href="#structure481" value="NP"/>
		<feat xlink:href="#structure482" value="NP"/>
		<feat xlink:href="#structure483" value="NP"/>
		<feat xlink:href="#structure484" value="NP"/>
		<feat xlink:href="#structure485" value="PP"/>
		<feat xlink:href="#structure486" value="NP"/>
		<feat xlink:href="#structure487" value="NP"/>
		<feat xlink:href="#structure488" value="PRN"/>
		<feat xlink:href="#structure489" value="NP"/>
		<feat xlink:href="#structure490" value="PP"/>
		<feat xlink:href="#structure491" value="NP"/>
		<feat xlink:href="#structure492" value="NP"/>
		<feat xlink:href="#structure493" value="PP"/>
		<feat xlink:href="#structure494" value="NP"/>
		<feat xlink:href="#structure495" value="PP"/>
		<feat xlink:href="#structure496" value="VP"/>
		<feat xlink:href="#structure497" value="VP"/>
		<feat xlink:href="#structure498" value="S"/>
		<feat xlink:href="#structure499" value="ROOT"/>
		<feat xlink:href="#structure500" value="ADVP"/>
		<feat xlink:href="#structure501" value="NP"/>
		<feat xlink:href="#structure502" value="VP"/>
		<feat xlink:href="#structure503" value="S"/>
		<feat xlink:href="#structure504" value="NP"/>
		<feat xlink:href="#structure505" value="NP"/>
		<feat xlink:href="#structure506" value="NP"/>
		<feat xlink:href="#structure507" value="NX"/>
		<feat xlink:href="#structure508" value="NX"/>
		<feat xlink:href="#structure509" value="NX"/>
		<feat xlink:href="#structure510" value="NP"/>
		<feat xlink:href="#structure511" value="PP"/>
		<feat xlink:href="#structure512" value="NX"/>
		<feat xlink:href="#structure513" value="NX"/>
		<feat xlink:href="#structure514" value="NP"/>
		<feat xlink:href="#structure515" value="PP"/>
		<feat xlink:href="#structure516" value="VP"/>
		<feat xlink:href="#structure517" value="VP"/>
		<feat xlink:href="#structure518" value="S"/>
		<feat xlink:href="#structure519" value="SBAR"/>
		<feat xlink:href="#structure520" value="NP"/>
		<feat xlink:href="#structure521" value="VP"/>
		<feat xlink:href="#structure522" value="S"/>
		<feat xlink:href="#structure523" value="ROOT"/>
		<feat xlink:href="#structure524" value="NP"/>
		<feat xlink:href="#structure525" value="NP"/>
		<feat xlink:href="#structure526" value="NP"/>
		<feat xlink:href="#structure527" value="NP"/>
		<feat xlink:href="#structure528" value="NP"/>
		<feat xlink:href="#structure529" value="PP"/>
		<feat xlink:href="#structure530" value="VP"/>
		<feat xlink:href="#structure531" value="S"/>
		<feat xlink:href="#structure532" value="SBAR"/>
		<feat xlink:href="#structure533" value="NP"/>
		<feat xlink:href="#structure534" value="VP"/>
		<feat xlink:href="#structure535" value="VP"/>
		<feat xlink:href="#structure536" value="S"/>
		<feat xlink:href="#structure537" value="NP"/>
		<feat xlink:href="#structure538" value="NP"/>
		<feat xlink:href="#structure539" value="PP"/>
		<feat xlink:href="#structure540" value="NP"/>
		<feat xlink:href="#structure541" value="NP"/>
		<feat xlink:href="#structure542" value="NP"/>
		<feat xlink:href="#structure543" value="NP"/>
		<feat xlink:href="#structure544" value="NP"/>
		<feat xlink:href="#structure545" value="VP"/>
		<feat xlink:href="#structure546" value="S"/>
		<feat xlink:href="#structure547" value="PRN"/>
		<feat xlink:href="#structure548" value="VP"/>
		<feat xlink:href="#structure549" value="VP"/>
		<feat xlink:href="#structure550" value="NP"/>
		<feat xlink:href="#structure551" value="PP"/>
		<feat xlink:href="#structure552" value="NP"/>
		<feat xlink:href="#structure553" value="NP"/>
		<feat xlink:href="#structure554" value="NP"/>
		<feat xlink:href="#structure555" value="PP"/>
		<feat xlink:href="#structure556" value="NP"/>
		<feat xlink:href="#structure557" value="NP"/>
		<feat xlink:href="#structure558" value="NP"/>
		<feat xlink:href="#structure559" value="NP"/>
		<feat xlink:href="#structure560" value="NP"/>
		<feat xlink:href="#structure561" value="NP"/>
		<feat xlink:href="#structure562" value="NP"/>
		<feat xlink:href="#structure563" value="NP"/>
		<feat xlink:href="#structure564" value="PRN"/>
		<feat xlink:href="#structure565" value="VP"/>
		<feat xlink:href="#structure566" value="S"/>
		<feat xlink:href="#structure567" value="PP"/>
		<feat xlink:href="#structure568" value="NP"/>
		<feat xlink:href="#structure569" value="VP"/>
		<feat xlink:href="#structure570" value="VP"/>
		<feat xlink:href="#structure571" value="VP"/>
		<feat xlink:href="#structure572" value="S"/>
		<feat xlink:href="#structure573" value="ROOT"/>
		<feat xlink:href="#structure574" value="NP"/>
		<feat xlink:href="#structure575" value="NP"/>
		<feat xlink:href="#structure576" value="NP"/>
		<feat xlink:href="#structure577" value="NP"/>
		<feat xlink:href="#structure578" value="NP"/>
		<feat xlink:href="#structure579" value="PP"/>
		<feat xlink:href="#structure580" value="NP"/>
		<feat xlink:href="#structure581" value="NP"/>
		<feat xlink:href="#structure582" value="PP"/>
		<feat xlink:href="#structure583" value="NP"/>
		<feat xlink:href="#structure584" value="NP"/>
		<feat xlink:href="#structure585" value="PP"/>
		<feat xlink:href="#structure586" value="NP"/>
		<feat xlink:href="#structure587" value="PP"/>
		<feat xlink:href="#structure588" value="QP"/>
		<feat xlink:href="#structure589" value="NP"/>
		<feat xlink:href="#structure590" value="PP"/>
		<feat xlink:href="#structure591" value="VP"/>
		<feat xlink:href="#structure592" value="VP"/>
		<feat xlink:href="#structure593" value="S"/>
		<feat xlink:href="#structure594" value="ROOT"/>
		<feat xlink:href="#structure595" value="NP"/>
		<feat xlink:href="#structure596" value="NP"/>
		<feat xlink:href="#structure597" value="ADJP"/>
		<feat xlink:href="#structure598" value="NP"/>
		<feat xlink:href="#structure599" value="PP"/>
		<feat xlink:href="#structure600" value="NP"/>
		<feat xlink:href="#structure601" value="PP"/>
		<feat xlink:href="#structure602" value="VP"/>
		<feat xlink:href="#structure603" value="VP"/>
		<feat xlink:href="#structure604" value="VP"/>
		<feat xlink:href="#structure605" value="S"/>
		<feat xlink:href="#structure606" value="SBAR"/>
		<feat xlink:href="#structure607" value="NP"/>
		<feat xlink:href="#structure608" value="NP"/>
		<feat xlink:href="#structure609" value="NP"/>
		<feat xlink:href="#structure610" value="NP"/>
		<feat xlink:href="#structure611" value="PP"/>
		<feat xlink:href="#structure612" value="NP"/>
		<feat xlink:href="#structure613" value="PP"/>
		<feat xlink:href="#structure614" value="NP"/>
		<feat xlink:href="#structure615" value="PP"/>
		<feat xlink:href="#structure616" value="NP"/>
		<feat xlink:href="#structure617" value="NP"/>
		<feat xlink:href="#structure618" value="VP"/>
		<feat xlink:href="#structure619" value="S"/>
		<feat xlink:href="#structure620" value="ROOT"/>
		<feat xlink:href="#structure621" value="NP"/>
		<feat xlink:href="#structure622" value="NP"/>
		<feat xlink:href="#structure623" value="NP"/>
		<feat xlink:href="#structure624" value="PP"/>
		<feat xlink:href="#structure625" value="NP"/>
		<feat xlink:href="#structure626" value="NP"/>
		<feat xlink:href="#structure627" value="NP"/>
		<feat xlink:href="#structure628" value="NP"/>
		<feat xlink:href="#structure629" value="PRN"/>
		<feat xlink:href="#structure630" value="NP"/>
		<feat xlink:href="#structure631" value="VP"/>
		<feat xlink:href="#structure632" value="S"/>
		<feat xlink:href="#structure633" value="NP"/>
		<feat xlink:href="#structure634" value="NP"/>
		<feat xlink:href="#structure635" value="PP"/>
		<feat xlink:href="#structure636" value="NP"/>
		<feat xlink:href="#structure637" value="ADVP"/>
		<feat xlink:href="#structure638" value="ADVP"/>
		<feat xlink:href="#structure639" value="VP"/>
		<feat xlink:href="#structure640" value="VP"/>
		<feat xlink:href="#structure641" value="VP"/>
		<feat xlink:href="#structure642" value="S"/>
		<feat xlink:href="#structure643" value="S"/>
		<feat xlink:href="#structure644" value="ROOT"/>
		<feat xlink:href="#structure645" value="NP"/>
		<feat xlink:href="#structure646" value="PP"/>
		<feat xlink:href="#structure647" value="NP"/>
		<feat xlink:href="#structure648" value="NP"/>
		<feat xlink:href="#structure649" value="NP"/>
		<feat xlink:href="#structure650" value="NP"/>
		<feat xlink:href="#structure651" value="NP"/>
		<feat xlink:href="#structure652" value="NP"/>
		<feat xlink:href="#structure653" value="PP"/>
		<feat xlink:href="#structure654" value="WHNP"/>
		<feat xlink:href="#structure655" value="WHPP"/>
		<feat xlink:href="#structure656" value="NP"/>
		<feat xlink:href="#structure657" value="NP"/>
		<feat xlink:href="#structure658" value="ADVP"/>
		<feat xlink:href="#structure659" value="QP"/>
		<feat xlink:href="#structure660" value="NP"/>
		<feat xlink:href="#structure661" value="VP"/>
		<feat xlink:href="#structure662" value="S"/>
		<feat xlink:href="#structure663" value="NP"/>
		<feat xlink:href="#structure664" value="NP"/>
		<feat xlink:href="#structure665" value="NP"/>
		<feat xlink:href="#structure666" value="PP"/>
		<feat xlink:href="#structure667" value="NP"/>
		<feat xlink:href="#structure668" value="VP"/>
		<feat xlink:href="#structure669" value="S"/>
		<feat xlink:href="#structure670" value="S"/>
		<feat xlink:href="#structure671" value="PRN"/>
		<feat xlink:href="#structure672" value="NP"/>
		<feat xlink:href="#structure673" value="NP"/>
		<feat xlink:href="#structure674" value="PP"/>
		<feat xlink:href="#structure675" value="NP"/>
		<feat xlink:href="#structure676" value="VP"/>
		<feat xlink:href="#structure677" value="S"/>
		<feat xlink:href="#structure678" value="SBAR"/>
		<feat xlink:href="#structure679" value="NP"/>
		<feat xlink:href="#structure680" value="PP"/>
		<feat xlink:href="#structure681" value="NP"/>
		<feat xlink:href="#structure682" value="VP"/>
		<feat xlink:href="#structure683" value="S"/>
		<feat xlink:href="#structure684" value="PP"/>
		<feat xlink:href="#structure685" value="NP"/>
		<feat xlink:href="#structure686" value="PP"/>
		<feat xlink:href="#structure687" value="NP"/>
		<feat xlink:href="#structure688" value="WHNP"/>
		<feat xlink:href="#structure689" value="WHPP"/>
		<feat xlink:href="#structure690" value="NP"/>
		<feat xlink:href="#structure691" value="NP"/>
		<feat xlink:href="#structure692" value="PP"/>
		<feat xlink:href="#structure693" value="VP"/>
		<feat xlink:href="#structure694" value="S"/>
		<feat xlink:href="#structure695" value="SBAR"/>
		<feat xlink:href="#structure696" value="NP"/>
		<feat xlink:href="#structure697" value="WHADVP"/>
		<feat xlink:href="#structure698" value="NP"/>
		<feat xlink:href="#structure699" value="VP"/>
		<feat xlink:href="#structure700" value="VP"/>
		<feat xlink:href="#structure701" value="S"/>
		<feat xlink:href="#structure702" value="SBAR"/>
		<feat xlink:href="#structure703" value="NP"/>
		<feat xlink:href="#structure704" value="NP"/>
		<feat xlink:href="#structure705" value="NP"/>
		<feat xlink:href="#structure706" value="PP"/>
		<feat xlink:href="#structure707" value="VP"/>
		<feat xlink:href="#structure708" value="VP"/>
		<feat xlink:href="#structure709" value="S"/>
		<feat xlink:href="#structure710" value="VP"/>
		<feat xlink:href="#structure711" value="VP"/>
		<feat xlink:href="#structure712" value="VP"/>
		<feat xlink:href="#structure713" value="S"/>
		<feat xlink:href="#structure714" value="SBAR"/>
		<feat xlink:href="#structure715" value="NP"/>
		<feat xlink:href="#structure716" value="VP"/>
		<feat xlink:href="#structure717" value="VP"/>
		<feat xlink:href="#structure718" value="S"/>
		<feat xlink:href="#structure719" value="VP"/>
		<feat xlink:href="#structure720" value="S"/>
		<feat xlink:href="#structure721" value="ROOT"/>
		<feat xlink:href="#structure722" value="NP"/>
		<feat xlink:href="#structure723" value="ADVP"/>
		<feat xlink:href="#structure724" value="WHADVP"/>
		<feat xlink:href="#structure725" value="NP"/>
		<feat xlink:href="#structure726" value="ADVP"/>
		<feat xlink:href="#structure727" value="NP"/>
		<feat xlink:href="#structure728" value="VP"/>
		<feat xlink:href="#structure729" value="S"/>
		<feat xlink:href="#structure730" value="SBAR"/>
		<feat xlink:href="#structure731" value="VP"/>
		<feat xlink:href="#structure732" value="NP"/>
		<feat xlink:href="#structure733" value="NP"/>
		<feat xlink:href="#structure734" value="PP"/>
		<feat xlink:href="#structure735" value="NP"/>
		<feat xlink:href="#structure736" value="VP"/>
		<feat xlink:href="#structure737" value="VP"/>
		<feat xlink:href="#structure738" value="S"/>
		<feat xlink:href="#structure739" value="NP"/>
		<feat xlink:href="#structure740" value="NP"/>
		<feat xlink:href="#structure741" value="NP"/>
		<feat xlink:href="#structure742" value="NP"/>
		<feat xlink:href="#structure743" value="NP"/>
		<feat xlink:href="#structure744" value="PP"/>
		<feat xlink:href="#structure745" value="VP"/>
		<feat xlink:href="#structure746" value="S"/>
		<feat xlink:href="#structure747" value="SBAR"/>
		<feat xlink:href="#structure748" value="NP"/>
		<feat xlink:href="#structure749" value="VP"/>
		<feat xlink:href="#structure750" value="NP"/>
		<feat xlink:href="#structure751" value="PP"/>
		<feat xlink:href="#structure752" value="NP"/>
		<feat xlink:href="#structure753" value="NP"/>
		<feat xlink:href="#structure754" value="NP"/>
		<feat xlink:href="#structure755" value="PP"/>
		<feat xlink:href="#structure756" value="NP"/>
		<feat xlink:href="#structure757" value="ADVP"/>
		<feat xlink:href="#structure758" value="NP"/>
		<feat xlink:href="#structure759" value="NP"/>
		<feat xlink:href="#structure760" value="PP"/>
		<feat xlink:href="#structure761" value="NP"/>
		<feat xlink:href="#structure762" value="PP"/>
		<feat xlink:href="#structure763" value="NP"/>
		<feat xlink:href="#structure764" value="VP"/>
		<feat xlink:href="#structure765" value="VP"/>
		<feat xlink:href="#structure766" value="S"/>
		<feat xlink:href="#structure767" value="S"/>
		<feat xlink:href="#structure768" value="VP"/>
		<feat xlink:href="#structure769" value="S"/>
		<feat xlink:href="#structure770" value="PP"/>
		<feat xlink:href="#structure771" value="NP"/>
		<feat xlink:href="#structure772" value="VP"/>
		<feat xlink:href="#structure773" value="VP"/>
		<feat xlink:href="#structure774" value="VP"/>
		<feat xlink:href="#structure775" value="S"/>
		<feat xlink:href="#structure776" value="VP"/>
		<feat xlink:href="#structure777" value="S"/>
		<feat xlink:href="#structure778" value="S"/>
		<feat xlink:href="#structure779" value="ROOT"/></featList></paula>