<?xml version='1.0' encoding='UTF-8'?><!DOCTYPE paula SYSTEM "paula_feat.dtd">
<paula version="1.1">
	<header paula_id="dep.GUM_academic_art.dep_func"/>
	<featList xmlns:xlink="http://www.w3.org/1999/xlink" type="func" xml:base="dep.GUM_academic_art.dep.xml">
		<feat xlink:href="#sPointingRel101" value="amod"/>
		<feat xlink:href="#sPointingRel102" value="cc"/>
		<feat xlink:href="#sPointingRel103" value="amod"/>
		<feat xlink:href="#sPointingRel104" value="conj"/>
		<feat xlink:href="#sPointingRel105" value="punct"/>
		<feat xlink:href="#sPointingRel106" value="case"/>
		<feat xlink:href="#sPointingRel107" value="nmod"/>
		<feat xlink:href="#sPointingRel108" value="flat"/>
		<feat xlink:href="#sPointingRel109" value="list"/>
		<feat xlink:href="#sPointingRel110" value="list"/>
		<feat xlink:href="#sPointingRel111" value="case"/>
		<feat xlink:href="#sPointingRel112" value="nmod"/>
		<feat xlink:href="#sPointingRel113" value="punct"/>
		<feat xlink:href="#sPointingRel114" value="amod"/>
		<feat xlink:href="#sPointingRel115" value="list"/>
		<feat xlink:href="#sPointingRel116" value="flat"/>
		<feat xlink:href="#sPointingRel117" value="list"/>
		<feat xlink:href="#sPointingRel118" value="compound"/>
		<feat xlink:href="#sPointingRel119" value="list"/>
		<feat xlink:href="#sPointingRel120" value="punct"/>
		<feat xlink:href="#sPointingRel121" value="amod"/>
		<feat xlink:href="#sPointingRel122" value="list"/>
		<feat xlink:href="#sPointingRel123" value="flat"/>
		<feat xlink:href="#sPointingRel124" value="list"/>
		<feat xlink:href="#sPointingRel125" value="compound"/>
		<feat xlink:href="#sPointingRel126" value="list"/>
		<feat xlink:href="#sPointingRel127" value="punct"/>
		<feat xlink:href="#sPointingRel128" value="amod"/>
		<feat xlink:href="#sPointingRel129" value="list"/>
		<feat xlink:href="#sPointingRel130" value="flat"/>
		<feat xlink:href="#sPointingRel131" value="list"/>
		<feat xlink:href="#sPointingRel132" value="compound"/>
		<feat xlink:href="#sPointingRel133" value="list"/>
		<feat xlink:href="#sPointingRel134" value="punct"/>
		<feat xlink:href="#sPointingRel135" value="amod"/>
		<feat xlink:href="#sPointingRel136" value="list"/>
		<feat xlink:href="#sPointingRel137" value="advmod"/>
		<feat xlink:href="#sPointingRel138" value="aux"/>
		<feat xlink:href="#sPointingRel139" value="nsubj"/>
		<feat xlink:href="#sPointingRel140" value="case"/>
		<feat xlink:href="#sPointingRel141" value="cc"/>
		<feat xlink:href="#sPointingRel142" value="conj"/>
		<feat xlink:href="#sPointingRel143" value="obl"/>
		<feat xlink:href="#sPointingRel144" value="punct"/>
		<feat xlink:href="#sPointingRel145" value="det"/>
		<feat xlink:href="#sPointingRel146" value="obl"/>
		<feat xlink:href="#sPointingRel147" value="case"/>
		<feat xlink:href="#sPointingRel148" value="amod"/>
		<feat xlink:href="#sPointingRel149" value="nmod"/>
		<feat xlink:href="#sPointingRel150" value="aux"/>
		<feat xlink:href="#sPointingRel151" value="nsubj"/>
		<feat xlink:href="#sPointingRel152" value="case"/>
		<feat xlink:href="#sPointingRel153" value="punct"/>
		<feat xlink:href="#sPointingRel154" value="aux"/>
		<feat xlink:href="#sPointingRel155" value="compound"/>
		<feat xlink:href="#sPointingRel156" value="nsubj"/>
		<feat xlink:href="#sPointingRel157" value="det"/>
		<feat xlink:href="#sPointingRel158" value="obj"/>
		<feat xlink:href="#sPointingRel159" value="case"/>
		<feat xlink:href="#sPointingRel160" value="nmod"/>
		<feat xlink:href="#sPointingRel161" value="nsubj"/>
		<feat xlink:href="#sPointingRel162" value="acl:relcl"/>
		<feat xlink:href="#sPointingRel163" value="case"/>
		<feat xlink:href="#sPointingRel164" value="obl"/>
		<feat xlink:href="#sPointingRel165" value="punct"/>
		<feat xlink:href="#sPointingRel166" value="det"/>
		<feat xlink:href="#sPointingRel167" value="compound"/>
		<feat xlink:href="#sPointingRel168" value="nsubj"/>
		<feat xlink:href="#sPointingRel169" value="case"/>
		<feat xlink:href="#sPointingRel170" value="nmod"/>
		<feat xlink:href="#sPointingRel171" value="cop"/>
		<feat xlink:href="#sPointingRel172" value="det"/>
		<feat xlink:href="#sPointingRel173" value="amod"/>
		<feat xlink:href="#sPointingRel174" value="punct"/>
		<feat xlink:href="#sPointingRel175" value="acl"/>
		<feat xlink:href="#sPointingRel176" value="obj"/>
		<feat xlink:href="#sPointingRel177" value="case"/>
		<feat xlink:href="#sPointingRel178" value="nmod"/>
		<feat xlink:href="#sPointingRel179" value="punct"/>
		<feat xlink:href="#sPointingRel180" value="conj"/>
		<feat xlink:href="#sPointingRel181" value="punct"/>
		<feat xlink:href="#sPointingRel182" value="conj"/>
		<feat xlink:href="#sPointingRel183" value="punct"/>
		<feat xlink:href="#sPointingRel184" value="conj"/>
		<feat xlink:href="#sPointingRel185" value="punct"/>
		<feat xlink:href="#sPointingRel186" value="conj"/>
		<feat xlink:href="#sPointingRel187" value="punct"/>
		<feat xlink:href="#sPointingRel188" value="cc"/>
		<feat xlink:href="#sPointingRel189" value="conj"/>
		<feat xlink:href="#sPointingRel190" value="punct"/>
		<feat xlink:href="#sPointingRel191" value="advmod"/>
		<feat xlink:href="#sPointingRel192" value="punct"/>
		<feat xlink:href="#sPointingRel193" value="det"/>
		<feat xlink:href="#sPointingRel194" value="nsubj"/>
		<feat xlink:href="#sPointingRel195" value="nsubj"/>
		<feat xlink:href="#sPointingRel196" value="acl:relcl"/>
		<feat xlink:href="#sPointingRel197" value="cc"/>
		<feat xlink:href="#sPointingRel198" value="det"/>
		<feat xlink:href="#sPointingRel199" value="conj"/>
		<feat xlink:href="#sPointingRel200" value="mark"/>
		<feat xlink:href="#sPointingRel201" value="advmod"/>
		<feat xlink:href="#sPointingRel202" value="acl"/>
		<feat xlink:href="#sPointingRel203" value="det"/>
		<feat xlink:href="#sPointingRel204" value="obj"/>
		<feat xlink:href="#sPointingRel205" value="aux"/>
		<feat xlink:href="#sPointingRel206" value="case"/>
		<feat xlink:href="#sPointingRel207" value="nmod:poss"/>
		<feat xlink:href="#sPointingRel208" value="obl"/>
		<feat xlink:href="#sPointingRel209" value="punct"/>
		<feat xlink:href="#sPointingRel210" value="conj"/>
		<feat xlink:href="#sPointingRel211" value="punct"/>
		<feat xlink:href="#sPointingRel212" value="cc"/>
		<feat xlink:href="#sPointingRel213" value="advmod"/>
		<feat xlink:href="#sPointingRel214" value="nmod:poss"/>
		<feat xlink:href="#sPointingRel215" value="amod"/>
		<feat xlink:href="#sPointingRel216" value="conj"/>
		<feat xlink:href="#sPointingRel217" value="punct"/>
		<feat xlink:href="#sPointingRel218" value="det"/>
		<feat xlink:href="#sPointingRel219" value="nsubj"/>
		<feat xlink:href="#sPointingRel220" value="det"/>
		<feat xlink:href="#sPointingRel221" value="amod"/>
		<feat xlink:href="#sPointingRel222" value="compound"/>
		<feat xlink:href="#sPointingRel223" value="obj"/>
		<feat xlink:href="#sPointingRel224" value="acl"/>
		<feat xlink:href="#sPointingRel225" value="case"/>
		<feat xlink:href="#sPointingRel226" value="det"/>
		<feat xlink:href="#sPointingRel227" value="amod"/>
		<feat xlink:href="#sPointingRel228" value="obl"/>
		<feat xlink:href="#sPointingRel229" value="case"/>
		<feat xlink:href="#sPointingRel230" value="amod"/>
		<feat xlink:href="#sPointingRel231" value="compound"/>
		<feat xlink:href="#sPointingRel232" value="compound"/>
		<feat xlink:href="#sPointingRel233" value="nmod"/>
		<feat xlink:href="#sPointingRel234" value="punct"/>
		<feat xlink:href="#sPointingRel235" value="det"/>
		<feat xlink:href="#sPointingRel236" value="compound"/>
		<feat xlink:href="#sPointingRel237" value="nsubj"/>
		<feat xlink:href="#sPointingRel238" value="case"/>
		<feat xlink:href="#sPointingRel239" value="compound"/>
		<feat xlink:href="#sPointingRel240" value="nmod"/>
		<feat xlink:href="#sPointingRel241" value="cop"/>
		<feat xlink:href="#sPointingRel242" value="det"/>
		<feat xlink:href="#sPointingRel243" value="amod"/>
		<feat xlink:href="#sPointingRel244" value="compound"/>
		<feat xlink:href="#sPointingRel245" value="case"/>
		<feat xlink:href="#sPointingRel246" value="det"/>
		<feat xlink:href="#sPointingRel247" value="amod"/>
		<feat xlink:href="#sPointingRel248" value="nmod"/>
		<feat xlink:href="#sPointingRel249" value="acl"/>
		<feat xlink:href="#sPointingRel250" value="case"/>
		<feat xlink:href="#sPointingRel251" value="obl"/>
		<feat xlink:href="#sPointingRel252" value="case"/>
		<feat xlink:href="#sPointingRel253" value="amod"/>
		<feat xlink:href="#sPointingRel254" value="obl"/>
		<feat xlink:href="#sPointingRel255" value="punct"/>
		<feat xlink:href="#sPointingRel256" value="advmod"/>
		<feat xlink:href="#sPointingRel257" value="nsubj"/>
		<feat xlink:href="#sPointingRel258" value="case"/>
		<feat xlink:href="#sPointingRel259" value="det"/>
		<feat xlink:href="#sPointingRel260" value="nmod"/>
		<feat xlink:href="#sPointingRel261" value="case"/>
		<feat xlink:href="#sPointingRel262" value="nmod"/>
		<feat xlink:href="#sPointingRel263" value="aux"/>
		<feat xlink:href="#sPointingRel264" value="advcl"/>
		<feat xlink:href="#sPointingRel265" value="case"/>
		<feat xlink:href="#sPointingRel266" value="amod"/>
		<feat xlink:href="#sPointingRel267" value="obl"/>
		<feat xlink:href="#sPointingRel268" value="cc"/>
		<feat xlink:href="#sPointingRel269" value="conj"/>
		<feat xlink:href="#sPointingRel270" value="case"/>
		<feat xlink:href="#sPointingRel271" value="amod"/>
		<feat xlink:href="#sPointingRel272" value="cc"/>
		<feat xlink:href="#sPointingRel273" value="conj"/>
		<feat xlink:href="#sPointingRel274" value="nmod"/>
		<feat xlink:href="#sPointingRel275" value="punct"/>
		<feat xlink:href="#sPointingRel276" value="det"/>
		<feat xlink:href="#sPointingRel277" value="nsubj:pass"/>
		<feat xlink:href="#sPointingRel278" value="aux"/>
		<feat xlink:href="#sPointingRel279" value="aux:pass"/>
		<feat xlink:href="#sPointingRel280" value="case"/>
		<feat xlink:href="#sPointingRel281" value="det"/>
		<feat xlink:href="#sPointingRel282" value="amod"/>
		<feat xlink:href="#sPointingRel283" value="obl"/>
		<feat xlink:href="#sPointingRel284" value="case"/>
		<feat xlink:href="#sPointingRel285" value="nmod"/>
		<feat xlink:href="#sPointingRel286" value="cc"/>
		<feat xlink:href="#sPointingRel287" value="case"/>
		<feat xlink:href="#sPointingRel288" value="amod"/>
		<feat xlink:href="#sPointingRel289" value="conj"/>
		<feat xlink:href="#sPointingRel290" value="punct"/>
		<feat xlink:href="#sPointingRel291" value="case"/>
		<feat xlink:href="#sPointingRel292" value="det"/>
		<feat xlink:href="#sPointingRel293" value="obl"/>
		<feat xlink:href="#sPointingRel294" value="punct"/>
		<feat xlink:href="#sPointingRel295" value="nsubj"/>
		<feat xlink:href="#sPointingRel296" value="case"/>
		<feat xlink:href="#sPointingRel297" value="det"/>
		<feat xlink:href="#sPointingRel298" value="amod"/>
		<feat xlink:href="#sPointingRel299" value="obl"/>
		<feat xlink:href="#sPointingRel300" value="compound"/>
		<feat xlink:href="#sPointingRel301" value="nsubj"/>
		<feat xlink:href="#sPointingRel302" value="aux"/>
		<feat xlink:href="#sPointingRel303" value="acl:relcl"/>
		<feat xlink:href="#sPointingRel304" value="case"/>
		<feat xlink:href="#sPointingRel305" value="det"/>
		<feat xlink:href="#sPointingRel306" value="amod"/>
		<feat xlink:href="#sPointingRel307" value="obl"/>
		<feat xlink:href="#sPointingRel308" value="mark"/>
		<feat xlink:href="#sPointingRel309" value="acl"/>
		<feat xlink:href="#sPointingRel310" value="det"/>
		<feat xlink:href="#sPointingRel311" value="amod"/>
		<feat xlink:href="#sPointingRel312" value="obj"/>
		<feat xlink:href="#sPointingRel313" value="case"/>
		<feat xlink:href="#sPointingRel314" value="compound"/>
		<feat xlink:href="#sPointingRel315" value="nmod"/>
		<feat xlink:href="#sPointingRel316" value="punct"/>
		<feat xlink:href="#sPointingRel317" value="det"/>
		<feat xlink:href="#sPointingRel318" value="nsubj"/>
		<feat xlink:href="#sPointingRel319" value="case"/>
		<feat xlink:href="#sPointingRel320" value="det"/>
		<feat xlink:href="#sPointingRel321" value="compound"/>
		<feat xlink:href="#sPointingRel322" value="nmod"/>
		<feat xlink:href="#sPointingRel323" value="cop"/>
		<feat xlink:href="#sPointingRel324" value="mark"/>
		<feat xlink:href="#sPointingRel325" value="det"/>
		<feat xlink:href="#sPointingRel326" value="obj"/>
		<feat xlink:href="#sPointingRel327" value="case"/>
		<feat xlink:href="#sPointingRel328" value="amod"/>
		<feat xlink:href="#sPointingRel329" value="amod"/>
		<feat xlink:href="#sPointingRel330" value="nmod"/>
		<feat xlink:href="#sPointingRel331" value="case"/>
		<feat xlink:href="#sPointingRel332" value="det"/>
		<feat xlink:href="#sPointingRel333" value="amod"/>
		<feat xlink:href="#sPointingRel334" value="nmod"/>
		<feat xlink:href="#sPointingRel335" value="case"/>
		<feat xlink:href="#sPointingRel336" value="nmod"/>
		<feat xlink:href="#sPointingRel337" value="punct"/>
		<feat xlink:href="#sPointingRel338" value="nsubj"/>
		<feat xlink:href="#sPointingRel339" value="aux"/>
		<feat xlink:href="#sPointingRel340" value="det"/>
		<feat xlink:href="#sPointingRel341" value="amod"/>
		<feat xlink:href="#sPointingRel342" value="obj"/>
		<feat xlink:href="#sPointingRel343" value="case"/>
		<feat xlink:href="#sPointingRel344" value="det"/>
		<feat xlink:href="#sPointingRel345" value="nmod"/>
		<feat xlink:href="#sPointingRel346" value="cc"/>
		<feat xlink:href="#sPointingRel347" value="nmod:poss"/>
		<feat xlink:href="#sPointingRel348" value="conj"/>
		<feat xlink:href="#sPointingRel349" value="case"/>
		<feat xlink:href="#sPointingRel350" value="amod"/>
		<feat xlink:href="#sPointingRel351" value="nmod"/>
		<feat xlink:href="#sPointingRel352" value="case"/>
		<feat xlink:href="#sPointingRel353" value="compound"/>
		<feat xlink:href="#sPointingRel354" value="cc"/>
		<feat xlink:href="#sPointingRel355" value="conj"/>
		<feat xlink:href="#sPointingRel356" value="nmod"/>
		<feat xlink:href="#sPointingRel357" value="punct"/>
		<feat xlink:href="#sPointingRel358" value="det"/>
		<feat xlink:href="#sPointingRel359" value="nsubj"/>
		<feat xlink:href="#sPointingRel360" value="compound:prt"/>
		<feat xlink:href="#sPointingRel361" value="amod"/>
		<feat xlink:href="#sPointingRel362" value="compound"/>
		<feat xlink:href="#sPointingRel363" value="obj"/>
		<feat xlink:href="#sPointingRel364" value="case"/>
		<feat xlink:href="#sPointingRel365" value="amod"/>
		<feat xlink:href="#sPointingRel366" value="compound"/>
		<feat xlink:href="#sPointingRel367" value="nmod"/>
		<feat xlink:href="#sPointingRel368" value="punct"/>
		<feat xlink:href="#sPointingRel369" value="amod"/>
		<feat xlink:href="#sPointingRel370" value="conj"/>
		<feat xlink:href="#sPointingRel371" value="punct"/>
		<feat xlink:href="#sPointingRel372" value="amod"/>
		<feat xlink:href="#sPointingRel373" value="conj"/>
		<feat xlink:href="#sPointingRel374" value="punct"/>
		<feat xlink:href="#sPointingRel375" value="cc"/>
		<feat xlink:href="#sPointingRel376" value="compound"/>
		<feat xlink:href="#sPointingRel377" value="conj"/>
		<feat xlink:href="#sPointingRel378" value="mark"/>
		<feat xlink:href="#sPointingRel379" value="xcomp"/>
		<feat xlink:href="#sPointingRel380" value="punct"/>
		<feat xlink:href="#sPointingRel381" value="advcl"/>
		<feat xlink:href="#sPointingRel382" value="compound"/>
		<feat xlink:href="#sPointingRel383" value="obj"/>
		<feat xlink:href="#sPointingRel384" value="punct"/>
		<feat xlink:href="#sPointingRel385" value="amod"/>
		<feat xlink:href="#sPointingRel386" value="appos"/>
		<feat xlink:href="#sPointingRel387" value="case"/>
		<feat xlink:href="#sPointingRel388" value="amod"/>
		<feat xlink:href="#sPointingRel389" value="nmod"/>
		<feat xlink:href="#sPointingRel390" value="case"/>
		<feat xlink:href="#sPointingRel391" value="det"/>
		<feat xlink:href="#sPointingRel392" value="amod"/>
		<feat xlink:href="#sPointingRel393" value="compound"/>
		<feat xlink:href="#sPointingRel394" value="nmod"/>
		<feat xlink:href="#sPointingRel395" value="cc"/>
		<feat xlink:href="#sPointingRel396" value="fixed"/>
		<feat xlink:href="#sPointingRel397" value="fixed"/>
		<feat xlink:href="#sPointingRel398" value="det"/>
		<feat xlink:href="#sPointingRel399" value="conj"/>
		<feat xlink:href="#sPointingRel400" value="case"/>
		<feat xlink:href="#sPointingRel401" value="det"/>
		<feat xlink:href="#sPointingRel402" value="nmod"/>
		<feat xlink:href="#sPointingRel403" value="case"/>
		<feat xlink:href="#sPointingRel404" value="det"/>
		<feat xlink:href="#sPointingRel405" value="nmod"/>
		<feat xlink:href="#sPointingRel406" value="punct"/>
		<feat xlink:href="#sPointingRel407" value="nmod:poss"/>
		<feat xlink:href="#sPointingRel408" value="nsubj"/>
		<feat xlink:href="#sPointingRel409" value="case"/>
		<feat xlink:href="#sPointingRel410" value="nmod"/>
		<feat xlink:href="#sPointingRel411" value="case"/>
		<feat xlink:href="#sPointingRel412" value="det"/>
		<feat xlink:href="#sPointingRel413" value="obl"/>
		<feat xlink:href="#sPointingRel414" value="case"/>
		<feat xlink:href="#sPointingRel415" value="amod"/>
		<feat xlink:href="#sPointingRel416" value="amod"/>
		<feat xlink:href="#sPointingRel417" value="cc"/>
		<feat xlink:href="#sPointingRel418" value="conj"/>
		<feat xlink:href="#sPointingRel419" value="nmod"/>
		<feat xlink:href="#sPointingRel420" value="punct"/>
		<feat xlink:href="#sPointingRel421" value="det"/>
		<feat xlink:href="#sPointingRel422" value="nsubj"/>
		<feat xlink:href="#sPointingRel423" value="case"/>
		<feat xlink:href="#sPointingRel424" value="nmod"/>
		<feat xlink:href="#sPointingRel425" value="cop"/>
		<feat xlink:href="#sPointingRel426" value="det"/>
		<feat xlink:href="#sPointingRel427" value="amod"/>
		<feat xlink:href="#sPointingRel428" value="parataxis"/>
		<feat xlink:href="#sPointingRel429" value="case"/>
		<feat xlink:href="#sPointingRel430" value="det"/>
		<feat xlink:href="#sPointingRel431" value="nmod"/>
		<feat xlink:href="#sPointingRel432" value="punct"/>
		<feat xlink:href="#sPointingRel433" value="mark"/>
		<feat xlink:href="#sPointingRel434" value="advcl"/>
		<feat xlink:href="#sPointingRel435" value="det"/>
		<feat xlink:href="#sPointingRel436" value="obj"/>
		<feat xlink:href="#sPointingRel437" value="punct"/>
		<feat xlink:href="#sPointingRel438" value="det"/>
		<feat xlink:href="#sPointingRel439" value="nsubj"/>
		<feat xlink:href="#sPointingRel440" value="obj"/>
		<feat xlink:href="#sPointingRel441" value="case"/>
		<feat xlink:href="#sPointingRel442" value="det"/>
		<feat xlink:href="#sPointingRel443" value="compound"/>
		<feat xlink:href="#sPointingRel444" value="obl"/>
		<feat xlink:href="#sPointingRel445" value="punct"/>
		<feat xlink:href="#sPointingRel446" value="acl"/>
		<feat xlink:href="#sPointingRel447" value="case"/>
		<feat xlink:href="#sPointingRel448" value="amod"/>
		<feat xlink:href="#sPointingRel449" value="obl"/>
		<feat xlink:href="#sPointingRel450" value="case"/>
		<feat xlink:href="#sPointingRel451" value="det"/>
		<feat xlink:href="#sPointingRel452" value="nmod"/>
		<feat xlink:href="#sPointingRel453" value="acl"/>
		<feat xlink:href="#sPointingRel454" value="obj"/>
		<feat xlink:href="#sPointingRel455" value="punct"/>
		<feat xlink:href="#sPointingRel456" value="det"/>
		<feat xlink:href="#sPointingRel457" value="nsubj:pass"/>
		<feat xlink:href="#sPointingRel458" value="case"/>
		<feat xlink:href="#sPointingRel459" value="nmod"/>
		<feat xlink:href="#sPointingRel460" value="aux:pass"/>
		<feat xlink:href="#sPointingRel461" value="case"/>
		<feat xlink:href="#sPointingRel462" value="det"/>
		<feat xlink:href="#sPointingRel463" value="obl"/>
		<feat xlink:href="#sPointingRel464" value="case"/>
		<feat xlink:href="#sPointingRel465" value="det"/>
		<feat xlink:href="#sPointingRel466" value="nmod"/>
		<feat xlink:href="#sPointingRel467" value="case"/>
		<feat xlink:href="#sPointingRel468" value="det"/>
		<feat xlink:href="#sPointingRel469" value="nmod"/>
		<feat xlink:href="#sPointingRel470" value="cc"/>
		<feat xlink:href="#sPointingRel471" value="det"/>
		<feat xlink:href="#sPointingRel472" value="amod"/>
		<feat xlink:href="#sPointingRel473" value="conj"/>
		<feat xlink:href="#sPointingRel474" value="case"/>
		<feat xlink:href="#sPointingRel475" value="det"/>
		<feat xlink:href="#sPointingRel476" value="amod"/>
		<feat xlink:href="#sPointingRel477" value="nmod"/>
		<feat xlink:href="#sPointingRel478" value="case"/>
		<feat xlink:href="#sPointingRel479" value="det"/>
		<feat xlink:href="#sPointingRel480" value="nmod"/>
		<feat xlink:href="#sPointingRel481" value="punct"/>
		<feat xlink:href="#sPointingRel482" value="advmod"/>
		<feat xlink:href="#sPointingRel483" value="appos"/>
		<feat xlink:href="#sPointingRel484" value="punct"/>
		<feat xlink:href="#sPointingRel485" value="conj"/>
		<feat xlink:href="#sPointingRel486" value="punct"/>
		<feat xlink:href="#sPointingRel487" value="conj"/>
		<feat xlink:href="#sPointingRel488" value="conj"/>
		<feat xlink:href="#sPointingRel489" value="punct"/>
		<feat xlink:href="#sPointingRel490" value="punct"/>
		<feat xlink:href="#sPointingRel491" value="advmod"/>
		<feat xlink:href="#sPointingRel492" value="punct"/>
		<feat xlink:href="#sPointingRel493" value="csubj"/>
		<feat xlink:href="#sPointingRel494" value="compound"/>
		<feat xlink:href="#sPointingRel495" value="obj"/>
		<feat xlink:href="#sPointingRel496" value="det"/>
		<feat xlink:href="#sPointingRel497" value="obj"/>
		<feat xlink:href="#sPointingRel498" value="nsubj"/>
		<feat xlink:href="#sPointingRel499" value="aux"/>
		<feat xlink:href="#sPointingRel500" value="advmod"/>
		<feat xlink:href="#sPointingRel501" value="acl:relcl"/>
		<feat xlink:href="#sPointingRel502" value="case"/>
		<feat xlink:href="#sPointingRel503" value="det"/>
		<feat xlink:href="#sPointingRel504" value="nmod:poss"/>
		<feat xlink:href="#sPointingRel505" value="case"/>
		<feat xlink:href="#sPointingRel506" value="obl"/>
		<feat xlink:href="#sPointingRel507" value="punct"/>
		<feat xlink:href="#sPointingRel508" value="conj"/>
		<feat xlink:href="#sPointingRel509" value="cc"/>
		<feat xlink:href="#sPointingRel510" value="amod"/>
		<feat xlink:href="#sPointingRel511" value="conj"/>
		<feat xlink:href="#sPointingRel512" value="case"/>
		<feat xlink:href="#sPointingRel513" value="det"/>
		<feat xlink:href="#sPointingRel514" value="nmod"/>
		<feat xlink:href="#sPointingRel515" value="punct"/>
		<feat xlink:href="#sPointingRel516" value="amod"/>
		<feat xlink:href="#sPointingRel517" value="compound"/>
		<feat xlink:href="#sPointingRel518" value="compound"/>
		<feat xlink:href="#sPointingRel519" value="nsubj"/>
		<feat xlink:href="#sPointingRel520" value="aux"/>
		<feat xlink:href="#sPointingRel521" value="det"/>
		<feat xlink:href="#sPointingRel522" value="obj"/>
		<feat xlink:href="#sPointingRel523" value="mark"/>
		<feat xlink:href="#sPointingRel524" value="acl"/>
		<feat xlink:href="#sPointingRel525" value="det"/>
		<feat xlink:href="#sPointingRel526" value="obj"/>
		<feat xlink:href="#sPointingRel527" value="nsubj"/>
		<feat xlink:href="#sPointingRel528" value="acl:relcl"/>
		<feat xlink:href="#sPointingRel529" value="amod"/>
		<feat xlink:href="#sPointingRel530" value="obj"/>
		<feat xlink:href="#sPointingRel531" value="case"/>
		<feat xlink:href="#sPointingRel532" value="det"/>
		<feat xlink:href="#sPointingRel533" value="nmod"/>
		<feat xlink:href="#sPointingRel534" value="punct"/>
		<feat xlink:href="#sPointingRel535" value="dep"/>
		<feat xlink:href="#sPointingRel536" value="case"/>
		<feat xlink:href="#sPointingRel537" value="obl"/>
		<feat xlink:href="#sPointingRel538" value="obj"/>
		<feat xlink:href="#sPointingRel539" value="nmod:tmod"/>
		<feat xlink:href="#sPointingRel540" value="punct"/>
		<feat xlink:href="#sPointingRel541" value="conj"/>
		<feat xlink:href="#sPointingRel542" value="cc"/>
		<feat xlink:href="#sPointingRel543" value="conj"/>
		<feat xlink:href="#sPointingRel544" value="punct"/>
		<feat xlink:href="#sPointingRel545" value="nmod:tmod"/>
		<feat xlink:href="#sPointingRel546" value="punct"/>
		<feat xlink:href="#sPointingRel547" value="cc"/>
		<feat xlink:href="#sPointingRel548" value="case"/>
		<feat xlink:href="#sPointingRel549" value="det"/>
		<feat xlink:href="#sPointingRel550" value="amod"/>
		<feat xlink:href="#sPointingRel551" value="obl"/>
		<feat xlink:href="#sPointingRel552" value="conj"/>
		<feat xlink:href="#sPointingRel553" value="det"/>
		<feat xlink:href="#sPointingRel554" value="amod"/>
		<feat xlink:href="#sPointingRel555" value="obj"/>
		<feat xlink:href="#sPointingRel556" value="mark"/>
		<feat xlink:href="#sPointingRel557" value="acl"/>
		<feat xlink:href="#sPointingRel558" value="amod"/>
		<feat xlink:href="#sPointingRel559" value="amod"/>
		<feat xlink:href="#sPointingRel560" value="obj"/>
		<feat xlink:href="#sPointingRel561" value="case"/>
		<feat xlink:href="#sPointingRel562" value="det"/>
		<feat xlink:href="#sPointingRel563" value="compound"/>
		<feat xlink:href="#sPointingRel564" value="nmod"/>
		<feat xlink:href="#sPointingRel565" value="punct"/>
		<feat xlink:href="#sPointingRel566" value="dep"/>
		<feat xlink:href="#sPointingRel567" value="flat"/>
		<feat xlink:href="#sPointingRel568" value="cc"/>
		<feat xlink:href="#sPointingRel569" value="conj"/>
		<feat xlink:href="#sPointingRel570" value="punct"/>
		<feat xlink:href="#sPointingRel571" value="nmod:tmod"/>
		<feat xlink:href="#sPointingRel572" value="punct"/>
		<feat xlink:href="#sPointingRel573" value="conj"/>
		<feat xlink:href="#sPointingRel574" value="cc"/>
		<feat xlink:href="#sPointingRel575" value="conj"/>
		<feat xlink:href="#sPointingRel576" value="nmod:tmod"/>
		<feat xlink:href="#sPointingRel577" value="punct"/>
		<feat xlink:href="#sPointingRel578" value="conj"/>
		<feat xlink:href="#sPointingRel579" value="nmod:tmod"/>
		<feat xlink:href="#sPointingRel580" value="punct"/>
		<feat xlink:href="#sPointingRel581" value="punct"/>
		<feat xlink:href="#sPointingRel582" value="nmod:poss"/>
		<feat xlink:href="#sPointingRel583" value="case"/>
		<feat xlink:href="#sPointingRel584" value="nsubj"/>
		<feat xlink:href="#sPointingRel585" value="case"/>
		<feat xlink:href="#sPointingRel586" value="nmod"/>
		<feat xlink:href="#sPointingRel587" value="cc"/>
		<feat xlink:href="#sPointingRel588" value="nmod:poss"/>
		<feat xlink:href="#sPointingRel589" value="conj"/>
		<feat xlink:href="#sPointingRel590" value="aux"/>
		<feat xlink:href="#sPointingRel591" value="cop"/>
		<feat xlink:href="#sPointingRel592" value="case"/>
		<feat xlink:href="#sPointingRel593" value="case"/>
		<feat xlink:href="#sPointingRel594" value="det"/>
		<feat xlink:href="#sPointingRel595" value="compound"/>
		<feat xlink:href="#sPointingRel596" value="nmod"/>
		<feat xlink:href="#sPointingRel597" value="case"/>
		<feat xlink:href="#sPointingRel598" value="compound"/>
		<feat xlink:href="#sPointingRel599" value="nmod"/>
		<feat xlink:href="#sPointingRel600" value="case"/>
		<feat xlink:href="#sPointingRel601" value="advmod"/>
		<feat xlink:href="#sPointingRel602" value="nummod"/>
		<feat xlink:href="#sPointingRel603" value="nmod"/>
		<feat xlink:href="#sPointingRel604" value="punct"/>
		<feat xlink:href="#sPointingRel605" value="nsubj"/>
		<feat xlink:href="#sPointingRel606" value="cop"/>
		<feat xlink:href="#sPointingRel607" value="det"/>
		<feat xlink:href="#sPointingRel608" value="amod"/>
		<feat xlink:href="#sPointingRel609" value="mark"/>
		<feat xlink:href="#sPointingRel610" value="aux:pass"/>
		<feat xlink:href="#sPointingRel611" value="acl"/>
		<feat xlink:href="#sPointingRel612" value="case"/>
		<feat xlink:href="#sPointingRel613" value="amod"/>
		<feat xlink:href="#sPointingRel614" value="obl"/>
		<feat xlink:href="#sPointingRel615" value="case"/>
		<feat xlink:href="#sPointingRel616" value="det"/>
		<feat xlink:href="#sPointingRel617" value="nmod"/>
		<feat xlink:href="#sPointingRel618" value="punct"/>
		<feat xlink:href="#sPointingRel619" value="cc"/>
		<feat xlink:href="#sPointingRel620" value="conj"/>
		<feat xlink:href="#sPointingRel621" value="case"/>
		<feat xlink:href="#sPointingRel622" value="advmod"/>
		<feat xlink:href="#sPointingRel623" value="nmod"/>
		<feat xlink:href="#sPointingRel624" value="case"/>
		<feat xlink:href="#sPointingRel625" value="nmod:poss"/>
		<feat xlink:href="#sPointingRel626" value="obl"/>
		<feat xlink:href="#sPointingRel627" value="case"/>
		<feat xlink:href="#sPointingRel628" value="det"/>
		<feat xlink:href="#sPointingRel629" value="nmod"/>
		<feat xlink:href="#sPointingRel630" value="punct"/>
		<feat xlink:href="#sPointingRel631" value="nsubj"/>
		<feat xlink:href="#sPointingRel632" value="det"/>
		<feat xlink:href="#sPointingRel633" value="amod"/>
		<feat xlink:href="#sPointingRel634" value="obj"/>
		<feat xlink:href="#sPointingRel635" value="case"/>
		<feat xlink:href="#sPointingRel636" value="nmod"/>
		<feat xlink:href="#sPointingRel637" value="punct"/>
		<feat xlink:href="#sPointingRel638" value="dep"/>
		<feat xlink:href="#sPointingRel639" value="cc"/>
		<feat xlink:href="#sPointingRel640" value="conj"/>
		<feat xlink:href="#sPointingRel641" value="nmod:tmod"/>
		<feat xlink:href="#sPointingRel642" value="punct"/>
		<feat xlink:href="#sPointingRel643" value="punct"/>
		<feat xlink:href="#sPointingRel644" value="cc"/>
		<feat xlink:href="#sPointingRel645" value="amod"/>
		<feat xlink:href="#sPointingRel646" value="amod"/>
		<feat xlink:href="#sPointingRel647" value="nsubj:pass"/>
		<feat xlink:href="#sPointingRel648" value="case"/>
		<feat xlink:href="#sPointingRel649" value="nmod:poss"/>
		<feat xlink:href="#sPointingRel650" value="nmod"/>
		<feat xlink:href="#sPointingRel651" value="cc"/>
		<feat xlink:href="#sPointingRel652" value="conj"/>
		<feat xlink:href="#sPointingRel653" value="aux"/>
		<feat xlink:href="#sPointingRel654" value="advmod"/>
		<feat xlink:href="#sPointingRel655" value="advmod"/>
		<feat xlink:href="#sPointingRel656" value="aux:pass"/>
		<feat xlink:href="#sPointingRel657" value="advmod"/>
		<feat xlink:href="#sPointingRel658" value="conj"/>
		<feat xlink:href="#sPointingRel659" value="punct"/>
		<feat xlink:href="#sPointingRel660" value="case"/>
		<feat xlink:href="#sPointingRel661" value="det"/>
		<feat xlink:href="#sPointingRel662" value="obl"/>
		<feat xlink:href="#sPointingRel663" value="nsubj"/>
		<feat xlink:href="#sPointingRel664" value="obj"/>
		<feat xlink:href="#sPointingRel665" value="case"/>
		<feat xlink:href="#sPointingRel666" value="det"/>
		<feat xlink:href="#sPointingRel667" value="amod"/>
		<feat xlink:href="#sPointingRel668" value="obl"/>
		<feat xlink:href="#sPointingRel669" value="mark"/>
		<feat xlink:href="#sPointingRel670" value="acl"/>
		<feat xlink:href="#sPointingRel671" value="compound"/>
		<feat xlink:href="#sPointingRel672" value="obj"/>
		<feat xlink:href="#sPointingRel673" value="case"/>
		<feat xlink:href="#sPointingRel674" value="det"/>
		<feat xlink:href="#sPointingRel675" value="amod"/>
		<feat xlink:href="#sPointingRel676" value="amod"/>
		<feat xlink:href="#sPointingRel677" value="compound"/>
		<feat xlink:href="#sPointingRel678" value="nmod"/>
		<feat xlink:href="#sPointingRel679" value="case"/>
		<feat xlink:href="#sPointingRel680" value="compound"/>
		<feat xlink:href="#sPointingRel681" value="nmod"/>
		<feat xlink:href="#sPointingRel682" value="punct"/>
		<feat xlink:href="#sPointingRel683" value="case"/>
		<feat xlink:href="#sPointingRel684" value="nmod"/>
		<feat xlink:href="#sPointingRel685" value="det"/>
		<feat xlink:href="#sPointingRel686" value="nummod"/>
		<feat xlink:href="#sPointingRel687" value="compound"/>
		<feat xlink:href="#sPointingRel688" value="nsubj"/>
		<feat xlink:href="#sPointingRel689" value="punct"/>
		<feat xlink:href="#sPointingRel690" value="expl"/>
		<feat xlink:href="#sPointingRel691" value="parataxis"/>
		<feat xlink:href="#sPointingRel692" value="advmod"/>
		<feat xlink:href="#sPointingRel693" value="advmod"/>
		<feat xlink:href="#sPointingRel694" value="nummod"/>
		<feat xlink:href="#sPointingRel695" value="compound"/>
		<feat xlink:href="#sPointingRel696" value="nsubj"/>
		<feat xlink:href="#sPointingRel697" value="punct"/>
		<feat xlink:href="#sPointingRel698" value="det"/>
		<feat xlink:href="#sPointingRel699" value="nsubj"/>
		<feat xlink:href="#sPointingRel700" value="appos"/>
		<feat xlink:href="#sPointingRel701" value="punct"/>
		<feat xlink:href="#sPointingRel702" value="cop"/>
		<feat xlink:href="#sPointingRel703" value="det"/>
		<feat xlink:href="#sPointingRel704" value="parataxis"/>
		<feat xlink:href="#sPointingRel705" value="case"/>
		<feat xlink:href="#sPointingRel706" value="nmod"/>
		<feat xlink:href="#sPointingRel707" value="flat"/>
		<feat xlink:href="#sPointingRel708" value="punct"/>
		<feat xlink:href="#sPointingRel709" value="cop"/>
		<feat xlink:href="#sPointingRel710" value="det"/>
		<feat xlink:href="#sPointingRel711" value="amod"/>
		<feat xlink:href="#sPointingRel712" value="acl:relcl"/>
		<feat xlink:href="#sPointingRel713" value="nmod"/>
		<feat xlink:href="#sPointingRel714" value="punct"/>
		<feat xlink:href="#sPointingRel715" value="mark"/>
		<feat xlink:href="#sPointingRel716" value="advcl"/>
		<feat xlink:href="#sPointingRel717" value="det"/>
		<feat xlink:href="#sPointingRel718" value="obj"/>
		<feat xlink:href="#sPointingRel719" value="case"/>
		<feat xlink:href="#sPointingRel720" value="obl"/>
		<feat xlink:href="#sPointingRel721" value="nsubj"/>
		<feat xlink:href="#sPointingRel722" value="acl:relcl"/>
		<feat xlink:href="#sPointingRel723" value="case"/>
		<feat xlink:href="#sPointingRel724" value="amod"/>
		<feat xlink:href="#sPointingRel725" value="obl"/>
		<feat xlink:href="#sPointingRel726" value="punct"/>
		<feat xlink:href="#sPointingRel727" value="mark"/>
		<feat xlink:href="#sPointingRel728" value="amod"/>
		<feat xlink:href="#sPointingRel729" value="nsubj:pass"/>
		<feat xlink:href="#sPointingRel730" value="aux:pass"/>
		<feat xlink:href="#sPointingRel731" value="conj"/>
		<feat xlink:href="#sPointingRel732" value="cc"/>
		<feat xlink:href="#sPointingRel733" value="mark"/>
		<feat xlink:href="#sPointingRel734" value="nsubj:pass"/>
		<feat xlink:href="#sPointingRel735" value="aux"/>
		<feat xlink:href="#sPointingRel736" value="aux:pass"/>
		<feat xlink:href="#sPointingRel737" value="conj"/>
		<feat xlink:href="#sPointingRel738" value="mark"/>
		<feat xlink:href="#sPointingRel739" value="xcomp"/>
		<feat xlink:href="#sPointingRel740" value="obj"/>
		<feat xlink:href="#sPointingRel741" value="case"/>
		<feat xlink:href="#sPointingRel742" value="amod"/>
		<feat xlink:href="#sPointingRel743" value="obl"/>
		<feat xlink:href="#sPointingRel744" value="punct"/>
		<feat xlink:href="#sPointingRel745" value="det"/>
		<feat xlink:href="#sPointingRel746" value="compound"/>
		<feat xlink:href="#sPointingRel747" value="nsubj"/>
		<feat xlink:href="#sPointingRel748" value="advmod"/>
		<feat xlink:href="#sPointingRel749" value="mark"/>
		<feat xlink:href="#sPointingRel750" value="nsubj"/>
		<feat xlink:href="#sPointingRel751" value="advmod"/>
		<feat xlink:href="#sPointingRel752" value="ccomp"/>
		<feat xlink:href="#sPointingRel753" value="obj"/>
		<feat xlink:href="#sPointingRel754" value="cc"/>
		<feat xlink:href="#sPointingRel755" value="conj"/>
		<feat xlink:href="#sPointingRel756" value="amod"/>
		<feat xlink:href="#sPointingRel757" value="obj"/>
		<feat xlink:href="#sPointingRel758" value="case"/>
		<feat xlink:href="#sPointingRel759" value="det"/>
		<feat xlink:href="#sPointingRel760" value="nmod"/>
		<feat xlink:href="#sPointingRel761" value="nsubj"/>
		<feat xlink:href="#sPointingRel762" value="acl:relcl"/>
		<feat xlink:href="#sPointingRel763" value="mark"/>
		<feat xlink:href="#sPointingRel764" value="xcomp"/>
		<feat xlink:href="#sPointingRel765" value="det"/>
		<feat xlink:href="#sPointingRel766" value="obj"/>
		<feat xlink:href="#sPointingRel767" value="nsubj"/>
		<feat xlink:href="#sPointingRel768" value="acl:relcl"/>
		<feat xlink:href="#sPointingRel769" value="amod"/>
		<feat xlink:href="#sPointingRel770" value="obj"/>
		<feat xlink:href="#sPointingRel771" value="case"/>
		<feat xlink:href="#sPointingRel772" value="nmod"/>
		<feat xlink:href="#sPointingRel773" value="cc"/>
		<feat xlink:href="#sPointingRel774" value="conj"/>
		<feat xlink:href="#sPointingRel775" value="cc"/>
		<feat xlink:href="#sPointingRel776" value="case"/>
		<feat xlink:href="#sPointingRel777" value="det"/>
		<feat xlink:href="#sPointingRel778" value="amod"/>
		<feat xlink:href="#sPointingRel779" value="obl"/>
		<feat xlink:href="#sPointingRel780" value="conj"/>
		<feat xlink:href="#sPointingRel781" value="det"/>
		<feat xlink:href="#sPointingRel782" value="amod"/>
		<feat xlink:href="#sPointingRel783" value="obj"/>
		<feat xlink:href="#sPointingRel784" value="mark"/>
		<feat xlink:href="#sPointingRel785" value="acl"/>
		<feat xlink:href="#sPointingRel786" value="amod"/>
		<feat xlink:href="#sPointingRel787" value="amod"/>
		<feat xlink:href="#sPointingRel788" value="obj"/>
		<feat xlink:href="#sPointingRel789" value="case"/>
		<feat xlink:href="#sPointingRel790" value="det"/>
		<feat xlink:href="#sPointingRel791" value="compound"/>
		<feat xlink:href="#sPointingRel792" value="nmod"/>
		<feat xlink:href="#sPointingRel793" value="punct"/>
		<feat xlink:href="#sPointingRel794" value="advmod"/>
		<feat xlink:href="#sPointingRel795" value="mark"/>
		<feat xlink:href="#sPointingRel796" value="acl"/>
		<feat xlink:href="#sPointingRel797" value="det"/>
		<feat xlink:href="#sPointingRel798" value="obj"/>
		<feat xlink:href="#sPointingRel799" value="case"/>
		<feat xlink:href="#sPointingRel800" value="compound"/>
		<feat xlink:href="#sPointingRel801" value="nmod"/>
		<feat xlink:href="#sPointingRel802" value="case"/>
		<feat xlink:href="#sPointingRel803" value="compound"/>
		<feat xlink:href="#sPointingRel804" value="amod"/>
		<feat xlink:href="#sPointingRel805" value="obl"/>
		<feat xlink:href="#sPointingRel806" value="punct"/></featList></paula>