<?xml version='1.0' encoding='UTF-8'?><!DOCTYPE paula SYSTEM "paula_rel.dtd">
<paula version="1.1">
	<header paula_id="edep.GUM_academic_art.edep"/>
	<relList xmlns:xlink="http://www.w3.org/1999/xlink" type="edep">
		<rel id="sPointingRel5" xlink:href="GUM_academic_art.tok.xml#sTok2" target="GUM_academic_art.tok.xml#sTok5"/>
		<rel id="sPointingRel9" xlink:href="GUM_academic_art.tok.xml#sTok7" target="GUM_academic_art.tok.xml#sTok9"/>
		<rel id="sPointingRel17" xlink:href="GUM_academic_art.tok.xml#sTok15" target="GUM_academic_art.tok.xml#sTok17"/>
		<rel id="sPointingRel44" xlink:href="GUM_academic_art.tok.xml#sTok51" target="GUM_academic_art.tok.xml#sTok46"/>
		<rel id="sPointingRel46" xlink:href="GUM_academic_art.tok.xml#sTok51" target="GUM_academic_art.tok.xml#sTok47"/>
		<rel id="sPointingRel50" xlink:href="GUM_academic_art.tok.xml#sTok48" target="GUM_academic_art.tok.xml#sTok51"/>
		<rel id="sPointingRel52" xlink:href="GUM_academic_art.tok.xml#sTok48" target="GUM_academic_art.tok.xml#sTok52"/>
		<rel id="sPointingRel56" xlink:href="GUM_academic_art.tok.xml#sTok61" target="GUM_academic_art.tok.xml#sTok55"/>
		<rel id="sPointingRel60" xlink:href="GUM_academic_art.tok.xml#sTok55" target="GUM_academic_art.tok.xml#sTok58"/>
		<rel id="sPointingRel72" xlink:href="GUM_academic_art.tok.xml#sTok69" target="GUM_academic_art.tok.xml#sTok71"/>
		<rel id="sPointingRel77" xlink:href="GUM_academic_art.tok.xml#sTok73" target="GUM_academic_art.tok.xml#sTok75"/>
		<rel id="sPointingRel84" xlink:href="GUM_academic_art.tok.xml#sTok79" target="GUM_academic_art.tok.xml#sTok81"/>
		<rel id="sPointingRel93" xlink:href="GUM_academic_art.tok.xml#sTok88" target="GUM_academic_art.tok.xml#sTok90"/>
		<rel id="sPointingRel96" xlink:href="GUM_academic_art.tok.xml#sTok88" target="GUM_academic_art.tok.xml#sTok92"/>
		<rel id="sPointingRel97" xlink:href="GUM_academic_art.tok.xml#sTok90" target="GUM_academic_art.tok.xml#sTok92"/>
		<rel id="sPointingRel100" xlink:href="GUM_academic_art.tok.xml#sTok88" target="GUM_academic_art.tok.xml#sTok94"/>
		<rel id="sPointingRel101" xlink:href="GUM_academic_art.tok.xml#sTok90" target="GUM_academic_art.tok.xml#sTok94"/>
		<rel id="sPointingRel106" xlink:href="GUM_academic_art.tok.xml#sTok88" target="GUM_academic_art.tok.xml#sTok98"/>
		<rel id="sPointingRel107" xlink:href="GUM_academic_art.tok.xml#sTok90" target="GUM_academic_art.tok.xml#sTok98"/>
		<rel id="sPointingRel110" xlink:href="GUM_academic_art.tok.xml#sTok88" target="GUM_academic_art.tok.xml#sTok100"/>
		<rel id="sPointingRel111" xlink:href="GUM_academic_art.tok.xml#sTok90" target="GUM_academic_art.tok.xml#sTok100"/>
		<rel id="sPointingRel115" xlink:href="GUM_academic_art.tok.xml#sTok88" target="GUM_academic_art.tok.xml#sTok103"/>
		<rel id="sPointingRel116" xlink:href="GUM_academic_art.tok.xml#sTok90" target="GUM_academic_art.tok.xml#sTok103"/>
		<rel id="sPointingRel127" xlink:href="GUM_academic_art.tok.xml#sTok108" target="GUM_academic_art.tok.xml#sTok113"/>
		<rel id="sPointingRel128" xlink:href="GUM_academic_art.tok.xml#sTok120" target="GUM_academic_art.tok.xml#sTok113"/>
		<rel id="sPointingRel132" xlink:href="GUM_academic_art.tok.xml#sTok113" target="GUM_academic_art.tok.xml#sTok116"/>
		<rel id="sPointingRel139" xlink:href="GUM_academic_art.tok.xml#sTok120" target="GUM_academic_art.tok.xml#sTok123"/>
		<rel id="sPointingRel142" xlink:href="GUM_academic_art.tok.xml#sTok120" target="GUM_academic_art.tok.xml#sTok125"/>
		<rel id="sPointingRel143" xlink:href="GUM_academic_art.tok.xml#sTok123" target="GUM_academic_art.tok.xml#sTok125"/>
		<rel id="sPointingRel150" xlink:href="GUM_academic_art.tok.xml#sTok120" target="GUM_academic_art.tok.xml#sTok131"/>
		<rel id="sPointingRel151" xlink:href="GUM_academic_art.tok.xml#sTok123" target="GUM_academic_art.tok.xml#sTok131"/>
		<rel id="sPointingRel164" xlink:href="GUM_academic_art.tok.xml#sTok140" target="GUM_academic_art.tok.xml#sTok144"/>
		<rel id="sPointingRel170" xlink:href="GUM_academic_art.tok.xml#sTok144" target="GUM_academic_art.tok.xml#sTok149"/>
		<rel id="sPointingRel178" xlink:href="GUM_academic_art.tok.xml#sTok153" target="GUM_academic_art.tok.xml#sTok156"/>
		<rel id="sPointingRel187" xlink:href="GUM_academic_art.tok.xml#sTok161" target="GUM_academic_art.tok.xml#sTok165"/>
		<rel id="sPointingRel191" xlink:href="GUM_academic_art.tok.xml#sTok166" target="GUM_academic_art.tok.xml#sTok168"/>
		<rel id="sPointingRel197" xlink:href="GUM_academic_art.tok.xml#sTok166" target="GUM_academic_art.tok.xml#sTok173"/>
		<rel id="sPointingRel204" xlink:href="GUM_academic_art.tok.xml#sTok176" target="GUM_academic_art.tok.xml#sTok179"/>
		<rel id="sPointingRel207" xlink:href="GUM_academic_art.tok.xml#sTok179" target="GUM_academic_art.tok.xml#sTok181"/>
		<rel id="sPointingRel210" xlink:href="GUM_academic_art.tok.xml#sTok199" target="GUM_academic_art.tok.xml#sTok183"/>
		<rel id="sPointingRel214" xlink:href="GUM_academic_art.tok.xml#sTok183" target="GUM_academic_art.tok.xml#sTok186"/>
		<rel id="sPointingRel217" xlink:href="GUM_academic_art.tok.xml#sTok183" target="GUM_academic_art.tok.xml#sTok188"/>
		<rel id="sPointingRel218" xlink:href="GUM_academic_art.tok.xml#sTok186" target="GUM_academic_art.tok.xml#sTok188"/>
		<rel id="sPointingRel223" xlink:href="GUM_academic_art.tok.xml#sTok190" target="GUM_academic_art.tok.xml#sTok192"/>
		<rel id="sPointingRel224" xlink:href="GUM_academic_art.tok.xml#sTok193" target="GUM_academic_art.tok.xml#sTok192"/>
		<rel id="sPointingRel226" xlink:href="GUM_academic_art.tok.xml#sTok188" target="GUM_academic_art.tok.xml#sTok193"/>
		<rel id="sPointingRel236" xlink:href="GUM_academic_art.tok.xml#sTok199" target="GUM_academic_art.tok.xml#sTok203"/>
		<rel id="sPointingRel239" xlink:href="GUM_academic_art.tok.xml#sTok203" target="GUM_academic_art.tok.xml#sTok205"/>
		<rel id="sPointingRel244" xlink:href="GUM_academic_art.tok.xml#sTok204" target="GUM_academic_art.tok.xml#sTok209"/>
		<rel id="sPointingRel245" xlink:href="GUM_academic_art.tok.xml#sTok205" target="GUM_academic_art.tok.xml#sTok209"/>
		<rel id="sPointingRel250" xlink:href="GUM_academic_art.tok.xml#sTok216" target="GUM_academic_art.tok.xml#sTok213"/>
		<rel id="sPointingRel257" xlink:href="GUM_academic_art.tok.xml#sTok216" target="GUM_academic_art.tok.xml#sTok220"/>
		<rel id="sPointingRel266" xlink:href="GUM_academic_art.tok.xml#sTok224" target="GUM_academic_art.tok.xml#sTok228"/>
		<rel id="sPointingRel269" xlink:href="GUM_academic_art.tok.xml#sTok228" target="GUM_academic_art.tok.xml#sTok230"/>
		<rel id="sPointingRel276" xlink:href="GUM_academic_art.tok.xml#sTok233" target="GUM_academic_art.tok.xml#sTok236"/>
		<rel id="sPointingRel284" xlink:href="GUM_academic_art.tok.xml#sTok239" target="GUM_academic_art.tok.xml#sTok243"/>
		<rel id="sPointingRel293" xlink:href="GUM_academic_art.tok.xml#sTok248" target="GUM_academic_art.tok.xml#sTok252"/>
		<rel id="sPointingRel298" xlink:href="GUM_academic_art.tok.xml#sTok252" target="GUM_academic_art.tok.xml#sTok256"/>
		<rel id="sPointingRel301" xlink:href="GUM_academic_art.tok.xml#sTok256" target="GUM_academic_art.tok.xml#sTok258"/>
		<rel id="sPointingRel311" xlink:href="GUM_academic_art.tok.xml#sTok265" target="GUM_academic_art.tok.xml#sTok268"/>
		<rel id="sPointingRel315" xlink:href="GUM_academic_art.tok.xml#sTok262" target="GUM_academic_art.tok.xml#sTok271"/>
		<rel id="sPointingRel316" xlink:href="GUM_academic_art.tok.xml#sTok265" target="GUM_academic_art.tok.xml#sTok271"/>
		<rel id="sPointingRel320" xlink:href="GUM_academic_art.tok.xml#sTok271" target="GUM_academic_art.tok.xml#sTok274"/>
		<rel id="sPointingRel325" xlink:href="GUM_academic_art.tok.xml#sTok276" target="GUM_academic_art.tok.xml#sTok278"/>
		<rel id="sPointingRel326" xlink:href="GUM_academic_art.tok.xml#sTok279" target="GUM_academic_art.tok.xml#sTok278"/>
		<rel id="sPointingRel328" xlink:href="GUM_academic_art.tok.xml#sTok271" target="GUM_academic_art.tok.xml#sTok279"/>
		<rel id="sPointingRel336" xlink:href="GUM_academic_art.tok.xml#sTok303" target="GUM_academic_art.tok.xml#sTok287"/>
		<rel id="sPointingRel341" xlink:href="GUM_academic_art.tok.xml#sTok287" target="GUM_academic_art.tok.xml#sTok291"/>
		<rel id="sPointingRel345" xlink:href="GUM_academic_art.tok.xml#sTok287" target="GUM_academic_art.tok.xml#sTok294"/>
		<rel id="sPointingRel346" xlink:href="GUM_academic_art.tok.xml#sTok291" target="GUM_academic_art.tok.xml#sTok294"/>
		<rel id="sPointingRel350" xlink:href="GUM_academic_art.tok.xml#sTok287" target="GUM_academic_art.tok.xml#sTok297"/>
		<rel id="sPointingRel351" xlink:href="GUM_academic_art.tok.xml#sTok291" target="GUM_academic_art.tok.xml#sTok297"/>
		<rel id="sPointingRel356" xlink:href="GUM_academic_art.tok.xml#sTok287" target="GUM_academic_art.tok.xml#sTok301"/>
		<rel id="sPointingRel357" xlink:href="GUM_academic_art.tok.xml#sTok291" target="GUM_academic_art.tok.xml#sTok301"/>
		<rel id="sPointingRel370" xlink:href="GUM_academic_art.tok.xml#sTok310" target="GUM_academic_art.tok.xml#sTok313"/>
		<rel id="sPointingRel376" xlink:href="GUM_academic_art.tok.xml#sTok313" target="GUM_academic_art.tok.xml#sTok318"/>
		<rel id="sPointingRel382" xlink:href="GUM_academic_art.tok.xml#sTok307" target="GUM_academic_art.tok.xml#sTok323"/>
		<rel id="sPointingRel383" xlink:href="GUM_academic_art.tok.xml#sTok310" target="GUM_academic_art.tok.xml#sTok323"/>
		<rel id="sPointingRel387" xlink:href="GUM_academic_art.tok.xml#sTok323" target="GUM_academic_art.tok.xml#sTok326"/>
		<rel id="sPointingRel391" xlink:href="GUM_academic_art.tok.xml#sTok326" target="GUM_academic_art.tok.xml#sTok329"/>
		<rel id="sPointingRel397" xlink:href="GUM_academic_art.tok.xml#sTok332" target="GUM_academic_art.tok.xml#sTok334"/>
		<rel id="sPointingRel401" xlink:href="GUM_academic_art.tok.xml#sTok335" target="GUM_academic_art.tok.xml#sTok338"/>
		<rel id="sPointingRel407" xlink:href="GUM_academic_art.tok.xml#sTok341" target="GUM_academic_art.tok.xml#sTok343"/>
		<rel id="sPointingRel408" xlink:href="GUM_academic_art.tok.xml#sTok344" target="GUM_academic_art.tok.xml#sTok343"/>
		<rel id="sPointingRel410" xlink:href="GUM_academic_art.tok.xml#sTok338" target="GUM_academic_art.tok.xml#sTok344"/>
		<rel id="sPointingRel411" xlink:href="GUM_academic_art.tok.xml#sTok347" target="GUM_academic_art.tok.xml#sTok344"/>
		<rel id="sPointingRel417" xlink:href="GUM_academic_art.tok.xml#sTok344" target="GUM_academic_art.tok.xml#sTok349"/>
		<rel id="sPointingRel425" xlink:href="GUM_academic_art.tok.xml#sTok353" target="GUM_academic_art.tok.xml#sTok356"/>
		<rel id="sPointingRel429" xlink:href="GUM_academic_art.tok.xml#sTok365" target="GUM_academic_art.tok.xml#sTok359"/>
		<rel id="sPointingRel440" xlink:href="GUM_academic_art.tok.xml#sTok365" target="GUM_academic_art.tok.xml#sTok370"/>
		<rel id="sPointingRel446" xlink:href="GUM_academic_art.tok.xml#sTok372" target="GUM_academic_art.tok.xml#sTok375"/>
		<rel id="sPointingRel450" xlink:href="GUM_academic_art.tok.xml#sTok375" target="GUM_academic_art.tok.xml#sTok378"/>
		<rel id="sPointingRel458" xlink:href="GUM_academic_art.tok.xml#sTok383" target="GUM_academic_art.tok.xml#sTok385"/>
		<rel id="sPointingRel463" xlink:href="GUM_academic_art.tok.xml#sTok387" target="GUM_academic_art.tok.xml#sTok390"/>
		<rel id="sPointingRel467" xlink:href="GUM_academic_art.tok.xml#sTok390" target="GUM_academic_art.tok.xml#sTok393"/>
		<rel id="sPointingRel471" xlink:href="GUM_academic_art.tok.xml#sTok393" target="GUM_academic_art.tok.xml#sTok396"/>
		<rel id="sPointingRel476" xlink:href="GUM_academic_art.tok.xml#sTok390" target="GUM_academic_art.tok.xml#sTok400"/>
		<rel id="sPointingRel477" xlink:href="GUM_academic_art.tok.xml#sTok393" target="GUM_academic_art.tok.xml#sTok400"/>
		<rel id="sPointingRel482" xlink:href="GUM_academic_art.tok.xml#sTok400" target="GUM_academic_art.tok.xml#sTok404"/>
		<rel id="sPointingRel486" xlink:href="GUM_academic_art.tok.xml#sTok404" target="GUM_academic_art.tok.xml#sTok407"/>
		<rel id="sPointingRel492" xlink:href="GUM_academic_art.tok.xml#sTok400" target="GUM_academic_art.tok.xml#sTok412"/>
		<rel id="sPointingRel495" xlink:href="GUM_academic_art.tok.xml#sTok400" target="GUM_academic_art.tok.xml#sTok414"/>
		<rel id="sPointingRel497" xlink:href="GUM_academic_art.tok.xml#sTok400" target="GUM_academic_art.tok.xml#sTok415"/>
		<rel id="sPointingRel507" xlink:href="GUM_academic_art.tok.xml#sTok429" target="GUM_academic_art.tok.xml#sTok425"/>
		<rel id="sPointingRel509" xlink:href="GUM_academic_art.tok.xml#sTok425" target="GUM_academic_art.tok.xml#sTok426"/>
		<rel id="sPointingRel518" xlink:href="GUM_academic_art.tok.xml#sTok429" target="GUM_academic_art.tok.xml#sTok434"/>
		<rel id="sPointingRel521" xlink:href="GUM_academic_art.tok.xml#sTok429" target="GUM_academic_art.tok.xml#sTok436"/>
		<rel id="sPointingRel522" xlink:href="GUM_academic_art.tok.xml#sTok434" target="GUM_academic_art.tok.xml#sTok436"/>
		<rel id="sPointingRel526" xlink:href="GUM_academic_art.tok.xml#sTok429" target="GUM_academic_art.tok.xml#sTok439"/>
		<rel id="sPointingRel527" xlink:href="GUM_academic_art.tok.xml#sTok434" target="GUM_academic_art.tok.xml#sTok439"/>
		<rel id="sPointingRel531" xlink:href="GUM_academic_art.tok.xml#sTok439" target="GUM_academic_art.tok.xml#sTok442"/>
		<rel id="sPointingRel537" xlink:href="GUM_academic_art.tok.xml#sTok481" target="GUM_academic_art.tok.xml#sTok447"/>
		<rel id="sPointingRel543" xlink:href="GUM_academic_art.tok.xml#sTok451" target="GUM_academic_art.tok.xml#sTok453"/>
		<rel id="sPointingRel553" xlink:href="GUM_academic_art.tok.xml#sTok459" target="GUM_academic_art.tok.xml#sTok462"/>
		<rel id="sPointingRel558" xlink:href="GUM_academic_art.tok.xml#sTok464" target="GUM_academic_art.tok.xml#sTok466"/>
		<rel id="sPointingRel563" xlink:href="GUM_academic_art.tok.xml#sTok464" target="GUM_academic_art.tok.xml#sTok470"/>
		<rel id="sPointingRel566" xlink:href="GUM_academic_art.tok.xml#sTok467" target="GUM_academic_art.tok.xml#sTok472"/>
		<rel id="sPointingRel567" xlink:href="GUM_academic_art.tok.xml#sTok470" target="GUM_academic_art.tok.xml#sTok472"/>
		<rel id="sPointingRel576" xlink:href="GUM_academic_art.tok.xml#sTok481" target="GUM_academic_art.tok.xml#sTok480"/>
		<rel id="sPointingRel578" xlink:href="GUM_academic_art.tok.xml#sTok449" target="GUM_academic_art.tok.xml#sTok481"/>
		<rel id="sPointingRel584" xlink:href="GUM_academic_art.tok.xml#sTok484" target="GUM_academic_art.tok.xml#sTok486"/>
		<rel id="sPointingRel592" xlink:href="GUM_academic_art.tok.xml#sTok489" target="GUM_academic_art.tok.xml#sTok493"/>
		<rel id="sPointingRel598" xlink:href="GUM_academic_art.tok.xml#sTok481" target="GUM_academic_art.tok.xml#sTok498"/>
		<rel id="sPointingRel599" xlink:href="GUM_academic_art.tok.xml#sTok495" target="GUM_academic_art.tok.xml#sTok498"/>
		<rel id="sPointingRel604" xlink:href="GUM_academic_art.tok.xml#sTok481" target="GUM_academic_art.tok.xml#sTok502"/>
		<rel id="sPointingRel607" xlink:href="GUM_academic_art.tok.xml#sTok495" target="GUM_academic_art.tok.xml#sTok504"/>
		<rel id="sPointingRel608" xlink:href="GUM_academic_art.tok.xml#sTok502" target="GUM_academic_art.tok.xml#sTok504"/>
		<rel id="sPointingRel612" xlink:href="GUM_academic_art.tok.xml#sTok481" target="GUM_academic_art.tok.xml#sTok507"/>
		<rel id="sPointingRel621" xlink:href="GUM_academic_art.tok.xml#sTok513" target="GUM_academic_art.tok.xml#sTok515"/>
		<rel id="sPointingRel625" xlink:href="GUM_academic_art.tok.xml#sTok513" target="GUM_academic_art.tok.xml#sTok518"/>
		<rel id="sPointingRel626" xlink:href="GUM_academic_art.tok.xml#sTok515" target="GUM_academic_art.tok.xml#sTok518"/>
		<rel id="sPointingRel634" xlink:href="GUM_academic_art.tok.xml#sTok522" target="GUM_academic_art.tok.xml#sTok526"/>
		<rel id="sPointingRel638" xlink:href="GUM_academic_art.tok.xml#sTok526" target="GUM_academic_art.tok.xml#sTok529"/>
		<rel id="sPointingRel643" xlink:href="GUM_academic_art.tok.xml#sTok522" target="GUM_academic_art.tok.xml#sTok533"/>
		<rel id="sPointingRel652" xlink:href="GUM_academic_art.tok.xml#sTok539" target="GUM_academic_art.tok.xml#sTok542"/>
		<rel id="sPointingRel658" xlink:href="GUM_academic_art.tok.xml#sTok542" target="GUM_academic_art.tok.xml#sTok547"/>
		<rel id="sPointingRel662" xlink:href="GUM_academic_art.tok.xml#sTok547" target="GUM_academic_art.tok.xml#sTok550"/>
		<rel id="sPointingRel666" xlink:href="GUM_academic_art.tok.xml#sTok539" target="GUM_academic_art.tok.xml#sTok553"/>
		<rel id="sPointingRel670" xlink:href="GUM_academic_art.tok.xml#sTok553" target="GUM_academic_art.tok.xml#sTok556"/>
		<rel id="sPointingRel674" xlink:href="GUM_academic_art.tok.xml#sTok556" target="GUM_academic_art.tok.xml#sTok559"/>
		<rel id="sPointingRel678" xlink:href="GUM_academic_art.tok.xml#sTok559" target="GUM_academic_art.tok.xml#sTok562"/>
		<rel id="sPointingRel686" xlink:href="GUM_academic_art.tok.xml#sTok568" target="GUM_academic_art.tok.xml#sTok570"/>
		<rel id="sPointingRel691" xlink:href="GUM_academic_art.tok.xml#sTok565" target="GUM_academic_art.tok.xml#sTok574"/>
		<rel id="sPointingRel692" xlink:href="GUM_academic_art.tok.xml#sTok572" target="GUM_academic_art.tok.xml#sTok574"/>
		<rel id="sPointingRel703" xlink:href="GUM_academic_art.tok.xml#sTok581" target="GUM_academic_art.tok.xml#sTok584"/>
		<rel id="sPointingRel706" xlink:href="GUM_academic_art.tok.xml#sTok581" target="GUM_academic_art.tok.xml#sTok586"/>
		<rel id="sPointingRel707" xlink:href="GUM_academic_art.tok.xml#sTok584" target="GUM_academic_art.tok.xml#sTok586"/>
		<rel id="sPointingRel714" xlink:href="GUM_academic_art.tok.xml#sTok565" target="GUM_academic_art.tok.xml#sTok592"/>
		<rel id="sPointingRel719" xlink:href="GUM_academic_art.tok.xml#sTok598" target="GUM_academic_art.tok.xml#sTok596"/>
		<rel id="sPointingRel726" xlink:href="GUM_academic_art.tok.xml#sTok598" target="GUM_academic_art.tok.xml#sTok603"/>
		<rel id="sPointingRel729" xlink:href="GUM_academic_art.tok.xml#sTok603" target="GUM_academic_art.tok.xml#sTok605"/>
		<rel id="sPointingRel738" xlink:href="GUM_academic_art.tok.xml#sTok607" target="GUM_academic_art.tok.xml#sTok613"/>
		<rel id="sPointingRel739" xlink:href="GUM_academic_art.tok.xml#sTok647" target="GUM_academic_art.tok.xml#sTok613"/>
		<rel id="sPointingRel743" xlink:href="GUM_academic_art.tok.xml#sTok613" target="GUM_academic_art.tok.xml#sTok616"/>
		<rel id="sPointingRel747" xlink:href="GUM_academic_art.tok.xml#sTok613" target="GUM_academic_art.tok.xml#sTok619"/>
		<rel id="sPointingRel770" xlink:href="GUM_academic_art.tok.xml#sTok639" target="GUM_academic_art.tok.xml#sTok641"/>
		<rel id="sPointingRel781" xlink:href="GUM_academic_art.tok.xml#sTok598" target="GUM_academic_art.tok.xml#sTok651"/>
		<rel id="sPointingRel784" xlink:href="GUM_academic_art.tok.xml#sTok657" target="GUM_academic_art.tok.xml#sTok653"/>
		<rel id="sPointingRel787" xlink:href="GUM_academic_art.tok.xml#sTok653" target="GUM_academic_art.tok.xml#sTok655"/>
		<rel id="sPointingRel793" xlink:href="GUM_academic_art.tok.xml#sTok657" target="GUM_academic_art.tok.xml#sTok660"/>
		<rel id="sPointingRel800" xlink:href="GUM_academic_art.tok.xml#sTok653" target="GUM_academic_art.tok.xml#sTok666"/>
		<rel id="sPointingRel804" xlink:href="GUM_academic_art.tok.xml#sTok674" target="GUM_academic_art.tok.xml#sTok669"/>
		<rel id="sPointingRel808" xlink:href="GUM_academic_art.tok.xml#sTok657" target="GUM_academic_art.tok.xml#sTok672"/>
		<rel id="sPointingRel809" xlink:href="GUM_academic_art.tok.xml#sTok666" target="GUM_academic_art.tok.xml#sTok672"/>
		<rel id="sPointingRel816" xlink:href="GUM_academic_art.tok.xml#sTok674" target="GUM_academic_art.tok.xml#sTok678"/>
		<rel id="sPointingRel821" xlink:href="GUM_academic_art.tok.xml#sTok691" target="GUM_academic_art.tok.xml#sTok682"/>
		<rel id="sPointingRel830" xlink:href="GUM_academic_art.tok.xml#sTok684" target="GUM_academic_art.tok.xml#sTok691"/>
		<rel id="sPointingRel836" xlink:href="GUM_academic_art.tok.xml#sTok693" target="GUM_academic_art.tok.xml#sTok696"/>
		<rel id="sPointingRel838" xlink:href="GUM_academic_art.tok.xml#sTok700" target="GUM_academic_art.tok.xml#sTok697"/>
		<rel id="sPointingRel839" xlink:href="GUM_academic_art.tok.xml#sTok716" target="GUM_academic_art.tok.xml#sTok697"/>
		<rel id="sPointingRel851" xlink:href="GUM_academic_art.tok.xml#sTok706" target="GUM_academic_art.tok.xml#sTok708"/>
		<rel id="sPointingRel854" xlink:href="GUM_academic_art.tok.xml#sTok706" target="GUM_academic_art.tok.xml#sTok710"/>
		<rel id="sPointingRel855" xlink:href="GUM_academic_art.tok.xml#sTok708" target="GUM_academic_art.tok.xml#sTok710"/>
		<rel id="sPointingRel861" xlink:href="GUM_academic_art.tok.xml#sTok716" target="GUM_academic_art.tok.xml#sTok715"/>
		<rel id="sPointingRel863" xlink:href="GUM_academic_art.tok.xml#sTok698" target="GUM_academic_art.tok.xml#sTok716"/>
		<rel id="sPointingRel864" xlink:href="GUM_academic_art.tok.xml#sTok700" target="GUM_academic_art.tok.xml#sTok716"/>
		<rel id="sPointingRel870" xlink:href="GUM_academic_art.tok.xml#sTok719" target="GUM_academic_art.tok.xml#sTok721"/>
		<rel id="sPointingRel878" xlink:href="GUM_academic_art.tok.xml#sTok724" target="GUM_academic_art.tok.xml#sTok728"/>
		<rel id="sPointingRel883" xlink:href="GUM_academic_art.tok.xml#sTok719" target="GUM_academic_art.tok.xml#sTok732"/>
		<rel id="sPointingRel889" xlink:href="GUM_academic_art.tok.xml#sTok734" target="GUM_academic_art.tok.xml#sTok737"/>
		<rel id="sPointingRel894" xlink:href="GUM_academic_art.tok.xml#sTok732" target="GUM_academic_art.tok.xml#sTok741"/></relList></paula>