<?xml version='1.0' encoding='UTF-8'?><!DOCTYPE paula SYSTEM "paula_rel.dtd">
<paula version="1.1">
	<header paula_id="edep.GUM_academic_art.edep"/>
	<relList xmlns:xlink="http://www.w3.org/1999/xlink" type="edep">
		<rel id="sPointingRel5" xlink:href="GUM_academic_art.tok.xml#sTok2" target="GUM_academic_art.tok.xml#sTok5"/>
		<rel id="sPointingRel11" xlink:href="GUM_academic_art.tok.xml#sTok7" target="GUM_academic_art.tok.xml#sTok11"/>
		<rel id="sPointingRel19" xlink:href="GUM_academic_art.tok.xml#sTok17" target="GUM_academic_art.tok.xml#sTok19"/>
		<rel id="sPointingRel46" xlink:href="GUM_academic_art.tok.xml#sTok53" target="GUM_academic_art.tok.xml#sTok48"/>
		<rel id="sPointingRel48" xlink:href="GUM_academic_art.tok.xml#sTok53" target="GUM_academic_art.tok.xml#sTok49"/>
		<rel id="sPointingRel52" xlink:href="GUM_academic_art.tok.xml#sTok50" target="GUM_academic_art.tok.xml#sTok53"/>
		<rel id="sPointingRel54" xlink:href="GUM_academic_art.tok.xml#sTok50" target="GUM_academic_art.tok.xml#sTok54"/>
		<rel id="sPointingRel58" xlink:href="GUM_academic_art.tok.xml#sTok63" target="GUM_academic_art.tok.xml#sTok57"/>
		<rel id="sPointingRel62" xlink:href="GUM_academic_art.tok.xml#sTok57" target="GUM_academic_art.tok.xml#sTok60"/>
		<rel id="sPointingRel74" xlink:href="GUM_academic_art.tok.xml#sTok71" target="GUM_academic_art.tok.xml#sTok73"/>
		<rel id="sPointingRel79" xlink:href="GUM_academic_art.tok.xml#sTok75" target="GUM_academic_art.tok.xml#sTok77"/>
		<rel id="sPointingRel86" xlink:href="GUM_academic_art.tok.xml#sTok81" target="GUM_academic_art.tok.xml#sTok83"/>
		<rel id="sPointingRel95" xlink:href="GUM_academic_art.tok.xml#sTok90" target="GUM_academic_art.tok.xml#sTok92"/>
		<rel id="sPointingRel98" xlink:href="GUM_academic_art.tok.xml#sTok90" target="GUM_academic_art.tok.xml#sTok94"/>
		<rel id="sPointingRel99" xlink:href="GUM_academic_art.tok.xml#sTok92" target="GUM_academic_art.tok.xml#sTok94"/>
		<rel id="sPointingRel102" xlink:href="GUM_academic_art.tok.xml#sTok90" target="GUM_academic_art.tok.xml#sTok96"/>
		<rel id="sPointingRel103" xlink:href="GUM_academic_art.tok.xml#sTok92" target="GUM_academic_art.tok.xml#sTok96"/>
		<rel id="sPointingRel108" xlink:href="GUM_academic_art.tok.xml#sTok90" target="GUM_academic_art.tok.xml#sTok100"/>
		<rel id="sPointingRel109" xlink:href="GUM_academic_art.tok.xml#sTok92" target="GUM_academic_art.tok.xml#sTok100"/>
		<rel id="sPointingRel112" xlink:href="GUM_academic_art.tok.xml#sTok90" target="GUM_academic_art.tok.xml#sTok102"/>
		<rel id="sPointingRel113" xlink:href="GUM_academic_art.tok.xml#sTok92" target="GUM_academic_art.tok.xml#sTok102"/>
		<rel id="sPointingRel117" xlink:href="GUM_academic_art.tok.xml#sTok90" target="GUM_academic_art.tok.xml#sTok105"/>
		<rel id="sPointingRel118" xlink:href="GUM_academic_art.tok.xml#sTok92" target="GUM_academic_art.tok.xml#sTok105"/>
		<rel id="sPointingRel129" xlink:href="GUM_academic_art.tok.xml#sTok110" target="GUM_academic_art.tok.xml#sTok115"/>
		<rel id="sPointingRel130" xlink:href="GUM_academic_art.tok.xml#sTok122" target="GUM_academic_art.tok.xml#sTok115"/>
		<rel id="sPointingRel134" xlink:href="GUM_academic_art.tok.xml#sTok115" target="GUM_academic_art.tok.xml#sTok118"/>
		<rel id="sPointingRel141" xlink:href="GUM_academic_art.tok.xml#sTok122" target="GUM_academic_art.tok.xml#sTok125"/>
		<rel id="sPointingRel144" xlink:href="GUM_academic_art.tok.xml#sTok122" target="GUM_academic_art.tok.xml#sTok127"/>
		<rel id="sPointingRel145" xlink:href="GUM_academic_art.tok.xml#sTok125" target="GUM_academic_art.tok.xml#sTok127"/>
		<rel id="sPointingRel152" xlink:href="GUM_academic_art.tok.xml#sTok122" target="GUM_academic_art.tok.xml#sTok133"/>
		<rel id="sPointingRel153" xlink:href="GUM_academic_art.tok.xml#sTok125" target="GUM_academic_art.tok.xml#sTok133"/>
		<rel id="sPointingRel166" xlink:href="GUM_academic_art.tok.xml#sTok142" target="GUM_academic_art.tok.xml#sTok146"/>
		<rel id="sPointingRel172" xlink:href="GUM_academic_art.tok.xml#sTok146" target="GUM_academic_art.tok.xml#sTok151"/>
		<rel id="sPointingRel180" xlink:href="GUM_academic_art.tok.xml#sTok155" target="GUM_academic_art.tok.xml#sTok158"/>
		<rel id="sPointingRel189" xlink:href="GUM_academic_art.tok.xml#sTok163" target="GUM_academic_art.tok.xml#sTok167"/>
		<rel id="sPointingRel193" xlink:href="GUM_academic_art.tok.xml#sTok168" target="GUM_academic_art.tok.xml#sTok170"/>
		<rel id="sPointingRel199" xlink:href="GUM_academic_art.tok.xml#sTok168" target="GUM_academic_art.tok.xml#sTok175"/>
		<rel id="sPointingRel206" xlink:href="GUM_academic_art.tok.xml#sTok178" target="GUM_academic_art.tok.xml#sTok181"/>
		<rel id="sPointingRel209" xlink:href="GUM_academic_art.tok.xml#sTok181" target="GUM_academic_art.tok.xml#sTok183"/>
		<rel id="sPointingRel212" xlink:href="GUM_academic_art.tok.xml#sTok201" target="GUM_academic_art.tok.xml#sTok185"/>
		<rel id="sPointingRel216" xlink:href="GUM_academic_art.tok.xml#sTok185" target="GUM_academic_art.tok.xml#sTok188"/>
		<rel id="sPointingRel219" xlink:href="GUM_academic_art.tok.xml#sTok185" target="GUM_academic_art.tok.xml#sTok190"/>
		<rel id="sPointingRel220" xlink:href="GUM_academic_art.tok.xml#sTok188" target="GUM_academic_art.tok.xml#sTok190"/>
		<rel id="sPointingRel225" xlink:href="GUM_academic_art.tok.xml#sTok192" target="GUM_academic_art.tok.xml#sTok194"/>
		<rel id="sPointingRel226" xlink:href="GUM_academic_art.tok.xml#sTok195" target="GUM_academic_art.tok.xml#sTok194"/>
		<rel id="sPointingRel228" xlink:href="GUM_academic_art.tok.xml#sTok190" target="GUM_academic_art.tok.xml#sTok195"/>
		<rel id="sPointingRel238" xlink:href="GUM_academic_art.tok.xml#sTok201" target="GUM_academic_art.tok.xml#sTok205"/>
		<rel id="sPointingRel241" xlink:href="GUM_academic_art.tok.xml#sTok205" target="GUM_academic_art.tok.xml#sTok207"/>
		<rel id="sPointingRel246" xlink:href="GUM_academic_art.tok.xml#sTok205" target="GUM_academic_art.tok.xml#sTok211"/>
		<rel id="sPointingRel247" xlink:href="GUM_academic_art.tok.xml#sTok207" target="GUM_academic_art.tok.xml#sTok211"/>
		<rel id="sPointingRel252" xlink:href="GUM_academic_art.tok.xml#sTok218" target="GUM_academic_art.tok.xml#sTok215"/>
		<rel id="sPointingRel259" xlink:href="GUM_academic_art.tok.xml#sTok218" target="GUM_academic_art.tok.xml#sTok222"/>
		<rel id="sPointingRel270" xlink:href="GUM_academic_art.tok.xml#sTok228" target="GUM_academic_art.tok.xml#sTok232"/>
		<rel id="sPointingRel273" xlink:href="GUM_academic_art.tok.xml#sTok232" target="GUM_academic_art.tok.xml#sTok234"/>
		<rel id="sPointingRel280" xlink:href="GUM_academic_art.tok.xml#sTok237" target="GUM_academic_art.tok.xml#sTok240"/>
		<rel id="sPointingRel288" xlink:href="GUM_academic_art.tok.xml#sTok243" target="GUM_academic_art.tok.xml#sTok247"/>
		<rel id="sPointingRel297" xlink:href="GUM_academic_art.tok.xml#sTok252" target="GUM_academic_art.tok.xml#sTok256"/>
		<rel id="sPointingRel302" xlink:href="GUM_academic_art.tok.xml#sTok256" target="GUM_academic_art.tok.xml#sTok260"/>
		<rel id="sPointingRel305" xlink:href="GUM_academic_art.tok.xml#sTok260" target="GUM_academic_art.tok.xml#sTok262"/>
		<rel id="sPointingRel315" xlink:href="GUM_academic_art.tok.xml#sTok269" target="GUM_academic_art.tok.xml#sTok272"/>
		<rel id="sPointingRel319" xlink:href="GUM_academic_art.tok.xml#sTok266" target="GUM_academic_art.tok.xml#sTok275"/>
		<rel id="sPointingRel320" xlink:href="GUM_academic_art.tok.xml#sTok269" target="GUM_academic_art.tok.xml#sTok275"/>
		<rel id="sPointingRel324" xlink:href="GUM_academic_art.tok.xml#sTok275" target="GUM_academic_art.tok.xml#sTok278"/>
		<rel id="sPointingRel329" xlink:href="GUM_academic_art.tok.xml#sTok280" target="GUM_academic_art.tok.xml#sTok282"/>
		<rel id="sPointingRel330" xlink:href="GUM_academic_art.tok.xml#sTok283" target="GUM_academic_art.tok.xml#sTok282"/>
		<rel id="sPointingRel332" xlink:href="GUM_academic_art.tok.xml#sTok275" target="GUM_academic_art.tok.xml#sTok283"/>
		<rel id="sPointingRel344" xlink:href="GUM_academic_art.tok.xml#sTok291" target="GUM_academic_art.tok.xml#sTok295"/>
		<rel id="sPointingRel348" xlink:href="GUM_academic_art.tok.xml#sTok291" target="GUM_academic_art.tok.xml#sTok298"/>
		<rel id="sPointingRel349" xlink:href="GUM_academic_art.tok.xml#sTok295" target="GUM_academic_art.tok.xml#sTok298"/>
		<rel id="sPointingRel353" xlink:href="GUM_academic_art.tok.xml#sTok291" target="GUM_academic_art.tok.xml#sTok301"/>
		<rel id="sPointingRel354" xlink:href="GUM_academic_art.tok.xml#sTok295" target="GUM_academic_art.tok.xml#sTok301"/>
		<rel id="sPointingRel359" xlink:href="GUM_academic_art.tok.xml#sTok291" target="GUM_academic_art.tok.xml#sTok305"/>
		<rel id="sPointingRel360" xlink:href="GUM_academic_art.tok.xml#sTok295" target="GUM_academic_art.tok.xml#sTok305"/>
		<rel id="sPointingRel363" xlink:href="GUM_academic_art.tok.xml#sTok287" target="GUM_academic_art.tok.xml#sTok307"/>
		<rel id="sPointingRel376" xlink:href="GUM_academic_art.tok.xml#sTok316" target="GUM_academic_art.tok.xml#sTok319"/>
		<rel id="sPointingRel382" xlink:href="GUM_academic_art.tok.xml#sTok319" target="GUM_academic_art.tok.xml#sTok324"/>
		<rel id="sPointingRel388" xlink:href="GUM_academic_art.tok.xml#sTok313" target="GUM_academic_art.tok.xml#sTok329"/>
		<rel id="sPointingRel389" xlink:href="GUM_academic_art.tok.xml#sTok316" target="GUM_academic_art.tok.xml#sTok329"/>
		<rel id="sPointingRel393" xlink:href="GUM_academic_art.tok.xml#sTok329" target="GUM_academic_art.tok.xml#sTok332"/>
		<rel id="sPointingRel397" xlink:href="GUM_academic_art.tok.xml#sTok332" target="GUM_academic_art.tok.xml#sTok335"/>
		<rel id="sPointingRel403" xlink:href="GUM_academic_art.tok.xml#sTok338" target="GUM_academic_art.tok.xml#sTok340"/>
		<rel id="sPointingRel407" xlink:href="GUM_academic_art.tok.xml#sTok341" target="GUM_academic_art.tok.xml#sTok344"/>
		<rel id="sPointingRel413" xlink:href="GUM_academic_art.tok.xml#sTok347" target="GUM_academic_art.tok.xml#sTok349"/>
		<rel id="sPointingRel414" xlink:href="GUM_academic_art.tok.xml#sTok350" target="GUM_academic_art.tok.xml#sTok349"/>
		<rel id="sPointingRel416" xlink:href="GUM_academic_art.tok.xml#sTok344" target="GUM_academic_art.tok.xml#sTok350"/>
		<rel id="sPointingRel417" xlink:href="GUM_academic_art.tok.xml#sTok353" target="GUM_academic_art.tok.xml#sTok350"/>
		<rel id="sPointingRel423" xlink:href="GUM_academic_art.tok.xml#sTok350" target="GUM_academic_art.tok.xml#sTok355"/>
		<rel id="sPointingRel431" xlink:href="GUM_academic_art.tok.xml#sTok359" target="GUM_academic_art.tok.xml#sTok362"/>
		<rel id="sPointingRel435" xlink:href="GUM_academic_art.tok.xml#sTok371" target="GUM_academic_art.tok.xml#sTok365"/>
		<rel id="sPointingRel446" xlink:href="GUM_academic_art.tok.xml#sTok371" target="GUM_academic_art.tok.xml#sTok376"/>
		<rel id="sPointingRel455" xlink:href="GUM_academic_art.tok.xml#sTok381" target="GUM_academic_art.tok.xml#sTok384"/>
		<rel id="sPointingRel463" xlink:href="GUM_academic_art.tok.xml#sTok389" target="GUM_academic_art.tok.xml#sTok391"/>
		<rel id="sPointingRel471" xlink:href="GUM_academic_art.tok.xml#sTok396" target="GUM_academic_art.tok.xml#sTok399"/>
		<rel id="sPointingRel475" xlink:href="GUM_academic_art.tok.xml#sTok399" target="GUM_academic_art.tok.xml#sTok402"/>
		<rel id="sPointingRel480" xlink:href="GUM_academic_art.tok.xml#sTok396" target="GUM_academic_art.tok.xml#sTok406"/>
		<rel id="sPointingRel481" xlink:href="GUM_academic_art.tok.xml#sTok399" target="GUM_academic_art.tok.xml#sTok406"/>
		<rel id="sPointingRel486" xlink:href="GUM_academic_art.tok.xml#sTok406" target="GUM_academic_art.tok.xml#sTok410"/>
		<rel id="sPointingRel490" xlink:href="GUM_academic_art.tok.xml#sTok410" target="GUM_academic_art.tok.xml#sTok413"/>
		<rel id="sPointingRel496" xlink:href="GUM_academic_art.tok.xml#sTok406" target="GUM_academic_art.tok.xml#sTok418"/>
		<rel id="sPointingRel499" xlink:href="GUM_academic_art.tok.xml#sTok406" target="GUM_academic_art.tok.xml#sTok420"/>
		<rel id="sPointingRel501" xlink:href="GUM_academic_art.tok.xml#sTok406" target="GUM_academic_art.tok.xml#sTok421"/>
		<rel id="sPointingRel511" xlink:href="GUM_academic_art.tok.xml#sTok435" target="GUM_academic_art.tok.xml#sTok431"/>
		<rel id="sPointingRel513" xlink:href="GUM_academic_art.tok.xml#sTok431" target="GUM_academic_art.tok.xml#sTok432"/>
		<rel id="sPointingRel522" xlink:href="GUM_academic_art.tok.xml#sTok435" target="GUM_academic_art.tok.xml#sTok440"/>
		<rel id="sPointingRel525" xlink:href="GUM_academic_art.tok.xml#sTok435" target="GUM_academic_art.tok.xml#sTok442"/>
		<rel id="sPointingRel526" xlink:href="GUM_academic_art.tok.xml#sTok440" target="GUM_academic_art.tok.xml#sTok442"/>
		<rel id="sPointingRel530" xlink:href="GUM_academic_art.tok.xml#sTok435" target="GUM_academic_art.tok.xml#sTok445"/>
		<rel id="sPointingRel531" xlink:href="GUM_academic_art.tok.xml#sTok440" target="GUM_academic_art.tok.xml#sTok445"/>
		<rel id="sPointingRel535" xlink:href="GUM_academic_art.tok.xml#sTok445" target="GUM_academic_art.tok.xml#sTok448"/>
		<rel id="sPointingRel541" xlink:href="GUM_academic_art.tok.xml#sTok487" target="GUM_academic_art.tok.xml#sTok453"/>
		<rel id="sPointingRel547" xlink:href="GUM_academic_art.tok.xml#sTok457" target="GUM_academic_art.tok.xml#sTok459"/>
		<rel id="sPointingRel557" xlink:href="GUM_academic_art.tok.xml#sTok465" target="GUM_academic_art.tok.xml#sTok468"/>
		<rel id="sPointingRel562" xlink:href="GUM_academic_art.tok.xml#sTok470" target="GUM_academic_art.tok.xml#sTok472"/>
		<rel id="sPointingRel567" xlink:href="GUM_academic_art.tok.xml#sTok470" target="GUM_academic_art.tok.xml#sTok476"/>
		<rel id="sPointingRel570" xlink:href="GUM_academic_art.tok.xml#sTok473" target="GUM_academic_art.tok.xml#sTok478"/>
		<rel id="sPointingRel571" xlink:href="GUM_academic_art.tok.xml#sTok476" target="GUM_academic_art.tok.xml#sTok478"/>
		<rel id="sPointingRel580" xlink:href="GUM_academic_art.tok.xml#sTok487" target="GUM_academic_art.tok.xml#sTok486"/>
		<rel id="sPointingRel582" xlink:href="GUM_academic_art.tok.xml#sTok455" target="GUM_academic_art.tok.xml#sTok487"/>
		<rel id="sPointingRel588" xlink:href="GUM_academic_art.tok.xml#sTok490" target="GUM_academic_art.tok.xml#sTok492"/>
		<rel id="sPointingRel596" xlink:href="GUM_academic_art.tok.xml#sTok495" target="GUM_academic_art.tok.xml#sTok499"/>
		<rel id="sPointingRel602" xlink:href="GUM_academic_art.tok.xml#sTok487" target="GUM_academic_art.tok.xml#sTok504"/>
		<rel id="sPointingRel603" xlink:href="GUM_academic_art.tok.xml#sTok501" target="GUM_academic_art.tok.xml#sTok504"/>
		<rel id="sPointingRel608" xlink:href="GUM_academic_art.tok.xml#sTok487" target="GUM_academic_art.tok.xml#sTok508"/>
		<rel id="sPointingRel611" xlink:href="GUM_academic_art.tok.xml#sTok501" target="GUM_academic_art.tok.xml#sTok510"/>
		<rel id="sPointingRel612" xlink:href="GUM_academic_art.tok.xml#sTok508" target="GUM_academic_art.tok.xml#sTok510"/>
		<rel id="sPointingRel616" xlink:href="GUM_academic_art.tok.xml#sTok487" target="GUM_academic_art.tok.xml#sTok513"/>
		<rel id="sPointingRel625" xlink:href="GUM_academic_art.tok.xml#sTok519" target="GUM_academic_art.tok.xml#sTok521"/>
		<rel id="sPointingRel629" xlink:href="GUM_academic_art.tok.xml#sTok519" target="GUM_academic_art.tok.xml#sTok524"/>
		<rel id="sPointingRel630" xlink:href="GUM_academic_art.tok.xml#sTok521" target="GUM_academic_art.tok.xml#sTok524"/>
		<rel id="sPointingRel638" xlink:href="GUM_academic_art.tok.xml#sTok528" target="GUM_academic_art.tok.xml#sTok532"/>
		<rel id="sPointingRel642" xlink:href="GUM_academic_art.tok.xml#sTok532" target="GUM_academic_art.tok.xml#sTok535"/>
		<rel id="sPointingRel647" xlink:href="GUM_academic_art.tok.xml#sTok528" target="GUM_academic_art.tok.xml#sTok539"/>
		<rel id="sPointingRel656" xlink:href="GUM_academic_art.tok.xml#sTok545" target="GUM_academic_art.tok.xml#sTok548"/>
		<rel id="sPointingRel662" xlink:href="GUM_academic_art.tok.xml#sTok548" target="GUM_academic_art.tok.xml#sTok553"/>
		<rel id="sPointingRel666" xlink:href="GUM_academic_art.tok.xml#sTok553" target="GUM_academic_art.tok.xml#sTok556"/>
		<rel id="sPointingRel670" xlink:href="GUM_academic_art.tok.xml#sTok545" target="GUM_academic_art.tok.xml#sTok559"/>
		<rel id="sPointingRel674" xlink:href="GUM_academic_art.tok.xml#sTok559" target="GUM_academic_art.tok.xml#sTok562"/>
		<rel id="sPointingRel678" xlink:href="GUM_academic_art.tok.xml#sTok562" target="GUM_academic_art.tok.xml#sTok565"/>
		<rel id="sPointingRel682" xlink:href="GUM_academic_art.tok.xml#sTok565" target="GUM_academic_art.tok.xml#sTok568"/>
		<rel id="sPointingRel690" xlink:href="GUM_academic_art.tok.xml#sTok574" target="GUM_academic_art.tok.xml#sTok576"/>
		<rel id="sPointingRel695" xlink:href="GUM_academic_art.tok.xml#sTok571" target="GUM_academic_art.tok.xml#sTok580"/>
		<rel id="sPointingRel696" xlink:href="GUM_academic_art.tok.xml#sTok578" target="GUM_academic_art.tok.xml#sTok580"/>
		<rel id="sPointingRel707" xlink:href="GUM_academic_art.tok.xml#sTok587" target="GUM_academic_art.tok.xml#sTok590"/>
		<rel id="sPointingRel710" xlink:href="GUM_academic_art.tok.xml#sTok587" target="GUM_academic_art.tok.xml#sTok592"/>
		<rel id="sPointingRel711" xlink:href="GUM_academic_art.tok.xml#sTok590" target="GUM_academic_art.tok.xml#sTok592"/>
		<rel id="sPointingRel718" xlink:href="GUM_academic_art.tok.xml#sTok571" target="GUM_academic_art.tok.xml#sTok598"/>
		<rel id="sPointingRel723" xlink:href="GUM_academic_art.tok.xml#sTok604" target="GUM_academic_art.tok.xml#sTok602"/>
		<rel id="sPointingRel732" xlink:href="GUM_academic_art.tok.xml#sTok604" target="GUM_academic_art.tok.xml#sTok611"/>
		<rel id="sPointingRel735" xlink:href="GUM_academic_art.tok.xml#sTok611" target="GUM_academic_art.tok.xml#sTok613"/>
		<rel id="sPointingRel744" xlink:href="GUM_academic_art.tok.xml#sTok615" target="GUM_academic_art.tok.xml#sTok621"/>
		<rel id="sPointingRel745" xlink:href="GUM_academic_art.tok.xml#sTok655" target="GUM_academic_art.tok.xml#sTok621"/>
		<rel id="sPointingRel749" xlink:href="GUM_academic_art.tok.xml#sTok621" target="GUM_academic_art.tok.xml#sTok624"/>
		<rel id="sPointingRel753" xlink:href="GUM_academic_art.tok.xml#sTok621" target="GUM_academic_art.tok.xml#sTok627"/>
		<rel id="sPointingRel776" xlink:href="GUM_academic_art.tok.xml#sTok647" target="GUM_academic_art.tok.xml#sTok649"/>
		<rel id="sPointingRel787" xlink:href="GUM_academic_art.tok.xml#sTok604" target="GUM_academic_art.tok.xml#sTok659"/>
		<rel id="sPointingRel790" xlink:href="GUM_academic_art.tok.xml#sTok665" target="GUM_academic_art.tok.xml#sTok661"/>
		<rel id="sPointingRel793" xlink:href="GUM_academic_art.tok.xml#sTok661" target="GUM_academic_art.tok.xml#sTok663"/>
		<rel id="sPointingRel799" xlink:href="GUM_academic_art.tok.xml#sTok665" target="GUM_academic_art.tok.xml#sTok668"/>
		<rel id="sPointingRel806" xlink:href="GUM_academic_art.tok.xml#sTok661" target="GUM_academic_art.tok.xml#sTok674"/>
		<rel id="sPointingRel810" xlink:href="GUM_academic_art.tok.xml#sTok682" target="GUM_academic_art.tok.xml#sTok677"/>
		<rel id="sPointingRel814" xlink:href="GUM_academic_art.tok.xml#sTok665" target="GUM_academic_art.tok.xml#sTok680"/>
		<rel id="sPointingRel815" xlink:href="GUM_academic_art.tok.xml#sTok674" target="GUM_academic_art.tok.xml#sTok680"/>
		<rel id="sPointingRel822" xlink:href="GUM_academic_art.tok.xml#sTok682" target="GUM_academic_art.tok.xml#sTok686"/>
		<rel id="sPointingRel827" xlink:href="GUM_academic_art.tok.xml#sTok699" target="GUM_academic_art.tok.xml#sTok690"/>
		<rel id="sPointingRel836" xlink:href="GUM_academic_art.tok.xml#sTok692" target="GUM_academic_art.tok.xml#sTok699"/>
		<rel id="sPointingRel842" xlink:href="GUM_academic_art.tok.xml#sTok701" target="GUM_academic_art.tok.xml#sTok704"/>
		<rel id="sPointingRel849" xlink:href="GUM_academic_art.tok.xml#sTok704" target="GUM_academic_art.tok.xml#sTok710"/>
		<rel id="sPointingRel858" xlink:href="GUM_academic_art.tok.xml#sTok716" target="GUM_academic_art.tok.xml#sTok718"/>
		<rel id="sPointingRel861" xlink:href="GUM_academic_art.tok.xml#sTok716" target="GUM_academic_art.tok.xml#sTok720"/>
		<rel id="sPointingRel862" xlink:href="GUM_academic_art.tok.xml#sTok718" target="GUM_academic_art.tok.xml#sTok720"/>
		<rel id="sPointingRel868" xlink:href="GUM_academic_art.tok.xml#sTok726" target="GUM_academic_art.tok.xml#sTok725"/>
		<rel id="sPointingRel870" xlink:href="GUM_academic_art.tok.xml#sTok704" target="GUM_academic_art.tok.xml#sTok726"/>
		<rel id="sPointingRel871" xlink:href="GUM_academic_art.tok.xml#sTok710" target="GUM_academic_art.tok.xml#sTok726"/>
		<rel id="sPointingRel877" xlink:href="GUM_academic_art.tok.xml#sTok729" target="GUM_academic_art.tok.xml#sTok731"/>
		<rel id="sPointingRel885" xlink:href="GUM_academic_art.tok.xml#sTok734" target="GUM_academic_art.tok.xml#sTok738"/>
		<rel id="sPointingRel890" xlink:href="GUM_academic_art.tok.xml#sTok729" target="GUM_academic_art.tok.xml#sTok742"/>
		<rel id="sPointingRel896" xlink:href="GUM_academic_art.tok.xml#sTok744" target="GUM_academic_art.tok.xml#sTok747"/>
		<rel id="sPointingRel901" xlink:href="GUM_academic_art.tok.xml#sTok742" target="GUM_academic_art.tok.xml#sTok751"/></relList></paula>