<?xml version='1.0' encoding='UTF-8'?><!DOCTYPE paula SYSTEM "paula_feat.dtd">
<paula version="1.1">
	<header paula_id="morph.GUM_academic_art.mark_VerbForm"/>
	<featList xmlns:xlink="http://www.w3.org/1999/xlink" type="VerbForm" xml:base="morph.GUM_academic_art.mark.xml">
		<feat xlink:href="#sSpan403" value="Part"/>
		<feat xlink:href="#sSpan411" value="Part"/>
		<feat xlink:href="#sSpan420" value="Part"/>
		<feat xlink:href="#sSpan427" value="Part"/>
		<feat xlink:href="#sSpan435" value="Fin"/>
		<feat xlink:href="#sSpan437" value="Inf"/>
		<feat xlink:href="#sSpan438" value="Inf"/>
		<feat xlink:href="#sSpan448" value="Fin"/>
		<feat xlink:href="#sSpan453" value="Inf"/>
		<feat xlink:href="#sSpan454" value="Fin"/>
		<feat xlink:href="#sSpan461" value="Inf"/>
		<feat xlink:href="#sSpan470" value="Fin"/>
		<feat xlink:href="#sSpan482" value="Fin"/>
		<feat xlink:href="#sSpan487" value="Ger"/>
		<feat xlink:href="#sSpan493" value="Ger"/>
		<feat xlink:href="#sSpan505" value="Fin"/>
		<feat xlink:href="#sSpan513" value="Ger"/>
		<feat xlink:href="#sSpan517" value="Fin"/>
		<feat xlink:href="#sSpan518" value="Inf"/>
		<feat xlink:href="#sSpan539" value="Fin"/>
		<feat xlink:href="#sSpan548" value="Ger"/>
		<feat xlink:href="#sSpan569" value="Fin"/>
		<feat xlink:href="#sSpan580" value="Part"/>
		<feat xlink:href="#sSpan584" value="Part"/>
		<feat xlink:href="#sSpan595" value="Fin"/>
		<feat xlink:href="#sSpan598" value="Part"/>
		<feat xlink:href="#sSpan609" value="Fin"/>
		<feat xlink:href="#sSpan613" value="Part"/>
		<feat xlink:href="#sSpan616" value="Part"/>
		<feat xlink:href="#sSpan636" value="Fin"/>
		<feat xlink:href="#sSpan648" value="Fin"/>
		<feat xlink:href="#sSpan649" value="Part"/>
		<feat xlink:href="#sSpan655" value="Ger"/>
		<feat xlink:href="#sSpan671" value="Fin"/>
		<feat xlink:href="#sSpan674" value="Inf"/>
		<feat xlink:href="#sSpan681" value="Part"/>
		<feat xlink:href="#sSpan692" value="Fin"/>
		<feat xlink:href="#sSpan693" value="Inf"/>
		<feat xlink:href="#sSpan719" value="Fin"/>
		<feat xlink:href="#sSpan721" value="Part"/>
		<feat xlink:href="#sSpan734" value="Inf"/>
		<feat xlink:href="#sSpan736" value="Part"/>
		<feat xlink:href="#sSpan771" value="Fin"/>
		<feat xlink:href="#sSpan784" value="Fin"/>
		<feat xlink:href="#sSpan797" value="Part"/>
		<feat xlink:href="#sSpan804" value="Fin"/>
		<feat xlink:href="#sSpan816" value="Part"/>
		<feat xlink:href="#sSpan823" value="Part"/>
		<feat xlink:href="#sSpan831" value="Fin"/>
		<feat xlink:href="#sSpan837" value="Part"/>
		<feat xlink:href="#sSpan865" value="Ger"/>
		<feat xlink:href="#sSpan872" value="Fin"/>
		<feat xlink:href="#sSpan881" value="Fin"/>
		<feat xlink:href="#sSpan883" value="Inf"/>
		<feat xlink:href="#sSpan898" value="Fin"/>
		<feat xlink:href="#sSpan903" value="Part"/>
		<feat xlink:href="#sSpan908" value="Inf"/>
		<feat xlink:href="#sSpan917" value="Fin"/>
		<feat xlink:href="#sSpan926" value="Inf"/>
		<feat xlink:href="#sSpan940" value="Fin"/>
		<feat xlink:href="#sSpan948" value="Ger"/>
		<feat xlink:href="#sSpan979" value="Fin"/>
		<feat xlink:href="#sSpan983" value="Part"/>
		<feat xlink:href="#sSpan1004" value="Fin"/>
		<feat xlink:href="#sSpan1009" value="Inf"/>
		<feat xlink:href="#sSpan1010" value="Part"/>
		<feat xlink:href="#sSpan1016" value="Part"/>
		<feat xlink:href="#sSpan1044" value="Fin"/>
		<feat xlink:href="#sSpan1065" value="Fin"/>
		<feat xlink:href="#sSpan1072" value="Part"/>
		<feat xlink:href="#sSpan1076" value="Part"/>
		<feat xlink:href="#sSpan1088" value="Fin"/>
		<feat xlink:href="#sSpan1097" value="Ger"/>
		<feat xlink:href="#sSpan1116" value="Fin"/>
		<feat xlink:href="#sSpan1134" value="Fin"/>
		<feat xlink:href="#sSpan1144" value="Fin"/>
		<feat xlink:href="#sSpan1151" value="Inf"/>
		<feat xlink:href="#sSpan1159" value="Fin"/>
		<feat xlink:href="#sSpan1167" value="Fin"/>
		<feat xlink:href="#sSpan1174" value="Part"/>
		<feat xlink:href="#sSpan1176" value="Fin"/>
		<feat xlink:href="#sSpan1177" value="Inf"/>
		<feat xlink:href="#sSpan1180" value="Part"/>
		<feat xlink:href="#sSpan1181" value="Inf"/>
		<feat xlink:href="#sSpan1190" value="Fin"/>
		<feat xlink:href="#sSpan1199" value="Fin"/>
		<feat xlink:href="#sSpan1205" value="Fin"/>
		<feat xlink:href="#sSpan1219" value="Fin"/>
		<feat xlink:href="#sSpan1221" value="Inf"/>
		<feat xlink:href="#sSpan1229" value="Fin"/>
		<feat xlink:href="#sSpan1242" value="Inf"/>
		<feat xlink:href="#sSpan1247" value="Ger"/>
		<feat xlink:href="#sSpan1255" value="Inf"/></featList></paula>