<?xml version='1.0' encoding='UTF-8'?><!DOCTYPE paula SYSTEM "paula_feat.dtd">
<paula version="1.1">
	<header paula_id="morph.GUM_academic_art.mark_Tense"/>
	<featList xmlns:xlink="http://www.w3.org/1999/xlink" type="Tense" xml:base="morph.GUM_academic_art.mark.xml">
		<feat xlink:href="#sSpan408" value="Past"/>
		<feat xlink:href="#sSpan416" value="Past"/>
		<feat xlink:href="#sSpan424" value="Past"/>
		<feat xlink:href="#sSpan433" value="Past"/>
		<feat xlink:href="#sSpan436" value="Pres"/>
		<feat xlink:href="#sSpan453" value="Pres"/>
		<feat xlink:href="#sSpan463" value="Pres"/>
		<feat xlink:href="#sSpan474" value="Pres"/>
		<feat xlink:href="#sSpan485" value="Pres"/>
		<feat xlink:href="#sSpan510" value="Pres"/>
		<feat xlink:href="#sSpan545" value="Pres"/>
		<feat xlink:href="#sSpan573" value="Pres"/>
		<feat xlink:href="#sSpan585" value="Past"/>
		<feat xlink:href="#sSpan591" value="Past"/>
		<feat xlink:href="#sSpan598" value="Pres"/>
		<feat xlink:href="#sSpan604" value="Past"/>
		<feat xlink:href="#sSpan614" value="Pres"/>
		<feat xlink:href="#sSpan618" value="Past"/>
		<feat xlink:href="#sSpan621" value="Past"/>
		<feat xlink:href="#sSpan639" value="Pres"/>
		<feat xlink:href="#sSpan653" value="Pres"/>
		<feat xlink:href="#sSpan655" value="Past"/>
		<feat xlink:href="#sSpan676" value="Past"/>
		<feat xlink:href="#sSpan686" value="Past"/>
		<feat xlink:href="#sSpan722" value="Pres"/>
		<feat xlink:href="#sSpan727" value="Past"/>
		<feat xlink:href="#sSpan741" value="Pres"/>
		<feat xlink:href="#sSpan775" value="Pres"/>
		<feat xlink:href="#sSpan790" value="Pres"/>
		<feat xlink:href="#sSpan802" value="Pres"/>
		<feat xlink:href="#sSpan809" value="Pres"/>
		<feat xlink:href="#sSpan821" value="Past"/>
		<feat xlink:href="#sSpan829" value="Past"/>
		<feat xlink:href="#sSpan835" value="Pres"/>
		<feat xlink:href="#sSpan840" value="Past"/>
		<feat xlink:href="#sSpan875" value="Pres"/>
		<feat xlink:href="#sSpan885" value="Pres"/>
		<feat xlink:href="#sSpan903" value="Pres"/>
		<feat xlink:href="#sSpan909" value="Past"/>
		<feat xlink:href="#sSpan921" value="Pres"/>
		<feat xlink:href="#sSpan948" value="Pres"/>
		<feat xlink:href="#sSpan983" value="Pres"/>
		<feat xlink:href="#sSpan989" value="Past"/>
		<feat xlink:href="#sSpan1006" value="Pres"/>
		<feat xlink:href="#sSpan1015" value="Past"/>
		<feat xlink:href="#sSpan1021" value="Past"/>
		<feat xlink:href="#sSpan1049" value="Pres"/>
		<feat xlink:href="#sSpan1072" value="Pres"/>
		<feat xlink:href="#sSpan1076" value="Past"/>
		<feat xlink:href="#sSpan1081" value="Past"/>
		<feat xlink:href="#sSpan1093" value="Past"/>
		<feat xlink:href="#sSpan1123" value="Pres"/>
		<feat xlink:href="#sSpan1137" value="Pres"/>
		<feat xlink:href="#sSpan1149" value="Pres"/>
		<feat xlink:href="#sSpan1164" value="Pres"/>
		<feat xlink:href="#sSpan1176" value="Pres"/>
		<feat xlink:href="#sSpan1177" value="Past"/>
		<feat xlink:href="#sSpan1184" value="Past"/>
		<feat xlink:href="#sSpan1197" value="Past"/>
		<feat xlink:href="#sSpan1206" value="Pres"/>
		<feat xlink:href="#sSpan1211" value="Pres"/>
		<feat xlink:href="#sSpan1225" value="Pres"/>
		<feat xlink:href="#sSpan1235" value="Pres"/></featList></paula>