<?xml version='1.0' encoding='UTF-8'?><!DOCTYPE paula SYSTEM "paula_feat.dtd">
<paula version="1.1">
	<header paula_id="morph.GUM_academic_art.mark_Abbr"/>
	<featList xmlns:xlink="http://www.w3.org/1999/xlink" type="Abbr" xml:base="morph.GUM_academic_art.mark.xml">
		<feat xlink:href="#sSpan749" value="Yes"/>
		<feat xlink:href="#sSpan1028" value="Yes"/>
		<feat xlink:href="#sSpan1102" value="Yes"/>
		<feat xlink:href="#sSpan1128" value="Yes"/>
		<feat xlink:href="#sSpan1190" value="Yes"/></featList></paula>