<?xml version='1.0' encoding='UTF-8'?><!DOCTYPE paula SYSTEM "paula_feat.dtd">
<paula version="1.1">
	<header paula_id="morph.GUM_academic_art.mark_Tense"/>
	<featList xmlns:xlink="http://www.w3.org/1999/xlink" type="Tense" xml:base="morph.GUM_academic_art.mark.xml">
		<feat xlink:href="#sSpan401" value="Past"/>
		<feat xlink:href="#sSpan408" value="Past"/>
		<feat xlink:href="#sSpan417" value="Past"/>
		<feat xlink:href="#sSpan424" value="Past"/>
		<feat xlink:href="#sSpan431" value="Pres"/>
		<feat xlink:href="#sSpan442" value="Pres"/>
		<feat xlink:href="#sSpan454" value="Pres"/>
		<feat xlink:href="#sSpan465" value="Pres"/>
		<feat xlink:href="#sSpan477" value="Pres"/>
		<feat xlink:href="#sSpan501" value="Pres"/>
		<feat xlink:href="#sSpan539" value="Pres"/>
		<feat xlink:href="#sSpan565" value="Pres"/>
		<feat xlink:href="#sSpan577" value="Past"/>
		<feat xlink:href="#sSpan580" value="Past"/>
		<feat xlink:href="#sSpan588" value="Pres"/>
		<feat xlink:href="#sSpan593" value="Past"/>
		<feat xlink:href="#sSpan607" value="Pres"/>
		<feat xlink:href="#sSpan609" value="Past"/>
		<feat xlink:href="#sSpan611" value="Past"/>
		<feat xlink:href="#sSpan629" value="Pres"/>
		<feat xlink:href="#sSpan640" value="Pres"/>
		<feat xlink:href="#sSpan645" value="Past"/>
		<feat xlink:href="#sSpan670" value="Past"/>
		<feat xlink:href="#sSpan677" value="Past"/>
		<feat xlink:href="#sSpan710" value="Pres"/>
		<feat xlink:href="#sSpan716" value="Past"/>
		<feat xlink:href="#sSpan762" value="Pres"/>
		<feat xlink:href="#sSpan777" value="Pres"/>
		<feat xlink:href="#sSpan794" value="Pres"/>
		<feat xlink:href="#sSpan804" value="Past"/>
		<feat xlink:href="#sSpan811" value="Past"/>
		<feat xlink:href="#sSpan820" value="Pres"/>
		<feat xlink:href="#sSpan824" value="Past"/>
		<feat xlink:href="#sSpan859" value="Pres"/>
		<feat xlink:href="#sSpan868" value="Pres"/>
		<feat xlink:href="#sSpan886" value="Pres"/>
		<feat xlink:href="#sSpan890" value="Past"/>
		<feat xlink:href="#sSpan906" value="Pres"/>
		<feat xlink:href="#sSpan928" value="Pres"/>
		<feat xlink:href="#sSpan964" value="Pres"/>
		<feat xlink:href="#sSpan969" value="Past"/>
		<feat xlink:href="#sSpan988" value="Pres"/>
		<feat xlink:href="#sSpan996" value="Past"/>
		<feat xlink:href="#sSpan1001" value="Past"/>
		<feat xlink:href="#sSpan1025" value="Pres"/>
		<feat xlink:href="#sSpan1052" value="Pres"/>
		<feat xlink:href="#sSpan1055" value="Past"/>
		<feat xlink:href="#sSpan1057" value="Past"/>
		<feat xlink:href="#sSpan1068" value="Past"/>
		<feat xlink:href="#sSpan1101" value="Pres"/>
		<feat xlink:href="#sSpan1115" value="Pres"/>
		<feat xlink:href="#sSpan1126" value="Pres"/>
		<feat xlink:href="#sSpan1138" value="Pres"/>
		<feat xlink:href="#sSpan1151" value="Pres"/>
		<feat xlink:href="#sSpan1154" value="Past"/>
		<feat xlink:href="#sSpan1160" value="Past"/>
		<feat xlink:href="#sSpan1172" value="Past"/>
		<feat xlink:href="#sSpan1183" value="Pres"/>
		<feat xlink:href="#sSpan1189" value="Pres"/>
		<feat xlink:href="#sSpan1201" value="Pres"/>
		<feat xlink:href="#sSpan1214" value="Pres"/></featList></paula>