<?xml version='1.0' encoding='UTF-8'?><!DOCTYPE paula SYSTEM "paula_feat.dtd">
<paula version="1.1">
	<header paula_id="morph.GUM_academic_art.mark_Poss"/>
	<featList xmlns:xlink="http://www.w3.org/1999/xlink" type="Poss" xml:base="morph.GUM_academic_art.mark.xml">
		<feat xlink:href="#sSpan522" value="Yes"/>
		<feat xlink:href="#sSpan528" value="Yes"/>
		<feat xlink:href="#sSpan705" value="Yes"/>
		<feat xlink:href="#sSpan762" value="Yes"/>
		<feat xlink:href="#sSpan973" value="Yes"/>
		<feat xlink:href="#sSpan1027" value="Yes"/>
		<feat xlink:href="#sSpan1057" value="Yes"/></featList></paula>