<?xml version='1.0' encoding='UTF-8'?><!DOCTYPE paula SYSTEM "paula_feat.dtd">
<paula version="1.1">
	<header paula_id="morph.GUM_academic_art.mark_Definite"/>
	<featList xmlns:xlink="http://www.w3.org/1999/xlink" type="Definite" xml:base="morph.GUM_academic_art.mark.xml">
		<feat xlink:href="#sSpan463" value="Ind"/>
		<feat xlink:href="#sSpan474" value="Def"/>
		<feat xlink:href="#sSpan484" value="Ind"/>
		<feat xlink:href="#sSpan496" value="Def"/>
		<feat xlink:href="#sSpan509" value="Def"/>
		<feat xlink:href="#sSpan515" value="Ind"/>
		<feat xlink:href="#sSpan543" value="Ind"/>
		<feat xlink:href="#sSpan550" value="Ind"/>
		<feat xlink:href="#sSpan560" value="Def"/>
		<feat xlink:href="#sSpan570" value="Def"/>
		<feat xlink:href="#sSpan577" value="Ind"/>
		<feat xlink:href="#sSpan589" value="Def"/>
		<feat xlink:href="#sSpan619" value="Def"/>
		<feat xlink:href="#sSpan638" value="Def"/>
		<feat xlink:href="#sSpan651" value="Def"/>
		<feat xlink:href="#sSpan657" value="Def"/>
		<feat xlink:href="#sSpan662" value="Def"/>
		<feat xlink:href="#sSpan675" value="Def"/>
		<feat xlink:href="#sSpan683" value="Def"/>
		<feat xlink:href="#sSpan694" value="Def"/>
		<feat xlink:href="#sSpan712" value="Def"/>
		<feat xlink:href="#sSpan745" value="Def"/>
		<feat xlink:href="#sSpan752" value="Def"/>
		<feat xlink:href="#sSpan755" value="Def"/>
		<feat xlink:href="#sSpan758" value="Ind"/>
		<feat xlink:href="#sSpan772" value="Def"/>
		<feat xlink:href="#sSpan780" value="Def"/>
		<feat xlink:href="#sSpan788" value="Ind"/>
		<feat xlink:href="#sSpan792" value="Def"/>
		<feat xlink:href="#sSpan798" value="Ind"/>
		<feat xlink:href="#sSpan802" value="Ind"/>
		<feat xlink:href="#sSpan810" value="Ind"/>
		<feat xlink:href="#sSpan819" value="Def"/>
		<feat xlink:href="#sSpan827" value="Def"/>
		<feat xlink:href="#sSpan838" value="Ind"/>
		<feat xlink:href="#sSpan842" value="Def"/>
		<feat xlink:href="#sSpan845" value="Def"/>
		<feat xlink:href="#sSpan848" value="Def"/>
		<feat xlink:href="#sSpan852" value="Def"/>
		<feat xlink:href="#sSpan855" value="Def"/>
		<feat xlink:href="#sSpan874" value="Ind"/>
		<feat xlink:href="#sSpan884" value="Def"/>
		<feat xlink:href="#sSpan892" value="Def"/>
		<feat xlink:href="#sSpan905" value="Def"/>
		<feat xlink:href="#sSpan910" value="Def"/>
		<feat xlink:href="#sSpan924" value="Def"/>
		<feat xlink:href="#sSpan936" value="Def"/>
		<feat xlink:href="#sSpan944" value="Ind"/>
		<feat xlink:href="#sSpan953" value="Ind"/>
		<feat xlink:href="#sSpan987" value="Def"/>
		<feat xlink:href="#sSpan1005" value="Def"/>
		<feat xlink:href="#sSpan1018" value="Def"/>
		<feat xlink:href="#sSpan1033" value="Def"/>
		<feat xlink:href="#sSpan1045" value="Ind"/>
		<feat xlink:href="#sSpan1091" value="Def"/>
		<feat xlink:href="#sSpan1100" value="Def"/>
		<feat xlink:href="#sSpan1109" value="Def"/>
		<feat xlink:href="#sSpan1126" value="Def"/>
		<feat xlink:href="#sSpan1137" value="Ind"/>
		<feat xlink:href="#sSpan1147" value="Ind"/>
		<feat xlink:href="#sSpan1153" value="Def"/>
		<feat xlink:href="#sSpan1212" value="Def"/>
		<feat xlink:href="#sSpan1222" value="Def"/>
		<feat xlink:href="#sSpan1239" value="Def"/>
		<feat xlink:href="#sSpan1244" value="Ind"/>
		<feat xlink:href="#sSpan1251" value="Ind"/>
		<feat xlink:href="#sSpan1257" value="Def"/></featList></paula>