<?xml version='1.0' encoding='UTF-8'?><!DOCTYPE paula SYSTEM "paula_feat.dtd">
<paula version="1.1">
	<header paula_id="morph.GUM_academic_art.mark_Degree"/>
	<featList xmlns:xlink="http://www.w3.org/1999/xlink" type="Degree" xml:base="morph.GUM_academic_art.mark.xml">
		<feat xlink:href="#sSpan367" value="Pos"/>
		<feat xlink:href="#sSpan369" value="Pos"/>
		<feat xlink:href="#sSpan415" value="Pos"/>
		<feat xlink:href="#sSpan452" value="Pos"/>
		<feat xlink:href="#sSpan497" value="Pos"/>
		<feat xlink:href="#sSpan509" value="Pos"/>
		<feat xlink:href="#sSpan515" value="Pos"/>
		<feat xlink:href="#sSpan517" value="Pos"/>
		<feat xlink:href="#sSpan535" value="Pos"/>
		<feat xlink:href="#sSpan540" value="Pos"/>
		<feat xlink:href="#sSpan544" value="Pos"/>
		<feat xlink:href="#sSpan556" value="Pos"/>
		<feat xlink:href="#sSpan559" value="Pos"/>
		<feat xlink:href="#sSpan561" value="Pos"/>
		<feat xlink:href="#sSpan576" value="Pos"/>
		<feat xlink:href="#sSpan579" value="Pos"/>
		<feat xlink:href="#sSpan593" value="Pos"/>
		<feat xlink:href="#sSpan604" value="Pos"/>
		<feat xlink:href="#sSpan610" value="Pos"/>
		<feat xlink:href="#sSpan630" value="Pos"/>
		<feat xlink:href="#sSpan636" value="Pos"/>
		<feat xlink:href="#sSpan647" value="Pos"/>
		<feat xlink:href="#sSpan657" value="Pos"/>
		<feat xlink:href="#sSpan674" value="Pos"/>
		<feat xlink:href="#sSpan677" value="Pos"/>
		<feat xlink:href="#sSpan679" value="Pos"/>
		<feat xlink:href="#sSpan687" value="Pos"/>
		<feat xlink:href="#sSpan689" value="Pos"/>
		<feat xlink:href="#sSpan693" value="Pos"/>
		<feat xlink:href="#sSpan696" value="Pos"/>
		<feat xlink:href="#sSpan720" value="Pos"/>
		<feat xlink:href="#sSpan721" value="Pos"/>
		<feat xlink:href="#sSpan722" value="Pos"/>
		<feat xlink:href="#sSpan735" value="Pos"/>
		<feat xlink:href="#sSpan760" value="Pos"/>
		<feat xlink:href="#sSpan790" value="Pos"/>
		<feat xlink:href="#sSpan794" value="Pos"/>
		<feat xlink:href="#sSpan826" value="Pos"/>
		<feat xlink:href="#sSpan831" value="Pos"/>
		<feat xlink:href="#sSpan856" value="Pos"/>
		<feat xlink:href="#sSpan869" value="Pos"/>
		<feat xlink:href="#sSpan878" value="Pos"/>
		<feat xlink:href="#sSpan881" value="Pos"/>
		<feat xlink:href="#sSpan882" value="Pos"/>
		<feat xlink:href="#sSpan933" value="Pos"/>
		<feat xlink:href="#sSpan938" value="Pos"/>
		<feat xlink:href="#sSpan944" value="Pos"/>
		<feat xlink:href="#sSpan966" value="Pos"/>
		<feat xlink:href="#sSpan972" value="Pos"/>
		<feat xlink:href="#sSpan973" value="Pos"/>
		<feat xlink:href="#sSpan1003" value="Pos"/>
		<feat xlink:href="#sSpan1011" value="Pos"/>
		<feat xlink:href="#sSpan1012" value="Pos"/>
		<feat xlink:href="#sSpan1032" value="Pos"/>
		<feat xlink:href="#sSpan1049" value="Pos"/>
		<feat xlink:href="#sSpan1060" value="Pos"/>
		<feat xlink:href="#sSpan1063" value="Pos"/>
		<feat xlink:href="#sSpan1079" value="Pos"/>
		<feat xlink:href="#sSpan1099" value="Pos"/>
		<feat xlink:href="#sSpan1103" value="Pos"/>
		<feat xlink:href="#sSpan1121" value="Pos"/>
		<feat xlink:href="#sSpan1127" value="Pos"/>
		<feat xlink:href="#sSpan1132" value="Pos"/>
		<feat xlink:href="#sSpan1135" value="Pos"/>
		<feat xlink:href="#sSpan1136" value="Pos"/>
		<feat xlink:href="#sSpan1149" value="Pos"/></featList></paula>