<?xml version='1.0' encoding='UTF-8'?><!DOCTYPE paula SYSTEM "paula_feat.dtd">
<paula version="1.1">
	<header paula_id="morph.GUM_academic_art.mark_Number"/>
	<featList xmlns:xlink="http://www.w3.org/1999/xlink" type="Number" xml:base="morph.GUM_academic_art.mark.xml">
		<feat xlink:href="#sSpan566" value="Sing"/>
		<feat xlink:href="#sSpan568" value="Sing"/>
		<feat xlink:href="#sSpan569" value="Plur"/>
		<feat xlink:href="#sSpan570" value="Sing"/>
		<feat xlink:href="#sSpan571" value="Sing"/>
		<feat xlink:href="#sSpan572" value="Sing"/>
		<feat xlink:href="#sSpan573" value="Sing"/>
		<feat xlink:href="#sSpan574" value="Sing"/>
		<feat xlink:href="#sSpan575" value="Sing"/>
		<feat xlink:href="#sSpan576" value="Sing"/>
		<feat xlink:href="#sSpan577" value="Sing"/>
		<feat xlink:href="#sSpan580" value="Sing"/>
		<feat xlink:href="#sSpan581" value="Sing"/>
		<feat xlink:href="#sSpan582" value="Sing"/>
		<feat xlink:href="#sSpan583" value="Sing"/>
		<feat xlink:href="#sSpan584" value="Sing"/>
		<feat xlink:href="#sSpan585" value="Sing"/>
		<feat xlink:href="#sSpan588" value="Sing"/>
		<feat xlink:href="#sSpan589" value="Sing"/>
		<feat xlink:href="#sSpan590" value="Sing"/>
		<feat xlink:href="#sSpan591" value="Sing"/>
		<feat xlink:href="#sSpan592" value="Sing"/>
		<feat xlink:href="#sSpan593" value="Sing"/>
		<feat xlink:href="#sSpan596" value="Sing"/>
		<feat xlink:href="#sSpan597" value="Sing"/>
		<feat xlink:href="#sSpan598" value="Sing"/>
		<feat xlink:href="#sSpan599" value="Sing"/>
		<feat xlink:href="#sSpan600" value="Sing"/>
		<feat xlink:href="#sSpan601" value="Sing"/>
		<feat xlink:href="#sSpan604" value="Sing"/>
		<feat xlink:href="#sSpan608" value="Plur"/>
		<feat xlink:href="#sSpan611" value="Plur"/>
		<feat xlink:href="#sSpan614" value="Sing"/>
		<feat xlink:href="#sSpan616" value="Plur"/>
		<feat xlink:href="#sSpan618" value="Plur"/>
		<feat xlink:href="#sSpan620" value="Plur"/>
		<feat xlink:href="#sSpan626" value="Plur"/>
		<feat xlink:href="#sSpan631" value="Plur"/>
		<feat xlink:href="#sSpan634" value="Sing"/>
		<feat xlink:href="#sSpan635" value="Plur"/>
		<feat xlink:href="#sSpan639" value="Sing"/>
		<feat xlink:href="#sSpan641" value="Plur"/>
		<feat xlink:href="#sSpan644" value="Plur"/>
		<feat xlink:href="#sSpan647" value="Plur"/>
		<feat xlink:href="#sSpan650" value="Sing"/>
		<feat xlink:href="#sSpan651" value="Sing"/>
		<feat xlink:href="#sSpan652" value="Sing"/>
		<feat xlink:href="#sSpan654" value="Sing"/>
		<feat xlink:href="#sSpan661" value="Sing"/>
		<feat xlink:href="#sSpan663" value="Plur"/>
		<feat xlink:href="#sSpan664" value="Sing"/>
		<feat xlink:href="#sSpan665" value="Sing"/>
		<feat xlink:href="#sSpan666" value="Sing"/>
		<feat xlink:href="#sSpan667" value="Sing"/>
		<feat xlink:href="#sSpan669" value="Sing"/>
		<feat xlink:href="#sSpan670" value="Sing"/>
		<feat xlink:href="#sSpan673" value="Sing"/>
		<feat xlink:href="#sSpan675" value="Sing"/>
		<feat xlink:href="#sSpan681" value="Sing"/>
		<feat xlink:href="#sSpan686" value="Plur"/>
		<feat xlink:href="#sSpan691" value="Sing"/>
		<feat xlink:href="#sSpan692" value="Sing"/>
		<feat xlink:href="#sSpan696" value="Sing"/>
		<feat xlink:href="#sSpan702" value="Sing"/>
		<feat xlink:href="#sSpan703" value="Sing"/>
		<feat xlink:href="#sSpan705" value="Sing"/>
		<feat xlink:href="#sSpan711" value="Sing"/>
		<feat xlink:href="#sSpan712" value="Sing"/>
		<feat xlink:href="#sSpan714" value="Sing"/>
		<feat xlink:href="#sSpan718" value="Sing"/>
		<feat xlink:href="#sSpan723" value="Sing"/>
		<feat xlink:href="#sSpan724" value="Sing"/>
		<feat xlink:href="#sSpan729" value="Sing"/>
		<feat xlink:href="#sSpan732" value="Sing"/>
		<feat xlink:href="#sSpan733" value="Sing"/>
		<feat xlink:href="#sSpan734" value="Plur"/>
		<feat xlink:href="#sSpan737" value="Sing"/>
		<feat xlink:href="#sSpan738" value="Sing"/>
		<feat xlink:href="#sSpan739" value="Sing"/>
		<feat xlink:href="#sSpan740" value="Sing"/>
		<feat xlink:href="#sSpan741" value="Sing"/>
		<feat xlink:href="#sSpan749" value="Sing"/>
		<feat xlink:href="#sSpan751" value="Sing"/>
		<feat xlink:href="#sSpan755" value="Sing"/>
		<feat xlink:href="#sSpan758" value="Sing"/>
		<feat xlink:href="#sSpan761" value="Plur"/>
		<feat xlink:href="#sSpan762" value="Plur"/>
		<feat xlink:href="#sSpan765" value="Sing"/>
		<feat xlink:href="#sSpan766" value="Sing"/>
		<feat xlink:href="#sSpan767" value="Plur"/>
		<feat xlink:href="#sSpan775" value="Plur"/>
		<feat xlink:href="#sSpan776" value="Plur"/>
		<feat xlink:href="#sSpan780" value="Plur"/>
		<feat xlink:href="#sSpan783" value="Sing"/>
		<feat xlink:href="#sSpan784" value="Sing"/>
		<feat xlink:href="#sSpan797" value="Sing"/>
		<feat xlink:href="#sSpan798" value="Plur"/>
		<feat xlink:href="#sSpan800" value="Plur"/>
		<feat xlink:href="#sSpan801" value="Sing"/>
		<feat xlink:href="#sSpan803" value="Sing"/>
		<feat xlink:href="#sSpan805" value="Plur"/>
		<feat xlink:href="#sSpan811" value="Plur"/>
		<feat xlink:href="#sSpan816" value="Plur"/>
		<feat xlink:href="#sSpan817" value="Sing"/>
		<feat xlink:href="#sSpan818" value="Sing"/>
		<feat xlink:href="#sSpan819" value="Plur"/>
		<feat xlink:href="#sSpan824" value="Plur"/>
		<feat xlink:href="#sSpan831" value="Plur"/>
		<feat xlink:href="#sSpan836" value="Sing"/>
		<feat xlink:href="#sSpan837" value="Sing"/>
		<feat xlink:href="#sSpan838" value="Plur"/>
		<feat xlink:href="#sSpan841" value="Sing"/>
		<feat xlink:href="#sSpan842" value="Sing"/>
		<feat xlink:href="#sSpan844" value="Sing"/>
		<feat xlink:href="#sSpan845" value="Sing"/>
		<feat xlink:href="#sSpan850" value="Sing"/>
		<feat xlink:href="#sSpan854" value="Plur"/>
		<feat xlink:href="#sSpan858" value="Sing"/>
		<feat xlink:href="#sSpan862" value="Sing"/>
		<feat xlink:href="#sSpan863" value="Plur"/>
		<feat xlink:href="#sSpan866" value="Plur"/>
		<feat xlink:href="#sSpan873" value="Plur"/>
		<feat xlink:href="#sSpan875" value="Plur"/>
		<feat xlink:href="#sSpan876" value="Plur"/>
		<feat xlink:href="#sSpan878" value="Plur"/>
		<feat xlink:href="#sSpan882" value="Sing"/>
		<feat xlink:href="#sSpan884" value="Plur"/>
		<feat xlink:href="#sSpan885" value="Sing"/>
		<feat xlink:href="#sSpan886" value="Sing"/>
		<feat xlink:href="#sSpan887" value="Sing"/>
		<feat xlink:href="#sSpan890" value="Sing"/>
		<feat xlink:href="#sSpan891" value="Sing"/>
		<feat xlink:href="#sSpan898" value="Sing"/>
		<feat xlink:href="#sSpan899" value="Plur"/>
		<feat xlink:href="#sSpan901" value="Sing"/>
		<feat xlink:href="#sSpan902" value="Sing"/>
		<feat xlink:href="#sSpan904" value="Sing"/>
		<feat xlink:href="#sSpan906" value="Plur"/>
		<feat xlink:href="#sSpan907" value="Sing"/>
		<feat xlink:href="#sSpan908" value="Plur"/>
		<feat xlink:href="#sSpan911" value="Sing"/>
		<feat xlink:href="#sSpan912" value="Sing"/>
		<feat xlink:href="#sSpan913" value="Plur"/>
		<feat xlink:href="#sSpan915" value="Plur"/>
		<feat xlink:href="#sSpan917" value="Plur"/>
		<feat xlink:href="#sSpan921" value="Sing"/>
		<feat xlink:href="#sSpan922" value="Plur"/>
		<feat xlink:href="#sSpan926" value="Sing"/>
		<feat xlink:href="#sSpan929" value="Sing"/>
		<feat xlink:href="#sSpan932" value="Sing"/>
		<feat xlink:href="#sSpan935" value="Plur"/>
		<feat xlink:href="#sSpan938" value="Sing"/>
		<feat xlink:href="#sSpan939" value="Sing"/>
		<feat xlink:href="#sSpan940" value="Sing"/>
		<feat xlink:href="#sSpan947" value="Sing"/>
		<feat xlink:href="#sSpan951" value="Plur"/>
		<feat xlink:href="#sSpan954" value="Sing"/>
		<feat xlink:href="#sSpan957" value="Sing"/>
		<feat xlink:href="#sSpan964" value="Sing"/>
		<feat xlink:href="#sSpan967" value="Sing"/>
		<feat xlink:href="#sSpan972" value="Sing"/>
		<feat xlink:href="#sSpan975" value="Sing"/>
		<feat xlink:href="#sSpan976" value="Sing"/>
		<feat xlink:href="#sSpan981" value="Sing"/>
		<feat xlink:href="#sSpan984" value="Sing"/>
		<feat xlink:href="#sSpan985" value="Plur"/>
		<feat xlink:href="#sSpan989" value="Plur"/>
		<feat xlink:href="#sSpan992" value="Sing"/>
		<feat xlink:href="#sSpan995" value="Plur"/>
		<feat xlink:href="#sSpan998" value="Sing"/>
		<feat xlink:href="#sSpan999" value="Plur"/>
		<feat xlink:href="#sSpan1002" value="Sing"/>
		<feat xlink:href="#sSpan1010" value="Sing"/>
		<feat xlink:href="#sSpan1013" value="Plur"/>
		<feat xlink:href="#sSpan1016" value="Sing"/>
		<feat xlink:href="#sSpan1020" value="Plur"/>
		<feat xlink:href="#sSpan1024" value="Plur"/>
		<feat xlink:href="#sSpan1027" value="Sing"/>
		<feat xlink:href="#sSpan1029" value="Sing"/>
		<feat xlink:href="#sSpan1030" value="Sing"/>
		<feat xlink:href="#sSpan1031" value="Sing"/>
		<feat xlink:href="#sSpan1035" value="Sing"/>
		<feat xlink:href="#sSpan1036" value="Plur"/>
		<feat xlink:href="#sSpan1040" value="Sing"/>
		<feat xlink:href="#sSpan1044" value="Sing"/>
		<feat xlink:href="#sSpan1047" value="Sing"/>
		<feat xlink:href="#sSpan1055" value="Plur"/>
		<feat xlink:href="#sSpan1056" value="Plur"/>
		<feat xlink:href="#sSpan1057" value="Plur"/>
		<feat xlink:href="#sSpan1059" value="Plur"/>
		<feat xlink:href="#sSpan1062" value="Sing"/>
		<feat xlink:href="#sSpan1064" value="Sing"/>
		<feat xlink:href="#sSpan1065" value="Sing"/>
		<feat xlink:href="#sSpan1066" value="Sing"/>
		<feat xlink:href="#sSpan1070" value="Sing"/>
		<feat xlink:href="#sSpan1076" value="Sing"/>
		<feat xlink:href="#sSpan1080" value="Plur"/>
		<feat xlink:href="#sSpan1083" value="Plur"/>
		<feat xlink:href="#sSpan1087" value="Plur"/>
		<feat xlink:href="#sSpan1091" value="Sing"/>
		<feat xlink:href="#sSpan1094" value="Plur"/>
		<feat xlink:href="#sSpan1096" value="Sing"/>
		<feat xlink:href="#sSpan1097" value="Sing"/>
		<feat xlink:href="#sSpan1100" value="Sing"/>
		<feat xlink:href="#sSpan1107" value="Sing"/>
		<feat xlink:href="#sSpan1110" value="Sing"/>
		<feat xlink:href="#sSpan1116" value="Sing"/>
		<feat xlink:href="#sSpan1120" value="Plur"/>
		<feat xlink:href="#sSpan1123" value="Sing"/>
		<feat xlink:href="#sSpan1124" value="Sing"/>
		<feat xlink:href="#sSpan1125" value="Sing"/>
		<feat xlink:href="#sSpan1126" value="Sing"/>
		<feat xlink:href="#sSpan1130" value="Sing"/>
		<feat xlink:href="#sSpan1131" value="Sing"/>
		<feat xlink:href="#sSpan1134" value="Sing"/>
		<feat xlink:href="#sSpan1137" value="Sing"/>
		<feat xlink:href="#sSpan1138" value="Sing"/>
		<feat xlink:href="#sSpan1139" value="Sing"/>
		<feat xlink:href="#sSpan1142" value="Sing"/>
		<feat xlink:href="#sSpan1146" value="Plur"/>
		<feat xlink:href="#sSpan1150" value="Sing"/>
		<feat xlink:href="#sSpan1154" value="Sing"/>
		<feat xlink:href="#sSpan1157" value="Sing"/>
		<feat xlink:href="#sSpan1158" value="Sing"/>
		<feat xlink:href="#sSpan1159" value="Sing"/>
		<feat xlink:href="#sSpan1160" value="Sing"/>
		<feat xlink:href="#sSpan1163" value="Plur"/>
		<feat xlink:href="#sSpan1168" value="Sing"/>
		<feat xlink:href="#sSpan1169" value="Sing"/>
		<feat xlink:href="#sSpan1177" value="Sing"/>
		<feat xlink:href="#sSpan1182" value="Sing"/>
		<feat xlink:href="#sSpan1185" value="Plur"/>
		<feat xlink:href="#sSpan1188" value="Sing"/>
		<feat xlink:href="#sSpan1194" value="Sing"/>
		<feat xlink:href="#sSpan1199" value="Sing"/>
		<feat xlink:href="#sSpan1202" value="Sing"/>
		<feat xlink:href="#sSpan1207" value="Sing"/>
		<feat xlink:href="#sSpan1209" value="Sing"/>
		<feat xlink:href="#sSpan1216" value="Sing"/>
		<feat xlink:href="#sSpan1217" value="Sing"/>
		<feat xlink:href="#sSpan1218" value="Sing"/>
		<feat xlink:href="#sSpan1219" value="Sing"/>
		<feat xlink:href="#sSpan1224" value="Plur"/>
		<feat xlink:href="#sSpan1229" value="Sing"/>
		<feat xlink:href="#sSpan1231" value="Sing"/>
		<feat xlink:href="#sSpan1232" value="Sing"/>
		<feat xlink:href="#sSpan1234" value="Plur"/>
		<feat xlink:href="#sSpan1246" value="Sing"/>
		<feat xlink:href="#sSpan1247" value="Sing"/>
		<feat xlink:href="#sSpan1248" value="Plur"/>
		<feat xlink:href="#sSpan1256" value="Plur"/>
		<feat xlink:href="#sSpan1257" value="Sing"/>
		<feat xlink:href="#sSpan1258" value="Sing"/>
		<feat xlink:href="#sSpan1263" value="Sing"/>
		<feat xlink:href="#sSpan1265" value="Sing"/>
		<feat xlink:href="#sSpan1266" value="Sing"/>
		<feat xlink:href="#sSpan1271" value="Sing"/>
		<feat xlink:href="#sSpan1272" value="Plur"/>
		<feat xlink:href="#sSpan1273" value="Sing"/>
		<feat xlink:href="#sSpan1274" value="Sing"/>
		<feat xlink:href="#sSpan1280" value="Sing"/>
		<feat xlink:href="#sSpan1281" value="Plur"/>
		<feat xlink:href="#sSpan1283" value="Plur"/>
		<feat xlink:href="#sSpan1291" value="Sing"/>
		<feat xlink:href="#sSpan1292" value="Plur"/>
		<feat xlink:href="#sSpan1297" value="Sing"/>
		<feat xlink:href="#sSpan1298" value="Sing"/>
		<feat xlink:href="#sSpan1305" value="Sing"/>
		<feat xlink:href="#sSpan1306" value="Sing"/>
		<feat xlink:href="#sSpan1307" value="Sing"/>
		<feat xlink:href="#sSpan1312" value="Plur"/>
		<feat xlink:href="#sSpan1316" value="Sing"/>
		<feat xlink:href="#sSpan1320" value="Plur"/>
		<feat xlink:href="#sSpan1322" value="Plur"/>
		<feat xlink:href="#sSpan1323" value="Plur"/>
		<feat xlink:href="#sSpan1329" value="Sing"/>
		<feat xlink:href="#sSpan1332" value="Sing"/>
		<feat xlink:href="#sSpan1334" value="Sing"/>
		<feat xlink:href="#sSpan1341" value="Plur"/>
		<feat xlink:href="#sSpan1348" value="Sing"/>
		<feat xlink:href="#sSpan1350" value="Plur"/>
		<feat xlink:href="#sSpan1351" value="Sing"/>
		<feat xlink:href="#sSpan1353" value="Sing"/>
		<feat xlink:href="#sSpan1354" value="Sing"/>
		<feat xlink:href="#sSpan1358" value="Sing"/>
		<feat xlink:href="#sSpan1362" value="Plur"/>
		<feat xlink:href="#sSpan1368" value="Plur"/>
		<feat xlink:href="#sSpan1369" value="Plur"/>
		<feat xlink:href="#sSpan1374" value="Sing"/>
		<feat xlink:href="#sSpan1376" value="Plur"/>
		<feat xlink:href="#sSpan1379" value="Sing"/>
		<feat xlink:href="#sSpan1380" value="Sing"/>
		<feat xlink:href="#sSpan1381" value="Sing"/>
		<feat xlink:href="#sSpan1385" value="Sing"/>
		<feat xlink:href="#sSpan1390" value="Plur"/>
		<feat xlink:href="#sSpan1394" value="Plur"/>
		<feat xlink:href="#sSpan1397" value="Plur"/>
		<feat xlink:href="#sSpan1401" value="Sing"/>
		<feat xlink:href="#sSpan1402" value="Plur"/>
		<feat xlink:href="#sSpan1403" value="Sing"/>
		<feat xlink:href="#sSpan1407" value="Sing"/>
		<feat xlink:href="#sSpan1412" value="Sing"/>
		<feat xlink:href="#sSpan1416" value="Plur"/>
		<feat xlink:href="#sSpan1419" value="Sing"/>
		<feat xlink:href="#sSpan1420" value="Sing"/>
		<feat xlink:href="#sSpan1424" value="Plur"/>
		<feat xlink:href="#sSpan1425" value="Sing"/>
		<feat xlink:href="#sSpan1426" value="Plur"/>
		<feat xlink:href="#sSpan1427" value="Sing"/>
		<feat xlink:href="#sSpan1429" value="Sing"/></featList></paula>