<?xml version='1.0' encoding='UTF-8'?><!DOCTYPE paula SYSTEM "paula_feat.dtd">
<paula version="1.1">
	<header paula_id="morph.GUM_academic_art.mark_Definite"/>
	<featList xmlns:xlink="http://www.w3.org/1999/xlink" type="Definite" xml:base="morph.GUM_academic_art.mark.xml">
		<feat xlink:href="#sSpan462" value="Ind"/>
		<feat xlink:href="#sSpan474" value="Def"/>
		<feat xlink:href="#sSpan484" value="Ind"/>
		<feat xlink:href="#sSpan496" value="Def"/>
		<feat xlink:href="#sSpan509" value="Def"/>
		<feat xlink:href="#sSpan514" value="Ind"/>
		<feat xlink:href="#sSpan544" value="Ind"/>
		<feat xlink:href="#sSpan549" value="Ind"/>
		<feat xlink:href="#sSpan560" value="Def"/>
		<feat xlink:href="#sSpan570" value="Def"/>
		<feat xlink:href="#sSpan577" value="Ind"/>
		<feat xlink:href="#sSpan590" value="Def"/>
		<feat xlink:href="#sSpan621" value="Def"/>
		<feat xlink:href="#sSpan640" value="Def"/>
		<feat xlink:href="#sSpan653" value="Def"/>
		<feat xlink:href="#sSpan659" value="Def"/>
		<feat xlink:href="#sSpan665" value="Def"/>
		<feat xlink:href="#sSpan679" value="Def"/>
		<feat xlink:href="#sSpan687" value="Def"/>
		<feat xlink:href="#sSpan698" value="Def"/>
		<feat xlink:href="#sSpan715" value="Def"/>
		<feat xlink:href="#sSpan748" value="Def"/>
		<feat xlink:href="#sSpan753" value="Def"/>
		<feat xlink:href="#sSpan757" value="Def"/>
		<feat xlink:href="#sSpan759" value="Ind"/>
		<feat xlink:href="#sSpan775" value="Def"/>
		<feat xlink:href="#sSpan782" value="Def"/>
		<feat xlink:href="#sSpan790" value="Ind"/>
		<feat xlink:href="#sSpan794" value="Def"/>
		<feat xlink:href="#sSpan801" value="Ind"/>
		<feat xlink:href="#sSpan804" value="Ind"/>
		<feat xlink:href="#sSpan812" value="Ind"/>
		<feat xlink:href="#sSpan821" value="Def"/>
		<feat xlink:href="#sSpan828" value="Def"/>
		<feat xlink:href="#sSpan840" value="Ind"/>
		<feat xlink:href="#sSpan843" value="Def"/>
		<feat xlink:href="#sSpan847" value="Def"/>
		<feat xlink:href="#sSpan850" value="Def"/>
		<feat xlink:href="#sSpan854" value="Def"/>
		<feat xlink:href="#sSpan857" value="Def"/>
		<feat xlink:href="#sSpan876" value="Ind"/>
		<feat xlink:href="#sSpan887" value="Def"/>
		<feat xlink:href="#sSpan893" value="Def"/>
		<feat xlink:href="#sSpan907" value="Def"/>
		<feat xlink:href="#sSpan912" value="Def"/>
		<feat xlink:href="#sSpan925" value="Def"/>
		<feat xlink:href="#sSpan937" value="Def"/>
		<feat xlink:href="#sSpan946" value="Ind"/>
		<feat xlink:href="#sSpan954" value="Ind"/>
		<feat xlink:href="#sSpan988" value="Def"/>
		<feat xlink:href="#sSpan1008" value="Def"/>
		<feat xlink:href="#sSpan1021" value="Def"/>
		<feat xlink:href="#sSpan1034" value="Def"/>
		<feat xlink:href="#sSpan1048" value="Ind"/>
		<feat xlink:href="#sSpan1094" value="Def"/>
		<feat xlink:href="#sSpan1102" value="Def"/>
		<feat xlink:href="#sSpan1112" value="Def"/>
		<feat xlink:href="#sSpan1128" value="Def"/>
		<feat xlink:href="#sSpan1139" value="Ind"/>
		<feat xlink:href="#sSpan1149" value="Ind"/>
		<feat xlink:href="#sSpan1154" value="Def"/>
		<feat xlink:href="#sSpan1214" value="Def"/>
		<feat xlink:href="#sSpan1225" value="Def"/>
		<feat xlink:href="#sSpan1240" value="Def"/>
		<feat xlink:href="#sSpan1245" value="Ind"/>
		<feat xlink:href="#sSpan1254" value="Ind"/>
		<feat xlink:href="#sSpan1258" value="Def"/></featList></paula>