<?xml version='1.0' encoding='UTF-8'?><!DOCTYPE paula SYSTEM "paula_feat.dtd">
<paula version="1.1">
	<header paula_id="morph.GUM_academic_art.mark_Abbr"/>
	<featList xmlns:xlink="http://www.w3.org/1999/xlink" type="Abbr" xml:base="morph.GUM_academic_art.mark.xml">
		<feat xlink:href="#sSpan573" value="Yes"/>
		<feat xlink:href="#sSpan858" value="Yes"/>
		<feat xlink:href="#sSpan932" value="Yes"/>
		<feat xlink:href="#sSpan958" value="Yes"/>
		<feat xlink:href="#sSpan1020" value="Yes"/></featList></paula>