<?xml version='1.0' encoding='UTF-8'?><!DOCTYPE paula SYSTEM "paula_feat.dtd">
<paula version="1.1">
	<header paula_id="morph.GUM_academic_art.mark_Poss"/>
	<featList xmlns:xlink="http://www.w3.org/1999/xlink" type="Poss" xml:base="morph.GUM_academic_art.mark.xml">
		<feat xlink:href="#sSpan699" value="Yes"/>
		<feat xlink:href="#sSpan707" value="Yes"/>
		<feat xlink:href="#sSpan882" value="Yes"/>
		<feat xlink:href="#sSpan938" value="Yes"/>
		<feat xlink:href="#sSpan1151" value="Yes"/>
		<feat xlink:href="#sSpan1205" value="Yes"/>
		<feat xlink:href="#sSpan1235" value="Yes"/></featList></paula>