<?xml version='1.0' encoding='UTF-8'?><!DOCTYPE paula SYSTEM "paula_feat.dtd">
<paula version="1.1">
	<header paula_id="morph.GUM_academic_art.mark_NumForm"/>
	<featList xmlns:xlink="http://www.w3.org/1999/xlink" type="NumForm" xml:base="morph.GUM_academic_art.mark.xml">
		<feat xlink:href="#sSpan559" value="Combi"/>
		<feat xlink:href="#sSpan935" value="Digit"/>
		<feat xlink:href="#sSpan938" value="Digit"/>
		<feat xlink:href="#sSpan964" value="Digit"/>
		<feat xlink:href="#sSpan969" value="Digit"/>
		<feat xlink:href="#sSpan971" value="Digit"/>
		<feat xlink:href="#sSpan997" value="Digit"/>
		<feat xlink:href="#sSpan1027" value="Word"/>
		<feat xlink:href="#sSpan1057" value="Digit"/>
		<feat xlink:href="#sSpan1100" value="Word"/>
		<feat xlink:href="#sSpan1116" value="Digit"/>
		<feat xlink:href="#sSpan1127" value="Digit"/>
		<feat xlink:href="#sSpan1134" value="Combi"/></featList></paula>