<?xml version='1.0' encoding='UTF-8'?><!DOCTYPE paula SYSTEM "paula_feat.dtd">
<paula version="1.1">
	<header paula_id="morph.GUM_academic_art.mark_NumForm"/>
	<featList xmlns:xlink="http://www.w3.org/1999/xlink" type="NumForm" xml:base="morph.GUM_academic_art.mark.xml">
		<feat xlink:href="#sSpan732" value="Combi"/>
		<feat xlink:href="#sSpan1106" value="Digit"/>
		<feat xlink:href="#sSpan1111" value="Digit"/>
		<feat xlink:href="#sSpan1136" value="Digit"/>
		<feat xlink:href="#sSpan1141" value="Digit"/>
		<feat xlink:href="#sSpan1144" value="Digit"/>
		<feat xlink:href="#sSpan1170" value="Digit"/>
		<feat xlink:href="#sSpan1200" value="Word"/>
		<feat xlink:href="#sSpan1229" value="Digit"/>
		<feat xlink:href="#sSpan1272" value="Word"/>
		<feat xlink:href="#sSpan1288" value="Digit"/>
		<feat xlink:href="#sSpan1299" value="Digit"/>
		<feat xlink:href="#sSpan1305" value="Combi"/></featList></paula>