<?xml version='1.0' encoding='UTF-8'?><!DOCTYPE paula SYSTEM "paula_rel.dtd">
<paula version="1.1">
	<header paula_id="ref.GUM_academic_art.coref"/>
	<relList xmlns:xlink="http://www.w3.org/1999/xlink" type="coref">
		<rel id="sPointingRel976" xlink:href="ref.GUM_academic_art.mark.xml#sSpan208" target="ref.GUM_academic_art.mark.xml#sSpan79"/>
		<rel id="sPointingRel977" xlink:href="ref.GUM_academic_art.mark.xml#sSpan210" target="ref.GUM_academic_art.mark.xml#sSpan80"/>
		<rel id="sPointingRel978" xlink:href="ref.GUM_academic_art.mark.xml#sSpan211" target="ref.GUM_academic_art.mark.xml#sSpan81"/>
		<rel id="sPointingRel980" xlink:href="ref.GUM_academic_art.mark.xml#sSpan91" target="ref.GUM_academic_art.mark.xml#sSpan86"/>
		<rel id="sPointingRel982" xlink:href="ref.GUM_academic_art.mark.xml#sSpan94" target="ref.GUM_academic_art.mark.xml#sSpan89"/>
		<rel id="sPointingRel983" xlink:href="ref.GUM_academic_art.mark.xml#sSpan95" target="ref.GUM_academic_art.mark.xml#sSpan90"/>
		<rel id="sPointingRel984" xlink:href="ref.GUM_academic_art.mark.xml#sSpan96" target="ref.GUM_academic_art.mark.xml#sSpan91"/>
		<rel id="sPointingRel986" xlink:href="ref.GUM_academic_art.mark.xml#sSpan99" target="ref.GUM_academic_art.mark.xml#sSpan94"/>
		<rel id="sPointingRel987" xlink:href="ref.GUM_academic_art.mark.xml#sSpan100" target="ref.GUM_academic_art.mark.xml#sSpan95"/>
		<rel id="sPointingRel988" xlink:href="ref.GUM_academic_art.mark.xml#sSpan101" target="ref.GUM_academic_art.mark.xml#sSpan96"/>
		<rel id="sPointingRel990" xlink:href="ref.GUM_academic_art.mark.xml#sSpan175" target="ref.GUM_academic_art.mark.xml#sSpan101"/>
		<rel id="sPointingRel991" xlink:href="ref.GUM_academic_art.mark.xml#sSpan114" target="ref.GUM_academic_art.mark.xml#sSpan104"/>
		<rel id="sPointingRel992" xlink:href="ref.GUM_academic_art.mark.xml#sSpan128" target="ref.GUM_academic_art.mark.xml#sSpan109"/>
		<rel id="sPointingRel993" xlink:href="ref.GUM_academic_art.mark.xml#sSpan123" target="ref.GUM_academic_art.mark.xml#sSpan114"/>
		<rel id="sPointingRel994" xlink:href="ref.GUM_academic_art.mark.xml#sSpan235" target="ref.GUM_academic_art.mark.xml#sSpan120"/>
		<rel id="sPointingRel995" xlink:href="ref.GUM_academic_art.mark.xml#sSpan130" target="ref.GUM_academic_art.mark.xml#sSpan126"/>
		<rel id="sPointingRel996" xlink:href="ref.GUM_academic_art.mark.xml#sSpan182" target="ref.GUM_academic_art.mark.xml#sSpan128"/>
		<rel id="sPointingRel997" xlink:href="ref.GUM_academic_art.mark.xml#sSpan142" target="ref.GUM_academic_art.mark.xml#sSpan130"/>
		<rel id="sPointingRel998" xlink:href="ref.GUM_academic_art.mark.xml#sSpan150" target="ref.GUM_academic_art.mark.xml#sSpan145"/>
		<rel id="sPointingRel999" xlink:href="ref.GUM_academic_art.mark.xml#sSpan157" target="ref.GUM_academic_art.mark.xml#sSpan150"/>
		<rel id="sPointingRel1000" xlink:href="ref.GUM_academic_art.mark.xml#sSpan203" target="ref.GUM_academic_art.mark.xml#sSpan159"/>
		<rel id="sPointingRel1001" xlink:href="ref.GUM_academic_art.mark.xml#sSpan218" target="ref.GUM_academic_art.mark.xml#sSpan161"/>
		<rel id="sPointingRel1002" xlink:href="ref.GUM_academic_art.mark.xml#sSpan169" target="ref.GUM_academic_art.mark.xml#sSpan164"/>
		<rel id="sPointingRel1003" xlink:href="ref.GUM_academic_art.mark.xml#sSpan214" target="ref.GUM_academic_art.mark.xml#sSpan165"/>
		<rel id="sPointingRel1004" xlink:href="ref.GUM_academic_art.mark.xml#sSpan215" target="ref.GUM_academic_art.mark.xml#sSpan167"/>
		<rel id="sPointingRel1005" xlink:href="ref.GUM_academic_art.mark.xml#sSpan174" target="ref.GUM_academic_art.mark.xml#sSpan169"/>
		<rel id="sPointingRel1006" xlink:href="ref.GUM_academic_art.mark.xml#sSpan383" target="ref.GUM_academic_art.mark.xml#sSpan170"/>
		<rel id="sPointingRel1007" xlink:href="ref.GUM_academic_art.mark.xml#sSpan392" target="ref.GUM_academic_art.mark.xml#sSpan171"/>
		<rel id="sPointingRel1008" xlink:href="ref.GUM_academic_art.mark.xml#sSpan393" target="ref.GUM_academic_art.mark.xml#sSpan172"/>
		<rel id="sPointingRel1009" xlink:href="ref.GUM_academic_art.mark.xml#sSpan213" target="ref.GUM_academic_art.mark.xml#sSpan174"/>
		<rel id="sPointingRel1010" xlink:href="ref.GUM_academic_art.mark.xml#sSpan401" target="ref.GUM_academic_art.mark.xml#sSpan175"/>
		<rel id="sPointingRel1011" xlink:href="ref.GUM_academic_art.mark.xml#sSpan400" target="ref.GUM_academic_art.mark.xml#sSpan177"/>
		<rel id="sPointingRel1012" xlink:href="ref.GUM_academic_art.mark.xml#sSpan243" target="ref.GUM_academic_art.mark.xml#sSpan182"/>
		<rel id="sPointingRel1013" xlink:href="ref.GUM_academic_art.mark.xml#sSpan226" target="ref.GUM_academic_art.mark.xml#sSpan205"/>
		<rel id="sPointingRel1014" xlink:href="ref.GUM_academic_art.mark.xml#sSpan488" target="ref.GUM_academic_art.mark.xml#sSpan208"/>
		<rel id="sPointingRel1015" xlink:href="ref.GUM_academic_art.mark.xml#sSpan230" target="ref.GUM_academic_art.mark.xml#sSpan209"/>
		<rel id="sPointingRel1016" xlink:href="ref.GUM_academic_art.mark.xml#sSpan257" target="ref.GUM_academic_art.mark.xml#sSpan210"/>
		<rel id="sPointingRel1017" xlink:href="ref.GUM_academic_art.mark.xml#sSpan258" target="ref.GUM_academic_art.mark.xml#sSpan211"/>
		<rel id="sPointingRel1018" xlink:href="ref.GUM_academic_art.mark.xml#sSpan268" target="ref.GUM_academic_art.mark.xml#sSpan213"/>
		<rel id="sPointingRel1019" xlink:href="ref.GUM_academic_art.mark.xml#sSpan262" target="ref.GUM_academic_art.mark.xml#sSpan214"/>
		<rel id="sPointingRel1020" xlink:href="ref.GUM_academic_art.mark.xml#sSpan263" target="ref.GUM_academic_art.mark.xml#sSpan215"/>
		<rel id="sPointingRel1021" xlink:href="ref.GUM_academic_art.mark.xml#sSpan220" target="ref.GUM_academic_art.mark.xml#sSpan217"/>
		<rel id="sPointingRel1022" xlink:href="ref.GUM_academic_art.mark.xml#sSpan238" target="ref.GUM_academic_art.mark.xml#sSpan218"/>
		<rel id="sPointingRel1023" xlink:href="ref.GUM_academic_art.mark.xml#sSpan232" target="ref.GUM_academic_art.mark.xml#sSpan226"/>
		<rel id="sPointingRel1024" xlink:href="ref.GUM_academic_art.mark.xml#sSpan256" target="ref.GUM_academic_art.mark.xml#sSpan230"/>
		<rel id="sPointingRel1025" xlink:href="ref.GUM_academic_art.mark.xml#sSpan435" target="ref.GUM_academic_art.mark.xml#sSpan232"/>
		<rel id="sPointingRel1026" xlink:href="ref.GUM_academic_art.mark.xml#sSpan251" target="ref.GUM_academic_art.mark.xml#sSpan235"/>
		<rel id="sPointingRel1027" xlink:href="ref.GUM_academic_art.mark.xml#sSpan434" target="ref.GUM_academic_art.mark.xml#sSpan238"/>
		<rel id="sPointingRel1028" xlink:href="ref.GUM_academic_art.mark.xml#sSpan272" target="ref.GUM_academic_art.mark.xml#sSpan243"/>
		<rel id="sPointingRel1029" xlink:href="ref.GUM_academic_art.mark.xml#sSpan364" target="ref.GUM_academic_art.mark.xml#sSpan251"/>
		<rel id="sPointingRel1030" xlink:href="ref.GUM_academic_art.mark.xml#sSpan333" target="ref.GUM_academic_art.mark.xml#sSpan257"/>
		<rel id="sPointingRel1031" xlink:href="ref.GUM_academic_art.mark.xml#sSpan295" target="ref.GUM_academic_art.mark.xml#sSpan258"/>
		<rel id="sPointingRel1032" xlink:href="ref.GUM_academic_art.mark.xml#sSpan446" target="ref.GUM_academic_art.mark.xml#sSpan262"/>
		<rel id="sPointingRel1033" xlink:href="ref.GUM_academic_art.mark.xml#sSpan382" target="ref.GUM_academic_art.mark.xml#sSpan263"/>
		<rel id="sPointingRel1034" xlink:href="ref.GUM_academic_art.mark.xml#sSpan425" target="ref.GUM_academic_art.mark.xml#sSpan267"/>
		<rel id="sPointingRel1035" xlink:href="ref.GUM_academic_art.mark.xml#sSpan381" target="ref.GUM_academic_art.mark.xml#sSpan268"/>
		<rel id="sPointingRel1036" xlink:href="ref.GUM_academic_art.mark.xml#sSpan339" target="ref.GUM_academic_art.mark.xml#sSpan271"/>
		<rel id="sPointingRel1037" xlink:href="ref.GUM_academic_art.mark.xml#sSpan303" target="ref.GUM_academic_art.mark.xml#sSpan275"/>
		<rel id="sPointingRel1038" xlink:href="ref.GUM_academic_art.mark.xml#sSpan278" target="ref.GUM_academic_art.mark.xml#sSpan277"/>
		<rel id="sPointingRel1039" xlink:href="ref.GUM_academic_art.mark.xml#sSpan283" target="ref.GUM_academic_art.mark.xml#sSpan279"/>
		<rel id="sPointingRel1040" xlink:href="ref.GUM_academic_art.mark.xml#sSpan330" target="ref.GUM_academic_art.mark.xml#sSpan283"/>
		<rel id="sPointingRel1041" xlink:href="ref.GUM_academic_art.mark.xml#sSpan305" target="ref.GUM_academic_art.mark.xml#sSpan285"/>
		<rel id="sPointingRel1043" xlink:href="ref.GUM_academic_art.mark.xml#sSpan296" target="ref.GUM_academic_art.mark.xml#sSpan294"/>
		<rel id="sPointingRel1044" xlink:href="ref.GUM_academic_art.mark.xml#sSpan323" target="ref.GUM_academic_art.mark.xml#sSpan295"/>
		<rel id="sPointingRel1045" xlink:href="ref.GUM_academic_art.mark.xml#sSpan299" target="ref.GUM_academic_art.mark.xml#sSpan296"/>
		<rel id="sPointingRel1046" xlink:href="ref.GUM_academic_art.mark.xml#sSpan322" target="ref.GUM_academic_art.mark.xml#sSpan299"/>
		<rel id="sPointingRel1051" xlink:href="ref.GUM_academic_art.mark.xml#sSpan334" target="ref.GUM_academic_art.mark.xml#sSpan323"/>
		<rel id="sPointingRel1052" xlink:href="ref.GUM_academic_art.mark.xml#sSpan437" target="ref.GUM_academic_art.mark.xml#sSpan333"/>
		<rel id="sPointingRel1053" xlink:href="ref.GUM_academic_art.mark.xml#sSpan438" target="ref.GUM_academic_art.mark.xml#sSpan334"/>
		<rel id="sPointingRel1054" xlink:href="ref.GUM_academic_art.mark.xml#sSpan493" target="ref.GUM_academic_art.mark.xml#sSpan339"/>
		<rel id="sPointingRel1055" xlink:href="ref.GUM_academic_art.mark.xml#sSpan495" target="ref.GUM_academic_art.mark.xml#sSpan341"/>
		<rel id="sPointingRel1056" xlink:href="ref.GUM_academic_art.mark.xml#sSpan418" target="ref.GUM_academic_art.mark.xml#sSpan347"/>
		<rel id="sPointingRel1057" xlink:href="ref.GUM_academic_art.mark.xml#sSpan497" target="ref.GUM_academic_art.mark.xml#sSpan361"/>
		<rel id="sPointingRel1058" xlink:href="ref.GUM_academic_art.mark.xml#sSpan498" target="ref.GUM_academic_art.mark.xml#sSpan362"/>
		<rel id="sPointingRel1059" xlink:href="ref.GUM_academic_art.mark.xml#sSpan499" target="ref.GUM_academic_art.mark.xml#sSpan363"/>
		<rel id="sPointingRel1060" xlink:href="ref.GUM_academic_art.mark.xml#sSpan500" target="ref.GUM_academic_art.mark.xml#sSpan364"/>
		<rel id="sPointingRel1061" xlink:href="ref.GUM_academic_art.mark.xml#sSpan397" target="ref.GUM_academic_art.mark.xml#sSpan381"/>
		<rel id="sPointingRel1062" xlink:href="ref.GUM_academic_art.mark.xml#sSpan447" target="ref.GUM_academic_art.mark.xml#sSpan382"/>
		<rel id="sPointingRel1063" xlink:href="ref.GUM_academic_art.mark.xml#sSpan385" target="ref.GUM_academic_art.mark.xml#sSpan383"/>
		<rel id="sPointingRel1064" xlink:href="ref.GUM_academic_art.mark.xml#sSpan399" target="ref.GUM_academic_art.mark.xml#sSpan397"/>
		<rel id="sPointingRel1065" xlink:href="ref.GUM_academic_art.mark.xml#sSpan404" target="ref.GUM_academic_art.mark.xml#sSpan399"/>
		<rel id="sPointingRel1066" xlink:href="ref.GUM_academic_art.mark.xml#sSpan407" target="ref.GUM_academic_art.mark.xml#sSpan404"/>
		<rel id="sPointingRel1067" xlink:href="ref.GUM_academic_art.mark.xml#sSpan410" target="ref.GUM_academic_art.mark.xml#sSpan407"/>
		<rel id="sPointingRel1068" xlink:href="ref.GUM_academic_art.mark.xml#sSpan424" target="ref.GUM_academic_art.mark.xml#sSpan410"/>
		<rel id="sPointingRel1069" xlink:href="ref.GUM_academic_art.mark.xml#sSpan478" target="ref.GUM_academic_art.mark.xml#sSpan434"/>
		<rel id="sPointingRel1070" xlink:href="ref.GUM_academic_art.mark.xml#sSpan490" target="ref.GUM_academic_art.mark.xml#sSpan437"/>
		<rel id="sPointingRel1071" xlink:href="ref.GUM_academic_art.mark.xml#sSpan491" target="ref.GUM_academic_art.mark.xml#sSpan438"/>
		<rel id="sPointingRel1072" xlink:href="ref.GUM_academic_art.mark.xml#sSpan463" target="ref.GUM_academic_art.mark.xml#sSpan441"/>
		<rel id="sPointingRel1073" xlink:href="ref.GUM_academic_art.mark.xml#sSpan460" target="ref.GUM_academic_art.mark.xml#sSpan444"/>
		<rel id="sPointingRel1074" xlink:href="ref.GUM_academic_art.mark.xml#sSpan454" target="ref.GUM_academic_art.mark.xml#sSpan446"/>
		<rel id="sPointingRel1077" xlink:href="ref.GUM_academic_art.mark.xml#sSpan449" target="ref.GUM_academic_art.mark.xml#sSpan447"/>
		<rel id="sPointingRel1078" xlink:href="ref.GUM_academic_art.mark.xml#sSpan451" target="ref.GUM_academic_art.mark.xml#sSpan450"/>
		<rel id="sPointingRel1079" xlink:href="ref.GUM_academic_art.mark.xml#sSpan452" target="ref.GUM_academic_art.mark.xml#sSpan451"/>
		<rel id="sPointingRel1080" xlink:href="ref.GUM_academic_art.mark.xml#sSpan468" target="ref.GUM_academic_art.mark.xml#sSpan459"/>
		<rel id="sPointingRel1081" xlink:href="ref.GUM_academic_art.mark.xml#sSpan474" target="ref.GUM_academic_art.mark.xml#sSpan460"/></relList></paula>