<?xml version='1.0' encoding='UTF-8'?><!DOCTYPE paula SYSTEM "paula_feat.dtd">
<paula version="1.1">
	<header paula_id="ref.GUM_academic_art.mark_salience"/>
	<featList xmlns:xlink="http://www.w3.org/1999/xlink" type="salience" xml:base="ref.GUM_academic_art.mark.xml">
		<feat xlink:href="#sSpan1" value="nonsal"/>
		<feat xlink:href="#sSpan3" value="sal"/>
		<feat xlink:href="#sSpan5" value="nonsal"/>
		<feat xlink:href="#sSpan6" value="sal"/>
		<feat xlink:href="#sSpan7" value="nonsal"/>
		<feat xlink:href="#sSpan8" value="nonsal"/>
		<feat xlink:href="#sSpan9" value="nonsal"/>
		<feat xlink:href="#sSpan10" value="nonsal"/>
		<feat xlink:href="#sSpan11" value="nonsal"/>
		<feat xlink:href="#sSpan12" value="nonsal"/>
		<feat xlink:href="#sSpan13" value="nonsal"/>
		<feat xlink:href="#sSpan14" value="nonsal"/>
		<feat xlink:href="#sSpan15" value="nonsal"/>
		<feat xlink:href="#sSpan16" value="nonsal"/>
		<feat xlink:href="#sSpan17" value="nonsal"/>
		<feat xlink:href="#sSpan18" value="nonsal"/>
		<feat xlink:href="#sSpan19" value="nonsal"/>
		<feat xlink:href="#sSpan20" value="nonsal"/>
		<feat xlink:href="#sSpan21" value="nonsal"/>
		<feat xlink:href="#sSpan22" value="nonsal"/>
		<feat xlink:href="#sSpan23" value="nonsal"/>
		<feat xlink:href="#sSpan24" value="nonsal"/>
		<feat xlink:href="#sSpan25" value="nonsal"/>
		<feat xlink:href="#sSpan26" value="nonsal"/>
		<feat xlink:href="#sSpan27" value="nonsal"/>
		<feat xlink:href="#sSpan30" value="nonsal"/>
		<feat xlink:href="#sSpan35" value="sal"/>
		<feat xlink:href="#sSpan37" value="nonsal"/>
		<feat xlink:href="#sSpan38" value="nonsal"/>
		<feat xlink:href="#sSpan40" value="nonsal"/>
		<feat xlink:href="#sSpan45" value="nonsal"/>
		<feat xlink:href="#sSpan46" value="nonsal"/>
		<feat xlink:href="#sSpan48" value="nonsal"/>
		<feat xlink:href="#sSpan49" value="nonsal"/>
		<feat xlink:href="#sSpan50" value="nonsal"/>
		<feat xlink:href="#sSpan52" value="sal"/>
		<feat xlink:href="#sSpan53" value="nonsal"/>
		<feat xlink:href="#sSpan54" value="sal"/>
		<feat xlink:href="#sSpan56" value="sal"/>
		<feat xlink:href="#sSpan57" value="nonsal"/>
		<feat xlink:href="#sSpan58" value="nonsal"/>
		<feat xlink:href="#sSpan59" value="nonsal"/>
		<feat xlink:href="#sSpan60" value="nonsal"/>
		<feat xlink:href="#sSpan61" value="nonsal"/>
		<feat xlink:href="#sSpan62" value="nonsal"/>
		<feat xlink:href="#sSpan63" value="nonsal"/>
		<feat xlink:href="#sSpan67" value="nonsal"/>
		<feat xlink:href="#sSpan68" value="sal"/>
		<feat xlink:href="#sSpan70" value="nonsal"/>
		<feat xlink:href="#sSpan71" value="nonsal"/>
		<feat xlink:href="#sSpan75" value="nonsal"/>
		<feat xlink:href="#sSpan76" value="nonsal"/>
		<feat xlink:href="#sSpan78" value="nonsal"/>
		<feat xlink:href="#sSpan82" value="nonsal"/>
		<feat xlink:href="#sSpan83" value="nonsal"/>
		<feat xlink:href="#sSpan85" value="nonsal"/>
		<feat xlink:href="#sSpan87" value="nonsal"/>
		<feat xlink:href="#sSpan90" value="sal"/>
		<feat xlink:href="#sSpan91" value="sal"/>
		<feat xlink:href="#sSpan92" value="sal"/>
		<feat xlink:href="#sSpan93" value="sal"/>
		<feat xlink:href="#sSpan95" value="sal"/>
		<feat xlink:href="#sSpan96" value="nonsal"/>
		<feat xlink:href="#sSpan97" value="nonsal"/>
		<feat xlink:href="#sSpan98" value="nonsal"/>
		<feat xlink:href="#sSpan100" value="sal"/>
		<feat xlink:href="#sSpan101" value="nonsal"/>
		<feat xlink:href="#sSpan102" value="nonsal"/>
		<feat xlink:href="#sSpan103" value="nonsal"/>
		<feat xlink:href="#sSpan106" value="nonsal"/>
		<feat xlink:href="#sSpan107" value="nonsal"/>
		<feat xlink:href="#sSpan108" value="sal"/>
		<feat xlink:href="#sSpan112" value="nonsal"/>
		<feat xlink:href="#sSpan114" value="nonsal"/>
		<feat xlink:href="#sSpan115" value="nonsal"/>
		<feat xlink:href="#sSpan117" value="nonsal"/>
		<feat xlink:href="#sSpan122" value="nonsal"/>
		<feat xlink:href="#sSpan123" value="nonsal"/>
		<feat xlink:href="#sSpan126" value="nonsal"/>
		<feat xlink:href="#sSpan129" value="nonsal"/>
		<feat xlink:href="#sSpan131" value="nonsal"/>
		<feat xlink:href="#sSpan134" value="nonsal"/>
		<feat xlink:href="#sSpan135" value="nonsal"/>
		<feat xlink:href="#sSpan136" value="sal"/>
		<feat xlink:href="#sSpan137" value="nonsal"/>
		<feat xlink:href="#sSpan138" value="nonsal"/>
		<feat xlink:href="#sSpan139" value="sal"/>
		<feat xlink:href="#sSpan140" value="sal"/>
		<feat xlink:href="#sSpan141" value="sal"/>
		<feat xlink:href="#sSpan143" value="nonsal"/>
		<feat xlink:href="#sSpan144" value="nonsal"/>
		<feat xlink:href="#sSpan146" value="nonsal"/>
		<feat xlink:href="#sSpan147" value="nonsal"/>
		<feat xlink:href="#sSpan148" value="nonsal"/>
		<feat xlink:href="#sSpan149" value="nonsal"/>
		<feat xlink:href="#sSpan150" value="nonsal"/>
		<feat xlink:href="#sSpan152" value="nonsal"/>
		<feat xlink:href="#sSpan155" value="nonsal"/>
		<feat xlink:href="#sSpan156" value="nonsal"/>
		<feat xlink:href="#sSpan157" value="nonsal"/>
		<feat xlink:href="#sSpan158" value="nonsal"/>
		<feat xlink:href="#sSpan159" value="nonsal"/>
		<feat xlink:href="#sSpan160" value="nonsal"/>
		<feat xlink:href="#sSpan161" value="nonsal"/>
		<feat xlink:href="#sSpan162" value="nonsal"/>
		<feat xlink:href="#sSpan164" value="nonsal"/>
		<feat xlink:href="#sSpan167" value="nonsal"/>
		<feat xlink:href="#sSpan168" value="nonsal"/>
		<feat xlink:href="#sSpan169" value="sal"/>
		<feat xlink:href="#sSpan171" value="nonsal"/>
		<feat xlink:href="#sSpan173" value="nonsal"/>
		<feat xlink:href="#sSpan176" value="nonsal"/>
		<feat xlink:href="#sSpan177" value="nonsal"/>
		<feat xlink:href="#sSpan182" value="nonsal"/>
		<feat xlink:href="#sSpan183" value="sal"/>
		<feat xlink:href="#sSpan184" value="nonsal"/>
		<feat xlink:href="#sSpan186" value="nonsal"/>
		<feat xlink:href="#sSpan187" value="nonsal"/>
		<feat xlink:href="#sSpan188" value="sal"/>
		<feat xlink:href="#sSpan189" value="sal"/>
		<feat xlink:href="#sSpan193" value="nonsal"/>
		<feat xlink:href="#sSpan194" value="sal"/>
		<feat xlink:href="#sSpan196" value="nonsal"/>
		<feat xlink:href="#sSpan197" value="nonsal"/>
		<feat xlink:href="#sSpan198" value="sal"/>
		<feat xlink:href="#sSpan201" value="nonsal"/>
		<feat xlink:href="#sSpan202" value="nonsal"/>
		<feat xlink:href="#sSpan203" value="nonsal"/>
		<feat xlink:href="#sSpan204" value="nonsal"/>
		<feat xlink:href="#sSpan205" value="nonsal"/>
		<feat xlink:href="#sSpan209" value="nonsal"/>
		<feat xlink:href="#sSpan211" value="nonsal"/>
		<feat xlink:href="#sSpan213" value="nonsal"/>
		<feat xlink:href="#sSpan215" value="nonsal"/>
		<feat xlink:href="#sSpan216" value="nonsal"/>
		<feat xlink:href="#sSpan220" value="sal"/>
		<feat xlink:href="#sSpan221" value="nonsal"/>
		<feat xlink:href="#sSpan222" value="sal"/>
		<feat xlink:href="#sSpan224" value="nonsal"/>
		<feat xlink:href="#sSpan225" value="sal"/>
		<feat xlink:href="#sSpan229" value="nonsal"/>
		<feat xlink:href="#sSpan230" value="nonsal"/>
		<feat xlink:href="#sSpan231" value="nonsal"/>
		<feat xlink:href="#sSpan232" value="nonsal"/>
		<feat xlink:href="#sSpan233" value="nonsal"/>
		<feat xlink:href="#sSpan234" value="nonsal"/>
		<feat xlink:href="#sSpan237" value="nonsal"/>
		<feat xlink:href="#sSpan239" value="nonsal"/>
		<feat xlink:href="#sSpan241" value="nonsal"/>
		<feat xlink:href="#sSpan248" value="sal"/>
		<feat xlink:href="#sSpan249" value="nonsal"/>
		<feat xlink:href="#sSpan251" value="nonsal"/>
		<feat xlink:href="#sSpan252" value="nonsal"/>
		<feat xlink:href="#sSpan253" value="nonsal"/>
		<feat xlink:href="#sSpan254" value="nonsal"/>
		<feat xlink:href="#sSpan255" value="nonsal"/>
		<feat xlink:href="#sSpan256" value="nonsal"/>
		<feat xlink:href="#sSpan258" value="nonsal"/>
		<feat xlink:href="#sSpan259" value="sal"/>
		<feat xlink:href="#sSpan260" value="nonsal"/>
		<feat xlink:href="#sSpan263" value="nonsal"/>
		<feat xlink:href="#sSpan264" value="nonsal"/>
		<feat xlink:href="#sSpan265" value="nonsal"/>
		<feat xlink:href="#sSpan266" value="nonsal"/>
		<feat xlink:href="#sSpan267" value="nonsal"/>
		<feat xlink:href="#sSpan272" value="nonsal"/>
		<feat xlink:href="#sSpan273" value="nonsal"/>
		<feat xlink:href="#sSpan275" value="nonsal"/>
		<feat xlink:href="#sSpan277" value="nonsal"/>
		<feat xlink:href="#sSpan279" value="nonsal"/>
		<feat xlink:href="#sSpan287" value="nonsal"/>
		<feat xlink:href="#sSpan288" value="nonsal"/>
		<feat xlink:href="#sSpan289" value="nonsal"/>
		<feat xlink:href="#sSpan290" value="nonsal"/>
		<feat xlink:href="#sSpan292" value="nonsal"/>
		<feat xlink:href="#sSpan294" value="nonsal"/>
		<feat xlink:href="#sSpan296" value="nonsal"/>
		<feat xlink:href="#sSpan298" value="nonsal"/>
		<feat xlink:href="#sSpan300" value="nonsal"/>
		<feat xlink:href="#sSpan301" value="nonsal"/>
		<feat xlink:href="#sSpan303" value="nonsal"/>
		<feat xlink:href="#sSpan304" value="nonsal"/>
		<feat xlink:href="#sSpan307" value="sal"/>
		<feat xlink:href="#sSpan308" value="sal"/>
		<feat xlink:href="#sSpan309" value="nonsal"/>
		<feat xlink:href="#sSpan310" value="nonsal"/>
		<feat xlink:href="#sSpan311" value="nonsal"/>
		<feat xlink:href="#sSpan317" value="nonsal"/>
		<feat xlink:href="#sSpan318" value="nonsal"/>
		<feat xlink:href="#sSpan319" value="nonsal"/>
		<feat xlink:href="#sSpan321" value="nonsal"/>
		<feat xlink:href="#sSpan323" value="sal"/>
		<feat xlink:href="#sSpan325" value="sal"/>
		<feat xlink:href="#sSpan326" value="nonsal"/>
		<feat xlink:href="#sSpan327" value="nonsal"/>
		<feat xlink:href="#sSpan330" value="sal"/>
		<feat xlink:href="#sSpan331" value="nonsal"/>
		<feat xlink:href="#sSpan332" value="nonsal"/>
		<feat xlink:href="#sSpan333" value="sal"/>
		<feat xlink:href="#sSpan334" value="nonsal"/>
		<feat xlink:href="#sSpan336" value="sal"/>
		<feat xlink:href="#sSpan338" value="nonsal"/>
		<feat xlink:href="#sSpan339" value="nonsal"/>
		<feat xlink:href="#sSpan341" value="nonsal"/>
		<feat xlink:href="#sSpan343" value="nonsal"/>
		<feat xlink:href="#sSpan344" value="nonsal"/>
		<feat xlink:href="#sSpan348" value="nonsal"/>
		<feat xlink:href="#sSpan349" value="nonsal"/>
		<feat xlink:href="#sSpan350" value="sal"/>
		<feat xlink:href="#sSpan351" value="nonsal"/>
		<feat xlink:href="#sSpan360" value="nonsal"/>
		<feat xlink:href="#sSpan361" value="nonsal"/>
		<feat xlink:href="#sSpan363" value="sal"/>
		<feat xlink:href="#sSpan364" value="nonsal"/>
		<feat xlink:href="#sSpan366" value="nonsal"/>
		<feat xlink:href="#sSpan367" value="sal"/>
		<feat xlink:href="#sSpan368" value="nonsal"/>
		<feat xlink:href="#sSpan369" value="nonsal"/>
		<feat xlink:href="#sSpan370" value="nonsal"/>
		<feat xlink:href="#sSpan371" value="nonsal"/>
		<feat xlink:href="#sSpan372" value="sal"/>
		<feat xlink:href="#sSpan373" value="sal"/>
		<feat xlink:href="#sSpan374" value="nonsal"/>
		<feat xlink:href="#sSpan375" value="sal"/>
		<feat xlink:href="#sSpan376" value="nonsal"/>
		<feat xlink:href="#sSpan377" value="nonsal"/>
		<feat xlink:href="#sSpan378" value="nonsal"/>
		<feat xlink:href="#sSpan379" value="nonsal"/>
		<feat xlink:href="#sSpan380" value="sal"/>
		<feat xlink:href="#sSpan384" value="nonsal"/>
		<feat xlink:href="#sSpan385" value="nonsal"/>
		<feat xlink:href="#sSpan386" value="nonsal"/>
		<feat xlink:href="#sSpan389" value="sal"/>
		<feat xlink:href="#sSpan394" value="nonsal"/>
		<feat xlink:href="#sSpan400" value="nonsal"/>
		<feat xlink:href="#sSpan402" value="nonsal"/>
		<feat xlink:href="#sSpan404" value="nonsal"/>
		<feat xlink:href="#sSpan408" value="nonsal"/>
		<feat xlink:href="#sSpan411" value="nonsal"/>
		<feat xlink:href="#sSpan414" value="nonsal"/>
		<feat xlink:href="#sSpan415" value="nonsal"/>
		<feat xlink:href="#sSpan416" value="sal"/>
		<feat xlink:href="#sSpan417" value="nonsal"/>
		<feat xlink:href="#sSpan418" value="nonsal"/>
		<feat xlink:href="#sSpan419" value="nonsal"/>
		<feat xlink:href="#sSpan420" value="nonsal"/>
		<feat xlink:href="#sSpan421" value="nonsal"/>
		<feat xlink:href="#sSpan422" value="nonsal"/>
		<feat xlink:href="#sSpan423" value="nonsal"/>
		<feat xlink:href="#sSpan424" value="nonsal"/>
		<feat xlink:href="#sSpan425" value="nonsal"/>
		<feat xlink:href="#sSpan426" value="nonsal"/>
		<feat xlink:href="#sSpan427" value="nonsal"/>
		<feat xlink:href="#sSpan428" value="nonsal"/>
		<feat xlink:href="#sSpan429" value="nonsal"/>
		<feat xlink:href="#sSpan430" value="nonsal"/>
		<feat xlink:href="#sSpan431" value="nonsal"/></featList></paula>