<?xml version='1.0' encoding='UTF-8'?><!DOCTYPE paula SYSTEM "paula_mark.dtd">
<paula version="1.1">
	<header paula_id="ref.GUM_academic_art.mark"/>
	<markList xmlns:xlink="http://www.w3.org/1999/xlink" type="ref" xml:base="GUM_academic_art.tok.xml">
		<!--Aesthetic Appreciation-->
		<mark id="sSpan1" xlink:href="#sTok1 #sTok2"/>
		<!--and-->
		<mark id="sSpan2" xlink:href="#sTok3"/>
		<!--Spanish Art-->
		<mark id="sSpan3" xlink:href="#sTok4 #sTok5"/>
		<!--:-->
		<mark id="sSpan4" xlink:href="#sTok6"/>
		<!--Insights from Eye - Tracking-->
		<mark id="sSpan5" xlink:href="#sTok7 #sTok8 #sTok9 #sTok10 #sTok11"/>
		<!--Eye - Tracking-->
		<mark id="sSpan6" xlink:href="#sTok9 #sTok10 #sTok11"/>
		<!--Eye-->
		<mark id="sSpan7" xlink:href="#sTok9"/>
		<!--Claire Bailey - Ross-->
		<mark id="sSpan8" xlink:href="#sTok12 #sTok13 #sTok14 #sTok15"/>
		<!--claire.bailey-ross@port.ac.uk-->
		<mark id="sSpan9" xlink:href="#sTok16"/>
		<!--University of Portsmouth , United Kingdom-->
		<mark id="sSpan10" xlink:href="#sTok17 #sTok18 #sTok19 #sTok20 #sTok21 #sTok22"/>
		<!--Portsmouth , United Kingdom-->
		<mark id="sSpan11" xlink:href="#sTok19 #sTok20 #sTok21 #sTok22"/>
		<!--United Kingdom-->
		<mark id="sSpan12" xlink:href="#sTok21 #sTok22"/>
		<!--Andrew Beresford-->
		<mark id="sSpan13" xlink:href="#sTok23 #sTok24"/>
		<!--a.m.beresford@durham.ac.uk-->
		<mark id="sSpan14" xlink:href="#sTok25"/>
		<!--Durham University , United Kingdom-->
		<mark id="sSpan15" xlink:href="#sTok26 #sTok27 #sTok28 #sTok29 #sTok30"/>
		<!--Durham-->
		<mark id="sSpan16" xlink:href="#sTok26"/>
		<!--United Kingdom-->
		<mark id="sSpan17" xlink:href="#sTok29 #sTok30"/>
		<!--Daniel Smith-->
		<mark id="sSpan18" xlink:href="#sTok31 #sTok32"/>
		<!--daniel.smith2@durham.ac.uk-->
		<mark id="sSpan19" xlink:href="#sTok33"/>
		<!--Durham University , United Kingdom-->
		<mark id="sSpan20" xlink:href="#sTok34 #sTok35 #sTok36 #sTok37 #sTok38"/>
		<!--Durham-->
		<mark id="sSpan21" xlink:href="#sTok34"/>
		<!--United Kingdom-->
		<mark id="sSpan22" xlink:href="#sTok37 #sTok38"/>
		<!--Claire Warwick-->
		<mark id="sSpan23" xlink:href="#sTok39 #sTok40"/>
		<!--c.l.h.warwick@durham.ac.uk-->
		<mark id="sSpan24" xlink:href="#sTok41"/>
		<!--Durham University , United Kingdom-->
		<mark id="sSpan25" xlink:href="#sTok42 #sTok43 #sTok44 #sTok45 #sTok46"/>
		<!--Durham-->
		<mark id="sSpan26" xlink:href="#sTok42"/>
		<!--United Kingdom-->
		<mark id="sSpan27" xlink:href="#sTok45 #sTok46"/>
		<!--How-->
		<mark id="sSpan28" xlink:href="#sTok47"/>
		<!--do-->
		<mark id="sSpan29" xlink:href="#sTok48"/>
		<!--people-->
		<mark id="sSpan30" xlink:href="#sTok49"/>
		<!--look-->
		<mark id="sSpan31" xlink:href="#sTok50"/>
		<!--at-->
		<mark id="sSpan32" xlink:href="#sTok51"/>
		<!--and-->
		<mark id="sSpan33" xlink:href="#sTok52"/>
		<!--experience-->
		<mark id="sSpan34" xlink:href="#sTok53"/>
		<!--art-->
		<mark id="sSpan35" xlink:href="#sTok54"/>
		<!--?-->
		<mark id="sSpan36" xlink:href="#sTok55"/>
		<!--Which elements of specific artworks-->
		<mark id="sSpan37" xlink:href="#sTok56 #sTok57 #sTok58 #sTok59 #sTok60"/>
		<!--specific artworks-->
		<mark id="sSpan38" xlink:href="#sTok59 #sTok60"/>
		<!--do-->
		<mark id="sSpan39" xlink:href="#sTok61"/>
		<!--they-->
		<mark id="sSpan40" xlink:href="#sTok62"/>
		<!--focus-->
		<mark id="sSpan41" xlink:href="#sTok63"/>
		<!--on-->
		<mark id="sSpan42" xlink:href="#sTok64"/>
		<!--?-->
		<mark id="sSpan43" xlink:href="#sTok65"/>
		<!--Do-->
		<mark id="sSpan44" xlink:href="#sTok66"/>
		<!--museum labels-->
		<mark id="sSpan45" xlink:href="#sTok67 #sTok68"/>
		<!--museum-->
		<mark id="sSpan46" xlink:href="#sTok67"/>
		<!--have-->
		<mark id="sSpan47" xlink:href="#sTok69"/>
		<!--an impact on how people look at artworks-->
		<mark id="sSpan48" xlink:href="#sTok70 #sTok71 #sTok72 #sTok73 #sTok74 #sTok75 #sTok76 #sTok77"/>
		<!--people-->
		<mark id="sSpan49" xlink:href="#sTok74"/>
		<!--artworks-->
		<mark id="sSpan50" xlink:href="#sTok77"/>
		<!--?-->
		<mark id="sSpan51" xlink:href="#sTok78"/>
		<!--The viewing experience of art-->
		<mark id="sSpan52" xlink:href="#sTok79 #sTok80 #sTok81 #sTok82 #sTok83"/>
		<!--viewing-->
		<mark id="sSpan53" xlink:href="#sTok80"/>
		<!--art-->
		<mark id="sSpan54" xlink:href="#sTok83"/>
		<!--is-->
		<mark id="sSpan55" xlink:href="#sTok84"/>
		<!--a complex one , involving issues of perception , attention , memory , decision - making , affect , and emotion-->
		<mark id="sSpan56" xlink:href="#sTok85 #sTok86 #sTok87 #sTok88 #sTok89 #sTok90 #sTok91 #sTok92 #sTok93 #sTok94 #sTok95 #sTok96 #sTok97 #sTok98 #sTok99 #sTok100 #sTok101 #sTok102 #sTok103 #sTok104 #sTok105"/>
		<!--issues of perception , attention , memory , decision - making , affect , and emotion-->
		<mark id="sSpan57" xlink:href="#sTok90 #sTok91 #sTok92 #sTok93 #sTok94 #sTok95 #sTok96 #sTok97 #sTok98 #sTok99 #sTok100 #sTok101 #sTok102 #sTok103 #sTok104 #sTok105"/>
		<!--perception-->
		<mark id="sSpan58" xlink:href="#sTok92"/>
		<!--attention-->
		<mark id="sSpan59" xlink:href="#sTok94"/>
		<!--memory-->
		<mark id="sSpan60" xlink:href="#sTok96"/>
		<!--decision - making-->
		<mark id="sSpan61" xlink:href="#sTok98 #sTok99 #sTok100"/>
		<!--affect-->
		<mark id="sSpan62" xlink:href="#sTok102"/>
		<!--emotion-->
		<mark id="sSpan63" xlink:href="#sTok105"/>
		<!--.-->
		<mark id="sSpan64" xlink:href="#sTok106"/>
		<!--Thus-->
		<mark id="sSpan65" xlink:href="#sTok107"/>
		<!--,-->
		<mark id="sSpan66" xlink:href="#sTok108"/>
		<!--the time it takes-->
		<mark id="sSpan67" xlink:href="#sTok109 #sTok110 #sTok111 #sTok112"/>
		<!--it-->
		<mark id="sSpan68" xlink:href="#sTok111"/>
		<!--and-->
		<mark id="sSpan69" xlink:href="#sTok113"/>
		<!--the ways of visually exploring an artwork-->
		<mark id="sSpan70" xlink:href="#sTok114 #sTok115 #sTok116 #sTok117 #sTok118 #sTok119 #sTok120"/>
		<!--an artwork-->
		<mark id="sSpan71" xlink:href="#sTok119 #sTok120"/>
		<!--can-->
		<mark id="sSpan72" xlink:href="#sTok121"/>
		<!--inform-->
		<mark id="sSpan73" xlink:href="#sTok122"/>
		<!--about-->
		<mark id="sSpan74" xlink:href="#sTok123"/>
		<!--its relevance-->
		<mark id="sSpan75" xlink:href="#sTok124 #sTok125"/>
		<!--its-->
		<mark id="sSpan76" xlink:href="#sTok124"/>
		<!--,-->
		<mark id="sSpan77" xlink:href="#sTok126"/>
		<!--interestingness-->
		<mark id="sSpan78" xlink:href="#sTok127"/>
		<!--,-->
		<mark id="sSpan79" xlink:href="#sTok128"/>
		<!--and-->
		<mark id="sSpan80" xlink:href="#sTok129"/>
		<!--even-->
		<mark id="sSpan81" xlink:href="#sTok130"/>
		<!--its aesthetic appeal-->
		<mark id="sSpan82" xlink:href="#sTok131 #sTok132 #sTok133"/>
		<!--its-->
		<mark id="sSpan83" xlink:href="#sTok131"/>
		<!--.-->
		<mark id="sSpan84" xlink:href="#sTok134"/>
		<!--This paper-->
		<mark id="sSpan85" xlink:href="#sTok135 #sTok136"/>
		<!--describes-->
		<mark id="sSpan86" xlink:href="#sTok137"/>
		<!--a collaborative pilot project-->
		<mark id="sSpan87" xlink:href="#sTok138 #sTok139 #sTok140 #sTok141"/>
		<!--focusing-->
		<mark id="sSpan88" xlink:href="#sTok142"/>
		<!--on-->
		<mark id="sSpan89" xlink:href="#sTok143"/>
		<!--a unique collection of 17th Century Zurbarán paintings-->
		<mark id="sSpan90" xlink:href="#sTok144 #sTok145 #sTok146 #sTok147 #sTok148 #sTok149 #sTok150 #sTok151"/>
		<!--17th Century Zurbarán paintings-->
		<mark id="sSpan91" xlink:href="#sTok148 #sTok149 #sTok150 #sTok151"/>
		<!--17th Century-->
		<mark id="sSpan92" xlink:href="#sTok148 #sTok149"/>
		<!--Zurbarán-->
		<mark id="sSpan93" xlink:href="#sTok150"/>
		<!--.-->
		<mark id="sSpan94" xlink:href="#sTok152"/>
		<!--The Jacob cycle at Auckland Castle-->
		<mark id="sSpan95" xlink:href="#sTok153 #sTok154 #sTok155 #sTok156 #sTok157 #sTok158"/>
		<!--Jacob-->
		<mark id="sSpan96" xlink:href="#sTok154"/>
		<!--Auckland Castle-->
		<mark id="sSpan97" xlink:href="#sTok157 #sTok158"/>
		<!--Auckland-->
		<mark id="sSpan98" xlink:href="#sTok157"/>
		<!--is-->
		<mark id="sSpan99" xlink:href="#sTok159"/>
		<!--the only UK example of a continental collection preserved in situ in purpose - built surroundings-->
		<mark id="sSpan100" xlink:href="#sTok160 #sTok161 #sTok162 #sTok163 #sTok164 #sTok165 #sTok166 #sTok167 #sTok168 #sTok169 #sTok170 #sTok171 #sTok172 #sTok173 #sTok174 #sTok175"/>
		<!--UK-->
		<mark id="sSpan101" xlink:href="#sTok162"/>
		<!--a continental collection preserved in situ in purpose - built surroundings-->
		<mark id="sSpan102" xlink:href="#sTok165 #sTok166 #sTok167 #sTok168 #sTok169 #sTok170 #sTok171 #sTok172 #sTok173 #sTok174 #sTok175"/>
		<!--purpose - built surroundings-->
		<mark id="sSpan103" xlink:href="#sTok172 #sTok173 #sTok174 #sTok175"/>
		<!--.-->
		<mark id="sSpan104" xlink:href="#sTok176"/>
		<!--While-->
		<mark id="sSpan105" xlink:href="#sTok177"/>
		<!--studies of the psychology of art-->
		<mark id="sSpan106" xlink:href="#sTok178 #sTok179 #sTok180 #sTok181 #sTok182 #sTok183"/>
		<!--the psychology of art-->
		<mark id="sSpan107" xlink:href="#sTok180 #sTok181 #sTok182 #sTok183"/>
		<!--art-->
		<mark id="sSpan108" xlink:href="#sTok183"/>
		<!--have-->
		<mark id="sSpan109" xlink:href="#sTok184"/>
		<!--focused-->
		<mark id="sSpan110" xlink:href="#sTok185"/>
		<!--on-->
		<mark id="sSpan111" xlink:href="#sTok186"/>
		<!--individual works-->
		<mark id="sSpan112" xlink:href="#sTok187 #sTok188"/>
		<!--and-->
		<mark id="sSpan113" xlink:href="#sTok189"/>
		<!--distinctions between representative / non-representative topics-->
		<mark id="sSpan114" xlink:href="#sTok190 #sTok191 #sTok192 #sTok193 #sTok194 #sTok195"/>
		<!--representative / non-representative topics-->
		<mark id="sSpan115" xlink:href="#sTok192 #sTok193 #sTok194 #sTok195"/>
		<!--,-->
		<mark id="sSpan116" xlink:href="#sTok196"/>
		<!--no work-->
		<mark id="sSpan117" xlink:href="#sTok197 #sTok198"/>
		<!--has-->
		<mark id="sSpan118" xlink:href="#sTok199"/>
		<!--been-->
		<mark id="sSpan119" xlink:href="#sTok200"/>
		<!--completed-->
		<mark id="sSpan120" xlink:href="#sTok201"/>
		<!--on-->
		<mark id="sSpan121" xlink:href="#sTok202"/>
		<!--the aesthetic appreciation of collections-->
		<mark id="sSpan122" xlink:href="#sTok203 #sTok204 #sTok205 #sTok206 #sTok207"/>
		<!--collections-->
		<mark id="sSpan123" xlink:href="#sTok207"/>
		<!--or-->
		<mark id="sSpan124" xlink:href="#sTok208"/>
		<!--of-->
		<mark id="sSpan125" xlink:href="#sTok209"/>
		<!--devotional themes-->
		<mark id="sSpan126" xlink:href="#sTok210 #sTok211"/>
		<!--.-->
		<mark id="sSpan127" xlink:href="#sTok212"/>
		<!--In-->
		<mark id="sSpan128" xlink:href="#sTok213"/>
		<!--this paper-->
		<mark id="sSpan129" xlink:href="#sTok214 #sTok215"/>
		<!--,-->
		<mark id="sSpan130" xlink:href="#sTok216"/>
		<!--we-->
		<mark id="sSpan131" xlink:href="#sTok217"/>
		<!--report-->
		<mark id="sSpan132" xlink:href="#sTok218"/>
		<!--upon-->
		<mark id="sSpan133" xlink:href="#sTok219"/>
		<!--the novel insights eye - tracking techniques have provided into the unconscious processes of viewing the unique collection of Zurbarán artworks-->
		<mark id="sSpan134" xlink:href="#sTok220 #sTok221 #sTok222 #sTok223 #sTok224 #sTok225 #sTok226 #sTok227 #sTok228 #sTok229 #sTok230 #sTok231 #sTok232 #sTok233 #sTok234 #sTok235 #sTok236 #sTok237 #sTok238 #sTok239 #sTok240"/>
		<!--eye - tracking techniques-->
		<mark id="sSpan135" xlink:href="#sTok223 #sTok224 #sTok225 #sTok226"/>
		<!--eye - tracking-->
		<mark id="sSpan136" xlink:href="#sTok223 #sTok224 #sTok225"/>
		<!--eye-->
		<mark id="sSpan137" xlink:href="#sTok223"/>
		<!--the unconscious processes of viewing the unique collection of Zurbarán artworks-->
		<mark id="sSpan138" xlink:href="#sTok230 #sTok231 #sTok232 #sTok233 #sTok234 #sTok235 #sTok236 #sTok237 #sTok238 #sTok239 #sTok240"/>
		<!--the unique collection of Zurbarán artworks-->
		<mark id="sSpan139" xlink:href="#sTok235 #sTok236 #sTok237 #sTok238 #sTok239 #sTok240"/>
		<!--Zurbarán artworks-->
		<mark id="sSpan140" xlink:href="#sTok239 #sTok240"/>
		<!--Zurbarán-->
		<mark id="sSpan141" xlink:href="#sTok239"/>
		<!--.-->
		<mark id="sSpan142" xlink:href="#sTok241"/>
		<!--The purpose of this pilot study-->
		<mark id="sSpan143" xlink:href="#sTok242 #sTok243 #sTok244 #sTok245 #sTok246 #sTok247"/>
		<!--this pilot study-->
		<mark id="sSpan144" xlink:href="#sTok245 #sTok246 #sTok247"/>
		<!--was-->
		<mark id="sSpan145" xlink:href="#sTok248"/>
		<!--to assess the effects of different written interpretation on the visual exploration of artworks-->
		<mark id="sSpan146" xlink:href="#sTok249 #sTok250 #sTok251 #sTok252 #sTok253 #sTok254 #sTok255 #sTok256 #sTok257 #sTok258 #sTok259 #sTok260 #sTok261 #sTok262"/>
		<!--the effects of different written interpretation on the visual exploration of artworks-->
		<mark id="sSpan147" xlink:href="#sTok251 #sTok252 #sTok253 #sTok254 #sTok255 #sTok256 #sTok257 #sTok258 #sTok259 #sTok260 #sTok261 #sTok262"/>
		<!--different written interpretation-->
		<mark id="sSpan148" xlink:href="#sTok254 #sTok255 #sTok256"/>
		<!--the visual exploration of artworks-->
		<mark id="sSpan149" xlink:href="#sTok258 #sTok259 #sTok260 #sTok261 #sTok262"/>
		<!--artworks-->
		<mark id="sSpan150" xlink:href="#sTok262"/>
		<!--.-->
		<mark id="sSpan151" xlink:href="#sTok263"/>
		<!--We-->
		<mark id="sSpan152" xlink:href="#sTok264"/>
		<!--will-->
		<mark id="sSpan153" xlink:href="#sTok265"/>
		<!--discuss-->
		<mark id="sSpan154" xlink:href="#sTok266"/>
		<!--the potential implications of these techniques and our understanding of visual behaviours on museum and gallery practice-->
		<mark id="sSpan155" xlink:href="#sTok267 #sTok268 #sTok269 #sTok270 #sTok271 #sTok272 #sTok273 #sTok274 #sTok275 #sTok276 #sTok277 #sTok278 #sTok279 #sTok280 #sTok281 #sTok282 #sTok283"/>
		<!--these techniques-->
		<mark id="sSpan156" xlink:href="#sTok271 #sTok272"/>
		<!--our understanding of visual behaviours-->
		<mark id="sSpan157" xlink:href="#sTok274 #sTok275 #sTok276 #sTok277 #sTok278"/>
		<!--our-->
		<mark id="sSpan158" xlink:href="#sTok274"/>
		<!--visual behaviours-->
		<mark id="sSpan159" xlink:href="#sTok277 #sTok278"/>
		<!--museum and gallery practice-->
		<mark id="sSpan160" xlink:href="#sTok280 #sTok281 #sTok282 #sTok283"/>
		<!--museum-->
		<mark id="sSpan161" xlink:href="#sTok280"/>
		<!--gallery-->
		<mark id="sSpan162" xlink:href="#sTok282"/>
		<!--.-->
		<mark id="sSpan163" xlink:href="#sTok284"/>
		<!--The project-->
		<mark id="sSpan164" xlink:href="#sTok285 #sTok286"/>
		<!--brings-->
		<mark id="sSpan165" xlink:href="#sTok287"/>
		<!--together-->
		<mark id="sSpan166" xlink:href="#sTok288"/>
		<!--established research strengths in Spanish art history-->
		<mark id="sSpan167" xlink:href="#sTok289 #sTok290 #sTok291 #sTok292 #sTok293 #sTok294 #sTok295"/>
		<!--Spanish art history-->
		<mark id="sSpan168" xlink:href="#sTok293 #sTok294 #sTok295"/>
		<!--art-->
		<mark id="sSpan169" xlink:href="#sTok294"/>
		<!--,-->
		<mark id="sSpan170" xlink:href="#sTok296"/>
		<!--experimental psychology-->
		<mark id="sSpan171" xlink:href="#sTok297 #sTok298"/>
		<!--,-->
		<mark id="sSpan172" xlink:href="#sTok299"/>
		<!--digital humanities-->
		<mark id="sSpan173" xlink:href="#sTok300 #sTok301"/>
		<!--,-->
		<mark id="sSpan174" xlink:href="#sTok302"/>
		<!--and-->
		<mark id="sSpan175" xlink:href="#sTok303"/>
		<!--museum studies-->
		<mark id="sSpan176" xlink:href="#sTok304 #sTok305"/>
		<!--museum-->
		<mark id="sSpan177" xlink:href="#sTok304"/>
		<!--to-->
		<mark id="sSpan178" xlink:href="#sTok306"/>
		<!--explore-->
		<mark id="sSpan179" xlink:href="#sTok307"/>
		<!--,-->
		<mark id="sSpan180" xlink:href="#sTok308"/>
		<!--using-->
		<mark id="sSpan181" xlink:href="#sTok309"/>
		<!--eye - tracking techniques-->
		<mark id="sSpan182" xlink:href="#sTok310 #sTok311 #sTok312 #sTok313"/>
		<!--eye - tracking-->
		<mark id="sSpan183" xlink:href="#sTok310 #sTok311 #sTok312"/>
		<!--eye-->
		<mark id="sSpan184" xlink:href="#sTok310"/>
		<!--,-->
		<mark id="sSpan185" xlink:href="#sTok314"/>
		<!--aesthetic reactions to digital representations of the individual Zurbarán artworks-->
		<mark id="sSpan186" xlink:href="#sTok315 #sTok316 #sTok317 #sTok318 #sTok319 #sTok320 #sTok321 #sTok322 #sTok323 #sTok324"/>
		<!--digital representations of the individual Zurbarán artworks-->
		<mark id="sSpan187" xlink:href="#sTok318 #sTok319 #sTok320 #sTok321 #sTok322 #sTok323 #sTok324"/>
		<!--the individual Zurbarán artworks-->
		<mark id="sSpan188" xlink:href="#sTok321 #sTok322 #sTok323 #sTok324"/>
		<!--Zurbarán-->
		<mark id="sSpan189" xlink:href="#sTok323"/>
		<!--as-->
		<mark id="sSpan190" xlink:href="#sTok325"/>
		<!--well-->
		<mark id="sSpan191" xlink:href="#sTok326"/>
		<!--as-->
		<mark id="sSpan192" xlink:href="#sTok327"/>
		<!--the significance of the collection as a whole-->
		<mark id="sSpan193" xlink:href="#sTok328 #sTok329 #sTok330 #sTok331 #sTok332 #sTok333 #sTok334 #sTok335"/>
		<!--the collection-->
		<mark id="sSpan194" xlink:href="#sTok331 #sTok332"/>
		<!--.-->
		<mark id="sSpan195" xlink:href="#sTok336"/>
		<!--Our experience of art-->
		<mark id="sSpan196" xlink:href="#sTok337 #sTok338 #sTok339 #sTok340"/>
		<!--Our-->
		<mark id="sSpan197" xlink:href="#sTok337"/>
		<!--art-->
		<mark id="sSpan198" xlink:href="#sTok340"/>
		<!--develops-->
		<mark id="sSpan199" xlink:href="#sTok341"/>
		<!--from-->
		<mark id="sSpan200" xlink:href="#sTok342"/>
		<!--the interaction of several cognitive and affective processes ; the beginning of which is a visual scan of the artwork-->
		<mark id="sSpan201" xlink:href="#sTok343 #sTok344 #sTok345 #sTok346 #sTok347 #sTok348 #sTok349 #sTok350 #sTok351 #sTok352 #sTok353 #sTok354 #sTok355 #sTok356 #sTok357 #sTok358 #sTok359 #sTok360 #sTok361 #sTok362"/>
		<!--several cognitive and affective processes ; the beginning of which is a visual scan of the artwork-->
		<mark id="sSpan202" xlink:href="#sTok346 #sTok347 #sTok348 #sTok349 #sTok350 #sTok351 #sTok352 #sTok353 #sTok354 #sTok355 #sTok356 #sTok357 #sTok358 #sTok359 #sTok360 #sTok361 #sTok362"/>
		<!--the beginning of which-->
		<mark id="sSpan203" xlink:href="#sTok352 #sTok353 #sTok354 #sTok355"/>
		<!--a visual scan of the artwork-->
		<mark id="sSpan204" xlink:href="#sTok357 #sTok358 #sTok359 #sTok360 #sTok361 #sTok362"/>
		<!--the artwork-->
		<mark id="sSpan205" xlink:href="#sTok361 #sTok362"/>
		<!--.-->
		<mark id="sSpan206" xlink:href="#sTok363"/>
		<!--When-->
		<mark id="sSpan207" xlink:href="#sTok364"/>
		<!--regarding-->
		<mark id="sSpan208" xlink:href="#sTok365"/>
		<!--an artwork-->
		<mark id="sSpan209" xlink:href="#sTok366 #sTok367"/>
		<!--,-->
		<mark id="sSpan210" xlink:href="#sTok368"/>
		<!--a viewer-->
		<mark id="sSpan211" xlink:href="#sTok369 #sTok370"/>
		<!--gathers-->
		<mark id="sSpan212" xlink:href="#sTok371"/>
		<!--information-->
		<mark id="sSpan213" xlink:href="#sTok372"/>
		<!--through-->
		<mark id="sSpan214" xlink:href="#sTok373"/>
		<!--a series fixations-->
		<mark id="sSpan215" xlink:href="#sTok374 #sTok375 #sTok376"/>
		<!--fixations-->
		<mark id="sSpan216" xlink:href="#sTok376"/>
		<!--,-->
		<mark id="sSpan217" xlink:href="#sTok377"/>
		<!--interspersed-->
		<mark id="sSpan218" xlink:href="#sTok378"/>
		<!--by-->
		<mark id="sSpan219" xlink:href="#sTok379"/>
		<!--rapid movements of the eye called saccades-->
		<mark id="sSpan220" xlink:href="#sTok380 #sTok381 #sTok382 #sTok383 #sTok384 #sTok385 #sTok386"/>
		<!--the eye-->
		<mark id="sSpan221" xlink:href="#sTok383 #sTok384"/>
		<!--saccades-->
		<mark id="sSpan222" xlink:href="#sTok386"/>
		<!--.-->
		<mark id="sSpan223" xlink:href="#sTok387"/>
		<!--The direction of saccades-->
		<mark id="sSpan224" xlink:href="#sTok388 #sTok389 #sTok390 #sTok391"/>
		<!--saccades-->
		<mark id="sSpan225" xlink:href="#sTok391"/>
		<!--is-->
		<mark id="sSpan226" xlink:href="#sTok392"/>
		<!--determined-->
		<mark id="sSpan227" xlink:href="#sTok393"/>
		<!--by-->
		<mark id="sSpan228" xlink:href="#sTok394"/>
		<!--an interaction between the goals of the observer and the physical properties of the different elements of the scene-->
		<mark id="sSpan229" xlink:href="#sTok395 #sTok396 #sTok397 #sTok398 #sTok399 #sTok400 #sTok401 #sTok402 #sTok403 #sTok404 #sTok405 #sTok406 #sTok407 #sTok408 #sTok409 #sTok410 #sTok411 #sTok412 #sTok413"/>
		<!--the goals of the observer-->
		<mark id="sSpan230" xlink:href="#sTok398 #sTok399 #sTok400 #sTok401 #sTok402"/>
		<!--the observer-->
		<mark id="sSpan231" xlink:href="#sTok401 #sTok402"/>
		<!--the physical properties of the different elements of the scene-->
		<mark id="sSpan232" xlink:href="#sTok404 #sTok405 #sTok406 #sTok407 #sTok408 #sTok409 #sTok410 #sTok411 #sTok412 #sTok413"/>
		<!--the different elements of the scene-->
		<mark id="sSpan233" xlink:href="#sTok408 #sTok409 #sTok410 #sTok411 #sTok412 #sTok413"/>
		<!--the scene-->
		<mark id="sSpan234" xlink:href="#sTok412 #sTok413"/>
		<!--(-->
		<mark id="sSpan235" xlink:href="#sTok414"/>
		<!--e.g.-->
		<mark id="sSpan236" xlink:href="#sTok415"/>
		<!--colour-->
		<mark id="sSpan237" xlink:href="#sTok416"/>
		<!--,-->
		<mark id="sSpan238" xlink:href="#sTok417"/>
		<!--texture-->
		<mark id="sSpan239" xlink:href="#sTok418"/>
		<!--,-->
		<mark id="sSpan240" xlink:href="#sTok419"/>
		<!--brightness-->
		<mark id="sSpan241" xlink:href="#sTok420"/>
		<!--etc-->
		<mark id="sSpan242" xlink:href="#sTok421"/>
		<!--)-->
		<mark id="sSpan243" xlink:href="#sTok422"/>
		<!--.-->
		<mark id="sSpan244" xlink:href="#sTok423"/>
		<!--Importantly-->
		<mark id="sSpan245" xlink:href="#sTok424"/>
		<!--,-->
		<mark id="sSpan246" xlink:href="#sTok425"/>
		<!--studying-->
		<mark id="sSpan247" xlink:href="#sTok426"/>
		<!--eye movements-->
		<mark id="sSpan248" xlink:href="#sTok427 #sTok428"/>
		<!--eye-->
		<mark id="sSpan249" xlink:href="#sTok427"/>
		<!--offers-->
		<mark id="sSpan250" xlink:href="#sTok429"/>
		<!--an insight that does not depend on the participants ’ beliefs , memories or subjective impressions of the artwork-->
		<mark id="sSpan251" xlink:href="#sTok430 #sTok431 #sTok432 #sTok433 #sTok434 #sTok435 #sTok436 #sTok437 #sTok438 #sTok439 #sTok440 #sTok441 #sTok442 #sTok443 #sTok444 #sTok445 #sTok446 #sTok447 #sTok448"/>
		<!--the participants ’ beliefs-->
		<mark id="sSpan252" xlink:href="#sTok437 #sTok438 #sTok439 #sTok440"/>
		<!--the participants ’-->
		<mark id="sSpan253" xlink:href="#sTok437 #sTok438 #sTok439"/>
		<!--memories-->
		<mark id="sSpan254" xlink:href="#sTok442"/>
		<!--subjective impressions of the artwork-->
		<mark id="sSpan255" xlink:href="#sTok444 #sTok445 #sTok446 #sTok447 #sTok448"/>
		<!--the artwork-->
		<mark id="sSpan256" xlink:href="#sTok447 #sTok448"/>
		<!--.-->
		<mark id="sSpan257" xlink:href="#sTok449"/>
		<!--Previous eye tracking research-->
		<mark id="sSpan258" xlink:href="#sTok450 #sTok451 #sTok452 #sTok453"/>
		<!--eye tracking-->
		<mark id="sSpan259" xlink:href="#sTok451 #sTok452"/>
		<!--eye-->
		<mark id="sSpan260" xlink:href="#sTok451"/>
		<!--has-->
		<mark id="sSpan261" xlink:href="#sTok454"/>
		<!--highlighted-->
		<mark id="sSpan262" xlink:href="#sTok455"/>
		<!--the potential to transform the ways we understand visual processing in the arts-->
		<mark id="sSpan263" xlink:href="#sTok456 #sTok457 #sTok458 #sTok459 #sTok460 #sTok461 #sTok462 #sTok463 #sTok464 #sTok465 #sTok466 #sTok467 #sTok468"/>
		<!--the ways we understand visual processing in the arts-->
		<mark id="sSpan264" xlink:href="#sTok460 #sTok461 #sTok462 #sTok463 #sTok464 #sTok465 #sTok466 #sTok467 #sTok468"/>
		<!--we-->
		<mark id="sSpan265" xlink:href="#sTok462"/>
		<!--visual processing in the arts-->
		<mark id="sSpan266" xlink:href="#sTok464 #sTok465 #sTok466 #sTok467 #sTok468"/>
		<!--the arts-->
		<mark id="sSpan267" xlink:href="#sTok467 #sTok468"/>
		<!--(-->
		<mark id="sSpan268" xlink:href="#sTok469"/>
		<!--see-->
		<mark id="sSpan269" xlink:href="#sTok470"/>
		<!--for-->
		<mark id="sSpan270" xlink:href="#sTok471"/>
		<!--example-->
		<mark id="sSpan271" xlink:href="#sTok472"/>
		<!--Brieber-->
		<mark id="sSpan272" xlink:href="#sTok473"/>
		<!--2014-->
		<mark id="sSpan273" xlink:href="#sTok474"/>
		<!--;-->
		<mark id="sSpan274" xlink:href="#sTok475"/>
		<!--Binderman-->
		<mark id="sSpan275" xlink:href="#sTok476"/>
		<!--et-->
		<mark id="sSpan276" xlink:href="#sTok477"/>
		<!--al.-->
		<mark id="sSpan277" xlink:href="#sTok478"/>
		<!--,-->
		<mark id="sSpan278" xlink:href="#sTok479"/>
		<!--2005-->
		<mark id="sSpan279" xlink:href="#sTok480"/>
		<!--)-->
		<mark id="sSpan280" xlink:href="#sTok481"/>
		<!--and-->
		<mark id="sSpan281" xlink:href="#sTok482"/>
		<!--at-->
		<mark id="sSpan282" xlink:href="#sTok483"/>
		<!--the-->
		<mark id="sSpan283" xlink:href="#sTok484"/>
		<!--same-->
		<mark id="sSpan284" xlink:href="#sTok485"/>
		<!--time-->
		<mark id="sSpan285" xlink:href="#sTok486"/>
		<!--offers-->
		<mark id="sSpan286" xlink:href="#sTok487"/>
		<!--a direct way of studying several important factors of a museum visit-->
		<mark id="sSpan287" xlink:href="#sTok488 #sTok489 #sTok490 #sTok491 #sTok492 #sTok493 #sTok494 #sTok495 #sTok496 #sTok497 #sTok498 #sTok499"/>
		<!--several important factors of a museum visit-->
		<mark id="sSpan288" xlink:href="#sTok493 #sTok494 #sTok495 #sTok496 #sTok497 #sTok498 #sTok499"/>
		<!--a museum visit-->
		<mark id="sSpan289" xlink:href="#sTok497 #sTok498 #sTok499"/>
		<!--museum-->
		<mark id="sSpan290" xlink:href="#sTok498"/>
		<!--(-->
		<mark id="sSpan291" xlink:href="#sTok500"/>
		<!--Filippini Fantoni-->
		<mark id="sSpan292" xlink:href="#sTok501 #sTok502"/>
		<!--et-->
		<mark id="sSpan293" xlink:href="#sTok503"/>
		<!--al.-->
		<mark id="sSpan294" xlink:href="#sTok504"/>
		<!--,-->
		<mark id="sSpan295" xlink:href="#sTok505"/>
		<!--2013-->
		<mark id="sSpan296" xlink:href="#sTok506"/>
		<!--;-->
		<mark id="sSpan297" xlink:href="#sTok507"/>
		<!--Heidenreich-->
		<mark id="sSpan298" xlink:href="#sTok508"/>
		<!--&-->
		<mark id="sSpan299" xlink:href="#sTok509"/>
		<!--Turano-->
		<mark id="sSpan300" xlink:href="#sTok510"/>
		<!--2011-->
		<mark id="sSpan301" xlink:href="#sTok511"/>
		<!--;-->
		<mark id="sSpan302" xlink:href="#sTok512"/>
		<!--Milekic-->
		<mark id="sSpan303" xlink:href="#sTok513"/>
		<!--2010-->
		<mark id="sSpan304" xlink:href="#sTok514"/>
		<!--)-->
		<mark id="sSpan305" xlink:href="#sTok515"/>
		<!--.-->
		<mark id="sSpan306" xlink:href="#sTok516"/>
		<!--Zurbarán ’s cycle of Jacob and his Sons-->
		<mark id="sSpan307" xlink:href="#sTok517 #sTok518 #sTok519 #sTok520 #sTok521 #sTok522 #sTok523 #sTok524"/>
		<!--Zurbarán ’s-->
		<mark id="sSpan308" xlink:href="#sTok517 #sTok518"/>
		<!--Jacob-->
		<mark id="sSpan309" xlink:href="#sTok521"/>
		<!--his Sons-->
		<mark id="sSpan310" xlink:href="#sTok523 #sTok524"/>
		<!--his-->
		<mark id="sSpan311" xlink:href="#sTok523"/>
		<!--has-->
		<mark id="sSpan312" xlink:href="#sTok525"/>
		<!--been-->
		<mark id="sSpan313" xlink:href="#sTok526"/>
		<!--on-->
		<mark id="sSpan314" xlink:href="#sTok527"/>
		<!--display-->
		<mark id="sSpan315" xlink:href="#sTok528"/>
		<!--in-->
		<mark id="sSpan316" xlink:href="#sTok529"/>
		<!--the Long Room at Auckland Castle-->
		<mark id="sSpan317" xlink:href="#sTok530 #sTok531 #sTok532 #sTok533 #sTok534 #sTok535"/>
		<!--Auckland Castle-->
		<mark id="sSpan318" xlink:href="#sTok534 #sTok535"/>
		<!--Auckland-->
		<mark id="sSpan319" xlink:href="#sTok534"/>
		<!--for-->
		<mark id="sSpan320" xlink:href="#sTok536"/>
		<!--over 250 years-->
		<mark id="sSpan321" xlink:href="#sTok537 #sTok538 #sTok539"/>
		<!--.-->
		<mark id="sSpan322" xlink:href="#sTok540"/>
		<!--It-->
		<mark id="sSpan323" xlink:href="#sTok541"/>
		<!--is-->
		<mark id="sSpan324" xlink:href="#sTok542"/>
		<!--the only cycle to be preserved in purpose - built surroundings in the UK-->
		<mark id="sSpan325" xlink:href="#sTok543 #sTok544 #sTok545 #sTok546 #sTok547 #sTok548 #sTok549 #sTok550 #sTok551 #sTok552 #sTok553 #sTok554 #sTok555 #sTok556"/>
		<!--purpose - built surroundings in the UK-->
		<mark id="sSpan326" xlink:href="#sTok550 #sTok551 #sTok552 #sTok553 #sTok554 #sTok555 #sTok556"/>
		<!--the UK-->
		<mark id="sSpan327" xlink:href="#sTok555 #sTok556"/>
		<!--,-->
		<mark id="sSpan328" xlink:href="#sTok557"/>
		<!--and-->
		<mark id="sSpan329" xlink:href="#sTok558"/>
		<!--one of very few of its kind in the world-->
		<mark id="sSpan330" xlink:href="#sTok559 #sTok560 #sTok561 #sTok562 #sTok563 #sTok564 #sTok565 #sTok566 #sTok567 #sTok568"/>
		<!--very few of its kind in the world-->
		<mark id="sSpan331" xlink:href="#sTok561 #sTok562 #sTok563 #sTok564 #sTok565 #sTok566 #sTok567 #sTok568"/>
		<!--its kind in the world-->
		<mark id="sSpan332" xlink:href="#sTok564 #sTok565 #sTok566 #sTok567 #sTok568"/>
		<!--its-->
		<mark id="sSpan333" xlink:href="#sTok564"/>
		<!--the world-->
		<mark id="sSpan334" xlink:href="#sTok567 #sTok568"/>
		<!--.-->
		<mark id="sSpan335" xlink:href="#sTok569"/>
		<!--It-->
		<mark id="sSpan336" xlink:href="#sTok570"/>
		<!--has-->
		<mark id="sSpan337" xlink:href="#sTok571"/>
		<!--a long history in scholarship-->
		<mark id="sSpan338" xlink:href="#sTok572 #sTok573 #sTok574 #sTok575 #sTok576"/>
		<!--scholarship-->
		<mark id="sSpan339" xlink:href="#sTok576"/>
		<!--(-->
		<mark id="sSpan340" xlink:href="#sTok577"/>
		<!--Baron-->
		<mark id="sSpan341" xlink:href="#sTok578"/>
		<!--&-->
		<mark id="sSpan342" xlink:href="#sTok579"/>
		<!--Beresford-->
		<mark id="sSpan343" xlink:href="#sTok580"/>
		<!--2014-->
		<mark id="sSpan344" xlink:href="#sTok581"/>
		<!--)-->
		<mark id="sSpan345" xlink:href="#sTok582"/>
		<!--,-->
		<mark id="sSpan346" xlink:href="#sTok583"/>
		<!--but-->
		<mark id="sSpan347" xlink:href="#sTok584"/>
		<!--many key aspects of its production and significance-->
		<mark id="sSpan348" xlink:href="#sTok585 #sTok586 #sTok587 #sTok588 #sTok589 #sTok590 #sTok591 #sTok592"/>
		<!--its production-->
		<mark id="sSpan349" xlink:href="#sTok589 #sTok590"/>
		<!--its-->
		<mark id="sSpan350" xlink:href="#sTok589"/>
		<!--significance-->
		<mark id="sSpan351" xlink:href="#sTok592"/>
		<!--have-->
		<mark id="sSpan352" xlink:href="#sTok593"/>
		<!--not-->
		<mark id="sSpan353" xlink:href="#sTok594"/>
		<!--yet-->
		<mark id="sSpan354" xlink:href="#sTok595"/>
		<!--been-->
		<mark id="sSpan355" xlink:href="#sTok596"/>
		<!--fully-->
		<mark id="sSpan356" xlink:href="#sTok597"/>
		<!--understood-->
		<mark id="sSpan357" xlink:href="#sTok598"/>
		<!--.-->
		<mark id="sSpan358" xlink:href="#sTok599"/>
		<!--In-->
		<mark id="sSpan359" xlink:href="#sTok600"/>
		<!--this study-->
		<mark id="sSpan360" xlink:href="#sTok601 #sTok602"/>
		<!--we-->
		<mark id="sSpan361" xlink:href="#sTok603"/>
		<!--used-->
		<mark id="sSpan362" xlink:href="#sTok604"/>
		<!--eye - tracking-->
		<mark id="sSpan363" xlink:href="#sTok605 #sTok606 #sTok607"/>
		<!--eye-->
		<mark id="sSpan364" xlink:href="#sTok605"/>
		<!--in-->
		<mark id="sSpan365" xlink:href="#sTok608"/>
		<!--the first stage of exploring audience experience of the extensive Spanish art collections of County Durham , of which the 13 Zurbarán artworks ( there are actually only 12 Zurbarán artworks , the 13th Benjamin , is a copy by Arthur Pond ) are a key part of-->
		<mark id="sSpan366" xlink:href="#sTok609 #sTok610 #sTok611 #sTok612 #sTok613 #sTok614 #sTok615 #sTok616 #sTok617 #sTok618 #sTok619 #sTok620 #sTok621 #sTok622 #sTok623 #sTok624 #sTok625 #sTok626 #sTok627 #sTok628 #sTok629 #sTok630 #sTok631 #sTok632 #sTok633 #sTok634 #sTok635 #sTok636 #sTok637 #sTok638 #sTok639 #sTok640 #sTok641 #sTok642 #sTok643 #sTok644 #sTok645 #sTok646 #sTok647 #sTok648 #sTok649 #sTok650 #sTok651 #sTok652 #sTok653 #sTok654 #sTok655 #sTok656"/>
		<!--audience experience of the extensive Spanish art collections of County Durham , of which the 13 Zurbarán artworks ( there are actually only 12 Zurbarán artworks , the 13th Benjamin , is a copy by Arthur Pond ) are a key part of-->
		<mark id="sSpan367" xlink:href="#sTok614 #sTok615 #sTok616 #sTok617 #sTok618 #sTok619 #sTok620 #sTok621 #sTok622 #sTok623 #sTok624 #sTok625 #sTok626 #sTok627 #sTok628 #sTok629 #sTok630 #sTok631 #sTok632 #sTok633 #sTok634 #sTok635 #sTok636 #sTok637 #sTok638 #sTok639 #sTok640 #sTok641 #sTok642 #sTok643 #sTok644 #sTok645 #sTok646 #sTok647 #sTok648 #sTok649 #sTok650 #sTok651 #sTok652 #sTok653 #sTok654 #sTok655 #sTok656"/>
		<!--audience-->
		<mark id="sSpan368" xlink:href="#sTok614"/>
		<!--the extensive Spanish art collections of County Durham , of which the 13 Zurbarán artworks ( there are actually only 12 Zurbarán artworks , the 13th Benjamin , is a copy by Arthur Pond ) are a key part of-->
		<mark id="sSpan369" xlink:href="#sTok617 #sTok618 #sTok619 #sTok620 #sTok621 #sTok622 #sTok623 #sTok624 #sTok625 #sTok626 #sTok627 #sTok628 #sTok629 #sTok630 #sTok631 #sTok632 #sTok633 #sTok634 #sTok635 #sTok636 #sTok637 #sTok638 #sTok639 #sTok640 #sTok641 #sTok642 #sTok643 #sTok644 #sTok645 #sTok646 #sTok647 #sTok648 #sTok649 #sTok650 #sTok651 #sTok652 #sTok653 #sTok654 #sTok655 #sTok656"/>
		<!--Spanish art-->
		<mark id="sSpan370" xlink:href="#sTok619 #sTok620"/>
		<!--County Durham-->
		<mark id="sSpan371" xlink:href="#sTok623 #sTok624"/>
		<!--the 13 Zurbarán artworks-->
		<mark id="sSpan372" xlink:href="#sTok628 #sTok629 #sTok630 #sTok631"/>
		<!--Zurbarán-->
		<mark id="sSpan373" xlink:href="#sTok630"/>
		<!--only 12 Zurbarán artworks-->
		<mark id="sSpan374" xlink:href="#sTok636 #sTok637 #sTok638 #sTok639"/>
		<!--Zurbarán-->
		<mark id="sSpan375" xlink:href="#sTok638"/>
		<!--the 13th-->
		<mark id="sSpan376" xlink:href="#sTok641 #sTok642"/>
		<!--Benjamin-->
		<mark id="sSpan377" xlink:href="#sTok643"/>
		<!--a copy by Arthur Pond-->
		<mark id="sSpan378" xlink:href="#sTok646 #sTok647 #sTok648 #sTok649 #sTok650"/>
		<!--Arthur Pond-->
		<mark id="sSpan379" xlink:href="#sTok649 #sTok650"/>
		<!--a key part-->
		<mark id="sSpan380" xlink:href="#sTok653 #sTok654 #sTok655"/>
		<!--,-->
		<mark id="sSpan381" xlink:href="#sTok657"/>
		<!--to-->
		<mark id="sSpan382" xlink:href="#sTok658"/>
		<!--investigate-->
		<mark id="sSpan383" xlink:href="#sTok659"/>
		<!--the ways in which audiences look at Spanish art-->
		<mark id="sSpan384" xlink:href="#sTok660 #sTok661 #sTok662 #sTok663 #sTok664 #sTok665 #sTok666 #sTok667 #sTok668"/>
		<!--audiences-->
		<mark id="sSpan385" xlink:href="#sTok664"/>
		<!--Spanish art-->
		<mark id="sSpan386" xlink:href="#sTok667 #sTok668"/>
		<!--,-->
		<mark id="sSpan387" xlink:href="#sTok669"/>
		<!--how-->
		<mark id="sSpan388" xlink:href="#sTok670"/>
		<!--aesthetic experience-->
		<mark id="sSpan389" xlink:href="#sTok671 #sTok672"/>
		<!--is-->
		<mark id="sSpan390" xlink:href="#sTok673"/>
		<!--evaluated-->
		<mark id="sSpan391" xlink:href="#sTok674"/>
		<!--and-->
		<mark id="sSpan392" xlink:href="#sTok675"/>
		<!--whether-->
		<mark id="sSpan393" xlink:href="#sTok676"/>
		<!--audiences-->
		<mark id="sSpan394" xlink:href="#sTok677"/>
		<!--can-->
		<mark id="sSpan395" xlink:href="#sTok678"/>
		<!--be-->
		<mark id="sSpan396" xlink:href="#sTok679"/>
		<!--encouraged-->
		<mark id="sSpan397" xlink:href="#sTok680"/>
		<!--to-->
		<mark id="sSpan398" xlink:href="#sTok681"/>
		<!--approach-->
		<mark id="sSpan399" xlink:href="#sTok682"/>
		<!--art-->
		<mark id="sSpan400" xlink:href="#sTok683"/>
		<!--in-->
		<mark id="sSpan401" xlink:href="#sTok684"/>
		<!--different ways-->
		<mark id="sSpan402" xlink:href="#sTok685 #sTok686"/>
		<!--.-->
		<mark id="sSpan403" xlink:href="#sTok687"/>
		<!--This pilot project-->
		<mark id="sSpan404" xlink:href="#sTok688 #sTok689 #sTok690"/>
		<!--primarily-->
		<mark id="sSpan405" xlink:href="#sTok691"/>
		<!--investigated-->
		<mark id="sSpan406" xlink:href="#sTok692"/>
		<!--how-->
		<mark id="sSpan407" xlink:href="#sTok693"/>
		<!--participants-->
		<mark id="sSpan408" xlink:href="#sTok694"/>
		<!--visually-->
		<mark id="sSpan409" xlink:href="#sTok695"/>
		<!--explore-->
		<mark id="sSpan410" xlink:href="#sTok696"/>
		<!--artworks-->
		<mark id="sSpan411" xlink:href="#sTok697"/>
		<!--and-->
		<mark id="sSpan412" xlink:href="#sTok698"/>
		<!--provides-->
		<mark id="sSpan413" xlink:href="#sTok699"/>
		<!--new insights into the potential eye - tracking has to transform the ways we understand visual processing in arts and culture and at the same time offer a direct way of studying several important factors of a museum visit , namely to assess the effects of label characteristics on visitor visual behaviour-->
		<mark id="sSpan414" xlink:href="#sTok700 #sTok701 #sTok702 #sTok703 #sTok704 #sTok705 #sTok706 #sTok707 #sTok708 #sTok709 #sTok710 #sTok711 #sTok712 #sTok713 #sTok714 #sTok715 #sTok716 #sTok717 #sTok718 #sTok719 #sTok720 #sTok721 #sTok722 #sTok723 #sTok724 #sTok725 #sTok726 #sTok727 #sTok728 #sTok729 #sTok730 #sTok731 #sTok732 #sTok733 #sTok734 #sTok735 #sTok736 #sTok737 #sTok738 #sTok739 #sTok740 #sTok741 #sTok742 #sTok743 #sTok744 #sTok745 #sTok746 #sTok747 #sTok748 #sTok749 #sTok750 #sTok751"/>
		<!--the potential eye - tracking has to transform the ways we understand visual processing in arts and culture and at the same time offer a direct way of studying several important factors of a museum visit , namely to assess the effects of label characteristics on visitor visual behaviour-->
		<mark id="sSpan415" xlink:href="#sTok703 #sTok704 #sTok705 #sTok706 #sTok707 #sTok708 #sTok709 #sTok710 #sTok711 #sTok712 #sTok713 #sTok714 #sTok715 #sTok716 #sTok717 #sTok718 #sTok719 #sTok720 #sTok721 #sTok722 #sTok723 #sTok724 #sTok725 #sTok726 #sTok727 #sTok728 #sTok729 #sTok730 #sTok731 #sTok732 #sTok733 #sTok734 #sTok735 #sTok736 #sTok737 #sTok738 #sTok739 #sTok740 #sTok741 #sTok742 #sTok743 #sTok744 #sTok745 #sTok746 #sTok747 #sTok748 #sTok749 #sTok750 #sTok751"/>
		<!--eye - tracking-->
		<mark id="sSpan416" xlink:href="#sTok705 #sTok706 #sTok707"/>
		<!--eye-->
		<mark id="sSpan417" xlink:href="#sTok705"/>
		<!--the ways we understand visual processing in arts and culture-->
		<mark id="sSpan418" xlink:href="#sTok711 #sTok712 #sTok713 #sTok714 #sTok715 #sTok716 #sTok717 #sTok718 #sTok719 #sTok720"/>
		<!--we-->
		<mark id="sSpan419" xlink:href="#sTok713"/>
		<!--visual processing in arts and culture-->
		<mark id="sSpan420" xlink:href="#sTok715 #sTok716 #sTok717 #sTok718 #sTok719 #sTok720"/>
		<!--arts-->
		<mark id="sSpan421" xlink:href="#sTok718"/>
		<!--culture-->
		<mark id="sSpan422" xlink:href="#sTok720"/>
		<!--a direct way of studying several important factors of a museum visit-->
		<mark id="sSpan423" xlink:href="#sTok727 #sTok728 #sTok729 #sTok730 #sTok731 #sTok732 #sTok733 #sTok734 #sTok735 #sTok736 #sTok737 #sTok738"/>
		<!--several important factors of a museum visit-->
		<mark id="sSpan424" xlink:href="#sTok732 #sTok733 #sTok734 #sTok735 #sTok736 #sTok737 #sTok738"/>
		<!--a museum visit-->
		<mark id="sSpan425" xlink:href="#sTok736 #sTok737 #sTok738"/>
		<!--museum-->
		<mark id="sSpan426" xlink:href="#sTok737"/>
		<!--the effects of label characteristics-->
		<mark id="sSpan427" xlink:href="#sTok743 #sTok744 #sTok745 #sTok746 #sTok747"/>
		<!--label characteristics-->
		<mark id="sSpan428" xlink:href="#sTok746 #sTok747"/>
		<!--label-->
		<mark id="sSpan429" xlink:href="#sTok746"/>
		<!--visitor visual behaviour-->
		<mark id="sSpan430" xlink:href="#sTok749 #sTok750 #sTok751"/>
		<!--visitor-->
		<mark id="sSpan431" xlink:href="#sTok749"/>
		<!--.-->
		<mark id="sSpan432" xlink:href="#sTok752"/></markList></paula>