<?xml version='1.0' encoding='UTF-8'?><!DOCTYPE paula SYSTEM "paula_feat.dtd">
<paula version="1.1">
	<header paula_id="rsd.GUM_academic_art.mark_pos1"/>
	<featList xmlns:xlink="http://www.w3.org/1999/xlink" type="pos1" xml:base="rsd.GUM_academic_art.mark.xml">
		<feat xlink:href="#sSpan1" value="_"/>
		<feat xlink:href="#sSpan2" value="_"/>
		<feat xlink:href="#sSpan3" value="_"/>
		<feat xlink:href="#sSpan4" value="_"/>
		<feat xlink:href="#sSpan5" value="_"/>
		<feat xlink:href="#sSpan6" value="_"/>
		<feat xlink:href="#sSpan7" value="_"/>
		<feat xlink:href="#sSpan8" value="_"/>
		<feat xlink:href="#sSpan9" value="_"/>
		<feat xlink:href="#sSpan10" value="_"/>
		<feat xlink:href="#sSpan11" value="_"/>
		<feat xlink:href="#sSpan12" value="_"/>
		<feat xlink:href="#sSpan13" value="_"/>
		<feat xlink:href="#sSpan14" value="_"/>
		<feat xlink:href="#sSpan15" value="_"/>
		<feat xlink:href="#sSpan16" value="_"/>
		<feat xlink:href="#sSpan17" value="_"/>
		<feat xlink:href="#sSpan18" value="_"/>
		<feat xlink:href="#sSpan19" value="_"/>
		<feat xlink:href="#sSpan20" value="_"/>
		<feat xlink:href="#sSpan21" value="_"/>
		<feat xlink:href="#sSpan22" value="_"/>
		<feat xlink:href="#sSpan23" value="_"/>
		<feat xlink:href="#sSpan24" value="_"/>
		<feat xlink:href="#sSpan25" value="_"/>
		<feat xlink:href="#sSpan26" value="_"/>
		<feat xlink:href="#sSpan27" value="_"/>
		<feat xlink:href="#sSpan28" value="_"/>
		<feat xlink:href="#sSpan29" value="_"/>
		<feat xlink:href="#sSpan30" value="_"/>
		<feat xlink:href="#sSpan31" value="_"/>
		<feat xlink:href="#sSpan32" value="_"/>
		<feat xlink:href="#sSpan33" value="_"/>
		<feat xlink:href="#sSpan34" value="_"/>
		<feat xlink:href="#sSpan35" value="_"/>
		<feat xlink:href="#sSpan36" value="_"/>
		<feat xlink:href="#sSpan37" value="_"/>
		<feat xlink:href="#sSpan38" value="_"/>
		<feat xlink:href="#sSpan39" value="_"/>
		<feat xlink:href="#sSpan40" value="_"/>
		<feat xlink:href="#sSpan41" value="_"/>
		<feat xlink:href="#sSpan42" value="_"/>
		<feat xlink:href="#sSpan43" value="_"/>
		<feat xlink:href="#sSpan44" value="_"/>
		<feat xlink:href="#sSpan45" value="_"/>
		<feat xlink:href="#sSpan46" value="_"/>
		<feat xlink:href="#sSpan47" value="_"/>
		<feat xlink:href="#sSpan48" value="_"/>
		<feat xlink:href="#sSpan49" value="_"/>
		<feat xlink:href="#sSpan50" value="_"/>
		<feat xlink:href="#sSpan51" value="_"/>
		<feat xlink:href="#sSpan52" value="_"/>
		<feat xlink:href="#sSpan53" value="_"/>
		<feat xlink:href="#sSpan54" value="_"/>
		<feat xlink:href="#sSpan55" value="_"/>
		<feat xlink:href="#sSpan56" value="_"/>
		<feat xlink:href="#sSpan57" value="_"/>
		<feat xlink:href="#sSpan58" value="_"/>
		<feat xlink:href="#sSpan59" value="_"/>
		<feat xlink:href="#sSpan60" value="_"/>
		<feat xlink:href="#sSpan61" value="_"/>
		<feat xlink:href="#sSpan62" value="_"/>
		<feat xlink:href="#sSpan63" value="_"/>
		<feat xlink:href="#sSpan64" value="_"/>
		<feat xlink:href="#sSpan65" value="_"/>
		<feat xlink:href="#sSpan66" value="_"/>
		<feat xlink:href="#sSpan67" value="_"/>
		<feat xlink:href="#sSpan68" value="_"/>
		<feat xlink:href="#sSpan69" value="_"/>
		<feat xlink:href="#sSpan70" value="_"/>
		<feat xlink:href="#sSpan71" value="_"/>
		<feat xlink:href="#sSpan72" value="_"/>
		<feat xlink:href="#sSpan73" value="_"/>
		<feat xlink:href="#sSpan74" value="_"/></featList></paula>