<?xml version='1.0' encoding='UTF-8'?><!DOCTYPE paula SYSTEM "paula_feat.dtd">
<paula version="1.1">
	<header paula_id="rsd.GUM_academic_art.mark_pos1"/>
	<featList xmlns:xlink="http://www.w3.org/1999/xlink" type="pos1" xml:base="rsd.GUM_academic_art.mark.xml">
		<feat xlink:href="#sSpan433" value="JJ"/>
		<feat xlink:href="#sSpan434" value="NNS"/>
		<feat xlink:href="#sSpan435" value="NP"/>
		<feat xlink:href="#sSpan436" value="NP"/>
		<feat xlink:href="#sSpan437" value="NP"/>
		<feat xlink:href="#sSpan438" value="NP"/>
		<feat xlink:href="#sSpan439" value="WRB"/>
		<feat xlink:href="#sSpan440" value="WDT"/>
		<feat xlink:href="#sSpan441" value="VVP"/>
		<feat xlink:href="#sSpan442" value="DT"/>
		<feat xlink:href="#sSpan443" value="VVG"/>
		<feat xlink:href="#sSpan444" value="RB"/>
		<feat xlink:href="#sSpan445" value="PP"/>
		<feat xlink:href="#sSpan446" value="CC"/>
		<feat xlink:href="#sSpan447" value="IN"/>
		<feat xlink:href="#sSpan448" value="MD"/>
		<feat xlink:href="#sSpan449" value="DT"/>
		<feat xlink:href="#sSpan450" value="VVG"/>
		<feat xlink:href="#sSpan451" value="DT"/>
		<feat xlink:href="#sSpan452" value="VVN"/>
		<feat xlink:href="#sSpan453" value="IN"/>
		<feat xlink:href="#sSpan454" value="DT"/>
		<feat xlink:href="#sSpan455" value="IN"/>
		<feat xlink:href="#sSpan456" value="NN"/>
		<feat xlink:href="#sSpan457" value="IN"/>
		<feat xlink:href="#sSpan458" value="IN"/>
		<feat xlink:href="#sSpan459" value="DT"/>
		<feat xlink:href="#sSpan460" value="PP"/>
		<feat xlink:href="#sSpan461" value="DT"/>
		<feat xlink:href="#sSpan462" value="TO"/>
		<feat xlink:href="#sSpan463" value="VVG"/>
		<feat xlink:href="#sSpan464" value="JJ"/>
		<feat xlink:href="#sSpan465" value="PP$"/>
		<feat xlink:href="#sSpan466" value="DT"/>
		<feat xlink:href="#sSpan467" value="WRB"/>
		<feat xlink:href="#sSpan468" value="DT"/>
		<feat xlink:href="#sSpan469" value="VVN"/>
		<feat xlink:href="#sSpan470" value="VVN"/>
		<feat xlink:href="#sSpan471" value="DT"/>
		<feat xlink:href="#sSpan472" value="("/>
		<feat xlink:href="#sSpan473" value="RB"/>
		<feat xlink:href="#sSpan474" value="WDT"/>
		<feat xlink:href="#sSpan475" value="JJ"/>
		<feat xlink:href="#sSpan476" value="TO"/>
		<feat xlink:href="#sSpan477" value="PP"/>
		<feat xlink:href="#sSpan478" value="("/>
		<feat xlink:href="#sSpan479" value="CC"/>
		<feat xlink:href="#sSpan480" value="IN"/>
		<feat xlink:href="#sSpan481" value="("/>
		<feat xlink:href="#sSpan482" value="NP"/>
		<feat xlink:href="#sSpan483" value="PP"/>
		<feat xlink:href="#sSpan484" value="TO"/>
		<feat xlink:href="#sSpan485" value="CC"/>
		<feat xlink:href="#sSpan486" value="PP"/>
		<feat xlink:href="#sSpan487" value="("/>
		<feat xlink:href="#sSpan488" value="CC"/>
		<feat xlink:href="#sSpan489" value="IN"/>
		<feat xlink:href="#sSpan490" value="IN"/>
		<feat xlink:href="#sSpan491" value="IN"/>
		<feat xlink:href="#sSpan492" value="("/>
		<feat xlink:href="#sSpan493" value="DT"/>
		<feat xlink:href="#sSpan494" value="VBP"/>
		<feat xlink:href="#sSpan495" value="TO"/>
		<feat xlink:href="#sSpan496" value="IN"/>
		<feat xlink:href="#sSpan497" value="WRB"/>
		<feat xlink:href="#sSpan498" value="CC"/>
		<feat xlink:href="#sSpan499" value="DT"/>
		<feat xlink:href="#sSpan500" value="CC"/>
		<feat xlink:href="#sSpan501" value="NN"/>
		<feat xlink:href="#sSpan502" value="TO"/>
		<feat xlink:href="#sSpan503" value="PP"/>
		<feat xlink:href="#sSpan504" value="CC"/>
		<feat xlink:href="#sSpan505" value="IN"/>
		<feat xlink:href="#sSpan506" value="RB"/></featList></paula>