<?xml version='1.0' encoding='UTF-8'?><!DOCTYPE paula SYSTEM "paula_feat.dtd">
<paula version="1.1">
	<header paula_id="rsd.GUM_academic_art.mark_head_func"/>
	<featList xmlns:xlink="http://www.w3.org/1999/xlink" type="head_func" xml:base="rsd.GUM_academic_art.mark.xml">
		<feat xlink:href="#sSpan258" value="root"/>
		<feat xlink:href="#sSpan259" value="root"/>
		<feat xlink:href="#sSpan260" value="root"/>
		<feat xlink:href="#sSpan261" value="root"/>
		<feat xlink:href="#sSpan262" value="root"/>
		<feat xlink:href="#sSpan263" value="root"/>
		<feat xlink:href="#sSpan264" value="root"/>
		<feat xlink:href="#sSpan265" value="root"/>
		<feat xlink:href="#sSpan266" value="root"/>
		<feat xlink:href="#sSpan267" value="root"/>
		<feat xlink:href="#sSpan268" value="acl"/>
		<feat xlink:href="#sSpan269" value="nsubj"/>
		<feat xlink:href="#sSpan270" value="acl:relcl"/>
		<feat xlink:href="#sSpan271" value="conj"/>
		<feat xlink:href="#sSpan272" value="acl"/>
		<feat xlink:href="#sSpan273" value="root"/>
		<feat xlink:href="#sSpan274" value="root"/>
		<feat xlink:href="#sSpan275" value="acl"/>
		<feat xlink:href="#sSpan276" value="root"/>
		<feat xlink:href="#sSpan277" value="acl"/>
		<feat xlink:href="#sSpan278" value="advcl"/>
		<feat xlink:href="#sSpan279" value="root"/>
		<feat xlink:href="#sSpan280" value="root"/>
		<feat xlink:href="#sSpan281" value="acl:relcl"/>
		<feat xlink:href="#sSpan282" value="obl"/>
		<feat xlink:href="#sSpan283" value="acl"/>
		<feat xlink:href="#sSpan284" value="root"/>
		<feat xlink:href="#sSpan285" value="root"/>
		<feat xlink:href="#sSpan286" value="root"/>
		<feat xlink:href="#sSpan287" value="advcl"/>
		<feat xlink:href="#sSpan288" value="advcl"/>
		<feat xlink:href="#sSpan289" value="appos"/>
		<feat xlink:href="#sSpan290" value="root"/>
		<feat xlink:href="#sSpan291" value="acl:relcl"/>
		<feat xlink:href="#sSpan292" value="advcl"/>
		<feat xlink:href="#sSpan293" value="root"/>
		<feat xlink:href="#sSpan294" value="acl"/>
		<feat xlink:href="#sSpan295" value="acl"/>
		<feat xlink:href="#sSpan296" value="root"/>
		<feat xlink:href="#sSpan297" value="appos"/>
		<feat xlink:href="#sSpan298" value="root"/>
		<feat xlink:href="#sSpan299" value="acl:relcl"/>
		<feat xlink:href="#sSpan300" value="root"/>
		<feat xlink:href="#sSpan301" value="acl"/>
		<feat xlink:href="#sSpan302" value="acl:relcl"/>
		<feat xlink:href="#sSpan303" value="dep"/>
		<feat xlink:href="#sSpan304" value="conj"/>
		<feat xlink:href="#sSpan305" value="acl"/>
		<feat xlink:href="#sSpan306" value="dep"/>
		<feat xlink:href="#sSpan307" value="root"/>
		<feat xlink:href="#sSpan308" value="root"/>
		<feat xlink:href="#sSpan309" value="acl"/>
		<feat xlink:href="#sSpan310" value="conj"/>
		<feat xlink:href="#sSpan311" value="root"/>
		<feat xlink:href="#sSpan312" value="dep"/>
		<feat xlink:href="#sSpan313" value="conj"/>
		<feat xlink:href="#sSpan314" value="root"/>
		<feat xlink:href="#sSpan315" value="acl"/>
		<feat xlink:href="#sSpan316" value="nsubj"/>
		<feat xlink:href="#sSpan317" value="parataxis"/>
		<feat xlink:href="#sSpan318" value="parataxis"/>
		<feat xlink:href="#sSpan319" value="acl:relcl"/>
		<feat xlink:href="#sSpan320" value="advcl"/>
		<feat xlink:href="#sSpan321" value="acl:relcl"/>
		<feat xlink:href="#sSpan322" value="conj"/>
		<feat xlink:href="#sSpan323" value="conj"/>
		<feat xlink:href="#sSpan324" value="root"/>
		<feat xlink:href="#sSpan325" value="conj"/>
		<feat xlink:href="#sSpan326" value="acl:relcl"/>
		<feat xlink:href="#sSpan327" value="acl"/>
		<feat xlink:href="#sSpan328" value="acl:relcl"/>
		<feat xlink:href="#sSpan329" value="conj"/>
		<feat xlink:href="#sSpan330" value="acl"/>
		<feat xlink:href="#sSpan331" value="acl"/></featList></paula>