<?xml version='1.0' encoding='UTF-8'?><!DOCTYPE paula SYSTEM "paula_feat.dtd">
<paula version="1.1">
	<header paula_id="rsd.GUM_academic_art.mark_len"/>
	<featList xmlns:xlink="http://www.w3.org/1999/xlink" type="len" xml:base="rsd.GUM_academic_art.mark.xml">
		<feat xlink:href="#sSpan293" value="6"/>
		<feat xlink:href="#sSpan294" value="3"/>
		<feat xlink:href="#sSpan295" value="9"/>
		<feat xlink:href="#sSpan296" value="8"/>
		<feat xlink:href="#sSpan297" value="8"/>
		<feat xlink:href="#sSpan298" value="8"/>
		<feat xlink:href="#sSpan299" value="9"/>
		<feat xlink:href="#sSpan300" value="10"/>
		<feat xlink:href="#sSpan301" value="13"/>
		<feat xlink:href="#sSpan302" value="10"/>
		<feat xlink:href="#sSpan303" value="16"/>
		<feat xlink:href="#sSpan304" value="4"/>
		<feat xlink:href="#sSpan305" value="2"/>
		<feat xlink:href="#sSpan306" value="3"/>
		<feat xlink:href="#sSpan307" value="5"/>
		<feat xlink:href="#sSpan308" value="14"/>
		<feat xlink:href="#sSpan309" value="7"/>
		<feat xlink:href="#sSpan310" value="11"/>
		<feat xlink:href="#sSpan311" value="15"/>
		<feat xlink:href="#sSpan312" value="7"/>
		<feat xlink:href="#sSpan313" value="20"/>
		<feat xlink:href="#sSpan314" value="16"/>
		<feat xlink:href="#sSpan315" value="10"/>
		<feat xlink:href="#sSpan316" value="4"/>
		<feat xlink:href="#sSpan317" value="4"/>
		<feat xlink:href="#sSpan318" value="9"/>
		<feat xlink:href="#sSpan319" value="22"/>
		<feat xlink:href="#sSpan320" value="21"/>
		<feat xlink:href="#sSpan321" value="21"/>
		<feat xlink:href="#sSpan322" value="3"/>
		<feat xlink:href="#sSpan323" value="4"/>
		<feat xlink:href="#sSpan324" value="22"/>
		<feat xlink:href="#sSpan325" value="15"/>
		<feat xlink:href="#sSpan326" value="12"/>
		<feat xlink:href="#sSpan327" value="5"/>
		<feat xlink:href="#sSpan328" value="9"/>
		<feat xlink:href="#sSpan329" value="7"/>
		<feat xlink:href="#sSpan330" value="3"/>
		<feat xlink:href="#sSpan331" value="26"/>
		<feat xlink:href="#sSpan332" value="10"/>
		<feat xlink:href="#sSpan333" value="8"/>
		<feat xlink:href="#sSpan334" value="18"/>
		<feat xlink:href="#sSpan335" value="8"/>
		<feat xlink:href="#sSpan336" value="4"/>
		<feat xlink:href="#sSpan337" value="7"/>
		<feat xlink:href="#sSpan338" value="13"/>
		<feat xlink:href="#sSpan339" value="9"/>
		<feat xlink:href="#sSpan340" value="9"/>
		<feat xlink:href="#sSpan341" value="17"/>
		<feat xlink:href="#sSpan342" value="24"/>
		<feat xlink:href="#sSpan343" value="5"/>
		<feat xlink:href="#sSpan344" value="10"/>
		<feat xlink:href="#sSpan345" value="12"/>
		<feat xlink:href="#sSpan346" value="7"/>
		<feat xlink:href="#sSpan347" value="7"/>
		<feat xlink:href="#sSpan348" value="16"/>
		<feat xlink:href="#sSpan349" value="10"/>
		<feat xlink:href="#sSpan350" value="14"/>
		<feat xlink:href="#sSpan351" value="6"/>
		<feat xlink:href="#sSpan352" value="9"/>
		<feat xlink:href="#sSpan353" value="11"/>
		<feat xlink:href="#sSpan354" value="6"/>
		<feat xlink:href="#sSpan355" value="4"/>
		<feat xlink:href="#sSpan356" value="8"/>
		<feat xlink:href="#sSpan357" value="5"/>
		<feat xlink:href="#sSpan358" value="13"/>
		<feat xlink:href="#sSpan359" value="10"/>
		<feat xlink:href="#sSpan360" value="7"/>
		<feat xlink:href="#sSpan361" value="2"/>
		<feat xlink:href="#sSpan362" value="4"/>
		<feat xlink:href="#sSpan363" value="8"/>
		<feat xlink:href="#sSpan364" value="9"/>
		<feat xlink:href="#sSpan365" value="10"/>
		<feat xlink:href="#sSpan366" value="13"/></featList></paula>