<?xml version='1.0' encoding='UTF-8'?><!DOCTYPE paula SYSTEM "paula_feat.dtd">
<paula version="1.1">
	<header paula_id="rst.GUM_academic_art.struct_is_signaled"/>
	<featList xmlns:xlink="http://www.w3.org/1999/xlink" type="is_signaled" xml:base="rst.GUM_academic_art.struct.xml">
		<feat xlink:href="#sDomRel12" value="true"/>
		<feat xlink:href="#sDomRel13" value="false"/>
		<feat xlink:href="#sDomRel49" value="false"/>
		<feat xlink:href="#sDomRel50" value="true"/>
		<feat xlink:href="#sDomRel51" value="true"/>
		<feat xlink:href="#sDomRel52" value="true"/>
		<feat xlink:href="#sDomRel85" value="false"/>
		<feat xlink:href="#sDomRel86" value="true"/>
		<feat xlink:href="#sDomRel87" value="true"/>
		<feat xlink:href="#sDomRel130" value="true"/>
		<feat xlink:href="#sDomRel131" value="false"/>
		<feat xlink:href="#sDomRel138" value="true"/>
		<feat xlink:href="#sDomRel139" value="false"/>
		<feat xlink:href="#sDomRel148" value="true"/>
		<feat xlink:href="#sDomRel149" value="false"/>
		<feat xlink:href="#sDomRel150" value="false"/>
		<feat xlink:href="#sDomRel151" value="true"/>
		<feat xlink:href="#sDomRel152" value="false"/>
		<feat xlink:href="#sDomRel153" value="false"/>
		<feat xlink:href="#sDomRel154" value="false"/>
		<feat xlink:href="#sDomRel179" value="true"/>
		<feat xlink:href="#sDomRel180" value="false"/>
		<feat xlink:href="#sDomRel192" value="true"/>
		<feat xlink:href="#sDomRel193" value="false"/>
		<feat xlink:href="#sDomRel201" value="true"/>
		<feat xlink:href="#sDomRel202" value="false"/>
		<feat xlink:href="#sDomRel239" value="true"/>
		<feat xlink:href="#sDomRel240" value="false"/>
		<feat xlink:href="#sDomRel272" value="true"/>
		<feat xlink:href="#sDomRel273" value="false"/>
		<feat xlink:href="#sDomRel274" value="false"/>
		<feat xlink:href="#sDomRel275" value="false"/>
		<feat xlink:href="#sDomRel297" value="true"/>
		<feat xlink:href="#sDomRel298" value="false"/>
		<feat xlink:href="#sDomRel358" value="true"/>
		<feat xlink:href="#sDomRel359" value="false"/>
		<feat xlink:href="#sDomRel373" value="true"/>
		<feat xlink:href="#sDomRel374" value="false"/>
		<feat xlink:href="#sDomRel375" value="true"/>
		<feat xlink:href="#sDomRel376" value="false"/>
		<feat xlink:href="#sDomRel377" value="false"/>
		<feat xlink:href="#sDomRel378" value="true"/>
		<feat xlink:href="#sDomRel379" value="false"/>
		<feat xlink:href="#sDomRel380" value="false"/>
		<feat xlink:href="#sDomRel381" value="false"/>
		<feat xlink:href="#sDomRel382" value="true"/>
		<feat xlink:href="#sDomRel383" value="false"/>
		<feat xlink:href="#sDomRel384" value="true"/>
		<feat xlink:href="#sDomRel385" value="false"/>
		<feat xlink:href="#sDomRel386" value="false"/>
		<feat xlink:href="#sDomRel387" value="false"/>
		<feat xlink:href="#sDomRel388" value="false"/>
		<feat xlink:href="#sDomRel416" value="true"/>
		<feat xlink:href="#sDomRel417" value="false"/>
		<feat xlink:href="#sDomRel433" value="true"/>
		<feat xlink:href="#sDomRel434" value="false"/>
		<feat xlink:href="#sDomRel444" value="true"/>
		<feat xlink:href="#sDomRel445" value="true"/>
		<feat xlink:href="#sDomRel446" value="false"/>
		<feat xlink:href="#sDomRel483" value="true"/>
		<feat xlink:href="#sDomRel510" value="true"/>
		<feat xlink:href="#sDomRel511" value="false"/>
		<feat xlink:href="#sDomRel512" value="false"/>
		<feat xlink:href="#sDomRel513" value="true"/>
		<feat xlink:href="#sDomRel514" value="false"/>
		<feat xlink:href="#sDomRel515" value="false"/>
		<feat xlink:href="#sDomRel516" value="true"/>
		<feat xlink:href="#sDomRel517" value="true"/>
		<feat xlink:href="#sDomRel518" value="false"/>
		<feat xlink:href="#sDomRel519" value="false"/>
		<feat xlink:href="#sDomRel531" value="true"/>
		<feat xlink:href="#sDomRel532" value="false"/>
		<feat xlink:href="#sDomRel541" value="true"/>
		<feat xlink:href="#sDomRel555" value="false"/>
		<feat xlink:href="#sDomRel556" value="true"/>
		<feat xlink:href="#sDomRel557" value="false"/>
		<feat xlink:href="#sDomRel576" value="true"/>
		<feat xlink:href="#sDomRel594" value="false"/>
		<feat xlink:href="#sDomRel595" value="false"/>
		<feat xlink:href="#sDomRel596" value="false"/>
		<feat xlink:href="#sDomRel597" value="false"/>
		<feat xlink:href="#sDomRel598" value="false"/>
		<feat xlink:href="#sDomRel599" value="true"/>
		<feat xlink:href="#sDomRel600" value="false"/>
		<feat xlink:href="#sDomRel630" value="true"/>
		<feat xlink:href="#sDomRel631" value="false"/>
		<feat xlink:href="#sDomRel632" value="false"/>
		<feat xlink:href="#sDomRel633" value="false"/>
		<feat xlink:href="#sDomRel658" value="true"/>
		<feat xlink:href="#sDomRel659" value="false"/>
		<feat xlink:href="#sDomRel674" value="false"/>
		<feat xlink:href="#sDomRel675" value="false"/>
		<feat xlink:href="#sDomRel692" value="true"/>
		<feat xlink:href="#sDomRel693" value="false"/>
		<feat xlink:href="#sDomRel694" value="false"/>
		<feat xlink:href="#sDomRel695" value="false"/>
		<feat xlink:href="#sDomRel722" value="false"/>
		<feat xlink:href="#sDomRel723" value="false"/>
		<feat xlink:href="#sDomRel730" value="true"/>
		<feat xlink:href="#sDomRel731" value="false"/>
		<feat xlink:href="#sDomRel732" value="false"/>
		<feat xlink:href="#sDomRel733" value="false"/>
		<feat xlink:href="#sDomRel748" value="true"/>
		<feat xlink:href="#sDomRel749" value="false"/>
		<feat xlink:href="#sDomRel762" value="true"/>
		<feat xlink:href="#sDomRel789" value="false"/>
		<feat xlink:href="#sDomRel790" value="true"/>
		<feat xlink:href="#sDomRel791" value="true"/>
		<feat xlink:href="#sDomRel796" value="true"/>
		<feat xlink:href="#sDomRel797" value="false"/>
		<feat xlink:href="#sDomRel798" value="false"/>
		<feat xlink:href="#sDomRel799" value="true"/>
		<feat xlink:href="#sDomRel821" value="true"/>
		<feat xlink:href="#sDomRel834" value="true"/>
		<feat xlink:href="#sDomRel835" value="false"/>
		<feat xlink:href="#sDomRel855" value="true"/>
		<feat xlink:href="#sDomRel869" value="false"/>
		<feat xlink:href="#sDomRel870" value="true"/>
		<feat xlink:href="#sDomRel871" value="false"/>
		<feat xlink:href="#sDomRel872" value="false"/>
		<feat xlink:href="#sDomRel873" value="true"/>
		<feat xlink:href="#sDomRel874" value="false"/>
		<feat xlink:href="#sDomRel875" value="true"/>
		<feat xlink:href="#sDomRel876" value="false"/>
		<feat xlink:href="#sDomRel877" value="false"/>
		<feat xlink:href="#sDomRel878" value="true"/>
		<feat xlink:href="#sDomRel879" value="false"/>
		<feat xlink:href="#sDomRel880" value="true"/>
		<feat xlink:href="#sDomRel881" value="true"/>
		<feat xlink:href="#sDomRel882" value="false"/>
		<feat xlink:href="#sDomRel883" value="true"/>
		<feat xlink:href="#sDomRel884" value="false"/>
		<feat xlink:href="#sDomRel885" value="true"/>
		<feat xlink:href="#sDomRel886" value="false"/>
		<feat xlink:href="#sDomRel887" value="true"/>
		<feat xlink:href="#sDomRel888" value="false"/>
		<feat xlink:href="#sDomRel889" value="true"/>
		<feat xlink:href="#sDomRel890" value="false"/>
		<feat xlink:href="#sDomRel891" value="true"/>
		<feat xlink:href="#sDomRel892" value="false"/>
		<feat xlink:href="#sDomRel893" value="false"/></featList></paula>