<?xml version='1.0' encoding='UTF-8'?><!DOCTYPE paula SYSTEM "paula_feat.dtd">
<paula version="1.1">
	<header paula_id="rst.GUM_academic_art.struct_signal_subtype"/>
	<featList xmlns:xlink="http://www.w3.org/1999/xlink" type="signal_subtype" xml:base="rst.GUM_academic_art.struct.xml">
		<feat xlink:href="#structure780" value="dm"/>
		<feat xlink:href="#structure781" value="dm"/>
		<feat xlink:href="#structure782" value="dm"/>
		<feat xlink:href="#structure783" value="modified_head"/>
		<feat xlink:href="#structure784" value="nominal_modifier"/>
		<feat xlink:href="#structure785" value="modified_head"/>
		<feat xlink:href="#structure786" value="relative_clause"/>
		<feat xlink:href="#structure787" value="lexical_chain"/>
		<feat xlink:href="#structure788" value="dm"/>
		<feat xlink:href="#structure789" value="indicative_word"/>
		<feat xlink:href="#structure790" value="dm"/>
		<feat xlink:href="#structure791" value="modified_head"/>
		<feat xlink:href="#structure792" value="relative_clause"/>
		<feat xlink:href="#structure793" value="parentheses"/>
		<feat xlink:href="#structure794" value="synonymy"/>
		<feat xlink:href="#structure795" value="modified_head"/>
		<feat xlink:href="#structure796" value="nominal_modifier"/>
		<feat xlink:href="#structure797" value="lexical_chain"/>
		<feat xlink:href="#structure798" value="modified_head"/>
		<feat xlink:href="#structure799" value="relative_clause"/>
		<feat xlink:href="#structure800" value="indicative_word"/>
		<feat xlink:href="#structure801" value="modified_head"/>
		<feat xlink:href="#structure802" value="nominal_modifier"/>
		<feat xlink:href="#structure803" value="dm"/>
		<feat xlink:href="#structure804" value="lexical_chain"/>
		<feat xlink:href="#structure805" value="dm"/>
		<feat xlink:href="#structure806" value="dm"/>
		<feat xlink:href="#structure807" value="modified_head"/>
		<feat xlink:href="#structure808" value="relative_clause"/>
		<feat xlink:href="#structure809" value="modified_head"/>
		<feat xlink:href="#structure810" value="nominal_modifier"/>
		<feat xlink:href="#structure811" value="demonstrative_reference"/>
		<feat xlink:href="#structure812" value="repetition"/>
		<feat xlink:href="#structure813" value="synonymy"/>
		<feat xlink:href="#structure814" value="repetition"/>
		<feat xlink:href="#structure815" value="modified_head"/>
		<feat xlink:href="#structure816" value="relative_clause"/>
		<feat xlink:href="#structure817" value="indicative_word"/>
		<feat xlink:href="#structure818" value="present_participial_clause"/>
		<feat xlink:href="#structure819" value="modified_head"/>
		<feat xlink:href="#structure820" value="infinitival_clause"/>
		<feat xlink:href="#structure821" value="infinitival_clause"/>
		<feat xlink:href="#structure822" value="modified_head"/>
		<feat xlink:href="#structure823" value="nominal_modifier"/>
		<feat xlink:href="#structure824" value="demonstrative_reference"/>
		<feat xlink:href="#structure825" value="repetition"/>
		<feat xlink:href="#structure826" value="repetition"/>
		<feat xlink:href="#structure827" value="tense"/>
		<feat xlink:href="#structure828" value="dm"/>
		<feat xlink:href="#structure829" value="repetition"/>
		<feat xlink:href="#structure830" value="modified_head"/>
		<feat xlink:href="#structure831" value="relative_clause"/>
		<feat xlink:href="#structure832" value="modified_head"/>
		<feat xlink:href="#structure833" value="nominal_modifier"/>
		<feat xlink:href="#structure834" value="indicative_word"/>
		<feat xlink:href="#structure835" value="dm"/>
		<feat xlink:href="#structure836" value="modified_head"/>
		<feat xlink:href="#structure837" value="nominal_modifier"/>
		<feat xlink:href="#structure838" value="modified_head"/>
		<feat xlink:href="#structure839" value="relative_clause"/>
		<feat xlink:href="#structure840" value="meronymy"/>
		<feat xlink:href="#structure841" value="lexical_chain"/>
		<feat xlink:href="#structure842" value="parentheses"/>
		<feat xlink:href="#structure843" value="indicative_word"/>
		<feat xlink:href="#structure844" value="personal_reference"/>
		<feat xlink:href="#structure845" value="modified_head"/>
		<feat xlink:href="#structure846" value="nominal_modifier"/>
		<feat xlink:href="#structure847" value="dm"/>
		<feat xlink:href="#structure848" value="modified_head"/>
		<feat xlink:href="#structure849" value="infinitival_clause"/>
		<feat xlink:href="#structure850" value="attribution_source"/>
		<feat xlink:href="#structure851" value="reported_speech"/>
		<feat xlink:href="#structure852" value="lexical_chain"/>
		<feat xlink:href="#structure853" value="infinitival_clause"/>
		<feat xlink:href="#structure854" value="meronymy"/>
		<feat xlink:href="#structure855" value="dm"/>
		<feat xlink:href="#structure856" value="indicative_word"/>
		<feat xlink:href="#structure857" value="modified_head"/>
		<feat xlink:href="#structure858" value="nominal_modifier"/>
		<feat xlink:href="#structure859" value="dm"/>
		<feat xlink:href="#structure860" value="present_participial_clause"/>
		<feat xlink:href="#structure861" value="repetition"/>
		<feat xlink:href="#structure862" value="personal_reference"/>
		<feat xlink:href="#structure863" value="repetition"/>
		<feat xlink:href="#structure864" value="repetition"/>
		<feat xlink:href="#structure865" value="repetition"/>
		<feat xlink:href="#structure866" value="repetition"/>
		<feat xlink:href="#structure867" value="modified_head"/>
		<feat xlink:href="#structure868" value="relative_clause"/>
		<feat xlink:href="#structure869" value="infinitival_clause"/>
		<feat xlink:href="#structure870" value="modified_head"/>
		<feat xlink:href="#structure871" value="relative_clause"/>
		<feat xlink:href="#structure872" value="synonymy"/>
		<feat xlink:href="#structure873" value="lexical_chain"/>
		<feat xlink:href="#structure874" value="lexical_chain"/>
		<feat xlink:href="#structure875" value="lexical_chain"/>
		<feat xlink:href="#structure876" value="layout"/>
		<feat xlink:href="#structure877" value="lexical_chain"/>
		<feat xlink:href="#structure878" value="lexical_chain"/>
		<feat xlink:href="#structure879" value="lexical_chain"/>
		<feat xlink:href="#structure880" value="indicative_word"/>
		<feat xlink:href="#structure881" value="repetition"/>
		<feat xlink:href="#structure882" value="repetition"/>
		<feat xlink:href="#structure883" value="lexical_chain"/>
		<feat xlink:href="#structure884" value="lexical_chain"/>
		<feat xlink:href="#structure885" value="modified_head"/>
		<feat xlink:href="#structure886" value="nominal_modifier"/></featList></paula>