<?xml version='1.0' encoding='UTF-8'?><!DOCTYPE paula SYSTEM "paula_feat.dtd">
<paula version="1.1">
	<header paula_id="tei.GUM_academic_art.mark_s_transition"/>
	<featList xmlns:xlink="http://www.w3.org/1999/xlink" type="s_transition" xml:base="tei.GUM_academic_art.mark.xml">
		<feat xlink:href="#sSpan332" value="establishment"/>
		<feat xlink:href="#sSpan335" value="null"/>
		<feat xlink:href="#sSpan337" value="null"/>
		<feat xlink:href="#sSpan340" value="establishment"/>
		<feat xlink:href="#sSpan342" value="smooth-shift"/>
		<feat xlink:href="#sSpan344" value="continue"/>
		<feat xlink:href="#sSpan346" value="zero"/>
		<feat xlink:href="#sSpan348" value="establishment"/>
		<feat xlink:href="#sSpan349" value="continue"/>
		<feat xlink:href="#sSpan350" value="zero"/>
		<feat xlink:href="#sSpan352" value="establishment"/>
		<feat xlink:href="#sSpan353" value="zero"/>
		<feat xlink:href="#sSpan355" value="establishment"/>
		<feat xlink:href="#sSpan357" value="zero"/>
		<feat xlink:href="#sSpan358" value="null"/>
		<feat xlink:href="#sSpan360" value="null"/>
		<feat xlink:href="#sSpan361" value="null"/>
		<feat xlink:href="#sSpan362" value="establishment"/>
		<feat xlink:href="#sSpan364" value="smooth-shift"/>
		<feat xlink:href="#sSpan366" value="smooth-shift"/>
		<feat xlink:href="#sSpan367" value="smooth-shift"/>
		<feat xlink:href="#sSpan369" value="smooth-shift"/>
		<feat xlink:href="#sSpan370" value="smooth-shift"/>
		<feat xlink:href="#sSpan374" value="smooth-shift"/>
		<feat xlink:href="#sSpan378" value="zero"/>
		<feat xlink:href="#sSpan380" value="establishment"/>
		<feat xlink:href="#sSpan382" value="continue"/>
		<feat xlink:href="#sSpan383" value="continue"/>
		<feat xlink:href="#sSpan386" value="zero"/>
		<feat xlink:href="#sSpan388" value="establishment"/></featList></paula>