<?xml version="1.0" encoding="UTF-8" standalone="no"?>

<!DOCTYPE paula SYSTEM "paula_feat.dtd">
<paula version="1.0">

<header paula_id="const.GUM.GUM_news_warming_catConst_cat"/>

<featList xmlns:xlink="http://www.w3.org/1999/xlink" type="cat" xml:base="const.GUM.GUM_news_warming.catConst.xml">
  <feat xlink:href="#const_0_1" value="NP"/><!-- Scientists -->
  <feat xlink:href="#const_7_1" value="S"/><!-- Scientists ... crops -->
  <feat xlink:href="#const_8_1" value="ROOT"/><!-- Scientists ... crops -->
  <feat xlink:href="#const_6_2" value="VP"/><!-- analyse ... crops -->
  <feat xlink:href="#const_0_3" value="NP"/><!-- effects -->
  <feat xlink:href="#const_5_3" value="NP"/><!-- effects ... crops -->
  <feat xlink:href="#const_4_4" value="PP"/><!-- of ... crops -->
  <feat xlink:href="#const_0_5" value="NP"/><!-- global warming -->
  <feat xlink:href="#const_3_5" value="NP"/><!-- global ... crops -->
  <feat xlink:href="#const_0_8" value="NP"/><!-- atmospheric ozone -->
  <feat xlink:href="#const_2_8" value="NP"/><!-- atmospheric ... crops -->
  <feat xlink:href="#const_1_10" value="PP"/><!-- on crops -->
  <feat xlink:href="#const_0_11" value="NP"/><!-- crops -->
  <feat xlink:href="#const_0_12" value="NP"/><!-- Monday ... 2014 -->
  <feat xlink:href="#const_1_12" value="ROOT"/><!-- Monday ... 2014 -->
  <feat xlink:href="#const_0_18" value="NP"/><!-- A ... team -->
  <feat xlink:href="#const_8_18" value="NP"/><!-- A ... UK -->
  <feat xlink:href="#const_12_18" value="S"/><!-- A ... . -->
  <feat xlink:href="#const_13_18" value="ROOT"/><!-- A ... . -->
  <feat xlink:href="#const_7_21" value="PP"/><!-- from ... UK -->
  <feat xlink:href="#const_0_22" value="NP"/><!-- the ... Institute -->
  <feat xlink:href="#const_2_22" value="NP"/><!-- the ... Technology -->
  <feat xlink:href="#const_6_22" value="NP"/><!-- the ... UK -->
  <feat xlink:href="#const_1_25" value="PP"/><!-- of Technology -->
  <feat xlink:href="#const_0_26" value="NP"/><!-- Technology -->
  <feat xlink:href="#const_0_28" value="NP"/><!-- Colorado ... University -->
  <feat xlink:href="#const_2_28" value="NP"/><!-- Colorado ... US -->
  <feat xlink:href="#const_5_28" value="NP"/><!-- Colorado ... UK -->
  <feat xlink:href="#const_1_31" value="PP"/><!-- of ... US -->
  <feat xlink:href="#const_0_32" value="NP"/><!-- the US -->
  <feat xlink:href="#const_0_35" value="NP"/><!-- the University -->
  <feat xlink:href="#const_4_35" value="NP"/><!-- the ... UK -->
  <feat xlink:href="#const_3_37" value="PP"/><!-- of ... UK -->
  <feat xlink:href="#const_0_38" value="NP"/><!-- Sheffield -->
  <feat xlink:href="#const_2_38" value="NP"/><!-- Sheffield ... UK -->
  <feat xlink:href="#const_1_39" value="PP"/><!-- of ... UK -->
  <feat xlink:href="#const_0_40" value="NP"/><!-- the UK -->
  <feat xlink:href="#const_11_42" value="VP"/><!-- has ... soybean -->
  <feat xlink:href="#const_10_43" value="VP"/><!-- analysed ... soybean -->
  <feat xlink:href="#const_0_44" value="NP"/><!-- effects -->
  <feat xlink:href="#const_9_44" value="NP"/><!-- effects ... soybean -->
  <feat xlink:href="#const_8_45" value="PP"/><!-- of ... soybean -->
  <feat xlink:href="#const_0_46" value="NP"/><!-- global warming -->
  <feat xlink:href="#const_7_46" value="NP"/><!-- global ... soybean -->
  <feat xlink:href="#const_0_49" value="NP"/><!-- ozone pollution -->
  <feat xlink:href="#const_6_49" value="NP"/><!-- ozone ... soybean -->
  <feat xlink:href="#const_5_51" value="PP"/><!-- over ... soybean -->
  <feat xlink:href="#const_0_52" value="NP"/><!-- 2000 ... 2050 -->
  <feat xlink:href="#const_4_52" value="NP"/><!-- 2000 ... soybean -->
  <feat xlink:href="#const_3_55" value="PP"/><!-- on ... soybean -->
  <feat xlink:href="#const_0_56" value="NP"/><!-- the ... production -->
  <feat xlink:href="#const_2_56" value="NP"/><!-- the ... soybean -->
  <feat xlink:href="#const_1_59" value="PP"/><!-- of ... soybean -->
  <feat xlink:href="#const_0_60" value="NP"/><!-- wheat ... soybean -->
  <feat xlink:href="#const_0_68" value="NP"/><!-- The study -->
  <feat xlink:href="#const_4_68" value="S"/><!-- The ... . -->
  <feat xlink:href="#const_5_68" value="ROOT"/><!-- The ... . -->
  <feat xlink:href="#const_3_70" value="VP"/><!-- was ... yesterday -->
  <feat xlink:href="#const_2_71" value="VP"/><!-- published ... yesterday -->
  <feat xlink:href="#const_1_72" value="PP"/><!-- in ... Change -->
  <feat xlink:href="#const_0_73" value="NP"/><!-- journal ... Change -->
  <feat xlink:href="#const_0_77" value="NP"/><!-- yesterday -->
  <feat xlink:href="#const_0_79" value="NP"/><!-- The scientists -->
  <feat xlink:href="#const_8_79" value="S"/><!-- The ... . -->
  <feat xlink:href="#const_9_79" value="ROOT"/><!-- The ... . -->
  <feat xlink:href="#const_7_81" value="VP"/><!-- found ... examined -->
  <feat xlink:href="#const_0_82" value="NP"/><!-- reduction -->
  <feat xlink:href="#const_4_82" value="NP"/><!-- reduction ... 2050 -->
  <feat xlink:href="#const_5_82" value="S"/><!-- reduction ... examined -->
  <feat xlink:href="#const_6_82" value="SBAR"/><!-- reduction ... examined -->
  <feat xlink:href="#const_3_83" value="PP"/><!-- of ... 2050 -->
  <feat xlink:href="#const_0_84" value="NP"/><!-- crop yields -->
  <feat xlink:href="#const_2_84" value="NP"/><!-- crop ... 2050 -->
  <feat xlink:href="#const_1_86" value="PP"/><!-- by 2050 -->
  <feat xlink:href="#const_0_87" value="NP"/><!-- 2050 -->
  <feat xlink:href="#const_3_88" value="VP"/><!-- exceeded ... examined -->
  <feat xlink:href="#const_0_89" value="NP"/><!-- 10 % -->
  <feat xlink:href="#const_2_89" value="NP"/><!-- 10 ... levels -->
  <feat xlink:href="#const_1_91" value="PP"/><!-- of ... levels -->
  <feat xlink:href="#const_0_92" value="NP"/><!-- 2000 levels -->
  <feat xlink:href="#const_0_95" value="ADVP"/><!-- substantially -->
  <feat xlink:href="#const_1_95" value="VP"/><!-- substantially ... security -->
  <feat xlink:href="#const_2_95" value="S"/><!-- substantially ... security -->
  <feat xlink:href="#const_0_97" value="NP"/><!-- food security -->
  <feat xlink:href="#const_2_100" value="SBAR"/><!-- in ... examined -->
  <feat xlink:href="#const_0_101" value="NP"/><!-- all cases -->
  <feat xlink:href="#const_1_101" value="S"/><!-- all ... examined -->
  <feat xlink:href="#const_0_103" value="VP"/><!-- examined -->
  <feat xlink:href="#const_0_105" value="NP"/><!-- Several scenarios -->
  <feat xlink:href="#const_8_105" value="S"/><!-- Several ... . -->
  <feat xlink:href="#const_9_105" value="ROOT"/><!-- Several ... . -->
  <feat xlink:href="#const_7_107" value="VP"/><!-- were ... pollution -->
  <feat xlink:href="#const_6_108" value="VP"/><!-- considered ... pollution -->
  <feat xlink:href="#const_5_109" value="PP"/><!-- because ... pollution -->
  <feat xlink:href="#const_0_111" value="NP"/><!-- uncertainty -->
  <feat xlink:href="#const_4_111" value="NP"/><!-- uncertainty ... pollution -->
  <feat xlink:href="#const_3_112" value="PP"/><!-- of ... pollution -->
  <feat xlink:href="#const_0_113" value="NP"/><!-- future levels -->
  <feat xlink:href="#const_2_113" value="NP"/><!-- future ... pollution -->
  <feat xlink:href="#const_1_115" value="PP"/><!-- of ... pollution -->
  <feat xlink:href="#const_0_116" value="NP"/><!-- ozone pollution -->
  <feat xlink:href="#const_0_119" value="NP"/><!-- They -->
  <feat xlink:href="#const_4_119" value="S"/><!-- They ... population -->
  <feat xlink:href="#const_5_119" value="S"/><!-- They ... . -->
  <feat xlink:href="#const_6_119" value="ROOT"/><!-- They ... . -->
  <feat xlink:href="#const_3_120" value="VP"/><!-- estimated ... population -->
  <feat xlink:href="#const_1_121" value="PP"/><!-- by 2050 -->
  <feat xlink:href="#const_0_122" value="NP"/><!-- 2050 -->
  <feat xlink:href="#const_1_124" value="VP"/><!-- increasing population -->
  <feat xlink:href="#const_2_124" value="S"/><!-- increasing population -->
  <feat xlink:href="#const_0_125" value="NP"/><!-- population -->
  <feat xlink:href="#const_0_127" value="NP"/><!-- changing diet -->
  <feat xlink:href="#const_4_127" value="S"/><!-- changing ... percent -->
  <feat xlink:href="#const_3_129" value="VP"/><!-- would ... percent -->
  <feat xlink:href="#const_2_130" value="VP"/><!-- increase ... percent -->
  <feat xlink:href="#const_0_131" value="NP"/><!-- world ... needs -->
  <feat xlink:href="#const_1_134" value="PP"/><!-- by ... percent -->
  <feat xlink:href="#const_0_135" value="NP"/><!-- 50 percent -->
  <feat xlink:href="#const_3_138" value="SBAR"/><!-- As ... Post -->
  <feat xlink:href="#const_4_138" value="S"/><!-- As ... [...] -->
  <feat xlink:href="#const_5_138" value="ROOT"/><!-- As ... [...] -->
  <feat xlink:href="#const_0_139" value="NP"/><!-- coauthor ... Heald -->
  <feat xlink:href="#const_2_139" value="S"/><!-- coauthor ... Post -->
  <feat xlink:href="#const_1_142" value="VP"/><!-- told ... Post -->
  <feat xlink:href="#const_0_143" value="NP"/><!-- The ... Post -->
  <feat xlink:href="#const_0_148" value="NP"/><!-- The ... projections -->
  <feat xlink:href="#const_1_151" value="VP"/><!-- are ... consistent -->
  <feat xlink:href="#const_0_152" value="ADJP"/><!-- quite consistent -->
  <feat xlink:href="#const_0_155" value="NP"/><!-- the future -->
  <feat xlink:href="#const_2_155" value="NP"/><!-- the ... pollution -->
  <feat xlink:href="#const_8_155" value="S"/><!-- the ... . -->
  <feat xlink:href="#const_9_155" value="ROOT"/><!-- the ... . -->
  <feat xlink:href="#const_1_157" value="PP"/><!-- of ... pollution -->
  <feat xlink:href="#const_0_158" value="NP"/><!-- ozone pollution -->
  <feat xlink:href="#const_7_160" value="VP"/><!-- is ... &quot; -->
  <feat xlink:href="#const_0_161" value="ADJP"/><!-- very different -->
  <feat xlink:href="#const_1_161" value="FRAG"/><!-- very ... [...] -->
  <feat xlink:href="#const_2_161" value="NP"/><!-- very ... [...] -->
  <feat xlink:href="#const_3_161" value="NP"/><!-- very ... either -->
  <feat xlink:href="#const_6_161" value="S"/><!-- very ... &quot; -->
  <feat xlink:href="#const_0_164" value="NP"/><!-- leading -->
  <feat xlink:href="#const_2_164" value="PP"/><!-- leading ... either -->
  <feat xlink:href="#const_1_165" value="PP"/><!-- to either -->
  <feat xlink:href="#const_0_166" value="NP"/><!-- either -->
  <feat xlink:href="#const_5_167" value="VP"/><!-- offsetting ... &quot; -->
  <feat xlink:href="#const_0_170" value="NP"/><!-- effects -->
  <feat xlink:href="#const_4_170" value="NP"/><!-- effects ... &quot; -->
  <feat xlink:href="#const_3_171" value="PP"/><!-- [ ... crops -->
  <feat xlink:href="#const_0_173" value="NP"/><!-- climate ... ] -->
  <feat xlink:href="#const_2_173" value="NP"/><!-- climate ... crops -->
  <feat xlink:href="#const_1_176" value="PP"/><!-- on crops -->
  <feat xlink:href="#const_0_177" value="NP"/><!-- crops -->
  <feat xlink:href="#const_1_180" value="PP"/><!-- By 2050 -->
  <feat xlink:href="#const_5_180" value="S"/><!-- By ... . -->
  <feat xlink:href="#const_6_180" value="ROOT"/><!-- By ... . -->
  <feat xlink:href="#const_0_181" value="NP"/><!-- 2050 -->
  <feat xlink:href="#const_0_183" value="NP"/><!-- undernourishment -->
  <feat xlink:href="#const_4_184" value="VP"/><!-- would ... scenario -->
  <feat xlink:href="#const_3_185" value="VP"/><!-- increase ... scenario -->
  <feat xlink:href="#const_1_186" value="PP"/><!-- by ... percent -->
  <feat xlink:href="#const_2_186" value="PP"/><!-- by ... percent -->
  <feat xlink:href="#const_0_187" value="NP"/><!-- either ... percent -->
  <feat xlink:href="#const_1_191" value="PP"/><!-- by ... percent -->
  <feat xlink:href="#const_0_192" value="NP"/><!-- 27 percent -->
  <feat xlink:href="#const_2_195" value="PP"/><!-- depending ... scenario -->
  <feat xlink:href="#const_1_196" value="PP"/><!-- on ... scenario -->
  <feat xlink:href="#const_0_197" value="NP"/><!-- the scenario -->
  <feat xlink:href="#const_0_200" value="NP"/><!-- The study -->
  <feat xlink:href="#const_3_200" value="S"/><!-- The ... covariation -->
  <feat xlink:href="#const_4_200" value="S"/><!-- The ... . -->
  <feat xlink:href="#const_5_200" value="ROOT"/><!-- The ... . -->
  <feat xlink:href="#const_2_202" value="VP"/><!-- focuses ... covariation -->
  <feat xlink:href="#const_1_203" value="PP"/><!-- on ... covariation -->
  <feat xlink:href="#const_0_204" value="NP"/><!-- ozone-temperature covariation -->
  <feat xlink:href="#const_0_207" value="NP"/><!-- ground-level ozone -->
  <feat xlink:href="#const_3_207" value="S"/><!-- ground-level ... temperatures -->
  <feat xlink:href="#const_2_209" value="VP"/><!-- increases ... temperatures -->
  <feat xlink:href="#const_1_210" value="PP"/><!-- with temperatures -->
  <feat xlink:href="#const_0_211" value="NP"/><!-- temperatures -->
  <feat xlink:href="#const_0_213" value="NP"/><!-- Heald -->
  <feat xlink:href="#const_11_213" value="S"/><!-- Heald ... . -->
  <feat xlink:href="#const_12_213" value="ROOT"/><!-- Heald ... . -->
  <feat xlink:href="#const_10_214" value="VP"/><!-- said ... &quot; -->
  <feat xlink:href="#const_7_215" value="SBAR"/><!-- although ... yields -->
  <feat xlink:href="#const_8_215" value="S"/><!-- although ... &quot; -->
  <feat xlink:href="#const_9_215" value="SBAR"/><!-- although ... &quot; -->
  <feat xlink:href="#const_0_216" value="NP"/><!-- temperature ... ozone -->
  <feat xlink:href="#const_6_216" value="S"/><!-- temperature ... yields -->
  <feat xlink:href="#const_5_219" value="VP"/><!-- are ... yields -->
  <feat xlink:href="#const_0_220" value="ADVP"/><!-- separately -->
  <feat xlink:href="#const_4_221" value="VP"/><!-- known ... yields -->
  <feat xlink:href="#const_2_222" value="VP"/><!-- to ... yields -->
  <feat xlink:href="#const_3_222" value="S"/><!-- to ... yields -->
  <feat xlink:href="#const_1_223" value="VP"/><!-- impact ... yields -->
  <feat xlink:href="#const_0_224" value="NP"/><!-- crop yields -->
  <feat xlink:href="#const_0_228" value="NP"/><!-- nobody -->
  <feat xlink:href="#const_3_229" value="VP"/><!-- has ... &quot; -->
  <feat xlink:href="#const_2_230" value="VP"/><!-- looked ... &quot; -->
  <feat xlink:href="#const_1_231" value="PP"/><!-- at these -->
  <feat xlink:href="#const_0_232" value="NP"/><!-- these -->
  <feat xlink:href="#const_0_233" value="ADVP"/><!-- together -->
  <feat xlink:href="#const_2_236" value="PP"/><!-- Depending ... crops -->
  <feat xlink:href="#const_11_236" value="S"/><!-- Depending ... . -->
  <feat xlink:href="#const_12_236" value="ROOT"/><!-- Depending ... . -->
  <feat xlink:href="#const_1_237" value="PP"/><!-- on ... crops -->
  <feat xlink:href="#const_0_238" value="NP"/><!-- region ... crops -->
  <feat xlink:href="#const_0_242" value="NP"/><!-- the yields -->
  <feat xlink:href="#const_10_244" value="VP"/><!-- may ... regulation -->
  <feat xlink:href="#const_9_245" value="VP"/><!-- be ... regulation -->
  <feat xlink:href="#const_0_246" value="ADJP"/><!-- primarily sensitive -->
  <feat xlink:href="#const_6_248" value="PP"/><!-- to ... - -->
  <feat xlink:href="#const_0_249" value="NP"/><!-- ozone -->
  <feat xlink:href="#const_5_249" value="NP"/><!-- ozone ... - -->
  <feat xlink:href="#const_4_250" value="PRN"/><!-- - ... - -->
  <feat xlink:href="#const_3_251" value="PP"/><!-- in ... - -->
  <feat xlink:href="#const_0_252" value="NP"/><!-- the case -->
  <feat xlink:href="#const_2_252" value="NP"/><!-- the ... heat -->
  <feat xlink:href="#const_1_254" value="PP"/><!-- of ... heat -->
  <feat xlink:href="#const_0_255" value="NP"/><!-- wheat ... heat -->
  <feat xlink:href="#const_3_260" value="PP"/><!-- in ... maize -->
  <feat xlink:href="#const_0_261" value="NP"/><!-- the case -->
  <feat xlink:href="#const_2_261" value="NP"/><!-- the ... maize -->
  <feat xlink:href="#const_1_263" value="PP"/><!-- of maize -->
  <feat xlink:href="#const_0_264" value="NP"/><!-- maize -->
  <feat xlink:href="#const_0_266" value="ADVP"/><!-- alone -->
  <feat xlink:href="#const_7_268" value="VP"/><!-- providing ... regulation -->
  <feat xlink:href="#const_8_268" value="S"/><!-- providing ... regulation -->
  <feat xlink:href="#const_0_269" value="NP"/><!-- a ... estimation -->
  <feat xlink:href="#const_6_269" value="NP"/><!-- a ... regulation -->
  <feat xlink:href="#const_5_272" value="PP"/><!-- of ... regulation -->
  <feat xlink:href="#const_0_273" value="NP"/><!-- relative benefits -->
  <feat xlink:href="#const_4_273" value="NP"/><!-- relative ... regulation -->
  <feat xlink:href="#const_3_275" value="PP"/><!-- of ... regulation -->
  <feat xlink:href="#const_0_276" value="NP"/><!-- climate ... adaptation -->
  <feat xlink:href="#const_2_276" value="NP"/><!-- climate ... regulation -->
  <feat xlink:href="#const_1_279" value="PP"/><!-- versus ... regulation -->
  <feat xlink:href="#const_0_280" value="NP"/><!-- ozone regulation -->
  <feat xlink:href="#const_0_283" value="NP"/><!-- The ... Department -->
  <feat xlink:href="#const_2_283" value="NP"/><!-- The ... Agriculture -->
  <feat xlink:href="#const_9_283" value="S"/><!-- The ... . -->
  <feat xlink:href="#const_10_283" value="ROOT"/><!-- The ... . -->
  <feat xlink:href="#const_1_286" value="PP"/><!-- of Agriculture -->
  <feat xlink:href="#const_0_287" value="NP"/><!-- Agriculture -->
  <feat xlink:href="#const_8_288" value="VP"/><!-- notes ... agriculture -->
  <feat xlink:href="#const_7_289" value="PRN"/><!-- , ... , -->
  <feat xlink:href="#const_6_290" value="S"/><!-- &quot; ... &quot; -->
  <feat xlink:href="#const_0_291" value="NP"/><!-- Ground-level ozone -->
  <feat xlink:href="#const_5_293" value="VP"/><!-- causes ... combined -->
  <feat xlink:href="#const_0_294" value="NP"/><!-- more damage -->
  <feat xlink:href="#const_4_296" value="PP"/><!-- to ... combined -->
  <feat xlink:href="#const_0_297" value="NP"/><!-- plants -->
  <feat xlink:href="#const_3_297" value="NP"/><!-- plants ... combined -->
  <feat xlink:href="#const_2_298" value="PP"/><!-- than ... combined -->
  <feat xlink:href="#const_0_299" value="NP"/><!-- all ... pollutants -->
  <feat xlink:href="#const_1_299" value="NP"/><!-- all ... combined -->
  <feat xlink:href="#const_0_303" value="VP"/><!-- combined -->
  <feat xlink:href="#const_5_306" value="VP"/><!-- highlighting ... agriculture -->
  <feat xlink:href="#const_6_306" value="S"/><!-- highlighting ... agriculture -->
  <feat xlink:href="#const_0_307" value="NP"/><!-- the importance -->
  <feat xlink:href="#const_4_307" value="NP"/><!-- the ... agriculture -->
  <feat xlink:href="#const_3_309" value="PP"/><!-- of ... agriculture -->
  <feat xlink:href="#const_0_310" value="NP"/><!-- air quality -->
  <feat xlink:href="#const_2_310" value="NP"/><!-- air ... agriculture -->
  <feat xlink:href="#const_1_312" value="PP"/><!-- for agriculture -->
  <feat xlink:href="#const_0_313" value="NP"/><!-- agriculture -->
  <feat xlink:href="#const_0_315" value="NP"/><!-- Results -->
  <feat xlink:href="#const_5_315" value="NP"/><!-- Results ... , -->
  <feat xlink:href="#const_11_315" value="S"/><!-- Results ... . -->
  <feat xlink:href="#const_12_315" value="ROOT"/><!-- Results ... . -->
  <feat xlink:href="#const_1_316" value="PP"/><!-- of ... studies -->
  <feat xlink:href="#const_0_317" value="NP"/><!-- NCLAN studies -->
  <feat xlink:href="#const_4_320" value="VP"/><!-- published ... 1989 -->
  <feat xlink:href="#const_1_321" value="PP"/><!-- in ... paper -->
  <feat xlink:href="#const_0_322" value="NP"/><!-- a paper -->
  <feat xlink:href="#const_3_324" value="PP"/><!-- by ... 1989 -->
  <feat xlink:href="#const_0_325" value="NP"/><!-- AS Heagle -->
  <feat xlink:href="#const_2_325" value="NP"/><!-- AS ... 1989 -->
  <feat xlink:href="#const_1_327" value="PP"/><!-- in 1989 -->
  <feat xlink:href="#const_0_328" value="NP"/><!-- 1989 -->
  <feat xlink:href="#const_10_330" value="VP"/><!-- show ... wheat -->
  <feat xlink:href="#const_0_331" value="NP"/><!-- dicot species -->
  <feat xlink:href="#const_2_331" value="NP"/><!-- dicot ... , -->
  <feat xlink:href="#const_3_331" value="NP"/><!-- dicot ... , -->
  <feat xlink:href="#const_8_331" value="S"/><!-- dicot ... wheat -->
  <feat xlink:href="#const_9_331" value="SBAR"/><!-- dicot ... wheat -->
  <feat xlink:href="#const_1_334" value="PP"/><!-- such ... soybean -->
  <feat xlink:href="#const_0_336" value="NP"/><!-- soybean -->
  <feat xlink:href="#const_0_338" value="ADJP"/><!-- cotton ... , -->
  <feat xlink:href="#const_7_343" value="VP"/><!-- lose ... wheat -->
  <feat xlink:href="#const_0_344" value="NP"/><!-- more yield -->
  <feat xlink:href="#const_1_346" value="PP"/><!-- from ozone -->
  <feat xlink:href="#const_0_347" value="NP"/><!-- ozone -->
  <feat xlink:href="#const_6_348" value="ADVP"/><!-- than ... wheat -->
  <feat xlink:href="#const_4_349" value="VP"/><!-- do ... wheat -->
  <feat xlink:href="#const_5_349" value="S"/><!-- do ... wheat -->
  <feat xlink:href="#const_0_350" value="NP"/><!-- monocot species -->
  <feat xlink:href="#const_3_350" value="NP"/><!-- monocot ... wheat -->
  <feat xlink:href="#const_2_352" value="PP"/><!-- such ... wheat -->
  <feat xlink:href="#const_0_354" value="NP"/><!-- sorghum -->
  <feat xlink:href="#const_1_354" value="NP"/><!-- sorghum ... wheat -->
  <feat xlink:href="#const_0_356" value="NP"/><!-- field corn -->
  <feat xlink:href="#const_0_360" value="NP"/><!-- winter wheat -->
  <feat xlink:href="#const_0_363" value="NP"/><!-- The researchers -->
  <feat xlink:href="#const_8_363" value="S"/><!-- The ... . -->
  <feat xlink:href="#const_9_363" value="ROOT"/><!-- The ... . -->
  <feat xlink:href="#const_7_365" value="VP"/><!-- found ... crops -->
  <feat xlink:href="#const_6_366" value="SBAR"/><!-- that ... crops -->
  <feat xlink:href="#const_0_367" value="NP"/><!-- ozone pollution -->
  <feat xlink:href="#const_5_367" value="S"/><!-- ozone ... crops -->
  <feat xlink:href="#const_4_369" value="VP"/><!-- caused ... crops -->
  <feat xlink:href="#const_0_370" value="NP"/><!-- 46 percent -->
  <feat xlink:href="#const_3_370" value="NP"/><!-- 46 ... crops -->
  <feat xlink:href="#const_1_372" value="PP"/><!-- of previously -->
  <feat xlink:href="#const_0_373" value="ADVP"/><!-- previously -->
  <feat xlink:href="#const_2_374" value="VP"/><!-- heat-attributed ... crops -->
  <feat xlink:href="#const_0_375" value="NP"/><!-- damage -->
  <feat xlink:href="#const_1_376" value="PP"/><!-- to ... crops -->
  <feat xlink:href="#const_0_377" value="NP"/><!-- soybean crops -->
  <feat xlink:href="#const_0_380" value="NP"/><!-- The model -->
  <feat xlink:href="#const_10_380" value="S"/><!-- The ... . -->
  <feat xlink:href="#const_11_380" value="ROOT"/><!-- The ... . -->
  <feat xlink:href="#const_9_382" value="VP"/><!-- does ... supply -->
  <feat xlink:href="#const_8_384" value="VP"/><!-- include ... supply -->
  <feat xlink:href="#const_0_385" value="NP"/><!-- the effect -->
  <feat xlink:href="#const_7_385" value="NP"/><!-- the ... impacts -->
  <feat xlink:href="#const_6_387" value="PP"/><!-- of ... impacts -->
  <feat xlink:href="#const_0_388" value="NP"/><!-- rising ... concentration -->
  <feat xlink:href="#const_5_388" value="NP"/><!-- rising ... impacts -->
  <feat xlink:href="#const_0_393" value="WHNP"/><!-- which -->
  <feat xlink:href="#const_4_393" value="SBAR"/><!-- which ... impacts -->
  <feat xlink:href="#const_2_394" value="VP"/><!-- has ... impacts -->
  <feat xlink:href="#const_3_394" value="S"/><!-- has ... impacts -->
  <feat xlink:href="#const_0_395" value="ADJP"/><!-- complex ... potentially -->
  <feat xlink:href="#const_1_395" value="NP"/><!-- complex ... impacts -->
  <feat xlink:href="#const_1_400" value="PP"/><!-- on ... supply -->
  <feat xlink:href="#const_0_401" value="NP"/><!-- global ... supply -->
  <feat xlink:href="#const_0_405" value="NP"/><!-- The ... Agency -->
  <feat xlink:href="#const_9_405" value="S"/><!-- The ... . -->
  <feat xlink:href="#const_10_405" value="ROOT"/><!-- The ... . -->
  <feat xlink:href="#const_8_410" value="VP"/><!-- says ... dioxide -->
  <feat xlink:href="#const_0_411" value="NP"/><!-- some crops -->
  <feat xlink:href="#const_6_411" value="S"/><!-- some ... dioxide -->
  <feat xlink:href="#const_7_411" value="SBAR"/><!-- some ... dioxide -->
  <feat xlink:href="#const_5_413" value="VP"/><!-- may ... dioxide -->
  <feat xlink:href="#const_4_414" value="VP"/><!-- have ... dioxide -->
  <feat xlink:href="#const_0_415" value="NP"/><!-- higher yields -->
  <feat xlink:href="#const_3_417" value="PP"/><!-- with ... dioxide -->
  <feat xlink:href="#const_0_418" value="NP"/><!-- increased levels -->
  <feat xlink:href="#const_2_418" value="NP"/><!-- increased ... dioxide -->
  <feat xlink:href="#const_1_420" value="PP"/><!-- of ... dioxide -->
  <feat xlink:href="#const_0_421" value="NP"/><!-- carbon dioxide -->
  <feat xlink:href="#const_0_424" value="ADVP"/><!-- However -->
  <feat xlink:href="#const_7_424" value="S"/><!-- However ... . -->
  <feat xlink:href="#const_8_424" value="ROOT"/><!-- However ... . -->
  <feat xlink:href="#const_0_426" value="NP"/><!-- global warming -->
  <feat xlink:href="#const_0_428" value="ADVP"/><!-- also -->
  <feat xlink:href="#const_6_428" value="VP"/><!-- also ... temperatures -->
  <feat xlink:href="#const_0_430" value="NP"/><!-- probability -->
  <feat xlink:href="#const_5_430" value="NP"/><!-- probability ... temperatures -->
  <feat xlink:href="#const_4_431" value="PP"/><!-- of ... temperatures -->
  <feat xlink:href="#const_0_432" value="NP"/><!-- extreme ... events -->
  <feat xlink:href="#const_3_432" value="NP"/><!-- extreme ... temperatures -->
  <feat xlink:href="#const_2_436" value="PP"/><!-- such ... temperatures -->
  <feat xlink:href="#const_0_438" value="NP"/><!-- floods -->
  <feat xlink:href="#const_1_438" value="NP"/><!-- floods ... temperatures -->
  <feat xlink:href="#const_0_440" value="NP"/><!-- droughts -->
  <feat xlink:href="#const_0_443" value="NP"/><!-- extreme temperatures -->
  <feat xlink:href="#const_0_446" value="NP"/><!-- Climate change -->
  <feat xlink:href="#const_4_446" value="S"/><!-- Climate ... . -->
  <feat xlink:href="#const_5_446" value="ROOT"/><!-- Climate ... . -->
  <feat xlink:href="#const_3_448" value="VP"/><!-- affects ... diseases -->
  <feat xlink:href="#const_0_449" value="NP"/><!-- distribution -->
  <feat xlink:href="#const_2_449" value="NP"/><!-- distribution ... diseases -->
  <feat xlink:href="#const_1_450" value="PP"/><!-- of ... diseases -->
  <feat xlink:href="#const_0_451" value="NP"/><!-- weeds ... diseases -->
  <feat xlink:href="#const_0_458" value="NP"/><!-- Heald -->
  <feat xlink:href="#const_8_458" value="S"/><!-- Heald ... . -->
  <feat xlink:href="#const_9_458" value="ROOT"/><!-- Heald ... . -->
  <feat xlink:href="#const_7_459" value="VP"/><!-- noted ... important -->
  <feat xlink:href="#const_0_460" value="NP"/><!-- the findings -->
  <feat xlink:href="#const_5_460" value="S"/><!-- the ... important -->
  <feat xlink:href="#const_6_460" value="SBAR"/><!-- the ... important -->
  <feat xlink:href="#const_4_462" value="VP"/><!-- show ... important -->
  <feat xlink:href="#const_0_463" value="NP"/><!-- pollution reduction -->
  <feat xlink:href="#const_2_463" value="S"/><!-- pollution ... important -->
  <feat xlink:href="#const_3_463" value="SBAR"/><!-- pollution ... important -->
  <feat xlink:href="#const_1_465" value="VP"/><!-- is ... important -->
  <feat xlink:href="#const_0_466" value="ADVP"/><!-- also -->
  <feat xlink:href="#const_0_467" value="ADJP"/><!-- important -->
  <feat xlink:href="#const_3_469" value="S"/><!-- &quot; ... [...] -->
  <feat xlink:href="#const_4_469" value="ROOT"/><!-- &quot; ... [...] -->
  <feat xlink:href="#const_0_470" value="NP"/><!-- An ... cleanup -->
  <feat xlink:href="#const_2_473" value="VP"/><!-- would ... yields -->
  <feat xlink:href="#const_1_474" value="VP"/><!-- improve ... yields -->
  <feat xlink:href="#const_0_475" value="NP"/><!-- crop yields -->
  <feat xlink:href="#const_0_478" value="NP"/><!-- Ozone -->
  <feat xlink:href="#const_14_478" value="S"/><!-- Ozone ... &quot; -->
  <feat xlink:href="#const_15_478" value="ROOT"/><!-- Ozone ... &quot; -->
  <feat xlink:href="#const_13_479" value="VP"/><!-- is ... quality -->
  <feat xlink:href="#const_0_480" value="NP"/><!-- something -->
  <feat xlink:href="#const_5_480" value="NP"/><!-- something ... of -->
  <feat xlink:href="#const_12_480" value="NP"/><!-- something ... quality -->
  <feat xlink:href="#const_4_481" value="SBAR"/><!-- that ... of -->
  <feat xlink:href="#const_0_482" value="NP"/><!-- we -->
  <feat xlink:href="#const_3_482" value="S"/><!-- we ... of -->
  <feat xlink:href="#const_2_483" value="VP"/><!-- understand ... of -->
  <feat xlink:href="#const_0_484" value="NP"/><!-- the causes -->
  <feat xlink:href="#const_1_484" value="NP"/><!-- the ... of -->
  <feat xlink:href="#const_0_486" value="PP"/><!-- of -->
  <feat xlink:href="#const_0_489" value="NP"/><!-- the steps -->
  <feat xlink:href="#const_11_489" value="NP"/><!-- the ... quality -->
  <feat xlink:href="#const_0_491" value="WHNP"/><!-- that -->
  <feat xlink:href="#const_10_491" value="SBAR"/><!-- that ... quality -->
  <feat xlink:href="#const_8_492" value="VP"/><!-- need ... quality -->
  <feat xlink:href="#const_9_492" value="S"/><!-- need ... quality -->
  <feat xlink:href="#const_6_493" value="VP"/><!-- to ... quality -->
  <feat xlink:href="#const_7_493" value="S"/><!-- to ... quality -->
  <feat xlink:href="#const_5_494" value="VP"/><!-- be ... quality -->
  <feat xlink:href="#const_4_495" value="VP"/><!-- taken ... quality -->
  <feat xlink:href="#const_2_496" value="VP"/><!-- to ... quality -->
  <feat xlink:href="#const_3_496" value="S"/><!-- to ... quality -->
  <feat xlink:href="#const_1_497" value="VP"/><!-- improve ... quality -->
  <feat xlink:href="#const_0_498" value="NP"/><!-- air quality -->
  <feat xlink:href="#const_3_502" value="SBAR"/><!-- As ... Post -->
  <feat xlink:href="#const_4_502" value="S"/><!-- As ... . -->
  <feat xlink:href="#const_5_502" value="ROOT"/><!-- As ... . -->
  <feat xlink:href="#const_0_503" value="NP"/><!-- Heald -->
  <feat xlink:href="#const_2_503" value="S"/><!-- Heald ... Post -->
  <feat xlink:href="#const_1_504" value="VP"/><!-- told ... Post -->
  <feat xlink:href="#const_0_505" value="NP"/><!-- The ... Post -->
  <feat xlink:href="#const_0_509" value="NP"/><!-- US ... ozone -->
  <feat xlink:href="#const_3_512" value="VP"/><!-- has ... Act -->
  <feat xlink:href="#const_2_513" value="VP"/><!-- dropped ... Act -->
  <feat xlink:href="#const_0_514" value="ADJP"/><!-- partly due -->
  <feat xlink:href="#const_1_516" value="PP"/><!-- to ... Act -->
  <feat xlink:href="#const_0_517" value="NP"/><!-- the ... Act -->
  <feat xlink:href="#const_6_522" value="S"/><!-- &quot; ... [...] -->
  <feat xlink:href="#const_7_522" value="ROOT"/><!-- &quot; ... [...] -->
  <feat xlink:href="#const_5_523" value="PP"/><!-- Despite ... consumption -->
  <feat xlink:href="#const_0_524" value="NP"/><!-- an increase -->
  <feat xlink:href="#const_3_524" value="NP"/><!-- an ... driven -->
  <feat xlink:href="#const_4_524" value="NP"/><!-- an ... consumption -->
  <feat xlink:href="#const_2_526" value="PP"/><!-- in ... driven -->
  <feat xlink:href="#const_0_527" value="NP"/><!-- vehicle miles -->
  <feat xlink:href="#const_1_527" value="NP"/><!-- vehicle ... driven -->
  <feat xlink:href="#const_0_529" value="VP"/><!-- driven -->
  <feat xlink:href="#const_0_531" value="NP"/><!-- energy consumption -->
  <feat xlink:href="#const_0_534" value="NP"/><!-- surface ozone -->
  <feat xlink:href="#const_5_536" value="VP"/><!-- has ... 2012 -->
  <feat xlink:href="#const_4_537" value="VP"/><!-- declined ... 2012 -->
  <feat xlink:href="#const_3_538" value="PP"/><!-- by ... average -->
  <feat xlink:href="#const_0_539" value="NP"/><!-- 25 percent -->
  <feat xlink:href="#const_2_539" value="NP"/><!-- 25 ... average -->
  <feat xlink:href="#const_1_541" value="PP"/><!-- on average -->
  <feat xlink:href="#const_0_542" value="NP"/><!-- average -->
  <feat xlink:href="#const_1_543" value="PP"/><!-- across ... U.S. -->
  <feat xlink:href="#const_0_544" value="NP"/><!-- the U.S. -->
  <feat xlink:href="#const_1_546" value="PP"/><!-- from ... 2012 -->
  <feat xlink:href="#const_0_547" value="NP"/><!-- 1980 ... 2012 -->
  <feat xlink:href="#const_0_551" value="ADVP"/><!-- However -->
  <feat xlink:href="#const_8_551" value="S"/><!-- However ... &quot; -->
  <feat xlink:href="#const_9_551" value="ROOT"/><!-- However ... &quot; -->
  <feat xlink:href="#const_0_553" value="NP"/><!-- the future -->
  <feat xlink:href="#const_5_553" value="NP"/><!-- the ... world -->
  <feat xlink:href="#const_4_555" value="PP"/><!-- of ... world -->
  <feat xlink:href="#const_0_556" value="NP"/><!-- ozone ... quality -->
  <feat xlink:href="#const_3_556" value="NP"/><!-- ozone ... world -->
  <feat xlink:href="#const_1_559" value="PP"/><!-- in ... U.S. -->
  <feat xlink:href="#const_2_559" value="PP"/><!-- in ... world -->
  <feat xlink:href="#const_0_560" value="NP"/><!-- the U.S. -->
  <feat xlink:href="#const_1_563" value="PP"/><!-- around ... world -->
  <feat xlink:href="#const_0_564" value="NP"/><!-- the world -->
  <feat xlink:href="#const_7_566" value="VP"/><!-- will ... policy -->
  <feat xlink:href="#const_6_567" value="VP"/><!-- depend ... policy -->
  <feat xlink:href="#const_5_568" value="PP"/><!-- on ... policy -->
  <feat xlink:href="#const_0_569" value="NP"/><!-- local emissions -->
  <feat xlink:href="#const_4_569" value="NP"/><!-- local ... policy -->
  <feat xlink:href="#const_0_572" value="NP"/><!-- the use -->
  <feat xlink:href="#const_3_572" value="NP"/><!-- the ... policy -->
  <feat xlink:href="#const_2_574" value="PP"/><!-- of ... policy -->
  <feat xlink:href="#const_0_575" value="NP"/><!-- pollution ... technology -->
  <feat xlink:href="#const_1_575" value="NP"/><!-- pollution ... policy -->
  <feat xlink:href="#const_0_579" value="NP"/><!-- regulations -->
  <feat xlink:href="#const_0_582" value="NP"/><!-- air ... policy -->
  <feat xlink:href="#const_0_587" value="NP"/><!-- The study -->
  <feat xlink:href="#const_5_587" value="S"/><!-- The ... . -->
  <feat xlink:href="#const_6_587" value="ROOT"/><!-- The ... . -->
  <feat xlink:href="#const_4_589" value="VP"/><!-- was ... Service -->
  <feat xlink:href="#const_3_590" value="VP"/><!-- supported ... Service -->
  <feat xlink:href="#const_2_591" value="PP"/><!-- by ... Service -->
  <feat xlink:href="#const_0_592" value="NP"/><!-- the ... Foundation -->
  <feat xlink:href="#const_1_592" value="NP"/><!-- the ... Service -->
  <feat xlink:href="#const_0_596" value="NP"/><!-- US ... Foundation -->
  <feat xlink:href="#const_0_602" value="NP"/><!-- US ... Service -->
</featList>
</paula>
