<?xml version="1.0" standalone="no"?>

<!DOCTYPE paula SYSTEM "paula_rel.dtd">
<paula version="1.0">

<header paula_id="dep.GUM.GUM_news_warming_dep"/>

<relList xmlns:xlink="http://www.w3.org/1999/xlink" type="dep" xml:base="GUM.GUM_news_warming.tok.xml">
<rel id="rel_1" xlink:href="#tok_2" target="#tok_1"/>
<rel id="rel_3" xlink:href="#tok_2" target="#tok_3"/>
<rel id="rel_4" xlink:href="#tok_3" target="#tok_4"/>
<rel id="rel_5" xlink:href="#tok_6" target="#tok_5"/>
<rel id="rel_6" xlink:href="#tok_4" target="#tok_6"/>
<rel id="rel_8" xlink:href="#tok_9" target="#tok_8"/>
<rel id="rel_9" xlink:href="#tok_6" target="#tok_9"/>
<rel id="rel_10" xlink:href="#tok_9" target="#tok_10"/>
<rel id="rel_11" xlink:href="#tok_10" target="#tok_11"/>
<rel id="rel_14" xlink:href="#tok_15" target="#tok_14"/>
<rel id="rel_15" xlink:href="#tok_12" target="#tok_15"/>
<rel id="rel_17" xlink:href="#tok_14" target="#tok_17"/>
<rel id="rel_18" xlink:href="#tok_20" target="#tok_18"/>
<rel id="rel_19" xlink:href="#tok_20" target="#tok_19"/>
<rel id="rel_20" xlink:href="#tok_43" target="#tok_20"/>
<rel id="rel_21" xlink:href="#tok_20" target="#tok_21"/>
<rel id="rel_22" xlink:href="#tok_24" target="#tok_22"/>
<rel id="rel_23" xlink:href="#tok_24" target="#tok_23"/>
<rel id="rel_24" xlink:href="#tok_21" target="#tok_24"/>
<rel id="rel_25" xlink:href="#tok_24" target="#tok_25"/>
<rel id="rel_26" xlink:href="#tok_25" target="#tok_26"/>
<rel id="rel_27" xlink:href="#tok_24" target="#tok_27"/>
<rel id="rel_28" xlink:href="#tok_30" target="#tok_28"/>
<rel id="rel_29" xlink:href="#tok_30" target="#tok_29"/>
<rel id="rel_30" xlink:href="#tok_24" target="#tok_30"/>
<rel id="rel_31" xlink:href="#tok_30" target="#tok_31"/>
<rel id="rel_32" xlink:href="#tok_33" target="#tok_32"/>
<rel id="rel_33" xlink:href="#tok_31" target="#tok_33"/>
<rel id="rel_34" xlink:href="#tok_30" target="#tok_34"/>
<rel id="rel_35" xlink:href="#tok_36" target="#tok_35"/>
<rel id="rel_36" xlink:href="#tok_30" target="#tok_36"/>
<rel id="rel_37" xlink:href="#tok_36" target="#tok_37"/>
<rel id="rel_38" xlink:href="#tok_37" target="#tok_38"/>
<rel id="rel_39" xlink:href="#tok_38" target="#tok_39"/>
<rel id="rel_40" xlink:href="#tok_41" target="#tok_40"/>
<rel id="rel_41" xlink:href="#tok_39" target="#tok_41"/>
<rel id="rel_42" xlink:href="#tok_43" target="#tok_42"/>
<rel id="rel_44" xlink:href="#tok_43" target="#tok_44"/>
<rel id="rel_45" xlink:href="#tok_44" target="#tok_45"/>
<rel id="rel_46" xlink:href="#tok_47" target="#tok_46"/>
<rel id="rel_47" xlink:href="#tok_45" target="#tok_47"/>
<rel id="rel_48" xlink:href="#tok_47" target="#tok_48"/>
<rel id="rel_49" xlink:href="#tok_50" target="#tok_49"/>
<rel id="rel_50" xlink:href="#tok_47" target="#tok_50"/>
<rel id="rel_51" xlink:href="#tok_50" target="#tok_51"/>
<rel id="rel_52" xlink:href="#tok_51" target="#tok_52"/>
<rel id="rel_53" xlink:href="#tok_52" target="#tok_53"/>
<rel id="rel_54" xlink:href="#tok_53" target="#tok_54"/>
<rel id="rel_55" xlink:href="#tok_54" target="#tok_55"/>
<rel id="rel_56" xlink:href="#tok_58" target="#tok_56"/>
<rel id="rel_57" xlink:href="#tok_58" target="#tok_57"/>
<rel id="rel_58" xlink:href="#tok_55" target="#tok_58"/>
<rel id="rel_59" xlink:href="#tok_58" target="#tok_59"/>
<rel id="rel_60" xlink:href="#tok_59" target="#tok_60"/>
<rel id="rel_62" xlink:href="#tok_60" target="#tok_62"/>
<rel id="rel_64" xlink:href="#tok_60" target="#tok_64"/>
<rel id="rel_65" xlink:href="#tok_60" target="#tok_65"/>
<rel id="rel_66" xlink:href="#tok_60" target="#tok_66"/>
<rel id="rel_68" xlink:href="#tok_69" target="#tok_68"/>
<rel id="rel_69" xlink:href="#tok_71" target="#tok_69"/>
<rel id="rel_70" xlink:href="#tok_71" target="#tok_70"/>
<rel id="rel_72" xlink:href="#tok_71" target="#tok_72"/>
<rel id="rel_73" xlink:href="#tok_72" target="#tok_73"/>
<rel id="rel_74" xlink:href="#tok_75" target="#tok_74"/>
<rel id="rel_75" xlink:href="#tok_76" target="#tok_75"/>
<rel id="rel_76" xlink:href="#tok_73" target="#tok_76"/>
<rel id="rel_77" xlink:href="#tok_71" target="#tok_77"/>
<rel id="rel_79" xlink:href="#tok_80" target="#tok_79"/>
<rel id="rel_80" xlink:href="#tok_81" target="#tok_80"/>
<rel id="rel_82" xlink:href="#tok_88" target="#tok_82"/>
<rel id="rel_83" xlink:href="#tok_82" target="#tok_83"/>
<rel id="rel_84" xlink:href="#tok_85" target="#tok_84"/>
<rel id="rel_85" xlink:href="#tok_83" target="#tok_85"/>
<rel id="rel_86" xlink:href="#tok_85" target="#tok_86"/>
<rel id="rel_87" xlink:href="#tok_86" target="#tok_87"/>
<rel id="rel_88" xlink:href="#tok_81" target="#tok_88"/>
<rel id="rel_89" xlink:href="#tok_90" target="#tok_89"/>
<rel id="rel_90" xlink:href="#tok_88" target="#tok_90"/>
<rel id="rel_91" xlink:href="#tok_90" target="#tok_91"/>
<rel id="rel_92" xlink:href="#tok_93" target="#tok_92"/>
<rel id="rel_93" xlink:href="#tok_91" target="#tok_93"/>
<rel id="rel_95" xlink:href="#tok_96" target="#tok_95"/>
<rel id="rel_96" xlink:href="#tok_88" target="#tok_96"/>
<rel id="rel_97" xlink:href="#tok_98" target="#tok_97"/>
<rel id="rel_98" xlink:href="#tok_96" target="#tok_98"/>
<rel id="rel_100" xlink:href="#tok_88" target="#tok_100"/>
<rel id="rel_101" xlink:href="#tok_102" target="#tok_101"/>
<rel id="rel_102" xlink:href="#tok_100" target="#tok_102"/>
<rel id="rel_103" xlink:href="#tok_102" target="#tok_103"/>
<rel id="rel_105" xlink:href="#tok_106" target="#tok_105"/>
<rel id="rel_106" xlink:href="#tok_108" target="#tok_106"/>
<rel id="rel_107" xlink:href="#tok_108" target="#tok_107"/>
<rel id="rel_109" xlink:href="#tok_110" target="#tok_109"/>
<rel id="rel_110" xlink:href="#tok_108" target="#tok_110"/>
<rel id="rel_111" xlink:href="#tok_110" target="#tok_111"/>
<rel id="rel_112" xlink:href="#tok_111" target="#tok_112"/>
<rel id="rel_113" xlink:href="#tok_114" target="#tok_113"/>
<rel id="rel_114" xlink:href="#tok_112" target="#tok_114"/>
<rel id="rel_115" xlink:href="#tok_114" target="#tok_115"/>
<rel id="rel_116" xlink:href="#tok_117" target="#tok_116"/>
<rel id="rel_117" xlink:href="#tok_115" target="#tok_117"/>
<rel id="rel_119" xlink:href="#tok_120" target="#tok_119"/>
<rel id="rel_121" xlink:href="#tok_120" target="#tok_121"/>
<rel id="rel_122" xlink:href="#tok_121" target="#tok_122"/>
<rel id="rel_124" xlink:href="#tok_125" target="#tok_124"/>
<rel id="rel_125" xlink:href="#tok_130" target="#tok_125"/>
<rel id="rel_126" xlink:href="#tok_125" target="#tok_126"/>
<rel id="rel_127" xlink:href="#tok_128" target="#tok_127"/>
<rel id="rel_128" xlink:href="#tok_125" target="#tok_128"/>
<rel id="rel_129" xlink:href="#tok_130" target="#tok_129"/>
<rel id="rel_130" xlink:href="#tok_120" target="#tok_130"/>
<rel id="rel_131" xlink:href="#tok_133" target="#tok_131"/>
<rel id="rel_132" xlink:href="#tok_133" target="#tok_132"/>
<rel id="rel_133" xlink:href="#tok_130" target="#tok_133"/>
<rel id="rel_134" xlink:href="#tok_130" target="#tok_134"/>
<rel id="rel_135" xlink:href="#tok_136" target="#tok_135"/>
<rel id="rel_136" xlink:href="#tok_134" target="#tok_136"/>
<rel id="rel_138" xlink:href="#tok_142" target="#tok_138"/>
<rel id="rel_139" xlink:href="#tok_142" target="#tok_139"/>
<rel id="rel_140" xlink:href="#tok_141" target="#tok_140"/>
<rel id="rel_141" xlink:href="#tok_139" target="#tok_141"/>
<rel id="rel_142" xlink:href="#tok_153" target="#tok_142"/>
<rel id="rel_143" xlink:href="#tok_145" target="#tok_143"/>
<rel id="rel_144" xlink:href="#tok_145" target="#tok_144"/>
<rel id="rel_145" xlink:href="#tok_142" target="#tok_145"/>
<rel id="rel_148" xlink:href="#tok_150" target="#tok_148"/>
<rel id="rel_149" xlink:href="#tok_150" target="#tok_149"/>
<rel id="rel_150" xlink:href="#tok_153" target="#tok_150"/>
<rel id="rel_151" xlink:href="#tok_153" target="#tok_151"/>
<rel id="rel_152" xlink:href="#tok_153" target="#tok_152"/>
<rel id="rel_155" xlink:href="#tok_156" target="#tok_155"/>
<rel id="rel_156" xlink:href="#tok_160" target="#tok_156"/>
<rel id="rel_157" xlink:href="#tok_156" target="#tok_157"/>
<rel id="rel_158" xlink:href="#tok_159" target="#tok_158"/>
<rel id="rel_159" xlink:href="#tok_157" target="#tok_159"/>
<rel id="rel_161" xlink:href="#tok_162" target="#tok_161"/>
<rel id="rel_162" xlink:href="#tok_160" target="#tok_162"/>
<rel id="rel_164" xlink:href="#tok_162" target="#tok_164"/>
<rel id="rel_165" xlink:href="#tok_164" target="#tok_165"/>
<rel id="rel_166" xlink:href="#tok_167" target="#tok_166"/>
<rel id="rel_167" xlink:href="#tok_165" target="#tok_167"/>
<rel id="rel_168" xlink:href="#tok_167" target="#tok_168"/>
<rel id="rel_169" xlink:href="#tok_167" target="#tok_169"/>
<rel id="rel_170" xlink:href="#tok_165" target="#tok_170"/>
<rel id="rel_172" xlink:href="#tok_170" target="#tok_172"/>
<rel id="rel_173" xlink:href="#tok_174" target="#tok_173"/>
<rel id="rel_174" xlink:href="#tok_172" target="#tok_174"/>
<rel id="rel_176" xlink:href="#tok_174" target="#tok_176"/>
<rel id="rel_177" xlink:href="#tok_176" target="#tok_177"/>
<rel id="rel_180" xlink:href="#tok_185" target="#tok_180"/>
<rel id="rel_181" xlink:href="#tok_180" target="#tok_181"/>
<rel id="rel_183" xlink:href="#tok_185" target="#tok_183"/>
<rel id="rel_184" xlink:href="#tok_185" target="#tok_184"/>
<rel id="rel_186" xlink:href="#tok_185" target="#tok_186"/>
<rel id="rel_187" xlink:href="#tok_189" target="#tok_187"/>
<rel id="rel_188" xlink:href="#tok_189" target="#tok_188"/>
<rel id="rel_189" xlink:href="#tok_186" target="#tok_189"/>
<rel id="rel_190" xlink:href="#tok_186" target="#tok_190"/>
<rel id="rel_191" xlink:href="#tok_186" target="#tok_191"/>
<rel id="rel_192" xlink:href="#tok_193" target="#tok_192"/>
<rel id="rel_193" xlink:href="#tok_191" target="#tok_193"/>
<rel id="rel_195" xlink:href="#tok_185" target="#tok_195"/>
<rel id="rel_196" xlink:href="#tok_195" target="#tok_196"/>
<rel id="rel_197" xlink:href="#tok_198" target="#tok_197"/>
<rel id="rel_198" xlink:href="#tok_196" target="#tok_198"/>
<rel id="rel_200" xlink:href="#tok_201" target="#tok_200"/>
<rel id="rel_201" xlink:href="#tok_202" target="#tok_201"/>
<rel id="rel_203" xlink:href="#tok_202" target="#tok_203"/>
<rel id="rel_204" xlink:href="#tok_205" target="#tok_204"/>
<rel id="rel_205" xlink:href="#tok_203" target="#tok_205"/>
<rel id="rel_207" xlink:href="#tok_208" target="#tok_207"/>
<rel id="rel_208" xlink:href="#tok_209" target="#tok_208"/>
<rel id="rel_209" xlink:href="#tok_202" target="#tok_209"/>
<rel id="rel_210" xlink:href="#tok_209" target="#tok_210"/>
<rel id="rel_211" xlink:href="#tok_210" target="#tok_211"/>
<rel id="rel_213" xlink:href="#tok_214" target="#tok_213"/>
<rel id="rel_215" xlink:href="#tok_221" target="#tok_215"/>
<rel id="rel_216" xlink:href="#tok_223" target="#tok_216"/>
<rel id="rel_217" xlink:href="#tok_216" target="#tok_217"/>
<rel id="rel_218" xlink:href="#tok_216" target="#tok_218"/>
<rel id="rel_219" xlink:href="#tok_221" target="#tok_219"/>
<rel id="rel_220" xlink:href="#tok_221" target="#tok_220"/>
<rel id="rel_221" xlink:href="#tok_230" target="#tok_221"/>
<rel id="rel_222" xlink:href="#tok_223" target="#tok_222"/>
<rel id="rel_223" xlink:href="#tok_221" target="#tok_223"/>
<rel id="rel_224" xlink:href="#tok_225" target="#tok_224"/>
<rel id="rel_225" xlink:href="#tok_223" target="#tok_225"/>
<rel id="rel_228" xlink:href="#tok_230" target="#tok_228"/>
<rel id="rel_229" xlink:href="#tok_230" target="#tok_229"/>
<rel id="rel_230" xlink:href="#tok_214" target="#tok_230"/>
<rel id="rel_231" xlink:href="#tok_230" target="#tok_231"/>
<rel id="rel_232" xlink:href="#tok_231" target="#tok_232"/>
<rel id="rel_233" xlink:href="#tok_230" target="#tok_233"/>
<rel id="rel_236" xlink:href="#tok_247" target="#tok_236"/>
<rel id="rel_237" xlink:href="#tok_236" target="#tok_237"/>
<rel id="rel_238" xlink:href="#tok_237" target="#tok_238"/>
<rel id="rel_239" xlink:href="#tok_238" target="#tok_239"/>
<rel id="rel_240" xlink:href="#tok_238" target="#tok_240"/>
<rel id="rel_242" xlink:href="#tok_243" target="#tok_242"/>
<rel id="rel_243" xlink:href="#tok_247" target="#tok_243"/>
<rel id="rel_244" xlink:href="#tok_247" target="#tok_244"/>
<rel id="rel_245" xlink:href="#tok_247" target="#tok_245"/>
<rel id="rel_246" xlink:href="#tok_247" target="#tok_246"/>
<rel id="rel_248" xlink:href="#tok_247" target="#tok_248"/>
<rel id="rel_249" xlink:href="#tok_248" target="#tok_249"/>
<rel id="rel_251" xlink:href="#tok_249" target="#tok_251"/>
<rel id="rel_252" xlink:href="#tok_253" target="#tok_252"/>
<rel id="rel_253" xlink:href="#tok_251" target="#tok_253"/>
<rel id="rel_254" xlink:href="#tok_253" target="#tok_254"/>
<rel id="rel_255" xlink:href="#tok_254" target="#tok_255"/>
<rel id="rel_257" xlink:href="#tok_249" target="#tok_257"/>
<rel id="rel_258" xlink:href="#tok_249" target="#tok_258"/>
<rel id="rel_260" xlink:href="#tok_258" target="#tok_260"/>
<rel id="rel_261" xlink:href="#tok_262" target="#tok_261"/>
<rel id="rel_262" xlink:href="#tok_260" target="#tok_262"/>
<rel id="rel_263" xlink:href="#tok_262" target="#tok_263"/>
<rel id="rel_264" xlink:href="#tok_263" target="#tok_264"/>
<rel id="rel_266" xlink:href="#tok_247" target="#tok_266"/>
<rel id="rel_268" xlink:href="#tok_247" target="#tok_268"/>
<rel id="rel_269" xlink:href="#tok_271" target="#tok_269"/>
<rel id="rel_270" xlink:href="#tok_271" target="#tok_270"/>
<rel id="rel_271" xlink:href="#tok_268" target="#tok_271"/>
<rel id="rel_272" xlink:href="#tok_271" target="#tok_272"/>
<rel id="rel_273" xlink:href="#tok_274" target="#tok_273"/>
<rel id="rel_274" xlink:href="#tok_272" target="#tok_274"/>
<rel id="rel_275" xlink:href="#tok_274" target="#tok_275"/>
<rel id="rel_276" xlink:href="#tok_278" target="#tok_276"/>
<rel id="rel_277" xlink:href="#tok_278" target="#tok_277"/>
<rel id="rel_278" xlink:href="#tok_275" target="#tok_278"/>
<rel id="rel_279" xlink:href="#tok_278" target="#tok_279"/>
<rel id="rel_280" xlink:href="#tok_281" target="#tok_280"/>
<rel id="rel_281" xlink:href="#tok_278" target="#tok_281"/>
<rel id="rel_283" xlink:href="#tok_285" target="#tok_283"/>
<rel id="rel_284" xlink:href="#tok_285" target="#tok_284"/>
<rel id="rel_285" xlink:href="#tok_288" target="#tok_285"/>
<rel id="rel_286" xlink:href="#tok_285" target="#tok_286"/>
<rel id="rel_287" xlink:href="#tok_286" target="#tok_287"/>
<rel id="rel_291" xlink:href="#tok_292" target="#tok_291"/>
<rel id="rel_292" xlink:href="#tok_293" target="#tok_292"/>
<rel id="rel_293" xlink:href="#tok_288" target="#tok_293"/>
<rel id="rel_294" xlink:href="#tok_295" target="#tok_294"/>
<rel id="rel_295" xlink:href="#tok_293" target="#tok_295"/>
<rel id="rel_296" xlink:href="#tok_293" target="#tok_296"/>
<rel id="rel_297" xlink:href="#tok_296" target="#tok_297"/>
<rel id="rel_298" xlink:href="#tok_295" target="#tok_298"/>
<rel id="rel_299" xlink:href="#tok_302" target="#tok_299"/>
<rel id="rel_300" xlink:href="#tok_302" target="#tok_300"/>
<rel id="rel_301" xlink:href="#tok_302" target="#tok_301"/>
<rel id="rel_302" xlink:href="#tok_298" target="#tok_302"/>
<rel id="rel_303" xlink:href="#tok_302" target="#tok_303"/>
<rel id="rel_306" xlink:href="#tok_288" target="#tok_306"/>
<rel id="rel_307" xlink:href="#tok_308" target="#tok_307"/>
<rel id="rel_308" xlink:href="#tok_306" target="#tok_308"/>
<rel id="rel_309" xlink:href="#tok_308" target="#tok_309"/>
<rel id="rel_310" xlink:href="#tok_311" target="#tok_310"/>
<rel id="rel_311" xlink:href="#tok_309" target="#tok_311"/>
<rel id="rel_312" xlink:href="#tok_311" target="#tok_312"/>
<rel id="rel_313" xlink:href="#tok_312" target="#tok_313"/>
<rel id="rel_315" xlink:href="#tok_330" target="#tok_315"/>
<rel id="rel_316" xlink:href="#tok_315" target="#tok_316"/>
<rel id="rel_317" xlink:href="#tok_318" target="#tok_317"/>
<rel id="rel_318" xlink:href="#tok_316" target="#tok_318"/>
<rel id="rel_320" xlink:href="#tok_315" target="#tok_320"/>
<rel id="rel_321" xlink:href="#tok_320" target="#tok_321"/>
<rel id="rel_322" xlink:href="#tok_323" target="#tok_322"/>
<rel id="rel_323" xlink:href="#tok_321" target="#tok_323"/>
<rel id="rel_324" xlink:href="#tok_320" target="#tok_324"/>
<rel id="rel_325" xlink:href="#tok_326" target="#tok_325"/>
<rel id="rel_326" xlink:href="#tok_324" target="#tok_326"/>
<rel id="rel_327" xlink:href="#tok_320" target="#tok_327"/>
<rel id="rel_328" xlink:href="#tok_327" target="#tok_328"/>
<rel id="rel_331" xlink:href="#tok_332" target="#tok_331"/>
<rel id="rel_332" xlink:href="#tok_343" target="#tok_332"/>
<rel id="rel_334" xlink:href="#tok_335" target="#tok_334"/>
<rel id="rel_335" xlink:href="#tok_332" target="#tok_335"/>
<rel id="rel_336" xlink:href="#tok_335" target="#tok_336"/>
<rel id="rel_338" xlink:href="#tok_336" target="#tok_338"/>
<rel id="rel_340" xlink:href="#tok_336" target="#tok_340"/>
<rel id="rel_341" xlink:href="#tok_336" target="#tok_341"/>
<rel id="rel_343" xlink:href="#tok_330" target="#tok_343"/>
<rel id="rel_344" xlink:href="#tok_345" target="#tok_344"/>
<rel id="rel_345" xlink:href="#tok_343" target="#tok_345"/>
<rel id="rel_346" xlink:href="#tok_343" target="#tok_346"/>
<rel id="rel_347" xlink:href="#tok_346" target="#tok_347"/>
<rel id="rel_348" xlink:href="#tok_345" target="#tok_348"/>
<rel id="rel_349" xlink:href="#tok_348" target="#tok_349"/>
<rel id="rel_350" xlink:href="#tok_351" target="#tok_350"/>
<rel id="rel_351" xlink:href="#tok_348" target="#tok_351"/>
<rel id="rel_352" xlink:href="#tok_353" target="#tok_352"/>
<rel id="rel_353" xlink:href="#tok_351" target="#tok_353"/>
<rel id="rel_354" xlink:href="#tok_353" target="#tok_354"/>
<rel id="rel_356" xlink:href="#tok_357" target="#tok_356"/>
<rel id="rel_357" xlink:href="#tok_354" target="#tok_357"/>
<rel id="rel_359" xlink:href="#tok_354" target="#tok_359"/>
<rel id="rel_360" xlink:href="#tok_361" target="#tok_360"/>
<rel id="rel_361" xlink:href="#tok_354" target="#tok_361"/>
<rel id="rel_363" xlink:href="#tok_364" target="#tok_363"/>
<rel id="rel_364" xlink:href="#tok_365" target="#tok_364"/>
<rel id="rel_366" xlink:href="#tok_369" target="#tok_366"/>
<rel id="rel_367" xlink:href="#tok_368" target="#tok_367"/>
<rel id="rel_368" xlink:href="#tok_369" target="#tok_368"/>
<rel id="rel_369" xlink:href="#tok_365" target="#tok_369"/>
<rel id="rel_370" xlink:href="#tok_371" target="#tok_370"/>
<rel id="rel_371" xlink:href="#tok_369" target="#tok_371"/>
<rel id="rel_372" xlink:href="#tok_371" target="#tok_372"/>
<rel id="rel_373" xlink:href="#tok_374" target="#tok_373"/>
<rel id="rel_374" xlink:href="#tok_375" target="#tok_374"/>
<rel id="rel_375" xlink:href="#tok_372" target="#tok_375"/>
<rel id="rel_376" xlink:href="#tok_375" target="#tok_376"/>
<rel id="rel_377" xlink:href="#tok_378" target="#tok_377"/>
<rel id="rel_378" xlink:href="#tok_376" target="#tok_378"/>
<rel id="rel_380" xlink:href="#tok_381" target="#tok_380"/>
<rel id="rel_381" xlink:href="#tok_384" target="#tok_381"/>
<rel id="rel_382" xlink:href="#tok_384" target="#tok_382"/>
<rel id="rel_383" xlink:href="#tok_384" target="#tok_383"/>
<rel id="rel_385" xlink:href="#tok_386" target="#tok_385"/>
<rel id="rel_386" xlink:href="#tok_384" target="#tok_386"/>
<rel id="rel_387" xlink:href="#tok_386" target="#tok_387"/>
<rel id="rel_388" xlink:href="#tok_391" target="#tok_388"/>
<rel id="rel_389" xlink:href="#tok_391" target="#tok_389"/>
<rel id="rel_390" xlink:href="#tok_391" target="#tok_390"/>
<rel id="rel_391" xlink:href="#tok_387" target="#tok_391"/>
<rel id="rel_393" xlink:href="#tok_394" target="#tok_393"/>
<rel id="rel_394" xlink:href="#tok_386" target="#tok_394"/>
<rel id="rel_395" xlink:href="#tok_399" target="#tok_395"/>
<rel id="rel_396" xlink:href="#tok_395" target="#tok_396"/>
<rel id="rel_397" xlink:href="#tok_395" target="#tok_397"/>
<rel id="rel_398" xlink:href="#tok_399" target="#tok_398"/>
<rel id="rel_399" xlink:href="#tok_394" target="#tok_399"/>
<rel id="rel_400" xlink:href="#tok_399" target="#tok_400"/>
<rel id="rel_401" xlink:href="#tok_403" target="#tok_401"/>
<rel id="rel_402" xlink:href="#tok_403" target="#tok_402"/>
<rel id="rel_403" xlink:href="#tok_400" target="#tok_403"/>
<rel id="rel_405" xlink:href="#tok_409" target="#tok_405"/>
<rel id="rel_406" xlink:href="#tok_409" target="#tok_406"/>
<rel id="rel_407" xlink:href="#tok_408" target="#tok_407"/>
<rel id="rel_408" xlink:href="#tok_409" target="#tok_408"/>
<rel id="rel_409" xlink:href="#tok_410" target="#tok_409"/>
<rel id="rel_411" xlink:href="#tok_412" target="#tok_411"/>
<rel id="rel_412" xlink:href="#tok_414" target="#tok_412"/>
<rel id="rel_413" xlink:href="#tok_414" target="#tok_413"/>
<rel id="rel_414" xlink:href="#tok_410" target="#tok_414"/>
<rel id="rel_415" xlink:href="#tok_416" target="#tok_415"/>
<rel id="rel_416" xlink:href="#tok_414" target="#tok_416"/>
<rel id="rel_417" xlink:href="#tok_414" target="#tok_417"/>
<rel id="rel_418" xlink:href="#tok_419" target="#tok_418"/>
<rel id="rel_419" xlink:href="#tok_417" target="#tok_419"/>
<rel id="rel_420" xlink:href="#tok_419" target="#tok_420"/>
<rel id="rel_421" xlink:href="#tok_422" target="#tok_421"/>
<rel id="rel_422" xlink:href="#tok_420" target="#tok_422"/>
<rel id="rel_424" xlink:href="#tok_429" target="#tok_424"/>
<rel id="rel_426" xlink:href="#tok_427" target="#tok_426"/>
<rel id="rel_427" xlink:href="#tok_429" target="#tok_427"/>
<rel id="rel_428" xlink:href="#tok_429" target="#tok_428"/>
<rel id="rel_430" xlink:href="#tok_429" target="#tok_430"/>
<rel id="rel_431" xlink:href="#tok_430" target="#tok_431"/>
<rel id="rel_432" xlink:href="#tok_435" target="#tok_432"/>
<rel id="rel_433" xlink:href="#tok_435" target="#tok_433"/>
<rel id="rel_434" xlink:href="#tok_435" target="#tok_434"/>
<rel id="rel_435" xlink:href="#tok_431" target="#tok_435"/>
<rel id="rel_436" xlink:href="#tok_437" target="#tok_436"/>
<rel id="rel_437" xlink:href="#tok_435" target="#tok_437"/>
<rel id="rel_438" xlink:href="#tok_437" target="#tok_438"/>
<rel id="rel_440" xlink:href="#tok_438" target="#tok_440"/>
<rel id="rel_442" xlink:href="#tok_438" target="#tok_442"/>
<rel id="rel_443" xlink:href="#tok_444" target="#tok_443"/>
<rel id="rel_444" xlink:href="#tok_438" target="#tok_444"/>
<rel id="rel_446" xlink:href="#tok_447" target="#tok_446"/>
<rel id="rel_447" xlink:href="#tok_448" target="#tok_447"/>
<rel id="rel_449" xlink:href="#tok_448" target="#tok_449"/>
<rel id="rel_450" xlink:href="#tok_449" target="#tok_450"/>
<rel id="rel_451" xlink:href="#tok_450" target="#tok_451"/>
<rel id="rel_453" xlink:href="#tok_451" target="#tok_453"/>
<rel id="rel_455" xlink:href="#tok_451" target="#tok_455"/>
<rel id="rel_456" xlink:href="#tok_451" target="#tok_456"/>
<rel id="rel_458" xlink:href="#tok_459" target="#tok_458"/>
<rel id="rel_460" xlink:href="#tok_461" target="#tok_460"/>
<rel id="rel_461" xlink:href="#tok_462" target="#tok_461"/>
<rel id="rel_462" xlink:href="#tok_459" target="#tok_462"/>
<rel id="rel_463" xlink:href="#tok_464" target="#tok_463"/>
<rel id="rel_464" xlink:href="#tok_467" target="#tok_464"/>
<rel id="rel_465" xlink:href="#tok_467" target="#tok_465"/>
<rel id="rel_466" xlink:href="#tok_467" target="#tok_466"/>
<rel id="rel_467" xlink:href="#tok_462" target="#tok_467"/>
<rel id="rel_470" xlink:href="#tok_472" target="#tok_470"/>
<rel id="rel_471" xlink:href="#tok_472" target="#tok_471"/>
<rel id="rel_472" xlink:href="#tok_474" target="#tok_472"/>
<rel id="rel_473" xlink:href="#tok_474" target="#tok_473"/>
<rel id="rel_475" xlink:href="#tok_476" target="#tok_475"/>
<rel id="rel_476" xlink:href="#tok_474" target="#tok_476"/>
<rel id="rel_478" xlink:href="#tok_480" target="#tok_478"/>
<rel id="rel_479" xlink:href="#tok_480" target="#tok_479"/>
<rel id="rel_481" xlink:href="#tok_486" target="#tok_481"/>
<rel id="rel_482" xlink:href="#tok_483" target="#tok_482"/>
<rel id="rel_483" xlink:href="#tok_480" target="#tok_483"/>
<rel id="rel_484" xlink:href="#tok_485" target="#tok_484"/>
<rel id="rel_485" xlink:href="#tok_483" target="#tok_485"/>
<rel id="rel_486" xlink:href="#tok_485" target="#tok_486"/>
<rel id="rel_488" xlink:href="#tok_485" target="#tok_488"/>
<rel id="rel_489" xlink:href="#tok_490" target="#tok_489"/>
<rel id="rel_490" xlink:href="#tok_485" target="#tok_490"/>
<rel id="rel_491" xlink:href="#tok_495" target="#tok_491"/>
<rel id="rel_492" xlink:href="#tok_490" target="#tok_492"/>
<rel id="rel_493" xlink:href="#tok_495" target="#tok_493"/>
<rel id="rel_494" xlink:href="#tok_495" target="#tok_494"/>
<rel id="rel_495" xlink:href="#tok_492" target="#tok_495"/>
<rel id="rel_496" xlink:href="#tok_497" target="#tok_496"/>
<rel id="rel_497" xlink:href="#tok_495" target="#tok_497"/>
<rel id="rel_498" xlink:href="#tok_499" target="#tok_498"/>
<rel id="rel_499" xlink:href="#tok_497" target="#tok_499"/>
<rel id="rel_502" xlink:href="#tok_504" target="#tok_502"/>
<rel id="rel_503" xlink:href="#tok_504" target="#tok_503"/>
<rel id="rel_504" xlink:href="#tok_513" target="#tok_504"/>
<rel id="rel_505" xlink:href="#tok_507" target="#tok_505"/>
<rel id="rel_506" xlink:href="#tok_507" target="#tok_506"/>
<rel id="rel_507" xlink:href="#tok_504" target="#tok_507"/>
<rel id="rel_509" xlink:href="#tok_511" target="#tok_509"/>
<rel id="rel_510" xlink:href="#tok_511" target="#tok_510"/>
<rel id="rel_511" xlink:href="#tok_513" target="#tok_511"/>
<rel id="rel_512" xlink:href="#tok_513" target="#tok_512"/>
<rel id="rel_514" xlink:href="#tok_515" target="#tok_514"/>
<rel id="rel_515" xlink:href="#tok_513" target="#tok_515"/>
<rel id="rel_516" xlink:href="#tok_513" target="#tok_516"/>
<rel id="rel_517" xlink:href="#tok_520" target="#tok_517"/>
<rel id="rel_518" xlink:href="#tok_519" target="#tok_518"/>
<rel id="rel_519" xlink:href="#tok_520" target="#tok_519"/>
<rel id="rel_520" xlink:href="#tok_516" target="#tok_520"/>
<rel id="rel_523" xlink:href="#tok_537" target="#tok_523"/>
<rel id="rel_524" xlink:href="#tok_525" target="#tok_524"/>
<rel id="rel_525" xlink:href="#tok_523" target="#tok_525"/>
<rel id="rel_526" xlink:href="#tok_525" target="#tok_526"/>
<rel id="rel_527" xlink:href="#tok_528" target="#tok_527"/>
<rel id="rel_528" xlink:href="#tok_526" target="#tok_528"/>
<rel id="rel_529" xlink:href="#tok_528" target="#tok_529"/>
<rel id="rel_530" xlink:href="#tok_529" target="#tok_530"/>
<rel id="rel_531" xlink:href="#tok_532" target="#tok_531"/>
<rel id="rel_532" xlink:href="#tok_529" target="#tok_532"/>
<rel id="rel_534" xlink:href="#tok_535" target="#tok_534"/>
<rel id="rel_535" xlink:href="#tok_537" target="#tok_535"/>
<rel id="rel_536" xlink:href="#tok_537" target="#tok_536"/>
<rel id="rel_538" xlink:href="#tok_537" target="#tok_538"/>
<rel id="rel_539" xlink:href="#tok_540" target="#tok_539"/>
<rel id="rel_540" xlink:href="#tok_538" target="#tok_540"/>
<rel id="rel_541" xlink:href="#tok_540" target="#tok_541"/>
<rel id="rel_542" xlink:href="#tok_541" target="#tok_542"/>
<rel id="rel_543" xlink:href="#tok_537" target="#tok_543"/>
<rel id="rel_544" xlink:href="#tok_545" target="#tok_544"/>
<rel id="rel_545" xlink:href="#tok_543" target="#tok_545"/>
<rel id="rel_546" xlink:href="#tok_537" target="#tok_546"/>
<rel id="rel_547" xlink:href="#tok_549" target="#tok_547"/>
<rel id="rel_548" xlink:href="#tok_547" target="#tok_548"/>
<rel id="rel_549" xlink:href="#tok_548" target="#tok_549"/>
<rel id="rel_551" xlink:href="#tok_567" target="#tok_551"/>
<rel id="rel_553" xlink:href="#tok_554" target="#tok_553"/>
<rel id="rel_554" xlink:href="#tok_567" target="#tok_554"/>
<rel id="rel_555" xlink:href="#tok_554" target="#tok_555"/>
<rel id="rel_556" xlink:href="#tok_558" target="#tok_556"/>
<rel id="rel_557" xlink:href="#tok_558" target="#tok_557"/>
<rel id="rel_558" xlink:href="#tok_555" target="#tok_558"/>
<rel id="rel_559" xlink:href="#tok_558" target="#tok_559"/>
<rel id="rel_560" xlink:href="#tok_561" target="#tok_560"/>
<rel id="rel_561" xlink:href="#tok_559" target="#tok_561"/>
<rel id="rel_562" xlink:href="#tok_559" target="#tok_562"/>
<rel id="rel_563" xlink:href="#tok_559" target="#tok_563"/>
<rel id="rel_564" xlink:href="#tok_565" target="#tok_564"/>
<rel id="rel_565" xlink:href="#tok_563" target="#tok_565"/>
<rel id="rel_566" xlink:href="#tok_567" target="#tok_566"/>
<rel id="rel_568" xlink:href="#tok_567" target="#tok_568"/>
<rel id="rel_569" xlink:href="#tok_570" target="#tok_569"/>
<rel id="rel_570" xlink:href="#tok_568" target="#tok_570"/>
<rel id="rel_572" xlink:href="#tok_573" target="#tok_572"/>
<rel id="rel_573" xlink:href="#tok_570" target="#tok_573"/>
<rel id="rel_574" xlink:href="#tok_573" target="#tok_574"/>
<rel id="rel_575" xlink:href="#tok_577" target="#tok_575"/>
<rel id="rel_576" xlink:href="#tok_577" target="#tok_576"/>
<rel id="rel_577" xlink:href="#tok_574" target="#tok_577"/>
<rel id="rel_579" xlink:href="#tok_570" target="#tok_579"/>
<rel id="rel_581" xlink:href="#tok_570" target="#tok_581"/>
<rel id="rel_582" xlink:href="#tok_584" target="#tok_582"/>
<rel id="rel_583" xlink:href="#tok_584" target="#tok_583"/>
<rel id="rel_584" xlink:href="#tok_570" target="#tok_584"/>
<rel id="rel_587" xlink:href="#tok_588" target="#tok_587"/>
<rel id="rel_588" xlink:href="#tok_590" target="#tok_588"/>
<rel id="rel_589" xlink:href="#tok_590" target="#tok_589"/>
<rel id="rel_591" xlink:href="#tok_590" target="#tok_591"/>
<rel id="rel_592" xlink:href="#tok_594" target="#tok_592"/>
<rel id="rel_593" xlink:href="#tok_594" target="#tok_593"/>
<rel id="rel_594" xlink:href="#tok_591" target="#tok_594"/>
<rel id="rel_596" xlink:href="#tok_599" target="#tok_596"/>
<rel id="rel_597" xlink:href="#tok_598" target="#tok_597"/>
<rel id="rel_598" xlink:href="#tok_599" target="#tok_598"/>
<rel id="rel_599" xlink:href="#tok_594" target="#tok_599"/>
<rel id="rel_601" xlink:href="#tok_594" target="#tok_601"/>
<rel id="rel_602" xlink:href="#tok_605" target="#tok_602"/>
<rel id="rel_603" xlink:href="#tok_604" target="#tok_603"/>
<rel id="rel_604" xlink:href="#tok_605" target="#tok_604"/>
<rel id="rel_605" xlink:href="#tok_594" target="#tok_605"/>
</relList>
</paula>
