<?xml version="1.0" encoding="UTF-8" standalone="no"?>
<!DOCTYPE paula SYSTEM "paula_struct.dtd">

<paula version="1.0">
 <header paula_id="GUM.GUM_news_warming.annoSet" />
 <structList xmlns:xlink="http://www.w3.org/1999/xlink" type="annoSet">
  <struct id="anno_1">
   <rel id="rel_1" xlink:href="GUM.GUM_news_warming.text.xml" />
   <rel id="rel_2" xlink:href="GUM.GUM_news_warming.tok.xml" />
   <rel id="rel_3" xlink:href="tei.GUM.GUM_news_warming.headSeg_head.xml" />
   <rel id="rel_4" xlink:href="tei.GUM.GUM_news_warming.headSeg.xml" />
   <rel id="rel_5" xlink:href="tei.GUM.GUM_news_warming.sSeg_s.xml" />
   <rel id="rel_6" xlink:href="tei.GUM.GUM_news_warming.sSeg.xml" />
   <rel id="rel_7" xlink:href="GUM.GUM_news_warming.tok_pos.xml" />
   <rel id="rel_8" xlink:href="GUM.GUM_news_warming.tok_lemma.xml" />
   <rel id="rel_9" xlink:href="tei.GUM.GUM_news_warming.dateSeg_date.xml" />
   <rel id="rel_10" xlink:href="tei.GUM.GUM_news_warming.dateSeg.xml" />
   <rel id="rel_11" xlink:href="tei.GUM.GUM_news_warming.dateSeg_date_when.xml" />
   <rel id="rel_12" xlink:href="tei.GUM.GUM_news_warming.dateSeg_date_rend.xml" />
   <rel id="rel_13" xlink:href="tei.GUM.GUM_news_warming.pSeg_p.xml" />
   <rel id="rel_14" xlink:href="tei.GUM.GUM_news_warming.pSeg.xml" />
   <rel id="rel_15" xlink:href="tei.GUM.GUM_news_warming.hi_rendSeg_hi_rend.xml" />
   <rel id="rel_16" xlink:href="tei.GUM.GUM_news_warming.hi_rendSeg.xml" />
   <rel id="rel_17" xlink:href="tei.GUM.GUM_news_warming.refSeg_ref.xml" />
   <rel id="rel_18" xlink:href="tei.GUM.GUM_news_warming.refSeg.xml" />
   <rel id="rel_19" xlink:href="dep.GUM.GUM_news_warming.dep.xml" />
   <rel id="rel_20" xlink:href="dep.GUM.GUM_news_warming.dep_func.xml" />
   <rel id="rel_21" xlink:href="GUM.GUM_news_warming.tok_claws5.xml" />
   <rel id="rel_22" xlink:href="const.GUM.GUM_news_warming.catConst_cat.xml" />
   <rel id="rel_23" xlink:href="const.GUM.GUM_news_warming.catConst.xml" />
   <rel id="rel_24" xlink:href="const.GUM.GUM_news_warming.catConst_func.xml" />
  </struct>
 </structList>
</paula>