<?xml version="1.0" standalone="no"?>

<!DOCTYPE paula SYSTEM "paula_mark.dtd">
<paula version="1.0">

<header paula_id="GUM.GUM_news_warming_tok"/>

<markList xmlns:xlink="http://www.w3.org/1999/xlink" type="tok" xml:base="GUM.GUM_news_warming.text.xml">
<mark id="tok_1" xlink:href="#xpointer(string-range(//body,'',1,10))"/><!-- Scientists -->
<mark id="tok_2" xlink:href="#xpointer(string-range(//body,'',12,7))"/><!-- analyse -->
<mark id="tok_3" xlink:href="#xpointer(string-range(//body,'',20,7))"/><!-- effects -->
<mark id="tok_4" xlink:href="#xpointer(string-range(//body,'',28,2))"/><!-- of -->
<mark id="tok_5" xlink:href="#xpointer(string-range(//body,'',31,6))"/><!-- global -->
<mark id="tok_6" xlink:href="#xpointer(string-range(//body,'',38,7))"/><!-- warming -->
<mark id="tok_7" xlink:href="#xpointer(string-range(//body,'',46,1))"/><!-- , -->
<mark id="tok_8" xlink:href="#xpointer(string-range(//body,'',48,11))"/><!-- atmospheric -->
<mark id="tok_9" xlink:href="#xpointer(string-range(//body,'',60,5))"/><!-- ozone -->
<mark id="tok_10" xlink:href="#xpointer(string-range(//body,'',66,2))"/><!-- on -->
<mark id="tok_11" xlink:href="#xpointer(string-range(//body,'',69,5))"/><!-- crops -->
<mark id="tok_12" xlink:href="#xpointer(string-range(//body,'',75,6))"/><!-- Monday -->
<mark id="tok_13" xlink:href="#xpointer(string-range(//body,'',82,1))"/><!-- , -->
<mark id="tok_14" xlink:href="#xpointer(string-range(//body,'',84,4))"/><!-- July -->
<mark id="tok_15" xlink:href="#xpointer(string-range(//body,'',89,2))"/><!-- 28 -->
<mark id="tok_16" xlink:href="#xpointer(string-range(//body,'',92,1))"/><!-- , -->
<mark id="tok_17" xlink:href="#xpointer(string-range(//body,'',94,4))"/><!-- 2014 -->
<mark id="tok_18" xlink:href="#xpointer(string-range(//body,'',99,1))"/><!-- A -->
<mark id="tok_19" xlink:href="#xpointer(string-range(//body,'',101,8))"/><!-- research -->
<mark id="tok_20" xlink:href="#xpointer(string-range(//body,'',110,4))"/><!-- team -->
<mark id="tok_21" xlink:href="#xpointer(string-range(//body,'',115,4))"/><!-- from -->
<mark id="tok_22" xlink:href="#xpointer(string-range(//body,'',120,3))"/><!-- the -->
<mark id="tok_23" xlink:href="#xpointer(string-range(//body,'',124,13))"/><!-- Massachusetts -->
<mark id="tok_24" xlink:href="#xpointer(string-range(//body,'',138,9))"/><!-- Institute -->
<mark id="tok_25" xlink:href="#xpointer(string-range(//body,'',148,2))"/><!-- of -->
<mark id="tok_26" xlink:href="#xpointer(string-range(//body,'',151,10))"/><!-- Technology -->
<mark id="tok_27" xlink:href="#xpointer(string-range(//body,'',162,3))"/><!-- and -->
<mark id="tok_28" xlink:href="#xpointer(string-range(//body,'',166,8))"/><!-- Colorado -->
<mark id="tok_29" xlink:href="#xpointer(string-range(//body,'',175,5))"/><!-- State -->
<mark id="tok_30" xlink:href="#xpointer(string-range(//body,'',181,10))"/><!-- University -->
<mark id="tok_31" xlink:href="#xpointer(string-range(//body,'',192,2))"/><!-- of -->
<mark id="tok_32" xlink:href="#xpointer(string-range(//body,'',195,3))"/><!-- the -->
<mark id="tok_33" xlink:href="#xpointer(string-range(//body,'',199,2))"/><!-- US -->
<mark id="tok_34" xlink:href="#xpointer(string-range(//body,'',202,3))"/><!-- and -->
<mark id="tok_35" xlink:href="#xpointer(string-range(//body,'',206,3))"/><!-- the -->
<mark id="tok_36" xlink:href="#xpointer(string-range(//body,'',210,10))"/><!-- University -->
<mark id="tok_37" xlink:href="#xpointer(string-range(//body,'',221,2))"/><!-- of -->
<mark id="tok_38" xlink:href="#xpointer(string-range(//body,'',224,9))"/><!-- Sheffield -->
<mark id="tok_39" xlink:href="#xpointer(string-range(//body,'',234,2))"/><!-- of -->
<mark id="tok_40" xlink:href="#xpointer(string-range(//body,'',237,3))"/><!-- the -->
<mark id="tok_41" xlink:href="#xpointer(string-range(//body,'',241,2))"/><!-- UK -->
<mark id="tok_42" xlink:href="#xpointer(string-range(//body,'',244,3))"/><!-- has -->
<mark id="tok_43" xlink:href="#xpointer(string-range(//body,'',248,8))"/><!-- analysed -->
<mark id="tok_44" xlink:href="#xpointer(string-range(//body,'',257,7))"/><!-- effects -->
<mark id="tok_45" xlink:href="#xpointer(string-range(//body,'',265,2))"/><!-- of -->
<mark id="tok_46" xlink:href="#xpointer(string-range(//body,'',268,6))"/><!-- global -->
<mark id="tok_47" xlink:href="#xpointer(string-range(//body,'',275,7))"/><!-- warming -->
<mark id="tok_48" xlink:href="#xpointer(string-range(//body,'',283,3))"/><!-- and -->
<mark id="tok_49" xlink:href="#xpointer(string-range(//body,'',287,5))"/><!-- ozone -->
<mark id="tok_50" xlink:href="#xpointer(string-range(//body,'',293,9))"/><!-- pollution -->
<mark id="tok_51" xlink:href="#xpointer(string-range(//body,'',303,4))"/><!-- over -->
<mark id="tok_52" xlink:href="#xpointer(string-range(//body,'',308,4))"/><!-- 2000 -->
<mark id="tok_53" xlink:href="#xpointer(string-range(//body,'',313,1))"/><!-- - -->
<mark id="tok_54" xlink:href="#xpointer(string-range(//body,'',315,4))"/><!-- 2050 -->
<mark id="tok_55" xlink:href="#xpointer(string-range(//body,'',320,2))"/><!-- on -->
<mark id="tok_56" xlink:href="#xpointer(string-range(//body,'',323,3))"/><!-- the -->
<mark id="tok_57" xlink:href="#xpointer(string-range(//body,'',327,9))"/><!-- worldwide -->
<mark id="tok_58" xlink:href="#xpointer(string-range(//body,'',337,10))"/><!-- production -->
<mark id="tok_59" xlink:href="#xpointer(string-range(//body,'',348,2))"/><!-- of -->
<mark id="tok_60" xlink:href="#xpointer(string-range(//body,'',351,5))"/><!-- wheat -->
<mark id="tok_61" xlink:href="#xpointer(string-range(//body,'',357,1))"/><!-- , -->
<mark id="tok_62" xlink:href="#xpointer(string-range(//body,'',359,4))"/><!-- rice -->
<mark id="tok_63" xlink:href="#xpointer(string-range(//body,'',364,1))"/><!-- , -->
<mark id="tok_64" xlink:href="#xpointer(string-range(//body,'',366,5))"/><!-- maize -->
<mark id="tok_65" xlink:href="#xpointer(string-range(//body,'',372,3))"/><!-- and -->
<mark id="tok_66" xlink:href="#xpointer(string-range(//body,'',376,7))"/><!-- soybean -->
<mark id="tok_67" xlink:href="#xpointer(string-range(//body,'',384,1))"/><!-- . -->
<mark id="tok_68" xlink:href="#xpointer(string-range(//body,'',386,3))"/><!-- The -->
<mark id="tok_69" xlink:href="#xpointer(string-range(//body,'',390,5))"/><!-- study -->
<mark id="tok_70" xlink:href="#xpointer(string-range(//body,'',396,3))"/><!-- was -->
<mark id="tok_71" xlink:href="#xpointer(string-range(//body,'',400,9))"/><!-- published -->
<mark id="tok_72" xlink:href="#xpointer(string-range(//body,'',410,2))"/><!-- in -->
<mark id="tok_73" xlink:href="#xpointer(string-range(//body,'',413,7))"/><!-- journal -->
<mark id="tok_74" xlink:href="#xpointer(string-range(//body,'',421,6))"/><!-- Nature -->
<mark id="tok_75" xlink:href="#xpointer(string-range(//body,'',428,7))"/><!-- Climate -->
<mark id="tok_76" xlink:href="#xpointer(string-range(//body,'',436,6))"/><!-- Change -->
<mark id="tok_77" xlink:href="#xpointer(string-range(//body,'',443,9))"/><!-- yesterday -->
<mark id="tok_78" xlink:href="#xpointer(string-range(//body,'',453,1))"/><!-- . -->
<mark id="tok_79" xlink:href="#xpointer(string-range(//body,'',455,3))"/><!-- The -->
<mark id="tok_80" xlink:href="#xpointer(string-range(//body,'',459,10))"/><!-- scientists -->
<mark id="tok_81" xlink:href="#xpointer(string-range(//body,'',470,5))"/><!-- found -->
<mark id="tok_82" xlink:href="#xpointer(string-range(//body,'',476,9))"/><!-- reduction -->
<mark id="tok_83" xlink:href="#xpointer(string-range(//body,'',486,2))"/><!-- of -->
<mark id="tok_84" xlink:href="#xpointer(string-range(//body,'',489,4))"/><!-- crop -->
<mark id="tok_85" xlink:href="#xpointer(string-range(//body,'',494,6))"/><!-- yields -->
<mark id="tok_86" xlink:href="#xpointer(string-range(//body,'',501,2))"/><!-- by -->
<mark id="tok_87" xlink:href="#xpointer(string-range(//body,'',504,4))"/><!-- 2050 -->
<mark id="tok_88" xlink:href="#xpointer(string-range(//body,'',509,8))"/><!-- exceeded -->
<mark id="tok_89" xlink:href="#xpointer(string-range(//body,'',518,2))"/><!-- 10 -->
<mark id="tok_90" xlink:href="#xpointer(string-range(//body,'',521,1))"/><!-- % -->
<mark id="tok_91" xlink:href="#xpointer(string-range(//body,'',523,2))"/><!-- of -->
<mark id="tok_92" xlink:href="#xpointer(string-range(//body,'',526,4))"/><!-- 2000 -->
<mark id="tok_93" xlink:href="#xpointer(string-range(//body,'',531,6))"/><!-- levels -->
<mark id="tok_94" xlink:href="#xpointer(string-range(//body,'',538,1))"/><!-- , -->
<mark id="tok_95" xlink:href="#xpointer(string-range(//body,'',540,13))"/><!-- substantially -->
<mark id="tok_96" xlink:href="#xpointer(string-range(//body,'',554,10))"/><!-- decreasing -->
<mark id="tok_97" xlink:href="#xpointer(string-range(//body,'',565,4))"/><!-- food -->
<mark id="tok_98" xlink:href="#xpointer(string-range(//body,'',570,8))"/><!-- security -->
<mark id="tok_99" xlink:href="#xpointer(string-range(//body,'',579,1))"/><!-- , -->
<mark id="tok_100" xlink:href="#xpointer(string-range(//body,'',581,2))"/><!-- in -->
<mark id="tok_101" xlink:href="#xpointer(string-range(//body,'',584,3))"/><!-- all -->
<mark id="tok_102" xlink:href="#xpointer(string-range(//body,'',588,5))"/><!-- cases -->
<mark id="tok_103" xlink:href="#xpointer(string-range(//body,'',594,8))"/><!-- examined -->
<mark id="tok_104" xlink:href="#xpointer(string-range(//body,'',603,1))"/><!-- . -->
<mark id="tok_105" xlink:href="#xpointer(string-range(//body,'',605,7))"/><!-- Several -->
<mark id="tok_106" xlink:href="#xpointer(string-range(//body,'',613,9))"/><!-- scenarios -->
<mark id="tok_107" xlink:href="#xpointer(string-range(//body,'',623,4))"/><!-- were -->
<mark id="tok_108" xlink:href="#xpointer(string-range(//body,'',628,10))"/><!-- considered -->
<mark id="tok_109" xlink:href="#xpointer(string-range(//body,'',639,7))"/><!-- because -->
<mark id="tok_110" xlink:href="#xpointer(string-range(//body,'',647,2))"/><!-- of -->
<mark id="tok_111" xlink:href="#xpointer(string-range(//body,'',650,11))"/><!-- uncertainty -->
<mark id="tok_112" xlink:href="#xpointer(string-range(//body,'',662,2))"/><!-- of -->
<mark id="tok_113" xlink:href="#xpointer(string-range(//body,'',665,6))"/><!-- future -->
<mark id="tok_114" xlink:href="#xpointer(string-range(//body,'',672,6))"/><!-- levels -->
<mark id="tok_115" xlink:href="#xpointer(string-range(//body,'',679,2))"/><!-- of -->
<mark id="tok_116" xlink:href="#xpointer(string-range(//body,'',682,5))"/><!-- ozone -->
<mark id="tok_117" xlink:href="#xpointer(string-range(//body,'',688,9))"/><!-- pollution -->
<mark id="tok_118" xlink:href="#xpointer(string-range(//body,'',698,1))"/><!-- . -->
<mark id="tok_119" xlink:href="#xpointer(string-range(//body,'',700,4))"/><!-- They -->
<mark id="tok_120" xlink:href="#xpointer(string-range(//body,'',705,9))"/><!-- estimated -->
<mark id="tok_121" xlink:href="#xpointer(string-range(//body,'',715,2))"/><!-- by -->
<mark id="tok_122" xlink:href="#xpointer(string-range(//body,'',718,4))"/><!-- 2050 -->
<mark id="tok_123" xlink:href="#xpointer(string-range(//body,'',723,1))"/><!-- , -->
<mark id="tok_124" xlink:href="#xpointer(string-range(//body,'',725,10))"/><!-- increasing -->
<mark id="tok_125" xlink:href="#xpointer(string-range(//body,'',736,10))"/><!-- population -->
<mark id="tok_126" xlink:href="#xpointer(string-range(//body,'',747,3))"/><!-- and -->
<mark id="tok_127" xlink:href="#xpointer(string-range(//body,'',751,8))"/><!-- changing -->
<mark id="tok_128" xlink:href="#xpointer(string-range(//body,'',760,4))"/><!-- diet -->
<mark id="tok_129" xlink:href="#xpointer(string-range(//body,'',765,5))"/><!-- would -->
<mark id="tok_130" xlink:href="#xpointer(string-range(//body,'',771,8))"/><!-- increase -->
<mark id="tok_131" xlink:href="#xpointer(string-range(//body,'',780,5))"/><!-- world -->
<mark id="tok_132" xlink:href="#xpointer(string-range(//body,'',786,4))"/><!-- food -->
<mark id="tok_133" xlink:href="#xpointer(string-range(//body,'',791,5))"/><!-- needs -->
<mark id="tok_134" xlink:href="#xpointer(string-range(//body,'',797,2))"/><!-- by -->
<mark id="tok_135" xlink:href="#xpointer(string-range(//body,'',800,2))"/><!-- 50 -->
<mark id="tok_136" xlink:href="#xpointer(string-range(//body,'',803,7))"/><!-- percent -->
<mark id="tok_137" xlink:href="#xpointer(string-range(//body,'',811,1))"/><!-- . -->
<mark id="tok_138" xlink:href="#xpointer(string-range(//body,'',813,2))"/><!-- As -->
<mark id="tok_139" xlink:href="#xpointer(string-range(//body,'',816,8))"/><!-- coauthor -->
<mark id="tok_140" xlink:href="#xpointer(string-range(//body,'',825,7))"/><!-- Colette -->
<mark id="tok_141" xlink:href="#xpointer(string-range(//body,'',833,5))"/><!-- Heald -->
<mark id="tok_142" xlink:href="#xpointer(string-range(//body,'',839,4))"/><!-- told -->
<mark id="tok_143" xlink:href="#xpointer(string-range(//body,'',844,3))"/><!-- The -->
<mark id="tok_144" xlink:href="#xpointer(string-range(//body,'',848,10))"/><!-- Huffington -->
<mark id="tok_145" xlink:href="#xpointer(string-range(//body,'',859,4))"/><!-- Post -->
<mark id="tok_146" xlink:href="#xpointer(string-range(//body,'',864,1))"/><!-- , -->
<mark id="tok_147" xlink:href="#xpointer(string-range(//body,'',866,1))"/><!-- &quot; -->
<mark id="tok_148" xlink:href="#xpointer(string-range(//body,'',868,3))"/><!-- The -->
<mark id="tok_149" xlink:href="#xpointer(string-range(//body,'',872,7))"/><!-- climate -->
<mark id="tok_150" xlink:href="#xpointer(string-range(//body,'',880,11))"/><!-- projections -->
<mark id="tok_151" xlink:href="#xpointer(string-range(//body,'',892,3))"/><!-- are -->
<mark id="tok_152" xlink:href="#xpointer(string-range(//body,'',896,5))"/><!-- quite -->
<mark id="tok_153" xlink:href="#xpointer(string-range(//body,'',902,10))"/><!-- consistent -->
<mark id="tok_154" xlink:href="#xpointer(string-range(//body,'',913,5))"/><!-- [...] -->
<mark id="tok_155" xlink:href="#xpointer(string-range(//body,'',919,3))"/><!-- the -->
<mark id="tok_156" xlink:href="#xpointer(string-range(//body,'',923,6))"/><!-- future -->
<mark id="tok_157" xlink:href="#xpointer(string-range(//body,'',930,2))"/><!-- of -->
<mark id="tok_158" xlink:href="#xpointer(string-range(//body,'',933,5))"/><!-- ozone -->
<mark id="tok_159" xlink:href="#xpointer(string-range(//body,'',939,9))"/><!-- pollution -->
<mark id="tok_160" xlink:href="#xpointer(string-range(//body,'',949,2))"/><!-- is -->
<mark id="tok_161" xlink:href="#xpointer(string-range(//body,'',952,4))"/><!-- very -->
<mark id="tok_162" xlink:href="#xpointer(string-range(//body,'',957,9))"/><!-- different -->
<mark id="tok_163" xlink:href="#xpointer(string-range(//body,'',967,5))"/><!-- [...] -->
<mark id="tok_164" xlink:href="#xpointer(string-range(//body,'',973,7))"/><!-- leading -->
<mark id="tok_165" xlink:href="#xpointer(string-range(//body,'',981,2))"/><!-- to -->
<mark id="tok_166" xlink:href="#xpointer(string-range(//body,'',984,6))"/><!-- either -->
<mark id="tok_167" xlink:href="#xpointer(string-range(//body,'',991,10))"/><!-- offsetting -->
<mark id="tok_168" xlink:href="#xpointer(string-range(//body,'',1002,2))"/><!-- or -->
<mark id="tok_169" xlink:href="#xpointer(string-range(//body,'',1005,11))"/><!-- reinforcing -->
<mark id="tok_170" xlink:href="#xpointer(string-range(//body,'',1017,7))"/><!-- effects -->
<mark id="tok_171" xlink:href="#xpointer(string-range(//body,'',1025,1))"/><!-- [ -->
<mark id="tok_172" xlink:href="#xpointer(string-range(//body,'',1027,2))"/><!-- of -->
<mark id="tok_173" xlink:href="#xpointer(string-range(//body,'',1030,7))"/><!-- climate -->
<mark id="tok_174" xlink:href="#xpointer(string-range(//body,'',1038,6))"/><!-- change -->
<mark id="tok_175" xlink:href="#xpointer(string-range(//body,'',1045,1))"/><!-- ] -->
<mark id="tok_176" xlink:href="#xpointer(string-range(//body,'',1047,2))"/><!-- on -->
<mark id="tok_177" xlink:href="#xpointer(string-range(//body,'',1050,5))"/><!-- crops -->
<mark id="tok_178" xlink:href="#xpointer(string-range(//body,'',1056,1))"/><!-- &quot; -->
<mark id="tok_179" xlink:href="#xpointer(string-range(//body,'',1058,1))"/><!-- . -->
<mark id="tok_180" xlink:href="#xpointer(string-range(//body,'',1060,2))"/><!-- By -->
<mark id="tok_181" xlink:href="#xpointer(string-range(//body,'',1063,4))"/><!-- 2050 -->
<mark id="tok_182" xlink:href="#xpointer(string-range(//body,'',1068,1))"/><!-- , -->
<mark id="tok_183" xlink:href="#xpointer(string-range(//body,'',1070,16))"/><!-- undernourishment -->
<mark id="tok_184" xlink:href="#xpointer(string-range(//body,'',1087,5))"/><!-- would -->
<mark id="tok_185" xlink:href="#xpointer(string-range(//body,'',1093,8))"/><!-- increase -->
<mark id="tok_186" xlink:href="#xpointer(string-range(//body,'',1102,2))"/><!-- by -->
<mark id="tok_187" xlink:href="#xpointer(string-range(//body,'',1105,6))"/><!-- either -->
<mark id="tok_188" xlink:href="#xpointer(string-range(//body,'',1112,2))"/><!-- 49 -->
<mark id="tok_189" xlink:href="#xpointer(string-range(//body,'',1115,7))"/><!-- percent -->
<mark id="tok_190" xlink:href="#xpointer(string-range(//body,'',1123,2))"/><!-- or -->
<mark id="tok_191" xlink:href="#xpointer(string-range(//body,'',1126,2))"/><!-- by -->
<mark id="tok_192" xlink:href="#xpointer(string-range(//body,'',1129,2))"/><!-- 27 -->
<mark id="tok_193" xlink:href="#xpointer(string-range(//body,'',1132,7))"/><!-- percent -->
<mark id="tok_194" xlink:href="#xpointer(string-range(//body,'',1140,1))"/><!-- , -->
<mark id="tok_195" xlink:href="#xpointer(string-range(//body,'',1142,9))"/><!-- depending -->
<mark id="tok_196" xlink:href="#xpointer(string-range(//body,'',1152,2))"/><!-- on -->
<mark id="tok_197" xlink:href="#xpointer(string-range(//body,'',1155,3))"/><!-- the -->
<mark id="tok_198" xlink:href="#xpointer(string-range(//body,'',1159,8))"/><!-- scenario -->
<mark id="tok_199" xlink:href="#xpointer(string-range(//body,'',1168,1))"/><!-- . -->
<mark id="tok_200" xlink:href="#xpointer(string-range(//body,'',1170,3))"/><!-- The -->
<mark id="tok_201" xlink:href="#xpointer(string-range(//body,'',1174,5))"/><!-- study -->
<mark id="tok_202" xlink:href="#xpointer(string-range(//body,'',1180,7))"/><!-- focuses -->
<mark id="tok_203" xlink:href="#xpointer(string-range(//body,'',1188,2))"/><!-- on -->
<mark id="tok_204" xlink:href="#xpointer(string-range(//body,'',1191,17))"/><!-- ozone-temperature -->
<mark id="tok_205" xlink:href="#xpointer(string-range(//body,'',1209,11))"/><!-- covariation -->
<mark id="tok_206" xlink:href="#xpointer(string-range(//body,'',1221,1))"/><!-- : -->
<mark id="tok_207" xlink:href="#xpointer(string-range(//body,'',1223,12))"/><!-- ground-level -->
<mark id="tok_208" xlink:href="#xpointer(string-range(//body,'',1236,5))"/><!-- ozone -->
<mark id="tok_209" xlink:href="#xpointer(string-range(//body,'',1242,9))"/><!-- increases -->
<mark id="tok_210" xlink:href="#xpointer(string-range(//body,'',1252,4))"/><!-- with -->
<mark id="tok_211" xlink:href="#xpointer(string-range(//body,'',1257,12))"/><!-- temperatures -->
<mark id="tok_212" xlink:href="#xpointer(string-range(//body,'',1270,1))"/><!-- . -->
<mark id="tok_213" xlink:href="#xpointer(string-range(//body,'',1272,5))"/><!-- Heald -->
<mark id="tok_214" xlink:href="#xpointer(string-range(//body,'',1278,4))"/><!-- said -->
<mark id="tok_215" xlink:href="#xpointer(string-range(//body,'',1283,8))"/><!-- although -->
<mark id="tok_216" xlink:href="#xpointer(string-range(//body,'',1292,11))"/><!-- temperature -->
<mark id="tok_217" xlink:href="#xpointer(string-range(//body,'',1304,3))"/><!-- and -->
<mark id="tok_218" xlink:href="#xpointer(string-range(//body,'',1308,5))"/><!-- ozone -->
<mark id="tok_219" xlink:href="#xpointer(string-range(//body,'',1314,3))"/><!-- are -->
<mark id="tok_220" xlink:href="#xpointer(string-range(//body,'',1318,10))"/><!-- separately -->
<mark id="tok_221" xlink:href="#xpointer(string-range(//body,'',1329,5))"/><!-- known -->
<mark id="tok_222" xlink:href="#xpointer(string-range(//body,'',1335,2))"/><!-- to -->
<mark id="tok_223" xlink:href="#xpointer(string-range(//body,'',1338,6))"/><!-- impact -->
<mark id="tok_224" xlink:href="#xpointer(string-range(//body,'',1345,4))"/><!-- crop -->
<mark id="tok_225" xlink:href="#xpointer(string-range(//body,'',1350,6))"/><!-- yields -->
<mark id="tok_226" xlink:href="#xpointer(string-range(//body,'',1357,1))"/><!-- , -->
<mark id="tok_227" xlink:href="#xpointer(string-range(//body,'',1359,1))"/><!-- &quot; -->
<mark id="tok_228" xlink:href="#xpointer(string-range(//body,'',1361,6))"/><!-- nobody -->
<mark id="tok_229" xlink:href="#xpointer(string-range(//body,'',1368,3))"/><!-- has -->
<mark id="tok_230" xlink:href="#xpointer(string-range(//body,'',1372,6))"/><!-- looked -->
<mark id="tok_231" xlink:href="#xpointer(string-range(//body,'',1379,2))"/><!-- at -->
<mark id="tok_232" xlink:href="#xpointer(string-range(//body,'',1382,5))"/><!-- these -->
<mark id="tok_233" xlink:href="#xpointer(string-range(//body,'',1388,8))"/><!-- together -->
<mark id="tok_234" xlink:href="#xpointer(string-range(//body,'',1397,1))"/><!-- &quot; -->
<mark id="tok_235" xlink:href="#xpointer(string-range(//body,'',1399,1))"/><!-- . -->
<mark id="tok_236" xlink:href="#xpointer(string-range(//body,'',1401,9))"/><!-- Depending -->
<mark id="tok_237" xlink:href="#xpointer(string-range(//body,'',1411,2))"/><!-- on -->
<mark id="tok_238" xlink:href="#xpointer(string-range(//body,'',1414,6))"/><!-- region -->
<mark id="tok_239" xlink:href="#xpointer(string-range(//body,'',1421,3))"/><!-- and -->
<mark id="tok_240" xlink:href="#xpointer(string-range(//body,'',1425,5))"/><!-- crops -->
<mark id="tok_241" xlink:href="#xpointer(string-range(//body,'',1431,1))"/><!-- , -->
<mark id="tok_242" xlink:href="#xpointer(string-range(//body,'',1433,3))"/><!-- the -->
<mark id="tok_243" xlink:href="#xpointer(string-range(//body,'',1437,6))"/><!-- yields -->
<mark id="tok_244" xlink:href="#xpointer(string-range(//body,'',1444,3))"/><!-- may -->
<mark id="tok_245" xlink:href="#xpointer(string-range(//body,'',1448,2))"/><!-- be -->
<mark id="tok_246" xlink:href="#xpointer(string-range(//body,'',1451,9))"/><!-- primarily -->
<mark id="tok_247" xlink:href="#xpointer(string-range(//body,'',1461,9))"/><!-- sensitive -->
<mark id="tok_248" xlink:href="#xpointer(string-range(//body,'',1471,2))"/><!-- to -->
<mark id="tok_249" xlink:href="#xpointer(string-range(//body,'',1474,5))"/><!-- ozone -->
<mark id="tok_250" xlink:href="#xpointer(string-range(//body,'',1480,1))"/><!-- - -->
<mark id="tok_251" xlink:href="#xpointer(string-range(//body,'',1482,2))"/><!-- in -->
<mark id="tok_252" xlink:href="#xpointer(string-range(//body,'',1485,3))"/><!-- the -->
<mark id="tok_253" xlink:href="#xpointer(string-range(//body,'',1489,4))"/><!-- case -->
<mark id="tok_254" xlink:href="#xpointer(string-range(//body,'',1494,2))"/><!-- of -->
<mark id="tok_255" xlink:href="#xpointer(string-range(//body,'',1497,5))"/><!-- wheat -->
<mark id="tok_256" xlink:href="#xpointer(string-range(//body,'',1503,1))"/><!-- - -->
<mark id="tok_257" xlink:href="#xpointer(string-range(//body,'',1505,2))"/><!-- or -->
<mark id="tok_258" xlink:href="#xpointer(string-range(//body,'',1508,4))"/><!-- heat -->
<mark id="tok_259" xlink:href="#xpointer(string-range(//body,'',1513,1))"/><!-- - -->
<mark id="tok_260" xlink:href="#xpointer(string-range(//body,'',1515,2))"/><!-- in -->
<mark id="tok_261" xlink:href="#xpointer(string-range(//body,'',1518,3))"/><!-- the -->
<mark id="tok_262" xlink:href="#xpointer(string-range(//body,'',1522,4))"/><!-- case -->
<mark id="tok_263" xlink:href="#xpointer(string-range(//body,'',1527,2))"/><!-- of -->
<mark id="tok_264" xlink:href="#xpointer(string-range(//body,'',1530,5))"/><!-- maize -->
<mark id="tok_265" xlink:href="#xpointer(string-range(//body,'',1536,1))"/><!-- - -->
<mark id="tok_266" xlink:href="#xpointer(string-range(//body,'',1538,5))"/><!-- alone -->
<mark id="tok_267" xlink:href="#xpointer(string-range(//body,'',1544,1))"/><!-- , -->
<mark id="tok_268" xlink:href="#xpointer(string-range(//body,'',1546,9))"/><!-- providing -->
<mark id="tok_269" xlink:href="#xpointer(string-range(//body,'',1556,1))"/><!-- a -->
<mark id="tok_270" xlink:href="#xpointer(string-range(//body,'',1558,5))"/><!-- local -->
<mark id="tok_271" xlink:href="#xpointer(string-range(//body,'',1564,10))"/><!-- estimation -->
<mark id="tok_272" xlink:href="#xpointer(string-range(//body,'',1575,2))"/><!-- of -->
<mark id="tok_273" xlink:href="#xpointer(string-range(//body,'',1578,8))"/><!-- relative -->
<mark id="tok_274" xlink:href="#xpointer(string-range(//body,'',1587,8))"/><!-- benefits -->
<mark id="tok_275" xlink:href="#xpointer(string-range(//body,'',1596,2))"/><!-- of -->
<mark id="tok_276" xlink:href="#xpointer(string-range(//body,'',1599,7))"/><!-- climate -->
<mark id="tok_277" xlink:href="#xpointer(string-range(//body,'',1607,6))"/><!-- change -->
<mark id="tok_278" xlink:href="#xpointer(string-range(//body,'',1614,10))"/><!-- adaptation -->
<mark id="tok_279" xlink:href="#xpointer(string-range(//body,'',1625,6))"/><!-- versus -->
<mark id="tok_280" xlink:href="#xpointer(string-range(//body,'',1632,5))"/><!-- ozone -->
<mark id="tok_281" xlink:href="#xpointer(string-range(//body,'',1638,10))"/><!-- regulation -->
<mark id="tok_282" xlink:href="#xpointer(string-range(//body,'',1649,1))"/><!-- . -->
<mark id="tok_283" xlink:href="#xpointer(string-range(//body,'',1651,3))"/><!-- The -->
<mark id="tok_284" xlink:href="#xpointer(string-range(//body,'',1655,4))"/><!-- U.S. -->
<mark id="tok_285" xlink:href="#xpointer(string-range(//body,'',1660,10))"/><!-- Department -->
<mark id="tok_286" xlink:href="#xpointer(string-range(//body,'',1671,2))"/><!-- of -->
<mark id="tok_287" xlink:href="#xpointer(string-range(//body,'',1674,11))"/><!-- Agriculture -->
<mark id="tok_288" xlink:href="#xpointer(string-range(//body,'',1686,5))"/><!-- notes -->
<mark id="tok_289" xlink:href="#xpointer(string-range(//body,'',1692,1))"/><!-- , -->
<mark id="tok_290" xlink:href="#xpointer(string-range(//body,'',1694,1))"/><!-- &quot; -->
<mark id="tok_291" xlink:href="#xpointer(string-range(//body,'',1696,12))"/><!-- Ground-level -->
<mark id="tok_292" xlink:href="#xpointer(string-range(//body,'',1709,5))"/><!-- ozone -->
<mark id="tok_293" xlink:href="#xpointer(string-range(//body,'',1715,6))"/><!-- causes -->
<mark id="tok_294" xlink:href="#xpointer(string-range(//body,'',1722,4))"/><!-- more -->
<mark id="tok_295" xlink:href="#xpointer(string-range(//body,'',1727,6))"/><!-- damage -->
<mark id="tok_296" xlink:href="#xpointer(string-range(//body,'',1734,2))"/><!-- to -->
<mark id="tok_297" xlink:href="#xpointer(string-range(//body,'',1737,6))"/><!-- plants -->
<mark id="tok_298" xlink:href="#xpointer(string-range(//body,'',1744,4))"/><!-- than -->
<mark id="tok_299" xlink:href="#xpointer(string-range(//body,'',1749,3))"/><!-- all -->
<mark id="tok_300" xlink:href="#xpointer(string-range(//body,'',1753,5))"/><!-- other -->
<mark id="tok_301" xlink:href="#xpointer(string-range(//body,'',1759,3))"/><!-- air -->
<mark id="tok_302" xlink:href="#xpointer(string-range(//body,'',1763,10))"/><!-- pollutants -->
<mark id="tok_303" xlink:href="#xpointer(string-range(//body,'',1774,8))"/><!-- combined -->
<mark id="tok_304" xlink:href="#xpointer(string-range(//body,'',1783,1))"/><!-- &quot; -->
<mark id="tok_305" xlink:href="#xpointer(string-range(//body,'',1785,1))"/><!-- , -->
<mark id="tok_306" xlink:href="#xpointer(string-range(//body,'',1787,12))"/><!-- highlighting -->
<mark id="tok_307" xlink:href="#xpointer(string-range(//body,'',1800,3))"/><!-- the -->
<mark id="tok_308" xlink:href="#xpointer(string-range(//body,'',1804,10))"/><!-- importance -->
<mark id="tok_309" xlink:href="#xpointer(string-range(//body,'',1815,2))"/><!-- of -->
<mark id="tok_310" xlink:href="#xpointer(string-range(//body,'',1818,3))"/><!-- air -->
<mark id="tok_311" xlink:href="#xpointer(string-range(//body,'',1822,7))"/><!-- quality -->
<mark id="tok_312" xlink:href="#xpointer(string-range(//body,'',1830,3))"/><!-- for -->
<mark id="tok_313" xlink:href="#xpointer(string-range(//body,'',1834,11))"/><!-- agriculture -->
<mark id="tok_314" xlink:href="#xpointer(string-range(//body,'',1846,1))"/><!-- . -->
<mark id="tok_315" xlink:href="#xpointer(string-range(//body,'',1848,7))"/><!-- Results -->
<mark id="tok_316" xlink:href="#xpointer(string-range(//body,'',1856,2))"/><!-- of -->
<mark id="tok_317" xlink:href="#xpointer(string-range(//body,'',1859,5))"/><!-- NCLAN -->
<mark id="tok_318" xlink:href="#xpointer(string-range(//body,'',1865,7))"/><!-- studies -->
<mark id="tok_319" xlink:href="#xpointer(string-range(//body,'',1873,1))"/><!-- , -->
<mark id="tok_320" xlink:href="#xpointer(string-range(//body,'',1875,9))"/><!-- published -->
<mark id="tok_321" xlink:href="#xpointer(string-range(//body,'',1885,2))"/><!-- in -->
<mark id="tok_322" xlink:href="#xpointer(string-range(//body,'',1888,1))"/><!-- a -->
<mark id="tok_323" xlink:href="#xpointer(string-range(//body,'',1890,5))"/><!-- paper -->
<mark id="tok_324" xlink:href="#xpointer(string-range(//body,'',1896,2))"/><!-- by -->
<mark id="tok_325" xlink:href="#xpointer(string-range(//body,'',1899,2))"/><!-- AS -->
<mark id="tok_326" xlink:href="#xpointer(string-range(//body,'',1902,6))"/><!-- Heagle -->
<mark id="tok_327" xlink:href="#xpointer(string-range(//body,'',1909,2))"/><!-- in -->
<mark id="tok_328" xlink:href="#xpointer(string-range(//body,'',1912,4))"/><!-- 1989 -->
<mark id="tok_329" xlink:href="#xpointer(string-range(//body,'',1917,1))"/><!-- , -->
<mark id="tok_330" xlink:href="#xpointer(string-range(//body,'',1919,4))"/><!-- show -->
<mark id="tok_331" xlink:href="#xpointer(string-range(//body,'',1924,5))"/><!-- dicot -->
<mark id="tok_332" xlink:href="#xpointer(string-range(//body,'',1930,7))"/><!-- species -->
<mark id="tok_333" xlink:href="#xpointer(string-range(//body,'',1938,1))"/><!-- , -->
<mark id="tok_334" xlink:href="#xpointer(string-range(//body,'',1940,4))"/><!-- such -->
<mark id="tok_335" xlink:href="#xpointer(string-range(//body,'',1945,2))"/><!-- as -->
<mark id="tok_336" xlink:href="#xpointer(string-range(//body,'',1948,7))"/><!-- soybean -->
<mark id="tok_337" xlink:href="#xpointer(string-range(//body,'',1956,1))"/><!-- , -->
<mark id="tok_338" xlink:href="#xpointer(string-range(//body,'',1958,6))"/><!-- cotton -->
<mark id="tok_339" xlink:href="#xpointer(string-range(//body,'',1965,1))"/><!-- , -->
<mark id="tok_340" xlink:href="#xpointer(string-range(//body,'',1967,3))"/><!-- and -->
<mark id="tok_341" xlink:href="#xpointer(string-range(//body,'',1971,6))"/><!-- peanut -->
<mark id="tok_342" xlink:href="#xpointer(string-range(//body,'',1978,1))"/><!-- , -->
<mark id="tok_343" xlink:href="#xpointer(string-range(//body,'',1980,4))"/><!-- lose -->
<mark id="tok_344" xlink:href="#xpointer(string-range(//body,'',1985,4))"/><!-- more -->
<mark id="tok_345" xlink:href="#xpointer(string-range(//body,'',1990,5))"/><!-- yield -->
<mark id="tok_346" xlink:href="#xpointer(string-range(//body,'',1996,4))"/><!-- from -->
<mark id="tok_347" xlink:href="#xpointer(string-range(//body,'',2001,5))"/><!-- ozone -->
<mark id="tok_348" xlink:href="#xpointer(string-range(//body,'',2007,4))"/><!-- than -->
<mark id="tok_349" xlink:href="#xpointer(string-range(//body,'',2012,2))"/><!-- do -->
<mark id="tok_350" xlink:href="#xpointer(string-range(//body,'',2015,7))"/><!-- monocot -->
<mark id="tok_351" xlink:href="#xpointer(string-range(//body,'',2023,7))"/><!-- species -->
<mark id="tok_352" xlink:href="#xpointer(string-range(//body,'',2031,4))"/><!-- such -->
<mark id="tok_353" xlink:href="#xpointer(string-range(//body,'',2036,2))"/><!-- as -->
<mark id="tok_354" xlink:href="#xpointer(string-range(//body,'',2039,7))"/><!-- sorghum -->
<mark id="tok_355" xlink:href="#xpointer(string-range(//body,'',2047,1))"/><!-- , -->
<mark id="tok_356" xlink:href="#xpointer(string-range(//body,'',2049,5))"/><!-- field -->
<mark id="tok_357" xlink:href="#xpointer(string-range(//body,'',2055,4))"/><!-- corn -->
<mark id="tok_358" xlink:href="#xpointer(string-range(//body,'',2060,1))"/><!-- , -->
<mark id="tok_359" xlink:href="#xpointer(string-range(//body,'',2062,3))"/><!-- and -->
<mark id="tok_360" xlink:href="#xpointer(string-range(//body,'',2066,6))"/><!-- winter -->
<mark id="tok_361" xlink:href="#xpointer(string-range(//body,'',2073,5))"/><!-- wheat -->
<mark id="tok_362" xlink:href="#xpointer(string-range(//body,'',2079,1))"/><!-- . -->
<mark id="tok_363" xlink:href="#xpointer(string-range(//body,'',2081,3))"/><!-- The -->
<mark id="tok_364" xlink:href="#xpointer(string-range(//body,'',2085,11))"/><!-- researchers -->
<mark id="tok_365" xlink:href="#xpointer(string-range(//body,'',2097,5))"/><!-- found -->
<mark id="tok_366" xlink:href="#xpointer(string-range(//body,'',2103,4))"/><!-- that -->
<mark id="tok_367" xlink:href="#xpointer(string-range(//body,'',2108,5))"/><!-- ozone -->
<mark id="tok_368" xlink:href="#xpointer(string-range(//body,'',2114,9))"/><!-- pollution -->
<mark id="tok_369" xlink:href="#xpointer(string-range(//body,'',2124,6))"/><!-- caused -->
<mark id="tok_370" xlink:href="#xpointer(string-range(//body,'',2131,2))"/><!-- 46 -->
<mark id="tok_371" xlink:href="#xpointer(string-range(//body,'',2134,7))"/><!-- percent -->
<mark id="tok_372" xlink:href="#xpointer(string-range(//body,'',2142,2))"/><!-- of -->
<mark id="tok_373" xlink:href="#xpointer(string-range(//body,'',2145,10))"/><!-- previously -->
<mark id="tok_374" xlink:href="#xpointer(string-range(//body,'',2156,15))"/><!-- heat-attributed -->
<mark id="tok_375" xlink:href="#xpointer(string-range(//body,'',2172,6))"/><!-- damage -->
<mark id="tok_376" xlink:href="#xpointer(string-range(//body,'',2179,2))"/><!-- to -->
<mark id="tok_377" xlink:href="#xpointer(string-range(//body,'',2182,7))"/><!-- soybean -->
<mark id="tok_378" xlink:href="#xpointer(string-range(//body,'',2190,5))"/><!-- crops -->
<mark id="tok_379" xlink:href="#xpointer(string-range(//body,'',2196,1))"/><!-- . -->
<mark id="tok_380" xlink:href="#xpointer(string-range(//body,'',2198,3))"/><!-- The -->
<mark id="tok_381" xlink:href="#xpointer(string-range(//body,'',2202,5))"/><!-- model -->
<mark id="tok_382" xlink:href="#xpointer(string-range(//body,'',2208,4))"/><!-- does -->
<mark id="tok_383" xlink:href="#xpointer(string-range(//body,'',2213,3))"/><!-- not -->
<mark id="tok_384" xlink:href="#xpointer(string-range(//body,'',2217,7))"/><!-- include -->
<mark id="tok_385" xlink:href="#xpointer(string-range(//body,'',2225,3))"/><!-- the -->
<mark id="tok_386" xlink:href="#xpointer(string-range(//body,'',2229,6))"/><!-- effect -->
<mark id="tok_387" xlink:href="#xpointer(string-range(//body,'',2236,2))"/><!-- of -->
<mark id="tok_388" xlink:href="#xpointer(string-range(//body,'',2239,6))"/><!-- rising -->
<mark id="tok_389" xlink:href="#xpointer(string-range(//body,'',2246,6))"/><!-- carbon -->
<mark id="tok_390" xlink:href="#xpointer(string-range(//body,'',2253,7))"/><!-- dioxide -->
<mark id="tok_391" xlink:href="#xpointer(string-range(//body,'',2261,13))"/><!-- concentration -->
<mark id="tok_392" xlink:href="#xpointer(string-range(//body,'',2275,1))"/><!-- , -->
<mark id="tok_393" xlink:href="#xpointer(string-range(//body,'',2277,5))"/><!-- which -->
<mark id="tok_394" xlink:href="#xpointer(string-range(//body,'',2283,3))"/><!-- has -->
<mark id="tok_395" xlink:href="#xpointer(string-range(//body,'',2287,7))"/><!-- complex -->
<mark id="tok_396" xlink:href="#xpointer(string-range(//body,'',2295,3))"/><!-- and -->
<mark id="tok_397" xlink:href="#xpointer(string-range(//body,'',2299,11))"/><!-- potentially -->
<mark id="tok_398" xlink:href="#xpointer(string-range(//body,'',2311,10))"/><!-- offsetting -->
<mark id="tok_399" xlink:href="#xpointer(string-range(//body,'',2322,7))"/><!-- impacts -->
<mark id="tok_400" xlink:href="#xpointer(string-range(//body,'',2330,2))"/><!-- on -->
<mark id="tok_401" xlink:href="#xpointer(string-range(//body,'',2333,6))"/><!-- global -->
<mark id="tok_402" xlink:href="#xpointer(string-range(//body,'',2340,4))"/><!-- food -->
<mark id="tok_403" xlink:href="#xpointer(string-range(//body,'',2345,6))"/><!-- supply -->
<mark id="tok_404" xlink:href="#xpointer(string-range(//body,'',2352,1))"/><!-- . -->
<mark id="tok_405" xlink:href="#xpointer(string-range(//body,'',2354,3))"/><!-- The -->
<mark id="tok_406" xlink:href="#xpointer(string-range(//body,'',2358,4))"/><!-- U.S. -->
<mark id="tok_407" xlink:href="#xpointer(string-range(//body,'',2363,13))"/><!-- Environmental -->
<mark id="tok_408" xlink:href="#xpointer(string-range(//body,'',2377,10))"/><!-- Protection -->
<mark id="tok_409" xlink:href="#xpointer(string-range(//body,'',2388,6))"/><!-- Agency -->
<mark id="tok_410" xlink:href="#xpointer(string-range(//body,'',2395,4))"/><!-- says -->
<mark id="tok_411" xlink:href="#xpointer(string-range(//body,'',2400,4))"/><!-- some -->
<mark id="tok_412" xlink:href="#xpointer(string-range(//body,'',2405,5))"/><!-- crops -->
<mark id="tok_413" xlink:href="#xpointer(string-range(//body,'',2411,3))"/><!-- may -->
<mark id="tok_414" xlink:href="#xpointer(string-range(//body,'',2415,4))"/><!-- have -->
<mark id="tok_415" xlink:href="#xpointer(string-range(//body,'',2420,6))"/><!-- higher -->
<mark id="tok_416" xlink:href="#xpointer(string-range(//body,'',2427,6))"/><!-- yields -->
<mark id="tok_417" xlink:href="#xpointer(string-range(//body,'',2434,4))"/><!-- with -->
<mark id="tok_418" xlink:href="#xpointer(string-range(//body,'',2439,9))"/><!-- increased -->
<mark id="tok_419" xlink:href="#xpointer(string-range(//body,'',2449,6))"/><!-- levels -->
<mark id="tok_420" xlink:href="#xpointer(string-range(//body,'',2456,2))"/><!-- of -->
<mark id="tok_421" xlink:href="#xpointer(string-range(//body,'',2459,6))"/><!-- carbon -->
<mark id="tok_422" xlink:href="#xpointer(string-range(//body,'',2466,7))"/><!-- dioxide -->
<mark id="tok_423" xlink:href="#xpointer(string-range(//body,'',2474,1))"/><!-- . -->
<mark id="tok_424" xlink:href="#xpointer(string-range(//body,'',2476,7))"/><!-- However -->
<mark id="tok_425" xlink:href="#xpointer(string-range(//body,'',2484,1))"/><!-- , -->
<mark id="tok_426" xlink:href="#xpointer(string-range(//body,'',2486,6))"/><!-- global -->
<mark id="tok_427" xlink:href="#xpointer(string-range(//body,'',2493,7))"/><!-- warming -->
<mark id="tok_428" xlink:href="#xpointer(string-range(//body,'',2501,4))"/><!-- also -->
<mark id="tok_429" xlink:href="#xpointer(string-range(//body,'',2506,9))"/><!-- increases -->
<mark id="tok_430" xlink:href="#xpointer(string-range(//body,'',2516,11))"/><!-- probability -->
<mark id="tok_431" xlink:href="#xpointer(string-range(//body,'',2528,2))"/><!-- of -->
<mark id="tok_432" xlink:href="#xpointer(string-range(//body,'',2531,7))"/><!-- extreme -->
<mark id="tok_433" xlink:href="#xpointer(string-range(//body,'',2539,14))"/><!-- crops-damaging -->
<mark id="tok_434" xlink:href="#xpointer(string-range(//body,'',2554,7))"/><!-- weather -->
<mark id="tok_435" xlink:href="#xpointer(string-range(//body,'',2562,6))"/><!-- events -->
<mark id="tok_436" xlink:href="#xpointer(string-range(//body,'',2569,4))"/><!-- such -->
<mark id="tok_437" xlink:href="#xpointer(string-range(//body,'',2574,2))"/><!-- as -->
<mark id="tok_438" xlink:href="#xpointer(string-range(//body,'',2577,6))"/><!-- floods -->
<mark id="tok_439" xlink:href="#xpointer(string-range(//body,'',2584,1))"/><!-- , -->
<mark id="tok_440" xlink:href="#xpointer(string-range(//body,'',2586,8))"/><!-- droughts -->
<mark id="tok_441" xlink:href="#xpointer(string-range(//body,'',2595,1))"/><!-- , -->
<mark id="tok_442" xlink:href="#xpointer(string-range(//body,'',2597,3))"/><!-- and -->
<mark id="tok_443" xlink:href="#xpointer(string-range(//body,'',2601,7))"/><!-- extreme -->
<mark id="tok_444" xlink:href="#xpointer(string-range(//body,'',2609,12))"/><!-- temperatures -->
<mark id="tok_445" xlink:href="#xpointer(string-range(//body,'',2622,1))"/><!-- . -->
<mark id="tok_446" xlink:href="#xpointer(string-range(//body,'',2624,7))"/><!-- Climate -->
<mark id="tok_447" xlink:href="#xpointer(string-range(//body,'',2632,6))"/><!-- change -->
<mark id="tok_448" xlink:href="#xpointer(string-range(//body,'',2639,7))"/><!-- affects -->
<mark id="tok_449" xlink:href="#xpointer(string-range(//body,'',2647,12))"/><!-- distribution -->
<mark id="tok_450" xlink:href="#xpointer(string-range(//body,'',2660,2))"/><!-- of -->
<mark id="tok_451" xlink:href="#xpointer(string-range(//body,'',2663,5))"/><!-- weeds -->
<mark id="tok_452" xlink:href="#xpointer(string-range(//body,'',2669,1))"/><!-- , -->
<mark id="tok_453" xlink:href="#xpointer(string-range(//body,'',2671,5))"/><!-- pests -->
<mark id="tok_454" xlink:href="#xpointer(string-range(//body,'',2677,1))"/><!-- , -->
<mark id="tok_455" xlink:href="#xpointer(string-range(//body,'',2679,3))"/><!-- and -->
<mark id="tok_456" xlink:href="#xpointer(string-range(//body,'',2683,8))"/><!-- diseases -->
<mark id="tok_457" xlink:href="#xpointer(string-range(//body,'',2692,1))"/><!-- . -->
<mark id="tok_458" xlink:href="#xpointer(string-range(//body,'',2694,5))"/><!-- Heald -->
<mark id="tok_459" xlink:href="#xpointer(string-range(//body,'',2700,5))"/><!-- noted -->
<mark id="tok_460" xlink:href="#xpointer(string-range(//body,'',2706,3))"/><!-- the -->
<mark id="tok_461" xlink:href="#xpointer(string-range(//body,'',2710,8))"/><!-- findings -->
<mark id="tok_462" xlink:href="#xpointer(string-range(//body,'',2719,4))"/><!-- show -->
<mark id="tok_463" xlink:href="#xpointer(string-range(//body,'',2724,9))"/><!-- pollution -->
<mark id="tok_464" xlink:href="#xpointer(string-range(//body,'',2734,9))"/><!-- reduction -->
<mark id="tok_465" xlink:href="#xpointer(string-range(//body,'',2744,2))"/><!-- is -->
<mark id="tok_466" xlink:href="#xpointer(string-range(//body,'',2747,4))"/><!-- also -->
<mark id="tok_467" xlink:href="#xpointer(string-range(//body,'',2752,9))"/><!-- important -->
<mark id="tok_468" xlink:href="#xpointer(string-range(//body,'',2762,1))"/><!-- . -->
<mark id="tok_469" xlink:href="#xpointer(string-range(//body,'',2764,1))"/><!-- &quot; -->
<mark id="tok_470" xlink:href="#xpointer(string-range(//body,'',2766,2))"/><!-- An -->
<mark id="tok_471" xlink:href="#xpointer(string-range(//body,'',2769,11))"/><!-- air-quality -->
<mark id="tok_472" xlink:href="#xpointer(string-range(//body,'',2781,7))"/><!-- cleanup -->
<mark id="tok_473" xlink:href="#xpointer(string-range(//body,'',2789,5))"/><!-- would -->
<mark id="tok_474" xlink:href="#xpointer(string-range(//body,'',2795,7))"/><!-- improve -->
<mark id="tok_475" xlink:href="#xpointer(string-range(//body,'',2803,4))"/><!-- crop -->
<mark id="tok_476" xlink:href="#xpointer(string-range(//body,'',2808,6))"/><!-- yields -->
<mark id="tok_477" xlink:href="#xpointer(string-range(//body,'',2815,5))"/><!-- [...] -->
<mark id="tok_478" xlink:href="#xpointer(string-range(//body,'',2821,5))"/><!-- Ozone -->
<mark id="tok_479" xlink:href="#xpointer(string-range(//body,'',2827,2))"/><!-- is -->
<mark id="tok_480" xlink:href="#xpointer(string-range(//body,'',2830,9))"/><!-- something -->
<mark id="tok_481" xlink:href="#xpointer(string-range(//body,'',2840,4))"/><!-- that -->
<mark id="tok_482" xlink:href="#xpointer(string-range(//body,'',2845,2))"/><!-- we -->
<mark id="tok_483" xlink:href="#xpointer(string-range(//body,'',2848,10))"/><!-- understand -->
<mark id="tok_484" xlink:href="#xpointer(string-range(//body,'',2859,3))"/><!-- the -->
<mark id="tok_485" xlink:href="#xpointer(string-range(//body,'',2863,6))"/><!-- causes -->
<mark id="tok_486" xlink:href="#xpointer(string-range(//body,'',2870,2))"/><!-- of -->
<mark id="tok_487" xlink:href="#xpointer(string-range(//body,'',2873,1))"/><!-- , -->
<mark id="tok_488" xlink:href="#xpointer(string-range(//body,'',2875,3))"/><!-- and -->
<mark id="tok_489" xlink:href="#xpointer(string-range(//body,'',2879,3))"/><!-- the -->
<mark id="tok_490" xlink:href="#xpointer(string-range(//body,'',2883,5))"/><!-- steps -->
<mark id="tok_491" xlink:href="#xpointer(string-range(//body,'',2889,4))"/><!-- that -->
<mark id="tok_492" xlink:href="#xpointer(string-range(//body,'',2894,4))"/><!-- need -->
<mark id="tok_493" xlink:href="#xpointer(string-range(//body,'',2899,2))"/><!-- to -->
<mark id="tok_494" xlink:href="#xpointer(string-range(//body,'',2902,2))"/><!-- be -->
<mark id="tok_495" xlink:href="#xpointer(string-range(//body,'',2905,5))"/><!-- taken -->
<mark id="tok_496" xlink:href="#xpointer(string-range(//body,'',2911,2))"/><!-- to -->
<mark id="tok_497" xlink:href="#xpointer(string-range(//body,'',2914,7))"/><!-- improve -->
<mark id="tok_498" xlink:href="#xpointer(string-range(//body,'',2922,3))"/><!-- air -->
<mark id="tok_499" xlink:href="#xpointer(string-range(//body,'',2926,7))"/><!-- quality -->
<mark id="tok_500" xlink:href="#xpointer(string-range(//body,'',2934,1))"/><!-- . -->
<mark id="tok_501" xlink:href="#xpointer(string-range(//body,'',2936,1))"/><!-- &quot; -->
<mark id="tok_502" xlink:href="#xpointer(string-range(//body,'',2938,2))"/><!-- As -->
<mark id="tok_503" xlink:href="#xpointer(string-range(//body,'',2941,5))"/><!-- Heald -->
<mark id="tok_504" xlink:href="#xpointer(string-range(//body,'',2947,4))"/><!-- told -->
<mark id="tok_505" xlink:href="#xpointer(string-range(//body,'',2952,3))"/><!-- The -->
<mark id="tok_506" xlink:href="#xpointer(string-range(//body,'',2956,10))"/><!-- Huffington -->
<mark id="tok_507" xlink:href="#xpointer(string-range(//body,'',2967,4))"/><!-- Post -->
<mark id="tok_508" xlink:href="#xpointer(string-range(//body,'',2972,1))"/><!-- , -->
<mark id="tok_509" xlink:href="#xpointer(string-range(//body,'',2974,2))"/><!-- US -->
<mark id="tok_510" xlink:href="#xpointer(string-range(//body,'',2977,7))"/><!-- surface -->
<mark id="tok_511" xlink:href="#xpointer(string-range(//body,'',2985,5))"/><!-- ozone -->
<mark id="tok_512" xlink:href="#xpointer(string-range(//body,'',2991,3))"/><!-- has -->
<mark id="tok_513" xlink:href="#xpointer(string-range(//body,'',2995,7))"/><!-- dropped -->
<mark id="tok_514" xlink:href="#xpointer(string-range(//body,'',3003,6))"/><!-- partly -->
<mark id="tok_515" xlink:href="#xpointer(string-range(//body,'',3010,3))"/><!-- due -->
<mark id="tok_516" xlink:href="#xpointer(string-range(//body,'',3014,2))"/><!-- to -->
<mark id="tok_517" xlink:href="#xpointer(string-range(//body,'',3017,3))"/><!-- the -->
<mark id="tok_518" xlink:href="#xpointer(string-range(//body,'',3021,5))"/><!-- Clean -->
<mark id="tok_519" xlink:href="#xpointer(string-range(//body,'',3027,3))"/><!-- Air -->
<mark id="tok_520" xlink:href="#xpointer(string-range(//body,'',3031,3))"/><!-- Act -->
<mark id="tok_521" xlink:href="#xpointer(string-range(//body,'',3035,1))"/><!-- . -->
<mark id="tok_522" xlink:href="#xpointer(string-range(//body,'',3037,1))"/><!-- &quot; -->
<mark id="tok_523" xlink:href="#xpointer(string-range(//body,'',3039,7))"/><!-- Despite -->
<mark id="tok_524" xlink:href="#xpointer(string-range(//body,'',3047,2))"/><!-- an -->
<mark id="tok_525" xlink:href="#xpointer(string-range(//body,'',3050,8))"/><!-- increase -->
<mark id="tok_526" xlink:href="#xpointer(string-range(//body,'',3059,2))"/><!-- in -->
<mark id="tok_527" xlink:href="#xpointer(string-range(//body,'',3062,7))"/><!-- vehicle -->
<mark id="tok_528" xlink:href="#xpointer(string-range(//body,'',3070,5))"/><!-- miles -->
<mark id="tok_529" xlink:href="#xpointer(string-range(//body,'',3076,6))"/><!-- driven -->
<mark id="tok_530" xlink:href="#xpointer(string-range(//body,'',3083,3))"/><!-- and -->
<mark id="tok_531" xlink:href="#xpointer(string-range(//body,'',3087,6))"/><!-- energy -->
<mark id="tok_532" xlink:href="#xpointer(string-range(//body,'',3094,11))"/><!-- consumption -->
<mark id="tok_533" xlink:href="#xpointer(string-range(//body,'',3106,1))"/><!-- , -->
<mark id="tok_534" xlink:href="#xpointer(string-range(//body,'',3108,7))"/><!-- surface -->
<mark id="tok_535" xlink:href="#xpointer(string-range(//body,'',3116,5))"/><!-- ozone -->
<mark id="tok_536" xlink:href="#xpointer(string-range(//body,'',3122,3))"/><!-- has -->
<mark id="tok_537" xlink:href="#xpointer(string-range(//body,'',3126,8))"/><!-- declined -->
<mark id="tok_538" xlink:href="#xpointer(string-range(//body,'',3135,2))"/><!-- by -->
<mark id="tok_539" xlink:href="#xpointer(string-range(//body,'',3138,2))"/><!-- 25 -->
<mark id="tok_540" xlink:href="#xpointer(string-range(//body,'',3141,7))"/><!-- percent -->
<mark id="tok_541" xlink:href="#xpointer(string-range(//body,'',3149,2))"/><!-- on -->
<mark id="tok_542" xlink:href="#xpointer(string-range(//body,'',3152,7))"/><!-- average -->
<mark id="tok_543" xlink:href="#xpointer(string-range(//body,'',3160,6))"/><!-- across -->
<mark id="tok_544" xlink:href="#xpointer(string-range(//body,'',3167,3))"/><!-- the -->
<mark id="tok_545" xlink:href="#xpointer(string-range(//body,'',3171,4))"/><!-- U.S. -->
<mark id="tok_546" xlink:href="#xpointer(string-range(//body,'',3176,4))"/><!-- from -->
<mark id="tok_547" xlink:href="#xpointer(string-range(//body,'',3181,4))"/><!-- 1980 -->
<mark id="tok_548" xlink:href="#xpointer(string-range(//body,'',3186,2))"/><!-- to -->
<mark id="tok_549" xlink:href="#xpointer(string-range(//body,'',3189,4))"/><!-- 2012 -->
<mark id="tok_550" xlink:href="#xpointer(string-range(//body,'',3194,5))"/><!-- [...] -->
<mark id="tok_551" xlink:href="#xpointer(string-range(//body,'',3200,7))"/><!-- However -->
<mark id="tok_552" xlink:href="#xpointer(string-range(//body,'',3208,1))"/><!-- , -->
<mark id="tok_553" xlink:href="#xpointer(string-range(//body,'',3210,3))"/><!-- the -->
<mark id="tok_554" xlink:href="#xpointer(string-range(//body,'',3214,6))"/><!-- future -->
<mark id="tok_555" xlink:href="#xpointer(string-range(//body,'',3221,2))"/><!-- of -->
<mark id="tok_556" xlink:href="#xpointer(string-range(//body,'',3224,5))"/><!-- ozone -->
<mark id="tok_557" xlink:href="#xpointer(string-range(//body,'',3230,3))"/><!-- air -->
<mark id="tok_558" xlink:href="#xpointer(string-range(//body,'',3234,7))"/><!-- quality -->
<mark id="tok_559" xlink:href="#xpointer(string-range(//body,'',3242,2))"/><!-- in -->
<mark id="tok_560" xlink:href="#xpointer(string-range(//body,'',3245,3))"/><!-- the -->
<mark id="tok_561" xlink:href="#xpointer(string-range(//body,'',3249,4))"/><!-- U.S. -->
<mark id="tok_562" xlink:href="#xpointer(string-range(//body,'',3254,3))"/><!-- and -->
<mark id="tok_563" xlink:href="#xpointer(string-range(//body,'',3258,6))"/><!-- around -->
<mark id="tok_564" xlink:href="#xpointer(string-range(//body,'',3265,3))"/><!-- the -->
<mark id="tok_565" xlink:href="#xpointer(string-range(//body,'',3269,5))"/><!-- world -->
<mark id="tok_566" xlink:href="#xpointer(string-range(//body,'',3275,4))"/><!-- will -->
<mark id="tok_567" xlink:href="#xpointer(string-range(//body,'',3280,6))"/><!-- depend -->
<mark id="tok_568" xlink:href="#xpointer(string-range(//body,'',3287,2))"/><!-- on -->
<mark id="tok_569" xlink:href="#xpointer(string-range(//body,'',3290,5))"/><!-- local -->
<mark id="tok_570" xlink:href="#xpointer(string-range(//body,'',3296,9))"/><!-- emissions -->
<mark id="tok_571" xlink:href="#xpointer(string-range(//body,'',3306,1))"/><!-- , -->
<mark id="tok_572" xlink:href="#xpointer(string-range(//body,'',3308,3))"/><!-- the -->
<mark id="tok_573" xlink:href="#xpointer(string-range(//body,'',3312,3))"/><!-- use -->
<mark id="tok_574" xlink:href="#xpointer(string-range(//body,'',3316,2))"/><!-- of -->
<mark id="tok_575" xlink:href="#xpointer(string-range(//body,'',3319,9))"/><!-- pollution -->
<mark id="tok_576" xlink:href="#xpointer(string-range(//body,'',3329,7))"/><!-- control -->
<mark id="tok_577" xlink:href="#xpointer(string-range(//body,'',3337,10))"/><!-- technology -->
<mark id="tok_578" xlink:href="#xpointer(string-range(//body,'',3348,1))"/><!-- , -->
<mark id="tok_579" xlink:href="#xpointer(string-range(//body,'',3350,11))"/><!-- regulations -->
<mark id="tok_580" xlink:href="#xpointer(string-range(//body,'',3362,1))"/><!-- , -->
<mark id="tok_581" xlink:href="#xpointer(string-range(//body,'',3364,3))"/><!-- and -->
<mark id="tok_582" xlink:href="#xpointer(string-range(//body,'',3368,3))"/><!-- air -->
<mark id="tok_583" xlink:href="#xpointer(string-range(//body,'',3372,7))"/><!-- quality -->
<mark id="tok_584" xlink:href="#xpointer(string-range(//body,'',3380,6))"/><!-- policy -->
<mark id="tok_585" xlink:href="#xpointer(string-range(//body,'',3387,1))"/><!-- . -->
<mark id="tok_586" xlink:href="#xpointer(string-range(//body,'',3389,1))"/><!-- &quot; -->
<mark id="tok_587" xlink:href="#xpointer(string-range(//body,'',3391,3))"/><!-- The -->
<mark id="tok_588" xlink:href="#xpointer(string-range(//body,'',3395,5))"/><!-- study -->
<mark id="tok_589" xlink:href="#xpointer(string-range(//body,'',3401,3))"/><!-- was -->
<mark id="tok_590" xlink:href="#xpointer(string-range(//body,'',3405,9))"/><!-- supported -->
<mark id="tok_591" xlink:href="#xpointer(string-range(//body,'',3415,2))"/><!-- by -->
<mark id="tok_592" xlink:href="#xpointer(string-range(//body,'',3418,3))"/><!-- the -->
<mark id="tok_593" xlink:href="#xpointer(string-range(//body,'',3422,8))"/><!-- Croucher -->
<mark id="tok_594" xlink:href="#xpointer(string-range(//body,'',3431,10))"/><!-- Foundation -->
<mark id="tok_595" xlink:href="#xpointer(string-range(//body,'',3442,1))"/><!-- , -->
<mark id="tok_596" xlink:href="#xpointer(string-range(//body,'',3444,2))"/><!-- US -->
<mark id="tok_597" xlink:href="#xpointer(string-range(//body,'',3447,8))"/><!-- National -->
<mark id="tok_598" xlink:href="#xpointer(string-range(//body,'',3456,7))"/><!-- Science -->
<mark id="tok_599" xlink:href="#xpointer(string-range(//body,'',3464,10))"/><!-- Foundation -->
<mark id="tok_600" xlink:href="#xpointer(string-range(//body,'',3475,1))"/><!-- , -->
<mark id="tok_601" xlink:href="#xpointer(string-range(//body,'',3477,3))"/><!-- and -->
<mark id="tok_602" xlink:href="#xpointer(string-range(//body,'',3481,2))"/><!-- US -->
<mark id="tok_603" xlink:href="#xpointer(string-range(//body,'',3484,8))"/><!-- National -->
<mark id="tok_604" xlink:href="#xpointer(string-range(//body,'',3493,4))"/><!-- Park -->
<mark id="tok_605" xlink:href="#xpointer(string-range(//body,'',3498,7))"/><!-- Service -->
<mark id="tok_606" xlink:href="#xpointer(string-range(//body,'',3506,1))"/><!-- . -->
</markList>
</paula>
