<?xml version="1.0" encoding="UTF-8" standalone="no"?>

<!DOCTYPE paula SYSTEM "paula_feat.dtd">
<paula version="1.0">

<header paula_id="ref.GUM.GUM_news_warming.referentSeg_coref_type"/>

<featList xmlns:xlink="http://www.w3.org/1999/xlink" type="type" xml:base="ref.GUM.GUM_news_warming.referentSeg_coref.xml">
	<feat xlink:href="#rel_1" value="coref"/>
	<feat xlink:href="#rel_2" value="appos"/>
	<feat xlink:href="#rel_3" value="bridge"/>
	<feat xlink:href="#rel_4" value="ana"/>
	<feat xlink:href="#rel_5" value="coref"/>
	<feat xlink:href="#rel_6" value="coref"/>
	<feat xlink:href="#rel_7" value="coref"/>
	<feat xlink:href="#rel_8" value="coref"/>
	<feat xlink:href="#rel_9" value="appos"/>
	<feat xlink:href="#rel_10" value="coref"/>
	<feat xlink:href="#rel_11" value="coref"/>
	<feat xlink:href="#rel_12" value="ana"/>
	<feat xlink:href="#rel_13" value="coref"/>
	<feat xlink:href="#rel_14" value="coref"/>
	<feat xlink:href="#rel_15" value="bridge"/>
	<feat xlink:href="#rel_16" value="bridge"/>
	<feat xlink:href="#rel_17" value="coref"/>
	<feat xlink:href="#rel_18" value="bridge"/>
	<feat xlink:href="#rel_19" value="bridge"/>
	<feat xlink:href="#rel_20" value="bridge"/>
	<feat xlink:href="#rel_21" value="coref"/>
	<feat xlink:href="#rel_22" value="bridge"/>
	<feat xlink:href="#rel_23" value="bridge"/>
	<feat xlink:href="#rel_24" value="bridge"/>
	<feat xlink:href="#rel_25" value="bridge"/>
	<feat xlink:href="#rel_26" value="coref"/>
	<feat xlink:href="#rel_27" value="bridge"/>
	<feat xlink:href="#rel_28" value="coref"/>
	<feat xlink:href="#rel_29" value="coref"/>
	<feat xlink:href="#rel_30" value="coref"/>
	<feat xlink:href="#rel_31" value="bridge"/>
	<feat xlink:href="#rel_32" value="bridge"/>
	<feat xlink:href="#rel_33" value="bridge"/>
	<feat xlink:href="#rel_34" value="coref"/>
	<feat xlink:href="#rel_35" value="coref"/>
	<feat xlink:href="#rel_36" value="coref"/>
	<feat xlink:href="#rel_37" value="coref"/>
	<feat xlink:href="#rel_38" value="bridge"/>
	<feat xlink:href="#rel_39" value="coref"/>
	<feat xlink:href="#rel_40" value="coref"/>
	<feat xlink:href="#rel_41" value="coref"/>
	<feat xlink:href="#rel_42" value="bridge"/>
	<feat xlink:href="#rel_43" value="coref"/>
	<feat xlink:href="#rel_44" value="coref"/>
	<feat xlink:href="#rel_45" value="coref"/>
	<feat xlink:href="#rel_46" value="coref"/>
	<feat xlink:href="#rel_47" value="coref"/>
	<feat xlink:href="#rel_48" value="coref"/>
	<feat xlink:href="#rel_49" value="coref"/>
	<feat xlink:href="#rel_50" value="coref"/>
	<feat xlink:href="#rel_51" value="coref"/>
	<feat xlink:href="#rel_52" value="coref"/>
	<feat xlink:href="#rel_53" value="coref"/>
	<feat xlink:href="#rel_54" value="coref"/>
	<feat xlink:href="#rel_55" value="coref"/>
	<feat xlink:href="#rel_56" value="coref"/>
	<feat xlink:href="#rel_57" value="coref"/>
	<feat xlink:href="#rel_58" value="coref"/>
	<feat xlink:href="#rel_59" value="coref"/>
	<feat xlink:href="#rel_60" value="coref"/>
	<feat xlink:href="#rel_61" value="coref"/>
	<feat xlink:href="#rel_62" value="coref"/>
	<feat xlink:href="#rel_63" value="coref"/>
	<feat xlink:href="#rel_64" value="coref"/>
	<feat xlink:href="#rel_65" value="coref"/>
	<feat xlink:href="#rel_66" value="coref"/>
	<feat xlink:href="#rel_67" value="coref"/>
	<feat xlink:href="#rel_68" value="coref"/>
	<feat xlink:href="#rel_69" value="coref"/>
	<feat xlink:href="#rel_70" value="coref"/>
	<feat xlink:href="#rel_71" value="coref"/>
	<feat xlink:href="#rel_72" value="coref"/>
	<feat xlink:href="#rel_73" value="coref"/>
	<feat xlink:href="#rel_74" value="coref"/>
	<feat xlink:href="#rel_75" value="coref"/>
	<feat xlink:href="#rel_76" value="coref"/>
	<feat xlink:href="#rel_77" value="coref"/>
	<feat xlink:href="#rel_78" value="coref"/>
	<feat xlink:href="#rel_79" value="coref"/>
	<feat xlink:href="#rel_80" value="coref"/>
	<feat xlink:href="#rel_81" value="coref"/>
	<feat xlink:href="#rel_82" value="coref"/>
	<feat xlink:href="#rel_83" value="coref"/>
</featList>
</paula>
