<?xml version="1.0" encoding="UTF-8" standalone="no"?>

<!DOCTYPE paula SYSTEM "paula_feat.dtd">
<paula version="1.0">

<header paula_id="ref.GUM.GUM_news_warming.referentSeg_entity"/>

<featList xmlns:xlink="http://www.w3.org/1999/xlink" type="entity" xml:base="ref.GUM.GUM_news_warming.referentSeg.xml">
	<feat xlink:href="#referent_1" value="person"/>
	<feat xlink:href="#referent_2" value="substance"/>
	<feat xlink:href="#referent_3" value="plant"/>
	<feat xlink:href="#referent_4" value="organization"/>
	<feat xlink:href="#referent_5" value="organization"/>
	<feat xlink:href="#referent_6" value="place"/>
	<feat xlink:href="#referent_7" value="place"/>
	<feat xlink:href="#referent_8" value="abstract"/>
	<feat xlink:href="#referent_9" value="time"/>
	<feat xlink:href="#referent_10" value="object"/>
	<feat xlink:href="#referent_11" value="event"/>
	<feat xlink:href="#referent_12" value="event"/>
	<feat xlink:href="#referent_13" value="abstract"/>
	<feat xlink:href="#referent_14" value="object"/>
	<feat xlink:href="#referent_15" value="organization"/>
	<feat xlink:href="#referent_16" value="person"/>
	<feat xlink:href="#referent_17" value="abstract"/>
	<feat xlink:href="#referent_18" value="time"/>
	<feat xlink:href="#referent_19" value="object"/>
	<feat xlink:href="#referent_20" value="time"/>
	<feat xlink:href="#referent_21" value="abstract"/>
	<feat xlink:href="#referent_22" value="object"/>
	<feat xlink:href="#referent_23" value="event"/>
	<feat xlink:href="#referent_24" value="quantity"/>
	<feat xlink:href="#referent_25" value="substance"/>
	<feat xlink:href="#referent_26" value="person"/>
	<feat xlink:href="#referent_27" value="event"/>
	<feat xlink:href="#referent_28" value="event"/>
	<feat xlink:href="#referent_29" value="abstract"/>
	<feat xlink:href="#referent_30" value="organization"/>
	<feat xlink:href="#referent_31" value="event"/>
	<feat xlink:href="#referent_32" value="event"/>
	<feat xlink:href="#referent_33" value="abstract"/>
	<feat xlink:href="#referent_34" value="abstract"/>
	<feat xlink:href="#referent_35" value="time"/>
	<feat xlink:href="#referent_36" value="time"/>
	<feat xlink:href="#referent_37" value="plant"/>
	<feat xlink:href="#referent_38" value="time"/>
	<feat xlink:href="#referent_39" value="abstract"/>
	<feat xlink:href="#referent_40" value="event"/>
	<feat xlink:href="#referent_41" value="person"/>
	<feat xlink:href="#referent_42" value="abstract"/>
	<feat xlink:href="#referent_43" value="event"/>
	<feat xlink:href="#referent_44" value="event"/>
	<feat xlink:href="#referent_45" value="substance"/>
	<feat xlink:href="#referent_46" value="substance"/>
	<feat xlink:href="#referent_47" value="object"/>
	<feat xlink:href="#referent_48" value="abstract"/>
	<feat xlink:href="#referent_49" value="abstract"/>
	<feat xlink:href="#referent_50" value="abstract"/>
	<feat xlink:href="#referent_51" value="place"/>
	<feat xlink:href="#referent_52" value="plant"/>
	<feat xlink:href="#referent_53" value="object"/>
	<feat xlink:href="#referent_54" value="substance"/>
	<feat xlink:href="#referent_55" value="plant"/>
	<feat xlink:href="#referent_56" value="plant"/>
	<feat xlink:href="#referent_57" value="substance"/>
	<feat xlink:href="#referent_58" value="abstract"/>
	<feat xlink:href="#referent_59" value="object"/>
	<feat xlink:href="#referent_60" value="substance"/>
	<feat xlink:href="#referent_61" value="abstract"/>
	<feat xlink:href="#referent_62" value="person"/>
	<feat xlink:href="#referent_63" value="abstract"/>
	<feat xlink:href="#referent_64" value="object"/>
	<feat xlink:href="#referent_65" value="substance"/>
	<feat xlink:href="#referent_66" value="plant"/>
	<feat xlink:href="#referent_67" value="object"/>
	<feat xlink:href="#referent_68" value="abstract"/>
	<feat xlink:href="#referent_69" value="abstract"/>
	<feat xlink:href="#referent_70" value="abstract"/>
	<feat xlink:href="#referent_71" value="object"/>
	<feat xlink:href="#referent_72" value="event"/>
	<feat xlink:href="#referent_73" value="object"/>
	<feat xlink:href="#referent_74" value="person"/>
	<feat xlink:href="#referent_75" value="plant"/>
	<feat xlink:href="#referent_76" value="plant"/>
	<feat xlink:href="#referent_77" value="plant"/>
	<feat xlink:href="#referent_78" value="plant"/>
	<feat xlink:href="#referent_79" value="object"/>
	<feat xlink:href="#referent_80" value="organization"/>
	<feat xlink:href="#referent_81" value="place"/>
	<feat xlink:href="#referent_82" value="substance"/>
	<feat xlink:href="#referent_83" value="plant"/>
	<feat xlink:href="#referent_84" value="plant"/>
	<feat xlink:href="#referent_85" value="plant"/>
	<feat xlink:href="#referent_86" value="plant"/>
	<feat xlink:href="#referent_87" value="person"/>
	<feat xlink:href="#referent_88" value="substance"/>
	<feat xlink:href="#referent_89" value="plant"/>
	<feat xlink:href="#referent_90" value="abstract"/>
	<feat xlink:href="#referent_91" value="abstract"/>
	<feat xlink:href="#referent_92" value="abstract"/>
	<feat xlink:href="#referent_93" value="abstract"/>
	<feat xlink:href="#referent_94" value="abstract"/>
	<feat xlink:href="#referent_95" value="organization"/>
	<feat xlink:href="#referent_96" value="organization"/>
	<feat xlink:href="#referent_97" value="plant"/>
	<feat xlink:href="#referent_98" value="object"/>
	<feat xlink:href="#referent_99" value="abstract"/>
	<feat xlink:href="#referent_100" value="abstract"/>
	<feat xlink:href="#referent_101" value="abstract"/>
	<feat xlink:href="#referent_102" value="event"/>
	<feat xlink:href="#referent_103" value="event"/>
	<feat xlink:href="#referent_104" value="event"/>
	<feat xlink:href="#referent_105" value="abstract"/>
	<feat xlink:href="#referent_106" value="abstract"/>
	<feat xlink:href="#referent_107" value="person"/>
	<feat xlink:href="#referent_108" value="abstract"/>
	<feat xlink:href="#referent_109" value="abstract"/>
	<feat xlink:href="#referent_110" value="abstract"/>
	<feat xlink:href="#referent_111" value="object"/>
	<feat xlink:href="#referent_112" value="substance"/>
	<feat xlink:href="#referent_113" value="abstract"/>
	<feat xlink:href="#referent_114" value="object"/>
	<feat xlink:href="#referent_115" value="abstract"/>
	<feat xlink:href="#referent_116" value="abstract"/>
	<feat xlink:href="#referent_117" value="person"/>
	<feat xlink:href="#referent_118" value="organization"/>
	<feat xlink:href="#referent_119" value="object"/>
	<feat xlink:href="#referent_120" value="object"/>
	<feat xlink:href="#referent_121" value="object"/>
	<feat xlink:href="#referent_122" value="place"/>
	<feat xlink:href="#referent_123" value="abstract"/>
	<feat xlink:href="#referent_124" value="abstract"/>
	<feat xlink:href="#referent_125" value="place"/>
	<feat xlink:href="#referent_126" value="place"/>
	<feat xlink:href="#referent_127" value="abstract"/>
	<feat xlink:href="#referent_128" value="abstract"/>
	<feat xlink:href="#referent_129" value="abstract"/>
	<feat xlink:href="#referent_130" value="abstract"/>
	<feat xlink:href="#referent_131" value="event"/>
	<feat xlink:href="#referent_132" value="organization"/>
	<feat xlink:href="#referent_133" value="organization"/>
	<feat xlink:href="#referent_134" value="organization"/>
	<feat xlink:href="#referent_135" value="quantity"/>
	<feat xlink:href="#referent_136" value="abstract"/>
	<feat xlink:href="#referent_137" value="abstract"/>
	<feat xlink:href="#referent_138" value="person"/>
	<feat xlink:href="#referent_139" value="quantity"/>
	<feat xlink:href="#referent_140" value="quantity"/>
	<feat xlink:href="#referent_141" value="quantity"/>
	<feat xlink:href="#referent_142" value="quantity"/>
	<feat xlink:href="#referent_143" value="time"/>
	<feat xlink:href="#referent_144" value="quantity"/>
	<feat xlink:href="#referent_145" value="time"/>
	<feat xlink:href="#referent_146" value="substance"/>
	<feat xlink:href="#referent_147" value="abstract"/>
	<feat xlink:href="#referent_148" value="organization"/>
	<feat xlink:href="#referent_149" value="organization"/>
	<feat xlink:href="#referent_150" value="plant"/>
	<feat xlink:href="#referent_151" value="plant"/>
	<feat xlink:href="#referent_152" value="substance"/>
	<feat xlink:href="#referent_153" value="substance"/>
	<feat xlink:href="#referent_154" value="person"/>
	<feat xlink:href="#referent_155" value="substance"/>
	<feat xlink:href="#referent_156" value="substance"/>
	<feat xlink:href="#referent_157" value="plant"/>
	<feat xlink:href="#referent_158" value="substance"/>
	<feat xlink:href="#referent_159" value="abstract"/>
	<feat xlink:href="#referent_160" value="substance"/>
	<feat xlink:href="#referent_161" value="abstract"/>
	<feat xlink:href="#referent_162" value="abstract"/>
	<feat xlink:href="#referent_163" value="substance"/>
	<feat xlink:href="#referent_164" value="abstract"/>
	<feat xlink:href="#referent_165" value="plant"/>
	<feat xlink:href="#referent_166" value="abstract"/>
	<feat xlink:href="#referent_167" value="abstract"/>
	<feat xlink:href="#referent_168" value="abstract"/>
	<feat xlink:href="#referent_169" value="person"/>
	<feat xlink:href="#referent_170" value="time"/>
	<feat xlink:href="#referent_171" value="time"/>
</featList>
</paula>
