<?xml version="1.0" encoding="UTF-8" standalone="no"?>
<!DOCTYPE paula SYSTEM "paula_mark.dtd">
<paula version="1.0">

<header paula_id="ref.GUM.GUM_news_warming_referentSeg"/>

<markList xmlns:xlink="http://www.w3.org/1999/xlink" type="referentSeg" xml:base="GUM.GUM_news_warming.tok.xml">
	<mark id="referent_1" xlink:href="#tok_1"/>
	<mark id="referent_2" xlink:href="#xpointer(id('tok_8')/range-to(id('tok_9')))"/>
	<mark id="referent_3" xlink:href="#tok_11"/>
	<mark id="referent_4" xlink:href="#xpointer(id('tok_18')/range-to(id('tok_20')))"/>
	<mark id="referent_5" xlink:href="#xpointer(id('tok_22')/range-to(id('tok_26')))"/>
	<mark id="referent_6" xlink:href="#xpointer(id('tok_32')/range-to(id('tok_33')))"/>
	<mark id="referent_7" xlink:href="#xpointer(id('tok_40')/range-to(id('tok_41')))"/>
	<mark id="referent_8" xlink:href="#xpointer(id('tok_44')/range-to(id('tok_50')))"/>
	<mark id="referent_9" xlink:href="#xpointer(id('tok_52')/range-to(id('tok_54')))"/>
	<mark id="referent_10" xlink:href="#xpointer(id('tok_68')/range-to(id('tok_69')))"/>
	<mark id="referent_11" xlink:href="#xpointer(id('tok_5')/range-to(id('tok_6')))"/>
	<mark id="referent_12" xlink:href="#xpointer(id('tok_46')/range-to(id('tok_47')))"/>
	<mark id="referent_13" xlink:href="#xpointer(id('tok_56')/range-to(id('tok_66')))"/>
	<mark id="referent_14" xlink:href="#tok_73"/>
	<mark id="referent_15" xlink:href="#xpointer(id('tok_74')/range-to(id('tok_76')))"/>
	<mark id="referent_16" xlink:href="#xpointer(id('tok_79')/range-to(id('tok_80')))"/>
	<mark id="referent_17" xlink:href="#xpointer(id('tok_82')/range-to(id('tok_85')))"/>
	<mark id="referent_18" xlink:href="#xpointer(id('tok_12')/range-to(id('tok_17')))"/>
	<mark id="referent_19" xlink:href="#xpointer(id('tok_84')/range-to(id('tok_85')))"/>
	<mark id="referent_20" xlink:href="#tok_92"/>
	<mark id="referent_21" xlink:href="#xpointer(id('tok_97')/range-to(id('tok_98')))"/>
	<mark id="referent_22" xlink:href="#xpointer(id('tok_101')/range-to(id('tok_102')))"/>
	<mark id="referent_23" xlink:href="#xpointer(id('tok_105')/range-to(id('tok_106')))"/>
	<mark id="referent_24" xlink:href="#xpointer(id('tok_92')/range-to(id('tok_93')))"/>
	<mark id="referent_25" xlink:href="#xpointer(id('tok_116')/range-to(id('tok_117')))"/>
	<mark id="referent_26" xlink:href="#tok_119"/>
	<mark id="referent_27" xlink:href="#xpointer(id('tok_124')/range-to(id('tok_125')))"/>
	<mark id="referent_28" xlink:href="#xpointer(id('tok_127')/range-to(id('tok_128')))"/>
	<mark id="referent_29" xlink:href="#xpointer(id('tok_131')/range-to(id('tok_133')))"/>
	<mark id="referent_30" xlink:href="#xpointer(id('tok_143')/range-to(id('tok_145')))"/>
	<mark id="referent_31" xlink:href="#xpointer(id('tok_1')/range-to(id('tok_11')))"/>
	<mark id="referent_32" xlink:href="#xpointer(id('tok_18')/range-to(id('tok_50')))"/>
	<mark id="referent_33" xlink:href="#xpointer(id('tok_155')/range-to(id('tok_159')))"/>
	<mark id="referent_34" xlink:href="#xpointer(id('tok_113')/range-to(id('tok_117')))"/>
	<mark id="referent_35" xlink:href="#xpointer(id('tok_86')/range-to(id('tok_87')))"/>
	<mark id="referent_36" xlink:href="#xpointer(id('tok_121')/range-to(id('tok_122')))"/>
	<mark id="referent_37" xlink:href="#tok_177"/>
	<mark id="referent_38" xlink:href="#xpointer(id('tok_180')/range-to(id('tok_181')))"/>
	<mark id="referent_39" xlink:href="#xpointer(id('tok_204')/range-to(id('tok_205')))"/>
	<mark id="referent_40" xlink:href="#xpointer(id('tok_207')/range-to(id('tok_211')))"/>
	<mark id="referent_41" xlink:href="#tok_213"/>
	<mark id="referent_42" xlink:href="#tok_183"/>
	<mark id="referent_43" xlink:href="#xpointer(id('tok_197')/range-to(id('tok_198')))"/>
	<mark id="referent_44" xlink:href="#xpointer(id('tok_200')/range-to(id('tok_201')))"/>
	<mark id="referent_45" xlink:href="#tok_216"/>
	<mark id="referent_46" xlink:href="#tok_218"/>
	<mark id="referent_47" xlink:href="#xpointer(id('tok_224')/range-to(id('tok_225')))"/>
	<mark id="referent_48" xlink:href="#xpointer(id('tok_170')/range-to(id('tok_174')))"/>
	<mark id="referent_49" xlink:href="#tok_232"/>
	<mark id="referent_50" xlink:href="#xpointer(id('tok_216')/range-to(id('tok_218')))"/>
	<mark id="referent_51" xlink:href="#tok_238"/>
	<mark id="referent_52" xlink:href="#tok_240"/>
	<mark id="referent_53" xlink:href="#xpointer(id('tok_242')/range-to(id('tok_243')))"/>
	<mark id="referent_54" xlink:href="#tok_249"/>
	<mark id="referent_55" xlink:href="#tok_255"/>
	<mark id="referent_56" xlink:href="#tok_264"/>
	<mark id="referent_57" xlink:href="#tok_258"/>
	<mark id="referent_58" xlink:href="#xpointer(id('tok_111')/range-to(id('tok_117')))"/>
	<mark id="referent_59" xlink:href="#xpointer(id('tok_148')/range-to(id('tok_150')))"/>
	<mark id="referent_60" xlink:href="#xpointer(id('tok_158')/range-to(id('tok_159')))"/>
	<mark id="referent_61" xlink:href="#xpointer(id('tok_173')/range-to(id('tok_174')))"/>
	<mark id="referent_62" xlink:href="#tok_228"/>
	<mark id="referent_63" xlink:href="#xpointer(id('tok_273')/range-to(id('tok_274')))"/>
	<mark id="referent_64" xlink:href="#tok_287"/>
	<mark id="referent_65" xlink:href="#xpointer(id('tok_291')/range-to(id('tok_292')))"/>
	<mark id="referent_66" xlink:href="#tok_297"/>
	<mark id="referent_67" xlink:href="#xpointer(id('tok_301')/range-to(id('tok_302')))"/>
	<mark id="referent_68" xlink:href="#xpointer(id('tok_307')/range-to(id('tok_311')))"/>
	<mark id="referent_69" xlink:href="#xpointer(id('tok_310')/range-to(id('tok_311')))"/>
	<mark id="referent_70" xlink:href="#tok_313"/>
	<mark id="referent_71" xlink:href="#xpointer(id('tok_315')/range-to(id('tok_318')))"/>
	<mark id="referent_72" xlink:href="#xpointer(id('tok_317')/range-to(id('tok_318')))"/>
	<mark id="referent_73" xlink:href="#xpointer(id('tok_322')/range-to(id('tok_323')))"/>
	<mark id="referent_74" xlink:href="#xpointer(id('tok_325')/range-to(id('tok_326')))"/>
	<mark id="referent_75" xlink:href="#xpointer(id('tok_331')/range-to(id('tok_332')))"/>
	<mark id="referent_76" xlink:href="#tok_336"/>
	<mark id="referent_77" xlink:href="#tok_338"/>
	<mark id="referent_78" xlink:href="#tok_341"/>
	<mark id="referent_79" xlink:href="#tok_345"/>
	<mark id="referent_80" xlink:href="#xpointer(id('tok_285')/range-to(id('tok_287')))"/>
	<mark id="referent_81" xlink:href="#xpointer(id('tok_283')/range-to(id('tok_284')))"/>
	<mark id="referent_82" xlink:href="#tok_347"/>
	<mark id="referent_83" xlink:href="#xpointer(id('tok_350')/range-to(id('tok_351')))"/>
	<mark id="referent_84" xlink:href="#tok_354"/>
	<mark id="referent_85" xlink:href="#xpointer(id('tok_356')/range-to(id('tok_357')))"/>
	<mark id="referent_86" xlink:href="#xpointer(id('tok_360')/range-to(id('tok_361')))"/>
	<mark id="referent_87" xlink:href="#xpointer(id('tok_363')/range-to(id('tok_364')))"/>
	<mark id="referent_88" xlink:href="#xpointer(id('tok_367')/range-to(id('tok_368')))"/>
	<mark id="referent_89" xlink:href="#xpointer(id('tok_377')/range-to(id('tok_378')))"/>
	<mark id="referent_90" xlink:href="#xpointer(id('tok_380')/range-to(id('tok_381')))"/>
	<mark id="referent_91" xlink:href="#xpointer(id('tok_385')/range-to(id('tok_391')))"/>
	<mark id="referent_92" xlink:href="#xpointer(id('tok_388')/range-to(id('tok_391')))"/>
	<mark id="referent_93" xlink:href="#tok_399"/>
	<mark id="referent_94" xlink:href="#xpointer(id('tok_401')/range-to(id('tok_403')))"/>
	<mark id="referent_95" xlink:href="#xpointer(id('tok_405')/range-to(id('tok_406')))"/>
	<mark id="referent_96" xlink:href="#xpointer(id('tok_407')/range-to(id('tok_409')))"/>
	<mark id="referent_97" xlink:href="#tok_412"/>
	<mark id="referent_98" xlink:href="#tok_416"/>
	<mark id="referent_99" xlink:href="#xpointer(id('tok_421')/range-to(id('tok_422')))"/>
	<mark id="referent_100" xlink:href="#xpointer(id('tok_418')/range-to(id('tok_422')))"/>
	<mark id="referent_101" xlink:href="#xpointer(id('tok_426')/range-to(id('tok_427')))"/>
	<mark id="referent_102" xlink:href="#xpointer(id('tok_432')/range-to(id('tok_435')))"/>
	<mark id="referent_103" xlink:href="#tok_438"/>
	<mark id="referent_104" xlink:href="#tok_440"/>
	<mark id="referent_105" xlink:href="#xpointer(id('tok_443')/range-to(id('tok_444')))"/>
	<mark id="referent_106" xlink:href="#xpointer(id('tok_446')/range-to(id('tok_447')))"/>
	<mark id="referent_107" xlink:href="#tok_458"/>
	<mark id="referent_108" xlink:href="#xpointer(id('tok_460')/range-to(id('tok_461')))"/>
	<mark id="referent_109" xlink:href="#xpointer(id('tok_463')/range-to(id('tok_464')))"/>
	<mark id="referent_110" xlink:href="#xpointer(id('tok_470')/range-to(id('tok_472')))"/>
	<mark id="referent_111" xlink:href="#xpointer(id('tok_475')/range-to(id('tok_476')))"/>
	<mark id="referent_112" xlink:href="#tok_478"/>
	<mark id="referent_113" xlink:href="#xpointer(id('tok_489')/range-to(id('tok_490')))"/>
	<mark id="referent_114" xlink:href="#tok_480"/>
	<mark id="referent_115" xlink:href="#xpointer(id('tok_484')/range-to(id('tok_485')))"/>
	<mark id="referent_116" xlink:href="#xpointer(id('tok_498')/range-to(id('tok_499')))"/>
	<mark id="referent_117" xlink:href="#tok_503"/>
	<mark id="referent_118" xlink:href="#xpointer(id('tok_505')/range-to(id('tok_507')))"/>
	<mark id="referent_119" xlink:href="#xpointer(id('tok_509')/range-to(id('tok_511')))"/>
	<mark id="referent_120" xlink:href="#xpointer(id('tok_517')/range-to(id('tok_520')))"/>
	<mark id="referent_121" xlink:href="#xpointer(id('tok_534')/range-to(id('tok_535')))"/>
	<mark id="referent_122" xlink:href="#xpointer(id('tok_544')/range-to(id('tok_545')))"/>
	<mark id="referent_123" xlink:href="#xpointer(id('tok_553')/range-to(id('tok_558')))"/>
	<mark id="referent_124" xlink:href="#xpointer(id('tok_556')/range-to(id('tok_558')))"/>
	<mark id="referent_125" xlink:href="#xpointer(id('tok_560')/range-to(id('tok_561')))"/>
	<mark id="referent_126" xlink:href="#xpointer(id('tok_564')/range-to(id('tok_565')))"/>
	<mark id="referent_127" xlink:href="#xpointer(id('tok_569')/range-to(id('tok_570')))"/>
	<mark id="referent_128" xlink:href="#xpointer(id('tok_572')/range-to(id('tok_577')))"/>
	<mark id="referent_129" xlink:href="#tok_579"/>
	<mark id="referent_130" xlink:href="#xpointer(id('tok_582')/range-to(id('tok_584')))"/>
	<mark id="referent_131" xlink:href="#xpointer(id('tok_587')/range-to(id('tok_588')))"/>
	<mark id="referent_132" xlink:href="#xpointer(id('tok_592')/range-to(id('tok_594')))"/>
	<mark id="referent_133" xlink:href="#xpointer(id('tok_596')/range-to(id('tok_599')))"/>
	<mark id="referent_134" xlink:href="#xpointer(id('tok_602')/range-to(id('tok_605')))"/>
	<mark id="referent_135" xlink:href="#xpointer(id('tok_539')/range-to(id('tok_540')))"/>
	<mark id="referent_136" xlink:href="#xpointer(id('tok_531')/range-to(id('tok_532')))"/>
	<mark id="referent_137" xlink:href="#xpointer(id('tok_527')/range-to(id('tok_529')))"/>
	<mark id="referent_138" xlink:href="#tok_482"/>
	<mark id="referent_139" xlink:href="#xpointer(id('tok_188')/range-to(id('tok_189')))"/>
	<mark id="referent_140" xlink:href="#xpointer(id('tok_192')/range-to(id('tok_193')))"/>
	<mark id="referent_141" xlink:href="#xpointer(id('tok_135')/range-to(id('tok_136')))"/>
	<mark id="referent_142" xlink:href="#xpointer(id('tok_89')/range-to(id('tok_90')))"/>
	<mark id="referent_143" xlink:href="#tok_328"/>
	<mark id="referent_144" xlink:href="#xpointer(id('tok_370')/range-to(id('tok_371')))"/>
	<mark id="referent_145" xlink:href="#xpointer(id('tok_547')/range-to(id('tok_549')))"/>
	<mark id="referent_146" xlink:href="#xpointer(id('tok_49')/range-to(id('tok_50')))"/>
	<mark id="referent_147" xlink:href="#xpointer(id('tok_3')/range-to(id('tok_9')))"/>
	<mark id="referent_148" xlink:href="#xpointer(id('tok_28')/range-to(id('tok_30')))"/>
	<mark id="referent_149" xlink:href="#xpointer(id('tok_35')/range-to(id('tok_38')))"/>
	<mark id="referent_150" xlink:href="#xpointer(id('tok_60')/range-to(id('tok_66')))"/>
	<mark id="referent_151" xlink:href="#tok_84"/>
	<mark id="referent_152" xlink:href="#tok_97"/>
	<mark id="referent_153" xlink:href="#tok_132"/>
	<mark id="referent_154" xlink:href="#xpointer(id('tok_139')/range-to(id('tok_141')))"/>
	<mark id="referent_155" xlink:href="#tok_208"/>
	<mark id="referent_156" xlink:href="#tok_211"/>
	<mark id="referent_157" xlink:href="#tok_224"/>
	<mark id="referent_158" xlink:href="#tok_280"/>
	<mark id="referent_159" xlink:href="#xpointer(id('tok_276')/range-to(id('tok_277')))"/>
	<mark id="referent_160" xlink:href="#tok_374"/>
	<mark id="referent_161" xlink:href="#tok_375"/>
	<mark id="referent_162" xlink:href="#xpointer(id('tok_295')/range-to(id('tok_297')))"/>
	<mark id="referent_163" xlink:href="#tok_402"/>
	<mark id="referent_164" xlink:href="#xpointer(id('tok_280')/range-to(id('tok_281')))"/>
	<mark id="referent_165" xlink:href="#tok_433"/>
	<mark id="referent_166" xlink:href="#tok_471"/>
	<mark id="referent_167" xlink:href="#xpointer(id('tok_582')/range-to(id('tok_583')))"/>
	<mark id="referent_168" xlink:href="#xpointer(id('tok_419')/range-to(id('tok_422')))"/>
	<mark id="referent_169" xlink:href="#xpointer(id('tok_140')/range-to(id('tok_141')))"/>
	<mark id="referent_170" xlink:href="#tok_122"/>
	<mark id="referent_171" xlink:href="#tok_87"/>
</markList>
</paula>
