<?xml version="1.0" standalone="no"?>

<!DOCTYPE paula SYSTEM "paula_rel.dtd">
<paula version="1.0">

<header paula_id="ref.GUM.GUM_news_warming_coref"/>

<relList xmlns:xlink="http://www.w3.org/1999/xlink" type="coref" xml:base="ref.GUM.GUM_news_warming.referentSeg.xml">
	<rel id="rel_1" xlink:href="#referent_4" target="#referent_1"/>
	<rel id="rel_2" xlink:href="#referent_15" target="#referent_14"/>
	<rel id="rel_3" xlink:href="#referent_23" target="#referent_22"/>
	<rel id="rel_4" xlink:href="#referent_26" target="#referent_16"/>
	<rel id="rel_5" xlink:href="#referent_170" target="#referent_171"/>
	<rel id="rel_6" xlink:href="#referent_33" target="#referent_34"/>
	<rel id="rel_7" xlink:href="#referent_36" target="#referent_35"/>
	<rel id="rel_8" xlink:href="#referent_38" target="#referent_36"/>
	<rel id="rel_9" xlink:href="#referent_39" target="#referent_40"/>
	<rel id="rel_10" xlink:href="#referent_41" target="#referent_169"/>
	<rel id="rel_11" xlink:href="#referent_44" target="#referent_10"/>
	<rel id="rel_12" xlink:href="#referent_49" target="#referent_50"/>
	<rel id="rel_13" xlink:href="#referent_53" target="#referent_47"/>
	<rel id="rel_14" xlink:href="#referent_54" target="#referent_46"/>
	<rel id="rel_15" xlink:href="#referent_55" target="#referent_52"/>
	<rel id="rel_16" xlink:href="#referent_56" target="#referent_52"/>
	<rel id="rel_17" xlink:href="#referent_60" target="#referent_25"/>
	<rel id="rel_18" xlink:href="#referent_76" target="#referent_75"/>
	<rel id="rel_19" xlink:href="#referent_77" target="#referent_75"/>
	<rel id="rel_20" xlink:href="#referent_78" target="#referent_75"/>
	<rel id="rel_21" xlink:href="#referent_79" target="#referent_53"/>
	<rel id="rel_22" xlink:href="#referent_84" target="#referent_83"/>
	<rel id="rel_23" xlink:href="#referent_85" target="#referent_83"/>
	<rel id="rel_24" xlink:href="#referent_86" target="#referent_83"/>
	<rel id="rel_25" xlink:href="#referent_87" target="#referent_72"/>
	<rel id="rel_26" xlink:href="#referent_89" target="#referent_76"/>
	<rel id="rel_27" xlink:href="#referent_91" target="#referent_65"/>
	<rel id="rel_28" xlink:href="#referent_98" target="#referent_79"/>
	<rel id="rel_29" xlink:href="#referent_168" target="#referent_92"/>
	<rel id="rel_30" xlink:href="#referent_100" target="#referent_92"/>
	<rel id="rel_31" xlink:href="#referent_103" target="#referent_102"/>
	<rel id="rel_32" xlink:href="#referent_104" target="#referent_102"/>
	<rel id="rel_33" xlink:href="#referent_105" target="#referent_102"/>
	<rel id="rel_34" xlink:href="#referent_114" target="#referent_112"/>
	<rel id="rel_35" xlink:href="#referent_117" target="#referent_107"/>
	<rel id="rel_36" xlink:href="#referent_121" target="#referent_119"/>
	<rel id="rel_37" xlink:href="#referent_125" target="#referent_122"/>
	<rel id="rel_38" xlink:href="#referent_130" target="#referent_120"/>
	<rel id="rel_39" xlink:href="#referent_12" target="#referent_11"/>
	<rel id="rel_40" xlink:href="#referent_146" target="#referent_2"/>
	<rel id="rel_41" xlink:href="#referent_25" target="#referent_146"/>
	<rel id="rel_42" xlink:href="#referent_43" target="#referent_23"/>
	<rel id="rel_43" xlink:href="#referent_10" target="#referent_32"/>
	<rel id="rel_44" xlink:href="#referent_16" target="#referent_4"/>
	<rel id="rel_45" xlink:href="#referent_8" target="#referent_147"/>
	<rel id="rel_46" xlink:href="#referent_48" target="#referent_8"/>
	<rel id="rel_47" xlink:href="#referent_107" target="#referent_41"/>
	<rel id="rel_48" xlink:href="#referent_32" target="#referent_31"/>
	<rel id="rel_49" xlink:href="#referent_19" target="#referent_13"/>
	<rel id="rel_50" xlink:href="#referent_150" target="#referent_3"/>
	<rel id="rel_51" xlink:href="#referent_151" target="#referent_150"/>
	<rel id="rel_52" xlink:href="#referent_37" target="#referent_151"/>
	<rel id="rel_53" xlink:href="#referent_153" target="#referent_152"/>
	<rel id="rel_54" xlink:href="#referent_41" target="#referent_154"/>
	<rel id="rel_55" xlink:href="#referent_61" target="#referent_12"/>
	<rel id="rel_56" xlink:href="#referent_155" target="#referent_60"/>
	<rel id="rel_57" xlink:href="#referent_45" target="#referent_156"/>
	<rel id="rel_58" xlink:href="#referent_46" target="#referent_155"/>
	<rel id="rel_59" xlink:href="#referent_47" target="#referent_19"/>
	<rel id="rel_60" xlink:href="#referent_157" target="#referent_37"/>
	<rel id="rel_61" xlink:href="#referent_52" target="#referent_157"/>
	<rel id="rel_62" xlink:href="#referent_57" target="#referent_45"/>
	<rel id="rel_63" xlink:href="#referent_158" target="#referent_54"/>
	<rel id="rel_64" xlink:href="#referent_159" target="#referent_61"/>
	<rel id="rel_65" xlink:href="#referent_65" target="#referent_158"/>
	<rel id="rel_66" xlink:href="#referent_66" target="#referent_52"/>
	<rel id="rel_67" xlink:href="#referent_70" target="#referent_64"/>
	<rel id="rel_68" xlink:href="#referent_82" target="#referent_65"/>
	<rel id="rel_69" xlink:href="#referent_88" target="#referent_82"/>
	<rel id="rel_70" xlink:href="#referent_160" target="#referent_57"/>
	<rel id="rel_71" xlink:href="#referent_161" target="#referent_162"/>
	<rel id="rel_72" xlink:href="#referent_163" target="#referent_153"/>
	<rel id="rel_73" xlink:href="#referent_97" target="#referent_52"/>
	<rel id="rel_74" xlink:href="#referent_101" target="#referent_159"/>
	<rel id="rel_75" xlink:href="#referent_106" target="#referent_101"/>
	<rel id="rel_76" xlink:href="#referent_110" target="#referent_109"/>
	<rel id="rel_77" xlink:href="#referent_111" target="#referent_98"/>
	<rel id="rel_78" xlink:href="#referent_165" target="#referent_97"/>
	<rel id="rel_79" xlink:href="#referent_112" target="#referent_88"/>
	<rel id="rel_80" xlink:href="#referent_166" target="#referent_69"/>
	<rel id="rel_81" xlink:href="#referent_116" target="#referent_166"/>
	<rel id="rel_82" xlink:href="#referent_124" target="#referent_116"/>
	<rel id="rel_83" xlink:href="#referent_167" target="#referent_124"/>
</relList>
</paula>
