<?xml version="1.0" encoding="UTF-8" standalone="no"?>

<!DOCTYPE paula SYSTEM "paula_feat.dtd">
<paula version="1.0">

<header paula_id="const.GUM.GUM_interview_messina_catConst_cat"/>

<featList xmlns:xlink="http://www.w3.org/1999/xlink" type="cat" xml:base="const.GUM.GUM_interview_messina.catConst.xml">
  <feat xlink:href="#const_0_1" value="NP"/><!-- Frank Messina -->
  <feat xlink:href="#const_3_1" value="NP"/><!-- Frank ... “ -->
  <feat xlink:href="#const_4_1" value="ROOT"/><!-- Frank ... “ -->
  <feat xlink:href="#const_0_4" value="NP"/><!-- An Interview -->
  <feat xlink:href="#const_2_4" value="NP"/><!-- An ... “ -->
  <feat xlink:href="#const_1_6" value="PP"/><!-- with ... “ -->
  <feat xlink:href="#const_0_7" value="NP"/><!-- the ... “ -->
  <feat xlink:href="#const_0_12" value="NP"/><!-- Wednesday ... 2007 -->
  <feat xlink:href="#const_1_12" value="ROOT"/><!-- Wednesday ... 2007 -->
  <feat xlink:href="#const_0_18" value="NP"/><!-- You -->
  <feat xlink:href="#const_5_18" value="S"/><!-- You ... . -->
  <feat xlink:href="#const_6_18" value="ROOT"/><!-- You ... . -->
  <feat xlink:href="#const_4_19" value="VP"/><!-- have ... recently -->
  <feat xlink:href="#const_3_20" value="VP"/><!-- received ... recently -->
  <feat xlink:href="#const_0_21" value="NP"/><!-- a ... deal -->
  <feat xlink:href="#const_2_21" value="NP"/><!-- a ... attention -->
  <feat xlink:href="#const_1_24" value="PP"/><!-- of attention -->
  <feat xlink:href="#const_0_25" value="NP"/><!-- attention -->
  <feat xlink:href="#const_0_26" value="ADVP"/><!-- recently -->
  <feat xlink:href="#const_14_28" value="SBAR"/><!-- Even ... John -->
  <feat xlink:href="#const_15_28" value="S"/><!-- Even ... &quot; -->
  <feat xlink:href="#const_16_28" value="S"/><!-- Even ... . -->
  <feat xlink:href="#const_17_28" value="ROOT"/><!-- Even ... . -->
  <feat xlink:href="#const_0_30" value="NP"/><!-- I -->
  <feat xlink:href="#const_13_30" value="S"/><!-- I ... John -->
  <feat xlink:href="#const_12_31" value="VP"/><!-- m ... John -->
  <feat xlink:href="#const_0_33" value="NP"/><!-- Michael Jackson -->
  <feat xlink:href="#const_1_33" value="NP"/><!-- Michael ... somebody -->
  <feat xlink:href="#const_11_33" value="NP"/><!-- Michael ... John -->
  <feat xlink:href="#const_0_36" value="NP"/><!-- somebody -->
  <feat xlink:href="#const_0_38" value="WHADVP"/><!-- when -->
  <feat xlink:href="#const_10_38" value="SBAR"/><!-- when ... John -->
  <feat xlink:href="#const_0_39" value="NP"/><!-- people -->
  <feat xlink:href="#const_9_39" value="S"/><!-- people ... John -->
  <feat xlink:href="#const_2_40" value="VP"/><!-- come ... me -->
  <feat xlink:href="#const_8_40" value="VP"/><!-- come ... John -->
  <feat xlink:href="#const_0_41" value="PRT"/><!-- up -->
  <feat xlink:href="#const_1_42" value="PP"/><!-- to me -->
  <feat xlink:href="#const_0_43" value="NP"/><!-- me -->
  <feat xlink:href="#const_7_45" value="VP"/><!-- introduce ... &quot; -->
  <feat xlink:href="#const_0_46" value="NP"/><!-- themselves -->
  <feat xlink:href="#const_4_46" value="UCP"/><!-- themselves ... Frank -->
  <feat xlink:href="#const_6_46" value="S"/><!-- themselves ... &quot; -->
  <feat xlink:href="#const_0_48" value="VP"/><!-- say -->
  <feat xlink:href="#const_2_48" value="VP"/><!-- say ... Frank -->
  <feat xlink:href="#const_3_48" value="S"/><!-- say ... Frank -->
  <feat xlink:href="#const_0_51" value="INTJ"/><!-- Hey -->
  <feat xlink:href="#const_1_51" value="NP"/><!-- Hey Frank -->
  <feat xlink:href="#const_0_52" value="NP"/><!-- Frank -->
  <feat xlink:href="#const_0_54" value="NP"/><!-- my name -->
  <feat xlink:href="#const_5_56" value="VP"/><!-- is ... &quot; -->
  <feat xlink:href="#const_0_57" value="NP"/><!-- John -->
  <feat xlink:href="#const_3_57" value="NP"/><!-- John ... &quot; -->
  <feat xlink:href="#const_4_57" value="S"/><!-- John ... &quot; -->
  <feat xlink:href="#const_2_58" value="PRN"/><!-- , ... , -->
  <feat xlink:href="#const_0_60" value="NP"/><!-- I -->
  <feat xlink:href="#const_1_60" value="S"/><!-- I say -->
  <feat xlink:href="#const_0_61" value="VP"/><!-- say -->
  <feat xlink:href="#const_0_64" value="INTJ"/><!-- Hey -->
  <feat xlink:href="#const_1_64" value="NP"/><!-- Hey John -->
  <feat xlink:href="#const_0_65" value="NP"/><!-- John -->
  <feat xlink:href="#const_0_67" value="NP"/><!-- my name -->
  <feat xlink:href="#const_1_69" value="VP"/><!-- is ... &quot; -->
  <feat xlink:href="#const_0_70" value="NP"/><!-- Frank &quot; -->
  <feat xlink:href="#const_0_73" value="NP"/><!-- they -->
  <feat xlink:href="#const_1_73" value="S"/><!-- they laugh -->
  <feat xlink:href="#const_0_74" value="VP"/><!-- laugh -->
  <feat xlink:href="#const_0_76" value="NP"/><!-- It -->
  <feat xlink:href="#const_2_76" value="S"/><!-- It ... . -->
  <feat xlink:href="#const_3_76" value="ROOT"/><!-- It ... . -->
  <feat xlink:href="#const_1_77" value="VP"/><!-- &apos;s ... phenomenon -->
  <feat xlink:href="#const_0_78" value="NP"/><!-- a ... phenomenon -->
  <feat xlink:href="#const_0_82" value="WHNP"/><!-- What -->
  <feat xlink:href="#const_5_82" value="SBARQ"/><!-- What ... ? -->
  <feat xlink:href="#const_6_82" value="ROOT"/><!-- What ... ? -->
  <feat xlink:href="#const_3_83" value="VP"/><!-- goes ... happens -->
  <feat xlink:href="#const_4_83" value="SQ"/><!-- goes ... happens -->
  <feat xlink:href="#const_1_84" value="PP"/><!-- through ... head -->
  <feat xlink:href="#const_0_85" value="NP"/><!-- your head -->
  <feat xlink:href="#const_0_87" value="WHADVP"/><!-- when -->
  <feat xlink:href="#const_2_87" value="SBAR"/><!-- when ... happens -->
  <feat xlink:href="#const_0_88" value="NP"/><!-- that -->
  <feat xlink:href="#const_1_88" value="S"/><!-- that happens -->
  <feat xlink:href="#const_0_89" value="VP"/><!-- happens -->
  <feat xlink:href="#const_0_91" value="NP"/><!-- I -->
  <feat xlink:href="#const_2_91" value="S"/><!-- I ... . -->
  <feat xlink:href="#const_3_91" value="ROOT"/><!-- I ... . -->
  <feat xlink:href="#const_1_92" value="VP"/><!-- understand it -->
  <feat xlink:href="#const_0_93" value="NP"/><!-- it -->
  <feat xlink:href="#const_0_95" value="NP"/><!-- I -->
  <feat xlink:href="#const_4_95" value="S"/><!-- I ... . -->
  <feat xlink:href="#const_5_95" value="ROOT"/><!-- I ... . -->
  <feat xlink:href="#const_3_96" value="VP"/><!-- &apos;ve ... concerts -->
  <feat xlink:href="#const_2_97" value="VP"/><!-- gone ... concerts -->
  <feat xlink:href="#const_1_98" value="PP"/><!-- to ... concerts -->
  <feat xlink:href="#const_0_99" value="NP"/><!-- readings ... concerts -->
  <feat xlink:href="#const_0_103" value="NP"/><!-- I -->
  <feat xlink:href="#const_3_103" value="S"/><!-- I ... . -->
  <feat xlink:href="#const_4_103" value="ROOT"/><!-- I ... . -->
  <feat xlink:href="#const_2_104" value="VP"/><!-- look ... interaction -->
  <feat xlink:href="#const_1_105" value="PP"/><!-- at it -->
  <feat xlink:href="#const_0_106" value="NP"/><!-- it -->
  <feat xlink:href="#const_1_107" value="PP"/><!-- as ... interaction -->
  <feat xlink:href="#const_0_108" value="NP"/><!-- human interaction -->
  <feat xlink:href="#const_1_111" value="PP"/><!-- Over ... years -->
  <feat xlink:href="#const_5_111" value="S"/><!-- Over ... . -->
  <feat xlink:href="#const_6_111" value="ROOT"/><!-- Over ... . -->
  <feat xlink:href="#const_0_112" value="NP"/><!-- the years -->
  <feat xlink:href="#const_0_114" value="NP"/><!-- I -->
  <feat xlink:href="#const_4_115" value="VP"/><!-- have ... states -->
  <feat xlink:href="#const_3_116" value="VP"/><!-- performed ... states -->
  <feat xlink:href="#const_2_117" value="PP"/><!-- in ... states -->
  <feat xlink:href="#const_0_118" value="NP"/><!-- 32 countries -->
  <feat xlink:href="#const_1_118" value="NP"/><!-- 32 ... states -->
  <feat xlink:href="#const_0_121" value="NP"/><!-- 40 states -->
  <feat xlink:href="#const_0_124" value="NP"/><!-- I -->
  <feat xlink:href="#const_12_124" value="S"/><!-- I ... . -->
  <feat xlink:href="#const_13_124" value="ROOT"/><!-- I ... . -->
  <feat xlink:href="#const_11_125" value="VP"/><!-- &apos;ve ... coffeehouses -->
  <feat xlink:href="#const_10_126" value="VP"/><!-- been ... coffeehouses -->
  <feat xlink:href="#const_9_127" value="VP"/><!-- doing ... coffeehouses -->
  <feat xlink:href="#const_0_128" value="NP"/><!-- this -->
  <feat xlink:href="#const_0_129" value="ADVP"/><!-- professionally -->
  <feat xlink:href="#const_4_129" value="SBAR"/><!-- professionally ... twenties -->
  <feat xlink:href="#const_8_129" value="SBAR"/><!-- professionally ... coffeehouses -->
  <feat xlink:href="#const_0_131" value="NP"/><!-- I -->
  <feat xlink:href="#const_3_131" value="S"/><!-- I ... twenties -->
  <feat xlink:href="#const_2_132" value="VP"/><!-- was ... twenties -->
  <feat xlink:href="#const_1_133" value="PP"/><!-- in ... twenties -->
  <feat xlink:href="#const_0_134" value="NP"/><!-- my twenties -->
  <feat xlink:href="#const_0_138" value="ADVP"/><!-- before that -->
  <feat xlink:href="#const_7_140" value="SBAR"/><!-- since ... coffeehouses -->
  <feat xlink:href="#const_0_141" value="NP"/><!-- I -->
  <feat xlink:href="#const_6_141" value="S"/><!-- I ... coffeehouses -->
  <feat xlink:href="#const_5_142" value="VP"/><!-- was ... coffeehouses -->
  <feat xlink:href="#const_0_143" value="NP"/><!-- sixteen -->
  <feat xlink:href="#const_4_143" value="NP"/><!-- sixteen ... coffeehouses -->
  <feat xlink:href="#const_3_144" value="VP"/><!-- doing ... coffeehouses -->
  <feat xlink:href="#const_0_145" value="NP"/><!-- little ... readings -->
  <feat xlink:href="#const_2_145" value="NP"/><!-- little ... coffeehouses -->
  <feat xlink:href="#const_1_149" value="PP"/><!-- in coffeehouses -->
  <feat xlink:href="#const_0_150" value="NP"/><!-- coffeehouses -->
  <feat xlink:href="#const_0_152" value="NP"/><!-- The band -->
  <feat xlink:href="#const_5_152" value="NP"/><!-- The ... 1993 -->
  <feat xlink:href="#const_6_152" value="NP"/><!-- The ... , -->
  <feat xlink:href="#const_8_152" value="S"/><!-- The ... . -->
  <feat xlink:href="#const_9_152" value="ROOT"/><!-- The ... . -->
  <feat xlink:href="#const_0_154" value="NP"/><!-- I -->
  <feat xlink:href="#const_3_154" value="S"/><!-- I ... 1993 -->
  <feat xlink:href="#const_4_154" value="SBAR"/><!-- I ... 1993 -->
  <feat xlink:href="#const_2_155" value="VP"/><!-- started ... 1993 -->
  <feat xlink:href="#const_1_156" value="PP"/><!-- in 1993 -->
  <feat xlink:href="#const_0_157" value="NP"/><!-- 1993 -->
  <feat xlink:href="#const_0_159" value="NP"/><!-- Spoken Motion -->
  <feat xlink:href="#const_7_162" value="VP"/><!-- received ... scene -->
  <feat xlink:href="#const_0_163" value="NP"/><!-- a lot -->
  <feat xlink:href="#const_2_163" value="NP"/><!-- a ... recognition -->
  <feat xlink:href="#const_1_165" value="PP"/><!-- of recognition -->
  <feat xlink:href="#const_0_166" value="NP"/><!-- recognition -->
  <feat xlink:href="#const_6_167" value="PP"/><!-- as ... scene -->
  <feat xlink:href="#const_1_168" value="NP"/><!-- a ... band -->
  <feat xlink:href="#const_5_168" value="NP"/><!-- a ... scene -->
  <feat xlink:href="#const_0_169" value="ADJP"/><!-- spoken -->
  <feat xlink:href="#const_4_172" value="VP"/><!-- born ... scene -->
  <feat xlink:href="#const_0_173" value="PRT"/><!-- out -->
  <feat xlink:href="#const_3_174" value="PP"/><!-- of ... scene -->
  <feat xlink:href="#const_0_175" value="NP"/><!-- the ... York -->
  <feat xlink:href="#const_2_175" value="NP"/><!-- the ... scene -->
  <feat xlink:href="#const_1_178" value="VP"/><!-- spoken ... scene -->
  <feat xlink:href="#const_0_179" value="NP"/><!-- word scene -->
  <feat xlink:href="#const_0_182" value="NP"/><!-- I -->
  <feat xlink:href="#const_4_182" value="S"/><!-- I ... . -->
  <feat xlink:href="#const_5_182" value="ROOT"/><!-- I ... . -->
  <feat xlink:href="#const_2_183" value="VP"/><!-- worked ... musicians -->
  <feat xlink:href="#const_3_183" value="VP"/><!-- worked ... world -->
  <feat xlink:href="#const_1_184" value="PP"/><!-- with ... musicians -->
  <feat xlink:href="#const_0_185" value="NP"/><!-- some ... musicians -->
  <feat xlink:href="#const_2_189" value="VP"/><!-- performed ... world -->
  <feat xlink:href="#const_1_190" value="PP"/><!-- around ... world -->
  <feat xlink:href="#const_0_191" value="NP"/><!-- the world -->
  <feat xlink:href="#const_0_194" value="NP"/><!-- I -->
  <feat xlink:href="#const_10_194" value="S"/><!-- I ... . -->
  <feat xlink:href="#const_11_194" value="ROOT"/><!-- I ... . -->
  <feat xlink:href="#const_9_195" value="VP"/><!-- remember ... old -->
  <feat xlink:href="#const_7_196" value="VP"/><!-- signing ... old -->
  <feat xlink:href="#const_8_196" value="S"/><!-- signing ... old -->
  <feat xlink:href="#const_0_197" value="NP"/><!-- my ... autograph -->
  <feat xlink:href="#const_6_200" value="PP"/><!-- to ... old -->
  <feat xlink:href="#const_0_201" value="NP"/><!-- a kid -->
  <feat xlink:href="#const_5_201" value="NP"/><!-- a ... old -->
  <feat xlink:href="#const_0_203" value="WHADVP"/><!-- when -->
  <feat xlink:href="#const_4_203" value="SBAR"/><!-- when ... old -->
  <feat xlink:href="#const_0_204" value="NP"/><!-- I -->
  <feat xlink:href="#const_3_204" value="S"/><!-- I ... old -->
  <feat xlink:href="#const_2_205" value="VP"/><!-- was ... old -->
  <feat xlink:href="#const_0_206" value="NP"/><!-- 25 years -->
  <feat xlink:href="#const_1_206" value="ADJP"/><!-- 25 ... old -->
  <feat xlink:href="#const_3_210" value="SBAR"/><!-- As ... on -->
  <feat xlink:href="#const_4_210" value="S"/><!-- As ... CDs -->
  <feat xlink:href="#const_7_210" value="S"/><!-- As ... . -->
  <feat xlink:href="#const_8_210" value="ROOT"/><!-- As ... . -->
  <feat xlink:href="#const_0_211" value="NP"/><!-- time -->
  <feat xlink:href="#const_2_211" value="S"/><!-- time ... on -->
  <feat xlink:href="#const_1_212" value="VP"/><!-- went on -->
  <feat xlink:href="#const_0_213" value="PRT"/><!-- on -->
  <feat xlink:href="#const_0_215" value="NP"/><!-- I -->
  <feat xlink:href="#const_2_216" value="VP"/><!-- came ... CDs -->
  <feat xlink:href="#const_0_217" value="PRT"/><!-- out -->
  <feat xlink:href="#const_1_218" value="PP"/><!-- with ... CDs -->
  <feat xlink:href="#const_0_219" value="NP"/><!-- books ... CDs -->
  <feat xlink:href="#const_0_224" value="NP"/><!-- I -->
  <feat xlink:href="#const_6_224" value="S"/><!-- I ... thing -->
  <feat xlink:href="#const_5_225" value="VP"/><!-- became ... thing -->
  <feat xlink:href="#const_4_226" value="VP"/><!-- used ... thing -->
  <feat xlink:href="#const_3_227" value="PP"/><!-- to ... thing -->
  <feat xlink:href="#const_0_228" value="NP"/><!-- that kind -->
  <feat xlink:href="#const_2_228" value="NP"/><!-- that ... thing -->
  <feat xlink:href="#const_1_230" value="PP"/><!-- of thing -->
  <feat xlink:href="#const_0_231" value="NP"/><!-- thing -->
  <feat xlink:href="#const_1_233" value="PP"/><!-- To me -->
  <feat xlink:href="#const_9_233" value="S"/><!-- To ... . -->
  <feat xlink:href="#const_10_233" value="ROOT"/><!-- To ... . -->
  <feat xlink:href="#const_0_234" value="NP"/><!-- me -->
  <feat xlink:href="#const_0_236" value="NP"/><!-- the ... feeling -->
  <feat xlink:href="#const_4_236" value="NP"/><!-- the ... artist -->
  <feat xlink:href="#const_3_239" value="PP"/><!-- of ... artist -->
  <feat xlink:href="#const_0_240" value="NP"/><!-- success -->
  <feat xlink:href="#const_2_240" value="NP"/><!-- success ... artist -->
  <feat xlink:href="#const_1_241" value="PP"/><!-- as ... artist -->
  <feat xlink:href="#const_0_242" value="NP"/><!-- an artist -->
  <feat xlink:href="#const_8_245" value="VP"/><!-- is ... you -->
  <feat xlink:href="#const_6_246" value="VP"/><!-- to ... you -->
  <feat xlink:href="#const_7_246" value="S"/><!-- to ... you -->
  <feat xlink:href="#const_5_247" value="VP"/><!-- move ... you -->
  <feat xlink:href="#const_0_248" value="NP"/><!-- somebody -->
  <feat xlink:href="#const_4_248" value="S"/><!-- somebody ... you -->
  <feat xlink:href="#const_0_249" value="ADJP"/><!-- enough -->
  <feat xlink:href="#const_0_250" value="WHADVP"/><!-- where -->
  <feat xlink:href="#const_3_250" value="SBAR"/><!-- where ... you -->
  <feat xlink:href="#const_0_251" value="NP"/><!-- they -->
  <feat xlink:href="#const_2_251" value="S"/><!-- they ... you -->
  <feat xlink:href="#const_1_252" value="VP"/><!-- thank you -->
  <feat xlink:href="#const_0_253" value="NP"/><!-- you -->
  <feat xlink:href="#const_0_255" value="WHADVP"/><!-- When -->
  <feat xlink:href="#const_6_255" value="SBAR"/><!-- When ... you -->
  <feat xlink:href="#const_7_255" value="S"/><!-- When ... &quot; -->
  <feat xlink:href="#const_8_255" value="ROOT"/><!-- When ... &quot; -->
  <feat xlink:href="#const_0_256" value="NP"/><!-- someone -->
  <feat xlink:href="#const_5_256" value="S"/><!-- someone ... you -->
  <feat xlink:href="#const_1_257" value="VP"/><!-- comes up -->
  <feat xlink:href="#const_4_257" value="VP"/><!-- comes ... you -->
  <feat xlink:href="#const_0_258" value="PRT"/><!-- up -->
  <feat xlink:href="#const_3_260" value="VP"/><!-- says ... you -->
  <feat xlink:href="#const_0_263" value="NP"/><!-- Frank , -->
  <feat xlink:href="#const_2_263" value="S"/><!-- Frank ... you -->
  <feat xlink:href="#const_1_265" value="VP"/><!-- thank you -->
  <feat xlink:href="#const_0_266" value="NP"/><!-- you -->
  <feat xlink:href="#const_0_268" value="NP"/><!-- your work -->
  <feat xlink:href="#const_1_270" value="VP"/><!-- is great -->
  <feat xlink:href="#const_0_271" value="ADJP"/><!-- great -->
  <feat xlink:href="#const_0_274" value="NP"/><!-- You -->
  <feat xlink:href="#const_9_274" value="S"/><!-- You ... . -->
  <feat xlink:href="#const_10_274" value="ROOT"/><!-- You ... . -->
  <feat xlink:href="#const_8_275" value="VP"/><!-- have ... work -->
  <feat xlink:href="#const_0_276" value="NP"/><!-- a ... career -->
  <feat xlink:href="#const_1_279" value="PP"/><!-- in poetry -->
  <feat xlink:href="#const_7_279" value="PP"/><!-- in ... work -->
  <feat xlink:href="#const_0_280" value="NP"/><!-- poetry -->
  <feat xlink:href="#const_0_282" value="CONJP"/><!-- but as -->
  <feat xlink:href="#const_1_284" value="PP"/><!-- of late -->
  <feat xlink:href="#const_0_285" value="NP"/><!-- late -->
  <feat xlink:href="#const_0_286" value="NP"/><!-- the attention -->
  <feat xlink:href="#const_4_286" value="NP"/><!-- the ... garnered -->
  <feat xlink:href="#const_5_286" value="S"/><!-- the ... work -->
  <feat xlink:href="#const_6_286" value="SBAR"/><!-- the ... work -->
  <feat xlink:href="#const_0_288" value="NP"/><!-- you -->
  <feat xlink:href="#const_2_288" value="S"/><!-- you ... garnered -->
  <feat xlink:href="#const_3_288" value="SBAR"/><!-- you ... garnered -->
  <feat xlink:href="#const_1_289" value="VP"/><!-- have garnered -->
  <feat xlink:href="#const_0_290" value="VP"/><!-- garnered -->
  <feat xlink:href="#const_2_291" value="VP"/><!-- is ... work -->
  <feat xlink:href="#const_1_292" value="PP"/><!-- for ... work -->
  <feat xlink:href="#const_0_293" value="NP"/><!-- the ... work -->
  <feat xlink:href="#const_0_297" value="WHADVP"/><!-- How -->
  <feat xlink:href="#const_9_297" value="SBARQ"/><!-- How ... ? -->
  <feat xlink:href="#const_10_297" value="ROOT"/><!-- How ... ? -->
  <feat xlink:href="#const_8_298" value="SQ"/><!-- do ... work -->
  <feat xlink:href="#const_0_299" value="NP"/><!-- you -->
  <feat xlink:href="#const_7_300" value="VP"/><!-- feel ... work -->
  <feat xlink:href="#const_6_301" value="PP"/><!-- about ... work -->
  <feat xlink:href="#const_4_302" value="VP"/><!-- having ... work -->
  <feat xlink:href="#const_5_302" value="S"/><!-- having ... work -->
  <feat xlink:href="#const_0_303" value="NP"/><!-- a lot -->
  <feat xlink:href="#const_2_303" value="NP"/><!-- a ... work -->
  <feat xlink:href="#const_3_303" value="S"/><!-- a ... work -->
  <feat xlink:href="#const_1_305" value="PP"/><!-- of ... work -->
  <feat xlink:href="#const_0_306" value="NP"/><!-- your work -->
  <feat xlink:href="#const_2_308" value="VP"/><!-- overshadowed ... work -->
  <feat xlink:href="#const_1_309" value="PP"/><!-- by ... work -->
  <feat xlink:href="#const_0_310" value="NP"/><!-- the ... work -->
  <feat xlink:href="#const_0_314" value="NP"/><!-- It -->
  <feat xlink:href="#const_2_314" value="S"/><!-- It ... . -->
  <feat xlink:href="#const_3_314" value="ROOT"/><!-- It ... . -->
  <feat xlink:href="#const_1_315" value="VP"/><!-- &apos;s ironic -->
  <feat xlink:href="#const_0_316" value="ADJP"/><!-- ironic -->
  <feat xlink:href="#const_0_318" value="NP"/><!-- Some -->
  <feat xlink:href="#const_2_318" value="NP"/><!-- Some ... poetry -->
  <feat xlink:href="#const_8_318" value="S"/><!-- Some ... . -->
  <feat xlink:href="#const_9_318" value="ROOT"/><!-- Some ... . -->
  <feat xlink:href="#const_1_319" value="PP"/><!-- of ... poetry -->
  <feat xlink:href="#const_0_320" value="NP"/><!-- the ... poetry -->
  <feat xlink:href="#const_7_323" value="VP"/><!-- has ... experience -->
  <feat xlink:href="#const_6_324" value="VP"/><!-- been ... experience -->
  <feat xlink:href="#const_5_325" value="VP"/><!-- born ... experience -->
  <feat xlink:href="#const_0_326" value="PRT"/><!-- out -->
  <feat xlink:href="#const_4_327" value="PP"/><!-- of ... adversity -->
  <feat xlink:href="#const_0_328" value="NP"/><!-- failure -->
  <feat xlink:href="#const_3_328" value="NP"/><!-- failure ... adversity -->
  <feat xlink:href="#const_0_330" value="NP"/><!-- the depths -->
  <feat xlink:href="#const_2_330" value="NP"/><!-- the ... adversity -->
  <feat xlink:href="#const_1_332" value="PP"/><!-- of adversity -->
  <feat xlink:href="#const_0_333" value="NP"/><!-- adversity -->
  <feat xlink:href="#const_1_334" value="PP"/><!-- in ... experience -->
  <feat xlink:href="#const_0_335" value="NP"/><!-- the ... experience -->
  <feat xlink:href="#const_0_339" value="NP"/><!-- Walt Whitman -->
  <feat xlink:href="#const_1_339" value="NP"/><!-- Walt ... , -->
  <feat xlink:href="#const_3_339" value="S"/><!-- Walt ... . -->
  <feat xlink:href="#const_4_339" value="ROOT"/><!-- Walt ... . -->
  <feat xlink:href="#const_0_342" value="NP"/><!-- the ... poet -->
  <feat xlink:href="#const_2_348" value="VP"/><!-- wrote ... War -->
  <feat xlink:href="#const_1_349" value="PP"/><!-- about ... War -->
  <feat xlink:href="#const_0_350" value="NP"/><!-- the ... War -->
  <feat xlink:href="#const_0_354" value="NP"/><!-- He -->
  <feat xlink:href="#const_5_354" value="S"/><!-- He ... brother -->
  <feat xlink:href="#const_6_354" value="S"/><!-- He ... . -->
  <feat xlink:href="#const_7_354" value="ROOT"/><!-- He ... . -->
  <feat xlink:href="#const_4_355" value="VP"/><!-- went ... brother -->
  <feat xlink:href="#const_2_356" value="VP"/><!-- looking ... brother -->
  <feat xlink:href="#const_3_356" value="S"/><!-- looking ... brother -->
  <feat xlink:href="#const_1_357" value="PP"/><!-- for ... brother -->
  <feat xlink:href="#const_0_358" value="NP"/><!-- his brother -->
  <feat xlink:href="#const_0_361" value="NP"/><!-- George Whitman -->
  <feat xlink:href="#const_1_364" value="PP"/><!-- after he -->
  <feat xlink:href="#const_0_365" value="NP"/><!-- he -->
  <feat xlink:href="#const_0_366" value="NP"/><!-- a telegram -->
  <feat xlink:href="#const_2_366" value="NP"/><!-- a ... brother -->
  <feat xlink:href="#const_1_368" value="VP"/><!-- telling ... brother -->
  <feat xlink:href="#const_0_369" value="NP"/><!-- him -->
  <feat xlink:href="#const_0_370" value="NP"/><!-- his brother -->
  <feat xlink:href="#const_3_372" value="VP"/><!-- was ... South -->
  <feat xlink:href="#const_2_373" value="VP"/><!-- injured ... South -->
  <feat xlink:href="#const_1_374" value="PP"/><!-- in ... South -->
  <feat xlink:href="#const_0_375" value="NP"/><!-- the South -->
  <feat xlink:href="#const_0_378" value="WHADVP"/><!-- When -->
  <feat xlink:href="#const_10_378" value="SBAR"/><!-- When ... blow -->
  <feat xlink:href="#const_11_378" value="S"/><!-- When ... . -->
  <feat xlink:href="#const_12_378" value="ROOT"/><!-- When ... . -->
  <feat xlink:href="#const_0_379" value="NP"/><!-- he -->
  <feat xlink:href="#const_9_379" value="S"/><!-- he ... blow -->
  <feat xlink:href="#const_8_380" value="VP"/><!-- started ... blow -->
  <feat xlink:href="#const_0_381" value="PRT"/><!-- out -->
  <feat xlink:href="#const_0_382" value="NP"/><!-- his poems -->
  <feat xlink:href="#const_6_382" value="S"/><!-- his ... blow -->
  <feat xlink:href="#const_7_382" value="SBAR"/><!-- his ... blow -->
  <feat xlink:href="#const_4_384" value="VP"/><!-- were ... drums -->
  <feat xlink:href="#const_5_384" value="VP"/><!-- were ... blow -->
  <feat xlink:href="#const_3_385" value="VP"/><!-- about ... drums -->
  <feat xlink:href="#const_1_386" value="VP"/><!-- beating drums -->
  <feat xlink:href="#const_2_386" value="S"/><!-- beating drums -->
  <feat xlink:href="#const_0_387" value="NP"/><!-- drums -->
  <feat xlink:href="#const_0_390" value="VP"/><!-- blow -->
  <feat xlink:href="#const_0_392" value="NP"/><!-- bugle -->
  <feat xlink:href="#const_1_392" value="S"/><!-- bugle -->
  <feat xlink:href="#const_0_394" value="VP"/><!-- blow -->
  <feat xlink:href="#const_0_396" value="ADJP"/><!-- Real patriotic -->
  <feat xlink:href="#const_1_396" value="FRAG"/><!-- Real ... . -->
  <feat xlink:href="#const_2_396" value="ROOT"/><!-- Real ... . -->
  <feat xlink:href="#const_7_399" value="S"/><!-- Then ... . -->
  <feat xlink:href="#const_8_399" value="ROOT"/><!-- Then ... . -->
  <feat xlink:href="#const_0_400" value="NP"/><!-- he -->
  <feat xlink:href="#const_6_401" value="VP"/><!-- started ... war -->
  <feat xlink:href="#const_4_402" value="VP"/><!-- to ... war -->
  <feat xlink:href="#const_5_402" value="S"/><!-- to ... war -->
  <feat xlink:href="#const_3_403" value="VP"/><!-- see ... war -->
  <feat xlink:href="#const_0_404" value="NP"/><!-- the ... horrors -->
  <feat xlink:href="#const_2_404" value="NP"/><!-- the ... war -->
  <feat xlink:href="#const_1_407" value="PP"/><!-- of war -->
  <feat xlink:href="#const_0_408" value="NP"/><!-- war -->
  <feat xlink:href="#const_0_410" value="NP"/><!-- He -->
  <feat xlink:href="#const_8_410" value="S"/><!-- He ... . -->
  <feat xlink:href="#const_9_410" value="ROOT"/><!-- He ... . -->
  <feat xlink:href="#const_7_411" value="VP"/><!-- was ... time -->
  <feat xlink:href="#const_6_412" value="ADJP"/><!-- able ... time -->
  <feat xlink:href="#const_4_413" value="VP"/><!-- to ... time -->
  <feat xlink:href="#const_5_413" value="S"/><!-- to ... time -->
  <feat xlink:href="#const_3_414" value="VP"/><!-- tap ... time -->
  <feat xlink:href="#const_2_415" value="PP"/><!-- into ... situation -->
  <feat xlink:href="#const_0_416" value="NP"/><!-- the ... condition -->
  <feat xlink:href="#const_1_416" value="NP"/><!-- the ... situation -->
  <feat xlink:href="#const_0_420" value="NP"/><!-- the situation -->
  <feat xlink:href="#const_1_422" value="PP"/><!-- at ... time -->
  <feat xlink:href="#const_0_423" value="NP"/><!-- that time -->
  <feat xlink:href="#const_0_426" value="ADVP"/><!-- Eventually -->
  <feat xlink:href="#const_3_426" value="SBAR"/><!-- Eventually ... brother -->
  <feat xlink:href="#const_4_426" value="S"/><!-- Eventually ... . -->
  <feat xlink:href="#const_5_426" value="ROOT"/><!-- Eventually ... . -->
  <feat xlink:href="#const_0_427" value="WHADVP"/><!-- when -->
  <feat xlink:href="#const_0_428" value="NP"/><!-- he -->
  <feat xlink:href="#const_2_428" value="S"/><!-- he ... brother -->
  <feat xlink:href="#const_1_429" value="VP"/><!-- found ... brother -->
  <feat xlink:href="#const_0_430" value="NP"/><!-- his brother -->
  <feat xlink:href="#const_0_432" value="NP"/><!-- he -->
  <feat xlink:href="#const_1_433" value="VP"/><!-- had resolution -->
  <feat xlink:href="#const_0_434" value="NP"/><!-- resolution -->
  <feat xlink:href="#const_0_436" value="NP"/><!-- I -->
  <feat xlink:href="#const_5_436" value="S"/><!-- I ... . -->
  <feat xlink:href="#const_6_436" value="ROOT"/><!-- I ... . -->
  <feat xlink:href="#const_4_437" value="VP"/><!-- experienced ... volunteer -->
  <feat xlink:href="#const_0_438" value="NP"/><!-- that kind -->
  <feat xlink:href="#const_2_438" value="NP"/><!-- that ... adversity -->
  <feat xlink:href="#const_1_440" value="PP"/><!-- of adversity -->
  <feat xlink:href="#const_0_441" value="NP"/><!-- adversity -->
  <feat xlink:href="#const_3_442" value="PP"/><!-- during ... volunteer -->
  <feat xlink:href="#const_0_443" value="NP"/><!-- 9/11 -->
  <feat xlink:href="#const_2_443" value="S"/><!-- 9/11 ... volunteer -->
  <feat xlink:href="#const_1_444" value="VP"/><!-- being ... volunteer -->
  <feat xlink:href="#const_0_445" value="NP"/><!-- a ... volunteer -->
  <feat xlink:href="#const_0_449" value="NP"/><!-- I -->
  <feat xlink:href="#const_6_449" value="S"/><!-- I ... . -->
  <feat xlink:href="#const_7_449" value="ROOT"/><!-- I ... . -->
  <feat xlink:href="#const_5_450" value="VP"/><!-- loaded ... Zero -->
  <feat xlink:href="#const_0_451" value="NP"/><!-- ferry boats -->
  <feat xlink:href="#const_3_453" value="PP"/><!-- in ... river -->
  <feat xlink:href="#const_0_454" value="NP"/><!-- Jersey City -->
  <feat xlink:href="#const_2_454" value="NP"/><!-- Jersey ... river -->
  <feat xlink:href="#const_1_456" value="PP"/><!-- across ... river -->
  <feat xlink:href="#const_0_457" value="NP"/><!-- the river -->
  <feat xlink:href="#const_3_459" value="VP"/><!-- to ... Zero -->
  <feat xlink:href="#const_4_459" value="S"/><!-- to ... Zero -->
  <feat xlink:href="#const_2_460" value="VP"/><!-- deliver ... Zero -->
  <feat xlink:href="#const_0_461" value="NP"/><!-- goods -->
  <feat xlink:href="#const_1_462" value="PP"/><!-- to ... Zero -->
  <feat xlink:href="#const_0_463" value="NP"/><!-- Ground Zero -->
  <feat xlink:href="#const_0_466" value="NP"/><!-- I -->
  <feat xlink:href="#const_12_466" value="S"/><!-- I ... . -->
  <feat xlink:href="#const_13_466" value="ROOT"/><!-- I ... . -->
  <feat xlink:href="#const_11_467" value="VP"/><!-- turned ... now -->
  <feat xlink:href="#const_1_468" value="PP"/><!-- to Whitman -->
  <feat xlink:href="#const_0_469" value="NP"/><!-- Whitman -->
  <feat xlink:href="#const_9_470" value="VP"/><!-- to ... now -->
  <feat xlink:href="#const_10_470" value="S"/><!-- to ... now -->
  <feat xlink:href="#const_8_471" value="VP"/><!-- find ... now -->
  <feat xlink:href="#const_0_472" value="NP"/><!-- some understanding -->
  <feat xlink:href="#const_7_472" value="NP"/><!-- some ... now -->
  <feat xlink:href="#const_6_474" value="PP"/><!-- of ... now -->
  <feat xlink:href="#const_0_475" value="WHNP"/><!-- what -->
  <feat xlink:href="#const_5_475" value="SBAR"/><!-- what ... now -->
  <feat xlink:href="#const_3_476" value="VP"/><!-- is ... now -->
  <feat xlink:href="#const_4_476" value="S"/><!-- is ... now -->
  <feat xlink:href="#const_2_477" value="VP"/><!-- happening ... now -->
  <feat xlink:href="#const_1_478" value="PP"/><!-- in ... world -->
  <feat xlink:href="#const_0_479" value="NP"/><!-- the world -->
  <feat xlink:href="#const_0_481" value="ADVP"/><!-- right now -->
  <feat xlink:href="#const_0_484" value="WHADVP"/><!-- When -->
  <feat xlink:href="#const_3_484" value="SBAR"/><!-- When ... poems -->
  <feat xlink:href="#const_4_484" value="S"/><!-- When ... . -->
  <feat xlink:href="#const_5_484" value="ROOT"/><!-- When ... . -->
  <feat xlink:href="#const_0_485" value="NP"/><!-- I -->
  <feat xlink:href="#const_2_485" value="S"/><!-- I ... poems -->
  <feat xlink:href="#const_1_486" value="VP"/><!-- wrote ... poems -->
  <feat xlink:href="#const_0_487" value="NP"/><!-- my ... poems -->
  <feat xlink:href="#const_0_491" value="NP"/><!-- that -->
  <feat xlink:href="#const_1_492" value="VP"/><!-- was ... adversity -->
  <feat xlink:href="#const_0_493" value="ADVP"/><!-- True -->
  <feat xlink:href="#const_0_494" value="NP"/><!-- adversity -->
  <feat xlink:href="#const_0_496" value="NP"/><!-- I -->
  <feat xlink:href="#const_5_496" value="S"/><!-- I ... . -->
  <feat xlink:href="#const_6_496" value="ROOT"/><!-- I ... . -->
  <feat xlink:href="#const_4_497" value="VP"/><!-- realize ... game -->
  <feat xlink:href="#const_0_498" value="NP"/><!-- baseball -->
  <feat xlink:href="#const_2_498" value="S"/><!-- baseball ... game -->
  <feat xlink:href="#const_3_498" value="SBAR"/><!-- baseball ... game -->
  <feat xlink:href="#const_1_499" value="VP"/><!-- is ... game -->
  <feat xlink:href="#const_0_500" value="ADVP"/><!-- just -->
  <feat xlink:href="#const_0_501" value="NP"/><!-- a game -->
  <feat xlink:href="#const_9_504" value="SQ"/><!-- Can ... ? -->
  <feat xlink:href="#const_10_504" value="ROOT"/><!-- Can ... ? -->
  <feat xlink:href="#const_0_505" value="NP"/><!-- you -->
  <feat xlink:href="#const_8_506" value="VP"/><!-- recite ... now -->
  <feat xlink:href="#const_0_507" value="NP"/><!-- a stanza -->
  <feat xlink:href="#const_7_507" value="NP"/><!-- a ... now -->
  <feat xlink:href="#const_0_509" value="WHNP"/><!-- that -->
  <feat xlink:href="#const_6_509" value="SBAR"/><!-- that ... now -->
  <feat xlink:href="#const_4_510" value="VP"/><!-- expresses ... now -->
  <feat xlink:href="#const_5_510" value="S"/><!-- expresses ... now -->
  <feat xlink:href="#const_0_511" value="WHADVP"/><!-- how -->
  <feat xlink:href="#const_3_511" value="SBAR"/><!-- how ... now -->
  <feat xlink:href="#const_0_512" value="NP"/><!-- you -->
  <feat xlink:href="#const_2_512" value="S"/><!-- you ... now -->
  <feat xlink:href="#const_1_513" value="VP"/><!-- feel ... now -->
  <feat xlink:href="#const_0_514" value="ADVP"/><!-- right now -->
  <feat xlink:href="#const_0_517" value="NP"/><!-- This -->
  <feat xlink:href="#const_15_517" value="S"/><!-- This ... : -->
  <feat xlink:href="#const_16_517" value="ROOT"/><!-- This ... : -->
  <feat xlink:href="#const_14_518" value="VP"/><!-- was ... down -->
  <feat xlink:href="#const_0_519" value="NP"/><!-- a piece -->
  <feat xlink:href="#const_13_521" value="SBAR"/><!-- that ... down -->
  <feat xlink:href="#const_0_522" value="NP"/><!-- the Times -->
  <feat xlink:href="#const_2_522" value="S"/><!-- the ... stanza -->
  <feat xlink:href="#const_12_522" value="S"/><!-- the ... down -->
  <feat xlink:href="#const_0_524" value="ADVP"/><!-- only -->
  <feat xlink:href="#const_1_525" value="VP"/><!-- quoted ... stanza -->
  <feat xlink:href="#const_0_526" value="NP"/><!-- one stanza -->
  <feat xlink:href="#const_0_530" value="NP"/><!-- it -->
  <feat xlink:href="#const_11_530" value="S"/><!-- it ... down -->
  <feat xlink:href="#const_10_531" value="VP"/><!-- &apos;s ... down -->
  <feat xlink:href="#const_3_532" value="PP"/><!-- about ... battle -->
  <feat xlink:href="#const_9_532" value="UCP"/><!-- about ... down -->
  <feat xlink:href="#const_0_533" value="NP"/><!-- preparation -->
  <feat xlink:href="#const_2_533" value="NP"/><!-- preparation ... battle -->
  <feat xlink:href="#const_1_534" value="PP"/><!-- for ... battle -->
  <feat xlink:href="#const_0_535" value="NP"/><!-- a battle -->
  <feat xlink:href="#const_7_539" value="VP"/><!-- being ... down -->
  <feat xlink:href="#const_8_539" value="S"/><!-- being ... down -->
  <feat xlink:href="#const_6_540" value="VP"/><!-- prepared ... down -->
  <feat xlink:href="#const_4_541" value="VP"/><!-- to ... down -->
  <feat xlink:href="#const_5_541" value="S"/><!-- to ... down -->
  <feat xlink:href="#const_0_542" value="ADVP"/><!-- either -->
  <feat xlink:href="#const_2_542" value="VP"/><!-- either ... occasion -->
  <feat xlink:href="#const_3_542" value="VP"/><!-- either ... down -->
  <feat xlink:href="#const_1_544" value="PP"/><!-- to ... occasion -->
  <feat xlink:href="#const_0_545" value="NP"/><!-- the occasion -->
  <feat xlink:href="#const_1_549" value="VP"/><!-- go down -->
  <feat xlink:href="#const_0_550" value="PRT"/><!-- down -->
  <feat xlink:href="#const_15_552" value="SQ"/><!-- Do ... ? -->
  <feat xlink:href="#const_16_552" value="ROOT"/><!-- Do ... ? -->
  <feat xlink:href="#const_0_553" value="NP"/><!-- you -->
  <feat xlink:href="#const_14_554" value="VP"/><!-- know ... door -->
  <feat xlink:href="#const_0_555" value="WHNP"/><!-- what -->
  <feat xlink:href="#const_13_555" value="SBAR"/><!-- what ... door -->
  <feat xlink:href="#const_0_556" value="NP"/><!-- it -->
  <feat xlink:href="#const_12_556" value="S"/><!-- it ... door -->
  <feat xlink:href="#const_11_557" value="VP"/><!-- &apos;s ... door -->
  <feat xlink:href="#const_10_558" value="ADJP"/><!-- like ... door -->
  <feat xlink:href="#const_8_559" value="VP"/><!-- to ... door -->
  <feat xlink:href="#const_9_559" value="S"/><!-- to ... door -->
  <feat xlink:href="#const_7_560" value="VP"/><!-- be ... door -->
  <feat xlink:href="#const_6_561" value="VP"/><!-- chased ... door -->
  <feat xlink:href="#const_3_562" value="PP"/><!-- by ... Failure -->
  <feat xlink:href="#const_0_563" value="NP"/><!-- the Ghost -->
  <feat xlink:href="#const_2_563" value="NP"/><!-- the ... Failure -->
  <feat xlink:href="#const_1_565" value="PP"/><!-- of Failure -->
  <feat xlink:href="#const_0_566" value="NP"/><!-- Failure -->
  <feat xlink:href="#const_5_567" value="PP"/><!-- while ... door -->
  <feat xlink:href="#const_3_568" value="VP"/><!-- staring ... door -->
  <feat xlink:href="#const_4_568" value="S"/><!-- staring ... door -->
  <feat xlink:href="#const_2_569" value="PP"/><!-- through ... door -->
  <feat xlink:href="#const_0_570" value="NP"/><!-- Victory s -->
  <feat xlink:href="#const_1_570" value="NP"/><!-- Victory ... door -->
  <feat xlink:href="#const_4_574" value="PP"/><!-- Of ... do -->
  <feat xlink:href="#const_7_574" value="S"/><!-- Of ... Shea -->
  <feat xlink:href="#const_8_574" value="ROOT"/><!-- Of ... Shea -->
  <feat xlink:href="#const_0_575" value="NP"/><!-- course -->
  <feat xlink:href="#const_3_575" value="NP"/><!-- course ... do -->
  <feat xlink:href="#const_0_576" value="NP"/><!-- you -->
  <feat xlink:href="#const_1_576" value="S"/><!-- you do -->
  <feat xlink:href="#const_2_576" value="SBAR"/><!-- you do -->
  <feat xlink:href="#const_0_577" value="VP"/><!-- do -->
  <feat xlink:href="#const_0_579" value="NP"/><!-- you -->
  <feat xlink:href="#const_6_580" value="VP"/><!-- &apos;re ... Shea -->
  <feat xlink:href="#const_0_581" value="NP"/><!-- a ... fan -->
  <feat xlink:href="#const_5_581" value="NP"/><!-- a ... Shea -->
  <feat xlink:href="#const_4_584" value="VP"/><!-- caught ... Shea -->
  <feat xlink:href="#const_3_585" value="PP"/><!-- in ... September -->
  <feat xlink:href="#const_0_586" value="NP"/><!-- a ... moment -->
  <feat xlink:href="#const_2_586" value="NP"/><!-- a ... September -->
  <feat xlink:href="#const_1_589" value="PP"/><!-- in ... September -->
  <feat xlink:href="#const_0_590" value="NP"/><!-- late September -->
  <feat xlink:href="#const_1_592" value="PP"/><!-- at Shea -->
  <feat xlink:href="#const_0_593" value="NP"/><!-- Shea -->
  <feat xlink:href="#const_14_594" value="SBAR"/><!-- As ... , -->
  <feat xlink:href="#const_15_594" value="ROOT"/><!-- As ... , -->
  <feat xlink:href="#const_0_595" value="NP"/><!-- one -->
  <feat xlink:href="#const_6_595" value="NP"/><!-- one ... dream -->
  <feat xlink:href="#const_13_595" value="S"/><!-- one ... , -->
  <feat xlink:href="#const_0_596" value="WHNP"/><!-- that -->
  <feat xlink:href="#const_5_596" value="SBAR"/><!-- that ... dream -->
  <feat xlink:href="#const_3_597" value="VP"/><!-- s ... dream -->
  <feat xlink:href="#const_4_597" value="S"/><!-- s ... dream -->
  <feat xlink:href="#const_2_598" value="VP"/><!-- battled ... dream -->
  <feat xlink:href="#const_0_599" value="ADVP"/><!-- hard -->
  <feat xlink:href="#const_1_600" value="PP"/><!-- through ... dream -->
  <feat xlink:href="#const_0_601" value="NP"/><!-- many ... dream -->
  <feat xlink:href="#const_12_605" value="VP"/><!-- Let ... , -->
  <feat xlink:href="#const_0_606" value="NP"/><!-- me -->
  <feat xlink:href="#const_11_606" value="S"/><!-- me ... , -->
  <feat xlink:href="#const_10_607" value="VP"/><!-- say ... &quot; -->
  <feat xlink:href="#const_9_608" value="SBAR"/><!-- , ... &quot; -->
  <feat xlink:href="#const_5_610" value="SBAR"/><!-- in ... occasion -->
  <feat xlink:href="#const_8_610" value="S"/><!-- in ... &quot; -->
  <feat xlink:href="#const_3_612" value="VP"/><!-- to ... occasion -->
  <feat xlink:href="#const_4_612" value="S"/><!-- to ... occasion -->
  <feat xlink:href="#const_2_613" value="VP"/><!-- rise ... occasion -->
  <feat xlink:href="#const_1_614" value="PP"/><!-- to ... occasion -->
  <feat xlink:href="#const_0_615" value="NP"/><!-- the occasion -->
  <feat xlink:href="#const_0_617" value="NP"/><!-- you -->
  <feat xlink:href="#const_7_618" value="VP"/><!-- must ... &quot; -->
  <feat xlink:href="#const_6_619" value="VP"/><!-- be ... &quot; -->
  <feat xlink:href="#const_5_620" value="VP"/><!-- willing ... &quot; -->
  <feat xlink:href="#const_3_621" value="VP"/><!-- to ... &quot; -->
  <feat xlink:href="#const_4_621" value="S"/><!-- to ... &quot; -->
  <feat xlink:href="#const_2_622" value="VP"/><!-- go ... &quot; -->
  <feat xlink:href="#const_0_623" value="PRT"/><!-- down -->
  <feat xlink:href="#const_1_624" value="PP"/><!-- with ... &quot; -->
  <feat xlink:href="#const_0_625" value="NP"/><!-- the ... &quot; -->
  <feat xlink:href="#const_0_629" value="VP"/><!-- Have -->
  <feat xlink:href="#const_9_629" value="SINV"/><!-- Have ... ! -->
  <feat xlink:href="#const_10_629" value="ROOT"/><!-- Have ... ! -->
  <feat xlink:href="#const_0_630" value="NP"/><!-- no fear -->
  <feat xlink:href="#const_1_630" value="NP"/><!-- no ... hesitation -->
  <feat xlink:href="#const_0_633" value="NP"/><!-- no hesitation -->
  <feat xlink:href="#const_8_636" value="PP"/><!-- for ... ! -->
  <feat xlink:href="#const_6_637" value="VP"/><!-- Winning ... reward -->
  <feat xlink:href="#const_7_637" value="S"/><!-- Winning ... reward -->
  <feat xlink:href="#const_2_638" value="VP"/><!-- shall ... it -->
  <feat xlink:href="#const_3_638" value="S"/><!-- shall ... it -->
  <feat xlink:href="#const_4_638" value="S"/><!-- shall ... reward -->
  <feat xlink:href="#const_5_638" value="SBAR"/><!-- shall ... reward -->
  <feat xlink:href="#const_1_639" value="VP"/><!-- be it -->
  <feat xlink:href="#const_0_640" value="NP"/><!-- it -->
  <feat xlink:href="#const_1_641" value="VP"/><!-- &apos;s reward -->
  <feat xlink:href="#const_0_642" value="NP"/><!-- reward -->
  <feat xlink:href="#const_5_644" value="VP"/><!-- Do ... head -->
  <feat xlink:href="#const_6_644" value="S"/><!-- Do ... ! -->
  <feat xlink:href="#const_7_644" value="ROOT"/><!-- Do ... ! -->
  <feat xlink:href="#const_4_646" value="VP"/><!-- let ... head -->
  <feat xlink:href="#const_0_647" value="NP"/><!-- them -->
  <feat xlink:href="#const_3_647" value="S"/><!-- them ... head -->
  <feat xlink:href="#const_2_648" value="VP"/><!-- get ... head -->
  <feat xlink:href="#const_1_649" value="PP"/><!-- in ... head -->
  <feat xlink:href="#const_0_650" value="NP"/><!-- your head -->
  <feat xlink:href="#const_0_653" value="NP"/><!-- you -->
  <feat xlink:href="#const_5_653" value="S"/><!-- you ... long -->
  <feat xlink:href="#const_6_653" value="ROOT"/><!-- you ... long -->
  <feat xlink:href="#const_4_654" value="VP"/><!-- &apos;ve ... long -->
  <feat xlink:href="#const_3_655" value="VP"/><!-- kept ... long -->
  <feat xlink:href="#const_0_656" value="NP"/><!-- it -->
  <feat xlink:href="#const_0_657" value="PRT"/><!-- up -->
  <feat xlink:href="#const_0_658" value="NP"/><!-- this -->
  <feat xlink:href="#const_1_658" value="NP"/><!-- this long -->
  <feat xlink:href="#const_2_658" value="X"/><!-- this long -->
  <feat xlink:href="#const_0_659" value="ADVP"/><!-- long -->
  <feat xlink:href="#const_0_660" value="NP"/><!-- You -->
  <feat xlink:href="#const_4_660" value="S"/><!-- You ... September -->
  <feat xlink:href="#const_5_660" value="S"/><!-- You ... end -->
  <feat xlink:href="#const_6_660" value="NP"/><!-- You ... end -->
  <feat xlink:href="#const_7_660" value="ROOT"/><!-- You ... end -->
  <feat xlink:href="#const_3_661" value="VP"/><!-- &apos;re ... September -->
  <feat xlink:href="#const_0_662" value="NP"/><!-- a ... fan -->
  <feat xlink:href="#const_2_662" value="NP"/><!-- a ... September -->
  <feat xlink:href="#const_1_665" value="PP"/><!-- in ... September -->
  <feat xlink:href="#const_0_666" value="NP"/><!-- late September -->
  <feat xlink:href="#const_0_669" value="NP"/><!-- you -->
  <feat xlink:href="#const_4_669" value="S"/><!-- you ... end -->
  <feat xlink:href="#const_3_670" value="VP"/><!-- ll ... end -->
  <feat xlink:href="#const_2_671" value="VP"/><!-- fight ... end -->
  <feat xlink:href="#const_1_672" value="PP"/><!-- til ... end -->
  <feat xlink:href="#const_0_673" value="NP"/><!-- the ... end -->
  <feat xlink:href="#const_14_676" value="VP"/><!-- Cheer ... due -->
  <feat xlink:href="#const_15_676" value="ROOT"/><!-- Cheer ... due -->
  <feat xlink:href="#const_0_677" value="NP"/><!-- the ... today -->
  <feat xlink:href="#const_3_681" value="PRN"/><!-- ( ... ) -->
  <feat xlink:href="#const_0_682" value="NP"/><!-- your boys -->
  <feat xlink:href="#const_2_682" value="NP"/><!-- your ... blue -->
  <feat xlink:href="#const_1_684" value="PP"/><!-- in ... blue -->
  <feat xlink:href="#const_0_685" value="NP"/><!-- orange ... blue -->
  <feat xlink:href="#const_12_689" value="VP"/><!-- Let ... due -->
  <feat xlink:href="#const_13_689" value="S"/><!-- Let ... due -->
  <feat xlink:href="#const_0_690" value="NP"/><!-- them -->
  <feat xlink:href="#const_11_690" value="S"/><!-- them ... due -->
  <feat xlink:href="#const_10_691" value="VP"/><!-- hear ... due -->
  <feat xlink:href="#const_0_692" value="NP"/><!-- you -->
  <feat xlink:href="#const_9_692" value="S"/><!-- you ... due -->
  <feat xlink:href="#const_8_693" value="VP"/><!-- shout ... due -->
  <feat xlink:href="#const_7_694" value="SBAR"/><!-- as ... due -->
  <feat xlink:href="#const_0_695" value="NP"/><!-- they -->
  <feat xlink:href="#const_6_695" value="S"/><!-- they ... due -->
  <feat xlink:href="#const_5_696" value="VP"/><!-- fight ... due -->
  <feat xlink:href="#const_4_697" value="PP"/><!-- for ... due -->
  <feat xlink:href="#const_0_698" value="WHNP"/><!-- what -->
  <feat xlink:href="#const_3_698" value="SBAR"/><!-- what ... due -->
  <feat xlink:href="#const_1_699" value="VP"/><!-- &apos;s ... due -->
  <feat xlink:href="#const_2_699" value="S"/><!-- &apos;s ... due -->
  <feat xlink:href="#const_0_700" value="ADVP"/><!-- mightily -->
  <feat xlink:href="#const_0_701" value="ADJP"/><!-- due -->
  <feat xlink:href="#const_5_702" value="S"/><!-- ( ... &quot; -->
  <feat xlink:href="#const_6_702" value="ROOT"/><!-- ( ... &quot; -->
  <feat xlink:href="#const_0_703" value="NP"/><!-- copyright -->
  <feat xlink:href="#const_4_704" value="VP"/><!-- Frank ... ) -->
  <feat xlink:href="#const_0_705" value="NP"/><!-- Messina -->
  <feat xlink:href="#const_3_705" value="PRN"/><!-- Messina ... ) -->
  <feat xlink:href="#const_2_707" value="VP"/><!-- reprinted ... permission -->
  <feat xlink:href="#const_1_708" value="PP"/><!-- with permission -->
  <feat xlink:href="#const_0_709" value="NP"/><!-- permission -->
  <feat xlink:href="#const_0_712" value="NP"/><!-- Sports fans -->
  <feat xlink:href="#const_6_712" value="S"/><!-- Sports ... . -->
  <feat xlink:href="#const_7_712" value="ROOT"/><!-- Sports ... . -->
  <feat xlink:href="#const_5_714" value="VP"/><!-- are ... poetry -->
  <feat xlink:href="#const_4_716" value="VP"/><!-- known ... poetry -->
  <feat xlink:href="#const_3_717" value="PP"/><!-- as ... poetry -->
  <feat xlink:href="#const_0_718" value="NP"/><!-- patrons -->
  <feat xlink:href="#const_2_718" value="NP"/><!-- patrons ... poetry -->
  <feat xlink:href="#const_1_719" value="PP"/><!-- of poetry -->
  <feat xlink:href="#const_0_720" value="NP"/><!-- poetry -->
  <feat xlink:href="#const_3_722" value="SQ"/><!-- Have ... ? -->
  <feat xlink:href="#const_4_722" value="ROOT"/><!-- Have ... ? -->
  <feat xlink:href="#const_0_723" value="NP"/><!-- you -->
  <feat xlink:href="#const_2_724" value="VP"/><!-- had ... work -->
  <feat xlink:href="#const_0_725" value="NP"/><!-- interaction -->
  <feat xlink:href="#const_1_726" value="PP"/><!-- with ...  -->
  <feat xlink:href="#const_0_728" value="NP"/><!-- new readers -->
  <feat xlink:href="#const_1_731" value="PP"/><!-- through ... work -->
  <feat xlink:href="#const_0_732" value="NP"/><!-- your ... work -->
  <feat xlink:href="#const_0_736" value="NP"/><!-- This ... person -->
  <feat xlink:href="#const_3_736" value="NP"/><!-- This ... met -->
  <feat xlink:href="#const_5_736" value="S"/><!-- This ... . -->
  <feat xlink:href="#const_6_736" value="ROOT"/><!-- This ... . -->
  <feat xlink:href="#const_0_739" value="WHNP"/><!-- who -->
  <feat xlink:href="#const_2_739" value="SBAR"/><!-- who ... met -->
  <feat xlink:href="#const_0_740" value="NP"/><!-- I -->
  <feat xlink:href="#const_1_740" value="S"/><!-- I ... met -->
  <feat xlink:href="#const_0_741" value="ADVP"/><!-- never -->
  <feat xlink:href="#const_0_742" value="VP"/><!-- met -->
  <feat xlink:href="#const_3_743" value="VP"/><!-- took ... me -->
  <feat xlink:href="#const_4_743" value="VP"/><!-- took ... e-mail -->
  <feat xlink:href="#const_0_744" value="NP"/><!-- a picture -->
  <feat xlink:href="#const_2_744" value="NP"/><!-- a ... me -->
  <feat xlink:href="#const_1_746" value="PP"/><!-- of me -->
  <feat xlink:href="#const_0_747" value="NP"/><!-- me -->
  <feat xlink:href="#const_2_749" value="VP"/><!-- sent ... e-mail -->
  <feat xlink:href="#const_0_750" value="NP"/><!-- it -->
  <feat xlink:href="#const_1_751" value="PP"/><!-- to me -->
  <feat xlink:href="#const_0_752" value="NP"/><!-- me -->
  <feat xlink:href="#const_1_753" value="PP"/><!-- in ... e-mail -->
  <feat xlink:href="#const_0_754" value="NP"/><!-- an e-mail -->
  <feat xlink:href="#const_0_757" value="NP"/><!-- The e-mail -->
  <feat xlink:href="#const_16_757" value="S"/><!-- The ...  -->
  <feat xlink:href="#const_17_757" value="ROOT"/><!-- The ...  -->
  <feat xlink:href="#const_15_759" value="VP"/><!-- said ... work -->
  <feat xlink:href="#const_0_762" value="NP"/><!-- Frank -->
  <feat xlink:href="#const_4_762" value="S"/><!-- Frank ... game -->
  <feat xlink:href="#const_13_762" value="S"/><!-- Frank ... failures -->
  <feat xlink:href="#const_14_762" value="S"/><!-- Frank ... work -->
  <feat xlink:href="#const_0_764" value="NP"/><!-- I -->
  <feat xlink:href="#const_3_765" value="VP"/><!-- have ... game -->
  <feat xlink:href="#const_0_766" value="ADVP"/><!-- never -->
  <feat xlink:href="#const_2_767" value="VP"/><!-- bothered ... game -->
  <feat xlink:href="#const_0_768" value="NP"/><!-- you -->
  <feat xlink:href="#const_1_769" value="PP"/><!-- during ... game -->
  <feat xlink:href="#const_0_770" value="NP"/><!-- the game -->
  <feat xlink:href="#const_0_774" value="NP"/><!-- I -->
  <feat xlink:href="#const_12_774" value="S"/><!-- I ... failures -->
  <feat xlink:href="#const_0_775" value="ADVP"/><!-- just -->
  <feat xlink:href="#const_11_776" value="VP"/><!-- wanted ... failures -->
  <feat xlink:href="#const_9_777" value="VP"/><!-- to ... failures -->
  <feat xlink:href="#const_10_777" value="S"/><!-- to ... failures -->
  <feat xlink:href="#const_8_778" value="VP"/><!-- say ... failures -->
  <feat xlink:href="#const_2_779" value="VP"/><!-- thank ... work -->
  <feat xlink:href="#const_7_779" value="VP"/><!-- thank ... failures -->
  <feat xlink:href="#const_0_780" value="NP"/><!-- you -->
  <feat xlink:href="#const_1_781" value="PP"/><!-- for ... work -->
  <feat xlink:href="#const_0_782" value="NP"/><!-- your work -->
  <feat xlink:href="#const_6_785" value="VP"/><!-- thank ... failures -->
  <feat xlink:href="#const_0_786" value="NP"/><!-- you -->
  <feat xlink:href="#const_5_787" value="PP"/><!-- for ... failures -->
  <feat xlink:href="#const_3_788" value="VP"/><!-- making ... failures -->
  <feat xlink:href="#const_4_788" value="S"/><!-- making ... failures -->
  <feat xlink:href="#const_0_789" value="NP"/><!-- some sense -->
  <feat xlink:href="#const_2_789" value="NP"/><!-- some ... failures -->
  <feat xlink:href="#const_1_791" value="PP"/><!-- of ... failures -->
  <feat xlink:href="#const_0_792" value="NP"/><!-- the ... failures -->
  <feat xlink:href="#const_0_797" value="NP"/><!-- I -->
  <feat xlink:href="#const_4_797" value="S"/><!-- I ... work -->
  <feat xlink:href="#const_3_798" value="VP"/><!-- wish ... work -->
  <feat xlink:href="#const_0_799" value="NP"/><!-- you -->
  <feat xlink:href="#const_0_800" value="NP"/><!-- much success -->
  <feat xlink:href="#const_2_800" value="NP"/><!-- much ... work -->
  <feat xlink:href="#const_1_802" value="PP"/><!-- with ... work -->
  <feat xlink:href="#const_0_803" value="NP"/><!-- your work -->
  <feat xlink:href="#const_0_807" value="NP"/><!-- Last year -->
  <feat xlink:href="#const_4_807" value="NP"/><!-- Last ... I -->
  <feat xlink:href="#const_8_807" value="S"/><!-- Last ... . -->
  <feat xlink:href="#const_9_807" value="ROOT"/><!-- Last ... . -->
  <feat xlink:href="#const_3_809" value="PP"/><!-- in ... I -->
  <feat xlink:href="#const_0_810" value="NP"/><!-- my section -->
  <feat xlink:href="#const_2_810" value="NP"/><!-- my ... I -->
  <feat xlink:href="#const_1_812" value="PP"/><!-- at ... I -->
  <feat xlink:href="#const_0_813" value="NP"/><!-- the ... I -->
  <feat xlink:href="#const_7_816" value="VP"/><!-- had ...  -->
  <feat xlink:href="#const_0_817" value="NP"/><!-- a banner -->
  <feat xlink:href="#const_6_817" value="NP"/><!-- a ...  -->
  <feat xlink:href="#const_0_819" value="WHNP"/><!-- that -->
  <feat xlink:href="#const_5_819" value="SBAR"/><!-- that ...  -->
  <feat xlink:href="#const_3_820" value="VP"/><!-- read ...  -->
  <feat xlink:href="#const_4_820" value="S"/><!-- read ...  -->
  <feat xlink:href="#const_0_821" value="NP"/><!-- We -->
  <feat xlink:href="#const_1_821" value="S"/><!-- We ...  -->
  <feat xlink:href="#const_2_821" value="SBAR"/><!-- We ...  -->
  <feat xlink:href="#const_0_822" value="VP"/><!-- Know  -->
  <feat xlink:href="#const_0_825" value="NP"/><!-- That -->
  <feat xlink:href="#const_5_825" value="S"/><!-- That ... . -->
  <feat xlink:href="#const_6_825" value="ROOT"/><!-- That ... . -->
  <feat xlink:href="#const_4_826" value="VP"/><!-- &apos;s ... said -->
  <feat xlink:href="#const_0_827" value="NP"/><!-- all -->
  <feat xlink:href="#const_3_827" value="NP"/><!-- all ... said -->
  <feat xlink:href="#const_0_828" value="NP"/><!-- it -->
  <feat xlink:href="#const_1_828" value="S"/><!-- it said -->
  <feat xlink:href="#const_2_828" value="SBAR"/><!-- it said -->
  <feat xlink:href="#const_0_829" value="VP"/><!-- said -->
  <feat xlink:href="#const_0_831" value="ADVP"/><!-- Then -->
  <feat xlink:href="#const_7_831" value="S"/><!-- Then ... said -->
  <feat xlink:href="#const_8_831" value="S"/><!-- Then ... . -->
  <feat xlink:href="#const_9_831" value="ROOT"/><!-- Then ... . -->
  <feat xlink:href="#const_0_832" value="NP"/><!-- earlier ... year -->
  <feat xlink:href="#const_0_835" value="NP"/><!-- these shirts -->
  <feat xlink:href="#const_6_837" value="VP"/><!-- started ... said -->
  <feat xlink:href="#const_4_838" value="VP"/><!-- to ... said -->
  <feat xlink:href="#const_5_838" value="S"/><!-- to ... said -->
  <feat xlink:href="#const_3_839" value="VP"/><!-- come ... said -->
  <feat xlink:href="#const_0_840" value="PRT"/><!-- out -->
  <feat xlink:href="#const_0_841" value="WHNP"/><!-- that -->
  <feat xlink:href="#const_2_841" value="SBAR"/><!-- that said -->
  <feat xlink:href="#const_0_842" value="VP"/><!-- said -->
  <feat xlink:href="#const_1_842" value="S"/><!-- said -->
  <feat xlink:href="#const_4_844" value="S"/><!-- &quot; ... &quot; -->
  <feat xlink:href="#const_0_845" value="NP"/><!-- Poet -->
  <feat xlink:href="#const_3_846" value="VP"/><!-- says ... Know -->
  <feat xlink:href="#const_0_847" value="NP"/><!-- We -->
  <feat xlink:href="#const_1_847" value="S"/><!-- We Know -->
  <feat xlink:href="#const_2_847" value="SBAR"/><!-- We Know -->
  <feat xlink:href="#const_0_848" value="VP"/><!-- Know -->
  <feat xlink:href="#const_0_851" value="NP"/><!-- It -->
  <feat xlink:href="#const_2_851" value="S"/><!-- It ... . -->
  <feat xlink:href="#const_3_851" value="ROOT"/><!-- It ... . -->
  <feat xlink:href="#const_1_852" value="VP"/><!-- was amazing -->
  <feat xlink:href="#const_0_853" value="ADJP"/><!-- amazing -->
  <feat xlink:href="#const_0_855" value="NP"/><!-- We -->
  <feat xlink:href="#const_6_855" value="S"/><!-- We ... . -->
  <feat xlink:href="#const_7_855" value="ROOT"/><!-- We ... . -->
  <feat xlink:href="#const_5_856" value="VP"/><!-- did ... know -->
  <feat xlink:href="#const_4_858" value="VP"/><!-- use ... know -->
  <feat xlink:href="#const_0_859" value="NP"/><!-- the banner -->
  <feat xlink:href="#const_1_859" value="NP"/><!-- the ... year -->
  <feat xlink:href="#const_0_861" value="NP"/><!-- this year -->
  <feat xlink:href="#const_0_864" value="ADVP"/><!-- though -->
  <feat xlink:href="#const_3_866" value="SBAR"/><!-- because ... know -->
  <feat xlink:href="#const_0_867" value="NP"/><!-- we -->
  <feat xlink:href="#const_2_867" value="S"/><!-- we ... know -->
  <feat xlink:href="#const_1_868" value="VP"/><!-- did ... know -->
  <feat xlink:href="#const_0_870" value="VP"/><!-- know -->
  <feat xlink:href="#const_0_872" value="NP"/><!-- The team -->
  <feat xlink:href="#const_5_872" value="S"/><!-- The ... . -->
  <feat xlink:href="#const_6_872" value="ROOT"/><!-- The ... . -->
  <feat xlink:href="#const_4_874" value="VP"/><!-- was ... knew -->
  <feat xlink:href="#const_0_876" value="ADJP"/><!-- so ... ahead -->
  <feat xlink:href="#const_3_876" value="ADJP"/><!-- so ... knew -->
  <feat xlink:href="#const_2_879" value="SBAR"/><!-- that ... knew -->
  <feat xlink:href="#const_0_880" value="NP"/><!-- we -->
  <feat xlink:href="#const_1_880" value="S"/><!-- we knew -->
  <feat xlink:href="#const_0_881" value="VP"/><!-- knew -->
  <feat xlink:href="#const_0_883" value="NP"/><!-- Last year -->
  <feat xlink:href="#const_8_883" value="S"/><!-- Last ... . -->
  <feat xlink:href="#const_9_883" value="ROOT"/><!-- Last ... . -->
  <feat xlink:href="#const_0_885" value="NP"/><!-- we -->
  <feat xlink:href="#const_7_885" value="S"/><!-- we ... playoffs -->
  <feat xlink:href="#const_0_886" value="ADVP"/><!-- just -->
  <feat xlink:href="#const_6_887" value="VP"/><!-- knew ... playoffs -->
  <feat xlink:href="#const_0_888" value="NP"/><!-- we -->
  <feat xlink:href="#const_4_888" value="S"/><!-- we ... playoffs -->
  <feat xlink:href="#const_5_888" value="SBAR"/><!-- we ... playoffs -->
  <feat xlink:href="#const_3_889" value="VP"/><!-- were ... playoffs -->
  <feat xlink:href="#const_2_890" value="VP"/><!-- going ... playoffs -->
  <feat xlink:href="#const_1_891" value="PP"/><!-- to ... playoffs -->
  <feat xlink:href="#const_0_892" value="NP"/><!-- the playoffs -->
  <feat xlink:href="#const_0_895" value="NP"/><!-- we -->
  <feat xlink:href="#const_6_895" value="S"/><!-- we ... post-season -->
  <feat xlink:href="#const_5_896" value="VP"/><!-- knew ... post-season -->
  <feat xlink:href="#const_0_897" value="NP"/><!-- we -->
  <feat xlink:href="#const_3_897" value="S"/><!-- we ... post-season -->
  <feat xlink:href="#const_4_897" value="SBAR"/><!-- we ... post-season -->
  <feat xlink:href="#const_2_898" value="VP"/><!-- were ... post-season -->
  <feat xlink:href="#const_1_899" value="VP"/><!-- going post-season -->
  <feat xlink:href="#const_0_900" value="ADJP"/><!-- post-season -->
  <feat xlink:href="#const_0_902" value="NP"/><!-- This year -->
  <feat xlink:href="#const_2_902" value="S"/><!-- This ... . -->
  <feat xlink:href="#const_3_902" value="ROOT"/><!-- This ... . -->
  <feat xlink:href="#const_0_904" value="NP"/><!-- we -->
  <feat xlink:href="#const_1_905" value="VP"/><!-- were ... sure -->
  <feat xlink:href="#const_0_907" value="ADJP"/><!-- sure -->
  <feat xlink:href="#const_0_909" value="NP"/><!-- We -->
  <feat xlink:href="#const_4_909" value="S"/><!-- We ... . -->
  <feat xlink:href="#const_5_909" value="ROOT"/><!-- We ... . -->
  <feat xlink:href="#const_3_910" value="VP"/><!-- were ... eggshells -->
  <feat xlink:href="#const_2_911" value="VP"/><!-- walking ... eggshells -->
  <feat xlink:href="#const_1_912" value="PP"/><!-- on eggshells -->
  <feat xlink:href="#const_0_913" value="NP"/><!-- eggshells -->
  <feat xlink:href="#const_0_915" value="NP"/><!-- There -->
  <feat xlink:href="#const_3_915" value="S"/><!-- There ... . -->
  <feat xlink:href="#const_4_915" value="ROOT"/><!-- There ... . -->
  <feat xlink:href="#const_2_916" value="VP"/><!-- was ... fan -->
  <feat xlink:href="#const_0_917" value="NP"/><!-- a woman -->
  <feat xlink:href="#const_1_917" value="NP"/><!-- a ... fan -->
  <feat xlink:href="#const_0_920" value="NP"/><!-- a ... holder -->
  <feat xlink:href="#const_0_925" value="NP"/><!-- a ... fan -->
  <feat xlink:href="#const_0_930" value="NP"/><!-- She -->
  <feat xlink:href="#const_3_930" value="S"/><!-- She ... . -->
  <feat xlink:href="#const_4_930" value="ROOT"/><!-- She ... . -->
  <feat xlink:href="#const_2_931" value="VP"/><!-- was ... Cardinals -->
  <feat xlink:href="#const_0_932" value="ADJP"/><!-- staggered -->
  <feat xlink:href="#const_1_933" value="PP"/><!-- by ... loss -->
  <feat xlink:href="#const_0_934" value="NP"/><!-- the loss -->
  <feat xlink:href="#const_0_936" value="NP"/><!-- last year -->
  <feat xlink:href="#const_1_938" value="PP"/><!-- to ... Cardinals -->
  <feat xlink:href="#const_0_939" value="NP"/><!-- the Cardinals -->
  <feat xlink:href="#const_0_942" value="NP"/><!-- Last year -->
  <feat xlink:href="#const_5_942" value="S"/><!-- Last ... season -->
  <feat xlink:href="#const_10_942" value="S"/><!-- Last ... . -->
  <feat xlink:href="#const_11_942" value="ROOT"/><!-- Last ... . -->
  <feat xlink:href="#const_0_944" value="NP"/><!-- she -->
  <feat xlink:href="#const_4_945" value="VP"/><!-- came ... season -->
  <feat xlink:href="#const_0_946" value="PRT"/><!-- up -->
  <feat xlink:href="#const_1_947" value="PP"/><!-- to me -->
  <feat xlink:href="#const_0_948" value="NP"/><!-- me -->
  <feat xlink:href="#const_3_949" value="PP"/><!-- during ... late -->
  <feat xlink:href="#const_0_950" value="NP"/><!-- one -->
  <feat xlink:href="#const_2_950" value="NP"/><!-- one ... late -->
  <feat xlink:href="#const_1_951" value="PP"/><!-- of ... late -->
  <feat xlink:href="#const_0_952" value="NP"/><!-- the ... late -->
  <feat xlink:href="#const_1_955" value="PP"/><!-- in ... season -->
  <feat xlink:href="#const_0_956" value="NP"/><!-- the season -->
  <feat xlink:href="#const_0_959" value="NP"/><!-- she -->
  <feat xlink:href="#const_9_959" value="S"/><!-- she ... season -->
  <feat xlink:href="#const_8_960" value="VP"/><!-- was ... season -->
  <feat xlink:href="#const_7_961" value="ADJP"/><!-- so ... season -->
  <feat xlink:href="#const_0_963" value="NP"/><!-- we -->
  <feat xlink:href="#const_5_963" value="S"/><!-- we ... season -->
  <feat xlink:href="#const_6_963" value="SBAR"/><!-- we ... season -->
  <feat xlink:href="#const_4_964" value="VP"/><!-- were ... season -->
  <feat xlink:href="#const_3_965" value="VP"/><!-- going ... season -->
  <feat xlink:href="#const_2_966" value="PP"/><!-- to ... season -->
  <feat xlink:href="#const_1_967" value="NP"/><!-- the ... season -->
  <feat xlink:href="#const_0_968" value="ADJP"/><!-- post -->
  <feat xlink:href="#const_1_971" value="PP"/><!-- By ... point -->
  <feat xlink:href="#const_3_971" value="S"/><!-- By ... . -->
  <feat xlink:href="#const_4_971" value="ROOT"/><!-- By ... . -->
  <feat xlink:href="#const_0_972" value="NP"/><!-- that point -->
  <feat xlink:href="#const_0_974" value="NP"/><!-- we -->
  <feat xlink:href="#const_2_975" value="VP"/><!-- had ... it -->
  <feat xlink:href="#const_1_976" value="VP"/><!-- clinched it -->
  <feat xlink:href="#const_0_977" value="NP"/><!-- it -->
  <feat xlink:href="#const_0_979" value="NP"/><!-- She -->
  <feat xlink:href="#const_7_979" value="S"/><!-- She ... stadium -->
  <feat xlink:href="#const_8_979" value="S"/><!-- She ... . -->
  <feat xlink:href="#const_9_979" value="ROOT"/><!-- She ... . -->
  <feat xlink:href="#const_6_980" value="VP"/><!-- handed ... stadium -->
  <feat xlink:href="#const_0_981" value="NP"/><!-- me -->
  <feat xlink:href="#const_0_982" value="NP"/><!-- a shirt -->
  <feat xlink:href="#const_5_982" value="NP"/><!-- a ... stadium -->
  <feat xlink:href="#const_0_984" value="NP"/><!-- she -->
  <feat xlink:href="#const_3_984" value="S"/><!-- she ... stadium -->
  <feat xlink:href="#const_4_984" value="SBAR"/><!-- she ... stadium -->
  <feat xlink:href="#const_2_985" value="VP"/><!-- bought ... stadium -->
  <feat xlink:href="#const_1_986" value="PP"/><!-- at ... stadium -->
  <feat xlink:href="#const_0_987" value="NP"/><!-- the stadium -->
  <feat xlink:href="#const_0_990" value="NP"/><!-- she -->
  <feat xlink:href="#const_2_990" value="S"/><!-- she ... hug -->
  <feat xlink:href="#const_1_991" value="VP"/><!-- gave ... hug -->
  <feat xlink:href="#const_0_992" value="NP"/><!-- me -->
  <feat xlink:href="#const_0_993" value="NP"/><!-- a ... hug -->
  <feat xlink:href="#const_3_997" value="PP"/><!-- With ... eyes -->
  <feat xlink:href="#const_7_997" value="S"/><!-- With ... &quot; -->
  <feat xlink:href="#const_8_997" value="ROOT"/><!-- With ... &quot; -->
  <feat xlink:href="#const_0_998" value="NP"/><!-- tears -->
  <feat xlink:href="#const_2_998" value="NP"/><!-- tears ... eyes -->
  <feat xlink:href="#const_1_999" value="PP"/><!-- in ... eyes -->
  <feat xlink:href="#const_0_1000" value="NP"/><!-- her eyes -->
  <feat xlink:href="#const_0_1002" value="NP"/><!-- she -->
  <feat xlink:href="#const_6_1003" value="VP"/><!-- said ... you -->
  <feat xlink:href="#const_4_1006" value="VP"/><!-- Thank ... you -->
  <feat xlink:href="#const_5_1006" value="S"/><!-- Thank ... you -->
  <feat xlink:href="#const_0_1007" value="NP"/><!-- you -->
  <feat xlink:href="#const_1_1007" value="NP"/><!-- you ... , -->
  <feat xlink:href="#const_2_1007" value="S"/><!-- you ... you -->
  <feat xlink:href="#const_3_1007" value="SBAR"/><!-- you ... you -->
  <feat xlink:href="#const_0_1009" value="NP"/><!-- Mets Poet -->
  <feat xlink:href="#const_1_1012" value="VP"/><!-- thank you -->
  <feat xlink:href="#const_0_1013" value="NP"/><!-- you -->
  <feat xlink:href="#const_0_1016" value="NP"/><!-- It -->
  <feat xlink:href="#const_2_1016" value="S"/><!-- It ... cool -->
  <feat xlink:href="#const_4_1016" value="S"/><!-- It ... . -->
  <feat xlink:href="#const_5_1016" value="ROOT"/><!-- It ... . -->
  <feat xlink:href="#const_1_1017" value="VP"/><!-- &apos;s cool -->
  <feat xlink:href="#const_0_1018" value="ADJP"/><!-- cool -->
  <feat xlink:href="#const_0_1020" value="NP"/><!-- it -->
  <feat xlink:href="#const_3_1020" value="S"/><!-- it ... family -->
  <feat xlink:href="#const_2_1021" value="VP"/><!-- &apos;s ... family -->
  <feat xlink:href="#const_1_1022" value="PP"/><!-- like ... family -->
  <feat xlink:href="#const_0_1023" value="NP"/><!-- another family -->
  <feat xlink:href="#const_0_1026" value="NP"/><!-- Moments -->
  <feat xlink:href="#const_8_1026" value="NP"/><!-- Moments ... you -->
  <feat xlink:href="#const_9_1026" value="S"/><!-- Moments ... . -->
  <feat xlink:href="#const_10_1026" value="ROOT"/><!-- Moments ... . -->
  <feat xlink:href="#const_7_1027" value="PP"/><!-- like ... you -->
  <feat xlink:href="#const_0_1028" value="WHNP"/><!-- that -->
  <feat xlink:href="#const_6_1028" value="SBAR"/><!-- that ... you -->
  <feat xlink:href="#const_4_1029" value="VP"/><!-- must ... you -->
  <feat xlink:href="#const_5_1029" value="S"/><!-- must ... you -->
  <feat xlink:href="#const_3_1030" value="VP"/><!-- make ... you -->
  <feat xlink:href="#const_0_1031" value="NP"/><!-- you -->
  <feat xlink:href="#const_2_1031" value="S"/><!-- you ... you -->
  <feat xlink:href="#const_1_1032" value="VP"/><!-- realize you -->
  <feat xlink:href="#const_0_1033" value="NP"/><!-- you -->
  <feat xlink:href="#const_8_1034" value="VP"/><!-- have ... poetry -->
  <feat xlink:href="#const_7_1035" value="VP"/><!-- touched ... poetry -->
  <feat xlink:href="#const_0_1036" value="NP"/><!-- people -->
  <feat xlink:href="#const_6_1036" value="NP"/><!-- people ... poetry -->
  <feat xlink:href="#const_0_1037" value="WHNP"/><!-- who -->
  <feat xlink:href="#const_5_1037" value="SBAR"/><!-- who ... poetry -->
  <feat xlink:href="#const_3_1038" value="VP"/><!-- are ... poetry -->
  <feat xlink:href="#const_4_1038" value="S"/><!-- are ... poetry -->
  <feat xlink:href="#const_0_1040" value="ADVP"/><!-- normally -->
  <feat xlink:href="#const_2_1040" value="VP"/><!-- normally ... poetry -->
  <feat xlink:href="#const_1_1042" value="PP"/><!-- by poetry -->
  <feat xlink:href="#const_0_1043" value="NP"/><!-- poetry -->
  <feat xlink:href="#const_0_1045" value="NP"/><!-- It -->
  <feat xlink:href="#const_5_1045" value="S"/><!-- It ... . -->
  <feat xlink:href="#const_6_1045" value="ROOT"/><!-- It ... . -->
  <feat xlink:href="#const_4_1046" value="VP"/><!-- &apos;s ... speak -->
  <feat xlink:href="#const_3_1047" value="VP"/><!-- opened ... speak -->
  <feat xlink:href="#const_0_1048" value="PRT"/><!-- up -->
  <feat xlink:href="#const_0_1049" value="NP"/><!-- a ... base -->
  <feat xlink:href="#const_2_1054" value="S"/><!-- so ... speak -->
  <feat xlink:href="#const_1_1055" value="VP"/><!-- to speak -->
  <feat xlink:href="#const_0_1056" value="VP"/><!-- speak -->
  <feat xlink:href="#const_1_1058" value="PP"/><!-- For ... year -->
  <feat xlink:href="#const_5_1058" value="S"/><!-- For ... poems -->
  <feat xlink:href="#const_6_1058" value="S"/><!-- For ... . -->
  <feat xlink:href="#const_7_1058" value="ROOT"/><!-- For ... . -->
  <feat xlink:href="#const_0_1059" value="NP"/><!-- the ... year -->
  <feat xlink:href="#const_0_1062" value="NP"/><!-- SNY -->
  <feat xlink:href="#const_4_1063" value="VP"/><!-- has ... poems -->
  <feat xlink:href="#const_3_1064" value="VP"/><!-- broadcast ... poems -->
  <feat xlink:href="#const_0_1065" value="NP"/><!-- footage -->
  <feat xlink:href="#const_2_1065" value="NP"/><!-- footage ... me -->
  <feat xlink:href="#const_1_1066" value="PP"/><!-- of me -->
  <feat xlink:href="#const_0_1067" value="NP"/><!-- me -->
  <feat xlink:href="#const_1_1068" value="PP"/><!-- with ... poems -->
  <feat xlink:href="#const_0_1069" value="NP"/><!-- my poems -->
  <feat xlink:href="#const_0_1073" value="NP"/><!-- quite ... fans -->
  <feat xlink:href="#const_4_1073" value="S"/><!-- quite ...  -->
  <feat xlink:href="#const_3_1077" value="VP"/><!-- known ...  -->
  <feat xlink:href="#const_2_1078" value="PP"/><!-- about ...  -->
  <feat xlink:href="#const_0_1079" value="NP"/><!-- the -->
  <feat xlink:href="#const_1_1079" value="NP"/><!-- the ...  -->
  <feat xlink:href="#const_0_1081" value="NP"/><!-- Mets Poet -->
  <feat xlink:href="#const_0_1085" value="NP"/><!-- I -->
  <feat xlink:href="#const_4_1085" value="S"/><!-- I ... . -->
  <feat xlink:href="#const_5_1085" value="ROOT"/><!-- I ... . -->
  <feat xlink:href="#const_3_1086" value="VP"/><!-- have ... way -->
  <feat xlink:href="#const_0_1087" value="ADVP"/><!-- never -->
  <feat xlink:href="#const_2_1088" value="VP"/><!-- called ... way -->
  <feat xlink:href="#const_0_1089" value="NP"/><!-- myself that -->
  <feat xlink:href="#const_1_1092" value="PP"/><!-- by ... way -->
  <feat xlink:href="#const_0_1093" value="NP"/><!-- the way -->
  <feat xlink:href="#const_0_1096" value="NP"/><!-- The back -->
  <feat xlink:href="#const_2_1096" value="NP"/><!-- The ... jersey -->
  <feat xlink:href="#const_6_1096" value="S"/><!-- The ... . -->
  <feat xlink:href="#const_7_1096" value="ROOT"/><!-- The ... . -->
  <feat xlink:href="#const_1_1098" value="PP"/><!-- of ... jersey -->
  <feat xlink:href="#const_0_1099" value="NP"/><!-- my jersey -->
  <feat xlink:href="#const_5_1101" value="VP"/><!-- says ... nickname -->
  <feat xlink:href="#const_0_1103" value="NP"/><!-- The Poet -->
  <feat xlink:href="#const_4_1106" value="SBAR"/><!-- because ... nickname -->
  <feat xlink:href="#const_1_1107" value="VP"/><!-- growing ... that -->
  <feat xlink:href="#const_2_1107" value="S"/><!-- growing ... that -->
  <feat xlink:href="#const_3_1107" value="S"/><!-- growing ... nickname -->
  <feat xlink:href="#const_0_1108" value="PRT"/><!-- up -->
  <feat xlink:href="#const_0_1109" value="NP"/><!-- that -->
  <feat xlink:href="#const_1_1110" value="VP"/><!-- was ... nickname -->
  <feat xlink:href="#const_0_1111" value="NP"/><!-- my nickname -->
  <feat xlink:href="#const_0_1114" value="NP"/><!-- My brother -->
  <feat xlink:href="#const_2_1114" value="S"/><!-- My ... runner -->
  <feat xlink:href="#const_10_1114" value="S"/><!-- My ... . -->
  <feat xlink:href="#const_11_1114" value="ROOT"/><!-- My ... . -->
  <feat xlink:href="#const_1_1116" value="VP"/><!-- was ... runner -->
  <feat xlink:href="#const_0_1117" value="NP"/><!-- a runner -->
  <feat xlink:href="#const_0_1120" value="NP"/><!-- they -->
  <feat xlink:href="#const_8_1120" value="S"/><!-- they ... - -->
  <feat xlink:href="#const_9_1120" value="S"/><!-- they ... Poet -->
  <feat xlink:href="#const_7_1121" value="VP"/><!-- used ... - -->
  <feat xlink:href="#const_5_1122" value="VP"/><!-- to ... - -->
  <feat xlink:href="#const_6_1122" value="S"/><!-- to ... - -->
  <feat xlink:href="#const_4_1123" value="VP"/><!-- call ... - -->
  <feat xlink:href="#const_0_1124" value="NP"/><!-- him -->
  <feat xlink:href="#const_3_1124" value="S"/><!-- him ... - -->
  <feat xlink:href="#const_0_1125" value="NP"/><!-- The Birdman -->
  <feat xlink:href="#const_2_1125" value="NP"/><!-- The ... - -->
  <feat xlink:href="#const_1_1127" value="PRN"/><!-- - ... - -->
  <feat xlink:href="#const_0_1128" value="NP"/><!-- Birdie -->
  <feat xlink:href="#const_0_1131" value="NP"/><!-- they -->
  <feat xlink:href="#const_3_1131" value="S"/><!-- they ... Poet -->
  <feat xlink:href="#const_2_1132" value="VP"/><!-- called ... Poet -->
  <feat xlink:href="#const_0_1133" value="NP"/><!-- me -->
  <feat xlink:href="#const_1_1133" value="S"/><!-- me ... Poet -->
  <feat xlink:href="#const_0_1134" value="NP"/><!-- The Poet -->
  <feat xlink:href="#const_0_1137" value="NP"/><!-- It -->
  <feat xlink:href="#const_2_1137" value="S"/><!-- It ... thing -->
  <feat xlink:href="#const_4_1137" value="S"/><!-- It ...  -->
  <feat xlink:href="#const_5_1137" value="ROOT"/><!-- It ...  -->
  <feat xlink:href="#const_1_1138" value="VP"/><!-- was ... thing -->
  <feat xlink:href="#const_0_1139" value="NP"/><!-- a ... thing -->
  <feat xlink:href="#const_0_1144" value="NP"/><!-- I -->
  <feat xlink:href="#const_3_1144" value="S"/><!-- I ... Poet -->
  <feat xlink:href="#const_0_1145" value="ADVP"/><!-- never -->
  <feat xlink:href="#const_2_1145" value="VP"/><!-- never ... Poet -->
  <feat xlink:href="#const_0_1147" value="NP"/><!-- myself -->
  <feat xlink:href="#const_1_1147" value="S"/><!-- myself -->
  <feat xlink:href="#const_0_1148" value="PP"/><!-- as -->
  <feat xlink:href="#const_0_1150" value="NP"/><!-- The Mets -->
  <feat xlink:href="#const_1_1150" value="NP"/><!-- The ... Poet -->
  <feat xlink:href="#const_0_1152" value="NP"/><!-- Poet -->
</featList>
</paula>
