<?xml version="1.0" standalone="no"?>

<!DOCTYPE paula SYSTEM "paula_feat.dtd">
<paula version="1.0">

<header paula_id="dep.GUM.GUM_interview_messina_dep_func"/>

<featList xmlns:xlink="http://www.w3.org/1999/xlink" type="func" xml:base="dep.GUM.GUM_interview_messina.dep.xml">
<feat xlink:href="#rel_1" value="nn"/> <!--Frank -->
<feat xlink:href="#rel_4" value="det"/> <!--An -->
<feat xlink:href="#rel_5" value="parataxis"/> <!--Interview -->
<feat xlink:href="#rel_6" value="prep"/> <!--with -->
<feat xlink:href="#rel_7" value="det"/> <!--the -->
<feat xlink:href="#rel_9" value="nn"/> <!--Mets -->
<feat xlink:href="#rel_10" value="pobj"/> <!--Poet -->
<feat xlink:href="#rel_11" value="dep"/> <!--“ -->
<feat xlink:href="#rel_14" value="nn"/> <!--October -->
<feat xlink:href="#rel_15" value="appos"/> <!--3 -->
<feat xlink:href="#rel_17" value="tmod"/> <!--2007 -->
<feat xlink:href="#rel_18" value="nsubj"/> <!--You -->
<feat xlink:href="#rel_19" value="aux"/> <!--have -->
<feat xlink:href="#rel_21" value="det"/> <!--a -->
<feat xlink:href="#rel_22" value="amod"/> <!--good -->
<feat xlink:href="#rel_23" value="dobj"/> <!--deal -->
<feat xlink:href="#rel_24" value="prep"/> <!--of -->
<feat xlink:href="#rel_25" value="pobj"/> <!--attention -->
<feat xlink:href="#rel_26" value="tmod"/> <!--recently -->
<feat xlink:href="#rel_28" value="advmod"/> <!--Even -->
<feat xlink:href="#rel_29" value="mark"/> <!--though -->
<feat xlink:href="#rel_30" value="nsubj"/> <!--I -->
<feat xlink:href="#rel_31" value="cop"/> <!--m -->
<feat xlink:href="#rel_32" value="neg"/> <!--not -->
<feat xlink:href="#rel_33" value="nn"/> <!--Michael -->
<feat xlink:href="#rel_34" value="advcl"/> <!--Jackson -->
<feat xlink:href="#rel_35" value="cc"/> <!--or -->
<feat xlink:href="#rel_36" value="conj"/> <!--somebody -->
<feat xlink:href="#rel_38" value="advmod"/> <!--when -->
<feat xlink:href="#rel_39" value="nsubj"/> <!--people -->
<feat xlink:href="#rel_40" value="advcl"/> <!--come -->
<feat xlink:href="#rel_41" value="prt"/> <!--up -->
<feat xlink:href="#rel_42" value="prep"/> <!--to -->
<feat xlink:href="#rel_43" value="pobj"/> <!--me -->
<feat xlink:href="#rel_44" value="cc"/> <!--and -->
<feat xlink:href="#rel_45" value="conj"/> <!--introduce -->
<feat xlink:href="#rel_46" value="dobj"/> <!--themselves -->
<feat xlink:href="#rel_47" value="cc"/> <!--and -->
<feat xlink:href="#rel_48" value="conj"/> <!--say -->
<feat xlink:href="#rel_51" value="discourse"/> <!--Hey -->
<feat xlink:href="#rel_52" value="ccomp"/> <!--Frank -->
<feat xlink:href="#rel_54" value="poss"/> <!--my -->
<feat xlink:href="#rel_55" value="nsubj"/> <!--name -->
<feat xlink:href="#rel_56" value="cop"/> <!--is -->
<feat xlink:href="#rel_57" value="parataxis"/> <!--John -->
<feat xlink:href="#rel_60" value="nsubj"/> <!--I -->
<feat xlink:href="#rel_64" value="discourse"/> <!--Hey -->
<feat xlink:href="#rel_65" value="ccomp"/> <!--John -->
<feat xlink:href="#rel_67" value="poss"/> <!--my -->
<feat xlink:href="#rel_68" value="nsubj"/> <!--name -->
<feat xlink:href="#rel_69" value="cop"/> <!--is -->
<feat xlink:href="#rel_70" value="parataxis"/> <!--Frank -->
<feat xlink:href="#rel_72" value="cc"/> <!--and -->
<feat xlink:href="#rel_73" value="nsubj"/> <!--they -->
<feat xlink:href="#rel_74" value="conj"/> <!--laugh -->
<feat xlink:href="#rel_76" value="nsubj"/> <!--It -->
<feat xlink:href="#rel_77" value="cop"/> <!--s -->
<feat xlink:href="#rel_78" value="det"/> <!--a -->
<feat xlink:href="#rel_79" value="amod"/> <!--funny -->
<feat xlink:href="#rel_82" value="nsubj"/> <!--What -->
<feat xlink:href="#rel_84" value="prep"/> <!--through -->
<feat xlink:href="#rel_85" value="poss"/> <!--your -->
<feat xlink:href="#rel_86" value="pobj"/> <!--head -->
<feat xlink:href="#rel_87" value="advmod"/> <!--when -->
<feat xlink:href="#rel_88" value="nsubj"/> <!--that -->
<feat xlink:href="#rel_89" value="advcl"/> <!--happens -->
<feat xlink:href="#rel_91" value="nsubj"/> <!--I -->
<feat xlink:href="#rel_93" value="dobj"/> <!--it -->
<feat xlink:href="#rel_95" value="nsubj"/> <!--I -->
<feat xlink:href="#rel_96" value="aux"/> <!--ve -->
<feat xlink:href="#rel_98" value="prep"/> <!--to -->
<feat xlink:href="#rel_99" value="pobj"/> <!--readings -->
<feat xlink:href="#rel_100" value="cc"/> <!--and -->
<feat xlink:href="#rel_101" value="conj"/> <!--concerts -->
<feat xlink:href="#rel_103" value="nsubj"/> <!--I -->
<feat xlink:href="#rel_105" value="prt"/> <!--at -->
<feat xlink:href="#rel_106" value="dobj"/> <!--it -->
<feat xlink:href="#rel_107" value="prep"/> <!--as -->
<feat xlink:href="#rel_108" value="amod"/> <!--human -->
<feat xlink:href="#rel_109" value="pobj"/> <!--interaction -->
<feat xlink:href="#rel_111" value="prep"/> <!--Over -->
<feat xlink:href="#rel_112" value="det"/> <!--the -->
<feat xlink:href="#rel_113" value="pobj"/> <!--years -->
<feat xlink:href="#rel_114" value="nsubj"/> <!--I -->
<feat xlink:href="#rel_115" value="aux"/> <!--have -->
<feat xlink:href="#rel_117" value="prep"/> <!--in -->
<feat xlink:href="#rel_118" value="num"/> <!--32 -->
<feat xlink:href="#rel_119" value="pobj"/> <!--countries -->
<feat xlink:href="#rel_120" value="cc"/> <!--and -->
<feat xlink:href="#rel_121" value="num"/> <!--40 -->
<feat xlink:href="#rel_122" value="conj"/> <!--states -->
<feat xlink:href="#rel_124" value="nsubj"/> <!--I -->
<feat xlink:href="#rel_125" value="aux"/> <!--ve -->
<feat xlink:href="#rel_126" value="aux"/> <!--been -->
<feat xlink:href="#rel_128" value="dobj"/> <!--this -->
<feat xlink:href="#rel_129" value="advmod"/> <!--professionally -->
<feat xlink:href="#rel_130" value="mark"/> <!--since -->
<feat xlink:href="#rel_131" value="nsubj"/> <!--I -->
<feat xlink:href="#rel_132" value="cop"/> <!--was -->
<feat xlink:href="#rel_133" value="advcl"/> <!--in -->
<feat xlink:href="#rel_134" value="poss"/> <!--my -->
<feat xlink:href="#rel_135" value="pobj"/> <!--twenties -->
<feat xlink:href="#rel_137" value="cc"/> <!--and -->
<feat xlink:href="#rel_138" value="mark"/> <!--before -->
<feat xlink:href="#rel_139" value="advcl"/> <!--that -->
<feat xlink:href="#rel_140" value="mark"/> <!--since -->
<feat xlink:href="#rel_141" value="nsubj"/> <!--I -->
<feat xlink:href="#rel_142" value="cop"/> <!--was -->
<feat xlink:href="#rel_143" value="conj"/> <!--sixteen -->
<feat xlink:href="#rel_144" value="vmod"/> <!--doing -->
<feat xlink:href="#rel_145" value="amod"/> <!--little -->
<feat xlink:href="#rel_146" value="amod"/> <!--tidbit -->
<feat xlink:href="#rel_147" value="nn"/> <!--poetry -->
<feat xlink:href="#rel_148" value="dobj"/> <!--readings -->
<feat xlink:href="#rel_149" value="prep"/> <!--in -->
<feat xlink:href="#rel_150" value="pobj"/> <!--coffeehouses -->
<feat xlink:href="#rel_152" value="det"/> <!--The -->
<feat xlink:href="#rel_153" value="nsubj"/> <!--band -->
<feat xlink:href="#rel_154" value="nsubj"/> <!--I -->
<feat xlink:href="#rel_155" value="rcmod"/> <!--started -->
<feat xlink:href="#rel_156" value="prep"/> <!--in -->
<feat xlink:href="#rel_157" value="pobj"/> <!--1993 -->
<feat xlink:href="#rel_159" value="nn"/> <!--Spoken -->
<feat xlink:href="#rel_160" value="appos"/> <!--Motion -->
<feat xlink:href="#rel_163" value="det"/> <!--a -->
<feat xlink:href="#rel_164" value="dobj"/> <!--lot -->
<feat xlink:href="#rel_165" value="prep"/> <!--of -->
<feat xlink:href="#rel_166" value="pobj"/> <!--recognition -->
<feat xlink:href="#rel_167" value="prep"/> <!--as -->
<feat xlink:href="#rel_168" value="det"/> <!--a -->
<feat xlink:href="#rel_169" value="nn"/> <!--spoken -->
<feat xlink:href="#rel_170" value="amod"/> <!--word -->
<feat xlink:href="#rel_171" value="pobj"/> <!--band -->
<feat xlink:href="#rel_172" value="vmod"/> <!--born -->
<feat xlink:href="#rel_173" value="prep"/> <!--out -->
<feat xlink:href="#rel_174" value="pcomp"/> <!--of -->
<feat xlink:href="#rel_175" value="det"/> <!--the -->
<feat xlink:href="#rel_176" value="nn"/> <!--New -->
<feat xlink:href="#rel_177" value="amod"/> <!--York -->
<feat xlink:href="#rel_178" value="nn"/> <!--spoken -->
<feat xlink:href="#rel_179" value="amod"/> <!--word -->
<feat xlink:href="#rel_180" value="pobj"/> <!--scene -->
<feat xlink:href="#rel_182" value="nsubj"/> <!--I -->
<feat xlink:href="#rel_184" value="prep"/> <!--with -->
<feat xlink:href="#rel_185" value="det"/> <!--some -->
<feat xlink:href="#rel_186" value="amod"/> <!--great -->
<feat xlink:href="#rel_187" value="pobj"/> <!--musicians -->
<feat xlink:href="#rel_188" value="cc"/> <!--and -->
<feat xlink:href="#rel_189" value="conj"/> <!--performed -->
<feat xlink:href="#rel_190" value="prep"/> <!--around -->
<feat xlink:href="#rel_191" value="det"/> <!--the -->
<feat xlink:href="#rel_192" value="pobj"/> <!--world -->
<feat xlink:href="#rel_194" value="nsubj"/> <!--I -->
<feat xlink:href="#rel_196" value="xcomp"/> <!--signing -->
<feat xlink:href="#rel_197" value="poss"/> <!--my -->
<feat xlink:href="#rel_198" value="amod"/> <!--first -->
<feat xlink:href="#rel_199" value="dobj"/> <!--autograph -->
<feat xlink:href="#rel_200" value="prep"/> <!--to -->
<feat xlink:href="#rel_201" value="det"/> <!--a -->
<feat xlink:href="#rel_202" value="pobj"/> <!--kid -->
<feat xlink:href="#rel_203" value="advmod"/> <!--when -->
<feat xlink:href="#rel_204" value="nsubj"/> <!--I -->
<feat xlink:href="#rel_205" value="cop"/> <!--was -->
<feat xlink:href="#rel_206" value="num"/> <!--25 -->
<feat xlink:href="#rel_207" value="npadvmod"/> <!--years -->
<feat xlink:href="#rel_208" value="advcl"/> <!--old -->
<feat xlink:href="#rel_210" value="mark"/> <!--As -->
<feat xlink:href="#rel_211" value="nsubj"/> <!--time -->
<feat xlink:href="#rel_212" value="advcl"/> <!--went -->
<feat xlink:href="#rel_213" value="prt"/> <!--on -->
<feat xlink:href="#rel_215" value="nsubj"/> <!--I -->
<feat xlink:href="#rel_217" value="prt"/> <!--out -->
<feat xlink:href="#rel_218" value="prep"/> <!--with -->
<feat xlink:href="#rel_219" value="pobj"/> <!--books -->
<feat xlink:href="#rel_220" value="cc"/> <!--and -->
<feat xlink:href="#rel_221" value="conj"/> <!--CDs -->
<feat xlink:href="#rel_223" value="cc"/> <!--and -->
<feat xlink:href="#rel_224" value="nsubj"/> <!--I -->
<feat xlink:href="#rel_225" value="cop"/> <!--became -->
<feat xlink:href="#rel_226" value="conj"/> <!--used -->
<feat xlink:href="#rel_227" value="prep"/> <!--to -->
<feat xlink:href="#rel_228" value="det"/> <!--that -->
<feat xlink:href="#rel_229" value="pobj"/> <!--kind -->
<feat xlink:href="#rel_230" value="prep"/> <!--of -->
<feat xlink:href="#rel_231" value="pobj"/> <!--thing -->
<feat xlink:href="#rel_233" value="prep"/> <!--To -->
<feat xlink:href="#rel_234" value="pobj"/> <!--me -->
<feat xlink:href="#rel_236" value="det"/> <!--the -->
<feat xlink:href="#rel_237" value="amod"/> <!--ultimate -->
<feat xlink:href="#rel_238" value="nsubj"/> <!--feeling -->
<feat xlink:href="#rel_239" value="prep"/> <!--of -->
<feat xlink:href="#rel_240" value="pobj"/> <!--success -->
<feat xlink:href="#rel_241" value="prep"/> <!--as -->
<feat xlink:href="#rel_242" value="det"/> <!--an -->
<feat xlink:href="#rel_243" value="pobj"/> <!--artist -->
<feat xlink:href="#rel_245" value="cop"/> <!--is -->
<feat xlink:href="#rel_246" value="aux"/> <!--to -->
<feat xlink:href="#rel_248" value="dobj"/> <!--somebody -->
<feat xlink:href="#rel_249" value="advmod"/> <!--enough -->
<feat xlink:href="#rel_250" value="advmod"/> <!--where -->
<feat xlink:href="#rel_251" value="nsubj"/> <!--they -->
<feat xlink:href="#rel_252" value="advcl"/> <!--thank -->
<feat xlink:href="#rel_253" value="dobj"/> <!--you -->
<feat xlink:href="#rel_255" value="advmod"/> <!--When -->
<feat xlink:href="#rel_256" value="nsubj"/> <!--someone -->
<feat xlink:href="#rel_258" value="prt"/> <!--up -->
<feat xlink:href="#rel_259" value="cc"/> <!--and -->
<feat xlink:href="#rel_260" value="conj"/> <!--says -->
<feat xlink:href="#rel_263" value="dobj"/> <!--Frank -->
<feat xlink:href="#rel_265" value="conj"/> <!--thank -->
<feat xlink:href="#rel_266" value="dobj"/> <!--you -->
<feat xlink:href="#rel_268" value="poss"/> <!--your -->
<feat xlink:href="#rel_269" value="nsubj"/> <!--work -->
<feat xlink:href="#rel_270" value="cop"/> <!--is -->
<feat xlink:href="#rel_271" value="conj"/> <!--great -->
<feat xlink:href="#rel_274" value="nsubj"/> <!--You -->
<feat xlink:href="#rel_276" value="det"/> <!--a -->
<feat xlink:href="#rel_277" value="amod"/> <!--long -->
<feat xlink:href="#rel_278" value="dobj"/> <!--career -->
<feat xlink:href="#rel_279" value="prep"/> <!--in -->
<feat xlink:href="#rel_280" value="pobj"/> <!--poetry -->
<feat xlink:href="#rel_282" value="cc"/> <!--but -->
<feat xlink:href="#rel_283" value="prep"/> <!--as -->
<feat xlink:href="#rel_284" value="mwe"/> <!--of -->
<feat xlink:href="#rel_285" value="pobj"/> <!--late -->
<feat xlink:href="#rel_286" value="det"/> <!--the -->
<feat xlink:href="#rel_287" value="nsubj"/> <!--attention -->
<feat xlink:href="#rel_288" value="nsubj"/> <!--you -->
<feat xlink:href="#rel_289" value="aux"/> <!--have -->
<feat xlink:href="#rel_290" value="advcl"/> <!--garnered -->
<feat xlink:href="#rel_291" value="ccomp"/> <!--is -->
<feat xlink:href="#rel_292" value="prep"/> <!--for -->
<feat xlink:href="#rel_293" value="det"/> <!--the -->
<feat xlink:href="#rel_294" value="amod"/> <!--Mets-inspired -->
<feat xlink:href="#rel_295" value="pobj"/> <!--work -->
<feat xlink:href="#rel_297" value="advmod"/> <!--How -->
<feat xlink:href="#rel_298" value="aux"/> <!--do -->
<feat xlink:href="#rel_299" value="nsubj"/> <!--you -->
<feat xlink:href="#rel_301" value="prep"/> <!--about -->
<feat xlink:href="#rel_302" value="pcomp"/> <!--having -->
<feat xlink:href="#rel_303" value="det"/> <!--a -->
<feat xlink:href="#rel_304" value="nsubj"/> <!--lot -->
<feat xlink:href="#rel_305" value="prep"/> <!--of -->
<feat xlink:href="#rel_306" value="poss"/> <!--your -->
<feat xlink:href="#rel_307" value="pobj"/> <!--work -->
<feat xlink:href="#rel_308" value="ccomp"/> <!--overshadowed -->
<feat xlink:href="#rel_309" value="prep"/> <!--by -->
<feat xlink:href="#rel_310" value="det"/> <!--the -->
<feat xlink:href="#rel_311" value="nn"/> <!--Mets -->
<feat xlink:href="#rel_312" value="pobj"/> <!--work -->
<feat xlink:href="#rel_314" value="nsubj"/> <!--It -->
<feat xlink:href="#rel_315" value="cop"/> <!--s -->
<feat xlink:href="#rel_318" value="nsubjpass"/> <!--Some -->
<feat xlink:href="#rel_319" value="prep"/> <!--of -->
<feat xlink:href="#rel_320" value="det"/> <!--the -->
<feat xlink:href="#rel_321" value="amod"/> <!--greatest -->
<feat xlink:href="#rel_322" value="pobj"/> <!--poetry -->
<feat xlink:href="#rel_323" value="aux"/> <!--has -->
<feat xlink:href="#rel_324" value="auxpass"/> <!--been -->
<feat xlink:href="#rel_326" value="prep"/> <!--out -->
<feat xlink:href="#rel_327" value="mwe"/> <!--of -->
<feat xlink:href="#rel_328" value="pobj"/> <!--failure -->
<feat xlink:href="#rel_329" value="cc"/> <!--and -->
<feat xlink:href="#rel_330" value="det"/> <!--the -->
<feat xlink:href="#rel_331" value="conj"/> <!--depths -->
<feat xlink:href="#rel_332" value="prep"/> <!--of -->
<feat xlink:href="#rel_333" value="pobj"/> <!--adversity -->
<feat xlink:href="#rel_334" value="prep"/> <!--in -->
<feat xlink:href="#rel_335" value="det"/> <!--the -->
<feat xlink:href="#rel_336" value="amod"/> <!--human -->
<feat xlink:href="#rel_337" value="pobj"/> <!--experience -->
<feat xlink:href="#rel_339" value="nn"/> <!--Walt -->
<feat xlink:href="#rel_340" value="nsubj"/> <!--Whitman -->
<feat xlink:href="#rel_342" value="det"/> <!--the -->
<feat xlink:href="#rel_343" value="amod"/> <!--first -->
<feat xlink:href="#rel_344" value="amod"/> <!--great -->
<feat xlink:href="#rel_345" value="amod"/> <!--American -->
<feat xlink:href="#rel_346" value="appos"/> <!--poet -->
<feat xlink:href="#rel_349" value="prep"/> <!--about -->
<feat xlink:href="#rel_350" value="det"/> <!--the -->
<feat xlink:href="#rel_351" value="nn"/> <!--Civil -->
<feat xlink:href="#rel_352" value="pobj"/> <!--War -->
<feat xlink:href="#rel_354" value="nsubj"/> <!--He -->
<feat xlink:href="#rel_356" value="xcomp"/> <!--looking -->
<feat xlink:href="#rel_357" value="prep"/> <!--for -->
<feat xlink:href="#rel_358" value="poss"/> <!--his -->
<feat xlink:href="#rel_359" value="pobj"/> <!--brother -->
<feat xlink:href="#rel_361" value="nn"/> <!--George -->
<feat xlink:href="#rel_362" value="appos"/> <!--Whitman -->
<feat xlink:href="#rel_364" value="mark"/> <!--after -->
<feat xlink:href="#rel_365" value="nsubj"/> <!--he -->
<feat xlink:href="#rel_366" value="det"/> <!--a -->
<feat xlink:href="#rel_367" value="advcl"/> <!--telegram -->
<feat xlink:href="#rel_368" value="vmod"/> <!--telling -->
<feat xlink:href="#rel_369" value="iobj"/> <!--him -->
<feat xlink:href="#rel_370" value="poss"/> <!--his -->
<feat xlink:href="#rel_371" value="nsubj"/> <!--brother -->
<feat xlink:href="#rel_372" value="auxpass"/> <!--was -->
<feat xlink:href="#rel_373" value="ccomp"/> <!--injured -->
<feat xlink:href="#rel_374" value="prep"/> <!--in -->
<feat xlink:href="#rel_375" value="det"/> <!--the -->
<feat xlink:href="#rel_376" value="pobj"/> <!--South -->
<feat xlink:href="#rel_378" value="mark"/> <!--When -->
<feat xlink:href="#rel_379" value="nsubj"/> <!--he -->
<feat xlink:href="#rel_380" value="advcl"/> <!--started -->
<feat xlink:href="#rel_381" value="prt"/> <!--out -->
<feat xlink:href="#rel_382" value="poss"/> <!--his -->
<feat xlink:href="#rel_383" value="nsubj"/> <!--poems -->
<feat xlink:href="#rel_384" value="cop"/> <!--were -->
<feat xlink:href="#rel_386" value="xcomp"/> <!--beating -->
<feat xlink:href="#rel_387" value="dobj"/> <!--drums -->
<feat xlink:href="#rel_389" value="cc"/> <!--and -->
<feat xlink:href="#rel_390" value="conj"/> <!--blow -->
<feat xlink:href="#rel_392" value="nsubj"/> <!--bugle -->
<feat xlink:href="#rel_394" value="conj"/> <!--blow -->
<feat xlink:href="#rel_396" value="advmod"/> <!--Real -->
<feat xlink:href="#rel_399" value="advmod"/> <!--Then -->
<feat xlink:href="#rel_400" value="nsubj"/> <!--he -->
<feat xlink:href="#rel_402" value="aux"/> <!--to -->
<feat xlink:href="#rel_403" value="xcomp"/> <!--see -->
<feat xlink:href="#rel_404" value="det"/> <!--the -->
<feat xlink:href="#rel_405" value="amod"/> <!--real -->
<feat xlink:href="#rel_406" value="dobj"/> <!--horrors -->
<feat xlink:href="#rel_407" value="prep"/> <!--of -->
<feat xlink:href="#rel_408" value="pobj"/> <!--war -->
<feat xlink:href="#rel_410" value="nsubj"/> <!--He -->
<feat xlink:href="#rel_411" value="cop"/> <!--was -->
<feat xlink:href="#rel_412" value="cop"/> <!--able -->
<feat xlink:href="#rel_413" value="aux"/> <!--to -->
<feat xlink:href="#rel_415" value="prep"/> <!--into -->
<feat xlink:href="#rel_416" value="det"/> <!--the -->
<feat xlink:href="#rel_417" value="amod"/> <!--human -->
<feat xlink:href="#rel_418" value="pobj"/> <!--condition -->
<feat xlink:href="#rel_419" value="cc"/> <!--and -->
<feat xlink:href="#rel_420" value="det"/> <!--the -->
<feat xlink:href="#rel_421" value="conj"/> <!--situation -->
<feat xlink:href="#rel_422" value="prep"/> <!--at -->
<feat xlink:href="#rel_423" value="det"/> <!--that -->
<feat xlink:href="#rel_424" value="pobj"/> <!--time -->
<feat xlink:href="#rel_426" value="tmod"/> <!--Eventually -->
<feat xlink:href="#rel_427" value="mark"/> <!--when -->
<feat xlink:href="#rel_428" value="nsubj"/> <!--he -->
<feat xlink:href="#rel_429" value="advcl"/> <!--found -->
<feat xlink:href="#rel_430" value="poss"/> <!--his -->
<feat xlink:href="#rel_431" value="dobj"/> <!--brother -->
<feat xlink:href="#rel_432" value="nsubj"/> <!--he -->
<feat xlink:href="#rel_434" value="dobj"/> <!--resolution -->
<feat xlink:href="#rel_436" value="nsubj"/> <!--I -->
<feat xlink:href="#rel_438" value="det"/> <!--that -->
<feat xlink:href="#rel_439" value="dobj"/> <!--kind -->
<feat xlink:href="#rel_440" value="prep"/> <!--of -->
<feat xlink:href="#rel_441" value="pobj"/> <!--adversity -->
<feat xlink:href="#rel_442" value="prep"/> <!--during -->
<feat xlink:href="#rel_443" value="pobj"/> <!--9/11 -->
<feat xlink:href="#rel_444" value="cop"/> <!--being -->
<feat xlink:href="#rel_445" value="det"/> <!--a -->
<feat xlink:href="#rel_446" value="amod"/> <!--civilian -->
<feat xlink:href="#rel_447" value="pcomp"/> <!--volunteer -->
<feat xlink:href="#rel_449" value="nsubj"/> <!--I -->
<feat xlink:href="#rel_451" value="nn"/> <!--ferry -->
<feat xlink:href="#rel_452" value="dobj"/> <!--boats -->
<feat xlink:href="#rel_453" value="prep"/> <!--in -->
<feat xlink:href="#rel_454" value="nn"/> <!--Jersey -->
<feat xlink:href="#rel_455" value="pobj"/> <!--City -->
<feat xlink:href="#rel_456" value="prep"/> <!--across -->
<feat xlink:href="#rel_457" value="det"/> <!--the -->
<feat xlink:href="#rel_458" value="pobj"/> <!--river -->
<feat xlink:href="#rel_459" value="aux"/> <!--to -->
<feat xlink:href="#rel_460" value="xcomp"/> <!--deliver -->
<feat xlink:href="#rel_461" value="dobj"/> <!--goods -->
<feat xlink:href="#rel_462" value="prep"/> <!--to -->
<feat xlink:href="#rel_463" value="nn"/> <!--Ground -->
<feat xlink:href="#rel_464" value="pobj"/> <!--Zero -->
<feat xlink:href="#rel_466" value="nsubj"/> <!--I -->
<feat xlink:href="#rel_468" value="prep"/> <!--to -->
<feat xlink:href="#rel_469" value="pobj"/> <!--Whitman -->
<feat xlink:href="#rel_470" value="aux"/> <!--to -->
<feat xlink:href="#rel_471" value="xcomp"/> <!--find -->
<feat xlink:href="#rel_472" value="det"/> <!--some -->
<feat xlink:href="#rel_473" value="dobj"/> <!--understanding -->
<feat xlink:href="#rel_474" value="prep"/> <!--of -->
<feat xlink:href="#rel_475" value="nsubj"/> <!--what -->
<feat xlink:href="#rel_476" value="aux"/> <!--is -->
<feat xlink:href="#rel_477" value="pcomp"/> <!--happening -->
<feat xlink:href="#rel_478" value="prep"/> <!--in -->
<feat xlink:href="#rel_479" value="det"/> <!--the -->
<feat xlink:href="#rel_480" value="pobj"/> <!--world -->
<feat xlink:href="#rel_481" value="advmod"/> <!--right -->
<feat xlink:href="#rel_482" value="advmod"/> <!--now -->
<feat xlink:href="#rel_484" value="advmod"/> <!--When -->
<feat xlink:href="#rel_485" value="nsubj"/> <!--I -->
<feat xlink:href="#rel_486" value="advcl"/> <!--wrote -->
<feat xlink:href="#rel_487" value="poss"/> <!--my -->
<feat xlink:href="#rel_488" value="amod"/> <!--9/11-related -->
<feat xlink:href="#rel_489" value="dobj"/> <!--poems -->
<feat xlink:href="#rel_491" value="nsubj"/> <!--that -->
<feat xlink:href="#rel_492" value="cop"/> <!--was -->
<feat xlink:href="#rel_493" value="advmod"/> <!--True -->
<feat xlink:href="#rel_496" value="nsubj"/> <!--I -->
<feat xlink:href="#rel_498" value="nsubj"/> <!--baseball -->
<feat xlink:href="#rel_499" value="cop"/> <!--is -->
<feat xlink:href="#rel_500" value="advmod"/> <!--just -->
<feat xlink:href="#rel_501" value="det"/> <!--a -->
<feat xlink:href="#rel_502" value="ccomp"/> <!--game -->
<feat xlink:href="#rel_504" value="aux"/> <!--Can -->
<feat xlink:href="#rel_505" value="nsubj"/> <!--you -->
<feat xlink:href="#rel_507" value="det"/> <!--a -->
<feat xlink:href="#rel_508" value="dobj"/> <!--stanza -->
<feat xlink:href="#rel_509" value="mark"/> <!--that -->
<feat xlink:href="#rel_510" value="xcomp"/> <!--expresses -->
<feat xlink:href="#rel_511" value="advmod"/> <!--how -->
<feat xlink:href="#rel_512" value="nsubj"/> <!--you -->
<feat xlink:href="#rel_513" value="ccomp"/> <!--feel -->
<feat xlink:href="#rel_514" value="advmod"/> <!--right -->
<feat xlink:href="#rel_515" value="advmod"/> <!--now -->
<feat xlink:href="#rel_517" value="nsubj"/> <!--This -->
<feat xlink:href="#rel_518" value="cop"/> <!--was -->
<feat xlink:href="#rel_519" value="det"/> <!--a -->
<feat xlink:href="#rel_521" value="mark"/> <!--that -->
<feat xlink:href="#rel_522" value="det"/> <!--the -->
<feat xlink:href="#rel_523" value="nsubj"/> <!--Times -->
<feat xlink:href="#rel_524" value="advmod"/> <!--only -->
<feat xlink:href="#rel_525" value="rcmod"/> <!--quoted -->
<feat xlink:href="#rel_526" value="num"/> <!--one -->
<feat xlink:href="#rel_527" value="dobj"/> <!--stanza -->
<feat xlink:href="#rel_529" value="cc"/> <!--but -->
<feat xlink:href="#rel_530" value="nsubj"/> <!--it -->
<feat xlink:href="#rel_531" value="conj"/> <!--s -->
<feat xlink:href="#rel_532" value="prep"/> <!--about -->
<feat xlink:href="#rel_533" value="pobj"/> <!--preparation -->
<feat xlink:href="#rel_534" value="prep"/> <!--for -->
<feat xlink:href="#rel_535" value="det"/> <!--a -->
<feat xlink:href="#rel_536" value="pobj"/> <!--battle -->
<feat xlink:href="#rel_538" value="cc"/> <!--and -->
<feat xlink:href="#rel_539" value="auxpass"/> <!--being -->
<feat xlink:href="#rel_540" value="conj"/> <!--prepared -->
<feat xlink:href="#rel_541" value="aux"/> <!--to -->
<feat xlink:href="#rel_542" value="preconj"/> <!--either -->
<feat xlink:href="#rel_543" value="xcomp"/> <!--rise -->
<feat xlink:href="#rel_544" value="prep"/> <!--to -->
<feat xlink:href="#rel_545" value="det"/> <!--the -->
<feat xlink:href="#rel_546" value="pobj"/> <!--occasion -->
<feat xlink:href="#rel_548" value="cc"/> <!--or -->
<feat xlink:href="#rel_549" value="conj"/> <!--go -->
<feat xlink:href="#rel_550" value="prt"/> <!--down -->
<feat xlink:href="#rel_552" value="aux"/> <!--Do -->
<feat xlink:href="#rel_553" value="nsubj"/> <!--you -->
<feat xlink:href="#rel_555" value="pobj"/> <!--what -->
<feat xlink:href="#rel_556" value="nsubj"/> <!--it -->
<feat xlink:href="#rel_557" value="ccomp"/> <!--s -->
<feat xlink:href="#rel_558" value="prep"/> <!--like -->
<feat xlink:href="#rel_559" value="aux"/> <!--to -->
<feat xlink:href="#rel_560" value="auxpass"/> <!--be -->
<feat xlink:href="#rel_561" value="xcomp"/> <!--chased -->
<feat xlink:href="#rel_562" value="prep"/> <!--by -->
<feat xlink:href="#rel_563" value="det"/> <!--the -->
<feat xlink:href="#rel_564" value="pobj"/> <!--Ghost -->
<feat xlink:href="#rel_565" value="prep"/> <!--of -->
<feat xlink:href="#rel_566" value="pobj"/> <!--Failure -->
<feat xlink:href="#rel_567" value="prep"/> <!--while -->
<feat xlink:href="#rel_568" value="pcomp"/> <!--staring -->
<feat xlink:href="#rel_569" value="prep"/> <!--through -->
<feat xlink:href="#rel_570" value="poss"/> <!--Victory -->
<feat xlink:href="#rel_571" value="possessive"/> <!--s -->
<feat xlink:href="#rel_572" value="pobj"/> <!--door -->
<feat xlink:href="#rel_574" value="prep"/> <!--Of -->
<feat xlink:href="#rel_575" value="pobj"/> <!--course -->
<feat xlink:href="#rel_576" value="nsubj"/> <!--you -->
<feat xlink:href="#rel_577" value="parataxis"/> <!--do -->
<feat xlink:href="#rel_579" value="nsubj"/> <!--you -->
<feat xlink:href="#rel_580" value="cop"/> <!--re -->
<feat xlink:href="#rel_581" value="det"/> <!--a -->
<feat xlink:href="#rel_582" value="nn"/> <!--Mets -->
<feat xlink:href="#rel_584" value="vmod"/> <!--caught -->
<feat xlink:href="#rel_585" value="prep"/> <!--in -->
<feat xlink:href="#rel_586" value="det"/> <!--a -->
<feat xlink:href="#rel_587" value="amod"/> <!--do-or-die -->
<feat xlink:href="#rel_588" value="pobj"/> <!--moment -->
<feat xlink:href="#rel_589" value="prep"/> <!--in -->
<feat xlink:href="#rel_590" value="amod"/> <!--late -->
<feat xlink:href="#rel_591" value="pobj"/> <!--September -->
<feat xlink:href="#rel_592" value="prep"/> <!--at -->
<feat xlink:href="#rel_593" value="pobj"/> <!--Shea -->
<feat xlink:href="#rel_594" value="prep"/> <!--As -->
<feat xlink:href="#rel_595" value="pobj"/> <!--one -->
<feat xlink:href="#rel_596" value="csubj"/> <!--that -->
<feat xlink:href="#rel_597" value="aux"/> <!--s -->
<feat xlink:href="#rel_598" value="ccomp"/> <!--battled -->
<feat xlink:href="#rel_599" value="advmod"/> <!--hard -->
<feat xlink:href="#rel_600" value="prep"/> <!--through -->
<feat xlink:href="#rel_601" value="amod"/> <!--many -->
<feat xlink:href="#rel_602" value="det"/> <!--a -->
<feat xlink:href="#rel_603" value="amod"/> <!--broken -->
<feat xlink:href="#rel_604" value="pobj"/> <!--dream -->
<feat xlink:href="#rel_606" value="dobj"/> <!--me -->
<feat xlink:href="#rel_607" value="vmod"/> <!--say -->
<feat xlink:href="#rel_610" value="mark"/> <!--in -->
<feat xlink:href="#rel_611" value="dep"/> <!--order -->
<feat xlink:href="#rel_612" value="aux"/> <!--to -->
<feat xlink:href="#rel_613" value="advcl"/> <!--rise -->
<feat xlink:href="#rel_614" value="prep"/> <!--to -->
<feat xlink:href="#rel_615" value="det"/> <!--the -->
<feat xlink:href="#rel_616" value="pobj"/> <!--occasion -->
<feat xlink:href="#rel_617" value="nsubj"/> <!--you -->
<feat xlink:href="#rel_618" value="aux"/> <!--must -->
<feat xlink:href="#rel_619" value="aux"/> <!--be -->
<feat xlink:href="#rel_620" value="ccomp"/> <!--willing -->
<feat xlink:href="#rel_621" value="aux"/> <!--to -->
<feat xlink:href="#rel_622" value="xcomp"/> <!--go -->
<feat xlink:href="#rel_623" value="prt"/> <!--down -->
<feat xlink:href="#rel_624" value="prep"/> <!--with -->
<feat xlink:href="#rel_625" value="det"/> <!--the -->
<feat xlink:href="#rel_626" value="pobj"/> <!--ship -->
<feat xlink:href="#rel_630" value="neg"/> <!--no -->
<feat xlink:href="#rel_631" value="nsubj"/> <!--fear -->
<feat xlink:href="#rel_633" value="neg"/> <!--no -->
<feat xlink:href="#rel_634" value="appos"/> <!--hesitation -->
<feat xlink:href="#rel_636" value="mark"/> <!--for -->
<feat xlink:href="#rel_637" value="nsubj"/> <!--Winning -->
<feat xlink:href="#rel_638" value="aux"/> <!--shall -->
<feat xlink:href="#rel_639" value="cop"/> <!--be -->
<feat xlink:href="#rel_640" value="possessive"/> <!--it -->
<feat xlink:href="#rel_641" value="poss"/> <!--s -->
<feat xlink:href="#rel_642" value="ccomp"/> <!--reward -->
<feat xlink:href="#rel_644" value="aux"/> <!--Do -->
<feat xlink:href="#rel_645" value="neg"/> <!--n&apos;t -->
<feat xlink:href="#rel_647" value="dobj"/> <!--them -->
<feat xlink:href="#rel_648" value="vmod"/> <!--get -->
<feat xlink:href="#rel_649" value="prep"/> <!--in -->
<feat xlink:href="#rel_650" value="poss"/> <!--your -->
<feat xlink:href="#rel_651" value="pobj"/> <!--head -->
<feat xlink:href="#rel_653" value="nsubj"/> <!--you -->
<feat xlink:href="#rel_654" value="aux"/> <!--ve -->
<feat xlink:href="#rel_656" value="dobj"/> <!--it -->
<feat xlink:href="#rel_657" value="prt"/> <!--up -->
<feat xlink:href="#rel_658" value="amod"/> <!--this -->
<feat xlink:href="#rel_659" value="tmod"/> <!--long -->
<feat xlink:href="#rel_660" value="nsubj"/> <!--You -->
<feat xlink:href="#rel_661" value="cop"/> <!--re -->
<feat xlink:href="#rel_662" value="det"/> <!--a -->
<feat xlink:href="#rel_663" value="nn"/> <!--Mets -->
<feat xlink:href="#rel_665" value="prep"/> <!--in -->
<feat xlink:href="#rel_666" value="amod"/> <!--late -->
<feat xlink:href="#rel_667" value="pobj"/> <!--September -->
<feat xlink:href="#rel_668" value="cc"/> <!--and -->
<feat xlink:href="#rel_669" value="nsubj"/> <!--you -->
<feat xlink:href="#rel_670" value="aux"/> <!--ll -->
<feat xlink:href="#rel_671" value="conj"/> <!--fight -->
<feat xlink:href="#rel_672" value="prep"/> <!--til -->
<feat xlink:href="#rel_673" value="det"/> <!--the -->
<feat xlink:href="#rel_674" value="amod"/> <!--glorious -->
<feat xlink:href="#rel_675" value="pobj"/> <!--end -->
<feat xlink:href="#rel_677" value="det"/> <!--the -->
<feat xlink:href="#rel_678" value="dobj"/> <!--team -->
<feat xlink:href="#rel_679" value="tmod"/> <!--today -->
<feat xlink:href="#rel_682" value="poss"/> <!--your -->
<feat xlink:href="#rel_683" value="appos"/> <!--boys -->
<feat xlink:href="#rel_684" value="prep"/> <!--in -->
<feat xlink:href="#rel_685" value="pobj"/> <!--orange -->
<feat xlink:href="#rel_686" value="cc"/> <!--and -->
<feat xlink:href="#rel_687" value="conj"/> <!--blue -->
<feat xlink:href="#rel_689" value="parataxis"/> <!--Let -->
<feat xlink:href="#rel_690" value="dobj"/> <!--them -->
<feat xlink:href="#rel_691" value="vmod"/> <!--hear -->
<feat xlink:href="#rel_692" value="dobj"/> <!--you -->
<feat xlink:href="#rel_693" value="vmod"/> <!--shout -->
<feat xlink:href="#rel_694" value="mark"/> <!--as -->
<feat xlink:href="#rel_695" value="nsubj"/> <!--they -->
<feat xlink:href="#rel_696" value="advcl"/> <!--fight -->
<feat xlink:href="#rel_697" value="prep"/> <!--for -->
<feat xlink:href="#rel_698" value="nsubj"/> <!--what -->
<feat xlink:href="#rel_699" value="cop"/> <!--s -->
<feat xlink:href="#rel_700" value="advmod"/> <!--mightily -->
<feat xlink:href="#rel_701" value="pcomp"/> <!--due -->
<feat xlink:href="#rel_704" value="nn"/> <!--Frank -->
<feat xlink:href="#rel_705" value="dobj"/> <!--Messina -->
<feat xlink:href="#rel_707" value="parataxis"/> <!--reprinted -->
<feat xlink:href="#rel_708" value="prep"/> <!--with -->
<feat xlink:href="#rel_709" value="pobj"/> <!--permission -->
<feat xlink:href="#rel_712" value="nn"/> <!--Sports -->
<feat xlink:href="#rel_713" value="nsubjpass"/> <!--fans -->
<feat xlink:href="#rel_714" value="auxpass"/> <!--are -->
<feat xlink:href="#rel_715" value="neg"/> <!--n&apos;t -->
<feat xlink:href="#rel_717" value="prep"/> <!--as -->
<feat xlink:href="#rel_718" value="pobj"/> <!--patrons -->
<feat xlink:href="#rel_719" value="prep"/> <!--of -->
<feat xlink:href="#rel_720" value="pobj"/> <!--poetry -->
<feat xlink:href="#rel_722" value="aux"/> <!--Have -->
<feat xlink:href="#rel_723" value="nsubj"/> <!--you -->
<feat xlink:href="#rel_725" value="dobj"/> <!--interaction -->
<feat xlink:href="#rel_726" value="prep"/> <!--with -->
<feat xlink:href="#rel_728" value="amod"/> <!--new -->
<feat xlink:href="#rel_729" value="pobj"/> <!--readers -->
<feat xlink:href="#rel_731" value="prep"/> <!--through -->
<feat xlink:href="#rel_732" value="poss"/> <!--your -->
<feat xlink:href="#rel_733" value="nn"/> <!--Mets -->
<feat xlink:href="#rel_734" value="pobj"/> <!--work -->
<feat xlink:href="#rel_736" value="det"/> <!--This -->
<feat xlink:href="#rel_737" value="num"/> <!--one -->
<feat xlink:href="#rel_738" value="nsubj"/> <!--person -->
<feat xlink:href="#rel_739" value="dobj"/> <!--who -->
<feat xlink:href="#rel_740" value="nsubj"/> <!--I -->
<feat xlink:href="#rel_741" value="neg"/> <!--never -->
<feat xlink:href="#rel_742" value="rcmod"/> <!--met -->
<feat xlink:href="#rel_744" value="det"/> <!--a -->
<feat xlink:href="#rel_745" value="dobj"/> <!--picture -->
<feat xlink:href="#rel_746" value="prep"/> <!--of -->
<feat xlink:href="#rel_747" value="pobj"/> <!--me -->
<feat xlink:href="#rel_748" value="cc"/> <!--and -->
<feat xlink:href="#rel_749" value="conj"/> <!--sent -->
<feat xlink:href="#rel_750" value="dobj"/> <!--it -->
<feat xlink:href="#rel_751" value="prep"/> <!--to -->
<feat xlink:href="#rel_752" value="pobj"/> <!--me -->
<feat xlink:href="#rel_753" value="prep"/> <!--in -->
<feat xlink:href="#rel_754" value="det"/> <!--an -->
<feat xlink:href="#rel_755" value="pobj"/> <!--e-mail -->
<feat xlink:href="#rel_757" value="det"/> <!--The -->
<feat xlink:href="#rel_758" value="nsubj"/> <!--e-mail -->
<feat xlink:href="#rel_762" value="dobj"/> <!--Frank -->
<feat xlink:href="#rel_764" value="nsubj"/> <!--I -->
<feat xlink:href="#rel_765" value="aux"/> <!--have -->
<feat xlink:href="#rel_766" value="neg"/> <!--never -->
<feat xlink:href="#rel_767" value="conj"/> <!--bothered -->
<feat xlink:href="#rel_768" value="dobj"/> <!--you -->
<feat xlink:href="#rel_769" value="prep"/> <!--during -->
<feat xlink:href="#rel_770" value="det"/> <!--the -->
<feat xlink:href="#rel_771" value="pobj"/> <!--game -->
<feat xlink:href="#rel_773" value="cc"/> <!--but -->
<feat xlink:href="#rel_774" value="nsubj"/> <!--I -->
<feat xlink:href="#rel_775" value="advmod"/> <!--just -->
<feat xlink:href="#rel_776" value="conj"/> <!--wanted -->
<feat xlink:href="#rel_777" value="aux"/> <!--to -->
<feat xlink:href="#rel_778" value="xcomp"/> <!--say -->
<feat xlink:href="#rel_779" value="ccomp"/> <!--thank -->
<feat xlink:href="#rel_780" value="dobj"/> <!--you -->
<feat xlink:href="#rel_781" value="prep"/> <!--for -->
<feat xlink:href="#rel_782" value="poss"/> <!--your -->
<feat xlink:href="#rel_783" value="pobj"/> <!--work -->
<feat xlink:href="#rel_784" value="cc"/> <!--and -->
<feat xlink:href="#rel_785" value="conj"/> <!--thank -->
<feat xlink:href="#rel_786" value="dobj"/> <!--you -->
<feat xlink:href="#rel_787" value="prep"/> <!--for -->
<feat xlink:href="#rel_788" value="pcomp"/> <!--making -->
<feat xlink:href="#rel_789" value="det"/> <!--some -->
<feat xlink:href="#rel_790" value="dobj"/> <!--sense -->
<feat xlink:href="#rel_791" value="prep"/> <!--of -->
<feat xlink:href="#rel_792" value="det"/> <!--the -->
<feat xlink:href="#rel_793" value="pobj"/> <!--successes -->
<feat xlink:href="#rel_794" value="cc"/> <!--and -->
<feat xlink:href="#rel_795" value="conj"/> <!--failures -->
<feat xlink:href="#rel_796" value="cc"/> <!--and -->
<feat xlink:href="#rel_797" value="nsubj"/> <!--I -->
<feat xlink:href="#rel_798" value="conj"/> <!--wish -->
<feat xlink:href="#rel_799" value="iobj"/> <!--you -->
<feat xlink:href="#rel_800" value="amod"/> <!--much -->
<feat xlink:href="#rel_801" value="dobj"/> <!--success -->
<feat xlink:href="#rel_802" value="prep"/> <!--with -->
<feat xlink:href="#rel_803" value="poss"/> <!--your -->
<feat xlink:href="#rel_804" value="pobj"/> <!--work -->
<feat xlink:href="#rel_807" value="amod"/> <!--Last -->
<feat xlink:href="#rel_808" value="tmod"/> <!--year -->
<feat xlink:href="#rel_809" value="prep"/> <!--in -->
<feat xlink:href="#rel_810" value="poss"/> <!--my -->
<feat xlink:href="#rel_811" value="pobj"/> <!--section -->
<feat xlink:href="#rel_812" value="prep"/> <!--at -->
<feat xlink:href="#rel_813" value="det"/> <!--the -->
<feat xlink:href="#rel_814" value="pobj"/> <!--stadium -->
<feat xlink:href="#rel_815" value="nsubj"/> <!--I -->
<feat xlink:href="#rel_817" value="det"/> <!--a -->
<feat xlink:href="#rel_818" value="dobj"/> <!--banner -->
<feat xlink:href="#rel_819" value="nsubj"/> <!--that -->
<feat xlink:href="#rel_820" value="rcmod"/> <!--read -->
<feat xlink:href="#rel_821" value="nsubj"/> <!--We -->
<feat xlink:href="#rel_822" value="ccomp"/> <!--Know -->
<feat xlink:href="#rel_825" value="nsubj"/> <!--That -->
<feat xlink:href="#rel_826" value="cop"/> <!--s -->
<feat xlink:href="#rel_828" value="nsubj"/> <!--it -->
<feat xlink:href="#rel_829" value="rcmod"/> <!--said -->
<feat xlink:href="#rel_831" value="advmod"/> <!--Then -->
<feat xlink:href="#rel_832" value="advmod"/> <!--earlier -->
<feat xlink:href="#rel_833" value="det"/> <!--this -->
<feat xlink:href="#rel_834" value="tmod"/> <!--year -->
<feat xlink:href="#rel_835" value="det"/> <!--these -->
<feat xlink:href="#rel_836" value="nsubj"/> <!--shirts -->
<feat xlink:href="#rel_838" value="aux"/> <!--to -->
<feat xlink:href="#rel_839" value="xcomp"/> <!--come -->
<feat xlink:href="#rel_840" value="prt"/> <!--out -->
<feat xlink:href="#rel_841" value="nsubj"/> <!--that -->
<feat xlink:href="#rel_842" value="ccomp"/> <!--said -->
<feat xlink:href="#rel_845" value="nsubj"/> <!--Poet -->
<feat xlink:href="#rel_846" value="ccomp"/> <!--says -->
<feat xlink:href="#rel_847" value="nsubj"/> <!--We -->
<feat xlink:href="#rel_848" value="ccomp"/> <!--Know -->
<feat xlink:href="#rel_851" value="nsubj"/> <!--It -->
<feat xlink:href="#rel_852" value="cop"/> <!--was -->
<feat xlink:href="#rel_855" value="nsubj"/> <!--We -->
<feat xlink:href="#rel_856" value="aux"/> <!--did -->
<feat xlink:href="#rel_857" value="neg"/> <!--n&apos;t -->
<feat xlink:href="#rel_859" value="det"/> <!--the -->
<feat xlink:href="#rel_860" value="dobj"/> <!--banner -->
<feat xlink:href="#rel_861" value="det"/> <!--this -->
<feat xlink:href="#rel_862" value="tmod"/> <!--year -->
<feat xlink:href="#rel_864" value="advmod"/> <!--though -->
<feat xlink:href="#rel_866" value="mark"/> <!--because -->
<feat xlink:href="#rel_867" value="nsubj"/> <!--we -->
<feat xlink:href="#rel_868" value="aux"/> <!--did -->
<feat xlink:href="#rel_869" value="neg"/> <!--n&apos;t -->
<feat xlink:href="#rel_870" value="advcl"/> <!--know -->
<feat xlink:href="#rel_872" value="det"/> <!--The -->
<feat xlink:href="#rel_873" value="nsubj"/> <!--team -->
<feat xlink:href="#rel_874" value="cop"/> <!--was -->
<feat xlink:href="#rel_875" value="neg"/> <!--n&apos;t -->
<feat xlink:href="#rel_876" value="advmod"/> <!--so -->
<feat xlink:href="#rel_877" value="advmod"/> <!--far -->
<feat xlink:href="#rel_879" value="mark"/> <!--that -->
<feat xlink:href="#rel_880" value="nsubj"/> <!--we -->
<feat xlink:href="#rel_881" value="ccomp"/> <!--knew -->
<feat xlink:href="#rel_883" value="amod"/> <!--Last -->
<feat xlink:href="#rel_884" value="tmod"/> <!--year -->
<feat xlink:href="#rel_885" value="nsubj"/> <!--we -->
<feat xlink:href="#rel_886" value="advmod"/> <!--just -->
<feat xlink:href="#rel_888" value="nsubj"/> <!--we -->
<feat xlink:href="#rel_889" value="aux"/> <!--were -->
<feat xlink:href="#rel_890" value="ccomp"/> <!--going -->
<feat xlink:href="#rel_891" value="prep"/> <!--to -->
<feat xlink:href="#rel_892" value="det"/> <!--the -->
<feat xlink:href="#rel_893" value="pobj"/> <!--playoffs -->
<feat xlink:href="#rel_895" value="nsubj"/> <!--we -->
<feat xlink:href="#rel_896" value="parataxis"/> <!--knew -->
<feat xlink:href="#rel_897" value="nsubj"/> <!--we -->
<feat xlink:href="#rel_898" value="aux"/> <!--were -->
<feat xlink:href="#rel_899" value="ccomp"/> <!--going -->
<feat xlink:href="#rel_900" value="amod"/> <!--post-season -->
<feat xlink:href="#rel_902" value="det"/> <!--This -->
<feat xlink:href="#rel_903" value="tmod"/> <!--year -->
<feat xlink:href="#rel_904" value="nsubj"/> <!--we -->
<feat xlink:href="#rel_905" value="cop"/> <!--were -->
<feat xlink:href="#rel_906" value="neg"/> <!--n&apos;t -->
<feat xlink:href="#rel_909" value="nsubj"/> <!--We -->
<feat xlink:href="#rel_910" value="aux"/> <!--were -->
<feat xlink:href="#rel_912" value="prep"/> <!--on -->
<feat xlink:href="#rel_913" value="pobj"/> <!--eggshells -->
<feat xlink:href="#rel_915" value="expl"/> <!--There -->
<feat xlink:href="#rel_916" value="cop"/> <!--was -->
<feat xlink:href="#rel_917" value="det"/> <!--a -->
<feat xlink:href="#rel_920" value="det"/> <!--a -->
<feat xlink:href="#rel_921" value="nn"/> <!--season -->
<feat xlink:href="#rel_922" value="nn"/> <!--ticket -->
<feat xlink:href="#rel_923" value="appos"/> <!--holder -->
<feat xlink:href="#rel_924" value="cc"/> <!--and -->
<feat xlink:href="#rel_925" value="det"/> <!--a -->
<feat xlink:href="#rel_926" value="nn"/> <!--die -->
<feat xlink:href="#rel_927" value="amod"/> <!--hard -->
<feat xlink:href="#rel_928" value="conj"/> <!--fan -->
<feat xlink:href="#rel_930" value="nsubj"/> <!--She -->
<feat xlink:href="#rel_931" value="auxpass"/> <!--was -->
<feat xlink:href="#rel_933" value="prep"/> <!--by -->
<feat xlink:href="#rel_934" value="det"/> <!--the -->
<feat xlink:href="#rel_935" value="pobj"/> <!--loss -->
<feat xlink:href="#rel_936" value="amod"/> <!--last -->
<feat xlink:href="#rel_937" value="tmod"/> <!--year -->
<feat xlink:href="#rel_938" value="prep"/> <!--to -->
<feat xlink:href="#rel_939" value="det"/> <!--the -->
<feat xlink:href="#rel_940" value="pobj"/> <!--Cardinals -->
<feat xlink:href="#rel_942" value="amod"/> <!--Last -->
<feat xlink:href="#rel_943" value="tmod"/> <!--year -->
<feat xlink:href="#rel_944" value="nsubj"/> <!--she -->
<feat xlink:href="#rel_946" value="prt"/> <!--up -->
<feat xlink:href="#rel_947" value="prep"/> <!--to -->
<feat xlink:href="#rel_948" value="pobj"/> <!--me -->
<feat xlink:href="#rel_949" value="prep"/> <!--during -->
<feat xlink:href="#rel_950" value="pobj"/> <!--one -->
<feat xlink:href="#rel_951" value="prep"/> <!--of -->
<feat xlink:href="#rel_952" value="det"/> <!--the -->
<feat xlink:href="#rel_953" value="pobj"/> <!--games -->
<feat xlink:href="#rel_954" value="tmod"/> <!--late -->
<feat xlink:href="#rel_955" value="prep"/> <!--in -->
<feat xlink:href="#rel_956" value="det"/> <!--the -->
<feat xlink:href="#rel_957" value="pobj"/> <!--season -->
<feat xlink:href="#rel_959" value="nsubj"/> <!--she -->
<feat xlink:href="#rel_960" value="cop"/> <!--was -->
<feat xlink:href="#rel_961" value="advmod"/> <!--so -->
<feat xlink:href="#rel_962" value="parataxis"/> <!--happy -->
<feat xlink:href="#rel_963" value="nsubj"/> <!--we -->
<feat xlink:href="#rel_964" value="aux"/> <!--were -->
<feat xlink:href="#rel_965" value="ccomp"/> <!--going -->
<feat xlink:href="#rel_966" value="prep"/> <!--to -->
<feat xlink:href="#rel_967" value="det"/> <!--the -->
<feat xlink:href="#rel_968" value="nn"/> <!--post -->
<feat xlink:href="#rel_969" value="pobj"/> <!--season -->
<feat xlink:href="#rel_971" value="prep"/> <!--By -->
<feat xlink:href="#rel_972" value="det"/> <!--that -->
<feat xlink:href="#rel_973" value="pobj"/> <!--point -->
<feat xlink:href="#rel_974" value="nsubj"/> <!--we -->
<feat xlink:href="#rel_975" value="aux"/> <!--had -->
<feat xlink:href="#rel_977" value="dobj"/> <!--it -->
<feat xlink:href="#rel_979" value="nsubj"/> <!--She -->
<feat xlink:href="#rel_981" value="iobj"/> <!--me -->
<feat xlink:href="#rel_982" value="det"/> <!--a -->
<feat xlink:href="#rel_983" value="dobj"/> <!--shirt -->
<feat xlink:href="#rel_984" value="nsubj"/> <!--she -->
<feat xlink:href="#rel_985" value="rcmod"/> <!--bought -->
<feat xlink:href="#rel_986" value="prep"/> <!--at -->
<feat xlink:href="#rel_987" value="det"/> <!--the -->
<feat xlink:href="#rel_988" value="pobj"/> <!--stadium -->
<feat xlink:href="#rel_989" value="cc"/> <!--and -->
<feat xlink:href="#rel_990" value="nsubj"/> <!--she -->
<feat xlink:href="#rel_991" value="conj"/> <!--gave -->
<feat xlink:href="#rel_992" value="iobj"/> <!--me -->
<feat xlink:href="#rel_993" value="det"/> <!--a -->
<feat xlink:href="#rel_994" value="amod"/> <!--big -->
<feat xlink:href="#rel_995" value="dobj"/> <!--hug -->
<feat xlink:href="#rel_997" value="prep"/> <!--With -->
<feat xlink:href="#rel_998" value="pobj"/> <!--tears -->
<feat xlink:href="#rel_999" value="prep"/> <!--in -->
<feat xlink:href="#rel_1000" value="poss"/> <!--her -->
<feat xlink:href="#rel_1001" value="pobj"/> <!--eyes -->
<feat xlink:href="#rel_1002" value="nsubj"/> <!--she -->
<feat xlink:href="#rel_1006" value="ccomp"/> <!--Thank -->
<feat xlink:href="#rel_1007" value="dobj"/> <!--you -->
<feat xlink:href="#rel_1009" value="nn"/> <!--Mets -->
<feat xlink:href="#rel_1010" value="appos"/> <!--Poet -->
<feat xlink:href="#rel_1012" value="appos"/> <!--thank -->
<feat xlink:href="#rel_1013" value="dobj"/> <!--you -->
<feat xlink:href="#rel_1016" value="nsubj"/> <!--It -->
<feat xlink:href="#rel_1017" value="cop"/> <!--s -->
<feat xlink:href="#rel_1020" value="nsubj"/> <!--it -->
<feat xlink:href="#rel_1021" value="parataxis"/> <!--s -->
<feat xlink:href="#rel_1022" value="prep"/> <!--like -->
<feat xlink:href="#rel_1023" value="det"/> <!--another -->
<feat xlink:href="#rel_1024" value="pobj"/> <!--family -->
<feat xlink:href="#rel_1026" value="nsubj"/> <!--Moments -->
<feat xlink:href="#rel_1027" value="prep"/> <!--like -->
<feat xlink:href="#rel_1028" value="pobj"/> <!--that -->
<feat xlink:href="#rel_1029" value="aux"/> <!--must -->
<feat xlink:href="#rel_1031" value="nsubj"/> <!--you -->
<feat xlink:href="#rel_1032" value="ccomp"/> <!--realize -->
<feat xlink:href="#rel_1033" value="nsubj"/> <!--you -->
<feat xlink:href="#rel_1034" value="aux"/> <!--have -->
<feat xlink:href="#rel_1035" value="ccomp"/> <!--touched -->
<feat xlink:href="#rel_1036" value="dobj"/> <!--people -->
<feat xlink:href="#rel_1037" value="nsubjpass"/> <!--who -->
<feat xlink:href="#rel_1038" value="auxpass"/> <!--are -->
<feat xlink:href="#rel_1039" value="neg"/> <!--n&apos;t -->
<feat xlink:href="#rel_1040" value="advmod"/> <!--normally -->
<feat xlink:href="#rel_1041" value="rcmod"/> <!--touched -->
<feat xlink:href="#rel_1042" value="prep"/> <!--by -->
<feat xlink:href="#rel_1043" value="pobj"/> <!--poetry -->
<feat xlink:href="#rel_1045" value="nsubj"/> <!--It -->
<feat xlink:href="#rel_1046" value="aux"/> <!--s -->
<feat xlink:href="#rel_1048" value="prt"/> <!--up -->
<feat xlink:href="#rel_1049" value="det"/> <!--a -->
<feat xlink:href="#rel_1050" value="amod"/> <!--new -->
<feat xlink:href="#rel_1051" value="nn"/> <!--fan -->
<feat xlink:href="#rel_1052" value="dobj"/> <!--base -->
<feat xlink:href="#rel_1054" value="advmod"/> <!--so -->
<feat xlink:href="#rel_1055" value="aux"/> <!--to -->
<feat xlink:href="#rel_1056" value="advmod"/> <!--speak -->
<feat xlink:href="#rel_1058" value="prep"/> <!--For -->
<feat xlink:href="#rel_1059" value="det"/> <!--the -->
<feat xlink:href="#rel_1060" value="amod"/> <!--last -->
<feat xlink:href="#rel_1061" value="pobj"/> <!--year -->
<feat xlink:href="#rel_1062" value="nsubj"/> <!--SNY -->
<feat xlink:href="#rel_1063" value="aux"/> <!--has -->
<feat xlink:href="#rel_1065" value="dobj"/> <!--footage -->
<feat xlink:href="#rel_1066" value="prep"/> <!--of -->
<feat xlink:href="#rel_1067" value="pobj"/> <!--me -->
<feat xlink:href="#rel_1068" value="prep"/> <!--with -->
<feat xlink:href="#rel_1069" value="poss"/> <!--my -->
<feat xlink:href="#rel_1070" value="pobj"/> <!--poems -->
<feat xlink:href="#rel_1072" value="cc"/> <!--so -->
<feat xlink:href="#rel_1073" value="predet"/> <!--quite -->
<feat xlink:href="#rel_1074" value="det"/> <!--a -->
<feat xlink:href="#rel_1075" value="amod"/> <!--few -->
<feat xlink:href="#rel_1076" value="nsubj"/> <!--fans -->
<feat xlink:href="#rel_1077" value="conj"/> <!--known -->
<feat xlink:href="#rel_1078" value="prep"/> <!--about -->
<feat xlink:href="#rel_1079" value="det"/> <!--the -->
<feat xlink:href="#rel_1081" value="nn"/> <!--Mets -->
<feat xlink:href="#rel_1082" value="pobj"/> <!--Poet -->
<feat xlink:href="#rel_1085" value="nsubj"/> <!--I -->
<feat xlink:href="#rel_1086" value="aux"/> <!--have -->
<feat xlink:href="#rel_1087" value="neg"/> <!--never -->
<feat xlink:href="#rel_1089" value="iobj"/> <!--myself -->
<feat xlink:href="#rel_1090" value="dobj"/> <!--that -->
<feat xlink:href="#rel_1092" value="prep"/> <!--by -->
<feat xlink:href="#rel_1093" value="det"/> <!--the -->
<feat xlink:href="#rel_1094" value="pobj"/> <!--way -->
<feat xlink:href="#rel_1096" value="det"/> <!--The -->
<feat xlink:href="#rel_1097" value="nsubj"/> <!--back -->
<feat xlink:href="#rel_1098" value="prep"/> <!--of -->
<feat xlink:href="#rel_1099" value="poss"/> <!--my -->
<feat xlink:href="#rel_1100" value="pobj"/> <!--jersey -->
<feat xlink:href="#rel_1103" value="nn"/> <!--The -->
<feat xlink:href="#rel_1104" value="dobj"/> <!--Poet -->
<feat xlink:href="#rel_1106" value="mark"/> <!--because -->
<feat xlink:href="#rel_1107" value="advcl"/> <!--growing -->
<feat xlink:href="#rel_1108" value="prt"/> <!--up -->
<feat xlink:href="#rel_1109" value="nsubj"/> <!--that -->
<feat xlink:href="#rel_1110" value="cop"/> <!--was -->
<feat xlink:href="#rel_1111" value="poss"/> <!--my -->
<feat xlink:href="#rel_1112" value="advcl"/> <!--nickname -->
<feat xlink:href="#rel_1114" value="poss"/> <!--My -->
<feat xlink:href="#rel_1115" value="nsubj"/> <!--brother -->
<feat xlink:href="#rel_1116" value="cop"/> <!--was -->
<feat xlink:href="#rel_1117" value="det"/> <!--a -->
<feat xlink:href="#rel_1119" value="cc"/> <!--and -->
<feat xlink:href="#rel_1120" value="nsubj"/> <!--they -->
<feat xlink:href="#rel_1121" value="conj"/> <!--used -->
<feat xlink:href="#rel_1122" value="aux"/> <!--to -->
<feat xlink:href="#rel_1123" value="xcomp"/> <!--call -->
<feat xlink:href="#rel_1124" value="iobj"/> <!--him -->
<feat xlink:href="#rel_1125" value="nn"/> <!--The -->
<feat xlink:href="#rel_1126" value="dobj"/> <!--Birdman -->
<feat xlink:href="#rel_1128" value="appos"/> <!--Birdie -->
<feat xlink:href="#rel_1130" value="cc"/> <!--and -->
<feat xlink:href="#rel_1131" value="nsubj"/> <!--they -->
<feat xlink:href="#rel_1132" value="conj"/> <!--called -->
<feat xlink:href="#rel_1133" value="iobj"/> <!--me -->
<feat xlink:href="#rel_1134" value="nn"/> <!--The -->
<feat xlink:href="#rel_1135" value="dobj"/> <!--Poet -->
<feat xlink:href="#rel_1137" value="nsubj"/> <!--It -->
<feat xlink:href="#rel_1138" value="cop"/> <!--was -->
<feat xlink:href="#rel_1139" value="det"/> <!--a -->
<feat xlink:href="#rel_1140" value="amod"/> <!--natural -->
<feat xlink:href="#rel_1143" value="cc"/> <!--but -->
<feat xlink:href="#rel_1144" value="nsubj"/> <!--I -->
<feat xlink:href="#rel_1145" value="neg"/> <!--never -->
<feat xlink:href="#rel_1146" value="conj"/> <!--coined -->
<feat xlink:href="#rel_1147" value="dobj"/> <!--myself -->
<feat xlink:href="#rel_1148" value="prep"/> <!--as -->
<feat xlink:href="#rel_1150" value="nn"/> <!--The -->
<feat xlink:href="#rel_1151" value="nn"/> <!--Mets -->
<feat xlink:href="#rel_1152" value="pobj"/> <!--Poet -->
</featList>
</paula>
