<?xml version="1.0" encoding="UTF-8" standalone="no"?>
<!DOCTYPE paula SYSTEM "paula_struct.dtd">

<paula version="1.0">
 <header paula_id="GUM.GUM_interview_messina.annoSet" />
 <structList xmlns:xlink="http://www.w3.org/1999/xlink" type="annoSet">
  <struct id="anno_1">
   <rel id="rel_1" xlink:href="GUM.GUM_interview_messina.text.xml" />
   <rel id="rel_2" xlink:href="GUM.GUM_interview_messina.tok.xml" />
   <rel id="rel_3" xlink:href="tei.GUM.GUM_interview_messina.headSeg_head.xml" />
   <rel id="rel_4" xlink:href="tei.GUM.GUM_interview_messina.headSeg.xml" />
   <rel id="rel_5" xlink:href="tei.GUM.GUM_interview_messina.sSeg_s.xml" />
   <rel id="rel_6" xlink:href="tei.GUM.GUM_interview_messina.sSeg.xml" />
   <rel id="rel_7" xlink:href="GUM.GUM_interview_messina.tok_pos.xml" />
   <rel id="rel_8" xlink:href="GUM.GUM_interview_messina.tok_lemma.xml" />
   <rel id="rel_9" xlink:href="tei.GUM.GUM_interview_messina.dateSeg_date.xml" />
   <rel id="rel_10" xlink:href="tei.GUM.GUM_interview_messina.dateSeg.xml" />
   <rel id="rel_11" xlink:href="tei.GUM.GUM_interview_messina.dateSeg_date_when.xml" />
   <rel id="rel_12" xlink:href="tei.GUM.GUM_interview_messina.dateSeg_date_rend.xml" />
   <rel id="rel_13" xlink:href="tei.GUM.GUM_interview_messina.captionSeg_caption.xml" />
   <rel id="rel_14" xlink:href="tei.GUM.GUM_interview_messina.captionSeg.xml" />
   <rel id="rel_15" xlink:href="tei.GUM.GUM_interview_messina.sp_whoSeg_sp_who.xml" />
   <rel id="rel_16" xlink:href="tei.GUM.GUM_interview_messina.sp_whoSeg.xml" />
   <rel id="rel_17" xlink:href="tei.GUM.GUM_interview_messina.pSeg_p.xml" />
   <rel id="rel_18" xlink:href="tei.GUM.GUM_interview_messina.pSeg.xml" />
   <rel id="rel_19" xlink:href="tei.GUM.GUM_interview_messina.pSeg_p_rend.xml" />
   <rel id="rel_20" xlink:href="tei.GUM.GUM_interview_messina.hi_rendSeg_hi_rend.xml" />
   <rel id="rel_21" xlink:href="tei.GUM.GUM_interview_messina.hi_rendSeg.xml" />
   <rel id="rel_22" xlink:href="tei.GUM.GUM_interview_messina.refSeg_ref.xml" />
   <rel id="rel_23" xlink:href="tei.GUM.GUM_interview_messina.refSeg.xml" />
   <rel id="rel_24" xlink:href="tei.GUM.GUM_interview_messina.sicSeg_sic.xml" />
   <rel id="rel_25" xlink:href="tei.GUM.GUM_interview_messina.sicSeg.xml" />
   <rel id="rel_26" xlink:href="tei.GUM.GUM_interview_messina.lg_typeSeg_lg_type.xml" />
   <rel id="rel_27" xlink:href="tei.GUM.GUM_interview_messina.lg_typeSeg.xml" />
   <rel id="rel_28" xlink:href="tei.GUM.GUM_interview_messina.lg_nSeg_lg_n.xml" />
   <rel id="rel_29" xlink:href="tei.GUM.GUM_interview_messina.lg_nSeg.xml" />
   <rel id="rel_30" xlink:href="tei.GUM.GUM_interview_messina.l_nSeg_l_n.xml" />
   <rel id="rel_31" xlink:href="tei.GUM.GUM_interview_messina.l_nSeg.xml" />
   <rel id="rel_32" xlink:href="dep.GUM.GUM_interview_messina.dep.xml" />
   <rel id="rel_33" xlink:href="dep.GUM.GUM_interview_messina.dep_func.xml" />
   <rel id="rel_34" xlink:href="GUM.GUM_interview_messina.tok_claws5.xml" />
   <rel id="rel_35" xlink:href="const.GUM.GUM_interview_messina.catConst_cat.xml" />
   <rel id="rel_36" xlink:href="const.GUM.GUM_interview_messina.catConst.xml" />
   <rel id="rel_37" xlink:href="const.GUM.GUM_interview_messina.catConst_func.xml" />
  </struct>
 </structList>
</paula>