<?xml version="1.0" encoding="UTF-8" standalone="no"?>

<!DOCTYPE paula SYSTEM "paula_feat.dtd">
<paula version="1.0">

<header paula_id="GUM.GUM_interview_messina_lemma"/>

<featList xmlns:xlink="http://www.w3.org/1999/xlink" type="lemma" xml:base="GUM.GUM_interview_messina.tok.xml">
<feat xlink:href="#tok_1" value="Frank"/><!-- Frank...“ -->
<feat xlink:href="#tok_2" value="Messina"/><!-- Frank...“ -->
<feat xlink:href="#tok_3" value=":"/><!-- Frank...“ -->
<feat xlink:href="#tok_4" value="an"/><!-- Frank...“ -->
<feat xlink:href="#tok_5" value="interview"/><!-- Frank...“ -->
<feat xlink:href="#tok_6" value="with"/><!-- Frank...“ -->
<feat xlink:href="#tok_7" value="the"/><!-- Frank...“ -->
<feat xlink:href="#tok_8" value="“"/><!-- Frank...“ -->
<feat xlink:href="#tok_9" value="Met"/><!-- Frank...“ -->
<feat xlink:href="#tok_10" value="Poet"/><!-- Frank...“ -->
<feat xlink:href="#tok_11" value="“"/><!-- Frank...“ -->
<feat xlink:href="#tok_12" value="Wednesday"/><!-- Wednesday...2007 -->
<feat xlink:href="#tok_13" value=","/><!-- Wednesday...2007 -->
<feat xlink:href="#tok_14" value="October"/><!-- Wednesday...2007 -->
<feat xlink:href="#tok_15" value="3"/><!-- Wednesday...2007 -->
<feat xlink:href="#tok_16" value=","/><!-- Wednesday...2007 -->
<feat xlink:href="#tok_17" value="@card@"/><!-- Wednesday...2007 -->
<feat xlink:href="#tok_18" value="you"/><!-- You.... -->
<feat xlink:href="#tok_19" value="have"/><!-- You.... -->
<feat xlink:href="#tok_20" value="receive"/><!-- You.... -->
<feat xlink:href="#tok_21" value="a"/><!-- You.... -->
<feat xlink:href="#tok_22" value="good"/><!-- You.... -->
<feat xlink:href="#tok_23" value="deal"/><!-- You.... -->
<feat xlink:href="#tok_24" value="of"/><!-- You.... -->
<feat xlink:href="#tok_25" value="attention"/><!-- You.... -->
<feat xlink:href="#tok_26" value="recently"/><!-- You.... -->
<feat xlink:href="#tok_27" value="."/><!-- You.... -->
<feat xlink:href="#tok_28" value="even"/><!-- Even.... -->
<feat xlink:href="#tok_29" value="though"/><!-- Even.... -->
<feat xlink:href="#tok_30" value="I"/><!-- Even.... -->
<feat xlink:href="#tok_31" value="be"/><!-- Even.... -->
<feat xlink:href="#tok_32" value="not"/><!-- Even.... -->
<feat xlink:href="#tok_33" value="Michael"/><!-- Even.... -->
<feat xlink:href="#tok_34" value="Jackson"/><!-- Even.... -->
<feat xlink:href="#tok_35" value="or"/><!-- Even.... -->
<feat xlink:href="#tok_36" value="somebody"/><!-- Even.... -->
<feat xlink:href="#tok_37" value=","/><!-- Even.... -->
<feat xlink:href="#tok_38" value="when"/><!-- Even.... -->
<feat xlink:href="#tok_39" value="people"/><!-- Even.... -->
<feat xlink:href="#tok_40" value="come"/><!-- Even.... -->
<feat xlink:href="#tok_41" value="up"/><!-- Even.... -->
<feat xlink:href="#tok_42" value="to"/><!-- Even.... -->
<feat xlink:href="#tok_43" value="me"/><!-- Even.... -->
<feat xlink:href="#tok_44" value="and"/><!-- Even.... -->
<feat xlink:href="#tok_45" value="introduce"/><!-- Even.... -->
<feat xlink:href="#tok_46" value="themselves"/><!-- Even.... -->
<feat xlink:href="#tok_47" value="and"/><!-- Even.... -->
<feat xlink:href="#tok_48" value="say"/><!-- Even.... -->
<feat xlink:href="#tok_49" value=","/><!-- Even.... -->
<feat xlink:href="#tok_50" value="&quot;"/><!-- Even.... -->
<feat xlink:href="#tok_51" value="Hey"/><!-- Even.... -->
<feat xlink:href="#tok_52" value="Frank"/><!-- Even.... -->
<feat xlink:href="#tok_53" value=","/><!-- Even.... -->
<feat xlink:href="#tok_54" value="my"/><!-- Even.... -->
<feat xlink:href="#tok_55" value="name"/><!-- Even.... -->
<feat xlink:href="#tok_56" value="be"/><!-- Even.... -->
<feat xlink:href="#tok_57" value="John"/><!-- Even.... -->
<feat xlink:href="#tok_58" value=","/><!-- Even.... -->
<feat xlink:href="#tok_59" value="&apos;&quot;"/><!-- Even.... -->
<feat xlink:href="#tok_60" value="I"/><!-- Even.... -->
<feat xlink:href="#tok_61" value="say"/><!-- Even.... -->
<feat xlink:href="#tok_62" value=","/><!-- Even.... -->
<feat xlink:href="#tok_63" value="&quot;"/><!-- Even.... -->
<feat xlink:href="#tok_64" value="Hey"/><!-- Even.... -->
<feat xlink:href="#tok_65" value="John"/><!-- Even.... -->
<feat xlink:href="#tok_66" value=","/><!-- Even.... -->
<feat xlink:href="#tok_67" value="my"/><!-- Even.... -->
<feat xlink:href="#tok_68" value="name"/><!-- Even.... -->
<feat xlink:href="#tok_69" value="be"/><!-- Even.... -->
<feat xlink:href="#tok_70" value="Frank"/><!-- Even.... -->
<feat xlink:href="#tok_71" value="&apos;&apos;"/><!-- Even.... -->
<feat xlink:href="#tok_72" value="and"/><!-- Even.... -->
<feat xlink:href="#tok_73" value="they"/><!-- Even.... -->
<feat xlink:href="#tok_74" value="laugh"/><!-- Even.... -->
<feat xlink:href="#tok_75" value="."/><!-- Even.... -->
<feat xlink:href="#tok_76" value="it"/><!-- It.... -->
<feat xlink:href="#tok_77" value="be"/><!-- It.... -->
<feat xlink:href="#tok_78" value="a"/><!-- It.... -->
<feat xlink:href="#tok_79" value="funny"/><!-- It.... -->
<feat xlink:href="#tok_80" value="phenomenon"/><!-- It.... -->
<feat xlink:href="#tok_81" value="."/><!-- It.... -->
<feat xlink:href="#tok_82" value="What"/><!-- What...? -->
<feat xlink:href="#tok_83" value="go"/><!-- What...? -->
<feat xlink:href="#tok_84" value="through"/><!-- What...? -->
<feat xlink:href="#tok_85" value="your"/><!-- What...? -->
<feat xlink:href="#tok_86" value="head"/><!-- What...? -->
<feat xlink:href="#tok_87" value="when"/><!-- What...? -->
<feat xlink:href="#tok_88" value="that"/><!-- What...? -->
<feat xlink:href="#tok_89" value="happen"/><!-- What...? -->
<feat xlink:href="#tok_90" value="?"/><!-- What...? -->
<feat xlink:href="#tok_91" value="I"/><!-- I.... -->
<feat xlink:href="#tok_92" value="understand"/><!-- I...&quot; -->
<feat xlink:href="#tok_93" value="it"/><!-- I...&quot; -->
<feat xlink:href="#tok_94" value="."/><!-- I...&quot; -->
<feat xlink:href="#tok_95" value="I"/><!-- I.... -->
<feat xlink:href="#tok_96" value="have"/><!-- I.... -->
<feat xlink:href="#tok_97" value="go"/><!-- I.... -->
<feat xlink:href="#tok_98" value="to"/><!-- I.... -->
<feat xlink:href="#tok_99" value="reading"/><!-- I.... -->
<feat xlink:href="#tok_100" value="and"/><!-- I.... -->
<feat xlink:href="#tok_101" value="concert"/><!-- I.... -->
<feat xlink:href="#tok_102" value="."/><!-- I.... -->
<feat xlink:href="#tok_103" value="I"/><!-- I.... -->
<feat xlink:href="#tok_104" value="look"/><!-- I.... -->
<feat xlink:href="#tok_105" value="at"/><!-- I.... -->
<feat xlink:href="#tok_106" value="it"/><!-- I.... -->
<feat xlink:href="#tok_107" value="as"/><!-- I.... -->
<feat xlink:href="#tok_108" value="human"/><!-- I.... -->
<feat xlink:href="#tok_109" value="interaction"/><!-- I.... -->
<feat xlink:href="#tok_110" value="."/><!-- I.... -->
<feat xlink:href="#tok_111" value="over"/><!-- Over.... -->
<feat xlink:href="#tok_112" value="the"/><!-- Over.... -->
<feat xlink:href="#tok_113" value="year"/><!-- Over.... -->
<feat xlink:href="#tok_114" value="I"/><!-- Over.... -->
<feat xlink:href="#tok_115" value="have"/><!-- Over.... -->
<feat xlink:href="#tok_116" value="perform"/><!-- Over.... -->
<feat xlink:href="#tok_117" value="in"/><!-- Over.... -->
<feat xlink:href="#tok_118" value="@card@"/><!-- Over.... -->
<feat xlink:href="#tok_119" value="country"/><!-- Over.... -->
<feat xlink:href="#tok_120" value="and"/><!-- Over.... -->
<feat xlink:href="#tok_121" value="@card@"/><!-- Over.... -->
<feat xlink:href="#tok_122" value="state"/><!-- Over.... -->
<feat xlink:href="#tok_123" value="."/><!-- Over.... -->
<feat xlink:href="#tok_124" value="I"/><!-- I.... -->
<feat xlink:href="#tok_125" value="have"/><!-- I.... -->
<feat xlink:href="#tok_126" value="be"/><!-- I.... -->
<feat xlink:href="#tok_127" value="do"/><!-- I.... -->
<feat xlink:href="#tok_128" value="this"/><!-- I.... -->
<feat xlink:href="#tok_129" value="professionally"/><!-- I.... -->
<feat xlink:href="#tok_130" value="since"/><!-- I.... -->
<feat xlink:href="#tok_131" value="I"/><!-- I.... -->
<feat xlink:href="#tok_132" value="be"/><!-- I.... -->
<feat xlink:href="#tok_133" value="in"/><!-- I.... -->
<feat xlink:href="#tok_134" value="my"/><!-- I.... -->
<feat xlink:href="#tok_135" value="twenty"/><!-- I.... -->
<feat xlink:href="#tok_136" value=","/><!-- I.... -->
<feat xlink:href="#tok_137" value="and"/><!-- I.... -->
<feat xlink:href="#tok_138" value="before"/><!-- I.... -->
<feat xlink:href="#tok_139" value="that"/><!-- I.... -->
<feat xlink:href="#tok_140" value="since"/><!-- I.... -->
<feat xlink:href="#tok_141" value="I"/><!-- I.... -->
<feat xlink:href="#tok_142" value="be"/><!-- I.... -->
<feat xlink:href="#tok_143" value="sixteen"/><!-- I.... -->
<feat xlink:href="#tok_144" value="do"/><!-- I.... -->
<feat xlink:href="#tok_145" value="little"/><!-- I.... -->
<feat xlink:href="#tok_146" value="tidbit"/><!-- I.... -->
<feat xlink:href="#tok_147" value="poetry"/><!-- I.... -->
<feat xlink:href="#tok_148" value="reading"/><!-- I.... -->
<feat xlink:href="#tok_149" value="in"/><!-- I.... -->
<feat xlink:href="#tok_150" value="coffeehouse"/><!-- I.... -->
<feat xlink:href="#tok_151" value="."/><!-- I.... -->
<feat xlink:href="#tok_152" value="the"/><!-- The.... -->
<feat xlink:href="#tok_153" value="band"/><!-- The.... -->
<feat xlink:href="#tok_154" value="I"/><!-- The.... -->
<feat xlink:href="#tok_155" value="start"/><!-- The.... -->
<feat xlink:href="#tok_156" value="in"/><!-- The.... -->
<feat xlink:href="#tok_157" value="@card@"/><!-- The.... -->
<feat xlink:href="#tok_158" value=","/><!-- The.... -->
<feat xlink:href="#tok_159" value="speak"/><!-- The.... -->
<feat xlink:href="#tok_160" value="Motion"/><!-- The.... -->
<feat xlink:href="#tok_161" value=","/><!-- The.... -->
<feat xlink:href="#tok_162" value="receive"/><!-- The.... -->
<feat xlink:href="#tok_163" value="a"/><!-- The.... -->
<feat xlink:href="#tok_164" value="lot"/><!-- The.... -->
<feat xlink:href="#tok_165" value="of"/><!-- The.... -->
<feat xlink:href="#tok_166" value="recognition"/><!-- The.... -->
<feat xlink:href="#tok_167" value="as"/><!-- The.... -->
<feat xlink:href="#tok_168" value="a"/><!-- The.... -->
<feat xlink:href="#tok_169" value="speak"/><!-- The.... -->
<feat xlink:href="#tok_170" value="word"/><!-- The.... -->
<feat xlink:href="#tok_171" value="band"/><!-- The.... -->
<feat xlink:href="#tok_172" value="bear"/><!-- The.... -->
<feat xlink:href="#tok_173" value="out"/><!-- The.... -->
<feat xlink:href="#tok_174" value="of"/><!-- The.... -->
<feat xlink:href="#tok_175" value="the"/><!-- The.... -->
<feat xlink:href="#tok_176" value="New"/><!-- The.... -->
<feat xlink:href="#tok_177" value="York"/><!-- The.... -->
<feat xlink:href="#tok_178" value="speak"/><!-- The.... -->
<feat xlink:href="#tok_179" value="word"/><!-- The.... -->
<feat xlink:href="#tok_180" value="scene"/><!-- The.... -->
<feat xlink:href="#tok_181" value="."/><!-- The.... -->
<feat xlink:href="#tok_182" value="I"/><!-- I.... -->
<feat xlink:href="#tok_183" value="work"/><!-- I.... -->
<feat xlink:href="#tok_184" value="with"/><!-- I.... -->
<feat xlink:href="#tok_185" value="some"/><!-- I.... -->
<feat xlink:href="#tok_186" value="great"/><!-- I.... -->
<feat xlink:href="#tok_187" value="musician"/><!-- I.... -->
<feat xlink:href="#tok_188" value="and"/><!-- I.... -->
<feat xlink:href="#tok_189" value="perform"/><!-- I.... -->
<feat xlink:href="#tok_190" value="around"/><!-- I.... -->
<feat xlink:href="#tok_191" value="the"/><!-- I.... -->
<feat xlink:href="#tok_192" value="world"/><!-- I.... -->
<feat xlink:href="#tok_193" value="."/><!-- I.... -->
<feat xlink:href="#tok_194" value="I"/><!-- I.... -->
<feat xlink:href="#tok_195" value="remember"/><!-- I.... -->
<feat xlink:href="#tok_196" value="sign"/><!-- I.... -->
<feat xlink:href="#tok_197" value="my"/><!-- I.... -->
<feat xlink:href="#tok_198" value="first"/><!-- I.... -->
<feat xlink:href="#tok_199" value="autograph"/><!-- I.... -->
<feat xlink:href="#tok_200" value="to"/><!-- I.... -->
<feat xlink:href="#tok_201" value="a"/><!-- I.... -->
<feat xlink:href="#tok_202" value="kid"/><!-- I.... -->
<feat xlink:href="#tok_203" value="when"/><!-- I.... -->
<feat xlink:href="#tok_204" value="I"/><!-- I.... -->
<feat xlink:href="#tok_205" value="be"/><!-- I.... -->
<feat xlink:href="#tok_206" value="@card@"/><!-- I.... -->
<feat xlink:href="#tok_207" value="year"/><!-- I.... -->
<feat xlink:href="#tok_208" value="old"/><!-- I.... -->
<feat xlink:href="#tok_209" value="."/><!-- I.... -->
<feat xlink:href="#tok_210" value="as"/><!-- As.... -->
<feat xlink:href="#tok_211" value="time"/><!-- As.... -->
<feat xlink:href="#tok_212" value="go"/><!-- As.... -->
<feat xlink:href="#tok_213" value="on"/><!-- As.... -->
<feat xlink:href="#tok_214" value=","/><!-- As.... -->
<feat xlink:href="#tok_215" value="I"/><!-- As.... -->
<feat xlink:href="#tok_216" value="come"/><!-- As.... -->
<feat xlink:href="#tok_217" value="out"/><!-- As.... -->
<feat xlink:href="#tok_218" value="with"/><!-- As.... -->
<feat xlink:href="#tok_219" value="book"/><!-- As.... -->
<feat xlink:href="#tok_220" value="and"/><!-- As.... -->
<feat xlink:href="#tok_221" value="CD"/><!-- As.... -->
<feat xlink:href="#tok_222" value=","/><!-- As.... -->
<feat xlink:href="#tok_223" value="and"/><!-- As.... -->
<feat xlink:href="#tok_224" value="I"/><!-- As.... -->
<feat xlink:href="#tok_225" value="become"/><!-- As.... -->
<feat xlink:href="#tok_226" value="use"/><!-- As.... -->
<feat xlink:href="#tok_227" value="to"/><!-- As.... -->
<feat xlink:href="#tok_228" value="that"/><!-- As.... -->
<feat xlink:href="#tok_229" value="kind"/><!-- As.... -->
<feat xlink:href="#tok_230" value="of"/><!-- As.... -->
<feat xlink:href="#tok_231" value="thing"/><!-- As.... -->
<feat xlink:href="#tok_232" value="."/><!-- As.... -->
<feat xlink:href="#tok_233" value="To"/><!-- To.... -->
<feat xlink:href="#tok_234" value="me"/><!-- To.... -->
<feat xlink:href="#tok_235" value=","/><!-- To.... -->
<feat xlink:href="#tok_236" value="the"/><!-- To.... -->
<feat xlink:href="#tok_237" value="ultimate"/><!-- To.... -->
<feat xlink:href="#tok_238" value="feeling"/><!-- To.... -->
<feat xlink:href="#tok_239" value="of"/><!-- To.... -->
<feat xlink:href="#tok_240" value="success"/><!-- To.... -->
<feat xlink:href="#tok_241" value="as"/><!-- To.... -->
<feat xlink:href="#tok_242" value="an"/><!-- To.... -->
<feat xlink:href="#tok_243" value="artist"/><!-- To.... -->
<feat xlink:href="#tok_244" value=","/><!-- To.... -->
<feat xlink:href="#tok_245" value="be"/><!-- To.... -->
<feat xlink:href="#tok_246" value="to"/><!-- To.... -->
<feat xlink:href="#tok_247" value="move"/><!-- To.... -->
<feat xlink:href="#tok_248" value="somebody"/><!-- To.... -->
<feat xlink:href="#tok_249" value="enough"/><!-- To.... -->
<feat xlink:href="#tok_250" value="where"/><!-- To.... -->
<feat xlink:href="#tok_251" value="they"/><!-- To.... -->
<feat xlink:href="#tok_252" value="thank"/><!-- To.... -->
<feat xlink:href="#tok_253" value="you"/><!-- To.... -->
<feat xlink:href="#tok_254" value="."/><!-- To.... -->
<feat xlink:href="#tok_255" value="when"/><!-- When...&quot; -->
<feat xlink:href="#tok_256" value="someone"/><!-- When...&quot; -->
<feat xlink:href="#tok_257" value="come"/><!-- When...&quot; -->
<feat xlink:href="#tok_258" value="up"/><!-- When...&quot; -->
<feat xlink:href="#tok_259" value="and"/><!-- When...&quot; -->
<feat xlink:href="#tok_260" value="say"/><!-- When...&quot; -->
<feat xlink:href="#tok_261" value=","/><!-- When...&quot; -->
<feat xlink:href="#tok_262" value="&apos;"/><!-- When...&quot; -->
<feat xlink:href="#tok_263" value="Frank"/><!-- When...&quot; -->
<feat xlink:href="#tok_264" value=","/><!-- When...&quot; -->
<feat xlink:href="#tok_265" value="thank"/><!-- When...&quot; -->
<feat xlink:href="#tok_266" value="you"/><!-- When...&quot; -->
<feat xlink:href="#tok_267" value=","/><!-- When...&quot; -->
<feat xlink:href="#tok_268" value="your"/><!-- When...&quot; -->
<feat xlink:href="#tok_269" value="work"/><!-- When...&quot; -->
<feat xlink:href="#tok_270" value="be"/><!-- When...&quot; -->
<feat xlink:href="#tok_271" value="great"/><!-- When...&quot; -->
<feat xlink:href="#tok_272" value="."/><!-- When...&quot; -->
<feat xlink:href="#tok_273" value="&quot;"/><!-- When...&quot; -->
<feat xlink:href="#tok_274" value="you"/><!-- You.... -->
<feat xlink:href="#tok_275" value="have"/><!-- You...? -->
<feat xlink:href="#tok_276" value="a"/><!-- You...? -->
<feat xlink:href="#tok_277" value="long"/><!-- You...? -->
<feat xlink:href="#tok_278" value="career"/><!-- You...? -->
<feat xlink:href="#tok_279" value="in"/><!-- You...? -->
<feat xlink:href="#tok_280" value="poetry"/><!-- You...? -->
<feat xlink:href="#tok_281" value=","/><!-- You...? -->
<feat xlink:href="#tok_282" value="but"/><!-- You...? -->
<feat xlink:href="#tok_283" value="as"/><!-- You...? -->
<feat xlink:href="#tok_284" value="of"/><!-- You...? -->
<feat xlink:href="#tok_285" value="late"/><!-- You...? -->
<feat xlink:href="#tok_286" value="the"/><!-- You...? -->
<feat xlink:href="#tok_287" value="attention"/><!-- You...? -->
<feat xlink:href="#tok_288" value="you"/><!-- You...? -->
<feat xlink:href="#tok_289" value="have"/><!-- You...? -->
<feat xlink:href="#tok_290" value="garner"/><!-- You...? -->
<feat xlink:href="#tok_291" value="be"/><!-- You...? -->
<feat xlink:href="#tok_292" value="for"/><!-- You...? -->
<feat xlink:href="#tok_293" value="the"/><!-- You...? -->
<feat xlink:href="#tok_294" value="Mets-inspired"/><!-- You...? -->
<feat xlink:href="#tok_295" value="work"/><!-- You...? -->
<feat xlink:href="#tok_296" value="."/><!-- You...? -->
<feat xlink:href="#tok_297" value="How"/><!-- How...? -->
<feat xlink:href="#tok_298" value="do"/><!-- How...? -->
<feat xlink:href="#tok_299" value="you"/><!-- How...? -->
<feat xlink:href="#tok_300" value="feel"/><!-- How...? -->
<feat xlink:href="#tok_301" value="about"/><!-- How...? -->
<feat xlink:href="#tok_302" value="have"/><!-- How...? -->
<feat xlink:href="#tok_303" value="a"/><!-- How...? -->
<feat xlink:href="#tok_304" value="lot"/><!-- How...? -->
<feat xlink:href="#tok_305" value="of"/><!-- How...? -->
<feat xlink:href="#tok_306" value="your"/><!-- How...? -->
<feat xlink:href="#tok_307" value="work"/><!-- How...? -->
<feat xlink:href="#tok_308" value="overshadow"/><!-- How...? -->
<feat xlink:href="#tok_309" value="by"/><!-- How...? -->
<feat xlink:href="#tok_310" value="the"/><!-- How...? -->
<feat xlink:href="#tok_311" value="Met"/><!-- How...? -->
<feat xlink:href="#tok_312" value="work"/><!-- How...? -->
<feat xlink:href="#tok_313" value="?"/><!-- How...? -->
<feat xlink:href="#tok_314" value="it"/><!-- It.... -->
<feat xlink:href="#tok_315" value="be"/><!-- It.... -->
<feat xlink:href="#tok_316" value="ironic"/><!-- It.... -->
<feat xlink:href="#tok_317" value="."/><!-- It.... -->
<feat xlink:href="#tok_318" value="some"/><!-- Some.... -->
<feat xlink:href="#tok_319" value="of"/><!-- Some.... -->
<feat xlink:href="#tok_320" value="the"/><!-- Some.... -->
<feat xlink:href="#tok_321" value="great"/><!-- Some.... -->
<feat xlink:href="#tok_322" value="poetry"/><!-- Some.... -->
<feat xlink:href="#tok_323" value="have"/><!-- Some.... -->
<feat xlink:href="#tok_324" value="be"/><!-- Some.... -->
<feat xlink:href="#tok_325" value="bear"/><!-- Some.... -->
<feat xlink:href="#tok_326" value="out"/><!-- Some.... -->
<feat xlink:href="#tok_327" value="of"/><!-- Some.... -->
<feat xlink:href="#tok_328" value="failure"/><!-- Some.... -->
<feat xlink:href="#tok_329" value="and"/><!-- Some.... -->
<feat xlink:href="#tok_330" value="the"/><!-- Some.... -->
<feat xlink:href="#tok_331" value="depth"/><!-- Some.... -->
<feat xlink:href="#tok_332" value="of"/><!-- Some.... -->
<feat xlink:href="#tok_333" value="adversity"/><!-- Some.... -->
<feat xlink:href="#tok_334" value="in"/><!-- Some.... -->
<feat xlink:href="#tok_335" value="the"/><!-- Some.... -->
<feat xlink:href="#tok_336" value="human"/><!-- Some.... -->
<feat xlink:href="#tok_337" value="experience"/><!-- Some.... -->
<feat xlink:href="#tok_338" value="."/><!-- Some.... -->
<feat xlink:href="#tok_339" value="Walt"/><!-- Walt.... -->
<feat xlink:href="#tok_340" value="Whitman"/><!-- Walt.... -->
<feat xlink:href="#tok_341" value=","/><!-- Walt.... -->
<feat xlink:href="#tok_342" value="the"/><!-- Walt.... -->
<feat xlink:href="#tok_343" value="first"/><!-- Walt.... -->
<feat xlink:href="#tok_344" value="great"/><!-- Walt.... -->
<feat xlink:href="#tok_345" value="American"/><!-- Walt.... -->
<feat xlink:href="#tok_346" value="poet"/><!-- Walt.... -->
<feat xlink:href="#tok_347" value=","/><!-- Walt.... -->
<feat xlink:href="#tok_348" value="write"/><!-- Walt.... -->
<feat xlink:href="#tok_349" value="about"/><!-- Walt.... -->
<feat xlink:href="#tok_350" value="the"/><!-- Walt.... -->
<feat xlink:href="#tok_351" value="Civil"/><!-- Walt.... -->
<feat xlink:href="#tok_352" value="War"/><!-- Walt.... -->
<feat xlink:href="#tok_353" value="."/><!-- Walt.... -->
<feat xlink:href="#tok_354" value="he"/><!-- He.... -->
<feat xlink:href="#tok_355" value="go"/><!-- He.... -->
<feat xlink:href="#tok_356" value="look"/><!-- He.... -->
<feat xlink:href="#tok_357" value="for"/><!-- He.... -->
<feat xlink:href="#tok_358" value="his"/><!-- He.... -->
<feat xlink:href="#tok_359" value="brother"/><!-- He.... -->
<feat xlink:href="#tok_360" value=","/><!-- He.... -->
<feat xlink:href="#tok_361" value="George"/><!-- He.... -->
<feat xlink:href="#tok_362" value="Whitman"/><!-- He.... -->
<feat xlink:href="#tok_363" value=","/><!-- He.... -->
<feat xlink:href="#tok_364" value="after"/><!-- He.... -->
<feat xlink:href="#tok_365" value="he"/><!-- He.... -->
<feat xlink:href="#tok_366" value="a"/><!-- he...telegram -->
<feat xlink:href="#tok_367" value="telegram"/><!-- he...telegram -->
<feat xlink:href="#tok_368" value="tell"/><!-- he...telegram -->
<feat xlink:href="#tok_369" value="him"/><!-- he...telegram -->
<feat xlink:href="#tok_370" value="his"/><!-- he...telegram -->
<feat xlink:href="#tok_371" value="brother"/><!-- he...telegram -->
<feat xlink:href="#tok_372" value="be"/><!-- he...telegram -->
<feat xlink:href="#tok_373" value="injure"/><!-- he...telegram -->
<feat xlink:href="#tok_374" value="in"/><!-- he...telegram -->
<feat xlink:href="#tok_375" value="the"/><!-- he...telegram -->
<feat xlink:href="#tok_376" value="South"/><!-- he...telegram -->
<feat xlink:href="#tok_377" value="."/><!-- he...telegram -->
<feat xlink:href="#tok_378" value="when"/><!-- When.... -->
<feat xlink:href="#tok_379" value="he"/><!-- When.... -->
<feat xlink:href="#tok_380" value="start"/><!-- When.... -->
<feat xlink:href="#tok_381" value="out"/><!-- When.... -->
<feat xlink:href="#tok_382" value="his"/><!-- When.... -->
<feat xlink:href="#tok_383" value="poem"/><!-- When.... -->
<feat xlink:href="#tok_384" value="be"/><!-- When.... -->
<feat xlink:href="#tok_385" value="about"/><!-- When.... -->
<feat xlink:href="#tok_386" value="beat"/><!-- When.... -->
<feat xlink:href="#tok_387" value="drum"/><!-- When.... -->
<feat xlink:href="#tok_388" value=","/><!-- When.... -->
<feat xlink:href="#tok_389" value="and"/><!-- When.... -->
<feat xlink:href="#tok_390" value="blow"/><!-- When.... -->
<feat xlink:href="#tok_391" value=","/><!-- When.... -->
<feat xlink:href="#tok_392" value="bugle"/><!-- When.... -->
<feat xlink:href="#tok_393" value=","/><!-- When.... -->
<feat xlink:href="#tok_394" value="blow"/><!-- When.... -->
<feat xlink:href="#tok_395" value="."/><!-- When.... -->
<feat xlink:href="#tok_396" value="real"/><!-- Real.... -->
<feat xlink:href="#tok_397" value="patriotic"/><!-- Real.... -->
<feat xlink:href="#tok_398" value="."/><!-- Real.... -->
<feat xlink:href="#tok_399" value="then"/><!-- Then.... -->
<feat xlink:href="#tok_400" value="he"/><!-- Then.... -->
<feat xlink:href="#tok_401" value="start"/><!-- Then.... -->
<feat xlink:href="#tok_402" value="to"/><!-- Then.... -->
<feat xlink:href="#tok_403" value="see"/><!-- Then.... -->
<feat xlink:href="#tok_404" value="the"/><!-- Then.... -->
<feat xlink:href="#tok_405" value="real"/><!-- Then.... -->
<feat xlink:href="#tok_406" value="horror"/><!-- Then.... -->
<feat xlink:href="#tok_407" value="of"/><!-- Then.... -->
<feat xlink:href="#tok_408" value="war"/><!-- Then.... -->
<feat xlink:href="#tok_409" value="."/><!-- Then.... -->
<feat xlink:href="#tok_410" value="he"/><!-- He.... -->
<feat xlink:href="#tok_411" value="be"/><!-- He.... -->
<feat xlink:href="#tok_412" value="able"/><!-- He.... -->
<feat xlink:href="#tok_413" value="to"/><!-- He.... -->
<feat xlink:href="#tok_414" value="tap"/><!-- He.... -->
<feat xlink:href="#tok_415" value="into"/><!-- He.... -->
<feat xlink:href="#tok_416" value="the"/><!-- He.... -->
<feat xlink:href="#tok_417" value="human"/><!-- He.... -->
<feat xlink:href="#tok_418" value="condition"/><!-- He.... -->
<feat xlink:href="#tok_419" value="and"/><!-- He.... -->
<feat xlink:href="#tok_420" value="the"/><!-- He.... -->
<feat xlink:href="#tok_421" value="situation"/><!-- He.... -->
<feat xlink:href="#tok_422" value="at"/><!-- He.... -->
<feat xlink:href="#tok_423" value="that"/><!-- He.... -->
<feat xlink:href="#tok_424" value="time"/><!-- He.... -->
<feat xlink:href="#tok_425" value="."/><!-- He.... -->
<feat xlink:href="#tok_426" value="eventually"/><!-- Eventually.... -->
<feat xlink:href="#tok_427" value="when"/><!-- Eventually.... -->
<feat xlink:href="#tok_428" value="he"/><!-- Eventually.... -->
<feat xlink:href="#tok_429" value="find"/><!-- Eventually.... -->
<feat xlink:href="#tok_430" value="his"/><!-- Eventually.... -->
<feat xlink:href="#tok_431" value="brother"/><!-- Eventually.... -->
<feat xlink:href="#tok_432" value="he"/><!-- Eventually.... -->
<feat xlink:href="#tok_433" value="have"/><!-- Eventually.... -->
<feat xlink:href="#tok_434" value="resolution"/><!-- Eventually.... -->
<feat xlink:href="#tok_435" value="."/><!-- Eventually.... -->
<feat xlink:href="#tok_436" value="I"/><!-- I.... -->
<feat xlink:href="#tok_437" value="experience"/><!-- I.... -->
<feat xlink:href="#tok_438" value="that"/><!-- I.... -->
<feat xlink:href="#tok_439" value="kind"/><!-- I.... -->
<feat xlink:href="#tok_440" value="of"/><!-- I.... -->
<feat xlink:href="#tok_441" value="adversity"/><!-- I.... -->
<feat xlink:href="#tok_442" value="during"/><!-- I.... -->
<feat xlink:href="#tok_443" value="@card@"/><!-- I.... -->
<feat xlink:href="#tok_444" value="be"/><!-- 9/11 -->
<feat xlink:href="#tok_445" value="a"/><!-- 9/11 -->
<feat xlink:href="#tok_446" value="civilian"/><!-- 9/11 -->
<feat xlink:href="#tok_447" value="volunteer"/><!-- 9/11 -->
<feat xlink:href="#tok_448" value="."/><!-- 9/11 -->
<feat xlink:href="#tok_449" value="I"/><!-- I.... -->
<feat xlink:href="#tok_450" value="load"/><!-- I.... -->
<feat xlink:href="#tok_451" value="ferry"/><!-- I.... -->
<feat xlink:href="#tok_452" value="boat"/><!-- I.... -->
<feat xlink:href="#tok_453" value="in"/><!-- I.... -->
<feat xlink:href="#tok_454" value="Jersey"/><!-- I.... -->
<feat xlink:href="#tok_455" value="City"/><!-- I.... -->
<feat xlink:href="#tok_456" value="across"/><!-- I.... -->
<feat xlink:href="#tok_457" value="the"/><!-- I.... -->
<feat xlink:href="#tok_458" value="river"/><!-- I.... -->
<feat xlink:href="#tok_459" value="to"/><!-- I.... -->
<feat xlink:href="#tok_460" value="deliver"/><!-- I.... -->
<feat xlink:href="#tok_461" value="good"/><!-- I.... -->
<feat xlink:href="#tok_462" value="to"/><!-- I.... -->
<feat xlink:href="#tok_463" value="Ground"/><!-- I.... -->
<feat xlink:href="#tok_464" value="Zero"/><!-- Ground...Zero -->
<feat xlink:href="#tok_465" value="."/><!-- Ground...Zero -->
<feat xlink:href="#tok_466" value="I"/><!-- I.... -->
<feat xlink:href="#tok_467" value="turn"/><!-- I.... -->
<feat xlink:href="#tok_468" value="to"/><!-- I.... -->
<feat xlink:href="#tok_469" value="Whitman"/><!-- I.... -->
<feat xlink:href="#tok_470" value="to"/><!-- I.... -->
<feat xlink:href="#tok_471" value="find"/><!-- I.... -->
<feat xlink:href="#tok_472" value="some"/><!-- I.... -->
<feat xlink:href="#tok_473" value="understanding"/><!-- I.... -->
<feat xlink:href="#tok_474" value="of"/><!-- I.... -->
<feat xlink:href="#tok_475" value="what"/><!-- I.... -->
<feat xlink:href="#tok_476" value="be"/><!-- I.... -->
<feat xlink:href="#tok_477" value="happen"/><!-- I.... -->
<feat xlink:href="#tok_478" value="in"/><!-- I.... -->
<feat xlink:href="#tok_479" value="the"/><!-- I.... -->
<feat xlink:href="#tok_480" value="world"/><!-- I.... -->
<feat xlink:href="#tok_481" value="right"/><!-- I.... -->
<feat xlink:href="#tok_482" value="now"/><!-- I.... -->
<feat xlink:href="#tok_483" value="."/><!-- I.... -->
<feat xlink:href="#tok_484" value="when"/><!-- When.... -->
<feat xlink:href="#tok_485" value="I"/><!-- When.... -->
<feat xlink:href="#tok_486" value="write"/><!-- When.... -->
<feat xlink:href="#tok_487" value="my"/><!-- When.... -->
<feat xlink:href="#tok_488" value="9/11-related"/><!-- When.... -->
<feat xlink:href="#tok_489" value="poem"/><!-- When.... -->
<feat xlink:href="#tok_490" value=","/><!-- When.... -->
<feat xlink:href="#tok_491" value="that"/><!-- When.... -->
<feat xlink:href="#tok_492" value="be"/><!-- When.... -->
<feat xlink:href="#tok_493" value="-1"/><!-- When.... -->
<feat xlink:href="#tok_494" value="adversity"/><!-- When.... -->
<feat xlink:href="#tok_495" value="."/><!-- When.... -->
<feat xlink:href="#tok_496" value="I"/><!-- I.... -->
<feat xlink:href="#tok_497" value="realize"/><!-- I.... -->
<feat xlink:href="#tok_498" value="baseball"/><!-- I.... -->
<feat xlink:href="#tok_499" value="be"/><!-- I.... -->
<feat xlink:href="#tok_500" value="just"/><!-- I.... -->
<feat xlink:href="#tok_501" value="a"/><!-- I.... -->
<feat xlink:href="#tok_502" value="game"/><!-- I.... -->
<feat xlink:href="#tok_503" value="."/><!-- I.... -->
<feat xlink:href="#tok_504" value="Can"/><!-- Can...? -->
<feat xlink:href="#tok_505" value="you"/><!-- Can...? -->
<feat xlink:href="#tok_506" value="recite"/><!-- Can...? -->
<feat xlink:href="#tok_507" value="a"/><!-- Can...? -->
<feat xlink:href="#tok_508" value="stanza"/><!-- Can...? -->
<feat xlink:href="#tok_509" value="that"/><!-- Can...? -->
<feat xlink:href="#tok_510" value="express"/><!-- Can...? -->
<feat xlink:href="#tok_511" value="how"/><!-- Can...? -->
<feat xlink:href="#tok_512" value="you"/><!-- Can...? -->
<feat xlink:href="#tok_513" value="feel"/><!-- Can...? -->
<feat xlink:href="#tok_514" value="right"/><!-- Can...? -->
<feat xlink:href="#tok_515" value="now"/><!-- Can...? -->
<feat xlink:href="#tok_516" value="?"/><!-- Can...? -->
<feat xlink:href="#tok_517" value="this"/><!-- This...: -->
<feat xlink:href="#tok_518" value="be"/><!-- This...: -->
<feat xlink:href="#tok_519" value="a"/><!-- This...: -->
<feat xlink:href="#tok_520" value="piece"/><!-- This...: -->
<feat xlink:href="#tok_521" value="that"/><!-- This...: -->
<feat xlink:href="#tok_522" value="the"/><!-- This...: -->
<feat xlink:href="#tok_523" value="Times"/><!-- This...: -->
<feat xlink:href="#tok_524" value="only"/><!-- This...: -->
<feat xlink:href="#tok_525" value="quote"/><!-- This...: -->
<feat xlink:href="#tok_526" value="one"/><!-- This...: -->
<feat xlink:href="#tok_527" value="stanza"/><!-- This...: -->
<feat xlink:href="#tok_528" value=","/><!-- This...: -->
<feat xlink:href="#tok_529" value="but"/><!-- This...: -->
<feat xlink:href="#tok_530" value="it"/><!-- This...: -->
<feat xlink:href="#tok_531" value="be"/><!-- This...: -->
<feat xlink:href="#tok_532" value="about"/><!-- This...: -->
<feat xlink:href="#tok_533" value="preparation"/><!-- This...: -->
<feat xlink:href="#tok_534" value="for"/><!-- This...: -->
<feat xlink:href="#tok_535" value="a"/><!-- This...: -->
<feat xlink:href="#tok_536" value="battle"/><!-- This...: -->
<feat xlink:href="#tok_537" value=","/><!-- This...: -->
<feat xlink:href="#tok_538" value="and"/><!-- This...: -->
<feat xlink:href="#tok_539" value="be"/><!-- This...: -->
<feat xlink:href="#tok_540" value="prepare"/><!-- This...: -->
<feat xlink:href="#tok_541" value="to"/><!-- This...: -->
<feat xlink:href="#tok_542" value="either"/><!-- This...: -->
<feat xlink:href="#tok_543" value="rise"/><!-- This...: -->
<feat xlink:href="#tok_544" value="to"/><!-- This...: -->
<feat xlink:href="#tok_545" value="the"/><!-- This...: -->
<feat xlink:href="#tok_546" value="occasion"/><!-- This...: -->
<feat xlink:href="#tok_547" value=","/><!-- This...: -->
<feat xlink:href="#tok_548" value="or"/><!-- This...: -->
<feat xlink:href="#tok_549" value="go"/><!-- This...: -->
<feat xlink:href="#tok_550" value="down"/><!-- This...: -->
<feat xlink:href="#tok_551" value=":"/><!-- This...: -->
<feat xlink:href="#tok_552" value="do"/><!-- Do...? -->
<feat xlink:href="#tok_553" value="you"/><!-- Do...like -->
<feat xlink:href="#tok_554" value="know"/><!-- Do...like -->
<feat xlink:href="#tok_555" value="what"/><!-- Do...like -->
<feat xlink:href="#tok_556" value="it"/><!-- Do...like -->
<feat xlink:href="#tok_557" value="be"/><!-- Do...like -->
<feat xlink:href="#tok_558" value="like"/><!-- Do...like -->
<feat xlink:href="#tok_559" value="to"/><!-- Do...like -->
<feat xlink:href="#tok_560" value="be"/><!-- to...Failure -->
<feat xlink:href="#tok_561" value="chase"/><!-- to...Failure -->
<feat xlink:href="#tok_562" value="by"/><!-- to...Failure -->
<feat xlink:href="#tok_563" value="the"/><!-- to...Failure -->
<feat xlink:href="#tok_564" value="ghost"/><!-- to...Failure -->
<feat xlink:href="#tok_565" value="of"/><!-- to...Failure -->
<feat xlink:href="#tok_566" value="failure"/><!-- to...Failure -->
<feat xlink:href="#tok_567" value="while"/><!-- to...Failure -->
<feat xlink:href="#tok_568" value="stare"/><!-- while...? -->
<feat xlink:href="#tok_569" value="through"/><!-- while...? -->
<feat xlink:href="#tok_570" value="Victory"/><!-- while...? -->
<feat xlink:href="#tok_571" value="s"/><!-- while...? -->
<feat xlink:href="#tok_572" value="door"/><!-- while...? -->
<feat xlink:href="#tok_573" value="?"/><!-- while...? -->
<feat xlink:href="#tok_574" value="of"/><!-- Of...Shea -->
<feat xlink:href="#tok_575" value="course"/><!-- Of...fan -->
<feat xlink:href="#tok_576" value="you"/><!-- Of...fan -->
<feat xlink:href="#tok_577" value="do"/><!-- Of...fan -->
<feat xlink:href="#tok_578" value=","/><!-- Of...fan -->
<feat xlink:href="#tok_579" value="you"/><!-- Of...fan -->
<feat xlink:href="#tok_580" value="be"/><!-- Of...fan -->
<feat xlink:href="#tok_581" value="a"/><!-- Of...fan -->
<feat xlink:href="#tok_582" value="Met"/><!-- Of...fan -->
<feat xlink:href="#tok_583" value="fan"/><!-- Of...fan -->
<feat xlink:href="#tok_584" value="catch"/><!-- Of...fan -->
<feat xlink:href="#tok_585" value="in"/><!-- caught...moment -->
<feat xlink:href="#tok_586" value="a"/><!-- caught...moment -->
<feat xlink:href="#tok_587" value="do-or-die"/><!-- caught...moment -->
<feat xlink:href="#tok_588" value="moment"/><!-- caught...moment -->
<feat xlink:href="#tok_589" value="in"/><!-- caught...moment -->
<feat xlink:href="#tok_590" value="late"/><!-- in...Shea -->
<feat xlink:href="#tok_591" value="September"/><!-- late...September -->
<feat xlink:href="#tok_592" value="at"/><!-- late...September -->
<feat xlink:href="#tok_593" value="Shea"/><!-- late...September -->
<feat xlink:href="#tok_594" value="as"/><!-- As..., -->
<feat xlink:href="#tok_595" value="one"/><!-- As...hard -->
<feat xlink:href="#tok_596" value="that"/><!-- As...hard -->
<feat xlink:href="#tok_597" value="be"/><!-- As...hard -->
<feat xlink:href="#tok_598" value="battle"/><!-- As...hard -->
<feat xlink:href="#tok_599" value="hard"/><!-- As...hard -->
<feat xlink:href="#tok_600" value="through"/><!-- As...hard -->
<feat xlink:href="#tok_601" value="many"/><!-- through...dream -->
<feat xlink:href="#tok_602" value="a"/><!-- through...dream -->
<feat xlink:href="#tok_603" value="break"/><!-- through...dream -->
<feat xlink:href="#tok_604" value="dream"/><!-- through...dream -->
<feat xlink:href="#tok_605" value="let"/><!-- through...dream -->
<feat xlink:href="#tok_606" value="me"/><!-- Let...occasion -->
<feat xlink:href="#tok_607" value="say"/><!-- Let...occasion -->
<feat xlink:href="#tok_608" value=","/><!-- Let...occasion -->
<feat xlink:href="#tok_609" value="&quot;"/><!-- Let...occasion -->
<feat xlink:href="#tok_610" value="in"/><!-- Let...occasion -->
<feat xlink:href="#tok_611" value="order"/><!-- Let...occasion -->
<feat xlink:href="#tok_612" value="to"/><!-- Let...occasion -->
<feat xlink:href="#tok_613" value="rise"/><!-- Let...occasion -->
<feat xlink:href="#tok_614" value="to"/><!-- Let...occasion -->
<feat xlink:href="#tok_615" value="the"/><!-- Let...occasion -->
<feat xlink:href="#tok_616" value="occasion"/><!-- Let...occasion -->
<feat xlink:href="#tok_617" value="you"/><!-- Let...occasion -->
<feat xlink:href="#tok_618" value="must"/><!-- you..., -->
<feat xlink:href="#tok_619" value="be"/><!-- you..., -->
<feat xlink:href="#tok_620" value="willing"/><!-- you..., -->
<feat xlink:href="#tok_621" value="to"/><!-- you..., -->
<feat xlink:href="#tok_622" value="go"/><!-- you..., -->
<feat xlink:href="#tok_623" value="down"/><!-- you..., -->
<feat xlink:href="#tok_624" value="with"/><!-- you..., -->
<feat xlink:href="#tok_625" value="the"/><!-- you..., -->
<feat xlink:href="#tok_626" value="ship"/><!-- you..., -->
<feat xlink:href="#tok_627" value="&quot;"/><!-- you..., -->
<feat xlink:href="#tok_628" value=","/><!-- you..., -->
<feat xlink:href="#tok_629" value="have"/><!-- Have...! -->
<feat xlink:href="#tok_630" value="no"/><!-- Have..., -->
<feat xlink:href="#tok_631" value="fear"/><!-- Have..., -->
<feat xlink:href="#tok_632" value=","/><!-- Have..., -->
<feat xlink:href="#tok_633" value="no"/><!-- Have..., -->
<feat xlink:href="#tok_634" value="hesitation"/><!-- Have..., -->
<feat xlink:href="#tok_635" value=","/><!-- Have..., -->
<feat xlink:href="#tok_636" value="for"/><!-- Have..., -->
<feat xlink:href="#tok_637" value="win"/><!-- for...! -->
<feat xlink:href="#tok_638" value="shall"/><!-- for...! -->
<feat xlink:href="#tok_639" value="be"/><!-- for...! -->
<feat xlink:href="#tok_640" value="it"/><!-- for...! -->
<feat xlink:href="#tok_641" value="s"/><!-- for...! -->
<feat xlink:href="#tok_642" value="reward"/><!-- for...! -->
<feat xlink:href="#tok_643" value="!"/><!-- for...! -->
<feat xlink:href="#tok_644" value="do"/><!-- Do...! -->
<feat xlink:href="#tok_645" value="n&apos;t"/><!-- Do...! -->
<feat xlink:href="#tok_646" value="let"/><!-- Do...! -->
<feat xlink:href="#tok_647" value="them"/><!-- Do...! -->
<feat xlink:href="#tok_648" value="get"/><!-- Do...! -->
<feat xlink:href="#tok_649" value="in"/><!-- Do...! -->
<feat xlink:href="#tok_650" value="your"/><!-- Do...! -->
<feat xlink:href="#tok_651" value="head"/><!-- Do...! -->
<feat xlink:href="#tok_652" value="!"/><!-- Do...! -->
<feat xlink:href="#tok_653" value="you"/><!-- you...long -->
<feat xlink:href="#tok_654" value="have"/><!-- you...long -->
<feat xlink:href="#tok_655" value="keep"/><!-- you...long -->
<feat xlink:href="#tok_656" value="it"/><!-- you...long -->
<feat xlink:href="#tok_657" value="up"/><!-- you...long -->
<feat xlink:href="#tok_658" value="this"/><!-- you...long -->
<feat xlink:href="#tok_659" value="long"/><!-- you...long -->
<feat xlink:href="#tok_660" value="you"/><!-- You...end -->
<feat xlink:href="#tok_661" value="be"/><!-- You...September -->
<feat xlink:href="#tok_662" value="a"/><!-- You...September -->
<feat xlink:href="#tok_663" value="Met"/><!-- You...September -->
<feat xlink:href="#tok_664" value="fan"/><!-- You...September -->
<feat xlink:href="#tok_665" value="in"/><!-- You...September -->
<feat xlink:href="#tok_666" value="late"/><!-- You...September -->
<feat xlink:href="#tok_667" value="September"/><!-- late...September -->
<feat xlink:href="#tok_668" value="and"/><!-- late...September -->
<feat xlink:href="#tok_669" value="you"/><!-- and...end -->
<feat xlink:href="#tok_670" value="will"/><!-- and...end -->
<feat xlink:href="#tok_671" value="fight"/><!-- and...end -->
<feat xlink:href="#tok_672" value="til"/><!-- and...end -->
<feat xlink:href="#tok_673" value="the"/><!-- and...end -->
<feat xlink:href="#tok_674" value="glorious"/><!-- and...end -->
<feat xlink:href="#tok_675" value="end"/><!-- and...end -->
<feat xlink:href="#tok_676" value="cheer"/><!-- Cheer...due -->
<feat xlink:href="#tok_677" value="the"/><!-- Cheer...; -->
<feat xlink:href="#tok_678" value="team"/><!-- Cheer...; -->
<feat xlink:href="#tok_679" value="today"/><!-- Cheer...; -->
<feat xlink:href="#tok_680" value=";"/><!-- Cheer...; -->
<feat xlink:href="#tok_681" value="("/><!-- Cheer...; -->
<feat xlink:href="#tok_682" value="your"/><!-- (...) -->
<feat xlink:href="#tok_683" value="boy"/><!-- (...) -->
<feat xlink:href="#tok_684" value="in"/><!-- (...) -->
<feat xlink:href="#tok_685" value="orange"/><!-- (...) -->
<feat xlink:href="#tok_686" value="and"/><!-- (...) -->
<feat xlink:href="#tok_687" value="blue"/><!-- (...) -->
<feat xlink:href="#tok_688" value=")"/><!-- (...) -->
<feat xlink:href="#tok_689" value="let"/><!-- (...) -->
<feat xlink:href="#tok_690" value="them"/><!-- Let...shout -->
<feat xlink:href="#tok_691" value="hear"/><!-- Let...shout -->
<feat xlink:href="#tok_692" value="you"/><!-- Let...shout -->
<feat xlink:href="#tok_693" value="shout"/><!-- Let...shout -->
<feat xlink:href="#tok_694" value="as"/><!-- Let...shout -->
<feat xlink:href="#tok_695" value="they"/><!-- as...due -->
<feat xlink:href="#tok_696" value="fight"/><!-- as...due -->
<feat xlink:href="#tok_697" value="for"/><!-- as...due -->
<feat xlink:href="#tok_698" value="what"/><!-- as...due -->
<feat xlink:href="#tok_699" value="be"/><!-- as...due -->
<feat xlink:href="#tok_700" value="mightily"/><!-- as...due -->
<feat xlink:href="#tok_701" value="due"/><!-- as...due -->
<feat xlink:href="#tok_702" value="("/><!-- (...&quot; -->
<feat xlink:href="#tok_703" value="copyright"/><!-- (...&quot; -->
<feat xlink:href="#tok_704" value="Frank"/><!-- (...&quot; -->
<feat xlink:href="#tok_705" value="Messina"/><!-- (...&quot; -->
<feat xlink:href="#tok_706" value=";"/><!-- (...&quot; -->
<feat xlink:href="#tok_707" value="reprint"/><!-- (...&quot; -->
<feat xlink:href="#tok_708" value="with"/><!-- (...&quot; -->
<feat xlink:href="#tok_709" value="permission"/><!-- (...&quot; -->
<feat xlink:href="#tok_710" value=")"/><!-- (...&quot; -->
<feat xlink:href="#tok_711" value="&quot;"/><!-- (...&quot; -->
<feat xlink:href="#tok_712" value="sport"/><!-- Sports.... -->
<feat xlink:href="#tok_713" value="fan"/><!-- Sports...? -->
<feat xlink:href="#tok_714" value="be"/><!-- Sports...? -->
<feat xlink:href="#tok_715" value="n&apos;t"/><!-- Sports...? -->
<feat xlink:href="#tok_716" value="know"/><!-- Sports...? -->
<feat xlink:href="#tok_717" value="as"/><!-- Sports...? -->
<feat xlink:href="#tok_718" value="patron"/><!-- Sports...? -->
<feat xlink:href="#tok_719" value="of"/><!-- Sports...? -->
<feat xlink:href="#tok_720" value="poetry"/><!-- Sports...? -->
<feat xlink:href="#tok_721" value="."/><!-- Sports...? -->
<feat xlink:href="#tok_722" value="have"/><!-- Have...? -->
<feat xlink:href="#tok_723" value="you"/><!-- Have...? -->
<feat xlink:href="#tok_724" value="have"/><!-- Have...? -->
<feat xlink:href="#tok_725" value="interaction"/><!-- Have...? -->
<feat xlink:href="#tok_726" value="with"/><!-- Have...? -->
<feat xlink:href="#tok_727" value="&quot;"/><!-- Have...? -->
<feat xlink:href="#tok_728" value="new"/><!-- Have...? -->
<feat xlink:href="#tok_729" value="reader"/><!-- Have...? -->
<feat xlink:href="#tok_730" value="&apos;&quot;"/><!-- Have...? -->
<feat xlink:href="#tok_731" value="through"/><!-- Have...? -->
<feat xlink:href="#tok_732" value="your"/><!-- Have...? -->
<feat xlink:href="#tok_733" value="Met"/><!-- Have...? -->
<feat xlink:href="#tok_734" value="work"/><!-- Have...? -->
<feat xlink:href="#tok_735" value="?"/><!-- Have...? -->
<feat xlink:href="#tok_736" value="this"/><!-- This.... -->
<feat xlink:href="#tok_737" value="one"/><!-- This...&apos; -->
<feat xlink:href="#tok_738" value="person"/><!-- This...&apos; -->
<feat xlink:href="#tok_739" value="who"/><!-- This...&apos; -->
<feat xlink:href="#tok_740" value="I"/><!-- This...&apos; -->
<feat xlink:href="#tok_741" value="never"/><!-- This...&apos; -->
<feat xlink:href="#tok_742" value="meet"/><!-- This...&apos; -->
<feat xlink:href="#tok_743" value="take"/><!-- This...&apos; -->
<feat xlink:href="#tok_744" value="a"/><!-- This...&apos; -->
<feat xlink:href="#tok_745" value="picture"/><!-- This...&apos; -->
<feat xlink:href="#tok_746" value="of"/><!-- This...&apos; -->
<feat xlink:href="#tok_747" value="me"/><!-- This...&apos; -->
<feat xlink:href="#tok_748" value="and"/><!-- This...&apos; -->
<feat xlink:href="#tok_749" value="send"/><!-- This...&apos; -->
<feat xlink:href="#tok_750" value="it"/><!-- This...&apos; -->
<feat xlink:href="#tok_751" value="to"/><!-- This...&apos; -->
<feat xlink:href="#tok_752" value="me"/><!-- This...&apos; -->
<feat xlink:href="#tok_753" value="in"/><!-- This...&apos; -->
<feat xlink:href="#tok_754" value="an"/><!-- This...&apos; -->
<feat xlink:href="#tok_755" value="E-mail"/><!-- This...&apos; -->
<feat xlink:href="#tok_756" value="."/><!-- This...&apos; -->
<feat xlink:href="#tok_757" value="the"/><!-- The...&apos; -->
<feat xlink:href="#tok_758" value="E-mail"/><!-- The...&apos; -->
<feat xlink:href="#tok_759" value="say"/><!-- The...&apos; -->
<feat xlink:href="#tok_760" value=","/><!-- The...&apos; -->
<feat xlink:href="#tok_761" value="&apos;"/><!-- The...&apos; -->
<feat xlink:href="#tok_762" value="Frank"/><!-- The...&apos; -->
<feat xlink:href="#tok_763" value=","/><!-- The...&apos; -->
<feat xlink:href="#tok_764" value="I"/><!-- The...&apos; -->
<feat xlink:href="#tok_765" value="have"/><!-- The...&apos; -->
<feat xlink:href="#tok_766" value="never"/><!-- The...&apos; -->
<feat xlink:href="#tok_767" value="bother"/><!-- The...&apos; -->
<feat xlink:href="#tok_768" value="you"/><!-- The...&apos; -->
<feat xlink:href="#tok_769" value="during"/><!-- The...&apos; -->
<feat xlink:href="#tok_770" value="the"/><!-- The...&apos; -->
<feat xlink:href="#tok_771" value="game"/><!-- The...&apos; -->
<feat xlink:href="#tok_772" value=","/><!-- The...&apos; -->
<feat xlink:href="#tok_773" value="but"/><!-- The...&apos; -->
<feat xlink:href="#tok_774" value="I"/><!-- The...&apos; -->
<feat xlink:href="#tok_775" value="just"/><!-- The...&apos; -->
<feat xlink:href="#tok_776" value="want"/><!-- The...&apos; -->
<feat xlink:href="#tok_777" value="to"/><!-- The...&apos; -->
<feat xlink:href="#tok_778" value="say"/><!-- The...&apos; -->
<feat xlink:href="#tok_779" value="thank"/><!-- The...&apos; -->
<feat xlink:href="#tok_780" value="you"/><!-- The...&apos; -->
<feat xlink:href="#tok_781" value="for"/><!-- The...&apos; -->
<feat xlink:href="#tok_782" value="your"/><!-- The...&apos; -->
<feat xlink:href="#tok_783" value="work"/><!-- The...&apos; -->
<feat xlink:href="#tok_784" value="and"/><!-- The...&apos; -->
<feat xlink:href="#tok_785" value="thank"/><!-- The...&apos; -->
<feat xlink:href="#tok_786" value="you"/><!-- The...&apos; -->
<feat xlink:href="#tok_787" value="for"/><!-- The...&apos; -->
<feat xlink:href="#tok_788" value="make"/><!-- The...&apos; -->
<feat xlink:href="#tok_789" value="some"/><!-- The...&apos; -->
<feat xlink:href="#tok_790" value="sense"/><!-- The...&apos; -->
<feat xlink:href="#tok_791" value="of"/><!-- The...&apos; -->
<feat xlink:href="#tok_792" value="the"/><!-- The...&apos; -->
<feat xlink:href="#tok_793" value="success"/><!-- The...&apos; -->
<feat xlink:href="#tok_794" value="and"/><!-- The...&apos; -->
<feat xlink:href="#tok_795" value="failure"/><!-- The...&apos; -->
<feat xlink:href="#tok_796" value="and"/><!-- The...&apos; -->
<feat xlink:href="#tok_797" value="I"/><!-- The...&apos; -->
<feat xlink:href="#tok_798" value="wish"/><!-- The...&apos; -->
<feat xlink:href="#tok_799" value="you"/><!-- The...&apos; -->
<feat xlink:href="#tok_800" value="much"/><!-- The...&apos; -->
<feat xlink:href="#tok_801" value="success"/><!-- The...&apos; -->
<feat xlink:href="#tok_802" value="with"/><!-- The...&apos; -->
<feat xlink:href="#tok_803" value="your"/><!-- The...&apos; -->
<feat xlink:href="#tok_804" value="work"/><!-- The...&apos; -->
<feat xlink:href="#tok_805" value="."/><!-- The...&apos; -->
<feat xlink:href="#tok_806" value="&apos;"/><!-- The...&apos; -->
<feat xlink:href="#tok_807" value="last"/><!-- Last.... -->
<feat xlink:href="#tok_808" value="year"/><!-- Last.... -->
<feat xlink:href="#tok_809" value="in"/><!-- Last.... -->
<feat xlink:href="#tok_810" value="my"/><!-- Last.... -->
<feat xlink:href="#tok_811" value="section"/><!-- Last.... -->
<feat xlink:href="#tok_812" value="at"/><!-- Last.... -->
<feat xlink:href="#tok_813" value="the"/><!-- Last.... -->
<feat xlink:href="#tok_814" value="stadium"/><!-- Last.... -->
<feat xlink:href="#tok_815" value="I"/><!-- Last.... -->
<feat xlink:href="#tok_816" value="have"/><!-- Last.... -->
<feat xlink:href="#tok_817" value="a"/><!-- Last.... -->
<feat xlink:href="#tok_818" value="banner"/><!-- Last.... -->
<feat xlink:href="#tok_819" value="that"/><!-- Last.... -->
<feat xlink:href="#tok_820" value="read"/><!-- Last.... -->
<feat xlink:href="#tok_821" value="we"/><!-- Last.... -->
<feat xlink:href="#tok_822" value="Know"/><!-- We...&apos; -->
<feat xlink:href="#tok_823" value="&apos;"/><!-- We...&apos; -->
<feat xlink:href="#tok_824" value="."/><!-- We...&apos; -->
<feat xlink:href="#tok_825" value="that"/><!-- That.... -->
<feat xlink:href="#tok_826" value="be"/><!-- That.... -->
<feat xlink:href="#tok_827" value="all"/><!-- That.... -->
<feat xlink:href="#tok_828" value="it"/><!-- That.... -->
<feat xlink:href="#tok_829" value="say"/><!-- That.... -->
<feat xlink:href="#tok_830" value="."/><!-- That.... -->
<feat xlink:href="#tok_831" value="then"/><!-- Then.... -->
<feat xlink:href="#tok_832" value="earlier"/><!-- Then.... -->
<feat xlink:href="#tok_833" value="this"/><!-- Then.... -->
<feat xlink:href="#tok_834" value="year"/><!-- Then.... -->
<feat xlink:href="#tok_835" value="these"/><!-- Then.... -->
<feat xlink:href="#tok_836" value="shirt"/><!-- Then.... -->
<feat xlink:href="#tok_837" value="start"/><!-- Then.... -->
<feat xlink:href="#tok_838" value="to"/><!-- Then.... -->
<feat xlink:href="#tok_839" value="come"/><!-- Then.... -->
<feat xlink:href="#tok_840" value="out"/><!-- Then.... -->
<feat xlink:href="#tok_841" value="that"/><!-- Then.... -->
<feat xlink:href="#tok_842" value="say"/><!-- Then.... -->
<feat xlink:href="#tok_843" value=","/><!-- Then.... -->
<feat xlink:href="#tok_844" value="&quot;"/><!-- Then.... -->
<feat xlink:href="#tok_845" value="Poet"/><!-- Then.... -->
<feat xlink:href="#tok_846" value="say"/><!-- Then.... -->
<feat xlink:href="#tok_847" value="we"/><!-- Then.... -->
<feat xlink:href="#tok_848" value="know"/><!-- We...Know -->
<feat xlink:href="#tok_849" value="&quot;"/><!-- We...Know -->
<feat xlink:href="#tok_850" value="."/><!-- We...Know -->
<feat xlink:href="#tok_851" value="it"/><!-- It.... -->
<feat xlink:href="#tok_852" value="be"/><!-- It.... -->
<feat xlink:href="#tok_853" value="amazing"/><!-- It.... -->
<feat xlink:href="#tok_854" value="."/><!-- It.... -->
<feat xlink:href="#tok_855" value="we"/><!-- We.... -->
<feat xlink:href="#tok_856" value="do"/><!-- We.... -->
<feat xlink:href="#tok_857" value="n&apos;t"/><!-- We.... -->
<feat xlink:href="#tok_858" value="use"/><!-- We.... -->
<feat xlink:href="#tok_859" value="the"/><!-- We.... -->
<feat xlink:href="#tok_860" value="banner"/><!-- We.... -->
<feat xlink:href="#tok_861" value="this"/><!-- We.... -->
<feat xlink:href="#tok_862" value="year"/><!-- We.... -->
<feat xlink:href="#tok_863" value=","/><!-- We.... -->
<feat xlink:href="#tok_864" value="though"/><!-- We.... -->
<feat xlink:href="#tok_865" value=","/><!-- We.... -->
<feat xlink:href="#tok_866" value="because"/><!-- We.... -->
<feat xlink:href="#tok_867" value="we"/><!-- We.... -->
<feat xlink:href="#tok_868" value="do"/><!-- We.... -->
<feat xlink:href="#tok_869" value="n&apos;t"/><!-- We.... -->
<feat xlink:href="#tok_870" value="know"/><!-- We.... -->
<feat xlink:href="#tok_871" value="."/><!-- We.... -->
<feat xlink:href="#tok_872" value="the"/><!-- The.... -->
<feat xlink:href="#tok_873" value="team"/><!-- The.... -->
<feat xlink:href="#tok_874" value="be"/><!-- The.... -->
<feat xlink:href="#tok_875" value="n&apos;t"/><!-- The.... -->
<feat xlink:href="#tok_876" value="so"/><!-- The.... -->
<feat xlink:href="#tok_877" value="far"/><!-- The.... -->
<feat xlink:href="#tok_878" value="ahead"/><!-- The.... -->
<feat xlink:href="#tok_879" value="that"/><!-- The.... -->
<feat xlink:href="#tok_880" value="we"/><!-- The.... -->
<feat xlink:href="#tok_881" value="know"/><!-- we...knew -->
<feat xlink:href="#tok_882" value="."/><!-- we...knew -->
<feat xlink:href="#tok_883" value="last"/><!-- Last.... -->
<feat xlink:href="#tok_884" value="year"/><!-- Last.... -->
<feat xlink:href="#tok_885" value="we"/><!-- Last.... -->
<feat xlink:href="#tok_886" value="just"/><!-- Last.... -->
<feat xlink:href="#tok_887" value="know"/><!-- Last.... -->
<feat xlink:href="#tok_888" value="we"/><!-- knew -->
<feat xlink:href="#tok_889" value="be"/><!-- knew -->
<feat xlink:href="#tok_890" value="go"/><!-- knew -->
<feat xlink:href="#tok_891" value="to"/><!-- knew -->
<feat xlink:href="#tok_892" value="the"/><!-- knew -->
<feat xlink:href="#tok_893" value="playoff"/><!-- knew -->
<feat xlink:href="#tok_894" value=";"/><!-- knew -->
<feat xlink:href="#tok_895" value="we"/><!-- knew -->
<feat xlink:href="#tok_896" value="know"/><!-- knew -->
<feat xlink:href="#tok_897" value="we"/><!-- knew -->
<feat xlink:href="#tok_898" value="be"/><!-- knew -->
<feat xlink:href="#tok_899" value="go"/><!-- knew -->
<feat xlink:href="#tok_900" value="post-season"/><!-- knew -->
<feat xlink:href="#tok_901" value="."/><!-- knew -->
<feat xlink:href="#tok_902" value="this"/><!-- This.... -->
<feat xlink:href="#tok_903" value="year"/><!-- This.... -->
<feat xlink:href="#tok_904" value="we"/><!-- This.... -->
<feat xlink:href="#tok_905" value="be"/><!-- This.... -->
<feat xlink:href="#tok_906" value="n&apos;t"/><!-- This.... -->
<feat xlink:href="#tok_907" value="sure"/><!-- This.... -->
<feat xlink:href="#tok_908" value="."/><!-- This.... -->
<feat xlink:href="#tok_909" value="we"/><!-- We.... -->
<feat xlink:href="#tok_910" value="be"/><!-- We.... -->
<feat xlink:href="#tok_911" value="walk"/><!-- We.... -->
<feat xlink:href="#tok_912" value="on"/><!-- We.... -->
<feat xlink:href="#tok_913" value="eggshell"/><!-- We.... -->
<feat xlink:href="#tok_914" value="."/><!-- We.... -->
<feat xlink:href="#tok_915" value="There"/><!-- There.... -->
<feat xlink:href="#tok_916" value="be"/><!-- There.... -->
<feat xlink:href="#tok_917" value="a"/><!-- There.... -->
<feat xlink:href="#tok_918" value="woman"/><!-- There.... -->
<feat xlink:href="#tok_919" value=","/><!-- There.... -->
<feat xlink:href="#tok_920" value="a"/><!-- There.... -->
<feat xlink:href="#tok_921" value="season"/><!-- There.... -->
<feat xlink:href="#tok_922" value="ticket"/><!-- There.... -->
<feat xlink:href="#tok_923" value="holder"/><!-- There.... -->
<feat xlink:href="#tok_924" value="and"/><!-- There.... -->
<feat xlink:href="#tok_925" value="a"/><!-- There.... -->
<feat xlink:href="#tok_926" value="die"/><!-- There.... -->
<feat xlink:href="#tok_927" value="hard"/><!-- There.... -->
<feat xlink:href="#tok_928" value="fan"/><!-- There.... -->
<feat xlink:href="#tok_929" value="."/><!-- There.... -->
<feat xlink:href="#tok_930" value="she"/><!-- She.... -->
<feat xlink:href="#tok_931" value="be"/><!-- She.... -->
<feat xlink:href="#tok_932" value="staggered"/><!-- She.... -->
<feat xlink:href="#tok_933" value="by"/><!-- She.... -->
<feat xlink:href="#tok_934" value="the"/><!-- She.... -->
<feat xlink:href="#tok_935" value="loss"/><!-- She.... -->
<feat xlink:href="#tok_936" value="last"/><!-- She.... -->
<feat xlink:href="#tok_937" value="year"/><!-- She.... -->
<feat xlink:href="#tok_938" value="to"/><!-- She.... -->
<feat xlink:href="#tok_939" value="the"/><!-- She.... -->
<feat xlink:href="#tok_940" value="cardinal"/><!-- She.... -->
<feat xlink:href="#tok_941" value="."/><!-- Cardinals -->
<feat xlink:href="#tok_942" value="last"/><!-- Last.... -->
<feat xlink:href="#tok_943" value="year"/><!-- Last.... -->
<feat xlink:href="#tok_944" value="she"/><!-- Last.... -->
<feat xlink:href="#tok_945" value="come"/><!-- Last.... -->
<feat xlink:href="#tok_946" value="up"/><!-- Last.... -->
<feat xlink:href="#tok_947" value="to"/><!-- Last.... -->
<feat xlink:href="#tok_948" value="me"/><!-- Last.... -->
<feat xlink:href="#tok_949" value="during"/><!-- Last.... -->
<feat xlink:href="#tok_950" value="one"/><!-- Last.... -->
<feat xlink:href="#tok_951" value="of"/><!-- Last.... -->
<feat xlink:href="#tok_952" value="the"/><!-- Last.... -->
<feat xlink:href="#tok_953" value="game"/><!-- Last.... -->
<feat xlink:href="#tok_954" value="late"/><!-- Last.... -->
<feat xlink:href="#tok_955" value="in"/><!-- Last.... -->
<feat xlink:href="#tok_956" value="the"/><!-- Last.... -->
<feat xlink:href="#tok_957" value="season"/><!-- Last.... -->
<feat xlink:href="#tok_958" value=";"/><!-- Last.... -->
<feat xlink:href="#tok_959" value="she"/><!-- Last.... -->
<feat xlink:href="#tok_960" value="be"/><!-- Last.... -->
<feat xlink:href="#tok_961" value="so"/><!-- Last.... -->
<feat xlink:href="#tok_962" value="happy"/><!-- Last.... -->
<feat xlink:href="#tok_963" value="we"/><!-- Last.... -->
<feat xlink:href="#tok_964" value="be"/><!-- Last.... -->
<feat xlink:href="#tok_965" value="go"/><!-- Last.... -->
<feat xlink:href="#tok_966" value="to"/><!-- Last.... -->
<feat xlink:href="#tok_967" value="the"/><!-- Last.... -->
<feat xlink:href="#tok_968" value="post"/><!-- Last.... -->
<feat xlink:href="#tok_969" value="season"/><!-- Last.... -->
<feat xlink:href="#tok_970" value="."/><!-- Last.... -->
<feat xlink:href="#tok_971" value="by"/><!-- By.... -->
<feat xlink:href="#tok_972" value="that"/><!-- By.... -->
<feat xlink:href="#tok_973" value="point"/><!-- By.... -->
<feat xlink:href="#tok_974" value="we"/><!-- By.... -->
<feat xlink:href="#tok_975" value="have"/><!-- By.... -->
<feat xlink:href="#tok_976" value="clinch"/><!-- By.... -->
<feat xlink:href="#tok_977" value="it"/><!-- By.... -->
<feat xlink:href="#tok_978" value="."/><!-- By.... -->
<feat xlink:href="#tok_979" value="she"/><!-- She.... -->
<feat xlink:href="#tok_980" value="hand"/><!-- She.... -->
<feat xlink:href="#tok_981" value="me"/><!-- She.... -->
<feat xlink:href="#tok_982" value="a"/><!-- She.... -->
<feat xlink:href="#tok_983" value="shirt"/><!-- She.... -->
<feat xlink:href="#tok_984" value="she"/><!-- She.... -->
<feat xlink:href="#tok_985" value="buy"/><!-- She.... -->
<feat xlink:href="#tok_986" value="at"/><!-- She.... -->
<feat xlink:href="#tok_987" value="the"/><!-- She.... -->
<feat xlink:href="#tok_988" value="stadium"/><!-- She.... -->
<feat xlink:href="#tok_989" value="and"/><!-- She.... -->
<feat xlink:href="#tok_990" value="she"/><!-- She.... -->
<feat xlink:href="#tok_991" value="give"/><!-- She.... -->
<feat xlink:href="#tok_992" value="me"/><!-- She.... -->
<feat xlink:href="#tok_993" value="a"/><!-- She.... -->
<feat xlink:href="#tok_994" value="big"/><!-- She.... -->
<feat xlink:href="#tok_995" value="hug"/><!-- She.... -->
<feat xlink:href="#tok_996" value="."/><!-- She.... -->
<feat xlink:href="#tok_997" value="with"/><!-- With...&quot; -->
<feat xlink:href="#tok_998" value="tear"/><!-- With...&quot; -->
<feat xlink:href="#tok_999" value="in"/><!-- With...&quot; -->
<feat xlink:href="#tok_1000" value="her"/><!-- With...&quot; -->
<feat xlink:href="#tok_1001" value="eye"/><!-- With...&quot; -->
<feat xlink:href="#tok_1002" value="she"/><!-- With...&quot; -->
<feat xlink:href="#tok_1003" value="say"/><!-- With...&quot; -->
<feat xlink:href="#tok_1004" value=","/><!-- With...&quot; -->
<feat xlink:href="#tok_1005" value="&quot;"/><!-- With...&quot; -->
<feat xlink:href="#tok_1006" value="thank"/><!-- With...&quot; -->
<feat xlink:href="#tok_1007" value="you"/><!-- With...&quot; -->
<feat xlink:href="#tok_1008" value=","/><!-- With...&quot; -->
<feat xlink:href="#tok_1009" value="Met"/><!-- With...&quot; -->
<feat xlink:href="#tok_1010" value="Poet"/><!-- With...&quot; -->
<feat xlink:href="#tok_1011" value=","/><!-- With...&quot; -->
<feat xlink:href="#tok_1012" value="thank"/><!-- With...&quot; -->
<feat xlink:href="#tok_1013" value="you"/><!-- With...&quot; -->
<feat xlink:href="#tok_1014" value="."/><!-- With...&quot; -->
<feat xlink:href="#tok_1015" value="&quot;"/><!-- With...&quot; -->
<feat xlink:href="#tok_1016" value="it"/><!-- It.... -->
<feat xlink:href="#tok_1017" value="be"/><!-- It.... -->
<feat xlink:href="#tok_1018" value="cool"/><!-- It.... -->
<feat xlink:href="#tok_1019" value="..."/><!-- It.... -->
<feat xlink:href="#tok_1020" value="it"/><!-- It.... -->
<feat xlink:href="#tok_1021" value="be"/><!-- It.... -->
<feat xlink:href="#tok_1022" value="like"/><!-- It.... -->
<feat xlink:href="#tok_1023" value="another"/><!-- It.... -->
<feat xlink:href="#tok_1024" value="family"/><!-- It.... -->
<feat xlink:href="#tok_1025" value="."/><!-- It.... -->
<feat xlink:href="#tok_1026" value="moment"/><!-- Moments.... -->
<feat xlink:href="#tok_1027" value="like"/><!-- Moments.... -->
<feat xlink:href="#tok_1028" value="that"/><!-- Moments.... -->
<feat xlink:href="#tok_1029" value="must"/><!-- Moments.... -->
<feat xlink:href="#tok_1030" value="make"/><!-- Moments.... -->
<feat xlink:href="#tok_1031" value="you"/><!-- Moments.... -->
<feat xlink:href="#tok_1032" value="realize"/><!-- Moments.... -->
<feat xlink:href="#tok_1033" value="you"/><!-- Moments.... -->
<feat xlink:href="#tok_1034" value="have"/><!-- Moments.... -->
<feat xlink:href="#tok_1035" value="touch"/><!-- Moments.... -->
<feat xlink:href="#tok_1036" value="people"/><!-- Moments.... -->
<feat xlink:href="#tok_1037" value="who"/><!-- Moments.... -->
<feat xlink:href="#tok_1038" value="be"/><!-- Moments.... -->
<feat xlink:href="#tok_1039" value="n&apos;t"/><!-- Moments.... -->
<feat xlink:href="#tok_1040" value="normally"/><!-- Moments.... -->
<feat xlink:href="#tok_1041" value="touch"/><!-- Moments.... -->
<feat xlink:href="#tok_1042" value="by"/><!-- Moments.... -->
<feat xlink:href="#tok_1043" value="poetry"/><!-- Moments.... -->
<feat xlink:href="#tok_1044" value="."/><!-- Moments.... -->
<feat xlink:href="#tok_1045" value="it"/><!-- It.... -->
<feat xlink:href="#tok_1046" value="be"/><!-- It...&apos; -->
<feat xlink:href="#tok_1047" value="open"/><!-- It...&apos; -->
<feat xlink:href="#tok_1048" value="up"/><!-- It...&apos; -->
<feat xlink:href="#tok_1049" value="a"/><!-- It...&apos; -->
<feat xlink:href="#tok_1050" value="new"/><!-- It...&apos; -->
<feat xlink:href="#tok_1051" value="fan"/><!-- It...&apos; -->
<feat xlink:href="#tok_1052" value="base"/><!-- It...&apos; -->
<feat xlink:href="#tok_1053" value=","/><!-- It...&apos; -->
<feat xlink:href="#tok_1054" value="so"/><!-- It...&apos; -->
<feat xlink:href="#tok_1055" value="to"/><!-- It...&apos; -->
<feat xlink:href="#tok_1056" value="speak"/><!-- It...&apos; -->
<feat xlink:href="#tok_1057" value="."/><!-- It...&apos; -->
<feat xlink:href="#tok_1058" value="for"/><!-- For.... -->
<feat xlink:href="#tok_1059" value="the"/><!-- For.... -->
<feat xlink:href="#tok_1060" value="last"/><!-- For.... -->
<feat xlink:href="#tok_1061" value="year"/><!-- For.... -->
<feat xlink:href="#tok_1062" value="SNY"/><!-- For.... -->
<feat xlink:href="#tok_1063" value="have"/><!-- SNY -->
<feat xlink:href="#tok_1064" value="broadcast"/><!-- SNY -->
<feat xlink:href="#tok_1065" value="footage"/><!-- SNY -->
<feat xlink:href="#tok_1066" value="of"/><!-- SNY -->
<feat xlink:href="#tok_1067" value="me"/><!-- SNY -->
<feat xlink:href="#tok_1068" value="with"/><!-- SNY -->
<feat xlink:href="#tok_1069" value="my"/><!-- SNY -->
<feat xlink:href="#tok_1070" value="poem"/><!-- SNY -->
<feat xlink:href="#tok_1071" value=","/><!-- SNY -->
<feat xlink:href="#tok_1072" value="so"/><!-- SNY -->
<feat xlink:href="#tok_1073" value="quite"/><!-- SNY -->
<feat xlink:href="#tok_1074" value="a"/><!-- SNY -->
<feat xlink:href="#tok_1075" value="few"/><!-- SNY -->
<feat xlink:href="#tok_1076" value="fan"/><!-- SNY -->
<feat xlink:href="#tok_1077" value="know"/><!-- SNY -->
<feat xlink:href="#tok_1078" value="about"/><!-- known -->
<feat xlink:href="#tok_1079" value="the"/><!-- known -->
<feat xlink:href="#tok_1080" value="&quot;"/><!-- known -->
<feat xlink:href="#tok_1081" value="Met"/><!-- known -->
<feat xlink:href="#tok_1082" value="Poet"/><!-- known -->
<feat xlink:href="#tok_1083" value="&apos;&quot;"/><!-- known -->
<feat xlink:href="#tok_1084" value="."/><!-- known -->
<feat xlink:href="#tok_1085" value="I"/><!-- I.... -->
<feat xlink:href="#tok_1086" value="have"/><!-- I.... -->
<feat xlink:href="#tok_1087" value="never"/><!-- I.... -->
<feat xlink:href="#tok_1088" value="call"/><!-- I.... -->
<feat xlink:href="#tok_1089" value="myself"/><!-- I.... -->
<feat xlink:href="#tok_1090" value="that"/><!-- I.... -->
<feat xlink:href="#tok_1091" value=","/><!-- I.... -->
<feat xlink:href="#tok_1092" value="by"/><!-- I.... -->
<feat xlink:href="#tok_1093" value="the"/><!-- I.... -->
<feat xlink:href="#tok_1094" value="way"/><!-- I.... -->
<feat xlink:href="#tok_1095" value="."/><!-- I.... -->
<feat xlink:href="#tok_1096" value="the"/><!-- The.... -->
<feat xlink:href="#tok_1097" value="back"/><!-- The.... -->
<feat xlink:href="#tok_1098" value="of"/><!-- The.... -->
<feat xlink:href="#tok_1099" value="my"/><!-- The.... -->
<feat xlink:href="#tok_1100" value="jersey"/><!-- The.... -->
<feat xlink:href="#tok_1101" value="say"/><!-- The.... -->
<feat xlink:href="#tok_1102" value="&quot;"/><!-- The.... -->
<feat xlink:href="#tok_1103" value="the"/><!-- The.... -->
<feat xlink:href="#tok_1104" value="Poet"/><!-- The.... -->
<feat xlink:href="#tok_1105" value="&apos;&quot;"/><!-- The.... -->
<feat xlink:href="#tok_1106" value="because"/><!-- The.... -->
<feat xlink:href="#tok_1107" value="grow"/><!-- The.... -->
<feat xlink:href="#tok_1108" value="up"/><!-- The.... -->
<feat xlink:href="#tok_1109" value="that"/><!-- The.... -->
<feat xlink:href="#tok_1110" value="be"/><!-- The.... -->
<feat xlink:href="#tok_1111" value="my"/><!-- The.... -->
<feat xlink:href="#tok_1112" value="nickname"/><!-- The.... -->
<feat xlink:href="#tok_1113" value="."/><!-- The.... -->
<feat xlink:href="#tok_1114" value="my"/><!-- My.... -->
<feat xlink:href="#tok_1115" value="brother"/><!-- My.... -->
<feat xlink:href="#tok_1116" value="be"/><!-- My.... -->
<feat xlink:href="#tok_1117" value="a"/><!-- My.... -->
<feat xlink:href="#tok_1118" value="runner"/><!-- My.... -->
<feat xlink:href="#tok_1119" value="and"/><!-- My.... -->
<feat xlink:href="#tok_1120" value="they"/><!-- My.... -->
<feat xlink:href="#tok_1121" value="use"/><!-- My.... -->
<feat xlink:href="#tok_1122" value="to"/><!-- My.... -->
<feat xlink:href="#tok_1123" value="call"/><!-- My.... -->
<feat xlink:href="#tok_1124" value="him"/><!-- My.... -->
<feat xlink:href="#tok_1125" value="the"/><!-- My.... -->
<feat xlink:href="#tok_1126" value="birdman"/><!-- My.... -->
<feat xlink:href="#tok_1127" value="--"/><!-- My.... -->
<feat xlink:href="#tok_1128" value="Birdie"/><!-- My.... -->
<feat xlink:href="#tok_1129" value="--"/><!-- My.... -->
<feat xlink:href="#tok_1130" value="and"/><!-- My.... -->
<feat xlink:href="#tok_1131" value="they"/><!-- My.... -->
<feat xlink:href="#tok_1132" value="call"/><!-- My.... -->
<feat xlink:href="#tok_1133" value="me"/><!-- My.... -->
<feat xlink:href="#tok_1134" value="the"/><!-- My.... -->
<feat xlink:href="#tok_1135" value="Poet"/><!-- My.... -->
<feat xlink:href="#tok_1136" value="."/><!-- My.... -->
<feat xlink:href="#tok_1137" value="it"/><!-- It...&apos; -->
<feat xlink:href="#tok_1138" value="be"/><!-- It...&apos; -->
<feat xlink:href="#tok_1139" value="a"/><!-- It...&apos; -->
<feat xlink:href="#tok_1140" value="natural"/><!-- It...&apos; -->
<feat xlink:href="#tok_1141" value="thing"/><!-- It...&apos; -->
<feat xlink:href="#tok_1142" value=","/><!-- It...&apos; -->
<feat xlink:href="#tok_1143" value="but"/><!-- It...&apos; -->
<feat xlink:href="#tok_1144" value="I"/><!-- It...&apos; -->
<feat xlink:href="#tok_1145" value="never"/><!-- It...&apos; -->
<feat xlink:href="#tok_1146" value="coin"/><!-- It...&apos; -->
<feat xlink:href="#tok_1147" value="myself"/><!-- It...&apos; -->
<feat xlink:href="#tok_1148" value="as"/><!-- It...&apos; -->
<feat xlink:href="#tok_1149" value="&apos;"/><!-- It...&apos; -->
<feat xlink:href="#tok_1150" value="the"/><!-- It...&apos; -->
<feat xlink:href="#tok_1151" value="Met"/><!-- It...&apos; -->
<feat xlink:href="#tok_1152" value="Poet"/><!-- It...&apos; -->
<feat xlink:href="#tok_1153" value="."/><!-- It...&apos; -->
<feat xlink:href="#tok_1154" value="&apos;"/><!-- It...&apos; -->
</featList>
</paula>
