<?xml version="1.0" encoding="UTF-8" standalone="no"?>
<!DOCTYPE paula SYSTEM "paula_mark.dtd">
<paula version="1.0">

<header paula_id="ref.GUM.GUM_interview_messina_referentSeg"/>

<markList xmlns:xlink="http://www.w3.org/1999/xlink" type="referentSeg" xml:base="GUM.GUM_interview_messina.tok.xml">
	<mark id="referent_1" xlink:href="#tok_30"/>
	<mark id="referent_2" xlink:href="#xpointer(id('tok_33')/range-to(id('tok_36')))"/>
	<mark id="referent_3" xlink:href="#tok_39"/>
	<mark id="referent_4" xlink:href="#tok_43"/>
	<mark id="referent_5" xlink:href="#tok_46"/>
	<mark id="referent_6" xlink:href="#tok_52"/>
	<mark id="referent_7" xlink:href="#xpointer(id('tok_54')/range-to(id('tok_55')))"/>
	<mark id="referent_8" xlink:href="#tok_60"/>
	<mark id="referent_9" xlink:href="#tok_65"/>
	<mark id="referent_10" xlink:href="#xpointer(id('tok_67')/range-to(id('tok_68')))"/>
	<mark id="referent_11" xlink:href="#tok_70"/>
	<mark id="referent_12" xlink:href="#tok_73"/>
	<mark id="referent_13" xlink:href="#tok_76"/>
	<mark id="referent_14" xlink:href="#xpointer(id('tok_1')/range-to(id('tok_2')))"/>
	<mark id="referent_15" xlink:href="#xpointer(id('tok_7')/range-to(id('tok_10')))"/>
	<mark id="referent_16" xlink:href="#xpointer(id('tok_12')/range-to(id('tok_17')))"/>
	<mark id="referent_17" xlink:href="#xpointer(id('tok_4')/range-to(id('tok_5')))"/>
	<mark id="referent_18" xlink:href="#tok_18"/>
	<mark id="referent_19" xlink:href="#xpointer(id('tok_21')/range-to(id('tok_25')))"/>
	<mark id="referent_20" xlink:href="#xpointer(id('tok_38')/range-to(id('tok_74')))"/>
	<mark id="referent_21" xlink:href="#tok_88"/>
	<mark id="referent_22" xlink:href="#tok_91"/>
	<mark id="referent_23" xlink:href="#tok_93"/>
	<mark id="referent_24" xlink:href="#tok_95"/>
	<mark id="referent_25" xlink:href="#tok_103"/>
	<mark id="referent_26" xlink:href="#tok_106"/>
	<mark id="referent_27" xlink:href="#tok_114"/>
	<mark id="referent_28" xlink:href="#tok_124"/>
	<mark id="referent_29" xlink:href="#xpointer(id('tok_115')/range-to(id('tok_122')))"/>
	<mark id="referent_30" xlink:href="#tok_128"/>
	<mark id="referent_31" xlink:href="#tok_131"/>
	<mark id="referent_32" xlink:href="#tok_139"/>
	<mark id="referent_33" xlink:href="#xpointer(id('tok_145')/range-to(id('tok_150')))"/>
	<mark id="referent_34" xlink:href="#xpointer(id('tok_152')/range-to(id('tok_157')))"/>
	<mark id="referent_35" xlink:href="#xpointer(id('tok_159')/range-to(id('tok_160')))"/>
	<mark id="referent_36" xlink:href="#xpointer(id('tok_168')/range-to(id('tok_180')))"/>
	<mark id="referent_37" xlink:href="#tok_154"/>
	<mark id="referent_38" xlink:href="#tok_141"/>
	<mark id="referent_39" xlink:href="#tok_182"/>
	<mark id="referent_40" xlink:href="#tok_194"/>
	<mark id="referent_41" xlink:href="#xpointer(id('tok_163')/range-to(id('tok_166')))"/>
	<mark id="referent_42" xlink:href="#tok_204"/>
	<mark id="referent_43" xlink:href="#tok_215"/>
	<mark id="referent_44" xlink:href="#tok_224"/>
	<mark id="referent_45" xlink:href="#xpointer(id('tok_196')/range-to(id('tok_208')))"/>
	<mark id="referent_46" xlink:href="#xpointer(id('tok_228')/range-to(id('tok_231')))"/>
	<mark id="referent_47" xlink:href="#xpointer(id('tok_99')/range-to(id('tok_101')))"/>
	<mark id="referent_48" xlink:href="#xpointer(id('tok_108')/range-to(id('tok_109')))"/>
	<mark id="referent_49" xlink:href="#xpointer(id('tok_185')/range-to(id('tok_187')))"/>
	<mark id="referent_50" xlink:href="#xpointer(id('tok_191')/range-to(id('tok_192')))"/>
	<mark id="referent_51" xlink:href="#xpointer(id('tok_197')/range-to(id('tok_202')))"/>
	<mark id="referent_52" xlink:href="#xpointer(id('tok_219')/range-to(id('tok_221')))"/>
	<mark id="referent_53" xlink:href="#tok_234"/>
	<mark id="referent_54" xlink:href="#xpointer(id('tok_236')/range-to(id('tok_243')))"/>
	<mark id="referent_55" xlink:href="#xpointer(id('tok_242')/range-to(id('tok_243')))"/>
	<mark id="referent_56" xlink:href="#tok_248"/>
	<mark id="referent_57" xlink:href="#tok_251"/>
	<mark id="referent_58" xlink:href="#tok_253"/>
	<mark id="referent_59" xlink:href="#tok_256"/>
	<mark id="referent_60" xlink:href="#tok_263"/>
	<mark id="referent_61" xlink:href="#xpointer(id('tok_268')/range-to(id('tok_269')))"/>
	<mark id="referent_62" xlink:href="#tok_274"/>
	<mark id="referent_63" xlink:href="#xpointer(id('tok_276')/range-to(id('tok_280')))"/>
	<mark id="referent_64" xlink:href="#xpointer(id('tok_293')/range-to(id('tok_295')))"/>
	<mark id="referent_65" xlink:href="#tok_288"/>
	<mark id="referent_66" xlink:href="#tok_299"/>
	<mark id="referent_67" xlink:href="#xpointer(id('tok_303')/range-to(id('tok_307')))"/>
	<mark id="referent_68" xlink:href="#xpointer(id('tok_310')/range-to(id('tok_312')))"/>
	<mark id="referent_69" xlink:href="#xpointer(id('tok_302')/range-to(id('tok_312')))"/>
	<mark id="referent_70" xlink:href="#xpointer(id('tok_283')/range-to(id('tok_295')))"/>
	<mark id="referent_71" xlink:href="#tok_314"/>
	<mark id="referent_72" xlink:href="#xpointer(id('tok_318')/range-to(id('tok_322')))"/>
	<mark id="referent_73" xlink:href="#xpointer(id('tok_328')/range-to(id('tok_337')))"/>
	<mark id="referent_74" xlink:href="#xpointer(id('tok_339')/range-to(id('tok_340')))"/>
	<mark id="referent_75" xlink:href="#xpointer(id('tok_342')/range-to(id('tok_346')))"/>
	<mark id="referent_76" xlink:href="#xpointer(id('tok_350')/range-to(id('tok_352')))"/>
	<mark id="referent_77" xlink:href="#tok_354"/>
	<mark id="referent_78" xlink:href="#xpointer(id('tok_358')/range-to(id('tok_359')))"/>
	<mark id="referent_79" xlink:href="#xpointer(id('tok_361')/range-to(id('tok_362')))"/>
	<mark id="referent_80" xlink:href="#tok_365"/>
	<mark id="referent_81" xlink:href="#xpointer(id('tok_366')/range-to(id('tok_376')))"/>
	<mark id="referent_82" xlink:href="#tok_369"/>
	<mark id="referent_83" xlink:href="#xpointer(id('tok_370')/range-to(id('tok_371')))"/>
	<mark id="referent_84" xlink:href="#xpointer(id('tok_375')/range-to(id('tok_376')))"/>
	<mark id="referent_85" xlink:href="#tok_379"/>
	<mark id="referent_86" xlink:href="#xpointer(id('tok_382')/range-to(id('tok_383')))"/>
	<mark id="referent_87" xlink:href="#tok_400"/>
	<mark id="referent_88" xlink:href="#xpointer(id('tok_404')/range-to(id('tok_408')))"/>
	<mark id="referent_89" xlink:href="#tok_410"/>
	<mark id="referent_90" xlink:href="#xpointer(id('tok_416')/range-to(id('tok_424')))"/>
	<mark id="referent_91" xlink:href="#tok_428"/>
	<mark id="referent_92" xlink:href="#xpointer(id('tok_430')/range-to(id('tok_431')))"/>
	<mark id="referent_93" xlink:href="#tok_432"/>
	<mark id="referent_94" xlink:href="#tok_436"/>
	<mark id="referent_95" xlink:href="#xpointer(id('tok_438')/range-to(id('tok_441')))"/>
	<mark id="referent_96" xlink:href="#tok_443"/>
	<mark id="referent_97" xlink:href="#tok_449"/>
	<mark id="referent_98" xlink:href="#xpointer(id('tok_451')/range-to(id('tok_455')))"/>
	<mark id="referent_99" xlink:href="#tok_461"/>
	<mark id="referent_100" xlink:href="#xpointer(id('tok_463')/range-to(id('tok_464')))"/>
	<mark id="referent_101" xlink:href="#tok_466"/>
	<mark id="referent_102" xlink:href="#tok_469"/>
	<mark id="referent_103" xlink:href="#xpointer(id('tok_487')/range-to(id('tok_489')))"/>
	<mark id="referent_104" xlink:href="#tok_488"/>
	<mark id="referent_105" xlink:href="#tok_491"/>
	<mark id="referent_106" xlink:href="#tok_496"/>
	<mark id="referent_107" xlink:href="#tok_485"/>
	<mark id="referent_108" xlink:href="#tok_498"/>
	<mark id="referent_109" xlink:href="#tok_505"/>
	<mark id="referent_110" xlink:href="#xpointer(id('tok_507')/range-to(id('tok_508')))"/>
	<mark id="referent_111" xlink:href="#tok_512"/>
	<mark id="referent_112" xlink:href="#tok_517"/>
	<mark id="referent_113" xlink:href="#tok_530"/>
	<mark id="referent_114" xlink:href="#xpointer(id('tok_712')/range-to(id('tok_713')))"/>
	<mark id="referent_115" xlink:href="#tok_723"/>
	<mark id="referent_116" xlink:href="#xpointer(id('tok_727')/range-to(id('tok_730')))"/>
	<mark id="referent_117" xlink:href="#xpointer(id('tok_732')/range-to(id('tok_734')))"/>
	<mark id="referent_118" xlink:href="#xpointer(id('tok_736')/range-to(id('tok_742')))"/>
	<mark id="referent_119" xlink:href="#xpointer(id('tok_744')/range-to(id('tok_747')))"/>
	<mark id="referent_120" xlink:href="#tok_740"/>
	<mark id="referent_121" xlink:href="#tok_747"/>
	<mark id="referent_122" xlink:href="#tok_750"/>
	<mark id="referent_123" xlink:href="#tok_752"/>
	<mark id="referent_124" xlink:href="#xpointer(id('tok_754')/range-to(id('tok_755')))"/>
	<mark id="referent_125" xlink:href="#xpointer(id('tok_757')/range-to(id('tok_758')))"/>
	<mark id="referent_126" xlink:href="#tok_762"/>
	<mark id="referent_127" xlink:href="#tok_764"/>
	<mark id="referent_128" xlink:href="#tok_768"/>
	<mark id="referent_129" xlink:href="#tok_774"/>
	<mark id="referent_130" xlink:href="#xpointer(id('tok_782')/range-to(id('tok_783')))"/>
	<mark id="referent_131" xlink:href="#xpointer(id('tok_792')/range-to(id('tok_795')))"/>
	<mark id="referent_132" xlink:href="#tok_797"/>
	<mark id="referent_133" xlink:href="#tok_799"/>
	<mark id="referent_134" xlink:href="#xpointer(id('tok_803')/range-to(id('tok_804')))"/>
	<mark id="referent_135" xlink:href="#xpointer(id('tok_807')/range-to(id('tok_808')))"/>
	<mark id="referent_136" xlink:href="#xpointer(id('tok_810')/range-to(id('tok_814')))"/>
	<mark id="referent_137" xlink:href="#tok_815"/>
	<mark id="referent_138" xlink:href="#xpointer(id('tok_817')/range-to(id('tok_822')))"/>
	<mark id="referent_139" xlink:href="#tok_825"/>
	<mark id="referent_140" xlink:href="#xpointer(id('tok_832')/range-to(id('tok_849')))"/>
	<mark id="referent_141" xlink:href="#tok_851"/>
	<mark id="referent_142" xlink:href="#tok_855"/>
	<mark id="referent_143" xlink:href="#xpointer(id('tok_859')/range-to(id('tok_860')))"/>
	<mark id="referent_144" xlink:href="#xpointer(id('tok_821')/range-to(id('tok_822')))"/>
	<mark id="referent_145" xlink:href="#tok_867"/>
	<mark id="referent_146" xlink:href="#xpointer(id('tok_872')/range-to(id('tok_873')))"/>
	<mark id="referent_147" xlink:href="#tok_733"/>
	<mark id="referent_148" xlink:href="#tok_880"/>
	<mark id="referent_149" xlink:href="#xpointer(id('tok_883')/range-to(id('tok_884')))"/>
	<mark id="referent_150" xlink:href="#tok_885"/>
	<mark id="referent_151" xlink:href="#tok_888"/>
	<mark id="referent_152" xlink:href="#xpointer(id('tok_892')/range-to(id('tok_893')))"/>
	<mark id="referent_153" xlink:href="#tok_895"/>
	<mark id="referent_154" xlink:href="#tok_897"/>
	<mark id="referent_155" xlink:href="#tok_900"/>
	<mark id="referent_156" xlink:href="#xpointer(id('tok_861')/range-to(id('tok_862')))"/>
	<mark id="referent_157" xlink:href="#xpointer(id('tok_902')/range-to(id('tok_903')))"/>
	<mark id="referent_158" xlink:href="#tok_904"/>
	<mark id="referent_159" xlink:href="#tok_909"/>
	<mark id="referent_160" xlink:href="#xpointer(id('tok_917')/range-to(id('tok_918')))"/>
	<mark id="referent_161" xlink:href="#xpointer(id('tok_920')/range-to(id('tok_928')))"/>
	<mark id="referent_162" xlink:href="#tok_930"/>
	<mark id="referent_163" xlink:href="#xpointer(id('tok_934')/range-to(id('tok_940')))"/>
	<mark id="referent_164" xlink:href="#xpointer(id('tok_942')/range-to(id('tok_943')))"/>
	<mark id="referent_165" xlink:href="#tok_944"/>
	<mark id="referent_166" xlink:href="#tok_948"/>
	<mark id="referent_167" xlink:href="#xpointer(id('tok_950')/range-to(id('tok_957')))"/>
	<mark id="referent_168" xlink:href="#tok_959"/>
	<mark id="referent_169" xlink:href="#tok_963"/>
	<mark id="referent_170" xlink:href="#xpointer(id('tok_967')/range-to(id('tok_969')))"/>
	<mark id="referent_171" xlink:href="#tok_974"/>
	<mark id="referent_172" xlink:href="#xpointer(id('tok_972')/range-to(id('tok_973')))"/>
	<mark id="referent_173" xlink:href="#tok_979"/>
	<mark id="referent_174" xlink:href="#xpointer(id('tok_982')/range-to(id('tok_988')))"/>
	<mark id="referent_175" xlink:href="#tok_984"/>
	<mark id="referent_176" xlink:href="#tok_990"/>
	<mark id="referent_177" xlink:href="#tok_992"/>
	<mark id="referent_178" xlink:href="#tok_981"/>
	<mark id="referent_179" xlink:href="#tok_1002"/>
	<mark id="referent_180" xlink:href="#xpointer(id('tok_1009')/range-to(id('tok_1010')))"/>
	<mark id="referent_181" xlink:href="#tok_1031"/>
	<mark id="referent_182" xlink:href="#tok_1033"/>
	<mark id="referent_183" xlink:href="#xpointer(id('tok_1036')/range-to(id('tok_1043')))"/>
	<mark id="referent_184" xlink:href="#xpointer(id('tok_1049')/range-to(id('tok_1052')))"/>
	<mark id="referent_185" xlink:href="#tok_1062"/>
	<mark id="referent_186" xlink:href="#xpointer(id('tok_1065')/range-to(id('tok_1070')))"/>
	<mark id="referent_187" xlink:href="#tok_1067"/>
	<mark id="referent_188" xlink:href="#xpointer(id('tok_1069')/range-to(id('tok_1070')))"/>
	<mark id="referent_189" xlink:href="#xpointer(id('tok_1073')/range-to(id('tok_1076')))"/>
	<mark id="referent_190" xlink:href="#xpointer(id('tok_1079')/range-to(id('tok_1083')))"/>
	<mark id="referent_191" xlink:href="#tok_1085"/>
	<mark id="referent_192" xlink:href="#tok_1089"/>
	<mark id="referent_193" xlink:href="#tok_1090"/>
	<mark id="referent_194" xlink:href="#xpointer(id('tok_1096')/range-to(id('tok_1100')))"/>
	<mark id="referent_195" xlink:href="#xpointer(id('tok_1102')/range-to(id('tok_1105')))"/>
	<mark id="referent_196" xlink:href="#tok_1109"/>
	<mark id="referent_197" xlink:href="#xpointer(id('tok_1114')/range-to(id('tok_1115')))"/>
	<mark id="referent_198" xlink:href="#tok_1124"/>
	<mark id="referent_199" xlink:href="#xpointer(id('tok_1125')/range-to(id('tok_1126')))"/>
	<mark id="referent_200" xlink:href="#tok_1128"/>
	<mark id="referent_201" xlink:href="#tok_1120"/>
	<mark id="referent_202" xlink:href="#tok_1131"/>
	<mark id="referent_203" xlink:href="#tok_1133"/>
	<mark id="referent_204" xlink:href="#xpointer(id('tok_1134')/range-to(id('tok_1135')))"/>
	<mark id="referent_205" xlink:href="#xpointer(id('tok_1120')/range-to(id('tok_1135')))"/>
	<mark id="referent_206" xlink:href="#tok_1137"/>
	<mark id="referent_207" xlink:href="#tok_1144"/>
	<mark id="referent_208" xlink:href="#tok_1147"/>
	<mark id="referent_209" xlink:href="#xpointer(id('tok_1150')/range-to(id('tok_1152')))"/>
	<mark id="referent_210" xlink:href="#tok_57"/>
	<mark id="referent_211" xlink:href="#xpointer(id('tok_130')/range-to(id('tok_135')))"/>
	<mark id="referent_212" xlink:href="#tok_150"/>
	<mark id="referent_213" xlink:href="#xpointer(id('tok_176')/range-to(id('tok_177')))"/>
	<mark id="referent_214" xlink:href="#xpointer(id('tok_175')/range-to(id('tok_180')))"/>
	<mark id="referent_215" xlink:href="#xpointer(id('tok_286')/range-to(id('tok_290')))"/>
	<mark id="referent_216" xlink:href="#xpointer(id('tok_454')/range-to(id('tok_455')))"/>
	<mark id="referent_217" xlink:href="#xpointer(id('tok_522')/range-to(id('tok_523')))"/>
	<mark id="referent_218" xlink:href="#xpointer(id('tok_519')/range-to(id('tok_520')))"/>
	<mark id="referent_219" xlink:href="#xpointer(id('tok_535')/range-to(id('tok_536')))"/>
	<mark id="referent_220" xlink:href="#tok_553"/>
	<mark id="referent_221" xlink:href="#tok_576"/>
	<mark id="referent_222" xlink:href="#tok_579"/>
	<mark id="referent_223" xlink:href="#xpointer(id('tok_590')/range-to(id('tok_591')))"/>
	<mark id="referent_224" xlink:href="#tok_593"/>
	<mark id="referent_225" xlink:href="#tok_606"/>
	<mark id="referent_226" xlink:href="#tok_617"/>
	<mark id="referent_227" xlink:href="#xpointer(id('tok_629')/range-to(id('tok_634')))"/>
	<mark id="referent_228" xlink:href="#xpointer(id('tok_640')/range-to(id('tok_641')))"/>
	<mark id="referent_229" xlink:href="#tok_637"/>
	<mark id="referent_230" xlink:href="#xpointer(id('tok_586')/range-to(id('tok_588')))"/>
	<mark id="referent_231" xlink:href="#xpointer(id('tok_640')/range-to(id('tok_642')))"/>
	<mark id="referent_232" xlink:href="#tok_647"/>
	<mark id="referent_233" xlink:href="#xpointer(id('tok_650')/range-to(id('tok_651')))"/>
	<mark id="referent_234" xlink:href="#tok_653"/>
	<mark id="referent_235" xlink:href="#tok_660"/>
	<mark id="referent_236" xlink:href="#xpointer(id('tok_666')/range-to(id('tok_667')))"/>
	<mark id="referent_237" xlink:href="#tok_669"/>
	<mark id="referent_238" xlink:href="#xpointer(id('tok_673')/range-to(id('tok_675')))"/>
	<mark id="referent_239" xlink:href="#xpointer(id('tok_677')/range-to(id('tok_678')))"/>
	<mark id="referent_240" xlink:href="#tok_663"/>
	<mark id="referent_241" xlink:href="#tok_582"/>
	<mark id="referent_242" xlink:href="#tok_9"/>
	<mark id="referent_243" xlink:href="#tok_311"/>
	<mark id="referent_244" xlink:href="#xpointer(id('tok_682')/range-to(id('tok_687')))"/>
	<mark id="referent_245" xlink:href="#tok_690"/>
	<mark id="referent_246" xlink:href="#tok_695"/>
	<mark id="referent_247" xlink:href="#tok_692"/>
	<mark id="referent_248" xlink:href="#xpointer(id('tok_704')/range-to(id('tok_705')))"/>
	<mark id="referent_249" xlink:href="#tok_828"/>
	<mark id="referent_250" xlink:href="#xpointer(id('tok_833')/range-to(id('tok_834')))"/>
	<mark id="referent_251" xlink:href="#tok_845"/>
	<mark id="referent_252" xlink:href="#xpointer(id('tok_936')/range-to(id('tok_937')))"/>
	<mark id="referent_253" xlink:href="#xpointer(id('tok_939')/range-to(id('tok_940')))"/>
	<mark id="referent_254" xlink:href="#tok_977"/>
	<mark id="referent_255" xlink:href="#xpointer(id('tok_997')/range-to(id('tok_1015')))"/>
	<mark id="referent_256" xlink:href="#tok_1016"/>
	<mark id="referent_257" xlink:href="#tok_1020"/>
	<mark id="referent_258" xlink:href="#tok_1028"/>
	<mark id="referent_259" xlink:href="#xpointer(id('tok_1059')/range-to(id('tok_1061')))"/>
	<mark id="referent_260" xlink:href="#tok_54"/>
	<mark id="referent_261" xlink:href="#tok_67"/>
	<mark id="referent_262" xlink:href="#tok_134"/>
	<mark id="referent_263" xlink:href="#tok_197"/>
	<mark id="referent_264" xlink:href="#tok_487"/>
	<mark id="referent_265" xlink:href="#tok_810"/>
	<mark id="referent_266" xlink:href="#tok_1114"/>
	<mark id="referent_267" xlink:href="#tok_1111"/>
	<mark id="referent_268" xlink:href="#tok_85"/>
	<mark id="referent_269" xlink:href="#tok_268"/>
	<mark id="referent_270" xlink:href="#tok_306"/>
	<mark id="referent_271" xlink:href="#tok_650"/>
	<mark id="referent_272" xlink:href="#tok_682"/>
	<mark id="referent_273" xlink:href="#tok_732"/>
	<mark id="referent_274" xlink:href="#tok_782"/>
	<mark id="referent_275" xlink:href="#tok_803"/>
	<mark id="referent_276" xlink:href="#tok_358"/>
	<mark id="referent_277" xlink:href="#tok_370"/>
	<mark id="referent_278" xlink:href="#tok_382"/>
	<mark id="referent_279" xlink:href="#tok_1000"/>
	<mark id="referent_280" xlink:href="#xpointer(id('tok_1111')/range-to(id('tok_1112')))"/>
	<mark id="referent_281" xlink:href="#tok_1114"/>
	<mark id="referent_282" xlink:href="#tok_1099"/>
	<mark id="referent_283" xlink:href="#xpointer(id('tok_1026')/range-to(id('tok_1028')))"/>
	<mark id="referent_284" xlink:href="#xpointer(id('tok_1005')/range-to(id('tok_1015')))"/>
	<mark id="referent_285" xlink:href="#tok_1000"/>
	<mark id="referent_286" xlink:href="#tok_732"/>
	<mark id="referent_287" xlink:href="#tok_489"/>
	<mark id="referent_288" xlink:href="#tok_485"/>
	<mark id="referent_289" xlink:href="#xpointer(id('tok_475')/range-to(id('tok_482')))"/>
	<mark id="referent_290" xlink:href="#xpointer(id('tok_445')/range-to(id('tok_447')))"/>
	<mark id="referent_291" xlink:href="#tok_382"/>
	<mark id="referent_292" xlink:href="#xpointer(id('tok_339')/range-to(id('tok_352')))"/>
	<mark id="referent_293" xlink:href="#tok_370"/>
	<mark id="referent_294" xlink:href="#xpointer(id('tok_182')/range-to(id('tok_192')))"/>
	<mark id="referent_295" xlink:href="#tok_85"/>
	<mark id="referent_296" xlink:href="#xpointer(id('tok_91')/range-to(id('tok_93')))"/>
	<mark id="referent_297" xlink:href="#tok_82"/>
	<mark id="referent_298" xlink:href="#xpointer(id('tok_78')/range-to(id('tok_80')))"/>
</markList>
</paula>
