<?xml version="1.0" ?>
<!DOCTYPE paula SYSTEM "paula_feat.dtd">
<paula version="1.1">
<header paula_id="rst.GUM_interview_messina.struct_relname">
</header>
<featList xmlns:xlink="http://www.w3.org/1999/xlink" type="relname" xml:base="rst.GUM_interview_messina.struct.xml">
<feat xlink:href="#sDomRel1156" value="circumstance">
</feat>
<feat xlink:href="#sDomRel1159" value="circumstance">
</feat>
<feat xlink:href="#sDomRel1269" value="cause">
</feat>
<feat xlink:href="#sDomRel1294" value="elaboration">
</feat>
<feat xlink:href="#sDomRel1165" value="background">
</feat>
<feat xlink:href="#sDomRel1172" value="restatement">
</feat>
<feat xlink:href="#sDomRel1171" value="evaluation">
</feat>
<feat xlink:href="#sDomRel1174" value="circumstance">
</feat>
<feat xlink:href="#sDomRel1178" value="restatement">
</feat>
<feat xlink:href="#sDomRel1280" value="background">
</feat>
<feat xlink:href="#sDomRel1281" value="solutionhood">
</feat>
<feat xlink:href="#sDomRel1289" value="justify">
</feat>
<feat xlink:href="#sDomRel1283" value="evidence">
</feat>
<feat xlink:href="#sDomRel1292" value="elaboration">
</feat>
<feat xlink:href="#sDomRel1282" value="elaboration">
</feat>
<feat xlink:href="#sDomRel1287" value="elaboration">
</feat>
<feat xlink:href="#sDomRel1288" value="elaboration">
</feat>
<feat xlink:href="#sDomRel1186" value="cause">
</feat>
<feat xlink:href="#sDomRel1188" value="evaluation">
</feat>
<feat xlink:href="#sDomRel1190" value="evaluation">
</feat>
<feat xlink:href="#sDomRel1191" value="circumstance">
</feat>
<feat xlink:href="#sDomRel1194" value="elaboration">
</feat>
<feat xlink:href="#sDomRel1195" value="result">
</feat>
<feat xlink:href="#sDomRel1291" value="evaluation">
</feat>
<feat xlink:href="#sDomRel1196" value="circumstance">
</feat>
<feat xlink:href="#sDomRel1200" value="preparation">
</feat>
<feat xlink:href="#sDomRel1298" value="elaboration">
</feat>
<feat xlink:href="#sDomRel1205" value="circumstance">
</feat>
<feat xlink:href="#sDomRel1207" value="cause">
</feat>
<feat xlink:href="#sDomRel1300" value="solutionhood">
</feat>
<feat xlink:href="#sDomRel1209" value="purpose">
</feat>
<feat xlink:href="#sDomRel1212" value="motivation">
</feat>
<feat xlink:href="#sDomRel1213" value="restatement">
</feat>
<feat xlink:href="#sDomRel1214" value="circumstance">
</feat>
<feat xlink:href="#sDomRel1304" value="motivation">
</feat>
<feat xlink:href="#sDomRel1219" value="circumstance">
</feat>
<feat xlink:href="#sDomRel1221" value="background">
</feat>
<feat xlink:href="#sDomRel1313" value="elaboration">
</feat>
<feat xlink:href="#sDomRel1229" value="restatement">
</feat>
<feat xlink:href="#sDomRel1231" value="evaluation">
</feat>
<feat xlink:href="#sDomRel1315" value="cause">
</feat>
<feat xlink:href="#sDomRel1234" value="elaboration">
</feat>
<feat xlink:href="#sDomRel1236" value="restatement">
</feat>
<feat xlink:href="#sDomRel1238" value="restatement">
</feat>
<feat xlink:href="#sDomRel1239" value="background">
</feat>
<feat xlink:href="#sDomRel1242" value="elaboration">
</feat>
<feat xlink:href="#sDomRel1243" value="background">
</feat>
<feat xlink:href="#sDomRel1324" value="background">
</feat>
<feat xlink:href="#sDomRel1333" value="elaboration">
</feat>
<feat xlink:href="#sDomRel1250" value="cause">
</feat>
<feat xlink:href="#sDomRel1254" value="cause">
</feat>
<feat xlink:href="#sDomRel1255" value="background">
</feat>
<feat xlink:href="#sDomRel1258" value="evaluation">
</feat>
<feat xlink:href="#sDomRel1155" value="span">
</feat>
<feat xlink:href="#sDomRel1160" value="span">
</feat>
<feat xlink:href="#sDomRel1161" value="result">
</feat>
<feat xlink:href="#sDomRel1158" value="concession">
</feat>
<feat xlink:href="#sDomRel1260" value="span">
</feat>
<feat xlink:href="#sDomRel1162" value="evaluation">
</feat>
<feat xlink:href="#sDomRel1261" value="span">
</feat>
<feat xlink:href="#sDomRel1157" value="solutionhood">
</feat>
<feat xlink:href="#sDomRel1262" value="span">
</feat>
<feat xlink:href="#sDomRel1263" value="span">
</feat>
<feat xlink:href="#sDomRel1264" value="joint">
</feat>
<feat xlink:href="#sDomRel1295" value="joint">
</feat>
<feat xlink:href="#sDomRel1296" value="joint">
</feat>
<feat xlink:href="#sDomRel1331" value="joint">
</feat>
<feat xlink:href="#sDomRel1332" value="joint">
</feat>
<feat xlink:href="#sDomRel1335" value="joint">
</feat>
<feat xlink:href="#sDomRel1336" value="joint">
</feat>
<feat xlink:href="#sDomRel1166" value="span">
</feat>
<feat xlink:href="#sDomRel1163" value="solutionhood">
</feat>
<feat xlink:href="#sDomRel1164" value="span">
</feat>
<feat xlink:href="#sDomRel1170" value="span">
</feat>
<feat xlink:href="#sDomRel1167" value="joint">
</feat>
<feat xlink:href="#sDomRel1168" value="joint">
</feat>
<feat xlink:href="#sDomRel1169" value="joint">
</feat>
<feat xlink:href="#sDomRel1175" value="joint">
</feat>
<feat xlink:href="#sDomRel1267" value="joint">
</feat>
<feat xlink:href="#sDomRel1271" value="joint">
</feat>
<feat xlink:href="#sDomRel1265" value="span">
</feat>
<feat xlink:href="#sDomRel1176" value="span">
</feat>
<feat xlink:href="#sDomRel1272" value="background">
</feat>
<feat xlink:href="#sDomRel1173" value="span">
</feat>
<feat xlink:href="#sDomRel1268" value="span">
</feat>
<feat xlink:href="#sDomRel1270" value="span">
</feat>
<feat xlink:href="#sDomRel1293" value="elaboration">
</feat>
<feat xlink:href="#sDomRel1256" value="span">
</feat>
<feat xlink:href="#sDomRel1257" value="span">
</feat>
<feat xlink:href="#sDomRel1259" value="antithesis">
</feat>
<feat xlink:href="#sDomRel1274" value="joint">
</feat>
<feat xlink:href="#sDomRel1275" value="joint">
</feat>
<feat xlink:href="#sDomRel1252" value="preparation">
</feat>
<feat xlink:href="#sDomRel1253" value="span">
</feat>
<feat xlink:href="#sDomRel1278" value="background">
</feat>
<feat xlink:href="#sDomRel1276" value="span">
</feat>
<feat xlink:href="#sDomRel1179" value="contrast">
</feat>
<feat xlink:href="#sDomRel1180" value="contrast">
</feat>
<feat xlink:href="#sDomRel1279" value="span">
</feat>
<feat xlink:href="#sDomRel1181" value="span">
</feat>
<feat xlink:href="#sDomRel1185" value="span">
</feat>
<feat xlink:href="#sDomRel1184" value="span">
</feat>
<feat xlink:href="#sDomRel1187" value="span">
</feat>
<feat xlink:href="#sDomRel1284" value="contrast">
</feat>
<feat xlink:href="#sDomRel1286" value="contrast">
</feat>
<feat xlink:href="#sDomRel1189" value="span">
</feat>
<feat xlink:href="#sDomRel1285" value="span">
</feat>
<feat xlink:href="#sDomRel1192" value="span">
</feat>
<feat xlink:href="#sDomRel1183" value="span">
</feat>
<feat xlink:href="#sDomRel1197" value="span">
</feat>
<feat xlink:href="#sDomRel1198" value="antithesis">
</feat>
<feat xlink:href="#sDomRel1290" value="span">
</feat>
<feat xlink:href="#sDomRel1193" value="span">
</feat>
<feat xlink:href="#sDomRel1177" value="span">
</feat>
<feat xlink:href="#sDomRel1273" value="span">
</feat>
<feat xlink:href="#sDomRel1266" value="span">
</feat>
<feat xlink:href="#sDomRel1182" value="span">
</feat>
<feat xlink:href="#sDomRel1202" value="contrast">
</feat>
<feat xlink:href="#sDomRel1203" value="contrast">
</feat>
<feat xlink:href="#sDomRel1297" value="span">
</feat>
<feat xlink:href="#sDomRel1201" value="span">
</feat>
<feat xlink:href="#sDomRel1204" value="span">
</feat>
<feat xlink:href="#sDomRel1208" value="circumstance">
</feat>
<feat xlink:href="#sDomRel1210" value="span">
</feat>
<feat xlink:href="#sDomRel1244" value="sequence">
</feat>
<feat xlink:href="#sDomRel1245" value="sequence">
</feat>
<feat xlink:href="#sDomRel1246" value="sequence">
</feat>
<feat xlink:href="#sDomRel1325" value="background">
</feat>
<feat xlink:href="#sDomRel1211" value="span">
</feat>
<feat xlink:href="#sDomRel1215" value="span">
</feat>
<feat xlink:href="#sDomRel1217" value="restatement">
</feat>
<feat xlink:href="#sDomRel1306" value="restatement">
</feat>
<feat xlink:href="#sDomRel1218" value="span">
</feat>
<feat xlink:href="#sDomRel1206" value="joint">
</feat>
<feat xlink:href="#sDomRel1220" value="elaboration">
</feat>
<feat xlink:href="#sDomRel1299" value="background">
</feat>
<feat xlink:href="#sDomRel1303" value="joint">
</feat>
<feat xlink:href="#sDomRel1308" value="joint">
</feat>
<feat xlink:href="#sDomRel1309" value="joint">
</feat>
<feat xlink:href="#sDomRel1310" value="joint">
</feat>
<feat xlink:href="#sDomRel1301" value="span">
</feat>
<feat xlink:href="#sDomRel1216" value="span">
</feat>
<feat xlink:href="#sDomRel1305" value="span">
</feat>
<feat xlink:href="#sDomRel1199" value="solutionhood">
</feat>
<feat xlink:href="#sDomRel1307" value="span">
</feat>
<feat xlink:href="#sDomRel1224" value="antithesis">
</feat>
<feat xlink:href="#sDomRel1225" value="joint">
</feat>
<feat xlink:href="#sDomRel1226" value="joint">
</feat>
<feat xlink:href="#sDomRel1227" value="joint">
</feat>
<feat xlink:href="#sDomRel1312" value="span">
</feat>
<feat xlink:href="#sDomRel1327" value="joint">
</feat>
<feat xlink:href="#sDomRel1328" value="joint">
</feat>
<feat xlink:href="#sDomRel1329" value="joint">
</feat>
<feat xlink:href="#sDomRel1330" value="solutionhood">
</feat>
<feat xlink:href="#sDomRel1233" value="span">
</feat>
<feat xlink:href="#sDomRel1230" value="sequence">
</feat>
<feat xlink:href="#sDomRel1317" value="sequence">
</feat>
<feat xlink:href="#sDomRel1228" value="span">
</feat>
<feat xlink:href="#sDomRel1232" value="span">
</feat>
<feat xlink:href="#sDomRel1316" value="contrast">
</feat>
<feat xlink:href="#sDomRel1318" value="contrast">
</feat>
<feat xlink:href="#sDomRel1323" value="elaboration">
</feat>
<feat xlink:href="#sDomRel1235" value="span">
</feat>
<feat xlink:href="#sDomRel1237" value="span">
</feat>
<feat xlink:href="#sDomRel1320" value="contrast">
</feat>
<feat xlink:href="#sDomRel1321" value="contrast">
</feat>
<feat xlink:href="#sDomRel1322" value="span">
</feat>
<feat xlink:href="#sDomRel1240" value="span">
</feat>
<feat xlink:href="#sDomRel1241" value="span">
</feat>
<feat xlink:href="#sDomRel1247" value="evaluation">
</feat>
<feat xlink:href="#sDomRel1302" value="span">
</feat>
<feat xlink:href="#sDomRel1319" value="span">
</feat>
<feat xlink:href="#sDomRel1223" value="span">
</feat>
<feat xlink:href="#sDomRel1326" value="span">
</feat>
<feat xlink:href="#sDomRel1222" value="span">
</feat>
<feat xlink:href="#sDomRel1311" value="span">
</feat>
<feat xlink:href="#sDomRel1314" value="span">
</feat>
<feat xlink:href="#sDomRel1251" value="span">
</feat>
<feat xlink:href="#sDomRel1248" value="solutionhood">
</feat>
<feat xlink:href="#sDomRel1249" value="span">
</feat>
<feat xlink:href="#sDomRel1334" value="span">
</feat>
<feat xlink:href="#sDomRel1277" value="span">
</feat>
</featList>
</paula>
