<?xml version="1.0" encoding="UTF-8" standalone="no"?>

<!DOCTYPE paula SYSTEM "paula_mark.dtd">
<paula version="1.0">

<header paula_id="tei.GUM.GUM_interview_messina_sp_whoSeg"/>

<markList xmlns:xlink="http://www.w3.org/1999/xlink" type="sp_whoSeg" xml:base="GUM.GUM_interview_messina.tok.xml">
<mark id="sp_who_18" xlink:href="#xpointer(id('tok_18')/range-to(id('tok_27')))"/><!-- You.... -->
<mark id="sp_who_28" xlink:href="#xpointer(id('tok_28')/range-to(id('tok_81')))"/><!-- Even.... -->
<mark id="sp_who_82" xlink:href="#xpointer(id('tok_82')/range-to(id('tok_90')))"/><!-- What...? -->
<mark id="sp_who_91" xlink:href="#xpointer(id('tok_91')/range-to(id('tok_273')))"/><!-- I...&quot; -->
<mark id="sp_who_274" xlink:href="#xpointer(id('tok_274')/range-to(id('tok_313')))"/><!-- You...? -->
<mark id="sp_who_314" xlink:href="#xpointer(id('tok_314')/range-to(id('tok_503')))"/><!-- It.... -->
<mark id="sp_who_504" xlink:href="#xpointer(id('tok_504')/range-to(id('tok_516')))"/><!-- Can...? -->
<mark id="sp_who_517" xlink:href="#xpointer(id('tok_517')/range-to(id('tok_711')))"/><!-- This...&quot; -->
<mark id="sp_who_712" xlink:href="#xpointer(id('tok_712')/range-to(id('tok_735')))"/><!-- Sports...? -->
<mark id="sp_who_736" xlink:href="#xpointer(id('tok_736')/range-to(id('tok_1025')))"/><!-- This.... -->
<mark id="sp_who_1026" xlink:href="#xpointer(id('tok_1026')/range-to(id('tok_1044')))"/><!-- Moments.... -->
<mark id="sp_who_1045" xlink:href="#xpointer(id('tok_1045')/range-to(id('tok_1154')))"/><!-- It...&apos; -->
</markList>
</paula>
