<?xml version="1.0" encoding="UTF-8" standalone="no"?>

<!DOCTYPE paula SYSTEM "paula_mark.dtd">
<paula version="1.0">

<header paula_id="tei.GUM.GUM_interview_messina_l_nSeg"/>

<markList xmlns:xlink="http://www.w3.org/1999/xlink" type="l_nSeg" xml:base="GUM.GUM_interview_messina.tok.xml">
<mark id="l_n_552" xlink:href="#xpointer(id('tok_552')/range-to(id('tok_558')))"/><!-- Do...like -->
<mark id="l_n_559" xlink:href="#xpointer(id('tok_559')/range-to(id('tok_566')))"/><!-- to...Failure -->
<mark id="l_n_567" xlink:href="#xpointer(id('tok_567')/range-to(id('tok_573')))"/><!-- while...? -->
<mark id="l_n_574" xlink:href="#xpointer(id('tok_574')/range-to(id('tok_583')))"/><!-- Of...fan -->
<mark id="l_n_584" xlink:href="#xpointer(id('tok_584')/range-to(id('tok_588')))"/><!-- caught...moment -->
<mark id="l_n_589" xlink:href="#xpointer(id('tok_589')/range-to(id('tok_593')))"/><!-- in...Shea -->
<mark id="l_n_594" xlink:href="#xpointer(id('tok_594')/range-to(id('tok_599')))"/><!-- As...hard -->
<mark id="l_n_600" xlink:href="#xpointer(id('tok_600')/range-to(id('tok_604')))"/><!-- through...dream -->
<mark id="l_n_605" xlink:href="#xpointer(id('tok_605')/range-to(id('tok_616')))"/><!-- Let...occasion -->
<mark id="l_n_617" xlink:href="#xpointer(id('tok_617')/range-to(id('tok_628')))"/><!-- you..., -->
<mark id="l_n_629" xlink:href="#xpointer(id('tok_629')/range-to(id('tok_635')))"/><!-- Have..., -->
<mark id="l_n_636" xlink:href="#xpointer(id('tok_636')/range-to(id('tok_643')))"/><!-- for...! -->
<mark id="l_n_644" xlink:href="#xpointer(id('tok_644')/range-to(id('tok_652')))"/><!-- Do...! -->
<mark id="l_n_653" xlink:href="#xpointer(id('tok_653')/range-to(id('tok_659')))"/><!-- you...long -->
<mark id="l_n_660" xlink:href="#xpointer(id('tok_660')/range-to(id('tok_667')))"/><!-- You...September -->
<mark id="l_n_668" xlink:href="#xpointer(id('tok_668')/range-to(id('tok_675')))"/><!-- and...end -->
<mark id="l_n_676" xlink:href="#xpointer(id('tok_676')/range-to(id('tok_680')))"/><!-- Cheer...; -->
<mark id="l_n_681" xlink:href="#xpointer(id('tok_681')/range-to(id('tok_688')))"/><!-- (...) -->
<mark id="l_n_689" xlink:href="#xpointer(id('tok_689')/range-to(id('tok_693')))"/><!-- Let...shout -->
<mark id="l_n_694" xlink:href="#xpointer(id('tok_694')/range-to(id('tok_701')))"/><!-- as...due -->
</markList>
</paula>
