<?xml version="1.0" encoding="UTF-8" standalone="no"?>

<!DOCTYPE paula SYSTEM "paula_feat.dtd">
<paula version="1.0">

<header paula_id="tei.GUM.GUM_interview_messina.pSeg_p_rend"/>

<featList xmlns:xlink="http://www.w3.org/1999/xlink" type="p_rend" xml:base="tei.GUM.GUM_interview_messina.pSeg.xml">
<feat xlink:href="#p_18" value="bold"/><!-- You.... -->
<feat xlink:href="#p_28" value="indent"/><!-- Even.... -->
<feat xlink:href="#p_82" value="bold"/><!-- What...? -->
<feat xlink:href="#p_91" value="indent"/><!-- I...&quot; -->
<feat xlink:href="#p_274" value="bold"/><!-- You...? -->
<feat xlink:href="#p_314" value="indent"/><!-- It.... -->
<feat xlink:href="#p_436" value="indent"/><!-- I.... -->
<feat xlink:href="#p_504" value="bold"/><!-- Can...? -->
<feat xlink:href="#p_552" value="indent"/><!-- Do...&quot; -->
<feat xlink:href="#p_712" value="bold"/><!-- Sports...? -->
<feat xlink:href="#p_736" value="indent"/><!-- This...&apos; -->
<feat xlink:href="#p_807" value="indent"/><!-- Last.... -->
<feat xlink:href="#p_915" value="indent"/><!-- There.... -->
<feat xlink:href="#p_1026" value="bold"/><!-- Moments.... -->
<feat xlink:href="#p_1045" value="indent"/><!-- It...&apos; -->
</featList>
</paula>
