<?xml version="1.0" encoding="UTF-8" standalone="no"?>

<!DOCTYPE paula SYSTEM "paula_feat.dtd">
<paula version="1.0">

<header paula_id="tei.GUM.GUM_interview_messina_p"/>

<featList xmlns:xlink="http://www.w3.org/1999/xlink" type="p" xml:base="tei.GUM.GUM_interview_messina.pSeg.xml">
<feat xlink:href="#p_18" value="p"/><!-- You.... -->
<feat xlink:href="#p_28" value="p"/><!-- Even.... -->
<feat xlink:href="#p_82" value="p"/><!-- What...? -->
<feat xlink:href="#p_91" value="p"/><!-- I...&quot; -->
<feat xlink:href="#p_274" value="p"/><!-- You...? -->
<feat xlink:href="#p_314" value="p"/><!-- It.... -->
<feat xlink:href="#p_436" value="p"/><!-- I.... -->
<feat xlink:href="#p_504" value="p"/><!-- Can...? -->
<feat xlink:href="#p_517" value="p"/><!-- This...: -->
<feat xlink:href="#p_552" value="p"/><!-- Do...&quot; -->
<feat xlink:href="#p_712" value="p"/><!-- Sports...? -->
<feat xlink:href="#p_736" value="p"/><!-- This...&apos; -->
<feat xlink:href="#p_807" value="p"/><!-- Last.... -->
<feat xlink:href="#p_915" value="p"/><!-- There.... -->
<feat xlink:href="#p_1026" value="p"/><!-- Moments.... -->
<feat xlink:href="#p_1045" value="p"/><!-- It...&apos; -->
</featList>
</paula>
