<?xml version="1.0" encoding="UTF-8" standalone="no"?>

<!DOCTYPE paula SYSTEM "paula_feat.dtd">
<paula version="1.0">

<header paula_id="tei.GUM.GUM_interview_messina_hi_rend"/>

<featList xmlns:xlink="http://www.w3.org/1999/xlink" type="hi_rend" xml:base="tei.GUM.GUM_interview_messina.hi_rendSeg.xml">
<feat xlink:href="#hi_rend_463" value="italics"/><!-- Ground...Zero -->
<feat xlink:href="#hi_rend_552" value="italic"/><!-- Do...&quot; -->
<feat xlink:href="#hi_rend_821" value="italics"/><!-- We...&apos; -->
<feat xlink:href="#hi_rend_847" value="italics"/><!-- We...Know -->
<feat xlink:href="#hi_rend_880" value="italics"/><!-- we...knew -->
<feat xlink:href="#hi_rend_887" value="italics"/><!-- knew -->
<feat xlink:href="#hi_rend_940" value="italics"/><!-- Cardinals -->
<feat xlink:href="#hi_rend_1062" value="italics"/><!-- SNY -->
</featList>
</paula>
