<?xml version="1.0" encoding="UTF-8" standalone="no"?>

<!DOCTYPE paula SYSTEM "paula_mark.dtd">
<paula version="1.0">

<header paula_id="tei.GUM.GUM_interview_messina_pSeg"/>

<markList xmlns:xlink="http://www.w3.org/1999/xlink" type="pSeg" xml:base="GUM.GUM_interview_messina.tok.xml">
<mark id="p_18" xlink:href="#xpointer(id('tok_18')/range-to(id('tok_27')))"/><!-- You.... -->
<mark id="p_28" xlink:href="#xpointer(id('tok_28')/range-to(id('tok_81')))"/><!-- Even.... -->
<mark id="p_82" xlink:href="#xpointer(id('tok_82')/range-to(id('tok_90')))"/><!-- What...? -->
<mark id="p_91" xlink:href="#xpointer(id('tok_91')/range-to(id('tok_273')))"/><!-- I...&quot; -->
<mark id="p_274" xlink:href="#xpointer(id('tok_274')/range-to(id('tok_313')))"/><!-- You...? -->
<mark id="p_314" xlink:href="#xpointer(id('tok_314')/range-to(id('tok_435')))"/><!-- It.... -->
<mark id="p_436" xlink:href="#xpointer(id('tok_436')/range-to(id('tok_503')))"/><!-- I.... -->
<mark id="p_504" xlink:href="#xpointer(id('tok_504')/range-to(id('tok_516')))"/><!-- Can...? -->
<mark id="p_517" xlink:href="#xpointer(id('tok_517')/range-to(id('tok_551')))"/><!-- This...: -->
<mark id="p_552" xlink:href="#xpointer(id('tok_552')/range-to(id('tok_711')))"/><!-- Do...&quot; -->
<mark id="p_712" xlink:href="#xpointer(id('tok_712')/range-to(id('tok_735')))"/><!-- Sports...? -->
<mark id="p_736" xlink:href="#xpointer(id('tok_736')/range-to(id('tok_806')))"/><!-- This...&apos; -->
<mark id="p_807" xlink:href="#xpointer(id('tok_807')/range-to(id('tok_914')))"/><!-- Last.... -->
<mark id="p_915" xlink:href="#xpointer(id('tok_915')/range-to(id('tok_1025')))"/><!-- There.... -->
<mark id="p_1026" xlink:href="#xpointer(id('tok_1026')/range-to(id('tok_1044')))"/><!-- Moments.... -->
<mark id="p_1045" xlink:href="#xpointer(id('tok_1045')/range-to(id('tok_1154')))"/><!-- It...&apos; -->
</markList>
</paula>
