<?xml version="1.0" encoding="UTF-8" standalone="no"?>

<!DOCTYPE paula SYSTEM "paula_feat.dtd">
<paula version="1.0">

<header paula_id="tei.GUM.GUM_interview_messina_sp_who"/>

<featList xmlns:xlink="http://www.w3.org/1999/xlink" type="sp_who" xml:base="tei.GUM.GUM_interview_messina.sp_whoSeg.xml">
<feat xlink:href="#sp_who_18" value="#DavidShankbone"/><!-- You.... -->
<feat xlink:href="#sp_who_28" value="#FrankMessina"/><!-- Even.... -->
<feat xlink:href="#sp_who_82" value="#DavidShankbone"/><!-- What...? -->
<feat xlink:href="#sp_who_91" value="#FrankMessina"/><!-- I...&quot; -->
<feat xlink:href="#sp_who_274" value="#DavidShankbone"/><!-- You...? -->
<feat xlink:href="#sp_who_314" value="#FrankMessina"/><!-- It.... -->
<feat xlink:href="#sp_who_504" value="#DavidShankbone"/><!-- Can...? -->
<feat xlink:href="#sp_who_517" value="#FrankMessina"/><!-- This...&quot; -->
<feat xlink:href="#sp_who_712" value="#DavidShankbone"/><!-- Sports...? -->
<feat xlink:href="#sp_who_736" value="#FrankMessina"/><!-- This.... -->
<feat xlink:href="#sp_who_1026" value="#DavidShankbone"/><!-- Moments.... -->
<feat xlink:href="#sp_who_1045" value="#FrankMessina"/><!-- It...&apos; -->
</featList>
</paula>
