<?xml version="1.0" encoding="UTF-8" standalone="no"?>

<!DOCTYPE paula SYSTEM "paula_mark.dtd">
<paula version="1.0">

<header paula_id="tei.GUM.GUM_interview_messina_sSeg"/>

<markList xmlns:xlink="http://www.w3.org/1999/xlink" type="sSeg" xml:base="GUM.GUM_interview_messina.tok.xml">
<mark id="s_1" xlink:href="#xpointer(id('tok_1')/range-to(id('tok_11')))"/><!-- Frank...“ -->
<mark id="s_12" xlink:href="#xpointer(id('tok_12')/range-to(id('tok_17')))"/><!-- Wednesday...2007 -->
<mark id="s_18" xlink:href="#xpointer(id('tok_18')/range-to(id('tok_27')))"/><!-- You.... -->
<mark id="s_28" xlink:href="#xpointer(id('tok_28')/range-to(id('tok_75')))"/><!-- Even.... -->
<mark id="s_76" xlink:href="#xpointer(id('tok_76')/range-to(id('tok_81')))"/><!-- It.... -->
<mark id="s_82" xlink:href="#xpointer(id('tok_82')/range-to(id('tok_90')))"/><!-- What...? -->
<mark id="s_91" xlink:href="#xpointer(id('tok_91')/range-to(id('tok_94')))"/><!-- I.... -->
<mark id="s_95" xlink:href="#xpointer(id('tok_95')/range-to(id('tok_102')))"/><!-- I.... -->
<mark id="s_103" xlink:href="#xpointer(id('tok_103')/range-to(id('tok_110')))"/><!-- I.... -->
<mark id="s_111" xlink:href="#xpointer(id('tok_111')/range-to(id('tok_123')))"/><!-- Over.... -->
<mark id="s_124" xlink:href="#xpointer(id('tok_124')/range-to(id('tok_151')))"/><!-- I.... -->
<mark id="s_152" xlink:href="#xpointer(id('tok_152')/range-to(id('tok_181')))"/><!-- The.... -->
<mark id="s_182" xlink:href="#xpointer(id('tok_182')/range-to(id('tok_193')))"/><!-- I.... -->
<mark id="s_194" xlink:href="#xpointer(id('tok_194')/range-to(id('tok_209')))"/><!-- I.... -->
<mark id="s_210" xlink:href="#xpointer(id('tok_210')/range-to(id('tok_232')))"/><!-- As.... -->
<mark id="s_233" xlink:href="#xpointer(id('tok_233')/range-to(id('tok_254')))"/><!-- To.... -->
<mark id="s_255" xlink:href="#xpointer(id('tok_255')/range-to(id('tok_273')))"/><!-- When...&quot; -->
<mark id="s_274" xlink:href="#xpointer(id('tok_274')/range-to(id('tok_296')))"/><!-- You.... -->
<mark id="s_297" xlink:href="#xpointer(id('tok_297')/range-to(id('tok_313')))"/><!-- How...? -->
<mark id="s_314" xlink:href="#xpointer(id('tok_314')/range-to(id('tok_317')))"/><!-- It.... -->
<mark id="s_318" xlink:href="#xpointer(id('tok_318')/range-to(id('tok_338')))"/><!-- Some.... -->
<mark id="s_339" xlink:href="#xpointer(id('tok_339')/range-to(id('tok_353')))"/><!-- Walt.... -->
<mark id="s_354" xlink:href="#xpointer(id('tok_354')/range-to(id('tok_377')))"/><!-- He.... -->
<mark id="s_378" xlink:href="#xpointer(id('tok_378')/range-to(id('tok_395')))"/><!-- When.... -->
<mark id="s_396" xlink:href="#xpointer(id('tok_396')/range-to(id('tok_398')))"/><!-- Real.... -->
<mark id="s_399" xlink:href="#xpointer(id('tok_399')/range-to(id('tok_409')))"/><!-- Then.... -->
<mark id="s_410" xlink:href="#xpointer(id('tok_410')/range-to(id('tok_425')))"/><!-- He.... -->
<mark id="s_426" xlink:href="#xpointer(id('tok_426')/range-to(id('tok_435')))"/><!-- Eventually.... -->
<mark id="s_436" xlink:href="#xpointer(id('tok_436')/range-to(id('tok_448')))"/><!-- I.... -->
<mark id="s_449" xlink:href="#xpointer(id('tok_449')/range-to(id('tok_465')))"/><!-- I.... -->
<mark id="s_466" xlink:href="#xpointer(id('tok_466')/range-to(id('tok_483')))"/><!-- I.... -->
<mark id="s_484" xlink:href="#xpointer(id('tok_484')/range-to(id('tok_495')))"/><!-- When.... -->
<mark id="s_496" xlink:href="#xpointer(id('tok_496')/range-to(id('tok_503')))"/><!-- I.... -->
<mark id="s_504" xlink:href="#xpointer(id('tok_504')/range-to(id('tok_516')))"/><!-- Can...? -->
<mark id="s_517" xlink:href="#xpointer(id('tok_517')/range-to(id('tok_551')))"/><!-- This...: -->
<mark id="s_552" xlink:href="#xpointer(id('tok_552')/range-to(id('tok_573')))"/><!-- Do...? -->
<mark id="s_574" xlink:href="#xpointer(id('tok_574')/range-to(id('tok_593')))"/><!-- Of...Shea -->
<mark id="s_594" xlink:href="#xpointer(id('tok_594')/range-to(id('tok_628')))"/><!-- As..., -->
<mark id="s_629" xlink:href="#xpointer(id('tok_629')/range-to(id('tok_643')))"/><!-- Have...! -->
<mark id="s_644" xlink:href="#xpointer(id('tok_644')/range-to(id('tok_652')))"/><!-- Do...! -->
<mark id="s_653" xlink:href="#xpointer(id('tok_653')/range-to(id('tok_659')))"/><!-- you...long -->
<mark id="s_660" xlink:href="#xpointer(id('tok_660')/range-to(id('tok_675')))"/><!-- You...end -->
<mark id="s_676" xlink:href="#xpointer(id('tok_676')/range-to(id('tok_701')))"/><!-- Cheer...due -->
<mark id="s_702" xlink:href="#xpointer(id('tok_702')/range-to(id('tok_711')))"/><!-- (...&quot; -->
<mark id="s_712" xlink:href="#xpointer(id('tok_712')/range-to(id('tok_721')))"/><!-- Sports.... -->
<mark id="s_722" xlink:href="#xpointer(id('tok_722')/range-to(id('tok_735')))"/><!-- Have...? -->
<mark id="s_736" xlink:href="#xpointer(id('tok_736')/range-to(id('tok_756')))"/><!-- This.... -->
<mark id="s_757" xlink:href="#xpointer(id('tok_757')/range-to(id('tok_806')))"/><!-- The...&apos; -->
<mark id="s_807" xlink:href="#xpointer(id('tok_807')/range-to(id('tok_824')))"/><!-- Last.... -->
<mark id="s_825" xlink:href="#xpointer(id('tok_825')/range-to(id('tok_830')))"/><!-- That.... -->
<mark id="s_831" xlink:href="#xpointer(id('tok_831')/range-to(id('tok_850')))"/><!-- Then.... -->
<mark id="s_851" xlink:href="#xpointer(id('tok_851')/range-to(id('tok_854')))"/><!-- It.... -->
<mark id="s_855" xlink:href="#xpointer(id('tok_855')/range-to(id('tok_871')))"/><!-- We.... -->
<mark id="s_872" xlink:href="#xpointer(id('tok_872')/range-to(id('tok_882')))"/><!-- The.... -->
<mark id="s_883" xlink:href="#xpointer(id('tok_883')/range-to(id('tok_901')))"/><!-- Last.... -->
<mark id="s_902" xlink:href="#xpointer(id('tok_902')/range-to(id('tok_908')))"/><!-- This.... -->
<mark id="s_909" xlink:href="#xpointer(id('tok_909')/range-to(id('tok_914')))"/><!-- We.... -->
<mark id="s_915" xlink:href="#xpointer(id('tok_915')/range-to(id('tok_929')))"/><!-- There.... -->
<mark id="s_930" xlink:href="#xpointer(id('tok_930')/range-to(id('tok_941')))"/><!-- She.... -->
<mark id="s_942" xlink:href="#xpointer(id('tok_942')/range-to(id('tok_970')))"/><!-- Last.... -->
<mark id="s_971" xlink:href="#xpointer(id('tok_971')/range-to(id('tok_978')))"/><!-- By.... -->
<mark id="s_979" xlink:href="#xpointer(id('tok_979')/range-to(id('tok_996')))"/><!-- She.... -->
<mark id="s_997" xlink:href="#xpointer(id('tok_997')/range-to(id('tok_1015')))"/><!-- With...&quot; -->
<mark id="s_1016" xlink:href="#xpointer(id('tok_1016')/range-to(id('tok_1025')))"/><!-- It.... -->
<mark id="s_1026" xlink:href="#xpointer(id('tok_1026')/range-to(id('tok_1044')))"/><!-- Moments.... -->
<mark id="s_1045" xlink:href="#xpointer(id('tok_1045')/range-to(id('tok_1057')))"/><!-- It.... -->
<mark id="s_1058" xlink:href="#xpointer(id('tok_1058')/range-to(id('tok_1084')))"/><!-- For.... -->
<mark id="s_1085" xlink:href="#xpointer(id('tok_1085')/range-to(id('tok_1095')))"/><!-- I.... -->
<mark id="s_1096" xlink:href="#xpointer(id('tok_1096')/range-to(id('tok_1113')))"/><!-- The.... -->
<mark id="s_1114" xlink:href="#xpointer(id('tok_1114')/range-to(id('tok_1136')))"/><!-- My.... -->
<mark id="s_1137" xlink:href="#xpointer(id('tok_1137')/range-to(id('tok_1154')))"/><!-- It...&apos; -->
</markList>
</paula>
