<?xml version='1.0' encoding='UTF-8'?><!DOCTYPE paula SYSTEM "paula_feat.dtd">
<paula version="1.1">
	<header paula_id="rsd.GUM_academic_art.mark_edu_num"/>
	<featList xmlns:xlink="http://www.w3.org/1999/xlink" type="edu_num" xml:base="rsd.GUM_academic_art.mark.xml">
		<feat xlink:href="#sSpan294" value="1"/>
		<feat xlink:href="#sSpan295" value="2"/>
		<feat xlink:href="#sSpan296" value="3"/>
		<feat xlink:href="#sSpan297" value="4"/>
		<feat xlink:href="#sSpan298" value="5"/>
		<feat xlink:href="#sSpan299" value="6"/>
		<feat xlink:href="#sSpan300" value="7"/>
		<feat xlink:href="#sSpan301" value="8"/>
		<feat xlink:href="#sSpan302" value="9"/>
		<feat xlink:href="#sSpan303" value="10"/>
		<feat xlink:href="#sSpan304" value="11"/>
		<feat xlink:href="#sSpan305" value="12"/>
		<feat xlink:href="#sSpan306" value="13"/>
		<feat xlink:href="#sSpan307" value="14"/>
		<feat xlink:href="#sSpan308" value="15"/>
		<feat xlink:href="#sSpan309" value="16"/>
		<feat xlink:href="#sSpan310" value="17"/>
		<feat xlink:href="#sSpan311" value="18"/>
		<feat xlink:href="#sSpan312" value="19"/>
		<feat xlink:href="#sSpan313" value="20"/>
		<feat xlink:href="#sSpan314" value="21"/>
		<feat xlink:href="#sSpan315" value="22"/>
		<feat xlink:href="#sSpan316" value="23"/>
		<feat xlink:href="#sSpan317" value="24"/>
		<feat xlink:href="#sSpan318" value="25"/>
		<feat xlink:href="#sSpan319" value="26"/>
		<feat xlink:href="#sSpan320" value="27"/>
		<feat xlink:href="#sSpan321" value="28"/>
		<feat xlink:href="#sSpan322" value="29"/>
		<feat xlink:href="#sSpan323" value="30"/>
		<feat xlink:href="#sSpan324" value="31"/>
		<feat xlink:href="#sSpan325" value="32"/>
		<feat xlink:href="#sSpan326" value="33"/>
		<feat xlink:href="#sSpan327" value="34"/>
		<feat xlink:href="#sSpan328" value="35"/>
		<feat xlink:href="#sSpan329" value="36"/>
		<feat xlink:href="#sSpan330" value="37"/>
		<feat xlink:href="#sSpan331" value="38"/>
		<feat xlink:href="#sSpan332" value="39"/>
		<feat xlink:href="#sSpan333" value="40"/>
		<feat xlink:href="#sSpan334" value="41"/>
		<feat xlink:href="#sSpan335" value="42"/>
		<feat xlink:href="#sSpan336" value="43"/>
		<feat xlink:href="#sSpan337" value="44"/>
		<feat xlink:href="#sSpan338" value="45"/>
		<feat xlink:href="#sSpan339" value="46"/>
		<feat xlink:href="#sSpan340" value="47"/>
		<feat xlink:href="#sSpan341" value="48"/>
		<feat xlink:href="#sSpan342" value="49"/>
		<feat xlink:href="#sSpan343" value="50"/>
		<feat xlink:href="#sSpan344" value="51"/>
		<feat xlink:href="#sSpan345" value="52"/>
		<feat xlink:href="#sSpan346" value="53"/>
		<feat xlink:href="#sSpan347" value="54"/>
		<feat xlink:href="#sSpan348" value="55"/>
		<feat xlink:href="#sSpan349" value="56"/>
		<feat xlink:href="#sSpan350" value="57"/>
		<feat xlink:href="#sSpan351" value="58"/>
		<feat xlink:href="#sSpan352" value="59"/>
		<feat xlink:href="#sSpan353" value="60"/>
		<feat xlink:href="#sSpan354" value="61"/>
		<feat xlink:href="#sSpan355" value="62"/>
		<feat xlink:href="#sSpan356" value="63"/>
		<feat xlink:href="#sSpan357" value="64"/>
		<feat xlink:href="#sSpan358" value="65"/>
		<feat xlink:href="#sSpan359" value="66"/>
		<feat xlink:href="#sSpan360" value="67"/>
		<feat xlink:href="#sSpan361" value="68"/>
		<feat xlink:href="#sSpan362" value="69"/>
		<feat xlink:href="#sSpan363" value="70"/>
		<feat xlink:href="#sSpan364" value="71"/>
		<feat xlink:href="#sSpan365" value="72"/>
		<feat xlink:href="#sSpan366" value="73"/>
		<feat xlink:href="#sSpan367" value="74"/></featList></paula>