<?xml version="1.0" encoding="UTF-8" standalone="no"?>

<!DOCTYPE paula SYSTEM "paula_struct.dtd">
<paula version="1.0">

<header paula_id="const.GUM.GUM_news_ie9_catConst"/>

<structList xmlns:xlink="http://www.w3.org/1999/xlink" type="const">
  <struct id="const_0_1"> <!-- Microsoft -->
    <rel id="rel_1" type="edge" xlink:href="GUM.GUM_news_ie9.tok.xml#tok_1"/>
  </struct>
  <struct id="const_5_1"> <!-- Microsoft ... 6 -->
    <rel id="rel_2" type="edge" xlink:href="#const_0_1"/>
    <rel id="rel_3" type="edge" xlink:href="#const_4_2"/>
  </struct>
  <struct id="const_6_1"> <!-- Microsoft ... 6 -->
    <rel id="rel_4" type="edge" xlink:href="#const_5_1"/>
  </struct>
  <struct id="const_4_2"> <!-- waits ... 6 -->
    <rel id="rel_5" type="edge" xlink:href="GUM.GUM_news_ie9.tok.xml#tok_2"/>
    <rel id="rel_6" type="edge" xlink:href="#const_3_3"/>
  </struct>
  <struct id="const_3_3"> <!-- for ... 6 -->
    <rel id="rel_7" type="edge" xlink:href="GUM.GUM_news_ie9.tok.xml#tok_3"/>
    <rel id="rel_8" type="edge" xlink:href="#const_2_4"/>
  </struct>
  <struct id="const_0_4"> <!-- death -->
    <rel id="rel_9" type="edge" xlink:href="GUM.GUM_news_ie9.tok.xml#tok_4"/>
  </struct>
  <struct id="const_2_4"> <!-- death ... 6 -->
    <rel id="rel_10" type="edge" xlink:href="#const_0_4"/>
    <rel id="rel_11" type="edge" xlink:href="#const_1_5"/>
  </struct>
  <struct id="const_1_5"> <!-- of ... 6 -->
    <rel id="rel_12" type="edge" xlink:href="GUM.GUM_news_ie9.tok.xml#tok_5"/>
    <rel id="rel_13" type="edge" xlink:href="#const_0_6"/>
  </struct>
  <struct id="const_0_6"> <!-- Internet ... 6 -->
    <rel id="rel_14" type="edge" xlink:href="GUM.GUM_news_ie9.tok.xml#tok_6"/>
    <rel id="rel_15" type="edge" xlink:href="GUM.GUM_news_ie9.tok.xml#tok_7"/>
    <rel id="rel_16" type="edge" xlink:href="GUM.GUM_news_ie9.tok.xml#tok_8"/>
  </struct>
  <struct id="const_0_9"> <!-- Tuesday ... 2011 -->
    <rel id="rel_17" type="edge" xlink:href="GUM.GUM_news_ie9.tok.xml#tok_9"/>
    <rel id="rel_18" type="edge" xlink:href="GUM.GUM_news_ie9.tok.xml#tok_10"/>
    <rel id="rel_19" type="edge" xlink:href="GUM.GUM_news_ie9.tok.xml#tok_11"/>
    <rel id="rel_20" type="edge" xlink:href="GUM.GUM_news_ie9.tok.xml#tok_12"/>
    <rel id="rel_21" type="edge" xlink:href="GUM.GUM_news_ie9.tok.xml#tok_13"/>
    <rel id="rel_22" type="edge" xlink:href="GUM.GUM_news_ie9.tok.xml#tok_14"/>
  </struct>
  <struct id="const_1_9"> <!-- Tuesday ... 2011 -->
    <rel id="rel_23" type="edge" xlink:href="#const_0_9"/>
  </struct>
  <struct id="const_4_15"> <!-- With ... complete -->
    <rel id="rel_24" type="edge" xlink:href="GUM.GUM_news_ie9.tok.xml#tok_15"/>
    <rel id="rel_25" type="edge" xlink:href="#const_3_16"/>
  </struct>
  <struct id="const_12_15"> <!-- With ... . -->
    <rel id="rel_26" type="edge" xlink:href="#const_4_15"/>
    <rel id="rel_27" type="edge" xlink:href="GUM.GUM_news_ie9.tok.xml#tok_29"/>
    <rel id="rel_28" type="edge" xlink:href="#const_0_30"/>
    <rel id="rel_29" type="edge" xlink:href="#const_11_31"/>
    <rel id="rel_30" type="edge" xlink:href="GUM.GUM_news_ie9.tok.xml#tok_49"/>
  </struct>
  <struct id="const_13_15"> <!-- With ... . -->
    <rel id="rel_31" type="edge" xlink:href="#const_12_15"/>
  </struct>
  <struct id="const_0_16"> <!-- development -->
    <rel id="rel_32" type="edge" xlink:href="GUM.GUM_news_ie9.tok.xml#tok_16"/>
  </struct>
  <struct id="const_3_16"> <!-- development ... complete -->
    <rel id="rel_33" type="edge" xlink:href="#const_0_16"/>
    <rel id="rel_34" type="edge" xlink:href="#const_2_17"/>
  </struct>
  <struct id="const_2_17"> <!-- of ... complete -->
    <rel id="rel_35" type="edge" xlink:href="GUM.GUM_news_ie9.tok.xml#tok_17"/>
    <rel id="rel_36" type="edge" xlink:href="#const_1_18"/>
    <rel id="rel_37" type="edge" xlink:href="#const_1_22"/>
  </struct>
  <struct id="const_0_18"> <!-- Microsoft s -->
    <rel id="rel_38" type="edge" xlink:href="GUM.GUM_news_ie9.tok.xml#tok_18"/>
    <rel id="rel_39" type="edge" xlink:href="GUM.GUM_news_ie9.tok.xml#tok_19"/>
  </struct>
  <struct id="const_1_18"> <!-- Microsoft ... Explorer -->
    <rel id="rel_40" type="edge" xlink:href="#const_0_18"/>
    <rel id="rel_41" type="edge" xlink:href="GUM.GUM_news_ie9.tok.xml#tok_20"/>
    <rel id="rel_42" type="edge" xlink:href="GUM.GUM_news_ie9.tok.xml#tok_21"/>
  </struct>
  <struct id="const_0_22"> <!-- 9 ... browser -->
    <rel id="rel_43" type="edge" xlink:href="GUM.GUM_news_ie9.tok.xml#tok_22"/>
    <rel id="rel_44" type="edge" xlink:href="GUM.GUM_news_ie9.tok.xml#tok_23"/>
    <rel id="rel_45" type="edge" xlink:href="GUM.GUM_news_ie9.tok.xml#tok_24"/>
    <rel id="rel_46" type="edge" xlink:href="GUM.GUM_news_ie9.tok.xml#tok_25"/>
    <rel id="rel_47" type="edge" xlink:href="GUM.GUM_news_ie9.tok.xml#tok_26"/>
  </struct>
  <struct id="const_1_22"> <!-- 9 ... complete -->
    <rel id="rel_48" type="edge" xlink:href="#const_0_22"/>
    <rel id="rel_49" type="edge" xlink:href="#const_0_27"/>
  </struct>
  <struct id="const_0_27"> <!-- almost complete -->
    <rel id="rel_50" type="edge" xlink:href="GUM.GUM_news_ie9.tok.xml#tok_27"/>
    <rel id="rel_51" type="edge" xlink:href="GUM.GUM_news_ie9.tok.xml#tok_28"/>
  </struct>
  <struct id="const_0_30"> <!-- Microsoft -->
    <rel id="rel_52" type="edge" xlink:href="GUM.GUM_news_ie9.tok.xml#tok_30"/>
  </struct>
  <struct id="const_11_31"> <!-- announced ... browser -->
    <rel id="rel_53" type="edge" xlink:href="GUM.GUM_news_ie9.tok.xml#tok_31"/>
    <rel id="rel_54" type="edge" xlink:href="#const_1_32"/>
    <rel id="rel_55" type="edge" xlink:href="#const_10_34"/>
  </struct>
  <struct id="const_1_32"> <!-- on Friday -->
    <rel id="rel_56" type="edge" xlink:href="GUM.GUM_news_ie9.tok.xml#tok_32"/>
    <rel id="rel_57" type="edge" xlink:href="#const_0_33"/>
  </struct>
  <struct id="const_0_33"> <!-- Friday -->
    <rel id="rel_58" type="edge" xlink:href="GUM.GUM_news_ie9.tok.xml#tok_33"/>
  </struct>
  <struct id="const_10_34"> <!-- that ... browser -->
    <rel id="rel_59" type="edge" xlink:href="GUM.GUM_news_ie9.tok.xml#tok_34"/>
    <rel id="rel_60" type="edge" xlink:href="#const_9_35"/>
  </struct>
  <struct id="const_0_35"> <!-- it -->
    <rel id="rel_61" type="edge" xlink:href="GUM.GUM_news_ie9.tok.xml#tok_35"/>
  </struct>
  <struct id="const_9_35"> <!-- it ... browser -->
    <rel id="rel_62" type="edge" xlink:href="#const_0_35"/>
    <rel id="rel_63" type="edge" xlink:href="#const_8_36"/>
  </struct>
  <struct id="const_8_36"> <!-- is ... browser -->
    <rel id="rel_64" type="edge" xlink:href="GUM.GUM_news_ie9.tok.xml#tok_36"/>
    <rel id="rel_65" type="edge" xlink:href="#const_7_37"/>
  </struct>
  <struct id="const_0_37"> <!-- time -->
    <rel id="rel_66" type="edge" xlink:href="GUM.GUM_news_ie9.tok.xml#tok_37"/>
  </struct>
  <struct id="const_7_37"> <!-- time ... browser -->
    <rel id="rel_67" type="edge" xlink:href="#const_0_37"/>
    <rel id="rel_68" type="edge" xlink:href="#const_6_38"/>
  </struct>
  <struct id="const_6_38"> <!-- for ... browser -->
    <rel id="rel_69" type="edge" xlink:href="GUM.GUM_news_ie9.tok.xml#tok_38"/>
    <rel id="rel_70" type="edge" xlink:href="#const_5_39"/>
  </struct>
  <struct id="const_5_39"> <!-- IE6 ... browser -->
    <rel id="rel_71" type="edge" xlink:href="GUM.GUM_news_ie9.tok.xml#tok_39"/>
    <rel id="rel_72" type="edge" xlink:href="GUM.GUM_news_ie9.tok.xml#tok_40"/>
    <rel id="rel_73" type="edge" xlink:href="#const_4_41"/>
  </struct>
  <struct id="const_3_41"> <!-- to ... browser -->
    <rel id="rel_74" type="edge" xlink:href="GUM.GUM_news_ie9.tok.xml#tok_41"/>
    <rel id="rel_75" type="edge" xlink:href="#const_2_42"/>
  </struct>
  <struct id="const_4_41"> <!-- to ... browser -->
    <rel id="rel_76" type="edge" xlink:href="#const_3_41"/>
  </struct>
  <struct id="const_2_42"> <!-- move ... browser -->
    <rel id="rel_77" type="edge" xlink:href="GUM.GUM_news_ie9.tok.xml#tok_42"/>
    <rel id="rel_78" type="edge" xlink:href="#const_0_43"/>
    <rel id="rel_79" type="edge" xlink:href="#const_1_44"/>
  </struct>
  <struct id="const_0_43"> <!-- away -->
    <rel id="rel_80" type="edge" xlink:href="GUM.GUM_news_ie9.tok.xml#tok_43"/>
  </struct>
  <struct id="const_1_44"> <!-- from ... browser -->
    <rel id="rel_81" type="edge" xlink:href="GUM.GUM_news_ie9.tok.xml#tok_44"/>
    <rel id="rel_82" type="edge" xlink:href="#const_0_45"/>
  </struct>
  <struct id="const_0_45"> <!-- the ... browser -->
    <rel id="rel_83" type="edge" xlink:href="GUM.GUM_news_ie9.tok.xml#tok_45"/>
    <rel id="rel_84" type="edge" xlink:href="GUM.GUM_news_ie9.tok.xml#tok_46"/>
    <rel id="rel_85" type="edge" xlink:href="GUM.GUM_news_ie9.tok.xml#tok_47"/>
    <rel id="rel_86" type="edge" xlink:href="GUM.GUM_news_ie9.tok.xml#tok_48"/>
  </struct>
  <struct id="const_0_50"> <!-- Microsoft -->
    <rel id="rel_87" type="edge" xlink:href="GUM.GUM_news_ie9.tok.xml#tok_50"/>
  </struct>
  <struct id="const_4_50"> <!-- Microsoft ... . -->
    <rel id="rel_88" type="edge" xlink:href="#const_0_50"/>
    <rel id="rel_89" type="edge" xlink:href="#const_3_51"/>
    <rel id="rel_90" type="edge" xlink:href="GUM.GUM_news_ie9.tok.xml#tok_58"/>
  </struct>
  <struct id="const_5_50"> <!-- Microsoft ... . -->
    <rel id="rel_91" type="edge" xlink:href="#const_4_50"/>
  </struct>
  <struct id="const_3_51"> <!-- has ... versions -->
    <rel id="rel_92" type="edge" xlink:href="GUM.GUM_news_ie9.tok.xml#tok_51"/>
    <rel id="rel_93" type="edge" xlink:href="#const_2_52"/>
  </struct>
  <struct id="const_2_52"> <!-- replaced ... versions -->
    <rel id="rel_94" type="edge" xlink:href="GUM.GUM_news_ie9.tok.xml#tok_52"/>
    <rel id="rel_95" type="edge" xlink:href="#const_0_53"/>
    <rel id="rel_96" type="edge" xlink:href="#const_1_54"/>
  </struct>
  <struct id="const_0_53"> <!-- it -->
    <rel id="rel_97" type="edge" xlink:href="GUM.GUM_news_ie9.tok.xml#tok_53"/>
  </struct>
  <struct id="const_1_54"> <!-- with ... versions -->
    <rel id="rel_98" type="edge" xlink:href="GUM.GUM_news_ie9.tok.xml#tok_54"/>
    <rel id="rel_99" type="edge" xlink:href="#const_0_55"/>
  </struct>
  <struct id="const_0_55"> <!-- three ... versions -->
    <rel id="rel_100" type="edge" xlink:href="GUM.GUM_news_ie9.tok.xml#tok_55"/>
    <rel id="rel_101" type="edge" xlink:href="GUM.GUM_news_ie9.tok.xml#tok_56"/>
    <rel id="rel_102" type="edge" xlink:href="GUM.GUM_news_ie9.tok.xml#tok_57"/>
  </struct>
  <struct id="const_2_59"> <!-- On ... &quot; -->
    <rel id="rel_103" type="edge" xlink:href="GUM.GUM_news_ie9.tok.xml#tok_59"/>
    <rel id="rel_104" type="edge" xlink:href="#const_1_60"/>
  </struct>
  <struct id="const_12_59"> <!-- On ... . -->
    <rel id="rel_105" type="edge" xlink:href="#const_2_59"/>
    <rel id="rel_106" type="edge" xlink:href="GUM.GUM_news_ie9.tok.xml#tok_71"/>
    <rel id="rel_107" type="edge" xlink:href="#const_0_72"/>
    <rel id="rel_108" type="edge" xlink:href="#const_11_73"/>
    <rel id="rel_109" type="edge" xlink:href="GUM.GUM_news_ie9.tok.xml#tok_91"/>
  </struct>
  <struct id="const_13_59"> <!-- On ... . -->
    <rel id="rel_110" type="edge" xlink:href="#const_12_59"/>
  </struct>
  <struct id="const_0_60"> <!-- a ... website -->
    <rel id="rel_111" type="edge" xlink:href="GUM.GUM_news_ie9.tok.xml#tok_60"/>
    <rel id="rel_112" type="edge" xlink:href="GUM.GUM_news_ie9.tok.xml#tok_61"/>
    <rel id="rel_113" type="edge" xlink:href="GUM.GUM_news_ie9.tok.xml#tok_62"/>
  </struct>
  <struct id="const_1_60"> <!-- a ... &quot; -->
    <rel id="rel_114" type="edge" xlink:href="#const_0_60"/>
    <rel id="rel_115" type="edge" xlink:href="GUM.GUM_news_ie9.tok.xml#tok_63"/>
    <rel id="rel_116" type="edge" xlink:href="GUM.GUM_news_ie9.tok.xml#tok_64"/>
    <rel id="rel_117" type="edge" xlink:href="#const_0_65"/>
    <rel id="rel_118" type="edge" xlink:href="GUM.GUM_news_ie9.tok.xml#tok_70"/>
  </struct>
  <struct id="const_0_65"> <!-- The ... Countdown -->
    <rel id="rel_119" type="edge" xlink:href="GUM.GUM_news_ie9.tok.xml#tok_65"/>
    <rel id="rel_120" type="edge" xlink:href="GUM.GUM_news_ie9.tok.xml#tok_66"/>
    <rel id="rel_121" type="edge" xlink:href="GUM.GUM_news_ie9.tok.xml#tok_67"/>
    <rel id="rel_122" type="edge" xlink:href="GUM.GUM_news_ie9.tok.xml#tok_68"/>
    <rel id="rel_123" type="edge" xlink:href="GUM.GUM_news_ie9.tok.xml#tok_69"/>
  </struct>
  <struct id="const_0_72"> <!-- Microsoft -->
    <rel id="rel_124" type="edge" xlink:href="GUM.GUM_news_ie9.tok.xml#tok_72"/>
  </struct>
  <struct id="const_11_73"> <!-- has ... IE -->
    <rel id="rel_125" type="edge" xlink:href="GUM.GUM_news_ie9.tok.xml#tok_73"/>
    <rel id="rel_126" type="edge" xlink:href="#const_10_74"/>
  </struct>
  <struct id="const_10_74"> <!-- launched ... IE -->
    <rel id="rel_127" type="edge" xlink:href="GUM.GUM_news_ie9.tok.xml#tok_74"/>
    <rel id="rel_128" type="edge" xlink:href="#const_0_75"/>
    <rel id="rel_129" type="edge" xlink:href="#const_9_78"/>
  </struct>
  <struct id="const_0_75"> <!-- an ... campaign -->
    <rel id="rel_130" type="edge" xlink:href="GUM.GUM_news_ie9.tok.xml#tok_75"/>
    <rel id="rel_131" type="edge" xlink:href="GUM.GUM_news_ie9.tok.xml#tok_76"/>
    <rel id="rel_132" type="edge" xlink:href="GUM.GUM_news_ie9.tok.xml#tok_77"/>
  </struct>
  <struct id="const_8_78"> <!-- to ... IE -->
    <rel id="rel_133" type="edge" xlink:href="GUM.GUM_news_ie9.tok.xml#tok_78"/>
    <rel id="rel_134" type="edge" xlink:href="#const_7_79"/>
  </struct>
  <struct id="const_9_78"> <!-- to ... IE -->
    <rel id="rel_135" type="edge" xlink:href="#const_8_78"/>
  </struct>
  <struct id="const_7_79"> <!-- persuade ... IE -->
    <rel id="rel_136" type="edge" xlink:href="GUM.GUM_news_ie9.tok.xml#tok_79"/>
    <rel id="rel_137" type="edge" xlink:href="#const_6_80"/>
  </struct>
  <struct id="const_0_80"> <!-- users -->
    <rel id="rel_138" type="edge" xlink:href="GUM.GUM_news_ie9.tok.xml#tok_80"/>
  </struct>
  <struct id="const_6_80"> <!-- users ... IE -->
    <rel id="rel_139" type="edge" xlink:href="#const_0_80"/>
    <rel id="rel_140" type="edge" xlink:href="#const_5_81"/>
  </struct>
  <struct id="const_5_81"> <!-- to ... IE -->
    <rel id="rel_141" type="edge" xlink:href="GUM.GUM_news_ie9.tok.xml#tok_81"/>
    <rel id="rel_142" type="edge" xlink:href="#const_4_82"/>
  </struct>
  <struct id="const_3_82"> <!-- stop ... IE6 -->
    <rel id="rel_143" type="edge" xlink:href="GUM.GUM_news_ie9.tok.xml#tok_82"/>
    <rel id="rel_144" type="edge" xlink:href="#const_2_83"/>
  </struct>
  <struct id="const_4_82"> <!-- stop ... IE -->
    <rel id="rel_145" type="edge" xlink:href="#const_3_82"/>
    <rel id="rel_146" type="edge" xlink:href="GUM.GUM_news_ie9.tok.xml#tok_85"/>
    <rel id="rel_147" type="edge" xlink:href="#const_2_86"/>
  </struct>
  <struct id="const_1_83"> <!-- using IE6 -->
    <rel id="rel_148" type="edge" xlink:href="GUM.GUM_news_ie9.tok.xml#tok_83"/>
    <rel id="rel_149" type="edge" xlink:href="#const_0_84"/>
  </struct>
  <struct id="const_2_83"> <!-- using IE6 -->
    <rel id="rel_150" type="edge" xlink:href="#const_1_83"/>
  </struct>
  <struct id="const_0_84"> <!-- IE6 -->
    <rel id="rel_151" type="edge" xlink:href="GUM.GUM_news_ie9.tok.xml#tok_84"/>
  </struct>
  <struct id="const_2_86"> <!-- update ... IE -->
    <rel id="rel_152" type="edge" xlink:href="GUM.GUM_news_ie9.tok.xml#tok_86"/>
    <rel id="rel_153" type="edge" xlink:href="#const_1_87"/>
  </struct>
  <struct id="const_1_87"> <!-- to ... IE -->
    <rel id="rel_154" type="edge" xlink:href="GUM.GUM_news_ie9.tok.xml#tok_87"/>
    <rel id="rel_155" type="edge" xlink:href="#const_0_88"/>
  </struct>
  <struct id="const_0_88"> <!-- a ... IE -->
    <rel id="rel_156" type="edge" xlink:href="GUM.GUM_news_ie9.tok.xml#tok_88"/>
    <rel id="rel_157" type="edge" xlink:href="GUM.GUM_news_ie9.tok.xml#tok_89"/>
    <rel id="rel_158" type="edge" xlink:href="GUM.GUM_news_ie9.tok.xml#tok_90"/>
  </struct>
  <struct id="const_0_92"> <!-- Its goal -->
    <rel id="rel_159" type="edge" xlink:href="GUM.GUM_news_ie9.tok.xml#tok_92"/>
    <rel id="rel_160" type="edge" xlink:href="GUM.GUM_news_ie9.tok.xml#tok_93"/>
  </struct>
  <struct id="const_7_92"> <!-- Its ... . -->
    <rel id="rel_161" type="edge" xlink:href="#const_0_92"/>
    <rel id="rel_162" type="edge" xlink:href="#const_6_94"/>
    <rel id="rel_163" type="edge" xlink:href="GUM.GUM_news_ie9.tok.xml#tok_104"/>
  </struct>
  <struct id="const_8_92"> <!-- Its ... . -->
    <rel id="rel_164" type="edge" xlink:href="#const_7_92"/>
  </struct>
  <struct id="const_6_94"> <!-- is ... percent -->
    <rel id="rel_165" type="edge" xlink:href="GUM.GUM_news_ie9.tok.xml#tok_94"/>
    <rel id="rel_166" type="edge" xlink:href="#const_5_95"/>
  </struct>
  <struct id="const_4_95"> <!-- to ... percent -->
    <rel id="rel_167" type="edge" xlink:href="GUM.GUM_news_ie9.tok.xml#tok_95"/>
    <rel id="rel_168" type="edge" xlink:href="#const_3_96"/>
  </struct>
  <struct id="const_5_95"> <!-- to ... percent -->
    <rel id="rel_169" type="edge" xlink:href="#const_4_95"/>
  </struct>
  <struct id="const_3_96"> <!-- decrease ... percent -->
    <rel id="rel_170" type="edge" xlink:href="GUM.GUM_news_ie9.tok.xml#tok_96"/>
    <rel id="rel_171" type="edge" xlink:href="#const_0_97"/>
    <rel id="rel_172" type="edge" xlink:href="#const_2_99"/>
  </struct>
  <struct id="const_0_97"> <!-- IE6 users -->
    <rel id="rel_173" type="edge" xlink:href="GUM.GUM_news_ie9.tok.xml#tok_97"/>
    <rel id="rel_174" type="edge" xlink:href="GUM.GUM_news_ie9.tok.xml#tok_98"/>
  </struct>
  <struct id="const_2_99"> <!-- to ... percent -->
    <rel id="rel_175" type="edge" xlink:href="GUM.GUM_news_ie9.tok.xml#tok_99"/>
    <rel id="rel_176" type="edge" xlink:href="#const_1_100"/>
  </struct>
  <struct id="const_0_100"> <!-- less ... one -->
    <rel id="rel_177" type="edge" xlink:href="GUM.GUM_news_ie9.tok.xml#tok_100"/>
    <rel id="rel_178" type="edge" xlink:href="GUM.GUM_news_ie9.tok.xml#tok_101"/>
    <rel id="rel_179" type="edge" xlink:href="GUM.GUM_news_ie9.tok.xml#tok_102"/>
  </struct>
  <struct id="const_1_100"> <!-- less ... percent -->
    <rel id="rel_180" type="edge" xlink:href="#const_0_100"/>
    <rel id="rel_181" type="edge" xlink:href="GUM.GUM_news_ie9.tok.xml#tok_103"/>
  </struct>
  <struct id="const_3_105"> <!-- &quot; ... . -->
    <rel id="rel_182" type="edge" xlink:href="GUM.GUM_news_ie9.tok.xml#tok_105"/>
    <rel id="rel_183" type="edge" xlink:href="#const_2_106"/>
    <rel id="rel_184" type="edge" xlink:href="GUM.GUM_news_ie9.tok.xml#tok_111"/>
    <rel id="rel_185" type="edge" xlink:href="#const_0_112"/>
    <rel id="rel_186" type="edge" xlink:href="#const_1_114"/>
    <rel id="rel_187" type="edge" xlink:href="GUM.GUM_news_ie9.tok.xml#tok_116"/>
  </struct>
  <struct id="const_4_105"> <!-- &quot; ... . -->
    <rel id="rel_188" type="edge" xlink:href="#const_3_105"/>
  </struct>
  <struct id="const_2_106"> <!-- [ ... ago -->
    <rel id="rel_189" type="edge" xlink:href="GUM.GUM_news_ie9.tok.xml#tok_106"/>
    <rel id="rel_190" type="edge" xlink:href="#const_1_107"/>
  </struct>
  <struct id="const_0_107"> <!-- Ten ... years -->
    <rel id="rel_191" type="edge" xlink:href="GUM.GUM_news_ie9.tok.xml#tok_107"/>
    <rel id="rel_192" type="edge" xlink:href="GUM.GUM_news_ie9.tok.xml#tok_108"/>
    <rel id="rel_193" type="edge" xlink:href="GUM.GUM_news_ie9.tok.xml#tok_109"/>
  </struct>
  <struct id="const_1_107"> <!-- Ten ... ago -->
    <rel id="rel_194" type="edge" xlink:href="#const_0_107"/>
    <rel id="rel_195" type="edge" xlink:href="GUM.GUM_news_ie9.tok.xml#tok_110"/>
  </struct>
  <struct id="const_0_112"> <!-- a browser -->
    <rel id="rel_196" type="edge" xlink:href="GUM.GUM_news_ie9.tok.xml#tok_112"/>
    <rel id="rel_197" type="edge" xlink:href="GUM.GUM_news_ie9.tok.xml#tok_113"/>
  </struct>
  <struct id="const_1_114"> <!-- was born -->
    <rel id="rel_198" type="edge" xlink:href="GUM.GUM_news_ie9.tok.xml#tok_114"/>
    <rel id="rel_199" type="edge" xlink:href="#const_0_115"/>
  </struct>
  <struct id="const_0_115"> <!-- born -->
    <rel id="rel_200" type="edge" xlink:href="GUM.GUM_news_ie9.tok.xml#tok_115"/>
  </struct>
  <struct id="const_0_117"> <!-- Its name -->
    <rel id="rel_201" type="edge" xlink:href="GUM.GUM_news_ie9.tok.xml#tok_117"/>
    <rel id="rel_202" type="edge" xlink:href="GUM.GUM_news_ie9.tok.xml#tok_118"/>
  </struct>
  <struct id="const_2_117"> <!-- Its ... . -->
    <rel id="rel_203" type="edge" xlink:href="#const_0_117"/>
    <rel id="rel_204" type="edge" xlink:href="#const_1_119"/>
    <rel id="rel_205" type="edge" xlink:href="GUM.GUM_news_ie9.tok.xml#tok_123"/>
  </struct>
  <struct id="const_3_117"> <!-- Its ... . -->
    <rel id="rel_206" type="edge" xlink:href="#const_2_117"/>
  </struct>
  <struct id="const_1_119"> <!-- was ... 6 -->
    <rel id="rel_207" type="edge" xlink:href="GUM.GUM_news_ie9.tok.xml#tok_119"/>
    <rel id="rel_208" type="edge" xlink:href="#const_0_120"/>
  </struct>
  <struct id="const_0_120"> <!-- Internet ... 6 -->
    <rel id="rel_209" type="edge" xlink:href="GUM.GUM_news_ie9.tok.xml#tok_120"/>
    <rel id="rel_210" type="edge" xlink:href="GUM.GUM_news_ie9.tok.xml#tok_121"/>
    <rel id="rel_211" type="edge" xlink:href="GUM.GUM_news_ie9.tok.xml#tok_122"/>
  </struct>
  <struct id="const_6_124"> <!-- Now ... standards -->
    <rel id="rel_212" type="edge" xlink:href="GUM.GUM_news_ie9.tok.xml#tok_124"/>
    <rel id="rel_213" type="edge" xlink:href="GUM.GUM_news_ie9.tok.xml#tok_125"/>
    <rel id="rel_214" type="edge" xlink:href="#const_5_126"/>
  </struct>
  <struct id="const_10_124"> <!-- Now ... . -->
    <rel id="rel_215" type="edge" xlink:href="#const_6_124"/>
    <rel id="rel_216" type="edge" xlink:href="GUM.GUM_news_ie9.tok.xml#tok_138"/>
    <rel id="rel_217" type="edge" xlink:href="#const_0_139"/>
    <rel id="rel_218" type="edge" xlink:href="#const_9_140"/>
    <rel id="rel_219" type="edge" xlink:href="GUM.GUM_news_ie9.tok.xml#tok_157"/>
  </struct>
  <struct id="const_11_124"> <!-- Now ... . -->
    <rel id="rel_220" type="edge" xlink:href="#const_10_124"/>
  </struct>
  <struct id="const_0_126"> <!-- we -->
    <rel id="rel_221" type="edge" xlink:href="GUM.GUM_news_ie9.tok.xml#tok_126"/>
  </struct>
  <struct id="const_5_126"> <!-- we ... standards -->
    <rel id="rel_222" type="edge" xlink:href="#const_0_126"/>
    <rel id="rel_223" type="edge" xlink:href="#const_4_127"/>
  </struct>
  <struct id="const_4_127"> <!-- ’re ... standards -->
    <rel id="rel_224" type="edge" xlink:href="GUM.GUM_news_ie9.tok.xml#tok_127"/>
    <rel id="rel_225" type="edge" xlink:href="#const_1_128"/>
    <rel id="rel_226" type="edge" xlink:href="GUM.GUM_news_ie9.tok.xml#tok_130"/>
    <rel id="rel_227" type="edge" xlink:href="#const_3_131"/>
  </struct>
  <struct id="const_1_128"> <!-- in 2011 -->
    <rel id="rel_228" type="edge" xlink:href="GUM.GUM_news_ie9.tok.xml#tok_128"/>
    <rel id="rel_229" type="edge" xlink:href="#const_0_129"/>
  </struct>
  <struct id="const_0_129"> <!-- 2011 -->
    <rel id="rel_230" type="edge" xlink:href="GUM.GUM_news_ie9.tok.xml#tok_129"/>
  </struct>
  <struct id="const_3_131"> <!-- in ... standards -->
    <rel id="rel_231" type="edge" xlink:href="GUM.GUM_news_ie9.tok.xml#tok_131"/>
    <rel id="rel_232" type="edge" xlink:href="#const_2_132"/>
  </struct>
  <struct id="const_0_132"> <!-- an era -->
    <rel id="rel_233" type="edge" xlink:href="GUM.GUM_news_ie9.tok.xml#tok_132"/>
    <rel id="rel_234" type="edge" xlink:href="GUM.GUM_news_ie9.tok.xml#tok_133"/>
  </struct>
  <struct id="const_2_132"> <!-- an ... standards -->
    <rel id="rel_235" type="edge" xlink:href="#const_0_132"/>
    <rel id="rel_236" type="edge" xlink:href="#const_1_134"/>
  </struct>
  <struct id="const_1_134"> <!-- of ... standards -->
    <rel id="rel_237" type="edge" xlink:href="GUM.GUM_news_ie9.tok.xml#tok_134"/>
    <rel id="rel_238" type="edge" xlink:href="#const_0_135"/>
  </struct>
  <struct id="const_0_135"> <!-- modern ... standards -->
    <rel id="rel_239" type="edge" xlink:href="GUM.GUM_news_ie9.tok.xml#tok_135"/>
    <rel id="rel_240" type="edge" xlink:href="GUM.GUM_news_ie9.tok.xml#tok_136"/>
    <rel id="rel_241" type="edge" xlink:href="GUM.GUM_news_ie9.tok.xml#tok_137"/>
  </struct>
  <struct id="const_0_139"> <!-- it -->
    <rel id="rel_242" type="edge" xlink:href="GUM.GUM_news_ie9.tok.xml#tok_139"/>
  </struct>
  <struct id="const_9_140"> <!-- ’s ... &quot; -->
    <rel id="rel_243" type="edge" xlink:href="GUM.GUM_news_ie9.tok.xml#tok_140"/>
    <rel id="rel_244" type="edge" xlink:href="#const_0_141"/>
    <rel id="rel_245" type="edge" xlink:href="#const_8_142"/>
  </struct>
  <struct id="const_0_141"> <!-- time -->
    <rel id="rel_246" type="edge" xlink:href="GUM.GUM_news_ie9.tok.xml#tok_141"/>
  </struct>
  <struct id="const_7_142"> <!-- to ... &quot; -->
    <rel id="rel_247" type="edge" xlink:href="GUM.GUM_news_ie9.tok.xml#tok_142"/>
    <rel id="rel_248" type="edge" xlink:href="#const_6_143"/>
  </struct>
  <struct id="const_8_142"> <!-- to ... &quot; -->
    <rel id="rel_249" type="edge" xlink:href="#const_7_142"/>
  </struct>
  <struct id="const_6_143"> <!-- say ... &quot; -->
    <rel id="rel_250" type="edge" xlink:href="GUM.GUM_news_ie9.tok.xml#tok_143"/>
    <rel id="rel_251" type="edge" xlink:href="#const_5_144"/>
  </struct>
  <struct id="const_0_144"> <!-- goodbye -->
    <rel id="rel_252" type="edge" xlink:href="GUM.GUM_news_ie9.tok.xml#tok_144"/>
  </struct>
  <struct id="const_5_144"> <!-- goodbye ... &quot; -->
    <rel id="rel_253" type="edge" xlink:href="#const_0_144"/>
    <rel id="rel_254" type="edge" xlink:href="GUM.GUM_news_ie9.tok.xml#tok_145"/>
    <rel id="rel_255" type="edge" xlink:href="GUM.GUM_news_ie9.tok.xml#tok_146"/>
    <rel id="rel_256" type="edge" xlink:href="#const_4_147"/>
  </struct>
  <struct id="const_0_147"> <!-- Microsoft -->
    <rel id="rel_257" type="edge" xlink:href="GUM.GUM_news_ie9.tok.xml#tok_147"/>
  </struct>
  <struct id="const_3_147"> <!-- Microsoft ... &quot; -->
    <rel id="rel_258" type="edge" xlink:href="#const_0_147"/>
    <rel id="rel_259" type="edge" xlink:href="#const_2_148"/>
  </struct>
  <struct id="const_4_147"> <!-- Microsoft ... &quot; -->
    <rel id="rel_260" type="edge" xlink:href="#const_3_147"/>
  </struct>
  <struct id="const_2_148"> <!-- says ... &quot; -->
    <rel id="rel_261" type="edge" xlink:href="GUM.GUM_news_ie9.tok.xml#tok_148"/>
    <rel id="rel_262" type="edge" xlink:href="#const_1_149"/>
  </struct>
  <struct id="const_0_149"> <!-- on -->
    <rel id="rel_263" type="edge" xlink:href="GUM.GUM_news_ie9.tok.xml#tok_149"/>
  </struct>
  <struct id="const_1_149"> <!-- on ... &quot; -->
    <rel id="rel_264" type="edge" xlink:href="#const_0_149"/>
    <rel id="rel_265" type="edge" xlink:href="GUM.GUM_news_ie9.tok.xml#tok_150"/>
    <rel id="rel_266" type="edge" xlink:href="#const_0_151"/>
    <rel id="rel_267" type="edge" xlink:href="GUM.GUM_news_ie9.tok.xml#tok_156"/>
  </struct>
  <struct id="const_0_151"> <!-- The ... Countdown -->
    <rel id="rel_268" type="edge" xlink:href="GUM.GUM_news_ie9.tok.xml#tok_151"/>
    <rel id="rel_269" type="edge" xlink:href="GUM.GUM_news_ie9.tok.xml#tok_152"/>
    <rel id="rel_270" type="edge" xlink:href="GUM.GUM_news_ie9.tok.xml#tok_153"/>
    <rel id="rel_271" type="edge" xlink:href="GUM.GUM_news_ie9.tok.xml#tok_154"/>
    <rel id="rel_272" type="edge" xlink:href="GUM.GUM_news_ie9.tok.xml#tok_155"/>
  </struct>
  <struct id="const_0_158"> <!-- Internet ... s -->
    <rel id="rel_273" type="edge" xlink:href="GUM.GUM_news_ie9.tok.xml#tok_158"/>
    <rel id="rel_274" type="edge" xlink:href="GUM.GUM_news_ie9.tok.xml#tok_159"/>
    <rel id="rel_275" type="edge" xlink:href="GUM.GUM_news_ie9.tok.xml#tok_160"/>
  </struct>
  <struct id="const_1_158"> <!-- Internet ... share -->
    <rel id="rel_276" type="edge" xlink:href="#const_0_158"/>
    <rel id="rel_277" type="edge" xlink:href="GUM.GUM_news_ie9.tok.xml#tok_161"/>
    <rel id="rel_278" type="edge" xlink:href="GUM.GUM_news_ie9.tok.xml#tok_162"/>
  </struct>
  <struct id="const_2_158"> <!-- Internet ... . -->
    <rel id="rel_279" type="edge" xlink:href="#const_1_158"/>
    <rel id="rel_280" type="edge" xlink:href="#const_1_163"/>
    <rel id="rel_281" type="edge" xlink:href="GUM.GUM_news_ie9.tok.xml#tok_165"/>
  </struct>
  <struct id="const_3_158"> <!-- Internet ... . -->
    <rel id="rel_282" type="edge" xlink:href="#const_2_158"/>
  </struct>
  <struct id="const_1_163"> <!-- is slipping -->
    <rel id="rel_283" type="edge" xlink:href="GUM.GUM_news_ie9.tok.xml#tok_163"/>
    <rel id="rel_284" type="edge" xlink:href="#const_0_164"/>
  </struct>
  <struct id="const_0_164"> <!-- slipping -->
    <rel id="rel_285" type="edge" xlink:href="GUM.GUM_news_ie9.tok.xml#tok_164"/>
  </struct>
  <struct id="const_0_166"> <!-- IE s -->
    <rel id="rel_286" type="edge" xlink:href="GUM.GUM_news_ie9.tok.xml#tok_166"/>
    <rel id="rel_287" type="edge" xlink:href="GUM.GUM_news_ie9.tok.xml#tok_167"/>
  </struct>
  <struct id="const_1_166"> <!-- IE ... versions -->
    <rel id="rel_288" type="edge" xlink:href="#const_0_166"/>
    <rel id="rel_289" type="edge" xlink:href="GUM.GUM_news_ie9.tok.xml#tok_168"/>
    <rel id="rel_290" type="edge" xlink:href="GUM.GUM_news_ie9.tok.xml#tok_169"/>
  </struct>
  <struct id="const_5_166"> <!-- IE ... 2009 -->
    <rel id="rel_291" type="edge" xlink:href="#const_1_166"/>
    <rel id="rel_292" type="edge" xlink:href="#const_4_170"/>
  </struct>
  <struct id="const_6_166"> <!-- IE ... . -->
    <rel id="rel_293" type="edge" xlink:href="#const_5_166"/>
    <rel id="rel_294" type="edge" xlink:href="GUM.GUM_news_ie9.tok.xml#tok_179"/>
    <rel id="rel_295" type="edge" xlink:href="#const_5_180"/>
    <rel id="rel_296" type="edge" xlink:href="GUM.GUM_news_ie9.tok.xml#tok_188"/>
  </struct>
  <struct id="const_7_166"> <!-- IE ... . -->
    <rel id="rel_297" type="edge" xlink:href="#const_6_166"/>
  </struct>
  <struct id="const_4_170"> <!-- accounted ... 2009 -->
    <rel id="rel_298" type="edge" xlink:href="GUM.GUM_news_ie9.tok.xml#tok_170"/>
    <rel id="rel_299" type="edge" xlink:href="#const_3_171"/>
    <rel id="rel_300" type="edge" xlink:href="#const_1_177"/>
  </struct>
  <struct id="const_3_171"> <!-- for ... market -->
    <rel id="rel_301" type="edge" xlink:href="GUM.GUM_news_ie9.tok.xml#tok_171"/>
    <rel id="rel_302" type="edge" xlink:href="#const_2_172"/>
  </struct>
  <struct id="const_0_172"> <!-- 70 percent -->
    <rel id="rel_303" type="edge" xlink:href="GUM.GUM_news_ie9.tok.xml#tok_172"/>
    <rel id="rel_304" type="edge" xlink:href="GUM.GUM_news_ie9.tok.xml#tok_173"/>
  </struct>
  <struct id="const_2_172"> <!-- 70 ... market -->
    <rel id="rel_305" type="edge" xlink:href="#const_0_172"/>
    <rel id="rel_306" type="edge" xlink:href="#const_1_174"/>
  </struct>
  <struct id="const_1_174"> <!-- of ... market -->
    <rel id="rel_307" type="edge" xlink:href="GUM.GUM_news_ie9.tok.xml#tok_174"/>
    <rel id="rel_308" type="edge" xlink:href="#const_0_175"/>
  </struct>
  <struct id="const_0_175"> <!-- the market -->
    <rel id="rel_309" type="edge" xlink:href="GUM.GUM_news_ie9.tok.xml#tok_175"/>
    <rel id="rel_310" type="edge" xlink:href="GUM.GUM_news_ie9.tok.xml#tok_176"/>
  </struct>
  <struct id="const_1_177"> <!-- in 2009 -->
    <rel id="rel_311" type="edge" xlink:href="GUM.GUM_news_ie9.tok.xml#tok_177"/>
    <rel id="rel_312" type="edge" xlink:href="#const_0_178"/>
  </struct>
  <struct id="const_0_178"> <!-- 2009 -->
    <rel id="rel_313" type="edge" xlink:href="GUM.GUM_news_ie9.tok.xml#tok_178"/>
  </struct>
  <struct id="const_0_180"> <!-- this -->
    <rel id="rel_314" type="edge" xlink:href="GUM.GUM_news_ie9.tok.xml#tok_180"/>
  </struct>
  <struct id="const_5_180"> <!-- this ... today -->
    <rel id="rel_315" type="edge" xlink:href="#const_0_180"/>
    <rel id="rel_316" type="edge" xlink:href="#const_4_181"/>
  </struct>
  <struct id="const_4_181"> <!-- has ... today -->
    <rel id="rel_317" type="edge" xlink:href="GUM.GUM_news_ie9.tok.xml#tok_181"/>
    <rel id="rel_318" type="edge" xlink:href="#const_3_182"/>
  </struct>
  <struct id="const_3_182"> <!-- dropped ... today -->
    <rel id="rel_319" type="edge" xlink:href="GUM.GUM_news_ie9.tok.xml#tok_182"/>
    <rel id="rel_320" type="edge" xlink:href="#const_2_183"/>
    <rel id="rel_321" type="edge" xlink:href="#const_0_186"/>
  </struct>
  <struct id="const_2_183"> <!-- to ... 56 -->
    <rel id="rel_322" type="edge" xlink:href="GUM.GUM_news_ie9.tok.xml#tok_183"/>
    <rel id="rel_323" type="edge" xlink:href="#const_1_184"/>
  </struct>
  <struct id="const_0_184"> <!-- approximately 56 -->
    <rel id="rel_324" type="edge" xlink:href="GUM.GUM_news_ie9.tok.xml#tok_184"/>
    <rel id="rel_325" type="edge" xlink:href="GUM.GUM_news_ie9.tok.xml#tok_185"/>
  </struct>
  <struct id="const_1_184"> <!-- approximately 56 -->
    <rel id="rel_326" type="edge" xlink:href="#const_0_184"/>
  </struct>
  <struct id="const_0_186"> <!-- percent today -->
    <rel id="rel_327" type="edge" xlink:href="GUM.GUM_news_ie9.tok.xml#tok_186"/>
    <rel id="rel_328" type="edge" xlink:href="GUM.GUM_news_ie9.tok.xml#tok_187"/>
  </struct>
  <struct id="const_0_189"> <!-- Mozilla Firefox -->
    <rel id="rel_329" type="edge" xlink:href="GUM.GUM_news_ie9.tok.xml#tok_189"/>
    <rel id="rel_330" type="edge" xlink:href="GUM.GUM_news_ie9.tok.xml#tok_190"/>
  </struct>
  <struct id="const_1_189"> <!-- Mozilla ... , -->
    <rel id="rel_331" type="edge" xlink:href="#const_0_189"/>
    <rel id="rel_332" type="edge" xlink:href="GUM.GUM_news_ie9.tok.xml#tok_191"/>
    <rel id="rel_333" type="edge" xlink:href="#const_0_192"/>
    <rel id="rel_334" type="edge" xlink:href="GUM.GUM_news_ie9.tok.xml#tok_195"/>
  </struct>
  <struct id="const_8_189"> <!-- Mozilla ... . -->
    <rel id="rel_335" type="edge" xlink:href="#const_1_189"/>
    <rel id="rel_336" type="edge" xlink:href="#const_7_196"/>
    <rel id="rel_337" type="edge" xlink:href="GUM.GUM_news_ie9.tok.xml#tok_214"/>
  </struct>
  <struct id="const_9_189"> <!-- Mozilla ... . -->
    <rel id="rel_338" type="edge" xlink:href="#const_8_189"/>
  </struct>
  <struct id="const_0_192"> <!-- its ... rival -->
    <rel id="rel_339" type="edge" xlink:href="GUM.GUM_news_ie9.tok.xml#tok_192"/>
    <rel id="rel_340" type="edge" xlink:href="GUM.GUM_news_ie9.tok.xml#tok_193"/>
    <rel id="rel_341" type="edge" xlink:href="GUM.GUM_news_ie9.tok.xml#tok_194"/>
  </struct>
  <struct id="const_7_196"> <!-- has ... users -->
    <rel id="rel_342" type="edge" xlink:href="GUM.GUM_news_ie9.tok.xml#tok_196"/>
    <rel id="rel_343" type="edge" xlink:href="#const_6_197"/>
  </struct>
  <struct id="const_6_197"> <!-- been ... users -->
    <rel id="rel_344" type="edge" xlink:href="GUM.GUM_news_ie9.tok.xml#tok_197"/>
    <rel id="rel_345" type="edge" xlink:href="#const_0_198"/>
    <rel id="rel_346" type="edge" xlink:href="#const_5_199"/>
  </struct>
  <struct id="const_0_198"> <!-- actively -->
    <rel id="rel_347" type="edge" xlink:href="GUM.GUM_news_ie9.tok.xml#tok_198"/>
  </struct>
  <struct id="const_5_199"> <!-- increasing ... users -->
    <rel id="rel_348" type="edge" xlink:href="GUM.GUM_news_ie9.tok.xml#tok_199"/>
    <rel id="rel_349" type="edge" xlink:href="#const_0_200"/>
    <rel id="rel_350" type="edge" xlink:href="#const_4_203"/>
  </struct>
  <struct id="const_0_200"> <!-- its ... share -->
    <rel id="rel_351" type="edge" xlink:href="GUM.GUM_news_ie9.tok.xml#tok_200"/>
    <rel id="rel_352" type="edge" xlink:href="GUM.GUM_news_ie9.tok.xml#tok_201"/>
    <rel id="rel_353" type="edge" xlink:href="GUM.GUM_news_ie9.tok.xml#tok_202"/>
  </struct>
  <struct id="const_4_203"> <!-- while ... users -->
    <rel id="rel_354" type="edge" xlink:href="GUM.GUM_news_ie9.tok.xml#tok_203"/>
    <rel id="rel_355" type="edge" xlink:href="#const_3_204"/>
  </struct>
  <struct id="const_1_204"> <!-- the ... Chrome -->
    <rel id="rel_356" type="edge" xlink:href="GUM.GUM_news_ie9.tok.xml#tok_204"/>
    <rel id="rel_357" type="edge" xlink:href="#const_0_205"/>
    <rel id="rel_358" type="edge" xlink:href="GUM.GUM_news_ie9.tok.xml#tok_207"/>
    <rel id="rel_359" type="edge" xlink:href="GUM.GUM_news_ie9.tok.xml#tok_208"/>
  </struct>
  <struct id="const_3_204"> <!-- the ... users -->
    <rel id="rel_360" type="edge" xlink:href="#const_1_204"/>
    <rel id="rel_361" type="edge" xlink:href="#const_2_209"/>
  </struct>
  <struct id="const_0_205"> <!-- recently released -->
    <rel id="rel_362" type="edge" xlink:href="GUM.GUM_news_ie9.tok.xml#tok_205"/>
    <rel id="rel_363" type="edge" xlink:href="GUM.GUM_news_ie9.tok.xml#tok_206"/>
  </struct>
  <struct id="const_2_209"> <!-- is ... users -->
    <rel id="rel_364" type="edge" xlink:href="GUM.GUM_news_ie9.tok.xml#tok_209"/>
    <rel id="rel_365" type="edge" xlink:href="#const_0_210"/>
    <rel id="rel_366" type="edge" xlink:href="#const_1_211"/>
  </struct>
  <struct id="const_0_210"> <!-- also -->
    <rel id="rel_367" type="edge" xlink:href="GUM.GUM_news_ie9.tok.xml#tok_210"/>
  </struct>
  <struct id="const_0_211"> <!-- quickly -->
    <rel id="rel_368" type="edge" xlink:href="GUM.GUM_news_ie9.tok.xml#tok_211"/>
  </struct>
  <struct id="const_1_211"> <!-- quickly ... users -->
    <rel id="rel_369" type="edge" xlink:href="#const_0_211"/>
    <rel id="rel_370" type="edge" xlink:href="GUM.GUM_news_ie9.tok.xml#tok_212"/>
    <rel id="rel_371" type="edge" xlink:href="#const_0_213"/>
  </struct>
  <struct id="const_0_213"> <!-- users -->
    <rel id="rel_372" type="edge" xlink:href="GUM.GUM_news_ie9.tok.xml#tok_213"/>
  </struct>
  <struct id="const_0_215"> <!-- PC ... s -->
    <rel id="rel_373" type="edge" xlink:href="GUM.GUM_news_ie9.tok.xml#tok_215"/>
    <rel id="rel_374" type="edge" xlink:href="GUM.GUM_news_ie9.tok.xml#tok_216"/>
    <rel id="rel_375" type="edge" xlink:href="GUM.GUM_news_ie9.tok.xml#tok_217"/>
  </struct>
  <struct id="const_1_215"> <!-- PC ... analysis -->
    <rel id="rel_376" type="edge" xlink:href="#const_0_215"/>
    <rel id="rel_377" type="edge" xlink:href="GUM.GUM_news_ie9.tok.xml#tok_218"/>
    <rel id="rel_378" type="edge" xlink:href="GUM.GUM_news_ie9.tok.xml#tok_219"/>
  </struct>
  <struct id="const_2_215"> <!-- PC ... statistics -->
    <rel id="rel_379" type="edge" xlink:href="#const_1_215"/>
    <rel id="rel_380" type="edge" xlink:href="#const_1_220"/>
  </struct>
  <struct id="const_8_215"> <!-- PC ... Firefox -->
    <rel id="rel_381" type="edge" xlink:href="#const_2_215"/>
    <rel id="rel_382" type="edge" xlink:href="#const_7_226"/>
  </struct>
  <struct id="const_9_215"> <!-- PC ... . -->
    <rel id="rel_383" type="edge" xlink:href="#const_8_215"/>
    <rel id="rel_384" type="edge" xlink:href="GUM.GUM_news_ie9.tok.xml#tok_240"/>
    <rel id="rel_385" type="edge" xlink:href="GUM.GUM_news_ie9.tok.xml#tok_241"/>
    <rel id="rel_386" type="edge" xlink:href="#const_6_242"/>
    <rel id="rel_387" type="edge" xlink:href="GUM.GUM_news_ie9.tok.xml#tok_265"/>
  </struct>
  <struct id="const_10_215"> <!-- PC ... . -->
    <rel id="rel_388" type="edge" xlink:href="#const_9_215"/>
  </struct>
  <struct id="const_1_220"> <!-- of ... statistics -->
    <rel id="rel_389" type="edge" xlink:href="GUM.GUM_news_ie9.tok.xml#tok_220"/>
    <rel id="rel_390" type="edge" xlink:href="#const_0_221"/>
  </struct>
  <struct id="const_0_221"> <!-- its ... statistics -->
    <rel id="rel_391" type="edge" xlink:href="GUM.GUM_news_ie9.tok.xml#tok_221"/>
    <rel id="rel_392" type="edge" xlink:href="GUM.GUM_news_ie9.tok.xml#tok_222"/>
    <rel id="rel_393" type="edge" xlink:href="GUM.GUM_news_ie9.tok.xml#tok_223"/>
    <rel id="rel_394" type="edge" xlink:href="GUM.GUM_news_ie9.tok.xml#tok_224"/>
    <rel id="rel_395" type="edge" xlink:href="GUM.GUM_news_ie9.tok.xml#tok_225"/>
  </struct>
  <struct id="const_7_226"> <!-- concluded ... Firefox -->
    <rel id="rel_396" type="edge" xlink:href="GUM.GUM_news_ie9.tok.xml#tok_226"/>
    <rel id="rel_397" type="edge" xlink:href="GUM.GUM_news_ie9.tok.xml#tok_227"/>
    <rel id="rel_398" type="edge" xlink:href="GUM.GUM_news_ie9.tok.xml#tok_228"/>
    <rel id="rel_399" type="edge" xlink:href="#const_6_229"/>
  </struct>
  <struct id="const_0_229"> <!-- Usually -->
    <rel id="rel_400" type="edge" xlink:href="GUM.GUM_news_ie9.tok.xml#tok_229"/>
  </struct>
  <struct id="const_6_229"> <!-- Usually ... Firefox -->
    <rel id="rel_401" type="edge" xlink:href="#const_0_229"/>
    <rel id="rel_402" type="edge" xlink:href="GUM.GUM_news_ie9.tok.xml#tok_230"/>
    <rel id="rel_403" type="edge" xlink:href="#const_0_231"/>
    <rel id="rel_404" type="edge" xlink:href="#const_5_233"/>
  </struct>
  <struct id="const_0_231"> <!-- Internet Explorer -->
    <rel id="rel_405" type="edge" xlink:href="GUM.GUM_news_ie9.tok.xml#tok_231"/>
    <rel id="rel_406" type="edge" xlink:href="GUM.GUM_news_ie9.tok.xml#tok_232"/>
  </struct>
  <struct id="const_5_233"> <!-- is ... Firefox -->
    <rel id="rel_407" type="edge" xlink:href="GUM.GUM_news_ie9.tok.xml#tok_233"/>
    <rel id="rel_408" type="edge" xlink:href="#const_4_234"/>
  </struct>
  <struct id="const_4_234"> <!-- the ... Firefox -->
    <rel id="rel_409" type="edge" xlink:href="GUM.GUM_news_ie9.tok.xml#tok_234"/>
    <rel id="rel_410" type="edge" xlink:href="#const_3_235"/>
  </struct>
  <struct id="const_0_235"> <!-- # -->
    <rel id="rel_411" type="edge" xlink:href="GUM.GUM_news_ie9.tok.xml#tok_235"/>
  </struct>
  <struct id="const_3_235"> <!-- # ... Firefox -->
    <rel id="rel_412" type="edge" xlink:href="#const_0_235"/>
    <rel id="rel_413" type="edge" xlink:href="#const_2_236"/>
  </struct>
  <struct id="const_0_236"> <!-- 2 browser -->
    <rel id="rel_414" type="edge" xlink:href="GUM.GUM_news_ie9.tok.xml#tok_236"/>
    <rel id="rel_415" type="edge" xlink:href="GUM.GUM_news_ie9.tok.xml#tok_237"/>
  </struct>
  <struct id="const_2_236"> <!-- 2 ... Firefox -->
    <rel id="rel_416" type="edge" xlink:href="#const_0_236"/>
    <rel id="rel_417" type="edge" xlink:href="#const_1_238"/>
  </struct>
  <struct id="const_1_238"> <!-- after Firefox -->
    <rel id="rel_418" type="edge" xlink:href="GUM.GUM_news_ie9.tok.xml#tok_238"/>
    <rel id="rel_419" type="edge" xlink:href="#const_0_239"/>
  </struct>
  <struct id="const_0_239"> <!-- Firefox -->
    <rel id="rel_420" type="edge" xlink:href="GUM.GUM_news_ie9.tok.xml#tok_239"/>
  </struct>
  <struct id="const_1_242"> <!-- over ... days -->
    <rel id="rel_421" type="edge" xlink:href="GUM.GUM_news_ie9.tok.xml#tok_242"/>
    <rel id="rel_422" type="edge" xlink:href="#const_0_243"/>
  </struct>
  <struct id="const_6_242"> <!-- over ... Chrome -->
    <rel id="rel_423" type="edge" xlink:href="#const_1_242"/>
    <rel id="rel_424" type="edge" xlink:href="#const_0_247"/>
    <rel id="rel_425" type="edge" xlink:href="#const_5_248"/>
  </struct>
  <struct id="const_0_243"> <!-- the ... days -->
    <rel id="rel_426" type="edge" xlink:href="GUM.GUM_news_ie9.tok.xml#tok_243"/>
    <rel id="rel_427" type="edge" xlink:href="GUM.GUM_news_ie9.tok.xml#tok_244"/>
    <rel id="rel_428" type="edge" xlink:href="GUM.GUM_news_ie9.tok.xml#tok_245"/>
    <rel id="rel_429" type="edge" xlink:href="GUM.GUM_news_ie9.tok.xml#tok_246"/>
  </struct>
  <struct id="const_0_247"> <!-- it -->
    <rel id="rel_430" type="edge" xlink:href="GUM.GUM_news_ie9.tok.xml#tok_247"/>
  </struct>
  <struct id="const_4_248"> <!-- s ... 3 -->
    <rel id="rel_431" type="edge" xlink:href="GUM.GUM_news_ie9.tok.xml#tok_248"/>
    <rel id="rel_432" type="edge" xlink:href="#const_3_249"/>
  </struct>
  <struct id="const_5_248"> <!-- s ... Chrome -->
    <rel id="rel_433" type="edge" xlink:href="#const_4_248"/>
    <rel id="rel_434" type="edge" xlink:href="GUM.GUM_news_ie9.tok.xml#tok_252"/>
    <rel id="rel_435" type="edge" xlink:href="#const_3_253"/>
    <rel id="rel_436" type="edge" xlink:href="GUM.GUM_news_ie9.tok.xml#tok_259"/>
    <rel id="rel_437" type="edge" xlink:href="GUM.GUM_news_ie9.tok.xml#tok_260"/>
    <rel id="rel_438" type="edge" xlink:href="#const_2_261"/>
  </struct>
  <struct id="const_3_249"> <!-- been ... 3 -->
    <rel id="rel_439" type="edge" xlink:href="GUM.GUM_news_ie9.tok.xml#tok_249"/>
    <rel id="rel_440" type="edge" xlink:href="#const_2_250"/>
  </struct>
  <struct id="const_1_250"> <!-- # 3 -->
    <rel id="rel_441" type="edge" xlink:href="GUM.GUM_news_ie9.tok.xml#tok_250"/>
    <rel id="rel_442" type="edge" xlink:href="#const_0_251"/>
  </struct>
  <struct id="const_2_250"> <!-- # 3 -->
    <rel id="rel_443" type="edge" xlink:href="#const_1_250"/>
  </struct>
  <struct id="const_0_251"> <!-- 3 -->
    <rel id="rel_444" type="edge" xlink:href="GUM.GUM_news_ie9.tok.xml#tok_251"/>
  </struct>
  <struct id="const_0_253"> <!-- a couple -->
    <rel id="rel_445" type="edge" xlink:href="GUM.GUM_news_ie9.tok.xml#tok_253"/>
    <rel id="rel_446" type="edge" xlink:href="GUM.GUM_news_ie9.tok.xml#tok_254"/>
  </struct>
  <struct id="const_2_253"> <!-- a ... points -->
    <rel id="rel_447" type="edge" xlink:href="#const_0_253"/>
    <rel id="rel_448" type="edge" xlink:href="#const_1_255"/>
  </struct>
  <struct id="const_3_253"> <!-- a ... Safari -->
    <rel id="rel_449" type="edge" xlink:href="#const_2_253"/>
    <rel id="rel_450" type="edge" xlink:href="#const_1_257"/>
  </struct>
  <struct id="const_1_255"> <!-- of points -->
    <rel id="rel_451" type="edge" xlink:href="GUM.GUM_news_ie9.tok.xml#tok_255"/>
    <rel id="rel_452" type="edge" xlink:href="#const_0_256"/>
  </struct>
  <struct id="const_0_256"> <!-- points -->
    <rel id="rel_453" type="edge" xlink:href="GUM.GUM_news_ie9.tok.xml#tok_256"/>
  </struct>
  <struct id="const_1_257"> <!-- behind Safari -->
    <rel id="rel_454" type="edge" xlink:href="GUM.GUM_news_ie9.tok.xml#tok_257"/>
    <rel id="rel_455" type="edge" xlink:href="#const_0_258"/>
  </struct>
  <struct id="const_0_258"> <!-- Safari -->
    <rel id="rel_456" type="edge" xlink:href="GUM.GUM_news_ie9.tok.xml#tok_258"/>
  </struct>
  <struct id="const_0_261"> <!-- nearly tied -->
    <rel id="rel_457" type="edge" xlink:href="GUM.GUM_news_ie9.tok.xml#tok_261"/>
    <rel id="rel_458" type="edge" xlink:href="GUM.GUM_news_ie9.tok.xml#tok_262"/>
  </struct>
  <struct id="const_2_261"> <!-- nearly ... Chrome -->
    <rel id="rel_459" type="edge" xlink:href="#const_0_261"/>
    <rel id="rel_460" type="edge" xlink:href="#const_1_263"/>
  </struct>
  <struct id="const_1_263"> <!-- with Chrome -->
    <rel id="rel_461" type="edge" xlink:href="GUM.GUM_news_ie9.tok.xml#tok_263"/>
    <rel id="rel_462" type="edge" xlink:href="#const_0_264"/>
  </struct>
  <struct id="const_0_264"> <!-- Chrome -->
    <rel id="rel_463" type="edge" xlink:href="GUM.GUM_news_ie9.tok.xml#tok_264"/>
  </struct>
  <struct id="const_0_266"> <!-- It -->
    <rel id="rel_464" type="edge" xlink:href="GUM.GUM_news_ie9.tok.xml#tok_266"/>
  </struct>
  <struct id="const_3_266"> <!-- It ... . -->
    <rel id="rel_465" type="edge" xlink:href="#const_0_266"/>
    <rel id="rel_466" type="edge" xlink:href="#const_2_267"/>
    <rel id="rel_467" type="edge" xlink:href="GUM.GUM_news_ie9.tok.xml#tok_272"/>
  </struct>
  <struct id="const_4_266"> <!-- It ... . -->
    <rel id="rel_468" type="edge" xlink:href="#const_3_266"/>
  </struct>
  <struct id="const_2_267"> <!-- might ... blip -->
    <rel id="rel_469" type="edge" xlink:href="GUM.GUM_news_ie9.tok.xml#tok_267"/>
    <rel id="rel_470" type="edge" xlink:href="#const_1_268"/>
  </struct>
  <struct id="const_1_268"> <!-- be ... blip -->
    <rel id="rel_471" type="edge" xlink:href="GUM.GUM_news_ie9.tok.xml#tok_268"/>
    <rel id="rel_472" type="edge" xlink:href="#const_0_269"/>
  </struct>
  <struct id="const_0_269"> <!-- a ... blip -->
    <rel id="rel_473" type="edge" xlink:href="GUM.GUM_news_ie9.tok.xml#tok_269"/>
    <rel id="rel_474" type="edge" xlink:href="GUM.GUM_news_ie9.tok.xml#tok_270"/>
    <rel id="rel_475" type="edge" xlink:href="GUM.GUM_news_ie9.tok.xml#tok_271"/>
  </struct>
  <struct id="const_17_273"> <!-- But ... &quot; -->
    <rel id="rel_476" type="edge" xlink:href="GUM.GUM_news_ie9.tok.xml#tok_273"/>
    <rel id="rel_477" type="edge" xlink:href="#const_16_274"/>
  </struct>
  <struct id="const_18_273"> <!-- But ... &quot; -->
    <rel id="rel_478" type="edge" xlink:href="#const_17_273"/>
  </struct>
  <struct id="const_16_274"> <!-- if ... &quot; -->
    <rel id="rel_479" type="edge" xlink:href="GUM.GUM_news_ie9.tok.xml#tok_274"/>
    <rel id="rel_480" type="edge" xlink:href="#const_15_275"/>
  </struct>
  <struct id="const_0_275"> <!-- it -->
    <rel id="rel_481" type="edge" xlink:href="GUM.GUM_news_ie9.tok.xml#tok_275"/>
  </struct>
  <struct id="const_15_275"> <!-- it ... &quot; -->
    <rel id="rel_482" type="edge" xlink:href="#const_0_275"/>
    <rel id="rel_483" type="edge" xlink:href="#const_14_276"/>
  </struct>
  <struct id="const_14_276"> <!-- is ... &quot; -->
    <rel id="rel_484" type="edge" xlink:href="GUM.GUM_news_ie9.tok.xml#tok_276"/>
    <rel id="rel_485" type="edge" xlink:href="#const_13_277"/>
  </struct>
  <struct id="const_0_277"> <!-- n&apos;t -->
    <rel id="rel_486" type="edge" xlink:href="GUM.GUM_news_ie9.tok.xml#tok_277"/>
  </struct>
  <struct id="const_12_277"> <!-- n&apos;t ... &quot; -->
    <rel id="rel_487" type="edge" xlink:href="#const_0_277"/>
    <rel id="rel_488" type="edge" xlink:href="#const_11_278"/>
    <rel id="rel_489" type="edge" xlink:href="GUM.GUM_news_ie9.tok.xml#tok_292"/>
  </struct>
  <struct id="const_13_277"> <!-- n&apos;t ... &quot; -->
    <rel id="rel_490" type="edge" xlink:href="#const_12_277"/>
  </struct>
  <struct id="const_11_278"> <!-- , ... . -->
    <rel id="rel_491" type="edge" xlink:href="GUM.GUM_news_ie9.tok.xml#tok_278"/>
    <rel id="rel_492" type="edge" xlink:href="#const_10_279"/>
  </struct>
  <struct id="const_10_279"> <!-- and ... . -->
    <rel id="rel_493" type="edge" xlink:href="GUM.GUM_news_ie9.tok.xml#tok_279"/>
    <rel id="rel_494" type="edge" xlink:href="#const_0_280"/>
    <rel id="rel_495" type="edge" xlink:href="#const_9_281"/>
  </struct>
  <struct id="const_0_280"> <!-- Chrome -->
    <rel id="rel_496" type="edge" xlink:href="GUM.GUM_news_ie9.tok.xml#tok_280"/>
  </struct>
  <struct id="const_9_281"> <!-- continues ... . -->
    <rel id="rel_497" type="edge" xlink:href="GUM.GUM_news_ie9.tok.xml#tok_281"/>
    <rel id="rel_498" type="edge" xlink:href="#const_8_282"/>
  </struct>
  <struct id="const_7_282"> <!-- to ... . -->
    <rel id="rel_499" type="edge" xlink:href="GUM.GUM_news_ie9.tok.xml#tok_282"/>
    <rel id="rel_500" type="edge" xlink:href="#const_6_283"/>
  </struct>
  <struct id="const_8_282"> <!-- to ... . -->
    <rel id="rel_501" type="edge" xlink:href="#const_7_282"/>
  </struct>
  <struct id="const_6_283"> <!-- surge ... . -->
    <rel id="rel_502" type="edge" xlink:href="GUM.GUM_news_ie9.tok.xml#tok_283"/>
    <rel id="rel_503" type="edge" xlink:href="GUM.GUM_news_ie9.tok.xml#tok_284"/>
    <rel id="rel_504" type="edge" xlink:href="#const_5_285"/>
  </struct>
  <struct id="const_0_285"> <!-- IE -->
    <rel id="rel_505" type="edge" xlink:href="GUM.GUM_news_ie9.tok.xml#tok_285"/>
  </struct>
  <struct id="const_4_285"> <!-- IE ... . -->
    <rel id="rel_506" type="edge" xlink:href="#const_0_285"/>
    <rel id="rel_507" type="edge" xlink:href="#const_3_286"/>
    <rel id="rel_508" type="edge" xlink:href="GUM.GUM_news_ie9.tok.xml#tok_291"/>
  </struct>
  <struct id="const_5_285"> <!-- IE ... . -->
    <rel id="rel_509" type="edge" xlink:href="#const_4_285"/>
  </struct>
  <struct id="const_3_286"> <!-- could ... place -->
    <rel id="rel_510" type="edge" xlink:href="GUM.GUM_news_ie9.tok.xml#tok_286"/>
    <rel id="rel_511" type="edge" xlink:href="#const_2_287"/>
  </struct>
  <struct id="const_2_287"> <!-- fall ... place -->
    <rel id="rel_512" type="edge" xlink:href="GUM.GUM_news_ie9.tok.xml#tok_287"/>
    <rel id="rel_513" type="edge" xlink:href="#const_1_288"/>
  </struct>
  <struct id="const_1_288"> <!-- to ... place -->
    <rel id="rel_514" type="edge" xlink:href="GUM.GUM_news_ie9.tok.xml#tok_288"/>
    <rel id="rel_515" type="edge" xlink:href="#const_0_289"/>
  </struct>
  <struct id="const_0_289"> <!-- fourth place -->
    <rel id="rel_516" type="edge" xlink:href="GUM.GUM_news_ie9.tok.xml#tok_289"/>
    <rel id="rel_517" type="edge" xlink:href="GUM.GUM_news_ie9.tok.xml#tok_290"/>
  </struct>
  <struct id="const_0_293"> <!-- Web developers -->
    <rel id="rel_518" type="edge" xlink:href="GUM.GUM_news_ie9.tok.xml#tok_293"/>
    <rel id="rel_519" type="edge" xlink:href="GUM.GUM_news_ie9.tok.xml#tok_294"/>
  </struct>
  <struct id="const_3_293"> <!-- Web ... . -->
    <rel id="rel_520" type="edge" xlink:href="#const_0_293"/>
    <rel id="rel_521" type="edge" xlink:href="#const_2_295"/>
    <rel id="rel_522" type="edge" xlink:href="GUM.GUM_news_ie9.tok.xml#tok_300"/>
  </struct>
  <struct id="const_4_293"> <!-- Web ... . -->
    <rel id="rel_523" type="edge" xlink:href="#const_3_293"/>
  </struct>
  <struct id="const_2_295"> <!-- face ... IE6 -->
    <rel id="rel_524" type="edge" xlink:href="GUM.GUM_news_ie9.tok.xml#tok_295"/>
    <rel id="rel_525" type="edge" xlink:href="#const_0_296"/>
    <rel id="rel_526" type="edge" xlink:href="#const_1_298"/>
  </struct>
  <struct id="const_0_296"> <!-- big problems -->
    <rel id="rel_527" type="edge" xlink:href="GUM.GUM_news_ie9.tok.xml#tok_296"/>
    <rel id="rel_528" type="edge" xlink:href="GUM.GUM_news_ie9.tok.xml#tok_297"/>
  </struct>
  <struct id="const_1_298"> <!-- with IE6 -->
    <rel id="rel_529" type="edge" xlink:href="GUM.GUM_news_ie9.tok.xml#tok_298"/>
    <rel id="rel_530" type="edge" xlink:href="#const_0_299"/>
  </struct>
  <struct id="const_0_299"> <!-- IE6 -->
    <rel id="rel_531" type="edge" xlink:href="GUM.GUM_news_ie9.tok.xml#tok_299"/>
  </struct>
  <struct id="const_7_301"> <!-- As ... 5 -->
    <rel id="rel_532" type="edge" xlink:href="GUM.GUM_news_ie9.tok.xml#tok_301"/>
    <rel id="rel_533" type="edge" xlink:href="#const_6_302"/>
  </struct>
  <struct id="const_9_301"> <!-- As ... . -->
    <rel id="rel_534" type="edge" xlink:href="#const_7_301"/>
    <rel id="rel_535" type="edge" xlink:href="GUM.GUM_news_ie9.tok.xml#tok_326"/>
    <rel id="rel_536" type="edge" xlink:href="#const_0_327"/>
    <rel id="rel_537" type="edge" xlink:href="#const_8_328"/>
    <rel id="rel_538" type="edge" xlink:href="GUM.GUM_news_ie9.tok.xml#tok_339"/>
  </struct>
  <struct id="const_10_301"> <!-- As ... . -->
    <rel id="rel_539" type="edge" xlink:href="#const_9_301"/>
  </struct>
  <struct id="const_0_302"> <!-- they -->
    <rel id="rel_540" type="edge" xlink:href="GUM.GUM_news_ie9.tok.xml#tok_302"/>
  </struct>
  <struct id="const_6_302"> <!-- they ... 5 -->
    <rel id="rel_541" type="edge" xlink:href="#const_0_302"/>
    <rel id="rel_542" type="edge" xlink:href="#const_5_303"/>
  </struct>
  <struct id="const_4_303"> <!-- design ... technology -->
    <rel id="rel_543" type="edge" xlink:href="GUM.GUM_news_ie9.tok.xml#tok_303"/>
    <rel id="rel_544" type="edge" xlink:href="#const_0_304"/>
    <rel id="rel_545" type="edge" xlink:href="#const_3_307"/>
  </struct>
  <struct id="const_5_303"> <!-- design ... 5 -->
    <rel id="rel_546" type="edge" xlink:href="#const_4_303"/>
    <rel id="rel_547" type="edge" xlink:href="GUM.GUM_news_ie9.tok.xml#tok_315"/>
    <rel id="rel_548" type="edge" xlink:href="#const_3_316"/>
  </struct>
  <struct id="const_0_304"> <!-- their ... pages -->
    <rel id="rel_549" type="edge" xlink:href="GUM.GUM_news_ie9.tok.xml#tok_304"/>
    <rel id="rel_550" type="edge" xlink:href="GUM.GUM_news_ie9.tok.xml#tok_305"/>
    <rel id="rel_551" type="edge" xlink:href="GUM.GUM_news_ie9.tok.xml#tok_306"/>
  </struct>
  <struct id="const_3_307"> <!-- for ... technology -->
    <rel id="rel_552" type="edge" xlink:href="GUM.GUM_news_ie9.tok.xml#tok_307"/>
    <rel id="rel_553" type="edge" xlink:href="#const_2_308"/>
  </struct>
  <struct id="const_0_308"> <!-- the ... browsers -->
    <rel id="rel_554" type="edge" xlink:href="GUM.GUM_news_ie9.tok.xml#tok_308"/>
    <rel id="rel_555" type="edge" xlink:href="GUM.GUM_news_ie9.tok.xml#tok_309"/>
    <rel id="rel_556" type="edge" xlink:href="GUM.GUM_news_ie9.tok.xml#tok_310"/>
  </struct>
  <struct id="const_2_308"> <!-- the ... technology -->
    <rel id="rel_557" type="edge" xlink:href="#const_0_308"/>
    <rel id="rel_558" type="edge" xlink:href="#const_1_311"/>
  </struct>
  <struct id="const_1_311"> <!-- with ... technology -->
    <rel id="rel_559" type="edge" xlink:href="GUM.GUM_news_ie9.tok.xml#tok_311"/>
    <rel id="rel_560" type="edge" xlink:href="#const_0_312"/>
  </struct>
  <struct id="const_0_312"> <!-- advanced ... technology -->
    <rel id="rel_561" type="edge" xlink:href="GUM.GUM_news_ie9.tok.xml#tok_312"/>
    <rel id="rel_562" type="edge" xlink:href="GUM.GUM_news_ie9.tok.xml#tok_313"/>
    <rel id="rel_563" type="edge" xlink:href="GUM.GUM_news_ie9.tok.xml#tok_314"/>
  </struct>
  <struct id="const_3_316"> <!-- geared ... 5 -->
    <rel id="rel_564" type="edge" xlink:href="GUM.GUM_news_ie9.tok.xml#tok_316"/>
    <rel id="rel_565" type="edge" xlink:href="#const_2_317"/>
  </struct>
  <struct id="const_2_317"> <!-- to ... 5 -->
    <rel id="rel_566" type="edge" xlink:href="GUM.GUM_news_ie9.tok.xml#tok_317"/>
    <rel id="rel_567" type="edge" xlink:href="#const_1_318"/>
  </struct>
  <struct id="const_0_318"> <!-- the ... language -->
    <rel id="rel_568" type="edge" xlink:href="GUM.GUM_news_ie9.tok.xml#tok_318"/>
    <rel id="rel_569" type="edge" xlink:href="GUM.GUM_news_ie9.tok.xml#tok_319"/>
    <rel id="rel_570" type="edge" xlink:href="GUM.GUM_news_ie9.tok.xml#tok_320"/>
    <rel id="rel_571" type="edge" xlink:href="GUM.GUM_news_ie9.tok.xml#tok_321"/>
    <rel id="rel_572" type="edge" xlink:href="GUM.GUM_news_ie9.tok.xml#tok_322"/>
    <rel id="rel_573" type="edge" xlink:href="GUM.GUM_news_ie9.tok.xml#tok_323"/>
  </struct>
  <struct id="const_1_318"> <!-- the ... 5 -->
    <rel id="rel_574" type="edge" xlink:href="#const_0_318"/>
    <rel id="rel_575" type="edge" xlink:href="#const_0_324"/>
  </struct>
  <struct id="const_0_324"> <!-- HTML 5 -->
    <rel id="rel_576" type="edge" xlink:href="GUM.GUM_news_ie9.tok.xml#tok_324"/>
    <rel id="rel_577" type="edge" xlink:href="GUM.GUM_news_ie9.tok.xml#tok_325"/>
  </struct>
  <struct id="const_0_327"> <!-- they -->
    <rel id="rel_578" type="edge" xlink:href="GUM.GUM_news_ie9.tok.xml#tok_327"/>
  </struct>
  <struct id="const_8_328"> <!-- are ... users -->
    <rel id="rel_579" type="edge" xlink:href="GUM.GUM_news_ie9.tok.xml#tok_328"/>
    <rel id="rel_580" type="edge" xlink:href="#const_7_329"/>
  </struct>
  <struct id="const_7_329"> <!-- forced ... users -->
    <rel id="rel_581" type="edge" xlink:href="GUM.GUM_news_ie9.tok.xml#tok_329"/>
    <rel id="rel_582" type="edge" xlink:href="#const_6_330"/>
  </struct>
  <struct id="const_5_330"> <!-- to ... users -->
    <rel id="rel_583" type="edge" xlink:href="GUM.GUM_news_ie9.tok.xml#tok_330"/>
    <rel id="rel_584" type="edge" xlink:href="#const_4_331"/>
  </struct>
  <struct id="const_6_330"> <!-- to ... users -->
    <rel id="rel_585" type="edge" xlink:href="#const_5_330"/>
  </struct>
  <struct id="const_4_331"> <!-- accommodate ... users -->
    <rel id="rel_586" type="edge" xlink:href="GUM.GUM_news_ie9.tok.xml#tok_331"/>
    <rel id="rel_587" type="edge" xlink:href="#const_0_332"/>
    <rel id="rel_588" type="edge" xlink:href="#const_3_335"/>
  </struct>
  <struct id="const_0_332"> <!-- older ... technology -->
    <rel id="rel_589" type="edge" xlink:href="GUM.GUM_news_ie9.tok.xml#tok_332"/>
    <rel id="rel_590" type="edge" xlink:href="GUM.GUM_news_ie9.tok.xml#tok_333"/>
    <rel id="rel_591" type="edge" xlink:href="GUM.GUM_news_ie9.tok.xml#tok_334"/>
  </struct>
  <struct id="const_2_335"> <!-- to ... users -->
    <rel id="rel_592" type="edge" xlink:href="GUM.GUM_news_ie9.tok.xml#tok_335"/>
    <rel id="rel_593" type="edge" xlink:href="#const_1_336"/>
  </struct>
  <struct id="const_3_335"> <!-- to ... users -->
    <rel id="rel_594" type="edge" xlink:href="#const_2_335"/>
  </struct>
  <struct id="const_1_336"> <!-- support ... users -->
    <rel id="rel_595" type="edge" xlink:href="GUM.GUM_news_ie9.tok.xml#tok_336"/>
    <rel id="rel_596" type="edge" xlink:href="#const_0_337"/>
  </struct>
  <struct id="const_0_337"> <!-- IE6 users -->
    <rel id="rel_597" type="edge" xlink:href="GUM.GUM_news_ie9.tok.xml#tok_337"/>
    <rel id="rel_598" type="edge" xlink:href="GUM.GUM_news_ie9.tok.xml#tok_338"/>
  </struct>
  <struct id="const_0_340"> <!-- Also -->
    <rel id="rel_599" type="edge" xlink:href="GUM.GUM_news_ie9.tok.xml#tok_340"/>
  </struct>
  <struct id="const_14_340"> <!-- Also ... . -->
    <rel id="rel_600" type="edge" xlink:href="#const_0_340"/>
    <rel id="rel_601" type="edge" xlink:href="GUM.GUM_news_ie9.tok.xml#tok_341"/>
    <rel id="rel_602" type="edge" xlink:href="#const_0_342"/>
    <rel id="rel_603" type="edge" xlink:href="#const_13_343"/>
    <rel id="rel_604" type="edge" xlink:href="GUM.GUM_news_ie9.tok.xml#tok_369"/>
  </struct>
  <struct id="const_15_340"> <!-- Also ... . -->
    <rel id="rel_605" type="edge" xlink:href="#const_14_340"/>
  </struct>
  <struct id="const_0_342"> <!-- not -->
    <rel id="rel_606" type="edge" xlink:href="GUM.GUM_news_ie9.tok.xml#tok_342"/>
  </struct>
  <struct id="const_13_343"> <!-- mentioned ... hacked -->
    <rel id="rel_607" type="edge" xlink:href="GUM.GUM_news_ie9.tok.xml#tok_343"/>
    <rel id="rel_608" type="edge" xlink:href="#const_12_344"/>
  </struct>
  <struct id="const_12_344"> <!-- on ... hacked -->
    <rel id="rel_609" type="edge" xlink:href="GUM.GUM_news_ie9.tok.xml#tok_344"/>
    <rel id="rel_610" type="edge" xlink:href="#const_11_345"/>
  </struct>
  <struct id="const_0_345"> <!-- Microsoft s -->
    <rel id="rel_611" type="edge" xlink:href="GUM.GUM_news_ie9.tok.xml#tok_345"/>
    <rel id="rel_612" type="edge" xlink:href="GUM.GUM_news_ie9.tok.xml#tok_346"/>
  </struct>
  <struct id="const_1_345"> <!-- Microsoft ... site -->
    <rel id="rel_613" type="edge" xlink:href="#const_0_345"/>
    <rel id="rel_614" type="edge" xlink:href="GUM.GUM_news_ie9.tok.xml#tok_347"/>
    <rel id="rel_615" type="edge" xlink:href="#const_0_348"/>
    <rel id="rel_616" type="edge" xlink:href="GUM.GUM_news_ie9.tok.xml#tok_353"/>
    <rel id="rel_617" type="edge" xlink:href="GUM.GUM_news_ie9.tok.xml#tok_354"/>
  </struct>
  <struct id="const_11_345"> <!-- Microsoft ... hacked -->
    <rel id="rel_618" type="edge" xlink:href="#const_1_345"/>
    <rel id="rel_619" type="edge" xlink:href="GUM.GUM_news_ie9.tok.xml#tok_355"/>
    <rel id="rel_620" type="edge" xlink:href="#const_10_356"/>
  </struct>
  <struct id="const_0_348"> <!-- The ... Countdown -->
    <rel id="rel_621" type="edge" xlink:href="GUM.GUM_news_ie9.tok.xml#tok_348"/>
    <rel id="rel_622" type="edge" xlink:href="GUM.GUM_news_ie9.tok.xml#tok_349"/>
    <rel id="rel_623" type="edge" xlink:href="GUM.GUM_news_ie9.tok.xml#tok_350"/>
    <rel id="rel_624" type="edge" xlink:href="GUM.GUM_news_ie9.tok.xml#tok_351"/>
    <rel id="rel_625" type="edge" xlink:href="GUM.GUM_news_ie9.tok.xml#tok_352"/>
  </struct>
  <struct id="const_8_356"> <!-- are ... hacked -->
    <rel id="rel_626" type="edge" xlink:href="GUM.GUM_news_ie9.tok.xml#tok_356"/>
    <rel id="rel_627" type="edge" xlink:href="#const_7_357"/>
  </struct>
  <struct id="const_9_356"> <!-- are ... hacked -->
    <rel id="rel_628" type="edge" xlink:href="#const_8_356"/>
  </struct>
  <struct id="const_10_356"> <!-- are ... hacked -->
    <rel id="rel_629" type="edge" xlink:href="#const_9_356"/>
  </struct>
  <struct id="const_0_357"> <!-- the ... vulnerabilities -->
    <rel id="rel_630" type="edge" xlink:href="GUM.GUM_news_ie9.tok.xml#tok_357"/>
    <rel id="rel_631" type="edge" xlink:href="GUM.GUM_news_ie9.tok.xml#tok_358"/>
    <rel id="rel_632" type="edge" xlink:href="GUM.GUM_news_ie9.tok.xml#tok_359"/>
    <rel id="rel_633" type="edge" xlink:href="GUM.GUM_news_ie9.tok.xml#tok_360"/>
  </struct>
  <struct id="const_7_357"> <!-- the ... hacked -->
    <rel id="rel_634" type="edge" xlink:href="#const_0_357"/>
    <rel id="rel_635" type="edge" xlink:href="#const_6_361"/>
  </struct>
  <struct id="const_6_361"> <!-- putting ... hacked -->
    <rel id="rel_636" type="edge" xlink:href="GUM.GUM_news_ie9.tok.xml#tok_361"/>
    <rel id="rel_637" type="edge" xlink:href="#const_0_362"/>
    <rel id="rel_638" type="edge" xlink:href="#const_5_364"/>
  </struct>
  <struct id="const_0_362"> <!-- the browser -->
    <rel id="rel_639" type="edge" xlink:href="GUM.GUM_news_ie9.tok.xml#tok_362"/>
    <rel id="rel_640" type="edge" xlink:href="GUM.GUM_news_ie9.tok.xml#tok_363"/>
  </struct>
  <struct id="const_5_364"> <!-- at ... hacked -->
    <rel id="rel_641" type="edge" xlink:href="GUM.GUM_news_ie9.tok.xml#tok_364"/>
    <rel id="rel_642" type="edge" xlink:href="#const_4_365"/>
  </struct>
  <struct id="const_0_365"> <!-- risk -->
    <rel id="rel_643" type="edge" xlink:href="GUM.GUM_news_ie9.tok.xml#tok_365"/>
  </struct>
  <struct id="const_4_365"> <!-- risk ... hacked -->
    <rel id="rel_644" type="edge" xlink:href="#const_0_365"/>
    <rel id="rel_645" type="edge" xlink:href="#const_3_366"/>
  </struct>
  <struct id="const_3_366"> <!-- of ... hacked -->
    <rel id="rel_646" type="edge" xlink:href="GUM.GUM_news_ie9.tok.xml#tok_366"/>
    <rel id="rel_647" type="edge" xlink:href="#const_2_367"/>
  </struct>
  <struct id="const_1_367"> <!-- being hacked -->
    <rel id="rel_648" type="edge" xlink:href="GUM.GUM_news_ie9.tok.xml#tok_367"/>
    <rel id="rel_649" type="edge" xlink:href="#const_0_368"/>
  </struct>
  <struct id="const_2_367"> <!-- being hacked -->
    <rel id="rel_650" type="edge" xlink:href="#const_1_367"/>
  </struct>
  <struct id="const_0_368"> <!-- hacked -->
    <rel id="rel_651" type="edge" xlink:href="GUM.GUM_news_ie9.tok.xml#tok_368"/>
  </struct>
  <struct id="const_0_370"> <!-- The ... firm -->
    <rel id="rel_652" type="edge" xlink:href="GUM.GUM_news_ie9.tok.xml#tok_370"/>
    <rel id="rel_653" type="edge" xlink:href="GUM.GUM_news_ie9.tok.xml#tok_371"/>
    <rel id="rel_654" type="edge" xlink:href="GUM.GUM_news_ie9.tok.xml#tok_372"/>
    <rel id="rel_655" type="edge" xlink:href="GUM.GUM_news_ie9.tok.xml#tok_373"/>
  </struct>
  <struct id="const_1_370"> <!-- The ... Secunia.com -->
    <rel id="rel_656" type="edge" xlink:href="#const_0_370"/>
    <rel id="rel_657" type="edge" xlink:href="#const_0_374"/>
  </struct>
  <struct id="const_8_370"> <!-- The ... . -->
    <rel id="rel_658" type="edge" xlink:href="#const_1_370"/>
    <rel id="rel_659" type="edge" xlink:href="GUM.GUM_news_ie9.tok.xml#tok_375"/>
    <rel id="rel_660" type="edge" xlink:href="#const_7_376"/>
    <rel id="rel_661" type="edge" xlink:href="GUM.GUM_news_ie9.tok.xml#tok_401"/>
  </struct>
  <struct id="const_9_370"> <!-- The ... . -->
    <rel id="rel_662" type="edge" xlink:href="#const_8_370"/>
  </struct>
  <struct id="const_0_374"> <!-- Secunia.com -->
    <rel id="rel_663" type="edge" xlink:href="GUM.GUM_news_ie9.tok.xml#tok_374"/>
  </struct>
  <struct id="const_7_376"> <!-- has ... &quot; -->
    <rel id="rel_664" type="edge" xlink:href="GUM.GUM_news_ie9.tok.xml#tok_376"/>
    <rel id="rel_665" type="edge" xlink:href="#const_6_377"/>
  </struct>
  <struct id="const_6_377"> <!-- said ... &quot; -->
    <rel id="rel_666" type="edge" xlink:href="GUM.GUM_news_ie9.tok.xml#tok_377"/>
    <rel id="rel_667" type="edge" xlink:href="#const_5_378"/>
  </struct>
  <struct id="const_5_378"> <!-- that ... &quot; -->
    <rel id="rel_668" type="edge" xlink:href="GUM.GUM_news_ie9.tok.xml#tok_378"/>
    <rel id="rel_669" type="edge" xlink:href="#const_4_379"/>
  </struct>
  <struct id="const_2_379"> <!-- as ... 2011 -->
    <rel id="rel_670" type="edge" xlink:href="GUM.GUM_news_ie9.tok.xml#tok_379"/>
    <rel id="rel_671" type="edge" xlink:href="#const_1_380"/>
  </struct>
  <struct id="const_3_379"> <!-- as ... vulnerabilities -->
    <rel id="rel_672" type="edge" xlink:href="#const_2_379"/>
    <rel id="rel_673" type="edge" xlink:href="GUM.GUM_news_ie9.tok.xml#tok_385"/>
    <rel id="rel_674" type="edge" xlink:href="#const_0_386"/>
    <rel id="rel_675" type="edge" xlink:href="#const_1_387"/>
  </struct>
  <struct id="const_4_379"> <!-- as ... &quot; -->
    <rel id="rel_676" type="edge" xlink:href="#const_3_379"/>
    <rel id="rel_677" type="edge" xlink:href="GUM.GUM_news_ie9.tok.xml#tok_390"/>
    <rel id="rel_678" type="edge" xlink:href="#const_3_391"/>
  </struct>
  <struct id="const_1_380"> <!-- of ... 2011 -->
    <rel id="rel_679" type="edge" xlink:href="GUM.GUM_news_ie9.tok.xml#tok_380"/>
    <rel id="rel_680" type="edge" xlink:href="#const_0_381"/>
  </struct>
  <struct id="const_0_381"> <!-- March ... 2011 -->
    <rel id="rel_681" type="edge" xlink:href="GUM.GUM_news_ie9.tok.xml#tok_381"/>
    <rel id="rel_682" type="edge" xlink:href="GUM.GUM_news_ie9.tok.xml#tok_382"/>
    <rel id="rel_683" type="edge" xlink:href="GUM.GUM_news_ie9.tok.xml#tok_383"/>
    <rel id="rel_684" type="edge" xlink:href="GUM.GUM_news_ie9.tok.xml#tok_384"/>
  </struct>
  <struct id="const_0_386"> <!-- IE6 -->
    <rel id="rel_685" type="edge" xlink:href="GUM.GUM_news_ie9.tok.xml#tok_386"/>
  </struct>
  <struct id="const_1_387"> <!-- has ... vulnerabilities -->
    <rel id="rel_686" type="edge" xlink:href="GUM.GUM_news_ie9.tok.xml#tok_387"/>
    <rel id="rel_687" type="edge" xlink:href="#const_0_388"/>
  </struct>
  <struct id="const_0_388"> <!-- 277 vulnerabilities -->
    <rel id="rel_688" type="edge" xlink:href="GUM.GUM_news_ie9.tok.xml#tok_388"/>
    <rel id="rel_689" type="edge" xlink:href="GUM.GUM_news_ie9.tok.xml#tok_389"/>
  </struct>
  <struct id="const_0_391"> <!-- 39 percent -->
    <rel id="rel_690" type="edge" xlink:href="GUM.GUM_news_ie9.tok.xml#tok_391"/>
    <rel id="rel_691" type="edge" xlink:href="GUM.GUM_news_ie9.tok.xml#tok_392"/>
  </struct>
  <struct id="const_2_391"> <!-- 39 ... these -->
    <rel id="rel_692" type="edge" xlink:href="#const_0_391"/>
    <rel id="rel_693" type="edge" xlink:href="#const_1_393"/>
  </struct>
  <struct id="const_3_391"> <!-- 39 ... &quot; -->
    <rel id="rel_694" type="edge" xlink:href="#const_2_391"/>
    <rel id="rel_695" type="edge" xlink:href="#const_2_395"/>
  </struct>
  <struct id="const_1_393"> <!-- of these -->
    <rel id="rel_696" type="edge" xlink:href="GUM.GUM_news_ie9.tok.xml#tok_393"/>
    <rel id="rel_697" type="edge" xlink:href="#const_0_394"/>
  </struct>
  <struct id="const_0_394"> <!-- these -->
    <rel id="rel_698" type="edge" xlink:href="GUM.GUM_news_ie9.tok.xml#tok_394"/>
  </struct>
  <struct id="const_2_395"> <!-- are ... &quot; -->
    <rel id="rel_699" type="edge" xlink:href="GUM.GUM_news_ie9.tok.xml#tok_395"/>
    <rel id="rel_700" type="edge" xlink:href="#const_1_396"/>
  </struct>
  <struct id="const_1_396"> <!-- rated ... &quot; -->
    <rel id="rel_701" type="edge" xlink:href="GUM.GUM_news_ie9.tok.xml#tok_396"/>
    <rel id="rel_702" type="edge" xlink:href="GUM.GUM_news_ie9.tok.xml#tok_397"/>
    <rel id="rel_703" type="edge" xlink:href="#const_0_398"/>
    <rel id="rel_704" type="edge" xlink:href="GUM.GUM_news_ie9.tok.xml#tok_400"/>
  </struct>
  <struct id="const_0_398"> <!-- highly critical -->
    <rel id="rel_705" type="edge" xlink:href="GUM.GUM_news_ie9.tok.xml#tok_398"/>
    <rel id="rel_706" type="edge" xlink:href="GUM.GUM_news_ie9.tok.xml#tok_399"/>
  </struct>
  <struct id="const_0_402"> <!-- Microsoft -->
    <rel id="rel_707" type="edge" xlink:href="GUM.GUM_news_ie9.tok.xml#tok_402"/>
  </struct>
  <struct id="const_7_402"> <!-- Microsoft ... . -->
    <rel id="rel_708" type="edge" xlink:href="#const_0_402"/>
    <rel id="rel_709" type="edge" xlink:href="#const_6_403"/>
    <rel id="rel_710" type="edge" xlink:href="GUM.GUM_news_ie9.tok.xml#tok_422"/>
  </struct>
  <struct id="const_8_402"> <!-- Microsoft ... . -->
    <rel id="rel_711" type="edge" xlink:href="#const_7_402"/>
  </struct>
  <struct id="const_6_403"> <!-- says ... threats -->
    <rel id="rel_712" type="edge" xlink:href="GUM.GUM_news_ie9.tok.xml#tok_403"/>
    <rel id="rel_713" type="edge" xlink:href="#const_5_404"/>
  </struct>
  <struct id="const_5_404"> <!-- that ... threats -->
    <rel id="rel_714" type="edge" xlink:href="GUM.GUM_news_ie9.tok.xml#tok_404"/>
    <rel id="rel_715" type="edge" xlink:href="#const_4_405"/>
  </struct>
  <struct id="const_0_405"> <!-- the ... versions -->
    <rel id="rel_716" type="edge" xlink:href="GUM.GUM_news_ie9.tok.xml#tok_405"/>
    <rel id="rel_717" type="edge" xlink:href="GUM.GUM_news_ie9.tok.xml#tok_406"/>
    <rel id="rel_718" type="edge" xlink:href="GUM.GUM_news_ie9.tok.xml#tok_407"/>
  </struct>
  <struct id="const_2_405"> <!-- the ... Explorer -->
    <rel id="rel_719" type="edge" xlink:href="#const_0_405"/>
    <rel id="rel_720" type="edge" xlink:href="#const_1_408"/>
  </struct>
  <struct id="const_4_405"> <!-- the ... threats -->
    <rel id="rel_721" type="edge" xlink:href="#const_2_405"/>
    <rel id="rel_722" type="edge" xlink:href="#const_3_411"/>
  </struct>
  <struct id="const_1_408"> <!-- of ... Explorer -->
    <rel id="rel_723" type="edge" xlink:href="GUM.GUM_news_ie9.tok.xml#tok_408"/>
    <rel id="rel_724" type="edge" xlink:href="#const_0_409"/>
  </struct>
  <struct id="const_0_409"> <!-- Internet Explorer -->
    <rel id="rel_725" type="edge" xlink:href="GUM.GUM_news_ie9.tok.xml#tok_409"/>
    <rel id="rel_726" type="edge" xlink:href="GUM.GUM_news_ie9.tok.xml#tok_410"/>
  </struct>
  <struct id="const_3_411"> <!-- provide ... threats -->
    <rel id="rel_727" type="edge" xlink:href="GUM.GUM_news_ie9.tok.xml#tok_411"/>
    <rel id="rel_728" type="edge" xlink:href="#const_2_412"/>
    <rel id="rel_729" type="edge" xlink:href="#const_1_417"/>
  </struct>
  <struct id="const_0_412"> <!-- the user -->
    <rel id="rel_730" type="edge" xlink:href="GUM.GUM_news_ie9.tok.xml#tok_412"/>
    <rel id="rel_731" type="edge" xlink:href="GUM.GUM_news_ie9.tok.xml#tok_413"/>
  </struct>
  <struct id="const_2_412"> <!-- the ... protection -->
    <rel id="rel_732" type="edge" xlink:href="#const_0_412"/>
    <rel id="rel_733" type="edge" xlink:href="#const_1_414"/>
  </struct>
  <struct id="const_1_414"> <!-- with ... protection -->
    <rel id="rel_734" type="edge" xlink:href="GUM.GUM_news_ie9.tok.xml#tok_414"/>
    <rel id="rel_735" type="edge" xlink:href="#const_0_415"/>
  </struct>
  <struct id="const_0_415"> <!-- enhanced protection -->
    <rel id="rel_736" type="edge" xlink:href="GUM.GUM_news_ie9.tok.xml#tok_415"/>
    <rel id="rel_737" type="edge" xlink:href="GUM.GUM_news_ie9.tok.xml#tok_416"/>
  </struct>
  <struct id="const_1_417"> <!-- from ... threats -->
    <rel id="rel_738" type="edge" xlink:href="GUM.GUM_news_ie9.tok.xml#tok_417"/>
    <rel id="rel_739" type="edge" xlink:href="#const_0_418"/>
  </struct>
  <struct id="const_0_418"> <!-- these ... threats -->
    <rel id="rel_740" type="edge" xlink:href="GUM.GUM_news_ie9.tok.xml#tok_418"/>
    <rel id="rel_741" type="edge" xlink:href="GUM.GUM_news_ie9.tok.xml#tok_419"/>
    <rel id="rel_742" type="edge" xlink:href="GUM.GUM_news_ie9.tok.xml#tok_420"/>
    <rel id="rel_743" type="edge" xlink:href="GUM.GUM_news_ie9.tok.xml#tok_421"/>
  </struct>
  <struct id="const_0_423"> <!-- Microsoft s -->
    <rel id="rel_744" type="edge" xlink:href="GUM.GUM_news_ie9.tok.xml#tok_423"/>
    <rel id="rel_745" type="edge" xlink:href="GUM.GUM_news_ie9.tok.xml#tok_424"/>
  </struct>
  <struct id="const_1_423"> <!-- Microsoft ... Explorer -->
    <rel id="rel_746" type="edge" xlink:href="#const_0_423"/>
    <rel id="rel_747" type="edge" xlink:href="GUM.GUM_news_ie9.tok.xml#tok_425"/>
    <rel id="rel_748" type="edge" xlink:href="GUM.GUM_news_ie9.tok.xml#tok_426"/>
  </struct>
  <struct id="const_2_423"> <!-- Microsoft ... 6 -->
    <rel id="rel_749" type="edge" xlink:href="#const_1_423"/>
    <rel id="rel_750" type="edge" xlink:href="#const_0_427"/>
  </struct>
  <struct id="const_12_423"> <!-- Microsoft ... . -->
    <rel id="rel_751" type="edge" xlink:href="#const_2_423"/>
    <rel id="rel_752" type="edge" xlink:href="#const_11_428"/>
    <rel id="rel_753" type="edge" xlink:href="GUM.GUM_news_ie9.tok.xml#tok_452"/>
  </struct>
  <struct id="const_13_423"> <!-- Microsoft ... . -->
    <rel id="rel_754" type="edge" xlink:href="#const_12_423"/>
  </struct>
  <struct id="const_0_427"> <!-- 6 -->
    <rel id="rel_755" type="edge" xlink:href="GUM.GUM_news_ie9.tok.xml#tok_427"/>
  </struct>
  <struct id="const_11_428"> <!-- is ... it -->
    <rel id="rel_756" type="edge" xlink:href="GUM.GUM_news_ie9.tok.xml#tok_428"/>
    <rel id="rel_757" type="edge" xlink:href="#const_10_429"/>
  </struct>
  <struct id="const_0_429"> <!-- one -->
    <rel id="rel_758" type="edge" xlink:href="GUM.GUM_news_ie9.tok.xml#tok_429"/>
  </struct>
  <struct id="const_10_429"> <!-- one ... it -->
    <rel id="rel_759" type="edge" xlink:href="#const_0_429"/>
    <rel id="rel_760" type="edge" xlink:href="#const_9_430"/>
  </struct>
  <struct id="const_9_430"> <!-- of ... it -->
    <rel id="rel_761" type="edge" xlink:href="GUM.GUM_news_ie9.tok.xml#tok_430"/>
    <rel id="rel_762" type="edge" xlink:href="#const_8_431"/>
  </struct>
  <struct id="const_1_431"> <!-- the ... products -->
    <rel id="rel_763" type="edge" xlink:href="GUM.GUM_news_ie9.tok.xml#tok_431"/>
    <rel id="rel_764" type="edge" xlink:href="#const_0_432"/>
    <rel id="rel_765" type="edge" xlink:href="GUM.GUM_news_ie9.tok.xml#tok_434"/>
    <rel id="rel_766" type="edge" xlink:href="GUM.GUM_news_ie9.tok.xml#tok_435"/>
  </struct>
  <struct id="const_3_431"> <!-- the ... durability -->
    <rel id="rel_767" type="edge" xlink:href="#const_1_431"/>
    <rel id="rel_768" type="edge" xlink:href="#const_2_436"/>
  </struct>
  <struct id="const_8_431"> <!-- the ... it -->
    <rel id="rel_769" type="edge" xlink:href="#const_3_431"/>
    <rel id="rel_770" type="edge" xlink:href="GUM.GUM_news_ie9.tok.xml#tok_442"/>
    <rel id="rel_771" type="edge" xlink:href="#const_7_443"/>
  </struct>
  <struct id="const_0_432"> <!-- most successful -->
    <rel id="rel_772" type="edge" xlink:href="GUM.GUM_news_ie9.tok.xml#tok_432"/>
    <rel id="rel_773" type="edge" xlink:href="GUM.GUM_news_ie9.tok.xml#tok_433"/>
  </struct>
  <struct id="const_0_436"> <!-- ever as -->
    <rel id="rel_774" type="edge" xlink:href="GUM.GUM_news_ie9.tok.xml#tok_436"/>
    <rel id="rel_775" type="edge" xlink:href="GUM.GUM_news_ie9.tok.xml#tok_437"/>
  </struct>
  <struct id="const_2_436"> <!-- ever ... durability -->
    <rel id="rel_776" type="edge" xlink:href="#const_0_436"/>
    <rel id="rel_777" type="edge" xlink:href="GUM.GUM_news_ie9.tok.xml#tok_438"/>
    <rel id="rel_778" type="edge" xlink:href="#const_1_439"/>
  </struct>
  <struct id="const_1_439"> <!-- by ... durability -->
    <rel id="rel_779" type="edge" xlink:href="GUM.GUM_news_ie9.tok.xml#tok_439"/>
    <rel id="rel_780" type="edge" xlink:href="#const_0_440"/>
  </struct>
  <struct id="const_0_440"> <!-- its durability -->
    <rel id="rel_781" type="edge" xlink:href="GUM.GUM_news_ie9.tok.xml#tok_440"/>
    <rel id="rel_782" type="edge" xlink:href="GUM.GUM_news_ie9.tok.xml#tok_441"/>
  </struct>
  <struct id="const_0_443"> <!-- the ... numbers -->
    <rel id="rel_783" type="edge" xlink:href="GUM.GUM_news_ie9.tok.xml#tok_443"/>
    <rel id="rel_784" type="edge" xlink:href="GUM.GUM_news_ie9.tok.xml#tok_444"/>
    <rel id="rel_785" type="edge" xlink:href="GUM.GUM_news_ie9.tok.xml#tok_445"/>
  </struct>
  <struct id="const_7_443"> <!-- the ... it -->
    <rel id="rel_786" type="edge" xlink:href="#const_0_443"/>
    <rel id="rel_787" type="edge" xlink:href="#const_6_446"/>
  </struct>
  <struct id="const_6_446"> <!-- of ... it -->
    <rel id="rel_788" type="edge" xlink:href="GUM.GUM_news_ie9.tok.xml#tok_446"/>
    <rel id="rel_789" type="edge" xlink:href="#const_5_447"/>
  </struct>
  <struct id="const_0_447"> <!-- people -->
    <rel id="rel_790" type="edge" xlink:href="GUM.GUM_news_ie9.tok.xml#tok_447"/>
  </struct>
  <struct id="const_5_447"> <!-- people ... it -->
    <rel id="rel_791" type="edge" xlink:href="#const_0_447"/>
    <rel id="rel_792" type="edge" xlink:href="#const_4_448"/>
  </struct>
  <struct id="const_0_448"> <!-- who -->
    <rel id="rel_793" type="edge" xlink:href="GUM.GUM_news_ie9.tok.xml#tok_448"/>
  </struct>
  <struct id="const_4_448"> <!-- who ... it -->
    <rel id="rel_794" type="edge" xlink:href="#const_0_448"/>
    <rel id="rel_795" type="edge" xlink:href="#const_3_449"/>
  </struct>
  <struct id="const_2_449"> <!-- have ... it -->
    <rel id="rel_796" type="edge" xlink:href="GUM.GUM_news_ie9.tok.xml#tok_449"/>
    <rel id="rel_797" type="edge" xlink:href="#const_1_450"/>
  </struct>
  <struct id="const_3_449"> <!-- have ... it -->
    <rel id="rel_798" type="edge" xlink:href="#const_2_449"/>
  </struct>
  <struct id="const_1_450"> <!-- used it -->
    <rel id="rel_799" type="edge" xlink:href="GUM.GUM_news_ie9.tok.xml#tok_450"/>
    <rel id="rel_800" type="edge" xlink:href="#const_0_451"/>
  </struct>
  <struct id="const_0_451"> <!-- it -->
    <rel id="rel_801" type="edge" xlink:href="GUM.GUM_news_ie9.tok.xml#tok_451"/>
  </struct>
  <struct id="const_0_453"> <!-- IE6 -->
    <rel id="rel_802" type="edge" xlink:href="GUM.GUM_news_ie9.tok.xml#tok_453"/>
  </struct>
  <struct id="const_3_453"> <!-- IE6 ... . -->
    <rel id="rel_803" type="edge" xlink:href="#const_0_453"/>
    <rel id="rel_804" type="edge" xlink:href="#const_2_454"/>
    <rel id="rel_805" type="edge" xlink:href="GUM.GUM_news_ie9.tok.xml#tok_463"/>
  </struct>
  <struct id="const_4_453"> <!-- IE6 ... . -->
    <rel id="rel_806" type="edge" xlink:href="#const_3_453"/>
  </struct>
  <struct id="const_2_454"> <!-- shipped ... ago -->
    <rel id="rel_807" type="edge" xlink:href="GUM.GUM_news_ie9.tok.xml#tok_454"/>
    <rel id="rel_808" type="edge" xlink:href="#const_1_455"/>
    <rel id="rel_809" type="edge" xlink:href="GUM.GUM_news_ie9.tok.xml#tok_458"/>
    <rel id="rel_810" type="edge" xlink:href="#const_1_459"/>
  </struct>
  <struct id="const_1_455"> <!-- with ... XP -->
    <rel id="rel_811" type="edge" xlink:href="GUM.GUM_news_ie9.tok.xml#tok_455"/>
    <rel id="rel_812" type="edge" xlink:href="#const_0_456"/>
  </struct>
  <struct id="const_0_456"> <!-- Windows XP -->
    <rel id="rel_813" type="edge" xlink:href="GUM.GUM_news_ie9.tok.xml#tok_456"/>
    <rel id="rel_814" type="edge" xlink:href="GUM.GUM_news_ie9.tok.xml#tok_457"/>
  </struct>
  <struct id="const_0_459"> <!-- nearly ... decade -->
    <rel id="rel_815" type="edge" xlink:href="GUM.GUM_news_ie9.tok.xml#tok_459"/>
    <rel id="rel_816" type="edge" xlink:href="GUM.GUM_news_ie9.tok.xml#tok_460"/>
    <rel id="rel_817" type="edge" xlink:href="GUM.GUM_news_ie9.tok.xml#tok_461"/>
  </struct>
  <struct id="const_1_459"> <!-- nearly ... ago -->
    <rel id="rel_818" type="edge" xlink:href="#const_0_459"/>
    <rel id="rel_819" type="edge" xlink:href="GUM.GUM_news_ie9.tok.xml#tok_462"/>
  </struct>
  <struct id="const_6_464"> <!-- But ... . -->
    <rel id="rel_820" type="edge" xlink:href="GUM.GUM_news_ie9.tok.xml#tok_464"/>
    <rel id="rel_821" type="edge" xlink:href="#const_3_465"/>
    <rel id="rel_822" type="edge" xlink:href="GUM.GUM_news_ie9.tok.xml#tok_470"/>
    <rel id="rel_823" type="edge" xlink:href="GUM.GUM_news_ie9.tok.xml#tok_471"/>
    <rel id="rel_824" type="edge" xlink:href="#const_5_472"/>
    <rel id="rel_825" type="edge" xlink:href="GUM.GUM_news_ie9.tok.xml#tok_479"/>
  </struct>
  <struct id="const_7_464"> <!-- But ... . -->
    <rel id="rel_826" type="edge" xlink:href="#const_6_464"/>
  </struct>
  <struct id="const_0_465"> <!-- it -->
    <rel id="rel_827" type="edge" xlink:href="GUM.GUM_news_ie9.tok.xml#tok_465"/>
  </struct>
  <struct id="const_3_465"> <!-- it ... usefulness -->
    <rel id="rel_828" type="edge" xlink:href="#const_0_465"/>
    <rel id="rel_829" type="edge" xlink:href="#const_2_466"/>
  </struct>
  <struct id="const_2_466"> <!-- has ... usefulness -->
    <rel id="rel_830" type="edge" xlink:href="GUM.GUM_news_ie9.tok.xml#tok_466"/>
    <rel id="rel_831" type="edge" xlink:href="#const_1_467"/>
  </struct>
  <struct id="const_1_467"> <!-- outlived ... usefulness -->
    <rel id="rel_832" type="edge" xlink:href="GUM.GUM_news_ie9.tok.xml#tok_467"/>
    <rel id="rel_833" type="edge" xlink:href="#const_0_468"/>
  </struct>
  <struct id="const_0_468"> <!-- its usefulness -->
    <rel id="rel_834" type="edge" xlink:href="GUM.GUM_news_ie9.tok.xml#tok_468"/>
    <rel id="rel_835" type="edge" xlink:href="GUM.GUM_news_ie9.tok.xml#tok_469"/>
  </struct>
  <struct id="const_0_472"> <!-- Microsoft -->
    <rel id="rel_836" type="edge" xlink:href="GUM.GUM_news_ie9.tok.xml#tok_472"/>
  </struct>
  <struct id="const_5_472"> <!-- Microsoft ... it -->
    <rel id="rel_837" type="edge" xlink:href="#const_0_472"/>
    <rel id="rel_838" type="edge" xlink:href="#const_0_473"/>
    <rel id="rel_839" type="edge" xlink:href="#const_4_475"/>
  </struct>
  <struct id="const_0_473"> <!-- no longer -->
    <rel id="rel_840" type="edge" xlink:href="GUM.GUM_news_ie9.tok.xml#tok_473"/>
    <rel id="rel_841" type="edge" xlink:href="GUM.GUM_news_ie9.tok.xml#tok_474"/>
  </struct>
  <struct id="const_4_475"> <!-- wants ... it -->
    <rel id="rel_842" type="edge" xlink:href="GUM.GUM_news_ie9.tok.xml#tok_475"/>
    <rel id="rel_843" type="edge" xlink:href="#const_3_476"/>
  </struct>
  <struct id="const_2_476"> <!-- to ... it -->
    <rel id="rel_844" type="edge" xlink:href="GUM.GUM_news_ie9.tok.xml#tok_476"/>
    <rel id="rel_845" type="edge" xlink:href="#const_1_477"/>
  </struct>
  <struct id="const_3_476"> <!-- to ... it -->
    <rel id="rel_846" type="edge" xlink:href="#const_2_476"/>
  </struct>
  <struct id="const_1_477"> <!-- support it -->
    <rel id="rel_847" type="edge" xlink:href="GUM.GUM_news_ie9.tok.xml#tok_477"/>
    <rel id="rel_848" type="edge" xlink:href="#const_0_478"/>
  </struct>
  <struct id="const_0_478"> <!-- it -->
    <rel id="rel_849" type="edge" xlink:href="GUM.GUM_news_ie9.tok.xml#tok_478"/>
  </struct>
</structList>
</paula>
