<?xml version="1.0" standalone="no"?>

<!DOCTYPE paula SYSTEM "paula_feat.dtd">
<paula version="1.0">

<header paula_id="dep.GUM.GUM_news_ie9_dep_func"/>

<featList xmlns:xlink="http://www.w3.org/1999/xlink" type="func" xml:base="dep.GUM.GUM_news_ie9.dep.xml">
<feat xlink:href="#rel_1" value="nsubj"/> <!--Microsoft -->
<feat xlink:href="#rel_3" value="prep"/> <!--for -->
<feat xlink:href="#rel_4" value="pobj"/> <!--death -->
<feat xlink:href="#rel_5" value="prep"/> <!--of -->
<feat xlink:href="#rel_6" value="nn"/> <!--Internet -->
<feat xlink:href="#rel_7" value="pobj"/> <!--Explorer -->
<feat xlink:href="#rel_8" value="dep"/> <!--6 -->
<feat xlink:href="#rel_11" value="nn"/> <!--March -->
<feat xlink:href="#rel_12" value="appos"/> <!--8 -->
<feat xlink:href="#rel_14" value="tmod"/> <!--2011 -->
<feat xlink:href="#rel_15" value="prep"/> <!--With -->
<feat xlink:href="#rel_16" value="pobj"/> <!--development -->
<feat xlink:href="#rel_17" value="prep"/> <!--of -->
<feat xlink:href="#rel_18" value="poss"/> <!--Microsoft -->
<feat xlink:href="#rel_19" value="possessive"/> <!--s -->
<feat xlink:href="#rel_20" value="nn"/> <!--Internet -->
<feat xlink:href="#rel_21" value="nn"/> <!--Explorer -->
<feat xlink:href="#rel_22" value="dep"/> <!--9 -->
<feat xlink:href="#rel_24" value="appos"/> <!--IE9 -->
<feat xlink:href="#rel_26" value="pobj"/> <!--browser -->
<feat xlink:href="#rel_27" value="advmod"/> <!--almost -->
<feat xlink:href="#rel_28" value="amod"/> <!--complete -->
<feat xlink:href="#rel_30" value="nsubj"/> <!--Microsoft -->
<feat xlink:href="#rel_32" value="prep"/> <!--on -->
<feat xlink:href="#rel_33" value="pobj"/> <!--Friday -->
<feat xlink:href="#rel_34" value="mark"/> <!--that -->
<feat xlink:href="#rel_35" value="nsubj"/> <!--it -->
<feat xlink:href="#rel_36" value="cop"/> <!--is -->
<feat xlink:href="#rel_37" value="ccomp"/> <!--time -->
<feat xlink:href="#rel_38" value="prep"/> <!--for -->
<feat xlink:href="#rel_39" value="nn"/> <!--IE6 -->
<feat xlink:href="#rel_40" value="pobj"/> <!--users -->
<feat xlink:href="#rel_41" value="aux"/> <!--to -->
<feat xlink:href="#rel_42" value="vmod"/> <!--move -->
<feat xlink:href="#rel_43" value="advmod"/> <!--away -->
<feat xlink:href="#rel_44" value="prep"/> <!--from -->
<feat xlink:href="#rel_45" value="det"/> <!--the -->
<feat xlink:href="#rel_46" value="amod"/> <!--antiquated -->
<feat xlink:href="#rel_47" value="amod"/> <!--10-year-old -->
<feat xlink:href="#rel_48" value="pobj"/> <!--browser -->
<feat xlink:href="#rel_50" value="nsubj"/> <!--Microsoft -->
<feat xlink:href="#rel_51" value="aux"/> <!--has -->
<feat xlink:href="#rel_53" value="dobj"/> <!--it -->
<feat xlink:href="#rel_54" value="prep"/> <!--with -->
<feat xlink:href="#rel_55" value="num"/> <!--three -->
<feat xlink:href="#rel_56" value="amod"/> <!--newer -->
<feat xlink:href="#rel_57" value="pobj"/> <!--versions -->
<feat xlink:href="#rel_59" value="prep"/> <!--On -->
<feat xlink:href="#rel_60" value="det"/> <!--a -->
<feat xlink:href="#rel_61" value="amod"/> <!--new -->
<feat xlink:href="#rel_62" value="pobj"/> <!--website -->
<feat xlink:href="#rel_65" value="det"/> <!--The -->
<feat xlink:href="#rel_66" value="nn"/> <!--Internet -->
<feat xlink:href="#rel_67" value="nn"/> <!--Explorer -->
<feat xlink:href="#rel_68" value="dep"/> <!--6 -->
<feat xlink:href="#rel_69" value="appos"/> <!--Countdown -->
<feat xlink:href="#rel_72" value="nsubj"/> <!--Microsoft -->
<feat xlink:href="#rel_73" value="aux"/> <!--has -->
<feat xlink:href="#rel_75" value="det"/> <!--an -->
<feat xlink:href="#rel_76" value="amod"/> <!--aggressive -->
<feat xlink:href="#rel_77" value="dobj"/> <!--campaign -->
<feat xlink:href="#rel_78" value="aux"/> <!--to -->
<feat xlink:href="#rel_79" value="vmod"/> <!--persuade -->
<feat xlink:href="#rel_80" value="dobj"/> <!--users -->
<feat xlink:href="#rel_81" value="aux"/> <!--to -->
<feat xlink:href="#rel_82" value="xcomp"/> <!--stop -->
<feat xlink:href="#rel_83" value="xcomp"/> <!--using -->
<feat xlink:href="#rel_84" value="dobj"/> <!--IE6 -->
<feat xlink:href="#rel_85" value="cc"/> <!--and -->
<feat xlink:href="#rel_86" value="conj"/> <!--update -->
<feat xlink:href="#rel_87" value="prep"/> <!--to -->
<feat xlink:href="#rel_88" value="det"/> <!--a -->
<feat xlink:href="#rel_89" value="amod"/> <!--newer -->
<feat xlink:href="#rel_90" value="pobj"/> <!--IE -->
<feat xlink:href="#rel_92" value="poss"/> <!--Its -->
<feat xlink:href="#rel_93" value="nsubj"/> <!--goal -->
<feat xlink:href="#rel_94" value="cop"/> <!--is -->
<feat xlink:href="#rel_95" value="aux"/> <!--to -->
<feat xlink:href="#rel_97" value="nn"/> <!--IE6 -->
<feat xlink:href="#rel_98" value="dobj"/> <!--users -->
<feat xlink:href="#rel_99" value="prep"/> <!--to -->
<feat xlink:href="#rel_100" value="mwe"/> <!--less -->
<feat xlink:href="#rel_101" value="quantmod"/> <!--than -->
<feat xlink:href="#rel_102" value="num"/> <!--one -->
<feat xlink:href="#rel_103" value="pobj"/> <!--percent -->
<feat xlink:href="#rel_107" value="num"/> <!--Ten -->
<feat xlink:href="#rel_109" value="npadvmod"/> <!--years -->
<feat xlink:href="#rel_110" value="advmod"/> <!--ago -->
<feat xlink:href="#rel_112" value="det"/> <!--a -->
<feat xlink:href="#rel_113" value="nsubjpass"/> <!--browser -->
<feat xlink:href="#rel_114" value="auxpass"/> <!--was -->
<feat xlink:href="#rel_117" value="poss"/> <!--Its -->
<feat xlink:href="#rel_118" value="nsubj"/> <!--name -->
<feat xlink:href="#rel_119" value="cop"/> <!--was -->
<feat xlink:href="#rel_120" value="nn"/> <!--Internet -->
<feat xlink:href="#rel_122" value="dep"/> <!--6 -->
<feat xlink:href="#rel_124" value="advmod"/> <!--Now -->
<feat xlink:href="#rel_125" value="mark"/> <!--that -->
<feat xlink:href="#rel_126" value="nsubj"/> <!--we -->
<feat xlink:href="#rel_127" value="advcl"/> <!--’re -->
<feat xlink:href="#rel_128" value="prep"/> <!--in -->
<feat xlink:href="#rel_129" value="pobj"/> <!--2011 -->
<feat xlink:href="#rel_131" value="prep"/> <!--in -->
<feat xlink:href="#rel_132" value="det"/> <!--an -->
<feat xlink:href="#rel_133" value="pobj"/> <!--era -->
<feat xlink:href="#rel_134" value="prep"/> <!--of -->
<feat xlink:href="#rel_135" value="amod"/> <!--modern -->
<feat xlink:href="#rel_136" value="nn"/> <!--web -->
<feat xlink:href="#rel_137" value="pobj"/> <!--standards -->
<feat xlink:href="#rel_139" value="nsubj"/> <!--it -->
<feat xlink:href="#rel_140" value="cop"/> <!--’s -->
<feat xlink:href="#rel_141" value="parataxis"/> <!--time -->
<feat xlink:href="#rel_142" value="aux"/> <!--to -->
<feat xlink:href="#rel_143" value="vmod"/> <!--say -->
<feat xlink:href="#rel_144" value="dobj"/> <!--goodbye -->
<feat xlink:href="#rel_147" value="nsubj"/> <!--Microsoft -->
<feat xlink:href="#rel_149" value="prep"/> <!--on -->
<feat xlink:href="#rel_151" value="det"/> <!--The -->
<feat xlink:href="#rel_152" value="nn"/> <!--Internet -->
<feat xlink:href="#rel_153" value="nn"/> <!--Explorer -->
<feat xlink:href="#rel_154" value="dep"/> <!--6 -->
<feat xlink:href="#rel_155" value="pobj"/> <!--Countdown -->
<feat xlink:href="#rel_158" value="nn"/> <!--Internet -->
<feat xlink:href="#rel_159" value="poss"/> <!--Explorer -->
<feat xlink:href="#rel_160" value="possessive"/> <!--s -->
<feat xlink:href="#rel_161" value="nn"/> <!--market -->
<feat xlink:href="#rel_162" value="nsubj"/> <!--share -->
<feat xlink:href="#rel_163" value="aux"/> <!--is -->
<feat xlink:href="#rel_166" value="poss"/> <!--IE -->
<feat xlink:href="#rel_167" value="possessive"/> <!--s -->
<feat xlink:href="#rel_168" value="amod"/> <!--various -->
<feat xlink:href="#rel_169" value="nsubj"/> <!--versions -->
<feat xlink:href="#rel_171" value="prep"/> <!--for -->
<feat xlink:href="#rel_172" value="num"/> <!--70 -->
<feat xlink:href="#rel_173" value="pobj"/> <!--percent -->
<feat xlink:href="#rel_174" value="prep"/> <!--of -->
<feat xlink:href="#rel_175" value="det"/> <!--the -->
<feat xlink:href="#rel_176" value="pobj"/> <!--market -->
<feat xlink:href="#rel_177" value="prep"/> <!--in -->
<feat xlink:href="#rel_178" value="pobj"/> <!--2009 -->
<feat xlink:href="#rel_180" value="nsubj"/> <!--this -->
<feat xlink:href="#rel_181" value="aux"/> <!--has -->
<feat xlink:href="#rel_182" value="parataxis"/> <!--dropped -->
<feat xlink:href="#rel_183" value="prep"/> <!--to -->
<feat xlink:href="#rel_184" value="quantmod"/> <!--approximately -->
<feat xlink:href="#rel_185" value="num"/> <!--56 -->
<feat xlink:href="#rel_186" value="pobj"/> <!--percent -->
<feat xlink:href="#rel_187" value="tmod"/> <!--today -->
<feat xlink:href="#rel_189" value="nn"/> <!--Mozilla -->
<feat xlink:href="#rel_190" value="nsubj"/> <!--Firefox -->
<feat xlink:href="#rel_192" value="poss"/> <!--its -->
<feat xlink:href="#rel_193" value="amod"/> <!--main -->
<feat xlink:href="#rel_194" value="appos"/> <!--rival -->
<feat xlink:href="#rel_196" value="aux"/> <!--has -->
<feat xlink:href="#rel_197" value="aux"/> <!--been -->
<feat xlink:href="#rel_198" value="advmod"/> <!--actively -->
<feat xlink:href="#rel_200" value="poss"/> <!--its -->
<feat xlink:href="#rel_201" value="nn"/> <!--market -->
<feat xlink:href="#rel_202" value="dobj"/> <!--share -->
<feat xlink:href="#rel_203" value="mark"/> <!--while -->
<feat xlink:href="#rel_204" value="det"/> <!--the -->
<feat xlink:href="#rel_205" value="advmod"/> <!--recently -->
<feat xlink:href="#rel_206" value="amod"/> <!--released -->
<feat xlink:href="#rel_207" value="nn"/> <!--Google -->
<feat xlink:href="#rel_208" value="nsubj"/> <!--Chrome -->
<feat xlink:href="#rel_209" value="aux"/> <!--is -->
<feat xlink:href="#rel_210" value="advmod"/> <!--also -->
<feat xlink:href="#rel_211" value="advmod"/> <!--quickly -->
<feat xlink:href="#rel_212" value="advcl"/> <!--gaining -->
<feat xlink:href="#rel_213" value="dobj"/> <!--users -->
<feat xlink:href="#rel_215" value="nn"/> <!--PC -->
<feat xlink:href="#rel_216" value="poss"/> <!--World -->
<feat xlink:href="#rel_217" value="possessive"/> <!--s -->
<feat xlink:href="#rel_218" value="amod"/> <!--recent -->
<feat xlink:href="#rel_219" value="nsubj"/> <!--analysis -->
<feat xlink:href="#rel_220" value="prep"/> <!--of -->
<feat xlink:href="#rel_221" value="poss"/> <!--its -->
<feat xlink:href="#rel_222" value="amod"/> <!--own -->
<feat xlink:href="#rel_223" value="nn"/> <!--web -->
<feat xlink:href="#rel_224" value="nn"/> <!--traffic -->
<feat xlink:href="#rel_225" value="pobj"/> <!--statistics -->
<feat xlink:href="#rel_229" value="advmod"/> <!--Usually -->
<feat xlink:href="#rel_231" value="nn"/> <!--Internet -->
<feat xlink:href="#rel_232" value="nsubj"/> <!--Explorer -->
<feat xlink:href="#rel_233" value="cop"/> <!--is -->
<feat xlink:href="#rel_234" value="det"/> <!--the -->
<feat xlink:href="#rel_235" value="dep"/> <!--# -->
<feat xlink:href="#rel_236" value="nn"/> <!--2 -->
<feat xlink:href="#rel_237" value="ccomp"/> <!--browser -->
<feat xlink:href="#rel_238" value="prep"/> <!--after -->
<feat xlink:href="#rel_239" value="pobj"/> <!--Firefox -->
<feat xlink:href="#rel_241" value="cc"/> <!--but -->
<feat xlink:href="#rel_242" value="prep"/> <!--over -->
<feat xlink:href="#rel_243" value="det"/> <!--the -->
<feat xlink:href="#rel_244" value="amod"/> <!--past -->
<feat xlink:href="#rel_245" value="num"/> <!--30 -->
<feat xlink:href="#rel_246" value="pobj"/> <!--days -->
<feat xlink:href="#rel_247" value="nsubj"/> <!--it -->
<feat xlink:href="#rel_248" value="aux"/> <!--s -->
<feat xlink:href="#rel_249" value="cop"/> <!--been -->
<feat xlink:href="#rel_250" value="dep"/> <!--# -->
<feat xlink:href="#rel_251" value="conj"/> <!--3 -->
<feat xlink:href="#rel_253" value="det"/> <!--a -->
<feat xlink:href="#rel_254" value="appos"/> <!--couple -->
<feat xlink:href="#rel_255" value="prep"/> <!--of -->
<feat xlink:href="#rel_256" value="pobj"/> <!--points -->
<feat xlink:href="#rel_257" value="prep"/> <!--behind -->
<feat xlink:href="#rel_258" value="pobj"/> <!--Safari -->
<feat xlink:href="#rel_260" value="cc"/> <!--and -->
<feat xlink:href="#rel_261" value="advmod"/> <!--nearly -->
<feat xlink:href="#rel_262" value="conj"/> <!--tied -->
<feat xlink:href="#rel_263" value="prep"/> <!--with -->
<feat xlink:href="#rel_264" value="pobj"/> <!--Chrome -->
<feat xlink:href="#rel_266" value="nsubj"/> <!--It -->
<feat xlink:href="#rel_267" value="aux"/> <!--might -->
<feat xlink:href="#rel_268" value="cop"/> <!--be -->
<feat xlink:href="#rel_269" value="det"/> <!--a -->
<feat xlink:href="#rel_270" value="amod"/> <!--statistical -->
<feat xlink:href="#rel_273" value="cc"/> <!--But -->
<feat xlink:href="#rel_274" value="mark"/> <!--if -->
<feat xlink:href="#rel_275" value="nsubj"/> <!--it -->
<feat xlink:href="#rel_276" value="advcl"/> <!--is -->
<feat xlink:href="#rel_277" value="neg"/> <!--n&apos;t -->
<feat xlink:href="#rel_279" value="cc"/> <!--and -->
<feat xlink:href="#rel_280" value="nsubj"/> <!--Chrome -->
<feat xlink:href="#rel_281" value="conj"/> <!--continues -->
<feat xlink:href="#rel_282" value="aux"/> <!--to -->
<feat xlink:href="#rel_283" value="xcomp"/> <!--surge -->
<feat xlink:href="#rel_285" value="nsubj"/> <!--IE -->
<feat xlink:href="#rel_286" value="aux"/> <!--could -->
<feat xlink:href="#rel_288" value="prep"/> <!--to -->
<feat xlink:href="#rel_289" value="amod"/> <!--fourth -->
<feat xlink:href="#rel_290" value="pobj"/> <!--place -->
<feat xlink:href="#rel_293" value="nn"/> <!--Web -->
<feat xlink:href="#rel_294" value="nsubj"/> <!--developers -->
<feat xlink:href="#rel_296" value="amod"/> <!--big -->
<feat xlink:href="#rel_297" value="dobj"/> <!--problems -->
<feat xlink:href="#rel_298" value="prep"/> <!--with -->
<feat xlink:href="#rel_299" value="pobj"/> <!--IE6 -->
<feat xlink:href="#rel_301" value="mark"/> <!--As -->
<feat xlink:href="#rel_302" value="nsubj"/> <!--they -->
<feat xlink:href="#rel_303" value="advcl"/> <!--design -->
<feat xlink:href="#rel_304" value="poss"/> <!--their -->
<feat xlink:href="#rel_305" value="nn"/> <!--web -->
<feat xlink:href="#rel_306" value="dobj"/> <!--pages -->
<feat xlink:href="#rel_307" value="prep"/> <!--for -->
<feat xlink:href="#rel_308" value="det"/> <!--the -->
<feat xlink:href="#rel_309" value="amod"/> <!--newer -->
<feat xlink:href="#rel_310" value="pobj"/> <!--browsers -->
<feat xlink:href="#rel_311" value="prep"/> <!--with -->
<feat xlink:href="#rel_312" value="amod"/> <!--advanced -->
<feat xlink:href="#rel_313" value="nn"/> <!--web -->
<feat xlink:href="#rel_314" value="pobj"/> <!--technology -->
<feat xlink:href="#rel_315" value="cc"/> <!--and -->
<feat xlink:href="#rel_316" value="vmod"/> <!--geared -->
<feat xlink:href="#rel_317" value="prep"/> <!--to -->
<feat xlink:href="#rel_318" value="det"/> <!--the -->
<feat xlink:href="#rel_319" value="amod"/> <!--newest -->
<feat xlink:href="#rel_320" value="nn"/> <!--web -->
<feat xlink:href="#rel_321" value="nn"/> <!--core -->
<feat xlink:href="#rel_322" value="nn"/> <!--markup -->
<feat xlink:href="#rel_323" value="pobj"/> <!--language -->
<feat xlink:href="#rel_324" value="appos"/> <!--HTML -->
<feat xlink:href="#rel_325" value="dep"/> <!--5 -->
<feat xlink:href="#rel_327" value="nsubj"/> <!--they -->
<feat xlink:href="#rel_328" value="auxpass"/> <!--are -->
<feat xlink:href="#rel_330" value="aux"/> <!--to -->
<feat xlink:href="#rel_331" value="xcomp"/> <!--accommodate -->
<feat xlink:href="#rel_332" value="amod"/> <!--older -->
<feat xlink:href="#rel_333" value="amod"/> <!--out-of-date -->
<feat xlink:href="#rel_334" value="dobj"/> <!--technology -->
<feat xlink:href="#rel_335" value="aux"/> <!--to -->
<feat xlink:href="#rel_336" value="vmod"/> <!--support -->
<feat xlink:href="#rel_337" value="nn"/> <!--IE6 -->
<feat xlink:href="#rel_338" value="dobj"/> <!--users -->
<feat xlink:href="#rel_340" value="advmod"/> <!--Also -->
<feat xlink:href="#rel_342" value="neg"/> <!--not -->
<feat xlink:href="#rel_344" value="prep"/> <!--on -->
<feat xlink:href="#rel_345" value="poss"/> <!--Microsoft -->
<feat xlink:href="#rel_346" value="possessive"/> <!--s -->
<feat xlink:href="#rel_348" value="det"/> <!--The -->
<feat xlink:href="#rel_349" value="nn"/> <!--Internet -->
<feat xlink:href="#rel_350" value="nn"/> <!--Explorer -->
<feat xlink:href="#rel_351" value="dep"/> <!--6 -->
<feat xlink:href="#rel_352" value="nn"/> <!--Countdown -->
<feat xlink:href="#rel_354" value="pobj"/> <!--site -->
<feat xlink:href="#rel_356" value="auxpass"/> <!--are -->
<feat xlink:href="#rel_357" value="det"/> <!--the -->
<feat xlink:href="#rel_358" value="amod"/> <!--numerous -->
<feat xlink:href="#rel_359" value="nn"/> <!--security -->
<feat xlink:href="#rel_360" value="nsubjpass"/> <!--vulnerabilities -->
<feat xlink:href="#rel_361" value="vmod"/> <!--putting -->
<feat xlink:href="#rel_362" value="det"/> <!--the -->
<feat xlink:href="#rel_363" value="dobj"/> <!--browser -->
<feat xlink:href="#rel_364" value="prep"/> <!--at -->
<feat xlink:href="#rel_365" value="pobj"/> <!--risk -->
<feat xlink:href="#rel_366" value="prep"/> <!--of -->
<feat xlink:href="#rel_367" value="auxpass"/> <!--being -->
<feat xlink:href="#rel_368" value="pcomp"/> <!--hacked -->
<feat xlink:href="#rel_370" value="det"/> <!--The -->
<feat xlink:href="#rel_371" value="nn"/> <!--Internet -->
<feat xlink:href="#rel_372" value="nn"/> <!--security -->
<feat xlink:href="#rel_373" value="nsubj"/> <!--firm -->
<feat xlink:href="#rel_374" value="appos"/> <!--Secunia.com -->
<feat xlink:href="#rel_376" value="aux"/> <!--has -->
<feat xlink:href="#rel_378" value="mark"/> <!--that -->
<feat xlink:href="#rel_379" value="advmod"/> <!--as -->
<feat xlink:href="#rel_380" value="prep"/> <!--of -->
<feat xlink:href="#rel_381" value="pobj"/> <!--March -->
<feat xlink:href="#rel_382" value="num"/> <!--4 -->
<feat xlink:href="#rel_384" value="num"/> <!--2011 -->
<feat xlink:href="#rel_386" value="nsubj"/> <!--IE6 -->
<feat xlink:href="#rel_387" value="ccomp"/> <!--has -->
<feat xlink:href="#rel_388" value="num"/> <!--277 -->
<feat xlink:href="#rel_389" value="dobj"/> <!--vulnerabilities -->
<feat xlink:href="#rel_391" value="num"/> <!--39 -->
<feat xlink:href="#rel_392" value="nsubjpass"/> <!--percent -->
<feat xlink:href="#rel_393" value="prep"/> <!--of -->
<feat xlink:href="#rel_394" value="pobj"/> <!--these -->
<feat xlink:href="#rel_395" value="auxpass"/> <!--are -->
<feat xlink:href="#rel_396" value="parataxis"/> <!--rated -->
<feat xlink:href="#rel_398" value="advmod"/> <!--highly -->
<feat xlink:href="#rel_399" value="acomp"/> <!--critical -->
<feat xlink:href="#rel_402" value="nsubj"/> <!--Microsoft -->
<feat xlink:href="#rel_404" value="mark"/> <!--that -->
<feat xlink:href="#rel_405" value="det"/> <!--the -->
<feat xlink:href="#rel_406" value="amod"/> <!--latest -->
<feat xlink:href="#rel_407" value="nsubj"/> <!--versions -->
<feat xlink:href="#rel_408" value="prep"/> <!--of -->
<feat xlink:href="#rel_409" value="nn"/> <!--Internet -->
<feat xlink:href="#rel_410" value="pobj"/> <!--Explorer -->
<feat xlink:href="#rel_411" value="ccomp"/> <!--provide -->
<feat xlink:href="#rel_412" value="det"/> <!--the -->
<feat xlink:href="#rel_413" value="dobj"/> <!--user -->
<feat xlink:href="#rel_414" value="prep"/> <!--with -->
<feat xlink:href="#rel_415" value="amod"/> <!--enhanced -->
<feat xlink:href="#rel_416" value="pobj"/> <!--protection -->
<feat xlink:href="#rel_417" value="prep"/> <!--from -->
<feat xlink:href="#rel_418" value="det"/> <!--these -->
<feat xlink:href="#rel_419" value="pobj"/> <!--attacks -->
<feat xlink:href="#rel_420" value="cc"/> <!--and -->
<feat xlink:href="#rel_421" value="conj"/> <!--threats -->
<feat xlink:href="#rel_423" value="poss"/> <!--Microsoft -->
<feat xlink:href="#rel_424" value="possessive"/> <!--s -->
<feat xlink:href="#rel_425" value="nn"/> <!--Internet -->
<feat xlink:href="#rel_426" value="nsubj"/> <!--Explorer -->
<feat xlink:href="#rel_427" value="det"/> <!--6 -->
<feat xlink:href="#rel_428" value="cop"/> <!--is -->
<feat xlink:href="#rel_430" value="prep"/> <!--of -->
<feat xlink:href="#rel_431" value="det"/> <!--the -->
<feat xlink:href="#rel_432" value="advmod"/> <!--most -->
<feat xlink:href="#rel_433" value="amod"/> <!--successful -->
<feat xlink:href="#rel_434" value="nn"/> <!--software -->
<feat xlink:href="#rel_435" value="pobj"/> <!--products -->
<feat xlink:href="#rel_436" value="advmod"/> <!--ever -->
<feat xlink:href="#rel_437" value="mark"/> <!--as -->
<feat xlink:href="#rel_438" value="advcl"/> <!--measured -->
<feat xlink:href="#rel_439" value="prep"/> <!--by -->
<feat xlink:href="#rel_440" value="poss"/> <!--its -->
<feat xlink:href="#rel_441" value="pobj"/> <!--durability -->
<feat xlink:href="#rel_442" value="cc"/> <!--and -->
<feat xlink:href="#rel_443" value="det"/> <!--the -->
<feat xlink:href="#rel_444" value="amod"/> <!--massive -->
<feat xlink:href="#rel_445" value="conj"/> <!--numbers -->
<feat xlink:href="#rel_446" value="prep"/> <!--of -->
<feat xlink:href="#rel_447" value="pobj"/> <!--people -->
<feat xlink:href="#rel_448" value="nsubj"/> <!--who -->
<feat xlink:href="#rel_449" value="aux"/> <!--have -->
<feat xlink:href="#rel_450" value="rcmod"/> <!--used -->
<feat xlink:href="#rel_451" value="dobj"/> <!--it -->
<feat xlink:href="#rel_453" value="nsubj"/> <!--IE6 -->
<feat xlink:href="#rel_455" value="prep"/> <!--with -->
<feat xlink:href="#rel_456" value="nn"/> <!--Windows -->
<feat xlink:href="#rel_457" value="pobj"/> <!--XP -->
<feat xlink:href="#rel_459" value="advmod"/> <!--nearly -->
<feat xlink:href="#rel_460" value="det"/> <!--a -->
<feat xlink:href="#rel_461" value="npadvmod"/> <!--decade -->
<feat xlink:href="#rel_462" value="advmod"/> <!--ago -->
<feat xlink:href="#rel_464" value="cc"/> <!--But -->
<feat xlink:href="#rel_465" value="nsubj"/> <!--it -->
<feat xlink:href="#rel_466" value="aux"/> <!--has -->
<feat xlink:href="#rel_468" value="poss"/> <!--its -->
<feat xlink:href="#rel_469" value="dobj"/> <!--usefulness -->
<feat xlink:href="#rel_471" value="cc"/> <!--and -->
<feat xlink:href="#rel_472" value="nsubj"/> <!--Microsoft -->
<feat xlink:href="#rel_473" value="neg"/> <!--no -->
<feat xlink:href="#rel_474" value="advmod"/> <!--longer -->
<feat xlink:href="#rel_475" value="conj"/> <!--wants -->
<feat xlink:href="#rel_476" value="aux"/> <!--to -->
<feat xlink:href="#rel_477" value="xcomp"/> <!--support -->
<feat xlink:href="#rel_478" value="dobj"/> <!--it -->
</featList>
</paula>
