<?xml version="1.0" encoding="UTF-8" standalone="no"?>

<!DOCTYPE paula SYSTEM "paula_feat.dtd">
<paula version="1.0">

<header paula_id="GUM.GUM_news_ie9_claws5"/>

<featList xmlns:xlink="http://www.w3.org/1999/xlink" type="claws5" xml:base="GUM.GUM_news_ie9.tok.xml">
<feat xlink:href="#tok_1" value="NP0"/><!-- Microsoft...6 -->
<feat xlink:href="#tok_2" value="VVZ"/><!-- Microsoft...6 -->
<feat xlink:href="#tok_3" value="PRP"/><!-- Microsoft...6 -->
<feat xlink:href="#tok_4" value="NN1"/><!-- Microsoft...6 -->
<feat xlink:href="#tok_5" value="PRF"/><!-- Microsoft...6 -->
<feat xlink:href="#tok_6" value="NN1"/><!-- Microsoft...6 -->
<feat xlink:href="#tok_7" value="NN1"/><!-- Microsoft...6 -->
<feat xlink:href="#tok_8" value="CRD"/><!-- Microsoft...6 -->
<feat xlink:href="#tok_9" value="NP0"/><!-- Tuesday...2011 -->
<feat xlink:href="#tok_10" value="PUN"/><!-- Tuesday...2011 -->
<feat xlink:href="#tok_11" value="NP0"/><!-- Tuesday...2011 -->
<feat xlink:href="#tok_12" value="CRD"/><!-- Tuesday...2011 -->
<feat xlink:href="#tok_13" value="PUN"/><!-- Tuesday...2011 -->
<feat xlink:href="#tok_14" value="CRD"/><!-- Tuesday...2011 -->
<feat xlink:href="#tok_15" value="PRP"/><!-- With.... -->
<feat xlink:href="#tok_16" value="NN1"/><!-- With.... -->
<feat xlink:href="#tok_17" value="PRF"/><!-- With.... -->
<feat xlink:href="#tok_18" value="NP0"/><!-- Microsoft -->
<feat xlink:href="#tok_19" value="ZZ0"/><!-- Microsoft -->
<feat xlink:href="#tok_20" value="NP0"/><!-- Internet...9 -->
<feat xlink:href="#tok_21" value="NN1"/><!-- Internet...9 -->
<feat xlink:href="#tok_22" value="CRD"/><!-- Internet...9 -->
<feat xlink:href="#tok_23" value="PUL"/><!-- Internet...9 -->
<feat xlink:href="#tok_24" value="CRD"/><!-- Internet...9 -->
<feat xlink:href="#tok_25" value="PUR"/><!-- Internet...9 -->
<feat xlink:href="#tok_26" value="NN1"/><!-- Internet...9 -->
<feat xlink:href="#tok_27" value="AV0"/><!-- Internet...9 -->
<feat xlink:href="#tok_28" value="AJ0"/><!-- Internet...9 -->
<feat xlink:href="#tok_29" value="PUN"/><!-- Internet...9 -->
<feat xlink:href="#tok_30" value="NP0"/><!-- Internet...9 -->
<feat xlink:href="#tok_31" value="VVD"/><!-- Internet...9 -->
<feat xlink:href="#tok_32" value="PRP"/><!-- Internet...9 -->
<feat xlink:href="#tok_33" value="NP0"/><!-- Internet...9 -->
<feat xlink:href="#tok_34" value="CJT"/><!-- Internet...9 -->
<feat xlink:href="#tok_35" value="PNP"/><!-- Internet...9 -->
<feat xlink:href="#tok_36" value="VBZ"/><!-- Internet...9 -->
<feat xlink:href="#tok_37" value="NN1"/><!-- Internet...9 -->
<feat xlink:href="#tok_38" value="PRP"/><!-- Internet...9 -->
<feat xlink:href="#tok_39" value="CRD"/><!-- Internet...9 -->
<feat xlink:href="#tok_40" value="NN2"/><!-- Internet...9 -->
<feat xlink:href="#tok_41" value="TO0"/><!-- Internet...9 -->
<feat xlink:href="#tok_42" value="VVI"/><!-- Internet...9 -->
<feat xlink:href="#tok_43" value="AV0"/><!-- Internet...9 -->
<feat xlink:href="#tok_44" value="PRP"/><!-- Internet...9 -->
<feat xlink:href="#tok_45" value="AT0"/><!-- Internet...9 -->
<feat xlink:href="#tok_46" value="AJ0"/><!-- Internet...9 -->
<feat xlink:href="#tok_47" value="AJ0"/><!-- Internet...9 -->
<feat xlink:href="#tok_48" value="NN1"/><!-- Internet...9 -->
<feat xlink:href="#tok_49" value="PUN"/><!-- Internet...9 -->
<feat xlink:href="#tok_50" value="NP0"/><!-- Microsoft.... -->
<feat xlink:href="#tok_51" value="VHZ"/><!-- Microsoft.... -->
<feat xlink:href="#tok_52" value="VVN"/><!-- Microsoft.... -->
<feat xlink:href="#tok_53" value="PNP"/><!-- Microsoft.... -->
<feat xlink:href="#tok_54" value="PRP"/><!-- Microsoft.... -->
<feat xlink:href="#tok_55" value="CRD"/><!-- Microsoft.... -->
<feat xlink:href="#tok_56" value="AJC"/><!-- Microsoft.... -->
<feat xlink:href="#tok_57" value="NN2"/><!-- Microsoft.... -->
<feat xlink:href="#tok_58" value="PUN"/><!-- Microsoft.... -->
<feat xlink:href="#tok_59" value="PRP"/><!-- On.... -->
<feat xlink:href="#tok_60" value="AT0"/><!-- On.... -->
<feat xlink:href="#tok_61" value="AJ0"/><!-- On.... -->
<feat xlink:href="#tok_62" value="NN1"/><!-- On.... -->
<feat xlink:href="#tok_63" value="PUN"/><!-- On.... -->
<feat xlink:href="#tok_64" value="UNC"/><!-- On.... -->
<feat xlink:href="#tok_65" value="AT0"/><!-- On.... -->
<feat xlink:href="#tok_66" value="NN1"/><!-- On.... -->
<feat xlink:href="#tok_67" value="NN1"/><!-- On.... -->
<feat xlink:href="#tok_68" value="CRD"/><!-- On.... -->
<feat xlink:href="#tok_69" value="NN1"/><!-- On.... -->
<feat xlink:href="#tok_70" value="UNC"/><!-- On.... -->
<feat xlink:href="#tok_71" value="PUN"/><!-- On.... -->
<feat xlink:href="#tok_72" value="NP0"/><!-- On.... -->
<feat xlink:href="#tok_73" value="VHZ"/><!-- On.... -->
<feat xlink:href="#tok_74" value="VVN"/><!-- On.... -->
<feat xlink:href="#tok_75" value="AT0"/><!-- On.... -->
<feat xlink:href="#tok_76" value="AJ0"/><!-- On.... -->
<feat xlink:href="#tok_77" value="NN1"/><!-- On.... -->
<feat xlink:href="#tok_78" value="TO0"/><!-- On.... -->
<feat xlink:href="#tok_79" value="VVI"/><!-- On.... -->
<feat xlink:href="#tok_80" value="NN2"/><!-- On.... -->
<feat xlink:href="#tok_81" value="TO0"/><!-- On.... -->
<feat xlink:href="#tok_82" value="VVI"/><!-- On.... -->
<feat xlink:href="#tok_83" value="VVG"/><!-- On.... -->
<feat xlink:href="#tok_84" value="NN0"/><!-- On.... -->
<feat xlink:href="#tok_85" value="CJC"/><!-- On.... -->
<feat xlink:href="#tok_86" value="VVB"/><!-- On.... -->
<feat xlink:href="#tok_87" value="PRP"/><!-- On.... -->
<feat xlink:href="#tok_88" value="AT0"/><!-- On.... -->
<feat xlink:href="#tok_89" value="AJC"/><!-- On.... -->
<feat xlink:href="#tok_90" value="NN1"/><!-- On.... -->
<feat xlink:href="#tok_91" value="PUN"/><!-- On.... -->
<feat xlink:href="#tok_92" value="DPS"/><!-- Its.... -->
<feat xlink:href="#tok_93" value="NN1"/><!-- Its.... -->
<feat xlink:href="#tok_94" value="VBZ"/><!-- Its.... -->
<feat xlink:href="#tok_95" value="TO0"/><!-- Its.... -->
<feat xlink:href="#tok_96" value="VVI"/><!-- Its.... -->
<feat xlink:href="#tok_97" value="CRD"/><!-- Its.... -->
<feat xlink:href="#tok_98" value="NN2"/><!-- Its.... -->
<feat xlink:href="#tok_99" value="PRP"/><!-- Its.... -->
<feat xlink:href="#tok_100" value="DT0"/><!-- Its.... -->
<feat xlink:href="#tok_101" value="CJS"/><!-- Its.... -->
<feat xlink:href="#tok_102" value="CRD"/><!-- Its.... -->
<feat xlink:href="#tok_103" value="NN0"/><!-- Its.... -->
<feat xlink:href="#tok_104" value="PUN"/><!-- . -->
<feat xlink:href="#tok_105" value="UNC"/><!-- &quot;.... -->
<feat xlink:href="#tok_106" value="UNC"/><!-- &quot;.... -->
<feat xlink:href="#tok_107" value="CRD"/><!-- &quot;.... -->
<feat xlink:href="#tok_108" value="AJ0"/><!-- &quot;.... -->
<feat xlink:href="#tok_109" value="NN2"/><!-- &quot;.... -->
<feat xlink:href="#tok_110" value="AV0"/><!-- &quot;.... -->
<feat xlink:href="#tok_111" value="PUN"/><!-- &quot;.... -->
<feat xlink:href="#tok_112" value="AT0"/><!-- &quot;.... -->
<feat xlink:href="#tok_113" value="NN1"/><!-- &quot;.... -->
<feat xlink:href="#tok_114" value="VBD"/><!-- &quot;.... -->
<feat xlink:href="#tok_115" value="VVN"/><!-- &quot;.... -->
<feat xlink:href="#tok_116" value="PUN"/><!-- &quot;.... -->
<feat xlink:href="#tok_117" value="DPS"/><!-- Its.... -->
<feat xlink:href="#tok_118" value="NN1"/><!-- Its.... -->
<feat xlink:href="#tok_119" value="VBD"/><!-- Its.... -->
<feat xlink:href="#tok_120" value="NP0"/><!-- Its.... -->
<feat xlink:href="#tok_121" value="NN1"/><!-- Its.... -->
<feat xlink:href="#tok_122" value="CRD"/><!-- Its.... -->
<feat xlink:href="#tok_123" value="PUN"/><!-- Its.... -->
<feat xlink:href="#tok_124" value="AV0"/><!-- Now.... -->
<feat xlink:href="#tok_125" value="CJT"/><!-- Now.... -->
<feat xlink:href="#tok_126" value="PNP"/><!-- Now.... -->
<feat xlink:href="#tok_127" value="AJ0"/><!-- Now.... -->
<feat xlink:href="#tok_128" value="PRP"/><!-- Now.... -->
<feat xlink:href="#tok_129" value="CRD"/><!-- 2011 -->
<feat xlink:href="#tok_130" value="PUN"/><!-- 2011 -->
<feat xlink:href="#tok_131" value="PRP"/><!-- 2011 -->
<feat xlink:href="#tok_132" value="AT0"/><!-- 2011 -->
<feat xlink:href="#tok_133" value="NN1"/><!-- 2011 -->
<feat xlink:href="#tok_134" value="PRF"/><!-- 2011 -->
<feat xlink:href="#tok_135" value="AJ0"/><!-- 2011 -->
<feat xlink:href="#tok_136" value="NN1"/><!-- 2011 -->
<feat xlink:href="#tok_137" value="NN2"/><!-- 2011 -->
<feat xlink:href="#tok_138" value="PUN"/><!-- 2011 -->
<feat xlink:href="#tok_139" value="PNP"/><!-- 2011 -->
<feat xlink:href="#tok_140" value="VVZ"/><!-- 2011 -->
<feat xlink:href="#tok_141" value="NN1"/><!-- 2011 -->
<feat xlink:href="#tok_142" value="TO0"/><!-- 2011 -->
<feat xlink:href="#tok_143" value="VVI"/><!-- 2011 -->
<feat xlink:href="#tok_144" value="ITJ"/><!-- 2011 -->
<feat xlink:href="#tok_145" value="PUN"/><!-- 2011 -->
<feat xlink:href="#tok_146" value="NP0"/><!-- 2011 -->
<feat xlink:href="#tok_147" value="NP0"/><!-- 2011 -->
<feat xlink:href="#tok_148" value="VVZ"/><!-- 2011 -->
<feat xlink:href="#tok_149" value="PRP"/><!-- 2011 -->
<feat xlink:href="#tok_150" value="NP0"/><!-- 2011 -->
<feat xlink:href="#tok_151" value="AT0"/><!-- 2011 -->
<feat xlink:href="#tok_152" value="NN1"/><!-- 2011 -->
<feat xlink:href="#tok_153" value="NN1"/><!-- 2011 -->
<feat xlink:href="#tok_154" value="CRD"/><!-- 2011 -->
<feat xlink:href="#tok_155" value="NN1"/><!-- 2011 -->
<feat xlink:href="#tok_156" value="UNC"/><!-- 2011 -->
<feat xlink:href="#tok_157" value="PUN"/><!-- 2011 -->
<feat xlink:href="#tok_158" value="NP0"/><!-- Internet...&quot; -->
<feat xlink:href="#tok_159" value="NN1"/><!-- Internet...&quot; -->
<feat xlink:href="#tok_160" value="ZZ0"/><!-- Internet...&quot; -->
<feat xlink:href="#tok_161" value="NN1"/><!-- market...share -->
<feat xlink:href="#tok_162" value="NN1"/><!-- market...share -->
<feat xlink:href="#tok_163" value="VBZ"/><!-- market...share -->
<feat xlink:href="#tok_164" value="VVG"/><!-- market...share -->
<feat xlink:href="#tok_165" value="PUN"/><!-- market...share -->
<feat xlink:href="#tok_166" value="AV0"/><!-- IE.... -->
<feat xlink:href="#tok_167" value="ZZ0"/><!-- IE.... -->
<feat xlink:href="#tok_168" value="AJ0"/><!-- IE.... -->
<feat xlink:href="#tok_169" value="NN2"/><!-- IE.... -->
<feat xlink:href="#tok_170" value="VVN"/><!-- IE.... -->
<feat xlink:href="#tok_171" value="PRP"/><!-- IE.... -->
<feat xlink:href="#tok_172" value="CRD"/><!-- IE.... -->
<feat xlink:href="#tok_173" value="NN0"/><!-- IE.... -->
<feat xlink:href="#tok_174" value="PRF"/><!-- IE.... -->
<feat xlink:href="#tok_175" value="AT0"/><!-- IE.... -->
<feat xlink:href="#tok_176" value="NN1"/><!-- IE.... -->
<feat xlink:href="#tok_177" value="PRP"/><!-- IE.... -->
<feat xlink:href="#tok_178" value="CRD"/><!-- 2009 -->
<feat xlink:href="#tok_179" value="PUN"/><!-- 2009 -->
<feat xlink:href="#tok_180" value="DT0"/><!-- 2009 -->
<feat xlink:href="#tok_181" value="VHZ"/><!-- 2009 -->
<feat xlink:href="#tok_182" value="VVN"/><!-- 2009 -->
<feat xlink:href="#tok_183" value="PRP"/><!-- 2009 -->
<feat xlink:href="#tok_184" value="AV0"/><!-- 2009 -->
<feat xlink:href="#tok_185" value="CRD"/><!-- 2009 -->
<feat xlink:href="#tok_186" value="NN0"/><!-- 2009 -->
<feat xlink:href="#tok_187" value="AV0"/><!-- 2009 -->
<feat xlink:href="#tok_188" value="PUN"/><!-- 2009 -->
<feat xlink:href="#tok_189" value="NP0"/><!-- Mozilla...Firefox -->
<feat xlink:href="#tok_190" value="NP0"/><!-- Mozilla...Firefox -->
<feat xlink:href="#tok_191" value="PUN"/><!-- Mozilla...Firefox -->
<feat xlink:href="#tok_192" value="DPS"/><!-- Mozilla...Firefox -->
<feat xlink:href="#tok_193" value="AJ0"/><!-- Mozilla...Firefox -->
<feat xlink:href="#tok_194" value="NN1"/><!-- Mozilla...Firefox -->
<feat xlink:href="#tok_195" value="PUN"/><!-- Mozilla...Firefox -->
<feat xlink:href="#tok_196" value="VHZ"/><!-- Mozilla...Firefox -->
<feat xlink:href="#tok_197" value="VBN"/><!-- Mozilla...Firefox -->
<feat xlink:href="#tok_198" value="AV0"/><!-- Mozilla...Firefox -->
<feat xlink:href="#tok_199" value="VVG"/><!-- Mozilla...Firefox -->
<feat xlink:href="#tok_200" value="DPS"/><!-- Mozilla...Firefox -->
<feat xlink:href="#tok_201" value="NN1"/><!-- Mozilla...Firefox -->
<feat xlink:href="#tok_202" value="NN1"/><!-- Mozilla...Firefox -->
<feat xlink:href="#tok_203" value="CJS"/><!-- Mozilla...Firefox -->
<feat xlink:href="#tok_204" value="AT0"/><!-- Mozilla...Firefox -->
<feat xlink:href="#tok_205" value="AV0"/><!-- Mozilla...Firefox -->
<feat xlink:href="#tok_206" value="VVN"/><!-- Mozilla...Firefox -->
<feat xlink:href="#tok_207" value="AJ0"/><!-- Google...Chrome -->
<feat xlink:href="#tok_208" value="NN1"/><!-- Google...Chrome -->
<feat xlink:href="#tok_209" value="VBZ"/><!-- Google...Chrome -->
<feat xlink:href="#tok_210" value="AV0"/><!-- Google...Chrome -->
<feat xlink:href="#tok_211" value="AV0"/><!-- Google...Chrome -->
<feat xlink:href="#tok_212" value="VVG"/><!-- Google...Chrome -->
<feat xlink:href="#tok_213" value="NN2"/><!-- Google...Chrome -->
<feat xlink:href="#tok_214" value="PUN"/><!-- Google...Chrome -->
<feat xlink:href="#tok_215" value="NN1"/><!-- PC...World -->
<feat xlink:href="#tok_216" value="NN1"/><!-- PC...World -->
<feat xlink:href="#tok_217" value="ZZ0"/><!-- PC...World -->
<feat xlink:href="#tok_218" value="AJ0"/><!-- PC...World -->
<feat xlink:href="#tok_219" value="NN1"/><!-- PC...World -->
<feat xlink:href="#tok_220" value="PRF"/><!-- PC...World -->
<feat xlink:href="#tok_221" value="DPS"/><!-- PC...World -->
<feat xlink:href="#tok_222" value="DT0"/><!-- PC...World -->
<feat xlink:href="#tok_223" value="NN1"/><!-- PC...World -->
<feat xlink:href="#tok_224" value="NN1"/><!-- PC...World -->
<feat xlink:href="#tok_225" value="NN0"/><!-- PC...World -->
<feat xlink:href="#tok_226" value="VVD"/><!-- PC...World -->
<feat xlink:href="#tok_227" value="PUN"/><!-- PC...World -->
<feat xlink:href="#tok_228" value="NP0"/><!-- PC...World -->
<feat xlink:href="#tok_229" value="AV0"/><!-- PC...World -->
<feat xlink:href="#tok_230" value="PUN"/><!-- PC...World -->
<feat xlink:href="#tok_231" value="NP0"/><!-- PC...World -->
<feat xlink:href="#tok_232" value="NN1"/><!-- PC...World -->
<feat xlink:href="#tok_233" value="VBZ"/><!-- PC...World -->
<feat xlink:href="#tok_234" value="AT0"/><!-- PC...World -->
<feat xlink:href="#tok_235" value="AJ0"/><!-- PC...World -->
<feat xlink:href="#tok_236" value="CRD"/><!-- PC...World -->
<feat xlink:href="#tok_237" value="NN1"/><!-- PC...World -->
<feat xlink:href="#tok_238" value="PRP"/><!-- PC...World -->
<feat xlink:href="#tok_239" value="NP0"/><!-- PC...World -->
<feat xlink:href="#tok_240" value="PUN"/><!-- PC...World -->
<feat xlink:href="#tok_241" value="CJC"/><!-- PC...World -->
<feat xlink:href="#tok_242" value="PRP"/><!-- PC...World -->
<feat xlink:href="#tok_243" value="AT0"/><!-- PC...World -->
<feat xlink:href="#tok_244" value="AJ0"/><!-- PC...World -->
<feat xlink:href="#tok_245" value="CRD"/><!-- PC...World -->
<feat xlink:href="#tok_246" value="NN2"/><!-- PC...World -->
<feat xlink:href="#tok_247" value="VVB"/><!-- PC...World -->
<feat xlink:href="#tok_248" value="ZZ0"/><!-- PC...World -->
<feat xlink:href="#tok_249" value="VBN"/><!-- PC...World -->
<feat xlink:href="#tok_250" value="AJ0"/><!-- PC...World -->
<feat xlink:href="#tok_251" value="CRD"/><!-- PC...World -->
<feat xlink:href="#tok_252" value="PUN"/><!-- PC...World -->
<feat xlink:href="#tok_253" value="AT0"/><!-- PC...World -->
<feat xlink:href="#tok_254" value="NN1"/><!-- PC...World -->
<feat xlink:href="#tok_255" value="PRF"/><!-- PC...World -->
<feat xlink:href="#tok_256" value="NN2"/><!-- PC...World -->
<feat xlink:href="#tok_257" value="PRP"/><!-- PC...World -->
<feat xlink:href="#tok_258" value="NP0"/><!-- Safari -->
<feat xlink:href="#tok_259" value="PUN"/><!-- Safari -->
<feat xlink:href="#tok_260" value="CJC"/><!-- Safari -->
<feat xlink:href="#tok_261" value="AV0"/><!-- Safari -->
<feat xlink:href="#tok_262" value="VVN"/><!-- Safari -->
<feat xlink:href="#tok_263" value="PRP"/><!-- Safari -->
<feat xlink:href="#tok_264" value="NP0"/><!-- Safari -->
<feat xlink:href="#tok_265" value="PUN"/><!-- Safari -->
<feat xlink:href="#tok_266" value="PNP"/><!-- It.... -->
<feat xlink:href="#tok_267" value="VM0"/><!-- It.... -->
<feat xlink:href="#tok_268" value="VBI"/><!-- It.... -->
<feat xlink:href="#tok_269" value="AT0"/><!-- It.... -->
<feat xlink:href="#tok_270" value="AJ0"/><!-- It.... -->
<feat xlink:href="#tok_271" value="NN1"/><!-- It.... -->
<feat xlink:href="#tok_272" value="PUN"/><!-- It.... -->
<feat xlink:href="#tok_273" value="CJC"/><!-- But...&quot; -->
<feat xlink:href="#tok_274" value="CJS"/><!-- But...&quot; -->
<feat xlink:href="#tok_275" value="PNP"/><!-- But...&quot; -->
<feat xlink:href="#tok_276" value="VBZ"/><!-- But...&quot; -->
<feat xlink:href="#tok_277" value="XX0"/><!-- But...&quot; -->
<feat xlink:href="#tok_278" value="PUN"/><!-- But...&quot; -->
<feat xlink:href="#tok_279" value="CJC"/><!-- But...&quot; -->
<feat xlink:href="#tok_280" value="NP0"/><!-- But...&quot; -->
<feat xlink:href="#tok_281" value="VVZ"/><!-- But...&quot; -->
<feat xlink:href="#tok_282" value="PRP"/><!-- But...&quot; -->
<feat xlink:href="#tok_283" value="NN1"/><!-- But...&quot; -->
<feat xlink:href="#tok_284" value="PUN"/><!-- But...&quot; -->
<feat xlink:href="#tok_285" value="NN1"/><!-- But...&quot; -->
<feat xlink:href="#tok_286" value="VM0"/><!-- But...&quot; -->
<feat xlink:href="#tok_287" value="VVI"/><!-- But...&quot; -->
<feat xlink:href="#tok_288" value="PRP"/><!-- But...&quot; -->
<feat xlink:href="#tok_289" value="ORD"/><!-- But...&quot; -->
<feat xlink:href="#tok_290" value="NN1"/><!-- But...&quot; -->
<feat xlink:href="#tok_291" value="PUN"/><!-- But...&quot; -->
<feat xlink:href="#tok_292" value="AJ0"/><!-- But...&quot; -->
<feat xlink:href="#tok_293" value="NN1"/><!-- Web.... -->
<feat xlink:href="#tok_294" value="NN2"/><!-- Web.... -->
<feat xlink:href="#tok_295" value="VVB"/><!-- Web.... -->
<feat xlink:href="#tok_296" value="AJ0"/><!-- Web.... -->
<feat xlink:href="#tok_297" value="NN2"/><!-- Web.... -->
<feat xlink:href="#tok_298" value="PRP"/><!-- Web.... -->
<feat xlink:href="#tok_299" value="NP0"/><!-- Web.... -->
<feat xlink:href="#tok_300" value="PUN"/><!-- Web.... -->
<feat xlink:href="#tok_301" value="CJS"/><!-- As.... -->
<feat xlink:href="#tok_302" value="PNP"/><!-- As.... -->
<feat xlink:href="#tok_303" value="VVB"/><!-- As.... -->
<feat xlink:href="#tok_304" value="DPS"/><!-- As.... -->
<feat xlink:href="#tok_305" value="NN1"/><!-- As.... -->
<feat xlink:href="#tok_306" value="NN2"/><!-- As.... -->
<feat xlink:href="#tok_307" value="PRP"/><!-- As.... -->
<feat xlink:href="#tok_308" value="AT0"/><!-- As.... -->
<feat xlink:href="#tok_309" value="AJC"/><!-- As.... -->
<feat xlink:href="#tok_310" value="NN2"/><!-- As.... -->
<feat xlink:href="#tok_311" value="PRP"/><!-- As.... -->
<feat xlink:href="#tok_312" value="AJ0"/><!-- As.... -->
<feat xlink:href="#tok_313" value="NN1"/><!-- As.... -->
<feat xlink:href="#tok_314" value="NN1"/><!-- As.... -->
<feat xlink:href="#tok_315" value="CJC"/><!-- As.... -->
<feat xlink:href="#tok_316" value="VVN"/><!-- As.... -->
<feat xlink:href="#tok_317" value="PRP"/><!-- As.... -->
<feat xlink:href="#tok_318" value="AT0"/><!-- As.... -->
<feat xlink:href="#tok_319" value="AJS"/><!-- As.... -->
<feat xlink:href="#tok_320" value="NN1"/><!-- As.... -->
<feat xlink:href="#tok_321" value="NN1"/><!-- As.... -->
<feat xlink:href="#tok_322" value="NN1"/><!-- As.... -->
<feat xlink:href="#tok_323" value="NN1"/><!-- As.... -->
<feat xlink:href="#tok_324" value="NP0"/><!-- As.... -->
<feat xlink:href="#tok_325" value="CRD"/><!-- As.... -->
<feat xlink:href="#tok_326" value="PUN"/><!-- As.... -->
<feat xlink:href="#tok_327" value="PNP"/><!-- As.... -->
<feat xlink:href="#tok_328" value="VBB"/><!-- As.... -->
<feat xlink:href="#tok_329" value="VVN"/><!-- As.... -->
<feat xlink:href="#tok_330" value="TO0"/><!-- As.... -->
<feat xlink:href="#tok_331" value="VVI"/><!-- As.... -->
<feat xlink:href="#tok_332" value="AJC"/><!-- As.... -->
<feat xlink:href="#tok_333" value="AJ0"/><!-- As.... -->
<feat xlink:href="#tok_334" value="NN1"/><!-- As.... -->
<feat xlink:href="#tok_335" value="TO0"/><!-- As.... -->
<feat xlink:href="#tok_336" value="VVI"/><!-- As.... -->
<feat xlink:href="#tok_337" value="CRD"/><!-- As.... -->
<feat xlink:href="#tok_338" value="NN2"/><!-- As.... -->
<feat xlink:href="#tok_339" value="PUN"/><!-- As.... -->
<feat xlink:href="#tok_340" value="AV0"/><!-- Also.... -->
<feat xlink:href="#tok_341" value="PUN"/><!-- Also.... -->
<feat xlink:href="#tok_342" value="XX0"/><!-- Also.... -->
<feat xlink:href="#tok_343" value="VVN"/><!-- Also.... -->
<feat xlink:href="#tok_344" value="PRP"/><!-- Also.... -->
<feat xlink:href="#tok_345" value="NP0"/><!-- Also.... -->
<feat xlink:href="#tok_346" value="UNC"/><!-- Also.... -->
<feat xlink:href="#tok_347" value="UNC"/><!-- Also.... -->
<feat xlink:href="#tok_348" value="AT0"/><!-- Also.... -->
<feat xlink:href="#tok_349" value="NN1"/><!-- Also.... -->
<feat xlink:href="#tok_350" value="NN1"/><!-- Also.... -->
<feat xlink:href="#tok_351" value="CRD"/><!-- Also.... -->
<feat xlink:href="#tok_352" value="NN1"/><!-- Also.... -->
<feat xlink:href="#tok_353" value="AJ0"/><!-- Also.... -->
<feat xlink:href="#tok_354" value="NN1"/><!-- Also.... -->
<feat xlink:href="#tok_355" value="PUN"/><!-- Also.... -->
<feat xlink:href="#tok_356" value="VBB"/><!-- Also.... -->
<feat xlink:href="#tok_357" value="AT0"/><!-- Also.... -->
<feat xlink:href="#tok_358" value="AJ0"/><!-- Also.... -->
<feat xlink:href="#tok_359" value="NN1"/><!-- Also.... -->
<feat xlink:href="#tok_360" value="NN2"/><!-- Also.... -->
<feat xlink:href="#tok_361" value="VVG"/><!-- Also.... -->
<feat xlink:href="#tok_362" value="AT0"/><!-- Also.... -->
<feat xlink:href="#tok_363" value="NN1"/><!-- Also.... -->
<feat xlink:href="#tok_364" value="PRP"/><!-- Also.... -->
<feat xlink:href="#tok_365" value="NN1"/><!-- Also.... -->
<feat xlink:href="#tok_366" value="PRF"/><!-- Also.... -->
<feat xlink:href="#tok_367" value="VBG"/><!-- Also.... -->
<feat xlink:href="#tok_368" value="VVN"/><!-- Also.... -->
<feat xlink:href="#tok_369" value="PUN"/><!-- Also.... -->
<feat xlink:href="#tok_370" value="AT0"/><!-- The.... -->
<feat xlink:href="#tok_371" value="NN1"/><!-- The.... -->
<feat xlink:href="#tok_372" value="NN1"/><!-- The.... -->
<feat xlink:href="#tok_373" value="NN1"/><!-- The.... -->
<feat xlink:href="#tok_374" value="NN1"/><!-- Secunia.com -->
<feat xlink:href="#tok_375" value="PUN"/><!-- Secunia.com -->
<feat xlink:href="#tok_376" value="VHZ"/><!-- Secunia.com -->
<feat xlink:href="#tok_377" value="VVN"/><!-- Secunia.com -->
<feat xlink:href="#tok_378" value="CJT"/><!-- Secunia.com -->
<feat xlink:href="#tok_379" value="CJS"/><!-- Secunia.com -->
<feat xlink:href="#tok_380" value="PRF"/><!-- Secunia.com -->
<feat xlink:href="#tok_381" value="NP0"/><!-- March...2011 -->
<feat xlink:href="#tok_382" value="CRD"/><!-- March...2011 -->
<feat xlink:href="#tok_383" value="PUN"/><!-- March...2011 -->
<feat xlink:href="#tok_384" value="CRD"/><!-- March...2011 -->
<feat xlink:href="#tok_385" value="PUN"/><!-- March...2011 -->
<feat xlink:href="#tok_386" value="NP0"/><!-- March...2011 -->
<feat xlink:href="#tok_387" value="VHZ"/><!-- March...2011 -->
<feat xlink:href="#tok_388" value="CRD"/><!-- March...2011 -->
<feat xlink:href="#tok_389" value="NN2"/><!-- March...2011 -->
<feat xlink:href="#tok_390" value="PUN"/><!-- March...2011 -->
<feat xlink:href="#tok_391" value="CRD"/><!-- March...2011 -->
<feat xlink:href="#tok_392" value="NN0"/><!-- March...2011 -->
<feat xlink:href="#tok_393" value="PRF"/><!-- March...2011 -->
<feat xlink:href="#tok_394" value="DT0"/><!-- March...2011 -->
<feat xlink:href="#tok_395" value="VBB"/><!-- March...2011 -->
<feat xlink:href="#tok_396" value="VVN"/><!-- March...2011 -->
<feat xlink:href="#tok_397" value="NP0"/><!-- March...2011 -->
<feat xlink:href="#tok_398" value="AV0"/><!-- March...2011 -->
<feat xlink:href="#tok_399" value="AJ0"/><!-- March...2011 -->
<feat xlink:href="#tok_400" value="UNC"/><!-- March...2011 -->
<feat xlink:href="#tok_401" value="PUN"/><!-- March...2011 -->
<feat xlink:href="#tok_402" value="NP0"/><!-- Microsoft.... -->
<feat xlink:href="#tok_403" value="VVZ"/><!-- Microsoft.... -->
<feat xlink:href="#tok_404" value="CJT"/><!-- Microsoft.... -->
<feat xlink:href="#tok_405" value="AT0"/><!-- Microsoft.... -->
<feat xlink:href="#tok_406" value="AJS"/><!-- Microsoft.... -->
<feat xlink:href="#tok_407" value="NN2"/><!-- Microsoft.... -->
<feat xlink:href="#tok_408" value="PRF"/><!-- Microsoft.... -->
<feat xlink:href="#tok_409" value="NN1"/><!-- Microsoft.... -->
<feat xlink:href="#tok_410" value="NN1"/><!-- Microsoft.... -->
<feat xlink:href="#tok_411" value="VVB"/><!-- Microsoft.... -->
<feat xlink:href="#tok_412" value="AT0"/><!-- Microsoft.... -->
<feat xlink:href="#tok_413" value="NN1"/><!-- Microsoft.... -->
<feat xlink:href="#tok_414" value="PRP"/><!-- Microsoft.... -->
<feat xlink:href="#tok_415" value="AJ0"/><!-- Microsoft.... -->
<feat xlink:href="#tok_416" value="NN1"/><!-- Microsoft.... -->
<feat xlink:href="#tok_417" value="PRP"/><!-- Microsoft.... -->
<feat xlink:href="#tok_418" value="DT0"/><!-- Microsoft.... -->
<feat xlink:href="#tok_419" value="NN2"/><!-- Microsoft.... -->
<feat xlink:href="#tok_420" value="CJC"/><!-- Microsoft.... -->
<feat xlink:href="#tok_421" value="NN2"/><!-- Microsoft.... -->
<feat xlink:href="#tok_422" value="PUN"/><!-- Microsoft.... -->
<feat xlink:href="#tok_423" value="NP0"/><!-- Microsoft.... -->
<feat xlink:href="#tok_424" value="ZZ0"/><!-- Microsoft.... -->
<feat xlink:href="#tok_425" value="NP0"/><!-- Microsoft.... -->
<feat xlink:href="#tok_426" value="NN1"/><!-- Microsoft.... -->
<feat xlink:href="#tok_427" value="CRD"/><!-- Microsoft.... -->
<feat xlink:href="#tok_428" value="VBZ"/><!-- Microsoft.... -->
<feat xlink:href="#tok_429" value="PNI"/><!-- Microsoft.... -->
<feat xlink:href="#tok_430" value="PRF"/><!-- Microsoft.... -->
<feat xlink:href="#tok_431" value="AT0"/><!-- Microsoft.... -->
<feat xlink:href="#tok_432" value="AV0"/><!-- Microsoft.... -->
<feat xlink:href="#tok_433" value="AJ0"/><!-- Microsoft.... -->
<feat xlink:href="#tok_434" value="NN1"/><!-- Microsoft.... -->
<feat xlink:href="#tok_435" value="NN2"/><!-- Microsoft.... -->
<feat xlink:href="#tok_436" value="AV0"/><!-- Microsoft.... -->
<feat xlink:href="#tok_437" value="CJS"/><!-- Microsoft.... -->
<feat xlink:href="#tok_438" value="VVN"/><!-- Microsoft.... -->
<feat xlink:href="#tok_439" value="PRP"/><!-- Microsoft.... -->
<feat xlink:href="#tok_440" value="DPS"/><!-- Microsoft.... -->
<feat xlink:href="#tok_441" value="NN1"/><!-- Microsoft.... -->
<feat xlink:href="#tok_442" value="CJC"/><!-- Microsoft.... -->
<feat xlink:href="#tok_443" value="AT0"/><!-- Microsoft.... -->
<feat xlink:href="#tok_444" value="AJ0"/><!-- Microsoft.... -->
<feat xlink:href="#tok_445" value="NN2"/><!-- Microsoft.... -->
<feat xlink:href="#tok_446" value="PRF"/><!-- Microsoft.... -->
<feat xlink:href="#tok_447" value="NN0"/><!-- Microsoft.... -->
<feat xlink:href="#tok_448" value="PNQ"/><!-- Microsoft.... -->
<feat xlink:href="#tok_449" value="VHB"/><!-- Microsoft.... -->
<feat xlink:href="#tok_450" value="VVN"/><!-- Microsoft.... -->
<feat xlink:href="#tok_451" value="PNP"/><!-- Microsoft.... -->
<feat xlink:href="#tok_452" value="PUN"/><!-- Microsoft.... -->
<feat xlink:href="#tok_453" value="NP0"/><!-- IE6.... -->
<feat xlink:href="#tok_454" value="VVD"/><!-- IE6.... -->
<feat xlink:href="#tok_455" value="PRP"/><!-- IE6.... -->
<feat xlink:href="#tok_456" value="NN2"/><!-- Windows...XP -->
<feat xlink:href="#tok_457" value="NN1"/><!-- Windows...XP -->
<feat xlink:href="#tok_458" value="PUN"/><!-- Windows...XP -->
<feat xlink:href="#tok_459" value="AV0"/><!-- Windows...XP -->
<feat xlink:href="#tok_460" value="AT0"/><!-- Windows...XP -->
<feat xlink:href="#tok_461" value="NN1"/><!-- Windows...XP -->
<feat xlink:href="#tok_462" value="AV0"/><!-- Windows...XP -->
<feat xlink:href="#tok_463" value="PUN"/><!-- Windows...XP -->
<feat xlink:href="#tok_464" value="CJC"/><!-- But.... -->
<feat xlink:href="#tok_465" value="PNP"/><!-- But.... -->
<feat xlink:href="#tok_466" value="VHZ"/><!-- But.... -->
<feat xlink:href="#tok_467" value="VVN"/><!-- But.... -->
<feat xlink:href="#tok_468" value="DPS"/><!-- But.... -->
<feat xlink:href="#tok_469" value="NN1"/><!-- But.... -->
<feat xlink:href="#tok_470" value="PUN"/><!-- But.... -->
<feat xlink:href="#tok_471" value="CJC"/><!-- But.... -->
<feat xlink:href="#tok_472" value="NP0"/><!-- But.... -->
<feat xlink:href="#tok_473" value="AV0"/><!-- But.... -->
<feat xlink:href="#tok_474" value="AV0"/><!-- But.... -->
<feat xlink:href="#tok_475" value="VVZ"/><!-- But.... -->
<feat xlink:href="#tok_476" value="TO0"/><!-- But.... -->
<feat xlink:href="#tok_477" value="VVI"/><!-- But.... -->
<feat xlink:href="#tok_478" value="PNP"/><!-- But.... -->
<feat xlink:href="#tok_479" value="PUN"/><!-- But.... -->
</featList>
</paula>
