<?xml version="1.0" encoding="UTF-8" standalone="no"?>

<!DOCTYPE paula SYSTEM "paula_feat.dtd">
<paula version="1.0">

<header paula_id="GUM.GUM_news_ie9_pos"/>

<featList xmlns:xlink="http://www.w3.org/1999/xlink" type="pos" xml:base="GUM.GUM_news_ie9.tok.xml">
<feat xlink:href="#tok_1" value="NP"/><!-- Microsoft...6 -->
<feat xlink:href="#tok_2" value="VVZ"/><!-- Microsoft...6 -->
<feat xlink:href="#tok_3" value="IN"/><!-- Microsoft...6 -->
<feat xlink:href="#tok_4" value="NN"/><!-- Microsoft...6 -->
<feat xlink:href="#tok_5" value="IN"/><!-- Microsoft...6 -->
<feat xlink:href="#tok_6" value="NP"/><!-- Microsoft...6 -->
<feat xlink:href="#tok_7" value="NP"/><!-- Microsoft...6 -->
<feat xlink:href="#tok_8" value="CD"/><!-- Microsoft...6 -->
<feat xlink:href="#tok_9" value="NP"/><!-- Tuesday...2011 -->
<feat xlink:href="#tok_10" value=","/><!-- Tuesday...2011 -->
<feat xlink:href="#tok_11" value="NP"/><!-- Tuesday...2011 -->
<feat xlink:href="#tok_12" value="CD"/><!-- Tuesday...2011 -->
<feat xlink:href="#tok_13" value=","/><!-- Tuesday...2011 -->
<feat xlink:href="#tok_14" value="CD"/><!-- Tuesday...2011 -->
<feat xlink:href="#tok_15" value="IN"/><!-- With.... -->
<feat xlink:href="#tok_16" value="NN"/><!-- With.... -->
<feat xlink:href="#tok_17" value="IN"/><!-- With.... -->
<feat xlink:href="#tok_18" value="NP"/><!-- With.... -->
<feat xlink:href="#tok_19" value="POS"/><!-- Microsoft -->
<feat xlink:href="#tok_20" value="NP"/><!-- Microsoft -->
<feat xlink:href="#tok_21" value="NP"/><!-- Internet...9 -->
<feat xlink:href="#tok_22" value="CD"/><!-- Internet...9 -->
<feat xlink:href="#tok_23" value="("/><!-- Internet...9 -->
<feat xlink:href="#tok_24" value="NP"/><!-- Internet...9 -->
<feat xlink:href="#tok_25" value=")"/><!-- Internet...9 -->
<feat xlink:href="#tok_26" value="NN"/><!-- Internet...9 -->
<feat xlink:href="#tok_27" value="RB"/><!-- Internet...9 -->
<feat xlink:href="#tok_28" value="JJ"/><!-- Internet...9 -->
<feat xlink:href="#tok_29" value=","/><!-- Internet...9 -->
<feat xlink:href="#tok_30" value="NP"/><!-- Internet...9 -->
<feat xlink:href="#tok_31" value="VVD"/><!-- Internet...9 -->
<feat xlink:href="#tok_32" value="IN"/><!-- Internet...9 -->
<feat xlink:href="#tok_33" value="NP"/><!-- Internet...9 -->
<feat xlink:href="#tok_34" value="IN/that"/><!-- Internet...9 -->
<feat xlink:href="#tok_35" value="PP"/><!-- Internet...9 -->
<feat xlink:href="#tok_36" value="VBZ"/><!-- Internet...9 -->
<feat xlink:href="#tok_37" value="NN"/><!-- Internet...9 -->
<feat xlink:href="#tok_38" value="IN"/><!-- Internet...9 -->
<feat xlink:href="#tok_39" value="NP"/><!-- Internet...9 -->
<feat xlink:href="#tok_40" value="NNS"/><!-- Internet...9 -->
<feat xlink:href="#tok_41" value="TO"/><!-- Internet...9 -->
<feat xlink:href="#tok_42" value="VV"/><!-- Internet...9 -->
<feat xlink:href="#tok_43" value="RB"/><!-- Internet...9 -->
<feat xlink:href="#tok_44" value="IN"/><!-- Internet...9 -->
<feat xlink:href="#tok_45" value="DT"/><!-- Internet...9 -->
<feat xlink:href="#tok_46" value="JJ"/><!-- Internet...9 -->
<feat xlink:href="#tok_47" value="JJ"/><!-- Internet...9 -->
<feat xlink:href="#tok_48" value="NN"/><!-- Internet...9 -->
<feat xlink:href="#tok_49" value="SENT"/><!-- Internet...9 -->
<feat xlink:href="#tok_50" value="NP"/><!-- Microsoft.... -->
<feat xlink:href="#tok_51" value="VHZ"/><!-- Microsoft.... -->
<feat xlink:href="#tok_52" value="VVN"/><!-- Microsoft.... -->
<feat xlink:href="#tok_53" value="PP"/><!-- Microsoft.... -->
<feat xlink:href="#tok_54" value="IN"/><!-- Microsoft.... -->
<feat xlink:href="#tok_55" value="CD"/><!-- Microsoft.... -->
<feat xlink:href="#tok_56" value="JJR"/><!-- Microsoft.... -->
<feat xlink:href="#tok_57" value="NNS"/><!-- Microsoft.... -->
<feat xlink:href="#tok_58" value="SENT"/><!-- Microsoft.... -->
<feat xlink:href="#tok_59" value="IN"/><!-- On.... -->
<feat xlink:href="#tok_60" value="DT"/><!-- On.... -->
<feat xlink:href="#tok_61" value="JJ"/><!-- On.... -->
<feat xlink:href="#tok_62" value="NN"/><!-- On.... -->
<feat xlink:href="#tok_63" value=","/><!-- On.... -->
<feat xlink:href="#tok_64" value="``"/><!-- On.... -->
<feat xlink:href="#tok_65" value="NP"/><!-- On.... -->
<feat xlink:href="#tok_66" value="NP"/><!-- On.... -->
<feat xlink:href="#tok_67" value="NP"/><!-- On.... -->
<feat xlink:href="#tok_68" value="CD"/><!-- On.... -->
<feat xlink:href="#tok_69" value="NP"/><!-- On.... -->
<feat xlink:href="#tok_70" value="&apos;&apos;"/><!-- On.... -->
<feat xlink:href="#tok_71" value=","/><!-- On.... -->
<feat xlink:href="#tok_72" value="NP"/><!-- On.... -->
<feat xlink:href="#tok_73" value="VHZ"/><!-- On.... -->
<feat xlink:href="#tok_74" value="VVN"/><!-- On.... -->
<feat xlink:href="#tok_75" value="DT"/><!-- On.... -->
<feat xlink:href="#tok_76" value="JJ"/><!-- On.... -->
<feat xlink:href="#tok_77" value="NN"/><!-- On.... -->
<feat xlink:href="#tok_78" value="TO"/><!-- On.... -->
<feat xlink:href="#tok_79" value="VV"/><!-- On.... -->
<feat xlink:href="#tok_80" value="NNS"/><!-- On.... -->
<feat xlink:href="#tok_81" value="TO"/><!-- On.... -->
<feat xlink:href="#tok_82" value="VV"/><!-- On.... -->
<feat xlink:href="#tok_83" value="VVG"/><!-- On.... -->
<feat xlink:href="#tok_84" value="NP"/><!-- On.... -->
<feat xlink:href="#tok_85" value="CC"/><!-- On.... -->
<feat xlink:href="#tok_86" value="VV"/><!-- On.... -->
<feat xlink:href="#tok_87" value="TO"/><!-- On.... -->
<feat xlink:href="#tok_88" value="DT"/><!-- On.... -->
<feat xlink:href="#tok_89" value="JJR"/><!-- On.... -->
<feat xlink:href="#tok_90" value="NP"/><!-- On.... -->
<feat xlink:href="#tok_91" value="SENT"/><!-- On.... -->
<feat xlink:href="#tok_92" value="PP$"/><!-- Its.... -->
<feat xlink:href="#tok_93" value="NN"/><!-- Its.... -->
<feat xlink:href="#tok_94" value="VBZ"/><!-- Its.... -->
<feat xlink:href="#tok_95" value="TO"/><!-- Its.... -->
<feat xlink:href="#tok_96" value="VV"/><!-- Its.... -->
<feat xlink:href="#tok_97" value="NP"/><!-- Its.... -->
<feat xlink:href="#tok_98" value="NNS"/><!-- Its.... -->
<feat xlink:href="#tok_99" value="TO"/><!-- Its.... -->
<feat xlink:href="#tok_100" value="JJR"/><!-- Its.... -->
<feat xlink:href="#tok_101" value="IN"/><!-- Its.... -->
<feat xlink:href="#tok_102" value="CD"/><!-- Its.... -->
<feat xlink:href="#tok_103" value="NN"/><!-- Its.... -->
<feat xlink:href="#tok_104" value="SENT"/><!-- Its.... -->
<feat xlink:href="#tok_105" value="``"/><!-- &quot;.... -->
<feat xlink:href="#tok_106" value="("/><!-- &quot;.... -->
<feat xlink:href="#tok_107" value="CD"/><!-- &quot;.... -->
<feat xlink:href="#tok_108" value="("/><!-- &quot;.... -->
<feat xlink:href="#tok_109" value="NNS"/><!-- &quot;.... -->
<feat xlink:href="#tok_110" value="RB"/><!-- &quot;.... -->
<feat xlink:href="#tok_111" value=","/><!-- &quot;.... -->
<feat xlink:href="#tok_112" value="DT"/><!-- &quot;.... -->
<feat xlink:href="#tok_113" value="NN"/><!-- &quot;.... -->
<feat xlink:href="#tok_114" value="VBD"/><!-- &quot;.... -->
<feat xlink:href="#tok_115" value="VVN"/><!-- &quot;.... -->
<feat xlink:href="#tok_116" value="SENT"/><!-- &quot;.... -->
<feat xlink:href="#tok_117" value="PP$"/><!-- Its.... -->
<feat xlink:href="#tok_118" value="NN"/><!-- Its.... -->
<feat xlink:href="#tok_119" value="VBD"/><!-- Its.... -->
<feat xlink:href="#tok_120" value="NP"/><!-- Its.... -->
<feat xlink:href="#tok_121" value="NP"/><!-- Its.... -->
<feat xlink:href="#tok_122" value="CD"/><!-- Its.... -->
<feat xlink:href="#tok_123" value="SENT"/><!-- Its.... -->
<feat xlink:href="#tok_124" value="RB"/><!-- Now.... -->
<feat xlink:href="#tok_125" value="IN/that"/><!-- Now.... -->
<feat xlink:href="#tok_126" value="PP"/><!-- Now.... -->
<feat xlink:href="#tok_127" value="VBP"/><!-- Now.... -->
<feat xlink:href="#tok_128" value="IN"/><!-- Now.... -->
<feat xlink:href="#tok_129" value="CD"/><!-- Now.... -->
<feat xlink:href="#tok_130" value=","/><!-- 2011 -->
<feat xlink:href="#tok_131" value="IN"/><!-- 2011 -->
<feat xlink:href="#tok_132" value="DT"/><!-- 2011 -->
<feat xlink:href="#tok_133" value="NN"/><!-- 2011 -->
<feat xlink:href="#tok_134" value="IN"/><!-- 2011 -->
<feat xlink:href="#tok_135" value="JJ"/><!-- 2011 -->
<feat xlink:href="#tok_136" value="NN"/><!-- 2011 -->
<feat xlink:href="#tok_137" value="NNS"/><!-- 2011 -->
<feat xlink:href="#tok_138" value=","/><!-- 2011 -->
<feat xlink:href="#tok_139" value="PP"/><!-- 2011 -->
<feat xlink:href="#tok_140" value="VBZ"/><!-- 2011 -->
<feat xlink:href="#tok_141" value="NN"/><!-- 2011 -->
<feat xlink:href="#tok_142" value="TO"/><!-- 2011 -->
<feat xlink:href="#tok_143" value="VV"/><!-- 2011 -->
<feat xlink:href="#tok_144" value="NN"/><!-- 2011 -->
<feat xlink:href="#tok_145" value=","/><!-- 2011 -->
<feat xlink:href="#tok_146" value="&apos;&apos;"/><!-- 2011 -->
<feat xlink:href="#tok_147" value="NP"/><!-- 2011 -->
<feat xlink:href="#tok_148" value="VVZ"/><!-- 2011 -->
<feat xlink:href="#tok_149" value="IN"/><!-- 2011 -->
<feat xlink:href="#tok_150" value="``"/><!-- 2011 -->
<feat xlink:href="#tok_151" value="NP"/><!-- 2011 -->
<feat xlink:href="#tok_152" value="NP"/><!-- 2011 -->
<feat xlink:href="#tok_153" value="NP"/><!-- 2011 -->
<feat xlink:href="#tok_154" value="CD"/><!-- 2011 -->
<feat xlink:href="#tok_155" value="NP"/><!-- 2011 -->
<feat xlink:href="#tok_156" value="&apos;&apos;"/><!-- 2011 -->
<feat xlink:href="#tok_157" value="SENT"/><!-- 2011 -->
<feat xlink:href="#tok_158" value="NP"/><!-- Internet.... -->
<feat xlink:href="#tok_159" value="NP"/><!-- Internet...&quot; -->
<feat xlink:href="#tok_160" value="POS"/><!-- Internet...&quot; -->
<feat xlink:href="#tok_161" value="NN"/><!-- Internet...&quot; -->
<feat xlink:href="#tok_162" value="NN"/><!-- market...share -->
<feat xlink:href="#tok_163" value="VBZ"/><!-- market...share -->
<feat xlink:href="#tok_164" value="VVG"/><!-- market...share -->
<feat xlink:href="#tok_165" value="SENT"/><!-- market...share -->
<feat xlink:href="#tok_166" value="NP"/><!-- IE.... -->
<feat xlink:href="#tok_167" value="POS"/><!-- IE.... -->
<feat xlink:href="#tok_168" value="JJ"/><!-- IE.... -->
<feat xlink:href="#tok_169" value="NNS"/><!-- IE.... -->
<feat xlink:href="#tok_170" value="VVD"/><!-- IE.... -->
<feat xlink:href="#tok_171" value="IN"/><!-- IE.... -->
<feat xlink:href="#tok_172" value="CD"/><!-- IE.... -->
<feat xlink:href="#tok_173" value="NN"/><!-- IE.... -->
<feat xlink:href="#tok_174" value="IN"/><!-- IE.... -->
<feat xlink:href="#tok_175" value="DT"/><!-- IE.... -->
<feat xlink:href="#tok_176" value="NN"/><!-- IE.... -->
<feat xlink:href="#tok_177" value="IN"/><!-- IE.... -->
<feat xlink:href="#tok_178" value="CD"/><!-- IE.... -->
<feat xlink:href="#tok_179" value=":"/><!-- 2009 -->
<feat xlink:href="#tok_180" value="DT"/><!-- 2009 -->
<feat xlink:href="#tok_181" value="VHZ"/><!-- 2009 -->
<feat xlink:href="#tok_182" value="VVN"/><!-- 2009 -->
<feat xlink:href="#tok_183" value="TO"/><!-- 2009 -->
<feat xlink:href="#tok_184" value="RB"/><!-- 2009 -->
<feat xlink:href="#tok_185" value="CD"/><!-- 2009 -->
<feat xlink:href="#tok_186" value="NN"/><!-- 2009 -->
<feat xlink:href="#tok_187" value="NN"/><!-- 2009 -->
<feat xlink:href="#tok_188" value="SENT"/><!-- 2009 -->
<feat xlink:href="#tok_189" value="NP"/><!-- Mozilla.... -->
<feat xlink:href="#tok_190" value="NP"/><!-- Mozilla...Firefox -->
<feat xlink:href="#tok_191" value=","/><!-- Mozilla...Firefox -->
<feat xlink:href="#tok_192" value="PP$"/><!-- Mozilla...Firefox -->
<feat xlink:href="#tok_193" value="JJ"/><!-- Mozilla...Firefox -->
<feat xlink:href="#tok_194" value="NN"/><!-- Mozilla...Firefox -->
<feat xlink:href="#tok_195" value=","/><!-- Mozilla...Firefox -->
<feat xlink:href="#tok_196" value="VHZ"/><!-- Mozilla...Firefox -->
<feat xlink:href="#tok_197" value="VBN"/><!-- Mozilla...Firefox -->
<feat xlink:href="#tok_198" value="RB"/><!-- Mozilla...Firefox -->
<feat xlink:href="#tok_199" value="VVG"/><!-- Mozilla...Firefox -->
<feat xlink:href="#tok_200" value="PP$"/><!-- Mozilla...Firefox -->
<feat xlink:href="#tok_201" value="NN"/><!-- Mozilla...Firefox -->
<feat xlink:href="#tok_202" value="NN"/><!-- Mozilla...Firefox -->
<feat xlink:href="#tok_203" value="IN"/><!-- Mozilla...Firefox -->
<feat xlink:href="#tok_204" value="DT"/><!-- Mozilla...Firefox -->
<feat xlink:href="#tok_205" value="RB"/><!-- Mozilla...Firefox -->
<feat xlink:href="#tok_206" value="VVN"/><!-- Mozilla...Firefox -->
<feat xlink:href="#tok_207" value="NP"/><!-- Mozilla...Firefox -->
<feat xlink:href="#tok_208" value="NP"/><!-- Google...Chrome -->
<feat xlink:href="#tok_209" value="VBZ"/><!-- Google...Chrome -->
<feat xlink:href="#tok_210" value="RB"/><!-- Google...Chrome -->
<feat xlink:href="#tok_211" value="RB"/><!-- Google...Chrome -->
<feat xlink:href="#tok_212" value="VVG"/><!-- Google...Chrome -->
<feat xlink:href="#tok_213" value="NNS"/><!-- Google...Chrome -->
<feat xlink:href="#tok_214" value="SENT"/><!-- Google...Chrome -->
<feat xlink:href="#tok_215" value="NP"/><!-- PC.... -->
<feat xlink:href="#tok_216" value="NP"/><!-- PC...World -->
<feat xlink:href="#tok_217" value="POS"/><!-- PC...World -->
<feat xlink:href="#tok_218" value="JJ"/><!-- PC...World -->
<feat xlink:href="#tok_219" value="NN"/><!-- PC...World -->
<feat xlink:href="#tok_220" value="IN"/><!-- PC...World -->
<feat xlink:href="#tok_221" value="PP$"/><!-- PC...World -->
<feat xlink:href="#tok_222" value="JJ"/><!-- PC...World -->
<feat xlink:href="#tok_223" value="NN"/><!-- PC...World -->
<feat xlink:href="#tok_224" value="NN"/><!-- PC...World -->
<feat xlink:href="#tok_225" value="NNS"/><!-- PC...World -->
<feat xlink:href="#tok_226" value="VVD"/><!-- PC...World -->
<feat xlink:href="#tok_227" value=","/><!-- PC...World -->
<feat xlink:href="#tok_228" value="``"/><!-- PC...World -->
<feat xlink:href="#tok_229" value="RB"/><!-- PC...World -->
<feat xlink:href="#tok_230" value=","/><!-- PC...World -->
<feat xlink:href="#tok_231" value="NN"/><!-- PC...World -->
<feat xlink:href="#tok_232" value="NN"/><!-- PC...World -->
<feat xlink:href="#tok_233" value="VBZ"/><!-- PC...World -->
<feat xlink:href="#tok_234" value="DT"/><!-- PC...World -->
<feat xlink:href="#tok_235" value="SYM"/><!-- PC...World -->
<feat xlink:href="#tok_236" value="CD"/><!-- PC...World -->
<feat xlink:href="#tok_237" value="NN"/><!-- PC...World -->
<feat xlink:href="#tok_238" value="IN"/><!-- PC...World -->
<feat xlink:href="#tok_239" value="NP"/><!-- PC...World -->
<feat xlink:href="#tok_240" value=","/><!-- PC...World -->
<feat xlink:href="#tok_241" value="CC"/><!-- PC...World -->
<feat xlink:href="#tok_242" value="IN"/><!-- PC...World -->
<feat xlink:href="#tok_243" value="DT"/><!-- PC...World -->
<feat xlink:href="#tok_244" value="JJ"/><!-- PC...World -->
<feat xlink:href="#tok_245" value="CD"/><!-- PC...World -->
<feat xlink:href="#tok_246" value="NNS"/><!-- PC...World -->
<feat xlink:href="#tok_247" value="PP"/><!-- PC...World -->
<feat xlink:href="#tok_248" value="VHZ"/><!-- PC...World -->
<feat xlink:href="#tok_249" value="VBN"/><!-- PC...World -->
<feat xlink:href="#tok_250" value="SYM"/><!-- PC...World -->
<feat xlink:href="#tok_251" value="CD"/><!-- PC...World -->
<feat xlink:href="#tok_252" value=","/><!-- PC...World -->
<feat xlink:href="#tok_253" value="DT"/><!-- PC...World -->
<feat xlink:href="#tok_254" value="NN"/><!-- PC...World -->
<feat xlink:href="#tok_255" value="IN"/><!-- PC...World -->
<feat xlink:href="#tok_256" value="NNS"/><!-- PC...World -->
<feat xlink:href="#tok_257" value="IN"/><!-- PC...World -->
<feat xlink:href="#tok_258" value="NP"/><!-- PC...World -->
<feat xlink:href="#tok_259" value=":"/><!-- Safari -->
<feat xlink:href="#tok_260" value="CC"/><!-- Safari -->
<feat xlink:href="#tok_261" value="RB"/><!-- Safari -->
<feat xlink:href="#tok_262" value="JJ"/><!-- Safari -->
<feat xlink:href="#tok_263" value="IN"/><!-- Safari -->
<feat xlink:href="#tok_264" value="NP"/><!-- Safari -->
<feat xlink:href="#tok_265" value="SENT"/><!-- Safari -->
<feat xlink:href="#tok_266" value="PP"/><!-- It.... -->
<feat xlink:href="#tok_267" value="MD"/><!-- It.... -->
<feat xlink:href="#tok_268" value="VB"/><!-- It.... -->
<feat xlink:href="#tok_269" value="DT"/><!-- It.... -->
<feat xlink:href="#tok_270" value="JJ"/><!-- It.... -->
<feat xlink:href="#tok_271" value="NN"/><!-- It.... -->
<feat xlink:href="#tok_272" value="SENT"/><!-- It.... -->
<feat xlink:href="#tok_273" value="CC"/><!-- But...&quot; -->
<feat xlink:href="#tok_274" value="IN"/><!-- But...&quot; -->
<feat xlink:href="#tok_275" value="PP"/><!-- But...&quot; -->
<feat xlink:href="#tok_276" value="VBZ"/><!-- But...&quot; -->
<feat xlink:href="#tok_277" value="RB"/><!-- But...&quot; -->
<feat xlink:href="#tok_278" value=","/><!-- But...&quot; -->
<feat xlink:href="#tok_279" value="CC"/><!-- But...&quot; -->
<feat xlink:href="#tok_280" value="NP"/><!-- But...&quot; -->
<feat xlink:href="#tok_281" value="VVZ"/><!-- But...&quot; -->
<feat xlink:href="#tok_282" value="TO"/><!-- But...&quot; -->
<feat xlink:href="#tok_283" value="VV"/><!-- But...&quot; -->
<feat xlink:href="#tok_284" value=","/><!-- But...&quot; -->
<feat xlink:href="#tok_285" value="NP"/><!-- But...&quot; -->
<feat xlink:href="#tok_286" value="MD"/><!-- But...&quot; -->
<feat xlink:href="#tok_287" value="VV"/><!-- But...&quot; -->
<feat xlink:href="#tok_288" value="TO"/><!-- But...&quot; -->
<feat xlink:href="#tok_289" value="JJ"/><!-- But...&quot; -->
<feat xlink:href="#tok_290" value="NN"/><!-- But...&quot; -->
<feat xlink:href="#tok_291" value="SENT"/><!-- But...&quot; -->
<feat xlink:href="#tok_292" value="``"/><!-- But...&quot; -->
<feat xlink:href="#tok_293" value="NN"/><!-- Web.... -->
<feat xlink:href="#tok_294" value="NNS"/><!-- Web.... -->
<feat xlink:href="#tok_295" value="VVP"/><!-- Web.... -->
<feat xlink:href="#tok_296" value="JJ"/><!-- Web.... -->
<feat xlink:href="#tok_297" value="NNS"/><!-- Web.... -->
<feat xlink:href="#tok_298" value="IN"/><!-- Web.... -->
<feat xlink:href="#tok_299" value="NP"/><!-- Web.... -->
<feat xlink:href="#tok_300" value="SENT"/><!-- Web.... -->
<feat xlink:href="#tok_301" value="IN"/><!-- As.... -->
<feat xlink:href="#tok_302" value="PP"/><!-- As.... -->
<feat xlink:href="#tok_303" value="VVP"/><!-- As.... -->
<feat xlink:href="#tok_304" value="PP$"/><!-- As.... -->
<feat xlink:href="#tok_305" value="NN"/><!-- As.... -->
<feat xlink:href="#tok_306" value="NNS"/><!-- As.... -->
<feat xlink:href="#tok_307" value="IN"/><!-- As.... -->
<feat xlink:href="#tok_308" value="DT"/><!-- As.... -->
<feat xlink:href="#tok_309" value="JJR"/><!-- As.... -->
<feat xlink:href="#tok_310" value="NNS"/><!-- As.... -->
<feat xlink:href="#tok_311" value="IN"/><!-- As.... -->
<feat xlink:href="#tok_312" value="JJ"/><!-- As.... -->
<feat xlink:href="#tok_313" value="NN"/><!-- As.... -->
<feat xlink:href="#tok_314" value="NN"/><!-- As.... -->
<feat xlink:href="#tok_315" value="CC"/><!-- As.... -->
<feat xlink:href="#tok_316" value="VVN"/><!-- As.... -->
<feat xlink:href="#tok_317" value="TO"/><!-- As.... -->
<feat xlink:href="#tok_318" value="DT"/><!-- As.... -->
<feat xlink:href="#tok_319" value="JJS"/><!-- As.... -->
<feat xlink:href="#tok_320" value="NN"/><!-- As.... -->
<feat xlink:href="#tok_321" value="NN"/><!-- As.... -->
<feat xlink:href="#tok_322" value="NN"/><!-- As.... -->
<feat xlink:href="#tok_323" value="NN"/><!-- As.... -->
<feat xlink:href="#tok_324" value="NP"/><!-- As.... -->
<feat xlink:href="#tok_325" value="CD"/><!-- As.... -->
<feat xlink:href="#tok_326" value=","/><!-- As.... -->
<feat xlink:href="#tok_327" value="PP"/><!-- As.... -->
<feat xlink:href="#tok_328" value="VBP"/><!-- As.... -->
<feat xlink:href="#tok_329" value="VVN"/><!-- As.... -->
<feat xlink:href="#tok_330" value="TO"/><!-- As.... -->
<feat xlink:href="#tok_331" value="VV"/><!-- As.... -->
<feat xlink:href="#tok_332" value="JJR"/><!-- As.... -->
<feat xlink:href="#tok_333" value="JJ"/><!-- As.... -->
<feat xlink:href="#tok_334" value="NN"/><!-- As.... -->
<feat xlink:href="#tok_335" value="TO"/><!-- As.... -->
<feat xlink:href="#tok_336" value="VV"/><!-- As.... -->
<feat xlink:href="#tok_337" value="NP"/><!-- As.... -->
<feat xlink:href="#tok_338" value="NNS"/><!-- As.... -->
<feat xlink:href="#tok_339" value="SENT"/><!-- As.... -->
<feat xlink:href="#tok_340" value="RB"/><!-- Also.... -->
<feat xlink:href="#tok_341" value=","/><!-- Also.... -->
<feat xlink:href="#tok_342" value="RB"/><!-- Also.... -->
<feat xlink:href="#tok_343" value="VVN"/><!-- Also.... -->
<feat xlink:href="#tok_344" value="IN"/><!-- Also.... -->
<feat xlink:href="#tok_345" value="NP"/><!-- Also.... -->
<feat xlink:href="#tok_346" value="POS"/><!-- Also.... -->
<feat xlink:href="#tok_347" value="``"/><!-- Also.... -->
<feat xlink:href="#tok_348" value="NP"/><!-- Also.... -->
<feat xlink:href="#tok_349" value="NP"/><!-- Also.... -->
<feat xlink:href="#tok_350" value="NP"/><!-- Also.... -->
<feat xlink:href="#tok_351" value="CD"/><!-- Also.... -->
<feat xlink:href="#tok_352" value="NP"/><!-- Also.... -->
<feat xlink:href="#tok_353" value="&apos;&apos;"/><!-- Also.... -->
<feat xlink:href="#tok_354" value="NN"/><!-- Also.... -->
<feat xlink:href="#tok_355" value=","/><!-- Also.... -->
<feat xlink:href="#tok_356" value="VBP"/><!-- Also.... -->
<feat xlink:href="#tok_357" value="DT"/><!-- Also.... -->
<feat xlink:href="#tok_358" value="JJ"/><!-- Also.... -->
<feat xlink:href="#tok_359" value="NN"/><!-- Also.... -->
<feat xlink:href="#tok_360" value="NNS"/><!-- Also.... -->
<feat xlink:href="#tok_361" value="VVG"/><!-- Also.... -->
<feat xlink:href="#tok_362" value="DT"/><!-- Also.... -->
<feat xlink:href="#tok_363" value="NN"/><!-- Also.... -->
<feat xlink:href="#tok_364" value="IN"/><!-- Also.... -->
<feat xlink:href="#tok_365" value="NN"/><!-- Also.... -->
<feat xlink:href="#tok_366" value="IN"/><!-- Also.... -->
<feat xlink:href="#tok_367" value="VBG"/><!-- Also.... -->
<feat xlink:href="#tok_368" value="VVN"/><!-- Also.... -->
<feat xlink:href="#tok_369" value="SENT"/><!-- Also.... -->
<feat xlink:href="#tok_370" value="DT"/><!-- The.... -->
<feat xlink:href="#tok_371" value="NP"/><!-- The.... -->
<feat xlink:href="#tok_372" value="NN"/><!-- The.... -->
<feat xlink:href="#tok_373" value="NN"/><!-- The.... -->
<feat xlink:href="#tok_374" value="NP"/><!-- The.... -->
<feat xlink:href="#tok_375" value=","/><!-- Secunia.com -->
<feat xlink:href="#tok_376" value="VHZ"/><!-- Secunia.com -->
<feat xlink:href="#tok_377" value="VVN"/><!-- Secunia.com -->
<feat xlink:href="#tok_378" value="IN/that"/><!-- Secunia.com -->
<feat xlink:href="#tok_379" value="RB"/><!-- Secunia.com -->
<feat xlink:href="#tok_380" value="IN"/><!-- Secunia.com -->
<feat xlink:href="#tok_381" value="NP"/><!-- Secunia.com -->
<feat xlink:href="#tok_382" value="CD"/><!-- March...2011 -->
<feat xlink:href="#tok_383" value=","/><!-- March...2011 -->
<feat xlink:href="#tok_384" value="CD"/><!-- March...2011 -->
<feat xlink:href="#tok_385" value=","/><!-- March...2011 -->
<feat xlink:href="#tok_386" value="NP"/><!-- March...2011 -->
<feat xlink:href="#tok_387" value="VHZ"/><!-- March...2011 -->
<feat xlink:href="#tok_388" value="CD"/><!-- March...2011 -->
<feat xlink:href="#tok_389" value="NNS"/><!-- March...2011 -->
<feat xlink:href="#tok_390" value=":"/><!-- March...2011 -->
<feat xlink:href="#tok_391" value="CD"/><!-- March...2011 -->
<feat xlink:href="#tok_392" value="NN"/><!-- March...2011 -->
<feat xlink:href="#tok_393" value="IN"/><!-- March...2011 -->
<feat xlink:href="#tok_394" value="DT"/><!-- March...2011 -->
<feat xlink:href="#tok_395" value="VBP"/><!-- March...2011 -->
<feat xlink:href="#tok_396" value="VVN"/><!-- March...2011 -->
<feat xlink:href="#tok_397" value="``"/><!-- March...2011 -->
<feat xlink:href="#tok_398" value="RB"/><!-- March...2011 -->
<feat xlink:href="#tok_399" value="JJ"/><!-- March...2011 -->
<feat xlink:href="#tok_400" value="&apos;&apos;"/><!-- March...2011 -->
<feat xlink:href="#tok_401" value="SENT"/><!-- March...2011 -->
<feat xlink:href="#tok_402" value="NP"/><!-- Microsoft.... -->
<feat xlink:href="#tok_403" value="VVZ"/><!-- Microsoft.... -->
<feat xlink:href="#tok_404" value="IN/that"/><!-- Microsoft.... -->
<feat xlink:href="#tok_405" value="DT"/><!-- Microsoft.... -->
<feat xlink:href="#tok_406" value="JJS"/><!-- Microsoft.... -->
<feat xlink:href="#tok_407" value="NNS"/><!-- Microsoft.... -->
<feat xlink:href="#tok_408" value="IN"/><!-- Microsoft.... -->
<feat xlink:href="#tok_409" value="NP"/><!-- Microsoft.... -->
<feat xlink:href="#tok_410" value="NP"/><!-- Microsoft.... -->
<feat xlink:href="#tok_411" value="VVP"/><!-- Microsoft.... -->
<feat xlink:href="#tok_412" value="DT"/><!-- Microsoft.... -->
<feat xlink:href="#tok_413" value="NN"/><!-- Microsoft.... -->
<feat xlink:href="#tok_414" value="IN"/><!-- Microsoft.... -->
<feat xlink:href="#tok_415" value="JJ"/><!-- Microsoft.... -->
<feat xlink:href="#tok_416" value="NN"/><!-- Microsoft.... -->
<feat xlink:href="#tok_417" value="IN"/><!-- Microsoft.... -->
<feat xlink:href="#tok_418" value="DT"/><!-- Microsoft.... -->
<feat xlink:href="#tok_419" value="NNS"/><!-- Microsoft.... -->
<feat xlink:href="#tok_420" value="CC"/><!-- Microsoft.... -->
<feat xlink:href="#tok_421" value="NNS"/><!-- Microsoft.... -->
<feat xlink:href="#tok_422" value="SENT"/><!-- Microsoft.... -->
<feat xlink:href="#tok_423" value="NP"/><!-- Microsoft.... -->
<feat xlink:href="#tok_424" value="POS"/><!-- Microsoft.... -->
<feat xlink:href="#tok_425" value="NP"/><!-- Microsoft.... -->
<feat xlink:href="#tok_426" value="NP"/><!-- Microsoft.... -->
<feat xlink:href="#tok_427" value="CD"/><!-- Microsoft.... -->
<feat xlink:href="#tok_428" value="VBZ"/><!-- Microsoft.... -->
<feat xlink:href="#tok_429" value="CD"/><!-- Microsoft.... -->
<feat xlink:href="#tok_430" value="IN"/><!-- Microsoft.... -->
<feat xlink:href="#tok_431" value="DT"/><!-- Microsoft.... -->
<feat xlink:href="#tok_432" value="RBS"/><!-- Microsoft.... -->
<feat xlink:href="#tok_433" value="JJ"/><!-- Microsoft.... -->
<feat xlink:href="#tok_434" value="NN"/><!-- Microsoft.... -->
<feat xlink:href="#tok_435" value="NNS"/><!-- Microsoft.... -->
<feat xlink:href="#tok_436" value="RB"/><!-- Microsoft.... -->
<feat xlink:href="#tok_437" value="RB"/><!-- Microsoft.... -->
<feat xlink:href="#tok_438" value="VVN"/><!-- Microsoft.... -->
<feat xlink:href="#tok_439" value="IN"/><!-- Microsoft.... -->
<feat xlink:href="#tok_440" value="PP$"/><!-- Microsoft.... -->
<feat xlink:href="#tok_441" value="NN"/><!-- Microsoft.... -->
<feat xlink:href="#tok_442" value="CC"/><!-- Microsoft.... -->
<feat xlink:href="#tok_443" value="DT"/><!-- Microsoft.... -->
<feat xlink:href="#tok_444" value="JJ"/><!-- Microsoft.... -->
<feat xlink:href="#tok_445" value="NNS"/><!-- Microsoft.... -->
<feat xlink:href="#tok_446" value="IN"/><!-- Microsoft.... -->
<feat xlink:href="#tok_447" value="NNS"/><!-- Microsoft.... -->
<feat xlink:href="#tok_448" value="WP"/><!-- Microsoft.... -->
<feat xlink:href="#tok_449" value="VHP"/><!-- Microsoft.... -->
<feat xlink:href="#tok_450" value="VVN"/><!-- Microsoft.... -->
<feat xlink:href="#tok_451" value="PP"/><!-- Microsoft.... -->
<feat xlink:href="#tok_452" value="SENT"/><!-- Microsoft.... -->
<feat xlink:href="#tok_453" value="NP"/><!-- IE6.... -->
<feat xlink:href="#tok_454" value="VVD"/><!-- IE6.... -->
<feat xlink:href="#tok_455" value="IN"/><!-- IE6.... -->
<feat xlink:href="#tok_456" value="NP"/><!-- IE6.... -->
<feat xlink:href="#tok_457" value="NP"/><!-- Windows...XP -->
<feat xlink:href="#tok_458" value=","/><!-- Windows...XP -->
<feat xlink:href="#tok_459" value="RB"/><!-- Windows...XP -->
<feat xlink:href="#tok_460" value="DT"/><!-- Windows...XP -->
<feat xlink:href="#tok_461" value="NN"/><!-- Windows...XP -->
<feat xlink:href="#tok_462" value="RB"/><!-- Windows...XP -->
<feat xlink:href="#tok_463" value="SENT"/><!-- Windows...XP -->
<feat xlink:href="#tok_464" value="CC"/><!-- But.... -->
<feat xlink:href="#tok_465" value="PP"/><!-- But.... -->
<feat xlink:href="#tok_466" value="VHZ"/><!-- But.... -->
<feat xlink:href="#tok_467" value="VVN"/><!-- But.... -->
<feat xlink:href="#tok_468" value="PP$"/><!-- But.... -->
<feat xlink:href="#tok_469" value="NN"/><!-- But.... -->
<feat xlink:href="#tok_470" value=","/><!-- But.... -->
<feat xlink:href="#tok_471" value="CC"/><!-- But.... -->
<feat xlink:href="#tok_472" value="NP"/><!-- But.... -->
<feat xlink:href="#tok_473" value="RB"/><!-- But.... -->
<feat xlink:href="#tok_474" value="RBR"/><!-- But.... -->
<feat xlink:href="#tok_475" value="VVZ"/><!-- But.... -->
<feat xlink:href="#tok_476" value="TO"/><!-- But.... -->
<feat xlink:href="#tok_477" value="VV"/><!-- But.... -->
<feat xlink:href="#tok_478" value="PP"/><!-- But.... -->
<feat xlink:href="#tok_479" value="SENT"/><!-- But.... -->
</featList>
</paula>
