<?xml version="1.0" standalone="no"?>

<!DOCTYPE paula SYSTEM "paula_mark.dtd">
<paula version="1.0">

<header paula_id="GUM.GUM_news_ie9_tok"/>

<markList xmlns:xlink="http://www.w3.org/1999/xlink" type="tok" xml:base="GUM.GUM_news_ie9.text.xml">
<mark id="tok_1" xlink:href="#xpointer(string-range(//body,'',1,9))"/><!-- Microsoft -->
<mark id="tok_2" xlink:href="#xpointer(string-range(//body,'',11,5))"/><!-- waits -->
<mark id="tok_3" xlink:href="#xpointer(string-range(//body,'',17,3))"/><!-- for -->
<mark id="tok_4" xlink:href="#xpointer(string-range(//body,'',21,5))"/><!-- death -->
<mark id="tok_5" xlink:href="#xpointer(string-range(//body,'',27,2))"/><!-- of -->
<mark id="tok_6" xlink:href="#xpointer(string-range(//body,'',30,8))"/><!-- Internet -->
<mark id="tok_7" xlink:href="#xpointer(string-range(//body,'',39,8))"/><!-- Explorer -->
<mark id="tok_8" xlink:href="#xpointer(string-range(//body,'',48,1))"/><!-- 6 -->
<mark id="tok_9" xlink:href="#xpointer(string-range(//body,'',50,7))"/><!-- Tuesday -->
<mark id="tok_10" xlink:href="#xpointer(string-range(//body,'',58,1))"/><!-- , -->
<mark id="tok_11" xlink:href="#xpointer(string-range(//body,'',60,5))"/><!-- March -->
<mark id="tok_12" xlink:href="#xpointer(string-range(//body,'',66,1))"/><!-- 8 -->
<mark id="tok_13" xlink:href="#xpointer(string-range(//body,'',68,1))"/><!-- , -->
<mark id="tok_14" xlink:href="#xpointer(string-range(//body,'',70,4))"/><!-- 2011 -->
<mark id="tok_15" xlink:href="#xpointer(string-range(//body,'',75,4))"/><!-- With -->
<mark id="tok_16" xlink:href="#xpointer(string-range(//body,'',80,11))"/><!-- development -->
<mark id="tok_17" xlink:href="#xpointer(string-range(//body,'',92,2))"/><!-- of -->
<mark id="tok_18" xlink:href="#xpointer(string-range(//body,'',95,9))"/><!-- Microsoft -->
<mark id="tok_19" xlink:href="#xpointer(string-range(//body,'',105,2))"/><!-- &apos;s -->
<mark id="tok_20" xlink:href="#xpointer(string-range(//body,'',108,8))"/><!-- Internet -->
<mark id="tok_21" xlink:href="#xpointer(string-range(//body,'',117,8))"/><!-- Explorer -->
<mark id="tok_22" xlink:href="#xpointer(string-range(//body,'',126,1))"/><!-- 9 -->
<mark id="tok_23" xlink:href="#xpointer(string-range(//body,'',128,1))"/><!-- ( -->
<mark id="tok_24" xlink:href="#xpointer(string-range(//body,'',130,3))"/><!-- IE9 -->
<mark id="tok_25" xlink:href="#xpointer(string-range(//body,'',134,1))"/><!-- ) -->
<mark id="tok_26" xlink:href="#xpointer(string-range(//body,'',136,7))"/><!-- browser -->
<mark id="tok_27" xlink:href="#xpointer(string-range(//body,'',144,6))"/><!-- almost -->
<mark id="tok_28" xlink:href="#xpointer(string-range(//body,'',151,8))"/><!-- complete -->
<mark id="tok_29" xlink:href="#xpointer(string-range(//body,'',160,1))"/><!-- , -->
<mark id="tok_30" xlink:href="#xpointer(string-range(//body,'',162,9))"/><!-- Microsoft -->
<mark id="tok_31" xlink:href="#xpointer(string-range(//body,'',172,9))"/><!-- announced -->
<mark id="tok_32" xlink:href="#xpointer(string-range(//body,'',182,2))"/><!-- on -->
<mark id="tok_33" xlink:href="#xpointer(string-range(//body,'',185,6))"/><!-- Friday -->
<mark id="tok_34" xlink:href="#xpointer(string-range(//body,'',192,4))"/><!-- that -->
<mark id="tok_35" xlink:href="#xpointer(string-range(//body,'',197,2))"/><!-- it -->
<mark id="tok_36" xlink:href="#xpointer(string-range(//body,'',200,2))"/><!-- is -->
<mark id="tok_37" xlink:href="#xpointer(string-range(//body,'',203,4))"/><!-- time -->
<mark id="tok_38" xlink:href="#xpointer(string-range(//body,'',208,3))"/><!-- for -->
<mark id="tok_39" xlink:href="#xpointer(string-range(//body,'',212,3))"/><!-- IE6 -->
<mark id="tok_40" xlink:href="#xpointer(string-range(//body,'',216,5))"/><!-- users -->
<mark id="tok_41" xlink:href="#xpointer(string-range(//body,'',222,2))"/><!-- to -->
<mark id="tok_42" xlink:href="#xpointer(string-range(//body,'',225,4))"/><!-- move -->
<mark id="tok_43" xlink:href="#xpointer(string-range(//body,'',230,4))"/><!-- away -->
<mark id="tok_44" xlink:href="#xpointer(string-range(//body,'',235,4))"/><!-- from -->
<mark id="tok_45" xlink:href="#xpointer(string-range(//body,'',240,3))"/><!-- the -->
<mark id="tok_46" xlink:href="#xpointer(string-range(//body,'',244,10))"/><!-- antiquated -->
<mark id="tok_47" xlink:href="#xpointer(string-range(//body,'',255,11))"/><!-- 10-year-old -->
<mark id="tok_48" xlink:href="#xpointer(string-range(//body,'',267,7))"/><!-- browser -->
<mark id="tok_49" xlink:href="#xpointer(string-range(//body,'',275,1))"/><!-- . -->
<mark id="tok_50" xlink:href="#xpointer(string-range(//body,'',277,9))"/><!-- Microsoft -->
<mark id="tok_51" xlink:href="#xpointer(string-range(//body,'',287,3))"/><!-- has -->
<mark id="tok_52" xlink:href="#xpointer(string-range(//body,'',291,8))"/><!-- replaced -->
<mark id="tok_53" xlink:href="#xpointer(string-range(//body,'',300,2))"/><!-- it -->
<mark id="tok_54" xlink:href="#xpointer(string-range(//body,'',303,4))"/><!-- with -->
<mark id="tok_55" xlink:href="#xpointer(string-range(//body,'',308,5))"/><!-- three -->
<mark id="tok_56" xlink:href="#xpointer(string-range(//body,'',314,5))"/><!-- newer -->
<mark id="tok_57" xlink:href="#xpointer(string-range(//body,'',320,8))"/><!-- versions -->
<mark id="tok_58" xlink:href="#xpointer(string-range(//body,'',329,1))"/><!-- . -->
<mark id="tok_59" xlink:href="#xpointer(string-range(//body,'',331,2))"/><!-- On -->
<mark id="tok_60" xlink:href="#xpointer(string-range(//body,'',334,1))"/><!-- a -->
<mark id="tok_61" xlink:href="#xpointer(string-range(//body,'',336,3))"/><!-- new -->
<mark id="tok_62" xlink:href="#xpointer(string-range(//body,'',340,7))"/><!-- website -->
<mark id="tok_63" xlink:href="#xpointer(string-range(//body,'',348,1))"/><!-- , -->
<mark id="tok_64" xlink:href="#xpointer(string-range(//body,'',350,1))"/><!-- &quot; -->
<mark id="tok_65" xlink:href="#xpointer(string-range(//body,'',352,3))"/><!-- The -->
<mark id="tok_66" xlink:href="#xpointer(string-range(//body,'',356,8))"/><!-- Internet -->
<mark id="tok_67" xlink:href="#xpointer(string-range(//body,'',365,8))"/><!-- Explorer -->
<mark id="tok_68" xlink:href="#xpointer(string-range(//body,'',374,1))"/><!-- 6 -->
<mark id="tok_69" xlink:href="#xpointer(string-range(//body,'',376,9))"/><!-- Countdown -->
<mark id="tok_70" xlink:href="#xpointer(string-range(//body,'',386,1))"/><!-- &quot; -->
<mark id="tok_71" xlink:href="#xpointer(string-range(//body,'',388,1))"/><!-- , -->
<mark id="tok_72" xlink:href="#xpointer(string-range(//body,'',390,9))"/><!-- Microsoft -->
<mark id="tok_73" xlink:href="#xpointer(string-range(//body,'',400,3))"/><!-- has -->
<mark id="tok_74" xlink:href="#xpointer(string-range(//body,'',404,8))"/><!-- launched -->
<mark id="tok_75" xlink:href="#xpointer(string-range(//body,'',413,2))"/><!-- an -->
<mark id="tok_76" xlink:href="#xpointer(string-range(//body,'',416,10))"/><!-- aggressive -->
<mark id="tok_77" xlink:href="#xpointer(string-range(//body,'',427,8))"/><!-- campaign -->
<mark id="tok_78" xlink:href="#xpointer(string-range(//body,'',436,2))"/><!-- to -->
<mark id="tok_79" xlink:href="#xpointer(string-range(//body,'',439,8))"/><!-- persuade -->
<mark id="tok_80" xlink:href="#xpointer(string-range(//body,'',448,5))"/><!-- users -->
<mark id="tok_81" xlink:href="#xpointer(string-range(//body,'',454,2))"/><!-- to -->
<mark id="tok_82" xlink:href="#xpointer(string-range(//body,'',457,4))"/><!-- stop -->
<mark id="tok_83" xlink:href="#xpointer(string-range(//body,'',462,5))"/><!-- using -->
<mark id="tok_84" xlink:href="#xpointer(string-range(//body,'',468,3))"/><!-- IE6 -->
<mark id="tok_85" xlink:href="#xpointer(string-range(//body,'',472,3))"/><!-- and -->
<mark id="tok_86" xlink:href="#xpointer(string-range(//body,'',476,6))"/><!-- update -->
<mark id="tok_87" xlink:href="#xpointer(string-range(//body,'',483,2))"/><!-- to -->
<mark id="tok_88" xlink:href="#xpointer(string-range(//body,'',486,1))"/><!-- a -->
<mark id="tok_89" xlink:href="#xpointer(string-range(//body,'',488,5))"/><!-- newer -->
<mark id="tok_90" xlink:href="#xpointer(string-range(//body,'',494,2))"/><!-- IE -->
<mark id="tok_91" xlink:href="#xpointer(string-range(//body,'',497,1))"/><!-- . -->
<mark id="tok_92" xlink:href="#xpointer(string-range(//body,'',499,3))"/><!-- Its -->
<mark id="tok_93" xlink:href="#xpointer(string-range(//body,'',503,4))"/><!-- goal -->
<mark id="tok_94" xlink:href="#xpointer(string-range(//body,'',508,2))"/><!-- is -->
<mark id="tok_95" xlink:href="#xpointer(string-range(//body,'',511,2))"/><!-- to -->
<mark id="tok_96" xlink:href="#xpointer(string-range(//body,'',514,8))"/><!-- decrease -->
<mark id="tok_97" xlink:href="#xpointer(string-range(//body,'',523,3))"/><!-- IE6 -->
<mark id="tok_98" xlink:href="#xpointer(string-range(//body,'',527,5))"/><!-- users -->
<mark id="tok_99" xlink:href="#xpointer(string-range(//body,'',533,2))"/><!-- to -->
<mark id="tok_100" xlink:href="#xpointer(string-range(//body,'',536,4))"/><!-- less -->
<mark id="tok_101" xlink:href="#xpointer(string-range(//body,'',541,4))"/><!-- than -->
<mark id="tok_102" xlink:href="#xpointer(string-range(//body,'',546,3))"/><!-- one -->
<mark id="tok_103" xlink:href="#xpointer(string-range(//body,'',550,7))"/><!-- percent -->
<mark id="tok_104" xlink:href="#xpointer(string-range(//body,'',558,1))"/><!-- . -->
<mark id="tok_105" xlink:href="#xpointer(string-range(//body,'',560,1))"/><!-- &quot; -->
<mark id="tok_106" xlink:href="#xpointer(string-range(//body,'',562,1))"/><!-- [ -->
<mark id="tok_107" xlink:href="#xpointer(string-range(//body,'',564,3))"/><!-- Ten -->
<mark id="tok_108" xlink:href="#xpointer(string-range(//body,'',568,1))"/><!-- ] -->
<mark id="tok_109" xlink:href="#xpointer(string-range(//body,'',570,5))"/><!-- years -->
<mark id="tok_110" xlink:href="#xpointer(string-range(//body,'',576,3))"/><!-- ago -->
<mark id="tok_111" xlink:href="#xpointer(string-range(//body,'',580,1))"/><!-- , -->
<mark id="tok_112" xlink:href="#xpointer(string-range(//body,'',582,1))"/><!-- a -->
<mark id="tok_113" xlink:href="#xpointer(string-range(//body,'',584,7))"/><!-- browser -->
<mark id="tok_114" xlink:href="#xpointer(string-range(//body,'',592,3))"/><!-- was -->
<mark id="tok_115" xlink:href="#xpointer(string-range(//body,'',596,4))"/><!-- born -->
<mark id="tok_116" xlink:href="#xpointer(string-range(//body,'',601,1))"/><!-- . -->
<mark id="tok_117" xlink:href="#xpointer(string-range(//body,'',603,3))"/><!-- Its -->
<mark id="tok_118" xlink:href="#xpointer(string-range(//body,'',607,4))"/><!-- name -->
<mark id="tok_119" xlink:href="#xpointer(string-range(//body,'',612,3))"/><!-- was -->
<mark id="tok_120" xlink:href="#xpointer(string-range(//body,'',616,8))"/><!-- Internet -->
<mark id="tok_121" xlink:href="#xpointer(string-range(//body,'',625,8))"/><!-- Explorer -->
<mark id="tok_122" xlink:href="#xpointer(string-range(//body,'',634,1))"/><!-- 6 -->
<mark id="tok_123" xlink:href="#xpointer(string-range(//body,'',636,1))"/><!-- . -->
<mark id="tok_124" xlink:href="#xpointer(string-range(//body,'',638,3))"/><!-- Now -->
<mark id="tok_125" xlink:href="#xpointer(string-range(//body,'',642,4))"/><!-- that -->
<mark id="tok_126" xlink:href="#xpointer(string-range(//body,'',647,2))"/><!-- we -->
<mark id="tok_127" xlink:href="#xpointer(string-range(//body,'',650,3))"/><!-- ’re -->
<mark id="tok_128" xlink:href="#xpointer(string-range(//body,'',654,2))"/><!-- in -->
<mark id="tok_129" xlink:href="#xpointer(string-range(//body,'',657,4))"/><!-- 2011 -->
<mark id="tok_130" xlink:href="#xpointer(string-range(//body,'',662,1))"/><!-- , -->
<mark id="tok_131" xlink:href="#xpointer(string-range(//body,'',664,2))"/><!-- in -->
<mark id="tok_132" xlink:href="#xpointer(string-range(//body,'',667,2))"/><!-- an -->
<mark id="tok_133" xlink:href="#xpointer(string-range(//body,'',670,3))"/><!-- era -->
<mark id="tok_134" xlink:href="#xpointer(string-range(//body,'',674,2))"/><!-- of -->
<mark id="tok_135" xlink:href="#xpointer(string-range(//body,'',677,6))"/><!-- modern -->
<mark id="tok_136" xlink:href="#xpointer(string-range(//body,'',684,3))"/><!-- web -->
<mark id="tok_137" xlink:href="#xpointer(string-range(//body,'',688,9))"/><!-- standards -->
<mark id="tok_138" xlink:href="#xpointer(string-range(//body,'',698,1))"/><!-- , -->
<mark id="tok_139" xlink:href="#xpointer(string-range(//body,'',700,2))"/><!-- it -->
<mark id="tok_140" xlink:href="#xpointer(string-range(//body,'',703,2))"/><!-- ’s -->
<mark id="tok_141" xlink:href="#xpointer(string-range(//body,'',706,4))"/><!-- time -->
<mark id="tok_142" xlink:href="#xpointer(string-range(//body,'',711,2))"/><!-- to -->
<mark id="tok_143" xlink:href="#xpointer(string-range(//body,'',714,3))"/><!-- say -->
<mark id="tok_144" xlink:href="#xpointer(string-range(//body,'',718,7))"/><!-- goodbye -->
<mark id="tok_145" xlink:href="#xpointer(string-range(//body,'',726,1))"/><!-- , -->
<mark id="tok_146" xlink:href="#xpointer(string-range(//body,'',728,1))"/><!-- &quot; -->
<mark id="tok_147" xlink:href="#xpointer(string-range(//body,'',730,9))"/><!-- Microsoft -->
<mark id="tok_148" xlink:href="#xpointer(string-range(//body,'',740,4))"/><!-- says -->
<mark id="tok_149" xlink:href="#xpointer(string-range(//body,'',745,2))"/><!-- on -->
<mark id="tok_150" xlink:href="#xpointer(string-range(//body,'',748,1))"/><!-- &quot; -->
<mark id="tok_151" xlink:href="#xpointer(string-range(//body,'',750,3))"/><!-- The -->
<mark id="tok_152" xlink:href="#xpointer(string-range(//body,'',754,8))"/><!-- Internet -->
<mark id="tok_153" xlink:href="#xpointer(string-range(//body,'',763,8))"/><!-- Explorer -->
<mark id="tok_154" xlink:href="#xpointer(string-range(//body,'',772,1))"/><!-- 6 -->
<mark id="tok_155" xlink:href="#xpointer(string-range(//body,'',774,9))"/><!-- Countdown -->
<mark id="tok_156" xlink:href="#xpointer(string-range(//body,'',784,1))"/><!-- &quot; -->
<mark id="tok_157" xlink:href="#xpointer(string-range(//body,'',786,1))"/><!-- . -->
<mark id="tok_158" xlink:href="#xpointer(string-range(//body,'',788,8))"/><!-- Internet -->
<mark id="tok_159" xlink:href="#xpointer(string-range(//body,'',797,8))"/><!-- Explorer -->
<mark id="tok_160" xlink:href="#xpointer(string-range(//body,'',806,2))"/><!-- &apos;s -->
<mark id="tok_161" xlink:href="#xpointer(string-range(//body,'',809,6))"/><!-- market -->
<mark id="tok_162" xlink:href="#xpointer(string-range(//body,'',816,5))"/><!-- share -->
<mark id="tok_163" xlink:href="#xpointer(string-range(//body,'',822,2))"/><!-- is -->
<mark id="tok_164" xlink:href="#xpointer(string-range(//body,'',825,8))"/><!-- slipping -->
<mark id="tok_165" xlink:href="#xpointer(string-range(//body,'',834,1))"/><!-- . -->
<mark id="tok_166" xlink:href="#xpointer(string-range(//body,'',836,2))"/><!-- IE -->
<mark id="tok_167" xlink:href="#xpointer(string-range(//body,'',839,2))"/><!-- &apos;s -->
<mark id="tok_168" xlink:href="#xpointer(string-range(//body,'',842,7))"/><!-- various -->
<mark id="tok_169" xlink:href="#xpointer(string-range(//body,'',850,8))"/><!-- versions -->
<mark id="tok_170" xlink:href="#xpointer(string-range(//body,'',859,9))"/><!-- accounted -->
<mark id="tok_171" xlink:href="#xpointer(string-range(//body,'',869,3))"/><!-- for -->
<mark id="tok_172" xlink:href="#xpointer(string-range(//body,'',873,2))"/><!-- 70 -->
<mark id="tok_173" xlink:href="#xpointer(string-range(//body,'',876,7))"/><!-- percent -->
<mark id="tok_174" xlink:href="#xpointer(string-range(//body,'',884,2))"/><!-- of -->
<mark id="tok_175" xlink:href="#xpointer(string-range(//body,'',887,3))"/><!-- the -->
<mark id="tok_176" xlink:href="#xpointer(string-range(//body,'',891,6))"/><!-- market -->
<mark id="tok_177" xlink:href="#xpointer(string-range(//body,'',898,2))"/><!-- in -->
<mark id="tok_178" xlink:href="#xpointer(string-range(//body,'',901,4))"/><!-- 2009 -->
<mark id="tok_179" xlink:href="#xpointer(string-range(//body,'',906,1))"/><!-- ; -->
<mark id="tok_180" xlink:href="#xpointer(string-range(//body,'',908,4))"/><!-- this -->
<mark id="tok_181" xlink:href="#xpointer(string-range(//body,'',913,3))"/><!-- has -->
<mark id="tok_182" xlink:href="#xpointer(string-range(//body,'',917,7))"/><!-- dropped -->
<mark id="tok_183" xlink:href="#xpointer(string-range(//body,'',925,2))"/><!-- to -->
<mark id="tok_184" xlink:href="#xpointer(string-range(//body,'',928,13))"/><!-- approximately -->
<mark id="tok_185" xlink:href="#xpointer(string-range(//body,'',942,2))"/><!-- 56 -->
<mark id="tok_186" xlink:href="#xpointer(string-range(//body,'',945,7))"/><!-- percent -->
<mark id="tok_187" xlink:href="#xpointer(string-range(//body,'',953,5))"/><!-- today -->
<mark id="tok_188" xlink:href="#xpointer(string-range(//body,'',959,1))"/><!-- . -->
<mark id="tok_189" xlink:href="#xpointer(string-range(//body,'',961,7))"/><!-- Mozilla -->
<mark id="tok_190" xlink:href="#xpointer(string-range(//body,'',969,7))"/><!-- Firefox -->
<mark id="tok_191" xlink:href="#xpointer(string-range(//body,'',977,1))"/><!-- , -->
<mark id="tok_192" xlink:href="#xpointer(string-range(//body,'',979,3))"/><!-- its -->
<mark id="tok_193" xlink:href="#xpointer(string-range(//body,'',983,4))"/><!-- main -->
<mark id="tok_194" xlink:href="#xpointer(string-range(//body,'',988,5))"/><!-- rival -->
<mark id="tok_195" xlink:href="#xpointer(string-range(//body,'',994,1))"/><!-- , -->
<mark id="tok_196" xlink:href="#xpointer(string-range(//body,'',996,3))"/><!-- has -->
<mark id="tok_197" xlink:href="#xpointer(string-range(//body,'',1000,4))"/><!-- been -->
<mark id="tok_198" xlink:href="#xpointer(string-range(//body,'',1005,8))"/><!-- actively -->
<mark id="tok_199" xlink:href="#xpointer(string-range(//body,'',1014,10))"/><!-- increasing -->
<mark id="tok_200" xlink:href="#xpointer(string-range(//body,'',1025,3))"/><!-- its -->
<mark id="tok_201" xlink:href="#xpointer(string-range(//body,'',1029,6))"/><!-- market -->
<mark id="tok_202" xlink:href="#xpointer(string-range(//body,'',1036,5))"/><!-- share -->
<mark id="tok_203" xlink:href="#xpointer(string-range(//body,'',1042,5))"/><!-- while -->
<mark id="tok_204" xlink:href="#xpointer(string-range(//body,'',1048,3))"/><!-- the -->
<mark id="tok_205" xlink:href="#xpointer(string-range(//body,'',1052,8))"/><!-- recently -->
<mark id="tok_206" xlink:href="#xpointer(string-range(//body,'',1061,8))"/><!-- released -->
<mark id="tok_207" xlink:href="#xpointer(string-range(//body,'',1070,6))"/><!-- Google -->
<mark id="tok_208" xlink:href="#xpointer(string-range(//body,'',1077,6))"/><!-- Chrome -->
<mark id="tok_209" xlink:href="#xpointer(string-range(//body,'',1084,2))"/><!-- is -->
<mark id="tok_210" xlink:href="#xpointer(string-range(//body,'',1087,4))"/><!-- also -->
<mark id="tok_211" xlink:href="#xpointer(string-range(//body,'',1092,7))"/><!-- quickly -->
<mark id="tok_212" xlink:href="#xpointer(string-range(//body,'',1100,7))"/><!-- gaining -->
<mark id="tok_213" xlink:href="#xpointer(string-range(//body,'',1108,5))"/><!-- users -->
<mark id="tok_214" xlink:href="#xpointer(string-range(//body,'',1114,1))"/><!-- . -->
<mark id="tok_215" xlink:href="#xpointer(string-range(//body,'',1116,2))"/><!-- PC -->
<mark id="tok_216" xlink:href="#xpointer(string-range(//body,'',1119,5))"/><!-- World -->
<mark id="tok_217" xlink:href="#xpointer(string-range(//body,'',1125,2))"/><!-- &apos;s -->
<mark id="tok_218" xlink:href="#xpointer(string-range(//body,'',1128,6))"/><!-- recent -->
<mark id="tok_219" xlink:href="#xpointer(string-range(//body,'',1135,8))"/><!-- analysis -->
<mark id="tok_220" xlink:href="#xpointer(string-range(//body,'',1144,2))"/><!-- of -->
<mark id="tok_221" xlink:href="#xpointer(string-range(//body,'',1147,3))"/><!-- its -->
<mark id="tok_222" xlink:href="#xpointer(string-range(//body,'',1151,3))"/><!-- own -->
<mark id="tok_223" xlink:href="#xpointer(string-range(//body,'',1155,3))"/><!-- web -->
<mark id="tok_224" xlink:href="#xpointer(string-range(//body,'',1159,7))"/><!-- traffic -->
<mark id="tok_225" xlink:href="#xpointer(string-range(//body,'',1167,10))"/><!-- statistics -->
<mark id="tok_226" xlink:href="#xpointer(string-range(//body,'',1178,9))"/><!-- concluded -->
<mark id="tok_227" xlink:href="#xpointer(string-range(//body,'',1188,1))"/><!-- , -->
<mark id="tok_228" xlink:href="#xpointer(string-range(//body,'',1190,1))"/><!-- &quot; -->
<mark id="tok_229" xlink:href="#xpointer(string-range(//body,'',1192,7))"/><!-- Usually -->
<mark id="tok_230" xlink:href="#xpointer(string-range(//body,'',1200,1))"/><!-- , -->
<mark id="tok_231" xlink:href="#xpointer(string-range(//body,'',1202,8))"/><!-- Internet -->
<mark id="tok_232" xlink:href="#xpointer(string-range(//body,'',1211,8))"/><!-- Explorer -->
<mark id="tok_233" xlink:href="#xpointer(string-range(//body,'',1220,2))"/><!-- is -->
<mark id="tok_234" xlink:href="#xpointer(string-range(//body,'',1223,3))"/><!-- the -->
<mark id="tok_235" xlink:href="#xpointer(string-range(//body,'',1227,1))"/><!-- # -->
<mark id="tok_236" xlink:href="#xpointer(string-range(//body,'',1229,1))"/><!-- 2 -->
<mark id="tok_237" xlink:href="#xpointer(string-range(//body,'',1231,7))"/><!-- browser -->
<mark id="tok_238" xlink:href="#xpointer(string-range(//body,'',1239,5))"/><!-- after -->
<mark id="tok_239" xlink:href="#xpointer(string-range(//body,'',1245,7))"/><!-- Firefox -->
<mark id="tok_240" xlink:href="#xpointer(string-range(//body,'',1253,1))"/><!-- , -->
<mark id="tok_241" xlink:href="#xpointer(string-range(//body,'',1255,3))"/><!-- but -->
<mark id="tok_242" xlink:href="#xpointer(string-range(//body,'',1259,4))"/><!-- over -->
<mark id="tok_243" xlink:href="#xpointer(string-range(//body,'',1264,3))"/><!-- the -->
<mark id="tok_244" xlink:href="#xpointer(string-range(//body,'',1268,4))"/><!-- past -->
<mark id="tok_245" xlink:href="#xpointer(string-range(//body,'',1273,2))"/><!-- 30 -->
<mark id="tok_246" xlink:href="#xpointer(string-range(//body,'',1276,4))"/><!-- days -->
<mark id="tok_247" xlink:href="#xpointer(string-range(//body,'',1281,2))"/><!-- it -->
<mark id="tok_248" xlink:href="#xpointer(string-range(//body,'',1284,1))"/><!-- s -->
<mark id="tok_249" xlink:href="#xpointer(string-range(//body,'',1286,4))"/><!-- been -->
<mark id="tok_250" xlink:href="#xpointer(string-range(//body,'',1291,1))"/><!-- # -->
<mark id="tok_251" xlink:href="#xpointer(string-range(//body,'',1293,1))"/><!-- 3 -->
<mark id="tok_252" xlink:href="#xpointer(string-range(//body,'',1295,1))"/><!-- , -->
<mark id="tok_253" xlink:href="#xpointer(string-range(//body,'',1297,1))"/><!-- a -->
<mark id="tok_254" xlink:href="#xpointer(string-range(//body,'',1299,6))"/><!-- couple -->
<mark id="tok_255" xlink:href="#xpointer(string-range(//body,'',1306,2))"/><!-- of -->
<mark id="tok_256" xlink:href="#xpointer(string-range(//body,'',1309,6))"/><!-- points -->
<mark id="tok_257" xlink:href="#xpointer(string-range(//body,'',1316,6))"/><!-- behind -->
<mark id="tok_258" xlink:href="#xpointer(string-range(//body,'',1323,6))"/><!-- Safari -->
<mark id="tok_259" xlink:href="#xpointer(string-range(//body,'',1330,1))"/><!-- - -->
<mark id="tok_260" xlink:href="#xpointer(string-range(//body,'',1332,3))"/><!-- and -->
<mark id="tok_261" xlink:href="#xpointer(string-range(//body,'',1336,6))"/><!-- nearly -->
<mark id="tok_262" xlink:href="#xpointer(string-range(//body,'',1343,4))"/><!-- tied -->
<mark id="tok_263" xlink:href="#xpointer(string-range(//body,'',1348,4))"/><!-- with -->
<mark id="tok_264" xlink:href="#xpointer(string-range(//body,'',1353,6))"/><!-- Chrome -->
<mark id="tok_265" xlink:href="#xpointer(string-range(//body,'',1360,1))"/><!-- . -->
<mark id="tok_266" xlink:href="#xpointer(string-range(//body,'',1362,2))"/><!-- It -->
<mark id="tok_267" xlink:href="#xpointer(string-range(//body,'',1365,5))"/><!-- might -->
<mark id="tok_268" xlink:href="#xpointer(string-range(//body,'',1371,2))"/><!-- be -->
<mark id="tok_269" xlink:href="#xpointer(string-range(//body,'',1374,1))"/><!-- a -->
<mark id="tok_270" xlink:href="#xpointer(string-range(//body,'',1376,11))"/><!-- statistical -->
<mark id="tok_271" xlink:href="#xpointer(string-range(//body,'',1388,4))"/><!-- blip -->
<mark id="tok_272" xlink:href="#xpointer(string-range(//body,'',1393,1))"/><!-- . -->
<mark id="tok_273" xlink:href="#xpointer(string-range(//body,'',1395,3))"/><!-- But -->
<mark id="tok_274" xlink:href="#xpointer(string-range(//body,'',1399,2))"/><!-- if -->
<mark id="tok_275" xlink:href="#xpointer(string-range(//body,'',1402,2))"/><!-- it -->
<mark id="tok_276" xlink:href="#xpointer(string-range(//body,'',1405,2))"/><!-- is -->
<mark id="tok_277" xlink:href="#xpointer(string-range(//body,'',1408,3))"/><!-- n&apos;t -->
<mark id="tok_278" xlink:href="#xpointer(string-range(//body,'',1412,1))"/><!-- , -->
<mark id="tok_279" xlink:href="#xpointer(string-range(//body,'',1414,3))"/><!-- and -->
<mark id="tok_280" xlink:href="#xpointer(string-range(//body,'',1418,6))"/><!-- Chrome -->
<mark id="tok_281" xlink:href="#xpointer(string-range(//body,'',1425,9))"/><!-- continues -->
<mark id="tok_282" xlink:href="#xpointer(string-range(//body,'',1435,2))"/><!-- to -->
<mark id="tok_283" xlink:href="#xpointer(string-range(//body,'',1438,5))"/><!-- surge -->
<mark id="tok_284" xlink:href="#xpointer(string-range(//body,'',1444,1))"/><!-- , -->
<mark id="tok_285" xlink:href="#xpointer(string-range(//body,'',1446,2))"/><!-- IE -->
<mark id="tok_286" xlink:href="#xpointer(string-range(//body,'',1449,5))"/><!-- could -->
<mark id="tok_287" xlink:href="#xpointer(string-range(//body,'',1455,4))"/><!-- fall -->
<mark id="tok_288" xlink:href="#xpointer(string-range(//body,'',1460,2))"/><!-- to -->
<mark id="tok_289" xlink:href="#xpointer(string-range(//body,'',1463,6))"/><!-- fourth -->
<mark id="tok_290" xlink:href="#xpointer(string-range(//body,'',1470,5))"/><!-- place -->
<mark id="tok_291" xlink:href="#xpointer(string-range(//body,'',1476,1))"/><!-- . -->
<mark id="tok_292" xlink:href="#xpointer(string-range(//body,'',1478,1))"/><!-- &quot; -->
<mark id="tok_293" xlink:href="#xpointer(string-range(//body,'',1480,3))"/><!-- Web -->
<mark id="tok_294" xlink:href="#xpointer(string-range(//body,'',1484,10))"/><!-- developers -->
<mark id="tok_295" xlink:href="#xpointer(string-range(//body,'',1495,4))"/><!-- face -->
<mark id="tok_296" xlink:href="#xpointer(string-range(//body,'',1500,3))"/><!-- big -->
<mark id="tok_297" xlink:href="#xpointer(string-range(//body,'',1504,8))"/><!-- problems -->
<mark id="tok_298" xlink:href="#xpointer(string-range(//body,'',1513,4))"/><!-- with -->
<mark id="tok_299" xlink:href="#xpointer(string-range(//body,'',1518,3))"/><!-- IE6 -->
<mark id="tok_300" xlink:href="#xpointer(string-range(//body,'',1522,1))"/><!-- . -->
<mark id="tok_301" xlink:href="#xpointer(string-range(//body,'',1524,2))"/><!-- As -->
<mark id="tok_302" xlink:href="#xpointer(string-range(//body,'',1527,4))"/><!-- they -->
<mark id="tok_303" xlink:href="#xpointer(string-range(//body,'',1532,6))"/><!-- design -->
<mark id="tok_304" xlink:href="#xpointer(string-range(//body,'',1539,5))"/><!-- their -->
<mark id="tok_305" xlink:href="#xpointer(string-range(//body,'',1545,3))"/><!-- web -->
<mark id="tok_306" xlink:href="#xpointer(string-range(//body,'',1549,5))"/><!-- pages -->
<mark id="tok_307" xlink:href="#xpointer(string-range(//body,'',1555,3))"/><!-- for -->
<mark id="tok_308" xlink:href="#xpointer(string-range(//body,'',1559,3))"/><!-- the -->
<mark id="tok_309" xlink:href="#xpointer(string-range(//body,'',1563,5))"/><!-- newer -->
<mark id="tok_310" xlink:href="#xpointer(string-range(//body,'',1569,8))"/><!-- browsers -->
<mark id="tok_311" xlink:href="#xpointer(string-range(//body,'',1578,4))"/><!-- with -->
<mark id="tok_312" xlink:href="#xpointer(string-range(//body,'',1583,8))"/><!-- advanced -->
<mark id="tok_313" xlink:href="#xpointer(string-range(//body,'',1592,3))"/><!-- web -->
<mark id="tok_314" xlink:href="#xpointer(string-range(//body,'',1596,10))"/><!-- technology -->
<mark id="tok_315" xlink:href="#xpointer(string-range(//body,'',1607,3))"/><!-- and -->
<mark id="tok_316" xlink:href="#xpointer(string-range(//body,'',1611,6))"/><!-- geared -->
<mark id="tok_317" xlink:href="#xpointer(string-range(//body,'',1618,2))"/><!-- to -->
<mark id="tok_318" xlink:href="#xpointer(string-range(//body,'',1621,3))"/><!-- the -->
<mark id="tok_319" xlink:href="#xpointer(string-range(//body,'',1625,6))"/><!-- newest -->
<mark id="tok_320" xlink:href="#xpointer(string-range(//body,'',1632,3))"/><!-- web -->
<mark id="tok_321" xlink:href="#xpointer(string-range(//body,'',1636,4))"/><!-- core -->
<mark id="tok_322" xlink:href="#xpointer(string-range(//body,'',1641,6))"/><!-- markup -->
<mark id="tok_323" xlink:href="#xpointer(string-range(//body,'',1648,8))"/><!-- language -->
<mark id="tok_324" xlink:href="#xpointer(string-range(//body,'',1657,4))"/><!-- HTML -->
<mark id="tok_325" xlink:href="#xpointer(string-range(//body,'',1662,1))"/><!-- 5 -->
<mark id="tok_326" xlink:href="#xpointer(string-range(//body,'',1664,1))"/><!-- , -->
<mark id="tok_327" xlink:href="#xpointer(string-range(//body,'',1666,4))"/><!-- they -->
<mark id="tok_328" xlink:href="#xpointer(string-range(//body,'',1671,3))"/><!-- are -->
<mark id="tok_329" xlink:href="#xpointer(string-range(//body,'',1675,6))"/><!-- forced -->
<mark id="tok_330" xlink:href="#xpointer(string-range(//body,'',1682,2))"/><!-- to -->
<mark id="tok_331" xlink:href="#xpointer(string-range(//body,'',1685,11))"/><!-- accommodate -->
<mark id="tok_332" xlink:href="#xpointer(string-range(//body,'',1697,5))"/><!-- older -->
<mark id="tok_333" xlink:href="#xpointer(string-range(//body,'',1703,11))"/><!-- out-of-date -->
<mark id="tok_334" xlink:href="#xpointer(string-range(//body,'',1715,10))"/><!-- technology -->
<mark id="tok_335" xlink:href="#xpointer(string-range(//body,'',1726,2))"/><!-- to -->
<mark id="tok_336" xlink:href="#xpointer(string-range(//body,'',1729,7))"/><!-- support -->
<mark id="tok_337" xlink:href="#xpointer(string-range(//body,'',1737,3))"/><!-- IE6 -->
<mark id="tok_338" xlink:href="#xpointer(string-range(//body,'',1741,5))"/><!-- users -->
<mark id="tok_339" xlink:href="#xpointer(string-range(//body,'',1747,1))"/><!-- . -->
<mark id="tok_340" xlink:href="#xpointer(string-range(//body,'',1749,4))"/><!-- Also -->
<mark id="tok_341" xlink:href="#xpointer(string-range(//body,'',1754,1))"/><!-- , -->
<mark id="tok_342" xlink:href="#xpointer(string-range(//body,'',1756,3))"/><!-- not -->
<mark id="tok_343" xlink:href="#xpointer(string-range(//body,'',1760,9))"/><!-- mentioned -->
<mark id="tok_344" xlink:href="#xpointer(string-range(//body,'',1770,2))"/><!-- on -->
<mark id="tok_345" xlink:href="#xpointer(string-range(//body,'',1773,9))"/><!-- Microsoft -->
<mark id="tok_346" xlink:href="#xpointer(string-range(//body,'',1783,2))"/><!-- &apos;s -->
<mark id="tok_347" xlink:href="#xpointer(string-range(//body,'',1786,1))"/><!-- &quot; -->
<mark id="tok_348" xlink:href="#xpointer(string-range(//body,'',1788,3))"/><!-- The -->
<mark id="tok_349" xlink:href="#xpointer(string-range(//body,'',1792,8))"/><!-- Internet -->
<mark id="tok_350" xlink:href="#xpointer(string-range(//body,'',1801,8))"/><!-- Explorer -->
<mark id="tok_351" xlink:href="#xpointer(string-range(//body,'',1810,1))"/><!-- 6 -->
<mark id="tok_352" xlink:href="#xpointer(string-range(//body,'',1812,9))"/><!-- Countdown -->
<mark id="tok_353" xlink:href="#xpointer(string-range(//body,'',1822,1))"/><!-- &quot; -->
<mark id="tok_354" xlink:href="#xpointer(string-range(//body,'',1824,4))"/><!-- site -->
<mark id="tok_355" xlink:href="#xpointer(string-range(//body,'',1829,1))"/><!-- , -->
<mark id="tok_356" xlink:href="#xpointer(string-range(//body,'',1831,3))"/><!-- are -->
<mark id="tok_357" xlink:href="#xpointer(string-range(//body,'',1835,3))"/><!-- the -->
<mark id="tok_358" xlink:href="#xpointer(string-range(//body,'',1839,8))"/><!-- numerous -->
<mark id="tok_359" xlink:href="#xpointer(string-range(//body,'',1848,8))"/><!-- security -->
<mark id="tok_360" xlink:href="#xpointer(string-range(//body,'',1857,15))"/><!-- vulnerabilities -->
<mark id="tok_361" xlink:href="#xpointer(string-range(//body,'',1873,7))"/><!-- putting -->
<mark id="tok_362" xlink:href="#xpointer(string-range(//body,'',1881,3))"/><!-- the -->
<mark id="tok_363" xlink:href="#xpointer(string-range(//body,'',1885,7))"/><!-- browser -->
<mark id="tok_364" xlink:href="#xpointer(string-range(//body,'',1893,2))"/><!-- at -->
<mark id="tok_365" xlink:href="#xpointer(string-range(//body,'',1896,4))"/><!-- risk -->
<mark id="tok_366" xlink:href="#xpointer(string-range(//body,'',1901,2))"/><!-- of -->
<mark id="tok_367" xlink:href="#xpointer(string-range(//body,'',1904,5))"/><!-- being -->
<mark id="tok_368" xlink:href="#xpointer(string-range(//body,'',1910,6))"/><!-- hacked -->
<mark id="tok_369" xlink:href="#xpointer(string-range(//body,'',1917,1))"/><!-- . -->
<mark id="tok_370" xlink:href="#xpointer(string-range(//body,'',1919,3))"/><!-- The -->
<mark id="tok_371" xlink:href="#xpointer(string-range(//body,'',1923,8))"/><!-- Internet -->
<mark id="tok_372" xlink:href="#xpointer(string-range(//body,'',1932,8))"/><!-- security -->
<mark id="tok_373" xlink:href="#xpointer(string-range(//body,'',1941,4))"/><!-- firm -->
<mark id="tok_374" xlink:href="#xpointer(string-range(//body,'',1946,11))"/><!-- Secunia.com -->
<mark id="tok_375" xlink:href="#xpointer(string-range(//body,'',1958,1))"/><!-- , -->
<mark id="tok_376" xlink:href="#xpointer(string-range(//body,'',1960,3))"/><!-- has -->
<mark id="tok_377" xlink:href="#xpointer(string-range(//body,'',1964,4))"/><!-- said -->
<mark id="tok_378" xlink:href="#xpointer(string-range(//body,'',1969,4))"/><!-- that -->
<mark id="tok_379" xlink:href="#xpointer(string-range(//body,'',1974,2))"/><!-- as -->
<mark id="tok_380" xlink:href="#xpointer(string-range(//body,'',1977,2))"/><!-- of -->
<mark id="tok_381" xlink:href="#xpointer(string-range(//body,'',1980,5))"/><!-- March -->
<mark id="tok_382" xlink:href="#xpointer(string-range(//body,'',1986,1))"/><!-- 4 -->
<mark id="tok_383" xlink:href="#xpointer(string-range(//body,'',1988,1))"/><!-- , -->
<mark id="tok_384" xlink:href="#xpointer(string-range(//body,'',1990,4))"/><!-- 2011 -->
<mark id="tok_385" xlink:href="#xpointer(string-range(//body,'',1995,1))"/><!-- , -->
<mark id="tok_386" xlink:href="#xpointer(string-range(//body,'',1997,3))"/><!-- IE6 -->
<mark id="tok_387" xlink:href="#xpointer(string-range(//body,'',2001,3))"/><!-- has -->
<mark id="tok_388" xlink:href="#xpointer(string-range(//body,'',2005,3))"/><!-- 277 -->
<mark id="tok_389" xlink:href="#xpointer(string-range(//body,'',2009,15))"/><!-- vulnerabilities -->
<mark id="tok_390" xlink:href="#xpointer(string-range(//body,'',2025,1))"/><!-- ; -->
<mark id="tok_391" xlink:href="#xpointer(string-range(//body,'',2027,2))"/><!-- 39 -->
<mark id="tok_392" xlink:href="#xpointer(string-range(//body,'',2030,7))"/><!-- percent -->
<mark id="tok_393" xlink:href="#xpointer(string-range(//body,'',2038,2))"/><!-- of -->
<mark id="tok_394" xlink:href="#xpointer(string-range(//body,'',2041,5))"/><!-- these -->
<mark id="tok_395" xlink:href="#xpointer(string-range(//body,'',2047,3))"/><!-- are -->
<mark id="tok_396" xlink:href="#xpointer(string-range(//body,'',2051,5))"/><!-- rated -->
<mark id="tok_397" xlink:href="#xpointer(string-range(//body,'',2057,1))"/><!-- &quot; -->
<mark id="tok_398" xlink:href="#xpointer(string-range(//body,'',2059,6))"/><!-- highly -->
<mark id="tok_399" xlink:href="#xpointer(string-range(//body,'',2066,8))"/><!-- critical -->
<mark id="tok_400" xlink:href="#xpointer(string-range(//body,'',2075,1))"/><!-- &quot; -->
<mark id="tok_401" xlink:href="#xpointer(string-range(//body,'',2077,1))"/><!-- . -->
<mark id="tok_402" xlink:href="#xpointer(string-range(//body,'',2079,9))"/><!-- Microsoft -->
<mark id="tok_403" xlink:href="#xpointer(string-range(//body,'',2089,4))"/><!-- says -->
<mark id="tok_404" xlink:href="#xpointer(string-range(//body,'',2094,4))"/><!-- that -->
<mark id="tok_405" xlink:href="#xpointer(string-range(//body,'',2099,3))"/><!-- the -->
<mark id="tok_406" xlink:href="#xpointer(string-range(//body,'',2103,6))"/><!-- latest -->
<mark id="tok_407" xlink:href="#xpointer(string-range(//body,'',2110,8))"/><!-- versions -->
<mark id="tok_408" xlink:href="#xpointer(string-range(//body,'',2119,2))"/><!-- of -->
<mark id="tok_409" xlink:href="#xpointer(string-range(//body,'',2122,8))"/><!-- Internet -->
<mark id="tok_410" xlink:href="#xpointer(string-range(//body,'',2131,8))"/><!-- Explorer -->
<mark id="tok_411" xlink:href="#xpointer(string-range(//body,'',2140,7))"/><!-- provide -->
<mark id="tok_412" xlink:href="#xpointer(string-range(//body,'',2148,3))"/><!-- the -->
<mark id="tok_413" xlink:href="#xpointer(string-range(//body,'',2152,4))"/><!-- user -->
<mark id="tok_414" xlink:href="#xpointer(string-range(//body,'',2157,4))"/><!-- with -->
<mark id="tok_415" xlink:href="#xpointer(string-range(//body,'',2162,8))"/><!-- enhanced -->
<mark id="tok_416" xlink:href="#xpointer(string-range(//body,'',2171,10))"/><!-- protection -->
<mark id="tok_417" xlink:href="#xpointer(string-range(//body,'',2182,4))"/><!-- from -->
<mark id="tok_418" xlink:href="#xpointer(string-range(//body,'',2187,5))"/><!-- these -->
<mark id="tok_419" xlink:href="#xpointer(string-range(//body,'',2193,7))"/><!-- attacks -->
<mark id="tok_420" xlink:href="#xpointer(string-range(//body,'',2201,3))"/><!-- and -->
<mark id="tok_421" xlink:href="#xpointer(string-range(//body,'',2205,7))"/><!-- threats -->
<mark id="tok_422" xlink:href="#xpointer(string-range(//body,'',2213,1))"/><!-- . -->
<mark id="tok_423" xlink:href="#xpointer(string-range(//body,'',2215,9))"/><!-- Microsoft -->
<mark id="tok_424" xlink:href="#xpointer(string-range(//body,'',2225,2))"/><!-- &apos;s -->
<mark id="tok_425" xlink:href="#xpointer(string-range(//body,'',2228,8))"/><!-- Internet -->
<mark id="tok_426" xlink:href="#xpointer(string-range(//body,'',2237,8))"/><!-- Explorer -->
<mark id="tok_427" xlink:href="#xpointer(string-range(//body,'',2246,1))"/><!-- 6 -->
<mark id="tok_428" xlink:href="#xpointer(string-range(//body,'',2248,2))"/><!-- is -->
<mark id="tok_429" xlink:href="#xpointer(string-range(//body,'',2251,3))"/><!-- one -->
<mark id="tok_430" xlink:href="#xpointer(string-range(//body,'',2255,2))"/><!-- of -->
<mark id="tok_431" xlink:href="#xpointer(string-range(//body,'',2258,3))"/><!-- the -->
<mark id="tok_432" xlink:href="#xpointer(string-range(//body,'',2262,4))"/><!-- most -->
<mark id="tok_433" xlink:href="#xpointer(string-range(//body,'',2267,10))"/><!-- successful -->
<mark id="tok_434" xlink:href="#xpointer(string-range(//body,'',2278,8))"/><!-- software -->
<mark id="tok_435" xlink:href="#xpointer(string-range(//body,'',2287,8))"/><!-- products -->
<mark id="tok_436" xlink:href="#xpointer(string-range(//body,'',2296,4))"/><!-- ever -->
<mark id="tok_437" xlink:href="#xpointer(string-range(//body,'',2301,2))"/><!-- as -->
<mark id="tok_438" xlink:href="#xpointer(string-range(//body,'',2304,8))"/><!-- measured -->
<mark id="tok_439" xlink:href="#xpointer(string-range(//body,'',2313,2))"/><!-- by -->
<mark id="tok_440" xlink:href="#xpointer(string-range(//body,'',2316,3))"/><!-- its -->
<mark id="tok_441" xlink:href="#xpointer(string-range(//body,'',2320,10))"/><!-- durability -->
<mark id="tok_442" xlink:href="#xpointer(string-range(//body,'',2331,3))"/><!-- and -->
<mark id="tok_443" xlink:href="#xpointer(string-range(//body,'',2335,3))"/><!-- the -->
<mark id="tok_444" xlink:href="#xpointer(string-range(//body,'',2339,7))"/><!-- massive -->
<mark id="tok_445" xlink:href="#xpointer(string-range(//body,'',2347,7))"/><!-- numbers -->
<mark id="tok_446" xlink:href="#xpointer(string-range(//body,'',2355,2))"/><!-- of -->
<mark id="tok_447" xlink:href="#xpointer(string-range(//body,'',2358,6))"/><!-- people -->
<mark id="tok_448" xlink:href="#xpointer(string-range(//body,'',2365,3))"/><!-- who -->
<mark id="tok_449" xlink:href="#xpointer(string-range(//body,'',2369,4))"/><!-- have -->
<mark id="tok_450" xlink:href="#xpointer(string-range(//body,'',2374,4))"/><!-- used -->
<mark id="tok_451" xlink:href="#xpointer(string-range(//body,'',2379,2))"/><!-- it -->
<mark id="tok_452" xlink:href="#xpointer(string-range(//body,'',2382,1))"/><!-- . -->
<mark id="tok_453" xlink:href="#xpointer(string-range(//body,'',2384,3))"/><!-- IE6 -->
<mark id="tok_454" xlink:href="#xpointer(string-range(//body,'',2388,7))"/><!-- shipped -->
<mark id="tok_455" xlink:href="#xpointer(string-range(//body,'',2396,4))"/><!-- with -->
<mark id="tok_456" xlink:href="#xpointer(string-range(//body,'',2401,7))"/><!-- Windows -->
<mark id="tok_457" xlink:href="#xpointer(string-range(//body,'',2409,2))"/><!-- XP -->
<mark id="tok_458" xlink:href="#xpointer(string-range(//body,'',2412,1))"/><!-- , -->
<mark id="tok_459" xlink:href="#xpointer(string-range(//body,'',2414,6))"/><!-- nearly -->
<mark id="tok_460" xlink:href="#xpointer(string-range(//body,'',2421,1))"/><!-- a -->
<mark id="tok_461" xlink:href="#xpointer(string-range(//body,'',2423,6))"/><!-- decade -->
<mark id="tok_462" xlink:href="#xpointer(string-range(//body,'',2430,3))"/><!-- ago -->
<mark id="tok_463" xlink:href="#xpointer(string-range(//body,'',2434,1))"/><!-- . -->
<mark id="tok_464" xlink:href="#xpointer(string-range(//body,'',2436,3))"/><!-- But -->
<mark id="tok_465" xlink:href="#xpointer(string-range(//body,'',2440,2))"/><!-- it -->
<mark id="tok_466" xlink:href="#xpointer(string-range(//body,'',2443,3))"/><!-- has -->
<mark id="tok_467" xlink:href="#xpointer(string-range(//body,'',2447,8))"/><!-- outlived -->
<mark id="tok_468" xlink:href="#xpointer(string-range(//body,'',2456,3))"/><!-- its -->
<mark id="tok_469" xlink:href="#xpointer(string-range(//body,'',2460,10))"/><!-- usefulness -->
<mark id="tok_470" xlink:href="#xpointer(string-range(//body,'',2471,1))"/><!-- , -->
<mark id="tok_471" xlink:href="#xpointer(string-range(//body,'',2473,3))"/><!-- and -->
<mark id="tok_472" xlink:href="#xpointer(string-range(//body,'',2477,9))"/><!-- Microsoft -->
<mark id="tok_473" xlink:href="#xpointer(string-range(//body,'',2487,2))"/><!-- no -->
<mark id="tok_474" xlink:href="#xpointer(string-range(//body,'',2490,6))"/><!-- longer -->
<mark id="tok_475" xlink:href="#xpointer(string-range(//body,'',2497,5))"/><!-- wants -->
<mark id="tok_476" xlink:href="#xpointer(string-range(//body,'',2503,2))"/><!-- to -->
<mark id="tok_477" xlink:href="#xpointer(string-range(//body,'',2506,7))"/><!-- support -->
<mark id="tok_478" xlink:href="#xpointer(string-range(//body,'',2514,2))"/><!-- it -->
<mark id="tok_479" xlink:href="#xpointer(string-range(//body,'',2517,1))"/><!-- . -->
</markList>
</paula>
