<?xml version="1.0" standalone="no"?>

<!DOCTYPE paula SYSTEM "paula_rel.dtd">
<paula version="1.0">

<header paula_id="ref.GUM.GUM_news_ie9_coref"/>

<relList xmlns:xlink="http://www.w3.org/1999/xlink" type="coref" xml:base="ref.GUM.GUM_news_ie9.referentSeg.xml">
	<rel id="rel_1" xlink:href="#referent_5" target="#referent_1"/>
	<rel id="rel_2" xlink:href="#referent_8" target="#referent_3"/>
	<rel id="rel_3" xlink:href="#referent_7" target="#referent_8"/>
	<rel id="rel_4" xlink:href="#referent_10" target="#referent_6"/>
	<rel id="rel_5" xlink:href="#referent_11" target="#referent_7"/>
	<rel id="rel_6" xlink:href="#referent_13" target="#referent_12"/>
	<rel id="rel_7" xlink:href="#referent_14" target="#referent_10"/>
	<rel id="rel_8" xlink:href="#referent_15" target="#referent_9"/>
	<rel id="rel_9" xlink:href="#referent_17" target="#referent_18"/>
	<rel id="rel_10" xlink:href="#referent_6" target="#referent_5"/>
	<rel id="rel_11" xlink:href="#referent_18" target="#referent_107"/>
	<rel id="rel_12" xlink:href="#referent_21" target="#referent_11"/>
	<rel id="rel_13" xlink:href="#referent_16" target="#referent_21"/>
	<rel id="rel_14" xlink:href="#referent_24" target="#referent_15"/>
	<rel id="rel_15" xlink:href="#referent_28" target="#referent_16"/>
	<rel id="rel_16" xlink:href="#referent_32" target="#referent_14"/>
	<rel id="rel_17" xlink:href="#referent_33" target="#referent_13"/>
	<rel id="rel_18" xlink:href="#referent_42" target="#referent_35"/>
	<rel id="rel_19" xlink:href="#referent_43" target="#referent_38"/>
	<rel id="rel_20" xlink:href="#referent_106" target="#referent_34"/>
	<rel id="rel_21" xlink:href="#referent_45" target="#referent_35"/>
	<rel id="rel_22" xlink:href="#referent_47" target="#referent_34"/>
	<rel id="rel_23" xlink:href="#referent_46" target="#referent_17"/>
	<rel id="rel_24" xlink:href="#referent_37" target="#referent_47"/>
	<rel id="rel_25" xlink:href="#referent_18" target="#referent_49"/>
	<rel id="rel_26" xlink:href="#referent_30" target="#referent_29"/>
	<rel id="rel_27" xlink:href="#referent_35" target="#referent_17"/>
	<rel id="rel_28" xlink:href="#referent_41" target="#referent_45"/>
	<rel id="rel_29" xlink:href="#referent_53" target="#referent_38"/>
	<rel id="rel_30" xlink:href="#referent_56" target="#referent_51"/>
	<rel id="rel_31" xlink:href="#referent_58" target="#referent_56"/>
	<rel id="rel_32" xlink:href="#referent_59" target="#referent_41"/>
	<rel id="rel_33" xlink:href="#referent_104" target="#referent_105"/>
	<rel id="rel_34" xlink:href="#referent_60" target="#referent_41"/>
	<rel id="rel_35" xlink:href="#referent_63" target="#referent_59"/>
	<rel id="rel_36" xlink:href="#referent_64" target="#referent_61"/>
	<rel id="rel_37" xlink:href="#referent_65" target="#referent_58"/>
	<rel id="rel_38" xlink:href="#referent_65" target="#referent_55"/>
	<rel id="rel_39" xlink:href="#referent_65" target="#referent_53"/>
	<rel id="rel_40" xlink:href="#referent_65" target="#referent_46"/>
	<rel id="rel_41" xlink:href="#referent_70" target="#referent_24"/>
	<rel id="rel_42" xlink:href="#referent_71" target="#referent_32"/>
	<rel id="rel_43" xlink:href="#referent_72" target="#referent_33"/>
	<rel id="rel_44" xlink:href="#referent_74" target="#referent_63"/>
	<rel id="rel_45" xlink:href="#referent_77" target="#referent_74"/>
	<rel id="rel_46" xlink:href="#referent_78" target="#referent_73"/>
	<rel id="rel_47" xlink:href="#referent_79" target="#referent_78"/>
	<rel id="rel_48" xlink:href="#referent_81" target="#referent_71"/>
	<rel id="rel_49" xlink:href="#referent_82" target="#referent_65"/>
	<rel id="rel_50" xlink:href="#referent_84" target="#referent_78"/>
	<rel id="rel_51" xlink:href="#referent_86" target="#referent_77"/>
	<rel id="rel_52" xlink:href="#referent_87" target="#referent_86"/>
	<rel id="rel_53" xlink:href="#referent_90" target="#referent_86"/>
	<rel id="rel_54" xlink:href="#referent_93" target="#referent_90"/>
	<rel id="rel_55" xlink:href="#referent_95" target="#referent_81"/>
	<rel id="rel_56" xlink:href="#referent_97" target="#referent_23"/>
	<rel id="rel_57" xlink:href="#referent_98" target="#referent_28"/>
	<rel id="rel_58" xlink:href="#referent_100" target="#referent_38"/>
	<rel id="rel_59" xlink:href="#referent_88" target="#referent_87"/>
	<rel id="rel_60" xlink:href="#referent_94" target="#referent_93"/>
	<rel id="rel_61" xlink:href="#referent_96" target="#referent_94"/>
	<rel id="rel_62" xlink:href="#referent_103" target="#referent_64"/>
	<rel id="rel_63" xlink:href="#referent_68" target="#referent_103"/>
</relList>
</paula>
