<?xml version="1.0" encoding="UTF-8" standalone="no"?>

<!DOCTYPE paula SYSTEM "paula_feat.dtd">
<paula version="1.0">

<header paula_id="ref.GUM.GUM_news_ie9.referentSeg_entity"/>

<featList xmlns:xlink="http://www.w3.org/1999/xlink" type="entity" xml:base="ref.GUM.GUM_news_ie9.referentSeg.xml">
	<feat xlink:href="#referent_1" value="organization"/>
	<feat xlink:href="#referent_2" value="event"/>
	<feat xlink:href="#referent_3" value="object"/>
	<feat xlink:href="#referent_4" value="time"/>
	<feat xlink:href="#referent_5" value="organization"/>
	<feat xlink:href="#referent_6" value="organization"/>
	<feat xlink:href="#referent_7" value="object"/>
	<feat xlink:href="#referent_8" value="object"/>
	<feat xlink:href="#referent_9" value="person"/>
	<feat xlink:href="#referent_10" value="organization"/>
	<feat xlink:href="#referent_11" value="object"/>
	<feat xlink:href="#referent_12" value="place"/>
	<feat xlink:href="#referent_13" value="place"/>
	<feat xlink:href="#referent_14" value="organization"/>
	<feat xlink:href="#referent_15" value="person"/>
	<feat xlink:href="#referent_16" value="object"/>
	<feat xlink:href="#referent_17" value="object"/>
	<feat xlink:href="#referent_18" value="object"/>
	<feat xlink:href="#referent_19" value="time"/>
	<feat xlink:href="#referent_20" value="abstract"/>
	<feat xlink:href="#referent_21" value="object"/>
	<feat xlink:href="#referent_22" value="abstract"/>
	<feat xlink:href="#referent_23" value="abstract"/>
	<feat xlink:href="#referent_24" value="person"/>
	<feat xlink:href="#referent_25" value="time"/>
	<feat xlink:href="#referent_26" value="quantity"/>
	<feat xlink:href="#referent_27" value="time"/>
	<feat xlink:href="#referent_28" value="object"/>
	<feat xlink:href="#referent_29" value="abstract"/>
	<feat xlink:href="#referent_30" value="object"/>
	<feat xlink:href="#referent_31" value="person"/>
	<feat xlink:href="#referent_32" value="organization"/>
	<feat xlink:href="#referent_33" value="place"/>
	<feat xlink:href="#referent_34" value="abstract"/>
	<feat xlink:href="#referent_35" value="object"/>
	<feat xlink:href="#referent_36" value="quantity"/>
	<feat xlink:href="#referent_37" value="abstract"/>
	<feat xlink:href="#referent_38" value="object"/>
	<feat xlink:href="#referent_39" value="organization"/>
	<feat xlink:href="#referent_40" value="abstract"/>
	<feat xlink:href="#referent_41" value="object"/>
	<feat xlink:href="#referent_42" value="abstract"/>
	<feat xlink:href="#referent_43" value="object"/>
	<feat xlink:href="#referent_44" value="time"/>
	<feat xlink:href="#referent_45" value="abstract"/>
	<feat xlink:href="#referent_46" value="abstract"/>
	<feat xlink:href="#referent_47" value="quantity"/>
	<feat xlink:href="#referent_48" value="time"/>
	<feat xlink:href="#referent_49" value="object"/>
	<feat xlink:href="#referent_50" value="abstract"/>
	<feat xlink:href="#referent_51" value="object"/>
	<feat xlink:href="#referent_52" value="person"/>
	<feat xlink:href="#referent_53" value="object"/>
	<feat xlink:href="#referent_54" value="time"/>
	<feat xlink:href="#referent_55" value="object"/>
	<feat xlink:href="#referent_56" value="object"/>
	<feat xlink:href="#referent_57" value="abstract"/>
	<feat xlink:href="#referent_58" value="object"/>
	<feat xlink:href="#referent_59" value="object"/>
	<feat xlink:href="#referent_60" value="object"/>
	<feat xlink:href="#referent_61" value="person"/>
	<feat xlink:href="#referent_62" value="abstract"/>
	<feat xlink:href="#referent_63" value="object"/>
	<feat xlink:href="#referent_64" value="person"/>
	<feat xlink:href="#referent_65" value="object"/>
	<feat xlink:href="#referent_66" value="abstract"/>
	<feat xlink:href="#referent_67" value="abstract"/>
	<feat xlink:href="#referent_68" value="person"/>
	<feat xlink:href="#referent_69" value="abstract"/>
	<feat xlink:href="#referent_70" value="person"/>
	<feat xlink:href="#referent_71" value="organization"/>
	<feat xlink:href="#referent_72" value="place"/>
	<feat xlink:href="#referent_73" value="abstract"/>
	<feat xlink:href="#referent_74" value="object"/>
	<feat xlink:href="#referent_75" value="organization"/>
	<feat xlink:href="#referent_76" value="time"/>
	<feat xlink:href="#referent_77" value="object"/>
	<feat xlink:href="#referent_78" value="abstract"/>
	<feat xlink:href="#referent_79" value="abstract"/>
	<feat xlink:href="#referent_80" value="quantity"/>
	<feat xlink:href="#referent_81" value="organization"/>
	<feat xlink:href="#referent_82" value="abstract"/>
	<feat xlink:href="#referent_83" value="person"/>
	<feat xlink:href="#referent_84" value="abstract"/>
	<feat xlink:href="#referent_85" value="abstract"/>
	<feat xlink:href="#referent_86" value="object"/>
	<feat xlink:href="#referent_87" value="object"/>
	<feat xlink:href="#referent_88" value="object"/>
	<feat xlink:href="#referent_89" value="quantity"/>
	<feat xlink:href="#referent_90" value="object"/>
	<feat xlink:href="#referent_91" value="object"/>
	<feat xlink:href="#referent_92" value="time"/>
	<feat xlink:href="#referent_93" value="object"/>
	<feat xlink:href="#referent_94" value="object"/>
	<feat xlink:href="#referent_95" value="organization"/>
	<feat xlink:href="#referent_96" value="object"/>
	<feat xlink:href="#referent_97" value="abstract"/>
	<feat xlink:href="#referent_98" value="object"/>
	<feat xlink:href="#referent_99" value="time"/>
	<feat xlink:href="#referent_100" value="object"/>
	<feat xlink:href="#referent_101" value="object"/>
	<feat xlink:href="#referent_102" value="abstract"/>
	<feat xlink:href="#referent_103" value="person"/>
	<feat xlink:href="#referent_104" value="abstract"/>
	<feat xlink:href="#referent_105" value="abstract"/>
	<feat xlink:href="#referent_106" value="abstract"/>
	<feat xlink:href="#referent_107" value="object"/>
</featList>
</paula>
