<?xml version="1.0" encoding="UTF-8" standalone="no"?>

<!DOCTYPE paula SYSTEM "paula_feat.dtd">
<paula version="1.0">

<header paula_id="ref.GUM.GUM_news_ie9.referentSeg_infstat"/>

<featList xmlns:xlink="http://www.w3.org/1999/xlink" type="infstat" xml:base="ref.GUM.GUM_news_ie9.referentSeg.xml">
	<feat xlink:href="#referent_1" value="new"/>
	<feat xlink:href="#referent_2" value="new"/>
	<feat xlink:href="#referent_3" value="new"/>
	<feat xlink:href="#referent_4" value="acc"/>
	<feat xlink:href="#referent_5" value="giv"/>
	<feat xlink:href="#referent_6" value="giv"/>
	<feat xlink:href="#referent_7" value="giv"/>
	<feat xlink:href="#referent_8" value="giv"/>
	<feat xlink:href="#referent_9" value="new"/>
	<feat xlink:href="#referent_10" value="giv"/>
	<feat xlink:href="#referent_11" value="giv"/>
	<feat xlink:href="#referent_12" value="new"/>
	<feat xlink:href="#referent_13" value="giv"/>
	<feat xlink:href="#referent_14" value="giv"/>
	<feat xlink:href="#referent_15" value="giv"/>
	<feat xlink:href="#referent_16" value="giv"/>
	<feat xlink:href="#referent_17" value="acc"/>
	<feat xlink:href="#referent_18" value="acc"/>
	<feat xlink:href="#referent_19" value="acc"/>
	<feat xlink:href="#referent_20" value="new"/>
	<feat xlink:href="#referent_21" value="giv"/>
	<feat xlink:href="#referent_22" value="acc"/>
	<feat xlink:href="#referent_23" value="new"/>
	<feat xlink:href="#referent_24" value="giv"/>
	<feat xlink:href="#referent_25" value="acc"/>
	<feat xlink:href="#referent_26" value="new"/>
	<feat xlink:href="#referent_27" value="new"/>
	<feat xlink:href="#referent_28" value="giv"/>
	<feat xlink:href="#referent_29" value="acc"/>
	<feat xlink:href="#referent_30" value="giv"/>
	<feat xlink:href="#referent_31" value="acc"/>
	<feat xlink:href="#referent_32" value="giv"/>
	<feat xlink:href="#referent_33" value="giv"/>
	<feat xlink:href="#referent_34" value="new"/>
	<feat xlink:href="#referent_35" value="acc"/>
	<feat xlink:href="#referent_36" value="acc"/>
	<feat xlink:href="#referent_37" value="acc"/>
	<feat xlink:href="#referent_38" value="new"/>
	<feat xlink:href="#referent_39" value="new"/>
	<feat xlink:href="#referent_40" value="new"/>
	<feat xlink:href="#referent_41" value="giv"/>
	<feat xlink:href="#referent_42" value="giv"/>
	<feat xlink:href="#referent_43" value="acc"/>
	<feat xlink:href="#referent_44" value="acc"/>
	<feat xlink:href="#referent_45" value="giv"/>
	<feat xlink:href="#referent_46" value="giv"/>
	<feat xlink:href="#referent_47" value="acc"/>
	<feat xlink:href="#referent_48" value="acc"/>
	<feat xlink:href="#referent_49" value="new"/>
	<feat xlink:href="#referent_50" value="new"/>
	<feat xlink:href="#referent_51" value="new"/>
	<feat xlink:href="#referent_52" value="new"/>
	<feat xlink:href="#referent_53" value="giv"/>
	<feat xlink:href="#referent_54" value="acc"/>
	<feat xlink:href="#referent_55" value="new"/>
	<feat xlink:href="#referent_56" value="giv"/>
	<feat xlink:href="#referent_57" value="new"/>
	<feat xlink:href="#referent_58" value="giv"/>
	<feat xlink:href="#referent_59" value="giv"/>
	<feat xlink:href="#referent_60" value="giv"/>
	<feat xlink:href="#referent_61" value="new"/>
	<feat xlink:href="#referent_62" value="new"/>
	<feat xlink:href="#referent_63" value="giv"/>
	<feat xlink:href="#referent_64" value="giv"/>
	<feat xlink:href="#referent_65" value="acc"/>
	<feat xlink:href="#referent_66" value="new"/>
	<feat xlink:href="#referent_67" value="new"/>
	<feat xlink:href="#referent_68" value="giv"/>
	<feat xlink:href="#referent_69" value="new"/>
	<feat xlink:href="#referent_70" value="giv"/>
	<feat xlink:href="#referent_71" value="giv"/>
	<feat xlink:href="#referent_72" value="giv"/>
	<feat xlink:href="#referent_73" value="new"/>
	<feat xlink:href="#referent_74" value="giv"/>
	<feat xlink:href="#referent_75" value="new"/>
	<feat xlink:href="#referent_76" value="new"/>
	<feat xlink:href="#referent_77" value="giv"/>
	<feat xlink:href="#referent_78" value="giv"/>
	<feat xlink:href="#referent_79" value="giv"/>
	<feat xlink:href="#referent_80" value="acc"/>
	<feat xlink:href="#referent_81" value="giv"/>
	<feat xlink:href="#referent_82" value="acc"/>
	<feat xlink:href="#referent_83" value="acc"/>
	<feat xlink:href="#referent_84" value="giv"/>
	<feat xlink:href="#referent_85" value="new"/>
	<feat xlink:href="#referent_86" value="giv"/>
	<feat xlink:href="#referent_87" value="giv"/>
	<feat xlink:href="#referent_88" value="giv"/>
	<feat xlink:href="#referent_89" value="new"/>
	<feat xlink:href="#referent_90" value="giv"/>
	<feat xlink:href="#referent_91" value="new"/>
	<feat xlink:href="#referent_92" value="acc"/>
	<feat xlink:href="#referent_93" value="giv"/>
	<feat xlink:href="#referent_94" value="giv"/>
	<feat xlink:href="#referent_95" value="giv"/>
	<feat xlink:href="#referent_96" value="giv"/>
	<feat xlink:href="#referent_97" value="giv"/>
	<feat xlink:href="#referent_98" value="giv"/>
	<feat xlink:href="#referent_99" value="acc"/>
	<feat xlink:href="#referent_100" value="giv"/>
	<feat xlink:href="#referent_101" value="new"/>
	<feat xlink:href="#referent_102" value="new"/>
	<feat xlink:href="#referent_103" value="giv"/>
	<feat xlink:href="#referent_104" value="acc"/>
	<feat xlink:href="#referent_105" value="acc"/>
	<feat xlink:href="#referent_106" value="acc"/>
	<feat xlink:href="#referent_107" value="new"/>
</featList>
</paula>
