<?xml version="1.0" ?>
<!DOCTYPE paula SYSTEM "paula_feat.dtd">
<paula version="1.1">
<header paula_id="rst.GUM_news_ie9.struct_relname">
</header>
<featList xmlns:xlink="http://www.w3.org/1999/xlink" type="relname" xml:base="rst.GUM_news_ie9.struct.xml">
<feat xlink:href="#sDomRel481" value="circumstance">
</feat>
<feat xlink:href="#sDomRel482" value="circumstance">
</feat>
<feat xlink:href="#sDomRel484" value="elaboration">
</feat>
<feat xlink:href="#sDomRel515" value="restatement">
</feat>
<feat xlink:href="#sDomRel488" value="preparation">
</feat>
<feat xlink:href="#sDomRel490" value="circumstance">
</feat>
<feat xlink:href="#sDomRel525" value="cause">
</feat>
<feat xlink:href="#sDomRel519" value="elaboration">
</feat>
<feat xlink:href="#sDomRel524" value="cause">
</feat>
<feat xlink:href="#sDomRel523" value="evidence">
</feat>
<feat xlink:href="#sDomRel498" value="concession">
</feat>
<feat xlink:href="#sDomRel499" value="condition">
</feat>
<feat xlink:href="#sDomRel526" value="elaboration">
</feat>
<feat xlink:href="#sDomRel502" value="circumstance">
</feat>
<feat xlink:href="#sDomRel530" value="evidence">
</feat>
<feat xlink:href="#sDomRel506" value="elaboration">
</feat>
<feat xlink:href="#sDomRel509" value="justify">
</feat>
<feat xlink:href="#sDomRel512" value="result">
</feat>
<feat xlink:href="#sDomRel480" value="span">
</feat>
<feat xlink:href="#sDomRel485" value="sequence">
</feat>
<feat xlink:href="#sDomRel486" value="sequence">
</feat>
<feat xlink:href="#sDomRel487" value="elaboration">
</feat>
<feat xlink:href="#sDomRel514" value="span">
</feat>
<feat xlink:href="#sDomRel489" value="span">
</feat>
<feat xlink:href="#sDomRel491" value="span">
</feat>
<feat xlink:href="#sDomRel516" value="background">
</feat>
<feat xlink:href="#sDomRel493" value="contrast">
</feat>
<feat xlink:href="#sDomRel521" value="contrast">
</feat>
<feat xlink:href="#sDomRel518" value="span">
</feat>
<feat xlink:href="#sDomRel492" value="span">
</feat>
<feat xlink:href="#sDomRel494" value="span">
</feat>
<feat xlink:href="#sDomRel496" value="contrast">
</feat>
<feat xlink:href="#sDomRel529" value="contrast">
</feat>
<feat xlink:href="#sDomRel522" value="span">
</feat>
<feat xlink:href="#sDomRel495" value="span">
</feat>
<feat xlink:href="#sDomRel520" value="span">
</feat>
<feat xlink:href="#sDomRel503" value="span">
</feat>
<feat xlink:href="#sDomRel500" value="span">
</feat>
<feat xlink:href="#sDomRel497" value="span">
</feat>
<feat xlink:href="#sDomRel527" value="evaluation">
</feat>
<feat xlink:href="#sDomRel528" value="span">
</feat>
<feat xlink:href="#sDomRel505" value="span">
</feat>
<feat xlink:href="#sDomRel501" value="joint">
</feat>
<feat xlink:href="#sDomRel534" value="joint">
</feat>
<feat xlink:href="#sDomRel504" value="span">
</feat>
<feat xlink:href="#sDomRel507" value="contrast">
</feat>
<feat xlink:href="#sDomRel532" value="contrast">
</feat>
<feat xlink:href="#sDomRel533" value="span">
</feat>
<feat xlink:href="#sDomRel511" value="span">
</feat>
<feat xlink:href="#sDomRel508" value="span">
</feat>
<feat xlink:href="#sDomRel510" value="background">
</feat>
<feat xlink:href="#sDomRel535" value="contrast">
</feat>
<feat xlink:href="#sDomRel536" value="contrast">
</feat>
<feat xlink:href="#sDomRel483" value="restatement">
</feat>
<feat xlink:href="#sDomRel539" value="restatement">
</feat>
<feat xlink:href="#sDomRel517" value="span">
</feat>
<feat xlink:href="#sDomRel513" value="preparation">
</feat>
<feat xlink:href="#sDomRel531" value="joint">
</feat>
<feat xlink:href="#sDomRel538" value="joint">
</feat>
<feat xlink:href="#sDomRel540" value="joint">
</feat>
<feat xlink:href="#sDomRel537" value="span">
</feat>
</featList>
</paula>
