<?xml version="1.0" encoding="UTF-8" standalone="no"?>

<!DOCTYPE paula SYSTEM "paula_feat.dtd">
<paula version="1.0">

<header paula_id="tei.GUM.GUM_news_ie9_p"/>

<featList xmlns:xlink="http://www.w3.org/1999/xlink" type="p" xml:base="tei.GUM.GUM_news_ie9.pSeg.xml">
<feat xlink:href="#p_15" value="p"/><!-- With.... -->
<feat xlink:href="#p_105" value="p"/><!-- &quot;.... -->
<feat xlink:href="#p_158" value="p"/><!-- Internet...&quot; -->
<feat xlink:href="#p_293" value="p"/><!-- Web.... -->
<feat xlink:href="#p_423" value="p"/><!-- Microsoft.... -->
</featList>
</paula>
