<?xml version="1.0" encoding="UTF-8" standalone="no"?>

<!DOCTYPE paula SYSTEM "paula_feat.dtd">
<paula version="1.0">

<header paula_id="tei.GUM.GUM_news_ie9_ref"/>

<featList xmlns:xlink="http://www.w3.org/1999/xlink" type="ref" xml:base="tei.GUM.GUM_news_ie9.refSeg.xml">
<feat xlink:href="#ref_18" value="ref"/><!-- Microsoft -->
<feat xlink:href="#ref_20" value="ref"/><!-- Internet...9 -->
<feat xlink:href="#ref_161" value="ref"/><!-- market...share -->
<feat xlink:href="#ref_189" value="ref"/><!-- Mozilla...Firefox -->
<feat xlink:href="#ref_207" value="ref"/><!-- Google...Chrome -->
<feat xlink:href="#ref_215" value="ref"/><!-- PC...World -->
<feat xlink:href="#ref_258" value="ref"/><!-- Safari -->
<feat xlink:href="#ref_374" value="ref"/><!-- Secunia.com -->
<feat xlink:href="#ref_456" value="ref"/><!-- Windows...XP -->
</featList>
</paula>
