<?xml version="1.0" encoding="UTF-8" standalone="no"?>

<!DOCTYPE paula SYSTEM "paula_feat.dtd">
<paula version="1.0">

<header paula_id="tei.GUM.GUM_news_ie9_s"/>

<featList xmlns:xlink="http://www.w3.org/1999/xlink" type="s" xml:base="tei.GUM.GUM_news_ie9.sSeg.xml">
<feat xlink:href="#s_1" value="s"/><!-- Microsoft...6 -->
<feat xlink:href="#s_9" value="s"/><!-- Tuesday...2011 -->
<feat xlink:href="#s_15" value="s"/><!-- With.... -->
<feat xlink:href="#s_50" value="s"/><!-- Microsoft.... -->
<feat xlink:href="#s_59" value="s"/><!-- On.... -->
<feat xlink:href="#s_92" value="s"/><!-- Its.... -->
<feat xlink:href="#s_105" value="s"/><!-- &quot;.... -->
<feat xlink:href="#s_117" value="s"/><!-- Its.... -->
<feat xlink:href="#s_124" value="s"/><!-- Now.... -->
<feat xlink:href="#s_158" value="s"/><!-- Internet.... -->
<feat xlink:href="#s_166" value="s"/><!-- IE.... -->
<feat xlink:href="#s_189" value="s"/><!-- Mozilla.... -->
<feat xlink:href="#s_215" value="s"/><!-- PC.... -->
<feat xlink:href="#s_266" value="s"/><!-- It.... -->
<feat xlink:href="#s_273" value="s"/><!-- But...&quot; -->
<feat xlink:href="#s_293" value="s"/><!-- Web.... -->
<feat xlink:href="#s_301" value="s"/><!-- As.... -->
<feat xlink:href="#s_340" value="s"/><!-- Also.... -->
<feat xlink:href="#s_370" value="s"/><!-- The.... -->
<feat xlink:href="#s_402" value="s"/><!-- Microsoft.... -->
<feat xlink:href="#s_423" value="s"/><!-- Microsoft.... -->
<feat xlink:href="#s_453" value="s"/><!-- IE6.... -->
<feat xlink:href="#s_464" value="s"/><!-- But.... -->
</featList>
</paula>
