<?xml version="1.0" encoding="UTF-8" standalone="no"?>

<!DOCTYPE paula SYSTEM "paula_mark.dtd">
<paula version="1.0">

<header paula_id="tei.GUM.GUM_news_ie9_sSeg"/>

<markList xmlns:xlink="http://www.w3.org/1999/xlink" type="sSeg" xml:base="GUM.GUM_news_ie9.tok.xml">
<mark id="s_1" xlink:href="#xpointer(id('tok_1')/range-to(id('tok_8')))"/><!-- Microsoft...6 -->
<mark id="s_9" xlink:href="#xpointer(id('tok_9')/range-to(id('tok_14')))"/><!-- Tuesday...2011 -->
<mark id="s_15" xlink:href="#xpointer(id('tok_15')/range-to(id('tok_49')))"/><!-- With.... -->
<mark id="s_50" xlink:href="#xpointer(id('tok_50')/range-to(id('tok_58')))"/><!-- Microsoft.... -->
<mark id="s_59" xlink:href="#xpointer(id('tok_59')/range-to(id('tok_91')))"/><!-- On.... -->
<mark id="s_92" xlink:href="#xpointer(id('tok_92')/range-to(id('tok_104')))"/><!-- Its.... -->
<mark id="s_105" xlink:href="#xpointer(id('tok_105')/range-to(id('tok_116')))"/><!-- &quot;.... -->
<mark id="s_117" xlink:href="#xpointer(id('tok_117')/range-to(id('tok_123')))"/><!-- Its.... -->
<mark id="s_124" xlink:href="#xpointer(id('tok_124')/range-to(id('tok_157')))"/><!-- Now.... -->
<mark id="s_158" xlink:href="#xpointer(id('tok_158')/range-to(id('tok_165')))"/><!-- Internet.... -->
<mark id="s_166" xlink:href="#xpointer(id('tok_166')/range-to(id('tok_188')))"/><!-- IE.... -->
<mark id="s_189" xlink:href="#xpointer(id('tok_189')/range-to(id('tok_214')))"/><!-- Mozilla.... -->
<mark id="s_215" xlink:href="#xpointer(id('tok_215')/range-to(id('tok_265')))"/><!-- PC.... -->
<mark id="s_266" xlink:href="#xpointer(id('tok_266')/range-to(id('tok_272')))"/><!-- It.... -->
<mark id="s_273" xlink:href="#xpointer(id('tok_273')/range-to(id('tok_292')))"/><!-- But...&quot; -->
<mark id="s_293" xlink:href="#xpointer(id('tok_293')/range-to(id('tok_300')))"/><!-- Web.... -->
<mark id="s_301" xlink:href="#xpointer(id('tok_301')/range-to(id('tok_339')))"/><!-- As.... -->
<mark id="s_340" xlink:href="#xpointer(id('tok_340')/range-to(id('tok_369')))"/><!-- Also.... -->
<mark id="s_370" xlink:href="#xpointer(id('tok_370')/range-to(id('tok_401')))"/><!-- The.... -->
<mark id="s_402" xlink:href="#xpointer(id('tok_402')/range-to(id('tok_422')))"/><!-- Microsoft.... -->
<mark id="s_423" xlink:href="#xpointer(id('tok_423')/range-to(id('tok_452')))"/><!-- Microsoft.... -->
<mark id="s_453" xlink:href="#xpointer(id('tok_453')/range-to(id('tok_463')))"/><!-- IE6.... -->
<mark id="s_464" xlink:href="#xpointer(id('tok_464')/range-to(id('tok_479')))"/><!-- But.... -->
</markList>
</paula>
