<?xml version="1.0" encoding="UTF-8" standalone="no"?>

<!DOCTYPE paula SYSTEM "paula_mark.dtd">
<paula version="1.0">

<header paula_id="tei.GUM.GUM_news_ie9_refSeg"/>

<markList xmlns:xlink="http://www.w3.org/1999/xlink" type="refSeg" xml:base="GUM.GUM_news_ie9.tok.xml">
<mark id="ref_18" xlink:href="#tok_18"/><!-- Microsoft -->
<mark id="ref_20" xlink:href="#xpointer(id('tok_20')/range-to(id('tok_22')))"/><!-- Internet...9 -->
<mark id="ref_161" xlink:href="#xpointer(id('tok_161')/range-to(id('tok_162')))"/><!-- market...share -->
<mark id="ref_189" xlink:href="#xpointer(id('tok_189')/range-to(id('tok_190')))"/><!-- Mozilla...Firefox -->
<mark id="ref_207" xlink:href="#xpointer(id('tok_207')/range-to(id('tok_208')))"/><!-- Google...Chrome -->
<mark id="ref_215" xlink:href="#xpointer(id('tok_215')/range-to(id('tok_216')))"/><!-- PC...World -->
<mark id="ref_258" xlink:href="#tok_258"/><!-- Safari -->
<mark id="ref_374" xlink:href="#tok_374"/><!-- Secunia.com -->
<mark id="ref_456" xlink:href="#xpointer(id('tok_456')/range-to(id('tok_457')))"/><!-- Windows...XP -->
</markList>
</paula>
