<?xml version="1.0" encoding="UTF-8" standalone="no"?>

<!DOCTYPE paula SYSTEM "paula_feat.dtd">
<paula version="1.0">

<header paula_id="const.GUM.GUM_interview_mckenzie_catConst_cat"/>

<featList xmlns:xlink="http://www.w3.org/1999/xlink" type="cat" xml:base="const.GUM.GUM_interview_mckenzie.catConst.xml">
  <feat xlink:href="#const_0_1" value="NP"/><!-- Friday ... 2014 -->
  <feat xlink:href="#const_1_1" value="ROOT"/><!-- Friday ... 2014 -->
  <feat xlink:href="#const_0_7" value="NP"/><!-- Preston -->
  <feat xlink:href="#const_1_7" value="NP"/><!-- Preston ... Australia -->
  <feat xlink:href="#const_2_7" value="ROOT"/><!-- Preston ... Australia -->
  <feat xlink:href="#const_0_9" value="NP"/><!-- Victoria ... Australia -->
  <feat xlink:href="#const_1_12" value="PP"/><!-- On Saturday -->
  <feat xlink:href="#const_8_12" value="S"/><!-- On ... . -->
  <feat xlink:href="#const_9_12" value="ROOT"/><!-- On ... . -->
  <feat xlink:href="#const_0_13" value="NP"/><!-- Saturday -->
  <feat xlink:href="#const_0_15" value="NP"/><!-- Wikinews -->
  <feat xlink:href="#const_7_16" value="VP"/><!-- interviewed ... Gliders -->
  <feat xlink:href="#const_0_17" value="NP"/><!-- Tina McKenzie -->
  <feat xlink:href="#const_4_17" value="NP"/><!-- Tina ... , -->
  <feat xlink:href="#const_5_17" value="S"/><!-- Tina ... Gliders -->
  <feat xlink:href="#const_6_17" value="SBAR"/><!-- Tina ... Gliders -->
  <feat xlink:href="#const_0_20" value="NP"/><!-- a ... member -->
  <feat xlink:href="#const_3_20" value="NP"/><!-- a ... team -->
  <feat xlink:href="#const_2_23" value="PP"/><!-- of ... team -->
  <feat xlink:href="#const_0_24" value="NP"/><!-- the ... s -->
  <feat xlink:href="#const_1_24" value="NP"/><!-- the ... team -->
  <feat xlink:href="#const_2_33" value="VP"/><!-- known ... Gliders -->
  <feat xlink:href="#const_1_34" value="PP"/><!-- as ... Gliders -->
  <feat xlink:href="#const_0_35" value="NP"/><!-- the Gliders -->
  <feat xlink:href="#const_0_38" value="NP"/><!-- McKenzie -->
  <feat xlink:href="#const_3_38" value="NP"/><!-- McKenzie ... , -->
  <feat xlink:href="#const_5_38" value="S"/><!-- McKenzie ... . -->
  <feat xlink:href="#const_6_38" value="ROOT"/><!-- McKenzie ... . -->
  <feat xlink:href="#const_0_40" value="NP"/><!-- a ... medalist -->
  <feat xlink:href="#const_2_40" value="NP"/><!-- a ... basketball -->
  <feat xlink:href="#const_1_46" value="PP"/><!-- in ... basketball -->
  <feat xlink:href="#const_0_47" value="NP"/><!-- wheelchair basketball -->
  <feat xlink:href="#const_4_50" value="VP"/><!-- retired ... London -->
  <feat xlink:href="#const_1_51" value="PP"/><!-- from ... game -->
  <feat xlink:href="#const_0_52" value="NP"/><!-- the game -->
  <feat xlink:href="#const_3_54" value="PP"/><!-- after ... London -->
  <feat xlink:href="#const_0_55" value="NP"/><!-- the ... Paralympics -->
  <feat xlink:href="#const_2_55" value="NP"/><!-- the ... London -->
  <feat xlink:href="#const_1_59" value="PP"/><!-- in London -->
  <feat xlink:href="#const_0_60" value="NP"/><!-- London -->
  <feat xlink:href="#const_0_62" value="NP"/><!-- Wikinews -->
  <feat xlink:href="#const_7_62" value="S"/><!-- Wikinews ... . -->
  <feat xlink:href="#const_8_62" value="ROOT"/><!-- Wikinews ... . -->
  <feat xlink:href="#const_6_63" value="VP"/><!-- caught ... Preston -->
  <feat xlink:href="#const_0_64" value="PRT"/><!-- up -->
  <feat xlink:href="#const_1_65" value="PP"/><!-- with her -->
  <feat xlink:href="#const_0_66" value="NP"/><!-- her -->
  <feat xlink:href="#const_5_67" value="PP"/><!-- in ... Preston -->
  <feat xlink:href="#const_0_68" value="NP"/><!-- a cafe -->
  <feat xlink:href="#const_4_68" value="NP"/><!-- a ... Preston -->
  <feat xlink:href="#const_3_70" value="PP"/><!-- in ... Preston -->
  <feat xlink:href="#const_0_71" value="NP"/><!-- the ... suburb -->
  <feat xlink:href="#const_2_71" value="NP"/><!-- the ... Preston -->
  <feat xlink:href="#const_1_75" value="PP"/><!-- of Preston -->
  <feat xlink:href="#const_0_76" value="NP"/><!-- Preston -->
  <feat xlink:href="#const_3_78" value="S"/><!-- [ ... . -->
  <feat xlink:href="#const_4_78" value="ROOT"/><!-- [ ... . -->
  <feat xlink:href="#const_0_79" value="NP"/><!-- The ... Tournament -->
  <feat xlink:href="#const_2_79" value="NP"/><!-- The ... ] -->
  <feat xlink:href="#const_1_82" value="PP"/><!-- in ... ] -->
  <feat xlink:href="#const_0_83" value="NP"/><!-- Canada ] -->
  <feat xlink:href="#const_2_85" value="VP"/><!-- was ... actually -->
  <feat xlink:href="#const_1_86" value="NP"/><!-- a ... tournament -->
  <feat xlink:href="#const_0_87" value="ADJP"/><!-- really good -->
  <feat xlink:href="#const_0_90" value="ADVP"/><!-- actually -->
  <feat xlink:href="#const_0_92" value="NP"/><!-- It -->
  <feat xlink:href="#const_11_92" value="S"/><!-- It ... . -->
  <feat xlink:href="#const_12_92" value="ROOT"/><!-- It ... . -->
  <feat xlink:href="#const_10_93" value="VP"/><!-- was ... often -->
  <feat xlink:href="#const_0_94" value="NP"/><!-- a tournament -->
  <feat xlink:href="#const_9_96" value="SBAR"/><!-- that ... often -->
  <feat xlink:href="#const_0_97" value="NP"/><!-- I -->
  <feat xlink:href="#const_8_97" value="S"/><!-- I ... often -->
  <feat xlink:href="#const_7_98" value="VP"/><!-- wish ... often -->
  <feat xlink:href="#const_0_99" value="NP"/><!-- we -->
  <feat xlink:href="#const_5_99" value="S"/><!-- we ... often -->
  <feat xlink:href="#const_6_99" value="SBAR"/><!-- we ... often -->
  <feat xlink:href="#const_4_100" value="VP"/><!-- &apos;d ... often -->
  <feat xlink:href="#const_0_101" value="ADVP"/><!-- actually -->
  <feat xlink:href="#const_3_102" value="VP"/><!-- gone ... often -->
  <feat xlink:href="#const_0_103" value="ADVP"/><!-- back -->
  <feat xlink:href="#const_2_104" value="PP"/><!-- to ... often -->
  <feat xlink:href="#const_0_105" value="NP"/><!-- more -->
  <feat xlink:href="#const_1_105" value="NP"/><!-- more often -->
  <feat xlink:href="#const_0_106" value="ADVP"/><!-- often -->
  <feat xlink:href="#const_0_108" value="WHNP"/><!-- Who -->
  <feat xlink:href="#const_4_108" value="SBARQ"/><!-- Who ... ? -->
  <feat xlink:href="#const_5_108" value="ROOT"/><!-- Who ... ? -->
  <feat xlink:href="#const_2_109" value="VP"/><!-- plays ... one -->
  <feat xlink:href="#const_3_109" value="SQ"/><!-- plays ... one -->
  <feat xlink:href="#const_1_110" value="PP"/><!-- in ... one -->
  <feat xlink:href="#const_0_111" value="NP"/><!-- that one -->
  <feat xlink:href="#const_0_114" value="NP"/><!-- It -->
  <feat xlink:href="#const_2_114" value="S"/><!-- It ... tournament -->
  <feat xlink:href="#const_4_114" value="S"/><!-- It ... . -->
  <feat xlink:href="#const_5_114" value="ROOT"/><!-- It ... . -->
  <feat xlink:href="#const_1_115" value="VP"/><!-- &apos;s ... tournament -->
  <feat xlink:href="#const_0_116" value="NP"/><!-- quite ... tournament -->
  <feat xlink:href="#const_0_124" value="NP"/><!-- we -->
  <feat xlink:href="#const_3_124" value="S"/><!-- we ... team -->
  <feat xlink:href="#const_2_125" value="VP"/><!-- went ... team -->
  <feat xlink:href="#const_1_126" value="PP"/><!-- as ... team -->
  <feat xlink:href="#const_0_127" value="NP"/><!-- the ... team -->
  <feat xlink:href="#const_7_131" value="S"/><!-- So ... . -->
  <feat xlink:href="#const_8_131" value="ROOT"/><!-- So ... . -->
  <feat xlink:href="#const_0_132" value="NP"/><!-- we -->
  <feat xlink:href="#const_6_133" value="VP"/><!-- were ... possible -->
  <feat xlink:href="#const_5_134" value="VP"/><!-- trying ... possible -->
  <feat xlink:href="#const_3_135" value="VP"/><!-- to ... possible -->
  <feat xlink:href="#const_4_135" value="S"/><!-- to ... possible -->
  <feat xlink:href="#const_2_136" value="VP"/><!-- get ... possible -->
  <feat xlink:href="#const_0_137" value="QP"/><!-- as many -->
  <feat xlink:href="#const_1_137" value="NP"/><!-- as ... games -->
  <feat xlink:href="#const_1_141" value="PP"/><!-- as possible -->
  <feat xlink:href="#const_0_142" value="ADJP"/><!-- possible -->
  <feat xlink:href="#const_5_144" value="SBAR"/><!-- Cause ... compete -->
  <feat xlink:href="#const_6_144" value="FRAG"/><!-- Cause ... . -->
  <feat xlink:href="#const_7_144" value="ROOT"/><!-- Cause ... . -->
  <feat xlink:href="#const_0_145" value="NP"/><!-- that -->
  <feat xlink:href="#const_4_145" value="S"/><!-- that ... compete -->
  <feat xlink:href="#const_3_146" value="VP"/><!-- &apos;s ... compete -->
  <feat xlink:href="#const_0_147" value="NP"/><!-- one -->
  <feat xlink:href="#const_2_147" value="NP"/><!-- one ... problems -->
  <feat xlink:href="#const_1_148" value="PP"/><!-- of ... problems -->
  <feat xlink:href="#const_0_149" value="NP"/><!-- our problems -->
  <feat xlink:href="#const_0_151" value="ADVP"/><!-- really -->
  <feat xlink:href="#const_1_153" value="VP"/><!-- to compete -->
  <feat xlink:href="#const_2_153" value="S"/><!-- to compete -->
  <feat xlink:href="#const_0_154" value="VP"/><!-- compete -->
  <feat xlink:href="#const_0_156" value="NP"/><!-- It -->
  <feat xlink:href="#const_8_156" value="S"/><!-- It ... . -->
  <feat xlink:href="#const_9_156" value="ROOT"/><!-- It ... . -->
  <feat xlink:href="#const_7_157" value="VP"/><!-- costs ... internationally -->
  <feat xlink:href="#const_0_158" value="NP"/><!-- us -->
  <feat xlink:href="#const_0_159" value="NP"/><!-- so ... money -->
  <feat xlink:href="#const_6_162" value="PP"/><!-- to ... internationally -->
  <feat xlink:href="#const_5_163" value="SBAR"/><!-- for ... internationally -->
  <feat xlink:href="#const_0_164" value="NP"/><!-- us -->
  <feat xlink:href="#const_4_164" value="S"/><!-- us ... internationally -->
  <feat xlink:href="#const_2_165" value="VP"/><!-- to ... overseas -->
  <feat xlink:href="#const_3_165" value="VP"/><!-- to ... internationally -->
  <feat xlink:href="#const_1_166" value="VP"/><!-- travel overseas -->
  <feat xlink:href="#const_0_167" value="ADVP"/><!-- overseas -->
  <feat xlink:href="#const_2_169" value="VP"/><!-- to ... internationally -->
  <feat xlink:href="#const_1_170" value="VP"/><!-- compete internationally -->
  <feat xlink:href="#const_0_171" value="ADVP"/><!-- internationally -->
  <feat xlink:href="#const_4_173" value="S"/><!-- And ... Australia -->
  <feat xlink:href="#const_7_173" value="S"/><!-- And ... ... -->
  <feat xlink:href="#const_8_173" value="ROOT"/><!-- And ... ... -->
  <feat xlink:href="#const_0_174" value="ADVP"/><!-- so -->
  <feat xlink:href="#const_0_175" value="NP"/><!-- we -->
  <feat xlink:href="#const_3_176" value="VP"/><!-- can ... Australia -->
  <feat xlink:href="#const_2_177" value="VP"/><!-- compete ... Australia -->
  <feat xlink:href="#const_1_178" value="PP"/><!-- against ... other -->
  <feat xlink:href="#const_0_179" value="NP"/><!-- each other -->
  <feat xlink:href="#const_0_181" value="NP"/><!-- all ... time -->
  <feat xlink:href="#const_1_184" value="PP"/><!-- within Australia -->
  <feat xlink:href="#const_0_185" value="NP"/><!-- Australia -->
  <feat xlink:href="#const_0_187" value="NP"/><!-- we -->
  <feat xlink:href="#const_6_187" value="S"/><!-- we ... to -->
  <feat xlink:href="#const_0_188" value="ADVP"/><!-- really -->
  <feat xlink:href="#const_5_189" value="VP"/><!-- need ... to -->
  <feat xlink:href="#const_3_190" value="VP"/><!-- to ... to -->
  <feat xlink:href="#const_4_190" value="S"/><!-- to ... to -->
  <feat xlink:href="#const_2_191" value="VP"/><!-- be ... to -->
  <feat xlink:href="#const_1_192" value="ADJP"/><!-- able to -->
  <feat xlink:href="#const_0_193" value="PP"/><!-- to -->
  <feat xlink:href="#const_0_195" value="NP"/><!-- It -->
  <feat xlink:href="#const_2_195" value="S"/><!-- It ... . -->
  <feat xlink:href="#const_3_195" value="ROOT"/><!-- It ... . -->
  <feat xlink:href="#const_1_196" value="VP"/><!-- &apos;s ... same -->
  <feat xlink:href="#const_0_198" value="NP"/><!-- the same -->
  <feat xlink:href="#const_0_201" value="INTJ"/><!-- No -->
  <feat xlink:href="#const_2_201" value="S"/><!-- No ... not -->
  <feat xlink:href="#const_15_201" value="S"/><!-- No ... . -->
  <feat xlink:href="#const_16_201" value="ROOT"/><!-- No ... . -->
  <feat xlink:href="#const_0_203" value="NP"/><!-- it -->
  <feat xlink:href="#const_1_204" value="VP"/><!-- &apos;s ... not -->
  <feat xlink:href="#const_0_205" value="ADJP"/><!-- really not -->
  <feat xlink:href="#const_0_209" value="NP"/><!-- it -->
  <feat xlink:href="#const_14_209" value="S"/><!-- it ... improvement -->
  <feat xlink:href="#const_13_210" value="VP"/><!-- &apos;s ... improvement -->
  <feat xlink:href="#const_0_211" value="ADJP"/><!-- really important -->
  <feat xlink:href="#const_11_213" value="VP"/><!-- to ... improvement -->
  <feat xlink:href="#const_12_213" value="S"/><!-- to ... improvement -->
  <feat xlink:href="#const_10_214" value="VP"/><!-- be ... improvement -->
  <feat xlink:href="#const_9_215" value="ADJP"/><!-- able ... improvement -->
  <feat xlink:href="#const_7_216" value="VP"/><!-- to ... improvement -->
  <feat xlink:href="#const_8_216" value="S"/><!-- to ... improvement -->
  <feat xlink:href="#const_6_217" value="VP"/><!-- get ... improvement -->
  <feat xlink:href="#const_1_218" value="PP"/><!-- as ... trips -->
  <feat xlink:href="#const_0_219" value="NP"/><!-- a ... trips -->
  <feat xlink:href="#const_5_223" value="PP"/><!-- throughout ... improvement -->
  <feat xlink:href="#const_4_224" value="NP"/><!-- the ... improvement -->
  <feat xlink:href="#const_2_226" value="VP"/><!-- to ... improvement -->
  <feat xlink:href="#const_3_226" value="S"/><!-- to ... improvement -->
  <feat xlink:href="#const_1_227" value="VP"/><!-- continue ... improvement -->
  <feat xlink:href="#const_0_228" value="NP"/><!-- our improvement -->
  <feat xlink:href="#const_0_231" value="ADVP"/><!-- Also -->
  <feat xlink:href="#const_7_231" value="S"/><!-- Also ... . -->
  <feat xlink:href="#const_8_231" value="ROOT"/><!-- Also ... . -->
  <feat xlink:href="#const_6_232" value="VP"/><!-- see ... well -->
  <feat xlink:href="#const_0_233" value="WHADVP"/><!-- where -->
  <feat xlink:href="#const_5_233" value="SBAR"/><!-- where ... well -->
  <feat xlink:href="#const_0_234" value="NP"/><!-- all ... teams -->
  <feat xlink:href="#const_4_234" value="S"/><!-- all ... well -->
  <feat xlink:href="#const_3_238" value="VP"/><!-- are ... well -->
  <feat xlink:href="#const_2_239" value="ADVP"/><!-- at ... well -->
  <feat xlink:href="#const_1_240" value="PP"/><!-- as well -->
  <feat xlink:href="#const_0_241" value="ADVP"/><!-- well -->
  <feat xlink:href="#const_2_243" value="S"/><!-- But ... . -->
  <feat xlink:href="#const_3_243" value="ROOT"/><!-- But ... . -->
  <feat xlink:href="#const_0_244" value="ADVP"/><!-- yes -->
  <feat xlink:href="#const_0_246" value="NP"/><!-- Spitfire -->
  <feat xlink:href="#const_1_247" value="VP"/><!-- was good -->
  <feat xlink:href="#const_0_248" value="ADJP"/><!-- good -->
  <feat xlink:href="#const_0_250" value="NP"/><!-- We -->
  <feat xlink:href="#const_7_250" value="S"/><!-- We ... . -->
  <feat xlink:href="#const_8_250" value="ROOT"/><!-- We ... . -->
  <feat xlink:href="#const_6_251" value="VP"/><!-- took ... Netherlands -->
  <feat xlink:href="#const_0_252" value="NP"/><!-- quite ... girls -->
  <feat xlink:href="#const_2_252" value="NP"/><!-- quite ... there -->
  <feat xlink:href="#const_1_257" value="PP"/><!-- over there -->
  <feat xlink:href="#const_0_258" value="NP"/><!-- there -->
  <feat xlink:href="#const_0_259" value="ADVP"/><!-- back then -->
  <feat xlink:href="#const_1_259" value="PP"/><!-- back ... 2005 -->
  <feat xlink:href="#const_0_262" value="NP"/><!-- 2005 -->
  <feat xlink:href="#const_4_264" value="VP"/><!-- leading ... Netherlands -->
  <feat xlink:href="#const_5_264" value="S"/><!-- leading ... Netherlands -->
  <feat xlink:href="#const_3_265" value="PP"/><!-- into ... Netherlands -->
  <feat xlink:href="#const_0_266" value="NP"/><!-- the ... Cup -->
  <feat xlink:href="#const_2_266" value="NP"/><!-- the ... Netherlands -->
  <feat xlink:href="#const_1_269" value="PP"/><!-- in ... Netherlands -->
  <feat xlink:href="#const_0_270" value="NP"/><!-- the Netherlands -->
  <feat xlink:href="#const_7_273" value="VP"/><!-- Was ... 2005 -->
  <feat xlink:href="#const_8_273" value="S"/><!-- Was ... ? -->
  <feat xlink:href="#const_9_273" value="ROOT"/><!-- Was ... ? -->
  <feat xlink:href="#const_0_274" value="NP"/><!-- that -->
  <feat xlink:href="#const_6_274" value="NP"/><!-- that ... 2005 -->
  <feat xlink:href="#const_0_275" value="NP"/><!-- the one -->
  <feat xlink:href="#const_0_277" value="WHADVP"/><!-- where -->
  <feat xlink:href="#const_5_277" value="SBAR"/><!-- where ... 2005 -->
  <feat xlink:href="#const_0_278" value="NP"/><!-- you -->
  <feat xlink:href="#const_4_278" value="S"/><!-- you ... 2005 -->
  <feat xlink:href="#const_3_279" value="VP"/><!-- were ... 2005 -->
  <feat xlink:href="#const_0_280" value="NP"/><!-- the captain -->
  <feat xlink:href="#const_2_280" value="NP"/><!-- the ... team -->
  <feat xlink:href="#const_1_282" value="PP"/><!-- of ... team -->
  <feat xlink:href="#const_0_283" value="NP"/><!-- the team -->
  <feat xlink:href="#const_1_286" value="PP"/><!-- in 2005 -->
  <feat xlink:href="#const_0_287" value="NP"/><!-- 2005 -->
  <feat xlink:href="#const_3_289" value="S"/><!-- Or ... ? -->
  <feat xlink:href="#const_4_289" value="ROOT"/><!-- Or ... ? -->
  <feat xlink:href="#const_2_290" value="VP"/><!-- was ... one -->
  <feat xlink:href="#const_0_291" value="NP"/><!-- that -->
  <feat xlink:href="#const_1_291" value="S"/><!-- that ... one -->
  <feat xlink:href="#const_0_292" value="NP"/><!-- a ... one -->
  <feat xlink:href="#const_0_296" value="INTJ"/><!-- No -->
  <feat xlink:href="#const_3_296" value="S"/><!-- No ... . -->
  <feat xlink:href="#const_4_296" value="ROOT"/><!-- No ... . -->
  <feat xlink:href="#const_0_298" value="NP"/><!-- I -->
  <feat xlink:href="#const_2_299" value="VP"/><!-- captained ... 2010 -->
  <feat xlink:href="#const_1_300" value="PP"/><!-- in 2010 -->
  <feat xlink:href="#const_0_301" value="NP"/><!-- 2010 -->
  <feat xlink:href="#const_0_303" value="NP"/><!-- So 2009 -->
  <feat xlink:href="#const_1_303" value="NP"/><!-- So ... . -->
  <feat xlink:href="#const_2_303" value="ROOT"/><!-- So ... . -->
  <feat xlink:href="#const_0_306" value="NP"/><!-- 2010 ... Cup -->
  <feat xlink:href="#const_4_310" value="S"/><!-- And ... . -->
  <feat xlink:href="#const_5_310" value="ROOT"/><!-- And ... . -->
  <feat xlink:href="#const_0_311" value="ADVP"/><!-- then -->
  <feat xlink:href="#const_0_312" value="NP"/><!-- I -->
  <feat xlink:href="#const_3_313" value="VP"/><!-- had ... 2011 -->
  <feat xlink:href="#const_0_314" value="NP"/><!-- a bit -->
  <feat xlink:href="#const_2_314" value="NP"/><!-- a ... time -->
  <feat xlink:href="#const_1_316" value="PP"/><!-- of ... time -->
  <feat xlink:href="#const_0_317" value="NP"/><!-- some time -->
  <feat xlink:href="#const_2_319" value="PP"/><!-- off ... 2011 -->
  <feat xlink:href="#const_1_320" value="PP"/><!-- in 2011 -->
  <feat xlink:href="#const_0_321" value="NP"/><!-- 2011 -->
  <feat xlink:href="#const_0_323" value="NP"/><!-- The Gliders -->
  <feat xlink:href="#const_3_323" value="S"/><!-- The ... . -->
  <feat xlink:href="#const_4_323" value="ROOT"/><!-- The ... . -->
  <feat xlink:href="#const_2_325" value="VP"/><!-- have ... Championship -->
  <feat xlink:href="#const_0_326" value="ADVP"/><!-- never -->
  <feat xlink:href="#const_1_327" value="VP"/><!-- won ... Championship -->
  <feat xlink:href="#const_0_328" value="NP"/><!-- the ... Championship -->
  <feat xlink:href="#const_0_332" value="NP"/><!-- We -->
  <feat xlink:href="#const_7_332" value="S"/><!-- We ... . -->
  <feat xlink:href="#const_8_332" value="ROOT"/><!-- We ... . -->
  <feat xlink:href="#const_0_333" value="ADVP"/><!-- always -->
  <feat xlink:href="#const_6_334" value="VP"/><!-- seem ... Cup -->
  <feat xlink:href="#const_4_335" value="VP"/><!-- to ... Cup -->
  <feat xlink:href="#const_5_335" value="S"/><!-- to ... Cup -->
  <feat xlink:href="#const_3_336" value="VP"/><!-- have ... Cup -->
  <feat xlink:href="#const_0_337" value="NP"/><!-- just ... bit -->
  <feat xlink:href="#const_2_337" value="NP"/><!-- just ... chill -->
  <feat xlink:href="#const_1_341" value="PP"/><!-- of ... chill -->
  <feat xlink:href="#const_0_342" value="NP"/><!-- a chill -->
  <feat xlink:href="#const_2_344" value="ADVP"/><!-- out ... Cup -->
  <feat xlink:href="#const_1_345" value="PP"/><!-- at ... Cup -->
  <feat xlink:href="#const_0_346" value="NP"/><!-- the ... Cup -->
  <feat xlink:href="#const_0_350" value="NP"/><!-- I -->
  <feat xlink:href="#const_4_350" value="S"/><!-- I ... . -->
  <feat xlink:href="#const_5_350" value="ROOT"/><!-- I ... . -->
  <feat xlink:href="#const_3_351" value="VP"/><!-- do ... why -->
  <feat xlink:href="#const_2_353" value="VP"/><!-- know why -->
  <feat xlink:href="#const_0_354" value="WHADVP"/><!-- why -->
  <feat xlink:href="#const_1_354" value="SBARQ"/><!-- why -->
  <feat xlink:href="#const_0_356" value="NP"/><!-- It -->
  <feat xlink:href="#const_3_356" value="S"/><!-- It ... . -->
  <feat xlink:href="#const_4_356" value="ROOT"/><!-- It ... . -->
  <feat xlink:href="#const_2_357" value="VP"/><!-- &apos;s ... years -->
  <feat xlink:href="#const_0_358" value="ADVP"/><!-- really -->
  <feat xlink:href="#const_0_359" value="NP"/><!-- strange occurrence -->
  <feat xlink:href="#const_1_362" value="PP"/><!-- over ... years -->
  <feat xlink:href="#const_0_363" value="NP"/><!-- the years -->
  <feat xlink:href="#const_0_366" value="NP"/><!-- 2002 -->
  <feat xlink:href="#const_1_366" value="NP"/><!-- 2002 ... Cup -->
  <feat xlink:href="#const_2_366" value="S"/><!-- 2002 ... . -->
  <feat xlink:href="#const_3_366" value="ROOT"/><!-- 2002 ... . -->
  <feat xlink:href="#const_0_367" value="NP"/><!-- World Cup -->
  <feat xlink:href="#const_0_370" value="NP"/><!-- we -->
  <feat xlink:href="#const_1_371" value="VP"/><!-- won bronze -->
  <feat xlink:href="#const_0_372" value="NP"/><!-- bronze -->
  <feat xlink:href="#const_2_374" value="S"/><!-- Then ... . -->
  <feat xlink:href="#const_3_374" value="ROOT"/><!-- Then ... . -->
  <feat xlink:href="#const_1_375" value="PP"/><!-- in 2006 -->
  <feat xlink:href="#const_0_376" value="NP"/><!-- 2006 -->
  <feat xlink:href="#const_0_377" value="NP"/><!-- we -->
  <feat xlink:href="#const_1_378" value="VP"/><!-- ended ... fourth -->
  <feat xlink:href="#const_0_379" value="PRT"/><!-- up -->
  <feat xlink:href="#const_0_380" value="ADVP"/><!-- fourth -->
  <feat xlink:href="#const_0_382" value="NP"/><!-- It -->
  <feat xlink:href="#const_7_382" value="S"/><!-- It ... . -->
  <feat xlink:href="#const_8_382" value="ROOT"/><!-- It ... . -->
  <feat xlink:href="#const_6_383" value="VP"/><!-- was ... actually -->
  <feat xlink:href="#const_0_384" value="NP"/><!-- one -->
  <feat xlink:href="#const_5_384" value="NP"/><!-- one ... actually -->
  <feat xlink:href="#const_2_385" value="PP"/><!-- of ... Cups -->
  <feat xlink:href="#const_0_386" value="NP"/><!-- the worst -->
  <feat xlink:href="#const_1_386" value="NP"/><!-- the ... Cups -->
  <feat xlink:href="#const_0_388" value="NP"/><!-- World Cups -->
  <feat xlink:href="#const_0_390" value="NP"/><!-- we -->
  <feat xlink:href="#const_3_390" value="S"/><!-- we ... actually -->
  <feat xlink:href="#const_4_390" value="SBAR"/><!-- we ... actually -->
  <feat xlink:href="#const_2_391" value="VP"/><!-- &apos;ve ... actually -->
  <feat xlink:href="#const_1_392" value="VP"/><!-- played actually -->
  <feat xlink:href="#const_0_393" value="ADVP"/><!-- actually -->
  <feat xlink:href="#const_4_395" value="FRAG"/><!-- And ... just -->
  <feat xlink:href="#const_6_395" value="S"/><!-- And ... . -->
  <feat xlink:href="#const_7_395" value="ROOT"/><!-- And ... . -->
  <feat xlink:href="#const_3_397" value="PP"/><!-- in ... just -->
  <feat xlink:href="#const_0_398" value="NP"/><!-- 2010 -->
  <feat xlink:href="#const_2_398" value="NP"/><!-- 2010 ... just -->
  <feat xlink:href="#const_0_399" value="NP"/><!-- we -->
  <feat xlink:href="#const_1_399" value="VP"/><!-- we just -->
  <feat xlink:href="#const_0_400" value="ADVP"/><!-- just -->
  <feat xlink:href="#const_0_402" value="NP"/><!-- I -->
  <feat xlink:href="#const_5_402" value="S"/><!-- I ... happened -->
  <feat xlink:href="#const_4_403" value="VP"/><!-- do ... happened -->
  <feat xlink:href="#const_3_405" value="VP"/><!-- know ... happened -->
  <feat xlink:href="#const_0_406" value="WHNP"/><!-- what -->
  <feat xlink:href="#const_2_406" value="SBAR"/><!-- what happened -->
  <feat xlink:href="#const_0_407" value="VP"/><!-- happened -->
  <feat xlink:href="#const_1_407" value="S"/><!-- happened -->
  <feat xlink:href="#const_0_409" value="NP"/><!-- We -->
  <feat xlink:href="#const_9_409" value="S"/><!-- We ... . -->
  <feat xlink:href="#const_10_409" value="ROOT"/><!-- We ... . -->
  <feat xlink:href="#const_0_410" value="ADVP"/><!-- just -->
  <feat xlink:href="#const_8_411" value="VP"/><!-- did ... would -->
  <feat xlink:href="#const_7_413" value="VP"/><!-- play ... would -->
  <feat xlink:href="#const_0_414" value="ADVP"/><!-- as well -->
  <feat xlink:href="#const_6_414" value="ADVP"/><!-- as ... would -->
  <feat xlink:href="#const_5_416" value="SBAR"/><!-- as ... would -->
  <feat xlink:href="#const_0_417" value="NP"/><!-- we -->
  <feat xlink:href="#const_4_417" value="S"/><!-- we ... would -->
  <feat xlink:href="#const_3_418" value="VP"/><!-- thought ... would -->
  <feat xlink:href="#const_0_419" value="NP"/><!-- we -->
  <feat xlink:href="#const_1_419" value="S"/><!-- we would -->
  <feat xlink:href="#const_2_419" value="SBAR"/><!-- we would -->
  <feat xlink:href="#const_0_420" value="VP"/><!-- would -->
  <feat xlink:href="#const_1_422" value="VP"/><!-- Came fourth -->
  <feat xlink:href="#const_2_422" value="S"/><!-- Came ... . -->
  <feat xlink:href="#const_3_422" value="ROOT"/><!-- Came ... . -->
  <feat xlink:href="#const_0_423" value="ADJP"/><!-- fourth -->
  <feat xlink:href="#const_2_425" value="S"/><!-- But ... ? -->
  <feat xlink:href="#const_3_425" value="ROOT"/><!-- But ... ? -->
  <feat xlink:href="#const_0_426" value="NP"/><!-- you -->
  <feat xlink:href="#const_1_427" value="VP"/><!-- know what -->
  <feat xlink:href="#const_0_428" value="WHNP"/><!-- what -->
  <feat xlink:href="#const_2_430" value="VP"/><!-- Fired ... Paralympics -->
  <feat xlink:href="#const_3_430" value="S"/><!-- Fired ... . -->
  <feat xlink:href="#const_4_430" value="ROOT"/><!-- Fired ... . -->
  <feat xlink:href="#const_0_431" value="NP"/><!-- us -->
  <feat xlink:href="#const_0_432" value="PRT"/><!-- up -->
  <feat xlink:href="#const_1_433" value="PP"/><!-- for ... Paralympics -->
  <feat xlink:href="#const_0_434" value="NP"/><!-- the ... Paralympics -->
  <feat xlink:href="#const_1_438" value="S"/><!-- So ... is -->
  <feat xlink:href="#const_16_438" value="S"/><!-- So ... . -->
  <feat xlink:href="#const_17_438" value="ROOT"/><!-- So ... . -->
  <feat xlink:href="#const_0_439" value="NP"/><!-- the ... Cup -->
  <feat xlink:href="#const_0_442" value="VP"/><!-- is -->
  <feat xlink:href="#const_0_444" value="NP"/><!-- it -->
  <feat xlink:href="#const_11_444" value="S"/><!-- it ... placed -->
  <feat xlink:href="#const_15_444" value="S"/><!-- it ... Paralympics -->
  <feat xlink:href="#const_10_445" value="VP"/><!-- &apos;s ... placed -->
  <feat xlink:href="#const_9_446" value="ADJP"/><!-- good ... placed -->
  <feat xlink:href="#const_7_447" value="VP"/><!-- to ... placed -->
  <feat xlink:href="#const_8_447" value="S"/><!-- to ... placed -->
  <feat xlink:href="#const_6_448" value="VP"/><!-- be ... placed -->
  <feat xlink:href="#const_5_449" value="ADJP"/><!-- able ... Cup -->
  <feat xlink:href="#const_3_450" value="VP"/><!-- to ... Cup -->
  <feat xlink:href="#const_4_450" value="S"/><!-- to ... Cup -->
  <feat xlink:href="#const_2_451" value="VP"/><!-- do ... Cup -->
  <feat xlink:href="#const_0_452" value="ADVP"/><!-- well -->
  <feat xlink:href="#const_1_453" value="PP"/><!-- at ... Cup -->
  <feat xlink:href="#const_0_454" value="NP"/><!-- the ... Cup -->
  <feat xlink:href="#const_2_458" value="VP"/><!-- to ... placed -->
  <feat xlink:href="#const_3_458" value="S"/><!-- to ... placed -->
  <feat xlink:href="#const_1_459" value="VP"/><!-- be placed -->
  <feat xlink:href="#const_0_460" value="VP"/><!-- placed -->
  <feat xlink:href="#const_0_463" value="NP"/><!-- it -->
  <feat xlink:href="#const_14_463" value="S"/><!-- it ... Paralympics -->
  <feat xlink:href="#const_0_464" value="ADVP"/><!-- also -->
  <feat xlink:href="#const_13_465" value="VP"/><!-- means ... Paralympics -->
  <feat xlink:href="#const_12_466" value="SBAR"/><!-- that ... Paralympics -->
  <feat xlink:href="#const_0_467" value="NP"/><!-- you -->
  <feat xlink:href="#const_11_467" value="S"/><!-- you ... Paralympics -->
  <feat xlink:href="#const_10_468" value="VP"/><!-- get ... Paralympics -->
  <feat xlink:href="#const_1_469" value="NP"/><!-- a ... opportunity -->
  <feat xlink:href="#const_0_470" value="ADJP"/><!-- really good -->
  <feat xlink:href="#const_8_473" value="VP"/><!-- to ... Paralympics -->
  <feat xlink:href="#const_9_473" value="S"/><!-- to ... Paralympics -->
  <feat xlink:href="#const_7_474" value="VP"/><!-- know ... Paralympics -->
  <feat xlink:href="#const_0_475" value="WHADVP"/><!-- where -->
  <feat xlink:href="#const_6_475" value="SBAR"/><!-- where ... Paralympics -->
  <feat xlink:href="#const_0_476" value="NP"/><!-- you -->
  <feat xlink:href="#const_5_476" value="S"/><!-- you ... Paralympics -->
  <feat xlink:href="#const_4_477" value="VP"/><!-- &apos;re ... Paralympics -->
  <feat xlink:href="#const_3_478" value="PP"/><!-- at ... Paralympics -->
  <feat xlink:href="#const_0_480" value="NP"/><!-- that ... gap -->
  <feat xlink:href="#const_2_480" value="NP"/><!-- that ... Paralympics -->
  <feat xlink:href="#const_1_484" value="PP"/><!-- between ... Paralympics -->
  <feat xlink:href="#const_0_485" value="NP"/><!-- the Paralympics -->
  <feat xlink:href="#const_10_488" value="S"/><!-- So ... . -->
  <feat xlink:href="#const_11_488" value="ROOT"/><!-- So ... . -->
  <feat xlink:href="#const_0_489" value="NP"/><!-- you -->
  <feat xlink:href="#const_9_490" value="VP"/><!-- can ... at -->
  <feat xlink:href="#const_1_491" value="VP"/><!-- come ... home -->
  <feat xlink:href="#const_8_491" value="VP"/><!-- come ... at -->
  <feat xlink:href="#const_0_492" value="ADVP"/><!-- back home -->
  <feat xlink:href="#const_7_495" value="VP"/><!-- revisit ... at -->
  <feat xlink:href="#const_0_496" value="WHNP"/><!-- what -->
  <feat xlink:href="#const_6_496" value="SBAR"/><!-- what ... at -->
  <feat xlink:href="#const_0_497" value="NP"/><!-- you -->
  <feat xlink:href="#const_5_497" value="S"/><!-- you ... at -->
  <feat xlink:href="#const_3_498" value="VP"/><!-- need ... do -->
  <feat xlink:href="#const_4_498" value="VP"/><!-- need ... at -->
  <feat xlink:href="#const_1_499" value="VP"/><!-- to do -->
  <feat xlink:href="#const_2_499" value="S"/><!-- to do -->
  <feat xlink:href="#const_0_500" value="VP"/><!-- do -->
  <feat xlink:href="#const_2_502" value="PRN"/><!-- , ... , -->
  <feat xlink:href="#const_0_503" value="NP"/><!-- you -->
  <feat xlink:href="#const_1_503" value="S"/><!-- you know -->
  <feat xlink:href="#const_0_504" value="VP"/><!-- know -->
  <feat xlink:href="#const_0_506" value="WHADVP"/><!-- where -->
  <feat xlink:href="#const_3_506" value="SBAR"/><!-- where ... at -->
  <feat xlink:href="#const_0_507" value="NP"/><!-- the team -->
  <feat xlink:href="#const_2_507" value="S"/><!-- the ... at -->
  <feat xlink:href="#const_1_509" value="VP"/><!-- &apos;s at -->
  <feat xlink:href="#const_0_510" value="PP"/><!-- at -->
  <feat xlink:href="#const_3_512" value="FRAG"/><!-- And ... . -->
  <feat xlink:href="#const_4_512" value="ROOT"/><!-- And ... . -->
  <feat xlink:href="#const_0_513" value="NP"/><!-- all ... sort -->
  <feat xlink:href="#const_2_513" value="NP"/><!-- all ... stuff -->
  <feat xlink:href="#const_1_516" value="PP"/><!-- of stuff -->
  <feat xlink:href="#const_0_517" value="NP"/><!-- stuff -->
  <feat xlink:href="#const_0_519" value="ADVP"/><!-- Unfortunately -->
  <feat xlink:href="#const_10_519" value="S"/><!-- Unfortunately ... . -->
  <feat xlink:href="#const_11_519" value="ROOT"/><!-- Unfortunately ... . -->
  <feat xlink:href="#const_0_521" value="NP"/><!-- they -->
  <feat xlink:href="#const_9_522" value="VP"/><!-- are ... Paralympics -->
  <feat xlink:href="#const_8_523" value="VP"/><!-- talking ... Paralympics -->
  <feat xlink:href="#const_0_524" value="PRT"/><!-- about -->
  <feat xlink:href="#const_6_525" value="VP"/><!-- moving ... Paralympics -->
  <feat xlink:href="#const_7_525" value="S"/><!-- moving ... Paralympics -->
  <feat xlink:href="#const_0_526" value="NP"/><!-- it -->
  <feat xlink:href="#const_5_527" value="SBAR"/><!-- so ... Paralympics -->
  <feat xlink:href="#const_0_528" value="NP"/><!-- it -->
  <feat xlink:href="#const_4_528" value="S"/><!-- it ... Paralympics -->
  <feat xlink:href="#const_3_529" value="VP"/><!-- will ... Paralympics -->
  <feat xlink:href="#const_2_530" value="VP"/><!-- be ... Paralympics -->
  <feat xlink:href="#const_1_531" value="PP"/><!-- on ... year -->
  <feat xlink:href="#const_0_532" value="NP"/><!-- the year -->
  <feat xlink:href="#const_1_534" value="PP"/><!-- before ... Paralympics -->
  <feat xlink:href="#const_0_535" value="NP"/><!-- the Paralympics -->
  <feat xlink:href="#const_0_538" value="INTJ"/><!-- Oh -->
  <feat xlink:href="#const_1_538" value="NP"/><!-- Oh really -->
  <feat xlink:href="#const_2_538" value="VP"/><!-- Oh really -->
  <feat xlink:href="#const_3_538" value="S"/><!-- Oh ... . -->
  <feat xlink:href="#const_4_538" value="ROOT"/><!-- Oh ... . -->
  <feat xlink:href="#const_0_539" value="NP"/><!-- really -->
  <feat xlink:href="#const_0_541" value="NP"/><!-- The competition -->
  <feat xlink:href="#const_2_541" value="NP"/><!-- The ... FIFA -->
  <feat xlink:href="#const_3_541" value="NP"/><!-- The ... . -->
  <feat xlink:href="#const_4_541" value="ROOT"/><!-- The ... . -->
  <feat xlink:href="#const_1_543" value="PP"/><!-- from ... FIFA -->
  <feat xlink:href="#const_0_544" value="NP"/><!-- the ... FIFA -->
  <feat xlink:href="#const_0_548" value="NP"/><!-- World Cup -->
  <feat xlink:href="#const_1_548" value="NP"/><!-- World ... all -->
  <feat xlink:href="#const_0_551" value="NP"/><!-- all -->
  <feat xlink:href="#const_0_553" value="ADVP"/><!-- Right . -->
  <feat xlink:href="#const_1_553" value="ROOT"/><!-- Right . -->
  <feat xlink:href="#const_0_555" value="INTJ"/><!-- Well -->
  <feat xlink:href="#const_3_555" value="S"/><!-- Well ... . -->
  <feat xlink:href="#const_4_555" value="ROOT"/><!-- Well ... . -->
  <feat xlink:href="#const_0_557" value="NP"/><!-- that -->
  <feat xlink:href="#const_2_558" value="VP"/><!-- would ... sad -->
  <feat xlink:href="#const_1_559" value="VP"/><!-- be sad -->
  <feat xlink:href="#const_0_560" value="ADJP"/><!-- sad -->
  <feat xlink:href="#const_0_562" value="NP"/><!-- Tina ... . -->
  <feat xlink:href="#const_1_562" value="NP"/><!-- Tina ... Image -->
  <feat xlink:href="#const_2_562" value="NP"/><!-- Tina ... . -->
  <feat xlink:href="#const_3_562" value="ROOT"/><!-- Tina ... . -->
  <feat xlink:href="#const_0_565" value="NP"/><!-- Image -->
  <feat xlink:href="#const_0_567" value="NP"/><!-- Australian ... Committee -->
</featList>
</paula>
