<?xml version="1.0" standalone="no"?>

<!DOCTYPE paula SYSTEM "paula_feat.dtd">
<paula version="1.0">

<header paula_id="dep.GUM.GUM_interview_mckenzie_dep_func"/>

<featList xmlns:xlink="http://www.w3.org/1999/xlink" type="func" xml:base="dep.GUM.GUM_interview_mckenzie.dep.xml">
<feat xlink:href="#rel_3" value="nn"/> <!--January -->
<feat xlink:href="#rel_4" value="appos"/> <!--3 -->
<feat xlink:href="#rel_6" value="tmod"/> <!--2014 -->
<feat xlink:href="#rel_9" value="appos"/> <!--Victoria -->
<feat xlink:href="#rel_11" value="appos"/> <!--Australia -->
<feat xlink:href="#rel_12" value="prep"/> <!--On -->
<feat xlink:href="#rel_13" value="pobj"/> <!--Saturday -->
<feat xlink:href="#rel_15" value="nsubj"/> <!--Wikinews -->
<feat xlink:href="#rel_17" value="nn"/> <!--Tina -->
<feat xlink:href="#rel_18" value="dobj"/> <!--McKenzie -->
<feat xlink:href="#rel_20" value="det"/> <!--a -->
<feat xlink:href="#rel_21" value="amod"/> <!--former -->
<feat xlink:href="#rel_22" value="appos"/> <!--member -->
<feat xlink:href="#rel_23" value="prep"/> <!--of -->
<feat xlink:href="#rel_24" value="det"/> <!--the -->
<feat xlink:href="#rel_25" value="nn"/> <!--Australia -->
<feat xlink:href="#rel_26" value="poss"/> <!--women -->
<feat xlink:href="#rel_27" value="possessive"/> <!--s -->
<feat xlink:href="#rel_28" value="amod"/> <!--national -->
<feat xlink:href="#rel_29" value="nn"/> <!--wheelchair -->
<feat xlink:href="#rel_30" value="nn"/> <!--basketball -->
<feat xlink:href="#rel_31" value="pobj"/> <!--team -->
<feat xlink:href="#rel_33" value="vmod"/> <!--known -->
<feat xlink:href="#rel_34" value="prep"/> <!--as -->
<feat xlink:href="#rel_35" value="det"/> <!--the -->
<feat xlink:href="#rel_36" value="pobj"/> <!--Gliders -->
<feat xlink:href="#rel_38" value="nsubj"/> <!--McKenzie -->
<feat xlink:href="#rel_40" value="dep"/> <!--a -->
<feat xlink:href="#rel_41" value="nn"/> <!--silver -->
<feat xlink:href="#rel_42" value="cc"/> <!--and -->
<feat xlink:href="#rel_43" value="conj"/> <!--bronze -->
<feat xlink:href="#rel_44" value="amod"/> <!--Paralympic -->
<feat xlink:href="#rel_45" value="appos"/> <!--medalist -->
<feat xlink:href="#rel_46" value="prep"/> <!--in -->
<feat xlink:href="#rel_47" value="nn"/> <!--wheelchair -->
<feat xlink:href="#rel_48" value="pobj"/> <!--basketball -->
<feat xlink:href="#rel_51" value="prep"/> <!--from -->
<feat xlink:href="#rel_52" value="det"/> <!--the -->
<feat xlink:href="#rel_53" value="pobj"/> <!--game -->
<feat xlink:href="#rel_54" value="prep"/> <!--after -->
<feat xlink:href="#rel_55" value="det"/> <!--the -->
<feat xlink:href="#rel_56" value="nn"/> <!--2012 -->
<feat xlink:href="#rel_57" value="nn"/> <!--Summer -->
<feat xlink:href="#rel_58" value="pobj"/> <!--Paralympics -->
<feat xlink:href="#rel_59" value="prep"/> <!--in -->
<feat xlink:href="#rel_60" value="pobj"/> <!--London -->
<feat xlink:href="#rel_62" value="nsubj"/> <!--Wikinews -->
<feat xlink:href="#rel_64" value="prt"/> <!--up -->
<feat xlink:href="#rel_65" value="prep"/> <!--with -->
<feat xlink:href="#rel_66" value="pobj"/> <!--her -->
<feat xlink:href="#rel_67" value="prep"/> <!--in -->
<feat xlink:href="#rel_68" value="det"/> <!--a -->
<feat xlink:href="#rel_69" value="pobj"/> <!--cafe -->
<feat xlink:href="#rel_70" value="prep"/> <!--in -->
<feat xlink:href="#rel_71" value="det"/> <!--the -->
<feat xlink:href="#rel_72" value="amod"/> <!--leafy -->
<feat xlink:href="#rel_73" value="nn"/> <!--Melbourne -->
<feat xlink:href="#rel_74" value="pobj"/> <!--suburb -->
<feat xlink:href="#rel_75" value="prep"/> <!--of -->
<feat xlink:href="#rel_76" value="pobj"/> <!--Preston -->
<feat xlink:href="#rel_79" value="det"/> <!--The -->
<feat xlink:href="#rel_80" value="nn"/> <!--Spitfire -->
<feat xlink:href="#rel_81" value="nsubj"/> <!--Tournament -->
<feat xlink:href="#rel_82" value="prep"/> <!--in -->
<feat xlink:href="#rel_83" value="pobj"/> <!--Canada -->
<feat xlink:href="#rel_85" value="cop"/> <!--was -->
<feat xlink:href="#rel_86" value="det"/> <!--a -->
<feat xlink:href="#rel_87" value="advmod"/> <!--really -->
<feat xlink:href="#rel_88" value="amod"/> <!--good -->
<feat xlink:href="#rel_90" value="advmod"/> <!--actually -->
<feat xlink:href="#rel_92" value="nsubj"/> <!--It -->
<feat xlink:href="#rel_93" value="cop"/> <!--was -->
<feat xlink:href="#rel_94" value="det"/> <!--a -->
<feat xlink:href="#rel_96" value="pobj"/> <!--that -->
<feat xlink:href="#rel_97" value="nsubj"/> <!--I -->
<feat xlink:href="#rel_98" value="rcmod"/> <!--wish -->
<feat xlink:href="#rel_99" value="nsubj"/> <!--we -->
<feat xlink:href="#rel_100" value="aux"/> <!--d -->
<feat xlink:href="#rel_101" value="advmod"/> <!--actually -->
<feat xlink:href="#rel_102" value="ccomp"/> <!--gone -->
<feat xlink:href="#rel_103" value="advmod"/> <!--back -->
<feat xlink:href="#rel_104" value="prep"/> <!--to -->
<feat xlink:href="#rel_105" value="advmod"/> <!--more -->
<feat xlink:href="#rel_106" value="advmod"/> <!--often -->
<feat xlink:href="#rel_108" value="nsubj"/> <!--Who -->
<feat xlink:href="#rel_110" value="prep"/> <!--in -->
<feat xlink:href="#rel_111" value="det"/> <!--that -->
<feat xlink:href="#rel_112" value="pobj"/> <!--one -->
<feat xlink:href="#rel_114" value="nsubj"/> <!--It -->
<feat xlink:href="#rel_115" value="cop"/> <!--s -->
<feat xlink:href="#rel_116" value="advmod"/> <!--quite -->
<feat xlink:href="#rel_117" value="det"/> <!--a -->
<feat xlink:href="#rel_118" value="amod"/> <!--large -->
<feat xlink:href="#rel_119" value="amod"/> <!--Canadian -->
<feat xlink:href="#rel_122" value="cc"/> <!--and -->
<feat xlink:href="#rel_123" value="advmod"/> <!--so -->
<feat xlink:href="#rel_124" value="nsubj"/> <!--we -->
<feat xlink:href="#rel_125" value="conj"/> <!--went -->
<feat xlink:href="#rel_126" value="prep"/> <!--as -->
<feat xlink:href="#rel_127" value="det"/> <!--the -->
<feat xlink:href="#rel_128" value="nn"/> <!--Gliders -->
<feat xlink:href="#rel_129" value="pobj"/> <!--team -->
<feat xlink:href="#rel_131" value="advmod"/> <!--So -->
<feat xlink:href="#rel_132" value="nsubj"/> <!--we -->
<feat xlink:href="#rel_133" value="aux"/> <!--were -->
<feat xlink:href="#rel_135" value="aux"/> <!--to -->
<feat xlink:href="#rel_136" value="xcomp"/> <!--get -->
<feat xlink:href="#rel_137" value="quantmod"/> <!--as -->
<feat xlink:href="#rel_138" value="num"/> <!--many -->
<feat xlink:href="#rel_139" value="amod"/> <!--international -->
<feat xlink:href="#rel_140" value="dobj"/> <!--games -->
<feat xlink:href="#rel_141" value="prep"/> <!--as -->
<feat xlink:href="#rel_142" value="pobj"/> <!--possible -->
<feat xlink:href="#rel_144" value="mark"/> <!--Cause -->
<feat xlink:href="#rel_145" value="nsubj"/> <!--that -->
<feat xlink:href="#rel_146" value="cop"/> <!--s -->
<feat xlink:href="#rel_148" value="prep"/> <!--of -->
<feat xlink:href="#rel_149" value="poss"/> <!--our -->
<feat xlink:href="#rel_150" value="pobj"/> <!--problems -->
<feat xlink:href="#rel_151" value="advmod"/> <!--really -->
<feat xlink:href="#rel_153" value="aux"/> <!--to -->
<feat xlink:href="#rel_154" value="vmod"/> <!--compete -->
<feat xlink:href="#rel_156" value="nsubj"/> <!--It -->
<feat xlink:href="#rel_158" value="iobj"/> <!--us -->
<feat xlink:href="#rel_159" value="advmod"/> <!--so -->
<feat xlink:href="#rel_160" value="amod"/> <!--much -->
<feat xlink:href="#rel_161" value="dobj"/> <!--money -->
<feat xlink:href="#rel_162" value="aux"/> <!--to -->
<feat xlink:href="#rel_163" value="mark"/> <!--for -->
<feat xlink:href="#rel_164" value="nsubj"/> <!--us -->
<feat xlink:href="#rel_165" value="aux"/> <!--to -->
<feat xlink:href="#rel_166" value="xcomp"/> <!--travel -->
<feat xlink:href="#rel_167" value="advmod"/> <!--overseas -->
<feat xlink:href="#rel_168" value="cc"/> <!--and -->
<feat xlink:href="#rel_169" value="aux"/> <!--to -->
<feat xlink:href="#rel_170" value="conj"/> <!--compete -->
<feat xlink:href="#rel_171" value="advmod"/> <!--internationally -->
<feat xlink:href="#rel_173" value="cc"/> <!--And -->
<feat xlink:href="#rel_174" value="advmod"/> <!--so -->
<feat xlink:href="#rel_175" value="nsubj"/> <!--we -->
<feat xlink:href="#rel_176" value="aux"/> <!--can -->
<feat xlink:href="#rel_178" value="prep"/> <!--against -->
<feat xlink:href="#rel_179" value="det"/> <!--each -->
<feat xlink:href="#rel_180" value="pobj"/> <!--other -->
<feat xlink:href="#rel_181" value="predet"/> <!--all -->
<feat xlink:href="#rel_182" value="det"/> <!--the -->
<feat xlink:href="#rel_183" value="tmod"/> <!--time -->
<feat xlink:href="#rel_184" value="prep"/> <!--within -->
<feat xlink:href="#rel_185" value="pobj"/> <!--Australia -->
<feat xlink:href="#rel_186" value="cc"/> <!--but -->
<feat xlink:href="#rel_187" value="nsubj"/> <!--we -->
<feat xlink:href="#rel_188" value="advmod"/> <!--really -->
<feat xlink:href="#rel_189" value="conj"/> <!--need -->
<feat xlink:href="#rel_190" value="aux"/> <!--to -->
<feat xlink:href="#rel_191" value="cop"/> <!--be -->
<feat xlink:href="#rel_192" value="xcomp"/> <!--able -->
<feat xlink:href="#rel_193" value="aux"/> <!--to -->
<feat xlink:href="#rel_195" value="nsubj"/> <!--It -->
<feat xlink:href="#rel_196" value="cop"/> <!--s -->
<feat xlink:href="#rel_197" value="neg"/> <!--not -->
<feat xlink:href="#rel_198" value="det"/> <!--the -->
<feat xlink:href="#rel_201" value="discourse"/> <!--No -->
<feat xlink:href="#rel_203" value="nsubj"/> <!--it -->
<feat xlink:href="#rel_204" value="cop"/> <!--s -->
<feat xlink:href="#rel_205" value="advmod"/> <!--really -->
<feat xlink:href="#rel_206" value="conj"/> <!--not -->
<feat xlink:href="#rel_208" value="cc"/> <!--so -->
<feat xlink:href="#rel_209" value="nsubj"/> <!--it -->
<feat xlink:href="#rel_210" value="cop"/> <!--s -->
<feat xlink:href="#rel_211" value="advmod"/> <!--really -->
<feat xlink:href="#rel_213" value="aux"/> <!--to -->
<feat xlink:href="#rel_214" value="cop"/> <!--be -->
<feat xlink:href="#rel_215" value="xcomp"/> <!--able -->
<feat xlink:href="#rel_216" value="aux"/> <!--to -->
<feat xlink:href="#rel_217" value="xcomp"/> <!--get -->
<feat xlink:href="#rel_218" value="advmod"/> <!--as -->
<feat xlink:href="#rel_219" value="det"/> <!--a -->
<feat xlink:href="#rel_220" value="amod"/> <!--many -->
<feat xlink:href="#rel_221" value="amod"/> <!--international -->
<feat xlink:href="#rel_222" value="dobj"/> <!--trips -->
<feat xlink:href="#rel_223" value="prep"/> <!--throughout -->
<feat xlink:href="#rel_224" value="det"/> <!--the -->
<feat xlink:href="#rel_225" value="pobj"/> <!--year -->
<feat xlink:href="#rel_226" value="aux"/> <!--to -->
<feat xlink:href="#rel_227" value="xcomp"/> <!--continue -->
<feat xlink:href="#rel_228" value="poss"/> <!--our -->
<feat xlink:href="#rel_229" value="dobj"/> <!--improvement -->
<feat xlink:href="#rel_231" value="advmod"/> <!--Also -->
<feat xlink:href="#rel_233" value="mark"/> <!--where -->
<feat xlink:href="#rel_234" value="predet"/> <!--all -->
<feat xlink:href="#rel_235" value="det"/> <!--the -->
<feat xlink:href="#rel_236" value="amod"/> <!--other -->
<feat xlink:href="#rel_237" value="nn"/> <!--teams -->
<feat xlink:href="#rel_238" value="advcl"/> <!--are -->
<feat xlink:href="#rel_239" value="prt"/> <!--at -->
<feat xlink:href="#rel_240" value="mwe"/> <!--as -->
<feat xlink:href="#rel_241" value="advmod"/> <!--well -->
<feat xlink:href="#rel_243" value="cc"/> <!--But -->
<feat xlink:href="#rel_244" value="discourse"/> <!--yes -->
<feat xlink:href="#rel_246" value="nsubj"/> <!--Spitfire -->
<feat xlink:href="#rel_247" value="cop"/> <!--was -->
<feat xlink:href="#rel_250" value="nsubj"/> <!--We -->
<feat xlink:href="#rel_252" value="predet"/> <!--quite -->
<feat xlink:href="#rel_253" value="det"/> <!--a -->
<feat xlink:href="#rel_254" value="amod"/> <!--few -->
<feat xlink:href="#rel_255" value="amod"/> <!--new -->
<feat xlink:href="#rel_256" value="dobj"/> <!--girls -->
<feat xlink:href="#rel_257" value="prep"/> <!--over -->
<feat xlink:href="#rel_258" value="pobj"/> <!--there -->
<feat xlink:href="#rel_259" value="advmod"/> <!--back -->
<feat xlink:href="#rel_260" value="advmod"/> <!--then -->
<feat xlink:href="#rel_261" value="prep"/> <!--in -->
<feat xlink:href="#rel_262" value="pobj"/> <!--2005 -->
<feat xlink:href="#rel_264" value="vmod"/> <!--leading -->
<feat xlink:href="#rel_265" value="prep"/> <!--into -->
<feat xlink:href="#rel_266" value="det"/> <!--the -->
<feat xlink:href="#rel_267" value="nn"/> <!--World -->
<feat xlink:href="#rel_268" value="pobj"/> <!--Cup -->
<feat xlink:href="#rel_269" value="prep"/> <!--in -->
<feat xlink:href="#rel_270" value="det"/> <!--the -->
<feat xlink:href="#rel_271" value="pobj"/> <!--Netherlands -->
<feat xlink:href="#rel_273" value="cop"/> <!--Was -->
<feat xlink:href="#rel_274" value="nsubj"/> <!--that -->
<feat xlink:href="#rel_275" value="det"/> <!--the -->
<feat xlink:href="#rel_277" value="mark"/> <!--where -->
<feat xlink:href="#rel_278" value="nsubj"/> <!--you -->
<feat xlink:href="#rel_279" value="cop"/> <!--were -->
<feat xlink:href="#rel_280" value="det"/> <!--the -->
<feat xlink:href="#rel_281" value="rcmod"/> <!--captain -->
<feat xlink:href="#rel_282" value="prep"/> <!--of -->
<feat xlink:href="#rel_283" value="det"/> <!--the -->
<feat xlink:href="#rel_284" value="pobj"/> <!--team -->
<feat xlink:href="#rel_286" value="prep"/> <!--in -->
<feat xlink:href="#rel_287" value="pobj"/> <!--2005 -->
<feat xlink:href="#rel_289" value="cc"/> <!--Or -->
<feat xlink:href="#rel_290" value="cop"/> <!--was -->
<feat xlink:href="#rel_291" value="xcomp"/> <!--that -->
<feat xlink:href="#rel_292" value="det"/> <!--a -->
<feat xlink:href="#rel_293" value="amod"/> <!--later -->
<feat xlink:href="#rel_296" value="discourse"/> <!--No -->
<feat xlink:href="#rel_298" value="nsubj"/> <!--I -->
<feat xlink:href="#rel_300" value="prep"/> <!--in -->
<feat xlink:href="#rel_301" value="pobj"/> <!--2010 -->
<feat xlink:href="#rel_303" value="advmod"/> <!--So -->
<feat xlink:href="#rel_304" value="num"/> <!--2009 -->
<feat xlink:href="#rel_306" value="num"/> <!--2010 -->
<feat xlink:href="#rel_307" value="nn"/> <!--World -->
<feat xlink:href="#rel_310" value="cc"/> <!--And -->
<feat xlink:href="#rel_311" value="advmod"/> <!--then -->
<feat xlink:href="#rel_312" value="nsubj"/> <!--I -->
<feat xlink:href="#rel_314" value="det"/> <!--a -->
<feat xlink:href="#rel_315" value="dobj"/> <!--bit -->
<feat xlink:href="#rel_316" value="prep"/> <!--of -->
<feat xlink:href="#rel_317" value="det"/> <!--some -->
<feat xlink:href="#rel_318" value="pobj"/> <!--time -->
<feat xlink:href="#rel_319" value="prt"/> <!--off -->
<feat xlink:href="#rel_320" value="prep"/> <!--in -->
<feat xlink:href="#rel_321" value="pobj"/> <!--2011 -->
<feat xlink:href="#rel_323" value="det"/> <!--The -->
<feat xlink:href="#rel_324" value="nsubj"/> <!--Gliders -->
<feat xlink:href="#rel_325" value="aux"/> <!--have -->
<feat xlink:href="#rel_326" value="neg"/> <!--never -->
<feat xlink:href="#rel_328" value="det"/> <!--the -->
<feat xlink:href="#rel_329" value="nn"/> <!--World -->
<feat xlink:href="#rel_330" value="dobj"/> <!--Championship -->
<feat xlink:href="#rel_332" value="nsubj"/> <!--We -->
<feat xlink:href="#rel_333" value="advmod"/> <!--always -->
<feat xlink:href="#rel_335" value="aux"/> <!--to -->
<feat xlink:href="#rel_336" value="xcomp"/> <!--have -->
<feat xlink:href="#rel_337" value="advmod"/> <!--just -->
<feat xlink:href="#rel_338" value="det"/> <!--a -->
<feat xlink:href="#rel_339" value="amod"/> <!--little -->
<feat xlink:href="#rel_340" value="dobj"/> <!--bit -->
<feat xlink:href="#rel_341" value="prep"/> <!--of -->
<feat xlink:href="#rel_342" value="det"/> <!--a -->
<feat xlink:href="#rel_343" value="pobj"/> <!--chill -->
<feat xlink:href="#rel_344" value="mwe"/> <!--out -->
<feat xlink:href="#rel_345" value="prep"/> <!--at -->
<feat xlink:href="#rel_346" value="det"/> <!--the -->
<feat xlink:href="#rel_347" value="nn"/> <!--World -->
<feat xlink:href="#rel_348" value="pobj"/> <!--Cup -->
<feat xlink:href="#rel_350" value="nsubj"/> <!--I -->
<feat xlink:href="#rel_351" value="aux"/> <!--do -->
<feat xlink:href="#rel_352" value="neg"/> <!--n&apos;t -->
<feat xlink:href="#rel_354" value="ccomp"/> <!--why -->
<feat xlink:href="#rel_356" value="nsubj"/> <!--It -->
<feat xlink:href="#rel_357" value="cop"/> <!--s -->
<feat xlink:href="#rel_358" value="advmod"/> <!--really -->
<feat xlink:href="#rel_359" value="amod"/> <!--strange -->
<feat xlink:href="#rel_362" value="prep"/> <!--over -->
<feat xlink:href="#rel_363" value="det"/> <!--the -->
<feat xlink:href="#rel_364" value="pobj"/> <!--years -->
<feat xlink:href="#rel_366" value="nn"/> <!--2002 -->
<feat xlink:href="#rel_367" value="nn"/> <!--World -->
<feat xlink:href="#rel_368" value="dep"/> <!--Cup -->
<feat xlink:href="#rel_370" value="nsubj"/> <!--we -->
<feat xlink:href="#rel_371" value="dep"/> <!--won -->
<feat xlink:href="#rel_372" value="dobj"/> <!--bronze -->
<feat xlink:href="#rel_374" value="advmod"/> <!--Then -->
<feat xlink:href="#rel_375" value="prep"/> <!--in -->
<feat xlink:href="#rel_376" value="pobj"/> <!--2006 -->
<feat xlink:href="#rel_377" value="nsubj"/> <!--we -->
<feat xlink:href="#rel_379" value="prt"/> <!--up -->
<feat xlink:href="#rel_380" value="amod"/> <!--fourth -->
<feat xlink:href="#rel_382" value="nsubj"/> <!--It -->
<feat xlink:href="#rel_383" value="cop"/> <!--was -->
<feat xlink:href="#rel_385" value="prep"/> <!--of -->
<feat xlink:href="#rel_386" value="det"/> <!--the -->
<feat xlink:href="#rel_387" value="amod"/> <!--worst -->
<feat xlink:href="#rel_388" value="nn"/> <!--World -->
<feat xlink:href="#rel_389" value="pobj"/> <!--Cups -->
<feat xlink:href="#rel_390" value="nsubj"/> <!--we -->
<feat xlink:href="#rel_391" value="aux"/> <!--ve -->
<feat xlink:href="#rel_392" value="rcmod"/> <!--played -->
<feat xlink:href="#rel_393" value="advmod"/> <!--actually -->
<feat xlink:href="#rel_395" value="cc"/> <!--And -->
<feat xlink:href="#rel_396" value="advmod"/> <!--then -->
<feat xlink:href="#rel_397" value="prep"/> <!--in -->
<feat xlink:href="#rel_398" value="pobj"/> <!--2010 -->
<feat xlink:href="#rel_399" value="nsubj"/> <!--we -->
<feat xlink:href="#rel_400" value="advmod"/> <!--just -->
<feat xlink:href="#rel_402" value="nsubj"/> <!--I -->
<feat xlink:href="#rel_403" value="aux"/> <!--do -->
<feat xlink:href="#rel_404" value="neg"/> <!--n&apos;t -->
<feat xlink:href="#rel_406" value="nsubj"/> <!--what -->
<feat xlink:href="#rel_407" value="ccomp"/> <!--happened -->
<feat xlink:href="#rel_409" value="nsubj"/> <!--We -->
<feat xlink:href="#rel_410" value="advmod"/> <!--just -->
<feat xlink:href="#rel_411" value="aux"/> <!--did -->
<feat xlink:href="#rel_412" value="neg"/> <!--n&apos;t -->
<feat xlink:href="#rel_414" value="mwe"/> <!--as -->
<feat xlink:href="#rel_415" value="cc"/> <!--well -->
<feat xlink:href="#rel_416" value="mwe"/> <!--as -->
<feat xlink:href="#rel_417" value="nsubj"/> <!--we -->
<feat xlink:href="#rel_418" value="conj"/> <!--thought -->
<feat xlink:href="#rel_419" value="nsubj"/> <!--we -->
<feat xlink:href="#rel_420" value="ccomp"/> <!--would -->
<feat xlink:href="#rel_423" value="acomp"/> <!--fourth -->
<feat xlink:href="#rel_425" value="cc"/> <!--But -->
<feat xlink:href="#rel_426" value="nsubj"/> <!--you -->
<feat xlink:href="#rel_428" value="dobj"/> <!--what -->
<feat xlink:href="#rel_431" value="dobj"/> <!--us -->
<feat xlink:href="#rel_432" value="prt"/> <!--up -->
<feat xlink:href="#rel_433" value="prep"/> <!--for -->
<feat xlink:href="#rel_434" value="det"/> <!--the -->
<feat xlink:href="#rel_435" value="amod"/> <!--actual -->
<feat xlink:href="#rel_436" value="pobj"/> <!--Paralympics -->
<feat xlink:href="#rel_438" value="advmod"/> <!--So -->
<feat xlink:href="#rel_439" value="det"/> <!--the -->
<feat xlink:href="#rel_440" value="nn"/> <!--World -->
<feat xlink:href="#rel_441" value="nsubj"/> <!--Cup -->
<feat xlink:href="#rel_444" value="nsubj"/> <!--it -->
<feat xlink:href="#rel_445" value="cop"/> <!--s -->
<feat xlink:href="#rel_446" value="parataxis"/> <!--good -->
<feat xlink:href="#rel_447" value="aux"/> <!--to -->
<feat xlink:href="#rel_448" value="cop"/> <!--be -->
<feat xlink:href="#rel_449" value="xcomp"/> <!--able -->
<feat xlink:href="#rel_450" value="aux"/> <!--to -->
<feat xlink:href="#rel_451" value="xcomp"/> <!--do -->
<feat xlink:href="#rel_452" value="advmod"/> <!--well -->
<feat xlink:href="#rel_453" value="prep"/> <!--at -->
<feat xlink:href="#rel_454" value="det"/> <!--the -->
<feat xlink:href="#rel_455" value="nn"/> <!--World -->
<feat xlink:href="#rel_456" value="pobj"/> <!--Cup -->
<feat xlink:href="#rel_458" value="aux"/> <!--to -->
<feat xlink:href="#rel_459" value="auxpass"/> <!--be -->
<feat xlink:href="#rel_460" value="parataxis"/> <!--placed -->
<feat xlink:href="#rel_462" value="cc"/> <!--but -->
<feat xlink:href="#rel_463" value="nsubj"/> <!--it -->
<feat xlink:href="#rel_464" value="advmod"/> <!--also -->
<feat xlink:href="#rel_465" value="conj"/> <!--means -->
<feat xlink:href="#rel_466" value="mark"/> <!--that -->
<feat xlink:href="#rel_467" value="nsubj"/> <!--you -->
<feat xlink:href="#rel_468" value="ccomp"/> <!--get -->
<feat xlink:href="#rel_469" value="det"/> <!--a -->
<feat xlink:href="#rel_470" value="advmod"/> <!--really -->
<feat xlink:href="#rel_471" value="amod"/> <!--good -->
<feat xlink:href="#rel_472" value="dobj"/> <!--opportunity -->
<feat xlink:href="#rel_473" value="aux"/> <!--to -->
<feat xlink:href="#rel_474" value="xcomp"/> <!--know -->
<feat xlink:href="#rel_475" value="advmod"/> <!--where -->
<feat xlink:href="#rel_476" value="nsubj"/> <!--you -->
<feat xlink:href="#rel_477" value="ccomp"/> <!--re -->
<feat xlink:href="#rel_478" value="prt"/> <!--at -->
<feat xlink:href="#rel_479" value="prep"/> <!--in -->
<feat xlink:href="#rel_480" value="det"/> <!--that -->
<feat xlink:href="#rel_481" value="num"/> <!--two -->
<feat xlink:href="#rel_482" value="nn"/> <!--year -->
<feat xlink:href="#rel_483" value="pobj"/> <!--gap -->
<feat xlink:href="#rel_484" value="prep"/> <!--between -->
<feat xlink:href="#rel_485" value="det"/> <!--the -->
<feat xlink:href="#rel_486" value="pobj"/> <!--Paralympics -->
<feat xlink:href="#rel_488" value="advmod"/> <!--So -->
<feat xlink:href="#rel_489" value="nsubj"/> <!--you -->
<feat xlink:href="#rel_490" value="aux"/> <!--can -->
<feat xlink:href="#rel_492" value="prt"/> <!--back -->
<feat xlink:href="#rel_493" value="dobj"/> <!--home -->
<feat xlink:href="#rel_494" value="cc"/> <!--and -->
<feat xlink:href="#rel_495" value="conj"/> <!--revisit -->
<feat xlink:href="#rel_496" value="dobj"/> <!--what -->
<feat xlink:href="#rel_497" value="nsubj"/> <!--you -->
<feat xlink:href="#rel_498" value="ccomp"/> <!--need -->
<feat xlink:href="#rel_499" value="aux"/> <!--to -->
<feat xlink:href="#rel_500" value="xcomp"/> <!--do -->
<feat xlink:href="#rel_501" value="cc"/> <!--and -->
<feat xlink:href="#rel_503" value="nsubj"/> <!--you -->
<feat xlink:href="#rel_504" value="parataxis"/> <!--know -->
<feat xlink:href="#rel_506" value="pobj"/> <!--where -->
<feat xlink:href="#rel_507" value="det"/> <!--the -->
<feat xlink:href="#rel_508" value="nsubj"/> <!--team -->
<feat xlink:href="#rel_509" value="conj"/> <!--s -->
<feat xlink:href="#rel_510" value="prep"/> <!--at -->
<feat xlink:href="#rel_512" value="cc"/> <!--And -->
<feat xlink:href="#rel_513" value="predet"/> <!--all -->
<feat xlink:href="#rel_514" value="det"/> <!--that -->
<feat xlink:href="#rel_516" value="prep"/> <!--of -->
<feat xlink:href="#rel_517" value="pobj"/> <!--stuff -->
<feat xlink:href="#rel_519" value="advmod"/> <!--Unfortunately -->
<feat xlink:href="#rel_521" value="nsubj"/> <!--they -->
<feat xlink:href="#rel_522" value="aux"/> <!--are -->
<feat xlink:href="#rel_524" value="prt"/> <!--about -->
<feat xlink:href="#rel_525" value="pcomp"/> <!--moving -->
<feat xlink:href="#rel_526" value="dobj"/> <!--it -->
<feat xlink:href="#rel_527" value="cc"/> <!--so -->
<feat xlink:href="#rel_528" value="nsubj"/> <!--it -->
<feat xlink:href="#rel_529" value="aux"/> <!--will -->
<feat xlink:href="#rel_530" value="conj"/> <!--be -->
<feat xlink:href="#rel_531" value="prep"/> <!--on -->
<feat xlink:href="#rel_532" value="det"/> <!--the -->
<feat xlink:href="#rel_533" value="pobj"/> <!--year -->
<feat xlink:href="#rel_534" value="prep"/> <!--before -->
<feat xlink:href="#rel_535" value="det"/> <!--the -->
<feat xlink:href="#rel_536" value="pobj"/> <!--Paralympics -->
<feat xlink:href="#rel_538" value="discourse"/> <!--Oh -->
<feat xlink:href="#rel_541" value="det"/> <!--The -->
<feat xlink:href="#rel_543" value="prep"/> <!--from -->
<feat xlink:href="#rel_544" value="det"/> <!--the -->
<feat xlink:href="#rel_546" value="nn"/> <!--FIFA -->
<feat xlink:href="#rel_548" value="nn"/> <!--World -->
<feat xlink:href="#rel_549" value="pobj"/> <!--Cup -->
<feat xlink:href="#rel_550" value="cc"/> <!--and -->
<feat xlink:href="#rel_551" value="conj"/> <!--all -->
<feat xlink:href="#rel_555" value="discourse"/> <!--Well -->
<feat xlink:href="#rel_557" value="nsubj"/> <!--that -->
<feat xlink:href="#rel_558" value="aux"/> <!--would -->
<feat xlink:href="#rel_559" value="cop"/> <!--be -->
<feat xlink:href="#rel_562" value="nn"/> <!--Tina -->
<feat xlink:href="#rel_565" value="dep"/> <!--Image -->
<feat xlink:href="#rel_567" value="nn"/> <!--Australian -->
<feat xlink:href="#rel_568" value="nn"/> <!--Paralympic -->
<feat xlink:href="#rel_569" value="dep"/> <!--Committee -->
</featList>
</paula>
