<?xml version="1.0" encoding="UTF-8" standalone="no"?>

<!DOCTYPE paula SYSTEM "paula_feat.dtd">
<paula version="1.0">

<header paula_id="GUM.GUM_interview_mckenzie_pos"/>

<featList xmlns:xlink="http://www.w3.org/1999/xlink" type="pos" xml:base="GUM.GUM_interview_mckenzie.tok.xml">
<feat xlink:href="#tok_1" value="NP"/><!-- Friday...2014 -->
<feat xlink:href="#tok_2" value=","/><!-- Friday...2014 -->
<feat xlink:href="#tok_3" value="NP"/><!-- Friday...2014 -->
<feat xlink:href="#tok_4" value="CD"/><!-- Friday...2014 -->
<feat xlink:href="#tok_5" value=","/><!-- Friday...2014 -->
<feat xlink:href="#tok_6" value="CD"/><!-- Friday...2014 -->
<feat xlink:href="#tok_7" value="NP"/><!-- Preston...Australia -->
<feat xlink:href="#tok_8" value=","/><!-- Preston -->
<feat xlink:href="#tok_9" value="NP"/><!-- Preston -->
<feat xlink:href="#tok_10" value=","/><!-- Victoria -->
<feat xlink:href="#tok_11" value="NP"/><!-- Victoria -->
<feat xlink:href="#tok_12" value="IN"/><!-- On.... -->
<feat xlink:href="#tok_13" value="NP"/><!-- On.... -->
<feat xlink:href="#tok_14" value=","/><!-- On.... -->
<feat xlink:href="#tok_15" value="NP"/><!-- On.... -->
<feat xlink:href="#tok_16" value="VVD"/><!-- Wikinews -->
<feat xlink:href="#tok_17" value="NP"/><!-- Wikinews -->
<feat xlink:href="#tok_18" value="NP"/><!-- Tina...McKenzie -->
<feat xlink:href="#tok_19" value=","/><!-- Tina...McKenzie -->
<feat xlink:href="#tok_20" value="DT"/><!-- Tina...McKenzie -->
<feat xlink:href="#tok_21" value="JJ"/><!-- Tina...McKenzie -->
<feat xlink:href="#tok_22" value="NN"/><!-- Tina...McKenzie -->
<feat xlink:href="#tok_23" value="IN"/><!-- Tina...McKenzie -->
<feat xlink:href="#tok_24" value="DT"/><!-- Tina...McKenzie -->
<feat xlink:href="#tok_25" value="NP"/><!-- Tina...McKenzie -->
<feat xlink:href="#tok_26" value="NNS"/><!-- Australia...team -->
<feat xlink:href="#tok_27" value="POS"/><!-- Australia...team -->
<feat xlink:href="#tok_28" value="JJ"/><!-- Australia...team -->
<feat xlink:href="#tok_29" value="NN"/><!-- Australia...team -->
<feat xlink:href="#tok_30" value="NN"/><!-- Australia...team -->
<feat xlink:href="#tok_31" value="NN"/><!-- Australia...team -->
<feat xlink:href="#tok_32" value=","/><!-- Australia...team -->
<feat xlink:href="#tok_33" value="VVN"/><!-- Australia...team -->
<feat xlink:href="#tok_34" value="IN"/><!-- Australia...team -->
<feat xlink:href="#tok_35" value="DT"/><!-- Australia...team -->
<feat xlink:href="#tok_36" value="NPS"/><!-- Australia...team -->
<feat xlink:href="#tok_37" value="SENT"/><!-- Australia...team -->
<feat xlink:href="#tok_38" value="NP"/><!-- McKenzie.... -->
<feat xlink:href="#tok_39" value=","/><!-- McKenzie.... -->
<feat xlink:href="#tok_40" value="DT"/><!-- McKenzie.... -->
<feat xlink:href="#tok_41" value="NN"/><!-- McKenzie.... -->
<feat xlink:href="#tok_42" value="CC"/><!-- McKenzie.... -->
<feat xlink:href="#tok_43" value="NN"/><!-- McKenzie.... -->
<feat xlink:href="#tok_44" value="JJ"/><!-- McKenzie.... -->
<feat xlink:href="#tok_45" value="NN"/><!-- Paralympic -->
<feat xlink:href="#tok_46" value="IN"/><!-- Paralympic -->
<feat xlink:href="#tok_47" value="NN"/><!-- Paralympic -->
<feat xlink:href="#tok_48" value="NN"/><!-- wheelchair...basketball -->
<feat xlink:href="#tok_49" value=","/><!-- wheelchair...basketball -->
<feat xlink:href="#tok_50" value="VVD"/><!-- wheelchair...basketball -->
<feat xlink:href="#tok_51" value="IN"/><!-- wheelchair...basketball -->
<feat xlink:href="#tok_52" value="DT"/><!-- wheelchair...basketball -->
<feat xlink:href="#tok_53" value="NN"/><!-- wheelchair...basketball -->
<feat xlink:href="#tok_54" value="IN"/><!-- wheelchair...basketball -->
<feat xlink:href="#tok_55" value="DT"/><!-- wheelchair...basketball -->
<feat xlink:href="#tok_56" value="CD"/><!-- wheelchair...basketball -->
<feat xlink:href="#tok_57" value="NP"/><!-- 2012...Paralympics -->
<feat xlink:href="#tok_58" value="NPS"/><!-- 2012...Paralympics -->
<feat xlink:href="#tok_59" value="IN"/><!-- 2012...Paralympics -->
<feat xlink:href="#tok_60" value="NP"/><!-- 2012...Paralympics -->
<feat xlink:href="#tok_61" value="SENT"/><!-- 2012...Paralympics -->
<feat xlink:href="#tok_62" value="NP"/><!-- Wikinews.... -->
<feat xlink:href="#tok_63" value="VVD"/><!-- Wikinews -->
<feat xlink:href="#tok_64" value="RP"/><!-- Wikinews -->
<feat xlink:href="#tok_65" value="IN"/><!-- Wikinews -->
<feat xlink:href="#tok_66" value="PP"/><!-- Wikinews -->
<feat xlink:href="#tok_67" value="IN"/><!-- Wikinews -->
<feat xlink:href="#tok_68" value="DT"/><!-- Wikinews -->
<feat xlink:href="#tok_69" value="NN"/><!-- Wikinews -->
<feat xlink:href="#tok_70" value="IN"/><!-- Wikinews -->
<feat xlink:href="#tok_71" value="DT"/><!-- Wikinews -->
<feat xlink:href="#tok_72" value="JJ"/><!-- Wikinews -->
<feat xlink:href="#tok_73" value="NP"/><!-- Wikinews -->
<feat xlink:href="#tok_74" value="NN"/><!-- Melbourne -->
<feat xlink:href="#tok_75" value="IN"/><!-- Melbourne -->
<feat xlink:href="#tok_76" value="NP"/><!-- Melbourne -->
<feat xlink:href="#tok_77" value="SENT"/><!-- Preston -->
<feat xlink:href="#tok_78" value="("/><!-- [.... -->
<feat xlink:href="#tok_79" value="DT"/><!-- [.... -->
<feat xlink:href="#tok_80" value="NN"/><!-- [.... -->
<feat xlink:href="#tok_81" value="NN"/><!-- [.... -->
<feat xlink:href="#tok_82" value="IN"/><!-- [.... -->
<feat xlink:href="#tok_83" value="NP"/><!-- [.... -->
<feat xlink:href="#tok_84" value=")"/><!-- Canada -->
<feat xlink:href="#tok_85" value="VBD"/><!-- Canada -->
<feat xlink:href="#tok_86" value="DT"/><!-- Canada -->
<feat xlink:href="#tok_87" value="RB"/><!-- Canada -->
<feat xlink:href="#tok_88" value="JJ"/><!-- Canada -->
<feat xlink:href="#tok_89" value="NN"/><!-- Canada -->
<feat xlink:href="#tok_90" value="RB"/><!-- Canada -->
<feat xlink:href="#tok_91" value="SENT"/><!-- Canada -->
<feat xlink:href="#tok_92" value="PP"/><!-- It.... -->
<feat xlink:href="#tok_93" value="VBD"/><!-- It.... -->
<feat xlink:href="#tok_94" value="DT"/><!-- It.... -->
<feat xlink:href="#tok_95" value="NN"/><!-- It.... -->
<feat xlink:href="#tok_96" value="IN/that"/><!-- It.... -->
<feat xlink:href="#tok_97" value="PP"/><!-- It.... -->
<feat xlink:href="#tok_98" value="VVP"/><!-- It.... -->
<feat xlink:href="#tok_99" value="PP"/><!-- It.... -->
<feat xlink:href="#tok_100" value="VHD"/><!-- It.... -->
<feat xlink:href="#tok_101" value="RB"/><!-- It.... -->
<feat xlink:href="#tok_102" value="VVN"/><!-- It.... -->
<feat xlink:href="#tok_103" value="RB"/><!-- It.... -->
<feat xlink:href="#tok_104" value="TO"/><!-- It.... -->
<feat xlink:href="#tok_105" value="RBR"/><!-- It.... -->
<feat xlink:href="#tok_106" value="RB"/><!-- It.... -->
<feat xlink:href="#tok_107" value="SENT"/><!-- It.... -->
<feat xlink:href="#tok_108" value="WP"/><!-- Who...? -->
<feat xlink:href="#tok_109" value="VVZ"/><!-- Who...? -->
<feat xlink:href="#tok_110" value="IN"/><!-- Who...? -->
<feat xlink:href="#tok_111" value="DT"/><!-- Who...? -->
<feat xlink:href="#tok_112" value="CD"/><!-- Who...? -->
<feat xlink:href="#tok_113" value="SENT"/><!-- Who...? -->
<feat xlink:href="#tok_114" value="PP"/><!-- It.... -->
<feat xlink:href="#tok_115" value="VBZ"/><!-- It...... -->
<feat xlink:href="#tok_116" value="RB"/><!-- It...... -->
<feat xlink:href="#tok_117" value="DT"/><!-- It...... -->
<feat xlink:href="#tok_118" value="JJ"/><!-- It...... -->
<feat xlink:href="#tok_119" value="JJ"/><!-- It...... -->
<feat xlink:href="#tok_120" value="NN"/><!-- It...... -->
<feat xlink:href="#tok_121" value=","/><!-- It...... -->
<feat xlink:href="#tok_122" value="CC"/><!-- It...... -->
<feat xlink:href="#tok_123" value="RB"/><!-- It...... -->
<feat xlink:href="#tok_124" value="PP"/><!-- It...... -->
<feat xlink:href="#tok_125" value="VVD"/><!-- It...... -->
<feat xlink:href="#tok_126" value="IN"/><!-- It...... -->
<feat xlink:href="#tok_127" value="DT"/><!-- It...... -->
<feat xlink:href="#tok_128" value="NPS"/><!-- It...... -->
<feat xlink:href="#tok_129" value="NN"/><!-- It...... -->
<feat xlink:href="#tok_130" value="SENT"/><!-- It...... -->
<feat xlink:href="#tok_131" value="RB"/><!-- So.... -->
<feat xlink:href="#tok_132" value="PP"/><!-- So.... -->
<feat xlink:href="#tok_133" value="VBD"/><!-- So.... -->
<feat xlink:href="#tok_134" value="VVG"/><!-- So.... -->
<feat xlink:href="#tok_135" value="TO"/><!-- So.... -->
<feat xlink:href="#tok_136" value="VV"/><!-- So.... -->
<feat xlink:href="#tok_137" value="RB"/><!-- So.... -->
<feat xlink:href="#tok_138" value="JJ"/><!-- So.... -->
<feat xlink:href="#tok_139" value="JJ"/><!-- So.... -->
<feat xlink:href="#tok_140" value="NNS"/><!-- So.... -->
<feat xlink:href="#tok_141" value="IN"/><!-- So.... -->
<feat xlink:href="#tok_142" value="JJ"/><!-- So.... -->
<feat xlink:href="#tok_143" value="SENT"/><!-- So.... -->
<feat xlink:href="#tok_144" value="IN"/><!-- Cause.... -->
<feat xlink:href="#tok_145" value="DT"/><!-- Cause.... -->
<feat xlink:href="#tok_146" value="VBZ"/><!-- Cause.... -->
<feat xlink:href="#tok_147" value="CD"/><!-- Cause.... -->
<feat xlink:href="#tok_148" value="IN"/><!-- Cause.... -->
<feat xlink:href="#tok_149" value="PP$"/><!-- Cause.... -->
<feat xlink:href="#tok_150" value="NNS"/><!-- Cause.... -->
<feat xlink:href="#tok_151" value="RB"/><!-- Cause.... -->
<feat xlink:href="#tok_152" value=","/><!-- Cause.... -->
<feat xlink:href="#tok_153" value="TO"/><!-- Cause.... -->
<feat xlink:href="#tok_154" value="VV"/><!-- Cause.... -->
<feat xlink:href="#tok_155" value="SENT"/><!-- Cause.... -->
<feat xlink:href="#tok_156" value="PP"/><!-- It.... -->
<feat xlink:href="#tok_157" value="VVZ"/><!-- It.... -->
<feat xlink:href="#tok_158" value="PP"/><!-- It.... -->
<feat xlink:href="#tok_159" value="RB"/><!-- It.... -->
<feat xlink:href="#tok_160" value="JJ"/><!-- It.... -->
<feat xlink:href="#tok_161" value="NN"/><!-- It.... -->
<feat xlink:href="#tok_162" value="TO"/><!-- It.... -->
<feat xlink:href="#tok_163" value="IN"/><!-- It.... -->
<feat xlink:href="#tok_164" value="PP"/><!-- It.... -->
<feat xlink:href="#tok_165" value="TO"/><!-- It.... -->
<feat xlink:href="#tok_166" value="VV"/><!-- It.... -->
<feat xlink:href="#tok_167" value="RB"/><!-- It.... -->
<feat xlink:href="#tok_168" value="CC"/><!-- It.... -->
<feat xlink:href="#tok_169" value="TO"/><!-- It.... -->
<feat xlink:href="#tok_170" value="VV"/><!-- It.... -->
<feat xlink:href="#tok_171" value="RB"/><!-- It.... -->
<feat xlink:href="#tok_172" value="SENT"/><!-- It.... -->
<feat xlink:href="#tok_173" value="CC"/><!-- And...... -->
<feat xlink:href="#tok_174" value="RB"/><!-- And...... -->
<feat xlink:href="#tok_175" value="PP"/><!-- And...... -->
<feat xlink:href="#tok_176" value="MD"/><!-- And...... -->
<feat xlink:href="#tok_177" value="VV"/><!-- And...... -->
<feat xlink:href="#tok_178" value="IN"/><!-- And...... -->
<feat xlink:href="#tok_179" value="DT"/><!-- And...... -->
<feat xlink:href="#tok_180" value="JJ"/><!-- And...... -->
<feat xlink:href="#tok_181" value="PDT"/><!-- And...... -->
<feat xlink:href="#tok_182" value="DT"/><!-- And...... -->
<feat xlink:href="#tok_183" value="NN"/><!-- And...... -->
<feat xlink:href="#tok_184" value="IN"/><!-- And...... -->
<feat xlink:href="#tok_185" value="NP"/><!-- And...... -->
<feat xlink:href="#tok_186" value="CC"/><!-- And...... -->
<feat xlink:href="#tok_187" value="PP"/><!-- And...... -->
<feat xlink:href="#tok_188" value="RB"/><!-- And...... -->
<feat xlink:href="#tok_189" value="VVP"/><!-- And...... -->
<feat xlink:href="#tok_190" value="TO"/><!-- And...... -->
<feat xlink:href="#tok_191" value="VB"/><!-- And...... -->
<feat xlink:href="#tok_192" value="JJ"/><!-- And...... -->
<feat xlink:href="#tok_193" value="TO"/><!-- And...... -->
<feat xlink:href="#tok_194" value="SENT"/><!-- And...... -->
<feat xlink:href="#tok_195" value="PP"/><!-- It.... -->
<feat xlink:href="#tok_196" value="VBZ"/><!-- It.... -->
<feat xlink:href="#tok_197" value="RB"/><!-- It.... -->
<feat xlink:href="#tok_198" value="DT"/><!-- It.... -->
<feat xlink:href="#tok_199" value="JJ"/><!-- It.... -->
<feat xlink:href="#tok_200" value="SENT"/><!-- It.... -->
<feat xlink:href="#tok_201" value="RB"/><!-- No.... -->
<feat xlink:href="#tok_202" value=","/><!-- No.... -->
<feat xlink:href="#tok_203" value="PP"/><!-- No.... -->
<feat xlink:href="#tok_204" value="VBZ"/><!-- No.... -->
<feat xlink:href="#tok_205" value="RB"/><!-- No.... -->
<feat xlink:href="#tok_206" value="RB"/><!-- No.... -->
<feat xlink:href="#tok_207" value=","/><!-- No.... -->
<feat xlink:href="#tok_208" value="CC"/><!-- No.... -->
<feat xlink:href="#tok_209" value="PP"/><!-- No.... -->
<feat xlink:href="#tok_210" value="VBZ"/><!-- No.... -->
<feat xlink:href="#tok_211" value="RB"/><!-- No.... -->
<feat xlink:href="#tok_212" value="JJ"/><!-- No.... -->
<feat xlink:href="#tok_213" value="TO"/><!-- No.... -->
<feat xlink:href="#tok_214" value="VB"/><!-- No.... -->
<feat xlink:href="#tok_215" value="JJ"/><!-- No.... -->
<feat xlink:href="#tok_216" value="TO"/><!-- No.... -->
<feat xlink:href="#tok_217" value="VV"/><!-- No.... -->
<feat xlink:href="#tok_218" value="IN"/><!-- No.... -->
<feat xlink:href="#tok_219" value="DT"/><!-- No.... -->
<feat xlink:href="#tok_220" value="JJ"/><!-- a -->
<feat xlink:href="#tok_221" value="JJ"/><!-- a -->
<feat xlink:href="#tok_222" value="NNS"/><!-- a -->
<feat xlink:href="#tok_223" value="IN"/><!-- a -->
<feat xlink:href="#tok_224" value="DT"/><!-- a -->
<feat xlink:href="#tok_225" value="NN"/><!-- a -->
<feat xlink:href="#tok_226" value="TO"/><!-- a -->
<feat xlink:href="#tok_227" value="VV"/><!-- a -->
<feat xlink:href="#tok_228" value="PP$"/><!-- a -->
<feat xlink:href="#tok_229" value="NN"/><!-- a -->
<feat xlink:href="#tok_230" value="SENT"/><!-- a -->
<feat xlink:href="#tok_231" value="RB"/><!-- Also.... -->
<feat xlink:href="#tok_232" value="VV"/><!-- Also.... -->
<feat xlink:href="#tok_233" value="WRB"/><!-- Also.... -->
<feat xlink:href="#tok_234" value="PDT"/><!-- Also.... -->
<feat xlink:href="#tok_235" value="DT"/><!-- Also.... -->
<feat xlink:href="#tok_236" value="JJ"/><!-- Also.... -->
<feat xlink:href="#tok_237" value="NNS"/><!-- Also.... -->
<feat xlink:href="#tok_238" value="VBP"/><!-- Also.... -->
<feat xlink:href="#tok_239" value="IN"/><!-- Also.... -->
<feat xlink:href="#tok_240" value="IN"/><!-- Also.... -->
<feat xlink:href="#tok_241" value="RB"/><!-- Also.... -->
<feat xlink:href="#tok_242" value="SENT"/><!-- Also.... -->
<feat xlink:href="#tok_243" value="CC"/><!-- But.... -->
<feat xlink:href="#tok_244" value="UH"/><!-- But.... -->
<feat xlink:href="#tok_245" value=","/><!-- But.... -->
<feat xlink:href="#tok_246" value="NP"/><!-- But.... -->
<feat xlink:href="#tok_247" value="VBD"/><!-- But.... -->
<feat xlink:href="#tok_248" value="JJ"/><!-- But.... -->
<feat xlink:href="#tok_249" value="SENT"/><!-- But.... -->
<feat xlink:href="#tok_250" value="PP"/><!-- We.... -->
<feat xlink:href="#tok_251" value="VVD"/><!-- We.... -->
<feat xlink:href="#tok_252" value="PDT"/><!-- We.... -->
<feat xlink:href="#tok_253" value="DT"/><!-- We.... -->
<feat xlink:href="#tok_254" value="JJ"/><!-- We.... -->
<feat xlink:href="#tok_255" value="JJ"/><!-- We.... -->
<feat xlink:href="#tok_256" value="NNS"/><!-- We.... -->
<feat xlink:href="#tok_257" value="IN"/><!-- We.... -->
<feat xlink:href="#tok_258" value="PP"/><!-- We.... -->
<feat xlink:href="#tok_259" value="RB"/><!-- We.... -->
<feat xlink:href="#tok_260" value="RB"/><!-- We.... -->
<feat xlink:href="#tok_261" value="IN"/><!-- We.... -->
<feat xlink:href="#tok_262" value="CD"/><!-- We.... -->
<feat xlink:href="#tok_263" value=","/><!-- 2005 -->
<feat xlink:href="#tok_264" value="VVG"/><!-- 2005 -->
<feat xlink:href="#tok_265" value="IN"/><!-- 2005 -->
<feat xlink:href="#tok_266" value="DT"/><!-- 2005 -->
<feat xlink:href="#tok_267" value="NP"/><!-- 2005 -->
<feat xlink:href="#tok_268" value="NP"/><!-- World...Cup -->
<feat xlink:href="#tok_269" value="IN"/><!-- World...Cup -->
<feat xlink:href="#tok_270" value="DT"/><!-- World...Cup -->
<feat xlink:href="#tok_271" value="NPS"/><!-- World...Cup -->
<feat xlink:href="#tok_272" value="SENT"/><!-- Netherlands -->
<feat xlink:href="#tok_273" value="VBD"/><!-- Was...? -->
<feat xlink:href="#tok_274" value="DT"/><!-- Was...? -->
<feat xlink:href="#tok_275" value="DT"/><!-- Was...? -->
<feat xlink:href="#tok_276" value="CD"/><!-- Was...? -->
<feat xlink:href="#tok_277" value="WRB"/><!-- Was...? -->
<feat xlink:href="#tok_278" value="PP"/><!-- Was...? -->
<feat xlink:href="#tok_279" value="VBD"/><!-- Was...? -->
<feat xlink:href="#tok_280" value="DT"/><!-- Was...? -->
<feat xlink:href="#tok_281" value="NN"/><!-- Was...? -->
<feat xlink:href="#tok_282" value="IN"/><!-- Was...? -->
<feat xlink:href="#tok_283" value="DT"/><!-- Was...? -->
<feat xlink:href="#tok_284" value="NN"/><!-- Was...? -->
<feat xlink:href="#tok_285" value=","/><!-- Was...? -->
<feat xlink:href="#tok_286" value="IN"/><!-- Was...? -->
<feat xlink:href="#tok_287" value="CD"/><!-- Was...? -->
<feat xlink:href="#tok_288" value="SENT"/><!-- 2005 -->
<feat xlink:href="#tok_289" value="CC"/><!-- Or...? -->
<feat xlink:href="#tok_290" value="VBD"/><!-- Or...? -->
<feat xlink:href="#tok_291" value="DT"/><!-- Or...? -->
<feat xlink:href="#tok_292" value="DT"/><!-- Or...? -->
<feat xlink:href="#tok_293" value="JJR"/><!-- Or...? -->
<feat xlink:href="#tok_294" value="CD"/><!-- Or...? -->
<feat xlink:href="#tok_295" value="SENT"/><!-- Or...? -->
<feat xlink:href="#tok_296" value="RB"/><!-- No.... -->
<feat xlink:href="#tok_297" value=","/><!-- No.... -->
<feat xlink:href="#tok_298" value="PP"/><!-- No.... -->
<feat xlink:href="#tok_299" value="VVD"/><!-- No.... -->
<feat xlink:href="#tok_300" value="IN"/><!-- No.... -->
<feat xlink:href="#tok_301" value="CD"/><!-- No.... -->
<feat xlink:href="#tok_302" value="SENT"/><!-- 2010 -->
<feat xlink:href="#tok_303" value="RB"/><!-- So.... -->
<feat xlink:href="#tok_304" value="CD"/><!-- So.... -->
<feat xlink:href="#tok_305" value=","/><!-- 2009 -->
<feat xlink:href="#tok_306" value="CD"/><!-- 2009 -->
<feat xlink:href="#tok_307" value="NP"/><!-- 2010 -->
<feat xlink:href="#tok_308" value="NP"/><!-- 2010 -->
<feat xlink:href="#tok_309" value="SENT"/><!-- 2010 -->
<feat xlink:href="#tok_310" value="CC"/><!-- And.... -->
<feat xlink:href="#tok_311" value="RB"/><!-- And.... -->
<feat xlink:href="#tok_312" value="PP"/><!-- And.... -->
<feat xlink:href="#tok_313" value="VHD"/><!-- And.... -->
<feat xlink:href="#tok_314" value="DT"/><!-- And.... -->
<feat xlink:href="#tok_315" value="NN"/><!-- And.... -->
<feat xlink:href="#tok_316" value="IN"/><!-- And.... -->
<feat xlink:href="#tok_317" value="DT"/><!-- And.... -->
<feat xlink:href="#tok_318" value="NN"/><!-- And.... -->
<feat xlink:href="#tok_319" value="RP"/><!-- And.... -->
<feat xlink:href="#tok_320" value="IN"/><!-- And.... -->
<feat xlink:href="#tok_321" value="CD"/><!-- And.... -->
<feat xlink:href="#tok_322" value="SENT"/><!-- 2011 -->
<feat xlink:href="#tok_323" value="DT"/><!-- The.... -->
<feat xlink:href="#tok_324" value="NPS"/><!-- The.... -->
<feat xlink:href="#tok_325" value="VHP"/><!-- The.... -->
<feat xlink:href="#tok_326" value="RB"/><!-- The.... -->
<feat xlink:href="#tok_327" value="VVN"/><!-- The.... -->
<feat xlink:href="#tok_328" value="DT"/><!-- The.... -->
<feat xlink:href="#tok_329" value="NN"/><!-- The.... -->
<feat xlink:href="#tok_330" value="NN"/><!-- The.... -->
<feat xlink:href="#tok_331" value="SENT"/><!-- The.... -->
<feat xlink:href="#tok_332" value="PP"/><!-- We.... -->
<feat xlink:href="#tok_333" value="RB"/><!-- We.... -->
<feat xlink:href="#tok_334" value="VVP"/><!-- We.... -->
<feat xlink:href="#tok_335" value="TO"/><!-- We.... -->
<feat xlink:href="#tok_336" value="VH"/><!-- We.... -->
<feat xlink:href="#tok_337" value="RB"/><!-- We.... -->
<feat xlink:href="#tok_338" value="DT"/><!-- We.... -->
<feat xlink:href="#tok_339" value="JJ"/><!-- We.... -->
<feat xlink:href="#tok_340" value="NN"/><!-- We.... -->
<feat xlink:href="#tok_341" value="IN"/><!-- We.... -->
<feat xlink:href="#tok_342" value="DT"/><!-- We.... -->
<feat xlink:href="#tok_343" value="NN"/><!-- We.... -->
<feat xlink:href="#tok_344" value="RP"/><!-- We.... -->
<feat xlink:href="#tok_345" value="IN"/><!-- We.... -->
<feat xlink:href="#tok_346" value="DT"/><!-- We.... -->
<feat xlink:href="#tok_347" value="NP"/><!-- We.... -->
<feat xlink:href="#tok_348" value="NP"/><!-- We.... -->
<feat xlink:href="#tok_349" value="SENT"/><!-- We.... -->
<feat xlink:href="#tok_350" value="PP"/><!-- I.... -->
<feat xlink:href="#tok_351" value="VVP"/><!-- I.... -->
<feat xlink:href="#tok_352" value="RB"/><!-- I.... -->
<feat xlink:href="#tok_353" value="VV"/><!-- I.... -->
<feat xlink:href="#tok_354" value="WRB"/><!-- I.... -->
<feat xlink:href="#tok_355" value="SENT"/><!-- I.... -->
<feat xlink:href="#tok_356" value="PP"/><!-- It.... -->
<feat xlink:href="#tok_357" value="VBZ"/><!-- It.... -->
<feat xlink:href="#tok_358" value="RB"/><!-- It.... -->
<feat xlink:href="#tok_359" value="JJ"/><!-- really...occurrence -->
<feat xlink:href="#tok_360" value="NN"/><!-- really...occurrence -->
<feat xlink:href="#tok_361" value=","/><!-- really...occurrence -->
<feat xlink:href="#tok_362" value="IN"/><!-- really...occurrence -->
<feat xlink:href="#tok_363" value="DT"/><!-- really...occurrence -->
<feat xlink:href="#tok_364" value="NNS"/><!-- really...occurrence -->
<feat xlink:href="#tok_365" value="SENT"/><!-- really...occurrence -->
<feat xlink:href="#tok_366" value="CD"/><!-- 2002.... -->
<feat xlink:href="#tok_367" value="NP"/><!-- 2002.... -->
<feat xlink:href="#tok_368" value="NP"/><!-- 2002.... -->
<feat xlink:href="#tok_369" value=","/><!-- 2002.... -->
<feat xlink:href="#tok_370" value="PP"/><!-- 2002.... -->
<feat xlink:href="#tok_371" value="VVD"/><!-- 2002.... -->
<feat xlink:href="#tok_372" value="NN"/><!-- 2002.... -->
<feat xlink:href="#tok_373" value="SENT"/><!-- 2002.... -->
<feat xlink:href="#tok_374" value="RB"/><!-- Then.... -->
<feat xlink:href="#tok_375" value="IN"/><!-- Then.... -->
<feat xlink:href="#tok_376" value="CD"/><!-- Then.... -->
<feat xlink:href="#tok_377" value="PP"/><!-- 2006 -->
<feat xlink:href="#tok_378" value="VVD"/><!-- 2006 -->
<feat xlink:href="#tok_379" value="RP"/><!-- 2006 -->
<feat xlink:href="#tok_380" value="JJ"/><!-- 2006 -->
<feat xlink:href="#tok_381" value="SENT"/><!-- 2006 -->
<feat xlink:href="#tok_382" value="PP"/><!-- It.... -->
<feat xlink:href="#tok_383" value="VBD"/><!-- It.... -->
<feat xlink:href="#tok_384" value="CD"/><!-- It.... -->
<feat xlink:href="#tok_385" value="IN"/><!-- It.... -->
<feat xlink:href="#tok_386" value="DT"/><!-- It.... -->
<feat xlink:href="#tok_387" value="JJS"/><!-- It.... -->
<feat xlink:href="#tok_388" value="NP"/><!-- It.... -->
<feat xlink:href="#tok_389" value="NPS"/><!-- It.... -->
<feat xlink:href="#tok_390" value="PP"/><!-- It.... -->
<feat xlink:href="#tok_391" value="VHP"/><!-- It.... -->
<feat xlink:href="#tok_392" value="VVN"/><!-- It.... -->
<feat xlink:href="#tok_393" value="RB"/><!-- It.... -->
<feat xlink:href="#tok_394" value="SENT"/><!-- It.... -->
<feat xlink:href="#tok_395" value="CC"/><!-- And.... -->
<feat xlink:href="#tok_396" value="RB"/><!-- And.... -->
<feat xlink:href="#tok_397" value="IN"/><!-- And.... -->
<feat xlink:href="#tok_398" value="CD"/><!-- And.... -->
<feat xlink:href="#tok_399" value="PP"/><!-- 2010 -->
<feat xlink:href="#tok_400" value="RB"/><!-- 2010 -->
<feat xlink:href="#tok_401" value=":"/><!-- 2010 -->
<feat xlink:href="#tok_402" value="PP"/><!-- 2010 -->
<feat xlink:href="#tok_403" value="VVP"/><!-- 2010 -->
<feat xlink:href="#tok_404" value="RB"/><!-- 2010 -->
<feat xlink:href="#tok_405" value="VV"/><!-- 2010 -->
<feat xlink:href="#tok_406" value="WP"/><!-- 2010 -->
<feat xlink:href="#tok_407" value="VVD"/><!-- 2010 -->
<feat xlink:href="#tok_408" value="SENT"/><!-- 2010 -->
<feat xlink:href="#tok_409" value="PP"/><!-- We.... -->
<feat xlink:href="#tok_410" value="RB"/><!-- We.... -->
<feat xlink:href="#tok_411" value="VVD"/><!-- We.... -->
<feat xlink:href="#tok_412" value="RB"/><!-- We.... -->
<feat xlink:href="#tok_413" value="VV"/><!-- We.... -->
<feat xlink:href="#tok_414" value="RB"/><!-- We.... -->
<feat xlink:href="#tok_415" value="RB"/><!-- We.... -->
<feat xlink:href="#tok_416" value="IN"/><!-- We.... -->
<feat xlink:href="#tok_417" value="PP"/><!-- We.... -->
<feat xlink:href="#tok_418" value="VVD"/><!-- We.... -->
<feat xlink:href="#tok_419" value="PP"/><!-- We.... -->
<feat xlink:href="#tok_420" value="MD"/><!-- We.... -->
<feat xlink:href="#tok_421" value="SENT"/><!-- We.... -->
<feat xlink:href="#tok_422" value="VVD"/><!-- Came.... -->
<feat xlink:href="#tok_423" value="JJ"/><!-- Came.... -->
<feat xlink:href="#tok_424" value="SENT"/><!-- Came.... -->
<feat xlink:href="#tok_425" value="CC"/><!-- But...? -->
<feat xlink:href="#tok_426" value="PP"/><!-- But...? -->
<feat xlink:href="#tok_427" value="VVP"/><!-- But...? -->
<feat xlink:href="#tok_428" value="WDT"/><!-- But...? -->
<feat xlink:href="#tok_429" value="SENT"/><!-- But...? -->
<feat xlink:href="#tok_430" value="VVD"/><!-- Fired.... -->
<feat xlink:href="#tok_431" value="PP"/><!-- Fired.... -->
<feat xlink:href="#tok_432" value="RP"/><!-- Fired.... -->
<feat xlink:href="#tok_433" value="IN"/><!-- Fired.... -->
<feat xlink:href="#tok_434" value="DT"/><!-- Fired.... -->
<feat xlink:href="#tok_435" value="JJ"/><!-- Fired.... -->
<feat xlink:href="#tok_436" value="NPS"/><!-- Fired.... -->
<feat xlink:href="#tok_437" value="SENT"/><!-- Fired.... -->
<feat xlink:href="#tok_438" value="RB"/><!-- So.... -->
<feat xlink:href="#tok_439" value="DT"/><!-- So.... -->
<feat xlink:href="#tok_440" value="NP"/><!-- So.... -->
<feat xlink:href="#tok_441" value="NP"/><!-- So.... -->
<feat xlink:href="#tok_442" value="VBZ"/><!-- So.... -->
<feat xlink:href="#tok_443" value=":"/><!-- So.... -->
<feat xlink:href="#tok_444" value="PP"/><!-- So.... -->
<feat xlink:href="#tok_445" value="VBZ"/><!-- So.... -->
<feat xlink:href="#tok_446" value="JJ"/><!-- So.... -->
<feat xlink:href="#tok_447" value="TO"/><!-- So.... -->
<feat xlink:href="#tok_448" value="VB"/><!-- So.... -->
<feat xlink:href="#tok_449" value="JJ"/><!-- So.... -->
<feat xlink:href="#tok_450" value="TO"/><!-- So.... -->
<feat xlink:href="#tok_451" value="VV"/><!-- So.... -->
<feat xlink:href="#tok_452" value="RB"/><!-- So.... -->
<feat xlink:href="#tok_453" value="IN"/><!-- So.... -->
<feat xlink:href="#tok_454" value="DT"/><!-- So.... -->
<feat xlink:href="#tok_455" value="NP"/><!-- So.... -->
<feat xlink:href="#tok_456" value="NP"/><!-- So.... -->
<feat xlink:href="#tok_457" value=","/><!-- So.... -->
<feat xlink:href="#tok_458" value="TO"/><!-- So.... -->
<feat xlink:href="#tok_459" value="VB"/><!-- So.... -->
<feat xlink:href="#tok_460" value="VVN"/><!-- So.... -->
<feat xlink:href="#tok_461" value=","/><!-- So.... -->
<feat xlink:href="#tok_462" value="CC"/><!-- So.... -->
<feat xlink:href="#tok_463" value="PP"/><!-- So.... -->
<feat xlink:href="#tok_464" value="RB"/><!-- So.... -->
<feat xlink:href="#tok_465" value="VVZ"/><!-- So.... -->
<feat xlink:href="#tok_466" value="IN/that"/><!-- So.... -->
<feat xlink:href="#tok_467" value="PP"/><!-- So.... -->
<feat xlink:href="#tok_468" value="VVP"/><!-- So.... -->
<feat xlink:href="#tok_469" value="DT"/><!-- So.... -->
<feat xlink:href="#tok_470" value="RB"/><!-- So.... -->
<feat xlink:href="#tok_471" value="JJ"/><!-- So.... -->
<feat xlink:href="#tok_472" value="NN"/><!-- So.... -->
<feat xlink:href="#tok_473" value="TO"/><!-- So.... -->
<feat xlink:href="#tok_474" value="VV"/><!-- So.... -->
<feat xlink:href="#tok_475" value="WRB"/><!-- So.... -->
<feat xlink:href="#tok_476" value="PP"/><!-- So.... -->
<feat xlink:href="#tok_477" value="VBP"/><!-- So.... -->
<feat xlink:href="#tok_478" value="IN"/><!-- So.... -->
<feat xlink:href="#tok_479" value="IN"/><!-- So.... -->
<feat xlink:href="#tok_480" value="DT"/><!-- So.... -->
<feat xlink:href="#tok_481" value="CD"/><!-- So.... -->
<feat xlink:href="#tok_482" value="NN"/><!-- So.... -->
<feat xlink:href="#tok_483" value="NN"/><!-- So.... -->
<feat xlink:href="#tok_484" value="IN"/><!-- So.... -->
<feat xlink:href="#tok_485" value="DT"/><!-- So.... -->
<feat xlink:href="#tok_486" value="NPS"/><!-- So.... -->
<feat xlink:href="#tok_487" value="SENT"/><!-- So.... -->
<feat xlink:href="#tok_488" value="RB"/><!-- So.... -->
<feat xlink:href="#tok_489" value="PP"/><!-- So.... -->
<feat xlink:href="#tok_490" value="MD"/><!-- So.... -->
<feat xlink:href="#tok_491" value="VV"/><!-- So.... -->
<feat xlink:href="#tok_492" value="RB"/><!-- So.... -->
<feat xlink:href="#tok_493" value="NN"/><!-- So.... -->
<feat xlink:href="#tok_494" value="CC"/><!-- So.... -->
<feat xlink:href="#tok_495" value="VV"/><!-- So.... -->
<feat xlink:href="#tok_496" value="WP"/><!-- So.... -->
<feat xlink:href="#tok_497" value="PP"/><!-- So.... -->
<feat xlink:href="#tok_498" value="VVP"/><!-- So.... -->
<feat xlink:href="#tok_499" value="TO"/><!-- So.... -->
<feat xlink:href="#tok_500" value="VV"/><!-- So.... -->
<feat xlink:href="#tok_501" value="CC"/><!-- So.... -->
<feat xlink:href="#tok_502" value=","/><!-- So.... -->
<feat xlink:href="#tok_503" value="PP"/><!-- So.... -->
<feat xlink:href="#tok_504" value="VVP"/><!-- So.... -->
<feat xlink:href="#tok_505" value=","/><!-- So.... -->
<feat xlink:href="#tok_506" value="WRB"/><!-- So.... -->
<feat xlink:href="#tok_507" value="DT"/><!-- So.... -->
<feat xlink:href="#tok_508" value="NN"/><!-- So.... -->
<feat xlink:href="#tok_509" value="VBZ"/><!-- So.... -->
<feat xlink:href="#tok_510" value="IN"/><!-- So.... -->
<feat xlink:href="#tok_511" value="SENT"/><!-- So.... -->
<feat xlink:href="#tok_512" value="CC"/><!-- And.... -->
<feat xlink:href="#tok_513" value="PDT"/><!-- And.... -->
<feat xlink:href="#tok_514" value="DT"/><!-- And.... -->
<feat xlink:href="#tok_515" value="NN"/><!-- And.... -->
<feat xlink:href="#tok_516" value="IN"/><!-- And.... -->
<feat xlink:href="#tok_517" value="NN"/><!-- And.... -->
<feat xlink:href="#tok_518" value="SENT"/><!-- And.... -->
<feat xlink:href="#tok_519" value="RB"/><!-- Unfortunately.... -->
<feat xlink:href="#tok_520" value=","/><!-- Unfortunately.... -->
<feat xlink:href="#tok_521" value="PP"/><!-- Unfortunately.... -->
<feat xlink:href="#tok_522" value="VBP"/><!-- Unfortunately.... -->
<feat xlink:href="#tok_523" value="VVG"/><!-- Unfortunately.... -->
<feat xlink:href="#tok_524" value="RP"/><!-- Unfortunately.... -->
<feat xlink:href="#tok_525" value="VVG"/><!-- Unfortunately.... -->
<feat xlink:href="#tok_526" value="PP"/><!-- Unfortunately.... -->
<feat xlink:href="#tok_527" value="RB"/><!-- Unfortunately.... -->
<feat xlink:href="#tok_528" value="PP"/><!-- Unfortunately.... -->
<feat xlink:href="#tok_529" value="MD"/><!-- Unfortunately.... -->
<feat xlink:href="#tok_530" value="VB"/><!-- Unfortunately.... -->
<feat xlink:href="#tok_531" value="IN"/><!-- Unfortunately.... -->
<feat xlink:href="#tok_532" value="DT"/><!-- Unfortunately.... -->
<feat xlink:href="#tok_533" value="NN"/><!-- Unfortunately.... -->
<feat xlink:href="#tok_534" value="IN"/><!-- Unfortunately.... -->
<feat xlink:href="#tok_535" value="DT"/><!-- Unfortunately.... -->
<feat xlink:href="#tok_536" value="NPS"/><!-- Unfortunately.... -->
<feat xlink:href="#tok_537" value="SENT"/><!-- Unfortunately.... -->
<feat xlink:href="#tok_538" value="UH"/><!-- Oh.... -->
<feat xlink:href="#tok_539" value="RB"/><!-- Oh.... -->
<feat xlink:href="#tok_540" value="SENT"/><!-- Oh.... -->
<feat xlink:href="#tok_541" value="DT"/><!-- The.... -->
<feat xlink:href="#tok_542" value="NN"/><!-- The.... -->
<feat xlink:href="#tok_543" value="IN"/><!-- The.... -->
<feat xlink:href="#tok_544" value="DT"/><!-- The.... -->
<feat xlink:href="#tok_545" value="("/><!-- The.... -->
<feat xlink:href="#tok_546" value="NP"/><!-- The.... -->
<feat xlink:href="#tok_547" value=")"/><!-- FIFA -->
<feat xlink:href="#tok_548" value="NP"/><!-- FIFA -->
<feat xlink:href="#tok_549" value="NP"/><!-- FIFA -->
<feat xlink:href="#tok_550" value="CC"/><!-- FIFA -->
<feat xlink:href="#tok_551" value="PDT"/><!-- FIFA -->
<feat xlink:href="#tok_552" value="SENT"/><!-- FIFA -->
<feat xlink:href="#tok_553" value="RB"/><!-- Right.... -->
<feat xlink:href="#tok_554" value="SENT"/><!-- Right.... -->
<feat xlink:href="#tok_555" value="RB"/><!-- Well.... -->
<feat xlink:href="#tok_556" value=","/><!-- Well.... -->
<feat xlink:href="#tok_557" value="DT"/><!-- Well.... -->
<feat xlink:href="#tok_558" value="MD"/><!-- Well.... -->
<feat xlink:href="#tok_559" value="VB"/><!-- Well.... -->
<feat xlink:href="#tok_560" value="JJ"/><!-- Well.... -->
<feat xlink:href="#tok_561" value="SENT"/><!-- Well.... -->
<feat xlink:href="#tok_562" value="NP"/><!-- Tina.... -->
<feat xlink:href="#tok_563" value="NP"/><!-- Tina.... -->
<feat xlink:href="#tok_564" value="SENT"/><!-- Tina.... -->
<feat xlink:href="#tok_565" value="NN"/><!-- Tina.... -->
<feat xlink:href="#tok_566" value=":"/><!-- Tina.... -->
<feat xlink:href="#tok_567" value="NP"/><!-- Tina.... -->
<feat xlink:href="#tok_568" value="NP"/><!-- Australian...Committee -->
<feat xlink:href="#tok_569" value="NP"/><!-- Australian...Committee -->
<feat xlink:href="#tok_570" value="SENT"/><!-- Australian...Committee -->
</featList>
</paula>
