<?xml version="1.0" encoding="UTF-8" standalone="no"?>

<!DOCTYPE paula SYSTEM "paula_feat.dtd">
<paula version="1.0">

<header paula_id="GUM.GUM_interview_mckenzie_claws5"/>

<featList xmlns:xlink="http://www.w3.org/1999/xlink" type="claws5" xml:base="GUM.GUM_interview_mckenzie.tok.xml">
<feat xlink:href="#tok_1" value="NP0"/><!-- Friday...2014 -->
<feat xlink:href="#tok_2" value="PUN"/><!-- Friday...2014 -->
<feat xlink:href="#tok_3" value="NP0"/><!-- Friday...2014 -->
<feat xlink:href="#tok_4" value="CRD"/><!-- Friday...2014 -->
<feat xlink:href="#tok_5" value="PUN"/><!-- Friday...2014 -->
<feat xlink:href="#tok_6" value="CRD"/><!-- Friday...2014 -->
<feat xlink:href="#tok_7" value="NP0"/><!-- Preston -->
<feat xlink:href="#tok_8" value="PUN"/><!-- Preston -->
<feat xlink:href="#tok_9" value="NP0"/><!-- Victoria -->
<feat xlink:href="#tok_10" value="PUN"/><!-- Victoria -->
<feat xlink:href="#tok_11" value="NP0"/><!-- Australia -->
<feat xlink:href="#tok_12" value="PRP"/><!-- On.... -->
<feat xlink:href="#tok_13" value="NP0"/><!-- On.... -->
<feat xlink:href="#tok_14" value="PUN"/><!-- On.... -->
<feat xlink:href="#tok_15" value="NP0"/><!-- Wikinews -->
<feat xlink:href="#tok_16" value="VVD"/><!-- Wikinews -->
<feat xlink:href="#tok_17" value="NP0"/><!-- Tina...McKenzie -->
<feat xlink:href="#tok_18" value="NP0"/><!-- Tina...McKenzie -->
<feat xlink:href="#tok_19" value="PUN"/><!-- Tina...McKenzie -->
<feat xlink:href="#tok_20" value="AT0"/><!-- Tina...McKenzie -->
<feat xlink:href="#tok_21" value="DT0"/><!-- Tina...McKenzie -->
<feat xlink:href="#tok_22" value="NN1"/><!-- Tina...McKenzie -->
<feat xlink:href="#tok_23" value="PRF"/><!-- Tina...McKenzie -->
<feat xlink:href="#tok_24" value="AT0"/><!-- Tina...McKenzie -->
<feat xlink:href="#tok_25" value="NP0"/><!-- Australia...team -->
<feat xlink:href="#tok_26" value="NN2"/><!-- Australia...team -->
<feat xlink:href="#tok_27" value="ZZ0"/><!-- Australia...team -->
<feat xlink:href="#tok_28" value="AJ0"/><!-- Australia...team -->
<feat xlink:href="#tok_29" value="NN1"/><!-- Australia...team -->
<feat xlink:href="#tok_30" value="NN1"/><!-- Australia...team -->
<feat xlink:href="#tok_31" value="NN1"/><!-- Australia...team -->
<feat xlink:href="#tok_32" value="PUN"/><!-- Australia...team -->
<feat xlink:href="#tok_33" value="VVN"/><!-- Australia...team -->
<feat xlink:href="#tok_34" value="PRP"/><!-- Australia...team -->
<feat xlink:href="#tok_35" value="AT0"/><!-- Australia...team -->
<feat xlink:href="#tok_36" value="NN2"/><!-- Australia...team -->
<feat xlink:href="#tok_37" value="PUN"/><!-- Australia...team -->
<feat xlink:href="#tok_38" value="NP0"/><!-- McKenzie.... -->
<feat xlink:href="#tok_39" value="PUN"/><!-- McKenzie.... -->
<feat xlink:href="#tok_40" value="AT0"/><!-- McKenzie.... -->
<feat xlink:href="#tok_41" value="NN1"/><!-- McKenzie.... -->
<feat xlink:href="#tok_42" value="CJC"/><!-- McKenzie.... -->
<feat xlink:href="#tok_43" value="NN1"/><!-- McKenzie.... -->
<feat xlink:href="#tok_44" value="AJ0"/><!-- Paralympic -->
<feat xlink:href="#tok_45" value="NN1"/><!-- Paralympic -->
<feat xlink:href="#tok_46" value="PRP"/><!-- Paralympic -->
<feat xlink:href="#tok_47" value="NN1"/><!-- wheelchair...basketball -->
<feat xlink:href="#tok_48" value="NN1"/><!-- wheelchair...basketball -->
<feat xlink:href="#tok_49" value="PUN"/><!-- wheelchair...basketball -->
<feat xlink:href="#tok_50" value="VVN"/><!-- wheelchair...basketball -->
<feat xlink:href="#tok_51" value="PRP"/><!-- wheelchair...basketball -->
<feat xlink:href="#tok_52" value="AT0"/><!-- wheelchair...basketball -->
<feat xlink:href="#tok_53" value="NN1"/><!-- wheelchair...basketball -->
<feat xlink:href="#tok_54" value="PRP"/><!-- wheelchair...basketball -->
<feat xlink:href="#tok_55" value="AT0"/><!-- wheelchair...basketball -->
<feat xlink:href="#tok_56" value="CRD"/><!-- 2012...Paralympics -->
<feat xlink:href="#tok_57" value="NN1"/><!-- 2012...Paralympics -->
<feat xlink:href="#tok_58" value="NN2"/><!-- 2012...Paralympics -->
<feat xlink:href="#tok_59" value="PRP"/><!-- 2012...Paralympics -->
<feat xlink:href="#tok_60" value="NP0"/><!-- 2012...Paralympics -->
<feat xlink:href="#tok_61" value="PUN"/><!-- 2012...Paralympics -->
<feat xlink:href="#tok_62" value="NP0"/><!-- Wikinews -->
<feat xlink:href="#tok_63" value="VVD"/><!-- Wikinews -->
<feat xlink:href="#tok_64" value="AVP"/><!-- Wikinews -->
<feat xlink:href="#tok_65" value="PRP"/><!-- Wikinews -->
<feat xlink:href="#tok_66" value="PNP"/><!-- Wikinews -->
<feat xlink:href="#tok_67" value="PRP"/><!-- Wikinews -->
<feat xlink:href="#tok_68" value="AT0"/><!-- Wikinews -->
<feat xlink:href="#tok_69" value="NN1"/><!-- Wikinews -->
<feat xlink:href="#tok_70" value="PRP"/><!-- Wikinews -->
<feat xlink:href="#tok_71" value="AT0"/><!-- Wikinews -->
<feat xlink:href="#tok_72" value="AJ0"/><!-- Wikinews -->
<feat xlink:href="#tok_73" value="NP0"/><!-- Melbourne -->
<feat xlink:href="#tok_74" value="NN1"/><!-- Melbourne -->
<feat xlink:href="#tok_75" value="PRF"/><!-- Melbourne -->
<feat xlink:href="#tok_76" value="NP0"/><!-- Preston -->
<feat xlink:href="#tok_77" value="PUN"/><!-- Preston -->
<feat xlink:href="#tok_78" value="UNC"/><!-- [.... -->
<feat xlink:href="#tok_79" value="AT0"/><!-- [.... -->
<feat xlink:href="#tok_80" value="NN1"/><!-- [.... -->
<feat xlink:href="#tok_81" value="NN1"/><!-- [.... -->
<feat xlink:href="#tok_82" value="PRP"/><!-- [.... -->
<feat xlink:href="#tok_83" value="NP0"/><!-- Canada -->
<feat xlink:href="#tok_84" value="NP0"/><!-- Canada -->
<feat xlink:href="#tok_85" value="VBD"/><!-- Canada -->
<feat xlink:href="#tok_86" value="AT0"/><!-- Canada -->
<feat xlink:href="#tok_87" value="AV0"/><!-- Canada -->
<feat xlink:href="#tok_88" value="AJ0"/><!-- Canada -->
<feat xlink:href="#tok_89" value="NN1"/><!-- Canada -->
<feat xlink:href="#tok_90" value="AV0"/><!-- Canada -->
<feat xlink:href="#tok_91" value="PUN"/><!-- Canada -->
<feat xlink:href="#tok_92" value="PNP"/><!-- It.... -->
<feat xlink:href="#tok_93" value="VBD"/><!-- It.... -->
<feat xlink:href="#tok_94" value="AT0"/><!-- It.... -->
<feat xlink:href="#tok_95" value="NN1"/><!-- It.... -->
<feat xlink:href="#tok_96" value="CJT"/><!-- It.... -->
<feat xlink:href="#tok_97" value="PNP"/><!-- It.... -->
<feat xlink:href="#tok_98" value="VVB"/><!-- It.... -->
<feat xlink:href="#tok_99" value="PNP"/><!-- It.... -->
<feat xlink:href="#tok_100" value="CRD"/><!-- It.... -->
<feat xlink:href="#tok_101" value="AV0"/><!-- It.... -->
<feat xlink:href="#tok_102" value="VVN"/><!-- It.... -->
<feat xlink:href="#tok_103" value="AVP"/><!-- It.... -->
<feat xlink:href="#tok_104" value="PRP"/><!-- It.... -->
<feat xlink:href="#tok_105" value="DT0"/><!-- It.... -->
<feat xlink:href="#tok_106" value="AV0"/><!-- It.... -->
<feat xlink:href="#tok_107" value="PUN"/><!-- It.... -->
<feat xlink:href="#tok_108" value="PNQ"/><!-- Who...? -->
<feat xlink:href="#tok_109" value="VVZ"/><!-- Who...? -->
<feat xlink:href="#tok_110" value="PRP"/><!-- Who...? -->
<feat xlink:href="#tok_111" value="DT0"/><!-- Who...? -->
<feat xlink:href="#tok_112" value="CRD"/><!-- Who...? -->
<feat xlink:href="#tok_113" value="PUN"/><!-- Who...? -->
<feat xlink:href="#tok_114" value="PNP"/><!-- It...... -->
<feat xlink:href="#tok_115" value="UNC"/><!-- It...... -->
<feat xlink:href="#tok_116" value="AV0"/><!-- It...... -->
<feat xlink:href="#tok_117" value="AT0"/><!-- It...... -->
<feat xlink:href="#tok_118" value="AJ0"/><!-- It...... -->
<feat xlink:href="#tok_119" value="AJ0"/><!-- It...... -->
<feat xlink:href="#tok_120" value="NN1"/><!-- It...... -->
<feat xlink:href="#tok_121" value="PUN"/><!-- It...... -->
<feat xlink:href="#tok_122" value="CJC"/><!-- It...... -->
<feat xlink:href="#tok_123" value="CJS"/><!-- It...... -->
<feat xlink:href="#tok_124" value="PNP"/><!-- It...... -->
<feat xlink:href="#tok_125" value="VVD"/><!-- It...... -->
<feat xlink:href="#tok_126" value="PRP"/><!-- It...... -->
<feat xlink:href="#tok_127" value="AT0"/><!-- It...... -->
<feat xlink:href="#tok_128" value="NN2"/><!-- It...... -->
<feat xlink:href="#tok_129" value="NN1"/><!-- It...... -->
<feat xlink:href="#tok_130" value="PUN"/><!-- It...... -->
<feat xlink:href="#tok_131" value="CJS"/><!-- So.... -->
<feat xlink:href="#tok_132" value="PNP"/><!-- So.... -->
<feat xlink:href="#tok_133" value="VBD"/><!-- So.... -->
<feat xlink:href="#tok_134" value="VVG"/><!-- So.... -->
<feat xlink:href="#tok_135" value="TO0"/><!-- So.... -->
<feat xlink:href="#tok_136" value="VVI"/><!-- So.... -->
<feat xlink:href="#tok_137" value="PRP"/><!-- So.... -->
<feat xlink:href="#tok_138" value="DT0"/><!-- So.... -->
<feat xlink:href="#tok_139" value="AJ0"/><!-- So.... -->
<feat xlink:href="#tok_140" value="NN2"/><!-- So.... -->
<feat xlink:href="#tok_141" value="PRP"/><!-- So.... -->
<feat xlink:href="#tok_142" value="AJ0"/><!-- So.... -->
<feat xlink:href="#tok_143" value="PUN"/><!-- So.... -->
<feat xlink:href="#tok_144" value="VVB"/><!-- Cause.... -->
<feat xlink:href="#tok_145" value="CJT"/><!-- Cause.... -->
<feat xlink:href="#tok_146" value="ZZ0"/><!-- Cause.... -->
<feat xlink:href="#tok_147" value="PNI"/><!-- Cause.... -->
<feat xlink:href="#tok_148" value="PRF"/><!-- Cause.... -->
<feat xlink:href="#tok_149" value="DPS"/><!-- Cause.... -->
<feat xlink:href="#tok_150" value="NN2"/><!-- Cause.... -->
<feat xlink:href="#tok_151" value="AV0"/><!-- Cause.... -->
<feat xlink:href="#tok_152" value="PUN"/><!-- Cause.... -->
<feat xlink:href="#tok_153" value="TO0"/><!-- Cause.... -->
<feat xlink:href="#tok_154" value="VVI"/><!-- Cause.... -->
<feat xlink:href="#tok_155" value="PUN"/><!-- Cause.... -->
<feat xlink:href="#tok_156" value="PNP"/><!-- It.... -->
<feat xlink:href="#tok_157" value="VVZ"/><!-- It.... -->
<feat xlink:href="#tok_158" value="PNP"/><!-- It.... -->
<feat xlink:href="#tok_159" value="AV0"/><!-- It.... -->
<feat xlink:href="#tok_160" value="DT0"/><!-- It.... -->
<feat xlink:href="#tok_161" value="NN1"/><!-- It.... -->
<feat xlink:href="#tok_162" value="PRP"/><!-- It.... -->
<feat xlink:href="#tok_163" value="PRP"/><!-- It.... -->
<feat xlink:href="#tok_164" value="PNP"/><!-- It.... -->
<feat xlink:href="#tok_165" value="TO0"/><!-- It.... -->
<feat xlink:href="#tok_166" value="VVI"/><!-- It.... -->
<feat xlink:href="#tok_167" value="AV0"/><!-- It.... -->
<feat xlink:href="#tok_168" value="CJC"/><!-- It.... -->
<feat xlink:href="#tok_169" value="TO0"/><!-- It.... -->
<feat xlink:href="#tok_170" value="VVI"/><!-- It.... -->
<feat xlink:href="#tok_171" value="AV0"/><!-- It.... -->
<feat xlink:href="#tok_172" value="PUN"/><!-- It.... -->
<feat xlink:href="#tok_173" value="CJC"/><!-- And...... -->
<feat xlink:href="#tok_174" value="CJS"/><!-- And...... -->
<feat xlink:href="#tok_175" value="PNP"/><!-- And...... -->
<feat xlink:href="#tok_176" value="VM0"/><!-- And...... -->
<feat xlink:href="#tok_177" value="VVI"/><!-- And...... -->
<feat xlink:href="#tok_178" value="PRP"/><!-- And...... -->
<feat xlink:href="#tok_179" value="DT0"/><!-- And...... -->
<feat xlink:href="#tok_180" value="AJ0"/><!-- And...... -->
<feat xlink:href="#tok_181" value="DT0"/><!-- And...... -->
<feat xlink:href="#tok_182" value="AT0"/><!-- And...... -->
<feat xlink:href="#tok_183" value="NN1"/><!-- And...... -->
<feat xlink:href="#tok_184" value="PRP"/><!-- And...... -->
<feat xlink:href="#tok_185" value="NP0"/><!-- And...... -->
<feat xlink:href="#tok_186" value="CJC"/><!-- And...... -->
<feat xlink:href="#tok_187" value="PNP"/><!-- And...... -->
<feat xlink:href="#tok_188" value="AV0"/><!-- And...... -->
<feat xlink:href="#tok_189" value="VVB"/><!-- And...... -->
<feat xlink:href="#tok_190" value="TO0"/><!-- And...... -->
<feat xlink:href="#tok_191" value="VBI"/><!-- And...... -->
<feat xlink:href="#tok_192" value="AJ0"/><!-- And...... -->
<feat xlink:href="#tok_193" value="TO0"/><!-- And...... -->
<feat xlink:href="#tok_194" value="PUN"/><!-- And...... -->
<feat xlink:href="#tok_195" value="PNP"/><!-- It.... -->
<feat xlink:href="#tok_196" value="UNC"/><!-- It.... -->
<feat xlink:href="#tok_197" value="XX0"/><!-- It.... -->
<feat xlink:href="#tok_198" value="AT0"/><!-- It.... -->
<feat xlink:href="#tok_199" value="DT0"/><!-- It.... -->
<feat xlink:href="#tok_200" value="PUN"/><!-- It.... -->
<feat xlink:href="#tok_201" value="AV0"/><!-- No.... -->
<feat xlink:href="#tok_202" value="PUN"/><!-- No.... -->
<feat xlink:href="#tok_203" value="PNP"/><!-- No.... -->
<feat xlink:href="#tok_204" value="UNC"/><!-- No.... -->
<feat xlink:href="#tok_205" value="AV0"/><!-- No.... -->
<feat xlink:href="#tok_206" value="XX0"/><!-- No.... -->
<feat xlink:href="#tok_207" value="PUN"/><!-- No.... -->
<feat xlink:href="#tok_208" value="CJS"/><!-- No.... -->
<feat xlink:href="#tok_209" value="PNP"/><!-- No.... -->
<feat xlink:href="#tok_210" value="UNC"/><!-- No.... -->
<feat xlink:href="#tok_211" value="AV0"/><!-- No.... -->
<feat xlink:href="#tok_212" value="AJ0"/><!-- No.... -->
<feat xlink:href="#tok_213" value="TO0"/><!-- No.... -->
<feat xlink:href="#tok_214" value="VBI"/><!-- No.... -->
<feat xlink:href="#tok_215" value="AJ0"/><!-- No.... -->
<feat xlink:href="#tok_216" value="TO0"/><!-- No.... -->
<feat xlink:href="#tok_217" value="VVI"/><!-- No.... -->
<feat xlink:href="#tok_218" value="PRP"/><!-- No.... -->
<feat xlink:href="#tok_219" value="AT0"/><!-- a -->
<feat xlink:href="#tok_220" value="DT0"/><!-- a -->
<feat xlink:href="#tok_221" value="AJ0"/><!-- a -->
<feat xlink:href="#tok_222" value="NN2"/><!-- a -->
<feat xlink:href="#tok_223" value="PRP"/><!-- a -->
<feat xlink:href="#tok_224" value="AT0"/><!-- a -->
<feat xlink:href="#tok_225" value="NN1"/><!-- a -->
<feat xlink:href="#tok_226" value="TO0"/><!-- a -->
<feat xlink:href="#tok_227" value="VVI"/><!-- a -->
<feat xlink:href="#tok_228" value="DPS"/><!-- a -->
<feat xlink:href="#tok_229" value="NN1"/><!-- a -->
<feat xlink:href="#tok_230" value="PUN"/><!-- a -->
<feat xlink:href="#tok_231" value="AV0"/><!-- Also.... -->
<feat xlink:href="#tok_232" value="VVB"/><!-- Also.... -->
<feat xlink:href="#tok_233" value="AVQ"/><!-- Also.... -->
<feat xlink:href="#tok_234" value="DT0"/><!-- Also.... -->
<feat xlink:href="#tok_235" value="AT0"/><!-- Also.... -->
<feat xlink:href="#tok_236" value="AJ0"/><!-- Also.... -->
<feat xlink:href="#tok_237" value="NN2"/><!-- Also.... -->
<feat xlink:href="#tok_238" value="VBB"/><!-- Also.... -->
<feat xlink:href="#tok_239" value="AV0"/><!-- Also.... -->
<feat xlink:href="#tok_240" value="AV0"/><!-- Also.... -->
<feat xlink:href="#tok_241" value="AV0"/><!-- Also.... -->
<feat xlink:href="#tok_242" value="PUN"/><!-- Also.... -->
<feat xlink:href="#tok_243" value="CJC"/><!-- But.... -->
<feat xlink:href="#tok_244" value="ITJ"/><!-- But.... -->
<feat xlink:href="#tok_245" value="PUN"/><!-- But.... -->
<feat xlink:href="#tok_246" value="NN1"/><!-- But.... -->
<feat xlink:href="#tok_247" value="VBD"/><!-- But.... -->
<feat xlink:href="#tok_248" value="AJ0"/><!-- But.... -->
<feat xlink:href="#tok_249" value="PUN"/><!-- But.... -->
<feat xlink:href="#tok_250" value="PNP"/><!-- We.... -->
<feat xlink:href="#tok_251" value="VVD"/><!-- We.... -->
<feat xlink:href="#tok_252" value="AV0"/><!-- We.... -->
<feat xlink:href="#tok_253" value="AT0"/><!-- We.... -->
<feat xlink:href="#tok_254" value="DT0"/><!-- We.... -->
<feat xlink:href="#tok_255" value="AJ0"/><!-- We.... -->
<feat xlink:href="#tok_256" value="NN2"/><!-- We.... -->
<feat xlink:href="#tok_257" value="AVP"/><!-- We.... -->
<feat xlink:href="#tok_258" value="AV0"/><!-- We.... -->
<feat xlink:href="#tok_259" value="AVP"/><!-- We.... -->
<feat xlink:href="#tok_260" value="AV0"/><!-- We.... -->
<feat xlink:href="#tok_261" value="PRP"/><!-- We.... -->
<feat xlink:href="#tok_262" value="CRD"/><!-- 2005 -->
<feat xlink:href="#tok_263" value="PUN"/><!-- 2005 -->
<feat xlink:href="#tok_264" value="VVG"/><!-- 2005 -->
<feat xlink:href="#tok_265" value="PRP"/><!-- 2005 -->
<feat xlink:href="#tok_266" value="AT0"/><!-- 2005 -->
<feat xlink:href="#tok_267" value="NN1"/><!-- World...Cup -->
<feat xlink:href="#tok_268" value="NN1"/><!-- World...Cup -->
<feat xlink:href="#tok_269" value="PRP"/><!-- World...Cup -->
<feat xlink:href="#tok_270" value="AT0"/><!-- World...Cup -->
<feat xlink:href="#tok_271" value="NP0"/><!-- Netherlands -->
<feat xlink:href="#tok_272" value="PUN"/><!-- Netherlands -->
<feat xlink:href="#tok_273" value="VBD"/><!-- Was...? -->
<feat xlink:href="#tok_274" value="CJT"/><!-- Was...? -->
<feat xlink:href="#tok_275" value="AT0"/><!-- Was...? -->
<feat xlink:href="#tok_276" value="CRD"/><!-- Was...? -->
<feat xlink:href="#tok_277" value="CJS"/><!-- Was...? -->
<feat xlink:href="#tok_278" value="PNP"/><!-- Was...? -->
<feat xlink:href="#tok_279" value="VBD"/><!-- Was...? -->
<feat xlink:href="#tok_280" value="AT0"/><!-- Was...? -->
<feat xlink:href="#tok_281" value="NN1"/><!-- Was...? -->
<feat xlink:href="#tok_282" value="PRF"/><!-- Was...? -->
<feat xlink:href="#tok_283" value="AT0"/><!-- Was...? -->
<feat xlink:href="#tok_284" value="NN1"/><!-- Was...? -->
<feat xlink:href="#tok_285" value="PUN"/><!-- Was...? -->
<feat xlink:href="#tok_286" value="PRP"/><!-- Was...? -->
<feat xlink:href="#tok_287" value="CRD"/><!-- 2005 -->
<feat xlink:href="#tok_288" value="PUN"/><!-- 2005 -->
<feat xlink:href="#tok_289" value="CJC"/><!-- Or...? -->
<feat xlink:href="#tok_290" value="VBD"/><!-- Or...? -->
<feat xlink:href="#tok_291" value="CJT"/><!-- Or...? -->
<feat xlink:href="#tok_292" value="AT0"/><!-- Or...? -->
<feat xlink:href="#tok_293" value="AJC"/><!-- Or...? -->
<feat xlink:href="#tok_294" value="CRD"/><!-- Or...? -->
<feat xlink:href="#tok_295" value="PUN"/><!-- Or...? -->
<feat xlink:href="#tok_296" value="AV0"/><!-- No.... -->
<feat xlink:href="#tok_297" value="PUN"/><!-- No.... -->
<feat xlink:href="#tok_298" value="PNP"/><!-- No.... -->
<feat xlink:href="#tok_299" value="VVD"/><!-- No.... -->
<feat xlink:href="#tok_300" value="PRP"/><!-- No.... -->
<feat xlink:href="#tok_301" value="CRD"/><!-- 2010 -->
<feat xlink:href="#tok_302" value="PUN"/><!-- 2010 -->
<feat xlink:href="#tok_303" value="AV0"/><!-- So.... -->
<feat xlink:href="#tok_304" value="CRD"/><!-- 2009 -->
<feat xlink:href="#tok_305" value="PUN"/><!-- 2009 -->
<feat xlink:href="#tok_306" value="CRD"/><!-- 2010 -->
<feat xlink:href="#tok_307" value="NN1"/><!-- 2010 -->
<feat xlink:href="#tok_308" value="NN1"/><!-- 2010 -->
<feat xlink:href="#tok_309" value="PUN"/><!-- 2010 -->
<feat xlink:href="#tok_310" value="CJC"/><!-- And.... -->
<feat xlink:href="#tok_311" value="AV0"/><!-- And.... -->
<feat xlink:href="#tok_312" value="PNP"/><!-- And.... -->
<feat xlink:href="#tok_313" value="VHD"/><!-- And.... -->
<feat xlink:href="#tok_314" value="AT0"/><!-- And.... -->
<feat xlink:href="#tok_315" value="NN1"/><!-- And.... -->
<feat xlink:href="#tok_316" value="PRF"/><!-- And.... -->
<feat xlink:href="#tok_317" value="DT0"/><!-- And.... -->
<feat xlink:href="#tok_318" value="NN1"/><!-- And.... -->
<feat xlink:href="#tok_319" value="AVP"/><!-- And.... -->
<feat xlink:href="#tok_320" value="PRP"/><!-- And.... -->
<feat xlink:href="#tok_321" value="CRD"/><!-- 2011 -->
<feat xlink:href="#tok_322" value="PUN"/><!-- 2011 -->
<feat xlink:href="#tok_323" value="AT0"/><!-- The.... -->
<feat xlink:href="#tok_324" value="NN2"/><!-- The.... -->
<feat xlink:href="#tok_325" value="VHB"/><!-- The.... -->
<feat xlink:href="#tok_326" value="AV0"/><!-- The.... -->
<feat xlink:href="#tok_327" value="VVN"/><!-- The.... -->
<feat xlink:href="#tok_328" value="AT0"/><!-- The.... -->
<feat xlink:href="#tok_329" value="NN1"/><!-- The.... -->
<feat xlink:href="#tok_330" value="NN1"/><!-- The.... -->
<feat xlink:href="#tok_331" value="PUN"/><!-- The.... -->
<feat xlink:href="#tok_332" value="PNP"/><!-- We.... -->
<feat xlink:href="#tok_333" value="AV0"/><!-- We.... -->
<feat xlink:href="#tok_334" value="VVB"/><!-- We.... -->
<feat xlink:href="#tok_335" value="TO0"/><!-- We.... -->
<feat xlink:href="#tok_336" value="VHI"/><!-- We.... -->
<feat xlink:href="#tok_337" value="AV0"/><!-- We.... -->
<feat xlink:href="#tok_338" value="AT0"/><!-- We.... -->
<feat xlink:href="#tok_339" value="AJ0"/><!-- We.... -->
<feat xlink:href="#tok_340" value="NN1"/><!-- We.... -->
<feat xlink:href="#tok_341" value="PRF"/><!-- We.... -->
<feat xlink:href="#tok_342" value="AT0"/><!-- We.... -->
<feat xlink:href="#tok_343" value="NN1"/><!-- We.... -->
<feat xlink:href="#tok_344" value="AVP"/><!-- We.... -->
<feat xlink:href="#tok_345" value="PRP"/><!-- We.... -->
<feat xlink:href="#tok_346" value="AT0"/><!-- We.... -->
<feat xlink:href="#tok_347" value="NN1"/><!-- We.... -->
<feat xlink:href="#tok_348" value="NN1"/><!-- We.... -->
<feat xlink:href="#tok_349" value="PUN"/><!-- We.... -->
<feat xlink:href="#tok_350" value="PNP"/><!-- I.... -->
<feat xlink:href="#tok_351" value="VDB"/><!-- I.... -->
<feat xlink:href="#tok_352" value="XX0"/><!-- I.... -->
<feat xlink:href="#tok_353" value="VVI"/><!-- I.... -->
<feat xlink:href="#tok_354" value="AVQ"/><!-- I.... -->
<feat xlink:href="#tok_355" value="PUN"/><!-- I.... -->
<feat xlink:href="#tok_356" value="PNP"/><!-- It.... -->
<feat xlink:href="#tok_357" value="UNC"/><!-- It.... -->
<feat xlink:href="#tok_358" value="AV0"/><!-- really...occurrence -->
<feat xlink:href="#tok_359" value="AJ0"/><!-- really...occurrence -->
<feat xlink:href="#tok_360" value="NN1"/><!-- really...occurrence -->
<feat xlink:href="#tok_361" value="PUN"/><!-- really...occurrence -->
<feat xlink:href="#tok_362" value="PRP"/><!-- really...occurrence -->
<feat xlink:href="#tok_363" value="AT0"/><!-- really...occurrence -->
<feat xlink:href="#tok_364" value="NN2"/><!-- really...occurrence -->
<feat xlink:href="#tok_365" value="PUN"/><!-- really...occurrence -->
<feat xlink:href="#tok_366" value="CRD"/><!-- 2002.... -->
<feat xlink:href="#tok_367" value="NN1"/><!-- 2002.... -->
<feat xlink:href="#tok_368" value="NN1"/><!-- 2002.... -->
<feat xlink:href="#tok_369" value="PUN"/><!-- 2002.... -->
<feat xlink:href="#tok_370" value="PNP"/><!-- 2002.... -->
<feat xlink:href="#tok_371" value="VVD"/><!-- 2002.... -->
<feat xlink:href="#tok_372" value="NN1"/><!-- 2002.... -->
<feat xlink:href="#tok_373" value="PUN"/><!-- 2002.... -->
<feat xlink:href="#tok_374" value="AV0"/><!-- Then.... -->
<feat xlink:href="#tok_375" value="PRP"/><!-- Then.... -->
<feat xlink:href="#tok_376" value="CRD"/><!-- 2006 -->
<feat xlink:href="#tok_377" value="PNP"/><!-- 2006 -->
<feat xlink:href="#tok_378" value="VVD"/><!-- 2006 -->
<feat xlink:href="#tok_379" value="AVP"/><!-- 2006 -->
<feat xlink:href="#tok_380" value="ORD"/><!-- 2006 -->
<feat xlink:href="#tok_381" value="PUN"/><!-- 2006 -->
<feat xlink:href="#tok_382" value="PNP"/><!-- It.... -->
<feat xlink:href="#tok_383" value="VBD"/><!-- It.... -->
<feat xlink:href="#tok_384" value="CRD"/><!-- It.... -->
<feat xlink:href="#tok_385" value="PRF"/><!-- It.... -->
<feat xlink:href="#tok_386" value="AT0"/><!-- It.... -->
<feat xlink:href="#tok_387" value="AJS"/><!-- It.... -->
<feat xlink:href="#tok_388" value="NN1"/><!-- It.... -->
<feat xlink:href="#tok_389" value="NN2"/><!-- It.... -->
<feat xlink:href="#tok_390" value="PNP"/><!-- It.... -->
<feat xlink:href="#tok_391" value="AV0"/><!-- It.... -->
<feat xlink:href="#tok_392" value="VVD"/><!-- It.... -->
<feat xlink:href="#tok_393" value="AV0"/><!-- It.... -->
<feat xlink:href="#tok_394" value="PUN"/><!-- It.... -->
<feat xlink:href="#tok_395" value="CJC"/><!-- And.... -->
<feat xlink:href="#tok_396" value="AV0"/><!-- And.... -->
<feat xlink:href="#tok_397" value="PRP"/><!-- And.... -->
<feat xlink:href="#tok_398" value="CRD"/><!-- 2010 -->
<feat xlink:href="#tok_399" value="PNP"/><!-- 2010 -->
<feat xlink:href="#tok_400" value="AV0"/><!-- 2010 -->
<feat xlink:href="#tok_401" value="PUN"/><!-- 2010 -->
<feat xlink:href="#tok_402" value="PNP"/><!-- 2010 -->
<feat xlink:href="#tok_403" value="VDB"/><!-- 2010 -->
<feat xlink:href="#tok_404" value="XX0"/><!-- 2010 -->
<feat xlink:href="#tok_405" value="VVI"/><!-- 2010 -->
<feat xlink:href="#tok_406" value="DTQ"/><!-- 2010 -->
<feat xlink:href="#tok_407" value="VVD"/><!-- 2010 -->
<feat xlink:href="#tok_408" value="PUN"/><!-- 2010 -->
<feat xlink:href="#tok_409" value="PNP"/><!-- We.... -->
<feat xlink:href="#tok_410" value="AV0"/><!-- We.... -->
<feat xlink:href="#tok_411" value="VDD"/><!-- We.... -->
<feat xlink:href="#tok_412" value="XX0"/><!-- We.... -->
<feat xlink:href="#tok_413" value="VVI"/><!-- We.... -->
<feat xlink:href="#tok_414" value="CJS"/><!-- We.... -->
<feat xlink:href="#tok_415" value="AV0"/><!-- We.... -->
<feat xlink:href="#tok_416" value="CJS"/><!-- We.... -->
<feat xlink:href="#tok_417" value="PNP"/><!-- We.... -->
<feat xlink:href="#tok_418" value="VVD"/><!-- We.... -->
<feat xlink:href="#tok_419" value="PNP"/><!-- We.... -->
<feat xlink:href="#tok_420" value="VM0"/><!-- We.... -->
<feat xlink:href="#tok_421" value="PUN"/><!-- We.... -->
<feat xlink:href="#tok_422" value="VVD"/><!-- Came.... -->
<feat xlink:href="#tok_423" value="ORD"/><!-- Came.... -->
<feat xlink:href="#tok_424" value="PUN"/><!-- Came.... -->
<feat xlink:href="#tok_425" value="CJC"/><!-- But...? -->
<feat xlink:href="#tok_426" value="PNP"/><!-- But...? -->
<feat xlink:href="#tok_427" value="VVB"/><!-- But...? -->
<feat xlink:href="#tok_428" value="DTQ"/><!-- But...? -->
<feat xlink:href="#tok_429" value="PUN"/><!-- But...? -->
<feat xlink:href="#tok_430" value="VVD"/><!-- Fired.... -->
<feat xlink:href="#tok_431" value="PNP"/><!-- Fired.... -->
<feat xlink:href="#tok_432" value="AVP"/><!-- Fired.... -->
<feat xlink:href="#tok_433" value="PRP"/><!-- Fired.... -->
<feat xlink:href="#tok_434" value="AT0"/><!-- Fired.... -->
<feat xlink:href="#tok_435" value="AJ0"/><!-- Fired.... -->
<feat xlink:href="#tok_436" value="NN2"/><!-- Fired.... -->
<feat xlink:href="#tok_437" value="PUN"/><!-- Fired.... -->
<feat xlink:href="#tok_438" value="CJS"/><!-- So.... -->
<feat xlink:href="#tok_439" value="AT0"/><!-- So.... -->
<feat xlink:href="#tok_440" value="NN1"/><!-- So.... -->
<feat xlink:href="#tok_441" value="NN1"/><!-- So.... -->
<feat xlink:href="#tok_442" value="VBZ"/><!-- So.... -->
<feat xlink:href="#tok_443" value="PUN"/><!-- So.... -->
<feat xlink:href="#tok_444" value="PNP"/><!-- So.... -->
<feat xlink:href="#tok_445" value="UNC"/><!-- So.... -->
<feat xlink:href="#tok_446" value="AJ0"/><!-- So.... -->
<feat xlink:href="#tok_447" value="TO0"/><!-- So.... -->
<feat xlink:href="#tok_448" value="VBI"/><!-- So.... -->
<feat xlink:href="#tok_449" value="AJ0"/><!-- So.... -->
<feat xlink:href="#tok_450" value="TO0"/><!-- So.... -->
<feat xlink:href="#tok_451" value="VDI"/><!-- So.... -->
<feat xlink:href="#tok_452" value="AV0"/><!-- So.... -->
<feat xlink:href="#tok_453" value="PRP"/><!-- So.... -->
<feat xlink:href="#tok_454" value="AT0"/><!-- So.... -->
<feat xlink:href="#tok_455" value="NN1"/><!-- So.... -->
<feat xlink:href="#tok_456" value="NN1"/><!-- So.... -->
<feat xlink:href="#tok_457" value="PUN"/><!-- So.... -->
<feat xlink:href="#tok_458" value="TO0"/><!-- So.... -->
<feat xlink:href="#tok_459" value="VBI"/><!-- So.... -->
<feat xlink:href="#tok_460" value="VVN"/><!-- So.... -->
<feat xlink:href="#tok_461" value="PUN"/><!-- So.... -->
<feat xlink:href="#tok_462" value="CJC"/><!-- So.... -->
<feat xlink:href="#tok_463" value="PNP"/><!-- So.... -->
<feat xlink:href="#tok_464" value="AV0"/><!-- So.... -->
<feat xlink:href="#tok_465" value="VVZ"/><!-- So.... -->
<feat xlink:href="#tok_466" value="CJT"/><!-- So.... -->
<feat xlink:href="#tok_467" value="PNP"/><!-- So.... -->
<feat xlink:href="#tok_468" value="VVB"/><!-- So.... -->
<feat xlink:href="#tok_469" value="AT0"/><!-- So.... -->
<feat xlink:href="#tok_470" value="AV0"/><!-- So.... -->
<feat xlink:href="#tok_471" value="AJ0"/><!-- So.... -->
<feat xlink:href="#tok_472" value="NN1"/><!-- So.... -->
<feat xlink:href="#tok_473" value="TO0"/><!-- So.... -->
<feat xlink:href="#tok_474" value="VVI"/><!-- So.... -->
<feat xlink:href="#tok_475" value="CJS"/><!-- So.... -->
<feat xlink:href="#tok_476" value="PNP"/><!-- So.... -->
<feat xlink:href="#tok_477" value="VVZ"/><!-- So.... -->
<feat xlink:href="#tok_478" value="AV0"/><!-- So.... -->
<feat xlink:href="#tok_479" value="PRP"/><!-- So.... -->
<feat xlink:href="#tok_480" value="DT0"/><!-- So.... -->
<feat xlink:href="#tok_481" value="CRD"/><!-- So.... -->
<feat xlink:href="#tok_482" value="NN1"/><!-- So.... -->
<feat xlink:href="#tok_483" value="NN1"/><!-- So.... -->
<feat xlink:href="#tok_484" value="PRP"/><!-- So.... -->
<feat xlink:href="#tok_485" value="AT0"/><!-- So.... -->
<feat xlink:href="#tok_486" value="NN2"/><!-- So.... -->
<feat xlink:href="#tok_487" value="PUN"/><!-- So.... -->
<feat xlink:href="#tok_488" value="CJS"/><!-- So.... -->
<feat xlink:href="#tok_489" value="PNP"/><!-- So.... -->
<feat xlink:href="#tok_490" value="VM0"/><!-- So.... -->
<feat xlink:href="#tok_491" value="VVI"/><!-- So.... -->
<feat xlink:href="#tok_492" value="AVP"/><!-- So.... -->
<feat xlink:href="#tok_493" value="NN1"/><!-- So.... -->
<feat xlink:href="#tok_494" value="CJC"/><!-- So.... -->
<feat xlink:href="#tok_495" value="NN1"/><!-- So.... -->
<feat xlink:href="#tok_496" value="DTQ"/><!-- So.... -->
<feat xlink:href="#tok_497" value="PNP"/><!-- So.... -->
<feat xlink:href="#tok_498" value="VVB"/><!-- So.... -->
<feat xlink:href="#tok_499" value="TO0"/><!-- So.... -->
<feat xlink:href="#tok_500" value="VDI"/><!-- So.... -->
<feat xlink:href="#tok_501" value="CJC"/><!-- So.... -->
<feat xlink:href="#tok_502" value="PUN"/><!-- So.... -->
<feat xlink:href="#tok_503" value="PNP"/><!-- So.... -->
<feat xlink:href="#tok_504" value="VVB"/><!-- So.... -->
<feat xlink:href="#tok_505" value="PUN"/><!-- So.... -->
<feat xlink:href="#tok_506" value="CJS"/><!-- So.... -->
<feat xlink:href="#tok_507" value="AT0"/><!-- So.... -->
<feat xlink:href="#tok_508" value="NN1"/><!-- So.... -->
<feat xlink:href="#tok_509" value="ZZ0"/><!-- So.... -->
<feat xlink:href="#tok_510" value="AV0"/><!-- So.... -->
<feat xlink:href="#tok_511" value="PUN"/><!-- So.... -->
<feat xlink:href="#tok_512" value="CJC"/><!-- And.... -->
<feat xlink:href="#tok_513" value="DT0"/><!-- And.... -->
<feat xlink:href="#tok_514" value="DT0"/><!-- And.... -->
<feat xlink:href="#tok_515" value="NN1"/><!-- And.... -->
<feat xlink:href="#tok_516" value="PRF"/><!-- And.... -->
<feat xlink:href="#tok_517" value="NN1"/><!-- And.... -->
<feat xlink:href="#tok_518" value="PUN"/><!-- And.... -->
<feat xlink:href="#tok_519" value="AV0"/><!-- Unfortunately.... -->
<feat xlink:href="#tok_520" value="PUN"/><!-- Unfortunately.... -->
<feat xlink:href="#tok_521" value="PNP"/><!-- Unfortunately.... -->
<feat xlink:href="#tok_522" value="VBB"/><!-- Unfortunately.... -->
<feat xlink:href="#tok_523" value="VVG"/><!-- Unfortunately.... -->
<feat xlink:href="#tok_524" value="PRP"/><!-- Unfortunately.... -->
<feat xlink:href="#tok_525" value="VVG"/><!-- Unfortunately.... -->
<feat xlink:href="#tok_526" value="PNP"/><!-- Unfortunately.... -->
<feat xlink:href="#tok_527" value="CJS"/><!-- Unfortunately.... -->
<feat xlink:href="#tok_528" value="PNP"/><!-- Unfortunately.... -->
<feat xlink:href="#tok_529" value="VM0"/><!-- Unfortunately.... -->
<feat xlink:href="#tok_530" value="VBI"/><!-- Unfortunately.... -->
<feat xlink:href="#tok_531" value="PRP"/><!-- Unfortunately.... -->
<feat xlink:href="#tok_532" value="AT0"/><!-- Unfortunately.... -->
<feat xlink:href="#tok_533" value="NN1"/><!-- Unfortunately.... -->
<feat xlink:href="#tok_534" value="PRP"/><!-- Unfortunately.... -->
<feat xlink:href="#tok_535" value="AT0"/><!-- Unfortunately.... -->
<feat xlink:href="#tok_536" value="NN2"/><!-- Unfortunately.... -->
<feat xlink:href="#tok_537" value="PUN"/><!-- Unfortunately.... -->
<feat xlink:href="#tok_538" value="ITJ"/><!-- Oh.... -->
<feat xlink:href="#tok_539" value="AV0"/><!-- Oh.... -->
<feat xlink:href="#tok_540" value="PUN"/><!-- Oh.... -->
<feat xlink:href="#tok_541" value="AT0"/><!-- The.... -->
<feat xlink:href="#tok_542" value="NN1"/><!-- The.... -->
<feat xlink:href="#tok_543" value="PRP"/><!-- The.... -->
<feat xlink:href="#tok_544" value="AT0"/><!-- The.... -->
<feat xlink:href="#tok_545" value="AJ0"/><!-- The.... -->
<feat xlink:href="#tok_546" value="NP0"/><!-- FIFA -->
<feat xlink:href="#tok_547" value="UNC"/><!-- FIFA -->
<feat xlink:href="#tok_548" value="NN1"/><!-- FIFA -->
<feat xlink:href="#tok_549" value="NN1"/><!-- FIFA -->
<feat xlink:href="#tok_550" value="CJC"/><!-- FIFA -->
<feat xlink:href="#tok_551" value="DT0"/><!-- FIFA -->
<feat xlink:href="#tok_552" value="PUN"/><!-- FIFA -->
<feat xlink:href="#tok_553" value="AV0"/><!-- Right.... -->
<feat xlink:href="#tok_554" value="PUN"/><!-- Right.... -->
<feat xlink:href="#tok_555" value="AV0"/><!-- Well.... -->
<feat xlink:href="#tok_556" value="PUN"/><!-- Well.... -->
<feat xlink:href="#tok_557" value="DT0"/><!-- Well.... -->
<feat xlink:href="#tok_558" value="VM0"/><!-- Well.... -->
<feat xlink:href="#tok_559" value="VBI"/><!-- Well.... -->
<feat xlink:href="#tok_560" value="AJ0"/><!-- Well.... -->
<feat xlink:href="#tok_561" value="PUN"/><!-- Well.... -->
<feat xlink:href="#tok_562" value="NP0"/><!-- Tina.... -->
<feat xlink:href="#tok_563" value="NP0"/><!-- Tina.... -->
<feat xlink:href="#tok_564" value="PUN"/><!-- Tina.... -->
<feat xlink:href="#tok_565" value="NN1"/><!-- Tina.... -->
<feat xlink:href="#tok_566" value="PUN"/><!-- Tina.... -->
<feat xlink:href="#tok_567" value="AJ0"/><!-- Australian...Committee -->
<feat xlink:href="#tok_568" value="AJ0"/><!-- Australian...Committee -->
<feat xlink:href="#tok_569" value="NN1"/><!-- Australian...Committee -->
<feat xlink:href="#tok_570" value="PUN"/><!-- Australian...Committee -->
</featList>
</paula>
