<?xml version="1.0" encoding="UTF-8" standalone="no"?>
<!DOCTYPE paula SYSTEM "paula_mark.dtd">
<paula version="1.0">

<header paula_id="ref.GUM.GUM_interview_mckenzie_referentSeg"/>

<markList xmlns:xlink="http://www.w3.org/1999/xlink" type="referentSeg" xml:base="GUM.GUM_interview_mckenzie.tok.xml">
	<mark id="referent_1" xlink:href="#xpointer(id('tok_17')/range-to(id('tok_18')))"/>
	<mark id="referent_2" xlink:href="#xpointer(id('tok_20')/range-to(id('tok_31')))"/>
	<mark id="referent_3" xlink:href="#xpointer(id('tok_7')/range-to(id('tok_11')))"/>
	<mark id="referent_4" xlink:href="#xpointer(id('tok_1')/range-to(id('tok_6')))"/>
	<mark id="referent_5" xlink:href="#tok_13"/>
	<mark id="referent_6" xlink:href="#tok_15"/>
	<mark id="referent_7" xlink:href="#xpointer(id('tok_24')/range-to(id('tok_31')))"/>
	<mark id="referent_8" xlink:href="#xpointer(id('tok_35')/range-to(id('tok_36')))"/>
	<mark id="referent_9" xlink:href="#tok_38"/>
	<mark id="referent_10" xlink:href="#xpointer(id('tok_40')/range-to(id('tok_48')))"/>
	<mark id="referent_11" xlink:href="#tok_25"/>
	<mark id="referent_12" xlink:href="#xpointer(id('tok_29')/range-to(id('tok_30')))"/>
	<mark id="referent_13" xlink:href="#xpointer(id('tok_47')/range-to(id('tok_48')))"/>
	<mark id="referent_14" xlink:href="#xpointer(id('tok_52')/range-to(id('tok_53')))"/>
	<mark id="referent_15" xlink:href="#xpointer(id('tok_56')/range-to(id('tok_58')))"/>
	<mark id="referent_16" xlink:href="#tok_60"/>
	<mark id="referent_17" xlink:href="#tok_62"/>
	<mark id="referent_18" xlink:href="#tok_66"/>
	<mark id="referent_19" xlink:href="#xpointer(id('tok_68')/range-to(id('tok_76')))"/>
	<mark id="referent_20" xlink:href="#tok_73"/>
	<mark id="referent_21" xlink:href="#tok_76"/>
	<mark id="referent_22" xlink:href="#tok_83"/>
	<mark id="referent_23" xlink:href="#xpointer(id('tok_79')/range-to(id('tok_83')))"/>
	<mark id="referent_24" xlink:href="#xpointer(id('tok_111')/range-to(id('tok_112')))"/>
	<mark id="referent_25" xlink:href="#tok_92"/>
	<mark id="referent_26" xlink:href="#tok_114"/>
	<mark id="referent_27" xlink:href="#tok_99"/>
	<mark id="referent_28" xlink:href="#tok_97"/>
	<mark id="referent_29" xlink:href="#xpointer(id('tok_127')/range-to(id('tok_129')))"/>
	<mark id="referent_30" xlink:href="#tok_124"/>
	<mark id="referent_31" xlink:href="#tok_132"/>
	<mark id="referent_32" xlink:href="#xpointer(id('tok_153')/range-to(id('tok_154')))"/>
	<mark id="referent_33" xlink:href="#tok_156"/>
	<mark id="referent_34" xlink:href="#xpointer(id('tok_163')/range-to(id('tok_171')))"/>
	<mark id="referent_35" xlink:href="#tok_175"/>
	<mark id="referent_36" xlink:href="#tok_185"/>
	<mark id="referent_37" xlink:href="#xpointer(id('tok_179')/range-to(id('tok_180')))"/>
	<mark id="referent_38" xlink:href="#tok_187"/>
	<mark id="referent_39" xlink:href="#xpointer(id('tok_220')/range-to(id('tok_222')))"/>
	<mark id="referent_40" xlink:href="#xpointer(id('tok_228')/range-to(id('tok_229')))"/>
	<mark id="referent_41" xlink:href="#xpointer(id('tok_236')/range-to(id('tok_237')))"/>
	<mark id="referent_42" xlink:href="#tok_246"/>
	<mark id="referent_43" xlink:href="#tok_11"/>
	<mark id="referent_44" xlink:href="#xpointer(id('tok_139')/range-to(id('tok_140')))"/>
	<mark id="referent_45" xlink:href="#xpointer(id('tok_147')/range-to(id('tok_150')))"/>
	<mark id="referent_46" xlink:href="#tok_250"/>
	<mark id="referent_47" xlink:href="#xpointer(id('tok_253')/range-to(id('tok_256')))"/>
	<mark id="referent_48" xlink:href="#tok_258"/>
	<mark id="referent_49" xlink:href="#tok_262"/>
	<mark id="referent_50" xlink:href="#xpointer(id('tok_266')/range-to(id('tok_268')))"/>
	<mark id="referent_51" xlink:href="#xpointer(id('tok_270')/range-to(id('tok_271')))"/>
	<mark id="referent_52" xlink:href="#tok_158"/>
	<mark id="referent_53" xlink:href="#tok_278"/>
	<mark id="referent_54" xlink:href="#xpointer(id('tok_283')/range-to(id('tok_284')))"/>
	<mark id="referent_55" xlink:href="#xpointer(id('tok_275')/range-to(id('tok_284')))"/>
	<mark id="referent_56" xlink:href="#tok_287"/>
	<mark id="referent_57" xlink:href="#xpointer(id('tok_292')/range-to(id('tok_294')))"/>
	<mark id="referent_58" xlink:href="#tok_298"/>
	<mark id="referent_59" xlink:href="#tok_301"/>
	<mark id="referent_60" xlink:href="#tok_304"/>
	<mark id="referent_61" xlink:href="#tok_306"/>
	<mark id="referent_62" xlink:href="#xpointer(id('tok_307')/range-to(id('tok_308')))"/>
	<mark id="referent_63" xlink:href="#tok_312"/>
	<mark id="referent_64" xlink:href="#tok_321"/>
	<mark id="referent_65" xlink:href="#xpointer(id('tok_323')/range-to(id('tok_324')))"/>
	<mark id="referent_66" xlink:href="#xpointer(id('tok_328')/range-to(id('tok_330')))"/>
	<mark id="referent_67" xlink:href="#xpointer(id('tok_346')/range-to(id('tok_348')))"/>
	<mark id="referent_68" xlink:href="#tok_332"/>
	<mark id="referent_69" xlink:href="#tok_350"/>
	<mark id="referent_70" xlink:href="#tok_366"/>
	<mark id="referent_71" xlink:href="#xpointer(id('tok_367')/range-to(id('tok_368')))"/>
	<mark id="referent_72" xlink:href="#tok_372"/>
	<mark id="referent_73" xlink:href="#xpointer(id('tok_332')/range-to(id('tok_349')))"/>
	<mark id="referent_74" xlink:href="#tok_356"/>
	<mark id="referent_75" xlink:href="#tok_377"/>
	<mark id="referent_76" xlink:href="#tok_376"/>
	<mark id="referent_77" xlink:href="#tok_382"/>
	<mark id="referent_78" xlink:href="#xpointer(id('tok_388')/range-to(id('tok_389')))"/>
	<mark id="referent_79" xlink:href="#tok_398"/>
	<mark id="referent_80" xlink:href="#tok_399"/>
	<mark id="referent_81" xlink:href="#tok_402"/>
	<mark id="referent_82" xlink:href="#tok_370"/>
	<mark id="referent_83" xlink:href="#tok_409"/>
	<mark id="referent_84" xlink:href="#tok_417"/>
	<mark id="referent_85" xlink:href="#tok_431"/>
	<mark id="referent_86" xlink:href="#xpointer(id('tok_434')/range-to(id('tok_436')))"/>
	<mark id="referent_87" xlink:href="#xpointer(id('tok_439')/range-to(id('tok_441')))"/>
	<mark id="referent_88" xlink:href="#xpointer(id('tok_454')/range-to(id('tok_456')))"/>
	<mark id="referent_89" xlink:href="#xpointer(id('tok_447')/range-to(id('tok_460')))"/>
	<mark id="referent_90" xlink:href="#tok_444"/>
	<mark id="referent_91" xlink:href="#tok_463"/>
	<mark id="referent_92" xlink:href="#xpointer(id('tok_485')/range-to(id('tok_486')))"/>
	<mark id="referent_93" xlink:href="#xpointer(id('tok_507')/range-to(id('tok_508')))"/>
	<mark id="referent_94" xlink:href="#tok_521"/>
	<mark id="referent_95" xlink:href="#xpointer(id('tok_480')/range-to(id('tok_486')))"/>
	<mark id="referent_96" xlink:href="#tok_526"/>
	<mark id="referent_97" xlink:href="#xpointer(id('tok_535')/range-to(id('tok_536')))"/>
	<mark id="referent_98" xlink:href="#tok_528"/>
	<mark id="referent_99" xlink:href="#xpointer(id('tok_541')/range-to(id('tok_551')))"/>
	<mark id="referent_100" xlink:href="#tok_557"/>
	<mark id="referent_101" xlink:href="#xpointer(id('tok_548')/range-to(id('tok_549')))"/>
	<mark id="referent_102" xlink:href="#xpointer(id('tok_562')/range-to(id('tok_563')))"/>
	<mark id="referent_103" xlink:href="#xpointer(id('tok_567')/range-to(id('tok_569')))"/>
	<mark id="referent_104" xlink:href="#xpointer(id('tok_525')/range-to(id('tok_526')))"/>
	<mark id="referent_105" xlink:href="#tok_149"/>
	<mark id="referent_106" xlink:href="#tok_228"/>
	<mark id="referent_107" xlink:href="#xpointer(id('tok_280')/range-to(id('tok_284')))"/>
	<mark id="referent_108" xlink:href="#xpointer(id('tok_275')/range-to(id('tok_276')))"/>
	<mark id="referent_109" xlink:href="#xpointer(id('tok_86')/range-to(id('tok_89')))"/>
</markList>
</paula>
