<?xml version="1.0" ?>
<!DOCTYPE paula SYSTEM "paula_feat.dtd">
<paula version="1.1">
<header paula_id="rst.GUM_interview_mckenzie.struct_type">
</header>
<featList xmlns:xlink="http://www.w3.org/1999/xlink" type="type" xml:base="rst.GUM_interview_mckenzie.struct.xml">
<feat xlink:href="#id45" value="span">
</feat>
<feat xlink:href="#id48" value="span">
</feat>
<feat xlink:href="#id49" value="span">
</feat>
<feat xlink:href="#id51" value="span">
</feat>
<feat xlink:href="#id52" value="multinuc">
</feat>
<feat xlink:href="#id54" value="span">
</feat>
<feat xlink:href="#id55" value="multinuc">
</feat>
<feat xlink:href="#id56" value="span">
</feat>
<feat xlink:href="#id58" value="span">
</feat>
<feat xlink:href="#id59" value="span">
</feat>
<feat xlink:href="#id50" value="span">
</feat>
<feat xlink:href="#id60" value="span">
</feat>
<feat xlink:href="#id61" value="span">
</feat>
<feat xlink:href="#id63" value="multinuc">
</feat>
<feat xlink:href="#id65" value="span">
</feat>
<feat xlink:href="#id67" value="span">
</feat>
<feat xlink:href="#id66" value="span">
</feat>
<feat xlink:href="#id68" value="span">
</feat>
<feat xlink:href="#id69" value="multinuc">
</feat>
<feat xlink:href="#id70" value="span">
</feat>
<feat xlink:href="#id71" value="multinuc">
</feat>
<feat xlink:href="#id72" value="span">
</feat>
<feat xlink:href="#id73" value="multinuc">
</feat>
<feat xlink:href="#id74" value="span">
</feat>
<feat xlink:href="#id75" value="span">
</feat>
<feat xlink:href="#id76" value="span">
</feat>
<feat xlink:href="#id77" value="span">
</feat>
<feat xlink:href="#id78" value="span">
</feat>
<feat xlink:href="#id80" value="span">
</feat>
</featList>
</paula>
