<?xml version="1.0" ?>
<!DOCTYPE paula SYSTEM "paula_struct.dtd">
<paula version="1.1">
<header paula_id="rst.GUM_interview_mckenzie.struct">
</header>
<structList xmlns:xlink="http://www.w3.org/1999/xlink" type="rst">
<struct id="id1">
<rel id="sDomRel1" xlink:href="GUM.GUM_interview_mckenzie.tok.xml#tok_1">
</rel>
<rel id="sDomRel2" xlink:href="GUM.GUM_interview_mckenzie.tok.xml#tok_2">
</rel>
<rel id="sDomRel3" xlink:href="GUM.GUM_interview_mckenzie.tok.xml#tok_3">
</rel>
<rel id="sDomRel4" xlink:href="GUM.GUM_interview_mckenzie.tok.xml#tok_4">
</rel>
<rel id="sDomRel5" xlink:href="GUM.GUM_interview_mckenzie.tok.xml#tok_5">
</rel>
<rel id="sDomRel6" xlink:href="GUM.GUM_interview_mckenzie.tok.xml#tok_6">
</rel>
</struct>
<struct id="id2">
<rel id="sDomRel7" xlink:href="GUM.GUM_interview_mckenzie.tok.xml#tok_7">
</rel>
<rel id="sDomRel8" xlink:href="GUM.GUM_interview_mckenzie.tok.xml#tok_8">
</rel>
<rel id="sDomRel9" xlink:href="GUM.GUM_interview_mckenzie.tok.xml#tok_9">
</rel>
<rel id="sDomRel10" xlink:href="GUM.GUM_interview_mckenzie.tok.xml#tok_10">
</rel>
<rel id="sDomRel11" xlink:href="GUM.GUM_interview_mckenzie.tok.xml#tok_11">
</rel>
</struct>
<struct id="id3">
<rel id="sDomRel12" xlink:href="GUM.GUM_interview_mckenzie.tok.xml#tok_12">
</rel>
<rel id="sDomRel13" xlink:href="GUM.GUM_interview_mckenzie.tok.xml#tok_13">
</rel>
<rel id="sDomRel14" xlink:href="GUM.GUM_interview_mckenzie.tok.xml#tok_14">
</rel>
<rel id="sDomRel15" xlink:href="GUM.GUM_interview_mckenzie.tok.xml#tok_15">
</rel>
<rel id="sDomRel16" xlink:href="GUM.GUM_interview_mckenzie.tok.xml#tok_16">
</rel>
<rel id="sDomRel17" xlink:href="GUM.GUM_interview_mckenzie.tok.xml#tok_17">
</rel>
<rel id="sDomRel18" xlink:href="GUM.GUM_interview_mckenzie.tok.xml#tok_18">
</rel>
<rel id="sDomRel19" xlink:href="GUM.GUM_interview_mckenzie.tok.xml#tok_19">
</rel>
<rel id="sDomRel20" xlink:href="GUM.GUM_interview_mckenzie.tok.xml#tok_20">
</rel>
<rel id="sDomRel21" xlink:href="GUM.GUM_interview_mckenzie.tok.xml#tok_21">
</rel>
<rel id="sDomRel22" xlink:href="GUM.GUM_interview_mckenzie.tok.xml#tok_22">
</rel>
<rel id="sDomRel23" xlink:href="GUM.GUM_interview_mckenzie.tok.xml#tok_23">
</rel>
<rel id="sDomRel24" xlink:href="GUM.GUM_interview_mckenzie.tok.xml#tok_24">
</rel>
<rel id="sDomRel25" xlink:href="GUM.GUM_interview_mckenzie.tok.xml#tok_25">
</rel>
<rel id="sDomRel26" xlink:href="GUM.GUM_interview_mckenzie.tok.xml#tok_26">
</rel>
<rel id="sDomRel27" xlink:href="GUM.GUM_interview_mckenzie.tok.xml#tok_27">
</rel>
<rel id="sDomRel28" xlink:href="GUM.GUM_interview_mckenzie.tok.xml#tok_28">
</rel>
<rel id="sDomRel29" xlink:href="GUM.GUM_interview_mckenzie.tok.xml#tok_29">
</rel>
<rel id="sDomRel30" xlink:href="GUM.GUM_interview_mckenzie.tok.xml#tok_30">
</rel>
<rel id="sDomRel31" xlink:href="GUM.GUM_interview_mckenzie.tok.xml#tok_31">
</rel>
<rel id="sDomRel32" xlink:href="GUM.GUM_interview_mckenzie.tok.xml#tok_32">
</rel>
<rel id="sDomRel33" xlink:href="GUM.GUM_interview_mckenzie.tok.xml#tok_33">
</rel>
<rel id="sDomRel34" xlink:href="GUM.GUM_interview_mckenzie.tok.xml#tok_34">
</rel>
<rel id="sDomRel35" xlink:href="GUM.GUM_interview_mckenzie.tok.xml#tok_35">
</rel>
<rel id="sDomRel36" xlink:href="GUM.GUM_interview_mckenzie.tok.xml#tok_36">
</rel>
<rel id="sDomRel37" xlink:href="GUM.GUM_interview_mckenzie.tok.xml#tok_37">
</rel>
<rel id="sDomRel571" type="rst" xlink:href="rst.GUM_interview_mckenzie.struct.xml#id1">
</rel>
<rel id="sDomRel572" type="rst" xlink:href="rst.GUM_interview_mckenzie.struct.xml#id2">
</rel>
<rel id="sDomRel574" type="rst" xlink:href="rst.GUM_interview_mckenzie.struct.xml#id4">
</rel>
<rel id="sDomRel575" type="rst" xlink:href="rst.GUM_interview_mckenzie.struct.xml#id5">
</rel>
</struct>
<struct id="id4">
<rel id="sDomRel38" xlink:href="GUM.GUM_interview_mckenzie.tok.xml#tok_38">
</rel>
<rel id="sDomRel39" xlink:href="GUM.GUM_interview_mckenzie.tok.xml#tok_39">
</rel>
<rel id="sDomRel40" xlink:href="GUM.GUM_interview_mckenzie.tok.xml#tok_40">
</rel>
<rel id="sDomRel41" xlink:href="GUM.GUM_interview_mckenzie.tok.xml#tok_41">
</rel>
<rel id="sDomRel42" xlink:href="GUM.GUM_interview_mckenzie.tok.xml#tok_42">
</rel>
<rel id="sDomRel43" xlink:href="GUM.GUM_interview_mckenzie.tok.xml#tok_43">
</rel>
<rel id="sDomRel44" xlink:href="GUM.GUM_interview_mckenzie.tok.xml#tok_44">
</rel>
<rel id="sDomRel45" xlink:href="GUM.GUM_interview_mckenzie.tok.xml#tok_45">
</rel>
<rel id="sDomRel46" xlink:href="GUM.GUM_interview_mckenzie.tok.xml#tok_46">
</rel>
<rel id="sDomRel47" xlink:href="GUM.GUM_interview_mckenzie.tok.xml#tok_47">
</rel>
<rel id="sDomRel48" xlink:href="GUM.GUM_interview_mckenzie.tok.xml#tok_48">
</rel>
<rel id="sDomRel49" xlink:href="GUM.GUM_interview_mckenzie.tok.xml#tok_49">
</rel>
<rel id="sDomRel50" xlink:href="GUM.GUM_interview_mckenzie.tok.xml#tok_50">
</rel>
<rel id="sDomRel51" xlink:href="GUM.GUM_interview_mckenzie.tok.xml#tok_51">
</rel>
<rel id="sDomRel52" xlink:href="GUM.GUM_interview_mckenzie.tok.xml#tok_52">
</rel>
<rel id="sDomRel53" xlink:href="GUM.GUM_interview_mckenzie.tok.xml#tok_53">
</rel>
<rel id="sDomRel54" xlink:href="GUM.GUM_interview_mckenzie.tok.xml#tok_54">
</rel>
<rel id="sDomRel55" xlink:href="GUM.GUM_interview_mckenzie.tok.xml#tok_55">
</rel>
<rel id="sDomRel56" xlink:href="GUM.GUM_interview_mckenzie.tok.xml#tok_56">
</rel>
<rel id="sDomRel57" xlink:href="GUM.GUM_interview_mckenzie.tok.xml#tok_57">
</rel>
<rel id="sDomRel58" xlink:href="GUM.GUM_interview_mckenzie.tok.xml#tok_58">
</rel>
<rel id="sDomRel59" xlink:href="GUM.GUM_interview_mckenzie.tok.xml#tok_59">
</rel>
<rel id="sDomRel60" xlink:href="GUM.GUM_interview_mckenzie.tok.xml#tok_60">
</rel>
<rel id="sDomRel61" xlink:href="GUM.GUM_interview_mckenzie.tok.xml#tok_61">
</rel>
</struct>
<struct id="id5">
<rel id="sDomRel62" xlink:href="GUM.GUM_interview_mckenzie.tok.xml#tok_62">
</rel>
<rel id="sDomRel63" xlink:href="GUM.GUM_interview_mckenzie.tok.xml#tok_63">
</rel>
<rel id="sDomRel64" xlink:href="GUM.GUM_interview_mckenzie.tok.xml#tok_64">
</rel>
<rel id="sDomRel65" xlink:href="GUM.GUM_interview_mckenzie.tok.xml#tok_65">
</rel>
<rel id="sDomRel66" xlink:href="GUM.GUM_interview_mckenzie.tok.xml#tok_66">
</rel>
<rel id="sDomRel67" xlink:href="GUM.GUM_interview_mckenzie.tok.xml#tok_67">
</rel>
<rel id="sDomRel68" xlink:href="GUM.GUM_interview_mckenzie.tok.xml#tok_68">
</rel>
<rel id="sDomRel69" xlink:href="GUM.GUM_interview_mckenzie.tok.xml#tok_69">
</rel>
<rel id="sDomRel70" xlink:href="GUM.GUM_interview_mckenzie.tok.xml#tok_70">
</rel>
<rel id="sDomRel71" xlink:href="GUM.GUM_interview_mckenzie.tok.xml#tok_71">
</rel>
<rel id="sDomRel72" xlink:href="GUM.GUM_interview_mckenzie.tok.xml#tok_72">
</rel>
<rel id="sDomRel73" xlink:href="GUM.GUM_interview_mckenzie.tok.xml#tok_73">
</rel>
<rel id="sDomRel74" xlink:href="GUM.GUM_interview_mckenzie.tok.xml#tok_74">
</rel>
<rel id="sDomRel75" xlink:href="GUM.GUM_interview_mckenzie.tok.xml#tok_75">
</rel>
<rel id="sDomRel76" xlink:href="GUM.GUM_interview_mckenzie.tok.xml#tok_76">
</rel>
<rel id="sDomRel77" xlink:href="GUM.GUM_interview_mckenzie.tok.xml#tok_77">
</rel>
</struct>
<struct id="id6">
<rel id="sDomRel78" xlink:href="GUM.GUM_interview_mckenzie.tok.xml#tok_78">
</rel>
<rel id="sDomRel79" xlink:href="GUM.GUM_interview_mckenzie.tok.xml#tok_79">
</rel>
<rel id="sDomRel80" xlink:href="GUM.GUM_interview_mckenzie.tok.xml#tok_80">
</rel>
<rel id="sDomRel81" xlink:href="GUM.GUM_interview_mckenzie.tok.xml#tok_81">
</rel>
<rel id="sDomRel82" xlink:href="GUM.GUM_interview_mckenzie.tok.xml#tok_82">
</rel>
<rel id="sDomRel83" xlink:href="GUM.GUM_interview_mckenzie.tok.xml#tok_83">
</rel>
<rel id="sDomRel84" xlink:href="GUM.GUM_interview_mckenzie.tok.xml#tok_84">
</rel>
<rel id="sDomRel85" xlink:href="GUM.GUM_interview_mckenzie.tok.xml#tok_85">
</rel>
<rel id="sDomRel86" xlink:href="GUM.GUM_interview_mckenzie.tok.xml#tok_86">
</rel>
<rel id="sDomRel87" xlink:href="GUM.GUM_interview_mckenzie.tok.xml#tok_87">
</rel>
<rel id="sDomRel88" xlink:href="GUM.GUM_interview_mckenzie.tok.xml#tok_88">
</rel>
<rel id="sDomRel89" xlink:href="GUM.GUM_interview_mckenzie.tok.xml#tok_89">
</rel>
<rel id="sDomRel90" xlink:href="GUM.GUM_interview_mckenzie.tok.xml#tok_90">
</rel>
<rel id="sDomRel91" xlink:href="GUM.GUM_interview_mckenzie.tok.xml#tok_91">
</rel>
<rel id="sDomRel577" type="rst" xlink:href="rst.GUM_interview_mckenzie.struct.xml#id7">
</rel>
</struct>
<struct id="id7">
<rel id="sDomRel92" xlink:href="GUM.GUM_interview_mckenzie.tok.xml#tok_92">
</rel>
<rel id="sDomRel93" xlink:href="GUM.GUM_interview_mckenzie.tok.xml#tok_93">
</rel>
<rel id="sDomRel94" xlink:href="GUM.GUM_interview_mckenzie.tok.xml#tok_94">
</rel>
<rel id="sDomRel95" xlink:href="GUM.GUM_interview_mckenzie.tok.xml#tok_95">
</rel>
<rel id="sDomRel96" xlink:href="GUM.GUM_interview_mckenzie.tok.xml#tok_96">
</rel>
<rel id="sDomRel97" xlink:href="GUM.GUM_interview_mckenzie.tok.xml#tok_97">
</rel>
<rel id="sDomRel98" xlink:href="GUM.GUM_interview_mckenzie.tok.xml#tok_98">
</rel>
<rel id="sDomRel99" xlink:href="GUM.GUM_interview_mckenzie.tok.xml#tok_99">
</rel>
<rel id="sDomRel100" xlink:href="GUM.GUM_interview_mckenzie.tok.xml#tok_100">
</rel>
<rel id="sDomRel101" xlink:href="GUM.GUM_interview_mckenzie.tok.xml#tok_101">
</rel>
<rel id="sDomRel102" xlink:href="GUM.GUM_interview_mckenzie.tok.xml#tok_102">
</rel>
<rel id="sDomRel103" xlink:href="GUM.GUM_interview_mckenzie.tok.xml#tok_103">
</rel>
<rel id="sDomRel104" xlink:href="GUM.GUM_interview_mckenzie.tok.xml#tok_104">
</rel>
<rel id="sDomRel105" xlink:href="GUM.GUM_interview_mckenzie.tok.xml#tok_105">
</rel>
<rel id="sDomRel106" xlink:href="GUM.GUM_interview_mckenzie.tok.xml#tok_106">
</rel>
<rel id="sDomRel107" xlink:href="GUM.GUM_interview_mckenzie.tok.xml#tok_107">
</rel>
</struct>
<struct id="id8">
<rel id="sDomRel108" xlink:href="GUM.GUM_interview_mckenzie.tok.xml#tok_108">
</rel>
<rel id="sDomRel109" xlink:href="GUM.GUM_interview_mckenzie.tok.xml#tok_109">
</rel>
<rel id="sDomRel110" xlink:href="GUM.GUM_interview_mckenzie.tok.xml#tok_110">
</rel>
<rel id="sDomRel111" xlink:href="GUM.GUM_interview_mckenzie.tok.xml#tok_111">
</rel>
<rel id="sDomRel112" xlink:href="GUM.GUM_interview_mckenzie.tok.xml#tok_112">
</rel>
<rel id="sDomRel113" xlink:href="GUM.GUM_interview_mckenzie.tok.xml#tok_113">
</rel>
</struct>
<struct id="id9">
<rel id="sDomRel114" xlink:href="GUM.GUM_interview_mckenzie.tok.xml#tok_114">
</rel>
<rel id="sDomRel115" xlink:href="GUM.GUM_interview_mckenzie.tok.xml#tok_115">
</rel>
<rel id="sDomRel116" xlink:href="GUM.GUM_interview_mckenzie.tok.xml#tok_116">
</rel>
<rel id="sDomRel117" xlink:href="GUM.GUM_interview_mckenzie.tok.xml#tok_117">
</rel>
<rel id="sDomRel118" xlink:href="GUM.GUM_interview_mckenzie.tok.xml#tok_118">
</rel>
<rel id="sDomRel119" xlink:href="GUM.GUM_interview_mckenzie.tok.xml#tok_119">
</rel>
<rel id="sDomRel120" xlink:href="GUM.GUM_interview_mckenzie.tok.xml#tok_120">
</rel>
<rel id="sDomRel121" xlink:href="GUM.GUM_interview_mckenzie.tok.xml#tok_121">
</rel>
<rel id="sDomRel122" xlink:href="GUM.GUM_interview_mckenzie.tok.xml#tok_122">
</rel>
<rel id="sDomRel123" xlink:href="GUM.GUM_interview_mckenzie.tok.xml#tok_123">
</rel>
<rel id="sDomRel124" xlink:href="GUM.GUM_interview_mckenzie.tok.xml#tok_124">
</rel>
<rel id="sDomRel125" xlink:href="GUM.GUM_interview_mckenzie.tok.xml#tok_125">
</rel>
<rel id="sDomRel126" xlink:href="GUM.GUM_interview_mckenzie.tok.xml#tok_126">
</rel>
<rel id="sDomRel127" xlink:href="GUM.GUM_interview_mckenzie.tok.xml#tok_127">
</rel>
<rel id="sDomRel128" xlink:href="GUM.GUM_interview_mckenzie.tok.xml#tok_128">
</rel>
<rel id="sDomRel129" xlink:href="GUM.GUM_interview_mckenzie.tok.xml#tok_129">
</rel>
<rel id="sDomRel130" xlink:href="GUM.GUM_interview_mckenzie.tok.xml#tok_130">
</rel>
<rel id="sDomRel578" type="rst" xlink:href="rst.GUM_interview_mckenzie.struct.xml#id8">
</rel>
<rel id="sDomRel631" type="rst" xlink:href="rst.GUM_interview_mckenzie.struct.xml#id60">
</rel>
</struct>
<struct id="id10">
<rel id="sDomRel131" xlink:href="GUM.GUM_interview_mckenzie.tok.xml#tok_131">
</rel>
<rel id="sDomRel132" xlink:href="GUM.GUM_interview_mckenzie.tok.xml#tok_132">
</rel>
<rel id="sDomRel133" xlink:href="GUM.GUM_interview_mckenzie.tok.xml#tok_133">
</rel>
<rel id="sDomRel134" xlink:href="GUM.GUM_interview_mckenzie.tok.xml#tok_134">
</rel>
<rel id="sDomRel135" xlink:href="GUM.GUM_interview_mckenzie.tok.xml#tok_135">
</rel>
<rel id="sDomRel136" xlink:href="GUM.GUM_interview_mckenzie.tok.xml#tok_136">
</rel>
<rel id="sDomRel137" xlink:href="GUM.GUM_interview_mckenzie.tok.xml#tok_137">
</rel>
<rel id="sDomRel138" xlink:href="GUM.GUM_interview_mckenzie.tok.xml#tok_138">
</rel>
<rel id="sDomRel139" xlink:href="GUM.GUM_interview_mckenzie.tok.xml#tok_139">
</rel>
<rel id="sDomRel140" xlink:href="GUM.GUM_interview_mckenzie.tok.xml#tok_140">
</rel>
<rel id="sDomRel141" xlink:href="GUM.GUM_interview_mckenzie.tok.xml#tok_141">
</rel>
<rel id="sDomRel142" xlink:href="GUM.GUM_interview_mckenzie.tok.xml#tok_142">
</rel>
<rel id="sDomRel143" xlink:href="GUM.GUM_interview_mckenzie.tok.xml#tok_143">
</rel>
<rel id="sDomRel646" type="rst" xlink:href="rst.GUM_interview_mckenzie.struct.xml#id78">
</rel>
</struct>
<struct id="id11">
<rel id="sDomRel144" xlink:href="GUM.GUM_interview_mckenzie.tok.xml#tok_144">
</rel>
<rel id="sDomRel145" xlink:href="GUM.GUM_interview_mckenzie.tok.xml#tok_145">
</rel>
<rel id="sDomRel146" xlink:href="GUM.GUM_interview_mckenzie.tok.xml#tok_146">
</rel>
<rel id="sDomRel147" xlink:href="GUM.GUM_interview_mckenzie.tok.xml#tok_147">
</rel>
<rel id="sDomRel148" xlink:href="GUM.GUM_interview_mckenzie.tok.xml#tok_148">
</rel>
<rel id="sDomRel149" xlink:href="GUM.GUM_interview_mckenzie.tok.xml#tok_149">
</rel>
<rel id="sDomRel150" xlink:href="GUM.GUM_interview_mckenzie.tok.xml#tok_150">
</rel>
<rel id="sDomRel151" xlink:href="GUM.GUM_interview_mckenzie.tok.xml#tok_151">
</rel>
<rel id="sDomRel152" xlink:href="GUM.GUM_interview_mckenzie.tok.xml#tok_152">
</rel>
<rel id="sDomRel153" xlink:href="GUM.GUM_interview_mckenzie.tok.xml#tok_153">
</rel>
<rel id="sDomRel154" xlink:href="GUM.GUM_interview_mckenzie.tok.xml#tok_154">
</rel>
<rel id="sDomRel155" xlink:href="GUM.GUM_interview_mckenzie.tok.xml#tok_155">
</rel>
<rel id="sDomRel582" type="rst" xlink:href="rst.GUM_interview_mckenzie.struct.xml#id12">
</rel>
</struct>
<struct id="id12">
<rel id="sDomRel156" xlink:href="GUM.GUM_interview_mckenzie.tok.xml#tok_156">
</rel>
<rel id="sDomRel157" xlink:href="GUM.GUM_interview_mckenzie.tok.xml#tok_157">
</rel>
<rel id="sDomRel158" xlink:href="GUM.GUM_interview_mckenzie.tok.xml#tok_158">
</rel>
<rel id="sDomRel159" xlink:href="GUM.GUM_interview_mckenzie.tok.xml#tok_159">
</rel>
<rel id="sDomRel160" xlink:href="GUM.GUM_interview_mckenzie.tok.xml#tok_160">
</rel>
<rel id="sDomRel161" xlink:href="GUM.GUM_interview_mckenzie.tok.xml#tok_161">
</rel>
<rel id="sDomRel162" xlink:href="GUM.GUM_interview_mckenzie.tok.xml#tok_162">
</rel>
<rel id="sDomRel163" xlink:href="GUM.GUM_interview_mckenzie.tok.xml#tok_163">
</rel>
<rel id="sDomRel164" xlink:href="GUM.GUM_interview_mckenzie.tok.xml#tok_164">
</rel>
<rel id="sDomRel165" xlink:href="GUM.GUM_interview_mckenzie.tok.xml#tok_165">
</rel>
<rel id="sDomRel166" xlink:href="GUM.GUM_interview_mckenzie.tok.xml#tok_166">
</rel>
<rel id="sDomRel167" xlink:href="GUM.GUM_interview_mckenzie.tok.xml#tok_167">
</rel>
<rel id="sDomRel168" xlink:href="GUM.GUM_interview_mckenzie.tok.xml#tok_168">
</rel>
<rel id="sDomRel169" xlink:href="GUM.GUM_interview_mckenzie.tok.xml#tok_169">
</rel>
<rel id="sDomRel170" xlink:href="GUM.GUM_interview_mckenzie.tok.xml#tok_170">
</rel>
<rel id="sDomRel171" xlink:href="GUM.GUM_interview_mckenzie.tok.xml#tok_171">
</rel>
<rel id="sDomRel172" xlink:href="GUM.GUM_interview_mckenzie.tok.xml#tok_172">
</rel>
</struct>
<struct id="id13">
<rel id="sDomRel173" xlink:href="GUM.GUM_interview_mckenzie.tok.xml#tok_173">
</rel>
<rel id="sDomRel174" xlink:href="GUM.GUM_interview_mckenzie.tok.xml#tok_174">
</rel>
<rel id="sDomRel175" xlink:href="GUM.GUM_interview_mckenzie.tok.xml#tok_175">
</rel>
<rel id="sDomRel176" xlink:href="GUM.GUM_interview_mckenzie.tok.xml#tok_176">
</rel>
<rel id="sDomRel177" xlink:href="GUM.GUM_interview_mckenzie.tok.xml#tok_177">
</rel>
<rel id="sDomRel178" xlink:href="GUM.GUM_interview_mckenzie.tok.xml#tok_178">
</rel>
<rel id="sDomRel179" xlink:href="GUM.GUM_interview_mckenzie.tok.xml#tok_179">
</rel>
<rel id="sDomRel180" xlink:href="GUM.GUM_interview_mckenzie.tok.xml#tok_180">
</rel>
<rel id="sDomRel181" xlink:href="GUM.GUM_interview_mckenzie.tok.xml#tok_181">
</rel>
<rel id="sDomRel182" xlink:href="GUM.GUM_interview_mckenzie.tok.xml#tok_182">
</rel>
<rel id="sDomRel183" xlink:href="GUM.GUM_interview_mckenzie.tok.xml#tok_183">
</rel>
<rel id="sDomRel184" xlink:href="GUM.GUM_interview_mckenzie.tok.xml#tok_184">
</rel>
<rel id="sDomRel185" xlink:href="GUM.GUM_interview_mckenzie.tok.xml#tok_185">
</rel>
</struct>
<struct id="id62">
<rel id="sDomRel186" xlink:href="GUM.GUM_interview_mckenzie.tok.xml#tok_186">
</rel>
<rel id="sDomRel187" xlink:href="GUM.GUM_interview_mckenzie.tok.xml#tok_187">
</rel>
<rel id="sDomRel188" xlink:href="GUM.GUM_interview_mckenzie.tok.xml#tok_188">
</rel>
<rel id="sDomRel189" xlink:href="GUM.GUM_interview_mckenzie.tok.xml#tok_189">
</rel>
<rel id="sDomRel190" xlink:href="GUM.GUM_interview_mckenzie.tok.xml#tok_190">
</rel>
<rel id="sDomRel191" xlink:href="GUM.GUM_interview_mckenzie.tok.xml#tok_191">
</rel>
<rel id="sDomRel192" xlink:href="GUM.GUM_interview_mckenzie.tok.xml#tok_192">
</rel>
<rel id="sDomRel193" xlink:href="GUM.GUM_interview_mckenzie.tok.xml#tok_193">
</rel>
<rel id="sDomRel194" xlink:href="GUM.GUM_interview_mckenzie.tok.xml#tok_194">
</rel>
</struct>
<struct id="id14">
<rel id="sDomRel195" xlink:href="GUM.GUM_interview_mckenzie.tok.xml#tok_195">
</rel>
<rel id="sDomRel196" xlink:href="GUM.GUM_interview_mckenzie.tok.xml#tok_196">
</rel>
<rel id="sDomRel197" xlink:href="GUM.GUM_interview_mckenzie.tok.xml#tok_197">
</rel>
<rel id="sDomRel198" xlink:href="GUM.GUM_interview_mckenzie.tok.xml#tok_198">
</rel>
<rel id="sDomRel199" xlink:href="GUM.GUM_interview_mckenzie.tok.xml#tok_199">
</rel>
<rel id="sDomRel200" xlink:href="GUM.GUM_interview_mckenzie.tok.xml#tok_200">
</rel>
<rel id="sDomRel586" type="multinuc" xlink:href="rst.GUM_interview_mckenzie.struct.xml#id15">
</rel>
</struct>
<struct id="id15">
<rel id="sDomRel201" xlink:href="GUM.GUM_interview_mckenzie.tok.xml#tok_201">
</rel>
<rel id="sDomRel202" xlink:href="GUM.GUM_interview_mckenzie.tok.xml#tok_202">
</rel>
<rel id="sDomRel203" xlink:href="GUM.GUM_interview_mckenzie.tok.xml#tok_203">
</rel>
<rel id="sDomRel204" xlink:href="GUM.GUM_interview_mckenzie.tok.xml#tok_204">
</rel>
<rel id="sDomRel205" xlink:href="GUM.GUM_interview_mckenzie.tok.xml#tok_205">
</rel>
<rel id="sDomRel206" xlink:href="GUM.GUM_interview_mckenzie.tok.xml#tok_206">
</rel>
<rel id="sDomRel207" xlink:href="GUM.GUM_interview_mckenzie.tok.xml#tok_207">
</rel>
</struct>
<struct id="id64">
<rel id="sDomRel208" xlink:href="GUM.GUM_interview_mckenzie.tok.xml#tok_208">
</rel>
<rel id="sDomRel209" xlink:href="GUM.GUM_interview_mckenzie.tok.xml#tok_209">
</rel>
<rel id="sDomRel210" xlink:href="GUM.GUM_interview_mckenzie.tok.xml#tok_210">
</rel>
<rel id="sDomRel211" xlink:href="GUM.GUM_interview_mckenzie.tok.xml#tok_211">
</rel>
<rel id="sDomRel212" xlink:href="GUM.GUM_interview_mckenzie.tok.xml#tok_212">
</rel>
<rel id="sDomRel213" xlink:href="GUM.GUM_interview_mckenzie.tok.xml#tok_213">
</rel>
<rel id="sDomRel214" xlink:href="GUM.GUM_interview_mckenzie.tok.xml#tok_214">
</rel>
<rel id="sDomRel215" xlink:href="GUM.GUM_interview_mckenzie.tok.xml#tok_215">
</rel>
<rel id="sDomRel216" xlink:href="GUM.GUM_interview_mckenzie.tok.xml#tok_216">
</rel>
<rel id="sDomRel217" xlink:href="GUM.GUM_interview_mckenzie.tok.xml#tok_217">
</rel>
<rel id="sDomRel218" xlink:href="GUM.GUM_interview_mckenzie.tok.xml#tok_218">
</rel>
<rel id="sDomRel219" xlink:href="GUM.GUM_interview_mckenzie.tok.xml#tok_219">
</rel>
<rel id="sDomRel220" xlink:href="GUM.GUM_interview_mckenzie.tok.xml#tok_220">
</rel>
<rel id="sDomRel221" xlink:href="GUM.GUM_interview_mckenzie.tok.xml#tok_221">
</rel>
<rel id="sDomRel222" xlink:href="GUM.GUM_interview_mckenzie.tok.xml#tok_222">
</rel>
<rel id="sDomRel223" xlink:href="GUM.GUM_interview_mckenzie.tok.xml#tok_223">
</rel>
<rel id="sDomRel224" xlink:href="GUM.GUM_interview_mckenzie.tok.xml#tok_224">
</rel>
<rel id="sDomRel225" xlink:href="GUM.GUM_interview_mckenzie.tok.xml#tok_225">
</rel>
<rel id="sDomRel226" xlink:href="GUM.GUM_interview_mckenzie.tok.xml#tok_226">
</rel>
<rel id="sDomRel227" xlink:href="GUM.GUM_interview_mckenzie.tok.xml#tok_227">
</rel>
<rel id="sDomRel228" xlink:href="GUM.GUM_interview_mckenzie.tok.xml#tok_228">
</rel>
<rel id="sDomRel229" xlink:href="GUM.GUM_interview_mckenzie.tok.xml#tok_229">
</rel>
<rel id="sDomRel230" xlink:href="GUM.GUM_interview_mckenzie.tok.xml#tok_230">
</rel>
<rel id="sDomRel634" type="rst" xlink:href="rst.GUM_interview_mckenzie.struct.xml#id65">
</rel>
</struct>
<struct id="id16">
<rel id="sDomRel231" xlink:href="GUM.GUM_interview_mckenzie.tok.xml#tok_231">
</rel>
<rel id="sDomRel232" xlink:href="GUM.GUM_interview_mckenzie.tok.xml#tok_232">
</rel>
<rel id="sDomRel233" xlink:href="GUM.GUM_interview_mckenzie.tok.xml#tok_233">
</rel>
<rel id="sDomRel234" xlink:href="GUM.GUM_interview_mckenzie.tok.xml#tok_234">
</rel>
<rel id="sDomRel235" xlink:href="GUM.GUM_interview_mckenzie.tok.xml#tok_235">
</rel>
<rel id="sDomRel236" xlink:href="GUM.GUM_interview_mckenzie.tok.xml#tok_236">
</rel>
<rel id="sDomRel237" xlink:href="GUM.GUM_interview_mckenzie.tok.xml#tok_237">
</rel>
<rel id="sDomRel238" xlink:href="GUM.GUM_interview_mckenzie.tok.xml#tok_238">
</rel>
<rel id="sDomRel239" xlink:href="GUM.GUM_interview_mckenzie.tok.xml#tok_239">
</rel>
<rel id="sDomRel240" xlink:href="GUM.GUM_interview_mckenzie.tok.xml#tok_240">
</rel>
<rel id="sDomRel241" xlink:href="GUM.GUM_interview_mckenzie.tok.xml#tok_241">
</rel>
<rel id="sDomRel242" xlink:href="GUM.GUM_interview_mckenzie.tok.xml#tok_242">
</rel>
</struct>
<struct id="id17">
<rel id="sDomRel243" xlink:href="GUM.GUM_interview_mckenzie.tok.xml#tok_243">
</rel>
<rel id="sDomRel244" xlink:href="GUM.GUM_interview_mckenzie.tok.xml#tok_244">
</rel>
<rel id="sDomRel245" xlink:href="GUM.GUM_interview_mckenzie.tok.xml#tok_245">
</rel>
<rel id="sDomRel246" xlink:href="GUM.GUM_interview_mckenzie.tok.xml#tok_246">
</rel>
<rel id="sDomRel247" xlink:href="GUM.GUM_interview_mckenzie.tok.xml#tok_247">
</rel>
<rel id="sDomRel248" xlink:href="GUM.GUM_interview_mckenzie.tok.xml#tok_248">
</rel>
<rel id="sDomRel249" xlink:href="GUM.GUM_interview_mckenzie.tok.xml#tok_249">
</rel>
<rel id="sDomRel590" type="rst" xlink:href="rst.GUM_interview_mckenzie.struct.xml#id18">
</rel>
</struct>
<struct id="id18">
<rel id="sDomRel250" xlink:href="GUM.GUM_interview_mckenzie.tok.xml#tok_250">
</rel>
<rel id="sDomRel251" xlink:href="GUM.GUM_interview_mckenzie.tok.xml#tok_251">
</rel>
<rel id="sDomRel252" xlink:href="GUM.GUM_interview_mckenzie.tok.xml#tok_252">
</rel>
<rel id="sDomRel253" xlink:href="GUM.GUM_interview_mckenzie.tok.xml#tok_253">
</rel>
<rel id="sDomRel254" xlink:href="GUM.GUM_interview_mckenzie.tok.xml#tok_254">
</rel>
<rel id="sDomRel255" xlink:href="GUM.GUM_interview_mckenzie.tok.xml#tok_255">
</rel>
<rel id="sDomRel256" xlink:href="GUM.GUM_interview_mckenzie.tok.xml#tok_256">
</rel>
<rel id="sDomRel257" xlink:href="GUM.GUM_interview_mckenzie.tok.xml#tok_257">
</rel>
<rel id="sDomRel258" xlink:href="GUM.GUM_interview_mckenzie.tok.xml#tok_258">
</rel>
<rel id="sDomRel259" xlink:href="GUM.GUM_interview_mckenzie.tok.xml#tok_259">
</rel>
<rel id="sDomRel260" xlink:href="GUM.GUM_interview_mckenzie.tok.xml#tok_260">
</rel>
<rel id="sDomRel261" xlink:href="GUM.GUM_interview_mckenzie.tok.xml#tok_261">
</rel>
<rel id="sDomRel262" xlink:href="GUM.GUM_interview_mckenzie.tok.xml#tok_262">
</rel>
<rel id="sDomRel263" xlink:href="GUM.GUM_interview_mckenzie.tok.xml#tok_263">
</rel>
<rel id="sDomRel264" xlink:href="GUM.GUM_interview_mckenzie.tok.xml#tok_264">
</rel>
<rel id="sDomRel265" xlink:href="GUM.GUM_interview_mckenzie.tok.xml#tok_265">
</rel>
<rel id="sDomRel266" xlink:href="GUM.GUM_interview_mckenzie.tok.xml#tok_266">
</rel>
<rel id="sDomRel267" xlink:href="GUM.GUM_interview_mckenzie.tok.xml#tok_267">
</rel>
<rel id="sDomRel268" xlink:href="GUM.GUM_interview_mckenzie.tok.xml#tok_268">
</rel>
<rel id="sDomRel269" xlink:href="GUM.GUM_interview_mckenzie.tok.xml#tok_269">
</rel>
<rel id="sDomRel270" xlink:href="GUM.GUM_interview_mckenzie.tok.xml#tok_270">
</rel>
<rel id="sDomRel271" xlink:href="GUM.GUM_interview_mckenzie.tok.xml#tok_271">
</rel>
<rel id="sDomRel272" xlink:href="GUM.GUM_interview_mckenzie.tok.xml#tok_272">
</rel>
</struct>
<struct id="id19">
<rel id="sDomRel273" xlink:href="GUM.GUM_interview_mckenzie.tok.xml#tok_273">
</rel>
<rel id="sDomRel274" xlink:href="GUM.GUM_interview_mckenzie.tok.xml#tok_274">
</rel>
<rel id="sDomRel275" xlink:href="GUM.GUM_interview_mckenzie.tok.xml#tok_275">
</rel>
<rel id="sDomRel276" xlink:href="GUM.GUM_interview_mckenzie.tok.xml#tok_276">
</rel>
<rel id="sDomRel277" xlink:href="GUM.GUM_interview_mckenzie.tok.xml#tok_277">
</rel>
<rel id="sDomRel278" xlink:href="GUM.GUM_interview_mckenzie.tok.xml#tok_278">
</rel>
<rel id="sDomRel279" xlink:href="GUM.GUM_interview_mckenzie.tok.xml#tok_279">
</rel>
<rel id="sDomRel280" xlink:href="GUM.GUM_interview_mckenzie.tok.xml#tok_280">
</rel>
<rel id="sDomRel281" xlink:href="GUM.GUM_interview_mckenzie.tok.xml#tok_281">
</rel>
<rel id="sDomRel282" xlink:href="GUM.GUM_interview_mckenzie.tok.xml#tok_282">
</rel>
<rel id="sDomRel283" xlink:href="GUM.GUM_interview_mckenzie.tok.xml#tok_283">
</rel>
<rel id="sDomRel284" xlink:href="GUM.GUM_interview_mckenzie.tok.xml#tok_284">
</rel>
<rel id="sDomRel285" xlink:href="GUM.GUM_interview_mckenzie.tok.xml#tok_285">
</rel>
<rel id="sDomRel286" xlink:href="GUM.GUM_interview_mckenzie.tok.xml#tok_286">
</rel>
<rel id="sDomRel287" xlink:href="GUM.GUM_interview_mckenzie.tok.xml#tok_287">
</rel>
<rel id="sDomRel288" xlink:href="GUM.GUM_interview_mckenzie.tok.xml#tok_288">
</rel>
</struct>
<struct id="id20">
<rel id="sDomRel289" xlink:href="GUM.GUM_interview_mckenzie.tok.xml#tok_289">
</rel>
<rel id="sDomRel290" xlink:href="GUM.GUM_interview_mckenzie.tok.xml#tok_290">
</rel>
<rel id="sDomRel291" xlink:href="GUM.GUM_interview_mckenzie.tok.xml#tok_291">
</rel>
<rel id="sDomRel292" xlink:href="GUM.GUM_interview_mckenzie.tok.xml#tok_292">
</rel>
<rel id="sDomRel293" xlink:href="GUM.GUM_interview_mckenzie.tok.xml#tok_293">
</rel>
<rel id="sDomRel294" xlink:href="GUM.GUM_interview_mckenzie.tok.xml#tok_294">
</rel>
<rel id="sDomRel295" xlink:href="GUM.GUM_interview_mckenzie.tok.xml#tok_295">
</rel>
</struct>
<struct id="id21">
<rel id="sDomRel296" xlink:href="GUM.GUM_interview_mckenzie.tok.xml#tok_296">
</rel>
<rel id="sDomRel297" xlink:href="GUM.GUM_interview_mckenzie.tok.xml#tok_297">
</rel>
<rel id="sDomRel298" xlink:href="GUM.GUM_interview_mckenzie.tok.xml#tok_298">
</rel>
<rel id="sDomRel299" xlink:href="GUM.GUM_interview_mckenzie.tok.xml#tok_299">
</rel>
<rel id="sDomRel300" xlink:href="GUM.GUM_interview_mckenzie.tok.xml#tok_300">
</rel>
<rel id="sDomRel301" xlink:href="GUM.GUM_interview_mckenzie.tok.xml#tok_301">
</rel>
<rel id="sDomRel302" xlink:href="GUM.GUM_interview_mckenzie.tok.xml#tok_302">
</rel>
<rel id="sDomRel639" type="rst" xlink:href="rst.GUM_interview_mckenzie.struct.xml#id70">
</rel>
<rel id="sDomRel640" type="rst" xlink:href="rst.GUM_interview_mckenzie.struct.xml#id71">
</rel>
</struct>
<struct id="id22">
<rel id="sDomRel303" xlink:href="GUM.GUM_interview_mckenzie.tok.xml#tok_303">
</rel>
<rel id="sDomRel304" xlink:href="GUM.GUM_interview_mckenzie.tok.xml#tok_304">
</rel>
<rel id="sDomRel305" xlink:href="GUM.GUM_interview_mckenzie.tok.xml#tok_305">
</rel>
<rel id="sDomRel306" xlink:href="GUM.GUM_interview_mckenzie.tok.xml#tok_306">
</rel>
<rel id="sDomRel307" xlink:href="GUM.GUM_interview_mckenzie.tok.xml#tok_307">
</rel>
<rel id="sDomRel308" xlink:href="GUM.GUM_interview_mckenzie.tok.xml#tok_308">
</rel>
<rel id="sDomRel309" xlink:href="GUM.GUM_interview_mckenzie.tok.xml#tok_309">
</rel>
</struct>
<struct id="id23">
<rel id="sDomRel310" xlink:href="GUM.GUM_interview_mckenzie.tok.xml#tok_310">
</rel>
<rel id="sDomRel311" xlink:href="GUM.GUM_interview_mckenzie.tok.xml#tok_311">
</rel>
<rel id="sDomRel312" xlink:href="GUM.GUM_interview_mckenzie.tok.xml#tok_312">
</rel>
<rel id="sDomRel313" xlink:href="GUM.GUM_interview_mckenzie.tok.xml#tok_313">
</rel>
<rel id="sDomRel314" xlink:href="GUM.GUM_interview_mckenzie.tok.xml#tok_314">
</rel>
<rel id="sDomRel315" xlink:href="GUM.GUM_interview_mckenzie.tok.xml#tok_315">
</rel>
<rel id="sDomRel316" xlink:href="GUM.GUM_interview_mckenzie.tok.xml#tok_316">
</rel>
<rel id="sDomRel317" xlink:href="GUM.GUM_interview_mckenzie.tok.xml#tok_317">
</rel>
<rel id="sDomRel318" xlink:href="GUM.GUM_interview_mckenzie.tok.xml#tok_318">
</rel>
<rel id="sDomRel319" xlink:href="GUM.GUM_interview_mckenzie.tok.xml#tok_319">
</rel>
<rel id="sDomRel320" xlink:href="GUM.GUM_interview_mckenzie.tok.xml#tok_320">
</rel>
<rel id="sDomRel321" xlink:href="GUM.GUM_interview_mckenzie.tok.xml#tok_321">
</rel>
<rel id="sDomRel322" xlink:href="GUM.GUM_interview_mckenzie.tok.xml#tok_322">
</rel>
</struct>
<struct id="id24">
<rel id="sDomRel323" xlink:href="GUM.GUM_interview_mckenzie.tok.xml#tok_323">
</rel>
<rel id="sDomRel324" xlink:href="GUM.GUM_interview_mckenzie.tok.xml#tok_324">
</rel>
<rel id="sDomRel325" xlink:href="GUM.GUM_interview_mckenzie.tok.xml#tok_325">
</rel>
<rel id="sDomRel326" xlink:href="GUM.GUM_interview_mckenzie.tok.xml#tok_326">
</rel>
<rel id="sDomRel327" xlink:href="GUM.GUM_interview_mckenzie.tok.xml#tok_327">
</rel>
<rel id="sDomRel328" xlink:href="GUM.GUM_interview_mckenzie.tok.xml#tok_328">
</rel>
<rel id="sDomRel329" xlink:href="GUM.GUM_interview_mckenzie.tok.xml#tok_329">
</rel>
<rel id="sDomRel330" xlink:href="GUM.GUM_interview_mckenzie.tok.xml#tok_330">
</rel>
<rel id="sDomRel331" xlink:href="GUM.GUM_interview_mckenzie.tok.xml#tok_331">
</rel>
</struct>
<struct id="id25">
<rel id="sDomRel332" xlink:href="GUM.GUM_interview_mckenzie.tok.xml#tok_332">
</rel>
<rel id="sDomRel333" xlink:href="GUM.GUM_interview_mckenzie.tok.xml#tok_333">
</rel>
<rel id="sDomRel334" xlink:href="GUM.GUM_interview_mckenzie.tok.xml#tok_334">
</rel>
<rel id="sDomRel335" xlink:href="GUM.GUM_interview_mckenzie.tok.xml#tok_335">
</rel>
<rel id="sDomRel336" xlink:href="GUM.GUM_interview_mckenzie.tok.xml#tok_336">
</rel>
<rel id="sDomRel337" xlink:href="GUM.GUM_interview_mckenzie.tok.xml#tok_337">
</rel>
<rel id="sDomRel338" xlink:href="GUM.GUM_interview_mckenzie.tok.xml#tok_338">
</rel>
<rel id="sDomRel339" xlink:href="GUM.GUM_interview_mckenzie.tok.xml#tok_339">
</rel>
<rel id="sDomRel340" xlink:href="GUM.GUM_interview_mckenzie.tok.xml#tok_340">
</rel>
<rel id="sDomRel341" xlink:href="GUM.GUM_interview_mckenzie.tok.xml#tok_341">
</rel>
<rel id="sDomRel342" xlink:href="GUM.GUM_interview_mckenzie.tok.xml#tok_342">
</rel>
<rel id="sDomRel343" xlink:href="GUM.GUM_interview_mckenzie.tok.xml#tok_343">
</rel>
<rel id="sDomRel344" xlink:href="GUM.GUM_interview_mckenzie.tok.xml#tok_344">
</rel>
<rel id="sDomRel345" xlink:href="GUM.GUM_interview_mckenzie.tok.xml#tok_345">
</rel>
<rel id="sDomRel346" xlink:href="GUM.GUM_interview_mckenzie.tok.xml#tok_346">
</rel>
<rel id="sDomRel347" xlink:href="GUM.GUM_interview_mckenzie.tok.xml#tok_347">
</rel>
<rel id="sDomRel348" xlink:href="GUM.GUM_interview_mckenzie.tok.xml#tok_348">
</rel>
<rel id="sDomRel349" xlink:href="GUM.GUM_interview_mckenzie.tok.xml#tok_349">
</rel>
<rel id="sDomRel596" type="rst" xlink:href="rst.GUM_interview_mckenzie.struct.xml#id24">
</rel>
<rel id="sDomRel598" type="rst" xlink:href="rst.GUM_interview_mckenzie.struct.xml#id26">
</rel>
<rel id="sDomRel599" type="rst" xlink:href="rst.GUM_interview_mckenzie.struct.xml#id27">
</rel>
<rel id="sDomRel624" type="rst" xlink:href="rst.GUM_interview_mckenzie.struct.xml#id52">
</rel>
<rel id="sDomRel643" type="rst" xlink:href="rst.GUM_interview_mckenzie.struct.xml#id75">
</rel>
</struct>
<struct id="id26">
<rel id="sDomRel350" xlink:href="GUM.GUM_interview_mckenzie.tok.xml#tok_350">
</rel>
<rel id="sDomRel351" xlink:href="GUM.GUM_interview_mckenzie.tok.xml#tok_351">
</rel>
<rel id="sDomRel352" xlink:href="GUM.GUM_interview_mckenzie.tok.xml#tok_352">
</rel>
<rel id="sDomRel353" xlink:href="GUM.GUM_interview_mckenzie.tok.xml#tok_353">
</rel>
<rel id="sDomRel354" xlink:href="GUM.GUM_interview_mckenzie.tok.xml#tok_354">
</rel>
<rel id="sDomRel355" xlink:href="GUM.GUM_interview_mckenzie.tok.xml#tok_355">
</rel>
</struct>
<struct id="id27">
<rel id="sDomRel356" xlink:href="GUM.GUM_interview_mckenzie.tok.xml#tok_356">
</rel>
<rel id="sDomRel357" xlink:href="GUM.GUM_interview_mckenzie.tok.xml#tok_357">
</rel>
<rel id="sDomRel358" xlink:href="GUM.GUM_interview_mckenzie.tok.xml#tok_358">
</rel>
<rel id="sDomRel359" xlink:href="GUM.GUM_interview_mckenzie.tok.xml#tok_359">
</rel>
<rel id="sDomRel360" xlink:href="GUM.GUM_interview_mckenzie.tok.xml#tok_360">
</rel>
<rel id="sDomRel361" xlink:href="GUM.GUM_interview_mckenzie.tok.xml#tok_361">
</rel>
<rel id="sDomRel362" xlink:href="GUM.GUM_interview_mckenzie.tok.xml#tok_362">
</rel>
<rel id="sDomRel363" xlink:href="GUM.GUM_interview_mckenzie.tok.xml#tok_363">
</rel>
<rel id="sDomRel364" xlink:href="GUM.GUM_interview_mckenzie.tok.xml#tok_364">
</rel>
<rel id="sDomRel365" xlink:href="GUM.GUM_interview_mckenzie.tok.xml#tok_365">
</rel>
</struct>
<struct id="id28">
<rel id="sDomRel366" xlink:href="GUM.GUM_interview_mckenzie.tok.xml#tok_366">
</rel>
<rel id="sDomRel367" xlink:href="GUM.GUM_interview_mckenzie.tok.xml#tok_367">
</rel>
<rel id="sDomRel368" xlink:href="GUM.GUM_interview_mckenzie.tok.xml#tok_368">
</rel>
<rel id="sDomRel369" xlink:href="GUM.GUM_interview_mckenzie.tok.xml#tok_369">
</rel>
<rel id="sDomRel370" xlink:href="GUM.GUM_interview_mckenzie.tok.xml#tok_370">
</rel>
<rel id="sDomRel371" xlink:href="GUM.GUM_interview_mckenzie.tok.xml#tok_371">
</rel>
<rel id="sDomRel372" xlink:href="GUM.GUM_interview_mckenzie.tok.xml#tok_372">
</rel>
<rel id="sDomRel373" xlink:href="GUM.GUM_interview_mckenzie.tok.xml#tok_373">
</rel>
</struct>
<struct id="id29">
<rel id="sDomRel374" xlink:href="GUM.GUM_interview_mckenzie.tok.xml#tok_374">
</rel>
<rel id="sDomRel375" xlink:href="GUM.GUM_interview_mckenzie.tok.xml#tok_375">
</rel>
<rel id="sDomRel376" xlink:href="GUM.GUM_interview_mckenzie.tok.xml#tok_376">
</rel>
<rel id="sDomRel377" xlink:href="GUM.GUM_interview_mckenzie.tok.xml#tok_377">
</rel>
<rel id="sDomRel378" xlink:href="GUM.GUM_interview_mckenzie.tok.xml#tok_378">
</rel>
<rel id="sDomRel379" xlink:href="GUM.GUM_interview_mckenzie.tok.xml#tok_379">
</rel>
<rel id="sDomRel380" xlink:href="GUM.GUM_interview_mckenzie.tok.xml#tok_380">
</rel>
<rel id="sDomRel381" xlink:href="GUM.GUM_interview_mckenzie.tok.xml#tok_381">
</rel>
<rel id="sDomRel602" type="rst" xlink:href="rst.GUM_interview_mckenzie.struct.xml#id30">
</rel>
</struct>
<struct id="id30">
<rel id="sDomRel382" xlink:href="GUM.GUM_interview_mckenzie.tok.xml#tok_382">
</rel>
<rel id="sDomRel383" xlink:href="GUM.GUM_interview_mckenzie.tok.xml#tok_383">
</rel>
<rel id="sDomRel384" xlink:href="GUM.GUM_interview_mckenzie.tok.xml#tok_384">
</rel>
<rel id="sDomRel385" xlink:href="GUM.GUM_interview_mckenzie.tok.xml#tok_385">
</rel>
<rel id="sDomRel386" xlink:href="GUM.GUM_interview_mckenzie.tok.xml#tok_386">
</rel>
<rel id="sDomRel387" xlink:href="GUM.GUM_interview_mckenzie.tok.xml#tok_387">
</rel>
<rel id="sDomRel388" xlink:href="GUM.GUM_interview_mckenzie.tok.xml#tok_388">
</rel>
<rel id="sDomRel389" xlink:href="GUM.GUM_interview_mckenzie.tok.xml#tok_389">
</rel>
<rel id="sDomRel390" xlink:href="GUM.GUM_interview_mckenzie.tok.xml#tok_390">
</rel>
<rel id="sDomRel391" xlink:href="GUM.GUM_interview_mckenzie.tok.xml#tok_391">
</rel>
<rel id="sDomRel392" xlink:href="GUM.GUM_interview_mckenzie.tok.xml#tok_392">
</rel>
<rel id="sDomRel393" xlink:href="GUM.GUM_interview_mckenzie.tok.xml#tok_393">
</rel>
<rel id="sDomRel394" xlink:href="GUM.GUM_interview_mckenzie.tok.xml#tok_394">
</rel>
</struct>
<struct id="id31">
<rel id="sDomRel395" xlink:href="GUM.GUM_interview_mckenzie.tok.xml#tok_395">
</rel>
<rel id="sDomRel396" xlink:href="GUM.GUM_interview_mckenzie.tok.xml#tok_396">
</rel>
<rel id="sDomRel397" xlink:href="GUM.GUM_interview_mckenzie.tok.xml#tok_397">
</rel>
<rel id="sDomRel398" xlink:href="GUM.GUM_interview_mckenzie.tok.xml#tok_398">
</rel>
<rel id="sDomRel399" xlink:href="GUM.GUM_interview_mckenzie.tok.xml#tok_399">
</rel>
<rel id="sDomRel400" xlink:href="GUM.GUM_interview_mckenzie.tok.xml#tok_400">
</rel>
<rel id="sDomRel401" xlink:href="GUM.GUM_interview_mckenzie.tok.xml#tok_401">
</rel>
<rel id="sDomRel402" xlink:href="GUM.GUM_interview_mckenzie.tok.xml#tok_402">
</rel>
<rel id="sDomRel403" xlink:href="GUM.GUM_interview_mckenzie.tok.xml#tok_403">
</rel>
<rel id="sDomRel404" xlink:href="GUM.GUM_interview_mckenzie.tok.xml#tok_404">
</rel>
<rel id="sDomRel405" xlink:href="GUM.GUM_interview_mckenzie.tok.xml#tok_405">
</rel>
<rel id="sDomRel406" xlink:href="GUM.GUM_interview_mckenzie.tok.xml#tok_406">
</rel>
<rel id="sDomRel407" xlink:href="GUM.GUM_interview_mckenzie.tok.xml#tok_407">
</rel>
<rel id="sDomRel408" xlink:href="GUM.GUM_interview_mckenzie.tok.xml#tok_408">
</rel>
</struct>
<struct id="id32">
<rel id="sDomRel409" xlink:href="GUM.GUM_interview_mckenzie.tok.xml#tok_409">
</rel>
<rel id="sDomRel410" xlink:href="GUM.GUM_interview_mckenzie.tok.xml#tok_410">
</rel>
<rel id="sDomRel411" xlink:href="GUM.GUM_interview_mckenzie.tok.xml#tok_411">
</rel>
<rel id="sDomRel412" xlink:href="GUM.GUM_interview_mckenzie.tok.xml#tok_412">
</rel>
<rel id="sDomRel413" xlink:href="GUM.GUM_interview_mckenzie.tok.xml#tok_413">
</rel>
<rel id="sDomRel414" xlink:href="GUM.GUM_interview_mckenzie.tok.xml#tok_414">
</rel>
<rel id="sDomRel415" xlink:href="GUM.GUM_interview_mckenzie.tok.xml#tok_415">
</rel>
<rel id="sDomRel416" xlink:href="GUM.GUM_interview_mckenzie.tok.xml#tok_416">
</rel>
<rel id="sDomRel417" xlink:href="GUM.GUM_interview_mckenzie.tok.xml#tok_417">
</rel>
<rel id="sDomRel418" xlink:href="GUM.GUM_interview_mckenzie.tok.xml#tok_418">
</rel>
<rel id="sDomRel419" xlink:href="GUM.GUM_interview_mckenzie.tok.xml#tok_419">
</rel>
<rel id="sDomRel420" xlink:href="GUM.GUM_interview_mckenzie.tok.xml#tok_420">
</rel>
<rel id="sDomRel421" xlink:href="GUM.GUM_interview_mckenzie.tok.xml#tok_421">
</rel>
<rel id="sDomRel605" type="rst" xlink:href="rst.GUM_interview_mckenzie.struct.xml#id33">
</rel>
</struct>
<struct id="id33">
<rel id="sDomRel422" xlink:href="GUM.GUM_interview_mckenzie.tok.xml#tok_422">
</rel>
<rel id="sDomRel423" xlink:href="GUM.GUM_interview_mckenzie.tok.xml#tok_423">
</rel>
<rel id="sDomRel424" xlink:href="GUM.GUM_interview_mckenzie.tok.xml#tok_424">
</rel>
</struct>
<struct id="id34">
<rel id="sDomRel425" xlink:href="GUM.GUM_interview_mckenzie.tok.xml#tok_425">
</rel>
<rel id="sDomRel426" xlink:href="GUM.GUM_interview_mckenzie.tok.xml#tok_426">
</rel>
<rel id="sDomRel427" xlink:href="GUM.GUM_interview_mckenzie.tok.xml#tok_427">
</rel>
<rel id="sDomRel428" xlink:href="GUM.GUM_interview_mckenzie.tok.xml#tok_428">
</rel>
<rel id="sDomRel429" xlink:href="GUM.GUM_interview_mckenzie.tok.xml#tok_429">
</rel>
</struct>
<struct id="id35">
<rel id="sDomRel430" xlink:href="GUM.GUM_interview_mckenzie.tok.xml#tok_430">
</rel>
<rel id="sDomRel431" xlink:href="GUM.GUM_interview_mckenzie.tok.xml#tok_431">
</rel>
<rel id="sDomRel432" xlink:href="GUM.GUM_interview_mckenzie.tok.xml#tok_432">
</rel>
<rel id="sDomRel433" xlink:href="GUM.GUM_interview_mckenzie.tok.xml#tok_433">
</rel>
<rel id="sDomRel434" xlink:href="GUM.GUM_interview_mckenzie.tok.xml#tok_434">
</rel>
<rel id="sDomRel435" xlink:href="GUM.GUM_interview_mckenzie.tok.xml#tok_435">
</rel>
<rel id="sDomRel436" xlink:href="GUM.GUM_interview_mckenzie.tok.xml#tok_436">
</rel>
<rel id="sDomRel437" xlink:href="GUM.GUM_interview_mckenzie.tok.xml#tok_437">
</rel>
<rel id="sDomRel606" type="rst" xlink:href="rst.GUM_interview_mckenzie.struct.xml#id34">
</rel>
</struct>
<struct id="id36">
<rel id="sDomRel438" xlink:href="GUM.GUM_interview_mckenzie.tok.xml#tok_438">
</rel>
<rel id="sDomRel439" xlink:href="GUM.GUM_interview_mckenzie.tok.xml#tok_439">
</rel>
<rel id="sDomRel440" xlink:href="GUM.GUM_interview_mckenzie.tok.xml#tok_440">
</rel>
<rel id="sDomRel441" xlink:href="GUM.GUM_interview_mckenzie.tok.xml#tok_441">
</rel>
<rel id="sDomRel442" xlink:href="GUM.GUM_interview_mckenzie.tok.xml#tok_442">
</rel>
<rel id="sDomRel443" xlink:href="GUM.GUM_interview_mckenzie.tok.xml#tok_443">
</rel>
<rel id="sDomRel444" xlink:href="GUM.GUM_interview_mckenzie.tok.xml#tok_444">
</rel>
<rel id="sDomRel445" xlink:href="GUM.GUM_interview_mckenzie.tok.xml#tok_445">
</rel>
<rel id="sDomRel446" xlink:href="GUM.GUM_interview_mckenzie.tok.xml#tok_446">
</rel>
<rel id="sDomRel447" xlink:href="GUM.GUM_interview_mckenzie.tok.xml#tok_447">
</rel>
<rel id="sDomRel448" xlink:href="GUM.GUM_interview_mckenzie.tok.xml#tok_448">
</rel>
<rel id="sDomRel449" xlink:href="GUM.GUM_interview_mckenzie.tok.xml#tok_449">
</rel>
<rel id="sDomRel450" xlink:href="GUM.GUM_interview_mckenzie.tok.xml#tok_450">
</rel>
<rel id="sDomRel451" xlink:href="GUM.GUM_interview_mckenzie.tok.xml#tok_451">
</rel>
<rel id="sDomRel452" xlink:href="GUM.GUM_interview_mckenzie.tok.xml#tok_452">
</rel>
<rel id="sDomRel453" xlink:href="GUM.GUM_interview_mckenzie.tok.xml#tok_453">
</rel>
<rel id="sDomRel454" xlink:href="GUM.GUM_interview_mckenzie.tok.xml#tok_454">
</rel>
<rel id="sDomRel455" xlink:href="GUM.GUM_interview_mckenzie.tok.xml#tok_455">
</rel>
<rel id="sDomRel456" xlink:href="GUM.GUM_interview_mckenzie.tok.xml#tok_456">
</rel>
<rel id="sDomRel457" xlink:href="GUM.GUM_interview_mckenzie.tok.xml#tok_457">
</rel>
<rel id="sDomRel458" xlink:href="GUM.GUM_interview_mckenzie.tok.xml#tok_458">
</rel>
<rel id="sDomRel459" xlink:href="GUM.GUM_interview_mckenzie.tok.xml#tok_459">
</rel>
<rel id="sDomRel460" xlink:href="GUM.GUM_interview_mckenzie.tok.xml#tok_460">
</rel>
<rel id="sDomRel461" xlink:href="GUM.GUM_interview_mckenzie.tok.xml#tok_461">
</rel>
</struct>
<struct id="id53">
<rel id="sDomRel462" xlink:href="GUM.GUM_interview_mckenzie.tok.xml#tok_462">
</rel>
<rel id="sDomRel463" xlink:href="GUM.GUM_interview_mckenzie.tok.xml#tok_463">
</rel>
<rel id="sDomRel464" xlink:href="GUM.GUM_interview_mckenzie.tok.xml#tok_464">
</rel>
<rel id="sDomRel465" xlink:href="GUM.GUM_interview_mckenzie.tok.xml#tok_465">
</rel>
<rel id="sDomRel466" xlink:href="GUM.GUM_interview_mckenzie.tok.xml#tok_466">
</rel>
<rel id="sDomRel467" xlink:href="GUM.GUM_interview_mckenzie.tok.xml#tok_467">
</rel>
<rel id="sDomRel468" xlink:href="GUM.GUM_interview_mckenzie.tok.xml#tok_468">
</rel>
<rel id="sDomRel469" xlink:href="GUM.GUM_interview_mckenzie.tok.xml#tok_469">
</rel>
<rel id="sDomRel470" xlink:href="GUM.GUM_interview_mckenzie.tok.xml#tok_470">
</rel>
<rel id="sDomRel471" xlink:href="GUM.GUM_interview_mckenzie.tok.xml#tok_471">
</rel>
<rel id="sDomRel472" xlink:href="GUM.GUM_interview_mckenzie.tok.xml#tok_472">
</rel>
<rel id="sDomRel473" xlink:href="GUM.GUM_interview_mckenzie.tok.xml#tok_473">
</rel>
<rel id="sDomRel474" xlink:href="GUM.GUM_interview_mckenzie.tok.xml#tok_474">
</rel>
<rel id="sDomRel475" xlink:href="GUM.GUM_interview_mckenzie.tok.xml#tok_475">
</rel>
<rel id="sDomRel476" xlink:href="GUM.GUM_interview_mckenzie.tok.xml#tok_476">
</rel>
<rel id="sDomRel477" xlink:href="GUM.GUM_interview_mckenzie.tok.xml#tok_477">
</rel>
<rel id="sDomRel478" xlink:href="GUM.GUM_interview_mckenzie.tok.xml#tok_478">
</rel>
<rel id="sDomRel479" xlink:href="GUM.GUM_interview_mckenzie.tok.xml#tok_479">
</rel>
<rel id="sDomRel480" xlink:href="GUM.GUM_interview_mckenzie.tok.xml#tok_480">
</rel>
<rel id="sDomRel481" xlink:href="GUM.GUM_interview_mckenzie.tok.xml#tok_481">
</rel>
<rel id="sDomRel482" xlink:href="GUM.GUM_interview_mckenzie.tok.xml#tok_482">
</rel>
<rel id="sDomRel483" xlink:href="GUM.GUM_interview_mckenzie.tok.xml#tok_483">
</rel>
<rel id="sDomRel484" xlink:href="GUM.GUM_interview_mckenzie.tok.xml#tok_484">
</rel>
<rel id="sDomRel485" xlink:href="GUM.GUM_interview_mckenzie.tok.xml#tok_485">
</rel>
<rel id="sDomRel486" xlink:href="GUM.GUM_interview_mckenzie.tok.xml#tok_486">
</rel>
<rel id="sDomRel487" xlink:href="GUM.GUM_interview_mckenzie.tok.xml#tok_487">
</rel>
<rel id="sDomRel627" type="rst" xlink:href="rst.GUM_interview_mckenzie.struct.xml#id56">
</rel>
</struct>
<struct id="id37">
<rel id="sDomRel488" xlink:href="GUM.GUM_interview_mckenzie.tok.xml#tok_488">
</rel>
<rel id="sDomRel489" xlink:href="GUM.GUM_interview_mckenzie.tok.xml#tok_489">
</rel>
<rel id="sDomRel490" xlink:href="GUM.GUM_interview_mckenzie.tok.xml#tok_490">
</rel>
<rel id="sDomRel491" xlink:href="GUM.GUM_interview_mckenzie.tok.xml#tok_491">
</rel>
<rel id="sDomRel492" xlink:href="GUM.GUM_interview_mckenzie.tok.xml#tok_492">
</rel>
<rel id="sDomRel493" xlink:href="GUM.GUM_interview_mckenzie.tok.xml#tok_493">
</rel>
<rel id="sDomRel494" xlink:href="GUM.GUM_interview_mckenzie.tok.xml#tok_494">
</rel>
<rel id="sDomRel495" xlink:href="GUM.GUM_interview_mckenzie.tok.xml#tok_495">
</rel>
<rel id="sDomRel496" xlink:href="GUM.GUM_interview_mckenzie.tok.xml#tok_496">
</rel>
<rel id="sDomRel497" xlink:href="GUM.GUM_interview_mckenzie.tok.xml#tok_497">
</rel>
<rel id="sDomRel498" xlink:href="GUM.GUM_interview_mckenzie.tok.xml#tok_498">
</rel>
<rel id="sDomRel499" xlink:href="GUM.GUM_interview_mckenzie.tok.xml#tok_499">
</rel>
<rel id="sDomRel500" xlink:href="GUM.GUM_interview_mckenzie.tok.xml#tok_500">
</rel>
<rel id="sDomRel501" xlink:href="GUM.GUM_interview_mckenzie.tok.xml#tok_501">
</rel>
<rel id="sDomRel502" xlink:href="GUM.GUM_interview_mckenzie.tok.xml#tok_502">
</rel>
<rel id="sDomRel503" xlink:href="GUM.GUM_interview_mckenzie.tok.xml#tok_503">
</rel>
<rel id="sDomRel504" xlink:href="GUM.GUM_interview_mckenzie.tok.xml#tok_504">
</rel>
<rel id="sDomRel505" xlink:href="GUM.GUM_interview_mckenzie.tok.xml#tok_505">
</rel>
<rel id="sDomRel506" xlink:href="GUM.GUM_interview_mckenzie.tok.xml#tok_506">
</rel>
<rel id="sDomRel507" xlink:href="GUM.GUM_interview_mckenzie.tok.xml#tok_507">
</rel>
<rel id="sDomRel508" xlink:href="GUM.GUM_interview_mckenzie.tok.xml#tok_508">
</rel>
<rel id="sDomRel509" xlink:href="GUM.GUM_interview_mckenzie.tok.xml#tok_509">
</rel>
<rel id="sDomRel510" xlink:href="GUM.GUM_interview_mckenzie.tok.xml#tok_510">
</rel>
<rel id="sDomRel511" xlink:href="GUM.GUM_interview_mckenzie.tok.xml#tok_511">
</rel>
<rel id="sDomRel611" type="multinuc" xlink:href="rst.GUM_interview_mckenzie.struct.xml#id38">
</rel>
</struct>
<struct id="id38">
<rel id="sDomRel512" xlink:href="GUM.GUM_interview_mckenzie.tok.xml#tok_512">
</rel>
<rel id="sDomRel513" xlink:href="GUM.GUM_interview_mckenzie.tok.xml#tok_513">
</rel>
<rel id="sDomRel514" xlink:href="GUM.GUM_interview_mckenzie.tok.xml#tok_514">
</rel>
<rel id="sDomRel515" xlink:href="GUM.GUM_interview_mckenzie.tok.xml#tok_515">
</rel>
<rel id="sDomRel516" xlink:href="GUM.GUM_interview_mckenzie.tok.xml#tok_516">
</rel>
<rel id="sDomRel517" xlink:href="GUM.GUM_interview_mckenzie.tok.xml#tok_517">
</rel>
<rel id="sDomRel518" xlink:href="GUM.GUM_interview_mckenzie.tok.xml#tok_518">
</rel>
</struct>
<struct id="id39">
<rel id="sDomRel519" xlink:href="GUM.GUM_interview_mckenzie.tok.xml#tok_519">
</rel>
<rel id="sDomRel520" xlink:href="GUM.GUM_interview_mckenzie.tok.xml#tok_520">
</rel>
<rel id="sDomRel521" xlink:href="GUM.GUM_interview_mckenzie.tok.xml#tok_521">
</rel>
<rel id="sDomRel522" xlink:href="GUM.GUM_interview_mckenzie.tok.xml#tok_522">
</rel>
<rel id="sDomRel523" xlink:href="GUM.GUM_interview_mckenzie.tok.xml#tok_523">
</rel>
<rel id="sDomRel524" xlink:href="GUM.GUM_interview_mckenzie.tok.xml#tok_524">
</rel>
<rel id="sDomRel525" xlink:href="GUM.GUM_interview_mckenzie.tok.xml#tok_525">
</rel>
<rel id="sDomRel526" xlink:href="GUM.GUM_interview_mckenzie.tok.xml#tok_526">
</rel>
</struct>
<struct id="id57">
<rel id="sDomRel527" xlink:href="GUM.GUM_interview_mckenzie.tok.xml#tok_527">
</rel>
<rel id="sDomRel528" xlink:href="GUM.GUM_interview_mckenzie.tok.xml#tok_528">
</rel>
<rel id="sDomRel529" xlink:href="GUM.GUM_interview_mckenzie.tok.xml#tok_529">
</rel>
<rel id="sDomRel530" xlink:href="GUM.GUM_interview_mckenzie.tok.xml#tok_530">
</rel>
<rel id="sDomRel531" xlink:href="GUM.GUM_interview_mckenzie.tok.xml#tok_531">
</rel>
<rel id="sDomRel532" xlink:href="GUM.GUM_interview_mckenzie.tok.xml#tok_532">
</rel>
<rel id="sDomRel533" xlink:href="GUM.GUM_interview_mckenzie.tok.xml#tok_533">
</rel>
<rel id="sDomRel534" xlink:href="GUM.GUM_interview_mckenzie.tok.xml#tok_534">
</rel>
<rel id="sDomRel535" xlink:href="GUM.GUM_interview_mckenzie.tok.xml#tok_535">
</rel>
<rel id="sDomRel536" xlink:href="GUM.GUM_interview_mckenzie.tok.xml#tok_536">
</rel>
<rel id="sDomRel537" xlink:href="GUM.GUM_interview_mckenzie.tok.xml#tok_537">
</rel>
<rel id="sDomRel612" type="rst" xlink:href="rst.GUM_interview_mckenzie.struct.xml#id39">
</rel>
<rel id="sDomRel614" type="rst" xlink:href="rst.GUM_interview_mckenzie.struct.xml#id40">
</rel>
<rel id="sDomRel629" type="rst" xlink:href="rst.GUM_interview_mckenzie.struct.xml#id59">
</rel>
</struct>
<struct id="id40">
<rel id="sDomRel538" xlink:href="GUM.GUM_interview_mckenzie.tok.xml#tok_538">
</rel>
<rel id="sDomRel539" xlink:href="GUM.GUM_interview_mckenzie.tok.xml#tok_539">
</rel>
<rel id="sDomRel540" xlink:href="GUM.GUM_interview_mckenzie.tok.xml#tok_540">
</rel>
</struct>
<struct id="id41">
<rel id="sDomRel541" xlink:href="GUM.GUM_interview_mckenzie.tok.xml#tok_541">
</rel>
<rel id="sDomRel542" xlink:href="GUM.GUM_interview_mckenzie.tok.xml#tok_542">
</rel>
<rel id="sDomRel543" xlink:href="GUM.GUM_interview_mckenzie.tok.xml#tok_543">
</rel>
<rel id="sDomRel544" xlink:href="GUM.GUM_interview_mckenzie.tok.xml#tok_544">
</rel>
<rel id="sDomRel545" xlink:href="GUM.GUM_interview_mckenzie.tok.xml#tok_545">
</rel>
<rel id="sDomRel546" xlink:href="GUM.GUM_interview_mckenzie.tok.xml#tok_546">
</rel>
<rel id="sDomRel547" xlink:href="GUM.GUM_interview_mckenzie.tok.xml#tok_547">
</rel>
<rel id="sDomRel548" xlink:href="GUM.GUM_interview_mckenzie.tok.xml#tok_548">
</rel>
<rel id="sDomRel549" xlink:href="GUM.GUM_interview_mckenzie.tok.xml#tok_549">
</rel>
<rel id="sDomRel550" xlink:href="GUM.GUM_interview_mckenzie.tok.xml#tok_550">
</rel>
<rel id="sDomRel551" xlink:href="GUM.GUM_interview_mckenzie.tok.xml#tok_551">
</rel>
<rel id="sDomRel552" xlink:href="GUM.GUM_interview_mckenzie.tok.xml#tok_552">
</rel>
<rel id="sDomRel616" type="rst" xlink:href="rst.GUM_interview_mckenzie.struct.xml#id42">
</rel>
</struct>
<struct id="id42">
<rel id="sDomRel553" xlink:href="GUM.GUM_interview_mckenzie.tok.xml#tok_553">
</rel>
<rel id="sDomRel554" xlink:href="GUM.GUM_interview_mckenzie.tok.xml#tok_554">
</rel>
</struct>
<struct id="id43">
<rel id="sDomRel555" xlink:href="GUM.GUM_interview_mckenzie.tok.xml#tok_555">
</rel>
<rel id="sDomRel556" xlink:href="GUM.GUM_interview_mckenzie.tok.xml#tok_556">
</rel>
<rel id="sDomRel557" xlink:href="GUM.GUM_interview_mckenzie.tok.xml#tok_557">
</rel>
<rel id="sDomRel558" xlink:href="GUM.GUM_interview_mckenzie.tok.xml#tok_558">
</rel>
<rel id="sDomRel559" xlink:href="GUM.GUM_interview_mckenzie.tok.xml#tok_559">
</rel>
<rel id="sDomRel560" xlink:href="GUM.GUM_interview_mckenzie.tok.xml#tok_560">
</rel>
<rel id="sDomRel561" xlink:href="GUM.GUM_interview_mckenzie.tok.xml#tok_561">
</rel>
</struct>
<struct id="id44">
<rel id="sDomRel562" xlink:href="GUM.GUM_interview_mckenzie.tok.xml#tok_562">
</rel>
<rel id="sDomRel563" xlink:href="GUM.GUM_interview_mckenzie.tok.xml#tok_563">
</rel>
<rel id="sDomRel564" xlink:href="GUM.GUM_interview_mckenzie.tok.xml#tok_564">
</rel>
<rel id="sDomRel619" type="rst" xlink:href="rst.GUM_interview_mckenzie.struct.xml#id47">
</rel>
</struct>
<struct id="id47">
<rel id="sDomRel565" xlink:href="GUM.GUM_interview_mckenzie.tok.xml#tok_565">
</rel>
<rel id="sDomRel566" xlink:href="GUM.GUM_interview_mckenzie.tok.xml#tok_566">
</rel>
<rel id="sDomRel567" xlink:href="GUM.GUM_interview_mckenzie.tok.xml#tok_567">
</rel>
<rel id="sDomRel568" xlink:href="GUM.GUM_interview_mckenzie.tok.xml#tok_568">
</rel>
<rel id="sDomRel569" xlink:href="GUM.GUM_interview_mckenzie.tok.xml#tok_569">
</rel>
<rel id="sDomRel570" xlink:href="GUM.GUM_interview_mckenzie.tok.xml#tok_570">
</rel>
</struct>
<struct id="id45">
<rel id="sDomRel573" xlink:href="rst.GUM_interview_mckenzie.struct.xml#id3">
</rel>
</struct>
<struct id="id48">
<rel id="sDomRel618" xlink:href="rst.GUM_interview_mckenzie.struct.xml#id44">
</rel>
</struct>
<struct id="id49">
<rel id="sDomRel603" type="rst" xlink:href="rst.GUM_interview_mckenzie.struct.xml#id31">
</rel>
<rel id="sDomRel604" xlink:href="rst.GUM_interview_mckenzie.struct.xml#id32">
</rel>
<rel id="sDomRel623" type="rst" xlink:href="rst.GUM_interview_mckenzie.struct.xml#id51">
</rel>
</struct>
<struct id="id51">
<rel id="sDomRel607" xlink:href="rst.GUM_interview_mckenzie.struct.xml#id35">
</rel>
</struct>
<struct id="id52">
<rel id="sDomRel600" type="multinuc" xlink:href="rst.GUM_interview_mckenzie.struct.xml#id28">
</rel>
<rel id="sDomRel601" type="multinuc" xlink:href="rst.GUM_interview_mckenzie.struct.xml#id29">
</rel>
<rel id="sDomRel630" type="multinuc" xlink:href="rst.GUM_interview_mckenzie.struct.xml#id50">
</rel>
</struct>
<struct id="id54">
<rel id="sDomRel609" xlink:href="rst.GUM_interview_mckenzie.struct.xml#id53">
</rel>
</struct>
<struct id="id55">
<rel id="sDomRel608" type="multinuc" xlink:href="rst.GUM_interview_mckenzie.struct.xml#id36">
</rel>
<rel id="sDomRel625" type="multinuc" xlink:href="rst.GUM_interview_mckenzie.struct.xml#id54">
</rel>
</struct>
<struct id="id56">
<rel id="sDomRel610" xlink:href="rst.GUM_interview_mckenzie.struct.xml#id37">
</rel>
</struct>
<struct id="id58">
<rel id="sDomRel613" xlink:href="rst.GUM_interview_mckenzie.struct.xml#id57">
</rel>
<rel id="sDomRel617" type="rst" xlink:href="rst.GUM_interview_mckenzie.struct.xml#id43">
</rel>
</struct>
<struct id="id59">
<rel id="sDomRel615" xlink:href="rst.GUM_interview_mckenzie.struct.xml#id41">
</rel>
</struct>
<struct id="id50">
<rel id="sDomRel622" xlink:href="rst.GUM_interview_mckenzie.struct.xml#id49">
</rel>
</struct>
<struct id="id60">
<rel id="sDomRel580" xlink:href="rst.GUM_interview_mckenzie.struct.xml#id10">
</rel>
</struct>
<struct id="id61">
<rel id="sDomRel581" xlink:href="rst.GUM_interview_mckenzie.struct.xml#id11">
</rel>
<rel id="sDomRel645" type="rst" xlink:href="rst.GUM_interview_mckenzie.struct.xml#id77">
</rel>
</struct>
<struct id="id63">
<rel id="sDomRel583" type="multinuc" xlink:href="rst.GUM_interview_mckenzie.struct.xml#id13">
</rel>
<rel id="sDomRel584" type="multinuc" xlink:href="rst.GUM_interview_mckenzie.struct.xml#id62">
</rel>
<rel id="sDomRel636" type="rst" xlink:href="rst.GUM_interview_mckenzie.struct.xml#id66">
</rel>
</struct>
<struct id="id65">
<rel id="sDomRel585" xlink:href="rst.GUM_interview_mckenzie.struct.xml#id14">
</rel>
</struct>
<struct id="id67">
<rel id="sDomRel587" xlink:href="rst.GUM_interview_mckenzie.struct.xml#id64">
</rel>
<rel id="sDomRel588" type="rst" xlink:href="rst.GUM_interview_mckenzie.struct.xml#id16">
</rel>
</struct>
<struct id="id66">
<rel id="sDomRel635" xlink:href="rst.GUM_interview_mckenzie.struct.xml#id67">
</rel>
</struct>
<struct id="id68">
<rel id="sDomRel589" xlink:href="rst.GUM_interview_mckenzie.struct.xml#id17">
</rel>
</struct>
<struct id="id69">
<rel id="sDomRel591" type="multinuc" xlink:href="rst.GUM_interview_mckenzie.struct.xml#id19">
</rel>
<rel id="sDomRel592" type="multinuc" xlink:href="rst.GUM_interview_mckenzie.struct.xml#id20">
</rel>
</struct>
<struct id="id70">
<rel id="sDomRel638" xlink:href="rst.GUM_interview_mckenzie.struct.xml#id69">
</rel>
</struct>
<struct id="id71">
<rel id="sDomRel594" type="multinuc" xlink:href="rst.GUM_interview_mckenzie.struct.xml#id22">
</rel>
<rel id="sDomRel595" type="multinuc" xlink:href="rst.GUM_interview_mckenzie.struct.xml#id23">
</rel>
</struct>
<struct id="id72">
<rel id="sDomRel597" xlink:href="rst.GUM_interview_mckenzie.struct.xml#id25">
</rel>
</struct>
<struct id="id73">
<rel id="sDomRel620" type="rst" xlink:href="rst.GUM_interview_mckenzie.struct.xml#id45">
</rel>
<rel id="sDomRel621" type="multinuc" xlink:href="rst.GUM_interview_mckenzie.struct.xml#id48">
</rel>
<rel id="sDomRel628" type="multinuc" xlink:href="rst.GUM_interview_mckenzie.struct.xml#id58">
</rel>
<rel id="sDomRel637" type="multinuc" xlink:href="rst.GUM_interview_mckenzie.struct.xml#id68">
</rel>
<rel id="sDomRel641" type="multinuc" xlink:href="rst.GUM_interview_mckenzie.struct.xml#id72">
</rel>
<rel id="sDomRel642" type="multinuc" xlink:href="rst.GUM_interview_mckenzie.struct.xml#id74">
</rel>
<rel id="sDomRel644" type="multinuc" xlink:href="rst.GUM_interview_mckenzie.struct.xml#id76">
</rel>
<rel id="sDomRel647" type="multinuc" xlink:href="rst.GUM_interview_mckenzie.struct.xml#id80">
</rel>
</struct>
<struct id="id74">
<rel id="sDomRel593" xlink:href="rst.GUM_interview_mckenzie.struct.xml#id21">
</rel>
</struct>
<struct id="id75">
<rel id="sDomRel626" xlink:href="rst.GUM_interview_mckenzie.struct.xml#id55">
</rel>
</struct>
<struct id="id76">
<rel id="sDomRel579" xlink:href="rst.GUM_interview_mckenzie.struct.xml#id9">
</rel>
</struct>
<struct id="id77">
<rel id="sDomRel633" xlink:href="rst.GUM_interview_mckenzie.struct.xml#id63">
</rel>
</struct>
<struct id="id78">
<rel id="sDomRel632" xlink:href="rst.GUM_interview_mckenzie.struct.xml#id61">
</rel>
</struct>
<struct id="id80">
<rel id="sDomRel576" xlink:href="rst.GUM_interview_mckenzie.struct.xml#id6">
</rel>
</struct>
</structList>
</paula>
