<?xml version="1.0" encoding="UTF-8" standalone="no"?>

<!DOCTYPE paula SYSTEM "paula_feat.dtd">
<paula version="1.0">

<header paula_id="tei.GUM.GUM_interview_mckenzie_ref"/>

<featList xmlns:xlink="http://www.w3.org/1999/xlink" type="ref" xml:base="tei.GUM.GUM_interview_mckenzie.refSeg.xml">
<feat xlink:href="#ref_7" value="ref"/><!-- Preston -->
<feat xlink:href="#ref_9" value="ref"/><!-- Victoria -->
<feat xlink:href="#ref_11" value="ref"/><!-- Australia -->
<feat xlink:href="#ref_17" value="ref"/><!-- Tina...McKenzie -->
<feat xlink:href="#ref_25" value="ref"/><!-- Australia...team -->
<feat xlink:href="#ref_44" value="ref"/><!-- Paralympic -->
<feat xlink:href="#ref_47" value="ref"/><!-- wheelchair...basketball -->
<feat xlink:href="#ref_56" value="ref"/><!-- 2012...Paralympics -->
<feat xlink:href="#ref_73" value="ref"/><!-- Melbourne -->
<feat xlink:href="#ref_76" value="ref"/><!-- Preston -->
<feat xlink:href="#ref_83" value="ref"/><!-- Canada -->
<feat xlink:href="#ref_267" value="ref"/><!-- World...Cup -->
<feat xlink:href="#ref_271" value="ref"/><!-- Netherlands -->
<feat xlink:href="#ref_546" value="ref"/><!-- FIFA -->
<feat xlink:href="#ref_567" value="ref"/><!-- Australian...Committee -->
</featList>
</paula>
