<?xml version="1.0" encoding="UTF-8" standalone="no"?>

<!DOCTYPE paula SYSTEM "paula_feat.dtd">
<paula version="1.0">

<header paula_id="tei.GUM.GUM_interview_mckenzie_sp_who"/>

<featList xmlns:xlink="http://www.w3.org/1999/xlink" type="sp_who" xml:base="tei.GUM.GUM_interview_mckenzie.sp_whoSeg.xml">
<feat xlink:href="#sp_who_78" value="#TinaMcKenzie"/><!-- [.... -->
<feat xlink:href="#sp_who_108" value="#Wikinews"/><!-- Who...? -->
<feat xlink:href="#sp_who_114" value="#TinaMcKenzie"/><!-- It...... -->
<feat xlink:href="#sp_who_195" value="#Wikinews"/><!-- It.... -->
<feat xlink:href="#sp_who_201" value="#TinaMcKenzie"/><!-- No.... -->
<feat xlink:href="#sp_who_273" value="#Wikinews"/><!-- Was...? -->
<feat xlink:href="#sp_who_296" value="#TinaMcKenzie"/><!-- No.... -->
<feat xlink:href="#sp_who_323" value="#Wikinews"/><!-- The.... -->
<feat xlink:href="#sp_who_332" value="#TinaMcKenzie"/><!-- We.... -->
<feat xlink:href="#sp_who_519" value="#Wikinews"/><!-- Unfortunately.... -->
<feat xlink:href="#sp_who_538" value="#TinaMcKenzie"/><!-- Oh.... -->
<feat xlink:href="#sp_who_541" value="#Wikinews"/><!-- The.... -->
<feat xlink:href="#sp_who_553" value="#TinaMcKenzie"/><!-- Right.... -->
</featList>
</paula>
