<?xml version="1.0" encoding="UTF-8" standalone="no"?>

<!DOCTYPE paula SYSTEM "paula_feat.dtd">
<paula version="1.0">

<header paula_id="tei.GUM.GUM_interview_mckenzie_date"/>

<featList xmlns:xlink="http://www.w3.org/1999/xlink" type="date" xml:base="tei.GUM.GUM_interview_mckenzie.dateSeg.xml">
<feat xlink:href="#date_1" value="date"/><!-- Friday...2014 -->
<feat xlink:href="#date_56" value="date"/><!-- 2012 -->
<feat xlink:href="#date_262" value="date"/><!-- 2005 -->
<feat xlink:href="#date_287" value="date"/><!-- 2005 -->
<feat xlink:href="#date_301" value="date"/><!-- 2010 -->
<feat xlink:href="#date_304" value="date"/><!-- 2009 -->
<feat xlink:href="#date_306" value="date"/><!-- 2010 -->
<feat xlink:href="#date_321" value="date"/><!-- 2011 -->
<feat xlink:href="#date_376" value="date"/><!-- 2006 -->
<feat xlink:href="#date_398" value="date"/><!-- 2010 -->
</featList>
</paula>
