<?xml version="1.0" encoding="UTF-8" standalone="no"?>

<!DOCTYPE paula SYSTEM "paula_mark.dtd">
<paula version="1.0">

<header paula_id="tei.GUM.GUM_interview_mckenzie_sp_whoSeg"/>

<markList xmlns:xlink="http://www.w3.org/1999/xlink" type="sp_whoSeg" xml:base="GUM.GUM_interview_mckenzie.tok.xml">
<mark id="sp_who_78" xlink:href="#xpointer(id('tok_78')/range-to(id('tok_107')))"/><!-- [.... -->
<mark id="sp_who_108" xlink:href="#xpointer(id('tok_108')/range-to(id('tok_113')))"/><!-- Who...? -->
<mark id="sp_who_114" xlink:href="#xpointer(id('tok_114')/range-to(id('tok_194')))"/><!-- It...... -->
<mark id="sp_who_195" xlink:href="#xpointer(id('tok_195')/range-to(id('tok_200')))"/><!-- It.... -->
<mark id="sp_who_201" xlink:href="#xpointer(id('tok_201')/range-to(id('tok_272')))"/><!-- No.... -->
<mark id="sp_who_273" xlink:href="#xpointer(id('tok_273')/range-to(id('tok_295')))"/><!-- Was...? -->
<mark id="sp_who_296" xlink:href="#xpointer(id('tok_296')/range-to(id('tok_322')))"/><!-- No.... -->
<mark id="sp_who_323" xlink:href="#xpointer(id('tok_323')/range-to(id('tok_331')))"/><!-- The.... -->
<mark id="sp_who_332" xlink:href="#xpointer(id('tok_332')/range-to(id('tok_518')))"/><!-- We.... -->
<mark id="sp_who_519" xlink:href="#xpointer(id('tok_519')/range-to(id('tok_537')))"/><!-- Unfortunately.... -->
<mark id="sp_who_538" xlink:href="#xpointer(id('tok_538')/range-to(id('tok_540')))"/><!-- Oh.... -->
<mark id="sp_who_541" xlink:href="#xpointer(id('tok_541')/range-to(id('tok_552')))"/><!-- The.... -->
<mark id="sp_who_553" xlink:href="#xpointer(id('tok_553')/range-to(id('tok_561')))"/><!-- Right.... -->
</markList>
</paula>
