<?xml version="1.0" encoding="UTF-8" standalone="no"?>

<!DOCTYPE paula SYSTEM "paula_mark.dtd">
<paula version="1.0">

<header paula_id="tei.GUM.GUM_interview_mckenzie_refSeg"/>

<markList xmlns:xlink="http://www.w3.org/1999/xlink" type="refSeg" xml:base="GUM.GUM_interview_mckenzie.tok.xml">
<mark id="ref_7" xlink:href="#tok_7"/><!-- Preston -->
<mark id="ref_9" xlink:href="#tok_9"/><!-- Victoria -->
<mark id="ref_11" xlink:href="#tok_11"/><!-- Australia -->
<mark id="ref_17" xlink:href="#xpointer(id('tok_17')/range-to(id('tok_18')))"/><!-- Tina...McKenzie -->
<mark id="ref_25" xlink:href="#xpointer(id('tok_25')/range-to(id('tok_31')))"/><!-- Australia...team -->
<mark id="ref_44" xlink:href="#tok_44"/><!-- Paralympic -->
<mark id="ref_47" xlink:href="#xpointer(id('tok_47')/range-to(id('tok_48')))"/><!-- wheelchair...basketball -->
<mark id="ref_56" xlink:href="#xpointer(id('tok_56')/range-to(id('tok_58')))"/><!-- 2012...Paralympics -->
<mark id="ref_73" xlink:href="#tok_73"/><!-- Melbourne -->
<mark id="ref_76" xlink:href="#tok_76"/><!-- Preston -->
<mark id="ref_83" xlink:href="#tok_83"/><!-- Canada -->
<mark id="ref_267" xlink:href="#xpointer(id('tok_267')/range-to(id('tok_268')))"/><!-- World...Cup -->
<mark id="ref_271" xlink:href="#tok_271"/><!-- Netherlands -->
<mark id="ref_546" xlink:href="#tok_546"/><!-- FIFA -->
<mark id="ref_567" xlink:href="#xpointer(id('tok_567')/range-to(id('tok_569')))"/><!-- Australian...Committee -->
</markList>
</paula>
