<?xml version="1.0" encoding="UTF-8" standalone="no"?>

<!DOCTYPE paula SYSTEM "paula_mark.dtd">
<paula version="1.0">

<header paula_id="tei.GUM.GUM_interview_mckenzie_sSeg"/>

<markList xmlns:xlink="http://www.w3.org/1999/xlink" type="sSeg" xml:base="GUM.GUM_interview_mckenzie.tok.xml">
<mark id="s_1" xlink:href="#xpointer(id('tok_1')/range-to(id('tok_6')))"/><!-- Friday...2014 -->
<mark id="s_7" xlink:href="#xpointer(id('tok_7')/range-to(id('tok_11')))"/><!-- Preston...Australia -->
<mark id="s_12" xlink:href="#xpointer(id('tok_12')/range-to(id('tok_37')))"/><!-- On.... -->
<mark id="s_38" xlink:href="#xpointer(id('tok_38')/range-to(id('tok_61')))"/><!-- McKenzie.... -->
<mark id="s_62" xlink:href="#xpointer(id('tok_62')/range-to(id('tok_77')))"/><!-- Wikinews.... -->
<mark id="s_78" xlink:href="#xpointer(id('tok_78')/range-to(id('tok_91')))"/><!-- [.... -->
<mark id="s_92" xlink:href="#xpointer(id('tok_92')/range-to(id('tok_107')))"/><!-- It.... -->
<mark id="s_108" xlink:href="#xpointer(id('tok_108')/range-to(id('tok_113')))"/><!-- Who...? -->
<mark id="s_114" xlink:href="#xpointer(id('tok_114')/range-to(id('tok_130')))"/><!-- It.... -->
<mark id="s_131" xlink:href="#xpointer(id('tok_131')/range-to(id('tok_143')))"/><!-- So.... -->
<mark id="s_144" xlink:href="#xpointer(id('tok_144')/range-to(id('tok_155')))"/><!-- Cause.... -->
<mark id="s_156" xlink:href="#xpointer(id('tok_156')/range-to(id('tok_172')))"/><!-- It.... -->
<mark id="s_173" xlink:href="#xpointer(id('tok_173')/range-to(id('tok_194')))"/><!-- And...... -->
<mark id="s_195" xlink:href="#xpointer(id('tok_195')/range-to(id('tok_200')))"/><!-- It.... -->
<mark id="s_201" xlink:href="#xpointer(id('tok_201')/range-to(id('tok_230')))"/><!-- No.... -->
<mark id="s_231" xlink:href="#xpointer(id('tok_231')/range-to(id('tok_242')))"/><!-- Also.... -->
<mark id="s_243" xlink:href="#xpointer(id('tok_243')/range-to(id('tok_249')))"/><!-- But.... -->
<mark id="s_250" xlink:href="#xpointer(id('tok_250')/range-to(id('tok_272')))"/><!-- We.... -->
<mark id="s_273" xlink:href="#xpointer(id('tok_273')/range-to(id('tok_288')))"/><!-- Was...? -->
<mark id="s_289" xlink:href="#xpointer(id('tok_289')/range-to(id('tok_295')))"/><!-- Or...? -->
<mark id="s_296" xlink:href="#xpointer(id('tok_296')/range-to(id('tok_302')))"/><!-- No.... -->
<mark id="s_303" xlink:href="#xpointer(id('tok_303')/range-to(id('tok_309')))"/><!-- So.... -->
<mark id="s_310" xlink:href="#xpointer(id('tok_310')/range-to(id('tok_322')))"/><!-- And.... -->
<mark id="s_323" xlink:href="#xpointer(id('tok_323')/range-to(id('tok_331')))"/><!-- The.... -->
<mark id="s_332" xlink:href="#xpointer(id('tok_332')/range-to(id('tok_349')))"/><!-- We.... -->
<mark id="s_350" xlink:href="#xpointer(id('tok_350')/range-to(id('tok_355')))"/><!-- I.... -->
<mark id="s_356" xlink:href="#xpointer(id('tok_356')/range-to(id('tok_365')))"/><!-- It.... -->
<mark id="s_366" xlink:href="#xpointer(id('tok_366')/range-to(id('tok_373')))"/><!-- 2002.... -->
<mark id="s_374" xlink:href="#xpointer(id('tok_374')/range-to(id('tok_381')))"/><!-- Then.... -->
<mark id="s_382" xlink:href="#xpointer(id('tok_382')/range-to(id('tok_394')))"/><!-- It.... -->
<mark id="s_395" xlink:href="#xpointer(id('tok_395')/range-to(id('tok_408')))"/><!-- And.... -->
<mark id="s_409" xlink:href="#xpointer(id('tok_409')/range-to(id('tok_421')))"/><!-- We.... -->
<mark id="s_422" xlink:href="#xpointer(id('tok_422')/range-to(id('tok_424')))"/><!-- Came.... -->
<mark id="s_425" xlink:href="#xpointer(id('tok_425')/range-to(id('tok_429')))"/><!-- But...? -->
<mark id="s_430" xlink:href="#xpointer(id('tok_430')/range-to(id('tok_437')))"/><!-- Fired.... -->
<mark id="s_438" xlink:href="#xpointer(id('tok_438')/range-to(id('tok_487')))"/><!-- So.... -->
<mark id="s_488" xlink:href="#xpointer(id('tok_488')/range-to(id('tok_511')))"/><!-- So.... -->
<mark id="s_512" xlink:href="#xpointer(id('tok_512')/range-to(id('tok_518')))"/><!-- And.... -->
<mark id="s_519" xlink:href="#xpointer(id('tok_519')/range-to(id('tok_537')))"/><!-- Unfortunately.... -->
<mark id="s_538" xlink:href="#xpointer(id('tok_538')/range-to(id('tok_540')))"/><!-- Oh.... -->
<mark id="s_541" xlink:href="#xpointer(id('tok_541')/range-to(id('tok_552')))"/><!-- The.... -->
<mark id="s_553" xlink:href="#xpointer(id('tok_553')/range-to(id('tok_554')))"/><!-- Right.... -->
<mark id="s_555" xlink:href="#xpointer(id('tok_555')/range-to(id('tok_561')))"/><!-- Well.... -->
<mark id="s_562" xlink:href="#xpointer(id('tok_562')/range-to(id('tok_570')))"/><!-- Tina.... -->
</markList>
</paula>
