<?xml version="1.0" encoding="UTF-8" standalone="no"?>

<!DOCTYPE paula SYSTEM "paula_feat.dtd">
<paula version="1.0">

<header paula_id="tei.GUM.GUM_interview_mckenzie_s"/>

<featList xmlns:xlink="http://www.w3.org/1999/xlink" type="s" xml:base="tei.GUM.GUM_interview_mckenzie.sSeg.xml">
<feat xlink:href="#s_1" value="s"/><!-- Friday...2014 -->
<feat xlink:href="#s_7" value="s"/><!-- Preston...Australia -->
<feat xlink:href="#s_12" value="s"/><!-- On.... -->
<feat xlink:href="#s_38" value="s"/><!-- McKenzie.... -->
<feat xlink:href="#s_62" value="s"/><!-- Wikinews.... -->
<feat xlink:href="#s_78" value="s"/><!-- [.... -->
<feat xlink:href="#s_92" value="s"/><!-- It.... -->
<feat xlink:href="#s_108" value="s"/><!-- Who...? -->
<feat xlink:href="#s_114" value="s"/><!-- It.... -->
<feat xlink:href="#s_131" value="s"/><!-- So.... -->
<feat xlink:href="#s_144" value="s"/><!-- Cause.... -->
<feat xlink:href="#s_156" value="s"/><!-- It.... -->
<feat xlink:href="#s_173" value="s"/><!-- And...... -->
<feat xlink:href="#s_195" value="s"/><!-- It.... -->
<feat xlink:href="#s_201" value="s"/><!-- No.... -->
<feat xlink:href="#s_231" value="s"/><!-- Also.... -->
<feat xlink:href="#s_243" value="s"/><!-- But.... -->
<feat xlink:href="#s_250" value="s"/><!-- We.... -->
<feat xlink:href="#s_273" value="s"/><!-- Was...? -->
<feat xlink:href="#s_289" value="s"/><!-- Or...? -->
<feat xlink:href="#s_296" value="s"/><!-- No.... -->
<feat xlink:href="#s_303" value="s"/><!-- So.... -->
<feat xlink:href="#s_310" value="s"/><!-- And.... -->
<feat xlink:href="#s_323" value="s"/><!-- The.... -->
<feat xlink:href="#s_332" value="s"/><!-- We.... -->
<feat xlink:href="#s_350" value="s"/><!-- I.... -->
<feat xlink:href="#s_356" value="s"/><!-- It.... -->
<feat xlink:href="#s_366" value="s"/><!-- 2002.... -->
<feat xlink:href="#s_374" value="s"/><!-- Then.... -->
<feat xlink:href="#s_382" value="s"/><!-- It.... -->
<feat xlink:href="#s_395" value="s"/><!-- And.... -->
<feat xlink:href="#s_409" value="s"/><!-- We.... -->
<feat xlink:href="#s_422" value="s"/><!-- Came.... -->
<feat xlink:href="#s_425" value="s"/><!-- But...? -->
<feat xlink:href="#s_430" value="s"/><!-- Fired.... -->
<feat xlink:href="#s_438" value="s"/><!-- So.... -->
<feat xlink:href="#s_488" value="s"/><!-- So.... -->
<feat xlink:href="#s_512" value="s"/><!-- And.... -->
<feat xlink:href="#s_519" value="s"/><!-- Unfortunately.... -->
<feat xlink:href="#s_538" value="s"/><!-- Oh.... -->
<feat xlink:href="#s_541" value="s"/><!-- The.... -->
<feat xlink:href="#s_553" value="s"/><!-- Right.... -->
<feat xlink:href="#s_555" value="s"/><!-- Well.... -->
<feat xlink:href="#s_562" value="s"/><!-- Tina.... -->
</featList>
</paula>
