<?xml version="1.0" encoding="UTF-8" standalone="no"?>

<!DOCTYPE paula SYSTEM "paula_feat.dtd">
<paula version="1.0">

<header paula_id="tei.GUM.GUM_interview_mckenzie_p"/>

<featList xmlns:xlink="http://www.w3.org/1999/xlink" type="p" xml:base="tei.GUM.GUM_interview_mckenzie.pSeg.xml">
<feat xlink:href="#p_7" value="p"/><!-- Preston.... -->
<feat xlink:href="#p_78" value="p"/><!-- [.... -->
<feat xlink:href="#p_108" value="p"/><!-- Who...? -->
<feat xlink:href="#p_114" value="p"/><!-- It...... -->
<feat xlink:href="#p_195" value="p"/><!-- It.... -->
<feat xlink:href="#p_201" value="p"/><!-- No.... -->
<feat xlink:href="#p_273" value="p"/><!-- Was...? -->
<feat xlink:href="#p_296" value="p"/><!-- No.... -->
<feat xlink:href="#p_323" value="p"/><!-- The.... -->
<feat xlink:href="#p_332" value="p"/><!-- We.... -->
<feat xlink:href="#p_519" value="p"/><!-- Unfortunately.... -->
<feat xlink:href="#p_538" value="p"/><!-- Oh.... -->
<feat xlink:href="#p_541" value="p"/><!-- The.... -->
<feat xlink:href="#p_553" value="p"/><!-- Right.... -->
</featList>
</paula>
