<?xml version="1.0" encoding="UTF-8" standalone="no"?>

<!DOCTYPE paula SYSTEM "paula_mark.dtd">
<paula version="1.0">

<header paula_id="tei.GUM.GUM_interview_mckenzie_dateSeg"/>

<markList xmlns:xlink="http://www.w3.org/1999/xlink" type="dateSeg" xml:base="GUM.GUM_interview_mckenzie.tok.xml">
<mark id="date_1" xlink:href="#xpointer(id('tok_1')/range-to(id('tok_6')))"/><!-- Friday...2014 -->
<mark id="date_56" xlink:href="#tok_56"/><!-- 2012 -->
<mark id="date_262" xlink:href="#tok_262"/><!-- 2005 -->
<mark id="date_287" xlink:href="#tok_287"/><!-- 2005 -->
<mark id="date_301" xlink:href="#tok_301"/><!-- 2010 -->
<mark id="date_304" xlink:href="#tok_304"/><!-- 2009 -->
<mark id="date_306" xlink:href="#tok_306"/><!-- 2010 -->
<mark id="date_321" xlink:href="#tok_321"/><!-- 2011 -->
<mark id="date_376" xlink:href="#tok_376"/><!-- 2006 -->
<mark id="date_398" xlink:href="#tok_398"/><!-- 2010 -->
</markList>
</paula>
