<?xml version="1.0" standalone="no"?>

<!DOCTYPE paula SYSTEM "paula_rel.dtd">
<paula version="1.0">

<header paula_id="dep.GUM.GUM_news_warhol_dep"/>

<relList xmlns:xlink="http://www.w3.org/1999/xlink" type="dep" xml:base="GUM.GUM_news_warhol.tok.xml">
<rel id="rel_1" xlink:href="#tok_4" target="#tok_1"/>
<rel id="rel_2" xlink:href="#tok_1" target="#tok_2"/>
<rel id="rel_3" xlink:href="#tok_4" target="#tok_3"/>
<rel id="rel_5" xlink:href="#tok_4" target="#tok_5"/>
<rel id="rel_6" xlink:href="#tok_5" target="#tok_6"/>
<rel id="rel_7" xlink:href="#tok_8" target="#tok_7"/>
<rel id="rel_8" xlink:href="#tok_6" target="#tok_8"/>
<rel id="rel_11" xlink:href="#tok_12" target="#tok_11"/>
<rel id="rel_12" xlink:href="#tok_9" target="#tok_12"/>
<rel id="rel_14" xlink:href="#tok_11" target="#tok_14"/>
<rel id="rel_15" xlink:href="#tok_16" target="#tok_15"/>
<rel id="rel_16" xlink:href="#tok_32" target="#tok_16"/>
<rel id="rel_17" xlink:href="#tok_16" target="#tok_17"/>
<rel id="rel_18" xlink:href="#tok_19" target="#tok_18"/>
<rel id="rel_19" xlink:href="#tok_17" target="#tok_19"/>
<rel id="rel_21" xlink:href="#tok_19" target="#tok_21"/>
<rel id="rel_22" xlink:href="#tok_21" target="#tok_22"/>
<rel id="rel_23" xlink:href="#tok_24" target="#tok_23"/>
<rel id="rel_24" xlink:href="#tok_22" target="#tok_24"/>
<rel id="rel_25" xlink:href="#tok_24" target="#tok_25"/>
<rel id="rel_26" xlink:href="#tok_28" target="#tok_26"/>
<rel id="rel_27" xlink:href="#tok_28" target="#tok_27"/>
<rel id="rel_28" xlink:href="#tok_25" target="#tok_28"/>
<rel id="rel_29" xlink:href="#tok_30" target="#tok_29"/>
<rel id="rel_30" xlink:href="#tok_28" target="#tok_30"/>
<rel id="rel_33" xlink:href="#tok_35" target="#tok_33"/>
<rel id="rel_34" xlink:href="#tok_35" target="#tok_34"/>
<rel id="rel_35" xlink:href="#tok_32" target="#tok_35"/>
<rel id="rel_36" xlink:href="#tok_35" target="#tok_36"/>
<rel id="rel_37" xlink:href="#tok_36" target="#tok_37"/>
<rel id="rel_38" xlink:href="#tok_37" target="#tok_38"/>
<rel id="rel_39" xlink:href="#tok_36" target="#tok_39"/>
<rel id="rel_40" xlink:href="#tok_43" target="#tok_40"/>
<rel id="rel_41" xlink:href="#tok_42" target="#tok_41"/>
<rel id="rel_42" xlink:href="#tok_43" target="#tok_42"/>
<rel id="rel_43" xlink:href="#tok_39" target="#tok_43"/>
<rel id="rel_44" xlink:href="#tok_43" target="#tok_44"/>
<rel id="rel_45" xlink:href="#tok_47" target="#tok_45"/>
<rel id="rel_46" xlink:href="#tok_47" target="#tok_46"/>
<rel id="rel_47" xlink:href="#tok_44" target="#tok_47"/>
<rel id="rel_49" xlink:href="#tok_52" target="#tok_49"/>
<rel id="rel_51" xlink:href="#tok_52" target="#tok_51"/>
<rel id="rel_54" xlink:href="#tok_55" target="#tok_54"/>
<rel id="rel_57" xlink:href="#tok_58" target="#tok_57"/>
<rel id="rel_58" xlink:href="#tok_55" target="#tok_58"/>
<rel id="rel_60" xlink:href="#tok_57" target="#tok_60"/>
<rel id="rel_62" xlink:href="#tok_55" target="#tok_62"/>
<rel id="rel_63" xlink:href="#tok_66" target="#tok_63"/>
<rel id="rel_64" xlink:href="#tok_65" target="#tok_64"/>
<rel id="rel_65" xlink:href="#tok_66" target="#tok_65"/>
<rel id="rel_66" xlink:href="#tok_62" target="#tok_66"/>
<rel id="rel_67" xlink:href="#tok_66" target="#tok_67"/>
<rel id="rel_68" xlink:href="#tok_67" target="#tok_68"/>
<rel id="rel_69" xlink:href="#tok_68" target="#tok_69"/>
<rel id="rel_70" xlink:href="#tok_71" target="#tok_70"/>
<rel id="rel_71" xlink:href="#tok_68" target="#tok_71"/>
<rel id="rel_72" xlink:href="#tok_68" target="#tok_72"/>
<rel id="rel_73" xlink:href="#tok_74" target="#tok_73"/>
<rel id="rel_74" xlink:href="#tok_72" target="#tok_74"/>
<rel id="rel_75" xlink:href="#tok_74" target="#tok_75"/>
<rel id="rel_76" xlink:href="#tok_77" target="#tok_76"/>
<rel id="rel_77" xlink:href="#tok_75" target="#tok_77"/>
<rel id="rel_79" xlink:href="#tok_81" target="#tok_79"/>
<rel id="rel_82" xlink:href="#tok_81" target="#tok_82"/>
<rel id="rel_83" xlink:href="#tok_81" target="#tok_83"/>
<rel id="rel_87" xlink:href="#tok_85" target="#tok_87"/>
<rel id="rel_89" xlink:href="#tok_90" target="#tok_89"/>
<rel id="rel_90" xlink:href="#tok_87" target="#tok_90"/>
<rel id="rel_92" xlink:href="#tok_94" target="#tok_92"/>
<rel id="rel_93" xlink:href="#tok_94" target="#tok_93"/>
<rel id="rel_94" xlink:href="#tok_95" target="#tok_94"/>
<rel id="rel_96" xlink:href="#tok_98" target="#tok_96"/>
<rel id="rel_97" xlink:href="#tok_98" target="#tok_97"/>
<rel id="rel_98" xlink:href="#tok_95" target="#tok_98"/>
<rel id="rel_99" xlink:href="#tok_98" target="#tok_99"/>
<rel id="rel_100" xlink:href="#tok_103" target="#tok_100"/>
<rel id="rel_101" xlink:href="#tok_102" target="#tok_101"/>
<rel id="rel_102" xlink:href="#tok_103" target="#tok_102"/>
<rel id="rel_103" xlink:href="#tok_99" target="#tok_103"/>
<rel id="rel_104" xlink:href="#tok_103" target="#tok_104"/>
<rel id="rel_105" xlink:href="#tok_106" target="#tok_105"/>
<rel id="rel_106" xlink:href="#tok_104" target="#tok_106"/>
<rel id="rel_107" xlink:href="#tok_106" target="#tok_107"/>
<rel id="rel_108" xlink:href="#tok_109" target="#tok_108"/>
<rel id="rel_109" xlink:href="#tok_107" target="#tok_109"/>
<rel id="rel_111" xlink:href="#tok_114" target="#tok_111"/>
<rel id="rel_112" xlink:href="#tok_111" target="#tok_112"/>
<rel id="rel_113" xlink:href="#tok_114" target="#tok_113"/>
<rel id="rel_114" xlink:href="#tok_129" target="#tok_114"/>
<rel id="rel_116" xlink:href="#tok_129" target="#tok_116"/>
<rel id="rel_117" xlink:href="#tok_120" target="#tok_117"/>
<rel id="rel_118" xlink:href="#tok_120" target="#tok_118"/>
<rel id="rel_119" xlink:href="#tok_120" target="#tok_119"/>
<rel id="rel_120" xlink:href="#tok_116" target="#tok_120"/>
<rel id="rel_121" xlink:href="#tok_120" target="#tok_121"/>
<rel id="rel_122" xlink:href="#tok_120" target="#tok_122"/>
<rel id="rel_123" xlink:href="#tok_122" target="#tok_123"/>
<rel id="rel_124" xlink:href="#tok_125" target="#tok_124"/>
<rel id="rel_125" xlink:href="#tok_123" target="#tok_125"/>
<rel id="rel_127" xlink:href="#tok_129" target="#tok_127"/>
<rel id="rel_128" xlink:href="#tok_129" target="#tok_128"/>
<rel id="rel_130" xlink:href="#tok_129" target="#tok_130"/>
<rel id="rel_131" xlink:href="#tok_135" target="#tok_131"/>
<rel id="rel_132" xlink:href="#tok_135" target="#tok_132"/>
<rel id="rel_133" xlink:href="#tok_134" target="#tok_133"/>
<rel id="rel_134" xlink:href="#tok_135" target="#tok_134"/>
<rel id="rel_135" xlink:href="#tok_130" target="#tok_135"/>
<rel id="rel_137" xlink:href="#tok_129" target="#tok_137"/>
<rel id="rel_138" xlink:href="#tok_139" target="#tok_138"/>
<rel id="rel_139" xlink:href="#tok_141" target="#tok_139"/>
<rel id="rel_140" xlink:href="#tok_141" target="#tok_140"/>
<rel id="rel_141" xlink:href="#tok_129" target="#tok_141"/>
<rel id="rel_142" xlink:href="#tok_143" target="#tok_142"/>
<rel id="rel_143" xlink:href="#tok_141" target="#tok_143"/>
<rel id="rel_144" xlink:href="#tok_141" target="#tok_144"/>
<rel id="rel_145" xlink:href="#tok_148" target="#tok_145"/>
<rel id="rel_146" xlink:href="#tok_145" target="#tok_146"/>
<rel id="rel_147" xlink:href="#tok_148" target="#tok_147"/>
<rel id="rel_148" xlink:href="#tok_144" target="#tok_148"/>
<rel id="rel_150" xlink:href="#tok_151" target="#tok_150"/>
<rel id="rel_151" xlink:href="#tok_152" target="#tok_151"/>
<rel id="rel_153" xlink:href="#tok_154" target="#tok_153"/>
<rel id="rel_154" xlink:href="#tok_152" target="#tok_154"/>
<rel id="rel_155" xlink:href="#tok_152" target="#tok_155"/>
<rel id="rel_156" xlink:href="#tok_152" target="#tok_156"/>
<rel id="rel_157" xlink:href="#tok_156" target="#tok_157"/>
<rel id="rel_158" xlink:href="#tok_157" target="#tok_158"/>
<rel id="rel_160" xlink:href="#tok_161" target="#tok_160"/>
<rel id="rel_161" xlink:href="#tok_158" target="#tok_161"/>
<rel id="rel_162" xlink:href="#tok_158" target="#tok_162"/>
<rel id="rel_163" xlink:href="#tok_158" target="#tok_163"/>
<rel id="rel_165" xlink:href="#tok_168" target="#tok_165"/>
<rel id="rel_166" xlink:href="#tok_168" target="#tok_166"/>
<rel id="rel_167" xlink:href="#tok_168" target="#tok_167"/>
<rel id="rel_168" xlink:href="#tok_169" target="#tok_168"/>
<rel id="rel_170" xlink:href="#tok_172" target="#tok_170"/>
<rel id="rel_171" xlink:href="#tok_172" target="#tok_171"/>
<rel id="rel_172" xlink:href="#tok_169" target="#tok_172"/>
<rel id="rel_173" xlink:href="#tok_169" target="#tok_173"/>
<rel id="rel_174" xlink:href="#tok_175" target="#tok_174"/>
<rel id="rel_175" xlink:href="#tok_173" target="#tok_175"/>
<rel id="rel_176" xlink:href="#tok_175" target="#tok_176"/>
<rel id="rel_177" xlink:href="#tok_179" target="#tok_177"/>
<rel id="rel_178" xlink:href="#tok_177" target="#tok_178"/>
<rel id="rel_179" xlink:href="#tok_176" target="#tok_179"/>
<rel id="rel_181" xlink:href="#tok_183" target="#tok_181"/>
<rel id="rel_182" xlink:href="#tok_183" target="#tok_182"/>
<rel id="rel_183" xlink:href="#tok_179" target="#tok_183"/>
<rel id="rel_184" xlink:href="#tok_179" target="#tok_184"/>
<rel id="rel_185" xlink:href="#tok_188" target="#tok_185"/>
<rel id="rel_186" xlink:href="#tok_188" target="#tok_186"/>
<rel id="rel_187" xlink:href="#tok_188" target="#tok_187"/>
<rel id="rel_188" xlink:href="#tok_179" target="#tok_188"/>
<rel id="rel_190" xlink:href="#tok_192" target="#tok_190"/>
<rel id="rel_191" xlink:href="#tok_190" target="#tok_191"/>
<rel id="rel_192" xlink:href="#tok_204" target="#tok_192"/>
<rel id="rel_194" xlink:href="#tok_196" target="#tok_194"/>
<rel id="rel_195" xlink:href="#tok_196" target="#tok_195"/>
<rel id="rel_196" xlink:href="#tok_192" target="#tok_196"/>
<rel id="rel_197" xlink:href="#tok_196" target="#tok_197"/>
<rel id="rel_198" xlink:href="#tok_197" target="#tok_198"/>
<rel id="rel_200" xlink:href="#tok_198" target="#tok_200"/>
<rel id="rel_203" xlink:href="#tok_204" target="#tok_203"/>
<rel id="rel_204" xlink:href="#tok_202" target="#tok_204"/>
<rel id="rel_205" xlink:href="#tok_204" target="#tok_205"/>
<rel id="rel_206" xlink:href="#tok_207" target="#tok_206"/>
<rel id="rel_207" xlink:href="#tok_205" target="#tok_207"/>
<rel id="rel_208" xlink:href="#tok_204" target="#tok_208"/>
<rel id="rel_209" xlink:href="#tok_210" target="#tok_209"/>
<rel id="rel_210" xlink:href="#tok_208" target="#tok_210"/>
<rel id="rel_212" xlink:href="#tok_213" target="#tok_212"/>
<rel id="rel_214" xlink:href="#tok_213" target="#tok_214"/>
<rel id="rel_215" xlink:href="#tok_216" target="#tok_215"/>
<rel id="rel_216" xlink:href="#tok_214" target="#tok_216"/>
<rel id="rel_218" xlink:href="#tok_216" target="#tok_218"/>
<rel id="rel_219" xlink:href="#tok_218" target="#tok_219"/>
<rel id="rel_220" xlink:href="#tok_221" target="#tok_220"/>
<rel id="rel_221" xlink:href="#tok_219" target="#tok_221"/>
<rel id="rel_222" xlink:href="#tok_221" target="#tok_222"/>
<rel id="rel_223" xlink:href="#tok_224" target="#tok_223"/>
<rel id="rel_224" xlink:href="#tok_222" target="#tok_224"/>
<rel id="rel_225" xlink:href="#tok_224" target="#tok_225"/>
<rel id="rel_226" xlink:href="#tok_227" target="#tok_226"/>
<rel id="rel_227" xlink:href="#tok_225" target="#tok_227"/>
<rel id="rel_229" xlink:href="#tok_231" target="#tok_229"/>
<rel id="rel_233" xlink:href="#tok_236" target="#tok_233"/>
<rel id="rel_234" xlink:href="#tok_236" target="#tok_234"/>
<rel id="rel_235" xlink:href="#tok_236" target="#tok_235"/>
<rel id="rel_236" xlink:href="#tok_242" target="#tok_236"/>
<rel id="rel_237" xlink:href="#tok_236" target="#tok_237"/>
<rel id="rel_238" xlink:href="#tok_239" target="#tok_238"/>
<rel id="rel_239" xlink:href="#tok_236" target="#tok_239"/>
<rel id="rel_240" xlink:href="#tok_236" target="#tok_240"/>
<rel id="rel_241" xlink:href="#tok_240" target="#tok_241"/>
<rel id="rel_243" xlink:href="#tok_244" target="#tok_243"/>
<rel id="rel_244" xlink:href="#tok_242" target="#tok_244"/>
<rel id="rel_245" xlink:href="#tok_242" target="#tok_245"/>
<rel id="rel_246" xlink:href="#tok_247" target="#tok_246"/>
<rel id="rel_247" xlink:href="#tok_248" target="#tok_247"/>
<rel id="rel_248" xlink:href="#tok_245" target="#tok_248"/>
<rel id="rel_249" xlink:href="#tok_248" target="#tok_249"/>
<rel id="rel_250" xlink:href="#tok_249" target="#tok_250"/>
<rel id="rel_251" xlink:href="#tok_252" target="#tok_251"/>
<rel id="rel_252" xlink:href="#tok_250" target="#tok_252"/>
<rel id="rel_254" xlink:href="#tok_255" target="#tok_254"/>
<rel id="rel_255" xlink:href="#tok_258" target="#tok_255"/>
<rel id="rel_256" xlink:href="#tok_258" target="#tok_256"/>
<rel id="rel_257" xlink:href="#tok_258" target="#tok_257"/>
<rel id="rel_259" xlink:href="#tok_258" target="#tok_259"/>
<rel id="rel_260" xlink:href="#tok_265" target="#tok_260"/>
<rel id="rel_261" xlink:href="#tok_262" target="#tok_261"/>
<rel id="rel_262" xlink:href="#tok_264" target="#tok_262"/>
<rel id="rel_263" xlink:href="#tok_264" target="#tok_263"/>
<rel id="rel_264" xlink:href="#tok_265" target="#tok_264"/>
<rel id="rel_265" xlink:href="#tok_259" target="#tok_265"/>
<rel id="rel_267" xlink:href="#tok_268" target="#tok_267"/>
<rel id="rel_268" xlink:href="#tok_258" target="#tok_268"/>
<rel id="rel_269" xlink:href="#tok_270" target="#tok_269"/>
<rel id="rel_270" xlink:href="#tok_268" target="#tok_270"/>
<rel id="rel_272" xlink:href="#tok_273" target="#tok_272"/>
<rel id="rel_273" xlink:href="#tok_270" target="#tok_273"/>
<rel id="rel_274" xlink:href="#tok_273" target="#tok_274"/>
<rel id="rel_275" xlink:href="#tok_274" target="#tok_275"/>
<rel id="rel_276" xlink:href="#tok_275" target="#tok_276"/>
<rel id="rel_277" xlink:href="#tok_275" target="#tok_277"/>
<rel id="rel_278" xlink:href="#tok_277" target="#tok_278"/>
<rel id="rel_279" xlink:href="#tok_280" target="#tok_279"/>
<rel id="rel_280" xlink:href="#tok_278" target="#tok_280"/>
<rel id="rel_282" xlink:href="#tok_285" target="#tok_282"/>
<rel id="rel_283" xlink:href="#tok_284" target="#tok_283"/>
<rel id="rel_284" xlink:href="#tok_285" target="#tok_284"/>
<rel id="rel_285" xlink:href="#tok_290" target="#tok_285"/>
<rel id="rel_286" xlink:href="#tok_285" target="#tok_286"/>
<rel id="rel_287" xlink:href="#tok_289" target="#tok_287"/>
<rel id="rel_288" xlink:href="#tok_289" target="#tok_288"/>
<rel id="rel_289" xlink:href="#tok_286" target="#tok_289"/>
<rel id="rel_291" xlink:href="#tok_292" target="#tok_291"/>
<rel id="rel_292" xlink:href="#tok_290" target="#tok_292"/>
<rel id="rel_293" xlink:href="#tok_290" target="#tok_293"/>
<rel id="rel_294" xlink:href="#tok_296" target="#tok_294"/>
<rel id="rel_295" xlink:href="#tok_296" target="#tok_295"/>
<rel id="rel_296" xlink:href="#tok_293" target="#tok_296"/>
<rel id="rel_298" xlink:href="#tok_292" target="#tok_298"/>
<rel id="rel_299" xlink:href="#tok_298" target="#tok_299"/>
<rel id="rel_300" xlink:href="#tok_298" target="#tok_300"/>
<rel id="rel_301" xlink:href="#tok_302" target="#tok_301"/>
<rel id="rel_302" xlink:href="#tok_298" target="#tok_302"/>
<rel id="rel_303" xlink:href="#tok_302" target="#tok_303"/>
<rel id="rel_305" xlink:href="#tok_306" target="#tok_305"/>
<rel id="rel_306" xlink:href="#tok_313" target="#tok_306"/>
<rel id="rel_308" xlink:href="#tok_306" target="#tok_308"/>
<rel id="rel_309" xlink:href="#tok_308" target="#tok_309"/>
<rel id="rel_310" xlink:href="#tok_311" target="#tok_310"/>
<rel id="rel_311" xlink:href="#tok_309" target="#tok_311"/>
<rel id="rel_314" xlink:href="#tok_313" target="#tok_314"/>
<rel id="rel_315" xlink:href="#tok_313" target="#tok_315"/>
<rel id="rel_316" xlink:href="#tok_317" target="#tok_316"/>
<rel id="rel_317" xlink:href="#tok_315" target="#tok_317"/>
<rel id="rel_318" xlink:href="#tok_317" target="#tok_318"/>
<rel id="rel_319" xlink:href="#tok_320" target="#tok_319"/>
<rel id="rel_320" xlink:href="#tok_318" target="#tok_320"/>
<rel id="rel_321" xlink:href="#tok_317" target="#tok_321"/>
<rel id="rel_322" xlink:href="#tok_323" target="#tok_322"/>
<rel id="rel_323" xlink:href="#tok_321" target="#tok_323"/>
<rel id="rel_325" xlink:href="#tok_334" target="#tok_325"/>
<rel id="rel_326" xlink:href="#tok_325" target="#tok_326"/>
<rel id="rel_327" xlink:href="#tok_332" target="#tok_327"/>
<rel id="rel_328" xlink:href="#tok_329" target="#tok_328"/>
<rel id="rel_329" xlink:href="#tok_331" target="#tok_329"/>
<rel id="rel_330" xlink:href="#tok_331" target="#tok_330"/>
<rel id="rel_331" xlink:href="#tok_332" target="#tok_331"/>
<rel id="rel_332" xlink:href="#tok_334" target="#tok_332"/>
<rel id="rel_333" xlink:href="#tok_334" target="#tok_333"/>
<rel id="rel_335" xlink:href="#tok_337" target="#tok_335"/>
<rel id="rel_336" xlink:href="#tok_337" target="#tok_336"/>
<rel id="rel_337" xlink:href="#tok_334" target="#tok_337"/>
<rel id="rel_338" xlink:href="#tok_334" target="#tok_338"/>
<rel id="rel_339" xlink:href="#tok_341" target="#tok_339"/>
<rel id="rel_340" xlink:href="#tok_341" target="#tok_340"/>
<rel id="rel_341" xlink:href="#tok_338" target="#tok_341"/>
<rel id="rel_342" xlink:href="#tok_337" target="#tok_342"/>
<rel id="rel_343" xlink:href="#tok_344" target="#tok_343"/>
<rel id="rel_344" xlink:href="#tok_347" target="#tok_344"/>
<rel id="rel_345" xlink:href="#tok_346" target="#tok_345"/>
<rel id="rel_346" xlink:href="#tok_347" target="#tok_346"/>
<rel id="rel_347" xlink:href="#tok_342" target="#tok_347"/>
<rel id="rel_348" xlink:href="#tok_347" target="#tok_348"/>
<rel id="rel_349" xlink:href="#tok_350" target="#tok_349"/>
<rel id="rel_350" xlink:href="#tok_347" target="#tok_350"/>
<rel id="rel_352" xlink:href="#tok_353" target="#tok_352"/>
<rel id="rel_353" xlink:href="#tok_354" target="#tok_353"/>
<rel id="rel_355" xlink:href="#tok_357" target="#tok_355"/>
<rel id="rel_356" xlink:href="#tok_357" target="#tok_356"/>
<rel id="rel_357" xlink:href="#tok_354" target="#tok_357"/>
<rel id="rel_358" xlink:href="#tok_357" target="#tok_358"/>
<rel id="rel_359" xlink:href="#tok_362" target="#tok_359"/>
<rel id="rel_360" xlink:href="#tok_359" target="#tok_360"/>
<rel id="rel_361" xlink:href="#tok_362" target="#tok_361"/>
<rel id="rel_362" xlink:href="#tok_358" target="#tok_362"/>
<rel id="rel_363" xlink:href="#tok_354" target="#tok_363"/>
<rel id="rel_364" xlink:href="#tok_354" target="#tok_364"/>
<rel id="rel_365" xlink:href="#tok_367" target="#tok_365"/>
<rel id="rel_366" xlink:href="#tok_367" target="#tok_366"/>
<rel id="rel_367" xlink:href="#tok_370" target="#tok_367"/>
<rel id="rel_368" xlink:href="#tok_370" target="#tok_368"/>
<rel id="rel_369" xlink:href="#tok_370" target="#tok_369"/>
<rel id="rel_370" xlink:href="#tok_364" target="#tok_370"/>
<rel id="rel_371" xlink:href="#tok_370" target="#tok_371"/>
<rel id="rel_372" xlink:href="#tok_370" target="#tok_372"/>
<rel id="rel_373" xlink:href="#tok_370" target="#tok_373"/>
<rel id="rel_374" xlink:href="#tok_373" target="#tok_374"/>
<rel id="rel_375" xlink:href="#tok_378" target="#tok_375"/>
<rel id="rel_376" xlink:href="#tok_375" target="#tok_376"/>
<rel id="rel_377" xlink:href="#tok_378" target="#tok_377"/>
<rel id="rel_378" xlink:href="#tok_374" target="#tok_378"/>
<rel id="rel_380" xlink:href="#tok_370" target="#tok_380"/>
<rel id="rel_381" xlink:href="#tok_370" target="#tok_381"/>
<rel id="rel_382" xlink:href="#tok_383" target="#tok_382"/>
<rel id="rel_383" xlink:href="#tok_381" target="#tok_383"/>
<rel id="rel_384" xlink:href="#tok_383" target="#tok_384"/>
<rel id="rel_385" xlink:href="#tok_384" target="#tok_385"/>
<rel id="rel_387" xlink:href="#tok_388" target="#tok_387"/>
<rel id="rel_389" xlink:href="#tok_390" target="#tok_389"/>
<rel id="rel_392" xlink:href="#tok_390" target="#tok_392"/>
<rel id="rel_393" xlink:href="#tok_392" target="#tok_393"/>
<rel id="rel_395" xlink:href="#tok_396" target="#tok_395"/>
<rel id="rel_396" xlink:href="#tok_393" target="#tok_396"/>
<rel id="rel_398" xlink:href="#tok_396" target="#tok_398"/>
<rel id="rel_399" xlink:href="#tok_398" target="#tok_399"/>
<rel id="rel_400" xlink:href="#tok_398" target="#tok_400"/>
<rel id="rel_401" xlink:href="#tok_398" target="#tok_401"/>
<rel id="rel_402" xlink:href="#tok_404" target="#tok_402"/>
<rel id="rel_403" xlink:href="#tok_404" target="#tok_403"/>
<rel id="rel_404" xlink:href="#tok_401" target="#tok_404"/>
<rel id="rel_406" xlink:href="#tok_392" target="#tok_406"/>
<rel id="rel_407" xlink:href="#tok_408" target="#tok_407"/>
<rel id="rel_408" xlink:href="#tok_406" target="#tok_408"/>
<rel id="rel_409" xlink:href="#tok_408" target="#tok_409"/>
<rel id="rel_410" xlink:href="#tok_411" target="#tok_410"/>
<rel id="rel_411" xlink:href="#tok_409" target="#tok_411"/>
<rel id="rel_413" xlink:href="#tok_414" target="#tok_413"/>
<rel id="rel_414" xlink:href="#tok_396" target="#tok_414"/>
<rel id="rel_415" xlink:href="#tok_414" target="#tok_415"/>
<rel id="rel_416" xlink:href="#tok_417" target="#tok_416"/>
<rel id="rel_417" xlink:href="#tok_415" target="#tok_417"/>
<rel id="rel_418" xlink:href="#tok_414" target="#tok_418"/>
<rel id="rel_420" xlink:href="#tok_422" target="#tok_420"/>
<rel id="rel_424" xlink:href="#tok_425" target="#tok_424"/>
<rel id="rel_426" xlink:href="#tok_427" target="#tok_426"/>
<rel id="rel_427" xlink:href="#tok_425" target="#tok_427"/>
<rel id="rel_429" xlink:href="#tok_427" target="#tok_429"/>
<rel id="rel_430" xlink:href="#tok_427" target="#tok_430"/>
<rel id="rel_431" xlink:href="#tok_427" target="#tok_431"/>
<rel id="rel_432" xlink:href="#tok_436" target="#tok_432"/>
<rel id="rel_433" xlink:href="#tok_434" target="#tok_433"/>
<rel id="rel_434" xlink:href="#tok_436" target="#tok_434"/>
<rel id="rel_435" xlink:href="#tok_436" target="#tok_435"/>
<rel id="rel_436" xlink:href="#tok_427" target="#tok_436"/>
<rel id="rel_437" xlink:href="#tok_436" target="#tok_437"/>
<rel id="rel_439" xlink:href="#tok_440" target="#tok_439"/>
<rel id="rel_441" xlink:href="#tok_464" target="#tok_441"/>
<rel id="rel_442" xlink:href="#tok_443" target="#tok_442"/>
<rel id="rel_443" xlink:href="#tok_445" target="#tok_443"/>
<rel id="rel_444" xlink:href="#tok_445" target="#tok_444"/>
<rel id="rel_445" xlink:href="#tok_464" target="#tok_445"/>
<rel id="rel_446" xlink:href="#tok_445" target="#tok_446"/>
<rel id="rel_447" xlink:href="#tok_449" target="#tok_447"/>
<rel id="rel_448" xlink:href="#tok_449" target="#tok_448"/>
<rel id="rel_449" xlink:href="#tok_446" target="#tok_449"/>
<rel id="rel_451" xlink:href="#tok_453" target="#tok_451"/>
<rel id="rel_452" xlink:href="#tok_453" target="#tok_452"/>
<rel id="rel_453" xlink:href="#tok_445" target="#tok_453"/>
<rel id="rel_454" xlink:href="#tok_453" target="#tok_454"/>
<rel id="rel_455" xlink:href="#tok_458" target="#tok_455"/>
<rel id="rel_456" xlink:href="#tok_457" target="#tok_456"/>
<rel id="rel_457" xlink:href="#tok_458" target="#tok_457"/>
<rel id="rel_458" xlink:href="#tok_454" target="#tok_458"/>
<rel id="rel_459" xlink:href="#tok_458" target="#tok_459"/>
<rel id="rel_460" xlink:href="#tok_462" target="#tok_460"/>
<rel id="rel_461" xlink:href="#tok_462" target="#tok_461"/>
<rel id="rel_462" xlink:href="#tok_459" target="#tok_462"/>
<rel id="rel_464" xlink:href="#tok_440" target="#tok_464"/>
<rel id="rel_465" xlink:href="#tok_464" target="#tok_465"/>
<rel id="rel_466" xlink:href="#tok_468" target="#tok_466"/>
<rel id="rel_467" xlink:href="#tok_468" target="#tok_467"/>
<rel id="rel_468" xlink:href="#tok_465" target="#tok_468"/>
<rel id="rel_469" xlink:href="#tok_468" target="#tok_469"/>
<rel id="rel_470" xlink:href="#tok_471" target="#tok_470"/>
<rel id="rel_471" xlink:href="#tok_473" target="#tok_471"/>
<rel id="rel_472" xlink:href="#tok_471" target="#tok_472"/>
<rel id="rel_473" xlink:href="#tok_469" target="#tok_473"/>
<rel id="rel_474" xlink:href="#tok_473" target="#tok_474"/>
<rel id="rel_475" xlink:href="#tok_474" target="#tok_475"/>
<rel id="rel_477" xlink:href="#tok_480" target="#tok_477"/>
<rel id="rel_478" xlink:href="#tok_480" target="#tok_478"/>
<rel id="rel_479" xlink:href="#tok_480" target="#tok_479"/>
<rel id="rel_481" xlink:href="#tok_480" target="#tok_481"/>
<rel id="rel_482" xlink:href="#tok_481" target="#tok_482"/>
<rel id="rel_483" xlink:href="#tok_484" target="#tok_483"/>
<rel id="rel_484" xlink:href="#tok_482" target="#tok_484"/>
<rel id="rel_486" xlink:href="#tok_487" target="#tok_486"/>
<rel id="rel_487" xlink:href="#tok_500" target="#tok_487"/>
<rel id="rel_489" xlink:href="#tok_491" target="#tok_489"/>
<rel id="rel_490" xlink:href="#tok_491" target="#tok_490"/>
<rel id="rel_491" xlink:href="#tok_487" target="#tok_491"/>
<rel id="rel_492" xlink:href="#tok_491" target="#tok_492"/>
<rel id="rel_493" xlink:href="#tok_491" target="#tok_493"/>
<rel id="rel_494" xlink:href="#tok_491" target="#tok_494"/>
<rel id="rel_495" xlink:href="#tok_498" target="#tok_495"/>
<rel id="rel_496" xlink:href="#tok_497" target="#tok_496"/>
<rel id="rel_497" xlink:href="#tok_498" target="#tok_497"/>
<rel id="rel_498" xlink:href="#tok_494" target="#tok_498"/>
<rel id="rel_501" xlink:href="#tok_502" target="#tok_501"/>
<rel id="rel_502" xlink:href="#tok_503" target="#tok_502"/>
<rel id="rel_503" xlink:href="#tok_500" target="#tok_503"/>
<rel id="rel_504" xlink:href="#tok_506" target="#tok_504"/>
<rel id="rel_505" xlink:href="#tok_506" target="#tok_505"/>
<rel id="rel_506" xlink:href="#tok_503" target="#tok_506"/>
<rel id="rel_507" xlink:href="#tok_503" target="#tok_507"/>
<rel id="rel_508" xlink:href="#tok_510" target="#tok_508"/>
<rel id="rel_509" xlink:href="#tok_510" target="#tok_509"/>
<rel id="rel_510" xlink:href="#tok_512" target="#tok_510"/>
<rel id="rel_511" xlink:href="#tok_512" target="#tok_511"/>
<rel id="rel_512" xlink:href="#tok_503" target="#tok_512"/>
<rel id="rel_513" xlink:href="#tok_516" target="#tok_513"/>
<rel id="rel_514" xlink:href="#tok_513" target="#tok_514"/>
<rel id="rel_515" xlink:href="#tok_513" target="#tok_515"/>
<rel id="rel_516" xlink:href="#tok_512" target="#tok_516"/>
<rel id="rel_518" xlink:href="#tok_519" target="#tok_518"/>
<rel id="rel_519" xlink:href="#tok_527" target="#tok_519"/>
<rel id="rel_521" xlink:href="#tok_525" target="#tok_521"/>
<rel id="rel_522" xlink:href="#tok_521" target="#tok_522"/>
<rel id="rel_524" xlink:href="#tok_525" target="#tok_524"/>
<rel id="rel_526" xlink:href="#tok_527" target="#tok_526"/>
<rel id="rel_527" xlink:href="#tok_525" target="#tok_527"/>
<rel id="rel_528" xlink:href="#tok_531" target="#tok_528"/>
<rel id="rel_529" xlink:href="#tok_531" target="#tok_529"/>
<rel id="rel_530" xlink:href="#tok_531" target="#tok_530"/>
<rel id="rel_531" xlink:href="#tok_527" target="#tok_531"/>
<rel id="rel_532" xlink:href="#tok_533" target="#tok_532"/>
<rel id="rel_533" xlink:href="#tok_534" target="#tok_533"/>
<rel id="rel_534" xlink:href="#tok_535" target="#tok_534"/>
<rel id="rel_535" xlink:href="#tok_531" target="#tok_535"/>
<rel id="rel_536" xlink:href="#tok_537" target="#tok_536"/>
<rel id="rel_537" xlink:href="#tok_535" target="#tok_537"/>
<rel id="rel_539" xlink:href="#tok_542" target="#tok_539"/>
<rel id="rel_540" xlink:href="#tok_542" target="#tok_540"/>
<rel id="rel_541" xlink:href="#tok_542" target="#tok_541"/>
<rel id="rel_542" xlink:href="#tok_547" target="#tok_542"/>
<rel id="rel_543" xlink:href="#tok_544" target="#tok_543"/>
<rel id="rel_544" xlink:href="#tok_542" target="#tok_544"/>
<rel id="rel_546" xlink:href="#tok_547" target="#tok_546"/>
<rel id="rel_548" xlink:href="#tok_547" target="#tok_548"/>
<rel id="rel_549" xlink:href="#tok_550" target="#tok_549"/>
<rel id="rel_550" xlink:href="#tok_551" target="#tok_550"/>
<rel id="rel_551" xlink:href="#tok_547" target="#tok_551"/>
<rel id="rel_552" xlink:href="#tok_551" target="#tok_552"/>
<rel id="rel_553" xlink:href="#tok_556" target="#tok_553"/>
<rel id="rel_554" xlink:href="#tok_556" target="#tok_554"/>
<rel id="rel_555" xlink:href="#tok_556" target="#tok_555"/>
<rel id="rel_556" xlink:href="#tok_552" target="#tok_556"/>
<rel id="rel_557" xlink:href="#tok_556" target="#tok_557"/>
<rel id="rel_558" xlink:href="#tok_559" target="#tok_558"/>
<rel id="rel_559" xlink:href="#tok_556" target="#tok_559"/>
<rel id="rel_560" xlink:href="#tok_556" target="#tok_560"/>
<rel id="rel_561" xlink:href="#tok_562" target="#tok_561"/>
<rel id="rel_562" xlink:href="#tok_560" target="#tok_562"/>
<rel id="rel_563" xlink:href="#tok_562" target="#tok_563"/>
<rel id="rel_564" xlink:href="#tok_565" target="#tok_564"/>
<rel id="rel_565" xlink:href="#tok_563" target="#tok_565"/>
<rel id="rel_567" xlink:href="#tok_568" target="#tok_567"/>
<rel id="rel_568" xlink:href="#tok_565" target="#tok_568"/>
<rel id="rel_569" xlink:href="#tok_551" target="#tok_569"/>
<rel id="rel_570" xlink:href="#tok_576" target="#tok_570"/>
<rel id="rel_571" xlink:href="#tok_572" target="#tok_571"/>
<rel id="rel_572" xlink:href="#tok_576" target="#tok_572"/>
<rel id="rel_573" xlink:href="#tok_572" target="#tok_573"/>
<rel id="rel_574" xlink:href="#tok_575" target="#tok_574"/>
<rel id="rel_575" xlink:href="#tok_572" target="#tok_575"/>
<rel id="rel_576" xlink:href="#tok_551" target="#tok_576"/>
<rel id="rel_577" xlink:href="#tok_576" target="#tok_577"/>
<rel id="rel_578" xlink:href="#tok_579" target="#tok_578"/>
<rel id="rel_579" xlink:href="#tok_583" target="#tok_579"/>
<rel id="rel_580" xlink:href="#tok_579" target="#tok_580"/>
<rel id="rel_581" xlink:href="#tok_579" target="#tok_581"/>
<rel id="rel_582" xlink:href="#tok_583" target="#tok_582"/>
<rel id="rel_583" xlink:href="#tok_577" target="#tok_583"/>
<rel id="rel_584" xlink:href="#tok_583" target="#tok_584"/>
<rel id="rel_585" xlink:href="#tok_584" target="#tok_585"/>
<rel id="rel_586" xlink:href="#tok_585" target="#tok_586"/>
<rel id="rel_587" xlink:href="#tok_588" target="#tok_587"/>
<rel id="rel_588" xlink:href="#tok_586" target="#tok_588"/>
<rel id="rel_589" xlink:href="#tok_588" target="#tok_589"/>
<rel id="rel_590" xlink:href="#tok_589" target="#tok_590"/>
<rel id="rel_592" xlink:href="#tok_590" target="#tok_592"/>
<rel id="rel_594" xlink:href="#tok_596" target="#tok_594"/>
<rel id="rel_595" xlink:href="#tok_596" target="#tok_595"/>
<rel id="rel_597" xlink:href="#tok_596" target="#tok_597"/>
<rel id="rel_598" xlink:href="#tok_596" target="#tok_598"/>
<rel id="rel_599" xlink:href="#tok_600" target="#tok_599"/>
<rel id="rel_600" xlink:href="#tok_598" target="#tok_600"/>
<rel id="rel_602" xlink:href="#tok_603" target="#tok_602"/>
<rel id="rel_603" xlink:href="#tok_605" target="#tok_603"/>
<rel id="rel_604" xlink:href="#tok_605" target="#tok_604"/>
<rel id="rel_606" xlink:href="#tok_605" target="#tok_606"/>
<rel id="rel_607" xlink:href="#tok_605" target="#tok_607"/>
<rel id="rel_608" xlink:href="#tok_605" target="#tok_608"/>
<rel id="rel_609" xlink:href="#tok_610" target="#tok_609"/>
<rel id="rel_610" xlink:href="#tok_608" target="#tok_610"/>
<rel id="rel_612" xlink:href="#tok_627" target="#tok_612"/>
<rel id="rel_613" xlink:href="#tok_612" target="#tok_613"/>
<rel id="rel_615" xlink:href="#tok_618" target="#tok_615"/>
<rel id="rel_616" xlink:href="#tok_618" target="#tok_616"/>
<rel id="rel_617" xlink:href="#tok_618" target="#tok_617"/>
<rel id="rel_618" xlink:href="#tok_627" target="#tok_618"/>
<rel id="rel_619" xlink:href="#tok_618" target="#tok_619"/>
<rel id="rel_620" xlink:href="#tok_621" target="#tok_620"/>
<rel id="rel_621" xlink:href="#tok_619" target="#tok_621"/>
<rel id="rel_622" xlink:href="#tok_621" target="#tok_622"/>
<rel id="rel_623" xlink:href="#tok_624" target="#tok_623"/>
<rel id="rel_624" xlink:href="#tok_622" target="#tok_624"/>
<rel id="rel_625" xlink:href="#tok_624" target="#tok_625"/>
<rel id="rel_626" xlink:href="#tok_625" target="#tok_626"/>
<rel id="rel_628" xlink:href="#tok_629" target="#tok_628"/>
<rel id="rel_629" xlink:href="#tok_630" target="#tok_629"/>
<rel id="rel_630" xlink:href="#tok_627" target="#tok_630"/>
<rel id="rel_631" xlink:href="#tok_632" target="#tok_631"/>
<rel id="rel_632" xlink:href="#tok_630" target="#tok_632"/>
<rel id="rel_633" xlink:href="#tok_635" target="#tok_633"/>
<rel id="rel_634" xlink:href="#tok_635" target="#tok_634"/>
<rel id="rel_635" xlink:href="#tok_630" target="#tok_635"/>
<rel id="rel_636" xlink:href="#tok_638" target="#tok_636"/>
<rel id="rel_637" xlink:href="#tok_638" target="#tok_637"/>
<rel id="rel_638" xlink:href="#tok_635" target="#tok_638"/>
<rel id="rel_639" xlink:href="#tok_635" target="#tok_639"/>
<rel id="rel_640" xlink:href="#tok_639" target="#tok_640"/>
<rel id="rel_642" xlink:href="#tok_643" target="#tok_642"/>
<rel id="rel_643" xlink:href="#tok_635" target="#tok_643"/>
<rel id="rel_644" xlink:href="#tok_646" target="#tok_644"/>
<rel id="rel_645" xlink:href="#tok_646" target="#tok_645"/>
<rel id="rel_646" xlink:href="#tok_643" target="#tok_646"/>
<rel id="rel_648" xlink:href="#tok_649" target="#tok_648"/>
<rel id="rel_649" xlink:href="#tok_651" target="#tok_649"/>
<rel id="rel_650" xlink:href="#tok_651" target="#tok_650"/>
<rel id="rel_652" xlink:href="#tok_651" target="#tok_652"/>
<rel id="rel_653" xlink:href="#tok_654" target="#tok_653"/>
<rel id="rel_654" xlink:href="#tok_652" target="#tok_654"/>
<rel id="rel_655" xlink:href="#tok_654" target="#tok_655"/>
<rel id="rel_656" xlink:href="#tok_657" target="#tok_656"/>
<rel id="rel_657" xlink:href="#tok_655" target="#tok_657"/>
<rel id="rel_658" xlink:href="#tok_657" target="#tok_658"/>
<rel id="rel_659" xlink:href="#tok_660" target="#tok_659"/>
<rel id="rel_660" xlink:href="#tok_658" target="#tok_660"/>
<rel id="rel_662" xlink:href="#tok_660" target="#tok_662"/>
<rel id="rel_663" xlink:href="#tok_662" target="#tok_663"/>
<rel id="rel_664" xlink:href="#tok_663" target="#tok_664"/>
<rel id="rel_666" xlink:href="#tok_667" target="#tok_666"/>
<rel id="rel_667" xlink:href="#tok_664" target="#tok_667"/>
<rel id="rel_669" xlink:href="#tok_660" target="#tok_669"/>
<rel id="rel_670" xlink:href="#tok_660" target="#tok_670"/>
<rel id="rel_671" xlink:href="#tok_670" target="#tok_671"/>
<rel id="rel_672" xlink:href="#tok_673" target="#tok_672"/>
<rel id="rel_673" xlink:href="#tok_671" target="#tok_673"/>
<rel id="rel_674" xlink:href="#tok_670" target="#tok_674"/>
<rel id="rel_675" xlink:href="#tok_676" target="#tok_675"/>
<rel id="rel_676" xlink:href="#tok_674" target="#tok_676"/>
<rel id="rel_678" xlink:href="#tok_681" target="#tok_678"/>
<rel id="rel_679" xlink:href="#tok_681" target="#tok_679"/>
<rel id="rel_680" xlink:href="#tok_681" target="#tok_680"/>
<rel id="rel_681" xlink:href="#tok_660" target="#tok_681"/>
<rel id="rel_682" xlink:href="#tok_681" target="#tok_682"/>
<rel id="rel_683" xlink:href="#tok_684" target="#tok_683"/>
<rel id="rel_684" xlink:href="#tok_682" target="#tok_684"/>
<rel id="rel_685" xlink:href="#tok_684" target="#tok_685"/>
<rel id="rel_686" xlink:href="#tok_691" target="#tok_686"/>
<rel id="rel_687" xlink:href="#tok_688" target="#tok_687"/>
<rel id="rel_688" xlink:href="#tok_690" target="#tok_688"/>
<rel id="rel_689" xlink:href="#tok_690" target="#tok_689"/>
<rel id="rel_690" xlink:href="#tok_691" target="#tok_690"/>
<rel id="rel_691" xlink:href="#tok_685" target="#tok_691"/>
<rel id="rel_694" xlink:href="#tok_695" target="#tok_694"/>
<rel id="rel_695" xlink:href="#tok_704" target="#tok_695"/>
<rel id="rel_696" xlink:href="#tok_695" target="#tok_696"/>
<rel id="rel_697" xlink:href="#tok_696" target="#tok_697"/>
<rel id="rel_698" xlink:href="#tok_703" target="#tok_698"/>
<rel id="rel_699" xlink:href="#tok_700" target="#tok_699"/>
<rel id="rel_700" xlink:href="#tok_702" target="#tok_700"/>
<rel id="rel_701" xlink:href="#tok_702" target="#tok_701"/>
<rel id="rel_702" xlink:href="#tok_703" target="#tok_702"/>
<rel id="rel_703" xlink:href="#tok_697" target="#tok_703"/>
<rel id="rel_705" xlink:href="#tok_704" target="#tok_705"/>
<rel id="rel_706" xlink:href="#tok_705" target="#tok_706"/>
<rel id="rel_707" xlink:href="#tok_708" target="#tok_707"/>
<rel id="rel_708" xlink:href="#tok_706" target="#tok_708"/>
<rel id="rel_710" xlink:href="#tok_714" target="#tok_710"/>
<rel id="rel_711" xlink:href="#tok_714" target="#tok_711"/>
<rel id="rel_712" xlink:href="#tok_713" target="#tok_712"/>
<rel id="rel_713" xlink:href="#tok_714" target="#tok_713"/>
<rel id="rel_714" xlink:href="#tok_715" target="#tok_714"/>
<rel id="rel_716" xlink:href="#tok_715" target="#tok_716"/>
<rel id="rel_717" xlink:href="#tok_716" target="#tok_717"/>
<rel id="rel_718" xlink:href="#tok_720" target="#tok_718"/>
<rel id="rel_719" xlink:href="#tok_720" target="#tok_719"/>
<rel id="rel_720" xlink:href="#tok_717" target="#tok_720"/>
<rel id="rel_721" xlink:href="#tok_720" target="#tok_721"/>
<rel id="rel_722" xlink:href="#tok_724" target="#tok_722"/>
<rel id="rel_723" xlink:href="#tok_724" target="#tok_723"/>
<rel id="rel_724" xlink:href="#tok_720" target="#tok_724"/>
<rel id="rel_727" xlink:href="#tok_728" target="#tok_727"/>
<rel id="rel_728" xlink:href="#tok_748" target="#tok_728"/>
<rel id="rel_729" xlink:href="#tok_731" target="#tok_729"/>
<rel id="rel_730" xlink:href="#tok_729" target="#tok_730"/>
<rel id="rel_731" xlink:href="#tok_737" target="#tok_731"/>
<rel id="rel_732" xlink:href="#tok_731" target="#tok_732"/>
<rel id="rel_733" xlink:href="#tok_734" target="#tok_733"/>
<rel id="rel_734" xlink:href="#tok_732" target="#tok_734"/>
<rel id="rel_735" xlink:href="#tok_737" target="#tok_735"/>
<rel id="rel_736" xlink:href="#tok_737" target="#tok_736"/>
<rel id="rel_737" xlink:href="#tok_728" target="#tok_737"/>
<rel id="rel_738" xlink:href="#tok_737" target="#tok_738"/>
<rel id="rel_739" xlink:href="#tok_741" target="#tok_739"/>
<rel id="rel_740" xlink:href="#tok_741" target="#tok_740"/>
<rel id="rel_741" xlink:href="#tok_737" target="#tok_741"/>
<rel id="rel_742" xlink:href="#tok_744" target="#tok_742"/>
<rel id="rel_743" xlink:href="#tok_744" target="#tok_743"/>
<rel id="rel_744" xlink:href="#tok_741" target="#tok_744"/>
<rel id="rel_745" xlink:href="#tok_744" target="#tok_745"/>
<rel id="rel_749" xlink:href="#tok_748" target="#tok_749"/>
<rel id="rel_752" xlink:href="#tok_755" target="#tok_752"/>
<rel id="rel_753" xlink:href="#tok_755" target="#tok_753"/>
<rel id="rel_754" xlink:href="#tok_755" target="#tok_754"/>
<rel id="rel_756" xlink:href="#tok_755" target="#tok_756"/>
<rel id="rel_757" xlink:href="#tok_759" target="#tok_757"/>
<rel id="rel_758" xlink:href="#tok_759" target="#tok_758"/>
<rel id="rel_759" xlink:href="#tok_756" target="#tok_759"/>
<rel id="rel_761" xlink:href="#tok_759" target="#tok_761"/>
<rel id="rel_762" xlink:href="#tok_759" target="#tok_762"/>
<rel id="rel_763" xlink:href="#tok_759" target="#tok_763"/>
<rel id="rel_765" xlink:href="#tok_769" target="#tok_765"/>
<rel id="rel_766" xlink:href="#tok_769" target="#tok_766"/>
<rel id="rel_767" xlink:href="#tok_769" target="#tok_767"/>
<rel id="rel_768" xlink:href="#tok_769" target="#tok_768"/>
<rel id="rel_769" xlink:href="#tok_755" target="#tok_769"/>
<rel id="rel_770" xlink:href="#tok_769" target="#tok_770"/>
<rel id="rel_771" xlink:href="#tok_772" target="#tok_771"/>
<rel id="rel_772" xlink:href="#tok_776" target="#tok_772"/>
<rel id="rel_773" xlink:href="#tok_772" target="#tok_773"/>
<rel id="rel_774" xlink:href="#tok_775" target="#tok_774"/>
<rel id="rel_775" xlink:href="#tok_776" target="#tok_775"/>
<rel id="rel_776" xlink:href="#tok_770" target="#tok_776"/>
<rel id="rel_779" xlink:href="#tok_780" target="#tok_779"/>
<rel id="rel_781" xlink:href="#tok_783" target="#tok_781"/>
<rel id="rel_782" xlink:href="#tok_781" target="#tok_782"/>
<rel id="rel_783" xlink:href="#tok_786" target="#tok_783"/>
<rel id="rel_784" xlink:href="#tok_783" target="#tok_784"/>
<rel id="rel_785" xlink:href="#tok_784" target="#tok_785"/>
<rel id="rel_786" xlink:href="#tok_780" target="#tok_786"/>
<rel id="rel_787" xlink:href="#tok_790" target="#tok_787"/>
<rel id="rel_788" xlink:href="#tok_790" target="#tok_788"/>
<rel id="rel_789" xlink:href="#tok_790" target="#tok_789"/>
<rel id="rel_790" xlink:href="#tok_786" target="#tok_790"/>
<rel id="rel_791" xlink:href="#tok_792" target="#tok_791"/>
<rel id="rel_792" xlink:href="#tok_790" target="#tok_792"/>
<rel id="rel_793" xlink:href="#tok_790" target="#tok_793"/>
<rel id="rel_794" xlink:href="#tok_795" target="#tok_794"/>
<rel id="rel_795" xlink:href="#tok_793" target="#tok_795"/>
<rel id="rel_796" xlink:href="#tok_786" target="#tok_796"/>
<rel id="rel_797" xlink:href="#tok_786" target="#tok_797"/>
<rel id="rel_798" xlink:href="#tok_797" target="#tok_798"/>
<rel id="rel_799" xlink:href="#tok_800" target="#tok_799"/>
<rel id="rel_800" xlink:href="#tok_798" target="#tok_800"/>
<rel id="rel_801" xlink:href="#tok_797" target="#tok_801"/>
<rel id="rel_802" xlink:href="#tok_803" target="#tok_802"/>
<rel id="rel_803" xlink:href="#tok_801" target="#tok_803"/>
<rel id="rel_806" xlink:href="#tok_808" target="#tok_806"/>
<rel id="rel_807" xlink:href="#tok_808" target="#tok_807"/>
<rel id="rel_808" xlink:href="#tok_836" target="#tok_808"/>
<rel id="rel_809" xlink:href="#tok_808" target="#tok_809"/>
<rel id="rel_810" xlink:href="#tok_808" target="#tok_810"/>
<rel id="rel_811" xlink:href="#tok_812" target="#tok_811"/>
<rel id="rel_812" xlink:href="#tok_810" target="#tok_812"/>
<rel id="rel_814" xlink:href="#tok_808" target="#tok_814"/>
<rel id="rel_815" xlink:href="#tok_818" target="#tok_815"/>
<rel id="rel_816" xlink:href="#tok_817" target="#tok_816"/>
<rel id="rel_817" xlink:href="#tok_818" target="#tok_817"/>
<rel id="rel_818" xlink:href="#tok_808" target="#tok_818"/>
<rel id="rel_819" xlink:href="#tok_821" target="#tok_819"/>
<rel id="rel_820" xlink:href="#tok_821" target="#tok_820"/>
<rel id="rel_821" xlink:href="#tok_818" target="#tok_821"/>
<rel id="rel_822" xlink:href="#tok_821" target="#tok_822"/>
<rel id="rel_823" xlink:href="#tok_822" target="#tok_823"/>
<rel id="rel_824" xlink:href="#tok_826" target="#tok_824"/>
<rel id="rel_825" xlink:href="#tok_826" target="#tok_825"/>
<rel id="rel_826" xlink:href="#tok_821" target="#tok_826"/>
<rel id="rel_827" xlink:href="#tok_826" target="#tok_827"/>
<rel id="rel_828" xlink:href="#tok_827" target="#tok_828"/>
<rel id="rel_829" xlink:href="#tok_830" target="#tok_829"/>
<rel id="rel_830" xlink:href="#tok_828" target="#tok_830"/>
<rel id="rel_831" xlink:href="#tok_832" target="#tok_831"/>
<rel id="rel_832" xlink:href="#tok_830" target="#tok_832"/>
<rel id="rel_835" xlink:href="#tok_836" target="#tok_835"/>
<rel id="rel_838" xlink:href="#tok_839" target="#tok_838"/>
<rel id="rel_839" xlink:href="#tok_842" target="#tok_839"/>
<rel id="rel_840" xlink:href="#tok_839" target="#tok_840"/>
<rel id="rel_841" xlink:href="#tok_840" target="#tok_841"/>
<rel id="rel_843" xlink:href="#tok_842" target="#tok_843"/>
<rel id="rel_844" xlink:href="#tok_843" target="#tok_844"/>
<rel id="rel_845" xlink:href="#tok_847" target="#tok_845"/>
<rel id="rel_846" xlink:href="#tok_847" target="#tok_846"/>
<rel id="rel_847" xlink:href="#tok_844" target="#tok_847"/>
<rel id="rel_849" xlink:href="#tok_851" target="#tok_849"/>
<rel id="rel_850" xlink:href="#tok_851" target="#tok_850"/>
<rel id="rel_851" xlink:href="#tok_847" target="#tok_851"/>
<rel id="rel_852" xlink:href="#tok_851" target="#tok_852"/>
<rel id="rel_853" xlink:href="#tok_854" target="#tok_853"/>
<rel id="rel_854" xlink:href="#tok_852" target="#tok_854"/>
<rel id="rel_856" xlink:href="#tok_847" target="#tok_856"/>
<rel id="rel_857" xlink:href="#tok_858" target="#tok_857"/>
<rel id="rel_858" xlink:href="#tok_856" target="#tok_858"/>
<rel id="rel_859" xlink:href="#tok_858" target="#tok_859"/>
<rel id="rel_860" xlink:href="#tok_861" target="#tok_860"/>
<rel id="rel_861" xlink:href="#tok_862" target="#tok_861"/>
<rel id="rel_862" xlink:href="#tok_859" target="#tok_862"/>
<rel id="rel_863" xlink:href="#tok_858" target="#tok_863"/>
<rel id="rel_864" xlink:href="#tok_866" target="#tok_864"/>
<rel id="rel_865" xlink:href="#tok_866" target="#tok_865"/>
<rel id="rel_866" xlink:href="#tok_858" target="#tok_866"/>
<rel id="rel_867" xlink:href="#tok_866" target="#tok_867"/>
<rel id="rel_868" xlink:href="#tok_871" target="#tok_868"/>
<rel id="rel_869" xlink:href="#tok_868" target="#tok_869"/>
<rel id="rel_870" xlink:href="#tok_871" target="#tok_870"/>
<rel id="rel_871" xlink:href="#tok_867" target="#tok_871"/>
<rel id="rel_873" xlink:href="#tok_875" target="#tok_873"/>
<rel id="rel_874" xlink:href="#tok_875" target="#tok_874"/>
<rel id="rel_875" xlink:href="#tok_877" target="#tok_875"/>
<rel id="rel_876" xlink:href="#tok_877" target="#tok_876"/>
<rel id="rel_877" xlink:href="#tok_847" target="#tok_877"/>
<rel id="rel_878" xlink:href="#tok_877" target="#tok_878"/>
<rel id="rel_879" xlink:href="#tok_878" target="#tok_879"/>
<rel id="rel_880" xlink:href="#tok_879" target="#tok_880"/>
<rel id="rel_882" xlink:href="#tok_884" target="#tok_882"/>
<rel id="rel_883" xlink:href="#tok_884" target="#tok_883"/>
<rel id="rel_884" xlink:href="#tok_847" target="#tok_884"/>
<rel id="rel_886" xlink:href="#tok_887" target="#tok_886"/>
<rel id="rel_887" xlink:href="#tok_884" target="#tok_887"/>
<rel id="rel_888" xlink:href="#tok_884" target="#tok_888"/>
<rel id="rel_889" xlink:href="#tok_890" target="#tok_889"/>
<rel id="rel_890" xlink:href="#tok_884" target="#tok_890"/>
<rel id="rel_892" xlink:href="#tok_847" target="#tok_892"/>
<rel id="rel_893" xlink:href="#tok_894" target="#tok_893"/>
<rel id="rel_894" xlink:href="#tok_895" target="#tok_894"/>
<rel id="rel_895" xlink:href="#tok_847" target="#tok_895"/>
<rel id="rel_897" xlink:href="#tok_895" target="#tok_897"/>
<rel id="rel_899" xlink:href="#tok_895" target="#tok_899"/>
<rel id="rel_900" xlink:href="#tok_901" target="#tok_900"/>
<rel id="rel_901" xlink:href="#tok_895" target="#tok_901"/>
<rel id="rel_903" xlink:href="#tok_901" target="#tok_903"/>
<rel id="rel_906" xlink:href="#tok_907" target="#tok_906"/>
<rel id="rel_908" xlink:href="#tok_910" target="#tok_908"/>
<rel id="rel_909" xlink:href="#tok_910" target="#tok_909"/>
<rel id="rel_910" xlink:href="#tok_911" target="#tok_910"/>
<rel id="rel_911" xlink:href="#tok_907" target="#tok_911"/>
<rel id="rel_912" xlink:href="#tok_911" target="#tok_912"/>
<rel id="rel_913" xlink:href="#tok_911" target="#tok_913"/>
<rel id="rel_914" xlink:href="#tok_911" target="#tok_914"/>
<rel id="rel_915" xlink:href="#tok_914" target="#tok_915"/>
<rel id="rel_916" xlink:href="#tok_917" target="#tok_916"/>
<rel id="rel_917" xlink:href="#tok_918" target="#tok_917"/>
<rel id="rel_918" xlink:href="#tok_915" target="#tok_918"/>
<rel id="rel_920" xlink:href="#tok_922" target="#tok_920"/>
<rel id="rel_921" xlink:href="#tok_922" target="#tok_921"/>
<rel id="rel_922" xlink:href="#tok_918" target="#tok_922"/>
<rel id="rel_923" xlink:href="#tok_922" target="#tok_923"/>
<rel id="rel_924" xlink:href="#tok_923" target="#tok_924"/>
<rel id="rel_926" xlink:href="#tok_927" target="#tok_926"/>
<rel id="rel_927" xlink:href="#tok_933" target="#tok_927"/>
<rel id="rel_928" xlink:href="#tok_927" target="#tok_928"/>
<rel id="rel_929" xlink:href="#tok_931" target="#tok_929"/>
<rel id="rel_930" xlink:href="#tok_931" target="#tok_930"/>
<rel id="rel_931" xlink:href="#tok_928" target="#tok_931"/>
<rel id="rel_932" xlink:href="#tok_933" target="#tok_932"/>
<rel id="rel_934" xlink:href="#tok_933" target="#tok_934"/>
<rel id="rel_935" xlink:href="#tok_934" target="#tok_935"/>
<rel id="rel_937" xlink:href="#tok_935" target="#tok_937"/>
<rel id="rel_939" xlink:href="#tok_943" target="#tok_939"/>
<rel id="rel_940" xlink:href="#tok_943" target="#tok_940"/>
<rel id="rel_941" xlink:href="#tok_943" target="#tok_941"/>
<rel id="rel_942" xlink:href="#tok_943" target="#tok_942"/>
<rel id="rel_943" xlink:href="#tok_937" target="#tok_943"/>
<rel id="rel_944" xlink:href="#tok_946" target="#tok_944"/>
<rel id="rel_945" xlink:href="#tok_946" target="#tok_945"/>
<rel id="rel_946" xlink:href="#tok_943" target="#tok_946"/>
<rel id="rel_947" xlink:href="#tok_946" target="#tok_947"/>
<rel id="rel_948" xlink:href="#tok_947" target="#tok_948"/>
<rel id="rel_950" xlink:href="#tok_951" target="#tok_950"/>
<rel id="rel_951" xlink:href="#tok_966" target="#tok_951"/>
<rel id="rel_953" xlink:href="#tok_951" target="#tok_953"/>
<rel id="rel_954" xlink:href="#tok_953" target="#tok_954"/>
<rel id="rel_955" xlink:href="#tok_953" target="#tok_955"/>
<rel id="rel_956" xlink:href="#tok_953" target="#tok_956"/>
<rel id="rel_957" xlink:href="#tok_956" target="#tok_957"/>
<rel id="rel_958" xlink:href="#tok_957" target="#tok_958"/>
<rel id="rel_959" xlink:href="#tok_960" target="#tok_959"/>
<rel id="rel_960" xlink:href="#tok_958" target="#tok_960"/>
<rel id="rel_961" xlink:href="#tok_960" target="#tok_961"/>
<rel id="rel_962" xlink:href="#tok_961" target="#tok_962"/>
<rel id="rel_964" xlink:href="#tok_962" target="#tok_964"/>
<rel id="rel_969" xlink:href="#tok_970" target="#tok_969"/>
<rel id="rel_970" xlink:href="#tok_971" target="#tok_970"/>
<rel id="rel_971" xlink:href="#tok_966" target="#tok_971"/>
<rel id="rel_972" xlink:href="#tok_971" target="#tok_972"/>
<rel id="rel_973" xlink:href="#tok_972" target="#tok_973"/>
<rel id="rel_974" xlink:href="#tok_973" target="#tok_974"/>
<rel id="rel_975" xlink:href="#tok_974" target="#tok_975"/>
<rel id="rel_976" xlink:href="#tok_975" target="#tok_976"/>
<rel id="rel_977" xlink:href="#tok_980" target="#tok_977"/>
<rel id="rel_978" xlink:href="#tok_979" target="#tok_978"/>
<rel id="rel_979" xlink:href="#tok_980" target="#tok_979"/>
<rel id="rel_980" xlink:href="#tok_976" target="#tok_980"/>
<rel id="rel_981" xlink:href="#tok_980" target="#tok_981"/>
<rel id="rel_982" xlink:href="#tok_980" target="#tok_982"/>
<rel id="rel_985" xlink:href="#tok_973" target="#tok_985"/>
<rel id="rel_986" xlink:href="#tok_993" target="#tok_986"/>
<rel id="rel_987" xlink:href="#tok_990" target="#tok_987"/>
<rel id="rel_988" xlink:href="#tok_987" target="#tok_988"/>
<rel id="rel_989" xlink:href="#tok_988" target="#tok_989"/>
<rel id="rel_990" xlink:href="#tok_985" target="#tok_990"/>
<rel id="rel_991" xlink:href="#tok_992" target="#tok_991"/>
<rel id="rel_992" xlink:href="#tok_990" target="#tok_992"/>
<rel id="rel_993" xlink:href="#tok_992" target="#tok_993"/>
<rel id="rel_996" xlink:href="#tok_999" target="#tok_996"/>
<rel id="rel_997" xlink:href="#tok_996" target="#tok_997"/>
<rel id="rel_998" xlink:href="#tok_999" target="#tok_998"/>
<rel id="rel_1000" xlink:href="#tok_1002" target="#tok_1000"/>
<rel id="rel_1001" xlink:href="#tok_1002" target="#tok_1001"/>
<rel id="rel_1003" xlink:href="#tok_1002" target="#tok_1003"/>
<rel id="rel_1004" xlink:href="#tok_1005" target="#tok_1004"/>
<rel id="rel_1005" xlink:href="#tok_1003" target="#tok_1005"/>
<rel id="rel_1006" xlink:href="#tok_1005" target="#tok_1006"/>
<rel id="rel_1007" xlink:href="#tok_1008" target="#tok_1007"/>
<rel id="rel_1008" xlink:href="#tok_1006" target="#tok_1008"/>
<rel id="rel_1010" xlink:href="#tok_1005" target="#tok_1010"/>
<rel id="rel_1011" xlink:href="#tok_1010" target="#tok_1011"/>
<rel id="rel_1013" xlink:href="#tok_1011" target="#tok_1013"/>
<rel id="rel_1015" xlink:href="#tok_1016" target="#tok_1015"/>
<rel id="rel_1016" xlink:href="#tok_1011" target="#tok_1016"/>
<rel id="rel_1018" xlink:href="#tok_1011" target="#tok_1018"/>
<rel id="rel_1020" xlink:href="#tok_1011" target="#tok_1020"/>
<rel id="rel_1021" xlink:href="#tok_1022" target="#tok_1021"/>
<rel id="rel_1022" xlink:href="#tok_1011" target="#tok_1022"/>
<rel id="rel_1024" xlink:href="#tok_1027" target="#tok_1024"/>
<rel id="rel_1025" xlink:href="#tok_1027" target="#tok_1025"/>
<rel id="rel_1026" xlink:href="#tok_1027" target="#tok_1026"/>
<rel id="rel_1027" xlink:href="#tok_1011" target="#tok_1027"/>
<rel id="rel_1028" xlink:href="#tok_1027" target="#tok_1028"/>
<rel id="rel_1029" xlink:href="#tok_1027" target="#tok_1029"/>
<rel id="rel_1030" xlink:href="#tok_1031" target="#tok_1030"/>
<rel id="rel_1031" xlink:href="#tok_1027" target="#tok_1031"/>
<rel id="rel_1032" xlink:href="#tok_1031" target="#tok_1032"/>
<rel id="rel_1033" xlink:href="#tok_1036" target="#tok_1033"/>
<rel id="rel_1034" xlink:href="#tok_1033" target="#tok_1034"/>
<rel id="rel_1035" xlink:href="#tok_1036" target="#tok_1035"/>
<rel id="rel_1036" xlink:href="#tok_1032" target="#tok_1036"/>
<rel id="rel_1038" xlink:href="#tok_1043" target="#tok_1038"/>
<rel id="rel_1039" xlink:href="#tok_1043" target="#tok_1039"/>
<rel id="rel_1040" xlink:href="#tok_1043" target="#tok_1040"/>
<rel id="rel_1041" xlink:href="#tok_1043" target="#tok_1041"/>
<rel id="rel_1042" xlink:href="#tok_1043" target="#tok_1042"/>
<rel id="rel_1044" xlink:href="#tok_1043" target="#tok_1044"/>
<rel id="rel_1045" xlink:href="#tok_1048" target="#tok_1045"/>
<rel id="rel_1046" xlink:href="#tok_1047" target="#tok_1046"/>
<rel id="rel_1047" xlink:href="#tok_1048" target="#tok_1047"/>
<rel id="rel_1048" xlink:href="#tok_1044" target="#tok_1048"/>
<rel id="rel_1051" xlink:href="#tok_1052" target="#tok_1051"/>
<rel id="rel_1052" xlink:href="#tok_1053" target="#tok_1052"/>
<rel id="rel_1053" xlink:href="#tok_1067" target="#tok_1053"/>
<rel id="rel_1054" xlink:href="#tok_1053" target="#tok_1054"/>
<rel id="rel_1055" xlink:href="#tok_1062" target="#tok_1055"/>
<rel id="rel_1056" xlink:href="#tok_1058" target="#tok_1056"/>
<rel id="rel_1057" xlink:href="#tok_1058" target="#tok_1057"/>
<rel id="rel_1058" xlink:href="#tok_1060" target="#tok_1058"/>
<rel id="rel_1059" xlink:href="#tok_1060" target="#tok_1059"/>
<rel id="rel_1060" xlink:href="#tok_1054" target="#tok_1060"/>
<rel id="rel_1061" xlink:href="#tok_1062" target="#tok_1061"/>
<rel id="rel_1062" xlink:href="#tok_1060" target="#tok_1062"/>
<rel id="rel_1065" xlink:href="#tok_1066" target="#tok_1065"/>
<rel id="rel_1066" xlink:href="#tok_1067" target="#tok_1066"/>
<rel id="rel_1070" xlink:href="#tok_1074" target="#tok_1070"/>
<rel id="rel_1071" xlink:href="#tok_1074" target="#tok_1071"/>
<rel id="rel_1072" xlink:href="#tok_1074" target="#tok_1072"/>
<rel id="rel_1073" xlink:href="#tok_1074" target="#tok_1073"/>
<rel id="rel_1075" xlink:href="#tok_1078" target="#tok_1075"/>
<rel id="rel_1076" xlink:href="#tok_1077" target="#tok_1076"/>
<rel id="rel_1077" xlink:href="#tok_1078" target="#tok_1077"/>
<rel id="rel_1078" xlink:href="#tok_1074" target="#tok_1078"/>
<rel id="rel_1079" xlink:href="#tok_1078" target="#tok_1079"/>
<rel id="rel_1080" xlink:href="#tok_1082" target="#tok_1080"/>
<rel id="rel_1081" xlink:href="#tok_1082" target="#tok_1081"/>
<rel id="rel_1082" xlink:href="#tok_1078" target="#tok_1082"/>
<rel id="rel_1084" xlink:href="#tok_1086" target="#tok_1084"/>
<rel id="rel_1085" xlink:href="#tok_1086" target="#tok_1085"/>
<rel id="rel_1086" xlink:href="#tok_1078" target="#tok_1086"/>
<rel id="rel_1087" xlink:href="#tok_1086" target="#tok_1087"/>
<rel id="rel_1088" xlink:href="#tok_1089" target="#tok_1088"/>
<rel id="rel_1089" xlink:href="#tok_1087" target="#tok_1089"/>
<rel id="rel_1090" xlink:href="#tok_1092" target="#tok_1090"/>
<rel id="rel_1091" xlink:href="#tok_1092" target="#tok_1091"/>
<rel id="rel_1092" xlink:href="#tok_1074" target="#tok_1092"/>
<rel id="rel_1093" xlink:href="#tok_1092" target="#tok_1093"/>
<rel id="rel_1094" xlink:href="#tok_1093" target="#tok_1094"/>
<rel id="rel_1096" xlink:href="#tok_1094" target="#tok_1096"/>
<rel id="rel_1097" xlink:href="#tok_1094" target="#tok_1097"/>
<rel id="rel_1098" xlink:href="#tok_1092" target="#tok_1098"/>
<rel id="rel_1099" xlink:href="#tok_1094" target="#tok_1099"/>
<rel id="rel_1100" xlink:href="#tok_1101" target="#tok_1100"/>
<rel id="rel_1101" xlink:href="#tok_1099" target="#tok_1101"/>
<rel id="rel_1103" xlink:href="#tok_1113" target="#tok_1103"/>
<rel id="rel_1104" xlink:href="#tok_1106" target="#tok_1104"/>
<rel id="rel_1105" xlink:href="#tok_1106" target="#tok_1105"/>
<rel id="rel_1106" xlink:href="#tok_1113" target="#tok_1106"/>
<rel id="rel_1107" xlink:href="#tok_1108" target="#tok_1107"/>
<rel id="rel_1108" xlink:href="#tok_1106" target="#tok_1108"/>
<rel id="rel_1110" xlink:href="#tok_1113" target="#tok_1110"/>
<rel id="rel_1111" xlink:href="#tok_1113" target="#tok_1111"/>
<rel id="rel_1112" xlink:href="#tok_1113" target="#tok_1112"/>
<rel id="rel_1114" xlink:href="#tok_1113" target="#tok_1114"/>
<rel id="rel_1115" xlink:href="#tok_1116" target="#tok_1115"/>
<rel id="rel_1116" xlink:href="#tok_1114" target="#tok_1116"/>
<rel id="rel_1117" xlink:href="#tok_1116" target="#tok_1117"/>
<rel id="rel_1118" xlink:href="#tok_1119" target="#tok_1118"/>
<rel id="rel_1119" xlink:href="#tok_1117" target="#tok_1119"/>
<rel id="rel_1121" xlink:href="#tok_1131" target="#tok_1121"/>
<rel id="rel_1122" xlink:href="#tok_1125" target="#tok_1122"/>
<rel id="rel_1123" xlink:href="#tok_1125" target="#tok_1123"/>
<rel id="rel_1124" xlink:href="#tok_1125" target="#tok_1124"/>
<rel id="rel_1125" xlink:href="#tok_1131" target="#tok_1125"/>
<rel id="rel_1126" xlink:href="#tok_1125" target="#tok_1126"/>
<rel id="rel_1127" xlink:href="#tok_1126" target="#tok_1127"/>
<rel id="rel_1129" xlink:href="#tok_1131" target="#tok_1129"/>
<rel id="rel_1130" xlink:href="#tok_1131" target="#tok_1130"/>
<rel id="rel_1132" xlink:href="#tok_1135" target="#tok_1132"/>
<rel id="rel_1133" xlink:href="#tok_1135" target="#tok_1133"/>
<rel id="rel_1134" xlink:href="#tok_1135" target="#tok_1134"/>
<rel id="rel_1135" xlink:href="#tok_1131" target="#tok_1135"/>
<rel id="rel_1139" xlink:href="#tok_1140" target="#tok_1139"/>
<rel id="rel_1140" xlink:href="#tok_1168" target="#tok_1140"/>
<rel id="rel_1141" xlink:href="#tok_1142" target="#tok_1141"/>
<rel id="rel_1142" xlink:href="#tok_1140" target="#tok_1142"/>
<rel id="rel_1143" xlink:href="#tok_1144" target="#tok_1143"/>
<rel id="rel_1144" xlink:href="#tok_1146" target="#tok_1144"/>
<rel id="rel_1145" xlink:href="#tok_1144" target="#tok_1145"/>
<rel id="rel_1146" xlink:href="#tok_1142" target="#tok_1146"/>
<rel id="rel_1148" xlink:href="#tok_1150" target="#tok_1148"/>
<rel id="rel_1149" xlink:href="#tok_1150" target="#tok_1149"/>
<rel id="rel_1150" xlink:href="#tok_1141" target="#tok_1150"/>
<rel id="rel_1152" xlink:href="#tok_1155" target="#tok_1152"/>
<rel id="rel_1153" xlink:href="#tok_1155" target="#tok_1153"/>
<rel id="rel_1154" xlink:href="#tok_1155" target="#tok_1154"/>
<rel id="rel_1155" xlink:href="#tok_1142" target="#tok_1155"/>
<rel id="rel_1156" xlink:href="#tok_1158" target="#tok_1156"/>
<rel id="rel_1157" xlink:href="#tok_1158" target="#tok_1157"/>
<rel id="rel_1158" xlink:href="#tok_1155" target="#tok_1158"/>
<rel id="rel_1159" xlink:href="#tok_1164" target="#tok_1159"/>
<rel id="rel_1160" xlink:href="#tok_1164" target="#tok_1160"/>
<rel id="rel_1161" xlink:href="#tok_1164" target="#tok_1161"/>
<rel id="rel_1162" xlink:href="#tok_1164" target="#tok_1162"/>
<rel id="rel_1163" xlink:href="#tok_1164" target="#tok_1163"/>
<rel id="rel_1164" xlink:href="#tok_1158" target="#tok_1164"/>
<rel id="rel_1167" xlink:href="#tok_1168" target="#tok_1167"/>
<rel id="rel_1170" xlink:href="#tok_1171" target="#tok_1170"/>
<rel id="rel_1171" xlink:href="#tok_1180" target="#tok_1171"/>
<rel id="rel_1173" xlink:href="#tok_1175" target="#tok_1173"/>
<rel id="rel_1174" xlink:href="#tok_1175" target="#tok_1174"/>
<rel id="rel_1175" xlink:href="#tok_1171" target="#tok_1175"/>
<rel id="rel_1176" xlink:href="#tok_1175" target="#tok_1176"/>
<rel id="rel_1177" xlink:href="#tok_1178" target="#tok_1177"/>
<rel id="rel_1178" xlink:href="#tok_1176" target="#tok_1178"/>
<rel id="rel_1183" xlink:href="#tok_1184" target="#tok_1183"/>
<rel id="rel_1184" xlink:href="#tok_1180" target="#tok_1184"/>
<rel id="rel_1185" xlink:href="#tok_1186" target="#tok_1185"/>
<rel id="rel_1186" xlink:href="#tok_1189" target="#tok_1186"/>
<rel id="rel_1187" xlink:href="#tok_1189" target="#tok_1187"/>
<rel id="rel_1188" xlink:href="#tok_1189" target="#tok_1188"/>
<rel id="rel_1189" xlink:href="#tok_1184" target="#tok_1189"/>
<rel id="rel_1190" xlink:href="#tok_1189" target="#tok_1190"/>
<rel id="rel_1191" xlink:href="#tok_1193" target="#tok_1191"/>
<rel id="rel_1192" xlink:href="#tok_1193" target="#tok_1192"/>
<rel id="rel_1193" xlink:href="#tok_1190" target="#tok_1193"/>
<rel id="rel_1195" xlink:href="#tok_1198" target="#tok_1195"/>
<rel id="rel_1196" xlink:href="#tok_1197" target="#tok_1196"/>
<rel id="rel_1197" xlink:href="#tok_1198" target="#tok_1197"/>
<rel id="rel_1198" xlink:href="#tok_1193" target="#tok_1198"/>
<rel id="rel_1199" xlink:href="#tok_1198" target="#tok_1199"/>
<rel id="rel_1200" xlink:href="#tok_1199" target="#tok_1200"/>
<rel id="rel_1202" xlink:href="#tok_1222" target="#tok_1202"/>
<rel id="rel_1203" xlink:href="#tok_1202" target="#tok_1203"/>
<rel id="rel_1204" xlink:href="#tok_1203" target="#tok_1204"/>
<rel id="rel_1205" xlink:href="#tok_1206" target="#tok_1205"/>
<rel id="rel_1206" xlink:href="#tok_1204" target="#tok_1206"/>
<rel id="rel_1207" xlink:href="#tok_1206" target="#tok_1207"/>
<rel id="rel_1208" xlink:href="#tok_1207" target="#tok_1208"/>
<rel id="rel_1209" xlink:href="#tok_1206" target="#tok_1209"/>
<rel id="rel_1210" xlink:href="#tok_1206" target="#tok_1210"/>
<rel id="rel_1212" xlink:href="#tok_1210" target="#tok_1212"/>
<rel id="rel_1213" xlink:href="#tok_1212" target="#tok_1213"/>
<rel id="rel_1214" xlink:href="#tok_1213" target="#tok_1214"/>
<rel id="rel_1215" xlink:href="#tok_1214" target="#tok_1215"/>
<rel id="rel_1216" xlink:href="#tok_1213" target="#tok_1216"/>
<rel id="rel_1217" xlink:href="#tok_1219" target="#tok_1217"/>
<rel id="rel_1218" xlink:href="#tok_1219" target="#tok_1218"/>
<rel id="rel_1219" xlink:href="#tok_1213" target="#tok_1219"/>
<rel id="rel_1221" xlink:href="#tok_1222" target="#tok_1221"/>
<rel id="rel_1223" xlink:href="#tok_1226" target="#tok_1223"/>
<rel id="rel_1224" xlink:href="#tok_1226" target="#tok_1224"/>
<rel id="rel_1225" xlink:href="#tok_1226" target="#tok_1225"/>
<rel id="rel_1226" xlink:href="#tok_1222" target="#tok_1226"/>
<rel id="rel_1227" xlink:href="#tok_1226" target="#tok_1227"/>
<rel id="rel_1228" xlink:href="#tok_1229" target="#tok_1228"/>
<rel id="rel_1229" xlink:href="#tok_1227" target="#tok_1229"/>
<rel id="rel_1232" xlink:href="#tok_1234" target="#tok_1232"/>
<rel id="rel_1233" xlink:href="#tok_1234" target="#tok_1233"/>
<rel id="rel_1234" xlink:href="#tok_1235" target="#tok_1234"/>
<rel id="rel_1235" xlink:href="#tok_1245" target="#tok_1235"/>
<rel id="rel_1236" xlink:href="#tok_1235" target="#tok_1236"/>
<rel id="rel_1237" xlink:href="#tok_1238" target="#tok_1237"/>
<rel id="rel_1238" xlink:href="#tok_1235" target="#tok_1238"/>
<rel id="rel_1239" xlink:href="#tok_1240" target="#tok_1239"/>
<rel id="rel_1240" xlink:href="#tok_1238" target="#tok_1240"/>
<rel id="rel_1242" xlink:href="#tok_1245" target="#tok_1242"/>
<rel id="rel_1244" xlink:href="#tok_1245" target="#tok_1244"/>
<rel id="rel_1246" xlink:href="#tok_1245" target="#tok_1246"/>
<rel id="rel_1247" xlink:href="#tok_1248" target="#tok_1247"/>
<rel id="rel_1248" xlink:href="#tok_1246" target="#tok_1248"/>
<rel id="rel_1249" xlink:href="#tok_1248" target="#tok_1249"/>
<rel id="rel_1250" xlink:href="#tok_1252" target="#tok_1250"/>
<rel id="rel_1251" xlink:href="#tok_1252" target="#tok_1251"/>
<rel id="rel_1252" xlink:href="#tok_1249" target="#tok_1252"/>
<rel id="rel_1253" xlink:href="#tok_1254" target="#tok_1253"/>
<rel id="rel_1254" xlink:href="#tok_1252" target="#tok_1254"/>
<rel id="rel_1255" xlink:href="#tok_1256" target="#tok_1255"/>
<rel id="rel_1256" xlink:href="#tok_1254" target="#tok_1256"/>
<rel id="rel_1258" xlink:href="#tok_1259" target="#tok_1258"/>
<rel id="rel_1259" xlink:href="#tok_1252" target="#tok_1259"/>
<rel id="rel_1260" xlink:href="#tok_1261" target="#tok_1260"/>
<rel id="rel_1261" xlink:href="#tok_1259" target="#tok_1261"/>
<rel id="rel_1263" xlink:href="#tok_1264" target="#tok_1263"/>
<rel id="rel_1264" xlink:href="#tok_1261" target="#tok_1264"/>
<rel id="rel_1266" xlink:href="#tok_1267" target="#tok_1266"/>
<rel id="rel_1267" xlink:href="#tok_1261" target="#tok_1267"/>
<rel id="rel_1269" xlink:href="#tok_1270" target="#tok_1269"/>
<rel id="rel_1270" xlink:href="#tok_1261" target="#tok_1270"/>
<rel id="rel_1272" xlink:href="#tok_1261" target="#tok_1272"/>
<rel id="rel_1273" xlink:href="#tok_1274" target="#tok_1273"/>
<rel id="rel_1274" xlink:href="#tok_1261" target="#tok_1274"/>
<rel id="rel_1276" xlink:href="#tok_1277" target="#tok_1276"/>
<rel id="rel_1281" xlink:href="#tok_1283" target="#tok_1281"/>
<rel id="rel_1283" xlink:href="#tok_1277" target="#tok_1283"/>
<rel id="rel_1284" xlink:href="#tok_1285" target="#tok_1284"/>
<rel id="rel_1285" xlink:href="#tok_1283" target="#tok_1285"/>
<rel id="rel_1286" xlink:href="#tok_1287" target="#tok_1286"/>
<rel id="rel_1287" xlink:href="#tok_1294" target="#tok_1287"/>
<rel id="rel_1288" xlink:href="#tok_1287" target="#tok_1288"/>
<rel id="rel_1289" xlink:href="#tok_1290" target="#tok_1289"/>
<rel id="rel_1290" xlink:href="#tok_1293" target="#tok_1290"/>
<rel id="rel_1291" xlink:href="#tok_1290" target="#tok_1291"/>
<rel id="rel_1292" xlink:href="#tok_1293" target="#tok_1292"/>
<rel id="rel_1293" xlink:href="#tok_1287" target="#tok_1293"/>
<rel id="rel_1294" xlink:href="#tok_1285" target="#tok_1294"/>
<rel id="rel_1297" xlink:href="#tok_1298" target="#tok_1297"/>
<rel id="rel_1299" xlink:href="#tok_1307" target="#tok_1299"/>
<rel id="rel_1300" xlink:href="#tok_1302" target="#tok_1300"/>
<rel id="rel_1301" xlink:href="#tok_1300" target="#tok_1301"/>
<rel id="rel_1302" xlink:href="#tok_1307" target="#tok_1302"/>
<rel id="rel_1303" xlink:href="#tok_1302" target="#tok_1303"/>
<rel id="rel_1304" xlink:href="#tok_1306" target="#tok_1304"/>
<rel id="rel_1305" xlink:href="#tok_1306" target="#tok_1305"/>
<rel id="rel_1306" xlink:href="#tok_1303" target="#tok_1306"/>
<rel id="rel_1307" xlink:href="#tok_1298" target="#tok_1307"/>
<rel id="rel_1308" xlink:href="#tok_1309" target="#tok_1308"/>
<rel id="rel_1309" xlink:href="#tok_1307" target="#tok_1309"/>
<rel id="rel_1311" xlink:href="#tok_1312" target="#tok_1311"/>
<rel id="rel_1312" xlink:href="#tok_1317" target="#tok_1312"/>
<rel id="rel_1313" xlink:href="#tok_1312" target="#tok_1313"/>
<rel id="rel_1315" xlink:href="#tok_1317" target="#tok_1315"/>
<rel id="rel_1316" xlink:href="#tok_1317" target="#tok_1316"/>
<rel id="rel_1318" xlink:href="#tok_1319" target="#tok_1318"/>
<rel id="rel_1319" xlink:href="#tok_1317" target="#tok_1319"/>
<rel id="rel_1320" xlink:href="#tok_1322" target="#tok_1320"/>
<rel id="rel_1321" xlink:href="#tok_1322" target="#tok_1321"/>
<rel id="rel_1322" xlink:href="#tok_1319" target="#tok_1322"/>
<rel id="rel_1323" xlink:href="#tok_1319" target="#tok_1323"/>
<rel id="rel_1324" xlink:href="#tok_1319" target="#tok_1324"/>
<rel id="rel_1325" xlink:href="#tok_1326" target="#tok_1325"/>
<rel id="rel_1326" xlink:href="#tok_1324" target="#tok_1326"/>
<rel id="rel_1327" xlink:href="#tok_1326" target="#tok_1327"/>
<rel id="rel_1328" xlink:href="#tok_1327" target="#tok_1328"/>
<rel id="rel_1330" xlink:href="#tok_1334" target="#tok_1330"/>
<rel id="rel_1331" xlink:href="#tok_1334" target="#tok_1331"/>
<rel id="rel_1332" xlink:href="#tok_1334" target="#tok_1332"/>
<rel id="rel_1333" xlink:href="#tok_1334" target="#tok_1333"/>
<rel id="rel_1334" xlink:href="#tok_1326" target="#tok_1334"/>
<rel id="rel_1335" xlink:href="#tok_1336" target="#tok_1335"/>
<rel id="rel_1336" xlink:href="#tok_1334" target="#tok_1336"/>
<rel id="rel_1337" xlink:href="#tok_1338" target="#tok_1337"/>
<rel id="rel_1338" xlink:href="#tok_1336" target="#tok_1338"/>
<rel id="rel_1339" xlink:href="#tok_1336" target="#tok_1339"/>
<rel id="rel_1340" xlink:href="#tok_1343" target="#tok_1340"/>
<rel id="rel_1341" xlink:href="#tok_1342" target="#tok_1341"/>
<rel id="rel_1342" xlink:href="#tok_1343" target="#tok_1342"/>
<rel id="rel_1343" xlink:href="#tok_1339" target="#tok_1343"/>
<rel id="rel_1344" xlink:href="#tok_1336" target="#tok_1344"/>
<rel id="rel_1345" xlink:href="#tok_1344" target="#tok_1345"/>
<rel id="rel_1346" xlink:href="#tok_1345" target="#tok_1346"/>
<rel id="rel_1347" xlink:href="#tok_1345" target="#tok_1347"/>
<rel id="rel_1348" xlink:href="#tok_1345" target="#tok_1348"/>
<rel id="rel_1349" xlink:href="#tok_1348" target="#tok_1349"/>
<rel id="rel_1350" xlink:href="#tok_1348" target="#tok_1350"/>
<rel id="rel_1352" xlink:href="#tok_1367" target="#tok_1352"/>
<rel id="rel_1353" xlink:href="#tok_1352" target="#tok_1353"/>
<rel id="rel_1354" xlink:href="#tok_1356" target="#tok_1354"/>
<rel id="rel_1355" xlink:href="#tok_1356" target="#tok_1355"/>
<rel id="rel_1356" xlink:href="#tok_1353" target="#tok_1356"/>
<rel id="rel_1357" xlink:href="#tok_1356" target="#tok_1357"/>
<rel id="rel_1358" xlink:href="#tok_1357" target="#tok_1358"/>
<rel id="rel_1359" xlink:href="#tok_1358" target="#tok_1359"/>
<rel id="rel_1360" xlink:href="#tok_1361" target="#tok_1360"/>
<rel id="rel_1361" xlink:href="#tok_1357" target="#tok_1361"/>
<rel id="rel_1362" xlink:href="#tok_1367" target="#tok_1362"/>
<rel id="rel_1363" xlink:href="#tok_1367" target="#tok_1363"/>
<rel id="rel_1364" xlink:href="#tok_1365" target="#tok_1364"/>
<rel id="rel_1365" xlink:href="#tok_1367" target="#tok_1365"/>
<rel id="rel_1366" xlink:href="#tok_1367" target="#tok_1366"/>
<rel id="rel_1368" xlink:href="#tok_1367" target="#tok_1368"/>
<rel id="rel_1370" xlink:href="#tok_1368" target="#tok_1370"/>
<rel id="rel_1371" xlink:href="#tok_1370" target="#tok_1371"/>
<rel id="rel_1372" xlink:href="#tok_1370" target="#tok_1372"/>
<rel id="rel_1374" xlink:href="#tok_1367" target="#tok_1374"/>
<rel id="rel_1375" xlink:href="#tok_1374" target="#tok_1375"/>
<rel id="rel_1377" xlink:href="#tok_1379" target="#tok_1377"/>
<rel id="rel_1378" xlink:href="#tok_1379" target="#tok_1378"/>
<rel id="rel_1380" xlink:href="#tok_1384" target="#tok_1380"/>
<rel id="rel_1381" xlink:href="#tok_1384" target="#tok_1381"/>
<rel id="rel_1382" xlink:href="#tok_1384" target="#tok_1382"/>
<rel id="rel_1383" xlink:href="#tok_1384" target="#tok_1383"/>
<rel id="rel_1384" xlink:href="#tok_1379" target="#tok_1384"/>
<rel id="rel_1385" xlink:href="#tok_1384" target="#tok_1385"/>
<rel id="rel_1386" xlink:href="#tok_1387" target="#tok_1386"/>
<rel id="rel_1387" xlink:href="#tok_1384" target="#tok_1387"/>
<rel id="rel_1390" xlink:href="#tok_1400" target="#tok_1390"/>
<rel id="rel_1391" xlink:href="#tok_1392" target="#tok_1391"/>
<rel id="rel_1392" xlink:href="#tok_1390" target="#tok_1392"/>
<rel id="rel_1393" xlink:href="#tok_1394" target="#tok_1393"/>
<rel id="rel_1394" xlink:href="#tok_1392" target="#tok_1394"/>
<rel id="rel_1395" xlink:href="#tok_1396" target="#tok_1395"/>
<rel id="rel_1396" xlink:href="#tok_1394" target="#tok_1396"/>
<rel id="rel_1398" xlink:href="#tok_1400" target="#tok_1398"/>
<rel id="rel_1399" xlink:href="#tok_1400" target="#tok_1399"/>
<rel id="rel_1401" xlink:href="#tok_1403" target="#tok_1401"/>
<rel id="rel_1402" xlink:href="#tok_1403" target="#tok_1402"/>
<rel id="rel_1403" xlink:href="#tok_1400" target="#tok_1403"/>
<rel id="rel_1404" xlink:href="#tok_1403" target="#tok_1404"/>
<rel id="rel_1405" xlink:href="#tok_1407" target="#tok_1405"/>
<rel id="rel_1406" xlink:href="#tok_1407" target="#tok_1406"/>
<rel id="rel_1407" xlink:href="#tok_1403" target="#tok_1407"/>
<rel id="rel_1408" xlink:href="#tok_1407" target="#tok_1408"/>
<rel id="rel_1409" xlink:href="#tok_1411" target="#tok_1409"/>
<rel id="rel_1410" xlink:href="#tok_1411" target="#tok_1410"/>
<rel id="rel_1411" xlink:href="#tok_1407" target="#tok_1411"/>
<rel id="rel_1413" xlink:href="#tok_1400" target="#tok_1413"/>
<rel id="rel_1414" xlink:href="#tok_1417" target="#tok_1414"/>
<rel id="rel_1415" xlink:href="#tok_1417" target="#tok_1415"/>
<rel id="rel_1416" xlink:href="#tok_1417" target="#tok_1416"/>
<rel id="rel_1417" xlink:href="#tok_1400" target="#tok_1417"/>
<rel id="rel_1418" xlink:href="#tok_1420" target="#tok_1418"/>
<rel id="rel_1419" xlink:href="#tok_1420" target="#tok_1419"/>
<rel id="rel_1420" xlink:href="#tok_1417" target="#tok_1420"/>
<rel id="rel_1421" xlink:href="#tok_1417" target="#tok_1421"/>
<rel id="rel_1422" xlink:href="#tok_1417" target="#tok_1422"/>
<rel id="rel_1423" xlink:href="#tok_1422" target="#tok_1423"/>
<rel id="rel_1425" xlink:href="#tok_1431" target="#tok_1425"/>
<rel id="rel_1426" xlink:href="#tok_1431" target="#tok_1426"/>
<rel id="rel_1427" xlink:href="#tok_1431" target="#tok_1427"/>
<rel id="rel_1428" xlink:href="#tok_1429" target="#tok_1428"/>
<rel id="rel_1429" xlink:href="#tok_1431" target="#tok_1429"/>
<rel id="rel_1430" xlink:href="#tok_1431" target="#tok_1430"/>
<rel id="rel_1432" xlink:href="#tok_1431" target="#tok_1432"/>
<rel id="rel_1433" xlink:href="#tok_1434" target="#tok_1433"/>
<rel id="rel_1434" xlink:href="#tok_1432" target="#tok_1434"/>
<rel id="rel_1436" xlink:href="#tok_1439" target="#tok_1436"/>
<rel id="rel_1437" xlink:href="#tok_1439" target="#tok_1437"/>
<rel id="rel_1438" xlink:href="#tok_1439" target="#tok_1438"/>
<rel id="rel_1440" xlink:href="#tok_1439" target="#tok_1440"/>
<rel id="rel_1441" xlink:href="#tok_1443" target="#tok_1441"/>
<rel id="rel_1442" xlink:href="#tok_1443" target="#tok_1442"/>
<rel id="rel_1443" xlink:href="#tok_1439" target="#tok_1443"/>
<rel id="rel_1444" xlink:href="#tok_1443" target="#tok_1444"/>
<rel id="rel_1445" xlink:href="#tok_1444" target="#tok_1445"/>
<rel id="rel_1449" xlink:href="#tok_1453" target="#tok_1449"/>
<rel id="rel_1450" xlink:href="#tok_1469" target="#tok_1450"/>
<rel id="rel_1451" xlink:href="#tok_1453" target="#tok_1451"/>
<rel id="rel_1452" xlink:href="#tok_1453" target="#tok_1452"/>
<rel id="rel_1453" xlink:href="#tok_1450" target="#tok_1453"/>
<rel id="rel_1454" xlink:href="#tok_1453" target="#tok_1454"/>
<rel id="rel_1455" xlink:href="#tok_1453" target="#tok_1455"/>
<rel id="rel_1456" xlink:href="#tok_1450" target="#tok_1456"/>
<rel id="rel_1457" xlink:href="#tok_1458" target="#tok_1457"/>
<rel id="rel_1458" xlink:href="#tok_1450" target="#tok_1458"/>
<rel id="rel_1459" xlink:href="#tok_1458" target="#tok_1459"/>
<rel id="rel_1460" xlink:href="#tok_1459" target="#tok_1460"/>
<rel id="rel_1461" xlink:href="#tok_1460" target="#tok_1461"/>
<rel id="rel_1462" xlink:href="#tok_1463" target="#tok_1462"/>
<rel id="rel_1463" xlink:href="#tok_1458" target="#tok_1463"/>
<rel id="rel_1464" xlink:href="#tok_1465" target="#tok_1464"/>
<rel id="rel_1465" xlink:href="#tok_1463" target="#tok_1465"/>
<rel id="rel_1468" xlink:href="#tok_1469" target="#tok_1468"/>
<rel id="rel_1471" xlink:href="#tok_1472" target="#tok_1471"/>
<rel id="rel_1473" xlink:href="#tok_1474" target="#tok_1473"/>
<rel id="rel_1474" xlink:href="#tok_1483" target="#tok_1474"/>
<rel id="rel_1476" xlink:href="#tok_1481" target="#tok_1476"/>
<rel id="rel_1477" xlink:href="#tok_1478" target="#tok_1477"/>
<rel id="rel_1478" xlink:href="#tok_1481" target="#tok_1478"/>
<rel id="rel_1479" xlink:href="#tok_1481" target="#tok_1479"/>
<rel id="rel_1480" xlink:href="#tok_1481" target="#tok_1480"/>
<rel id="rel_1481" xlink:href="#tok_1474" target="#tok_1481"/>
<rel id="rel_1484" xlink:href="#tok_1488" target="#tok_1484"/>
<rel id="rel_1485" xlink:href="#tok_1486" target="#tok_1485"/>
<rel id="rel_1486" xlink:href="#tok_1483" target="#tok_1486"/>
<rel id="rel_1487" xlink:href="#tok_1488" target="#tok_1487"/>
<rel id="rel_1488" xlink:href="#tok_1486" target="#tok_1488"/>
<rel id="rel_1489" xlink:href="#tok_1488" target="#tok_1489"/>
<rel id="rel_1490" xlink:href="#tok_1491" target="#tok_1490"/>
<rel id="rel_1491" xlink:href="#tok_1488" target="#tok_1491"/>
<rel id="rel_1492" xlink:href="#tok_1493" target="#tok_1492"/>
<rel id="rel_1493" xlink:href="#tok_1488" target="#tok_1493"/>
<rel id="rel_1494" xlink:href="#tok_1496" target="#tok_1494"/>
<rel id="rel_1495" xlink:href="#tok_1496" target="#tok_1495"/>
<rel id="rel_1496" xlink:href="#tok_1493" target="#tok_1496"/>
<rel id="rel_1497" xlink:href="#tok_1483" target="#tok_1497"/>
<rel id="rel_1498" xlink:href="#tok_1500" target="#tok_1498"/>
<rel id="rel_1499" xlink:href="#tok_1500" target="#tok_1499"/>
<rel id="rel_1500" xlink:href="#tok_1483" target="#tok_1500"/>
<rel id="rel_1501" xlink:href="#tok_1504" target="#tok_1501"/>
<rel id="rel_1502" xlink:href="#tok_1504" target="#tok_1502"/>
<rel id="rel_1503" xlink:href="#tok_1504" target="#tok_1503"/>
<rel id="rel_1504" xlink:href="#tok_1500" target="#tok_1504"/>
<rel id="rel_1505" xlink:href="#tok_1506" target="#tok_1505"/>
<rel id="rel_1506" xlink:href="#tok_1504" target="#tok_1506"/>
<rel id="rel_1508" xlink:href="#tok_1513" target="#tok_1508"/>
<rel id="rel_1509" xlink:href="#tok_1513" target="#tok_1509"/>
<rel id="rel_1510" xlink:href="#tok_1515" target="#tok_1510"/>
<rel id="rel_1511" xlink:href="#tok_1512" target="#tok_1511"/>
<rel id="rel_1512" xlink:href="#tok_1513" target="#tok_1512"/>
<rel id="rel_1514" xlink:href="#tok_1515" target="#tok_1514"/>
<rel id="rel_1515" xlink:href="#tok_1513" target="#tok_1515"/>
<rel id="rel_1518" xlink:href="#tok_1520" target="#tok_1518"/>
<rel id="rel_1519" xlink:href="#tok_1520" target="#tok_1519"/>
<rel id="rel_1522" xlink:href="#tok_1525" target="#tok_1522"/>
<rel id="rel_1523" xlink:href="#tok_1525" target="#tok_1523"/>
<rel id="rel_1524" xlink:href="#tok_1525" target="#tok_1524"/>
<rel id="rel_1528" xlink:href="#tok_1542" target="#tok_1528"/>
<rel id="rel_1529" xlink:href="#tok_1530" target="#tok_1529"/>
<rel id="rel_1530" xlink:href="#tok_1528" target="#tok_1530"/>
<rel id="rel_1532" xlink:href="#tok_1534" target="#tok_1532"/>
<rel id="rel_1533" xlink:href="#tok_1534" target="#tok_1533"/>
<rel id="rel_1534" xlink:href="#tok_1530" target="#tok_1534"/>
<rel id="rel_1535" xlink:href="#tok_1534" target="#tok_1535"/>
<rel id="rel_1536" xlink:href="#tok_1535" target="#tok_1536"/>
<rel id="rel_1538" xlink:href="#tok_1542" target="#tok_1538"/>
<rel id="rel_1539" xlink:href="#tok_1542" target="#tok_1539"/>
<rel id="rel_1540" xlink:href="#tok_1542" target="#tok_1540"/>
<rel id="rel_1541" xlink:href="#tok_1542" target="#tok_1541"/>
<rel id="rel_1544" xlink:href="#tok_1545" target="#tok_1544"/>
<rel id="rel_1548" xlink:href="#tok_1549" target="#tok_1548"/>
<rel id="rel_1549" xlink:href="#tok_1552" target="#tok_1549"/>
<rel id="rel_1550" xlink:href="#tok_1552" target="#tok_1550"/>
<rel id="rel_1551" xlink:href="#tok_1552" target="#tok_1551"/>
<rel id="rel_1552" xlink:href="#tok_1545" target="#tok_1552"/>
<rel id="rel_1553" xlink:href="#tok_1552" target="#tok_1553"/>
<rel id="rel_1554" xlink:href="#tok_1555" target="#tok_1554"/>
<rel id="rel_1555" xlink:href="#tok_1553" target="#tok_1555"/>
<rel id="rel_1556" xlink:href="#tok_1555" target="#tok_1556"/>
<rel id="rel_1557" xlink:href="#tok_1559" target="#tok_1557"/>
<rel id="rel_1558" xlink:href="#tok_1559" target="#tok_1558"/>
<rel id="rel_1559" xlink:href="#tok_1556" target="#tok_1559"/>
<rel id="rel_1560" xlink:href="#tok_1559" target="#tok_1560"/>
<rel id="rel_1561" xlink:href="#tok_1559" target="#tok_1561"/>
<rel id="rel_1562" xlink:href="#tok_1561" target="#tok_1562"/>
<rel id="rel_1564" xlink:href="#tok_1568" target="#tok_1564"/>
<rel id="rel_1565" xlink:href="#tok_1568" target="#tok_1565"/>
<rel id="rel_1566" xlink:href="#tok_1568" target="#tok_1566"/>
<rel id="rel_1567" xlink:href="#tok_1568" target="#tok_1567"/>
<rel id="rel_1571" xlink:href="#tok_1572" target="#tok_1571"/>
<rel id="rel_1573" xlink:href="#tok_1576" target="#tok_1573"/>
<rel id="rel_1574" xlink:href="#tok_1576" target="#tok_1574"/>
<rel id="rel_1575" xlink:href="#tok_1576" target="#tok_1575"/>
<rel id="rel_1576" xlink:href="#tok_1572" target="#tok_1576"/>
<rel id="rel_1577" xlink:href="#tok_1580" target="#tok_1577"/>
<rel id="rel_1578" xlink:href="#tok_1579" target="#tok_1578"/>
<rel id="rel_1579" xlink:href="#tok_1580" target="#tok_1579"/>
<rel id="rel_1580" xlink:href="#tok_1576" target="#tok_1580"/>
<rel id="rel_1581" xlink:href="#tok_1576" target="#tok_1581"/>
<rel id="rel_1582" xlink:href="#tok_1576" target="#tok_1582"/>
<rel id="rel_1583" xlink:href="#tok_1582" target="#tok_1583"/>
<rel id="rel_1585" xlink:href="#tok_1588" target="#tok_1585"/>
<rel id="rel_1586" xlink:href="#tok_1587" target="#tok_1586"/>
<rel id="rel_1587" xlink:href="#tok_1588" target="#tok_1587"/>
<rel id="rel_1588" xlink:href="#tok_1591" target="#tok_1588"/>
<rel id="rel_1589" xlink:href="#tok_1591" target="#tok_1589"/>
<rel id="rel_1590" xlink:href="#tok_1591" target="#tok_1590"/>
<rel id="rel_1592" xlink:href="#tok_1591" target="#tok_1592"/>
<rel id="rel_1593" xlink:href="#tok_1592" target="#tok_1593"/>
<rel id="rel_1594" xlink:href="#tok_1592" target="#tok_1594"/>
<rel id="rel_1595" xlink:href="#tok_1594" target="#tok_1595"/>
<rel id="rel_1597" xlink:href="#tok_1591" target="#tok_1597"/>
<rel id="rel_1598" xlink:href="#tok_1599" target="#tok_1598"/>
<rel id="rel_1599" xlink:href="#tok_1600" target="#tok_1599"/>
<rel id="rel_1600" xlink:href="#tok_1591" target="#tok_1600"/>
<rel id="rel_1601" xlink:href="#tok_1600" target="#tok_1601"/>
<rel id="rel_1602" xlink:href="#tok_1601" target="#tok_1602"/>
<rel id="rel_1603" xlink:href="#tok_1605" target="#tok_1603"/>
<rel id="rel_1604" xlink:href="#tok_1605" target="#tok_1604"/>
<rel id="rel_1605" xlink:href="#tok_1602" target="#tok_1605"/>
<rel id="rel_1606" xlink:href="#tok_1605" target="#tok_1606"/>
<rel id="rel_1607" xlink:href="#tok_1608" target="#tok_1607"/>
<rel id="rel_1608" xlink:href="#tok_1606" target="#tok_1608"/>
<rel id="rel_1611" xlink:href="#tok_1612" target="#tok_1611"/>
<rel id="rel_1612" xlink:href="#tok_1626" target="#tok_1612"/>
<rel id="rel_1613" xlink:href="#tok_1622" target="#tok_1613"/>
<rel id="rel_1614" xlink:href="#tok_1622" target="#tok_1614"/>
<rel id="rel_1615" xlink:href="#tok_1616" target="#tok_1615"/>
<rel id="rel_1616" xlink:href="#tok_1614" target="#tok_1616"/>
<rel id="rel_1617" xlink:href="#tok_1622" target="#tok_1617"/>
<rel id="rel_1618" xlink:href="#tok_1622" target="#tok_1618"/>
<rel id="rel_1619" xlink:href="#tok_1622" target="#tok_1619"/>
<rel id="rel_1620" xlink:href="#tok_1621" target="#tok_1620"/>
<rel id="rel_1621" xlink:href="#tok_1622" target="#tok_1621"/>
<rel id="rel_1622" xlink:href="#tok_1612" target="#tok_1622"/>
<rel id="rel_1625" xlink:href="#tok_1626" target="#tok_1625"/>
<rel id="rel_1629" xlink:href="#tok_1630" target="#tok_1629"/>
<rel id="rel_1631" xlink:href="#tok_1630" target="#tok_1631"/>
<rel id="rel_1632" xlink:href="#tok_1630" target="#tok_1632"/>
<rel id="rel_1635" xlink:href="#tok_1642" target="#tok_1635"/>
<rel id="rel_1636" xlink:href="#tok_1635" target="#tok_1636"/>
<rel id="rel_1637" xlink:href="#tok_1638" target="#tok_1637"/>
<rel id="rel_1638" xlink:href="#tok_1636" target="#tok_1638"/>
<rel id="rel_1639" xlink:href="#tok_1642" target="#tok_1639"/>
<rel id="rel_1640" xlink:href="#tok_1642" target="#tok_1640"/>
<rel id="rel_1641" xlink:href="#tok_1642" target="#tok_1641"/>
<rel id="rel_1643" xlink:href="#tok_1642" target="#tok_1643"/>
<rel id="rel_1644" xlink:href="#tok_1647" target="#tok_1644"/>
<rel id="rel_1645" xlink:href="#tok_1644" target="#tok_1645"/>
<rel id="rel_1646" xlink:href="#tok_1647" target="#tok_1646"/>
<rel id="rel_1647" xlink:href="#tok_1643" target="#tok_1647"/>
<rel id="rel_1649" xlink:href="#tok_1657" target="#tok_1649"/>
<rel id="rel_1650" xlink:href="#tok_1652" target="#tok_1650"/>
<rel id="rel_1651" xlink:href="#tok_1652" target="#tok_1651"/>
<rel id="rel_1652" xlink:href="#tok_1649" target="#tok_1652"/>
<rel id="rel_1653" xlink:href="#tok_1652" target="#tok_1653"/>
<rel id="rel_1654" xlink:href="#tok_1653" target="#tok_1654"/>
<rel id="rel_1656" xlink:href="#tok_1657" target="#tok_1656"/>
<rel id="rel_1658" xlink:href="#tok_1657" target="#tok_1658"/>
<rel id="rel_1659" xlink:href="#tok_1660" target="#tok_1659"/>
<rel id="rel_1660" xlink:href="#tok_1657" target="#tok_1660"/>
<rel id="rel_1661" xlink:href="#tok_1657" target="#tok_1661"/>
<rel id="rel_1662" xlink:href="#tok_1661" target="#tok_1662"/>
<rel id="rel_1664" xlink:href="#tok_1657" target="#tok_1664"/>
<rel id="rel_1665" xlink:href="#tok_1666" target="#tok_1665"/>
<rel id="rel_1666" xlink:href="#tok_1664" target="#tok_1666"/>
<rel id="rel_1667" xlink:href="#tok_1666" target="#tok_1667"/>
<rel id="rel_1668" xlink:href="#tok_1670" target="#tok_1668"/>
<rel id="rel_1669" xlink:href="#tok_1670" target="#tok_1669"/>
<rel id="rel_1670" xlink:href="#tok_1667" target="#tok_1670"/>
<rel id="rel_1672" xlink:href="#tok_1670" target="#tok_1672"/>
<rel id="rel_1673" xlink:href="#tok_1674" target="#tok_1673"/>
<rel id="rel_1674" xlink:href="#tok_1670" target="#tok_1674"/>
<rel id="rel_1675" xlink:href="#tok_1677" target="#tok_1675"/>
<rel id="rel_1676" xlink:href="#tok_1677" target="#tok_1676"/>
<rel id="rel_1677" xlink:href="#tok_1674" target="#tok_1677"/>
<rel id="rel_1679" xlink:href="#tok_1681" target="#tok_1679"/>
<rel id="rel_1680" xlink:href="#tok_1681" target="#tok_1680"/>
<rel id="rel_1681" xlink:href="#tok_1666" target="#tok_1681"/>
<rel id="rel_1682" xlink:href="#tok_1681" target="#tok_1682"/>
<rel id="rel_1683" xlink:href="#tok_1682" target="#tok_1683"/>
<rel id="rel_1685" xlink:href="#tok_1686" target="#tok_1685"/>
<rel id="rel_1687" xlink:href="#tok_1686" target="#tok_1687"/>
<rel id="rel_1688" xlink:href="#tok_1690" target="#tok_1688"/>
<rel id="rel_1689" xlink:href="#tok_1690" target="#tok_1689"/>
<rel id="rel_1690" xlink:href="#tok_1687" target="#tok_1690"/>
<rel id="rel_1691" xlink:href="#tok_1695" target="#tok_1691"/>
<rel id="rel_1692" xlink:href="#tok_1694" target="#tok_1692"/>
<rel id="rel_1693" xlink:href="#tok_1692" target="#tok_1693"/>
<rel id="rel_1694" xlink:href="#tok_1695" target="#tok_1694"/>
<rel id="rel_1695" xlink:href="#tok_1690" target="#tok_1695"/>
<rel id="rel_1696" xlink:href="#tok_1695" target="#tok_1696"/>
<rel id="rel_1698" xlink:href="#tok_1701" target="#tok_1698"/>
<rel id="rel_1700" xlink:href="#tok_1701" target="#tok_1700"/>
<rel id="rel_1701" xlink:href="#tok_1696" target="#tok_1701"/>
<rel id="rel_1702" xlink:href="#tok_1695" target="#tok_1702"/>
<rel id="rel_1703" xlink:href="#tok_1704" target="#tok_1703"/>
<rel id="rel_1704" xlink:href="#tok_1695" target="#tok_1704"/>
<rel id="rel_1705" xlink:href="#tok_1704" target="#tok_1705"/>
<rel id="rel_1706" xlink:href="#tok_1709" target="#tok_1706"/>
<rel id="rel_1707" xlink:href="#tok_1709" target="#tok_1707"/>
<rel id="rel_1709" xlink:href="#tok_1705" target="#tok_1709"/>
<rel id="rel_1712" xlink:href="#tok_1713" target="#tok_1712"/>
<rel id="rel_1713" xlink:href="#tok_1717" target="#tok_1713"/>
<rel id="rel_1714" xlink:href="#tok_1713" target="#tok_1714"/>
<rel id="rel_1715" xlink:href="#tok_1716" target="#tok_1715"/>
<rel id="rel_1716" xlink:href="#tok_1714" target="#tok_1716"/>
<rel id="rel_1718" xlink:href="#tok_1717" target="#tok_1718"/>
<rel id="rel_1719" xlink:href="#tok_1720" target="#tok_1719"/>
<rel id="rel_1720" xlink:href="#tok_1718" target="#tok_1720"/>
<rel id="rel_1721" xlink:href="#tok_1720" target="#tok_1721"/>
<rel id="rel_1722" xlink:href="#tok_1724" target="#tok_1722"/>
<rel id="rel_1723" xlink:href="#tok_1724" target="#tok_1723"/>
<rel id="rel_1724" xlink:href="#tok_1721" target="#tok_1724"/>
<rel id="rel_1726" xlink:href="#tok_1728" target="#tok_1726"/>
<rel id="rel_1727" xlink:href="#tok_1728" target="#tok_1727"/>
<rel id="rel_1728" xlink:href="#tok_1742" target="#tok_1728"/>
<rel id="rel_1729" xlink:href="#tok_1728" target="#tok_1729"/>
<rel id="rel_1730" xlink:href="#tok_1731" target="#tok_1730"/>
<rel id="rel_1731" xlink:href="#tok_1729" target="#tok_1731"/>
<rel id="rel_1733" xlink:href="#tok_1734" target="#tok_1733"/>
<rel id="rel_1734" xlink:href="#tok_1742" target="#tok_1734"/>
<rel id="rel_1735" xlink:href="#tok_1734" target="#tok_1735"/>
<rel id="rel_1736" xlink:href="#tok_1738" target="#tok_1736"/>
<rel id="rel_1737" xlink:href="#tok_1738" target="#tok_1737"/>
<rel id="rel_1738" xlink:href="#tok_1735" target="#tok_1738"/>
<rel id="rel_1740" xlink:href="#tok_1742" target="#tok_1740"/>
<rel id="rel_1741" xlink:href="#tok_1742" target="#tok_1741"/>
<rel id="rel_1743" xlink:href="#tok_1746" target="#tok_1743"/>
<rel id="rel_1744" xlink:href="#tok_1746" target="#tok_1744"/>
<rel id="rel_1745" xlink:href="#tok_1746" target="#tok_1745"/>
<rel id="rel_1746" xlink:href="#tok_1742" target="#tok_1746"/>
<rel id="rel_1747" xlink:href="#tok_1749" target="#tok_1747"/>
<rel id="rel_1748" xlink:href="#tok_1749" target="#tok_1748"/>
<rel id="rel_1749" xlink:href="#tok_1746" target="#tok_1749"/>
<rel id="rel_1750" xlink:href="#tok_1746" target="#tok_1750"/>
<rel id="rel_1751" xlink:href="#tok_1746" target="#tok_1751"/>
<rel id="rel_1752" xlink:href="#tok_1753" target="#tok_1752"/>
<rel id="rel_1753" xlink:href="#tok_1751" target="#tok_1753"/>
<rel id="rel_1754" xlink:href="#tok_1746" target="#tok_1754"/>
<rel id="rel_1755" xlink:href="#tok_1759" target="#tok_1755"/>
<rel id="rel_1756" xlink:href="#tok_1758" target="#tok_1756"/>
<rel id="rel_1757" xlink:href="#tok_1758" target="#tok_1757"/>
<rel id="rel_1758" xlink:href="#tok_1759" target="#tok_1758"/>
<rel id="rel_1759" xlink:href="#tok_1746" target="#tok_1759"/>
<rel id="rel_1761" xlink:href="#tok_1762" target="#tok_1761"/>
<rel id="rel_1762" xlink:href="#tok_1764" target="#tok_1762"/>
<rel id="rel_1763" xlink:href="#tok_1764" target="#tok_1763"/>
<rel id="rel_1765" xlink:href="#tok_1764" target="#tok_1765"/>
<rel id="rel_1766" xlink:href="#tok_1767" target="#tok_1766"/>
<rel id="rel_1767" xlink:href="#tok_1765" target="#tok_1767"/>
<rel id="rel_1768" xlink:href="#tok_1764" target="#tok_1768"/>
<rel id="rel_1769" xlink:href="#tok_1770" target="#tok_1769"/>
<rel id="rel_1770" xlink:href="#tok_1764" target="#tok_1770"/>
<rel id="rel_1771" xlink:href="#tok_1770" target="#tok_1771"/>
<rel id="rel_1772" xlink:href="#tok_1773" target="#tok_1772"/>
<rel id="rel_1773" xlink:href="#tok_1771" target="#tok_1773"/>
<rel id="rel_1774" xlink:href="#tok_1773" target="#tok_1774"/>
<rel id="rel_1775" xlink:href="#tok_1776" target="#tok_1775"/>
<rel id="rel_1776" xlink:href="#tok_1774" target="#tok_1776"/>
<rel id="rel_1778" xlink:href="#tok_1779" target="#tok_1778"/>
<rel id="rel_1779" xlink:href="#tok_1781" target="#tok_1779"/>
<rel id="rel_1780" xlink:href="#tok_1781" target="#tok_1780"/>
<rel id="rel_1782" xlink:href="#tok_1781" target="#tok_1782"/>
<rel id="rel_1783" xlink:href="#tok_1782" target="#tok_1783"/>
<rel id="rel_1784" xlink:href="#tok_1786" target="#tok_1784"/>
<rel id="rel_1785" xlink:href="#tok_1786" target="#tok_1785"/>
<rel id="rel_1786" xlink:href="#tok_1783" target="#tok_1786"/>
<rel id="rel_1787" xlink:href="#tok_1791" target="#tok_1787"/>
<rel id="rel_1788" xlink:href="#tok_1789" target="#tok_1788"/>
<rel id="rel_1789" xlink:href="#tok_1786" target="#tok_1789"/>
<rel id="rel_1790" xlink:href="#tok_1791" target="#tok_1790"/>
<rel id="rel_1791" xlink:href="#tok_1789" target="#tok_1791"/>
<rel id="rel_1793" xlink:href="#tok_1800" target="#tok_1793"/>
<rel id="rel_1794" xlink:href="#tok_1793" target="#tok_1794"/>
<rel id="rel_1796" xlink:href="#tok_1797" target="#tok_1796"/>
<rel id="rel_1797" xlink:href="#tok_1800" target="#tok_1797"/>
<rel id="rel_1798" xlink:href="#tok_1799" target="#tok_1798"/>
<rel id="rel_1799" xlink:href="#tok_1797" target="#tok_1799"/>
<rel id="rel_1801" xlink:href="#tok_1800" target="#tok_1801"/>
<rel id="rel_1802" xlink:href="#tok_1803" target="#tok_1802"/>
<rel id="rel_1803" xlink:href="#tok_1800" target="#tok_1803"/>
<rel id="rel_1804" xlink:href="#tok_1806" target="#tok_1804"/>
<rel id="rel_1805" xlink:href="#tok_1806" target="#tok_1805"/>
<rel id="rel_1806" xlink:href="#tok_1800" target="#tok_1806"/>
<rel id="rel_1807" xlink:href="#tok_1806" target="#tok_1807"/>
<rel id="rel_1808" xlink:href="#tok_1809" target="#tok_1808"/>
<rel id="rel_1809" xlink:href="#tok_1807" target="#tok_1809"/>
<rel id="rel_1810" xlink:href="#tok_1800" target="#tok_1810"/>
<rel id="rel_1811" xlink:href="#tok_1800" target="#tok_1811"/>
<rel id="rel_1812" xlink:href="#tok_1815" target="#tok_1812"/>
<rel id="rel_1813" xlink:href="#tok_1815" target="#tok_1813"/>
<rel id="rel_1814" xlink:href="#tok_1815" target="#tok_1814"/>
<rel id="rel_1815" xlink:href="#tok_1811" target="#tok_1815"/>
<rel id="rel_1816" xlink:href="#tok_1817" target="#tok_1816"/>
<rel id="rel_1817" xlink:href="#tok_1811" target="#tok_1817"/>
<rel id="rel_1818" xlink:href="#tok_1820" target="#tok_1818"/>
<rel id="rel_1819" xlink:href="#tok_1820" target="#tok_1819"/>
<rel id="rel_1820" xlink:href="#tok_1817" target="#tok_1820"/>
<rel id="rel_1821" xlink:href="#tok_1820" target="#tok_1821"/>
<rel id="rel_1822" xlink:href="#tok_1823" target="#tok_1822"/>
<rel id="rel_1823" xlink:href="#tok_1821" target="#tok_1823"/>
<rel id="rel_1825" xlink:href="#tok_1826" target="#tok_1825"/>
<rel id="rel_1826" xlink:href="#tok_1820" target="#tok_1826"/>
<rel id="rel_1827" xlink:href="#tok_1826" target="#tok_1827"/>
<rel id="rel_1828" xlink:href="#tok_1829" target="#tok_1828"/>
<rel id="rel_1829" xlink:href="#tok_1827" target="#tok_1829"/>
<rel id="rel_1831" xlink:href="#tok_1834" target="#tok_1831"/>
<rel id="rel_1832" xlink:href="#tok_1834" target="#tok_1832"/>
<rel id="rel_1833" xlink:href="#tok_1834" target="#tok_1833"/>
<rel id="rel_1835" xlink:href="#tok_1837" target="#tok_1835"/>
<rel id="rel_1836" xlink:href="#tok_1837" target="#tok_1836"/>
<rel id="rel_1837" xlink:href="#tok_1834" target="#tok_1837"/>
<rel id="rel_1838" xlink:href="#tok_1834" target="#tok_1838"/>
<rel id="rel_1839" xlink:href="#tok_1841" target="#tok_1839"/>
<rel id="rel_1840" xlink:href="#tok_1841" target="#tok_1840"/>
<rel id="rel_1841" xlink:href="#tok_1838" target="#tok_1841"/>
<rel id="rel_1842" xlink:href="#tok_1848" target="#tok_1842"/>
<rel id="rel_1843" xlink:href="#tok_1844" target="#tok_1843"/>
<rel id="rel_1844" xlink:href="#tok_1848" target="#tok_1844"/>
<rel id="rel_1845" xlink:href="#tok_1844" target="#tok_1845"/>
<rel id="rel_1846" xlink:href="#tok_1845" target="#tok_1846"/>
<rel id="rel_1847" xlink:href="#tok_1848" target="#tok_1847"/>
<rel id="rel_1848" xlink:href="#tok_1834" target="#tok_1848"/>
<rel id="rel_1849" xlink:href="#tok_1848" target="#tok_1849"/>
<rel id="rel_1850" xlink:href="#tok_1849" target="#tok_1850"/>
<rel id="rel_1851" xlink:href="#tok_1850" target="#tok_1851"/>
<rel id="rel_1852" xlink:href="#tok_1850" target="#tok_1852"/>
<rel id="rel_1854" xlink:href="#tok_1857" target="#tok_1854"/>
<rel id="rel_1855" xlink:href="#tok_1857" target="#tok_1855"/>
<rel id="rel_1856" xlink:href="#tok_1857" target="#tok_1856"/>
<rel id="rel_1858" xlink:href="#tok_1862" target="#tok_1858"/>
<rel id="rel_1859" xlink:href="#tok_1862" target="#tok_1859"/>
<rel id="rel_1860" xlink:href="#tok_1862" target="#tok_1860"/>
<rel id="rel_1861" xlink:href="#tok_1862" target="#tok_1861"/>
<rel id="rel_1862" xlink:href="#tok_1857" target="#tok_1862"/>
<rel id="rel_1864" xlink:href="#tok_1866" target="#tok_1864"/>
<rel id="rel_1865" xlink:href="#tok_1866" target="#tok_1865"/>
<rel id="rel_1866" xlink:href="#tok_1857" target="#tok_1866"/>
</relList>
</paula>
