<?xml version="1.0" standalone="no"?>

<!DOCTYPE paula SYSTEM "paula_feat.dtd">
<paula version="1.0">

<header paula_id="dep.GUM.GUM_news_warhol_dep_func"/>

<featList xmlns:xlink="http://www.w3.org/1999/xlink" type="func" xml:base="dep.GUM.GUM_news_warhol.dep.xml">
<feat xlink:href="#rel_1" value="poss"/> <!--Warhol -->
<feat xlink:href="#rel_2" value="possessive"/> <!--s -->
<feat xlink:href="#rel_3" value="nn"/> <!--photo -->
<feat xlink:href="#rel_5" value="vmod"/> <!--spread -->
<feat xlink:href="#rel_6" value="prep"/> <!--by -->
<feat xlink:href="#rel_7" value="nn"/> <!--university -->
<feat xlink:href="#rel_8" value="pobj"/> <!--exhibits -->
<feat xlink:href="#rel_11" value="nn"/> <!--January -->
<feat xlink:href="#rel_12" value="appos"/> <!--28 -->
<feat xlink:href="#rel_14" value="tmod"/> <!--2014 -->
<feat xlink:href="#rel_15" value="nn"/> <!--Portrait -->
<feat xlink:href="#rel_16" value="nsubj"/> <!--shot -->
<feat xlink:href="#rel_17" value="prep"/> <!--of -->
<feat xlink:href="#rel_18" value="nn"/> <!--Dennis -->
<feat xlink:href="#rel_19" value="pobj"/> <!--Hopper -->
<feat xlink:href="#rel_21" value="vmod"/> <!--famous -->
<feat xlink:href="#rel_22" value="prep"/> <!--for -->
<feat xlink:href="#rel_23" value="poss"/> <!--his -->
<feat xlink:href="#rel_24" value="pobj"/> <!--role -->
<feat xlink:href="#rel_25" value="prep"/> <!--in -->
<feat xlink:href="#rel_26" value="det"/> <!--the -->
<feat xlink:href="#rel_27" value="nn"/> <!--1969 -->
<feat xlink:href="#rel_28" value="pobj"/> <!--film -->
<feat xlink:href="#rel_29" value="amod"/> <!--Easy -->
<feat xlink:href="#rel_30" value="appos"/> <!--Rider -->
<feat xlink:href="#rel_33" value="det"/> <!--the -->
<feat xlink:href="#rel_34" value="nn"/> <!--Warhol -->
<feat xlink:href="#rel_35" value="pobj"/> <!--Polaroids -->
<feat xlink:href="#rel_36" value="vmod"/> <!--donated -->
<feat xlink:href="#rel_37" value="prep"/> <!--to -->
<feat xlink:href="#rel_38" value="pobj"/> <!--USI -->
<feat xlink:href="#rel_39" value="prep"/> <!--by -->
<feat xlink:href="#rel_40" value="det"/> <!--the -->
<feat xlink:href="#rel_41" value="nn"/> <!--Andy -->
<feat xlink:href="#rel_42" value="nn"/> <!--Warhol -->
<feat xlink:href="#rel_43" value="pobj"/> <!--Foundation -->
<feat xlink:href="#rel_44" value="prep"/> <!--for -->
<feat xlink:href="#rel_45" value="det"/> <!--the -->
<feat xlink:href="#rel_46" value="amod"/> <!--Visual -->
<feat xlink:href="#rel_47" value="pobj"/> <!--Arts -->
<feat xlink:href="#rel_49" value="nsubj"/> <!--Image -->
<feat xlink:href="#rel_51" value="nn"/> <!--Andy -->
<feat xlink:href="#rel_54" value="nn"/> <!--Opening -->
<feat xlink:href="#rel_57" value="nn"/> <!--January -->
<feat xlink:href="#rel_58" value="appos"/> <!--23 -->
<feat xlink:href="#rel_60" value="tmod"/> <!--2014 -->
<feat xlink:href="#rel_62" value="prep"/> <!--of -->
<feat xlink:href="#rel_63" value="det"/> <!--the -->
<feat xlink:href="#rel_64" value="nn"/> <!--Andy -->
<feat xlink:href="#rel_65" value="nn"/> <!--Warhol -->
<feat xlink:href="#rel_66" value="pobj"/> <!--exhibit -->
<feat xlink:href="#rel_67" value="prep"/> <!--of -->
<feat xlink:href="#rel_68" value="pobj"/> <!--Polaroids -->
<feat xlink:href="#rel_69" value="cc"/> <!--and -->
<feat xlink:href="#rel_70" value="nn"/> <!--screen -->
<feat xlink:href="#rel_71" value="conj"/> <!--prints -->
<feat xlink:href="#rel_72" value="prep"/> <!--at -->
<feat xlink:href="#rel_73" value="det"/> <!--the -->
<feat xlink:href="#rel_74" value="pobj"/> <!--University -->
<feat xlink:href="#rel_75" value="prep"/> <!--of -->
<feat xlink:href="#rel_76" value="amod"/> <!--Southern -->
<feat xlink:href="#rel_77" value="pobj"/> <!--Indiana -->
<feat xlink:href="#rel_79" value="nsubj"/> <!--Video -->
<feat xlink:href="#rel_82" value="cc"/> <!--&amp; -->
<feat xlink:href="#rel_83" value="conj"/> <!--Acphillips -->
<feat xlink:href="#rel_87" value="appos"/> <!--Indiana -->
<feat xlink:href="#rel_89" value="amod"/> <!--United -->
<feat xlink:href="#rel_90" value="appos"/> <!--States -->
<feat xlink:href="#rel_92" value="det"/> <!--This -->
<feat xlink:href="#rel_93" value="amod"/> <!--past -->
<feat xlink:href="#rel_94" value="nsubj"/> <!--week -->
<feat xlink:href="#rel_96" value="det"/> <!--the -->
<feat xlink:href="#rel_97" value="amod"/> <!--opening -->
<feat xlink:href="#rel_98" value="dobj"/> <!--night -->
<feat xlink:href="#rel_99" value="prep"/> <!--of -->
<feat xlink:href="#rel_100" value="det"/> <!--an -->
<feat xlink:href="#rel_101" value="nn"/> <!--Andy -->
<feat xlink:href="#rel_102" value="nn"/> <!--Warhol -->
<feat xlink:href="#rel_103" value="pobj"/> <!--exhibit -->
<feat xlink:href="#rel_104" value="prep"/> <!--at -->
<feat xlink:href="#rel_105" value="det"/> <!--the -->
<feat xlink:href="#rel_106" value="pobj"/> <!--University -->
<feat xlink:href="#rel_107" value="prep"/> <!--of -->
<feat xlink:href="#rel_108" value="amod"/> <!--Southern -->
<feat xlink:href="#rel_109" value="pobj"/> <!--Indiana -->
<feat xlink:href="#rel_111" value="poss"/> <!--USI -->
<feat xlink:href="#rel_112" value="possessive"/> <!--s -->
<feat xlink:href="#rel_113" value="nn"/> <!--art -->
<feat xlink:href="#rel_114" value="nsubj"/> <!--gallery -->
<feat xlink:href="#rel_116" value="prep"/> <!--like -->
<feat xlink:href="#rel_117" value="num"/> <!--189 -->
<feat xlink:href="#rel_118" value="amod"/> <!--other -->
<feat xlink:href="#rel_119" value="amod"/> <!--educational -->
<feat xlink:href="#rel_120" value="pobj"/> <!--galleries -->
<feat xlink:href="#rel_121" value="cc"/> <!--and -->
<feat xlink:href="#rel_122" value="conj"/> <!--museums -->
<feat xlink:href="#rel_123" value="prep"/> <!--around -->
<feat xlink:href="#rel_124" value="det"/> <!--the -->
<feat xlink:href="#rel_125" value="pobj"/> <!--country -->
<feat xlink:href="#rel_127" value="cop"/> <!--is -->
<feat xlink:href="#rel_128" value="det"/> <!--a -->
<feat xlink:href="#rel_130" value="prep"/> <!--of -->
<feat xlink:href="#rel_131" value="det"/> <!--a -->
<feat xlink:href="#rel_132" value="amod"/> <!--major -->
<feat xlink:href="#rel_133" value="nn"/> <!--Warhol -->
<feat xlink:href="#rel_134" value="nn"/> <!--donor -->
<feat xlink:href="#rel_135" value="pobj"/> <!--program -->
<feat xlink:href="#rel_137" value="cc"/> <!--and -->
<feat xlink:href="#rel_138" value="det"/> <!--this -->
<feat xlink:href="#rel_139" value="nsubj"/> <!--program -->
<feat xlink:href="#rel_140" value="aux"/> <!--is -->
<feat xlink:href="#rel_141" value="conj"/> <!--cultivating -->
<feat xlink:href="#rel_142" value="amod"/> <!--new -->
<feat xlink:href="#rel_143" value="dobj"/> <!--interest -->
<feat xlink:href="#rel_144" value="prep"/> <!--in -->
<feat xlink:href="#rel_145" value="poss"/> <!--Warhol -->
<feat xlink:href="#rel_146" value="possessive"/> <!--s -->
<feat xlink:href="#rel_147" value="amod"/> <!--photographic -->
<feat xlink:href="#rel_148" value="pobj"/> <!--legacy -->
<feat xlink:href="#rel_150" value="nn"/> <!--Wikinews -->
<feat xlink:href="#rel_151" value="nsubj"/> <!--reporters -->
<feat xlink:href="#rel_153" value="det"/> <!--the -->
<feat xlink:href="#rel_154" value="dobj"/> <!--opening -->
<feat xlink:href="#rel_155" value="cc"/> <!--and -->
<feat xlink:href="#rel_156" value="conj"/> <!--spoke -->
<feat xlink:href="#rel_157" value="prep"/> <!--to -->
<feat xlink:href="#rel_158" value="pobj"/> <!--donors -->
<feat xlink:href="#rel_160" value="nn"/> <!--exhibit -->
<feat xlink:href="#rel_161" value="conj"/> <!--organizers -->
<feat xlink:href="#rel_162" value="cc"/> <!--and -->
<feat xlink:href="#rel_163" value="conj"/> <!--patrons -->
<feat xlink:href="#rel_165" value="det"/> <!--The -->
<feat xlink:href="#rel_166" value="nn"/> <!--USI -->
<feat xlink:href="#rel_167" value="nn"/> <!--art -->
<feat xlink:href="#rel_168" value="nsubj"/> <!--gallery -->
<feat xlink:href="#rel_170" value="det"/> <!--the -->
<feat xlink:href="#rel_171" value="nn"/> <!--Thursday -->
<feat xlink:href="#rel_172" value="dobj"/> <!--opening -->
<feat xlink:href="#rel_173" value="prep"/> <!--with -->
<feat xlink:href="#rel_174" value="poss"/> <!--its -->
<feat xlink:href="#rel_175" value="pobj"/> <!--display -->
<feat xlink:href="#rel_176" value="prep"/> <!--of -->
<feat xlink:href="#rel_177" value="poss"/> <!--Warhol -->
<feat xlink:href="#rel_178" value="possessive"/> <!--s -->
<feat xlink:href="#rel_179" value="pobj"/> <!--Polaroids -->
<feat xlink:href="#rel_181" value="nn"/> <!--gelatin -->
<feat xlink:href="#rel_182" value="nn"/> <!--silver -->
<feat xlink:href="#rel_183" value="conj"/> <!--prints -->
<feat xlink:href="#rel_184" value="cc"/> <!--and -->
<feat xlink:href="#rel_185" value="amod"/> <!--several -->
<feat xlink:href="#rel_186" value="amod"/> <!--colored -->
<feat xlink:href="#rel_187" value="nn"/> <!--screen -->
<feat xlink:href="#rel_188" value="conj"/> <!--prints -->
<feat xlink:href="#rel_190" value="poss"/> <!--USI -->
<feat xlink:href="#rel_191" value="possessive"/> <!--s -->
<feat xlink:href="#rel_192" value="nsubj"/> <!--exhibit -->
<feat xlink:href="#rel_194" value="nsubjpass"/> <!--which -->
<feat xlink:href="#rel_195" value="auxpass"/> <!--is -->
<feat xlink:href="#rel_196" value="rcmod"/> <!--located -->
<feat xlink:href="#rel_197" value="prep"/> <!--in -->
<feat xlink:href="#rel_198" value="pobj"/> <!--Evansville -->
<feat xlink:href="#rel_200" value="appos"/> <!--Indiana -->
<feat xlink:href="#rel_203" value="aux"/> <!--to -->
<feat xlink:href="#rel_204" value="xcomp"/> <!--run -->
<feat xlink:href="#rel_205" value="prep"/> <!--from -->
<feat xlink:href="#rel_206" value="nn"/> <!--January -->
<feat xlink:href="#rel_207" value="pobj"/> <!--23 -->
<feat xlink:href="#rel_208" value="prep"/> <!--through -->
<feat xlink:href="#rel_209" value="nn"/> <!--March -->
<feat xlink:href="#rel_210" value="pobj"/> <!--9 -->
<feat xlink:href="#rel_212" value="amod"/> <!--Full -->
<feat xlink:href="#rel_214" value="prep"/> <!--with -->
<feat xlink:href="#rel_215" value="nn"/> <!--Kristin -->
<feat xlink:href="#rel_216" value="pobj"/> <!--Wilkins -->
<feat xlink:href="#rel_218" value="appos"/> <!--curator -->
<feat xlink:href="#rel_219" value="prep"/> <!--of -->
<feat xlink:href="#rel_220" value="det"/> <!--the -->
<feat xlink:href="#rel_221" value="pobj"/> <!--exhibition -->
<feat xlink:href="#rel_222" value="prep"/> <!--at -->
<feat xlink:href="#rel_223" value="det"/> <!--the -->
<feat xlink:href="#rel_224" value="pobj"/> <!--University -->
<feat xlink:href="#rel_225" value="prep"/> <!--of -->
<feat xlink:href="#rel_226" value="amod"/> <!--Southern -->
<feat xlink:href="#rel_227" value="pobj"/> <!--Indiana -->
<feat xlink:href="#rel_229" value="nsubj"/> <!--Audio -->
<feat xlink:href="#rel_233" value="det"/> <!--The -->
<feat xlink:href="#rel_234" value="nn"/> <!--McCutchan -->
<feat xlink:href="#rel_235" value="nn"/> <!--Art -->
<feat xlink:href="#rel_236" value="nsubj"/> <!--Center -->
<feat xlink:href="#rel_237" value="cc"/> <!--/ -->
<feat xlink:href="#rel_238" value="nn"/> <!--Pace -->
<feat xlink:href="#rel_239" value="conj"/> <!--Galleries -->
<feat xlink:href="#rel_240" value="prep"/> <!--at -->
<feat xlink:href="#rel_241" value="pobj"/> <!--USI -->
<feat xlink:href="#rel_243" value="poss"/> <!--its -->
<feat xlink:href="#rel_244" value="dobj"/> <!--exhibit -->
<feat xlink:href="#rel_245" value="prep"/> <!--around -->
<feat xlink:href="#rel_246" value="quantmod"/> <!--roughly -->
<feat xlink:href="#rel_247" value="num"/> <!--100 -->
<feat xlink:href="#rel_248" value="pobj"/> <!--Polaroids -->
<feat xlink:href="#rel_249" value="vmod"/> <!--selected -->
<feat xlink:href="#rel_250" value="prep"/> <!--from -->
<feat xlink:href="#rel_251" value="poss"/> <!--its -->
<feat xlink:href="#rel_252" value="pobj"/> <!--collection -->
<feat xlink:href="#rel_254" value="det"/> <!--The -->
<feat xlink:href="#rel_255" value="nsubjpass"/> <!--Polaroids -->
<feat xlink:href="#rel_256" value="auxpass"/> <!--were -->
<feat xlink:href="#rel_257" value="advmod"/> <!--all -->
<feat xlink:href="#rel_259" value="prep"/> <!--by -->
<feat xlink:href="#rel_260" value="det"/> <!--the -->
<feat xlink:href="#rel_261" value="nn"/> <!--Andy -->
<feat xlink:href="#rel_262" value="nn"/> <!--Warhol -->
<feat xlink:href="#rel_263" value="amod"/> <!--Photographic -->
<feat xlink:href="#rel_264" value="nn"/> <!--Legacy -->
<feat xlink:href="#rel_265" value="pobj"/> <!--Program -->
<feat xlink:href="#rel_267" value="mwe"/> <!--according -->
<feat xlink:href="#rel_268" value="prep"/> <!--to -->
<feat xlink:href="#rel_269" value="nn"/> <!--Kristen -->
<feat xlink:href="#rel_270" value="pobj"/> <!--Wilkins -->
<feat xlink:href="#rel_272" value="amod"/> <!--assistant -->
<feat xlink:href="#rel_273" value="appos"/> <!--professor -->
<feat xlink:href="#rel_274" value="prep"/> <!--of -->
<feat xlink:href="#rel_275" value="pobj"/> <!--photography -->
<feat xlink:href="#rel_276" value="cc"/> <!--and -->
<feat xlink:href="#rel_277" value="conj"/> <!--curator -->
<feat xlink:href="#rel_278" value="prep"/> <!--of -->
<feat xlink:href="#rel_279" value="det"/> <!--the -->
<feat xlink:href="#rel_280" value="pobj"/> <!--exhibit -->
<feat xlink:href="#rel_282" value="det"/> <!--The -->
<feat xlink:href="#rel_283" value="nn"/> <!--Andy -->
<feat xlink:href="#rel_284" value="nn"/> <!--Warhol -->
<feat xlink:href="#rel_285" value="nsubj"/> <!--Foundation -->
<feat xlink:href="#rel_286" value="prep"/> <!--for -->
<feat xlink:href="#rel_287" value="det"/> <!--the -->
<feat xlink:href="#rel_288" value="amod"/> <!--Visual -->
<feat xlink:href="#rel_289" value="pobj"/> <!--Arts -->
<feat xlink:href="#rel_291" value="num"/> <!--two -->
<feat xlink:href="#rel_292" value="dobj"/> <!--donations -->
<feat xlink:href="#rel_293" value="prep"/> <!--to -->
<feat xlink:href="#rel_294" value="nn"/> <!--USI -->
<feat xlink:href="#rel_295" value="nn"/> <!--Art -->
<feat xlink:href="#rel_296" value="pobj"/> <!--Collections -->
<feat xlink:href="#rel_298" value="appos"/> <!--in -->
<feat xlink:href="#rel_299" value="pobj"/> <!--2007 -->
<feat xlink:href="#rel_300" value="cc"/> <!--and -->
<feat xlink:href="#rel_301" value="det"/> <!--a -->
<feat xlink:href="#rel_302" value="conj"/> <!--second -->
<feat xlink:href="#rel_303" value="advmod"/> <!--recently -->
<feat xlink:href="#rel_305" value="nn"/> <!--Kathryn -->
<feat xlink:href="#rel_306" value="nsubj"/> <!--Waters -->
<feat xlink:href="#rel_308" value="appos"/> <!--director -->
<feat xlink:href="#rel_309" value="prep"/> <!--of -->
<feat xlink:href="#rel_310" value="det"/> <!--the -->
<feat xlink:href="#rel_311" value="pobj"/> <!--gallery -->
<feat xlink:href="#rel_314" value="dobj"/> <!--interest -->
<feat xlink:href="#rel_315" value="prep"/> <!--in -->
<feat xlink:href="#rel_316" value="amod"/> <!--further -->
<feat xlink:href="#rel_317" value="pobj"/> <!--donations -->
<feat xlink:href="#rel_318" value="prep"/> <!--from -->
<feat xlink:href="#rel_319" value="det"/> <!--the -->
<feat xlink:href="#rel_320" value="pobj"/> <!--foundation -->
<feat xlink:href="#rel_321" value="prep"/> <!--in -->
<feat xlink:href="#rel_322" value="det"/> <!--the -->
<feat xlink:href="#rel_323" value="pobj"/> <!--future -->
<feat xlink:href="#rel_325" value="prep"/> <!--Since -->
<feat xlink:href="#rel_326" value="pobj"/> <!--2007 -->
<feat xlink:href="#rel_327" value="det"/> <!--the -->
<feat xlink:href="#rel_328" value="nn"/> <!--Andy -->
<feat xlink:href="#rel_329" value="nn"/> <!--Warhol -->
<feat xlink:href="#rel_330" value="amod"/> <!--Photographic -->
<feat xlink:href="#rel_331" value="nn"/> <!--Legacy -->
<feat xlink:href="#rel_332" value="nsubj"/> <!--Program -->
<feat xlink:href="#rel_333" value="aux"/> <!--has -->
<feat xlink:href="#rel_335" value="nn"/> <!--university -->
<feat xlink:href="#rel_336" value="nn"/> <!--art -->
<feat xlink:href="#rel_337" value="dobj"/> <!--galleries -->
<feat xlink:href="#rel_338" value="prep"/> <!--throughout -->
<feat xlink:href="#rel_339" value="det"/> <!--the -->
<feat xlink:href="#rel_340" value="amod"/> <!--United -->
<feat xlink:href="#rel_341" value="pobj"/> <!--States -->
<feat xlink:href="#rel_342" value="prep"/> <!--with -->
<feat xlink:href="#rel_343" value="quantmod"/> <!--over -->
<feat xlink:href="#rel_344" value="num"/> <!--28000 -->
<feat xlink:href="#rel_345" value="nn"/> <!--Andy -->
<feat xlink:href="#rel_346" value="nn"/> <!--Warhol -->
<feat xlink:href="#rel_347" value="pobj"/> <!--photographs -->
<feat xlink:href="#rel_348" value="cc"/> <!--and -->
<feat xlink:href="#rel_349" value="amod"/> <!--other -->
<feat xlink:href="#rel_350" value="conj"/> <!--artifacts -->
<feat xlink:href="#rel_352" value="det"/> <!--The -->
<feat xlink:href="#rel_353" value="nsubj"/> <!--program -->
<feat xlink:href="#rel_355" value="det"/> <!--a -->
<feat xlink:href="#rel_356" value="amod"/> <!--decentralized -->
<feat xlink:href="#rel_357" value="dobj"/> <!--approach -->
<feat xlink:href="#rel_358" value="prep"/> <!--to -->
<feat xlink:href="#rel_359" value="poss"/> <!--Warhol -->
<feat xlink:href="#rel_360" value="possessive"/> <!--s -->
<feat xlink:href="#rel_361" value="nn"/> <!--photography -->
<feat xlink:href="#rel_362" value="pobj"/> <!--collection -->
<feat xlink:href="#rel_363" value="cc"/> <!--and -->
<feat xlink:href="#rel_364" value="conj"/> <!--encourages -->
<feat xlink:href="#rel_365" value="nn"/> <!--university -->
<feat xlink:href="#rel_366" value="nn"/> <!--art -->
<feat xlink:href="#rel_367" value="nsubj"/> <!--galleries -->
<feat xlink:href="#rel_368" value="aux"/> <!--to -->
<feat xlink:href="#rel_369" value="advmod"/> <!--regularly -->
<feat xlink:href="#rel_370" value="xcomp"/> <!--disseminate -->
<feat xlink:href="#rel_371" value="cc"/> <!--and -->
<feat xlink:href="#rel_372" value="conj"/> <!--educate -->
<feat xlink:href="#rel_373" value="dobj"/> <!--audiences -->
<feat xlink:href="#rel_374" value="prep"/> <!--about -->
<feat xlink:href="#rel_375" value="poss"/> <!--Warhol -->
<feat xlink:href="#rel_376" value="possessive"/> <!--s -->
<feat xlink:href="#rel_377" value="amod"/> <!--artistic -->
<feat xlink:href="#rel_378" value="pobj"/> <!--vision -->
<feat xlink:href="#rel_380" value="advmod"/> <!--especially -->
<feat xlink:href="#rel_381" value="prep"/> <!--in -->
<feat xlink:href="#rel_382" value="det"/> <!--the -->
<feat xlink:href="#rel_383" value="pobj"/> <!--area -->
<feat xlink:href="#rel_384" value="prep"/> <!--of -->
<feat xlink:href="#rel_385" value="pobj"/> <!--photography -->
<feat xlink:href="#rel_387" value="nn"/> <!--University -->
<feat xlink:href="#rel_389" value="nn"/> <!--Kristen -->
<feat xlink:href="#rel_392" value="appos"/> <!--curator -->
<feat xlink:href="#rel_393" value="prep"/> <!--of -->
<feat xlink:href="#rel_395" value="nn"/> <!--Andy -->
<feat xlink:href="#rel_396" value="pobj"/> <!--Warhol -->
<feat xlink:href="#rel_398" value="dep"/> <!--Photographs -->
<feat xlink:href="#rel_399" value="cc"/> <!--and -->
<feat xlink:href="#rel_400" value="conj"/> <!--Prints -->
<feat xlink:href="#rel_401" value="prep"/> <!--from -->
<feat xlink:href="#rel_402" value="det"/> <!--the -->
<feat xlink:href="#rel_403" value="nn"/> <!--University -->
<feat xlink:href="#rel_404" value="pobj"/> <!--Collection -->
<feat xlink:href="#rel_406" value="prep"/> <!--at -->
<feat xlink:href="#rel_407" value="det"/> <!--the -->
<feat xlink:href="#rel_408" value="pobj"/> <!--University -->
<feat xlink:href="#rel_409" value="prep"/> <!--of -->
<feat xlink:href="#rel_410" value="amod"/> <!--Southern -->
<feat xlink:href="#rel_411" value="pobj"/> <!--Indiana -->
<feat xlink:href="#rel_413" value="nn"/> <!--January -->
<feat xlink:href="#rel_414" value="tmod"/> <!--23 -->
<feat xlink:href="#rel_415" value="prep"/> <!--- -->
<feat xlink:href="#rel_416" value="nn"/> <!--March -->
<feat xlink:href="#rel_417" value="pobj"/> <!--9 -->
<feat xlink:href="#rel_418" value="tmod"/> <!--2014 -->
<feat xlink:href="#rel_420" value="nsubj"/> <!--Image -->
<feat xlink:href="#rel_424" value="nsubj"/> <!--Wikinews -->
<feat xlink:href="#rel_426" value="amod"/> <!--additional -->
<feat xlink:href="#rel_427" value="dobj"/> <!--video -->
<feat xlink:href="#rel_429" value="conj"/> <!--audio -->
<feat xlink:href="#rel_430" value="cc"/> <!--and -->
<feat xlink:href="#rel_431" value="conj"/> <!--photographs -->
<feat xlink:href="#rel_432" value="mark"/> <!--so -->
<feat xlink:href="#rel_433" value="poss"/> <!--our -->
<feat xlink:href="#rel_434" value="nsubj"/> <!--readers -->
<feat xlink:href="#rel_435" value="aux"/> <!--may -->
<feat xlink:href="#rel_436" value="advcl"/> <!--learn -->
<feat xlink:href="#rel_437" value="dobj"/> <!--more -->
<feat xlink:href="#rel_439" value="nsubj"/> <!--Wilkins -->
<feat xlink:href="#rel_441" value="mark"/> <!--that -->
<feat xlink:href="#rel_442" value="det"/> <!--the -->
<feat xlink:href="#rel_443" value="nn"/> <!--2007 -->
<feat xlink:href="#rel_444" value="nn"/> <!--starting -->
<feat xlink:href="#rel_445" value="nsubj"/> <!--date -->
<feat xlink:href="#rel_446" value="prep"/> <!--of -->
<feat xlink:href="#rel_447" value="det"/> <!--the -->
<feat xlink:href="#rel_448" value="nn"/> <!--donation -->
<feat xlink:href="#rel_449" value="pobj"/> <!--program -->
<feat xlink:href="#rel_451" value="nsubj"/> <!--which -->
<feat xlink:href="#rel_452" value="cop"/> <!--is -->
<feat xlink:href="#rel_453" value="rcmod"/> <!--part -->
<feat xlink:href="#rel_454" value="prep"/> <!--of -->
<feat xlink:href="#rel_455" value="det"/> <!--the -->
<feat xlink:href="#rel_456" value="nn"/> <!--Andy -->
<feat xlink:href="#rel_457" value="nn"/> <!--Warhol -->
<feat xlink:href="#rel_458" value="pobj"/> <!--Foundation -->
<feat xlink:href="#rel_459" value="prep"/> <!--for -->
<feat xlink:href="#rel_460" value="det"/> <!--the -->
<feat xlink:href="#rel_461" value="amod"/> <!--Visual -->
<feat xlink:href="#rel_462" value="pobj"/> <!--Arts -->
<feat xlink:href="#rel_464" value="ccomp"/> <!--coincided -->
<feat xlink:href="#rel_465" value="prep"/> <!--with -->
<feat xlink:href="#rel_466" value="det"/> <!--the -->
<feat xlink:href="#rel_467" value="amod"/> <!--20th -->
<feat xlink:href="#rel_468" value="pobj"/> <!--anniversary -->
<feat xlink:href="#rel_469" value="prep"/> <!--of -->
<feat xlink:href="#rel_470" value="nn"/> <!--Andy -->
<feat xlink:href="#rel_471" value="poss"/> <!--Warhol -->
<feat xlink:href="#rel_472" value="possessive"/> <!--s -->
<feat xlink:href="#rel_473" value="pobj"/> <!--death -->
<feat xlink:href="#rel_474" value="prep"/> <!--in -->
<feat xlink:href="#rel_475" value="pobj"/> <!--1987 -->
<feat xlink:href="#rel_477" value="nsubj"/> <!--USI -->
<feat xlink:href="#rel_478" value="cop"/> <!--was -->
<feat xlink:href="#rel_479" value="neg"/> <!--not -->
<feat xlink:href="#rel_481" value="prep"/> <!--in -->
<feat xlink:href="#rel_482" value="pcomp"/> <!--receiving -->
<feat xlink:href="#rel_483" value="det"/> <!--a -->
<feat xlink:href="#rel_484" value="dobj"/> <!--donation -->
<feat xlink:href="#rel_486" value="nn"/> <!--K.C. -->
<feat xlink:href="#rel_487" value="nsubj"/> <!--Maurer -->
<feat xlink:href="#rel_489" value="amod"/> <!--chief -->
<feat xlink:href="#rel_490" value="amod"/> <!--financial -->
<feat xlink:href="#rel_491" value="appos"/> <!--officer -->
<feat xlink:href="#rel_492" value="cc"/> <!--and -->
<feat xlink:href="#rel_493" value="conj"/> <!--treasurer -->
<feat xlink:href="#rel_494" value="prep"/> <!--at -->
<feat xlink:href="#rel_495" value="det"/> <!--the -->
<feat xlink:href="#rel_496" value="nn"/> <!--Andy -->
<feat xlink:href="#rel_497" value="nn"/> <!--Warhol -->
<feat xlink:href="#rel_498" value="pobj"/> <!--Foundation -->
<feat xlink:href="#rel_501" value="num"/> <!--500 -->
<feat xlink:href="#rel_502" value="nsubj"/> <!--institutions -->
<feat xlink:href="#rel_503" value="ccomp"/> <!--received -->
<feat xlink:href="#rel_504" value="det"/> <!--the -->
<feat xlink:href="#rel_505" value="amod"/> <!--initial -->
<feat xlink:href="#rel_506" value="dobj"/> <!--invitation -->
<feat xlink:href="#rel_507" value="cc"/> <!--and -->
<feat xlink:href="#rel_508" value="advmod"/> <!--currently -->
<feat xlink:href="#rel_509" value="num"/> <!--190 -->
<feat xlink:href="#rel_510" value="nsubj"/> <!--universities -->
<feat xlink:href="#rel_511" value="aux"/> <!--have -->
<feat xlink:href="#rel_512" value="conj"/> <!--accepted -->
<feat xlink:href="#rel_513" value="num"/> <!--one -->
<feat xlink:href="#rel_514" value="cc"/> <!--or -->
<feat xlink:href="#rel_515" value="conj"/> <!--more -->
<feat xlink:href="#rel_516" value="dobj"/> <!--donations -->
<feat xlink:href="#rel_518" value="amod"/> <!--Institutional -->
<feat xlink:href="#rel_519" value="nsubj"/> <!--recipients -->
<feat xlink:href="#rel_521" value="discourse"/> <!--said -->
<feat xlink:href="#rel_522" value="nsubj"/> <!--Mauer -->
<feat xlink:href="#rel_524" value="auxpass"/> <!--are -->
<feat xlink:href="#rel_526" value="aux"/> <!--to -->
<feat xlink:href="#rel_527" value="xcomp"/> <!--exhibit -->
<feat xlink:href="#rel_528" value="poss"/> <!--their -->
<feat xlink:href="#rel_529" value="amod"/> <!--donated -->
<feat xlink:href="#rel_530" value="nn"/> <!--Warhol -->
<feat xlink:href="#rel_531" value="dobj"/> <!--photographs -->
<feat xlink:href="#rel_532" value="quantmod"/> <!--every -->
<feat xlink:href="#rel_533" value="num"/> <!--ten -->
<feat xlink:href="#rel_534" value="npadvmod"/> <!--years -->
<feat xlink:href="#rel_535" value="prep"/> <!--as -->
<feat xlink:href="#rel_536" value="num"/> <!--one -->
<feat xlink:href="#rel_537" value="pobj"/> <!--stipulation -->
<feat xlink:href="#rel_539" value="mark"/> <!--While -->
<feat xlink:href="#rel_540" value="nsubj"/> <!--USI -->
<feat xlink:href="#rel_541" value="aux"/> <!--is -->
<feat xlink:href="#rel_542" value="advcl"/> <!--holding -->
<feat xlink:href="#rel_543" value="poss"/> <!--its -->
<feat xlink:href="#rel_544" value="dobj"/> <!--exhibit -->
<feat xlink:href="#rel_546" value="expl"/> <!--there -->
<feat xlink:href="#rel_548" value="advmod"/> <!--also -->
<feat xlink:href="#rel_549" value="nn"/> <!--Warhol -->
<feat xlink:href="#rel_550" value="nn"/> <!--Polaroid -->
<feat xlink:href="#rel_551" value="nsubj"/> <!--exhibits -->
<feat xlink:href="#rel_552" value="prep"/> <!--at -->
<feat xlink:href="#rel_553" value="det"/> <!--the -->
<feat xlink:href="#rel_554" value="nn"/> <!--Tang -->
<feat xlink:href="#rel_555" value="nn"/> <!--Teaching -->
<feat xlink:href="#rel_556" value="pobj"/> <!--Museum -->
<feat xlink:href="#rel_557" value="cc"/> <!--and -->
<feat xlink:href="#rel_558" value="nn"/> <!--Art -->
<feat xlink:href="#rel_559" value="conj"/> <!--Gallery -->
<feat xlink:href="#rel_560" value="prep"/> <!--at -->
<feat xlink:href="#rel_561" value="nn"/> <!--Skidmore -->
<feat xlink:href="#rel_562" value="pobj"/> <!--College -->
<feat xlink:href="#rel_563" value="prep"/> <!--in -->
<feat xlink:href="#rel_564" value="nn"/> <!--Saratoga -->
<feat xlink:href="#rel_565" value="pobj"/> <!--Springs -->
<feat xlink:href="#rel_567" value="nn"/> <!--New -->
<feat xlink:href="#rel_568" value="appos"/> <!--York -->
<feat xlink:href="#rel_569" value="cc"/> <!--and -->
<feat xlink:href="#rel_570" value="det"/> <!--an -->
<feat xlink:href="#rel_571" value="nn"/> <!--Edward -->
<feat xlink:href="#rel_572" value="nn"/> <!--Steichen -->
<feat xlink:href="#rel_573" value="cc"/> <!--and -->
<feat xlink:href="#rel_574" value="nn"/> <!--Andy -->
<feat xlink:href="#rel_575" value="conj"/> <!--Warhol -->
<feat xlink:href="#rel_576" value="conj"/> <!--exhibit -->
<feat xlink:href="#rel_577" value="prep"/> <!--at -->
<feat xlink:href="#rel_578" value="det"/> <!--the -->
<feat xlink:href="#rel_579" value="nn"/> <!--Mary -->
<feat xlink:href="#rel_580" value="cc"/> <!--&amp; -->
<feat xlink:href="#rel_581" value="conj"/> <!--Leigh -->
<feat xlink:href="#rel_582" value="nn"/> <!--Block -->
<feat xlink:href="#rel_583" value="pobj"/> <!--Museum -->
<feat xlink:href="#rel_584" value="prep"/> <!--of -->
<feat xlink:href="#rel_585" value="pobj"/> <!--Art -->
<feat xlink:href="#rel_586" value="prep"/> <!--at -->
<feat xlink:href="#rel_587" value="nn"/> <!--Northwestern -->
<feat xlink:href="#rel_588" value="pobj"/> <!--University -->
<feat xlink:href="#rel_589" value="prep"/> <!--in -->
<feat xlink:href="#rel_590" value="pobj"/> <!--Evanston -->
<feat xlink:href="#rel_592" value="appos"/> <!--Illinois -->
<feat xlink:href="#rel_594" value="nsubj"/> <!--All -->
<feat xlink:href="#rel_595" value="aux"/> <!--have -->
<feat xlink:href="#rel_597" value="dobj"/> <!--Polaroids -->
<feat xlink:href="#rel_598" value="prep"/> <!--from -->
<feat xlink:href="#rel_599" value="det"/> <!--the -->
<feat xlink:href="#rel_600" value="pobj"/> <!--foundation -->
<feat xlink:href="#rel_602" value="nn"/> <!--University -->
<feat xlink:href="#rel_603" value="nsubj"/> <!--exhibits -->
<feat xlink:href="#rel_604" value="aux"/> <!--can -->
<feat xlink:href="#rel_606" value="prt"/> <!--out -->
<feat xlink:href="#rel_607" value="cc"/> <!--and -->
<feat xlink:href="#rel_608" value="conj"/> <!--attract -->
<feat xlink:href="#rel_609" value="amod"/> <!--large -->
<feat xlink:href="#rel_610" value="dobj"/> <!--audiences -->
<feat xlink:href="#rel_612" value="prep"/> <!--For -->
<feat xlink:href="#rel_613" value="pobj"/> <!--example -->
<feat xlink:href="#rel_615" value="det"/> <!--the -->
<feat xlink:href="#rel_616" value="nn"/> <!--Weatherspoon -->
<feat xlink:href="#rel_617" value="nn"/> <!--Art -->
<feat xlink:href="#rel_618" value="nsubj"/> <!--Museum -->
<feat xlink:href="#rel_619" value="prep"/> <!--at -->
<feat xlink:href="#rel_620" value="det"/> <!--the -->
<feat xlink:href="#rel_621" value="pobj"/> <!--University -->
<feat xlink:href="#rel_622" value="prep"/> <!--of -->
<feat xlink:href="#rel_623" value="amod"/> <!--North -->
<feat xlink:href="#rel_624" value="pobj"/> <!--Carolina -->
<feat xlink:href="#rel_625" value="prep"/> <!--at -->
<feat xlink:href="#rel_626" value="pobj"/> <!--Greensboro -->
<feat xlink:href="#rel_628" value="nn"/> <!--attendance -->
<feat xlink:href="#rel_629" value="nsubj"/> <!--levels -->
<feat xlink:href="#rel_630" value="ccomp"/> <!--reach -->
<feat xlink:href="#rel_631" value="num"/> <!--11000 -->
<feat xlink:href="#rel_632" value="dobj"/> <!--visitors -->
<feat xlink:href="#rel_633" value="advmod"/> <!--when -->
<feat xlink:href="#rel_634" value="nsubj"/> <!--it -->
<feat xlink:href="#rel_635" value="advcl"/> <!--exhibited -->
<feat xlink:href="#rel_636" value="poss"/> <!--its -->
<feat xlink:href="#rel_637" value="nn"/> <!--Warhol -->
<feat xlink:href="#rel_638" value="dobj"/> <!--collection -->
<feat xlink:href="#rel_639" value="prep"/> <!--in -->
<feat xlink:href="#rel_640" value="pobj"/> <!--2010 -->
<feat xlink:href="#rel_642" value="mwe"/> <!--according -->
<feat xlink:href="#rel_643" value="prep"/> <!--to -->
<feat xlink:href="#rel_644" value="nn"/> <!--curator -->
<feat xlink:href="#rel_645" value="nn"/> <!--Elaine -->
<feat xlink:href="#rel_646" value="pobj"/> <!--Gustafon -->
<feat xlink:href="#rel_648" value="det"/> <!--That -->
<feat xlink:href="#rel_649" value="nsubj"/> <!--exhibit -->
<feat xlink:href="#rel_650" value="cop"/> <!--was -->
<feat xlink:href="#rel_652" value="prep"/> <!--of -->
<feat xlink:href="#rel_653" value="det"/> <!--a -->
<feat xlink:href="#rel_654" value="pobj"/> <!--collaboration -->
<feat xlink:href="#rel_655" value="vmod"/> <!--combining -->
<feat xlink:href="#rel_656" value="det"/> <!--the -->
<feat xlink:href="#rel_657" value="dobj"/> <!--collections -->
<feat xlink:href="#rel_658" value="prep"/> <!--from -->
<feat xlink:href="#rel_659" value="nn"/> <!--Duke -->
<feat xlink:href="#rel_660" value="pobj"/> <!--University -->
<feat xlink:href="#rel_662" value="vmod"/> <!--located -->
<feat xlink:href="#rel_663" value="prep"/> <!--in -->
<feat xlink:href="#rel_664" value="pobj"/> <!--Durham -->
<feat xlink:href="#rel_666" value="amod"/> <!--North -->
<feat xlink:href="#rel_667" value="appos"/> <!--Carolina -->
<feat xlink:href="#rel_669" value="cc"/> <!--and -->
<feat xlink:href="#rel_670" value="conj"/> <!--University -->
<feat xlink:href="#rel_671" value="prep"/> <!--of -->
<feat xlink:href="#rel_672" value="amod"/> <!--North -->
<feat xlink:href="#rel_673" value="pobj"/> <!--Carolina -->
<feat xlink:href="#rel_674" value="prep"/> <!--at -->
<feat xlink:href="#rel_675" value="nn"/> <!--Chapel -->
<feat xlink:href="#rel_676" value="pobj"/> <!--Hill -->
<feat xlink:href="#rel_678" value="nsubj"/> <!--which -->
<feat xlink:href="#rel_679" value="advmod"/> <!--also -->
<feat xlink:href="#rel_680" value="cop"/> <!--were -->
<feat xlink:href="#rel_681" value="rcmod"/> <!--recipients -->
<feat xlink:href="#rel_682" value="prep"/> <!--of -->
<feat xlink:href="#rel_683" value="amod"/> <!--donated -->
<feat xlink:href="#rel_684" value="pobj"/> <!--items -->
<feat xlink:href="#rel_685" value="prep"/> <!--from -->
<feat xlink:href="#rel_686" value="det"/> <!--the -->
<feat xlink:href="#rel_687" value="nn"/> <!--Andy -->
<feat xlink:href="#rel_688" value="nn"/> <!--Warhol -->
<feat xlink:href="#rel_689" value="amod"/> <!--Photographic -->
<feat xlink:href="#rel_690" value="nn"/> <!--Legacy -->
<feat xlink:href="#rel_691" value="pobj"/> <!--Program -->
<feat xlink:href="#rel_694" value="det"/> <!--Each -->
<feat xlink:href="#rel_695" value="nsubj"/> <!--collection -->
<feat xlink:href="#rel_696" value="vmod"/> <!--donated -->
<feat xlink:href="#rel_697" value="prep"/> <!--by -->
<feat xlink:href="#rel_698" value="det"/> <!--the -->
<feat xlink:href="#rel_699" value="nn"/> <!--Andy -->
<feat xlink:href="#rel_700" value="nn"/> <!--Warhol -->
<feat xlink:href="#rel_701" value="amod"/> <!--Photographic -->
<feat xlink:href="#rel_702" value="nn"/> <!--Legacy -->
<feat xlink:href="#rel_703" value="pobj"/> <!--Program -->
<feat xlink:href="#rel_705" value="dobj"/> <!--Polaroids -->
<feat xlink:href="#rel_706" value="prep"/> <!--of -->
<feat xlink:href="#rel_707" value="amod"/> <!--well-known -->
<feat xlink:href="#rel_708" value="pobj"/> <!--celebrities -->
<feat xlink:href="#rel_710" value="det"/> <!--The -->
<feat xlink:href="#rel_711" value="amod"/> <!--successful -->
<feat xlink:href="#rel_712" value="nn"/> <!--UNC -->
<feat xlink:href="#rel_713" value="nn"/> <!--Greensboro -->
<feat xlink:href="#rel_714" value="nsubj"/> <!--exhibit -->
<feat xlink:href="#rel_716" value="dobj"/> <!--Polaroids -->
<feat xlink:href="#rel_717" value="prep"/> <!--of -->
<feat xlink:href="#rel_718" value="nn"/> <!--author -->
<feat xlink:href="#rel_719" value="nn"/> <!--Truman -->
<feat xlink:href="#rel_720" value="pobj"/> <!--Capote -->
<feat xlink:href="#rel_721" value="cc"/> <!--and -->
<feat xlink:href="#rel_722" value="nn"/> <!--singer-songwriter -->
<feat xlink:href="#rel_723" value="nn"/> <!--Carly -->
<feat xlink:href="#rel_724" value="conj"/> <!--Simon -->
<feat xlink:href="#rel_727" value="nsubj"/> <!--I -->
<feat xlink:href="#rel_728" value="ccomp"/> <!--think -->
<feat xlink:href="#rel_729" value="poss"/> <!--America -->
<feat xlink:href="#rel_730" value="possessive"/> <!--s -->
<feat xlink:href="#rel_731" value="nsubj"/> <!--obsession -->
<feat xlink:href="#rel_732" value="prep"/> <!--with -->
<feat xlink:href="#rel_733" value="nn"/> <!--celebrity -->
<feat xlink:href="#rel_734" value="pobj"/> <!--culture -->
<feat xlink:href="#rel_735" value="cop"/> <!--is -->
<feat xlink:href="#rel_736" value="advmod"/> <!--as -->
<feat xlink:href="#rel_737" value="ccomp"/> <!--strong -->
<feat xlink:href="#rel_738" value="advmod"/> <!--today -->
<feat xlink:href="#rel_739" value="mark"/> <!--as -->
<feat xlink:href="#rel_740" value="nsubj"/> <!--it -->
<feat xlink:href="#rel_741" value="advcl"/> <!--was -->
<feat xlink:href="#rel_742" value="advmod"/> <!--when -->
<feat xlink:href="#rel_743" value="nsubj"/> <!--Warhol -->
<feat xlink:href="#rel_744" value="advcl"/> <!--was -->
<feat xlink:href="#rel_745" value="xcomp"/> <!--living -->
<feat xlink:href="#rel_749" value="nsubj"/> <!--Gustafon -->
<feat xlink:href="#rel_752" value="nsubjpass"/> <!--People -->
<feat xlink:href="#rel_753" value="auxpass"/> <!--are -->
<feat xlink:href="#rel_754" value="advmod"/> <!--still -->
<feat xlink:href="#rel_756" value="prep"/> <!--by -->
<feat xlink:href="#rel_757" value="advmod"/> <!--how -->
<feat xlink:href="#rel_758" value="nsubj"/> <!--stars -->
<feat xlink:href="#rel_759" value="pcomp"/> <!--live -->
<feat xlink:href="#rel_761" value="conj"/> <!--dress -->
<feat xlink:href="#rel_762" value="cc"/> <!--and -->
<feat xlink:href="#rel_763" value="conj"/> <!--socialize -->
<feat xlink:href="#rel_765" value="mark"/> <!--since -->
<feat xlink:href="#rel_766" value="nsubj"/> <!--it -->
<feat xlink:href="#rel_767" value="cop"/> <!--is -->
<feat xlink:href="#rel_768" value="advmod"/> <!--so -->
<feat xlink:href="#rel_769" value="advcl"/> <!--different -->
<feat xlink:href="#rel_770" value="prep"/> <!--from -->
<feat xlink:href="#rel_771" value="amod"/> <!--most -->
<feat xlink:href="#rel_772" value="poss"/> <!--people -->
<feat xlink:href="#rel_773" value="possessive"/> <!--s -->
<feat xlink:href="#rel_774" value="det"/> <!--every -->
<feat xlink:href="#rel_775" value="nn"/> <!--day -->
<feat xlink:href="#rel_776" value="pobj"/> <!--lives -->
<feat xlink:href="#rel_779" value="nsubj"/> <!--Wilkins -->
<feat xlink:href="#rel_781" value="poss"/> <!--Warhol -->
<feat xlink:href="#rel_782" value="possessive"/> <!--s -->
<feat xlink:href="#rel_783" value="nsubj"/> <!--obsession -->
<feat xlink:href="#rel_784" value="prep"/> <!--with -->
<feat xlink:href="#rel_785" value="pobj"/> <!--celebrities -->
<feat xlink:href="#rel_786" value="ccomp"/> <!--began -->
<feat xlink:href="#rel_787" value="advmod"/> <!--when -->
<feat xlink:href="#rel_788" value="nsubj"/> <!--he -->
<feat xlink:href="#rel_789" value="advmod"/> <!--first -->
<feat xlink:href="#rel_790" value="advcl"/> <!--collected -->
<feat xlink:href="#rel_791" value="nn"/> <!--head -->
<feat xlink:href="#rel_792" value="dobj"/> <!--shots -->
<feat xlink:href="#rel_793" value="prep"/> <!--as -->
<feat xlink:href="#rel_794" value="det"/> <!--a -->
<feat xlink:href="#rel_795" value="pobj"/> <!--kid -->
<feat xlink:href="#rel_796" value="cc"/> <!--and -->
<feat xlink:href="#rel_797" value="conj"/> <!--continued -->
<feat xlink:href="#rel_798" value="prep"/> <!--as -->
<feat xlink:href="#rel_799" value="det"/> <!--a -->
<feat xlink:href="#rel_800" value="pobj"/> <!--passion -->
<feat xlink:href="#rel_801" value="prep"/> <!--throughout -->
<feat xlink:href="#rel_802" value="poss"/> <!--his -->
<feat xlink:href="#rel_803" value="pobj"/> <!--life -->
<feat xlink:href="#rel_806" value="nsubj"/> <!--He -->
<feat xlink:href="#rel_807" value="aux"/> <!--s -->
<feat xlink:href="#rel_808" value="ccomp"/> <!--hanging -->
<feat xlink:href="#rel_809" value="prt"/> <!--out -->
<feat xlink:href="#rel_810" value="prep"/> <!--with -->
<feat xlink:href="#rel_811" value="det"/> <!--the -->
<feat xlink:href="#rel_812" value="pobj"/> <!--celebrities -->
<feat xlink:href="#rel_814" value="cc"/> <!--and -->
<feat xlink:href="#rel_815" value="aux"/> <!--has -->
<feat xlink:href="#rel_816" value="mwe"/> <!--kind -->
<feat xlink:href="#rel_817" value="advmod"/> <!--of -->
<feat xlink:href="#rel_818" value="conj"/> <!--become -->
<feat xlink:href="#rel_819" value="det"/> <!--the -->
<feat xlink:href="#rel_820" value="amod"/> <!--same -->
<feat xlink:href="#rel_821" value="xcomp"/> <!--sort -->
<feat xlink:href="#rel_822" value="prep"/> <!--of -->
<feat xlink:href="#rel_823" value="pobj"/> <!--celebrity -->
<feat xlink:href="#rel_824" value="nsubjpass"/> <!--he -->
<feat xlink:href="#rel_825" value="auxpass"/> <!--was -->
<feat xlink:href="#rel_826" value="rcmod"/> <!--interested -->
<feat xlink:href="#rel_827" value="prep"/> <!--in -->
<feat xlink:href="#rel_828" value="pcomp"/> <!--documenting -->
<feat xlink:href="#rel_829" value="advmod"/> <!--earlier -->
<feat xlink:href="#rel_830" value="prep"/> <!--in -->
<feat xlink:href="#rel_831" value="poss"/> <!--his -->
<feat xlink:href="#rel_832" value="pobj"/> <!--career -->
<feat xlink:href="#rel_835" value="nsubj"/> <!--Wilkins -->
<feat xlink:href="#rel_838" value="det"/> <!--The -->
<feat xlink:href="#rel_839" value="nsubj"/> <!--exhibit -->
<feat xlink:href="#rel_840" value="prep"/> <!--at -->
<feat xlink:href="#rel_841" value="pobj"/> <!--USI -->
<feat xlink:href="#rel_843" value="dobj"/> <!--Polaroids -->
<feat xlink:href="#rel_844" value="prep"/> <!--of -->
<feat xlink:href="#rel_845" value="nn"/> <!--actor -->
<feat xlink:href="#rel_846" value="nn"/> <!--Dennis -->
<feat xlink:href="#rel_847" value="pobj"/> <!--Hopper -->
<feat xlink:href="#rel_849" value="nn"/> <!--musician -->
<feat xlink:href="#rel_850" value="nn"/> <!--Nick -->
<feat xlink:href="#rel_851" value="conj"/> <!--Rhodes -->
<feat xlink:href="#rel_852" value="prep"/> <!--of -->
<feat xlink:href="#rel_853" value="nn"/> <!--Duran -->
<feat xlink:href="#rel_854" value="pobj"/> <!--Duran -->
<feat xlink:href="#rel_856" value="conj"/> <!--publishers -->
<feat xlink:href="#rel_857" value="nn"/> <!--Jann -->
<feat xlink:href="#rel_858" value="dep"/> <!--Wenner -->
<feat xlink:href="#rel_859" value="prep"/> <!--of -->
<feat xlink:href="#rel_860" value="amod"/> <!--Rolling -->
<feat xlink:href="#rel_861" value="nn"/> <!--Stone -->
<feat xlink:href="#rel_862" value="pobj"/> <!--Magazine -->
<feat xlink:href="#rel_863" value="cc"/> <!--and -->
<feat xlink:href="#rel_864" value="nn"/> <!--Carlo -->
<feat xlink:href="#rel_865" value="nn"/> <!--De -->
<feat xlink:href="#rel_866" value="conj"/> <!--Benedetti -->
<feat xlink:href="#rel_867" value="prep"/> <!--of -->
<feat xlink:href="#rel_868" value="poss"/> <!--Italy -->
<feat xlink:href="#rel_869" value="possessive"/> <!--s -->
<feat xlink:href="#rel_870" value="nn"/> <!--la -->
<feat xlink:href="#rel_871" value="pobj"/> <!--Repubblica -->
<feat xlink:href="#rel_873" value="nn"/> <!--disco -->
<feat xlink:href="#rel_874" value="nn"/> <!--club -->
<feat xlink:href="#rel_875" value="nn"/> <!--owner -->
<feat xlink:href="#rel_876" value="nn"/> <!--Steve -->
<feat xlink:href="#rel_877" value="conj"/> <!--Rubell -->
<feat xlink:href="#rel_878" value="prep"/> <!--of -->
<feat xlink:href="#rel_879" value="pobj"/> <!--Studio -->
<feat xlink:href="#rel_880" value="num"/> <!--54 -->
<feat xlink:href="#rel_882" value="nn"/> <!--photographers -->
<feat xlink:href="#rel_883" value="nn"/> <!--Nat -->
<feat xlink:href="#rel_884" value="conj"/> <!--Finkelstein -->
<feat xlink:href="#rel_886" value="nn"/> <!--Christopher -->
<feat xlink:href="#rel_887" value="conj"/> <!--Makos -->
<feat xlink:href="#rel_888" value="cc"/> <!--and -->
<feat xlink:href="#rel_889" value="nn"/> <!--Felice -->
<feat xlink:href="#rel_890" value="conj"/> <!--Quinto -->
<feat xlink:href="#rel_892" value="cc"/> <!--and -->
<feat xlink:href="#rel_893" value="nn"/> <!--athletes -->
<feat xlink:href="#rel_894" value="nn"/> <!--Vitas -->
<feat xlink:href="#rel_895" value="conj"/> <!--Gerulaitis -->
<feat xlink:href="#rel_897" value="dep"/> <!--tennis -->
<feat xlink:href="#rel_899" value="cc"/> <!--and -->
<feat xlink:href="#rel_900" value="nn"/> <!--Jack -->
<feat xlink:href="#rel_901" value="conj"/> <!--Nicklaus -->
<feat xlink:href="#rel_903" value="dep"/> <!--golf -->
<feat xlink:href="#rel_906" value="nsubj"/> <!--Wikinews -->
<feat xlink:href="#rel_908" value="det"/> <!--the -->
<feat xlink:href="#rel_909" value="nn"/> <!--USI -->
<feat xlink:href="#rel_910" value="nsubj"/> <!--exhibit -->
<feat xlink:href="#rel_911" value="ccomp"/> <!--identifies -->
<feat xlink:href="#rel_912" value="cc"/> <!--and -->
<feat xlink:href="#rel_913" value="conj"/> <!--features -->
<feat xlink:href="#rel_914" value="dobj"/> <!--Polaroids -->
<feat xlink:href="#rel_915" value="prep"/> <!--of -->
<feat xlink:href="#rel_916" value="nn"/> <!--fashion -->
<feat xlink:href="#rel_917" value="nn"/> <!--designer -->
<feat xlink:href="#rel_918" value="pobj"/> <!--Halston -->
<feat xlink:href="#rel_920" value="det"/> <!--a -->
<feat xlink:href="#rel_921" value="amod"/> <!--former -->
<feat xlink:href="#rel_922" value="appos"/> <!--resident -->
<feat xlink:href="#rel_923" value="prep"/> <!--of -->
<feat xlink:href="#rel_924" value="pobj"/> <!--Evansville -->
<feat xlink:href="#rel_926" value="nn"/> <!--University -->
<feat xlink:href="#rel_927" value="nsubj"/> <!--collections -->
<feat xlink:href="#rel_928" value="prep"/> <!--across -->
<feat xlink:href="#rel_929" value="det"/> <!--the -->
<feat xlink:href="#rel_930" value="amod"/> <!--United -->
<feat xlink:href="#rel_931" value="pobj"/> <!--States -->
<feat xlink:href="#rel_932" value="advmod"/> <!--also -->
<feat xlink:href="#rel_934" value="dobj"/> <!--Polaroids -->
<feat xlink:href="#rel_935" value="prep"/> <!--of -->
<feat xlink:href="#rel_937" value="pobj"/> <!--unknowns -->
<feat xlink:href="#rel_939" value="nsubj"/> <!--who -->
<feat xlink:href="#rel_940" value="aux"/> <!--have -->
<feat xlink:href="#rel_941" value="neg"/> <!--not -->
<feat xlink:href="#rel_942" value="advmod"/> <!--yet -->
<feat xlink:href="#rel_943" value="rcmod"/> <!--had -->
<feat xlink:href="#rel_944" value="poss"/> <!--their -->
<feat xlink:href="#rel_945" value="num"/> <!--fifteen -->
<feat xlink:href="#rel_946" value="dobj"/> <!--minutes -->
<feat xlink:href="#rel_947" value="prep"/> <!--of -->
<feat xlink:href="#rel_948" value="pobj"/> <!--fame -->
<feat xlink:href="#rel_950" value="nn"/> <!--Cynthia -->
<feat xlink:href="#rel_951" value="nsubj"/> <!--Thompson -->
<feat xlink:href="#rel_953" value="appos"/> <!--curator -->
<feat xlink:href="#rel_954" value="cc"/> <!--and -->
<feat xlink:href="#rel_955" value="conj"/> <!--director -->
<feat xlink:href="#rel_956" value="prep"/> <!--of -->
<feat xlink:href="#rel_957" value="pobj"/> <!--exhibits -->
<feat xlink:href="#rel_958" value="prep"/> <!--at -->
<feat xlink:href="#rel_959" value="det"/> <!--the -->
<feat xlink:href="#rel_960" value="pobj"/> <!--University -->
<feat xlink:href="#rel_961" value="prep"/> <!--of -->
<feat xlink:href="#rel_962" value="pobj"/> <!--Arkansas -->
<feat xlink:href="#rel_964" value="appos"/> <!--Fayetteville -->
<feat xlink:href="#rel_969" value="det"/> <!--These -->
<feat xlink:href="#rel_970" value="nsubj"/> <!--images -->
<feat xlink:href="#rel_971" value="ccomp"/> <!--serve -->
<feat xlink:href="#rel_972" value="prep"/> <!--as -->
<feat xlink:href="#rel_973" value="pobj"/> <!--documentation -->
<feat xlink:href="#rel_974" value="prep"/> <!--of -->
<feat xlink:href="#rel_975" value="pobj"/> <!--people -->
<feat xlink:href="#rel_976" value="prep"/> <!--in -->
<feat xlink:href="#rel_977" value="poss"/> <!--his -->
<feat xlink:href="#rel_978" value="det"/> <!--every -->
<feat xlink:href="#rel_979" value="nn"/> <!--day -->
<feat xlink:href="#rel_980" value="pobj"/> <!--life -->
<feat xlink:href="#rel_981" value="cc"/> <!--and -->
<feat xlink:href="#rel_982" value="conj"/> <!--art -->
<feat xlink:href="#rel_985" value="appos"/> <!--one -->
<feat xlink:href="#rel_986" value="pobj"/> <!--which -->
<feat xlink:href="#rel_987" value="nsubj"/> <!--many -->
<feat xlink:href="#rel_988" value="prep"/> <!--of -->
<feat xlink:href="#rel_989" value="pobj"/> <!--us -->
<feat xlink:href="#rel_990" value="rcmod"/> <!--enjoy -->
<feat xlink:href="#rel_991" value="det"/> <!--a -->
<feat xlink:href="#rel_992" value="dobj"/> <!--glimpse -->
<feat xlink:href="#rel_993" value="prep"/> <!--into -->
<feat xlink:href="#rel_996" value="poss"/> <!--Warhol -->
<feat xlink:href="#rel_997" value="possessive"/> <!--s -->
<feat xlink:href="#rel_998" value="amod"/> <!--photographic -->
<feat xlink:href="#rel_1000" value="nsubj"/> <!--Warhol -->
<feat xlink:href="#rel_1001" value="cop"/> <!--was -->
<feat xlink:href="#rel_1003" value="prep"/> <!--to -->
<feat xlink:href="#rel_1004" value="amod"/> <!--important -->
<feat xlink:href="#rel_1005" value="pobj"/> <!--touchstones -->
<feat xlink:href="#rel_1006" value="prep"/> <!--of -->
<feat xlink:href="#rel_1007" value="det"/> <!--the -->
<feat xlink:href="#rel_1008" value="pobj"/> <!--1960s -->
<feat xlink:href="#rel_1010" value="prep"/> <!--including -->
<feat xlink:href="#rel_1011" value="pobj"/> <!--art -->
<feat xlink:href="#rel_1013" value="conj"/> <!--music -->
<feat xlink:href="#rel_1015" value="nn"/> <!--consumer -->
<feat xlink:href="#rel_1016" value="conj"/> <!--culture -->
<feat xlink:href="#rel_1018" value="conj"/> <!--fashion -->
<feat xlink:href="#rel_1020" value="cc"/> <!--and -->
<feat xlink:href="#rel_1021" value="nn"/> <!--celebrity -->
<feat xlink:href="#rel_1022" value="conj"/> <!--worship -->
<feat xlink:href="#rel_1024" value="nsubj"/> <!--which -->
<feat xlink:href="#rel_1025" value="cop"/> <!--were -->
<feat xlink:href="#rel_1026" value="advmod"/> <!--all -->
<feat xlink:href="#rel_1027" value="rcmod"/> <!--buzzwords -->
<feat xlink:href="#rel_1028" value="cc"/> <!--and -->
<feat xlink:href="#rel_1029" value="conj"/> <!--images -->
<feat xlink:href="#rel_1030" value="nsubj"/> <!--Wikinews -->
<feat xlink:href="#rel_1031" value="rcmod"/> <!--observed -->
<feat xlink:href="#rel_1032" value="prep"/> <!--at -->
<feat xlink:href="#rel_1033" value="poss"/> <!--USI -->
<feat xlink:href="#rel_1034" value="possessive"/> <!--s -->
<feat xlink:href="#rel_1035" value="amod"/> <!--opening -->
<feat xlink:href="#rel_1036" value="pobj"/> <!--exhibit -->
<feat xlink:href="#rel_1038" value="nsubj"/> <!--He -->
<feat xlink:href="#rel_1039" value="cop"/> <!--was -->
<feat xlink:href="#rel_1040" value="advmod"/> <!--also -->
<feat xlink:href="#rel_1041" value="det"/> <!--an -->
<feat xlink:href="#rel_1042" value="amod"/> <!--influential -->
<feat xlink:href="#rel_1044" value="prep"/> <!--in -->
<feat xlink:href="#rel_1045" value="det"/> <!--the -->
<feat xlink:href="#rel_1046" value="nn"/> <!--pop -->
<feat xlink:href="#rel_1047" value="nn"/> <!--art -->
<feat xlink:href="#rel_1048" value="pobj"/> <!--movement -->
<feat xlink:href="#rel_1051" value="nn"/> <!--Pop -->
<feat xlink:href="#rel_1052" value="nsubj"/> <!--art -->
<feat xlink:href="#rel_1053" value="ccomp"/> <!--was -->
<feat xlink:href="#rel_1054" value="prep"/> <!--about -->
<feat xlink:href="#rel_1055" value="nsubj"/> <!--what -->
<feat xlink:href="#rel_1056" value="amod"/> <!--popular -->
<feat xlink:href="#rel_1057" value="amod"/> <!--American -->
<feat xlink:href="#rel_1058" value="nsubj"/> <!--culture -->
<feat xlink:href="#rel_1059" value="advmod"/> <!--really -->
<feat xlink:href="#rel_1060" value="pcomp"/> <!--thought -->
<feat xlink:href="#rel_1061" value="cop"/> <!--was -->
<feat xlink:href="#rel_1062" value="ccomp"/> <!--important -->
<feat xlink:href="#rel_1065" value="nn"/> <!--Kathryn -->
<feat xlink:href="#rel_1066" value="nsubj"/> <!--Waters -->
<feat xlink:href="#rel_1070" value="nsubj"/> <!--That -->
<feat xlink:href="#rel_1071" value="cop"/> <!--s -->
<feat xlink:href="#rel_1072" value="advmod"/> <!--why -->
<feat xlink:href="#rel_1073" value="nsubj"/> <!--he -->
<feat xlink:href="#rel_1075" value="det"/> <!--the -->
<feat xlink:href="#rel_1076" value="nn"/> <!--Campbell -->
<feat xlink:href="#rel_1077" value="nn"/> <!--Soup -->
<feat xlink:href="#rel_1078" value="dobj"/> <!--cans -->
<feat xlink:href="#rel_1079" value="cc"/> <!--or -->
<feat xlink:href="#rel_1080" value="det"/> <!--the -->
<feat xlink:href="#rel_1081" value="nn"/> <!--Marilyn -->
<feat xlink:href="#rel_1082" value="conj"/> <!--pictures -->
<feat xlink:href="#rel_1084" value="det"/> <!--these -->
<feat xlink:href="#rel_1085" value="amod"/> <!--iconic -->
<feat xlink:href="#rel_1086" value="appos"/> <!--products -->
<feat xlink:href="#rel_1087" value="prep"/> <!--of -->
<feat xlink:href="#rel_1088" value="amod"/> <!--American -->
<feat xlink:href="#rel_1089" value="pobj"/> <!--culture -->
<feat xlink:href="#rel_1090" value="mark"/> <!--whether -->
<feat xlink:href="#rel_1091" value="nsubj"/> <!--they -->
<feat xlink:href="#rel_1092" value="advcl"/> <!--be -->
<feat xlink:href="#rel_1093" value="prep"/> <!--in -->
<feat xlink:href="#rel_1094" value="pobj"/> <!--film -->
<feat xlink:href="#rel_1096" value="conj"/> <!--video -->
<feat xlink:href="#rel_1097" value="cc"/> <!--or -->
<feat xlink:href="#rel_1098" value="advmod"/> <!--actually -->
<feat xlink:href="#rel_1099" value="conj"/> <!--products -->
<feat xlink:href="#rel_1100" value="nsubj"/> <!--we -->
<feat xlink:href="#rel_1101" value="rcmod"/> <!--consumed -->
<feat xlink:href="#rel_1103" value="advmod"/> <!--So -->
<feat xlink:href="#rel_1104" value="advmod"/> <!--even -->
<feat xlink:href="#rel_1105" value="advmod"/> <!--back -->
<feat xlink:href="#rel_1106" value="prep"/> <!--in -->
<feat xlink:href="#rel_1107" value="det"/> <!--the -->
<feat xlink:href="#rel_1108" value="pobj"/> <!--sixties -->
<feat xlink:href="#rel_1110" value="nsubj"/> <!--he -->
<feat xlink:href="#rel_1111" value="cop"/> <!--was -->
<feat xlink:href="#rel_1112" value="advmod"/> <!--very -->
<feat xlink:href="#rel_1114" value="prep"/> <!--of -->
<feat xlink:href="#rel_1115" value="det"/> <!--this -->
<feat xlink:href="#rel_1116" value="pobj"/> <!--part -->
<feat xlink:href="#rel_1117" value="prep"/> <!--of -->
<feat xlink:href="#rel_1118" value="poss"/> <!--our -->
<feat xlink:href="#rel_1119" value="pobj"/> <!--culture -->
<feat xlink:href="#rel_1121" value="nsubj"/> <!--Which -->
<feat xlink:href="#rel_1122" value="mark"/> <!--as -->
<feat xlink:href="#rel_1123" value="nsubj"/> <!--we -->
<feat xlink:href="#rel_1124" value="advmod"/> <!--all -->
<feat xlink:href="#rel_1125" value="advcl"/> <!--know -->
<feat xlink:href="#rel_1126" value="prep"/> <!--in -->
<feat xlink:href="#rel_1127" value="pobj"/> <!--2014 -->
<feat xlink:href="#rel_1129" value="aux"/> <!--has -->
<feat xlink:href="#rel_1130" value="advmod"/> <!--only -->
<feat xlink:href="#rel_1132" value="advmod"/> <!--probably -->
<feat xlink:href="#rel_1133" value="det"/> <!--a -->
<feat xlink:href="#rel_1134" value="nn"/> <!--thousand -->
<feat xlink:href="#rel_1135" value="dobj"/> <!--fold -->
<feat xlink:href="#rel_1139" value="nsubj"/> <!--I -->
<feat xlink:href="#rel_1140" value="ccomp"/> <!--think -->
<feat xlink:href="#rel_1141" value="nsubj"/> <!--everybody -->
<feat xlink:href="#rel_1142" value="ccomp"/> <!--knows -->
<feat xlink:href="#rel_1143" value="nn"/> <!--Andy -->
<feat xlink:href="#rel_1144" value="poss"/> <!--Warhol -->
<feat xlink:href="#rel_1145" value="possessive"/> <!--s -->
<feat xlink:href="#rel_1146" value="dobj"/> <!--name -->
<feat xlink:href="#rel_1148" value="advmod"/> <!--even -->
<feat xlink:href="#rel_1149" value="nn"/> <!--non-art -->
<feat xlink:href="#rel_1150" value="appos"/> <!--people -->
<feat xlink:href="#rel_1152" value="nsubj"/> <!--that -->
<feat xlink:href="#rel_1153" value="cop"/> <!--s -->
<feat xlink:href="#rel_1154" value="det"/> <!--a -->
<feat xlink:href="#rel_1155" value="conj"/> <!--name -->
<feat xlink:href="#rel_1156" value="nsubj"/> <!--they -->
<feat xlink:href="#rel_1157" value="aux"/> <!--might -->
<feat xlink:href="#rel_1158" value="rcmod"/> <!--know -->
<feat xlink:href="#rel_1159" value="mark"/> <!--because -->
<feat xlink:href="#rel_1160" value="nsubj"/> <!--he -->
<feat xlink:href="#rel_1161" value="cop"/> <!--was -->
<feat xlink:href="#rel_1162" value="predet"/> <!--such -->
<feat xlink:href="#rel_1163" value="det"/> <!--a -->
<feat xlink:href="#rel_1164" value="advcl"/> <!--personality -->
<feat xlink:href="#rel_1167" value="nsubj"/> <!--Water -->
<feat xlink:href="#rel_1170" value="nn"/> <!--Hilary -->
<feat xlink:href="#rel_1171" value="nsubj"/> <!--Braysmith -->
<feat xlink:href="#rel_1173" value="nn"/> <!--USI -->
<feat xlink:href="#rel_1174" value="nn"/> <!--associate -->
<feat xlink:href="#rel_1175" value="appos"/> <!--professor -->
<feat xlink:href="#rel_1176" value="prep"/> <!--of -->
<feat xlink:href="#rel_1177" value="nn"/> <!--art -->
<feat xlink:href="#rel_1178" value="pobj"/> <!--history -->
<feat xlink:href="#rel_1183" value="nsubj"/> <!--I -->
<feat xlink:href="#rel_1184" value="ccomp"/> <!--think -->
<feat xlink:href="#rel_1185" value="poss"/> <!--his -->
<feat xlink:href="#rel_1186" value="nsubj"/> <!--photography -->
<feat xlink:href="#rel_1187" value="cop"/> <!--is -->
<feat xlink:href="#rel_1188" value="advmod"/> <!--equally -->
<feat xlink:href="#rel_1189" value="ccomp"/> <!--influential -->
<feat xlink:href="#rel_1190" value="prep"/> <!--as -->
<feat xlink:href="#rel_1191" value="poss"/> <!--his -->
<feat xlink:href="#rel_1192" value="amod"/> <!--graphic -->
<feat xlink:href="#rel_1193" value="pobj"/> <!--works -->
<feat xlink:href="#rel_1195" value="poss"/> <!--his -->
<feat xlink:href="#rel_1196" value="advmod"/> <!--more -->
<feat xlink:href="#rel_1197" value="amod"/> <!--famous -->
<feat xlink:href="#rel_1198" value="appos"/> <!--pictures -->
<feat xlink:href="#rel_1199" value="prep"/> <!--of -->
<feat xlink:href="#rel_1200" value="pobj"/> <!--Marilyn -->
<feat xlink:href="#rel_1202" value="prep"/> <!--In -->
<feat xlink:href="#rel_1203" value="pobj"/> <!--terms -->
<feat xlink:href="#rel_1204" value="prep"/> <!--of -->
<feat xlink:href="#rel_1205" value="det"/> <!--the -->
<feat xlink:href="#rel_1206" value="pobj"/> <!--evolution -->
<feat xlink:href="#rel_1207" value="prep"/> <!--of -->
<feat xlink:href="#rel_1208" value="pobj"/> <!--photography -->
<feat xlink:href="#rel_1209" value="cc"/> <!--and -->
<feat xlink:href="#rel_1210" value="conj"/> <!--experimentation -->
<feat xlink:href="#rel_1212" value="prep"/> <!--like -->
<feat xlink:href="#rel_1213" value="pcomp"/> <!--painting -->
<feat xlink:href="#rel_1214" value="prep"/> <!--on -->
<feat xlink:href="#rel_1215" value="pobj"/> <!--them -->
<feat xlink:href="#rel_1216" value="cc"/> <!--or -->
<feat xlink:href="#rel_1217" value="det"/> <!--the -->
<feat xlink:href="#rel_1218" value="nn"/> <!--celebrity -->
<feat xlink:href="#rel_1219" value="conj"/> <!--fascination -->
<feat xlink:href="#rel_1221" value="nsubj"/> <!--I -->
<feat xlink:href="#rel_1223" value="nsubj"/> <!--he -->
<feat xlink:href="#rel_1224" value="cop"/> <!--was -->
<feat xlink:href="#rel_1225" value="advmod"/> <!--really -->
<feat xlink:href="#rel_1226" value="ccomp"/> <!--ground-breaking -->
<feat xlink:href="#rel_1227" value="prep"/> <!--in -->
<feat xlink:href="#rel_1228" value="det"/> <!--that -->
<feat xlink:href="#rel_1229" value="pobj"/> <!--regard -->
<feat xlink:href="#rel_1232" value="det"/> <!--The -->
<feat xlink:href="#rel_1233" value="nn"/> <!--Polaroid -->
<feat xlink:href="#rel_1234" value="nsubj"/> <!--format -->
<feat xlink:href="#rel_1235" value="parataxis"/> <!--is -->
<feat xlink:href="#rel_1236" value="neg"/> <!--not -->
<feat xlink:href="#rel_1237" value="nsubj"/> <!--what -->
<feat xlink:href="#rel_1238" value="ccomp"/> <!--made -->
<feat xlink:href="#rel_1239" value="nsubj"/> <!--Warhol -->
<feat xlink:href="#rel_1240" value="xcomp"/> <!--famous -->
<feat xlink:href="#rel_1242" value="advmod"/> <!--however -->
<feat xlink:href="#rel_1244" value="nsubj"/> <!--he -->
<feat xlink:href="#rel_1246" value="prep"/> <!--in -->
<feat xlink:href="#rel_1247" value="det"/> <!--the -->
<feat xlink:href="#rel_1248" value="pobj"/> <!--company -->
<feat xlink:href="#rel_1249" value="prep"/> <!--of -->
<feat xlink:href="#rel_1250" value="amod"/> <!--other -->
<feat xlink:href="#rel_1251" value="amod"/> <!--well-known -->
<feat xlink:href="#rel_1252" value="pobj"/> <!--photographers -->
<feat xlink:href="#rel_1253" value="nsubj"/> <!--who -->
<feat xlink:href="#rel_1254" value="rcmod"/> <!--used -->
<feat xlink:href="#rel_1255" value="det"/> <!--the -->
<feat xlink:href="#rel_1256" value="dobj"/> <!--camera -->
<feat xlink:href="#rel_1258" value="mwe"/> <!--such -->
<feat xlink:href="#rel_1259" value="prep"/> <!--as -->
<feat xlink:href="#rel_1260" value="nn"/> <!--Ansel -->
<feat xlink:href="#rel_1261" value="pobj"/> <!--Adams -->
<feat xlink:href="#rel_1263" value="nn"/> <!--Chuck -->
<feat xlink:href="#rel_1264" value="conj"/> <!--Close -->
<feat xlink:href="#rel_1266" value="nn"/> <!--Walker -->
<feat xlink:href="#rel_1267" value="conj"/> <!--Evans -->
<feat xlink:href="#rel_1269" value="nn"/> <!--Robert -->
<feat xlink:href="#rel_1270" value="conj"/> <!--Mapplethorpe -->
<feat xlink:href="#rel_1272" value="cc"/> <!--and -->
<feat xlink:href="#rel_1273" value="nn"/> <!--Helmut -->
<feat xlink:href="#rel_1274" value="conj"/> <!--Newton -->
<feat xlink:href="#rel_1276" value="nsubj"/> <!--Wilkins -->
<feat xlink:href="#rel_1281" value="nsubj"/> <!--Warhol -->
<feat xlink:href="#rel_1283" value="ccomp"/> <!--liked -->
<feat xlink:href="#rel_1284" value="det"/> <!--the -->
<feat xlink:href="#rel_1285" value="dobj"/> <!--way -->
<feat xlink:href="#rel_1286" value="nn"/> <!--photo -->
<feat xlink:href="#rel_1287" value="nsubj"/> <!--booths -->
<feat xlink:href="#rel_1288" value="cc"/> <!--and -->
<feat xlink:href="#rel_1289" value="det"/> <!--the -->
<feat xlink:href="#rel_1290" value="poss"/> <!--Polaroid -->
<feat xlink:href="#rel_1291" value="possessive"/> <!--s -->
<feat xlink:href="#rel_1292" value="amod"/> <!--front -->
<feat xlink:href="#rel_1293" value="conj"/> <!--flash -->
<feat xlink:href="#rel_1294" value="rcmod"/> <!--looked -->
<feat xlink:href="#rel_1297" value="nsubj"/> <!--She -->
<feat xlink:href="#rel_1299" value="advmod"/> <!--how -->
<feat xlink:href="#rel_1300" value="poss"/> <!--Warhol -->
<feat xlink:href="#rel_1301" value="possessive"/> <!--s -->
<feat xlink:href="#rel_1302" value="nsubj"/> <!--adoption -->
<feat xlink:href="#rel_1303" value="prep"/> <!--of -->
<feat xlink:href="#rel_1304" value="det"/> <!--the -->
<feat xlink:href="#rel_1305" value="nn"/> <!--Polaroid -->
<feat xlink:href="#rel_1306" value="pobj"/> <!--camera -->
<feat xlink:href="#rel_1307" value="ccomp"/> <!--revealed -->
<feat xlink:href="#rel_1308" value="poss"/> <!--his -->
<feat xlink:href="#rel_1309" value="dobj"/> <!--process -->
<feat xlink:href="#rel_1311" value="mwe"/> <!--According -->
<feat xlink:href="#rel_1312" value="prep"/> <!--to -->
<feat xlink:href="#rel_1313" value="pobj"/> <!--Wilkins -->
<feat xlink:href="#rel_1315" value="nsubj"/> <!--Warhol -->
<feat xlink:href="#rel_1316" value="cop"/> <!--was -->
<feat xlink:href="#rel_1318" value="aux"/> <!--to -->
<feat xlink:href="#rel_1319" value="xcomp"/> <!--reproduce -->
<feat xlink:href="#rel_1320" value="det"/> <!--the -->
<feat xlink:href="#rel_1321" value="nn"/> <!--Polaroid -->
<feat xlink:href="#rel_1322" value="dobj"/> <!--photograph -->
<feat xlink:href="#rel_1323" value="cc"/> <!--and -->
<feat xlink:href="#rel_1324" value="conj"/> <!--create -->
<feat xlink:href="#rel_1325" value="det"/> <!--an -->
<feat xlink:href="#rel_1326" value="dobj"/> <!--enlargement -->
<feat xlink:href="#rel_1327" value="prep"/> <!--of -->
<feat xlink:href="#rel_1328" value="pobj"/> <!--it -->
<feat xlink:href="#rel_1330" value="dobj"/> <!--which -->
<feat xlink:href="#rel_1331" value="nsubj"/> <!--he -->
<feat xlink:href="#rel_1332" value="advmod"/> <!--then -->
<feat xlink:href="#rel_1333" value="aux"/> <!--could -->
<feat xlink:href="#rel_1334" value="rcmod"/> <!--use -->
<feat xlink:href="#rel_1335" value="aux"/> <!--to -->
<feat xlink:href="#rel_1336" value="xcomp"/> <!--commit -->
<feat xlink:href="#rel_1337" value="det"/> <!--the -->
<feat xlink:href="#rel_1338" value="dobj"/> <!--image -->
<feat xlink:href="#rel_1339" value="prep"/> <!--to -->
<feat xlink:href="#rel_1340" value="det"/> <!--the -->
<feat xlink:href="#rel_1341" value="nn"/> <!--silk -->
<feat xlink:href="#rel_1342" value="nn"/> <!--screen -->
<feat xlink:href="#rel_1343" value="pobj"/> <!--medium -->
<feat xlink:href="#rel_1344" value="prep"/> <!--by -->
<feat xlink:href="#rel_1345" value="pcomp"/> <!--applying -->
<feat xlink:href="#rel_1346" value="dobj"/> <!--paint -->
<feat xlink:href="#rel_1347" value="cc"/> <!--or -->
<feat xlink:href="#rel_1348" value="conj"/> <!--manipulating -->
<feat xlink:href="#rel_1349" value="dobj"/> <!--them -->
<feat xlink:href="#rel_1350" value="advmod"/> <!--further -->
<feat xlink:href="#rel_1352" value="nsubj"/> <!--One -->
<feat xlink:href="#rel_1353" value="prep"/> <!--of -->
<feat xlink:href="#rel_1354" value="det"/> <!--the -->
<feat xlink:href="#rel_1355" value="nn"/> <!--silk -->
<feat xlink:href="#rel_1356" value="pobj"/> <!--screens -->
<feat xlink:href="#rel_1357" value="vmod"/> <!--exhibited -->
<feat xlink:href="#rel_1358" value="prep"/> <!--at -->
<feat xlink:href="#rel_1359" value="pobj"/> <!--USI -->
<feat xlink:href="#rel_1360" value="det"/> <!--this -->
<feat xlink:href="#rel_1361" value="tmod"/> <!--time -->
<feat xlink:href="#rel_1362" value="cop"/> <!--was -->
<feat xlink:href="#rel_1363" value="det"/> <!--the -->
<feat xlink:href="#rel_1364" value="nn"/> <!--Annie -->
<feat xlink:href="#rel_1365" value="nn"/> <!--Oakley -->
<feat xlink:href="#rel_1366" value="nn"/> <!--screen -->
<feat xlink:href="#rel_1368" value="vmod"/> <!--called -->
<feat xlink:href="#rel_1370" value="dobj"/> <!--Cowboys -->
<feat xlink:href="#rel_1371" value="cc"/> <!--and -->
<feat xlink:href="#rel_1372" value="conj"/> <!--Indians -->
<feat xlink:href="#rel_1374" value="prep"/> <!--from -->
<feat xlink:href="#rel_1375" value="pobj"/> <!--1987 -->
<feat xlink:href="#rel_1377" value="nsubj"/> <!--Wilkins -->
<feat xlink:href="#rel_1378" value="advmod"/> <!--also -->
<feat xlink:href="#rel_1380" value="nsubj"/> <!--Warhol -->
<feat xlink:href="#rel_1381" value="cop"/> <!--was -->
<feat xlink:href="#rel_1382" value="preconj"/> <!--both -->
<feat xlink:href="#rel_1383" value="det"/> <!--an -->
<feat xlink:href="#rel_1384" value="ccomp"/> <!--artist -->
<feat xlink:href="#rel_1385" value="cc"/> <!--and -->
<feat xlink:href="#rel_1386" value="det"/> <!--a -->
<feat xlink:href="#rel_1387" value="conj"/> <!--businessperson -->
<feat xlink:href="#rel_1390" value="prep"/> <!--As -->
<feat xlink:href="#rel_1391" value="det"/> <!--a -->
<feat xlink:href="#rel_1392" value="pobj"/> <!--way -->
<feat xlink:href="#rel_1393" value="aux"/> <!--to -->
<feat xlink:href="#rel_1394" value="vmod"/> <!--commercialize -->
<feat xlink:href="#rel_1395" value="poss"/> <!--his -->
<feat xlink:href="#rel_1396" value="dobj"/> <!--work -->
<feat xlink:href="#rel_1398" value="nsubj"/> <!--he -->
<feat xlink:href="#rel_1399" value="aux"/> <!--would -->
<feat xlink:href="#rel_1401" value="det"/> <!--a -->
<feat xlink:href="#rel_1402" value="amod"/> <!--blue -->
<feat xlink:href="#rel_1403" value="dobj"/> <!--Marilyn -->
<feat xlink:href="#rel_1404" value="cc"/> <!--and -->
<feat xlink:href="#rel_1405" value="det"/> <!--a -->
<feat xlink:href="#rel_1406" value="amod"/> <!--pink -->
<feat xlink:href="#rel_1407" value="conj"/> <!--Marilyn -->
<feat xlink:href="#rel_1408" value="cc"/> <!--and -->
<feat xlink:href="#rel_1409" value="det"/> <!--a -->
<feat xlink:href="#rel_1410" value="amod"/> <!--yellow -->
<feat xlink:href="#rel_1411" value="conj"/> <!--Marilyn -->
<feat xlink:href="#rel_1413" value="cc"/> <!--and -->
<feat xlink:href="#rel_1414" value="advmod"/> <!--then -->
<feat xlink:href="#rel_1415" value="nsubj"/> <!--you -->
<feat xlink:href="#rel_1416" value="aux"/> <!--could -->
<feat xlink:href="#rel_1417" value="conj"/> <!--pick -->
<feat xlink:href="#rel_1418" value="poss"/> <!--your -->
<feat xlink:href="#rel_1419" value="amod"/> <!--favorite -->
<feat xlink:href="#rel_1420" value="dobj"/> <!--color -->
<feat xlink:href="#rel_1421" value="cc"/> <!--and -->
<feat xlink:href="#rel_1422" value="conj"/> <!--buy -->
<feat xlink:href="#rel_1423" value="dobj"/> <!--that -->
<feat xlink:href="#rel_1425" value="nsubj"/> <!--It -->
<feat xlink:href="#rel_1426" value="cop"/> <!--was -->
<feat xlink:href="#rel_1427" value="det"/> <!--a -->
<feat xlink:href="#rel_1428" value="advmod"/> <!--very -->
<feat xlink:href="#rel_1429" value="amod"/> <!--practical -->
<feat xlink:href="#rel_1430" value="nn"/> <!--salesman -->
<feat xlink:href="#rel_1432" value="prep"/> <!--to -->
<feat xlink:href="#rel_1433" value="poss"/> <!--his -->
<feat xlink:href="#rel_1434" value="pobj"/> <!--work -->
<feat xlink:href="#rel_1436" value="nsubj"/> <!--He -->
<feat xlink:href="#rel_1437" value="cop"/> <!--was -->
<feat xlink:href="#rel_1438" value="advmod"/> <!--very -->
<feat xlink:href="#rel_1440" value="cc"/> <!--but -->
<feat xlink:href="#rel_1441" value="advmod"/> <!--very -->
<feat xlink:href="#rel_1442" value="dep"/> <!--business -->
<feat xlink:href="#rel_1443" value="conj"/> <!--minded -->
<feat xlink:href="#rel_1444" value="prep"/> <!--about -->
<feat xlink:href="#rel_1445" value="pobj"/> <!--that -->
<feat xlink:href="#rel_1449" value="nsubj"/> <!--He -->
<feat xlink:href="#rel_1450" value="ccomp"/> <!--wanted -->
<feat xlink:href="#rel_1451" value="aux"/> <!--to -->
<feat xlink:href="#rel_1452" value="cop"/> <!--be -->
<feat xlink:href="#rel_1453" value="xcomp"/> <!--rich -->
<feat xlink:href="#rel_1454" value="cc"/> <!--and -->
<feat xlink:href="#rel_1455" value="conj"/> <!--famous -->
<feat xlink:href="#rel_1456" value="cc"/> <!--and -->
<feat xlink:href="#rel_1457" value="nsubj"/> <!--he -->
<feat xlink:href="#rel_1458" value="conj"/> <!--made -->
<feat xlink:href="#rel_1459" value="dobj"/> <!--lots -->
<feat xlink:href="#rel_1460" value="prep"/> <!--of -->
<feat xlink:href="#rel_1461" value="pobj"/> <!--choices -->
<feat xlink:href="#rel_1462" value="aux"/> <!--to -->
<feat xlink:href="#rel_1463" value="vmod"/> <!--go -->
<feat xlink:href="#rel_1464" value="det"/> <!--that -->
<feat xlink:href="#rel_1465" value="dobj"/> <!--way -->
<feat xlink:href="#rel_1468" value="nsubj"/> <!--Wilkins -->
<feat xlink:href="#rel_1471" value="nn"/> <!--USI -->
<feat xlink:href="#rel_1473" value="nn"/> <!--Kiara -->
<feat xlink:href="#rel_1474" value="nsubj"/> <!--Perkins -->
<feat xlink:href="#rel_1476" value="det"/> <!--a -->
<feat xlink:href="#rel_1477" value="amod"/> <!--second -->
<feat xlink:href="#rel_1478" value="nn"/> <!--year -->
<feat xlink:href="#rel_1479" value="nn"/> <!--USI -->
<feat xlink:href="#rel_1480" value="nn"/> <!--art -->
<feat xlink:href="#rel_1481" value="appos"/> <!--major -->
<feat xlink:href="#rel_1484" value="nsubj"/> <!--she -->
<feat xlink:href="#rel_1485" value="cop"/> <!--was -->
<feat xlink:href="#rel_1486" value="ccomp"/> <!--willing -->
<feat xlink:href="#rel_1487" value="aux"/> <!--to -->
<feat xlink:href="#rel_1488" value="xcomp"/> <!--skip -->
<feat xlink:href="#rel_1489" value="dobj"/> <!--class -->
<feat xlink:href="#rel_1490" value="nn"/> <!--Thursday -->
<feat xlink:href="#rel_1491" value="tmod"/> <!--night -->
<feat xlink:href="#rel_1492" value="aux"/> <!--to -->
<feat xlink:href="#rel_1493" value="vmod"/> <!--attend -->
<feat xlink:href="#rel_1494" value="det"/> <!--the -->
<feat xlink:href="#rel_1495" value="amod"/> <!--opening -->
<feat xlink:href="#rel_1496" value="dobj"/> <!--exhibit -->
<feat xlink:href="#rel_1497" value="cc"/> <!--but -->
<feat xlink:href="#rel_1498" value="advmod"/> <!--then -->
<feat xlink:href="#rel_1499" value="nsubj"/> <!--circumstances -->
<feat xlink:href="#rel_1500" value="conj"/> <!--allowed -->
<feat xlink:href="#rel_1501" value="mark"/> <!--for -->
<feat xlink:href="#rel_1502" value="nsubj"/> <!--her -->
<feat xlink:href="#rel_1503" value="aux"/> <!--to -->
<feat xlink:href="#rel_1504" value="xcomp"/> <!--attend -->
<feat xlink:href="#rel_1505" value="det"/> <!--the -->
<feat xlink:href="#rel_1506" value="dobj"/> <!--exhibit -->
<feat xlink:href="#rel_1508" value="advmod"/> <!--Why -->
<feat xlink:href="#rel_1509" value="aux"/> <!--did -->
<feat xlink:href="#rel_1510" value="nsubj"/> <!--she -->
<feat xlink:href="#rel_1511" value="advmod"/> <!--so -->
<feat xlink:href="#rel_1512" value="advmod"/> <!--badly -->
<feat xlink:href="#rel_1514" value="aux"/> <!--to -->
<feat xlink:href="#rel_1515" value="xcomp"/> <!--attend -->
<feat xlink:href="#rel_1518" value="nsubj"/> <!--It -->
<feat xlink:href="#rel_1519" value="cop"/> <!--s -->
<feat xlink:href="#rel_1522" value="nsubj"/> <!--He -->
<feat xlink:href="#rel_1523" value="cop"/> <!--is -->
<feat xlink:href="#rel_1524" value="det"/> <!--a -->
<feat xlink:href="#rel_1528" value="prep"/> <!--For -->
<feat xlink:href="#rel_1529" value="nn"/> <!--Kevin -->
<feat xlink:href="#rel_1530" value="pobj"/> <!--Allton -->
<feat xlink:href="#rel_1532" value="det"/> <!--a -->
<feat xlink:href="#rel_1533" value="nn"/> <!--USI -->
<feat xlink:href="#rel_1534" value="appos"/> <!--instructor -->
<feat xlink:href="#rel_1535" value="prep"/> <!--in -->
<feat xlink:href="#rel_1536" value="pobj"/> <!--English -->
<feat xlink:href="#rel_1538" value="nsubj"/> <!--Warhol -->
<feat xlink:href="#rel_1539" value="cop"/> <!--was -->
<feat xlink:href="#rel_1540" value="advmod"/> <!--also -->
<feat xlink:href="#rel_1541" value="det"/> <!--a -->
<feat xlink:href="#rel_1544" value="nsubj"/> <!--He -->
<feat xlink:href="#rel_1548" value="nn"/> <!--Andy -->
<feat xlink:href="#rel_1549" value="nsubj"/> <!--Warhol -->
<feat xlink:href="#rel_1550" value="cop"/> <!--was -->
<feat xlink:href="#rel_1551" value="det"/> <!--the -->
<feat xlink:href="#rel_1552" value="ccomp"/> <!--center -->
<feat xlink:href="#rel_1553" value="prep"/> <!--of -->
<feat xlink:href="#rel_1554" value="det"/> <!--the -->
<feat xlink:href="#rel_1555" value="pobj"/> <!--Zeitgeist -->
<feat xlink:href="#rel_1556" value="prep"/> <!--for -->
<feat xlink:href="#rel_1557" value="det"/> <!--the -->
<feat xlink:href="#rel_1558" value="amod"/> <!--20th -->
<feat xlink:href="#rel_1559" value="pobj"/> <!--century -->
<feat xlink:href="#rel_1560" value="cc"/> <!--and -->
<feat xlink:href="#rel_1561" value="conj"/> <!--everything -->
<feat xlink:href="#rel_1562" value="advmod"/> <!--since -->
<feat xlink:href="#rel_1564" value="nsubj"/> <!--He -->
<feat xlink:href="#rel_1565" value="cop"/> <!--is -->
<feat xlink:href="#rel_1566" value="det"/> <!--a -->
<feat xlink:href="#rel_1567" value="amod"/> <!--post-modern -->
<feat xlink:href="#rel_1571" value="nsubj"/> <!--Allton -->
<feat xlink:href="#rel_1573" value="nsubj"/> <!--he -->
<feat xlink:href="#rel_1574" value="aux"/> <!--had -->
<feat xlink:href="#rel_1575" value="advmod"/> <!--only -->
<feat xlink:href="#rel_1576" value="ccomp"/> <!--seen -->
<feat xlink:href="#rel_1577" value="det"/> <!--the -->
<feat xlink:href="#rel_1578" value="amod"/> <!--Silver -->
<feat xlink:href="#rel_1579" value="nn"/> <!--Clouds -->
<feat xlink:href="#rel_1580" value="dobj"/> <!--installation -->
<feat xlink:href="#rel_1581" value="advmod"/> <!--before -->
<feat xlink:href="#rel_1582" value="prep"/> <!--in -->
<feat xlink:href="#rel_1583" value="pobj"/> <!--film -->
<feat xlink:href="#rel_1585" value="det"/> <!--The -->
<feat xlink:href="#rel_1586" value="amod"/> <!--Silver -->
<feat xlink:href="#rel_1587" value="nn"/> <!--Clouds -->
<feat xlink:href="#rel_1588" value="nsubj"/> <!--installation -->
<feat xlink:href="#rel_1589" value="cop"/> <!--were -->
<feat xlink:href="#rel_1590" value="amod"/> <!--silver -->
<feat xlink:href="#rel_1592" value="vmod"/> <!--blown -->
<feat xlink:href="#rel_1593" value="prt"/> <!--up -->
<feat xlink:href="#rel_1594" value="prep"/> <!--with -->
<feat xlink:href="#rel_1595" value="pobj"/> <!--helium -->
<feat xlink:href="#rel_1597" value="cc"/> <!--and -->
<feat xlink:href="#rel_1598" value="det"/> <!--those -->
<feat xlink:href="#rel_1599" value="nsubj"/> <!--balloons -->
<feat xlink:href="#rel_1600" value="conj"/> <!--filled -->
<feat xlink:href="#rel_1601" value="dobj"/> <!--one -->
<feat xlink:href="#rel_1602" value="prep"/> <!--of -->
<feat xlink:href="#rel_1603" value="det"/> <!--the -->
<feat xlink:href="#rel_1604" value="amod"/> <!--smaller -->
<feat xlink:href="#rel_1605" value="pobj"/> <!--rooms -->
<feat xlink:href="#rel_1606" value="prep"/> <!--in -->
<feat xlink:href="#rel_1607" value="det"/> <!--the -->
<feat xlink:href="#rel_1608" value="pobj"/> <!--gallery -->
<feat xlink:href="#rel_1611" value="nsubj"/> <!--I -->
<feat xlink:href="#rel_1612" value="ccomp"/> <!--thought -->
<feat xlink:href="#rel_1613" value="mark"/> <!--that -->
<feat xlink:href="#rel_1614" value="prep"/> <!--in -->
<feat xlink:href="#rel_1615" value="amod"/> <!--real -->
<feat xlink:href="#rel_1616" value="pobj"/> <!--life -->
<feat xlink:href="#rel_1617" value="nsubj"/> <!--it -->
<feat xlink:href="#rel_1618" value="cop"/> <!--was -->
<feat xlink:href="#rel_1619" value="advmod"/> <!--really -->
<feat xlink:href="#rel_1620" value="mwe"/> <!--kind -->
<feat xlink:href="#rel_1621" value="advmod"/> <!--of -->
<feat xlink:href="#rel_1622" value="ccomp"/> <!--magical -->
<feat xlink:href="#rel_1625" value="nsubj"/> <!--Allton -->
<feat xlink:href="#rel_1629" value="nsubj"/> <!--I -->
<feat xlink:href="#rel_1631" value="dobj"/> <!--them -->
<feat xlink:href="#rel_1632" value="prt"/> <!--around -->
<feat xlink:href="#rel_1635" value="nsubjpass"/> <!--Elements -->
<feat xlink:href="#rel_1636" value="prep"/> <!--of -->
<feat xlink:href="#rel_1637" value="det"/> <!--the -->
<feat xlink:href="#rel_1638" value="pobj"/> <!--Zeitgeist -->
<feat xlink:href="#rel_1639" value="auxpass"/> <!--were -->
<feat xlink:href="#rel_1640" value="advmod"/> <!--also -->
<feat xlink:href="#rel_1641" value="advmod"/> <!--playfully -->
<feat xlink:href="#rel_1643" value="prep"/> <!--on -->
<feat xlink:href="#rel_1644" value="poss"/> <!--USI -->
<feat xlink:href="#rel_1645" value="possessive"/> <!--s -->
<feat xlink:href="#rel_1646" value="amod"/> <!--opening -->
<feat xlink:href="#rel_1647" value="pobj"/> <!--night -->
<feat xlink:href="#rel_1649" value="prep"/> <!--In -->
<feat xlink:href="#rel_1650" value="poss"/> <!--her -->
<feat xlink:href="#rel_1651" value="amod"/> <!--opening -->
<feat xlink:href="#rel_1652" value="pobj"/> <!--remarks -->
<feat xlink:href="#rel_1653" value="prep"/> <!--for -->
<feat xlink:href="#rel_1654" value="pobj"/> <!--attendees -->
<feat xlink:href="#rel_1656" value="nsubj"/> <!--Waters -->
<feat xlink:href="#rel_1658" value="prt"/> <!--out -->
<feat xlink:href="#rel_1659" value="det"/> <!--those -->
<feat xlink:href="#rel_1660" value="dobj"/> <!--features -->
<feat xlink:href="#rel_1661" value="prep"/> <!--to -->
<feat xlink:href="#rel_1662" value="pobj"/> <!--attendees -->
<feat xlink:href="#rel_1664" value="vmod"/> <!--noting -->
<feat xlink:href="#rel_1665" value="det"/> <!--the -->
<feat xlink:href="#rel_1666" value="dobj"/> <!--touches -->
<feat xlink:href="#rel_1667" value="prep"/> <!--of -->
<feat xlink:href="#rel_1668" value="det"/> <!--the -->
<feat xlink:href="#rel_1669" value="nn"/> <!--Warhol -->
<feat xlink:href="#rel_1670" value="pobj"/> <!--Factory -->
<feat xlink:href="#rel_1672" value="cc"/> <!--or -->
<feat xlink:href="#rel_1673" value="det"/> <!--the -->
<feat xlink:href="#rel_1674" value="conj"/> <!--studio -->
<feat xlink:href="#rel_1675" value="advmod"/> <!--where -->
<feat xlink:href="#rel_1676" value="nsubj"/> <!--he -->
<feat xlink:href="#rel_1677" value="rcmod"/> <!--worked -->
<feat xlink:href="#rel_1679" value="nsubj"/> <!--that -->
<feat xlink:href="#rel_1680" value="cop"/> <!--were -->
<feat xlink:href="#rel_1681" value="conj"/> <!--present -->
<feat xlink:href="#rel_1682" value="prep"/> <!--around -->
<feat xlink:href="#rel_1683" value="pobj"/> <!--them -->
<feat xlink:href="#rel_1685" value="nsubj"/> <!--She -->
<feat xlink:href="#rel_1687" value="prep"/> <!--to -->
<feat xlink:href="#rel_1688" value="det"/> <!--the -->
<feat xlink:href="#rel_1689" value="nn"/> <!--refreshment -->
<feat xlink:href="#rel_1690" value="pobj"/> <!--table -->
<feat xlink:href="#rel_1691" value="mark"/> <!--with -->
<feat xlink:href="#rel_1692" value="poss"/> <!--Campbell -->
<feat xlink:href="#rel_1693" value="possessive"/> <!--s -->
<feat xlink:href="#rel_1694" value="nsubjpass"/> <!--Soup -->
<feat xlink:href="#rel_1695" value="advcl"/> <!--served -->
<feat xlink:href="#rel_1696" value="prep"/> <!--with -->
<feat xlink:href="#rel_1698" value="amod"/> <!--electric -->
<feat xlink:href="#rel_1700" value="nn"/> <!--Kool -->
<feat xlink:href="#rel_1701" value="pobj"/> <!--Aid -->
<feat xlink:href="#rel_1702" value="cc"/> <!--and -->
<feat xlink:href="#rel_1703" value="nsubjpass"/> <!--tables -->
<feat xlink:href="#rel_1704" value="conj"/> <!--adorned -->
<feat xlink:href="#rel_1705" value="prep"/> <!--with -->
<feat xlink:href="#rel_1706" value="amod"/> <!--colorful -->
<feat xlink:href="#rel_1707" value="nn"/> <!--gumball -->
<feat xlink:href="#rel_1709" value="pobj"/> <!--pills -->
<feat xlink:href="#rel_1712" value="det"/> <!--The -->
<feat xlink:href="#rel_1713" value="nsubj"/> <!--music -->
<feat xlink:href="#rel_1714" value="prep"/> <!--in -->
<feat xlink:href="#rel_1715" value="det"/> <!--the -->
<feat xlink:href="#rel_1716" value="pobj"/> <!--background -->
<feat xlink:href="#rel_1718" value="prep"/> <!--from -->
<feat xlink:href="#rel_1719" value="amod"/> <!--such -->
<feat xlink:href="#rel_1720" value="pobj"/> <!--bands -->
<feat xlink:href="#rel_1721" value="prep"/> <!--as -->
<feat xlink:href="#rel_1722" value="det"/> <!--The -->
<feat xlink:href="#rel_1723" value="nn"/> <!--Velvet -->
<feat xlink:href="#rel_1724" value="pobj"/> <!--Underground -->
<feat xlink:href="#rel_1726" value="det"/> <!--The -->
<feat xlink:href="#rel_1727" value="amod"/> <!--big -->
<feat xlink:href="#rel_1728" value="nsubj"/> <!--hit -->
<feat xlink:href="#rel_1729" value="prep"/> <!--of -->
<feat xlink:href="#rel_1730" value="det"/> <!--the -->
<feat xlink:href="#rel_1731" value="pobj"/> <!--evening -->
<feat xlink:href="#rel_1733" value="nsubj"/> <!--Wikinews -->
<feat xlink:href="#rel_1734" value="discourse"/> <!--observed -->
<feat xlink:href="#rel_1735" value="prep"/> <!--from -->
<feat xlink:href="#rel_1736" value="det"/> <!--the -->
<feat xlink:href="#rel_1737" value="amod"/> <!--long -->
<feat xlink:href="#rel_1738" value="pobj"/> <!--line -->
<feat xlink:href="#rel_1740" value="cop"/> <!--was -->
<feat xlink:href="#rel_1741" value="det"/> <!--the -->
<feat xlink:href="#rel_1743" value="advmod"/> <!--where -->
<feat xlink:href="#rel_1744" value="nsubj"/> <!--attendees -->
<feat xlink:href="#rel_1745" value="aux"/> <!--could -->
<feat xlink:href="#rel_1746" value="rcmod"/> <!--wear -->
<feat xlink:href="#rel_1747" value="det"/> <!--a -->
<feat xlink:href="#rel_1748" value="amod"/> <!--Warhol-like -->
<feat xlink:href="#rel_1749" value="dobj"/> <!--wig -->
<feat xlink:href="#rel_1750" value="cc"/> <!--or -->
<feat xlink:href="#rel_1751" value="conj"/> <!--don -->
<feat xlink:href="#rel_1752" value="amod"/> <!--crazy -->
<feat xlink:href="#rel_1753" value="dobj"/> <!--glasses -->
<feat xlink:href="#rel_1754" value="cc"/> <!--and -->
<feat xlink:href="#rel_1755" value="auxpass"/> <!--have -->
<feat xlink:href="#rel_1756" value="poss"/> <!--their -->
<feat xlink:href="#rel_1757" value="amod"/> <!--own -->
<feat xlink:href="#rel_1758" value="nsubjpass"/> <!--Polaroid -->
<feat xlink:href="#rel_1759" value="conj"/> <!--taken -->
<feat xlink:href="#rel_1761" value="det"/> <!--The -->
<feat xlink:href="#rel_1762" value="nsubj"/> <!--Polaroids -->
<feat xlink:href="#rel_1763" value="cop"/> <!--were -->
<feat xlink:href="#rel_1765" value="prep"/> <!--in -->
<feat xlink:href="#rel_1766" value="det"/> <!--an -->
<feat xlink:href="#rel_1767" value="pobj"/> <!--instant -->
<feat xlink:href="#rel_1768" value="cc"/> <!--and -->
<feat xlink:href="#rel_1769" value="advmod"/> <!--immediately -->
<feat xlink:href="#rel_1770" value="conj"/> <!--displayed -->
<feat xlink:href="#rel_1771" value="prep"/> <!--at -->
<feat xlink:href="#rel_1772" value="det"/> <!--the -->
<feat xlink:href="#rel_1773" value="pobj"/> <!--entry -->
<feat xlink:href="#rel_1774" value="prep"/> <!--of -->
<feat xlink:href="#rel_1775" value="det"/> <!--the -->
<feat xlink:href="#rel_1776" value="pobj"/> <!--exhibit -->
<feat xlink:href="#rel_1778" value="nn"/> <!--Exhibit -->
<feat xlink:href="#rel_1779" value="nsubj"/> <!--goers -->
<feat xlink:href="#rel_1780" value="advmod"/> <!--then -->
<feat xlink:href="#rel_1782" value="xcomp"/> <!--part -->
<feat xlink:href="#rel_1783" value="prep"/> <!--of -->
<feat xlink:href="#rel_1784" value="det"/> <!--the -->
<feat xlink:href="#rel_1785" value="amod"/> <!--very -->
<feat xlink:href="#rel_1786" value="pobj"/> <!--exhibit -->
<feat xlink:href="#rel_1787" value="nsubj"/> <!--they -->
<feat xlink:href="#rel_1788" value="aux"/> <!--had -->
<feat xlink:href="#rel_1789" value="rcmod"/> <!--wanted -->
<feat xlink:href="#rel_1790" value="aux"/> <!--to -->
<feat xlink:href="#rel_1791" value="xcomp"/> <!--attend -->
<feat xlink:href="#rel_1793" value="prep"/> <!--In -->
<feat xlink:href="#rel_1794" value="pobj"/> <!--fact -->
<feat xlink:href="#rel_1796" value="amod"/> <!--many -->
<feat xlink:href="#rel_1797" value="nsubj"/> <!--people -->
<feat xlink:href="#rel_1798" value="nsubj"/> <!--Wikinews -->
<feat xlink:href="#rel_1799" value="rcmod"/> <!--observed -->
<feat xlink:href="#rel_1801" value="prt"/> <!--out -->
<feat xlink:href="#rel_1802" value="poss"/> <!--their -->
<feat xlink:href="#rel_1803" value="dobj"/> <!--mobiles -->
<feat xlink:href="#rel_1804" value="mark"/> <!--as -->
<feat xlink:href="#rel_1805" value="nsubj"/> <!--they -->
<feat xlink:href="#rel_1806" value="advcl"/> <!--left -->
<feat xlink:href="#rel_1807" value="prep"/> <!--for -->
<feat xlink:href="#rel_1808" value="det"/> <!--the -->
<feat xlink:href="#rel_1809" value="pobj"/> <!--evening -->
<feat xlink:href="#rel_1810" value="cc"/> <!--and -->
<feat xlink:href="#rel_1811" value="conj"/> <!--used -->
<feat xlink:href="#rel_1812" value="poss"/> <!--their -->
<feat xlink:href="#rel_1813" value="amod"/> <!--own -->
<feat xlink:href="#rel_1814" value="nn"/> <!--phone -->
<feat xlink:href="#rel_1815" value="dobj"/> <!--cameras -->
<feat xlink:href="#rel_1816" value="aux"/> <!--to -->
<feat xlink:href="#rel_1817" value="vmod"/> <!--make -->
<feat xlink:href="#rel_1818" value="num"/> <!--one -->
<feat xlink:href="#rel_1819" value="amod"/> <!--further -->
<feat xlink:href="#rel_1820" value="dobj"/> <!--record -->
<feat xlink:href="#rel_1821" value="prep"/> <!--of -->
<feat xlink:href="#rel_1822" value="det"/> <!--the -->
<feat xlink:href="#rel_1823" value="pobj"/> <!--moment -->
<feat xlink:href="#rel_1825" value="det"/> <!--a -->
<feat xlink:href="#rel_1826" value="appos"/> <!--photo -->
<feat xlink:href="#rel_1827" value="prep"/> <!--of -->
<feat xlink:href="#rel_1828" value="det"/> <!--a -->
<feat xlink:href="#rel_1829" value="pobj"/> <!--photo -->
<feat xlink:href="#rel_1831" value="advmod"/> <!--Perhaps -->
<feat xlink:href="#rel_1832" value="nsubj"/> <!--they -->
<feat xlink:href="#rel_1833" value="aux"/> <!--had -->
<feat xlink:href="#rel_1835" value="det"/> <!--an -->
<feat xlink:href="#rel_1836" value="amod"/> <!--important -->
<feat xlink:href="#rel_1837" value="dobj"/> <!--lesson -->
<feat xlink:href="#rel_1838" value="prep"/> <!--from -->
<feat xlink:href="#rel_1839" value="det"/> <!--the -->
<feat xlink:href="#rel_1840" value="nn"/> <!--Warhol -->
<feat xlink:href="#rel_1841" value="pobj"/> <!--exhibit -->
<feat xlink:href="#rel_1842" value="mark"/> <!--that -->
<feat xlink:href="#rel_1843" value="amod"/> <!--cultural -->
<feat xlink:href="#rel_1844" value="nsubj"/> <!--events -->
<feat xlink:href="#rel_1845" value="prep"/> <!--like -->
<feat xlink:href="#rel_1846" value="pobj"/> <!--these -->
<feat xlink:href="#rel_1847" value="cop"/> <!--were -->
<feat xlink:href="#rel_1848" value="ccomp"/> <!--ripe -->
<feat xlink:href="#rel_1849" value="prep"/> <!--for -->
<feat xlink:href="#rel_1850" value="pobj"/> <!--use -->
<feat xlink:href="#rel_1851" value="cc"/> <!--and -->
<feat xlink:href="#rel_1852" value="conj"/> <!--reuse -->
<feat xlink:href="#rel_1854" value="nsubj"/> <!--We -->
<feat xlink:href="#rel_1855" value="aux"/> <!--might -->
<feat xlink:href="#rel_1856" value="advmod"/> <!--even -->
<feat xlink:href="#rel_1858" value="det"/> <!--these -->
<feat xlink:href="#rel_1859" value="nn"/> <!--exit -->
<feat xlink:href="#rel_1860" value="amod"/> <!--instant -->
<feat xlink:href="#rel_1861" value="nn"/> <!--snap -->
<feat xlink:href="#rel_1862" value="dobj"/> <!--shots -->
<feat xlink:href="#rel_1864" value="det"/> <!--the -->
<feat xlink:href="#rel_1865" value="nn"/> <!--self -->
<feat xlink:href="#rel_1866" value="dobj"/> <!--selfie -->
</featList>
</paula>
