<?xml version="1.0" encoding="UTF-8" standalone="no"?>
<!DOCTYPE paula SYSTEM "paula_mark.dtd">
<paula version="1.0">

<header paula_id="ref.GUM.GUM_news_warhol_referentSeg"/>

<markList xmlns:xlink="http://www.w3.org/1999/xlink" type="referentSeg" xml:base="GUM.GUM_news_warhol.tok.xml">
	<mark id="referent_1" xlink:href="#tok_1"/>
	<mark id="referent_2" xlink:href="#xpointer(id('tok_1')/range-to(id('tok_4')))"/>
	<mark id="referent_3" xlink:href="#xpointer(id('tok_7')/range-to(id('tok_8')))"/>
	<mark id="referent_4" xlink:href="#xpointer(id('tok_18')/range-to(id('tok_19')))"/>
	<mark id="referent_5" xlink:href="#xpointer(id('tok_15')/range-to(id('tok_19')))"/>
	<mark id="referent_6" xlink:href="#xpointer(id('tok_23')/range-to(id('tok_30')))"/>
	<mark id="referent_7" xlink:href="#xpointer(id('tok_26')/range-to(id('tok_30')))"/>
	<mark id="referent_8" xlink:href="#tok_27"/>
	<mark id="referent_9" xlink:href="#xpointer(id('tok_9')/range-to(id('tok_14')))"/>
	<mark id="referent_10" xlink:href="#xpointer(id('tok_33')/range-to(id('tok_35')))"/>
	<mark id="referent_11" xlink:href="#tok_34"/>
	<mark id="referent_12" xlink:href="#tok_38"/>
	<mark id="referent_13" xlink:href="#xpointer(id('tok_40')/range-to(id('tok_47')))"/>
	<mark id="referent_14" xlink:href="#xpointer(id('tok_41')/range-to(id('tok_42')))"/>
	<mark id="referent_15" xlink:href="#xpointer(id('tok_51')/range-to(id('tok_52')))"/>
	<mark id="referent_16" xlink:href="#xpointer(id('tok_54')/range-to(id('tok_60')))"/>
	<mark id="referent_17" xlink:href="#xpointer(id('tok_63')/range-to(id('tok_71')))"/>
	<mark id="referent_18" xlink:href="#xpointer(id('tok_64')/range-to(id('tok_65')))"/>
	<mark id="referent_19" xlink:href="#xpointer(id('tok_73')/range-to(id('tok_77')))"/>
	<mark id="referent_20" xlink:href="#tok_81"/>
	<mark id="referent_21" xlink:href="#tok_83"/>
	<mark id="referent_22" xlink:href="#xpointer(id('tok_85')/range-to(id('tok_90')))"/>
	<mark id="referent_23" xlink:href="#xpointer(id('tok_92')/range-to(id('tok_94')))"/>
	<mark id="referent_24" xlink:href="#xpointer(id('tok_96')/range-to(id('tok_103')))"/>
	<mark id="referent_25" xlink:href="#xpointer(id('tok_101')/range-to(id('tok_102')))"/>
	<mark id="referent_26" xlink:href="#xpointer(id('tok_100')/range-to(id('tok_103')))"/>
	<mark id="referent_27" xlink:href="#xpointer(id('tok_105')/range-to(id('tok_109')))"/>
	<mark id="referent_28" xlink:href="#tok_111"/>
	<mark id="referent_29" xlink:href="#xpointer(id('tok_111')/range-to(id('tok_114')))"/>
	<mark id="referent_30" xlink:href="#xpointer(id('tok_117')/range-to(id('tok_125')))"/>
	<mark id="referent_31" xlink:href="#xpointer(id('tok_89')/range-to(id('tok_90')))"/>
	<mark id="referent_32" xlink:href="#xpointer(id('tok_124')/range-to(id('tok_125')))"/>
	<mark id="referent_33" xlink:href="#tok_133"/>
	<mark id="referent_34" xlink:href="#xpointer(id('tok_131')/range-to(id('tok_135')))"/>
	<mark id="referent_35" xlink:href="#xpointer(id('tok_138')/range-to(id('tok_139')))"/>
	<mark id="referent_36" xlink:href="#tok_145"/>
	<mark id="referent_37" xlink:href="#xpointer(id('tok_145')/range-to(id('tok_148')))"/>
	<mark id="referent_38" xlink:href="#tok_150"/>
	<mark id="referent_39" xlink:href="#xpointer(id('tok_150')/range-to(id('tok_151')))"/>
	<mark id="referent_40" xlink:href="#xpointer(id('tok_153')/range-to(id('tok_154')))"/>
	<mark id="referent_41" xlink:href="#tok_158"/>
	<mark id="referent_42" xlink:href="#xpointer(id('tok_160')/range-to(id('tok_161')))"/>
	<mark id="referent_43" xlink:href="#tok_163"/>
	<mark id="referent_44" xlink:href="#tok_160"/>
	<mark id="referent_45" xlink:href="#xpointer(id('tok_165')/range-to(id('tok_168')))"/>
	<mark id="referent_46" xlink:href="#tok_166"/>
	<mark id="referent_47" xlink:href="#xpointer(id('tok_170')/range-to(id('tok_172')))"/>
	<mark id="referent_48" xlink:href="#tok_171"/>
	<mark id="referent_49" xlink:href="#tok_174"/>
	<mark id="referent_50" xlink:href="#tok_177"/>
	<mark id="referent_51" xlink:href="#xpointer(id('tok_177')/range-to(id('tok_179')))"/>
	<mark id="referent_52" xlink:href="#tok_68"/>
	<mark id="referent_53" xlink:href="#xpointer(id('tok_70')/range-to(id('tok_71')))"/>
	<mark id="referent_54" xlink:href="#xpointer(id('tok_181')/range-to(id('tok_183')))"/>
	<mark id="referent_55" xlink:href="#xpointer(id('tok_185')/range-to(id('tok_188')))"/>
	<mark id="referent_56" xlink:href="#tok_190"/>
	<mark id="referent_57" xlink:href="#xpointer(id('tok_190')/range-to(id('tok_192')))"/>
	<mark id="referent_58" xlink:href="#xpointer(id('tok_198')/range-to(id('tok_200')))"/>
	<mark id="referent_59" xlink:href="#xpointer(id('tok_206')/range-to(id('tok_207')))"/>
	<mark id="referent_60" xlink:href="#xpointer(id('tok_209')/range-to(id('tok_210')))"/>
	<mark id="referent_61" xlink:href="#xpointer(id('tok_212')/range-to(id('tok_216')))"/>
	<mark id="referent_62" xlink:href="#xpointer(id('tok_215')/range-to(id('tok_216')))"/>
	<mark id="referent_63" xlink:href="#xpointer(id('tok_218')/range-to(id('tok_221')))"/>
	<mark id="referent_64" xlink:href="#xpointer(id('tok_223')/range-to(id('tok_227')))"/>
	<mark id="referent_65" xlink:href="#tok_231"/>
	<mark id="referent_66" xlink:href="#xpointer(id('tok_233')/range-to(id('tok_239')))"/>
	<mark id="referent_67" xlink:href="#tok_241"/>
	<mark id="referent_68" xlink:href="#xpointer(id('tok_243')/range-to(id('tok_244')))"/>
	<mark id="referent_69" xlink:href="#xpointer(id('tok_220')/range-to(id('tok_221')))"/>
	<mark id="referent_70" xlink:href="#tok_243"/>
	<mark id="referent_71" xlink:href="#xpointer(id('tok_246')/range-to(id('tok_248')))"/>
	<mark id="referent_72" xlink:href="#tok_251"/>
	<mark id="referent_73" xlink:href="#xpointer(id('tok_251')/range-to(id('tok_252')))"/>
	<mark id="referent_74" xlink:href="#xpointer(id('tok_254')/range-to(id('tok_255')))"/>
	<mark id="referent_75" xlink:href="#xpointer(id('tok_260')/range-to(id('tok_265')))"/>
	<mark id="referent_76" xlink:href="#xpointer(id('tok_261')/range-to(id('tok_262')))"/>
	<mark id="referent_77" xlink:href="#xpointer(id('tok_269')/range-to(id('tok_270')))"/>
	<mark id="referent_78" xlink:href="#xpointer(id('tok_272')/range-to(id('tok_280')))"/>
	<mark id="referent_79" xlink:href="#xpointer(id('tok_279')/range-to(id('tok_280')))"/>
	<mark id="referent_80" xlink:href="#xpointer(id('tok_282')/range-to(id('tok_289')))"/>
	<mark id="referent_81" xlink:href="#xpointer(id('tok_283')/range-to(id('tok_284')))"/>
	<mark id="referent_82" xlink:href="#xpointer(id('tok_291')/range-to(id('tok_292')))"/>
	<mark id="referent_83" xlink:href="#xpointer(id('tok_254')/range-to(id('tok_265')))"/>
	<mark id="referent_84" xlink:href="#xpointer(id('tok_294')/range-to(id('tok_296')))"/>
	<mark id="referent_85" xlink:href="#tok_294"/>
	<mark id="referent_86" xlink:href="#tok_299"/>
	<mark id="referent_87" xlink:href="#xpointer(id('tok_301')/range-to(id('tok_302')))"/>
	<mark id="referent_88" xlink:href="#xpointer(id('tok_305')/range-to(id('tok_306')))"/>
	<mark id="referent_89" xlink:href="#xpointer(id('tok_308')/range-to(id('tok_311')))"/>
	<mark id="referent_90" xlink:href="#xpointer(id('tok_316')/range-to(id('tok_317')))"/>
	<mark id="referent_91" xlink:href="#xpointer(id('tok_319')/range-to(id('tok_320')))"/>
	<mark id="referent_92" xlink:href="#tok_326"/>
	<mark id="referent_93" xlink:href="#xpointer(id('tok_328')/range-to(id('tok_329')))"/>
	<mark id="referent_94" xlink:href="#xpointer(id('tok_327')/range-to(id('tok_332')))"/>
	<mark id="referent_95" xlink:href="#xpointer(id('tok_335')/range-to(id('tok_337')))"/>
	<mark id="referent_96" xlink:href="#xpointer(id('tok_310')/range-to(id('tok_311')))"/>
	<mark id="referent_97" xlink:href="#xpointer(id('tok_339')/range-to(id('tok_341')))"/>
	<mark id="referent_98" xlink:href="#xpointer(id('tok_343')/range-to(id('tok_350')))"/>
	<mark id="referent_99" xlink:href="#xpointer(id('tok_345')/range-to(id('tok_346')))"/>
	<mark id="referent_100" xlink:href="#xpointer(id('tok_352')/range-to(id('tok_353')))"/>
	<mark id="referent_101" xlink:href="#tok_359"/>
	<mark id="referent_102" xlink:href="#xpointer(id('tok_359')/range-to(id('tok_362')))"/>
	<mark id="referent_103" xlink:href="#xpointer(id('tok_365')/range-to(id('tok_367')))"/>
	<mark id="referent_104" xlink:href="#tok_375"/>
	<mark id="referent_105" xlink:href="#xpointer(id('tok_375')/range-to(id('tok_378')))"/>
	<mark id="referent_106" xlink:href="#tok_385"/>
	<mark id="referent_107" xlink:href="#tok_275"/>
	<mark id="referent_108" xlink:href="#tok_387"/>
	<mark id="referent_109" xlink:href="#xpointer(id('tok_387')/range-to(id('tok_388')))"/>
	<mark id="referent_110" xlink:href="#xpointer(id('tok_389')/range-to(id('tok_390')))"/>
	<mark id="referent_111" xlink:href="#xpointer(id('tok_392')/range-to(id('tok_405')))"/>
	<mark id="referent_112" xlink:href="#xpointer(id('tok_395')/range-to(id('tok_396')))"/>
	<mark id="referent_113" xlink:href="#xpointer(id('tok_407')/range-to(id('tok_411')))"/>
	<mark id="referent_114" xlink:href="#xpointer(id('tok_413')/range-to(id('tok_414')))"/>
	<mark id="referent_115" xlink:href="#xpointer(id('tok_416')/range-to(id('tok_418')))"/>
	<mark id="referent_116" xlink:href="#tok_422"/>
	<mark id="referent_117" xlink:href="#tok_424"/>
	<mark id="referent_118" xlink:href="#xpointer(id('tok_426')/range-to(id('tok_431')))"/>
	<mark id="referent_119" xlink:href="#xpointer(id('tok_433')/range-to(id('tok_434')))"/>
	<mark id="referent_120" xlink:href="#tok_439"/>
	<mark id="referent_121" xlink:href="#xpointer(id('tok_442')/range-to(id('tok_445')))"/>
	<mark id="referent_122" xlink:href="#xpointer(id('tok_447')/range-to(id('tok_449')))"/>
	<mark id="referent_123" xlink:href="#xpointer(id('tok_455')/range-to(id('tok_462')))"/>
	<mark id="referent_124" xlink:href="#xpointer(id('tok_456')/range-to(id('tok_457')))"/>
	<mark id="referent_125" xlink:href="#xpointer(id('tok_466')/range-to(id('tok_475')))"/>
	<mark id="referent_126" xlink:href="#tok_475"/>
	<mark id="referent_127" xlink:href="#xpointer(id('tok_470')/range-to(id('tok_473')))"/>
	<mark id="referent_128" xlink:href="#xpointer(id('tok_470')/range-to(id('tok_471')))"/>
	<mark id="referent_129" xlink:href="#tok_477"/>
	<mark id="referent_130" xlink:href="#xpointer(id('tok_483')/range-to(id('tok_484')))"/>
	<mark id="referent_131" xlink:href="#tok_487"/>
	<mark id="referent_132" xlink:href="#xpointer(id('tok_489')/range-to(id('tok_498')))"/>
	<mark id="referent_133" xlink:href="#xpointer(id('tok_495')/range-to(id('tok_498')))"/>
	<mark id="referent_134" xlink:href="#xpointer(id('tok_496')/range-to(id('tok_497')))"/>
	<mark id="referent_135" xlink:href="#xpointer(id('tok_501')/range-to(id('tok_502')))"/>
	<mark id="referent_136" xlink:href="#xpointer(id('tok_504')/range-to(id('tok_506')))"/>
	<mark id="referent_137" xlink:href="#xpointer(id('tok_509')/range-to(id('tok_510')))"/>
	<mark id="referent_138" xlink:href="#xpointer(id('tok_513')/range-to(id('tok_516')))"/>
	<mark id="referent_139" xlink:href="#xpointer(id('tok_518')/range-to(id('tok_519')))"/>
	<mark id="referent_140" xlink:href="#tok_522"/>
	<mark id="referent_141" xlink:href="#xpointer(id('tok_528')/range-to(id('tok_531')))"/>
	<mark id="referent_142" xlink:href="#xpointer(id('tok_536')/range-to(id('tok_537')))"/>
	<mark id="referent_143" xlink:href="#tok_540"/>
	<mark id="referent_144" xlink:href="#tok_543"/>
	<mark id="referent_145" xlink:href="#xpointer(id('tok_543')/range-to(id('tok_544')))"/>
	<mark id="referent_146" xlink:href="#xpointer(id('tok_549')/range-to(id('tok_551')))"/>
	<mark id="referent_147" xlink:href="#xpointer(id('tok_564')/range-to(id('tok_568')))"/>
	<mark id="referent_148" xlink:href="#xpointer(id('tok_571')/range-to(id('tok_576')))"/>
	<mark id="referent_149" xlink:href="#xpointer(id('tok_553')/range-to(id('tok_562')))"/>
	<mark id="referent_150" xlink:href="#xpointer(id('tok_578')/range-to(id('tok_585')))"/>
	<mark id="referent_151" xlink:href="#xpointer(id('tok_587')/range-to(id('tok_588')))"/>
	<mark id="referent_152" xlink:href="#xpointer(id('tok_590')/range-to(id('tok_592')))"/>
	<mark id="referent_153" xlink:href="#xpointer(id('tok_574')/range-to(id('tok_575')))"/>
	<mark id="referent_154" xlink:href="#tok_549"/>
	<mark id="referent_155" xlink:href="#tok_597"/>
	<mark id="referent_156" xlink:href="#xpointer(id('tok_599')/range-to(id('tok_600')))"/>
	<mark id="referent_157" xlink:href="#xpointer(id('tok_602')/range-to(id('tok_603')))"/>
	<mark id="referent_158" xlink:href="#xpointer(id('tok_609')/range-to(id('tok_610')))"/>
	<mark id="referent_159" xlink:href="#xpointer(id('tok_615')/range-to(id('tok_618')))"/>
	<mark id="referent_160" xlink:href="#xpointer(id('tok_620')/range-to(id('tok_626')))"/>
	<mark id="referent_161" xlink:href="#xpointer(id('tok_631')/range-to(id('tok_632')))"/>
	<mark id="referent_162" xlink:href="#tok_636"/>
	<mark id="referent_163" xlink:href="#xpointer(id('tok_636')/range-to(id('tok_638')))"/>
	<mark id="referent_164" xlink:href="#tok_637"/>
	<mark id="referent_165" xlink:href="#tok_640"/>
	<mark id="referent_166" xlink:href="#xpointer(id('tok_644')/range-to(id('tok_646')))"/>
	<mark id="referent_167" xlink:href="#xpointer(id('tok_648')/range-to(id('tok_649')))"/>
	<mark id="referent_168" xlink:href="#tok_634"/>
	<mark id="referent_169" xlink:href="#xpointer(id('tok_634')/range-to(id('tok_638')))"/>
	<mark id="referent_170" xlink:href="#xpointer(id('tok_653')/range-to(id('tok_654')))"/>
	<mark id="referent_171" xlink:href="#xpointer(id('tok_659')/range-to(id('tok_660')))"/>
	<mark id="referent_172" xlink:href="#xpointer(id('tok_664')/range-to(id('tok_667')))"/>
	<mark id="referent_173" xlink:href="#xpointer(id('tok_670')/range-to(id('tok_676')))"/>
	<mark id="referent_174" xlink:href="#xpointer(id('tok_656')/range-to(id('tok_676')))"/>
	<mark id="referent_175" xlink:href="#xpointer(id('tok_683')/range-to(id('tok_684')))"/>
	<mark id="referent_176" xlink:href="#xpointer(id('tok_686')/range-to(id('tok_691')))"/>
	<mark id="referent_177" xlink:href="#xpointer(id('tok_687')/range-to(id('tok_688')))"/>
	<mark id="referent_178" xlink:href="#tok_693"/>
	<mark id="referent_179" xlink:href="#xpointer(id('tok_694')/range-to(id('tok_695')))"/>
	<mark id="referent_180" xlink:href="#xpointer(id('tok_698')/range-to(id('tok_703')))"/>
	<mark id="referent_181" xlink:href="#xpointer(id('tok_699')/range-to(id('tok_700')))"/>
	<mark id="referent_182" xlink:href="#xpointer(id('tok_705')/range-to(id('tok_708')))"/>
	<mark id="referent_183" xlink:href="#xpointer(id('tok_707')/range-to(id('tok_708')))"/>
	<mark id="referent_184" xlink:href="#xpointer(id('tok_710')/range-to(id('tok_714')))"/>
	<mark id="referent_185" xlink:href="#xpointer(id('tok_712')/range-to(id('tok_713')))"/>
	<mark id="referent_186" xlink:href="#tok_716"/>
	<mark id="referent_187" xlink:href="#xpointer(id('tok_718')/range-to(id('tok_720')))"/>
	<mark id="referent_188" xlink:href="#xpointer(id('tok_722')/range-to(id('tok_724')))"/>
	<mark id="referent_189" xlink:href="#tok_729"/>
	<mark id="referent_190" xlink:href="#xpointer(id('tok_733')/range-to(id('tok_734')))"/>
	<mark id="referent_191" xlink:href="#xpointer(id('tok_729')/range-to(id('tok_734')))"/>
	<mark id="referent_192" xlink:href="#tok_743"/>
	<mark id="referent_193" xlink:href="#tok_749"/>
	<mark id="referent_194" xlink:href="#tok_752"/>
	<mark id="referent_195" xlink:href="#tok_758"/>
	<mark id="referent_196" xlink:href="#tok_779"/>
	<mark id="referent_197" xlink:href="#tok_781"/>
	<mark id="referent_198" xlink:href="#tok_785"/>
	<mark id="referent_199" xlink:href="#tok_788"/>
	<mark id="referent_200" xlink:href="#xpointer(id('tok_791')/range-to(id('tok_792')))"/>
	<mark id="referent_201" xlink:href="#tok_806"/>
	<mark id="referent_202" xlink:href="#xpointer(id('tok_811')/range-to(id('tok_812')))"/>
	<mark id="referent_203" xlink:href="#tok_824"/>
	<mark id="referent_204" xlink:href="#xpointer(id('tok_831')/range-to(id('tok_832')))"/>
	<mark id="referent_205" xlink:href="#tok_835"/>
	<mark id="referent_206" xlink:href="#xpointer(id('tok_838')/range-to(id('tok_841')))"/>
	<mark id="referent_207" xlink:href="#tok_841"/>
	<mark id="referent_208" xlink:href="#xpointer(id('tok_845')/range-to(id('tok_847')))"/>
	<mark id="referent_209" xlink:href="#tok_843"/>
	<mark id="referent_210" xlink:href="#xpointer(id('tok_849')/range-to(id('tok_851')))"/>
	<mark id="referent_211" xlink:href="#xpointer(id('tok_856')/range-to(id('tok_871')))"/>
	<mark id="referent_212" xlink:href="#xpointer(id('tok_873')/range-to(id('tok_877')))"/>
	<mark id="referent_213" xlink:href="#xpointer(id('tok_882')/range-to(id('tok_890')))"/>
	<mark id="referent_214" xlink:href="#xpointer(id('tok_893')/range-to(id('tok_904')))"/>
	<mark id="referent_215" xlink:href="#xpointer(id('tok_853')/range-to(id('tok_854')))"/>
	<mark id="referent_216" xlink:href="#xpointer(id('tok_860')/range-to(id('tok_862')))"/>
	<mark id="referent_217" xlink:href="#tok_868"/>
	<mark id="referent_218" xlink:href="#xpointer(id('tok_870')/range-to(id('tok_871')))"/>
	<mark id="referent_219" xlink:href="#xpointer(id('tok_879')/range-to(id('tok_880')))"/>
	<mark id="referent_220" xlink:href="#tok_906"/>
	<mark id="referent_221" xlink:href="#xpointer(id('tok_908')/range-to(id('tok_910')))"/>
	<mark id="referent_222" xlink:href="#tok_909"/>
	<mark id="referent_223" xlink:href="#xpointer(id('tok_914')/range-to(id('tok_918')))"/>
	<mark id="referent_224" xlink:href="#xpointer(id('tok_916')/range-to(id('tok_918')))"/>
	<mark id="referent_225" xlink:href="#xpointer(id('tok_920')/range-to(id('tok_924')))"/>
	<mark id="referent_226" xlink:href="#tok_924"/>
	<mark id="referent_227" xlink:href="#xpointer(id('tok_926')/range-to(id('tok_927')))"/>
	<mark id="referent_228" xlink:href="#xpointer(id('tok_929')/range-to(id('tok_931')))"/>
	<mark id="referent_229" xlink:href="#xpointer(id('tok_934')/range-to(id('tok_948')))"/>
	<mark id="referent_230" xlink:href="#tok_937"/>
	<mark id="referent_231" xlink:href="#xpointer(id('tok_950')/range-to(id('tok_951')))"/>
	<mark id="referent_232" xlink:href="#xpointer(id('tok_953')/range-to(id('tok_964')))"/>
	<mark id="referent_233" xlink:href="#xpointer(id('tok_969')/range-to(id('tok_970')))"/>
	<mark id="referent_234" xlink:href="#xpointer(id('tok_975')/range-to(id('tok_982')))"/>
	<mark id="referent_235" xlink:href="#xpointer(id('tok_973')/range-to(id('tok_982')))"/>
	<mark id="referent_236" xlink:href="#tok_985"/>
	<mark id="referent_237" xlink:href="#tok_996"/>
	<mark id="referent_238" xlink:href="#xpointer(id('tok_977')/range-to(id('tok_982')))"/>
	<mark id="referent_239" xlink:href="#xpointer(id('tok_996')/range-to(id('tok_999')))"/>
	<mark id="referent_240" xlink:href="#tok_1000"/>
	<mark id="referent_241" xlink:href="#xpointer(id('tok_1004')/range-to(id('tok_1008')))"/>
	<mark id="referent_242" xlink:href="#xpointer(id('tok_1007')/range-to(id('tok_1008')))"/>
	<mark id="referent_243" xlink:href="#tok_1011"/>
	<mark id="referent_244" xlink:href="#tok_1013"/>
	<mark id="referent_245" xlink:href="#xpointer(id('tok_1015')/range-to(id('tok_1016')))"/>
	<mark id="referent_246" xlink:href="#tok_1018"/>
	<mark id="referent_247" xlink:href="#xpointer(id('tok_1021')/range-to(id('tok_1022')))"/>
	<mark id="referent_248" xlink:href="#tok_1030"/>
	<mark id="referent_249" xlink:href="#xpointer(id('tok_1027')/range-to(id('tok_1029')))"/>
	<mark id="referent_250" xlink:href="#tok_1033"/>
	<mark id="referent_251" xlink:href="#tok_1173"/>
	<mark id="referent_252" xlink:href="#xpointer(id('tok_1033')/range-to(id('tok_1036')))"/>
	<mark id="referent_253" xlink:href="#tok_1038"/>
	<mark id="referent_254" xlink:href="#xpointer(id('tok_1045')/range-to(id('tok_1048')))"/>
	<mark id="referent_255" xlink:href="#xpointer(id('tok_1051')/range-to(id('tok_1052')))"/>
	<mark id="referent_256" xlink:href="#xpointer(id('tok_1056')/range-to(id('tok_1058')))"/>
	<mark id="referent_257" xlink:href="#xpointer(id('tok_1065')/range-to(id('tok_1066')))"/>
	<mark id="referent_258" xlink:href="#tok_1073"/>
	<mark id="referent_259" xlink:href="#xpointer(id('tok_1075')/range-to(id('tok_1078')))"/>
	<mark id="referent_260" xlink:href="#xpointer(id('tok_1080')/range-to(id('tok_1082')))"/>
	<mark id="referent_261" xlink:href="#tok_1081"/>
	<mark id="referent_262" xlink:href="#xpointer(id('tok_1084')/range-to(id('tok_1089')))"/>
	<mark id="referent_263" xlink:href="#xpointer(id('tok_1088')/range-to(id('tok_1089')))"/>
	<mark id="referent_264" xlink:href="#xpointer(id('tok_1099')/range-to(id('tok_1101')))"/>
	<mark id="referent_265" xlink:href="#xpointer(id('tok_1107')/range-to(id('tok_1108')))"/>
	<mark id="referent_266" xlink:href="#tok_1110"/>
	<mark id="referent_267" xlink:href="#xpointer(id('tok_1115')/range-to(id('tok_1119')))"/>
	<mark id="referent_268" xlink:href="#xpointer(id('tok_1118')/range-to(id('tok_1119')))"/>
	<mark id="referent_269" xlink:href="#tok_1127"/>
	<mark id="referent_270" xlink:href="#xpointer(id('tok_1143')/range-to(id('tok_1144')))"/>
	<mark id="referent_271" xlink:href="#xpointer(id('tok_1143')/range-to(id('tok_1146')))"/>
	<mark id="referent_272" xlink:href="#xpointer(id('tok_1149')/range-to(id('tok_1150')))"/>
	<mark id="referent_273" xlink:href="#tok_1152"/>
	<mark id="referent_274" xlink:href="#tok_1160"/>
	<mark id="referent_275" xlink:href="#tok_1167"/>
	<mark id="referent_276" xlink:href="#xpointer(id('tok_1170')/range-to(id('tok_1171')))"/>
	<mark id="referent_277" xlink:href="#xpointer(id('tok_1173')/range-to(id('tok_1178')))"/>
	<mark id="referent_278" xlink:href="#tok_1183"/>
	<mark id="referent_279" xlink:href="#xpointer(id('tok_1185')/range-to(id('tok_1186')))"/>
	<mark id="referent_280" xlink:href="#xpointer(id('tok_1191')/range-to(id('tok_1193')))"/>
	<mark id="referent_281" xlink:href="#xpointer(id('tok_1195')/range-to(id('tok_1200')))"/>
	<mark id="referent_282" xlink:href="#xpointer(id('tok_1205')/range-to(id('tok_1210')))"/>
	<mark id="referent_283" xlink:href="#xpointer(id('tok_1217')/range-to(id('tok_1219')))"/>
	<mark id="referent_284" xlink:href="#tok_1215"/>
	<mark id="referent_285" xlink:href="#tok_1208"/>
	<mark id="referent_286" xlink:href="#tok_1221"/>
	<mark id="referent_287" xlink:href="#tok_1223"/>
	<mark id="referent_288" xlink:href="#tok_1244"/>
	<mark id="referent_289" xlink:href="#tok_1239"/>
	<mark id="referent_290" xlink:href="#xpointer(id('tok_1232')/range-to(id('tok_1234')))"/>
	<mark id="referent_291" xlink:href="#xpointer(id('tok_1250')/range-to(id('tok_1252')))"/>
	<mark id="referent_292" xlink:href="#xpointer(id('tok_1260')/range-to(id('tok_1261')))"/>
	<mark id="referent_293" xlink:href="#xpointer(id('tok_1263')/range-to(id('tok_1264')))"/>
	<mark id="referent_294" xlink:href="#xpointer(id('tok_1266')/range-to(id('tok_1267')))"/>
	<mark id="referent_295" xlink:href="#xpointer(id('tok_1269')/range-to(id('tok_1270')))"/>
	<mark id="referent_296" xlink:href="#xpointer(id('tok_1273')/range-to(id('tok_1274')))"/>
	<mark id="referent_297" xlink:href="#tok_1276"/>
	<mark id="referent_298" xlink:href="#tok_1281"/>
	<mark id="referent_299" xlink:href="#xpointer(id('tok_1286')/range-to(id('tok_1287')))"/>
	<mark id="referent_300" xlink:href="#xpointer(id('tok_1289')/range-to(id('tok_1293')))"/>
	<mark id="referent_301" xlink:href="#tok_1313"/>
	<mark id="referent_302" xlink:href="#tok_1297"/>
	<mark id="referent_303" xlink:href="#tok_1300"/>
	<mark id="referent_304" xlink:href="#tok_1315"/>
	<mark id="referent_305" xlink:href="#tok_1331"/>
	<mark id="referent_306" xlink:href="#xpointer(id('tok_1364')/range-to(id('tok_1365')))"/>
	<mark id="referent_307" xlink:href="#tok_1377"/>
	<mark id="referent_308" xlink:href="#tok_1380"/>
	<mark id="referent_309" xlink:href="#tok_1403"/>
	<mark id="referent_310" xlink:href="#tok_1407"/>
	<mark id="referent_311" xlink:href="#tok_1411"/>
	<mark id="referent_312" xlink:href="#tok_1200"/>
	<mark id="referent_313" xlink:href="#xpointer(id('tok_1401')/range-to(id('tok_1403')))"/>
	<mark id="referent_314" xlink:href="#xpointer(id('tok_1405')/range-to(id('tok_1407')))"/>
	<mark id="referent_315" xlink:href="#xpointer(id('tok_1409')/range-to(id('tok_1411')))"/>
	<mark id="referent_316" xlink:href="#xpointer(id('tok_1308')/range-to(id('tok_1309')))"/>
	<mark id="referent_317" xlink:href="#xpointer(id('tok_1304')/range-to(id('tok_1306')))"/>
	<mark id="referent_318" xlink:href="#tok_1290"/>
	<mark id="referent_319" xlink:href="#xpointer(id('tok_1320')/range-to(id('tok_1322')))"/>
	<mark id="referent_320" xlink:href="#tok_1328"/>
	<mark id="referent_321" xlink:href="#xpointer(id('tok_1337')/range-to(id('tok_1338')))"/>
	<mark id="referent_322" xlink:href="#xpointer(id('tok_1340')/range-to(id('tok_1343')))"/>
	<mark id="referent_323" xlink:href="#xpointer(id('tok_1213')/range-to(id('tok_1215')))"/>
	<mark id="referent_324" xlink:href="#xpointer(id('tok_1345')/range-to(id('tok_1346')))"/>
	<mark id="referent_325" xlink:href="#tok_1349"/>
	<mark id="referent_326" xlink:href="#xpointer(id('tok_1352')/range-to(id('tok_1356')))"/>
	<mark id="referent_327" xlink:href="#tok_1359"/>
	<mark id="referent_328" xlink:href="#tok_1375"/>
	<mark id="referent_329" xlink:href="#xpointer(id('tok_1418')/range-to(id('tok_1420')))"/>
	<mark id="referent_330" xlink:href="#tok_1423"/>
	<mark id="referent_331" xlink:href="#xpointer(id('tok_1391')/range-to(id('tok_1396')))"/>
	<mark id="referent_332" xlink:href="#tok_1425"/>
	<mark id="referent_333" xlink:href="#xpointer(id('tok_1395')/range-to(id('tok_1396')))"/>
	<mark id="referent_334" xlink:href="#xpointer(id('tok_1433')/range-to(id('tok_1434')))"/>
	<mark id="referent_335" xlink:href="#tok_1436"/>
	<mark id="referent_336" xlink:href="#tok_1445"/>
	<mark id="referent_337" xlink:href="#tok_1449"/>
	<mark id="referent_338" xlink:href="#tok_1468"/>
	<mark id="referent_339" xlink:href="#xpointer(id('tok_1473')/range-to(id('tok_1474')))"/>
	<mark id="referent_340" xlink:href="#xpointer(id('tok_1476')/range-to(id('tok_1481')))"/>
	<mark id="referent_341" xlink:href="#tok_1484"/>
	<mark id="referent_342" xlink:href="#tok_1502"/>
	<mark id="referent_343" xlink:href="#tok_1510"/>
	<mark id="referent_344" xlink:href="#tok_1520"/>
	<mark id="referent_345" xlink:href="#tok_1522"/>
	<mark id="referent_346" xlink:href="#xpointer(id('tok_1529')/range-to(id('tok_1530')))"/>
	<mark id="referent_347" xlink:href="#xpointer(id('tok_1532')/range-to(id('tok_1536')))"/>
	<mark id="referent_348" xlink:href="#tok_1538"/>
	<mark id="referent_349" xlink:href="#xpointer(id('tok_1490')/range-to(id('tok_1491')))"/>
	<mark id="referent_350" xlink:href="#xpointer(id('tok_1494')/range-to(id('tok_1496')))"/>
	<mark id="referent_351" xlink:href="#xpointer(id('tok_1505')/range-to(id('tok_1506')))"/>
	<mark id="referent_352" xlink:href="#tok_1457"/>
	<mark id="referent_353" xlink:href="#tok_1471"/>
	<mark id="referent_354" xlink:href="#xpointer(id('tok_1471')/range-to(id('tok_1472')))"/>
	<mark id="referent_355" xlink:href="#tok_1518"/>
	<mark id="referent_356" xlink:href="#tok_1544"/>
	<mark id="referent_357" xlink:href="#xpointer(id('tok_1548')/range-to(id('tok_1549')))"/>
	<mark id="referent_358" xlink:href="#xpointer(id('tok_1557')/range-to(id('tok_1559')))"/>
	<mark id="referent_359" xlink:href="#tok_1564"/>
	<mark id="referent_360" xlink:href="#tok_1571"/>
	<mark id="referent_361" xlink:href="#tok_1573"/>
	<mark id="referent_362" xlink:href="#xpointer(id('tok_1577')/range-to(id('tok_1580')))"/>
	<mark id="referent_363" xlink:href="#xpointer(id('tok_1585')/range-to(id('tok_1588')))"/>
	<mark id="referent_364" xlink:href="#xpointer(id('tok_1590')/range-to(id('tok_1595')))"/>
	<mark id="referent_365" xlink:href="#xpointer(id('tok_1598')/range-to(id('tok_1599')))"/>
	<mark id="referent_366" xlink:href="#xpointer(id('tok_1601')/range-to(id('tok_1605')))"/>
	<mark id="referent_367" xlink:href="#xpointer(id('tok_1607')/range-to(id('tok_1608')))"/>
	<mark id="referent_368" xlink:href="#tok_1611"/>
	<mark id="referent_369" xlink:href="#tok_1617"/>
	<mark id="referent_370" xlink:href="#tok_1625"/>
	<mark id="referent_371" xlink:href="#tok_1629"/>
	<mark id="referent_372" xlink:href="#xpointer(id('tok_1554')/range-to(id('tok_1559')))"/>
	<mark id="referent_373" xlink:href="#xpointer(id('tok_1637')/range-to(id('tok_1638')))"/>
	<mark id="referent_374" xlink:href="#xpointer(id('tok_1635')/range-to(id('tok_1638')))"/>
	<mark id="referent_375" xlink:href="#tok_1644"/>
	<mark id="referent_376" xlink:href="#xpointer(id('tok_1644')/range-to(id('tok_1647')))"/>
	<mark id="referent_377" xlink:href="#tok_1631"/>
	<mark id="referent_378" xlink:href="#tok_1650"/>
	<mark id="referent_379" xlink:href="#tok_1656"/>
	<mark id="referent_380" xlink:href="#tok_1662"/>
	<mark id="referent_381" xlink:href="#tok_1654"/>
	<mark id="referent_382" xlink:href="#xpointer(id('tok_1659')/range-to(id('tok_1660')))"/>
	<mark id="referent_383" xlink:href="#xpointer(id('tok_1668')/range-to(id('tok_1670')))"/>
	<mark id="referent_384" xlink:href="#xpointer(id('tok_1673')/range-to(id('tok_1677')))"/>
	<mark id="referent_385" xlink:href="#tok_1683"/>
	<mark id="referent_386" xlink:href="#xpointer(id('tok_1665')/range-to(id('tok_1670')))"/>
	<mark id="referent_387" xlink:href="#tok_1685"/>
	<mark id="referent_388" xlink:href="#xpointer(id('tok_1688')/range-to(id('tok_1690')))"/>
	<mark id="referent_389" xlink:href="#xpointer(id('tok_1692')/range-to(id('tok_1694')))"/>
	<mark id="referent_390" xlink:href="#xpointer(id('tok_1698')/range-to(id('tok_1701')))"/>
	<mark id="referent_391" xlink:href="#tok_1703"/>
	<mark id="referent_392" xlink:href="#xpointer(id('tok_1706')/range-to(id('tok_1710')))"/>
	<mark id="referent_393" xlink:href="#tok_1139"/>
	<mark id="referent_394" xlink:href="#xpointer(id('tok_1712')/range-to(id('tok_1716')))"/>
	<mark id="referent_395" xlink:href="#xpointer(id('tok_1722')/range-to(id('tok_1724')))"/>
	<mark id="referent_396" xlink:href="#tok_1733"/>
	<mark id="referent_397" xlink:href="#xpointer(id('tok_1726')/range-to(id('tok_1731')))"/>
	<mark id="referent_398" xlink:href="#tok_1744"/>
	<mark id="referent_399" xlink:href="#xpointer(id('tok_1747')/range-to(id('tok_1749')))"/>
	<mark id="referent_400" xlink:href="#xpointer(id('tok_1752')/range-to(id('tok_1753')))"/>
	<mark id="referent_401" xlink:href="#xpointer(id('tok_1756')/range-to(id('tok_1758')))"/>
	<mark id="referent_402" xlink:href="#xpointer(id('tok_1741')/range-to(id('tok_1742')))"/>
	<mark id="referent_403" xlink:href="#xpointer(id('tok_1736')/range-to(id('tok_1738')))"/>
	<mark id="referent_404" xlink:href="#xpointer(id('tok_1761')/range-to(id('tok_1762')))"/>
	<mark id="referent_405" xlink:href="#xpointer(id('tok_1772')/range-to(id('tok_1776')))"/>
	<mark id="referent_406" xlink:href="#xpointer(id('tok_1775')/range-to(id('tok_1776')))"/>
	<mark id="referent_407" xlink:href="#xpointer(id('tok_1778')/range-to(id('tok_1779')))"/>
	<mark id="referent_408" xlink:href="#xpointer(id('tok_1784')/range-to(id('tok_1786')))"/>
	<mark id="referent_409" xlink:href="#tok_1787"/>
	<mark id="referent_410" xlink:href="#xpointer(id('tok_1796')/range-to(id('tok_1797')))"/>
	<mark id="referent_411" xlink:href="#tok_1798"/>
	<mark id="referent_412" xlink:href="#xpointer(id('tok_1802')/range-to(id('tok_1803')))"/>
	<mark id="referent_413" xlink:href="#tok_1805"/>
	<mark id="referent_414" xlink:href="#xpointer(id('tok_1812')/range-to(id('tok_1815')))"/>
	<mark id="referent_415" xlink:href="#xpointer(id('tok_1818')/range-to(id('tok_1823')))"/>
	<mark id="referent_416" xlink:href="#xpointer(id('tok_1825')/range-to(id('tok_1829')))"/>
	<mark id="referent_417" xlink:href="#xpointer(id('tok_1828')/range-to(id('tok_1829')))"/>
	<mark id="referent_418" xlink:href="#tok_1832"/>
	<mark id="referent_419" xlink:href="#xpointer(id('tok_1839')/range-to(id('tok_1841')))"/>
	<mark id="referent_420" xlink:href="#tok_1840"/>
	<mark id="referent_421" xlink:href="#tok_1846"/>
	<mark id="referent_422" xlink:href="#xpointer(id('tok_1843')/range-to(id('tok_1844')))"/>
	<mark id="referent_423" xlink:href="#tok_1676"/>
	<mark id="referent_424" xlink:href="#xpointer(id('tok_1858')/range-to(id('tok_1862')))"/>
	<mark id="referent_425" xlink:href="#xpointer(id('tok_1864')/range-to(id('tok_1866')))"/>
	<mark id="referent_426" xlink:href="#tok_1854"/>
	<mark id="referent_427" xlink:href="#tok_528"/>
	<mark id="referent_428" xlink:href="#tok_944"/>
	<mark id="referent_429" xlink:href="#tok_1802"/>
	<mark id="referent_430" xlink:href="#tok_1812"/>
	<mark id="referent_431" xlink:href="#tok_23"/>
	<mark id="referent_432" xlink:href="#tok_802"/>
	<mark id="referent_433" xlink:href="#tok_977"/>
	<mark id="referent_434" xlink:href="#tok_831"/>
	<mark id="referent_435" xlink:href="#tok_1185"/>
	<mark id="referent_436" xlink:href="#tok_1191"/>
	<mark id="referent_437" xlink:href="#tok_1195"/>
	<mark id="referent_438" xlink:href="#tok_1308"/>
	<mark id="referent_439" xlink:href="#tok_1395"/>
	<mark id="referent_440" xlink:href="#tok_1433"/>
	<mark id="referent_441" xlink:href="#tok_1398"/>
	<mark id="referent_442" xlink:href="#tok_1346"/>
	<mark id="referent_443" xlink:href="#xpointer(id('tok_701')/range-to(id('tok_702')))"/>
	<mark id="referent_444" xlink:href="#xpointer(id('tok_689')/range-to(id('tok_690')))"/>
	<mark id="referent_445" xlink:href="#xpointer(id('tok_330')/range-to(id('tok_331')))"/>
	<mark id="referent_446" xlink:href="#xpointer(id('tok_263')/range-to(id('tok_264')))"/>
</markList>
</paula>
