<?xml version="1.0" encoding="UTF-8" standalone="no"?>

<!DOCTYPE paula SYSTEM "paula_feat.dtd">
<paula version="1.0">

<header paula_id="ref.GUM.GUM_news_warhol.referentSeg_coref_type"/>

<featList xmlns:xlink="http://www.w3.org/1999/xlink" type="type" xml:base="ref.GUM.GUM_news_warhol.referentSeg_coref.xml">
	<feat xlink:href="#rel_1" value="coref"/>
	<feat xlink:href="#rel_2" value="coref"/>
	<feat xlink:href="#rel_3" value="coref"/>
	<feat xlink:href="#rel_4" value="bridge"/>
	<feat xlink:href="#rel_5" value="coref"/>
	<feat xlink:href="#rel_6" value="coref"/>
	<feat xlink:href="#rel_7" value="coref"/>
	<feat xlink:href="#rel_8" value="coref"/>
	<feat xlink:href="#rel_9" value="coref"/>
	<feat xlink:href="#rel_10" value="coref"/>
	<feat xlink:href="#rel_11" value="coref"/>
	<feat xlink:href="#rel_12" value="bridge"/>
	<feat xlink:href="#rel_13" value="coref"/>
	<feat xlink:href="#rel_14" value="coref"/>
	<feat xlink:href="#rel_15" value="coref"/>
	<feat xlink:href="#rel_16" value="coref"/>
	<feat xlink:href="#rel_17" value="coref"/>
	<feat xlink:href="#rel_18" value="coref"/>
	<feat xlink:href="#rel_19" value="coref"/>
	<feat xlink:href="#rel_20" value="coref"/>
	<feat xlink:href="#rel_21" value="coref"/>
	<feat xlink:href="#rel_22" value="coref"/>
	<feat xlink:href="#rel_23" value="ana"/>
	<feat xlink:href="#rel_24" value="coref"/>
	<feat xlink:href="#rel_25" value="coref"/>
	<feat xlink:href="#rel_26" value="coref"/>
	<feat xlink:href="#rel_27" value="coref"/>
	<feat xlink:href="#rel_28" value="coref"/>
	<feat xlink:href="#rel_29" value="coref"/>
	<feat xlink:href="#rel_30" value="coref"/>
	<feat xlink:href="#rel_31" value="appos"/>
	<feat xlink:href="#rel_32" value="coref"/>
	<feat xlink:href="#rel_33" value="coref"/>
	<feat xlink:href="#rel_34" value="coref"/>
	<feat xlink:href="#rel_35" value="coref"/>
	<feat xlink:href="#rel_36" value="ana"/>
	<feat xlink:href="#rel_37" value="coref"/>
	<feat xlink:href="#rel_38" value="coref"/>
	<feat xlink:href="#rel_39" value="ana"/>
	<feat xlink:href="#rel_40" value="coref"/>
	<feat xlink:href="#rel_41" value="coref"/>
	<feat xlink:href="#rel_42" value="coref"/>
	<feat xlink:href="#rel_43" value="coref"/>
	<feat xlink:href="#rel_44" value="ana"/>
	<feat xlink:href="#rel_45" value="coref"/>
	<feat xlink:href="#rel_46" value="coref"/>
	<feat xlink:href="#rel_47" value="coref"/>
	<feat xlink:href="#rel_48" value="coref"/>
	<feat xlink:href="#rel_49" value="coref"/>
	<feat xlink:href="#rel_50" value="coref"/>
	<feat xlink:href="#rel_51" value="coref"/>
	<feat xlink:href="#rel_52" value="bridge"/>
	<feat xlink:href="#rel_53" value="coref"/>
	<feat xlink:href="#rel_54" value="coref"/>
	<feat xlink:href="#rel_55" value="coref"/>
	<feat xlink:href="#rel_56" value="coref"/>
	<feat xlink:href="#rel_57" value="coref"/>
	<feat xlink:href="#rel_58" value="appos"/>
	<feat xlink:href="#rel_59" value="coref"/>
	<feat xlink:href="#rel_60" value="coref"/>
	<feat xlink:href="#rel_61" value="bridge"/>
	<feat xlink:href="#rel_62" value="coref"/>
	<feat xlink:href="#rel_63" value="coref"/>
	<feat xlink:href="#rel_64" value="coref"/>
	<feat xlink:href="#rel_65" value="coref"/>
	<feat xlink:href="#rel_66" value="coref"/>
	<feat xlink:href="#rel_67" value="coref"/>
	<feat xlink:href="#rel_68" value="bridge"/>
	<feat xlink:href="#rel_69" value="coref"/>
	<feat xlink:href="#rel_70" value="coref"/>
	<feat xlink:href="#rel_71" value="appos"/>
	<feat xlink:href="#rel_72" value="coref"/>
	<feat xlink:href="#rel_73" value="coref"/>
	<feat xlink:href="#rel_74" value="coref"/>
	<feat xlink:href="#rel_75" value="coref"/>
	<feat xlink:href="#rel_76" value="coref"/>
	<feat xlink:href="#rel_77" value="coref"/>
	<feat xlink:href="#rel_78" value="coref"/>
	<feat xlink:href="#rel_79" value="coref"/>
	<feat xlink:href="#rel_80" value="coref"/>
	<feat xlink:href="#rel_81" value="coref"/>
	<feat xlink:href="#rel_82" value="coref"/>
	<feat xlink:href="#rel_83" value="coref"/>
	<feat xlink:href="#rel_84" value="coref"/>
	<feat xlink:href="#rel_85" value="coref"/>
	<feat xlink:href="#rel_86" value="appos"/>
	<feat xlink:href="#rel_87" value="coref"/>
	<feat xlink:href="#rel_88" value="coref"/>
	<feat xlink:href="#rel_89" value="coref"/>
	<feat xlink:href="#rel_90" value="coref"/>
	<feat xlink:href="#rel_91" value="coref"/>
	<feat xlink:href="#rel_92" value="bridge"/>
	<feat xlink:href="#rel_93" value="coref"/>
	<feat xlink:href="#rel_94" value="cata"/>
	<feat xlink:href="#rel_95" value="coref"/>
	<feat xlink:href="#rel_96" value="bridge"/>
	<feat xlink:href="#rel_97" value="coref"/>
	<feat xlink:href="#rel_98" value="coref"/>
	<feat xlink:href="#rel_99" value="coref"/>
	<feat xlink:href="#rel_100" value="coref"/>
	<feat xlink:href="#rel_101" value="coref"/>
	<feat xlink:href="#rel_102" value="bridge"/>
	<feat xlink:href="#rel_103" value="ana"/>
	<feat xlink:href="#rel_104" value="cata"/>
	<feat xlink:href="#rel_105" value="ana"/>
	<feat xlink:href="#rel_106" value="ana"/>
	<feat xlink:href="#rel_107" value="coref"/>
	<feat xlink:href="#rel_108" value="bridge"/>
	<feat xlink:href="#rel_109" value="coref"/>
	<feat xlink:href="#rel_110" value="coref"/>
	<feat xlink:href="#rel_111" value="coref"/>
	<feat xlink:href="#rel_112" value="coref"/>
	<feat xlink:href="#rel_113" value="coref"/>
	<feat xlink:href="#rel_114" value="coref"/>
	<feat xlink:href="#rel_115" value="coref"/>
	<feat xlink:href="#rel_116" value="coref"/>
	<feat xlink:href="#rel_117" value="coref"/>
	<feat xlink:href="#rel_118" value="coref"/>
	<feat xlink:href="#rel_119" value="bridge"/>
	<feat xlink:href="#rel_120" value="bridge"/>
	<feat xlink:href="#rel_121" value="coref"/>
	<feat xlink:href="#rel_122" value="coref"/>
	<feat xlink:href="#rel_123" value="coref"/>
	<feat xlink:href="#rel_124" value="coref"/>
	<feat xlink:href="#rel_125" value="coref"/>
	<feat xlink:href="#rel_126" value="coref"/>
	<feat xlink:href="#rel_127" value="ana"/>
	<feat xlink:href="#rel_128" value="coref"/>
	<feat xlink:href="#rel_129" value="ana"/>
	<feat xlink:href="#rel_130" value="coref"/>
	<feat xlink:href="#rel_131" value="coref"/>
	<feat xlink:href="#rel_132" value="coref"/>
	<feat xlink:href="#rel_133" value="bridge"/>
	<feat xlink:href="#rel_134" value="coref"/>
	<feat xlink:href="#rel_135" value="coref"/>
	<feat xlink:href="#rel_136" value="coref"/>
	<feat xlink:href="#rel_137" value="bridge"/>
	<feat xlink:href="#rel_138" value="appos"/>
	<feat xlink:href="#rel_139" value="coref"/>
	<feat xlink:href="#rel_140" value="coref"/>
	<feat xlink:href="#rel_141" value="coref"/>
	<feat xlink:href="#rel_142" value="coref"/>
	<feat xlink:href="#rel_143" value="appos"/>
	<feat xlink:href="#rel_144" value="coref"/>
	<feat xlink:href="#rel_145" value="appos"/>
	<feat xlink:href="#rel_146" value="bridge"/>
	<feat xlink:href="#rel_147" value="coref"/>
	<feat xlink:href="#rel_148" value="coref"/>
	<feat xlink:href="#rel_149" value="coref"/>
	<feat xlink:href="#rel_150" value="coref"/>
	<feat xlink:href="#rel_151" value="coref"/>
	<feat xlink:href="#rel_152" value="coref"/>
	<feat xlink:href="#rel_153" value="ana"/>
	<feat xlink:href="#rel_154" value="coref"/>
	<feat xlink:href="#rel_155" value="coref"/>
	<feat xlink:href="#rel_156" value="ana"/>
	<feat xlink:href="#rel_157" value="bridge"/>
	<feat xlink:href="#rel_158" value="bridge"/>
	<feat xlink:href="#rel_159" value="coref"/>
	<feat xlink:href="#rel_160" value="ana"/>
	<feat xlink:href="#rel_161" value="coref"/>
	<feat xlink:href="#rel_162" value="coref"/>
	<feat xlink:href="#rel_163" value="coref"/>
	<feat xlink:href="#rel_164" value="ana"/>
	<feat xlink:href="#rel_165" value="ana"/>
	<feat xlink:href="#rel_166" value="appos"/>
	<feat xlink:href="#rel_167" value="ana"/>
	<feat xlink:href="#rel_168" value="coref"/>
	<feat xlink:href="#rel_169" value="appos"/>
	<feat xlink:href="#rel_170" value="coref"/>
	<feat xlink:href="#rel_171" value="ana"/>
	<feat xlink:href="#rel_172" value="coref"/>
	<feat xlink:href="#rel_173" value="ana"/>
	<feat xlink:href="#rel_174" value="bridge"/>
	<feat xlink:href="#rel_175" value="bridge"/>
	<feat xlink:href="#rel_176" value="bridge"/>
	<feat xlink:href="#rel_177" value="bridge"/>
	<feat xlink:href="#rel_178" value="bridge"/>
	<feat xlink:href="#rel_179" value="bridge"/>
	<feat xlink:href="#rel_180" value="coref"/>
	<feat xlink:href="#rel_181" value="coref"/>
	<feat xlink:href="#rel_182" value="ana"/>
	<feat xlink:href="#rel_183" value="bridge"/>
	<feat xlink:href="#rel_184" value="coref"/>
	<feat xlink:href="#rel_185" value="coref"/>
	<feat xlink:href="#rel_186" value="coref"/>
	<feat xlink:href="#rel_187" value="coref"/>
	<feat xlink:href="#rel_188" value="bridge"/>
	<feat xlink:href="#rel_189" value="bridge"/>
	<feat xlink:href="#rel_190" value="bridge"/>
	<feat xlink:href="#rel_191" value="bridge"/>
	<feat xlink:href="#rel_192" value="coref"/>
	<feat xlink:href="#rel_193" value="coref"/>
	<feat xlink:href="#rel_194" value="ana"/>
	<feat xlink:href="#rel_195" value="bridge"/>
	<feat xlink:href="#rel_196" value="coref"/>
	<feat xlink:href="#rel_197" value="ana"/>
	<feat xlink:href="#rel_198" value="coref"/>
	<feat xlink:href="#rel_199" value="coref"/>
	<feat xlink:href="#rel_200" value="ana"/>
	<feat xlink:href="#rel_201" value="ana"/>
	<feat xlink:href="#rel_202" value="bridge"/>
	<feat xlink:href="#rel_203" value="bridge"/>
	<feat xlink:href="#rel_204" value="bridge"/>
	<feat xlink:href="#rel_205" value="coref"/>
	<feat xlink:href="#rel_206" value="bridge"/>
	<feat xlink:href="#rel_207" value="bridge"/>
	<feat xlink:href="#rel_208" value="bridge"/>
	<feat xlink:href="#rel_209" value="ana"/>
	<feat xlink:href="#rel_210" value="coref"/>
	<feat xlink:href="#rel_211" value="coref"/>
	<feat xlink:href="#rel_212" value="ana"/>
	<feat xlink:href="#rel_213" value="coref"/>
	<feat xlink:href="#rel_214" value="ana"/>
	<feat xlink:href="#rel_215" value="ana"/>
	<feat xlink:href="#rel_216" value="ana"/>
	<feat xlink:href="#rel_217" value="ana"/>
	<feat xlink:href="#rel_218" value="ana"/>
	<feat xlink:href="#rel_219" value="ana"/>
	<feat xlink:href="#rel_220" value="ana"/>
	<feat xlink:href="#rel_221" value="appos"/>
	<feat xlink:href="#rel_222" value="appos"/>
	<feat xlink:href="#rel_223" value="coref"/>
	<feat xlink:href="#rel_224" value="coref"/>
	<feat xlink:href="#rel_225" value="coref"/>
	<feat xlink:href="#rel_226" value="coref"/>
	<feat xlink:href="#rel_227" value="coref"/>
	<feat xlink:href="#rel_228" value="coref"/>
	<feat xlink:href="#rel_229" value="coref"/>
	<feat xlink:href="#rel_230" value="coref"/>
	<feat xlink:href="#rel_231" value="ana"/>
	<feat xlink:href="#rel_232" value="ana"/>
	<feat xlink:href="#rel_233" value="ana"/>
	<feat xlink:href="#rel_234" value="ana"/>
	<feat xlink:href="#rel_235" value="ana"/>
	<feat xlink:href="#rel_236" value="ana"/>
	<feat xlink:href="#rel_237" value="coref"/>
	<feat xlink:href="#rel_238" value="coref"/>
	<feat xlink:href="#rel_239" value="coref"/>
	<feat xlink:href="#rel_240" value="coref"/>
	<feat xlink:href="#rel_241" value="coref"/>
	<feat xlink:href="#rel_242" value="coref"/>
	<feat xlink:href="#rel_243" value="ana"/>
	<feat xlink:href="#rel_244" value="ana"/>
	<feat xlink:href="#rel_245" value="bridge"/>
	<feat xlink:href="#rel_246" value="coref"/>
	<feat xlink:href="#rel_247" value="coref"/>
	<feat xlink:href="#rel_248" value="cata"/>
	<feat xlink:href="#rel_249" value="coref"/>
	<feat xlink:href="#rel_250" value="coref"/>
	<feat xlink:href="#rel_251" value="coref"/>
	<feat xlink:href="#rel_252" value="ana"/>
	<feat xlink:href="#rel_253" value="ana"/>
	<feat xlink:href="#rel_254" value="coref"/>
	<feat xlink:href="#rel_255" value="coref"/>
	<feat xlink:href="#rel_256" value="ana"/>
	<feat xlink:href="#rel_257" value="bridge"/>
	<feat xlink:href="#rel_258" value="bridge"/>
	<feat xlink:href="#rel_259" value="coref"/>
	<feat xlink:href="#rel_260" value="coref"/>
	<feat xlink:href="#rel_261" value="coref"/>
	<feat xlink:href="#rel_262" value="bridge"/>
	<feat xlink:href="#rel_263" value="coref"/>
	<feat xlink:href="#rel_264" value="coref"/>
	<feat xlink:href="#rel_265" value="ana"/>
	<feat xlink:href="#rel_266" value="bridge"/>
	<feat xlink:href="#rel_267" value="coref"/>
	<feat xlink:href="#rel_268" value="coref"/>
	<feat xlink:href="#rel_269" value="bridge"/>
	<feat xlink:href="#rel_270" value="appos"/>
	<feat xlink:href="#rel_271" value="coref"/>
	<feat xlink:href="#rel_272" value="ana"/>
	<feat xlink:href="#rel_273" value="bridge"/>
	<feat xlink:href="#rel_274" value="coref"/>
	<feat xlink:href="#rel_275" value="ana"/>
	<feat xlink:href="#rel_276" value="coref"/>
	<feat xlink:href="#rel_277" value="coref"/>
	<feat xlink:href="#rel_278" value="coref"/>
	<feat xlink:href="#rel_279" value="bridge"/>
	<feat xlink:href="#rel_280" value="ana"/>
	<feat xlink:href="#rel_281" value="ana"/>
	<feat xlink:href="#rel_282" value="coref"/>
	<feat xlink:href="#rel_283" value="ana"/>
	<feat xlink:href="#rel_284" value="ana"/>
	<feat xlink:href="#rel_285" value="ana"/>
	<feat xlink:href="#rel_286" value="ana"/>
	<feat xlink:href="#rel_287" value="ana"/>
	<feat xlink:href="#rel_288" value="ana"/>
	<feat xlink:href="#rel_289" value="ana"/>
	<feat xlink:href="#rel_290" value="cata"/>
	<feat xlink:href="#rel_291" value="ana"/>
	<feat xlink:href="#rel_292" value="ana"/>
	<feat xlink:href="#rel_293" value="ana"/>
	<feat xlink:href="#rel_294" value="ana"/>
	<feat xlink:href="#rel_295" value="ana"/>
	<feat xlink:href="#rel_296" value="ana"/>
	<feat xlink:href="#rel_297" value="ana"/>
	<feat xlink:href="#rel_298" value="coref"/>
	<feat xlink:href="#rel_299" value="ana"/>
	<feat xlink:href="#rel_300" value="ana"/>
	<feat xlink:href="#rel_301" value="ana"/>
	<feat xlink:href="#rel_302" value="ana"/>
</featList>
</paula>
