<?xml version="1.0" encoding="UTF-8" standalone="no"?>

<!DOCTYPE paula SYSTEM "paula_feat.dtd">
<paula version="1.0">

<header paula_id="ref.GUM.GUM_news_warhol.referentSeg_infstat"/>

<featList xmlns:xlink="http://www.w3.org/1999/xlink" type="infstat" xml:base="ref.GUM.GUM_news_warhol.referentSeg.xml">
	<feat xlink:href="#referent_1" value="new"/>
	<feat xlink:href="#referent_2" value="new"/>
	<feat xlink:href="#referent_3" value="new"/>
	<feat xlink:href="#referent_4" value="new"/>
	<feat xlink:href="#referent_5" value="new"/>
	<feat xlink:href="#referent_6" value="new"/>
	<feat xlink:href="#referent_7" value="new"/>
	<feat xlink:href="#referent_8" value="acc"/>
	<feat xlink:href="#referent_9" value="acc"/>
	<feat xlink:href="#referent_10" value="new"/>
	<feat xlink:href="#referent_11" value="giv"/>
	<feat xlink:href="#referent_12" value="new"/>
	<feat xlink:href="#referent_13" value="new"/>
	<feat xlink:href="#referent_14" value="giv"/>
	<feat xlink:href="#referent_15" value="giv"/>
	<feat xlink:href="#referent_16" value="acc"/>
	<feat xlink:href="#referent_17" value="acc"/>
	<feat xlink:href="#referent_18" value="giv"/>
	<feat xlink:href="#referent_19" value="giv"/>
	<feat xlink:href="#referent_20" value="new"/>
	<feat xlink:href="#referent_21" value="new"/>
	<feat xlink:href="#referent_22" value="new"/>
	<feat xlink:href="#referent_23" value="acc"/>
	<feat xlink:href="#referent_24" value="giv"/>
	<feat xlink:href="#referent_25" value="giv"/>
	<feat xlink:href="#referent_26" value="giv"/>
	<feat xlink:href="#referent_27" value="giv"/>
	<feat xlink:href="#referent_28" value="giv"/>
	<feat xlink:href="#referent_29" value="new"/>
	<feat xlink:href="#referent_30" value="acc"/>
	<feat xlink:href="#referent_31" value="acc"/>
	<feat xlink:href="#referent_32" value="giv"/>
	<feat xlink:href="#referent_33" value="giv"/>
	<feat xlink:href="#referent_34" value="new"/>
	<feat xlink:href="#referent_35" value="giv"/>
	<feat xlink:href="#referent_36" value="giv"/>
	<feat xlink:href="#referent_37" value="giv"/>
	<feat xlink:href="#referent_38" value="acc"/>
	<feat xlink:href="#referent_39" value="new"/>
	<feat xlink:href="#referent_40" value="giv"/>
	<feat xlink:href="#referent_41" value="new"/>
	<feat xlink:href="#referent_42" value="new"/>
	<feat xlink:href="#referent_43" value="new"/>
	<feat xlink:href="#referent_44" value="giv"/>
	<feat xlink:href="#referent_45" value="giv"/>
	<feat xlink:href="#referent_46" value="giv"/>
	<feat xlink:href="#referent_47" value="giv"/>
	<feat xlink:href="#referent_48" value="acc"/>
	<feat xlink:href="#referent_49" value="giv"/>
	<feat xlink:href="#referent_50" value="giv"/>
	<feat xlink:href="#referent_51" value="giv"/>
	<feat xlink:href="#referent_52" value="new"/>
	<feat xlink:href="#referent_53" value="new"/>
	<feat xlink:href="#referent_54" value="new"/>
	<feat xlink:href="#referent_55" value="giv"/>
	<feat xlink:href="#referent_56" value="giv"/>
	<feat xlink:href="#referent_57" value="giv"/>
	<feat xlink:href="#referent_58" value="giv"/>
	<feat xlink:href="#referent_59" value="giv"/>
	<feat xlink:href="#referent_60" value="acc"/>
	<feat xlink:href="#referent_61" value="new"/>
	<feat xlink:href="#referent_62" value="new"/>
	<feat xlink:href="#referent_63" value="giv"/>
	<feat xlink:href="#referent_64" value="giv"/>
	<feat xlink:href="#referent_65" value="new"/>
	<feat xlink:href="#referent_66" value="giv"/>
	<feat xlink:href="#referent_67" value="giv"/>
	<feat xlink:href="#referent_68" value="giv"/>
	<feat xlink:href="#referent_69" value="giv"/>
	<feat xlink:href="#referent_70" value="giv"/>
	<feat xlink:href="#referent_71" value="giv"/>
	<feat xlink:href="#referent_72" value="giv"/>
	<feat xlink:href="#referent_73" value="new"/>
	<feat xlink:href="#referent_74" value="giv"/>
	<feat xlink:href="#referent_75" value="giv"/>
	<feat xlink:href="#referent_76" value="giv"/>
	<feat xlink:href="#referent_77" value="giv"/>
	<feat xlink:href="#referent_78" value="giv"/>
	<feat xlink:href="#referent_79" value="giv"/>
	<feat xlink:href="#referent_80" value="giv"/>
	<feat xlink:href="#referent_81" value="giv"/>
	<feat xlink:href="#referent_82" value="giv"/>
	<feat xlink:href="#referent_83" value="new"/>
	<feat xlink:href="#referent_84" value="giv"/>
	<feat xlink:href="#referent_85" value="giv"/>
	<feat xlink:href="#referent_86" value="acc"/>
	<feat xlink:href="#referent_87" value="acc"/>
	<feat xlink:href="#referent_88" value="new"/>
	<feat xlink:href="#referent_89" value="giv"/>
	<feat xlink:href="#referent_90" value="new"/>
	<feat xlink:href="#referent_91" value="giv"/>
	<feat xlink:href="#referent_92" value="giv"/>
	<feat xlink:href="#referent_93" value="giv"/>
	<feat xlink:href="#referent_94" value="giv"/>
	<feat xlink:href="#referent_95" value="acc"/>
	<feat xlink:href="#referent_96" value="giv"/>
	<feat xlink:href="#referent_97" value="giv"/>
	<feat xlink:href="#referent_98" value="acc"/>
	<feat xlink:href="#referent_99" value="giv"/>
	<feat xlink:href="#referent_100" value="giv"/>
	<feat xlink:href="#referent_101" value="giv"/>
	<feat xlink:href="#referent_102" value="giv"/>
	<feat xlink:href="#referent_103" value="giv"/>
	<feat xlink:href="#referent_104" value="giv"/>
	<feat xlink:href="#referent_105" value="new"/>
	<feat xlink:href="#referent_106" value="giv"/>
	<feat xlink:href="#referent_107" value="acc"/>
	<feat xlink:href="#referent_108" value="giv"/>
	<feat xlink:href="#referent_109" value="acc"/>
	<feat xlink:href="#referent_110" value="giv"/>
	<feat xlink:href="#referent_111" value="giv"/>
	<feat xlink:href="#referent_112" value="giv"/>
	<feat xlink:href="#referent_113" value="giv"/>
	<feat xlink:href="#referent_114" value="giv"/>
	<feat xlink:href="#referent_115" value="giv"/>
	<feat xlink:href="#referent_116" value="new"/>
	<feat xlink:href="#referent_117" value="giv"/>
	<feat xlink:href="#referent_118" value="new"/>
	<feat xlink:href="#referent_119" value="new"/>
	<feat xlink:href="#referent_120" value="giv"/>
	<feat xlink:href="#referent_121" value="giv"/>
	<feat xlink:href="#referent_122" value="giv"/>
	<feat xlink:href="#referent_123" value="giv"/>
	<feat xlink:href="#referent_124" value="giv"/>
	<feat xlink:href="#referent_125" value="new"/>
	<feat xlink:href="#referent_126" value="acc"/>
	<feat xlink:href="#referent_127" value="new"/>
	<feat xlink:href="#referent_128" value="giv"/>
	<feat xlink:href="#referent_129" value="giv"/>
	<feat xlink:href="#referent_130" value="giv"/>
	<feat xlink:href="#referent_131" value="new"/>
	<feat xlink:href="#referent_132" value="giv"/>
	<feat xlink:href="#referent_133" value="giv"/>
	<feat xlink:href="#referent_134" value="giv"/>
	<feat xlink:href="#referent_135" value="new"/>
	<feat xlink:href="#referent_136" value="new"/>
	<feat xlink:href="#referent_137" value="new"/>
	<feat xlink:href="#referent_138" value="giv"/>
	<feat xlink:href="#referent_139" value="giv"/>
	<feat xlink:href="#referent_140" value="giv"/>
	<feat xlink:href="#referent_141" value="giv"/>
	<feat xlink:href="#referent_142" value="new"/>
	<feat xlink:href="#referent_143" value="giv"/>
	<feat xlink:href="#referent_144" value="giv"/>
	<feat xlink:href="#referent_145" value="giv"/>
	<feat xlink:href="#referent_146" value="giv"/>
	<feat xlink:href="#referent_147" value="new"/>
	<feat xlink:href="#referent_148" value="acc"/>
	<feat xlink:href="#referent_149" value="new"/>
	<feat xlink:href="#referent_150" value="new"/>
	<feat xlink:href="#referent_151" value="new"/>
	<feat xlink:href="#referent_152" value="new"/>
	<feat xlink:href="#referent_153" value="giv"/>
	<feat xlink:href="#referent_154" value="giv"/>
	<feat xlink:href="#referent_155" value="giv"/>
	<feat xlink:href="#referent_156" value="giv"/>
	<feat xlink:href="#referent_157" value="giv"/>
	<feat xlink:href="#referent_158" value="new"/>
	<feat xlink:href="#referent_159" value="new"/>
	<feat xlink:href="#referent_160" value="new"/>
	<feat xlink:href="#referent_161" value="acc"/>
	<feat xlink:href="#referent_162" value="giv"/>
	<feat xlink:href="#referent_163" value="acc"/>
	<feat xlink:href="#referent_164" value="giv"/>
	<feat xlink:href="#referent_165" value="acc"/>
	<feat xlink:href="#referent_166" value="new"/>
	<feat xlink:href="#referent_167" value="giv"/>
	<feat xlink:href="#referent_168" value="giv"/>
	<feat xlink:href="#referent_169" value="new"/>
	<feat xlink:href="#referent_170" value="new"/>
	<feat xlink:href="#referent_171" value="new"/>
	<feat xlink:href="#referent_172" value="new"/>
	<feat xlink:href="#referent_173" value="new"/>
	<feat xlink:href="#referent_174" value="new"/>
	<feat xlink:href="#referent_175" value="giv"/>
	<feat xlink:href="#referent_176" value="giv"/>
	<feat xlink:href="#referent_177" value="giv"/>
	<feat xlink:href="#referent_178" value="new"/>
	<feat xlink:href="#referent_179" value="acc"/>
	<feat xlink:href="#referent_180" value="giv"/>
	<feat xlink:href="#referent_181" value="giv"/>
	<feat xlink:href="#referent_182" value="new"/>
	<feat xlink:href="#referent_183" value="giv"/>
	<feat xlink:href="#referent_184" value="giv"/>
	<feat xlink:href="#referent_185" value="giv"/>
	<feat xlink:href="#referent_186" value="acc"/>
	<feat xlink:href="#referent_187" value="new"/>
	<feat xlink:href="#referent_188" value="new"/>
	<feat xlink:href="#referent_189" value="acc"/>
	<feat xlink:href="#referent_190" value="acc"/>
	<feat xlink:href="#referent_191" value="new"/>
	<feat xlink:href="#referent_192" value="giv"/>
	<feat xlink:href="#referent_193" value="giv"/>
	<feat xlink:href="#referent_194" value="new"/>
	<feat xlink:href="#referent_195" value="giv"/>
	<feat xlink:href="#referent_196" value="giv"/>
	<feat xlink:href="#referent_197" value="giv"/>
	<feat xlink:href="#referent_198" value="giv"/>
	<feat xlink:href="#referent_199" value="giv"/>
	<feat xlink:href="#referent_200" value="new"/>
	<feat xlink:href="#referent_201" value="giv"/>
	<feat xlink:href="#referent_202" value="giv"/>
	<feat xlink:href="#referent_203" value="giv"/>
	<feat xlink:href="#referent_204" value="new"/>
	<feat xlink:href="#referent_205" value="giv"/>
	<feat xlink:href="#referent_206" value="giv"/>
	<feat xlink:href="#referent_207" value="giv"/>
	<feat xlink:href="#referent_208" value="new"/>
	<feat xlink:href="#referent_209" value="acc"/>
	<feat xlink:href="#referent_210" value="new"/>
	<feat xlink:href="#referent_211" value="new"/>
	<feat xlink:href="#referent_212" value="new"/>
	<feat xlink:href="#referent_213" value="new"/>
	<feat xlink:href="#referent_214" value="new"/>
	<feat xlink:href="#referent_215" value="new"/>
	<feat xlink:href="#referent_216" value="new"/>
	<feat xlink:href="#referent_217" value="acc"/>
	<feat xlink:href="#referent_218" value="new"/>
	<feat xlink:href="#referent_219" value="new"/>
	<feat xlink:href="#referent_220" value="giv"/>
	<feat xlink:href="#referent_221" value="giv"/>
	<feat xlink:href="#referent_222" value="giv"/>
	<feat xlink:href="#referent_223" value="acc"/>
	<feat xlink:href="#referent_224" value="new"/>
	<feat xlink:href="#referent_225" value="giv"/>
	<feat xlink:href="#referent_226" value="giv"/>
	<feat xlink:href="#referent_227" value="giv"/>
	<feat xlink:href="#referent_228" value="giv"/>
	<feat xlink:href="#referent_229" value="acc"/>
	<feat xlink:href="#referent_230" value="new"/>
	<feat xlink:href="#referent_231" value="new"/>
	<feat xlink:href="#referent_232" value="giv"/>
	<feat xlink:href="#referent_233" value="giv"/>
	<feat xlink:href="#referent_234" value="giv"/>
	<feat xlink:href="#referent_235" value="new"/>
	<feat xlink:href="#referent_236" value="giv"/>
	<feat xlink:href="#referent_237" value="giv"/>
	<feat xlink:href="#referent_238" value="acc"/>
	<feat xlink:href="#referent_239" value="giv"/>
	<feat xlink:href="#referent_240" value="giv"/>
	<feat xlink:href="#referent_241" value="new"/>
	<feat xlink:href="#referent_242" value="acc"/>
	<feat xlink:href="#referent_243" value="acc"/>
	<feat xlink:href="#referent_244" value="acc"/>
	<feat xlink:href="#referent_245" value="acc"/>
	<feat xlink:href="#referent_246" value="acc"/>
	<feat xlink:href="#referent_247" value="new"/>
	<feat xlink:href="#referent_248" value="giv"/>
	<feat xlink:href="#referent_249" value="new"/>
	<feat xlink:href="#referent_250" value="giv"/>
	<feat xlink:href="#referent_251" value="giv"/>
	<feat xlink:href="#referent_252" value="giv"/>
	<feat xlink:href="#referent_253" value="giv"/>
	<feat xlink:href="#referent_254" value="new"/>
	<feat xlink:href="#referent_255" value="giv"/>
	<feat xlink:href="#referent_256" value="new"/>
	<feat xlink:href="#referent_257" value="giv"/>
	<feat xlink:href="#referent_258" value="giv"/>
	<feat xlink:href="#referent_259" value="acc"/>
	<feat xlink:href="#referent_260" value="acc"/>
	<feat xlink:href="#referent_261" value="acc"/>
	<feat xlink:href="#referent_262" value="acc"/>
	<feat xlink:href="#referent_263" value="giv"/>
	<feat xlink:href="#referent_264" value="new"/>
	<feat xlink:href="#referent_265" value="acc"/>
	<feat xlink:href="#referent_266" value="giv"/>
	<feat xlink:href="#referent_267" value="giv"/>
	<feat xlink:href="#referent_268" value="giv"/>
	<feat xlink:href="#referent_269" value="acc"/>
	<feat xlink:href="#referent_270" value="giv"/>
	<feat xlink:href="#referent_271" value="acc"/>
	<feat xlink:href="#referent_272" value="new"/>
	<feat xlink:href="#referent_273" value="giv"/>
	<feat xlink:href="#referent_274" value="giv"/>
	<feat xlink:href="#referent_275" value="giv"/>
	<feat xlink:href="#referent_276" value="new"/>
	<feat xlink:href="#referent_277" value="giv"/>
	<feat xlink:href="#referent_278" value="giv"/>
	<feat xlink:href="#referent_279" value="acc"/>
	<feat xlink:href="#referent_280" value="giv"/>
	<feat xlink:href="#referent_281" value="giv"/>
	<feat xlink:href="#referent_282" value="new"/>
	<feat xlink:href="#referent_283" value="giv"/>
	<feat xlink:href="#referent_284" value="giv"/>
	<feat xlink:href="#referent_285" value="giv"/>
	<feat xlink:href="#referent_286" value="giv"/>
	<feat xlink:href="#referent_287" value="giv"/>
	<feat xlink:href="#referent_288" value="giv"/>
	<feat xlink:href="#referent_289" value="giv"/>
	<feat xlink:href="#referent_290" value="acc"/>
	<feat xlink:href="#referent_291" value="new"/>
	<feat xlink:href="#referent_292" value="new"/>
	<feat xlink:href="#referent_293" value="new"/>
	<feat xlink:href="#referent_294" value="new"/>
	<feat xlink:href="#referent_295" value="new"/>
	<feat xlink:href="#referent_296" value="new"/>
	<feat xlink:href="#referent_297" value="giv"/>
	<feat xlink:href="#referent_298" value="giv"/>
	<feat xlink:href="#referent_299" value="new"/>
	<feat xlink:href="#referent_300" value="acc"/>
	<feat xlink:href="#referent_301" value="giv"/>
	<feat xlink:href="#referent_302" value="giv"/>
	<feat xlink:href="#referent_303" value="giv"/>
	<feat xlink:href="#referent_304" value="giv"/>
	<feat xlink:href="#referent_305" value="giv"/>
	<feat xlink:href="#referent_306" value="new"/>
	<feat xlink:href="#referent_307" value="giv"/>
	<feat xlink:href="#referent_308" value="giv"/>
	<feat xlink:href="#referent_309" value="giv"/>
	<feat xlink:href="#referent_310" value="giv"/>
	<feat xlink:href="#referent_311" value="giv"/>
	<feat xlink:href="#referent_312" value="giv"/>
	<feat xlink:href="#referent_313" value="giv"/>
	<feat xlink:href="#referent_314" value="giv"/>
	<feat xlink:href="#referent_315" value="giv"/>
	<feat xlink:href="#referent_316" value="new"/>
	<feat xlink:href="#referent_317" value="acc"/>
	<feat xlink:href="#referent_318" value="acc"/>
	<feat xlink:href="#referent_319" value="giv"/>
	<feat xlink:href="#referent_320" value="giv"/>
	<feat xlink:href="#referent_321" value="acc"/>
	<feat xlink:href="#referent_322" value="acc"/>
	<feat xlink:href="#referent_323" value="new"/>
	<feat xlink:href="#referent_324" value="giv"/>
	<feat xlink:href="#referent_325" value="giv"/>
	<feat xlink:href="#referent_326" value="acc"/>
	<feat xlink:href="#referent_327" value="giv"/>
	<feat xlink:href="#referent_328" value="acc"/>
	<feat xlink:href="#referent_329" value="acc"/>
	<feat xlink:href="#referent_330" value="giv"/>
	<feat xlink:href="#referent_331" value="new"/>
	<feat xlink:href="#referent_332" value="giv"/>
	<feat xlink:href="#referent_333" value="acc"/>
	<feat xlink:href="#referent_334" value="giv"/>
	<feat xlink:href="#referent_335" value="giv"/>
	<feat xlink:href="#referent_336" value="giv"/>
	<feat xlink:href="#referent_337" value="giv"/>
	<feat xlink:href="#referent_338" value="giv"/>
	<feat xlink:href="#referent_339" value="new"/>
	<feat xlink:href="#referent_340" value="giv"/>
	<feat xlink:href="#referent_341" value="giv"/>
	<feat xlink:href="#referent_342" value="giv"/>
	<feat xlink:href="#referent_343" value="giv"/>
	<feat xlink:href="#referent_344" value="giv"/>
	<feat xlink:href="#referent_345" value="giv"/>
	<feat xlink:href="#referent_346" value="new"/>
	<feat xlink:href="#referent_347" value="giv"/>
	<feat xlink:href="#referent_348" value="giv"/>
	<feat xlink:href="#referent_349" value="giv"/>
	<feat xlink:href="#referent_350" value="giv"/>
	<feat xlink:href="#referent_351" value="giv"/>
	<feat xlink:href="#referent_352" value="giv"/>
	<feat xlink:href="#referent_353" value="giv"/>
	<feat xlink:href="#referent_354" value="giv"/>
	<feat xlink:href="#referent_355" value="giv"/>
	<feat xlink:href="#referent_356" value="giv"/>
	<feat xlink:href="#referent_357" value="giv"/>
	<feat xlink:href="#referent_358" value="acc"/>
	<feat xlink:href="#referent_359" value="giv"/>
	<feat xlink:href="#referent_360" value="giv"/>
	<feat xlink:href="#referent_361" value="giv"/>
	<feat xlink:href="#referent_362" value="new"/>
	<feat xlink:href="#referent_363" value="giv"/>
	<feat xlink:href="#referent_364" value="new"/>
	<feat xlink:href="#referent_365" value="giv"/>
	<feat xlink:href="#referent_366" value="new"/>
	<feat xlink:href="#referent_367" value="giv"/>
	<feat xlink:href="#referent_368" value="giv"/>
	<feat xlink:href="#referent_369" value="giv"/>
	<feat xlink:href="#referent_370" value="giv"/>
	<feat xlink:href="#referent_371" value="giv"/>
	<feat xlink:href="#referent_372" value="new"/>
	<feat xlink:href="#referent_373" value="giv"/>
	<feat xlink:href="#referent_374" value="acc"/>
	<feat xlink:href="#referent_375" value="giv"/>
	<feat xlink:href="#referent_376" value="giv"/>
	<feat xlink:href="#referent_377" value="giv"/>
	<feat xlink:href="#referent_378" value="giv"/>
	<feat xlink:href="#referent_379" value="giv"/>
	<feat xlink:href="#referent_380" value="giv"/>
	<feat xlink:href="#referent_381" value="new"/>
	<feat xlink:href="#referent_382" value="giv"/>
	<feat xlink:href="#referent_383" value="new"/>
	<feat xlink:href="#referent_384" value="giv"/>
	<feat xlink:href="#referent_385" value="giv"/>
	<feat xlink:href="#referent_386" value="giv"/>
	<feat xlink:href="#referent_387" value="giv"/>
	<feat xlink:href="#referent_388" value="new"/>
	<feat xlink:href="#referent_389" value="giv"/>
	<feat xlink:href="#referent_390" value="new"/>
	<feat xlink:href="#referent_391" value="new"/>
	<feat xlink:href="#referent_392" value="new"/>
	<feat xlink:href="#referent_393" value="giv"/>
	<feat xlink:href="#referent_394" value="new"/>
	<feat xlink:href="#referent_395" value="new"/>
	<feat xlink:href="#referent_396" value="giv"/>
	<feat xlink:href="#referent_397" value="new"/>
	<feat xlink:href="#referent_398" value="giv"/>
	<feat xlink:href="#referent_399" value="new"/>
	<feat xlink:href="#referent_400" value="new"/>
	<feat xlink:href="#referent_401" value="acc"/>
	<feat xlink:href="#referent_402" value="new"/>
	<feat xlink:href="#referent_403" value="new"/>
	<feat xlink:href="#referent_404" value="giv"/>
	<feat xlink:href="#referent_405" value="acc"/>
	<feat xlink:href="#referent_406" value="giv"/>
	<feat xlink:href="#referent_407" value="giv"/>
	<feat xlink:href="#referent_408" value="giv"/>
	<feat xlink:href="#referent_409" value="giv"/>
	<feat xlink:href="#referent_410" value="giv"/>
	<feat xlink:href="#referent_411" value="giv"/>
	<feat xlink:href="#referent_412" value="new"/>
	<feat xlink:href="#referent_413" value="giv"/>
	<feat xlink:href="#referent_414" value="acc"/>
	<feat xlink:href="#referent_415" value="new"/>
	<feat xlink:href="#referent_416" value="giv"/>
	<feat xlink:href="#referent_417" value="giv"/>
	<feat xlink:href="#referent_418" value="giv"/>
	<feat xlink:href="#referent_419" value="giv"/>
	<feat xlink:href="#referent_420" value="giv"/>
	<feat xlink:href="#referent_421" value="giv"/>
	<feat xlink:href="#referent_422" value="acc"/>
	<feat xlink:href="#referent_423" value="giv"/>
	<feat xlink:href="#referent_424" value="giv"/>
	<feat xlink:href="#referent_425" value="giv"/>
	<feat xlink:href="#referent_426" value="acc"/>
	<feat xlink:href="#referent_427" value="giv"/>
	<feat xlink:href="#referent_428" value="giv"/>
	<feat xlink:href="#referent_429" value="giv"/>
	<feat xlink:href="#referent_430" value="giv"/>
	<feat xlink:href="#referent_431" value="giv"/>
	<feat xlink:href="#referent_432" value="giv"/>
	<feat xlink:href="#referent_433" value="giv"/>
	<feat xlink:href="#referent_434" value="giv"/>
	<feat xlink:href="#referent_435" value="giv"/>
	<feat xlink:href="#referent_436" value="giv"/>
	<feat xlink:href="#referent_437" value="giv"/>
	<feat xlink:href="#referent_438" value="giv"/>
	<feat xlink:href="#referent_439" value="giv"/>
	<feat xlink:href="#referent_440" value="giv"/>
	<feat xlink:href="#referent_441" value="giv"/>
	<feat xlink:href="#referent_442" value="acc"/>
	<feat xlink:href="#referent_443" value="giv"/>
	<feat xlink:href="#referent_444" value="giv"/>
	<feat xlink:href="#referent_445" value="giv"/>
	<feat xlink:href="#referent_446" value="giv"/>
</featList>
</paula>
