<?xml version="1.0" ?>
<!DOCTYPE paula SYSTEM "paula_feat.dtd">
<paula version="1.1">
<header paula_id="rst.GUM_news_warhol.struct_relname">
</header>
<featList xmlns:xlink="http://www.w3.org/1999/xlink" type="relname" xml:base="rst.GUM_news_warhol.struct.xml">
<feat xlink:href="#sDomRel1871" value="elaboration">
</feat>
<feat xlink:href="#sDomRel1873" value="elaboration">
</feat>
<feat xlink:href="#sDomRel1869" value="circumstance">
</feat>
<feat xlink:href="#sDomRel1874" value="circumstance">
</feat>
<feat xlink:href="#sDomRel1957" value="elaboration">
</feat>
<feat xlink:href="#sDomRel1962" value="elaboration">
</feat>
<feat xlink:href="#sDomRel1882" value="elaboration">
</feat>
<feat xlink:href="#sDomRel1984" value="elaboration">
</feat>
<feat xlink:href="#sDomRel1985" value="elaboration">
</feat>
<feat xlink:href="#sDomRel1886" value="elaboration">
</feat>
<feat xlink:href="#sDomRel1888" value="elaboration">
</feat>
<feat xlink:href="#sDomRel1891" value="elaboration">
</feat>
<feat xlink:href="#sDomRel1894" value="preparation">
</feat>
<feat xlink:href="#sDomRel1896" value="elaboration">
</feat>
<feat xlink:href="#sDomRel1989" value="elaboration">
</feat>
<feat xlink:href="#sDomRel1898" value="restatement">
</feat>
<feat xlink:href="#sDomRel1991" value="evaluation">
</feat>
<feat xlink:href="#sDomRel1992" value="evidence">
</feat>
<feat xlink:href="#sDomRel1901" value="elaboration">
</feat>
<feat xlink:href="#sDomRel1904" value="elaboration">
</feat>
<feat xlink:href="#sDomRel1976" value="background">
</feat>
<feat xlink:href="#sDomRel1977" value="background">
</feat>
<feat xlink:href="#sDomRel1979" value="elaboration">
</feat>
<feat xlink:href="#sDomRel1907" value="cause">
</feat>
<feat xlink:href="#sDomRel1978" value="elaboration">
</feat>
<feat xlink:href="#sDomRel1911" value="elaboration">
</feat>
<feat xlink:href="#sDomRel1913" value="evaluation">
</feat>
<feat xlink:href="#sDomRel1997" value="evidence">
</feat>
<feat xlink:href="#sDomRel1998" value="justify">
</feat>
<feat xlink:href="#sDomRel1917" value="background">
</feat>
<feat xlink:href="#sDomRel1920" value="elaboration">
</feat>
<feat xlink:href="#sDomRel2002" value="evaluation">
</feat>
<feat xlink:href="#sDomRel1924" value="concession">
</feat>
<feat xlink:href="#sDomRel2003" value="elaboration">
</feat>
<feat xlink:href="#sDomRel2004" value="elaboration">
</feat>
<feat xlink:href="#sDomRel1928" value="elaboration">
</feat>
<feat xlink:href="#sDomRel2006" value="evidence">
</feat>
<feat xlink:href="#sDomRel2008" value="restatement">
</feat>
<feat xlink:href="#sDomRel1931" value="evaluation">
</feat>
<feat xlink:href="#sDomRel2007" value="elaboration">
</feat>
<feat xlink:href="#sDomRel1933" value="cause">
</feat>
<feat xlink:href="#sDomRel1936" value="background">
</feat>
<feat xlink:href="#sDomRel1939" value="evaluation">
</feat>
<feat xlink:href="#sDomRel1966" value="solutionhood">
</feat>
<feat xlink:href="#sDomRel1941" value="justify">
</feat>
<feat xlink:href="#sDomRel1944" value="background">
</feat>
<feat xlink:href="#sDomRel1946" value="elaboration">
</feat>
<feat xlink:href="#sDomRel1947" value="preparation">
</feat>
<feat xlink:href="#sDomRel2012" value="elaboration">
</feat>
<feat xlink:href="#sDomRel2013" value="elaboration">
</feat>
<feat xlink:href="#sDomRel1965" value="evaluation">
</feat>
<feat xlink:href="#sDomRel1956" value="elaboration">
</feat>
<feat xlink:href="#sDomRel1872" value="span">
</feat>
<feat xlink:href="#sDomRel1875" value="span">
</feat>
<feat xlink:href="#sDomRel1959" value="background">
</feat>
<feat xlink:href="#sDomRel1960" value="background">
</feat>
<feat xlink:href="#sDomRel1870" value="span">
</feat>
<feat xlink:href="#sDomRel1876" value="joint">
</feat>
<feat xlink:href="#sDomRel1877" value="joint">
</feat>
<feat xlink:href="#sDomRel1879" value="elaboration">
</feat>
<feat xlink:href="#sDomRel1880" value="elaboration">
</feat>
<feat xlink:href="#sDomRel1958" value="span">
</feat>
<feat xlink:href="#sDomRel1963" value="elaboration">
</feat>
<feat xlink:href="#sDomRel1881" value="span">
</feat>
<feat xlink:href="#sDomRel1878" value="span">
</feat>
<feat xlink:href="#sDomRel1961" value="span">
</feat>
<feat xlink:href="#sDomRel1983" value="elaboration">
</feat>
<feat xlink:href="#sDomRel1955" value="span">
</feat>
<feat xlink:href="#sDomRel1937" value="span">
</feat>
<feat xlink:href="#sDomRel1938" value="span">
</feat>
<feat xlink:href="#sDomRel1935" value="preparation">
</feat>
<feat xlink:href="#sDomRel1967" value="joint">
</feat>
<feat xlink:href="#sDomRel1972" value="joint">
</feat>
<feat xlink:href="#sDomRel2014" value="joint">
</feat>
<feat xlink:href="#sDomRel1940" value="restatement">
</feat>
<feat xlink:href="#sDomRel1942" value="span">
</feat>
<feat xlink:href="#sDomRel1945" value="span">
</feat>
<feat xlink:href="#sDomRel1943" value="span">
</feat>
<feat xlink:href="#sDomRel1970" value="evaluation">
</feat>
<feat xlink:href="#sDomRel1969" value="joint">
</feat>
<feat xlink:href="#sDomRel1973" value="joint">
</feat>
<feat xlink:href="#sDomRel1971" value="span">
</feat>
<feat xlink:href="#sDomRel1906" value="span">
</feat>
<feat xlink:href="#sDomRel1905" value="restatement">
</feat>
<feat xlink:href="#sDomRel1974" value="restatement">
</feat>
<feat xlink:href="#sDomRel1975" value="span">
</feat>
<feat xlink:href="#sDomRel1908" value="span">
</feat>
<feat xlink:href="#sDomRel1909" value="span">
</feat>
<feat xlink:href="#sDomRel1910" value="span">
</feat>
<feat xlink:href="#sDomRel1912" value="span">
</feat>
<feat xlink:href="#sDomRel1902" value="preparation">
</feat>
<feat xlink:href="#sDomRel1980" value="joint">
</feat>
<feat xlink:href="#sDomRel1982" value="joint">
</feat>
<feat xlink:href="#sDomRel1903" value="span">
</feat>
<feat xlink:href="#sDomRel1883" value="span">
</feat>
<feat xlink:href="#sDomRel1884" value="span">
</feat>
<feat xlink:href="#sDomRel1986" value="span">
</feat>
<feat xlink:href="#sDomRel1885" value="span">
</feat>
<feat xlink:href="#sDomRel1987" value="background">
</feat>
<feat xlink:href="#sDomRel1887" value="span">
</feat>
<feat xlink:href="#sDomRel1890" value="span">
</feat>
<feat xlink:href="#sDomRel1897" value="span">
</feat>
<feat xlink:href="#sDomRel1893" value="background">
</feat>
<feat xlink:href="#sDomRel1895" value="span">
</feat>
<feat xlink:href="#sDomRel1899" value="span">
</feat>
<feat xlink:href="#sDomRel1900" value="span">
</feat>
<feat xlink:href="#sDomRel1892" value="background">
</feat>
<feat xlink:href="#sDomRel1988" value="background">
</feat>
<feat xlink:href="#sDomRel1990" value="span">
</feat>
<feat xlink:href="#sDomRel1889" value="preparation">
</feat>
<feat xlink:href="#sDomRel1993" value="span">
</feat>
<feat xlink:href="#sDomRel1868" value="preparation">
</feat>
<feat xlink:href="#sDomRel1964" value="joint">
</feat>
<feat xlink:href="#sDomRel1968" value="joint">
</feat>
<feat xlink:href="#sDomRel1995" value="joint">
</feat>
<feat xlink:href="#sDomRel1996" value="joint">
</feat>
<feat xlink:href="#sDomRel1999" value="joint">
</feat>
<feat xlink:href="#sDomRel1994" value="span">
</feat>
<feat xlink:href="#sDomRel1981" value="span">
</feat>
<feat xlink:href="#sDomRel1918" value="span">
</feat>
<feat xlink:href="#sDomRel1919" value="span">
</feat>
<feat xlink:href="#sDomRel1914" value="preparation">
</feat>
<feat xlink:href="#sDomRel1915" value="joint">
</feat>
<feat xlink:href="#sDomRel1921" value="joint">
</feat>
<feat xlink:href="#sDomRel2000" value="joint">
</feat>
<feat xlink:href="#sDomRel2001" value="joint">
</feat>
<feat xlink:href="#sDomRel2005" value="joint">
</feat>
<feat xlink:href="#sDomRel2009" value="joint">
</feat>
<feat xlink:href="#sDomRel1916" value="span">
</feat>
<feat xlink:href="#sDomRel1922" value="span">
</feat>
<feat xlink:href="#sDomRel1923" value="span">
</feat>
<feat xlink:href="#sDomRel1926" value="span">
</feat>
<feat xlink:href="#sDomRel1927" value="span">
</feat>
<feat xlink:href="#sDomRel1925" value="span">
</feat>
<feat xlink:href="#sDomRel1930" value="span">
</feat>
<feat xlink:href="#sDomRel1934" value="span">
</feat>
<feat xlink:href="#sDomRel1932" value="span">
</feat>
<feat xlink:href="#sDomRel1929" value="span">
</feat>
<feat xlink:href="#sDomRel1949" value="joint">
</feat>
<feat xlink:href="#sDomRel1950" value="joint">
</feat>
<feat xlink:href="#sDomRel1951" value="joint">
</feat>
<feat xlink:href="#sDomRel2011" value="preparation">
</feat>
<feat xlink:href="#sDomRel1948" value="span">
</feat>
<feat xlink:href="#sDomRel1952" value="sequence">
</feat>
<feat xlink:href="#sDomRel1953" value="sequence">
</feat>
<feat xlink:href="#sDomRel1954" value="span">
</feat>
<feat xlink:href="#sDomRel2010" value="span">
</feat>
</featList>
</paula>
