<?xml version="1.0" encoding="UTF-8" standalone="no"?>

<!DOCTYPE paula SYSTEM "paula_mark.dtd">
<paula version="1.0">

<header paula_id="tei.GUM.GUM_news_warhol_sSeg"/>

<markList xmlns:xlink="http://www.w3.org/1999/xlink" type="sSeg" xml:base="GUM.GUM_news_warhol.tok.xml">
<mark id="s_1" xlink:href="#xpointer(id('tok_1')/range-to(id('tok_8')))"/><!-- Warhol...exhibits -->
<mark id="s_9" xlink:href="#xpointer(id('tok_9')/range-to(id('tok_14')))"/><!-- Tuesday...2014 -->
<mark id="s_15" xlink:href="#xpointer(id('tok_15')/range-to(id('tok_48')))"/><!-- Portrait.... -->
<mark id="s_49" xlink:href="#xpointer(id('tok_49')/range-to(id('tok_53')))"/><!-- Image.... -->
<mark id="s_54" xlink:href="#xpointer(id('tok_54')/range-to(id('tok_78')))"/><!-- Opening.... -->
<mark id="s_79" xlink:href="#xpointer(id('tok_79')/range-to(id('tok_84')))"/><!-- Video.... -->
<mark id="s_85" xlink:href="#xpointer(id('tok_85')/range-to(id('tok_91')))"/><!-- Evansville...- -->
<mark id="s_92" xlink:href="#xpointer(id('tok_92')/range-to(id('tok_110')))"/><!-- This.... -->
<mark id="s_111" xlink:href="#xpointer(id('tok_111')/range-to(id('tok_149')))"/><!-- USI.... -->
<mark id="s_150" xlink:href="#xpointer(id('tok_150')/range-to(id('tok_164')))"/><!-- Wikinews.... -->
<mark id="s_165" xlink:href="#xpointer(id('tok_165')/range-to(id('tok_189')))"/><!-- The.... -->
<mark id="s_190" xlink:href="#xpointer(id('tok_190')/range-to(id('tok_211')))"/><!-- USI.... -->
<mark id="s_212" xlink:href="#xpointer(id('tok_212')/range-to(id('tok_228')))"/><!-- Full.... -->
<mark id="s_229" xlink:href="#xpointer(id('tok_229')/range-to(id('tok_232')))"/><!-- Audio.... -->
<mark id="s_233" xlink:href="#xpointer(id('tok_233')/range-to(id('tok_253')))"/><!-- The.... -->
<mark id="s_254" xlink:href="#xpointer(id('tok_254')/range-to(id('tok_281')))"/><!-- The.... -->
<mark id="s_282" xlink:href="#xpointer(id('tok_282')/range-to(id('tok_304')))"/><!-- The.... -->
<mark id="s_305" xlink:href="#xpointer(id('tok_305')/range-to(id('tok_324')))"/><!-- Kathryn.... -->
<mark id="s_325" xlink:href="#xpointer(id('tok_325')/range-to(id('tok_351')))"/><!-- Since.... -->
<mark id="s_352" xlink:href="#xpointer(id('tok_352')/range-to(id('tok_386')))"/><!-- The.... -->
<mark id="s_387" xlink:href="#xpointer(id('tok_387')/range-to(id('tok_388')))"/><!-- University...exhibits -->
<mark id="s_389" xlink:href="#xpointer(id('tok_389')/range-to(id('tok_419')))"/><!-- Kristen.... -->
<mark id="s_420" xlink:href="#xpointer(id('tok_420')/range-to(id('tok_423')))"/><!-- Image.... -->
<mark id="s_424" xlink:href="#xpointer(id('tok_424')/range-to(id('tok_438')))"/><!-- Wikinews.... -->
<mark id="s_439" xlink:href="#xpointer(id('tok_439')/range-to(id('tok_476')))"/><!-- Wilkins.... -->
<mark id="s_477" xlink:href="#xpointer(id('tok_477')/range-to(id('tok_485')))"/><!-- USI.... -->
<mark id="s_486" xlink:href="#xpointer(id('tok_486')/range-to(id('tok_517')))"/><!-- K.C..... -->
<mark id="s_518" xlink:href="#xpointer(id('tok_518')/range-to(id('tok_538')))"/><!-- Institutional.... -->
<mark id="s_539" xlink:href="#xpointer(id('tok_539')/range-to(id('tok_593')))"/><!-- While.... -->
<mark id="s_594" xlink:href="#xpointer(id('tok_594')/range-to(id('tok_601')))"/><!-- All.... -->
<mark id="s_602" xlink:href="#xpointer(id('tok_602')/range-to(id('tok_611')))"/><!-- University.... -->
<mark id="s_612" xlink:href="#xpointer(id('tok_612')/range-to(id('tok_647')))"/><!-- For.... -->
<mark id="s_648" xlink:href="#xpointer(id('tok_648')/range-to(id('tok_692')))"/><!-- That.... -->
<mark id="s_693" xlink:href="#tok_693"/><!-- Superstars -->
<mark id="s_694" xlink:href="#xpointer(id('tok_694')/range-to(id('tok_709')))"/><!-- Each.... -->
<mark id="s_710" xlink:href="#xpointer(id('tok_710')/range-to(id('tok_725')))"/><!-- The.... -->
<mark id="s_726" xlink:href="#xpointer(id('tok_726')/range-to(id('tok_750')))"/><!-- &quot;.... -->
<mark id="s_751" xlink:href="#xpointer(id('tok_751')/range-to(id('tok_778')))"/><!-- &quot;...&quot; -->
<mark id="s_779" xlink:href="#xpointer(id('tok_779')/range-to(id('tok_804')))"/><!-- Wilkins.... -->
<mark id="s_805" xlink:href="#xpointer(id('tok_805')/range-to(id('tok_837')))"/><!-- &quot;.... -->
<mark id="s_838" xlink:href="#xpointer(id('tok_838')/range-to(id('tok_905')))"/><!-- The.... -->
<mark id="s_906" xlink:href="#xpointer(id('tok_906')/range-to(id('tok_925')))"/><!-- Wikinews.... -->
<mark id="s_926" xlink:href="#xpointer(id('tok_926')/range-to(id('tok_949')))"/><!-- University.... -->
<mark id="s_950" xlink:href="#xpointer(id('tok_950')/range-to(id('tok_995')))"/><!-- Cynthia...&quot; -->
<mark id="s_996" xlink:href="#xpointer(id('tok_996')/range-to(id('tok_999')))"/><!-- Warhol...legacy -->
<mark id="s_1000" xlink:href="#xpointer(id('tok_1000')/range-to(id('tok_1037')))"/><!-- Warhol.... -->
<mark id="s_1038" xlink:href="#xpointer(id('tok_1038')/range-to(id('tok_1049')))"/><!-- He.... -->
<mark id="s_1050" xlink:href="#xpointer(id('tok_1050')/range-to(id('tok_1068')))"/><!-- &quot;.... -->
<mark id="s_1069" xlink:href="#xpointer(id('tok_1069')/range-to(id('tok_1102')))"/><!-- &quot;.... -->
<mark id="s_1103" xlink:href="#xpointer(id('tok_1103')/range-to(id('tok_1120')))"/><!-- So.... -->
<mark id="s_1121" xlink:href="#xpointer(id('tok_1121')/range-to(id('tok_1137')))"/><!-- Which...&quot; -->
<mark id="s_1138" xlink:href="#xpointer(id('tok_1138')/range-to(id('tok_1169')))"/><!-- &quot;.... -->
<mark id="s_1170" xlink:href="#xpointer(id('tok_1170')/range-to(id('tok_1201')))"/><!-- Hilary.... -->
<mark id="s_1202" xlink:href="#xpointer(id('tok_1202')/range-to(id('tok_1231')))"/><!-- In...&quot; -->
<mark id="s_1232" xlink:href="#xpointer(id('tok_1232')/range-to(id('tok_1275')))"/><!-- The.... -->
<mark id="s_1276" xlink:href="#xpointer(id('tok_1276')/range-to(id('tok_1296')))"/><!-- Wilkins.... -->
<mark id="s_1297" xlink:href="#xpointer(id('tok_1297')/range-to(id('tok_1310')))"/><!-- She.... -->
<mark id="s_1311" xlink:href="#xpointer(id('tok_1311')/range-to(id('tok_1351')))"/><!-- According.... -->
<mark id="s_1352" xlink:href="#xpointer(id('tok_1352')/range-to(id('tok_1376')))"/><!-- One.... -->
<mark id="s_1377" xlink:href="#xpointer(id('tok_1377')/range-to(id('tok_1388')))"/><!-- Wilkins.... -->
<mark id="s_1389" xlink:href="#xpointer(id('tok_1389')/range-to(id('tok_1424')))"/><!-- &quot;.... -->
<mark id="s_1425" xlink:href="#xpointer(id('tok_1425')/range-to(id('tok_1435')))"/><!-- It.... -->
<mark id="s_1436" xlink:href="#xpointer(id('tok_1436')/range-to(id('tok_1447')))"/><!-- He...&quot; -->
<mark id="s_1448" xlink:href="#xpointer(id('tok_1448')/range-to(id('tok_1470')))"/><!-- &quot;.... -->
<mark id="s_1471" xlink:href="#xpointer(id('tok_1471')/range-to(id('tok_1472')))"/><!-- USI...exhibit -->
<mark id="s_1473" xlink:href="#xpointer(id('tok_1473')/range-to(id('tok_1507')))"/><!-- Kiara.... -->
<mark id="s_1508" xlink:href="#xpointer(id('tok_1508')/range-to(id('tok_1516')))"/><!-- Why...? -->
<mark id="s_1517" xlink:href="#xpointer(id('tok_1517')/range-to(id('tok_1521')))"/><!-- &quot;.... -->
<mark id="s_1522" xlink:href="#xpointer(id('tok_1522')/range-to(id('tok_1527')))"/><!-- He...&quot; -->
<mark id="s_1528" xlink:href="#xpointer(id('tok_1528')/range-to(id('tok_1543')))"/><!-- For.... -->
<mark id="s_1544" xlink:href="#xpointer(id('tok_1544')/range-to(id('tok_1563')))"/><!-- He.... -->
<mark id="s_1564" xlink:href="#xpointer(id('tok_1564')/range-to(id('tok_1570')))"/><!-- He...&quot; -->
<mark id="s_1571" xlink:href="#xpointer(id('tok_1571')/range-to(id('tok_1584')))"/><!-- Allton.... -->
<mark id="s_1585" xlink:href="#xpointer(id('tok_1585')/range-to(id('tok_1609')))"/><!-- The.... -->
<mark id="s_1610" xlink:href="#xpointer(id('tok_1610')/range-to(id('tok_1627')))"/><!-- &quot;.... -->
<mark id="s_1628" xlink:href="#xpointer(id('tok_1628')/range-to(id('tok_1634')))"/><!-- &quot;...&quot; -->
<mark id="s_1635" xlink:href="#xpointer(id('tok_1635')/range-to(id('tok_1648')))"/><!-- Elements.... -->
<mark id="s_1649" xlink:href="#xpointer(id('tok_1649')/range-to(id('tok_1684')))"/><!-- In.... -->
<mark id="s_1685" xlink:href="#xpointer(id('tok_1685')/range-to(id('tok_1711')))"/><!-- She.... -->
<mark id="s_1712" xlink:href="#xpointer(id('tok_1712')/range-to(id('tok_1725')))"/><!-- The.... -->
<mark id="s_1726" xlink:href="#xpointer(id('tok_1726')/range-to(id('tok_1760')))"/><!-- The.... -->
<mark id="s_1761" xlink:href="#xpointer(id('tok_1761')/range-to(id('tok_1777')))"/><!-- The.... -->
<mark id="s_1778" xlink:href="#xpointer(id('tok_1778')/range-to(id('tok_1792')))"/><!-- Exhibit.... -->
<mark id="s_1793" xlink:href="#xpointer(id('tok_1793')/range-to(id('tok_1830')))"/><!-- In.... -->
<mark id="s_1831" xlink:href="#xpointer(id('tok_1831')/range-to(id('tok_1853')))"/><!-- Perhaps.... -->
<mark id="s_1854" xlink:href="#xpointer(id('tok_1854')/range-to(id('tok_1867')))"/><!-- We.... -->
</markList>
</paula>
