<?xml version="1.0" encoding="UTF-8" standalone="no"?>

<!DOCTYPE paula SYSTEM "paula_feat.dtd">
<paula version="1.0">

<header paula_id="tei.GUM.GUM_news_warhol_s"/>

<featList xmlns:xlink="http://www.w3.org/1999/xlink" type="s" xml:base="tei.GUM.GUM_news_warhol.sSeg.xml">
<feat xlink:href="#s_1" value="s"/><!-- Warhol...exhibits -->
<feat xlink:href="#s_9" value="s"/><!-- Tuesday...2014 -->
<feat xlink:href="#s_15" value="s"/><!-- Portrait.... -->
<feat xlink:href="#s_49" value="s"/><!-- Image.... -->
<feat xlink:href="#s_54" value="s"/><!-- Opening.... -->
<feat xlink:href="#s_79" value="s"/><!-- Video.... -->
<feat xlink:href="#s_85" value="s"/><!-- Evansville...- -->
<feat xlink:href="#s_92" value="s"/><!-- This.... -->
<feat xlink:href="#s_111" value="s"/><!-- USI.... -->
<feat xlink:href="#s_150" value="s"/><!-- Wikinews.... -->
<feat xlink:href="#s_165" value="s"/><!-- The.... -->
<feat xlink:href="#s_190" value="s"/><!-- USI.... -->
<feat xlink:href="#s_212" value="s"/><!-- Full.... -->
<feat xlink:href="#s_229" value="s"/><!-- Audio.... -->
<feat xlink:href="#s_233" value="s"/><!-- The.... -->
<feat xlink:href="#s_254" value="s"/><!-- The.... -->
<feat xlink:href="#s_282" value="s"/><!-- The.... -->
<feat xlink:href="#s_305" value="s"/><!-- Kathryn.... -->
<feat xlink:href="#s_325" value="s"/><!-- Since.... -->
<feat xlink:href="#s_352" value="s"/><!-- The.... -->
<feat xlink:href="#s_387" value="s"/><!-- University...exhibits -->
<feat xlink:href="#s_389" value="s"/><!-- Kristen.... -->
<feat xlink:href="#s_420" value="s"/><!-- Image.... -->
<feat xlink:href="#s_424" value="s"/><!-- Wikinews.... -->
<feat xlink:href="#s_439" value="s"/><!-- Wilkins.... -->
<feat xlink:href="#s_477" value="s"/><!-- USI.... -->
<feat xlink:href="#s_486" value="s"/><!-- K.C..... -->
<feat xlink:href="#s_518" value="s"/><!-- Institutional.... -->
<feat xlink:href="#s_539" value="s"/><!-- While.... -->
<feat xlink:href="#s_594" value="s"/><!-- All.... -->
<feat xlink:href="#s_602" value="s"/><!-- University.... -->
<feat xlink:href="#s_612" value="s"/><!-- For.... -->
<feat xlink:href="#s_648" value="s"/><!-- That.... -->
<feat xlink:href="#s_693" value="s"/><!-- Superstars -->
<feat xlink:href="#s_694" value="s"/><!-- Each.... -->
<feat xlink:href="#s_710" value="s"/><!-- The.... -->
<feat xlink:href="#s_726" value="s"/><!-- &quot;.... -->
<feat xlink:href="#s_751" value="s"/><!-- &quot;...&quot; -->
<feat xlink:href="#s_779" value="s"/><!-- Wilkins.... -->
<feat xlink:href="#s_805" value="s"/><!-- &quot;.... -->
<feat xlink:href="#s_838" value="s"/><!-- The.... -->
<feat xlink:href="#s_906" value="s"/><!-- Wikinews.... -->
<feat xlink:href="#s_926" value="s"/><!-- University.... -->
<feat xlink:href="#s_950" value="s"/><!-- Cynthia...&quot; -->
<feat xlink:href="#s_996" value="s"/><!-- Warhol...legacy -->
<feat xlink:href="#s_1000" value="s"/><!-- Warhol.... -->
<feat xlink:href="#s_1038" value="s"/><!-- He.... -->
<feat xlink:href="#s_1050" value="s"/><!-- &quot;.... -->
<feat xlink:href="#s_1069" value="s"/><!-- &quot;.... -->
<feat xlink:href="#s_1103" value="s"/><!-- So.... -->
<feat xlink:href="#s_1121" value="s"/><!-- Which...&quot; -->
<feat xlink:href="#s_1138" value="s"/><!-- &quot;.... -->
<feat xlink:href="#s_1170" value="s"/><!-- Hilary.... -->
<feat xlink:href="#s_1202" value="s"/><!-- In...&quot; -->
<feat xlink:href="#s_1232" value="s"/><!-- The.... -->
<feat xlink:href="#s_1276" value="s"/><!-- Wilkins.... -->
<feat xlink:href="#s_1297" value="s"/><!-- She.... -->
<feat xlink:href="#s_1311" value="s"/><!-- According.... -->
<feat xlink:href="#s_1352" value="s"/><!-- One.... -->
<feat xlink:href="#s_1377" value="s"/><!-- Wilkins.... -->
<feat xlink:href="#s_1389" value="s"/><!-- &quot;.... -->
<feat xlink:href="#s_1425" value="s"/><!-- It.... -->
<feat xlink:href="#s_1436" value="s"/><!-- He...&quot; -->
<feat xlink:href="#s_1448" value="s"/><!-- &quot;.... -->
<feat xlink:href="#s_1471" value="s"/><!-- USI...exhibit -->
<feat xlink:href="#s_1473" value="s"/><!-- Kiara.... -->
<feat xlink:href="#s_1508" value="s"/><!-- Why...? -->
<feat xlink:href="#s_1517" value="s"/><!-- &quot;.... -->
<feat xlink:href="#s_1522" value="s"/><!-- He...&quot; -->
<feat xlink:href="#s_1528" value="s"/><!-- For.... -->
<feat xlink:href="#s_1544" value="s"/><!-- He.... -->
<feat xlink:href="#s_1564" value="s"/><!-- He...&quot; -->
<feat xlink:href="#s_1571" value="s"/><!-- Allton.... -->
<feat xlink:href="#s_1585" value="s"/><!-- The.... -->
<feat xlink:href="#s_1610" value="s"/><!-- &quot;.... -->
<feat xlink:href="#s_1628" value="s"/><!-- &quot;...&quot; -->
<feat xlink:href="#s_1635" value="s"/><!-- Elements.... -->
<feat xlink:href="#s_1649" value="s"/><!-- In.... -->
<feat xlink:href="#s_1685" value="s"/><!-- She.... -->
<feat xlink:href="#s_1712" value="s"/><!-- The.... -->
<feat xlink:href="#s_1726" value="s"/><!-- The.... -->
<feat xlink:href="#s_1761" value="s"/><!-- The.... -->
<feat xlink:href="#s_1778" value="s"/><!-- Exhibit.... -->
<feat xlink:href="#s_1793" value="s"/><!-- In.... -->
<feat xlink:href="#s_1831" value="s"/><!-- Perhaps.... -->
<feat xlink:href="#s_1854" value="s"/><!-- We.... -->
</featList>
</paula>
