<?xml version="1.0" encoding="UTF-8" standalone="no"?>

<!DOCTYPE paula SYSTEM "paula_mark.dtd">
<paula version="1.0">

<header paula_id="tei.GUM.GUM_news_warhol_refSeg"/>

<markList xmlns:xlink="http://www.w3.org/1999/xlink" type="refSeg" xml:base="GUM.GUM_news_warhol.tok.xml">
<mark id="ref_85" xlink:href="#tok_85"/><!-- Evansville -->
<mark id="ref_87" xlink:href="#tok_87"/><!-- Indiana -->
<mark id="ref_89" xlink:href="#xpointer(id('tok_89')/range-to(id('tok_90')))"/><!-- United...States -->
<mark id="ref_101" xlink:href="#xpointer(id('tok_101')/range-to(id('tok_102')))"/><!-- Andy...Warhol -->
<mark id="ref_106" xlink:href="#xpointer(id('tok_106')/range-to(id('tok_109')))"/><!-- University...Indiana -->
<mark id="ref_345" xlink:href="#xpointer(id('tok_345')/range-to(id('tok_346')))"/><!-- Andy...Warhol -->
<mark id="ref_561" xlink:href="#xpointer(id('tok_561')/range-to(id('tok_562')))"/><!-- Skidmore...College -->
<mark id="ref_564" xlink:href="#xpointer(id('tok_564')/range-to(id('tok_565')))"/><!-- Saratoga...Springs -->
<mark id="ref_567" xlink:href="#xpointer(id('tok_567')/range-to(id('tok_568')))"/><!-- New...York -->
<mark id="ref_571" xlink:href="#xpointer(id('tok_571')/range-to(id('tok_572')))"/><!-- Edward...Steichen -->
<mark id="ref_587" xlink:href="#xpointer(id('tok_587')/range-to(id('tok_588')))"/><!-- Northwestern...University -->
<mark id="ref_590" xlink:href="#tok_590"/><!-- Evanston -->
<mark id="ref_592" xlink:href="#tok_592"/><!-- Illinois -->
<mark id="ref_621" xlink:href="#xpointer(id('tok_621')/range-to(id('tok_626')))"/><!-- University...Greensboro -->
<mark id="ref_659" xlink:href="#xpointer(id('tok_659')/range-to(id('tok_660')))"/><!-- Duke...University -->
<mark id="ref_664" xlink:href="#tok_664"/><!-- Durham -->
<mark id="ref_670" xlink:href="#xpointer(id('tok_670')/range-to(id('tok_676')))"/><!-- University...Hill -->
<mark id="ref_719" xlink:href="#xpointer(id('tok_719')/range-to(id('tok_720')))"/><!-- Truman...Capote -->
<mark id="ref_723" xlink:href="#xpointer(id('tok_723')/range-to(id('tok_724')))"/><!-- Carly...Simon -->
<mark id="ref_846" xlink:href="#xpointer(id('tok_846')/range-to(id('tok_847')))"/><!-- Dennis...Hopper -->
<mark id="ref_850" xlink:href="#xpointer(id('tok_850')/range-to(id('tok_851')))"/><!-- Nick...Rhodes -->
<mark id="ref_853" xlink:href="#xpointer(id('tok_853')/range-to(id('tok_854')))"/><!-- Duran...Duran -->
<mark id="ref_857" xlink:href="#xpointer(id('tok_857')/range-to(id('tok_858')))"/><!-- Jann...Wenner -->
<mark id="ref_860" xlink:href="#xpointer(id('tok_860')/range-to(id('tok_862')))"/><!-- Rolling...Magazine -->
<mark id="ref_864" xlink:href="#xpointer(id('tok_864')/range-to(id('tok_866')))"/><!-- Carlo...Benedetti -->
<mark id="ref_868" xlink:href="#xpointer(id('tok_868')/range-to(id('tok_869')))"/><!-- Italy...&apos;s -->
<mark id="ref_870" xlink:href="#xpointer(id('tok_870')/range-to(id('tok_871')))"/><!-- la...Repubblica -->
<mark id="ref_876" xlink:href="#xpointer(id('tok_876')/range-to(id('tok_877')))"/><!-- Steve...Rubell -->
<mark id="ref_879" xlink:href="#xpointer(id('tok_879')/range-to(id('tok_880')))"/><!-- Studio...54 -->
<mark id="ref_883" xlink:href="#xpointer(id('tok_883')/range-to(id('tok_884')))"/><!-- Nat...Finkelstein -->
<mark id="ref_886" xlink:href="#xpointer(id('tok_886')/range-to(id('tok_887')))"/><!-- Christopher...Makos -->
<mark id="ref_889" xlink:href="#xpointer(id('tok_889')/range-to(id('tok_890')))"/><!-- Felice...Quinto -->
<mark id="ref_894" xlink:href="#xpointer(id('tok_894')/range-to(id('tok_895')))"/><!-- Vitas...Gerulaitis -->
<mark id="ref_900" xlink:href="#xpointer(id('tok_900')/range-to(id('tok_901')))"/><!-- Jack...Nicklaus -->
<mark id="ref_918" xlink:href="#tok_918"/><!-- Halston -->
<mark id="ref_960" xlink:href="#xpointer(id('tok_960')/range-to(id('tok_962')))"/><!-- University...Arkansas -->
<mark id="ref_964" xlink:href="#tok_964"/><!-- Fayetteville -->
<mark id="ref_1076" xlink:href="#xpointer(id('tok_1076')/range-to(id('tok_1077')))"/><!-- Campbell...Soup -->
<mark id="ref_1081" xlink:href="#tok_1081"/><!-- Marilyn -->
<mark id="ref_1260" xlink:href="#xpointer(id('tok_1260')/range-to(id('tok_1261')))"/><!-- Ansel...Adams -->
<mark id="ref_1263" xlink:href="#xpointer(id('tok_1263')/range-to(id('tok_1264')))"/><!-- Chuck...Close -->
<mark id="ref_1266" xlink:href="#xpointer(id('tok_1266')/range-to(id('tok_1267')))"/><!-- Walker...Evans -->
<mark id="ref_1269" xlink:href="#xpointer(id('tok_1269')/range-to(id('tok_1270')))"/><!-- Robert...Mapplethorpe -->
<mark id="ref_1273" xlink:href="#xpointer(id('tok_1273')/range-to(id('tok_1274')))"/><!-- Helmut...Newton -->
<mark id="ref_1364" xlink:href="#xpointer(id('tok_1364')/range-to(id('tok_1365')))"/><!-- Annie...Oakley -->
<mark id="ref_1692" xlink:href="#xpointer(id('tok_1692')/range-to(id('tok_1694')))"/><!-- Campbell...Soup -->
<mark id="ref_1700" xlink:href="#xpointer(id('tok_1700')/range-to(id('tok_1701')))"/><!-- Kool...Aid -->
<mark id="ref_1722" xlink:href="#xpointer(id('tok_1722')/range-to(id('tok_1724')))"/><!-- The...Underground -->
<mark id="ref_1803" xlink:href="#tok_1803"/><!-- mobiles -->
</markList>
</paula>
