<?xml version="1.0" encoding="UTF-8" standalone="no"?>

<!DOCTYPE paula SYSTEM "paula_feat.dtd">
<paula version="1.0">

<header paula_id="tei.GUM.GUM_news_warhol_p"/>

<featList xmlns:xlink="http://www.w3.org/1999/xlink" type="p" xml:base="tei.GUM.GUM_news_warhol.pSeg.xml">
<feat xlink:href="#p_9" value="p"/><!-- Tuesday...2014 -->
<feat xlink:href="#p_85" value="p"/><!-- Evansville.... -->
<feat xlink:href="#p_165" value="p"/><!-- The.... -->
<feat xlink:href="#p_233" value="p"/><!-- The.... -->
<feat xlink:href="#p_305" value="p"/><!-- Kathryn.... -->
<feat xlink:href="#p_325" value="p"/><!-- Since.... -->
<feat xlink:href="#p_424" value="p"/><!-- Wikinews.... -->
<feat xlink:href="#p_439" value="p"/><!-- Wilkins.... -->
<feat xlink:href="#p_486" value="p"/><!-- K.C..... -->
<feat xlink:href="#p_539" value="p"/><!-- While.... -->
<feat xlink:href="#p_602" value="p"/><!-- University.... -->
<feat xlink:href="#p_694" value="p"/><!-- Each.... -->
<feat xlink:href="#p_726" value="p"/><!-- &quot;...&quot; -->
<feat xlink:href="#p_779" value="p"/><!-- Wilkins.... -->
<feat xlink:href="#p_838" value="p"/><!-- The.... -->
<feat xlink:href="#p_906" value="p"/><!-- Wikinews.... -->
<feat xlink:href="#p_926" value="p"/><!-- University...&quot; -->
<feat xlink:href="#p_1000" value="p"/><!-- Warhol.... -->
<feat xlink:href="#p_1038" value="p"/><!-- He...&quot; -->
<feat xlink:href="#p_1138" value="p"/><!-- &quot;.... -->
<feat xlink:href="#p_1170" value="p"/><!-- Hilary...&quot; -->
<feat xlink:href="#p_1232" value="p"/><!-- The.... -->
<feat xlink:href="#p_1276" value="p"/><!-- Wilkins.... -->
<feat xlink:href="#p_1377" value="p"/><!-- Wilkins...&quot; -->
<feat xlink:href="#p_1448" value="p"/><!-- &quot;.... -->
<feat xlink:href="#p_1473" value="p"/><!-- Kiara...&quot; -->
<feat xlink:href="#p_1528" value="p"/><!-- For...&quot; -->
<feat xlink:href="#p_1571" value="p"/><!-- Allton...&quot; -->
<feat xlink:href="#p_1635" value="p"/><!-- Elements.... -->
<feat xlink:href="#p_1726" value="p"/><!-- The.... -->
</featList>
</paula>
