<?xml version="1.0" encoding="UTF-8" standalone="no"?>

<!DOCTYPE paula SYSTEM "paula_feat.dtd">
<paula version="1.0">

<header paula_id="tei.GUM.GUM_news_warhol_ref"/>

<featList xmlns:xlink="http://www.w3.org/1999/xlink" type="ref" xml:base="tei.GUM.GUM_news_warhol.refSeg.xml">
<feat xlink:href="#ref_85" value="ref"/><!-- Evansville -->
<feat xlink:href="#ref_87" value="ref"/><!-- Indiana -->
<feat xlink:href="#ref_89" value="ref"/><!-- United...States -->
<feat xlink:href="#ref_101" value="ref"/><!-- Andy...Warhol -->
<feat xlink:href="#ref_106" value="ref"/><!-- University...Indiana -->
<feat xlink:href="#ref_345" value="ref"/><!-- Andy...Warhol -->
<feat xlink:href="#ref_561" value="ref"/><!-- Skidmore...College -->
<feat xlink:href="#ref_564" value="ref"/><!-- Saratoga...Springs -->
<feat xlink:href="#ref_567" value="ref"/><!-- New...York -->
<feat xlink:href="#ref_571" value="ref"/><!-- Edward...Steichen -->
<feat xlink:href="#ref_587" value="ref"/><!-- Northwestern...University -->
<feat xlink:href="#ref_590" value="ref"/><!-- Evanston -->
<feat xlink:href="#ref_592" value="ref"/><!-- Illinois -->
<feat xlink:href="#ref_621" value="ref"/><!-- University...Greensboro -->
<feat xlink:href="#ref_659" value="ref"/><!-- Duke...University -->
<feat xlink:href="#ref_664" value="ref"/><!-- Durham -->
<feat xlink:href="#ref_670" value="ref"/><!-- University...Hill -->
<feat xlink:href="#ref_719" value="ref"/><!-- Truman...Capote -->
<feat xlink:href="#ref_723" value="ref"/><!-- Carly...Simon -->
<feat xlink:href="#ref_846" value="ref"/><!-- Dennis...Hopper -->
<feat xlink:href="#ref_850" value="ref"/><!-- Nick...Rhodes -->
<feat xlink:href="#ref_853" value="ref"/><!-- Duran...Duran -->
<feat xlink:href="#ref_857" value="ref"/><!-- Jann...Wenner -->
<feat xlink:href="#ref_860" value="ref"/><!-- Rolling...Magazine -->
<feat xlink:href="#ref_864" value="ref"/><!-- Carlo...Benedetti -->
<feat xlink:href="#ref_868" value="ref"/><!-- Italy...&apos;s -->
<feat xlink:href="#ref_870" value="ref"/><!-- la...Repubblica -->
<feat xlink:href="#ref_876" value="ref"/><!-- Steve...Rubell -->
<feat xlink:href="#ref_879" value="ref"/><!-- Studio...54 -->
<feat xlink:href="#ref_883" value="ref"/><!-- Nat...Finkelstein -->
<feat xlink:href="#ref_886" value="ref"/><!-- Christopher...Makos -->
<feat xlink:href="#ref_889" value="ref"/><!-- Felice...Quinto -->
<feat xlink:href="#ref_894" value="ref"/><!-- Vitas...Gerulaitis -->
<feat xlink:href="#ref_900" value="ref"/><!-- Jack...Nicklaus -->
<feat xlink:href="#ref_918" value="ref"/><!-- Halston -->
<feat xlink:href="#ref_960" value="ref"/><!-- University...Arkansas -->
<feat xlink:href="#ref_964" value="ref"/><!-- Fayetteville -->
<feat xlink:href="#ref_1076" value="ref"/><!-- Campbell...Soup -->
<feat xlink:href="#ref_1081" value="ref"/><!-- Marilyn -->
<feat xlink:href="#ref_1260" value="ref"/><!-- Ansel...Adams -->
<feat xlink:href="#ref_1263" value="ref"/><!-- Chuck...Close -->
<feat xlink:href="#ref_1266" value="ref"/><!-- Walker...Evans -->
<feat xlink:href="#ref_1269" value="ref"/><!-- Robert...Mapplethorpe -->
<feat xlink:href="#ref_1273" value="ref"/><!-- Helmut...Newton -->
<feat xlink:href="#ref_1364" value="ref"/><!-- Annie...Oakley -->
<feat xlink:href="#ref_1692" value="ref"/><!-- Campbell...Soup -->
<feat xlink:href="#ref_1700" value="ref"/><!-- Kool...Aid -->
<feat xlink:href="#ref_1722" value="ref"/><!-- The...Underground -->
<feat xlink:href="#ref_1803" value="ref"/><!-- mobiles -->
</featList>
</paula>
