<?xml version="1.0" encoding="UTF-8" standalone="no"?>

<!DOCTYPE paula SYSTEM "paula_mark.dtd">
<paula version="1.0">

<header paula_id="tei.GUM.GUM_news_warhol_hi_rendSeg"/>

<markList xmlns:xlink="http://www.w3.org/1999/xlink" type="hi_rendSeg" xml:base="GUM.GUM_news_warhol.tok.xml">
<mark id="hi_rend_41" xlink:href="#xpointer(id('tok_41')/range-to(id('tok_48')))"/><!-- Andy.... -->
<mark id="hi_rend_150" xlink:href="#tok_150"/><!-- Wikinews -->
<mark id="hi_rend_424" xlink:href="#tok_424"/><!-- Wikinews -->
<mark id="hi_rend_906" xlink:href="#tok_906"/><!-- Wikinews -->
<mark id="hi_rend_1030" xlink:href="#tok_1030"/><!-- Wikinews -->
<mark id="hi_rend_1733" xlink:href="#tok_1733"/><!-- Wikinews -->
<mark id="hi_rend_1798" xlink:href="#tok_1798"/><!-- Wikinews -->
</markList>
</paula>
