<?xml version="1.0" encoding="UTF-8" standalone="no"?>

<!DOCTYPE paula SYSTEM "paula_mark.dtd">
<paula version="1.0">

<header paula_id="tei.GUM.GUM_news_warhol_dateSeg"/>

<markList xmlns:xlink="http://www.w3.org/1999/xlink" type="dateSeg" xml:base="GUM.GUM_news_warhol.tok.xml">
<mark id="date_9" xlink:href="#xpointer(id('tok_9')/range-to(id('tok_14')))"/><!-- Tuesday...2014 -->
<mark id="date_206" xlink:href="#xpointer(id('tok_206')/range-to(id('tok_207')))"/><!-- January...23 -->
<mark id="date_209" xlink:href="#xpointer(id('tok_209')/range-to(id('tok_210')))"/><!-- March...9 -->
<mark id="date_299" xlink:href="#tok_299"/><!-- 2007 -->
<mark id="date_413" xlink:href="#xpointer(id('tok_413')/range-to(id('tok_414')))"/><!-- January...23 -->
<mark id="date_416" xlink:href="#xpointer(id('tok_416')/range-to(id('tok_418')))"/><!-- March...2014 -->
<mark id="date_443" xlink:href="#tok_443"/><!-- 2007 -->
<mark id="date_475" xlink:href="#tok_475"/><!-- 1987 -->
<mark id="date_1127" xlink:href="#tok_1127"/><!-- 2014 -->
<mark id="date_1375" xlink:href="#tok_1375"/><!-- 1987 -->
</markList>
</paula>
