<?xml version="1.0" encoding="UTF-8" standalone="no"?>

<!DOCTYPE paula SYSTEM "paula_feat.dtd">
<paula version="1.0">

<header paula_id="tei.GUM.GUM_news_warhol_date"/>

<featList xmlns:xlink="http://www.w3.org/1999/xlink" type="date" xml:base="tei.GUM.GUM_news_warhol.dateSeg.xml">
<feat xlink:href="#date_9" value="date"/><!-- Tuesday...2014 -->
<feat xlink:href="#date_206" value="date"/><!-- January...23 -->
<feat xlink:href="#date_209" value="date"/><!-- March...9 -->
<feat xlink:href="#date_299" value="date"/><!-- 2007 -->
<feat xlink:href="#date_413" value="date"/><!-- January...23 -->
<feat xlink:href="#date_416" value="date"/><!-- March...2014 -->
<feat xlink:href="#date_443" value="date"/><!-- 2007 -->
<feat xlink:href="#date_475" value="date"/><!-- 1987 -->
<feat xlink:href="#date_1127" value="date"/><!-- 2014 -->
<feat xlink:href="#date_1375" value="date"/><!-- 1987 -->
</featList>
</paula>
