<?xml version='1.0' encoding='UTF-8'?><!DOCTYPE paula SYSTEM "paula_mark.dtd">
<paula version="1.1">
	<header paula_id="morph.GUM_academic_enjambment.mark"/>
	<markList xmlns:xlink="http://www.w3.org/1999/xlink" type="morph" xml:base="GUM_academic_enjambment.tok.xml">
		<!--Distant-->
		<mark id="sSpan485" xlink:href="#sTok1"/>
		<!--Rhythm-->
		<mark id="sSpan486" xlink:href="#sTok2"/>
		<!--Automatic-->
		<mark id="sSpan487" xlink:href="#sTok4"/>
		<!--Enjambment-->
		<mark id="sSpan488" xlink:href="#sTok5"/>
		<!--Detection-->
		<mark id="sSpan489" xlink:href="#sTok6"/>
		<!--Four-->
		<mark id="sSpan490" xlink:href="#sTok8"/>
		<!--Centuries-->
		<mark id="sSpan491" xlink:href="#sTok9"/>
		<!--Spanish-->
		<mark id="sSpan492" xlink:href="#sTok11"/>
		<!--Sonnets-->
		<mark id="sSpan493" xlink:href="#sTok12"/>
		<!--Pablo-->
		<mark id="sSpan494" xlink:href="#sTok13"/>
		<!--Ruiz-->
		<mark id="sSpan495" xlink:href="#sTok14"/>
		<!--Fabo-->
		<mark id="sSpan496" xlink:href="#sTok15"/>
		<!--pabloruizfabo@gmail.com-->
		<mark id="sSpan497" xlink:href="#sTok16"/>
		<!--Lattice-->
		<mark id="sSpan498" xlink:href="#sTok17"/>
		<!--Lab-->
		<mark id="sSpan499" xlink:href="#sTok18"/>
		<!--CNRS-->
		<mark id="sSpan500" xlink:href="#sTok20"/>
		<!--France-->
		<mark id="sSpan501" xlink:href="#sTok22"/>
		<!--Clara-->
		<mark id="sSpan502" xlink:href="#sTok23"/>
		<!--Martínez-->
		<mark id="sSpan503" xlink:href="#sTok24"/>
		<!--Cantón-->
		<mark id="sSpan504" xlink:href="#sTok25"/>
		<!--cimartinez@flog.uned.es-->
		<mark id="sSpan505" xlink:href="#sTok26"/>
		<!--Universidad-->
		<mark id="sSpan506" xlink:href="#sTok27"/>
		<!--Nacional-->
		<mark id="sSpan507" xlink:href="#sTok28"/>
		<!--de-->
		<mark id="sSpan508" xlink:href="#sTok29"/>
		<!--Educación-->
		<mark id="sSpan509" xlink:href="#sTok30"/>
		<!--a-->
		<mark id="sSpan510" xlink:href="#sTok31"/>
		<!--a-->
		<mark id="sSpan511" xlink:href="#sTok31"/>
		<!--Distancia-->
		<mark id="sSpan512" xlink:href="#sTok32"/>
		<!--Spain-->
		<mark id="sSpan513" xlink:href="#sTok34"/>
		<!--Thierry-->
		<mark id="sSpan514" xlink:href="#sTok35"/>
		<!--Poibeau-->
		<mark id="sSpan515" xlink:href="#sTok36"/>
		<!--thierry.poibeau@ens.fr-->
		<mark id="sSpan516" xlink:href="#sTok37"/>
		<!--Lattice-->
		<mark id="sSpan517" xlink:href="#sTok38"/>
		<!--Lab-->
		<mark id="sSpan518" xlink:href="#sTok39"/>
		<!--CNRS-->
		<mark id="sSpan519" xlink:href="#sTok41"/>
		<!--France-->
		<mark id="sSpan520" xlink:href="#sTok43"/>
		<!--Introduction-->
		<mark id="sSpan521" xlink:href="#sTok44"/>
		<!--Enjambment-->
		<mark id="sSpan522" xlink:href="#sTok45"/>
		<!--takes-->
		<mark id="sSpan523" xlink:href="#sTok46"/>
		<!--takes-->
		<mark id="sSpan524" xlink:href="#sTok46"/>
		<!--takes-->
		<mark id="sSpan525" xlink:href="#sTok46"/>
		<!--takes-->
		<mark id="sSpan526" xlink:href="#sTok46"/>
		<!--takes-->
		<mark id="sSpan527" xlink:href="#sTok46"/>
		<!--place-->
		<mark id="sSpan528" xlink:href="#sTok47"/>
		<!--when-->
		<mark id="sSpan529" xlink:href="#sTok48"/>
		<!--a-->
		<mark id="sSpan530" xlink:href="#sTok49"/>
		<!--a-->
		<mark id="sSpan531" xlink:href="#sTok49"/>
		<!--syntactic-->
		<mark id="sSpan532" xlink:href="#sTok50"/>
		<!--unit-->
		<mark id="sSpan533" xlink:href="#sTok51"/>
		<!--is-->
		<mark id="sSpan534" xlink:href="#sTok52"/>
		<!--is-->
		<mark id="sSpan535" xlink:href="#sTok52"/>
		<!--is-->
		<mark id="sSpan536" xlink:href="#sTok52"/>
		<!--is-->
		<mark id="sSpan537" xlink:href="#sTok52"/>
		<!--is-->
		<mark id="sSpan538" xlink:href="#sTok52"/>
		<!--broken-->
		<mark id="sSpan539" xlink:href="#sTok53"/>
		<!--broken-->
		<mark id="sSpan540" xlink:href="#sTok53"/>
		<!--two-->
		<mark id="sSpan541" xlink:href="#sTok56"/>
		<!--lines-->
		<mark id="sSpan542" xlink:href="#sTok57"/>
		<!--poetry-->
		<mark id="sSpan543" xlink:href="#sTok59"/>
		<!--Domínguez-->
		<mark id="sSpan544" xlink:href="#sTok61"/>
		<!--Caparrós-->
		<mark id="sSpan545" xlink:href="#sTok62"/>
		<!--2000-->
		<mark id="sSpan546" xlink:href="#sTok64"/>
		<!--103-->
		<mark id="sSpan547" xlink:href="#sTok66"/>
		<!--giving-->
		<mark id="sSpan548" xlink:href="#sTok69"/>
		<!--rise-->
		<mark id="sSpan549" xlink:href="#sTok70"/>
		<!--different-->
		<mark id="sSpan550" xlink:href="#sTok72"/>
		<!--stylistic-->
		<mark id="sSpan551" xlink:href="#sTok73"/>
		<!--effects-->
		<mark id="sSpan552" xlink:href="#sTok74"/>
		<!--increased-->
		<mark id="sSpan553" xlink:href="#sTok77"/>
		<!--emphasis-->
		<mark id="sSpan554" xlink:href="#sTok78"/>
		<!--elements-->
		<mark id="sSpan555" xlink:href="#sTok80"/>
		<!--the-->
		<mark id="sSpan556" xlink:href="#sTok82"/>
		<!--the-->
		<mark id="sSpan557" xlink:href="#sTok82"/>
		<!--broken-up-->
		<mark id="sSpan558" xlink:href="#sTok83"/>
		<!--phrase-->
		<mark id="sSpan559" xlink:href="#sTok84"/>
		<!--contrast-->
		<mark id="sSpan560" xlink:href="#sTok87"/>
		<!--those-->
		<mark id="sSpan561" xlink:href="#sTok89"/>
		<!--those-->
		<mark id="sSpan562" xlink:href="#sTok89"/>
		<!--elements-->
		<mark id="sSpan563" xlink:href="#sTok90"/>
		<!--creating-->
		<mark id="sSpan564" xlink:href="#sTok94"/>
		<!--double-->
		<mark id="sSpan565" xlink:href="#sTok95"/>
		<!--interpretations-->
		<mark id="sSpan566" xlink:href="#sTok96"/>
		<!--the-->
		<mark id="sSpan567" xlink:href="#sTok98"/>
		<!--the-->
		<mark id="sSpan568" xlink:href="#sTok98"/>
		<!--enjambed-->
		<mark id="sSpan569" xlink:href="#sTok99"/>
		<!--enjambed-->
		<mark id="sSpan570" xlink:href="#sTok99"/>
		<!--lines-->
		<mark id="sSpan571" xlink:href="#sTok100"/>
		<!--García-Paje-->
		<mark id="sSpan572" xlink:href="#sTok102"/>
		<!--1991-->
		<mark id="sSpan573" xlink:href="#sTok104"/>
		<!--Spanish-->
		<mark id="sSpan574" xlink:href="#sTok108"/>
		<!--poetry-->
		<mark id="sSpan575" xlink:href="#sTok109"/>
		<!--the-->
		<mark id="sSpan576" xlink:href="#sTok111"/>
		<!--the-->
		<mark id="sSpan577" xlink:href="#sTok111"/>
		<!--syntactic-->
		<mark id="sSpan578" xlink:href="#sTok112"/>
		<!--configurations-->
		<mark id="sSpan579" xlink:href="#sTok113"/>
		<!--which-->
		<mark id="sSpan580" xlink:href="#sTok115"/>
		<!--enjambment-->
		<mark id="sSpan581" xlink:href="#sTok116"/>
		<!--takes-->
		<mark id="sSpan582" xlink:href="#sTok117"/>
		<!--takes-->
		<mark id="sSpan583" xlink:href="#sTok117"/>
		<!--takes-->
		<mark id="sSpan584" xlink:href="#sTok117"/>
		<!--takes-->
		<mark id="sSpan585" xlink:href="#sTok117"/>
		<!--takes-->
		<mark id="sSpan586" xlink:href="#sTok117"/>
		<!--place-->
		<mark id="sSpan587" xlink:href="#sTok118"/>
		<!--have-->
		<mark id="sSpan588" xlink:href="#sTok119"/>
		<!--have-->
		<mark id="sSpan589" xlink:href="#sTok119"/>
		<!--have-->
		<mark id="sSpan590" xlink:href="#sTok119"/>
		<!--been-->
		<mark id="sSpan591" xlink:href="#sTok120"/>
		<!--been-->
		<mark id="sSpan592" xlink:href="#sTok120"/>
		<!--described-->
		<mark id="sSpan593" xlink:href="#sTok121"/>
		<!--described-->
		<mark id="sSpan594" xlink:href="#sTok121"/>
		<!--detailed-->
		<mark id="sSpan595" xlink:href="#sTok125"/>
		<!--studies-->
		<mark id="sSpan596" xlink:href="#sTok126"/>
		<!--the-->
		<mark id="sSpan597" xlink:href="#sTok128"/>
		<!--the-->
		<mark id="sSpan598" xlink:href="#sTok128"/>
		<!--use-->
		<mark id="sSpan599" xlink:href="#sTok129"/>
		<!--enjambment-->
		<mark id="sSpan600" xlink:href="#sTok131"/>
		<!--individual-->
		<mark id="sSpan601" xlink:href="#sTok133"/>
		<!--authors-->
		<mark id="sSpan602" xlink:href="#sTok134"/>
		<!--exist-->
		<mark id="sSpan603" xlink:href="#sTok135"/>
		<!--exist-->
		<mark id="sSpan604" xlink:href="#sTok135"/>
		<!--exist-->
		<mark id="sSpan605" xlink:href="#sTok135"/>
		<!--see-->
		<mark id="sSpan606" xlink:href="#sTok137"/>
		<!--Martínez-->
		<mark id="sSpan607" xlink:href="#sTok138"/>
		<!--Cantón-->
		<mark id="sSpan608" xlink:href="#sTok139"/>
		<!--2011-->
		<mark id="sSpan609" xlink:href="#sTok141"/>
		<!--an-->
		<mark id="sSpan610" xlink:href="#sTok143"/>
		<!--an-->
		<mark id="sSpan611" xlink:href="#sTok143"/>
		<!--overview-->
		<mark id="sSpan612" xlink:href="#sTok144"/>
		<!--including-->
		<mark id="sSpan613" xlink:href="#sTok146"/>
		<!--others-->
		<mark id="sSpan614" xlink:href="#sTok149"/>
		<!--Quilis-->
		<mark id="sSpan615" xlink:href="#sTok150"/>
		<!--1964-->
		<mark id="sSpan616" xlink:href="#sTok152"/>
		<!--Domínguez-->
		<mark id="sSpan617" xlink:href="#sTok155"/>
		<!--Caparrós-->
		<mark id="sSpan618" xlink:href="#sTok156"/>
		<!--2000-->
		<mark id="sSpan619" xlink:href="#sTok159"/>
		<!--Paraíso-->
		<mark id="sSpan620" xlink:href="#sTok162"/>
		<!--2000-->
		<mark id="sSpan621" xlink:href="#sTok165"/>
		<!--Spang-->
		<mark id="sSpan622" xlink:href="#sTok168"/>
		<!--1983-->
		<mark id="sSpan623" xlink:href="#sTok170"/>
		<!--a-->
		<mark id="sSpan624" xlink:href="#sTok173"/>
		<!--a-->
		<mark id="sSpan625" xlink:href="#sTok173"/>
		<!--description-->
		<mark id="sSpan626" xlink:href="#sTok174"/>
		<!--enjambment-->
		<mark id="sSpan627" xlink:href="#sTok176"/>
		<!--Alarcos-->
		<mark id="sSpan628" xlink:href="#sTok179"/>
		<!--1966-->
		<mark id="sSpan629" xlink:href="#sTok181"/>
		<!--Senabre-->
		<mark id="sSpan630" xlink:href="#sTok184"/>
		<!--1982-->
		<mark id="sSpan631" xlink:href="#sTok186"/>
		<!--Luján-->
		<mark id="sSpan632" xlink:href="#sTok189"/>
		<!--2006-->
		<mark id="sSpan633" xlink:href="#sTok191"/>
		<!--Martínez-->
		<mark id="sSpan634" xlink:href="#sTok194"/>
		<!--Fernández-->
		<mark id="sSpan635" xlink:href="#sTok195"/>
		<!--2010-->
		<mark id="sSpan636" xlink:href="#sTok197"/>
		<!--case-studies-->
		<mark id="sSpan637" xlink:href="#sTok200"/>
		<!--a-->
		<mark id="sSpan638" xlink:href="#sTok202"/>
		<!--a-->
		<mark id="sSpan639" xlink:href="#sTok202"/>
		<!--single-->
		<mark id="sSpan640" xlink:href="#sTok203"/>
		<!--author-->
		<mark id="sSpan641" xlink:href="#sTok204"/>
		<!--a-->
		<mark id="sSpan642" xlink:href="#sTok208"/>
		<!--a-->
		<mark id="sSpan643" xlink:href="#sTok208"/>
		<!--larger-scale-->
		<mark id="sSpan644" xlink:href="#sTok209"/>
		<!--study-->
		<mark id="sSpan645" xlink:href="#sTok210"/>
		<!--identify-->
		<mark id="sSpan646" xlink:href="#sTok212"/>
		<!--enjambment-->
		<mark id="sSpan647" xlink:href="#sTok213"/>
		<!--hundreds-->
		<mark id="sSpan648" xlink:href="#sTok215"/>
		<!--authors-->
		<mark id="sSpan649" xlink:href="#sTok217"/>
		<!--spanning-->
		<mark id="sSpan650" xlink:href="#sTok218"/>
		<!--several-->
		<mark id="sSpan651" xlink:href="#sTok219"/>
		<!--centuries-->
		<mark id="sSpan652" xlink:href="#sTok220"/>
		<!--enabling-->
		<mark id="sSpan653" xlink:href="#sTok222"/>
		<!--distant-->
		<mark id="sSpan654" xlink:href="#sTok223"/>
		<!--reading-->
		<mark id="sSpan655" xlink:href="#sTok224"/>
		<!--Moretti-->
		<mark id="sSpan656" xlink:href="#sTok226"/>
		<!--2013-->
		<mark id="sSpan657" xlink:href="#sTok228"/>
		<!--was-->
		<mark id="sSpan658" xlink:href="#sTok231"/>
		<!--was-->
		<mark id="sSpan659" xlink:href="#sTok231"/>
		<!--was-->
		<mark id="sSpan660" xlink:href="#sTok231"/>
		<!--was-->
		<mark id="sSpan661" xlink:href="#sTok231"/>
		<!--was-->
		<mark id="sSpan662" xlink:href="#sTok231"/>
		<!--not-->
		<mark id="sSpan663" xlink:href="#sTok232"/>
		<!--available-->
		<mark id="sSpan664" xlink:href="#sTok234"/>
		<!--Given-->
		<mark id="sSpan665" xlink:href="#sTok236"/>
		<!--Given-->
		<mark id="sSpan666" xlink:href="#sTok236"/>
		<!--that-->
		<mark id="sSpan667" xlink:href="#sTok237"/>
		<!--that-->
		<mark id="sSpan668" xlink:href="#sTok237"/>
		<!--need-->
		<mark id="sSpan669" xlink:href="#sTok238"/>
		<!--we-->
		<mark id="sSpan670" xlink:href="#sTok240"/>
		<!--we-->
		<mark id="sSpan671" xlink:href="#sTok240"/>
		<!--we-->
		<mark id="sSpan672" xlink:href="#sTok240"/>
		<!--we-->
		<mark id="sSpan673" xlink:href="#sTok240"/>
		<!--have-->
		<mark id="sSpan674" xlink:href="#sTok241"/>
		<!--have-->
		<mark id="sSpan675" xlink:href="#sTok241"/>
		<!--have-->
		<mark id="sSpan676" xlink:href="#sTok241"/>
		<!--developed-->
		<mark id="sSpan677" xlink:href="#sTok242"/>
		<!--developed-->
		<mark id="sSpan678" xlink:href="#sTok242"/>
		<!--software-->
		<mark id="sSpan679" xlink:href="#sTok243"/>
		<!--based-->
		<mark id="sSpan680" xlink:href="#sTok245"/>
		<!--based-->
		<mark id="sSpan681" xlink:href="#sTok245"/>
		<!--Natural-->
		<mark id="sSpan682" xlink:href="#sTok247"/>
		<!--Language-->
		<mark id="sSpan683" xlink:href="#sTok248"/>
		<!--Processing-->
		<mark id="sSpan684" xlink:href="#sTok249"/>
		<!--that-->
		<mark id="sSpan685" xlink:href="#sTok251"/>
		<!--identifies-->
		<mark id="sSpan686" xlink:href="#sTok253"/>
		<!--identifies-->
		<mark id="sSpan687" xlink:href="#sTok253"/>
		<!--identifies-->
		<mark id="sSpan688" xlink:href="#sTok253"/>
		<!--identifies-->
		<mark id="sSpan689" xlink:href="#sTok253"/>
		<!--identifies-->
		<mark id="sSpan690" xlink:href="#sTok253"/>
		<!--enjambment-->
		<mark id="sSpan691" xlink:href="#sTok254"/>
		<!--Spanish-->
		<mark id="sSpan692" xlink:href="#sTok256"/>
		<!--applied-->
		<mark id="sSpan693" xlink:href="#sTok259"/>
		<!--applied-->
		<mark id="sSpan694" xlink:href="#sTok259"/>
		<!--applied-->
		<mark id="sSpan695" xlink:href="#sTok259"/>
		<!--it-->
		<mark id="sSpan696" xlink:href="#sTok260"/>
		<!--it-->
		<mark id="sSpan697" xlink:href="#sTok260"/>
		<!--it-->
		<mark id="sSpan698" xlink:href="#sTok260"/>
		<!--it-->
		<mark id="sSpan699" xlink:href="#sTok260"/>
		<!--it-->
		<mark id="sSpan700" xlink:href="#sTok260"/>
		<!--a-->
		<mark id="sSpan701" xlink:href="#sTok262"/>
		<!--a-->
		<mark id="sSpan702" xlink:href="#sTok262"/>
		<!--corpus-->
		<mark id="sSpan703" xlink:href="#sTok263"/>
		<!--3750-->
		<mark id="sSpan704" xlink:href="#sTok266"/>
		<!--sonnets-->
		<mark id="sSpan705" xlink:href="#sTok267"/>
		<!--1000-->
		<mark id="sSpan706" xlink:href="#sTok270"/>
		<!--authors-->
		<mark id="sSpan707" xlink:href="#sTok271"/>
		<!--the-->
		<mark id="sSpan708" xlink:href="#sTok274"/>
		<!--the-->
		<mark id="sSpan709" xlink:href="#sTok274"/>
		<!--15th-->
		<mark id="sSpan710" xlink:href="#sTok275"/>
		<!--15th-->
		<mark id="sSpan711" xlink:href="#sTok275"/>
		<!--the-->
		<mark id="sSpan712" xlink:href="#sTok277"/>
		<!--the-->
		<mark id="sSpan713" xlink:href="#sTok277"/>
		<!--19th-->
		<mark id="sSpan714" xlink:href="#sTok278"/>
		<!--19th-->
		<mark id="sSpan715" xlink:href="#sTok278"/>
		<!--century-->
		<mark id="sSpan716" xlink:href="#sTok279"/>
		<!--What-->
		<mark id="sSpan717" xlink:href="#sTok281"/>
		<!--is-->
		<mark id="sSpan718" xlink:href="#sTok282"/>
		<!--is-->
		<mark id="sSpan719" xlink:href="#sTok282"/>
		<!--is-->
		<mark id="sSpan720" xlink:href="#sTok282"/>
		<!--is-->
		<mark id="sSpan721" xlink:href="#sTok282"/>
		<!--is-->
		<mark id="sSpan722" xlink:href="#sTok282"/>
		<!--the-->
		<mark id="sSpan723" xlink:href="#sTok283"/>
		<!--the-->
		<mark id="sSpan724" xlink:href="#sTok283"/>
		<!--interest-->
		<mark id="sSpan725" xlink:href="#sTok284"/>
		<!--such-->
		<mark id="sSpan726" xlink:href="#sTok286"/>
		<!--large-scale-->
		<mark id="sSpan727" xlink:href="#sTok287"/>
		<!--automatic-->
		<mark id="sSpan728" xlink:href="#sTok288"/>
		<!--analyses-->
		<mark id="sSpan729" xlink:href="#sTok289"/>
		<!--enjambment-->
		<mark id="sSpan730" xlink:href="#sTok291"/>
		<!--the-->
		<mark id="sSpan731" xlink:href="#sTok295"/>
		<!--the-->
		<mark id="sSpan732" xlink:href="#sTok295"/>
		<!--literature-->
		<mark id="sSpan733" xlink:href="#sTok296"/>
		<!--shows-->
		<mark id="sSpan734" xlink:href="#sTok297"/>
		<!--shows-->
		<mark id="sSpan735" xlink:href="#sTok297"/>
		<!--shows-->
		<mark id="sSpan736" xlink:href="#sTok297"/>
		<!--shows-->
		<mark id="sSpan737" xlink:href="#sTok297"/>
		<!--shows-->
		<mark id="sSpan738" xlink:href="#sTok297"/>
		<!--a-->
		<mark id="sSpan739" xlink:href="#sTok298"/>
		<!--a-->
		<mark id="sSpan740" xlink:href="#sTok298"/>
		<!--debate-->
		<mark id="sSpan741" xlink:href="#sTok299"/>
		<!--which-->
		<mark id="sSpan742" xlink:href="#sTok301"/>
		<!--specific-->
		<mark id="sSpan743" xlink:href="#sTok302"/>
		<!--syntactic-->
		<mark id="sSpan744" xlink:href="#sTok303"/>
		<!--units-->
		<mark id="sSpan745" xlink:href="#sTok304"/>
		<!--can-->
		<mark id="sSpan746" xlink:href="#sTok305"/>
		<!--be-->
		<mark id="sSpan747" xlink:href="#sTok306"/>
		<!--considered-->
		<mark id="sSpan748" xlink:href="#sTok307"/>
		<!--considered-->
		<mark id="sSpan749" xlink:href="#sTok307"/>
		<!--trigger-->
		<mark id="sSpan750" xlink:href="#sTok309"/>
		<!--enjambment-->
		<mark id="sSpan751" xlink:href="#sTok310"/>
		<!--split-->
		<mark id="sSpan752" xlink:href="#sTok313"/>
		<!--two-->
		<mark id="sSpan753" xlink:href="#sTok315"/>
		<!--lines-->
		<mark id="sSpan754" xlink:href="#sTok316"/>
		<!--lexical-->
		<mark id="sSpan755" xlink:href="#sTok320"/>
		<!--syntactic-->
		<mark id="sSpan756" xlink:href="#sTok322"/>
		<!--criteria-->
		<mark id="sSpan757" xlink:href="#sTok323"/>
		<!--are-->
		<mark id="sSpan758" xlink:href="#sTok324"/>
		<!--are-->
		<mark id="sSpan759" xlink:href="#sTok324"/>
		<!--are-->
		<mark id="sSpan760" xlink:href="#sTok324"/>
		<!--sufficient-->
		<mark id="sSpan761" xlink:href="#sTok325"/>
		<!--identify-->
		<mark id="sSpan762" xlink:href="#sTok327"/>
		<!--enjambment-->
		<mark id="sSpan763" xlink:href="#sTok328"/>
		<!--the-->
		<mark id="sSpan764" xlink:href="#sTok332"/>
		<!--the-->
		<mark id="sSpan765" xlink:href="#sTok332"/>
		<!--stylistic-->
		<mark id="sSpan766" xlink:href="#sTok333"/>
		<!--effects-->
		<mark id="sSpan767" xlink:href="#sTok334"/>
		<!--that-->
		<mark id="sSpan768" xlink:href="#sTok335"/>
		<!--enjambment-->
		<mark id="sSpan769" xlink:href="#sTok336"/>
		<!--permits-->
		<mark id="sSpan770" xlink:href="#sTok337"/>
		<!--permits-->
		<mark id="sSpan771" xlink:href="#sTok337"/>
		<!--permits-->
		<mark id="sSpan772" xlink:href="#sTok337"/>
		<!--permits-->
		<mark id="sSpan773" xlink:href="#sTok337"/>
		<!--permits-->
		<mark id="sSpan774" xlink:href="#sTok337"/>
		<!--are-->
		<mark id="sSpan775" xlink:href="#sTok338"/>
		<!--are-->
		<mark id="sSpan776" xlink:href="#sTok338"/>
		<!--are-->
		<mark id="sSpan777" xlink:href="#sTok338"/>
		<!--an-->
		<mark id="sSpan778" xlink:href="#sTok340"/>
		<!--an-->
		<mark id="sSpan779" xlink:href="#sTok340"/>
		<!--object-->
		<mark id="sSpan780" xlink:href="#sTok341"/>
		<!--current-->
		<mark id="sSpan781" xlink:href="#sTok343"/>
		<!--research-->
		<mark id="sSpan782" xlink:href="#sTok344"/>
		<!--Martínez-->
		<mark id="sSpan783" xlink:href="#sTok346"/>
		<!--Fernández-->
		<mark id="sSpan784" xlink:href="#sTok347"/>
		<!--2010-->
		<mark id="sSpan785" xlink:href="#sTok349"/>
		<!--collecting-->
		<mark id="sSpan786" xlink:href="#sTok353"/>
		<!--large-->
		<mark id="sSpan787" xlink:href="#sTok354"/>
		<!--amounts-->
		<mark id="sSpan788" xlink:href="#sTok355"/>
		<!--enjambment-->
		<mark id="sSpan789" xlink:href="#sTok357"/>
		<!--examples-->
		<mark id="sSpan790" xlink:href="#sTok358"/>
		<!--provides-->
		<mark id="sSpan791" xlink:href="#sTok359"/>
		<!--provides-->
		<mark id="sSpan792" xlink:href="#sTok359"/>
		<!--provides-->
		<mark id="sSpan793" xlink:href="#sTok359"/>
		<!--provides-->
		<mark id="sSpan794" xlink:href="#sTok359"/>
		<!--provides-->
		<mark id="sSpan795" xlink:href="#sTok359"/>
		<!--helpful-->
		<mark id="sSpan796" xlink:href="#sTok360"/>
		<!--evidence-->
		<mark id="sSpan797" xlink:href="#sTok361"/>
		<!--assess-->
		<mark id="sSpan798" xlink:href="#sTok363"/>
		<!--scholars-->
		<mark id="sSpan799" xlink:href="#sTok364"/>
		<!--current-->
		<mark id="sSpan800" xlink:href="#sTok366"/>
		<!--claims-->
		<mark id="sSpan801" xlink:href="#sTok367"/>
		<!--may-->
		<mark id="sSpan802" xlink:href="#sTok370"/>
		<!--stimulate-->
		<mark id="sSpan803" xlink:href="#sTok371"/>
		<!--novel-->
		<mark id="sSpan804" xlink:href="#sTok372"/>
		<!--analyses-->
		<mark id="sSpan805" xlink:href="#sTok373"/>
		<!--our-->
		<mark id="sSpan806" xlink:href="#sTok377"/>
		<!--our-->
		<mark id="sSpan807" xlink:href="#sTok377"/>
		<!--our-->
		<mark id="sSpan808" xlink:href="#sTok377"/>
		<!--our-->
		<mark id="sSpan809" xlink:href="#sTok377"/>
		<!--study-->
		<mark id="sSpan810" xlink:href="#sTok378"/>
		<!--complements-->
		<mark id="sSpan811" xlink:href="#sTok379"/>
		<!--complements-->
		<mark id="sSpan812" xlink:href="#sTok379"/>
		<!--complements-->
		<mark id="sSpan813" xlink:href="#sTok379"/>
		<!--complements-->
		<mark id="sSpan814" xlink:href="#sTok379"/>
		<!--complements-->
		<mark id="sSpan815" xlink:href="#sTok379"/>
		<!--Navarro-->
		<mark id="sSpan816" xlink:href="#sTok380"/>
		<!--2016-->
		<mark id="sSpan817" xlink:href="#sTok383"/>
		<!--automatic-->
		<mark id="sSpan818" xlink:href="#sTok385"/>
		<!--metrical-->
		<mark id="sSpan819" xlink:href="#sTok386"/>
		<!--analyses-->
		<mark id="sSpan820" xlink:href="#sTok387"/>
		<!--Spanish-->
		<mark id="sSpan821" xlink:href="#sTok389"/>
		<!--Golden-->
		<mark id="sSpan822" xlink:href="#sTok390"/>
		<!--Age-->
		<mark id="sSpan823" xlink:href="#sTok391"/>
		<!--sonnets-->
		<mark id="sSpan824" xlink:href="#sTok392"/>
		<!--covering-->
		<mark id="sSpan825" xlink:href="#sTok395"/>
		<!--a-->
		<mark id="sSpan826" xlink:href="#sTok396"/>
		<!--a-->
		<mark id="sSpan827" xlink:href="#sTok396"/>
		<!--wider-->
		<mark id="sSpan828" xlink:href="#sTok397"/>
		<!--period-->
		<mark id="sSpan829" xlink:href="#sTok398"/>
		<!--focusing-->
		<mark id="sSpan830" xlink:href="#sTok400"/>
		<!--enjambment-->
		<mark id="sSpan831" xlink:href="#sTok402"/>
		<!--The-->
		<mark id="sSpan832" xlink:href="#sTok404"/>
		<!--The-->
		<mark id="sSpan833" xlink:href="#sTok404"/>
		<!--abstract-->
		<mark id="sSpan834" xlink:href="#sTok405"/>
		<!--is-->
		<mark id="sSpan835" xlink:href="#sTok406"/>
		<!--is-->
		<mark id="sSpan836" xlink:href="#sTok406"/>
		<!--is-->
		<mark id="sSpan837" xlink:href="#sTok406"/>
		<!--is-->
		<mark id="sSpan838" xlink:href="#sTok406"/>
		<!--is-->
		<mark id="sSpan839" xlink:href="#sTok406"/>
		<!--structured-->
		<mark id="sSpan840" xlink:href="#sTok407"/>
		<!--structured-->
		<mark id="sSpan841" xlink:href="#sTok407"/>
		<!--we-->
		<mark id="sSpan842" xlink:href="#sTok411"/>
		<!--we-->
		<mark id="sSpan843" xlink:href="#sTok411"/>
		<!--we-->
		<mark id="sSpan844" xlink:href="#sTok411"/>
		<!--we-->
		<mark id="sSpan845" xlink:href="#sTok411"/>
		<!--provide-->
		<mark id="sSpan846" xlink:href="#sTok412"/>
		<!--provide-->
		<mark id="sSpan847" xlink:href="#sTok412"/>
		<!--provide-->
		<mark id="sSpan848" xlink:href="#sTok412"/>
		<!--the-->
		<mark id="sSpan849" xlink:href="#sTok413"/>
		<!--the-->
		<mark id="sSpan850" xlink:href="#sTok413"/>
		<!--definition-->
		<mark id="sSpan851" xlink:href="#sTok414"/>
		<!--enjambment-->
		<mark id="sSpan852" xlink:href="#sTok416"/>
		<!--adopted-->
		<mark id="sSpan853" xlink:href="#sTok417"/>
		<!--adopted-->
		<mark id="sSpan854" xlink:href="#sTok417"/>
		<!--Then-->
		<mark id="sSpan855" xlink:href="#sTok419"/>
		<!--our-->
		<mark id="sSpan856" xlink:href="#sTok421"/>
		<!--our-->
		<mark id="sSpan857" xlink:href="#sTok421"/>
		<!--our-->
		<mark id="sSpan858" xlink:href="#sTok421"/>
		<!--our-->
		<mark id="sSpan859" xlink:href="#sTok421"/>
		<!--corpus-->
		<mark id="sSpan860" xlink:href="#sTok422"/>
		<!--system-->
		<mark id="sSpan861" xlink:href="#sTok424"/>
		<!--are-->
		<mark id="sSpan862" xlink:href="#sTok425"/>
		<!--are-->
		<mark id="sSpan863" xlink:href="#sTok425"/>
		<!--are-->
		<mark id="sSpan864" xlink:href="#sTok425"/>
		<!--described-->
		<mark id="sSpan865" xlink:href="#sTok426"/>
		<!--described-->
		<mark id="sSpan866" xlink:href="#sTok426"/>
		<!--followed-->
		<mark id="sSpan867" xlink:href="#sTok428"/>
		<!--followed-->
		<mark id="sSpan868" xlink:href="#sTok428"/>
		<!--an-->
		<mark id="sSpan869" xlink:href="#sTok430"/>
		<!--an-->
		<mark id="sSpan870" xlink:href="#sTok430"/>
		<!--evaluation-->
		<mark id="sSpan871" xlink:href="#sTok431"/>
		<!--the-->
		<mark id="sSpan872" xlink:href="#sTok433"/>
		<!--the-->
		<mark id="sSpan873" xlink:href="#sTok433"/>
		<!--system-->
		<mark id="sSpan874" xlink:href="#sTok434"/>
		<!--findings-->
		<mark id="sSpan875" xlink:href="#sTok438"/>
		<!--enjambment-->
		<mark id="sSpan876" xlink:href="#sTok440"/>
		<!--our-->
		<mark id="sSpan877" xlink:href="#sTok442"/>
		<!--our-->
		<mark id="sSpan878" xlink:href="#sTok442"/>
		<!--our-->
		<mark id="sSpan879" xlink:href="#sTok442"/>
		<!--our-->
		<mark id="sSpan880" xlink:href="#sTok442"/>
		<!--diachronic-->
		<mark id="sSpan881" xlink:href="#sTok443"/>
		<!--sonnet-->
		<mark id="sSpan882" xlink:href="#sTok444"/>
		<!--corpus-->
		<mark id="sSpan883" xlink:href="#sTok445"/>
		<!--are-->
		<mark id="sSpan884" xlink:href="#sTok446"/>
		<!--are-->
		<mark id="sSpan885" xlink:href="#sTok446"/>
		<!--are-->
		<mark id="sSpan886" xlink:href="#sTok446"/>
		<!--discussed-->
		<mark id="sSpan887" xlink:href="#sTok447"/>
		<!--discussed-->
		<mark id="sSpan888" xlink:href="#sTok447"/>
		<!--The-->
		<mark id="sSpan889" xlink:href="#sTok449"/>
		<!--The-->
		<mark id="sSpan890" xlink:href="#sTok449"/>
		<!--project-->
		<mark id="sSpan891" xlink:href="#sTok450"/>
		<!--website-->
		<mark id="sSpan892" xlink:href="#sTok452"/>
		<!--provides-->
		<mark id="sSpan893" xlink:href="#sTok453"/>
		<!--provides-->
		<mark id="sSpan894" xlink:href="#sTok453"/>
		<!--provides-->
		<mark id="sSpan895" xlink:href="#sTok453"/>
		<!--provides-->
		<mark id="sSpan896" xlink:href="#sTok453"/>
		<!--provides-->
		<mark id="sSpan897" xlink:href="#sTok453"/>
		<!--details-->
		<mark id="sSpan898" xlink:href="#sTok454"/>
		<!--omitted-->
		<mark id="sSpan899" xlink:href="#sTok455"/>
		<!--omitted-->
		<mark id="sSpan900" xlink:href="#sTok455"/>
		<!--here-->
		<mark id="sSpan901" xlink:href="#sTok456"/>
		<!--space-->
		<mark id="sSpan902" xlink:href="#sTok458"/>
		<!--reasons-->
		<mark id="sSpan903" xlink:href="#sTok459"/>
		<!--samples-->
		<mark id="sSpan904" xlink:href="#sTok462"/>
		<!--the-->
		<mark id="sSpan905" xlink:href="#sTok464"/>
		<!--the-->
		<mark id="sSpan906" xlink:href="#sTok464"/>
		<!--corpus-->
		<mark id="sSpan907" xlink:href="#sTok465"/>
		<!--results-->
		<mark id="sSpan908" xlink:href="#sTok467"/>
		<!--other-->
		<mark id="sSpan909" xlink:href="#sTok470"/>
		<!--details-->
		<mark id="sSpan910" xlink:href="#sTok471"/>
		<!--Enjambment-->
		<mark id="sSpan911" xlink:href="#sTok473"/>
		<!--Spanish-->
		<mark id="sSpan912" xlink:href="#sTok475"/>
		<!--Syntactic-->
		<mark id="sSpan913" xlink:href="#sTok476"/>
		<!--metrical-->
		<mark id="sSpan914" xlink:href="#sTok478"/>
		<!--units-->
		<mark id="sSpan915" xlink:href="#sTok479"/>
		<!--match-->
		<mark id="sSpan916" xlink:href="#sTok481"/>
		<!--match-->
		<mark id="sSpan917" xlink:href="#sTok481"/>
		<!--match-->
		<mark id="sSpan918" xlink:href="#sTok481"/>
		<!--poetry-->
		<mark id="sSpan919" xlink:href="#sTok483"/>
		<!--this-->
		<mark id="sSpan920" xlink:href="#sTok487"/>
		<!--this-->
		<mark id="sSpan921" xlink:href="#sTok487"/>
		<!--trend-->
		<mark id="sSpan922" xlink:href="#sTok488"/>
		<!--has-->
		<mark id="sSpan923" xlink:href="#sTok489"/>
		<!--has-->
		<mark id="sSpan924" xlink:href="#sTok489"/>
		<!--has-->
		<mark id="sSpan925" xlink:href="#sTok489"/>
		<!--has-->
		<mark id="sSpan926" xlink:href="#sTok489"/>
		<!--has-->
		<mark id="sSpan927" xlink:href="#sTok489"/>
		<!--been-->
		<mark id="sSpan928" xlink:href="#sTok490"/>
		<!--been-->
		<mark id="sSpan929" xlink:href="#sTok490"/>
		<!--broken-->
		<mark id="sSpan930" xlink:href="#sTok491"/>
		<!--broken-->
		<mark id="sSpan931" xlink:href="#sTok491"/>
		<!--antiquity-->
		<mark id="sSpan932" xlink:href="#sTok493"/>
		<!--various-->
		<mark id="sSpan933" xlink:href="#sTok495"/>
		<!--reasons-->
		<mark id="sSpan934" xlink:href="#sTok496"/>
		<!--Parry-->
		<mark id="sSpan935" xlink:href="#sTok498"/>
		<!--1929-->
		<mark id="sSpan936" xlink:href="#sTok500"/>
		<!--Homer-->
		<mark id="sSpan937" xlink:href="#sTok503"/>
		<!--Flores-->
		<mark id="sSpan938" xlink:href="#sTok506"/>
		<!--Gómez-->
		<mark id="sSpan939" xlink:href="#sTok507"/>
		<!--1988-->
		<mark id="sSpan940" xlink:href="#sTok509"/>
		<!--early-->
		<mark id="sSpan941" xlink:href="#sTok512"/>
		<!--classical-->
		<mark id="sSpan942" xlink:href="#sTok513"/>
		<!--poetry-->
		<mark id="sSpan943" xlink:href="#sTok514"/>
		<!--Spanish-->
		<mark id="sSpan944" xlink:href="#sTok518"/>
		<!--tradition-->
		<mark id="sSpan945" xlink:href="#sTok519"/>
		<!--enjambment-->
		<mark id="sSpan946" xlink:href="#sTok521"/>
		<!--Spanish-->
		<mark id="sSpan947" xlink:href="#sTok524"/>
		<!--is-->
		<mark id="sSpan948" xlink:href="#sTok530"/>
		<!--is-->
		<mark id="sSpan949" xlink:href="#sTok530"/>
		<!--is-->
		<mark id="sSpan950" xlink:href="#sTok530"/>
		<!--is-->
		<mark id="sSpan951" xlink:href="#sTok530"/>
		<!--is-->
		<mark id="sSpan952" xlink:href="#sTok530"/>
		<!--considered-->
		<mark id="sSpan953" xlink:href="#sTok531"/>
		<!--considered-->
		<mark id="sSpan954" xlink:href="#sTok531"/>
		<!--take-->
		<mark id="sSpan955" xlink:href="#sTok533"/>
		<!--place-->
		<mark id="sSpan956" xlink:href="#sTok534"/>
		<!--when-->
		<mark id="sSpan957" xlink:href="#sTok535"/>
		<!--a-->
		<mark id="sSpan958" xlink:href="#sTok536"/>
		<!--a-->
		<mark id="sSpan959" xlink:href="#sTok536"/>
		<!--pause-->
		<mark id="sSpan960" xlink:href="#sTok537"/>
		<!--suggested-->
		<mark id="sSpan961" xlink:href="#sTok538"/>
		<!--suggested-->
		<mark id="sSpan962" xlink:href="#sTok538"/>
		<!--suggested-->
		<mark id="sSpan963" xlink:href="#sTok538"/>
		<!--poetic-->
		<mark id="sSpan964" xlink:href="#sTok540"/>
		<!--form-->
		<mark id="sSpan965" xlink:href="#sTok541"/>
		<!--the-->
		<mark id="sSpan966" xlink:href="#sTok545"/>
		<!--the-->
		<mark id="sSpan967" xlink:href="#sTok545"/>
		<!--end-->
		<mark id="sSpan968" xlink:href="#sTok546"/>
		<!--a-->
		<mark id="sSpan969" xlink:href="#sTok548"/>
		<!--a-->
		<mark id="sSpan970" xlink:href="#sTok548"/>
		<!--line-->
		<mark id="sSpan971" xlink:href="#sTok549"/>
		<!--hemistichs-->
		<mark id="sSpan972" xlink:href="#sTok552"/>
		<!--occurs-->
		<mark id="sSpan973" xlink:href="#sTok554"/>
		<!--occurs-->
		<mark id="sSpan974" xlink:href="#sTok554"/>
		<!--occurs-->
		<mark id="sSpan975" xlink:href="#sTok554"/>
		<!--occurs-->
		<mark id="sSpan976" xlink:href="#sTok554"/>
		<!--occurs-->
		<mark id="sSpan977" xlink:href="#sTok554"/>
		<!--connected-->
		<mark id="sSpan978" xlink:href="#sTok557"/>
		<!--connected-->
		<mark id="sSpan979" xlink:href="#sTok557"/>
		<!--lexical-->
		<mark id="sSpan980" xlink:href="#sTok558"/>
		<!--syntactic-->
		<mark id="sSpan981" xlink:href="#sTok560"/>
		<!--units-->
		<mark id="sSpan982" xlink:href="#sTok561"/>
		<!--triggering-->
		<mark id="sSpan983" xlink:href="#sTok563"/>
		<!--an-->
		<mark id="sSpan984" xlink:href="#sTok564"/>
		<!--an-->
		<mark id="sSpan985" xlink:href="#sTok564"/>
		<!--unnatural-->
		<mark id="sSpan986" xlink:href="#sTok565"/>
		<!--unnatural-->
		<mark id="sSpan987" xlink:href="#sTok565"/>
		<!--cut-->
		<mark id="sSpan988" xlink:href="#sTok566"/>
		<!--those-->
		<mark id="sSpan989" xlink:href="#sTok568"/>
		<!--those-->
		<mark id="sSpan990" xlink:href="#sTok568"/>
		<!--units-->
		<mark id="sSpan991" xlink:href="#sTok569"/>
		<!--Quilis-->
		<mark id="sSpan992" xlink:href="#sTok571"/>
		<!--1964-->
		<mark id="sSpan993" xlink:href="#sTok573"/>
		<!--performed-->
		<mark id="sSpan994" xlink:href="#sTok575"/>
		<!--performed-->
		<mark id="sSpan995" xlink:href="#sTok575"/>
		<!--performed-->
		<mark id="sSpan996" xlink:href="#sTok575"/>
		<!--poetry-->
		<mark id="sSpan997" xlink:href="#sTok576"/>
		<!--reading-->
		<mark id="sSpan998" xlink:href="#sTok577"/>
		<!--experiments-->
		<mark id="sSpan999" xlink:href="#sTok578"/>
		<!--proposing-->
		<mark id="sSpan1000" xlink:href="#sTok580"/>
		<!--the-->
		<mark id="sSpan1001" xlink:href="#sTok582"/>
		<!--the-->
		<mark id="sSpan1002" xlink:href="#sTok582"/>
		<!--following-->
		<mark id="sSpan1003" xlink:href="#sTok583"/>
		<!--connected-->
		<mark id="sSpan1004" xlink:href="#sTok585"/>
		<!--connected-->
		<mark id="sSpan1005" xlink:href="#sTok585"/>
		<!--elements-->
		<mark id="sSpan1006" xlink:href="#sTok586"/>
		<!--give-->
		<mark id="sSpan1007" xlink:href="#sTok587"/>
		<!--give-->
		<mark id="sSpan1008" xlink:href="#sTok587"/>
		<!--give-->
		<mark id="sSpan1009" xlink:href="#sTok587"/>
		<!--rise-->
		<mark id="sSpan1010" xlink:href="#sTok588"/>
		<!--enjambment-->
		<mark id="sSpan1011" xlink:href="#sTok590"/>
		<!--should-->
		<mark id="sSpan1012" xlink:href="#sTok592"/>
		<!--a-->
		<mark id="sSpan1013" xlink:href="#sTok593"/>
		<!--a-->
		<mark id="sSpan1014" xlink:href="#sTok593"/>
		<!--poetic-form-->
		<mark id="sSpan1015" xlink:href="#sTok594"/>
		<!--pause-->
		<mark id="sSpan1016" xlink:href="#sTok595"/>
		<!--break-->
		<mark id="sSpan1017" xlink:href="#sTok596"/>
		<!--them-->
		<mark id="sSpan1018" xlink:href="#sTok597"/>
		<!--them-->
		<mark id="sSpan1019" xlink:href="#sTok597"/>
		<!--them-->
		<mark id="sSpan1020" xlink:href="#sTok597"/>
		<!--them-->
		<mark id="sSpan1021" xlink:href="#sTok597"/>
		<!--Lexical-->
		<mark id="sSpan1022" xlink:href="#sTok600"/>
		<!--enjambment-->
		<mark id="sSpan1023" xlink:href="#sTok601"/>
		<!--Breaking-->
		<mark id="sSpan1024" xlink:href="#sTok603"/>
		<!--a-->
		<mark id="sSpan1025" xlink:href="#sTok605"/>
		<!--a-->
		<mark id="sSpan1026" xlink:href="#sTok605"/>
		<!--word-->
		<mark id="sSpan1027" xlink:href="#sTok606"/>
		<!--We-->
		<mark id="sSpan1028" xlink:href="#sTok608"/>
		<!--We-->
		<mark id="sSpan1029" xlink:href="#sTok608"/>
		<!--We-->
		<mark id="sSpan1030" xlink:href="#sTok608"/>
		<!--We-->
		<mark id="sSpan1031" xlink:href="#sTok608"/>
		<!--translated-->
		<mark id="sSpan1032" xlink:href="#sTok609"/>
		<!--translated-->
		<mark id="sSpan1033" xlink:href="#sTok609"/>
		<!--translated-->
		<mark id="sSpan1034" xlink:href="#sTok609"/>
		<!--lexical-->
		<mark id="sSpan1035" xlink:href="#sTok611"/>
		<!--enjambment-->
		<mark id="sSpan1036" xlink:href="#sTok612"/>
		<!--Quilis-->
		<mark id="sSpan1037" xlink:href="#sTok615"/>
		<!--terms-->
		<mark id="sSpan1038" xlink:href="#sTok617"/>
		<!--Phrase-bounded-->
		<mark id="sSpan1039" xlink:href="#sTok627"/>
		<!--enjambment-->
		<mark id="sSpan1040" xlink:href="#sTok628"/>
		<!--a-->
		<mark id="sSpan1041" xlink:href="#sTok631"/>
		<!--a-->
		<mark id="sSpan1042" xlink:href="#sTok631"/>
		<!--phrase-->
		<mark id="sSpan1043" xlink:href="#sTok632"/>
		<!--breaking-->
		<mark id="sSpan1044" xlink:href="#sTok634"/>
		<!--sequences-->
		<mark id="sSpan1045" xlink:href="#sTok636"/>
		<!--noun-->
		<mark id="sSpan1046" xlink:href="#sTok639"/>
		<!--adjective-->
		<mark id="sSpan1047" xlink:href="#sTok641"/>
		<!--verb-->
		<mark id="sSpan1048" xlink:href="#sTok645"/>
		<!--adverb-->
		<mark id="sSpan1049" xlink:href="#sTok647"/>
		<!--auxiliary-->
		<mark id="sSpan1050" xlink:href="#sTok651"/>
		<!--verb-->
		<mark id="sSpan1051" xlink:href="#sTok652"/>
		<!--main-->
		<mark id="sSpan1052" xlink:href="#sTok654"/>
		<!--verb-->
		<mark id="sSpan1053" xlink:href="#sTok655"/>
		<!--others-->
		<mark id="sSpan1054" xlink:href="#sTok659"/>
		<!--We-->
		<mark id="sSpan1055" xlink:href="#sTok661"/>
		<!--We-->
		<mark id="sSpan1056" xlink:href="#sTok661"/>
		<!--We-->
		<mark id="sSpan1057" xlink:href="#sTok661"/>
		<!--We-->
		<mark id="sSpan1058" xlink:href="#sTok661"/>
		<!--translated-->
		<mark id="sSpan1059" xlink:href="#sTok662"/>
		<!--translated-->
		<mark id="sSpan1060" xlink:href="#sTok662"/>
		<!--translated-->
		<mark id="sSpan1061" xlink:href="#sTok662"/>
		<!--phrase-bounded-->
		<mark id="sSpan1062" xlink:href="#sTok664"/>
		<!--enjambment-->
		<mark id="sSpan1063" xlink:href="#sTok665"/>
		<!--Cross-clause-->
		<mark id="sSpan1064" xlink:href="#sTok673"/>
		<!--enjambment-->
		<mark id="sSpan1065" xlink:href="#sTok674"/>
		<!--a-->
		<mark id="sSpan1066" xlink:href="#sTok677"/>
		<!--a-->
		<mark id="sSpan1067" xlink:href="#sTok677"/>
		<!--noun-->
		<mark id="sSpan1068" xlink:href="#sTok678"/>
		<!--antecedent-->
		<mark id="sSpan1069" xlink:href="#sTok679"/>
		<!--the-->
		<mark id="sSpan1070" xlink:href="#sTok681"/>
		<!--the-->
		<mark id="sSpan1071" xlink:href="#sTok681"/>
		<!--pronoun-->
		<mark id="sSpan1072" xlink:href="#sTok682"/>
		<!--heading-->
		<mark id="sSpan1073" xlink:href="#sTok683"/>
		<!--the-->
		<mark id="sSpan1074" xlink:href="#sTok684"/>
		<!--the-->
		<mark id="sSpan1075" xlink:href="#sTok684"/>
		<!--relative-->
		<mark id="sSpan1076" xlink:href="#sTok685"/>
		<!--clause-->
		<mark id="sSpan1077" xlink:href="#sTok686"/>
		<!--that-->
		<mark id="sSpan1078" xlink:href="#sTok687"/>
		<!--complements-->
		<mark id="sSpan1079" xlink:href="#sTok688"/>
		<!--complements-->
		<mark id="sSpan1080" xlink:href="#sTok688"/>
		<!--complements-->
		<mark id="sSpan1081" xlink:href="#sTok688"/>
		<!--complements-->
		<mark id="sSpan1082" xlink:href="#sTok688"/>
		<!--complements-->
		<mark id="sSpan1083" xlink:href="#sTok688"/>
		<!--the-->
		<mark id="sSpan1084" xlink:href="#sTok689"/>
		<!--the-->
		<mark id="sSpan1085" xlink:href="#sTok689"/>
		<!--antecedent-->
		<mark id="sSpan1086" xlink:href="#sTok690"/>
		<!--We-->
		<mark id="sSpan1087" xlink:href="#sTok692"/>
		<!--We-->
		<mark id="sSpan1088" xlink:href="#sTok692"/>
		<!--We-->
		<mark id="sSpan1089" xlink:href="#sTok692"/>
		<!--We-->
		<mark id="sSpan1090" xlink:href="#sTok692"/>
		<!--translated-->
		<mark id="sSpan1091" xlink:href="#sTok693"/>
		<!--translated-->
		<mark id="sSpan1092" xlink:href="#sTok693"/>
		<!--translated-->
		<mark id="sSpan1093" xlink:href="#sTok693"/>
		<!--cross-clause-->
		<mark id="sSpan1094" xlink:href="#sTok695"/>
		<!--enjambment-->
		<mark id="sSpan1095" xlink:href="#sTok696"/>
		<!--Quilis-->
		<mark id="sSpan1096" xlink:href="#sTok699"/>
		<!--The-->
		<mark id="sSpan1097" xlink:href="#sTok706"/>
		<!--The-->
		<mark id="sSpan1098" xlink:href="#sTok706"/>
		<!--project-->
		<mark id="sSpan1099" xlink:href="#sTok707"/>
		<!--site-->
		<mark id="sSpan1100" xlink:href="#sTok708"/>
		<!--includes-->
		<mark id="sSpan1101" xlink:href="#sTok709"/>
		<!--includes-->
		<mark id="sSpan1102" xlink:href="#sTok709"/>
		<!--includes-->
		<mark id="sSpan1103" xlink:href="#sTok709"/>
		<!--includes-->
		<mark id="sSpan1104" xlink:href="#sTok709"/>
		<!--includes-->
		<mark id="sSpan1105" xlink:href="#sTok709"/>
		<!--Quilis-->
		<mark id="sSpan1106" xlink:href="#sTok710"/>
		<!--complete-->
		<mark id="sSpan1107" xlink:href="#sTok712"/>
		<!--list-->
		<mark id="sSpan1108" xlink:href="#sTok713"/>
		<!--syntactic-->
		<mark id="sSpan1109" xlink:href="#sTok715"/>
		<!--environments-->
		<mark id="sSpan1110" xlink:href="#sTok716"/>
		<!--that-->
		<mark id="sSpan1111" xlink:href="#sTok717"/>
		<!--can-->
		<mark id="sSpan1112" xlink:href="#sTok718"/>
		<!--trigger-->
		<mark id="sSpan1113" xlink:href="#sTok719"/>
		<!--enjambment-->
		<mark id="sSpan1114" xlink:href="#sTok720"/>
		<!--well-->
		<mark id="sSpan1115" xlink:href="#sTok723"/>
		<!--the-->
		<mark id="sSpan1116" xlink:href="#sTok725"/>
		<!--the-->
		<mark id="sSpan1117" xlink:href="#sTok725"/>
		<!--types-->
		<mark id="sSpan1118" xlink:href="#sTok726"/>
		<!--identified-->
		<mark id="sSpan1119" xlink:href="#sTok727"/>
		<!--identified-->
		<mark id="sSpan1120" xlink:href="#sTok727"/>
		<!--our-->
		<mark id="sSpan1121" xlink:href="#sTok729"/>
		<!--our-->
		<mark id="sSpan1122" xlink:href="#sTok729"/>
		<!--our-->
		<mark id="sSpan1123" xlink:href="#sTok729"/>
		<!--our-->
		<mark id="sSpan1124" xlink:href="#sTok729"/>
		<!--system-->
		<mark id="sSpan1125" xlink:href="#sTok730"/>
		<!--the-->
		<mark id="sSpan1126" xlink:href="#sTok733"/>
		<!--the-->
		<mark id="sSpan1127" xlink:href="#sTok733"/>
		<!--enjambment-->
		<mark id="sSpan1128" xlink:href="#sTok734"/>
		<!--types-->
		<mark id="sSpan1129" xlink:href="#sTok735"/>
		<!--Spang-->
		<mark id="sSpan1130" xlink:href="#sTok738"/>
		<!--1983-->
		<mark id="sSpan1131" xlink:href="#sTok740"/>
		<!--noted-->
		<mark id="sSpan1132" xlink:href="#sTok742"/>
		<!--noted-->
		<mark id="sSpan1133" xlink:href="#sTok742"/>
		<!--noted-->
		<mark id="sSpan1134" xlink:href="#sTok742"/>
		<!--a-->
		<mark id="sSpan1135" xlink:href="#sTok745"/>
		<!--a-->
		<mark id="sSpan1136" xlink:href="#sTok745"/>
		<!--subject-->
		<mark id="sSpan1137" xlink:href="#sTok746"/>
		<!--direct-->
		<mark id="sSpan1138" xlink:href="#sTok748"/>
		<!--object-->
		<mark id="sSpan1139" xlink:href="#sTok749"/>
		<!--their-->
		<mark id="sSpan1140" xlink:href="#sTok751"/>
		<!--their-->
		<mark id="sSpan1141" xlink:href="#sTok751"/>
		<!--their-->
		<mark id="sSpan1142" xlink:href="#sTok751"/>
		<!--their-->
		<mark id="sSpan1143" xlink:href="#sTok751"/>
		<!--related-->
		<mark id="sSpan1144" xlink:href="#sTok752"/>
		<!--verbs-->
		<mark id="sSpan1145" xlink:href="#sTok753"/>
		<!--occur-->
		<mark id="sSpan1146" xlink:href="#sTok754"/>
		<!--occur-->
		<mark id="sSpan1147" xlink:href="#sTok754"/>
		<!--occur-->
		<mark id="sSpan1148" xlink:href="#sTok754"/>
		<!--two-->
		<mark id="sSpan1149" xlink:href="#sTok756"/>
		<!--different-->
		<mark id="sSpan1150" xlink:href="#sTok757"/>
		<!--lines-->
		<mark id="sSpan1151" xlink:href="#sTok758"/>
		<!--poetry-->
		<mark id="sSpan1152" xlink:href="#sTok760"/>
		<!--this-->
		<mark id="sSpan1153" xlink:href="#sTok762"/>
		<!--this-->
		<mark id="sSpan1154" xlink:href="#sTok762"/>
		<!--can-->
		<mark id="sSpan1155" xlink:href="#sTok763"/>
		<!--feel-->
		<mark id="sSpan1156" xlink:href="#sTok765"/>
		<!--unusual-->
		<mark id="sSpan1157" xlink:href="#sTok766"/>
		<!--unusual-->
		<mark id="sSpan1158" xlink:href="#sTok766"/>
		<!--a-->
		<mark id="sSpan1159" xlink:href="#sTok768"/>
		<!--a-->
		<mark id="sSpan1160" xlink:href="#sTok768"/>
		<!--reader-->
		<mark id="sSpan1161" xlink:href="#sTok769"/>
		<!--the-->
		<mark id="sSpan1162" xlink:href="#sTok773"/>
		<!--the-->
		<mark id="sSpan1163" xlink:href="#sTok773"/>
		<!--effect-->
		<mark id="sSpan1164" xlink:href="#sTok774"/>
		<!--is-->
		<mark id="sSpan1165" xlink:href="#sTok775"/>
		<!--is-->
		<mark id="sSpan1166" xlink:href="#sTok775"/>
		<!--is-->
		<mark id="sSpan1167" xlink:href="#sTok775"/>
		<!--is-->
		<mark id="sSpan1168" xlink:href="#sTok775"/>
		<!--is-->
		<mark id="sSpan1169" xlink:href="#sTok775"/>
		<!--less-->
		<mark id="sSpan1170" xlink:href="#sTok776"/>
		<!--pronounced-->
		<mark id="sSpan1171" xlink:href="#sTok777"/>
		<!--pronounced-->
		<mark id="sSpan1172" xlink:href="#sTok777"/>
		<!--the-->
		<mark id="sSpan1173" xlink:href="#sTok780"/>
		<!--the-->
		<mark id="sSpan1174" xlink:href="#sTok780"/>
		<!--environments-->
		<mark id="sSpan1175" xlink:href="#sTok781"/>
		<!--identified-->
		<mark id="sSpan1176" xlink:href="#sTok782"/>
		<!--identified-->
		<mark id="sSpan1177" xlink:href="#sTok782"/>
		<!--Quilis-->
		<mark id="sSpan1178" xlink:href="#sTok784"/>
		<!--differentiate-->
		<mark id="sSpan1179" xlink:href="#sTok787"/>
		<!--these-->
		<mark id="sSpan1180" xlink:href="#sTok788"/>
		<!--these-->
		<mark id="sSpan1181" xlink:href="#sTok788"/>
		<!--cases-->
		<mark id="sSpan1182" xlink:href="#sTok789"/>
		<!--enjambment-->
		<mark id="sSpan1183" xlink:href="#sTok791"/>
		<!--proper-->
		<mark id="sSpan1184" xlink:href="#sTok792"/>
		<!--Spang-->
		<mark id="sSpan1185" xlink:href="#sTok794"/>
		<!--calls-->
		<mark id="sSpan1186" xlink:href="#sTok795"/>
		<!--calls-->
		<mark id="sSpan1187" xlink:href="#sTok795"/>
		<!--calls-->
		<mark id="sSpan1188" xlink:href="#sTok795"/>
		<!--calls-->
		<mark id="sSpan1189" xlink:href="#sTok795"/>
		<!--calls-->
		<mark id="sSpan1190" xlink:href="#sTok795"/>
		<!--these-->
		<mark id="sSpan1191" xlink:href="#sTok796"/>
		<!--these-->
		<mark id="sSpan1192" xlink:href="#sTok796"/>
		<!--cases-->
		<mark id="sSpan1193" xlink:href="#sTok797"/>
		<!--translated-->
		<mark id="sSpan1194" xlink:href="#sTok802"/>
		<!--translated-->
		<mark id="sSpan1195" xlink:href="#sTok802"/>
		<!--here-->
		<mark id="sSpan1196" xlink:href="#sTok803"/>
		<!--expansion-->
		<mark id="sSpan1197" xlink:href="#sTok806"/>
		<!--Quilis-->
		<mark id="sSpan1198" xlink:href="#sTok809"/>
		<!--1964-->
		<mark id="sSpan1199" xlink:href="#sTok811"/>
		<!--was-->
		<mark id="sSpan1200" xlink:href="#sTok813"/>
		<!--was-->
		<mark id="sSpan1201" xlink:href="#sTok813"/>
		<!--was-->
		<mark id="sSpan1202" xlink:href="#sTok813"/>
		<!--was-->
		<mark id="sSpan1203" xlink:href="#sTok813"/>
		<!--was-->
		<mark id="sSpan1204" xlink:href="#sTok813"/>
		<!--the-->
		<mark id="sSpan1205" xlink:href="#sTok814"/>
		<!--the-->
		<mark id="sSpan1206" xlink:href="#sTok814"/>
		<!--only-->
		<mark id="sSpan1207" xlink:href="#sTok815"/>
		<!--author-->
		<mark id="sSpan1208" xlink:href="#sTok816"/>
		<!--far-->
		<mark id="sSpan1209" xlink:href="#sTok818"/>
		<!--gather-->
		<mark id="sSpan1210" xlink:href="#sTok820"/>
		<!--recitation-based-->
		<mark id="sSpan1211" xlink:href="#sTok821"/>
		<!--experimental-->
		<mark id="sSpan1212" xlink:href="#sTok822"/>
		<!--evidence-->
		<mark id="sSpan1213" xlink:href="#sTok823"/>
		<!--enjambment-->
		<mark id="sSpan1214" xlink:href="#sTok825"/>
		<!--His-->
		<mark id="sSpan1215" xlink:href="#sTok827"/>
		<!--His-->
		<mark id="sSpan1216" xlink:href="#sTok827"/>
		<!--His-->
		<mark id="sSpan1217" xlink:href="#sTok827"/>
		<!--His-->
		<mark id="sSpan1218" xlink:href="#sTok827"/>
		<!--His-->
		<mark id="sSpan1219" xlink:href="#sTok827"/>
		<!--typology-->
		<mark id="sSpan1220" xlink:href="#sTok828"/>
		<!--is-->
		<mark id="sSpan1221" xlink:href="#sTok829"/>
		<!--is-->
		<mark id="sSpan1222" xlink:href="#sTok829"/>
		<!--is-->
		<mark id="sSpan1223" xlink:href="#sTok829"/>
		<!--is-->
		<mark id="sSpan1224" xlink:href="#sTok829"/>
		<!--is-->
		<mark id="sSpan1225" xlink:href="#sTok829"/>
		<!--considered-->
		<mark id="sSpan1226" xlink:href="#sTok831"/>
		<!--considered-->
		<mark id="sSpan1227" xlink:href="#sTok831"/>
		<!--current-->
		<mark id="sSpan1228" xlink:href="#sTok832"/>
		<!--was-->
		<mark id="sSpan1229" xlink:href="#sTok835"/>
		<!--was-->
		<mark id="sSpan1230" xlink:href="#sTok835"/>
		<!--was-->
		<mark id="sSpan1231" xlink:href="#sTok835"/>
		<!--was-->
		<mark id="sSpan1232" xlink:href="#sTok835"/>
		<!--was-->
		<mark id="sSpan1233" xlink:href="#sTok835"/>
		<!--adopted-->
		<mark id="sSpan1234" xlink:href="#sTok836"/>
		<!--adopted-->
		<mark id="sSpan1235" xlink:href="#sTok836"/>
		<!--later-->
		<mark id="sSpan1236" xlink:href="#sTok838"/>
		<!--authors-->
		<mark id="sSpan1237" xlink:href="#sTok839"/>
		<!--complementary-->
		<mark id="sSpan1238" xlink:href="#sTok842"/>
		<!--enjambment-->
		<mark id="sSpan1239" xlink:href="#sTok843"/>
		<!--typologies-->
		<mark id="sSpan1240" xlink:href="#sTok844"/>
		<!--have-->
		<mark id="sSpan1241" xlink:href="#sTok845"/>
		<!--have-->
		<mark id="sSpan1242" xlink:href="#sTok845"/>
		<!--have-->
		<mark id="sSpan1243" xlink:href="#sTok845"/>
		<!--been-->
		<mark id="sSpan1244" xlink:href="#sTok846"/>
		<!--been-->
		<mark id="sSpan1245" xlink:href="#sTok846"/>
		<!--proposed-->
		<mark id="sSpan1246" xlink:href="#sTok847"/>
		<!--proposed-->
		<mark id="sSpan1247" xlink:href="#sTok847"/>
		<!--Martínez-->
		<mark id="sSpan1248" xlink:href="#sTok850"/>
		<!--Cantón-->
		<mark id="sSpan1249" xlink:href="#sTok851"/>
		<!--2011-->
		<mark id="sSpan1250" xlink:href="#sTok853"/>
		<!--reviews-->
		<mark id="sSpan1251" xlink:href="#sTok855"/>
		<!--Our-->
		<mark id="sSpan1252" xlink:href="#sTok857"/>
		<!--Our-->
		<mark id="sSpan1253" xlink:href="#sTok857"/>
		<!--Our-->
		<mark id="sSpan1254" xlink:href="#sTok857"/>
		<!--Our-->
		<mark id="sSpan1255" xlink:href="#sTok857"/>
		<!--system-->
		<mark id="sSpan1256" xlink:href="#sTok858"/>
		<!--identifies-->
		<mark id="sSpan1257" xlink:href="#sTok859"/>
		<!--identifies-->
		<mark id="sSpan1258" xlink:href="#sTok859"/>
		<!--identifies-->
		<mark id="sSpan1259" xlink:href="#sTok859"/>
		<!--identifies-->
		<mark id="sSpan1260" xlink:href="#sTok859"/>
		<!--identifies-->
		<mark id="sSpan1261" xlink:href="#sTok859"/>
		<!--Quilis-->
		<mark id="sSpan1262" xlink:href="#sTok860"/>
		<!--types-->
		<mark id="sSpan1263" xlink:href="#sTok862"/>
		<!--Spang-->
		<mark id="sSpan1264" xlink:href="#sTok865"/>
		<!--expansion-->
		<mark id="sSpan1265" xlink:href="#sTok867"/>
		<!--cases-->
		<mark id="sSpan1266" xlink:href="#sTok868"/></markList></paula>