<?xml version='1.0' encoding='UTF-8'?><!DOCTYPE paula SYSTEM "paula_feat.dtd">
<paula version="1.1">
	<header paula_id="tei.GUM_academic_enjambment.mark_date_when"/>
	<featList xmlns:xlink="http://www.w3.org/1999/xlink" type="date_when" xml:base="tei.GUM_academic_enjambment.mark.xml">
		<feat xlink:href="#sSpan27" value="2000"/>
		<feat xlink:href="#sSpan28" value="1991"/>
		<feat xlink:href="#sSpan31" value="2011"/>
		<feat xlink:href="#sSpan32" value="1964"/>
		<feat xlink:href="#sSpan33" value="2000"/>
		<feat xlink:href="#sSpan34" value="2000"/>
		<feat xlink:href="#sSpan35" value="1983"/>
		<feat xlink:href="#sSpan36" value="1996"/>
		<feat xlink:href="#sSpan37" value="1982"/>
		<feat xlink:href="#sSpan38" value="2006"/>
		<feat xlink:href="#sSpan39" value="2010"/>
		<feat xlink:href="#sSpan41" value="2013"/>
		<feat xlink:href="#sSpan49" value="2010"/>
		<feat xlink:href="#sSpan52" value="2016"/>
		<feat xlink:href="#sSpan66" value="1929"/>
		<feat xlink:href="#sSpan67" value="1988"/>
		<feat xlink:href="#sSpan73" value="1964"/>
		<feat xlink:href="#sSpan101" value="1983"/>
		<feat xlink:href="#sSpan107" value="1964"/>
		<feat xlink:href="#sSpan109" value="2011"/></featList></paula>