<?xml version="1.0" encoding="UTF-8" standalone="no"?>

<!DOCTYPE paula SYSTEM "paula_feat.dtd">
<paula version="1.0">

<header paula_id="const.GUM.GUM_interview_daly_catConst_cat"/>

<featList xmlns:xlink="http://www.w3.org/1999/xlink" type="cat" xml:base="const.GUM.GUM_interview_daly.catConst.xml">
  <feat xlink:href="#const_2_1" value="ADJP"/><!-- Cold ... ice -->
  <feat xlink:href="#const_4_1" value="UCP"/><!-- Cold ... anemone -->
  <feat xlink:href="#const_5_1" value="ROOT"/><!-- Cold ... anemone -->
  <feat xlink:href="#const_1_2" value="PP"/><!-- as ice -->
  <feat xlink:href="#const_0_3" value="NP"/><!-- ice -->
  <feat xlink:href="#const_0_5" value="NP"/><!-- Wikinews interviews -->
  <feat xlink:href="#const_3_5" value="NP"/><!-- Wikinews ... anemone -->
  <feat xlink:href="#const_0_7" value="NP"/><!-- Marymegan Daly -->
  <feat xlink:href="#const_2_7" value="NP"/><!-- Marymegan ... anemone -->
  <feat xlink:href="#const_1_9" value="PP"/><!-- on ... anemone -->
  <feat xlink:href="#const_0_10" value="NP"/><!-- unusual ... anemone -->
  <feat xlink:href="#const_0_14" value="NP"/><!-- Tuesday ... 2014 -->
  <feat xlink:href="#const_1_14" value="ROOT"/><!-- Tuesday ... 2014 -->
  <feat xlink:href="#const_0_20" value="WHADVP"/><!-- How -->
  <feat xlink:href="#const_8_20" value="SBARQ"/><!-- How ... discovery -->
  <feat xlink:href="#const_9_20" value="ROOT"/><!-- How ... discovery -->
  <feat xlink:href="#const_7_21" value="SQ"/><!-- did ... discovery -->
  <feat xlink:href="#const_0_22" value="NP"/><!-- you -->
  <feat xlink:href="#const_6_23" value="VP"/><!-- come ... discovery -->
  <feat xlink:href="#const_4_24" value="VP"/><!-- to ... discovery -->
  <feat xlink:href="#const_5_24" value="S"/><!-- to ... discovery -->
  <feat xlink:href="#const_3_25" value="VP"/><!-- be ... discovery -->
  <feat xlink:href="#const_2_26" value="VP"/><!-- involved ... discovery -->
  <feat xlink:href="#const_1_27" value="PP"/><!-- with ... discovery -->
  <feat xlink:href="#const_0_28" value="NP"/><!-- this discovery -->
  <feat xlink:href="#const_0_30" value="NP"/><!-- Frank Rack -->
  <feat xlink:href="#const_12_30" value="S"/><!-- Frank ... . -->
  <feat xlink:href="#const_13_30" value="ROOT"/><!-- Frank ... . -->
  <feat xlink:href="#const_11_32" value="VP"/><!-- got ... anemone -->
  <feat xlink:href="#const_1_33" value="PP"/><!-- in touch -->
  <feat xlink:href="#const_0_34" value="NP"/><!-- touch -->
  <feat xlink:href="#const_10_35" value="SBAR"/><!-- after ... anemone -->
  <feat xlink:href="#const_0_36" value="NP"/><!-- they -->
  <feat xlink:href="#const_9_36" value="S"/><!-- they ... anemone -->
  <feat xlink:href="#const_8_37" value="VP"/><!-- returned ... anemone -->
  <feat xlink:href="#const_3_38" value="PP"/><!-- from ... hopes -->
  <feat xlink:href="#const_0_39" value="NP"/><!-- Antarctica -->
  <feat xlink:href="#const_2_39" value="NP"/><!-- Antarctica ... hopes -->
  <feat xlink:href="#const_1_40" value="PP"/><!-- in hopes -->
  <feat xlink:href="#const_0_41" value="NP"/><!-- hopes -->
  <feat xlink:href="#const_7_42" value="SBAR"/><!-- that ... anemone -->
  <feat xlink:href="#const_0_43" value="NP"/><!-- I -->
  <feat xlink:href="#const_6_43" value="S"/><!-- I ... anemone -->
  <feat xlink:href="#const_5_44" value="VP"/><!-- could ... anemone -->
  <feat xlink:href="#const_4_45" value="VP"/><!-- help ... anemone -->
  <feat xlink:href="#const_3_46" value="PP"/><!-- with ... anemone -->
  <feat xlink:href="#const_0_47" value="NP"/><!-- an identification -->
  <feat xlink:href="#const_2_47" value="NP"/><!-- an ... anemone -->
  <feat xlink:href="#const_1_49" value="PP"/><!-- on ... anemone -->
  <feat xlink:href="#const_0_50" value="NP"/><!-- the anemone -->
  <feat xlink:href="#const_0_53" value="WHNP"/><!-- What -->
  <feat xlink:href="#const_13_53" value="SBARQ"/><!-- What ... ? -->
  <feat xlink:href="#const_14_53" value="ROOT"/><!-- What ... ? -->
  <feat xlink:href="#const_12_54" value="SQ"/><!-- was ... Sea -->
  <feat xlink:href="#const_0_55" value="NP"/><!-- your ... reaction -->
  <feat xlink:href="#const_11_55" value="NP"/><!-- your ... Sea -->
  <feat xlink:href="#const_10_58" value="PP"/><!-- upon ... Sea -->
  <feat xlink:href="#const_8_59" value="VP"/><!-- learning ... Sea -->
  <feat xlink:href="#const_9_59" value="S"/><!-- learning ... Sea -->
  <feat xlink:href="#const_0_60" value="NP"/><!-- there -->
  <feat xlink:href="#const_6_60" value="S"/><!-- there ... Sea -->
  <feat xlink:href="#const_7_60" value="SBAR"/><!-- there ... Sea -->
  <feat xlink:href="#const_5_61" value="VP"/><!-- was ... Sea -->
  <feat xlink:href="#const_0_62" value="NP"/><!-- an ... ecosystem -->
  <feat xlink:href="#const_4_62" value="NP"/><!-- an ... Sea -->
  <feat xlink:href="#const_3_65" value="PP"/><!-- under ... Sea -->
  <feat xlink:href="#const_0_66" value="NP"/><!-- the ice -->
  <feat xlink:href="#const_2_66" value="NP"/><!-- the ... Sea -->
  <feat xlink:href="#const_1_68" value="PP"/><!-- in ... Sea -->
  <feat xlink:href="#const_0_69" value="NP"/><!-- the ... Sea -->
  <feat xlink:href="#const_0_73" value="NP"/><!-- I -->
  <feat xlink:href="#const_4_73" value="S"/><!-- I ... . -->
  <feat xlink:href="#const_5_73" value="ROOT"/><!-- I ... . -->
  <feat xlink:href="#const_3_74" value="VP"/><!-- was ... excited -->
  <feat xlink:href="#const_0_75" value="VP"/><!-- amazed -->
  <feat xlink:href="#const_2_75" value="VP"/><!-- amazed ... excited -->
  <feat xlink:href="#const_0_77" value="ADVP"/><!-- really -->
  <feat xlink:href="#const_1_77" value="VP"/><!-- really excited -->
  <feat xlink:href="#const_0_80" value="NP"/><!-- I -->
  <feat xlink:href="#const_20_80" value="S"/><!-- I ... . -->
  <feat xlink:href="#const_21_80" value="ROOT"/><!-- I ... . -->
  <feat xlink:href="#const_19_81" value="VP"/><!-- think ... something -->
  <feat xlink:href="#const_17_82" value="VP"/><!-- to ... something -->
  <feat xlink:href="#const_18_82" value="S"/><!-- to ... something -->
  <feat xlink:href="#const_16_83" value="VP"/><!-- say ... something -->
  <feat xlink:href="#const_0_84" value="NP"/><!-- it -->
  <feat xlink:href="#const_14_84" value="S"/><!-- it ... something -->
  <feat xlink:href="#const_15_84" value="SBAR"/><!-- it ... something -->
  <feat xlink:href="#const_13_85" value="VP"/><!-- was ... something -->
  <feat xlink:href="#const_12_86" value="ADJP"/><!-- unexpected ... something -->
  <feat xlink:href="#const_9_87" value="VP"/><!-- is ... something -->
  <feat xlink:href="#const_10_87" value="S"/><!-- is ... something -->
  <feat xlink:href="#const_11_87" value="SBAR"/><!-- is ... something -->
  <feat xlink:href="#const_0_88" value="ADJP"/><!-- inaccurate -->
  <feat xlink:href="#const_8_90" value="SBAR"/><!-- because ... something -->
  <feat xlink:href="#const_0_91" value="NP"/><!-- it -->
  <feat xlink:href="#const_7_91" value="S"/><!-- it ... something -->
  <feat xlink:href="#const_6_92" value="VP"/><!-- implies ... something -->
  <feat xlink:href="#const_5_93" value="SBAR"/><!-- that ... something -->
  <feat xlink:href="#const_0_94" value="NP"/><!-- there -->
  <feat xlink:href="#const_4_94" value="S"/><!-- there ... something -->
  <feat xlink:href="#const_3_95" value="VP"/><!-- was ... something -->
  <feat xlink:href="#const_0_96" value="NP"/><!-- a ... expectation -->
  <feat xlink:href="#const_2_96" value="NP"/><!-- a ... something -->
  <feat xlink:href="#const_1_99" value="PP"/><!-- of something -->
  <feat xlink:href="#const_0_100" value="NP"/><!-- something -->
  <feat xlink:href="#const_0_102" value="NP"/><!-- The technology -->
  <feat xlink:href="#const_8_102" value="NP"/><!-- The ... ice -->
  <feat xlink:href="#const_12_102" value="S"/><!-- The ... . -->
  <feat xlink:href="#const_13_102" value="ROOT"/><!-- The ... . -->
  <feat xlink:href="#const_0_104" value="WHNP"/><!-- that -->
  <feat xlink:href="#const_7_104" value="SBAR"/><!-- that ... ice -->
  <feat xlink:href="#const_0_105" value="NP"/><!-- Frank -->
  <feat xlink:href="#const_1_105" value="NP"/><!-- Frank ... colleagues -->
  <feat xlink:href="#const_6_105" value="S"/><!-- Frank ... ice -->
  <feat xlink:href="#const_0_107" value="NP"/><!-- his colleagues -->
  <feat xlink:href="#const_5_109" value="VP"/><!-- are ... ice -->
  <feat xlink:href="#const_4_110" value="VP"/><!-- using ... ice -->
  <feat xlink:href="#const_2_111" value="VP"/><!-- to ... ice -->
  <feat xlink:href="#const_3_111" value="S"/><!-- to ... ice -->
  <feat xlink:href="#const_1_112" value="VP"/><!-- explore ... ice -->
  <feat xlink:href="#const_0_113" value="NP"/><!-- the ice -->
  <feat xlink:href="#const_11_115" value="VP"/><!-- is ... like -->
  <feat xlink:href="#const_0_116" value="ADJP"/><!-- so important -->
  <feat xlink:href="#const_9_118" value="SBAR"/><!-- because ... like -->
  <feat xlink:href="#const_10_118" value="SBAR"/><!-- because ... like -->
  <feat xlink:href="#const_8_119" value="S"/><!-- , ... like -->
  <feat xlink:href="#const_3_120" value="PP"/><!-- given ... data -->
  <feat xlink:href="#const_0_121" value="NP"/><!-- our lack -->
  <feat xlink:href="#const_2_121" value="NP"/><!-- our ... data -->
  <feat xlink:href="#const_1_123" value="PP"/><!-- of data -->
  <feat xlink:href="#const_0_124" value="NP"/><!-- data -->
  <feat xlink:href="#const_0_126" value="NP"/><!-- we -->
  <feat xlink:href="#const_7_127" value="VP"/><!-- have ... like -->
  <feat xlink:href="#const_0_128" value="NP"/><!-- no ... expectation -->
  <feat xlink:href="#const_6_128" value="NP"/><!-- no ... like -->
  <feat xlink:href="#const_5_131" value="PP"/><!-- of ... like -->
  <feat xlink:href="#const_0_132" value="WHNP"/><!-- what -->
  <feat xlink:href="#const_4_132" value="SBAR"/><!-- what ... like -->
  <feat xlink:href="#const_0_133" value="NP"/><!-- it -->
  <feat xlink:href="#const_3_133" value="S"/><!-- it ... like -->
  <feat xlink:href="#const_2_134" value="VP"/><!-- should ... like -->
  <feat xlink:href="#const_1_135" value="VP"/><!-- be like -->
  <feat xlink:href="#const_0_136" value="ADJP"/><!-- like -->
  <feat xlink:href="#const_0_139" value="WHNP"/><!-- what -->
  <feat xlink:href="#const_4_139" value="SBAR"/><!-- what ... like -->
  <feat xlink:href="#const_0_140" value="NP"/><!-- it -->
  <feat xlink:href="#const_3_140" value="S"/><!-- it ... like -->
  <feat xlink:href="#const_2_141" value="VP"/><!-- should ... like -->
  <feat xlink:href="#const_1_143" value="VP"/><!-- be like -->
  <feat xlink:href="#const_0_144" value="ADJP"/><!-- like -->
  <feat xlink:href="#const_0_146" value="NP"/><!-- There -->
  <feat xlink:href="#const_6_146" value="S"/><!-- There ... . -->
  <feat xlink:href="#const_7_146" value="ROOT"/><!-- There ... . -->
  <feat xlink:href="#const_5_147" value="VP"/><!-- &apos;s ... geologists -->
  <feat xlink:href="#const_0_148" value="NP"/><!-- a ... trip -->
  <feat xlink:href="#const_4_148" value="NP"/><!-- a ... geologists -->
  <feat xlink:href="#const_3_151" value="VP"/><!-- planned ... geologists -->
  <feat xlink:href="#const_0_152" value="ADVP"/><!-- hopefully -->
  <feat xlink:href="#const_1_153" value="PP"/><!-- for 2015 -->
  <feat xlink:href="#const_0_154" value="NP"/><!-- 2015 -->
  <feat xlink:href="#const_2_156" value="PP"/><!-- with ... geologists -->
  <feat xlink:href="#const_0_157" value="NP"/><!-- both biologists -->
  <feat xlink:href="#const_1_157" value="NP"/><!-- both ... geologists -->
  <feat xlink:href="#const_0_160" value="NP"/><!-- ANDRILL geologists -->
  <feat xlink:href="#const_5_163" value="SQ"/><!-- Are ... ? -->
  <feat xlink:href="#const_6_163" value="ROOT"/><!-- Are ... ? -->
  <feat xlink:href="#const_0_164" value="NP"/><!-- you -->
  <feat xlink:href="#const_4_165" value="VP"/><!-- intending ... yourself -->
  <feat xlink:href="#const_2_166" value="VP"/><!-- to ... yourself -->
  <feat xlink:href="#const_3_166" value="S"/><!-- to ... yourself -->
  <feat xlink:href="#const_1_167" value="VP"/><!-- go ... yourself -->
  <feat xlink:href="#const_0_168" value="ADVP"/><!-- there -->
  <feat xlink:href="#const_0_169" value="NP"/><!-- yourself -->
  <feat xlink:href="#const_0_171" value="NP"/><!-- I -->
  <feat xlink:href="#const_3_171" value="S"/><!-- I ... . -->
  <feat xlink:href="#const_4_171" value="ROOT"/><!-- I ... . -->
  <feat xlink:href="#const_2_172" value="VP"/><!-- would ... to -->
  <feat xlink:href="#const_1_173" value="VP"/><!-- love to -->
  <feat xlink:href="#const_0_174" value="PP"/><!-- to -->
  <feat xlink:href="#const_6_176" value="S"/><!-- But ... ! -->
  <feat xlink:href="#const_7_176" value="ROOT"/><!-- But ... ! -->
  <feat xlink:href="#const_0_177" value="NP"/><!-- I -->
  <feat xlink:href="#const_5_178" value="VP"/><!-- am ... behalf -->
  <feat xlink:href="#const_0_179" value="ADVP"/><!-- also -->
  <feat xlink:href="#const_3_180" value="ADJP"/><!-- happy ... go -->
  <feat xlink:href="#const_1_181" value="VP"/><!-- to ... go -->
  <feat xlink:href="#const_2_181" value="S"/><!-- to ... go -->
  <feat xlink:href="#const_0_182" value="VP"/><!-- not go -->
  <feat xlink:href="#const_0_185" value="ADVP"/><!-- as long -->
  <feat xlink:href="#const_4_185" value="SBAR"/><!-- as ... behalf -->
  <feat xlink:href="#const_0_188" value="NP"/><!-- someone -->
  <feat xlink:href="#const_3_188" value="S"/><!-- someone ... behalf -->
  <feat xlink:href="#const_2_189" value="VP"/><!-- collects ... behalf -->
  <feat xlink:href="#const_0_190" value="NP"/><!-- more animals -->
  <feat xlink:href="#const_1_192" value="PP"/><!-- on ... behalf -->
  <feat xlink:href="#const_0_193" value="NP"/><!-- my behalf -->
  <feat xlink:href="#const_0_196" value="WHNP"/><!-- What -->
  <feat xlink:href="#const_7_196" value="SBAR"/><!-- What ... animals -->
  <feat xlink:href="#const_8_196" value="S"/><!-- What ... ways -->
  <feat xlink:href="#const_9_196" value="S"/><!-- What ... . -->
  <feat xlink:href="#const_10_196" value="ROOT"/><!-- What ... . -->
  <feat xlink:href="#const_0_197" value="NP"/><!-- I -->
  <feat xlink:href="#const_6_197" value="S"/><!-- I ... animals -->
  <feat xlink:href="#const_5_198" value="VP"/><!-- want ... animals -->
  <feat xlink:href="#const_3_199" value="VP"/><!-- to ... animals -->
  <feat xlink:href="#const_4_199" value="S"/><!-- to ... animals -->
  <feat xlink:href="#const_2_200" value="VP"/><!-- do ... animals -->
  <feat xlink:href="#const_1_201" value="PP"/><!-- with ... animals -->
  <feat xlink:href="#const_0_202" value="NP"/><!-- the animals -->
  <feat xlink:href="#const_4_204" value="VP"/><!-- requires ... ways -->
  <feat xlink:href="#const_0_205" value="NP"/><!-- new material -->
  <feat xlink:href="#const_3_205" value="NP"/><!-- new ... ways -->
  <feat xlink:href="#const_2_207" value="VP"/><!-- preserved ... ways -->
  <feat xlink:href="#const_1_208" value="PP"/><!-- in ... ways -->
  <feat xlink:href="#const_0_209" value="NP"/><!-- diverse ways -->
  <feat xlink:href="#const_0_213" value="NP"/><!-- it -->
  <feat xlink:href="#const_6_213" value="S"/><!-- it ... there -->
  <feat xlink:href="#const_5_214" value="VP"/><!-- does ... there -->
  <feat xlink:href="#const_4_216" value="VP"/><!-- require ... there -->
  <feat xlink:href="#const_0_217" value="NP"/><!-- me -->
  <feat xlink:href="#const_3_217" value="S"/><!-- me ... there -->
  <feat xlink:href="#const_2_218" value="VP"/><!-- to ... there -->
  <feat xlink:href="#const_1_219" value="VP"/><!-- be there -->
  <feat xlink:href="#const_0_220" value="ADVP"/><!-- there -->
  <feat xlink:href="#const_18_222" value="SBAR"/><!-- Although ... anemones -->
  <feat xlink:href="#const_19_222" value="S"/><!-- Although ... Antarctica -->
  <feat xlink:href="#const_20_222" value="S"/><!-- Although ... . -->
  <feat xlink:href="#const_21_222" value="ROOT"/><!-- Although ... . -->
  <feat xlink:href="#const_0_223" value="NP"/><!-- I -->
  <feat xlink:href="#const_17_223" value="S"/><!-- I ... anemones -->
  <feat xlink:href="#const_16_224" value="VP"/><!-- am ... anemones -->
  <feat xlink:href="#const_15_225" value="ADJP"/><!-- sure ... anemones -->
  <feat xlink:href="#const_14_226" value="SBAR"/><!-- that ... anemones -->
  <feat xlink:href="#const_1_227" value="VP"/><!-- being there -->
  <feat xlink:href="#const_2_227" value="S"/><!-- being there -->
  <feat xlink:href="#const_13_227" value="S"/><!-- being ... anemones -->
  <feat xlink:href="#const_0_228" value="ADVP"/><!-- there -->
  <feat xlink:href="#const_12_229" value="VP"/><!-- would ... anemones -->
  <feat xlink:href="#const_11_230" value="VP"/><!-- enhance ... anemones -->
  <feat xlink:href="#const_0_231" value="NP"/><!-- my understanding -->
  <feat xlink:href="#const_10_231" value="NP"/><!-- my ... anemones -->
  <feat xlink:href="#const_2_233" value="PP"/><!-- of ... system -->
  <feat xlink:href="#const_0_234" value="NP"/><!-- the animals -->
  <feat xlink:href="#const_1_234" value="NP"/><!-- the ... system -->
  <feat xlink:href="#const_0_237" value="NP"/><!-- the system -->
  <feat xlink:href="#const_1_239" value="WHPP"/><!-- in which -->
  <feat xlink:href="#const_9_239" value="SBAR"/><!-- in ... anemones -->
  <feat xlink:href="#const_0_240" value="WHNP"/><!-- which -->
  <feat xlink:href="#const_0_241" value="NP"/><!-- they -->
  <feat xlink:href="#const_8_241" value="S"/><!-- they ... anemones -->
  <feat xlink:href="#const_0_242" value="VP"/><!-- live -->
  <feat xlink:href="#const_7_242" value="VP"/><!-- live ... anemones -->
  <feat xlink:href="#const_6_245" value="VP"/><!-- would ... anemones -->
  <feat xlink:href="#const_5_246" value="VP"/><!-- help ... anemones -->
  <feat xlink:href="#const_0_247" value="NP"/><!-- me -->
  <feat xlink:href="#const_4_247" value="S"/><!-- me ... anemones -->
  <feat xlink:href="#const_3_248" value="VP"/><!-- formulate ... anemones -->
  <feat xlink:href="#const_0_249" value="ADJP"/><!-- more ... better -->
  <feat xlink:href="#const_1_249" value="NP"/><!-- more ... questions -->
  <feat xlink:href="#const_2_249" value="NP"/><!-- more ... anemones -->
  <feat xlink:href="#const_1_253" value="PP"/><!-- about ... anemones -->
  <feat xlink:href="#const_0_254" value="NP"/><!-- the anemones -->
  <feat xlink:href="#const_0_257" value="NP"/><!-- ship time -->
  <feat xlink:href="#const_2_259" value="VP"/><!-- is ... Antarctica -->
  <feat xlink:href="#const_0_260" value="ADJP"/><!-- expensive -->
  <feat xlink:href="#const_0_262" value="ADVP"/><!-- especially -->
  <feat xlink:href="#const_1_263" value="PP"/><!-- in Antarctica -->
  <feat xlink:href="#const_0_264" value="NP"/><!-- Antarctica -->
  <feat xlink:href="#const_11_267" value="SBAR"/><!-- if ... there -->
  <feat xlink:href="#const_12_267" value="S"/><!-- if ... there -->
  <feat xlink:href="#const_0_268" value="NP"/><!-- there -->
  <feat xlink:href="#const_10_268" value="S"/><!-- there ... there -->
  <feat xlink:href="#const_9_269" value="VP"/><!-- are ... there -->
  <feat xlink:href="#const_0_270" value="NP"/><!-- biologists -->
  <feat xlink:href="#const_8_270" value="NP"/><!-- biologists ... there -->
  <feat xlink:href="#const_0_271" value="WHNP"/><!-- whose contribution -->
  <feat xlink:href="#const_7_271" value="SBAR"/><!-- whose ... there -->
  <feat xlink:href="#const_5_273" value="VP"/><!-- is ... there -->
  <feat xlink:href="#const_6_273" value="S"/><!-- is ... there -->
  <feat xlink:href="#const_4_274" value="VP"/><!-- predicated ... there -->
  <feat xlink:href="#const_3_275" value="PP"/><!-- on ... there -->
  <feat xlink:href="#const_1_276" value="VP"/><!-- being there -->
  <feat xlink:href="#const_2_276" value="S"/><!-- being there -->
  <feat xlink:href="#const_0_277" value="ADVP"/><!-- there -->
  <feat xlink:href="#const_0_279" value="NP"/><!-- they -->
  <feat xlink:href="#const_5_280" value="VP"/><!-- should ... there -->
  <feat xlink:href="#const_4_281" value="VP"/><!-- have ... there -->
  <feat xlink:href="#const_0_282" value="NP"/><!-- priority -->
  <feat xlink:href="#const_2_283" value="VP"/><!-- to ... there -->
  <feat xlink:href="#const_3_283" value="S"/><!-- to ... there -->
  <feat xlink:href="#const_1_284" value="VP"/><!-- be there -->
  <feat xlink:href="#const_0_285" value="ADVP"/><!-- there -->
  <feat xlink:href="#const_0_287" value="NP"/><!-- These animals -->
  <feat xlink:href="#const_4_287" value="S"/><!-- These ... . -->
  <feat xlink:href="#const_5_287" value="ROOT"/><!-- These ... . -->
  <feat xlink:href="#const_3_289" value="VP"/><!-- are ... mystery -->
  <feat xlink:href="#const_2_290" value="VP"/><!-- shrouded ... mystery -->
  <feat xlink:href="#const_1_291" value="PP"/><!-- in mystery -->
  <feat xlink:href="#const_0_292" value="NP"/><!-- mystery -->
  <feat xlink:href="#const_0_294" value="NP"/><!-- Some -->
  <feat xlink:href="#const_4_294" value="NP"/><!-- Some ... questions -->
  <feat xlink:href="#const_5_294" value="S"/><!-- Some ... chemical -->
  <feat xlink:href="#const_8_294" value="S"/><!-- Some ... ? -->
  <feat xlink:href="#const_9_294" value="ROOT"/><!-- Some ... ? -->
  <feat xlink:href="#const_3_295" value="PP"/><!-- of ... questions -->
  <feat xlink:href="#const_0_296" value="NP"/><!-- the most -->
  <feat xlink:href="#const_2_296" value="NP"/><!-- the ... questions -->
  <feat xlink:href="#const_1_298" value="VP"/><!-- intriguing questions -->
  <feat xlink:href="#const_0_299" value="NP"/><!-- questions -->
  <feat xlink:href="#const_1_300" value="VP"/><!-- are chemical -->
  <feat xlink:href="#const_0_301" value="ADJP"/><!-- chemical -->
  <feat xlink:href="#const_4_303" value="SQ"/><!-- do ... antifreeze -->
  <feat xlink:href="#const_7_303" value="SQ"/><!-- do ... own -->
  <feat xlink:href="#const_0_304" value="NP"/><!-- they -->
  <feat xlink:href="#const_3_305" value="VP"/><!-- produce ... antifreeze -->
  <feat xlink:href="#const_0_306" value="NP"/><!-- some kind -->
  <feat xlink:href="#const_2_306" value="NP"/><!-- some ... antifreeze -->
  <feat xlink:href="#const_1_308" value="PP"/><!-- of antifreeze -->
  <feat xlink:href="#const_0_309" value="NP"/><!-- antifreeze -->
  <feat xlink:href="#const_6_312" value="SQ"/><!-- is ... own -->
  <feat xlink:href="#const_5_313" value="NP"/><!-- that ... own -->
  <feat xlink:href="#const_2_315" value="ADJP"/><!-- glow ... ROV -->
  <feat xlink:href="#const_3_315" value="NP"/><!-- glow ... lights -->
  <feat xlink:href="#const_4_315" value="NP"/><!-- glow ... own -->
  <feat xlink:href="#const_1_316" value="PP"/><!-- in ... ROV -->
  <feat xlink:href="#const_0_317" value="NP"/><!-- the ROV -->
  <feat xlink:href="#const_0_320" value="NP"/><!-- their own -->
  <feat xlink:href="#const_13_323" value="VP"/><!-- Talk ... hand -->
  <feat xlink:href="#const_14_323" value="S"/><!-- Talk ... . -->
  <feat xlink:href="#const_15_323" value="ROOT"/><!-- Talk ... . -->
  <feat xlink:href="#const_0_324" value="NP"/><!-- us -->
  <feat xlink:href="#const_12_325" value="PP"/><!-- through ... hand -->
  <feat xlink:href="#const_0_326" value="NP"/><!-- the difficulties -->
  <feat xlink:href="#const_11_326" value="NP"/><!-- the ... hand -->
  <feat xlink:href="#const_10_328" value="VP"/><!-- encountered ... hand -->
  <feat xlink:href="#const_0_329" value="WHADVP"/><!-- when -->
  <feat xlink:href="#const_9_329" value="SBAR"/><!-- when ... hand -->
  <feat xlink:href="#const_7_330" value="VP"/><!-- trying ... hand -->
  <feat xlink:href="#const_8_330" value="S"/><!-- trying ... hand -->
  <feat xlink:href="#const_5_331" value="VP"/><!-- to ... hand -->
  <feat xlink:href="#const_6_331" value="S"/><!-- to ... hand -->
  <feat xlink:href="#const_4_332" value="VP"/><!-- find ... hand -->
  <feat xlink:href="#const_0_333" value="NP"/><!-- answers -->
  <feat xlink:href="#const_3_334" value="PP"/><!-- with ... hand -->
  <feat xlink:href="#const_0_335" value="NP"/><!-- the specimens -->
  <feat xlink:href="#const_2_335" value="NP"/><!-- the ... hand -->
  <feat xlink:href="#const_1_337" value="PP"/><!-- on hand -->
  <feat xlink:href="#const_0_338" value="NP"/><!-- hand -->
  <feat xlink:href="#const_0_340" value="NP"/><!-- The samples -->
  <feat xlink:href="#const_3_340" value="NP"/><!-- The ... have -->
  <feat xlink:href="#const_6_340" value="S"/><!-- The ... numbers -->
  <feat xlink:href="#const_9_340" value="S"/><!-- The ... . -->
  <feat xlink:href="#const_10_340" value="ROOT"/><!-- The ... . -->
  <feat xlink:href="#const_0_342" value="NP"/><!-- we -->
  <feat xlink:href="#const_1_342" value="S"/><!-- we have -->
  <feat xlink:href="#const_2_342" value="SBAR"/><!-- we have -->
  <feat xlink:href="#const_0_343" value="VP"/><!-- have -->
  <feat xlink:href="#const_5_344" value="VP"/><!-- are ... numbers -->
  <feat xlink:href="#const_4_345" value="ADJP"/><!-- small ... numbers -->
  <feat xlink:href="#const_3_346" value="PP"/><!-- in ... numbers -->
  <feat xlink:href="#const_0_347" value="NP"/><!-- terms -->
  <feat xlink:href="#const_2_347" value="NP"/><!-- terms ... numbers -->
  <feat xlink:href="#const_1_348" value="PP"/><!-- of numbers -->
  <feat xlink:href="#const_0_349" value="NP"/><!-- numbers -->
  <feat xlink:href="#const_0_351" value="NP"/><!-- they -->
  <feat xlink:href="#const_8_351" value="S"/><!-- they ... ) -->
  <feat xlink:href="#const_7_352" value="VP"/><!-- are ... ) -->
  <feat xlink:href="#const_6_354" value="VP"/><!-- preserved ... ) -->
  <feat xlink:href="#const_5_355" value="PP"/><!-- in ... ) -->
  <feat xlink:href="#const_0_356" value="NP"/><!-- formalin -->
  <feat xlink:href="#const_4_356" value="NP"/><!-- formalin ... ) -->
  <feat xlink:href="#const_3_357" value="PRN"/><!-- ( ... ) -->
  <feat xlink:href="#const_0_358" value="NP"/><!-- a kind -->
  <feat xlink:href="#const_2_358" value="NP"/><!-- a ... solution -->
  <feat xlink:href="#const_1_360" value="PP"/><!-- of ... solution -->
  <feat xlink:href="#const_0_361" value="NP"/><!-- formaldehyde solution -->
  <feat xlink:href="#const_0_365" value="NP"/><!-- The formalin -->
  <feat xlink:href="#const_6_365" value="S"/><!-- The ... structures -->
  <feat xlink:href="#const_7_365" value="S"/><!-- The ... . -->
  <feat xlink:href="#const_8_365" value="ROOT"/><!-- The ... . -->
  <feat xlink:href="#const_5_367" value="VP"/><!-- is ... structures -->
  <feat xlink:href="#const_4_368" value="ADJP"/><!-- great ... structures -->
  <feat xlink:href="#const_3_369" value="PP"/><!-- for ... structures -->
  <feat xlink:href="#const_1_370" value="VP"/><!-- preserving structures -->
  <feat xlink:href="#const_2_370" value="S"/><!-- preserving structures -->
  <feat xlink:href="#const_0_371" value="NP"/><!-- structures -->
  <feat xlink:href="#const_1_374" value="PP"/><!-- for anemones -->
  <feat xlink:href="#const_6_374" value="S"/><!-- for ... body -->
  <feat xlink:href="#const_0_375" value="NP"/><!-- anemones -->
  <feat xlink:href="#const_0_377" value="NP"/><!-- it -->
  <feat xlink:href="#const_5_378" value="VP"/><!-- prevents ... body -->
  <feat xlink:href="#const_0_379" value="NP"/><!-- study -->
  <feat xlink:href="#const_1_380" value="PP"/><!-- of DNA -->
  <feat xlink:href="#const_4_380" value="PP"/><!-- of ... body -->
  <feat xlink:href="#const_0_381" value="NP"/><!-- DNA -->
  <feat xlink:href="#const_3_383" value="PP"/><!-- of ... body -->
  <feat xlink:href="#const_0_384" value="NP"/><!-- the chemistry -->
  <feat xlink:href="#const_2_384" value="NP"/><!-- the ... body -->
  <feat xlink:href="#const_1_386" value="PP"/><!-- of ... body -->
  <feat xlink:href="#const_0_387" value="NP"/><!-- the body -->
  <feat xlink:href="#const_0_390" value="NP"/><!-- This -->
  <feat xlink:href="#const_12_390" value="S"/><!-- This ... . -->
  <feat xlink:href="#const_13_390" value="ROOT"/><!-- This ... . -->
  <feat xlink:href="#const_11_391" value="VP"/><!-- means ... animals -->
  <feat xlink:href="#const_0_392" value="NP"/><!-- we -->
  <feat xlink:href="#const_9_392" value="S"/><!-- we ... animals -->
  <feat xlink:href="#const_10_392" value="SBAR"/><!-- we ... animals -->
  <feat xlink:href="#const_8_393" value="VP"/><!-- ca ... animals -->
  <feat xlink:href="#const_7_395" value="VP"/><!-- look ... animals -->
  <feat xlink:href="#const_6_396" value="PP"/><!-- at ... animals -->
  <feat xlink:href="#const_0_397" value="NP"/><!-- the issue -->
  <feat xlink:href="#const_5_397" value="NP"/><!-- the ... animals -->
  <feat xlink:href="#const_0_399" value="NP"/><!-- you -->
  <feat xlink:href="#const_3_399" value="S"/><!-- you ... animals -->
  <feat xlink:href="#const_4_399" value="SBAR"/><!-- you ... animals -->
  <feat xlink:href="#const_2_400" value="VP"/><!-- raise ... animals -->
  <feat xlink:href="#const_1_401" value="PP"/><!-- with ... animals -->
  <feat xlink:href="#const_0_402" value="NP"/><!-- these animals -->
  <feat xlink:href="#const_0_405" value="WHNP"/><!-- What -->
  <feat xlink:href="#const_3_405" value="SBAR"/><!-- What ... do -->
  <feat xlink:href="#const_21_405" value="S"/><!-- What ... . -->
  <feat xlink:href="#const_22_405" value="ROOT"/><!-- What ... . -->
  <feat xlink:href="#const_0_406" value="NP"/><!-- we -->
  <feat xlink:href="#const_2_406" value="S"/><!-- we ... do -->
  <feat xlink:href="#const_1_407" value="VP"/><!-- could do -->
  <feat xlink:href="#const_0_408" value="VP"/><!-- do -->
  <feat xlink:href="#const_0_410" value="ADVP"/><!-- however -->
  <feat xlink:href="#const_20_412" value="VP"/><!-- was ... live -->
  <feat xlink:href="#const_18_413" value="VP"/><!-- to ... live -->
  <feat xlink:href="#const_19_413" value="S"/><!-- to ... live -->
  <feat xlink:href="#const_1_414" value="VP"/><!-- study anatomy -->
  <feat xlink:href="#const_17_414" value="VP"/><!-- study ... live -->
  <feat xlink:href="#const_0_415" value="NP"/><!-- anatomy -->
  <feat xlink:href="#const_16_417" value="VP"/><!-- figure ... live -->
  <feat xlink:href="#const_0_418" value="PRT"/><!-- out -->
  <feat xlink:href="#const_0_419" value="WHNP"/><!-- what -->
  <feat xlink:href="#const_15_419" value="SBAR"/><!-- what ... live -->
  <feat xlink:href="#const_0_420" value="NP"/><!-- it -->
  <feat xlink:href="#const_14_420" value="S"/><!-- it ... live -->
  <feat xlink:href="#const_13_421" value="VP"/><!-- is ... live -->
  <feat xlink:href="#const_12_423" value="SBAR"/><!-- so ... ) -->
  <feat xlink:href="#const_0_425" value="WHADVP"/><!-- when -->
  <feat xlink:href="#const_10_425" value="SBAR"/><!-- when ... themselves -->
  <feat xlink:href="#const_11_425" value="S"/><!-- when ... ) -->
  <feat xlink:href="#const_0_426" value="NP"/><!-- we -->
  <feat xlink:href="#const_9_426" value="S"/><!-- we ... themselves -->
  <feat xlink:href="#const_8_427" value="VP"/><!-- have ... themselves -->
  <feat xlink:href="#const_0_428" value="NP"/><!-- samples -->
  <feat xlink:href="#const_7_428" value="NP"/><!-- samples ... themselves -->
  <feat xlink:href="#const_5_429" value="VP"/><!-- preserved ... , -->
  <feat xlink:href="#const_6_429" value="VP"/><!-- preserved ... themselves -->
  <feat xlink:href="#const_4_430" value="PP"/><!-- for ... , -->
  <feat xlink:href="#const_2_431" value="VP"/><!-- studying ... , -->
  <feat xlink:href="#const_3_431" value="S"/><!-- studying ... , -->
  <feat xlink:href="#const_0_432" value="NP"/><!-- e.g. -->
  <feat xlink:href="#const_1_432" value="NP"/><!-- e.g. ... , -->
  <feat xlink:href="#const_0_434" value="NP"/><!-- the ... , -->
  <feat xlink:href="#const_4_443" value="VP"/><!-- conduct ... themselves -->
  <feat xlink:href="#const_0_444" value="NP"/><!-- tests -->
  <feat xlink:href="#const_2_444" value="NP"/><!-- tests ... fluid -->
  <feat xlink:href="#const_1_445" value="PP"/><!-- of ... fluid -->
  <feat xlink:href="#const_0_446" value="NP"/><!-- the fluid -->
  <feat xlink:href="#const_1_448" value="PP"/><!-- in ... burrows -->
  <feat xlink:href="#const_3_448" value="PP"/><!-- in ... themselves -->
  <feat xlink:href="#const_0_449" value="NP"/><!-- the burrows -->
  <feat xlink:href="#const_2_452" value="PP"/><!-- in ... themselves -->
  <feat xlink:href="#const_0_453" value="NP"/><!-- the animals -->
  <feat xlink:href="#const_1_453" value="NP"/><!-- the ... themselves -->
  <feat xlink:href="#const_0_455" value="ADVP"/><!-- themselves -->
  <feat xlink:href="#const_0_457" value="NP"/><!-- we -->
  <feat xlink:href="#const_6_458" value="VP"/><!-- can ... ) -->
  <feat xlink:href="#const_1_459" value="VP"/><!-- make ... comparisons -->
  <feat xlink:href="#const_5_459" value="VP"/><!-- make ... ) -->
  <feat xlink:href="#const_0_460" value="NP"/><!-- precise comparisons -->
  <feat xlink:href="#const_3_464" value="VP"/><!-- figure ... have -->
  <feat xlink:href="#const_4_464" value="VP"/><!-- figure ... ) -->
  <feat xlink:href="#const_0_465" value="PRT"/><!-- out -->
  <feat xlink:href="#const_0_466" value="WHNP"/><!-- what -->
  <feat xlink:href="#const_2_466" value="SBAR"/><!-- what ... have -->
  <feat xlink:href="#const_0_467" value="NP"/><!-- these animals -->
  <feat xlink:href="#const_1_467" value="S"/><!-- these ... have -->
  <feat xlink:href="#const_0_469" value="VP"/><!-- have -->
  <feat xlink:href="#const_3_471" value="VP"/><!-- do ... ) -->
  <feat xlink:href="#const_2_472" value="PRN"/><!-- ( ... ) -->
  <feat xlink:href="#const_0_473" value="ADVP"/><!-- metabolically -->
  <feat xlink:href="#const_1_473" value="ADVP"/><!-- metabolically ... chemically -->
  <feat xlink:href="#const_0_475" value="ADVP"/><!-- chemically -->
  <feat xlink:href="#const_0_477" value="WHNP"/><!-- that -->
  <feat xlink:href="#const_7_477" value="SBAR"/><!-- that ... live -->
  <feat xlink:href="#const_5_478" value="VP"/><!-- lets ... live -->
  <feat xlink:href="#const_6_478" value="S"/><!-- lets ... live -->
  <feat xlink:href="#const_0_479" value="NP"/><!-- them -->
  <feat xlink:href="#const_4_479" value="S"/><!-- them ... live -->
  <feat xlink:href="#const_3_480" value="VP"/><!-- live ... live -->
  <feat xlink:href="#const_0_481" value="WHADVP"/><!-- where -->
  <feat xlink:href="#const_2_481" value="SBAR"/><!-- where ... live -->
  <feat xlink:href="#const_0_482" value="NP"/><!-- they -->
  <feat xlink:href="#const_1_482" value="S"/><!-- they live -->
  <feat xlink:href="#const_0_483" value="VP"/><!-- live -->
  <feat xlink:href="#const_0_485" value="ADVP"/><!-- Just -->
  <feat xlink:href="#const_3_485" value="VP"/><!-- Just ... species -->
  <feat xlink:href="#const_4_485" value="S"/><!-- Just ... species -->
  <feat xlink:href="#const_7_485" value="S"/><!-- Just ... - -->
  <feat xlink:href="#const_8_485" value="ROOT"/><!-- Just ... - -->
  <feat xlink:href="#const_0_487" value="NP"/><!-- a ... lot -->
  <feat xlink:href="#const_2_487" value="NP"/><!-- a ... species -->
  <feat xlink:href="#const_1_490" value="PP"/><!-- about ... species -->
  <feat xlink:href="#const_0_491" value="NP"/><!-- a ... species -->
  <feat xlink:href="#const_6_494" value="VP"/><!-- is ... are -->
  <feat xlink:href="#const_0_496" value="ADJP"/><!-- very useful -->
  <feat xlink:href="#const_5_499" value="SBAR"/><!-- even ... are -->
  <feat xlink:href="#const_0_501" value="NP"/><!-- that animal -->
  <feat xlink:href="#const_4_501" value="S"/><!-- that ... are -->
  <feat xlink:href="#const_3_503" value="VP"/><!-- is ... are -->
  <feat xlink:href="#const_0_504" value="ADJP"/><!-- as special -->
  <feat xlink:href="#const_2_506" value="SBAR"/><!-- as ... are -->
  <feat xlink:href="#const_0_507" value="NP"/><!-- these -->
  <feat xlink:href="#const_1_507" value="S"/><!-- these ... are -->
  <feat xlink:href="#const_0_508" value="ADVP"/><!-- clearly -->
  <feat xlink:href="#const_0_509" value="VP"/><!-- are -->
  <feat xlink:href="#const_0_511" value="NP"/><!-- we -->
  <feat xlink:href="#const_14_511" value="S"/><!-- we ... . -->
  <feat xlink:href="#const_15_511" value="ROOT"/><!-- we ... . -->
  <feat xlink:href="#const_13_512" value="VP"/><!-- need ... way -->
  <feat xlink:href="#const_11_513" value="VP"/><!-- to ... way -->
  <feat xlink:href="#const_12_513" value="S"/><!-- to ... way -->
  <feat xlink:href="#const_10_514" value="VP"/><!-- know ... way -->
  <feat xlink:href="#const_0_515" value="NP"/><!-- what -->
  <feat xlink:href="#const_9_516" value="SBAR"/><!-- about ... way -->
  <feat xlink:href="#const_0_517" value="NP"/><!-- them -->
  <feat xlink:href="#const_8_517" value="S"/><!-- them ... way -->
  <feat xlink:href="#const_7_518" value="VP"/><!-- is ... way -->
  <feat xlink:href="#const_0_519" value="ADJP"/><!-- different -->
  <feat xlink:href="#const_6_519" value="ADJP"/><!-- different ... way -->
  <feat xlink:href="#const_0_521" value="ADVP"/><!-- thus -->
  <feat xlink:href="#const_1_521" value="ADJP"/><!-- thus related -->
  <feat xlink:href="#const_5_521" value="ADJP"/><!-- thus ... way -->
  <feat xlink:href="#const_4_523" value="PP"/><!-- to ... way -->
  <feat xlink:href="#const_2_524" value="VP"/><!-- living ... way -->
  <feat xlink:href="#const_3_524" value="S"/><!-- living ... way -->
  <feat xlink:href="#const_1_525" value="PP"/><!-- in ... way -->
  <feat xlink:href="#const_0_526" value="NP"/><!-- this ... way -->
  <feat xlink:href="#const_8_530" value="NP"/><!-- The ... different -->
  <feat xlink:href="#const_9_530" value="S"/><!-- The ... . -->
  <feat xlink:href="#const_10_530" value="ROOT"/><!-- The ... . -->
  <feat xlink:href="#const_6_533" value="VP"/><!-- to ... different -->
  <feat xlink:href="#const_7_533" value="S"/><!-- to ... different -->
  <feat xlink:href="#const_5_534" value="VP"/><!-- get ... different -->
  <feat xlink:href="#const_4_535" value="PP"/><!-- at ... different -->
  <feat xlink:href="#const_0_536" value="WHNP"/><!-- what -->
  <feat xlink:href="#const_3_536" value="SBAR"/><!-- what ... different -->
  <feat xlink:href="#const_1_537" value="VP"/><!-- &apos;s different -->
  <feat xlink:href="#const_2_537" value="S"/><!-- &apos;s different -->
  <feat xlink:href="#const_0_538" value="ADJP"/><!-- different -->
  <feat xlink:href="#const_5_539" value="VP"/><!-- is ... relatives -->
  <feat xlink:href="#const_3_540" value="VP"/><!-- to ... relatives -->
  <feat xlink:href="#const_4_540" value="S"/><!-- to ... relatives -->
  <feat xlink:href="#const_2_541" value="VP"/><!-- make ... relatives -->
  <feat xlink:href="#const_0_542" value="NP"/><!-- comparisons -->
  <feat xlink:href="#const_1_543" value="PP"/><!-- with ... relatives -->
  <feat xlink:href="#const_0_544" value="NP"/><!-- close relatives -->
  <feat xlink:href="#const_0_547" value="NP"/><!-- We -->
  <feat xlink:href="#const_8_547" value="S"/><!-- We ... . -->
  <feat xlink:href="#const_9_547" value="ROOT"/><!-- We ... . -->
  <feat xlink:href="#const_7_548" value="VP"/><!-- can ... future -->
  <feat xlink:href="#const_6_549" value="VP"/><!-- start ... future -->
  <feat xlink:href="#const_0_550" value="NP"/><!-- that side -->
  <feat xlink:href="#const_5_550" value="NP"/><!-- that ... future -->
  <feat xlink:href="#const_2_552" value="PP"/><!-- of ... now -->
  <feat xlink:href="#const_0_553" value="NP"/><!-- the work -->
  <feat xlink:href="#const_1_553" value="NP"/><!-- the ... now -->
  <feat xlink:href="#const_0_555" value="ADVP"/><!-- now -->
  <feat xlink:href="#const_4_557" value="VP"/><!-- anticipating ... future -->
  <feat xlink:href="#const_2_558" value="VP"/><!-- having ... future -->
  <feat xlink:href="#const_3_558" value="S"/><!-- having ... future -->
  <feat xlink:href="#const_0_559" value="NP"/><!-- more beasts -->
  <feat xlink:href="#const_1_561" value="PP"/><!-- in ... future -->
  <feat xlink:href="#const_0_562" value="NP"/><!-- the future -->
  <feat xlink:href="#const_3_565" value="PP"/><!-- In ... glow -->
  <feat xlink:href="#const_5_565" value="S"/><!-- In ... - -->
  <feat xlink:href="#const_6_565" value="ROOT"/><!-- In ... - -->
  <feat xlink:href="#const_0_566" value="NP"/><!-- terms -->
  <feat xlink:href="#const_2_566" value="NP"/><!-- terms ... glow -->
  <feat xlink:href="#const_1_567" value="PP"/><!-- of ... glow -->
  <feat xlink:href="#const_0_568" value="NP"/><!-- their glow -->
  <feat xlink:href="#const_0_571" value="NP"/><!-- I -->
  <feat xlink:href="#const_4_572" value="VP"/><!-- suspect ... theirs -->
  <feat xlink:href="#const_3_573" value="SBAR"/><!-- that ... theirs -->
  <feat xlink:href="#const_0_574" value="NP"/><!-- it -->
  <feat xlink:href="#const_2_574" value="S"/><!-- it ... theirs -->
  <feat xlink:href="#const_1_575" value="VP"/><!-- &apos;s ... theirs -->
  <feat xlink:href="#const_0_577" value="NP"/><!-- theirs -->
  <feat xlink:href="#const_5_579" value="SBAR"/><!-- although ... relatives -->
  <feat xlink:href="#const_6_579" value="S"/><!-- although ... . -->
  <feat xlink:href="#const_7_579" value="ROOT"/><!-- although ... . -->
  <feat xlink:href="#const_0_580" value="NP"/><!-- luminescence -->
  <feat xlink:href="#const_4_580" value="S"/><!-- luminescence ... relatives -->
  <feat xlink:href="#const_3_581" value="VP"/><!-- is ... relatives -->
  <feat xlink:href="#const_2_582" value="ADJP"/><!-- common ... relatives -->
  <feat xlink:href="#const_1_583" value="PP"/><!-- in ... relatives -->
  <feat xlink:href="#const_0_584" value="NP"/><!-- anemone relatives -->
  <feat xlink:href="#const_0_587" value="NP"/><!-- they -->
  <feat xlink:href="#const_2_588" value="VP"/><!-- do ... themselves -->
  <feat xlink:href="#const_0_590" value="ADVP"/><!-- usually -->
  <feat xlink:href="#const_1_591" value="VP"/><!-- make ... themselves -->
  <feat xlink:href="#const_0_592" value="NP"/><!-- light -->
  <feat xlink:href="#const_0_593" value="NP"/><!-- themselves -->
  <feat xlink:href="#const_0_595" value="NP"/><!-- They -->
  <feat xlink:href="#const_5_595" value="S"/><!-- They ... proteins -->
  <feat xlink:href="#const_8_595" value="S"/><!-- They ... . -->
  <feat xlink:href="#const_9_595" value="ROOT"/><!-- They ... . -->
  <feat xlink:href="#const_4_596" value="VP"/><!-- do ... proteins -->
  <feat xlink:href="#const_3_597" value="VP"/><!-- make ... proteins -->
  <feat xlink:href="#const_0_598" value="NP"/><!-- a host -->
  <feat xlink:href="#const_2_598" value="NP"/><!-- a ... proteins -->
  <feat xlink:href="#const_1_600" value="PP"/><!-- of ... proteins -->
  <feat xlink:href="#const_0_601" value="NP"/><!-- florescent proteins -->
  <feat xlink:href="#const_0_605" value="NP"/><!-- these -->
  <feat xlink:href="#const_7_605" value="S"/><!-- these ... glow -->
  <feat xlink:href="#const_6_606" value="VP"/><!-- may ... glow -->
  <feat xlink:href="#const_5_607" value="VP"/><!-- interact ... glow -->
  <feat xlink:href="#const_3_608" value="PP"/><!-- with ... ROV -->
  <feat xlink:href="#const_0_609" value="NP"/><!-- the light -->
  <feat xlink:href="#const_2_609" value="NP"/><!-- the ... ROV -->
  <feat xlink:href="#const_1_611" value="PP"/><!-- of ... ROV -->
  <feat xlink:href="#const_0_612" value="NP"/><!-- the ROV -->
  <feat xlink:href="#const_3_614" value="VP"/><!-- to ... glow -->
  <feat xlink:href="#const_4_614" value="S"/><!-- to ... glow -->
  <feat xlink:href="#const_2_615" value="VP"/><!-- give ... glow -->
  <feat xlink:href="#const_0_616" value="NP"/><!-- that -->
  <feat xlink:href="#const_1_616" value="S"/><!-- that ... glow -->
  <feat xlink:href="#const_0_617" value="ADJP"/><!-- gorgeous glow -->
  <feat xlink:href="#const_0_620" value="WHNP"/><!-- What analysis -->
  <feat xlink:href="#const_7_620" value="SBARQ"/><!-- What ... ? -->
  <feat xlink:href="#const_8_620" value="ROOT"/><!-- What ... ? -->
  <feat xlink:href="#const_6_622" value="SQ"/><!-- did ... used -->
  <feat xlink:href="#const_0_623" value="NP"/><!-- you -->
  <feat xlink:href="#const_5_624" value="VP"/><!-- perform ... used -->
  <feat xlink:href="#const_1_625" value="PP"/><!-- on ... specimens -->
  <feat xlink:href="#const_4_625" value="UCP"/><!-- on ... used -->
  <feat xlink:href="#const_0_626" value="NP"/><!-- the specimens -->
  <feat xlink:href="#const_0_629" value="WHNP"/><!-- what -->
  <feat xlink:href="#const_3_629" value="SBAR"/><!-- what ... used -->
  <feat xlink:href="#const_0_630" value="NP"/><!-- equipment -->
  <feat xlink:href="#const_2_630" value="S"/><!-- equipment ... used -->
  <feat xlink:href="#const_1_631" value="VP"/><!-- was used -->
  <feat xlink:href="#const_0_632" value="VP"/><!-- used -->
  <feat xlink:href="#const_0_634" value="NP"/><!-- I -->
  <feat xlink:href="#const_11_634" value="S"/><!-- I ... . -->
  <feat xlink:href="#const_12_634" value="ROOT"/><!-- I ... . -->
  <feat xlink:href="#const_10_635" value="VP"/><!-- used ... ) -->
  <feat xlink:href="#const_9_636" value="NP"/><!-- a ... ) -->
  <feat xlink:href="#const_7_639" value="VP"/><!-- to ... ) -->
  <feat xlink:href="#const_8_639" value="S"/><!-- to ... ) -->
  <feat xlink:href="#const_6_640" value="VP"/><!-- look ... ) -->
  <feat xlink:href="#const_5_641" value="PP"/><!-- at ... ) -->
  <feat xlink:href="#const_0_642" value="NP"/><!-- the ... s -->
  <feat xlink:href="#const_1_642" value="NP"/><!-- the ... organization -->
  <feat xlink:href="#const_4_642" value="NP"/><!-- the ... ) -->
  <feat xlink:href="#const_3_651" value="PRN"/><!-- ( ... ) -->
  <feat xlink:href="#const_0_652" value="NP"/><!-- magnification -->
  <feat xlink:href="#const_2_652" value="NP"/><!-- magnification ... X -->
  <feat xlink:href="#const_1_653" value="PP"/><!-- of ... X -->
  <feat xlink:href="#const_0_654" value="NP"/><!-- 60 X -->
  <feat xlink:href="#const_0_658" value="NP"/><!-- I -->
  <feat xlink:href="#const_6_658" value="S"/><!-- I ... microscope -->
  <feat xlink:href="#const_7_658" value="ROOT"/><!-- I ... microscope -->
  <feat xlink:href="#const_3_659" value="VP"/><!-- embedded ... wax -->
  <feat xlink:href="#const_5_659" value="VP"/><!-- embedded ... microscope -->
  <feat xlink:href="#const_0_660" value="NP"/><!-- a few -->
  <feat xlink:href="#const_2_660" value="NP"/><!-- a ... animals -->
  <feat xlink:href="#const_1_662" value="PP"/><!-- of ... animals -->
  <feat xlink:href="#const_0_663" value="NP"/><!-- the animals -->
  <feat xlink:href="#const_1_665" value="PP"/><!-- in wax -->
  <feat xlink:href="#const_0_666" value="NP"/><!-- wax -->
  <feat xlink:href="#const_0_668" value="ADVP"/><!-- then -->
  <feat xlink:href="#const_3_668" value="VP"/><!-- then ... microtome -->
  <feat xlink:href="#const_0_670" value="NP"/><!-- them -->
  <feat xlink:href="#const_2_671" value="PP"/><!-- into ... slices -->
  <feat xlink:href="#const_0_672" value="ADJP"/><!-- very thin -->
  <feat xlink:href="#const_1_672" value="NP"/><!-- very ... slices -->
  <feat xlink:href="#const_1_675" value="VP"/><!-- using ... microtome -->
  <feat xlink:href="#const_2_675" value="S"/><!-- using ... microtome -->
  <feat xlink:href="#const_0_676" value="NP"/><!-- a microtome -->
  <feat xlink:href="#const_2_679" value="VP"/><!-- mounted ... slides -->
  <feat xlink:href="#const_0_680" value="NP"/><!-- the slices -->
  <feat xlink:href="#const_1_682" value="PP"/><!-- on ... slides -->
  <feat xlink:href="#const_0_683" value="NP"/><!-- microscope slides -->
  <feat xlink:href="#const_4_686" value="VP"/><!-- stained ... contrast -->
  <feat xlink:href="#const_0_687" value="NP"/><!-- the slices -->
  <feat xlink:href="#const_2_689" value="VP"/><!-- to ... contrast -->
  <feat xlink:href="#const_3_689" value="S"/><!-- to ... contrast -->
  <feat xlink:href="#const_1_690" value="VP"/><!-- enhance contrast -->
  <feat xlink:href="#const_0_691" value="NP"/><!-- contrast -->
  <feat xlink:href="#const_0_694" value="ADVP"/><!-- then -->
  <feat xlink:href="#const_2_695" value="VP"/><!-- looked ... microscope -->
  <feat xlink:href="#const_1_696" value="PP"/><!-- at ... slides -->
  <feat xlink:href="#const_0_697" value="NP"/><!-- those slides -->
  <feat xlink:href="#const_1_699" value="PP"/><!-- under ... microscope -->
  <feat xlink:href="#const_0_700" value="NP"/><!-- a ... microscope -->
  <feat xlink:href="#const_8_703" value="S"/><!-- ( ... . -->
  <feat xlink:href="#const_9_703" value="ROOT"/><!-- ( ... . -->
  <feat xlink:href="#const_0_704" value="NP"/><!-- that -->
  <feat xlink:href="#const_7_705" value="VP"/><!-- &apos;s ... paper -->
  <feat xlink:href="#const_0_706" value="WHADVP"/><!-- how -->
  <feat xlink:href="#const_6_706" value="SBAR"/><!-- how ... paper -->
  <feat xlink:href="#const_0_707" value="NP"/><!-- I -->
  <feat xlink:href="#const_5_707" value="S"/><!-- I ... paper -->
  <feat xlink:href="#const_4_708" value="VP"/><!-- got ... paper -->
  <feat xlink:href="#const_0_709" value="NP"/><!-- the pictures -->
  <feat xlink:href="#const_3_709" value="NP"/><!-- the ... etc -->
  <feat xlink:href="#const_2_711" value="PP"/><!-- of ... etc -->
  <feat xlink:href="#const_0_712" value="NP"/><!-- the muscles -->
  <feat xlink:href="#const_1_712" value="NP"/><!-- the ... etc -->
  <feat xlink:href="#const_0_714" value="NX"/><!-- etc -->
  <feat xlink:href="#const_1_715" value="PP"/><!-- in ... paper -->
  <feat xlink:href="#const_0_716" value="NP"/><!-- the paper -->
  <feat xlink:href="#const_0_720" value="NP"/><!-- I -->
  <feat xlink:href="#const_13_720" value="S"/><!-- I ... . -->
  <feat xlink:href="#const_14_720" value="ROOT"/><!-- I ... . -->
  <feat xlink:href="#const_12_721" value="VP"/><!-- used ... ) -->
  <feat xlink:href="#const_0_722" value="NP"/><!-- that ... scope -->
  <feat xlink:href="#const_10_726" value="VP"/><!-- to ... ) -->
  <feat xlink:href="#const_11_726" value="S"/><!-- to ... ) -->
  <feat xlink:href="#const_9_727" value="VP"/><!-- look ... ) -->
  <feat xlink:href="#const_8_728" value="PP"/><!-- at ... ) -->
  <feat xlink:href="#const_0_729" value="NP"/><!-- squashed bits -->
  <feat xlink:href="#const_7_729" value="NP"/><!-- squashed ... ) -->
  <feat xlink:href="#const_6_731" value="PP"/><!-- of ... ) -->
  <feat xlink:href="#const_4_732" value="NP"/><!-- tissue ... capsules -->
  <feat xlink:href="#const_5_732" value="NP"/><!-- tissue ... ) -->
  <feat xlink:href="#const_2_733" value="VP"/><!-- to ... capsules -->
  <feat xlink:href="#const_3_733" value="S"/><!-- to ... capsules -->
  <feat xlink:href="#const_1_734" value="VP"/><!-- see ... capsules -->
  <feat xlink:href="#const_0_735" value="NP"/><!-- the ... capsules -->
  <feat xlink:href="#const_2_738" value="PRN"/><!-- ( ... ) -->
  <feat xlink:href="#const_0_739" value="X"/><!-- = -->
  <feat xlink:href="#const_1_739" value="X"/><!-- = nematocysts -->
  <feat xlink:href="#const_0_740" value="NP"/><!-- nematocysts -->
  <feat xlink:href="#const_0_743" value="NP"/><!-- I -->
  <feat xlink:href="#const_15_743" value="S"/><!-- I ... . -->
  <feat xlink:href="#const_16_743" value="ROOT"/><!-- I ... . -->
  <feat xlink:href="#const_14_744" value="VP"/><!-- compared ... group -->
  <feat xlink:href="#const_0_745" value="NP"/><!-- the things -->
  <feat xlink:href="#const_13_745" value="NP"/><!-- the ... group -->
  <feat xlink:href="#const_0_747" value="NP"/><!-- I -->
  <feat xlink:href="#const_11_747" value="S"/><!-- I ... group -->
  <feat xlink:href="#const_12_747" value="SBAR"/><!-- I ... group -->
  <feat xlink:href="#const_10_748" value="VP"/><!-- saw ... group -->
  <feat xlink:href="#const_1_749" value="PP"/><!-- under ... scopes -->
  <feat xlink:href="#const_0_750" value="NP"/><!-- the scopes -->
  <feat xlink:href="#const_9_752" value="PP"/><!-- to ... group -->
  <feat xlink:href="#const_0_753" value="WHNP"/><!-- what -->
  <feat xlink:href="#const_8_753" value="SBAR"/><!-- what ... group -->
  <feat xlink:href="#const_6_754" value="VP"/><!-- had ... group -->
  <feat xlink:href="#const_7_754" value="S"/><!-- had ... group -->
  <feat xlink:href="#const_5_755" value="VP"/><!-- been ... group -->
  <feat xlink:href="#const_4_756" value="VP"/><!-- published ... group -->
  <feat xlink:href="#const_3_757" value="PP"/><!-- on ... group -->
  <feat xlink:href="#const_0_758" value="NP"/><!-- other species -->
  <feat xlink:href="#const_2_758" value="NP"/><!-- other ... group -->
  <feat xlink:href="#const_1_760" value="PP"/><!-- in ... group -->
  <feat xlink:href="#const_0_761" value="NP"/><!-- this group -->
  <feat xlink:href="#const_0_764" value="NP"/><!-- This step -->
  <feat xlink:href="#const_2_764" value="S"/><!-- This ... trivial -->
  <feat xlink:href="#const_4_764" value="S"/><!-- This ... ! -->
  <feat xlink:href="#const_5_764" value="ROOT"/><!-- This ... ! -->
  <feat xlink:href="#const_1_766" value="VP"/><!-- seems trivial -->
  <feat xlink:href="#const_0_767" value="ADJP"/><!-- trivial -->
  <feat xlink:href="#const_0_770" value="NP"/><!-- it -->
  <feat xlink:href="#const_3_770" value="S"/><!-- it ... part -->
  <feat xlink:href="#const_2_771" value="VP"/><!-- is ... part -->
  <feat xlink:href="#const_0_772" value="ADVP"/><!-- really -->
  <feat xlink:href="#const_1_773" value="NP"/><!-- the ... part -->
  <feat xlink:href="#const_0_774" value="ADJP"/><!-- most important -->
  <feat xlink:href="#const_7_778" value="PP"/><!-- By ... found -->
  <feat xlink:href="#const_13_778" value="S"/><!-- By ... . -->
  <feat xlink:href="#const_14_778" value="ROOT"/><!-- By ... . -->
  <feat xlink:href="#const_5_779" value="VP"/><!-- comparing ... found -->
  <feat xlink:href="#const_6_779" value="S"/><!-- comparing ... found -->
  <feat xlink:href="#const_0_780" value="NP"/><!-- my observations -->
  <feat xlink:href="#const_4_782" value="PP"/><!-- to ... found -->
  <feat xlink:href="#const_0_783" value="WHNP"/><!-- what -->
  <feat xlink:href="#const_3_783" value="SBAR"/><!-- what ... found -->
  <feat xlink:href="#const_0_784" value="NP"/><!-- my ... predecessors -->
  <feat xlink:href="#const_2_784" value="S"/><!-- my ... found -->
  <feat xlink:href="#const_1_788" value="VP"/><!-- had found -->
  <feat xlink:href="#const_0_789" value="VP"/><!-- found -->
  <feat xlink:href="#const_0_791" value="NP"/><!-- I -->
  <feat xlink:href="#const_12_792" value="VP"/><!-- figured ... species -->
  <feat xlink:href="#const_0_793" value="PRT"/><!-- out -->
  <feat xlink:href="#const_0_794" value="WHNP"/><!-- what group -->
  <feat xlink:href="#const_11_794" value="SBAR"/><!-- what ... species -->
  <feat xlink:href="#const_0_796" value="NP"/><!-- it -->
  <feat xlink:href="#const_10_796" value="S"/><!-- it ... species -->
  <feat xlink:href="#const_1_797" value="VP"/><!-- belongs to -->
  <feat xlink:href="#const_9_797" value="VP"/><!-- belongs ... species -->
  <feat xlink:href="#const_0_798" value="PP"/><!-- to -->
  <feat xlink:href="#const_8_801" value="VP"/><!-- was ... species -->
  <feat xlink:href="#const_7_802" value="ADJP"/><!-- able ... species -->
  <feat xlink:href="#const_5_803" value="VP"/><!-- to ... species -->
  <feat xlink:href="#const_6_803" value="S"/><!-- to ... species -->
  <feat xlink:href="#const_4_804" value="VP"/><!-- determine ... species -->
  <feat xlink:href="#const_3_805" value="SBAR"/><!-- that ... species -->
  <feat xlink:href="#const_1_806" value="PP"/><!-- within ... group -->
  <feat xlink:href="#const_2_806" value="S"/><!-- within ... species -->
  <feat xlink:href="#const_0_807" value="NP"/><!-- that group -->
  <feat xlink:href="#const_0_810" value="NP"/><!-- it -->
  <feat xlink:href="#const_1_811" value="VP"/><!-- was ... species -->
  <feat xlink:href="#const_0_812" value="NP"/><!-- a ... species -->
  <feat xlink:href="#const_0_816" value="NP"/><!-- It -->
  <feat xlink:href="#const_7_816" value="S"/><!-- It ... ? -->
  <feat xlink:href="#const_8_816" value="ROOT"/><!-- It ... ? -->
  <feat xlink:href="#const_6_817" value="VP"/><!-- was ... long -->
  <feat xlink:href="#const_0_818" value="NP"/><!-- three years -->
  <feat xlink:href="#const_5_818" value="NP"/><!-- three ... publication -->
  <feat xlink:href="#const_4_820" value="PP"/><!-- between ... publication -->
  <feat xlink:href="#const_0_821" value="NP"/><!-- recovery -->
  <feat xlink:href="#const_3_821" value="NP"/><!-- recovery ... publication -->
  <feat xlink:href="#const_2_822" value="PP"/><!-- of ... publication -->
  <feat xlink:href="#const_0_823" value="NP"/><!-- specimens -->
  <feat xlink:href="#const_1_823" value="NP"/><!-- specimens ... publication -->
  <feat xlink:href="#const_0_825" value="NP"/><!-- final publication -->
  <feat xlink:href="#const_0_828" value="WHADVP"/><!-- why -->
  <feat xlink:href="#const_5_828" value="SBAR"/><!-- why ... long -->
  <feat xlink:href="#const_3_829" value="VP"/><!-- did ... long -->
  <feat xlink:href="#const_4_829" value="S"/><!-- did ... long -->
  <feat xlink:href="#const_0_830" value="NP"/><!-- it -->
  <feat xlink:href="#const_2_830" value="S"/><!-- it ... long -->
  <feat xlink:href="#const_1_831" value="VP"/><!-- take ... long -->
  <feat xlink:href="#const_0_832" value="ADVP"/><!-- so long -->
  <feat xlink:href="#const_0_835" value="NP"/><!-- You -->
  <feat xlink:href="#const_12_835" value="S"/><!-- You ... :) -->
  <feat xlink:href="#const_13_835" value="ROOT"/><!-- You ... :) -->
  <feat xlink:href="#const_11_836" value="VP"/><!-- mean ... :) -->
  <feat xlink:href="#const_0_838" value="WHADVP"/><!-- how -->
  <feat xlink:href="#const_10_838" value="SBARQ"/><!-- how ... :) -->
  <feat xlink:href="#const_9_839" value="SQ"/><!-- did ... :) -->
  <feat xlink:href="#const_0_840" value="NP"/><!-- we -->
  <feat xlink:href="#const_8_841" value="VP"/><!-- manage ... :) -->
  <feat xlink:href="#const_6_842" value="VP"/><!-- to ... :) -->
  <feat xlink:href="#const_7_842" value="S"/><!-- to ... :) -->
  <feat xlink:href="#const_5_843" value="VP"/><!-- make ... :) -->
  <feat xlink:href="#const_0_844" value="NP"/><!-- it -->
  <feat xlink:href="#const_4_844" value="S"/><!-- it ... :) -->
  <feat xlink:href="#const_3_846" value="VP"/><!-- happen ... :) -->
  <feat xlink:href="#const_0_847" value="NP"/><!-- so -->
  <feat xlink:href="#const_1_847" value="NP"/><!-- so ... ? -->
  <feat xlink:href="#const_2_847" value="NP"/><!-- so ... :) -->
  <feat xlink:href="#const_0_848" value="NP"/><!-- quickly -->
  <feat xlink:href="#const_0_850" value="NP"/><!-- right -->
  <feat xlink:href="#const_0_852" value="X"/><!-- :) -->
  <feat xlink:href="#const_0_853" value="NP"/><!-- It -->
  <feat xlink:href="#const_11_853" value="S"/><!-- It ... . -->
  <feat xlink:href="#const_12_853" value="ROOT"/><!-- It ... . -->
  <feat xlink:href="#const_10_854" value="VP"/><!-- was ... out -->
  <feat xlink:href="#const_0_855" value="NP"/><!-- about ... years -->
  <feat xlink:href="#const_9_855" value="PP"/><!-- about ... out -->
  <feat xlink:href="#const_0_859" value="WHADVP"/><!-- when -->
  <feat xlink:href="#const_8_859" value="SBAR"/><!-- when ... out -->
  <feat xlink:href="#const_0_860" value="NP"/><!-- Frank -->
  <feat xlink:href="#const_7_860" value="S"/><!-- Frank ... out -->
  <feat xlink:href="#const_6_861" value="VP"/><!-- sent ... out -->
  <feat xlink:href="#const_0_862" value="NP"/><!-- me -->
  <feat xlink:href="#const_0_863" value="NP"/><!-- specimens -->
  <feat xlink:href="#const_5_863" value="NP"/><!-- specimens ... out -->
  <feat xlink:href="#const_4_864" value="PP"/><!-- to ... out -->
  <feat xlink:href="#const_0_865" value="WHADVP"/><!-- when -->
  <feat xlink:href="#const_3_865" value="SBAR"/><!-- when ... out -->
  <feat xlink:href="#const_0_866" value="NP"/><!-- we -->
  <feat xlink:href="#const_2_866" value="S"/><!-- we ... out -->
  <feat xlink:href="#const_1_867" value="VP"/><!-- got ... out -->
  <feat xlink:href="#const_0_868" value="NP"/><!-- the paper -->
  <feat xlink:href="#const_0_870" value="PRT"/><!-- out -->
  <feat xlink:href="#const_0_872" value="NP"/><!-- Some -->
  <feat xlink:href="#const_2_872" value="NP"/><!-- Some ... time -->
  <feat xlink:href="#const_3_872" value="S"/><!-- Some ... - -->
  <feat xlink:href="#const_4_872" value="ROOT"/><!-- Some ... - -->
  <feat xlink:href="#const_1_873" value="PP"/><!-- of ... time -->
  <feat xlink:href="#const_0_874" value="NP"/><!-- that time -->
  <feat xlink:href="#const_2_876" value="VP"/><!-- was ... time -->
  <feat xlink:href="#const_0_877" value="ADVP"/><!-- just -->
  <feat xlink:href="#const_1_878" value="VP"/><!-- lost time -->
  <feat xlink:href="#const_0_879" value="NP"/><!-- time -->
  <feat xlink:href="#const_0_881" value="NP"/><!-- I -->
  <feat xlink:href="#const_10_881" value="S"/><!-- I ... . -->
  <feat xlink:href="#const_11_881" value="ROOT"/><!-- I ... . -->
  <feat xlink:href="#const_9_882" value="VP"/><!-- had ... finish -->
  <feat xlink:href="#const_0_883" value="NP"/><!-- other projects -->
  <feat xlink:href="#const_8_883" value="NP"/><!-- other ... finish -->
  <feat xlink:href="#const_7_885" value="PP"/><!-- in ... finish -->
  <feat xlink:href="#const_0_886" value="NP"/><!-- the queue -->
  <feat xlink:href="#const_6_886" value="NP"/><!-- the ... finish -->
  <feat xlink:href="#const_0_888" value="WHNP"/><!-- that -->
  <feat xlink:href="#const_5_888" value="SBAR"/><!-- that ... finish -->
  <feat xlink:href="#const_0_889" value="NP"/><!-- I -->
  <feat xlink:href="#const_4_889" value="S"/><!-- I ... finish -->
  <feat xlink:href="#const_3_890" value="VP"/><!-- needed ... finish -->
  <feat xlink:href="#const_1_891" value="VP"/><!-- to finish -->
  <feat xlink:href="#const_2_891" value="S"/><!-- to finish -->
  <feat xlink:href="#const_0_892" value="VP"/><!-- finish -->
  <feat xlink:href="#const_5_894" value="SBAR"/><!-- Once ... was -->
  <feat xlink:href="#const_14_894" value="S"/><!-- Once ... etc. -->
  <feat xlink:href="#const_15_894" value="ROOT"/><!-- Once ... etc. -->
  <feat xlink:href="#const_0_895" value="NP"/><!-- we -->
  <feat xlink:href="#const_4_895" value="S"/><!-- we ... was -->
  <feat xlink:href="#const_3_896" value="VP"/><!-- figured ... was -->
  <feat xlink:href="#const_0_897" value="PRT"/><!-- out -->
  <feat xlink:href="#const_0_898" value="WHNP"/><!-- what -->
  <feat xlink:href="#const_2_898" value="SBAR"/><!-- what ... was -->
  <feat xlink:href="#const_0_899" value="NP"/><!-- it -->
  <feat xlink:href="#const_1_899" value="S"/><!-- it was -->
  <feat xlink:href="#const_0_900" value="VP"/><!-- was -->
  <feat xlink:href="#const_0_902" value="NP"/><!-- we -->
  <feat xlink:href="#const_13_903" value="VP"/><!-- played ... etc. -->
  <feat xlink:href="#const_0_904" value="NP"/><!-- a lot -->
  <feat xlink:href="#const_7_904" value="NP"/><!-- a ... challenging -->
  <feat xlink:href="#const_12_904" value="NP"/><!-- a ... etc. -->
  <feat xlink:href="#const_6_906" value="PP"/><!-- of ... challenging -->
  <feat xlink:href="#const_0_907" value="NP"/><!-- manuscript ... tag -->
  <feat xlink:href="#const_5_907" value="NP"/><!-- manuscript ... challenging -->
  <feat xlink:href="#const_0_911" value="WHNP"/><!-- which -->
  <feat xlink:href="#const_4_911" value="SBAR"/><!-- which ... challenging -->
  <feat xlink:href="#const_2_912" value="VP"/><!-- can ... challenging -->
  <feat xlink:href="#const_3_912" value="S"/><!-- can ... challenging -->
  <feat xlink:href="#const_1_913" value="VP"/><!-- be challenging -->
  <feat xlink:href="#const_0_914" value="VP"/><!-- challenging -->
  <feat xlink:href="#const_0_916" value="NP"/><!-- time -->
  <feat xlink:href="#const_11_916" value="NP"/><!-- time ... etc. -->
  <feat xlink:href="#const_10_917" value="VP"/><!-- consuming ... etc. -->
  <feat xlink:href="#const_9_918" value="PP"/><!-- given ... etc. -->
  <feat xlink:href="#const_0_919" value="NP"/><!-- the ... schedules -->
  <feat xlink:href="#const_8_919" value="NP"/><!-- the ... etc. -->
  <feat xlink:href="#const_0_922" value="WHNP"/><!-- that -->
  <feat xlink:href="#const_7_922" value="SBAR"/><!-- that ... etc. -->
  <feat xlink:href="#const_0_923" value="NP"/><!-- folks -->
  <feat xlink:href="#const_6_923" value="S"/><!-- folks ... etc. -->
  <feat xlink:href="#const_5_924" value="VP"/><!-- keep ... etc. -->
  <feat xlink:href="#const_4_925" value="PP"/><!-- in ... etc. -->
  <feat xlink:href="#const_0_926" value="NP"/><!-- terms -->
  <feat xlink:href="#const_3_926" value="NP"/><!-- terms ... etc. -->
  <feat xlink:href="#const_2_927" value="PP"/><!-- of ... etc. -->
  <feat xlink:href="#const_0_928" value="NP"/><!-- travel -->
  <feat xlink:href="#const_1_928" value="NP"/><!-- travel ... etc. -->
  <feat xlink:href="#const_0_930" value="NP"/><!-- field work -->
  <feat xlink:href="#const_0_934" value="NP"/><!-- Manuscript review -->
  <feat xlink:href="#const_1_934" value="NP"/><!-- Manuscript ... processing -->
  <feat xlink:href="#const_3_934" value="S"/><!-- Manuscript ... . -->
  <feat xlink:href="#const_4_934" value="ROOT"/><!-- Manuscript ... . -->
  <feat xlink:href="#const_0_937" value="NP"/><!-- processing -->
  <feat xlink:href="#const_2_938" value="VP"/><!-- took ... months -->
  <feat xlink:href="#const_0_939" value="QP"/><!-- about four -->
  <feat xlink:href="#const_1_939" value="NP"/><!-- about ... months -->
  <feat xlink:href="#const_0_943" value="WHNP"/><!-- What -->
  <feat xlink:href="#const_13_943" value="SBARQ"/><!-- What ... ? -->
  <feat xlink:href="#const_14_943" value="ROOT"/><!-- What ... ? -->
  <feat xlink:href="#const_2_944" value="ADVP"/><!-- sort ... difficulties -->
  <feat xlink:href="#const_11_944" value="VP"/><!-- sort ... DNA -->
  <feat xlink:href="#const_12_944" value="SQ"/><!-- sort ... DNA -->
  <feat xlink:href="#const_1_945" value="PP"/><!-- of difficulties -->
  <feat xlink:href="#const_0_946" value="NP"/><!-- difficulties -->
  <feat xlink:href="#const_10_948" value="VP"/><!-- posed ... DNA -->
  <feat xlink:href="#const_1_949" value="PP"/><!-- by ... preservatives -->
  <feat xlink:href="#const_0_950" value="NP"/><!-- the ... preservatives -->
  <feat xlink:href="#const_0_953" value="VP"/><!-- used -->
  <feat xlink:href="#const_1_953" value="S"/><!-- used -->
  <feat xlink:href="#const_2_953" value="SBAR"/><!-- used -->
  <feat xlink:href="#const_9_953" value="SBAR"/><!-- used ... DNA -->
  <feat xlink:href="#const_0_956" value="WHNP"/><!-- what -->
  <feat xlink:href="#const_8_956" value="SBAR"/><!-- what ... DNA -->
  <feat xlink:href="#const_0_957" value="NP"/><!-- additional work -->
  <feat xlink:href="#const_7_957" value="S"/><!-- additional ... DNA -->
  <feat xlink:href="#const_6_959" value="VP"/><!-- might ... DNA -->
  <feat xlink:href="#const_5_960" value="VP"/><!-- be ... DNA -->
  <feat xlink:href="#const_4_961" value="ADJP"/><!-- possible ... DNA -->
  <feat xlink:href="#const_3_962" value="PP"/><!-- on ... DNA -->
  <feat xlink:href="#const_0_963" value="NP"/><!-- a specimen -->
  <feat xlink:href="#const_2_963" value="NP"/><!-- a ... DNA -->
  <feat xlink:href="#const_1_965" value="PP"/><!-- with ... DNA -->
  <feat xlink:href="#const_0_966" value="NP"/><!-- intact DNA -->
  <feat xlink:href="#const_0_969" value="NP"/><!-- The preservation -->
  <feat xlink:href="#const_2_969" value="S"/><!-- The ... - -->
  <feat xlink:href="#const_3_969" value="ROOT"/><!-- The ... - -->
  <feat xlink:href="#const_1_971" value="VP"/><!-- was ... unorthodox -->
  <feat xlink:href="#const_0_973" value="ADJP"/><!-- unorthodox -->
  <feat xlink:href="#const_0_975" value="NP"/><!-- they -->
  <feat xlink:href="#const_4_975" value="S"/><!-- they ... . -->
  <feat xlink:href="#const_5_975" value="ROOT"/><!-- they ... . -->
  <feat xlink:href="#const_3_976" value="VP"/><!-- followed ... preservation -->
  <feat xlink:href="#const_0_977" value="NP"/><!-- best practices -->
  <feat xlink:href="#const_2_977" value="NP"/><!-- best ... preservation -->
  <feat xlink:href="#const_1_979" value="PP"/><!-- for ... preservation -->
  <feat xlink:href="#const_0_980" value="NP"/><!-- anatomical preservation -->
  <feat xlink:href="#const_1_983" value="VP"/><!-- Having ... material -->
  <feat xlink:href="#const_2_983" value="S"/><!-- Having ... material -->
  <feat xlink:href="#const_23_983" value="S"/><!-- Having ... . -->
  <feat xlink:href="#const_24_983" value="ROOT"/><!-- Having ... . -->
  <feat xlink:href="#const_0_984" value="NP"/><!-- DNA-suitable material -->
  <feat xlink:href="#const_22_986" value="VP"/><!-- will ... cold -->
  <feat xlink:href="#const_21_987" value="VP"/><!-- let ... cold -->
  <feat xlink:href="#const_0_988" value="NP"/><!-- us -->
  <feat xlink:href="#const_20_988" value="S"/><!-- us ... cold -->
  <feat xlink:href="#const_19_989" value="VP"/><!-- see ... cold -->
  <feat xlink:href="#const_18_990" value="SBAR"/><!-- whether ... cold -->
  <feat xlink:href="#const_0_991" value="NP"/><!-- there -->
  <feat xlink:href="#const_17_991" value="S"/><!-- there ... cold -->
  <feat xlink:href="#const_16_992" value="VP"/><!-- are ... cold -->
  <feat xlink:href="#const_0_993" value="NP"/><!-- new genes -->
  <feat xlink:href="#const_15_993" value="NP"/><!-- new ... cold -->
  <feat xlink:href="#const_0_997" value="NP"/><!-- genes -->
  <feat xlink:href="#const_14_997" value="NP"/><!-- genes ... cold -->
  <feat xlink:href="#const_13_998" value="VP"/><!-- turned ... cold -->
  <feat xlink:href="#const_2_999" value="PP"/><!-- on ... ways -->
  <feat xlink:href="#const_12_999" value="PP"/><!-- on ... cold -->
  <feat xlink:href="#const_1_1000" value="PP"/><!-- in ... ways -->
  <feat xlink:href="#const_0_1001" value="NP"/><!-- different ways -->
  <feat xlink:href="#const_11_1004" value="PP"/><!-- at ... cold -->
  <feat xlink:href="#const_0_1005" value="NP"/><!-- different times -->
  <feat xlink:href="#const_10_1005" value="NP"/><!-- different ... cold -->
  <feat xlink:href="#const_0_1007" value="WHNP"/><!-- that -->
  <feat xlink:href="#const_9_1007" value="SBAR"/><!-- that ... cold -->
  <feat xlink:href="#const_7_1008" value="VP"/><!-- help ... cold -->
  <feat xlink:href="#const_8_1008" value="S"/><!-- help ... cold -->
  <feat xlink:href="#const_5_1009" value="VP"/><!-- explain ... ice -->
  <feat xlink:href="#const_6_1009" value="VP"/><!-- explain ... cold -->
  <feat xlink:href="#const_0_1010" value="WHADVP"/><!-- how -->
  <feat xlink:href="#const_4_1010" value="SBAR"/><!-- how ... ice -->
  <feat xlink:href="#const_0_1011" value="NP"/><!-- these animals -->
  <feat xlink:href="#const_3_1011" value="S"/><!-- these ... ice -->
  <feat xlink:href="#const_2_1013" value="VP"/><!-- burrow ... ice -->
  <feat xlink:href="#const_1_1014" value="PP"/><!-- into ... ice -->
  <feat xlink:href="#const_0_1015" value="NP"/><!-- hard ice -->
  <feat xlink:href="#const_0_1018" value="ADVP"/><!-- then -->
  <feat xlink:href="#const_2_1019" value="VP"/><!-- survive ... cold -->
  <feat xlink:href="#const_1_1020" value="PP"/><!-- in ... cold -->
  <feat xlink:href="#const_0_1021" value="NP"/><!-- the cold -->
  <feat xlink:href="#const_0_1024" value="NP"/><!-- I -->
  <feat xlink:href="#const_8_1024" value="S"/><!-- I ... - -->
  <feat xlink:href="#const_9_1024" value="ROOT"/><!-- I ... - -->
  <feat xlink:href="#const_7_1025" value="VP"/><!-- am ... anemones -->
  <feat xlink:href="#const_6_1026" value="ADJP"/><!-- curious ... anemones -->
  <feat xlink:href="#const_5_1027" value="PP"/><!-- about ... anemones -->
  <feat xlink:href="#const_0_1028" value="NP"/><!-- the ... structure -->
  <feat xlink:href="#const_4_1028" value="NP"/><!-- the ... anemones -->
  <feat xlink:href="#const_3_1031" value="PP"/><!-- of ... anemones -->
  <feat xlink:href="#const_0_1032" value="NP"/><!-- the ... &quot; -->
  <feat xlink:href="#const_2_1032" value="NP"/><!-- the ... anemones -->
  <feat xlink:href="#const_1_1036" value="PP"/><!-- of anemones -->
  <feat xlink:href="#const_0_1037" value="NP"/><!-- anemones -->
  <feat xlink:href="#const_0_1039" value="NP"/><!-- the group -->
  <feat xlink:href="#const_10_1039" value="NP"/><!-- the ... asexually -->
  <feat xlink:href="#const_11_1039" value="NP"/><!-- the ... . -->
  <feat xlink:href="#const_12_1039" value="ROOT"/><!-- the ... . -->
  <feat xlink:href="#const_1_1041" value="WHPP"/><!-- to which -->
  <feat xlink:href="#const_9_1041" value="SBAR"/><!-- to ... asexually -->
  <feat xlink:href="#const_0_1042" value="WHNP"/><!-- which -->
  <feat xlink:href="#const_0_1043" value="NP"/><!-- Edwardsiella andrillae -->
  <feat xlink:href="#const_1_1043" value="NP"/><!-- Edwardsiella ... belongs -->
  <feat xlink:href="#const_6_1043" value="S"/><!-- Edwardsiella ... asexually -->
  <feat xlink:href="#const_8_1043" value="S"/><!-- Edwardsiella ... asexually -->
  <feat xlink:href="#const_0_1045" value="VP"/><!-- belongs -->
  <feat xlink:href="#const_5_1046" value="VP"/><!-- includes ... asexually -->
  <feat xlink:href="#const_0_1047" value="NP"/><!-- many species -->
  <feat xlink:href="#const_4_1047" value="NP"/><!-- many ... asexually -->
  <feat xlink:href="#const_0_1049" value="WHNP"/><!-- that -->
  <feat xlink:href="#const_3_1049" value="SBAR"/><!-- that ... asexually -->
  <feat xlink:href="#const_1_1050" value="VP"/><!-- reproduce asexually -->
  <feat xlink:href="#const_2_1050" value="S"/><!-- reproduce asexually -->
  <feat xlink:href="#const_0_1051" value="ADVP"/><!-- asexually -->
  <feat xlink:href="#const_0_1054" value="NP"/><!-- it -->
  <feat xlink:href="#const_7_1054" value="S"/><!-- it ... asexually -->
  <feat xlink:href="#const_6_1055" value="VP"/><!-- &apos;s ... asexually -->
  <feat xlink:href="#const_0_1056" value="ADJP"/><!-- possible -->
  <feat xlink:href="#const_0_1057" value="WHNP"/><!-- that -->
  <feat xlink:href="#const_5_1057" value="SBAR"/><!-- that ... asexually -->
  <feat xlink:href="#const_0_1058" value="NP"/><!-- the fields -->
  <feat xlink:href="#const_4_1058" value="S"/><!-- the ... asexually -->
  <feat xlink:href="#const_3_1060" value="VP"/><!-- are ... asexually -->
  <feat xlink:href="#const_0_1061" value="NP"/><!-- &quot; ... &quot; -->
  <feat xlink:href="#const_2_1061" value="NP"/><!-- &quot; ... asexually -->
  <feat xlink:href="#const_1_1064" value="VP"/><!-- produced asexually -->
  <feat xlink:href="#const_0_1065" value="ADVP"/><!-- asexually -->
  <feat xlink:href="#const_0_1066" value="CONJP"/><!-- rather than -->
  <feat xlink:href="#const_0_1068" value="NP"/><!-- the result -->
  <feat xlink:href="#const_2_1068" value="NP"/><!-- the ... reproduction -->
  <feat xlink:href="#const_1_1070" value="PP"/><!-- of ... reproduction -->
  <feat xlink:href="#const_0_1071" value="NP"/><!-- sexual reproduction -->
  <feat xlink:href="#const_0_1074" value="NP"/><!-- DNA -->
  <feat xlink:href="#const_6_1074" value="S"/><!-- DNA ... . -->
  <feat xlink:href="#const_7_1074" value="ROOT"/><!-- DNA ... . -->
  <feat xlink:href="#const_5_1075" value="VP"/><!-- is ... this -->
  <feat xlink:href="#const_4_1076" value="NP"/><!-- the ... this -->
  <feat xlink:href="#const_2_1079" value="VP"/><!-- to ... this -->
  <feat xlink:href="#const_3_1079" value="S"/><!-- to ... this -->
  <feat xlink:href="#const_1_1080" value="VP"/><!-- test this -->
  <feat xlink:href="#const_0_1081" value="NP"/><!-- this -->
  <feat xlink:href="#const_0_1083" value="NP"/><!-- This map -->
  <feat xlink:href="#const_8_1083" value="S"/><!-- This ... Station -->
  <feat xlink:href="#const_9_1083" value="ROOT"/><!-- This ... Station -->
  <feat xlink:href="#const_7_1085" value="VP"/><!-- shows ... Station -->
  <feat xlink:href="#const_0_1086" value="NP"/><!-- the location -->
  <feat xlink:href="#const_2_1086" value="NP"/><!-- the ... Shelf -->
  <feat xlink:href="#const_6_1086" value="NP"/><!-- the ... Station -->
  <feat xlink:href="#const_1_1088" value="PP"/><!-- of ... Shelf -->
  <feat xlink:href="#const_0_1089" value="NP"/><!-- the ... Shelf -->
  <feat xlink:href="#const_1_1093" value="PP"/><!-- in ... Antarctic -->
  <feat xlink:href="#const_0_1094" value="NP"/><!-- the Antarctic -->
  <feat xlink:href="#const_0_1098" value="NP"/><!-- the ... localities -->
  <feat xlink:href="#const_5_1098" value="NP"/><!-- the ... Station -->
  <feat xlink:href="#const_4_1102" value="PP"/><!-- for ... Station -->
  <feat xlink:href="#const_0_1103" value="NP"/><!-- E. andrillae -->
  <feat xlink:href="#const_3_1103" value="NP"/><!-- E. ... Station -->
  <feat xlink:href="#const_2_1105" value="ADVP"/><!-- relative ... Station -->
  <feat xlink:href="#const_1_1106" value="PP"/><!-- to ... Station -->
  <feat xlink:href="#const_0_1107" value="NP"/><!-- McMurdo Station -->
  <feat xlink:href="#const_0_1109" value="NP"/><!-- image -->
  <feat xlink:href="#const_2_1109" value="NP"/><!-- image ... al. -->
  <feat xlink:href="#const_3_1109" value="ROOT"/><!-- image ... al. -->
  <feat xlink:href="#const_0_1111" value="NP"/><!-- Daily -->
  <feat xlink:href="#const_1_1111" value="NP"/><!-- Daily ... al. -->
  <feat xlink:href="#const_0_1112" value="NP"/><!-- et al. -->
  <feat xlink:href="#const_0_1114" value="NP"/><!-- Daly -->
  <feat xlink:href="#const_8_1114" value="S"/><!-- Daly ... . -->
  <feat xlink:href="#const_9_1114" value="ROOT"/><!-- Daly ... . -->
  <feat xlink:href="#const_7_1115" value="VP"/><!-- explained ... anatomy -->
  <feat xlink:href="#const_0_1116" value="WHADVP"/><!-- how -->
  <feat xlink:href="#const_6_1116" value="SBAR"/><!-- how ... anatomy -->
  <feat xlink:href="#const_0_1117" value="NP"/><!-- she -->
  <feat xlink:href="#const_5_1117" value="S"/><!-- she ... anatomy -->
  <feat xlink:href="#const_4_1118" value="VP"/><!-- obtained ... anatomy -->
  <feat xlink:href="#const_0_1119" value="NP"/><!-- these images -->
  <feat xlink:href="#const_3_1119" value="NP"/><!-- these ... anatomy -->
  <feat xlink:href="#const_2_1121" value="PP"/><!-- of ... anatomy -->
  <feat xlink:href="#const_0_1122" value="NP"/><!-- the ... s -->
  <feat xlink:href="#const_1_1122" value="NP"/><!-- the ... anatomy -->
  <feat xlink:href="#const_0_1127" value="NP"/><!-- Image -->
  <feat xlink:href="#const_2_1127" value="NP"/><!-- Image ... al. -->
  <feat xlink:href="#const_3_1127" value="ROOT"/><!-- Image ... al. -->
  <feat xlink:href="#const_0_1129" value="NP"/><!-- Daily -->
  <feat xlink:href="#const_1_1129" value="NP"/><!-- Daily ... al. -->
  <feat xlink:href="#const_0_1130" value="NP"/><!-- et al. -->
</featList>
</paula>
