<?xml version="1.0" standalone="no"?>

<!DOCTYPE paula SYSTEM "paula_feat.dtd">
<paula version="1.0">

<header paula_id="GUM.GUM_interview_daly_cat_func"/>

<featList xmlns:xlink="http://www.w3.org/1999/xlink" type="func" xml:base="const.GUM.GUM_interview_daly.catConst.xml">
<feat xlink:href="#rel_30" value="TMP"/> <!--Tuesday -->
<feat xlink:href="#rel_332" value="NP-ADV"/> <!--go -->
<feat xlink:href="#rel_1173" value="NP-ADV"/> <!--make -->
<feat xlink:href="#rel_1724" value="NP-TMP"/> <!--lost -->
<feat xlink:href="#rel_1849" value="NP-TMP"/> <!--took -->
</featList>
</paula>
