<?xml version="1.0" encoding="UTF-8" standalone="no"?>

<!DOCTYPE paula SYSTEM "paula_feat.dtd">
<paula version="1.0">

<header paula_id="GUM.GUM_interview_daly_pos"/>

<featList xmlns:xlink="http://www.w3.org/1999/xlink" type="pos" xml:base="GUM.GUM_interview_daly.tok.xml">
<feat xlink:href="#tok_1" value="JJ"/><!-- Cold...anemone -->
<feat xlink:href="#tok_2" value="IN"/><!-- Cold...anemone -->
<feat xlink:href="#tok_3" value="NN"/><!-- Cold...anemone -->
<feat xlink:href="#tok_4" value=":"/><!-- Cold...anemone -->
<feat xlink:href="#tok_5" value="NP"/><!-- Cold...anemone -->
<feat xlink:href="#tok_6" value="NNS"/><!-- Cold...anemone -->
<feat xlink:href="#tok_7" value="NP"/><!-- Cold...anemone -->
<feat xlink:href="#tok_8" value="NP"/><!-- Cold...anemone -->
<feat xlink:href="#tok_9" value="IN"/><!-- Cold...anemone -->
<feat xlink:href="#tok_10" value="JJ"/><!-- Cold...anemone -->
<feat xlink:href="#tok_11" value="JJ"/><!-- Cold...anemone -->
<feat xlink:href="#tok_12" value="NN"/><!-- Cold...anemone -->
<feat xlink:href="#tok_13" value="NN"/><!-- Cold...anemone -->
<feat xlink:href="#tok_14" value="NP"/><!-- Tuesday...2014 -->
<feat xlink:href="#tok_15" value=","/><!-- Tuesday...2014 -->
<feat xlink:href="#tok_16" value="NP"/><!-- Tuesday...2014 -->
<feat xlink:href="#tok_17" value="CD"/><!-- Tuesday...2014 -->
<feat xlink:href="#tok_18" value=","/><!-- Tuesday...2014 -->
<feat xlink:href="#tok_19" value="CD"/><!-- Tuesday...2014 -->
<feat xlink:href="#tok_20" value="WRB"/><!-- How...discovery -->
<feat xlink:href="#tok_21" value="VVD"/><!-- How...discovery -->
<feat xlink:href="#tok_22" value="PP"/><!-- How...discovery -->
<feat xlink:href="#tok_23" value="VV"/><!-- How...discovery -->
<feat xlink:href="#tok_24" value="TO"/><!-- How...discovery -->
<feat xlink:href="#tok_25" value="VB"/><!-- How...discovery -->
<feat xlink:href="#tok_26" value="VVN"/><!-- How...discovery -->
<feat xlink:href="#tok_27" value="IN"/><!-- How...discovery -->
<feat xlink:href="#tok_28" value="DT"/><!-- How...discovery -->
<feat xlink:href="#tok_29" value="NN"/><!-- How...discovery -->
<feat xlink:href="#tok_30" value="NP"/><!-- Frank.... -->
<feat xlink:href="#tok_31" value="NP"/><!-- Frank.... -->
<feat xlink:href="#tok_32" value="VVD"/><!-- Frank.... -->
<feat xlink:href="#tok_33" value="IN"/><!-- Frank.... -->
<feat xlink:href="#tok_34" value="NN"/><!-- Frank.... -->
<feat xlink:href="#tok_35" value="IN"/><!-- Frank.... -->
<feat xlink:href="#tok_36" value="PP"/><!-- Frank.... -->
<feat xlink:href="#tok_37" value="VVD"/><!-- Frank.... -->
<feat xlink:href="#tok_38" value="IN"/><!-- Frank.... -->
<feat xlink:href="#tok_39" value="NP"/><!-- Frank.... -->
<feat xlink:href="#tok_40" value="IN"/><!-- Frank.... -->
<feat xlink:href="#tok_41" value="NNS"/><!-- Frank.... -->
<feat xlink:href="#tok_42" value="IN/that"/><!-- Frank.... -->
<feat xlink:href="#tok_43" value="PP"/><!-- Frank.... -->
<feat xlink:href="#tok_44" value="MD"/><!-- Frank.... -->
<feat xlink:href="#tok_45" value="VV"/><!-- Frank.... -->
<feat xlink:href="#tok_46" value="IN"/><!-- Frank.... -->
<feat xlink:href="#tok_47" value="DT"/><!-- Frank.... -->
<feat xlink:href="#tok_48" value="NN"/><!-- Frank.... -->
<feat xlink:href="#tok_49" value="IN"/><!-- Frank.... -->
<feat xlink:href="#tok_50" value="DT"/><!-- Frank.... -->
<feat xlink:href="#tok_51" value="NN"/><!-- Frank.... -->
<feat xlink:href="#tok_52" value="SENT"/><!-- Frank.... -->
<feat xlink:href="#tok_53" value="WP"/><!-- What...? -->
<feat xlink:href="#tok_54" value="VBD"/><!-- What...? -->
<feat xlink:href="#tok_55" value="PP$"/><!-- What...? -->
<feat xlink:href="#tok_56" value="JJ"/><!-- What...? -->
<feat xlink:href="#tok_57" value="NN"/><!-- What...? -->
<feat xlink:href="#tok_58" value="IN"/><!-- What...? -->
<feat xlink:href="#tok_59" value="VVG"/><!-- What...? -->
<feat xlink:href="#tok_60" value="EX"/><!-- What...? -->
<feat xlink:href="#tok_61" value="VBD"/><!-- What...? -->
<feat xlink:href="#tok_62" value="DT"/><!-- What...? -->
<feat xlink:href="#tok_63" value="JJ"/><!-- What...? -->
<feat xlink:href="#tok_64" value="NN"/><!-- What...? -->
<feat xlink:href="#tok_65" value="IN"/><!-- What...? -->
<feat xlink:href="#tok_66" value="DT"/><!-- What...? -->
<feat xlink:href="#tok_67" value="NN"/><!-- What...? -->
<feat xlink:href="#tok_68" value="IN"/><!-- What...? -->
<feat xlink:href="#tok_69" value="DT"/><!-- What...? -->
<feat xlink:href="#tok_70" value="NP"/><!-- What...? -->
<feat xlink:href="#tok_71" value="NP"/><!-- What...? -->
<feat xlink:href="#tok_72" value="SENT"/><!-- What...? -->
<feat xlink:href="#tok_73" value="PP"/><!-- I.... -->
<feat xlink:href="#tok_74" value="VBD"/><!-- I.... -->
<feat xlink:href="#tok_75" value="VVN"/><!-- I.... -->
<feat xlink:href="#tok_76" value="CC"/><!-- I.... -->
<feat xlink:href="#tok_77" value="RB"/><!-- I.... -->
<feat xlink:href="#tok_78" value="VVN"/><!-- I.... -->
<feat xlink:href="#tok_79" value="SENT"/><!-- I.... -->
<feat xlink:href="#tok_80" value="PP"/><!-- I.... -->
<feat xlink:href="#tok_81" value="VVP"/><!-- I.... -->
<feat xlink:href="#tok_82" value="TO"/><!-- I.... -->
<feat xlink:href="#tok_83" value="VV"/><!-- I.... -->
<feat xlink:href="#tok_84" value="PP"/><!-- I.... -->
<feat xlink:href="#tok_85" value="VBD"/><!-- I.... -->
<feat xlink:href="#tok_86" value="JJ"/><!-- I.... -->
<feat xlink:href="#tok_87" value="VBZ"/><!-- I.... -->
<feat xlink:href="#tok_88" value="JJ"/><!-- I.... -->
<feat xlink:href="#tok_89" value=","/><!-- I.... -->
<feat xlink:href="#tok_90" value="IN"/><!-- I.... -->
<feat xlink:href="#tok_91" value="PP"/><!-- I.... -->
<feat xlink:href="#tok_92" value="VVZ"/><!-- I.... -->
<feat xlink:href="#tok_93" value="IN/that"/><!-- I.... -->
<feat xlink:href="#tok_94" value="EX"/><!-- I.... -->
<feat xlink:href="#tok_95" value="VBD"/><!-- I.... -->
<feat xlink:href="#tok_96" value="DT"/><!-- I.... -->
<feat xlink:href="#tok_97" value="JJ"/><!-- I.... -->
<feat xlink:href="#tok_98" value="NN"/><!-- I.... -->
<feat xlink:href="#tok_99" value="IN"/><!-- I.... -->
<feat xlink:href="#tok_100" value="NN"/><!-- I.... -->
<feat xlink:href="#tok_101" value="SENT"/><!-- I.... -->
<feat xlink:href="#tok_102" value="DT"/><!-- The.... -->
<feat xlink:href="#tok_103" value="NN"/><!-- The.... -->
<feat xlink:href="#tok_104" value="WDT"/><!-- The.... -->
<feat xlink:href="#tok_105" value="NP"/><!-- The.... -->
<feat xlink:href="#tok_106" value="CC"/><!-- The.... -->
<feat xlink:href="#tok_107" value="PP$"/><!-- The.... -->
<feat xlink:href="#tok_108" value="NNS"/><!-- The.... -->
<feat xlink:href="#tok_109" value="VBP"/><!-- The.... -->
<feat xlink:href="#tok_110" value="VVG"/><!-- The.... -->
<feat xlink:href="#tok_111" value="TO"/><!-- The.... -->
<feat xlink:href="#tok_112" value="VV"/><!-- The.... -->
<feat xlink:href="#tok_113" value="DT"/><!-- The.... -->
<feat xlink:href="#tok_114" value="NN"/><!-- The.... -->
<feat xlink:href="#tok_115" value="VBZ"/><!-- The.... -->
<feat xlink:href="#tok_116" value="RB"/><!-- The.... -->
<feat xlink:href="#tok_117" value="JJ"/><!-- The.... -->
<feat xlink:href="#tok_118" value="IN"/><!-- The.... -->
<feat xlink:href="#tok_119" value=","/><!-- The.... -->
<feat xlink:href="#tok_120" value="VVN"/><!-- The.... -->
<feat xlink:href="#tok_121" value="PP$"/><!-- The.... -->
<feat xlink:href="#tok_122" value="NN"/><!-- The.... -->
<feat xlink:href="#tok_123" value="IN"/><!-- The.... -->
<feat xlink:href="#tok_124" value="NNS"/><!-- The.... -->
<feat xlink:href="#tok_125" value=","/><!-- The.... -->
<feat xlink:href="#tok_126" value="PP"/><!-- The.... -->
<feat xlink:href="#tok_127" value="VHP"/><!-- The.... -->
<feat xlink:href="#tok_128" value="DT"/><!-- The.... -->
<feat xlink:href="#tok_129" value="JJ"/><!-- The.... -->
<feat xlink:href="#tok_130" value="NN"/><!-- The.... -->
<feat xlink:href="#tok_131" value="IN"/><!-- The.... -->
<feat xlink:href="#tok_132" value="WP"/><!-- The.... -->
<feat xlink:href="#tok_133" value="PP"/><!-- The.... -->
<feat xlink:href="#tok_134" value="MD"/><!-- The.... -->
<feat xlink:href="#tok_135" value="VB"/><!-- The.... -->
<feat xlink:href="#tok_136" value="JJ"/><!-- The.... -->
<feat xlink:href="#tok_137" value=","/><!-- The.... -->
<feat xlink:href="#tok_138" value="CC"/><!-- The.... -->
<feat xlink:href="#tok_139" value="WP"/><!-- The.... -->
<feat xlink:href="#tok_140" value="PP"/><!-- The.... -->
<feat xlink:href="#tok_141" value="MD"/><!-- The.... -->
<feat xlink:href="#tok_142" value="RB"/><!-- The.... -->
<feat xlink:href="#tok_143" value="VB"/><!-- The.... -->
<feat xlink:href="#tok_144" value="JJ"/><!-- The.... -->
<feat xlink:href="#tok_145" value="SENT"/><!-- The.... -->
<feat xlink:href="#tok_146" value="EX"/><!-- There.... -->
<feat xlink:href="#tok_147" value="VBZ"/><!-- There...? -->
<feat xlink:href="#tok_148" value="DT"/><!-- There...? -->
<feat xlink:href="#tok_149" value="NN"/><!-- There...? -->
<feat xlink:href="#tok_150" value="NN"/><!-- There...? -->
<feat xlink:href="#tok_151" value="VVN"/><!-- There...? -->
<feat xlink:href="#tok_152" value="RB"/><!-- There...? -->
<feat xlink:href="#tok_153" value="IN"/><!-- There...? -->
<feat xlink:href="#tok_154" value="CD"/><!-- There...? -->
<feat xlink:href="#tok_155" value=","/><!-- 2015 -->
<feat xlink:href="#tok_156" value="IN"/><!-- 2015 -->
<feat xlink:href="#tok_157" value="DT"/><!-- 2015 -->
<feat xlink:href="#tok_158" value="NNS"/><!-- 2015 -->
<feat xlink:href="#tok_159" value="CC"/><!-- 2015 -->
<feat xlink:href="#tok_160" value="NP"/><!-- 2015 -->
<feat xlink:href="#tok_161" value="NNS"/><!-- 2015 -->
<feat xlink:href="#tok_162" value="SENT"/><!-- 2015 -->
<feat xlink:href="#tok_163" value="VBP"/><!-- Are...? -->
<feat xlink:href="#tok_164" value="PP"/><!-- Are...? -->
<feat xlink:href="#tok_165" value="VVG"/><!-- Are...? -->
<feat xlink:href="#tok_166" value="TO"/><!-- Are...? -->
<feat xlink:href="#tok_167" value="VV"/><!-- Are...? -->
<feat xlink:href="#tok_168" value="RB"/><!-- Are...? -->
<feat xlink:href="#tok_169" value="PP"/><!-- Are...? -->
<feat xlink:href="#tok_170" value="SENT"/><!-- Are...? -->
<feat xlink:href="#tok_171" value="PP"/><!-- I.... -->
<feat xlink:href="#tok_172" value="MD"/><!-- I.... -->
<feat xlink:href="#tok_173" value="VV"/><!-- I.... -->
<feat xlink:href="#tok_174" value="TO"/><!-- I.... -->
<feat xlink:href="#tok_175" value="SENT"/><!-- I.... -->
<feat xlink:href="#tok_176" value="CC"/><!-- But...! -->
<feat xlink:href="#tok_177" value="PP"/><!-- But...! -->
<feat xlink:href="#tok_178" value="VBP"/><!-- But...! -->
<feat xlink:href="#tok_179" value="RB"/><!-- But...! -->
<feat xlink:href="#tok_180" value="JJ"/><!-- But...! -->
<feat xlink:href="#tok_181" value="TO"/><!-- But...! -->
<feat xlink:href="#tok_182" value="RB"/><!-- But...! -->
<feat xlink:href="#tok_183" value="VV"/><!-- But...! -->
<feat xlink:href="#tok_184" value=","/><!-- But...! -->
<feat xlink:href="#tok_185" value="RB"/><!-- But...! -->
<feat xlink:href="#tok_186" value="RB"/><!-- But...! -->
<feat xlink:href="#tok_187" value="IN"/><!-- But...! -->
<feat xlink:href="#tok_188" value="NN"/><!-- But...! -->
<feat xlink:href="#tok_189" value="VVZ"/><!-- But...! -->
<feat xlink:href="#tok_190" value="JJR"/><!-- But...! -->
<feat xlink:href="#tok_191" value="NNS"/><!-- But...! -->
<feat xlink:href="#tok_192" value="IN"/><!-- But...! -->
<feat xlink:href="#tok_193" value="PP$"/><!-- But...! -->
<feat xlink:href="#tok_194" value="NN"/><!-- But...! -->
<feat xlink:href="#tok_195" value="SENT"/><!-- But...! -->
<feat xlink:href="#tok_196" value="WP"/><!-- What.... -->
<feat xlink:href="#tok_197" value="PP"/><!-- What.... -->
<feat xlink:href="#tok_198" value="VVP"/><!-- What.... -->
<feat xlink:href="#tok_199" value="TO"/><!-- What.... -->
<feat xlink:href="#tok_200" value="VV"/><!-- What.... -->
<feat xlink:href="#tok_201" value="IN"/><!-- What.... -->
<feat xlink:href="#tok_202" value="DT"/><!-- What.... -->
<feat xlink:href="#tok_203" value="NNS"/><!-- What.... -->
<feat xlink:href="#tok_204" value="VVZ"/><!-- What.... -->
<feat xlink:href="#tok_205" value="JJ"/><!-- What.... -->
<feat xlink:href="#tok_206" value="NN"/><!-- What.... -->
<feat xlink:href="#tok_207" value="VVN"/><!-- What.... -->
<feat xlink:href="#tok_208" value="IN"/><!-- What.... -->
<feat xlink:href="#tok_209" value="JJ"/><!-- What.... -->
<feat xlink:href="#tok_210" value="NNS"/><!-- What.... -->
<feat xlink:href="#tok_211" value=","/><!-- What.... -->
<feat xlink:href="#tok_212" value="CC"/><!-- What.... -->
<feat xlink:href="#tok_213" value="PP"/><!-- What.... -->
<feat xlink:href="#tok_214" value="VVZ"/><!-- What.... -->
<feat xlink:href="#tok_215" value="RB"/><!-- What.... -->
<feat xlink:href="#tok_216" value="VV"/><!-- What.... -->
<feat xlink:href="#tok_217" value="PP"/><!-- What.... -->
<feat xlink:href="#tok_218" value="TO"/><!-- What.... -->
<feat xlink:href="#tok_219" value="VB"/><!-- What.... -->
<feat xlink:href="#tok_220" value="RB"/><!-- What.... -->
<feat xlink:href="#tok_221" value="SENT"/><!-- What.... -->
<feat xlink:href="#tok_222" value="IN"/><!-- Although.... -->
<feat xlink:href="#tok_223" value="PP"/><!-- Although.... -->
<feat xlink:href="#tok_224" value="VBP"/><!-- Although.... -->
<feat xlink:href="#tok_225" value="JJ"/><!-- Although.... -->
<feat xlink:href="#tok_226" value="IN/that"/><!-- Although.... -->
<feat xlink:href="#tok_227" value="VBG"/><!-- Although.... -->
<feat xlink:href="#tok_228" value="RB"/><!-- Although.... -->
<feat xlink:href="#tok_229" value="MD"/><!-- Although.... -->
<feat xlink:href="#tok_230" value="VV"/><!-- Although.... -->
<feat xlink:href="#tok_231" value="PP$"/><!-- Although.... -->
<feat xlink:href="#tok_232" value="NN"/><!-- Although.... -->
<feat xlink:href="#tok_233" value="IN"/><!-- Although.... -->
<feat xlink:href="#tok_234" value="DT"/><!-- Although.... -->
<feat xlink:href="#tok_235" value="NNS"/><!-- Although.... -->
<feat xlink:href="#tok_236" value="CC"/><!-- Although.... -->
<feat xlink:href="#tok_237" value="DT"/><!-- Although.... -->
<feat xlink:href="#tok_238" value="NN"/><!-- Although.... -->
<feat xlink:href="#tok_239" value="IN"/><!-- Although.... -->
<feat xlink:href="#tok_240" value="WDT"/><!-- Although.... -->
<feat xlink:href="#tok_241" value="PP"/><!-- Although.... -->
<feat xlink:href="#tok_242" value="VVP"/><!-- Although.... -->
<feat xlink:href="#tok_243" value=","/><!-- Although.... -->
<feat xlink:href="#tok_244" value="CC"/><!-- Although.... -->
<feat xlink:href="#tok_245" value="MD"/><!-- Although.... -->
<feat xlink:href="#tok_246" value="VV"/><!-- Although.... -->
<feat xlink:href="#tok_247" value="PP"/><!-- Although.... -->
<feat xlink:href="#tok_248" value="VV"/><!-- Although.... -->
<feat xlink:href="#tok_249" value="JJR"/><!-- Although.... -->
<feat xlink:href="#tok_250" value="CC"/><!-- Although.... -->
<feat xlink:href="#tok_251" value="JJR"/><!-- Although.... -->
<feat xlink:href="#tok_252" value="NNS"/><!-- Although.... -->
<feat xlink:href="#tok_253" value="IN"/><!-- Although.... -->
<feat xlink:href="#tok_254" value="DT"/><!-- Although.... -->
<feat xlink:href="#tok_255" value="NNS"/><!-- Although.... -->
<feat xlink:href="#tok_256" value=","/><!-- Although.... -->
<feat xlink:href="#tok_257" value="NN"/><!-- Although.... -->
<feat xlink:href="#tok_258" value="NN"/><!-- Although.... -->
<feat xlink:href="#tok_259" value="VBZ"/><!-- Although.... -->
<feat xlink:href="#tok_260" value="JJ"/><!-- Although.... -->
<feat xlink:href="#tok_261" value=","/><!-- Although.... -->
<feat xlink:href="#tok_262" value="RB"/><!-- Although.... -->
<feat xlink:href="#tok_263" value="IN"/><!-- Although.... -->
<feat xlink:href="#tok_264" value="NP"/><!-- Although.... -->
<feat xlink:href="#tok_265" value=","/><!-- Although.... -->
<feat xlink:href="#tok_266" value="CC"/><!-- Although.... -->
<feat xlink:href="#tok_267" value="IN"/><!-- Although.... -->
<feat xlink:href="#tok_268" value="EX"/><!-- Although.... -->
<feat xlink:href="#tok_269" value="VBP"/><!-- Although.... -->
<feat xlink:href="#tok_270" value="NNS"/><!-- Although.... -->
<feat xlink:href="#tok_271" value="WP$"/><!-- Although.... -->
<feat xlink:href="#tok_272" value="NN"/><!-- Although.... -->
<feat xlink:href="#tok_273" value="VBZ"/><!-- Although.... -->
<feat xlink:href="#tok_274" value="VVN"/><!-- Although.... -->
<feat xlink:href="#tok_275" value="IN"/><!-- Although.... -->
<feat xlink:href="#tok_276" value="VBG"/><!-- Although.... -->
<feat xlink:href="#tok_277" value="RB"/><!-- Although.... -->
<feat xlink:href="#tok_278" value=","/><!-- Although.... -->
<feat xlink:href="#tok_279" value="PP"/><!-- Although.... -->
<feat xlink:href="#tok_280" value="MD"/><!-- Although.... -->
<feat xlink:href="#tok_281" value="VH"/><!-- Although.... -->
<feat xlink:href="#tok_282" value="NN"/><!-- Although.... -->
<feat xlink:href="#tok_283" value="TO"/><!-- Although.... -->
<feat xlink:href="#tok_284" value="VB"/><!-- Although.... -->
<feat xlink:href="#tok_285" value="RB"/><!-- Although.... -->
<feat xlink:href="#tok_286" value="SENT"/><!-- Although.... -->
<feat xlink:href="#tok_287" value="DT"/><!-- These.... -->
<feat xlink:href="#tok_288" value="NNS"/><!-- These.... -->
<feat xlink:href="#tok_289" value="VBP"/><!-- These.... -->
<feat xlink:href="#tok_290" value="VVN"/><!-- These.... -->
<feat xlink:href="#tok_291" value="IN"/><!-- These.... -->
<feat xlink:href="#tok_292" value="NN"/><!-- These.... -->
<feat xlink:href="#tok_293" value="SENT"/><!-- These.... -->
<feat xlink:href="#tok_294" value="DT"/><!-- Some...? -->
<feat xlink:href="#tok_295" value="IN"/><!-- Some...? -->
<feat xlink:href="#tok_296" value="DT"/><!-- Some...? -->
<feat xlink:href="#tok_297" value="RBS"/><!-- Some...? -->
<feat xlink:href="#tok_298" value="VVG"/><!-- Some...? -->
<feat xlink:href="#tok_299" value="NNS"/><!-- Some...? -->
<feat xlink:href="#tok_300" value="VBP"/><!-- Some...? -->
<feat xlink:href="#tok_301" value="JJ"/><!-- Some...? -->
<feat xlink:href="#tok_302" value=":"/><!-- Some...? -->
<feat xlink:href="#tok_303" value="VVP"/><!-- Some...? -->
<feat xlink:href="#tok_304" value="PP"/><!-- Some...? -->
<feat xlink:href="#tok_305" value="VV"/><!-- Some...? -->
<feat xlink:href="#tok_306" value="DT"/><!-- Some...? -->
<feat xlink:href="#tok_307" value="NN"/><!-- Some...? -->
<feat xlink:href="#tok_308" value="IN"/><!-- Some...? -->
<feat xlink:href="#tok_309" value="NN"/><!-- Some...? -->
<feat xlink:href="#tok_310" value=","/><!-- antifreeze -->
<feat xlink:href="#tok_311" value="CC"/><!-- antifreeze -->
<feat xlink:href="#tok_312" value="VBZ"/><!-- antifreeze -->
<feat xlink:href="#tok_313" value="DT"/><!-- antifreeze -->
<feat xlink:href="#tok_314" value="JJ"/><!-- antifreeze -->
<feat xlink:href="#tok_315" value="NN"/><!-- antifreeze -->
<feat xlink:href="#tok_316" value="IN"/><!-- antifreeze -->
<feat xlink:href="#tok_317" value="DT"/><!-- antifreeze -->
<feat xlink:href="#tok_318" value="NN"/><!-- antifreeze -->
<feat xlink:href="#tok_319" value="NNS"/><!-- antifreeze -->
<feat xlink:href="#tok_320" value="PP$"/><!-- antifreeze -->
<feat xlink:href="#tok_321" value="JJ"/><!-- antifreeze -->
<feat xlink:href="#tok_322" value="SENT"/><!-- antifreeze -->
<feat xlink:href="#tok_323" value="VV"/><!-- Talk.... -->
<feat xlink:href="#tok_324" value="PP"/><!-- Talk.... -->
<feat xlink:href="#tok_325" value="IN"/><!-- Talk.... -->
<feat xlink:href="#tok_326" value="DT"/><!-- Talk.... -->
<feat xlink:href="#tok_327" value="NNS"/><!-- Talk.... -->
<feat xlink:href="#tok_328" value="VVN"/><!-- Talk.... -->
<feat xlink:href="#tok_329" value="WRB"/><!-- Talk.... -->
<feat xlink:href="#tok_330" value="VVG"/><!-- Talk.... -->
<feat xlink:href="#tok_331" value="TO"/><!-- Talk.... -->
<feat xlink:href="#tok_332" value="VV"/><!-- Talk.... -->
<feat xlink:href="#tok_333" value="NNS"/><!-- Talk.... -->
<feat xlink:href="#tok_334" value="IN"/><!-- Talk.... -->
<feat xlink:href="#tok_335" value="DT"/><!-- Talk.... -->
<feat xlink:href="#tok_336" value="NNS"/><!-- Talk.... -->
<feat xlink:href="#tok_337" value="IN"/><!-- Talk.... -->
<feat xlink:href="#tok_338" value="NN"/><!-- Talk.... -->
<feat xlink:href="#tok_339" value="SENT"/><!-- Talk.... -->
<feat xlink:href="#tok_340" value="DT"/><!-- The.... -->
<feat xlink:href="#tok_341" value="NNS"/><!-- The.... -->
<feat xlink:href="#tok_342" value="PP"/><!-- The.... -->
<feat xlink:href="#tok_343" value="VHP"/><!-- The.... -->
<feat xlink:href="#tok_344" value="VBP"/><!-- The.... -->
<feat xlink:href="#tok_345" value="JJ"/><!-- The.... -->
<feat xlink:href="#tok_346" value="IN"/><!-- The.... -->
<feat xlink:href="#tok_347" value="NNS"/><!-- The.... -->
<feat xlink:href="#tok_348" value="IN"/><!-- The.... -->
<feat xlink:href="#tok_349" value="NNS"/><!-- The.... -->
<feat xlink:href="#tok_350" value="CC"/><!-- The.... -->
<feat xlink:href="#tok_351" value="PP"/><!-- The.... -->
<feat xlink:href="#tok_352" value="VBP"/><!-- The.... -->
<feat xlink:href="#tok_353" value="RB"/><!-- The.... -->
<feat xlink:href="#tok_354" value="VVN"/><!-- The.... -->
<feat xlink:href="#tok_355" value="IN"/><!-- The.... -->
<feat xlink:href="#tok_356" value="NN"/><!-- The.... -->
<feat xlink:href="#tok_357" value="("/><!-- formalin -->
<feat xlink:href="#tok_358" value="DT"/><!-- formalin -->
<feat xlink:href="#tok_359" value="NN"/><!-- formalin -->
<feat xlink:href="#tok_360" value="IN"/><!-- formalin -->
<feat xlink:href="#tok_361" value="NN"/><!-- formalin -->
<feat xlink:href="#tok_362" value="NN"/><!-- formalin -->
<feat xlink:href="#tok_363" value=")"/><!-- formalin -->
<feat xlink:href="#tok_364" value="SENT"/><!-- formalin -->
<feat xlink:href="#tok_365" value="DT"/><!-- The.... -->
<feat xlink:href="#tok_366" value="NN"/><!-- The.... -->
<feat xlink:href="#tok_367" value="VBZ"/><!-- The.... -->
<feat xlink:href="#tok_368" value="JJ"/><!-- The.... -->
<feat xlink:href="#tok_369" value="IN"/><!-- The.... -->
<feat xlink:href="#tok_370" value="VVG"/><!-- The.... -->
<feat xlink:href="#tok_371" value="NNS"/><!-- The.... -->
<feat xlink:href="#tok_372" value=","/><!-- The.... -->
<feat xlink:href="#tok_373" value="CC"/><!-- The.... -->
<feat xlink:href="#tok_374" value="IN"/><!-- The.... -->
<feat xlink:href="#tok_375" value="NNS"/><!-- The.... -->
<feat xlink:href="#tok_376" value=","/><!-- The.... -->
<feat xlink:href="#tok_377" value="PP"/><!-- The.... -->
<feat xlink:href="#tok_378" value="VVZ"/><!-- The.... -->
<feat xlink:href="#tok_379" value="NN"/><!-- The.... -->
<feat xlink:href="#tok_380" value="IN"/><!-- The.... -->
<feat xlink:href="#tok_381" value="NN"/><!-- The.... -->
<feat xlink:href="#tok_382" value="CC"/><!-- The.... -->
<feat xlink:href="#tok_383" value="IN"/><!-- The.... -->
<feat xlink:href="#tok_384" value="DT"/><!-- The.... -->
<feat xlink:href="#tok_385" value="NN"/><!-- The.... -->
<feat xlink:href="#tok_386" value="IN"/><!-- The.... -->
<feat xlink:href="#tok_387" value="DT"/><!-- The.... -->
<feat xlink:href="#tok_388" value="NN"/><!-- The.... -->
<feat xlink:href="#tok_389" value="SENT"/><!-- The.... -->
<feat xlink:href="#tok_390" value="DT"/><!-- This.... -->
<feat xlink:href="#tok_391" value="VVZ"/><!-- This.... -->
<feat xlink:href="#tok_392" value="PP"/><!-- This.... -->
<feat xlink:href="#tok_393" value="MD"/><!-- This.... -->
<feat xlink:href="#tok_394" value="RB"/><!-- This.... -->
<feat xlink:href="#tok_395" value="VV"/><!-- This.... -->
<feat xlink:href="#tok_396" value="IN"/><!-- This.... -->
<feat xlink:href="#tok_397" value="DT"/><!-- This.... -->
<feat xlink:href="#tok_398" value="NN"/><!-- This.... -->
<feat xlink:href="#tok_399" value="PP"/><!-- This.... -->
<feat xlink:href="#tok_400" value="VVP"/><!-- This.... -->
<feat xlink:href="#tok_401" value="IN"/><!-- This.... -->
<feat xlink:href="#tok_402" value="DT"/><!-- This.... -->
<feat xlink:href="#tok_403" value="NNS"/><!-- This.... -->
<feat xlink:href="#tok_404" value="SENT"/><!-- This.... -->
<feat xlink:href="#tok_405" value="WP"/><!-- What.... -->
<feat xlink:href="#tok_406" value="PP"/><!-- What.... -->
<feat xlink:href="#tok_407" value="MD"/><!-- What.... -->
<feat xlink:href="#tok_408" value="VV"/><!-- What.... -->
<feat xlink:href="#tok_409" value=","/><!-- What.... -->
<feat xlink:href="#tok_410" value="RB"/><!-- What.... -->
<feat xlink:href="#tok_411" value=","/><!-- What.... -->
<feat xlink:href="#tok_412" value="VBD"/><!-- What.... -->
<feat xlink:href="#tok_413" value="TO"/><!-- What.... -->
<feat xlink:href="#tok_414" value="VV"/><!-- What.... -->
<feat xlink:href="#tok_415" value="NN"/><!-- What.... -->
<feat xlink:href="#tok_416" value="CC"/><!-- What.... -->
<feat xlink:href="#tok_417" value="VV"/><!-- What.... -->
<feat xlink:href="#tok_418" value="RP"/><!-- What.... -->
<feat xlink:href="#tok_419" value="WP"/><!-- What.... -->
<feat xlink:href="#tok_420" value="PP"/><!-- What.... -->
<feat xlink:href="#tok_421" value="VBZ"/><!-- What.... -->
<feat xlink:href="#tok_422" value=","/><!-- What.... -->
<feat xlink:href="#tok_423" value="RB"/><!-- What.... -->
<feat xlink:href="#tok_424" value="IN/that"/><!-- What.... -->
<feat xlink:href="#tok_425" value="WRB"/><!-- What.... -->
<feat xlink:href="#tok_426" value="PP"/><!-- What.... -->
<feat xlink:href="#tok_427" value="VHP"/><!-- What.... -->
<feat xlink:href="#tok_428" value="NNS"/><!-- What.... -->
<feat xlink:href="#tok_429" value="VVN"/><!-- What.... -->
<feat xlink:href="#tok_430" value="IN"/><!-- What.... -->
<feat xlink:href="#tok_431" value="VVG"/><!-- What.... -->
<feat xlink:href="#tok_432" value="FW"/><!-- What.... -->
<feat xlink:href="#tok_433" value=","/><!-- What.... -->
<feat xlink:href="#tok_434" value="DT"/><!-- What.... -->
<feat xlink:href="#tok_435" value="NN"/><!-- What.... -->
<feat xlink:href="#tok_436" value=","/><!-- genome -->
<feat xlink:href="#tok_437" value="NN"/><!-- genome -->
<feat xlink:href="#tok_438" value=","/><!-- transcriptome -->
<feat xlink:href="#tok_439" value="CC"/><!-- transcriptome -->
<feat xlink:href="#tok_440" value="NN"/><!-- transcriptome -->
<feat xlink:href="#tok_441" value=","/><!-- metabolome -->
<feat xlink:href="#tok_442" value="CC"/><!-- metabolome -->
<feat xlink:href="#tok_443" value="VV"/><!-- metabolome -->
<feat xlink:href="#tok_444" value="NNS"/><!-- metabolome -->
<feat xlink:href="#tok_445" value="IN"/><!-- metabolome -->
<feat xlink:href="#tok_446" value="DT"/><!-- metabolome -->
<feat xlink:href="#tok_447" value="NN"/><!-- metabolome -->
<feat xlink:href="#tok_448" value="IN"/><!-- metabolome -->
<feat xlink:href="#tok_449" value="DT"/><!-- metabolome -->
<feat xlink:href="#tok_450" value="NNS"/><!-- metabolome -->
<feat xlink:href="#tok_451" value="CC"/><!-- metabolome -->
<feat xlink:href="#tok_452" value="IN"/><!-- metabolome -->
<feat xlink:href="#tok_453" value="DT"/><!-- metabolome -->
<feat xlink:href="#tok_454" value="NNS"/><!-- metabolome -->
<feat xlink:href="#tok_455" value="PP"/><!-- metabolome -->
<feat xlink:href="#tok_456" value=","/><!-- metabolome -->
<feat xlink:href="#tok_457" value="PP"/><!-- metabolome -->
<feat xlink:href="#tok_458" value="MD"/><!-- metabolome -->
<feat xlink:href="#tok_459" value="VV"/><!-- metabolome -->
<feat xlink:href="#tok_460" value="JJ"/><!-- metabolome -->
<feat xlink:href="#tok_461" value="NNS"/><!-- metabolome -->
<feat xlink:href="#tok_462" value=","/><!-- metabolome -->
<feat xlink:href="#tok_463" value="CC"/><!-- metabolome -->
<feat xlink:href="#tok_464" value="VV"/><!-- metabolome -->
<feat xlink:href="#tok_465" value="RP"/><!-- metabolome -->
<feat xlink:href="#tok_466" value="WP"/><!-- metabolome -->
<feat xlink:href="#tok_467" value="DT"/><!-- metabolome -->
<feat xlink:href="#tok_468" value="NNS"/><!-- metabolome -->
<feat xlink:href="#tok_469" value="VHP"/><!-- metabolome -->
<feat xlink:href="#tok_470" value="CC"/><!-- metabolome -->
<feat xlink:href="#tok_471" value="VV"/><!-- metabolome -->
<feat xlink:href="#tok_472" value="("/><!-- metabolome -->
<feat xlink:href="#tok_473" value="RB"/><!-- metabolome -->
<feat xlink:href="#tok_474" value="CC"/><!-- metabolome -->
<feat xlink:href="#tok_475" value="RB"/><!-- metabolome -->
<feat xlink:href="#tok_476" value=")"/><!-- metabolome -->
<feat xlink:href="#tok_477" value="WDT"/><!-- metabolome -->
<feat xlink:href="#tok_478" value="VVZ"/><!-- metabolome -->
<feat xlink:href="#tok_479" value="PP"/><!-- metabolome -->
<feat xlink:href="#tok_480" value="VV"/><!-- metabolome -->
<feat xlink:href="#tok_481" value="WRB"/><!-- metabolome -->
<feat xlink:href="#tok_482" value="PP"/><!-- metabolome -->
<feat xlink:href="#tok_483" value="VVP"/><!-- metabolome -->
<feat xlink:href="#tok_484" value="SENT"/><!-- metabolome -->
<feat xlink:href="#tok_485" value="RB"/><!-- Just...- -->
<feat xlink:href="#tok_486" value="VVG"/><!-- Just.... -->
<feat xlink:href="#tok_487" value="DT"/><!-- Just.... -->
<feat xlink:href="#tok_488" value="JJ"/><!-- Just.... -->
<feat xlink:href="#tok_489" value="NN"/><!-- Just.... -->
<feat xlink:href="#tok_490" value="IN"/><!-- Just.... -->
<feat xlink:href="#tok_491" value="DT"/><!-- Just.... -->
<feat xlink:href="#tok_492" value="JJ"/><!-- Just.... -->
<feat xlink:href="#tok_493" value="NN"/><!-- Just.... -->
<feat xlink:href="#tok_494" value="VBZ"/><!-- Just.... -->
<feat xlink:href="#tok_495" value="RB"/><!-- Just.... -->
<feat xlink:href="#tok_496" value="RB"/><!-- Just.... -->
<feat xlink:href="#tok_497" value="JJ"/><!-- Just.... -->
<feat xlink:href="#tok_498" value=","/><!-- Just.... -->
<feat xlink:href="#tok_499" value="RB"/><!-- Just.... -->
<feat xlink:href="#tok_500" value="IN"/><!-- Just.... -->
<feat xlink:href="#tok_501" value="DT"/><!-- Just.... -->
<feat xlink:href="#tok_502" value="NN"/><!-- Just.... -->
<feat xlink:href="#tok_503" value="VBZ"/><!-- Just.... -->
<feat xlink:href="#tok_504" value="RB"/><!-- Just.... -->
<feat xlink:href="#tok_505" value="JJ"/><!-- Just.... -->
<feat xlink:href="#tok_506" value="IN"/><!-- Just.... -->
<feat xlink:href="#tok_507" value="DT"/><!-- Just.... -->
<feat xlink:href="#tok_508" value="RB"/><!-- Just.... -->
<feat xlink:href="#tok_509" value="VBP"/><!-- Just.... -->
<feat xlink:href="#tok_510" value="SENT"/><!-- Just.... -->
<feat xlink:href="#tok_511" value="PP"/><!-- we.... -->
<feat xlink:href="#tok_512" value="VVP"/><!-- we.... -->
<feat xlink:href="#tok_513" value="TO"/><!-- we.... -->
<feat xlink:href="#tok_514" value="VV"/><!-- we.... -->
<feat xlink:href="#tok_515" value="WP"/><!-- we.... -->
<feat xlink:href="#tok_516" value="IN"/><!-- we.... -->
<feat xlink:href="#tok_517" value="PP"/><!-- we.... -->
<feat xlink:href="#tok_518" value="VBZ"/><!-- we.... -->
<feat xlink:href="#tok_519" value="JJ"/><!-- we.... -->
<feat xlink:href="#tok_520" value="CC"/><!-- we.... -->
<feat xlink:href="#tok_521" value="RB"/><!-- we.... -->
<feat xlink:href="#tok_522" value="VVN"/><!-- we.... -->
<feat xlink:href="#tok_523" value="TO"/><!-- we.... -->
<feat xlink:href="#tok_524" value="VVG"/><!-- we.... -->
<feat xlink:href="#tok_525" value="IN"/><!-- we.... -->
<feat xlink:href="#tok_526" value="DT"/><!-- we.... -->
<feat xlink:href="#tok_527" value="JJ"/><!-- we.... -->
<feat xlink:href="#tok_528" value="NN"/><!-- we.... -->
<feat xlink:href="#tok_529" value="SENT"/><!-- we.... -->
<feat xlink:href="#tok_530" value="DT"/><!-- The.... -->
<feat xlink:href="#tok_531" value="JJ"/><!-- The.... -->
<feat xlink:href="#tok_532" value="NN"/><!-- The.... -->
<feat xlink:href="#tok_533" value="TO"/><!-- The.... -->
<feat xlink:href="#tok_534" value="VV"/><!-- The.... -->
<feat xlink:href="#tok_535" value="IN"/><!-- The.... -->
<feat xlink:href="#tok_536" value="WP"/><!-- The.... -->
<feat xlink:href="#tok_537" value="VBZ"/><!-- The.... -->
<feat xlink:href="#tok_538" value="JJ"/><!-- The.... -->
<feat xlink:href="#tok_539" value="VBZ"/><!-- The.... -->
<feat xlink:href="#tok_540" value="TO"/><!-- The.... -->
<feat xlink:href="#tok_541" value="VV"/><!-- The.... -->
<feat xlink:href="#tok_542" value="NNS"/><!-- The.... -->
<feat xlink:href="#tok_543" value="IN"/><!-- The.... -->
<feat xlink:href="#tok_544" value="JJ"/><!-- The.... -->
<feat xlink:href="#tok_545" value="NNS"/><!-- The.... -->
<feat xlink:href="#tok_546" value="SENT"/><!-- The.... -->
<feat xlink:href="#tok_547" value="PP"/><!-- We.... -->
<feat xlink:href="#tok_548" value="MD"/><!-- We.... -->
<feat xlink:href="#tok_549" value="VV"/><!-- We.... -->
<feat xlink:href="#tok_550" value="DT"/><!-- We.... -->
<feat xlink:href="#tok_551" value="NN"/><!-- We.... -->
<feat xlink:href="#tok_552" value="IN"/><!-- We.... -->
<feat xlink:href="#tok_553" value="DT"/><!-- We.... -->
<feat xlink:href="#tok_554" value="NN"/><!-- We.... -->
<feat xlink:href="#tok_555" value="RB"/><!-- We.... -->
<feat xlink:href="#tok_556" value=","/><!-- We.... -->
<feat xlink:href="#tok_557" value="VVG"/><!-- We.... -->
<feat xlink:href="#tok_558" value="VHG"/><!-- We.... -->
<feat xlink:href="#tok_559" value="JJR"/><!-- We.... -->
<feat xlink:href="#tok_560" value="NNS"/><!-- We.... -->
<feat xlink:href="#tok_561" value="IN"/><!-- We.... -->
<feat xlink:href="#tok_562" value="DT"/><!-- We.... -->
<feat xlink:href="#tok_563" value="NN"/><!-- We.... -->
<feat xlink:href="#tok_564" value="SENT"/><!-- We.... -->
<feat xlink:href="#tok_565" value="IN"/><!-- In...- -->
<feat xlink:href="#tok_566" value="NNS"/><!-- In.... -->
<feat xlink:href="#tok_567" value="IN"/><!-- In.... -->
<feat xlink:href="#tok_568" value="PP$"/><!-- In.... -->
<feat xlink:href="#tok_569" value="NN"/><!-- In.... -->
<feat xlink:href="#tok_570" value=","/><!-- In.... -->
<feat xlink:href="#tok_571" value="PP"/><!-- In.... -->
<feat xlink:href="#tok_572" value="VVP"/><!-- In.... -->
<feat xlink:href="#tok_573" value="IN/that"/><!-- In.... -->
<feat xlink:href="#tok_574" value="PP"/><!-- In.... -->
<feat xlink:href="#tok_575" value="VBZ"/><!-- In.... -->
<feat xlink:href="#tok_576" value="RB"/><!-- In.... -->
<feat xlink:href="#tok_577" value="PP"/><!-- In.... -->
<feat xlink:href="#tok_578" value="SENT"/><!-- In.... -->
<feat xlink:href="#tok_579" value="IN"/><!-- although.... -->
<feat xlink:href="#tok_580" value="NN"/><!-- although.... -->
<feat xlink:href="#tok_581" value="VBZ"/><!-- although.... -->
<feat xlink:href="#tok_582" value="JJ"/><!-- although.... -->
<feat xlink:href="#tok_583" value="IN"/><!-- although.... -->
<feat xlink:href="#tok_584" value="NN"/><!-- although.... -->
<feat xlink:href="#tok_585" value="NNS"/><!-- although.... -->
<feat xlink:href="#tok_586" value=","/><!-- although.... -->
<feat xlink:href="#tok_587" value="PP"/><!-- although.... -->
<feat xlink:href="#tok_588" value="VVP"/><!-- although.... -->
<feat xlink:href="#tok_589" value="RB"/><!-- although.... -->
<feat xlink:href="#tok_590" value="RB"/><!-- although.... -->
<feat xlink:href="#tok_591" value="VV"/><!-- although.... -->
<feat xlink:href="#tok_592" value="NN"/><!-- although.... -->
<feat xlink:href="#tok_593" value="PP"/><!-- although.... -->
<feat xlink:href="#tok_594" value="SENT"/><!-- although.... -->
<feat xlink:href="#tok_595" value="PP"/><!-- They.... -->
<feat xlink:href="#tok_596" value="VVP"/><!-- They.... -->
<feat xlink:href="#tok_597" value="VV"/><!-- They.... -->
<feat xlink:href="#tok_598" value="DT"/><!-- They.... -->
<feat xlink:href="#tok_599" value="NN"/><!-- They.... -->
<feat xlink:href="#tok_600" value="IN"/><!-- They.... -->
<feat xlink:href="#tok_601" value="JJ"/><!-- They.... -->
<feat xlink:href="#tok_602" value="NNS"/><!-- They.... -->
<feat xlink:href="#tok_603" value=","/><!-- They.... -->
<feat xlink:href="#tok_604" value="CC"/><!-- They.... -->
<feat xlink:href="#tok_605" value="DT"/><!-- They.... -->
<feat xlink:href="#tok_606" value="MD"/><!-- They.... -->
<feat xlink:href="#tok_607" value="VV"/><!-- They.... -->
<feat xlink:href="#tok_608" value="IN"/><!-- They.... -->
<feat xlink:href="#tok_609" value="DT"/><!-- They.... -->
<feat xlink:href="#tok_610" value="NN"/><!-- They.... -->
<feat xlink:href="#tok_611" value="IN"/><!-- They.... -->
<feat xlink:href="#tok_612" value="DT"/><!-- They.... -->
<feat xlink:href="#tok_613" value="NN"/><!-- They.... -->
<feat xlink:href="#tok_614" value="TO"/><!-- They.... -->
<feat xlink:href="#tok_615" value="VV"/><!-- They.... -->
<feat xlink:href="#tok_616" value="DT"/><!-- They.... -->
<feat xlink:href="#tok_617" value="JJ"/><!-- They.... -->
<feat xlink:href="#tok_618" value="NN"/><!-- They.... -->
<feat xlink:href="#tok_619" value="SENT"/><!-- They.... -->
<feat xlink:href="#tok_620" value="WP"/><!-- What...? -->
<feat xlink:href="#tok_621" value="NN"/><!-- What...? -->
<feat xlink:href="#tok_622" value="VVD"/><!-- What...? -->
<feat xlink:href="#tok_623" value="PP"/><!-- What...? -->
<feat xlink:href="#tok_624" value="VV"/><!-- What...? -->
<feat xlink:href="#tok_625" value="IN"/><!-- What...? -->
<feat xlink:href="#tok_626" value="DT"/><!-- What...? -->
<feat xlink:href="#tok_627" value="NNS"/><!-- What...? -->
<feat xlink:href="#tok_628" value="CC"/><!-- What...? -->
<feat xlink:href="#tok_629" value="WP"/><!-- What...? -->
<feat xlink:href="#tok_630" value="NN"/><!-- What...? -->
<feat xlink:href="#tok_631" value="VBD"/><!-- What...? -->
<feat xlink:href="#tok_632" value="VVN"/><!-- What...? -->
<feat xlink:href="#tok_633" value="SENT"/><!-- What...? -->
<feat xlink:href="#tok_634" value="PP"/><!-- I.... -->
<feat xlink:href="#tok_635" value="VVD"/><!-- I.... -->
<feat xlink:href="#tok_636" value="DT"/><!-- I.... -->
<feat xlink:href="#tok_637" value="VVG"/><!-- I.... -->
<feat xlink:href="#tok_638" value="NN"/><!-- I.... -->
<feat xlink:href="#tok_639" value="TO"/><!-- I.... -->
<feat xlink:href="#tok_640" value="VV"/><!-- I.... -->
<feat xlink:href="#tok_641" value="IN"/><!-- I.... -->
<feat xlink:href="#tok_642" value="DT"/><!-- I.... -->
<feat xlink:href="#tok_643" value="NN"/><!-- I.... -->
<feat xlink:href="#tok_644" value="POS"/><!-- I.... -->
<feat xlink:href="#tok_645" value="JJ"/><!-- I.... -->
<feat xlink:href="#tok_646" value="NN"/><!-- I.... -->
<feat xlink:href="#tok_647" value="CC"/><!-- I.... -->
<feat xlink:href="#tok_648" value="JJ"/><!-- I.... -->
<feat xlink:href="#tok_649" value="NN"/><!-- I.... -->
<feat xlink:href="#tok_650" value="NN"/><!-- I.... -->
<feat xlink:href="#tok_651" value="("/><!-- I.... -->
<feat xlink:href="#tok_652" value="NN"/><!-- I.... -->
<feat xlink:href="#tok_653" value="IN"/><!-- I.... -->
<feat xlink:href="#tok_654" value="CD"/><!-- I.... -->
<feat xlink:href="#tok_655" value="NN"/><!-- I.... -->
<feat xlink:href="#tok_656" value=")"/><!-- I.... -->
<feat xlink:href="#tok_657" value="SENT"/><!-- I.... -->
<feat xlink:href="#tok_658" value="PP"/><!-- I...microscope -->
<feat xlink:href="#tok_659" value="VVD"/><!-- I...microscope -->
<feat xlink:href="#tok_660" value="DT"/><!-- I...microscope -->
<feat xlink:href="#tok_661" value="JJ"/><!-- I...microscope -->
<feat xlink:href="#tok_662" value="IN"/><!-- I...microscope -->
<feat xlink:href="#tok_663" value="DT"/><!-- I...microscope -->
<feat xlink:href="#tok_664" value="NNS"/><!-- I...microscope -->
<feat xlink:href="#tok_665" value="IN"/><!-- I...microscope -->
<feat xlink:href="#tok_666" value="NN"/><!-- I...microscope -->
<feat xlink:href="#tok_667" value="CC"/><!-- I...microscope -->
<feat xlink:href="#tok_668" value="RB"/><!-- I...microscope -->
<feat xlink:href="#tok_669" value="VVD"/><!-- I...microscope -->
<feat xlink:href="#tok_670" value="PP"/><!-- I...microscope -->
<feat xlink:href="#tok_671" value="IN"/><!-- I...microscope -->
<feat xlink:href="#tok_672" value="RB"/><!-- I...microscope -->
<feat xlink:href="#tok_673" value="JJ"/><!-- I...microscope -->
<feat xlink:href="#tok_674" value="NNS"/><!-- I...microscope -->
<feat xlink:href="#tok_675" value="VVG"/><!-- I...microscope -->
<feat xlink:href="#tok_676" value="DT"/><!-- I...microscope -->
<feat xlink:href="#tok_677" value="NN"/><!-- I...microscope -->
<feat xlink:href="#tok_678" value=","/><!-- microtome -->
<feat xlink:href="#tok_679" value="VVD"/><!-- microtome -->
<feat xlink:href="#tok_680" value="DT"/><!-- microtome -->
<feat xlink:href="#tok_681" value="NNS"/><!-- microtome -->
<feat xlink:href="#tok_682" value="IN"/><!-- microtome -->
<feat xlink:href="#tok_683" value="NN"/><!-- microtome -->
<feat xlink:href="#tok_684" value="NNS"/><!-- microtome -->
<feat xlink:href="#tok_685" value=","/><!-- microtome -->
<feat xlink:href="#tok_686" value="VVD"/><!-- microtome -->
<feat xlink:href="#tok_687" value="DT"/><!-- microtome -->
<feat xlink:href="#tok_688" value="NNS"/><!-- microtome -->
<feat xlink:href="#tok_689" value="TO"/><!-- microtome -->
<feat xlink:href="#tok_690" value="VV"/><!-- microtome -->
<feat xlink:href="#tok_691" value="NN"/><!-- microtome -->
<feat xlink:href="#tok_692" value=","/><!-- microtome -->
<feat xlink:href="#tok_693" value="CC"/><!-- microtome -->
<feat xlink:href="#tok_694" value="RB"/><!-- microtome -->
<feat xlink:href="#tok_695" value="VVD"/><!-- microtome -->
<feat xlink:href="#tok_696" value="IN"/><!-- microtome -->
<feat xlink:href="#tok_697" value="DT"/><!-- microtome -->
<feat xlink:href="#tok_698" value="NNS"/><!-- microtome -->
<feat xlink:href="#tok_699" value="IN"/><!-- microtome -->
<feat xlink:href="#tok_700" value="DT"/><!-- microtome -->
<feat xlink:href="#tok_701" value="JJ"/><!-- microtome -->
<feat xlink:href="#tok_702" value="NN"/><!-- compound -->
<feat xlink:href="#tok_703" value="("/><!-- (.... -->
<feat xlink:href="#tok_704" value="DT"/><!-- (.... -->
<feat xlink:href="#tok_705" value="VBZ"/><!-- (.... -->
<feat xlink:href="#tok_706" value="WRB"/><!-- (.... -->
<feat xlink:href="#tok_707" value="PP"/><!-- (.... -->
<feat xlink:href="#tok_708" value="VVD"/><!-- (.... -->
<feat xlink:href="#tok_709" value="DT"/><!-- (.... -->
<feat xlink:href="#tok_710" value="NNS"/><!-- (.... -->
<feat xlink:href="#tok_711" value="IN"/><!-- (.... -->
<feat xlink:href="#tok_712" value="DT"/><!-- (.... -->
<feat xlink:href="#tok_713" value="NNS"/><!-- (.... -->
<feat xlink:href="#tok_714" value="FW"/><!-- (.... -->
<feat xlink:href="#tok_715" value="IN"/><!-- etc -->
<feat xlink:href="#tok_716" value="DT"/><!-- etc -->
<feat xlink:href="#tok_717" value="NN"/><!-- etc -->
<feat xlink:href="#tok_718" value=")"/><!-- etc -->
<feat xlink:href="#tok_719" value="SENT"/><!-- etc -->
<feat xlink:href="#tok_720" value="PP"/><!-- I.... -->
<feat xlink:href="#tok_721" value="VVD"/><!-- I.... -->
<feat xlink:href="#tok_722" value="DT"/><!-- I.... -->
<feat xlink:href="#tok_723" value="JJ"/><!-- I.... -->
<feat xlink:href="#tok_724" value="JJ"/><!-- I.... -->
<feat xlink:href="#tok_725" value="NN"/><!-- I.... -->
<feat xlink:href="#tok_726" value="TO"/><!-- I.... -->
<feat xlink:href="#tok_727" value="VV"/><!-- I.... -->
<feat xlink:href="#tok_728" value="IN"/><!-- I.... -->
<feat xlink:href="#tok_729" value="VVN"/><!-- I.... -->
<feat xlink:href="#tok_730" value="NNS"/><!-- I.... -->
<feat xlink:href="#tok_731" value="IN"/><!-- I.... -->
<feat xlink:href="#tok_732" value="NN"/><!-- I.... -->
<feat xlink:href="#tok_733" value="TO"/><!-- I.... -->
<feat xlink:href="#tok_734" value="VV"/><!-- I.... -->
<feat xlink:href="#tok_735" value="DT"/><!-- I.... -->
<feat xlink:href="#tok_736" value="VVG"/><!-- I.... -->
<feat xlink:href="#tok_737" value="NNS"/><!-- I.... -->
<feat xlink:href="#tok_738" value="("/><!-- I.... -->
<feat xlink:href="#tok_739" value="SYM"/><!-- I.... -->
<feat xlink:href="#tok_740" value="NNS"/><!-- I.... -->
<feat xlink:href="#tok_741" value=")"/><!-- nematocysts -->
<feat xlink:href="#tok_742" value="SENT"/><!-- nematocysts -->
<feat xlink:href="#tok_743" value="PP"/><!-- I.... -->
<feat xlink:href="#tok_744" value="VVD"/><!-- I.... -->
<feat xlink:href="#tok_745" value="DT"/><!-- I.... -->
<feat xlink:href="#tok_746" value="NNS"/><!-- I.... -->
<feat xlink:href="#tok_747" value="PP"/><!-- I.... -->
<feat xlink:href="#tok_748" value="VVD"/><!-- I.... -->
<feat xlink:href="#tok_749" value="IN"/><!-- I.... -->
<feat xlink:href="#tok_750" value="DT"/><!-- I.... -->
<feat xlink:href="#tok_751" value="NNS"/><!-- I.... -->
<feat xlink:href="#tok_752" value="TO"/><!-- I.... -->
<feat xlink:href="#tok_753" value="WP"/><!-- I.... -->
<feat xlink:href="#tok_754" value="VHD"/><!-- I.... -->
<feat xlink:href="#tok_755" value="VBN"/><!-- I.... -->
<feat xlink:href="#tok_756" value="VVN"/><!-- I.... -->
<feat xlink:href="#tok_757" value="IN"/><!-- I.... -->
<feat xlink:href="#tok_758" value="JJ"/><!-- I.... -->
<feat xlink:href="#tok_759" value="NNS"/><!-- I.... -->
<feat xlink:href="#tok_760" value="IN"/><!-- I.... -->
<feat xlink:href="#tok_761" value="DT"/><!-- I.... -->
<feat xlink:href="#tok_762" value="NN"/><!-- I.... -->
<feat xlink:href="#tok_763" value="SENT"/><!-- I.... -->
<feat xlink:href="#tok_764" value="DT"/><!-- This...! -->
<feat xlink:href="#tok_765" value="NN"/><!-- This...! -->
<feat xlink:href="#tok_766" value="VVZ"/><!-- This...! -->
<feat xlink:href="#tok_767" value="JJ"/><!-- This...! -->
<feat xlink:href="#tok_768" value=","/><!-- This...! -->
<feat xlink:href="#tok_769" value="CC"/><!-- This...! -->
<feat xlink:href="#tok_770" value="PP"/><!-- This...! -->
<feat xlink:href="#tok_771" value="VBZ"/><!-- This...! -->
<feat xlink:href="#tok_772" value="RB"/><!-- This...! -->
<feat xlink:href="#tok_773" value="DT"/><!-- This...! -->
<feat xlink:href="#tok_774" value="RBS"/><!-- This...! -->
<feat xlink:href="#tok_775" value="JJ"/><!-- This...! -->
<feat xlink:href="#tok_776" value="NN"/><!-- This...! -->
<feat xlink:href="#tok_777" value="SENT"/><!-- This...! -->
<feat xlink:href="#tok_778" value="IN"/><!-- By.... -->
<feat xlink:href="#tok_779" value="VVG"/><!-- By.... -->
<feat xlink:href="#tok_780" value="PP$"/><!-- By.... -->
<feat xlink:href="#tok_781" value="NNS"/><!-- By.... -->
<feat xlink:href="#tok_782" value="TO"/><!-- By.... -->
<feat xlink:href="#tok_783" value="WP"/><!-- By.... -->
<feat xlink:href="#tok_784" value="PP$"/><!-- By.... -->
<feat xlink:href="#tok_785" value="NNS"/><!-- By.... -->
<feat xlink:href="#tok_786" value="CC"/><!-- By.... -->
<feat xlink:href="#tok_787" value="NNS"/><!-- By.... -->
<feat xlink:href="#tok_788" value="VHD"/><!-- By.... -->
<feat xlink:href="#tok_789" value="VVN"/><!-- By.... -->
<feat xlink:href="#tok_790" value=","/><!-- By.... -->
<feat xlink:href="#tok_791" value="PP"/><!-- By.... -->
<feat xlink:href="#tok_792" value="VVD"/><!-- By.... -->
<feat xlink:href="#tok_793" value="RP"/><!-- By.... -->
<feat xlink:href="#tok_794" value="WP"/><!-- By.... -->
<feat xlink:href="#tok_795" value="NN"/><!-- By.... -->
<feat xlink:href="#tok_796" value="PP"/><!-- By.... -->
<feat xlink:href="#tok_797" value="VVZ"/><!-- By.... -->
<feat xlink:href="#tok_798" value="TO"/><!-- By.... -->
<feat xlink:href="#tok_799" value=","/><!-- By.... -->
<feat xlink:href="#tok_800" value="CC"/><!-- By.... -->
<feat xlink:href="#tok_801" value="VBD"/><!-- By.... -->
<feat xlink:href="#tok_802" value="JJ"/><!-- By.... -->
<feat xlink:href="#tok_803" value="TO"/><!-- By.... -->
<feat xlink:href="#tok_804" value="VV"/><!-- By.... -->
<feat xlink:href="#tok_805" value="IN/that"/><!-- By.... -->
<feat xlink:href="#tok_806" value="IN"/><!-- By.... -->
<feat xlink:href="#tok_807" value="DT"/><!-- By.... -->
<feat xlink:href="#tok_808" value="NN"/><!-- By.... -->
<feat xlink:href="#tok_809" value=","/><!-- By.... -->
<feat xlink:href="#tok_810" value="PP"/><!-- By.... -->
<feat xlink:href="#tok_811" value="VBD"/><!-- By.... -->
<feat xlink:href="#tok_812" value="DT"/><!-- By.... -->
<feat xlink:href="#tok_813" value="JJ"/><!-- By.... -->
<feat xlink:href="#tok_814" value="NN"/><!-- By.... -->
<feat xlink:href="#tok_815" value="SENT"/><!-- By.... -->
<feat xlink:href="#tok_816" value="PP"/><!-- It...? -->
<feat xlink:href="#tok_817" value="VBD"/><!-- It...? -->
<feat xlink:href="#tok_818" value="CD"/><!-- It...? -->
<feat xlink:href="#tok_819" value="NNS"/><!-- It...? -->
<feat xlink:href="#tok_820" value="IN"/><!-- It...? -->
<feat xlink:href="#tok_821" value="NN"/><!-- It...? -->
<feat xlink:href="#tok_822" value="IN"/><!-- It...? -->
<feat xlink:href="#tok_823" value="NNS"/><!-- It...? -->
<feat xlink:href="#tok_824" value="CC"/><!-- It...? -->
<feat xlink:href="#tok_825" value="JJ"/><!-- It...? -->
<feat xlink:href="#tok_826" value="NN"/><!-- It...? -->
<feat xlink:href="#tok_827" value=","/><!-- It...? -->
<feat xlink:href="#tok_828" value="WRB"/><!-- It...? -->
<feat xlink:href="#tok_829" value="VVD"/><!-- It...? -->
<feat xlink:href="#tok_830" value="PP"/><!-- It...? -->
<feat xlink:href="#tok_831" value="VV"/><!-- It...? -->
<feat xlink:href="#tok_832" value="RB"/><!-- It...? -->
<feat xlink:href="#tok_833" value="RB"/><!-- It...? -->
<feat xlink:href="#tok_834" value="SENT"/><!-- It...? -->
<feat xlink:href="#tok_835" value="PP"/><!-- You...:) -->
<feat xlink:href="#tok_836" value="VVP"/><!-- You.... -->
<feat xlink:href="#tok_837" value=","/><!-- You.... -->
<feat xlink:href="#tok_838" value="WRB"/><!-- You.... -->
<feat xlink:href="#tok_839" value="VVD"/><!-- You.... -->
<feat xlink:href="#tok_840" value="PP"/><!-- You.... -->
<feat xlink:href="#tok_841" value="VV"/><!-- You.... -->
<feat xlink:href="#tok_842" value="TO"/><!-- You.... -->
<feat xlink:href="#tok_843" value="VV"/><!-- You.... -->
<feat xlink:href="#tok_844" value="PP"/><!-- You.... -->
<feat xlink:href="#tok_845" value="RB"/><!-- You.... -->
<feat xlink:href="#tok_846" value="VV"/><!-- You.... -->
<feat xlink:href="#tok_847" value="RB"/><!-- You.... -->
<feat xlink:href="#tok_848" value="RB"/><!-- You.... -->
<feat xlink:href="#tok_849" value=","/><!-- You.... -->
<feat xlink:href="#tok_850" value="JJ"/><!-- You.... -->
<feat xlink:href="#tok_851" value="SENT"/><!-- You.... -->
<feat xlink:href="#tok_852" value="SYM"/><!-- You.... -->
<feat xlink:href="#tok_853" value="PP"/><!-- It.... -->
<feat xlink:href="#tok_854" value="VBD"/><!-- It.... -->
<feat xlink:href="#tok_855" value="RB"/><!-- It.... -->
<feat xlink:href="#tok_856" value="CD"/><!-- It.... -->
<feat xlink:href="#tok_857" value="NNS"/><!-- It.... -->
<feat xlink:href="#tok_858" value="IN"/><!-- It.... -->
<feat xlink:href="#tok_859" value="WRB"/><!-- It.... -->
<feat xlink:href="#tok_860" value="NP"/><!-- It.... -->
<feat xlink:href="#tok_861" value="VVD"/><!-- It.... -->
<feat xlink:href="#tok_862" value="PP"/><!-- It.... -->
<feat xlink:href="#tok_863" value="NNS"/><!-- It.... -->
<feat xlink:href="#tok_864" value="TO"/><!-- It.... -->
<feat xlink:href="#tok_865" value="WRB"/><!-- It.... -->
<feat xlink:href="#tok_866" value="PP"/><!-- It.... -->
<feat xlink:href="#tok_867" value="VVD"/><!-- It.... -->
<feat xlink:href="#tok_868" value="DT"/><!-- It.... -->
<feat xlink:href="#tok_869" value="NN"/><!-- It.... -->
<feat xlink:href="#tok_870" value="RP"/><!-- It.... -->
<feat xlink:href="#tok_871" value="SENT"/><!-- It.... -->
<feat xlink:href="#tok_872" value="DT"/><!-- Some...- -->
<feat xlink:href="#tok_873" value="IN"/><!-- Some...- -->
<feat xlink:href="#tok_874" value="DT"/><!-- Some...- -->
<feat xlink:href="#tok_875" value="NN"/><!-- Some...- -->
<feat xlink:href="#tok_876" value="VBD"/><!-- Some...- -->
<feat xlink:href="#tok_877" value="RB"/><!-- Some...- -->
<feat xlink:href="#tok_878" value="VVN"/><!-- Some...- -->
<feat xlink:href="#tok_879" value="NN"/><!-- Some...- -->
<feat xlink:href="#tok_880" value="SENT"/><!-- Some...- -->
<feat xlink:href="#tok_881" value="PP"/><!-- I.... -->
<feat xlink:href="#tok_882" value="VHD"/><!-- I.... -->
<feat xlink:href="#tok_883" value="JJ"/><!-- I.... -->
<feat xlink:href="#tok_884" value="NNS"/><!-- I.... -->
<feat xlink:href="#tok_885" value="IN"/><!-- I.... -->
<feat xlink:href="#tok_886" value="DT"/><!-- I.... -->
<feat xlink:href="#tok_887" value="NN"/><!-- I.... -->
<feat xlink:href="#tok_888" value="WDT"/><!-- I.... -->
<feat xlink:href="#tok_889" value="PP"/><!-- I.... -->
<feat xlink:href="#tok_890" value="VVD"/><!-- I.... -->
<feat xlink:href="#tok_891" value="TO"/><!-- I.... -->
<feat xlink:href="#tok_892" value="VV"/><!-- I.... -->
<feat xlink:href="#tok_893" value="SENT"/><!-- I.... -->
<feat xlink:href="#tok_894" value="RB"/><!-- Once...etc. -->
<feat xlink:href="#tok_895" value="PP"/><!-- Once...etc. -->
<feat xlink:href="#tok_896" value="VVD"/><!-- Once...etc. -->
<feat xlink:href="#tok_897" value="RP"/><!-- Once...etc. -->
<feat xlink:href="#tok_898" value="WP"/><!-- Once...etc. -->
<feat xlink:href="#tok_899" value="PP"/><!-- Once...etc. -->
<feat xlink:href="#tok_900" value="VBD"/><!-- Once...etc. -->
<feat xlink:href="#tok_901" value=","/><!-- Once...etc. -->
<feat xlink:href="#tok_902" value="PP"/><!-- Once...etc. -->
<feat xlink:href="#tok_903" value="VVD"/><!-- Once...etc. -->
<feat xlink:href="#tok_904" value="DT"/><!-- Once...etc. -->
<feat xlink:href="#tok_905" value="NN"/><!-- Once...etc. -->
<feat xlink:href="#tok_906" value="IN"/><!-- Once...etc. -->
<feat xlink:href="#tok_907" value="NN"/><!-- Once...etc. -->
<feat xlink:href="#tok_908" value="NN"/><!-- Once...etc. -->
<feat xlink:href="#tok_909" value="NN"/><!-- Once...etc. -->
<feat xlink:href="#tok_910" value=","/><!-- Once...etc. -->
<feat xlink:href="#tok_911" value="WDT"/><!-- Once...etc. -->
<feat xlink:href="#tok_912" value="MD"/><!-- Once...etc. -->
<feat xlink:href="#tok_913" value="VB"/><!-- Once...etc. -->
<feat xlink:href="#tok_914" value="VVG"/><!-- Once...etc. -->
<feat xlink:href="#tok_915" value="CC"/><!-- Once...etc. -->
<feat xlink:href="#tok_916" value="NN"/><!-- Once...etc. -->
<feat xlink:href="#tok_917" value="VVG"/><!-- Once...etc. -->
<feat xlink:href="#tok_918" value="VVN"/><!-- Once...etc. -->
<feat xlink:href="#tok_919" value="DT"/><!-- Once...etc. -->
<feat xlink:href="#tok_920" value="VVG"/><!-- Once...etc. -->
<feat xlink:href="#tok_921" value="NNS"/><!-- Once...etc. -->
<feat xlink:href="#tok_922" value="WDT"/><!-- Once...etc. -->
<feat xlink:href="#tok_923" value="NNS"/><!-- Once...etc. -->
<feat xlink:href="#tok_924" value="VVP"/><!-- Once...etc. -->
<feat xlink:href="#tok_925" value="IN"/><!-- Once...etc. -->
<feat xlink:href="#tok_926" value="NNS"/><!-- Once...etc. -->
<feat xlink:href="#tok_927" value="IN"/><!-- Once...etc. -->
<feat xlink:href="#tok_928" value="NN"/><!-- Once...etc. -->
<feat xlink:href="#tok_929" value=","/><!-- Once...etc. -->
<feat xlink:href="#tok_930" value="NN"/><!-- Once...etc. -->
<feat xlink:href="#tok_931" value="NN"/><!-- Once...etc. -->
<feat xlink:href="#tok_932" value=","/><!-- Once...etc. -->
<feat xlink:href="#tok_933" value="FW"/><!-- Once...etc. -->
<feat xlink:href="#tok_934" value="NN"/><!-- Manuscript.... -->
<feat xlink:href="#tok_935" value="NN"/><!-- Manuscript.... -->
<feat xlink:href="#tok_936" value="CC"/><!-- Manuscript.... -->
<feat xlink:href="#tok_937" value="VVG"/><!-- Manuscript.... -->
<feat xlink:href="#tok_938" value="VVD"/><!-- Manuscript.... -->
<feat xlink:href="#tok_939" value="RB"/><!-- Manuscript.... -->
<feat xlink:href="#tok_940" value="CD"/><!-- Manuscript.... -->
<feat xlink:href="#tok_941" value="NNS"/><!-- Manuscript.... -->
<feat xlink:href="#tok_942" value="SENT"/><!-- Manuscript.... -->
<feat xlink:href="#tok_943" value="WP"/><!-- What...? -->
<feat xlink:href="#tok_944" value="NN"/><!-- What...? -->
<feat xlink:href="#tok_945" value="IN"/><!-- What...? -->
<feat xlink:href="#tok_946" value="NNS"/><!-- What...? -->
<feat xlink:href="#tok_947" value="VBD"/><!-- What...? -->
<feat xlink:href="#tok_948" value="VVN"/><!-- What...? -->
<feat xlink:href="#tok_949" value="IN"/><!-- What...? -->
<feat xlink:href="#tok_950" value="DT"/><!-- What...? -->
<feat xlink:href="#tok_951" value="JJ"/><!-- What...? -->
<feat xlink:href="#tok_952" value="NNS"/><!-- What...? -->
<feat xlink:href="#tok_953" value="VVN"/><!-- What...? -->
<feat xlink:href="#tok_954" value=","/><!-- What...? -->
<feat xlink:href="#tok_955" value="CC"/><!-- What...? -->
<feat xlink:href="#tok_956" value="WP"/><!-- What...? -->
<feat xlink:href="#tok_957" value="JJ"/><!-- What...? -->
<feat xlink:href="#tok_958" value="NN"/><!-- What...? -->
<feat xlink:href="#tok_959" value="MD"/><!-- What...? -->
<feat xlink:href="#tok_960" value="VB"/><!-- What...? -->
<feat xlink:href="#tok_961" value="JJ"/><!-- What...? -->
<feat xlink:href="#tok_962" value="IN"/><!-- What...? -->
<feat xlink:href="#tok_963" value="DT"/><!-- What...? -->
<feat xlink:href="#tok_964" value="NN"/><!-- What...? -->
<feat xlink:href="#tok_965" value="IN"/><!-- What...? -->
<feat xlink:href="#tok_966" value="JJ"/><!-- What...? -->
<feat xlink:href="#tok_967" value="NN"/><!-- What...? -->
<feat xlink:href="#tok_968" value="SENT"/><!-- What...? -->
<feat xlink:href="#tok_969" value="DT"/><!-- The...- -->
<feat xlink:href="#tok_970" value="NN"/><!-- The.... -->
<feat xlink:href="#tok_971" value="VBD"/><!-- The.... -->
<feat xlink:href="#tok_972" value="RB"/><!-- The.... -->
<feat xlink:href="#tok_973" value="JJ"/><!-- The.... -->
<feat xlink:href="#tok_974" value="SENT"/><!-- The.... -->
<feat xlink:href="#tok_975" value="PP"/><!-- they.... -->
<feat xlink:href="#tok_976" value="VVD"/><!-- they.... -->
<feat xlink:href="#tok_977" value="JJS"/><!-- they.... -->
<feat xlink:href="#tok_978" value="NNS"/><!-- they.... -->
<feat xlink:href="#tok_979" value="IN"/><!-- they.... -->
<feat xlink:href="#tok_980" value="JJ"/><!-- they.... -->
<feat xlink:href="#tok_981" value="NN"/><!-- they.... -->
<feat xlink:href="#tok_982" value="SENT"/><!-- they.... -->
<feat xlink:href="#tok_983" value="VHG"/><!-- Having.... -->
<feat xlink:href="#tok_984" value="JJ"/><!-- Having.... -->
<feat xlink:href="#tok_985" value="NN"/><!-- Having.... -->
<feat xlink:href="#tok_986" value="MD"/><!-- Having.... -->
<feat xlink:href="#tok_987" value="VV"/><!-- Having.... -->
<feat xlink:href="#tok_988" value="PP"/><!-- Having.... -->
<feat xlink:href="#tok_989" value="VV"/><!-- Having.... -->
<feat xlink:href="#tok_990" value="IN"/><!-- Having.... -->
<feat xlink:href="#tok_991" value="EX"/><!-- Having.... -->
<feat xlink:href="#tok_992" value="VBP"/><!-- Having.... -->
<feat xlink:href="#tok_993" value="JJ"/><!-- Having.... -->
<feat xlink:href="#tok_994" value="NNS"/><!-- Having.... -->
<feat xlink:href="#tok_995" value=","/><!-- Having.... -->
<feat xlink:href="#tok_996" value="CC"/><!-- Having.... -->
<feat xlink:href="#tok_997" value="NNS"/><!-- Having.... -->
<feat xlink:href="#tok_998" value="VVN"/><!-- Having.... -->
<feat xlink:href="#tok_999" value="IN"/><!-- Having.... -->
<feat xlink:href="#tok_1000" value="IN"/><!-- Having.... -->
<feat xlink:href="#tok_1001" value="JJ"/><!-- Having.... -->
<feat xlink:href="#tok_1002" value="NNS"/><!-- Having.... -->
<feat xlink:href="#tok_1003" value="CC"/><!-- Having.... -->
<feat xlink:href="#tok_1004" value="IN"/><!-- Having.... -->
<feat xlink:href="#tok_1005" value="JJ"/><!-- Having.... -->
<feat xlink:href="#tok_1006" value="NNS"/><!-- Having.... -->
<feat xlink:href="#tok_1007" value="WDT"/><!-- Having.... -->
<feat xlink:href="#tok_1008" value="VVP"/><!-- Having.... -->
<feat xlink:href="#tok_1009" value="VV"/><!-- Having.... -->
<feat xlink:href="#tok_1010" value="WRB"/><!-- Having.... -->
<feat xlink:href="#tok_1011" value="DT"/><!-- Having.... -->
<feat xlink:href="#tok_1012" value="NNS"/><!-- Having.... -->
<feat xlink:href="#tok_1013" value="VVP"/><!-- Having.... -->
<feat xlink:href="#tok_1014" value="IN"/><!-- Having.... -->
<feat xlink:href="#tok_1015" value="JJ"/><!-- Having.... -->
<feat xlink:href="#tok_1016" value="NN"/><!-- Having.... -->
<feat xlink:href="#tok_1017" value="CC"/><!-- Having.... -->
<feat xlink:href="#tok_1018" value="RB"/><!-- Having.... -->
<feat xlink:href="#tok_1019" value="VV"/><!-- Having.... -->
<feat xlink:href="#tok_1020" value="IN"/><!-- Having.... -->
<feat xlink:href="#tok_1021" value="DT"/><!-- Having.... -->
<feat xlink:href="#tok_1022" value="NN"/><!-- Having.... -->
<feat xlink:href="#tok_1023" value="SENT"/><!-- Having.... -->
<feat xlink:href="#tok_1024" value="PP"/><!-- I...- -->
<feat xlink:href="#tok_1025" value="VBP"/><!-- I...- -->
<feat xlink:href="#tok_1026" value="JJ"/><!-- I...- -->
<feat xlink:href="#tok_1027" value="IN"/><!-- I...- -->
<feat xlink:href="#tok_1028" value="DT"/><!-- I...- -->
<feat xlink:href="#tok_1029" value="NN"/><!-- I...- -->
<feat xlink:href="#tok_1030" value="NN"/><!-- I...- -->
<feat xlink:href="#tok_1031" value="IN"/><!-- I...- -->
<feat xlink:href="#tok_1032" value="DT"/><!-- I...- -->
<feat xlink:href="#tok_1033" value="``"/><!-- I...- -->
<feat xlink:href="#tok_1034" value="NNS"/><!-- I...- -->
<feat xlink:href="#tok_1035" value="&apos;&apos;"/><!-- I...- -->
<feat xlink:href="#tok_1036" value="IN"/><!-- I...- -->
<feat xlink:href="#tok_1037" value="NNS"/><!-- I...- -->
<feat xlink:href="#tok_1038" value="SENT"/><!-- I...- -->
<feat xlink:href="#tok_1039" value="DT"/><!-- the.... -->
<feat xlink:href="#tok_1040" value="NN"/><!-- the.... -->
<feat xlink:href="#tok_1041" value="TO"/><!-- the.... -->
<feat xlink:href="#tok_1042" value="WDT"/><!-- the.... -->
<feat xlink:href="#tok_1043" value="FW"/><!-- the.... -->
<feat xlink:href="#tok_1044" value="FW"/><!-- the.... -->
<feat xlink:href="#tok_1045" value="VVZ"/><!-- the.... -->
<feat xlink:href="#tok_1046" value="VVZ"/><!-- the.... -->
<feat xlink:href="#tok_1047" value="JJ"/><!-- the.... -->
<feat xlink:href="#tok_1048" value="NNS"/><!-- the.... -->
<feat xlink:href="#tok_1049" value="WDT"/><!-- the.... -->
<feat xlink:href="#tok_1050" value="VVP"/><!-- the.... -->
<feat xlink:href="#tok_1051" value="RB"/><!-- the.... -->
<feat xlink:href="#tok_1052" value=","/><!-- the.... -->
<feat xlink:href="#tok_1053" value="CC"/><!-- the.... -->
<feat xlink:href="#tok_1054" value="PP"/><!-- the.... -->
<feat xlink:href="#tok_1055" value="VBZ"/><!-- the.... -->
<feat xlink:href="#tok_1056" value="JJ"/><!-- the.... -->
<feat xlink:href="#tok_1057" value="DT"/><!-- the.... -->
<feat xlink:href="#tok_1058" value="DT"/><!-- the.... -->
<feat xlink:href="#tok_1059" value="NNS"/><!-- the.... -->
<feat xlink:href="#tok_1060" value="VBP"/><!-- the.... -->
<feat xlink:href="#tok_1061" value="``"/><!-- the.... -->
<feat xlink:href="#tok_1062" value="NNS"/><!-- the.... -->
<feat xlink:href="#tok_1063" value="&apos;&apos;"/><!-- the.... -->
<feat xlink:href="#tok_1064" value="VVN"/><!-- the.... -->
<feat xlink:href="#tok_1065" value="RB"/><!-- the.... -->
<feat xlink:href="#tok_1066" value="RB"/><!-- the.... -->
<feat xlink:href="#tok_1067" value="IN"/><!-- the.... -->
<feat xlink:href="#tok_1068" value="DT"/><!-- the.... -->
<feat xlink:href="#tok_1069" value="NN"/><!-- the.... -->
<feat xlink:href="#tok_1070" value="IN"/><!-- the.... -->
<feat xlink:href="#tok_1071" value="JJ"/><!-- the.... -->
<feat xlink:href="#tok_1072" value="NN"/><!-- the.... -->
<feat xlink:href="#tok_1073" value="SENT"/><!-- the.... -->
<feat xlink:href="#tok_1074" value="NP"/><!-- DNA.... -->
<feat xlink:href="#tok_1075" value="VBZ"/><!-- DNA.... -->
<feat xlink:href="#tok_1076" value="DT"/><!-- DNA.... -->
<feat xlink:href="#tok_1077" value="JJ"/><!-- DNA.... -->
<feat xlink:href="#tok_1078" value="NN"/><!-- DNA.... -->
<feat xlink:href="#tok_1079" value="TO"/><!-- DNA.... -->
<feat xlink:href="#tok_1080" value="VV"/><!-- DNA.... -->
<feat xlink:href="#tok_1081" value="DT"/><!-- DNA.... -->
<feat xlink:href="#tok_1082" value="SENT"/><!-- DNA.... -->
<feat xlink:href="#tok_1083" value="DT"/><!-- This...Station -->
<feat xlink:href="#tok_1084" value="NN"/><!-- This...al. -->
<feat xlink:href="#tok_1085" value="VVZ"/><!-- This...al. -->
<feat xlink:href="#tok_1086" value="DT"/><!-- This...al. -->
<feat xlink:href="#tok_1087" value="NN"/><!-- This...al. -->
<feat xlink:href="#tok_1088" value="IN"/><!-- This...al. -->
<feat xlink:href="#tok_1089" value="DT"/><!-- This...al. -->
<feat xlink:href="#tok_1090" value="NP"/><!-- This...al. -->
<feat xlink:href="#tok_1091" value="NP"/><!-- This...al. -->
<feat xlink:href="#tok_1092" value="NP"/><!-- This...al. -->
<feat xlink:href="#tok_1093" value="IN"/><!-- This...al. -->
<feat xlink:href="#tok_1094" value="DT"/><!-- This...al. -->
<feat xlink:href="#tok_1095" value="JJ"/><!-- This...al. -->
<feat xlink:href="#tok_1096" value=","/><!-- This...al. -->
<feat xlink:href="#tok_1097" value="CC"/><!-- This...al. -->
<feat xlink:href="#tok_1098" value="DT"/><!-- This...al. -->
<feat xlink:href="#tok_1099" value="CD"/><!-- This...al. -->
<feat xlink:href="#tok_1100" value="VVN"/><!-- This...al. -->
<feat xlink:href="#tok_1101" value="NNS"/><!-- This...al. -->
<feat xlink:href="#tok_1102" value="IN"/><!-- This...al. -->
<feat xlink:href="#tok_1103" value="FW"/><!-- This...al. -->
<feat xlink:href="#tok_1104" value="FW"/><!-- This...al. -->
<feat xlink:href="#tok_1105" value="JJ"/><!-- This...al. -->
<feat xlink:href="#tok_1106" value="TO"/><!-- This...al. -->
<feat xlink:href="#tok_1107" value="NP"/><!-- This...al. -->
<feat xlink:href="#tok_1108" value="NP"/><!-- This...al. -->
<feat xlink:href="#tok_1109" value="NN"/><!-- image...al. -->
<feat xlink:href="#tok_1110" value=":"/><!-- image...al. -->
<feat xlink:href="#tok_1111" value="NP"/><!-- image...al. -->
<feat xlink:href="#tok_1112" value="FW"/><!-- image...al. -->
<feat xlink:href="#tok_1113" value="FW"/><!-- image...al. -->
<feat xlink:href="#tok_1114" value="NP"/><!-- Daly.... -->
<feat xlink:href="#tok_1115" value="VVD"/><!-- Daly...al. -->
<feat xlink:href="#tok_1116" value="WRB"/><!-- Daly...al. -->
<feat xlink:href="#tok_1117" value="PP"/><!-- Daly...al. -->
<feat xlink:href="#tok_1118" value="VVD"/><!-- Daly...al. -->
<feat xlink:href="#tok_1119" value="DT"/><!-- Daly...al. -->
<feat xlink:href="#tok_1120" value="NNS"/><!-- Daly...al. -->
<feat xlink:href="#tok_1121" value="IN"/><!-- Daly...al. -->
<feat xlink:href="#tok_1122" value="DT"/><!-- Daly...al. -->
<feat xlink:href="#tok_1123" value="NN"/><!-- Daly...al. -->
<feat xlink:href="#tok_1124" value="POS"/><!-- Daly...al. -->
<feat xlink:href="#tok_1125" value="NN"/><!-- Daly...al. -->
<feat xlink:href="#tok_1126" value="SENT"/><!-- Daly...al. -->
<feat xlink:href="#tok_1127" value="NN"/><!-- Image...al. -->
<feat xlink:href="#tok_1128" value=":"/><!-- Image...al. -->
<feat xlink:href="#tok_1129" value="NP"/><!-- Image...al. -->
<feat xlink:href="#tok_1130" value="FW"/><!-- Image...al. -->
<feat xlink:href="#tok_1131" value="FW"/><!-- Image...al. -->
</featList>
</paula>
