<?xml version="1.0" encoding="UTF-8" standalone="no"?>

<!DOCTYPE paula SYSTEM "paula_feat.dtd">
<paula version="1.0">

<header paula_id="GUM.GUM_interview_daly_claws5"/>

<featList xmlns:xlink="http://www.w3.org/1999/xlink" type="claws5" xml:base="GUM.GUM_interview_daly.tok.xml">
<feat xlink:href="#tok_1" value="AJ0"/><!-- Cold...anemone -->
<feat xlink:href="#tok_2" value="PRP"/><!-- Cold...anemone -->
<feat xlink:href="#tok_3" value="NN1"/><!-- Cold...anemone -->
<feat xlink:href="#tok_4" value="PUN"/><!-- Cold...anemone -->
<feat xlink:href="#tok_5" value="NP0"/><!-- Cold...anemone -->
<feat xlink:href="#tok_6" value="NN2"/><!-- Cold...anemone -->
<feat xlink:href="#tok_7" value="NP0"/><!-- Cold...anemone -->
<feat xlink:href="#tok_8" value="NP0"/><!-- Cold...anemone -->
<feat xlink:href="#tok_9" value="PRP"/><!-- Cold...anemone -->
<feat xlink:href="#tok_10" value="AJ0"/><!-- Cold...anemone -->
<feat xlink:href="#tok_11" value="AJ0"/><!-- Cold...anemone -->
<feat xlink:href="#tok_12" value="NN1"/><!-- Cold...anemone -->
<feat xlink:href="#tok_13" value="NN1"/><!-- Cold...anemone -->
<feat xlink:href="#tok_14" value="NP0"/><!-- Tuesday...2014 -->
<feat xlink:href="#tok_15" value="PUN"/><!-- Tuesday...2014 -->
<feat xlink:href="#tok_16" value="NP0"/><!-- Tuesday...2014 -->
<feat xlink:href="#tok_17" value="CRD"/><!-- Tuesday...2014 -->
<feat xlink:href="#tok_18" value="PUN"/><!-- Tuesday...2014 -->
<feat xlink:href="#tok_19" value="CRD"/><!-- Tuesday...2014 -->
<feat xlink:href="#tok_20" value="AVQ"/><!-- How...discovery -->
<feat xlink:href="#tok_21" value="VDD"/><!-- How...discovery -->
<feat xlink:href="#tok_22" value="PNP"/><!-- How...discovery -->
<feat xlink:href="#tok_23" value="VVI"/><!-- How...discovery -->
<feat xlink:href="#tok_24" value="TO0"/><!-- How...discovery -->
<feat xlink:href="#tok_25" value="VBI"/><!-- How...discovery -->
<feat xlink:href="#tok_26" value="VVN"/><!-- How...discovery -->
<feat xlink:href="#tok_27" value="PRP"/><!-- How...discovery -->
<feat xlink:href="#tok_28" value="DT0"/><!-- How...discovery -->
<feat xlink:href="#tok_29" value="NN1"/><!-- How...discovery -->
<feat xlink:href="#tok_30" value="NP0"/><!-- Frank.... -->
<feat xlink:href="#tok_31" value="NN1"/><!-- Frank.... -->
<feat xlink:href="#tok_32" value="VVN"/><!-- Frank.... -->
<feat xlink:href="#tok_33" value="PRP"/><!-- Frank.... -->
<feat xlink:href="#tok_34" value="NN1"/><!-- Frank.... -->
<feat xlink:href="#tok_35" value="CJS"/><!-- Frank.... -->
<feat xlink:href="#tok_36" value="PNP"/><!-- Frank.... -->
<feat xlink:href="#tok_37" value="VVD"/><!-- Frank.... -->
<feat xlink:href="#tok_38" value="PRP"/><!-- Frank.... -->
<feat xlink:href="#tok_39" value="NP0"/><!-- Frank.... -->
<feat xlink:href="#tok_40" value="PRP"/><!-- Frank.... -->
<feat xlink:href="#tok_41" value="NN2"/><!-- Frank.... -->
<feat xlink:href="#tok_42" value="CJT"/><!-- Frank.... -->
<feat xlink:href="#tok_43" value="PNP"/><!-- Frank.... -->
<feat xlink:href="#tok_44" value="VM0"/><!-- Frank.... -->
<feat xlink:href="#tok_45" value="VVI"/><!-- Frank.... -->
<feat xlink:href="#tok_46" value="PRP"/><!-- Frank.... -->
<feat xlink:href="#tok_47" value="AT0"/><!-- Frank.... -->
<feat xlink:href="#tok_48" value="NN1"/><!-- Frank.... -->
<feat xlink:href="#tok_49" value="PRP"/><!-- Frank.... -->
<feat xlink:href="#tok_50" value="AT0"/><!-- Frank.... -->
<feat xlink:href="#tok_51" value="NN1"/><!-- Frank.... -->
<feat xlink:href="#tok_52" value="PUN"/><!-- Frank.... -->
<feat xlink:href="#tok_53" value="DTQ"/><!-- What...? -->
<feat xlink:href="#tok_54" value="VBD"/><!-- What...? -->
<feat xlink:href="#tok_55" value="DPS"/><!-- What...? -->
<feat xlink:href="#tok_56" value="ORD"/><!-- What...? -->
<feat xlink:href="#tok_57" value="NN1"/><!-- What...? -->
<feat xlink:href="#tok_58" value="PRP"/><!-- What...? -->
<feat xlink:href="#tok_59" value="VVG"/><!-- What...? -->
<feat xlink:href="#tok_60" value="EX0"/><!-- What...? -->
<feat xlink:href="#tok_61" value="VBD"/><!-- What...? -->
<feat xlink:href="#tok_62" value="AT0"/><!-- What...? -->
<feat xlink:href="#tok_63" value="AJ0"/><!-- What...? -->
<feat xlink:href="#tok_64" value="NN1"/><!-- What...? -->
<feat xlink:href="#tok_65" value="PRP"/><!-- What...? -->
<feat xlink:href="#tok_66" value="AT0"/><!-- What...? -->
<feat xlink:href="#tok_67" value="NN1"/><!-- What...? -->
<feat xlink:href="#tok_68" value="PRP"/><!-- What...? -->
<feat xlink:href="#tok_69" value="AT0"/><!-- What...? -->
<feat xlink:href="#tok_70" value="NP0"/><!-- What...? -->
<feat xlink:href="#tok_71" value="NP0"/><!-- What...? -->
<feat xlink:href="#tok_72" value="PUN"/><!-- What...? -->
<feat xlink:href="#tok_73" value="PNP"/><!-- I.... -->
<feat xlink:href="#tok_74" value="VBD"/><!-- I.... -->
<feat xlink:href="#tok_75" value="AJ0"/><!-- I.... -->
<feat xlink:href="#tok_76" value="CJC"/><!-- I.... -->
<feat xlink:href="#tok_77" value="AV0"/><!-- I.... -->
<feat xlink:href="#tok_78" value="AJ0"/><!-- I.... -->
<feat xlink:href="#tok_79" value="PUN"/><!-- I.... -->
<feat xlink:href="#tok_80" value="PNP"/><!-- I.... -->
<feat xlink:href="#tok_81" value="VVB"/><!-- I.... -->
<feat xlink:href="#tok_82" value="TO0"/><!-- I.... -->
<feat xlink:href="#tok_83" value="VVI"/><!-- I.... -->
<feat xlink:href="#tok_84" value="PNP"/><!-- I.... -->
<feat xlink:href="#tok_85" value="VBD"/><!-- I.... -->
<feat xlink:href="#tok_86" value="AJ0"/><!-- I.... -->
<feat xlink:href="#tok_87" value="VBZ"/><!-- I.... -->
<feat xlink:href="#tok_88" value="AJ0"/><!-- I.... -->
<feat xlink:href="#tok_89" value="PUN"/><!-- I.... -->
<feat xlink:href="#tok_90" value="CJS"/><!-- I.... -->
<feat xlink:href="#tok_91" value="PNP"/><!-- I.... -->
<feat xlink:href="#tok_92" value="VVZ"/><!-- I.... -->
<feat xlink:href="#tok_93" value="CJT"/><!-- I.... -->
<feat xlink:href="#tok_94" value="EX0"/><!-- I.... -->
<feat xlink:href="#tok_95" value="VBD"/><!-- I.... -->
<feat xlink:href="#tok_96" value="AT0"/><!-- I.... -->
<feat xlink:href="#tok_97" value="AJ0"/><!-- I.... -->
<feat xlink:href="#tok_98" value="NN1"/><!-- I.... -->
<feat xlink:href="#tok_99" value="PRF"/><!-- I.... -->
<feat xlink:href="#tok_100" value="PNI"/><!-- I.... -->
<feat xlink:href="#tok_101" value="PUN"/><!-- I.... -->
<feat xlink:href="#tok_102" value="AT0"/><!-- The.... -->
<feat xlink:href="#tok_103" value="NN1"/><!-- The.... -->
<feat xlink:href="#tok_104" value="CJT"/><!-- The.... -->
<feat xlink:href="#tok_105" value="NP0"/><!-- The.... -->
<feat xlink:href="#tok_106" value="CJC"/><!-- The.... -->
<feat xlink:href="#tok_107" value="DPS"/><!-- The.... -->
<feat xlink:href="#tok_108" value="NN2"/><!-- The.... -->
<feat xlink:href="#tok_109" value="VBB"/><!-- The.... -->
<feat xlink:href="#tok_110" value="VVG"/><!-- The.... -->
<feat xlink:href="#tok_111" value="TO0"/><!-- The.... -->
<feat xlink:href="#tok_112" value="VVI"/><!-- The.... -->
<feat xlink:href="#tok_113" value="AT0"/><!-- The.... -->
<feat xlink:href="#tok_114" value="NN1"/><!-- The.... -->
<feat xlink:href="#tok_115" value="VBZ"/><!-- The.... -->
<feat xlink:href="#tok_116" value="AV0"/><!-- The.... -->
<feat xlink:href="#tok_117" value="AJ0"/><!-- The.... -->
<feat xlink:href="#tok_118" value="CJS"/><!-- The.... -->
<feat xlink:href="#tok_119" value="PUN"/><!-- The.... -->
<feat xlink:href="#tok_120" value="VVN"/><!-- The.... -->
<feat xlink:href="#tok_121" value="DPS"/><!-- The.... -->
<feat xlink:href="#tok_122" value="NN1"/><!-- The.... -->
<feat xlink:href="#tok_123" value="PRF"/><!-- The.... -->
<feat xlink:href="#tok_124" value="NN0"/><!-- The.... -->
<feat xlink:href="#tok_125" value="PUN"/><!-- The.... -->
<feat xlink:href="#tok_126" value="PNP"/><!-- The.... -->
<feat xlink:href="#tok_127" value="VHB"/><!-- The.... -->
<feat xlink:href="#tok_128" value="AT0"/><!-- The.... -->
<feat xlink:href="#tok_129" value="AJ0"/><!-- The.... -->
<feat xlink:href="#tok_130" value="NN1"/><!-- The.... -->
<feat xlink:href="#tok_131" value="PRF"/><!-- The.... -->
<feat xlink:href="#tok_132" value="DTQ"/><!-- The.... -->
<feat xlink:href="#tok_133" value="PNP"/><!-- The.... -->
<feat xlink:href="#tok_134" value="VM0"/><!-- The.... -->
<feat xlink:href="#tok_135" value="VBI"/><!-- The.... -->
<feat xlink:href="#tok_136" value="AJ0"/><!-- The.... -->
<feat xlink:href="#tok_137" value="PUN"/><!-- The.... -->
<feat xlink:href="#tok_138" value="CJC"/><!-- The.... -->
<feat xlink:href="#tok_139" value="DTQ"/><!-- The.... -->
<feat xlink:href="#tok_140" value="PNP"/><!-- The.... -->
<feat xlink:href="#tok_141" value="VM0"/><!-- The.... -->
<feat xlink:href="#tok_142" value="XX0"/><!-- The.... -->
<feat xlink:href="#tok_143" value="VBI"/><!-- The.... -->
<feat xlink:href="#tok_144" value="AJ0"/><!-- The.... -->
<feat xlink:href="#tok_145" value="PUN"/><!-- The.... -->
<feat xlink:href="#tok_146" value="AV0"/><!-- There...? -->
<feat xlink:href="#tok_147" value="ZZ0"/><!-- There...? -->
<feat xlink:href="#tok_148" value="AT0"/><!-- There...? -->
<feat xlink:href="#tok_149" value="NN1"/><!-- There...? -->
<feat xlink:href="#tok_150" value="NN1"/><!-- There...? -->
<feat xlink:href="#tok_151" value="VVN"/><!-- There...? -->
<feat xlink:href="#tok_152" value="AV0"/><!-- There...? -->
<feat xlink:href="#tok_153" value="PRP"/><!-- There...? -->
<feat xlink:href="#tok_154" value="CRD"/><!-- 2015 -->
<feat xlink:href="#tok_155" value="PUN"/><!-- 2015 -->
<feat xlink:href="#tok_156" value="PRP"/><!-- 2015 -->
<feat xlink:href="#tok_157" value="DT0"/><!-- 2015 -->
<feat xlink:href="#tok_158" value="NN2"/><!-- 2015 -->
<feat xlink:href="#tok_159" value="CJC"/><!-- 2015 -->
<feat xlink:href="#tok_160" value="NN1"/><!-- 2015 -->
<feat xlink:href="#tok_161" value="NN2"/><!-- 2015 -->
<feat xlink:href="#tok_162" value="PUN"/><!-- 2015 -->
<feat xlink:href="#tok_163" value="VBB"/><!-- Are...? -->
<feat xlink:href="#tok_164" value="PNP"/><!-- Are...? -->
<feat xlink:href="#tok_165" value="VVG"/><!-- Are...? -->
<feat xlink:href="#tok_166" value="TO0"/><!-- Are...? -->
<feat xlink:href="#tok_167" value="VVI"/><!-- Are...? -->
<feat xlink:href="#tok_168" value="AV0"/><!-- Are...? -->
<feat xlink:href="#tok_169" value="PNX"/><!-- Are...? -->
<feat xlink:href="#tok_170" value="PUN"/><!-- Are...? -->
<feat xlink:href="#tok_171" value="PNP"/><!-- I.... -->
<feat xlink:href="#tok_172" value="VM0"/><!-- I.... -->
<feat xlink:href="#tok_173" value="VVI"/><!-- I.... -->
<feat xlink:href="#tok_174" value="TO0"/><!-- I.... -->
<feat xlink:href="#tok_175" value="PUN"/><!-- I.... -->
<feat xlink:href="#tok_176" value="CJC"/><!-- But...! -->
<feat xlink:href="#tok_177" value="PNP"/><!-- But...! -->
<feat xlink:href="#tok_178" value="VBB"/><!-- But...! -->
<feat xlink:href="#tok_179" value="AV0"/><!-- But...! -->
<feat xlink:href="#tok_180" value="AJ0"/><!-- But...! -->
<feat xlink:href="#tok_181" value="PRP"/><!-- But...! -->
<feat xlink:href="#tok_182" value="XX0"/><!-- But...! -->
<feat xlink:href="#tok_183" value="VVI"/><!-- But...! -->
<feat xlink:href="#tok_184" value="PUN"/><!-- But...! -->
<feat xlink:href="#tok_185" value="CJS"/><!-- But...! -->
<feat xlink:href="#tok_186" value="AV0"/><!-- But...! -->
<feat xlink:href="#tok_187" value="CJS"/><!-- But...! -->
<feat xlink:href="#tok_188" value="PNI"/><!-- But...! -->
<feat xlink:href="#tok_189" value="VVZ"/><!-- But...! -->
<feat xlink:href="#tok_190" value="DT0"/><!-- But...! -->
<feat xlink:href="#tok_191" value="NN2"/><!-- But...! -->
<feat xlink:href="#tok_192" value="PRP"/><!-- But...! -->
<feat xlink:href="#tok_193" value="DPS"/><!-- But...! -->
<feat xlink:href="#tok_194" value="NN1"/><!-- But...! -->
<feat xlink:href="#tok_195" value="PUN"/><!-- But...! -->
<feat xlink:href="#tok_196" value="DTQ"/><!-- What.... -->
<feat xlink:href="#tok_197" value="PNP"/><!-- What.... -->
<feat xlink:href="#tok_198" value="VVB"/><!-- What.... -->
<feat xlink:href="#tok_199" value="TO0"/><!-- What.... -->
<feat xlink:href="#tok_200" value="VDI"/><!-- What.... -->
<feat xlink:href="#tok_201" value="PRP"/><!-- What.... -->
<feat xlink:href="#tok_202" value="AT0"/><!-- What.... -->
<feat xlink:href="#tok_203" value="NN2"/><!-- What.... -->
<feat xlink:href="#tok_204" value="VVZ"/><!-- What.... -->
<feat xlink:href="#tok_205" value="AJ0"/><!-- What.... -->
<feat xlink:href="#tok_206" value="NN1"/><!-- What.... -->
<feat xlink:href="#tok_207" value="VVN"/><!-- What.... -->
<feat xlink:href="#tok_208" value="PRP"/><!-- What.... -->
<feat xlink:href="#tok_209" value="AJ0"/><!-- What.... -->
<feat xlink:href="#tok_210" value="NN2"/><!-- What.... -->
<feat xlink:href="#tok_211" value="PUN"/><!-- What.... -->
<feat xlink:href="#tok_212" value="CJC"/><!-- What.... -->
<feat xlink:href="#tok_213" value="PNP"/><!-- What.... -->
<feat xlink:href="#tok_214" value="VDZ"/><!-- What.... -->
<feat xlink:href="#tok_215" value="XX0"/><!-- What.... -->
<feat xlink:href="#tok_216" value="VVI"/><!-- What.... -->
<feat xlink:href="#tok_217" value="PNP"/><!-- What.... -->
<feat xlink:href="#tok_218" value="TO0"/><!-- What.... -->
<feat xlink:href="#tok_219" value="VBI"/><!-- What.... -->
<feat xlink:href="#tok_220" value="AV0"/><!-- What.... -->
<feat xlink:href="#tok_221" value="PUN"/><!-- What.... -->
<feat xlink:href="#tok_222" value="CJS"/><!-- Although.... -->
<feat xlink:href="#tok_223" value="PNP"/><!-- Although.... -->
<feat xlink:href="#tok_224" value="VBB"/><!-- Although.... -->
<feat xlink:href="#tok_225" value="AJ0"/><!-- Although.... -->
<feat xlink:href="#tok_226" value="CJT"/><!-- Although.... -->
<feat xlink:href="#tok_227" value="VBG"/><!-- Although.... -->
<feat xlink:href="#tok_228" value="AV0"/><!-- Although.... -->
<feat xlink:href="#tok_229" value="VM0"/><!-- Although.... -->
<feat xlink:href="#tok_230" value="VVI"/><!-- Although.... -->
<feat xlink:href="#tok_231" value="DPS"/><!-- Although.... -->
<feat xlink:href="#tok_232" value="NN1"/><!-- Although.... -->
<feat xlink:href="#tok_233" value="PRF"/><!-- Although.... -->
<feat xlink:href="#tok_234" value="AT0"/><!-- Although.... -->
<feat xlink:href="#tok_235" value="NN2"/><!-- Although.... -->
<feat xlink:href="#tok_236" value="CJC"/><!-- Although.... -->
<feat xlink:href="#tok_237" value="AT0"/><!-- Although.... -->
<feat xlink:href="#tok_238" value="NN1"/><!-- Although.... -->
<feat xlink:href="#tok_239" value="PRP"/><!-- Although.... -->
<feat xlink:href="#tok_240" value="DTQ"/><!-- Although.... -->
<feat xlink:href="#tok_241" value="PNP"/><!-- Although.... -->
<feat xlink:href="#tok_242" value="VVB"/><!-- Although.... -->
<feat xlink:href="#tok_243" value="PUN"/><!-- Although.... -->
<feat xlink:href="#tok_244" value="CJC"/><!-- Although.... -->
<feat xlink:href="#tok_245" value="VM0"/><!-- Although.... -->
<feat xlink:href="#tok_246" value="VVI"/><!-- Although.... -->
<feat xlink:href="#tok_247" value="PNP"/><!-- Although.... -->
<feat xlink:href="#tok_248" value="VVI"/><!-- Although.... -->
<feat xlink:href="#tok_249" value="AV0"/><!-- Although.... -->
<feat xlink:href="#tok_250" value="CJC"/><!-- Although.... -->
<feat xlink:href="#tok_251" value="AJC"/><!-- Although.... -->
<feat xlink:href="#tok_252" value="NN2"/><!-- Although.... -->
<feat xlink:href="#tok_253" value="PRP"/><!-- Although.... -->
<feat xlink:href="#tok_254" value="AT0"/><!-- Although.... -->
<feat xlink:href="#tok_255" value="NN2"/><!-- Although.... -->
<feat xlink:href="#tok_256" value="PUN"/><!-- Although.... -->
<feat xlink:href="#tok_257" value="NN1"/><!-- Although.... -->
<feat xlink:href="#tok_258" value="NN1"/><!-- Although.... -->
<feat xlink:href="#tok_259" value="VBZ"/><!-- Although.... -->
<feat xlink:href="#tok_260" value="AJ0"/><!-- Although.... -->
<feat xlink:href="#tok_261" value="PUN"/><!-- Although.... -->
<feat xlink:href="#tok_262" value="AV0"/><!-- Although.... -->
<feat xlink:href="#tok_263" value="PRP"/><!-- Although.... -->
<feat xlink:href="#tok_264" value="NP0"/><!-- Although.... -->
<feat xlink:href="#tok_265" value="PUN"/><!-- Although.... -->
<feat xlink:href="#tok_266" value="CJC"/><!-- Although.... -->
<feat xlink:href="#tok_267" value="CJS"/><!-- Although.... -->
<feat xlink:href="#tok_268" value="EX0"/><!-- Although.... -->
<feat xlink:href="#tok_269" value="VBB"/><!-- Although.... -->
<feat xlink:href="#tok_270" value="NN2"/><!-- Although.... -->
<feat xlink:href="#tok_271" value="DTQ"/><!-- Although.... -->
<feat xlink:href="#tok_272" value="NN1"/><!-- Although.... -->
<feat xlink:href="#tok_273" value="VBZ"/><!-- Although.... -->
<feat xlink:href="#tok_274" value="VVN"/><!-- Although.... -->
<feat xlink:href="#tok_275" value="PRP"/><!-- Although.... -->
<feat xlink:href="#tok_276" value="VBG"/><!-- Although.... -->
<feat xlink:href="#tok_277" value="AV0"/><!-- Although.... -->
<feat xlink:href="#tok_278" value="PUN"/><!-- Although.... -->
<feat xlink:href="#tok_279" value="PNP"/><!-- Although.... -->
<feat xlink:href="#tok_280" value="VM0"/><!-- Although.... -->
<feat xlink:href="#tok_281" value="VHI"/><!-- Although.... -->
<feat xlink:href="#tok_282" value="NN1"/><!-- Although.... -->
<feat xlink:href="#tok_283" value="TO0"/><!-- Although.... -->
<feat xlink:href="#tok_284" value="VBI"/><!-- Although.... -->
<feat xlink:href="#tok_285" value="AV0"/><!-- Although.... -->
<feat xlink:href="#tok_286" value="PUN"/><!-- Although.... -->
<feat xlink:href="#tok_287" value="DT0"/><!-- These.... -->
<feat xlink:href="#tok_288" value="NN2"/><!-- These.... -->
<feat xlink:href="#tok_289" value="VBB"/><!-- These.... -->
<feat xlink:href="#tok_290" value="VVN"/><!-- These.... -->
<feat xlink:href="#tok_291" value="PRP"/><!-- These.... -->
<feat xlink:href="#tok_292" value="NN1"/><!-- These.... -->
<feat xlink:href="#tok_293" value="PUN"/><!-- These.... -->
<feat xlink:href="#tok_294" value="DT0"/><!-- Some...? -->
<feat xlink:href="#tok_295" value="PRF"/><!-- Some...? -->
<feat xlink:href="#tok_296" value="AT0"/><!-- Some...? -->
<feat xlink:href="#tok_297" value="AV0"/><!-- Some...? -->
<feat xlink:href="#tok_298" value="AJ0"/><!-- Some...? -->
<feat xlink:href="#tok_299" value="NN2"/><!-- Some...? -->
<feat xlink:href="#tok_300" value="VBB"/><!-- Some...? -->
<feat xlink:href="#tok_301" value="AJ0"/><!-- Some...? -->
<feat xlink:href="#tok_302" value="PUN"/><!-- Some...? -->
<feat xlink:href="#tok_303" value="VDB"/><!-- Some...? -->
<feat xlink:href="#tok_304" value="PNP"/><!-- Some...? -->
<feat xlink:href="#tok_305" value="VVI"/><!-- Some...? -->
<feat xlink:href="#tok_306" value="DT0"/><!-- Some...? -->
<feat xlink:href="#tok_307" value="NN1"/><!-- Some...? -->
<feat xlink:href="#tok_308" value="PRF"/><!-- Some...? -->
<feat xlink:href="#tok_309" value="NN1"/><!-- antifreeze -->
<feat xlink:href="#tok_310" value="PUN"/><!-- antifreeze -->
<feat xlink:href="#tok_311" value="CJC"/><!-- antifreeze -->
<feat xlink:href="#tok_312" value="VBZ"/><!-- antifreeze -->
<feat xlink:href="#tok_313" value="CJT"/><!-- antifreeze -->
<feat xlink:href="#tok_314" value="AJ0"/><!-- antifreeze -->
<feat xlink:href="#tok_315" value="NN1"/><!-- antifreeze -->
<feat xlink:href="#tok_316" value="PRP"/><!-- antifreeze -->
<feat xlink:href="#tok_317" value="AT0"/><!-- antifreeze -->
<feat xlink:href="#tok_318" value="NP0"/><!-- antifreeze -->
<feat xlink:href="#tok_319" value="VVZ"/><!-- antifreeze -->
<feat xlink:href="#tok_320" value="DPS"/><!-- antifreeze -->
<feat xlink:href="#tok_321" value="DT0"/><!-- antifreeze -->
<feat xlink:href="#tok_322" value="PUN"/><!-- antifreeze -->
<feat xlink:href="#tok_323" value="VVB"/><!-- Talk.... -->
<feat xlink:href="#tok_324" value="PNP"/><!-- Talk.... -->
<feat xlink:href="#tok_325" value="PRP"/><!-- Talk.... -->
<feat xlink:href="#tok_326" value="AT0"/><!-- Talk.... -->
<feat xlink:href="#tok_327" value="NN2"/><!-- Talk.... -->
<feat xlink:href="#tok_328" value="VVN"/><!-- Talk.... -->
<feat xlink:href="#tok_329" value="CJS"/><!-- Talk.... -->
<feat xlink:href="#tok_330" value="VVG"/><!-- Talk.... -->
<feat xlink:href="#tok_331" value="TO0"/><!-- Talk.... -->
<feat xlink:href="#tok_332" value="VVI"/><!-- Talk.... -->
<feat xlink:href="#tok_333" value="NN2"/><!-- Talk.... -->
<feat xlink:href="#tok_334" value="PRP"/><!-- Talk.... -->
<feat xlink:href="#tok_335" value="AT0"/><!-- Talk.... -->
<feat xlink:href="#tok_336" value="NN2"/><!-- Talk.... -->
<feat xlink:href="#tok_337" value="PRP"/><!-- Talk.... -->
<feat xlink:href="#tok_338" value="NN1"/><!-- Talk.... -->
<feat xlink:href="#tok_339" value="PUN"/><!-- Talk.... -->
<feat xlink:href="#tok_340" value="AT0"/><!-- The.... -->
<feat xlink:href="#tok_341" value="NN2"/><!-- The.... -->
<feat xlink:href="#tok_342" value="PNP"/><!-- The.... -->
<feat xlink:href="#tok_343" value="VHB"/><!-- The.... -->
<feat xlink:href="#tok_344" value="VBB"/><!-- The.... -->
<feat xlink:href="#tok_345" value="AJ0"/><!-- The.... -->
<feat xlink:href="#tok_346" value="PRP"/><!-- The.... -->
<feat xlink:href="#tok_347" value="NN2"/><!-- The.... -->
<feat xlink:href="#tok_348" value="PRF"/><!-- The.... -->
<feat xlink:href="#tok_349" value="NN2"/><!-- The.... -->
<feat xlink:href="#tok_350" value="CJC"/><!-- The.... -->
<feat xlink:href="#tok_351" value="PNP"/><!-- The.... -->
<feat xlink:href="#tok_352" value="VBB"/><!-- The.... -->
<feat xlink:href="#tok_353" value="AV0"/><!-- The.... -->
<feat xlink:href="#tok_354" value="VVN"/><!-- The.... -->
<feat xlink:href="#tok_355" value="PRP"/><!-- The.... -->
<feat xlink:href="#tok_356" value="NN1"/><!-- formalin -->
<feat xlink:href="#tok_357" value="PUL"/><!-- formalin -->
<feat xlink:href="#tok_358" value="AT0"/><!-- formalin -->
<feat xlink:href="#tok_359" value="NN1"/><!-- formalin -->
<feat xlink:href="#tok_360" value="PRF"/><!-- formalin -->
<feat xlink:href="#tok_361" value="AJ0"/><!-- formalin -->
<feat xlink:href="#tok_362" value="NN1"/><!-- formalin -->
<feat xlink:href="#tok_363" value="PUR"/><!-- formalin -->
<feat xlink:href="#tok_364" value="PUN"/><!-- formalin -->
<feat xlink:href="#tok_365" value="AT0"/><!-- The.... -->
<feat xlink:href="#tok_366" value="NN1"/><!-- The.... -->
<feat xlink:href="#tok_367" value="VBZ"/><!-- The.... -->
<feat xlink:href="#tok_368" value="AJ0"/><!-- The.... -->
<feat xlink:href="#tok_369" value="PRP"/><!-- The.... -->
<feat xlink:href="#tok_370" value="VVG"/><!-- The.... -->
<feat xlink:href="#tok_371" value="NN2"/><!-- The.... -->
<feat xlink:href="#tok_372" value="PUN"/><!-- The.... -->
<feat xlink:href="#tok_373" value="CJC"/><!-- The.... -->
<feat xlink:href="#tok_374" value="PRP"/><!-- The.... -->
<feat xlink:href="#tok_375" value="NN2"/><!-- The.... -->
<feat xlink:href="#tok_376" value="PUN"/><!-- The.... -->
<feat xlink:href="#tok_377" value="PNP"/><!-- The.... -->
<feat xlink:href="#tok_378" value="VVZ"/><!-- The.... -->
<feat xlink:href="#tok_379" value="NN1"/><!-- The.... -->
<feat xlink:href="#tok_380" value="PRF"/><!-- The.... -->
<feat xlink:href="#tok_381" value="NN1"/><!-- The.... -->
<feat xlink:href="#tok_382" value="CJC"/><!-- The.... -->
<feat xlink:href="#tok_383" value="PRF"/><!-- The.... -->
<feat xlink:href="#tok_384" value="AT0"/><!-- The.... -->
<feat xlink:href="#tok_385" value="NN1"/><!-- The.... -->
<feat xlink:href="#tok_386" value="PRF"/><!-- The.... -->
<feat xlink:href="#tok_387" value="AT0"/><!-- The.... -->
<feat xlink:href="#tok_388" value="NN1"/><!-- The.... -->
<feat xlink:href="#tok_389" value="PUN"/><!-- The.... -->
<feat xlink:href="#tok_390" value="DT0"/><!-- This.... -->
<feat xlink:href="#tok_391" value="VVZ"/><!-- This.... -->
<feat xlink:href="#tok_392" value="PNP"/><!-- This.... -->
<feat xlink:href="#tok_393" value="VM0"/><!-- This.... -->
<feat xlink:href="#tok_394" value="XX0"/><!-- This.... -->
<feat xlink:href="#tok_395" value="VVI"/><!-- This.... -->
<feat xlink:href="#tok_396" value="PRP"/><!-- This.... -->
<feat xlink:href="#tok_397" value="AT0"/><!-- This.... -->
<feat xlink:href="#tok_398" value="NN1"/><!-- This.... -->
<feat xlink:href="#tok_399" value="PNP"/><!-- This.... -->
<feat xlink:href="#tok_400" value="VVB"/><!-- This.... -->
<feat xlink:href="#tok_401" value="PRP"/><!-- This.... -->
<feat xlink:href="#tok_402" value="DT0"/><!-- This.... -->
<feat xlink:href="#tok_403" value="NN2"/><!-- This.... -->
<feat xlink:href="#tok_404" value="PUN"/><!-- This.... -->
<feat xlink:href="#tok_405" value="DTQ"/><!-- What.... -->
<feat xlink:href="#tok_406" value="PNP"/><!-- What.... -->
<feat xlink:href="#tok_407" value="VM0"/><!-- What.... -->
<feat xlink:href="#tok_408" value="VDI"/><!-- What.... -->
<feat xlink:href="#tok_409" value="PUN"/><!-- What.... -->
<feat xlink:href="#tok_410" value="AV0"/><!-- What.... -->
<feat xlink:href="#tok_411" value="PUN"/><!-- What.... -->
<feat xlink:href="#tok_412" value="VBD"/><!-- What.... -->
<feat xlink:href="#tok_413" value="TO0"/><!-- What.... -->
<feat xlink:href="#tok_414" value="VVI"/><!-- What.... -->
<feat xlink:href="#tok_415" value="NN1"/><!-- What.... -->
<feat xlink:href="#tok_416" value="CJC"/><!-- What.... -->
<feat xlink:href="#tok_417" value="NN1"/><!-- What.... -->
<feat xlink:href="#tok_418" value="PRP"/><!-- What.... -->
<feat xlink:href="#tok_419" value="DTQ"/><!-- What.... -->
<feat xlink:href="#tok_420" value="PNP"/><!-- What.... -->
<feat xlink:href="#tok_421" value="VBZ"/><!-- What.... -->
<feat xlink:href="#tok_422" value="PUN"/><!-- What.... -->
<feat xlink:href="#tok_423" value="CJS"/><!-- What.... -->
<feat xlink:href="#tok_424" value="DT0"/><!-- What.... -->
<feat xlink:href="#tok_425" value="CJS"/><!-- What.... -->
<feat xlink:href="#tok_426" value="PNP"/><!-- What.... -->
<feat xlink:href="#tok_427" value="VHB"/><!-- What.... -->
<feat xlink:href="#tok_428" value="NN2"/><!-- What.... -->
<feat xlink:href="#tok_429" value="VVN"/><!-- What.... -->
<feat xlink:href="#tok_430" value="PRP"/><!-- What.... -->
<feat xlink:href="#tok_431" value="VVG"/><!-- What.... -->
<feat xlink:href="#tok_432" value="AV0"/><!-- What.... -->
<feat xlink:href="#tok_433" value="PUN"/><!-- What.... -->
<feat xlink:href="#tok_434" value="AT0"/><!-- What.... -->
<feat xlink:href="#tok_435" value="NN1"/><!-- genome -->
<feat xlink:href="#tok_436" value="PUN"/><!-- genome -->
<feat xlink:href="#tok_437" value="NN1"/><!-- transcriptome -->
<feat xlink:href="#tok_438" value="PUN"/><!-- transcriptome -->
<feat xlink:href="#tok_439" value="CJC"/><!-- transcriptome -->
<feat xlink:href="#tok_440" value="NN1"/><!-- metabolome -->
<feat xlink:href="#tok_441" value="PUN"/><!-- metabolome -->
<feat xlink:href="#tok_442" value="CJC"/><!-- metabolome -->
<feat xlink:href="#tok_443" value="VVB"/><!-- metabolome -->
<feat xlink:href="#tok_444" value="NN2"/><!-- metabolome -->
<feat xlink:href="#tok_445" value="PRF"/><!-- metabolome -->
<feat xlink:href="#tok_446" value="AT0"/><!-- metabolome -->
<feat xlink:href="#tok_447" value="NN1"/><!-- metabolome -->
<feat xlink:href="#tok_448" value="PRP"/><!-- metabolome -->
<feat xlink:href="#tok_449" value="AT0"/><!-- metabolome -->
<feat xlink:href="#tok_450" value="NN2"/><!-- metabolome -->
<feat xlink:href="#tok_451" value="CJC"/><!-- metabolome -->
<feat xlink:href="#tok_452" value="PRP"/><!-- metabolome -->
<feat xlink:href="#tok_453" value="AT0"/><!-- metabolome -->
<feat xlink:href="#tok_454" value="NN2"/><!-- metabolome -->
<feat xlink:href="#tok_455" value="PNX"/><!-- metabolome -->
<feat xlink:href="#tok_456" value="PUN"/><!-- metabolome -->
<feat xlink:href="#tok_457" value="PNP"/><!-- metabolome -->
<feat xlink:href="#tok_458" value="VM0"/><!-- metabolome -->
<feat xlink:href="#tok_459" value="VVI"/><!-- metabolome -->
<feat xlink:href="#tok_460" value="AJ0"/><!-- metabolome -->
<feat xlink:href="#tok_461" value="NN2"/><!-- metabolome -->
<feat xlink:href="#tok_462" value="PUN"/><!-- metabolome -->
<feat xlink:href="#tok_463" value="CJC"/><!-- metabolome -->
<feat xlink:href="#tok_464" value="NN1"/><!-- metabolome -->
<feat xlink:href="#tok_465" value="PRP"/><!-- metabolome -->
<feat xlink:href="#tok_466" value="DTQ"/><!-- metabolome -->
<feat xlink:href="#tok_467" value="DT0"/><!-- metabolome -->
<feat xlink:href="#tok_468" value="NN2"/><!-- metabolome -->
<feat xlink:href="#tok_469" value="VHB"/><!-- metabolome -->
<feat xlink:href="#tok_470" value="CJC"/><!-- metabolome -->
<feat xlink:href="#tok_471" value="VDB"/><!-- metabolome -->
<feat xlink:href="#tok_472" value="PUL"/><!-- metabolome -->
<feat xlink:href="#tok_473" value="AV0"/><!-- metabolome -->
<feat xlink:href="#tok_474" value="CJC"/><!-- metabolome -->
<feat xlink:href="#tok_475" value="AV0"/><!-- metabolome -->
<feat xlink:href="#tok_476" value="PUR"/><!-- metabolome -->
<feat xlink:href="#tok_477" value="CJT"/><!-- metabolome -->
<feat xlink:href="#tok_478" value="VVZ"/><!-- metabolome -->
<feat xlink:href="#tok_479" value="PNP"/><!-- metabolome -->
<feat xlink:href="#tok_480" value="VVI"/><!-- metabolome -->
<feat xlink:href="#tok_481" value="CJS"/><!-- metabolome -->
<feat xlink:href="#tok_482" value="PNP"/><!-- metabolome -->
<feat xlink:href="#tok_483" value="VVB"/><!-- metabolome -->
<feat xlink:href="#tok_484" value="PUN"/><!-- metabolome -->
<feat xlink:href="#tok_485" value="AV0"/><!-- Just.... -->
<feat xlink:href="#tok_486" value="VVG"/><!-- Just.... -->
<feat xlink:href="#tok_487" value="AT0"/><!-- Just.... -->
<feat xlink:href="#tok_488" value="AJ0"/><!-- Just.... -->
<feat xlink:href="#tok_489" value="NN1"/><!-- Just.... -->
<feat xlink:href="#tok_490" value="PRP"/><!-- Just.... -->
<feat xlink:href="#tok_491" value="AT0"/><!-- Just.... -->
<feat xlink:href="#tok_492" value="AJ0"/><!-- Just.... -->
<feat xlink:href="#tok_493" value="NN0"/><!-- Just.... -->
<feat xlink:href="#tok_494" value="VBZ"/><!-- Just.... -->
<feat xlink:href="#tok_495" value="XX0"/><!-- Just.... -->
<feat xlink:href="#tok_496" value="AV0"/><!-- Just.... -->
<feat xlink:href="#tok_497" value="AJ0"/><!-- Just.... -->
<feat xlink:href="#tok_498" value="PUN"/><!-- Just.... -->
<feat xlink:href="#tok_499" value="AV0"/><!-- Just.... -->
<feat xlink:href="#tok_500" value="CJS"/><!-- Just.... -->
<feat xlink:href="#tok_501" value="DT0"/><!-- Just.... -->
<feat xlink:href="#tok_502" value="NN1"/><!-- Just.... -->
<feat xlink:href="#tok_503" value="VBZ"/><!-- Just.... -->
<feat xlink:href="#tok_504" value="AV0"/><!-- Just.... -->
<feat xlink:href="#tok_505" value="AJ0"/><!-- Just.... -->
<feat xlink:href="#tok_506" value="CJS"/><!-- Just.... -->
<feat xlink:href="#tok_507" value="DT0"/><!-- Just.... -->
<feat xlink:href="#tok_508" value="AV0"/><!-- Just.... -->
<feat xlink:href="#tok_509" value="VBB"/><!-- Just.... -->
<feat xlink:href="#tok_510" value="PUN"/><!-- Just.... -->
<feat xlink:href="#tok_511" value="PNP"/><!-- we.... -->
<feat xlink:href="#tok_512" value="VVB"/><!-- we.... -->
<feat xlink:href="#tok_513" value="TO0"/><!-- we.... -->
<feat xlink:href="#tok_514" value="VVI"/><!-- we.... -->
<feat xlink:href="#tok_515" value="DTQ"/><!-- we.... -->
<feat xlink:href="#tok_516" value="AV0"/><!-- we.... -->
<feat xlink:href="#tok_517" value="PNP"/><!-- we.... -->
<feat xlink:href="#tok_518" value="VBZ"/><!-- we.... -->
<feat xlink:href="#tok_519" value="AJ0"/><!-- we.... -->
<feat xlink:href="#tok_520" value="CJC"/><!-- we.... -->
<feat xlink:href="#tok_521" value="AV0"/><!-- we.... -->
<feat xlink:href="#tok_522" value="VVN"/><!-- we.... -->
<feat xlink:href="#tok_523" value="PRP"/><!-- we.... -->
<feat xlink:href="#tok_524" value="VVG"/><!-- we.... -->
<feat xlink:href="#tok_525" value="PRP"/><!-- we.... -->
<feat xlink:href="#tok_526" value="DT0"/><!-- we.... -->
<feat xlink:href="#tok_527" value="AJ0"/><!-- we.... -->
<feat xlink:href="#tok_528" value="NN1"/><!-- we.... -->
<feat xlink:href="#tok_529" value="PUN"/><!-- we.... -->
<feat xlink:href="#tok_530" value="AT0"/><!-- The.... -->
<feat xlink:href="#tok_531" value="AJ0"/><!-- The.... -->
<feat xlink:href="#tok_532" value="NN1"/><!-- The.... -->
<feat xlink:href="#tok_533" value="TO0"/><!-- The.... -->
<feat xlink:href="#tok_534" value="VVI"/><!-- The.... -->
<feat xlink:href="#tok_535" value="PRP"/><!-- The.... -->
<feat xlink:href="#tok_536" value="DTQ"/><!-- The.... -->
<feat xlink:href="#tok_537" value="ZZ0"/><!-- The.... -->
<feat xlink:href="#tok_538" value="AJ0"/><!-- The.... -->
<feat xlink:href="#tok_539" value="VBZ"/><!-- The.... -->
<feat xlink:href="#tok_540" value="TO0"/><!-- The.... -->
<feat xlink:href="#tok_541" value="VVI"/><!-- The.... -->
<feat xlink:href="#tok_542" value="NN2"/><!-- The.... -->
<feat xlink:href="#tok_543" value="PRP"/><!-- The.... -->
<feat xlink:href="#tok_544" value="AJ0"/><!-- The.... -->
<feat xlink:href="#tok_545" value="NN2"/><!-- The.... -->
<feat xlink:href="#tok_546" value="PUN"/><!-- The.... -->
<feat xlink:href="#tok_547" value="PNP"/><!-- We.... -->
<feat xlink:href="#tok_548" value="VM0"/><!-- We.... -->
<feat xlink:href="#tok_549" value="VVI"/><!-- We.... -->
<feat xlink:href="#tok_550" value="DT0"/><!-- We.... -->
<feat xlink:href="#tok_551" value="NN1"/><!-- We.... -->
<feat xlink:href="#tok_552" value="PRF"/><!-- We.... -->
<feat xlink:href="#tok_553" value="AT0"/><!-- We.... -->
<feat xlink:href="#tok_554" value="NN1"/><!-- We.... -->
<feat xlink:href="#tok_555" value="AV0"/><!-- We.... -->
<feat xlink:href="#tok_556" value="PUN"/><!-- We.... -->
<feat xlink:href="#tok_557" value="VVG"/><!-- We.... -->
<feat xlink:href="#tok_558" value="VHG"/><!-- We.... -->
<feat xlink:href="#tok_559" value="DT0"/><!-- We.... -->
<feat xlink:href="#tok_560" value="NN2"/><!-- We.... -->
<feat xlink:href="#tok_561" value="PRP"/><!-- We.... -->
<feat xlink:href="#tok_562" value="AT0"/><!-- We.... -->
<feat xlink:href="#tok_563" value="NN1"/><!-- We.... -->
<feat xlink:href="#tok_564" value="PUN"/><!-- We.... -->
<feat xlink:href="#tok_565" value="PRP"/><!-- In.... -->
<feat xlink:href="#tok_566" value="NN2"/><!-- In.... -->
<feat xlink:href="#tok_567" value="PRF"/><!-- In.... -->
<feat xlink:href="#tok_568" value="DPS"/><!-- In.... -->
<feat xlink:href="#tok_569" value="NN1"/><!-- In.... -->
<feat xlink:href="#tok_570" value="PUN"/><!-- In.... -->
<feat xlink:href="#tok_571" value="PNP"/><!-- In.... -->
<feat xlink:href="#tok_572" value="VVB"/><!-- In.... -->
<feat xlink:href="#tok_573" value="CJT"/><!-- In.... -->
<feat xlink:href="#tok_574" value="PNP"/><!-- In.... -->
<feat xlink:href="#tok_575" value="UNC"/><!-- In.... -->
<feat xlink:href="#tok_576" value="XX0"/><!-- In.... -->
<feat xlink:href="#tok_577" value="PNP"/><!-- In.... -->
<feat xlink:href="#tok_578" value="PUN"/><!-- In.... -->
<feat xlink:href="#tok_579" value="CJS"/><!-- although.... -->
<feat xlink:href="#tok_580" value="NN1"/><!-- although.... -->
<feat xlink:href="#tok_581" value="VBZ"/><!-- although.... -->
<feat xlink:href="#tok_582" value="AJ0"/><!-- although.... -->
<feat xlink:href="#tok_583" value="PRP"/><!-- although.... -->
<feat xlink:href="#tok_584" value="NN1"/><!-- although.... -->
<feat xlink:href="#tok_585" value="NN2"/><!-- although.... -->
<feat xlink:href="#tok_586" value="PUN"/><!-- although.... -->
<feat xlink:href="#tok_587" value="PNP"/><!-- although.... -->
<feat xlink:href="#tok_588" value="VDB"/><!-- although.... -->
<feat xlink:href="#tok_589" value="XX0"/><!-- although.... -->
<feat xlink:href="#tok_590" value="AV0"/><!-- although.... -->
<feat xlink:href="#tok_591" value="VVI"/><!-- although.... -->
<feat xlink:href="#tok_592" value="NN1"/><!-- although.... -->
<feat xlink:href="#tok_593" value="PNX"/><!-- although.... -->
<feat xlink:href="#tok_594" value="PUN"/><!-- although.... -->
<feat xlink:href="#tok_595" value="PNP"/><!-- They.... -->
<feat xlink:href="#tok_596" value="VDB"/><!-- They.... -->
<feat xlink:href="#tok_597" value="VVI"/><!-- They.... -->
<feat xlink:href="#tok_598" value="AT0"/><!-- They.... -->
<feat xlink:href="#tok_599" value="NN1"/><!-- They.... -->
<feat xlink:href="#tok_600" value="PRF"/><!-- They.... -->
<feat xlink:href="#tok_601" value="AJ0"/><!-- They.... -->
<feat xlink:href="#tok_602" value="NN2"/><!-- They.... -->
<feat xlink:href="#tok_603" value="PUN"/><!-- They.... -->
<feat xlink:href="#tok_604" value="CJC"/><!-- They.... -->
<feat xlink:href="#tok_605" value="DT0"/><!-- They.... -->
<feat xlink:href="#tok_606" value="VM0"/><!-- They.... -->
<feat xlink:href="#tok_607" value="VVB"/><!-- They.... -->
<feat xlink:href="#tok_608" value="PRP"/><!-- They.... -->
<feat xlink:href="#tok_609" value="AT0"/><!-- They.... -->
<feat xlink:href="#tok_610" value="NN1"/><!-- They.... -->
<feat xlink:href="#tok_611" value="PRF"/><!-- They.... -->
<feat xlink:href="#tok_612" value="AT0"/><!-- They.... -->
<feat xlink:href="#tok_613" value="NP0"/><!-- They.... -->
<feat xlink:href="#tok_614" value="TO0"/><!-- They.... -->
<feat xlink:href="#tok_615" value="VVI"/><!-- They.... -->
<feat xlink:href="#tok_616" value="CJT"/><!-- They.... -->
<feat xlink:href="#tok_617" value="AJ0"/><!-- They.... -->
<feat xlink:href="#tok_618" value="NN1"/><!-- They.... -->
<feat xlink:href="#tok_619" value="PUN"/><!-- They.... -->
<feat xlink:href="#tok_620" value="DTQ"/><!-- What...? -->
<feat xlink:href="#tok_621" value="NN1"/><!-- What...? -->
<feat xlink:href="#tok_622" value="VDD"/><!-- What...? -->
<feat xlink:href="#tok_623" value="PNP"/><!-- What...? -->
<feat xlink:href="#tok_624" value="VVI"/><!-- What...? -->
<feat xlink:href="#tok_625" value="PRP"/><!-- What...? -->
<feat xlink:href="#tok_626" value="AT0"/><!-- What...? -->
<feat xlink:href="#tok_627" value="NN2"/><!-- What...? -->
<feat xlink:href="#tok_628" value="CJC"/><!-- What...? -->
<feat xlink:href="#tok_629" value="DTQ"/><!-- What...? -->
<feat xlink:href="#tok_630" value="NN1"/><!-- What...? -->
<feat xlink:href="#tok_631" value="VBD"/><!-- What...? -->
<feat xlink:href="#tok_632" value="VVN"/><!-- What...? -->
<feat xlink:href="#tok_633" value="PUN"/><!-- What...? -->
<feat xlink:href="#tok_634" value="PNP"/><!-- I.... -->
<feat xlink:href="#tok_635" value="VVD"/><!-- I.... -->
<feat xlink:href="#tok_636" value="AT0"/><!-- I.... -->
<feat xlink:href="#tok_637" value="AJ0"/><!-- I.... -->
<feat xlink:href="#tok_638" value="NN1"/><!-- I.... -->
<feat xlink:href="#tok_639" value="TO0"/><!-- I.... -->
<feat xlink:href="#tok_640" value="VVI"/><!-- I.... -->
<feat xlink:href="#tok_641" value="PRP"/><!-- I.... -->
<feat xlink:href="#tok_642" value="AT0"/><!-- I.... -->
<feat xlink:href="#tok_643" value="NN1"/><!-- I.... -->
<feat xlink:href="#tok_644" value="ZZ0"/><!-- I.... -->
<feat xlink:href="#tok_645" value="AJ0"/><!-- I.... -->
<feat xlink:href="#tok_646" value="NN1"/><!-- I.... -->
<feat xlink:href="#tok_647" value="CJC"/><!-- I.... -->
<feat xlink:href="#tok_648" value="AJ0"/><!-- I.... -->
<feat xlink:href="#tok_649" value="NN1"/><!-- I.... -->
<feat xlink:href="#tok_650" value="NN1"/><!-- I.... -->
<feat xlink:href="#tok_651" value="PUL"/><!-- I.... -->
<feat xlink:href="#tok_652" value="NN1"/><!-- I.... -->
<feat xlink:href="#tok_653" value="PRF"/><!-- I.... -->
<feat xlink:href="#tok_654" value="CRD"/><!-- I.... -->
<feat xlink:href="#tok_655" value="CRD"/><!-- I.... -->
<feat xlink:href="#tok_656" value="PUR"/><!-- I.... -->
<feat xlink:href="#tok_657" value="PUN"/><!-- I.... -->
<feat xlink:href="#tok_658" value="PNP"/><!-- I...microscope -->
<feat xlink:href="#tok_659" value="VVN"/><!-- I...microscope -->
<feat xlink:href="#tok_660" value="AT0"/><!-- I...microscope -->
<feat xlink:href="#tok_661" value="DT0"/><!-- I...microscope -->
<feat xlink:href="#tok_662" value="PRF"/><!-- I...microscope -->
<feat xlink:href="#tok_663" value="AT0"/><!-- I...microscope -->
<feat xlink:href="#tok_664" value="NN2"/><!-- I...microscope -->
<feat xlink:href="#tok_665" value="PRP"/><!-- I...microscope -->
<feat xlink:href="#tok_666" value="NN1"/><!-- I...microscope -->
<feat xlink:href="#tok_667" value="CJC"/><!-- I...microscope -->
<feat xlink:href="#tok_668" value="AV0"/><!-- I...microscope -->
<feat xlink:href="#tok_669" value="VVB"/><!-- I...microscope -->
<feat xlink:href="#tok_670" value="PNP"/><!-- I...microscope -->
<feat xlink:href="#tok_671" value="PRP"/><!-- I...microscope -->
<feat xlink:href="#tok_672" value="AV0"/><!-- I...microscope -->
<feat xlink:href="#tok_673" value="AJ0"/><!-- I...microscope -->
<feat xlink:href="#tok_674" value="NN2"/><!-- I...microscope -->
<feat xlink:href="#tok_675" value="VVG"/><!-- I...microscope -->
<feat xlink:href="#tok_676" value="AT0"/><!-- I...microscope -->
<feat xlink:href="#tok_677" value="NN1"/><!-- microtome -->
<feat xlink:href="#tok_678" value="PUN"/><!-- microtome -->
<feat xlink:href="#tok_679" value="VVD"/><!-- microtome -->
<feat xlink:href="#tok_680" value="AT0"/><!-- microtome -->
<feat xlink:href="#tok_681" value="NN2"/><!-- microtome -->
<feat xlink:href="#tok_682" value="PRP"/><!-- microtome -->
<feat xlink:href="#tok_683" value="NN1"/><!-- microtome -->
<feat xlink:href="#tok_684" value="VVZ"/><!-- microtome -->
<feat xlink:href="#tok_685" value="PUN"/><!-- microtome -->
<feat xlink:href="#tok_686" value="VVD"/><!-- microtome -->
<feat xlink:href="#tok_687" value="AT0"/><!-- microtome -->
<feat xlink:href="#tok_688" value="NN2"/><!-- microtome -->
<feat xlink:href="#tok_689" value="TO0"/><!-- microtome -->
<feat xlink:href="#tok_690" value="VVI"/><!-- microtome -->
<feat xlink:href="#tok_691" value="NN1"/><!-- microtome -->
<feat xlink:href="#tok_692" value="PUN"/><!-- microtome -->
<feat xlink:href="#tok_693" value="CJC"/><!-- microtome -->
<feat xlink:href="#tok_694" value="AV0"/><!-- microtome -->
<feat xlink:href="#tok_695" value="VVD"/><!-- microtome -->
<feat xlink:href="#tok_696" value="PRP"/><!-- microtome -->
<feat xlink:href="#tok_697" value="DT0"/><!-- microtome -->
<feat xlink:href="#tok_698" value="NN2"/><!-- microtome -->
<feat xlink:href="#tok_699" value="PRP"/><!-- microtome -->
<feat xlink:href="#tok_700" value="AT0"/><!-- microtome -->
<feat xlink:href="#tok_701" value="NN1"/><!-- compound -->
<feat xlink:href="#tok_702" value="NN1"/><!-- compound -->
<feat xlink:href="#tok_703" value="PUL"/><!-- (.... -->
<feat xlink:href="#tok_704" value="CJT"/><!-- (.... -->
<feat xlink:href="#tok_705" value="ZZ0"/><!-- (.... -->
<feat xlink:href="#tok_706" value="AVQ"/><!-- (.... -->
<feat xlink:href="#tok_707" value="PNP"/><!-- (.... -->
<feat xlink:href="#tok_708" value="VVD"/><!-- (.... -->
<feat xlink:href="#tok_709" value="AT0"/><!-- (.... -->
<feat xlink:href="#tok_710" value="NN2"/><!-- (.... -->
<feat xlink:href="#tok_711" value="PRF"/><!-- (.... -->
<feat xlink:href="#tok_712" value="AT0"/><!-- (.... -->
<feat xlink:href="#tok_713" value="NN2"/><!-- (.... -->
<feat xlink:href="#tok_714" value="AV0"/><!-- etc -->
<feat xlink:href="#tok_715" value="PRP"/><!-- etc -->
<feat xlink:href="#tok_716" value="AT0"/><!-- etc -->
<feat xlink:href="#tok_717" value="NN1"/><!-- etc -->
<feat xlink:href="#tok_718" value="PUR"/><!-- etc -->
<feat xlink:href="#tok_719" value="PUN"/><!-- etc -->
<feat xlink:href="#tok_720" value="PNP"/><!-- I.... -->
<feat xlink:href="#tok_721" value="VVD"/><!-- I.... -->
<feat xlink:href="#tok_722" value="CJT"/><!-- I.... -->
<feat xlink:href="#tok_723" value="DT0"/><!-- I.... -->
<feat xlink:href="#tok_724" value="NN1"/><!-- I.... -->
<feat xlink:href="#tok_725" value="NN1"/><!-- I.... -->
<feat xlink:href="#tok_726" value="TO0"/><!-- I.... -->
<feat xlink:href="#tok_727" value="VVI"/><!-- I.... -->
<feat xlink:href="#tok_728" value="AV0"/><!-- I.... -->
<feat xlink:href="#tok_729" value="VVD"/><!-- I.... -->
<feat xlink:href="#tok_730" value="NN2"/><!-- I.... -->
<feat xlink:href="#tok_731" value="PRF"/><!-- I.... -->
<feat xlink:href="#tok_732" value="NN1"/><!-- I.... -->
<feat xlink:href="#tok_733" value="TO0"/><!-- I.... -->
<feat xlink:href="#tok_734" value="VVI"/><!-- I.... -->
<feat xlink:href="#tok_735" value="AT0"/><!-- I.... -->
<feat xlink:href="#tok_736" value="AJ0"/><!-- I.... -->
<feat xlink:href="#tok_737" value="NN1"/><!-- I.... -->
<feat xlink:href="#tok_738" value="PUL"/><!-- I.... -->
<feat xlink:href="#tok_739" value="UNC"/><!-- I.... -->
<feat xlink:href="#tok_740" value="NN2"/><!-- nematocysts -->
<feat xlink:href="#tok_741" value="PUR"/><!-- nematocysts -->
<feat xlink:href="#tok_742" value="PUN"/><!-- nematocysts -->
<feat xlink:href="#tok_743" value="PNP"/><!-- I.... -->
<feat xlink:href="#tok_744" value="VVD"/><!-- I.... -->
<feat xlink:href="#tok_745" value="AT0"/><!-- I.... -->
<feat xlink:href="#tok_746" value="NN2"/><!-- I.... -->
<feat xlink:href="#tok_747" value="PNP"/><!-- I.... -->
<feat xlink:href="#tok_748" value="VVD"/><!-- I.... -->
<feat xlink:href="#tok_749" value="PRP"/><!-- I.... -->
<feat xlink:href="#tok_750" value="AT0"/><!-- I.... -->
<feat xlink:href="#tok_751" value="NN2"/><!-- I.... -->
<feat xlink:href="#tok_752" value="PRP"/><!-- I.... -->
<feat xlink:href="#tok_753" value="DTQ"/><!-- I.... -->
<feat xlink:href="#tok_754" value="VHD"/><!-- I.... -->
<feat xlink:href="#tok_755" value="VBN"/><!-- I.... -->
<feat xlink:href="#tok_756" value="VVN"/><!-- I.... -->
<feat xlink:href="#tok_757" value="PRP"/><!-- I.... -->
<feat xlink:href="#tok_758" value="AJ0"/><!-- I.... -->
<feat xlink:href="#tok_759" value="NN0"/><!-- I.... -->
<feat xlink:href="#tok_760" value="PRP"/><!-- I.... -->
<feat xlink:href="#tok_761" value="DT0"/><!-- I.... -->
<feat xlink:href="#tok_762" value="NN1"/><!-- I.... -->
<feat xlink:href="#tok_763" value="PUN"/><!-- I.... -->
<feat xlink:href="#tok_764" value="DT0"/><!-- This...! -->
<feat xlink:href="#tok_765" value="NN1"/><!-- This...! -->
<feat xlink:href="#tok_766" value="VVZ"/><!-- This...! -->
<feat xlink:href="#tok_767" value="AJ0"/><!-- This...! -->
<feat xlink:href="#tok_768" value="PUN"/><!-- This...! -->
<feat xlink:href="#tok_769" value="CJC"/><!-- This...! -->
<feat xlink:href="#tok_770" value="PNP"/><!-- This...! -->
<feat xlink:href="#tok_771" value="VBZ"/><!-- This...! -->
<feat xlink:href="#tok_772" value="AV0"/><!-- This...! -->
<feat xlink:href="#tok_773" value="AT0"/><!-- This...! -->
<feat xlink:href="#tok_774" value="AV0"/><!-- This...! -->
<feat xlink:href="#tok_775" value="AJ0"/><!-- This...! -->
<feat xlink:href="#tok_776" value="NN1"/><!-- This...! -->
<feat xlink:href="#tok_777" value="PUN"/><!-- This...! -->
<feat xlink:href="#tok_778" value="PRP"/><!-- By.... -->
<feat xlink:href="#tok_779" value="VVG"/><!-- By.... -->
<feat xlink:href="#tok_780" value="DPS"/><!-- By.... -->
<feat xlink:href="#tok_781" value="NN2"/><!-- By.... -->
<feat xlink:href="#tok_782" value="PRP"/><!-- By.... -->
<feat xlink:href="#tok_783" value="DTQ"/><!-- By.... -->
<feat xlink:href="#tok_784" value="DPS"/><!-- By.... -->
<feat xlink:href="#tok_785" value="NN2"/><!-- By.... -->
<feat xlink:href="#tok_786" value="CJC"/><!-- By.... -->
<feat xlink:href="#tok_787" value="NN2"/><!-- By.... -->
<feat xlink:href="#tok_788" value="VHD"/><!-- By.... -->
<feat xlink:href="#tok_789" value="VVN"/><!-- By.... -->
<feat xlink:href="#tok_790" value="PUN"/><!-- By.... -->
<feat xlink:href="#tok_791" value="PNP"/><!-- By.... -->
<feat xlink:href="#tok_792" value="VVD"/><!-- By.... -->
<feat xlink:href="#tok_793" value="AVP"/><!-- By.... -->
<feat xlink:href="#tok_794" value="DTQ"/><!-- By.... -->
<feat xlink:href="#tok_795" value="NN1"/><!-- By.... -->
<feat xlink:href="#tok_796" value="PNP"/><!-- By.... -->
<feat xlink:href="#tok_797" value="VVZ"/><!-- By.... -->
<feat xlink:href="#tok_798" value="TO0"/><!-- By.... -->
<feat xlink:href="#tok_799" value="PUN"/><!-- By.... -->
<feat xlink:href="#tok_800" value="CJC"/><!-- By.... -->
<feat xlink:href="#tok_801" value="VBD"/><!-- By.... -->
<feat xlink:href="#tok_802" value="AJ0"/><!-- By.... -->
<feat xlink:href="#tok_803" value="TO0"/><!-- By.... -->
<feat xlink:href="#tok_804" value="VVI"/><!-- By.... -->
<feat xlink:href="#tok_805" value="CJT"/><!-- By.... -->
<feat xlink:href="#tok_806" value="PRP"/><!-- By.... -->
<feat xlink:href="#tok_807" value="DT0"/><!-- By.... -->
<feat xlink:href="#tok_808" value="NN1"/><!-- By.... -->
<feat xlink:href="#tok_809" value="PUN"/><!-- By.... -->
<feat xlink:href="#tok_810" value="PNP"/><!-- By.... -->
<feat xlink:href="#tok_811" value="VBD"/><!-- By.... -->
<feat xlink:href="#tok_812" value="AT0"/><!-- By.... -->
<feat xlink:href="#tok_813" value="AJ0"/><!-- By.... -->
<feat xlink:href="#tok_814" value="NN0"/><!-- By.... -->
<feat xlink:href="#tok_815" value="PUN"/><!-- By.... -->
<feat xlink:href="#tok_816" value="PNP"/><!-- It...? -->
<feat xlink:href="#tok_817" value="VBD"/><!-- It...? -->
<feat xlink:href="#tok_818" value="CRD"/><!-- It...? -->
<feat xlink:href="#tok_819" value="NN2"/><!-- It...? -->
<feat xlink:href="#tok_820" value="PRP"/><!-- It...? -->
<feat xlink:href="#tok_821" value="NN1"/><!-- It...? -->
<feat xlink:href="#tok_822" value="PRF"/><!-- It...? -->
<feat xlink:href="#tok_823" value="NN2"/><!-- It...? -->
<feat xlink:href="#tok_824" value="CJC"/><!-- It...? -->
<feat xlink:href="#tok_825" value="AJ0"/><!-- It...? -->
<feat xlink:href="#tok_826" value="NN1"/><!-- It...? -->
<feat xlink:href="#tok_827" value="PUN"/><!-- It...? -->
<feat xlink:href="#tok_828" value="AVQ"/><!-- It...? -->
<feat xlink:href="#tok_829" value="VDD"/><!-- It...? -->
<feat xlink:href="#tok_830" value="PNP"/><!-- It...? -->
<feat xlink:href="#tok_831" value="VVI"/><!-- It...? -->
<feat xlink:href="#tok_832" value="AV0"/><!-- It...? -->
<feat xlink:href="#tok_833" value="AJ0"/><!-- It...? -->
<feat xlink:href="#tok_834" value="PUN"/><!-- It...? -->
<feat xlink:href="#tok_835" value="PNP"/><!-- You.... -->
<feat xlink:href="#tok_836" value="VVB"/><!-- You.... -->
<feat xlink:href="#tok_837" value="PUN"/><!-- You.... -->
<feat xlink:href="#tok_838" value="AVQ"/><!-- You.... -->
<feat xlink:href="#tok_839" value="VDD"/><!-- You.... -->
<feat xlink:href="#tok_840" value="PNP"/><!-- You.... -->
<feat xlink:href="#tok_841" value="VVI"/><!-- You.... -->
<feat xlink:href="#tok_842" value="TO0"/><!-- You.... -->
<feat xlink:href="#tok_843" value="VVI"/><!-- You.... -->
<feat xlink:href="#tok_844" value="PNP"/><!-- You.... -->
<feat xlink:href="#tok_845" value="AV0"/><!-- You.... -->
<feat xlink:href="#tok_846" value="VVB"/><!-- You.... -->
<feat xlink:href="#tok_847" value="AV0"/><!-- You.... -->
<feat xlink:href="#tok_848" value="AV0"/><!-- You.... -->
<feat xlink:href="#tok_849" value="PUN"/><!-- You.... -->
<feat xlink:href="#tok_850" value="AV0"/><!-- You.... -->
<feat xlink:href="#tok_851" value="PUN"/><!-- You.... -->
<feat xlink:href="#tok_852" value="UNC"/><!-- You.... -->
<feat xlink:href="#tok_853" value="PNP"/><!-- It.... -->
<feat xlink:href="#tok_854" value="VBD"/><!-- It.... -->
<feat xlink:href="#tok_855" value="PRP"/><!-- It.... -->
<feat xlink:href="#tok_856" value="CRD"/><!-- It.... -->
<feat xlink:href="#tok_857" value="NN2"/><!-- It.... -->
<feat xlink:href="#tok_858" value="PRP"/><!-- It.... -->
<feat xlink:href="#tok_859" value="AVQ"/><!-- It.... -->
<feat xlink:href="#tok_860" value="NP0"/><!-- It.... -->
<feat xlink:href="#tok_861" value="VVD"/><!-- It.... -->
<feat xlink:href="#tok_862" value="PNP"/><!-- It.... -->
<feat xlink:href="#tok_863" value="NN2"/><!-- It.... -->
<feat xlink:href="#tok_864" value="PRP"/><!-- It.... -->
<feat xlink:href="#tok_865" value="CJS"/><!-- It.... -->
<feat xlink:href="#tok_866" value="PNP"/><!-- It.... -->
<feat xlink:href="#tok_867" value="VVD"/><!-- It.... -->
<feat xlink:href="#tok_868" value="AT0"/><!-- It.... -->
<feat xlink:href="#tok_869" value="NN1"/><!-- It.... -->
<feat xlink:href="#tok_870" value="AVP"/><!-- It.... -->
<feat xlink:href="#tok_871" value="PUN"/><!-- It.... -->
<feat xlink:href="#tok_872" value="DT0"/><!-- Some...- -->
<feat xlink:href="#tok_873" value="PRF"/><!-- Some...- -->
<feat xlink:href="#tok_874" value="DT0"/><!-- Some...- -->
<feat xlink:href="#tok_875" value="NN1"/><!-- Some...- -->
<feat xlink:href="#tok_876" value="VBD"/><!-- Some...- -->
<feat xlink:href="#tok_877" value="AV0"/><!-- Some...- -->
<feat xlink:href="#tok_878" value="AJ0"/><!-- Some...- -->
<feat xlink:href="#tok_879" value="NN1"/><!-- Some...- -->
<feat xlink:href="#tok_880" value="PUN"/><!-- Some...- -->
<feat xlink:href="#tok_881" value="PNP"/><!-- I.... -->
<feat xlink:href="#tok_882" value="VHD"/><!-- I.... -->
<feat xlink:href="#tok_883" value="AJ0"/><!-- I.... -->
<feat xlink:href="#tok_884" value="NN2"/><!-- I.... -->
<feat xlink:href="#tok_885" value="PRP"/><!-- I.... -->
<feat xlink:href="#tok_886" value="AT0"/><!-- I.... -->
<feat xlink:href="#tok_887" value="NN1"/><!-- I.... -->
<feat xlink:href="#tok_888" value="CJT"/><!-- I.... -->
<feat xlink:href="#tok_889" value="PNP"/><!-- I.... -->
<feat xlink:href="#tok_890" value="VVD"/><!-- I.... -->
<feat xlink:href="#tok_891" value="TO0"/><!-- I.... -->
<feat xlink:href="#tok_892" value="VVI"/><!-- I.... -->
<feat xlink:href="#tok_893" value="PUN"/><!-- I.... -->
<feat xlink:href="#tok_894" value="CJS"/><!-- Once...etc. -->
<feat xlink:href="#tok_895" value="PNP"/><!-- Once...etc. -->
<feat xlink:href="#tok_896" value="VVD"/><!-- Once...etc. -->
<feat xlink:href="#tok_897" value="AVP"/><!-- Once...etc. -->
<feat xlink:href="#tok_898" value="DTQ"/><!-- Once...etc. -->
<feat xlink:href="#tok_899" value="PNP"/><!-- Once...etc. -->
<feat xlink:href="#tok_900" value="VBD"/><!-- Once...etc. -->
<feat xlink:href="#tok_901" value="PUN"/><!-- Once...etc. -->
<feat xlink:href="#tok_902" value="PNP"/><!-- Once...etc. -->
<feat xlink:href="#tok_903" value="VVD"/><!-- Once...etc. -->
<feat xlink:href="#tok_904" value="AT0"/><!-- Once...etc. -->
<feat xlink:href="#tok_905" value="NN1"/><!-- Once...etc. -->
<feat xlink:href="#tok_906" value="PRF"/><!-- Once...etc. -->
<feat xlink:href="#tok_907" value="NN1"/><!-- Once...etc. -->
<feat xlink:href="#tok_908" value="NN1"/><!-- Once...etc. -->
<feat xlink:href="#tok_909" value="NN1"/><!-- Once...etc. -->
<feat xlink:href="#tok_910" value="PUN"/><!-- Once...etc. -->
<feat xlink:href="#tok_911" value="DTQ"/><!-- Once...etc. -->
<feat xlink:href="#tok_912" value="VM0"/><!-- Once...etc. -->
<feat xlink:href="#tok_913" value="VBI"/><!-- Once...etc. -->
<feat xlink:href="#tok_914" value="VVG"/><!-- Once...etc. -->
<feat xlink:href="#tok_915" value="CJC"/><!-- Once...etc. -->
<feat xlink:href="#tok_916" value="NN1"/><!-- Once...etc. -->
<feat xlink:href="#tok_917" value="VVG"/><!-- Once...etc. -->
<feat xlink:href="#tok_918" value="VVN"/><!-- Once...etc. -->
<feat xlink:href="#tok_919" value="AT0"/><!-- Once...etc. -->
<feat xlink:href="#tok_920" value="AJ0"/><!-- Once...etc. -->
<feat xlink:href="#tok_921" value="NN2"/><!-- Once...etc. -->
<feat xlink:href="#tok_922" value="CJT"/><!-- Once...etc. -->
<feat xlink:href="#tok_923" value="NN2"/><!-- Once...etc. -->
<feat xlink:href="#tok_924" value="VVB"/><!-- Once...etc. -->
<feat xlink:href="#tok_925" value="PRP"/><!-- Once...etc. -->
<feat xlink:href="#tok_926" value="NN2"/><!-- Once...etc. -->
<feat xlink:href="#tok_927" value="PRF"/><!-- Once...etc. -->
<feat xlink:href="#tok_928" value="NN1"/><!-- Once...etc. -->
<feat xlink:href="#tok_929" value="PUN"/><!-- Once...etc. -->
<feat xlink:href="#tok_930" value="NN1"/><!-- Once...etc. -->
<feat xlink:href="#tok_931" value="NN1"/><!-- Once...etc. -->
<feat xlink:href="#tok_932" value="PUN"/><!-- Once...etc. -->
<feat xlink:href="#tok_933" value="AV0"/><!-- Once...etc. -->
<feat xlink:href="#tok_934" value="NN1"/><!-- Manuscript.... -->
<feat xlink:href="#tok_935" value="NN1"/><!-- Manuscript.... -->
<feat xlink:href="#tok_936" value="CJC"/><!-- Manuscript.... -->
<feat xlink:href="#tok_937" value="NN1"/><!-- Manuscript.... -->
<feat xlink:href="#tok_938" value="VVD"/><!-- Manuscript.... -->
<feat xlink:href="#tok_939" value="PRP"/><!-- Manuscript.... -->
<feat xlink:href="#tok_940" value="CRD"/><!-- Manuscript.... -->
<feat xlink:href="#tok_941" value="NN2"/><!-- Manuscript.... -->
<feat xlink:href="#tok_942" value="PUN"/><!-- Manuscript.... -->
<feat xlink:href="#tok_943" value="DTQ"/><!-- What...? -->
<feat xlink:href="#tok_944" value="NN1"/><!-- What...? -->
<feat xlink:href="#tok_945" value="PRF"/><!-- What...? -->
<feat xlink:href="#tok_946" value="NN2"/><!-- What...? -->
<feat xlink:href="#tok_947" value="VBD"/><!-- What...? -->
<feat xlink:href="#tok_948" value="VVN"/><!-- What...? -->
<feat xlink:href="#tok_949" value="PRP"/><!-- What...? -->
<feat xlink:href="#tok_950" value="AT0"/><!-- What...? -->
<feat xlink:href="#tok_951" value="AJ0"/><!-- What...? -->
<feat xlink:href="#tok_952" value="NN2"/><!-- What...? -->
<feat xlink:href="#tok_953" value="VVN"/><!-- What...? -->
<feat xlink:href="#tok_954" value="PUN"/><!-- What...? -->
<feat xlink:href="#tok_955" value="CJC"/><!-- What...? -->
<feat xlink:href="#tok_956" value="DTQ"/><!-- What...? -->
<feat xlink:href="#tok_957" value="AJ0"/><!-- What...? -->
<feat xlink:href="#tok_958" value="NN1"/><!-- What...? -->
<feat xlink:href="#tok_959" value="VM0"/><!-- What...? -->
<feat xlink:href="#tok_960" value="VBI"/><!-- What...? -->
<feat xlink:href="#tok_961" value="AJ0"/><!-- What...? -->
<feat xlink:href="#tok_962" value="PRP"/><!-- What...? -->
<feat xlink:href="#tok_963" value="AT0"/><!-- What...? -->
<feat xlink:href="#tok_964" value="NN1"/><!-- What...? -->
<feat xlink:href="#tok_965" value="PRP"/><!-- What...? -->
<feat xlink:href="#tok_966" value="AJ0"/><!-- What...? -->
<feat xlink:href="#tok_967" value="NN1"/><!-- What...? -->
<feat xlink:href="#tok_968" value="PUN"/><!-- What...? -->
<feat xlink:href="#tok_969" value="AT0"/><!-- The.... -->
<feat xlink:href="#tok_970" value="NN1"/><!-- The.... -->
<feat xlink:href="#tok_971" value="VBD"/><!-- The.... -->
<feat xlink:href="#tok_972" value="XX0"/><!-- The.... -->
<feat xlink:href="#tok_973" value="AJ0"/><!-- The.... -->
<feat xlink:href="#tok_974" value="PUN"/><!-- The.... -->
<feat xlink:href="#tok_975" value="PNP"/><!-- they.... -->
<feat xlink:href="#tok_976" value="VVD"/><!-- they.... -->
<feat xlink:href="#tok_977" value="AJS"/><!-- they.... -->
<feat xlink:href="#tok_978" value="NN2"/><!-- they.... -->
<feat xlink:href="#tok_979" value="PRP"/><!-- they.... -->
<feat xlink:href="#tok_980" value="AJ0"/><!-- they.... -->
<feat xlink:href="#tok_981" value="NN1"/><!-- they.... -->
<feat xlink:href="#tok_982" value="PUN"/><!-- they.... -->
<feat xlink:href="#tok_983" value="VHG"/><!-- Having.... -->
<feat xlink:href="#tok_984" value="NP0"/><!-- Having.... -->
<feat xlink:href="#tok_985" value="NN1"/><!-- Having.... -->
<feat xlink:href="#tok_986" value="VM0"/><!-- Having.... -->
<feat xlink:href="#tok_987" value="VVI"/><!-- Having.... -->
<feat xlink:href="#tok_988" value="PNP"/><!-- Having.... -->
<feat xlink:href="#tok_989" value="VVI"/><!-- Having.... -->
<feat xlink:href="#tok_990" value="CJS"/><!-- Having.... -->
<feat xlink:href="#tok_991" value="EX0"/><!-- Having.... -->
<feat xlink:href="#tok_992" value="VBB"/><!-- Having.... -->
<feat xlink:href="#tok_993" value="AJ0"/><!-- Having.... -->
<feat xlink:href="#tok_994" value="NN2"/><!-- Having.... -->
<feat xlink:href="#tok_995" value="PUN"/><!-- Having.... -->
<feat xlink:href="#tok_996" value="CJC"/><!-- Having.... -->
<feat xlink:href="#tok_997" value="NN2"/><!-- Having.... -->
<feat xlink:href="#tok_998" value="VVD"/><!-- Having.... -->
<feat xlink:href="#tok_999" value="AVP"/><!-- Having.... -->
<feat xlink:href="#tok_1000" value="PRP"/><!-- Having.... -->
<feat xlink:href="#tok_1001" value="AJ0"/><!-- Having.... -->
<feat xlink:href="#tok_1002" value="NN2"/><!-- Having.... -->
<feat xlink:href="#tok_1003" value="CJC"/><!-- Having.... -->
<feat xlink:href="#tok_1004" value="PRP"/><!-- Having.... -->
<feat xlink:href="#tok_1005" value="AJ0"/><!-- Having.... -->
<feat xlink:href="#tok_1006" value="NN2"/><!-- Having.... -->
<feat xlink:href="#tok_1007" value="CJT"/><!-- Having.... -->
<feat xlink:href="#tok_1008" value="VVB"/><!-- Having.... -->
<feat xlink:href="#tok_1009" value="VVI"/><!-- Having.... -->
<feat xlink:href="#tok_1010" value="AVQ"/><!-- Having.... -->
<feat xlink:href="#tok_1011" value="DT0"/><!-- Having.... -->
<feat xlink:href="#tok_1012" value="NN2"/><!-- Having.... -->
<feat xlink:href="#tok_1013" value="VVN"/><!-- Having.... -->
<feat xlink:href="#tok_1014" value="PRP"/><!-- Having.... -->
<feat xlink:href="#tok_1015" value="AJ0"/><!-- Having.... -->
<feat xlink:href="#tok_1016" value="NN1"/><!-- Having.... -->
<feat xlink:href="#tok_1017" value="CJC"/><!-- Having.... -->
<feat xlink:href="#tok_1018" value="AV0"/><!-- Having.... -->
<feat xlink:href="#tok_1019" value="VVB"/><!-- Having.... -->
<feat xlink:href="#tok_1020" value="PRP"/><!-- Having.... -->
<feat xlink:href="#tok_1021" value="AT0"/><!-- Having.... -->
<feat xlink:href="#tok_1022" value="NN1"/><!-- Having.... -->
<feat xlink:href="#tok_1023" value="PUN"/><!-- Having.... -->
<feat xlink:href="#tok_1024" value="PNP"/><!-- I...- -->
<feat xlink:href="#tok_1025" value="VBB"/><!-- I...- -->
<feat xlink:href="#tok_1026" value="AJ0"/><!-- I...- -->
<feat xlink:href="#tok_1027" value="PRP"/><!-- I...- -->
<feat xlink:href="#tok_1028" value="AT0"/><!-- I...- -->
<feat xlink:href="#tok_1029" value="NN1"/><!-- I...- -->
<feat xlink:href="#tok_1030" value="NN1"/><!-- I...- -->
<feat xlink:href="#tok_1031" value="PRF"/><!-- I...- -->
<feat xlink:href="#tok_1032" value="AT0"/><!-- I...- -->
<feat xlink:href="#tok_1033" value="AJ0"/><!-- I...- -->
<feat xlink:href="#tok_1034" value="NN2"/><!-- I...- -->
<feat xlink:href="#tok_1035" value="UNC"/><!-- I...- -->
<feat xlink:href="#tok_1036" value="PRF"/><!-- I...- -->
<feat xlink:href="#tok_1037" value="NN2"/><!-- I...- -->
<feat xlink:href="#tok_1038" value="PUN"/><!-- I...- -->
<feat xlink:href="#tok_1039" value="AT0"/><!-- the.... -->
<feat xlink:href="#tok_1040" value="NN1"/><!-- the.... -->
<feat xlink:href="#tok_1041" value="PRP"/><!-- the.... -->
<feat xlink:href="#tok_1042" value="DTQ"/><!-- the.... -->
<feat xlink:href="#tok_1043" value="NP0"/><!-- the.... -->
<feat xlink:href="#tok_1044" value="NN2"/><!-- the.... -->
<feat xlink:href="#tok_1045" value="VVZ"/><!-- the.... -->
<feat xlink:href="#tok_1046" value="VVZ"/><!-- the.... -->
<feat xlink:href="#tok_1047" value="DT0"/><!-- the.... -->
<feat xlink:href="#tok_1048" value="NN0"/><!-- the.... -->
<feat xlink:href="#tok_1049" value="CJT"/><!-- the.... -->
<feat xlink:href="#tok_1050" value="VVB"/><!-- the.... -->
<feat xlink:href="#tok_1051" value="AV0"/><!-- the.... -->
<feat xlink:href="#tok_1052" value="PUN"/><!-- the.... -->
<feat xlink:href="#tok_1053" value="CJC"/><!-- the.... -->
<feat xlink:href="#tok_1054" value="PNP"/><!-- the.... -->
<feat xlink:href="#tok_1055" value="UNC"/><!-- the.... -->
<feat xlink:href="#tok_1056" value="AJ0"/><!-- the.... -->
<feat xlink:href="#tok_1057" value="CJT"/><!-- the.... -->
<feat xlink:href="#tok_1058" value="AT0"/><!-- the.... -->
<feat xlink:href="#tok_1059" value="NN2"/><!-- the.... -->
<feat xlink:href="#tok_1060" value="VBB"/><!-- the.... -->
<feat xlink:href="#tok_1061" value="AJ0"/><!-- the.... -->
<feat xlink:href="#tok_1062" value="NN2"/><!-- the.... -->
<feat xlink:href="#tok_1063" value="NP0"/><!-- the.... -->
<feat xlink:href="#tok_1064" value="VVD"/><!-- the.... -->
<feat xlink:href="#tok_1065" value="AV0"/><!-- the.... -->
<feat xlink:href="#tok_1066" value="AV0"/><!-- the.... -->
<feat xlink:href="#tok_1067" value="CJS"/><!-- the.... -->
<feat xlink:href="#tok_1068" value="AT0"/><!-- the.... -->
<feat xlink:href="#tok_1069" value="NN1"/><!-- the.... -->
<feat xlink:href="#tok_1070" value="PRF"/><!-- the.... -->
<feat xlink:href="#tok_1071" value="AJ0"/><!-- the.... -->
<feat xlink:href="#tok_1072" value="NN1"/><!-- the.... -->
<feat xlink:href="#tok_1073" value="PUN"/><!-- the.... -->
<feat xlink:href="#tok_1074" value="NN1"/><!-- DNA.... -->
<feat xlink:href="#tok_1075" value="VBZ"/><!-- DNA.... -->
<feat xlink:href="#tok_1076" value="AT0"/><!-- DNA.... -->
<feat xlink:href="#tok_1077" value="AJ0"/><!-- DNA.... -->
<feat xlink:href="#tok_1078" value="NN1"/><!-- DNA.... -->
<feat xlink:href="#tok_1079" value="TO0"/><!-- DNA.... -->
<feat xlink:href="#tok_1080" value="VVI"/><!-- DNA.... -->
<feat xlink:href="#tok_1081" value="DT0"/><!-- DNA.... -->
<feat xlink:href="#tok_1082" value="PUN"/><!-- DNA.... -->
<feat xlink:href="#tok_1083" value="DT0"/><!-- This...al. -->
<feat xlink:href="#tok_1084" value="NN1"/><!-- This...al. -->
<feat xlink:href="#tok_1085" value="VVZ"/><!-- This...al. -->
<feat xlink:href="#tok_1086" value="AT0"/><!-- This...al. -->
<feat xlink:href="#tok_1087" value="NN1"/><!-- This...al. -->
<feat xlink:href="#tok_1088" value="PRF"/><!-- This...al. -->
<feat xlink:href="#tok_1089" value="AT0"/><!-- This...al. -->
<feat xlink:href="#tok_1090" value="NP0"/><!-- This...al. -->
<feat xlink:href="#tok_1091" value="NN1"/><!-- This...al. -->
<feat xlink:href="#tok_1092" value="NP0"/><!-- This...al. -->
<feat xlink:href="#tok_1093" value="PRP"/><!-- This...al. -->
<feat xlink:href="#tok_1094" value="AT0"/><!-- This...al. -->
<feat xlink:href="#tok_1095" value="NN1"/><!-- This...al. -->
<feat xlink:href="#tok_1096" value="PUN"/><!-- This...al. -->
<feat xlink:href="#tok_1097" value="CJC"/><!-- This...al. -->
<feat xlink:href="#tok_1098" value="AT0"/><!-- This...al. -->
<feat xlink:href="#tok_1099" value="CRD"/><!-- This...al. -->
<feat xlink:href="#tok_1100" value="AJ0"/><!-- This...al. -->
<feat xlink:href="#tok_1101" value="NN2"/><!-- This...al. -->
<feat xlink:href="#tok_1102" value="PRP"/><!-- This...al. -->
<feat xlink:href="#tok_1103" value="NP0"/><!-- This...al. -->
<feat xlink:href="#tok_1104" value="NN2"/><!-- This...al. -->
<feat xlink:href="#tok_1105" value="NN1"/><!-- This...al. -->
<feat xlink:href="#tok_1106" value="PRP"/><!-- This...al. -->
<feat xlink:href="#tok_1107" value="NP0"/><!-- This...al. -->
<feat xlink:href="#tok_1108" value="NP0"/><!-- This...al. -->
<feat xlink:href="#tok_1109" value="NN1"/><!-- image...al. -->
<feat xlink:href="#tok_1110" value="PUN"/><!-- image...al. -->
<feat xlink:href="#tok_1111" value="AV0"/><!-- image...al. -->
<feat xlink:href="#tok_1112" value="NP0"/><!-- image...al. -->
<feat xlink:href="#tok_1113" value="NP0"/><!-- image...al. -->
<feat xlink:href="#tok_1114" value="NP0"/><!-- Daly...al. -->
<feat xlink:href="#tok_1115" value="VVD"/><!-- Daly...al. -->
<feat xlink:href="#tok_1116" value="AVQ"/><!-- Daly...al. -->
<feat xlink:href="#tok_1117" value="PNP"/><!-- Daly...al. -->
<feat xlink:href="#tok_1118" value="VVD"/><!-- Daly...al. -->
<feat xlink:href="#tok_1119" value="DT0"/><!-- Daly...al. -->
<feat xlink:href="#tok_1120" value="NN2"/><!-- Daly...al. -->
<feat xlink:href="#tok_1121" value="PRF"/><!-- Daly...al. -->
<feat xlink:href="#tok_1122" value="AT0"/><!-- Daly...al. -->
<feat xlink:href="#tok_1123" value="NN1"/><!-- Daly...al. -->
<feat xlink:href="#tok_1124" value="ZZ0"/><!-- Daly...al. -->
<feat xlink:href="#tok_1125" value="NN1"/><!-- Daly...al. -->
<feat xlink:href="#tok_1126" value="PUN"/><!-- Daly...al. -->
<feat xlink:href="#tok_1127" value="NN1"/><!-- Image...al. -->
<feat xlink:href="#tok_1128" value="PUN"/><!-- Image...al. -->
<feat xlink:href="#tok_1129" value="AV0"/><!-- Image...al. -->
<feat xlink:href="#tok_1130" value="UNC"/><!-- Image...al. -->
<feat xlink:href="#tok_1131" value="NN1"/><!-- Image...al. -->
</featList>
</paula>
