<?xml version="1.0" encoding="UTF-8" standalone="no"?>
<!DOCTYPE paula SYSTEM "paula_mark.dtd">
<paula version="1.0">

<header paula_id="ref.GUM.GUM_interview_daly_referentSeg"/>

<markList xmlns:xlink="http://www.w3.org/1999/xlink" type="referentSeg" xml:base="GUM.GUM_interview_daly.tok.xml">
	<mark id="referent_1" xlink:href="#xpointer(id('tok_10')/range-to(id('tok_13')))"/>
	<mark id="referent_2" xlink:href="#tok_5"/>
	<mark id="referent_3" xlink:href="#xpointer(id('tok_7')/range-to(id('tok_8')))"/>
	<mark id="referent_4" xlink:href="#xpointer(id('tok_28')/range-to(id('tok_29')))"/>
	<mark id="referent_5" xlink:href="#tok_22"/>
	<mark id="referent_6" xlink:href="#xpointer(id('tok_30')/range-to(id('tok_31')))"/>
	<mark id="referent_7" xlink:href="#tok_36"/>
	<mark id="referent_8" xlink:href="#tok_39"/>
	<mark id="referent_9" xlink:href="#tok_43"/>
	<mark id="referent_10" xlink:href="#xpointer(id('tok_47')/range-to(id('tok_51')))"/>
	<mark id="referent_11" xlink:href="#xpointer(id('tok_55')/range-to(id('tok_57')))"/>
	<mark id="referent_12" xlink:href="#xpointer(id('tok_62')/range-to(id('tok_64')))"/>
	<mark id="referent_13" xlink:href="#xpointer(id('tok_66')/range-to(id('tok_71')))"/>
	<mark id="referent_14" xlink:href="#tok_73"/>
	<mark id="referent_15" xlink:href="#xpointer(id('tok_14')/range-to(id('tok_19')))"/>
	<mark id="referent_16" xlink:href="#tok_80"/>
	<mark id="referent_17" xlink:href="#tok_84"/>
	<mark id="referent_18" xlink:href="#xpointer(id('tok_96')/range-to(id('tok_100')))"/>
	<mark id="referent_19" xlink:href="#xpointer(id('tok_105')/range-to(id('tok_108')))"/>
	<mark id="referent_20" xlink:href="#xpointer(id('tok_113')/range-to(id('tok_114')))"/>
	<mark id="referent_21" xlink:href="#xpointer(id('tok_121')/range-to(id('tok_124')))"/>
	<mark id="referent_22" xlink:href="#xpointer(id('tok_128')/range-to(id('tok_130')))"/>
	<mark id="referent_23" xlink:href="#tok_133"/>
	<mark id="referent_24" xlink:href="#tok_140"/>
	<mark id="referent_25" xlink:href="#xpointer(id('tok_148')/range-to(id('tok_150')))"/>
	<mark id="referent_26" xlink:href="#tok_154"/>
	<mark id="referent_27" xlink:href="#tok_158"/>
	<mark id="referent_28" xlink:href="#xpointer(id('tok_160')/range-to(id('tok_161')))"/>
	<mark id="referent_29" xlink:href="#xpointer(id('tok_102')/range-to(id('tok_110')))"/>
	<mark id="referent_30" xlink:href="#tok_164"/>
	<mark id="referent_31" xlink:href="#tok_168"/>
	<mark id="referent_32" xlink:href="#tok_171"/>
	<mark id="referent_33" xlink:href="#tok_177"/>
	<mark id="referent_34" xlink:href="#xpointer(id('tok_190')/range-to(id('tok_191')))"/>
	<mark id="referent_35" xlink:href="#xpointer(id('tok_50')/range-to(id('tok_51')))"/>
	<mark id="referent_36" xlink:href="#tok_197"/>
	<mark id="referent_37" xlink:href="#xpointer(id('tok_202')/range-to(id('tok_203')))"/>
	<mark id="referent_38" xlink:href="#xpointer(id('tok_196')/range-to(id('tok_203')))"/>
	<mark id="referent_39" xlink:href="#tok_213"/>
	<mark id="referent_40" xlink:href="#tok_220"/>
	<mark id="referent_41" xlink:href="#tok_3"/>
	<mark id="referent_42" xlink:href="#tok_217"/>
	<mark id="referent_43" xlink:href="#xpointer(id('tok_205')/range-to(id('tok_206')))"/>
	<mark id="referent_44" xlink:href="#tok_223"/>
	<mark id="referent_45" xlink:href="#tok_247"/>
	<mark id="referent_46" xlink:href="#tok_279"/>
	<mark id="referent_47" xlink:href="#tok_324"/>
	<mark id="referent_48" xlink:href="#tok_342"/>
	<mark id="referent_49" xlink:href="#xpointer(id('tok_234')/range-to(id('tok_235')))"/>
	<mark id="referent_50" xlink:href="#tok_241"/>
	<mark id="referent_51" xlink:href="#xpointer(id('tok_254')/range-to(id('tok_255')))"/>
	<mark id="referent_52" xlink:href="#tok_270"/>
	<mark id="referent_53" xlink:href="#xpointer(id('tok_287')/range-to(id('tok_288')))"/>
	<mark id="referent_54" xlink:href="#tok_228"/>
	<mark id="referent_55" xlink:href="#tok_264"/>
	<mark id="referent_56" xlink:href="#xpointer(id('tok_231')/range-to(id('tok_242')))"/>
	<mark id="referent_57" xlink:href="#xpointer(id('tok_237')/range-to(id('tok_242')))"/>
	<mark id="referent_58" xlink:href="#xpointer(id('tok_249')/range-to(id('tok_255')))"/>
	<mark id="referent_59" xlink:href="#xpointer(id('tok_257')/range-to(id('tok_258')))"/>
	<mark id="referent_60" xlink:href="#tok_285"/>
	<mark id="referent_61" xlink:href="#xpointer(id('tok_326')/range-to(id('tok_327')))"/>
	<mark id="referent_62" xlink:href="#tok_333"/>
	<mark id="referent_63" xlink:href="#xpointer(id('tok_335')/range-to(id('tok_338')))"/>
	<mark id="referent_64" xlink:href="#tok_304"/>
	<mark id="referent_65" xlink:href="#xpointer(id('tok_294')/range-to(id('tok_299')))"/>
	<mark id="referent_66" xlink:href="#xpointer(id('tok_306')/range-to(id('tok_309')))"/>
	<mark id="referent_67" xlink:href="#xpointer(id('tok_313')/range-to(id('tok_319')))"/>
	<mark id="referent_68" xlink:href="#xpointer(id('tok_340')/range-to(id('tok_341')))"/>
	<mark id="referent_69" xlink:href="#tok_356"/>
	<mark id="referent_70" xlink:href="#xpointer(id('tok_358')/range-to(id('tok_362')))"/>
	<mark id="referent_71" xlink:href="#tok_351"/>
	<mark id="referent_72" xlink:href="#xpointer(id('tok_365')/range-to(id('tok_366')))"/>
	<mark id="referent_73" xlink:href="#tok_371"/>
	<mark id="referent_74" xlink:href="#tok_375"/>
	<mark id="referent_75" xlink:href="#tok_377"/>
	<mark id="referent_76" xlink:href="#tok_381"/>
	<mark id="referent_77" xlink:href="#xpointer(id('tok_384')/range-to(id('tok_388')))"/>
	<mark id="referent_78" xlink:href="#tok_392"/>
	<mark id="referent_79" xlink:href="#xpointer(id('tok_397')/range-to(id('tok_403')))"/>
	<mark id="referent_80" xlink:href="#xpointer(id('tok_402')/range-to(id('tok_403')))"/>
	<mark id="referent_81" xlink:href="#tok_406"/>
	<mark id="referent_82" xlink:href="#tok_415"/>
	<mark id="referent_83" xlink:href="#tok_420"/>
	<mark id="referent_84" xlink:href="#tok_426"/>
	<mark id="referent_85" xlink:href="#tok_428"/>
	<mark id="referent_86" xlink:href="#xpointer(id('tok_434')/range-to(id('tok_440')))"/>
	<mark id="referent_87" xlink:href="#xpointer(id('tok_446')/range-to(id('tok_455')))"/>
	<mark id="referent_88" xlink:href="#xpointer(id('tok_453')/range-to(id('tok_454')))"/>
	<mark id="referent_89" xlink:href="#tok_457"/>
	<mark id="referent_90" xlink:href="#xpointer(id('tok_460')/range-to(id('tok_461')))"/>
	<mark id="referent_91" xlink:href="#xpointer(id('tok_467')/range-to(id('tok_468')))"/>
	<mark id="referent_92" xlink:href="#tok_479"/>
	<mark id="referent_93" xlink:href="#tok_482"/>
	<mark id="referent_94" xlink:href="#xpointer(id('tok_481')/range-to(id('tok_483')))"/>
	<mark id="referent_95" xlink:href="#xpointer(id('tok_491')/range-to(id('tok_493')))"/>
	<mark id="referent_96" xlink:href="#xpointer(id('tok_501')/range-to(id('tok_502')))"/>
	<mark id="referent_97" xlink:href="#tok_507"/>
	<mark id="referent_98" xlink:href="#tok_511"/>
	<mark id="referent_99" xlink:href="#tok_517"/>
	<mark id="referent_100" xlink:href="#tok_542"/>
	<mark id="referent_101" xlink:href="#xpointer(id('tok_544')/range-to(id('tok_545')))"/>
	<mark id="referent_102" xlink:href="#tok_547"/>
	<mark id="referent_103" xlink:href="#tok_571"/>
	<mark id="referent_104" xlink:href="#xpointer(id('tok_559')/range-to(id('tok_560')))"/>
	<mark id="referent_105" xlink:href="#xpointer(id('tok_584')/range-to(id('tok_585')))"/>
	<mark id="referent_106" xlink:href="#tok_587"/>
	<mark id="referent_107" xlink:href="#tok_595"/>
	<mark id="referent_108" xlink:href="#xpointer(id('tok_626')/range-to(id('tok_627')))"/>
	<mark id="referent_109" xlink:href="#xpointer(id('tok_568')/range-to(id('tok_569')))"/>
	<mark id="referent_110" xlink:href="#tok_580"/>
	<mark id="referent_111" xlink:href="#tok_592"/>
	<mark id="referent_112" xlink:href="#xpointer(id('tok_601')/range-to(id('tok_602')))"/>
	<mark id="referent_113" xlink:href="#tok_605"/>
	<mark id="referent_114" xlink:href="#xpointer(id('tok_609')/range-to(id('tok_613')))"/>
	<mark id="referent_115" xlink:href="#xpointer(id('tok_616')/range-to(id('tok_618')))"/>
	<mark id="referent_116" xlink:href="#xpointer(id('tok_317')/range-to(id('tok_319')))"/>
	<mark id="referent_117" xlink:href="#tok_630"/>
	<mark id="referent_118" xlink:href="#tok_634"/>
	<mark id="referent_119" xlink:href="#tok_658"/>
	<mark id="referent_120" xlink:href="#tok_720"/>
	<mark id="referent_121" xlink:href="#tok_743"/>
	<mark id="referent_122" xlink:href="#tok_747"/>
	<mark id="referent_123" xlink:href="#tok_791"/>
	<mark id="referent_124" xlink:href="#xpointer(id('tok_636')/range-to(id('tok_638')))"/>
	<mark id="referent_125" xlink:href="#xpointer(id('tok_642')/range-to(id('tok_644')))"/>
	<mark id="referent_126" xlink:href="#xpointer(id('tok_642')/range-to(id('tok_646')))"/>
	<mark id="referent_127" xlink:href="#xpointer(id('tok_648')/range-to(id('tok_650')))"/>
	<mark id="referent_128" xlink:href="#tok_574"/>
	<mark id="referent_129" xlink:href="#xpointer(id('tok_652')/range-to(id('tok_655')))"/>
	<mark id="referent_130" xlink:href="#xpointer(id('tok_660')/range-to(id('tok_664')))"/>
	<mark id="referent_131" xlink:href="#tok_670"/>
	<mark id="referent_132" xlink:href="#tok_677"/>
	<mark id="referent_133" xlink:href="#xpointer(id('tok_672')/range-to(id('tok_674')))"/>
	<mark id="referent_134" xlink:href="#xpointer(id('tok_680')/range-to(id('tok_681')))"/>
	<mark id="referent_135" xlink:href="#xpointer(id('tok_683')/range-to(id('tok_684')))"/>
	<mark id="referent_136" xlink:href="#xpointer(id('tok_687')/range-to(id('tok_688')))"/>
	<mark id="referent_137" xlink:href="#xpointer(id('tok_697')/range-to(id('tok_698')))"/>
	<mark id="referent_138" xlink:href="#xpointer(id('tok_701')/range-to(id('tok_702')))"/>
	<mark id="referent_139" xlink:href="#tok_707"/>
	<mark id="referent_140" xlink:href="#xpointer(id('tok_709')/range-to(id('tok_714')))"/>
	<mark id="referent_141" xlink:href="#xpointer(id('tok_716')/range-to(id('tok_717')))"/>
	<mark id="referent_142" xlink:href="#xpointer(id('tok_722')/range-to(id('tok_725')))"/>
	<mark id="referent_143" xlink:href="#xpointer(id('tok_750')/range-to(id('tok_751')))"/>
	<mark id="referent_144" xlink:href="#xpointer(id('tok_729')/range-to(id('tok_732')))"/>
	<mark id="referent_145" xlink:href="#xpointer(id('tok_735')/range-to(id('tok_737')))"/>
	<mark id="referent_146" xlink:href="#tok_740"/>
	<mark id="referent_147" xlink:href="#xpointer(id('tok_758')/range-to(id('tok_762')))"/>
	<mark id="referent_148" xlink:href="#xpointer(id('tok_764')/range-to(id('tok_765')))"/>
	<mark id="referent_149" xlink:href="#xpointer(id('tok_743')/range-to(id('tok_762')))"/>
	<mark id="referent_150" xlink:href="#tok_770"/>
	<mark id="referent_151" xlink:href="#xpointer(id('tok_780')/range-to(id('tok_781')))"/>
	<mark id="referent_152" xlink:href="#xpointer(id('tok_783')/range-to(id('tok_789')))"/>
	<mark id="referent_153" xlink:href="#tok_795"/>
	<mark id="referent_154" xlink:href="#tok_796"/>
	<mark id="referent_155" xlink:href="#xpointer(id('tok_807')/range-to(id('tok_808')))"/>
	<mark id="referent_156" xlink:href="#tok_810"/>
	<mark id="referent_157" xlink:href="#xpointer(id('tok_818')/range-to(id('tok_819')))"/>
	<mark id="referent_158" xlink:href="#xpointer(id('tok_821')/range-to(id('tok_823')))"/>
	<mark id="referent_159" xlink:href="#xpointer(id('tok_825')/range-to(id('tok_826')))"/>
	<mark id="referent_160" xlink:href="#tok_830"/>
	<mark id="referent_161" xlink:href="#tok_835"/>
	<mark id="referent_162" xlink:href="#tok_840"/>
	<mark id="referent_163" xlink:href="#tok_844"/>
	<mark id="referent_164" xlink:href="#xpointer(id('tok_855')/range-to(id('tok_857')))"/>
	<mark id="referent_165" xlink:href="#tok_860"/>
	<mark id="referent_166" xlink:href="#tok_862"/>
	<mark id="referent_167" xlink:href="#tok_863"/>
	<mark id="referent_168" xlink:href="#tok_866"/>
	<mark id="referent_169" xlink:href="#xpointer(id('tok_868')/range-to(id('tok_869')))"/>
	<mark id="referent_170" xlink:href="#xpointer(id('tok_874')/range-to(id('tok_875')))"/>
	<mark id="referent_171" xlink:href="#tok_881"/>
	<mark id="referent_172" xlink:href="#xpointer(id('tok_883')/range-to(id('tok_884')))"/>
	<mark id="referent_173" xlink:href="#tok_889"/>
	<mark id="referent_174" xlink:href="#tok_895"/>
	<mark id="referent_175" xlink:href="#tok_899"/>
	<mark id="referent_176" xlink:href="#tok_902"/>
	<mark id="referent_177" xlink:href="#xpointer(id('tok_969')/range-to(id('tok_970')))"/>
	<mark id="referent_178" xlink:href="#xpointer(id('tok_950')/range-to(id('tok_952')))"/>
	<mark id="referent_179" xlink:href="#xpointer(id('tok_980')/range-to(id('tok_981')))"/>
	<mark id="referent_180" xlink:href="#xpointer(id('tok_957')/range-to(id('tok_958')))"/>
	<mark id="referent_181" xlink:href="#xpointer(id('tok_963')/range-to(id('tok_967')))"/>
	<mark id="referent_182" xlink:href="#tok_967"/>
	<mark id="referent_183" xlink:href="#xpointer(id('tok_907')/range-to(id('tok_909')))"/>
	<mark id="referent_184" xlink:href="#xpointer(id('tok_919')/range-to(id('tok_921')))"/>
	<mark id="referent_185" xlink:href="#tok_928"/>
	<mark id="referent_186" xlink:href="#xpointer(id('tok_930')/range-to(id('tok_931')))"/>
	<mark id="referent_187" xlink:href="#xpointer(id('tok_934')/range-to(id('tok_937')))"/>
	<mark id="referent_188" xlink:href="#tok_946"/>
	<mark id="referent_189" xlink:href="#xpointer(id('tok_939')/range-to(id('tok_941')))"/>
	<mark id="referent_190" xlink:href="#tok_823"/>
	<mark id="referent_191" xlink:href="#xpointer(id('tok_984')/range-to(id('tok_985')))"/>
	<mark id="referent_192" xlink:href="#tok_988"/>
	<mark id="referent_193" xlink:href="#xpointer(id('tok_993')/range-to(id('tok_994')))"/>
	<mark id="referent_194" xlink:href="#xpointer(id('tok_997')/range-to(id('tok_1006')))"/>
	<mark id="referent_195" xlink:href="#xpointer(id('tok_1011')/range-to(id('tok_1012')))"/>
	<mark id="referent_196" xlink:href="#xpointer(id('tok_1015')/range-to(id('tok_1016')))"/>
	<mark id="referent_197" xlink:href="#xpointer(id('tok_1021')/range-to(id('tok_1022')))"/>
	<mark id="referent_198" xlink:href="#tok_1024"/>
	<mark id="referent_199" xlink:href="#xpointer(id('tok_1028')/range-to(id('tok_1037')))"/>
	<mark id="referent_200" xlink:href="#xpointer(id('tok_1032')/range-to(id('tok_1037')))"/>
	<mark id="referent_201" xlink:href="#tok_1037"/>
	<mark id="referent_202" xlink:href="#xpointer(id('tok_1039')/range-to(id('tok_1045')))"/>
	<mark id="referent_203" xlink:href="#xpointer(id('tok_1043')/range-to(id('tok_1044')))"/>
	<mark id="referent_204" xlink:href="#xpointer(id('tok_1047')/range-to(id('tok_1048')))"/>
	<mark id="referent_205" xlink:href="#xpointer(id('tok_1057')/range-to(id('tok_1065')))"/>
	<mark id="referent_206" xlink:href="#tok_1054"/>
	<mark id="referent_207" xlink:href="#xpointer(id('tok_1058')/range-to(id('tok_1059')))"/>
	<mark id="referent_208" xlink:href="#xpointer(id('tok_1071')/range-to(id('tok_1072')))"/>
	<mark id="referent_209" xlink:href="#tok_1074"/>
	<mark id="referent_210" xlink:href="#tok_1081"/>
	<mark id="referent_211" xlink:href="#xpointer(id('tok_1083')/range-to(id('tok_1084')))"/>
	<mark id="referent_212" xlink:href="#xpointer(id('tok_1086')/range-to(id('tok_1092')))"/>
	<mark id="referent_213" xlink:href="#xpointer(id('tok_69')/range-to(id('tok_71')))"/>
	<mark id="referent_214" xlink:href="#xpointer(id('tok_1094')/range-to(id('tok_1095')))"/>
	<mark id="referent_215" xlink:href="#xpointer(id('tok_1098')/range-to(id('tok_1104')))"/>
	<mark id="referent_216" xlink:href="#xpointer(id('tok_1103')/range-to(id('tok_1104')))"/>
	<mark id="referent_217" xlink:href="#xpointer(id('tok_1107')/range-to(id('tok_1108')))"/>
	<mark id="referent_218" xlink:href="#xpointer(id('tok_1111')/range-to(id('tok_1113')))"/>
	<mark id="referent_219" xlink:href="#tok_1114"/>
	<mark id="referent_220" xlink:href="#tok_1117"/>
	<mark id="referent_221" xlink:href="#tok_1109"/>
	<mark id="referent_222" xlink:href="#xpointer(id('tok_1119')/range-to(id('tok_1125')))"/>
	<mark id="referent_223" xlink:href="#xpointer(id('tok_1122')/range-to(id('tok_1123')))"/>
	<mark id="referent_224" xlink:href="#xpointer(id('tok_1122')/range-to(id('tok_1125')))"/>
	<mark id="referent_225" xlink:href="#tok_1127"/>
	<mark id="referent_226" xlink:href="#xpointer(id('tok_1129')/range-to(id('tok_1131')))"/>
	<mark id="referent_227" xlink:href="#tok_55"/>
	<mark id="referent_228" xlink:href="#tok_169"/>
	<mark id="referent_229" xlink:href="#tok_320"/>
	<mark id="referent_230" xlink:href="#tok_577"/>
	<mark id="referent_231" xlink:href="#tok_568"/>
	<mark id="referent_232" xlink:href="#tok_193"/>
	<mark id="referent_233" xlink:href="#tok_231"/>
	<mark id="referent_234" xlink:href="#tok_780"/>
	<mark id="referent_235" xlink:href="#tok_784"/>
	<mark id="referent_236" xlink:href="#xpointer(id('tok_784')/range-to(id('tok_787')))"/>
	<mark id="referent_237" xlink:href="#tok_121"/>
	<mark id="referent_238" xlink:href="#tok_107"/>
	<mark id="referent_239" xlink:href="#tok_105"/>
</markList>
</paula>
