<?xml version="1.0" encoding="UTF-8" standalone="no"?>

<!DOCTYPE paula SYSTEM "paula_feat.dtd">
<paula version="1.0">

<header paula_id="ref.GUM.GUM_interview_daly.referentSeg_infstat"/>

<featList xmlns:xlink="http://www.w3.org/1999/xlink" type="infstat" xml:base="ref.GUM.GUM_interview_daly.referentSeg.xml">
	<feat xlink:href="#referent_1" value="new"/>
	<feat xlink:href="#referent_2" value="new"/>
	<feat xlink:href="#referent_3" value="new"/>
	<feat xlink:href="#referent_4" value="giv"/>
	<feat xlink:href="#referent_5" value="giv"/>
	<feat xlink:href="#referent_6" value="new"/>
	<feat xlink:href="#referent_7" value="acc"/>
	<feat xlink:href="#referent_8" value="acc"/>
	<feat xlink:href="#referent_9" value="giv"/>
	<feat xlink:href="#referent_10" value="new"/>
	<feat xlink:href="#referent_11" value="new"/>
	<feat xlink:href="#referent_12" value="new"/>
	<feat xlink:href="#referent_13" value="giv"/>
	<feat xlink:href="#referent_14" value="giv"/>
	<feat xlink:href="#referent_15" value="new"/>
	<feat xlink:href="#referent_16" value="giv"/>
	<feat xlink:href="#referent_17" value="giv"/>
	<feat xlink:href="#referent_18" value="acc"/>
	<feat xlink:href="#referent_19" value="giv"/>
	<feat xlink:href="#referent_20" value="giv"/>
	<feat xlink:href="#referent_21" value="new"/>
	<feat xlink:href="#referent_22" value="new"/>
	<feat xlink:href="#referent_23" value="giv"/>
	<feat xlink:href="#referent_24" value="giv"/>
	<feat xlink:href="#referent_25" value="new"/>
	<feat xlink:href="#referent_26" value="new"/>
	<feat xlink:href="#referent_27" value="new"/>
	<feat xlink:href="#referent_28" value="new"/>
	<feat xlink:href="#referent_29" value="new"/>
	<feat xlink:href="#referent_30" value="giv"/>
	<feat xlink:href="#referent_31" value="giv"/>
	<feat xlink:href="#referent_32" value="giv"/>
	<feat xlink:href="#referent_33" value="giv"/>
	<feat xlink:href="#referent_34" value="acc"/>
	<feat xlink:href="#referent_35" value="giv"/>
	<feat xlink:href="#referent_36" value="giv"/>
	<feat xlink:href="#referent_37" value="giv"/>
	<feat xlink:href="#referent_38" value="new"/>
	<feat xlink:href="#referent_39" value="giv"/>
	<feat xlink:href="#referent_40" value="giv"/>
	<feat xlink:href="#referent_41" value="new"/>
	<feat xlink:href="#referent_42" value="giv"/>
	<feat xlink:href="#referent_43" value="new"/>
	<feat xlink:href="#referent_44" value="giv"/>
	<feat xlink:href="#referent_45" value="giv"/>
	<feat xlink:href="#referent_46" value="giv"/>
	<feat xlink:href="#referent_47" value="acc"/>
	<feat xlink:href="#referent_48" value="acc"/>
	<feat xlink:href="#referent_49" value="giv"/>
	<feat xlink:href="#referent_50" value="giv"/>
	<feat xlink:href="#referent_51" value="giv"/>
	<feat xlink:href="#referent_52" value="acc"/>
	<feat xlink:href="#referent_53" value="giv"/>
	<feat xlink:href="#referent_54" value="giv"/>
	<feat xlink:href="#referent_55" value="giv"/>
	<feat xlink:href="#referent_56" value="new"/>
	<feat xlink:href="#referent_57" value="new"/>
	<feat xlink:href="#referent_58" value="new"/>
	<feat xlink:href="#referent_59" value="new"/>
	<feat xlink:href="#referent_60" value="giv"/>
	<feat xlink:href="#referent_61" value="new"/>
	<feat xlink:href="#referent_62" value="new"/>
	<feat xlink:href="#referent_63" value="acc"/>
	<feat xlink:href="#referent_64" value="giv"/>
	<feat xlink:href="#referent_65" value="acc"/>
	<feat xlink:href="#referent_66" value="new"/>
	<feat xlink:href="#referent_67" value="new"/>
	<feat xlink:href="#referent_68" value="giv"/>
	<feat xlink:href="#referent_69" value="new"/>
	<feat xlink:href="#referent_70" value="giv"/>
	<feat xlink:href="#referent_71" value="giv"/>
	<feat xlink:href="#referent_72" value="giv"/>
	<feat xlink:href="#referent_73" value="new"/>
	<feat xlink:href="#referent_74" value="giv"/>
	<feat xlink:href="#referent_75" value="giv"/>
	<feat xlink:href="#referent_76" value="new"/>
	<feat xlink:href="#referent_77" value="new"/>
	<feat xlink:href="#referent_78" value="giv"/>
	<feat xlink:href="#referent_79" value="acc"/>
	<feat xlink:href="#referent_80" value="giv"/>
	<feat xlink:href="#referent_81" value="giv"/>
	<feat xlink:href="#referent_82" value="giv"/>
	<feat xlink:href="#referent_83" value="giv"/>
	<feat xlink:href="#referent_84" value="giv"/>
	<feat xlink:href="#referent_85" value="giv"/>
	<feat xlink:href="#referent_86" value="acc"/>
	<feat xlink:href="#referent_87" value="new"/>
	<feat xlink:href="#referent_88" value="giv"/>
	<feat xlink:href="#referent_89" value="giv"/>
	<feat xlink:href="#referent_90" value="new"/>
	<feat xlink:href="#referent_91" value="giv"/>
	<feat xlink:href="#referent_92" value="giv"/>
	<feat xlink:href="#referent_93" value="giv"/>
	<feat xlink:href="#referent_94" value="giv"/>
	<feat xlink:href="#referent_95" value="giv"/>
	<feat xlink:href="#referent_96" value="giv"/>
	<feat xlink:href="#referent_97" value="giv"/>
	<feat xlink:href="#referent_98" value="giv"/>
	<feat xlink:href="#referent_99" value="giv"/>
	<feat xlink:href="#referent_100" value="giv"/>
	<feat xlink:href="#referent_101" value="new"/>
	<feat xlink:href="#referent_102" value="giv"/>
	<feat xlink:href="#referent_103" value="giv"/>
	<feat xlink:href="#referent_104" value="giv"/>
	<feat xlink:href="#referent_105" value="giv"/>
	<feat xlink:href="#referent_106" value="giv"/>
	<feat xlink:href="#referent_107" value="giv"/>
	<feat xlink:href="#referent_108" value="giv"/>
	<feat xlink:href="#referent_109" value="giv"/>
	<feat xlink:href="#referent_110" value="giv"/>
	<feat xlink:href="#referent_111" value="giv"/>
	<feat xlink:href="#referent_112" value="acc"/>
	<feat xlink:href="#referent_113" value="giv"/>
	<feat xlink:href="#referent_114" value="giv"/>
	<feat xlink:href="#referent_115" value="giv"/>
	<feat xlink:href="#referent_116" value="new"/>
	<feat xlink:href="#referent_117" value="new"/>
	<feat xlink:href="#referent_118" value="giv"/>
	<feat xlink:href="#referent_119" value="giv"/>
	<feat xlink:href="#referent_120" value="giv"/>
	<feat xlink:href="#referent_121" value="giv"/>
	<feat xlink:href="#referent_122" value="giv"/>
	<feat xlink:href="#referent_123" value="giv"/>
	<feat xlink:href="#referent_124" value="new"/>
	<feat xlink:href="#referent_125" value="giv"/>
	<feat xlink:href="#referent_126" value="giv"/>
	<feat xlink:href="#referent_127" value="acc"/>
	<feat xlink:href="#referent_128" value="giv"/>
	<feat xlink:href="#referent_129" value="new"/>
	<feat xlink:href="#referent_130" value="acc"/>
	<feat xlink:href="#referent_131" value="giv"/>
	<feat xlink:href="#referent_132" value="new"/>
	<feat xlink:href="#referent_133" value="new"/>
	<feat xlink:href="#referent_134" value="giv"/>
	<feat xlink:href="#referent_135" value="new"/>
	<feat xlink:href="#referent_136" value="giv"/>
	<feat xlink:href="#referent_137" value="giv"/>
	<feat xlink:href="#referent_138" value="new"/>
	<feat xlink:href="#referent_139" value="giv"/>
	<feat xlink:href="#referent_140" value="new"/>
	<feat xlink:href="#referent_141" value="new"/>
	<feat xlink:href="#referent_142" value="giv"/>
	<feat xlink:href="#referent_143" value="acc"/>
	<feat xlink:href="#referent_144" value="new"/>
	<feat xlink:href="#referent_145" value="new"/>
	<feat xlink:href="#referent_146" value="giv"/>
	<feat xlink:href="#referent_147" value="new"/>
	<feat xlink:href="#referent_148" value="giv"/>
	<feat xlink:href="#referent_149" value="new"/>
	<feat xlink:href="#referent_150" value="giv"/>
	<feat xlink:href="#referent_151" value="new"/>
	<feat xlink:href="#referent_152" value="new"/>
	<feat xlink:href="#referent_153" value="new"/>
	<feat xlink:href="#referent_154" value="giv"/>
	<feat xlink:href="#referent_155" value="giv"/>
	<feat xlink:href="#referent_156" value="giv"/>
	<feat xlink:href="#referent_157" value="new"/>
	<feat xlink:href="#referent_158" value="acc"/>
	<feat xlink:href="#referent_159" value="new"/>
	<feat xlink:href="#referent_160" value="giv"/>
	<feat xlink:href="#referent_161" value="giv"/>
	<feat xlink:href="#referent_162" value="giv"/>
	<feat xlink:href="#referent_163" value="giv"/>
	<feat xlink:href="#referent_164" value="new"/>
	<feat xlink:href="#referent_165" value="giv"/>
	<feat xlink:href="#referent_166" value="giv"/>
	<feat xlink:href="#referent_167" value="giv"/>
	<feat xlink:href="#referent_168" value="giv"/>
	<feat xlink:href="#referent_169" value="giv"/>
	<feat xlink:href="#referent_170" value="giv"/>
	<feat xlink:href="#referent_171" value="giv"/>
	<feat xlink:href="#referent_172" value="new"/>
	<feat xlink:href="#referent_173" value="giv"/>
	<feat xlink:href="#referent_174" value="giv"/>
	<feat xlink:href="#referent_175" value="giv"/>
	<feat xlink:href="#referent_176" value="giv"/>
	<feat xlink:href="#referent_177" value="acc"/>
	<feat xlink:href="#referent_178" value="acc"/>
	<feat xlink:href="#referent_179" value="giv"/>
	<feat xlink:href="#referent_180" value="new"/>
	<feat xlink:href="#referent_181" value="acc"/>
	<feat xlink:href="#referent_182" value="giv"/>
	<feat xlink:href="#referent_183" value="new"/>
	<feat xlink:href="#referent_184" value="new"/>
	<feat xlink:href="#referent_185" value="new"/>
	<feat xlink:href="#referent_186" value="new"/>
	<feat xlink:href="#referent_187" value="acc"/>
	<feat xlink:href="#referent_188" value="new"/>
	<feat xlink:href="#referent_189" value="new"/>
	<feat xlink:href="#referent_190" value="giv"/>
	<feat xlink:href="#referent_191" value="giv"/>
	<feat xlink:href="#referent_192" value="giv"/>
	<feat xlink:href="#referent_193" value="new"/>
	<feat xlink:href="#referent_194" value="acc"/>
	<feat xlink:href="#referent_195" value="giv"/>
	<feat xlink:href="#referent_196" value="giv"/>
	<feat xlink:href="#referent_197" value="acc"/>
	<feat xlink:href="#referent_198" value="giv"/>
	<feat xlink:href="#referent_199" value="new"/>
	<feat xlink:href="#referent_200" value="new"/>
	<feat xlink:href="#referent_201" value="giv"/>
	<feat xlink:href="#referent_202" value="new"/>
	<feat xlink:href="#referent_203" value="giv"/>
	<feat xlink:href="#referent_204" value="new"/>
	<feat xlink:href="#referent_205" value="new"/>
	<feat xlink:href="#referent_206" value="new"/>
	<feat xlink:href="#referent_207" value="giv"/>
	<feat xlink:href="#referent_208" value="new"/>
	<feat xlink:href="#referent_209" value="giv"/>
	<feat xlink:href="#referent_210" value="giv"/>
	<feat xlink:href="#referent_211" value="new"/>
	<feat xlink:href="#referent_212" value="giv"/>
	<feat xlink:href="#referent_213" value="giv"/>
	<feat xlink:href="#referent_214" value="giv"/>
	<feat xlink:href="#referent_215" value="new"/>
	<feat xlink:href="#referent_216" value="giv"/>
	<feat xlink:href="#referent_217" value="new"/>
	<feat xlink:href="#referent_218" value="giv"/>
	<feat xlink:href="#referent_219" value="giv"/>
	<feat xlink:href="#referent_220" value="giv"/>
	<feat xlink:href="#referent_221" value="acc"/>
	<feat xlink:href="#referent_222" value="giv"/>
	<feat xlink:href="#referent_223" value="giv"/>
	<feat xlink:href="#referent_224" value="new"/>
	<feat xlink:href="#referent_225" value="giv"/>
	<feat xlink:href="#referent_226" value="giv"/>
	<feat xlink:href="#referent_227" value="giv"/>
	<feat xlink:href="#referent_228" value="giv"/>
	<feat xlink:href="#referent_229" value="giv"/>
	<feat xlink:href="#referent_230" value="giv"/>
	<feat xlink:href="#referent_231" value="giv"/>
	<feat xlink:href="#referent_232" value="giv"/>
	<feat xlink:href="#referent_233" value="giv"/>
	<feat xlink:href="#referent_234" value="giv"/>
	<feat xlink:href="#referent_235" value="giv"/>
	<feat xlink:href="#referent_236" value="new"/>
	<feat xlink:href="#referent_237" value="acc"/>
	<feat xlink:href="#referent_238" value="giv"/>
	<feat xlink:href="#referent_239" value="giv"/>
</featList>
</paula>
