<?xml version="1.0" encoding="UTF-8" standalone="no"?>

<!DOCTYPE paula SYSTEM "paula_mark.dtd">
<paula version="1.0">

<header paula_id="tei.GUM.GUM_interview_daly_refSeg"/>

<markList xmlns:xlink="http://www.w3.org/1999/xlink" type="refSeg" xml:base="GUM.GUM_interview_daly.tok.xml">
<mark id="ref_309" xlink:href="#tok_309"/><!-- antifreeze -->
<mark id="ref_356" xlink:href="#tok_356"/><!-- formalin -->
<mark id="ref_435" xlink:href="#tok_435"/><!-- genome -->
<mark id="ref_437" xlink:href="#tok_437"/><!-- transcriptome -->
<mark id="ref_440" xlink:href="#tok_440"/><!-- metabolome -->
<mark id="ref_677" xlink:href="#tok_677"/><!-- microtome -->
<mark id="ref_701" xlink:href="#tok_701"/><!-- compound -->
<mark id="ref_740" xlink:href="#tok_740"/><!-- nematocysts -->
</markList>
</paula>
