<?xml version="1.0" encoding="UTF-8" standalone="no"?>

<!DOCTYPE paula SYSTEM "paula_feat.dtd">
<paula version="1.0">

<header paula_id="tei.GUM.GUM_interview_daly_p"/>

<featList xmlns:xlink="http://www.w3.org/1999/xlink" type="p" xml:base="tei.GUM.GUM_interview_daly.pSeg.xml">
<feat xlink:href="#p_20" value="p"/><!-- How...discovery -->
<feat xlink:href="#p_30" value="p"/><!-- Frank.... -->
<feat xlink:href="#p_53" value="p"/><!-- What...? -->
<feat xlink:href="#p_73" value="p"/><!-- I.... -->
<feat xlink:href="#p_146" value="p"/><!-- There...? -->
<feat xlink:href="#p_171" value="p"/><!-- I.... -->
<feat xlink:href="#p_287" value="p"/><!-- These.... -->
<feat xlink:href="#p_340" value="p"/><!-- The.... -->
<feat xlink:href="#p_485" value="p"/><!-- Just.... -->
<feat xlink:href="#p_565" value="p"/><!-- In.... -->
<feat xlink:href="#p_620" value="p"/><!-- What...? -->
<feat xlink:href="#p_634" value="p"/><!-- I.... -->
<feat xlink:href="#p_743" value="p"/><!-- I.... -->
<feat xlink:href="#p_816" value="p"/><!-- It...? -->
<feat xlink:href="#p_835" value="p"/><!-- You.... -->
<feat xlink:href="#p_943" value="p"/><!-- What...? -->
<feat xlink:href="#p_969" value="p"/><!-- The.... -->
</featList>
</paula>
