<?xml version="1.0" encoding="UTF-8" standalone="no"?>

<!DOCTYPE paula SYSTEM "paula_mark.dtd">
<paula version="1.0">

<header paula_id="tei.GUM.GUM_interview_daly_sSeg"/>

<markList xmlns:xlink="http://www.w3.org/1999/xlink" type="sSeg" xml:base="GUM.GUM_interview_daly.tok.xml">
<mark id="s_1" xlink:href="#xpointer(id('tok_1')/range-to(id('tok_13')))"/><!-- Cold...anemone -->
<mark id="s_14" xlink:href="#xpointer(id('tok_14')/range-to(id('tok_19')))"/><!-- Tuesday...2014 -->
<mark id="s_20" xlink:href="#xpointer(id('tok_20')/range-to(id('tok_29')))"/><!-- How...discovery -->
<mark id="s_30" xlink:href="#xpointer(id('tok_30')/range-to(id('tok_52')))"/><!-- Frank.... -->
<mark id="s_53" xlink:href="#xpointer(id('tok_53')/range-to(id('tok_72')))"/><!-- What...? -->
<mark id="s_73" xlink:href="#xpointer(id('tok_73')/range-to(id('tok_79')))"/><!-- I.... -->
<mark id="s_80" xlink:href="#xpointer(id('tok_80')/range-to(id('tok_101')))"/><!-- I.... -->
<mark id="s_102" xlink:href="#xpointer(id('tok_102')/range-to(id('tok_145')))"/><!-- The.... -->
<mark id="s_146" xlink:href="#xpointer(id('tok_146')/range-to(id('tok_162')))"/><!-- There.... -->
<mark id="s_163" xlink:href="#xpointer(id('tok_163')/range-to(id('tok_170')))"/><!-- Are...? -->
<mark id="s_171" xlink:href="#xpointer(id('tok_171')/range-to(id('tok_175')))"/><!-- I.... -->
<mark id="s_176" xlink:href="#xpointer(id('tok_176')/range-to(id('tok_195')))"/><!-- But...! -->
<mark id="s_196" xlink:href="#xpointer(id('tok_196')/range-to(id('tok_221')))"/><!-- What.... -->
<mark id="s_222" xlink:href="#xpointer(id('tok_222')/range-to(id('tok_286')))"/><!-- Although.... -->
<mark id="s_287" xlink:href="#xpointer(id('tok_287')/range-to(id('tok_293')))"/><!-- These.... -->
<mark id="s_294" xlink:href="#xpointer(id('tok_294')/range-to(id('tok_322')))"/><!-- Some...? -->
<mark id="s_323" xlink:href="#xpointer(id('tok_323')/range-to(id('tok_339')))"/><!-- Talk.... -->
<mark id="s_340" xlink:href="#xpointer(id('tok_340')/range-to(id('tok_364')))"/><!-- The.... -->
<mark id="s_365" xlink:href="#xpointer(id('tok_365')/range-to(id('tok_389')))"/><!-- The.... -->
<mark id="s_390" xlink:href="#xpointer(id('tok_390')/range-to(id('tok_404')))"/><!-- This.... -->
<mark id="s_405" xlink:href="#xpointer(id('tok_405')/range-to(id('tok_484')))"/><!-- What.... -->
<mark id="s_485" xlink:href="#xpointer(id('tok_485')/range-to(id('tok_510')))"/><!-- Just...- -->
<mark id="s_511" xlink:href="#xpointer(id('tok_511')/range-to(id('tok_529')))"/><!-- we.... -->
<mark id="s_530" xlink:href="#xpointer(id('tok_530')/range-to(id('tok_546')))"/><!-- The.... -->
<mark id="s_547" xlink:href="#xpointer(id('tok_547')/range-to(id('tok_564')))"/><!-- We.... -->
<mark id="s_565" xlink:href="#xpointer(id('tok_565')/range-to(id('tok_578')))"/><!-- In...- -->
<mark id="s_579" xlink:href="#xpointer(id('tok_579')/range-to(id('tok_594')))"/><!-- although.... -->
<mark id="s_595" xlink:href="#xpointer(id('tok_595')/range-to(id('tok_619')))"/><!-- They.... -->
<mark id="s_620" xlink:href="#xpointer(id('tok_620')/range-to(id('tok_633')))"/><!-- What...? -->
<mark id="s_634" xlink:href="#xpointer(id('tok_634')/range-to(id('tok_657')))"/><!-- I.... -->
<mark id="s_658" xlink:href="#xpointer(id('tok_658')/range-to(id('tok_702')))"/><!-- I...microscope -->
<mark id="s_703" xlink:href="#xpointer(id('tok_703')/range-to(id('tok_719')))"/><!-- (.... -->
<mark id="s_720" xlink:href="#xpointer(id('tok_720')/range-to(id('tok_742')))"/><!-- I.... -->
<mark id="s_743" xlink:href="#xpointer(id('tok_743')/range-to(id('tok_763')))"/><!-- I.... -->
<mark id="s_764" xlink:href="#xpointer(id('tok_764')/range-to(id('tok_777')))"/><!-- This...! -->
<mark id="s_778" xlink:href="#xpointer(id('tok_778')/range-to(id('tok_815')))"/><!-- By.... -->
<mark id="s_816" xlink:href="#xpointer(id('tok_816')/range-to(id('tok_834')))"/><!-- It...? -->
<mark id="s_835" xlink:href="#xpointer(id('tok_835')/range-to(id('tok_852')))"/><!-- You...:) -->
<mark id="s_853" xlink:href="#xpointer(id('tok_853')/range-to(id('tok_871')))"/><!-- It.... -->
<mark id="s_872" xlink:href="#xpointer(id('tok_872')/range-to(id('tok_880')))"/><!-- Some...- -->
<mark id="s_881" xlink:href="#xpointer(id('tok_881')/range-to(id('tok_893')))"/><!-- I.... -->
<mark id="s_894" xlink:href="#xpointer(id('tok_894')/range-to(id('tok_933')))"/><!-- Once...etc. -->
<mark id="s_934" xlink:href="#xpointer(id('tok_934')/range-to(id('tok_942')))"/><!-- Manuscript.... -->
<mark id="s_943" xlink:href="#xpointer(id('tok_943')/range-to(id('tok_968')))"/><!-- What...? -->
<mark id="s_969" xlink:href="#xpointer(id('tok_969')/range-to(id('tok_974')))"/><!-- The...- -->
<mark id="s_975" xlink:href="#xpointer(id('tok_975')/range-to(id('tok_982')))"/><!-- they.... -->
<mark id="s_983" xlink:href="#xpointer(id('tok_983')/range-to(id('tok_1023')))"/><!-- Having.... -->
<mark id="s_1024" xlink:href="#xpointer(id('tok_1024')/range-to(id('tok_1038')))"/><!-- I...- -->
<mark id="s_1039" xlink:href="#xpointer(id('tok_1039')/range-to(id('tok_1073')))"/><!-- the.... -->
<mark id="s_1074" xlink:href="#xpointer(id('tok_1074')/range-to(id('tok_1082')))"/><!-- DNA.... -->
<mark id="s_1083" xlink:href="#xpointer(id('tok_1083')/range-to(id('tok_1108')))"/><!-- This...Station -->
<mark id="s_1109" xlink:href="#xpointer(id('tok_1109')/range-to(id('tok_1113')))"/><!-- image...al. -->
<mark id="s_1114" xlink:href="#xpointer(id('tok_1114')/range-to(id('tok_1126')))"/><!-- Daly.... -->
<mark id="s_1127" xlink:href="#xpointer(id('tok_1127')/range-to(id('tok_1131')))"/><!-- Image...al. -->
</markList>
</paula>
