<?xml version="1.0" encoding="UTF-8" standalone="no"?>

<!DOCTYPE paula SYSTEM "paula_feat.dtd">
<paula version="1.0">

<header paula_id="tei.GUM.GUM_interview_daly_sp_who"/>

<featList xmlns:xlink="http://www.w3.org/1999/xlink" type="sp_who" xml:base="tei.GUM.GUM_interview_daly.sp_whoSeg.xml">
<feat xlink:href="#sp_who_20" value="#Wikinews"/><!-- How...discovery -->
<feat xlink:href="#sp_who_30" value="#MarymeganDaly"/><!-- Frank.... -->
<feat xlink:href="#sp_who_53" value="#Wikinews"/><!-- What...? -->
<feat xlink:href="#sp_who_73" value="#MarymeganDaly"/><!-- I.... -->
<feat xlink:href="#sp_who_146" value="#Wikinews"/><!-- There...? -->
<feat xlink:href="#sp_who_171" value="#MarymeganDaly"/><!-- I.... -->
<feat xlink:href="#sp_who_287" value="#Wikinews"/><!-- These.... -->
<feat xlink:href="#sp_who_340" value="#MarymeganDaly"/><!-- The.... -->
<feat xlink:href="#sp_who_620" value="#Wikinews"/><!-- What...? -->
<feat xlink:href="#sp_who_634" value="#MarymeganDaly"/><!-- I.... -->
<feat xlink:href="#sp_who_816" value="#Wikinews"/><!-- It...? -->
<feat xlink:href="#sp_who_835" value="#MarymeganDaly"/><!-- You.... -->
<feat xlink:href="#sp_who_943" value="#Wikinews"/><!-- What...? -->
<feat xlink:href="#sp_who_969" value="#MarymeganDaly"/><!-- The.... -->
</featList>
</paula>
