<?xml version="1.0" encoding="UTF-8" standalone="no"?>

<!DOCTYPE paula SYSTEM "paula_mark.dtd">
<paula version="1.0">

<header paula_id="tei.GUM.GUM_interview_daly_sp_whoSeg"/>

<markList xmlns:xlink="http://www.w3.org/1999/xlink" type="sp_whoSeg" xml:base="GUM.GUM_interview_daly.tok.xml">
<mark id="sp_who_20" xlink:href="#xpointer(id('tok_20')/range-to(id('tok_29')))"/><!-- How...discovery -->
<mark id="sp_who_30" xlink:href="#xpointer(id('tok_30')/range-to(id('tok_52')))"/><!-- Frank.... -->
<mark id="sp_who_53" xlink:href="#xpointer(id('tok_53')/range-to(id('tok_72')))"/><!-- What...? -->
<mark id="sp_who_73" xlink:href="#xpointer(id('tok_73')/range-to(id('tok_145')))"/><!-- I.... -->
<mark id="sp_who_146" xlink:href="#xpointer(id('tok_146')/range-to(id('tok_170')))"/><!-- There...? -->
<mark id="sp_who_171" xlink:href="#xpointer(id('tok_171')/range-to(id('tok_286')))"/><!-- I.... -->
<mark id="sp_who_287" xlink:href="#xpointer(id('tok_287')/range-to(id('tok_339')))"/><!-- These.... -->
<mark id="sp_who_340" xlink:href="#xpointer(id('tok_340')/range-to(id('tok_619')))"/><!-- The.... -->
<mark id="sp_who_620" xlink:href="#xpointer(id('tok_620')/range-to(id('tok_633')))"/><!-- What...? -->
<mark id="sp_who_634" xlink:href="#xpointer(id('tok_634')/range-to(id('tok_815')))"/><!-- I.... -->
<mark id="sp_who_816" xlink:href="#xpointer(id('tok_816')/range-to(id('tok_834')))"/><!-- It...? -->
<mark id="sp_who_835" xlink:href="#xpointer(id('tok_835')/range-to(id('tok_942')))"/><!-- You.... -->
<mark id="sp_who_943" xlink:href="#xpointer(id('tok_943')/range-to(id('tok_968')))"/><!-- What...? -->
<mark id="sp_who_969" xlink:href="#xpointer(id('tok_969')/range-to(id('tok_1082')))"/><!-- The.... -->
</markList>
</paula>
