<?xml version="1.0" encoding="UTF-8" standalone="no"?>

<!DOCTYPE paula SYSTEM "paula_feat.dtd">
<paula version="1.0">

<header paula_id="tei.GUM.GUM_interview_daly_s"/>

<featList xmlns:xlink="http://www.w3.org/1999/xlink" type="s" xml:base="tei.GUM.GUM_interview_daly.sSeg.xml">
<feat xlink:href="#s_1" value="s"/><!-- Cold...anemone -->
<feat xlink:href="#s_14" value="s"/><!-- Tuesday...2014 -->
<feat xlink:href="#s_20" value="s"/><!-- How...discovery -->
<feat xlink:href="#s_30" value="s"/><!-- Frank.... -->
<feat xlink:href="#s_53" value="s"/><!-- What...? -->
<feat xlink:href="#s_73" value="s"/><!-- I.... -->
<feat xlink:href="#s_80" value="s"/><!-- I.... -->
<feat xlink:href="#s_102" value="s"/><!-- The.... -->
<feat xlink:href="#s_146" value="s"/><!-- There.... -->
<feat xlink:href="#s_163" value="s"/><!-- Are...? -->
<feat xlink:href="#s_171" value="s"/><!-- I.... -->
<feat xlink:href="#s_176" value="s"/><!-- But...! -->
<feat xlink:href="#s_196" value="s"/><!-- What.... -->
<feat xlink:href="#s_222" value="s"/><!-- Although.... -->
<feat xlink:href="#s_287" value="s"/><!-- These.... -->
<feat xlink:href="#s_294" value="s"/><!-- Some...? -->
<feat xlink:href="#s_323" value="s"/><!-- Talk.... -->
<feat xlink:href="#s_340" value="s"/><!-- The.... -->
<feat xlink:href="#s_365" value="s"/><!-- The.... -->
<feat xlink:href="#s_390" value="s"/><!-- This.... -->
<feat xlink:href="#s_405" value="s"/><!-- What.... -->
<feat xlink:href="#s_485" value="s"/><!-- Just...- -->
<feat xlink:href="#s_511" value="s"/><!-- we.... -->
<feat xlink:href="#s_530" value="s"/><!-- The.... -->
<feat xlink:href="#s_547" value="s"/><!-- We.... -->
<feat xlink:href="#s_565" value="s"/><!-- In...- -->
<feat xlink:href="#s_579" value="s"/><!-- although.... -->
<feat xlink:href="#s_595" value="s"/><!-- They.... -->
<feat xlink:href="#s_620" value="s"/><!-- What...? -->
<feat xlink:href="#s_634" value="s"/><!-- I.... -->
<feat xlink:href="#s_658" value="s"/><!-- I...microscope -->
<feat xlink:href="#s_703" value="s"/><!-- (.... -->
<feat xlink:href="#s_720" value="s"/><!-- I.... -->
<feat xlink:href="#s_743" value="s"/><!-- I.... -->
<feat xlink:href="#s_764" value="s"/><!-- This...! -->
<feat xlink:href="#s_778" value="s"/><!-- By.... -->
<feat xlink:href="#s_816" value="s"/><!-- It...? -->
<feat xlink:href="#s_835" value="s"/><!-- You...:) -->
<feat xlink:href="#s_853" value="s"/><!-- It.... -->
<feat xlink:href="#s_872" value="s"/><!-- Some...- -->
<feat xlink:href="#s_881" value="s"/><!-- I.... -->
<feat xlink:href="#s_894" value="s"/><!-- Once...etc. -->
<feat xlink:href="#s_934" value="s"/><!-- Manuscript.... -->
<feat xlink:href="#s_943" value="s"/><!-- What...? -->
<feat xlink:href="#s_969" value="s"/><!-- The...- -->
<feat xlink:href="#s_975" value="s"/><!-- they.... -->
<feat xlink:href="#s_983" value="s"/><!-- Having.... -->
<feat xlink:href="#s_1024" value="s"/><!-- I...- -->
<feat xlink:href="#s_1039" value="s"/><!-- the.... -->
<feat xlink:href="#s_1074" value="s"/><!-- DNA.... -->
<feat xlink:href="#s_1083" value="s"/><!-- This...Station -->
<feat xlink:href="#s_1109" value="s"/><!-- image...al. -->
<feat xlink:href="#s_1114" value="s"/><!-- Daly.... -->
<feat xlink:href="#s_1127" value="s"/><!-- Image...al. -->
</featList>
</paula>
