<?xml version="1.0" standalone="no"?>

<!DOCTYPE paula SYSTEM "paula_feat.dtd">
<paula version="1.0">

<header paula_id="dep.GUM.GUM_interview_dungeon_dep_func"/>

<featList xmlns:xlink="http://www.w3.org/1999/xlink" type="func" xml:base="dep.GUM.GUM_interview_dungeon.dep.xml">
<feat xlink:href="#rel_2" value="prep"/> <!--as -->
<feat xlink:href="#rel_3" value="pobj"/> <!--business -->
<feat xlink:href="#rel_5" value="det"/> <!--An -->
<feat xlink:href="#rel_6" value="parataxis"/> <!--interview -->
<feat xlink:href="#rel_7" value="prep"/> <!--with -->
<feat xlink:href="#rel_8" value="det"/> <!--the -->
<feat xlink:href="#rel_9" value="pobj"/> <!--owners -->
<feat xlink:href="#rel_10" value="prep"/> <!--of -->
<feat xlink:href="#rel_11" value="det"/> <!--a -->
<feat xlink:href="#rel_12" value="pobj"/> <!--dungeon -->
<feat xlink:href="#rel_15" value="nn"/> <!--October -->
<feat xlink:href="#rel_16" value="appos"/> <!--21 -->
<feat xlink:href="#rel_18" value="tmod"/> <!--2007 -->
<feat xlink:href="#rel_20" value="det"/> <!--the -->
<feat xlink:href="#rel_21" value="dobj"/> <!--business -->
<feat xlink:href="#rel_22" value="det"/> <!--The -->
<feat xlink:href="#rel_24" value="nn"/> <!--Clothing -->
<feat xlink:href="#rel_25" value="nn"/> <!--supply -->
<feat xlink:href="#rel_28" value="expl"/> <!--There -->
<feat xlink:href="#rel_30" value="det"/> <!--a -->
<feat xlink:href="#rel_31" value="nsubj"/> <!--misconception -->
<feat xlink:href="#rel_32" value="prep"/> <!--in -->
<feat xlink:href="#rel_33" value="det"/> <!--this -->
<feat xlink:href="#rel_34" value="pobj"/> <!--industry -->
<feat xlink:href="#rel_36" value="poss"/> <!--Your -->
<feat xlink:href="#rel_37" value="nsubj"/> <!--exposure -->
<feat xlink:href="#rel_38" value="prep"/> <!--to -->
<feat xlink:href="#rel_39" value="pobj"/> <!--this -->
<feat xlink:href="#rel_40" value="cop"/> <!--is -->
<feat xlink:href="#rel_41" value="advmod"/> <!--probably -->
<feat xlink:href="#rel_42" value="advmod"/> <!--primarily -->
<feat xlink:href="#rel_43" value="dobj"/> <!--what -->
<feat xlink:href="#rel_44" value="nsubj"/> <!--you -->
<feat xlink:href="#rel_46" value="prep"/> <!--in -->
<feat xlink:href="#rel_47" value="pobj"/> <!--movies -->
<feat xlink:href="#rel_49" value="conj"/> <!--scanning -->
<feat xlink:href="#rel_50" value="dobj"/> <!--magazines -->
<feat xlink:href="#rel_52" value="conj"/> <!--scanning -->
<feat xlink:href="#rel_53" value="det"/> <!--the -->
<feat xlink:href="#rel_54" value="dobj"/> <!--Internet -->
<feat xlink:href="#rel_56" value="advmod"/> <!--just -->
<feat xlink:href="#rel_57" value="conj"/> <!--snippets -->
<feat xlink:href="#rel_58" value="advmod"/> <!--everywhere -->
<feat xlink:href="#rel_60" value="nsubjpass"/> <!--It -->
<feat xlink:href="#rel_61" value="auxpass"/> <!--s -->
<feat xlink:href="#rel_63" value="mark"/> <!--as -->
<feat xlink:href="#rel_64" value="mark"/> <!--though -->
<feat xlink:href="#rel_65" value="nsubj"/> <!--it -->
<feat xlink:href="#rel_66" value="cop"/> <!--s -->
<feat xlink:href="#rel_67" value="advcl"/> <!--dark -->
<feat xlink:href="#rel_69" value="conj"/> <!--black -->
<feat xlink:href="#rel_70" value="cc"/> <!--and -->
<feat xlink:href="#rel_71" value="conj"/> <!--evil -->
<feat xlink:href="#rel_76" value="discourse"/> <!--man -->
<feat xlink:href="#rel_78" value="discourse"/> <!--well -->
<feat xlink:href="#rel_80" value="nsubj"/> <!--What -->
<feat xlink:href="#rel_82" value="prt"/> <!--up -->
<feat xlink:href="#rel_84" value="nsubj"/> <!--I -->
<feat xlink:href="#rel_85" value="aux"/> <!--do -->
<feat xlink:href="#rel_87" value="det"/> <!--a -->
<feat xlink:href="#rel_88" value="dobj"/> <!--lot -->
<feat xlink:href="#rel_89" value="prep"/> <!--of -->
<feat xlink:href="#rel_90" value="pobj"/> <!--black -->
<feat xlink:href="#rel_92" value="nsubj"/> <!--It -->
<feat xlink:href="#rel_93" value="cop"/> <!--s -->
<feat xlink:href="#rel_95" value="cc"/> <!--but -->
<feat xlink:href="#rel_96" value="conj"/> <!--that -->
<feat xlink:href="#rel_98" value="mark"/> <!--If -->
<feat xlink:href="#rel_99" value="nsubj"/> <!--you -->
<feat xlink:href="#rel_100" value="advcl"/> <!--look -->
<feat xlink:href="#rel_101" value="prep"/> <!--at -->
<feat xlink:href="#rel_102" value="det"/> <!--the -->
<feat xlink:href="#rel_103" value="pobj"/> <!--rooms -->
<feat xlink:href="#rel_105" value="expl"/> <!--there -->
<feat xlink:href="#rel_107" value="predet"/> <!--all -->
<feat xlink:href="#rel_108" value="det"/> <!--the -->
<feat xlink:href="#rel_109" value="nsubj"/> <!--accouterments -->
<feat xlink:href="#rel_110" value="nsubj"/> <!--you -->
<feat xlink:href="#rel_111" value="aux"/> <!--d -->
<feat xlink:href="#rel_112" value="rcmod"/> <!--find -->
<feat xlink:href="#rel_113" value="prep"/> <!--in -->
<feat xlink:href="#rel_114" value="det"/> <!--these -->
<feat xlink:href="#rel_115" value="pobj"/> <!--types -->
<feat xlink:href="#rel_116" value="prep"/> <!--of -->
<feat xlink:href="#rel_117" value="pobj"/> <!--places -->
<feat xlink:href="#rel_119" value="cc"/> <!--but -->
<feat xlink:href="#rel_120" value="advmod"/> <!--more -->
<feat xlink:href="#rel_121" value="prep"/> <!--than -->
<feat xlink:href="#rel_122" value="pobj"/> <!--anything -->
<feat xlink:href="#rel_124" value="expl"/> <!--there -->
<feat xlink:href="#rel_126" value="det"/> <!--a -->
<feat xlink:href="#rel_127" value="nsubj"/> <!--lot -->
<feat xlink:href="#rel_128" value="prep"/> <!--of -->
<feat xlink:href="#rel_129" value="amod"/> <!--good -->
<feat xlink:href="#rel_130" value="pobj"/> <!--feeling -->
<feat xlink:href="#rel_131" value="prep"/> <!--around -->
<feat xlink:href="#rel_132" value="pobj"/> <!--here -->
<feat xlink:href="#rel_134" value="nsubj"/> <!--We -->
<feat xlink:href="#rel_136" value="det"/> <!--the -->
<feat xlink:href="#rel_137" value="dobj"/> <!--opposite -->
<feat xlink:href="#rel_138" value="prep"/> <!--of -->
<feat xlink:href="#rel_139" value="dobj"/> <!--what -->
<feat xlink:href="#rel_140" value="nsubj"/> <!--you -->
<feat xlink:href="#rel_141" value="aux"/> <!--d -->
<feat xlink:href="#rel_142" value="pcomp"/> <!--think -->
<feat xlink:href="#rel_143" value="nsubj"/> <!--we -->
<feat xlink:href="#rel_144" value="aux"/> <!--would -->
<feat xlink:href="#rel_145" value="ccomp"/> <!--hire -->
<feat xlink:href="#rel_147" value="dobj"/> <!--what -->
<feat xlink:href="#rel_148" value="det"/> <!--the -->
<feat xlink:href="#rel_149" value="amod"/> <!--average -->
<feat xlink:href="#rel_150" value="nsubj"/> <!--person -->
<feat xlink:href="#rel_151" value="aux"/> <!--would -->
<feat xlink:href="#rel_152" value="parataxis"/> <!--think -->
<feat xlink:href="#rel_153" value="nsubj"/> <!--we -->
<feat xlink:href="#rel_154" value="aux"/> <!--would -->
<feat xlink:href="#rel_155" value="ccomp"/> <!--hire -->
<feat xlink:href="#rel_157" value="nsubj"/> <!--We -->
<feat xlink:href="#rel_159" value="amod"/> <!--educated -->
<feat xlink:href="#rel_161" value="amod"/> <!--nice -->
<feat xlink:href="#rel_162" value="dobj"/> <!--people -->
<feat xlink:href="#rel_164" value="nsubj"/> <!--I -->
<feat xlink:href="#rel_166" value="nsubj"/> <!--one -->
<feat xlink:href="#rel_167" value="prep"/> <!--of -->
<feat xlink:href="#rel_168" value="poss"/> <!--our -->
<feat xlink:href="#rel_169" value="pobj"/> <!--ads -->
<feat xlink:href="#rel_170" value="dobj"/> <!--that -->
<feat xlink:href="#rel_171" value="nsubj"/> <!--I -->
<feat xlink:href="#rel_172" value="aux"/> <!--had -->
<feat xlink:href="#rel_173" value="rcmod"/> <!--put -->
<feat xlink:href="#rel_174" value="prt"/> <!--in -->
<feat xlink:href="#rel_175" value="ccomp"/> <!--said -->
<feat xlink:href="#rel_178" value="mark"/> <!--If -->
<feat xlink:href="#rel_179" value="nsubj"/> <!--you -->
<feat xlink:href="#rel_180" value="ccomp"/> <!--think -->
<feat xlink:href="#rel_181" value="amod"/> <!--nice -->
<feat xlink:href="#rel_182" value="nsubj"/> <!--girls -->
<feat xlink:href="#rel_183" value="aux"/> <!--do -->
<feat xlink:href="#rel_184" value="neg"/> <!--n&apos;t -->
<feat xlink:href="#rel_185" value="ccomp"/> <!--do -->
<feat xlink:href="#rel_186" value="dobj"/> <!--S&amp;M -->
<feat xlink:href="#rel_190" value="nsubj"/> <!--I -->
<feat xlink:href="#rel_191" value="parataxis"/> <!--forgot -->
<feat xlink:href="#rel_192" value="dobj"/> <!--what -->
<feat xlink:href="#rel_193" value="det"/> <!--the -->
<feat xlink:href="#rel_194" value="nsubj"/> <!--rest -->
<feat xlink:href="#rel_195" value="prep"/> <!--of -->
<feat xlink:href="#rel_196" value="pobj"/> <!--it -->
<feat xlink:href="#rel_197" value="ccomp"/> <!--said -->
<feat xlink:href="#rel_202" value="advmod"/> <!--again -->
<feat xlink:href="#rel_205" value="discourse"/> <!--Yeah -->
<feat xlink:href="#rel_209" value="advmod"/> <!--again -->
<feat xlink:href="#rel_211" value="cc"/> <!--or -->
<feat xlink:href="#rel_212" value="conj"/> <!--something -->
<feat xlink:href="#rel_213" value="prep"/> <!--like -->
<feat xlink:href="#rel_214" value="pobj"/> <!--that -->
<feat xlink:href="#rel_216" value="cc"/> <!--And -->
<feat xlink:href="#rel_217" value="det"/> <!--that -->
<feat xlink:href="#rel_218" value="nsubj"/> <!--ad -->
<feat xlink:href="#rel_219" value="aux"/> <!--had -->
<feat xlink:href="#rel_221" value="advmod"/> <!--so -->
<feat xlink:href="#rel_222" value="amod"/> <!--many -->
<feat xlink:href="#rel_223" value="dobj"/> <!--girls -->
<feat xlink:href="#rel_225" value="mark"/> <!--because -->
<feat xlink:href="#rel_226" value="nsubj"/> <!--they -->
<feat xlink:href="#rel_228" value="nsubj"/> <!--I -->
<feat xlink:href="#rel_229" value="advcl"/> <!--think -->
<feat xlink:href="#rel_230" value="nsubj"/> <!--they -->
<feat xlink:href="#rel_231" value="advmod"/> <!--all -->
<feat xlink:href="#rel_232" value="ccomp"/> <!--thought -->
<feat xlink:href="#rel_233" value="mark"/> <!--that -->
<feat xlink:href="#rel_234" value="amod"/> <!--nice -->
<feat xlink:href="#rel_235" value="nsubj"/> <!--girls -->
<feat xlink:href="#rel_236" value="aux"/> <!--do -->
<feat xlink:href="#rel_237" value="neg"/> <!--n&apos;t -->
<feat xlink:href="#rel_238" value="ccomp"/> <!--do -->
<feat xlink:href="#rel_239" value="dobj"/> <!--this -->
<feat xlink:href="#rel_241" value="cc"/> <!--And -->
<feat xlink:href="#rel_242" value="det"/> <!--a -->
<feat xlink:href="#rel_243" value="nsubj"/> <!--bunch -->
<feat xlink:href="#rel_244" value="prep"/> <!--of -->
<feat xlink:href="#rel_245" value="pobj"/> <!--them -->
<feat xlink:href="#rel_246" value="aux"/> <!--had -->
<feat xlink:href="#rel_248" value="cc"/> <!--and -->
<feat xlink:href="#rel_249" value="nsubj"/> <!--they -->
<feat xlink:href="#rel_250" value="conj"/> <!--said -->
<feat xlink:href="#rel_253" value="dobj"/> <!--Wow -->
<feat xlink:href="#rel_256" value="cc"/> <!--And -->
<feat xlink:href="#rel_257" value="nsubj"/> <!--I -->
<feat xlink:href="#rel_259" value="nsubj"/> <!--I -->
<feat xlink:href="#rel_260" value="ccomp"/> <!--remember -->
<feat xlink:href="#rel_262" value="det"/> <!--a -->
<feat xlink:href="#rel_263" value="nsubj"/> <!--bunch -->
<feat xlink:href="#rel_264" value="prep"/> <!--of -->
<feat xlink:href="#rel_265" value="pobj"/> <!--guys -->
<feat xlink:href="#rel_266" value="ccomp"/> <!--called -->
<feat xlink:href="#rel_267" value="mwe"/> <!--because -->
<feat xlink:href="#rel_268" value="prep"/> <!--of -->
<feat xlink:href="#rel_269" value="pobj"/> <!--that -->
<feat xlink:href="#rel_270" value="advmod"/> <!--also -->
<feat xlink:href="#rel_272" value="aux"/> <!--Do -->
<feat xlink:href="#rel_273" value="nsubj"/> <!--you -->
<feat xlink:href="#rel_276" value="nsubj"/> <!--I -->
<feat xlink:href="#rel_277" value="advmod"/> <!--sure -->
<feat xlink:href="#rel_280" value="nsubj"/> <!--I -->
<feat xlink:href="#rel_281" value="advmod"/> <!--sure -->
<feat xlink:href="#rel_282" value="parataxis"/> <!--do -->
<feat xlink:href="#rel_284" value="nsubj"/> <!--What -->
<feat xlink:href="#rel_285" value="cop"/> <!--are -->
<feat xlink:href="#rel_286" value="det"/> <!--the -->
<feat xlink:href="#rel_287" value="nn"/> <!--startup -->
<feat xlink:href="#rel_289" value="vmod"/> <!--involved -->
<feat xlink:href="#rel_291" value="nsubj"/> <!--It -->
<feat xlink:href="#rel_294" value="parataxis"/> <!--look -->
<feat xlink:href="#rel_295" value="prep"/> <!--around -->
<feat xlink:href="#rel_296" value="pobj"/> <!--Manhattan -->
<feat xlink:href="#rel_298" value="parataxis"/> <!--look -->
<feat xlink:href="#rel_299" value="prep"/> <!--around -->
<feat xlink:href="#rel_300" value="pobj"/> <!--rents -->
<feat xlink:href="#rel_302" value="parataxis"/> <!--look -->
<feat xlink:href="#rel_303" value="prep"/> <!--around -->
<feat xlink:href="#rel_304" value="pobj"/> <!--build-outs -->
<feat xlink:href="#rel_306" value="parataxis"/> <!--look -->
<feat xlink:href="#rel_307" value="prep"/> <!--around -->
<feat xlink:href="#rel_308" value="pobj"/> <!--hiring -->
<feat xlink:href="#rel_310" value="parataxis"/> <!--look -->
<feat xlink:href="#rel_311" value="prep"/> <!--around -->
<feat xlink:href="#rel_312" value="pobj"/> <!--advertising -->
<feat xlink:href="#rel_314" value="nsubj"/> <!--What -->
<feat xlink:href="#rel_315" value="cop"/> <!--s -->
<feat xlink:href="#rel_316" value="poss"/> <!--your -->
<feat xlink:href="#rel_317" value="amod"/> <!--greatest -->
<feat xlink:href="#rel_318" value="amod"/> <!--non-fixed -->
<feat xlink:href="#rel_321" value="det"/> <!--The -->
<feat xlink:href="#rel_322" value="amod"/> <!--single -->
<feat xlink:href="#rel_323" value="advmod"/> <!--most -->
<feat xlink:href="#rel_324" value="amod"/> <!--costly -->
<feat xlink:href="#rel_325" value="nsubj"/> <!--thing -->
<feat xlink:href="#rel_326" value="nsubj"/> <!--we -->
<feat xlink:href="#rel_327" value="rcmod"/> <!--spend -->
<feat xlink:href="#rel_328" value="prt"/> <!--on -->
<feat xlink:href="#rel_329" value="cop"/> <!--is -->
<feat xlink:href="#rel_331" value="cc"/> <!--and -->
<feat xlink:href="#rel_332" value="conj"/> <!--advertising -->
<feat xlink:href="#rel_334" value="det"/> <!--those -->
<feat xlink:href="#rel_335" value="nsubj"/> <!--two -->
<feat xlink:href="#rel_336" value="advmod"/> <!--together -->
<feat xlink:href="#rel_337" value="parataxis"/> <!--make -->
<feat xlink:href="#rel_338" value="prt"/> <!--up -->
<feat xlink:href="#rel_339" value="det"/> <!--the -->
<feat xlink:href="#rel_340" value="dobj"/> <!--bulk -->
<feat xlink:href="#rel_341" value="prep"/> <!--of -->
<feat xlink:href="#rel_342" value="dobj"/> <!--what -->
<feat xlink:href="#rel_343" value="nsubj"/> <!--we -->
<feat xlink:href="#rel_344" value="pcomp"/> <!--spend -->
<feat xlink:href="#rel_346" value="expl"/> <!--There -->
<feat xlink:href="#rel_348" value="nsubj"/> <!--supplies -->
<feat xlink:href="#rel_350" value="cc"/> <!--and -->
<feat xlink:href="#rel_351" value="expl"/> <!--there -->
<feat xlink:href="#rel_352" value="conj"/> <!--s -->
<feat xlink:href="#rel_353" value="nsubj"/> <!--wear -->
<feat xlink:href="#rel_354" value="cc"/> <!--and -->
<feat xlink:href="#rel_355" value="conj"/> <!--tear -->
<feat xlink:href="#rel_356" value="cc"/> <!--and -->
<feat xlink:href="#rel_357" value="conj"/> <!--maintenance -->
<feat xlink:href="#rel_359" value="cc"/> <!--and -->
<feat xlink:href="#rel_360" value="conj"/> <!--bookkeeping -->
<feat xlink:href="#rel_361" value="cc"/> <!--and -->
<feat xlink:href="#rel_362" value="conj"/> <!--things -->
<feat xlink:href="#rel_363" value="prep"/> <!--like -->
<feat xlink:href="#rel_364" value="pobj"/> <!--that -->
<feat xlink:href="#rel_365" value="dobj"/> <!--that -->
<feat xlink:href="#rel_366" value="nsubj"/> <!--you -->
<feat xlink:href="#rel_367" value="rcmod"/> <!--have -->
<feat xlink:href="#rel_368" value="aux"/> <!--to -->
<feat xlink:href="#rel_369" value="xcomp"/> <!--do -->
<feat xlink:href="#rel_371" value="nsubj"/> <!--That -->
<feat xlink:href="#rel_372" value="cop"/> <!--s -->
<feat xlink:href="#rel_373" value="quantmod"/> <!--about -->
<feat xlink:href="#rel_376" value="det"/> <!--The -->
<feat xlink:href="#rel_377" value="amod"/> <!--hardest -->
<feat xlink:href="#rel_378" value="nsubj"/> <!--thing -->
<feat xlink:href="#rel_379" value="prep"/> <!--in -->
<feat xlink:href="#rel_380" value="pcomp"/> <!--running -->
<feat xlink:href="#rel_381" value="det"/> <!--this -->
<feat xlink:href="#rel_382" value="dobj"/> <!--business -->
<feat xlink:href="#rel_384" value="nsubj"/> <!--which -->
<feat xlink:href="#rel_385" value="rcmod"/> <!--is -->
<feat xlink:href="#rel_386" value="advmod"/> <!--why -->
<feat xlink:href="#rel_387" value="nsubj"/> <!--people -->
<feat xlink:href="#rel_388" value="aux"/> <!--ca -->
<feat xlink:href="#rel_389" value="neg"/> <!--n&apos;t -->
<feat xlink:href="#rel_390" value="advcl"/> <!--do -->
<feat xlink:href="#rel_391" value="dobj"/> <!--it -->
<feat xlink:href="#rel_393" value="cop"/> <!--is -->
<feat xlink:href="#rel_394" value="det"/> <!--the -->
<feat xlink:href="#rel_396" value="dobj"/> <!--that -->
<feat xlink:href="#rel_397" value="poss"/> <!--my -->
<feat xlink:href="#rel_398" value="nsubj"/> <!--wife -->
<feat xlink:href="#rel_399" value="rcmod"/> <!--has -->
<feat xlink:href="#rel_400" value="prep"/> <!--with -->
<feat xlink:href="#rel_401" value="det"/> <!--the -->
<feat xlink:href="#rel_402" value="pobj"/> <!--gals -->
<feat xlink:href="#rel_403" value="cc"/> <!--and -->
<feat xlink:href="#rel_404" value="conj"/> <!--with -->
<feat xlink:href="#rel_405" value="det"/> <!--the -->
<feat xlink:href="#rel_406" value="pobj"/> <!--customers -->
<feat xlink:href="#rel_408" value="advmod"/> <!--Where -->
<feat xlink:href="#rel_409" value="aux"/> <!--do -->
<feat xlink:href="#rel_410" value="nsubj"/> <!--you -->
<feat xlink:href="#rel_413" value="det"/> <!--A -->
<feat xlink:href="#rel_415" value="prep"/> <!--on -->
<feat xlink:href="#rel_416" value="det"/> <!--the -->
<feat xlink:href="#rel_417" value="pobj"/> <!--web -->
<feat xlink:href="#rel_419" value="nsubj"/> <!--we -->
<feat xlink:href="#rel_420" value="aux"/> <!--ve -->
<feat xlink:href="#rel_421" value="parataxis"/> <!--used -->
<feat xlink:href="#rel_422" value="dobj"/> <!--most -->
<feat xlink:href="#rel_423" value="prep"/> <!--of -->
<feat xlink:href="#rel_424" value="det"/> <!--the -->
<feat xlink:href="#rel_425" value="amod"/> <!--local -->
<feat xlink:href="#rel_426" value="nn"/> <!--city -->
<feat xlink:href="#rel_427" value="pobj"/> <!--papers -->
<feat xlink:href="#rel_429" value="nn"/> <!--New -->
<feat xlink:href="#rel_430" value="nn"/> <!--York -->
<feat xlink:href="#rel_431" value="appos"/> <!--Press -->
<feat xlink:href="#rel_433" value="appos"/> <!--things -->
<feat xlink:href="#rel_434" value="prep"/> <!--like -->
<feat xlink:href="#rel_435" value="pobj"/> <!--that -->
<feat xlink:href="#rel_437" value="nn"/> <!--L -->
<feat xlink:href="#rel_438" value="appos"/> <!--Magazine -->
<feat xlink:href="#rel_441" value="det"/> <!--the -->
<feat xlink:href="#rel_442" value="pobj"/> <!--back -->
<feat xlink:href="#rel_443" value="prep"/> <!--of -->
<feat xlink:href="#rel_444" value="det"/> <!--the -->
<feat xlink:href="#rel_445" value="pobj"/> <!--paper -->
<feat xlink:href="#rel_447" value="advmod"/> <!--Typically -->
<feat xlink:href="#rel_449" value="det"/> <!--the -->
<feat xlink:href="#rel_450" value="pobj"/> <!--back -->
<feat xlink:href="#rel_451" value="prep"/> <!--of -->
<feat xlink:href="#rel_452" value="det"/> <!--the -->
<feat xlink:href="#rel_453" value="pobj"/> <!--paper -->
<feat xlink:href="#rel_455" value="nsubj"/> <!--Magazines -->
<feat xlink:href="#rel_456" value="advmod"/> <!--constantly -->
<feat xlink:href="#rel_458" value="poss"/> <!--their -->
<feat xlink:href="#rel_459" value="dobj"/> <!--policy -->
<feat xlink:href="#rel_460" value="prep"/> <!--on -->
<feat xlink:href="#rel_461" value="pobj"/> <!--it -->
<feat xlink:href="#rel_463" value="nsubj"/> <!--they -->
<feat xlink:href="#rel_464" value="parataxis"/> <!--want -->
<feat xlink:href="#rel_465" value="dobj"/> <!--it -->
<feat xlink:href="#rel_467" value="nsubj"/> <!--they -->
<feat xlink:href="#rel_468" value="aux"/> <!--do -->
<feat xlink:href="#rel_469" value="neg"/> <!--n&apos;t -->
<feat xlink:href="#rel_470" value="parataxis"/> <!--want -->
<feat xlink:href="#rel_471" value="dobj"/> <!--it -->
<feat xlink:href="#rel_474" value="pcomp"/> <!--on -->
<feat xlink:href="#rel_475" value="det"/> <!--the -->
<feat xlink:href="#rel_476" value="nn"/> <!--election -->
<feat xlink:href="#rel_477" value="pobj"/> <!--year -->
<feat xlink:href="#rel_479" value="nsubj"/> <!--Who -->
<feat xlink:href="#rel_480" value="aux"/> <!--s -->
<feat xlink:href="#rel_482" value="det"/> <!--the -->
<feat xlink:href="#rel_483" value="dobj"/> <!--paper -->
<feat xlink:href="#rel_485" value="nsubj"/> <!--who -->
<feat xlink:href="#rel_486" value="aux"/> <!--s -->
<feat xlink:href="#rel_487" value="parataxis"/> <!--selling -->
<feat xlink:href="#rel_488" value="det"/> <!--the -->
<feat xlink:href="#rel_489" value="dobj"/> <!--paper -->
<feat xlink:href="#rel_491" value="advmod"/> <!--So -->
<feat xlink:href="#rel_492" value="nsubj"/> <!--it -->
<feat xlink:href="#rel_495" value="advmod"/> <!--so -->
<feat xlink:href="#rel_496" value="num"/> <!--one -->
<feat xlink:href="#rel_497" value="tmod"/> <!--year -->
<feat xlink:href="#rel_498" value="nsubj"/> <!--we -->
<feat xlink:href="#rel_499" value="parataxis"/> <!--got -->
<feat xlink:href="#rel_500" value="aux"/> <!--to -->
<feat xlink:href="#rel_501" value="xcomp"/> <!--be -->
<feat xlink:href="#rel_502" value="prep"/> <!--in -->
<feat xlink:href="#rel_503" value="det"/> <!--the -->
<feat xlink:href="#rel_504" value="pobj"/> <!--Press -->
<feat xlink:href="#rel_506" value="cc"/> <!--but -->
<feat xlink:href="#rel_507" value="nsubj"/> <!--they -->
<feat xlink:href="#rel_508" value="aux"/> <!--have -->
<feat xlink:href="#rel_509" value="advmod"/> <!--now -->
<feat xlink:href="#rel_510" value="conj"/> <!--stopped -->
<feat xlink:href="#rel_511" value="nn"/> <!--adult -->
<feat xlink:href="#rel_512" value="dobj"/> <!--ads -->
<feat xlink:href="#rel_516" value="advmod"/> <!--So -->
<feat xlink:href="#rel_517" value="advmod"/> <!--now -->
<feat xlink:href="#rel_518" value="nsubj"/> <!--we -->
<feat xlink:href="#rel_519" value="aux"/> <!--ll -->
<feat xlink:href="#rel_521" value="prep"/> <!--in -->
<feat xlink:href="#rel_522" value="det"/> <!--the -->
<feat xlink:href="#rel_523" value="pobj"/> <!--Voice -->
<feat xlink:href="#rel_524" value="prep"/> <!--for -->
<feat xlink:href="#rel_525" value="det"/> <!--a -->
<feat xlink:href="#rel_526" value="pobj"/> <!--while -->
<feat xlink:href="#rel_528" value="nsubj"/> <!--We -->
<feat xlink:href="#rel_529" value="aux"/> <!--re -->
<feat xlink:href="#rel_531" value="advmod"/> <!--more -->
<feat xlink:href="#rel_532" value="prep"/> <!--towards -->
<feat xlink:href="#rel_533" value="det"/> <!--the -->
<feat xlink:href="#rel_534" value="pobj"/> <!--Internet -->
<feat xlink:href="#rel_535" value="prep"/> <!--at -->
<feat xlink:href="#rel_536" value="det"/> <!--this -->
<feat xlink:href="#rel_537" value="pobj"/> <!--point -->
<feat xlink:href="#rel_539" value="mark"/> <!--because -->
<feat xlink:href="#rel_540" value="det"/> <!--the -->
<feat xlink:href="#rel_541" value="nsubj"/> <!--Internet -->
<feat xlink:href="#rel_542" value="cop"/> <!--is -->
<feat xlink:href="#rel_543" value="det"/> <!--a -->
<feat xlink:href="#rel_544" value="advmod"/> <!--much -->
<feat xlink:href="#rel_545" value="amod"/> <!--easier -->
<feat xlink:href="#rel_547" value="amod"/> <!--safer -->
<feat xlink:href="#rel_548" value="advcl"/> <!--way -->
<feat xlink:href="#rel_549" value="prep"/> <!--for -->
<feat xlink:href="#rel_550" value="det"/> <!--a -->
<feat xlink:href="#rel_551" value="pobj"/> <!--person -->
<feat xlink:href="#rel_552" value="aux"/> <!--to -->
<feat xlink:href="#rel_553" value="xcomp"/> <!--look -->
<feat xlink:href="#rel_554" value="prep"/> <!--at -->
<feat xlink:href="#rel_555" value="amod"/> <!--sensitive -->
<feat xlink:href="#rel_556" value="pobj"/> <!--material -->
<feat xlink:href="#rel_557" value="cc"/> <!--and -->
<feat xlink:href="#rel_558" value="neg"/> <!--not -->
<feat xlink:href="#rel_559" value="auxpass"/> <!--get -->
<feat xlink:href="#rel_560" value="conj"/> <!--caught -->
<feat xlink:href="#rel_561" value="prep"/> <!--with -->
<feat xlink:href="#rel_562" value="pobj"/> <!--it -->
<feat xlink:href="#rel_565" value="dobj"/> <!--employees -->
<feat xlink:href="#rel_566" value="nn"/> <!--Personality -->
<feat xlink:href="#rel_567" value="nn"/> <!--test -->
<feat xlink:href="#rel_568" value="nsubj"/> <!--questions -->
<feat xlink:href="#rel_570" value="prep"/> <!--to -->
<feat xlink:href="#rel_571" value="amod"/> <!--prospective -->
<feat xlink:href="#rel_572" value="pobj"/> <!--mistresses -->
<feat xlink:href="#rel_574" value="dep"/> <!--Pursuant -->
<feat xlink:href="#rel_575" value="prep"/> <!--to -->
<feat xlink:href="#rel_576" value="poss"/> <!--your -->
<feat xlink:href="#rel_577" value="nn"/> <!--business -->
<feat xlink:href="#rel_578" value="pobj"/> <!--question -->
<feat xlink:href="#rel_580" value="nsubj"/> <!--we -->
<feat xlink:href="#rel_581" value="advmod"/> <!--only -->
<feat xlink:href="#rel_583" value="amod"/> <!--nice -->
<feat xlink:href="#rel_584" value="dobj"/> <!--people -->
<feat xlink:href="#rel_586" value="nsubj"/> <!--I -->
<feat xlink:href="#rel_587" value="aux"/> <!--do -->
<feat xlink:href="#rel_588" value="neg"/> <!--n&apos;t -->
<feat xlink:href="#rel_590" value="mark"/> <!--if -->
<feat xlink:href="#rel_591" value="det"/> <!--a -->
<feat xlink:href="#rel_592" value="nsubj"/> <!--girl -->
<feat xlink:href="#rel_593" value="cop"/> <!--is -->
<feat xlink:href="#rel_594" value="advmod"/> <!--absolutely -->
<feat xlink:href="#rel_595" value="amod"/> <!--exquisite -->
<feat xlink:href="#rel_596" value="advcl"/> <!--looking -->
<feat xlink:href="#rel_598" value="poss"/> <!--My -->
<feat xlink:href="#rel_599" value="nsubj"/> <!--husband -->
<feat xlink:href="#rel_600" value="aux"/> <!--has -->
<feat xlink:href="#rel_602" value="amod"/> <!--beautiful -->
<feat xlink:href="#rel_604" value="amod"/> <!--beautiful -->
<feat xlink:href="#rel_605" value="dobj"/> <!--girls -->
<feat xlink:href="#rel_608" value="amod"/> <!--beautiful -->
<feat xlink:href="#rel_612" value="cc"/> <!--and -->
<feat xlink:href="#rel_613" value="nsubj"/> <!--he -->
<feat xlink:href="#rel_614" value="dep"/> <!--s -->
<feat xlink:href="#rel_615" value="prep"/> <!--in -->
<feat xlink:href="#rel_616" value="det"/> <!--the -->
<feat xlink:href="#rel_617" value="pobj"/> <!--end -->
<feat xlink:href="#rel_619" value="nsubj"/> <!--he -->
<feat xlink:href="#rel_620" value="aux"/> <!--would -->
<feat xlink:href="#rel_624" value="discourse"/> <!--Well -->
<feat xlink:href="#rel_626" value="nsubj"/> <!--I -->
<feat xlink:href="#rel_627" value="aux"/> <!--wo -->
<feat xlink:href="#rel_628" value="neg"/> <!--n&apos;t -->
<feat xlink:href="#rel_629" value="ccomp"/> <!--hire -->
<feat xlink:href="#rel_630" value="dobj"/> <!--them -->
<feat xlink:href="#rel_633" value="nsubj"/> <!--I -->
<feat xlink:href="#rel_634" value="cop"/> <!--m -->
<feat xlink:href="#rel_638" value="cop"/> <!--Are -->
<feat xlink:href="#rel_639" value="nsubj"/> <!--you -->
<feat xlink:href="#rel_640" value="ccomp"/> <!--insane -->
<feat xlink:href="#rel_642" value="nsubj"/> <!--I -->
<feat xlink:href="#rel_643" value="aux"/> <!--wo -->
<feat xlink:href="#rel_644" value="neg"/> <!--n&apos;t -->
<feat xlink:href="#rel_646" value="dobj"/> <!--them -->
<feat xlink:href="#rel_648" value="nsubj"/> <!--I -->
<feat xlink:href="#rel_649" value="parataxis"/> <!--hire -->
<feat xlink:href="#rel_651" value="advmod"/> <!--Why -->
<feat xlink:href="#rel_654" value="mark"/> <!--Because -->
<feat xlink:href="#rel_655" value="nsubj"/> <!--I -->
<feat xlink:href="#rel_657" value="dobj"/> <!--someone -->
<feat xlink:href="#rel_658" value="nsubj"/> <!--who -->
<feat xlink:href="#rel_659" value="aux"/> <!--s -->
<feat xlink:href="#rel_660" value="rcmod"/> <!--going -->
<feat xlink:href="#rel_661" value="aux"/> <!--to -->
<feat xlink:href="#rel_662" value="xcomp"/> <!--treat -->
<feat xlink:href="#rel_663" value="dobj"/> <!--people -->
<feat xlink:href="#rel_664" value="advmod"/> <!--nicely -->
<feat xlink:href="#rel_665" value="cc"/> <!--and -->
<feat xlink:href="#rel_666" value="conj"/> <!--well -->
<feat xlink:href="#rel_668" value="nsubj"/> <!--We -->
<feat xlink:href="#rel_671" value="advmod"/> <!--How -->
<feat xlink:href="#rel_672" value="aux"/> <!--can -->
<feat xlink:href="#rel_673" value="nsubj"/> <!--you -->
<feat xlink:href="#rel_675" value="mark"/> <!--whether -->
<feat xlink:href="#rel_676" value="nsubj"/> <!--they -->
<feat xlink:href="#rel_677" value="ccomp"/> <!--will -->
<feat xlink:href="#rel_678" value="cc"/> <!--or -->
<feat xlink:href="#rel_679" value="conj"/> <!--will -->
<feat xlink:href="#rel_680" value="neg"/> <!--not -->
<feat xlink:href="#rel_682" value="advmod"/> <!--Just -->
<feat xlink:href="#rel_684" value="pcomp"/> <!--talking -->
<feat xlink:href="#rel_685" value="prep"/> <!--to -->
<feat xlink:href="#rel_686" value="pobj"/> <!--them -->
<feat xlink:href="#rel_688" value="aux"/> <!--Having -->
<feat xlink:href="#rel_689" value="cop"/> <!--been -->
<feat xlink:href="#rel_690" value="det"/> <!--a -->
<feat xlink:href="#rel_691" value="csubj"/> <!--psychologist -->
<feat xlink:href="#rel_692" value="prep"/> <!--for -->
<feat xlink:href="#rel_693" value="det"/> <!--a -->
<feat xlink:href="#rel_694" value="pobj"/> <!--number -->
<feat xlink:href="#rel_695" value="prep"/> <!--of -->
<feat xlink:href="#rel_696" value="pobj"/> <!--years -->
<feat xlink:href="#rel_698" value="iobj"/> <!--me -->
<feat xlink:href="#rel_699" value="det"/> <!--a -->
<feat xlink:href="#rel_700" value="dobj"/> <!--leg -->
<feat xlink:href="#rel_701" value="advmod"/> <!--up -->
<feat xlink:href="#rel_702" value="prep"/> <!--on -->
<feat xlink:href="#rel_703" value="pobj"/> <!--it -->
<feat xlink:href="#rel_705" value="cc"/> <!--And -->
<feat xlink:href="#rel_706" value="nsubj"/> <!--he -->
<feat xlink:href="#rel_707" value="aux"/> <!--s -->
<feat xlink:href="#rel_708" value="cop"/> <!--been -->
<feat xlink:href="#rel_711" value="cc"/> <!--And -->
<feat xlink:href="#rel_712" value="nsubj"/> <!--I -->
<feat xlink:href="#rel_713" value="aux"/> <!--have -->
<feat xlink:href="#rel_715" value="nsubj"/> <!--him -->
<feat xlink:href="#rel_716" value="ccomp"/> <!--hire -->
<feat xlink:href="#rel_717" value="det"/> <!--these -->
<feat xlink:href="#rel_718" value="dobj"/> <!--girls -->
<feat xlink:href="#rel_720" value="cc"/> <!--and -->
<feat xlink:href="#rel_721" value="advmod"/> <!--ultimately -->
<feat xlink:href="#rel_722" value="nsubj"/> <!--he -->
<feat xlink:href="#rel_723" value="aux"/> <!--s -->
<feat xlink:href="#rel_724" value="cop"/> <!--been -->
<feat xlink:href="#rel_725" value="conj"/> <!--right -->
<feat xlink:href="#rel_726" value="nsubj"/> <!--They -->
<feat xlink:href="#rel_727" value="aux"/> <!--ve -->
<feat xlink:href="#rel_728" value="cop"/> <!--been -->
<feat xlink:href="#rel_729" value="amod"/> <!--complete -->
<feat xlink:href="#rel_731" value="prep"/> <!--in -->
<feat xlink:href="#rel_732" value="det"/> <!--the -->
<feat xlink:href="#rel_733" value="pobj"/> <!--asses -->
<feat xlink:href="#rel_735" value="nsubj"/> <!--I -->
<feat xlink:href="#rel_736" value="advmod"/> <!--also -->
<feat xlink:href="#rel_738" value="det"/> <!--a -->
<feat xlink:href="#rel_739" value="dobj"/> <!--profile -->
<feat xlink:href="#rel_740" value="nsubj"/> <!--they -->
<feat xlink:href="#rel_741" value="rcmod"/> <!--fill -->
<feat xlink:href="#rel_742" value="prt"/> <!--out -->
<feat xlink:href="#rel_743" value="prep"/> <!--for -->
<feat xlink:href="#rel_744" value="pobj"/> <!--me -->
<feat xlink:href="#rel_746" value="det"/> <!--a -->
<feat xlink:href="#rel_747" value="appos"/> <!--mini-MMPI -->
<feat xlink:href="#rel_748" value="dobj"/> <!--that -->
<feat xlink:href="#rel_749" value="nsubj"/> <!--I -->
<feat xlink:href="#rel_750" value="rcmod"/> <!--developed -->
<feat xlink:href="#rel_752" value="mark"/> <!--so -->
<feat xlink:href="#rel_753" value="mark"/> <!--that -->
<feat xlink:href="#rel_754" value="nsubj"/> <!--I -->
<feat xlink:href="#rel_755" value="advcl"/> <!--have -->
<feat xlink:href="#rel_756" value="det"/> <!--an -->
<feat xlink:href="#rel_757" value="dobj"/> <!--idea -->
<feat xlink:href="#rel_759" value="nsubj"/> <!--Rebecca -->
<feat xlink:href="#rel_760" value="cc"/> <!--and -->
<feat xlink:href="#rel_761" value="conj"/> <!--I -->
<feat xlink:href="#rel_762" value="parataxis"/> <!--put -->
<feat xlink:href="#rel_763" value="dobj"/> <!--it -->
<feat xlink:href="#rel_764" value="prt"/> <!--together -->
<feat xlink:href="#rel_765" value="nsubj"/> <!--I -->
<feat xlink:href="#rel_766" value="aux"/> <!--do -->
<feat xlink:href="#rel_767" value="neg"/> <!--n&apos;t -->
<feat xlink:href="#rel_769" value="mark"/> <!--if -->
<feat xlink:href="#rel_770" value="nsubj"/> <!--you -->
<feat xlink:href="#rel_771" value="aux"/> <!--d -->
<feat xlink:href="#rel_772" value="advcl"/> <!--like -->
<feat xlink:href="#rel_773" value="aux"/> <!--to -->
<feat xlink:href="#rel_774" value="xcomp"/> <!--see -->
<feat xlink:href="#rel_775" value="dobj"/> <!--one -->
<feat xlink:href="#rel_779" value="discourse"/> <!--no -->
<feat xlink:href="#rel_781" value="discourse"/> <!--no -->
<feat xlink:href="#rel_783" value="parataxis"/> <!--Just -->
<feat xlink:href="#rel_785" value="nsubj"/> <!--I -->
<feat xlink:href="#rel_786" value="aux"/> <!--could -->
<feat xlink:href="#rel_788" value="dobj"/> <!--you -->
<feat xlink:href="#rel_790" value="advmod"/> <!--So -->
<feat xlink:href="#rel_791" value="nsubj"/> <!--I -->
<feat xlink:href="#rel_793" value="det"/> <!--a -->
<feat xlink:href="#rel_794" value="dobj"/> <!--mini-MMPI -->
<feat xlink:href="#rel_795" value="dep"/> <!--that -->
<feat xlink:href="#rel_796" value="rcmod"/> <!--I -->
<feat xlink:href="#rel_798" value="aux"/> <!--Could -->
<feat xlink:href="#rel_799" value="nsubj"/> <!--I -->
<feat xlink:href="#rel_801" value="det"/> <!--a -->
<feat xlink:href="#rel_802" value="dobj"/> <!--sample -->
<feat xlink:href="#rel_804" value="neg"/> <!--not -->
<feat xlink:href="#rel_805" value="advmod"/> <!--necessarily -->
<feat xlink:href="#rel_806" value="appos"/> <!--one -->
<feat xlink:href="#rel_807" value="nsubjpass"/> <!--that -->
<feat xlink:href="#rel_808" value="auxpass"/> <!--s -->
<feat xlink:href="#rel_809" value="rcmod"/> <!--filled -->
<feat xlink:href="#rel_810" value="prt"/> <!--out -->
<feat xlink:href="#rel_812" value="cc"/> <!--but -->
<feat xlink:href="#rel_813" value="advmod"/> <!--just -->
<feat xlink:href="#rel_814" value="conj"/> <!--one -->
<feat xlink:href="#rel_815" value="dep"/> <!--that -->
<feat xlink:href="#rel_816" value="rcmod"/> <!--you -->
<feat xlink:href="#rel_818" value="nsubj"/> <!--I -->
<feat xlink:href="#rel_819" value="aux"/> <!--ll -->
<feat xlink:href="#rel_821" value="dobj"/> <!--you -->
<feat xlink:href="#rel_823" value="det"/> <!--The -->
<feat xlink:href="#rel_824" value="nsubj"/> <!--questions -->
<feat xlink:href="#rel_827" value="cop"/> <!--Be -->
<feat xlink:href="#rel_830" value="nsubj"/> <!--He -->
<feat xlink:href="#rel_831" value="aux"/> <!--ll -->
<feat xlink:href="#rel_833" value="nsubj"/> <!--you -->
<feat xlink:href="#rel_834" value="ccomp"/> <!--fill -->
<feat xlink:href="#rel_835" value="dobj"/> <!--one -->
<feat xlink:href="#rel_836" value="prt"/> <!--out -->
<feat xlink:href="#rel_838" value="nsubj"/> <!--You -->
<feat xlink:href="#rel_839" value="aux"/> <!--d -->
<feat xlink:href="#rel_840" value="cop"/> <!--be -->
<feat xlink:href="#rel_843" value="nsubj"/> <!--You -->
<feat xlink:href="#rel_844" value="aux"/> <!--would -->
<feat xlink:href="#rel_845" value="neg"/> <!--n&apos;t -->
<feat xlink:href="#rel_847" value="dobj"/> <!--me -->
<feat xlink:href="#rel_849" value="cop"/> <!--Is -->
<feat xlink:href="#rel_850" value="nsubj"/> <!--it -->
<feat xlink:href="#rel_851" value="advmod"/> <!--only -->
<feat xlink:href="#rel_853" value="nsubj"/> <!--you -->
<feat xlink:href="#rel_854" value="rcmod"/> <!--hire -->
<feat xlink:href="#rel_858" value="dobj"/> <!--What -->
<feat xlink:href="#rel_859" value="aux"/> <!--would -->
<feat xlink:href="#rel_860" value="det"/> <!--a -->
<feat xlink:href="#rel_861" value="nsubj"/> <!--question -->
<feat xlink:href="#rel_862" value="prep"/> <!--like -->
<feat xlink:href="#rel_864" value="det"/> <!--the -->
<feat xlink:href="#rel_865" value="amod"/> <!--greatest -->
<feat xlink:href="#rel_866" value="pobj"/> <!--woman -->
<feat xlink:href="#rel_867" value="prep"/> <!--in -->
<feat xlink:href="#rel_868" value="det"/> <!--the -->
<feat xlink:href="#rel_869" value="pobj"/> <!--world -->
<feat xlink:href="#rel_872" value="prep"/> <!--to -->
<feat xlink:href="#rel_873" value="pobj"/> <!--you -->
<feat xlink:href="#rel_875" value="neg"/> <!--No -->
<feat xlink:href="#rel_876" value="nsubj"/> <!--question -->
<feat xlink:href="#rel_877" value="aux"/> <!--would -->
<feat xlink:href="#rel_879" value="dobj"/> <!--anything -->
<feat xlink:href="#rel_880" value="advmod"/> <!--independently -->
<feat xlink:href="#rel_881" value="prep"/> <!--of -->
<feat xlink:href="#rel_882" value="predet"/> <!--all -->
<feat xlink:href="#rel_883" value="det"/> <!--the -->
<feat xlink:href="#rel_884" value="pobj"/> <!--questions -->
<feat xlink:href="#rel_885" value="advmod"/> <!--together -->
<feat xlink:href="#rel_890" value="cc"/> <!--but -->
<feat xlink:href="#rel_891" value="nsubj"/> <!--I -->
<feat xlink:href="#rel_893" value="det"/> <!--a -->
<feat xlink:href="#rel_894" value="dobj"/> <!--chart -->
<feat xlink:href="#rel_895" value="pobj"/> <!--that -->
<feat xlink:href="#rel_896" value="nsubj"/> <!--I -->
<feat xlink:href="#rel_897" value="aux"/> <!--ll -->
<feat xlink:href="#rel_898" value="rcmod"/> <!--go -->
<feat xlink:href="#rel_899" value="prep"/> <!--through -->
<feat xlink:href="#rel_901" value="det"/> <!--the -->
<feat xlink:href="#rel_902" value="appos"/> <!--MMPI -->
<feat xlink:href="#rel_904" value="det"/> <!--The -->
<feat xlink:href="#rel_905" value="nn"/> <!--baseline -->
<feat xlink:href="#rel_907" value="dobj"/> <!--that -->
<feat xlink:href="#rel_908" value="nsubj"/> <!--I -->
<feat xlink:href="#rel_909" value="rcmod"/> <!--use -->
<feat xlink:href="#rel_910" value="dep"/> <!--to -->
<feat xlink:href="#rel_911" value="xcomp"/> <!--- -->
<feat xlink:href="#rel_912" value="advmod"/> <!--How -->
<feat xlink:href="#rel_913" value="aux"/> <!--did -->
<feat xlink:href="#rel_914" value="nsubj"/> <!--you -->
<feat xlink:href="#rel_916" value="det"/> <!--these -->
<feat xlink:href="#rel_917" value="dobj"/> <!--questions -->
<feat xlink:href="#rel_919" value="advmod"/> <!--Where -->
<feat xlink:href="#rel_920" value="aux"/> <!--did -->
<feat xlink:href="#rel_921" value="nsubj"/> <!--I -->
<feat xlink:href="#rel_923" value="dobj"/> <!--them -->
<feat xlink:href="#rel_925" value="nsubj"/> <!--You -->
<feat xlink:href="#rel_927" value="det"/> <!--a -->
<feat xlink:href="#rel_928" value="dobj"/> <!--baseline -->
<feat xlink:href="#rel_929" value="prep"/> <!--from -->
<feat xlink:href="#rel_930" value="pcomp"/> <!--asking -->
<feat xlink:href="#rel_931" value="dobj"/> <!--girls -->
<feat xlink:href="#rel_932" value="cc"/> <!--and -->
<feat xlink:href="#rel_933" value="amod"/> <!--refining -->
<feat xlink:href="#rel_934" value="conj"/> <!--profiles -->
<feat xlink:href="#rel_936" value="cc"/> <!--And -->
<feat xlink:href="#rel_937" value="nsubj"/> <!--it -->
<feat xlink:href="#rel_938" value="cop"/> <!--s -->
<feat xlink:href="#rel_939" value="det"/> <!--an -->
<feat xlink:href="#rel_941" value="prep"/> <!--of -->
<feat xlink:href="#rel_942" value="pobj"/> <!--questions -->
<feat xlink:href="#rel_945" value="amod"/> <!--many -->
<feat xlink:href="#rel_947" value="amod"/> <!--many -->
<feat xlink:href="#rel_948" value="pobj"/> <!--questions -->
<feat xlink:href="#rel_950" value="nsubj"/> <!--What -->
<feat xlink:href="#rel_951" value="cop"/> <!--s -->
<feat xlink:href="#rel_952" value="poss"/> <!--your -->
<feat xlink:href="#rel_953" value="amod"/> <!--favorite -->
<feat xlink:href="#rel_956" value="nsubj"/> <!--I -->
<feat xlink:href="#rel_957" value="aux"/> <!--do -->
<feat xlink:href="#rel_958" value="neg"/> <!--n&apos;t -->
<feat xlink:href="#rel_961" value="det"/> <!--the -->
<feat xlink:href="#rel_962" value="nn"/> <!--O.J. -->
<feat xlink:href="#rel_963" value="appos"/> <!--Simpson -->
<feat xlink:href="#rel_965" value="discourse"/> <!--Yeah -->
<feat xlink:href="#rel_967" value="nsubj"/> <!--I -->
<feat xlink:href="#rel_969" value="nn"/> <!--O.J. -->
<feat xlink:href="#rel_970" value="dobj"/> <!--Simpson -->
<feat xlink:href="#rel_972" value="pobj"/> <!--What -->
<feat xlink:href="#rel_973" value="aux"/> <!--would -->
<feat xlink:href="#rel_974" value="nsubj"/> <!--that -->
<feat xlink:href="#rel_975" value="cop"/> <!--be -->
<feat xlink:href="#rel_976" value="det"/> <!--an -->
<feat xlink:href="#rel_978" value="prep"/> <!--of -->
<feat xlink:href="#rel_980" value="nsubj"/> <!--I -->
<feat xlink:href="#rel_981" value="cop"/> <!--m -->
<feat xlink:href="#rel_982" value="neg"/> <!--not -->
<feat xlink:href="#rel_984" value="det"/> <!--which -->
<feat xlink:href="#rel_985" value="dobj"/> <!--one -->
<feat xlink:href="#rel_986" value="nsubj"/> <!--you -->
<feat xlink:href="#rel_987" value="ccomp"/> <!--gave -->
<feat xlink:href="#rel_988" value="iobj"/> <!--him -->
<feat xlink:href="#rel_990" value="cc"/> <!--but -->
<feat xlink:href="#rel_991" value="expl"/> <!--there -->
<feat xlink:href="#rel_992" value="conj"/> <!--s -->
<feat xlink:href="#rel_993" value="det"/> <!--a -->
<feat xlink:href="#rel_994" value="amod"/> <!--brief -->
<feat xlink:href="#rel_996" value="amod"/> <!--brief -->
<feat xlink:href="#rel_998" value="amod"/> <!--brief -->
<feat xlink:href="#rel_999" value="nn"/> <!--IQ -->
<feat xlink:href="#rel_1000" value="nsubj"/> <!--test -->
<feat xlink:href="#rel_1001" value="advmod"/> <!--there -->
<feat xlink:href="#rel_1003" value="advmod"/> <!--Very -->
<feat xlink:href="#rel_1006" value="aux"/> <!--Do -->
<feat xlink:href="#rel_1007" value="nsubj"/> <!--you -->
<feat xlink:href="#rel_1009" value="prep"/> <!--for -->
<feat xlink:href="#rel_1010" value="pobj"/> <!--references -->
<feat xlink:href="#rel_1012" value="discourse"/> <!--No -->
<feat xlink:href="#rel_1014" value="mark"/> <!--because -->
<feat xlink:href="#rel_1015" value="nsubj"/> <!--I -->
<feat xlink:href="#rel_1016" value="advmod"/> <!--really -->
<feat xlink:href="#rel_1017" value="aux"/> <!--ca -->
<feat xlink:href="#rel_1018" value="neg"/> <!--n&apos;t -->
<feat xlink:href="#rel_1020" value="cc"/> <!--and -->
<feat xlink:href="#rel_1021" value="conj"/> <!--tell -->
<feat xlink:href="#rel_1022" value="iobj"/> <!--them -->
<feat xlink:href="#rel_1023" value="nsubj"/> <!--I -->
<feat xlink:href="#rel_1024" value="cop"/> <!--m -->
<feat xlink:href="#rel_1025" value="discourse"/> <!--yeah -->
<feat xlink:href="#rel_1027" value="nsubj"/> <!--so-and-so -->
<feat xlink:href="#rel_1028" value="aux"/> <!--s -->
<feat xlink:href="#rel_1029" value="ccomp"/> <!--applying -->
<feat xlink:href="#rel_1030" value="advmod"/> <!--here -->
<feat xlink:href="#rel_1031" value="prep"/> <!--for -->
<feat xlink:href="#rel_1032" value="det"/> <!--a -->
<feat xlink:href="#rel_1033" value="pobj"/> <!--position -->
</featList>
</paula>
