<?xml version="1.0" encoding="UTF-8" standalone="no"?>
<!DOCTYPE paula SYSTEM "paula_struct.dtd">

<paula version="1.0">
 <header paula_id="GUM.GUM_interview_dungeon.annoSet" />
 <structList xmlns:xlink="http://www.w3.org/1999/xlink" type="annoSet">
  <struct id="anno_1">
   <rel id="rel_1" xlink:href="GUM.GUM_interview_dungeon.text.xml" />
   <rel id="rel_2" xlink:href="GUM.GUM_interview_dungeon.tok.xml" />
   <rel id="rel_3" xlink:href="tei.GUM.GUM_interview_dungeon.headSeg_head.xml" />
   <rel id="rel_4" xlink:href="tei.GUM.GUM_interview_dungeon.headSeg.xml" />
   <rel id="rel_5" xlink:href="tei.GUM.GUM_interview_dungeon.sSeg_s.xml" />
   <rel id="rel_6" xlink:href="tei.GUM.GUM_interview_dungeon.sSeg.xml" />
   <rel id="rel_7" xlink:href="GUM.GUM_interview_dungeon.tok_pos.xml" />
   <rel id="rel_8" xlink:href="GUM.GUM_interview_dungeon.tok_lemma.xml" />
   <rel id="rel_9" xlink:href="tei.GUM.GUM_interview_dungeon.incident_typeSeg_incident_type.xml" />
   <rel id="rel_10" xlink:href="tei.GUM.GUM_interview_dungeon.incident_typeSeg.xml" />
   <rel id="rel_11" xlink:href="tei.GUM.GUM_interview_dungeon.incident_whoSeg_incident_who.xml" />
   <rel id="rel_12" xlink:href="tei.GUM.GUM_interview_dungeon.incident_whoSeg.xml" />
   <rel id="rel_13" xlink:href="tei.GUM.GUM_interview_dungeon.dateSeg_date.xml" />
   <rel id="rel_14" xlink:href="tei.GUM.GUM_interview_dungeon.dateSeg.xml" />
   <rel id="rel_15" xlink:href="tei.GUM.GUM_interview_dungeon.dateSeg_date_when.xml" />
   <rel id="rel_16" xlink:href="tei.GUM.GUM_interview_dungeon.dateSeg_date_rend.xml" />
   <rel id="rel_17" xlink:href="tei.GUM.GUM_interview_dungeon.figureSeg_figure.xml" />
   <rel id="rel_18" xlink:href="tei.GUM.GUM_interview_dungeon.figureSeg.xml" />
   <rel id="rel_19" xlink:href="tei.GUM.GUM_interview_dungeon.captionSeg_caption.xml" />
   <rel id="rel_20" xlink:href="tei.GUM.GUM_interview_dungeon.captionSeg.xml" />
   <rel id="rel_21" xlink:href="tei.GUM.GUM_interview_dungeon.sp_whoSeg_sp_who.xml" />
   <rel id="rel_22" xlink:href="tei.GUM.GUM_interview_dungeon.sp_whoSeg.xml" />
   <rel id="rel_23" xlink:href="tei.GUM.GUM_interview_dungeon.pSeg_p.xml" />
   <rel id="rel_24" xlink:href="tei.GUM.GUM_interview_dungeon.pSeg.xml" />
   <rel id="rel_25" xlink:href="tei.GUM.GUM_interview_dungeon.hi_rendSeg_hi_rend.xml" />
   <rel id="rel_26" xlink:href="tei.GUM.GUM_interview_dungeon.hi_rendSeg.xml" />
   <rel id="rel_27" xlink:href="tei.GUM.GUM_interview_dungeon.refSeg_ref.xml" />
   <rel id="rel_28" xlink:href="tei.GUM.GUM_interview_dungeon.refSeg.xml" />
   <rel id="rel_29" xlink:href="dep.GUM.GUM_interview_dungeon.dep.xml" />
   <rel id="rel_30" xlink:href="dep.GUM.GUM_interview_dungeon.dep_func.xml" />
   <rel id="rel_31" xlink:href="GUM.GUM_interview_dungeon.tok_claws5.xml" />
   <rel id="rel_32" xlink:href="const.GUM.GUM_interview_dungeon.catConst_cat.xml" />
   <rel id="rel_33" xlink:href="const.GUM.GUM_interview_dungeon.catConst.xml" />
   <rel id="rel_34" xlink:href="const.GUM.GUM_interview_dungeon.catConst_func.xml" />
  </struct>
 </structList>
</paula>