<?xml version="1.0" encoding="UTF-8" standalone="no"?>

<!DOCTYPE paula SYSTEM "paula_feat.dtd">
<paula version="1.0">

<header paula_id="GUM.GUM_interview_dungeon_pos"/>

<featList xmlns:xlink="http://www.w3.org/1999/xlink" type="pos" xml:base="GUM.GUM_interview_dungeon.tok.xml">
<feat xlink:href="#tok_1" value="NN"/><!-- BDSM...dungeon -->
<feat xlink:href="#tok_2" value="IN"/><!-- BDSM...dungeon -->
<feat xlink:href="#tok_3" value="NN"/><!-- BDSM...dungeon -->
<feat xlink:href="#tok_4" value=":"/><!-- BDSM...dungeon -->
<feat xlink:href="#tok_5" value="DT"/><!-- BDSM...dungeon -->
<feat xlink:href="#tok_6" value="NN"/><!-- BDSM...dungeon -->
<feat xlink:href="#tok_7" value="IN"/><!-- BDSM...dungeon -->
<feat xlink:href="#tok_8" value="DT"/><!-- BDSM...dungeon -->
<feat xlink:href="#tok_9" value="NNS"/><!-- BDSM...dungeon -->
<feat xlink:href="#tok_10" value="IN"/><!-- BDSM...dungeon -->
<feat xlink:href="#tok_11" value="DT"/><!-- BDSM...dungeon -->
<feat xlink:href="#tok_12" value="NN"/><!-- BDSM...dungeon -->
<feat xlink:href="#tok_13" value="NP"/><!-- Sunday...2007 -->
<feat xlink:href="#tok_14" value=","/><!-- Sunday...2007 -->
<feat xlink:href="#tok_15" value="NP"/><!-- Sunday...2007 -->
<feat xlink:href="#tok_16" value="CD"/><!-- Sunday...2007 -->
<feat xlink:href="#tok_17" value=","/><!-- Sunday...2007 -->
<feat xlink:href="#tok_18" value="CD"/><!-- Sunday...2007 -->
<feat xlink:href="#tok_19" value="VVG"/><!-- Operating...business -->
<feat xlink:href="#tok_20" value="DT"/><!-- Operating...business -->
<feat xlink:href="#tok_21" value="NN"/><!-- Operating...business -->
<feat xlink:href="#tok_22" value="DT"/><!-- The...costs -->
<feat xlink:href="#tok_23" value="NNS"/><!-- The...costs -->
<feat xlink:href="#tok_24" value="NN"/><!-- Clothing.... -->
<feat xlink:href="#tok_25" value="NN"/><!-- Clothing.... -->
<feat xlink:href="#tok_26" value="NN"/><!-- Clothing.... -->
<feat xlink:href="#tok_27" value="SENT"/><!-- Clothing.... -->
<feat xlink:href="#tok_28" value="EX"/><!-- There.... -->
<feat xlink:href="#tok_29" value="VBZ"/><!-- There...- -->
<feat xlink:href="#tok_30" value="DT"/><!-- There...- -->
<feat xlink:href="#tok_31" value="NN"/><!-- There...- -->
<feat xlink:href="#tok_32" value="IN"/><!-- There...- -->
<feat xlink:href="#tok_33" value="DT"/><!-- There...- -->
<feat xlink:href="#tok_34" value="NN"/><!-- There...- -->
<feat xlink:href="#tok_35" value="SENT"/><!-- There...- -->
<feat xlink:href="#tok_36" value="PP$"/><!-- Your.... -->
<feat xlink:href="#tok_37" value="NN"/><!-- Your.... -->
<feat xlink:href="#tok_38" value="TO"/><!-- Your.... -->
<feat xlink:href="#tok_39" value="DT"/><!-- Your.... -->
<feat xlink:href="#tok_40" value="VBZ"/><!-- Your.... -->
<feat xlink:href="#tok_41" value="RB"/><!-- Your.... -->
<feat xlink:href="#tok_42" value="RB"/><!-- Your.... -->
<feat xlink:href="#tok_43" value="WP"/><!-- Your.... -->
<feat xlink:href="#tok_44" value="PP"/><!-- Your.... -->
<feat xlink:href="#tok_45" value="VVP"/><!-- Your.... -->
<feat xlink:href="#tok_46" value="IN"/><!-- Your.... -->
<feat xlink:href="#tok_47" value="NNS"/><!-- Your.... -->
<feat xlink:href="#tok_48" value=","/><!-- Your.... -->
<feat xlink:href="#tok_49" value="VVG"/><!-- Your.... -->
<feat xlink:href="#tok_50" value="NNS"/><!-- Your.... -->
<feat xlink:href="#tok_51" value=","/><!-- Your.... -->
<feat xlink:href="#tok_52" value="VVG"/><!-- Your.... -->
<feat xlink:href="#tok_53" value="DT"/><!-- Your.... -->
<feat xlink:href="#tok_54" value="NP"/><!-- Your.... -->
<feat xlink:href="#tok_55" value=","/><!-- Your.... -->
<feat xlink:href="#tok_56" value="RB"/><!-- Your.... -->
<feat xlink:href="#tok_57" value="NNS"/><!-- Your.... -->
<feat xlink:href="#tok_58" value="RB"/><!-- Your.... -->
<feat xlink:href="#tok_59" value="SENT"/><!-- Your.... -->
<feat xlink:href="#tok_60" value="PP"/><!-- It.... -->
<feat xlink:href="#tok_61" value="VBZ"/><!-- It.... -->
<feat xlink:href="#tok_62" value="VVN"/><!-- It.... -->
<feat xlink:href="#tok_63" value="IN"/><!-- It.... -->
<feat xlink:href="#tok_64" value="IN"/><!-- It.... -->
<feat xlink:href="#tok_65" value="PP"/><!-- It.... -->
<feat xlink:href="#tok_66" value="VBZ"/><!-- It.... -->
<feat xlink:href="#tok_67" value="JJ"/><!-- It.... -->
<feat xlink:href="#tok_68" value=","/><!-- It.... -->
<feat xlink:href="#tok_69" value="JJ"/><!-- It.... -->
<feat xlink:href="#tok_70" value="CC"/><!-- It.... -->
<feat xlink:href="#tok_71" value="JJ"/><!-- It.... -->
<feat xlink:href="#tok_72" value="SENT"/><!-- It.... -->
<feat xlink:href="#tok_73" value="CC"/><!-- And...- -->
<feat xlink:href="#tok_74" value="SENT"/><!-- And...- -->
<feat xlink:href="#tok_75" value="UH"/><!-- Oh...? -->
<feat xlink:href="#tok_76" value="UH"/><!-- Oh...? -->
<feat xlink:href="#tok_77" value=","/><!-- Oh...? -->
<feat xlink:href="#tok_78" value="UH"/><!-- Oh...? -->
<feat xlink:href="#tok_79" value="SENT"/><!-- Oh...? -->
<feat xlink:href="#tok_80" value="WP"/><!-- What...? -->
<feat xlink:href="#tok_81" value="VBZ"/><!-- What...? -->
<feat xlink:href="#tok_82" value="RP"/><!-- What...? -->
<feat xlink:href="#tok_83" value="SENT"/><!-- What...? -->
<feat xlink:href="#tok_84" value="PP"/><!-- I.... -->
<feat xlink:href="#tok_85" value="VVP"/><!-- I.... -->
<feat xlink:href="#tok_86" value="VV"/><!-- I.... -->
<feat xlink:href="#tok_87" value="DT"/><!-- I.... -->
<feat xlink:href="#tok_88" value="NN"/><!-- I.... -->
<feat xlink:href="#tok_89" value="IN"/><!-- I.... -->
<feat xlink:href="#tok_90" value="NN"/><!-- I.... -->
<feat xlink:href="#tok_91" value="SENT"/><!-- I.... -->
<feat xlink:href="#tok_92" value="PP"/><!-- It.... -->
<feat xlink:href="#tok_93" value="VBZ"/><!-- It.... -->
<feat xlink:href="#tok_94" value="NN"/><!-- It.... -->
<feat xlink:href="#tok_95" value="CC"/><!-- It.... -->
<feat xlink:href="#tok_96" value="DT"/><!-- It.... -->
<feat xlink:href="#tok_97" value="SENT"/><!-- It.... -->
<feat xlink:href="#tok_98" value="IN"/><!-- If...- -->
<feat xlink:href="#tok_99" value="PP"/><!-- If...- -->
<feat xlink:href="#tok_100" value="VVP"/><!-- If...- -->
<feat xlink:href="#tok_101" value="IN"/><!-- If...- -->
<feat xlink:href="#tok_102" value="DT"/><!-- If...- -->
<feat xlink:href="#tok_103" value="NNS"/><!-- If...- -->
<feat xlink:href="#tok_104" value=","/><!-- If...- -->
<feat xlink:href="#tok_105" value="EX"/><!-- If...- -->
<feat xlink:href="#tok_106" value="VBZ"/><!-- If...- -->
<feat xlink:href="#tok_107" value="PDT"/><!-- If...- -->
<feat xlink:href="#tok_108" value="DT"/><!-- If...- -->
<feat xlink:href="#tok_109" value="NNS"/><!-- If...- -->
<feat xlink:href="#tok_110" value="PP"/><!-- If...- -->
<feat xlink:href="#tok_111" value="MD"/><!-- If...- -->
<feat xlink:href="#tok_112" value="VV"/><!-- If...- -->
<feat xlink:href="#tok_113" value="IN"/><!-- If...- -->
<feat xlink:href="#tok_114" value="DT"/><!-- If...- -->
<feat xlink:href="#tok_115" value="NNS"/><!-- If...- -->
<feat xlink:href="#tok_116" value="IN"/><!-- If...- -->
<feat xlink:href="#tok_117" value="NNS"/><!-- If...- -->
<feat xlink:href="#tok_118" value="SENT"/><!-- If...- -->
<feat xlink:href="#tok_119" value="CC"/><!-- but.... -->
<feat xlink:href="#tok_120" value="RBR"/><!-- but.... -->
<feat xlink:href="#tok_121" value="IN"/><!-- but.... -->
<feat xlink:href="#tok_122" value="NN"/><!-- but.... -->
<feat xlink:href="#tok_123" value=","/><!-- but.... -->
<feat xlink:href="#tok_124" value="EX"/><!-- but.... -->
<feat xlink:href="#tok_125" value="VBZ"/><!-- but.... -->
<feat xlink:href="#tok_126" value="DT"/><!-- but.... -->
<feat xlink:href="#tok_127" value="NN"/><!-- but.... -->
<feat xlink:href="#tok_128" value="IN"/><!-- but.... -->
<feat xlink:href="#tok_129" value="JJ"/><!-- but.... -->
<feat xlink:href="#tok_130" value="NN"/><!-- but.... -->
<feat xlink:href="#tok_131" value="IN"/><!-- but.... -->
<feat xlink:href="#tok_132" value="RB"/><!-- but.... -->
<feat xlink:href="#tok_133" value="SENT"/><!-- but.... -->
<feat xlink:href="#tok_134" value="PP"/><!-- We.... -->
<feat xlink:href="#tok_135" value="VVP"/><!-- We.... -->
<feat xlink:href="#tok_136" value="DT"/><!-- We.... -->
<feat xlink:href="#tok_137" value="NN"/><!-- We.... -->
<feat xlink:href="#tok_138" value="IN"/><!-- We.... -->
<feat xlink:href="#tok_139" value="WP"/><!-- We.... -->
<feat xlink:href="#tok_140" value="PP"/><!-- We.... -->
<feat xlink:href="#tok_141" value="MD"/><!-- We.... -->
<feat xlink:href="#tok_142" value="VV"/><!-- We.... -->
<feat xlink:href="#tok_143" value="PP"/><!-- We.... -->
<feat xlink:href="#tok_144" value="MD"/><!-- We.... -->
<feat xlink:href="#tok_145" value="VV"/><!-- We.... -->
<feat xlink:href="#tok_146" value=","/><!-- We.... -->
<feat xlink:href="#tok_147" value="WP"/><!-- We.... -->
<feat xlink:href="#tok_148" value="DT"/><!-- We.... -->
<feat xlink:href="#tok_149" value="JJ"/><!-- We.... -->
<feat xlink:href="#tok_150" value="NN"/><!-- We.... -->
<feat xlink:href="#tok_151" value="MD"/><!-- We.... -->
<feat xlink:href="#tok_152" value="VV"/><!-- We.... -->
<feat xlink:href="#tok_153" value="PP"/><!-- We.... -->
<feat xlink:href="#tok_154" value="MD"/><!-- We.... -->
<feat xlink:href="#tok_155" value="VV"/><!-- We.... -->
<feat xlink:href="#tok_156" value="SENT"/><!-- We.... -->
<feat xlink:href="#tok_157" value="PP"/><!-- We.... -->
<feat xlink:href="#tok_158" value="VVP"/><!-- We.... -->
<feat xlink:href="#tok_159" value="VVN"/><!-- We.... -->
<feat xlink:href="#tok_160" value=","/><!-- We.... -->
<feat xlink:href="#tok_161" value="JJ"/><!-- We.... -->
<feat xlink:href="#tok_162" value="NNS"/><!-- We.... -->
<feat xlink:href="#tok_163" value="SENT"/><!-- We.... -->
<feat xlink:href="#tok_164" value="PP"/><!-- I...- -->
<feat xlink:href="#tok_165" value="VVP"/><!-- I...- -->
<feat xlink:href="#tok_166" value="CD"/><!-- I...- -->
<feat xlink:href="#tok_167" value="IN"/><!-- I...- -->
<feat xlink:href="#tok_168" value="PP$"/><!-- I...- -->
<feat xlink:href="#tok_169" value="NNS"/><!-- I...- -->
<feat xlink:href="#tok_170" value="WDT"/><!-- I...- -->
<feat xlink:href="#tok_171" value="PP"/><!-- I...- -->
<feat xlink:href="#tok_172" value="VHD"/><!-- I...- -->
<feat xlink:href="#tok_173" value="VVN"/><!-- I...- -->
<feat xlink:href="#tok_174" value="IN"/><!-- I...- -->
<feat xlink:href="#tok_175" value="VVD"/><!-- I...- -->
<feat xlink:href="#tok_176" value=","/><!-- I...- -->
<feat xlink:href="#tok_177" value="``"/><!-- I...- -->
<feat xlink:href="#tok_178" value="IN"/><!-- I...- -->
<feat xlink:href="#tok_179" value="PP"/><!-- I...- -->
<feat xlink:href="#tok_180" value="VVP"/><!-- I...- -->
<feat xlink:href="#tok_181" value="JJ"/><!-- I...- -->
<feat xlink:href="#tok_182" value="NNS"/><!-- I...- -->
<feat xlink:href="#tok_183" value="VVP"/><!-- I...- -->
<feat xlink:href="#tok_184" value="RB"/><!-- I...- -->
<feat xlink:href="#tok_185" value="VV"/><!-- I...- -->
<feat xlink:href="#tok_186" value="NN"/><!-- I...- -->
<feat xlink:href="#tok_187" value=","/><!-- I...- -->
<feat xlink:href="#tok_188" value="&apos;&apos;"/><!-- I...- -->
<feat xlink:href="#tok_189" value="SENT"/><!-- I...- -->
<feat xlink:href="#tok_190" value="PP"/><!-- I...- -->
<feat xlink:href="#tok_191" value="VVD"/><!-- I...- -->
<feat xlink:href="#tok_192" value="WP"/><!-- I...- -->
<feat xlink:href="#tok_193" value="DT"/><!-- I...- -->
<feat xlink:href="#tok_194" value="NN"/><!-- I...- -->
<feat xlink:href="#tok_195" value="IN"/><!-- I...- -->
<feat xlink:href="#tok_196" value="PP"/><!-- I...- -->
<feat xlink:href="#tok_197" value="VVD"/><!-- I...- -->
<feat xlink:href="#tok_198" value=":"/><!-- I...- -->
<feat xlink:href="#tok_199" value="``"/><!-- &quot;...&quot; -->
<feat xlink:href="#tok_200" value=":"/><!-- &quot;...&quot; -->
<feat xlink:href="#tok_201" value="VV"/><!-- &quot;...&quot; -->
<feat xlink:href="#tok_202" value="RB"/><!-- &quot;...&quot; -->
<feat xlink:href="#tok_203" value="SENT"/><!-- &quot;...&quot; -->
<feat xlink:href="#tok_204" value="&apos;&apos;"/><!-- &quot;...&quot; -->
<feat xlink:href="#tok_205" value="UH"/><!-- Yeah.... -->
<feat xlink:href="#tok_206" value=","/><!-- Yeah...? -->
<feat xlink:href="#tok_207" value="``"/><!-- Yeah...? -->
<feat xlink:href="#tok_208" value="VV"/><!-- Yeah...? -->
<feat xlink:href="#tok_209" value="RB"/><!-- Yeah...? -->
<feat xlink:href="#tok_210" value="&apos;&apos;"/><!-- Yeah...? -->
<feat xlink:href="#tok_211" value="CC"/><!-- Yeah...? -->
<feat xlink:href="#tok_212" value="NN"/><!-- Yeah...? -->
<feat xlink:href="#tok_213" value="IN"/><!-- Yeah...? -->
<feat xlink:href="#tok_214" value="DT"/><!-- Yeah...? -->
<feat xlink:href="#tok_215" value="SENT"/><!-- Yeah...? -->
<feat xlink:href="#tok_216" value="CC"/><!-- And.... -->
<feat xlink:href="#tok_217" value="DT"/><!-- And.... -->
<feat xlink:href="#tok_218" value="NN"/><!-- And.... -->
<feat xlink:href="#tok_219" value="VHD"/><!-- And.... -->
<feat xlink:href="#tok_220" value="VVN"/><!-- And.... -->
<feat xlink:href="#tok_221" value="RB"/><!-- And.... -->
<feat xlink:href="#tok_222" value="JJ"/><!-- And.... -->
<feat xlink:href="#tok_223" value="NNS"/><!-- And.... -->
<feat xlink:href="#tok_224" value=","/><!-- And.... -->
<feat xlink:href="#tok_225" value="IN"/><!-- And.... -->
<feat xlink:href="#tok_226" value="PP"/><!-- And.... -->
<feat xlink:href="#tok_227" value=":"/><!-- And.... -->
<feat xlink:href="#tok_228" value="PP"/><!-- And.... -->
<feat xlink:href="#tok_229" value="VVP"/><!-- And.... -->
<feat xlink:href="#tok_230" value="PP"/><!-- And.... -->
<feat xlink:href="#tok_231" value="DT"/><!-- And.... -->
<feat xlink:href="#tok_232" value="VVD"/><!-- And.... -->
<feat xlink:href="#tok_233" value="IN/that"/><!-- And.... -->
<feat xlink:href="#tok_234" value="JJ"/><!-- And.... -->
<feat xlink:href="#tok_235" value="NNS"/><!-- And.... -->
<feat xlink:href="#tok_236" value="VVP"/><!-- And.... -->
<feat xlink:href="#tok_237" value="RB"/><!-- And.... -->
<feat xlink:href="#tok_238" value="VV"/><!-- And.... -->
<feat xlink:href="#tok_239" value="DT"/><!-- And.... -->
<feat xlink:href="#tok_240" value="SENT"/><!-- And.... -->
<feat xlink:href="#tok_241" value="CC"/><!-- And...&quot; -->
<feat xlink:href="#tok_242" value="DT"/><!-- And...&quot; -->
<feat xlink:href="#tok_243" value="NN"/><!-- And...&quot; -->
<feat xlink:href="#tok_244" value="IN"/><!-- And...&quot; -->
<feat xlink:href="#tok_245" value="PP"/><!-- And...&quot; -->
<feat xlink:href="#tok_246" value="VHD"/><!-- And...&quot; -->
<feat xlink:href="#tok_247" value="VVN"/><!-- And...&quot; -->
<feat xlink:href="#tok_248" value="CC"/><!-- And...&quot; -->
<feat xlink:href="#tok_249" value="PP"/><!-- And...&quot; -->
<feat xlink:href="#tok_250" value="VVD"/><!-- And...&quot; -->
<feat xlink:href="#tok_251" value=","/><!-- And...&quot; -->
<feat xlink:href="#tok_252" value="``"/><!-- And...&quot; -->
<feat xlink:href="#tok_253" value="NN"/><!-- And...&quot; -->
<feat xlink:href="#tok_254" value="SENT"/><!-- And...&quot; -->
<feat xlink:href="#tok_255" value="&apos;&apos;"/><!-- And...&quot; -->
<feat xlink:href="#tok_256" value="CC"/><!-- And.... -->
<feat xlink:href="#tok_257" value="PP"/><!-- And.... -->
<feat xlink:href="#tok_258" value="VVP"/><!-- And.... -->
<feat xlink:href="#tok_259" value="PP"/><!-- And.... -->
<feat xlink:href="#tok_260" value="VVP"/><!-- And.... -->
<feat xlink:href="#tok_261" value=","/><!-- And.... -->
<feat xlink:href="#tok_262" value="DT"/><!-- And.... -->
<feat xlink:href="#tok_263" value="NN"/><!-- And.... -->
<feat xlink:href="#tok_264" value="IN"/><!-- And.... -->
<feat xlink:href="#tok_265" value="NNS"/><!-- And.... -->
<feat xlink:href="#tok_266" value="VVN"/><!-- And.... -->
<feat xlink:href="#tok_267" value="IN"/><!-- And.... -->
<feat xlink:href="#tok_268" value="IN"/><!-- And.... -->
<feat xlink:href="#tok_269" value="DT"/><!-- And.... -->
<feat xlink:href="#tok_270" value="RB"/><!-- And.... -->
<feat xlink:href="#tok_271" value="SENT"/><!-- And.... -->
<feat xlink:href="#tok_272" value="VV"/><!-- Do...? -->
<feat xlink:href="#tok_273" value="PP"/><!-- Do...? -->
<feat xlink:href="#tok_274" value="VV"/><!-- Do...? -->
<feat xlink:href="#tok_275" value="SENT"/><!-- Do...? -->
<feat xlink:href="#tok_276" value="PP"/><!-- I.... -->
<feat xlink:href="#tok_277" value="RB"/><!-- I.... -->
<feat xlink:href="#tok_278" value="VVP"/><!-- I.... -->
<feat xlink:href="#tok_279" value=","/><!-- I.... -->
<feat xlink:href="#tok_280" value="PP"/><!-- I.... -->
<feat xlink:href="#tok_281" value="RB"/><!-- I.... -->
<feat xlink:href="#tok_282" value="VVP"/><!-- I.... -->
<feat xlink:href="#tok_283" value="SENT"/><!-- I.... -->
<feat xlink:href="#tok_284" value="WP"/><!-- What...? -->
<feat xlink:href="#tok_285" value="VBP"/><!-- What...? -->
<feat xlink:href="#tok_286" value="DT"/><!-- What...? -->
<feat xlink:href="#tok_287" value="NN"/><!-- What...? -->
<feat xlink:href="#tok_288" value="NNS"/><!-- What...? -->
<feat xlink:href="#tok_289" value="VVN"/><!-- What...? -->
<feat xlink:href="#tok_290" value="SENT"/><!-- What...? -->
<feat xlink:href="#tok_291" value="PP"/><!-- It...... -->
<feat xlink:href="#tok_292" value="VVZ"/><!-- It...... -->
<feat xlink:href="#tok_293" value=":"/><!-- It...... -->
<feat xlink:href="#tok_294" value="VV"/><!-- It...... -->
<feat xlink:href="#tok_295" value="IN"/><!-- It...... -->
<feat xlink:href="#tok_296" value="NP"/><!-- It...... -->
<feat xlink:href="#tok_297" value=","/><!-- It...... -->
<feat xlink:href="#tok_298" value="VV"/><!-- It...... -->
<feat xlink:href="#tok_299" value="IN"/><!-- It...... -->
<feat xlink:href="#tok_300" value="NNS"/><!-- It...... -->
<feat xlink:href="#tok_301" value=","/><!-- It...... -->
<feat xlink:href="#tok_302" value="VV"/><!-- It...... -->
<feat xlink:href="#tok_303" value="IN"/><!-- It...... -->
<feat xlink:href="#tok_304" value="NNS"/><!-- It...... -->
<feat xlink:href="#tok_305" value=","/><!-- It...... -->
<feat xlink:href="#tok_306" value="VV"/><!-- It...... -->
<feat xlink:href="#tok_307" value="IN"/><!-- It...... -->
<feat xlink:href="#tok_308" value="VVG"/><!-- It...... -->
<feat xlink:href="#tok_309" value=","/><!-- It...... -->
<feat xlink:href="#tok_310" value="VV"/><!-- It...... -->
<feat xlink:href="#tok_311" value="IN"/><!-- It...... -->
<feat xlink:href="#tok_312" value="NN"/><!-- It...... -->
<feat xlink:href="#tok_313" value="SENT"/><!-- It...... -->
<feat xlink:href="#tok_314" value="WP"/><!-- What...? -->
<feat xlink:href="#tok_315" value="VBZ"/><!-- What...? -->
<feat xlink:href="#tok_316" value="PP$"/><!-- What...? -->
<feat xlink:href="#tok_317" value="JJS"/><!-- What...? -->
<feat xlink:href="#tok_318" value="VVN"/><!-- What...? -->
<feat xlink:href="#tok_319" value="NN"/><!-- What...? -->
<feat xlink:href="#tok_320" value="SENT"/><!-- What...? -->
<feat xlink:href="#tok_321" value="DT"/><!-- The.... -->
<feat xlink:href="#tok_322" value="JJ"/><!-- The.... -->
<feat xlink:href="#tok_323" value="RBS"/><!-- The.... -->
<feat xlink:href="#tok_324" value="JJ"/><!-- The.... -->
<feat xlink:href="#tok_325" value="NN"/><!-- The.... -->
<feat xlink:href="#tok_326" value="PP"/><!-- The.... -->
<feat xlink:href="#tok_327" value="VVP"/><!-- The.... -->
<feat xlink:href="#tok_328" value="IN"/><!-- The.... -->
<feat xlink:href="#tok_329" value="VBZ"/><!-- The.... -->
<feat xlink:href="#tok_330" value="NN"/><!-- The.... -->
<feat xlink:href="#tok_331" value="CC"/><!-- The.... -->
<feat xlink:href="#tok_332" value="NN"/><!-- The.... -->
<feat xlink:href="#tok_333" value=","/><!-- The.... -->
<feat xlink:href="#tok_334" value="DT"/><!-- The.... -->
<feat xlink:href="#tok_335" value="CD"/><!-- The.... -->
<feat xlink:href="#tok_336" value="RB"/><!-- The.... -->
<feat xlink:href="#tok_337" value="VVP"/><!-- The.... -->
<feat xlink:href="#tok_338" value="RP"/><!-- The.... -->
<feat xlink:href="#tok_339" value="DT"/><!-- The.... -->
<feat xlink:href="#tok_340" value="NN"/><!-- The.... -->
<feat xlink:href="#tok_341" value="IN"/><!-- The.... -->
<feat xlink:href="#tok_342" value="WP"/><!-- The.... -->
<feat xlink:href="#tok_343" value="PP"/><!-- The.... -->
<feat xlink:href="#tok_344" value="VVP"/><!-- The.... -->
<feat xlink:href="#tok_345" value="SENT"/><!-- The.... -->
<feat xlink:href="#tok_346" value="EX"/><!-- There.... -->
<feat xlink:href="#tok_347" value="VBZ"/><!-- There.... -->
<feat xlink:href="#tok_348" value="NNS"/><!-- There.... -->
<feat xlink:href="#tok_349" value=","/><!-- There.... -->
<feat xlink:href="#tok_350" value="CC"/><!-- There.... -->
<feat xlink:href="#tok_351" value="EX"/><!-- There.... -->
<feat xlink:href="#tok_352" value="VBZ"/><!-- There.... -->
<feat xlink:href="#tok_353" value="NN"/><!-- There.... -->
<feat xlink:href="#tok_354" value="CC"/><!-- There.... -->
<feat xlink:href="#tok_355" value="NN"/><!-- There.... -->
<feat xlink:href="#tok_356" value="CC"/><!-- There.... -->
<feat xlink:href="#tok_357" value="NN"/><!-- There.... -->
<feat xlink:href="#tok_358" value=","/><!-- There.... -->
<feat xlink:href="#tok_359" value="CC"/><!-- There.... -->
<feat xlink:href="#tok_360" value="NN"/><!-- There.... -->
<feat xlink:href="#tok_361" value="CC"/><!-- There.... -->
<feat xlink:href="#tok_362" value="NNS"/><!-- There.... -->
<feat xlink:href="#tok_363" value="IN"/><!-- There.... -->
<feat xlink:href="#tok_364" value="DT"/><!-- There.... -->
<feat xlink:href="#tok_365" value="WDT"/><!-- There.... -->
<feat xlink:href="#tok_366" value="PP"/><!-- There.... -->
<feat xlink:href="#tok_367" value="VHP"/><!-- There.... -->
<feat xlink:href="#tok_368" value="TO"/><!-- There.... -->
<feat xlink:href="#tok_369" value="VV"/><!-- There.... -->
<feat xlink:href="#tok_370" value="SENT"/><!-- There.... -->
<feat xlink:href="#tok_371" value="DT"/><!-- That.... -->
<feat xlink:href="#tok_372" value="VBZ"/><!-- That.... -->
<feat xlink:href="#tok_373" value="RB"/><!-- That.... -->
<feat xlink:href="#tok_374" value="PP"/><!-- That.... -->
<feat xlink:href="#tok_375" value="SENT"/><!-- That.... -->
<feat xlink:href="#tok_376" value="DT"/><!-- The.... -->
<feat xlink:href="#tok_377" value="JJS"/><!-- The.... -->
<feat xlink:href="#tok_378" value="NN"/><!-- The.... -->
<feat xlink:href="#tok_379" value="IN"/><!-- The.... -->
<feat xlink:href="#tok_380" value="VVG"/><!-- The.... -->
<feat xlink:href="#tok_381" value="DT"/><!-- The.... -->
<feat xlink:href="#tok_382" value="NN"/><!-- The.... -->
<feat xlink:href="#tok_383" value=","/><!-- The.... -->
<feat xlink:href="#tok_384" value="WDT"/><!-- The.... -->
<feat xlink:href="#tok_385" value="VBZ"/><!-- The.... -->
<feat xlink:href="#tok_386" value="WRB"/><!-- The.... -->
<feat xlink:href="#tok_387" value="NNS"/><!-- The.... -->
<feat xlink:href="#tok_388" value="MD"/><!-- The.... -->
<feat xlink:href="#tok_389" value="RB"/><!-- The.... -->
<feat xlink:href="#tok_390" value="VV"/><!-- The.... -->
<feat xlink:href="#tok_391" value="PP"/><!-- The.... -->
<feat xlink:href="#tok_392" value=","/><!-- The.... -->
<feat xlink:href="#tok_393" value="VBZ"/><!-- The.... -->
<feat xlink:href="#tok_394" value="DT"/><!-- The.... -->
<feat xlink:href="#tok_395" value="NN"/><!-- The.... -->
<feat xlink:href="#tok_396" value="WDT"/><!-- The.... -->
<feat xlink:href="#tok_397" value="PP$"/><!-- The.... -->
<feat xlink:href="#tok_398" value="NN"/><!-- The.... -->
<feat xlink:href="#tok_399" value="VHZ"/><!-- The.... -->
<feat xlink:href="#tok_400" value="IN"/><!-- The.... -->
<feat xlink:href="#tok_401" value="DT"/><!-- The.... -->
<feat xlink:href="#tok_402" value="NNS"/><!-- The.... -->
<feat xlink:href="#tok_403" value="CC"/><!-- The.... -->
<feat xlink:href="#tok_404" value="IN"/><!-- The.... -->
<feat xlink:href="#tok_405" value="DT"/><!-- The.... -->
<feat xlink:href="#tok_406" value="NNS"/><!-- The.... -->
<feat xlink:href="#tok_407" value="SENT"/><!-- The.... -->
<feat xlink:href="#tok_408" value="WRB"/><!-- Where...? -->
<feat xlink:href="#tok_409" value="VVP"/><!-- Where...? -->
<feat xlink:href="#tok_410" value="PP"/><!-- Where...? -->
<feat xlink:href="#tok_411" value="VV"/><!-- Where...? -->
<feat xlink:href="#tok_412" value="SENT"/><!-- Where...? -->
<feat xlink:href="#tok_413" value="DT"/><!-- A.... -->
<feat xlink:href="#tok_414" value="NN"/><!-- A.... -->
<feat xlink:href="#tok_415" value="IN"/><!-- A.... -->
<feat xlink:href="#tok_416" value="DT"/><!-- A.... -->
<feat xlink:href="#tok_417" value="NN"/><!-- A.... -->
<feat xlink:href="#tok_418" value=","/><!-- A.... -->
<feat xlink:href="#tok_419" value="PP"/><!-- A.... -->
<feat xlink:href="#tok_420" value="VHP"/><!-- A.... -->
<feat xlink:href="#tok_421" value="VVN"/><!-- A.... -->
<feat xlink:href="#tok_422" value="JJS"/><!-- A.... -->
<feat xlink:href="#tok_423" value="IN"/><!-- A.... -->
<feat xlink:href="#tok_424" value="DT"/><!-- A.... -->
<feat xlink:href="#tok_425" value="JJ"/><!-- A.... -->
<feat xlink:href="#tok_426" value="NN"/><!-- A.... -->
<feat xlink:href="#tok_427" value="NNS"/><!-- A.... -->
<feat xlink:href="#tok_428" value=","/><!-- A.... -->
<feat xlink:href="#tok_429" value="NP"/><!-- A.... -->
<feat xlink:href="#tok_430" value="NP"/><!-- New...Press -->
<feat xlink:href="#tok_431" value="NP"/><!-- New...Press -->
<feat xlink:href="#tok_432" value=","/><!-- New...Press -->
<feat xlink:href="#tok_433" value="NNS"/><!-- New...Press -->
<feat xlink:href="#tok_434" value="IN"/><!-- New...Press -->
<feat xlink:href="#tok_435" value="DT"/><!-- New...Press -->
<feat xlink:href="#tok_436" value=","/><!-- New...Press -->
<feat xlink:href="#tok_437" value="NP"/><!-- New...Press -->
<feat xlink:href="#tok_438" value="NP"/><!-- L...Magazine -->
<feat xlink:href="#tok_439" value="SENT"/><!-- L...Magazine -->
<feat xlink:href="#tok_440" value="IN"/><!-- In...? -->
<feat xlink:href="#tok_441" value="DT"/><!-- In...? -->
<feat xlink:href="#tok_442" value="NN"/><!-- In...? -->
<feat xlink:href="#tok_443" value="IN"/><!-- In...? -->
<feat xlink:href="#tok_444" value="DT"/><!-- In...? -->
<feat xlink:href="#tok_445" value="NN"/><!-- In...? -->
<feat xlink:href="#tok_446" value="SENT"/><!-- In...? -->
<feat xlink:href="#tok_447" value="RB"/><!-- Typically.... -->
<feat xlink:href="#tok_448" value="IN"/><!-- Typically...... -->
<feat xlink:href="#tok_449" value="DT"/><!-- Typically...... -->
<feat xlink:href="#tok_450" value="NN"/><!-- Typically...... -->
<feat xlink:href="#tok_451" value="IN"/><!-- Typically...... -->
<feat xlink:href="#tok_452" value="DT"/><!-- Typically...... -->
<feat xlink:href="#tok_453" value="NN"/><!-- Typically...... -->
<feat xlink:href="#tok_454" value="SENT"/><!-- Typically...... -->
<feat xlink:href="#tok_455" value="NNS"/><!-- Magazines...... -->
<feat xlink:href="#tok_456" value="RB"/><!-- Magazines...... -->
<feat xlink:href="#tok_457" value="VVP"/><!-- Magazines...... -->
<feat xlink:href="#tok_458" value="PP$"/><!-- Magazines...... -->
<feat xlink:href="#tok_459" value="NN"/><!-- Magazines...... -->
<feat xlink:href="#tok_460" value="IN"/><!-- Magazines...... -->
<feat xlink:href="#tok_461" value="PP"/><!-- Magazines...... -->
<feat xlink:href="#tok_462" value=":"/><!-- Magazines...... -->
<feat xlink:href="#tok_463" value="PP"/><!-- Magazines...... -->
<feat xlink:href="#tok_464" value="VVP"/><!-- Magazines...... -->
<feat xlink:href="#tok_465" value="PP"/><!-- Magazines...... -->
<feat xlink:href="#tok_466" value=","/><!-- Magazines...... -->
<feat xlink:href="#tok_467" value="PP"/><!-- Magazines...... -->
<feat xlink:href="#tok_468" value="VVP"/><!-- Magazines...... -->
<feat xlink:href="#tok_469" value="RB"/><!-- Magazines...... -->
<feat xlink:href="#tok_470" value="VV"/><!-- Magazines...... -->
<feat xlink:href="#tok_471" value="PP"/><!-- Magazines...... -->
<feat xlink:href="#tok_472" value="SENT"/><!-- Magazines...... -->
<feat xlink:href="#tok_473" value="VVG"/><!-- Depending...- -->
<feat xlink:href="#tok_474" value="IN"/><!-- Depending...- -->
<feat xlink:href="#tok_475" value="DT"/><!-- Depending...- -->
<feat xlink:href="#tok_476" value="NN"/><!-- Depending...- -->
<feat xlink:href="#tok_477" value="NN"/><!-- Depending...- -->
<feat xlink:href="#tok_478" value="SENT"/><!-- Depending...- -->
<feat xlink:href="#tok_479" value="WP"/><!-- Who.... -->
<feat xlink:href="#tok_480" value="VBZ"/><!-- Who.... -->
<feat xlink:href="#tok_481" value="VVG"/><!-- Who.... -->
<feat xlink:href="#tok_482" value="DT"/><!-- Who.... -->
<feat xlink:href="#tok_483" value="NN"/><!-- Who.... -->
<feat xlink:href="#tok_484" value=","/><!-- Who.... -->
<feat xlink:href="#tok_485" value="WP"/><!-- Who.... -->
<feat xlink:href="#tok_486" value="VBZ"/><!-- Who.... -->
<feat xlink:href="#tok_487" value="VVG"/><!-- Who.... -->
<feat xlink:href="#tok_488" value="DT"/><!-- Who.... -->
<feat xlink:href="#tok_489" value="NN"/><!-- Who.... -->
<feat xlink:href="#tok_490" value="SENT"/><!-- Who.... -->
<feat xlink:href="#tok_491" value="RB"/><!-- So.... -->
<feat xlink:href="#tok_492" value="PP"/><!-- So.... -->
<feat xlink:href="#tok_493" value="VVZ"/><!-- So.... -->
<feat xlink:href="#tok_494" value=","/><!-- So.... -->
<feat xlink:href="#tok_495" value="RB"/><!-- So.... -->
<feat xlink:href="#tok_496" value="CD"/><!-- So.... -->
<feat xlink:href="#tok_497" value="NN"/><!-- So.... -->
<feat xlink:href="#tok_498" value="PP"/><!-- So.... -->
<feat xlink:href="#tok_499" value="VVD"/><!-- So.... -->
<feat xlink:href="#tok_500" value="TO"/><!-- So.... -->
<feat xlink:href="#tok_501" value="VB"/><!-- So.... -->
<feat xlink:href="#tok_502" value="IN"/><!-- So.... -->
<feat xlink:href="#tok_503" value="DT"/><!-- So.... -->
<feat xlink:href="#tok_504" value="NP"/><!-- So.... -->
<feat xlink:href="#tok_505" value=","/><!-- So.... -->
<feat xlink:href="#tok_506" value="CC"/><!-- So.... -->
<feat xlink:href="#tok_507" value="PP"/><!-- So.... -->
<feat xlink:href="#tok_508" value="VHP"/><!-- So.... -->
<feat xlink:href="#tok_509" value="RB"/><!-- So.... -->
<feat xlink:href="#tok_510" value="VVN"/><!-- So.... -->
<feat xlink:href="#tok_511" value="NN"/><!-- So.... -->
<feat xlink:href="#tok_512" value="NNS"/><!-- So.... -->
<feat xlink:href="#tok_513" value="SENT"/><!-- So.... -->
<feat xlink:href="#tok_514" value="RB"/><!-- Completely.... -->
<feat xlink:href="#tok_515" value="SENT"/><!-- Completely.... -->
<feat xlink:href="#tok_516" value="RB"/><!-- So.... -->
<feat xlink:href="#tok_517" value="RB"/><!-- So.... -->
<feat xlink:href="#tok_518" value="PP"/><!-- So.... -->
<feat xlink:href="#tok_519" value="MD"/><!-- So.... -->
<feat xlink:href="#tok_520" value="VB"/><!-- So.... -->
<feat xlink:href="#tok_521" value="IN"/><!-- So.... -->
<feat xlink:href="#tok_522" value="DT"/><!-- So.... -->
<feat xlink:href="#tok_523" value="NP"/><!-- So.... -->
<feat xlink:href="#tok_524" value="IN"/><!-- Voice -->
<feat xlink:href="#tok_525" value="DT"/><!-- Voice -->
<feat xlink:href="#tok_526" value="NN"/><!-- Voice -->
<feat xlink:href="#tok_527" value="SENT"/><!-- Voice -->
<feat xlink:href="#tok_528" value="PP"/><!-- We.... -->
<feat xlink:href="#tok_529" value="VBP"/><!-- We.... -->
<feat xlink:href="#tok_530" value="VVG"/><!-- We.... -->
<feat xlink:href="#tok_531" value="JJR"/><!-- We.... -->
<feat xlink:href="#tok_532" value="IN"/><!-- We.... -->
<feat xlink:href="#tok_533" value="DT"/><!-- We.... -->
<feat xlink:href="#tok_534" value="NP"/><!-- We.... -->
<feat xlink:href="#tok_535" value="IN"/><!-- We.... -->
<feat xlink:href="#tok_536" value="DT"/><!-- We.... -->
<feat xlink:href="#tok_537" value="NN"/><!-- We.... -->
<feat xlink:href="#tok_538" value=","/><!-- We.... -->
<feat xlink:href="#tok_539" value="IN"/><!-- We.... -->
<feat xlink:href="#tok_540" value="DT"/><!-- We.... -->
<feat xlink:href="#tok_541" value="NN"/><!-- We.... -->
<feat xlink:href="#tok_542" value="VBZ"/><!-- We.... -->
<feat xlink:href="#tok_543" value="DT"/><!-- We.... -->
<feat xlink:href="#tok_544" value="RB"/><!-- We.... -->
<feat xlink:href="#tok_545" value="JJR"/><!-- We.... -->
<feat xlink:href="#tok_546" value=","/><!-- We.... -->
<feat xlink:href="#tok_547" value="JJR"/><!-- We.... -->
<feat xlink:href="#tok_548" value="NN"/><!-- We.... -->
<feat xlink:href="#tok_549" value="IN"/><!-- We.... -->
<feat xlink:href="#tok_550" value="DT"/><!-- We.... -->
<feat xlink:href="#tok_551" value="NN"/><!-- We.... -->
<feat xlink:href="#tok_552" value="TO"/><!-- We.... -->
<feat xlink:href="#tok_553" value="VV"/><!-- We.... -->
<feat xlink:href="#tok_554" value="IN"/><!-- We.... -->
<feat xlink:href="#tok_555" value="JJ"/><!-- We.... -->
<feat xlink:href="#tok_556" value="NN"/><!-- We.... -->
<feat xlink:href="#tok_557" value="CC"/><!-- We.... -->
<feat xlink:href="#tok_558" value="RB"/><!-- We.... -->
<feat xlink:href="#tok_559" value="VV"/><!-- We.... -->
<feat xlink:href="#tok_560" value="VVN"/><!-- We.... -->
<feat xlink:href="#tok_561" value="IN"/><!-- We.... -->
<feat xlink:href="#tok_562" value="PP"/><!-- We.... -->
<feat xlink:href="#tok_563" value="SENT"/><!-- We.... -->
<feat xlink:href="#tok_564" value="VVG"/><!-- Hiring...employees -->
<feat xlink:href="#tok_565" value="NNS"/><!-- Hiring...employees -->
<feat xlink:href="#tok_566" value="NN"/><!-- Personality.... -->
<feat xlink:href="#tok_567" value="NN"/><!-- Personality.... -->
<feat xlink:href="#tok_568" value="NNS"/><!-- Personality.... -->
<feat xlink:href="#tok_569" value="VVN"/><!-- Personality.... -->
<feat xlink:href="#tok_570" value="TO"/><!-- Personality.... -->
<feat xlink:href="#tok_571" value="JJ"/><!-- Personality.... -->
<feat xlink:href="#tok_572" value="NNS"/><!-- Personality.... -->
<feat xlink:href="#tok_573" value="SENT"/><!-- Personality.... -->
<feat xlink:href="#tok_574" value="JJ"/><!-- Pursuant.... -->
<feat xlink:href="#tok_575" value="TO"/><!-- Pursuant...- -->
<feat xlink:href="#tok_576" value="PP$"/><!-- Pursuant...- -->
<feat xlink:href="#tok_577" value="NN"/><!-- Pursuant...- -->
<feat xlink:href="#tok_578" value="NN"/><!-- Pursuant...- -->
<feat xlink:href="#tok_579" value=":"/><!-- Pursuant...- -->
<feat xlink:href="#tok_580" value="PP"/><!-- Pursuant...- -->
<feat xlink:href="#tok_581" value="RB"/><!-- Pursuant...- -->
<feat xlink:href="#tok_582" value="VVP"/><!-- Pursuant...- -->
<feat xlink:href="#tok_583" value="JJ"/><!-- Pursuant...- -->
<feat xlink:href="#tok_584" value="NNS"/><!-- Pursuant...- -->
<feat xlink:href="#tok_585" value="SENT"/><!-- Pursuant...- -->
<feat xlink:href="#tok_586" value="PP"/><!-- I...- -->
<feat xlink:href="#tok_587" value="VVP"/><!-- I...- -->
<feat xlink:href="#tok_588" value="RB"/><!-- I...- -->
<feat xlink:href="#tok_589" value="VV"/><!-- I...- -->
<feat xlink:href="#tok_590" value="IN"/><!-- I...- -->
<feat xlink:href="#tok_591" value="DT"/><!-- I...- -->
<feat xlink:href="#tok_592" value="NN"/><!-- I...- -->
<feat xlink:href="#tok_593" value="VBZ"/><!-- I...- -->
<feat xlink:href="#tok_594" value="RB"/><!-- I...- -->
<feat xlink:href="#tok_595" value="JJ"/><!-- I...- -->
<feat xlink:href="#tok_596" value="JJ"/><!-- I...- -->
<feat xlink:href="#tok_597" value="SENT"/><!-- I...- -->
<feat xlink:href="#tok_598" value="PP$"/><!-- My...- -->
<feat xlink:href="#tok_599" value="NN"/><!-- My...- -->
<feat xlink:href="#tok_600" value="VHZ"/><!-- My...- -->
<feat xlink:href="#tok_601" value="VVN"/><!-- My...- -->
<feat xlink:href="#tok_602" value="JJ"/><!-- My...- -->
<feat xlink:href="#tok_603" value=","/><!-- My...- -->
<feat xlink:href="#tok_604" value="JJ"/><!-- My...- -->
<feat xlink:href="#tok_605" value="NNS"/><!-- My...- -->
<feat xlink:href="#tok_606" value="SENT"/><!-- My...- -->
<feat xlink:href="#tok_607" value=":"/><!-- -...- -->
<feat xlink:href="#tok_608" value="JJ"/><!-- -...- -->
<feat xlink:href="#tok_609" value="NNS"/><!-- -...- -->
<feat xlink:href="#tok_610" value="SENT"/><!-- -...- -->
<feat xlink:href="#tok_611" value=":"/><!-- -...&quot; -->
<feat xlink:href="#tok_612" value="CC"/><!-- -...? -->
<feat xlink:href="#tok_613" value="PP"/><!-- -...? -->
<feat xlink:href="#tok_614" value="VBZ"/><!-- -...? -->
<feat xlink:href="#tok_615" value="IN"/><!-- -...? -->
<feat xlink:href="#tok_616" value="DT"/><!-- -...? -->
<feat xlink:href="#tok_617" value="NN"/><!-- -...? -->
<feat xlink:href="#tok_618" value=","/><!-- -...? -->
<feat xlink:href="#tok_619" value="PP"/><!-- -...? -->
<feat xlink:href="#tok_620" value="MD"/><!-- -...? -->
<feat xlink:href="#tok_621" value="VV"/><!-- -...? -->
<feat xlink:href="#tok_622" value=","/><!-- -...? -->
<feat xlink:href="#tok_623" value="``"/><!-- -...? -->
<feat xlink:href="#tok_624" value="UH"/><!-- -...? -->
<feat xlink:href="#tok_625" value=","/><!-- -...? -->
<feat xlink:href="#tok_626" value="PP"/><!-- -...? -->
<feat xlink:href="#tok_627" value="MD"/><!-- -...? -->
<feat xlink:href="#tok_628" value="RB"/><!-- -...? -->
<feat xlink:href="#tok_629" value="VV"/><!-- -...? -->
<feat xlink:href="#tok_630" value="PP"/><!-- -...? -->
<feat xlink:href="#tok_631" value="SENT"/><!-- -...? -->
<feat xlink:href="#tok_632" value="&apos;&apos;"/><!-- -...? -->
<feat xlink:href="#tok_633" value="PP"/><!-- I...? -->
<feat xlink:href="#tok_634" value="VBP"/><!-- I...? -->
<feat xlink:href="#tok_635" value="JJ"/><!-- I...? -->
<feat xlink:href="#tok_636" value=","/><!-- I...? -->
<feat xlink:href="#tok_637" value="``"/><!-- I...? -->
<feat xlink:href="#tok_638" value="VBP"/><!-- I...? -->
<feat xlink:href="#tok_639" value="PP"/><!-- I...? -->
<feat xlink:href="#tok_640" value="JJ"/><!-- I...? -->
<feat xlink:href="#tok_641" value="SENT"/><!-- I...? -->
<feat xlink:href="#tok_642" value="PP"/><!-- I...- -->
<feat xlink:href="#tok_643" value="MD"/><!-- I...- -->
<feat xlink:href="#tok_644" value="RB"/><!-- I...- -->
<feat xlink:href="#tok_645" value="VV"/><!-- I...- -->
<feat xlink:href="#tok_646" value="PP"/><!-- I...- -->
<feat xlink:href="#tok_647" value="SENT"/><!-- I...- -->
<feat xlink:href="#tok_648" value="PP"/><!-- I...- -->
<feat xlink:href="#tok_649" value="VVP"/><!-- I...- -->
<feat xlink:href="#tok_650" value="SENT"/><!-- I...- -->
<feat xlink:href="#tok_651" value="WRB"/><!-- Why...? -->
<feat xlink:href="#tok_652" value="RB"/><!-- Why...? -->
<feat xlink:href="#tok_653" value="SENT"/><!-- Why...? -->
<feat xlink:href="#tok_654" value="IN"/><!-- Because.... -->
<feat xlink:href="#tok_655" value="PP"/><!-- Because...- -->
<feat xlink:href="#tok_656" value="VVP"/><!-- Because...- -->
<feat xlink:href="#tok_657" value="NN"/><!-- Because...- -->
<feat xlink:href="#tok_658" value="WP"/><!-- Because...- -->
<feat xlink:href="#tok_659" value="VBZ"/><!-- Because...- -->
<feat xlink:href="#tok_660" value="VVG"/><!-- Because...- -->
<feat xlink:href="#tok_661" value="TO"/><!-- Because...- -->
<feat xlink:href="#tok_662" value="VV"/><!-- Because...- -->
<feat xlink:href="#tok_663" value="NNS"/><!-- Because...- -->
<feat xlink:href="#tok_664" value="RB"/><!-- Because...- -->
<feat xlink:href="#tok_665" value="CC"/><!-- Because...- -->
<feat xlink:href="#tok_666" value="RB"/><!-- Because...- -->
<feat xlink:href="#tok_667" value="SENT"/><!-- Because...- -->
<feat xlink:href="#tok_668" value="PP"/><!-- We...- -->
<feat xlink:href="#tok_669" value="VHP"/><!-- We...- -->
<feat xlink:href="#tok_670" value="SENT"/><!-- We...- -->
<feat xlink:href="#tok_671" value="WRB"/><!-- How...? -->
<feat xlink:href="#tok_672" value="MD"/><!-- How...? -->
<feat xlink:href="#tok_673" value="PP"/><!-- How...? -->
<feat xlink:href="#tok_674" value="VV"/><!-- How...? -->
<feat xlink:href="#tok_675" value="IN"/><!-- How...? -->
<feat xlink:href="#tok_676" value="PP"/><!-- How...? -->
<feat xlink:href="#tok_677" value="MD"/><!-- How...? -->
<feat xlink:href="#tok_678" value="CC"/><!-- How...? -->
<feat xlink:href="#tok_679" value="MD"/><!-- How...? -->
<feat xlink:href="#tok_680" value="RB"/><!-- How...? -->
<feat xlink:href="#tok_681" value="SENT"/><!-- How...? -->
<feat xlink:href="#tok_682" value="RB"/><!-- Just...? -->
<feat xlink:href="#tok_683" value="IN"/><!-- Just...? -->
<feat xlink:href="#tok_684" value="VVG"/><!-- Just...? -->
<feat xlink:href="#tok_685" value="TO"/><!-- Just...? -->
<feat xlink:href="#tok_686" value="PP"/><!-- Just...? -->
<feat xlink:href="#tok_687" value="SENT"/><!-- Just...? -->
<feat xlink:href="#tok_688" value="VHG"/><!-- Having.... -->
<feat xlink:href="#tok_689" value="VBN"/><!-- Having.... -->
<feat xlink:href="#tok_690" value="DT"/><!-- Having.... -->
<feat xlink:href="#tok_691" value="NN"/><!-- Having.... -->
<feat xlink:href="#tok_692" value="IN"/><!-- Having.... -->
<feat xlink:href="#tok_693" value="DT"/><!-- Having.... -->
<feat xlink:href="#tok_694" value="NN"/><!-- Having.... -->
<feat xlink:href="#tok_695" value="IN"/><!-- Having.... -->
<feat xlink:href="#tok_696" value="NNS"/><!-- Having.... -->
<feat xlink:href="#tok_697" value="VVZ"/><!-- Having.... -->
<feat xlink:href="#tok_698" value="PP"/><!-- Having.... -->
<feat xlink:href="#tok_699" value="DT"/><!-- Having.... -->
<feat xlink:href="#tok_700" value="NN"/><!-- Having.... -->
<feat xlink:href="#tok_701" value="RP"/><!-- Having.... -->
<feat xlink:href="#tok_702" value="IN"/><!-- Having.... -->
<feat xlink:href="#tok_703" value="PP"/><!-- Having.... -->
<feat xlink:href="#tok_704" value="SENT"/><!-- Having.... -->
<feat xlink:href="#tok_705" value="CC"/><!-- And.... -->
<feat xlink:href="#tok_706" value="PP"/><!-- And...! -->
<feat xlink:href="#tok_707" value="VHZ"/><!-- And...! -->
<feat xlink:href="#tok_708" value="VBN"/><!-- And...! -->
<feat xlink:href="#tok_709" value="JJ"/><!-- And...! -->
<feat xlink:href="#tok_710" value="SENT"/><!-- And...! -->
<feat xlink:href="#tok_711" value="CC"/><!-- And...right -->
<feat xlink:href="#tok_712" value="PP"/><!-- And...right -->
<feat xlink:href="#tok_713" value="VHP"/><!-- And...right -->
<feat xlink:href="#tok_714" value="VVN"/><!-- And...right -->
<feat xlink:href="#tok_715" value="PP"/><!-- And...right -->
<feat xlink:href="#tok_716" value="VV"/><!-- And...right -->
<feat xlink:href="#tok_717" value="DT"/><!-- And...right -->
<feat xlink:href="#tok_718" value="NNS"/><!-- And...right -->
<feat xlink:href="#tok_719" value=","/><!-- And...right -->
<feat xlink:href="#tok_720" value="CC"/><!-- And...right -->
<feat xlink:href="#tok_721" value="RB"/><!-- And...right -->
<feat xlink:href="#tok_722" value="PP"/><!-- And...right -->
<feat xlink:href="#tok_723" value="VHZ"/><!-- And...right -->
<feat xlink:href="#tok_724" value="VBN"/><!-- And...right -->
<feat xlink:href="#tok_725" value="JJ"/><!-- And...right -->
<feat xlink:href="#tok_726" value="PP"/><!-- They...! -->
<feat xlink:href="#tok_727" value="VHP"/><!-- They...! -->
<feat xlink:href="#tok_728" value="VBN"/><!-- They...! -->
<feat xlink:href="#tok_729" value="JJ"/><!-- They...! -->
<feat xlink:href="#tok_730" value="NN"/><!-- They...! -->
<feat xlink:href="#tok_731" value="IN"/><!-- They...! -->
<feat xlink:href="#tok_732" value="DT"/><!-- They...! -->
<feat xlink:href="#tok_733" value="NNS"/><!-- They...! -->
<feat xlink:href="#tok_734" value="SENT"/><!-- They...! -->
<feat xlink:href="#tok_735" value="PP"/><!-- I...together -->
<feat xlink:href="#tok_736" value="RB"/><!-- I...together -->
<feat xlink:href="#tok_737" value="VHP"/><!-- I...together -->
<feat xlink:href="#tok_738" value="DT"/><!-- I...together -->
<feat xlink:href="#tok_739" value="NN"/><!-- I...together -->
<feat xlink:href="#tok_740" value="PP"/><!-- I...together -->
<feat xlink:href="#tok_741" value="VVP"/><!-- I...together -->
<feat xlink:href="#tok_742" value="RP"/><!-- I...together -->
<feat xlink:href="#tok_743" value="IN"/><!-- I...together -->
<feat xlink:href="#tok_744" value="PP"/><!-- I...together -->
<feat xlink:href="#tok_745" value=","/><!-- I...together -->
<feat xlink:href="#tok_746" value="DT"/><!-- I...together -->
<feat xlink:href="#tok_747" value="NP"/><!-- I...together -->
<feat xlink:href="#tok_748" value="WDT"/><!-- I...together -->
<feat xlink:href="#tok_749" value="PP"/><!-- I...together -->
<feat xlink:href="#tok_750" value="VVD"/><!-- I...together -->
<feat xlink:href="#tok_751" value=","/><!-- I...together -->
<feat xlink:href="#tok_752" value="RB"/><!-- I...together -->
<feat xlink:href="#tok_753" value="IN/that"/><!-- I...together -->
<feat xlink:href="#tok_754" value="PP"/><!-- I...together -->
<feat xlink:href="#tok_755" value="VHP"/><!-- I...together -->
<feat xlink:href="#tok_756" value="DT"/><!-- I...together -->
<feat xlink:href="#tok_757" value="NN"/><!-- I...together -->
<feat xlink:href="#tok_758" value=":"/><!-- I...together -->
<feat xlink:href="#tok_759" value="NP"/><!-- I...together -->
<feat xlink:href="#tok_760" value="CC"/><!-- I...together -->
<feat xlink:href="#tok_761" value="PP"/><!-- I...together -->
<feat xlink:href="#tok_762" value="VVD"/><!-- I...together -->
<feat xlink:href="#tok_763" value="PP"/><!-- I...together -->
<feat xlink:href="#tok_764" value="RP"/><!-- I...together -->
<feat xlink:href="#tok_765" value="PP"/><!-- I.... -->
<feat xlink:href="#tok_766" value="VVP"/><!-- I.... -->
<feat xlink:href="#tok_767" value="RB"/><!-- I.... -->
<feat xlink:href="#tok_768" value="VV"/><!-- I.... -->
<feat xlink:href="#tok_769" value="IN"/><!-- I.... -->
<feat xlink:href="#tok_770" value="PP"/><!-- I.... -->
<feat xlink:href="#tok_771" value="MD"/><!-- I.... -->
<feat xlink:href="#tok_772" value="VV"/><!-- I.... -->
<feat xlink:href="#tok_773" value="TO"/><!-- I.... -->
<feat xlink:href="#tok_774" value="VV"/><!-- I.... -->
<feat xlink:href="#tok_775" value="CD"/><!-- I.... -->
<feat xlink:href="#tok_776" value="SENT"/><!-- I.... -->
<feat xlink:href="#tok_777" value="UH"/><!-- No...- -->
<feat xlink:href="#tok_778" value=","/><!-- No...- -->
<feat xlink:href="#tok_779" value="UH"/><!-- No...- -->
<feat xlink:href="#tok_780" value=","/><!-- No...- -->
<feat xlink:href="#tok_781" value="UH"/><!-- No...- -->
<feat xlink:href="#tok_782" value="SENT"/><!-- No...- -->
<feat xlink:href="#tok_783" value="RB"/><!-- No...- -->
<feat xlink:href="#tok_784" value="SENT"/><!-- No...- -->
<feat xlink:href="#tok_785" value="PP"/><!-- I.... -->
<feat xlink:href="#tok_786" value="MD"/><!-- I.... -->
<feat xlink:href="#tok_787" value="VV"/><!-- I.... -->
<feat xlink:href="#tok_788" value="PP"/><!-- I.... -->
<feat xlink:href="#tok_789" value="SENT"/><!-- I.... -->
<feat xlink:href="#tok_790" value="RB"/><!-- So...- -->
<feat xlink:href="#tok_791" value="PP"/><!-- So...- -->
<feat xlink:href="#tok_792" value="VHP"/><!-- So...- -->
<feat xlink:href="#tok_793" value="DT"/><!-- So...- -->
<feat xlink:href="#tok_794" value="NP"/><!-- So...- -->
<feat xlink:href="#tok_795" value="WDT"/><!-- So...- -->
<feat xlink:href="#tok_796" value="PP"/><!-- So...- -->
<feat xlink:href="#tok_797" value="SENT"/><!-- So...- -->
<feat xlink:href="#tok_798" value="MD"/><!-- Could...- -->
<feat xlink:href="#tok_799" value="PP"/><!-- Could...- -->
<feat xlink:href="#tok_800" value="VH"/><!-- Could...- -->
<feat xlink:href="#tok_801" value="DT"/><!-- Could...- -->
<feat xlink:href="#tok_802" value="NN"/><!-- Could...- -->
<feat xlink:href="#tok_803" value=","/><!-- Could...- -->
<feat xlink:href="#tok_804" value="RB"/><!-- Could...- -->
<feat xlink:href="#tok_805" value="RB"/><!-- Could...- -->
<feat xlink:href="#tok_806" value="CD"/><!-- Could...- -->
<feat xlink:href="#tok_807" value="WDT"/><!-- Could...- -->
<feat xlink:href="#tok_808" value="VBZ"/><!-- Could...- -->
<feat xlink:href="#tok_809" value="VVN"/><!-- Could...- -->
<feat xlink:href="#tok_810" value="RP"/><!-- Could...- -->
<feat xlink:href="#tok_811" value=","/><!-- Could...- -->
<feat xlink:href="#tok_812" value="CC"/><!-- Could...- -->
<feat xlink:href="#tok_813" value="RB"/><!-- Could...- -->
<feat xlink:href="#tok_814" value="CD"/><!-- Could...- -->
<feat xlink:href="#tok_815" value="WDT"/><!-- Could...- -->
<feat xlink:href="#tok_816" value="PP"/><!-- Could...- -->
<feat xlink:href="#tok_817" value="SENT"/><!-- Could...- -->
<feat xlink:href="#tok_818" value="PP"/><!-- I.... -->
<feat xlink:href="#tok_819" value="MD"/><!-- I.... -->
<feat xlink:href="#tok_820" value="VV"/><!-- I.... -->
<feat xlink:href="#tok_821" value="PP"/><!-- I.... -->
<feat xlink:href="#tok_822" value="SENT"/><!-- I.... -->
<feat xlink:href="#tok_823" value="DT"/><!-- The...- -->
<feat xlink:href="#tok_824" value="NNS"/><!-- The...- -->
<feat xlink:href="#tok_825" value="VBP"/><!-- The...- -->
<feat xlink:href="#tok_826" value="SENT"/><!-- The...- -->
<feat xlink:href="#tok_827" value="VB"/><!-- Be.... -->
<feat xlink:href="#tok_828" value="JJ"/><!-- Be.... -->
<feat xlink:href="#tok_829" value="SENT"/><!-- Be.... -->
<feat xlink:href="#tok_830" value="PP"/><!-- He.... -->
<feat xlink:href="#tok_831" value="MD"/><!-- He.... -->
<feat xlink:href="#tok_832" value="VV"/><!-- He.... -->
<feat xlink:href="#tok_833" value="PP"/><!-- He.... -->
<feat xlink:href="#tok_834" value="VV"/><!-- He.... -->
<feat xlink:href="#tok_835" value="CD"/><!-- He.... -->
<feat xlink:href="#tok_836" value="RP"/><!-- He.... -->
<feat xlink:href="#tok_837" value="SENT"/><!-- He.... -->
<feat xlink:href="#tok_838" value="PP"/><!-- You.... -->
<feat xlink:href="#tok_839" value="MD"/><!-- You...? -->
<feat xlink:href="#tok_840" value="VB"/><!-- You...? -->
<feat xlink:href="#tok_841" value="VVN"/><!-- You...? -->
<feat xlink:href="#tok_842" value="SENT"/><!-- You...? -->
<feat xlink:href="#tok_843" value="PP"/><!-- You.... -->
<feat xlink:href="#tok_844" value="MD"/><!-- You.... -->
<feat xlink:href="#tok_845" value="RB"/><!-- You.... -->
<feat xlink:href="#tok_846" value="VV"/><!-- You.... -->
<feat xlink:href="#tok_847" value="PP"/><!-- You.... -->
<feat xlink:href="#tok_848" value="SENT"/><!-- You.... -->
<feat xlink:href="#tok_849" value="VBZ"/><!-- Is...? -->
<feat xlink:href="#tok_850" value="PP"/><!-- Is...? -->
<feat xlink:href="#tok_851" value="RB"/><!-- Is...? -->
<feat xlink:href="#tok_852" value="NNS"/><!-- Is...? -->
<feat xlink:href="#tok_853" value="PP"/><!-- Is...? -->
<feat xlink:href="#tok_854" value="VVP"/><!-- Is...? -->
<feat xlink:href="#tok_855" value="SENT"/><!-- Is...? -->
<feat xlink:href="#tok_856" value="UH"/><!-- Yeah.... -->
<feat xlink:href="#tok_857" value="SENT"/><!-- Yeah.... -->
<feat xlink:href="#tok_858" value="WP"/><!-- What...? -->
<feat xlink:href="#tok_859" value="MD"/><!-- What...? -->
<feat xlink:href="#tok_860" value="DT"/><!-- What...? -->
<feat xlink:href="#tok_861" value="NN"/><!-- What...? -->
<feat xlink:href="#tok_862" value="IN"/><!-- What...? -->
<feat xlink:href="#tok_863" value="``"/><!-- What...? -->
<feat xlink:href="#tok_864" value="DT"/><!-- What...? -->
<feat xlink:href="#tok_865" value="JJS"/><!-- What...? -->
<feat xlink:href="#tok_866" value="NN"/><!-- What...? -->
<feat xlink:href="#tok_867" value="IN"/><!-- What...? -->
<feat xlink:href="#tok_868" value="DT"/><!-- What...? -->
<feat xlink:href="#tok_869" value="NN"/><!-- What...? -->
<feat xlink:href="#tok_870" value="&apos;&apos;"/><!-- What...? -->
<feat xlink:href="#tok_871" value="VV"/><!-- What...? -->
<feat xlink:href="#tok_872" value="TO"/><!-- What...? -->
<feat xlink:href="#tok_873" value="PP"/><!-- What...? -->
<feat xlink:href="#tok_874" value="SENT"/><!-- What...? -->
<feat xlink:href="#tok_875" value="DT"/><!-- No...- -->
<feat xlink:href="#tok_876" value="NN"/><!-- No...- -->
<feat xlink:href="#tok_877" value="MD"/><!-- No...- -->
<feat xlink:href="#tok_878" value="VV"/><!-- No...- -->
<feat xlink:href="#tok_879" value="NN"/><!-- No...- -->
<feat xlink:href="#tok_880" value="RB"/><!-- No...- -->
<feat xlink:href="#tok_881" value="IN"/><!-- No...- -->
<feat xlink:href="#tok_882" value="PDT"/><!-- No...- -->
<feat xlink:href="#tok_883" value="DT"/><!-- No...- -->
<feat xlink:href="#tok_884" value="NNS"/><!-- No...- -->
<feat xlink:href="#tok_885" value="RB"/><!-- No...- -->
<feat xlink:href="#tok_886" value="SENT"/><!-- No...- -->
<feat xlink:href="#tok_887" value="JJ"/><!-- Sure.... -->
<feat xlink:href="#tok_888" value="SENT"/><!-- Sure.... -->
<feat xlink:href="#tok_889" value=":"/><!-- -.... -->
<feat xlink:href="#tok_890" value="CC"/><!-- -...- -->
<feat xlink:href="#tok_891" value="PP"/><!-- -...- -->
<feat xlink:href="#tok_892" value="VHP"/><!-- -...- -->
<feat xlink:href="#tok_893" value="DT"/><!-- -...- -->
<feat xlink:href="#tok_894" value="NN"/><!-- -...- -->
<feat xlink:href="#tok_895" value="WDT"/><!-- -...- -->
<feat xlink:href="#tok_896" value="PP"/><!-- -...- -->
<feat xlink:href="#tok_897" value="MD"/><!-- -...- -->
<feat xlink:href="#tok_898" value="VV"/><!-- -...- -->
<feat xlink:href="#tok_899" value="IN"/><!-- -...- -->
<feat xlink:href="#tok_900" value=":"/><!-- -...- -->
<feat xlink:href="#tok_901" value="DT"/><!-- -...- -->
<feat xlink:href="#tok_902" value="NP"/><!-- -...- -->
<feat xlink:href="#tok_903" value="SENT"/><!-- MMPI -->
<feat xlink:href="#tok_904" value="DT"/><!-- The...- -->
<feat xlink:href="#tok_905" value="NN"/><!-- The...- -->
<feat xlink:href="#tok_906" value="NNS"/><!-- The...- -->
<feat xlink:href="#tok_907" value="WDT"/><!-- The...- -->
<feat xlink:href="#tok_908" value="PP"/><!-- The...- -->
<feat xlink:href="#tok_909" value="VVP"/><!-- The...- -->
<feat xlink:href="#tok_910" value="TO"/><!-- The...- -->
<feat xlink:href="#tok_911" value="SENT"/><!-- The...- -->
<feat xlink:href="#tok_912" value="WRB"/><!-- How...? -->
<feat xlink:href="#tok_913" value="VVD"/><!-- How...? -->
<feat xlink:href="#tok_914" value="PP"/><!-- How...? -->
<feat xlink:href="#tok_915" value="VV"/><!-- How...? -->
<feat xlink:href="#tok_916" value="DT"/><!-- How...? -->
<feat xlink:href="#tok_917" value="NNS"/><!-- How...? -->
<feat xlink:href="#tok_918" value="SENT"/><!-- How...? -->
<feat xlink:href="#tok_919" value="WRB"/><!-- Where...? -->
<feat xlink:href="#tok_920" value="VVD"/><!-- Where...- -->
<feat xlink:href="#tok_921" value="PP"/><!-- Where...- -->
<feat xlink:href="#tok_922" value="VV"/><!-- Where...- -->
<feat xlink:href="#tok_923" value="PP"/><!-- Where...- -->
<feat xlink:href="#tok_924" value="SENT"/><!-- Where...- -->
<feat xlink:href="#tok_925" value="PP"/><!-- You...- -->
<feat xlink:href="#tok_926" value="VVP"/><!-- You...- -->
<feat xlink:href="#tok_927" value="DT"/><!-- You...- -->
<feat xlink:href="#tok_928" value="NN"/><!-- You...- -->
<feat xlink:href="#tok_929" value="IN"/><!-- You...- -->
<feat xlink:href="#tok_930" value="VVG"/><!-- You...- -->
<feat xlink:href="#tok_931" value="NNS"/><!-- You...- -->
<feat xlink:href="#tok_932" value="CC"/><!-- You...- -->
<feat xlink:href="#tok_933" value="VVG"/><!-- You...- -->
<feat xlink:href="#tok_934" value="NNS"/><!-- You...- -->
<feat xlink:href="#tok_935" value="SENT"/><!-- You...- -->
<feat xlink:href="#tok_936" value="CC"/><!-- And.... -->
<feat xlink:href="#tok_937" value="PP"/><!-- And.... -->
<feat xlink:href="#tok_938" value="VBZ"/><!-- And.... -->
<feat xlink:href="#tok_939" value="DT"/><!-- And.... -->
<feat xlink:href="#tok_940" value="NN"/><!-- And.... -->
<feat xlink:href="#tok_941" value="IN"/><!-- And.... -->
<feat xlink:href="#tok_942" value="NNS"/><!-- And.... -->
<feat xlink:href="#tok_943" value="SENT"/><!-- And.... -->
<feat xlink:href="#tok_944" value="IN"/><!-- Of...- -->
<feat xlink:href="#tok_945" value="JJ"/><!-- Of...- -->
<feat xlink:href="#tok_946" value=","/><!-- Of...- -->
<feat xlink:href="#tok_947" value="JJ"/><!-- Of...- -->
<feat xlink:href="#tok_948" value="NNS"/><!-- Of...- -->
<feat xlink:href="#tok_949" value="SENT"/><!-- Of...- -->
<feat xlink:href="#tok_950" value="WP"/><!-- What...? -->
<feat xlink:href="#tok_951" value="VBZ"/><!-- What...…. -->
<feat xlink:href="#tok_952" value="PP$"/><!-- What...…. -->
<feat xlink:href="#tok_953" value="JJ"/><!-- What...…. -->
<feat xlink:href="#tok_954" value="NN"/><!-- What...…. -->
<feat xlink:href="#tok_955" value="SENT"/><!-- What...…. -->
<feat xlink:href="#tok_956" value="PP"/><!-- I...…. -->
<feat xlink:href="#tok_957" value="VVP"/><!-- I...…. -->
<feat xlink:href="#tok_958" value="RB"/><!-- I...…. -->
<feat xlink:href="#tok_959" value="VV"/><!-- I...…. -->
<feat xlink:href="#tok_960" value=","/><!-- I...…. -->
<feat xlink:href="#tok_961" value="DT"/><!-- I...…. -->
<feat xlink:href="#tok_962" value="NP"/><!-- I...…. -->
<feat xlink:href="#tok_963" value="NP"/><!-- I...…. -->
<feat xlink:href="#tok_964" value="SENT"/><!-- I...…. -->
<feat xlink:href="#tok_965" value="UH"/><!-- Yeah.... -->
<feat xlink:href="#tok_966" value=","/><!-- Yeah...? -->
<feat xlink:href="#tok_967" value="PP"/><!-- Yeah...? -->
<feat xlink:href="#tok_968" value="VVP"/><!-- Yeah...? -->
<feat xlink:href="#tok_969" value="NP"/><!-- Yeah...? -->
<feat xlink:href="#tok_970" value="NP"/><!-- Yeah...? -->
<feat xlink:href="#tok_971" value="SENT"/><!-- Yeah...? -->
<feat xlink:href="#tok_972" value="WP"/><!-- What...? -->
<feat xlink:href="#tok_973" value="MD"/><!-- What...? -->
<feat xlink:href="#tok_974" value="DT"/><!-- What...? -->
<feat xlink:href="#tok_975" value="VB"/><!-- What...? -->
<feat xlink:href="#tok_976" value="DT"/><!-- What...? -->
<feat xlink:href="#tok_977" value="NN"/><!-- What...? -->
<feat xlink:href="#tok_978" value="IN"/><!-- What...? -->
<feat xlink:href="#tok_979" value="SENT"/><!-- What...? -->
<feat xlink:href="#tok_980" value="PP"/><!-- I.... -->
<feat xlink:href="#tok_981" value="VBP"/><!-- I.... -->
<feat xlink:href="#tok_982" value="RB"/><!-- I.... -->
<feat xlink:href="#tok_983" value="JJ"/><!-- I.... -->
<feat xlink:href="#tok_984" value="WDT"/><!-- I.... -->
<feat xlink:href="#tok_985" value="CD"/><!-- I.... -->
<feat xlink:href="#tok_986" value="PP"/><!-- I.... -->
<feat xlink:href="#tok_987" value="VVD"/><!-- I.... -->
<feat xlink:href="#tok_988" value="PP"/><!-- I.... -->
<feat xlink:href="#tok_989" value=","/><!-- I.... -->
<feat xlink:href="#tok_990" value="CC"/><!-- I.... -->
<feat xlink:href="#tok_991" value="EX"/><!-- I.... -->
<feat xlink:href="#tok_992" value="VBZ"/><!-- I.... -->
<feat xlink:href="#tok_993" value="DT"/><!-- I.... -->
<feat xlink:href="#tok_994" value="JJ"/><!-- I.... -->
<feat xlink:href="#tok_995" value=","/><!-- I.... -->
<feat xlink:href="#tok_996" value="JJ"/><!-- I.... -->
<feat xlink:href="#tok_997" value=","/><!-- I.... -->
<feat xlink:href="#tok_998" value="JJ"/><!-- I.... -->
<feat xlink:href="#tok_999" value="NP"/><!-- I.... -->
<feat xlink:href="#tok_1000" value="NN"/><!-- I.... -->
<feat xlink:href="#tok_1001" value="RB"/><!-- I.... -->
<feat xlink:href="#tok_1002" value="SENT"/><!-- I.... -->
<feat xlink:href="#tok_1003" value="RB"/><!-- Very.... -->
<feat xlink:href="#tok_1004" value="JJ"/><!-- Very.... -->
<feat xlink:href="#tok_1005" value="SENT"/><!-- Very.... -->
<feat xlink:href="#tok_1006" value="VVP"/><!-- Do...? -->
<feat xlink:href="#tok_1007" value="PP"/><!-- Do...? -->
<feat xlink:href="#tok_1008" value="VV"/><!-- Do...? -->
<feat xlink:href="#tok_1009" value="IN"/><!-- Do...? -->
<feat xlink:href="#tok_1010" value="NNS"/><!-- Do...? -->
<feat xlink:href="#tok_1011" value="SENT"/><!-- Do...? -->
<feat xlink:href="#tok_1012" value="UH"/><!-- No.... -->
<feat xlink:href="#tok_1013" value=","/><!-- No.... -->
<feat xlink:href="#tok_1014" value="IN"/><!-- No.... -->
<feat xlink:href="#tok_1015" value="PP"/><!-- No.... -->
<feat xlink:href="#tok_1016" value="RB"/><!-- No.... -->
<feat xlink:href="#tok_1017" value="MD"/><!-- No.... -->
<feat xlink:href="#tok_1018" value="RB"/><!-- No.... -->
<feat xlink:href="#tok_1019" value="VV"/><!-- No.... -->
<feat xlink:href="#tok_1020" value="CC"/><!-- No.... -->
<feat xlink:href="#tok_1021" value="VV"/><!-- No.... -->
<feat xlink:href="#tok_1022" value="PP"/><!-- No.... -->
<feat xlink:href="#tok_1023" value="PP"/><!-- No.... -->
<feat xlink:href="#tok_1024" value="VBP"/><!-- No.... -->
<feat xlink:href="#tok_1025" value="UH"/><!-- &apos;m -->
<feat xlink:href="#tok_1026" value=","/><!-- &apos;m -->
<feat xlink:href="#tok_1027" value="NN"/><!-- &apos;m -->
<feat xlink:href="#tok_1028" value="VBZ"/><!-- &apos;m -->
<feat xlink:href="#tok_1029" value="VVG"/><!-- &apos;m -->
<feat xlink:href="#tok_1030" value="RB"/><!-- &apos;m -->
<feat xlink:href="#tok_1031" value="IN"/><!-- &apos;m -->
<feat xlink:href="#tok_1032" value="DT"/><!-- &apos;m -->
<feat xlink:href="#tok_1033" value="NN"/><!-- &apos;m -->
<feat xlink:href="#tok_1034" value="SENT"/><!-- &apos;m -->
</featList>
</paula>
