<?xml version="1.0" encoding="UTF-8" standalone="no"?>

<!DOCTYPE paula SYSTEM "paula_feat.dtd">
<paula version="1.0">

<header paula_id="GUM.GUM_interview_dungeon_lemma"/>

<featList xmlns:xlink="http://www.w3.org/1999/xlink" type="lemma" xml:base="GUM.GUM_interview_dungeon.tok.xml">
<feat xlink:href="#tok_1" value="BDSM"/><!-- BDSM...dungeon -->
<feat xlink:href="#tok_2" value="as"/><!-- BDSM...dungeon -->
<feat xlink:href="#tok_3" value="business"/><!-- BDSM...dungeon -->
<feat xlink:href="#tok_4" value=":"/><!-- BDSM...dungeon -->
<feat xlink:href="#tok_5" value="an"/><!-- BDSM...dungeon -->
<feat xlink:href="#tok_6" value="interview"/><!-- BDSM...dungeon -->
<feat xlink:href="#tok_7" value="with"/><!-- BDSM...dungeon -->
<feat xlink:href="#tok_8" value="the"/><!-- BDSM...dungeon -->
<feat xlink:href="#tok_9" value="owner"/><!-- BDSM...dungeon -->
<feat xlink:href="#tok_10" value="of"/><!-- BDSM...dungeon -->
<feat xlink:href="#tok_11" value="a"/><!-- BDSM...dungeon -->
<feat xlink:href="#tok_12" value="dungeon"/><!-- BDSM...dungeon -->
<feat xlink:href="#tok_13" value="Sunday"/><!-- Sunday...2007 -->
<feat xlink:href="#tok_14" value=","/><!-- Sunday...2007 -->
<feat xlink:href="#tok_15" value="October"/><!-- Sunday...2007 -->
<feat xlink:href="#tok_16" value="@card@"/><!-- Sunday...2007 -->
<feat xlink:href="#tok_17" value=","/><!-- Sunday...2007 -->
<feat xlink:href="#tok_18" value="@card@"/><!-- Sunday...2007 -->
<feat xlink:href="#tok_19" value="operate"/><!-- Operating...business -->
<feat xlink:href="#tok_20" value="the"/><!-- Operating...business -->
<feat xlink:href="#tok_21" value="business"/><!-- Operating...business -->
<feat xlink:href="#tok_22" value="the"/><!-- The...costs -->
<feat xlink:href="#tok_23" value="cost"/><!-- The...costs -->
<feat xlink:href="#tok_24" value="clothing"/><!-- Clothing.... -->
<feat xlink:href="#tok_25" value="supply"/><!-- Clothing.... -->
<feat xlink:href="#tok_26" value="closet"/><!-- Clothing.... -->
<feat xlink:href="#tok_27" value="."/><!-- Clothing.... -->
<feat xlink:href="#tok_28" value="There"/><!-- There.... -->
<feat xlink:href="#tok_29" value="be"/><!-- There...- -->
<feat xlink:href="#tok_30" value="a"/><!-- There...- -->
<feat xlink:href="#tok_31" value="misconception"/><!-- There...- -->
<feat xlink:href="#tok_32" value="in"/><!-- There...- -->
<feat xlink:href="#tok_33" value="this"/><!-- There...- -->
<feat xlink:href="#tok_34" value="industry"/><!-- There...- -->
<feat xlink:href="#tok_35" value="."/><!-- There...- -->
<feat xlink:href="#tok_36" value="your"/><!-- Your.... -->
<feat xlink:href="#tok_37" value="exposure"/><!-- Your.... -->
<feat xlink:href="#tok_38" value="to"/><!-- Your.... -->
<feat xlink:href="#tok_39" value="this"/><!-- Your.... -->
<feat xlink:href="#tok_40" value="be"/><!-- Your.... -->
<feat xlink:href="#tok_41" value="probably"/><!-- Your.... -->
<feat xlink:href="#tok_42" value="primarily"/><!-- Your.... -->
<feat xlink:href="#tok_43" value="what"/><!-- Your.... -->
<feat xlink:href="#tok_44" value="you"/><!-- Your.... -->
<feat xlink:href="#tok_45" value="see"/><!-- Your.... -->
<feat xlink:href="#tok_46" value="in"/><!-- Your.... -->
<feat xlink:href="#tok_47" value="movie"/><!-- Your.... -->
<feat xlink:href="#tok_48" value=","/><!-- Your.... -->
<feat xlink:href="#tok_49" value="scan"/><!-- Your.... -->
<feat xlink:href="#tok_50" value="magazine"/><!-- Your.... -->
<feat xlink:href="#tok_51" value=","/><!-- Your.... -->
<feat xlink:href="#tok_52" value="scan"/><!-- Your.... -->
<feat xlink:href="#tok_53" value="the"/><!-- Your.... -->
<feat xlink:href="#tok_54" value="Internet"/><!-- Your.... -->
<feat xlink:href="#tok_55" value=","/><!-- Your.... -->
<feat xlink:href="#tok_56" value="just"/><!-- Your.... -->
<feat xlink:href="#tok_57" value="snippet"/><!-- Your.... -->
<feat xlink:href="#tok_58" value="everywhere"/><!-- Your.... -->
<feat xlink:href="#tok_59" value="."/><!-- Your.... -->
<feat xlink:href="#tok_60" value="it"/><!-- It.... -->
<feat xlink:href="#tok_61" value="be"/><!-- It.... -->
<feat xlink:href="#tok_62" value="portray"/><!-- It.... -->
<feat xlink:href="#tok_63" value="as"/><!-- It.... -->
<feat xlink:href="#tok_64" value="though"/><!-- It.... -->
<feat xlink:href="#tok_65" value="it"/><!-- It.... -->
<feat xlink:href="#tok_66" value="be"/><!-- It.... -->
<feat xlink:href="#tok_67" value="dark"/><!-- It.... -->
<feat xlink:href="#tok_68" value=","/><!-- It.... -->
<feat xlink:href="#tok_69" value="black"/><!-- It.... -->
<feat xlink:href="#tok_70" value="and"/><!-- It.... -->
<feat xlink:href="#tok_71" value="evil"/><!-- It.... -->
<feat xlink:href="#tok_72" value="."/><!-- It.... -->
<feat xlink:href="#tok_73" value="and"/><!-- And...- -->
<feat xlink:href="#tok_74" value="--"/><!-- And...- -->
<feat xlink:href="#tok_75" value="oh"/><!-- Oh...? -->
<feat xlink:href="#tok_76" value="man"/><!-- Oh...? -->
<feat xlink:href="#tok_77" value=","/><!-- Oh...? -->
<feat xlink:href="#tok_78" value="well"/><!-- Oh...? -->
<feat xlink:href="#tok_79" value="?"/><!-- Oh...? -->
<feat xlink:href="#tok_80" value="What"/><!-- What...? -->
<feat xlink:href="#tok_81" value="be"/><!-- What...? -->
<feat xlink:href="#tok_82" value="up"/><!-- What...? -->
<feat xlink:href="#tok_83" value="?"/><!-- What...? -->
<feat xlink:href="#tok_84" value="I"/><!-- I.... -->
<feat xlink:href="#tok_85" value="do"/><!-- I.... -->
<feat xlink:href="#tok_86" value="wear"/><!-- I.... -->
<feat xlink:href="#tok_87" value="a"/><!-- I.... -->
<feat xlink:href="#tok_88" value="lot"/><!-- I.... -->
<feat xlink:href="#tok_89" value="of"/><!-- I.... -->
<feat xlink:href="#tok_90" value="black"/><!-- I.... -->
<feat xlink:href="#tok_91" value="."/><!-- I.... -->
<feat xlink:href="#tok_92" value="it"/><!-- It.... -->
<feat xlink:href="#tok_93" value="be"/><!-- It.... -->
<feat xlink:href="#tok_94" value="anything"/><!-- It.... -->
<feat xlink:href="#tok_95" value="but"/><!-- It.... -->
<feat xlink:href="#tok_96" value="that"/><!-- It.... -->
<feat xlink:href="#tok_97" value="."/><!-- It.... -->
<feat xlink:href="#tok_98" value="if"/><!-- If...- -->
<feat xlink:href="#tok_99" value="you"/><!-- If...- -->
<feat xlink:href="#tok_100" value="look"/><!-- If...- -->
<feat xlink:href="#tok_101" value="at"/><!-- If...- -->
<feat xlink:href="#tok_102" value="the"/><!-- If...- -->
<feat xlink:href="#tok_103" value="room"/><!-- If...- -->
<feat xlink:href="#tok_104" value=","/><!-- If...- -->
<feat xlink:href="#tok_105" value="there"/><!-- If...- -->
<feat xlink:href="#tok_106" value="be"/><!-- If...- -->
<feat xlink:href="#tok_107" value="all"/><!-- If...- -->
<feat xlink:href="#tok_108" value="the"/><!-- If...- -->
<feat xlink:href="#tok_109" value="accouterment"/><!-- If...- -->
<feat xlink:href="#tok_110" value="you"/><!-- If...- -->
<feat xlink:href="#tok_111" value="will"/><!-- If...- -->
<feat xlink:href="#tok_112" value="find"/><!-- If...- -->
<feat xlink:href="#tok_113" value="in"/><!-- If...- -->
<feat xlink:href="#tok_114" value="these"/><!-- If...- -->
<feat xlink:href="#tok_115" value="type"/><!-- If...- -->
<feat xlink:href="#tok_116" value="of"/><!-- If...- -->
<feat xlink:href="#tok_117" value="place"/><!-- If...- -->
<feat xlink:href="#tok_118" value="--"/><!-- If...- -->
<feat xlink:href="#tok_119" value="but"/><!-- but.... -->
<feat xlink:href="#tok_120" value="more"/><!-- but.... -->
<feat xlink:href="#tok_121" value="than"/><!-- but.... -->
<feat xlink:href="#tok_122" value="anything"/><!-- but.... -->
<feat xlink:href="#tok_123" value=","/><!-- but.... -->
<feat xlink:href="#tok_124" value="there"/><!-- but.... -->
<feat xlink:href="#tok_125" value="be"/><!-- but.... -->
<feat xlink:href="#tok_126" value="a"/><!-- but.... -->
<feat xlink:href="#tok_127" value="lot"/><!-- but.... -->
<feat xlink:href="#tok_128" value="of"/><!-- but.... -->
<feat xlink:href="#tok_129" value="good"/><!-- but.... -->
<feat xlink:href="#tok_130" value="feeling"/><!-- but.... -->
<feat xlink:href="#tok_131" value="around"/><!-- but.... -->
<feat xlink:href="#tok_132" value="here"/><!-- but.... -->
<feat xlink:href="#tok_133" value="."/><!-- but.... -->
<feat xlink:href="#tok_134" value="we"/><!-- We.... -->
<feat xlink:href="#tok_135" value="hire"/><!-- We.... -->
<feat xlink:href="#tok_136" value="the"/><!-- We.... -->
<feat xlink:href="#tok_137" value="opposite"/><!-- We.... -->
<feat xlink:href="#tok_138" value="of"/><!-- We.... -->
<feat xlink:href="#tok_139" value="what"/><!-- We.... -->
<feat xlink:href="#tok_140" value="you"/><!-- We.... -->
<feat xlink:href="#tok_141" value="will"/><!-- We.... -->
<feat xlink:href="#tok_142" value="think"/><!-- We.... -->
<feat xlink:href="#tok_143" value="we"/><!-- We.... -->
<feat xlink:href="#tok_144" value="would"/><!-- We.... -->
<feat xlink:href="#tok_145" value="hire"/><!-- We.... -->
<feat xlink:href="#tok_146" value=","/><!-- We.... -->
<feat xlink:href="#tok_147" value="what"/><!-- We.... -->
<feat xlink:href="#tok_148" value="the"/><!-- We.... -->
<feat xlink:href="#tok_149" value="average"/><!-- We.... -->
<feat xlink:href="#tok_150" value="person"/><!-- We.... -->
<feat xlink:href="#tok_151" value="would"/><!-- We.... -->
<feat xlink:href="#tok_152" value="think"/><!-- We.... -->
<feat xlink:href="#tok_153" value="we"/><!-- We.... -->
<feat xlink:href="#tok_154" value="would"/><!-- We.... -->
<feat xlink:href="#tok_155" value="hire"/><!-- We.... -->
<feat xlink:href="#tok_156" value="."/><!-- We.... -->
<feat xlink:href="#tok_157" value="we"/><!-- We.... -->
<feat xlink:href="#tok_158" value="hire"/><!-- We.... -->
<feat xlink:href="#tok_159" value="educate"/><!-- We.... -->
<feat xlink:href="#tok_160" value=","/><!-- We.... -->
<feat xlink:href="#tok_161" value="nice"/><!-- We.... -->
<feat xlink:href="#tok_162" value="people"/><!-- We.... -->
<feat xlink:href="#tok_163" value="."/><!-- We.... -->
<feat xlink:href="#tok_164" value="I"/><!-- I...- -->
<feat xlink:href="#tok_165" value="remember"/><!-- I...- -->
<feat xlink:href="#tok_166" value="one"/><!-- I...- -->
<feat xlink:href="#tok_167" value="of"/><!-- I...- -->
<feat xlink:href="#tok_168" value="our"/><!-- I...- -->
<feat xlink:href="#tok_169" value="ad"/><!-- I...- -->
<feat xlink:href="#tok_170" value="that"/><!-- I...- -->
<feat xlink:href="#tok_171" value="I"/><!-- I...- -->
<feat xlink:href="#tok_172" value="have"/><!-- I...- -->
<feat xlink:href="#tok_173" value="put"/><!-- I...- -->
<feat xlink:href="#tok_174" value="in"/><!-- I...- -->
<feat xlink:href="#tok_175" value="say"/><!-- I...- -->
<feat xlink:href="#tok_176" value=","/><!-- I...- -->
<feat xlink:href="#tok_177" value="&quot;"/><!-- I...- -->
<feat xlink:href="#tok_178" value="if"/><!-- I...- -->
<feat xlink:href="#tok_179" value="you"/><!-- I...- -->
<feat xlink:href="#tok_180" value="think"/><!-- I...- -->
<feat xlink:href="#tok_181" value="nice"/><!-- I...- -->
<feat xlink:href="#tok_182" value="girl"/><!-- I...- -->
<feat xlink:href="#tok_183" value="do"/><!-- I...- -->
<feat xlink:href="#tok_184" value="n&apos;t"/><!-- I...- -->
<feat xlink:href="#tok_185" value="do"/><!-- I...- -->
<feat xlink:href="#tok_186" value="S&amp;M"/><!-- I...- -->
<feat xlink:href="#tok_187" value=","/><!-- I...- -->
<feat xlink:href="#tok_188" value="&quot;"/><!-- I...- -->
<feat xlink:href="#tok_189" value="--"/><!-- I...- -->
<feat xlink:href="#tok_190" value="I"/><!-- I...- -->
<feat xlink:href="#tok_191" value="forget"/><!-- I...- -->
<feat xlink:href="#tok_192" value="what"/><!-- I...- -->
<feat xlink:href="#tok_193" value="the"/><!-- I...- -->
<feat xlink:href="#tok_194" value="rest"/><!-- I...- -->
<feat xlink:href="#tok_195" value="of"/><!-- I...- -->
<feat xlink:href="#tok_196" value="it"/><!-- I...- -->
<feat xlink:href="#tok_197" value="say"/><!-- I...- -->
<feat xlink:href="#tok_198" value="--"/><!-- I...- -->
<feat xlink:href="#tok_199" value="&quot;"/><!-- &quot;...&quot; -->
<feat xlink:href="#tok_200" value="--"/><!-- &quot;...&quot; -->
<feat xlink:href="#tok_201" value="think"/><!-- &quot;...&quot; -->
<feat xlink:href="#tok_202" value="again"/><!-- &quot;...&quot; -->
<feat xlink:href="#tok_203" value="."/><!-- &quot;...&quot; -->
<feat xlink:href="#tok_204" value="&quot;"/><!-- &quot;...&quot; -->
<feat xlink:href="#tok_205" value="Yeah"/><!-- Yeah.... -->
<feat xlink:href="#tok_206" value=","/><!-- Yeah...? -->
<feat xlink:href="#tok_207" value="&quot;"/><!-- Yeah...? -->
<feat xlink:href="#tok_208" value="think"/><!-- Yeah...? -->
<feat xlink:href="#tok_209" value="again"/><!-- Yeah...? -->
<feat xlink:href="#tok_210" value="&quot;"/><!-- Yeah...? -->
<feat xlink:href="#tok_211" value="or"/><!-- Yeah...? -->
<feat xlink:href="#tok_212" value="something"/><!-- Yeah...? -->
<feat xlink:href="#tok_213" value="like"/><!-- Yeah...? -->
<feat xlink:href="#tok_214" value="that"/><!-- Yeah...? -->
<feat xlink:href="#tok_215" value="."/><!-- Yeah...? -->
<feat xlink:href="#tok_216" value="and"/><!-- And.... -->
<feat xlink:href="#tok_217" value="that"/><!-- And.... -->
<feat xlink:href="#tok_218" value="ad"/><!-- And.... -->
<feat xlink:href="#tok_219" value="have"/><!-- And.... -->
<feat xlink:href="#tok_220" value="pull"/><!-- And.... -->
<feat xlink:href="#tok_221" value="so"/><!-- And.... -->
<feat xlink:href="#tok_222" value="many"/><!-- And.... -->
<feat xlink:href="#tok_223" value="girl"/><!-- And.... -->
<feat xlink:href="#tok_224" value=","/><!-- And.... -->
<feat xlink:href="#tok_225" value="because"/><!-- And.... -->
<feat xlink:href="#tok_226" value="they"/><!-- And.... -->
<feat xlink:href="#tok_227" value="--"/><!-- And.... -->
<feat xlink:href="#tok_228" value="I"/><!-- And.... -->
<feat xlink:href="#tok_229" value="think"/><!-- And.... -->
<feat xlink:href="#tok_230" value="they"/><!-- And.... -->
<feat xlink:href="#tok_231" value="all"/><!-- And.... -->
<feat xlink:href="#tok_232" value="think"/><!-- And.... -->
<feat xlink:href="#tok_233" value="that"/><!-- And.... -->
<feat xlink:href="#tok_234" value="nice"/><!-- And.... -->
<feat xlink:href="#tok_235" value="girl"/><!-- And.... -->
<feat xlink:href="#tok_236" value="do"/><!-- And.... -->
<feat xlink:href="#tok_237" value="n&apos;t"/><!-- And.... -->
<feat xlink:href="#tok_238" value="do"/><!-- And.... -->
<feat xlink:href="#tok_239" value="this"/><!-- And.... -->
<feat xlink:href="#tok_240" value="."/><!-- And.... -->
<feat xlink:href="#tok_241" value="and"/><!-- And...&quot; -->
<feat xlink:href="#tok_242" value="a"/><!-- And...&quot; -->
<feat xlink:href="#tok_243" value="bunch"/><!-- And...&quot; -->
<feat xlink:href="#tok_244" value="of"/><!-- And...&quot; -->
<feat xlink:href="#tok_245" value="them"/><!-- And...&quot; -->
<feat xlink:href="#tok_246" value="have"/><!-- And...&quot; -->
<feat xlink:href="#tok_247" value="call"/><!-- And...&quot; -->
<feat xlink:href="#tok_248" value="and"/><!-- And...&quot; -->
<feat xlink:href="#tok_249" value="they"/><!-- And...&quot; -->
<feat xlink:href="#tok_250" value="say"/><!-- And...&quot; -->
<feat xlink:href="#tok_251" value=","/><!-- And...&quot; -->
<feat xlink:href="#tok_252" value="&quot;"/><!-- And...&quot; -->
<feat xlink:href="#tok_253" value="wow"/><!-- And...&quot; -->
<feat xlink:href="#tok_254" value="."/><!-- And...&quot; -->
<feat xlink:href="#tok_255" value="&quot;"/><!-- And...&quot; -->
<feat xlink:href="#tok_256" value="and"/><!-- And.... -->
<feat xlink:href="#tok_257" value="I"/><!-- And.... -->
<feat xlink:href="#tok_258" value="think"/><!-- And.... -->
<feat xlink:href="#tok_259" value="I"/><!-- And.... -->
<feat xlink:href="#tok_260" value="remember"/><!-- And.... -->
<feat xlink:href="#tok_261" value=","/><!-- And.... -->
<feat xlink:href="#tok_262" value="a"/><!-- And.... -->
<feat xlink:href="#tok_263" value="bunch"/><!-- And.... -->
<feat xlink:href="#tok_264" value="of"/><!-- And.... -->
<feat xlink:href="#tok_265" value="guy"/><!-- And.... -->
<feat xlink:href="#tok_266" value="call"/><!-- And.... -->
<feat xlink:href="#tok_267" value="because"/><!-- And.... -->
<feat xlink:href="#tok_268" value="of"/><!-- And.... -->
<feat xlink:href="#tok_269" value="that"/><!-- And.... -->
<feat xlink:href="#tok_270" value="also"/><!-- And.... -->
<feat xlink:href="#tok_271" value="."/><!-- And.... -->
<feat xlink:href="#tok_272" value="do"/><!-- Do...? -->
<feat xlink:href="#tok_273" value="you"/><!-- Do...? -->
<feat xlink:href="#tok_274" value="remember"/><!-- Do...? -->
<feat xlink:href="#tok_275" value="?"/><!-- Do...? -->
<feat xlink:href="#tok_276" value="I"/><!-- I.... -->
<feat xlink:href="#tok_277" value="sure"/><!-- I.... -->
<feat xlink:href="#tok_278" value="do"/><!-- I.... -->
<feat xlink:href="#tok_279" value=","/><!-- I.... -->
<feat xlink:href="#tok_280" value="I"/><!-- I.... -->
<feat xlink:href="#tok_281" value="sure"/><!-- I.... -->
<feat xlink:href="#tok_282" value="do"/><!-- I.... -->
<feat xlink:href="#tok_283" value="."/><!-- I.... -->
<feat xlink:href="#tok_284" value="What"/><!-- What...? -->
<feat xlink:href="#tok_285" value="be"/><!-- What...? -->
<feat xlink:href="#tok_286" value="the"/><!-- What...? -->
<feat xlink:href="#tok_287" value="startup"/><!-- What...? -->
<feat xlink:href="#tok_288" value="cost"/><!-- What...? -->
<feat xlink:href="#tok_289" value="involve"/><!-- What...? -->
<feat xlink:href="#tok_290" value="?"/><!-- What...? -->
<feat xlink:href="#tok_291" value="it"/><!-- It...... -->
<feat xlink:href="#tok_292" value="vary"/><!-- It...... -->
<feat xlink:href="#tok_293" value=";"/><!-- It...... -->
<feat xlink:href="#tok_294" value="look"/><!-- It...... -->
<feat xlink:href="#tok_295" value="around"/><!-- It...... -->
<feat xlink:href="#tok_296" value="Manhattan"/><!-- It...... -->
<feat xlink:href="#tok_297" value=","/><!-- It...... -->
<feat xlink:href="#tok_298" value="look"/><!-- It...... -->
<feat xlink:href="#tok_299" value="around"/><!-- It...... -->
<feat xlink:href="#tok_300" value="rent"/><!-- It...... -->
<feat xlink:href="#tok_301" value=","/><!-- It...... -->
<feat xlink:href="#tok_302" value="look"/><!-- It...... -->
<feat xlink:href="#tok_303" value="around"/><!-- It...... -->
<feat xlink:href="#tok_304" value="build-outs"/><!-- It...... -->
<feat xlink:href="#tok_305" value=","/><!-- It...... -->
<feat xlink:href="#tok_306" value="look"/><!-- It...... -->
<feat xlink:href="#tok_307" value="around"/><!-- It...... -->
<feat xlink:href="#tok_308" value="hire"/><!-- It...... -->
<feat xlink:href="#tok_309" value=","/><!-- It...... -->
<feat xlink:href="#tok_310" value="look"/><!-- It...... -->
<feat xlink:href="#tok_311" value="around"/><!-- It...... -->
<feat xlink:href="#tok_312" value="advertising"/><!-- It...... -->
<feat xlink:href="#tok_313" value="..."/><!-- It...... -->
<feat xlink:href="#tok_314" value="What"/><!-- What...? -->
<feat xlink:href="#tok_315" value="be"/><!-- What...? -->
<feat xlink:href="#tok_316" value="your"/><!-- What...? -->
<feat xlink:href="#tok_317" value="great"/><!-- What...? -->
<feat xlink:href="#tok_318" value="non-fixed"/><!-- What...? -->
<feat xlink:href="#tok_319" value="cost"/><!-- What...? -->
<feat xlink:href="#tok_320" value="?"/><!-- What...? -->
<feat xlink:href="#tok_321" value="the"/><!-- The.... -->
<feat xlink:href="#tok_322" value="single"/><!-- The.... -->
<feat xlink:href="#tok_323" value="most"/><!-- The.... -->
<feat xlink:href="#tok_324" value="costly"/><!-- The.... -->
<feat xlink:href="#tok_325" value="thing"/><!-- The.... -->
<feat xlink:href="#tok_326" value="we"/><!-- The.... -->
<feat xlink:href="#tok_327" value="spend"/><!-- The.... -->
<feat xlink:href="#tok_328" value="on"/><!-- The.... -->
<feat xlink:href="#tok_329" value="be"/><!-- The.... -->
<feat xlink:href="#tok_330" value="rent"/><!-- The.... -->
<feat xlink:href="#tok_331" value="and"/><!-- The.... -->
<feat xlink:href="#tok_332" value="advertising"/><!-- The.... -->
<feat xlink:href="#tok_333" value=","/><!-- The.... -->
<feat xlink:href="#tok_334" value="those"/><!-- The.... -->
<feat xlink:href="#tok_335" value="two"/><!-- The.... -->
<feat xlink:href="#tok_336" value="together"/><!-- The.... -->
<feat xlink:href="#tok_337" value="make"/><!-- The.... -->
<feat xlink:href="#tok_338" value="up"/><!-- The.... -->
<feat xlink:href="#tok_339" value="the"/><!-- The.... -->
<feat xlink:href="#tok_340" value="bulk"/><!-- The.... -->
<feat xlink:href="#tok_341" value="of"/><!-- The.... -->
<feat xlink:href="#tok_342" value="what"/><!-- The.... -->
<feat xlink:href="#tok_343" value="we"/><!-- The.... -->
<feat xlink:href="#tok_344" value="spend"/><!-- The.... -->
<feat xlink:href="#tok_345" value="."/><!-- The.... -->
<feat xlink:href="#tok_346" value="There"/><!-- There.... -->
<feat xlink:href="#tok_347" value="be"/><!-- There.... -->
<feat xlink:href="#tok_348" value="supply"/><!-- There.... -->
<feat xlink:href="#tok_349" value=","/><!-- There.... -->
<feat xlink:href="#tok_350" value="and"/><!-- There.... -->
<feat xlink:href="#tok_351" value="there"/><!-- There.... -->
<feat xlink:href="#tok_352" value="be"/><!-- There.... -->
<feat xlink:href="#tok_353" value="wear"/><!-- There.... -->
<feat xlink:href="#tok_354" value="and"/><!-- There.... -->
<feat xlink:href="#tok_355" value="tear"/><!-- There.... -->
<feat xlink:href="#tok_356" value="and"/><!-- There.... -->
<feat xlink:href="#tok_357" value="maintenance"/><!-- There.... -->
<feat xlink:href="#tok_358" value=","/><!-- There.... -->
<feat xlink:href="#tok_359" value="and"/><!-- There.... -->
<feat xlink:href="#tok_360" value="bookkeeping"/><!-- There.... -->
<feat xlink:href="#tok_361" value="and"/><!-- There.... -->
<feat xlink:href="#tok_362" value="thing"/><!-- There.... -->
<feat xlink:href="#tok_363" value="like"/><!-- There.... -->
<feat xlink:href="#tok_364" value="that"/><!-- There.... -->
<feat xlink:href="#tok_365" value="that"/><!-- There.... -->
<feat xlink:href="#tok_366" value="you"/><!-- There.... -->
<feat xlink:href="#tok_367" value="have"/><!-- There.... -->
<feat xlink:href="#tok_368" value="to"/><!-- There.... -->
<feat xlink:href="#tok_369" value="do"/><!-- There.... -->
<feat xlink:href="#tok_370" value="."/><!-- There.... -->
<feat xlink:href="#tok_371" value="that"/><!-- That.... -->
<feat xlink:href="#tok_372" value="be"/><!-- That.... -->
<feat xlink:href="#tok_373" value="about"/><!-- That.... -->
<feat xlink:href="#tok_374" value="it"/><!-- That.... -->
<feat xlink:href="#tok_375" value="."/><!-- That.... -->
<feat xlink:href="#tok_376" value="the"/><!-- The.... -->
<feat xlink:href="#tok_377" value="hard"/><!-- The.... -->
<feat xlink:href="#tok_378" value="thing"/><!-- The.... -->
<feat xlink:href="#tok_379" value="in"/><!-- The.... -->
<feat xlink:href="#tok_380" value="run"/><!-- The.... -->
<feat xlink:href="#tok_381" value="this"/><!-- The.... -->
<feat xlink:href="#tok_382" value="business"/><!-- The.... -->
<feat xlink:href="#tok_383" value=","/><!-- The.... -->
<feat xlink:href="#tok_384" value="which"/><!-- The.... -->
<feat xlink:href="#tok_385" value="be"/><!-- The.... -->
<feat xlink:href="#tok_386" value="why"/><!-- The.... -->
<feat xlink:href="#tok_387" value="people"/><!-- The.... -->
<feat xlink:href="#tok_388" value="ca"/><!-- The.... -->
<feat xlink:href="#tok_389" value="n&apos;t"/><!-- The.... -->
<feat xlink:href="#tok_390" value="do"/><!-- The.... -->
<feat xlink:href="#tok_391" value="it"/><!-- The.... -->
<feat xlink:href="#tok_392" value=","/><!-- The.... -->
<feat xlink:href="#tok_393" value="be"/><!-- The.... -->
<feat xlink:href="#tok_394" value="the"/><!-- The.... -->
<feat xlink:href="#tok_395" value="relationship"/><!-- The.... -->
<feat xlink:href="#tok_396" value="that"/><!-- The.... -->
<feat xlink:href="#tok_397" value="my"/><!-- The.... -->
<feat xlink:href="#tok_398" value="wife"/><!-- The.... -->
<feat xlink:href="#tok_399" value="have"/><!-- The.... -->
<feat xlink:href="#tok_400" value="with"/><!-- The.... -->
<feat xlink:href="#tok_401" value="the"/><!-- The.... -->
<feat xlink:href="#tok_402" value="gal"/><!-- The.... -->
<feat xlink:href="#tok_403" value="and"/><!-- The.... -->
<feat xlink:href="#tok_404" value="with"/><!-- The.... -->
<feat xlink:href="#tok_405" value="the"/><!-- The.... -->
<feat xlink:href="#tok_406" value="customer"/><!-- The.... -->
<feat xlink:href="#tok_407" value="."/><!-- The.... -->
<feat xlink:href="#tok_408" value="where"/><!-- Where...? -->
<feat xlink:href="#tok_409" value="do"/><!-- Where...? -->
<feat xlink:href="#tok_410" value="you"/><!-- Where...? -->
<feat xlink:href="#tok_411" value="advertise"/><!-- Where...? -->
<feat xlink:href="#tok_412" value="?"/><!-- Where...? -->
<feat xlink:href="#tok_413" value="a"/><!-- A.... -->
<feat xlink:href="#tok_414" value="lot"/><!-- A.... -->
<feat xlink:href="#tok_415" value="on"/><!-- A.... -->
<feat xlink:href="#tok_416" value="the"/><!-- A.... -->
<feat xlink:href="#tok_417" value="web"/><!-- A.... -->
<feat xlink:href="#tok_418" value=","/><!-- A.... -->
<feat xlink:href="#tok_419" value="we"/><!-- A.... -->
<feat xlink:href="#tok_420" value="have"/><!-- A.... -->
<feat xlink:href="#tok_421" value="use"/><!-- A.... -->
<feat xlink:href="#tok_422" value="most"/><!-- A.... -->
<feat xlink:href="#tok_423" value="of"/><!-- A.... -->
<feat xlink:href="#tok_424" value="the"/><!-- A.... -->
<feat xlink:href="#tok_425" value="local"/><!-- A.... -->
<feat xlink:href="#tok_426" value="city"/><!-- A.... -->
<feat xlink:href="#tok_427" value="paper"/><!-- A.... -->
<feat xlink:href="#tok_428" value=","/><!-- A.... -->
<feat xlink:href="#tok_429" value="New"/><!-- A.... -->
<feat xlink:href="#tok_430" value="York"/><!-- New...Press -->
<feat xlink:href="#tok_431" value="Press"/><!-- New...Press -->
<feat xlink:href="#tok_432" value=","/><!-- New...Press -->
<feat xlink:href="#tok_433" value="thing"/><!-- New...Press -->
<feat xlink:href="#tok_434" value="like"/><!-- New...Press -->
<feat xlink:href="#tok_435" value="that"/><!-- New...Press -->
<feat xlink:href="#tok_436" value=","/><!-- New...Press -->
<feat xlink:href="#tok_437" value="L"/><!-- New...Press -->
<feat xlink:href="#tok_438" value="Magazine"/><!-- L...Magazine -->
<feat xlink:href="#tok_439" value="."/><!-- L...Magazine -->
<feat xlink:href="#tok_440" value="in"/><!-- In...? -->
<feat xlink:href="#tok_441" value="the"/><!-- In...? -->
<feat xlink:href="#tok_442" value="back"/><!-- In...? -->
<feat xlink:href="#tok_443" value="of"/><!-- In...? -->
<feat xlink:href="#tok_444" value="the"/><!-- In...? -->
<feat xlink:href="#tok_445" value="paper"/><!-- In...? -->
<feat xlink:href="#tok_446" value="?"/><!-- In...? -->
<feat xlink:href="#tok_447" value="typically"/><!-- Typically.... -->
<feat xlink:href="#tok_448" value="in"/><!-- Typically...... -->
<feat xlink:href="#tok_449" value="the"/><!-- Typically...... -->
<feat xlink:href="#tok_450" value="back"/><!-- Typically...... -->
<feat xlink:href="#tok_451" value="of"/><!-- Typically...... -->
<feat xlink:href="#tok_452" value="the"/><!-- Typically...... -->
<feat xlink:href="#tok_453" value="paper"/><!-- Typically...... -->
<feat xlink:href="#tok_454" value="."/><!-- Typically...... -->
<feat xlink:href="#tok_455" value="magazine"/><!-- Magazines...... -->
<feat xlink:href="#tok_456" value="constantly"/><!-- Magazines...... -->
<feat xlink:href="#tok_457" value="change"/><!-- Magazines...... -->
<feat xlink:href="#tok_458" value="their"/><!-- Magazines...... -->
<feat xlink:href="#tok_459" value="policy"/><!-- Magazines...... -->
<feat xlink:href="#tok_460" value="on"/><!-- Magazines...... -->
<feat xlink:href="#tok_461" value="it"/><!-- Magazines...... -->
<feat xlink:href="#tok_462" value=";"/><!-- Magazines...... -->
<feat xlink:href="#tok_463" value="they"/><!-- Magazines...... -->
<feat xlink:href="#tok_464" value="want"/><!-- Magazines...... -->
<feat xlink:href="#tok_465" value="it"/><!-- Magazines...... -->
<feat xlink:href="#tok_466" value=","/><!-- Magazines...... -->
<feat xlink:href="#tok_467" value="they"/><!-- Magazines...... -->
<feat xlink:href="#tok_468" value="do"/><!-- Magazines...... -->
<feat xlink:href="#tok_469" value="n&apos;t"/><!-- Magazines...... -->
<feat xlink:href="#tok_470" value="want"/><!-- Magazines...... -->
<feat xlink:href="#tok_471" value="it"/><!-- Magazines...... -->
<feat xlink:href="#tok_472" value="..."/><!-- Magazines...... -->
<feat xlink:href="#tok_473" value="depend"/><!-- Depending...- -->
<feat xlink:href="#tok_474" value="on"/><!-- Depending...- -->
<feat xlink:href="#tok_475" value="the"/><!-- Depending...- -->
<feat xlink:href="#tok_476" value="election"/><!-- Depending...- -->
<feat xlink:href="#tok_477" value="year"/><!-- Depending...- -->
<feat xlink:href="#tok_478" value="--"/><!-- Depending...- -->
<feat xlink:href="#tok_479" value="who"/><!-- Who.... -->
<feat xlink:href="#tok_480" value="be"/><!-- Who.... -->
<feat xlink:href="#tok_481" value="buy"/><!-- Who.... -->
<feat xlink:href="#tok_482" value="the"/><!-- Who.... -->
<feat xlink:href="#tok_483" value="paper"/><!-- Who.... -->
<feat xlink:href="#tok_484" value=","/><!-- Who.... -->
<feat xlink:href="#tok_485" value="who"/><!-- Who.... -->
<feat xlink:href="#tok_486" value="be"/><!-- Who.... -->
<feat xlink:href="#tok_487" value="sell"/><!-- Who.... -->
<feat xlink:href="#tok_488" value="the"/><!-- Who.... -->
<feat xlink:href="#tok_489" value="paper"/><!-- Who.... -->
<feat xlink:href="#tok_490" value="."/><!-- Who.... -->
<feat xlink:href="#tok_491" value="so"/><!-- So.... -->
<feat xlink:href="#tok_492" value="it"/><!-- So.... -->
<feat xlink:href="#tok_493" value="change"/><!-- So.... -->
<feat xlink:href="#tok_494" value=","/><!-- So.... -->
<feat xlink:href="#tok_495" value="so"/><!-- So.... -->
<feat xlink:href="#tok_496" value="one"/><!-- So.... -->
<feat xlink:href="#tok_497" value="year"/><!-- So.... -->
<feat xlink:href="#tok_498" value="we"/><!-- So.... -->
<feat xlink:href="#tok_499" value="get"/><!-- So.... -->
<feat xlink:href="#tok_500" value="to"/><!-- So.... -->
<feat xlink:href="#tok_501" value="be"/><!-- So.... -->
<feat xlink:href="#tok_502" value="in"/><!-- So.... -->
<feat xlink:href="#tok_503" value="the"/><!-- So.... -->
<feat xlink:href="#tok_504" value="Press"/><!-- So.... -->
<feat xlink:href="#tok_505" value=","/><!-- So.... -->
<feat xlink:href="#tok_506" value="but"/><!-- So.... -->
<feat xlink:href="#tok_507" value="they"/><!-- So.... -->
<feat xlink:href="#tok_508" value="have"/><!-- So.... -->
<feat xlink:href="#tok_509" value="now"/><!-- So.... -->
<feat xlink:href="#tok_510" value="stop"/><!-- So.... -->
<feat xlink:href="#tok_511" value="adult"/><!-- So.... -->
<feat xlink:href="#tok_512" value="ad"/><!-- So.... -->
<feat xlink:href="#tok_513" value="."/><!-- So.... -->
<feat xlink:href="#tok_514" value="completely"/><!-- Completely.... -->
<feat xlink:href="#tok_515" value="."/><!-- Completely.... -->
<feat xlink:href="#tok_516" value="so"/><!-- So.... -->
<feat xlink:href="#tok_517" value="now"/><!-- So.... -->
<feat xlink:href="#tok_518" value="we"/><!-- So.... -->
<feat xlink:href="#tok_519" value="will"/><!-- So.... -->
<feat xlink:href="#tok_520" value="be"/><!-- So.... -->
<feat xlink:href="#tok_521" value="in"/><!-- So.... -->
<feat xlink:href="#tok_522" value="the"/><!-- So.... -->
<feat xlink:href="#tok_523" value="Voice"/><!-- So.... -->
<feat xlink:href="#tok_524" value="for"/><!-- Voice -->
<feat xlink:href="#tok_525" value="a"/><!-- Voice -->
<feat xlink:href="#tok_526" value="while"/><!-- Voice -->
<feat xlink:href="#tok_527" value="."/><!-- Voice -->
<feat xlink:href="#tok_528" value="we"/><!-- We.... -->
<feat xlink:href="#tok_529" value="be"/><!-- We.... -->
<feat xlink:href="#tok_530" value="move"/><!-- We.... -->
<feat xlink:href="#tok_531" value="more"/><!-- We.... -->
<feat xlink:href="#tok_532" value="towards"/><!-- We.... -->
<feat xlink:href="#tok_533" value="the"/><!-- We.... -->
<feat xlink:href="#tok_534" value="Internet"/><!-- We.... -->
<feat xlink:href="#tok_535" value="at"/><!-- We.... -->
<feat xlink:href="#tok_536" value="this"/><!-- We.... -->
<feat xlink:href="#tok_537" value="point"/><!-- We.... -->
<feat xlink:href="#tok_538" value=","/><!-- We.... -->
<feat xlink:href="#tok_539" value="because"/><!-- We.... -->
<feat xlink:href="#tok_540" value="the"/><!-- We.... -->
<feat xlink:href="#tok_541" value="Internet"/><!-- We.... -->
<feat xlink:href="#tok_542" value="be"/><!-- We.... -->
<feat xlink:href="#tok_543" value="a"/><!-- We.... -->
<feat xlink:href="#tok_544" value="much"/><!-- We.... -->
<feat xlink:href="#tok_545" value="easy"/><!-- We.... -->
<feat xlink:href="#tok_546" value=","/><!-- We.... -->
<feat xlink:href="#tok_547" value="safe"/><!-- We.... -->
<feat xlink:href="#tok_548" value="way"/><!-- We.... -->
<feat xlink:href="#tok_549" value="for"/><!-- We.... -->
<feat xlink:href="#tok_550" value="a"/><!-- We.... -->
<feat xlink:href="#tok_551" value="person"/><!-- We.... -->
<feat xlink:href="#tok_552" value="to"/><!-- We.... -->
<feat xlink:href="#tok_553" value="look"/><!-- We.... -->
<feat xlink:href="#tok_554" value="at"/><!-- We.... -->
<feat xlink:href="#tok_555" value="sensitive"/><!-- We.... -->
<feat xlink:href="#tok_556" value="material"/><!-- We.... -->
<feat xlink:href="#tok_557" value="and"/><!-- We.... -->
<feat xlink:href="#tok_558" value="not"/><!-- We.... -->
<feat xlink:href="#tok_559" value="get"/><!-- We.... -->
<feat xlink:href="#tok_560" value="catch"/><!-- We.... -->
<feat xlink:href="#tok_561" value="with"/><!-- We.... -->
<feat xlink:href="#tok_562" value="it"/><!-- We.... -->
<feat xlink:href="#tok_563" value="."/><!-- We.... -->
<feat xlink:href="#tok_564" value="hire"/><!-- Hiring...employees -->
<feat xlink:href="#tok_565" value="employee"/><!-- Hiring...employees -->
<feat xlink:href="#tok_566" value="personality"/><!-- Personality.... -->
<feat xlink:href="#tok_567" value="test"/><!-- Personality.... -->
<feat xlink:href="#tok_568" value="question"/><!-- Personality.... -->
<feat xlink:href="#tok_569" value="give"/><!-- Personality.... -->
<feat xlink:href="#tok_570" value="to"/><!-- Personality.... -->
<feat xlink:href="#tok_571" value="prospective"/><!-- Personality.... -->
<feat xlink:href="#tok_572" value="mistress"/><!-- Personality.... -->
<feat xlink:href="#tok_573" value="."/><!-- Personality.... -->
<feat xlink:href="#tok_574" value="pursuant"/><!-- Pursuant.... -->
<feat xlink:href="#tok_575" value="to"/><!-- Pursuant...- -->
<feat xlink:href="#tok_576" value="your"/><!-- Pursuant...- -->
<feat xlink:href="#tok_577" value="business"/><!-- Pursuant...- -->
<feat xlink:href="#tok_578" value="question"/><!-- Pursuant...- -->
<feat xlink:href="#tok_579" value=":"/><!-- Pursuant...- -->
<feat xlink:href="#tok_580" value="we"/><!-- Pursuant...- -->
<feat xlink:href="#tok_581" value="only"/><!-- Pursuant...- -->
<feat xlink:href="#tok_582" value="hire"/><!-- Pursuant...- -->
<feat xlink:href="#tok_583" value="nice"/><!-- Pursuant...- -->
<feat xlink:href="#tok_584" value="people"/><!-- Pursuant...- -->
<feat xlink:href="#tok_585" value="."/><!-- Pursuant...- -->
<feat xlink:href="#tok_586" value="I"/><!-- I...- -->
<feat xlink:href="#tok_587" value="do"/><!-- I...- -->
<feat xlink:href="#tok_588" value="n&apos;t"/><!-- I...- -->
<feat xlink:href="#tok_589" value="care"/><!-- I...- -->
<feat xlink:href="#tok_590" value="if"/><!-- I...- -->
<feat xlink:href="#tok_591" value="a"/><!-- I...- -->
<feat xlink:href="#tok_592" value="girl"/><!-- I...- -->
<feat xlink:href="#tok_593" value="be"/><!-- I...- -->
<feat xlink:href="#tok_594" value="absolutely"/><!-- I...- -->
<feat xlink:href="#tok_595" value="exquisite"/><!-- I...- -->
<feat xlink:href="#tok_596" value="look"/><!-- I...- -->
<feat xlink:href="#tok_597" value="--"/><!-- I...- -->
<feat xlink:href="#tok_598" value="my"/><!-- My...- -->
<feat xlink:href="#tok_599" value="husband"/><!-- My...- -->
<feat xlink:href="#tok_600" value="have"/><!-- My...- -->
<feat xlink:href="#tok_601" value="meet"/><!-- My...- -->
<feat xlink:href="#tok_602" value="beautiful"/><!-- My...- -->
<feat xlink:href="#tok_603" value=","/><!-- My...- -->
<feat xlink:href="#tok_604" value="beautiful"/><!-- My...- -->
<feat xlink:href="#tok_605" value="girl"/><!-- My...- -->
<feat xlink:href="#tok_606" value="--"/><!-- My...- -->
<feat xlink:href="#tok_607" value="--"/><!-- -...- -->
<feat xlink:href="#tok_608" value="beautiful"/><!-- -...- -->
<feat xlink:href="#tok_609" value="girl"/><!-- -...- -->
<feat xlink:href="#tok_610" value="--"/><!-- -...- -->
<feat xlink:href="#tok_611" value="--"/><!-- -...&quot; -->
<feat xlink:href="#tok_612" value="and"/><!-- -...? -->
<feat xlink:href="#tok_613" value="he"/><!-- -...? -->
<feat xlink:href="#tok_614" value="be"/><!-- -...? -->
<feat xlink:href="#tok_615" value="in"/><!-- -...? -->
<feat xlink:href="#tok_616" value="the"/><!-- -...? -->
<feat xlink:href="#tok_617" value="end"/><!-- -...? -->
<feat xlink:href="#tok_618" value=","/><!-- -...? -->
<feat xlink:href="#tok_619" value="he"/><!-- -...? -->
<feat xlink:href="#tok_620" value="would"/><!-- -...? -->
<feat xlink:href="#tok_621" value="say"/><!-- -...? -->
<feat xlink:href="#tok_622" value=","/><!-- -...? -->
<feat xlink:href="#tok_623" value="&quot;"/><!-- -...? -->
<feat xlink:href="#tok_624" value="Well"/><!-- -...? -->
<feat xlink:href="#tok_625" value=","/><!-- -...? -->
<feat xlink:href="#tok_626" value="I"/><!-- -...? -->
<feat xlink:href="#tok_627" value="wo"/><!-- -...? -->
<feat xlink:href="#tok_628" value="n&apos;t"/><!-- -...? -->
<feat xlink:href="#tok_629" value="hire"/><!-- -...? -->
<feat xlink:href="#tok_630" value="them"/><!-- -...? -->
<feat xlink:href="#tok_631" value="."/><!-- -...? -->
<feat xlink:href="#tok_632" value="&quot;"/><!-- -...? -->
<feat xlink:href="#tok_633" value="I"/><!-- I...? -->
<feat xlink:href="#tok_634" value="be"/><!-- I...? -->
<feat xlink:href="#tok_635" value="like"/><!-- I...? -->
<feat xlink:href="#tok_636" value=","/><!-- I...? -->
<feat xlink:href="#tok_637" value="‘"/><!-- I...? -->
<feat xlink:href="#tok_638" value="be"/><!-- I...? -->
<feat xlink:href="#tok_639" value="you"/><!-- I...? -->
<feat xlink:href="#tok_640" value="insane"/><!-- I...? -->
<feat xlink:href="#tok_641" value="?"/><!-- I...? -->
<feat xlink:href="#tok_642" value="I"/><!-- I...- -->
<feat xlink:href="#tok_643" value="wo"/><!-- I...- -->
<feat xlink:href="#tok_644" value="n&apos;t"/><!-- I...- -->
<feat xlink:href="#tok_645" value="hire"/><!-- I...- -->
<feat xlink:href="#tok_646" value="them"/><!-- I...- -->
<feat xlink:href="#tok_647" value="."/><!-- I...- -->
<feat xlink:href="#tok_648" value="I"/><!-- I...- -->
<feat xlink:href="#tok_649" value="hire"/><!-- I...- -->
<feat xlink:href="#tok_650" value="--"/><!-- I...- -->
<feat xlink:href="#tok_651" value="why"/><!-- Why...? -->
<feat xlink:href="#tok_652" value="not"/><!-- Why...? -->
<feat xlink:href="#tok_653" value="?"/><!-- Why...? -->
<feat xlink:href="#tok_654" value="because"/><!-- Because.... -->
<feat xlink:href="#tok_655" value="I"/><!-- Because...- -->
<feat xlink:href="#tok_656" value="want"/><!-- Because...- -->
<feat xlink:href="#tok_657" value="someone"/><!-- Because...- -->
<feat xlink:href="#tok_658" value="who"/><!-- Because...- -->
<feat xlink:href="#tok_659" value="be"/><!-- Because...- -->
<feat xlink:href="#tok_660" value="go"/><!-- Because...- -->
<feat xlink:href="#tok_661" value="to"/><!-- Because...- -->
<feat xlink:href="#tok_662" value="treat"/><!-- Because...- -->
<feat xlink:href="#tok_663" value="people"/><!-- Because...- -->
<feat xlink:href="#tok_664" value="nicely"/><!-- Because...- -->
<feat xlink:href="#tok_665" value="and"/><!-- Because...- -->
<feat xlink:href="#tok_666" value="well"/><!-- Because...- -->
<feat xlink:href="#tok_667" value="."/><!-- Because...- -->
<feat xlink:href="#tok_668" value="we"/><!-- We...- -->
<feat xlink:href="#tok_669" value="have"/><!-- We...- -->
<feat xlink:href="#tok_670" value="--"/><!-- We...- -->
<feat xlink:href="#tok_671" value="How"/><!-- How...? -->
<feat xlink:href="#tok_672" value="can"/><!-- How...? -->
<feat xlink:href="#tok_673" value="you"/><!-- How...? -->
<feat xlink:href="#tok_674" value="tell"/><!-- How...? -->
<feat xlink:href="#tok_675" value="whether"/><!-- How...? -->
<feat xlink:href="#tok_676" value="they"/><!-- How...? -->
<feat xlink:href="#tok_677" value="will"/><!-- How...? -->
<feat xlink:href="#tok_678" value="or"/><!-- How...? -->
<feat xlink:href="#tok_679" value="will"/><!-- How...? -->
<feat xlink:href="#tok_680" value="not"/><!-- How...? -->
<feat xlink:href="#tok_681" value="?"/><!-- How...? -->
<feat xlink:href="#tok_682" value="just"/><!-- Just...? -->
<feat xlink:href="#tok_683" value="by"/><!-- Just...? -->
<feat xlink:href="#tok_684" value="talk"/><!-- Just...? -->
<feat xlink:href="#tok_685" value="to"/><!-- Just...? -->
<feat xlink:href="#tok_686" value="them"/><!-- Just...? -->
<feat xlink:href="#tok_687" value="?"/><!-- Just...? -->
<feat xlink:href="#tok_688" value="have"/><!-- Having.... -->
<feat xlink:href="#tok_689" value="be"/><!-- Having.... -->
<feat xlink:href="#tok_690" value="a"/><!-- Having.... -->
<feat xlink:href="#tok_691" value="psychologist"/><!-- Having.... -->
<feat xlink:href="#tok_692" value="for"/><!-- Having.... -->
<feat xlink:href="#tok_693" value="a"/><!-- Having.... -->
<feat xlink:href="#tok_694" value="number"/><!-- Having.... -->
<feat xlink:href="#tok_695" value="of"/><!-- Having.... -->
<feat xlink:href="#tok_696" value="year"/><!-- Having.... -->
<feat xlink:href="#tok_697" value="give"/><!-- Having.... -->
<feat xlink:href="#tok_698" value="me"/><!-- Having.... -->
<feat xlink:href="#tok_699" value="a"/><!-- Having.... -->
<feat xlink:href="#tok_700" value="leg"/><!-- Having.... -->
<feat xlink:href="#tok_701" value="up"/><!-- Having.... -->
<feat xlink:href="#tok_702" value="on"/><!-- Having.... -->
<feat xlink:href="#tok_703" value="it"/><!-- Having.... -->
<feat xlink:href="#tok_704" value="."/><!-- Having.... -->
<feat xlink:href="#tok_705" value="and"/><!-- And.... -->
<feat xlink:href="#tok_706" value="he"/><!-- And...! -->
<feat xlink:href="#tok_707" value="have"/><!-- And...! -->
<feat xlink:href="#tok_708" value="be"/><!-- And...! -->
<feat xlink:href="#tok_709" value="right"/><!-- And...! -->
<feat xlink:href="#tok_710" value="."/><!-- And...! -->
<feat xlink:href="#tok_711" value="and"/><!-- And...right -->
<feat xlink:href="#tok_712" value="I"/><!-- And...right -->
<feat xlink:href="#tok_713" value="have"/><!-- And...right -->
<feat xlink:href="#tok_714" value="make"/><!-- And...right -->
<feat xlink:href="#tok_715" value="him"/><!-- And...right -->
<feat xlink:href="#tok_716" value="hire"/><!-- And...right -->
<feat xlink:href="#tok_717" value="these"/><!-- And...right -->
<feat xlink:href="#tok_718" value="girl"/><!-- And...right -->
<feat xlink:href="#tok_719" value=","/><!-- And...right -->
<feat xlink:href="#tok_720" value="and"/><!-- And...right -->
<feat xlink:href="#tok_721" value="ultimately"/><!-- And...right -->
<feat xlink:href="#tok_722" value="he"/><!-- And...right -->
<feat xlink:href="#tok_723" value="have"/><!-- And...right -->
<feat xlink:href="#tok_724" value="be"/><!-- And...right -->
<feat xlink:href="#tok_725" value="right"/><!-- And...right -->
<feat xlink:href="#tok_726" value="they"/><!-- They...! -->
<feat xlink:href="#tok_727" value="have"/><!-- They...! -->
<feat xlink:href="#tok_728" value="be"/><!-- They...! -->
<feat xlink:href="#tok_729" value="complete"/><!-- They...! -->
<feat xlink:href="#tok_730" value="pain"/><!-- They...! -->
<feat xlink:href="#tok_731" value="in"/><!-- They...! -->
<feat xlink:href="#tok_732" value="the"/><!-- They...! -->
<feat xlink:href="#tok_733" value="ass"/><!-- They...! -->
<feat xlink:href="#tok_734" value="!"/><!-- They...! -->
<feat xlink:href="#tok_735" value="I"/><!-- I...together -->
<feat xlink:href="#tok_736" value="also"/><!-- I...together -->
<feat xlink:href="#tok_737" value="have"/><!-- I...together -->
<feat xlink:href="#tok_738" value="a"/><!-- I...together -->
<feat xlink:href="#tok_739" value="profile"/><!-- I...together -->
<feat xlink:href="#tok_740" value="they"/><!-- I...together -->
<feat xlink:href="#tok_741" value="fill"/><!-- I...together -->
<feat xlink:href="#tok_742" value="out"/><!-- I...together -->
<feat xlink:href="#tok_743" value="for"/><!-- I...together -->
<feat xlink:href="#tok_744" value="me"/><!-- I...together -->
<feat xlink:href="#tok_745" value=","/><!-- I...together -->
<feat xlink:href="#tok_746" value="a"/><!-- I...together -->
<feat xlink:href="#tok_747" value="mini-MMPI"/><!-- I...together -->
<feat xlink:href="#tok_748" value="that"/><!-- I...together -->
<feat xlink:href="#tok_749" value="I"/><!-- I...together -->
<feat xlink:href="#tok_750" value="develop"/><!-- I...together -->
<feat xlink:href="#tok_751" value=","/><!-- I...together -->
<feat xlink:href="#tok_752" value="so"/><!-- I...together -->
<feat xlink:href="#tok_753" value="that"/><!-- I...together -->
<feat xlink:href="#tok_754" value="I"/><!-- I...together -->
<feat xlink:href="#tok_755" value="have"/><!-- I...together -->
<feat xlink:href="#tok_756" value="an"/><!-- I...together -->
<feat xlink:href="#tok_757" value="idea"/><!-- I...together -->
<feat xlink:href="#tok_758" value="--"/><!-- I...together -->
<feat xlink:href="#tok_759" value="Rebecca"/><!-- I...together -->
<feat xlink:href="#tok_760" value="and"/><!-- I...together -->
<feat xlink:href="#tok_761" value="I"/><!-- I...together -->
<feat xlink:href="#tok_762" value="put"/><!-- I...together -->
<feat xlink:href="#tok_763" value="it"/><!-- I...together -->
<feat xlink:href="#tok_764" value="together"/><!-- I...together -->
<feat xlink:href="#tok_765" value="I"/><!-- I.... -->
<feat xlink:href="#tok_766" value="do"/><!-- I.... -->
<feat xlink:href="#tok_767" value="n&apos;t"/><!-- I.... -->
<feat xlink:href="#tok_768" value="know"/><!-- I.... -->
<feat xlink:href="#tok_769" value="if"/><!-- I.... -->
<feat xlink:href="#tok_770" value="you"/><!-- I.... -->
<feat xlink:href="#tok_771" value="will"/><!-- I.... -->
<feat xlink:href="#tok_772" value="like"/><!-- I.... -->
<feat xlink:href="#tok_773" value="to"/><!-- I.... -->
<feat xlink:href="#tok_774" value="see"/><!-- I.... -->
<feat xlink:href="#tok_775" value="one"/><!-- I.... -->
<feat xlink:href="#tok_776" value="."/><!-- I.... -->
<feat xlink:href="#tok_777" value="No"/><!-- No...- -->
<feat xlink:href="#tok_778" value=","/><!-- No...- -->
<feat xlink:href="#tok_779" value="no"/><!-- No...- -->
<feat xlink:href="#tok_780" value=","/><!-- No...- -->
<feat xlink:href="#tok_781" value="no"/><!-- No...- -->
<feat xlink:href="#tok_782" value="."/><!-- No...- -->
<feat xlink:href="#tok_783" value="just"/><!-- No...- -->
<feat xlink:href="#tok_784" value="--"/><!-- No...- -->
<feat xlink:href="#tok_785" value="I"/><!-- I.... -->
<feat xlink:href="#tok_786" value="could"/><!-- I.... -->
<feat xlink:href="#tok_787" value="show"/><!-- I.... -->
<feat xlink:href="#tok_788" value="you"/><!-- I.... -->
<feat xlink:href="#tok_789" value="."/><!-- I.... -->
<feat xlink:href="#tok_790" value="so"/><!-- So...- -->
<feat xlink:href="#tok_791" value="I"/><!-- So...- -->
<feat xlink:href="#tok_792" value="have"/><!-- So...- -->
<feat xlink:href="#tok_793" value="a"/><!-- So...- -->
<feat xlink:href="#tok_794" value="mini-MMPI"/><!-- So...- -->
<feat xlink:href="#tok_795" value="that"/><!-- So...- -->
<feat xlink:href="#tok_796" value="I"/><!-- So...- -->
<feat xlink:href="#tok_797" value="--"/><!-- So...- -->
<feat xlink:href="#tok_798" value="Could"/><!-- Could...- -->
<feat xlink:href="#tok_799" value="I"/><!-- Could...- -->
<feat xlink:href="#tok_800" value="have"/><!-- Could...- -->
<feat xlink:href="#tok_801" value="a"/><!-- Could...- -->
<feat xlink:href="#tok_802" value="sample"/><!-- Could...- -->
<feat xlink:href="#tok_803" value=","/><!-- Could...- -->
<feat xlink:href="#tok_804" value="not"/><!-- Could...- -->
<feat xlink:href="#tok_805" value="necessarily"/><!-- Could...- -->
<feat xlink:href="#tok_806" value="one"/><!-- Could...- -->
<feat xlink:href="#tok_807" value="that"/><!-- Could...- -->
<feat xlink:href="#tok_808" value="be"/><!-- Could...- -->
<feat xlink:href="#tok_809" value="fill"/><!-- Could...- -->
<feat xlink:href="#tok_810" value="out"/><!-- Could...- -->
<feat xlink:href="#tok_811" value=","/><!-- Could...- -->
<feat xlink:href="#tok_812" value="but"/><!-- Could...- -->
<feat xlink:href="#tok_813" value="just"/><!-- Could...- -->
<feat xlink:href="#tok_814" value="one"/><!-- Could...- -->
<feat xlink:href="#tok_815" value="that"/><!-- Could...- -->
<feat xlink:href="#tok_816" value="you"/><!-- Could...- -->
<feat xlink:href="#tok_817" value="--"/><!-- Could...- -->
<feat xlink:href="#tok_818" value="I"/><!-- I.... -->
<feat xlink:href="#tok_819" value="will"/><!-- I.... -->
<feat xlink:href="#tok_820" value="show"/><!-- I.... -->
<feat xlink:href="#tok_821" value="you"/><!-- I.... -->
<feat xlink:href="#tok_822" value="."/><!-- I.... -->
<feat xlink:href="#tok_823" value="the"/><!-- The...- -->
<feat xlink:href="#tok_824" value="question"/><!-- The...- -->
<feat xlink:href="#tok_825" value="be"/><!-- The...- -->
<feat xlink:href="#tok_826" value="--"/><!-- The...- -->
<feat xlink:href="#tok_827" value="be"/><!-- Be.... -->
<feat xlink:href="#tok_828" value="careful"/><!-- Be.... -->
<feat xlink:href="#tok_829" value="."/><!-- Be.... -->
<feat xlink:href="#tok_830" value="he"/><!-- He.... -->
<feat xlink:href="#tok_831" value="will"/><!-- He.... -->
<feat xlink:href="#tok_832" value="make"/><!-- He.... -->
<feat xlink:href="#tok_833" value="you"/><!-- He.... -->
<feat xlink:href="#tok_834" value="fill"/><!-- He.... -->
<feat xlink:href="#tok_835" value="one"/><!-- He.... -->
<feat xlink:href="#tok_836" value="out"/><!-- He.... -->
<feat xlink:href="#tok_837" value="."/><!-- He.... -->
<feat xlink:href="#tok_838" value="you"/><!-- You.... -->
<feat xlink:href="#tok_839" value="will"/><!-- You...? -->
<feat xlink:href="#tok_840" value="be"/><!-- You...? -->
<feat xlink:href="#tok_841" value="scare"/><!-- You...? -->
<feat xlink:href="#tok_842" value="."/><!-- You...? -->
<feat xlink:href="#tok_843" value="you"/><!-- You.... -->
<feat xlink:href="#tok_844" value="would"/><!-- You.... -->
<feat xlink:href="#tok_845" value="n&apos;t"/><!-- You.... -->
<feat xlink:href="#tok_846" value="hire"/><!-- You.... -->
<feat xlink:href="#tok_847" value="me"/><!-- You.... -->
<feat xlink:href="#tok_848" value="."/><!-- You.... -->
<feat xlink:href="#tok_849" value="be"/><!-- Is...? -->
<feat xlink:href="#tok_850" value="it"/><!-- Is...? -->
<feat xlink:href="#tok_851" value="only"/><!-- Is...? -->
<feat xlink:href="#tok_852" value="girl"/><!-- Is...? -->
<feat xlink:href="#tok_853" value="you"/><!-- Is...? -->
<feat xlink:href="#tok_854" value="hire"/><!-- Is...? -->
<feat xlink:href="#tok_855" value="?"/><!-- Is...? -->
<feat xlink:href="#tok_856" value="Yeah"/><!-- Yeah.... -->
<feat xlink:href="#tok_857" value="."/><!-- Yeah.... -->
<feat xlink:href="#tok_858" value="What"/><!-- What...? -->
<feat xlink:href="#tok_859" value="would"/><!-- What...? -->
<feat xlink:href="#tok_860" value="a"/><!-- What...? -->
<feat xlink:href="#tok_861" value="question"/><!-- What...? -->
<feat xlink:href="#tok_862" value="like"/><!-- What...? -->
<feat xlink:href="#tok_863" value="&quot;"/><!-- What...? -->
<feat xlink:href="#tok_864" value="the"/><!-- What...? -->
<feat xlink:href="#tok_865" value="great"/><!-- What...? -->
<feat xlink:href="#tok_866" value="woman"/><!-- What...? -->
<feat xlink:href="#tok_867" value="in"/><!-- What...? -->
<feat xlink:href="#tok_868" value="the"/><!-- What...? -->
<feat xlink:href="#tok_869" value="world"/><!-- What...? -->
<feat xlink:href="#tok_870" value="&quot;"/><!-- What...? -->
<feat xlink:href="#tok_871" value="reveal"/><!-- What...? -->
<feat xlink:href="#tok_872" value="to"/><!-- What...? -->
<feat xlink:href="#tok_873" value="you"/><!-- What...? -->
<feat xlink:href="#tok_874" value="?"/><!-- What...? -->
<feat xlink:href="#tok_875" value="no"/><!-- No...- -->
<feat xlink:href="#tok_876" value="question"/><!-- No...- -->
<feat xlink:href="#tok_877" value="would"/><!-- No...- -->
<feat xlink:href="#tok_878" value="reveal"/><!-- No...- -->
<feat xlink:href="#tok_879" value="anything"/><!-- No...- -->
<feat xlink:href="#tok_880" value="independently"/><!-- No...- -->
<feat xlink:href="#tok_881" value="of"/><!-- No...- -->
<feat xlink:href="#tok_882" value="all"/><!-- No...- -->
<feat xlink:href="#tok_883" value="the"/><!-- No...- -->
<feat xlink:href="#tok_884" value="question"/><!-- No...- -->
<feat xlink:href="#tok_885" value="together"/><!-- No...- -->
<feat xlink:href="#tok_886" value="--"/><!-- No...- -->
<feat xlink:href="#tok_887" value="sure"/><!-- Sure.... -->
<feat xlink:href="#tok_888" value="."/><!-- Sure.... -->
<feat xlink:href="#tok_889" value="--"/><!-- -.... -->
<feat xlink:href="#tok_890" value="but"/><!-- -...- -->
<feat xlink:href="#tok_891" value="I"/><!-- -...- -->
<feat xlink:href="#tok_892" value="have"/><!-- -...- -->
<feat xlink:href="#tok_893" value="a"/><!-- -...- -->
<feat xlink:href="#tok_894" value="chart"/><!-- -...- -->
<feat xlink:href="#tok_895" value="that"/><!-- -...- -->
<feat xlink:href="#tok_896" value="I"/><!-- -...- -->
<feat xlink:href="#tok_897" value="will"/><!-- -...- -->
<feat xlink:href="#tok_898" value="go"/><!-- -...- -->
<feat xlink:href="#tok_899" value="through"/><!-- -...- -->
<feat xlink:href="#tok_900" value=";"/><!-- -...- -->
<feat xlink:href="#tok_901" value="the"/><!-- -...- -->
<feat xlink:href="#tok_902" value="MMPI"/><!-- -...- -->
<feat xlink:href="#tok_903" value="."/><!-- MMPI -->
<feat xlink:href="#tok_904" value="the"/><!-- The...- -->
<feat xlink:href="#tok_905" value="baseline"/><!-- The...- -->
<feat xlink:href="#tok_906" value="datum"/><!-- The...- -->
<feat xlink:href="#tok_907" value="that"/><!-- The...- -->
<feat xlink:href="#tok_908" value="I"/><!-- The...- -->
<feat xlink:href="#tok_909" value="use"/><!-- The...- -->
<feat xlink:href="#tok_910" value="to"/><!-- The...- -->
<feat xlink:href="#tok_911" value="--"/><!-- The...- -->
<feat xlink:href="#tok_912" value="How"/><!-- How...? -->
<feat xlink:href="#tok_913" value="do"/><!-- How...? -->
<feat xlink:href="#tok_914" value="you"/><!-- How...? -->
<feat xlink:href="#tok_915" value="originate"/><!-- How...? -->
<feat xlink:href="#tok_916" value="these"/><!-- How...? -->
<feat xlink:href="#tok_917" value="question"/><!-- How...? -->
<feat xlink:href="#tok_918" value="?"/><!-- How...? -->
<feat xlink:href="#tok_919" value="where"/><!-- Where...? -->
<feat xlink:href="#tok_920" value="do"/><!-- Where...- -->
<feat xlink:href="#tok_921" value="I"/><!-- Where...- -->
<feat xlink:href="#tok_922" value="make"/><!-- Where...- -->
<feat xlink:href="#tok_923" value="them"/><!-- Where...- -->
<feat xlink:href="#tok_924" value="?"/><!-- Where...- -->
<feat xlink:href="#tok_925" value="you"/><!-- You...- -->
<feat xlink:href="#tok_926" value="get"/><!-- You...- -->
<feat xlink:href="#tok_927" value="a"/><!-- You...- -->
<feat xlink:href="#tok_928" value="baseline"/><!-- You...- -->
<feat xlink:href="#tok_929" value="from"/><!-- You...- -->
<feat xlink:href="#tok_930" value="ask"/><!-- You...- -->
<feat xlink:href="#tok_931" value="girl"/><!-- You...- -->
<feat xlink:href="#tok_932" value="and"/><!-- You...- -->
<feat xlink:href="#tok_933" value="refining"/><!-- You...- -->
<feat xlink:href="#tok_934" value="profile"/><!-- You...- -->
<feat xlink:href="#tok_935" value="--"/><!-- You...- -->
<feat xlink:href="#tok_936" value="and"/><!-- And.... -->
<feat xlink:href="#tok_937" value="it"/><!-- And.... -->
<feat xlink:href="#tok_938" value="be"/><!-- And.... -->
<feat xlink:href="#tok_939" value="an"/><!-- And.... -->
<feat xlink:href="#tok_940" value="amalgamation"/><!-- And.... -->
<feat xlink:href="#tok_941" value="of"/><!-- And.... -->
<feat xlink:href="#tok_942" value="question"/><!-- And.... -->
<feat xlink:href="#tok_943" value="."/><!-- And.... -->
<feat xlink:href="#tok_944" value="of"/><!-- Of...- -->
<feat xlink:href="#tok_945" value="many"/><!-- Of...- -->
<feat xlink:href="#tok_946" value=","/><!-- Of...- -->
<feat xlink:href="#tok_947" value="many"/><!-- Of...- -->
<feat xlink:href="#tok_948" value="question"/><!-- Of...- -->
<feat xlink:href="#tok_949" value="--"/><!-- Of...- -->
<feat xlink:href="#tok_950" value="What"/><!-- What...? -->
<feat xlink:href="#tok_951" value="be"/><!-- What...…. -->
<feat xlink:href="#tok_952" value="your"/><!-- What...…. -->
<feat xlink:href="#tok_953" value="favorite"/><!-- What...…. -->
<feat xlink:href="#tok_954" value="question"/><!-- What...…. -->
<feat xlink:href="#tok_955" value="?"/><!-- What...…. -->
<feat xlink:href="#tok_956" value="I"/><!-- I...…. -->
<feat xlink:href="#tok_957" value="do"/><!-- I...…. -->
<feat xlink:href="#tok_958" value="n&apos;t"/><!-- I...…. -->
<feat xlink:href="#tok_959" value="know"/><!-- I...…. -->
<feat xlink:href="#tok_960" value=","/><!-- I...…. -->
<feat xlink:href="#tok_961" value="the"/><!-- I...…. -->
<feat xlink:href="#tok_962" value="O.J."/><!-- I...…. -->
<feat xlink:href="#tok_963" value="Simpson"/><!-- I...…. -->
<feat xlink:href="#tok_964" value="."/><!-- I...…. -->
<feat xlink:href="#tok_965" value="Yeah"/><!-- Yeah.... -->
<feat xlink:href="#tok_966" value=","/><!-- Yeah...? -->
<feat xlink:href="#tok_967" value="I"/><!-- Yeah...? -->
<feat xlink:href="#tok_968" value="see"/><!-- Yeah...? -->
<feat xlink:href="#tok_969" value="O.J."/><!-- Yeah...? -->
<feat xlink:href="#tok_970" value="Simpson"/><!-- Yeah...? -->
<feat xlink:href="#tok_971" value="."/><!-- Yeah...? -->
<feat xlink:href="#tok_972" value="What"/><!-- What...? -->
<feat xlink:href="#tok_973" value="would"/><!-- What...? -->
<feat xlink:href="#tok_974" value="that"/><!-- What...? -->
<feat xlink:href="#tok_975" value="be"/><!-- What...? -->
<feat xlink:href="#tok_976" value="an"/><!-- What...? -->
<feat xlink:href="#tok_977" value="indicator"/><!-- What...? -->
<feat xlink:href="#tok_978" value="of"/><!-- What...? -->
<feat xlink:href="#tok_979" value="?"/><!-- What...? -->
<feat xlink:href="#tok_980" value="I"/><!-- I.... -->
<feat xlink:href="#tok_981" value="be"/><!-- I.... -->
<feat xlink:href="#tok_982" value="not"/><!-- I.... -->
<feat xlink:href="#tok_983" value="sure"/><!-- I.... -->
<feat xlink:href="#tok_984" value="which"/><!-- I.... -->
<feat xlink:href="#tok_985" value="one"/><!-- I.... -->
<feat xlink:href="#tok_986" value="you"/><!-- I.... -->
<feat xlink:href="#tok_987" value="give"/><!-- I.... -->
<feat xlink:href="#tok_988" value="him"/><!-- I.... -->
<feat xlink:href="#tok_989" value=","/><!-- I.... -->
<feat xlink:href="#tok_990" value="but"/><!-- I.... -->
<feat xlink:href="#tok_991" value="there"/><!-- I.... -->
<feat xlink:href="#tok_992" value="be"/><!-- I.... -->
<feat xlink:href="#tok_993" value="a"/><!-- I.... -->
<feat xlink:href="#tok_994" value="brief"/><!-- I.... -->
<feat xlink:href="#tok_995" value=","/><!-- I.... -->
<feat xlink:href="#tok_996" value="brief"/><!-- I.... -->
<feat xlink:href="#tok_997" value=","/><!-- I.... -->
<feat xlink:href="#tok_998" value="brief"/><!-- I.... -->
<feat xlink:href="#tok_999" value="NN"/><!-- I.... -->
<feat xlink:href="#tok_1000" value="test"/><!-- I.... -->
<feat xlink:href="#tok_1001" value="there"/><!-- I.... -->
<feat xlink:href="#tok_1002" value="."/><!-- I.... -->
<feat xlink:href="#tok_1003" value="very"/><!-- Very.... -->
<feat xlink:href="#tok_1004" value="brief"/><!-- Very.... -->
<feat xlink:href="#tok_1005" value="."/><!-- Very.... -->
<feat xlink:href="#tok_1006" value="do"/><!-- Do...? -->
<feat xlink:href="#tok_1007" value="you"/><!-- Do...? -->
<feat xlink:href="#tok_1008" value="ask"/><!-- Do...? -->
<feat xlink:href="#tok_1009" value="for"/><!-- Do...? -->
<feat xlink:href="#tok_1010" value="reference"/><!-- Do...? -->
<feat xlink:href="#tok_1011" value="?"/><!-- Do...? -->
<feat xlink:href="#tok_1012" value="no"/><!-- No.... -->
<feat xlink:href="#tok_1013" value=","/><!-- No.... -->
<feat xlink:href="#tok_1014" value="because"/><!-- No.... -->
<feat xlink:href="#tok_1015" value="I"/><!-- No.... -->
<feat xlink:href="#tok_1016" value="really"/><!-- No.... -->
<feat xlink:href="#tok_1017" value="ca"/><!-- No.... -->
<feat xlink:href="#tok_1018" value="n&apos;t"/><!-- No.... -->
<feat xlink:href="#tok_1019" value="call"/><!-- No.... -->
<feat xlink:href="#tok_1020" value="and"/><!-- No.... -->
<feat xlink:href="#tok_1021" value="tell"/><!-- No.... -->
<feat xlink:href="#tok_1022" value="them"/><!-- No.... -->
<feat xlink:href="#tok_1023" value="I"/><!-- No.... -->
<feat xlink:href="#tok_1024" value="be"/><!-- No.... -->
<feat xlink:href="#tok_1025" value="yeah"/><!-- &apos;m -->
<feat xlink:href="#tok_1026" value=","/><!-- &apos;m -->
<feat xlink:href="#tok_1027" value="so-and-so"/><!-- &apos;m -->
<feat xlink:href="#tok_1028" value="be"/><!-- &apos;m -->
<feat xlink:href="#tok_1029" value="apply"/><!-- &apos;m -->
<feat xlink:href="#tok_1030" value="here"/><!-- &apos;m -->
<feat xlink:href="#tok_1031" value="for"/><!-- &apos;m -->
<feat xlink:href="#tok_1032" value="a"/><!-- &apos;m -->
<feat xlink:href="#tok_1033" value="position"/><!-- &apos;m -->
<feat xlink:href="#tok_1034" value="."/><!-- &apos;m -->
</featList>
</paula>
