<?xml version="1.0" encoding="UTF-8" standalone="no"?>

<!DOCTYPE paula SYSTEM "paula_feat.dtd">
<paula version="1.0">

<header paula_id="GUM.GUM_interview_dungeon_claws5"/>

<featList xmlns:xlink="http://www.w3.org/1999/xlink" type="claws5" xml:base="GUM.GUM_interview_dungeon.tok.xml">
<feat xlink:href="#tok_1" value="NN1"/><!-- BDSM...dungeon -->
<feat xlink:href="#tok_2" value="PRP"/><!-- BDSM...dungeon -->
<feat xlink:href="#tok_3" value="NN1"/><!-- BDSM...dungeon -->
<feat xlink:href="#tok_4" value="PUN"/><!-- BDSM...dungeon -->
<feat xlink:href="#tok_5" value="AT0"/><!-- BDSM...dungeon -->
<feat xlink:href="#tok_6" value="NN1"/><!-- BDSM...dungeon -->
<feat xlink:href="#tok_7" value="PRP"/><!-- BDSM...dungeon -->
<feat xlink:href="#tok_8" value="AT0"/><!-- BDSM...dungeon -->
<feat xlink:href="#tok_9" value="NN2"/><!-- BDSM...dungeon -->
<feat xlink:href="#tok_10" value="PRF"/><!-- BDSM...dungeon -->
<feat xlink:href="#tok_11" value="AT0"/><!-- BDSM...dungeon -->
<feat xlink:href="#tok_12" value="NN1"/><!-- BDSM...dungeon -->
<feat xlink:href="#tok_13" value="NP0"/><!-- Sunday...2007 -->
<feat xlink:href="#tok_14" value="PUN"/><!-- Sunday...2007 -->
<feat xlink:href="#tok_15" value="NP0"/><!-- Sunday...2007 -->
<feat xlink:href="#tok_16" value="CRD"/><!-- Sunday...2007 -->
<feat xlink:href="#tok_17" value="PUN"/><!-- Sunday...2007 -->
<feat xlink:href="#tok_18" value="CRD"/><!-- Sunday...2007 -->
<feat xlink:href="#tok_19" value="VVG"/><!-- Operating...business -->
<feat xlink:href="#tok_20" value="AT0"/><!-- Operating...business -->
<feat xlink:href="#tok_21" value="NN1"/><!-- Operating...business -->
<feat xlink:href="#tok_22" value="AT0"/><!-- The...costs -->
<feat xlink:href="#tok_23" value="NN2"/><!-- The...costs -->
<feat xlink:href="#tok_24" value="NN1"/><!-- Clothing.... -->
<feat xlink:href="#tok_25" value="NN1"/><!-- Clothing.... -->
<feat xlink:href="#tok_26" value="NN1"/><!-- Clothing.... -->
<feat xlink:href="#tok_27" value="PUN"/><!-- Clothing.... -->
<feat xlink:href="#tok_28" value="AV0"/><!-- There...- -->
<feat xlink:href="#tok_29" value="ZZ0"/><!-- There...- -->
<feat xlink:href="#tok_30" value="AT0"/><!-- There...- -->
<feat xlink:href="#tok_31" value="NN1"/><!-- There...- -->
<feat xlink:href="#tok_32" value="PRP"/><!-- There...- -->
<feat xlink:href="#tok_33" value="DT0"/><!-- There...- -->
<feat xlink:href="#tok_34" value="NN1"/><!-- There...- -->
<feat xlink:href="#tok_35" value="PUN"/><!-- There...- -->
<feat xlink:href="#tok_36" value="DPS"/><!-- Your.... -->
<feat xlink:href="#tok_37" value="NN1"/><!-- Your.... -->
<feat xlink:href="#tok_38" value="PRP"/><!-- Your.... -->
<feat xlink:href="#tok_39" value="DT0"/><!-- Your.... -->
<feat xlink:href="#tok_40" value="VBZ"/><!-- Your.... -->
<feat xlink:href="#tok_41" value="AV0"/><!-- Your.... -->
<feat xlink:href="#tok_42" value="AV0"/><!-- Your.... -->
<feat xlink:href="#tok_43" value="DTQ"/><!-- Your.... -->
<feat xlink:href="#tok_44" value="PNP"/><!-- Your.... -->
<feat xlink:href="#tok_45" value="VVB"/><!-- Your.... -->
<feat xlink:href="#tok_46" value="PRP"/><!-- Your.... -->
<feat xlink:href="#tok_47" value="NN2"/><!-- Your.... -->
<feat xlink:href="#tok_48" value="PUN"/><!-- Your.... -->
<feat xlink:href="#tok_49" value="VVG"/><!-- Your.... -->
<feat xlink:href="#tok_50" value="NN2"/><!-- Your.... -->
<feat xlink:href="#tok_51" value="PUN"/><!-- Your.... -->
<feat xlink:href="#tok_52" value="VVG"/><!-- Your.... -->
<feat xlink:href="#tok_53" value="AT0"/><!-- Your.... -->
<feat xlink:href="#tok_54" value="NN1"/><!-- Your.... -->
<feat xlink:href="#tok_55" value="PUN"/><!-- Your.... -->
<feat xlink:href="#tok_56" value="AV0"/><!-- Your.... -->
<feat xlink:href="#tok_57" value="NN2"/><!-- Your.... -->
<feat xlink:href="#tok_58" value="AV0"/><!-- Your.... -->
<feat xlink:href="#tok_59" value="PUN"/><!-- Your.... -->
<feat xlink:href="#tok_60" value="PNP"/><!-- It.... -->
<feat xlink:href="#tok_61" value="UNC"/><!-- It.... -->
<feat xlink:href="#tok_62" value="VVN"/><!-- It.... -->
<feat xlink:href="#tok_63" value="CJS"/><!-- It.... -->
<feat xlink:href="#tok_64" value="CJS"/><!-- It.... -->
<feat xlink:href="#tok_65" value="PNP"/><!-- It.... -->
<feat xlink:href="#tok_66" value="UNC"/><!-- It.... -->
<feat xlink:href="#tok_67" value="NN1"/><!-- It.... -->
<feat xlink:href="#tok_68" value="PUN"/><!-- It.... -->
<feat xlink:href="#tok_69" value="AJ0"/><!-- It.... -->
<feat xlink:href="#tok_70" value="CJC"/><!-- It.... -->
<feat xlink:href="#tok_71" value="AJ0"/><!-- It.... -->
<feat xlink:href="#tok_72" value="PUN"/><!-- It.... -->
<feat xlink:href="#tok_73" value="CJC"/><!-- And...- -->
<feat xlink:href="#tok_74" value="AJ0"/><!-- And...- -->
<feat xlink:href="#tok_75" value="ITJ"/><!-- Oh...? -->
<feat xlink:href="#tok_76" value="NN1"/><!-- Oh...? -->
<feat xlink:href="#tok_77" value="PUN"/><!-- Oh...? -->
<feat xlink:href="#tok_78" value="AV0"/><!-- Oh...? -->
<feat xlink:href="#tok_79" value="PUN"/><!-- Oh...? -->
<feat xlink:href="#tok_80" value="DTQ"/><!-- What...? -->
<feat xlink:href="#tok_81" value="ZZ0"/><!-- What...? -->
<feat xlink:href="#tok_82" value="AVP"/><!-- What...? -->
<feat xlink:href="#tok_83" value="PUN"/><!-- What...? -->
<feat xlink:href="#tok_84" value="PNP"/><!-- I.... -->
<feat xlink:href="#tok_85" value="VDB"/><!-- I.... -->
<feat xlink:href="#tok_86" value="VVI"/><!-- I.... -->
<feat xlink:href="#tok_87" value="AT0"/><!-- I.... -->
<feat xlink:href="#tok_88" value="NN1"/><!-- I.... -->
<feat xlink:href="#tok_89" value="PRF"/><!-- I.... -->
<feat xlink:href="#tok_90" value="AJ0"/><!-- I.... -->
<feat xlink:href="#tok_91" value="PUN"/><!-- . -->
<feat xlink:href="#tok_92" value="PNP"/><!-- It.... -->
<feat xlink:href="#tok_93" value="ZZ0"/><!-- It.... -->
<feat xlink:href="#tok_94" value="PNI"/><!-- It.... -->
<feat xlink:href="#tok_95" value="CJC"/><!-- It.... -->
<feat xlink:href="#tok_96" value="DT0"/><!-- It.... -->
<feat xlink:href="#tok_97" value="PUN"/><!-- It.... -->
<feat xlink:href="#tok_98" value="CJS"/><!-- If...- -->
<feat xlink:href="#tok_99" value="PNP"/><!-- If...- -->
<feat xlink:href="#tok_100" value="VVB"/><!-- If...- -->
<feat xlink:href="#tok_101" value="PRP"/><!-- If...- -->
<feat xlink:href="#tok_102" value="AT0"/><!-- If...- -->
<feat xlink:href="#tok_103" value="NN2"/><!-- If...- -->
<feat xlink:href="#tok_104" value="PUN"/><!-- If...- -->
<feat xlink:href="#tok_105" value="AV0"/><!-- If...- -->
<feat xlink:href="#tok_106" value="ZZ0"/><!-- If...- -->
<feat xlink:href="#tok_107" value="DT0"/><!-- If...- -->
<feat xlink:href="#tok_108" value="AT0"/><!-- If...- -->
<feat xlink:href="#tok_109" value="NN2"/><!-- If...- -->
<feat xlink:href="#tok_110" value="PNP"/><!-- If...- -->
<feat xlink:href="#tok_111" value="CRD"/><!-- If...- -->
<feat xlink:href="#tok_112" value="VVB"/><!-- If...- -->
<feat xlink:href="#tok_113" value="PRP"/><!-- If...- -->
<feat xlink:href="#tok_114" value="DT0"/><!-- If...- -->
<feat xlink:href="#tok_115" value="NN2"/><!-- If...- -->
<feat xlink:href="#tok_116" value="PRF"/><!-- If...- -->
<feat xlink:href="#tok_117" value="NN2"/><!-- If...- -->
<feat xlink:href="#tok_118" value="AJ0"/><!-- If...- -->
<feat xlink:href="#tok_119" value="CJC"/><!-- but.... -->
<feat xlink:href="#tok_120" value="AV0"/><!-- but.... -->
<feat xlink:href="#tok_121" value="CJS"/><!-- but.... -->
<feat xlink:href="#tok_122" value="PNI"/><!-- but.... -->
<feat xlink:href="#tok_123" value="PUN"/><!-- but.... -->
<feat xlink:href="#tok_124" value="AV0"/><!-- but.... -->
<feat xlink:href="#tok_125" value="ZZ0"/><!-- but.... -->
<feat xlink:href="#tok_126" value="AT0"/><!-- but.... -->
<feat xlink:href="#tok_127" value="NN1"/><!-- but.... -->
<feat xlink:href="#tok_128" value="PRF"/><!-- but.... -->
<feat xlink:href="#tok_129" value="AJ0"/><!-- but.... -->
<feat xlink:href="#tok_130" value="NN1"/><!-- but.... -->
<feat xlink:href="#tok_131" value="AVP"/><!-- but.... -->
<feat xlink:href="#tok_132" value="AV0"/><!-- but.... -->
<feat xlink:href="#tok_133" value="PUN"/><!-- but.... -->
<feat xlink:href="#tok_134" value="PNP"/><!-- We.... -->
<feat xlink:href="#tok_135" value="VVB"/><!-- We.... -->
<feat xlink:href="#tok_136" value="AT0"/><!-- We.... -->
<feat xlink:href="#tok_137" value="NN1"/><!-- We.... -->
<feat xlink:href="#tok_138" value="PRF"/><!-- We.... -->
<feat xlink:href="#tok_139" value="DTQ"/><!-- We.... -->
<feat xlink:href="#tok_140" value="PNP"/><!-- We.... -->
<feat xlink:href="#tok_141" value="CRD"/><!-- We.... -->
<feat xlink:href="#tok_142" value="VVB"/><!-- We.... -->
<feat xlink:href="#tok_143" value="PNP"/><!-- We.... -->
<feat xlink:href="#tok_144" value="VM0"/><!-- We.... -->
<feat xlink:href="#tok_145" value="VVI"/><!-- We.... -->
<feat xlink:href="#tok_146" value="PUN"/><!-- We.... -->
<feat xlink:href="#tok_147" value="DTQ"/><!-- We.... -->
<feat xlink:href="#tok_148" value="AT0"/><!-- We.... -->
<feat xlink:href="#tok_149" value="AJ0"/><!-- We.... -->
<feat xlink:href="#tok_150" value="NN1"/><!-- We.... -->
<feat xlink:href="#tok_151" value="VM0"/><!-- We.... -->
<feat xlink:href="#tok_152" value="VVI"/><!-- We.... -->
<feat xlink:href="#tok_153" value="PNP"/><!-- We.... -->
<feat xlink:href="#tok_154" value="VM0"/><!-- We.... -->
<feat xlink:href="#tok_155" value="VVI"/><!-- We.... -->
<feat xlink:href="#tok_156" value="PUN"/><!-- We.... -->
<feat xlink:href="#tok_157" value="PNP"/><!-- We.... -->
<feat xlink:href="#tok_158" value="VVB"/><!-- We.... -->
<feat xlink:href="#tok_159" value="AJ0"/><!-- We.... -->
<feat xlink:href="#tok_160" value="PUN"/><!-- We.... -->
<feat xlink:href="#tok_161" value="AJ0"/><!-- We.... -->
<feat xlink:href="#tok_162" value="NN0"/><!-- We.... -->
<feat xlink:href="#tok_163" value="PUN"/><!-- We.... -->
<feat xlink:href="#tok_164" value="PNP"/><!-- I...- -->
<feat xlink:href="#tok_165" value="VVB"/><!-- I...- -->
<feat xlink:href="#tok_166" value="PNI"/><!-- I...- -->
<feat xlink:href="#tok_167" value="PRF"/><!-- I...- -->
<feat xlink:href="#tok_168" value="DPS"/><!-- I...- -->
<feat xlink:href="#tok_169" value="NN2"/><!-- I...- -->
<feat xlink:href="#tok_170" value="CJT"/><!-- I...- -->
<feat xlink:href="#tok_171" value="PNP"/><!-- I...- -->
<feat xlink:href="#tok_172" value="VHD"/><!-- I...- -->
<feat xlink:href="#tok_173" value="VVN"/><!-- I...- -->
<feat xlink:href="#tok_174" value="AV0"/><!-- I...- -->
<feat xlink:href="#tok_175" value="VVD"/><!-- I...- -->
<feat xlink:href="#tok_176" value="PUN"/><!-- I...- -->
<feat xlink:href="#tok_177" value="AJ0"/><!-- I...- -->
<feat xlink:href="#tok_178" value="CJS"/><!-- I...- -->
<feat xlink:href="#tok_179" value="PNP"/><!-- I...- -->
<feat xlink:href="#tok_180" value="VVB"/><!-- I...- -->
<feat xlink:href="#tok_181" value="AJ0"/><!-- I...- -->
<feat xlink:href="#tok_182" value="NN2"/><!-- I...- -->
<feat xlink:href="#tok_183" value="VDB"/><!-- I...- -->
<feat xlink:href="#tok_184" value="XX0"/><!-- I...- -->
<feat xlink:href="#tok_185" value="VDI"/><!-- I...- -->
<feat xlink:href="#tok_186" value="UNC"/><!-- I...- -->
<feat xlink:href="#tok_187" value="PUN"/><!-- I...- -->
<feat xlink:href="#tok_188" value="AJ0"/><!-- I...- -->
<feat xlink:href="#tok_189" value="AJ0"/><!-- I...- -->
<feat xlink:href="#tok_190" value="PNP"/><!-- I...- -->
<feat xlink:href="#tok_191" value="VVD"/><!-- I...- -->
<feat xlink:href="#tok_192" value="DTQ"/><!-- I...- -->
<feat xlink:href="#tok_193" value="AT0"/><!-- I...- -->
<feat xlink:href="#tok_194" value="NN1"/><!-- I...- -->
<feat xlink:href="#tok_195" value="PRF"/><!-- I...- -->
<feat xlink:href="#tok_196" value="PNP"/><!-- I...- -->
<feat xlink:href="#tok_197" value="VVD"/><!-- I...- -->
<feat xlink:href="#tok_198" value="AJ0"/><!-- I...- -->
<feat xlink:href="#tok_199" value="AJ0"/><!-- &quot;...&quot; -->
<feat xlink:href="#tok_200" value="AJ0"/><!-- &quot;...&quot; -->
<feat xlink:href="#tok_201" value="VVB"/><!-- &quot;...&quot; -->
<feat xlink:href="#tok_202" value="AV0"/><!-- &quot;...&quot; -->
<feat xlink:href="#tok_203" value="PUN"/><!-- &quot;...&quot; -->
<feat xlink:href="#tok_204" value="NP0"/><!-- &quot;...&quot; -->
<feat xlink:href="#tok_205" value="ITJ"/><!-- Yeah...? -->
<feat xlink:href="#tok_206" value="PUN"/><!-- Yeah...? -->
<feat xlink:href="#tok_207" value="UNC"/><!-- Yeah...? -->
<feat xlink:href="#tok_208" value="VVB"/><!-- Yeah...? -->
<feat xlink:href="#tok_209" value="AV0"/><!-- Yeah...? -->
<feat xlink:href="#tok_210" value="AJ0"/><!-- Yeah...? -->
<feat xlink:href="#tok_211" value="CJC"/><!-- Yeah...? -->
<feat xlink:href="#tok_212" value="PNI"/><!-- Yeah...? -->
<feat xlink:href="#tok_213" value="PRP"/><!-- Yeah...? -->
<feat xlink:href="#tok_214" value="DT0"/><!-- Yeah...? -->
<feat xlink:href="#tok_215" value="PUN"/><!-- Yeah...? -->
<feat xlink:href="#tok_216" value="CJC"/><!-- And.... -->
<feat xlink:href="#tok_217" value="DT0"/><!-- And.... -->
<feat xlink:href="#tok_218" value="NN1"/><!-- And.... -->
<feat xlink:href="#tok_219" value="VHD"/><!-- And.... -->
<feat xlink:href="#tok_220" value="VVN"/><!-- And.... -->
<feat xlink:href="#tok_221" value="AV0"/><!-- And.... -->
<feat xlink:href="#tok_222" value="DT0"/><!-- And.... -->
<feat xlink:href="#tok_223" value="NN2"/><!-- And.... -->
<feat xlink:href="#tok_224" value="PUN"/><!-- And.... -->
<feat xlink:href="#tok_225" value="CJS"/><!-- And.... -->
<feat xlink:href="#tok_226" value="PNP"/><!-- And.... -->
<feat xlink:href="#tok_227" value="AJ0"/><!-- And.... -->
<feat xlink:href="#tok_228" value="PNP"/><!-- And.... -->
<feat xlink:href="#tok_229" value="VVB"/><!-- And.... -->
<feat xlink:href="#tok_230" value="PNP"/><!-- And.... -->
<feat xlink:href="#tok_231" value="AV0"/><!-- And.... -->
<feat xlink:href="#tok_232" value="VVD"/><!-- And.... -->
<feat xlink:href="#tok_233" value="CJT"/><!-- And.... -->
<feat xlink:href="#tok_234" value="AJ0"/><!-- And.... -->
<feat xlink:href="#tok_235" value="NN2"/><!-- And.... -->
<feat xlink:href="#tok_236" value="VDB"/><!-- And.... -->
<feat xlink:href="#tok_237" value="XX0"/><!-- And.... -->
<feat xlink:href="#tok_238" value="VDI"/><!-- And.... -->
<feat xlink:href="#tok_239" value="DT0"/><!-- And.... -->
<feat xlink:href="#tok_240" value="PUN"/><!-- And.... -->
<feat xlink:href="#tok_241" value="CJC"/><!-- And...&quot; -->
<feat xlink:href="#tok_242" value="AT0"/><!-- And...&quot; -->
<feat xlink:href="#tok_243" value="NN1"/><!-- And...&quot; -->
<feat xlink:href="#tok_244" value="PRF"/><!-- And...&quot; -->
<feat xlink:href="#tok_245" value="PNP"/><!-- And...&quot; -->
<feat xlink:href="#tok_246" value="VHD"/><!-- And...&quot; -->
<feat xlink:href="#tok_247" value="VVN"/><!-- And...&quot; -->
<feat xlink:href="#tok_248" value="CJC"/><!-- And...&quot; -->
<feat xlink:href="#tok_249" value="PNP"/><!-- And...&quot; -->
<feat xlink:href="#tok_250" value="VVD"/><!-- And...&quot; -->
<feat xlink:href="#tok_251" value="PUN"/><!-- And...&quot; -->
<feat xlink:href="#tok_252" value="NP0"/><!-- And...&quot; -->
<feat xlink:href="#tok_253" value="ITJ"/><!-- And...&quot; -->
<feat xlink:href="#tok_254" value="PUN"/><!-- And...&quot; -->
<feat xlink:href="#tok_255" value="NP0"/><!-- And...&quot; -->
<feat xlink:href="#tok_256" value="CJC"/><!-- And.... -->
<feat xlink:href="#tok_257" value="PNP"/><!-- And.... -->
<feat xlink:href="#tok_258" value="VVB"/><!-- And.... -->
<feat xlink:href="#tok_259" value="PNP"/><!-- And.... -->
<feat xlink:href="#tok_260" value="VVI"/><!-- And.... -->
<feat xlink:href="#tok_261" value="PUN"/><!-- And.... -->
<feat xlink:href="#tok_262" value="AT0"/><!-- And.... -->
<feat xlink:href="#tok_263" value="NN1"/><!-- And.... -->
<feat xlink:href="#tok_264" value="PRF"/><!-- And.... -->
<feat xlink:href="#tok_265" value="NN2"/><!-- And.... -->
<feat xlink:href="#tok_266" value="VVN"/><!-- And.... -->
<feat xlink:href="#tok_267" value="CJS"/><!-- And.... -->
<feat xlink:href="#tok_268" value="PRF"/><!-- And.... -->
<feat xlink:href="#tok_269" value="DT0"/><!-- And.... -->
<feat xlink:href="#tok_270" value="AV0"/><!-- And.... -->
<feat xlink:href="#tok_271" value="PUN"/><!-- And.... -->
<feat xlink:href="#tok_272" value="VDB"/><!-- Do...? -->
<feat xlink:href="#tok_273" value="PNP"/><!-- Do...? -->
<feat xlink:href="#tok_274" value="VVI"/><!-- Do...? -->
<feat xlink:href="#tok_275" value="PUN"/><!-- Do...? -->
<feat xlink:href="#tok_276" value="PNP"/><!-- I.... -->
<feat xlink:href="#tok_277" value="AV0"/><!-- I.... -->
<feat xlink:href="#tok_278" value="VDB"/><!-- I.... -->
<feat xlink:href="#tok_279" value="PUN"/><!-- I.... -->
<feat xlink:href="#tok_280" value="PNP"/><!-- I.... -->
<feat xlink:href="#tok_281" value="AV0"/><!-- I.... -->
<feat xlink:href="#tok_282" value="VDB"/><!-- I.... -->
<feat xlink:href="#tok_283" value="PUN"/><!-- I.... -->
<feat xlink:href="#tok_284" value="DTQ"/><!-- What...? -->
<feat xlink:href="#tok_285" value="VBB"/><!-- What...? -->
<feat xlink:href="#tok_286" value="AT0"/><!-- What...? -->
<feat xlink:href="#tok_287" value="NN1"/><!-- What...? -->
<feat xlink:href="#tok_288" value="VVZ"/><!-- What...? -->
<feat xlink:href="#tok_289" value="AJ0"/><!-- What...? -->
<feat xlink:href="#tok_290" value="PUN"/><!-- What...? -->
<feat xlink:href="#tok_291" value="PNP"/><!-- It...... -->
<feat xlink:href="#tok_292" value="VVZ"/><!-- It...... -->
<feat xlink:href="#tok_293" value="PUN"/><!-- It...... -->
<feat xlink:href="#tok_294" value="VVB"/><!-- It...... -->
<feat xlink:href="#tok_295" value="PRP"/><!-- It...... -->
<feat xlink:href="#tok_296" value="NP0"/><!-- It...... -->
<feat xlink:href="#tok_297" value="PUN"/><!-- It...... -->
<feat xlink:href="#tok_298" value="VVB"/><!-- It...... -->
<feat xlink:href="#tok_299" value="AVP"/><!-- It...... -->
<feat xlink:href="#tok_300" value="NN2"/><!-- It...... -->
<feat xlink:href="#tok_301" value="PUN"/><!-- It...... -->
<feat xlink:href="#tok_302" value="VVB"/><!-- It...... -->
<feat xlink:href="#tok_303" value="AVP"/><!-- It...... -->
<feat xlink:href="#tok_304" value="NN2"/><!-- It...... -->
<feat xlink:href="#tok_305" value="PUN"/><!-- It...... -->
<feat xlink:href="#tok_306" value="VVB"/><!-- It...... -->
<feat xlink:href="#tok_307" value="PRP"/><!-- It...... -->
<feat xlink:href="#tok_308" value="VVG"/><!-- It...... -->
<feat xlink:href="#tok_309" value="PUN"/><!-- It...... -->
<feat xlink:href="#tok_310" value="VVB"/><!-- It...... -->
<feat xlink:href="#tok_311" value="PRP"/><!-- It...... -->
<feat xlink:href="#tok_312" value="NN1"/><!-- It...... -->
<feat xlink:href="#tok_313" value="PUN"/><!-- It...... -->
<feat xlink:href="#tok_314" value="DTQ"/><!-- What...? -->
<feat xlink:href="#tok_315" value="ZZ0"/><!-- What...? -->
<feat xlink:href="#tok_316" value="DPS"/><!-- What...? -->
<feat xlink:href="#tok_317" value="AJS"/><!-- What...? -->
<feat xlink:href="#tok_318" value="AJ0"/><!-- What...? -->
<feat xlink:href="#tok_319" value="NN1"/><!-- What...? -->
<feat xlink:href="#tok_320" value="PUN"/><!-- What...? -->
<feat xlink:href="#tok_321" value="AT0"/><!-- The.... -->
<feat xlink:href="#tok_322" value="AJ0"/><!-- The.... -->
<feat xlink:href="#tok_323" value="DT0"/><!-- The.... -->
<feat xlink:href="#tok_324" value="AJ0"/><!-- The.... -->
<feat xlink:href="#tok_325" value="NN1"/><!-- The.... -->
<feat xlink:href="#tok_326" value="PNP"/><!-- The.... -->
<feat xlink:href="#tok_327" value="VVB"/><!-- The.... -->
<feat xlink:href="#tok_328" value="AVP"/><!-- The.... -->
<feat xlink:href="#tok_329" value="VBZ"/><!-- The.... -->
<feat xlink:href="#tok_330" value="NN1"/><!-- The.... -->
<feat xlink:href="#tok_331" value="CJC"/><!-- The.... -->
<feat xlink:href="#tok_332" value="NN1"/><!-- The.... -->
<feat xlink:href="#tok_333" value="PUN"/><!-- The.... -->
<feat xlink:href="#tok_334" value="DT0"/><!-- The.... -->
<feat xlink:href="#tok_335" value="CRD"/><!-- The.... -->
<feat xlink:href="#tok_336" value="AV0"/><!-- The.... -->
<feat xlink:href="#tok_337" value="VVB"/><!-- The.... -->
<feat xlink:href="#tok_338" value="AVP"/><!-- The.... -->
<feat xlink:href="#tok_339" value="AT0"/><!-- The.... -->
<feat xlink:href="#tok_340" value="NN1"/><!-- The.... -->
<feat xlink:href="#tok_341" value="PRF"/><!-- The.... -->
<feat xlink:href="#tok_342" value="DTQ"/><!-- The.... -->
<feat xlink:href="#tok_343" value="PNP"/><!-- The.... -->
<feat xlink:href="#tok_344" value="VVB"/><!-- The.... -->
<feat xlink:href="#tok_345" value="PUN"/><!-- The.... -->
<feat xlink:href="#tok_346" value="AV0"/><!-- There.... -->
<feat xlink:href="#tok_347" value="ZZ0"/><!-- There.... -->
<feat xlink:href="#tok_348" value="NN2"/><!-- There.... -->
<feat xlink:href="#tok_349" value="PUN"/><!-- There.... -->
<feat xlink:href="#tok_350" value="CJC"/><!-- There.... -->
<feat xlink:href="#tok_351" value="AV0"/><!-- There.... -->
<feat xlink:href="#tok_352" value="ZZ0"/><!-- There.... -->
<feat xlink:href="#tok_353" value="NN1"/><!-- There.... -->
<feat xlink:href="#tok_354" value="CJC"/><!-- There.... -->
<feat xlink:href="#tok_355" value="NN1"/><!-- There.... -->
<feat xlink:href="#tok_356" value="CJC"/><!-- There.... -->
<feat xlink:href="#tok_357" value="NN1"/><!-- There.... -->
<feat xlink:href="#tok_358" value="PUN"/><!-- There.... -->
<feat xlink:href="#tok_359" value="CJC"/><!-- There.... -->
<feat xlink:href="#tok_360" value="NN1"/><!-- There.... -->
<feat xlink:href="#tok_361" value="CJC"/><!-- There.... -->
<feat xlink:href="#tok_362" value="NN2"/><!-- There.... -->
<feat xlink:href="#tok_363" value="PRP"/><!-- There.... -->
<feat xlink:href="#tok_364" value="DT0"/><!-- There.... -->
<feat xlink:href="#tok_365" value="CJT"/><!-- There.... -->
<feat xlink:href="#tok_366" value="PNP"/><!-- There.... -->
<feat xlink:href="#tok_367" value="VHB"/><!-- There.... -->
<feat xlink:href="#tok_368" value="TO0"/><!-- There.... -->
<feat xlink:href="#tok_369" value="VDI"/><!-- There.... -->
<feat xlink:href="#tok_370" value="PUN"/><!-- There.... -->
<feat xlink:href="#tok_371" value="CJT"/><!-- That.... -->
<feat xlink:href="#tok_372" value="ZZ0"/><!-- That.... -->
<feat xlink:href="#tok_373" value="PRP"/><!-- That.... -->
<feat xlink:href="#tok_374" value="PNP"/><!-- That.... -->
<feat xlink:href="#tok_375" value="PUN"/><!-- That.... -->
<feat xlink:href="#tok_376" value="AT0"/><!-- The.... -->
<feat xlink:href="#tok_377" value="AJS"/><!-- The.... -->
<feat xlink:href="#tok_378" value="NN1"/><!-- The.... -->
<feat xlink:href="#tok_379" value="PRP"/><!-- The.... -->
<feat xlink:href="#tok_380" value="VVG"/><!-- The.... -->
<feat xlink:href="#tok_381" value="DT0"/><!-- The.... -->
<feat xlink:href="#tok_382" value="NN1"/><!-- The.... -->
<feat xlink:href="#tok_383" value="PUN"/><!-- The.... -->
<feat xlink:href="#tok_384" value="DTQ"/><!-- The.... -->
<feat xlink:href="#tok_385" value="VBZ"/><!-- The.... -->
<feat xlink:href="#tok_386" value="AVQ"/><!-- The.... -->
<feat xlink:href="#tok_387" value="NN0"/><!-- The.... -->
<feat xlink:href="#tok_388" value="VM0"/><!-- The.... -->
<feat xlink:href="#tok_389" value="XX0"/><!-- The.... -->
<feat xlink:href="#tok_390" value="VDI"/><!-- The.... -->
<feat xlink:href="#tok_391" value="PNP"/><!-- The.... -->
<feat xlink:href="#tok_392" value="PUN"/><!-- The.... -->
<feat xlink:href="#tok_393" value="VBZ"/><!-- The.... -->
<feat xlink:href="#tok_394" value="AT0"/><!-- The.... -->
<feat xlink:href="#tok_395" value="NN1"/><!-- The.... -->
<feat xlink:href="#tok_396" value="CJT"/><!-- The.... -->
<feat xlink:href="#tok_397" value="DPS"/><!-- The.... -->
<feat xlink:href="#tok_398" value="NN1"/><!-- The.... -->
<feat xlink:href="#tok_399" value="VHZ"/><!-- The.... -->
<feat xlink:href="#tok_400" value="PRP"/><!-- The.... -->
<feat xlink:href="#tok_401" value="AT0"/><!-- The.... -->
<feat xlink:href="#tok_402" value="NN2"/><!-- The.... -->
<feat xlink:href="#tok_403" value="CJC"/><!-- The.... -->
<feat xlink:href="#tok_404" value="PRP"/><!-- The.... -->
<feat xlink:href="#tok_405" value="AT0"/><!-- The.... -->
<feat xlink:href="#tok_406" value="NN2"/><!-- The.... -->
<feat xlink:href="#tok_407" value="PUN"/><!-- The.... -->
<feat xlink:href="#tok_408" value="AVQ"/><!-- Where...? -->
<feat xlink:href="#tok_409" value="VDB"/><!-- Where...? -->
<feat xlink:href="#tok_410" value="PNP"/><!-- Where...? -->
<feat xlink:href="#tok_411" value="VVI"/><!-- Where...? -->
<feat xlink:href="#tok_412" value="PUN"/><!-- Where...? -->
<feat xlink:href="#tok_413" value="AT0"/><!-- A.... -->
<feat xlink:href="#tok_414" value="NN1"/><!-- A.... -->
<feat xlink:href="#tok_415" value="PRP"/><!-- A.... -->
<feat xlink:href="#tok_416" value="AT0"/><!-- A.... -->
<feat xlink:href="#tok_417" value="NN1"/><!-- A.... -->
<feat xlink:href="#tok_418" value="PUN"/><!-- A.... -->
<feat xlink:href="#tok_419" value="PNP"/><!-- A.... -->
<feat xlink:href="#tok_420" value="AV0"/><!-- A.... -->
<feat xlink:href="#tok_421" value="VVD"/><!-- A.... -->
<feat xlink:href="#tok_422" value="DT0"/><!-- A.... -->
<feat xlink:href="#tok_423" value="PRF"/><!-- A.... -->
<feat xlink:href="#tok_424" value="AT0"/><!-- A.... -->
<feat xlink:href="#tok_425" value="AJ0"/><!-- A.... -->
<feat xlink:href="#tok_426" value="NN1"/><!-- A.... -->
<feat xlink:href="#tok_427" value="NN2"/><!-- A.... -->
<feat xlink:href="#tok_428" value="PUN"/><!-- A.... -->
<feat xlink:href="#tok_429" value="NP0"/><!-- New...Press -->
<feat xlink:href="#tok_430" value="NP0"/><!-- New...Press -->
<feat xlink:href="#tok_431" value="NN1"/><!-- New...Press -->
<feat xlink:href="#tok_432" value="PUN"/><!-- New...Press -->
<feat xlink:href="#tok_433" value="NN2"/><!-- New...Press -->
<feat xlink:href="#tok_434" value="PRP"/><!-- New...Press -->
<feat xlink:href="#tok_435" value="DT0"/><!-- New...Press -->
<feat xlink:href="#tok_436" value="PUN"/><!-- New...Press -->
<feat xlink:href="#tok_437" value="ZZ0"/><!-- L...Magazine -->
<feat xlink:href="#tok_438" value="NN1"/><!-- L...Magazine -->
<feat xlink:href="#tok_439" value="PUN"/><!-- L...Magazine -->
<feat xlink:href="#tok_440" value="PRP"/><!-- In...? -->
<feat xlink:href="#tok_441" value="AT0"/><!-- In...? -->
<feat xlink:href="#tok_442" value="NN1"/><!-- In...? -->
<feat xlink:href="#tok_443" value="PRF"/><!-- In...? -->
<feat xlink:href="#tok_444" value="AT0"/><!-- In...? -->
<feat xlink:href="#tok_445" value="NN1"/><!-- In...? -->
<feat xlink:href="#tok_446" value="PUN"/><!-- In...? -->
<feat xlink:href="#tok_447" value="AV0"/><!-- Typically...... -->
<feat xlink:href="#tok_448" value="PRP"/><!-- Typically...... -->
<feat xlink:href="#tok_449" value="AT0"/><!-- Typically...... -->
<feat xlink:href="#tok_450" value="NN1"/><!-- Typically...... -->
<feat xlink:href="#tok_451" value="PRF"/><!-- Typically...... -->
<feat xlink:href="#tok_452" value="AT0"/><!-- Typically...... -->
<feat xlink:href="#tok_453" value="NN1"/><!-- Typically...... -->
<feat xlink:href="#tok_454" value="PUN"/><!-- Typically...... -->
<feat xlink:href="#tok_455" value="NN2"/><!-- Magazines...... -->
<feat xlink:href="#tok_456" value="AV0"/><!-- Magazines...... -->
<feat xlink:href="#tok_457" value="VVB"/><!-- Magazines...... -->
<feat xlink:href="#tok_458" value="DPS"/><!-- Magazines...... -->
<feat xlink:href="#tok_459" value="NN1"/><!-- Magazines...... -->
<feat xlink:href="#tok_460" value="PRP"/><!-- Magazines...... -->
<feat xlink:href="#tok_461" value="PNP"/><!-- Magazines...... -->
<feat xlink:href="#tok_462" value="PUN"/><!-- Magazines...... -->
<feat xlink:href="#tok_463" value="PNP"/><!-- Magazines...... -->
<feat xlink:href="#tok_464" value="VVB"/><!-- Magazines...... -->
<feat xlink:href="#tok_465" value="PNP"/><!-- Magazines...... -->
<feat xlink:href="#tok_466" value="PUN"/><!-- Magazines...... -->
<feat xlink:href="#tok_467" value="PNP"/><!-- Magazines...... -->
<feat xlink:href="#tok_468" value="VDB"/><!-- Magazines...... -->
<feat xlink:href="#tok_469" value="XX0"/><!-- Magazines...... -->
<feat xlink:href="#tok_470" value="VVI"/><!-- Magazines...... -->
<feat xlink:href="#tok_471" value="PNP"/><!-- Magazines...... -->
<feat xlink:href="#tok_472" value="PUN"/><!-- Magazines...... -->
<feat xlink:href="#tok_473" value="PRP"/><!-- Depending...- -->
<feat xlink:href="#tok_474" value="PRP"/><!-- Depending...- -->
<feat xlink:href="#tok_475" value="AT0"/><!-- Depending...- -->
<feat xlink:href="#tok_476" value="NN1"/><!-- Depending...- -->
<feat xlink:href="#tok_477" value="NN1"/><!-- Depending...- -->
<feat xlink:href="#tok_478" value="AJ0"/><!-- Depending...- -->
<feat xlink:href="#tok_479" value="NP0"/><!-- Who.... -->
<feat xlink:href="#tok_480" value="ZZ0"/><!-- Who.... -->
<feat xlink:href="#tok_481" value="VVG"/><!-- Who.... -->
<feat xlink:href="#tok_482" value="AT0"/><!-- Who.... -->
<feat xlink:href="#tok_483" value="NN1"/><!-- Who.... -->
<feat xlink:href="#tok_484" value="PUN"/><!-- Who.... -->
<feat xlink:href="#tok_485" value="PNQ"/><!-- Who.... -->
<feat xlink:href="#tok_486" value="ZZ0"/><!-- Who.... -->
<feat xlink:href="#tok_487" value="VVG"/><!-- Who.... -->
<feat xlink:href="#tok_488" value="AT0"/><!-- Who.... -->
<feat xlink:href="#tok_489" value="NN1"/><!-- Who.... -->
<feat xlink:href="#tok_490" value="PUN"/><!-- Who.... -->
<feat xlink:href="#tok_491" value="CJS"/><!-- So.... -->
<feat xlink:href="#tok_492" value="PNP"/><!-- So.... -->
<feat xlink:href="#tok_493" value="VVZ"/><!-- So.... -->
<feat xlink:href="#tok_494" value="PUN"/><!-- So.... -->
<feat xlink:href="#tok_495" value="AV0"/><!-- So.... -->
<feat xlink:href="#tok_496" value="CRD"/><!-- So.... -->
<feat xlink:href="#tok_497" value="NN1"/><!-- So.... -->
<feat xlink:href="#tok_498" value="PNP"/><!-- So.... -->
<feat xlink:href="#tok_499" value="VVD"/><!-- So.... -->
<feat xlink:href="#tok_500" value="TO0"/><!-- So.... -->
<feat xlink:href="#tok_501" value="VBI"/><!-- So.... -->
<feat xlink:href="#tok_502" value="PRP"/><!-- So.... -->
<feat xlink:href="#tok_503" value="AT0"/><!-- So.... -->
<feat xlink:href="#tok_504" value="NN1"/><!-- So.... -->
<feat xlink:href="#tok_505" value="PUN"/><!-- So.... -->
<feat xlink:href="#tok_506" value="CJC"/><!-- So.... -->
<feat xlink:href="#tok_507" value="PNP"/><!-- So.... -->
<feat xlink:href="#tok_508" value="VHB"/><!-- So.... -->
<feat xlink:href="#tok_509" value="AV0"/><!-- So.... -->
<feat xlink:href="#tok_510" value="VVN"/><!-- So.... -->
<feat xlink:href="#tok_511" value="NN1"/><!-- So.... -->
<feat xlink:href="#tok_512" value="NN2"/><!-- So.... -->
<feat xlink:href="#tok_513" value="PUN"/><!-- So.... -->
<feat xlink:href="#tok_514" value="AV0"/><!-- Completely.... -->
<feat xlink:href="#tok_515" value="PUN"/><!-- Completely.... -->
<feat xlink:href="#tok_516" value="AV0"/><!-- So.... -->
<feat xlink:href="#tok_517" value="AV0"/><!-- So.... -->
<feat xlink:href="#tok_518" value="PNP"/><!-- So.... -->
<feat xlink:href="#tok_519" value="AV0"/><!-- So.... -->
<feat xlink:href="#tok_520" value="VBI"/><!-- So.... -->
<feat xlink:href="#tok_521" value="PRP"/><!-- So.... -->
<feat xlink:href="#tok_522" value="AT0"/><!-- So.... -->
<feat xlink:href="#tok_523" value="NN1"/><!-- Voice -->
<feat xlink:href="#tok_524" value="PRP"/><!-- Voice -->
<feat xlink:href="#tok_525" value="AT0"/><!-- Voice -->
<feat xlink:href="#tok_526" value="NN1"/><!-- Voice -->
<feat xlink:href="#tok_527" value="PUN"/><!-- Voice -->
<feat xlink:href="#tok_528" value="PNP"/><!-- We.... -->
<feat xlink:href="#tok_529" value="VVD"/><!-- We.... -->
<feat xlink:href="#tok_530" value="VVG"/><!-- We.... -->
<feat xlink:href="#tok_531" value="AV0"/><!-- We.... -->
<feat xlink:href="#tok_532" value="PRP"/><!-- We.... -->
<feat xlink:href="#tok_533" value="AT0"/><!-- We.... -->
<feat xlink:href="#tok_534" value="NN1"/><!-- We.... -->
<feat xlink:href="#tok_535" value="PRP"/><!-- We.... -->
<feat xlink:href="#tok_536" value="DT0"/><!-- We.... -->
<feat xlink:href="#tok_537" value="NN1"/><!-- We.... -->
<feat xlink:href="#tok_538" value="PUN"/><!-- We.... -->
<feat xlink:href="#tok_539" value="CJS"/><!-- We.... -->
<feat xlink:href="#tok_540" value="AT0"/><!-- We.... -->
<feat xlink:href="#tok_541" value="NN1"/><!-- We.... -->
<feat xlink:href="#tok_542" value="VBZ"/><!-- We.... -->
<feat xlink:href="#tok_543" value="AT0"/><!-- We.... -->
<feat xlink:href="#tok_544" value="AV0"/><!-- We.... -->
<feat xlink:href="#tok_545" value="AJC"/><!-- We.... -->
<feat xlink:href="#tok_546" value="PUN"/><!-- We.... -->
<feat xlink:href="#tok_547" value="AJC"/><!-- We.... -->
<feat xlink:href="#tok_548" value="NN1"/><!-- We.... -->
<feat xlink:href="#tok_549" value="PRP"/><!-- We.... -->
<feat xlink:href="#tok_550" value="AT0"/><!-- We.... -->
<feat xlink:href="#tok_551" value="NN1"/><!-- We.... -->
<feat xlink:href="#tok_552" value="TO0"/><!-- We.... -->
<feat xlink:href="#tok_553" value="VVI"/><!-- We.... -->
<feat xlink:href="#tok_554" value="PRP"/><!-- We.... -->
<feat xlink:href="#tok_555" value="AJ0"/><!-- We.... -->
<feat xlink:href="#tok_556" value="NN1"/><!-- We.... -->
<feat xlink:href="#tok_557" value="CJC"/><!-- We.... -->
<feat xlink:href="#tok_558" value="XX0"/><!-- We.... -->
<feat xlink:href="#tok_559" value="VVI"/><!-- We.... -->
<feat xlink:href="#tok_560" value="VVN"/><!-- We.... -->
<feat xlink:href="#tok_561" value="PRP"/><!-- We.... -->
<feat xlink:href="#tok_562" value="PNP"/><!-- We.... -->
<feat xlink:href="#tok_563" value="PUN"/><!-- We.... -->
<feat xlink:href="#tok_564" value="VVG"/><!-- Hiring...employees -->
<feat xlink:href="#tok_565" value="NN2"/><!-- Hiring...employees -->
<feat xlink:href="#tok_566" value="NN1"/><!-- Personality.... -->
<feat xlink:href="#tok_567" value="NN1"/><!-- Personality.... -->
<feat xlink:href="#tok_568" value="NN2"/><!-- Personality.... -->
<feat xlink:href="#tok_569" value="VVN"/><!-- Personality.... -->
<feat xlink:href="#tok_570" value="PRP"/><!-- Personality.... -->
<feat xlink:href="#tok_571" value="AJ0"/><!-- Personality.... -->
<feat xlink:href="#tok_572" value="NN1"/><!-- Personality.... -->
<feat xlink:href="#tok_573" value="PUN"/><!-- Personality.... -->
<feat xlink:href="#tok_574" value="NN1"/><!-- Pursuant...- -->
<feat xlink:href="#tok_575" value="PRP"/><!-- Pursuant...- -->
<feat xlink:href="#tok_576" value="DPS"/><!-- Pursuant...- -->
<feat xlink:href="#tok_577" value="NN1"/><!-- Pursuant...- -->
<feat xlink:href="#tok_578" value="NN1"/><!-- Pursuant...- -->
<feat xlink:href="#tok_579" value="PUN"/><!-- Pursuant...- -->
<feat xlink:href="#tok_580" value="PNP"/><!-- Pursuant...- -->
<feat xlink:href="#tok_581" value="AV0"/><!-- Pursuant...- -->
<feat xlink:href="#tok_582" value="VVB"/><!-- Pursuant...- -->
<feat xlink:href="#tok_583" value="AJ0"/><!-- Pursuant...- -->
<feat xlink:href="#tok_584" value="NN0"/><!-- Pursuant...- -->
<feat xlink:href="#tok_585" value="PUN"/><!-- Pursuant...- -->
<feat xlink:href="#tok_586" value="PNP"/><!-- I...- -->
<feat xlink:href="#tok_587" value="VDB"/><!-- I...- -->
<feat xlink:href="#tok_588" value="XX0"/><!-- I...- -->
<feat xlink:href="#tok_589" value="VVI"/><!-- I...- -->
<feat xlink:href="#tok_590" value="CJS"/><!-- I...- -->
<feat xlink:href="#tok_591" value="AT0"/><!-- I...- -->
<feat xlink:href="#tok_592" value="NN1"/><!-- I...- -->
<feat xlink:href="#tok_593" value="VBZ"/><!-- I...- -->
<feat xlink:href="#tok_594" value="AV0"/><!-- I...- -->
<feat xlink:href="#tok_595" value="AJ0"/><!-- I...- -->
<feat xlink:href="#tok_596" value="VVG"/><!-- I...- -->
<feat xlink:href="#tok_597" value="AJ0"/><!-- I...- -->
<feat xlink:href="#tok_598" value="DPS"/><!-- My...- -->
<feat xlink:href="#tok_599" value="NN1"/><!-- My...- -->
<feat xlink:href="#tok_600" value="VHZ"/><!-- My...- -->
<feat xlink:href="#tok_601" value="VVN"/><!-- My...- -->
<feat xlink:href="#tok_602" value="AJ0"/><!-- My...- -->
<feat xlink:href="#tok_603" value="PUN"/><!-- My...- -->
<feat xlink:href="#tok_604" value="AJ0"/><!-- My...- -->
<feat xlink:href="#tok_605" value="NN2"/><!-- My...- -->
<feat xlink:href="#tok_606" value="AJ0"/><!-- My...- -->
<feat xlink:href="#tok_607" value="AJ0"/><!-- -...- -->
<feat xlink:href="#tok_608" value="AJ0"/><!-- -...- -->
<feat xlink:href="#tok_609" value="NN2"/><!-- -...- -->
<feat xlink:href="#tok_610" value="AJ0"/><!-- -...- -->
<feat xlink:href="#tok_611" value="AJ0"/><!-- -...? -->
<feat xlink:href="#tok_612" value="CJC"/><!-- -...? -->
<feat xlink:href="#tok_613" value="PNP"/><!-- -...? -->
<feat xlink:href="#tok_614" value="UNC"/><!-- -...? -->
<feat xlink:href="#tok_615" value="PRP"/><!-- -...? -->
<feat xlink:href="#tok_616" value="AT0"/><!-- -...? -->
<feat xlink:href="#tok_617" value="NN1"/><!-- -...? -->
<feat xlink:href="#tok_618" value="PUN"/><!-- -...? -->
<feat xlink:href="#tok_619" value="PNP"/><!-- -...? -->
<feat xlink:href="#tok_620" value="VM0"/><!-- -...? -->
<feat xlink:href="#tok_621" value="VVI"/><!-- -...? -->
<feat xlink:href="#tok_622" value="PUN"/><!-- -...? -->
<feat xlink:href="#tok_623" value="NP0"/><!-- -...? -->
<feat xlink:href="#tok_624" value="AV0"/><!-- -...? -->
<feat xlink:href="#tok_625" value="PUN"/><!-- -...? -->
<feat xlink:href="#tok_626" value="PNP"/><!-- -...? -->
<feat xlink:href="#tok_627" value="VM0"/><!-- -...? -->
<feat xlink:href="#tok_628" value="XX0"/><!-- -...? -->
<feat xlink:href="#tok_629" value="VVI"/><!-- -...? -->
<feat xlink:href="#tok_630" value="PNP"/><!-- -...? -->
<feat xlink:href="#tok_631" value="PUN"/><!-- -...? -->
<feat xlink:href="#tok_632" value="UNC"/><!-- -...? -->
<feat xlink:href="#tok_633" value="CRD"/><!-- I...? -->
<feat xlink:href="#tok_634" value="NN0"/><!-- I...? -->
<feat xlink:href="#tok_635" value="PRP"/><!-- I...? -->
<feat xlink:href="#tok_636" value="PUN"/><!-- I...? -->
<feat xlink:href="#tok_637" value="NP0"/><!-- I...? -->
<feat xlink:href="#tok_638" value="VBB"/><!-- I...? -->
<feat xlink:href="#tok_639" value="PNP"/><!-- I...? -->
<feat xlink:href="#tok_640" value="AJ0"/><!-- I...? -->
<feat xlink:href="#tok_641" value="PUN"/><!-- I...? -->
<feat xlink:href="#tok_642" value="PNP"/><!-- I...- -->
<feat xlink:href="#tok_643" value="VM0"/><!-- I...- -->
<feat xlink:href="#tok_644" value="XX0"/><!-- I...- -->
<feat xlink:href="#tok_645" value="VVI"/><!-- I...- -->
<feat xlink:href="#tok_646" value="PNP"/><!-- I...- -->
<feat xlink:href="#tok_647" value="PUN"/><!-- I...- -->
<feat xlink:href="#tok_648" value="PNP"/><!-- I...- -->
<feat xlink:href="#tok_649" value="VVB"/><!-- I...- -->
<feat xlink:href="#tok_650" value="AJ0"/><!-- I...- -->
<feat xlink:href="#tok_651" value="AVQ"/><!-- Why...? -->
<feat xlink:href="#tok_652" value="XX0"/><!-- Why...? -->
<feat xlink:href="#tok_653" value="PUN"/><!-- Why...? -->
<feat xlink:href="#tok_654" value="CJS"/><!-- Because...- -->
<feat xlink:href="#tok_655" value="PNP"/><!-- Because...- -->
<feat xlink:href="#tok_656" value="VVB"/><!-- Because...- -->
<feat xlink:href="#tok_657" value="PNI"/><!-- Because...- -->
<feat xlink:href="#tok_658" value="PNQ"/><!-- Because...- -->
<feat xlink:href="#tok_659" value="ZZ0"/><!-- Because...- -->
<feat xlink:href="#tok_660" value="VVG"/><!-- Because...- -->
<feat xlink:href="#tok_661" value="TO0"/><!-- Because...- -->
<feat xlink:href="#tok_662" value="VVI"/><!-- Because...- -->
<feat xlink:href="#tok_663" value="NN0"/><!-- Because...- -->
<feat xlink:href="#tok_664" value="AV0"/><!-- Because...- -->
<feat xlink:href="#tok_665" value="CJC"/><!-- Because...- -->
<feat xlink:href="#tok_666" value="AV0"/><!-- Because...- -->
<feat xlink:href="#tok_667" value="PUN"/><!-- Because...- -->
<feat xlink:href="#tok_668" value="PNP"/><!-- We...- -->
<feat xlink:href="#tok_669" value="VHB"/><!-- We...- -->
<feat xlink:href="#tok_670" value="AJ0"/><!-- We...- -->
<feat xlink:href="#tok_671" value="AVQ"/><!-- How...? -->
<feat xlink:href="#tok_672" value="VM0"/><!-- How...? -->
<feat xlink:href="#tok_673" value="PNP"/><!-- How...? -->
<feat xlink:href="#tok_674" value="VVI"/><!-- How...? -->
<feat xlink:href="#tok_675" value="CJS"/><!-- How...? -->
<feat xlink:href="#tok_676" value="PNP"/><!-- How...? -->
<feat xlink:href="#tok_677" value="VM0"/><!-- How...? -->
<feat xlink:href="#tok_678" value="CJC"/><!-- How...? -->
<feat xlink:href="#tok_679" value="VM0"/><!-- How...? -->
<feat xlink:href="#tok_680" value="XX0"/><!-- How...? -->
<feat xlink:href="#tok_681" value="PUN"/><!-- How...? -->
<feat xlink:href="#tok_682" value="AV0"/><!-- Just...? -->
<feat xlink:href="#tok_683" value="PRP"/><!-- Just...? -->
<feat xlink:href="#tok_684" value="VVG"/><!-- Just...? -->
<feat xlink:href="#tok_685" value="PRP"/><!-- Just...? -->
<feat xlink:href="#tok_686" value="PNP"/><!-- Just...? -->
<feat xlink:href="#tok_687" value="PUN"/><!-- Just...? -->
<feat xlink:href="#tok_688" value="VHG"/><!-- Having.... -->
<feat xlink:href="#tok_689" value="VBN"/><!-- Having.... -->
<feat xlink:href="#tok_690" value="AT0"/><!-- Having.... -->
<feat xlink:href="#tok_691" value="NN1"/><!-- Having.... -->
<feat xlink:href="#tok_692" value="PRP"/><!-- Having.... -->
<feat xlink:href="#tok_693" value="AT0"/><!-- Having.... -->
<feat xlink:href="#tok_694" value="NN1"/><!-- Having.... -->
<feat xlink:href="#tok_695" value="PRF"/><!-- Having.... -->
<feat xlink:href="#tok_696" value="NN2"/><!-- Having.... -->
<feat xlink:href="#tok_697" value="VVZ"/><!-- Having.... -->
<feat xlink:href="#tok_698" value="PNP"/><!-- Having.... -->
<feat xlink:href="#tok_699" value="AT0"/><!-- Having.... -->
<feat xlink:href="#tok_700" value="NN1"/><!-- Having.... -->
<feat xlink:href="#tok_701" value="AVP"/><!-- Having.... -->
<feat xlink:href="#tok_702" value="PRP"/><!-- Having.... -->
<feat xlink:href="#tok_703" value="PNP"/><!-- Having.... -->
<feat xlink:href="#tok_704" value="PUN"/><!-- Having.... -->
<feat xlink:href="#tok_705" value="CJC"/><!-- And...! -->
<feat xlink:href="#tok_706" value="PNP"/><!-- And...! -->
<feat xlink:href="#tok_707" value="ZZ0"/><!-- And...! -->
<feat xlink:href="#tok_708" value="VBN"/><!-- And...! -->
<feat xlink:href="#tok_709" value="AV0"/><!-- And...! -->
<feat xlink:href="#tok_710" value="PUN"/><!-- And...! -->
<feat xlink:href="#tok_711" value="CJC"/><!-- And...right -->
<feat xlink:href="#tok_712" value="PNP"/><!-- And...right -->
<feat xlink:href="#tok_713" value="VHB"/><!-- And...right -->
<feat xlink:href="#tok_714" value="VVN"/><!-- And...right -->
<feat xlink:href="#tok_715" value="PNP"/><!-- And...right -->
<feat xlink:href="#tok_716" value="VVI"/><!-- And...right -->
<feat xlink:href="#tok_717" value="DT0"/><!-- And...right -->
<feat xlink:href="#tok_718" value="NN2"/><!-- And...right -->
<feat xlink:href="#tok_719" value="PUN"/><!-- And...right -->
<feat xlink:href="#tok_720" value="CJC"/><!-- And...right -->
<feat xlink:href="#tok_721" value="AV0"/><!-- And...right -->
<feat xlink:href="#tok_722" value="PNP"/><!-- And...right -->
<feat xlink:href="#tok_723" value="ZZ0"/><!-- And...right -->
<feat xlink:href="#tok_724" value="VBN"/><!-- And...right -->
<feat xlink:href="#tok_725" value="AV0"/><!-- And...right -->
<feat xlink:href="#tok_726" value="PNP"/><!-- They...! -->
<feat xlink:href="#tok_727" value="VVZ"/><!-- They...! -->
<feat xlink:href="#tok_728" value="VBN"/><!-- They...! -->
<feat xlink:href="#tok_729" value="AJ0"/><!-- They...! -->
<feat xlink:href="#tok_730" value="NN1"/><!-- They...! -->
<feat xlink:href="#tok_731" value="PRP"/><!-- They...! -->
<feat xlink:href="#tok_732" value="AT0"/><!-- They...! -->
<feat xlink:href="#tok_733" value="NN2"/><!-- They...! -->
<feat xlink:href="#tok_734" value="PUN"/><!-- They...! -->
<feat xlink:href="#tok_735" value="PNP"/><!-- I...together -->
<feat xlink:href="#tok_736" value="AV0"/><!-- I...together -->
<feat xlink:href="#tok_737" value="VHB"/><!-- I...together -->
<feat xlink:href="#tok_738" value="AT0"/><!-- I...together -->
<feat xlink:href="#tok_739" value="NN1"/><!-- I...together -->
<feat xlink:href="#tok_740" value="PNP"/><!-- I...together -->
<feat xlink:href="#tok_741" value="VVB"/><!-- I...together -->
<feat xlink:href="#tok_742" value="AVP"/><!-- I...together -->
<feat xlink:href="#tok_743" value="PRP"/><!-- I...together -->
<feat xlink:href="#tok_744" value="PNP"/><!-- I...together -->
<feat xlink:href="#tok_745" value="PUN"/><!-- I...together -->
<feat xlink:href="#tok_746" value="AT0"/><!-- I...together -->
<feat xlink:href="#tok_747" value="NN1"/><!-- I...together -->
<feat xlink:href="#tok_748" value="CJT"/><!-- I...together -->
<feat xlink:href="#tok_749" value="PNP"/><!-- I...together -->
<feat xlink:href="#tok_750" value="VVD"/><!-- I...together -->
<feat xlink:href="#tok_751" value="PUN"/><!-- I...together -->
<feat xlink:href="#tok_752" value="AV0"/><!-- I...together -->
<feat xlink:href="#tok_753" value="CJT"/><!-- I...together -->
<feat xlink:href="#tok_754" value="PNP"/><!-- I...together -->
<feat xlink:href="#tok_755" value="VHB"/><!-- I...together -->
<feat xlink:href="#tok_756" value="AT0"/><!-- I...together -->
<feat xlink:href="#tok_757" value="NN1"/><!-- I...together -->
<feat xlink:href="#tok_758" value="AJ0"/><!-- I...together -->
<feat xlink:href="#tok_759" value="NP0"/><!-- I...together -->
<feat xlink:href="#tok_760" value="CJC"/><!-- I...together -->
<feat xlink:href="#tok_761" value="PNP"/><!-- I...together -->
<feat xlink:href="#tok_762" value="VVD"/><!-- I...together -->
<feat xlink:href="#tok_763" value="PNP"/><!-- I...together -->
<feat xlink:href="#tok_764" value="AV0"/><!-- I...together -->
<feat xlink:href="#tok_765" value="PNP"/><!-- I.... -->
<feat xlink:href="#tok_766" value="VDB"/><!-- I.... -->
<feat xlink:href="#tok_767" value="XX0"/><!-- I.... -->
<feat xlink:href="#tok_768" value="VVI"/><!-- I.... -->
<feat xlink:href="#tok_769" value="CJS"/><!-- I.... -->
<feat xlink:href="#tok_770" value="PNP"/><!-- I.... -->
<feat xlink:href="#tok_771" value="CRD"/><!-- I.... -->
<feat xlink:href="#tok_772" value="VVB"/><!-- I.... -->
<feat xlink:href="#tok_773" value="TO0"/><!-- I.... -->
<feat xlink:href="#tok_774" value="VVI"/><!-- I.... -->
<feat xlink:href="#tok_775" value="PNI"/><!-- I.... -->
<feat xlink:href="#tok_776" value="PUN"/><!-- I.... -->
<feat xlink:href="#tok_777" value="AV0"/><!-- No...- -->
<feat xlink:href="#tok_778" value="PUN"/><!-- No...- -->
<feat xlink:href="#tok_779" value="AV0"/><!-- No...- -->
<feat xlink:href="#tok_780" value="PUN"/><!-- No...- -->
<feat xlink:href="#tok_781" value="AV0"/><!-- No...- -->
<feat xlink:href="#tok_782" value="PUN"/><!-- No...- -->
<feat xlink:href="#tok_783" value="AV0"/><!-- No...- -->
<feat xlink:href="#tok_784" value="AJ0"/><!-- No...- -->
<feat xlink:href="#tok_785" value="PNP"/><!-- I.... -->
<feat xlink:href="#tok_786" value="VM0"/><!-- I.... -->
<feat xlink:href="#tok_787" value="VVI"/><!-- I.... -->
<feat xlink:href="#tok_788" value="PNP"/><!-- I.... -->
<feat xlink:href="#tok_789" value="PUN"/><!-- I.... -->
<feat xlink:href="#tok_790" value="CJS"/><!-- So...- -->
<feat xlink:href="#tok_791" value="PNP"/><!-- So...- -->
<feat xlink:href="#tok_792" value="VHB"/><!-- So...- -->
<feat xlink:href="#tok_793" value="AT0"/><!-- So...- -->
<feat xlink:href="#tok_794" value="NN1"/><!-- So...- -->
<feat xlink:href="#tok_795" value="CJT"/><!-- So...- -->
<feat xlink:href="#tok_796" value="PNP"/><!-- So...- -->
<feat xlink:href="#tok_797" value="AJ0"/><!-- So...- -->
<feat xlink:href="#tok_798" value="VM0"/><!-- Could...- -->
<feat xlink:href="#tok_799" value="PNP"/><!-- Could...- -->
<feat xlink:href="#tok_800" value="VHI"/><!-- Could...- -->
<feat xlink:href="#tok_801" value="AT0"/><!-- Could...- -->
<feat xlink:href="#tok_802" value="NN1"/><!-- Could...- -->
<feat xlink:href="#tok_803" value="PUN"/><!-- Could...- -->
<feat xlink:href="#tok_804" value="XX0"/><!-- Could...- -->
<feat xlink:href="#tok_805" value="AV0"/><!-- Could...- -->
<feat xlink:href="#tok_806" value="PNI"/><!-- Could...- -->
<feat xlink:href="#tok_807" value="CJT"/><!-- Could...- -->
<feat xlink:href="#tok_808" value="ZZ0"/><!-- Could...- -->
<feat xlink:href="#tok_809" value="VVN"/><!-- Could...- -->
<feat xlink:href="#tok_810" value="AVP"/><!-- Could...- -->
<feat xlink:href="#tok_811" value="PUN"/><!-- Could...- -->
<feat xlink:href="#tok_812" value="CJC"/><!-- Could...- -->
<feat xlink:href="#tok_813" value="AV0"/><!-- Could...- -->
<feat xlink:href="#tok_814" value="PNI"/><!-- Could...- -->
<feat xlink:href="#tok_815" value="CJT"/><!-- Could...- -->
<feat xlink:href="#tok_816" value="PNP"/><!-- Could...- -->
<feat xlink:href="#tok_817" value="AJ0"/><!-- Could...- -->
<feat xlink:href="#tok_818" value="PNP"/><!-- I.... -->
<feat xlink:href="#tok_819" value="AV0"/><!-- I.... -->
<feat xlink:href="#tok_820" value="VVB"/><!-- I.... -->
<feat xlink:href="#tok_821" value="PNP"/><!-- I.... -->
<feat xlink:href="#tok_822" value="PUN"/><!-- I.... -->
<feat xlink:href="#tok_823" value="AT0"/><!-- The...- -->
<feat xlink:href="#tok_824" value="NN2"/><!-- The...- -->
<feat xlink:href="#tok_825" value="VBB"/><!-- The...- -->
<feat xlink:href="#tok_826" value="AJ0"/><!-- The...- -->
<feat xlink:href="#tok_827" value="VBB"/><!-- Be.... -->
<feat xlink:href="#tok_828" value="AJ0"/><!-- Be.... -->
<feat xlink:href="#tok_829" value="PUN"/><!-- Be.... -->
<feat xlink:href="#tok_830" value="PNP"/><!-- He.... -->
<feat xlink:href="#tok_831" value="AV0"/><!-- He.... -->
<feat xlink:href="#tok_832" value="VVB"/><!-- He.... -->
<feat xlink:href="#tok_833" value="PNP"/><!-- He.... -->
<feat xlink:href="#tok_834" value="VVI"/><!-- He.... -->
<feat xlink:href="#tok_835" value="PNI"/><!-- He.... -->
<feat xlink:href="#tok_836" value="AVP"/><!-- He.... -->
<feat xlink:href="#tok_837" value="PUN"/><!-- . -->
<feat xlink:href="#tok_838" value="PNP"/><!-- You...? -->
<feat xlink:href="#tok_839" value="ZZ0"/><!-- You...? -->
<feat xlink:href="#tok_840" value="VBI"/><!-- You...? -->
<feat xlink:href="#tok_841" value="AJ0"/><!-- You...? -->
<feat xlink:href="#tok_842" value="PUN"/><!-- You...? -->
<feat xlink:href="#tok_843" value="PNP"/><!-- You.... -->
<feat xlink:href="#tok_844" value="VM0"/><!-- You.... -->
<feat xlink:href="#tok_845" value="XX0"/><!-- You.... -->
<feat xlink:href="#tok_846" value="VVI"/><!-- You.... -->
<feat xlink:href="#tok_847" value="PNP"/><!-- You.... -->
<feat xlink:href="#tok_848" value="PUN"/><!-- You.... -->
<feat xlink:href="#tok_849" value="VBZ"/><!-- Is...? -->
<feat xlink:href="#tok_850" value="PNP"/><!-- Is...? -->
<feat xlink:href="#tok_851" value="AJ0"/><!-- Is...? -->
<feat xlink:href="#tok_852" value="NN2"/><!-- Is...? -->
<feat xlink:href="#tok_853" value="PNP"/><!-- Is...? -->
<feat xlink:href="#tok_854" value="VVB"/><!-- Is...? -->
<feat xlink:href="#tok_855" value="PUN"/><!-- Is...? -->
<feat xlink:href="#tok_856" value="ITJ"/><!-- Yeah.... -->
<feat xlink:href="#tok_857" value="PUN"/><!-- . -->
<feat xlink:href="#tok_858" value="DTQ"/><!-- What...? -->
<feat xlink:href="#tok_859" value="VM0"/><!-- What...? -->
<feat xlink:href="#tok_860" value="AT0"/><!-- What...? -->
<feat xlink:href="#tok_861" value="NN1"/><!-- What...? -->
<feat xlink:href="#tok_862" value="PRP"/><!-- What...? -->
<feat xlink:href="#tok_863" value="NP0"/><!-- What...? -->
<feat xlink:href="#tok_864" value="AT0"/><!-- What...? -->
<feat xlink:href="#tok_865" value="AJS"/><!-- What...? -->
<feat xlink:href="#tok_866" value="NN1"/><!-- What...? -->
<feat xlink:href="#tok_867" value="PRP"/><!-- What...? -->
<feat xlink:href="#tok_868" value="AT0"/><!-- What...? -->
<feat xlink:href="#tok_869" value="NN1"/><!-- What...? -->
<feat xlink:href="#tok_870" value="UNC"/><!-- What...? -->
<feat xlink:href="#tok_871" value="VVB"/><!-- What...? -->
<feat xlink:href="#tok_872" value="PRP"/><!-- What...? -->
<feat xlink:href="#tok_873" value="PNP"/><!-- What...? -->
<feat xlink:href="#tok_874" value="PUN"/><!-- What...? -->
<feat xlink:href="#tok_875" value="AT0"/><!-- No...- -->
<feat xlink:href="#tok_876" value="NN1"/><!-- No...- -->
<feat xlink:href="#tok_877" value="VM0"/><!-- No...- -->
<feat xlink:href="#tok_878" value="VVI"/><!-- No...- -->
<feat xlink:href="#tok_879" value="PNI"/><!-- No...- -->
<feat xlink:href="#tok_880" value="AV0"/><!-- No...- -->
<feat xlink:href="#tok_881" value="PRF"/><!-- No...- -->
<feat xlink:href="#tok_882" value="DT0"/><!-- No...- -->
<feat xlink:href="#tok_883" value="AT0"/><!-- No...- -->
<feat xlink:href="#tok_884" value="NN2"/><!-- No...- -->
<feat xlink:href="#tok_885" value="AV0"/><!-- No...- -->
<feat xlink:href="#tok_886" value="AJ0"/><!-- No...- -->
<feat xlink:href="#tok_887" value="AJ0"/><!-- Sure.... -->
<feat xlink:href="#tok_888" value="PUN"/><!-- Sure.... -->
<feat xlink:href="#tok_889" value="AJ0"/><!-- -...- -->
<feat xlink:href="#tok_890" value="CJC"/><!-- -...- -->
<feat xlink:href="#tok_891" value="PNP"/><!-- -...- -->
<feat xlink:href="#tok_892" value="VHB"/><!-- -...- -->
<feat xlink:href="#tok_893" value="AT0"/><!-- -...- -->
<feat xlink:href="#tok_894" value="NN1"/><!-- -...- -->
<feat xlink:href="#tok_895" value="CJT"/><!-- -...- -->
<feat xlink:href="#tok_896" value="PNP"/><!-- -...- -->
<feat xlink:href="#tok_897" value="AV0"/><!-- -...- -->
<feat xlink:href="#tok_898" value="VVB"/><!-- -...- -->
<feat xlink:href="#tok_899" value="AVP"/><!-- -...- -->
<feat xlink:href="#tok_900" value="PUN"/><!-- -...- -->
<feat xlink:href="#tok_901" value="AT0"/><!-- -...- -->
<feat xlink:href="#tok_902" value="NP0"/><!-- MMPI -->
<feat xlink:href="#tok_903" value="PUN"/><!-- MMPI -->
<feat xlink:href="#tok_904" value="AT0"/><!-- The...- -->
<feat xlink:href="#tok_905" value="NN1"/><!-- The...- -->
<feat xlink:href="#tok_906" value="NN0"/><!-- The...- -->
<feat xlink:href="#tok_907" value="CJT"/><!-- The...- -->
<feat xlink:href="#tok_908" value="PNP"/><!-- The...- -->
<feat xlink:href="#tok_909" value="VVB"/><!-- The...- -->
<feat xlink:href="#tok_910" value="PRP"/><!-- The...- -->
<feat xlink:href="#tok_911" value="AJ0"/><!-- The...- -->
<feat xlink:href="#tok_912" value="AVQ"/><!-- How...? -->
<feat xlink:href="#tok_913" value="VDD"/><!-- How...? -->
<feat xlink:href="#tok_914" value="PNP"/><!-- How...? -->
<feat xlink:href="#tok_915" value="VVI"/><!-- How...? -->
<feat xlink:href="#tok_916" value="DT0"/><!-- How...? -->
<feat xlink:href="#tok_917" value="NN2"/><!-- How...? -->
<feat xlink:href="#tok_918" value="PUN"/><!-- How...? -->
<feat xlink:href="#tok_919" value="AVQ"/><!-- Where...- -->
<feat xlink:href="#tok_920" value="VDD"/><!-- Where...- -->
<feat xlink:href="#tok_921" value="PNP"/><!-- Where...- -->
<feat xlink:href="#tok_922" value="VVI"/><!-- Where...- -->
<feat xlink:href="#tok_923" value="PNP"/><!-- Where...- -->
<feat xlink:href="#tok_924" value="PUN"/><!-- Where...- -->
<feat xlink:href="#tok_925" value="PNP"/><!-- You...- -->
<feat xlink:href="#tok_926" value="VVB"/><!-- You...- -->
<feat xlink:href="#tok_927" value="AT0"/><!-- You...- -->
<feat xlink:href="#tok_928" value="NN1"/><!-- You...- -->
<feat xlink:href="#tok_929" value="PRP"/><!-- You...- -->
<feat xlink:href="#tok_930" value="VVG"/><!-- You...- -->
<feat xlink:href="#tok_931" value="NN2"/><!-- You...- -->
<feat xlink:href="#tok_932" value="CJC"/><!-- You...- -->
<feat xlink:href="#tok_933" value="VVG"/><!-- You...- -->
<feat xlink:href="#tok_934" value="NN2"/><!-- You...- -->
<feat xlink:href="#tok_935" value="AJ0"/><!-- You...- -->
<feat xlink:href="#tok_936" value="CJC"/><!-- And.... -->
<feat xlink:href="#tok_937" value="PNP"/><!-- And.... -->
<feat xlink:href="#tok_938" value="UNC"/><!-- And.... -->
<feat xlink:href="#tok_939" value="AT0"/><!-- And.... -->
<feat xlink:href="#tok_940" value="NN1"/><!-- And.... -->
<feat xlink:href="#tok_941" value="PRF"/><!-- And.... -->
<feat xlink:href="#tok_942" value="NN2"/><!-- And.... -->
<feat xlink:href="#tok_943" value="PUN"/><!-- And.... -->
<feat xlink:href="#tok_944" value="PRF"/><!-- Of...- -->
<feat xlink:href="#tok_945" value="DT0"/><!-- Of...- -->
<feat xlink:href="#tok_946" value="PUN"/><!-- Of...- -->
<feat xlink:href="#tok_947" value="DT0"/><!-- Of...- -->
<feat xlink:href="#tok_948" value="NN2"/><!-- Of...- -->
<feat xlink:href="#tok_949" value="AJ0"/><!-- Of...- -->
<feat xlink:href="#tok_950" value="DTQ"/><!-- What...…. -->
<feat xlink:href="#tok_951" value="ZZ0"/><!-- What...…. -->
<feat xlink:href="#tok_952" value="DPS"/><!-- What...…. -->
<feat xlink:href="#tok_953" value="AJ0"/><!-- What...…. -->
<feat xlink:href="#tok_954" value="NN1"/><!-- What...…. -->
<feat xlink:href="#tok_955" value="PUN"/><!-- What...…. -->
<feat xlink:href="#tok_956" value="PNP"/><!-- I...…. -->
<feat xlink:href="#tok_957" value="VDB"/><!-- I...…. -->
<feat xlink:href="#tok_958" value="XX0"/><!-- I...…. -->
<feat xlink:href="#tok_959" value="VVI"/><!-- I...…. -->
<feat xlink:href="#tok_960" value="PUN"/><!-- I...…. -->
<feat xlink:href="#tok_961" value="AT0"/><!-- I...…. -->
<feat xlink:href="#tok_962" value="NP0"/><!-- I...…. -->
<feat xlink:href="#tok_963" value="NP0"/><!-- I...…. -->
<feat xlink:href="#tok_964" value="NP0"/><!-- I...…. -->
<feat xlink:href="#tok_965" value="ITJ"/><!-- Yeah...? -->
<feat xlink:href="#tok_966" value="PUN"/><!-- Yeah...? -->
<feat xlink:href="#tok_967" value="PNP"/><!-- Yeah...? -->
<feat xlink:href="#tok_968" value="VVB"/><!-- Yeah...? -->
<feat xlink:href="#tok_969" value="NP0"/><!-- Yeah...? -->
<feat xlink:href="#tok_970" value="NP0"/><!-- Yeah...? -->
<feat xlink:href="#tok_971" value="PUN"/><!-- Yeah...? -->
<feat xlink:href="#tok_972" value="DTQ"/><!-- What...? -->
<feat xlink:href="#tok_973" value="VM0"/><!-- What...? -->
<feat xlink:href="#tok_974" value="AV0"/><!-- What...? -->
<feat xlink:href="#tok_975" value="VBI"/><!-- What...? -->
<feat xlink:href="#tok_976" value="AT0"/><!-- What...? -->
<feat xlink:href="#tok_977" value="NN1"/><!-- What...? -->
<feat xlink:href="#tok_978" value="PRF"/><!-- What...? -->
<feat xlink:href="#tok_979" value="PUN"/><!-- What...? -->
<feat xlink:href="#tok_980" value="CRD"/><!-- I.... -->
<feat xlink:href="#tok_981" value="ZZ0"/><!-- I.... -->
<feat xlink:href="#tok_982" value="XX0"/><!-- I.... -->
<feat xlink:href="#tok_983" value="AJ0"/><!-- I.... -->
<feat xlink:href="#tok_984" value="DTQ"/><!-- I.... -->
<feat xlink:href="#tok_985" value="PNI"/><!-- I.... -->
<feat xlink:href="#tok_986" value="PNP"/><!-- I.... -->
<feat xlink:href="#tok_987" value="VVD"/><!-- I.... -->
<feat xlink:href="#tok_988" value="PNP"/><!-- I.... -->
<feat xlink:href="#tok_989" value="PUN"/><!-- I.... -->
<feat xlink:href="#tok_990" value="CJC"/><!-- I.... -->
<feat xlink:href="#tok_991" value="AV0"/><!-- I.... -->
<feat xlink:href="#tok_992" value="ZZ0"/><!-- I.... -->
<feat xlink:href="#tok_993" value="AT0"/><!-- I.... -->
<feat xlink:href="#tok_994" value="AJ0"/><!-- I.... -->
<feat xlink:href="#tok_995" value="PUN"/><!-- I.... -->
<feat xlink:href="#tok_996" value="AJ0"/><!-- I.... -->
<feat xlink:href="#tok_997" value="PUN"/><!-- I.... -->
<feat xlink:href="#tok_998" value="AJ0"/><!-- I.... -->
<feat xlink:href="#tok_999" value="NP0"/><!-- I.... -->
<feat xlink:href="#tok_1000" value="NN1"/><!-- I.... -->
<feat xlink:href="#tok_1001" value="AV0"/><!-- I.... -->
<feat xlink:href="#tok_1002" value="PUN"/><!-- I.... -->
<feat xlink:href="#tok_1003" value="AV0"/><!-- Very.... -->
<feat xlink:href="#tok_1004" value="AJ0"/><!-- Very.... -->
<feat xlink:href="#tok_1005" value="PUN"/><!-- Very.... -->
<feat xlink:href="#tok_1006" value="VDB"/><!-- Do...? -->
<feat xlink:href="#tok_1007" value="PNP"/><!-- Do...? -->
<feat xlink:href="#tok_1008" value="VVI"/><!-- Do...? -->
<feat xlink:href="#tok_1009" value="PRP"/><!-- Do...? -->
<feat xlink:href="#tok_1010" value="NN2"/><!-- Do...? -->
<feat xlink:href="#tok_1011" value="PUN"/><!-- Do...? -->
<feat xlink:href="#tok_1012" value="AV0"/><!-- No.... -->
<feat xlink:href="#tok_1013" value="PUN"/><!-- No.... -->
<feat xlink:href="#tok_1014" value="CJS"/><!-- No.... -->
<feat xlink:href="#tok_1015" value="PNP"/><!-- No.... -->
<feat xlink:href="#tok_1016" value="AV0"/><!-- No.... -->
<feat xlink:href="#tok_1017" value="VM0"/><!-- No.... -->
<feat xlink:href="#tok_1018" value="XX0"/><!-- No.... -->
<feat xlink:href="#tok_1019" value="VVI"/><!-- No.... -->
<feat xlink:href="#tok_1020" value="CJC"/><!-- No.... -->
<feat xlink:href="#tok_1021" value="VVI"/><!-- No.... -->
<feat xlink:href="#tok_1022" value="PNP"/><!-- No.... -->
<feat xlink:href="#tok_1023" value="CRD"/><!-- No.... -->
<feat xlink:href="#tok_1024" value="ZZ0"/><!-- &apos;m -->
<feat xlink:href="#tok_1025" value="ITJ"/><!-- &apos;m -->
<feat xlink:href="#tok_1026" value="PUN"/><!-- &apos;m -->
<feat xlink:href="#tok_1027" value="NN1"/><!-- &apos;m -->
<feat xlink:href="#tok_1028" value="ZZ0"/><!-- &apos;m -->
<feat xlink:href="#tok_1029" value="VVG"/><!-- &apos;m -->
<feat xlink:href="#tok_1030" value="AV0"/><!-- &apos;m -->
<feat xlink:href="#tok_1031" value="PRP"/><!-- &apos;m -->
<feat xlink:href="#tok_1032" value="AT0"/><!-- &apos;m -->
<feat xlink:href="#tok_1033" value="NN1"/><!-- &apos;m -->
<feat xlink:href="#tok_1034" value="PUN"/><!-- &apos;m -->
</featList>
</paula>
