<?xml version="1.0" encoding="UTF-8" standalone="no"?>

<!DOCTYPE paula SYSTEM "paula_feat.dtd">
<paula version="1.0">

<header paula_id="ref.GUM.GUM_interview_dungeon.referentSeg_coref_type"/>

<featList xmlns:xlink="http://www.w3.org/1999/xlink" type="type" xml:base="ref.GUM.GUM_interview_dungeon.referentSeg_coref.xml">
	<feat xlink:href="#rel_1" value="coref"/>
	<feat xlink:href="#rel_2" value="bridge"/>
	<feat xlink:href="#rel_3" value="ana"/>
	<feat xlink:href="#rel_4" value="ana"/>
	<feat xlink:href="#rel_5" value="ana"/>
	<feat xlink:href="#rel_6" value="appos"/>
	<feat xlink:href="#rel_7" value="coref"/>
	<feat xlink:href="#rel_8" value="coref"/>
	<feat xlink:href="#rel_9" value="bridge"/>
	<feat xlink:href="#rel_10" value="coref"/>
	<feat xlink:href="#rel_11" value="ana"/>
	<feat xlink:href="#rel_12" value="ana"/>
	<feat xlink:href="#rel_13" value="coref"/>
	<feat xlink:href="#rel_14" value="ana"/>
	<feat xlink:href="#rel_15" value="ana"/>
	<feat xlink:href="#rel_16" value="coref"/>
	<feat xlink:href="#rel_17" value="ana"/>
	<feat xlink:href="#rel_18" value="ana"/>
	<feat xlink:href="#rel_19" value="ana"/>
	<feat xlink:href="#rel_20" value="bridge"/>
	<feat xlink:href="#rel_21" value="bridge"/>
	<feat xlink:href="#rel_22" value="bridge"/>
	<feat xlink:href="#rel_23" value="bridge"/>
	<feat xlink:href="#rel_24" value="bridge"/>
	<feat xlink:href="#rel_25" value="coref"/>
	<feat xlink:href="#rel_26" value="coref"/>
	<feat xlink:href="#rel_27" value="bridge"/>
	<feat xlink:href="#rel_28" value="ana"/>
	<feat xlink:href="#rel_29" value="ana"/>
	<feat xlink:href="#rel_30" value="ana"/>
	<feat xlink:href="#rel_31" value="ana"/>
	<feat xlink:href="#rel_32" value="ana"/>
	<feat xlink:href="#rel_33" value="ana"/>
	<feat xlink:href="#rel_34" value="ana"/>
	<feat xlink:href="#rel_35" value="ana"/>
	<feat xlink:href="#rel_36" value="ana"/>
	<feat xlink:href="#rel_37" value="coref"/>
	<feat xlink:href="#rel_38" value="ana"/>
	<feat xlink:href="#rel_39" value="ana"/>
	<feat xlink:href="#rel_40" value="ana"/>
	<feat xlink:href="#rel_41" value="ana"/>
	<feat xlink:href="#rel_42" value="ana"/>
	<feat xlink:href="#rel_43" value="coref"/>
	<feat xlink:href="#rel_44" value="ana"/>
	<feat xlink:href="#rel_45" value="ana"/>
	<feat xlink:href="#rel_46" value="ana"/>
	<feat xlink:href="#rel_47" value="ana"/>
	<feat xlink:href="#rel_48" value="ana"/>
	<feat xlink:href="#rel_49" value="appos"/>
	<feat xlink:href="#rel_50" value="appos"/>
	<feat xlink:href="#rel_51" value="coref"/>
	<feat xlink:href="#rel_52" value="ana"/>
	<feat xlink:href="#rel_53" value="ana"/>
	<feat xlink:href="#rel_54" value="coref"/>
	<feat xlink:href="#rel_55" value="coref"/>
	<feat xlink:href="#rel_56" value="bridge"/>
	<feat xlink:href="#rel_57" value="ana"/>
	<feat xlink:href="#rel_58" value="ana"/>
	<feat xlink:href="#rel_59" value="bridge"/>
	<feat xlink:href="#rel_60" value="bridge"/>
	<feat xlink:href="#rel_61" value="ana"/>
	<feat xlink:href="#rel_62" value="coref"/>
	<feat xlink:href="#rel_63" value="coref"/>
	<feat xlink:href="#rel_64" value="coref"/>
	<feat xlink:href="#rel_65" value="coref"/>
	<feat xlink:href="#rel_66" value="coref"/>
	<feat xlink:href="#rel_67" value="coref"/>
	<feat xlink:href="#rel_68" value="ana"/>
	<feat xlink:href="#rel_69" value="ana"/>
	<feat xlink:href="#rel_70" value="ana"/>
	<feat xlink:href="#rel_71" value="ana"/>
	<feat xlink:href="#rel_72" value="ana"/>
	<feat xlink:href="#rel_73" value="ana"/>
	<feat xlink:href="#rel_74" value="ana"/>
	<feat xlink:href="#rel_75" value="ana"/>
	<feat xlink:href="#rel_76" value="ana"/>
	<feat xlink:href="#rel_77" value="bridge"/>
	<feat xlink:href="#rel_78" value="ana"/>
	<feat xlink:href="#rel_79" value="ana"/>
	<feat xlink:href="#rel_80" value="ana"/>
	<feat xlink:href="#rel_81" value="ana"/>
	<feat xlink:href="#rel_82" value="ana"/>
	<feat xlink:href="#rel_83" value="ana"/>
	<feat xlink:href="#rel_84" value="ana"/>
	<feat xlink:href="#rel_85" value="coref"/>
	<feat xlink:href="#rel_86" value="ana"/>
	<feat xlink:href="#rel_87" value="ana"/>
	<feat xlink:href="#rel_88" value="ana"/>
	<feat xlink:href="#rel_89" value="ana"/>
	<feat xlink:href="#rel_90" value="ana"/>
	<feat xlink:href="#rel_91" value="ana"/>
	<feat xlink:href="#rel_92" value="coref"/>
	<feat xlink:href="#rel_93" value="ana"/>
	<feat xlink:href="#rel_94" value="coref"/>
	<feat xlink:href="#rel_95" value="ana"/>
	<feat xlink:href="#rel_96" value="ana"/>
	<feat xlink:href="#rel_97" value="ana"/>
	<feat xlink:href="#rel_98" value="ana"/>
	<feat xlink:href="#rel_99" value="ana"/>
	<feat xlink:href="#rel_100" value="ana"/>
	<feat xlink:href="#rel_101" value="coref"/>
	<feat xlink:href="#rel_102" value="bridge"/>
	<feat xlink:href="#rel_103" value="bridge"/>
	<feat xlink:href="#rel_104" value="bridge"/>
	<feat xlink:href="#rel_105" value="ana"/>
	<feat xlink:href="#rel_106" value="bridge"/>
	<feat xlink:href="#rel_107" value="ana"/>
	<feat xlink:href="#rel_108" value="ana"/>
	<feat xlink:href="#rel_109" value="ana"/>
	<feat xlink:href="#rel_110" value="ana"/>
	<feat xlink:href="#rel_111" value="ana"/>
	<feat xlink:href="#rel_112" value="ana"/>
	<feat xlink:href="#rel_113" value="ana"/>
	<feat xlink:href="#rel_114" value="ana"/>
	<feat xlink:href="#rel_115" value="ana"/>
	<feat xlink:href="#rel_116" value="ana"/>
	<feat xlink:href="#rel_117" value="ana"/>
	<feat xlink:href="#rel_118" value="ana"/>
	<feat xlink:href="#rel_119" value="ana"/>
	<feat xlink:href="#rel_120" value="ana"/>
	<feat xlink:href="#rel_121" value="ana"/>
	<feat xlink:href="#rel_122" value="ana"/>
	<feat xlink:href="#rel_123" value="ana"/>
	<feat xlink:href="#rel_124" value="ana"/>
	<feat xlink:href="#rel_125" value="ana"/>
	<feat xlink:href="#rel_126" value="bridge"/>
	<feat xlink:href="#rel_127" value="bridge"/>
	<feat xlink:href="#rel_128" value="coref"/>
	<feat xlink:href="#rel_129" value="bridge"/>
	<feat xlink:href="#rel_130" value="bridge"/>
	<feat xlink:href="#rel_131" value="bridge"/>
	<feat xlink:href="#rel_132" value="coref"/>
	<feat xlink:href="#rel_133" value="coref"/>
	<feat xlink:href="#rel_134" value="ana"/>
	<feat xlink:href="#rel_135" value="coref"/>
	<feat xlink:href="#rel_136" value="coref"/>
	<feat xlink:href="#rel_137" value="coref"/>
	<feat xlink:href="#rel_138" value="bridge"/>
	<feat xlink:href="#rel_139" value="coref"/>
	<feat xlink:href="#rel_140" value="ana"/>
	<feat xlink:href="#rel_141" value="ana"/>
	<feat xlink:href="#rel_142" value="ana"/>
	<feat xlink:href="#rel_143" value="coref"/>
	<feat xlink:href="#rel_144" value="coref"/>
	<feat xlink:href="#rel_145" value="ana"/>
	<feat xlink:href="#rel_146" value="ana"/>
	<feat xlink:href="#rel_147" value="coref"/>
	<feat xlink:href="#rel_148" value="coref"/>
	<feat xlink:href="#rel_149" value="ana"/>
	<feat xlink:href="#rel_150" value="coref"/>
	<feat xlink:href="#rel_151" value="ana"/>
	<feat xlink:href="#rel_152" value="coref"/>
	<feat xlink:href="#rel_153" value="bridge"/>
	<feat xlink:href="#rel_154" value="appos"/>
	<feat xlink:href="#rel_155" value="coref"/>
	<feat xlink:href="#rel_156" value="coref"/>
	<feat xlink:href="#rel_157" value="coref"/>
	<feat xlink:href="#rel_158" value="ana"/>
	<feat xlink:href="#rel_159" value="coref"/>
	<feat xlink:href="#rel_160" value="coref"/>
	<feat xlink:href="#rel_161" value="coref"/>
	<feat xlink:href="#rel_162" value="coref"/>
	<feat xlink:href="#rel_163" value="bridge"/>
	<feat xlink:href="#rel_164" value="ana"/>
	<feat xlink:href="#rel_165" value="ana"/>
	<feat xlink:href="#rel_166" value="coref"/>
	<feat xlink:href="#rel_167" value="ana"/>
	<feat xlink:href="#rel_168" value="ana"/>
	<feat xlink:href="#rel_169" value="ana"/>
	<feat xlink:href="#rel_170" value="ana"/>
	<feat xlink:href="#rel_171" value="ana"/>
	<feat xlink:href="#rel_172" value="ana"/>
	<feat xlink:href="#rel_173" value="ana"/>
	<feat xlink:href="#rel_174" value="ana"/>
	<feat xlink:href="#rel_175" value="ana"/>
	<feat xlink:href="#rel_176" value="ana"/>
	<feat xlink:href="#rel_177" value="ana"/>
	<feat xlink:href="#rel_178" value="ana"/>
	<feat xlink:href="#rel_179" value="ana"/>
	<feat xlink:href="#rel_180" value="ana"/>
	<feat xlink:href="#rel_181" value="ana"/>
	<feat xlink:href="#rel_182" value="ana"/>
	<feat xlink:href="#rel_183" value="ana"/>
</featList>
</paula>
