<?xml version="1.0" standalone="no"?>

<!DOCTYPE paula SYSTEM "paula_rel.dtd">
<paula version="1.0">

<header paula_id="ref.GUM.GUM_interview_dungeon_coref"/>

<relList xmlns:xlink="http://www.w3.org/1999/xlink" type="coref" xml:base="ref.GUM.GUM_interview_dungeon.referentSeg.xml">
	<rel id="rel_1" xlink:href="#referent_2" target="#referent_1"/>
	<rel id="rel_2" xlink:href="#referent_7" target="#referent_6"/>
	<rel id="rel_3" xlink:href="#referent_12" target="#referent_10"/>
	<rel id="rel_4" xlink:href="#referent_16" target="#referent_12"/>
	<rel id="rel_5" xlink:href="#referent_20" target="#referent_17"/>
	<rel id="rel_6" xlink:href="#referent_26" target="#referent_25"/>
	<rel id="rel_7" xlink:href="#referent_27" target="#referent_26"/>
	<rel id="rel_8" xlink:href="#referent_236" target="#referent_18"/>
	<rel id="rel_9" xlink:href="#referent_30" target="#referent_28"/>
	<rel id="rel_10" xlink:href="#referent_31" target="#referent_28"/>
	<rel id="rel_11" xlink:href="#referent_33" target="#referent_32"/>
	<rel id="rel_12" xlink:href="#referent_34" target="#referent_33"/>
	<rel id="rel_13" xlink:href="#referent_36" target="#referent_29"/>
	<rel id="rel_14" xlink:href="#referent_38" target="#referent_235"/>
	<rel id="rel_15" xlink:href="#referent_40" target="#referent_236"/>
	<rel id="rel_16" xlink:href="#referent_41" target="#referent_34"/>
	<rel id="rel_17" xlink:href="#referent_42" target="#referent_41"/>
	<rel id="rel_18" xlink:href="#referent_46" target="#referent_31"/>
	<rel id="rel_19" xlink:href="#referent_51" target="#referent_50"/>
	<rel id="rel_20" xlink:href="#referent_52" target="#referent_51"/>
	<rel id="rel_21" xlink:href="#referent_53" target="#referent_51"/>
	<rel id="rel_22" xlink:href="#referent_54" target="#referent_51"/>
	<rel id="rel_23" xlink:href="#referent_55" target="#referent_51"/>
	<rel id="rel_24" xlink:href="#referent_56" target="#referent_51"/>
	<rel id="rel_25" xlink:href="#referent_58" target="#referent_57"/>
	<rel id="rel_26" xlink:href="#referent_60" target="#referent_59"/>
	<rel id="rel_27" xlink:href="#referent_65" target="#referent_64"/>
	<rel id="rel_28" xlink:href="#referent_66" target="#referent_67"/>
	<rel id="rel_29" xlink:href="#referent_39" target="#referent_37"/>
	<rel id="rel_30" xlink:href="#referent_69" target="#referent_39"/>
	<rel id="rel_31" xlink:href="#referent_70" target="#referent_69"/>
	<rel id="rel_32" xlink:href="#referent_35" target="#referent_70"/>
	<rel id="rel_33" xlink:href="#referent_44" target="#referent_43"/>
	<rel id="rel_34" xlink:href="#referent_43" target="#referent_35"/>
	<rel id="rel_35" xlink:href="#referent_48" target="#referent_47"/>
	<rel id="rel_36" xlink:href="#referent_49" target="#referent_48"/>
	<rel id="rel_37" xlink:href="#referent_59" target="#referent_71"/>
	<rel id="rel_38" xlink:href="#referent_73" target="#referent_72"/>
	<rel id="rel_39" xlink:href="#referent_74" target="#referent_68"/>
	<rel id="rel_40" xlink:href="#referent_75" target="#referent_74"/>
	<rel id="rel_41" xlink:href="#referent_38" target="#referent_75"/>
	<rel id="rel_42" xlink:href="#referent_77" target="#referent_73"/>
	<rel id="rel_43" xlink:href="#referent_80" target="#referent_44"/>
	<rel id="rel_44" xlink:href="#referent_81" target="#referent_77"/>
	<rel id="rel_45" xlink:href="#referent_82" target="#referent_81"/>
	<rel id="rel_46" xlink:href="#referent_83" target="#referent_82"/>
	<rel id="rel_47" xlink:href="#referent_84" target="#referent_83"/>
	<rel id="rel_48" xlink:href="#referent_85" target="#referent_84"/>
	<rel id="rel_49" xlink:href="#referent_88" target="#referent_87"/>
	<rel id="rel_50" xlink:href="#referent_89" target="#referent_88"/>
	<rel id="rel_51" xlink:href="#referent_92" target="#referent_91"/>
	<rel id="rel_52" xlink:href="#referent_95" target="#referent_94"/>
	<rel id="rel_53" xlink:href="#referent_96" target="#referent_95"/>
	<rel id="rel_54" xlink:href="#referent_98" target="#referent_97"/>
	<rel id="rel_55" xlink:href="#referent_99" target="#referent_96"/>
	<rel id="rel_56" xlink:href="#referent_100" target="#referent_98"/>
	<rel id="rel_57" xlink:href="#referent_101" target="#referent_100"/>
	<rel id="rel_58" xlink:href="#referent_94" target="#referent_234"/>
	<rel id="rel_59" xlink:href="#referent_93" target="#referent_92"/>
	<rel id="rel_60" xlink:href="#referent_102" target="#referent_98"/>
	<rel id="rel_61" xlink:href="#referent_107" target="#referent_106"/>
	<rel id="rel_62" xlink:href="#referent_104" target="#referent_103"/>
	<rel id="rel_63" xlink:href="#referent_103" target="#referent_86"/>
	<rel id="rel_64" xlink:href="#referent_110" target="#referent_27"/>
	<rel id="rel_65" xlink:href="#referent_113" target="#referent_111"/>
	<rel id="rel_66" xlink:href="#referent_114" target="#referent_112"/>
	<rel id="rel_67" xlink:href="#referent_115" target="#referent_114"/>
	<rel id="rel_68" xlink:href="#referent_116" target="#referent_113"/>
	<rel id="rel_69" xlink:href="#referent_117" target="#referent_116"/>
	<rel id="rel_70" xlink:href="#referent_118" target="#referent_117"/>
	<rel id="rel_71" xlink:href="#referent_119" target="#referent_118"/>
	<rel id="rel_72" xlink:href="#referent_121" target="#referent_119"/>
	<rel id="rel_73" xlink:href="#referent_122" target="#referent_115"/>
	<rel id="rel_74" xlink:href="#referent_123" target="#referent_122"/>
	<rel id="rel_75" xlink:href="#referent_124" target="#referent_121"/>
	<rel id="rel_76" xlink:href="#referent_126" target="#referent_85"/>
	<rel id="rel_77" xlink:href="#referent_125" target="#referent_123"/>
	<rel id="rel_78" xlink:href="#referent_128" target="#referent_123"/>
	<rel id="rel_79" xlink:href="#referent_129" target="#referent_128"/>
	<rel id="rel_80" xlink:href="#referent_131" target="#referent_125"/>
	<rel id="rel_81" xlink:href="#referent_233" target="#referent_127"/>
	<rel id="rel_82" xlink:href="#referent_132" target="#referent_130"/>
	<rel id="rel_83" xlink:href="#referent_133" target="#referent_120"/>
	<rel id="rel_84" xlink:href="#referent_134" target="#referent_132"/>
	<rel id="rel_85" xlink:href="#referent_135" target="#referent_129"/>
	<rel id="rel_86" xlink:href="#referent_136" target="#referent_134"/>
	<rel id="rel_87" xlink:href="#referent_137" target="#referent_135"/>
	<rel id="rel_88" xlink:href="#referent_138" target="#referent_136"/>
	<rel id="rel_89" xlink:href="#referent_142" target="#referent_141"/>
	<rel id="rel_90" xlink:href="#referent_145" target="#referent_142"/>
	<rel id="rel_91" xlink:href="#referent_146" target="#referent_144"/>
	<rel id="rel_92" xlink:href="#referent_143" target="#referent_126"/>
	<rel id="rel_93" xlink:href="#referent_139" target="#referent_129"/>
	<rel id="rel_94" xlink:href="#referent_144" target="#referent_133"/>
	<rel id="rel_95" xlink:href="#referent_149" target="#referent_146"/>
	<rel id="rel_96" xlink:href="#referent_150" target="#referent_147"/>
	<rel id="rel_97" xlink:href="#referent_151" target="#referent_148"/>
	<rel id="rel_98" xlink:href="#referent_152" target="#referent_145"/>
	<rel id="rel_99" xlink:href="#referent_153" target="#referent_152"/>
	<rel id="rel_100" xlink:href="#referent_154" target="#referent_150"/>
	<rel id="rel_101" xlink:href="#referent_159" target="#referent_151"/>
	<rel id="rel_102" xlink:href="#referent_156" target="#referent_159"/>
	<rel id="rel_103" xlink:href="#referent_157" target="#referent_159"/>
	<rel id="rel_104" xlink:href="#referent_158" target="#referent_159"/>
	<rel id="rel_105" xlink:href="#referent_155" target="#referent_149"/>
	<rel id="rel_106" xlink:href="#referent_160" target="#referent_159"/>
	<rel id="rel_107" xlink:href="#referent_162" target="#referent_154"/>
	<rel id="rel_108" xlink:href="#referent_181" target="#referent_159"/>
	<rel id="rel_109" xlink:href="#referent_163" target="#referent_161"/>
	<rel id="rel_110" xlink:href="#referent_164" target="#referent_163"/>
	<rel id="rel_111" xlink:href="#referent_180" target="#referent_162"/>
	<rel id="rel_112" xlink:href="#referent_165" target="#referent_164"/>
	<rel id="rel_113" xlink:href="#referent_166" target="#referent_165"/>
	<rel id="rel_114" xlink:href="#referent_167" target="#referent_166"/>
	<rel id="rel_115" xlink:href="#referent_168" target="#referent_167"/>
	<rel id="rel_116" xlink:href="#referent_169" target="#referent_168"/>
	<rel id="rel_117" xlink:href="#referent_170" target="#referent_169"/>
	<rel id="rel_118" xlink:href="#referent_171" target="#referent_170"/>
	<rel id="rel_119" xlink:href="#referent_173" target="#referent_180"/>
	<rel id="rel_120" xlink:href="#referent_174" target="#referent_171"/>
	<rel id="rel_121" xlink:href="#referent_182" target="#referent_172"/>
	<rel id="rel_122" xlink:href="#referent_183" target="#referent_173"/>
	<rel id="rel_123" xlink:href="#referent_175" target="#referent_174"/>
	<rel id="rel_124" xlink:href="#referent_176" target="#referent_175"/>
	<rel id="rel_125" xlink:href="#referent_178" target="#referent_176"/>
	<rel id="rel_126" xlink:href="#referent_185" target="#referent_184"/>
	<rel id="rel_127" xlink:href="#referent_186" target="#referent_184"/>
	<rel id="rel_128" xlink:href="#referent_189" target="#referent_186"/>
	<rel id="rel_129" xlink:href="#referent_232" target="#referent_187"/>
	<rel id="rel_130" xlink:href="#referent_188" target="#referent_187"/>
	<rel id="rel_131" xlink:href="#referent_190" target="#referent_187"/>
	<rel id="rel_132" xlink:href="#referent_191" target="#referent_190"/>
	<rel id="rel_133" xlink:href="#referent_192" target="#referent_189"/>
	<rel id="rel_134" xlink:href="#referent_194" target="#referent_191"/>
	<rel id="rel_135" xlink:href="#referent_195" target="#referent_196"/>
	<rel id="rel_136" xlink:href="#referent_193" target="#referent_192"/>
	<rel id="rel_137" xlink:href="#referent_197" target="#referent_193"/>
	<rel id="rel_138" xlink:href="#referent_198" target="#referent_197"/>
	<rel id="rel_139" xlink:href="#referent_201" target="#referent_199"/>
	<rel id="rel_140" xlink:href="#referent_203" target="#referent_201"/>
	<rel id="rel_141" xlink:href="#referent_206" target="#referent_181"/>
	<rel id="rel_142" xlink:href="#referent_177" target="#referent_207"/>
	<rel id="rel_143" xlink:href="#referent_6" target="#referent_2"/>
	<rel id="rel_144" xlink:href="#referent_10" target="#referent_6"/>
	<rel id="rel_145" xlink:href="#referent_208" target="#referent_16"/>
	<rel id="rel_146" xlink:href="#referent_18" target="#referent_208"/>
	<rel id="rel_147" xlink:href="#referent_17" target="#referent_209"/>
	<rel id="rel_148" xlink:href="#referent_211" target="#referent_18"/>
	<rel id="rel_149" xlink:href="#referent_40" target="#referent_211"/>
	<rel id="rel_150" xlink:href="#referent_71" target="#referent_58"/>
	<rel id="rel_151" xlink:href="#referent_212" target="#referent_213"/>
	<rel id="rel_152" xlink:href="#referent_213" target="#referent_40"/>
	<rel id="rel_153" xlink:href="#referent_78" target="#referent_42"/>
	<rel id="rel_154" xlink:href="#referent_90" target="#referent_87"/>
	<rel id="rel_155" xlink:href="#referent_214" target="#referent_87"/>
	<rel id="rel_156" xlink:href="#referent_215" target="#referent_214"/>
	<rel id="rel_157" xlink:href="#referent_97" target="#referent_215"/>
	<rel id="rel_158" xlink:href="#referent_94" target="#referent_216"/>
	<rel id="rel_159" xlink:href="#referent_86" target="#referent_19"/>
	<rel id="rel_160" xlink:href="#referent_109" target="#referent_218"/>
	<rel id="rel_161" xlink:href="#referent_218" target="#referent_78"/>
	<rel id="rel_162" xlink:href="#referent_110" target="#referent_109"/>
	<rel id="rel_163" xlink:href="#referent_112" target="#referent_110"/>
	<rel id="rel_164" xlink:href="#referent_219" target="#referent_124"/>
	<rel id="rel_165" xlink:href="#referent_127" target="#referent_219"/>
	<rel id="rel_166" xlink:href="#referent_220" target="#referent_79"/>
	<rel id="rel_167" xlink:href="#referent_130" target="#referent_127"/>
	<rel id="rel_168" xlink:href="#referent_140" target="#referent_138"/>
	<rel id="rel_169" xlink:href="#referent_141" target="#referent_140"/>
	<rel id="rel_170" xlink:href="#referent_222" target="#referent_49"/>
	<rel id="rel_171" xlink:href="#referent_111" target="#referent_222"/>
	<rel id="rel_172" xlink:href="#referent_120" target="#referent_223"/>
	<rel id="rel_173" xlink:href="#referent_223" target="#referent_80"/>
	<rel id="rel_174" xlink:href="#referent_72" target="#referent_224"/>
	<rel id="rel_175" xlink:href="#referent_147" target="#referent_225"/>
	<rel id="rel_176" xlink:href="#referent_226" target="#referent_155"/>
	<rel id="rel_177" xlink:href="#referent_172" target="#referent_226"/>
	<rel id="rel_178" xlink:href="#referent_227" target="#referent_154"/>
	<rel id="rel_179" xlink:href="#referent_228" target="#referent_153"/>
	<rel id="rel_180" xlink:href="#referent_161" target="#referent_228"/>
	<rel id="rel_181" xlink:href="#referent_229" target="#referent_93"/>
	<rel id="rel_182" xlink:href="#referent_224" target="#referent_231"/>
	<rel id="rel_183" xlink:href="#referent_231" target="#referent_38"/>
</relList>
</paula>
