<?xml version="1.0" ?>
<!DOCTYPE paula SYSTEM "paula_feat.dtd">
<paula version="1.1">
<header paula_id="rst.GUM_interview_dungeon.struct_type">
</header>
<featList xmlns:xlink="http://www.w3.org/1999/xlink" type="type" xml:base="rst.GUM_interview_dungeon.struct.xml">
<feat xlink:href="#id101" value="span">
</feat>
<feat xlink:href="#id102" value="multinuc">
</feat>
<feat xlink:href="#id103" value="span">
</feat>
<feat xlink:href="#id105" value="span">
</feat>
<feat xlink:href="#id106" value="span">
</feat>
<feat xlink:href="#id107" value="span">
</feat>
<feat xlink:href="#id108" value="span">
</feat>
<feat xlink:href="#id109" value="span">
</feat>
<feat xlink:href="#id112" value="multinuc">
</feat>
<feat xlink:href="#id113" value="multinuc">
</feat>
<feat xlink:href="#id114" value="span">
</feat>
<feat xlink:href="#id116" value="span">
</feat>
<feat xlink:href="#id117" value="span">
</feat>
<feat xlink:href="#id118" value="span">
</feat>
<feat xlink:href="#id119" value="span">
</feat>
<feat xlink:href="#id120" value="span">
</feat>
<feat xlink:href="#id111" value="multinuc">
</feat>
<feat xlink:href="#id110" value="span">
</feat>
<feat xlink:href="#id91" value="span">
</feat>
<feat xlink:href="#id99" value="multinuc">
</feat>
<feat xlink:href="#id55" value="span">
</feat>
<feat xlink:href="#id58" value="span">
</feat>
<feat xlink:href="#id122" value="span">
</feat>
<feat xlink:href="#id123" value="span">
</feat>
<feat xlink:href="#id71" value="span">
</feat>
<feat xlink:href="#id73" value="span">
</feat>
<feat xlink:href="#id124" value="span">
</feat>
<feat xlink:href="#id125" value="span">
</feat>
<feat xlink:href="#id126" value="span">
</feat>
<feat xlink:href="#id128" value="multinuc">
</feat>
<feat xlink:href="#id115" value="span">
</feat>
<feat xlink:href="#id100" value="span">
</feat>
<feat xlink:href="#id41" value="span">
</feat>
<feat xlink:href="#id129" value="span">
</feat>
<feat xlink:href="#id121" value="span">
</feat>
<feat xlink:href="#id130" value="span">
</feat>
<feat xlink:href="#id132" value="span">
</feat>
<feat xlink:href="#id133" value="span">
</feat>
<feat xlink:href="#id134" value="span">
</feat>
<feat xlink:href="#id135" value="span">
</feat>
<feat xlink:href="#id136" value="span">
</feat>
<feat xlink:href="#id137" value="span">
</feat>
<feat xlink:href="#id138" value="span">
</feat>
<feat xlink:href="#id139" value="multinuc">
</feat>
<feat xlink:href="#id140" value="span">
</feat>
<feat xlink:href="#id141" value="span">
</feat>
<feat xlink:href="#id142" value="span">
</feat>
<feat xlink:href="#id143" value="span">
</feat>
<feat xlink:href="#id144" value="span">
</feat>
<feat xlink:href="#id145" value="span">
</feat>
<feat xlink:href="#id146" value="span">
</feat>
<feat xlink:href="#id147" value="span">
</feat>
<feat xlink:href="#id148" value="multinuc">
</feat>
<feat xlink:href="#id149" value="span">
</feat>
<feat xlink:href="#id150" value="span">
</feat>
</featList>
</paula>
