<?xml version="1.0" encoding="UTF-8" standalone="no"?>

<!DOCTYPE paula SYSTEM "paula_feat.dtd">
<paula version="1.0">

<header paula_id="tei.GUM.GUM_interview_dungeon_hi_rend"/>

<featList xmlns:xlink="http://www.w3.org/1999/xlink" type="hi_rend" xml:base="tei.GUM.GUM_interview_dungeon.hi_rendSeg.xml">
<feat xlink:href="#hi_rend_284" value="bold"/><!-- What...? -->
<feat xlink:href="#hi_rend_314" value="bold"/><!-- What...? -->
<feat xlink:href="#hi_rend_408" value="bold"/><!-- Where...? -->
<feat xlink:href="#hi_rend_429" value="italics"/><!-- New...Press -->
<feat xlink:href="#hi_rend_437" value="italics"/><!-- L...Magazine -->
<feat xlink:href="#hi_rend_440" value="bold"/><!-- In...? -->
<feat xlink:href="#hi_rend_523" value="italics"/><!-- Voice -->
<feat xlink:href="#hi_rend_651" value="bold"/><!-- Why...? -->
<feat xlink:href="#hi_rend_671" value="bold"/><!-- How...? -->
<feat xlink:href="#hi_rend_798" value="bold"/><!-- Could...- -->
<feat xlink:href="#hi_rend_838" value="bold"/><!-- You...? -->
<feat xlink:href="#hi_rend_858" value="bold"/><!-- What...? -->
<feat xlink:href="#hi_rend_887" value="bold"/><!-- Sure.... -->
<feat xlink:href="#hi_rend_912" value="bold"/><!-- How...? -->
<feat xlink:href="#hi_rend_936" value="bold"/><!-- And.... -->
<feat xlink:href="#hi_rend_965" value="bold"/><!-- Yeah...? -->
<feat xlink:href="#hi_rend_1006" value="bold"/><!-- Do...? -->
</featList>
</paula>
