<?xml version="1.0" encoding="UTF-8" standalone="no"?>

<!DOCTYPE paula SYSTEM "paula_mark.dtd">
<paula version="1.0">

<header paula_id="tei.GUM.GUM_interview_dungeon_sSeg"/>

<markList xmlns:xlink="http://www.w3.org/1999/xlink" type="sSeg" xml:base="GUM.GUM_interview_dungeon.tok.xml">
<mark id="s_1" xlink:href="#xpointer(id('tok_1')/range-to(id('tok_12')))"/><!-- BDSM...dungeon -->
<mark id="s_13" xlink:href="#xpointer(id('tok_13')/range-to(id('tok_18')))"/><!-- Sunday...2007 -->
<mark id="s_19" xlink:href="#xpointer(id('tok_19')/range-to(id('tok_21')))"/><!-- Operating...business -->
<mark id="s_22" xlink:href="#xpointer(id('tok_22')/range-to(id('tok_23')))"/><!-- The...costs -->
<mark id="s_24" xlink:href="#xpointer(id('tok_24')/range-to(id('tok_27')))"/><!-- Clothing.... -->
<mark id="s_28" xlink:href="#xpointer(id('tok_28')/range-to(id('tok_35')))"/><!-- There.... -->
<mark id="s_36" xlink:href="#xpointer(id('tok_36')/range-to(id('tok_59')))"/><!-- Your.... -->
<mark id="s_60" xlink:href="#xpointer(id('tok_60')/range-to(id('tok_72')))"/><!-- It.... -->
<mark id="s_73" xlink:href="#xpointer(id('tok_73')/range-to(id('tok_74')))"/><!-- And...- -->
<mark id="s_75" xlink:href="#xpointer(id('tok_75')/range-to(id('tok_79')))"/><!-- Oh...? -->
<mark id="s_80" xlink:href="#xpointer(id('tok_80')/range-to(id('tok_83')))"/><!-- What...? -->
<mark id="s_84" xlink:href="#xpointer(id('tok_84')/range-to(id('tok_91')))"/><!-- I.... -->
<mark id="s_92" xlink:href="#xpointer(id('tok_92')/range-to(id('tok_97')))"/><!-- It.... -->
<mark id="s_98" xlink:href="#xpointer(id('tok_98')/range-to(id('tok_118')))"/><!-- If...- -->
<mark id="s_119" xlink:href="#xpointer(id('tok_119')/range-to(id('tok_133')))"/><!-- but.... -->
<mark id="s_134" xlink:href="#xpointer(id('tok_134')/range-to(id('tok_156')))"/><!-- We.... -->
<mark id="s_157" xlink:href="#xpointer(id('tok_157')/range-to(id('tok_163')))"/><!-- We.... -->
<mark id="s_164" xlink:href="#xpointer(id('tok_164')/range-to(id('tok_198')))"/><!-- I...- -->
<mark id="s_199" xlink:href="#xpointer(id('tok_199')/range-to(id('tok_204')))"/><!-- &quot;...&quot; -->
<mark id="s_205" xlink:href="#xpointer(id('tok_205')/range-to(id('tok_215')))"/><!-- Yeah.... -->
<mark id="s_216" xlink:href="#xpointer(id('tok_216')/range-to(id('tok_240')))"/><!-- And.... -->
<mark id="s_241" xlink:href="#xpointer(id('tok_241')/range-to(id('tok_255')))"/><!-- And...&quot; -->
<mark id="s_256" xlink:href="#xpointer(id('tok_256')/range-to(id('tok_271')))"/><!-- And.... -->
<mark id="s_272" xlink:href="#xpointer(id('tok_272')/range-to(id('tok_275')))"/><!-- Do...? -->
<mark id="s_276" xlink:href="#xpointer(id('tok_276')/range-to(id('tok_283')))"/><!-- I.... -->
<mark id="s_284" xlink:href="#xpointer(id('tok_284')/range-to(id('tok_290')))"/><!-- What...? -->
<mark id="s_291" xlink:href="#xpointer(id('tok_291')/range-to(id('tok_313')))"/><!-- It...... -->
<mark id="s_314" xlink:href="#xpointer(id('tok_314')/range-to(id('tok_320')))"/><!-- What...? -->
<mark id="s_321" xlink:href="#xpointer(id('tok_321')/range-to(id('tok_345')))"/><!-- The.... -->
<mark id="s_346" xlink:href="#xpointer(id('tok_346')/range-to(id('tok_370')))"/><!-- There.... -->
<mark id="s_371" xlink:href="#xpointer(id('tok_371')/range-to(id('tok_375')))"/><!-- That.... -->
<mark id="s_376" xlink:href="#xpointer(id('tok_376')/range-to(id('tok_407')))"/><!-- The.... -->
<mark id="s_408" xlink:href="#xpointer(id('tok_408')/range-to(id('tok_412')))"/><!-- Where...? -->
<mark id="s_413" xlink:href="#xpointer(id('tok_413')/range-to(id('tok_439')))"/><!-- A.... -->
<mark id="s_440" xlink:href="#xpointer(id('tok_440')/range-to(id('tok_446')))"/><!-- In...? -->
<mark id="s_447" xlink:href="#xpointer(id('tok_447')/range-to(id('tok_454')))"/><!-- Typically.... -->
<mark id="s_455" xlink:href="#xpointer(id('tok_455')/range-to(id('tok_472')))"/><!-- Magazines...... -->
<mark id="s_473" xlink:href="#xpointer(id('tok_473')/range-to(id('tok_478')))"/><!-- Depending...- -->
<mark id="s_479" xlink:href="#xpointer(id('tok_479')/range-to(id('tok_490')))"/><!-- Who.... -->
<mark id="s_491" xlink:href="#xpointer(id('tok_491')/range-to(id('tok_513')))"/><!-- So.... -->
<mark id="s_514" xlink:href="#xpointer(id('tok_514')/range-to(id('tok_515')))"/><!-- Completely.... -->
<mark id="s_516" xlink:href="#xpointer(id('tok_516')/range-to(id('tok_527')))"/><!-- So.... -->
<mark id="s_528" xlink:href="#xpointer(id('tok_528')/range-to(id('tok_563')))"/><!-- We.... -->
<mark id="s_564" xlink:href="#xpointer(id('tok_564')/range-to(id('tok_565')))"/><!-- Hiring...employees -->
<mark id="s_566" xlink:href="#xpointer(id('tok_566')/range-to(id('tok_573')))"/><!-- Personality.... -->
<mark id="s_574" xlink:href="#xpointer(id('tok_574')/range-to(id('tok_585')))"/><!-- Pursuant.... -->
<mark id="s_586" xlink:href="#xpointer(id('tok_586')/range-to(id('tok_597')))"/><!-- I...- -->
<mark id="s_598" xlink:href="#xpointer(id('tok_598')/range-to(id('tok_606')))"/><!-- My...- -->
<mark id="s_607" xlink:href="#xpointer(id('tok_607')/range-to(id('tok_610')))"/><!-- -...- -->
<mark id="s_611" xlink:href="#xpointer(id('tok_611')/range-to(id('tok_632')))"/><!-- -...&quot; -->
<mark id="s_633" xlink:href="#xpointer(id('tok_633')/range-to(id('tok_641')))"/><!-- I...? -->
<mark id="s_642" xlink:href="#xpointer(id('tok_642')/range-to(id('tok_650')))"/><!-- I...- -->
<mark id="s_651" xlink:href="#xpointer(id('tok_651')/range-to(id('tok_653')))"/><!-- Why...? -->
<mark id="s_654" xlink:href="#xpointer(id('tok_654')/range-to(id('tok_667')))"/><!-- Because.... -->
<mark id="s_668" xlink:href="#xpointer(id('tok_668')/range-to(id('tok_670')))"/><!-- We...- -->
<mark id="s_671" xlink:href="#xpointer(id('tok_671')/range-to(id('tok_681')))"/><!-- How...? -->
<mark id="s_682" xlink:href="#xpointer(id('tok_682')/range-to(id('tok_687')))"/><!-- Just...? -->
<mark id="s_688" xlink:href="#xpointer(id('tok_688')/range-to(id('tok_704')))"/><!-- Having.... -->
<mark id="s_705" xlink:href="#xpointer(id('tok_705')/range-to(id('tok_710')))"/><!-- And.... -->
<mark id="s_711" xlink:href="#xpointer(id('tok_711')/range-to(id('tok_725')))"/><!-- And...right -->
<mark id="s_726" xlink:href="#xpointer(id('tok_726')/range-to(id('tok_734')))"/><!-- They...! -->
<mark id="s_735" xlink:href="#xpointer(id('tok_735')/range-to(id('tok_764')))"/><!-- I...together -->
<mark id="s_765" xlink:href="#xpointer(id('tok_765')/range-to(id('tok_776')))"/><!-- I.... -->
<mark id="s_777" xlink:href="#xpointer(id('tok_777')/range-to(id('tok_784')))"/><!-- No...- -->
<mark id="s_785" xlink:href="#xpointer(id('tok_785')/range-to(id('tok_789')))"/><!-- I.... -->
<mark id="s_790" xlink:href="#xpointer(id('tok_790')/range-to(id('tok_797')))"/><!-- So...- -->
<mark id="s_798" xlink:href="#xpointer(id('tok_798')/range-to(id('tok_817')))"/><!-- Could...- -->
<mark id="s_818" xlink:href="#xpointer(id('tok_818')/range-to(id('tok_822')))"/><!-- I.... -->
<mark id="s_823" xlink:href="#xpointer(id('tok_823')/range-to(id('tok_826')))"/><!-- The...- -->
<mark id="s_827" xlink:href="#xpointer(id('tok_827')/range-to(id('tok_829')))"/><!-- Be.... -->
<mark id="s_830" xlink:href="#xpointer(id('tok_830')/range-to(id('tok_837')))"/><!-- He.... -->
<mark id="s_838" xlink:href="#xpointer(id('tok_838')/range-to(id('tok_842')))"/><!-- You.... -->
<mark id="s_843" xlink:href="#xpointer(id('tok_843')/range-to(id('tok_848')))"/><!-- You.... -->
<mark id="s_849" xlink:href="#xpointer(id('tok_849')/range-to(id('tok_855')))"/><!-- Is...? -->
<mark id="s_856" xlink:href="#xpointer(id('tok_856')/range-to(id('tok_857')))"/><!-- Yeah.... -->
<mark id="s_858" xlink:href="#xpointer(id('tok_858')/range-to(id('tok_874')))"/><!-- What...? -->
<mark id="s_875" xlink:href="#xpointer(id('tok_875')/range-to(id('tok_886')))"/><!-- No...- -->
<mark id="s_887" xlink:href="#xpointer(id('tok_887')/range-to(id('tok_888')))"/><!-- Sure.... -->
<mark id="s_889" xlink:href="#xpointer(id('tok_889')/range-to(id('tok_903')))"/><!-- -.... -->
<mark id="s_904" xlink:href="#xpointer(id('tok_904')/range-to(id('tok_911')))"/><!-- The...- -->
<mark id="s_912" xlink:href="#xpointer(id('tok_912')/range-to(id('tok_918')))"/><!-- How...? -->
<mark id="s_919" xlink:href="#xpointer(id('tok_919')/range-to(id('tok_924')))"/><!-- Where...? -->
<mark id="s_925" xlink:href="#xpointer(id('tok_925')/range-to(id('tok_935')))"/><!-- You...- -->
<mark id="s_936" xlink:href="#xpointer(id('tok_936')/range-to(id('tok_943')))"/><!-- And.... -->
<mark id="s_944" xlink:href="#xpointer(id('tok_944')/range-to(id('tok_949')))"/><!-- Of...- -->
<mark id="s_950" xlink:href="#xpointer(id('tok_950')/range-to(id('tok_955')))"/><!-- What...? -->
<mark id="s_956" xlink:href="#xpointer(id('tok_956')/range-to(id('tok_964')))"/><!-- I...…. -->
<mark id="s_965" xlink:href="#xpointer(id('tok_965')/range-to(id('tok_971')))"/><!-- Yeah.... -->
<mark id="s_972" xlink:href="#xpointer(id('tok_972')/range-to(id('tok_979')))"/><!-- What...? -->
<mark id="s_980" xlink:href="#xpointer(id('tok_980')/range-to(id('tok_1002')))"/><!-- I.... -->
<mark id="s_1003" xlink:href="#xpointer(id('tok_1003')/range-to(id('tok_1005')))"/><!-- Very.... -->
<mark id="s_1006" xlink:href="#xpointer(id('tok_1006')/range-to(id('tok_1011')))"/><!-- Do...? -->
<mark id="s_1012" xlink:href="#xpointer(id('tok_1012')/range-to(id('tok_1034')))"/><!-- No.... -->
</markList>
</paula>
