<?xml version="1.0" encoding="UTF-8" standalone="no"?>

<!DOCTYPE paula SYSTEM "paula_feat.dtd">
<paula version="1.0">

<header paula_id="tei.GUM.GUM_interview_dungeon_s"/>

<featList xmlns:xlink="http://www.w3.org/1999/xlink" type="s" xml:base="tei.GUM.GUM_interview_dungeon.sSeg.xml">
<feat xlink:href="#s_1" value="s"/><!-- BDSM...dungeon -->
<feat xlink:href="#s_13" value="s"/><!-- Sunday...2007 -->
<feat xlink:href="#s_19" value="s"/><!-- Operating...business -->
<feat xlink:href="#s_22" value="s"/><!-- The...costs -->
<feat xlink:href="#s_24" value="s"/><!-- Clothing.... -->
<feat xlink:href="#s_28" value="s"/><!-- There.... -->
<feat xlink:href="#s_36" value="s"/><!-- Your.... -->
<feat xlink:href="#s_60" value="s"/><!-- It.... -->
<feat xlink:href="#s_73" value="s"/><!-- And...- -->
<feat xlink:href="#s_75" value="s"/><!-- Oh...? -->
<feat xlink:href="#s_80" value="s"/><!-- What...? -->
<feat xlink:href="#s_84" value="s"/><!-- I.... -->
<feat xlink:href="#s_92" value="s"/><!-- It.... -->
<feat xlink:href="#s_98" value="s"/><!-- If...- -->
<feat xlink:href="#s_119" value="s"/><!-- but.... -->
<feat xlink:href="#s_134" value="s"/><!-- We.... -->
<feat xlink:href="#s_157" value="s"/><!-- We.... -->
<feat xlink:href="#s_164" value="s"/><!-- I...- -->
<feat xlink:href="#s_199" value="s"/><!-- &quot;...&quot; -->
<feat xlink:href="#s_205" value="s"/><!-- Yeah.... -->
<feat xlink:href="#s_216" value="s"/><!-- And.... -->
<feat xlink:href="#s_241" value="s"/><!-- And...&quot; -->
<feat xlink:href="#s_256" value="s"/><!-- And.... -->
<feat xlink:href="#s_272" value="s"/><!-- Do...? -->
<feat xlink:href="#s_276" value="s"/><!-- I.... -->
<feat xlink:href="#s_284" value="s"/><!-- What...? -->
<feat xlink:href="#s_291" value="s"/><!-- It...... -->
<feat xlink:href="#s_314" value="s"/><!-- What...? -->
<feat xlink:href="#s_321" value="s"/><!-- The.... -->
<feat xlink:href="#s_346" value="s"/><!-- There.... -->
<feat xlink:href="#s_371" value="s"/><!-- That.... -->
<feat xlink:href="#s_376" value="s"/><!-- The.... -->
<feat xlink:href="#s_408" value="s"/><!-- Where...? -->
<feat xlink:href="#s_413" value="s"/><!-- A.... -->
<feat xlink:href="#s_440" value="s"/><!-- In...? -->
<feat xlink:href="#s_447" value="s"/><!-- Typically.... -->
<feat xlink:href="#s_455" value="s"/><!-- Magazines...... -->
<feat xlink:href="#s_473" value="s"/><!-- Depending...- -->
<feat xlink:href="#s_479" value="s"/><!-- Who.... -->
<feat xlink:href="#s_491" value="s"/><!-- So.... -->
<feat xlink:href="#s_514" value="s"/><!-- Completely.... -->
<feat xlink:href="#s_516" value="s"/><!-- So.... -->
<feat xlink:href="#s_528" value="s"/><!-- We.... -->
<feat xlink:href="#s_564" value="s"/><!-- Hiring...employees -->
<feat xlink:href="#s_566" value="s"/><!-- Personality.... -->
<feat xlink:href="#s_574" value="s"/><!-- Pursuant.... -->
<feat xlink:href="#s_586" value="s"/><!-- I...- -->
<feat xlink:href="#s_598" value="s"/><!-- My...- -->
<feat xlink:href="#s_607" value="s"/><!-- -...- -->
<feat xlink:href="#s_611" value="s"/><!-- -...&quot; -->
<feat xlink:href="#s_633" value="s"/><!-- I...? -->
<feat xlink:href="#s_642" value="s"/><!-- I...- -->
<feat xlink:href="#s_651" value="s"/><!-- Why...? -->
<feat xlink:href="#s_654" value="s"/><!-- Because.... -->
<feat xlink:href="#s_668" value="s"/><!-- We...- -->
<feat xlink:href="#s_671" value="s"/><!-- How...? -->
<feat xlink:href="#s_682" value="s"/><!-- Just...? -->
<feat xlink:href="#s_688" value="s"/><!-- Having.... -->
<feat xlink:href="#s_705" value="s"/><!-- And.... -->
<feat xlink:href="#s_711" value="s"/><!-- And...right -->
<feat xlink:href="#s_726" value="s"/><!-- They...! -->
<feat xlink:href="#s_735" value="s"/><!-- I...together -->
<feat xlink:href="#s_765" value="s"/><!-- I.... -->
<feat xlink:href="#s_777" value="s"/><!-- No...- -->
<feat xlink:href="#s_785" value="s"/><!-- I.... -->
<feat xlink:href="#s_790" value="s"/><!-- So...- -->
<feat xlink:href="#s_798" value="s"/><!-- Could...- -->
<feat xlink:href="#s_818" value="s"/><!-- I.... -->
<feat xlink:href="#s_823" value="s"/><!-- The...- -->
<feat xlink:href="#s_827" value="s"/><!-- Be.... -->
<feat xlink:href="#s_830" value="s"/><!-- He.... -->
<feat xlink:href="#s_838" value="s"/><!-- You.... -->
<feat xlink:href="#s_843" value="s"/><!-- You.... -->
<feat xlink:href="#s_849" value="s"/><!-- Is...? -->
<feat xlink:href="#s_856" value="s"/><!-- Yeah.... -->
<feat xlink:href="#s_858" value="s"/><!-- What...? -->
<feat xlink:href="#s_875" value="s"/><!-- No...- -->
<feat xlink:href="#s_887" value="s"/><!-- Sure.... -->
<feat xlink:href="#s_889" value="s"/><!-- -.... -->
<feat xlink:href="#s_904" value="s"/><!-- The...- -->
<feat xlink:href="#s_912" value="s"/><!-- How...? -->
<feat xlink:href="#s_919" value="s"/><!-- Where...? -->
<feat xlink:href="#s_925" value="s"/><!-- You...- -->
<feat xlink:href="#s_936" value="s"/><!-- And.... -->
<feat xlink:href="#s_944" value="s"/><!-- Of...- -->
<feat xlink:href="#s_950" value="s"/><!-- What...? -->
<feat xlink:href="#s_956" value="s"/><!-- I...…. -->
<feat xlink:href="#s_965" value="s"/><!-- Yeah.... -->
<feat xlink:href="#s_972" value="s"/><!-- What...? -->
<feat xlink:href="#s_980" value="s"/><!-- I.... -->
<feat xlink:href="#s_1003" value="s"/><!-- Very.... -->
<feat xlink:href="#s_1006" value="s"/><!-- Do...? -->
<feat xlink:href="#s_1012" value="s"/><!-- No.... -->
</featList>
</paula>
