<?xml version="1.0" encoding="UTF-8" standalone="no"?>

<!DOCTYPE paula SYSTEM "paula_feat.dtd">
<paula version="1.0">

<header paula_id="tei.GUM.GUM_interview_dungeon_sp_who"/>

<featList xmlns:xlink="http://www.w3.org/1999/xlink" type="sp_who" xml:base="tei.GUM.GUM_interview_dungeon.sp_whoSeg.xml">
<feat xlink:href="#sp_who_28" value="#Bill"/><!-- There...- -->
<feat xlink:href="#sp_who_75" value="#Rebecca"/><!-- Oh...? -->
<feat xlink:href="#sp_who_80" value="#Bill"/><!-- What...? -->
<feat xlink:href="#sp_who_84" value="#Rebecca"/><!-- I.... -->
<feat xlink:href="#sp_who_92" value="#Bill"/><!-- It.... -->
<feat xlink:href="#sp_who_164" value="#Rebecca"/><!-- I...- -->
<feat xlink:href="#sp_who_199" value="#Bill"/><!-- &quot;...&quot; -->
<feat xlink:href="#sp_who_205" value="#Rebecca"/><!-- Yeah...? -->
<feat xlink:href="#sp_who_276" value="#Bill"/><!-- I.... -->
<feat xlink:href="#sp_who_284" value="#DavidShankbone"/><!-- What...? -->
<feat xlink:href="#sp_who_291" value="#Bill"/><!-- It...... -->
<feat xlink:href="#sp_who_314" value="#DavidShankbone"/><!-- What...? -->
<feat xlink:href="#sp_who_321" value="#Bill"/><!-- The.... -->
<feat xlink:href="#sp_who_408" value="#DavidShankbone"/><!-- Where...? -->
<feat xlink:href="#sp_who_413" value="#Bill"/><!-- A.... -->
<feat xlink:href="#sp_who_440" value="#DavidShankbone"/><!-- In...? -->
<feat xlink:href="#sp_who_447" value="#Bill"/><!-- Typically...... -->
<feat xlink:href="#sp_who_473" value="#Rebecca"/><!-- Depending...- -->
<feat xlink:href="#sp_who_479" value="#Bill"/><!-- Who.... -->
<feat xlink:href="#sp_who_514" value="#Rebecca"/><!-- Completely.... -->
<feat xlink:href="#sp_who_516" value="#Bill"/><!-- So.... -->
<feat xlink:href="#sp_who_574" value="#Bill"/><!-- Pursuant...- -->
<feat xlink:href="#sp_who_598" value="#Rebecca"/><!-- My...- -->
<feat xlink:href="#sp_who_607" value="#Bill"/><!-- -...- -->
<feat xlink:href="#sp_who_611" value="#Rebecca"/><!-- -...? -->
<feat xlink:href="#sp_who_642" value="#Bill"/><!-- I...- -->
<feat xlink:href="#sp_who_651" value="#DavidShankbone"/><!-- Why...? -->
<feat xlink:href="#sp_who_654" value="#Bill"/><!-- Because...- -->
<feat xlink:href="#sp_who_671" value="#DavidShankbone"/><!-- How...? -->
<feat xlink:href="#sp_who_688" value="#Bill"/><!-- Having.... -->
<feat xlink:href="#sp_who_705" value="#Rebecca"/><!-- And...! -->
<feat xlink:href="#sp_who_735" value="#Bill"/><!-- I...together -->
<feat xlink:href="#sp_who_765" value="#Rebecca"/><!-- I.... -->
<feat xlink:href="#sp_who_777" value="#Bill"/><!-- No...- -->
<feat xlink:href="#sp_who_785" value="#Rebecca"/><!-- I.... -->
<feat xlink:href="#sp_who_790" value="#Bill"/><!-- So...- -->
<feat xlink:href="#sp_who_798" value="#DavidShankbone"/><!-- Could...- -->
<feat xlink:href="#sp_who_818" value="#Rebecca"/><!-- I.... -->
<feat xlink:href="#sp_who_823" value="#Bill"/><!-- The...- -->
<feat xlink:href="#sp_who_827" value="#Rebecca"/><!-- Be.... -->
<feat xlink:href="#sp_who_838" value="#DavidShankbone"/><!-- You...? -->
<feat xlink:href="#sp_who_856" value="#Rebecca"/><!-- Yeah.... -->
<feat xlink:href="#sp_who_858" value="#DavidShankbone"/><!-- What...? -->
<feat xlink:href="#sp_who_875" value="#Bill"/><!-- No...- -->
<feat xlink:href="#sp_who_887" value="#DavidShankbone"/><!-- Sure.... -->
<feat xlink:href="#sp_who_889" value="#Bill"/><!-- -...- -->
<feat xlink:href="#sp_who_912" value="#DavidShankbone"/><!-- How...? -->
<feat xlink:href="#sp_who_919" value="#Bill"/><!-- Where...- -->
<feat xlink:href="#sp_who_936" value="#DavidShankbone"/><!-- And.... -->
<feat xlink:href="#sp_who_944" value="#Bill"/><!-- Of...- -->
<feat xlink:href="#sp_who_950" value="#Rebecca"/><!-- What...…. -->
<feat xlink:href="#sp_who_965" value="#DavidShankbone"/><!-- Yeah...? -->
<feat xlink:href="#sp_who_980" value="#Bill"/><!-- I.... -->
<feat xlink:href="#sp_who_1006" value="#DavidShankbone"/><!-- Do...? -->
<feat xlink:href="#sp_who_1012" value="#Bill"/><!-- No.... -->
</featList>
</paula>
