<?xml version="1.0" encoding="UTF-8" standalone="no"?>

<!DOCTYPE paula SYSTEM "paula_feat.dtd">
<paula version="1.0">

<header paula_id="const.GUM.GUM_interview_herrick_catConst_cat"/>

<featList xmlns:xlink="http://www.w3.org/1999/xlink" type="cat" xml:base="const.GUM.GUM_interview_herrick.catConst.xml">
  <feat xlink:href="#const_0_1" value="NP"/><!-- Jack Herrick -->
  <feat xlink:href="#const_1_1" value="NP"/><!-- Jack ... founder -->
  <feat xlink:href="#const_3_1" value="S"/><!-- Jack ... Wikinews -->
  <feat xlink:href="#const_4_1" value="ROOT"/><!-- Jack ... Wikinews -->
  <feat xlink:href="#const_0_4" value="NP"/><!-- wikiHow founder -->
  <feat xlink:href="#const_2_6" value="VP"/><!-- interviewed ... Wikinews -->
  <feat xlink:href="#const_1_7" value="PP"/><!-- by Wikinews -->
  <feat xlink:href="#const_0_8" value="NP"/><!-- Wikinews -->
  <feat xlink:href="#const_0_9" value="NP"/><!-- Saturday ... 2009 -->
  <feat xlink:href="#const_1_9" value="ROOT"/><!-- Saturday ... 2009 -->
  <feat xlink:href="#const_0_15" value="NP"/><!-- Herrick -->
  <feat xlink:href="#const_2_15" value="NP"/><!-- Herrick ... Image -->
  <feat xlink:href="#const_3_15" value="NP"/><!-- Herrick ... . -->
  <feat xlink:href="#const_4_15" value="ROOT"/><!-- Herrick ... . -->
  <feat xlink:href="#const_1_16" value="PP"/><!-- at ... Image -->
  <feat xlink:href="#const_0_17" value="NP"/><!-- RecentChangesCamp ... Image -->
  <feat xlink:href="#const_0_21" value="NP"/><!-- ShakataGaNai -->
  <feat xlink:href="#const_0_23" value="NP"/><!-- wikiHow -->
  <feat xlink:href="#const_23_23" value="S"/><!-- wikiHow ... . -->
  <feat xlink:href="#const_24_23" value="ROOT"/><!-- wikiHow ... . -->
  <feat xlink:href="#const_22_24" value="VP"/><!-- is ... Herrick -->
  <feat xlink:href="#const_0_25" value="NP"/><!-- a -->
  <feat xlink:href="#const_21_25" value="NP"/><!-- a ... Herrick -->
  <feat xlink:href="#const_20_26" value="VP"/><!-- wiki-based ... Herrick -->
  <feat xlink:href="#const_0_27" value="NP"/><!-- site -->
  <feat xlink:href="#const_19_27" value="NP"/><!-- site ... Herrick -->
  <feat xlink:href="#const_0_28" value="WHNP"/><!-- which -->
  <feat xlink:href="#const_18_28" value="SBAR"/><!-- which ... Herrick -->
  <feat xlink:href="#const_16_29" value="VP"/><!-- aims ... Herrick -->
  <feat xlink:href="#const_17_29" value="S"/><!-- aims ... Herrick -->
  <feat xlink:href="#const_14_30" value="VP"/><!-- to ... Herrick -->
  <feat xlink:href="#const_15_30" value="S"/><!-- to ... Herrick -->
  <feat xlink:href="#const_13_32" value="VP"/><!-- build ... Herrick -->
  <feat xlink:href="#const_0_33" value="NP"/><!-- the ... s -->
  <feat xlink:href="#const_1_33" value="NP"/><!-- the ... how-to -->
  <feat xlink:href="#const_12_33" value="NP"/><!-- the ... Herrick -->
  <feat xlink:href="#const_0_38" value="ADJP"/><!-- highest quality -->
  <feat xlink:href="#const_0_41" value="NP"/><!-- manual -->
  <feat xlink:href="#const_1_41" value="FRAG"/><!-- manual . -->
  <feat xlink:href="#const_2_41" value="S"/><!-- manual ... article -->
  <feat xlink:href="#const_10_41" value="S"/><!-- manual ... Herrick -->
  <feat xlink:href="#const_11_41" value="SBAR"/><!-- manual ... Herrick -->
  <feat xlink:href="#const_0_43" value="NP"/><!-- &quot; It -->
  <feat xlink:href="#const_0_45" value="ADVP"/><!-- recently -->
  <feat xlink:href="#const_1_45" value="VP"/><!-- recently ... article -->
  <feat xlink:href="#const_0_47" value="NP"/><!-- its ... article -->
  <feat xlink:href="#const_7_52" value="VP"/><!-- to ... creation -->
  <feat xlink:href="#const_8_52" value="S"/><!-- to ... creation -->
  <feat xlink:href="#const_9_52" value="S"/><!-- to ... Herrick -->
  <feat xlink:href="#const_6_53" value="VP"/><!-- discuss ... creation -->
  <feat xlink:href="#const_0_54" value="WHNP"/><!-- what -->
  <feat xlink:href="#const_5_54" value="SBAR"/><!-- what ... creation -->
  <feat xlink:href="#const_0_55" value="NP"/><!-- the site -->
  <feat xlink:href="#const_4_55" value="S"/><!-- the ... creation -->
  <feat xlink:href="#const_3_57" value="VP"/><!-- has ... creation -->
  <feat xlink:href="#const_2_58" value="VP"/><!-- achieved ... creation -->
  <feat xlink:href="#const_1_59" value="PP"/><!-- since ... creation -->
  <feat xlink:href="#const_0_60" value="NP"/><!-- its creation -->
  <feat xlink:href="#const_0_63" value="NP"/><!-- Wikinews -->
  <feat xlink:href="#const_3_64" value="VP"/><!-- interviewed ... Herrick -->
  <feat xlink:href="#const_0_65" value="NP"/><!-- the ... s -->
  <feat xlink:href="#const_1_65" value="NP"/><!-- the ... founder -->
  <feat xlink:href="#const_2_65" value="NP"/><!-- the ... Herrick -->
  <feat xlink:href="#const_0_70" value="NP"/><!-- Jack Herrick -->
  <feat xlink:href="#const_1_73" value="PP"/><!-- In ... interview -->
  <feat xlink:href="#const_12_73" value="S"/><!-- In ... . -->
  <feat xlink:href="#const_13_73" value="ROOT"/><!-- In ... . -->
  <feat xlink:href="#const_0_74" value="NP"/><!-- the interview -->
  <feat xlink:href="#const_0_77" value="NP"/><!-- Herrick -->
  <feat xlink:href="#const_11_78" value="VP"/><!-- explains ... site -->
  <feat xlink:href="#const_0_79" value="WHNP"/><!-- what -->
  <feat xlink:href="#const_9_79" value="SBAR"/><!-- what ... size -->
  <feat xlink:href="#const_10_79" value="SBAR"/><!-- what ... site -->
  <feat xlink:href="#const_0_80" value="NP"/><!-- wikiHow -->
  <feat xlink:href="#const_8_80" value="S"/><!-- wikiHow ... size -->
  <feat xlink:href="#const_7_81" value="VP"/><!-- is ... size -->
  <feat xlink:href="#const_0_83" value="WHADVP"/><!-- why -->
  <feat xlink:href="#const_6_83" value="SBAR"/><!-- why ... it -->
  <feat xlink:href="#const_0_84" value="NP"/><!-- he -->
  <feat xlink:href="#const_5_84" value="S"/><!-- he ... it -->
  <feat xlink:href="#const_4_85" value="VP"/><!-- decided ... it -->
  <feat xlink:href="#const_2_86" value="VP"/><!-- to ... it -->
  <feat xlink:href="#const_3_86" value="S"/><!-- to ... it -->
  <feat xlink:href="#const_1_87" value="VP"/><!-- create it -->
  <feat xlink:href="#const_0_88" value="NP"/><!-- it -->
  <feat xlink:href="#const_0_90" value="WHADVP"/><!-- how -->
  <feat xlink:href="#const_4_90" value="SBAR"/><!-- how ... size -->
  <feat xlink:href="#const_0_91" value="NP"/><!-- he -->
  <feat xlink:href="#const_3_91" value="S"/><!-- he ... size -->
  <feat xlink:href="#const_2_92" value="VP"/><!-- grew ... size -->
  <feat xlink:href="#const_0_93" value="NP"/><!-- it -->
  <feat xlink:href="#const_1_94" value="PP"/><!-- in size -->
  <feat xlink:href="#const_0_95" value="NP"/><!-- size -->
  <feat xlink:href="#const_0_98" value="WHADVP"/><!-- why -->
  <feat xlink:href="#const_9_98" value="SBAR"/><!-- why ... site -->
  <feat xlink:href="#const_0_99" value="NP"/><!-- he -->
  <feat xlink:href="#const_8_99" value="S"/><!-- he ... site -->
  <feat xlink:href="#const_7_100" value="VP"/><!-- chose ... site -->
  <feat xlink:href="#const_5_101" value="VP"/><!-- to ... site -->
  <feat xlink:href="#const_6_101" value="S"/><!-- to ... site -->
  <feat xlink:href="#const_4_102" value="VP"/><!-- use ... site -->
  <feat xlink:href="#const_0_103" value="NP"/><!-- a ... license -->
  <feat xlink:href="#const_2_103" value="NP"/><!-- a ... ) -->
  <feat xlink:href="#const_3_103" value="NP"/><!-- a ... site -->
  <feat xlink:href="#const_1_107" value="PRN"/><!-- ( ... ) -->
  <feat xlink:href="#const_0_108" value="NP"/><!-- HyperLink -->
  <feat xlink:href="#const_1_110" value="PP"/><!-- for ... site -->
  <feat xlink:href="#const_0_111" value="NP"/><!-- his site -->
  <feat xlink:href="#const_6_114" value="VP"/><!-- Read ... full -->
  <feat xlink:href="#const_7_114" value="S"/><!-- Read ... . -->
  <feat xlink:href="#const_8_114" value="ROOT"/><!-- Read ... . -->
  <feat xlink:href="#const_0_115" value="PRT"/><!-- below -->
  <feat xlink:href="#const_5_116" value="PP"/><!-- for ... full -->
  <feat xlink:href="#const_0_117" value="NP"/><!-- more -->
  <feat xlink:href="#const_4_117" value="NP"/><!-- more ... full -->
  <feat xlink:href="#const_3_118" value="PP"/><!-- of ... full -->
  <feat xlink:href="#const_0_119" value="NP"/><!-- the interview -->
  <feat xlink:href="#const_2_119" value="NP"/><!-- the ... full -->
  <feat xlink:href="#const_1_121" value="PP"/><!-- in full -->
  <feat xlink:href="#const_0_122" value="NP"/><!-- full -->
  <feat xlink:href="#const_0_124" value="NP"/><!-- Interview -->
  <feat xlink:href="#const_1_124" value="ROOT"/><!-- Interview -->
  <feat xlink:href="#const_7_125" value="PP"/><!-- For ... site -->
  <feat xlink:href="#const_8_125" value="SQ"/><!-- For ... ? -->
  <feat xlink:href="#const_9_125" value="ROOT"/><!-- For ... ? -->
  <feat xlink:href="#const_0_126" value="NP"/><!-- our readers -->
  <feat xlink:href="#const_6_126" value="NP"/><!-- our ... site -->
  <feat xlink:href="#const_0_128" value="WHNP"/><!-- who -->
  <feat xlink:href="#const_5_128" value="SBAR"/><!-- who ... site -->
  <feat xlink:href="#const_3_129" value="VP"/><!-- are ... site -->
  <feat xlink:href="#const_4_129" value="S"/><!-- are ... site -->
  <feat xlink:href="#const_2_130" value="ADJP"/><!-- unaware ... site -->
  <feat xlink:href="#const_1_131" value="PP"/><!-- of ... site -->
  <feat xlink:href="#const_0_132" value="NP"/><!-- your site -->
  <feat xlink:href="#const_0_136" value="NP"/><!-- you -->
  <feat xlink:href="#const_0_137" value="ADVP"/><!-- briefly -->
  <feat xlink:href="#const_3_138" value="VP"/><!-- explain ... is -->
  <feat xlink:href="#const_0_139" value="WHNP"/><!-- what -->
  <feat xlink:href="#const_2_139" value="SBAR"/><!-- what ... is -->
  <feat xlink:href="#const_0_140" value="NP"/><!-- wikiHow -->
  <feat xlink:href="#const_1_140" value="S"/><!-- wikiHow is -->
  <feat xlink:href="#const_0_141" value="VP"/><!-- is -->
  <feat xlink:href="#const_0_143" value="ADVP"/><!-- Sure -->
  <feat xlink:href="#const_1_143" value="FRAG"/><!-- Sure . -->
  <feat xlink:href="#const_2_143" value="ROOT"/><!-- Sure . -->
  <feat xlink:href="#const_0_145" value="NP"/><!-- wikiHow -->
  <feat xlink:href="#const_8_145" value="S"/><!-- wikiHow ... . -->
  <feat xlink:href="#const_9_145" value="ROOT"/><!-- wikiHow ... . -->
  <feat xlink:href="#const_7_146" value="VP"/><!-- is ... manual -->
  <feat xlink:href="#const_6_147" value="NP"/><!-- a ... manual -->
  <feat xlink:href="#const_4_150" value="VP"/><!-- to ... manual -->
  <feat xlink:href="#const_5_150" value="S"/><!-- to ... manual -->
  <feat xlink:href="#const_3_151" value="VP"/><!-- build ... manual -->
  <feat xlink:href="#const_0_152" value="NP"/><!-- the ... s -->
  <feat xlink:href="#const_1_152" value="NP"/><!-- the ... largest -->
  <feat xlink:href="#const_2_152" value="NP"/><!-- the ... manual -->
  <feat xlink:href="#const_0_157" value="ADJP"/><!-- highest quality -->
  <feat xlink:href="#const_1_157" value="NP"/><!-- highest ... manual -->
  <feat xlink:href="#const_0_162" value="NP"/><!-- Our ... goal -->
  <feat xlink:href="#const_8_162" value="S"/><!-- Our ... . -->
  <feat xlink:href="#const_9_162" value="ROOT"/><!-- Our ... . -->
  <feat xlink:href="#const_7_166" value="VP"/><!-- is ... language -->
  <feat xlink:href="#const_5_167" value="VP"/><!-- to ... language -->
  <feat xlink:href="#const_6_167" value="S"/><!-- to ... language -->
  <feat xlink:href="#const_4_168" value="VP"/><!-- produce ... language -->
  <feat xlink:href="#const_0_169" value="NP"/><!-- practical instructions -->
  <feat xlink:href="#const_3_171" value="PP"/><!-- on ... language -->
  <feat xlink:href="#const_0_172" value="NP"/><!-- almost ... topic -->
  <feat xlink:href="#const_2_172" value="NP"/><!-- almost ... language -->
  <feat xlink:href="#const_1_175" value="PP"/><!-- in ... language -->
  <feat xlink:href="#const_0_176" value="NP"/><!-- every language -->
  <feat xlink:href="#const_0_179" value="NP"/><!-- We -->
  <feat xlink:href="#const_3_179" value="S"/><!-- We ... currently -->
  <feat xlink:href="#const_7_179" value="S"/><!-- We ... larger -->
  <feat xlink:href="#const_8_179" value="FRAG"/><!-- We ... larger -->
  <feat xlink:href="#const_9_179" value="ROOT"/><!-- We ... larger -->
  <feat xlink:href="#const_2_180" value="VP"/><!-- &apos;re ... currently -->
  <feat xlink:href="#const_0_181" value="ADVP"/><!-- quite far -->
  <feat xlink:href="#const_1_183" value="PP"/><!-- from ... goals -->
  <feat xlink:href="#const_0_184" value="NP"/><!-- our goals -->
  <feat xlink:href="#const_0_186" value="ADVP"/><!-- currently -->
  <feat xlink:href="#const_0_189" value="NP"/><!-- we -->
  <feat xlink:href="#const_6_189" value="S"/><!-- we ... larger -->
  <feat xlink:href="#const_5_190" value="VP"/><!-- take ... larger -->
  <feat xlink:href="#const_0_191" value="NP"/><!-- comfort -->
  <feat xlink:href="#const_1_192" value="PP"/><!-- in ... fact -->
  <feat xlink:href="#const_0_193" value="NP"/><!-- the fact -->
  <feat xlink:href="#const_4_195" value="SBAR"/><!-- that ... larger -->
  <feat xlink:href="#const_0_196" value="NP"/><!-- every month -->
  <feat xlink:href="#const_3_196" value="S"/><!-- every ... larger -->
  <feat xlink:href="#const_0_198" value="NP"/><!-- wikiHow -->
  <feat xlink:href="#const_2_199" value="VP"/><!-- gets ... larger -->
  <feat xlink:href="#const_0_200" value="ADJP"/><!-- noticeably better -->
  <feat xlink:href="#const_1_200" value="ADJP"/><!-- noticeably ... larger -->
  <feat xlink:href="#const_0_203" value="ADJP"/><!-- larger -->
  <feat xlink:href="#const_0_204" value="NP"/><!-- We -->
  <feat xlink:href="#const_6_204" value="S"/><!-- We ... . -->
  <feat xlink:href="#const_7_204" value="ROOT"/><!-- We ... . -->
  <feat xlink:href="#const_0_205" value="ADVP"/><!-- currently -->
  <feat xlink:href="#const_5_206" value="VP"/><!-- have ... articles -->
  <feat xlink:href="#const_3_207" value="PP"/><!-- just ... articles -->
  <feat xlink:href="#const_4_207" value="VP"/><!-- just ... articles -->
  <feat xlink:href="#const_0_209" value="NP"/><!-- 50000 articles -->
  <feat xlink:href="#const_2_209" value="NP"/><!-- 50000 ... articles -->
  <feat xlink:href="#const_1_212" value="ADVP"/><!-- over ... articles -->
  <feat xlink:href="#const_0_213" value="NP"/><!-- 1000 ... articles -->
  <feat xlink:href="#const_0_217" value="NP"/><!-- We -->
  <feat xlink:href="#const_15_217" value="S"/><!-- We ... . -->
  <feat xlink:href="#const_16_217" value="ROOT"/><!-- We ... . -->
  <feat xlink:href="#const_14_218" value="VP"/><!-- hope ... status -->
  <feat xlink:href="#const_13_219" value="SBAR"/><!-- that ... status -->
  <feat xlink:href="#const_1_220" value="PP"/><!-- in time -->
  <feat xlink:href="#const_12_220" value="S"/><!-- in ... status -->
  <feat xlink:href="#const_0_221" value="NP"/><!-- time -->
  <feat xlink:href="#const_0_223" value="NP"/><!-- we -->
  <feat xlink:href="#const_11_224" value="VP"/><!-- will ... status -->
  <feat xlink:href="#const_10_225" value="VP"/><!-- have ... status -->
  <feat xlink:href="#const_0_226" value="NP"/><!-- millions -->
  <feat xlink:href="#const_9_226" value="NP"/><!-- millions ... status -->
  <feat xlink:href="#const_8_227" value="PP"/><!-- of ... status -->
  <feat xlink:href="#const_0_228" value="NP"/><!-- articles -->
  <feat xlink:href="#const_7_228" value="NP"/><!-- articles ... status -->
  <feat xlink:href="#const_6_229" value="PP"/><!-- with ... status -->
  <feat xlink:href="#const_0_230" value="NP"/><!-- many -->
  <feat xlink:href="#const_5_230" value="NP"/><!-- many ... status -->
  <feat xlink:href="#const_4_231" value="PP"/><!-- of ... status -->
  <feat xlink:href="#const_0_232" value="NP"/><!-- them -->
  <feat xlink:href="#const_3_232" value="S"/><!-- them ... status -->
  <feat xlink:href="#const_2_233" value="VP"/><!-- having ... status -->
  <feat xlink:href="#const_1_234" value="VP"/><!-- featured status -->
  <feat xlink:href="#const_0_235" value="NP"/><!-- status -->
  <feat xlink:href="#const_0_237" value="NP"/><!-- That -->
  <feat xlink:href="#const_1_237" value="S"/><!-- That said -->
  <feat xlink:href="#const_12_237" value="S"/><!-- That ... . -->
  <feat xlink:href="#const_13_237" value="ROOT"/><!-- That ... . -->
  <feat xlink:href="#const_0_238" value="VP"/><!-- said -->
  <feat xlink:href="#const_0_240" value="NP"/><!-- we -->
  <feat xlink:href="#const_11_241" value="VP"/><!-- are ... achieve -->
  <feat xlink:href="#const_10_242" value="ADJP"/><!-- realistic ... achieve -->
  <feat xlink:href="#const_8_244" value="VP"/><!-- to ... achieve -->
  <feat xlink:href="#const_9_244" value="S"/><!-- to ... achieve -->
  <feat xlink:href="#const_7_245" value="VP"/><!-- realize ... achieve -->
  <feat xlink:href="#const_6_246" value="SBAR"/><!-- that ... achieve -->
  <feat xlink:href="#const_0_247" value="NP"/><!-- this goal -->
  <feat xlink:href="#const_5_247" value="S"/><!-- this ... achieve -->
  <feat xlink:href="#const_4_249" value="VP"/><!-- will ... achieve -->
  <feat xlink:href="#const_3_250" value="VP"/><!-- take ... achieve -->
  <feat xlink:href="#const_0_251" value="NP"/><!-- decades -->
  <feat xlink:href="#const_2_251" value="S"/><!-- decades ... achieve -->
  <feat xlink:href="#const_1_252" value="VP"/><!-- to achieve -->
  <feat xlink:href="#const_0_253" value="VP"/><!-- achieve -->
  <feat xlink:href="#const_0_255" value="ADVP"/><!-- However -->
  <feat xlink:href="#const_4_255" value="S"/><!-- However ... . -->
  <feat xlink:href="#const_5_255" value="ROOT"/><!-- However ... . -->
  <feat xlink:href="#const_3_257" value="PP"/><!-- in ... readership -->
  <feat xlink:href="#const_0_258" value="NP"/><!-- terms -->
  <feat xlink:href="#const_2_258" value="NP"/><!-- terms ... readership -->
  <feat xlink:href="#const_1_259" value="PP"/><!-- of readership -->
  <feat xlink:href="#const_0_260" value="NP"/><!-- readership -->
  <feat xlink:href="#const_0_262" value="NP"/><!-- we -->
  <feat xlink:href="#const_3_263" value="VP"/><!-- are ... Wikipedia -->
  <feat xlink:href="#const_0_264" value="ADVP"/><!-- probably -->
  <feat xlink:href="#const_1_265" value="NP"/><!-- the ... wiki -->
  <feat xlink:href="#const_2_265" value="NP"/><!-- the ... Wikipedia -->
  <feat xlink:href="#const_0_266" value="ADJP"/><!-- most popular -->
  <feat xlink:href="#const_1_271" value="PP"/><!-- after Wikipedia -->
  <feat xlink:href="#const_0_272" value="NP"/><!-- Wikipedia -->
  <feat xlink:href="#const_0_274" value="NP"/><!-- We -->
  <feat xlink:href="#const_11_274" value="S"/><!-- We ... . -->
  <feat xlink:href="#const_12_274" value="ROOT"/><!-- We ... . -->
  <feat xlink:href="#const_10_275" value="VP"/><!-- get ... Quantcast -->
  <feat xlink:href="#const_9_276" value="PP"/><!-- over ... Quantcast -->
  <feat xlink:href="#const_0_277" value="QP"/><!-- 14 million -->
  <feat xlink:href="#const_1_277" value="NP"/><!-- 14 ... visitors -->
  <feat xlink:href="#const_8_277" value="NP"/><!-- 14 ... Quantcast -->
  <feat xlink:href="#const_7_281" value="PP"/><!-- per ... Quantcast -->
  <feat xlink:href="#const_0_282" value="NP"/><!-- month -->
  <feat xlink:href="#const_3_282" value="NP"/><!-- month ... ) -->
  <feat xlink:href="#const_6_282" value="NP"/><!-- month ... Quantcast -->
  <feat xlink:href="#const_2_283" value="PRN"/><!-- ( ... ) -->
  <feat xlink:href="#const_0_284" value="NP"/><!-- source -->
  <feat xlink:href="#const_1_284" value="NP"/><!-- source ... Analytics -->
  <feat xlink:href="#const_0_286" value="NP"/><!-- Google Analytics -->
  <feat xlink:href="#const_0_290" value="WHNP"/><!-- which -->
  <feat xlink:href="#const_5_290" value="SBAR"/><!-- which ... Quantcast -->
  <feat xlink:href="#const_3_291" value="VP"/><!-- makes ... Quantcast -->
  <feat xlink:href="#const_4_291" value="S"/><!-- makes ... Quantcast -->
  <feat xlink:href="#const_0_292" value="NP"/><!-- us -->
  <feat xlink:href="#const_0_293" value="NP"/><!-- the ... site -->
  <feat xlink:href="#const_2_298" value="PP"/><!-- according ... Quantcast -->
  <feat xlink:href="#const_1_299" value="PP"/><!-- to Quantcast -->
  <feat xlink:href="#const_0_300" value="NP"/><!-- Quantcast -->
  <feat xlink:href="#const_0_302" value="NP"/><!-- [ -->
  <feat xlink:href="#const_7_302" value="S"/><!-- [ ... ] -->
  <feat xlink:href="#const_8_302" value="ROOT"/><!-- [ ... ] -->
  <feat xlink:href="#const_6_303" value="VP"/><!-- Note ... met -->
  <feat xlink:href="#const_0_305" value="NP"/><!-- The interview -->
  <feat xlink:href="#const_5_305" value="S"/><!-- The ... met -->
  <feat xlink:href="#const_4_307" value="VP"/><!-- took ... met -->
  <feat xlink:href="#const_0_308" value="NP"/><!-- place -->
  <feat xlink:href="#const_3_309" value="SBAR"/><!-- just ... met -->
  <feat xlink:href="#const_0_311" value="NP"/><!-- the ... milestone -->
  <feat xlink:href="#const_2_311" value="S"/><!-- the ... met -->
  <feat xlink:href="#const_1_314" value="VP"/><!-- was met -->
  <feat xlink:href="#const_0_315" value="VP"/><!-- met -->
  <feat xlink:href="#const_1_317" value="PP"/><!-- Like Wikipedia -->
  <feat xlink:href="#const_7_317" value="S"/><!-- Like ... . -->
  <feat xlink:href="#const_8_317" value="ROOT"/><!-- Like ... . -->
  <feat xlink:href="#const_0_318" value="NP"/><!-- Wikipedia -->
  <feat xlink:href="#const_0_320" value="NP"/><!-- wikiHow -->
  <feat xlink:href="#const_6_321" value="VP"/><!-- is ... software -->
  <feat xlink:href="#const_0_322" value="NP"/><!-- a wiki -->
  <feat xlink:href="#const_5_322" value="NP"/><!-- a ... software -->
  <feat xlink:href="#const_0_324" value="WHNP"/><!-- that -->
  <feat xlink:href="#const_4_324" value="SBAR"/><!-- that ... software -->
  <feat xlink:href="#const_2_325" value="VP"/><!-- runs ... software -->
  <feat xlink:href="#const_3_325" value="S"/><!-- runs ... software -->
  <feat xlink:href="#const_1_326" value="PP"/><!-- on ... software -->
  <feat xlink:href="#const_0_327" value="NP"/><!-- Mediawiki software -->
  <feat xlink:href="#const_0_330" value="NP"/><!-- Our community -->
  <feat xlink:href="#const_8_330" value="S"/><!-- Our ... . -->
  <feat xlink:href="#const_9_330" value="ROOT"/><!-- Our ... . -->
  <feat xlink:href="#const_7_332" value="VP"/><!-- is ... world -->
  <feat xlink:href="#const_6_333" value="ADJP"/><!-- full ... world -->
  <feat xlink:href="#const_5_334" value="PP"/><!-- of ... world -->
  <feat xlink:href="#const_0_335" value="NP"/><!-- volunteers -->
  <feat xlink:href="#const_4_335" value="NP"/><!-- volunteers ... world -->
  <feat xlink:href="#const_3_336" value="PP"/><!-- from ... world -->
  <feat xlink:href="#const_0_337" value="NP"/><!-- all -->
  <feat xlink:href="#const_2_337" value="NP"/><!-- all ... world -->
  <feat xlink:href="#const_1_338" value="PP"/><!-- over ... world -->
  <feat xlink:href="#const_0_339" value="NP"/><!-- the world -->
  <feat xlink:href="#const_0_342" value="NP"/><!-- That -->
  <feat xlink:href="#const_1_342" value="S"/><!-- That said -->
  <feat xlink:href="#const_6_342" value="S"/><!-- That ... : -->
  <feat xlink:href="#const_7_342" value="ROOT"/><!-- That ... : -->
  <feat xlink:href="#const_0_343" value="VP"/><!-- said -->
  <feat xlink:href="#const_0_345" value="NP"/><!-- we -->
  <feat xlink:href="#const_5_346" value="VP"/><!-- are ... respects -->
  <feat xlink:href="#const_4_347" value="ADJP"/><!-- quite ... respects -->
  <feat xlink:href="#const_3_349" value="PP"/><!-- from ... respects -->
  <feat xlink:href="#const_0_350" value="NP"/><!-- Wikipedia -->
  <feat xlink:href="#const_2_350" value="NP"/><!-- Wikipedia ... respects -->
  <feat xlink:href="#const_1_351" value="PP"/><!-- in ... respects -->
  <feat xlink:href="#const_0_352" value="NP"/><!-- several respects -->
  <feat xlink:href="#const_0_355" value="NP"/><!-- We -->
  <feat xlink:href="#const_2_355" value="S"/><!-- We ... . -->
  <feat xlink:href="#const_3_355" value="ROOT"/><!-- We ... . -->
  <feat xlink:href="#const_1_356" value="VP"/><!-- are ... smaller -->
  <feat xlink:href="#const_0_357" value="ADJP"/><!-- much smaller -->
  <feat xlink:href="#const_0_360" value="NP"/><!-- The ... wikiHow -->
  <feat xlink:href="#const_7_360" value="S"/><!-- The ... . -->
  <feat xlink:href="#const_8_360" value="ROOT"/><!-- The ... . -->
  <feat xlink:href="#const_6_363" value="VP"/><!-- has ... Wikipedia -->
  <feat xlink:href="#const_0_364" value="QP"/><!-- only 60 -->
  <feat xlink:href="#const_1_364" value="NP"/><!-- only ... admins -->
  <feat xlink:href="#const_5_368" value="PP"/><!-- compared ... Wikipedia -->
  <feat xlink:href="#const_4_369" value="PP"/><!-- to ... Wikipedia -->
  <feat xlink:href="#const_0_370" value="NP"/><!-- the 1000 -->
  <feat xlink:href="#const_3_370" value="NP"/><!-- the ... Wikipedia -->
  <feat xlink:href="#const_0_372" value="X"/><!-- + -->
  <feat xlink:href="#const_2_372" value="X"/><!-- + ... Wikipedia -->
  <feat xlink:href="#const_1_373" value="PP"/><!-- on ... Wikipedia -->
  <feat xlink:href="#const_0_374" value="NP"/><!-- English Wikipedia -->
  <feat xlink:href="#const_1_377" value="PP"/><!-- As ... result -->
  <feat xlink:href="#const_8_377" value="S"/><!-- As ... . -->
  <feat xlink:href="#const_9_377" value="ROOT"/><!-- As ... . -->
  <feat xlink:href="#const_0_378" value="NP"/><!-- a result -->
  <feat xlink:href="#const_0_381" value="NP"/><!-- wikiHow -->
  <feat xlink:href="#const_7_382" value="VP"/><!-- is ... editors -->
  <feat xlink:href="#const_0_383" value="ADVP"/><!-- still -->
  <feat xlink:href="#const_1_384" value="PP"/><!-- at ... size -->
  <feat xlink:href="#const_0_385" value="NP"/><!-- the size -->
  <feat xlink:href="#const_6_387" value="SBAR"/><!-- that ... editors -->
  <feat xlink:href="#const_0_388" value="NP"/><!-- every editor -->
  <feat xlink:href="#const_5_388" value="S"/><!-- every ... editors -->
  <feat xlink:href="#const_0_390" value="ADVP"/><!-- eventually -->
  <feat xlink:href="#const_4_391" value="VP"/><!-- gets ... editors -->
  <feat xlink:href="#const_2_392" value="VP"/><!-- to ... editors -->
  <feat xlink:href="#const_3_392" value="S"/><!-- to ... editors -->
  <feat xlink:href="#const_1_393" value="VP"/><!-- know ... editors -->
  <feat xlink:href="#const_0_394" value="NP"/><!-- other editors -->
  <feat xlink:href="#const_0_397" value="NP"/><!-- We -->
  <feat xlink:href="#const_10_397" value="S"/><!-- We ... . -->
  <feat xlink:href="#const_11_397" value="ROOT"/><!-- We ... . -->
  <feat xlink:href="#const_9_398" value="VP"/><!-- are ... good -->
  <feat xlink:href="#const_8_399" value="VP"/><!-- run ... good -->
  <feat xlink:href="#const_7_400" value="PP"/><!-- as ... good -->
  <feat xlink:href="#const_0_401" value="NP"/><!-- a ... Organization -->
  <feat xlink:href="#const_6_401" value="NP"/><!-- a ... good -->
  <feat xlink:href="#const_0_405" value="NP"/><!-- a ... company -->
  <feat xlink:href="#const_5_405" value="NP"/><!-- a ... good -->
  <feat xlink:href="#const_4_408" value="VP"/><!-- focused ... good -->
  <feat xlink:href="#const_3_409" value="PP"/><!-- on ... good -->
  <feat xlink:href="#const_1_410" value="VP"/><!-- achieving ... good -->
  <feat xlink:href="#const_2_410" value="S"/><!-- achieving ... good -->
  <feat xlink:href="#const_0_411" value="NP"/><!-- a ... good -->
  <feat xlink:href="#const_0_415" value="NP"/><!-- This -->
  <feat xlink:href="#const_9_415" value="S"/><!-- This ... . -->
  <feat xlink:href="#const_10_415" value="ROOT"/><!-- This ... . -->
  <feat xlink:href="#const_8_416" value="VP"/><!-- has ... Foundation -->
  <feat xlink:href="#const_0_417" value="NP"/><!-- several ... disadvantages -->
  <feat xlink:href="#const_7_417" value="NP"/><!-- several ... Foundation -->
  <feat xlink:href="#const_0_421" value="WHADVP"/><!-- when -->
  <feat xlink:href="#const_6_421" value="SBAR"/><!-- when ... Foundation -->
  <feat xlink:href="#const_4_422" value="VP"/><!-- compared ... Foundation -->
  <feat xlink:href="#const_5_422" value="S"/><!-- compared ... Foundation -->
  <feat xlink:href="#const_3_423" value="PP"/><!-- to ... Foundation -->
  <feat xlink:href="#const_0_424" value="NP"/><!-- the ... structure -->
  <feat xlink:href="#const_2_424" value="NP"/><!-- the ... Foundation -->
  <feat xlink:href="#const_1_427" value="PP"/><!-- at ... Foundation -->
  <feat xlink:href="#const_0_428" value="NP"/><!-- the ... Foundation -->
  <feat xlink:href="#const_0_432" value="NP"/><!-- We -->
  <feat xlink:href="#const_4_432" value="S"/><!-- We ... . -->
  <feat xlink:href="#const_5_432" value="ROOT"/><!-- We ... . -->
  <feat xlink:href="#const_2_433" value="VP"/><!-- show ... visitors -->
  <feat xlink:href="#const_3_433" value="VP"/><!-- show ... donations -->
  <feat xlink:href="#const_0_434" value="NP"/><!-- opt-out advertising -->
  <feat xlink:href="#const_1_436" value="PP"/><!-- to ... visitors -->
  <feat xlink:href="#const_0_437" value="NP"/><!-- anonymous visitors -->
  <feat xlink:href="#const_0_439" value="CONJP"/><!-- rather than -->
  <feat xlink:href="#const_2_441" value="VP"/><!-- ask ... donations -->
  <feat xlink:href="#const_1_442" value="PP"/><!-- for donations -->
  <feat xlink:href="#const_0_443" value="NP"/><!-- donations -->
  <feat xlink:href="#const_0_445" value="NP"/><!-- Our ... revenue -->
  <feat xlink:href="#const_10_445" value="S"/><!-- Our ... . -->
  <feat xlink:href="#const_11_445" value="ROOT"/><!-- Our ... . -->
  <feat xlink:href="#const_1_448" value="VP"/><!-- funds ... meetups -->
  <feat xlink:href="#const_9_448" value="VP"/><!-- funds ... Commons -->
  <feat xlink:href="#const_0_449" value="NP"/><!-- community meetups -->
  <feat xlink:href="#const_8_452" value="VP"/><!-- has ... Commons -->
  <feat xlink:href="#const_0_453" value="ADVP"/><!-- even -->
  <feat xlink:href="#const_7_454" value="VP"/><!-- allowed ... Commons -->
  <feat xlink:href="#const_0_455" value="NP"/><!-- us -->
  <feat xlink:href="#const_6_455" value="S"/><!-- us ... Commons -->
  <feat xlink:href="#const_5_456" value="VP"/><!-- to ... Commons -->
  <feat xlink:href="#const_4_457" value="VP"/><!-- donate ... Commons -->
  <feat xlink:href="#const_3_458" value="PP"/><!-- over ... 60000 -->
  <feat xlink:href="#const_1_459" value="VP"/><!-- $ 60000 -->
  <feat xlink:href="#const_2_459" value="S"/><!-- $ 60000 -->
  <feat xlink:href="#const_0_460" value="NP"/><!-- 60000 -->
  <feat xlink:href="#const_3_461" value="PP"/><!-- to ... Commons -->
  <feat xlink:href="#const_0_462" value="NP"/><!-- charities -->
  <feat xlink:href="#const_2_462" value="NP"/><!-- charities ... Commons -->
  <feat xlink:href="#const_1_463" value="PP"/><!-- such ... Commons -->
  <feat xlink:href="#const_0_465" value="NP"/><!-- the ... Commons -->
  <feat xlink:href="#const_1_472" value="FRAG"/><!-- ( ... . -->
  <feat xlink:href="#const_2_472" value="ROOT"/><!-- ( ... . -->
  <feat xlink:href="#const_0_473" value="NP"/><!-- http://www.wikihow.com/wikiHow:Contributions-to-Charity -->
  <feat xlink:href="#const_1_476" value="PP"/><!-- In addition -->
  <feat xlink:href="#const_12_476" value="S"/><!-- In ... . -->
  <feat xlink:href="#const_13_476" value="ROOT"/><!-- In ... . -->
  <feat xlink:href="#const_0_477" value="NP"/><!-- addition -->
  <feat xlink:href="#const_0_479" value="NP"/><!-- we -->
  <feat xlink:href="#const_11_480" value="VP"/><!-- &apos;ve ... neutral -->
  <feat xlink:href="#const_10_481" value="VP"/><!-- used ... neutral -->
  <feat xlink:href="#const_0_482" value="NP"/><!-- our revenue -->
  <feat xlink:href="#const_9_484" value="PP"/><!-- on ... neutral -->
  <feat xlink:href="#const_0_485" value="NP"/><!-- things -->
  <feat xlink:href="#const_8_485" value="NP"/><!-- things ... neutral -->
  <feat xlink:href="#const_7_486" value="PP"/><!-- like ... neutral -->
  <feat xlink:href="#const_5_487" value="VP"/><!-- buying ... neutral -->
  <feat xlink:href="#const_6_487" value="S"/><!-- buying ... neutral -->
  <feat xlink:href="#const_0_488" value="NP"/><!-- carbon offsets -->
  <feat xlink:href="#const_3_490" value="VP"/><!-- to ... neutral -->
  <feat xlink:href="#const_4_490" value="S"/><!-- to ... neutral -->
  <feat xlink:href="#const_2_491" value="VP"/><!-- become ... neutral -->
  <feat xlink:href="#const_0_492" value="NP"/><!-- carbon -->
  <feat xlink:href="#const_1_492" value="S"/><!-- carbon neutral -->
  <feat xlink:href="#const_0_493" value="ADJP"/><!-- neutral -->
  <feat xlink:href="#const_0_495" value="NP"/><!-- ( ... ) -->
  <feat xlink:href="#const_1_495" value="NP"/><!-- ( ... culture -->
  <feat xlink:href="#const_4_495" value="S"/><!-- ( ... . -->
  <feat xlink:href="#const_5_495" value="ROOT"/><!-- ( ... . -->
  <feat xlink:href="#const_0_498" value="NP"/><!-- Our ... culture -->
  <feat xlink:href="#const_3_501" value="VP"/><!-- is ... civility -->
  <feat xlink:href="#const_2_502" value="VP"/><!-- focused ... civility -->
  <feat xlink:href="#const_1_503" value="PP"/><!-- on ... civility -->
  <feat xlink:href="#const_0_504" value="NP"/><!-- wikiLove ... civility -->
  <feat xlink:href="#const_1_508" value="PP"/><!-- As ... result -->
  <feat xlink:href="#const_11_508" value="S"/><!-- As ... . -->
  <feat xlink:href="#const_12_508" value="ROOT"/><!-- As ... . -->
  <feat xlink:href="#const_0_509" value="NP"/><!-- a result -->
  <feat xlink:href="#const_0_511" value="NP"/><!-- some folks -->
  <feat xlink:href="#const_10_513" value="VP"/><!-- believe ... online -->
  <feat xlink:href="#const_0_514" value="NP"/><!-- wikiHow -->
  <feat xlink:href="#const_8_514" value="S"/><!-- wikiHow ... online -->
  <feat xlink:href="#const_9_514" value="SBAR"/><!-- wikiHow ... online -->
  <feat xlink:href="#const_7_515" value="VP"/><!-- is ... online -->
  <feat xlink:href="#const_6_516" value="NP"/><!-- a ... online -->
  <feat xlink:href="#const_0_517" value="ADJP"/><!-- more ... enjoyable -->
  <feat xlink:href="#const_4_522" value="VP"/><!-- to ... online -->
  <feat xlink:href="#const_5_522" value="S"/><!-- to ... online -->
  <feat xlink:href="#const_3_523" value="VP"/><!-- work ... online -->
  <feat xlink:href="#const_2_524" value="PP"/><!-- than ... online -->
  <feat xlink:href="#const_0_525" value="NP"/><!-- other places -->
  <feat xlink:href="#const_1_525" value="NP"/><!-- other ... online -->
  <feat xlink:href="#const_0_529" value="WHADVP"/><!-- Why -->
  <feat xlink:href="#const_6_529" value="SBARQ"/><!-- Why ... ? -->
  <feat xlink:href="#const_7_529" value="ROOT"/><!-- Why ... ? -->
  <feat xlink:href="#const_5_530" value="SQ"/><!-- did ... wikiHow -->
  <feat xlink:href="#const_0_531" value="NP"/><!-- you -->
  <feat xlink:href="#const_4_532" value="VP"/><!-- decide ... wikiHow -->
  <feat xlink:href="#const_2_533" value="VP"/><!-- to ... wikiHow -->
  <feat xlink:href="#const_3_533" value="S"/><!-- to ... wikiHow -->
  <feat xlink:href="#const_1_534" value="VP"/><!-- create wikiHow -->
  <feat xlink:href="#const_0_535" value="NP"/><!-- wikiHow -->
  <feat xlink:href="#const_0_537" value="NP"/><!-- I -->
  <feat xlink:href="#const_12_537" value="S"/><!-- I ... . -->
  <feat xlink:href="#const_13_537" value="ROOT"/><!-- I ... . -->
  <feat xlink:href="#const_11_538" value="VP"/><!-- think ... person -->
  <feat xlink:href="#const_10_539" value="SBAR"/><!-- that ... person -->
  <feat xlink:href="#const_2_540" value="VP"/><!-- providing ... education -->
  <feat xlink:href="#const_3_540" value="S"/><!-- providing ... education -->
  <feat xlink:href="#const_9_540" value="S"/><!-- providing ... person -->
  <feat xlink:href="#const_0_541" value="NP"/><!-- people -->
  <feat xlink:href="#const_1_542" value="PP"/><!-- with ... education -->
  <feat xlink:href="#const_0_543" value="NP"/><!-- a ... education -->
  <feat xlink:href="#const_8_546" value="VP"/><!-- is ... person -->
  <feat xlink:href="#const_0_547" value="NP"/><!-- one -->
  <feat xlink:href="#const_7_547" value="NP"/><!-- one ... person -->
  <feat xlink:href="#const_6_548" value="PP"/><!-- of ... person -->
  <feat xlink:href="#const_1_549" value="NP"/><!-- the ... things -->
  <feat xlink:href="#const_5_549" value="NP"/><!-- the ... person -->
  <feat xlink:href="#const_0_550" value="ADJP"/><!-- most empowering -->
  <feat xlink:href="#const_0_553" value="NP"/><!-- you -->
  <feat xlink:href="#const_3_553" value="S"/><!-- you ... person -->
  <feat xlink:href="#const_4_553" value="SBAR"/><!-- you ... person -->
  <feat xlink:href="#const_2_554" value="VP"/><!-- can ... person -->
  <feat xlink:href="#const_1_555" value="VP"/><!-- offer ... person -->
  <feat xlink:href="#const_0_556" value="NP"/><!-- a person -->
  <feat xlink:href="#const_12_559" value="VP"/><!-- Imagine ... imagine -->
  <feat xlink:href="#const_13_559" value="S"/><!-- Imagine ... . -->
  <feat xlink:href="#const_14_559" value="ROOT"/><!-- Imagine ... . -->
  <feat xlink:href="#const_10_560" value="VP"/><!-- having ... imagine -->
  <feat xlink:href="#const_11_560" value="S"/><!-- having ... imagine -->
  <feat xlink:href="#const_0_561" value="NP"/><!-- detailed ... instructions -->
  <feat xlink:href="#const_9_564" value="PP"/><!-- on ... imagine -->
  <feat xlink:href="#const_0_565" value="WHADVP"/><!-- how -->
  <feat xlink:href="#const_8_565" value="SBAR"/><!-- how ... imagine -->
  <feat xlink:href="#const_6_566" value="VP"/><!-- to ... imagine -->
  <feat xlink:href="#const_7_566" value="S"/><!-- to ... imagine -->
  <feat xlink:href="#const_5_567" value="VP"/><!-- do ... imagine -->
  <feat xlink:href="#const_0_568" value="NP"/><!-- any activity -->
  <feat xlink:href="#const_4_568" value="NP"/><!-- any ... imagine -->
  <feat xlink:href="#const_0_570" value="NP"/><!-- you -->
  <feat xlink:href="#const_2_570" value="S"/><!-- you ... imagine -->
  <feat xlink:href="#const_3_570" value="SBAR"/><!-- you ... imagine -->
  <feat xlink:href="#const_1_571" value="VP"/><!-- could imagine -->
  <feat xlink:href="#const_0_572" value="VP"/><!-- imagine -->
  <feat xlink:href="#const_0_574" value="WHNP"/><!-- How much -->
  <feat xlink:href="#const_1_574" value="WHNP"/><!-- How ... more -->
  <feat xlink:href="#const_7_574" value="SBARQ"/><!-- How ... ? -->
  <feat xlink:href="#const_8_574" value="S"/><!-- How ... . -->
  <feat xlink:href="#const_9_574" value="ROOT"/><!-- How ... . -->
  <feat xlink:href="#const_0_576" value="ADJP"/><!-- more -->
  <feat xlink:href="#const_6_577" value="SQ"/><!-- could ... activity -->
  <feat xlink:href="#const_0_578" value="NP"/><!-- you -->
  <feat xlink:href="#const_5_579" value="VP"/><!-- accomplish ... activity -->
  <feat xlink:href="#const_1_580" value="PP"/><!-- as ... individual -->
  <feat xlink:href="#const_0_581" value="NP"/><!-- an individual -->
  <feat xlink:href="#const_4_583" value="SBAR"/><!-- if ... activity -->
  <feat xlink:href="#const_0_584" value="NP"/><!-- you -->
  <feat xlink:href="#const_3_584" value="S"/><!-- you ... activity -->
  <feat xlink:href="#const_2_585" value="VP"/><!-- could ... activity -->
  <feat xlink:href="#const_1_586" value="VP"/><!-- learn ... activity -->
  <feat xlink:href="#const_0_587" value="NP"/><!-- any activity -->
  <feat xlink:href="#const_0_590" value="NP"/><!-- I -->
  <feat xlink:href="#const_7_591" value="VP"/><!-- think ... world -->
  <feat xlink:href="#const_6_592" value="SBAR"/><!-- that ... world -->
  <feat xlink:href="#const_1_593" value="VP"/><!-- building ... manual -->
  <feat xlink:href="#const_2_593" value="S"/><!-- building ... manual -->
  <feat xlink:href="#const_5_593" value="S"/><!-- building ... world -->
  <feat xlink:href="#const_0_594" value="NP"/><!-- a ... manual -->
  <feat xlink:href="#const_4_598" value="VP"/><!-- would ... world -->
  <feat xlink:href="#const_3_599" value="VP"/><!-- be ... world -->
  <feat xlink:href="#const_0_600" value="NP"/><!-- a ... gift -->
  <feat xlink:href="#const_2_600" value="NP"/><!-- a ... world -->
  <feat xlink:href="#const_1_603" value="PP"/><!-- for ... world -->
  <feat xlink:href="#const_0_604" value="NP"/><!-- the world -->
  <feat xlink:href="#const_0_607" value="NP"/><!-- Knowledge -->
  <feat xlink:href="#const_2_607" value="S"/><!-- Knowledge ... power -->
  <feat xlink:href="#const_11_607" value="S"/><!-- Knowledge ... . -->
  <feat xlink:href="#const_12_607" value="ROOT"/><!-- Knowledge ... . -->
  <feat xlink:href="#const_1_608" value="VP"/><!-- is power -->
  <feat xlink:href="#const_0_609" value="NP"/><!-- power -->
  <feat xlink:href="#const_0_611" value="NP"/><!-- wikiHow -->
  <feat xlink:href="#const_10_611" value="S"/><!-- wikiHow ... powerful -->
  <feat xlink:href="#const_9_612" value="VP"/><!-- has ... powerful -->
  <feat xlink:href="#const_8_613" value="NP"/><!-- the ... powerful -->
  <feat xlink:href="#const_6_615" value="VP"/><!-- to ... powerful -->
  <feat xlink:href="#const_7_615" value="S"/><!-- to ... powerful -->
  <feat xlink:href="#const_5_616" value="VP"/><!-- make ... powerful -->
  <feat xlink:href="#const_0_617" value="NP"/><!-- all -->
  <feat xlink:href="#const_3_617" value="NP"/><!-- all ... bit -->
  <feat xlink:href="#const_4_617" value="S"/><!-- all ... powerful -->
  <feat xlink:href="#const_2_618" value="PP"/><!-- of ... bit -->
  <feat xlink:href="#const_0_619" value="NP"/><!-- us -->
  <feat xlink:href="#const_1_619" value="NP"/><!-- us ... bit -->
  <feat xlink:href="#const_0_620" value="NP"/><!-- a bit -->
  <feat xlink:href="#const_0_622" value="ADJP"/><!-- more powerful -->
  <feat xlink:href="#const_0_625" value="NP"/><!-- I -->
  <feat xlink:href="#const_7_625" value="S"/><!-- I ... . -->
  <feat xlink:href="#const_8_625" value="ROOT"/><!-- I ... . -->
  <feat xlink:href="#const_6_626" value="VP"/><!-- &apos;ve ... wikiHow -->
  <feat xlink:href="#const_5_627" value="VP"/><!-- been ... wikiHow -->
  <feat xlink:href="#const_4_628" value="ADJP"/><!-- interested ... manual -->
  <feat xlink:href="#const_3_629" value="PP"/><!-- in ... manual -->
  <feat xlink:href="#const_1_630" value="VP"/><!-- building ... manual -->
  <feat xlink:href="#const_2_630" value="S"/><!-- building ... manual -->
  <feat xlink:href="#const_0_631" value="NP"/><!-- a ... manual -->
  <feat xlink:href="#const_3_635" value="SBAR"/><!-- long ... wikiHow -->
  <feat xlink:href="#const_0_637" value="NP"/><!-- I -->
  <feat xlink:href="#const_2_637" value="S"/><!-- I ... wikiHow -->
  <feat xlink:href="#const_0_638" value="ADVP"/><!-- first -->
  <feat xlink:href="#const_1_639" value="VP"/><!-- envisioned wikiHow -->
  <feat xlink:href="#const_0_640" value="NP"/><!-- wikiHow -->
  <feat xlink:href="#const_0_642" value="NP"/><!-- My ... attempt -->
  <feat xlink:href="#const_4_642" value="NP"/><!-- My ... resource -->
  <feat xlink:href="#const_10_642" value="S"/><!-- My ... . -->
  <feat xlink:href="#const_11_642" value="ROOT"/><!-- My ... . -->
  <feat xlink:href="#const_3_645" value="PP"/><!-- at ... resource -->
  <feat xlink:href="#const_1_646" value="VP"/><!-- building ... resource -->
  <feat xlink:href="#const_2_646" value="S"/><!-- building ... resource -->
  <feat xlink:href="#const_0_647" value="NP"/><!-- this resource -->
  <feat xlink:href="#const_9_649" value="VP"/><!-- was ... eHow -->
  <feat xlink:href="#const_0_650" value="NP"/><!-- a website -->
  <feat xlink:href="#const_8_650" value="NP"/><!-- a ... eHow -->
  <feat xlink:href="#const_0_652" value="NP"/><!-- I -->
  <feat xlink:href="#const_6_652" value="S"/><!-- I ... eHow -->
  <feat xlink:href="#const_7_652" value="SBAR"/><!-- I ... eHow -->
  <feat xlink:href="#const_5_653" value="VP"/><!-- used ... eHow -->
  <feat xlink:href="#const_3_654" value="VP"/><!-- to ... eHow -->
  <feat xlink:href="#const_4_654" value="S"/><!-- to ... eHow -->
  <feat xlink:href="#const_2_655" value="VP"/><!-- run ... eHow -->
  <feat xlink:href="#const_1_656" value="VP"/><!-- called eHow -->
  <feat xlink:href="#const_0_657" value="NP"/><!-- eHow -->
  <feat xlink:href="#const_0_659" value="NP"/><!-- eHow -->
  <feat xlink:href="#const_10_659" value="S"/><!-- eHow ... . -->
  <feat xlink:href="#const_11_659" value="ROOT"/><!-- eHow ... . -->
  <feat xlink:href="#const_0_660" value="VP"/><!-- was -->
  <feat xlink:href="#const_9_660" value="VP"/><!-- was ... world -->
  <feat xlink:href="#const_8_662" value="VP"/><!-- continues ... world -->
  <feat xlink:href="#const_6_663" value="VP"/><!-- to ... world -->
  <feat xlink:href="#const_7_663" value="S"/><!-- to ... world -->
  <feat xlink:href="#const_1_664" value="VP"/><!-- be ... largest -->
  <feat xlink:href="#const_5_664" value="VP"/><!-- be ... world -->
  <feat xlink:href="#const_0_665" value="NP"/><!-- the largest -->
  <feat xlink:href="#const_0_668" value="NP"/><!-- how -->
  <feat xlink:href="#const_4_668" value="VP"/><!-- how ... world -->
  <feat xlink:href="#const_3_669" value="PP"/><!-- to ... world -->
  <feat xlink:href="#const_0_670" value="NP"/><!-- website -->
  <feat xlink:href="#const_2_670" value="NP"/><!-- website ... world -->
  <feat xlink:href="#const_1_671" value="PP"/><!-- in ... world -->
  <feat xlink:href="#const_0_672" value="NP"/><!-- the world -->
  <feat xlink:href="#const_0_675" value="NP"/><!-- eHow -->
  <feat xlink:href="#const_5_675" value="S"/><!-- eHow ... . -->
  <feat xlink:href="#const_6_675" value="ROOT"/><!-- eHow ... . -->
  <feat xlink:href="#const_4_676" value="VP"/><!-- contains ... software -->
  <feat xlink:href="#const_0_677" value="NP"/><!-- copyrighted content -->
  <feat xlink:href="#const_3_677" value="NP"/><!-- copyrighted ... software -->
  <feat xlink:href="#const_2_679" value="VP"/><!-- run ... software -->
  <feat xlink:href="#const_1_680" value="PP"/><!-- on ... software -->
  <feat xlink:href="#const_0_681" value="NP"/><!-- proprietary software -->
  <feat xlink:href="#const_0_684" value="WHADVP"/><!-- When -->
  <feat xlink:href="#const_3_684" value="SBAR"/><!-- When ... eHow -->
  <feat xlink:href="#const_4_684" value="S"/><!-- When ... . -->
  <feat xlink:href="#const_5_684" value="ROOT"/><!-- When ... . -->
  <feat xlink:href="#const_0_685" value="NP"/><!-- I -->
  <feat xlink:href="#const_2_685" value="S"/><!-- I ... eHow -->
  <feat xlink:href="#const_1_686" value="VP"/><!-- ran eHow -->
  <feat xlink:href="#const_0_687" value="NP"/><!-- eHow -->
  <feat xlink:href="#const_0_689" value="NP"/><!-- the content -->
  <feat xlink:href="#const_1_691" value="VP"/><!-- was ... edited -->
  <feat xlink:href="#const_0_692" value="ADVP"/><!-- professionally -->
  <feat xlink:href="#const_0_693" value="VP"/><!-- produced ... edited -->
  <feat xlink:href="#const_0_697" value="NP"/><!-- This ... model -->
  <feat xlink:href="#const_15_697" value="S"/><!-- This ... . -->
  <feat xlink:href="#const_16_697" value="ROOT"/><!-- This ... . -->
  <feat xlink:href="#const_14_700" value="VP"/><!-- worked ... markets -->
  <feat xlink:href="#const_13_701" value="PP"/><!-- for ... markets -->
  <feat xlink:href="#const_11_702" value="VP"/><!-- producing ... markets -->
  <feat xlink:href="#const_12_702" value="S"/><!-- producing ... markets -->
  <feat xlink:href="#const_0_703" value="NP"/><!-- content -->
  <feat xlink:href="#const_10_704" value="PP"/><!-- on ... markets -->
  <feat xlink:href="#const_0_705" value="NP"/><!-- topics -->
  <feat xlink:href="#const_9_705" value="NP"/><!-- topics ... markets -->
  <feat xlink:href="#const_0_706" value="WHNP"/><!-- that -->
  <feat xlink:href="#const_8_706" value="SBAR"/><!-- that ... markets -->
  <feat xlink:href="#const_6_707" value="VP"/><!-- appeal ... markets -->
  <feat xlink:href="#const_7_707" value="S"/><!-- appeal ... markets -->
  <feat xlink:href="#const_5_708" value="PP"/><!-- to ... markets -->
  <feat xlink:href="#const_0_709" value="NP"/><!-- advertisers -->
  <feat xlink:href="#const_4_709" value="NP"/><!-- advertisers ... markets -->
  <feat xlink:href="#const_3_710" value="PP"/><!-- in ... English -->
  <feat xlink:href="#const_0_711" value="NP"/><!-- languages -->
  <feat xlink:href="#const_2_711" value="NP"/><!-- languages ... English -->
  <feat xlink:href="#const_1_712" value="PP"/><!-- like English -->
  <feat xlink:href="#const_0_713" value="NP"/><!-- English -->
  <feat xlink:href="#const_0_714" value="WHNP"/><!-- that -->
  <feat xlink:href="#const_3_714" value="SBAR"/><!-- that ... markets -->
  <feat xlink:href="#const_1_715" value="VP"/><!-- have ... markets -->
  <feat xlink:href="#const_2_715" value="S"/><!-- have ... markets -->
  <feat xlink:href="#const_0_716" value="NP"/><!-- large ... markets -->
  <feat xlink:href="#const_0_720" value="ADVP"/><!-- However -->
  <feat xlink:href="#const_10_720" value="S"/><!-- However ... . -->
  <feat xlink:href="#const_11_720" value="ROOT"/><!-- However ... . -->
  <feat xlink:href="#const_4_722" value="VP"/><!-- paying ... ultimately -->
  <feat xlink:href="#const_0_723" value="NP"/><!-- people -->
  <feat xlink:href="#const_2_724" value="VP"/><!-- to ... ultimately -->
  <feat xlink:href="#const_3_724" value="S"/><!-- to ... ultimately -->
  <feat xlink:href="#const_1_725" value="VP"/><!-- write ... ultimately -->
  <feat xlink:href="#const_0_728" value="NP"/><!-- articles -->
  <feat xlink:href="#const_0_729" value="ADVP"/><!-- ultimately -->
  <feat xlink:href="#const_9_730" value="VP"/><!-- means ... sacrifices -->
  <feat xlink:href="#const_8_731" value="SBAR"/><!-- that ... sacrifices -->
  <feat xlink:href="#const_0_732" value="NP"/><!-- you -->
  <feat xlink:href="#const_7_732" value="S"/><!-- you ... sacrifices -->
  <feat xlink:href="#const_6_733" value="VP"/><!-- have ... sacrifices -->
  <feat xlink:href="#const_4_734" value="VP"/><!-- to ... sacrifices -->
  <feat xlink:href="#const_5_734" value="S"/><!-- to ... sacrifices -->
  <feat xlink:href="#const_3_735" value="VP"/><!-- make ... sacrifices -->
  <feat xlink:href="#const_0_736" value="NP"/><!-- one -->
  <feat xlink:href="#const_2_736" value="NP"/><!-- one ... sacrifices -->
  <feat xlink:href="#const_1_737" value="PP"/><!-- of ... sacrifices -->
  <feat xlink:href="#const_0_738" value="NP"/><!-- two sacrifices -->
  <feat xlink:href="#const_0_741" value="NP"/><!-- You -->
  <feat xlink:href="#const_13_741" value="NP"/><!-- You ... you -->
  <feat xlink:href="#const_14_741" value="S"/><!-- You ... . -->
  <feat xlink:href="#const_15_741" value="ROOT"/><!-- You ... . -->
  <feat xlink:href="#const_3_742" value="S"/><!-- either ... breadth -->
  <feat xlink:href="#const_11_742" value="S"/><!-- either ... you -->
  <feat xlink:href="#const_12_742" value="SBAR"/><!-- either ... you -->
  <feat xlink:href="#const_0_743" value="NP"/><!-- 1 -->
  <feat xlink:href="#const_2_745" value="VP"/><!-- sacrifice ... breadth -->
  <feat xlink:href="#const_1_746" value="PP"/><!-- on breadth -->
  <feat xlink:href="#const_0_747" value="NP"/><!-- breadth -->
  <feat xlink:href="#const_9_749" value="VP"/><!-- do ... you -->
  <feat xlink:href="#const_10_749" value="S"/><!-- do ... you -->
  <feat xlink:href="#const_8_751" value="VP"/><!-- produce ... you -->
  <feat xlink:href="#const_0_752" value="NP"/><!-- the topics -->
  <feat xlink:href="#const_7_752" value="NP"/><!-- the ... you -->
  <feat xlink:href="#const_0_754" value="WHNP"/><!-- that -->
  <feat xlink:href="#const_6_754" value="SBAR"/><!-- that ... you -->
  <feat xlink:href="#const_4_755" value="VP"/><!-- wo ... you -->
  <feat xlink:href="#const_5_755" value="S"/><!-- wo ... you -->
  <feat xlink:href="#const_3_757" value="VP"/><!-- interest ... you -->
  <feat xlink:href="#const_0_758" value="NP"/><!-- advertisers -->
  <feat xlink:href="#const_1_758" value="NP"/><!-- advertisers ... ) -->
  <feat xlink:href="#const_2_758" value="S"/><!-- advertisers ... you -->
  <feat xlink:href="#const_0_761" value="NP"/><!-- 2 -->
  <feat xlink:href="#const_0_763" value="NP"/><!-- you -->
  <feat xlink:href="#const_2_764" value="VP"/><!-- sacrifice ... quality -->
  <feat xlink:href="#const_9_764" value="VP"/><!-- sacrifice ... write -->
  <feat xlink:href="#const_1_765" value="PP"/><!-- on quality -->
  <feat xlink:href="#const_0_766" value="NP"/><!-- quality -->
  <feat xlink:href="#const_8_768" value="VP"/><!-- produce ... write -->
  <feat xlink:href="#const_0_769" value="NP"/><!-- content -->
  <feat xlink:href="#const_7_769" value="NP"/><!-- content ... write -->
  <feat xlink:href="#const_0_770" value="WHNP"/><!-- that -->
  <feat xlink:href="#const_6_770" value="SBAR"/><!-- that ... write -->
  <feat xlink:href="#const_4_771" value="VP"/><!-- does ... write -->
  <feat xlink:href="#const_5_771" value="S"/><!-- does ... write -->
  <feat xlink:href="#const_3_773" value="VP"/><!-- cost ... write -->
  <feat xlink:href="#const_0_774" value="NP"/><!-- much -->
  <feat xlink:href="#const_1_775" value="VP"/><!-- to write -->
  <feat xlink:href="#const_2_775" value="S"/><!-- to write -->
  <feat xlink:href="#const_0_776" value="VP"/><!-- write -->
  <feat xlink:href="#const_0_778" value="NP"/><!-- I -->
  <feat xlink:href="#const_18_778" value="S"/><!-- I ... . -->
  <feat xlink:href="#const_19_778" value="ROOT"/><!-- I ... . -->
  <feat xlink:href="#const_17_779" value="VP"/><!-- was ... comprehensive -->
  <feat xlink:href="#const_16_781" value="ADJP"/><!-- interested ... comprehensive -->
  <feat xlink:href="#const_15_782" value="PP"/><!-- in ... comprehensive -->
  <feat xlink:href="#const_13_783" value="VP"/><!-- making ... comprehensive -->
  <feat xlink:href="#const_14_783" value="S"/><!-- making ... comprehensive -->
  <feat xlink:href="#const_0_784" value="NP"/><!-- either -->
  <feat xlink:href="#const_12_785" value="PP"/><!-- of ... comprehensive -->
  <feat xlink:href="#const_0_786" value="NP"/><!-- these sacrifices -->
  <feat xlink:href="#const_11_786" value="NP"/><!-- these ... comprehensive -->
  <feat xlink:href="#const_10_789" value="SBAR"/><!-- as ... comprehensive -->
  <feat xlink:href="#const_0_790" value="NP"/><!-- I -->
  <feat xlink:href="#const_9_790" value="S"/><!-- I ... comprehensive -->
  <feat xlink:href="#const_8_791" value="VP"/><!-- think ... comprehensive -->
  <feat xlink:href="#const_0_792" value="NP"/><!-- the ... s -->
  <feat xlink:href="#const_1_792" value="S"/><!-- the ... s -->
  <feat xlink:href="#const_2_795" value="WHADVP"/><!-- how ... manual -->
  <feat xlink:href="#const_7_795" value="SBAR"/><!-- how ... comprehensive -->
  <feat xlink:href="#const_1_796" value="PP"/><!-- to manual -->
  <feat xlink:href="#const_0_797" value="NP"/><!-- manual -->
  <feat xlink:href="#const_5_798" value="VP"/><!-- needs ... comprehensive -->
  <feat xlink:href="#const_6_798" value="S"/><!-- needs ... comprehensive -->
  <feat xlink:href="#const_3_799" value="VP"/><!-- to ... comprehensive -->
  <feat xlink:href="#const_4_799" value="S"/><!-- to ... comprehensive -->
  <feat xlink:href="#const_2_800" value="VP"/><!-- be ... comprehensive -->
  <feat xlink:href="#const_0_801" value="NP"/><!-- high quality -->
  <feat xlink:href="#const_1_801" value="NP"/><!-- high ... comprehensive -->
  <feat xlink:href="#const_0_804" value="NP"/><!-- comprehensive -->
  <feat xlink:href="#const_9_806" value="S"/><!-- So ... . -->
  <feat xlink:href="#const_10_806" value="ROOT"/><!-- So ... . -->
  <feat xlink:href="#const_0_807" value="ADVP"/><!-- ultimately -->
  <feat xlink:href="#const_0_808" value="NP"/><!-- I -->
  <feat xlink:href="#const_8_809" value="VP"/><!-- decided ... envisioned -->
  <feat xlink:href="#const_7_810" value="SBAR"/><!-- that ... envisioned -->
  <feat xlink:href="#const_0_811" value="NP"/><!-- eHow s -->
  <feat xlink:href="#const_1_811" value="NP"/><!-- eHow ... model -->
  <feat xlink:href="#const_6_811" value="S"/><!-- eHow ... envisioned -->
  <feat xlink:href="#const_5_814" value="VP"/><!-- would ... envisioned -->
  <feat xlink:href="#const_4_816" value="VP"/><!-- build ... envisioned -->
  <feat xlink:href="#const_0_817" value="NP"/><!-- the resource -->
  <feat xlink:href="#const_3_817" value="NP"/><!-- the ... envisioned -->
  <feat xlink:href="#const_0_819" value="NP"/><!-- I -->
  <feat xlink:href="#const_1_819" value="S"/><!-- I envisioned -->
  <feat xlink:href="#const_2_819" value="SBAR"/><!-- I envisioned -->
  <feat xlink:href="#const_0_820" value="VP"/><!-- envisioned -->
  <feat xlink:href="#const_0_822" value="WHADVP"/><!-- When -->
  <feat xlink:href="#const_3_822" value="SBAR"/><!-- When ... Wikipedia -->
  <feat xlink:href="#const_12_822" value="S"/><!-- When ... . -->
  <feat xlink:href="#const_13_822" value="ROOT"/><!-- When ... . -->
  <feat xlink:href="#const_0_823" value="NP"/><!-- I -->
  <feat xlink:href="#const_2_823" value="S"/><!-- I ... Wikipedia -->
  <feat xlink:href="#const_1_824" value="VP"/><!-- discovered Wikipedia -->
  <feat xlink:href="#const_0_825" value="NP"/><!-- Wikipedia -->
  <feat xlink:href="#const_0_827" value="NP"/><!-- I -->
  <feat xlink:href="#const_11_828" value="VP"/><!-- recognized ... needs -->
  <feat xlink:href="#const_10_829" value="SBAR"/><!-- that ... needs -->
  <feat xlink:href="#const_0_830" value="NP"/><!-- the ... model -->
  <feat xlink:href="#const_9_830" value="S"/><!-- the ... needs -->
  <feat xlink:href="#const_8_833" value="VP"/><!-- had ... needs -->
  <feat xlink:href="#const_7_834" value="NP"/><!-- the ... needs -->
  <feat xlink:href="#const_5_836" value="VP"/><!-- to ... needs -->
  <feat xlink:href="#const_6_836" value="S"/><!-- to ... needs -->
  <feat xlink:href="#const_4_837" value="VP"/><!-- build ... needs -->
  <feat xlink:href="#const_0_838" value="NP"/><!-- the ... resource -->
  <feat xlink:href="#const_3_838" value="NP"/><!-- the ... needs -->
  <feat xlink:href="#const_0_841" value="NP"/><!-- the world -->
  <feat xlink:href="#const_1_841" value="S"/><!-- the ... needs -->
  <feat xlink:href="#const_2_841" value="SBAR"/><!-- the ... needs -->
  <feat xlink:href="#const_0_843" value="ADVP"/><!-- really -->
  <feat xlink:href="#const_0_844" value="VP"/><!-- needs -->
  <feat xlink:href="#const_9_846" value="S"/><!-- So ... . -->
  <feat xlink:href="#const_10_846" value="ROOT"/><!-- So ... . -->
  <feat xlink:href="#const_0_847" value="NP"/><!-- I -->
  <feat xlink:href="#const_8_848" value="VP"/><!-- decided ... wikiHow -->
  <feat xlink:href="#const_6_849" value="VP"/><!-- to ... wikiHow -->
  <feat xlink:href="#const_7_849" value="S"/><!-- to ... wikiHow -->
  <feat xlink:href="#const_1_850" value="VP"/><!-- sell eHow -->
  <feat xlink:href="#const_5_850" value="VP"/><!-- sell ... wikiHow -->
  <feat xlink:href="#const_0_851" value="NP"/><!-- eHow -->
  <feat xlink:href="#const_4_853" value="VP"/><!-- use ... wikiHow -->
  <feat xlink:href="#const_0_854" value="NP"/><!-- the proceeds -->
  <feat xlink:href="#const_3_854" value="S"/><!-- the ... wikiHow -->
  <feat xlink:href="#const_2_856" value="VP"/><!-- to ... wikiHow -->
  <feat xlink:href="#const_1_857" value="VP"/><!-- build wikiHow -->
  <feat xlink:href="#const_0_858" value="NP"/><!-- wikiHow -->
  <feat xlink:href="#const_0_860" value="WHADVP"/><!-- Why -->
  <feat xlink:href="#const_6_860" value="SBARQ"/><!-- Why ... ? -->
  <feat xlink:href="#const_7_860" value="ROOT"/><!-- Why ... ? -->
  <feat xlink:href="#const_5_861" value="SQ"/><!-- did ... license -->
  <feat xlink:href="#const_0_862" value="NP"/><!-- you -->
  <feat xlink:href="#const_4_863" value="VP"/><!-- decide ... license -->
  <feat xlink:href="#const_2_864" value="VP"/><!-- to ... license -->
  <feat xlink:href="#const_3_864" value="S"/><!-- to ... license -->
  <feat xlink:href="#const_1_865" value="VP"/><!-- use ... license -->
  <feat xlink:href="#const_0_866" value="NP"/><!-- a ... license -->
  <feat xlink:href="#const_0_871" value="NP"/><!-- We -->
  <feat xlink:href="#const_9_871" value="S"/><!-- We ... . -->
  <feat xlink:href="#const_10_871" value="ROOT"/><!-- We ... . -->
  <feat xlink:href="#const_8_872" value="VP"/><!-- use ... ) -->
  <feat xlink:href="#const_0_873" value="NP"/><!-- a ... license -->
  <feat xlink:href="#const_7_873" value="S"/><!-- a ... ) -->
  <feat xlink:href="#const_6_877" value="VP"/><!-- to ... ) -->
  <feat xlink:href="#const_5_878" value="VP"/><!-- give ... ) -->
  <feat xlink:href="#const_0_879" value="NP"/><!-- our community -->
  <feat xlink:href="#const_4_881" value="NP"/><!-- the ... ) -->
  <feat xlink:href="#const_2_883" value="VP"/><!-- to ... ) -->
  <feat xlink:href="#const_3_883" value="S"/><!-- to ... ) -->
  <feat xlink:href="#const_1_884" value="VP"/><!-- fork ... ) -->
  <feat xlink:href="#const_0_886" value="NP"/><!-- http://www.wikihow.com/wikiHow:Right-to-Fork -->
  <feat xlink:href="#const_1_889" value="PP"/><!-- In ... opinion -->
  <feat xlink:href="#const_10_889" value="S"/><!-- In ... &quot; -->
  <feat xlink:href="#const_11_889" value="ROOT"/><!-- In ... &quot; -->
  <feat xlink:href="#const_0_890" value="NP"/><!-- my opinion -->
  <feat xlink:href="#const_0_893" value="NP"/><!-- people -->
  <feat xlink:href="#const_9_894" value="VP"/><!-- should ... leave -->
  <feat xlink:href="#const_8_895" value="VP"/><!-- be ... leave -->
  <feat xlink:href="#const_5_896" value="ADJP"/><!-- hesitant ... websites -->
  <feat xlink:href="#const_3_897" value="VP"/><!-- to ... websites -->
  <feat xlink:href="#const_4_897" value="S"/><!-- to ... websites -->
  <feat xlink:href="#const_2_898" value="VP"/><!-- contribute ... websites -->
  <feat xlink:href="#const_1_899" value="PP"/><!-- to websites -->
  <feat xlink:href="#const_0_900" value="NP"/><!-- websites -->
  <feat xlink:href="#const_0_901" value="WHADVP"/><!-- where -->
  <feat xlink:href="#const_7_901" value="SBAR"/><!-- where ... leave -->
  <feat xlink:href="#const_0_902" value="NP"/><!-- you -->
  <feat xlink:href="#const_6_902" value="S"/><!-- you ... leave -->
  <feat xlink:href="#const_0_903" value="ADVP"/><!-- only -->
  <feat xlink:href="#const_5_904" value="VP"/><!-- have ... leave -->
  <feat xlink:href="#const_0_905" value="NP"/><!-- the ... right -->
  <feat xlink:href="#const_4_905" value="NP"/><!-- the ... leave -->
  <feat xlink:href="#const_1_908" value="VP"/><!-- to leave -->
  <feat xlink:href="#const_2_908" value="S"/><!-- to leave -->
  <feat xlink:href="#const_3_908" value="SBAR"/><!-- to leave -->
  <feat xlink:href="#const_0_909" value="VP"/><!-- leave -->
  <feat xlink:href="#const_8_912" value="SBAR"/><!-- If ... direction -->
  <feat xlink:href="#const_9_912" value="S"/><!-- If ... . -->
  <feat xlink:href="#const_10_912" value="ROOT"/><!-- If ... . -->
  <feat xlink:href="#const_0_913" value="NP"/><!-- wikiHow volunteers -->
  <feat xlink:href="#const_7_913" value="S"/><!-- wikiHow ... direction -->
  <feat xlink:href="#const_6_915" value="VP"/><!-- think ... direction -->
  <feat xlink:href="#const_0_916" value="NP"/><!-- our site -->
  <feat xlink:href="#const_4_916" value="S"/><!-- our ... direction -->
  <feat xlink:href="#const_5_916" value="SBAR"/><!-- our ... direction -->
  <feat xlink:href="#const_3_918" value="VP"/><!-- is ... direction -->
  <feat xlink:href="#const_2_919" value="VP"/><!-- going ... direction -->
  <feat xlink:href="#const_1_920" value="PP"/><!-- in ... direction -->
  <feat xlink:href="#const_0_921" value="NP"/><!-- the ... direction -->
  <feat xlink:href="#const_0_925" value="NP"/><!-- they -->
  <feat xlink:href="#const_4_926" value="VP"/><!-- can ... elsewhere -->
  <feat xlink:href="#const_2_927" value="VP"/><!-- take ... software -->
  <feat xlink:href="#const_3_927" value="VP"/><!-- take ... elsewhere -->
  <feat xlink:href="#const_1_928" value="NP"/><!-- all ... software -->
  <feat xlink:href="#const_0_929" value="NP"/><!-- the content -->
  <feat xlink:href="#const_0_932" value="NP"/><!-- all ... software -->
  <feat xlink:href="#const_1_936" value="VP"/><!-- move ... elsewhere -->
  <feat xlink:href="#const_0_937" value="NP"/><!-- the project -->
  <feat xlink:href="#const_0_939" value="ADVP"/><!-- elsewhere -->
  <feat xlink:href="#const_0_941" value="NP"/><!-- This -->
  <feat xlink:href="#const_8_941" value="S"/><!-- This ... . -->
  <feat xlink:href="#const_9_941" value="ROOT"/><!-- This ... . -->
  <feat xlink:href="#const_7_942" value="VP"/><!-- is ... license -->
  <feat xlink:href="#const_0_943" value="ADJP"/><!-- possible -->
  <feat xlink:href="#const_6_944" value="SBAR"/><!-- because ... license -->
  <feat xlink:href="#const_0_945" value="NP"/><!-- we -->
  <feat xlink:href="#const_5_945" value="S"/><!-- we ... license -->
  <feat xlink:href="#const_3_946" value="VP"/><!-- release ... license -->
  <feat xlink:href="#const_4_946" value="VP"/><!-- release ... license -->
  <feat xlink:href="#const_0_947" value="NP"/><!-- all -->
  <feat xlink:href="#const_2_947" value="NP"/><!-- all ... software -->
  <feat xlink:href="#const_1_948" value="PP"/><!-- of ... software -->
  <feat xlink:href="#const_0_949" value="NP"/><!-- our software -->
  <feat xlink:href="#const_1_951" value="PP"/><!-- under ... license -->
  <feat xlink:href="#const_0_952" value="NP"/><!-- the ... license -->
  <feat xlink:href="#const_2_958" value="VP"/><!-- release ... license -->
  <feat xlink:href="#const_0_959" value="NP"/><!-- our content -->
  <feat xlink:href="#const_1_961" value="PP"/><!-- under ... license -->
  <feat xlink:href="#const_0_962" value="NP"/><!-- a ... license -->
  <feat xlink:href="#const_3_967" value="NP"/><!-- This ... fork -->
  <feat xlink:href="#const_9_967" value="S"/><!-- This ... . -->
  <feat xlink:href="#const_10_967" value="ROOT"/><!-- This ... . -->
  <feat xlink:href="#const_1_969" value="VP"/><!-- to fork -->
  <feat xlink:href="#const_2_969" value="S"/><!-- to fork -->
  <feat xlink:href="#const_0_970" value="VP"/><!-- fork -->
  <feat xlink:href="#const_8_971" value="VP"/><!-- guarantees ... community -->
  <feat xlink:href="#const_7_972" value="SBAR"/><!-- that ... community -->
  <feat xlink:href="#const_0_973" value="NP"/><!-- wikiHow -->
  <feat xlink:href="#const_1_973" value="NP"/><!-- wikiHow ... , -->
  <feat xlink:href="#const_6_973" value="S"/><!-- wikiHow ... community -->
  <feat xlink:href="#const_0_975" value="NP"/><!-- the company -->
  <feat xlink:href="#const_5_978" value="VP"/><!-- will ... community -->
  <feat xlink:href="#const_0_979" value="ADVP"/><!-- always -->
  <feat xlink:href="#const_4_980" value="VP"/><!-- serve ... community -->
  <feat xlink:href="#const_0_981" value="NP"/><!-- the goal -->
  <feat xlink:href="#const_3_981" value="NP"/><!-- the ... community -->
  <feat xlink:href="#const_2_983" value="PP"/><!-- of ... community -->
  <feat xlink:href="#const_0_984" value="NP"/><!-- the mission -->
  <feat xlink:href="#const_1_984" value="NP"/><!-- the ... community -->
  <feat xlink:href="#const_0_987" value="NP"/><!-- our ... community -->
  <feat xlink:href="#const_0_991" value="NP"/><!-- I -->
  <feat xlink:href="#const_9_991" value="S"/><!-- I ... . -->
  <feat xlink:href="#const_10_991" value="ROOT"/><!-- I ... . -->
  <feat xlink:href="#const_8_992" value="VP"/><!-- believe ... far -->
  <feat xlink:href="#const_7_993" value="SBAR"/><!-- that ... success -->
  <feat xlink:href="#const_4_994" value="VP"/><!-- offering ... fork -->
  <feat xlink:href="#const_5_994" value="S"/><!-- offering ... fork -->
  <feat xlink:href="#const_6_994" value="S"/><!-- offering ... success -->
  <feat xlink:href="#const_3_995" value="NP"/><!-- this ... fork -->
  <feat xlink:href="#const_1_997" value="VP"/><!-- to fork -->
  <feat xlink:href="#const_2_997" value="S"/><!-- to fork -->
  <feat xlink:href="#const_0_998" value="VP"/><!-- fork -->
  <feat xlink:href="#const_4_999" value="VP"/><!-- has ... success -->
  <feat xlink:href="#const_3_1000" value="VP"/><!-- been ... success -->
  <feat xlink:href="#const_0_1001" value="NP"/><!-- a ... element -->
  <feat xlink:href="#const_2_1001" value="NP"/><!-- a ... success -->
  <feat xlink:href="#const_1_1004" value="PP"/><!-- of ... success -->
  <feat xlink:href="#const_0_1005" value="NP"/><!-- our success -->
  <feat xlink:href="#const_0_1007" value="ADVP"/><!-- thus far -->
  <feat xlink:href="#const_0_1010" value="NP"/><!-- My hope -->
  <feat xlink:href="#const_16_1010" value="S"/><!-- My ... . -->
  <feat xlink:href="#const_17_1010" value="ROOT"/><!-- My ... . -->
  <feat xlink:href="#const_15_1012" value="VP"/><!-- is ... others -->
  <feat xlink:href="#const_14_1013" value="SBAR"/><!-- that ... others -->
  <feat xlink:href="#const_1_1014" value="PP"/><!-- over time -->
  <feat xlink:href="#const_13_1014" value="S"/><!-- over ... others -->
  <feat xlink:href="#const_0_1015" value="NP"/><!-- time -->
  <feat xlink:href="#const_0_1017" value="NP"/><!-- internet users -->
  <feat xlink:href="#const_12_1019" value="VP"/><!-- will ... others -->
  <feat xlink:href="#const_11_1020" value="VP"/><!-- demand ... others -->
  <feat xlink:href="#const_0_1021" value="NP"/><!-- this -->
  <feat xlink:href="#const_2_1021" value="NP"/><!-- this ... site -->
  <feat xlink:href="#const_1_1022" value="PP"/><!-- of ... site -->
  <feat xlink:href="#const_0_1023" value="NP"/><!-- any site -->
  <feat xlink:href="#const_0_1025" value="WHADVP"/><!-- where -->
  <feat xlink:href="#const_10_1025" value="SBAR"/><!-- where ... others -->
  <feat xlink:href="#const_0_1026" value="NP"/><!-- they -->
  <feat xlink:href="#const_9_1026" value="S"/><!-- they ... others -->
  <feat xlink:href="#const_8_1027" value="VP"/><!-- invest ... others -->
  <feat xlink:href="#const_0_1028" value="NP"/><!-- their time -->
  <feat xlink:href="#const_7_1030" value="PP"/><!-- in ... others -->
  <feat xlink:href="#const_0_1031" value="NP"/><!-- a way -->
  <feat xlink:href="#const_6_1031" value="NP"/><!-- a ... others -->
  <feat xlink:href="#const_0_1033" value="WHNP"/><!-- that -->
  <feat xlink:href="#const_5_1033" value="SBAR"/><!-- that ... others -->
  <feat xlink:href="#const_3_1034" value="VP"/><!-- creates ... others -->
  <feat xlink:href="#const_4_1034" value="S"/><!-- creates ... others -->
  <feat xlink:href="#const_0_1035" value="NP"/><!-- value -->
  <feat xlink:href="#const_2_1035" value="NP"/><!-- value ... others -->
  <feat xlink:href="#const_1_1036" value="PP"/><!-- for others -->
  <feat xlink:href="#const_0_1037" value="NP"/><!-- others -->
  <feat xlink:href="#const_0_1039" value="NP"/><!-- That -->
  <feat xlink:href="#const_13_1039" value="S"/><!-- That ... . -->
  <feat xlink:href="#const_14_1039" value="ROOT"/><!-- That ... . -->
  <feat xlink:href="#const_12_1040" value="VP"/><!-- said ... license -->
  <feat xlink:href="#const_0_1042" value="WHADVP"/><!-- when -->
  <feat xlink:href="#const_11_1042" value="SBAR"/><!-- when ... license -->
  <feat xlink:href="#const_0_1043" value="NP"/><!-- we -->
  <feat xlink:href="#const_10_1043" value="S"/><!-- we ... license -->
  <feat xlink:href="#const_9_1044" value="VP"/><!-- started ... license -->
  <feat xlink:href="#const_0_1045" value="PRT"/><!-- out -->
  <feat xlink:href="#const_0_1046" value="NP"/><!-- I -->
  <feat xlink:href="#const_7_1046" value="S"/><!-- I ... license -->
  <feat xlink:href="#const_8_1046" value="SBAR"/><!-- I ... license -->
  <feat xlink:href="#const_6_1047" value="VP"/><!-- did ... license -->
  <feat xlink:href="#const_5_1049" value="VP"/><!-- know ... license -->
  <feat xlink:href="#const_0_1050" value="NP"/><!-- the difference -->
  <feat xlink:href="#const_4_1050" value="NP"/><!-- the ... license -->
  <feat xlink:href="#const_3_1052" value="PP"/><!-- between ... license -->
  <feat xlink:href="#const_0_1053" value="NP"/><!-- the ... License -->
  <feat xlink:href="#const_2_1053" value="NP"/><!-- the ... license -->
  <feat xlink:href="#const_0_1059" value="NP"/><!-- my ... s -->
  <feat xlink:href="#const_1_1059" value="NP"/><!-- my ... license -->
  <feat xlink:href="#const_1_1065" value="PP"/><!-- As ... result -->
  <feat xlink:href="#const_3_1065" value="S"/><!-- As ... . -->
  <feat xlink:href="#const_4_1065" value="ROOT"/><!-- As ... . -->
  <feat xlink:href="#const_0_1066" value="NP"/><!-- a result -->
  <feat xlink:href="#const_0_1069" value="NP"/><!-- we -->
  <feat xlink:href="#const_2_1070" value="VP"/><!-- made ... path -->
  <feat xlink:href="#const_0_1071" value="NP"/><!-- some mistakes -->
  <feat xlink:href="#const_1_1073" value="PP"/><!-- along ... path -->
  <feat xlink:href="#const_0_1074" value="NP"/><!-- the path -->
  <feat xlink:href="#const_1_1077" value="PP"/><!-- In retrospect -->
  <feat xlink:href="#const_9_1077" value="S"/><!-- In ... . -->
  <feat xlink:href="#const_10_1077" value="ROOT"/><!-- In ... . -->
  <feat xlink:href="#const_0_1078" value="NP"/><!-- retrospect -->
  <feat xlink:href="#const_0_1080" value="NP"/><!-- I -->
  <feat xlink:href="#const_8_1081" value="VP"/><!-- think ... CC-BY-SA-NC -->
  <feat xlink:href="#const_0_1082" value="NP"/><!-- we -->
  <feat xlink:href="#const_6_1082" value="S"/><!-- we ... CC-BY-SA-NC -->
  <feat xlink:href="#const_7_1082" value="SBAR"/><!-- we ... CC-BY-SA-NC -->
  <feat xlink:href="#const_0_1083" value="ADVP"/><!-- probably -->
  <feat xlink:href="#const_5_1084" value="VP"/><!-- should ... CC-BY-SA-NC -->
  <feat xlink:href="#const_4_1085" value="VP"/><!-- have ... CC-BY-SA-NC -->
  <feat xlink:href="#const_3_1086" value="VP"/><!-- selected ... CC-BY-SA-NC -->
  <feat xlink:href="#const_0_1087" value="NP"/><!-- the ... license -->
  <feat xlink:href="#const_2_1087" value="NP"/><!-- the ... CC-BY-SA-NC -->
  <feat xlink:href="#const_1_1091" value="PP"/><!-- instead ... CC-BY-SA-NC -->
  <feat xlink:href="#const_0_1093" value="NP"/><!-- CC-BY-SA-NC -->
  <feat xlink:href="#const_1_1095" value="PP"/><!-- At ... minimum -->
  <feat xlink:href="#const_5_1095" value="S"/><!-- At ... . -->
  <feat xlink:href="#const_6_1095" value="ROOT"/><!-- At ... . -->
  <feat xlink:href="#const_0_1096" value="NP"/><!-- a minimum -->
  <feat xlink:href="#const_0_1098" value="NP"/><!-- this -->
  <feat xlink:href="#const_4_1099" value="VP"/><!-- would ... projects -->
  <feat xlink:href="#const_3_1100" value="VP"/><!-- provide ... projects -->
  <feat xlink:href="#const_0_1101" value="NP"/><!-- a ... compatibility -->
  <feat xlink:href="#const_2_1104" value="PP"/><!-- with ... projects -->
  <feat xlink:href="#const_0_1105" value="NP"/><!-- other wikis -->
  <feat xlink:href="#const_1_1105" value="NP"/><!-- other ... projects -->
  <feat xlink:href="#const_0_1108" value="NP"/><!-- free ... projects -->
  <feat xlink:href="#const_0_1112" value="NP"/><!-- wikiHow -->
  <feat xlink:href="#const_6_1112" value="S"/><!-- wikiHow ... . -->
  <feat xlink:href="#const_7_1112" value="ROOT"/><!-- wikiHow ... . -->
  <feat xlink:href="#const_0_1113" value="ADVP"/><!-- now -->
  <feat xlink:href="#const_5_1114" value="VP"/><!-- has ... month -->
  <feat xlink:href="#const_0_1115" value="NP"/><!-- millions -->
  <feat xlink:href="#const_4_1115" value="NP"/><!-- millions ... month -->
  <feat xlink:href="#const_3_1116" value="PP"/><!-- of ... month -->
  <feat xlink:href="#const_0_1117" value="NP"/><!-- visitors -->
  <feat xlink:href="#const_2_1117" value="NP"/><!-- visitors ... month -->
  <feat xlink:href="#const_1_1118" value="PP"/><!-- per month -->
  <feat xlink:href="#const_0_1119" value="NP"/><!-- month -->
  <feat xlink:href="#const_0_1121" value="WHADVP"/><!-- How -->
  <feat xlink:href="#const_8_1121" value="SBARQ"/><!-- How ... ? -->
  <feat xlink:href="#const_9_1121" value="ROOT"/><!-- How ... ? -->
  <feat xlink:href="#const_7_1122" value="SQ"/><!-- did ... today -->
  <feat xlink:href="#const_0_1123" value="NP"/><!-- you -->
  <feat xlink:href="#const_6_1124" value="VP"/><!-- grow ... today -->
  <feat xlink:href="#const_0_1125" value="NP"/><!-- the site -->
  <feat xlink:href="#const_5_1127" value="PP"/><!-- to ... today -->
  <feat xlink:href="#const_0_1128" value="NP"/><!-- the size -->
  <feat xlink:href="#const_4_1128" value="NP"/><!-- the ... today -->
  <feat xlink:href="#const_0_1130" value="NP"/><!-- it -->
  <feat xlink:href="#const_2_1130" value="S"/><!-- it ... today -->
  <feat xlink:href="#const_3_1130" value="SBAR"/><!-- it ... today -->
  <feat xlink:href="#const_1_1131" value="VP"/><!-- is today -->
  <feat xlink:href="#const_0_1132" value="NP"/><!-- today -->
  <feat xlink:href="#const_1_1134" value="PP"/><!-- In ... 2008 -->
  <feat xlink:href="#const_7_1134" value="S"/><!-- In ... . -->
  <feat xlink:href="#const_8_1134" value="ROOT"/><!-- In ... . -->
  <feat xlink:href="#const_0_1135" value="NP"/><!-- December 2008 -->
  <feat xlink:href="#const_0_1138" value="NP"/><!-- wikiHow -->
  <feat xlink:href="#const_6_1139" value="VP"/><!-- had ... ) -->
  <feat xlink:href="#const_0_1140" value="QP"/><!-- over ... million -->
  <feat xlink:href="#const_1_1140" value="NP"/><!-- over ... visitors -->
  <feat xlink:href="#const_5_1145" value="PP"/><!-- according ... ) -->
  <feat xlink:href="#const_4_1146" value="PP"/><!-- to ... ) -->
  <feat xlink:href="#const_0_1147" value="NP"/><!-- Google Analytics -->
  <feat xlink:href="#const_3_1147" value="NP"/><!-- Google ... ) -->
  <feat xlink:href="#const_2_1149" value="PRN"/><!-- ( ... ) -->
  <feat xlink:href="#const_0_1150" value="NP"/><!-- Full data -->
  <feat xlink:href="#const_1_1150" value="NP"/><!-- Full ... http://www.wikihow.com/wikiHow:Statistics -->
  <feat xlink:href="#const_0_1153" value="NP"/><!-- http://www.wikihow.com/wikiHow:Statistics -->
  <feat xlink:href="#const_0_1156" value="NP"/><!-- Quantcast -->
  <feat xlink:href="#const_6_1156" value="S"/><!-- Quantcast ... . -->
  <feat xlink:href="#const_7_1156" value="ROOT"/><!-- Quantcast ... . -->
  <feat xlink:href="#const_5_1157" value="VP"/><!-- ranks ... US -->
  <feat xlink:href="#const_0_1158" value="NP"/><!-- wikiHow -->
  <feat xlink:href="#const_4_1158" value="NP"/><!-- wikiHow ... US -->
  <feat xlink:href="#const_3_1159" value="PP"/><!-- as ... US -->
  <feat xlink:href="#const_1_1160" value="NP"/><!-- the ... site -->
  <feat xlink:href="#const_2_1160" value="NP"/><!-- the ... US -->
  <feat xlink:href="#const_0_1162" value="ADJP"/><!-- most popular -->
  <feat xlink:href="#const_1_1165" value="PP"/><!-- in ... US -->
  <feat xlink:href="#const_0_1166" value="NP"/><!-- the US -->
  <feat xlink:href="#const_1_1169" value="FRAG"/><!-- ( ... . -->
  <feat xlink:href="#const_2_1169" value="ROOT"/><!-- ( ... . -->
  <feat xlink:href="#const_0_1170" value="NP"/><!-- http://www.quantcast.com/wikihow.com -->
  <feat xlink:href="#const_0_1173" value="NP"/><!-- wikiHow -->
  <feat xlink:href="#const_3_1173" value="S"/><!-- wikiHow ... . -->
  <feat xlink:href="#const_4_1173" value="ROOT"/><!-- wikiHow ... . -->
  <feat xlink:href="#const_2_1174" value="VP"/><!-- achieved ... reasons -->
  <feat xlink:href="#const_0_1175" value="NP"/><!-- this popularity -->
  <feat xlink:href="#const_1_1177" value="PP"/><!-- for ... reasons -->
  <feat xlink:href="#const_0_1178" value="NP"/><!-- a ... reasons -->
  <feat xlink:href="#const_0_1182" value="ADVP"/><!-- First -->
  <feat xlink:href="#const_4_1182" value="S"/><!-- First ... . -->
  <feat xlink:href="#const_5_1182" value="ROOT"/><!-- First ... . -->
  <feat xlink:href="#const_0_1184" value="NP"/><!-- people -->
  <feat xlink:href="#const_2_1184" value="NP"/><!-- people ... world -->
  <feat xlink:href="#const_1_1185" value="PP"/><!-- around ... world -->
  <feat xlink:href="#const_0_1186" value="NP"/><!-- the world -->
  <feat xlink:href="#const_3_1188" value="VP"/><!-- are ... information -->
  <feat xlink:href="#const_2_1189" value="ADJP"/><!-- desperate ... information -->
  <feat xlink:href="#const_1_1190" value="PP"/><!-- for ... information -->
  <feat xlink:href="#const_0_1191" value="NP"/><!-- high ... information -->
  <feat xlink:href="#const_0_1196" value="NP"/><!-- People -->
  <feat xlink:href="#const_6_1196" value="S"/><!-- People ... skills -->
  <feat xlink:href="#const_7_1196" value="S"/><!-- People ... . -->
  <feat xlink:href="#const_8_1196" value="ROOT"/><!-- People ... . -->
  <feat xlink:href="#const_5_1197" value="VP"/><!-- want ... skills -->
  <feat xlink:href="#const_3_1198" value="VP"/><!-- to ... skills -->
  <feat xlink:href="#const_4_1198" value="S"/><!-- to ... skills -->
  <feat xlink:href="#const_2_1199" value="VP"/><!-- learn ... skills -->
  <feat xlink:href="#const_0_1200" value="ADJP"/><!-- more practical -->
  <feat xlink:href="#const_1_1200" value="NP"/><!-- more ... skills -->
  <feat xlink:href="#const_1_1205" value="PP"/><!-- for ... part -->
  <feat xlink:href="#const_3_1205" value="S"/><!-- for ... yet -->
  <feat xlink:href="#const_0_1206" value="NP"/><!-- the ... part -->
  <feat xlink:href="#const_0_1209" value="NP"/><!-- the internet -->
  <feat xlink:href="#const_2_1211" value="VP"/><!-- does ... yet -->
  <feat xlink:href="#const_1_1213" value="VP"/><!-- provide ... yet -->
  <feat xlink:href="#const_0_1214" value="NP"/><!-- enough ... information -->
  <feat xlink:href="#const_0_1217" value="ADVP"/><!-- yet -->
  <feat xlink:href="#const_0_1219" value="ADVP"/><!-- Second -->
  <feat xlink:href="#const_8_1219" value="S"/><!-- Second ... editing -->
  <feat xlink:href="#const_11_1219" value="S"/><!-- Second ... . -->
  <feat xlink:href="#const_12_1219" value="ROOT"/><!-- Second ... . -->
  <feat xlink:href="#const_0_1221" value="NP"/><!-- we -->
  <feat xlink:href="#const_7_1222" value="VP"/><!-- attracted ... editing -->
  <feat xlink:href="#const_0_1223" value="NP"/><!-- millions -->
  <feat xlink:href="#const_6_1223" value="NP"/><!-- millions ... editing -->
  <feat xlink:href="#const_5_1224" value="PP"/><!-- of ... editing -->
  <feat xlink:href="#const_0_1225" value="NP"/><!-- readers -->
  <feat xlink:href="#const_4_1225" value="NP"/><!-- readers ... editing -->
  <feat xlink:href="#const_3_1226" value="PP"/><!-- via ... editing -->
  <feat xlink:href="#const_0_1227" value="NP"/><!-- the ... circle -->
  <feat xlink:href="#const_2_1227" value="NP"/><!-- the ... editing -->
  <feat xlink:href="#const_1_1230" value="PP"/><!-- of ... editing -->
  <feat xlink:href="#const_0_1231" value="NP"/><!-- wiki editing -->
  <feat xlink:href="#const_0_1234" value="NP"/><!-- We -->
  <feat xlink:href="#const_4_1234" value="S"/><!-- We ... quality -->
  <feat xlink:href="#const_10_1234" value="S"/><!-- We ... readers -->
  <feat xlink:href="#const_3_1235" value="VP"/><!-- had ... quality -->
  <feat xlink:href="#const_0_1236" value="NP"/><!-- some articles -->
  <feat xlink:href="#const_2_1236" value="NP"/><!-- some ... quality -->
  <feat xlink:href="#const_1_1238" value="PP"/><!-- of ... quality -->
  <feat xlink:href="#const_0_1239" value="NP"/><!-- mixed quality -->
  <feat xlink:href="#const_0_1243" value="NP"/><!-- editors -->
  <feat xlink:href="#const_9_1243" value="S"/><!-- editors ... readers -->
  <feat xlink:href="#const_8_1244" value="VP"/><!-- joined ... readers -->
  <feat xlink:href="#const_6_1245" value="VP"/><!-- to ... readers -->
  <feat xlink:href="#const_7_1245" value="S"/><!-- to ... readers -->
  <feat xlink:href="#const_5_1246" value="VP"/><!-- improve ... readers -->
  <feat xlink:href="#const_0_1247" value="NP"/><!-- those articles -->
  <feat xlink:href="#const_4_1247" value="NP"/><!-- those ... readers -->
  <feat xlink:href="#const_0_1250" value="WHNP"/><!-- which -->
  <feat xlink:href="#const_3_1250" value="SBAR"/><!-- which ... readers -->
  <feat xlink:href="#const_1_1251" value="PP"/><!-- in turn -->
  <feat xlink:href="#const_2_1251" value="S"/><!-- in ... readers -->
  <feat xlink:href="#const_0_1252" value="NP"/><!-- turn -->
  <feat xlink:href="#const_1_1253" value="VP"/><!-- attracted ... readers -->
  <feat xlink:href="#const_0_1254" value="NP"/><!-- more readers -->
  <feat xlink:href="#const_0_1257" value="NP"/><!-- We -->
  <feat xlink:href="#const_6_1257" value="S"/><!-- We ... readers -->
  <feat xlink:href="#const_8_1257" value="SINV"/><!-- We ... . -->
  <feat xlink:href="#const_9_1257" value="ROOT"/><!-- We ... . -->
  <feat xlink:href="#const_5_1258" value="VP"/><!-- continue ... readers -->
  <feat xlink:href="#const_3_1259" value="VP"/><!-- to ... cycle -->
  <feat xlink:href="#const_4_1259" value="S"/><!-- to ... cycle -->
  <feat xlink:href="#const_2_1260" value="VP"/><!-- depend ... cycle -->
  <feat xlink:href="#const_1_1261" value="PP"/><!-- on ... cycle -->
  <feat xlink:href="#const_0_1262" value="NP"/><!-- this ... cycle -->
  <feat xlink:href="#const_0_1267" value="NP"/><!-- More readers -->
  <feat xlink:href="#const_0_1270" value="VP"/><!-- means -->
  <feat xlink:href="#const_0_1271" value="NP"/><!-- more editors -->
  <feat xlink:href="#const_7_1271" value="NP"/><!-- more ... readers -->
  <feat xlink:href="#const_0_1274" value="WHNP"/><!-- which -->
  <feat xlink:href="#const_6_1274" value="SBAR"/><!-- which ... readers -->
  <feat xlink:href="#const_4_1275" value="VP"/><!-- creates ... readers -->
  <feat xlink:href="#const_5_1275" value="S"/><!-- creates ... readers -->
  <feat xlink:href="#const_0_1276" value="NP"/><!-- better instructions -->
  <feat xlink:href="#const_2_1279" value="VP"/><!-- leading ... readers -->
  <feat xlink:href="#const_3_1279" value="S"/><!-- leading ... readers -->
  <feat xlink:href="#const_0_1280" value="ADVP"/><!-- again -->
  <feat xlink:href="#const_1_1281" value="PP"/><!-- to ... readers -->
  <feat xlink:href="#const_0_1282" value="NP"/><!-- more readers -->
  <feat xlink:href="#const_0_1285" value="NP"/><!-- It -->
  <feat xlink:href="#const_5_1285" value="S"/><!-- It ... . -->
  <feat xlink:href="#const_6_1285" value="ROOT"/><!-- It ... . -->
  <feat xlink:href="#const_4_1286" value="VP"/><!-- is ... enjoyed -->
  <feat xlink:href="#const_0_1287" value="NP"/><!-- the ... circle -->
  <feat xlink:href="#const_3_1291" value="SBAR"/><!-- that ... enjoyed -->
  <feat xlink:href="#const_0_1292" value="NP"/><!-- Wikipedia -->
  <feat xlink:href="#const_2_1292" value="S"/><!-- Wikipedia ... enjoyed -->
  <feat xlink:href="#const_1_1293" value="VP"/><!-- has enjoyed -->
  <feat xlink:href="#const_0_1294" value="VP"/><!-- enjoyed -->
</featList>
</paula>
