<?xml version="1.0" standalone="no"?>

<!DOCTYPE paula SYSTEM "paula_feat.dtd">
<paula version="1.0">

<header paula_id="dep.GUM.GUM_interview_herrick_dep_func"/>

<featList xmlns:xlink="http://www.w3.org/1999/xlink" type="func" xml:base="dep.GUM.GUM_interview_herrick.dep.xml">
<feat xlink:href="#rel_1" value="nn"/> <!--Jack -->
<feat xlink:href="#rel_2" value="nsubjpass"/> <!--Herrick -->
<feat xlink:href="#rel_4" value="nn"/> <!--wikiHow -->
<feat xlink:href="#rel_5" value="appos"/> <!--founder -->
<feat xlink:href="#rel_7" value="prep"/> <!--by -->
<feat xlink:href="#rel_8" value="pobj"/> <!--Wikinews -->
<feat xlink:href="#rel_11" value="nn"/> <!--January -->
<feat xlink:href="#rel_12" value="appos"/> <!--31 -->
<feat xlink:href="#rel_14" value="amod"/> <!--2009 -->
<feat xlink:href="#rel_16" value="prep"/> <!--at -->
<feat xlink:href="#rel_17" value="pobj"/> <!--RecentChangesCamp -->
<feat xlink:href="#rel_18" value="num"/> <!--2008 -->
<feat xlink:href="#rel_19" value="parataxis"/> <!--Image -->
<feat xlink:href="#rel_21" value="dep"/> <!--ShakataGaNai -->
<feat xlink:href="#rel_23" value="nsubj"/> <!--wikiHow -->
<feat xlink:href="#rel_24" value="cop"/> <!--is -->
<feat xlink:href="#rel_25" value="det"/> <!--a -->
<feat xlink:href="#rel_26" value="nn"/> <!--wiki-based -->
<feat xlink:href="#rel_28" value="nsubj"/> <!--which -->
<feat xlink:href="#rel_29" value="rcmod"/> <!--aims -->
<feat xlink:href="#rel_30" value="aux"/> <!--to -->
<feat xlink:href="#rel_32" value="xcomp"/> <!--build -->
<feat xlink:href="#rel_33" value="det"/> <!--the -->
<feat xlink:href="#rel_34" value="poss"/> <!--world -->
<feat xlink:href="#rel_35" value="possessive"/> <!--s -->
<feat xlink:href="#rel_36" value="amod"/> <!--largest -->
<feat xlink:href="#rel_38" value="advmod"/> <!--highest -->
<feat xlink:href="#rel_39" value="amod"/> <!--quality -->
<feat xlink:href="#rel_40" value="nn"/> <!--how-to -->
<feat xlink:href="#rel_41" value="dobj"/> <!--manual -->
<feat xlink:href="#rel_44" value="nsubj"/> <!--It -->
<feat xlink:href="#rel_45" value="advmod"/> <!--recently -->
<feat xlink:href="#rel_46" value="parataxis"/> <!--published -->
<feat xlink:href="#rel_47" value="poss"/> <!--its -->
<feat xlink:href="#rel_48" value="amod"/> <!--50,000th -->
<feat xlink:href="#rel_49" value="dobj"/> <!--article -->
<feat xlink:href="#rel_51" value="cc"/> <!--and -->
<feat xlink:href="#rel_52" value="aux"/> <!--to -->
<feat xlink:href="#rel_53" value="advcl"/> <!--discuss -->
<feat xlink:href="#rel_54" value="dobj"/> <!--what -->
<feat xlink:href="#rel_55" value="det"/> <!--the -->
<feat xlink:href="#rel_56" value="nsubj"/> <!--site -->
<feat xlink:href="#rel_57" value="aux"/> <!--has -->
<feat xlink:href="#rel_58" value="ccomp"/> <!--achieved -->
<feat xlink:href="#rel_59" value="prep"/> <!--since -->
<feat xlink:href="#rel_60" value="poss"/> <!--its -->
<feat xlink:href="#rel_61" value="pobj"/> <!--creation -->
<feat xlink:href="#rel_63" value="nsubj"/> <!--Wikinews -->
<feat xlink:href="#rel_64" value="conj"/> <!--interviewed -->
<feat xlink:href="#rel_65" value="det"/> <!--the -->
<feat xlink:href="#rel_66" value="poss"/> <!--site -->
<feat xlink:href="#rel_67" value="possessive"/> <!--s -->
<feat xlink:href="#rel_68" value="dobj"/> <!--founder -->
<feat xlink:href="#rel_70" value="nn"/> <!--Jack -->
<feat xlink:href="#rel_71" value="appos"/> <!--Herrick -->
<feat xlink:href="#rel_73" value="prep"/> <!--In -->
<feat xlink:href="#rel_74" value="det"/> <!--the -->
<feat xlink:href="#rel_75" value="pobj"/> <!--interview -->
<feat xlink:href="#rel_77" value="nsubj"/> <!--Herrick -->
<feat xlink:href="#rel_79" value="dobj"/> <!--what -->
<feat xlink:href="#rel_80" value="nsubj"/> <!--wikiHow -->
<feat xlink:href="#rel_81" value="ccomp"/> <!--is -->
<feat xlink:href="#rel_83" value="advmod"/> <!--why -->
<feat xlink:href="#rel_84" value="nsubj"/> <!--he -->
<feat xlink:href="#rel_85" value="conj"/> <!--decided -->
<feat xlink:href="#rel_86" value="aux"/> <!--to -->
<feat xlink:href="#rel_87" value="xcomp"/> <!--create -->
<feat xlink:href="#rel_88" value="dobj"/> <!--it -->
<feat xlink:href="#rel_90" value="advmod"/> <!--how -->
<feat xlink:href="#rel_91" value="nsubj"/> <!--he -->
<feat xlink:href="#rel_92" value="conj"/> <!--grew -->
<feat xlink:href="#rel_93" value="dobj"/> <!--it -->
<feat xlink:href="#rel_94" value="prep"/> <!--in -->
<feat xlink:href="#rel_95" value="pobj"/> <!--size -->
<feat xlink:href="#rel_97" value="cc"/> <!--and -->
<feat xlink:href="#rel_98" value="advmod"/> <!--why -->
<feat xlink:href="#rel_99" value="nsubj"/> <!--he -->
<feat xlink:href="#rel_100" value="conj"/> <!--chose -->
<feat xlink:href="#rel_101" value="aux"/> <!--to -->
<feat xlink:href="#rel_102" value="xcomp"/> <!--use -->
<feat xlink:href="#rel_103" value="det"/> <!--a -->
<feat xlink:href="#rel_104" value="amod"/> <!--Creative -->
<feat xlink:href="#rel_105" value="nn"/> <!--Commons -->
<feat xlink:href="#rel_106" value="dobj"/> <!--license -->
<feat xlink:href="#rel_108" value="appos"/> <!--HyperLink -->
<feat xlink:href="#rel_110" value="prep"/> <!--for -->
<feat xlink:href="#rel_111" value="poss"/> <!--his -->
<feat xlink:href="#rel_112" value="pobj"/> <!--site -->
<feat xlink:href="#rel_115" value="prt"/> <!--below -->
<feat xlink:href="#rel_116" value="prep"/> <!--for -->
<feat xlink:href="#rel_117" value="pobj"/> <!--more -->
<feat xlink:href="#rel_118" value="prep"/> <!--of -->
<feat xlink:href="#rel_119" value="det"/> <!--the -->
<feat xlink:href="#rel_120" value="pobj"/> <!--interview -->
<feat xlink:href="#rel_121" value="prep"/> <!--in -->
<feat xlink:href="#rel_122" value="pobj"/> <!--full -->
<feat xlink:href="#rel_125" value="prep"/> <!--For -->
<feat xlink:href="#rel_126" value="poss"/> <!--our -->
<feat xlink:href="#rel_127" value="pobj"/> <!--readers -->
<feat xlink:href="#rel_128" value="nsubj"/> <!--who -->
<feat xlink:href="#rel_129" value="cop"/> <!--are -->
<feat xlink:href="#rel_130" value="rcmod"/> <!--unaware -->
<feat xlink:href="#rel_131" value="prep"/> <!--of -->
<feat xlink:href="#rel_132" value="poss"/> <!--your -->
<feat xlink:href="#rel_133" value="pobj"/> <!--site -->
<feat xlink:href="#rel_135" value="aux"/> <!--could -->
<feat xlink:href="#rel_136" value="nsubj"/> <!--you -->
<feat xlink:href="#rel_137" value="advmod"/> <!--briefly -->
<feat xlink:href="#rel_139" value="dobj"/> <!--what -->
<feat xlink:href="#rel_140" value="nsubj"/> <!--wikiHow -->
<feat xlink:href="#rel_141" value="ccomp"/> <!--is -->
<feat xlink:href="#rel_145" value="nsubj"/> <!--wikiHow -->
<feat xlink:href="#rel_146" value="cop"/> <!--is -->
<feat xlink:href="#rel_147" value="det"/> <!--a -->
<feat xlink:href="#rel_148" value="amod"/> <!--collaborative -->
<feat xlink:href="#rel_150" value="aux"/> <!--to -->
<feat xlink:href="#rel_151" value="vmod"/> <!--build -->
<feat xlink:href="#rel_152" value="det"/> <!--the -->
<feat xlink:href="#rel_153" value="dobj"/> <!--world -->
<feat xlink:href="#rel_154" value="possessive"/> <!--s -->
<feat xlink:href="#rel_155" value="amod"/> <!--largest -->
<feat xlink:href="#rel_157" value="advmod"/> <!--highest -->
<feat xlink:href="#rel_158" value="amod"/> <!--quality -->
<feat xlink:href="#rel_159" value="amod"/> <!--how-to -->
<feat xlink:href="#rel_160" value="poss"/> <!--manual -->
<feat xlink:href="#rel_162" value="poss"/> <!--Our -->
<feat xlink:href="#rel_163" value="amod"/> <!--long -->
<feat xlink:href="#rel_164" value="nn"/> <!--term -->
<feat xlink:href="#rel_165" value="nsubj"/> <!--goal -->
<feat xlink:href="#rel_167" value="aux"/> <!--to -->
<feat xlink:href="#rel_168" value="xcomp"/> <!--produce -->
<feat xlink:href="#rel_169" value="amod"/> <!--practical -->
<feat xlink:href="#rel_170" value="dobj"/> <!--instructions -->
<feat xlink:href="#rel_171" value="prep"/> <!--on -->
<feat xlink:href="#rel_172" value="predet"/> <!--almost -->
<feat xlink:href="#rel_173" value="det"/> <!--every -->
<feat xlink:href="#rel_174" value="pobj"/> <!--topic -->
<feat xlink:href="#rel_175" value="prep"/> <!--in -->
<feat xlink:href="#rel_176" value="det"/> <!--every -->
<feat xlink:href="#rel_177" value="pobj"/> <!--language -->
<feat xlink:href="#rel_179" value="nsubj"/> <!--We -->
<feat xlink:href="#rel_180" value="cop"/> <!--re -->
<feat xlink:href="#rel_181" value="advmod"/> <!--quite -->
<feat xlink:href="#rel_183" value="prep"/> <!--from -->
<feat xlink:href="#rel_184" value="poss"/> <!--our -->
<feat xlink:href="#rel_185" value="pobj"/> <!--goals -->
<feat xlink:href="#rel_186" value="tmod"/> <!--currently -->
<feat xlink:href="#rel_188" value="cc"/> <!--but -->
<feat xlink:href="#rel_189" value="nsubj"/> <!--we -->
<feat xlink:href="#rel_190" value="conj"/> <!--take -->
<feat xlink:href="#rel_191" value="dobj"/> <!--comfort -->
<feat xlink:href="#rel_192" value="prep"/> <!--in -->
<feat xlink:href="#rel_193" value="det"/> <!--the -->
<feat xlink:href="#rel_194" value="pobj"/> <!--fact -->
<feat xlink:href="#rel_195" value="mark"/> <!--that -->
<feat xlink:href="#rel_196" value="det"/> <!--every -->
<feat xlink:href="#rel_197" value="tmod"/> <!--month -->
<feat xlink:href="#rel_198" value="nsubj"/> <!--wikiHow -->
<feat xlink:href="#rel_199" value="dep"/> <!--gets -->
<feat xlink:href="#rel_200" value="advmod"/> <!--noticeably -->
<feat xlink:href="#rel_201" value="ccomp"/> <!--better -->
<feat xlink:href="#rel_202" value="cc"/> <!--and -->
<feat xlink:href="#rel_203" value="conj"/> <!--larger -->
<feat xlink:href="#rel_204" value="nsubj"/> <!--We -->
<feat xlink:href="#rel_205" value="advmod"/> <!--currently -->
<feat xlink:href="#rel_207" value="prt"/> <!--just -->
<feat xlink:href="#rel_208" value="prep"/> <!--under -->
<feat xlink:href="#rel_209" value="num"/> <!--50000 -->
<feat xlink:href="#rel_210" value="pobj"/> <!--articles -->
<feat xlink:href="#rel_211" value="cc"/> <!--and -->
<feat xlink:href="#rel_212" value="conj"/> <!--over -->
<feat xlink:href="#rel_213" value="num"/> <!--1000 -->
<feat xlink:href="#rel_214" value="amod"/> <!--featured -->
<feat xlink:href="#rel_215" value="pobj"/> <!--articles -->
<feat xlink:href="#rel_217" value="nsubj"/> <!--We -->
<feat xlink:href="#rel_219" value="mark"/> <!--that -->
<feat xlink:href="#rel_220" value="prep"/> <!--in -->
<feat xlink:href="#rel_221" value="pobj"/> <!--time -->
<feat xlink:href="#rel_223" value="nsubj"/> <!--we -->
<feat xlink:href="#rel_224" value="aux"/> <!--will -->
<feat xlink:href="#rel_225" value="ccomp"/> <!--have -->
<feat xlink:href="#rel_226" value="dobj"/> <!--millions -->
<feat xlink:href="#rel_227" value="prep"/> <!--of -->
<feat xlink:href="#rel_228" value="pobj"/> <!--articles -->
<feat xlink:href="#rel_229" value="prep"/> <!--with -->
<feat xlink:href="#rel_230" value="pobj"/> <!--many -->
<feat xlink:href="#rel_231" value="prep"/> <!--of -->
<feat xlink:href="#rel_232" value="nsubj"/> <!--them -->
<feat xlink:href="#rel_233" value="aux"/> <!--having -->
<feat xlink:href="#rel_234" value="pcomp"/> <!--featured -->
<feat xlink:href="#rel_235" value="dobj"/> <!--status -->
<feat xlink:href="#rel_237" value="nsubj"/> <!--That -->
<feat xlink:href="#rel_238" value="ccomp"/> <!--said -->
<feat xlink:href="#rel_240" value="nsubj"/> <!--we -->
<feat xlink:href="#rel_241" value="cop"/> <!--are -->
<feat xlink:href="#rel_243" value="advmod"/> <!--enough -->
<feat xlink:href="#rel_244" value="aux"/> <!--to -->
<feat xlink:href="#rel_245" value="xcomp"/> <!--realize -->
<feat xlink:href="#rel_246" value="mark"/> <!--that -->
<feat xlink:href="#rel_247" value="det"/> <!--this -->
<feat xlink:href="#rel_248" value="nsubj"/> <!--goal -->
<feat xlink:href="#rel_249" value="aux"/> <!--will -->
<feat xlink:href="#rel_250" value="ccomp"/> <!--take -->
<feat xlink:href="#rel_251" value="dobj"/> <!--decades -->
<feat xlink:href="#rel_252" value="aux"/> <!--to -->
<feat xlink:href="#rel_253" value="xcomp"/> <!--achieve -->
<feat xlink:href="#rel_255" value="advmod"/> <!--However -->
<feat xlink:href="#rel_257" value="prep"/> <!--in -->
<feat xlink:href="#rel_258" value="pobj"/> <!--terms -->
<feat xlink:href="#rel_259" value="prep"/> <!--of -->
<feat xlink:href="#rel_260" value="pobj"/> <!--readership -->
<feat xlink:href="#rel_262" value="nsubj"/> <!--we -->
<feat xlink:href="#rel_263" value="cop"/> <!--are -->
<feat xlink:href="#rel_264" value="advmod"/> <!--probably -->
<feat xlink:href="#rel_265" value="det"/> <!--the -->
<feat xlink:href="#rel_266" value="advmod"/> <!--most -->
<feat xlink:href="#rel_267" value="amod"/> <!--popular -->
<feat xlink:href="#rel_268" value="amod"/> <!--single -->
<feat xlink:href="#rel_269" value="nn"/> <!--subject -->
<feat xlink:href="#rel_271" value="prep"/> <!--after -->
<feat xlink:href="#rel_272" value="pobj"/> <!--Wikipedia -->
<feat xlink:href="#rel_274" value="nsubj"/> <!--We -->
<feat xlink:href="#rel_276" value="prep"/> <!--over -->
<feat xlink:href="#rel_277" value="number"/> <!--14 -->
<feat xlink:href="#rel_278" value="num"/> <!--million -->
<feat xlink:href="#rel_279" value="amod"/> <!--unique -->
<feat xlink:href="#rel_280" value="pobj"/> <!--visitors -->
<feat xlink:href="#rel_281" value="prep"/> <!--per -->
<feat xlink:href="#rel_282" value="pobj"/> <!--month -->
<feat xlink:href="#rel_284" value="dep"/> <!--source -->
<feat xlink:href="#rel_286" value="nn"/> <!--Google -->
<feat xlink:href="#rel_287" value="appos"/> <!--Analytics -->
<feat xlink:href="#rel_290" value="nsubj"/> <!--which -->
<feat xlink:href="#rel_291" value="rcmod"/> <!--makes -->
<feat xlink:href="#rel_292" value="dobj"/> <!--us -->
<feat xlink:href="#rel_293" value="det"/> <!--the -->
<feat xlink:href="#rel_294" value="amod"/> <!--135th -->
<feat xlink:href="#rel_295" value="advmod"/> <!--most -->
<feat xlink:href="#rel_296" value="amod"/> <!--popular -->
<feat xlink:href="#rel_297" value="dobj"/> <!--site -->
<feat xlink:href="#rel_298" value="prep"/> <!--according -->
<feat xlink:href="#rel_299" value="pcomp"/> <!--to -->
<feat xlink:href="#rel_300" value="pobj"/> <!--Quantcast -->
<feat xlink:href="#rel_302" value="nsubj"/> <!--[ -->
<feat xlink:href="#rel_305" value="det"/> <!--The -->
<feat xlink:href="#rel_306" value="nsubj"/> <!--interview -->
<feat xlink:href="#rel_307" value="parataxis"/> <!--took -->
<feat xlink:href="#rel_308" value="dobj"/> <!--place -->
<feat xlink:href="#rel_309" value="advmod"/> <!--just -->
<feat xlink:href="#rel_310" value="mark"/> <!--before -->
<feat xlink:href="#rel_311" value="det"/> <!--the -->
<feat xlink:href="#rel_312" value="num"/> <!--50000 -->
<feat xlink:href="#rel_313" value="nsubjpass"/> <!--milestone -->
<feat xlink:href="#rel_314" value="auxpass"/> <!--was -->
<feat xlink:href="#rel_315" value="advcl"/> <!--met -->
<feat xlink:href="#rel_317" value="prep"/> <!--Like -->
<feat xlink:href="#rel_318" value="pobj"/> <!--Wikipedia -->
<feat xlink:href="#rel_320" value="nsubj"/> <!--wikiHow -->
<feat xlink:href="#rel_321" value="cop"/> <!--is -->
<feat xlink:href="#rel_322" value="det"/> <!--a -->
<feat xlink:href="#rel_324" value="nsubj"/> <!--that -->
<feat xlink:href="#rel_325" value="rcmod"/> <!--runs -->
<feat xlink:href="#rel_326" value="prep"/> <!--on -->
<feat xlink:href="#rel_327" value="nn"/> <!--Mediawiki -->
<feat xlink:href="#rel_328" value="pobj"/> <!--software -->
<feat xlink:href="#rel_330" value="poss"/> <!--Our -->
<feat xlink:href="#rel_331" value="nsubj"/> <!--community -->
<feat xlink:href="#rel_332" value="cop"/> <!--is -->
<feat xlink:href="#rel_334" value="prep"/> <!--of -->
<feat xlink:href="#rel_335" value="pobj"/> <!--volunteers -->
<feat xlink:href="#rel_336" value="prep"/> <!--from -->
<feat xlink:href="#rel_337" value="dep"/> <!--all -->
<feat xlink:href="#rel_338" value="pcomp"/> <!--over -->
<feat xlink:href="#rel_339" value="det"/> <!--the -->
<feat xlink:href="#rel_340" value="pobj"/> <!--world -->
<feat xlink:href="#rel_342" value="nsubj"/> <!--That -->
<feat xlink:href="#rel_343" value="ccomp"/> <!--said -->
<feat xlink:href="#rel_345" value="nsubj"/> <!--we -->
<feat xlink:href="#rel_346" value="cop"/> <!--are -->
<feat xlink:href="#rel_347" value="advmod"/> <!--quite -->
<feat xlink:href="#rel_349" value="prep"/> <!--from -->
<feat xlink:href="#rel_350" value="pobj"/> <!--Wikipedia -->
<feat xlink:href="#rel_351" value="prep"/> <!--in -->
<feat xlink:href="#rel_352" value="amod"/> <!--several -->
<feat xlink:href="#rel_353" value="pobj"/> <!--respects -->
<feat xlink:href="#rel_355" value="nsubj"/> <!--We -->
<feat xlink:href="#rel_356" value="cop"/> <!--are -->
<feat xlink:href="#rel_357" value="advmod"/> <!--much -->
<feat xlink:href="#rel_360" value="det"/> <!--The -->
<feat xlink:href="#rel_361" value="nn"/> <!--English -->
<feat xlink:href="#rel_362" value="nsubj"/> <!--wikiHow -->
<feat xlink:href="#rel_364" value="quantmod"/> <!--only -->
<feat xlink:href="#rel_365" value="num"/> <!--60 -->
<feat xlink:href="#rel_366" value="dobj"/> <!--admins -->
<feat xlink:href="#rel_368" value="prep"/> <!--compared -->
<feat xlink:href="#rel_369" value="pcomp"/> <!--to -->
<feat xlink:href="#rel_370" value="det"/> <!--the -->
<feat xlink:href="#rel_371" value="pobj"/> <!--1000 -->
<feat xlink:href="#rel_372" value="num"/> <!--+ -->
<feat xlink:href="#rel_373" value="prep"/> <!--on -->
<feat xlink:href="#rel_374" value="nn"/> <!--English -->
<feat xlink:href="#rel_375" value="pobj"/> <!--Wikipedia -->
<feat xlink:href="#rel_377" value="prep"/> <!--As -->
<feat xlink:href="#rel_378" value="det"/> <!--a -->
<feat xlink:href="#rel_379" value="pobj"/> <!--result -->
<feat xlink:href="#rel_381" value="nsubj"/> <!--wikiHow -->
<feat xlink:href="#rel_383" value="advmod"/> <!--still -->
<feat xlink:href="#rel_384" value="prep"/> <!--at -->
<feat xlink:href="#rel_385" value="det"/> <!--the -->
<feat xlink:href="#rel_386" value="pobj"/> <!--size -->
<feat xlink:href="#rel_387" value="mark"/> <!--that -->
<feat xlink:href="#rel_388" value="det"/> <!--every -->
<feat xlink:href="#rel_389" value="nsubj"/> <!--editor -->
<feat xlink:href="#rel_390" value="advmod"/> <!--eventually -->
<feat xlink:href="#rel_391" value="ccomp"/> <!--gets -->
<feat xlink:href="#rel_392" value="aux"/> <!--to -->
<feat xlink:href="#rel_393" value="xcomp"/> <!--know -->
<feat xlink:href="#rel_394" value="amod"/> <!--other -->
<feat xlink:href="#rel_395" value="dobj"/> <!--editors -->
<feat xlink:href="#rel_397" value="nsubjpass"/> <!--We -->
<feat xlink:href="#rel_398" value="auxpass"/> <!--are -->
<feat xlink:href="#rel_400" value="prep"/> <!--as -->
<feat xlink:href="#rel_401" value="det"/> <!--a -->
<feat xlink:href="#rel_402" value="amod"/> <!--Hybrid -->
<feat xlink:href="#rel_403" value="pobj"/> <!--Organization -->
<feat xlink:href="#rel_405" value="det"/> <!--a -->
<feat xlink:href="#rel_406" value="amod"/> <!--for-profit -->
<feat xlink:href="#rel_407" value="dep"/> <!--company -->
<feat xlink:href="#rel_408" value="vmod"/> <!--focused -->
<feat xlink:href="#rel_409" value="prep"/> <!--on -->
<feat xlink:href="#rel_410" value="pcomp"/> <!--achieving -->
<feat xlink:href="#rel_411" value="det"/> <!--a -->
<feat xlink:href="#rel_412" value="amod"/> <!--social -->
<feat xlink:href="#rel_413" value="dobj"/> <!--good -->
<feat xlink:href="#rel_415" value="nsubj"/> <!--This -->
<feat xlink:href="#rel_417" value="quantmod"/> <!--several -->
<feat xlink:href="#rel_418" value="dobj"/> <!--advantages -->
<feat xlink:href="#rel_419" value="cc"/> <!--and -->
<feat xlink:href="#rel_420" value="conj"/> <!--disadvantages -->
<feat xlink:href="#rel_421" value="advmod"/> <!--when -->
<feat xlink:href="#rel_422" value="rcmod"/> <!--compared -->
<feat xlink:href="#rel_423" value="prep"/> <!--to -->
<feat xlink:href="#rel_424" value="det"/> <!--the -->
<feat xlink:href="#rel_425" value="amod"/> <!--non-profit -->
<feat xlink:href="#rel_426" value="pobj"/> <!--structure -->
<feat xlink:href="#rel_427" value="prep"/> <!--at -->
<feat xlink:href="#rel_428" value="det"/> <!--the -->
<feat xlink:href="#rel_429" value="nn"/> <!--Wikimedia -->
<feat xlink:href="#rel_430" value="pobj"/> <!--Foundation -->
<feat xlink:href="#rel_432" value="nsubj"/> <!--We -->
<feat xlink:href="#rel_434" value="amod"/> <!--opt-out -->
<feat xlink:href="#rel_435" value="dobj"/> <!--advertising -->
<feat xlink:href="#rel_436" value="prep"/> <!--to -->
<feat xlink:href="#rel_437" value="amod"/> <!--anonymous -->
<feat xlink:href="#rel_438" value="pobj"/> <!--visitors -->
<feat xlink:href="#rel_439" value="dep"/> <!--rather -->
<feat xlink:href="#rel_440" value="cc"/> <!--than -->
<feat xlink:href="#rel_441" value="conj"/> <!--ask -->
<feat xlink:href="#rel_442" value="prep"/> <!--for -->
<feat xlink:href="#rel_443" value="pobj"/> <!--donations -->
<feat xlink:href="#rel_445" value="poss"/> <!--Our -->
<feat xlink:href="#rel_446" value="nn"/> <!--advertising -->
<feat xlink:href="#rel_447" value="nsubj"/> <!--revenue -->
<feat xlink:href="#rel_449" value="nn"/> <!--community -->
<feat xlink:href="#rel_450" value="dobj"/> <!--meetups -->
<feat xlink:href="#rel_451" value="cc"/> <!--and -->
<feat xlink:href="#rel_452" value="aux"/> <!--has -->
<feat xlink:href="#rel_453" value="advmod"/> <!--even -->
<feat xlink:href="#rel_454" value="conj"/> <!--allowed -->
<feat xlink:href="#rel_455" value="dobj"/> <!--us -->
<feat xlink:href="#rel_456" value="aux"/> <!--to -->
<feat xlink:href="#rel_457" value="vmod"/> <!--donate -->
<feat xlink:href="#rel_458" value="prep"/> <!--over -->
<feat xlink:href="#rel_459" value="dep"/> <!--$ -->
<feat xlink:href="#rel_460" value="dobj"/> <!--60000 -->
<feat xlink:href="#rel_461" value="prep"/> <!--to -->
<feat xlink:href="#rel_462" value="pobj"/> <!--charities -->
<feat xlink:href="#rel_463" value="mwe"/> <!--such -->
<feat xlink:href="#rel_464" value="prep"/> <!--as -->
<feat xlink:href="#rel_465" value="det"/> <!--the -->
<feat xlink:href="#rel_466" value="nn"/> <!--Wikimedia -->
<feat xlink:href="#rel_467" value="pobj"/> <!--Foundation -->
<feat xlink:href="#rel_468" value="cc"/> <!--and -->
<feat xlink:href="#rel_469" value="nn"/> <!--Creative -->
<feat xlink:href="#rel_470" value="conj"/> <!--Commons -->
<feat xlink:href="#rel_476" value="prep"/> <!--In -->
<feat xlink:href="#rel_477" value="pobj"/> <!--addition -->
<feat xlink:href="#rel_479" value="nsubj"/> <!--we -->
<feat xlink:href="#rel_480" value="aux"/> <!--ve -->
<feat xlink:href="#rel_482" value="poss"/> <!--our -->
<feat xlink:href="#rel_483" value="dobj"/> <!--revenue -->
<feat xlink:href="#rel_484" value="prep"/> <!--on -->
<feat xlink:href="#rel_485" value="pobj"/> <!--things -->
<feat xlink:href="#rel_486" value="prep"/> <!--like -->
<feat xlink:href="#rel_487" value="pcomp"/> <!--buying -->
<feat xlink:href="#rel_488" value="nn"/> <!--carbon -->
<feat xlink:href="#rel_489" value="dobj"/> <!--offsets -->
<feat xlink:href="#rel_490" value="aux"/> <!--to -->
<feat xlink:href="#rel_491" value="vmod"/> <!--become -->
<feat xlink:href="#rel_492" value="nn"/> <!--carbon -->
<feat xlink:href="#rel_493" value="xcomp"/> <!--neutral -->
<feat xlink:href="#rel_496" value="dep"/> <!--http://www.wikihow.com/wikiHow:Carbon-Neutral -->
<feat xlink:href="#rel_498" value="poss"/> <!--Our -->
<feat xlink:href="#rel_499" value="nn"/> <!--community -->
<feat xlink:href="#rel_500" value="dobj"/> <!--culture -->
<feat xlink:href="#rel_501" value="auxpass"/> <!--is -->
<feat xlink:href="#rel_503" value="prep"/> <!--on -->
<feat xlink:href="#rel_504" value="pobj"/> <!--wikiLove -->
<feat xlink:href="#rel_505" value="cc"/> <!--and -->
<feat xlink:href="#rel_506" value="conj"/> <!--civility -->
<feat xlink:href="#rel_508" value="prep"/> <!--As -->
<feat xlink:href="#rel_509" value="det"/> <!--a -->
<feat xlink:href="#rel_510" value="pobj"/> <!--result -->
<feat xlink:href="#rel_511" value="det"/> <!--some -->
<feat xlink:href="#rel_512" value="nsubj"/> <!--folks -->
<feat xlink:href="#rel_514" value="nsubj"/> <!--wikiHow -->
<feat xlink:href="#rel_515" value="cop"/> <!--is -->
<feat xlink:href="#rel_516" value="det"/> <!--a -->
<feat xlink:href="#rel_517" value="advmod"/> <!--more -->
<feat xlink:href="#rel_518" value="amod"/> <!--humane -->
<feat xlink:href="#rel_519" value="cc"/> <!--and -->
<feat xlink:href="#rel_520" value="conj"/> <!--enjoyable -->
<feat xlink:href="#rel_521" value="ccomp"/> <!--place -->
<feat xlink:href="#rel_522" value="aux"/> <!--to -->
<feat xlink:href="#rel_523" value="vmod"/> <!--work -->
<feat xlink:href="#rel_524" value="prep"/> <!--than -->
<feat xlink:href="#rel_525" value="amod"/> <!--other -->
<feat xlink:href="#rel_526" value="pobj"/> <!--places -->
<feat xlink:href="#rel_527" value="amod"/> <!--online -->
<feat xlink:href="#rel_529" value="advmod"/> <!--Why -->
<feat xlink:href="#rel_530" value="aux"/> <!--did -->
<feat xlink:href="#rel_531" value="nsubj"/> <!--you -->
<feat xlink:href="#rel_533" value="aux"/> <!--to -->
<feat xlink:href="#rel_534" value="xcomp"/> <!--create -->
<feat xlink:href="#rel_535" value="dobj"/> <!--wikiHow -->
<feat xlink:href="#rel_537" value="nsubj"/> <!--I -->
<feat xlink:href="#rel_539" value="mark"/> <!--that -->
<feat xlink:href="#rel_540" value="csubj"/> <!--providing -->
<feat xlink:href="#rel_541" value="dobj"/> <!--people -->
<feat xlink:href="#rel_542" value="prep"/> <!--with -->
<feat xlink:href="#rel_543" value="det"/> <!--a -->
<feat xlink:href="#rel_544" value="amod"/> <!--practical -->
<feat xlink:href="#rel_545" value="pobj"/> <!--education -->
<feat xlink:href="#rel_546" value="cop"/> <!--is -->
<feat xlink:href="#rel_547" value="ccomp"/> <!--one -->
<feat xlink:href="#rel_548" value="prep"/> <!--of -->
<feat xlink:href="#rel_549" value="det"/> <!--the -->
<feat xlink:href="#rel_550" value="advmod"/> <!--most -->
<feat xlink:href="#rel_551" value="amod"/> <!--empowering -->
<feat xlink:href="#rel_552" value="pobj"/> <!--things -->
<feat xlink:href="#rel_553" value="nsubj"/> <!--you -->
<feat xlink:href="#rel_554" value="aux"/> <!--can -->
<feat xlink:href="#rel_555" value="rcmod"/> <!--offer -->
<feat xlink:href="#rel_556" value="det"/> <!--a -->
<feat xlink:href="#rel_557" value="dobj"/> <!--person -->
<feat xlink:href="#rel_560" value="xcomp"/> <!--having -->
<feat xlink:href="#rel_561" value="amod"/> <!--detailed -->
<feat xlink:href="#rel_562" value="amod"/> <!--step-by-step -->
<feat xlink:href="#rel_563" value="dobj"/> <!--instructions -->
<feat xlink:href="#rel_564" value="prep"/> <!--on -->
<feat xlink:href="#rel_565" value="advmod"/> <!--how -->
<feat xlink:href="#rel_566" value="aux"/> <!--to -->
<feat xlink:href="#rel_567" value="pcomp"/> <!--do -->
<feat xlink:href="#rel_568" value="det"/> <!--any -->
<feat xlink:href="#rel_569" value="dobj"/> <!--activity -->
<feat xlink:href="#rel_570" value="nsubj"/> <!--you -->
<feat xlink:href="#rel_571" value="aux"/> <!--could -->
<feat xlink:href="#rel_572" value="rcmod"/> <!--imagine -->
<feat xlink:href="#rel_574" value="advmod"/> <!--How -->
<feat xlink:href="#rel_575" value="dobj"/> <!--much -->
<feat xlink:href="#rel_576" value="amod"/> <!--more -->
<feat xlink:href="#rel_577" value="aux"/> <!--could -->
<feat xlink:href="#rel_578" value="nsubj"/> <!--you -->
<feat xlink:href="#rel_580" value="prep"/> <!--as -->
<feat xlink:href="#rel_581" value="det"/> <!--an -->
<feat xlink:href="#rel_582" value="pobj"/> <!--individual -->
<feat xlink:href="#rel_583" value="mark"/> <!--if -->
<feat xlink:href="#rel_584" value="nsubj"/> <!--you -->
<feat xlink:href="#rel_585" value="aux"/> <!--could -->
<feat xlink:href="#rel_586" value="advcl"/> <!--learn -->
<feat xlink:href="#rel_587" value="det"/> <!--any -->
<feat xlink:href="#rel_588" value="dobj"/> <!--activity -->
<feat xlink:href="#rel_590" value="nsubj"/> <!--I -->
<feat xlink:href="#rel_592" value="mark"/> <!--that -->
<feat xlink:href="#rel_593" value="csubj"/> <!--building -->
<feat xlink:href="#rel_594" value="det"/> <!--a -->
<feat xlink:href="#rel_595" value="amod"/> <!--universal -->
<feat xlink:href="#rel_596" value="amod"/> <!--how-to -->
<feat xlink:href="#rel_597" value="dobj"/> <!--manual -->
<feat xlink:href="#rel_598" value="aux"/> <!--would -->
<feat xlink:href="#rel_599" value="cop"/> <!--be -->
<feat xlink:href="#rel_600" value="det"/> <!--a -->
<feat xlink:href="#rel_601" value="amod"/> <!--tremendous -->
<feat xlink:href="#rel_602" value="ccomp"/> <!--gift -->
<feat xlink:href="#rel_603" value="prep"/> <!--for -->
<feat xlink:href="#rel_604" value="det"/> <!--the -->
<feat xlink:href="#rel_605" value="pobj"/> <!--world -->
<feat xlink:href="#rel_607" value="nsubj"/> <!--Knowledge -->
<feat xlink:href="#rel_608" value="cop"/> <!--is -->
<feat xlink:href="#rel_610" value="cc"/> <!--and -->
<feat xlink:href="#rel_611" value="nsubj"/> <!--wikiHow -->
<feat xlink:href="#rel_612" value="conj"/> <!--has -->
<feat xlink:href="#rel_613" value="det"/> <!--the -->
<feat xlink:href="#rel_614" value="dobj"/> <!--potential -->
<feat xlink:href="#rel_615" value="aux"/> <!--to -->
<feat xlink:href="#rel_616" value="vmod"/> <!--make -->
<feat xlink:href="#rel_617" value="nsubj"/> <!--all -->
<feat xlink:href="#rel_618" value="prep"/> <!--of -->
<feat xlink:href="#rel_619" value="pobj"/> <!--us -->
<feat xlink:href="#rel_620" value="dep"/> <!--a -->
<feat xlink:href="#rel_621" value="advmod"/> <!--bit -->
<feat xlink:href="#rel_622" value="advmod"/> <!--more -->
<feat xlink:href="#rel_623" value="xcomp"/> <!--powerful -->
<feat xlink:href="#rel_625" value="nsubjpass"/> <!--I -->
<feat xlink:href="#rel_626" value="aux"/> <!--ve -->
<feat xlink:href="#rel_627" value="auxpass"/> <!--been -->
<feat xlink:href="#rel_629" value="prep"/> <!--in -->
<feat xlink:href="#rel_630" value="pcomp"/> <!--building -->
<feat xlink:href="#rel_631" value="det"/> <!--a -->
<feat xlink:href="#rel_632" value="amod"/> <!--comprehensive -->
<feat xlink:href="#rel_633" value="amod"/> <!--how-to -->
<feat xlink:href="#rel_634" value="dobj"/> <!--manual -->
<feat xlink:href="#rel_635" value="advmod"/> <!--long -->
<feat xlink:href="#rel_636" value="mark"/> <!--before -->
<feat xlink:href="#rel_637" value="nsubj"/> <!--I -->
<feat xlink:href="#rel_638" value="advmod"/> <!--first -->
<feat xlink:href="#rel_639" value="advcl"/> <!--envisioned -->
<feat xlink:href="#rel_640" value="dobj"/> <!--wikiHow -->
<feat xlink:href="#rel_642" value="poss"/> <!--My -->
<feat xlink:href="#rel_643" value="amod"/> <!--first -->
<feat xlink:href="#rel_644" value="nsubj"/> <!--attempt -->
<feat xlink:href="#rel_645" value="prep"/> <!--at -->
<feat xlink:href="#rel_646" value="pcomp"/> <!--building -->
<feat xlink:href="#rel_647" value="det"/> <!--this -->
<feat xlink:href="#rel_648" value="dobj"/> <!--resource -->
<feat xlink:href="#rel_649" value="cop"/> <!--was -->
<feat xlink:href="#rel_650" value="det"/> <!--a -->
<feat xlink:href="#rel_652" value="nsubj"/> <!--I -->
<feat xlink:href="#rel_653" value="rcmod"/> <!--used -->
<feat xlink:href="#rel_654" value="aux"/> <!--to -->
<feat xlink:href="#rel_655" value="xcomp"/> <!--run -->
<feat xlink:href="#rel_656" value="dep"/> <!--called -->
<feat xlink:href="#rel_657" value="xcomp"/> <!--eHow -->
<feat xlink:href="#rel_659" value="nsubj"/> <!--eHow -->
<feat xlink:href="#rel_660" value="cop"/> <!--was -->
<feat xlink:href="#rel_661" value="cc"/> <!--and -->
<feat xlink:href="#rel_662" value="conj"/> <!--continues -->
<feat xlink:href="#rel_663" value="aux"/> <!--to -->
<feat xlink:href="#rel_664" value="xcomp"/> <!--be -->
<feat xlink:href="#rel_665" value="det"/> <!--the -->
<feat xlink:href="#rel_666" value="amod"/> <!--largest -->
<feat xlink:href="#rel_667" value="dep"/> <!--and -->
<feat xlink:href="#rel_668" value="mwe"/> <!--how -->
<feat xlink:href="#rel_669" value="amod"/> <!--to -->
<feat xlink:href="#rel_671" value="prep"/> <!--in -->
<feat xlink:href="#rel_672" value="det"/> <!--the -->
<feat xlink:href="#rel_673" value="pobj"/> <!--world -->
<feat xlink:href="#rel_675" value="nsubj"/> <!--eHow -->
<feat xlink:href="#rel_677" value="amod"/> <!--copyrighted -->
<feat xlink:href="#rel_678" value="dobj"/> <!--content -->
<feat xlink:href="#rel_679" value="vmod"/> <!--run -->
<feat xlink:href="#rel_680" value="prep"/> <!--on -->
<feat xlink:href="#rel_681" value="amod"/> <!--proprietary -->
<feat xlink:href="#rel_682" value="pobj"/> <!--software -->
<feat xlink:href="#rel_684" value="advmod"/> <!--When -->
<feat xlink:href="#rel_685" value="nsubj"/> <!--I -->
<feat xlink:href="#rel_686" value="advcl"/> <!--ran -->
<feat xlink:href="#rel_687" value="dobj"/> <!--eHow -->
<feat xlink:href="#rel_689" value="det"/> <!--the -->
<feat xlink:href="#rel_690" value="nsubjpass"/> <!--content -->
<feat xlink:href="#rel_691" value="auxpass"/> <!--was -->
<feat xlink:href="#rel_692" value="advmod"/> <!--professionally -->
<feat xlink:href="#rel_694" value="cc"/> <!--and -->
<feat xlink:href="#rel_695" value="conj"/> <!--edited -->
<feat xlink:href="#rel_697" value="det"/> <!--This -->
<feat xlink:href="#rel_698" value="nn"/> <!--business -->
<feat xlink:href="#rel_699" value="nsubj"/> <!--model -->
<feat xlink:href="#rel_701" value="prep"/> <!--for -->
<feat xlink:href="#rel_702" value="pcomp"/> <!--producing -->
<feat xlink:href="#rel_703" value="dobj"/> <!--content -->
<feat xlink:href="#rel_704" value="prep"/> <!--on -->
<feat xlink:href="#rel_705" value="pobj"/> <!--topics -->
<feat xlink:href="#rel_706" value="nsubj"/> <!--that -->
<feat xlink:href="#rel_707" value="rcmod"/> <!--appeal -->
<feat xlink:href="#rel_708" value="prep"/> <!--to -->
<feat xlink:href="#rel_709" value="pobj"/> <!--advertisers -->
<feat xlink:href="#rel_710" value="prep"/> <!--in -->
<feat xlink:href="#rel_711" value="pobj"/> <!--languages -->
<feat xlink:href="#rel_712" value="prep"/> <!--like -->
<feat xlink:href="#rel_713" value="pobj"/> <!--English -->
<feat xlink:href="#rel_714" value="nsubj"/> <!--that -->
<feat xlink:href="#rel_715" value="rcmod"/> <!--have -->
<feat xlink:href="#rel_716" value="amod"/> <!--large -->
<feat xlink:href="#rel_717" value="nn"/> <!--advertising -->
<feat xlink:href="#rel_718" value="dobj"/> <!--markets -->
<feat xlink:href="#rel_720" value="advmod"/> <!--However -->
<feat xlink:href="#rel_722" value="csubj"/> <!--paying -->
<feat xlink:href="#rel_723" value="dobj"/> <!--people -->
<feat xlink:href="#rel_724" value="aux"/> <!--to -->
<feat xlink:href="#rel_725" value="vmod"/> <!--write -->
<feat xlink:href="#rel_726" value="cc"/> <!--and -->
<feat xlink:href="#rel_727" value="conj"/> <!--edit -->
<feat xlink:href="#rel_728" value="dobj"/> <!--articles -->
<feat xlink:href="#rel_729" value="advmod"/> <!--ultimately -->
<feat xlink:href="#rel_731" value="mark"/> <!--that -->
<feat xlink:href="#rel_732" value="nsubj"/> <!--you -->
<feat xlink:href="#rel_733" value="ccomp"/> <!--have -->
<feat xlink:href="#rel_734" value="aux"/> <!--to -->
<feat xlink:href="#rel_735" value="xcomp"/> <!--make -->
<feat xlink:href="#rel_736" value="dobj"/> <!--one -->
<feat xlink:href="#rel_737" value="prep"/> <!--of -->
<feat xlink:href="#rel_738" value="num"/> <!--two -->
<feat xlink:href="#rel_739" value="pobj"/> <!--sacrifices -->
<feat xlink:href="#rel_741" value="nsubj"/> <!--You -->
<feat xlink:href="#rel_742" value="advmod"/> <!--either -->
<feat xlink:href="#rel_743" value="dep"/> <!--1 -->
<feat xlink:href="#rel_745" value="rcmod"/> <!--sacrifice -->
<feat xlink:href="#rel_746" value="prep"/> <!--on -->
<feat xlink:href="#rel_747" value="pobj"/> <!--breadth -->
<feat xlink:href="#rel_748" value="cc"/> <!--and -->
<feat xlink:href="#rel_749" value="aux"/> <!--do -->
<feat xlink:href="#rel_750" value="neg"/> <!--n&apos;t -->
<feat xlink:href="#rel_751" value="conj"/> <!--produce -->
<feat xlink:href="#rel_752" value="det"/> <!--the -->
<feat xlink:href="#rel_753" value="dobj"/> <!--topics -->
<feat xlink:href="#rel_754" value="nsubj"/> <!--that -->
<feat xlink:href="#rel_755" value="aux"/> <!--wo -->
<feat xlink:href="#rel_756" value="neg"/> <!--n&apos;t -->
<feat xlink:href="#rel_757" value="rcmod"/> <!--interest -->
<feat xlink:href="#rel_758" value="dobj"/> <!--advertisers -->
<feat xlink:href="#rel_760" value="cc"/> <!--or -->
<feat xlink:href="#rel_761" value="dep"/> <!--2 -->
<feat xlink:href="#rel_763" value="dobj"/> <!--you -->
<feat xlink:href="#rel_764" value="conj"/> <!--sacrifice -->
<feat xlink:href="#rel_765" value="prep"/> <!--on -->
<feat xlink:href="#rel_766" value="pobj"/> <!--quality -->
<feat xlink:href="#rel_767" value="cc"/> <!--and -->
<feat xlink:href="#rel_768" value="conj"/> <!--produce -->
<feat xlink:href="#rel_769" value="dobj"/> <!--content -->
<feat xlink:href="#rel_770" value="nsubj"/> <!--that -->
<feat xlink:href="#rel_771" value="aux"/> <!--does -->
<feat xlink:href="#rel_772" value="neg"/> <!--n&apos;t -->
<feat xlink:href="#rel_773" value="rcmod"/> <!--cost -->
<feat xlink:href="#rel_774" value="dobj"/> <!--much -->
<feat xlink:href="#rel_775" value="aux"/> <!--to -->
<feat xlink:href="#rel_776" value="vmod"/> <!--write -->
<feat xlink:href="#rel_778" value="nsubjpass"/> <!--I -->
<feat xlink:href="#rel_779" value="auxpass"/> <!--was -->
<feat xlink:href="#rel_780" value="neg"/> <!--n&apos;t -->
<feat xlink:href="#rel_782" value="prep"/> <!--in -->
<feat xlink:href="#rel_783" value="pcomp"/> <!--making -->
<feat xlink:href="#rel_784" value="dobj"/> <!--either -->
<feat xlink:href="#rel_785" value="prep"/> <!--of -->
<feat xlink:href="#rel_786" value="det"/> <!--these -->
<feat xlink:href="#rel_787" value="pobj"/> <!--sacrifices -->
<feat xlink:href="#rel_789" value="mark"/> <!--as -->
<feat xlink:href="#rel_790" value="nsubj"/> <!--I -->
<feat xlink:href="#rel_791" value="parataxis"/> <!--think -->
<feat xlink:href="#rel_792" value="det"/> <!--the -->
<feat xlink:href="#rel_793" value="poss"/> <!--world -->
<feat xlink:href="#rel_794" value="possessive"/> <!--s -->
<feat xlink:href="#rel_795" value="amod"/> <!--how -->
<feat xlink:href="#rel_796" value="mwe"/> <!--to -->
<feat xlink:href="#rel_797" value="nsubj"/> <!--manual -->
<feat xlink:href="#rel_798" value="advcl"/> <!--needs -->
<feat xlink:href="#rel_799" value="aux"/> <!--to -->
<feat xlink:href="#rel_800" value="cop"/> <!--be -->
<feat xlink:href="#rel_801" value="amod"/> <!--high -->
<feat xlink:href="#rel_802" value="xcomp"/> <!--quality -->
<feat xlink:href="#rel_803" value="cc"/> <!--AND -->
<feat xlink:href="#rel_804" value="conj"/> <!--comprehensive -->
<feat xlink:href="#rel_806" value="advmod"/> <!--So -->
<feat xlink:href="#rel_807" value="advmod"/> <!--ultimately -->
<feat xlink:href="#rel_808" value="nsubj"/> <!--I -->
<feat xlink:href="#rel_810" value="mark"/> <!--that -->
<feat xlink:href="#rel_811" value="poss"/> <!--eHow -->
<feat xlink:href="#rel_812" value="possessive"/> <!--s -->
<feat xlink:href="#rel_813" value="nsubj"/> <!--model -->
<feat xlink:href="#rel_814" value="aux"/> <!--would -->
<feat xlink:href="#rel_815" value="neg"/> <!--not -->
<feat xlink:href="#rel_816" value="ccomp"/> <!--build -->
<feat xlink:href="#rel_817" value="det"/> <!--the -->
<feat xlink:href="#rel_818" value="dobj"/> <!--resource -->
<feat xlink:href="#rel_819" value="nsubj"/> <!--I -->
<feat xlink:href="#rel_820" value="rcmod"/> <!--envisioned -->
<feat xlink:href="#rel_822" value="advmod"/> <!--When -->
<feat xlink:href="#rel_823" value="nsubj"/> <!--I -->
<feat xlink:href="#rel_824" value="advcl"/> <!--discovered -->
<feat xlink:href="#rel_825" value="dobj"/> <!--Wikipedia -->
<feat xlink:href="#rel_827" value="nsubj"/> <!--I -->
<feat xlink:href="#rel_829" value="mark"/> <!--that -->
<feat xlink:href="#rel_830" value="det"/> <!--the -->
<feat xlink:href="#rel_831" value="nn"/> <!--wiki -->
<feat xlink:href="#rel_832" value="nsubj"/> <!--model -->
<feat xlink:href="#rel_833" value="ccomp"/> <!--had -->
<feat xlink:href="#rel_834" value="det"/> <!--the -->
<feat xlink:href="#rel_835" value="dobj"/> <!--potential -->
<feat xlink:href="#rel_836" value="aux"/> <!--to -->
<feat xlink:href="#rel_837" value="vmod"/> <!--build -->
<feat xlink:href="#rel_838" value="det"/> <!--the -->
<feat xlink:href="#rel_839" value="amod"/> <!--how-to -->
<feat xlink:href="#rel_840" value="dobj"/> <!--resource -->
<feat xlink:href="#rel_841" value="det"/> <!--the -->
<feat xlink:href="#rel_842" value="nsubj"/> <!--world -->
<feat xlink:href="#rel_843" value="advmod"/> <!--really -->
<feat xlink:href="#rel_844" value="rcmod"/> <!--needs -->
<feat xlink:href="#rel_846" value="advmod"/> <!--So -->
<feat xlink:href="#rel_847" value="nsubj"/> <!--I -->
<feat xlink:href="#rel_849" value="aux"/> <!--to -->
<feat xlink:href="#rel_850" value="xcomp"/> <!--sell -->
<feat xlink:href="#rel_851" value="dobj"/> <!--eHow -->
<feat xlink:href="#rel_852" value="cc"/> <!--and -->
<feat xlink:href="#rel_853" value="conj"/> <!--use -->
<feat xlink:href="#rel_854" value="det"/> <!--the -->
<feat xlink:href="#rel_855" value="dobj"/> <!--proceeds -->
<feat xlink:href="#rel_856" value="aux"/> <!--to -->
<feat xlink:href="#rel_857" value="xcomp"/> <!--build -->
<feat xlink:href="#rel_858" value="dobj"/> <!--wikiHow -->
<feat xlink:href="#rel_860" value="advmod"/> <!--Why -->
<feat xlink:href="#rel_861" value="aux"/> <!--did -->
<feat xlink:href="#rel_862" value="nsubj"/> <!--you -->
<feat xlink:href="#rel_864" value="aux"/> <!--to -->
<feat xlink:href="#rel_865" value="xcomp"/> <!--use -->
<feat xlink:href="#rel_866" value="det"/> <!--a -->
<feat xlink:href="#rel_867" value="amod"/> <!--Creative -->
<feat xlink:href="#rel_868" value="nn"/> <!--Commons -->
<feat xlink:href="#rel_869" value="dobj"/> <!--license -->
<feat xlink:href="#rel_871" value="nsubj"/> <!--We -->
<feat xlink:href="#rel_873" value="det"/> <!--a -->
<feat xlink:href="#rel_874" value="amod"/> <!--Creative -->
<feat xlink:href="#rel_875" value="nn"/> <!--Commons -->
<feat xlink:href="#rel_876" value="dobj"/> <!--license -->
<feat xlink:href="#rel_877" value="aux"/> <!--to -->
<feat xlink:href="#rel_878" value="vmod"/> <!--give -->
<feat xlink:href="#rel_879" value="poss"/> <!--our -->
<feat xlink:href="#rel_880" value="iobj"/> <!--community -->
<feat xlink:href="#rel_881" value="det"/> <!--the -->
<feat xlink:href="#rel_882" value="dobj"/> <!--right -->
<feat xlink:href="#rel_883" value="aux"/> <!--to -->
<feat xlink:href="#rel_884" value="vmod"/> <!--fork -->
<feat xlink:href="#rel_886" value="dep"/> <!--http://www.wikihow.com/wikiHow:Right-to-Fork -->
<feat xlink:href="#rel_889" value="prep"/> <!--In -->
<feat xlink:href="#rel_890" value="poss"/> <!--my -->
<feat xlink:href="#rel_891" value="pobj"/> <!--opinion -->
<feat xlink:href="#rel_893" value="nsubj"/> <!--people -->
<feat xlink:href="#rel_894" value="aux"/> <!--should -->
<feat xlink:href="#rel_895" value="cop"/> <!--be -->
<feat xlink:href="#rel_897" value="aux"/> <!--to -->
<feat xlink:href="#rel_898" value="xcomp"/> <!--contribute -->
<feat xlink:href="#rel_899" value="prep"/> <!--to -->
<feat xlink:href="#rel_900" value="pobj"/> <!--websites -->
<feat xlink:href="#rel_901" value="advmod"/> <!--where -->
<feat xlink:href="#rel_902" value="nsubj"/> <!--you -->
<feat xlink:href="#rel_903" value="advmod"/> <!--only -->
<feat xlink:href="#rel_904" value="advcl"/> <!--have -->
<feat xlink:href="#rel_905" value="det"/> <!--the -->
<feat xlink:href="#rel_907" value="dobj"/> <!--right -->
<feat xlink:href="#rel_908" value="aux"/> <!--to -->
<feat xlink:href="#rel_909" value="vmod"/> <!--leave -->
<feat xlink:href="#rel_912" value="mark"/> <!--If -->
<feat xlink:href="#rel_913" value="nn"/> <!--wikiHow -->
<feat xlink:href="#rel_914" value="nsubj"/> <!--volunteers -->
<feat xlink:href="#rel_915" value="advcl"/> <!--think -->
<feat xlink:href="#rel_916" value="poss"/> <!--our -->
<feat xlink:href="#rel_917" value="nsubj"/> <!--site -->
<feat xlink:href="#rel_918" value="aux"/> <!--is -->
<feat xlink:href="#rel_919" value="ccomp"/> <!--going -->
<feat xlink:href="#rel_920" value="prep"/> <!--in -->
<feat xlink:href="#rel_921" value="det"/> <!--the -->
<feat xlink:href="#rel_922" value="amod"/> <!--wrong -->
<feat xlink:href="#rel_923" value="pobj"/> <!--direction -->
<feat xlink:href="#rel_925" value="nsubj"/> <!--they -->
<feat xlink:href="#rel_926" value="aux"/> <!--can -->
<feat xlink:href="#rel_928" value="predet"/> <!--all -->
<feat xlink:href="#rel_929" value="det"/> <!--the -->
<feat xlink:href="#rel_930" value="dobj"/> <!--content -->
<feat xlink:href="#rel_931" value="cc"/> <!--and -->
<feat xlink:href="#rel_932" value="predet"/> <!--all -->
<feat xlink:href="#rel_933" value="det"/> <!--the -->
<feat xlink:href="#rel_934" value="conj"/> <!--software -->
<feat xlink:href="#rel_935" value="cc"/> <!--and -->
<feat xlink:href="#rel_936" value="conj"/> <!--move -->
<feat xlink:href="#rel_937" value="det"/> <!--the -->
<feat xlink:href="#rel_938" value="dobj"/> <!--project -->
<feat xlink:href="#rel_939" value="advmod"/> <!--elsewhere -->
<feat xlink:href="#rel_941" value="nsubj"/> <!--This -->
<feat xlink:href="#rel_942" value="cop"/> <!--is -->
<feat xlink:href="#rel_944" value="mark"/> <!--because -->
<feat xlink:href="#rel_945" value="nsubj"/> <!--we -->
<feat xlink:href="#rel_946" value="advcl"/> <!--release -->
<feat xlink:href="#rel_947" value="dobj"/> <!--all -->
<feat xlink:href="#rel_948" value="prep"/> <!--of -->
<feat xlink:href="#rel_949" value="poss"/> <!--our -->
<feat xlink:href="#rel_950" value="pobj"/> <!--software -->
<feat xlink:href="#rel_951" value="prep"/> <!--under -->
<feat xlink:href="#rel_952" value="det"/> <!--the -->
<feat xlink:href="#rel_953" value="nn"/> <!--Open -->
<feat xlink:href="#rel_954" value="nn"/> <!--Source -->
<feat xlink:href="#rel_955" value="nn"/> <!--GPL -->
<feat xlink:href="#rel_956" value="pobj"/> <!--license -->
<feat xlink:href="#rel_957" value="cc"/> <!--and -->
<feat xlink:href="#rel_958" value="conj"/> <!--release -->
<feat xlink:href="#rel_959" value="poss"/> <!--our -->
<feat xlink:href="#rel_960" value="dobj"/> <!--content -->
<feat xlink:href="#rel_961" value="prep"/> <!--under -->
<feat xlink:href="#rel_962" value="det"/> <!--a -->
<feat xlink:href="#rel_963" value="amod"/> <!--Creative -->
<feat xlink:href="#rel_964" value="nn"/> <!--Commons -->
<feat xlink:href="#rel_965" value="pobj"/> <!--license -->
<feat xlink:href="#rel_967" value="det"/> <!--This -->
<feat xlink:href="#rel_968" value="nsubj"/> <!--right -->
<feat xlink:href="#rel_969" value="aux"/> <!--to -->
<feat xlink:href="#rel_970" value="vmod"/> <!--fork -->
<feat xlink:href="#rel_972" value="mark"/> <!--that -->
<feat xlink:href="#rel_973" value="nsubj"/> <!--wikiHow -->
<feat xlink:href="#rel_975" value="det"/> <!--the -->
<feat xlink:href="#rel_976" value="appos"/> <!--company -->
<feat xlink:href="#rel_978" value="aux"/> <!--will -->
<feat xlink:href="#rel_979" value="advmod"/> <!--always -->
<feat xlink:href="#rel_980" value="ccomp"/> <!--serve -->
<feat xlink:href="#rel_981" value="det"/> <!--the -->
<feat xlink:href="#rel_982" value="dobj"/> <!--goal -->
<feat xlink:href="#rel_983" value="prep"/> <!--of -->
<feat xlink:href="#rel_984" value="det"/> <!--the -->
<feat xlink:href="#rel_985" value="pobj"/> <!--mission -->
<feat xlink:href="#rel_986" value="cc"/> <!--and -->
<feat xlink:href="#rel_987" value="poss"/> <!--our -->
<feat xlink:href="#rel_988" value="nn"/> <!--volunteer -->
<feat xlink:href="#rel_989" value="conj"/> <!--community -->
<feat xlink:href="#rel_991" value="nsubj"/> <!--I -->
<feat xlink:href="#rel_993" value="mark"/> <!--that -->
<feat xlink:href="#rel_994" value="csubj"/> <!--offering -->
<feat xlink:href="#rel_995" value="det"/> <!--this -->
<feat xlink:href="#rel_996" value="dobj"/> <!--right -->
<feat xlink:href="#rel_997" value="aux"/> <!--to -->
<feat xlink:href="#rel_998" value="vmod"/> <!--fork -->
<feat xlink:href="#rel_999" value="aux"/> <!--has -->
<feat xlink:href="#rel_1000" value="cop"/> <!--been -->
<feat xlink:href="#rel_1001" value="det"/> <!--a -->
<feat xlink:href="#rel_1002" value="amod"/> <!--key -->
<feat xlink:href="#rel_1003" value="ccomp"/> <!--element -->
<feat xlink:href="#rel_1004" value="prep"/> <!--of -->
<feat xlink:href="#rel_1005" value="poss"/> <!--our -->
<feat xlink:href="#rel_1006" value="pobj"/> <!--success -->
<feat xlink:href="#rel_1007" value="advmod"/> <!--thus -->
<feat xlink:href="#rel_1008" value="advmod"/> <!--far -->
<feat xlink:href="#rel_1010" value="poss"/> <!--My -->
<feat xlink:href="#rel_1011" value="nsubj"/> <!--hope -->
<feat xlink:href="#rel_1013" value="mark"/> <!--that -->
<feat xlink:href="#rel_1014" value="prep"/> <!--over -->
<feat xlink:href="#rel_1015" value="pobj"/> <!--time -->
<feat xlink:href="#rel_1017" value="nn"/> <!--internet -->
<feat xlink:href="#rel_1018" value="nsubj"/> <!--users -->
<feat xlink:href="#rel_1019" value="aux"/> <!--will -->
<feat xlink:href="#rel_1020" value="ccomp"/> <!--demand -->
<feat xlink:href="#rel_1021" value="dobj"/> <!--this -->
<feat xlink:href="#rel_1022" value="prep"/> <!--of -->
<feat xlink:href="#rel_1023" value="det"/> <!--any -->
<feat xlink:href="#rel_1024" value="pobj"/> <!--site -->
<feat xlink:href="#rel_1025" value="advmod"/> <!--where -->
<feat xlink:href="#rel_1026" value="nsubj"/> <!--they -->
<feat xlink:href="#rel_1027" value="advcl"/> <!--invest -->
<feat xlink:href="#rel_1028" value="poss"/> <!--their -->
<feat xlink:href="#rel_1029" value="dobj"/> <!--time -->
<feat xlink:href="#rel_1030" value="prep"/> <!--in -->
<feat xlink:href="#rel_1031" value="det"/> <!--a -->
<feat xlink:href="#rel_1032" value="pobj"/> <!--way -->
<feat xlink:href="#rel_1033" value="nsubj"/> <!--that -->
<feat xlink:href="#rel_1034" value="rcmod"/> <!--creates -->
<feat xlink:href="#rel_1035" value="dobj"/> <!--value -->
<feat xlink:href="#rel_1036" value="prep"/> <!--for -->
<feat xlink:href="#rel_1037" value="pobj"/> <!--others -->
<feat xlink:href="#rel_1039" value="nsubj"/> <!--That -->
<feat xlink:href="#rel_1042" value="advmod"/> <!--when -->
<feat xlink:href="#rel_1043" value="nsubj"/> <!--we -->
<feat xlink:href="#rel_1044" value="advcl"/> <!--started -->
<feat xlink:href="#rel_1045" value="prt"/> <!--out -->
<feat xlink:href="#rel_1046" value="nsubj"/> <!--I -->
<feat xlink:href="#rel_1047" value="aux"/> <!--did -->
<feat xlink:href="#rel_1048" value="neg"/> <!--n&apos;t -->
<feat xlink:href="#rel_1049" value="ccomp"/> <!--know -->
<feat xlink:href="#rel_1050" value="det"/> <!--the -->
<feat xlink:href="#rel_1051" value="dobj"/> <!--difference -->
<feat xlink:href="#rel_1052" value="prep"/> <!--between -->
<feat xlink:href="#rel_1053" value="det"/> <!--the -->
<feat xlink:href="#rel_1054" value="nn"/> <!--GNU -->
<feat xlink:href="#rel_1055" value="nsubj"/> <!--Free -->
<feat xlink:href="#rel_1056" value="nn"/> <!--Document -->
<feat xlink:href="#rel_1057" value="pobj"/> <!--License -->
<feat xlink:href="#rel_1058" value="cc"/> <!--and -->
<feat xlink:href="#rel_1059" value="poss"/> <!--my -->
<feat xlink:href="#rel_1060" value="nn"/> <!--California -->
<feat xlink:href="#rel_1061" value="poss"/> <!--Driver -->
<feat xlink:href="#rel_1062" value="possessive"/> <!--s -->
<feat xlink:href="#rel_1063" value="conj"/> <!--license -->
<feat xlink:href="#rel_1065" value="prep"/> <!--As -->
<feat xlink:href="#rel_1066" value="det"/> <!--a -->
<feat xlink:href="#rel_1067" value="pobj"/> <!--result -->
<feat xlink:href="#rel_1069" value="nsubj"/> <!--we -->
<feat xlink:href="#rel_1071" value="det"/> <!--some -->
<feat xlink:href="#rel_1072" value="dobj"/> <!--mistakes -->
<feat xlink:href="#rel_1073" value="prep"/> <!--along -->
<feat xlink:href="#rel_1074" value="det"/> <!--the -->
<feat xlink:href="#rel_1075" value="pobj"/> <!--path -->
<feat xlink:href="#rel_1077" value="prep"/> <!--In -->
<feat xlink:href="#rel_1078" value="pobj"/> <!--retrospect -->
<feat xlink:href="#rel_1080" value="nsubj"/> <!--I -->
<feat xlink:href="#rel_1082" value="nsubj"/> <!--we -->
<feat xlink:href="#rel_1083" value="advmod"/> <!--probably -->
<feat xlink:href="#rel_1084" value="aux"/> <!--should -->
<feat xlink:href="#rel_1085" value="aux"/> <!--have -->
<feat xlink:href="#rel_1086" value="ccomp"/> <!--selected -->
<feat xlink:href="#rel_1087" value="det"/> <!--the -->
<feat xlink:href="#rel_1088" value="nn"/> <!--CC -->
<feat xlink:href="#rel_1089" value="nn"/> <!--BY-SA -->
<feat xlink:href="#rel_1090" value="dobj"/> <!--license -->
<feat xlink:href="#rel_1091" value="advmod"/> <!--instead -->
<feat xlink:href="#rel_1092" value="prep"/> <!--of -->
<feat xlink:href="#rel_1093" value="pobj"/> <!--CC-BY-SA-NC -->
<feat xlink:href="#rel_1095" value="prep"/> <!--At -->
<feat xlink:href="#rel_1096" value="det"/> <!--a -->
<feat xlink:href="#rel_1097" value="pobj"/> <!--minimum -->
<feat xlink:href="#rel_1098" value="nsubj"/> <!--this -->
<feat xlink:href="#rel_1099" value="aux"/> <!--would -->
<feat xlink:href="#rel_1101" value="det"/> <!--a -->
<feat xlink:href="#rel_1102" value="amod"/> <!--helpful -->
<feat xlink:href="#rel_1103" value="dobj"/> <!--compatibility -->
<feat xlink:href="#rel_1104" value="prep"/> <!--with -->
<feat xlink:href="#rel_1105" value="amod"/> <!--other -->
<feat xlink:href="#rel_1106" value="pobj"/> <!--wikis -->
<feat xlink:href="#rel_1107" value="cc"/> <!--and -->
<feat xlink:href="#rel_1108" value="amod"/> <!--free -->
<feat xlink:href="#rel_1109" value="nn"/> <!--culture -->
<feat xlink:href="#rel_1110" value="conj"/> <!--projects -->
<feat xlink:href="#rel_1112" value="nsubj"/> <!--wikiHow -->
<feat xlink:href="#rel_1113" value="advmod"/> <!--now -->
<feat xlink:href="#rel_1115" value="dobj"/> <!--millions -->
<feat xlink:href="#rel_1116" value="prep"/> <!--of -->
<feat xlink:href="#rel_1117" value="pobj"/> <!--visitors -->
<feat xlink:href="#rel_1118" value="prep"/> <!--per -->
<feat xlink:href="#rel_1119" value="pobj"/> <!--month -->
<feat xlink:href="#rel_1121" value="advmod"/> <!--How -->
<feat xlink:href="#rel_1122" value="aux"/> <!--did -->
<feat xlink:href="#rel_1123" value="nsubj"/> <!--you -->
<feat xlink:href="#rel_1125" value="det"/> <!--the -->
<feat xlink:href="#rel_1126" value="dobj"/> <!--site -->
<feat xlink:href="#rel_1127" value="prep"/> <!--to -->
<feat xlink:href="#rel_1128" value="det"/> <!--the -->
<feat xlink:href="#rel_1129" value="pobj"/> <!--size -->
<feat xlink:href="#rel_1130" value="nsubj"/> <!--it -->
<feat xlink:href="#rel_1131" value="cop"/> <!--is -->
<feat xlink:href="#rel_1132" value="rcmod"/> <!--today -->
<feat xlink:href="#rel_1134" value="prep"/> <!--In -->
<feat xlink:href="#rel_1135" value="pobj"/> <!--December -->
<feat xlink:href="#rel_1136" value="num"/> <!--2008 -->
<feat xlink:href="#rel_1138" value="nsubj"/> <!--wikiHow -->
<feat xlink:href="#rel_1140" value="quantmod"/> <!--over -->
<feat xlink:href="#rel_1141" value="number"/> <!--14 -->
<feat xlink:href="#rel_1142" value="num"/> <!--million -->
<feat xlink:href="#rel_1143" value="amod"/> <!--unique -->
<feat xlink:href="#rel_1144" value="dobj"/> <!--visitors -->
<feat xlink:href="#rel_1145" value="prep"/> <!--according -->
<feat xlink:href="#rel_1146" value="pcomp"/> <!--to -->
<feat xlink:href="#rel_1147" value="nn"/> <!--Google -->
<feat xlink:href="#rel_1148" value="pobj"/> <!--Analytics -->
<feat xlink:href="#rel_1150" value="amod"/> <!--Full -->
<feat xlink:href="#rel_1151" value="dep"/> <!--data -->
<feat xlink:href="#rel_1153" value="appos"/> <!--http://www.wikihow.com/wikiHow:Statistics -->
<feat xlink:href="#rel_1156" value="nsubj"/> <!--Quantcast -->
<feat xlink:href="#rel_1158" value="dobj"/> <!--wikiHow -->
<feat xlink:href="#rel_1159" value="prep"/> <!--as -->
<feat xlink:href="#rel_1160" value="det"/> <!--the -->
<feat xlink:href="#rel_1161" value="advmod"/> <!--135th -->
<feat xlink:href="#rel_1162" value="advmod"/> <!--most -->
<feat xlink:href="#rel_1163" value="amod"/> <!--popular -->
<feat xlink:href="#rel_1164" value="pobj"/> <!--site -->
<feat xlink:href="#rel_1165" value="prep"/> <!--in -->
<feat xlink:href="#rel_1166" value="det"/> <!--the -->
<feat xlink:href="#rel_1167" value="pobj"/> <!--US -->
<feat xlink:href="#rel_1173" value="nsubj"/> <!--wikiHow -->
<feat xlink:href="#rel_1175" value="det"/> <!--this -->
<feat xlink:href="#rel_1176" value="dobj"/> <!--popularity -->
<feat xlink:href="#rel_1177" value="prep"/> <!--for -->
<feat xlink:href="#rel_1178" value="det"/> <!--a -->
<feat xlink:href="#rel_1179" value="amod"/> <!--few -->
<feat xlink:href="#rel_1180" value="pobj"/> <!--reasons -->
<feat xlink:href="#rel_1182" value="advmod"/> <!--First -->
<feat xlink:href="#rel_1184" value="nsubj"/> <!--people -->
<feat xlink:href="#rel_1185" value="prep"/> <!--around -->
<feat xlink:href="#rel_1186" value="det"/> <!--the -->
<feat xlink:href="#rel_1187" value="pobj"/> <!--world -->
<feat xlink:href="#rel_1188" value="cop"/> <!--are -->
<feat xlink:href="#rel_1190" value="prep"/> <!--for -->
<feat xlink:href="#rel_1191" value="amod"/> <!--high -->
<feat xlink:href="#rel_1192" value="nn"/> <!--quality -->
<feat xlink:href="#rel_1193" value="amod"/> <!--how-to -->
<feat xlink:href="#rel_1194" value="pobj"/> <!--information -->
<feat xlink:href="#rel_1196" value="nsubj"/> <!--People -->
<feat xlink:href="#rel_1198" value="aux"/> <!--to -->
<feat xlink:href="#rel_1199" value="xcomp"/> <!--learn -->
<feat xlink:href="#rel_1200" value="advmod"/> <!--more -->
<feat xlink:href="#rel_1201" value="amod"/> <!--practical -->
<feat xlink:href="#rel_1202" value="dobj"/> <!--skills -->
<feat xlink:href="#rel_1204" value="cc"/> <!--and -->
<feat xlink:href="#rel_1205" value="prep"/> <!--for -->
<feat xlink:href="#rel_1206" value="det"/> <!--the -->
<feat xlink:href="#rel_1207" value="amod"/> <!--most -->
<feat xlink:href="#rel_1208" value="pobj"/> <!--part -->
<feat xlink:href="#rel_1209" value="det"/> <!--the -->
<feat xlink:href="#rel_1210" value="nsubj"/> <!--internet -->
<feat xlink:href="#rel_1211" value="aux"/> <!--does -->
<feat xlink:href="#rel_1212" value="neg"/> <!--n&apos;t -->
<feat xlink:href="#rel_1213" value="conj"/> <!--provide -->
<feat xlink:href="#rel_1214" value="amod"/> <!--enough -->
<feat xlink:href="#rel_1215" value="nn"/> <!--quality -->
<feat xlink:href="#rel_1216" value="dobj"/> <!--information -->
<feat xlink:href="#rel_1217" value="advmod"/> <!--yet -->
<feat xlink:href="#rel_1219" value="advmod"/> <!--Second -->
<feat xlink:href="#rel_1221" value="nsubj"/> <!--we -->
<feat xlink:href="#rel_1223" value="dobj"/> <!--millions -->
<feat xlink:href="#rel_1224" value="prep"/> <!--of -->
<feat xlink:href="#rel_1225" value="pobj"/> <!--readers -->
<feat xlink:href="#rel_1226" value="prep"/> <!--via -->
<feat xlink:href="#rel_1227" value="det"/> <!--the -->
<feat xlink:href="#rel_1228" value="amod"/> <!--virtuous -->
<feat xlink:href="#rel_1229" value="pobj"/> <!--circle -->
<feat xlink:href="#rel_1230" value="prep"/> <!--of -->
<feat xlink:href="#rel_1231" value="nn"/> <!--wiki -->
<feat xlink:href="#rel_1232" value="pobj"/> <!--editing -->
<feat xlink:href="#rel_1234" value="nsubj"/> <!--We -->
<feat xlink:href="#rel_1235" value="parataxis"/> <!--had -->
<feat xlink:href="#rel_1236" value="det"/> <!--some -->
<feat xlink:href="#rel_1237" value="dobj"/> <!--articles -->
<feat xlink:href="#rel_1238" value="prep"/> <!--of -->
<feat xlink:href="#rel_1239" value="amod"/> <!--mixed -->
<feat xlink:href="#rel_1240" value="pobj"/> <!--quality -->
<feat xlink:href="#rel_1242" value="cc"/> <!--and -->
<feat xlink:href="#rel_1243" value="nsubj"/> <!--editors -->
<feat xlink:href="#rel_1244" value="conj"/> <!--joined -->
<feat xlink:href="#rel_1245" value="aux"/> <!--to -->
<feat xlink:href="#rel_1246" value="xcomp"/> <!--improve -->
<feat xlink:href="#rel_1247" value="det"/> <!--those -->
<feat xlink:href="#rel_1248" value="dobj"/> <!--articles -->
<feat xlink:href="#rel_1250" value="nsubj"/> <!--which -->
<feat xlink:href="#rel_1251" value="prep"/> <!--in -->
<feat xlink:href="#rel_1252" value="pobj"/> <!--turn -->
<feat xlink:href="#rel_1253" value="rcmod"/> <!--attracted -->
<feat xlink:href="#rel_1254" value="amod"/> <!--more -->
<feat xlink:href="#rel_1255" value="dobj"/> <!--readers -->
<feat xlink:href="#rel_1257" value="nsubj"/> <!--We -->
<feat xlink:href="#rel_1258" value="parataxis"/> <!--continue -->
<feat xlink:href="#rel_1259" value="aux"/> <!--to -->
<feat xlink:href="#rel_1260" value="xcomp"/> <!--depend -->
<feat xlink:href="#rel_1261" value="prep"/> <!--on -->
<feat xlink:href="#rel_1262" value="det"/> <!--this -->
<feat xlink:href="#rel_1263" value="amod"/> <!--same -->
<feat xlink:href="#rel_1264" value="amod"/> <!--virtuous -->
<feat xlink:href="#rel_1265" value="pobj"/> <!--cycle -->
<feat xlink:href="#rel_1267" value="amod"/> <!--More -->
<feat xlink:href="#rel_1268" value="nsubj"/> <!--readers -->
<feat xlink:href="#rel_1271" value="amod"/> <!--more -->
<feat xlink:href="#rel_1272" value="dobj"/> <!--editors -->
<feat xlink:href="#rel_1274" value="nsubj"/> <!--which -->
<feat xlink:href="#rel_1275" value="rcmod"/> <!--creates -->
<feat xlink:href="#rel_1276" value="amod"/> <!--better -->
<feat xlink:href="#rel_1277" value="dobj"/> <!--instructions -->
<feat xlink:href="#rel_1279" value="vmod"/> <!--leading -->
<feat xlink:href="#rel_1280" value="advmod"/> <!--again -->
<feat xlink:href="#rel_1281" value="prep"/> <!--to -->
<feat xlink:href="#rel_1282" value="amod"/> <!--more -->
<feat xlink:href="#rel_1283" value="pobj"/> <!--readers -->
<feat xlink:href="#rel_1285" value="nsubj"/> <!--It -->
<feat xlink:href="#rel_1286" value="cop"/> <!--is -->
<feat xlink:href="#rel_1287" value="det"/> <!--the -->
<feat xlink:href="#rel_1288" value="amod"/> <!--same -->
<feat xlink:href="#rel_1289" value="amod"/> <!--virtuous -->
<feat xlink:href="#rel_1291" value="mark"/> <!--that -->
<feat xlink:href="#rel_1292" value="nsubj"/> <!--Wikipedia -->
<feat xlink:href="#rel_1293" value="aux"/> <!--has -->
<feat xlink:href="#rel_1294" value="ccomp"/> <!--enjoyed -->
</featList>
</paula>
