<?xml version="1.0" standalone="no"?>

<!DOCTYPE paula SYSTEM "paula_rel.dtd">
<paula version="1.0">

<header paula_id="dep.GUM.GUM_interview_herrick_dep"/>

<relList xmlns:xlink="http://www.w3.org/1999/xlink" type="dep" xml:base="GUM.GUM_interview_herrick.tok.xml">
<rel id="rel_1" xlink:href="#tok_2" target="#tok_1"/>
<rel id="rel_2" xlink:href="#tok_6" target="#tok_2"/>
<rel id="rel_4" xlink:href="#tok_5" target="#tok_4"/>
<rel id="rel_5" xlink:href="#tok_2" target="#tok_5"/>
<rel id="rel_7" xlink:href="#tok_6" target="#tok_7"/>
<rel id="rel_8" xlink:href="#tok_7" target="#tok_8"/>
<rel id="rel_11" xlink:href="#tok_12" target="#tok_11"/>
<rel id="rel_12" xlink:href="#tok_9" target="#tok_12"/>
<rel id="rel_14" xlink:href="#tok_11" target="#tok_14"/>
<rel id="rel_16" xlink:href="#tok_15" target="#tok_16"/>
<rel id="rel_17" xlink:href="#tok_16" target="#tok_17"/>
<rel id="rel_18" xlink:href="#tok_17" target="#tok_18"/>
<rel id="rel_19" xlink:href="#tok_15" target="#tok_19"/>
<rel id="rel_21" xlink:href="#tok_19" target="#tok_21"/>
<rel id="rel_23" xlink:href="#tok_27" target="#tok_23"/>
<rel id="rel_24" xlink:href="#tok_27" target="#tok_24"/>
<rel id="rel_25" xlink:href="#tok_27" target="#tok_25"/>
<rel id="rel_26" xlink:href="#tok_27" target="#tok_26"/>
<rel id="rel_28" xlink:href="#tok_32" target="#tok_28"/>
<rel id="rel_29" xlink:href="#tok_27" target="#tok_29"/>
<rel id="rel_30" xlink:href="#tok_32" target="#tok_30"/>
<rel id="rel_32" xlink:href="#tok_29" target="#tok_32"/>
<rel id="rel_33" xlink:href="#tok_34" target="#tok_33"/>
<rel id="rel_34" xlink:href="#tok_41" target="#tok_34"/>
<rel id="rel_35" xlink:href="#tok_34" target="#tok_35"/>
<rel id="rel_36" xlink:href="#tok_41" target="#tok_36"/>
<rel id="rel_38" xlink:href="#tok_39" target="#tok_38"/>
<rel id="rel_39" xlink:href="#tok_41" target="#tok_39"/>
<rel id="rel_40" xlink:href="#tok_41" target="#tok_40"/>
<rel id="rel_41" xlink:href="#tok_32" target="#tok_41"/>
<rel id="rel_44" xlink:href="#tok_46" target="#tok_44"/>
<rel id="rel_45" xlink:href="#tok_46" target="#tok_45"/>
<rel id="rel_46" xlink:href="#tok_27" target="#tok_46"/>
<rel id="rel_47" xlink:href="#tok_49" target="#tok_47"/>
<rel id="rel_48" xlink:href="#tok_49" target="#tok_48"/>
<rel id="rel_49" xlink:href="#tok_46" target="#tok_49"/>
<rel id="rel_51" xlink:href="#tok_46" target="#tok_51"/>
<rel id="rel_52" xlink:href="#tok_53" target="#tok_52"/>
<rel id="rel_53" xlink:href="#tok_64" target="#tok_53"/>
<rel id="rel_54" xlink:href="#tok_58" target="#tok_54"/>
<rel id="rel_55" xlink:href="#tok_56" target="#tok_55"/>
<rel id="rel_56" xlink:href="#tok_58" target="#tok_56"/>
<rel id="rel_57" xlink:href="#tok_58" target="#tok_57"/>
<rel id="rel_58" xlink:href="#tok_53" target="#tok_58"/>
<rel id="rel_59" xlink:href="#tok_58" target="#tok_59"/>
<rel id="rel_60" xlink:href="#tok_61" target="#tok_60"/>
<rel id="rel_61" xlink:href="#tok_59" target="#tok_61"/>
<rel id="rel_63" xlink:href="#tok_64" target="#tok_63"/>
<rel id="rel_64" xlink:href="#tok_46" target="#tok_64"/>
<rel id="rel_65" xlink:href="#tok_66" target="#tok_65"/>
<rel id="rel_66" xlink:href="#tok_68" target="#tok_66"/>
<rel id="rel_67" xlink:href="#tok_66" target="#tok_67"/>
<rel id="rel_68" xlink:href="#tok_64" target="#tok_68"/>
<rel id="rel_70" xlink:href="#tok_71" target="#tok_70"/>
<rel id="rel_71" xlink:href="#tok_68" target="#tok_71"/>
<rel id="rel_73" xlink:href="#tok_78" target="#tok_73"/>
<rel id="rel_74" xlink:href="#tok_75" target="#tok_74"/>
<rel id="rel_75" xlink:href="#tok_73" target="#tok_75"/>
<rel id="rel_77" xlink:href="#tok_78" target="#tok_77"/>
<rel id="rel_79" xlink:href="#tok_81" target="#tok_79"/>
<rel id="rel_80" xlink:href="#tok_81" target="#tok_80"/>
<rel id="rel_81" xlink:href="#tok_78" target="#tok_81"/>
<rel id="rel_83" xlink:href="#tok_85" target="#tok_83"/>
<rel id="rel_84" xlink:href="#tok_87" target="#tok_84"/>
<rel id="rel_85" xlink:href="#tok_81" target="#tok_85"/>
<rel id="rel_86" xlink:href="#tok_87" target="#tok_86"/>
<rel id="rel_87" xlink:href="#tok_85" target="#tok_87"/>
<rel id="rel_88" xlink:href="#tok_87" target="#tok_88"/>
<rel id="rel_90" xlink:href="#tok_92" target="#tok_90"/>
<rel id="rel_91" xlink:href="#tok_92" target="#tok_91"/>
<rel id="rel_92" xlink:href="#tok_81" target="#tok_92"/>
<rel id="rel_93" xlink:href="#tok_92" target="#tok_93"/>
<rel id="rel_94" xlink:href="#tok_92" target="#tok_94"/>
<rel id="rel_95" xlink:href="#tok_94" target="#tok_95"/>
<rel id="rel_97" xlink:href="#tok_81" target="#tok_97"/>
<rel id="rel_98" xlink:href="#tok_100" target="#tok_98"/>
<rel id="rel_99" xlink:href="#tok_102" target="#tok_99"/>
<rel id="rel_100" xlink:href="#tok_81" target="#tok_100"/>
<rel id="rel_101" xlink:href="#tok_102" target="#tok_101"/>
<rel id="rel_102" xlink:href="#tok_100" target="#tok_102"/>
<rel id="rel_103" xlink:href="#tok_106" target="#tok_103"/>
<rel id="rel_104" xlink:href="#tok_105" target="#tok_104"/>
<rel id="rel_105" xlink:href="#tok_106" target="#tok_105"/>
<rel id="rel_106" xlink:href="#tok_102" target="#tok_106"/>
<rel id="rel_108" xlink:href="#tok_106" target="#tok_108"/>
<rel id="rel_110" xlink:href="#tok_106" target="#tok_110"/>
<rel id="rel_111" xlink:href="#tok_112" target="#tok_111"/>
<rel id="rel_112" xlink:href="#tok_110" target="#tok_112"/>
<rel id="rel_115" xlink:href="#tok_114" target="#tok_115"/>
<rel id="rel_116" xlink:href="#tok_114" target="#tok_116"/>
<rel id="rel_117" xlink:href="#tok_116" target="#tok_117"/>
<rel id="rel_118" xlink:href="#tok_117" target="#tok_118"/>
<rel id="rel_119" xlink:href="#tok_120" target="#tok_119"/>
<rel id="rel_120" xlink:href="#tok_118" target="#tok_120"/>
<rel id="rel_121" xlink:href="#tok_120" target="#tok_121"/>
<rel id="rel_122" xlink:href="#tok_121" target="#tok_122"/>
<rel id="rel_125" xlink:href="#tok_138" target="#tok_125"/>
<rel id="rel_126" xlink:href="#tok_127" target="#tok_126"/>
<rel id="rel_127" xlink:href="#tok_125" target="#tok_127"/>
<rel id="rel_128" xlink:href="#tok_130" target="#tok_128"/>
<rel id="rel_129" xlink:href="#tok_130" target="#tok_129"/>
<rel id="rel_130" xlink:href="#tok_127" target="#tok_130"/>
<rel id="rel_131" xlink:href="#tok_130" target="#tok_131"/>
<rel id="rel_132" xlink:href="#tok_133" target="#tok_132"/>
<rel id="rel_133" xlink:href="#tok_131" target="#tok_133"/>
<rel id="rel_135" xlink:href="#tok_138" target="#tok_135"/>
<rel id="rel_136" xlink:href="#tok_138" target="#tok_136"/>
<rel id="rel_137" xlink:href="#tok_138" target="#tok_137"/>
<rel id="rel_139" xlink:href="#tok_141" target="#tok_139"/>
<rel id="rel_140" xlink:href="#tok_141" target="#tok_140"/>
<rel id="rel_141" xlink:href="#tok_138" target="#tok_141"/>
<rel id="rel_145" xlink:href="#tok_149" target="#tok_145"/>
<rel id="rel_146" xlink:href="#tok_149" target="#tok_146"/>
<rel id="rel_147" xlink:href="#tok_149" target="#tok_147"/>
<rel id="rel_148" xlink:href="#tok_149" target="#tok_148"/>
<rel id="rel_150" xlink:href="#tok_151" target="#tok_150"/>
<rel id="rel_151" xlink:href="#tok_149" target="#tok_151"/>
<rel id="rel_152" xlink:href="#tok_153" target="#tok_152"/>
<rel id="rel_153" xlink:href="#tok_151" target="#tok_153"/>
<rel id="rel_154" xlink:href="#tok_153" target="#tok_154"/>
<rel id="rel_155" xlink:href="#tok_160" target="#tok_155"/>
<rel id="rel_157" xlink:href="#tok_158" target="#tok_157"/>
<rel id="rel_158" xlink:href="#tok_160" target="#tok_158"/>
<rel id="rel_159" xlink:href="#tok_160" target="#tok_159"/>
<rel id="rel_160" xlink:href="#tok_153" target="#tok_160"/>
<rel id="rel_162" xlink:href="#tok_165" target="#tok_162"/>
<rel id="rel_163" xlink:href="#tok_164" target="#tok_163"/>
<rel id="rel_164" xlink:href="#tok_165" target="#tok_164"/>
<rel id="rel_165" xlink:href="#tok_168" target="#tok_165"/>
<rel id="rel_167" xlink:href="#tok_168" target="#tok_167"/>
<rel id="rel_168" xlink:href="#tok_166" target="#tok_168"/>
<rel id="rel_169" xlink:href="#tok_170" target="#tok_169"/>
<rel id="rel_170" xlink:href="#tok_168" target="#tok_170"/>
<rel id="rel_171" xlink:href="#tok_168" target="#tok_171"/>
<rel id="rel_172" xlink:href="#tok_173" target="#tok_172"/>
<rel id="rel_173" xlink:href="#tok_174" target="#tok_173"/>
<rel id="rel_174" xlink:href="#tok_171" target="#tok_174"/>
<rel id="rel_175" xlink:href="#tok_174" target="#tok_175"/>
<rel id="rel_176" xlink:href="#tok_177" target="#tok_176"/>
<rel id="rel_177" xlink:href="#tok_175" target="#tok_177"/>
<rel id="rel_179" xlink:href="#tok_182" target="#tok_179"/>
<rel id="rel_180" xlink:href="#tok_182" target="#tok_180"/>
<rel id="rel_181" xlink:href="#tok_182" target="#tok_181"/>
<rel id="rel_183" xlink:href="#tok_182" target="#tok_183"/>
<rel id="rel_184" xlink:href="#tok_185" target="#tok_184"/>
<rel id="rel_185" xlink:href="#tok_183" target="#tok_185"/>
<rel id="rel_186" xlink:href="#tok_182" target="#tok_186"/>
<rel id="rel_188" xlink:href="#tok_182" target="#tok_188"/>
<rel id="rel_189" xlink:href="#tok_190" target="#tok_189"/>
<rel id="rel_190" xlink:href="#tok_182" target="#tok_190"/>
<rel id="rel_191" xlink:href="#tok_190" target="#tok_191"/>
<rel id="rel_192" xlink:href="#tok_190" target="#tok_192"/>
<rel id="rel_193" xlink:href="#tok_194" target="#tok_193"/>
<rel id="rel_194" xlink:href="#tok_192" target="#tok_194"/>
<rel id="rel_195" xlink:href="#tok_201" target="#tok_195"/>
<rel id="rel_196" xlink:href="#tok_197" target="#tok_196"/>
<rel id="rel_197" xlink:href="#tok_201" target="#tok_197"/>
<rel id="rel_198" xlink:href="#tok_201" target="#tok_198"/>
<rel id="rel_199" xlink:href="#tok_201" target="#tok_199"/>
<rel id="rel_200" xlink:href="#tok_201" target="#tok_200"/>
<rel id="rel_201" xlink:href="#tok_190" target="#tok_201"/>
<rel id="rel_202" xlink:href="#tok_201" target="#tok_202"/>
<rel id="rel_203" xlink:href="#tok_201" target="#tok_203"/>
<rel id="rel_204" xlink:href="#tok_206" target="#tok_204"/>
<rel id="rel_205" xlink:href="#tok_206" target="#tok_205"/>
<rel id="rel_207" xlink:href="#tok_208" target="#tok_207"/>
<rel id="rel_208" xlink:href="#tok_206" target="#tok_208"/>
<rel id="rel_209" xlink:href="#tok_210" target="#tok_209"/>
<rel id="rel_210" xlink:href="#tok_208" target="#tok_210"/>
<rel id="rel_211" xlink:href="#tok_210" target="#tok_211"/>
<rel id="rel_212" xlink:href="#tok_210" target="#tok_212"/>
<rel id="rel_213" xlink:href="#tok_215" target="#tok_213"/>
<rel id="rel_214" xlink:href="#tok_215" target="#tok_214"/>
<rel id="rel_215" xlink:href="#tok_212" target="#tok_215"/>
<rel id="rel_217" xlink:href="#tok_218" target="#tok_217"/>
<rel id="rel_219" xlink:href="#tok_225" target="#tok_219"/>
<rel id="rel_220" xlink:href="#tok_225" target="#tok_220"/>
<rel id="rel_221" xlink:href="#tok_220" target="#tok_221"/>
<rel id="rel_223" xlink:href="#tok_225" target="#tok_223"/>
<rel id="rel_224" xlink:href="#tok_225" target="#tok_224"/>
<rel id="rel_225" xlink:href="#tok_218" target="#tok_225"/>
<rel id="rel_226" xlink:href="#tok_225" target="#tok_226"/>
<rel id="rel_227" xlink:href="#tok_226" target="#tok_227"/>
<rel id="rel_228" xlink:href="#tok_227" target="#tok_228"/>
<rel id="rel_229" xlink:href="#tok_228" target="#tok_229"/>
<rel id="rel_230" xlink:href="#tok_229" target="#tok_230"/>
<rel id="rel_231" xlink:href="#tok_230" target="#tok_231"/>
<rel id="rel_232" xlink:href="#tok_234" target="#tok_232"/>
<rel id="rel_233" xlink:href="#tok_234" target="#tok_233"/>
<rel id="rel_234" xlink:href="#tok_231" target="#tok_234"/>
<rel id="rel_235" xlink:href="#tok_234" target="#tok_235"/>
<rel id="rel_237" xlink:href="#tok_238" target="#tok_237"/>
<rel id="rel_238" xlink:href="#tok_242" target="#tok_238"/>
<rel id="rel_240" xlink:href="#tok_245" target="#tok_240"/>
<rel id="rel_241" xlink:href="#tok_242" target="#tok_241"/>
<rel id="rel_243" xlink:href="#tok_242" target="#tok_243"/>
<rel id="rel_244" xlink:href="#tok_245" target="#tok_244"/>
<rel id="rel_245" xlink:href="#tok_242" target="#tok_245"/>
<rel id="rel_246" xlink:href="#tok_250" target="#tok_246"/>
<rel id="rel_247" xlink:href="#tok_248" target="#tok_247"/>
<rel id="rel_248" xlink:href="#tok_253" target="#tok_248"/>
<rel id="rel_249" xlink:href="#tok_250" target="#tok_249"/>
<rel id="rel_250" xlink:href="#tok_245" target="#tok_250"/>
<rel id="rel_251" xlink:href="#tok_250" target="#tok_251"/>
<rel id="rel_252" xlink:href="#tok_253" target="#tok_252"/>
<rel id="rel_253" xlink:href="#tok_250" target="#tok_253"/>
<rel id="rel_255" xlink:href="#tok_270" target="#tok_255"/>
<rel id="rel_257" xlink:href="#tok_270" target="#tok_257"/>
<rel id="rel_258" xlink:href="#tok_257" target="#tok_258"/>
<rel id="rel_259" xlink:href="#tok_258" target="#tok_259"/>
<rel id="rel_260" xlink:href="#tok_259" target="#tok_260"/>
<rel id="rel_262" xlink:href="#tok_270" target="#tok_262"/>
<rel id="rel_263" xlink:href="#tok_270" target="#tok_263"/>
<rel id="rel_264" xlink:href="#tok_270" target="#tok_264"/>
<rel id="rel_265" xlink:href="#tok_270" target="#tok_265"/>
<rel id="rel_266" xlink:href="#tok_267" target="#tok_266"/>
<rel id="rel_267" xlink:href="#tok_270" target="#tok_267"/>
<rel id="rel_268" xlink:href="#tok_269" target="#tok_268"/>
<rel id="rel_269" xlink:href="#tok_270" target="#tok_269"/>
<rel id="rel_271" xlink:href="#tok_270" target="#tok_271"/>
<rel id="rel_272" xlink:href="#tok_271" target="#tok_272"/>
<rel id="rel_274" xlink:href="#tok_275" target="#tok_274"/>
<rel id="rel_276" xlink:href="#tok_275" target="#tok_276"/>
<rel id="rel_277" xlink:href="#tok_278" target="#tok_277"/>
<rel id="rel_278" xlink:href="#tok_280" target="#tok_278"/>
<rel id="rel_279" xlink:href="#tok_280" target="#tok_279"/>
<rel id="rel_280" xlink:href="#tok_276" target="#tok_280"/>
<rel id="rel_281" xlink:href="#tok_280" target="#tok_281"/>
<rel id="rel_282" xlink:href="#tok_281" target="#tok_282"/>
<rel id="rel_284" xlink:href="#tok_282" target="#tok_284"/>
<rel id="rel_286" xlink:href="#tok_287" target="#tok_286"/>
<rel id="rel_287" xlink:href="#tok_284" target="#tok_287"/>
<rel id="rel_290" xlink:href="#tok_291" target="#tok_290"/>
<rel id="rel_291" xlink:href="#tok_282" target="#tok_291"/>
<rel id="rel_292" xlink:href="#tok_291" target="#tok_292"/>
<rel id="rel_293" xlink:href="#tok_297" target="#tok_293"/>
<rel id="rel_294" xlink:href="#tok_297" target="#tok_294"/>
<rel id="rel_295" xlink:href="#tok_296" target="#tok_295"/>
<rel id="rel_296" xlink:href="#tok_297" target="#tok_296"/>
<rel id="rel_297" xlink:href="#tok_291" target="#tok_297"/>
<rel id="rel_298" xlink:href="#tok_291" target="#tok_298"/>
<rel id="rel_299" xlink:href="#tok_298" target="#tok_299"/>
<rel id="rel_300" xlink:href="#tok_299" target="#tok_300"/>
<rel id="rel_302" xlink:href="#tok_303" target="#tok_302"/>
<rel id="rel_305" xlink:href="#tok_306" target="#tok_305"/>
<rel id="rel_306" xlink:href="#tok_307" target="#tok_306"/>
<rel id="rel_307" xlink:href="#tok_303" target="#tok_307"/>
<rel id="rel_308" xlink:href="#tok_307" target="#tok_308"/>
<rel id="rel_309" xlink:href="#tok_315" target="#tok_309"/>
<rel id="rel_310" xlink:href="#tok_315" target="#tok_310"/>
<rel id="rel_311" xlink:href="#tok_313" target="#tok_311"/>
<rel id="rel_312" xlink:href="#tok_313" target="#tok_312"/>
<rel id="rel_313" xlink:href="#tok_315" target="#tok_313"/>
<rel id="rel_314" xlink:href="#tok_315" target="#tok_314"/>
<rel id="rel_315" xlink:href="#tok_307" target="#tok_315"/>
<rel id="rel_317" xlink:href="#tok_323" target="#tok_317"/>
<rel id="rel_318" xlink:href="#tok_317" target="#tok_318"/>
<rel id="rel_320" xlink:href="#tok_323" target="#tok_320"/>
<rel id="rel_321" xlink:href="#tok_323" target="#tok_321"/>
<rel id="rel_322" xlink:href="#tok_323" target="#tok_322"/>
<rel id="rel_324" xlink:href="#tok_325" target="#tok_324"/>
<rel id="rel_325" xlink:href="#tok_323" target="#tok_325"/>
<rel id="rel_326" xlink:href="#tok_325" target="#tok_326"/>
<rel id="rel_327" xlink:href="#tok_328" target="#tok_327"/>
<rel id="rel_328" xlink:href="#tok_326" target="#tok_328"/>
<rel id="rel_330" xlink:href="#tok_331" target="#tok_330"/>
<rel id="rel_331" xlink:href="#tok_333" target="#tok_331"/>
<rel id="rel_332" xlink:href="#tok_333" target="#tok_332"/>
<rel id="rel_334" xlink:href="#tok_333" target="#tok_334"/>
<rel id="rel_335" xlink:href="#tok_334" target="#tok_335"/>
<rel id="rel_336" xlink:href="#tok_335" target="#tok_336"/>
<rel id="rel_337" xlink:href="#tok_338" target="#tok_337"/>
<rel id="rel_338" xlink:href="#tok_336" target="#tok_338"/>
<rel id="rel_339" xlink:href="#tok_340" target="#tok_339"/>
<rel id="rel_340" xlink:href="#tok_338" target="#tok_340"/>
<rel id="rel_342" xlink:href="#tok_343" target="#tok_342"/>
<rel id="rel_343" xlink:href="#tok_348" target="#tok_343"/>
<rel id="rel_345" xlink:href="#tok_348" target="#tok_345"/>
<rel id="rel_346" xlink:href="#tok_348" target="#tok_346"/>
<rel id="rel_347" xlink:href="#tok_348" target="#tok_347"/>
<rel id="rel_349" xlink:href="#tok_348" target="#tok_349"/>
<rel id="rel_350" xlink:href="#tok_349" target="#tok_350"/>
<rel id="rel_351" xlink:href="#tok_350" target="#tok_351"/>
<rel id="rel_352" xlink:href="#tok_353" target="#tok_352"/>
<rel id="rel_353" xlink:href="#tok_351" target="#tok_353"/>
<rel id="rel_355" xlink:href="#tok_358" target="#tok_355"/>
<rel id="rel_356" xlink:href="#tok_358" target="#tok_356"/>
<rel id="rel_357" xlink:href="#tok_358" target="#tok_357"/>
<rel id="rel_360" xlink:href="#tok_362" target="#tok_360"/>
<rel id="rel_361" xlink:href="#tok_362" target="#tok_361"/>
<rel id="rel_362" xlink:href="#tok_363" target="#tok_362"/>
<rel id="rel_364" xlink:href="#tok_365" target="#tok_364"/>
<rel id="rel_365" xlink:href="#tok_366" target="#tok_365"/>
<rel id="rel_366" xlink:href="#tok_363" target="#tok_366"/>
<rel id="rel_368" xlink:href="#tok_363" target="#tok_368"/>
<rel id="rel_369" xlink:href="#tok_368" target="#tok_369"/>
<rel id="rel_370" xlink:href="#tok_371" target="#tok_370"/>
<rel id="rel_371" xlink:href="#tok_369" target="#tok_371"/>
<rel id="rel_372" xlink:href="#tok_371" target="#tok_372"/>
<rel id="rel_373" xlink:href="#tok_371" target="#tok_373"/>
<rel id="rel_374" xlink:href="#tok_375" target="#tok_374"/>
<rel id="rel_375" xlink:href="#tok_373" target="#tok_375"/>
<rel id="rel_377" xlink:href="#tok_382" target="#tok_377"/>
<rel id="rel_378" xlink:href="#tok_379" target="#tok_378"/>
<rel id="rel_379" xlink:href="#tok_377" target="#tok_379"/>
<rel id="rel_381" xlink:href="#tok_382" target="#tok_381"/>
<rel id="rel_383" xlink:href="#tok_382" target="#tok_383"/>
<rel id="rel_384" xlink:href="#tok_382" target="#tok_384"/>
<rel id="rel_385" xlink:href="#tok_386" target="#tok_385"/>
<rel id="rel_386" xlink:href="#tok_384" target="#tok_386"/>
<rel id="rel_387" xlink:href="#tok_391" target="#tok_387"/>
<rel id="rel_388" xlink:href="#tok_389" target="#tok_388"/>
<rel id="rel_389" xlink:href="#tok_393" target="#tok_389"/>
<rel id="rel_390" xlink:href="#tok_391" target="#tok_390"/>
<rel id="rel_391" xlink:href="#tok_382" target="#tok_391"/>
<rel id="rel_392" xlink:href="#tok_393" target="#tok_392"/>
<rel id="rel_393" xlink:href="#tok_391" target="#tok_393"/>
<rel id="rel_394" xlink:href="#tok_395" target="#tok_394"/>
<rel id="rel_395" xlink:href="#tok_393" target="#tok_395"/>
<rel id="rel_397" xlink:href="#tok_399" target="#tok_397"/>
<rel id="rel_398" xlink:href="#tok_399" target="#tok_398"/>
<rel id="rel_400" xlink:href="#tok_399" target="#tok_400"/>
<rel id="rel_401" xlink:href="#tok_403" target="#tok_401"/>
<rel id="rel_402" xlink:href="#tok_403" target="#tok_402"/>
<rel id="rel_403" xlink:href="#tok_400" target="#tok_403"/>
<rel id="rel_405" xlink:href="#tok_407" target="#tok_405"/>
<rel id="rel_406" xlink:href="#tok_407" target="#tok_406"/>
<rel id="rel_407" xlink:href="#tok_403" target="#tok_407"/>
<rel id="rel_408" xlink:href="#tok_407" target="#tok_408"/>
<rel id="rel_409" xlink:href="#tok_408" target="#tok_409"/>
<rel id="rel_410" xlink:href="#tok_409" target="#tok_410"/>
<rel id="rel_411" xlink:href="#tok_413" target="#tok_411"/>
<rel id="rel_412" xlink:href="#tok_413" target="#tok_412"/>
<rel id="rel_413" xlink:href="#tok_410" target="#tok_413"/>
<rel id="rel_415" xlink:href="#tok_416" target="#tok_415"/>
<rel id="rel_417" xlink:href="#tok_418" target="#tok_417"/>
<rel id="rel_418" xlink:href="#tok_416" target="#tok_418"/>
<rel id="rel_419" xlink:href="#tok_418" target="#tok_419"/>
<rel id="rel_420" xlink:href="#tok_418" target="#tok_420"/>
<rel id="rel_421" xlink:href="#tok_422" target="#tok_421"/>
<rel id="rel_422" xlink:href="#tok_418" target="#tok_422"/>
<rel id="rel_423" xlink:href="#tok_422" target="#tok_423"/>
<rel id="rel_424" xlink:href="#tok_426" target="#tok_424"/>
<rel id="rel_425" xlink:href="#tok_426" target="#tok_425"/>
<rel id="rel_426" xlink:href="#tok_423" target="#tok_426"/>
<rel id="rel_427" xlink:href="#tok_426" target="#tok_427"/>
<rel id="rel_428" xlink:href="#tok_430" target="#tok_428"/>
<rel id="rel_429" xlink:href="#tok_430" target="#tok_429"/>
<rel id="rel_430" xlink:href="#tok_427" target="#tok_430"/>
<rel id="rel_432" xlink:href="#tok_433" target="#tok_432"/>
<rel id="rel_434" xlink:href="#tok_435" target="#tok_434"/>
<rel id="rel_435" xlink:href="#tok_433" target="#tok_435"/>
<rel id="rel_436" xlink:href="#tok_433" target="#tok_436"/>
<rel id="rel_437" xlink:href="#tok_438" target="#tok_437"/>
<rel id="rel_438" xlink:href="#tok_436" target="#tok_438"/>
<rel id="rel_439" xlink:href="#tok_440" target="#tok_439"/>
<rel id="rel_440" xlink:href="#tok_433" target="#tok_440"/>
<rel id="rel_441" xlink:href="#tok_433" target="#tok_441"/>
<rel id="rel_442" xlink:href="#tok_441" target="#tok_442"/>
<rel id="rel_443" xlink:href="#tok_442" target="#tok_443"/>
<rel id="rel_445" xlink:href="#tok_447" target="#tok_445"/>
<rel id="rel_446" xlink:href="#tok_447" target="#tok_446"/>
<rel id="rel_447" xlink:href="#tok_448" target="#tok_447"/>
<rel id="rel_449" xlink:href="#tok_450" target="#tok_449"/>
<rel id="rel_450" xlink:href="#tok_448" target="#tok_450"/>
<rel id="rel_451" xlink:href="#tok_448" target="#tok_451"/>
<rel id="rel_452" xlink:href="#tok_454" target="#tok_452"/>
<rel id="rel_453" xlink:href="#tok_454" target="#tok_453"/>
<rel id="rel_454" xlink:href="#tok_448" target="#tok_454"/>
<rel id="rel_455" xlink:href="#tok_454" target="#tok_455"/>
<rel id="rel_456" xlink:href="#tok_457" target="#tok_456"/>
<rel id="rel_457" xlink:href="#tok_455" target="#tok_457"/>
<rel id="rel_458" xlink:href="#tok_457" target="#tok_458"/>
<rel id="rel_459" xlink:href="#tok_460" target="#tok_459"/>
<rel id="rel_460" xlink:href="#tok_458" target="#tok_460"/>
<rel id="rel_461" xlink:href="#tok_460" target="#tok_461"/>
<rel id="rel_462" xlink:href="#tok_461" target="#tok_462"/>
<rel id="rel_463" xlink:href="#tok_464" target="#tok_463"/>
<rel id="rel_464" xlink:href="#tok_462" target="#tok_464"/>
<rel id="rel_465" xlink:href="#tok_467" target="#tok_465"/>
<rel id="rel_466" xlink:href="#tok_467" target="#tok_466"/>
<rel id="rel_467" xlink:href="#tok_464" target="#tok_467"/>
<rel id="rel_468" xlink:href="#tok_467" target="#tok_468"/>
<rel id="rel_469" xlink:href="#tok_470" target="#tok_469"/>
<rel id="rel_470" xlink:href="#tok_467" target="#tok_470"/>
<rel id="rel_476" xlink:href="#tok_481" target="#tok_476"/>
<rel id="rel_477" xlink:href="#tok_476" target="#tok_477"/>
<rel id="rel_479" xlink:href="#tok_481" target="#tok_479"/>
<rel id="rel_480" xlink:href="#tok_481" target="#tok_480"/>
<rel id="rel_482" xlink:href="#tok_483" target="#tok_482"/>
<rel id="rel_483" xlink:href="#tok_481" target="#tok_483"/>
<rel id="rel_484" xlink:href="#tok_481" target="#tok_484"/>
<rel id="rel_485" xlink:href="#tok_484" target="#tok_485"/>
<rel id="rel_486" xlink:href="#tok_485" target="#tok_486"/>
<rel id="rel_487" xlink:href="#tok_486" target="#tok_487"/>
<rel id="rel_488" xlink:href="#tok_489" target="#tok_488"/>
<rel id="rel_489" xlink:href="#tok_487" target="#tok_489"/>
<rel id="rel_490" xlink:href="#tok_491" target="#tok_490"/>
<rel id="rel_491" xlink:href="#tok_487" target="#tok_491"/>
<rel id="rel_492" xlink:href="#tok_493" target="#tok_492"/>
<rel id="rel_493" xlink:href="#tok_491" target="#tok_493"/>
<rel id="rel_496" xlink:href="#tok_500" target="#tok_496"/>
<rel id="rel_498" xlink:href="#tok_500" target="#tok_498"/>
<rel id="rel_499" xlink:href="#tok_500" target="#tok_499"/>
<rel id="rel_500" xlink:href="#tok_502" target="#tok_500"/>
<rel id="rel_501" xlink:href="#tok_502" target="#tok_501"/>
<rel id="rel_503" xlink:href="#tok_502" target="#tok_503"/>
<rel id="rel_504" xlink:href="#tok_503" target="#tok_504"/>
<rel id="rel_505" xlink:href="#tok_504" target="#tok_505"/>
<rel id="rel_506" xlink:href="#tok_504" target="#tok_506"/>
<rel id="rel_508" xlink:href="#tok_513" target="#tok_508"/>
<rel id="rel_509" xlink:href="#tok_510" target="#tok_509"/>
<rel id="rel_510" xlink:href="#tok_508" target="#tok_510"/>
<rel id="rel_511" xlink:href="#tok_512" target="#tok_511"/>
<rel id="rel_512" xlink:href="#tok_513" target="#tok_512"/>
<rel id="rel_514" xlink:href="#tok_521" target="#tok_514"/>
<rel id="rel_515" xlink:href="#tok_521" target="#tok_515"/>
<rel id="rel_516" xlink:href="#tok_521" target="#tok_516"/>
<rel id="rel_517" xlink:href="#tok_518" target="#tok_517"/>
<rel id="rel_518" xlink:href="#tok_521" target="#tok_518"/>
<rel id="rel_519" xlink:href="#tok_518" target="#tok_519"/>
<rel id="rel_520" xlink:href="#tok_518" target="#tok_520"/>
<rel id="rel_521" xlink:href="#tok_513" target="#tok_521"/>
<rel id="rel_522" xlink:href="#tok_523" target="#tok_522"/>
<rel id="rel_523" xlink:href="#tok_521" target="#tok_523"/>
<rel id="rel_524" xlink:href="#tok_523" target="#tok_524"/>
<rel id="rel_525" xlink:href="#tok_526" target="#tok_525"/>
<rel id="rel_526" xlink:href="#tok_524" target="#tok_526"/>
<rel id="rel_527" xlink:href="#tok_526" target="#tok_527"/>
<rel id="rel_529" xlink:href="#tok_532" target="#tok_529"/>
<rel id="rel_530" xlink:href="#tok_532" target="#tok_530"/>
<rel id="rel_531" xlink:href="#tok_534" target="#tok_531"/>
<rel id="rel_533" xlink:href="#tok_534" target="#tok_533"/>
<rel id="rel_534" xlink:href="#tok_532" target="#tok_534"/>
<rel id="rel_535" xlink:href="#tok_534" target="#tok_535"/>
<rel id="rel_537" xlink:href="#tok_538" target="#tok_537"/>
<rel id="rel_539" xlink:href="#tok_547" target="#tok_539"/>
<rel id="rel_540" xlink:href="#tok_547" target="#tok_540"/>
<rel id="rel_541" xlink:href="#tok_540" target="#tok_541"/>
<rel id="rel_542" xlink:href="#tok_541" target="#tok_542"/>
<rel id="rel_543" xlink:href="#tok_545" target="#tok_543"/>
<rel id="rel_544" xlink:href="#tok_545" target="#tok_544"/>
<rel id="rel_545" xlink:href="#tok_542" target="#tok_545"/>
<rel id="rel_546" xlink:href="#tok_547" target="#tok_546"/>
<rel id="rel_547" xlink:href="#tok_538" target="#tok_547"/>
<rel id="rel_548" xlink:href="#tok_547" target="#tok_548"/>
<rel id="rel_549" xlink:href="#tok_552" target="#tok_549"/>
<rel id="rel_550" xlink:href="#tok_551" target="#tok_550"/>
<rel id="rel_551" xlink:href="#tok_552" target="#tok_551"/>
<rel id="rel_552" xlink:href="#tok_548" target="#tok_552"/>
<rel id="rel_553" xlink:href="#tok_555" target="#tok_553"/>
<rel id="rel_554" xlink:href="#tok_555" target="#tok_554"/>
<rel id="rel_555" xlink:href="#tok_552" target="#tok_555"/>
<rel id="rel_556" xlink:href="#tok_557" target="#tok_556"/>
<rel id="rel_557" xlink:href="#tok_555" target="#tok_557"/>
<rel id="rel_560" xlink:href="#tok_559" target="#tok_560"/>
<rel id="rel_561" xlink:href="#tok_563" target="#tok_561"/>
<rel id="rel_562" xlink:href="#tok_563" target="#tok_562"/>
<rel id="rel_563" xlink:href="#tok_560" target="#tok_563"/>
<rel id="rel_564" xlink:href="#tok_563" target="#tok_564"/>
<rel id="rel_565" xlink:href="#tok_567" target="#tok_565"/>
<rel id="rel_566" xlink:href="#tok_567" target="#tok_566"/>
<rel id="rel_567" xlink:href="#tok_564" target="#tok_567"/>
<rel id="rel_568" xlink:href="#tok_569" target="#tok_568"/>
<rel id="rel_569" xlink:href="#tok_567" target="#tok_569"/>
<rel id="rel_570" xlink:href="#tok_572" target="#tok_570"/>
<rel id="rel_571" xlink:href="#tok_572" target="#tok_571"/>
<rel id="rel_572" xlink:href="#tok_569" target="#tok_572"/>
<rel id="rel_574" xlink:href="#tok_575" target="#tok_574"/>
<rel id="rel_575" xlink:href="#tok_579" target="#tok_575"/>
<rel id="rel_576" xlink:href="#tok_575" target="#tok_576"/>
<rel id="rel_577" xlink:href="#tok_579" target="#tok_577"/>
<rel id="rel_578" xlink:href="#tok_579" target="#tok_578"/>
<rel id="rel_580" xlink:href="#tok_579" target="#tok_580"/>
<rel id="rel_581" xlink:href="#tok_582" target="#tok_581"/>
<rel id="rel_582" xlink:href="#tok_580" target="#tok_582"/>
<rel id="rel_583" xlink:href="#tok_586" target="#tok_583"/>
<rel id="rel_584" xlink:href="#tok_586" target="#tok_584"/>
<rel id="rel_585" xlink:href="#tok_586" target="#tok_585"/>
<rel id="rel_586" xlink:href="#tok_579" target="#tok_586"/>
<rel id="rel_587" xlink:href="#tok_588" target="#tok_587"/>
<rel id="rel_588" xlink:href="#tok_586" target="#tok_588"/>
<rel id="rel_590" xlink:href="#tok_591" target="#tok_590"/>
<rel id="rel_592" xlink:href="#tok_602" target="#tok_592"/>
<rel id="rel_593" xlink:href="#tok_602" target="#tok_593"/>
<rel id="rel_594" xlink:href="#tok_597" target="#tok_594"/>
<rel id="rel_595" xlink:href="#tok_597" target="#tok_595"/>
<rel id="rel_596" xlink:href="#tok_597" target="#tok_596"/>
<rel id="rel_597" xlink:href="#tok_593" target="#tok_597"/>
<rel id="rel_598" xlink:href="#tok_602" target="#tok_598"/>
<rel id="rel_599" xlink:href="#tok_602" target="#tok_599"/>
<rel id="rel_600" xlink:href="#tok_602" target="#tok_600"/>
<rel id="rel_601" xlink:href="#tok_602" target="#tok_601"/>
<rel id="rel_602" xlink:href="#tok_591" target="#tok_602"/>
<rel id="rel_603" xlink:href="#tok_602" target="#tok_603"/>
<rel id="rel_604" xlink:href="#tok_605" target="#tok_604"/>
<rel id="rel_605" xlink:href="#tok_603" target="#tok_605"/>
<rel id="rel_607" xlink:href="#tok_609" target="#tok_607"/>
<rel id="rel_608" xlink:href="#tok_609" target="#tok_608"/>
<rel id="rel_610" xlink:href="#tok_609" target="#tok_610"/>
<rel id="rel_611" xlink:href="#tok_612" target="#tok_611"/>
<rel id="rel_612" xlink:href="#tok_609" target="#tok_612"/>
<rel id="rel_613" xlink:href="#tok_614" target="#tok_613"/>
<rel id="rel_614" xlink:href="#tok_612" target="#tok_614"/>
<rel id="rel_615" xlink:href="#tok_616" target="#tok_615"/>
<rel id="rel_616" xlink:href="#tok_614" target="#tok_616"/>
<rel id="rel_617" xlink:href="#tok_623" target="#tok_617"/>
<rel id="rel_618" xlink:href="#tok_617" target="#tok_618"/>
<rel id="rel_619" xlink:href="#tok_618" target="#tok_619"/>
<rel id="rel_620" xlink:href="#tok_621" target="#tok_620"/>
<rel id="rel_621" xlink:href="#tok_622" target="#tok_621"/>
<rel id="rel_622" xlink:href="#tok_623" target="#tok_622"/>
<rel id="rel_623" xlink:href="#tok_616" target="#tok_623"/>
<rel id="rel_625" xlink:href="#tok_628" target="#tok_625"/>
<rel id="rel_626" xlink:href="#tok_628" target="#tok_626"/>
<rel id="rel_627" xlink:href="#tok_628" target="#tok_627"/>
<rel id="rel_629" xlink:href="#tok_628" target="#tok_629"/>
<rel id="rel_630" xlink:href="#tok_629" target="#tok_630"/>
<rel id="rel_631" xlink:href="#tok_634" target="#tok_631"/>
<rel id="rel_632" xlink:href="#tok_634" target="#tok_632"/>
<rel id="rel_633" xlink:href="#tok_634" target="#tok_633"/>
<rel id="rel_634" xlink:href="#tok_630" target="#tok_634"/>
<rel id="rel_635" xlink:href="#tok_639" target="#tok_635"/>
<rel id="rel_636" xlink:href="#tok_639" target="#tok_636"/>
<rel id="rel_637" xlink:href="#tok_639" target="#tok_637"/>
<rel id="rel_638" xlink:href="#tok_639" target="#tok_638"/>
<rel id="rel_639" xlink:href="#tok_628" target="#tok_639"/>
<rel id="rel_640" xlink:href="#tok_639" target="#tok_640"/>
<rel id="rel_642" xlink:href="#tok_644" target="#tok_642"/>
<rel id="rel_643" xlink:href="#tok_644" target="#tok_643"/>
<rel id="rel_644" xlink:href="#tok_651" target="#tok_644"/>
<rel id="rel_645" xlink:href="#tok_644" target="#tok_645"/>
<rel id="rel_646" xlink:href="#tok_645" target="#tok_646"/>
<rel id="rel_647" xlink:href="#tok_648" target="#tok_647"/>
<rel id="rel_648" xlink:href="#tok_646" target="#tok_648"/>
<rel id="rel_649" xlink:href="#tok_651" target="#tok_649"/>
<rel id="rel_650" xlink:href="#tok_651" target="#tok_650"/>
<rel id="rel_652" xlink:href="#tok_653" target="#tok_652"/>
<rel id="rel_653" xlink:href="#tok_651" target="#tok_653"/>
<rel id="rel_654" xlink:href="#tok_655" target="#tok_654"/>
<rel id="rel_655" xlink:href="#tok_653" target="#tok_655"/>
<rel id="rel_656" xlink:href="#tok_655" target="#tok_656"/>
<rel id="rel_657" xlink:href="#tok_656" target="#tok_657"/>
<rel id="rel_659" xlink:href="#tok_670" target="#tok_659"/>
<rel id="rel_660" xlink:href="#tok_670" target="#tok_660"/>
<rel id="rel_661" xlink:href="#tok_670" target="#tok_661"/>
<rel id="rel_662" xlink:href="#tok_670" target="#tok_662"/>
<rel id="rel_663" xlink:href="#tok_664" target="#tok_663"/>
<rel id="rel_664" xlink:href="#tok_662" target="#tok_664"/>
<rel id="rel_665" xlink:href="#tok_666" target="#tok_665"/>
<rel id="rel_666" xlink:href="#tok_670" target="#tok_666"/>
<rel id="rel_667" xlink:href="#tok_666" target="#tok_667"/>
<rel id="rel_668" xlink:href="#tok_669" target="#tok_668"/>
<rel id="rel_669" xlink:href="#tok_670" target="#tok_669"/>
<rel id="rel_671" xlink:href="#tok_670" target="#tok_671"/>
<rel id="rel_672" xlink:href="#tok_673" target="#tok_672"/>
<rel id="rel_673" xlink:href="#tok_671" target="#tok_673"/>
<rel id="rel_675" xlink:href="#tok_676" target="#tok_675"/>
<rel id="rel_677" xlink:href="#tok_678" target="#tok_677"/>
<rel id="rel_678" xlink:href="#tok_676" target="#tok_678"/>
<rel id="rel_679" xlink:href="#tok_678" target="#tok_679"/>
<rel id="rel_680" xlink:href="#tok_679" target="#tok_680"/>
<rel id="rel_681" xlink:href="#tok_682" target="#tok_681"/>
<rel id="rel_682" xlink:href="#tok_680" target="#tok_682"/>
<rel id="rel_684" xlink:href="#tok_686" target="#tok_684"/>
<rel id="rel_685" xlink:href="#tok_686" target="#tok_685"/>
<rel id="rel_686" xlink:href="#tok_693" target="#tok_686"/>
<rel id="rel_687" xlink:href="#tok_686" target="#tok_687"/>
<rel id="rel_689" xlink:href="#tok_690" target="#tok_689"/>
<rel id="rel_690" xlink:href="#tok_693" target="#tok_690"/>
<rel id="rel_691" xlink:href="#tok_693" target="#tok_691"/>
<rel id="rel_692" xlink:href="#tok_693" target="#tok_692"/>
<rel id="rel_694" xlink:href="#tok_693" target="#tok_694"/>
<rel id="rel_695" xlink:href="#tok_693" target="#tok_695"/>
<rel id="rel_697" xlink:href="#tok_699" target="#tok_697"/>
<rel id="rel_698" xlink:href="#tok_699" target="#tok_698"/>
<rel id="rel_699" xlink:href="#tok_700" target="#tok_699"/>
<rel id="rel_701" xlink:href="#tok_700" target="#tok_701"/>
<rel id="rel_702" xlink:href="#tok_701" target="#tok_702"/>
<rel id="rel_703" xlink:href="#tok_702" target="#tok_703"/>
<rel id="rel_704" xlink:href="#tok_702" target="#tok_704"/>
<rel id="rel_705" xlink:href="#tok_704" target="#tok_705"/>
<rel id="rel_706" xlink:href="#tok_707" target="#tok_706"/>
<rel id="rel_707" xlink:href="#tok_705" target="#tok_707"/>
<rel id="rel_708" xlink:href="#tok_707" target="#tok_708"/>
<rel id="rel_709" xlink:href="#tok_708" target="#tok_709"/>
<rel id="rel_710" xlink:href="#tok_709" target="#tok_710"/>
<rel id="rel_711" xlink:href="#tok_710" target="#tok_711"/>
<rel id="rel_712" xlink:href="#tok_711" target="#tok_712"/>
<rel id="rel_713" xlink:href="#tok_712" target="#tok_713"/>
<rel id="rel_714" xlink:href="#tok_715" target="#tok_714"/>
<rel id="rel_715" xlink:href="#tok_709" target="#tok_715"/>
<rel id="rel_716" xlink:href="#tok_718" target="#tok_716"/>
<rel id="rel_717" xlink:href="#tok_718" target="#tok_717"/>
<rel id="rel_718" xlink:href="#tok_715" target="#tok_718"/>
<rel id="rel_720" xlink:href="#tok_722" target="#tok_720"/>
<rel id="rel_722" xlink:href="#tok_730" target="#tok_722"/>
<rel id="rel_723" xlink:href="#tok_722" target="#tok_723"/>
<rel id="rel_724" xlink:href="#tok_725" target="#tok_724"/>
<rel id="rel_725" xlink:href="#tok_722" target="#tok_725"/>
<rel id="rel_726" xlink:href="#tok_725" target="#tok_726"/>
<rel id="rel_727" xlink:href="#tok_725" target="#tok_727"/>
<rel id="rel_728" xlink:href="#tok_725" target="#tok_728"/>
<rel id="rel_729" xlink:href="#tok_730" target="#tok_729"/>
<rel id="rel_731" xlink:href="#tok_733" target="#tok_731"/>
<rel id="rel_732" xlink:href="#tok_735" target="#tok_732"/>
<rel id="rel_733" xlink:href="#tok_730" target="#tok_733"/>
<rel id="rel_734" xlink:href="#tok_735" target="#tok_734"/>
<rel id="rel_735" xlink:href="#tok_733" target="#tok_735"/>
<rel id="rel_736" xlink:href="#tok_735" target="#tok_736"/>
<rel id="rel_737" xlink:href="#tok_736" target="#tok_737"/>
<rel id="rel_738" xlink:href="#tok_739" target="#tok_738"/>
<rel id="rel_739" xlink:href="#tok_737" target="#tok_739"/>
<rel id="rel_741" xlink:href="#tok_745" target="#tok_741"/>
<rel id="rel_742" xlink:href="#tok_745" target="#tok_742"/>
<rel id="rel_743" xlink:href="#tok_745" target="#tok_743"/>
<rel id="rel_745" xlink:href="#tok_741" target="#tok_745"/>
<rel id="rel_746" xlink:href="#tok_745" target="#tok_746"/>
<rel id="rel_747" xlink:href="#tok_746" target="#tok_747"/>
<rel id="rel_748" xlink:href="#tok_745" target="#tok_748"/>
<rel id="rel_749" xlink:href="#tok_751" target="#tok_749"/>
<rel id="rel_750" xlink:href="#tok_751" target="#tok_750"/>
<rel id="rel_751" xlink:href="#tok_745" target="#tok_751"/>
<rel id="rel_752" xlink:href="#tok_753" target="#tok_752"/>
<rel id="rel_753" xlink:href="#tok_751" target="#tok_753"/>
<rel id="rel_754" xlink:href="#tok_757" target="#tok_754"/>
<rel id="rel_755" xlink:href="#tok_757" target="#tok_755"/>
<rel id="rel_756" xlink:href="#tok_757" target="#tok_756"/>
<rel id="rel_757" xlink:href="#tok_753" target="#tok_757"/>
<rel id="rel_758" xlink:href="#tok_757" target="#tok_758"/>
<rel id="rel_760" xlink:href="#tok_758" target="#tok_760"/>
<rel id="rel_761" xlink:href="#tok_764" target="#tok_761"/>
<rel id="rel_763" xlink:href="#tok_764" target="#tok_763"/>
<rel id="rel_764" xlink:href="#tok_758" target="#tok_764"/>
<rel id="rel_765" xlink:href="#tok_764" target="#tok_765"/>
<rel id="rel_766" xlink:href="#tok_765" target="#tok_766"/>
<rel id="rel_767" xlink:href="#tok_764" target="#tok_767"/>
<rel id="rel_768" xlink:href="#tok_764" target="#tok_768"/>
<rel id="rel_769" xlink:href="#tok_768" target="#tok_769"/>
<rel id="rel_770" xlink:href="#tok_773" target="#tok_770"/>
<rel id="rel_771" xlink:href="#tok_773" target="#tok_771"/>
<rel id="rel_772" xlink:href="#tok_773" target="#tok_772"/>
<rel id="rel_773" xlink:href="#tok_769" target="#tok_773"/>
<rel id="rel_774" xlink:href="#tok_773" target="#tok_774"/>
<rel id="rel_775" xlink:href="#tok_776" target="#tok_775"/>
<rel id="rel_776" xlink:href="#tok_773" target="#tok_776"/>
<rel id="rel_778" xlink:href="#tok_781" target="#tok_778"/>
<rel id="rel_779" xlink:href="#tok_781" target="#tok_779"/>
<rel id="rel_780" xlink:href="#tok_781" target="#tok_780"/>
<rel id="rel_782" xlink:href="#tok_781" target="#tok_782"/>
<rel id="rel_783" xlink:href="#tok_782" target="#tok_783"/>
<rel id="rel_784" xlink:href="#tok_783" target="#tok_784"/>
<rel id="rel_785" xlink:href="#tok_784" target="#tok_785"/>
<rel id="rel_786" xlink:href="#tok_787" target="#tok_786"/>
<rel id="rel_787" xlink:href="#tok_785" target="#tok_787"/>
<rel id="rel_789" xlink:href="#tok_791" target="#tok_789"/>
<rel id="rel_790" xlink:href="#tok_791" target="#tok_790"/>
<rel id="rel_791" xlink:href="#tok_787" target="#tok_791"/>
<rel id="rel_792" xlink:href="#tok_793" target="#tok_792"/>
<rel id="rel_793" xlink:href="#tok_797" target="#tok_793"/>
<rel id="rel_794" xlink:href="#tok_793" target="#tok_794"/>
<rel id="rel_795" xlink:href="#tok_797" target="#tok_795"/>
<rel id="rel_796" xlink:href="#tok_795" target="#tok_796"/>
<rel id="rel_797" xlink:href="#tok_802" target="#tok_797"/>
<rel id="rel_798" xlink:href="#tok_791" target="#tok_798"/>
<rel id="rel_799" xlink:href="#tok_802" target="#tok_799"/>
<rel id="rel_800" xlink:href="#tok_802" target="#tok_800"/>
<rel id="rel_801" xlink:href="#tok_802" target="#tok_801"/>
<rel id="rel_802" xlink:href="#tok_798" target="#tok_802"/>
<rel id="rel_803" xlink:href="#tok_802" target="#tok_803"/>
<rel id="rel_804" xlink:href="#tok_802" target="#tok_804"/>
<rel id="rel_806" xlink:href="#tok_809" target="#tok_806"/>
<rel id="rel_807" xlink:href="#tok_809" target="#tok_807"/>
<rel id="rel_808" xlink:href="#tok_809" target="#tok_808"/>
<rel id="rel_810" xlink:href="#tok_816" target="#tok_810"/>
<rel id="rel_811" xlink:href="#tok_813" target="#tok_811"/>
<rel id="rel_812" xlink:href="#tok_811" target="#tok_812"/>
<rel id="rel_813" xlink:href="#tok_816" target="#tok_813"/>
<rel id="rel_814" xlink:href="#tok_816" target="#tok_814"/>
<rel id="rel_815" xlink:href="#tok_816" target="#tok_815"/>
<rel id="rel_816" xlink:href="#tok_809" target="#tok_816"/>
<rel id="rel_817" xlink:href="#tok_818" target="#tok_817"/>
<rel id="rel_818" xlink:href="#tok_816" target="#tok_818"/>
<rel id="rel_819" xlink:href="#tok_820" target="#tok_819"/>
<rel id="rel_820" xlink:href="#tok_818" target="#tok_820"/>
<rel id="rel_822" xlink:href="#tok_824" target="#tok_822"/>
<rel id="rel_823" xlink:href="#tok_824" target="#tok_823"/>
<rel id="rel_824" xlink:href="#tok_828" target="#tok_824"/>
<rel id="rel_825" xlink:href="#tok_824" target="#tok_825"/>
<rel id="rel_827" xlink:href="#tok_828" target="#tok_827"/>
<rel id="rel_829" xlink:href="#tok_833" target="#tok_829"/>
<rel id="rel_830" xlink:href="#tok_832" target="#tok_830"/>
<rel id="rel_831" xlink:href="#tok_832" target="#tok_831"/>
<rel id="rel_832" xlink:href="#tok_833" target="#tok_832"/>
<rel id="rel_833" xlink:href="#tok_828" target="#tok_833"/>
<rel id="rel_834" xlink:href="#tok_835" target="#tok_834"/>
<rel id="rel_835" xlink:href="#tok_833" target="#tok_835"/>
<rel id="rel_836" xlink:href="#tok_837" target="#tok_836"/>
<rel id="rel_837" xlink:href="#tok_835" target="#tok_837"/>
<rel id="rel_838" xlink:href="#tok_840" target="#tok_838"/>
<rel id="rel_839" xlink:href="#tok_840" target="#tok_839"/>
<rel id="rel_840" xlink:href="#tok_837" target="#tok_840"/>
<rel id="rel_841" xlink:href="#tok_842" target="#tok_841"/>
<rel id="rel_842" xlink:href="#tok_844" target="#tok_842"/>
<rel id="rel_843" xlink:href="#tok_844" target="#tok_843"/>
<rel id="rel_844" xlink:href="#tok_840" target="#tok_844"/>
<rel id="rel_846" xlink:href="#tok_848" target="#tok_846"/>
<rel id="rel_847" xlink:href="#tok_850" target="#tok_847"/>
<rel id="rel_849" xlink:href="#tok_850" target="#tok_849"/>
<rel id="rel_850" xlink:href="#tok_848" target="#tok_850"/>
<rel id="rel_851" xlink:href="#tok_850" target="#tok_851"/>
<rel id="rel_852" xlink:href="#tok_850" target="#tok_852"/>
<rel id="rel_853" xlink:href="#tok_850" target="#tok_853"/>
<rel id="rel_854" xlink:href="#tok_855" target="#tok_854"/>
<rel id="rel_855" xlink:href="#tok_853" target="#tok_855"/>
<rel id="rel_856" xlink:href="#tok_857" target="#tok_856"/>
<rel id="rel_857" xlink:href="#tok_853" target="#tok_857"/>
<rel id="rel_858" xlink:href="#tok_857" target="#tok_858"/>
<rel id="rel_860" xlink:href="#tok_863" target="#tok_860"/>
<rel id="rel_861" xlink:href="#tok_863" target="#tok_861"/>
<rel id="rel_862" xlink:href="#tok_865" target="#tok_862"/>
<rel id="rel_864" xlink:href="#tok_865" target="#tok_864"/>
<rel id="rel_865" xlink:href="#tok_863" target="#tok_865"/>
<rel id="rel_866" xlink:href="#tok_869" target="#tok_866"/>
<rel id="rel_867" xlink:href="#tok_868" target="#tok_867"/>
<rel id="rel_868" xlink:href="#tok_869" target="#tok_868"/>
<rel id="rel_869" xlink:href="#tok_865" target="#tok_869"/>
<rel id="rel_871" xlink:href="#tok_878" target="#tok_871"/>
<rel id="rel_873" xlink:href="#tok_876" target="#tok_873"/>
<rel id="rel_874" xlink:href="#tok_875" target="#tok_874"/>
<rel id="rel_875" xlink:href="#tok_876" target="#tok_875"/>
<rel id="rel_876" xlink:href="#tok_872" target="#tok_876"/>
<rel id="rel_877" xlink:href="#tok_878" target="#tok_877"/>
<rel id="rel_878" xlink:href="#tok_876" target="#tok_878"/>
<rel id="rel_879" xlink:href="#tok_880" target="#tok_879"/>
<rel id="rel_880" xlink:href="#tok_878" target="#tok_880"/>
<rel id="rel_881" xlink:href="#tok_882" target="#tok_881"/>
<rel id="rel_882" xlink:href="#tok_878" target="#tok_882"/>
<rel id="rel_883" xlink:href="#tok_884" target="#tok_883"/>
<rel id="rel_884" xlink:href="#tok_882" target="#tok_884"/>
<rel id="rel_886" xlink:href="#tok_884" target="#tok_886"/>
<rel id="rel_889" xlink:href="#tok_896" target="#tok_889"/>
<rel id="rel_890" xlink:href="#tok_891" target="#tok_890"/>
<rel id="rel_891" xlink:href="#tok_889" target="#tok_891"/>
<rel id="rel_893" xlink:href="#tok_896" target="#tok_893"/>
<rel id="rel_894" xlink:href="#tok_896" target="#tok_894"/>
<rel id="rel_895" xlink:href="#tok_896" target="#tok_895"/>
<rel id="rel_897" xlink:href="#tok_898" target="#tok_897"/>
<rel id="rel_898" xlink:href="#tok_896" target="#tok_898"/>
<rel id="rel_899" xlink:href="#tok_898" target="#tok_899"/>
<rel id="rel_900" xlink:href="#tok_899" target="#tok_900"/>
<rel id="rel_901" xlink:href="#tok_904" target="#tok_901"/>
<rel id="rel_902" xlink:href="#tok_904" target="#tok_902"/>
<rel id="rel_903" xlink:href="#tok_904" target="#tok_903"/>
<rel id="rel_904" xlink:href="#tok_896" target="#tok_904"/>
<rel id="rel_905" xlink:href="#tok_907" target="#tok_905"/>
<rel id="rel_907" xlink:href="#tok_904" target="#tok_907"/>
<rel id="rel_908" xlink:href="#tok_909" target="#tok_908"/>
<rel id="rel_909" xlink:href="#tok_907" target="#tok_909"/>
<rel id="rel_912" xlink:href="#tok_915" target="#tok_912"/>
<rel id="rel_913" xlink:href="#tok_914" target="#tok_913"/>
<rel id="rel_914" xlink:href="#tok_915" target="#tok_914"/>
<rel id="rel_915" xlink:href="#tok_927" target="#tok_915"/>
<rel id="rel_916" xlink:href="#tok_917" target="#tok_916"/>
<rel id="rel_917" xlink:href="#tok_919" target="#tok_917"/>
<rel id="rel_918" xlink:href="#tok_919" target="#tok_918"/>
<rel id="rel_919" xlink:href="#tok_915" target="#tok_919"/>
<rel id="rel_920" xlink:href="#tok_919" target="#tok_920"/>
<rel id="rel_921" xlink:href="#tok_923" target="#tok_921"/>
<rel id="rel_922" xlink:href="#tok_923" target="#tok_922"/>
<rel id="rel_923" xlink:href="#tok_920" target="#tok_923"/>
<rel id="rel_925" xlink:href="#tok_927" target="#tok_925"/>
<rel id="rel_926" xlink:href="#tok_927" target="#tok_926"/>
<rel id="rel_928" xlink:href="#tok_929" target="#tok_928"/>
<rel id="rel_929" xlink:href="#tok_930" target="#tok_929"/>
<rel id="rel_930" xlink:href="#tok_927" target="#tok_930"/>
<rel id="rel_931" xlink:href="#tok_930" target="#tok_931"/>
<rel id="rel_932" xlink:href="#tok_934" target="#tok_932"/>
<rel id="rel_933" xlink:href="#tok_934" target="#tok_933"/>
<rel id="rel_934" xlink:href="#tok_930" target="#tok_934"/>
<rel id="rel_935" xlink:href="#tok_927" target="#tok_935"/>
<rel id="rel_936" xlink:href="#tok_927" target="#tok_936"/>
<rel id="rel_937" xlink:href="#tok_938" target="#tok_937"/>
<rel id="rel_938" xlink:href="#tok_936" target="#tok_938"/>
<rel id="rel_939" xlink:href="#tok_936" target="#tok_939"/>
<rel id="rel_941" xlink:href="#tok_943" target="#tok_941"/>
<rel id="rel_942" xlink:href="#tok_943" target="#tok_942"/>
<rel id="rel_944" xlink:href="#tok_946" target="#tok_944"/>
<rel id="rel_945" xlink:href="#tok_946" target="#tok_945"/>
<rel id="rel_946" xlink:href="#tok_943" target="#tok_946"/>
<rel id="rel_947" xlink:href="#tok_946" target="#tok_947"/>
<rel id="rel_948" xlink:href="#tok_947" target="#tok_948"/>
<rel id="rel_949" xlink:href="#tok_950" target="#tok_949"/>
<rel id="rel_950" xlink:href="#tok_948" target="#tok_950"/>
<rel id="rel_951" xlink:href="#tok_950" target="#tok_951"/>
<rel id="rel_952" xlink:href="#tok_956" target="#tok_952"/>
<rel id="rel_953" xlink:href="#tok_956" target="#tok_953"/>
<rel id="rel_954" xlink:href="#tok_956" target="#tok_954"/>
<rel id="rel_955" xlink:href="#tok_956" target="#tok_955"/>
<rel id="rel_956" xlink:href="#tok_951" target="#tok_956"/>
<rel id="rel_957" xlink:href="#tok_946" target="#tok_957"/>
<rel id="rel_958" xlink:href="#tok_946" target="#tok_958"/>
<rel id="rel_959" xlink:href="#tok_960" target="#tok_959"/>
<rel id="rel_960" xlink:href="#tok_958" target="#tok_960"/>
<rel id="rel_961" xlink:href="#tok_960" target="#tok_961"/>
<rel id="rel_962" xlink:href="#tok_965" target="#tok_962"/>
<rel id="rel_963" xlink:href="#tok_964" target="#tok_963"/>
<rel id="rel_964" xlink:href="#tok_965" target="#tok_964"/>
<rel id="rel_965" xlink:href="#tok_961" target="#tok_965"/>
<rel id="rel_967" xlink:href="#tok_968" target="#tok_967"/>
<rel id="rel_968" xlink:href="#tok_971" target="#tok_968"/>
<rel id="rel_969" xlink:href="#tok_970" target="#tok_969"/>
<rel id="rel_970" xlink:href="#tok_968" target="#tok_970"/>
<rel id="rel_972" xlink:href="#tok_980" target="#tok_972"/>
<rel id="rel_973" xlink:href="#tok_980" target="#tok_973"/>
<rel id="rel_975" xlink:href="#tok_976" target="#tok_975"/>
<rel id="rel_976" xlink:href="#tok_973" target="#tok_976"/>
<rel id="rel_978" xlink:href="#tok_980" target="#tok_978"/>
<rel id="rel_979" xlink:href="#tok_980" target="#tok_979"/>
<rel id="rel_980" xlink:href="#tok_971" target="#tok_980"/>
<rel id="rel_981" xlink:href="#tok_982" target="#tok_981"/>
<rel id="rel_982" xlink:href="#tok_980" target="#tok_982"/>
<rel id="rel_983" xlink:href="#tok_982" target="#tok_983"/>
<rel id="rel_984" xlink:href="#tok_985" target="#tok_984"/>
<rel id="rel_985" xlink:href="#tok_983" target="#tok_985"/>
<rel id="rel_986" xlink:href="#tok_985" target="#tok_986"/>
<rel id="rel_987" xlink:href="#tok_989" target="#tok_987"/>
<rel id="rel_988" xlink:href="#tok_989" target="#tok_988"/>
<rel id="rel_989" xlink:href="#tok_985" target="#tok_989"/>
<rel id="rel_991" xlink:href="#tok_992" target="#tok_991"/>
<rel id="rel_993" xlink:href="#tok_1003" target="#tok_993"/>
<rel id="rel_994" xlink:href="#tok_1003" target="#tok_994"/>
<rel id="rel_995" xlink:href="#tok_996" target="#tok_995"/>
<rel id="rel_996" xlink:href="#tok_994" target="#tok_996"/>
<rel id="rel_997" xlink:href="#tok_998" target="#tok_997"/>
<rel id="rel_998" xlink:href="#tok_996" target="#tok_998"/>
<rel id="rel_999" xlink:href="#tok_1003" target="#tok_999"/>
<rel id="rel_1000" xlink:href="#tok_1003" target="#tok_1000"/>
<rel id="rel_1001" xlink:href="#tok_1003" target="#tok_1001"/>
<rel id="rel_1002" xlink:href="#tok_1003" target="#tok_1002"/>
<rel id="rel_1003" xlink:href="#tok_992" target="#tok_1003"/>
<rel id="rel_1004" xlink:href="#tok_1003" target="#tok_1004"/>
<rel id="rel_1005" xlink:href="#tok_1006" target="#tok_1005"/>
<rel id="rel_1006" xlink:href="#tok_1004" target="#tok_1006"/>
<rel id="rel_1007" xlink:href="#tok_1008" target="#tok_1007"/>
<rel id="rel_1008" xlink:href="#tok_1003" target="#tok_1008"/>
<rel id="rel_1010" xlink:href="#tok_1011" target="#tok_1010"/>
<rel id="rel_1011" xlink:href="#tok_1012" target="#tok_1011"/>
<rel id="rel_1013" xlink:href="#tok_1020" target="#tok_1013"/>
<rel id="rel_1014" xlink:href="#tok_1020" target="#tok_1014"/>
<rel id="rel_1015" xlink:href="#tok_1014" target="#tok_1015"/>
<rel id="rel_1017" xlink:href="#tok_1018" target="#tok_1017"/>
<rel id="rel_1018" xlink:href="#tok_1020" target="#tok_1018"/>
<rel id="rel_1019" xlink:href="#tok_1020" target="#tok_1019"/>
<rel id="rel_1020" xlink:href="#tok_1012" target="#tok_1020"/>
<rel id="rel_1021" xlink:href="#tok_1020" target="#tok_1021"/>
<rel id="rel_1022" xlink:href="#tok_1021" target="#tok_1022"/>
<rel id="rel_1023" xlink:href="#tok_1024" target="#tok_1023"/>
<rel id="rel_1024" xlink:href="#tok_1022" target="#tok_1024"/>
<rel id="rel_1025" xlink:href="#tok_1027" target="#tok_1025"/>
<rel id="rel_1026" xlink:href="#tok_1027" target="#tok_1026"/>
<rel id="rel_1027" xlink:href="#tok_1020" target="#tok_1027"/>
<rel id="rel_1028" xlink:href="#tok_1029" target="#tok_1028"/>
<rel id="rel_1029" xlink:href="#tok_1027" target="#tok_1029"/>
<rel id="rel_1030" xlink:href="#tok_1027" target="#tok_1030"/>
<rel id="rel_1031" xlink:href="#tok_1032" target="#tok_1031"/>
<rel id="rel_1032" xlink:href="#tok_1030" target="#tok_1032"/>
<rel id="rel_1033" xlink:href="#tok_1034" target="#tok_1033"/>
<rel id="rel_1034" xlink:href="#tok_1032" target="#tok_1034"/>
<rel id="rel_1035" xlink:href="#tok_1034" target="#tok_1035"/>
<rel id="rel_1036" xlink:href="#tok_1035" target="#tok_1036"/>
<rel id="rel_1037" xlink:href="#tok_1036" target="#tok_1037"/>
<rel id="rel_1039" xlink:href="#tok_1040" target="#tok_1039"/>
<rel id="rel_1042" xlink:href="#tok_1044" target="#tok_1042"/>
<rel id="rel_1043" xlink:href="#tok_1044" target="#tok_1043"/>
<rel id="rel_1044" xlink:href="#tok_1040" target="#tok_1044"/>
<rel id="rel_1045" xlink:href="#tok_1044" target="#tok_1045"/>
<rel id="rel_1046" xlink:href="#tok_1049" target="#tok_1046"/>
<rel id="rel_1047" xlink:href="#tok_1049" target="#tok_1047"/>
<rel id="rel_1048" xlink:href="#tok_1049" target="#tok_1048"/>
<rel id="rel_1049" xlink:href="#tok_1044" target="#tok_1049"/>
<rel id="rel_1050" xlink:href="#tok_1051" target="#tok_1050"/>
<rel id="rel_1051" xlink:href="#tok_1049" target="#tok_1051"/>
<rel id="rel_1052" xlink:href="#tok_1051" target="#tok_1052"/>
<rel id="rel_1053" xlink:href="#tok_1057" target="#tok_1053"/>
<rel id="rel_1054" xlink:href="#tok_1057" target="#tok_1054"/>
<rel id="rel_1055" xlink:href="#tok_1056" target="#tok_1055"/>
<rel id="rel_1056" xlink:href="#tok_1057" target="#tok_1056"/>
<rel id="rel_1057" xlink:href="#tok_1052" target="#tok_1057"/>
<rel id="rel_1058" xlink:href="#tok_1057" target="#tok_1058"/>
<rel id="rel_1059" xlink:href="#tok_1063" target="#tok_1059"/>
<rel id="rel_1060" xlink:href="#tok_1061" target="#tok_1060"/>
<rel id="rel_1061" xlink:href="#tok_1063" target="#tok_1061"/>
<rel id="rel_1062" xlink:href="#tok_1061" target="#tok_1062"/>
<rel id="rel_1063" xlink:href="#tok_1057" target="#tok_1063"/>
<rel id="rel_1065" xlink:href="#tok_1070" target="#tok_1065"/>
<rel id="rel_1066" xlink:href="#tok_1067" target="#tok_1066"/>
<rel id="rel_1067" xlink:href="#tok_1065" target="#tok_1067"/>
<rel id="rel_1069" xlink:href="#tok_1070" target="#tok_1069"/>
<rel id="rel_1071" xlink:href="#tok_1072" target="#tok_1071"/>
<rel id="rel_1072" xlink:href="#tok_1070" target="#tok_1072"/>
<rel id="rel_1073" xlink:href="#tok_1070" target="#tok_1073"/>
<rel id="rel_1074" xlink:href="#tok_1075" target="#tok_1074"/>
<rel id="rel_1075" xlink:href="#tok_1073" target="#tok_1075"/>
<rel id="rel_1077" xlink:href="#tok_1081" target="#tok_1077"/>
<rel id="rel_1078" xlink:href="#tok_1077" target="#tok_1078"/>
<rel id="rel_1080" xlink:href="#tok_1081" target="#tok_1080"/>
<rel id="rel_1082" xlink:href="#tok_1086" target="#tok_1082"/>
<rel id="rel_1083" xlink:href="#tok_1086" target="#tok_1083"/>
<rel id="rel_1084" xlink:href="#tok_1086" target="#tok_1084"/>
<rel id="rel_1085" xlink:href="#tok_1086" target="#tok_1085"/>
<rel id="rel_1086" xlink:href="#tok_1081" target="#tok_1086"/>
<rel id="rel_1087" xlink:href="#tok_1090" target="#tok_1087"/>
<rel id="rel_1088" xlink:href="#tok_1089" target="#tok_1088"/>
<rel id="rel_1089" xlink:href="#tok_1090" target="#tok_1089"/>
<rel id="rel_1090" xlink:href="#tok_1086" target="#tok_1090"/>
<rel id="rel_1091" xlink:href="#tok_1092" target="#tok_1091"/>
<rel id="rel_1092" xlink:href="#tok_1090" target="#tok_1092"/>
<rel id="rel_1093" xlink:href="#tok_1092" target="#tok_1093"/>
<rel id="rel_1095" xlink:href="#tok_1100" target="#tok_1095"/>
<rel id="rel_1096" xlink:href="#tok_1097" target="#tok_1096"/>
<rel id="rel_1097" xlink:href="#tok_1095" target="#tok_1097"/>
<rel id="rel_1098" xlink:href="#tok_1100" target="#tok_1098"/>
<rel id="rel_1099" xlink:href="#tok_1100" target="#tok_1099"/>
<rel id="rel_1101" xlink:href="#tok_1103" target="#tok_1101"/>
<rel id="rel_1102" xlink:href="#tok_1103" target="#tok_1102"/>
<rel id="rel_1103" xlink:href="#tok_1100" target="#tok_1103"/>
<rel id="rel_1104" xlink:href="#tok_1103" target="#tok_1104"/>
<rel id="rel_1105" xlink:href="#tok_1106" target="#tok_1105"/>
<rel id="rel_1106" xlink:href="#tok_1104" target="#tok_1106"/>
<rel id="rel_1107" xlink:href="#tok_1106" target="#tok_1107"/>
<rel id="rel_1108" xlink:href="#tok_1110" target="#tok_1108"/>
<rel id="rel_1109" xlink:href="#tok_1110" target="#tok_1109"/>
<rel id="rel_1110" xlink:href="#tok_1106" target="#tok_1110"/>
<rel id="rel_1112" xlink:href="#tok_1114" target="#tok_1112"/>
<rel id="rel_1113" xlink:href="#tok_1114" target="#tok_1113"/>
<rel id="rel_1115" xlink:href="#tok_1114" target="#tok_1115"/>
<rel id="rel_1116" xlink:href="#tok_1115" target="#tok_1116"/>
<rel id="rel_1117" xlink:href="#tok_1116" target="#tok_1117"/>
<rel id="rel_1118" xlink:href="#tok_1117" target="#tok_1118"/>
<rel id="rel_1119" xlink:href="#tok_1118" target="#tok_1119"/>
<rel id="rel_1121" xlink:href="#tok_1124" target="#tok_1121"/>
<rel id="rel_1122" xlink:href="#tok_1124" target="#tok_1122"/>
<rel id="rel_1123" xlink:href="#tok_1124" target="#tok_1123"/>
<rel id="rel_1125" xlink:href="#tok_1126" target="#tok_1125"/>
<rel id="rel_1126" xlink:href="#tok_1124" target="#tok_1126"/>
<rel id="rel_1127" xlink:href="#tok_1124" target="#tok_1127"/>
<rel id="rel_1128" xlink:href="#tok_1129" target="#tok_1128"/>
<rel id="rel_1129" xlink:href="#tok_1127" target="#tok_1129"/>
<rel id="rel_1130" xlink:href="#tok_1132" target="#tok_1130"/>
<rel id="rel_1131" xlink:href="#tok_1132" target="#tok_1131"/>
<rel id="rel_1132" xlink:href="#tok_1129" target="#tok_1132"/>
<rel id="rel_1134" xlink:href="#tok_1139" target="#tok_1134"/>
<rel id="rel_1135" xlink:href="#tok_1134" target="#tok_1135"/>
<rel id="rel_1136" xlink:href="#tok_1135" target="#tok_1136"/>
<rel id="rel_1138" xlink:href="#tok_1139" target="#tok_1138"/>
<rel id="rel_1140" xlink:href="#tok_1142" target="#tok_1140"/>
<rel id="rel_1141" xlink:href="#tok_1142" target="#tok_1141"/>
<rel id="rel_1142" xlink:href="#tok_1144" target="#tok_1142"/>
<rel id="rel_1143" xlink:href="#tok_1144" target="#tok_1143"/>
<rel id="rel_1144" xlink:href="#tok_1139" target="#tok_1144"/>
<rel id="rel_1145" xlink:href="#tok_1139" target="#tok_1145"/>
<rel id="rel_1146" xlink:href="#tok_1145" target="#tok_1146"/>
<rel id="rel_1147" xlink:href="#tok_1148" target="#tok_1147"/>
<rel id="rel_1148" xlink:href="#tok_1146" target="#tok_1148"/>
<rel id="rel_1150" xlink:href="#tok_1151" target="#tok_1150"/>
<rel id="rel_1151" xlink:href="#tok_1148" target="#tok_1151"/>
<rel id="rel_1153" xlink:href="#tok_1151" target="#tok_1153"/>
<rel id="rel_1156" xlink:href="#tok_1157" target="#tok_1156"/>
<rel id="rel_1158" xlink:href="#tok_1157" target="#tok_1158"/>
<rel id="rel_1159" xlink:href="#tok_1158" target="#tok_1159"/>
<rel id="rel_1160" xlink:href="#tok_1164" target="#tok_1160"/>
<rel id="rel_1161" xlink:href="#tok_1162" target="#tok_1161"/>
<rel id="rel_1162" xlink:href="#tok_1163" target="#tok_1162"/>
<rel id="rel_1163" xlink:href="#tok_1164" target="#tok_1163"/>
<rel id="rel_1164" xlink:href="#tok_1159" target="#tok_1164"/>
<rel id="rel_1165" xlink:href="#tok_1164" target="#tok_1165"/>
<rel id="rel_1166" xlink:href="#tok_1167" target="#tok_1166"/>
<rel id="rel_1167" xlink:href="#tok_1165" target="#tok_1167"/>
<rel id="rel_1173" xlink:href="#tok_1174" target="#tok_1173"/>
<rel id="rel_1175" xlink:href="#tok_1176" target="#tok_1175"/>
<rel id="rel_1176" xlink:href="#tok_1174" target="#tok_1176"/>
<rel id="rel_1177" xlink:href="#tok_1176" target="#tok_1177"/>
<rel id="rel_1178" xlink:href="#tok_1180" target="#tok_1178"/>
<rel id="rel_1179" xlink:href="#tok_1180" target="#tok_1179"/>
<rel id="rel_1180" xlink:href="#tok_1177" target="#tok_1180"/>
<rel id="rel_1182" xlink:href="#tok_1189" target="#tok_1182"/>
<rel id="rel_1184" xlink:href="#tok_1189" target="#tok_1184"/>
<rel id="rel_1185" xlink:href="#tok_1184" target="#tok_1185"/>
<rel id="rel_1186" xlink:href="#tok_1187" target="#tok_1186"/>
<rel id="rel_1187" xlink:href="#tok_1185" target="#tok_1187"/>
<rel id="rel_1188" xlink:href="#tok_1189" target="#tok_1188"/>
<rel id="rel_1190" xlink:href="#tok_1189" target="#tok_1190"/>
<rel id="rel_1191" xlink:href="#tok_1192" target="#tok_1191"/>
<rel id="rel_1192" xlink:href="#tok_1194" target="#tok_1192"/>
<rel id="rel_1193" xlink:href="#tok_1194" target="#tok_1193"/>
<rel id="rel_1194" xlink:href="#tok_1190" target="#tok_1194"/>
<rel id="rel_1196" xlink:href="#tok_1199" target="#tok_1196"/>
<rel id="rel_1198" xlink:href="#tok_1199" target="#tok_1198"/>
<rel id="rel_1199" xlink:href="#tok_1197" target="#tok_1199"/>
<rel id="rel_1200" xlink:href="#tok_1201" target="#tok_1200"/>
<rel id="rel_1201" xlink:href="#tok_1202" target="#tok_1201"/>
<rel id="rel_1202" xlink:href="#tok_1199" target="#tok_1202"/>
<rel id="rel_1204" xlink:href="#tok_1197" target="#tok_1204"/>
<rel id="rel_1205" xlink:href="#tok_1213" target="#tok_1205"/>
<rel id="rel_1206" xlink:href="#tok_1208" target="#tok_1206"/>
<rel id="rel_1207" xlink:href="#tok_1208" target="#tok_1207"/>
<rel id="rel_1208" xlink:href="#tok_1205" target="#tok_1208"/>
<rel id="rel_1209" xlink:href="#tok_1210" target="#tok_1209"/>
<rel id="rel_1210" xlink:href="#tok_1213" target="#tok_1210"/>
<rel id="rel_1211" xlink:href="#tok_1213" target="#tok_1211"/>
<rel id="rel_1212" xlink:href="#tok_1213" target="#tok_1212"/>
<rel id="rel_1213" xlink:href="#tok_1197" target="#tok_1213"/>
<rel id="rel_1214" xlink:href="#tok_1216" target="#tok_1214"/>
<rel id="rel_1215" xlink:href="#tok_1216" target="#tok_1215"/>
<rel id="rel_1216" xlink:href="#tok_1213" target="#tok_1216"/>
<rel id="rel_1217" xlink:href="#tok_1213" target="#tok_1217"/>
<rel id="rel_1219" xlink:href="#tok_1222" target="#tok_1219"/>
<rel id="rel_1221" xlink:href="#tok_1222" target="#tok_1221"/>
<rel id="rel_1223" xlink:href="#tok_1222" target="#tok_1223"/>
<rel id="rel_1224" xlink:href="#tok_1223" target="#tok_1224"/>
<rel id="rel_1225" xlink:href="#tok_1224" target="#tok_1225"/>
<rel id="rel_1226" xlink:href="#tok_1225" target="#tok_1226"/>
<rel id="rel_1227" xlink:href="#tok_1229" target="#tok_1227"/>
<rel id="rel_1228" xlink:href="#tok_1229" target="#tok_1228"/>
<rel id="rel_1229" xlink:href="#tok_1226" target="#tok_1229"/>
<rel id="rel_1230" xlink:href="#tok_1229" target="#tok_1230"/>
<rel id="rel_1231" xlink:href="#tok_1232" target="#tok_1231"/>
<rel id="rel_1232" xlink:href="#tok_1230" target="#tok_1232"/>
<rel id="rel_1234" xlink:href="#tok_1235" target="#tok_1234"/>
<rel id="rel_1235" xlink:href="#tok_1222" target="#tok_1235"/>
<rel id="rel_1236" xlink:href="#tok_1237" target="#tok_1236"/>
<rel id="rel_1237" xlink:href="#tok_1235" target="#tok_1237"/>
<rel id="rel_1238" xlink:href="#tok_1237" target="#tok_1238"/>
<rel id="rel_1239" xlink:href="#tok_1240" target="#tok_1239"/>
<rel id="rel_1240" xlink:href="#tok_1238" target="#tok_1240"/>
<rel id="rel_1242" xlink:href="#tok_1235" target="#tok_1242"/>
<rel id="rel_1243" xlink:href="#tok_1244" target="#tok_1243"/>
<rel id="rel_1244" xlink:href="#tok_1235" target="#tok_1244"/>
<rel id="rel_1245" xlink:href="#tok_1246" target="#tok_1245"/>
<rel id="rel_1246" xlink:href="#tok_1244" target="#tok_1246"/>
<rel id="rel_1247" xlink:href="#tok_1248" target="#tok_1247"/>
<rel id="rel_1248" xlink:href="#tok_1246" target="#tok_1248"/>
<rel id="rel_1250" xlink:href="#tok_1253" target="#tok_1250"/>
<rel id="rel_1251" xlink:href="#tok_1253" target="#tok_1251"/>
<rel id="rel_1252" xlink:href="#tok_1251" target="#tok_1252"/>
<rel id="rel_1253" xlink:href="#tok_1248" target="#tok_1253"/>
<rel id="rel_1254" xlink:href="#tok_1255" target="#tok_1254"/>
<rel id="rel_1255" xlink:href="#tok_1253" target="#tok_1255"/>
<rel id="rel_1257" xlink:href="#tok_1258" target="#tok_1257"/>
<rel id="rel_1258" xlink:href="#tok_1270" target="#tok_1258"/>
<rel id="rel_1259" xlink:href="#tok_1260" target="#tok_1259"/>
<rel id="rel_1260" xlink:href="#tok_1258" target="#tok_1260"/>
<rel id="rel_1261" xlink:href="#tok_1260" target="#tok_1261"/>
<rel id="rel_1262" xlink:href="#tok_1265" target="#tok_1262"/>
<rel id="rel_1263" xlink:href="#tok_1265" target="#tok_1263"/>
<rel id="rel_1264" xlink:href="#tok_1265" target="#tok_1264"/>
<rel id="rel_1265" xlink:href="#tok_1261" target="#tok_1265"/>
<rel id="rel_1267" xlink:href="#tok_1268" target="#tok_1267"/>
<rel id="rel_1268" xlink:href="#tok_1270" target="#tok_1268"/>
<rel id="rel_1271" xlink:href="#tok_1272" target="#tok_1271"/>
<rel id="rel_1272" xlink:href="#tok_1270" target="#tok_1272"/>
<rel id="rel_1274" xlink:href="#tok_1275" target="#tok_1274"/>
<rel id="rel_1275" xlink:href="#tok_1272" target="#tok_1275"/>
<rel id="rel_1276" xlink:href="#tok_1277" target="#tok_1276"/>
<rel id="rel_1277" xlink:href="#tok_1275" target="#tok_1277"/>
<rel id="rel_1279" xlink:href="#tok_1275" target="#tok_1279"/>
<rel id="rel_1280" xlink:href="#tok_1279" target="#tok_1280"/>
<rel id="rel_1281" xlink:href="#tok_1279" target="#tok_1281"/>
<rel id="rel_1282" xlink:href="#tok_1283" target="#tok_1282"/>
<rel id="rel_1283" xlink:href="#tok_1281" target="#tok_1283"/>
<rel id="rel_1285" xlink:href="#tok_1290" target="#tok_1285"/>
<rel id="rel_1286" xlink:href="#tok_1290" target="#tok_1286"/>
<rel id="rel_1287" xlink:href="#tok_1290" target="#tok_1287"/>
<rel id="rel_1288" xlink:href="#tok_1290" target="#tok_1288"/>
<rel id="rel_1289" xlink:href="#tok_1290" target="#tok_1289"/>
<rel id="rel_1291" xlink:href="#tok_1294" target="#tok_1291"/>
<rel id="rel_1292" xlink:href="#tok_1294" target="#tok_1292"/>
<rel id="rel_1293" xlink:href="#tok_1294" target="#tok_1293"/>
<rel id="rel_1294" xlink:href="#tok_1290" target="#tok_1294"/>
</relList>
</paula>
