<?xml version="1.0" encoding="UTF-8" standalone="no"?>

<!DOCTYPE paula SYSTEM "paula_feat.dtd">
<paula version="1.0">

<header paula_id="GUM.GUM_interview_herrick_claws5"/>

<featList xmlns:xlink="http://www.w3.org/1999/xlink" type="claws5" xml:base="GUM.GUM_interview_herrick.tok.xml">
<feat xlink:href="#tok_1" value="NP0"/><!-- Jack...Wikinews -->
<feat xlink:href="#tok_2" value="NP0"/><!-- Jack...Wikinews -->
<feat xlink:href="#tok_3" value="PUN"/><!-- Jack...Wikinews -->
<feat xlink:href="#tok_4" value="NN1"/><!-- Jack...Wikinews -->
<feat xlink:href="#tok_5" value="NN1"/><!-- Jack...Wikinews -->
<feat xlink:href="#tok_6" value="VVN"/><!-- Jack...Wikinews -->
<feat xlink:href="#tok_7" value="PRP"/><!-- Jack...Wikinews -->
<feat xlink:href="#tok_8" value="NP0"/><!-- Jack...Wikinews -->
<feat xlink:href="#tok_9" value="NP0"/><!-- Saturday...2009 -->
<feat xlink:href="#tok_10" value="PUN"/><!-- Saturday...2009 -->
<feat xlink:href="#tok_11" value="NP0"/><!-- Saturday...2009 -->
<feat xlink:href="#tok_12" value="CRD"/><!-- Saturday...2009 -->
<feat xlink:href="#tok_13" value="PUN"/><!-- Saturday...2009 -->
<feat xlink:href="#tok_14" value="CRD"/><!-- Saturday...2009 -->
<feat xlink:href="#tok_15" value="NP0"/><!-- Herrick.... -->
<feat xlink:href="#tok_16" value="PRP"/><!-- Herrick.... -->
<feat xlink:href="#tok_17" value="NN1"/><!-- Herrick.... -->
<feat xlink:href="#tok_18" value="CRD"/><!-- 2008 -->
<feat xlink:href="#tok_19" value="NN1"/><!-- 2008 -->
<feat xlink:href="#tok_20" value="PUN"/><!-- 2008 -->
<feat xlink:href="#tok_21" value="NP0"/><!-- 2008 -->
<feat xlink:href="#tok_22" value="PUN"/><!-- 2008 -->
<feat xlink:href="#tok_23" value="NN1"/><!-- wikiHow -->
<feat xlink:href="#tok_24" value="VBZ"/><!-- wikiHow -->
<feat xlink:href="#tok_25" value="AT0"/><!-- wikiHow -->
<feat xlink:href="#tok_26" value="AJ0"/><!-- wikiHow -->
<feat xlink:href="#tok_27" value="NN1"/><!-- wikiHow -->
<feat xlink:href="#tok_28" value="DTQ"/><!-- wikiHow -->
<feat xlink:href="#tok_29" value="VVZ"/><!-- wikiHow -->
<feat xlink:href="#tok_30" value="PRP"/><!-- wikiHow -->
<feat xlink:href="#tok_31" value="UNC"/><!-- wikiHow -->
<feat xlink:href="#tok_32" value="VVB"/><!-- wikiHow -->
<feat xlink:href="#tok_33" value="AT0"/><!-- wikiHow -->
<feat xlink:href="#tok_34" value="NN1"/><!-- wikiHow -->
<feat xlink:href="#tok_35" value="ZZ0"/><!-- wikiHow -->
<feat xlink:href="#tok_36" value="AJS"/><!-- wikiHow -->
<feat xlink:href="#tok_37" value="PUN"/><!-- wikiHow -->
<feat xlink:href="#tok_38" value="AJS"/><!-- wikiHow -->
<feat xlink:href="#tok_39" value="NN1"/><!-- wikiHow -->
<feat xlink:href="#tok_40" value="NN1"/><!-- wikiHow -->
<feat xlink:href="#tok_41" value="NN1"/><!-- wikiHow -->
<feat xlink:href="#tok_42" value="PUN"/><!-- wikiHow -->
<feat xlink:href="#tok_43" value="UNC"/><!-- wikiHow -->
<feat xlink:href="#tok_44" value="PNP"/><!-- wikiHow -->
<feat xlink:href="#tok_45" value="AV0"/><!-- wikiHow -->
<feat xlink:href="#tok_46" value="VVD"/><!-- wikiHow -->
<feat xlink:href="#tok_47" value="DPS"/><!-- wikiHow -->
<feat xlink:href="#tok_48" value="AJ0"/><!-- wikiHow -->
<feat xlink:href="#tok_49" value="NN1"/><!-- wikiHow -->
<feat xlink:href="#tok_50" value="PUN"/><!-- wikiHow -->
<feat xlink:href="#tok_51" value="CJC"/><!-- wikiHow -->
<feat xlink:href="#tok_52" value="TO0"/><!-- wikiHow -->
<feat xlink:href="#tok_53" value="VVI"/><!-- wikiHow -->
<feat xlink:href="#tok_54" value="DTQ"/><!-- wikiHow -->
<feat xlink:href="#tok_55" value="AT0"/><!-- wikiHow -->
<feat xlink:href="#tok_56" value="NN1"/><!-- wikiHow -->
<feat xlink:href="#tok_57" value="VHZ"/><!-- wikiHow -->
<feat xlink:href="#tok_58" value="VVN"/><!-- wikiHow -->
<feat xlink:href="#tok_59" value="PRP"/><!-- wikiHow -->
<feat xlink:href="#tok_60" value="DPS"/><!-- wikiHow -->
<feat xlink:href="#tok_61" value="NN1"/><!-- wikiHow -->
<feat xlink:href="#tok_62" value="PUN"/><!-- wikiHow -->
<feat xlink:href="#tok_63" value="NP0"/><!-- Wikinews -->
<feat xlink:href="#tok_64" value="VVD"/><!-- Wikinews -->
<feat xlink:href="#tok_65" value="AT0"/><!-- Wikinews -->
<feat xlink:href="#tok_66" value="NN1"/><!-- Wikinews -->
<feat xlink:href="#tok_67" value="ZZ0"/><!-- Wikinews -->
<feat xlink:href="#tok_68" value="NN1"/><!-- Wikinews -->
<feat xlink:href="#tok_69" value="PUN"/><!-- Wikinews -->
<feat xlink:href="#tok_70" value="NP0"/><!-- Jack...Herrick -->
<feat xlink:href="#tok_71" value="NP0"/><!-- Jack...Herrick -->
<feat xlink:href="#tok_72" value="PUN"/><!-- Jack...Herrick -->
<feat xlink:href="#tok_73" value="PRP"/><!-- In.... -->
<feat xlink:href="#tok_74" value="AT0"/><!-- In.... -->
<feat xlink:href="#tok_75" value="NN1"/><!-- In.... -->
<feat xlink:href="#tok_76" value="PUN"/><!-- In.... -->
<feat xlink:href="#tok_77" value="NP0"/><!-- In.... -->
<feat xlink:href="#tok_78" value="VVZ"/><!-- In.... -->
<feat xlink:href="#tok_79" value="DTQ"/><!-- In.... -->
<feat xlink:href="#tok_80" value="NN1"/><!-- In.... -->
<feat xlink:href="#tok_81" value="VBZ"/><!-- In.... -->
<feat xlink:href="#tok_82" value="PUN"/><!-- In.... -->
<feat xlink:href="#tok_83" value="AVQ"/><!-- In.... -->
<feat xlink:href="#tok_84" value="PNP"/><!-- In.... -->
<feat xlink:href="#tok_85" value="VVD"/><!-- In.... -->
<feat xlink:href="#tok_86" value="TO0"/><!-- In.... -->
<feat xlink:href="#tok_87" value="VVI"/><!-- In.... -->
<feat xlink:href="#tok_88" value="PNP"/><!-- In.... -->
<feat xlink:href="#tok_89" value="PUN"/><!-- In.... -->
<feat xlink:href="#tok_90" value="AVQ"/><!-- In.... -->
<feat xlink:href="#tok_91" value="PNP"/><!-- In.... -->
<feat xlink:href="#tok_92" value="VVD"/><!-- In.... -->
<feat xlink:href="#tok_93" value="PNP"/><!-- In.... -->
<feat xlink:href="#tok_94" value="PRP"/><!-- In.... -->
<feat xlink:href="#tok_95" value="NN1"/><!-- In.... -->
<feat xlink:href="#tok_96" value="PUN"/><!-- In.... -->
<feat xlink:href="#tok_97" value="CJC"/><!-- In.... -->
<feat xlink:href="#tok_98" value="AVQ"/><!-- In.... -->
<feat xlink:href="#tok_99" value="PNP"/><!-- In.... -->
<feat xlink:href="#tok_100" value="VVD"/><!-- In.... -->
<feat xlink:href="#tok_101" value="TO0"/><!-- In.... -->
<feat xlink:href="#tok_102" value="VVI"/><!-- In.... -->
<feat xlink:href="#tok_103" value="AT0"/><!-- In.... -->
<feat xlink:href="#tok_104" value="AJ0"/><!-- In.... -->
<feat xlink:href="#tok_105" value="NP0"/><!-- In.... -->
<feat xlink:href="#tok_106" value="NN1"/><!-- In.... -->
<feat xlink:href="#tok_107" value="PUL"/><!-- In.... -->
<feat xlink:href="#tok_108" value="NP0"/><!-- In.... -->
<feat xlink:href="#tok_109" value="PUR"/><!-- In.... -->
<feat xlink:href="#tok_110" value="PRP"/><!-- In.... -->
<feat xlink:href="#tok_111" value="DPS"/><!-- In.... -->
<feat xlink:href="#tok_112" value="NN1"/><!-- In.... -->
<feat xlink:href="#tok_113" value="PUN"/><!-- In.... -->
<feat xlink:href="#tok_114" value="VVB"/><!-- Read.... -->
<feat xlink:href="#tok_115" value="AV0"/><!-- Read.... -->
<feat xlink:href="#tok_116" value="PRP"/><!-- Read.... -->
<feat xlink:href="#tok_117" value="DT0"/><!-- Read.... -->
<feat xlink:href="#tok_118" value="PRF"/><!-- Read.... -->
<feat xlink:href="#tok_119" value="AT0"/><!-- Read.... -->
<feat xlink:href="#tok_120" value="NN1"/><!-- Read.... -->
<feat xlink:href="#tok_121" value="PRP"/><!-- Read.... -->
<feat xlink:href="#tok_122" value="AJ0"/><!-- Read.... -->
<feat xlink:href="#tok_123" value="PUN"/><!-- Read.... -->
<feat xlink:href="#tok_124" value="NN1"/><!-- Interview -->
<feat xlink:href="#tok_125" value="PRP"/><!-- For...? -->
<feat xlink:href="#tok_126" value="DPS"/><!-- For...? -->
<feat xlink:href="#tok_127" value="NN2"/><!-- For...? -->
<feat xlink:href="#tok_128" value="PNQ"/><!-- For...? -->
<feat xlink:href="#tok_129" value="VBB"/><!-- For...? -->
<feat xlink:href="#tok_130" value="AJ0"/><!-- For...? -->
<feat xlink:href="#tok_131" value="PRF"/><!-- For...? -->
<feat xlink:href="#tok_132" value="DPS"/><!-- For...? -->
<feat xlink:href="#tok_133" value="NN1"/><!-- For...? -->
<feat xlink:href="#tok_134" value="PUN"/><!-- For...? -->
<feat xlink:href="#tok_135" value="VM0"/><!-- For...? -->
<feat xlink:href="#tok_136" value="PNP"/><!-- For...? -->
<feat xlink:href="#tok_137" value="AV0"/><!-- For...? -->
<feat xlink:href="#tok_138" value="VVI"/><!-- For...? -->
<feat xlink:href="#tok_139" value="DTQ"/><!-- For...? -->
<feat xlink:href="#tok_140" value="NN1"/><!-- For...? -->
<feat xlink:href="#tok_141" value="VBZ"/><!-- For...? -->
<feat xlink:href="#tok_142" value="PUN"/><!-- For...? -->
<feat xlink:href="#tok_143" value="AJ0"/><!-- Sure.... -->
<feat xlink:href="#tok_144" value="PUN"/><!-- Sure.... -->
<feat xlink:href="#tok_145" value="NN1"/><!-- wikiHow.... -->
<feat xlink:href="#tok_146" value="VBZ"/><!-- wikiHow.... -->
<feat xlink:href="#tok_147" value="AT0"/><!-- wikiHow.... -->
<feat xlink:href="#tok_148" value="AJ0"/><!-- wikiHow.... -->
<feat xlink:href="#tok_149" value="NN1"/><!-- wikiHow.... -->
<feat xlink:href="#tok_150" value="TO0"/><!-- wikiHow.... -->
<feat xlink:href="#tok_151" value="VVI"/><!-- wikiHow.... -->
<feat xlink:href="#tok_152" value="AT0"/><!-- wikiHow.... -->
<feat xlink:href="#tok_153" value="NN1"/><!-- wikiHow.... -->
<feat xlink:href="#tok_154" value="ZZ0"/><!-- wikiHow.... -->
<feat xlink:href="#tok_155" value="AJS"/><!-- wikiHow.... -->
<feat xlink:href="#tok_156" value="PUN"/><!-- wikiHow.... -->
<feat xlink:href="#tok_157" value="AJS"/><!-- wikiHow.... -->
<feat xlink:href="#tok_158" value="NN1"/><!-- wikiHow.... -->
<feat xlink:href="#tok_159" value="NN1"/><!-- wikiHow.... -->
<feat xlink:href="#tok_160" value="NN1"/><!-- wikiHow.... -->
<feat xlink:href="#tok_161" value="PUN"/><!-- wikiHow.... -->
<feat xlink:href="#tok_162" value="DPS"/><!-- Our.... -->
<feat xlink:href="#tok_163" value="AJ0"/><!-- Our.... -->
<feat xlink:href="#tok_164" value="NN1"/><!-- Our.... -->
<feat xlink:href="#tok_165" value="NN1"/><!-- Our.... -->
<feat xlink:href="#tok_166" value="VBZ"/><!-- Our.... -->
<feat xlink:href="#tok_167" value="TO0"/><!-- Our.... -->
<feat xlink:href="#tok_168" value="VVI"/><!-- Our.... -->
<feat xlink:href="#tok_169" value="AJ0"/><!-- Our.... -->
<feat xlink:href="#tok_170" value="NN2"/><!-- Our.... -->
<feat xlink:href="#tok_171" value="PRP"/><!-- Our.... -->
<feat xlink:href="#tok_172" value="AV0"/><!-- Our.... -->
<feat xlink:href="#tok_173" value="AT0"/><!-- Our.... -->
<feat xlink:href="#tok_174" value="NN1"/><!-- Our.... -->
<feat xlink:href="#tok_175" value="PRP"/><!-- Our.... -->
<feat xlink:href="#tok_176" value="AT0"/><!-- Our.... -->
<feat xlink:href="#tok_177" value="NN1"/><!-- Our.... -->
<feat xlink:href="#tok_178" value="PUN"/><!-- Our.... -->
<feat xlink:href="#tok_179" value="PNP"/><!-- We...larger -->
<feat xlink:href="#tok_180" value="VVD"/><!-- We...larger -->
<feat xlink:href="#tok_181" value="AV0"/><!-- We...larger -->
<feat xlink:href="#tok_182" value="AV0"/><!-- We...larger -->
<feat xlink:href="#tok_183" value="PRP"/><!-- We...larger -->
<feat xlink:href="#tok_184" value="DPS"/><!-- We...larger -->
<feat xlink:href="#tok_185" value="NN2"/><!-- We...larger -->
<feat xlink:href="#tok_186" value="AV0"/><!-- We...larger -->
<feat xlink:href="#tok_187" value="PUN"/><!-- We...larger -->
<feat xlink:href="#tok_188" value="CJC"/><!-- We...larger -->
<feat xlink:href="#tok_189" value="PNP"/><!-- We...larger -->
<feat xlink:href="#tok_190" value="VVB"/><!-- We...larger -->
<feat xlink:href="#tok_191" value="NN1"/><!-- We...larger -->
<feat xlink:href="#tok_192" value="PRP"/><!-- We...larger -->
<feat xlink:href="#tok_193" value="AT0"/><!-- We...larger -->
<feat xlink:href="#tok_194" value="NN1"/><!-- We...larger -->
<feat xlink:href="#tok_195" value="CJT"/><!-- We...larger -->
<feat xlink:href="#tok_196" value="AT0"/><!-- We...larger -->
<feat xlink:href="#tok_197" value="NN1"/><!-- We...larger -->
<feat xlink:href="#tok_198" value="NN1"/><!-- We...larger -->
<feat xlink:href="#tok_199" value="VVZ"/><!-- We...larger -->
<feat xlink:href="#tok_200" value="AV0"/><!-- We...larger -->
<feat xlink:href="#tok_201" value="AJC"/><!-- We...larger -->
<feat xlink:href="#tok_202" value="CJC"/><!-- We...larger -->
<feat xlink:href="#tok_203" value="AJC"/><!-- We...larger -->
<feat xlink:href="#tok_204" value="PNP"/><!-- We.... -->
<feat xlink:href="#tok_205" value="AV0"/><!-- We.... -->
<feat xlink:href="#tok_206" value="VHB"/><!-- We.... -->
<feat xlink:href="#tok_207" value="AV0"/><!-- We.... -->
<feat xlink:href="#tok_208" value="PRP"/><!-- We.... -->
<feat xlink:href="#tok_209" value="CRD"/><!-- We.... -->
<feat xlink:href="#tok_210" value="NN2"/><!-- We.... -->
<feat xlink:href="#tok_211" value="CJC"/><!-- We.... -->
<feat xlink:href="#tok_212" value="PRP"/><!-- We.... -->
<feat xlink:href="#tok_213" value="CRD"/><!-- We.... -->
<feat xlink:href="#tok_214" value="AJ0"/><!-- We.... -->
<feat xlink:href="#tok_215" value="NN2"/><!-- We.... -->
<feat xlink:href="#tok_216" value="PUN"/><!-- We.... -->
<feat xlink:href="#tok_217" value="PNP"/><!-- We.... -->
<feat xlink:href="#tok_218" value="VVB"/><!-- We.... -->
<feat xlink:href="#tok_219" value="CJT"/><!-- We.... -->
<feat xlink:href="#tok_220" value="PRP"/><!-- We.... -->
<feat xlink:href="#tok_221" value="NN1"/><!-- We.... -->
<feat xlink:href="#tok_222" value="PUN"/><!-- We.... -->
<feat xlink:href="#tok_223" value="PNP"/><!-- We.... -->
<feat xlink:href="#tok_224" value="VM0"/><!-- We.... -->
<feat xlink:href="#tok_225" value="VHI"/><!-- We.... -->
<feat xlink:href="#tok_226" value="CRD"/><!-- We.... -->
<feat xlink:href="#tok_227" value="PRF"/><!-- We.... -->
<feat xlink:href="#tok_228" value="NN2"/><!-- We.... -->
<feat xlink:href="#tok_229" value="PRP"/><!-- We.... -->
<feat xlink:href="#tok_230" value="DT0"/><!-- We.... -->
<feat xlink:href="#tok_231" value="PRF"/><!-- We.... -->
<feat xlink:href="#tok_232" value="PNP"/><!-- We.... -->
<feat xlink:href="#tok_233" value="VHG"/><!-- We.... -->
<feat xlink:href="#tok_234" value="AJ0"/><!-- We.... -->
<feat xlink:href="#tok_235" value="NN1"/><!-- We.... -->
<feat xlink:href="#tok_236" value="PUN"/><!-- We.... -->
<feat xlink:href="#tok_237" value="DT0"/><!-- That.... -->
<feat xlink:href="#tok_238" value="VVD"/><!-- That.... -->
<feat xlink:href="#tok_239" value="PUN"/><!-- That.... -->
<feat xlink:href="#tok_240" value="PNP"/><!-- That.... -->
<feat xlink:href="#tok_241" value="VBB"/><!-- That.... -->
<feat xlink:href="#tok_242" value="AJ0"/><!-- That.... -->
<feat xlink:href="#tok_243" value="AV0"/><!-- That.... -->
<feat xlink:href="#tok_244" value="TO0"/><!-- That.... -->
<feat xlink:href="#tok_245" value="VVI"/><!-- That.... -->
<feat xlink:href="#tok_246" value="CJT"/><!-- That.... -->
<feat xlink:href="#tok_247" value="DT0"/><!-- That.... -->
<feat xlink:href="#tok_248" value="NN1"/><!-- That.... -->
<feat xlink:href="#tok_249" value="VM0"/><!-- That.... -->
<feat xlink:href="#tok_250" value="VVI"/><!-- That.... -->
<feat xlink:href="#tok_251" value="NN2"/><!-- That.... -->
<feat xlink:href="#tok_252" value="TO0"/><!-- That.... -->
<feat xlink:href="#tok_253" value="VVI"/><!-- That.... -->
<feat xlink:href="#tok_254" value="PUN"/><!-- That.... -->
<feat xlink:href="#tok_255" value="AV0"/><!-- However.... -->
<feat xlink:href="#tok_256" value="PUN"/><!-- However.... -->
<feat xlink:href="#tok_257" value="PRP"/><!-- However.... -->
<feat xlink:href="#tok_258" value="NN2"/><!-- However.... -->
<feat xlink:href="#tok_259" value="PRF"/><!-- However.... -->
<feat xlink:href="#tok_260" value="NN1"/><!-- However.... -->
<feat xlink:href="#tok_261" value="PUN"/><!-- However.... -->
<feat xlink:href="#tok_262" value="PNP"/><!-- However.... -->
<feat xlink:href="#tok_263" value="VBB"/><!-- However.... -->
<feat xlink:href="#tok_264" value="AV0"/><!-- However.... -->
<feat xlink:href="#tok_265" value="AT0"/><!-- However.... -->
<feat xlink:href="#tok_266" value="AV0"/><!-- However.... -->
<feat xlink:href="#tok_267" value="AJ0"/><!-- However.... -->
<feat xlink:href="#tok_268" value="AJ0"/><!-- However.... -->
<feat xlink:href="#tok_269" value="NN1"/><!-- However.... -->
<feat xlink:href="#tok_270" value="NN2"/><!-- However.... -->
<feat xlink:href="#tok_271" value="PRP"/><!-- However.... -->
<feat xlink:href="#tok_272" value="NP0"/><!-- However.... -->
<feat xlink:href="#tok_273" value="PUN"/><!-- However.... -->
<feat xlink:href="#tok_274" value="PNP"/><!-- We.... -->
<feat xlink:href="#tok_275" value="VVB"/><!-- We.... -->
<feat xlink:href="#tok_276" value="PRP"/><!-- We.... -->
<feat xlink:href="#tok_277" value="CRD"/><!-- We.... -->
<feat xlink:href="#tok_278" value="CRD"/><!-- We.... -->
<feat xlink:href="#tok_279" value="AJ0"/><!-- We.... -->
<feat xlink:href="#tok_280" value="NN2"/><!-- We.... -->
<feat xlink:href="#tok_281" value="PRP"/><!-- We.... -->
<feat xlink:href="#tok_282" value="NN1"/><!-- We.... -->
<feat xlink:href="#tok_283" value="PUL"/><!-- We.... -->
<feat xlink:href="#tok_284" value="NN1"/><!-- We.... -->
<feat xlink:href="#tok_285" value="PUN"/><!-- We.... -->
<feat xlink:href="#tok_286" value="AJ0"/><!-- We.... -->
<feat xlink:href="#tok_287" value="NN2"/><!-- We.... -->
<feat xlink:href="#tok_288" value="PUR"/><!-- We.... -->
<feat xlink:href="#tok_289" value="PUN"/><!-- We.... -->
<feat xlink:href="#tok_290" value="DTQ"/><!-- We.... -->
<feat xlink:href="#tok_291" value="VVZ"/><!-- We.... -->
<feat xlink:href="#tok_292" value="PNP"/><!-- We.... -->
<feat xlink:href="#tok_293" value="AT0"/><!-- We.... -->
<feat xlink:href="#tok_294" value="NN1"/><!-- We.... -->
<feat xlink:href="#tok_295" value="AV0"/><!-- We.... -->
<feat xlink:href="#tok_296" value="AJ0"/><!-- We.... -->
<feat xlink:href="#tok_297" value="NN1"/><!-- We.... -->
<feat xlink:href="#tok_298" value="PRP"/><!-- We.... -->
<feat xlink:href="#tok_299" value="PRP"/><!-- We.... -->
<feat xlink:href="#tok_300" value="NN1"/><!-- We.... -->
<feat xlink:href="#tok_301" value="PUN"/><!-- We.... -->
<feat xlink:href="#tok_302" value="UNC"/><!-- [...] -->
<feat xlink:href="#tok_303" value="VVB"/><!-- [...] -->
<feat xlink:href="#tok_304" value="PUN"/><!-- [...] -->
<feat xlink:href="#tok_305" value="AT0"/><!-- [...] -->
<feat xlink:href="#tok_306" value="NN1"/><!-- [...] -->
<feat xlink:href="#tok_307" value="VVD"/><!-- [...] -->
<feat xlink:href="#tok_308" value="NN1"/><!-- [...] -->
<feat xlink:href="#tok_309" value="AV0"/><!-- [...] -->
<feat xlink:href="#tok_310" value="PRP"/><!-- [...] -->
<feat xlink:href="#tok_311" value="AT0"/><!-- [...] -->
<feat xlink:href="#tok_312" value="CRD"/><!-- [...] -->
<feat xlink:href="#tok_313" value="NN1"/><!-- [...] -->
<feat xlink:href="#tok_314" value="VBD"/><!-- [...] -->
<feat xlink:href="#tok_315" value="VVN"/><!-- [...] -->
<feat xlink:href="#tok_316" value="AJ0"/><!-- [...] -->
<feat xlink:href="#tok_317" value="PRP"/><!-- Like...: -->
<feat xlink:href="#tok_318" value="NP0"/><!-- Like...: -->
<feat xlink:href="#tok_319" value="PUN"/><!-- Like...: -->
<feat xlink:href="#tok_320" value="NN1"/><!-- Like...: -->
<feat xlink:href="#tok_321" value="VBZ"/><!-- Like...: -->
<feat xlink:href="#tok_322" value="AT0"/><!-- Like...: -->
<feat xlink:href="#tok_323" value="NN1"/><!-- Like...: -->
<feat xlink:href="#tok_324" value="CJT"/><!-- Like...: -->
<feat xlink:href="#tok_325" value="VVZ"/><!-- Like...: -->
<feat xlink:href="#tok_326" value="PRP"/><!-- Like...: -->
<feat xlink:href="#tok_327" value="NP0"/><!-- Like...: -->
<feat xlink:href="#tok_328" value="NN1"/><!-- Like...: -->
<feat xlink:href="#tok_329" value="PUN"/><!-- Like...: -->
<feat xlink:href="#tok_330" value="DPS"/><!-- Our.... -->
<feat xlink:href="#tok_331" value="NN1"/><!-- Our.... -->
<feat xlink:href="#tok_332" value="VBZ"/><!-- Our.... -->
<feat xlink:href="#tok_333" value="AJ0"/><!-- Our.... -->
<feat xlink:href="#tok_334" value="PRF"/><!-- Our.... -->
<feat xlink:href="#tok_335" value="NN2"/><!-- Our.... -->
<feat xlink:href="#tok_336" value="PRP"/><!-- Our.... -->
<feat xlink:href="#tok_337" value="DT0"/><!-- Our.... -->
<feat xlink:href="#tok_338" value="PRP"/><!-- Our.... -->
<feat xlink:href="#tok_339" value="AT0"/><!-- Our.... -->
<feat xlink:href="#tok_340" value="NN1"/><!-- Our.... -->
<feat xlink:href="#tok_341" value="PUN"/><!-- Our.... -->
<feat xlink:href="#tok_342" value="DT0"/><!-- That...: -->
<feat xlink:href="#tok_343" value="VVD"/><!-- That...: -->
<feat xlink:href="#tok_344" value="PUN"/><!-- That...: -->
<feat xlink:href="#tok_345" value="PNP"/><!-- That...: -->
<feat xlink:href="#tok_346" value="VBB"/><!-- That...: -->
<feat xlink:href="#tok_347" value="AV0"/><!-- That...: -->
<feat xlink:href="#tok_348" value="AJ0"/><!-- That...: -->
<feat xlink:href="#tok_349" value="PRP"/><!-- That...: -->
<feat xlink:href="#tok_350" value="NP0"/><!-- That...: -->
<feat xlink:href="#tok_351" value="PRP"/><!-- That...: -->
<feat xlink:href="#tok_352" value="DT0"/><!-- That...: -->
<feat xlink:href="#tok_353" value="NN2"/><!-- That...: -->
<feat xlink:href="#tok_354" value="PUN"/><!-- That...: -->
<feat xlink:href="#tok_355" value="PNP"/><!-- We.... -->
<feat xlink:href="#tok_356" value="VBB"/><!-- We.... -->
<feat xlink:href="#tok_357" value="AV0"/><!-- We.... -->
<feat xlink:href="#tok_358" value="AJC"/><!-- We.... -->
<feat xlink:href="#tok_359" value="PUN"/><!-- We.... -->
<feat xlink:href="#tok_360" value="AT0"/><!-- The.... -->
<feat xlink:href="#tok_361" value="AJ0"/><!-- The.... -->
<feat xlink:href="#tok_362" value="NN1"/><!-- The.... -->
<feat xlink:href="#tok_363" value="VHZ"/><!-- The.... -->
<feat xlink:href="#tok_364" value="AV0"/><!-- The.... -->
<feat xlink:href="#tok_365" value="CRD"/><!-- The.... -->
<feat xlink:href="#tok_366" value="NN2"/><!-- The.... -->
<feat xlink:href="#tok_367" value="PUN"/><!-- The.... -->
<feat xlink:href="#tok_368" value="VVN"/><!-- The.... -->
<feat xlink:href="#tok_369" value="PRP"/><!-- The.... -->
<feat xlink:href="#tok_370" value="AT0"/><!-- The.... -->
<feat xlink:href="#tok_371" value="CRD"/><!-- The.... -->
<feat xlink:href="#tok_372" value="CRD"/><!-- The.... -->
<feat xlink:href="#tok_373" value="PRP"/><!-- The.... -->
<feat xlink:href="#tok_374" value="AJ0"/><!-- The.... -->
<feat xlink:href="#tok_375" value="NN1"/><!-- The.... -->
<feat xlink:href="#tok_376" value="PUN"/><!-- The.... -->
<feat xlink:href="#tok_377" value="CJS"/><!-- As.... -->
<feat xlink:href="#tok_378" value="AT0"/><!-- As.... -->
<feat xlink:href="#tok_379" value="NN1"/><!-- As.... -->
<feat xlink:href="#tok_380" value="PUN"/><!-- As.... -->
<feat xlink:href="#tok_381" value="NN1"/><!-- As.... -->
<feat xlink:href="#tok_382" value="VBZ"/><!-- As.... -->
<feat xlink:href="#tok_383" value="AV0"/><!-- As.... -->
<feat xlink:href="#tok_384" value="PRP"/><!-- As.... -->
<feat xlink:href="#tok_385" value="AT0"/><!-- As.... -->
<feat xlink:href="#tok_386" value="NN1"/><!-- As.... -->
<feat xlink:href="#tok_387" value="CJT"/><!-- As.... -->
<feat xlink:href="#tok_388" value="AT0"/><!-- As.... -->
<feat xlink:href="#tok_389" value="NN1"/><!-- As.... -->
<feat xlink:href="#tok_390" value="AV0"/><!-- As.... -->
<feat xlink:href="#tok_391" value="VVZ"/><!-- As.... -->
<feat xlink:href="#tok_392" value="TO0"/><!-- As.... -->
<feat xlink:href="#tok_393" value="VVI"/><!-- As.... -->
<feat xlink:href="#tok_394" value="AJ0"/><!-- As.... -->
<feat xlink:href="#tok_395" value="NN2"/><!-- As.... -->
<feat xlink:href="#tok_396" value="PUN"/><!-- As.... -->
<feat xlink:href="#tok_397" value="PNP"/><!-- We...) -->
<feat xlink:href="#tok_398" value="VBB"/><!-- We...) -->
<feat xlink:href="#tok_399" value="VVN"/><!-- We...) -->
<feat xlink:href="#tok_400" value="PRP"/><!-- We...) -->
<feat xlink:href="#tok_401" value="AT0"/><!-- We...) -->
<feat xlink:href="#tok_402" value="NP0"/><!-- We...) -->
<feat xlink:href="#tok_403" value="NN1"/><!-- We...) -->
<feat xlink:href="#tok_404" value="PUN"/><!-- We...) -->
<feat xlink:href="#tok_405" value="AT0"/><!-- We...) -->
<feat xlink:href="#tok_406" value="AJ0"/><!-- We...) -->
<feat xlink:href="#tok_407" value="NN1"/><!-- We...) -->
<feat xlink:href="#tok_408" value="VVN"/><!-- We...) -->
<feat xlink:href="#tok_409" value="PRP"/><!-- We...) -->
<feat xlink:href="#tok_410" value="VVG"/><!-- We...) -->
<feat xlink:href="#tok_411" value="AT0"/><!-- We...) -->
<feat xlink:href="#tok_412" value="AJ0"/><!-- We...) -->
<feat xlink:href="#tok_413" value="AJ0"/><!-- We...) -->
<feat xlink:href="#tok_414" value="PUN"/><!-- We...) -->
<feat xlink:href="#tok_415" value="DT0"/><!-- This.... -->
<feat xlink:href="#tok_416" value="VHZ"/><!-- This.... -->
<feat xlink:href="#tok_417" value="DT0"/><!-- This.... -->
<feat xlink:href="#tok_418" value="NN2"/><!-- This.... -->
<feat xlink:href="#tok_419" value="CJC"/><!-- This.... -->
<feat xlink:href="#tok_420" value="NN2"/><!-- This.... -->
<feat xlink:href="#tok_421" value="CJS"/><!-- This.... -->
<feat xlink:href="#tok_422" value="VVN"/><!-- This.... -->
<feat xlink:href="#tok_423" value="PRP"/><!-- This.... -->
<feat xlink:href="#tok_424" value="AT0"/><!-- This.... -->
<feat xlink:href="#tok_425" value="NN1"/><!-- This.... -->
<feat xlink:href="#tok_426" value="NN1"/><!-- This.... -->
<feat xlink:href="#tok_427" value="PRP"/><!-- This.... -->
<feat xlink:href="#tok_428" value="AT0"/><!-- This.... -->
<feat xlink:href="#tok_429" value="NP0"/><!-- This.... -->
<feat xlink:href="#tok_430" value="NN1"/><!-- This.... -->
<feat xlink:href="#tok_431" value="PUN"/><!-- This.... -->
<feat xlink:href="#tok_432" value="PNP"/><!-- We.... -->
<feat xlink:href="#tok_433" value="VVB"/><!-- We.... -->
<feat xlink:href="#tok_434" value="AJ0"/><!-- We.... -->
<feat xlink:href="#tok_435" value="NN1"/><!-- We.... -->
<feat xlink:href="#tok_436" value="PRP"/><!-- We.... -->
<feat xlink:href="#tok_437" value="AJ0"/><!-- We.... -->
<feat xlink:href="#tok_438" value="NN2"/><!-- We.... -->
<feat xlink:href="#tok_439" value="AV0"/><!-- We.... -->
<feat xlink:href="#tok_440" value="CJS"/><!-- We.... -->
<feat xlink:href="#tok_441" value="VVI"/><!-- We.... -->
<feat xlink:href="#tok_442" value="PRP"/><!-- We.... -->
<feat xlink:href="#tok_443" value="NN2"/><!-- We.... -->
<feat xlink:href="#tok_444" value="PUN"/><!-- We.... -->
<feat xlink:href="#tok_445" value="DPS"/><!-- Our.... -->
<feat xlink:href="#tok_446" value="NN1"/><!-- Our.... -->
<feat xlink:href="#tok_447" value="NN1"/><!-- Our.... -->
<feat xlink:href="#tok_448" value="NN2"/><!-- Our.... -->
<feat xlink:href="#tok_449" value="NN1"/><!-- Our.... -->
<feat xlink:href="#tok_450" value="NN2"/><!-- Our.... -->
<feat xlink:href="#tok_451" value="CJC"/><!-- Our.... -->
<feat xlink:href="#tok_452" value="VHZ"/><!-- Our.... -->
<feat xlink:href="#tok_453" value="AV0"/><!-- Our.... -->
<feat xlink:href="#tok_454" value="VVN"/><!-- Our.... -->
<feat xlink:href="#tok_455" value="PNP"/><!-- Our.... -->
<feat xlink:href="#tok_456" value="TO0"/><!-- Our.... -->
<feat xlink:href="#tok_457" value="VVI"/><!-- Our.... -->
<feat xlink:href="#tok_458" value="PRP"/><!-- Our.... -->
<feat xlink:href="#tok_459" value="NP0"/><!-- Our.... -->
<feat xlink:href="#tok_460" value="CRD"/><!-- Our.... -->
<feat xlink:href="#tok_461" value="PRP"/><!-- Our.... -->
<feat xlink:href="#tok_462" value="NN2"/><!-- Our.... -->
<feat xlink:href="#tok_463" value="DT0"/><!-- Our.... -->
<feat xlink:href="#tok_464" value="CJS"/><!-- Our.... -->
<feat xlink:href="#tok_465" value="AT0"/><!-- Our.... -->
<feat xlink:href="#tok_466" value="NP0"/><!-- Our.... -->
<feat xlink:href="#tok_467" value="NN1"/><!-- Our.... -->
<feat xlink:href="#tok_468" value="CJC"/><!-- Our.... -->
<feat xlink:href="#tok_469" value="AJ0"/><!-- Our.... -->
<feat xlink:href="#tok_470" value="NN2"/><!-- Our.... -->
<feat xlink:href="#tok_471" value="PUN"/><!-- Our.... -->
<feat xlink:href="#tok_472" value="PUL"/><!-- (.... -->
<feat xlink:href="#tok_473" value="NN1"/><!-- http://www.wikihow.com/wikiHow:Contributions-to-Charity -->
<feat xlink:href="#tok_474" value="PUR"/><!-- http://www.wikihow.com/wikiHow:Contributions-to-Charity -->
<feat xlink:href="#tok_475" value="PUN"/><!-- http://www.wikihow.com/wikiHow:Contributions-to-Charity -->
<feat xlink:href="#tok_476" value="PRP"/><!-- In.... -->
<feat xlink:href="#tok_477" value="NN1"/><!-- In.... -->
<feat xlink:href="#tok_478" value="PUN"/><!-- In.... -->
<feat xlink:href="#tok_479" value="PNP"/><!-- In.... -->
<feat xlink:href="#tok_480" value="AV0"/><!-- In.... -->
<feat xlink:href="#tok_481" value="VVD"/><!-- In.... -->
<feat xlink:href="#tok_482" value="DPS"/><!-- In.... -->
<feat xlink:href="#tok_483" value="NN1"/><!-- In.... -->
<feat xlink:href="#tok_484" value="PRP"/><!-- In.... -->
<feat xlink:href="#tok_485" value="NN2"/><!-- In.... -->
<feat xlink:href="#tok_486" value="PRP"/><!-- In.... -->
<feat xlink:href="#tok_487" value="VVG"/><!-- In.... -->
<feat xlink:href="#tok_488" value="NN1"/><!-- In.... -->
<feat xlink:href="#tok_489" value="VVZ"/><!-- In.... -->
<feat xlink:href="#tok_490" value="TO0"/><!-- In.... -->
<feat xlink:href="#tok_491" value="VVI"/><!-- In.... -->
<feat xlink:href="#tok_492" value="NN1"/><!-- In.... -->
<feat xlink:href="#tok_493" value="AJ0"/><!-- In.... -->
<feat xlink:href="#tok_494" value="PUN"/><!-- In.... -->
<feat xlink:href="#tok_495" value="PUL"/><!-- (.... -->
<feat xlink:href="#tok_496" value="AJ0"/><!-- http://www.wikihow.com/wikiHow:Carbon-Neutral -->
<feat xlink:href="#tok_497" value="PUR"/><!-- http://www.wikihow.com/wikiHow:Carbon-Neutral -->
<feat xlink:href="#tok_498" value="DPS"/><!-- Our.... -->
<feat xlink:href="#tok_499" value="NN1"/><!-- Our.... -->
<feat xlink:href="#tok_500" value="NN1"/><!-- Our.... -->
<feat xlink:href="#tok_501" value="VBZ"/><!-- Our.... -->
<feat xlink:href="#tok_502" value="VVN"/><!-- Our.... -->
<feat xlink:href="#tok_503" value="PRP"/><!-- Our.... -->
<feat xlink:href="#tok_504" value="NN1"/><!-- Our.... -->
<feat xlink:href="#tok_505" value="CJC"/><!-- Our.... -->
<feat xlink:href="#tok_506" value="NN1"/><!-- Our.... -->
<feat xlink:href="#tok_507" value="PUN"/><!-- Our.... -->
<feat xlink:href="#tok_508" value="CJS"/><!-- As.... -->
<feat xlink:href="#tok_509" value="AT0"/><!-- As.... -->
<feat xlink:href="#tok_510" value="NN1"/><!-- As.... -->
<feat xlink:href="#tok_511" value="DT0"/><!-- As.... -->
<feat xlink:href="#tok_512" value="NN2"/><!-- As.... -->
<feat xlink:href="#tok_513" value="VVB"/><!-- As.... -->
<feat xlink:href="#tok_514" value="NN1"/><!-- As.... -->
<feat xlink:href="#tok_515" value="VBZ"/><!-- As.... -->
<feat xlink:href="#tok_516" value="AT0"/><!-- As.... -->
<feat xlink:href="#tok_517" value="AV0"/><!-- As.... -->
<feat xlink:href="#tok_518" value="AJ0"/><!-- As.... -->
<feat xlink:href="#tok_519" value="CJC"/><!-- As.... -->
<feat xlink:href="#tok_520" value="AJ0"/><!-- As.... -->
<feat xlink:href="#tok_521" value="NN1"/><!-- As.... -->
<feat xlink:href="#tok_522" value="TO0"/><!-- As.... -->
<feat xlink:href="#tok_523" value="VVI"/><!-- As.... -->
<feat xlink:href="#tok_524" value="CJS"/><!-- As.... -->
<feat xlink:href="#tok_525" value="AJ0"/><!-- As.... -->
<feat xlink:href="#tok_526" value="NN2"/><!-- As.... -->
<feat xlink:href="#tok_527" value="NN1"/><!-- As.... -->
<feat xlink:href="#tok_528" value="PUN"/><!-- As.... -->
<feat xlink:href="#tok_529" value="AVQ"/><!-- Why...? -->
<feat xlink:href="#tok_530" value="VDD"/><!-- Why...? -->
<feat xlink:href="#tok_531" value="PNP"/><!-- Why...? -->
<feat xlink:href="#tok_532" value="VVI"/><!-- Why...? -->
<feat xlink:href="#tok_533" value="TO0"/><!-- Why...? -->
<feat xlink:href="#tok_534" value="VVI"/><!-- Why...? -->
<feat xlink:href="#tok_535" value="NN1"/><!-- Why...? -->
<feat xlink:href="#tok_536" value="PUN"/><!-- Why...? -->
<feat xlink:href="#tok_537" value="PNP"/><!-- I.... -->
<feat xlink:href="#tok_538" value="VVB"/><!-- I.... -->
<feat xlink:href="#tok_539" value="CJT"/><!-- I.... -->
<feat xlink:href="#tok_540" value="VVG"/><!-- I.... -->
<feat xlink:href="#tok_541" value="NN0"/><!-- I.... -->
<feat xlink:href="#tok_542" value="PRP"/><!-- I.... -->
<feat xlink:href="#tok_543" value="AT0"/><!-- I.... -->
<feat xlink:href="#tok_544" value="AJ0"/><!-- I.... -->
<feat xlink:href="#tok_545" value="NN1"/><!-- I.... -->
<feat xlink:href="#tok_546" value="VBZ"/><!-- I.... -->
<feat xlink:href="#tok_547" value="PNI"/><!-- I.... -->
<feat xlink:href="#tok_548" value="PRF"/><!-- I.... -->
<feat xlink:href="#tok_549" value="AT0"/><!-- I.... -->
<feat xlink:href="#tok_550" value="AV0"/><!-- I.... -->
<feat xlink:href="#tok_551" value="VVG"/><!-- I.... -->
<feat xlink:href="#tok_552" value="NN2"/><!-- I.... -->
<feat xlink:href="#tok_553" value="PNP"/><!-- I.... -->
<feat xlink:href="#tok_554" value="VM0"/><!-- I.... -->
<feat xlink:href="#tok_555" value="VVI"/><!-- I.... -->
<feat xlink:href="#tok_556" value="AT0"/><!-- I.... -->
<feat xlink:href="#tok_557" value="NN1"/><!-- I.... -->
<feat xlink:href="#tok_558" value="PUN"/><!-- I.... -->
<feat xlink:href="#tok_559" value="VVB"/><!-- Imagine.... -->
<feat xlink:href="#tok_560" value="VHG"/><!-- Imagine.... -->
<feat xlink:href="#tok_561" value="AJ0"/><!-- Imagine.... -->
<feat xlink:href="#tok_562" value="AJ0"/><!-- Imagine.... -->
<feat xlink:href="#tok_563" value="NN2"/><!-- Imagine.... -->
<feat xlink:href="#tok_564" value="PRP"/><!-- Imagine.... -->
<feat xlink:href="#tok_565" value="AVQ"/><!-- Imagine.... -->
<feat xlink:href="#tok_566" value="TO0"/><!-- Imagine.... -->
<feat xlink:href="#tok_567" value="VDI"/><!-- Imagine.... -->
<feat xlink:href="#tok_568" value="DT0"/><!-- Imagine.... -->
<feat xlink:href="#tok_569" value="NN1"/><!-- Imagine.... -->
<feat xlink:href="#tok_570" value="PNP"/><!-- Imagine.... -->
<feat xlink:href="#tok_571" value="VM0"/><!-- Imagine.... -->
<feat xlink:href="#tok_572" value="VVI"/><!-- Imagine.... -->
<feat xlink:href="#tok_573" value="PUN"/><!-- Imagine.... -->
<feat xlink:href="#tok_574" value="AVQ"/><!-- How.... -->
<feat xlink:href="#tok_575" value="AV0"/><!-- How.... -->
<feat xlink:href="#tok_576" value="AV0"/><!-- How.... -->
<feat xlink:href="#tok_577" value="VM0"/><!-- How.... -->
<feat xlink:href="#tok_578" value="PNP"/><!-- How.... -->
<feat xlink:href="#tok_579" value="VVI"/><!-- How.... -->
<feat xlink:href="#tok_580" value="PRP"/><!-- How.... -->
<feat xlink:href="#tok_581" value="AT0"/><!-- How.... -->
<feat xlink:href="#tok_582" value="NN1"/><!-- How.... -->
<feat xlink:href="#tok_583" value="CJS"/><!-- How.... -->
<feat xlink:href="#tok_584" value="PNP"/><!-- How.... -->
<feat xlink:href="#tok_585" value="VM0"/><!-- How.... -->
<feat xlink:href="#tok_586" value="VVI"/><!-- How.... -->
<feat xlink:href="#tok_587" value="DT0"/><!-- How.... -->
<feat xlink:href="#tok_588" value="NN1"/><!-- How.... -->
<feat xlink:href="#tok_589" value="PUN"/><!-- How.... -->
<feat xlink:href="#tok_590" value="PNP"/><!-- How.... -->
<feat xlink:href="#tok_591" value="VVB"/><!-- How.... -->
<feat xlink:href="#tok_592" value="CJT"/><!-- How.... -->
<feat xlink:href="#tok_593" value="VVG"/><!-- How.... -->
<feat xlink:href="#tok_594" value="AT0"/><!-- How.... -->
<feat xlink:href="#tok_595" value="AJ0"/><!-- How.... -->
<feat xlink:href="#tok_596" value="NN1"/><!-- How.... -->
<feat xlink:href="#tok_597" value="NN1"/><!-- How.... -->
<feat xlink:href="#tok_598" value="VM0"/><!-- How.... -->
<feat xlink:href="#tok_599" value="VBI"/><!-- How.... -->
<feat xlink:href="#tok_600" value="AT0"/><!-- How.... -->
<feat xlink:href="#tok_601" value="AJ0"/><!-- How.... -->
<feat xlink:href="#tok_602" value="NN1"/><!-- How.... -->
<feat xlink:href="#tok_603" value="PRP"/><!-- How.... -->
<feat xlink:href="#tok_604" value="AT0"/><!-- How.... -->
<feat xlink:href="#tok_605" value="NN1"/><!-- How.... -->
<feat xlink:href="#tok_606" value="PUN"/><!-- How.... -->
<feat xlink:href="#tok_607" value="NN1"/><!-- Knowledge.... -->
<feat xlink:href="#tok_608" value="VBZ"/><!-- Knowledge.... -->
<feat xlink:href="#tok_609" value="NN1"/><!-- Knowledge.... -->
<feat xlink:href="#tok_610" value="CJC"/><!-- Knowledge.... -->
<feat xlink:href="#tok_611" value="NN1"/><!-- Knowledge.... -->
<feat xlink:href="#tok_612" value="VHZ"/><!-- Knowledge.... -->
<feat xlink:href="#tok_613" value="AT0"/><!-- Knowledge.... -->
<feat xlink:href="#tok_614" value="NN1"/><!-- Knowledge.... -->
<feat xlink:href="#tok_615" value="TO0"/><!-- Knowledge.... -->
<feat xlink:href="#tok_616" value="VVI"/><!-- Knowledge.... -->
<feat xlink:href="#tok_617" value="DT0"/><!-- Knowledge.... -->
<feat xlink:href="#tok_618" value="PRF"/><!-- Knowledge.... -->
<feat xlink:href="#tok_619" value="PNP"/><!-- Knowledge.... -->
<feat xlink:href="#tok_620" value="AT0"/><!-- Knowledge.... -->
<feat xlink:href="#tok_621" value="NN1"/><!-- Knowledge.... -->
<feat xlink:href="#tok_622" value="AV0"/><!-- Knowledge.... -->
<feat xlink:href="#tok_623" value="AJ0"/><!-- Knowledge.... -->
<feat xlink:href="#tok_624" value="PUN"/><!-- Knowledge.... -->
<feat xlink:href="#tok_625" value="PNP"/><!-- I.... -->
<feat xlink:href="#tok_626" value="VVD"/><!-- I.... -->
<feat xlink:href="#tok_627" value="VBN"/><!-- I.... -->
<feat xlink:href="#tok_628" value="VVN"/><!-- I.... -->
<feat xlink:href="#tok_629" value="PRP"/><!-- I.... -->
<feat xlink:href="#tok_630" value="VVG"/><!-- I.... -->
<feat xlink:href="#tok_631" value="AT0"/><!-- I.... -->
<feat xlink:href="#tok_632" value="AJ0"/><!-- I.... -->
<feat xlink:href="#tok_633" value="NN1"/><!-- I.... -->
<feat xlink:href="#tok_634" value="NN1"/><!-- I.... -->
<feat xlink:href="#tok_635" value="AV0"/><!-- I.... -->
<feat xlink:href="#tok_636" value="CJS"/><!-- I.... -->
<feat xlink:href="#tok_637" value="PNP"/><!-- I.... -->
<feat xlink:href="#tok_638" value="ORD"/><!-- I.... -->
<feat xlink:href="#tok_639" value="VVD"/><!-- I.... -->
<feat xlink:href="#tok_640" value="NN1"/><!-- I.... -->
<feat xlink:href="#tok_641" value="PUN"/><!-- I.... -->
<feat xlink:href="#tok_642" value="DPS"/><!-- My.... -->
<feat xlink:href="#tok_643" value="ORD"/><!-- My.... -->
<feat xlink:href="#tok_644" value="NN1"/><!-- My.... -->
<feat xlink:href="#tok_645" value="PRP"/><!-- My.... -->
<feat xlink:href="#tok_646" value="VVG"/><!-- My.... -->
<feat xlink:href="#tok_647" value="DT0"/><!-- My.... -->
<feat xlink:href="#tok_648" value="NN1"/><!-- My.... -->
<feat xlink:href="#tok_649" value="VBD"/><!-- My.... -->
<feat xlink:href="#tok_650" value="AT0"/><!-- My.... -->
<feat xlink:href="#tok_651" value="NN1"/><!-- My.... -->
<feat xlink:href="#tok_652" value="PNP"/><!-- My.... -->
<feat xlink:href="#tok_653" value="VVD"/><!-- My.... -->
<feat xlink:href="#tok_654" value="TO0"/><!-- My.... -->
<feat xlink:href="#tok_655" value="VVI"/><!-- My.... -->
<feat xlink:href="#tok_656" value="VVN"/><!-- My.... -->
<feat xlink:href="#tok_657" value="AV0"/><!-- My.... -->
<feat xlink:href="#tok_658" value="PUN"/><!-- My.... -->
<feat xlink:href="#tok_659" value="NN1"/><!-- eHow.... -->
<feat xlink:href="#tok_660" value="VBD"/><!-- eHow.... -->
<feat xlink:href="#tok_661" value="CJC"/><!-- eHow.... -->
<feat xlink:href="#tok_662" value="VVZ"/><!-- eHow.... -->
<feat xlink:href="#tok_663" value="TO0"/><!-- eHow.... -->
<feat xlink:href="#tok_664" value="VBI"/><!-- eHow.... -->
<feat xlink:href="#tok_665" value="AT0"/><!-- eHow.... -->
<feat xlink:href="#tok_666" value="AJS"/><!-- eHow.... -->
<feat xlink:href="#tok_667" value="CJC"/><!-- eHow.... -->
<feat xlink:href="#tok_668" value="AVQ"/><!-- eHow.... -->
<feat xlink:href="#tok_669" value="PRP"/><!-- eHow.... -->
<feat xlink:href="#tok_670" value="NN1"/><!-- eHow.... -->
<feat xlink:href="#tok_671" value="PRP"/><!-- eHow.... -->
<feat xlink:href="#tok_672" value="AT0"/><!-- eHow.... -->
<feat xlink:href="#tok_673" value="NN1"/><!-- eHow.... -->
<feat xlink:href="#tok_674" value="PUN"/><!-- eHow.... -->
<feat xlink:href="#tok_675" value="NN1"/><!-- eHow.... -->
<feat xlink:href="#tok_676" value="VVZ"/><!-- eHow.... -->
<feat xlink:href="#tok_677" value="AJ0"/><!-- eHow.... -->
<feat xlink:href="#tok_678" value="NN1"/><!-- eHow.... -->
<feat xlink:href="#tok_679" value="VVN"/><!-- eHow.... -->
<feat xlink:href="#tok_680" value="PRP"/><!-- eHow.... -->
<feat xlink:href="#tok_681" value="AJ0"/><!-- eHow.... -->
<feat xlink:href="#tok_682" value="NN1"/><!-- eHow.... -->
<feat xlink:href="#tok_683" value="PUN"/><!-- eHow.... -->
<feat xlink:href="#tok_684" value="CJS"/><!-- When.... -->
<feat xlink:href="#tok_685" value="PNP"/><!-- When.... -->
<feat xlink:href="#tok_686" value="VVD"/><!-- When.... -->
<feat xlink:href="#tok_687" value="NN1"/><!-- When.... -->
<feat xlink:href="#tok_688" value="PUN"/><!-- When.... -->
<feat xlink:href="#tok_689" value="AT0"/><!-- When.... -->
<feat xlink:href="#tok_690" value="NN1"/><!-- When.... -->
<feat xlink:href="#tok_691" value="VBD"/><!-- When.... -->
<feat xlink:href="#tok_692" value="AV0"/><!-- When.... -->
<feat xlink:href="#tok_693" value="VVN"/><!-- When.... -->
<feat xlink:href="#tok_694" value="CJC"/><!-- When.... -->
<feat xlink:href="#tok_695" value="VVN"/><!-- When.... -->
<feat xlink:href="#tok_696" value="PUN"/><!-- When.... -->
<feat xlink:href="#tok_697" value="DT0"/><!-- This.... -->
<feat xlink:href="#tok_698" value="NN1"/><!-- This.... -->
<feat xlink:href="#tok_699" value="NN1"/><!-- This.... -->
<feat xlink:href="#tok_700" value="VVN"/><!-- This.... -->
<feat xlink:href="#tok_701" value="PRP"/><!-- This.... -->
<feat xlink:href="#tok_702" value="VVG"/><!-- This.... -->
<feat xlink:href="#tok_703" value="NN1"/><!-- This.... -->
<feat xlink:href="#tok_704" value="PRP"/><!-- This.... -->
<feat xlink:href="#tok_705" value="NN2"/><!-- This.... -->
<feat xlink:href="#tok_706" value="CJT"/><!-- This.... -->
<feat xlink:href="#tok_707" value="VVB"/><!-- This.... -->
<feat xlink:href="#tok_708" value="PRP"/><!-- This.... -->
<feat xlink:href="#tok_709" value="NN2"/><!-- This.... -->
<feat xlink:href="#tok_710" value="PRP"/><!-- This.... -->
<feat xlink:href="#tok_711" value="NN2"/><!-- This.... -->
<feat xlink:href="#tok_712" value="PRP"/><!-- This.... -->
<feat xlink:href="#tok_713" value="NN1"/><!-- This.... -->
<feat xlink:href="#tok_714" value="CJT"/><!-- This.... -->
<feat xlink:href="#tok_715" value="VHB"/><!-- This.... -->
<feat xlink:href="#tok_716" value="AJ0"/><!-- This.... -->
<feat xlink:href="#tok_717" value="NN1"/><!-- This.... -->
<feat xlink:href="#tok_718" value="NN2"/><!-- This.... -->
<feat xlink:href="#tok_719" value="PUN"/><!-- This.... -->
<feat xlink:href="#tok_720" value="AV0"/><!-- However.... -->
<feat xlink:href="#tok_721" value="PUN"/><!-- However.... -->
<feat xlink:href="#tok_722" value="VVG"/><!-- However.... -->
<feat xlink:href="#tok_723" value="NN0"/><!-- However.... -->
<feat xlink:href="#tok_724" value="TO0"/><!-- However.... -->
<feat xlink:href="#tok_725" value="VVI"/><!-- However.... -->
<feat xlink:href="#tok_726" value="CJC"/><!-- However.... -->
<feat xlink:href="#tok_727" value="VVI"/><!-- However.... -->
<feat xlink:href="#tok_728" value="NN2"/><!-- However.... -->
<feat xlink:href="#tok_729" value="AV0"/><!-- However.... -->
<feat xlink:href="#tok_730" value="VVZ"/><!-- However.... -->
<feat xlink:href="#tok_731" value="CJT"/><!-- However.... -->
<feat xlink:href="#tok_732" value="PNP"/><!-- However.... -->
<feat xlink:href="#tok_733" value="VHB"/><!-- However.... -->
<feat xlink:href="#tok_734" value="TO0"/><!-- However.... -->
<feat xlink:href="#tok_735" value="VVI"/><!-- However.... -->
<feat xlink:href="#tok_736" value="PNI"/><!-- However.... -->
<feat xlink:href="#tok_737" value="PRF"/><!-- However.... -->
<feat xlink:href="#tok_738" value="CRD"/><!-- However.... -->
<feat xlink:href="#tok_739" value="NN2"/><!-- However.... -->
<feat xlink:href="#tok_740" value="PUN"/><!-- However.... -->
<feat xlink:href="#tok_741" value="PNP"/><!-- You.... -->
<feat xlink:href="#tok_742" value="AV0"/><!-- You.... -->
<feat xlink:href="#tok_743" value="CRD"/><!-- You.... -->
<feat xlink:href="#tok_744" value="PUR"/><!-- You.... -->
<feat xlink:href="#tok_745" value="NN1"/><!-- You.... -->
<feat xlink:href="#tok_746" value="PRP"/><!-- You.... -->
<feat xlink:href="#tok_747" value="NN1"/><!-- You.... -->
<feat xlink:href="#tok_748" value="CJC"/><!-- You.... -->
<feat xlink:href="#tok_749" value="VDB"/><!-- You.... -->
<feat xlink:href="#tok_750" value="XX0"/><!-- You.... -->
<feat xlink:href="#tok_751" value="VVI"/><!-- You.... -->
<feat xlink:href="#tok_752" value="AT0"/><!-- You.... -->
<feat xlink:href="#tok_753" value="NN2"/><!-- You.... -->
<feat xlink:href="#tok_754" value="CJT"/><!-- You.... -->
<feat xlink:href="#tok_755" value="VM0"/><!-- You.... -->
<feat xlink:href="#tok_756" value="XX0"/><!-- You.... -->
<feat xlink:href="#tok_757" value="VVI"/><!-- You.... -->
<feat xlink:href="#tok_758" value="NN2"/><!-- You.... -->
<feat xlink:href="#tok_759" value="PUN"/><!-- You.... -->
<feat xlink:href="#tok_760" value="CJC"/><!-- You.... -->
<feat xlink:href="#tok_761" value="CRD"/><!-- You.... -->
<feat xlink:href="#tok_762" value="PUR"/><!-- You.... -->
<feat xlink:href="#tok_763" value="PNP"/><!-- You.... -->
<feat xlink:href="#tok_764" value="VVB"/><!-- You.... -->
<feat xlink:href="#tok_765" value="PRP"/><!-- You.... -->
<feat xlink:href="#tok_766" value="NN1"/><!-- You.... -->
<feat xlink:href="#tok_767" value="CJC"/><!-- You.... -->
<feat xlink:href="#tok_768" value="VVB"/><!-- You.... -->
<feat xlink:href="#tok_769" value="NN1"/><!-- You.... -->
<feat xlink:href="#tok_770" value="CJT"/><!-- You.... -->
<feat xlink:href="#tok_771" value="VDZ"/><!-- You.... -->
<feat xlink:href="#tok_772" value="XX0"/><!-- You.... -->
<feat xlink:href="#tok_773" value="VVI"/><!-- You.... -->
<feat xlink:href="#tok_774" value="AV0"/><!-- You.... -->
<feat xlink:href="#tok_775" value="TO0"/><!-- You.... -->
<feat xlink:href="#tok_776" value="VVI"/><!-- You.... -->
<feat xlink:href="#tok_777" value="PUN"/><!-- You.... -->
<feat xlink:href="#tok_778" value="PNP"/><!-- I.... -->
<feat xlink:href="#tok_779" value="VBD"/><!-- I.... -->
<feat xlink:href="#tok_780" value="XX0"/><!-- I.... -->
<feat xlink:href="#tok_781" value="AJ0"/><!-- I.... -->
<feat xlink:href="#tok_782" value="PRP"/><!-- I.... -->
<feat xlink:href="#tok_783" value="VVG"/><!-- I.... -->
<feat xlink:href="#tok_784" value="DT0"/><!-- I.... -->
<feat xlink:href="#tok_785" value="PRF"/><!-- I.... -->
<feat xlink:href="#tok_786" value="DT0"/><!-- I.... -->
<feat xlink:href="#tok_787" value="NN2"/><!-- I.... -->
<feat xlink:href="#tok_788" value="PUN"/><!-- I.... -->
<feat xlink:href="#tok_789" value="CJS"/><!-- I.... -->
<feat xlink:href="#tok_790" value="PNP"/><!-- I.... -->
<feat xlink:href="#tok_791" value="VVB"/><!-- I.... -->
<feat xlink:href="#tok_792" value="AT0"/><!-- I.... -->
<feat xlink:href="#tok_793" value="NN1"/><!-- I.... -->
<feat xlink:href="#tok_794" value="ZZ0"/><!-- I.... -->
<feat xlink:href="#tok_795" value="AVQ"/><!-- I.... -->
<feat xlink:href="#tok_796" value="PRP"/><!-- I.... -->
<feat xlink:href="#tok_797" value="NN1"/><!-- I.... -->
<feat xlink:href="#tok_798" value="VVZ"/><!-- I.... -->
<feat xlink:href="#tok_799" value="TO0"/><!-- I.... -->
<feat xlink:href="#tok_800" value="VBI"/><!-- I.... -->
<feat xlink:href="#tok_801" value="AJ0"/><!-- I.... -->
<feat xlink:href="#tok_802" value="NN1"/><!-- I.... -->
<feat xlink:href="#tok_803" value="CJC"/><!-- I.... -->
<feat xlink:href="#tok_804" value="AJ0"/><!-- I.... -->
<feat xlink:href="#tok_805" value="PUN"/><!-- I.... -->
<feat xlink:href="#tok_806" value="AV0"/><!-- So.... -->
<feat xlink:href="#tok_807" value="AV0"/><!-- So.... -->
<feat xlink:href="#tok_808" value="PNP"/><!-- So.... -->
<feat xlink:href="#tok_809" value="VVD"/><!-- So.... -->
<feat xlink:href="#tok_810" value="DT0"/><!-- So.... -->
<feat xlink:href="#tok_811" value="NN1"/><!-- So.... -->
<feat xlink:href="#tok_812" value="ZZ0"/><!-- So.... -->
<feat xlink:href="#tok_813" value="NN1"/><!-- So.... -->
<feat xlink:href="#tok_814" value="VM0"/><!-- So.... -->
<feat xlink:href="#tok_815" value="XX0"/><!-- So.... -->
<feat xlink:href="#tok_816" value="VVI"/><!-- So.... -->
<feat xlink:href="#tok_817" value="AT0"/><!-- So.... -->
<feat xlink:href="#tok_818" value="NN1"/><!-- So.... -->
<feat xlink:href="#tok_819" value="PNP"/><!-- So.... -->
<feat xlink:href="#tok_820" value="VVD"/><!-- So.... -->
<feat xlink:href="#tok_821" value="PUN"/><!-- So.... -->
<feat xlink:href="#tok_822" value="CJS"/><!-- When.... -->
<feat xlink:href="#tok_823" value="PNP"/><!-- When.... -->
<feat xlink:href="#tok_824" value="VVD"/><!-- When.... -->
<feat xlink:href="#tok_825" value="NP0"/><!-- When.... -->
<feat xlink:href="#tok_826" value="PUN"/><!-- When.... -->
<feat xlink:href="#tok_827" value="PNP"/><!-- When.... -->
<feat xlink:href="#tok_828" value="VVD"/><!-- When.... -->
<feat xlink:href="#tok_829" value="CJT"/><!-- When.... -->
<feat xlink:href="#tok_830" value="AT0"/><!-- When.... -->
<feat xlink:href="#tok_831" value="AJ0"/><!-- When.... -->
<feat xlink:href="#tok_832" value="NN1"/><!-- When.... -->
<feat xlink:href="#tok_833" value="VHD"/><!-- When.... -->
<feat xlink:href="#tok_834" value="AT0"/><!-- When.... -->
<feat xlink:href="#tok_835" value="NN1"/><!-- When.... -->
<feat xlink:href="#tok_836" value="TO0"/><!-- When.... -->
<feat xlink:href="#tok_837" value="VVI"/><!-- When.... -->
<feat xlink:href="#tok_838" value="AT0"/><!-- When.... -->
<feat xlink:href="#tok_839" value="NN1"/><!-- When.... -->
<feat xlink:href="#tok_840" value="VVB"/><!-- When.... -->
<feat xlink:href="#tok_841" value="AT0"/><!-- When.... -->
<feat xlink:href="#tok_842" value="NN1"/><!-- When.... -->
<feat xlink:href="#tok_843" value="AV0"/><!-- When.... -->
<feat xlink:href="#tok_844" value="VVZ"/><!-- When.... -->
<feat xlink:href="#tok_845" value="PUN"/><!-- When.... -->
<feat xlink:href="#tok_846" value="CJS"/><!-- So.... -->
<feat xlink:href="#tok_847" value="PNP"/><!-- So.... -->
<feat xlink:href="#tok_848" value="VVD"/><!-- So.... -->
<feat xlink:href="#tok_849" value="TO0"/><!-- So.... -->
<feat xlink:href="#tok_850" value="VVI"/><!-- So.... -->
<feat xlink:href="#tok_851" value="NN1"/><!-- So.... -->
<feat xlink:href="#tok_852" value="CJC"/><!-- So.... -->
<feat xlink:href="#tok_853" value="VVB"/><!-- So.... -->
<feat xlink:href="#tok_854" value="AT0"/><!-- So.... -->
<feat xlink:href="#tok_855" value="NN2"/><!-- So.... -->
<feat xlink:href="#tok_856" value="TO0"/><!-- So.... -->
<feat xlink:href="#tok_857" value="VVI"/><!-- So.... -->
<feat xlink:href="#tok_858" value="NN1"/><!-- So.... -->
<feat xlink:href="#tok_859" value="PUN"/><!-- So.... -->
<feat xlink:href="#tok_860" value="AVQ"/><!-- Why...? -->
<feat xlink:href="#tok_861" value="VDD"/><!-- Why...? -->
<feat xlink:href="#tok_862" value="PNP"/><!-- Why...? -->
<feat xlink:href="#tok_863" value="VVI"/><!-- Why...? -->
<feat xlink:href="#tok_864" value="TO0"/><!-- Why...? -->
<feat xlink:href="#tok_865" value="VVI"/><!-- Why...? -->
<feat xlink:href="#tok_866" value="AT0"/><!-- Why...? -->
<feat xlink:href="#tok_867" value="AJ0"/><!-- Why...? -->
<feat xlink:href="#tok_868" value="NP0"/><!-- Why...? -->
<feat xlink:href="#tok_869" value="NN1"/><!-- Why...? -->
<feat xlink:href="#tok_870" value="PUN"/><!-- Why...? -->
<feat xlink:href="#tok_871" value="PNP"/><!-- We.... -->
<feat xlink:href="#tok_872" value="VVB"/><!-- We.... -->
<feat xlink:href="#tok_873" value="AT0"/><!-- We.... -->
<feat xlink:href="#tok_874" value="AJ0"/><!-- We.... -->
<feat xlink:href="#tok_875" value="NP0"/><!-- We.... -->
<feat xlink:href="#tok_876" value="NN1"/><!-- We.... -->
<feat xlink:href="#tok_877" value="TO0"/><!-- We.... -->
<feat xlink:href="#tok_878" value="VVI"/><!-- We.... -->
<feat xlink:href="#tok_879" value="DPS"/><!-- We.... -->
<feat xlink:href="#tok_880" value="NN1"/><!-- We.... -->
<feat xlink:href="#tok_881" value="AT0"/><!-- We.... -->
<feat xlink:href="#tok_882" value="NN1"/><!-- We.... -->
<feat xlink:href="#tok_883" value="PRP"/><!-- We.... -->
<feat xlink:href="#tok_884" value="NN1"/><!-- We.... -->
<feat xlink:href="#tok_885" value="PUL"/><!-- We.... -->
<feat xlink:href="#tok_886" value="NN1"/><!-- http://www.wikihow.com/wikiHow:Right-to-Fork -->
<feat xlink:href="#tok_887" value="PUR"/><!-- http://www.wikihow.com/wikiHow:Right-to-Fork -->
<feat xlink:href="#tok_888" value="PUN"/><!-- http://www.wikihow.com/wikiHow:Right-to-Fork -->
<feat xlink:href="#tok_889" value="PRP"/><!-- In...&quot; -->
<feat xlink:href="#tok_890" value="DPS"/><!-- In...&quot; -->
<feat xlink:href="#tok_891" value="NN1"/><!-- In...&quot; -->
<feat xlink:href="#tok_892" value="PUN"/><!-- In...&quot; -->
<feat xlink:href="#tok_893" value="NN0"/><!-- In...&quot; -->
<feat xlink:href="#tok_894" value="VM0"/><!-- In...&quot; -->
<feat xlink:href="#tok_895" value="VBI"/><!-- In...&quot; -->
<feat xlink:href="#tok_896" value="AJ0"/><!-- In...&quot; -->
<feat xlink:href="#tok_897" value="TO0"/><!-- In...&quot; -->
<feat xlink:href="#tok_898" value="VVI"/><!-- In...&quot; -->
<feat xlink:href="#tok_899" value="PRP"/><!-- In...&quot; -->
<feat xlink:href="#tok_900" value="NN2"/><!-- In...&quot; -->
<feat xlink:href="#tok_901" value="CJS"/><!-- In...&quot; -->
<feat xlink:href="#tok_902" value="PNP"/><!-- In...&quot; -->
<feat xlink:href="#tok_903" value="AV0"/><!-- In...&quot; -->
<feat xlink:href="#tok_904" value="VHB"/><!-- In...&quot; -->
<feat xlink:href="#tok_905" value="AT0"/><!-- In...&quot; -->
<feat xlink:href="#tok_906" value="AJ0"/><!-- In...&quot; -->
<feat xlink:href="#tok_907" value="NN1"/><!-- In...&quot; -->
<feat xlink:href="#tok_908" value="TO0"/><!-- In...&quot; -->
<feat xlink:href="#tok_909" value="VVI"/><!-- In...&quot; -->
<feat xlink:href="#tok_910" value="PUN"/><!-- In...&quot; -->
<feat xlink:href="#tok_911" value="AJ0"/><!-- In...&quot; -->
<feat xlink:href="#tok_912" value="CJS"/><!-- If.... -->
<feat xlink:href="#tok_913" value="NN1"/><!-- If.... -->
<feat xlink:href="#tok_914" value="NN2"/><!-- If.... -->
<feat xlink:href="#tok_915" value="VVB"/><!-- If.... -->
<feat xlink:href="#tok_916" value="DPS"/><!-- If.... -->
<feat xlink:href="#tok_917" value="NN1"/><!-- If.... -->
<feat xlink:href="#tok_918" value="VBZ"/><!-- If.... -->
<feat xlink:href="#tok_919" value="VVG"/><!-- If.... -->
<feat xlink:href="#tok_920" value="PRP"/><!-- If.... -->
<feat xlink:href="#tok_921" value="AT0"/><!-- If.... -->
<feat xlink:href="#tok_922" value="AJ0"/><!-- If.... -->
<feat xlink:href="#tok_923" value="NN1"/><!-- If.... -->
<feat xlink:href="#tok_924" value="PUN"/><!-- If.... -->
<feat xlink:href="#tok_925" value="PNP"/><!-- If.... -->
<feat xlink:href="#tok_926" value="VM0"/><!-- If.... -->
<feat xlink:href="#tok_927" value="VVI"/><!-- If.... -->
<feat xlink:href="#tok_928" value="DT0"/><!-- If.... -->
<feat xlink:href="#tok_929" value="AT0"/><!-- If.... -->
<feat xlink:href="#tok_930" value="NN1"/><!-- If.... -->
<feat xlink:href="#tok_931" value="CJC"/><!-- If.... -->
<feat xlink:href="#tok_932" value="DT0"/><!-- If.... -->
<feat xlink:href="#tok_933" value="AT0"/><!-- If.... -->
<feat xlink:href="#tok_934" value="NN1"/><!-- If.... -->
<feat xlink:href="#tok_935" value="CJC"/><!-- If.... -->
<feat xlink:href="#tok_936" value="VVB"/><!-- If.... -->
<feat xlink:href="#tok_937" value="AT0"/><!-- If.... -->
<feat xlink:href="#tok_938" value="NN1"/><!-- If.... -->
<feat xlink:href="#tok_939" value="AV0"/><!-- If.... -->
<feat xlink:href="#tok_940" value="PUN"/><!-- If.... -->
<feat xlink:href="#tok_941" value="DT0"/><!-- This.... -->
<feat xlink:href="#tok_942" value="VBZ"/><!-- This.... -->
<feat xlink:href="#tok_943" value="AJ0"/><!-- This.... -->
<feat xlink:href="#tok_944" value="CJS"/><!-- This.... -->
<feat xlink:href="#tok_945" value="PNP"/><!-- This.... -->
<feat xlink:href="#tok_946" value="VVB"/><!-- This.... -->
<feat xlink:href="#tok_947" value="DT0"/><!-- This.... -->
<feat xlink:href="#tok_948" value="PRF"/><!-- This.... -->
<feat xlink:href="#tok_949" value="DPS"/><!-- This.... -->
<feat xlink:href="#tok_950" value="NN1"/><!-- This.... -->
<feat xlink:href="#tok_951" value="PRP"/><!-- This.... -->
<feat xlink:href="#tok_952" value="AT0"/><!-- This.... -->
<feat xlink:href="#tok_953" value="AJ0"/><!-- This.... -->
<feat xlink:href="#tok_954" value="NN1"/><!-- This.... -->
<feat xlink:href="#tok_955" value="NN1"/><!-- This.... -->
<feat xlink:href="#tok_956" value="NN1"/><!-- This.... -->
<feat xlink:href="#tok_957" value="CJC"/><!-- This.... -->
<feat xlink:href="#tok_958" value="VVB"/><!-- This.... -->
<feat xlink:href="#tok_959" value="DPS"/><!-- This.... -->
<feat xlink:href="#tok_960" value="NN1"/><!-- This.... -->
<feat xlink:href="#tok_961" value="PRP"/><!-- This.... -->
<feat xlink:href="#tok_962" value="AT0"/><!-- This.... -->
<feat xlink:href="#tok_963" value="AJ0"/><!-- This.... -->
<feat xlink:href="#tok_964" value="NP0"/><!-- This.... -->
<feat xlink:href="#tok_965" value="NN1"/><!-- This.... -->
<feat xlink:href="#tok_966" value="PUN"/><!-- This.... -->
<feat xlink:href="#tok_967" value="DT0"/><!-- This.... -->
<feat xlink:href="#tok_968" value="NN1"/><!-- This.... -->
<feat xlink:href="#tok_969" value="PRP"/><!-- This.... -->
<feat xlink:href="#tok_970" value="NN1"/><!-- This.... -->
<feat xlink:href="#tok_971" value="VVZ"/><!-- This.... -->
<feat xlink:href="#tok_972" value="DT0"/><!-- This.... -->
<feat xlink:href="#tok_973" value="NN1"/><!-- This.... -->
<feat xlink:href="#tok_974" value="PUN"/><!-- This.... -->
<feat xlink:href="#tok_975" value="AT0"/><!-- This.... -->
<feat xlink:href="#tok_976" value="NN1"/><!-- This.... -->
<feat xlink:href="#tok_977" value="PUN"/><!-- This.... -->
<feat xlink:href="#tok_978" value="VM0"/><!-- This.... -->
<feat xlink:href="#tok_979" value="AV0"/><!-- This.... -->
<feat xlink:href="#tok_980" value="VVI"/><!-- This.... -->
<feat xlink:href="#tok_981" value="AT0"/><!-- This.... -->
<feat xlink:href="#tok_982" value="NN1"/><!-- This.... -->
<feat xlink:href="#tok_983" value="PRF"/><!-- This.... -->
<feat xlink:href="#tok_984" value="AT0"/><!-- This.... -->
<feat xlink:href="#tok_985" value="NN1"/><!-- This.... -->
<feat xlink:href="#tok_986" value="CJC"/><!-- This.... -->
<feat xlink:href="#tok_987" value="DPS"/><!-- This.... -->
<feat xlink:href="#tok_988" value="NN1"/><!-- This.... -->
<feat xlink:href="#tok_989" value="NN1"/><!-- This.... -->
<feat xlink:href="#tok_990" value="PUN"/><!-- This.... -->
<feat xlink:href="#tok_991" value="PNP"/><!-- I.... -->
<feat xlink:href="#tok_992" value="VVB"/><!-- I.... -->
<feat xlink:href="#tok_993" value="CJT"/><!-- I.... -->
<feat xlink:href="#tok_994" value="VVG"/><!-- I.... -->
<feat xlink:href="#tok_995" value="DT0"/><!-- I.... -->
<feat xlink:href="#tok_996" value="NN1"/><!-- I.... -->
<feat xlink:href="#tok_997" value="PRP"/><!-- I.... -->
<feat xlink:href="#tok_998" value="NN1"/><!-- I.... -->
<feat xlink:href="#tok_999" value="VHZ"/><!-- I.... -->
<feat xlink:href="#tok_1000" value="VBN"/><!-- I.... -->
<feat xlink:href="#tok_1001" value="AT0"/><!-- I.... -->
<feat xlink:href="#tok_1002" value="AJ0"/><!-- I.... -->
<feat xlink:href="#tok_1003" value="NN1"/><!-- I.... -->
<feat xlink:href="#tok_1004" value="PRF"/><!-- I.... -->
<feat xlink:href="#tok_1005" value="DPS"/><!-- I.... -->
<feat xlink:href="#tok_1006" value="NN1"/><!-- I.... -->
<feat xlink:href="#tok_1007" value="AV0"/><!-- I.... -->
<feat xlink:href="#tok_1008" value="AV0"/><!-- I.... -->
<feat xlink:href="#tok_1009" value="PUN"/><!-- I.... -->
<feat xlink:href="#tok_1010" value="DPS"/><!-- My.... -->
<feat xlink:href="#tok_1011" value="NN1"/><!-- My.... -->
<feat xlink:href="#tok_1012" value="VBZ"/><!-- My.... -->
<feat xlink:href="#tok_1013" value="CJT"/><!-- My.... -->
<feat xlink:href="#tok_1014" value="PRP"/><!-- My.... -->
<feat xlink:href="#tok_1015" value="NN1"/><!-- My.... -->
<feat xlink:href="#tok_1016" value="PUN"/><!-- My.... -->
<feat xlink:href="#tok_1017" value="NN1"/><!-- My.... -->
<feat xlink:href="#tok_1018" value="NN2"/><!-- My.... -->
<feat xlink:href="#tok_1019" value="VM0"/><!-- My.... -->
<feat xlink:href="#tok_1020" value="VVI"/><!-- My.... -->
<feat xlink:href="#tok_1021" value="DT0"/><!-- My.... -->
<feat xlink:href="#tok_1022" value="PRF"/><!-- My.... -->
<feat xlink:href="#tok_1023" value="DT0"/><!-- My.... -->
<feat xlink:href="#tok_1024" value="NN1"/><!-- My.... -->
<feat xlink:href="#tok_1025" value="CJS"/><!-- My.... -->
<feat xlink:href="#tok_1026" value="PNP"/><!-- My.... -->
<feat xlink:href="#tok_1027" value="VVB"/><!-- My.... -->
<feat xlink:href="#tok_1028" value="DPS"/><!-- My.... -->
<feat xlink:href="#tok_1029" value="NN1"/><!-- My.... -->
<feat xlink:href="#tok_1030" value="PRP"/><!-- My.... -->
<feat xlink:href="#tok_1031" value="AT0"/><!-- My.... -->
<feat xlink:href="#tok_1032" value="NN1"/><!-- My.... -->
<feat xlink:href="#tok_1033" value="CJT"/><!-- My.... -->
<feat xlink:href="#tok_1034" value="VVZ"/><!-- My.... -->
<feat xlink:href="#tok_1035" value="NN1"/><!-- My.... -->
<feat xlink:href="#tok_1036" value="PRP"/><!-- My.... -->
<feat xlink:href="#tok_1037" value="NN2"/><!-- My.... -->
<feat xlink:href="#tok_1038" value="PUN"/><!-- My.... -->
<feat xlink:href="#tok_1039" value="DT0"/><!-- That.... -->
<feat xlink:href="#tok_1040" value="VVD"/><!-- That.... -->
<feat xlink:href="#tok_1041" value="PUN"/><!-- That.... -->
<feat xlink:href="#tok_1042" value="CJS"/><!-- That.... -->
<feat xlink:href="#tok_1043" value="PNP"/><!-- That.... -->
<feat xlink:href="#tok_1044" value="VVD"/><!-- That.... -->
<feat xlink:href="#tok_1045" value="AVP"/><!-- That.... -->
<feat xlink:href="#tok_1046" value="PNP"/><!-- That.... -->
<feat xlink:href="#tok_1047" value="VDD"/><!-- That.... -->
<feat xlink:href="#tok_1048" value="XX0"/><!-- That.... -->
<feat xlink:href="#tok_1049" value="VVI"/><!-- That.... -->
<feat xlink:href="#tok_1050" value="AT0"/><!-- That.... -->
<feat xlink:href="#tok_1051" value="NN1"/><!-- That.... -->
<feat xlink:href="#tok_1052" value="PRP"/><!-- That.... -->
<feat xlink:href="#tok_1053" value="AT0"/><!-- That.... -->
<feat xlink:href="#tok_1054" value="NP0"/><!-- That.... -->
<feat xlink:href="#tok_1055" value="AJ0"/><!-- That.... -->
<feat xlink:href="#tok_1056" value="NN1"/><!-- That.... -->
<feat xlink:href="#tok_1057" value="NN1"/><!-- That.... -->
<feat xlink:href="#tok_1058" value="CJC"/><!-- That.... -->
<feat xlink:href="#tok_1059" value="DPS"/><!-- That.... -->
<feat xlink:href="#tok_1060" value="NP0"/><!-- That.... -->
<feat xlink:href="#tok_1061" value="NP0"/><!-- That.... -->
<feat xlink:href="#tok_1062" value="ZZ0"/><!-- That.... -->
<feat xlink:href="#tok_1063" value="NN1"/><!-- That.... -->
<feat xlink:href="#tok_1064" value="PUN"/><!-- That.... -->
<feat xlink:href="#tok_1065" value="CJS"/><!-- As.... -->
<feat xlink:href="#tok_1066" value="AT0"/><!-- As.... -->
<feat xlink:href="#tok_1067" value="NN1"/><!-- As.... -->
<feat xlink:href="#tok_1068" value="PUN"/><!-- As.... -->
<feat xlink:href="#tok_1069" value="PNP"/><!-- As.... -->
<feat xlink:href="#tok_1070" value="VVD"/><!-- As.... -->
<feat xlink:href="#tok_1071" value="DT0"/><!-- As.... -->
<feat xlink:href="#tok_1072" value="NN2"/><!-- As.... -->
<feat xlink:href="#tok_1073" value="PRP"/><!-- As.... -->
<feat xlink:href="#tok_1074" value="AT0"/><!-- As.... -->
<feat xlink:href="#tok_1075" value="NN1"/><!-- As.... -->
<feat xlink:href="#tok_1076" value="PUN"/><!-- As.... -->
<feat xlink:href="#tok_1077" value="PRP"/><!-- In.... -->
<feat xlink:href="#tok_1078" value="NN1"/><!-- In.... -->
<feat xlink:href="#tok_1079" value="PUN"/><!-- In.... -->
<feat xlink:href="#tok_1080" value="PNP"/><!-- In.... -->
<feat xlink:href="#tok_1081" value="VVB"/><!-- In.... -->
<feat xlink:href="#tok_1082" value="PNP"/><!-- In.... -->
<feat xlink:href="#tok_1083" value="AV0"/><!-- In.... -->
<feat xlink:href="#tok_1084" value="VM0"/><!-- In.... -->
<feat xlink:href="#tok_1085" value="VHI"/><!-- In.... -->
<feat xlink:href="#tok_1086" value="VVN"/><!-- In.... -->
<feat xlink:href="#tok_1087" value="AT0"/><!-- In.... -->
<feat xlink:href="#tok_1088" value="NP0"/><!-- In.... -->
<feat xlink:href="#tok_1089" value="NP0"/><!-- In.... -->
<feat xlink:href="#tok_1090" value="NN1"/><!-- In.... -->
<feat xlink:href="#tok_1091" value="AV0"/><!-- In.... -->
<feat xlink:href="#tok_1092" value="PRF"/><!-- In.... -->
<feat xlink:href="#tok_1093" value="NN1"/><!-- In.... -->
<feat xlink:href="#tok_1094" value="PUN"/><!-- In.... -->
<feat xlink:href="#tok_1095" value="PRP"/><!-- At.... -->
<feat xlink:href="#tok_1096" value="AT0"/><!-- At.... -->
<feat xlink:href="#tok_1097" value="NN1"/><!-- At.... -->
<feat xlink:href="#tok_1098" value="DT0"/><!-- At.... -->
<feat xlink:href="#tok_1099" value="VM0"/><!-- At.... -->
<feat xlink:href="#tok_1100" value="VVI"/><!-- At.... -->
<feat xlink:href="#tok_1101" value="AT0"/><!-- At.... -->
<feat xlink:href="#tok_1102" value="AJ0"/><!-- At.... -->
<feat xlink:href="#tok_1103" value="NN1"/><!-- At.... -->
<feat xlink:href="#tok_1104" value="PRP"/><!-- At.... -->
<feat xlink:href="#tok_1105" value="AJ0"/><!-- At.... -->
<feat xlink:href="#tok_1106" value="NN1"/><!-- At.... -->
<feat xlink:href="#tok_1107" value="CJC"/><!-- At.... -->
<feat xlink:href="#tok_1108" value="AJ0"/><!-- At.... -->
<feat xlink:href="#tok_1109" value="NN1"/><!-- At.... -->
<feat xlink:href="#tok_1110" value="NN2"/><!-- At.... -->
<feat xlink:href="#tok_1111" value="PUN"/><!-- At.... -->
<feat xlink:href="#tok_1112" value="AV0"/><!-- wikiHow...? -->
<feat xlink:href="#tok_1113" value="AV0"/><!-- wikiHow...? -->
<feat xlink:href="#tok_1114" value="VHZ"/><!-- wikiHow...? -->
<feat xlink:href="#tok_1115" value="CRD"/><!-- wikiHow...? -->
<feat xlink:href="#tok_1116" value="PRF"/><!-- wikiHow...? -->
<feat xlink:href="#tok_1117" value="NN2"/><!-- wikiHow...? -->
<feat xlink:href="#tok_1118" value="PRP"/><!-- wikiHow...? -->
<feat xlink:href="#tok_1119" value="NN1"/><!-- wikiHow...? -->
<feat xlink:href="#tok_1120" value="PUN"/><!-- wikiHow...? -->
<feat xlink:href="#tok_1121" value="AVQ"/><!-- How...? -->
<feat xlink:href="#tok_1122" value="VDD"/><!-- How...? -->
<feat xlink:href="#tok_1123" value="PNP"/><!-- How...? -->
<feat xlink:href="#tok_1124" value="VVI"/><!-- How...? -->
<feat xlink:href="#tok_1125" value="AT0"/><!-- How...? -->
<feat xlink:href="#tok_1126" value="NN1"/><!-- How...? -->
<feat xlink:href="#tok_1127" value="PRP"/><!-- How...? -->
<feat xlink:href="#tok_1128" value="AT0"/><!-- How...? -->
<feat xlink:href="#tok_1129" value="NN1"/><!-- How...? -->
<feat xlink:href="#tok_1130" value="PNP"/><!-- How...? -->
<feat xlink:href="#tok_1131" value="VBZ"/><!-- How...? -->
<feat xlink:href="#tok_1132" value="AV0"/><!-- How...? -->
<feat xlink:href="#tok_1133" value="PUN"/><!-- How...? -->
<feat xlink:href="#tok_1134" value="PRP"/><!-- In.... -->
<feat xlink:href="#tok_1135" value="NP0"/><!-- December...2008 -->
<feat xlink:href="#tok_1136" value="CRD"/><!-- December...2008 -->
<feat xlink:href="#tok_1137" value="PUN"/><!-- December...2008 -->
<feat xlink:href="#tok_1138" value="NN1"/><!-- December...2008 -->
<feat xlink:href="#tok_1139" value="VHD"/><!-- December...2008 -->
<feat xlink:href="#tok_1140" value="AV0"/><!-- December...2008 -->
<feat xlink:href="#tok_1141" value="CRD"/><!-- December...2008 -->
<feat xlink:href="#tok_1142" value="CRD"/><!-- December...2008 -->
<feat xlink:href="#tok_1143" value="AJ0"/><!-- December...2008 -->
<feat xlink:href="#tok_1144" value="NN2"/><!-- December...2008 -->
<feat xlink:href="#tok_1145" value="PRP"/><!-- December...2008 -->
<feat xlink:href="#tok_1146" value="PRP"/><!-- December...2008 -->
<feat xlink:href="#tok_1147" value="AJ0"/><!-- December...2008 -->
<feat xlink:href="#tok_1148" value="NN2"/><!-- December...2008 -->
<feat xlink:href="#tok_1149" value="PUL"/><!-- December...2008 -->
<feat xlink:href="#tok_1150" value="AJ0"/><!-- December...2008 -->
<feat xlink:href="#tok_1151" value="NN0"/><!-- December...2008 -->
<feat xlink:href="#tok_1152" value="PUN"/><!-- December...2008 -->
<feat xlink:href="#tok_1153" value="NN1"/><!-- http://www.wikihow.com/wikiHow:Statistics -->
<feat xlink:href="#tok_1154" value="PUR"/><!-- http://www.wikihow.com/wikiHow:Statistics -->
<feat xlink:href="#tok_1155" value="PUN"/><!-- http://www.wikihow.com/wikiHow:Statistics -->
<feat xlink:href="#tok_1156" value="AJ0"/><!-- Quantcast.... -->
<feat xlink:href="#tok_1157" value="NN2"/><!-- Quantcast.... -->
<feat xlink:href="#tok_1158" value="AV0"/><!-- Quantcast.... -->
<feat xlink:href="#tok_1159" value="CJS"/><!-- Quantcast.... -->
<feat xlink:href="#tok_1160" value="AT0"/><!-- Quantcast.... -->
<feat xlink:href="#tok_1161" value="NN1"/><!-- Quantcast.... -->
<feat xlink:href="#tok_1162" value="AV0"/><!-- Quantcast.... -->
<feat xlink:href="#tok_1163" value="AJ0"/><!-- Quantcast.... -->
<feat xlink:href="#tok_1164" value="NN1"/><!-- Quantcast.... -->
<feat xlink:href="#tok_1165" value="PRP"/><!-- Quantcast.... -->
<feat xlink:href="#tok_1166" value="AT0"/><!-- Quantcast.... -->
<feat xlink:href="#tok_1167" value="NP0"/><!-- Quantcast.... -->
<feat xlink:href="#tok_1168" value="PUN"/><!-- Quantcast.... -->
<feat xlink:href="#tok_1169" value="PUL"/><!-- (.... -->
<feat xlink:href="#tok_1170" value="NP0"/><!-- http://www.quantcast.com/wikihow.com -->
<feat xlink:href="#tok_1171" value="PUR"/><!-- http://www.quantcast.com/wikihow.com -->
<feat xlink:href="#tok_1172" value="PUN"/><!-- http://www.quantcast.com/wikihow.com -->
<feat xlink:href="#tok_1173" value="AV0"/><!-- wikiHow.... -->
<feat xlink:href="#tok_1174" value="VVN"/><!-- wikiHow.... -->
<feat xlink:href="#tok_1175" value="DT0"/><!-- wikiHow.... -->
<feat xlink:href="#tok_1176" value="NN1"/><!-- wikiHow.... -->
<feat xlink:href="#tok_1177" value="PRP"/><!-- wikiHow.... -->
<feat xlink:href="#tok_1178" value="AT0"/><!-- wikiHow.... -->
<feat xlink:href="#tok_1179" value="DT0"/><!-- wikiHow.... -->
<feat xlink:href="#tok_1180" value="NN2"/><!-- wikiHow.... -->
<feat xlink:href="#tok_1181" value="PUN"/><!-- wikiHow.... -->
<feat xlink:href="#tok_1182" value="ORD"/><!-- First.... -->
<feat xlink:href="#tok_1183" value="PUN"/><!-- First.... -->
<feat xlink:href="#tok_1184" value="NN0"/><!-- First.... -->
<feat xlink:href="#tok_1185" value="PRP"/><!-- First.... -->
<feat xlink:href="#tok_1186" value="AT0"/><!-- First.... -->
<feat xlink:href="#tok_1187" value="NN1"/><!-- First.... -->
<feat xlink:href="#tok_1188" value="VBB"/><!-- First.... -->
<feat xlink:href="#tok_1189" value="AJ0"/><!-- First.... -->
<feat xlink:href="#tok_1190" value="PRP"/><!-- First.... -->
<feat xlink:href="#tok_1191" value="AJ0"/><!-- First.... -->
<feat xlink:href="#tok_1192" value="NN1"/><!-- First.... -->
<feat xlink:href="#tok_1193" value="NN1"/><!-- First.... -->
<feat xlink:href="#tok_1194" value="NN1"/><!-- First.... -->
<feat xlink:href="#tok_1195" value="PUN"/><!-- First.... -->
<feat xlink:href="#tok_1196" value="NN0"/><!-- People.... -->
<feat xlink:href="#tok_1197" value="VVB"/><!-- People.... -->
<feat xlink:href="#tok_1198" value="TO0"/><!-- People.... -->
<feat xlink:href="#tok_1199" value="VVI"/><!-- People.... -->
<feat xlink:href="#tok_1200" value="DT0"/><!-- People.... -->
<feat xlink:href="#tok_1201" value="AJ0"/><!-- People.... -->
<feat xlink:href="#tok_1202" value="NN2"/><!-- People.... -->
<feat xlink:href="#tok_1203" value="PUN"/><!-- People.... -->
<feat xlink:href="#tok_1204" value="CJC"/><!-- People.... -->
<feat xlink:href="#tok_1205" value="PRP"/><!-- People.... -->
<feat xlink:href="#tok_1206" value="AT0"/><!-- People.... -->
<feat xlink:href="#tok_1207" value="DT0"/><!-- People.... -->
<feat xlink:href="#tok_1208" value="NN1"/><!-- People.... -->
<feat xlink:href="#tok_1209" value="AT0"/><!-- People.... -->
<feat xlink:href="#tok_1210" value="NN1"/><!-- People.... -->
<feat xlink:href="#tok_1211" value="VDZ"/><!-- People.... -->
<feat xlink:href="#tok_1212" value="XX0"/><!-- People.... -->
<feat xlink:href="#tok_1213" value="VVI"/><!-- People.... -->
<feat xlink:href="#tok_1214" value="DT0"/><!-- People.... -->
<feat xlink:href="#tok_1215" value="NN1"/><!-- People.... -->
<feat xlink:href="#tok_1216" value="NN1"/><!-- People.... -->
<feat xlink:href="#tok_1217" value="AV0"/><!-- People.... -->
<feat xlink:href="#tok_1218" value="PUN"/><!-- People.... -->
<feat xlink:href="#tok_1219" value="ORD"/><!-- Second.... -->
<feat xlink:href="#tok_1220" value="PUN"/><!-- Second.... -->
<feat xlink:href="#tok_1221" value="PNP"/><!-- Second.... -->
<feat xlink:href="#tok_1222" value="VVD"/><!-- Second.... -->
<feat xlink:href="#tok_1223" value="CRD"/><!-- Second.... -->
<feat xlink:href="#tok_1224" value="PRF"/><!-- Second.... -->
<feat xlink:href="#tok_1225" value="NN2"/><!-- Second.... -->
<feat xlink:href="#tok_1226" value="PRP"/><!-- Second.... -->
<feat xlink:href="#tok_1227" value="AT0"/><!-- Second.... -->
<feat xlink:href="#tok_1228" value="AJ0"/><!-- Second.... -->
<feat xlink:href="#tok_1229" value="NN1"/><!-- Second.... -->
<feat xlink:href="#tok_1230" value="PRF"/><!-- Second.... -->
<feat xlink:href="#tok_1231" value="AJ0"/><!-- Second.... -->
<feat xlink:href="#tok_1232" value="NN1"/><!-- Second.... -->
<feat xlink:href="#tok_1233" value="PUN"/><!-- Second.... -->
<feat xlink:href="#tok_1234" value="PNP"/><!-- Second.... -->
<feat xlink:href="#tok_1235" value="VHD"/><!-- Second.... -->
<feat xlink:href="#tok_1236" value="DT0"/><!-- Second.... -->
<feat xlink:href="#tok_1237" value="NN2"/><!-- Second.... -->
<feat xlink:href="#tok_1238" value="PRF"/><!-- Second.... -->
<feat xlink:href="#tok_1239" value="AJ0"/><!-- Second.... -->
<feat xlink:href="#tok_1240" value="NN1"/><!-- Second.... -->
<feat xlink:href="#tok_1241" value="PUN"/><!-- Second.... -->
<feat xlink:href="#tok_1242" value="CJC"/><!-- Second.... -->
<feat xlink:href="#tok_1243" value="NN2"/><!-- Second.... -->
<feat xlink:href="#tok_1244" value="VVD"/><!-- Second.... -->
<feat xlink:href="#tok_1245" value="TO0"/><!-- Second.... -->
<feat xlink:href="#tok_1246" value="VVI"/><!-- Second.... -->
<feat xlink:href="#tok_1247" value="DT0"/><!-- Second.... -->
<feat xlink:href="#tok_1248" value="NN2"/><!-- Second.... -->
<feat xlink:href="#tok_1249" value="PUN"/><!-- Second.... -->
<feat xlink:href="#tok_1250" value="DTQ"/><!-- Second.... -->
<feat xlink:href="#tok_1251" value="PRP"/><!-- Second.... -->
<feat xlink:href="#tok_1252" value="NN1"/><!-- Second.... -->
<feat xlink:href="#tok_1253" value="VVD"/><!-- Second.... -->
<feat xlink:href="#tok_1254" value="DT0"/><!-- Second.... -->
<feat xlink:href="#tok_1255" value="NN2"/><!-- Second.... -->
<feat xlink:href="#tok_1256" value="PUN"/><!-- Second.... -->
<feat xlink:href="#tok_1257" value="PNP"/><!-- We.... -->
<feat xlink:href="#tok_1258" value="VVB"/><!-- We.... -->
<feat xlink:href="#tok_1259" value="TO0"/><!-- We.... -->
<feat xlink:href="#tok_1260" value="VVI"/><!-- We.... -->
<feat xlink:href="#tok_1261" value="PRP"/><!-- We.... -->
<feat xlink:href="#tok_1262" value="DT0"/><!-- We.... -->
<feat xlink:href="#tok_1263" value="DT0"/><!-- We.... -->
<feat xlink:href="#tok_1264" value="AJ0"/><!-- We.... -->
<feat xlink:href="#tok_1265" value="NN1"/><!-- We.... -->
<feat xlink:href="#tok_1266" value="PUN"/><!-- We.... -->
<feat xlink:href="#tok_1267" value="DT0"/><!-- We.... -->
<feat xlink:href="#tok_1268" value="NN2"/><!-- We.... -->
<feat xlink:href="#tok_1269" value="PUN"/><!-- We.... -->
<feat xlink:href="#tok_1270" value="VVZ"/><!-- We.... -->
<feat xlink:href="#tok_1271" value="DT0"/><!-- We.... -->
<feat xlink:href="#tok_1272" value="NN2"/><!-- We.... -->
<feat xlink:href="#tok_1273" value="PUN"/><!-- We.... -->
<feat xlink:href="#tok_1274" value="DTQ"/><!-- We.... -->
<feat xlink:href="#tok_1275" value="VVZ"/><!-- We.... -->
<feat xlink:href="#tok_1276" value="AJC"/><!-- We.... -->
<feat xlink:href="#tok_1277" value="NN2"/><!-- We.... -->
<feat xlink:href="#tok_1278" value="PUN"/><!-- We.... -->
<feat xlink:href="#tok_1279" value="VVG"/><!-- We.... -->
<feat xlink:href="#tok_1280" value="AV0"/><!-- We.... -->
<feat xlink:href="#tok_1281" value="PRP"/><!-- We.... -->
<feat xlink:href="#tok_1282" value="DT0"/><!-- We.... -->
<feat xlink:href="#tok_1283" value="NN2"/><!-- We.... -->
<feat xlink:href="#tok_1284" value="PUN"/><!-- We.... -->
<feat xlink:href="#tok_1285" value="PNP"/><!-- It.... -->
<feat xlink:href="#tok_1286" value="VBZ"/><!-- It.... -->
<feat xlink:href="#tok_1287" value="AT0"/><!-- It.... -->
<feat xlink:href="#tok_1288" value="DT0"/><!-- It.... -->
<feat xlink:href="#tok_1289" value="AJ0"/><!-- It.... -->
<feat xlink:href="#tok_1290" value="NN1"/><!-- It.... -->
<feat xlink:href="#tok_1291" value="CJT"/><!-- It.... -->
<feat xlink:href="#tok_1292" value="NP0"/><!-- It.... -->
<feat xlink:href="#tok_1293" value="VHZ"/><!-- It.... -->
<feat xlink:href="#tok_1294" value="VVN"/><!-- It.... -->
<feat xlink:href="#tok_1295" value="PUN"/><!-- It.... -->
</featList>
</paula>
