<?xml version="1.0" encoding="UTF-8" standalone="no"?>
<!DOCTYPE paula SYSTEM "paula_struct.dtd">

<paula version="1.0">
 <header paula_id="GUM.GUM_interview_herrick.annoSet" />
 <structList xmlns:xlink="http://www.w3.org/1999/xlink" type="annoSet">
  <struct id="anno_1">
   <rel id="rel_1" xlink:href="GUM.GUM_interview_herrick.text.xml" />
   <rel id="rel_2" xlink:href="GUM.GUM_interview_herrick.tok.xml" />
   <rel id="rel_3" xlink:href="tei.GUM.GUM_interview_herrick.headSeg_head.xml" />
   <rel id="rel_4" xlink:href="tei.GUM.GUM_interview_herrick.headSeg.xml" />
   <rel id="rel_5" xlink:href="tei.GUM.GUM_interview_herrick.sSeg_s.xml" />
   <rel id="rel_6" xlink:href="tei.GUM.GUM_interview_herrick.sSeg.xml" />
   <rel id="rel_7" xlink:href="GUM.GUM_interview_herrick.tok_pos.xml" />
   <rel id="rel_8" xlink:href="GUM.GUM_interview_herrick.tok_lemma.xml" />
   <rel id="rel_9" xlink:href="tei.GUM.GUM_interview_herrick.dateSeg_date.xml" />
   <rel id="rel_10" xlink:href="tei.GUM.GUM_interview_herrick.dateSeg.xml" />
   <rel id="rel_11" xlink:href="tei.GUM.GUM_interview_herrick.dateSeg_date_when.xml" />
   <rel id="rel_12" xlink:href="tei.GUM.GUM_interview_herrick.dateSeg_date_rend.xml" />
   <rel id="rel_13" xlink:href="tei.GUM.GUM_interview_herrick.figureSeg_figure.xml" />
   <rel id="rel_14" xlink:href="tei.GUM.GUM_interview_herrick.figureSeg.xml" />
   <rel id="rel_15" xlink:href="tei.GUM.GUM_interview_herrick.captionSeg_caption.xml" />
   <rel id="rel_16" xlink:href="tei.GUM.GUM_interview_herrick.captionSeg.xml" />
   <rel id="rel_17" xlink:href="tei.GUM.GUM_interview_herrick.sp_whoSeg_sp_who.xml" />
   <rel id="rel_18" xlink:href="tei.GUM.GUM_interview_herrick.sp_whoSeg.xml" />
   <rel id="rel_19" xlink:href="tei.GUM.GUM_interview_herrick.pSeg_p.xml" />
   <rel id="rel_20" xlink:href="tei.GUM.GUM_interview_herrick.pSeg.xml" />
   <rel id="rel_21" xlink:href="tei.GUM.GUM_interview_herrick.hi_rendSeg_hi_rend.xml" />
   <rel id="rel_22" xlink:href="tei.GUM.GUM_interview_herrick.hi_rendSeg.xml" />
   <rel id="rel_23" xlink:href="tei.GUM.GUM_interview_herrick.refSeg_ref.xml" />
   <rel id="rel_24" xlink:href="tei.GUM.GUM_interview_herrick.refSeg.xml" />
   <rel id="rel_25" xlink:href="tei.GUM.GUM_interview_herrick.listSeg_list.xml" />
   <rel id="rel_26" xlink:href="tei.GUM.GUM_interview_herrick.listSeg.xml" />
   <rel id="rel_27" xlink:href="tei.GUM.GUM_interview_herrick.listSeg_list_type.xml" />
   <rel id="rel_28" xlink:href="tei.GUM.GUM_interview_herrick.itemSeg_item.xml" />
   <rel id="rel_29" xlink:href="tei.GUM.GUM_interview_herrick.itemSeg.xml" />
   <rel id="rel_30" xlink:href="tei.GUM.GUM_interview_herrick.refSeg_ref_target.xml" />
   <rel id="rel_31" xlink:href="dep.GUM.GUM_interview_herrick.dep.xml" />
   <rel id="rel_32" xlink:href="dep.GUM.GUM_interview_herrick.dep_func.xml" />
   <rel id="rel_33" xlink:href="GUM.GUM_interview_herrick.tok_claws5.xml" />
   <rel id="rel_34" xlink:href="const.GUM.GUM_interview_herrick.catConst_cat.xml" />
   <rel id="rel_35" xlink:href="const.GUM.GUM_interview_herrick.catConst.xml" />
   <rel id="rel_36" xlink:href="const.GUM.GUM_interview_herrick.catConst_func.xml" />
  </struct>
 </structList>
</paula>