<?xml version="1.0" encoding="UTF-8" standalone="no"?>
<!DOCTYPE paula SYSTEM "paula_mark.dtd">
<paula version="1.0">

<header paula_id="ref.GUM.GUM_interview_herrick_referentSeg"/>

<markList xmlns:xlink="http://www.w3.org/1999/xlink" type="referentSeg" xml:base="GUM.GUM_interview_herrick.tok.xml">
	<mark id="referent_1" xlink:href="#xpointer(id('tok_1')/range-to(id('tok_2')))"/>
	<mark id="referent_2" xlink:href="#tok_8"/>
	<mark id="referent_3" xlink:href="#tok_23"/>
	<mark id="referent_4" xlink:href="#xpointer(id('tok_9')/range-to(id('tok_14')))"/>
	<mark id="referent_5" xlink:href="#xpointer(id('tok_33')/range-to(id('tok_41')))"/>
	<mark id="referent_6" xlink:href="#tok_44"/>
	<mark id="referent_7" xlink:href="#xpointer(id('tok_55')/range-to(id('tok_56')))"/>
	<mark id="referent_8" xlink:href="#tok_63"/>
	<mark id="referent_9" xlink:href="#xpointer(id('tok_65')/range-to(id('tok_67')))"/>
	<mark id="referent_10" xlink:href="#xpointer(id('tok_65')/range-to(id('tok_68')))"/>
	<mark id="referent_11" xlink:href="#xpointer(id('tok_70')/range-to(id('tok_71')))"/>
	<mark id="referent_12" xlink:href="#xpointer(id('tok_74')/range-to(id('tok_75')))"/>
	<mark id="referent_13" xlink:href="#tok_77"/>
	<mark id="referent_14" xlink:href="#tok_80"/>
	<mark id="referent_15" xlink:href="#tok_84"/>
	<mark id="referent_16" xlink:href="#tok_88"/>
	<mark id="referent_17" xlink:href="#tok_91"/>
	<mark id="referent_18" xlink:href="#tok_93"/>
	<mark id="referent_19" xlink:href="#tok_99"/>
	<mark id="referent_20" xlink:href="#tok_111"/>
	<mark id="referent_21" xlink:href="#xpointer(id('tok_104')/range-to(id('tok_106')))"/>
	<mark id="referent_22" xlink:href="#xpointer(id('tok_119')/range-to(id('tok_120')))"/>
	<mark id="referent_23" xlink:href="#xpointer(id('tok_111')/range-to(id('tok_112')))"/>
	<mark id="referent_24" xlink:href="#tok_124"/>
	<mark id="referent_25" xlink:href="#xpointer(id('tok_126')/range-to(id('tok_127')))"/>
	<mark id="referent_26" xlink:href="#xpointer(id('tok_132')/range-to(id('tok_133')))"/>
	<mark id="referent_27" xlink:href="#tok_132"/>
	<mark id="referent_28" xlink:href="#tok_136"/>
	<mark id="referent_29" xlink:href="#tok_140"/>
	<mark id="referent_30" xlink:href="#tok_4"/>
	<mark id="referent_31" xlink:href="#xpointer(id('tok_4')/range-to(id('tok_5')))"/>
	<mark id="referent_32" xlink:href="#tok_47"/>
	<mark id="referent_33" xlink:href="#xpointer(id('tok_47')/range-to(id('tok_49')))"/>
	<mark id="referent_34" xlink:href="#tok_60"/>
	<mark id="referent_35" xlink:href="#xpointer(id('tok_60')/range-to(id('tok_61')))"/>
	<mark id="referent_36" xlink:href="#tok_145"/>
	<mark id="referent_37" xlink:href="#xpointer(id('tok_152')/range-to(id('tok_160')))"/>
	<mark id="referent_38" xlink:href="#xpointer(id('tok_162')/range-to(id('tok_165')))"/>
	<mark id="referent_39" xlink:href="#xpointer(id('tok_169')/range-to(id('tok_177')))"/>
	<mark id="referent_40" xlink:href="#tok_179"/>
	<mark id="referent_41" xlink:href="#tok_184"/>
	<mark id="referent_42" xlink:href="#xpointer(id('tok_184')/range-to(id('tok_185')))"/>
	<mark id="referent_43" xlink:href="#tok_162"/>
	<mark id="referent_44" xlink:href="#tok_189"/>
	<mark id="referent_45" xlink:href="#tok_198"/>
	<mark id="referent_46" xlink:href="#xpointer(id('tok_193')/range-to(id('tok_194')))"/>
	<mark id="referent_47" xlink:href="#xpointer(id('tok_196')/range-to(id('tok_203')))"/>
	<mark id="referent_48" xlink:href="#tok_204"/>
	<mark id="referent_49" xlink:href="#tok_217"/>
	<mark id="referent_50" xlink:href="#tok_223"/>
	<mark id="referent_51" xlink:href="#tok_240"/>
	<mark id="referent_52" xlink:href="#xpointer(id('tok_247')/range-to(id('tok_248')))"/>
	<mark id="referent_53" xlink:href="#tok_262"/>
	<mark id="referent_54" xlink:href="#tok_274"/>
	<mark id="referent_55" xlink:href="#xpointer(id('tok_277')/range-to(id('tok_282')))"/>
	<mark id="referent_56" xlink:href="#tok_292"/>
	<mark id="referent_57" xlink:href="#tok_272"/>
	<mark id="referent_58" xlink:href="#tok_300"/>
	<mark id="referent_59" xlink:href="#tok_318"/>
	<mark id="referent_60" xlink:href="#tok_320"/>
	<mark id="referent_61" xlink:href="#xpointer(id('tok_327')/range-to(id('tok_328')))"/>
	<mark id="referent_62" xlink:href="#tok_330"/>
	<mark id="referent_63" xlink:href="#xpointer(id('tok_330')/range-to(id('tok_331')))"/>
	<mark id="referent_64" xlink:href="#tok_345"/>
	<mark id="referent_65" xlink:href="#tok_350"/>
	<mark id="referent_66" xlink:href="#tok_355"/>
	<mark id="referent_67" xlink:href="#xpointer(id('tok_360')/range-to(id('tok_362')))"/>
	<mark id="referent_68" xlink:href="#xpointer(id('tok_374')/range-to(id('tok_375')))"/>
	<mark id="referent_69" xlink:href="#tok_381"/>
	<mark id="referent_70" xlink:href="#xpointer(id('tok_388')/range-to(id('tok_389')))"/>
	<mark id="referent_71" xlink:href="#xpointer(id('tok_394')/range-to(id('tok_395')))"/>
	<mark id="referent_72" xlink:href="#tok_397"/>
	<mark id="referent_73" xlink:href="#xpointer(id('tok_401')/range-to(id('tok_403')))"/>
	<mark id="referent_74" xlink:href="#xpointer(id('tok_405')/range-to(id('tok_413')))"/>
	<mark id="referent_75" xlink:href="#xpointer(id('tok_397')/range-to(id('tok_413')))"/>
	<mark id="referent_76" xlink:href="#tok_415"/>
	<mark id="referent_77" xlink:href="#tok_432"/>
	<mark id="referent_78" xlink:href="#xpointer(id('tok_437')/range-to(id('tok_438')))"/>
	<mark id="referent_79" xlink:href="#xpointer(id('tok_434')/range-to(id('tok_435')))"/>
	<mark id="referent_80" xlink:href="#tok_443"/>
	<mark id="referent_81" xlink:href="#tok_445"/>
	<mark id="referent_82" xlink:href="#xpointer(id('tok_424')/range-to(id('tok_426')))"/>
	<mark id="referent_83" xlink:href="#xpointer(id('tok_428')/range-to(id('tok_430')))"/>
	<mark id="referent_84" xlink:href="#xpointer(id('tok_445')/range-to(id('tok_447')))"/>
	<mark id="referent_85" xlink:href="#xpointer(id('tok_449')/range-to(id('tok_450')))"/>
	<mark id="referent_86" xlink:href="#xpointer(id('tok_459')/range-to(id('tok_460')))"/>
	<mark id="referent_87" xlink:href="#xpointer(id('tok_417')/range-to(id('tok_418')))"/>
	<mark id="referent_88" xlink:href="#tok_420"/>
	<mark id="referent_89" xlink:href="#xpointer(id('tok_385')/range-to(id('tok_386')))"/>
	<mark id="referent_90" xlink:href="#tok_462"/>
	<mark id="referent_91" xlink:href="#xpointer(id('tok_465')/range-to(id('tok_467')))"/>
	<mark id="referent_92" xlink:href="#xpointer(id('tok_469')/range-to(id('tok_470')))"/>
	<mark id="referent_93" xlink:href="#tok_479"/>
	<mark id="referent_94" xlink:href="#xpointer(id('tok_482')/range-to(id('tok_483')))"/>
	<mark id="referent_95" xlink:href="#tok_482"/>
	<mark id="referent_96" xlink:href="#tok_485"/>
	<mark id="referent_97" xlink:href="#xpointer(id('tok_487')/range-to(id('tok_493')))"/>
	<mark id="referent_98" xlink:href="#tok_498"/>
	<mark id="referent_99" xlink:href="#xpointer(id('tok_498')/range-to(id('tok_499')))"/>
	<mark id="referent_100" xlink:href="#tok_449"/>
	<mark id="referent_101" xlink:href="#xpointer(id('tok_498')/range-to(id('tok_500')))"/>
	<mark id="referent_102" xlink:href="#tok_504"/>
	<mark id="referent_103" xlink:href="#tok_506"/>
	<mark id="referent_104" xlink:href="#xpointer(id('tok_511')/range-to(id('tok_512')))"/>
	<mark id="referent_105" xlink:href="#tok_514"/>
	<mark id="referent_106" xlink:href="#xpointer(id('tok_516')/range-to(id('tok_523')))"/>
	<mark id="referent_107" xlink:href="#xpointer(id('tok_525')/range-to(id('tok_527')))"/>
	<mark id="referent_108" xlink:href="#tok_531"/>
	<mark id="referent_109" xlink:href="#tok_535"/>
	<mark id="referent_110" xlink:href="#tok_537"/>
	<mark id="referent_111" xlink:href="#xpointer(id('tok_540')/range-to(id('tok_545')))"/>
	<mark id="referent_112" xlink:href="#xpointer(id('tok_561')/range-to(id('tok_572')))"/>
	<mark id="referent_113" xlink:href="#xpointer(id('tok_568')/range-to(id('tok_569')))"/>
	<mark id="referent_114" xlink:href="#xpointer(id('tok_587')/range-to(id('tok_588')))"/>
	<mark id="referent_115" xlink:href="#tok_590"/>
	<mark id="referent_116" xlink:href="#tok_611"/>
	<mark id="referent_117" xlink:href="#xpointer(id('tok_613')/range-to(id('tok_614')))"/>
	<mark id="referent_118" xlink:href="#tok_625"/>
	<mark id="referent_119" xlink:href="#xpointer(id('tok_632')/range-to(id('tok_634')))"/>
	<mark id="referent_120" xlink:href="#xpointer(id('tok_594')/range-to(id('tok_597')))"/>
	<mark id="referent_121" xlink:href="#tok_637"/>
	<mark id="referent_122" xlink:href="#tok_640"/>
	<mark id="referent_123" xlink:href="#tok_642"/>
	<mark id="referent_124" xlink:href="#xpointer(id('tok_642')/range-to(id('tok_644')))"/>
	<mark id="referent_125" xlink:href="#xpointer(id('tok_647')/range-to(id('tok_648')))"/>
	<mark id="referent_126" xlink:href="#xpointer(id('tok_650')/range-to(id('tok_651')))"/>
	<mark id="referent_127" xlink:href="#tok_652"/>
	<mark id="referent_128" xlink:href="#tok_657"/>
	<mark id="referent_129" xlink:href="#tok_659"/>
	<mark id="referent_130" xlink:href="#tok_675"/>
	<mark id="referent_131" xlink:href="#xpointer(id('tok_677')/range-to(id('tok_678')))"/>
	<mark id="referent_132" xlink:href="#xpointer(id('tok_681')/range-to(id('tok_682')))"/>
	<mark id="referent_133" xlink:href="#tok_685"/>
	<mark id="referent_134" xlink:href="#tok_687"/>
	<mark id="referent_135" xlink:href="#xpointer(id('tok_689')/range-to(id('tok_690')))"/>
	<mark id="referent_136" xlink:href="#xpointer(id('tok_697')/range-to(id('tok_699')))"/>
	<mark id="referent_137" xlink:href="#tok_703"/>
	<mark id="referent_138" xlink:href="#xpointer(id('tok_722')/range-to(id('tok_728')))"/>
	<mark id="referent_139" xlink:href="#xpointer(id('tok_736')/range-to(id('tok_739')))"/>
	<mark id="referent_140" xlink:href="#xpointer(id('tok_745')/range-to(id('tok_758')))"/>
	<mark id="referent_141" xlink:href="#xpointer(id('tok_763')/range-to(id('tok_776')))"/>
	<mark id="referent_142" xlink:href="#tok_778"/>
	<mark id="referent_143" xlink:href="#xpointer(id('tok_784')/range-to(id('tok_787')))"/>
	<mark id="referent_144" xlink:href="#tok_790"/>
	<mark id="referent_145" xlink:href="#xpointer(id('tok_792')/range-to(id('tok_797')))"/>
	<mark id="referent_146" xlink:href="#tok_808"/>
	<mark id="referent_147" xlink:href="#xpointer(id('tok_811')/range-to(id('tok_813')))"/>
	<mark id="referent_148" xlink:href="#xpointer(id('tok_817')/range-to(id('tok_818')))"/>
	<mark id="referent_149" xlink:href="#tok_819"/>
	<mark id="referent_150" xlink:href="#tok_823"/>
	<mark id="referent_151" xlink:href="#tok_825"/>
	<mark id="referent_152" xlink:href="#tok_827"/>
	<mark id="referent_153" xlink:href="#xpointer(id('tok_830')/range-to(id('tok_832')))"/>
	<mark id="referent_154" xlink:href="#xpointer(id('tok_838')/range-to(id('tok_844')))"/>
	<mark id="referent_155" xlink:href="#tok_847"/>
	<mark id="referent_156" xlink:href="#tok_851"/>
	<mark id="referent_157" xlink:href="#tok_811"/>
	<mark id="referent_158" xlink:href="#xpointer(id('tok_854')/range-to(id('tok_855')))"/>
	<mark id="referent_159" xlink:href="#tok_858"/>
	<mark id="referent_160" xlink:href="#tok_862"/>
	<mark id="referent_161" xlink:href="#xpointer(id('tok_866')/range-to(id('tok_869')))"/>
	<mark id="referent_162" xlink:href="#tok_871"/>
	<mark id="referent_163" xlink:href="#xpointer(id('tok_873')/range-to(id('tok_876')))"/>
	<mark id="referent_164" xlink:href="#tok_879"/>
	<mark id="referent_165" xlink:href="#xpointer(id('tok_879')/range-to(id('tok_880')))"/>
	<mark id="referent_166" xlink:href="#xpointer(id('tok_881')/range-to(id('tok_884')))"/>
	<mark id="referent_167" xlink:href="#tok_900"/>
	<mark id="referent_168" xlink:href="#xpointer(id('tok_905')/range-to(id('tok_909')))"/>
	<mark id="referent_169" xlink:href="#tok_913"/>
	<mark id="referent_170" xlink:href="#xpointer(id('tok_913')/range-to(id('tok_914')))"/>
	<mark id="referent_171" xlink:href="#xpointer(id('tok_916')/range-to(id('tok_917')))"/>
	<mark id="referent_172" xlink:href="#tok_916"/>
	<mark id="referent_173" xlink:href="#tok_925"/>
	<mark id="referent_174" xlink:href="#xpointer(id('tok_928')/range-to(id('tok_930')))"/>
	<mark id="referent_175" xlink:href="#xpointer(id('tok_932')/range-to(id('tok_934')))"/>
	<mark id="referent_176" xlink:href="#xpointer(id('tok_937')/range-to(id('tok_938')))"/>
	<mark id="referent_177" xlink:href="#tok_941"/>
	<mark id="referent_178" xlink:href="#tok_945"/>
	<mark id="referent_179" xlink:href="#xpointer(id('tok_947')/range-to(id('tok_950')))"/>
	<mark id="referent_180" xlink:href="#xpointer(id('tok_952')/range-to(id('tok_956')))"/>
	<mark id="referent_181" xlink:href="#xpointer(id('tok_959')/range-to(id('tok_960')))"/>
	<mark id="referent_182" xlink:href="#tok_959"/>
	<mark id="referent_183" xlink:href="#xpointer(id('tok_962')/range-to(id('tok_965')))"/>
	<mark id="referent_184" xlink:href="#xpointer(id('tok_967')/range-to(id('tok_970')))"/>
	<mark id="referent_185" xlink:href="#tok_973"/>
	<mark id="referent_186" xlink:href="#xpointer(id('tok_975')/range-to(id('tok_976')))"/>
	<mark id="referent_187" xlink:href="#xpointer(id('tok_981')/range-to(id('tok_985')))"/>
	<mark id="referent_188" xlink:href="#xpointer(id('tok_987')/range-to(id('tok_989')))"/>
	<mark id="referent_189" xlink:href="#tok_987"/>
	<mark id="referent_190" xlink:href="#tok_991"/>
	<mark id="referent_191" xlink:href="#xpointer(id('tok_995')/range-to(id('tok_998')))"/>
	<mark id="referent_192" xlink:href="#xpointer(id('tok_1001')/range-to(id('tok_1006')))"/>
	<mark id="referent_193" xlink:href="#xpointer(id('tok_1017')/range-to(id('tok_1018')))"/>
	<mark id="referent_194" xlink:href="#tok_1021"/>
	<mark id="referent_195" xlink:href="#xpointer(id('tok_1023')/range-to(id('tok_1024')))"/>
	<mark id="referent_196" xlink:href="#tok_1028"/>
	<mark id="referent_197" xlink:href="#xpointer(id('tok_1035')/range-to(id('tok_1037')))"/>
	<mark id="referent_198" xlink:href="#xpointer(id('tok_1028')/range-to(id('tok_1029')))"/>
	<mark id="referent_199" xlink:href="#tok_1043"/>
	<mark id="referent_200" xlink:href="#tok_1005"/>
	<mark id="referent_201" xlink:href="#tok_1046"/>
	<mark id="referent_202" xlink:href="#xpointer(id('tok_1053')/range-to(id('tok_1057')))"/>
	<mark id="referent_203" xlink:href="#xpointer(id('tok_1059')/range-to(id('tok_1063')))"/>
	<mark id="referent_204" xlink:href="#tok_1069"/>
	<mark id="referent_205" xlink:href="#xpointer(id('tok_1071')/range-to(id('tok_1075')))"/>
	<mark id="referent_206" xlink:href="#tok_1080"/>
	<mark id="referent_207" xlink:href="#tok_1059"/>
	<mark id="referent_208" xlink:href="#tok_1082"/>
	<mark id="referent_209" xlink:href="#xpointer(id('tok_1087')/range-to(id('tok_1090')))"/>
	<mark id="referent_210" xlink:href="#tok_1093"/>
	<mark id="referent_211" xlink:href="#tok_1098"/>
	<mark id="referent_212" xlink:href="#xpointer(id('tok_1101')/range-to(id('tok_1110')))"/>
	<mark id="referent_213" xlink:href="#tok_1112"/>
	<mark id="referent_214" xlink:href="#xpointer(id('tok_1115')/range-to(id('tok_1119')))"/>
	<mark id="referent_215" xlink:href="#tok_1123"/>
	<mark id="referent_216" xlink:href="#xpointer(id('tok_1125')/range-to(id('tok_1126')))"/>
	<mark id="referent_217" xlink:href="#xpointer(id('tok_1128')/range-to(id('tok_1129')))"/>
	<mark id="referent_218" xlink:href="#tok_1130"/>
	<mark id="referent_219" xlink:href="#tok_1132"/>
	<mark id="referent_220" xlink:href="#xpointer(id('tok_1135')/range-to(id('tok_1136')))"/>
	<mark id="referent_221" xlink:href="#tok_1138"/>
	<mark id="referent_222" xlink:href="#xpointer(id('tok_1140')/range-to(id('tok_1144')))"/>
	<mark id="referent_223" xlink:href="#xpointer(id('tok_1147')/range-to(id('tok_1148')))"/>
	<mark id="referent_224" xlink:href="#tok_1156"/>
	<mark id="referent_225" xlink:href="#tok_1158"/>
	<mark id="referent_226" xlink:href="#xpointer(id('tok_1161')/range-to(id('tok_1164')))"/>
	<mark id="referent_227" xlink:href="#xpointer(id('tok_1166')/range-to(id('tok_1167')))"/>
	<mark id="referent_228" xlink:href="#tok_1173"/>
	<mark id="referent_229" xlink:href="#xpointer(id('tok_1175')/range-to(id('tok_1176')))"/>
	<mark id="referent_230" xlink:href="#xpointer(id('tok_1178')/range-to(id('tok_1180')))"/>
	<mark id="referent_231" xlink:href="#xpointer(id('tok_1182')/range-to(id('tok_1194')))"/>
	<mark id="referent_232" xlink:href="#xpointer(id('tok_1200')/range-to(id('tok_1202')))"/>
	<mark id="referent_233" xlink:href="#xpointer(id('tok_1209')/range-to(id('tok_1210')))"/>
	<mark id="referent_234" xlink:href="#xpointer(id('tok_1214')/range-to(id('tok_1216')))"/>
	<mark id="referent_235" xlink:href="#xpointer(id('tok_1191')/range-to(id('tok_1194')))"/>
	<mark id="referent_236" xlink:href="#xpointer(id('tok_1219')/range-to(id('tok_1255')))"/>
	<mark id="referent_237" xlink:href="#tok_1221"/>
	<mark id="referent_238" xlink:href="#xpointer(id('tok_1223')/range-to(id('tok_1225')))"/>
	<mark id="referent_239" xlink:href="#tok_1234"/>
	<mark id="referent_240" xlink:href="#xpointer(id('tok_1236')/range-to(id('tok_1237')))"/>
	<mark id="referent_241" xlink:href="#xpointer(id('tok_1247')/range-to(id('tok_1248')))"/>
	<mark id="referent_242" xlink:href="#xpointer(id('tok_1254')/range-to(id('tok_1255')))"/>
	<mark id="referent_243" xlink:href="#tok_1257"/>
	<mark id="referent_244" xlink:href="#xpointer(id('tok_1262')/range-to(id('tok_1265')))"/>
	<mark id="referent_245" xlink:href="#xpointer(id('tok_1227')/range-to(id('tok_1232')))"/>
	<mark id="referent_246" xlink:href="#xpointer(id('tok_1267')/range-to(id('tok_1268')))"/>
	<mark id="referent_247" xlink:href="#xpointer(id('tok_1271')/range-to(id('tok_1272')))"/>
	<mark id="referent_248" xlink:href="#tok_1243"/>
	<mark id="referent_249" xlink:href="#xpointer(id('tok_1276')/range-to(id('tok_1277')))"/>
	<mark id="referent_250" xlink:href="#xpointer(id('tok_1282')/range-to(id('tok_1283')))"/>
	<mark id="referent_251" xlink:href="#tok_1285"/>
	<mark id="referent_252" xlink:href="#xpointer(id('tok_1287')/range-to(id('tok_1290')))"/>
	<mark id="referent_253" xlink:href="#tok_1292"/>
	<mark id="referent_254" xlink:href="#tok_15"/>
	<mark id="referent_255" xlink:href="#xpointer(id('tok_1')/range-to(id('tok_8')))"/>
	<mark id="referent_256" xlink:href="#xpointer(id('tok_217')/range-to(id('tok_235')))"/>
	<mark id="referent_257" xlink:href="#tok_251"/>
	<mark id="referent_258" xlink:href="#xpointer(id('tok_305')/range-to(id('tok_306')))"/>
	<mark id="referent_259" xlink:href="#tok_578"/>
	<mark id="referent_260" xlink:href="#tok_570"/>
	<mark id="referent_261" xlink:href="#tok_584"/>
	<mark id="referent_262" xlink:href="#xpointer(id('tok_556')/range-to(id('tok_557')))"/>
	<mark id="referent_263" xlink:href="#tok_541"/>
	<mark id="referent_264" xlink:href="#xpointer(id('tok_617')/range-to(id('tok_619')))"/>
	<mark id="referent_265" xlink:href="#xpointer(id('tok_689')/range-to(id('tok_695')))"/>
	<mark id="referent_266" xlink:href="#xpointer(id('tok_705')/range-to(id('tok_713')))"/>
	<mark id="referent_267" xlink:href="#xpointer(id('tok_752')/range-to(id('tok_753')))"/>
	<mark id="referent_268" xlink:href="#tok_769"/>
	<mark id="referent_269" xlink:href="#xpointer(id('tok_912')/range-to(id('tok_939')))"/>
	<mark id="referent_270" xlink:href="#tok_893"/>
	<mark id="referent_271" xlink:href="#tok_902"/>
	<mark id="referent_272" xlink:href="#tok_890"/>
	<mark id="referent_273" xlink:href="#tok_1010"/>
	<mark id="referent_274" xlink:href="#tok_21"/>
	<mark id="referent_275" xlink:href="#tok_18"/>
	<mark id="referent_276" xlink:href="#xpointer(id('tok_207')/range-to(id('tok_210')))"/>
	<mark id="referent_277" xlink:href="#xpointer(id('tok_212')/range-to(id('tok_215')))"/>
	<mark id="referent_278" xlink:href="#xpointer(id('tok_889')/range-to(id('tok_939')))"/>
	<mark id="referent_279" xlink:href="#xpointer(id('tok_593')/range-to(id('tok_597')))"/>
	<mark id="referent_280" xlink:href="#xpointer(id('tok_294')/range-to(id('tok_297')))"/>
	<mark id="referent_281" xlink:href="#xpointer(id('tok_226')/range-to(id('tok_228')))"/>
	<mark id="referent_282" xlink:href="#xpointer(id('tok_213')/range-to(id('tok_215')))"/>
	<mark id="referent_283" xlink:href="#tok_162"/>
</markList>
</paula>
