<?xml version="1.0" encoding="UTF-8" standalone="no"?>

<!DOCTYPE paula SYSTEM "paula_feat.dtd">
<paula version="1.0">

<header paula_id="ref.GUM.GUM_interview_herrick.referentSeg_entity"/>

<featList xmlns:xlink="http://www.w3.org/1999/xlink" type="entity" xml:base="ref.GUM.GUM_interview_herrick.referentSeg.xml">
	<feat xlink:href="#referent_1" value="person"/>
	<feat xlink:href="#referent_2" value="organization"/>
	<feat xlink:href="#referent_3" value="organization"/>
	<feat xlink:href="#referent_4" value="time"/>
	<feat xlink:href="#referent_5" value="object"/>
	<feat xlink:href="#referent_6" value="organization"/>
	<feat xlink:href="#referent_7" value="organization"/>
	<feat xlink:href="#referent_8" value="organization"/>
	<feat xlink:href="#referent_9" value="organization"/>
	<feat xlink:href="#referent_10" value="person"/>
	<feat xlink:href="#referent_11" value="person"/>
	<feat xlink:href="#referent_12" value="event"/>
	<feat xlink:href="#referent_13" value="person"/>
	<feat xlink:href="#referent_14" value="organization"/>
	<feat xlink:href="#referent_15" value="person"/>
	<feat xlink:href="#referent_16" value="organization"/>
	<feat xlink:href="#referent_17" value="person"/>
	<feat xlink:href="#referent_18" value="organization"/>
	<feat xlink:href="#referent_19" value="person"/>
	<feat xlink:href="#referent_20" value="person"/>
	<feat xlink:href="#referent_21" value="abstract"/>
	<feat xlink:href="#referent_22" value="event"/>
	<feat xlink:href="#referent_23" value="organization"/>
	<feat xlink:href="#referent_24" value="event"/>
	<feat xlink:href="#referent_25" value="person"/>
	<feat xlink:href="#referent_26" value="organization"/>
	<feat xlink:href="#referent_27" value="person"/>
	<feat xlink:href="#referent_28" value="person"/>
	<feat xlink:href="#referent_29" value="organization"/>
	<feat xlink:href="#referent_30" value="organization"/>
	<feat xlink:href="#referent_31" value="person"/>
	<feat xlink:href="#referent_32" value="organization"/>
	<feat xlink:href="#referent_33" value="abstract"/>
	<feat xlink:href="#referent_34" value="organization"/>
	<feat xlink:href="#referent_35" value="event"/>
	<feat xlink:href="#referent_36" value="organization"/>
	<feat xlink:href="#referent_37" value="object"/>
	<feat xlink:href="#referent_38" value="event"/>
	<feat xlink:href="#referent_39" value="abstract"/>
	<feat xlink:href="#referent_40" value="organization"/>
	<feat xlink:href="#referent_41" value="organization"/>
	<feat xlink:href="#referent_42" value="event"/>
	<feat xlink:href="#referent_43" value="organization"/>
	<feat xlink:href="#referent_44" value="organization"/>
	<feat xlink:href="#referent_45" value="place"/>
	<feat xlink:href="#referent_46" value="abstract"/>
	<feat xlink:href="#referent_47" value="abstract"/>
	<feat xlink:href="#referent_48" value="organization"/>
	<feat xlink:href="#referent_49" value="person"/>
	<feat xlink:href="#referent_50" value="person"/>
	<feat xlink:href="#referent_51" value="organization"/>
	<feat xlink:href="#referent_52" value="event"/>
	<feat xlink:href="#referent_53" value="organization"/>
	<feat xlink:href="#referent_54" value="organization"/>
	<feat xlink:href="#referent_55" value="person"/>
	<feat xlink:href="#referent_56" value="organization"/>
	<feat xlink:href="#referent_57" value="organization"/>
	<feat xlink:href="#referent_58" value="organization"/>
	<feat xlink:href="#referent_59" value="organization"/>
	<feat xlink:href="#referent_60" value="place"/>
	<feat xlink:href="#referent_61" value="object"/>
	<feat xlink:href="#referent_62" value="organization"/>
	<feat xlink:href="#referent_63" value="organization"/>
	<feat xlink:href="#referent_64" value="organization"/>
	<feat xlink:href="#referent_65" value="organization"/>
	<feat xlink:href="#referent_66" value="organization"/>
	<feat xlink:href="#referent_67" value="place"/>
	<feat xlink:href="#referent_68" value="abstract"/>
	<feat xlink:href="#referent_69" value="place"/>
	<feat xlink:href="#referent_70" value="person"/>
	<feat xlink:href="#referent_71" value="person"/>
	<feat xlink:href="#referent_72" value="organization"/>
	<feat xlink:href="#referent_73" value="organization"/>
	<feat xlink:href="#referent_74" value="organization"/>
	<feat xlink:href="#referent_75" value="abstract"/>
	<feat xlink:href="#referent_76" value="abstract"/>
	<feat xlink:href="#referent_77" value="organization"/>
	<feat xlink:href="#referent_78" value="person"/>
	<feat xlink:href="#referent_79" value="abstract"/>
	<feat xlink:href="#referent_80" value="object"/>
	<feat xlink:href="#referent_81" value="organization"/>
	<feat xlink:href="#referent_82" value="abstract"/>
	<feat xlink:href="#referent_83" value="organization"/>
	<feat xlink:href="#referent_84" value="object"/>
	<feat xlink:href="#referent_85" value="event"/>
	<feat xlink:href="#referent_86" value="quantity"/>
	<feat xlink:href="#referent_87" value="abstract"/>
	<feat xlink:href="#referent_88" value="abstract"/>
	<feat xlink:href="#referent_89" value="abstract"/>
	<feat xlink:href="#referent_90" value="organization"/>
	<feat xlink:href="#referent_91" value="organization"/>
	<feat xlink:href="#referent_92" value="organization"/>
	<feat xlink:href="#referent_93" value="organization"/>
	<feat xlink:href="#referent_94" value="object"/>
	<feat xlink:href="#referent_95" value="organization"/>
	<feat xlink:href="#referent_96" value="abstract"/>
	<feat xlink:href="#referent_97" value="abstract"/>
	<feat xlink:href="#referent_98" value="organization"/>
	<feat xlink:href="#referent_99" value="organization"/>
	<feat xlink:href="#referent_100" value="organization"/>
	<feat xlink:href="#referent_101" value="abstract"/>
	<feat xlink:href="#referent_102" value="abstract"/>
	<feat xlink:href="#referent_103" value="abstract"/>
	<feat xlink:href="#referent_104" value="person"/>
	<feat xlink:href="#referent_105" value="place"/>
	<feat xlink:href="#referent_106" value="place"/>
	<feat xlink:href="#referent_107" value="place"/>
	<feat xlink:href="#referent_108" value="person"/>
	<feat xlink:href="#referent_109" value="place"/>
	<feat xlink:href="#referent_110" value="person"/>
	<feat xlink:href="#referent_111" value="abstract"/>
	<feat xlink:href="#referent_112" value="abstract"/>
	<feat xlink:href="#referent_113" value="abstract"/>
	<feat xlink:href="#referent_114" value="abstract"/>
	<feat xlink:href="#referent_115" value="person"/>
	<feat xlink:href="#referent_116" value="place"/>
	<feat xlink:href="#referent_117" value="abstract"/>
	<feat xlink:href="#referent_118" value="person"/>
	<feat xlink:href="#referent_119" value="abstract"/>
	<feat xlink:href="#referent_120" value="object"/>
	<feat xlink:href="#referent_121" value="person"/>
	<feat xlink:href="#referent_122" value="place"/>
	<feat xlink:href="#referent_123" value="person"/>
	<feat xlink:href="#referent_124" value="event"/>
	<feat xlink:href="#referent_125" value="abstract"/>
	<feat xlink:href="#referent_126" value="place"/>
	<feat xlink:href="#referent_127" value="person"/>
	<feat xlink:href="#referent_128" value="place"/>
	<feat xlink:href="#referent_129" value="place"/>
	<feat xlink:href="#referent_130" value="place"/>
	<feat xlink:href="#referent_131" value="abstract"/>
	<feat xlink:href="#referent_132" value="abstract"/>
	<feat xlink:href="#referent_133" value="person"/>
	<feat xlink:href="#referent_134" value="place"/>
	<feat xlink:href="#referent_135" value="abstract"/>
	<feat xlink:href="#referent_136" value="abstract"/>
	<feat xlink:href="#referent_137" value="abstract"/>
	<feat xlink:href="#referent_138" value="abstract"/>
	<feat xlink:href="#referent_139" value="abstract"/>
	<feat xlink:href="#referent_140" value="abstract"/>
	<feat xlink:href="#referent_141" value="abstract"/>
	<feat xlink:href="#referent_142" value="person"/>
	<feat xlink:href="#referent_143" value="abstract"/>
	<feat xlink:href="#referent_144" value="person"/>
	<feat xlink:href="#referent_145" value="object"/>
	<feat xlink:href="#referent_146" value="person"/>
	<feat xlink:href="#referent_147" value="abstract"/>
	<feat xlink:href="#referent_148" value="abstract"/>
	<feat xlink:href="#referent_149" value="person"/>
	<feat xlink:href="#referent_150" value="person"/>
	<feat xlink:href="#referent_151" value="organization"/>
	<feat xlink:href="#referent_152" value="person"/>
	<feat xlink:href="#referent_153" value="abstract"/>
	<feat xlink:href="#referent_154" value="abstract"/>
	<feat xlink:href="#referent_155" value="person"/>
	<feat xlink:href="#referent_156" value="place"/>
	<feat xlink:href="#referent_157" value="place"/>
	<feat xlink:href="#referent_158" value="abstract"/>
	<feat xlink:href="#referent_159" value="place"/>
	<feat xlink:href="#referent_160" value="organization"/>
	<feat xlink:href="#referent_161" value="abstract"/>
	<feat xlink:href="#referent_162" value="organization"/>
	<feat xlink:href="#referent_163" value="abstract"/>
	<feat xlink:href="#referent_164" value="person"/>
	<feat xlink:href="#referent_165" value="organization"/>
	<feat xlink:href="#referent_166" value="abstract"/>
	<feat xlink:href="#referent_167" value="abstract"/>
	<feat xlink:href="#referent_168" value="abstract"/>
	<feat xlink:href="#referent_169" value="organization"/>
	<feat xlink:href="#referent_170" value="person"/>
	<feat xlink:href="#referent_171" value="place"/>
	<feat xlink:href="#referent_172" value="organization"/>
	<feat xlink:href="#referent_173" value="person"/>
	<feat xlink:href="#referent_174" value="abstract"/>
	<feat xlink:href="#referent_175" value="abstract"/>
	<feat xlink:href="#referent_176" value="abstract"/>
	<feat xlink:href="#referent_177" value="abstract"/>
	<feat xlink:href="#referent_178" value="organization"/>
	<feat xlink:href="#referent_179" value="abstract"/>
	<feat xlink:href="#referent_180" value="abstract"/>
	<feat xlink:href="#referent_181" value="abstract"/>
	<feat xlink:href="#referent_182" value="organization"/>
	<feat xlink:href="#referent_183" value="abstract"/>
	<feat xlink:href="#referent_184" value="abstract"/>
	<feat xlink:href="#referent_185" value="organization"/>
	<feat xlink:href="#referent_186" value="organization"/>
	<feat xlink:href="#referent_187" value="abstract"/>
	<feat xlink:href="#referent_188" value="organization"/>
	<feat xlink:href="#referent_189" value="organization"/>
	<feat xlink:href="#referent_190" value="person"/>
	<feat xlink:href="#referent_191" value="abstract"/>
	<feat xlink:href="#referent_192" value="abstract"/>
	<feat xlink:href="#referent_193" value="person"/>
	<feat xlink:href="#referent_194" value="abstract"/>
	<feat xlink:href="#referent_195" value="abstract"/>
	<feat xlink:href="#referent_196" value="person"/>
	<feat xlink:href="#referent_197" value="abstract"/>
	<feat xlink:href="#referent_198" value="time"/>
	<feat xlink:href="#referent_199" value="organization"/>
	<feat xlink:href="#referent_200" value="organization"/>
	<feat xlink:href="#referent_201" value="person"/>
	<feat xlink:href="#referent_202" value="abstract"/>
	<feat xlink:href="#referent_203" value="object"/>
	<feat xlink:href="#referent_204" value="organization"/>
	<feat xlink:href="#referent_205" value="abstract"/>
	<feat xlink:href="#referent_206" value="person"/>
	<feat xlink:href="#referent_207" value="person"/>
	<feat xlink:href="#referent_208" value="organization"/>
	<feat xlink:href="#referent_209" value="abstract"/>
	<feat xlink:href="#referent_210" value="abstract"/>
	<feat xlink:href="#referent_211" value="abstract"/>
	<feat xlink:href="#referent_212" value="abstract"/>
	<feat xlink:href="#referent_213" value="place"/>
	<feat xlink:href="#referent_214" value="person"/>
	<feat xlink:href="#referent_215" value="person"/>
	<feat xlink:href="#referent_216" value="abstract"/>
	<feat xlink:href="#referent_217" value="quantity"/>
	<feat xlink:href="#referent_218" value="abstract"/>
	<feat xlink:href="#referent_219" value="time"/>
	<feat xlink:href="#referent_220" value="time"/>
	<feat xlink:href="#referent_221" value="abstract"/>
	<feat xlink:href="#referent_222" value="person"/>
	<feat xlink:href="#referent_223" value="abstract"/>
	<feat xlink:href="#referent_224" value="abstract"/>
	<feat xlink:href="#referent_225" value="abstract"/>
	<feat xlink:href="#referent_226" value="abstract"/>
	<feat xlink:href="#referent_227" value="place"/>
	<feat xlink:href="#referent_228" value="abstract"/>
	<feat xlink:href="#referent_229" value="abstract"/>
	<feat xlink:href="#referent_230" value="abstract"/>
	<feat xlink:href="#referent_231" value="abstract"/>
	<feat xlink:href="#referent_232" value="abstract"/>
	<feat xlink:href="#referent_233" value="abstract"/>
	<feat xlink:href="#referent_234" value="abstract"/>
	<feat xlink:href="#referent_235" value="abstract"/>
	<feat xlink:href="#referent_236" value="abstract"/>
	<feat xlink:href="#referent_237" value="person"/>
	<feat xlink:href="#referent_238" value="person"/>
	<feat xlink:href="#referent_239" value="person"/>
	<feat xlink:href="#referent_240" value="abstract"/>
	<feat xlink:href="#referent_241" value="abstract"/>
	<feat xlink:href="#referent_242" value="person"/>
	<feat xlink:href="#referent_243" value="person"/>
	<feat xlink:href="#referent_244" value="abstract"/>
	<feat xlink:href="#referent_245" value="abstract"/>
	<feat xlink:href="#referent_246" value="person"/>
	<feat xlink:href="#referent_247" value="person"/>
	<feat xlink:href="#referent_248" value="person"/>
	<feat xlink:href="#referent_249" value="abstract"/>
	<feat xlink:href="#referent_250" value="person"/>
	<feat xlink:href="#referent_251" value="abstract"/>
	<feat xlink:href="#referent_252" value="abstract"/>
	<feat xlink:href="#referent_253" value="organization"/>
	<feat xlink:href="#referent_254" value="person"/>
	<feat xlink:href="#referent_255" value="event"/>
	<feat xlink:href="#referent_256" value="event"/>
	<feat xlink:href="#referent_257" value="time"/>
	<feat xlink:href="#referent_258" value="event"/>
	<feat xlink:href="#referent_259" value="person"/>
	<feat xlink:href="#referent_260" value="person"/>
	<feat xlink:href="#referent_261" value="person"/>
	<feat xlink:href="#referent_262" value="person"/>
	<feat xlink:href="#referent_263" value="person"/>
	<feat xlink:href="#referent_264" value="person"/>
	<feat xlink:href="#referent_265" value="abstract"/>
	<feat xlink:href="#referent_266" value="abstract"/>
	<feat xlink:href="#referent_267" value="abstract"/>
	<feat xlink:href="#referent_268" value="abstract"/>
	<feat xlink:href="#referent_269" value="abstract"/>
	<feat xlink:href="#referent_270" value="person"/>
	<feat xlink:href="#referent_271" value="person"/>
	<feat xlink:href="#referent_272" value="person"/>
	<feat xlink:href="#referent_273" value="person"/>
	<feat xlink:href="#referent_274" value="person"/>
	<feat xlink:href="#referent_275" value="time"/>
	<feat xlink:href="#referent_276" value="abstract"/>
	<feat xlink:href="#referent_277" value="abstract"/>
	<feat xlink:href="#referent_278" value="abstract"/>
	<feat xlink:href="#referent_279" value="abstract"/>
	<feat xlink:href="#referent_280" value="abstract"/>
	<feat xlink:href="#referent_281" value="abstract"/>
	<feat xlink:href="#referent_282" value="abstract"/>
	<feat xlink:href="#referent_283" value="person"/>
</featList>
</paula>
