<?xml version="1.0" ?>
<!DOCTYPE paula SYSTEM "paula_feat.dtd">
<paula version="1.1">
<header paula_id="rst.GUM_interview_herrick.struct_kind">
</header>
<featList xmlns:xlink="http://www.w3.org/1999/xlink" type="kind" xml:base="rst.GUM_interview_herrick.struct.xml">
<feat xlink:href="#id1" value="segment">
</feat>
<feat xlink:href="#id2" value="segment">
</feat>
<feat xlink:href="#id3" value="segment">
</feat>
<feat xlink:href="#id78" value="segment">
</feat>
<feat xlink:href="#id4" value="segment">
</feat>
<feat xlink:href="#id73" value="segment">
</feat>
<feat xlink:href="#id90" value="segment">
</feat>
<feat xlink:href="#id74" value="segment">
</feat>
<feat xlink:href="#id5" value="segment">
</feat>
<feat xlink:href="#id6" value="segment">
</feat>
<feat xlink:href="#id76" value="segment">
</feat>
<feat xlink:href="#id7" value="segment">
</feat>
<feat xlink:href="#id8" value="segment">
</feat>
<feat xlink:href="#id9" value="segment">
</feat>
<feat xlink:href="#id10" value="segment">
</feat>
<feat xlink:href="#id11" value="segment">
</feat>
<feat xlink:href="#id77" value="segment">
</feat>
<feat xlink:href="#id12" value="segment">
</feat>
<feat xlink:href="#id13" value="segment">
</feat>
<feat xlink:href="#id14" value="segment">
</feat>
<feat xlink:href="#id15" value="segment">
</feat>
<feat xlink:href="#id16" value="segment">
</feat>
<feat xlink:href="#id17" value="segment">
</feat>
<feat xlink:href="#id18" value="segment">
</feat>
<feat xlink:href="#id19" value="segment">
</feat>
<feat xlink:href="#id20" value="segment">
</feat>
<feat xlink:href="#id21" value="segment">
</feat>
<feat xlink:href="#id22" value="segment">
</feat>
<feat xlink:href="#id23" value="segment">
</feat>
<feat xlink:href="#id24" value="segment">
</feat>
<feat xlink:href="#id25" value="segment">
</feat>
<feat xlink:href="#id26" value="segment">
</feat>
<feat xlink:href="#id79" value="segment">
</feat>
<feat xlink:href="#id27" value="segment">
</feat>
<feat xlink:href="#id28" value="segment">
</feat>
<feat xlink:href="#id29" value="segment">
</feat>
<feat xlink:href="#id30" value="segment">
</feat>
<feat xlink:href="#id31" value="segment">
</feat>
<feat xlink:href="#id32" value="segment">
</feat>
<feat xlink:href="#id33" value="segment">
</feat>
<feat xlink:href="#id34" value="segment">
</feat>
<feat xlink:href="#id35" value="segment">
</feat>
<feat xlink:href="#id75" value="segment">
</feat>
<feat xlink:href="#id36" value="segment">
</feat>
<feat xlink:href="#id72" value="segment">
</feat>
<feat xlink:href="#id37" value="segment">
</feat>
<feat xlink:href="#id38" value="segment">
</feat>
<feat xlink:href="#id39" value="segment">
</feat>
<feat xlink:href="#id40" value="segment">
</feat>
<feat xlink:href="#id41" value="segment">
</feat>
<feat xlink:href="#id127" value="segment">
</feat>
<feat xlink:href="#id42" value="segment">
</feat>
<feat xlink:href="#id43" value="segment">
</feat>
<feat xlink:href="#id44" value="segment">
</feat>
<feat xlink:href="#id80" value="segment">
</feat>
<feat xlink:href="#id45" value="segment">
</feat>
<feat xlink:href="#id81" value="segment">
</feat>
<feat xlink:href="#id46" value="segment">
</feat>
<feat xlink:href="#id47" value="segment">
</feat>
<feat xlink:href="#id135" value="segment">
</feat>
<feat xlink:href="#id48" value="segment">
</feat>
<feat xlink:href="#id49" value="segment">
</feat>
<feat xlink:href="#id50" value="segment">
</feat>
<feat xlink:href="#id156" value="segment">
</feat>
<feat xlink:href="#id51" value="segment">
</feat>
<feat xlink:href="#id52" value="segment">
</feat>
<feat xlink:href="#id82" value="segment">
</feat>
<feat xlink:href="#id53" value="segment">
</feat>
<feat xlink:href="#id54" value="segment">
</feat>
<feat xlink:href="#id55" value="segment">
</feat>
<feat xlink:href="#id56" value="segment">
</feat>
<feat xlink:href="#id57" value="segment">
</feat>
<feat xlink:href="#id58" value="segment">
</feat>
<feat xlink:href="#id59" value="segment">
</feat>
<feat xlink:href="#id60" value="segment">
</feat>
<feat xlink:href="#id61" value="segment">
</feat>
<feat xlink:href="#id62" value="segment">
</feat>
<feat xlink:href="#id63" value="segment">
</feat>
<feat xlink:href="#id157" value="segment">
</feat>
<feat xlink:href="#id64" value="segment">
</feat>
<feat xlink:href="#id65" value="segment">
</feat>
<feat xlink:href="#id66" value="segment">
</feat>
<feat xlink:href="#id67" value="segment">
</feat>
<feat xlink:href="#id68" value="segment">
</feat>
<feat xlink:href="#id69" value="segment">
</feat>
<feat xlink:href="#id83" value="segment">
</feat>
<feat xlink:href="#id84" value="segment">
</feat>
<feat xlink:href="#id85" value="segment">
</feat>
<feat xlink:href="#id70" value="segment">
</feat>
<feat xlink:href="#id86" value="segment">
</feat>
<feat xlink:href="#id87" value="segment">
</feat>
<feat xlink:href="#id88" value="segment">
</feat>
<feat xlink:href="#id89" value="segment">
</feat>
<feat xlink:href="#id71" value="segment">
</feat>
<feat xlink:href="#id95" value="group">
</feat>
<feat xlink:href="#id97" value="group">
</feat>
<feat xlink:href="#id98" value="group">
</feat>
<feat xlink:href="#id99" value="group">
</feat>
<feat xlink:href="#id100" value="group">
</feat>
<feat xlink:href="#id101" value="group">
</feat>
<feat xlink:href="#id92" value="group">
</feat>
<feat xlink:href="#id96" value="group">
</feat>
<feat xlink:href="#id91" value="group">
</feat>
<feat xlink:href="#id93" value="group">
</feat>
<feat xlink:href="#id102" value="group">
</feat>
<feat xlink:href="#id103" value="group">
</feat>
<feat xlink:href="#id104" value="group">
</feat>
<feat xlink:href="#id94" value="group">
</feat>
<feat xlink:href="#id105" value="group">
</feat>
<feat xlink:href="#id106" value="group">
</feat>
<feat xlink:href="#id107" value="group">
</feat>
<feat xlink:href="#id108" value="group">
</feat>
<feat xlink:href="#id109" value="group">
</feat>
<feat xlink:href="#id110" value="group">
</feat>
<feat xlink:href="#id111" value="group">
</feat>
<feat xlink:href="#id112" value="group">
</feat>
<feat xlink:href="#id113" value="group">
</feat>
<feat xlink:href="#id114" value="group">
</feat>
<feat xlink:href="#id115" value="group">
</feat>
<feat xlink:href="#id116" value="group">
</feat>
<feat xlink:href="#id117" value="group">
</feat>
<feat xlink:href="#id118" value="group">
</feat>
<feat xlink:href="#id119" value="group">
</feat>
<feat xlink:href="#id120" value="group">
</feat>
<feat xlink:href="#id121" value="group">
</feat>
<feat xlink:href="#id122" value="group">
</feat>
<feat xlink:href="#id123" value="group">
</feat>
<feat xlink:href="#id124" value="group">
</feat>
<feat xlink:href="#id125" value="group">
</feat>
<feat xlink:href="#id126" value="group">
</feat>
<feat xlink:href="#id128" value="group">
</feat>
<feat xlink:href="#id129" value="group">
</feat>
<feat xlink:href="#id130" value="group">
</feat>
<feat xlink:href="#id131" value="group">
</feat>
<feat xlink:href="#id132" value="group">
</feat>
<feat xlink:href="#id133" value="group">
</feat>
<feat xlink:href="#id134" value="group">
</feat>
<feat xlink:href="#id136" value="group">
</feat>
<feat xlink:href="#id137" value="group">
</feat>
<feat xlink:href="#id139" value="group">
</feat>
<feat xlink:href="#id138" value="group">
</feat>
<feat xlink:href="#id140" value="group">
</feat>
<feat xlink:href="#id141" value="group">
</feat>
<feat xlink:href="#id142" value="group">
</feat>
<feat xlink:href="#id143" value="group">
</feat>
<feat xlink:href="#id144" value="group">
</feat>
<feat xlink:href="#id145" value="group">
</feat>
<feat xlink:href="#id146" value="group">
</feat>
<feat xlink:href="#id148" value="group">
</feat>
<feat xlink:href="#id147" value="group">
</feat>
<feat xlink:href="#id149" value="group">
</feat>
<feat xlink:href="#id150" value="group">
</feat>
<feat xlink:href="#id151" value="group">
</feat>
<feat xlink:href="#id152" value="group">
</feat>
<feat xlink:href="#id153" value="group">
</feat>
<feat xlink:href="#id154" value="group">
</feat>
<feat xlink:href="#id155" value="group">
</feat>
<feat xlink:href="#id158" value="group">
</feat>
<feat xlink:href="#id159" value="group">
</feat>
<feat xlink:href="#id160" value="group">
</feat>
<feat xlink:href="#id161" value="group">
</feat>
<feat xlink:href="#id162" value="group">
</feat>
<feat xlink:href="#id163" value="group">
</feat>
</featList>
</paula>
