<?xml version="1.0" ?>
<!DOCTYPE paula SYSTEM "paula_feat.dtd">
<paula version="1.1">
<header paula_id="rst.GUM_interview_herrick.struct_relname">
</header>
<featList xmlns:xlink="http://www.w3.org/1999/xlink" type="relname" xml:base="rst.GUM_interview_herrick.struct.xml">
<feat xlink:href="#sDomRel1297" value="circumstance">
</feat>
<feat xlink:href="#sDomRel1299" value="elaboration">
</feat>
<feat xlink:href="#sDomRel1301" value="elaboration">
</feat>
<feat xlink:href="#sDomRel1302" value="purpose">
</feat>
<feat xlink:href="#sDomRel1400" value="elaboration">
</feat>
<feat xlink:href="#sDomRel1305" value="elaboration">
</feat>
<feat xlink:href="#sDomRel1308" value="preparation">
</feat>
<feat xlink:href="#sDomRel1392" value="elaboration">
</feat>
<feat xlink:href="#sDomRel1401" value="elaboration">
</feat>
<feat xlink:href="#sDomRel1390" value="elaboration">
</feat>
<feat xlink:href="#sDomRel1402" value="elaboration">
</feat>
<feat xlink:href="#sDomRel1311" value="concession">
</feat>
<feat xlink:href="#sDomRel1313" value="evidence">
</feat>
<feat xlink:href="#sDomRel1391" value="concession">
</feat>
<feat xlink:href="#sDomRel1393" value="evidence">
</feat>
<feat xlink:href="#sDomRel1318" value="elaboration">
</feat>
<feat xlink:href="#sDomRel1319" value="background">
</feat>
<feat xlink:href="#sDomRel1406" value="elaboration">
</feat>
<feat xlink:href="#sDomRel1408" value="elaboration">
</feat>
<feat xlink:href="#sDomRel1323" value="evidence">
</feat>
<feat xlink:href="#sDomRel1413" value="evaluation">
</feat>
<feat xlink:href="#sDomRel1409" value="justify">
</feat>
<feat xlink:href="#sDomRel1411" value="justify">
</feat>
<feat xlink:href="#sDomRel1412" value="justify">
</feat>
<feat xlink:href="#sDomRel1328" value="antithesis">
</feat>
<feat xlink:href="#sDomRel1330" value="elaboration">
</feat>
<feat xlink:href="#sDomRel1332" value="elaboration">
</feat>
<feat xlink:href="#sDomRel1414" value="justify">
</feat>
<feat xlink:href="#sDomRel1336" value="preparation">
</feat>
<feat xlink:href="#sDomRel1339" value="justify">
</feat>
<feat xlink:href="#sDomRel1436" value="elaboration">
</feat>
<feat xlink:href="#sDomRel1343" value="elaboration">
</feat>
<feat xlink:href="#sDomRel1434" value="elaboration">
</feat>
<feat xlink:href="#sDomRel1433" value="elaboration">
</feat>
<feat xlink:href="#sDomRel1345" value="circumstance">
</feat>
<feat xlink:href="#sDomRel1426" value="evaluation">
</feat>
<feat xlink:href="#sDomRel1430" value="elaboration">
</feat>
<feat xlink:href="#sDomRel1352" value="justify">
</feat>
<feat xlink:href="#sDomRel1354" value="circumstance">
</feat>
<feat xlink:href="#sDomRel1356" value="result">
</feat>
<feat xlink:href="#sDomRel1359" value="elaboration">
</feat>
<feat xlink:href="#sDomRel1448" value="evaluation">
</feat>
<feat xlink:href="#sDomRel1440" value="justify">
</feat>
<feat xlink:href="#sDomRel1361" value="condition">
</feat>
<feat xlink:href="#sDomRel1363" value="justify">
</feat>
<feat xlink:href="#sDomRel1365" value="evaluation">
</feat>
<feat xlink:href="#sDomRel1366" value="evaluation">
</feat>
<feat xlink:href="#sDomRel1443" value="cause">
</feat>
<feat xlink:href="#sDomRel1445" value="elaboration">
</feat>
<feat xlink:href="#sDomRel1370" value="justify">
</feat>
<feat xlink:href="#sDomRel1371" value="background">
</feat>
<feat xlink:href="#sDomRel1374" value="evidence">
</feat>
<feat xlink:href="#sDomRel1451" value="elaboration">
</feat>
<feat xlink:href="#sDomRel1376" value="evidence">
</feat>
<feat xlink:href="#sDomRel1379" value="justify">
</feat>
<feat xlink:href="#sDomRel1455" value="elaboration">
</feat>
<feat xlink:href="#sDomRel1381" value="concession">
</feat>
<feat xlink:href="#sDomRel1454" value="cause">
</feat>
<feat xlink:href="#sDomRel1385" value="cause">
</feat>
<feat xlink:href="#sDomRel1422" value="cause">
</feat>
<feat xlink:href="#sDomRel1423" value="cause">
</feat>
<feat xlink:href="#sDomRel1312" value="span">
</feat>
<feat xlink:href="#sDomRel1315" value="span">
</feat>
<feat xlink:href="#sDomRel1316" value="span">
</feat>
<feat xlink:href="#sDomRel1317" value="span">
</feat>
<feat xlink:href="#sDomRel1298" value="span">
</feat>
<feat xlink:href="#sDomRel1296" value="span">
</feat>
<feat xlink:href="#sDomRel1307" value="solutionhood">
</feat>
<feat xlink:href="#sDomRel1309" value="span">
</feat>
<feat xlink:href="#sDomRel1306" value="preparation">
</feat>
<feat xlink:href="#sDomRel1394" value="background">
</feat>
<feat xlink:href="#sDomRel1395" value="preparation">
</feat>
<feat xlink:href="#sDomRel1396" value="joint">
</feat>
<feat xlink:href="#sDomRel1399" value="background">
</feat>
<feat xlink:href="#sDomRel1416" value="joint">
</feat>
<feat xlink:href="#sDomRel1417" value="joint">
</feat>
<feat xlink:href="#sDomRel1449" value="joint">
</feat>
<feat xlink:href="#sDomRel1457" value="joint">
</feat>
<feat xlink:href="#sDomRel1303" value="span">
</feat>
<feat xlink:href="#sDomRel1398" value="background">
</feat>
<feat xlink:href="#sDomRel1300" value="span">
</feat>
<feat xlink:href="#sDomRel1397" value="span">
</feat>
<feat xlink:href="#sDomRel1304" value="span">
</feat>
<feat xlink:href="#sDomRel1310" value="span">
</feat>
<feat xlink:href="#sDomRel1314" value="span">
</feat>
<feat xlink:href="#sDomRel1322" value="span">
</feat>
<feat xlink:href="#sDomRel1407" value="result">
</feat>
<feat xlink:href="#sDomRel1320" value="contrast">
</feat>
<feat xlink:href="#sDomRel1405" value="contrast">
</feat>
<feat xlink:href="#sDomRel1321" value="span">
</feat>
<feat xlink:href="#sDomRel1403" value="span">
</feat>
<feat xlink:href="#sDomRel1324" value="span">
</feat>
<feat xlink:href="#sDomRel1325" value="span">
</feat>
<feat xlink:href="#sDomRel1327" value="span">
</feat>
<feat xlink:href="#sDomRel1326" value="span">
</feat>
<feat xlink:href="#sDomRel1333" value="result">
</feat>
<feat xlink:href="#sDomRel1329" value="span">
</feat>
<feat xlink:href="#sDomRel1331" value="span">
</feat>
<feat xlink:href="#sDomRel1410" value="span">
</feat>
<feat xlink:href="#sDomRel1337" value="span">
</feat>
<feat xlink:href="#sDomRel1334" value="solutionhood">
</feat>
<feat xlink:href="#sDomRel1435" value="span">
</feat>
<feat xlink:href="#sDomRel1415" value="span">
</feat>
<feat xlink:href="#sDomRel1404" value="span">
</feat>
<feat xlink:href="#sDomRel1335" value="span">
</feat>
<feat xlink:href="#sDomRel1419" value="evaluation">
</feat>
<feat xlink:href="#sDomRel1420" value="justify">
</feat>
<feat xlink:href="#sDomRel1338" value="span">
</feat>
<feat xlink:href="#sDomRel1340" value="span">
</feat>
<feat xlink:href="#sDomRel1342" value="span">
</feat>
<feat xlink:href="#sDomRel1386" value="span">
</feat>
<feat xlink:href="#sDomRel1387" value="span">
</feat>
<feat xlink:href="#sDomRel1384" value="preparation">
</feat>
<feat xlink:href="#sDomRel1388" value="span">
</feat>
<feat xlink:href="#sDomRel1389" value="evaluation">
</feat>
<feat xlink:href="#sDomRel1347" value="contrast">
</feat>
<feat xlink:href="#sDomRel1353" value="result">
</feat>
<feat xlink:href="#sDomRel1429" value="contrast">
</feat>
<feat xlink:href="#sDomRel1425" value="span">
</feat>
<feat xlink:href="#sDomRel1349" value="contrast">
</feat>
<feat xlink:href="#sDomRel1350" value="contrast">
</feat>
<feat xlink:href="#sDomRel1427" value="span">
</feat>
<feat xlink:href="#sDomRel1431" value="evaluation">
</feat>
<feat xlink:href="#sDomRel1348" value="span">
</feat>
<feat xlink:href="#sDomRel1428" value="span">
</feat>
<feat xlink:href="#sDomRel1351" value="span">
</feat>
<feat xlink:href="#sDomRel1355" value="span">
</feat>
<feat xlink:href="#sDomRel1421" value="antithesis">
</feat>
<feat xlink:href="#sDomRel1346" value="span">
</feat>
<feat xlink:href="#sDomRel1344" value="span">
</feat>
<feat xlink:href="#sDomRel1341" value="joint">
</feat>
<feat xlink:href="#sDomRel1418" value="joint">
</feat>
<feat xlink:href="#sDomRel1432" value="span">
</feat>
<feat xlink:href="#sDomRel1357" value="solutionhood">
</feat>
<feat xlink:href="#sDomRel1358" value="span">
</feat>
<feat xlink:href="#sDomRel1362" value="span">
</feat>
<feat xlink:href="#sDomRel1446" value="result">
</feat>
<feat xlink:href="#sDomRel1360" value="span">
</feat>
<feat xlink:href="#sDomRel1438" value="span">
</feat>
<feat xlink:href="#sDomRel1364" value="span">
</feat>
<feat xlink:href="#sDomRel1441" value="span">
</feat>
<feat xlink:href="#sDomRel1367" value="span">
</feat>
<feat xlink:href="#sDomRel1368" value="span">
</feat>
<feat xlink:href="#sDomRel1369" value="span">
</feat>
<feat xlink:href="#sDomRel1442" value="span">
</feat>
<feat xlink:href="#sDomRel1439" value="span">
</feat>
<feat xlink:href="#sDomRel1444" value="concession">
</feat>
<feat xlink:href="#sDomRel1447" value="span">
</feat>
<feat xlink:href="#sDomRel1437" value="span">
</feat>
<feat xlink:href="#sDomRel1372" value="span">
</feat>
<feat xlink:href="#sDomRel1375" value="span">
</feat>
<feat xlink:href="#sDomRel1377" value="preparation">
</feat>
<feat xlink:href="#sDomRel1378" value="joint">
</feat>
<feat xlink:href="#sDomRel1380" value="joint">
</feat>
<feat xlink:href="#sDomRel1450" value="solutionhood">
</feat>
<feat xlink:href="#sDomRel1453" value="background">
</feat>
<feat xlink:href="#sDomRel1456" value="joint">
</feat>
<feat xlink:href="#sDomRel1373" value="span">
</feat>
<feat xlink:href="#sDomRel1382" value="span">
</feat>
<feat xlink:href="#sDomRel1383" value="span">
</feat>
<feat xlink:href="#sDomRel1424" value="span">
</feat>
<feat xlink:href="#sDomRel1452" value="span">
</feat>
</featList>
</paula>
