<?xml version="1.0" encoding="UTF-8" standalone="no"?>

<!DOCTYPE paula SYSTEM "paula_feat.dtd">
<paula version="1.0">

<header paula_id="tei.GUM.GUM_interview_herrick_hi_rend"/>

<featList xmlns:xlink="http://www.w3.org/1999/xlink" type="hi_rend" xml:base="tei.GUM.GUM_interview_herrick.hi_rendSeg.xml">
<feat xlink:href="#hi_rend_63" value="italics"/><!-- Wikinews -->
<feat xlink:href="#hi_rend_125" value="bold"/><!-- For...? -->
<feat xlink:href="#hi_rend_529" value="italics"/><!-- Why...? -->
<feat xlink:href="#hi_rend_860" value="bold"/><!-- Why...? -->
<feat xlink:href="#hi_rend_1112" value="bold"/><!-- wikiHow...? -->
</featList>
</paula>
