<?xml version="1.0" encoding="UTF-8" standalone="no"?>

<!DOCTYPE paula SYSTEM "paula_feat.dtd">
<paula version="1.0">

<header paula_id="tei.GUM.GUM_interview_herrick_s"/>

<featList xmlns:xlink="http://www.w3.org/1999/xlink" type="s" xml:base="tei.GUM.GUM_interview_herrick.sSeg.xml">
<feat xlink:href="#s_1" value="s"/><!-- Jack...Wikinews -->
<feat xlink:href="#s_9" value="s"/><!-- Saturday...2009 -->
<feat xlink:href="#s_15" value="s"/><!-- Herrick.... -->
<feat xlink:href="#s_23" value="s"/><!-- wikiHow.... -->
<feat xlink:href="#s_73" value="s"/><!-- In.... -->
<feat xlink:href="#s_114" value="s"/><!-- Read.... -->
<feat xlink:href="#s_124" value="s"/><!-- Interview -->
<feat xlink:href="#s_125" value="s"/><!-- For...? -->
<feat xlink:href="#s_143" value="s"/><!-- Sure.... -->
<feat xlink:href="#s_145" value="s"/><!-- wikiHow.... -->
<feat xlink:href="#s_162" value="s"/><!-- Our.... -->
<feat xlink:href="#s_179" value="s"/><!-- We...larger -->
<feat xlink:href="#s_204" value="s"/><!-- We.... -->
<feat xlink:href="#s_217" value="s"/><!-- We.... -->
<feat xlink:href="#s_237" value="s"/><!-- That.... -->
<feat xlink:href="#s_255" value="s"/><!-- However.... -->
<feat xlink:href="#s_274" value="s"/><!-- We.... -->
<feat xlink:href="#s_302" value="s"/><!-- [...] -->
<feat xlink:href="#s_317" value="s"/><!-- Like.... -->
<feat xlink:href="#s_330" value="s"/><!-- Our.... -->
<feat xlink:href="#s_342" value="s"/><!-- That...: -->
<feat xlink:href="#s_355" value="s"/><!-- We.... -->
<feat xlink:href="#s_360" value="s"/><!-- The.... -->
<feat xlink:href="#s_377" value="s"/><!-- As.... -->
<feat xlink:href="#s_397" value="s"/><!-- We.... -->
<feat xlink:href="#s_415" value="s"/><!-- This.... -->
<feat xlink:href="#s_432" value="s"/><!-- We.... -->
<feat xlink:href="#s_445" value="s"/><!-- Our.... -->
<feat xlink:href="#s_472" value="s"/><!-- (.... -->
<feat xlink:href="#s_476" value="s"/><!-- In.... -->
<feat xlink:href="#s_495" value="s"/><!-- (.... -->
<feat xlink:href="#s_508" value="s"/><!-- As.... -->
<feat xlink:href="#s_529" value="s"/><!-- Why...? -->
<feat xlink:href="#s_537" value="s"/><!-- I.... -->
<feat xlink:href="#s_559" value="s"/><!-- Imagine.... -->
<feat xlink:href="#s_574" value="s"/><!-- How.... -->
<feat xlink:href="#s_607" value="s"/><!-- Knowledge.... -->
<feat xlink:href="#s_625" value="s"/><!-- I.... -->
<feat xlink:href="#s_642" value="s"/><!-- My.... -->
<feat xlink:href="#s_659" value="s"/><!-- eHow.... -->
<feat xlink:href="#s_675" value="s"/><!-- eHow.... -->
<feat xlink:href="#s_684" value="s"/><!-- When.... -->
<feat xlink:href="#s_697" value="s"/><!-- This.... -->
<feat xlink:href="#s_720" value="s"/><!-- However.... -->
<feat xlink:href="#s_741" value="s"/><!-- You.... -->
<feat xlink:href="#s_778" value="s"/><!-- I.... -->
<feat xlink:href="#s_806" value="s"/><!-- So.... -->
<feat xlink:href="#s_822" value="s"/><!-- When.... -->
<feat xlink:href="#s_846" value="s"/><!-- So.... -->
<feat xlink:href="#s_860" value="s"/><!-- Why...? -->
<feat xlink:href="#s_871" value="s"/><!-- We.... -->
<feat xlink:href="#s_889" value="s"/><!-- In...&quot; -->
<feat xlink:href="#s_912" value="s"/><!-- If.... -->
<feat xlink:href="#s_941" value="s"/><!-- This.... -->
<feat xlink:href="#s_967" value="s"/><!-- This.... -->
<feat xlink:href="#s_991" value="s"/><!-- I.... -->
<feat xlink:href="#s_1010" value="s"/><!-- My.... -->
<feat xlink:href="#s_1039" value="s"/><!-- That.... -->
<feat xlink:href="#s_1065" value="s"/><!-- As.... -->
<feat xlink:href="#s_1077" value="s"/><!-- In.... -->
<feat xlink:href="#s_1095" value="s"/><!-- At.... -->
<feat xlink:href="#s_1112" value="s"/><!-- wikiHow.... -->
<feat xlink:href="#s_1121" value="s"/><!-- How...? -->
<feat xlink:href="#s_1134" value="s"/><!-- In.... -->
<feat xlink:href="#s_1156" value="s"/><!-- Quantcast.... -->
<feat xlink:href="#s_1169" value="s"/><!-- (.... -->
<feat xlink:href="#s_1173" value="s"/><!-- wikiHow.... -->
<feat xlink:href="#s_1182" value="s"/><!-- First.... -->
<feat xlink:href="#s_1196" value="s"/><!-- People.... -->
<feat xlink:href="#s_1219" value="s"/><!-- Second.... -->
<feat xlink:href="#s_1257" value="s"/><!-- We.... -->
<feat xlink:href="#s_1285" value="s"/><!-- It.... -->
</featList>
</paula>
