<?xml version="1.0" encoding="UTF-8" standalone="no"?>

<!DOCTYPE paula SYSTEM "paula_feat.dtd">
<paula version="1.0">

<header paula_id="tei.GUM.GUM_interview_herrick_ref"/>

<featList xmlns:xlink="http://www.w3.org/1999/xlink" type="ref" xml:base="tei.GUM.GUM_interview_herrick.refSeg.xml">
<feat xlink:href="#ref_23" value="ref"/><!-- wikiHow -->
<feat xlink:href="#ref_63" value="ref"/><!-- Wikinews -->
<feat xlink:href="#ref_70" value="ref"/><!-- Jack...Herrick -->
<feat xlink:href="#ref_473" value="ref"/><!-- http://www.wikihow.com/wikiHow:Contributions-to-Charity -->
<feat xlink:href="#ref_496" value="ref"/><!-- http://www.wikihow.com/wikiHow:Carbon-Neutral -->
<feat xlink:href="#ref_886" value="ref"/><!-- http://www.wikihow.com/wikiHow:Right-to-Fork -->
<feat xlink:href="#ref_1153" value="ref"/><!-- http://www.wikihow.com/wikiHow:Statistics -->
<feat xlink:href="#ref_1170" value="ref"/><!-- http://www.quantcast.com/wikihow.com -->
</featList>
</paula>
