<?xml version="1.0" encoding="UTF-8" standalone="no"?>

<!DOCTYPE paula SYSTEM "paula_feat.dtd">
<paula version="1.0">

<header paula_id="tei.GUM.GUM_interview_herrick_p"/>

<featList xmlns:xlink="http://www.w3.org/1999/xlink" type="p" xml:base="tei.GUM.GUM_interview_herrick.pSeg.xml">
<feat xlink:href="#p_23" value="p"/><!-- wikiHow.... -->
<feat xlink:href="#p_73" value="p"/><!-- In.... -->
<feat xlink:href="#p_125" value="p"/><!-- For...? -->
<feat xlink:href="#p_143" value="p"/><!-- Sure.... -->
<feat xlink:href="#p_317" value="p"/><!-- Like...: -->
<feat xlink:href="#p_529" value="p"/><!-- Why...? -->
<feat xlink:href="#p_537" value="p"/><!-- I.... -->
<feat xlink:href="#p_625" value="p"/><!-- I.... -->
<feat xlink:href="#p_860" value="p"/><!-- Why...? -->
<feat xlink:href="#p_871" value="p"/><!-- We.... -->
<feat xlink:href="#p_1112" value="p"/><!-- wikiHow...? -->
<feat xlink:href="#p_1134" value="p"/><!-- In.... -->
</featList>
</paula>
