<?xml version="1.0" encoding="UTF-8" standalone="no"?>

<!DOCTYPE paula SYSTEM "paula_feat.dtd">
<paula version="1.0">

<header paula_id="tei.GUM.GUM_interview_herrick_sp_who"/>

<featList xmlns:xlink="http://www.w3.org/1999/xlink" type="sp_who" xml:base="tei.GUM.GUM_interview_herrick.sp_whoSeg.xml">
<feat xlink:href="#sp_who_125" value="#Wikinews"/><!-- For...? -->
<feat xlink:href="#sp_who_143" value="#JackHerrick:"/><!-- Sure.... -->
<feat xlink:href="#sp_who_529" value="#Wikinews"/><!-- Why...? -->
<feat xlink:href="#sp_who_537" value="JackHarris"/><!-- I.... -->
<feat xlink:href="#sp_who_860" value="#Wikinews"/><!-- Why...? -->
<feat xlink:href="#sp_who_871" value="#JackHarris"/><!-- We.... -->
<feat xlink:href="#sp_who_1112" value="#Wikinews"/><!-- wikiHow...? -->
<feat xlink:href="#sp_who_1134" value="#JackHarris"/><!-- In.... -->
</featList>
</paula>
