<?xml version="1.0" encoding="UTF-8" standalone="no"?>

<!DOCTYPE paula SYSTEM "paula_mark.dtd">
<paula version="1.0">

<header paula_id="tei.GUM.GUM_interview_herrick_pSeg"/>

<markList xmlns:xlink="http://www.w3.org/1999/xlink" type="pSeg" xml:base="GUM.GUM_interview_herrick.tok.xml">
<mark id="p_23" xlink:href="#xpointer(id('tok_23')/range-to(id('tok_72')))"/><!-- wikiHow.... -->
<mark id="p_73" xlink:href="#xpointer(id('tok_73')/range-to(id('tok_123')))"/><!-- In.... -->
<mark id="p_125" xlink:href="#xpointer(id('tok_125')/range-to(id('tok_142')))"/><!-- For...? -->
<mark id="p_143" xlink:href="#xpointer(id('tok_143')/range-to(id('tok_301')))"/><!-- Sure.... -->
<mark id="p_317" xlink:href="#xpointer(id('tok_317')/range-to(id('tok_354')))"/><!-- Like...: -->
<mark id="p_529" xlink:href="#xpointer(id('tok_529')/range-to(id('tok_536')))"/><!-- Why...? -->
<mark id="p_537" xlink:href="#xpointer(id('tok_537')/range-to(id('tok_624')))"/><!-- I.... -->
<mark id="p_625" xlink:href="#xpointer(id('tok_625')/range-to(id('tok_859')))"/><!-- I.... -->
<mark id="p_860" xlink:href="#xpointer(id('tok_860')/range-to(id('tok_870')))"/><!-- Why...? -->
<mark id="p_871" xlink:href="#xpointer(id('tok_871')/range-to(id('tok_1111')))"/><!-- We.... -->
<mark id="p_1112" xlink:href="#xpointer(id('tok_1112')/range-to(id('tok_1133')))"/><!-- wikiHow...? -->
<mark id="p_1134" xlink:href="#xpointer(id('tok_1134')/range-to(id('tok_1295')))"/><!-- In.... -->
</markList>
</paula>
