<?xml version="1.0" encoding="UTF-8" standalone="no"?>

<!DOCTYPE paula SYSTEM "paula_mark.dtd">
<paula version="1.0">

<header paula_id="tei.GUM.GUM_interview_herrick_refSeg"/>

<markList xmlns:xlink="http://www.w3.org/1999/xlink" type="refSeg" xml:base="GUM.GUM_interview_herrick.tok.xml">
<mark id="ref_23" xlink:href="#tok_23"/><!-- wikiHow -->
<mark id="ref_63" xlink:href="#tok_63"/><!-- Wikinews -->
<mark id="ref_70" xlink:href="#xpointer(id('tok_70')/range-to(id('tok_71')))"/><!-- Jack...Herrick -->
<mark id="ref_473" xlink:href="#tok_473"/><!-- http://www.wikihow.com/wikiHow:Contributions-to-Charity -->
<mark id="ref_496" xlink:href="#tok_496"/><!-- http://www.wikihow.com/wikiHow:Carbon-Neutral -->
<mark id="ref_886" xlink:href="#tok_886"/><!-- http://www.wikihow.com/wikiHow:Right-to-Fork -->
<mark id="ref_1153" xlink:href="#tok_1153"/><!-- http://www.wikihow.com/wikiHow:Statistics -->
<mark id="ref_1170" xlink:href="#tok_1170"/><!-- http://www.quantcast.com/wikihow.com -->
</markList>
</paula>
