<?xml version="1.0" encoding="UTF-8" standalone="no"?>

<!DOCTYPE paula SYSTEM "paula_mark.dtd">
<paula version="1.0">

<header paula_id="tei.GUM.GUM_interview_herrick_hi_rendSeg"/>

<markList xmlns:xlink="http://www.w3.org/1999/xlink" type="hi_rendSeg" xml:base="GUM.GUM_interview_herrick.tok.xml">
<mark id="hi_rend_63" xlink:href="#tok_63"/><!-- Wikinews -->
<mark id="hi_rend_125" xlink:href="#xpointer(id('tok_125')/range-to(id('tok_142')))"/><!-- For...? -->
<mark id="hi_rend_529" xlink:href="#xpointer(id('tok_529')/range-to(id('tok_536')))"/><!-- Why...? -->
<mark id="hi_rend_860" xlink:href="#xpointer(id('tok_860')/range-to(id('tok_870')))"/><!-- Why...? -->
<mark id="hi_rend_1112" xlink:href="#xpointer(id('tok_1112')/range-to(id('tok_1133')))"/><!-- wikiHow...? -->
</markList>
</paula>
