<?xml version="1.0" encoding="UTF-8" standalone="no"?>

<!DOCTYPE paula SYSTEM "paula_feat.dtd">
<paula version="1.0">

<header paula_id="tei.GUM.GUM_interview_herrick.refSeg_ref_target"/>

<featList xmlns:xlink="http://www.w3.org/1999/xlink" type="ref_target" xml:base="tei.GUM.GUM_interview_herrick.refSeg.xml">
<feat xlink:href="#ref_23" value="http://en.wikipedia.org/wiki/wikiHow"/><!-- wikiHow -->
<feat xlink:href="#ref_63" value="http://en.wikipedia.org/wiki/Wikinews"/><!-- Wikinews -->
<feat xlink:href="#ref_70" value="http://en.wikipedia.org/wiki/Jack_Herrick"/><!-- Jack...Herrick -->
<feat xlink:href="#ref_473" value="http://www.wikihow.com/wikiHow:Contributions-to-Charity"/><!-- http://www.wikihow.com/wikiHow:Contributions-to-Charity -->
<feat xlink:href="#ref_496" value="http://www.wikihow.com/wikiHow:Carbon-Neutral"/><!-- http://www.wikihow.com/wikiHow:Carbon-Neutral -->
<feat xlink:href="#ref_886" value="http://www.wikihow.com/wikiHow:Right-to-Fork"/><!-- http://www.wikihow.com/wikiHow:Right-to-Fork -->
<feat xlink:href="#ref_1153" value="http://www.wikihow.com/wikiHow:Statistics"/><!-- http://www.wikihow.com/wikiHow:Statistics -->
<feat xlink:href="#ref_1170" value="http://www.quantcast.com/wikihow.com"/><!-- http://www.quantcast.com/wikihow.com -->
</featList>
</paula>
