<?xml version="1.0" encoding="UTF-8" standalone="no"?>

<!DOCTYPE paula SYSTEM "paula_mark.dtd">
<paula version="1.0">

<header paula_id="tei.GUM.GUM_interview_herrick_sp_whoSeg"/>

<markList xmlns:xlink="http://www.w3.org/1999/xlink" type="sp_whoSeg" xml:base="GUM.GUM_interview_herrick.tok.xml">
<mark id="sp_who_125" xlink:href="#xpointer(id('tok_125')/range-to(id('tok_142')))"/><!-- For...? -->
<mark id="sp_who_143" xlink:href="#xpointer(id('tok_143')/range-to(id('tok_528')))"/><!-- Sure.... -->
<mark id="sp_who_529" xlink:href="#xpointer(id('tok_529')/range-to(id('tok_536')))"/><!-- Why...? -->
<mark id="sp_who_537" xlink:href="#xpointer(id('tok_537')/range-to(id('tok_859')))"/><!-- I.... -->
<mark id="sp_who_860" xlink:href="#xpointer(id('tok_860')/range-to(id('tok_870')))"/><!-- Why...? -->
<mark id="sp_who_871" xlink:href="#xpointer(id('tok_871')/range-to(id('tok_1111')))"/><!-- We.... -->
<mark id="sp_who_1112" xlink:href="#xpointer(id('tok_1112')/range-to(id('tok_1133')))"/><!-- wikiHow...? -->
<mark id="sp_who_1134" xlink:href="#xpointer(id('tok_1134')/range-to(id('tok_1295')))"/><!-- In.... -->
</markList>
</paula>
