<?xml version="1.0" encoding="UTF-8" standalone="no"?>

<!DOCTYPE paula SYSTEM "paula_feat.dtd">
<paula version="1.0">

<header paula_id="const.GUM.GUM_news_nasa_catConst_cat"/>

<featList xmlns:xlink="http://www.w3.org/1999/xlink" type="cat" xml:base="const.GUM.GUM_news_nasa.catConst.xml">
  <feat xlink:href="#const_0_1" value="NP"/><!-- NASA -->
  <feat xlink:href="#const_6_1" value="S"/><!-- NASA ... shuttles -->
  <feat xlink:href="#const_7_1" value="ROOT"/><!-- NASA ... shuttles -->
  <feat xlink:href="#const_5_2" value="VP"/><!-- celebrates ... shuttles -->
  <feat xlink:href="#const_0_3" value="NP"/><!-- 30th anniversary -->
  <feat xlink:href="#const_2_3" value="NP"/><!-- 30th ... launch -->
  <feat xlink:href="#const_4_3" value="S"/><!-- 30th ... shuttles -->
  <feat xlink:href="#const_1_5" value="PP"/><!-- of ... launch -->
  <feat xlink:href="#const_0_6" value="NP"/><!-- first ... launch -->
  <feat xlink:href="#const_3_10" value="VP"/><!-- announces ... shuttles -->
  <feat xlink:href="#const_0_11" value="NP"/><!-- new homes -->
  <feat xlink:href="#const_2_11" value="NP"/><!-- new ... shuttles -->
  <feat xlink:href="#const_1_13" value="PP"/><!-- for ... shuttles -->
  <feat xlink:href="#const_0_14" value="NP"/><!-- retired shuttles -->
  <feat xlink:href="#const_0_16" value="NP"/><!-- Wednesday ... 2011 -->
  <feat xlink:href="#const_1_16" value="ROOT"/><!-- Wednesday ... 2011 -->
  <feat xlink:href="#const_0_22" value="NP"/><!-- NASA ... Bolden -->
  <feat xlink:href="#const_14_22" value="S"/><!-- NASA ... . -->
  <feat xlink:href="#const_15_22" value="ROOT"/><!-- NASA ... . -->
  <feat xlink:href="#const_13_26" value="VP"/><!-- announces ... 2011 -->
  <feat xlink:href="#const_0_27" value="WHADVP"/><!-- where -->
  <feat xlink:href="#const_12_27" value="SBAR"/><!-- where ... 2011 -->
  <feat xlink:href="#const_0_28" value="NP"/><!-- four ... orbiters -->
  <feat xlink:href="#const_11_28" value="S"/><!-- four ... 2011 -->
  <feat xlink:href="#const_10_32" value="VP"/><!-- will ... 2011 -->
  <feat xlink:href="#const_9_33" value="VP"/><!-- be ... 2011 -->
  <feat xlink:href="#const_0_34" value="ADVP"/><!-- permanently -->
  <feat xlink:href="#const_8_34" value="VP"/><!-- permanently ... 2011 -->
  <feat xlink:href="#const_3_36" value="PP"/><!-- at ... Program -->
  <feat xlink:href="#const_0_37" value="NP"/><!-- the conclusion -->
  <feat xlink:href="#const_2_37" value="NP"/><!-- the ... Program -->
  <feat xlink:href="#const_1_39" value="PP"/><!-- of ... Program -->
  <feat xlink:href="#const_0_40" value="NP"/><!-- the ... Program -->
  <feat xlink:href="#const_7_44" value="PP"/><!-- during ... 2011 -->
  <feat xlink:href="#const_0_45" value="NP"/><!-- an event -->
  <feat xlink:href="#const_6_45" value="NP"/><!-- an ... 2011 -->
  <feat xlink:href="#const_5_47" value="VP"/><!-- commemorating ... 2011 -->
  <feat xlink:href="#const_0_48" value="NP"/><!-- the ... anniversay -->
  <feat xlink:href="#const_4_48" value="NP"/><!-- the ... 2011 -->
  <feat xlink:href="#const_3_51" value="PP"/><!-- of ... 2011 -->
  <feat xlink:href="#const_0_52" value="NP"/><!-- the ... launch -->
  <feat xlink:href="#const_2_52" value="NP"/><!-- the ... 2011 -->
  <feat xlink:href="#const_1_56" value="PP"/><!-- on ... 2011 -->
  <feat xlink:href="#const_0_57" value="NP"/><!-- April ... 2011 -->
  <feat xlink:href="#const_0_62" value="NP"/><!-- Image -->
  <feat xlink:href="#const_1_62" value="NP"/><!-- Image ... . -->
  <feat xlink:href="#const_2_62" value="ROOT"/><!-- Image ... . -->
  <feat xlink:href="#const_0_64" value="NP"/><!-- NASA ... Ingalls -->
  <feat xlink:href="#const_0_68" value="NP"/><!-- NASA -->
  <feat xlink:href="#const_7_68" value="S"/><!-- NASA ... . -->
  <feat xlink:href="#const_8_68" value="ROOT"/><!-- NASA ... . -->
  <feat xlink:href="#const_6_69" value="VP"/><!-- celebrated ... Florida -->
  <feat xlink:href="#const_0_70" value="NP"/><!-- the launch -->
  <feat xlink:href="#const_2_70" value="NP"/><!-- the ... shuttle -->
  <feat xlink:href="#const_1_72" value="PP"/><!-- of ... shuttle -->
  <feat xlink:href="#const_0_73" value="NP"/><!-- the ... shuttle -->
  <feat xlink:href="#const_0_77" value="NP"/><!-- Tuesday -->
  <feat xlink:href="#const_5_78" value="PP"/><!-- at ... ) -->
  <feat xlink:href="#const_0_79" value="NP"/><!-- an event -->
  <feat xlink:href="#const_4_79" value="NP"/><!-- an ... ) -->
  <feat xlink:href="#const_3_81" value="PP"/><!-- at ... ) -->
  <feat xlink:href="#const_0_82" value="NP"/><!-- the ... Center -->
  <feat xlink:href="#const_2_82" value="NP"/><!-- the ... ) -->
  <feat xlink:href="#const_1_86" value="PRN"/><!-- ( ... ) -->
  <feat xlink:href="#const_0_87" value="NP"/><!-- KSC -->
  <feat xlink:href="#const_2_89" value="PP"/><!-- in ... Florida -->
  <feat xlink:href="#const_0_90" value="NP"/><!-- Cape Canaveral -->
  <feat xlink:href="#const_1_90" value="NP"/><!-- Cape ... Florida -->
  <feat xlink:href="#const_0_93" value="NP"/><!-- Florida -->
  <feat xlink:href="#const_1_95" value="PP"/><!-- On ... 1981 -->
  <feat xlink:href="#const_4_95" value="S"/><!-- On ... . -->
  <feat xlink:href="#const_5_95" value="ROOT"/><!-- On ... . -->
  <feat xlink:href="#const_0_96" value="NP"/><!-- April ... 1981 -->
  <feat xlink:href="#const_0_101" value="NP"/><!-- Space ... Columbia -->
  <feat xlink:href="#const_3_104" value="VP"/><!-- lifted ... mission -->
  <feat xlink:href="#const_0_105" value="PRT"/><!-- off -->
  <feat xlink:href="#const_1_106" value="PP"/><!-- from ... Center -->
  <feat xlink:href="#const_0_107" value="NP"/><!-- the ... Center -->
  <feat xlink:href="#const_2_111" value="PP"/><!-- on ... mission -->
  <feat xlink:href="#const_0_112" value="NP"/><!-- STS-1 -->
  <feat xlink:href="#const_1_112" value="NP"/><!-- STS-1 ... mission -->
  <feat xlink:href="#const_0_114" value="NP"/><!-- the ... mission -->
  <feat xlink:href="#const_0_120" value="NP"/><!-- NASA -->
  <feat xlink:href="#const_24_120" value="S"/><!-- NASA ... . -->
  <feat xlink:href="#const_25_120" value="ROOT"/><!-- NASA ... . -->
  <feat xlink:href="#const_23_121" value="VP"/><!-- held ... mission -->
  <feat xlink:href="#const_0_122" value="NP"/><!-- a ceremony -->
  <feat xlink:href="#const_22_122" value="NP"/><!-- a ... mission -->
  <feat xlink:href="#const_21_124" value="VP"/><!-- commemorating ... mission -->
  <feat xlink:href="#const_0_125" value="NP"/><!-- the date -->
  <feat xlink:href="#const_20_127" value="PP"/><!-- outside ... mission -->
  <feat xlink:href="#const_0_128" value="NP"/><!-- the hangar -->
  <feat xlink:href="#const_19_128" value="NP"/><!-- the ... mission -->
  <feat xlink:href="#const_2_131" value="VP"/><!-- known ... Facility-1 -->
  <feat xlink:href="#const_1_132" value="PP"/><!-- as ... Facility-1 -->
  <feat xlink:href="#const_0_133" value="NP"/><!-- Orbiter ... Facility-1 -->
  <feat xlink:href="#const_18_137" value="PP"/><!-- for ... mission -->
  <feat xlink:href="#const_0_138" value="NP"/><!-- Space ... Atlantis -->
  <feat xlink:href="#const_17_138" value="NP"/><!-- Space ... mission -->
  <feat xlink:href="#const_0_142" value="WHNP"/><!-- which -->
  <feat xlink:href="#const_16_142" value="SBAR"/><!-- which ... mission -->
  <feat xlink:href="#const_14_143" value="VP"/><!-- is ... mission -->
  <feat xlink:href="#const_15_143" value="S"/><!-- is ... mission -->
  <feat xlink:href="#const_13_144" value="VP"/><!-- being ... mission -->
  <feat xlink:href="#const_12_145" value="VP"/><!-- prepped ... mission -->
  <feat xlink:href="#const_11_146" value="PP"/><!-- for ... mission -->
  <feat xlink:href="#const_0_147" value="NP"/><!-- its ... mission -->
  <feat xlink:href="#const_10_147" value="NP"/><!-- its ... mission -->
  <feat xlink:href="#const_0_150" value="WHNP"/><!-- which -->
  <feat xlink:href="#const_9_150" value="SBAR"/><!-- which ... mission -->
  <feat xlink:href="#const_7_151" value="VP"/><!-- will ... mission -->
  <feat xlink:href="#const_8_151" value="S"/><!-- will ... mission -->
  <feat xlink:href="#const_6_152" value="VP"/><!-- be ... mission -->
  <feat xlink:href="#const_0_153" value="NP"/><!-- STS-135 -->
  <feat xlink:href="#const_5_153" value="NP"/><!-- STS-135 ... mission -->
  <feat xlink:href="#const_0_155" value="WHNP"/><!-- which -->
  <feat xlink:href="#const_4_155" value="SBAR"/><!-- which ... mission -->
  <feat xlink:href="#const_2_156" value="VP"/><!-- will ... mission -->
  <feat xlink:href="#const_3_156" value="S"/><!-- will ... mission -->
  <feat xlink:href="#const_1_157" value="VP"/><!-- be ... mission -->
  <feat xlink:href="#const_0_158" value="NP"/><!-- the ... mission -->
  <feat xlink:href="#const_1_164" value="PP"/><!-- At ... ceremony -->
  <feat xlink:href="#const_12_164" value="S"/><!-- At ... . -->
  <feat xlink:href="#const_13_164" value="ROOT"/><!-- At ... . -->
  <feat xlink:href="#const_0_165" value="NP"/><!-- the ceremony -->
  <feat xlink:href="#const_0_168" value="NP"/><!-- NASA ... Bolden -->
  <feat xlink:href="#const_11_172" value="VP"/><!-- announced ... program -->
  <feat xlink:href="#const_0_173" value="NP"/><!-- the locations -->
  <feat xlink:href="#const_10_173" value="NP"/><!-- the ... program -->
  <feat xlink:href="#const_0_175" value="WHNP"/><!-- that -->
  <feat xlink:href="#const_9_175" value="SBAR"/><!-- that ... program -->
  <feat xlink:href="#const_7_176" value="VP"/><!-- would ... program -->
  <feat xlink:href="#const_8_176" value="S"/><!-- would ... program -->
  <feat xlink:href="#const_6_177" value="VP"/><!-- be ... program -->
  <feat xlink:href="#const_5_178" value="VP"/><!-- given ... program -->
  <feat xlink:href="#const_0_179" value="NP"/><!-- the three -->
  <feat xlink:href="#const_0_181" value="NP"/><!-- remaining ... orbiters -->
  <feat xlink:href="#const_4_181" value="NP"/><!-- remaining ... program -->
  <feat xlink:href="#const_3_185" value="PP"/><!-- following ... program -->
  <feat xlink:href="#const_0_186" value="NP"/><!-- the end -->
  <feat xlink:href="#const_2_186" value="NP"/><!-- the ... program -->
  <feat xlink:href="#const_1_188" value="PP"/><!-- of ... program -->
  <feat xlink:href="#const_0_189" value="NP"/><!-- the ... program -->
  <feat xlink:href="#const_0_194" value="NP"/><!-- The ... orbiter -->
  <feat xlink:href="#const_1_194" value="NP"/><!-- The ... Enterprise -->
  <feat xlink:href="#const_8_194" value="S"/><!-- The ... . -->
  <feat xlink:href="#const_9_194" value="ROOT"/><!-- The ... . -->
  <feat xlink:href="#const_0_198" value="NP"/><!-- Space ... Enterprise -->
  <feat xlink:href="#const_7_201" value="VP"/><!-- would ... City -->
  <feat xlink:href="#const_6_202" value="VP"/><!-- be ... City -->
  <feat xlink:href="#const_5_203" value="VP"/><!-- relocated ... City -->
  <feat xlink:href="#const_4_204" value="PP"/><!-- from ... Airport -->
  <feat xlink:href="#const_0_205" value="NP"/><!-- the ... s -->
  <feat xlink:href="#const_1_205" value="NP"/><!-- the ... Air -->
  <feat xlink:href="#const_3_205" value="NP"/><!-- the ... Airport -->
  <feat xlink:href="#const_0_211" value="NP"/><!-- Space ... Center -->
  <feat xlink:href="#const_2_211" value="NP"/><!-- Space ... Airport -->
  <feat xlink:href="#const_1_217" value="PP"/><!-- at ... Airport -->
  <feat xlink:href="#const_0_218" value="NP"/><!-- Washington ... Airport -->
  <feat xlink:href="#const_3_222" value="PP"/><!-- to ... City -->
  <feat xlink:href="#const_0_223" value="NP"/><!-- the ... Museum -->
  <feat xlink:href="#const_2_223" value="NP"/><!-- the ... City -->
  <feat xlink:href="#const_1_227" value="PP"/><!-- in ... City -->
  <feat xlink:href="#const_0_228" value="NP"/><!-- New ... City -->
  <feat xlink:href="#const_0_232" value="NP"/><!-- Space ... Discovery -->
  <feat xlink:href="#const_5_232" value="S"/><!-- Space ... . -->
  <feat xlink:href="#const_6_232" value="ROOT"/><!-- Space ... . -->
  <feat xlink:href="#const_4_235" value="VP"/><!-- will ... Center -->
  <feat xlink:href="#const_3_236" value="VP"/><!-- take ... Center -->
  <feat xlink:href="#const_0_237" value="NP"/><!-- the place -->
  <feat xlink:href="#const_2_237" value="NP"/><!-- the ... Enterprise -->
  <feat xlink:href="#const_1_239" value="PP"/><!-- of Enterprise -->
  <feat xlink:href="#const_0_240" value="NP"/><!-- Enterprise -->
  <feat xlink:href="#const_1_241" value="PP"/><!-- at ... Center -->
  <feat xlink:href="#const_0_242" value="NP"/><!-- the ... Center -->
  <feat xlink:href="#const_0_246" value="NP"/><!-- Discovery -->
  <feat xlink:href="#const_8_246" value="S"/><!-- Discovery ... . -->
  <feat xlink:href="#const_9_246" value="ROOT"/><!-- Discovery ... . -->
  <feat xlink:href="#const_7_247" value="VP"/><!-- has ... mission -->
  <feat xlink:href="#const_0_248" value="ADVP"/><!-- already -->
  <feat xlink:href="#const_6_249" value="VP"/><!-- been ... mission -->
  <feat xlink:href="#const_5_250" value="VP"/><!-- retired ... mission -->
  <feat xlink:href="#const_4_251" value="PP"/><!-- following ... mission -->
  <feat xlink:href="#const_0_252" value="NP"/><!-- the completion -->
  <feat xlink:href="#const_2_252" value="NP"/><!-- the ... month -->
  <feat xlink:href="#const_3_252" value="NP"/><!-- the ... mission -->
  <feat xlink:href="#const_1_254" value="PP"/><!-- of STS-133 -->
  <feat xlink:href="#const_0_255" value="NP"/><!-- STS-133 -->
  <feat xlink:href="#const_0_256" value="NP"/><!-- last month -->
  <feat xlink:href="#const_0_259" value="NP"/><!-- its ... mission -->
  <feat xlink:href="#const_0_263" value="NP"/><!-- Discovery -->
  <feat xlink:href="#const_9_263" value="S"/><!-- Discovery ... . -->
  <feat xlink:href="#const_10_263" value="ROOT"/><!-- Discovery ... . -->
  <feat xlink:href="#const_8_264" value="VP"/><!-- is ... orbiter -->
  <feat xlink:href="#const_1_265" value="VP"/><!-- undergoing decommissioning -->
  <feat xlink:href="#const_7_265" value="VP"/><!-- undergoing ... orbiter -->
  <feat xlink:href="#const_0_266" value="NP"/><!-- decommissioning -->
  <feat xlink:href="#const_0_268" value="ADVP"/><!-- currently -->
  <feat xlink:href="#const_6_269" value="VP"/><!-- being ... orbiter -->
  <feat xlink:href="#const_5_270" value="VP"/><!-- prepped ... orbiter -->
  <feat xlink:href="#const_1_271" value="PP"/><!-- for display -->
  <feat xlink:href="#const_0_272" value="NP"/><!-- display -->
  <feat xlink:href="#const_4_273" value="PP"/><!-- by ... orbiter -->
  <feat xlink:href="#const_2_274" value="VP"/><!-- removing ... orbiter -->
  <feat xlink:href="#const_3_274" value="S"/><!-- removing ... orbiter -->
  <feat xlink:href="#const_0_275" value="NP"/><!-- toxic materials -->
  <feat xlink:href="#const_1_277" value="PP"/><!-- from ... orbiter -->
  <feat xlink:href="#const_0_278" value="NP"/><!-- the orbiter -->
  <feat xlink:href="#const_1_281" value="VP"/><!-- Looking back -->
  <feat xlink:href="#const_2_281" value="S"/><!-- Looking back -->
  <feat xlink:href="#const_6_281" value="S"/><!-- Looking ... . -->
  <feat xlink:href="#const_7_281" value="ROOT"/><!-- Looking ... . -->
  <feat xlink:href="#const_0_282" value="ADVP"/><!-- back -->
  <feat xlink:href="#const_0_284" value="NP"/><!-- Space ... Columbia -->
  <feat xlink:href="#const_5_284" value="S"/><!-- Space ... 1981 -->
  <feat xlink:href="#const_4_287" value="VP"/><!-- lifts ... 1981 -->
  <feat xlink:href="#const_0_288" value="PRT"/><!-- off -->
  <feat xlink:href="#const_3_289" value="PP"/><!-- on ... Pad -->
  <feat xlink:href="#const_0_290" value="NP"/><!-- STS-1 -->
  <feat xlink:href="#const_2_290" value="NP"/><!-- STS-1 ... Pad -->
  <feat xlink:href="#const_1_291" value="PP"/><!-- from ... Pad -->
  <feat xlink:href="#const_0_292" value="NP"/><!-- Launch Pad -->
  <feat xlink:href="#const_0_294" value="NP"/><!-- 39A -->
  <feat xlink:href="#const_2_294" value="NP"/><!-- 39A ... Center -->
  <feat xlink:href="#const_1_295" value="PP"/><!-- at ... Center -->
  <feat xlink:href="#const_0_296" value="NP"/><!-- the ... Center -->
  <feat xlink:href="#const_1_300" value="PP"/><!-- on ... 1981 -->
  <feat xlink:href="#const_0_301" value="NP"/><!-- April ... 1981 -->
  <feat xlink:href="#const_0_306" value="NP"/><!-- Image -->
  <feat xlink:href="#const_1_306" value="NP"/><!-- Image ... . -->
  <feat xlink:href="#const_2_306" value="ROOT"/><!-- Image ... . -->
  <feat xlink:href="#const_0_308" value="NP"/><!-- NASA -->
  <feat xlink:href="#const_0_310" value="NP"/><!-- Space ... Endeavour -->
  <feat xlink:href="#const_10_310" value="NP"/><!-- Space ... , -->
  <feat xlink:href="#const_11_310" value="S"/><!-- Space ... . -->
  <feat xlink:href="#const_12_310" value="ROOT"/><!-- Space ... . -->
  <feat xlink:href="#const_0_314" value="WHNP"/><!-- which -->
  <feat xlink:href="#const_9_314" value="SBAR"/><!-- which ... 29 -->
  <feat xlink:href="#const_7_315" value="VP"/><!-- will ... 29 -->
  <feat xlink:href="#const_8_315" value="S"/><!-- will ... 29 -->
  <feat xlink:href="#const_6_316" value="VP"/><!-- launch ... 29 -->
  <feat xlink:href="#const_1_317" value="PP"/><!-- on STS-134 -->
  <feat xlink:href="#const_0_318" value="NP"/><!-- STS-134 -->
  <feat xlink:href="#const_5_319" value="PP"/><!-- at ... 29 -->
  <feat xlink:href="#const_0_320" value="NP"/><!-- the end -->
  <feat xlink:href="#const_4_320" value="NP"/><!-- the ... 29 -->
  <feat xlink:href="#const_3_322" value="PP"/><!-- of ... 29 -->
  <feat xlink:href="#const_0_323" value="NP"/><!-- the month -->
  <feat xlink:href="#const_2_323" value="NP"/><!-- the ... 29 -->
  <feat xlink:href="#const_1_325" value="PP"/><!-- on ... 29 -->
  <feat xlink:href="#const_0_326" value="NP"/><!-- April 29 -->
  <feat xlink:href="#const_7_329" value="VP"/><!-- will ... retirement -->
  <feat xlink:href="#const_6_330" value="VP"/><!-- be ... retirement -->
  <feat xlink:href="#const_5_331" value="VP"/><!-- sent ... retirement -->
  <feat xlink:href="#const_1_332" value="PP"/><!-- to ... Center -->
  <feat xlink:href="#const_0_333" value="NP"/><!-- the ... Center -->
  <feat xlink:href="#const_4_337" value="PP"/><!-- in ... retirement -->
  <feat xlink:href="#const_0_338" value="NP"/><!-- Los Angeles -->
  <feat xlink:href="#const_3_338" value="NP"/><!-- Los ... retirement -->
  <feat xlink:href="#const_0_341" value="NP"/><!-- California -->
  <feat xlink:href="#const_2_341" value="NP"/><!-- California ... retirement -->
  <feat xlink:href="#const_1_342" value="PP"/><!-- following ... retirement -->
  <feat xlink:href="#const_0_343" value="NP"/><!-- its retirement -->
  <feat xlink:href="#const_0_346" value="ADVP"/><!-- Finally -->
  <feat xlink:href="#const_10_346" value="S"/><!-- Finally ... . -->
  <feat xlink:href="#const_11_346" value="ROOT"/><!-- Finally ... . -->
  <feat xlink:href="#const_0_348" value="NP"/><!-- Atlantis -->
  <feat xlink:href="#const_9_349" value="VP"/><!-- will ... 28 -->
  <feat xlink:href="#const_8_350" value="VP"/><!-- go ... 28 -->
  <feat xlink:href="#const_1_351" value="PP"/><!-- on display -->
  <feat xlink:href="#const_0_352" value="NP"/><!-- display -->
  <feat xlink:href="#const_7_353" value="PP"/><!-- at ... 28 -->
  <feat xlink:href="#const_0_354" value="NP"/><!-- the ... Complex -->
  <feat xlink:href="#const_6_354" value="NP"/><!-- the ... 28 -->
  <feat xlink:href="#const_5_360" value="PP"/><!-- following ... 28 -->
  <feat xlink:href="#const_0_361" value="NP"/><!-- the ... s -->
  <feat xlink:href="#const_1_361" value="NP"/><!-- the ... flight -->
  <feat xlink:href="#const_4_361" value="NP"/><!-- the ... 28 -->
  <feat xlink:href="#const_0_366" value="WHNP"/><!-- which -->
  <feat xlink:href="#const_3_366" value="SBAR"/><!-- which ... 28 -->
  <feat xlink:href="#const_1_367" value="VP"/><!-- launches ... 28 -->
  <feat xlink:href="#const_2_367" value="S"/><!-- launches ... 28 -->
  <feat xlink:href="#const_0_368" value="NP"/><!-- June 28 -->
  <feat xlink:href="#const_0_371" value="NP"/><!-- Columbia -->
  <feat xlink:href="#const_9_371" value="S"/><!-- Columbia ... . -->
  <feat xlink:href="#const_10_371" value="ROOT"/><!-- Columbia ... . -->
  <feat xlink:href="#const_8_372" value="VP"/><!-- was ... aboard -->
  <feat xlink:href="#const_7_373" value="VP"/><!-- lost ... aboard -->
  <feat xlink:href="#const_0_374" value="ADVP"/><!-- tragically -->
  <feat xlink:href="#const_0_375" value="ADVP"/><!-- back -->
  <feat xlink:href="#const_1_375" value="PP"/><!-- back ... 2003 -->
  <feat xlink:href="#const_0_377" value="NP"/><!-- February ... 2003 -->
  <feat xlink:href="#const_0_381" value="WHADVP"/><!-- when -->
  <feat xlink:href="#const_6_381" value="SBAR"/><!-- when ... aboard -->
  <feat xlink:href="#const_0_382" value="NP"/><!-- it -->
  <feat xlink:href="#const_5_382" value="S"/><!-- it ... aboard -->
  <feat xlink:href="#const_4_383" value="VP"/><!-- disintegrated ... aboard -->
  <feat xlink:href="#const_1_384" value="PP"/><!-- during re-entry -->
  <feat xlink:href="#const_0_385" value="NP"/><!-- re-entry -->
  <feat xlink:href="#const_2_386" value="VP"/><!-- killing ... aboard -->
  <feat xlink:href="#const_3_386" value="S"/><!-- killing ... aboard -->
  <feat xlink:href="#const_0_387" value="NP"/><!-- all ... astronauts -->
  <feat xlink:href="#const_1_387" value="S"/><!-- all ... aboard -->
  <feat xlink:href="#const_0_390" value="ADJP"/><!-- aboard -->
  <feat xlink:href="#const_0_392" value="NP"/><!-- Space ... Challenger -->
  <feat xlink:href="#const_10_392" value="S"/><!-- Space ... . -->
  <feat xlink:href="#const_11_392" value="ROOT"/><!-- Space ... . -->
  <feat xlink:href="#const_9_395" value="VP"/><!-- was ... aboard -->
  <feat xlink:href="#const_8_396" value="VP"/><!-- lost ... aboard -->
  <feat xlink:href="#const_0_397" value="WHADVP"/><!-- when -->
  <feat xlink:href="#const_7_397" value="SBAR"/><!-- when ... aboard -->
  <feat xlink:href="#const_0_398" value="NP"/><!-- it -->
  <feat xlink:href="#const_6_398" value="S"/><!-- it ... aboard -->
  <feat xlink:href="#const_5_399" value="VP"/><!-- exploded ... aboard -->
  <feat xlink:href="#const_0_400" value="NP"/><!-- 73 seconds -->
  <feat xlink:href="#const_1_402" value="PP"/><!-- after liftoff -->
  <feat xlink:href="#const_0_403" value="NP"/><!-- liftoff -->
  <feat xlink:href="#const_2_404" value="ADVP"/><!-- back ... 1986 -->
  <feat xlink:href="#const_3_404" value="VP"/><!-- back ... aboard -->
  <feat xlink:href="#const_4_404" value="S"/><!-- back ... aboard -->
  <feat xlink:href="#const_1_405" value="PP"/><!-- on ... 1986 -->
  <feat xlink:href="#const_0_406" value="NP"/><!-- January ... 1986 -->
  <feat xlink:href="#const_0_411" value="NP"/><!-- all six -->
  <feat xlink:href="#const_1_411" value="S"/><!-- all ... aboard -->
  <feat xlink:href="#const_0_413" value="ADJP"/><!-- aboard -->
  <feat xlink:href="#const_15_415" value="SINV"/><!-- &quot; ... . -->
  <feat xlink:href="#const_16_415" value="ROOT"/><!-- &quot; ... . -->
  <feat xlink:href="#const_0_416" value="NP"/><!-- We -->
  <feat xlink:href="#const_14_416" value="S"/><!-- We ... treasures -->
  <feat xlink:href="#const_13_417" value="VP"/><!-- want ... treasures -->
  <feat xlink:href="#const_11_418" value="VP"/><!-- to ... treasures -->
  <feat xlink:href="#const_12_418" value="S"/><!-- to ... treasures -->
  <feat xlink:href="#const_10_419" value="VP"/><!-- thank ... treasures -->
  <feat xlink:href="#const_0_420" value="NP"/><!-- all -->
  <feat xlink:href="#const_9_420" value="NP"/><!-- all ... treasures -->
  <feat xlink:href="#const_8_421" value="PP"/><!-- of ... treasures -->
  <feat xlink:href="#const_0_422" value="NP"/><!-- the locations -->
  <feat xlink:href="#const_7_422" value="NP"/><!-- the ... treasures -->
  <feat xlink:href="#const_0_424" value="WHNP"/><!-- that -->
  <feat xlink:href="#const_6_424" value="SBAR"/><!-- that ... treasures -->
  <feat xlink:href="#const_4_425" value="VP"/><!-- expressed ... treasures -->
  <feat xlink:href="#const_5_425" value="S"/><!-- expressed ... treasures -->
  <feat xlink:href="#const_0_426" value="NP"/><!-- an interest -->
  <feat xlink:href="#const_3_428" value="PP"/><!-- in ... treasures -->
  <feat xlink:href="#const_0_429" value="NP"/><!-- one -->
  <feat xlink:href="#const_2_429" value="NP"/><!-- one ... treasures -->
  <feat xlink:href="#const_1_430" value="PP"/><!-- of ... treasures -->
  <feat xlink:href="#const_0_431" value="NP"/><!-- these ... treasures -->
  <feat xlink:href="#const_5_436" value="VP"/><!-- said ... contained -->
  <feat xlink:href="#const_0_437" value="NP"/><!-- Bolden -->
  <feat xlink:href="#const_4_438" value="PP"/><!-- to ... contained -->
  <feat xlink:href="#const_0_439" value="NP"/><!-- the ... crowd -->
  <feat xlink:href="#const_3_439" value="NP"/><!-- the ... contained -->
  <feat xlink:href="#const_0_442" value="WHNP"/><!-- which -->
  <feat xlink:href="#const_2_442" value="SBAR"/><!-- which contained -->
  <feat xlink:href="#const_0_443" value="VP"/><!-- contained -->
  <feat xlink:href="#const_1_443" value="S"/><!-- contained -->
  <feat xlink:href="#const_0_444" value="NP"/><!-- many ... employees -->
  <feat xlink:href="#const_11_448" value="S"/><!-- &quot; ... . -->
  <feat xlink:href="#const_12_448" value="ROOT"/><!-- &quot; ... . -->
  <feat xlink:href="#const_0_449" value="NP"/><!-- This -->
  <feat xlink:href="#const_10_450" value="VP"/><!-- was ... mind -->
  <feat xlink:href="#const_1_451" value="NP"/><!-- a ... decision -->
  <feat xlink:href="#const_9_451" value="NP"/><!-- a ... mind -->
  <feat xlink:href="#const_0_452" value="ADJP"/><!-- very difficult -->
  <feat xlink:href="#const_0_457" value="NP"/><!-- one -->
  <feat xlink:href="#const_8_457" value="NP"/><!-- one ... mind -->
  <feat xlink:href="#const_0_458" value="WHNP"/><!-- that -->
  <feat xlink:href="#const_7_458" value="SBAR"/><!-- that ... mind -->
  <feat xlink:href="#const_5_459" value="VP"/><!-- was ... mind -->
  <feat xlink:href="#const_6_459" value="S"/><!-- was ... mind -->
  <feat xlink:href="#const_4_460" value="VP"/><!-- made ... mind -->
  <feat xlink:href="#const_3_461" value="PP"/><!-- with ... mind -->
  <feat xlink:href="#const_0_462" value="NP"/><!-- the ... public -->
  <feat xlink:href="#const_2_462" value="NP"/><!-- the ... mind -->
  <feat xlink:href="#const_1_465" value="PP"/><!-- in mind -->
  <feat xlink:href="#const_0_466" value="NP"/><!-- mind -->
  <feat xlink:href="#const_1_468" value="PP"/><!-- In ... end -->
  <feat xlink:href="#const_9_468" value="S"/><!-- In ... . -->
  <feat xlink:href="#const_10_468" value="ROOT"/><!-- In ... . -->
  <feat xlink:href="#const_0_469" value="NP"/><!-- the end -->
  <feat xlink:href="#const_0_472" value="NP"/><!-- these choices -->
  <feat xlink:href="#const_8_474" value="VP"/><!-- provide ... Program -->
  <feat xlink:href="#const_0_475" value="NP"/><!-- the ... number -->
  <feat xlink:href="#const_4_475" value="NP"/><!-- the ... opportunity -->
  <feat xlink:href="#const_7_475" value="S"/><!-- the ... Program -->
  <feat xlink:href="#const_3_478" value="PP"/><!-- of ... opportunity -->
  <feat xlink:href="#const_0_479" value="NP"/><!-- people -->
  <feat xlink:href="#const_2_479" value="NP"/><!-- people ... opportunity -->
  <feat xlink:href="#const_1_480" value="PP"/><!-- with ... opportunity -->
  <feat xlink:href="#const_0_481" value="NP"/><!-- the ... opportunity -->
  <feat xlink:href="#const_6_484" value="VP"/><!-- to ... Program -->
  <feat xlink:href="#const_5_485" value="VP"/><!-- share ... Program -->
  <feat xlink:href="#const_4_486" value="PP"/><!-- in ... Program -->
  <feat xlink:href="#const_0_487" value="NP"/><!-- the ... accomplishments -->
  <feat xlink:href="#const_3_487" value="NP"/><!-- the ... Program -->
  <feat xlink:href="#const_2_491" value="PP"/><!-- of ... Program -->
  <feat xlink:href="#const_0_492" value="NP"/><!-- NASA s -->
  <feat xlink:href="#const_1_492" value="NP"/><!-- NASA ... Program -->
  <feat xlink:href="#const_0_499" value="NP"/><!-- These facilities -->
  <feat xlink:href="#const_4_499" value="NP"/><!-- These ... chosen -->
  <feat xlink:href="#const_9_499" value="S"/><!-- These ... &quot; -->
  <feat xlink:href="#const_10_499" value="ROOT"/><!-- These ... &quot; -->
  <feat xlink:href="#const_0_501" value="NP"/><!-- we -->
  <feat xlink:href="#const_2_501" value="S"/><!-- we ... chosen -->
  <feat xlink:href="#const_3_501" value="SBAR"/><!-- we ... chosen -->
  <feat xlink:href="#const_1_502" value="VP"/><!-- &apos;ve chosen -->
  <feat xlink:href="#const_0_503" value="VP"/><!-- chosen -->
  <feat xlink:href="#const_8_504" value="VP"/><!-- have ... visitors -->
  <feat xlink:href="#const_0_505" value="NP"/><!-- a ... legacy -->
  <feat xlink:href="#const_7_505" value="NP"/><!-- a ... visitors -->
  <feat xlink:href="#const_6_508" value="PP"/><!-- of ... visitors -->
  <feat xlink:href="#const_1_509" value="VP"/><!-- preserving ... artifacts -->
  <feat xlink:href="#const_4_509" value="VP"/><!-- preserving ... visitors -->
  <feat xlink:href="#const_5_509" value="S"/><!-- preserving ... visitors -->
  <feat xlink:href="#const_0_510" value="NP"/><!-- space artifacts -->
  <feat xlink:href="#const_3_513" value="VP"/><!-- providing ... visitors -->
  <feat xlink:href="#const_0_514" value="NP"/><!-- outstanding access -->
  <feat xlink:href="#const_2_516" value="PP"/><!-- to ... visitors -->
  <feat xlink:href="#const_0_517" value="NP"/><!-- U.S. -->
  <feat xlink:href="#const_1_517" value="NP"/><!-- U.S. ... visitors -->
  <feat xlink:href="#const_0_519" value="NP"/><!-- international visitors -->
  <feat xlink:href="#const_0_523" value="NP"/><!-- This -->
  <feat xlink:href="#const_11_523" value="S"/><!-- This ... . -->
  <feat xlink:href="#const_12_523" value="ROOT"/><!-- This ... . -->
  <feat xlink:href="#const_10_524" value="VP"/><!-- was ... mind -->
  <feat xlink:href="#const_1_525" value="NP"/><!-- a ... decision -->
  <feat xlink:href="#const_9_525" value="NP"/><!-- a ... mind -->
  <feat xlink:href="#const_0_526" value="ADJP"/><!-- very difficult -->
  <feat xlink:href="#const_0_531" value="NP"/><!-- one -->
  <feat xlink:href="#const_8_531" value="NP"/><!-- one ... mind -->
  <feat xlink:href="#const_0_532" value="WHNP"/><!-- that -->
  <feat xlink:href="#const_7_532" value="SBAR"/><!-- that ... mind -->
  <feat xlink:href="#const_5_533" value="VP"/><!-- was ... mind -->
  <feat xlink:href="#const_6_533" value="S"/><!-- was ... mind -->
  <feat xlink:href="#const_4_534" value="VP"/><!-- made ... mind -->
  <feat xlink:href="#const_3_535" value="PP"/><!-- with ... mind -->
  <feat xlink:href="#const_0_536" value="NP"/><!-- the ... public -->
  <feat xlink:href="#const_2_536" value="NP"/><!-- the ... mind -->
  <feat xlink:href="#const_1_539" value="PP"/><!-- in mind -->
  <feat xlink:href="#const_0_540" value="NP"/><!-- mind -->
  <feat xlink:href="#const_1_542" value="PP"/><!-- In ... end -->
  <feat xlink:href="#const_9_542" value="S"/><!-- In ... . -->
  <feat xlink:href="#const_10_542" value="ROOT"/><!-- In ... . -->
  <feat xlink:href="#const_0_543" value="NP"/><!-- the end -->
  <feat xlink:href="#const_0_546" value="NP"/><!-- these choices -->
  <feat xlink:href="#const_8_548" value="VP"/><!-- provide ... Program -->
  <feat xlink:href="#const_0_549" value="NP"/><!-- the ... number -->
  <feat xlink:href="#const_4_549" value="NP"/><!-- the ... opportunity -->
  <feat xlink:href="#const_7_549" value="S"/><!-- the ... Program -->
  <feat xlink:href="#const_3_552" value="PP"/><!-- of ... opportunity -->
  <feat xlink:href="#const_0_553" value="NP"/><!-- people -->
  <feat xlink:href="#const_2_553" value="NP"/><!-- people ... opportunity -->
  <feat xlink:href="#const_1_554" value="PP"/><!-- with ... opportunity -->
  <feat xlink:href="#const_0_555" value="NP"/><!-- the ... opportunity -->
  <feat xlink:href="#const_6_558" value="VP"/><!-- to ... Program -->
  <feat xlink:href="#const_5_559" value="VP"/><!-- share ... Program -->
  <feat xlink:href="#const_4_560" value="PP"/><!-- in ... Program -->
  <feat xlink:href="#const_0_561" value="NP"/><!-- the ... accomplishments -->
  <feat xlink:href="#const_3_561" value="NP"/><!-- the ... Program -->
  <feat xlink:href="#const_2_565" value="PP"/><!-- of ... Program -->
  <feat xlink:href="#const_0_566" value="NP"/><!-- NASA s -->
  <feat xlink:href="#const_1_566" value="NP"/><!-- NASA ... Program -->
  <feat xlink:href="#const_0_573" value="NP"/><!-- Charles Bolden -->
  <feat xlink:href="#const_1_573" value="NP"/><!-- Charles ... Administrator -->
  <feat xlink:href="#const_2_573" value="ROOT"/><!-- Charles ... Administrator -->
  <feat xlink:href="#const_0_576" value="NP"/><!-- NASA Administrator -->
  <feat xlink:href="#const_0_578" value="NP"/><!-- File image -->
  <feat xlink:href="#const_7_578" value="NP"/><!-- File ... . -->
  <feat xlink:href="#const_8_578" value="ROOT"/><!-- File ... . -->
  <feat xlink:href="#const_6_580" value="PP"/><!-- of ... retirement -->
  <feat xlink:href="#const_0_581" value="NP"/><!-- Space ... Atlantis -->
  <feat xlink:href="#const_5_581" value="NP"/><!-- Space ... retirement -->
  <feat xlink:href="#const_1_584" value="VP"/><!-- lifting off -->
  <feat xlink:href="#const_0_585" value="PRT"/><!-- off -->
  <feat xlink:href="#const_0_587" value="WHNP"/><!-- which -->
  <feat xlink:href="#const_4_587" value="SBAR"/><!-- which ... retirement -->
  <feat xlink:href="#const_2_588" value="VP"/><!-- approaches ... retirement -->
  <feat xlink:href="#const_3_588" value="S"/><!-- approaches ... retirement -->
  <feat xlink:href="#const_0_589" value="NP"/><!-- its ... mission -->
  <feat xlink:href="#const_1_592" value="PP"/><!-- before retirement -->
  <feat xlink:href="#const_0_593" value="NP"/><!-- retirement -->
  <feat xlink:href="#const_0_595" value="NP"/><!-- Image -->
  <feat xlink:href="#const_1_595" value="NP"/><!-- Image ... . -->
  <feat xlink:href="#const_2_595" value="ROOT"/><!-- Image ... . -->
  <feat xlink:href="#const_0_597" value="NP"/><!-- NASA -->
  <feat xlink:href="#const_6_599" value="S"/><!-- Not ... . -->
  <feat xlink:href="#const_7_599" value="ROOT"/><!-- Not ... . -->
  <feat xlink:href="#const_0_600" value="NP"/><!-- all -->
  <feat xlink:href="#const_5_601" value="VP"/><!-- were ... locations -->
  <feat xlink:href="#const_4_602" value="VP"/><!-- pleased ... locations -->
  <feat xlink:href="#const_3_603" value="PP"/><!-- with ... locations -->
  <feat xlink:href="#const_0_604" value="NP"/><!-- the ... choice -->
  <feat xlink:href="#const_2_604" value="NP"/><!-- the ... locations -->
  <feat xlink:href="#const_1_607" value="PP"/><!-- of locations -->
  <feat xlink:href="#const_0_608" value="NP"/><!-- locations -->
  <feat xlink:href="#const_0_610" value="NP"/><!-- U.S. ... Cornyn -->
  <feat xlink:href="#const_3_610" value="NP"/><!-- U.S. ... , -->
  <feat xlink:href="#const_10_610" value="S"/><!-- U.S. ... . -->
  <feat xlink:href="#const_11_610" value="ROOT"/><!-- U.S. ... . -->
  <feat xlink:href="#const_0_615" value="NP"/><!-- Republican -->
  <feat xlink:href="#const_2_615" value="NP"/><!-- Republican ... Texas -->
  <feat xlink:href="#const_1_616" value="PP"/><!-- from Texas -->
  <feat xlink:href="#const_0_617" value="NP"/><!-- Texas -->
  <feat xlink:href="#const_9_619" value="VP"/><!-- issued ... location -->
  <feat xlink:href="#const_0_620" value="NP"/><!-- a statement -->
  <feat xlink:href="#const_8_620" value="NP"/><!-- a ... location -->
  <feat xlink:href="#const_7_622" value="PP"/><!-- regarding ... location -->
  <feat xlink:href="#const_0_623" value="NP"/><!-- the rejection -->
  <feat xlink:href="#const_6_623" value="NP"/><!-- the ... location -->
  <feat xlink:href="#const_5_625" value="PP"/><!-- of ... location -->
  <feat xlink:href="#const_0_626" value="NP"/><!-- Johnson ... Center -->
  <feat xlink:href="#const_2_626" value="NP"/><!-- Johnson ... ) -->
  <feat xlink:href="#const_4_626" value="NP"/><!-- Johnson ... location -->
  <feat xlink:href="#const_1_629" value="PRN"/><!-- ( ... ) -->
  <feat xlink:href="#const_0_630" value="NP"/><!-- JSC -->
  <feat xlink:href="#const_3_632" value="PP"/><!-- in ... location -->
  <feat xlink:href="#const_0_633" value="NP"/><!-- Houston ... Texas -->
  <feat xlink:href="#const_2_633" value="NP"/><!-- Houston ... location -->
  <feat xlink:href="#const_1_636" value="PP"/><!-- as ... location -->
  <feat xlink:href="#const_0_637" value="NP"/><!-- a location -->
  <feat xlink:href="#const_13_640" value="S"/><!-- &quot; ... . -->
  <feat xlink:href="#const_14_640" value="ROOT"/><!-- &quot; ... . -->
  <feat xlink:href="#const_1_641" value="PP"/><!-- Like ... Texans -->
  <feat xlink:href="#const_0_642" value="NP"/><!-- many Texans -->
  <feat xlink:href="#const_0_645" value="NP"/><!-- I -->
  <feat xlink:href="#const_12_646" value="VP"/><!-- am ... Orbiters -->
  <feat xlink:href="#const_11_647" value="ADJP"/><!-- disappointed ... Orbiters -->
  <feat xlink:href="#const_10_648" value="PP"/><!-- with ... Orbiters -->
  <feat xlink:href="#const_0_649" value="NP"/><!-- NASA s -->
  <feat xlink:href="#const_9_649" value="NP"/><!-- NASA ... Orbiters -->
  <feat xlink:href="#const_7_652" value="VP"/><!-- to ... Orbiters -->
  <feat xlink:href="#const_8_652" value="S"/><!-- to ... Orbiters -->
  <feat xlink:href="#const_6_653" value="VP"/><!-- slight ... Orbiters -->
  <feat xlink:href="#const_0_654" value="NP"/><!-- the ... Center -->
  <feat xlink:href="#const_5_658" value="PP"/><!-- as ... Orbiters -->
  <feat xlink:href="#const_0_659" value="NP"/><!-- a ... home -->
  <feat xlink:href="#const_4_659" value="NP"/><!-- a ... Orbiters -->
  <feat xlink:href="#const_3_662" value="PP"/><!-- for ... Orbiters -->
  <feat xlink:href="#const_0_663" value="NP"/><!-- one -->
  <feat xlink:href="#const_2_663" value="NP"/><!-- one ... Orbiters -->
  <feat xlink:href="#const_1_664" value="PP"/><!-- of ... Orbiters -->
  <feat xlink:href="#const_0_665" value="NP"/><!-- the ... Orbiters -->
  <feat xlink:href="#const_0_670" value="NP"/><!-- Houston -->
  <feat xlink:href="#const_6_670" value="S"/><!-- Houston ... shuttle -->
  <feat xlink:href="#const_10_670" value="S"/><!-- Houston ... &quot; -->
  <feat xlink:href="#const_11_670" value="ROOT"/><!-- Houston ... &quot; -->
  <feat xlink:href="#const_5_671" value="VP"/><!-- has ... shuttle -->
  <feat xlink:href="#const_4_672" value="VP"/><!-- played ... shuttle -->
  <feat xlink:href="#const_0_673" value="NP"/><!-- a ... role -->
  <feat xlink:href="#const_3_676" value="PP"/><!-- throughout ... shuttle -->
  <feat xlink:href="#const_0_677" value="NP"/><!-- the life -->
  <feat xlink:href="#const_2_677" value="NP"/><!-- the ... shuttle -->
  <feat xlink:href="#const_1_679" value="PP"/><!-- of ... shuttle -->
  <feat xlink:href="#const_0_680" value="NP"/><!-- the ... shuttle -->
  <feat xlink:href="#const_0_685" value="NP"/><!-- it -->
  <feat xlink:href="#const_9_685" value="S"/><!-- it ... fleet -->
  <feat xlink:href="#const_8_686" value="VP"/><!-- is ... fleet -->
  <feat xlink:href="#const_7_687" value="ADJP"/><!-- clear ... fleet -->
  <feat xlink:href="#const_0_688" value="NP"/><!-- political favors -->
  <feat xlink:href="#const_5_688" value="S"/><!-- political ... fleet -->
  <feat xlink:href="#const_6_688" value="SBAR"/><!-- political ... fleet -->
  <feat xlink:href="#const_4_690" value="VP"/><!-- trumped ... fleet -->
  <feat xlink:href="#const_0_691" value="NP"/><!-- common ... fairness -->
  <feat xlink:href="#const_3_695" value="PP"/><!-- in ... locations -->
  <feat xlink:href="#const_0_696" value="NP"/><!-- the selection -->
  <feat xlink:href="#const_2_696" value="NP"/><!-- the ... locations -->
  <feat xlink:href="#const_1_698" value="PP"/><!-- of ... locations -->
  <feat xlink:href="#const_0_699" value="NP"/><!-- the ... locations -->
  <feat xlink:href="#const_1_702" value="PP"/><!-- for ... fleet -->
  <feat xlink:href="#const_0_703" value="NP"/><!-- the ... fleet -->
  <feat xlink:href="#const_0_708" value="NP"/><!-- Cornyn s -->
  <feat xlink:href="#const_1_708" value="NP"/><!-- Cornyn ... statement -->
  <feat xlink:href="#const_16_708" value="S"/><!-- Cornyn ...  orbiters -->
  <feat xlink:href="#const_17_708" value="FRAG"/><!-- Cornyn ... . -->
  <feat xlink:href="#const_18_708" value="ROOT"/><!-- Cornyn ... . -->
  <feat xlink:href="#const_15_711" value="VP"/><!-- added ...  orbiters -->
  <feat xlink:href="#const_0_714" value="NP"/><!-- There -->
  <feat xlink:href="#const_14_714" value="S"/><!-- There ...  orbiters -->
  <feat xlink:href="#const_13_715" value="VP"/><!-- is ...  orbiters -->
  <feat xlink:href="#const_0_716" value="NP"/><!-- no question -->
  <feat xlink:href="#const_12_716" value="NP"/><!-- no ...  orbiters -->
  <feat xlink:href="#const_0_718" value="NP"/><!-- Houston -->
  <feat xlink:href="#const_10_718" value="S"/><!-- Houston ...  orbiters -->
  <feat xlink:href="#const_11_718" value="SBAR"/><!-- Houston ...  orbiters -->
  <feat xlink:href="#const_9_719" value="VP"/><!-- should ...  orbiters -->
  <feat xlink:href="#const_8_720" value="VP"/><!-- have ...  orbiters -->
  <feat xlink:href="#const_7_721" value="VP"/><!-- been ...  orbiters -->
  <feat xlink:href="#const_6_722" value="VP"/><!-- selected ...  orbiters -->
  <feat xlink:href="#const_5_723" value="PP"/><!-- as ...  orbiters -->
  <feat xlink:href="#const_0_724" value="NP"/><!-- a ... home -->
  <feat xlink:href="#const_4_724" value="NP"/><!-- a ...  orbiters -->
  <feat xlink:href="#const_3_727" value="PP"/><!-- for ...  orbiters -->
  <feat xlink:href="#const_0_728" value="NP"/><!-- one -->
  <feat xlink:href="#const_2_728" value="NP"/><!-- one ...  orbiters -->
  <feat xlink:href="#const_1_729" value="PP"/><!-- of ...  orbiters -->
  <feat xlink:href="#const_0_730" value="NP"/><!-- the  orbiters -->
  <feat xlink:href="#const_0_733" value="ADVP"/><!-- even -->
  <feat xlink:href="#const_6_733" value="FRAG"/><!-- even ... much -->
  <feat xlink:href="#const_0_734" value="NP"/><!-- Administrator Bolden -->
  <feat xlink:href="#const_5_734" value="NP"/><!-- Administrator ... much -->
  <feat xlink:href="#const_2_736" value="VP"/><!-- stated ... much -->
  <feat xlink:href="#const_3_736" value="S"/><!-- stated ... much -->
  <feat xlink:href="#const_4_736" value="SBAR"/><!-- stated ... much -->
  <feat xlink:href="#const_1_737" value="PP"/><!-- as much -->
  <feat xlink:href="#const_0_738" value="ADJP"/><!-- much -->
  <feat xlink:href="#const_0_740" value="NP"/><!-- Today s -->
  <feat xlink:href="#const_1_740" value="NP"/><!-- Today ... announcement -->
  <feat xlink:href="#const_12_740" value="S"/><!-- Today ... “ -->
  <feat xlink:href="#const_13_740" value="ROOT"/><!-- Today ... “ -->
  <feat xlink:href="#const_11_743" value="VP"/><!-- is ... “ -->
  <feat xlink:href="#const_0_744" value="NP"/><!-- an affront -->
  <feat xlink:href="#const_10_744" value="NP"/><!-- an ... “ -->
  <feat xlink:href="#const_9_746" value="PP"/><!-- to ... “ -->
  <feat xlink:href="#const_0_747" value="NP"/><!-- the thousands -->
  <feat xlink:href="#const_8_747" value="NP"/><!-- the ... “ -->
  <feat xlink:href="#const_7_749" value="PP"/><!-- of ... . -->
  <feat xlink:href="#const_0_750" value="ADJP"/><!-- dedicated -->
  <feat xlink:href="#const_1_750" value="NP"/><!-- dedicated ... women -->
  <feat xlink:href="#const_5_750" value="NP"/><!-- dedicated ... , -->
  <feat xlink:href="#const_6_750" value="UCP"/><!-- dedicated ... . -->
  <feat xlink:href="#const_4_754" value="PP"/><!-- at ... , -->
  <feat xlink:href="#const_0_755" value="NP"/><!-- Johnson ... Center -->
  <feat xlink:href="#const_3_755" value="NP"/><!-- Johnson ... , -->
  <feat xlink:href="#const_0_759" value="NP"/><!-- the ... community -->
  <feat xlink:href="#const_0_764" value="NP"/><!-- the State -->
  <feat xlink:href="#const_2_764" value="NP"/><!-- the ... Texas -->
  <feat xlink:href="#const_1_766" value="PP"/><!-- of Texas -->
  <feat xlink:href="#const_0_767" value="NP"/><!-- Texas -->
  <feat xlink:href="#const_0_770" value="NP"/><!-- I -->
  <feat xlink:href="#const_5_770" value="S"/><!-- I ... decision -->
  <feat xlink:href="#const_4_771" value="VP"/><!-- m ... decision -->
  <feat xlink:href="#const_3_772" value="ADJP"/><!-- deeply ... decision -->
  <feat xlink:href="#const_2_774" value="PP"/><!-- with ... decision -->
  <feat xlink:href="#const_0_775" value="NP"/><!-- the ... s -->
  <feat xlink:href="#const_1_775" value="NP"/><!-- the ... decision -->
  <feat xlink:href="#const_0_782" value="ADVP"/><!-- However -->
  <feat xlink:href="#const_4_782" value="S"/><!-- However ... . -->
  <feat xlink:href="#const_5_782" value="ROOT"/><!-- However ... . -->
  <feat xlink:href="#const_0_784" value="NP"/><!-- the JSC -->
  <feat xlink:href="#const_3_786" value="VP"/><!-- will ... deck -->
  <feat xlink:href="#const_2_787" value="VP"/><!-- recieve ... deck -->
  <feat xlink:href="#const_0_788" value="NP"/><!-- pilot ... seats -->
  <feat xlink:href="#const_1_792" value="PP"/><!-- from ... deck -->
  <feat xlink:href="#const_0_793" value="NP"/><!-- the ... deck -->
  <feat xlink:href="#const_0_797" value="NP"/><!-- The Museum -->
  <feat xlink:href="#const_4_797" value="NP"/><!-- The ... Washington -->
  <feat xlink:href="#const_12_797" value="S"/><!-- The ... . -->
  <feat xlink:href="#const_13_797" value="ROOT"/><!-- The ... . -->
  <feat xlink:href="#const_3_799" value="PP"/><!-- of ... Washington -->
  <feat xlink:href="#const_0_800" value="NP"/><!-- Flight -->
  <feat xlink:href="#const_2_800" value="NP"/><!-- Flight ... Washington -->
  <feat xlink:href="#const_1_801" value="PP"/><!-- in ... Washington -->
  <feat xlink:href="#const_0_802" value="NP"/><!-- Seattle ... Washington -->
  <feat xlink:href="#const_11_805" value="VP"/><!-- was ... orbiter -->
  <feat xlink:href="#const_0_806" value="ADVP"/><!-- also -->
  <feat xlink:href="#const_10_807" value="VP"/><!-- proposed ... orbiter -->
  <feat xlink:href="#const_9_808" value="PP"/><!-- as ... orbiter -->
  <feat xlink:href="#const_0_809" value="NP"/><!-- another location -->
  <feat xlink:href="#const_8_809" value="NP"/><!-- another ... orbiter -->
  <feat xlink:href="#const_1_811" value="PP"/><!-- for ... shuttle -->
  <feat xlink:href="#const_0_812" value="NP"/><!-- a shuttle -->
  <feat xlink:href="#const_7_815" value="VP"/><!-- going ... orbiter -->
  <feat xlink:href="#const_0_816" value="ADVP"/><!-- so ... as -->
  <feat xlink:href="#const_5_819" value="VP"/><!-- to ... orbiter -->
  <feat xlink:href="#const_6_819" value="S"/><!-- to ... orbiter -->
  <feat xlink:href="#const_4_820" value="VP"/><!-- build ... orbiter -->
  <feat xlink:href="#const_0_821" value="NP"/><!-- a ... building -->
  <feat xlink:href="#const_2_824" value="VP"/><!-- to ... orbiter -->
  <feat xlink:href="#const_3_824" value="S"/><!-- to ... orbiter -->
  <feat xlink:href="#const_1_825" value="VP"/><!-- house ... orbiter -->
  <feat xlink:href="#const_0_826" value="NP"/><!-- an orbiter -->
  <feat xlink:href="#const_1_829" value="PP"/><!-- In ... statement -->
  <feat xlink:href="#const_9_829" value="S"/><!-- In ... . -->
  <feat xlink:href="#const_10_829" value="ROOT"/><!-- In ... . -->
  <feat xlink:href="#const_0_830" value="NP"/><!-- a statement -->
  <feat xlink:href="#const_0_833" value="NP"/><!-- Governor -->
  <feat xlink:href="#const_2_833" value="NP"/><!-- Governor ... Gregoire -->
  <feat xlink:href="#const_1_834" value="PP"/><!-- of ... Gregoire -->
  <feat xlink:href="#const_0_835" value="NP"/><!-- Washington ... Gregoire -->
  <feat xlink:href="#const_8_838" value="VP"/><!-- said ... Northwest -->
  <feat xlink:href="#const_0_841" value="NP"/><!-- The Museum -->
  <feat xlink:href="#const_2_841" value="NP"/><!-- The ... Flight -->
  <feat xlink:href="#const_7_841" value="S"/><!-- The ... Northwest -->
  <feat xlink:href="#const_1_843" value="PP"/><!-- of Flight -->
  <feat xlink:href="#const_0_844" value="NP"/><!-- Flight -->
  <feat xlink:href="#const_6_845" value="VP"/><!-- put ... Northwest -->
  <feat xlink:href="#const_0_846" value="NP"/><!-- a ... amount -->
  <feat xlink:href="#const_2_846" value="NP"/><!-- a ... effort -->
  <feat xlink:href="#const_1_849" value="PP"/><!-- of effort -->
  <feat xlink:href="#const_0_850" value="NP"/><!-- effort -->
  <feat xlink:href="#const_5_851" value="PP"/><!-- into ... Northwest -->
  <feat xlink:href="#const_3_852" value="VP"/><!-- landing ... Northwest -->
  <feat xlink:href="#const_4_852" value="S"/><!-- landing ... Northwest -->
  <feat xlink:href="#const_0_853" value="NP"/><!-- a ... shuttle -->
  <feat xlink:href="#const_2_853" value="NP"/><!-- a ... Northwest -->
  <feat xlink:href="#const_1_856" value="PP"/><!-- in ... Northwest -->
  <feat xlink:href="#const_0_857" value="NP"/><!-- the ... Northwest -->
  <feat xlink:href="#const_8_861" value="PP"/><!-- As ... years -->
  <feat xlink:href="#const_9_861" value="S"/><!-- As ... . -->
  <feat xlink:href="#const_10_861" value="ROOT"/><!-- As ... . -->
  <feat xlink:href="#const_0_862" value="NP"/><!-- the home -->
  <feat xlink:href="#const_7_862" value="NP"/><!-- the ... years -->
  <feat xlink:href="#const_2_864" value="PP"/><!-- of ... 747 -->
  <feat xlink:href="#const_0_865" value="NP"/><!-- modern ... travel -->
  <feat xlink:href="#const_1_865" value="NP"/><!-- modern ... 747 -->
  <feat xlink:href="#const_0_870" value="NP"/><!-- the 747 -->
  <feat xlink:href="#const_0_873" value="WHNP"/><!-- which -->
  <feat xlink:href="#const_6_873" value="SBAR"/><!-- which ... years -->
  <feat xlink:href="#const_4_874" value="VP"/><!-- has ... years -->
  <feat xlink:href="#const_5_874" value="S"/><!-- has ... years -->
  <feat xlink:href="#const_0_875" value="ADVP"/><!-- gracefully -->
  <feat xlink:href="#const_3_876" value="VP"/><!-- transported ... years -->
  <feat xlink:href="#const_0_877" value="NP"/><!-- shuttles -->
  <feat xlink:href="#const_2_877" value="NP"/><!-- shuttles ... years -->
  <feat xlink:href="#const_1_878" value="PP"/><!-- for ... years -->
  <feat xlink:href="#const_0_879" value="NP"/><!-- the ... years -->
  <feat xlink:href="#const_0_884" value="NP"/><!-- Seattle -->
  <feat xlink:href="#const_3_885" value="VP"/><!-- would ... fit -->
  <feat xlink:href="#const_2_886" value="VP"/><!-- have ... fit -->
  <feat xlink:href="#const_1_887" value="VP"/><!-- been ... fit -->
  <feat xlink:href="#const_0_888" value="NP"/><!-- a ... fit -->
  <feat xlink:href="#const_0_892" value="WHADVP"/><!-- While -->
  <feat xlink:href="#const_4_892" value="SBAR"/><!-- While ... running -->
  <feat xlink:href="#const_7_892" value="S"/><!-- While ... . -->
  <feat xlink:href="#const_8_892" value="ROOT"/><!-- While ... . -->
  <feat xlink:href="#const_0_893" value="NP"/><!-- the Museum -->
  <feat xlink:href="#const_2_893" value="NP"/><!-- the ... Flight -->
  <feat xlink:href="#const_3_893" value="S"/><!-- the ... running -->
  <feat xlink:href="#const_1_895" value="PP"/><!-- of Flight -->
  <feat xlink:href="#const_0_896" value="NP"/><!-- Flight -->
  <feat xlink:href="#const_2_897" value="VP"/><!-- was ... running -->
  <feat xlink:href="#const_1_898" value="PP"/><!-- in ... running -->
  <feat xlink:href="#const_0_899" value="NP"/><!-- the ... running -->
  <feat xlink:href="#const_0_903" value="NP"/><!-- I -->
  <feat xlink:href="#const_6_904" value="VP"/><!-- m ... them -->
  <feat xlink:href="#const_5_905" value="ADJP"/><!-- disappointed ... them -->
  <feat xlink:href="#const_4_906" value="SBAR"/><!-- that ... them -->
  <feat xlink:href="#const_0_907" value="NP"/><!-- NASA -->
  <feat xlink:href="#const_3_907" value="S"/><!-- NASA ... them -->
  <feat xlink:href="#const_2_908" value="VP"/><!-- did ... them -->
  <feat xlink:href="#const_1_910" value="VP"/><!-- choose them -->
  <feat xlink:href="#const_0_911" value="NP"/><!-- them -->
  <feat xlink:href="#const_1_913" value="PP"/><!-- In 2008 -->
  <feat xlink:href="#const_4_913" value="S"/><!-- In ... . -->
  <feat xlink:href="#const_5_913" value="ROOT"/><!-- In ... . -->
  <feat xlink:href="#const_0_914" value="NP"/><!-- 2008 -->
  <feat xlink:href="#const_0_916" value="NP"/><!-- Endeavour ... Atlantis -->
  <feat xlink:href="#const_3_919" value="VP"/><!-- await ... launchpads -->
  <feat xlink:href="#const_0_920" value="NP"/><!-- a journey -->
  <feat xlink:href="#const_2_920" value="NP"/><!-- a ... launchpads -->
  <feat xlink:href="#const_1_922" value="PP"/><!-- on ... launchpads -->
  <feat xlink:href="#const_0_923" value="NP"/><!-- their ... launchpads -->
  <feat xlink:href="#const_0_927" value="NP"/><!-- Image -->
  <feat xlink:href="#const_1_927" value="NP"/><!-- Image ... . -->
  <feat xlink:href="#const_2_927" value="ROOT"/><!-- Image ... . -->
  <feat xlink:href="#const_0_929" value="NP"/><!-- NASA -->
  <feat xlink:href="#const_8_931" value="S"/><!-- &quot; ... . -->
  <feat xlink:href="#const_9_931" value="ROOT"/><!-- &quot; ... . -->
  <feat xlink:href="#const_0_932" value="ADVP"/><!-- However -->
  <feat xlink:href="#const_0_934" value="NP"/><!-- the ... trainer -->
  <feat xlink:href="#const_7_934" value="NP"/><!-- the ... , -->
  <feat xlink:href="#const_6_939" value="SBAR"/><!-- that ... on -->
  <feat xlink:href="#const_0_940" value="NP"/><!-- every astronaut -->
  <feat xlink:href="#const_4_940" value="NP"/><!-- every ... Dunbar -->
  <feat xlink:href="#const_5_940" value="S"/><!-- every ... on -->
  <feat xlink:href="#const_3_942" value="PP"/><!-- including ... Dunbar -->
  <feat xlink:href="#const_0_943" value="NP"/><!-- [ ... Museum -->
  <feat xlink:href="#const_2_943" value="NP"/><!-- [ ... Dunbar -->
  <feat xlink:href="#const_1_946" value="PP"/><!-- of ... Dunbar -->
  <feat xlink:href="#const_0_947" value="NP"/><!-- Flight ... Dunbar -->
  <feat xlink:href="#const_3_952" value="VP"/><!-- has ... on -->
  <feat xlink:href="#const_2_953" value="VP"/><!-- been ... on -->
  <feat xlink:href="#const_1_954" value="VP"/><!-- trained on -->
  <feat xlink:href="#const_0_955" value="PP"/><!-- on -->
  <feat xlink:href="#const_4_957" value="VP"/><!-- will ... home -->
  <feat xlink:href="#const_0_958" value="ADVP"/><!-- soon -->
  <feat xlink:href="#const_3_959" value="VP"/><!-- call ... home -->
  <feat xlink:href="#const_0_960" value="NP"/><!-- the Museum -->
  <feat xlink:href="#const_2_960" value="NP"/><!-- the ... home -->
  <feat xlink:href="#const_1_962" value="PP"/><!-- of ... home -->
  <feat xlink:href="#const_0_963" value="NP"/><!-- Flight home -->
  <feat xlink:href="#const_0_966" value="NP"/><!-- The largest -->
  <feat xlink:href="#const_3_966" value="NP"/><!-- The ... addition -->
  <feat xlink:href="#const_10_966" value="S"/><!-- The ... . -->
  <feat xlink:href="#const_11_966" value="ROOT"/><!-- The ... . -->
  <feat xlink:href="#const_2_968" value="PP"/><!-- of ... addition -->
  <feat xlink:href="#const_0_969" value="NP"/><!-- the trainers -->
  <feat xlink:href="#const_1_969" value="NP"/><!-- the ... addition -->
  <feat xlink:href="#const_0_972" value="NP"/><!-- this addition -->
  <feat xlink:href="#const_9_974" value="VP"/><!-- will ... get -->
  <feat xlink:href="#const_8_975" value="VP"/><!-- allow ... get -->
  <feat xlink:href="#const_0_976" value="NP"/><!-- visitors -->
  <feat xlink:href="#const_7_976" value="S"/><!-- visitors ... get -->
  <feat xlink:href="#const_6_977" value="VP"/><!-- to ... get -->
  <feat xlink:href="#const_0_978" value="ADVP"/><!-- actually -->
  <feat xlink:href="#const_2_978" value="VP"/><!-- actually ... trainer -->
  <feat xlink:href="#const_5_978" value="VP"/><!-- actually ... get -->
  <feat xlink:href="#const_1_980" value="PP"/><!-- aboard ... trainer -->
  <feat xlink:href="#const_0_981" value="NP"/><!-- the trainer -->
  <feat xlink:href="#const_4_984" value="VP"/><!-- experience ... get -->
  <feat xlink:href="#const_0_985" value="NP"/><!-- the ... training -->
  <feat xlink:href="#const_3_985" value="NP"/><!-- the ... get -->
  <feat xlink:href="#const_0_988" value="WHNP"/><!-- that astronauts -->
  <feat xlink:href="#const_2_988" value="SBAR"/><!-- that ... get -->
  <feat xlink:href="#const_0_990" value="VP"/><!-- get -->
  <feat xlink:href="#const_1_990" value="S"/><!-- get -->
  <feat xlink:href="#const_0_992" value="NP"/><!-- Visitors -->
  <feat xlink:href="#const_5_992" value="S"/><!-- Visitors ... shuttles -->
  <feat xlink:href="#const_6_992" value="S"/><!-- Visitors ... . -->
  <feat xlink:href="#const_7_992" value="ROOT"/><!-- Visitors ... . -->
  <feat xlink:href="#const_4_993" value="VP"/><!-- will ... shuttles -->
  <feat xlink:href="#const_3_995" value="VP"/><!-- be ... shuttles -->
  <feat xlink:href="#const_2_996" value="VP"/><!-- allowed ... shuttles -->
  <feat xlink:href="#const_1_997" value="PP"/><!-- in ... shuttles -->
  <feat xlink:href="#const_0_998" value="NP"/><!-- the ... shuttles -->
  <feat xlink:href="#const_0_1002" value="NP"/><!-- this trainer -->
  <feat xlink:href="#const_4_1002" value="S"/><!-- this ... museum -->
  <feat xlink:href="#const_3_1004" value="VP"/><!-- is ... museum -->
  <feat xlink:href="#const_1_1005" value="NP"/><!-- a ... win -->
  <feat xlink:href="#const_2_1005" value="NP"/><!-- a ... museum -->
  <feat xlink:href="#const_0_1006" value="ADJP"/><!-- True -->
  <feat xlink:href="#const_1_1008" value="PP"/><!-- for ... museum -->
  <feat xlink:href="#const_0_1009" value="NP"/><!-- our ... museum -->
  <feat xlink:href="#const_0_1013" value="NP"/><!-- It -->
  <feat xlink:href="#const_10_1013" value="S"/><!-- It ... &quot; -->
  <feat xlink:href="#const_11_1013" value="ROOT"/><!-- It ... &quot; -->
  <feat xlink:href="#const_9_1014" value="VP"/><!-- will ... math -->
  <feat xlink:href="#const_8_1015" value="VP"/><!-- help ... math -->
  <feat xlink:href="#const_7_1016" value="VP"/><!-- inspire ... math -->
  <feat xlink:href="#const_0_1017" value="NP"/><!-- young people -->
  <feat xlink:href="#const_3_1019" value="PP"/><!-- to ... space -->
  <feat xlink:href="#const_6_1019" value="PP"/><!-- to ... math -->
  <feat xlink:href="#const_0_1020" value="NP"/><!-- the adventure -->
  <feat xlink:href="#const_2_1020" value="NP"/><!-- the ... space -->
  <feat xlink:href="#const_1_1022" value="PP"/><!-- of space -->
  <feat xlink:href="#const_0_1023" value="NP"/><!-- space -->
  <feat xlink:href="#const_5_1025" value="PP"/><!-- to ... math -->
  <feat xlink:href="#const_0_1026" value="NP"/><!-- the excitement -->
  <feat xlink:href="#const_4_1026" value="NP"/><!-- the ... math -->
  <feat xlink:href="#const_3_1028" value="PP"/><!-- of ... math -->
  <feat xlink:href="#const_0_1029" value="NP"/><!-- a career -->
  <feat xlink:href="#const_2_1029" value="NP"/><!-- a ... math -->
  <feat xlink:href="#const_1_1031" value="PP"/><!-- in ... math -->
  <feat xlink:href="#const_0_1032" value="NP"/><!-- science ... math -->
  <feat xlink:href="#const_0_1041" value="NP"/><!-- Today s -->
  <feat xlink:href="#const_1_1041" value="NP"/><!-- Today ... announcement -->
  <feat xlink:href="#const_6_1041" value="S"/><!-- Today ... Texas -->
  <feat xlink:href="#const_7_1041" value="S"/><!-- Today ... . -->
  <feat xlink:href="#const_8_1041" value="ROOT"/><!-- Today ... . -->
  <feat xlink:href="#const_5_1044" value="VP"/><!-- is ... Texas -->
  <feat xlink:href="#const_0_1045" value="NP"/><!-- an affront -->
  <feat xlink:href="#const_3_1047" value="PP"/><!-- to ... women -->
  <feat xlink:href="#const_0_1048" value="NP"/><!-- the thousands -->
  <feat xlink:href="#const_2_1048" value="NP"/><!-- the ... women -->
  <feat xlink:href="#const_1_1050" value="PP"/><!-- of ... women -->
  <feat xlink:href="#const_0_1051" value="NP"/><!-- dedicated ... women -->
  <feat xlink:href="#const_4_1055" value="PP"/><!-- at ... Texas -->
  <feat xlink:href="#const_0_1056" value="NP"/><!-- Johnson ... Center -->
  <feat xlink:href="#const_3_1056" value="NP"/><!-- Johnson ... Texas -->
  <feat xlink:href="#const_0_1060" value="NP"/><!-- the ... community -->
  <feat xlink:href="#const_0_1065" value="NP"/><!-- the State -->
  <feat xlink:href="#const_2_1065" value="NP"/><!-- the ... Texas -->
  <feat xlink:href="#const_1_1067" value="PP"/><!-- of Texas -->
  <feat xlink:href="#const_0_1068" value="NP"/><!-- Texas -->
  <feat xlink:href="#const_0_1071" value="NP"/><!-- I -->
  <feat xlink:href="#const_5_1071" value="S"/><!-- I ... decision -->
  <feat xlink:href="#const_4_1072" value="VP"/><!-- m ... decision -->
  <feat xlink:href="#const_3_1073" value="ADJP"/><!-- deeply ... decision -->
  <feat xlink:href="#const_2_1075" value="PP"/><!-- with ... decision -->
  <feat xlink:href="#const_0_1076" value="NP"/><!-- the ... s -->
  <feat xlink:href="#const_1_1076" value="NP"/><!-- the ... decision -->
  <feat xlink:href="#const_0_1082" value="NP"/><!-- John ... Senator -->
  <feat xlink:href="#const_2_1082" value="NP"/><!-- John ... ) -->
  <feat xlink:href="#const_3_1082" value="ROOT"/><!-- John ... ) -->
  <feat xlink:href="#const_1_1087" value="PRN"/><!-- ( ... ) -->
  <feat xlink:href="#const_0_1088" value="NP"/><!-- R-Texas -->
  <feat xlink:href="#const_0_1090" value="NP"/><!-- Other items -->
  <feat xlink:href="#const_12_1090" value="S"/><!-- Other ... . -->
  <feat xlink:href="#const_13_1090" value="ROOT"/><!-- Other ... . -->
  <feat xlink:href="#const_11_1092" value="VP"/><!-- include ... Department -->
  <feat xlink:href="#const_0_1093" value="NP"/><!-- various ... simulators -->
  <feat xlink:href="#const_9_1093" value="NP"/><!-- various ... Illinois -->
  <feat xlink:href="#const_10_1093" value="NP"/><!-- various ... Department -->
  <feat xlink:href="#const_0_1096" value="WHNP"/><!-- which -->
  <feat xlink:href="#const_8_1096" value="SBAR"/><!-- which ... Illinois -->
  <feat xlink:href="#const_6_1097" value="VP"/><!-- will ... Illinois -->
  <feat xlink:href="#const_7_1097" value="S"/><!-- will ... Illinois -->
  <feat xlink:href="#const_5_1098" value="VP"/><!-- be ... Illinois -->
  <feat xlink:href="#const_4_1099" value="VP"/><!-- given ... Illinois -->
  <feat xlink:href="#const_3_1100" value="PP"/><!-- to ... Illinois -->
  <feat xlink:href="#const_0_1101" value="NP"/><!-- the ... Planetarium -->
  <feat xlink:href="#const_2_1101" value="NP"/><!-- the ... Illinois -->
  <feat xlink:href="#const_1_1104" value="PP"/><!-- in ... Illinois -->
  <feat xlink:href="#const_0_1105" value="NP"/><!-- Chicago ... Illinois -->
  <feat xlink:href="#const_0_1109" value="NP"/><!-- the ... Museum -->
  <feat xlink:href="#const_2_1109" value="NP"/><!-- the ... Oregon -->
  <feat xlink:href="#const_1_1115" value="PP"/><!-- of ... Oregon -->
  <feat xlink:href="#const_0_1116" value="NP"/><!-- McMinnville ... Oregon -->
  <feat xlink:href="#const_0_1121" value="NP"/><!-- Texas ... s -->
  <feat xlink:href="#const_1_1121" value="NP"/><!-- Texas ... Department -->
  <feat xlink:href="#const_0_1128" value="NP"/><!-- The ... trainer -->
  <feat xlink:href="#const_6_1128" value="NP"/><!-- The ... . -->
  <feat xlink:href="#const_7_1128" value="ROOT"/><!-- The ... . -->
  <feat xlink:href="#const_1_1136" value="PP"/><!-- for ... Museum -->
  <feat xlink:href="#const_0_1137" value="NP"/><!-- the ... Museum -->
  <feat xlink:href="#const_1_1140" value="PP"/><!-- of ... Force -->
  <feat xlink:href="#const_0_1141" value="NP"/><!-- the ... Force -->
  <feat xlink:href="#const_5_1145" value="PP"/><!-- at ... Museum -->
  <feat xlink:href="#const_0_1146" value="NP"/><!-- Wright-Patterson ... Base -->
  <feat xlink:href="#const_2_1146" value="NP"/><!-- Wright-Patterson ... Ohio -->
  <feat xlink:href="#const_4_1146" value="NP"/><!-- Wright-Patterson ... Museum -->
  <feat xlink:href="#const_1_1150" value="PP"/><!-- in Ohio -->
  <feat xlink:href="#const_0_1151" value="NP"/><!-- Ohio -->
  <feat xlink:href="#const_0_1153" value="NP"/><!-- orbital ... engines -->
  <feat xlink:href="#const_3_1153" value="NP"/><!-- orbital ... Museum -->
  <feat xlink:href="#const_1_1157" value="PP"/><!-- for ... Center -->
  <feat xlink:href="#const_0_1158" value="NP"/><!-- the ... Center -->
  <feat xlink:href="#const_2_1164" value="PP"/><!-- in ... Museum -->
  <feat xlink:href="#const_0_1165" value="NP"/><!-- Huntsville -->
  <feat xlink:href="#const_1_1165" value="NP"/><!-- Huntsville ... Museum -->
  <feat xlink:href="#const_0_1167" value="NP"/><!-- Alabama -->
  <feat xlink:href="#const_0_1169" value="NP"/><!-- the ... Museum -->
  <feat xlink:href="#const_0_1177" value="NP"/><!-- the ... Museum -->
  <feat xlink:href="#const_0_1184" value="NP"/><!-- NASA -->
  <feat xlink:href="#const_14_1184" value="S"/><!-- NASA ... . -->
  <feat xlink:href="#const_15_1184" value="ROOT"/><!-- NASA ... . -->
  <feat xlink:href="#const_13_1185" value="VP"/><!-- is ... students -->
  <feat xlink:href="#const_0_1186" value="ADVP"/><!-- also -->
  <feat xlink:href="#const_12_1187" value="VP"/><!-- offering ... students -->
  <feat xlink:href="#const_0_1188" value="NP"/><!-- shuttle heat -->
  <feat xlink:href="#const_0_1190" value="NP"/><!-- shield tiles -->
  <feat xlink:href="#const_11_1192" value="PP"/><!-- to ... students -->
  <feat xlink:href="#const_0_1193" value="NP"/><!-- schools ... universities -->
  <feat xlink:href="#const_10_1193" value="NP"/><!-- schools ... students -->
  <feat xlink:href="#const_0_1196" value="WHNP"/><!-- that -->
  <feat xlink:href="#const_9_1196" value="SBAR"/><!-- that ... students -->
  <feat xlink:href="#const_7_1197" value="VP"/><!-- want ... students -->
  <feat xlink:href="#const_8_1197" value="S"/><!-- want ... students -->
  <feat xlink:href="#const_5_1198" value="VP"/><!-- to ... students -->
  <feat xlink:href="#const_6_1198" value="S"/><!-- to ... students -->
  <feat xlink:href="#const_4_1199" value="VP"/><!-- share ... students -->
  <feat xlink:href="#const_0_1200" value="NP"/><!-- technology -->
  <feat xlink:href="#const_3_1200" value="NP"/><!-- technology ... history -->
  <feat xlink:href="#const_0_1202" value="NP"/><!-- a piece -->
  <feat xlink:href="#const_2_1202" value="NP"/><!-- a ... history -->
  <feat xlink:href="#const_1_1204" value="PP"/><!-- of ... history -->
  <feat xlink:href="#const_0_1205" value="NP"/><!-- space history -->
  <feat xlink:href="#const_1_1207" value="PP"/><!-- with ... students -->
  <feat xlink:href="#const_0_1208" value="NP"/><!-- their students -->
  <feat xlink:href="#const_0_1211" value="NP"/><!-- The ... anniversary -->
  <feat xlink:href="#const_2_1211" value="NP"/><!-- The ... mission -->
  <feat xlink:href="#const_10_1211" value="S"/><!-- The ... . -->
  <feat xlink:href="#const_11_1211" value="ROOT"/><!-- The ... . -->
  <feat xlink:href="#const_1_1214" value="PP"/><!-- of ... mission -->
  <feat xlink:href="#const_0_1215" value="NP"/><!-- the ... mission -->
  <feat xlink:href="#const_9_1219" value="VP"/><!-- coincided ... space -->
  <feat xlink:href="#const_8_1220" value="PP"/><!-- with ... space -->
  <feat xlink:href="#const_0_1221" value="NP"/><!-- the ... anniversary -->
  <feat xlink:href="#const_7_1221" value="NP"/><!-- the ... space -->
  <feat xlink:href="#const_6_1224" value="PP"/><!-- of ... space -->
  <feat xlink:href="#const_0_1225" value="NP"/><!-- the ... flight -->
  <feat xlink:href="#const_5_1225" value="NP"/><!-- the ... space -->
  <feat xlink:href="#const_0_1230" value="WHADVP"/><!-- when -->
  <feat xlink:href="#const_4_1230" value="SBAR"/><!-- when ... space -->
  <feat xlink:href="#const_0_1231" value="NP"/><!-- Yuri Gagarin -->
  <feat xlink:href="#const_3_1231" value="S"/><!-- Yuri ... space -->
  <feat xlink:href="#const_2_1233" value="VP"/><!-- lifted ... space -->
  <feat xlink:href="#const_0_1234" value="PRT"/><!-- off -->
  <feat xlink:href="#const_1_1235" value="PP"/><!-- aboard ... 1 -->
  <feat xlink:href="#const_0_1236" value="NP"/><!-- Vostok 1 -->
  <feat xlink:href="#const_1_1238" value="PP"/><!-- into space -->
  <feat xlink:href="#const_0_1239" value="NP"/><!-- space -->
</featList>
</paula>
