<?xml version="1.0" encoding="UTF-8" standalone="no"?>

<!DOCTYPE paula SYSTEM "paula_feat.dtd">
<paula version="1.0">

<header paula_id="ref.GUM.GUM_news_nasa.referentSeg_entity"/>

<featList xmlns:xlink="http://www.w3.org/1999/xlink" type="entity" xml:base="ref.GUM.GUM_news_nasa.referentSeg.xml">
	<feat xlink:href="#referent_1" value="organization"/>
	<feat xlink:href="#referent_2" value="person"/>
	<feat xlink:href="#referent_3" value="organization"/>
	<feat xlink:href="#referent_4" value="event"/>
	<feat xlink:href="#referent_5" value="object"/>
	<feat xlink:href="#referent_6" value="time"/>
	<feat xlink:href="#referent_7" value="time"/>
	<feat xlink:href="#referent_8" value="event"/>
	<feat xlink:href="#referent_9" value="place"/>
	<feat xlink:href="#referent_10" value="place"/>
	<feat xlink:href="#referent_11" value="place"/>
	<feat xlink:href="#referent_12" value="organization"/>
	<feat xlink:href="#referent_13" value="organization"/>
	<feat xlink:href="#referent_14" value="person"/>
	<feat xlink:href="#referent_15" value="event"/>
	<feat xlink:href="#referent_16" value="time"/>
	<feat xlink:href="#referent_17" value="object"/>
	<feat xlink:href="#referent_18" value="place"/>
	<feat xlink:href="#referent_19" value="event"/>
	<feat xlink:href="#referent_20" value="organization"/>
	<feat xlink:href="#referent_21" value="time"/>
	<feat xlink:href="#referent_22" value="place"/>
	<feat xlink:href="#referent_23" value="place"/>
	<feat xlink:href="#referent_24" value="object"/>
	<feat xlink:href="#referent_25" value="event"/>
	<feat xlink:href="#referent_26" value="abstract"/>
	<feat xlink:href="#referent_27" value="event"/>
	<feat xlink:href="#referent_28" value="person"/>
	<feat xlink:href="#referent_29" value="organization"/>
	<feat xlink:href="#referent_30" value="object"/>
	<feat xlink:href="#referent_31" value="place"/>
	<feat xlink:href="#referent_32" value="place"/>
	<feat xlink:href="#referent_33" value="place"/>
	<feat xlink:href="#referent_34" value="object"/>
	<feat xlink:href="#referent_35" value="object"/>
	<feat xlink:href="#referent_36" value="place"/>
	<feat xlink:href="#referent_37" value="object"/>
	<feat xlink:href="#referent_38" value="event"/>
	<feat xlink:href="#referent_39" value="object"/>
	<feat xlink:href="#referent_40" value="object"/>
	<feat xlink:href="#referent_41" value="object"/>
	<feat xlink:href="#referent_42" value="event"/>
	<feat xlink:href="#referent_43" value="place"/>
	<feat xlink:href="#referent_44" value="place"/>
	<feat xlink:href="#referent_45" value="time"/>
	<feat xlink:href="#referent_46" value="organization"/>
	<feat xlink:href="#referent_47" value="object"/>
	<feat xlink:href="#referent_48" value="event"/>
	<feat xlink:href="#referent_49" value="time"/>
	<feat xlink:href="#referent_50" value="place"/>
	<feat xlink:href="#referent_51" value="place"/>
	<feat xlink:href="#referent_52" value="object"/>
	<feat xlink:href="#referent_53" value="place"/>
	<feat xlink:href="#referent_54" value="place"/>
	<feat xlink:href="#referent_55" value="object"/>
	<feat xlink:href="#referent_56" value="event"/>
	<feat xlink:href="#referent_57" value="time"/>
	<feat xlink:href="#referent_58" value="object"/>
	<feat xlink:href="#referent_59" value="time"/>
	<feat xlink:href="#referent_60" value="object"/>
	<feat xlink:href="#referent_61" value="time"/>
	<feat xlink:href="#referent_62" value="person"/>
	<feat xlink:href="#referent_63" value="place"/>
	<feat xlink:href="#referent_64" value="abstract"/>
	<feat xlink:href="#referent_65" value="organization"/>
	<feat xlink:href="#referent_66" value="abstract"/>
	<feat xlink:href="#referent_67" value="place"/>
	<feat xlink:href="#referent_68" value="abstract"/>
	<feat xlink:href="#referent_69" value="abstract"/>
	<feat xlink:href="#referent_70" value="organization"/>
	<feat xlink:href="#referent_71" value="abstract"/>
	<feat xlink:href="#referent_72" value="person"/>
	<feat xlink:href="#referent_73" value="person"/>
	<feat xlink:href="#referent_74" value="organization"/>
	<feat xlink:href="#referent_75" value="object"/>
	<feat xlink:href="#referent_76" value="object"/>
	<feat xlink:href="#referent_77" value="organization"/>
	<feat xlink:href="#referent_78" value="person"/>
	<feat xlink:href="#referent_79" value="person"/>
	<feat xlink:href="#referent_80" value="place"/>
	<feat xlink:href="#referent_81" value="place"/>
	<feat xlink:href="#referent_82" value="place"/>
	<feat xlink:href="#referent_83" value="place"/>
	<feat xlink:href="#referent_84" value="organization"/>
	<feat xlink:href="#referent_85" value="object"/>
	<feat xlink:href="#referent_86" value="place"/>
	<feat xlink:href="#referent_87" value="person"/>
	<feat xlink:href="#referent_88" value="place"/>
	<feat xlink:href="#referent_89" value="person"/>
	<feat xlink:href="#referent_90" value="place"/>
	<feat xlink:href="#referent_91" value="place"/>
	<feat xlink:href="#referent_92" value="place"/>
	<feat xlink:href="#referent_93" value="place"/>
	<feat xlink:href="#referent_94" value="place"/>
	<feat xlink:href="#referent_95" value="person"/>
	<feat xlink:href="#referent_96" value="object"/>
	<feat xlink:href="#referent_97" value="place"/>
	<feat xlink:href="#referent_98" value="time"/>
	<feat xlink:href="#referent_99" value="object"/>
	<feat xlink:href="#referent_100" value="object"/>
	<feat xlink:href="#referent_101" value="object"/>
	<feat xlink:href="#referent_102" value="organization"/>
	<feat xlink:href="#referent_103" value="object"/>
	<feat xlink:href="#referent_104" value="place"/>
	<feat xlink:href="#referent_105" value="object"/>
	<feat xlink:href="#referent_106" value="place"/>
	<feat xlink:href="#referent_107" value="organization"/>
	<feat xlink:href="#referent_108" value="object"/>
	<feat xlink:href="#referent_109" value="object"/>
	<feat xlink:href="#referent_110" value="place"/>
	<feat xlink:href="#referent_111" value="object"/>
	<feat xlink:href="#referent_112" value="object"/>
	<feat xlink:href="#referent_113" value="place"/>
	<feat xlink:href="#referent_114" value="abstract"/>
	<feat xlink:href="#referent_115" value="event"/>
	<feat xlink:href="#referent_116" value="time"/>
	<feat xlink:href="#referent_117" value="event"/>
	<feat xlink:href="#referent_118" value="place"/>
	<feat xlink:href="#referent_119" value="object"/>
	<feat xlink:href="#referent_120" value="event"/>
	<feat xlink:href="#referent_121" value="abstract"/>
	<feat xlink:href="#referent_122" value="object"/>
	<feat xlink:href="#referent_123" value="place"/>
	<feat xlink:href="#referent_124" value="place"/>
	<feat xlink:href="#referent_125" value="object"/>
	<feat xlink:href="#referent_126" value="object"/>
	<feat xlink:href="#referent_127" value="abstract"/>
	<feat xlink:href="#referent_128" value="object"/>
	<feat xlink:href="#referent_129" value="abstract"/>
	<feat xlink:href="#referent_130" value="abstract"/>
	<feat xlink:href="#referent_131" value="abstract"/>
	<feat xlink:href="#referent_132" value="abstract"/>
	<feat xlink:href="#referent_133" value="place"/>
	<feat xlink:href="#referent_134" value="abstract"/>
	<feat xlink:href="#referent_135" value="abstract"/>
	<feat xlink:href="#referent_136" value="place"/>
	<feat xlink:href="#referent_137" value="object"/>
	<feat xlink:href="#referent_138" value="abstract"/>
	<feat xlink:href="#referent_139" value="place"/>
	<feat xlink:href="#referent_140" value="abstract"/>
	<feat xlink:href="#referent_141" value="abstract"/>
	<feat xlink:href="#referent_142" value="place"/>
	<feat xlink:href="#referent_143" value="person"/>
	<feat xlink:href="#referent_144" value="organization"/>
	<feat xlink:href="#referent_145" value="abstract"/>
	<feat xlink:href="#referent_146" value="place"/>
	<feat xlink:href="#referent_147" value="object"/>
	<feat xlink:href="#referent_148" value="place"/>
	<feat xlink:href="#referent_149" value="object"/>
	<feat xlink:href="#referent_150" value="place"/>
	<feat xlink:href="#referent_151" value="object"/>
	<feat xlink:href="#referent_152" value="place"/>
	<feat xlink:href="#referent_153" value="object"/>
	<feat xlink:href="#referent_154" value="organization"/>
	<feat xlink:href="#referent_155" value="place"/>
	<feat xlink:href="#referent_156" value="person"/>
	<feat xlink:href="#referent_157" value="person"/>
	<feat xlink:href="#referent_158" value="object"/>
	<feat xlink:href="#referent_159" value="object"/>
	<feat xlink:href="#referent_160" value="place"/>
	<feat xlink:href="#referent_161" value="object"/>
	<feat xlink:href="#referent_162" value="object"/>
	<feat xlink:href="#referent_163" value="place"/>
	<feat xlink:href="#referent_164" value="place"/>
	<feat xlink:href="#referent_165" value="place"/>
	<feat xlink:href="#referent_166" value="place"/>
	<feat xlink:href="#referent_167" value="organization"/>
	<feat xlink:href="#referent_168" value="object"/>
	<feat xlink:href="#referent_169" value="object"/>
	<feat xlink:href="#referent_170" value="place"/>
	<feat xlink:href="#referent_171" value="place"/>
	<feat xlink:href="#referent_172" value="object"/>
	<feat xlink:href="#referent_173" value="place"/>
	<feat xlink:href="#referent_174" value="place"/>
	<feat xlink:href="#referent_175" value="place"/>
	<feat xlink:href="#referent_176" value="abstract"/>
	<feat xlink:href="#referent_177" value="object"/>
	<feat xlink:href="#referent_178" value="organization"/>
	<feat xlink:href="#referent_179" value="organization"/>
	<feat xlink:href="#referent_180" value="person"/>
	<feat xlink:href="#referent_181" value="event"/>
	<feat xlink:href="#referent_182" value="event"/>
	<feat xlink:href="#referent_183" value="person"/>
	<feat xlink:href="#referent_184" value="object"/>
	<feat xlink:href="#referent_185" value="abstract"/>
	<feat xlink:href="#referent_186" value="abstract"/>
	<feat xlink:href="#referent_187" value="event"/>
	<feat xlink:href="#referent_188" value="object"/>
	<feat xlink:href="#referent_189" value="object"/>
	<feat xlink:href="#referent_190" value="organization"/>
	<feat xlink:href="#referent_191" value="place"/>
	<feat xlink:href="#referent_192" value="object"/>
	<feat xlink:href="#referent_193" value="place"/>
	<feat xlink:href="#referent_194" value="place"/>
	<feat xlink:href="#referent_195" value="abstract"/>
	<feat xlink:href="#referent_196" value="event"/>
	<feat xlink:href="#referent_197" value="event"/>
	<feat xlink:href="#referent_198" value="event"/>
	<feat xlink:href="#referent_199" value="time"/>
	<feat xlink:href="#referent_200" value="event"/>
	<feat xlink:href="#referent_201" value="event"/>
	<feat xlink:href="#referent_202" value="substance"/>
	<feat xlink:href="#referent_203" value="event"/>
	<feat xlink:href="#referent_204" value="event"/>
	<feat xlink:href="#referent_205" value="person"/>
	<feat xlink:href="#referent_206" value="event"/>
	<feat xlink:href="#referent_207" value="person"/>
	<feat xlink:href="#referent_208" value="person"/>
	<feat xlink:href="#referent_209" value="abstract"/>
	<feat xlink:href="#referent_210" value="person"/>
	<feat xlink:href="#referent_211" value="abstract"/>
	<feat xlink:href="#referent_212" value="abstract"/>
	<feat xlink:href="#referent_213" value="abstract"/>
	<feat xlink:href="#referent_214" value="abstract"/>
	<feat xlink:href="#referent_215" value="event"/>
	<feat xlink:href="#referent_216" value="person"/>
	<feat xlink:href="#referent_217" value="person"/>
	<feat xlink:href="#referent_218" value="place"/>
	<feat xlink:href="#referent_219" value="object"/>
	<feat xlink:href="#referent_220" value="person"/>
	<feat xlink:href="#referent_221" value="place"/>
	<feat xlink:href="#referent_222" value="abstract"/>
	<feat xlink:href="#referent_223" value="person"/>
	<feat xlink:href="#referent_224" value="event"/>
	<feat xlink:href="#referent_225" value="object"/>
	<feat xlink:href="#referent_226" value="event"/>
	<feat xlink:href="#referent_227" value="person"/>
	<feat xlink:href="#referent_228" value="person"/>
	<feat xlink:href="#referent_229" value="person"/>
	<feat xlink:href="#referent_230" value="person"/>
	<feat xlink:href="#referent_231" value="place"/>
	<feat xlink:href="#referent_232" value="abstract"/>
	<feat xlink:href="#referent_233" value="place"/>
	<feat xlink:href="#referent_234" value="person"/>
	<feat xlink:href="#referent_235" value="place"/>
	<feat xlink:href="#referent_236" value="place"/>
	<feat xlink:href="#referent_237" value="organization"/>
	<feat xlink:href="#referent_238" value="place"/>
	<feat xlink:href="#referent_239" value="abstract"/>
	<feat xlink:href="#referent_240" value="person"/>
	<feat xlink:href="#referent_241" value="person"/>
	<feat xlink:href="#referent_242" value="object"/>
	<feat xlink:href="#referent_243" value="place"/>
	<feat xlink:href="#referent_244" value="place"/>
	<feat xlink:href="#referent_245" value="person"/>
	<feat xlink:href="#referent_246" value="event"/>
	<feat xlink:href="#referent_247" value="place"/>
	<feat xlink:href="#referent_248" value="organization"/>
	<feat xlink:href="#referent_249" value="abstract"/>
	<feat xlink:href="#referent_250" value="object"/>
	<feat xlink:href="#referent_251" value="place"/>
	<feat xlink:href="#referent_252" value="object"/>
	<feat xlink:href="#referent_253" value="event"/>
	<feat xlink:href="#referent_254" value="event"/>
	<feat xlink:href="#referent_255" value="person"/>
	<feat xlink:href="#referent_256" value="person"/>
</featList>
</paula>
