<?xml version="1.0" encoding="UTF-8" standalone="no"?>

<!DOCTYPE paula SYSTEM "paula_feat.dtd">
<paula version="1.0">

<header paula_id="ref.GUM.GUM_news_nasa.referentSeg_coref_type"/>

<featList xmlns:xlink="http://www.w3.org/1999/xlink" type="type" xml:base="ref.GUM.GUM_news_nasa.referentSeg_coref.xml">
	<feat xlink:href="#rel_1" value="appos"/>
	<feat xlink:href="#rel_2" value="coref"/>
	<feat xlink:href="#rel_3" value="coref"/>
	<feat xlink:href="#rel_4" value="coref"/>
	<feat xlink:href="#rel_5" value="coref"/>
	<feat xlink:href="#rel_6" value="appos"/>
	<feat xlink:href="#rel_7" value="coref"/>
	<feat xlink:href="#rel_8" value="coref"/>
	<feat xlink:href="#rel_9" value="coref"/>
	<feat xlink:href="#rel_10" value="coref"/>
	<feat xlink:href="#rel_11" value="ana"/>
	<feat xlink:href="#rel_12" value="appos"/>
	<feat xlink:href="#rel_13" value="appos"/>
	<feat xlink:href="#rel_14" value="coref"/>
	<feat xlink:href="#rel_15" value="coref"/>
	<feat xlink:href="#rel_16" value="coref"/>
	<feat xlink:href="#rel_17" value="coref"/>
	<feat xlink:href="#rel_18" value="ana"/>
	<feat xlink:href="#rel_19" value="coref"/>
	<feat xlink:href="#rel_20" value="bridge"/>
	<feat xlink:href="#rel_21" value="bridge"/>
	<feat xlink:href="#rel_22" value="coref"/>
	<feat xlink:href="#rel_23" value="coref"/>
	<feat xlink:href="#rel_24" value="coref"/>
	<feat xlink:href="#rel_25" value="coref"/>
	<feat xlink:href="#rel_26" value="coref"/>
	<feat xlink:href="#rel_27" value="coref"/>
	<feat xlink:href="#rel_28" value="coref"/>
	<feat xlink:href="#rel_29" value="coref"/>
	<feat xlink:href="#rel_30" value="bridge"/>
	<feat xlink:href="#rel_31" value="coref"/>
	<feat xlink:href="#rel_32" value="coref"/>
	<feat xlink:href="#rel_33" value="coref"/>
	<feat xlink:href="#rel_34" value="coref"/>
	<feat xlink:href="#rel_35" value="coref"/>
	<feat xlink:href="#rel_36" value="appos"/>
	<feat xlink:href="#rel_37" value="coref"/>
	<feat xlink:href="#rel_38" value="coref"/>
	<feat xlink:href="#rel_39" value="ana"/>
	<feat xlink:href="#rel_40" value="coref"/>
	<feat xlink:href="#rel_41" value="coref"/>
	<feat xlink:href="#rel_42" value="coref"/>
	<feat xlink:href="#rel_43" value="coref"/>
	<feat xlink:href="#rel_44" value="coref"/>
	<feat xlink:href="#rel_45" value="ana"/>
	<feat xlink:href="#rel_46" value="coref"/>
	<feat xlink:href="#rel_47" value="coref"/>
	<feat xlink:href="#rel_48" value="ana"/>
	<feat xlink:href="#rel_49" value="coref"/>
	<feat xlink:href="#rel_50" value="coref"/>
	<feat xlink:href="#rel_51" value="coref"/>
	<feat xlink:href="#rel_52" value="coref"/>
	<feat xlink:href="#rel_53" value="coref"/>
	<feat xlink:href="#rel_54" value="ana"/>
	<feat xlink:href="#rel_55" value="coref"/>
	<feat xlink:href="#rel_56" value="coref"/>
	<feat xlink:href="#rel_57" value="coref"/>
	<feat xlink:href="#rel_58" value="appos"/>
	<feat xlink:href="#rel_59" value="coref"/>
	<feat xlink:href="#rel_60" value="coref"/>
	<feat xlink:href="#rel_61" value="coref"/>
	<feat xlink:href="#rel_62" value="bridge"/>
	<feat xlink:href="#rel_63" value="coref"/>
	<feat xlink:href="#rel_64" value="coref"/>
	<feat xlink:href="#rel_65" value="coref"/>
	<feat xlink:href="#rel_66" value="coref"/>
	<feat xlink:href="#rel_67" value="coref"/>
	<feat xlink:href="#rel_68" value="coref"/>
	<feat xlink:href="#rel_69" value="coref"/>
	<feat xlink:href="#rel_70" value="coref"/>
	<feat xlink:href="#rel_71" value="coref"/>
	<feat xlink:href="#rel_72" value="coref"/>
	<feat xlink:href="#rel_73" value="coref"/>
	<feat xlink:href="#rel_74" value="coref"/>
	<feat xlink:href="#rel_75" value="coref"/>
	<feat xlink:href="#rel_76" value="bridge"/>
	<feat xlink:href="#rel_77" value="ana"/>
	<feat xlink:href="#rel_78" value="coref"/>
	<feat xlink:href="#rel_79" value="coref"/>
	<feat xlink:href="#rel_80" value="coref"/>
	<feat xlink:href="#rel_81" value="coref"/>
	<feat xlink:href="#rel_82" value="coref"/>
	<feat xlink:href="#rel_83" value="coref"/>
	<feat xlink:href="#rel_84" value="coref"/>
	<feat xlink:href="#rel_85" value="ana"/>
	<feat xlink:href="#rel_86" value="coref"/>
	<feat xlink:href="#rel_87" value="coref"/>
	<feat xlink:href="#rel_88" value="coref"/>
	<feat xlink:href="#rel_89" value="coref"/>
	<feat xlink:href="#rel_90" value="appos"/>
	<feat xlink:href="#rel_91" value="coref"/>
	<feat xlink:href="#rel_92" value="coref"/>
	<feat xlink:href="#rel_93" value="coref"/>
	<feat xlink:href="#rel_94" value="ana"/>
	<feat xlink:href="#rel_95" value="bridge"/>
	<feat xlink:href="#rel_96" value="bridge"/>
	<feat xlink:href="#rel_97" value="coref"/>
	<feat xlink:href="#rel_98" value="coref"/>
	<feat xlink:href="#rel_99" value="coref"/>
	<feat xlink:href="#rel_100" value="coref"/>
	<feat xlink:href="#rel_101" value="coref"/>
	<feat xlink:href="#rel_102" value="coref"/>
	<feat xlink:href="#rel_103" value="bridge"/>
	<feat xlink:href="#rel_104" value="appos"/>
	<feat xlink:href="#rel_105" value="coref"/>
	<feat xlink:href="#rel_106" value="coref"/>
	<feat xlink:href="#rel_107" value="coref"/>
	<feat xlink:href="#rel_108" value="ana"/>
	<feat xlink:href="#rel_109" value="coref"/>
	<feat xlink:href="#rel_110" value="coref"/>
	<feat xlink:href="#rel_111" value="appos"/>
	<feat xlink:href="#rel_112" value="coref"/>
	<feat xlink:href="#rel_113" value="coref"/>
	<feat xlink:href="#rel_114" value="coref"/>
	<feat xlink:href="#rel_115" value="coref"/>
	<feat xlink:href="#rel_116" value="cata"/>
	<feat xlink:href="#rel_117" value="cata"/>
	<feat xlink:href="#rel_118" value="coref"/>
	<feat xlink:href="#rel_119" value="coref"/>
	<feat xlink:href="#rel_120" value="coref"/>
	<feat xlink:href="#rel_121" value="coref"/>
	<feat xlink:href="#rel_122" value="coref"/>
	<feat xlink:href="#rel_123" value="ana"/>
	<feat xlink:href="#rel_124" value="coref"/>
	<feat xlink:href="#rel_125" value="coref"/>
	<feat xlink:href="#rel_126" value="coref"/>
	<feat xlink:href="#rel_127" value="coref"/>
	<feat xlink:href="#rel_128" value="bridge"/>
	<feat xlink:href="#rel_129" value="coref"/>
	<feat xlink:href="#rel_130" value="coref"/>
	<feat xlink:href="#rel_131" value="ana"/>
	<feat xlink:href="#rel_132" value="coref"/>
	<feat xlink:href="#rel_133" value="coref"/>
	<feat xlink:href="#rel_134" value="coref"/>
	<feat xlink:href="#rel_135" value="coref"/>
	<feat xlink:href="#rel_136" value="coref"/>
	<feat xlink:href="#rel_137" value="coref"/>
	<feat xlink:href="#rel_138" value="coref"/>
	<feat xlink:href="#rel_139" value="coref"/>
	<feat xlink:href="#rel_140" value="coref"/>
	<feat xlink:href="#rel_141" value="coref"/>
	<feat xlink:href="#rel_142" value="coref"/>
	<feat xlink:href="#rel_143" value="coref"/>
	<feat xlink:href="#rel_144" value="coref"/>
	<feat xlink:href="#rel_145" value="ana"/>
	<feat xlink:href="#rel_146" value="bridge"/>
	<feat xlink:href="#rel_147" value="bridge"/>
	<feat xlink:href="#rel_148" value="bridge"/>
	<feat xlink:href="#rel_149" value="bridge"/>
	<feat xlink:href="#rel_150" value="coref"/>
	<feat xlink:href="#rel_151" value="coref"/>
	<feat xlink:href="#rel_152" value="bridge"/>
	<feat xlink:href="#rel_153" value="bridge"/>
	<feat xlink:href="#rel_154" value="appos"/>
</featList>
</paula>
