<?xml version="1.0" ?>
<!DOCTYPE paula SYSTEM "paula_feat.dtd">
<paula version="1.1">
<header paula_id="rst.GUM_news_nasa.struct_relname">
</header>
<featList xmlns:xlink="http://www.w3.org/1999/xlink" type="relname" xml:base="rst.GUM_news_nasa.struct.xml">
<feat xlink:href="#sDomRel1245" value="elaboration">
</feat>
<feat xlink:href="#sDomRel1247" value="background">
</feat>
<feat xlink:href="#sDomRel1305" value="elaboration">
</feat>
<feat xlink:href="#sDomRel1308" value="elaboration">
</feat>
<feat xlink:href="#sDomRel1252" value="background">
</feat>
<feat xlink:href="#sDomRel1253" value="background">
</feat>
<feat xlink:href="#sDomRel1255" value="elaboration">
</feat>
<feat xlink:href="#sDomRel1307" value="background">
</feat>
<feat xlink:href="#sDomRel1316" value="elaboration">
</feat>
<feat xlink:href="#sDomRel1261" value="concession">
</feat>
<feat xlink:href="#sDomRel1314" value="elaboration">
</feat>
<feat xlink:href="#sDomRel1264" value="justify">
</feat>
<feat xlink:href="#sDomRel1265" value="concession">
</feat>
<feat xlink:href="#sDomRel1267" value="elaboration">
</feat>
<feat xlink:href="#sDomRel1270" value="elaboration">
</feat>
<feat xlink:href="#sDomRel1271" value="preparation">
</feat>
<feat xlink:href="#sDomRel1280" value="concession">
</feat>
<feat xlink:href="#sDomRel1319" value="elaboration">
</feat>
<feat xlink:href="#sDomRel1321" value="justify">
</feat>
<feat xlink:href="#sDomRel1337" value="justify">
</feat>
<feat xlink:href="#sDomRel1277" value="evidence">
</feat>
<feat xlink:href="#sDomRel1278" value="justify">
</feat>
<feat xlink:href="#sDomRel1326" value="elaboration">
</feat>
<feat xlink:href="#sDomRel1284" value="concession">
</feat>
<feat xlink:href="#sDomRel1331" value="concession">
</feat>
<feat xlink:href="#sDomRel1287" value="elaboration">
</feat>
<feat xlink:href="#sDomRel1328" value="background">
</feat>
<feat xlink:href="#sDomRel1330" value="elaboration">
</feat>
<feat xlink:href="#sDomRel1329" value="evaluation">
</feat>
<feat xlink:href="#sDomRel1290" value="justify">
</feat>
<feat xlink:href="#sDomRel1292" value="justify">
</feat>
<feat xlink:href="#sDomRel1293" value="justify">
</feat>
<feat xlink:href="#sDomRel1241" value="joint">
</feat>
<feat xlink:href="#sDomRel1242" value="joint">
</feat>
<feat xlink:href="#sDomRel1243" value="circumstance">
</feat>
<feat xlink:href="#sDomRel1300" value="span">
</feat>
<feat xlink:href="#sDomRel1244" value="span">
</feat>
<feat xlink:href="#sDomRel1246" value="span">
</feat>
<feat xlink:href="#sDomRel1304" value="elaboration">
</feat>
<feat xlink:href="#sDomRel1248" value="span">
</feat>
<feat xlink:href="#sDomRel1249" value="span">
</feat>
<feat xlink:href="#sDomRel1251" value="span">
</feat>
<feat xlink:href="#sDomRel1254" value="span">
</feat>
<feat xlink:href="#sDomRel1250" value="joint">
</feat>
<feat xlink:href="#sDomRel1256" value="joint">
</feat>
<feat xlink:href="#sDomRel1257" value="joint">
</feat>
<feat xlink:href="#sDomRel1306" value="joint">
</feat>
<feat xlink:href="#sDomRel1258" value="span">
</feat>
<feat xlink:href="#sDomRel1259" value="joint">
</feat>
<feat xlink:href="#sDomRel1309" value="joint">
</feat>
<feat xlink:href="#sDomRel1299" value="background">
</feat>
<feat xlink:href="#sDomRel1302" value="background">
</feat>
<feat xlink:href="#sDomRel1303" value="joint">
</feat>
<feat xlink:href="#sDomRel1310" value="joint">
</feat>
<feat xlink:href="#sDomRel1313" value="joint">
</feat>
<feat xlink:href="#sDomRel1318" value="joint">
</feat>
<feat xlink:href="#sDomRel1323" value="joint">
</feat>
<feat xlink:href="#sDomRel1333" value="joint">
</feat>
<feat xlink:href="#sDomRel1334" value="joint">
</feat>
<feat xlink:href="#sDomRel1335" value="joint">
</feat>
<feat xlink:href="#sDomRel1262" value="span">
</feat>
<feat xlink:href="#sDomRel1317" value="restatement">
</feat>
<feat xlink:href="#sDomRel1260" value="span">
</feat>
<feat xlink:href="#sDomRel1263" value="span">
</feat>
<feat xlink:href="#sDomRel1266" value="span">
</feat>
<feat xlink:href="#sDomRel1268" value="elaboration">
</feat>
<feat xlink:href="#sDomRel1312" value="span">
</feat>
<feat xlink:href="#sDomRel1315" value="span">
</feat>
<feat xlink:href="#sDomRel1269" value="span">
</feat>
<feat xlink:href="#sDomRel1273" value="span">
</feat>
<feat xlink:href="#sDomRel1274" value="contrast">
</feat>
<feat xlink:href="#sDomRel1275" value="contrast">
</feat>
<feat xlink:href="#sDomRel1320" value="span">
</feat>
<feat xlink:href="#sDomRel1276" value="span">
</feat>
<feat xlink:href="#sDomRel1336" value="evaluation">
</feat>
<feat xlink:href="#sDomRel1272" value="span">
</feat>
<feat xlink:href="#sDomRel1283" value="justify">
</feat>
<feat xlink:href="#sDomRel1285" value="span">
</feat>
<feat xlink:href="#sDomRel1282" value="background">
</feat>
<feat xlink:href="#sDomRel1324" value="span">
</feat>
<feat xlink:href="#sDomRel1325" value="span">
</feat>
<feat xlink:href="#sDomRel1281" value="span">
</feat>
<feat xlink:href="#sDomRel1286" value="span">
</feat>
<feat xlink:href="#sDomRel1291" value="span">
</feat>
<feat xlink:href="#sDomRel1289" value="span">
</feat>
<feat xlink:href="#sDomRel1288" value="span">
</feat>
<feat xlink:href="#sDomRel1294" value="span">
</feat>
<feat xlink:href="#sDomRel1295" value="elaboration">
</feat>
<feat xlink:href="#sDomRel1332" value="span">
</feat>
<feat xlink:href="#sDomRel1296" value="joint">
</feat>
<feat xlink:href="#sDomRel1297" value="joint">
</feat>
<feat xlink:href="#sDomRel1298" value="joint">
</feat>
<feat xlink:href="#sDomRel1301" value="preparation">
</feat>
<feat xlink:href="#sDomRel1311" value="span">
</feat>
<feat xlink:href="#sDomRel1327" value="span">
</feat>
<feat xlink:href="#sDomRel1279" value="span">
</feat>
<feat xlink:href="#sDomRel1322" value="span">
</feat>
</featList>
</paula>
