<?xml version="1.0" ?>
<!DOCTYPE paula SYSTEM "paula_feat.dtd">
<paula version="1.1">
<header paula_id="rst.GUM_news_nasa.struct_type">
</header>
<featList xmlns:xlink="http://www.w3.org/1999/xlink" type="type" xml:base="rst.GUM_news_nasa.struct.xml">
<feat xlink:href="#id60" value="multinuc">
</feat>
<feat xlink:href="#id61" value="span">
</feat>
<feat xlink:href="#id62" value="span">
</feat>
<feat xlink:href="#id63" value="span">
</feat>
<feat xlink:href="#id64" value="span">
</feat>
<feat xlink:href="#id65" value="span">
</feat>
<feat xlink:href="#id66" value="span">
</feat>
<feat xlink:href="#id67" value="span">
</feat>
<feat xlink:href="#id68" value="multinuc">
</feat>
<feat xlink:href="#id69" value="span">
</feat>
<feat xlink:href="#id70" value="multinuc">
</feat>
<feat xlink:href="#id71" value="multinuc">
</feat>
<feat xlink:href="#id72" value="span">
</feat>
<feat xlink:href="#id73" value="span">
</feat>
<feat xlink:href="#id74" value="span">
</feat>
<feat xlink:href="#id75" value="span">
</feat>
<feat xlink:href="#id76" value="span">
</feat>
<feat xlink:href="#id77" value="span">
</feat>
<feat xlink:href="#id78" value="span">
</feat>
<feat xlink:href="#id79" value="span">
</feat>
<feat xlink:href="#id80" value="multinuc">
</feat>
<feat xlink:href="#id81" value="span">
</feat>
<feat xlink:href="#id82" value="span">
</feat>
<feat xlink:href="#id83" value="span">
</feat>
<feat xlink:href="#id85" value="span">
</feat>
<feat xlink:href="#id86" value="span">
</feat>
<feat xlink:href="#id87" value="span">
</feat>
<feat xlink:href="#id88" value="span">
</feat>
<feat xlink:href="#id89" value="span">
</feat>
<feat xlink:href="#id90" value="span">
</feat>
<feat xlink:href="#id91" value="span">
</feat>
<feat xlink:href="#id92" value="span">
</feat>
<feat xlink:href="#id93" value="span">
</feat>
<feat xlink:href="#id95" value="span">
</feat>
<feat xlink:href="#id96" value="multinuc">
</feat>
<feat xlink:href="#id97" value="span">
</feat>
<feat xlink:href="#id98" value="span">
</feat>
<feat xlink:href="#id84" value="span">
</feat>
<feat xlink:href="#id94" value="span">
</feat>
</featList>
</paula>
