<?xml version="1.0" encoding="UTF-8" standalone="no"?>

<!DOCTYPE paula SYSTEM "paula_mark.dtd">
<paula version="1.0">

<header paula_id="tei.GUM.GUM_news_nasa_figureSeg"/>

<markList xmlns:xlink="http://www.w3.org/1999/xlink" type="figureSeg" xml:base="GUM.GUM_news_nasa.tok.xml">
<mark id="figure_22" xlink:href="#xpointer(id('tok_22')/range-to(id('tok_67')))"/><!-- NASA.... -->
<mark id="figure_281" xlink:href="#xpointer(id('tok_281')/range-to(id('tok_309')))"/><!-- Looking.... -->
<mark id="figure_523" xlink:href="#xpointer(id('tok_523')/range-to(id('tok_577')))"/><!-- This...Administrator -->
<mark id="figure_578" xlink:href="#xpointer(id('tok_578')/range-to(id('tok_598')))"/><!-- File.... -->
<mark id="figure_913" xlink:href="#xpointer(id('tok_913')/range-to(id('tok_930')))"/><!-- In.... -->
<mark id="figure_1041" xlink:href="#xpointer(id('tok_1041')/range-to(id('tok_1089')))"/><!-- Today...) -->
</markList>
</paula>
