<?xml version="1.0" encoding="UTF-8" standalone="no"?>

<!DOCTYPE paula SYSTEM "paula_mark.dtd">
<paula version="1.0">

<header paula_id="tei.GUM.GUM_news_nasa_hi_rendSeg"/>

<markList xmlns:xlink="http://www.w3.org/1999/xlink" type="hi_rendSeg" xml:base="GUM.GUM_news_nasa.tok.xml">
<mark id="hi_rend_103" xlink:href="#tok_103"/><!-- Columbia -->
<mark id="hi_rend_140" xlink:href="#tok_140"/><!-- Atlantis -->
<mark id="hi_rend_200" xlink:href="#tok_200"/><!-- Enterprise -->
<mark id="hi_rend_234" xlink:href="#tok_234"/><!-- Discovery -->
<mark id="hi_rend_240" xlink:href="#tok_240"/><!-- Enterprise -->
<mark id="hi_rend_246" xlink:href="#tok_246"/><!-- Discovery -->
<mark id="hi_rend_263" xlink:href="#tok_263"/><!-- Discovery -->
<mark id="hi_rend_286" xlink:href="#tok_286"/><!-- Columbia -->
<mark id="hi_rend_312" xlink:href="#tok_312"/><!-- Endeavour -->
<mark id="hi_rend_348" xlink:href="#tok_348"/><!-- Atlantis -->
<mark id="hi_rend_371" xlink:href="#tok_371"/><!-- Columbia -->
<mark id="hi_rend_394" xlink:href="#tok_394"/><!-- Challenger -->
<mark id="hi_rend_583" xlink:href="#tok_583"/><!-- Atlantis -->
<mark id="hi_rend_916" xlink:href="#tok_916"/><!-- Endeavour -->
<mark id="hi_rend_918" xlink:href="#tok_918"/><!-- Atlantis -->
</markList>
</paula>
