<?xml version="1.0" encoding="UTF-8" standalone="no"?>

<!DOCTYPE paula SYSTEM "paula_feat.dtd">
<paula version="1.0">

<header paula_id="tei.GUM.GUM_news_nasa_ref"/>

<featList xmlns:xlink="http://www.w3.org/1999/xlink" type="ref" xml:base="tei.GUM.GUM_news_nasa.refSeg.xml">
<feat xlink:href="#ref_22" value="ref"/><!-- NASA -->
<feat xlink:href="#ref_64" value="ref"/><!-- NASA -->
<feat xlink:href="#ref_83" value="ref"/><!-- Kennedy...Center -->
<feat xlink:href="#ref_90" value="ref"/><!-- Cape...Florida -->
<feat xlink:href="#ref_101" value="ref"/><!-- Space...Columbia -->
<feat xlink:href="#ref_112" value="ref"/><!-- STS-1 -->
<feat xlink:href="#ref_138" value="ref"/><!-- Space...Atlantis -->
<feat xlink:href="#ref_153" value="ref"/><!-- STS-135 -->
<feat xlink:href="#ref_168" value="ref"/><!-- NASA...Bolden -->
<feat xlink:href="#ref_190" value="ref"/><!-- Space...program -->
<feat xlink:href="#ref_206" value="ref"/><!-- Smithsonian...Center -->
<feat xlink:href="#ref_218" value="ref"/><!-- Washington...Airport -->
<feat xlink:href="#ref_224" value="ref"/><!-- Intrepid...Museum -->
<feat xlink:href="#ref_228" value="ref"/><!-- New...City -->
<feat xlink:href="#ref_232" value="ref"/><!-- Space...Discovery -->
<feat xlink:href="#ref_255" value="ref"/><!-- STS-133 -->
<feat xlink:href="#ref_308" value="ref"/><!-- NASA -->
<feat xlink:href="#ref_310" value="ref"/><!-- Space...Endeavour -->
<feat xlink:href="#ref_318" value="ref"/><!-- STS-134 -->
<feat xlink:href="#ref_334" value="ref"/><!-- California...Center -->
<feat xlink:href="#ref_338" value="ref"/><!-- Los...California -->
<feat xlink:href="#ref_355" value="ref"/><!-- Kennedy...Complex -->
<feat xlink:href="#ref_392" value="ref"/><!-- Space...Challenger -->
<feat xlink:href="#ref_573" value="ref"/><!-- Charles...Administrator -->
<feat xlink:href="#ref_597" value="ref"/><!-- NASA -->
<feat xlink:href="#ref_612" value="ref"/><!-- John...Cornyn -->
<feat xlink:href="#ref_617" value="ref"/><!-- Texas -->
<feat xlink:href="#ref_626" value="ref"/><!-- Johnson...Center -->
<feat xlink:href="#ref_633" value="ref"/><!-- Houston...Texas -->
<feat xlink:href="#ref_798" value="ref"/><!-- Museum...Flight -->
<feat xlink:href="#ref_802" value="ref"/><!-- Seattle...Washington -->
<feat xlink:href="#ref_833" value="ref"/><!-- Governor...Gregoire -->
<feat xlink:href="#ref_929" value="ref"/><!-- NASA -->
<feat xlink:href="#ref_950" value="ref"/><!-- Bonnie...Dunbar -->
<feat xlink:href="#ref_1082" value="ref"/><!-- John...) -->
<feat xlink:href="#ref_1102" value="ref"/><!-- Adler...Planetarium -->
<feat xlink:href="#ref_1105" value="ref"/><!-- Chicago...Illinois -->
<feat xlink:href="#ref_1110" value="ref"/><!-- Evergreen...Museum -->
<feat xlink:href="#ref_1116" value="ref"/><!-- McMinnville...Oregon -->
<feat xlink:href="#ref_1121" value="ref"/><!-- Texas...&apos;s -->
<feat xlink:href="#ref_1138" value="ref"/><!-- National...Force -->
<feat xlink:href="#ref_1146" value="ref"/><!-- Wright-Patterson...Base -->
<feat xlink:href="#ref_1151" value="ref"/><!-- Ohio -->
<feat xlink:href="#ref_1159" value="ref"/><!-- U.S....Center -->
<feat xlink:href="#ref_1165" value="ref"/><!-- Huntsville...Alabama -->
<feat xlink:href="#ref_1231" value="ref"/><!-- Yuri...Gagarin -->
<feat xlink:href="#ref_1236" value="ref"/><!-- Vostok...1 -->
</featList>
</paula>
