<?xml version="1.0" encoding="UTF-8" standalone="no"?>

<!DOCTYPE paula SYSTEM "paula_feat.dtd">
<paula version="1.0">

<header paula_id="tei.GUM.GUM_news_nasa_s"/>

<featList xmlns:xlink="http://www.w3.org/1999/xlink" type="s" xml:base="tei.GUM.GUM_news_nasa.sSeg.xml">
<feat xlink:href="#s_1" value="s"/><!-- NASA...shuttles -->
<feat xlink:href="#s_16" value="s"/><!-- Wednesday...2011 -->
<feat xlink:href="#s_22" value="s"/><!-- NASA.... -->
<feat xlink:href="#s_62" value="s"/><!-- Image.... -->
<feat xlink:href="#s_68" value="s"/><!-- NASA.... -->
<feat xlink:href="#s_95" value="s"/><!-- On.... -->
<feat xlink:href="#s_120" value="s"/><!-- NASA.... -->
<feat xlink:href="#s_164" value="s"/><!-- At.... -->
<feat xlink:href="#s_194" value="s"/><!-- The.... -->
<feat xlink:href="#s_232" value="s"/><!-- Space.... -->
<feat xlink:href="#s_246" value="s"/><!-- Discovery.... -->
<feat xlink:href="#s_263" value="s"/><!-- Discovery.... -->
<feat xlink:href="#s_281" value="s"/><!-- Looking.... -->
<feat xlink:href="#s_306" value="s"/><!-- Image.... -->
<feat xlink:href="#s_310" value="s"/><!-- Space.... -->
<feat xlink:href="#s_346" value="s"/><!-- Finally.... -->
<feat xlink:href="#s_371" value="s"/><!-- Columbia.... -->
<feat xlink:href="#s_392" value="s"/><!-- Space.... -->
<feat xlink:href="#s_415" value="s"/><!-- &quot;.... -->
<feat xlink:href="#s_448" value="s"/><!-- &quot;.... -->
<feat xlink:href="#s_468" value="s"/><!-- In.... -->
<feat xlink:href="#s_499" value="s"/><!-- These...&quot; -->
<feat xlink:href="#s_523" value="s"/><!-- This.... -->
<feat xlink:href="#s_542" value="s"/><!-- In.... -->
<feat xlink:href="#s_573" value="s"/><!-- Charles...Administrator -->
<feat xlink:href="#s_578" value="s"/><!-- File.... -->
<feat xlink:href="#s_595" value="s"/><!-- Image.... -->
<feat xlink:href="#s_599" value="s"/><!-- Not.... -->
<feat xlink:href="#s_610" value="s"/><!-- U.S..... -->
<feat xlink:href="#s_640" value="s"/><!-- &quot;.... -->
<feat xlink:href="#s_670" value="s"/><!-- Houston...&quot; -->
<feat xlink:href="#s_708" value="s"/><!-- Cornyn.... -->
<feat xlink:href="#s_740" value="s"/><!-- Today...“ -->
<feat xlink:href="#s_782" value="s"/><!-- However.... -->
<feat xlink:href="#s_797" value="s"/><!-- The.... -->
<feat xlink:href="#s_829" value="s"/><!-- In.... -->
<feat xlink:href="#s_861" value="s"/><!-- As.... -->
<feat xlink:href="#s_892" value="s"/><!-- While.... -->
<feat xlink:href="#s_913" value="s"/><!-- In.... -->
<feat xlink:href="#s_927" value="s"/><!-- Image.... -->
<feat xlink:href="#s_931" value="s"/><!-- &quot;.... -->
<feat xlink:href="#s_966" value="s"/><!-- The.... -->
<feat xlink:href="#s_992" value="s"/><!-- Visitors.... -->
<feat xlink:href="#s_1013" value="s"/><!-- It...&quot; -->
<feat xlink:href="#s_1041" value="s"/><!-- Today.... -->
<feat xlink:href="#s_1082" value="s"/><!-- John...) -->
<feat xlink:href="#s_1090" value="s"/><!-- Other.... -->
<feat xlink:href="#s_1128" value="s"/><!-- The.... -->
<feat xlink:href="#s_1184" value="s"/><!-- NASA.... -->
<feat xlink:href="#s_1211" value="s"/><!-- The.... -->
</featList>
</paula>
