<?xml version="1.0" encoding="UTF-8" standalone="no"?>

<!DOCTYPE paula SYSTEM "paula_feat.dtd">
<paula version="1.0">

<header paula_id="tei.GUM.GUM_news_nasa_hi_rend"/>

<featList xmlns:xlink="http://www.w3.org/1999/xlink" type="hi_rend" xml:base="tei.GUM.GUM_news_nasa.hi_rendSeg.xml">
<feat xlink:href="#hi_rend_103" value="italics"/><!-- Columbia -->
<feat xlink:href="#hi_rend_140" value="italics"/><!-- Atlantis -->
<feat xlink:href="#hi_rend_200" value="italics"/><!-- Enterprise -->
<feat xlink:href="#hi_rend_234" value="italics"/><!-- Discovery -->
<feat xlink:href="#hi_rend_240" value="italics"/><!-- Enterprise -->
<feat xlink:href="#hi_rend_246" value="italics"/><!-- Discovery -->
<feat xlink:href="#hi_rend_263" value="italics"/><!-- Discovery -->
<feat xlink:href="#hi_rend_286" value="italics"/><!-- Columbia -->
<feat xlink:href="#hi_rend_312" value="italics"/><!-- Endeavour -->
<feat xlink:href="#hi_rend_348" value="italics"/><!-- Atlantis -->
<feat xlink:href="#hi_rend_371" value="italics"/><!-- Columbia -->
<feat xlink:href="#hi_rend_394" value="italics"/><!-- Challenger -->
<feat xlink:href="#hi_rend_583" value="italics"/><!-- Atlantis -->
<feat xlink:href="#hi_rend_916" value="italics"/><!-- Endeavour -->
<feat xlink:href="#hi_rend_918" value="italics"/><!-- Atlantis -->
</featList>
</paula>
