<?xml version="1.0" encoding="UTF-8" standalone="no"?>

<!DOCTYPE paula SYSTEM "paula_mark.dtd">
<paula version="1.0">

<header paula_id="tei.GUM.GUM_news_nasa_sSeg"/>

<markList xmlns:xlink="http://www.w3.org/1999/xlink" type="sSeg" xml:base="GUM.GUM_news_nasa.tok.xml">
<mark id="s_1" xlink:href="#xpointer(id('tok_1')/range-to(id('tok_15')))"/><!-- NASA...shuttles -->
<mark id="s_16" xlink:href="#xpointer(id('tok_16')/range-to(id('tok_21')))"/><!-- Wednesday...2011 -->
<mark id="s_22" xlink:href="#xpointer(id('tok_22')/range-to(id('tok_61')))"/><!-- NASA.... -->
<mark id="s_62" xlink:href="#xpointer(id('tok_62')/range-to(id('tok_67')))"/><!-- Image.... -->
<mark id="s_68" xlink:href="#xpointer(id('tok_68')/range-to(id('tok_94')))"/><!-- NASA.... -->
<mark id="s_95" xlink:href="#xpointer(id('tok_95')/range-to(id('tok_119')))"/><!-- On.... -->
<mark id="s_120" xlink:href="#xpointer(id('tok_120')/range-to(id('tok_163')))"/><!-- NASA.... -->
<mark id="s_164" xlink:href="#xpointer(id('tok_164')/range-to(id('tok_193')))"/><!-- At.... -->
<mark id="s_194" xlink:href="#xpointer(id('tok_194')/range-to(id('tok_231')))"/><!-- The.... -->
<mark id="s_232" xlink:href="#xpointer(id('tok_232')/range-to(id('tok_245')))"/><!-- Space.... -->
<mark id="s_246" xlink:href="#xpointer(id('tok_246')/range-to(id('tok_262')))"/><!-- Discovery.... -->
<mark id="s_263" xlink:href="#xpointer(id('tok_263')/range-to(id('tok_280')))"/><!-- Discovery.... -->
<mark id="s_281" xlink:href="#xpointer(id('tok_281')/range-to(id('tok_305')))"/><!-- Looking.... -->
<mark id="s_306" xlink:href="#xpointer(id('tok_306')/range-to(id('tok_309')))"/><!-- Image.... -->
<mark id="s_310" xlink:href="#xpointer(id('tok_310')/range-to(id('tok_345')))"/><!-- Space.... -->
<mark id="s_346" xlink:href="#xpointer(id('tok_346')/range-to(id('tok_370')))"/><!-- Finally.... -->
<mark id="s_371" xlink:href="#xpointer(id('tok_371')/range-to(id('tok_391')))"/><!-- Columbia.... -->
<mark id="s_392" xlink:href="#xpointer(id('tok_392')/range-to(id('tok_414')))"/><!-- Space.... -->
<mark id="s_415" xlink:href="#xpointer(id('tok_415')/range-to(id('tok_447')))"/><!-- &quot;.... -->
<mark id="s_448" xlink:href="#xpointer(id('tok_448')/range-to(id('tok_467')))"/><!-- &quot;.... -->
<mark id="s_468" xlink:href="#xpointer(id('tok_468')/range-to(id('tok_498')))"/><!-- In.... -->
<mark id="s_499" xlink:href="#xpointer(id('tok_499')/range-to(id('tok_522')))"/><!-- These...&quot; -->
<mark id="s_523" xlink:href="#xpointer(id('tok_523')/range-to(id('tok_541')))"/><!-- This.... -->
<mark id="s_542" xlink:href="#xpointer(id('tok_542')/range-to(id('tok_572')))"/><!-- In.... -->
<mark id="s_573" xlink:href="#xpointer(id('tok_573')/range-to(id('tok_577')))"/><!-- Charles...Administrator -->
<mark id="s_578" xlink:href="#xpointer(id('tok_578')/range-to(id('tok_594')))"/><!-- File.... -->
<mark id="s_595" xlink:href="#xpointer(id('tok_595')/range-to(id('tok_598')))"/><!-- Image.... -->
<mark id="s_599" xlink:href="#xpointer(id('tok_599')/range-to(id('tok_609')))"/><!-- Not.... -->
<mark id="s_610" xlink:href="#xpointer(id('tok_610')/range-to(id('tok_639')))"/><!-- U.S..... -->
<mark id="s_640" xlink:href="#xpointer(id('tok_640')/range-to(id('tok_669')))"/><!-- &quot;.... -->
<mark id="s_670" xlink:href="#xpointer(id('tok_670')/range-to(id('tok_707')))"/><!-- Houston...&quot; -->
<mark id="s_708" xlink:href="#xpointer(id('tok_708')/range-to(id('tok_739')))"/><!-- Cornyn.... -->
<mark id="s_740" xlink:href="#xpointer(id('tok_740')/range-to(id('tok_781')))"/><!-- Today...“ -->
<mark id="s_782" xlink:href="#xpointer(id('tok_782')/range-to(id('tok_796')))"/><!-- However.... -->
<mark id="s_797" xlink:href="#xpointer(id('tok_797')/range-to(id('tok_828')))"/><!-- The.... -->
<mark id="s_829" xlink:href="#xpointer(id('tok_829')/range-to(id('tok_860')))"/><!-- In.... -->
<mark id="s_861" xlink:href="#xpointer(id('tok_861')/range-to(id('tok_891')))"/><!-- As.... -->
<mark id="s_892" xlink:href="#xpointer(id('tok_892')/range-to(id('tok_912')))"/><!-- While.... -->
<mark id="s_913" xlink:href="#xpointer(id('tok_913')/range-to(id('tok_926')))"/><!-- In.... -->
<mark id="s_927" xlink:href="#xpointer(id('tok_927')/range-to(id('tok_930')))"/><!-- Image.... -->
<mark id="s_931" xlink:href="#xpointer(id('tok_931')/range-to(id('tok_965')))"/><!-- &quot;.... -->
<mark id="s_966" xlink:href="#xpointer(id('tok_966')/range-to(id('tok_991')))"/><!-- The.... -->
<mark id="s_992" xlink:href="#xpointer(id('tok_992')/range-to(id('tok_1012')))"/><!-- Visitors.... -->
<mark id="s_1013" xlink:href="#xpointer(id('tok_1013')/range-to(id('tok_1040')))"/><!-- It...&quot; -->
<mark id="s_1041" xlink:href="#xpointer(id('tok_1041')/range-to(id('tok_1081')))"/><!-- Today.... -->
<mark id="s_1082" xlink:href="#xpointer(id('tok_1082')/range-to(id('tok_1089')))"/><!-- John...) -->
<mark id="s_1090" xlink:href="#xpointer(id('tok_1090')/range-to(id('tok_1127')))"/><!-- Other.... -->
<mark id="s_1128" xlink:href="#xpointer(id('tok_1128')/range-to(id('tok_1183')))"/><!-- The.... -->
<mark id="s_1184" xlink:href="#xpointer(id('tok_1184')/range-to(id('tok_1210')))"/><!-- NASA.... -->
<mark id="s_1211" xlink:href="#xpointer(id('tok_1211')/range-to(id('tok_1240')))"/><!-- The.... -->
</markList>
</paula>
