<?xml version="1.0" encoding="UTF-8" standalone="no"?>

<!DOCTYPE paula SYSTEM "paula_feat.dtd">
<paula version="1.0">

<header paula_id="tei.GUM.GUM_news_nasa_p"/>

<featList xmlns:xlink="http://www.w3.org/1999/xlink" type="p" xml:base="tei.GUM.GUM_news_nasa.pSeg.xml">
<feat xlink:href="#p_68" value="p"/><!-- NASA.... -->
<feat xlink:href="#p_120" value="p"/><!-- NASA.... -->
<feat xlink:href="#p_164" value="p"/><!-- At.... -->
<feat xlink:href="#p_232" value="p"/><!-- Space.... -->
<feat xlink:href="#p_310" value="p"/><!-- Space.... -->
<feat xlink:href="#p_371" value="p"/><!-- Columbia.... -->
<feat xlink:href="#p_415" value="p"/><!-- &quot;...&quot; -->
<feat xlink:href="#p_599" value="p"/><!-- Not...&quot; -->
<feat xlink:href="#p_708" value="p"/><!-- Cornyn.... -->
<feat xlink:href="#p_797" value="p"/><!-- The.... -->
<feat xlink:href="#p_931" value="p"/><!-- &quot;...&quot; -->
<feat xlink:href="#p_1090" value="p"/><!-- Other.... -->
<feat xlink:href="#p_1184" value="p"/><!-- NASA.... -->
<feat xlink:href="#p_1211" value="p"/><!-- The.... -->
</featList>
</paula>
