<?xml version="1.0" encoding="UTF-8" standalone="no"?>

<!DOCTYPE paula SYSTEM "paula_mark.dtd">
<paula version="1.0">

<header paula_id="tei.GUM.GUM_news_nasa_pSeg"/>

<markList xmlns:xlink="http://www.w3.org/1999/xlink" type="pSeg" xml:base="GUM.GUM_news_nasa.tok.xml">
<mark id="p_68" xlink:href="#xpointer(id('tok_68')/range-to(id('tok_119')))"/><!-- NASA.... -->
<mark id="p_120" xlink:href="#xpointer(id('tok_120')/range-to(id('tok_163')))"/><!-- NASA.... -->
<mark id="p_164" xlink:href="#xpointer(id('tok_164')/range-to(id('tok_231')))"/><!-- At.... -->
<mark id="p_232" xlink:href="#xpointer(id('tok_232')/range-to(id('tok_280')))"/><!-- Space.... -->
<mark id="p_310" xlink:href="#xpointer(id('tok_310')/range-to(id('tok_370')))"/><!-- Space.... -->
<mark id="p_371" xlink:href="#xpointer(id('tok_371')/range-to(id('tok_414')))"/><!-- Columbia.... -->
<mark id="p_415" xlink:href="#xpointer(id('tok_415')/range-to(id('tok_522')))"/><!-- &quot;...&quot; -->
<mark id="p_599" xlink:href="#xpointer(id('tok_599')/range-to(id('tok_707')))"/><!-- Not...&quot; -->
<mark id="p_708" xlink:href="#xpointer(id('tok_708')/range-to(id('tok_796')))"/><!-- Cornyn.... -->
<mark id="p_797" xlink:href="#xpointer(id('tok_797')/range-to(id('tok_912')))"/><!-- The.... -->
<mark id="p_931" xlink:href="#xpointer(id('tok_931')/range-to(id('tok_1040')))"/><!-- &quot;...&quot; -->
<mark id="p_1090" xlink:href="#xpointer(id('tok_1090')/range-to(id('tok_1183')))"/><!-- Other.... -->
<mark id="p_1184" xlink:href="#xpointer(id('tok_1184')/range-to(id('tok_1210')))"/><!-- NASA.... -->
<mark id="p_1211" xlink:href="#xpointer(id('tok_1211')/range-to(id('tok_1240')))"/><!-- The.... -->
</markList>
</paula>
