<?xml version='1.0' encoding='UTF-8'?><!DOCTYPE paula SYSTEM "paula_feat.dtd">
<paula version="1.1">
	<header paula_id="GUM_academic_census.tok_morph"/>
	<featList xmlns:xlink="http://www.w3.org/1999/xlink" type="morph" xml:base="GUM_academic_census.tok.xml">
		<feat xlink:href="#sTok1" value="NumType=Card"/>
		<feat xlink:href="#sTok2" value="Number=Sing"/>
		<feat xlink:href="#sTok3" value="Degree=Pos"/>
		<feat xlink:href="#sTok5" value="Number=Sing"/>
		<feat xlink:href="#sTok6" value="Number=Sing"/>
		<feat xlink:href="#sTok7" value="Number=Sing"/>
		<feat xlink:href="#sTok8" value="VerbForm=Inf"/>
		<feat xlink:href="#sTok9" value="Definite=Ind|PronType=Art"/>
		<feat xlink:href="#sTok10" value="Degree=Pos"/>
		<feat xlink:href="#sTok11" value="Number=Sing"/>
		<feat xlink:href="#sTok13" value="VerbForm=Ger"/>
		<feat xlink:href="#sTok14" value="Definite=Def|PronType=Art"/>
		<feat xlink:href="#sTok15" value="Number=Sing"/>
		<feat xlink:href="#sTok17" value="Number=Sing"/>
		<feat xlink:href="#sTok19" value="Degree=Pos"/>
		<feat xlink:href="#sTok20" value="Number=Sing"/>
		<feat xlink:href="#sTok25" value="Number=Plur|Person=3|Poss=Yes|PronType=Prs"/>
		<feat xlink:href="#sTok26" value="Number=Sing"/>
		<feat xlink:href="#sTok28" value="Polarity=Neg"/>
		<feat xlink:href="#sTok30" value="Number=Plur|Person=3|Poss=Yes|PronType=Prs"/>
		<feat xlink:href="#sTok31" value="Number=Sing"/>
		<feat xlink:href="#sTok33" value="Degree=Pos"/>
		<feat xlink:href="#sTok34" value="Number=Plur"/>
		<feat xlink:href="#sTok36" value="Degree=Pos"/>
		<feat xlink:href="#sTok37" value="Number=Plur"/>
		<feat xlink:href="#sTok38" value="Mood=Ind|Tense=Pres|VerbForm=Fin"/>
		<feat xlink:href="#sTok42" value="Number=Plur|PronType=Dem"/>
		<feat xlink:href="#sTok43" value="Number=Plur"/>
		<feat xlink:href="#sTok44" value="Mood=Ind|Number=Sing|Person=3|Tense=Pres|VerbForm=Fin"/>
		<feat xlink:href="#sTok48" value="Tense=Past|VerbForm=Part"/>
		<feat xlink:href="#sTok50" value="Degree=Pos"/>
		<feat xlink:href="#sTok51" value="Number=Plur"/>
		<feat xlink:href="#sTok53" value="Number=Sing"/>
		<feat xlink:href="#sTok54" value="Number=Sing"/>
		<feat xlink:href="#sTok56" value="VerbForm=Ger"/>
		<feat xlink:href="#sTok57" value="Degree=Pos"/>
		<feat xlink:href="#sTok59" value="Degree=Pos"/>
		<feat xlink:href="#sTok62" value="Number=Sing"/>
		<feat xlink:href="#sTok63" value="Number=Sing"/>
		<feat xlink:href="#sTok66" value="Definite=Ind|PronType=Art"/>
		<feat xlink:href="#sTok67" value="Number=Sing"/>
		<feat xlink:href="#sTok69" value="Number=Sing"/>
		<feat xlink:href="#sTok70" value="Mood=Ind|Number=Sing|Person=3|Tense=Pres|VerbForm=Fin"/>
		<feat xlink:href="#sTok72" value="Degree=Cmp"/>
		<feat xlink:href="#sTok73" value="Number=Sing"/>
		<feat xlink:href="#sTok75" value="Definite=Ind|PronType=Art"/>
		<feat xlink:href="#sTok76" value="Number=Sing"/>
		<feat xlink:href="#sTok78" value="Number=Sing"/>
		<feat xlink:href="#sTok79" value="VerbForm=Fin"/>
		<feat xlink:href="#sTok80" value="VerbForm=Inf"/>
		<feat xlink:href="#sTok82" value="Tense=Past|VerbForm=Part"/>
		<feat xlink:href="#sTok83" value="Degree=Pos"/>
		<feat xlink:href="#sTok84" value="Number=Sing"/>
		<feat xlink:href="#sTok86" value="NumType=Card"/>
		<feat xlink:href="#sTok90" value="Degree=Pos"/>
		<feat xlink:href="#sTok91" value="Number=Plur"/>
		<feat xlink:href="#sTok93" value="Degree=Pos"/>
		<feat xlink:href="#sTok94" value="Number=Plur"/>
		<feat xlink:href="#sTok96" value="NumType=Card"/>
		<feat xlink:href="#sTok98" value="NumType=Card"/>
		<feat xlink:href="#sTok101" value="VerbForm=Ger"/>
		<feat xlink:href="#sTok103" value="Number=Plur"/>
		<feat xlink:href="#sTok105" value="Degree=Pos"/>
		<feat xlink:href="#sTok106" value="Number=Plur"/>
		<feat xlink:href="#sTok108" value="Number=Plur"/>
		<feat xlink:href="#sTok109" value="PronType=Rel"/>
		<feat xlink:href="#sTok110" value="Mood=Ind|Tense=Pres|VerbForm=Fin"/>
		<feat xlink:href="#sTok113" value="Mood=Ind|Tense=Pres|VerbForm=Fin"/>
		<feat xlink:href="#sTok114" value="Definite=Def|PronType=Art"/>
		<feat xlink:href="#sTok115" value="Number=Plur"/>
		<feat xlink:href="#sTok117" value="Number=Plur|Person=3|Poss=Yes|PronType=Prs"/>
		<feat xlink:href="#sTok118" value="Number=Plur"/>
		<feat xlink:href="#sTok122" value="Number=Sing"/>
		<feat xlink:href="#sTok123" value="Mood=Ind|Number=Sing|Person=3|Tense=Pres|VerbForm=Fin"/>
		<feat xlink:href="#sTok124" value="Tense=Past|VerbForm=Part"/>
		<feat xlink:href="#sTok125" value="Tense=Past|VerbForm=Part"/>
		<feat xlink:href="#sTok127" value="VerbForm=Inf"/>
		<feat xlink:href="#sTok129" value="Degree=Pos"/>
		<feat xlink:href="#sTok130" value="Degree=Pos"/>
		<feat xlink:href="#sTok131" value="Number=Plur"/>
		<feat xlink:href="#sTok133" value="Degree=Pos"/>
		<feat xlink:href="#sTok134" value="Number=Sing"/>
		<feat xlink:href="#sTok135" value="Number=Plur"/>
		<feat xlink:href="#sTok137" value="NumType=Card"/>
		<feat xlink:href="#sTok140" value="PronType=Rel"/>
		<feat xlink:href="#sTok141" value="VerbForm=Fin"/>
		<feat xlink:href="#sTok142" value="VerbForm=Inf"/>
		<feat xlink:href="#sTok143" value="Definite=Def|PronType=Art"/>
		<feat xlink:href="#sTok144" value="Number=Sing"/>
		<feat xlink:href="#sTok146" value="Degree=Pos"/>
		<feat xlink:href="#sTok147" value="Number=Plur"/>
		<feat xlink:href="#sTok150" value="Number=Plur|PronType=Dem"/>
		<feat xlink:href="#sTok151" value="Degree=Pos"/>
		<feat xlink:href="#sTok152" value="Number=Plur"/>
		<feat xlink:href="#sTok156" value="VerbForm=Ger"/>
		<feat xlink:href="#sTok157" value="Definite=Def|PronType=Art"/>
		<feat xlink:href="#sTok158" value="Number=Sing"/>
		<feat xlink:href="#sTok160" value="Number=Sing"/>
		<feat xlink:href="#sTok162" value="Number=Sing"/>
		<feat xlink:href="#sTok163" value="Mood=Ind|Number=Sing|Person=3|Tense=Pres|VerbForm=Fin"/>
		<feat xlink:href="#sTok165" value="Degree=Pos"/>
		<feat xlink:href="#sTok167" value="Degree=Pos"/>
		<feat xlink:href="#sTok169" value="Degree=Pos"/>
		<feat xlink:href="#sTok170" value="Number=Sing"/>
		<feat xlink:href="#sTok172" value="Definite=Ind|PronType=Art"/>
		<feat xlink:href="#sTok173" value="Number=Sing"/>
		<feat xlink:href="#sTok175" value="Degree=Pos"/>
		<feat xlink:href="#sTok176" value="Number=Plur"/>
		<feat xlink:href="#sTok178" value="Definite=Def|PronType=Art"/>
		<feat xlink:href="#sTok179" value="Degree=Pos"/>
		<feat xlink:href="#sTok180" value="Number=Sing"/>
		<feat xlink:href="#sTok182" value="VerbForm=Ger"/>
		<feat xlink:href="#sTok183" value="Definite=Def|PronType=Art"/>
		<feat xlink:href="#sTok184" value="Number=Sing"/>
		<feat xlink:href="#sTok186" value="Number=Plur"/>
		<feat xlink:href="#sTok188" value="Definite=Ind|PronType=Art"/>
		<feat xlink:href="#sTok189" value="Degree=Pos"/>
		<feat xlink:href="#sTok190" value="Number=Sing"/>
		<feat xlink:href="#sTok194" value="Definite=Ind|PronType=Art"/>
		<feat xlink:href="#sTok196" value="VerbForm=Ger"/>
		<feat xlink:href="#sTok197" value="Number=Sing"/>
		<feat xlink:href="#sTok199" value="Number=Sing"/>
		<feat xlink:href="#sTok200" value="Number=Sing"/>
		<feat xlink:href="#sTok202" value="Mood=Ind|Number=Sing|Person=3|Tense=Pres|VerbForm=Fin"/>
		<feat xlink:href="#sTok203" value="Definite=Ind|PronType=Art"/>
		<feat xlink:href="#sTok204" value="Degree=Pos"/>
		<feat xlink:href="#sTok205" value="Degree=Pos|NumType=Ord"/>
		<feat xlink:href="#sTok206" value="Number=Sing"/>
		<feat xlink:href="#sTok208" value="VerbForm=Ger"/>
		<feat xlink:href="#sTok209" value="PronType=Int"/>
		<feat xlink:href="#sTok210" value="Degree=Pos"/>
		<feat xlink:href="#sTok211" value="Number=Sing"/>
		<feat xlink:href="#sTok212" value="Mood=Ind|Number=Sing|Person=3|Tense=Pres|VerbForm=Fin"/>
		<feat xlink:href="#sTok213" value="Tense=Past|VerbForm=Part"/>
		<feat xlink:href="#sTok215" value="PronType=Int"/>
		<feat xlink:href="#sTok216" value="Case=Nom|Gender=Neut|Number=Sing|Person=3|PronType=Prs"/>
		<feat xlink:href="#sTok217" value="VerbForm=Fin"/>
		<feat xlink:href="#sTok218" value="VerbForm=Inf"/>
		<feat xlink:href="#sTok219" value="Tense=Past|VerbForm=Part"/>
		<feat xlink:href="#sTok222" value="Degree=Pos"/>
		<feat xlink:href="#sTok223" value="Degree=Pos"/>
		<feat xlink:href="#sTok224" value="Number=Plur"/>
		<feat xlink:href="#sTok229" value="Mood=Ind|Number=Sing|Person=3|Tense=Pres|VerbForm=Fin"/>
		<feat xlink:href="#sTok230" value="Polarity=Neg"/>
		<feat xlink:href="#sTok231" value="Degree=Pos"/>
		<feat xlink:href="#sTok232" value="Number=Sing"/>
		<feat xlink:href="#sTok235" value="Degree=Pos"/>
		<feat xlink:href="#sTok236" value="Number=Sing"/>
		<feat xlink:href="#sTok238" value="VerbForm=Ger"/>
		<feat xlink:href="#sTok239" value="Case=Acc|Gender=Neut|Number=Sing|Person=3|PronType=Prs"/>
		<feat xlink:href="#sTok240" value="Degree=Pos"/>
		<feat xlink:href="#sTok242" value="VerbForm=Inf"/>
		<feat xlink:href="#sTok243" value="Definite=Ind|PronType=Art"/>
		<feat xlink:href="#sTok244" value="Degree=Pos"/>
		<feat xlink:href="#sTok245" value="Number=Sing"/>
		<feat xlink:href="#sTok246" value="Number=Sing"/>
		<feat xlink:href="#sTok248" value="Number=Sing"/>
		<feat xlink:href="#sTok250" value="Degree=Cmp"/>
		<feat xlink:href="#sTok252" value="Number=Plur"/>
		<feat xlink:href="#sTok254" value="Number=Sing"/>
		<feat xlink:href="#sTok256" value="Number=Plur"/>
		<feat xlink:href="#sTok258" value="Number=Sing"/>
		<feat xlink:href="#sTok260" value="Number=Sing"/>
		<feat xlink:href="#sTok261" value="Mood=Ind|Tense=Pres|VerbForm=Fin"/>
		<feat xlink:href="#sTok266" value="Number=Plur"/>
		<feat xlink:href="#sTok269" value="Number=Sing"/>
		<feat xlink:href="#sTok271" value="Number=Sing"/>
		<feat xlink:href="#sTok272" value="Number=Sing"/>
		<feat xlink:href="#sTok274" value="Number=Sing"/>
		<feat xlink:href="#sTok275" value="Mood=Ind|Number=Sing|Person=3|Tense=Pres|VerbForm=Fin"/>
		<feat xlink:href="#sTok276" value="Definite=Ind|PronType=Art"/>
		<feat xlink:href="#sTok277" value="Degree=Pos"/>
		<feat xlink:href="#sTok278" value="Number=Sing"/>
		<feat xlink:href="#sTok280" value="Degree=Pos"/>
		<feat xlink:href="#sTok281" value="Number=Plur"/>
		<feat xlink:href="#sTok283" value="NumType=Card"/>
		<feat xlink:href="#sTok288" value="Definite=Ind|PronType=Art"/>
		<feat xlink:href="#sTok289" value="Degree=Pos"/>
		<feat xlink:href="#sTok290" value="Number=Sing"/>
		<feat xlink:href="#sTok292" value="Number=Sing"/>
		<feat xlink:href="#sTok293" value="Number=Sing"/>
		<feat xlink:href="#sTok295" value="Definite=Def|PronType=Art"/>
		<feat xlink:href="#sTok296" value="Number=Sing"/>
		<feat xlink:href="#sTok298" value="Number=Sing"/>
		<feat xlink:href="#sTok300" value="Gender=Neut|Number=Sing|Person=3|Poss=Yes|PronType=Prs"/>
		<feat xlink:href="#sTok301" value="Degree=Pos"/>
		<feat xlink:href="#sTok302" value="Number=Plur"/>
		<feat xlink:href="#sTok303" value="Mood=Ind|Tense=Pres|VerbForm=Fin"/>
		<feat xlink:href="#sTok304" value="Degree=Pos"/>
		<feat xlink:href="#sTok306" value="VerbForm=Inf"/>
		<feat xlink:href="#sTok308" value="NumType=Card"/>
		<feat xlink:href="#sTok312" value="Number=Plur"/>
		<feat xlink:href="#sTok315" value="Degree=Pos"/>
		<feat xlink:href="#sTok316" value="Number=Sing"/>
		<feat xlink:href="#sTok318" value="Mood=Ind|Tense=Pres|VerbForm=Fin"/>
		<feat xlink:href="#sTok319" value="Tense=Past|VerbForm=Part"/>
		<feat xlink:href="#sTok321" value="Definite=Ind|PronType=Art"/>
		<feat xlink:href="#sTok322" value="Degree=Pos"/>
		<feat xlink:href="#sTok323" value="Degree=Pos"/>
		<feat xlink:href="#sTok324" value="Number=Sing"/>
		<feat xlink:href="#sTok326" value="Poss=Yes|PronType=Int"/>
		<feat xlink:href="#sTok327" value="Number=Sing"/>
		<feat xlink:href="#sTok328" value="Number=Sing"/>
		<feat xlink:href="#sTok329" value="Mood=Ind|Number=Sing|Person=3|Tense=Pres|VerbForm=Fin"/>
		<feat xlink:href="#sTok330" value="Definite=Ind|PronType=Art"/>
		<feat xlink:href="#sTok331" value="Degree=Pos"/>
		<feat xlink:href="#sTok332" value="Number=Sing"/>
		<feat xlink:href="#sTok334" value="NumType=Card"/>
		<feat xlink:href="#sTok337" value="Degree=Sup"/>
		<feat xlink:href="#sTok338" value="Number=Plur"/>
		<feat xlink:href="#sTok341" value="Definite=Def|PronType=Art"/>
		<feat xlink:href="#sTok342" value="Degree=Pos"/>
		<feat xlink:href="#sTok343" value="Number=Sing"/>
		<feat xlink:href="#sTok345" value="VerbForm=Ger"/>
		<feat xlink:href="#sTok346" value="Number=Sing"/>
		<feat xlink:href="#sTok347" value="Number=Sing"/>
		<feat xlink:href="#sTok349" value="Mood=Ind|Tense=Pres|VerbForm=Fin"/>
		<feat xlink:href="#sTok350" value="Definite=Ind|PronType=Art"/>
		<feat xlink:href="#sTok351" value="Degree=Pos"/>
		<feat xlink:href="#sTok352" value="Degree=Pos"/>
		<feat xlink:href="#sTok353" value="Number=Sing"/>
		<feat xlink:href="#sTok355" value="Number=Sing"/>
		<feat xlink:href="#sTok356" value="Number=Sing"/>
		<feat xlink:href="#sTok357" value="Mood=Ind|Number=Sing|Person=3|Tense=Pres|VerbForm=Fin"/>
		<feat xlink:href="#sTok359" value="Tense=Past|VerbForm=Part"/>
		<feat xlink:href="#sTok361" value="Degree=Pos"/>
		<feat xlink:href="#sTok362" value="Degree=Pos|Polarity=Neg"/>
		<feat xlink:href="#sTok363" value="Number=Plur"/>
		<feat xlink:href="#sTok365" value="Degree=Pos"/>
		<feat xlink:href="#sTok367" value="Degree=Pos"/>
		<feat xlink:href="#sTok368" value="Number=Sing"/>
		<feat xlink:href="#sTok369" value="Number=Plur"/>
		<feat xlink:href="#sTok371" value="Degree=Pos"/>
		<feat xlink:href="#sTok372" value="Number=Plur"/>
		<feat xlink:href="#sTok375" value="VerbForm=Ger"/>
		<feat xlink:href="#sTok377" value="Definite=Ind|PronType=Art"/>
		<feat xlink:href="#sTok378" value="Degree=Pos"/>
		<feat xlink:href="#sTok379" value="Number=Sing"/>
		<feat xlink:href="#sTok380" value="Mood=Ind|Number=Sing|Person=3|Tense=Pres|VerbForm=Fin"/>
		<feat xlink:href="#sTok381" value="Degree=Pos"/>
		<feat xlink:href="#sTok383" value="Degree=Pos"/>
		<feat xlink:href="#sTok384" value="Number=Plur"/>
		<feat xlink:href="#sTok385" value="Mood=Ind|Tense=Pres|VerbForm=Fin"/>
		<feat xlink:href="#sTok386" value="Tense=Past|VerbForm=Part"/>
		<feat xlink:href="#sTok388" value="VerbForm=Inf"/>
		<feat xlink:href="#sTok389" value="Number=Sing|PronType=Dem"/>
		<feat xlink:href="#sTok390" value="Number=Sing"/>
		<feat xlink:href="#sTok392" value="Mood=Ind|Tense=Pres|VerbForm=Fin"/>
		<feat xlink:href="#sTok394" value="Tense=Past|VerbForm=Part"/>
		<feat xlink:href="#sTok395" value="Number=Plur"/>
		<feat xlink:href="#sTok397" value="Number=Plur"/>
		<feat xlink:href="#sTok399" value="NumType=Card"/>
		<feat xlink:href="#sTok401" value="NumType=Card"/>
		<feat xlink:href="#sTok405" value="Degree=Pos"/>
		<feat xlink:href="#sTok407" value="Definite=Ind|PronType=Art"/>
		<feat xlink:href="#sTok408" value="Degree=Pos"/>
		<feat xlink:href="#sTok409" value="Number=Sing"/>
		<feat xlink:href="#sTok411" value="NumType=Card"/>
		<feat xlink:href="#sTok412" value="Number=Sing"/>
		<feat xlink:href="#sTok413" value="NumType=Card"/>
		<feat xlink:href="#sTok418" value="Tense=Past|VerbForm=Part"/>
		<feat xlink:href="#sTok420" value="Definite=Def|PronType=Art"/>
		<feat xlink:href="#sTok421" value="Degree=Pos"/>
		<feat xlink:href="#sTok422" value="Number=Sing"/>
		<feat xlink:href="#sTok424" value="NumType=Card"/>
		<feat xlink:href="#sTok426" value="NumType=Card"/>
		<feat xlink:href="#sTok430" value="Degree=Pos"/>
		<feat xlink:href="#sTok432" value="Degree=Pos"/>
		<feat xlink:href="#sTok433" value="Number=Plur"/>
		<feat xlink:href="#sTok434" value="Mood=Ind|Tense=Pres|VerbForm=Fin"/>
		<feat xlink:href="#sTok435" value="Polarity=Neg"/>
		<feat xlink:href="#sTok436" value="Degree=Pos"/>
		<feat xlink:href="#sTok438" value="Definite=Def|PronType=Art"/>
		<feat xlink:href="#sTok439" value="Degree=Pos"/>
		<feat xlink:href="#sTok440" value="Number=Sing"/>
		<feat xlink:href="#sTok442" value="Definite=Ind|PronType=Art"/>
		<feat xlink:href="#sTok443" value="Number=Sing"/>
		<feat xlink:href="#sTok446" value="VerbForm=Inf"/>
		<feat xlink:href="#sTok447" value="Degree=Pos"/>
		<feat xlink:href="#sTok448" value="Number=Sing"/>
		<feat xlink:href="#sTok450" value="NumType=Card"/>
		<feat xlink:href="#sTok452" value="Definite=Def|PronType=Art"/>
		<feat xlink:href="#sTok453" value="Degree=Sup"/>
		<feat xlink:href="#sTok454" value="Number=Sing"/>
		<feat xlink:href="#sTok455" value="Number=Plur"/>
		<feat xlink:href="#sTok457" value="Number=Sing"/>
		<feat xlink:href="#sTok458" value="Mood=Ind|Tense=Past|VerbForm=Fin"/>
		<feat xlink:href="#sTok461" value="Number=Sing"/>
		<feat xlink:href="#sTok463" value="Definite=Ind|PronType=Art"/>
		<feat xlink:href="#sTok465" value="Degree=Pos"/>
		<feat xlink:href="#sTok466" value="Number=Sing"/>
		<feat xlink:href="#sTok468" value="NumType=Card"/>
		<feat xlink:href="#sTok469" value="Degree=Pos"/>
		<feat xlink:href="#sTok470" value="Number=Plur"/>
		<feat xlink:href="#sTok472" value="Number=Sing"/>
		<feat xlink:href="#sTok473" value="Number=Sing"/>
		<feat xlink:href="#sTok475" value="Number=Sing"/>
		<feat xlink:href="#sTok478" value="Number=Sing"/>
		<feat xlink:href="#sTok480" value="NumType=Card"/>
		<feat xlink:href="#sTok483" value="Number=Sing|PronType=Dem"/>
		<feat xlink:href="#sTok484" value="Number=Plur"/>
		<feat xlink:href="#sTok485" value="Number=Sing"/>
		<feat xlink:href="#sTok486" value="Mood=Ind|Number=Sing|Person=3|Tense=Pres|VerbForm=Fin"/>
		<feat xlink:href="#sTok487" value="Tense=Past|VerbForm=Part"/>
		<feat xlink:href="#sTok488" value="Degree=Pos"/>
		<feat xlink:href="#sTok489" value="Number=Sing"/>
		<feat xlink:href="#sTok491" value="Degree=Pos"/>
		<feat xlink:href="#sTok492" value="Number=Plur"/>
		<feat xlink:href="#sTok494" value="Number=Sing"/>
		<feat xlink:href="#sTok495" value="Number=Sing"/>
		<feat xlink:href="#sTok497" value="Number=Sing"/>
		<feat xlink:href="#sTok500" value="Degree=Pos"/>
		<feat xlink:href="#sTok501" value="Number=Sing"/>
		<feat xlink:href="#sTok503" value="NumType=Card"/>
		<feat xlink:href="#sTok505" value="NumType=Card"/>
		<feat xlink:href="#sTok507" value="NumType=Card"/>
		<feat xlink:href="#sTok512" value="Number=Sing|PronType=Dem"/>
		<feat xlink:href="#sTok513" value="Number=Sing"/>
		<feat xlink:href="#sTok514" value="Number=Sing"/>
		<feat xlink:href="#sTok515" value="Mood=Ind|Number=Sing|Person=3|Tense=Pres|VerbForm=Fin"/>
		<feat xlink:href="#sTok517" value="Definite=Ind|PronType=Art"/>
		<feat xlink:href="#sTok518" value="Degree=Pos"/>
		<feat xlink:href="#sTok519" value="Number=Sing"/>
		<feat xlink:href="#sTok521" value="Definite=Ind|PronType=Art"/>
		<feat xlink:href="#sTok522" value="VerbForm=Ger"/>
		<feat xlink:href="#sTok524" value="VerbForm=Ger"/>
		<feat xlink:href="#sTok525" value="Number=Sing"/>
		<feat xlink:href="#sTok528" value="Mood=Ind|Number=Sing|Person=3|Tense=Pres|VerbForm=Fin"/>
		<feat xlink:href="#sTok529" value="Degree=Pos"/>
		<feat xlink:href="#sTok530" value="Number=Plur"/>
		<feat xlink:href="#sTok532" value="Definite=Def|PronType=Art"/>
		<feat xlink:href="#sTok533" value="VerbForm=Ger"/>
		<feat xlink:href="#sTok534" value="Number=Sing"/>
		<feat xlink:href="#sTok536" value="Number=Sing"/>
		<feat xlink:href="#sTok537" value="Number=Plur"/>
		<feat xlink:href="#sTok539" value="Number=Plur|PronType=Dem"/>
		<feat xlink:href="#sTok540" value="Degree=Pos"/>
		<feat xlink:href="#sTok541" value="Number=Plur"/>
		<feat xlink:href="#sTok545" value="Number=Plur"/>
		<feat xlink:href="#sTok547" value="Degree=Pos"/>
		<feat xlink:href="#sTok548" value="Number=Plur"/>
		<feat xlink:href="#sTok550" value="Number=Sing"/>
		<feat xlink:href="#sTok551" value="Number=Plur"/>
		<feat xlink:href="#sTok553" value="Number=Sing"/>
		<feat xlink:href="#sTok554" value="Mood=Ind|Tense=Pres|VerbForm=Fin"/>
		<feat xlink:href="#sTok555" value="Degree=Pos"/>
		<feat xlink:href="#sTok557" value="Number=Sing"/>
		<feat xlink:href="#sTok560" value="Number=Sing"/>
		<feat xlink:href="#sTok561" value="Number=Sing"/>
		<feat xlink:href="#sTok563" value="Definite=Def|PronType=Art"/>
		<feat xlink:href="#sTok564" value="Number=Sing"/>
		<feat xlink:href="#sTok565" value="Number=Sing"/>
		<feat xlink:href="#sTok566" value="Number=Sing"/>
		<feat xlink:href="#sTok568" value="Number=Sing"/>
		<feat xlink:href="#sTok570" value="Mood=Ind|Number=Sing|Person=3|Tense=Pres|VerbForm=Fin"/>
		<feat xlink:href="#sTok571" value="Number=Plur"/>
		<feat xlink:href="#sTok573" value="Definite=Def|PronType=Art"/>
		<feat xlink:href="#sTok574" value="Number=Sing"/>
		<feat xlink:href="#sTok576" value="Number=Sing"/>
		<feat xlink:href="#sTok577" value="Number=Plur"/>
		<feat xlink:href="#sTok579" value="Definite=Def|PronType=Art"/>
		<feat xlink:href="#sTok580" value="Degree=Pos"/>
		<feat xlink:href="#sTok581" value="Number=Sing"/>
		<feat xlink:href="#sTok582" value="Number=Sing"/>
		<feat xlink:href="#sTok584" value="Number=Sing"/>
		<feat xlink:href="#sTok585" value="Number=Plur"/>
		<feat xlink:href="#sTok587" value="Number=Sing"/>
		<feat xlink:href="#sTok588" value="Number=Sing"/>
		<feat xlink:href="#sTok590" value="Number=Sing"/>
		<feat xlink:href="#sTok593" value="Degree=Pos"/>
		<feat xlink:href="#sTok594" value="Number=Plur"/>
		<feat xlink:href="#sTok595" value="VerbForm=Fin"/>
		<feat xlink:href="#sTok596" value="VerbForm=Inf"/>
		<feat xlink:href="#sTok597" value="Degree=Pos"/>
		<feat xlink:href="#sTok598" value="Number=Sing"/>
		<feat xlink:href="#sTok600" value="Number=Plur"/>
		<feat xlink:href="#sTok602" value="Number=Sing"/>
		<feat xlink:href="#sTok603" value="Number=Plur"/>
		<feat xlink:href="#sTok605" value="Definite=Def|PronType=Art"/>
		<feat xlink:href="#sTok606" value="Degree=Pos"/>
		<feat xlink:href="#sTok607" value="Number=Sing"/>
		<feat xlink:href="#sTok609" value="VerbForm=Inf"/>
		<feat xlink:href="#sTok611" value="NumType=Card"/>
		<feat xlink:href="#sTok612" value="Degree=Pos"/>
		<feat xlink:href="#sTok613" value="Number=Plur"/>
		<feat xlink:href="#sTok617" value="Number=Plur"/>
		<feat xlink:href="#sTok618" value="Mood=Ind|Tense=Pres|VerbForm=Fin"/>
		<feat xlink:href="#sTok619" value="Degree=Pos"/>
		<feat xlink:href="#sTok621" value="Degree=Pos"/>
		<feat xlink:href="#sTok622" value="Number=Sing"/>
		<feat xlink:href="#sTok623" value="Number=Plur"/>
		<feat xlink:href="#sTok625" value="Definite=Def|PronType=Art"/>
		<feat xlink:href="#sTok626" value="Number=Sing"/>
		<feat xlink:href="#sTok628" value="Number=Plur"/>
		<feat xlink:href="#sTok630" value="Number=Sing"/>
		<feat xlink:href="#sTok631" value="Number=Plur"/>
		<feat xlink:href="#sTok633" value="PronType=Rel"/>
		<feat xlink:href="#sTok634" value="VerbForm=Fin"/>
		<feat xlink:href="#sTok635" value="VerbForm=Inf"/>
		<feat xlink:href="#sTok636" value="Number=Sing"/>
		<feat xlink:href="#sTok638" value="Degree=Pos"/>
		<feat xlink:href="#sTok639" value="Number=Plur"/>
		<feat xlink:href="#sTok641" value="NumType=Card"/>
		<feat xlink:href="#sTok643" value="NumType=Card"/>
		<feat xlink:href="#sTok648" value="Degree=Pos"/>
		<feat xlink:href="#sTok649" value="Number=Sing"/>
		<feat xlink:href="#sTok650" value="Mood=Ind|Number=Sing|Person=3|Tense=Pres|VerbForm=Fin"/>
		<feat xlink:href="#sTok652" value="Definite=Ind|PronType=Art"/>
		<feat xlink:href="#sTok653" value="Degree=Pos"/>
		<feat xlink:href="#sTok654" value="Number=Sing"/>
		<feat xlink:href="#sTok656" value="Definite=Ind|PronType=Art"/>
		<feat xlink:href="#sTok657" value="Number=Sing"/>
		<feat xlink:href="#sTok659" value="PronType=Rel"/>
		<feat xlink:href="#sTok660" value="VerbForm=Fin"/>
		<feat xlink:href="#sTok661" value="VerbForm=Inf"/>
		<feat xlink:href="#sTok662" value="Case=Acc|Gender=Neut|Number=Sing|Person=3|PronType=Prs"/>
		<feat xlink:href="#sTok663" value="Degree=Pos"/>
		<feat xlink:href="#sTok665" value="VerbForm=Inf"/>
		<feat xlink:href="#sTok666" value="Number=Sing"/>
		<feat xlink:href="#sTok668" value="NumType=Card"/>
		<feat xlink:href="#sTok672" value="Number=Sing"/>
		<feat xlink:href="#sTok674" value="Number=Plur"/>
		<feat xlink:href="#sTok676" value="Number=Sing"/>
		<feat xlink:href="#sTok678" value="Number=Sing"/>
		<feat xlink:href="#sTok679" value="Number=Plur"/>
		<feat xlink:href="#sTok681" value="Number=Plur"/>
		<feat xlink:href="#sTok682" value="VerbForm=Fin"/>
		<feat xlink:href="#sTok683" value="VerbForm=Inf"/>
		<feat xlink:href="#sTok684" value="Tense=Past|VerbForm=Part"/>
		<feat xlink:href="#sTok687" value="Number=Sing"/>
		<feat xlink:href="#sTok690" value="VerbForm=Ger"/>
		<feat xlink:href="#sTok692" value="Number=Plur"/>
		<feat xlink:href="#sTok694" value="Definite=Def|PronType=Art"/>
		<feat xlink:href="#sTok695" value="Number=Sing"/>
		<feat xlink:href="#sTok697" value="Degree=Pos"/>
		<feat xlink:href="#sTok698" value="Number=Plur"/>
		<feat xlink:href="#sTok700" value="Number=Plur"/>
		<feat xlink:href="#sTok702" value="PronType=Dem"/>
		<feat xlink:href="#sTok704" value="Case=Nom|Number=Plur|Person=1|PronType=Prs"/>
		<feat xlink:href="#sTok705" value="Mood=Ind|Tense=Pres|VerbForm=Fin"/>
		<feat xlink:href="#sTok706" value="Definite=Ind|PronType=Art"/>
		<feat xlink:href="#sTok707" value="Degree=Pos"/>
		<feat xlink:href="#sTok708" value="Number=Sing"/>
		<feat xlink:href="#sTok710" value="Tense=Past|VerbForm=Part"/>
		<feat xlink:href="#sTok712" value="Definite=Ind|PronType=Art"/>
		<feat xlink:href="#sTok713" value="Degree=Pos"/>
		<feat xlink:href="#sTok714" value="Number=Sing"/>
		<feat xlink:href="#sTok715" value="Number=Sing"/>
		<feat xlink:href="#sTok717" value="PronType=Rel"/>
		<feat xlink:href="#sTok718" value="VerbForm=Fin"/>
		<feat xlink:href="#sTok722" value="VerbForm=Inf"/>
		<feat xlink:href="#sTok723" value="Definite=Ind|PronType=Art"/>
		<feat xlink:href="#sTok724" value="Degree=Pos"/>
		<feat xlink:href="#sTok725" value="Number=Sing"/>
		<feat xlink:href="#sTok727" value="Definite=Ind|PronType=Art"/>
		<feat xlink:href="#sTok728" value="Degree=Pos"/>
		<feat xlink:href="#sTok729" value="Number=Sing"/>
		<feat xlink:href="#sTok730" value="VerbForm=Ger"/>
		<feat xlink:href="#sTok731" value="Degree=Pos"/>
		<feat xlink:href="#sTok732" value="Number=Plur"/>
		<feat xlink:href="#sTok733" value="Degree=Pos"/>
		<feat xlink:href="#sTok735" value="Definite=Def|PronType=Art"/>
		<feat xlink:href="#sTok736" value="Degree=Pos"/>
		<feat xlink:href="#sTok737" value="Number=Sing"/>
		<feat xlink:href="#sTok738" value="Number=Sing"/>
		<feat xlink:href="#sTok739" value="Number=Sing"/>
		<feat xlink:href="#sTok741" value="Number=Sing|PronType=Dem"/>
		<feat xlink:href="#sTok742" value="Number=Sing"/>
		<feat xlink:href="#sTok743" value="Mood=Ind|Number=Sing|Person=3|Tense=Pres|VerbForm=Fin"/>
		<feat xlink:href="#sTok744" value="Degree=Pos"/>
		<feat xlink:href="#sTok746" value="Degree=Pos"/>
		<feat xlink:href="#sTok749" value="Case=Nom|Gender=Neut|Number=Sing|Person=3|PronType=Prs"/>
		<feat xlink:href="#sTok750" value="VerbForm=Fin"/>
		<feat xlink:href="#sTok751" value="VerbForm=Inf"/>
		<feat xlink:href="#sTok752" value="Tense=Past|VerbForm=Part"/>
		<feat xlink:href="#sTok755" value="Degree=Pos"/>
		<feat xlink:href="#sTok756" value="Number=Sing"/>
		<feat xlink:href="#sTok758" value="Tense=Past|VerbForm=Part"/>
		<feat xlink:href="#sTok760" value="Degree=Pos"/>
		<feat xlink:href="#sTok761" value="Number=Sing"/>
		<feat xlink:href="#sTok763" value="Definite=Def|PronType=Art"/>
		<feat xlink:href="#sTok764" value="Number=Sing"/>
		<feat xlink:href="#sTok765" value="Mood=Ind|Number=Sing|Person=3|Tense=Pres|VerbForm=Fin"/>
		<feat xlink:href="#sTok766" value="Degree=Pos"/>
		<feat xlink:href="#sTok768" value="VerbForm=Ger"/>
		<feat xlink:href="#sTok769" value="Number=Sing"/>
		<feat xlink:href="#sTok770" value="Number=Plur"/>
		<feat xlink:href="#sTok772" value="Definite=Ind|PronType=Art"/>
		<feat xlink:href="#sTok773" value="Degree=Pos"/>
		<feat xlink:href="#sTok774" value="Degree=Pos"/>
		<feat xlink:href="#sTok775" value="Number=Sing"/>
		<feat xlink:href="#sTok778" value="Definite=Ind|PronType=Art"/>
		<feat xlink:href="#sTok779" value="Degree=Pos"/>
		<feat xlink:href="#sTok780" value="Number=Plur"/>
		<feat xlink:href="#sTok781" value="VerbForm=Ger"/>
		<feat xlink:href="#sTok782" value="Degree=Pos"/>
		<feat xlink:href="#sTok783" value="Number=Sing"/>
		<feat xlink:href="#sTok784" value="Number=Sing"/>
		<feat xlink:href="#sTok786" value="Definite=Ind|PronType=Art"/>
		<feat xlink:href="#sTok787" value="Degree=Pos"/>
		<feat xlink:href="#sTok788" value="Number=Sing"/>
		<feat xlink:href="#sTok790" value="Definite=Def|PronType=Art"/>
		<feat xlink:href="#sTok792" value="NumType=Card"/>
		<feat xlink:href="#sTok793" value="Number=Plur"/>
		<feat xlink:href="#sTok794" value="Tense=Past|VerbForm=Part"/>
		<feat xlink:href="#sTok796" value="VerbForm=Inf"/>
		<feat xlink:href="#sTok797" value="Number=Sing|PronType=Dem"/>
		<feat xlink:href="#sTok798" value="Number=Sing"/>
		<feat xlink:href="#sTok800" value="Number=Sing"/>
		<feat xlink:href="#sTok802" value="NumType=Card"/>
		<feat xlink:href="#sTok806" value="VerbForm=Ger"/>
		<feat xlink:href="#sTok807" value="Definite=Ind|PronType=Art"/>
		<feat xlink:href="#sTok808" value="Degree=Pos"/>
		<feat xlink:href="#sTok809" value="Number=Sing"/>
		<feat xlink:href="#sTok811" value="Definite=Ind|PronType=Art"/>
		<feat xlink:href="#sTok812" value="Degree=Pos"/>
		<feat xlink:href="#sTok813" value="Number=Sing"/>
		<feat xlink:href="#sTok815" value="Degree=Pos"/>
		<feat xlink:href="#sTok816" value="Number=Sing"/>
		<feat xlink:href="#sTok819" value="Number=Sing|PronType=Dem"/>
		<feat xlink:href="#sTok820" value="Number=Sing"/>
		<feat xlink:href="#sTok821" value="VerbForm=Fin"/>
		<feat xlink:href="#sTok822" value="VerbForm=Inf"/>
		<feat xlink:href="#sTok823" value="Degree=Pos"/>
		<feat xlink:href="#sTok824" value="Number=Sing"/>
		<feat xlink:href="#sTok826" value="Definite=Def|PronType=Art"/>
		<feat xlink:href="#sTok827" value="Number=Sing"/>
		<feat xlink:href="#sTok829" value="Degree=Pos"/>
		<feat xlink:href="#sTok830" value="Number=Plur"/>
		<feat xlink:href="#sTok832" value="VerbForm=Ger"/>
		<feat xlink:href="#sTok833" value="Number=Sing"/>
		<feat xlink:href="#sTok835" value="Degree=Pos"/>
		<feat xlink:href="#sTok836" value="Number=Sing"/>
		<feat xlink:href="#sTok837" value="Number=Plur"/>
		<feat xlink:href="#sTok840" value="VerbForm=Ger"/>
		<feat xlink:href="#sTok842" value="VerbForm=Inf"/>
		<feat xlink:href="#sTok844" value="Number=Plur"/>
		<feat xlink:href="#sTok846" value="Degree=Pos"/>
		<feat xlink:href="#sTok847" value="Number=Plur"/>
		<feat xlink:href="#sTok849" value="Number=Sing|PronType=Dem"/>
		<feat xlink:href="#sTok850" value="Number=Sing"/>
		<feat xlink:href="#sTok851" value="VerbForm=Fin"/>
		<feat xlink:href="#sTok853" value="VerbForm=Inf"/>
		<feat xlink:href="#sTok854" value="Tense=Past|VerbForm=Part"/>
		<feat xlink:href="#sTok857" value="VerbForm=Inf"/>
		<feat xlink:href="#sTok858" value="PronType=Int"/>
		<feat xlink:href="#sTok859" value="Definite=Def|PronType=Art"/>
		<feat xlink:href="#sTok860" value="Number=Sing"/>
		<feat xlink:href="#sTok862" value="Number=Sing"/>
		<feat xlink:href="#sTok863" value="Mood=Ind|Number=Sing|Person=3|Tense=Pres|VerbForm=Fin"/>
		<feat xlink:href="#sTok865" value="Number=Sing"/>
		<feat xlink:href="#sTok867" value="PronType=Rel"/>
		<feat xlink:href="#sTok868" value="Mood=Ind|Number=Sing|Person=3|Tense=Pres|VerbForm=Fin"/>
		<feat xlink:href="#sTok870" value="Degree=Pos"/>
		<feat xlink:href="#sTok872" value="VerbForm=Ger"/>
		<feat xlink:href="#sTok873" value="Definite=Def|PronType=Art"/>
		<feat xlink:href="#sTok874" value="Number=Sing"/>
		<feat xlink:href="#sTok876" value="Number=Plur"/>
		<feat xlink:href="#sTok877" value="Tense=Past|VerbForm=Part"/>
		<feat xlink:href="#sTok879" value="VerbForm=Inf"/>
		<feat xlink:href="#sTok880" value="Number=Sing"/>
		<feat xlink:href="#sTok882" value="VerbForm=Inf"/>
		<feat xlink:href="#sTok883" value="Number=Sing"/>
		<feat xlink:href="#sTok885" value="Number=Sing"/>
		<feat xlink:href="#sTok889" value="Tense=Past|VerbForm=Part"/>
		<feat xlink:href="#sTok891" value="Degree=Pos"/>
		<feat xlink:href="#sTok892" value="Degree=Pos"/>
		<feat xlink:href="#sTok893" value="Number=Plur"/>
		<feat xlink:href="#sTok895" value="Number=Sing"/>
		<feat xlink:href="#sTok897" value="Definite=Def|PronType=Art"/>
		<feat xlink:href="#sTok898" value="Number=Sing"/>
		<feat xlink:href="#sTok899" value="VerbForm=Fin"/>
		<feat xlink:href="#sTok900" value="VerbForm=Inf"/>
		<feat xlink:href="#sTok901" value="Number=Plur"/>
		<feat xlink:href="#sTok903" value="Number=Sing"/>
		<feat xlink:href="#sTok905" value="Degree=Pos"/>
		<feat xlink:href="#sTok906" value="Number=Plur"/>
		<feat xlink:href="#sTok908" value="VerbForm=Inf"/>
		<feat xlink:href="#sTok909" value="Number=Plur|PronType=Dem"/>
		<feat xlink:href="#sTok910" value="Number=Sing"/>
		<feat xlink:href="#sTok911" value="Number=Plur"/>
		<feat xlink:href="#sTok913" value="Degree=Pos"/>
		<feat xlink:href="#sTok914" value="Number=Plur"/>
		<feat xlink:href="#sTok917" value="Degree=Pos"/>
		<feat xlink:href="#sTok919" value="Degree=Pos"/>
		<feat xlink:href="#sTok920" value="Degree=Pos"/>
		<feat xlink:href="#sTok921" value="Number=Sing"/>
		<feat xlink:href="#sTok922" value="Number=Plur"/>
		<feat xlink:href="#sTok923" value="VerbForm=Fin"/>
		<feat xlink:href="#sTok924" value="VerbForm=Inf"/>
		<feat xlink:href="#sTok926" value="Definite=Def|PronType=Art"/>
		<feat xlink:href="#sTok927" value="Number=Sing"/>
		<feat xlink:href="#sTok929" value="Degree=Pos"/>
		<feat xlink:href="#sTok931" value="Degree=Pos"/>
		<feat xlink:href="#sTok932" value="Number=Sing"/>
		<feat xlink:href="#sTok933" value="Number=Plur"/>
		<feat xlink:href="#sTok935" value="Number=Plur|Person=1|Poss=Yes|PronType=Prs"/>
		<feat xlink:href="#sTok936" value="Number=Sing"/>
		<feat xlink:href="#sTok937" value="Mood=Ind|Number=Sing|Person=3|Tense=Pres|VerbForm=Fin"/>
		<feat xlink:href="#sTok938" value="Tense=Past|VerbForm=Part"/>
		<feat xlink:href="#sTok940" value="Mood=Ind|Number=Sing|Person=3|Tense=Pres|VerbForm=Fin"/>
		<feat xlink:href="#sTok942" value="Case=Nom|Number=Plur|Person=1|PronType=Prs"/>
		<feat xlink:href="#sTok943" value="Mood=Ind|Tense=Pres|VerbForm=Fin"/>
		<feat xlink:href="#sTok945" value="VerbForm=Ger"/>
		<feat xlink:href="#sTok946" value="Definite=Def|PronType=Art"/>
		<feat xlink:href="#sTok947" value="Number=Sing"/>
		<feat xlink:href="#sTok949" value="Number=Sing"/>
		<feat xlink:href="#sTok951" value="Number=Plur|Person=1|Poss=Yes|PronType=Prs"/>
		<feat xlink:href="#sTok952" value="Number=Sing"/>
		<feat xlink:href="#sTok953" value="Number=Sing"/>
		<feat xlink:href="#sTok954" value="Number=Sing"/>
		<feat xlink:href="#sTok958" value="Case=Nom|Number=Plur|Person=1|PronType=Prs"/>
		<feat xlink:href="#sTok959" value="Mood=Ind|Tense=Pres|VerbForm=Fin"/>
		<feat xlink:href="#sTok960" value="Definite=Def|PronType=Art"/>
		<feat xlink:href="#sTok961" value="Number=Plur"/>
		<feat xlink:href="#sTok963" value="Number=Plur|Person=1|Poss=Yes|PronType=Prs"/>
		<feat xlink:href="#sTok964" value="Number=Sing"/>
		<feat xlink:href="#sTok966" value="NumType=Card"/>
		<feat xlink:href="#sTok967" value="Number=Plur"/>
		<feat xlink:href="#sTok969" value="Definite=Def|PronType=Art"/>
		<feat xlink:href="#sTok970" value="Degree=Pos|NumType=Ord"/>
		<feat xlink:href="#sTok971" value="Mood=Ind|Number=Sing|Person=3|Tense=Pres|VerbForm=Fin"/>
		<feat xlink:href="#sTok972" value="Definite=Def|PronType=Art"/>
		<feat xlink:href="#sTok973" value="Number=Sing"/>
		<feat xlink:href="#sTok975" value="Number=Sing"/>
		<feat xlink:href="#sTok977" value="Definite=Def|PronType=Art"/>
		<feat xlink:href="#sTok978" value="Number=Sing"/>
		<feat xlink:href="#sTok980" value="VerbForm=Ger"/>
		<feat xlink:href="#sTok981" value="Number=Sing"/>
		<feat xlink:href="#sTok982" value="Number=Plur"/>
		<feat xlink:href="#sTok984" value="Definite=Def|PronType=Art"/>
		<feat xlink:href="#sTok985" value="Number=Sing"/>
		<feat xlink:href="#sTok987" value="Number=Sing"/>
		<feat xlink:href="#sTok988" value="Number=Sing"/>
		<feat xlink:href="#sTok990" value="VerbForm=Ger"/>
		<feat xlink:href="#sTok991" value="Case=Acc|Gender=Neut|Number=Sing|Person=3|PronType=Prs"/>
		<feat xlink:href="#sTok993" value="Definite=Ind|PronType=Art"/>
		<feat xlink:href="#sTok994" value="Degree=Pos"/>
		<feat xlink:href="#sTok995" value="Number=Sing"/>
		<feat xlink:href="#sTok997" value="Tense=Past|VerbForm=Part"/>
		<feat xlink:href="#sTok999" value="NumType=Card"/>
		<feat xlink:href="#sTok1001" value="NumType=Card"/>
		<feat xlink:href="#sTok1004" value="Definite=Def|PronType=Art"/>
		<feat xlink:href="#sTok1005" value="Number=Sing"/>
		<feat xlink:href="#sTok1006" value="Mood=Ind|Number=Sing|Person=3|Tense=Pres|VerbForm=Fin"/>
		<feat xlink:href="#sTok1007" value="Definite=Ind|PronType=Art"/>
		<feat xlink:href="#sTok1008" value="Number=Sing"/>
		<feat xlink:href="#sTok1010" value="Definite=Def|PronType=Art"/>
		<feat xlink:href="#sTok1011" value="Number=Sing"/>
		<feat xlink:href="#sTok1013" value="Number=Sing"/>
		<feat xlink:href="#sTok1014" value="Tense=Past|VerbForm=Part"/>
		<feat xlink:href="#sTok1016" value="Number=Plur|Person=1|Poss=Yes|PronType=Prs"/>
		<feat xlink:href="#sTok1017" value="Number=Sing"/>
		<feat xlink:href="#sTok1019" value="Mood=Ind|Number=Sing|Person=3|Tense=Pres|VerbForm=Fin"/>
		<feat xlink:href="#sTok1020" value="Definite=Def|PronType=Art"/>
		<feat xlink:href="#sTok1021" value="NumType=Card"/>
		<feat xlink:href="#sTok1023" value="NumType=Card"/>
		<feat xlink:href="#sTok1024" value="Number=Plur"/>
		<feat xlink:href="#sTok1026" value="VerbForm=Inf"/>
		<feat xlink:href="#sTok1027" value="Definite=Def|PronType=Art"/>
		<feat xlink:href="#sTok1029" value="Degree=Pos"/>
		<feat xlink:href="#sTok1030" value="Number=Sing"/>
		<feat xlink:href="#sTok1032" value="Number=Sing"/>
		<feat xlink:href="#sTok1034" value="Number=Sing"/>
		<feat xlink:href="#sTok1035" value="Number=Sing"/></featList></paula>