<?xml version='1.0' encoding='UTF-8'?><!DOCTYPE paula SYSTEM "paula_feat.dtd">
<paula version="1.1">
	<header paula_id="morph.GUM_academic_census.mark_NumType"/>
	<featList xmlns:xlink="http://www.w3.org/1999/xlink" type="NumType" xml:base="morph.GUM_academic_census.mark.xml">
		<feat xlink:href="#sSpan456" value="Card"/>
		<feat xlink:href="#sSpan532" value="Card"/>
		<feat xlink:href="#sSpan537" value="Card"/>
		<feat xlink:href="#sSpan538" value="Card"/>
		<feat xlink:href="#sSpan576" value="Card"/>
		<feat xlink:href="#sSpan637" value="Ord"/>
		<feat xlink:href="#sSpan712" value="Card"/>
		<feat xlink:href="#sSpan735" value="Card"/>
		<feat xlink:href="#sSpan762" value="Card"/>
		<feat xlink:href="#sSpan828" value="Card"/>
		<feat xlink:href="#sSpan829" value="Card"/>
		<feat xlink:href="#sSpan835" value="Card"/>
		<feat xlink:href="#sSpan837" value="Card"/>
		<feat xlink:href="#sSpan844" value="Card"/>
		<feat xlink:href="#sSpan845" value="Card"/>
		<feat xlink:href="#sSpan864" value="Card"/>
		<feat xlink:href="#sSpan879" value="Card"/>
		<feat xlink:href="#sSpan886" value="Card"/>
		<feat xlink:href="#sSpan907" value="Card"/>
		<feat xlink:href="#sSpan908" value="Card"/>
		<feat xlink:href="#sSpan909" value="Card"/>
		<feat xlink:href="#sSpan999" value="Card"/>
		<feat xlink:href="#sSpan1022" value="Card"/>
		<feat xlink:href="#sSpan1023" value="Card"/>
		<feat xlink:href="#sSpan1049" value="Card"/>
		<feat xlink:href="#sSpan1165" value="Card"/>
		<feat xlink:href="#sSpan1174" value="Card"/>
		<feat xlink:href="#sSpan1333" value="Card"/>
		<feat xlink:href="#sSpan1338" value="Ord"/>
		<feat xlink:href="#sSpan1371" value="Card"/>
		<feat xlink:href="#sSpan1372" value="Card"/>
		<feat xlink:href="#sSpan1402" value="Card"/>
		<feat xlink:href="#sSpan1403" value="Card"/></featList></paula>