<?xml version='1.0' encoding='UTF-8'?><!DOCTYPE paula SYSTEM "paula_feat.dtd">
<paula version="1.1">
	<header paula_id="rsd.GUM_academic_census.mark_para"/>
	<featList xmlns:xlink="http://www.w3.org/1999/xlink" type="para" xml:base="rsd.GUM_academic_census.mark.xml">
		<feat xlink:href="#sSpan350" value="para"/>
		<feat xlink:href="#sSpan367" value="para"/>
		<feat xlink:href="#sSpan382" value="para"/>
		<feat xlink:href="#sSpan400" value="para"/>
		<feat xlink:href="#sSpan416" value="para"/>
		<feat xlink:href="#sSpan443" value="para"/></featList></paula>