<?xml version='1.0' encoding='UTF-8'?><!DOCTYPE paula SYSTEM "paula_feat.dtd">
<paula version="1.1">
	<header paula_id="morph.GUM_academic_economics.mark_NumForm"/>
	<featList xmlns:xlink="http://www.w3.org/1999/xlink" type="NumForm" xml:base="morph.GUM_academic_economics.mark.xml">
		<feat xlink:href="#sSpan492" value="Word"/>
		<feat xlink:href="#sSpan518" value="Digit"/>
		<feat xlink:href="#sSpan519" value="Digit"/>
		<feat xlink:href="#sSpan606" value="Digit"/>
		<feat xlink:href="#sSpan694" value="Digit"/>
		<feat xlink:href="#sSpan743" value="Digit"/>
		<feat xlink:href="#sSpan803" value="Digit"/>
		<feat xlink:href="#sSpan894" value="Word"/>
		<feat xlink:href="#sSpan1113" value="Digit"/>
		<feat xlink:href="#sSpan1178" value="Digit"/>
		<feat xlink:href="#sSpan1188" value="Digit"/>
		<feat xlink:href="#sSpan1448" value="Digit"/></featList></paula>