<?xml version='1.0' encoding='UTF-8'?><!DOCTYPE paula SYSTEM "paula_feat.dtd">
<paula version="1.1">
	<header paula_id="morph.GUM_academic_economics.mark_NumType"/>
	<featList xmlns:xlink="http://www.w3.org/1999/xlink" type="NumType" xml:base="morph.GUM_academic_economics.mark.xml">
		<feat xlink:href="#sSpan427" value="Ord"/>
		<feat xlink:href="#sSpan430" value="Frac"/>
		<feat xlink:href="#sSpan434" value="Ord"/>
		<feat xlink:href="#sSpan495" value="Card"/>
		<feat xlink:href="#sSpan520" value="Card"/>
		<feat xlink:href="#sSpan523" value="Card"/>
		<feat xlink:href="#sSpan611" value="Card"/>
		<feat xlink:href="#sSpan700" value="Card"/>
		<feat xlink:href="#sSpan749" value="Card"/>
		<feat xlink:href="#sSpan808" value="Card"/>
		<feat xlink:href="#sSpan899" value="Card"/>
		<feat xlink:href="#sSpan1121" value="Card"/>
		<feat xlink:href="#sSpan1187" value="Card"/>
		<feat xlink:href="#sSpan1197" value="Card"/>
		<feat xlink:href="#sSpan1463" value="Card"/></featList></paula>