<?xml version='1.0' encoding='UTF-8'?><!DOCTYPE paula SYSTEM "paula_feat.dtd">
<paula version="1.1">
	<header paula_id="morph.GUM_academic_economics.mark_Case"/>
	<featList xmlns:xlink="http://www.w3.org/1999/xlink" type="Case" xml:base="morph.GUM_academic_economics.mark.xml">
		<feat xlink:href="#sSpan743" value="Nom"/>
		<feat xlink:href="#sSpan767" value="Gen"/>
		<feat xlink:href="#sSpan791" value="Gen"/>
		<feat xlink:href="#sSpan863" value="Gen"/>
		<feat xlink:href="#sSpan886" value="Nom"/>
		<feat xlink:href="#sSpan968" value="Nom"/>
		<feat xlink:href="#sSpan988" value="Gen"/>
		<feat xlink:href="#sSpan1091" value="Nom"/>
		<feat xlink:href="#sSpan1131" value="Nom"/>
		<feat xlink:href="#sSpan1337" value="Gen"/>
		<feat xlink:href="#sSpan1372" value="Nom"/>
		<feat xlink:href="#sSpan1387" value="Gen"/>
		<feat xlink:href="#sSpan1403" value="Gen"/>
		<feat xlink:href="#sSpan1429" value="Nom"/>
		<feat xlink:href="#sSpan1458" value="Gen"/>
		<feat xlink:href="#sSpan1521" value="Nom"/>
		<feat xlink:href="#sSpan1618" value="Gen"/>
		<feat xlink:href="#sSpan1697" value="Gen"/>
		<feat xlink:href="#sSpan1789" value="Gen"/></featList></paula>