<?xml version='1.0' encoding='UTF-8'?><!DOCTYPE paula SYSTEM "paula_feat.dtd">
<paula version="1.1">
	<header paula_id="GUM_academic_epistemic.tok_lemma"/>
	<featList xmlns:xlink="http://www.w3.org/1999/xlink" type="lemma" xml:base="GUM_academic_epistemic.tok.xml">
		<feat xlink:href="#sTok1" value="Epistemic"/>
		<feat xlink:href="#sTok2" value="pollution"/>
		<feat xlink:href="#sTok3" value="agent"/>
		<feat xlink:href="#sTok4" value="can"/>
		<feat xlink:href="#sTok5" value="rationally"/>
		<feat xlink:href="#sTok6" value="choose"/>
		<feat xlink:href="#sTok7" value="between"/>
		<feat xlink:href="#sTok8" value="expert"/>
		<feat xlink:href="#sTok9" value="only"/>
		<feat xlink:href="#sTok10" value="if"/>
		<feat xlink:href="#sTok11" value="the"/>
		<feat xlink:href="#sTok12" value="criterion"/>
		<feat xlink:href="#sTok13" value="that"/>
		<feat xlink:href="#sTok14" value="distinguish"/>
		<feat xlink:href="#sTok15" value="genuine"/>
		<feat xlink:href="#sTok16" value="expert"/>
		<feat xlink:href="#sTok17" value="from"/>
		<feat xlink:href="#sTok18" value="charlatan"/>
		<feat xlink:href="#sTok19" value="be"/>
		<feat xlink:href="#sTok20" value="common"/>
		<feat xlink:href="#sTok21" value="sense"/>
		<feat xlink:href="#sTok22" value="or"/>
		<feat xlink:href="#sTok23" value="widely"/>
		<feat xlink:href="#sTok24" value="know"/>
		<feat xlink:href="#sTok25" value=":"/>
		<feat xlink:href="#sTok26" value="if"/>
		<feat xlink:href="#sTok27" value="agent"/>
		<feat xlink:href="#sTok28" value="be"/>
		<feat xlink:href="#sTok29" value="to"/>
		<feat xlink:href="#sTok30" value="satisfy"/>
		<feat xlink:href="#sTok31" value="the"/>
		<feat xlink:href="#sTok32" value="epistemic"/>
		<feat xlink:href="#sTok33" value="condition"/>
		<feat xlink:href="#sTok34" value="on"/>
		<feat xlink:href="#sTok35" value="responsibility"/>
		<feat xlink:href="#sTok36" value=","/>
		<feat xlink:href="#sTok37" value="they"/>
		<feat xlink:href="#sTok38" value="must"/>
		<feat xlink:href="#sTok39" value="know"/>
		<feat xlink:href="#sTok40" value="what"/>
		<feat xlink:href="#sTok41" value="kind"/>
		<feat xlink:href="#sTok42" value="of"/>
		<feat xlink:href="#sTok43" value="knowledge"/>
		<feat xlink:href="#sTok44" value="they"/>
		<feat xlink:href="#sTok45" value="must"/>
		<feat xlink:href="#sTok46" value="utilize"/>
		<feat xlink:href="#sTok47" value="to"/>
		<feat xlink:href="#sTok48" value="guide"/>
		<feat xlink:href="#sTok49" value="their"/>
		<feat xlink:href="#sTok50" value="selection"/>
		<feat xlink:href="#sTok51" value="of"/>
		<feat xlink:href="#sTok52" value="source"/>
		<feat xlink:href="#sTok53" value="("/>
		<feat xlink:href="#sTok54" value="on"/>
		<feat xlink:href="#sTok55" value="pain"/>
		<feat xlink:href="#sTok56" value="of"/>
		<feat xlink:href="#sTok57" value="infinite"/>
		<feat xlink:href="#sTok58" value="regress"/>
		<feat xlink:href="#sTok59" value=")"/>
		<feat xlink:href="#sTok60" value="."/>
		<feat xlink:href="#sTok61" value="in"/>
		<feat xlink:href="#sTok62" value="fact"/>
		<feat xlink:href="#sTok63" value=","/>
		<feat xlink:href="#sTok64" value="many"/>
		<feat xlink:href="#sTok65" value=","/>
		<feat xlink:href="#sTok66" value="if"/>
		<feat xlink:href="#sTok67" value="not"/>
		<feat xlink:href="#sTok68" value="all"/>
		<feat xlink:href="#sTok69" value=","/>
		<feat xlink:href="#sTok70" value="the"/>
		<feat xlink:href="#sTok71" value="marker"/>
		<feat xlink:href="#sTok72" value="of"/>
		<feat xlink:href="#sTok73" value="expertise"/>
		<feat xlink:href="#sTok74" value="identify"/>
		<feat xlink:href="#sTok75" value="by"/>
		<feat xlink:href="#sTok76" value="philosopher"/>
		<feat xlink:href="#sTok77" value="enjoy"/>
		<feat xlink:href="#sTok78" value="widespread"/>
		<feat xlink:href="#sTok79" value="recognition"/>
		<feat xlink:href="#sTok80" value="."/>
		<feat xlink:href="#sTok81" value="the"/>
		<feat xlink:href="#sTok82" value="fact"/>
		<feat xlink:href="#sTok83" value="that"/>
		<feat xlink:href="#sTok84" value="this"/>
		<feat xlink:href="#sTok85" value="criterion"/>
		<feat xlink:href="#sTok86" value="be"/>
		<feat xlink:href="#sTok87" value="widely"/>
		<feat xlink:href="#sTok88" value="know"/>
		<feat xlink:href="#sTok89" value=","/>
		<feat xlink:href="#sTok90" value="however"/>
		<feat xlink:href="#sTok91" value=","/>
		<feat xlink:href="#sTok92" value="offer"/>
		<feat xlink:href="#sTok93" value="a"/>
		<feat xlink:href="#sTok94" value="opportunity"/>
		<feat xlink:href="#sTok95" value="to"/>
		<feat xlink:href="#sTok96" value="this"/>
		<feat xlink:href="#sTok97" value="who"/>
		<feat xlink:href="#sTok98" value="would"/>
		<feat xlink:href="#sTok99" value="use"/>
		<feat xlink:href="#sTok100" value="they"/>
		<feat xlink:href="#sTok101" value="for"/>
		<feat xlink:href="#sTok102" value="deception"/>
		<feat xlink:href="#sTok103" value=","/>
		<feat xlink:href="#sTok104" value="witting"/>
		<feat xlink:href="#sTok105" value="or"/>
		<feat xlink:href="#sTok106" value="unwitting"/>
		<feat xlink:href="#sTok107" value="."/>
		<feat xlink:href="#sTok108" value="since"/>
		<feat xlink:href="#sTok109" value="expertise"/>
		<feat xlink:href="#sTok110" value="must"/>
		<feat xlink:href="#sTok111" value="be"/>
		<feat xlink:href="#sTok112" value="assess"/>
		<feat xlink:href="#sTok113" value="through"/>
		<feat xlink:href="#sTok114" value="indirect"/>
		<feat xlink:href="#sTok115" value="marker"/>
		<feat xlink:href="#sTok116" value=","/>
		<feat xlink:href="#sTok117" value="to"/>
		<feat xlink:href="#sTok118" value="mimic"/>
		<feat xlink:href="#sTok119" value="the"/>
		<feat xlink:href="#sTok120" value="marker"/>
		<feat xlink:href="#sTok121" value="of"/>
		<feat xlink:href="#sTok122" value="expertise"/>
		<feat xlink:href="#sTok123" value="be"/>
		<feat xlink:href="#sTok124" value="to"/>
		<feat xlink:href="#sTok125" value="mimic"/>
		<feat xlink:href="#sTok126" value="expertise"/>
		<feat xlink:href="#sTok127" value="["/>
		<feat xlink:href="#sTok128" value="17"/>
		<feat xlink:href="#sTok129" value="]"/>
		<feat xlink:href="#sTok130" value="."/>
		<feat xlink:href="#sTok131" value="we"/>
		<feat xlink:href="#sTok132" value="live"/>
		<feat xlink:href="#sTok133" value="in"/>
		<feat xlink:href="#sTok134" value="a"/>
		<feat xlink:href="#sTok135" value="epistemic"/>
		<feat xlink:href="#sTok136" value="environment"/>
		<feat xlink:href="#sTok137" value="that"/>
		<feat xlink:href="#sTok138" value="be"/>
		<feat xlink:href="#sTok139" value="heavily"/>
		<feat xlink:href="#sTok140" value="and"/>
		<feat xlink:href="#sTok141" value="deliberately"/>
		<feat xlink:href="#sTok142" value="pollute"/>
		<feat xlink:href="#sTok143" value="by"/>
		<feat xlink:href="#sTok144" value="agent"/>
		<feat xlink:href="#sTok145" value="who"/>
		<feat xlink:href="#sTok146" value="use"/>
		<feat xlink:href="#sTok147" value="mimicry"/>
		<feat xlink:href="#sTok148" value="and"/>
		<feat xlink:href="#sTok149" value="other"/>
		<feat xlink:href="#sTok150" value="method"/>
		<feat xlink:href="#sTok151" value="as"/>
		<feat xlink:href="#sTok152" value="a"/>
		<feat xlink:href="#sTok153" value="means"/>
		<feat xlink:href="#sTok154" value="of"/>
		<feat xlink:href="#sTok155" value="inflate"/>
		<feat xlink:href="#sTok156" value="their"/>
		<feat xlink:href="#sTok157" value="pretense"/>
		<feat xlink:href="#sTok158" value="to"/>
		<feat xlink:href="#sTok159" value="expertise"/>
		<feat xlink:href="#sTok160" value="."/>
		<feat xlink:href="#sTok161" value="this"/>
		<feat xlink:href="#sTok162" value="fact"/>
		<feat xlink:href="#sTok163" value=","/>
		<feat xlink:href="#sTok164" value="together"/>
		<feat xlink:href="#sTok165" value="with"/>
		<feat xlink:href="#sTok166" value="the"/>
		<feat xlink:href="#sTok167" value="fact"/>
		<feat xlink:href="#sTok168" value="that"/>
		<feat xlink:href="#sTok169" value="such"/>
		<feat xlink:href="#sTok170" value="deception"/>
		<feat xlink:href="#sTok171" value="be"/>
		<feat xlink:href="#sTok172" value="widely"/>
		<feat xlink:href="#sTok173" value="know"/>
		<feat xlink:href="#sTok174" value="to"/>
		<feat xlink:href="#sTok175" value="occur"/>
		<feat xlink:href="#sTok176" value=","/>
		<feat xlink:href="#sTok177" value="reduce"/>
		<feat xlink:href="#sTok178" value="ordinary"/>
		<feat xlink:href="#sTok179" value="people"/>
		<feat xlink:href="#sTok180" value="'s"/>
		<feat xlink:href="#sTok181" value="trust"/>
		<feat xlink:href="#sTok182" value="in"/>
		<feat xlink:href="#sTok183" value="expert"/>
		<feat xlink:href="#sTok184" value="authority"/>
		<feat xlink:href="#sTok185" value="and"/>
		<feat xlink:href="#sTok186" value="diminish"/>
		<feat xlink:href="#sTok187" value="their"/>
		<feat xlink:href="#sTok188" value="capacity"/>
		<feat xlink:href="#sTok189" value="to"/>
		<feat xlink:href="#sTok190" value="distinguish"/>
		<feat xlink:href="#sTok191" value="reliable"/>
		<feat xlink:href="#sTok192" value="from"/>
		<feat xlink:href="#sTok193" value="unreliable"/>
		<feat xlink:href="#sTok194" value="source"/>
		<feat xlink:href="#sTok195" value="."/>
		<feat xlink:href="#sTok196" value="for"/>
		<feat xlink:href="#sTok197" value="instance"/>
		<feat xlink:href="#sTok198" value=","/>
		<feat xlink:href="#sTok199" value="this"/>
		<feat xlink:href="#sTok200" value="with"/>
		<feat xlink:href="#sTok201" value="a"/>
		<feat xlink:href="#sTok202" value="interest"/>
		<feat xlink:href="#sTok203" value="in"/>
		<feat xlink:href="#sTok204" value="deceive"/>
		<feat xlink:href="#sTok205" value="the"/>
		<feat xlink:href="#sTok206" value="general"/>
		<feat xlink:href="#sTok207" value="public"/>
		<feat xlink:href="#sTok208" value="may"/>
		<feat xlink:href="#sTok209" value="set"/>
		<feat xlink:href="#sTok210" value="up"/>
		<feat xlink:href="#sTok211" value="parallel"/>
		<feat xlink:href="#sTok212" value="institution"/>
		<feat xlink:href="#sTok213" value="that"/>
		<feat xlink:href="#sTok214" value="ostensibly"/>
		<feat xlink:href="#sTok215" value="guarantee"/>
		<feat xlink:href="#sTok216" value="expertise"/>
		<feat xlink:href="#sTok217" value=","/>
		<feat xlink:href="#sTok218" value="take"/>
		<feat xlink:href="#sTok219" value="advantage"/>
		<feat xlink:href="#sTok220" value="of"/>
		<feat xlink:href="#sTok221" value="the"/>
		<feat xlink:href="#sTok222" value="way"/>
		<feat xlink:href="#sTok223" value="in"/>
		<feat xlink:href="#sTok224" value="which"/>
		<feat xlink:href="#sTok225" value="this"/>
		<feat xlink:href="#sTok226" value="parallel"/>
		<feat xlink:href="#sTok227" value="institution"/>
		<feat xlink:href="#sTok228" value="mimic"/>
		<feat xlink:href="#sTok229" value="legitimate"/>
		<feat xlink:href="#sTok230" value="institution"/>
		<feat xlink:href="#sTok231" value="to"/>
		<feat xlink:href="#sTok232" value="ensure"/>
		<feat xlink:href="#sTok233" value="that"/>
		<feat xlink:href="#sTok234" value="people"/>
		<feat xlink:href="#sTok235" value="be"/>
		<feat xlink:href="#sTok236" value="take"/>
		<feat xlink:href="#sTok237" value="in"/>
		<feat xlink:href="#sTok238" value="."/>
		<feat xlink:href="#sTok239" value="there"/>
		<feat xlink:href="#sTok240" value="be"/>
		<feat xlink:href="#sTok241" value="some"/>
		<feat xlink:href="#sTok242" value="egregious"/>
		<feat xlink:href="#sTok243" value="example"/>
		<feat xlink:href="#sTok244" value="of"/>
		<feat xlink:href="#sTok245" value="this"/>
		<feat xlink:href="#sTok246" value="practice"/>
		<feat xlink:href="#sTok247" value="in"/>
		<feat xlink:href="#sTok248" value="the"/>
		<feat xlink:href="#sTok249" value="field"/>
		<feat xlink:href="#sTok250" value="of"/>
		<feat xlink:href="#sTok251" value="health"/>
		<feat xlink:href="#sTok252" value="care"/>
		<feat xlink:href="#sTok253" value="."/>
		<feat xlink:href="#sTok254" value="for"/>
		<feat xlink:href="#sTok255" value="example"/>
		<feat xlink:href="#sTok256" value=","/>
		<feat xlink:href="#sTok257" value="a"/>
		<feat xlink:href="#sTok258" value="small"/>
		<feat xlink:href="#sTok259" value="number"/>
		<feat xlink:href="#sTok260" value="of"/>
		<feat xlink:href="#sTok261" value="doctor"/>
		<feat xlink:href="#sTok262" value="set"/>
		<feat xlink:href="#sTok263" value="up"/>
		<feat xlink:href="#sTok264" value="the"/>
		<feat xlink:href="#sTok265" value="American"/>
		<feat xlink:href="#sTok266" value="College"/>
		<feat xlink:href="#sTok267" value="of"/>
		<feat xlink:href="#sTok268" value="Pediatricians"/>
		<feat xlink:href="#sTok269" value="("/>
		<feat xlink:href="#sTok270" value="ACPeds"/>
		<feat xlink:href="#sTok271" value=")"/>
		<feat xlink:href="#sTok272" value="to"/>
		<feat xlink:href="#sTok273" value="advocate"/>
		<feat xlink:href="#sTok274" value="socially"/>
		<feat xlink:href="#sTok275" value="conservative"/>
		<feat xlink:href="#sTok276" value="viewpoint"/>
		<feat xlink:href="#sTok277" value="relate"/>
		<feat xlink:href="#sTok278" value="to"/>
		<feat xlink:href="#sTok279" value="child"/>
		<feat xlink:href="#sTok280" value="health"/>
		<feat xlink:href="#sTok281" value="care"/>
		<feat xlink:href="#sTok282" value="."/>
		<feat xlink:href="#sTok283" value="such"/>
		<feat xlink:href="#sTok284" value="a"/>
		<feat xlink:href="#sTok285" value="organization"/>
		<feat xlink:href="#sTok286" value="be"/>
		<feat xlink:href="#sTok287" value="surely"/>
		<feat xlink:href="#sTok288" value="permissible"/>
		<feat xlink:href="#sTok289" value=","/>
		<feat xlink:href="#sTok290" value="but"/>
		<feat xlink:href="#sTok291" value="it"/>
		<feat xlink:href="#sTok292" value="have"/>
		<feat xlink:href="#sTok293" value="have"/>
		<feat xlink:href="#sTok294" value="the"/>
		<feat xlink:href="#sTok295" value="unfortunate"/>
		<feat xlink:href="#sTok296" value="("/>
		<feat xlink:href="#sTok297" value="and"/>
		<feat xlink:href="#sTok298" value="likely"/>
		<feat xlink:href="#sTok299" value="intend"/>
		<feat xlink:href="#sTok300" value=")"/>
		<feat xlink:href="#sTok301" value="effect"/>
		<feat xlink:href="#sTok302" value="of"/>
		<feat xlink:href="#sTok303" value="muddy"/>
		<feat xlink:href="#sTok304" value="debate"/>
		<feat xlink:href="#sTok305" value="in"/>
		<feat xlink:href="#sTok306" value="the"/>
		<feat xlink:href="#sTok307" value="public"/>
		<feat xlink:href="#sTok308" value="forum"/>
		<feat xlink:href="#sTok309" value="by"/>
		<feat xlink:href="#sTok310" value="mislead"/>
		<feat xlink:href="#sTok311" value="people"/>
		<feat xlink:href="#sTok312" value="into"/>
		<feat xlink:href="#sTok313" value="think"/>
		<feat xlink:href="#sTok314" value="that"/>
		<feat xlink:href="#sTok315" value="the"/>
		<feat xlink:href="#sTok316" value="college"/>
		<feat xlink:href="#sTok317" value="speak"/>
		<feat xlink:href="#sTok318" value="for"/>
		<feat xlink:href="#sTok319" value="the"/>
		<feat xlink:href="#sTok320" value="pediatric"/>
		<feat xlink:href="#sTok321" value="profession"/>
		<feat xlink:href="#sTok322" value="at"/>
		<feat xlink:href="#sTok323" value="large"/>
		<feat xlink:href="#sTok324" value="."/>
		<feat xlink:href="#sTok325" value="thus"/>
		<feat xlink:href="#sTok326" value=","/>
		<feat xlink:href="#sTok327" value="when"/>
		<feat xlink:href="#sTok328" value="ACPeds"/>
		<feat xlink:href="#sTok329" value="issue"/>
		<feat xlink:href="#sTok330" value="a"/>
		<feat xlink:href="#sTok331" value="statement"/>
		<feat xlink:href="#sTok332" value="condemn"/>
		<feat xlink:href="#sTok333" value="gender"/>
		<feat xlink:href="#sTok334" value="reassignment"/>
		<feat xlink:href="#sTok335" value="surgery"/>
		<feat xlink:href="#sTok336" value="in"/>
		<feat xlink:href="#sTok337" value="2016"/>
		<feat xlink:href="#sTok338" value="["/>
		<feat xlink:href="#sTok339" value="21"/>
		<feat xlink:href="#sTok340" value="]"/>
		<feat xlink:href="#sTok341" value=","/>
		<feat xlink:href="#sTok342" value="many"/>
		<feat xlink:href="#sTok343" value="people"/>
		<feat xlink:href="#sTok344" value="mistake"/>
		<feat xlink:href="#sTok345" value="the"/>
		<feat xlink:href="#sTok346" value="organization"/>
		<feat xlink:href="#sTok347" value="'s"/>
		<feat xlink:href="#sTok348" value="political"/>
		<feat xlink:href="#sTok349" value="belief"/>
		<feat xlink:href="#sTok350" value="for"/>
		<feat xlink:href="#sTok351" value="the"/>
		<feat xlink:href="#sTok352" value="consensus"/>
		<feat xlink:href="#sTok353" value="view"/>
		<feat xlink:href="#sTok354" value="among"/>
		<feat xlink:href="#sTok355" value="United"/>
		<feat xlink:href="#sTok356" value="States"/>
		<feat xlink:href="#sTok357" value="pediatrician"/>
		<feat xlink:href="#sTok358" value="—"/>
		<feat xlink:href="#sTok359" value="although"/>
		<feat xlink:href="#sTok360" value="the"/>
		<feat xlink:href="#sTok361" value="peak"/>
		<feat xlink:href="#sTok362" value="body"/>
		<feat xlink:href="#sTok363" value="for"/>
		<feat xlink:href="#sTok364" value="pediatric"/>
		<feat xlink:href="#sTok365" value="worker"/>
		<feat xlink:href="#sTok366" value=","/>
		<feat xlink:href="#sTok367" value="the"/>
		<feat xlink:href="#sTok368" value="American"/>
		<feat xlink:href="#sTok369" value="Academy"/>
		<feat xlink:href="#sTok370" value="of"/>
		<feat xlink:href="#sTok371" value="Pediatrics"/>
		<feat xlink:href="#sTok372" value=","/>
		<feat xlink:href="#sTok373" value="have"/>
		<feat xlink:href="#sTok374" value="a"/>
		<feat xlink:href="#sTok375" value="much"/>
		<feat xlink:href="#sTok376" value="more"/>
		<feat xlink:href="#sTok377" value="positive"/>
		<feat xlink:href="#sTok378" value="view"/>
		<feat xlink:href="#sTok379" value="of"/>
		<feat xlink:href="#sTok380" value="gender"/>
		<feat xlink:href="#sTok381" value="dysphoria"/>
		<feat xlink:href="#sTok382" value="["/>
		<feat xlink:href="#sTok383" value="22"/>
		<feat xlink:href="#sTok384" value="]"/>
		<feat xlink:href="#sTok385" value="."/>
		<feat xlink:href="#sTok386" value="insofar"/>
		<feat xlink:href="#sTok387" value="as"/>
		<feat xlink:href="#sTok388" value="the"/>
		<feat xlink:href="#sTok389" value="large"/>
		<feat xlink:href="#sTok390" value="organization"/>
		<feat xlink:href="#sTok391" value=","/>
		<feat xlink:href="#sTok392" value="with"/>
		<feat xlink:href="#sTok393" value="a"/>
		<feat xlink:href="#sTok394" value="broad"/>
		<feat xlink:href="#sTok395" value="membership"/>
		<feat xlink:href="#sTok396" value="base"/>
		<feat xlink:href="#sTok397" value=","/>
		<feat xlink:href="#sTok398" value="can"/>
		<feat xlink:href="#sTok399" value="be"/>
		<feat xlink:href="#sTok400" value="expect"/>
		<feat xlink:href="#sTok401" value="to"/>
		<feat xlink:href="#sTok402" value="reflect"/>
		<feat xlink:href="#sTok403" value="a"/>
		<feat xlink:href="#sTok404" value="wide"/>
		<feat xlink:href="#sTok405" value="range"/>
		<feat xlink:href="#sTok406" value="of"/>
		<feat xlink:href="#sTok407" value="expert"/>
		<feat xlink:href="#sTok408" value="opinion"/>
		<feat xlink:href="#sTok409" value="and"/>
		<feat xlink:href="#sTok410" value="a"/>
		<feat xlink:href="#sTok411" value="high"/>
		<feat xlink:href="#sTok412" value="degree"/>
		<feat xlink:href="#sTok413" value="of"/>
		<feat xlink:href="#sTok414" value="expertise"/>
		<feat xlink:href="#sTok415" value=","/>
		<feat xlink:href="#sTok416" value="it"/>
		<feat xlink:href="#sTok417" value="be"/>
		<feat xlink:href="#sTok418" value="reasonable"/>
		<feat xlink:href="#sTok419" value="to"/>
		<feat xlink:href="#sTok420" value="give"/>
		<feat xlink:href="#sTok421" value="its"/>
		<feat xlink:href="#sTok422" value="view"/>
		<feat xlink:href="#sTok423" value="great"/>
		<feat xlink:href="#sTok424" value="weight"/>
		<feat xlink:href="#sTok425" value="than"/>
		<feat xlink:href="#sTok426" value="this"/>
		<feat xlink:href="#sTok427" value="of"/>
		<feat xlink:href="#sTok428" value="the"/>
		<feat xlink:href="#sTok429" value="small"/>
		<feat xlink:href="#sTok430" value="organization"/>
		<feat xlink:href="#sTok431" value="."/>
		<feat xlink:href="#sTok432" value="when"/>
		<feat xlink:href="#sTok433" value="ACPeds"/>
		<feat xlink:href="#sTok434" value="allow"/>
		<feat xlink:href="#sTok435" value="or"/>
		<feat xlink:href="#sTok436" value="encourage"/>
		<feat xlink:href="#sTok437" value="the"/>
		<feat xlink:href="#sTok438" value="impression"/>
		<feat xlink:href="#sTok439" value="that"/>
		<feat xlink:href="#sTok440" value="it"/>
		<feat xlink:href="#sTok441" value="speak"/>
		<feat xlink:href="#sTok442" value="for"/>
		<feat xlink:href="#sTok443" value="the"/>
		<feat xlink:href="#sTok444" value="profession"/>
		<feat xlink:href="#sTok445" value=","/>
		<feat xlink:href="#sTok446" value="it"/>
		<feat xlink:href="#sTok447" value="introduce"/>
		<feat xlink:href="#sTok448" value="a"/>
		<feat xlink:href="#sTok449" value="epistemic"/>
		<feat xlink:href="#sTok450" value="pollutant"/>
		<feat xlink:href="#sTok451" value="."/>
		<feat xlink:href="#sTok452" value="a"/>
		<feat xlink:href="#sTok453" value="yet"/>
		<feat xlink:href="#sTok454" value="more"/>
		<feat xlink:href="#sTok455" value="egregious"/>
		<feat xlink:href="#sTok456" value="example"/>
		<feat xlink:href="#sTok457" value="of"/>
		<feat xlink:href="#sTok458" value="such"/>
		<feat xlink:href="#sTok459" value="pollution"/>
		<feat xlink:href="#sTok460" value="involve"/>
		<feat xlink:href="#sTok461" value="collaborative"/>
		<feat xlink:href="#sTok462" value="effort"/>
		<feat xlink:href="#sTok463" value="by"/>
		<feat xlink:href="#sTok464" value="pharmaceutical"/>
		<feat xlink:href="#sTok465" value="company"/>
		<feat xlink:href="#sTok466" value="and"/>
		<feat xlink:href="#sTok467" value="the"/>
		<feat xlink:href="#sTok468" value="publishing"/>
		<feat xlink:href="#sTok469" value="giant"/>
		<feat xlink:href="#sTok470" value="Elsevier"/>
		<feat xlink:href="#sTok471" value="to"/>
		<feat xlink:href="#sTok472" value="produce"/>
		<feat xlink:href="#sTok473" value="publication"/>
		<feat xlink:href="#sTok474" value="mimick"/>
		<feat xlink:href="#sTok475" value="peer-reviewed"/>
		<feat xlink:href="#sTok476" value="journal"/>
		<feat xlink:href="#sTok477" value="in"/>
		<feat xlink:href="#sTok478" value="the"/>
		<feat xlink:href="#sTok479" value="interest"/>
		<feat xlink:href="#sTok480" value="of"/>
		<feat xlink:href="#sTok481" value="promote"/>
		<feat xlink:href="#sTok482" value="the"/>
		<feat xlink:href="#sTok483" value="company"/>
		<feat xlink:href="#sTok484" value="'s"/>
		<feat xlink:href="#sTok485" value="commercial"/>
		<feat xlink:href="#sTok486" value="product"/>
		<feat xlink:href="#sTok487" value="["/>
		<feat xlink:href="#sTok488" value="23"/>
		<feat xlink:href="#sTok489" value="]"/>
		<feat xlink:href="#sTok490" value="."/>
		<feat xlink:href="#sTok491" value="the"/>
		<feat xlink:href="#sTok492" value="company"/>
		<feat xlink:href="#sTok493" value="hope"/>
		<feat xlink:href="#sTok494" value="to"/>
		<feat xlink:href="#sTok495" value="leverage"/>
		<feat xlink:href="#sTok496" value="the"/>
		<feat xlink:href="#sTok497" value="prestige"/>
		<feat xlink:href="#sTok498" value="of"/>
		<feat xlink:href="#sTok499" value="Elsevier"/>
		<feat xlink:href="#sTok500" value="with"/>
		<feat xlink:href="#sTok501" value="this"/>
		<feat xlink:href="#sTok502" value="fake"/>
		<feat xlink:href="#sTok503" value="journal"/>
		<feat xlink:href="#sTok504" value="to"/>
		<feat xlink:href="#sTok505" value="endow"/>
		<feat xlink:href="#sTok506" value="their"/>
		<feat xlink:href="#sTok507" value="promotional"/>
		<feat xlink:href="#sTok508" value="''"/>
		<feat xlink:href="#sTok509" value="research"/>
		<feat xlink:href="#sTok510" value="''"/>
		<feat xlink:href="#sTok511" value="with"/>
		<feat xlink:href="#sTok512" value="a"/>
		<feat xlink:href="#sTok513" value="air"/>
		<feat xlink:href="#sTok514" value="of"/>
		<feat xlink:href="#sTok515" value="reliability"/>
		<feat xlink:href="#sTok516" value="."/>
		<feat xlink:href="#sTok517" value="when"/>
		<feat xlink:href="#sTok518" value="the"/>
		<feat xlink:href="#sTok519" value="deceit"/>
		<feat xlink:href="#sTok520" value="be"/>
		<feat xlink:href="#sTok521" value="uncover"/>
		<feat xlink:href="#sTok522" value=","/>
		<feat xlink:href="#sTok523" value="however"/>
		<feat xlink:href="#sTok524" value=","/>
		<feat xlink:href="#sTok525" value="the"/>
		<feat xlink:href="#sTok526" value="effect"/>
		<feat xlink:href="#sTok527" value="be"/>
		<feat xlink:href="#sTok528" value="just"/>
		<feat xlink:href="#sTok529" value="the"/>
		<feat xlink:href="#sTok530" value="opposite"/>
		<feat xlink:href="#sTok531" value=":"/>
		<feat xlink:href="#sTok532" value="the"/>
		<feat xlink:href="#sTok533" value="legitimacy"/>
		<feat xlink:href="#sTok534" value="of"/>
		<feat xlink:href="#sTok535" value="the"/>
		<feat xlink:href="#sTok536" value="publish"/>
		<feat xlink:href="#sTok537" value="finding"/>
		<feat xlink:href="#sTok538" value="be"/>
		<feat xlink:href="#sTok539" value="not"/>
		<feat xlink:href="#sTok540" value="enhance"/>
		<feat xlink:href="#sTok541" value="through"/>
		<feat xlink:href="#sTok542" value="their"/>
		<feat xlink:href="#sTok543" value="publication"/>
		<feat xlink:href="#sTok544" value="by"/>
		<feat xlink:href="#sTok545" value="Elsevier"/>
		<feat xlink:href="#sTok546" value=","/>
		<feat xlink:href="#sTok547" value="but"/>
		<feat xlink:href="#sTok548" value="rather"/>
		<feat xlink:href="#sTok549" value="the"/>
		<feat xlink:href="#sTok550" value="legitimacy"/>
		<feat xlink:href="#sTok551" value="of"/>
		<feat xlink:href="#sTok552" value="Elsevier"/>
		<feat xlink:href="#sTok553" value="'s"/>
		<feat xlink:href="#sTok554" value="publication"/>
		<feat xlink:href="#sTok555" value="—"/>
		<feat xlink:href="#sTok556" value="and"/>
		<feat xlink:href="#sTok557" value=","/>
		<feat xlink:href="#sTok558" value="by"/>
		<feat xlink:href="#sTok559" value="extension"/>
		<feat xlink:href="#sTok560" value=","/>
		<feat xlink:href="#sTok561" value="all"/>
		<feat xlink:href="#sTok562" value="academic"/>
		<feat xlink:href="#sTok563" value="journal"/>
		<feat xlink:href="#sTok564" value="—"/>
		<feat xlink:href="#sTok565" value="be"/>
		<feat xlink:href="#sTok566" value="diminish"/>
		<feat xlink:href="#sTok567" value="through"/>
		<feat xlink:href="#sTok568" value="their"/>
		<feat xlink:href="#sTok569" value="dissemination"/>
		<feat xlink:href="#sTok570" value="of"/>
		<feat xlink:href="#sTok571" value="deceptive"/>
		<feat xlink:href="#sTok572" value="and"/>
		<feat xlink:href="#sTok573" value="commercially"/>
		<feat xlink:href="#sTok574" value="interested"/>
		<feat xlink:href="#sTok575" value="research"/>
		<feat xlink:href="#sTok576" value="."/>
		<feat xlink:href="#sTok577" value="more"/>
		<feat xlink:href="#sTok578" value="recently"/>
		<feat xlink:href="#sTok579" value=","/>
		<feat xlink:href="#sTok580" value="institution"/>
		<feat xlink:href="#sTok581" value="of"/>
		<feat xlink:href="#sTok582" value="academic"/>
		<feat xlink:href="#sTok583" value="expertise"/>
		<feat xlink:href="#sTok584" value="have"/>
		<feat xlink:href="#sTok585" value="be"/>
		<feat xlink:href="#sTok586" value="subject"/>
		<feat xlink:href="#sTok587" value="to"/>
		<feat xlink:href="#sTok588" value="a"/>
		<feat xlink:href="#sTok589" value="large"/>
		<feat xlink:href="#sTok590" value="and"/>
		<feat xlink:href="#sTok591" value="grow"/>
		<feat xlink:href="#sTok592" value="outbreak"/>
		<feat xlink:href="#sTok593" value="of"/>
		<feat xlink:href="#sTok594" value="so-called"/>
		<feat xlink:href="#sTok595" value="predatory"/>
		<feat xlink:href="#sTok596" value="journal"/>
		<feat xlink:href="#sTok597" value="—"/>
		<feat xlink:href="#sTok598" value="journal"/>
		<feat xlink:href="#sTok599" value="that"/>
		<feat xlink:href="#sTok600" value="will"/>
		<feat xlink:href="#sTok601" value="publish"/>
		<feat xlink:href="#sTok602" value="almost"/>
		<feat xlink:href="#sTok603" value="anything"/>
		<feat xlink:href="#sTok604" value="for"/>
		<feat xlink:href="#sTok605" value="a"/>
		<feat xlink:href="#sTok606" value="fee"/>
		<feat xlink:href="#sTok607" value="."/>
		<feat xlink:href="#sTok608" value="once"/>
		<feat xlink:href="#sTok609" value="again"/>
		<feat xlink:href="#sTok610" value=","/>
		<feat xlink:href="#sTok611" value="this"/>
		<feat xlink:href="#sTok612" value="phenomenon"/>
		<feat xlink:href="#sTok613" value="have"/>
		<feat xlink:href="#sTok614" value="the"/>
		<feat xlink:href="#sTok615" value="effect"/>
		<feat xlink:href="#sTok616" value="of"/>
		<feat xlink:href="#sTok617" value="make"/>
		<feat xlink:href="#sTok618" value="peer-reviewed"/>
		<feat xlink:href="#sTok619" value="journal"/>
		<feat xlink:href="#sTok620" value="appear"/>
		<feat xlink:href="#sTok621" value="less"/>
		<feat xlink:href="#sTok622" value="legitimate"/>
		<feat xlink:href="#sTok623" value="."/>
		<feat xlink:href="#sTok624" value="at"/>
		<feat xlink:href="#sTok625" value="time"/>
		<feat xlink:href="#sTok626" value=","/>
		<feat xlink:href="#sTok627" value="even"/>
		<feat xlink:href="#sTok628" value="this"/>
		<feat xlink:href="#sTok629" value="who"/>
		<feat xlink:href="#sTok630" value="work"/>
		<feat xlink:href="#sTok631" value="in"/>
		<feat xlink:href="#sTok632" value="academia"/>
		<feat xlink:href="#sTok633" value="may"/>
		<feat xlink:href="#sTok634" value="be"/>
		<feat xlink:href="#sTok635" value="unsure"/>
		<feat xlink:href="#sTok636" value="of"/>
		<feat xlink:href="#sTok637" value="a"/>
		<feat xlink:href="#sTok638" value="particular"/>
		<feat xlink:href="#sTok639" value="journal"/>
		<feat xlink:href="#sTok640" value="'s"/>
		<feat xlink:href="#sTok641" value="legitimacy"/>
		<feat xlink:href="#sTok642" value=","/>
		<feat xlink:href="#sTok643" value="and"/>
		<feat xlink:href="#sTok644" value="there"/>
		<feat xlink:href="#sTok645" value="be"/>
		<feat xlink:href="#sTok646" value="genuine"/>
		<feat xlink:href="#sTok647" value="borderline"/>
		<feat xlink:href="#sTok648" value="case"/>
		<feat xlink:href="#sTok649" value="."/>
		<feat xlink:href="#sTok650" value="for"/>
		<feat xlink:href="#sTok651" value="example"/>
		<feat xlink:href="#sTok652" value=","/>
		<feat xlink:href="#sTok653" value="the"/>
		<feat xlink:href="#sTok654" value="Frontiers"/>
		<feat xlink:href="#sTok655" value="contingent"/>
		<feat xlink:href="#sTok656" value="of"/>
		<feat xlink:href="#sTok657" value="journal"/>
		<feat xlink:href="#sTok658" value="appear"/>
		<feat xlink:href="#sTok659" value="legitimate"/>
		<feat xlink:href="#sTok660" value="—"/>
		<feat xlink:href="#sTok661" value="at"/>
		<feat xlink:href="#sTok662" value="least"/>
		<feat xlink:href="#sTok663" value="to"/>
		<feat xlink:href="#sTok664" value="I"/>
		<feat xlink:href="#sTok665" value="—"/>
		<feat xlink:href="#sTok666" value="despite"/>
		<feat xlink:href="#sTok667" value="the"/>
		<feat xlink:href="#sTok668" value="fact"/>
		<feat xlink:href="#sTok669" value="that"/>
		<feat xlink:href="#sTok670" value="author"/>
		<feat xlink:href="#sTok671" value="be"/>
		<feat xlink:href="#sTok672" value="expect"/>
		<feat xlink:href="#sTok673" value="to"/>
		<feat xlink:href="#sTok674" value="pay"/>
		<feat xlink:href="#sTok675" value="a"/>
		<feat xlink:href="#sTok676" value="publication"/>
		<feat xlink:href="#sTok677" value="fee"/>
		<feat xlink:href="#sTok678" value="."/>
		<feat xlink:href="#sTok679" value="8"/>
		<feat xlink:href="#sTok680" value="yet"/>
		<feat xlink:href="#sTok681" value="some"/>
		<feat xlink:href="#sTok682" value="Frontiers"/>
		<feat xlink:href="#sTok683" value="journal"/>
		<feat xlink:href="#sTok684" value="appear"/>
		<feat xlink:href="#sTok685" value="to"/>
		<feat xlink:href="#sTok686" value="have"/>
		<feat xlink:href="#sTok687" value="engage"/>
		<feat xlink:href="#sTok688" value="in"/>
		<feat xlink:href="#sTok689" value="bad"/>
		<feat xlink:href="#sTok690" value="behavior"/>
		<feat xlink:href="#sTok691" value=","/>
		<feat xlink:href="#sTok692" value="whether"/>
		<feat xlink:href="#sTok693" value="for"/>
		<feat xlink:href="#sTok694" value="profit"/>
		<feat xlink:href="#sTok695" value="or"/>
		<feat xlink:href="#sTok696" value="for"/>
		<feat xlink:href="#sTok697" value="some"/>
		<feat xlink:href="#sTok698" value="other"/>
		<feat xlink:href="#sTok699" value="motive"/>
		<feat xlink:href="#sTok700" value="."/>
		<feat xlink:href="#sTok701" value="Frontier"/>
		<feat xlink:href="#sTok702" value="in"/>
		<feat xlink:href="#sTok703" value="Public"/>
		<feat xlink:href="#sTok704" value="Health"/>
		<feat xlink:href="#sTok705" value="controversially"/>
		<feat xlink:href="#sTok706" value="publish"/>
		<feat xlink:href="#sTok707" value="article"/>
		<feat xlink:href="#sTok708" value="link"/>
		<feat xlink:href="#sTok709" value="vaccine"/>
		<feat xlink:href="#sTok710" value="and"/>
		<feat xlink:href="#sTok711" value="autism"/>
		<feat xlink:href="#sTok712" value="["/>
		<feat xlink:href="#sTok713" value="24"/>
		<feat xlink:href="#sTok714" value="]"/>
		<feat xlink:href="#sTok715" value="and"/>
		<feat xlink:href="#sTok716" value="question"/>
		<feat xlink:href="#sTok717" value="the"/>
		<feat xlink:href="#sTok718" value="link"/>
		<feat xlink:href="#sTok719" value="between"/>
		<feat xlink:href="#sTok720" value="HIV"/>
		<feat xlink:href="#sTok721" value="and"/>
		<feat xlink:href="#sTok722" value="AIDS"/>
		<feat xlink:href="#sTok723" value="["/>
		<feat xlink:href="#sTok724" value="25"/>
		<feat xlink:href="#sTok725" value="]"/>
		<feat xlink:href="#sTok726" value="."/>
		<feat xlink:href="#sTok727" value="whether"/>
		<feat xlink:href="#sTok728" value="due"/>
		<feat xlink:href="#sTok729" value="to"/>
		<feat xlink:href="#sTok730" value="this"/>
		<feat xlink:href="#sTok731" value="behavior"/>
		<feat xlink:href="#sTok732" value="or"/>
		<feat xlink:href="#sTok733" value="not"/>
		<feat xlink:href="#sTok734" value=","/>
		<feat xlink:href="#sTok735" value="Jeffrey"/>
		<feat xlink:href="#sTok736" value="Beall"/>
		<feat xlink:href="#sTok737" value="decide"/>
		<feat xlink:href="#sTok738" value="to"/>
		<feat xlink:href="#sTok739" value="add"/>
		<feat xlink:href="#sTok740" value="the"/>
		<feat xlink:href="#sTok741" value="publisher"/>
		<feat xlink:href="#sTok742" value="to"/>
		<feat xlink:href="#sTok743" value="his"/>
		<feat xlink:href="#sTok744" value="influential"/>
		<feat xlink:href="#sTok745" value="("/>
		<feat xlink:href="#sTok746" value="but"/>
		<feat xlink:href="#sTok747" value="now"/>
		<feat xlink:href="#sTok748" value="sadly"/>
		<feat xlink:href="#sTok749" value="unavailable"/>
		<feat xlink:href="#sTok750" value=")"/>
		<feat xlink:href="#sTok751" value="list"/>
		<feat xlink:href="#sTok752" value="of"/>
		<feat xlink:href="#sTok753" value="questionable"/>
		<feat xlink:href="#sTok754" value="journal"/>
		<feat xlink:href="#sTok755" value="["/>
		<feat xlink:href="#sTok756" value="26"/>
		<feat xlink:href="#sTok757" value="]"/>
		<feat xlink:href="#sTok758" value="."/>
		<feat xlink:href="#sTok759" value="the"/>
		<feat xlink:href="#sTok760" value="controversy"/>
		<feat xlink:href="#sTok761" value="surround"/>
		<feat xlink:href="#sTok762" value="Beall"/>
		<feat xlink:href="#sTok763" value="'s"/>
		<feat xlink:href="#sTok764" value="decision"/>
		<feat xlink:href="#sTok765" value="indicate"/>
		<feat xlink:href="#sTok766" value="how"/>
		<feat xlink:href="#sTok767" value="difficult"/>
		<feat xlink:href="#sTok768" value="it"/>
		<feat xlink:href="#sTok769" value="be"/>
		<feat xlink:href="#sTok770" value="to"/>
		<feat xlink:href="#sTok771" value="make"/>
		<feat xlink:href="#sTok772" value="such"/>
		<feat xlink:href="#sTok773" value="judgment"/>
		<feat xlink:href="#sTok774" value="—"/>
		<feat xlink:href="#sTok775" value="even"/>
		<feat xlink:href="#sTok776" value="for"/>
		<feat xlink:href="#sTok777" value="professional"/>
		<feat xlink:href="#sTok778" value="."/>
		<feat xlink:href="#sTok779" value="if"/>
		<feat xlink:href="#sTok780" value="academic"/>
		<feat xlink:href="#sTok781" value="with"/>
		<feat xlink:href="#sTok782" value="expertise"/>
		<feat xlink:href="#sTok783" value="in"/>
		<feat xlink:href="#sTok784" value="relevant"/>
		<feat xlink:href="#sTok785" value="field"/>
		<feat xlink:href="#sTok786" value="have"/>
		<feat xlink:href="#sTok787" value="difficulty"/>
		<feat xlink:href="#sTok788" value="assess"/>
		<feat xlink:href="#sTok789" value="whether"/>
		<feat xlink:href="#sTok790" value="particular"/>
		<feat xlink:href="#sTok791" value="journal"/>
		<feat xlink:href="#sTok792" value="or"/>
		<feat xlink:href="#sTok793" value="particular"/>
		<feat xlink:href="#sTok794" value="publisher"/>
		<feat xlink:href="#sTok795" value="be"/>
		<feat xlink:href="#sTok796" value="legitimate"/>
		<feat xlink:href="#sTok797" value=","/>
		<feat xlink:href="#sTok798" value="one"/>
		<feat xlink:href="#sTok799" value="can"/>
		<feat xlink:href="#sTok800" value="not"/>
		<feat xlink:href="#sTok801" value="reasonably"/>
		<feat xlink:href="#sTok802" value="expect"/>
		<feat xlink:href="#sTok803" value="ordinary"/>
		<feat xlink:href="#sTok804" value="people"/>
		<feat xlink:href="#sTok805" value="to"/>
		<feat xlink:href="#sTok806" value="make"/>
		<feat xlink:href="#sTok807" value="such"/>
		<feat xlink:href="#sTok808" value="judgment"/>
		<feat xlink:href="#sTok809" value="."/>
		<feat xlink:href="#sTok810" value="if"/>
		<feat xlink:href="#sTok811" value="their"/>
		<feat xlink:href="#sTok812" value="confidence"/>
		<feat xlink:href="#sTok813" value="in"/>
		<feat xlink:href="#sTok814" value="scientific"/>
		<feat xlink:href="#sTok815" value="finding"/>
		<feat xlink:href="#sTok816" value="be"/>
		<feat xlink:href="#sTok817" value="lower"/>
		<feat xlink:href="#sTok818" value="across"/>
		<feat xlink:href="#sTok819" value="the"/>
		<feat xlink:href="#sTok820" value="board"/>
		<feat xlink:href="#sTok821" value="as"/>
		<feat xlink:href="#sTok822" value="the"/>
		<feat xlink:href="#sTok823" value="result"/>
		<feat xlink:href="#sTok824" value="of"/>
		<feat xlink:href="#sTok825" value="such"/>
		<feat xlink:href="#sTok826" value="epistemic"/>
		<feat xlink:href="#sTok827" value="pollution"/>
		<feat xlink:href="#sTok828" value=","/>
		<feat xlink:href="#sTok829" value="one"/>
		<feat xlink:href="#sTok830" value="can"/>
		<feat xlink:href="#sTok831" value="hardly"/>
		<feat xlink:href="#sTok832" value="blame"/>
		<feat xlink:href="#sTok833" value="they"/>
		<feat xlink:href="#sTok834" value="."/>
		<feat xlink:href="#sTok835" value="since"/>
		<feat xlink:href="#sTok836" value="conflict"/>
		<feat xlink:href="#sTok837" value="of"/>
		<feat xlink:href="#sTok838" value="interest"/>
		<feat xlink:href="#sTok839" value="be"/>
		<feat xlink:href="#sTok840" value="a"/>
		<feat xlink:href="#sTok841" value="reason"/>
		<feat xlink:href="#sTok842" value="to"/>
		<feat xlink:href="#sTok843" value="discount"/>
		<feat xlink:href="#sTok844" value="expertise"/>
		<feat xlink:href="#sTok845" value=","/>
		<feat xlink:href="#sTok846" value="it"/>
		<feat xlink:href="#sTok847" value="be"/>
		<feat xlink:href="#sTok848" value="incumbent"/>
		<feat xlink:href="#sTok849" value="on"/>
		<feat xlink:href="#sTok850" value="I"/>
		<feat xlink:href="#sTok851" value="to"/>
		<feat xlink:href="#sTok852" value="note"/>
		<feat xlink:href="#sTok853" value="that"/>
		<feat xlink:href="#sTok854" value="I"/>
		<feat xlink:href="#sTok855" value="have"/>
		<feat xlink:href="#sTok856" value="publish"/>
		<feat xlink:href="#sTok857" value="in"/>
		<feat xlink:href="#sTok858" value="Frontiers"/>
		<feat xlink:href="#sTok859" value="journal"/>
		<feat xlink:href="#sTok860" value="on"/>
		<feat xlink:href="#sTok861" value="several"/>
		<feat xlink:href="#sTok862" value="occasion"/>
		<feat xlink:href="#sTok863" value="."/>
		<feat xlink:href="#sTok864" value="epistemic"/>
		<feat xlink:href="#sTok865" value="pollution"/>
		<feat xlink:href="#sTok866" value="may"/>
		<feat xlink:href="#sTok867" value="stem"/>
		<feat xlink:href="#sTok868" value="not"/>
		<feat xlink:href="#sTok869" value="only"/>
		<feat xlink:href="#sTok870" value="from"/>
		<feat xlink:href="#sTok871" value="counterfeit"/>
		<feat xlink:href="#sTok872" value="institution"/>
		<feat xlink:href="#sTok873" value="of"/>
		<feat xlink:href="#sTok874" value="knowledge"/>
		<feat xlink:href="#sTok875" value="production"/>
		<feat xlink:href="#sTok876" value="but"/>
		<feat xlink:href="#sTok877" value="also"/>
		<feat xlink:href="#sTok878" value="from"/>
		<feat xlink:href="#sTok879" value="bad"/>
		<feat xlink:href="#sTok880" value="behavior"/>
		<feat xlink:href="#sTok881" value="by"/>
		<feat xlink:href="#sTok882" value="legitimate"/>
		<feat xlink:href="#sTok883" value="institution"/>
		<feat xlink:href="#sTok884" value="."/>
		<feat xlink:href="#sTok885" value="9"/>
		<feat xlink:href="#sTok886" value="for"/>
		<feat xlink:href="#sTok887" value="example"/>
		<feat xlink:href="#sTok888" value=","/>
		<feat xlink:href="#sTok889" value="pollution"/>
		<feat xlink:href="#sTok890" value="may"/>
		<feat xlink:href="#sTok891" value="result"/>
		<feat xlink:href="#sTok892" value="from"/>
		<feat xlink:href="#sTok893" value="attempt"/>
		<feat xlink:href="#sTok894" value="to"/>
		<feat xlink:href="#sTok895" value="game"/>
		<feat xlink:href="#sTok896" value="the"/>
		<feat xlink:href="#sTok897" value="system"/>
		<feat xlink:href="#sTok898" value="put"/>
		<feat xlink:href="#sTok899" value="in"/>
		<feat xlink:href="#sTok900" value="place"/>
		<feat xlink:href="#sTok901" value="to"/>
		<feat xlink:href="#sTok902" value="track"/>
		<feat xlink:href="#sTok903" value="expertise"/>
		<feat xlink:href="#sTok904" value="."/>
		<feat xlink:href="#sTok905" value="consider"/>
		<feat xlink:href="#sTok906" value="institution"/>
		<feat xlink:href="#sTok907" value="with"/>
		<feat xlink:href="#sTok908" value="a"/>
		<feat xlink:href="#sTok909" value="credential"/>
		<feat xlink:href="#sTok910" value="function"/>
		<feat xlink:href="#sTok911" value=","/>
		<feat xlink:href="#sTok912" value="such"/>
		<feat xlink:href="#sTok913" value="as"/>
		<feat xlink:href="#sTok914" value="university"/>
		<feat xlink:href="#sTok915" value=","/>
		<feat xlink:href="#sTok916" value="bar"/>
		<feat xlink:href="#sTok917" value="association"/>
		<feat xlink:href="#sTok918" value=","/>
		<feat xlink:href="#sTok919" value="or"/>
		<feat xlink:href="#sTok920" value="peer"/>
		<feat xlink:href="#sTok921" value="review"/>
		<feat xlink:href="#sTok922" value="body"/>
		<feat xlink:href="#sTok923" value="."/>
		<feat xlink:href="#sTok924" value="this"/>
		<feat xlink:href="#sTok925" value="institution"/>
		<feat xlink:href="#sTok926" value="do"/>
		<feat xlink:href="#sTok927" value="not"/>
		<feat xlink:href="#sTok928" value="exist"/>
		<feat xlink:href="#sTok929" value="solely"/>
		<feat xlink:href="#sTok930" value="to"/>
		<feat xlink:href="#sTok931" value="credential"/>
		<feat xlink:href="#sTok932" value="expert"/>
		<feat xlink:href="#sTok933" value="."/>
		<feat xlink:href="#sTok934" value="they"/>
		<feat xlink:href="#sTok935" value="have"/>
		<feat xlink:href="#sTok936" value="other"/>
		<feat xlink:href="#sTok937" value="function"/>
		<feat xlink:href="#sTok938" value=","/>
		<feat xlink:href="#sTok939" value="and"/>
		<feat xlink:href="#sTok940" value="this"/>
		<feat xlink:href="#sTok941" value="function"/>
		<feat xlink:href="#sTok942" value="may"/>
		<feat xlink:href="#sTok943" value="come"/>
		<feat xlink:href="#sTok944" value="into"/>
		<feat xlink:href="#sTok945" value="conflict"/>
		<feat xlink:href="#sTok946" value=","/>
		<feat xlink:href="#sTok947" value="create"/>
		<feat xlink:href="#sTok948" value="pressure"/>
		<feat xlink:href="#sTok949" value="to"/>
		<feat xlink:href="#sTok950" value="inflate"/>
		<feat xlink:href="#sTok951" value="credential"/>
		<feat xlink:href="#sTok952" value="."/>
		<feat xlink:href="#sTok953" value="for"/>
		<feat xlink:href="#sTok954" value="example"/>
		<feat xlink:href="#sTok955" value=","/>
		<feat xlink:href="#sTok956" value="university"/>
		<feat xlink:href="#sTok957" value="have"/>
		<feat xlink:href="#sTok958" value="a"/>
		<feat xlink:href="#sTok959" value="financial"/>
		<feat xlink:href="#sTok960" value="incentive"/>
		<feat xlink:href="#sTok961" value="to"/>
		<feat xlink:href="#sTok962" value="inflate"/>
		<feat xlink:href="#sTok963" value="the"/>
		<feat xlink:href="#sTok964" value="expertise"/>
		<feat xlink:href="#sTok965" value="of"/>
		<feat xlink:href="#sTok966" value="their"/>
		<feat xlink:href="#sTok967" value="academic"/>
		<feat xlink:href="#sTok968" value="staff"/>
		<feat xlink:href="#sTok969" value=","/>
		<feat xlink:href="#sTok970" value="thereby"/>
		<feat xlink:href="#sTok971" value="increase"/>
		<feat xlink:href="#sTok972" value="their"/>
		<feat xlink:href="#sTok973" value="ranking"/>
		<feat xlink:href="#sTok974" value=","/>
		<feat xlink:href="#sTok975" value="bring"/>
		<feat xlink:href="#sTok976" value="in"/>
		<feat xlink:href="#sTok977" value="grant"/>
		<feat xlink:href="#sTok978" value="money"/>
		<feat xlink:href="#sTok979" value=","/>
		<feat xlink:href="#sTok980" value="and"/>
		<feat xlink:href="#sTok981" value="attract"/>
		<feat xlink:href="#sTok982" value="student"/>
		<feat xlink:href="#sTok983" value="."/>
		<feat xlink:href="#sTok984" value="system"/>
		<feat xlink:href="#sTok985" value="that"/>
		<feat xlink:href="#sTok986" value="assess"/>
		<feat xlink:href="#sTok987" value="expertise"/>
		<feat xlink:href="#sTok988" value="can"/>
		<feat xlink:href="#sTok989" value="be"/>
		<feat xlink:href="#sTok990" value="manipulate"/>
		<feat xlink:href="#sTok991" value=","/>
		<feat xlink:href="#sTok992" value="and"/>
		<feat xlink:href="#sTok993" value="many"/>
		<feat xlink:href="#sTok994" value="case"/>
		<feat xlink:href="#sTok995" value="of"/>
		<feat xlink:href="#sTok996" value="such"/>
		<feat xlink:href="#sTok997" value="manipulation"/>
		<feat xlink:href="#sTok998" value="exist"/>
		<feat xlink:href="#sTok999" value="—"/>
		<feat xlink:href="#sTok1000" value="take"/>
		<feat xlink:href="#sTok1001" value="the"/>
		<feat xlink:href="#sTok1002" value="recent"/>
		<feat xlink:href="#sTok1003" value="example"/>
		<feat xlink:href="#sTok1004" value="by"/>
		<feat xlink:href="#sTok1005" value="the"/>
		<feat xlink:href="#sTok1006" value="University"/>
		<feat xlink:href="#sTok1007" value="of"/>
		<feat xlink:href="#sTok1008" value="Malaysia"/>
		<feat xlink:href="#sTok1009" value=","/>
		<feat xlink:href="#sTok1010" value="which"/>
		<feat xlink:href="#sTok1011" value="attempt"/>
		<feat xlink:href="#sTok1012" value="to"/>
		<feat xlink:href="#sTok1013" value="boost"/>
		<feat xlink:href="#sTok1014" value="metric"/>
		<feat xlink:href="#sTok1015" value="by"/>
		<feat xlink:href="#sTok1016" value="urge"/>
		<feat xlink:href="#sTok1017" value="its"/>
		<feat xlink:href="#sTok1018" value="faculty"/>
		<feat xlink:href="#sTok1019" value="to"/>
		<feat xlink:href="#sTok1020" value="cite"/>
		<feat xlink:href="#sTok1021" value="one"/>
		<feat xlink:href="#sTok1022" value="another"/>
		<feat xlink:href="#sTok1023" value="["/>
		<feat xlink:href="#sTok1024" value="28"/>
		<feat xlink:href="#sTok1025" value="]"/>
		<feat xlink:href="#sTok1026" value="."/>
		<feat xlink:href="#sTok1027" value="for"/>
		<feat xlink:href="#sTok1028" value="this"/>
		<feat xlink:href="#sTok1029" value="reason"/>
		<feat xlink:href="#sTok1030" value=","/>
		<feat xlink:href="#sTok1031" value="institution"/>
		<feat xlink:href="#sTok1032" value="may"/>
		<feat xlink:href="#sTok1033" value="also"/>
		<feat xlink:href="#sTok1034" value="be"/>
		<feat xlink:href="#sTok1035" value="slow"/>
		<feat xlink:href="#sTok1036" value="to"/>
		<feat xlink:href="#sTok1037" value="investigate"/>
		<feat xlink:href="#sTok1038" value="accusation"/>
		<feat xlink:href="#sTok1039" value="of"/>
		<feat xlink:href="#sTok1040" value="fraud"/>
		<feat xlink:href="#sTok1041" value=","/>
		<feat xlink:href="#sTok1042" value="and"/>
		<feat xlink:href="#sTok1043" value="they"/>
		<feat xlink:href="#sTok1044" value="may"/>
		<feat xlink:href="#sTok1045" value="try"/>
		<feat xlink:href="#sTok1046" value="to"/>
		<feat xlink:href="#sTok1047" value="keep"/>
		<feat xlink:href="#sTok1048" value="their"/>
		<feat xlink:href="#sTok1049" value="discovery"/>
		<feat xlink:href="#sTok1050" value="in-house"/>
		<feat xlink:href="#sTok1051" value="to"/>
		<feat xlink:href="#sTok1052" value="protect"/>
		<feat xlink:href="#sTok1053" value="their"/>
		<feat xlink:href="#sTok1054" value="reputation"/>
		<feat xlink:href="#sTok1055" value="."/></featList></paula>