<?xml version='1.0' encoding='UTF-8'?><!DOCTYPE paula SYSTEM "paula_mark.dtd">
<paula version="1.1">
	<header paula_id="morph.GUM_academic_epistemic.mark"/>
	<markList xmlns:xlink="http://www.w3.org/1999/xlink" type="morph" xml:base="GUM_academic_epistemic.tok.xml">
		<!--Epistemic-->
		<mark id="sSpan480" xlink:href="#sTok1"/>
		<!--pollution-->
		<mark id="sSpan481" xlink:href="#sTok2"/>
		<!--Agents-->
		<mark id="sSpan482" xlink:href="#sTok3"/>
		<!--can-->
		<mark id="sSpan483" xlink:href="#sTok4"/>
		<!--choose-->
		<mark id="sSpan484" xlink:href="#sTok6"/>
		<!--experts-->
		<mark id="sSpan485" xlink:href="#sTok8"/>
		<!--the-->
		<mark id="sSpan486" xlink:href="#sTok11"/>
		<!--the-->
		<mark id="sSpan487" xlink:href="#sTok11"/>
		<!--criteria-->
		<mark id="sSpan488" xlink:href="#sTok12"/>
		<!--that-->
		<mark id="sSpan489" xlink:href="#sTok13"/>
		<!--distinguish-->
		<mark id="sSpan490" xlink:href="#sTok14"/>
		<!--distinguish-->
		<mark id="sSpan491" xlink:href="#sTok14"/>
		<!--distinguish-->
		<mark id="sSpan492" xlink:href="#sTok14"/>
		<!--genuine-->
		<mark id="sSpan493" xlink:href="#sTok15"/>
		<!--experts-->
		<mark id="sSpan494" xlink:href="#sTok16"/>
		<!--charlatans-->
		<mark id="sSpan495" xlink:href="#sTok18"/>
		<!--are-->
		<mark id="sSpan496" xlink:href="#sTok19"/>
		<!--are-->
		<mark id="sSpan497" xlink:href="#sTok19"/>
		<!--are-->
		<mark id="sSpan498" xlink:href="#sTok19"/>
		<!--common-->
		<mark id="sSpan499" xlink:href="#sTok20"/>
		<!--sense-->
		<mark id="sSpan500" xlink:href="#sTok21"/>
		<!--known-->
		<mark id="sSpan501" xlink:href="#sTok24"/>
		<!--known-->
		<mark id="sSpan502" xlink:href="#sTok24"/>
		<!--agents-->
		<mark id="sSpan503" xlink:href="#sTok27"/>
		<!--are-->
		<mark id="sSpan504" xlink:href="#sTok28"/>
		<!--are-->
		<mark id="sSpan505" xlink:href="#sTok28"/>
		<!--are-->
		<mark id="sSpan506" xlink:href="#sTok28"/>
		<!--satisfy-->
		<mark id="sSpan507" xlink:href="#sTok30"/>
		<!--the-->
		<mark id="sSpan508" xlink:href="#sTok31"/>
		<!--the-->
		<mark id="sSpan509" xlink:href="#sTok31"/>
		<!--epistemic-->
		<mark id="sSpan510" xlink:href="#sTok32"/>
		<!--conditions-->
		<mark id="sSpan511" xlink:href="#sTok33"/>
		<!--responsibility-->
		<mark id="sSpan512" xlink:href="#sTok35"/>
		<!--they-->
		<mark id="sSpan513" xlink:href="#sTok37"/>
		<!--they-->
		<mark id="sSpan514" xlink:href="#sTok37"/>
		<!--they-->
		<mark id="sSpan515" xlink:href="#sTok37"/>
		<!--they-->
		<mark id="sSpan516" xlink:href="#sTok37"/>
		<!--must-->
		<mark id="sSpan517" xlink:href="#sTok38"/>
		<!--know-->
		<mark id="sSpan518" xlink:href="#sTok39"/>
		<!--what-->
		<mark id="sSpan519" xlink:href="#sTok40"/>
		<!--kinds-->
		<mark id="sSpan520" xlink:href="#sTok41"/>
		<!--knowledge-->
		<mark id="sSpan521" xlink:href="#sTok43"/>
		<!--they-->
		<mark id="sSpan522" xlink:href="#sTok44"/>
		<!--they-->
		<mark id="sSpan523" xlink:href="#sTok44"/>
		<!--they-->
		<mark id="sSpan524" xlink:href="#sTok44"/>
		<!--they-->
		<mark id="sSpan525" xlink:href="#sTok44"/>
		<!--must-->
		<mark id="sSpan526" xlink:href="#sTok45"/>
		<!--utilize-->
		<mark id="sSpan527" xlink:href="#sTok46"/>
		<!--guide-->
		<mark id="sSpan528" xlink:href="#sTok48"/>
		<!--their-->
		<mark id="sSpan529" xlink:href="#sTok49"/>
		<!--their-->
		<mark id="sSpan530" xlink:href="#sTok49"/>
		<!--their-->
		<mark id="sSpan531" xlink:href="#sTok49"/>
		<!--their-->
		<mark id="sSpan532" xlink:href="#sTok49"/>
		<!--selection-->
		<mark id="sSpan533" xlink:href="#sTok50"/>
		<!--sources-->
		<mark id="sSpan534" xlink:href="#sTok52"/>
		<!--pain-->
		<mark id="sSpan535" xlink:href="#sTok55"/>
		<!--infinite-->
		<mark id="sSpan536" xlink:href="#sTok57"/>
		<!--infinite-->
		<mark id="sSpan537" xlink:href="#sTok57"/>
		<!--regress-->
		<mark id="sSpan538" xlink:href="#sTok58"/>
		<!--fact-->
		<mark id="sSpan539" xlink:href="#sTok62"/>
		<!--many-->
		<mark id="sSpan540" xlink:href="#sTok64"/>
		<!--not-->
		<mark id="sSpan541" xlink:href="#sTok67"/>
		<!--the-->
		<mark id="sSpan542" xlink:href="#sTok70"/>
		<!--the-->
		<mark id="sSpan543" xlink:href="#sTok70"/>
		<!--markers-->
		<mark id="sSpan544" xlink:href="#sTok71"/>
		<!--expertise-->
		<mark id="sSpan545" xlink:href="#sTok73"/>
		<!--identified-->
		<mark id="sSpan546" xlink:href="#sTok74"/>
		<!--identified-->
		<mark id="sSpan547" xlink:href="#sTok74"/>
		<!--philosophers-->
		<mark id="sSpan548" xlink:href="#sTok76"/>
		<!--enjoy-->
		<mark id="sSpan549" xlink:href="#sTok77"/>
		<!--enjoy-->
		<mark id="sSpan550" xlink:href="#sTok77"/>
		<!--enjoy-->
		<mark id="sSpan551" xlink:href="#sTok77"/>
		<!--widespread-->
		<mark id="sSpan552" xlink:href="#sTok78"/>
		<!--recognition-->
		<mark id="sSpan553" xlink:href="#sTok79"/>
		<!--The-->
		<mark id="sSpan554" xlink:href="#sTok81"/>
		<!--The-->
		<mark id="sSpan555" xlink:href="#sTok81"/>
		<!--fact-->
		<mark id="sSpan556" xlink:href="#sTok82"/>
		<!--these-->
		<mark id="sSpan557" xlink:href="#sTok84"/>
		<!--these-->
		<mark id="sSpan558" xlink:href="#sTok84"/>
		<!--criteria-->
		<mark id="sSpan559" xlink:href="#sTok85"/>
		<!--are-->
		<mark id="sSpan560" xlink:href="#sTok86"/>
		<!--are-->
		<mark id="sSpan561" xlink:href="#sTok86"/>
		<!--are-->
		<mark id="sSpan562" xlink:href="#sTok86"/>
		<!--known-->
		<mark id="sSpan563" xlink:href="#sTok88"/>
		<!--known-->
		<mark id="sSpan564" xlink:href="#sTok88"/>
		<!--offers-->
		<mark id="sSpan565" xlink:href="#sTok92"/>
		<!--offers-->
		<mark id="sSpan566" xlink:href="#sTok92"/>
		<!--offers-->
		<mark id="sSpan567" xlink:href="#sTok92"/>
		<!--offers-->
		<mark id="sSpan568" xlink:href="#sTok92"/>
		<!--offers-->
		<mark id="sSpan569" xlink:href="#sTok92"/>
		<!--an-->
		<mark id="sSpan570" xlink:href="#sTok93"/>
		<!--an-->
		<mark id="sSpan571" xlink:href="#sTok93"/>
		<!--opportunity-->
		<mark id="sSpan572" xlink:href="#sTok94"/>
		<!--those-->
		<mark id="sSpan573" xlink:href="#sTok96"/>
		<!--those-->
		<mark id="sSpan574" xlink:href="#sTok96"/>
		<!--who-->
		<mark id="sSpan575" xlink:href="#sTok97"/>
		<!--would-->
		<mark id="sSpan576" xlink:href="#sTok98"/>
		<!--use-->
		<mark id="sSpan577" xlink:href="#sTok99"/>
		<!--them-->
		<mark id="sSpan578" xlink:href="#sTok100"/>
		<!--them-->
		<mark id="sSpan579" xlink:href="#sTok100"/>
		<!--them-->
		<mark id="sSpan580" xlink:href="#sTok100"/>
		<!--them-->
		<mark id="sSpan581" xlink:href="#sTok100"/>
		<!--deception-->
		<mark id="sSpan582" xlink:href="#sTok102"/>
		<!--witting-->
		<mark id="sSpan583" xlink:href="#sTok104"/>
		<!--unwitting-->
		<mark id="sSpan584" xlink:href="#sTok106"/>
		<!--unwitting-->
		<mark id="sSpan585" xlink:href="#sTok106"/>
		<!--expertise-->
		<mark id="sSpan586" xlink:href="#sTok109"/>
		<!--must-->
		<mark id="sSpan587" xlink:href="#sTok110"/>
		<!--be-->
		<mark id="sSpan588" xlink:href="#sTok111"/>
		<!--assessed-->
		<mark id="sSpan589" xlink:href="#sTok112"/>
		<!--assessed-->
		<mark id="sSpan590" xlink:href="#sTok112"/>
		<!--indirect-->
		<mark id="sSpan591" xlink:href="#sTok114"/>
		<!--indirect-->
		<mark id="sSpan592" xlink:href="#sTok114"/>
		<!--markers-->
		<mark id="sSpan593" xlink:href="#sTok115"/>
		<!--mimic-->
		<mark id="sSpan594" xlink:href="#sTok118"/>
		<!--the-->
		<mark id="sSpan595" xlink:href="#sTok119"/>
		<!--the-->
		<mark id="sSpan596" xlink:href="#sTok119"/>
		<!--markers-->
		<mark id="sSpan597" xlink:href="#sTok120"/>
		<!--expertise-->
		<mark id="sSpan598" xlink:href="#sTok122"/>
		<!--is-->
		<mark id="sSpan599" xlink:href="#sTok123"/>
		<!--is-->
		<mark id="sSpan600" xlink:href="#sTok123"/>
		<!--is-->
		<mark id="sSpan601" xlink:href="#sTok123"/>
		<!--is-->
		<mark id="sSpan602" xlink:href="#sTok123"/>
		<!--is-->
		<mark id="sSpan603" xlink:href="#sTok123"/>
		<!--mimic-->
		<mark id="sSpan604" xlink:href="#sTok125"/>
		<!--expertise-->
		<mark id="sSpan605" xlink:href="#sTok126"/>
		<!--17-->
		<mark id="sSpan606" xlink:href="#sTok128"/>
		<!--We-->
		<mark id="sSpan607" xlink:href="#sTok131"/>
		<!--We-->
		<mark id="sSpan608" xlink:href="#sTok131"/>
		<!--We-->
		<mark id="sSpan609" xlink:href="#sTok131"/>
		<!--We-->
		<mark id="sSpan610" xlink:href="#sTok131"/>
		<!--live-->
		<mark id="sSpan611" xlink:href="#sTok132"/>
		<!--live-->
		<mark id="sSpan612" xlink:href="#sTok132"/>
		<!--live-->
		<mark id="sSpan613" xlink:href="#sTok132"/>
		<!--an-->
		<mark id="sSpan614" xlink:href="#sTok134"/>
		<!--an-->
		<mark id="sSpan615" xlink:href="#sTok134"/>
		<!--epistemic-->
		<mark id="sSpan616" xlink:href="#sTok135"/>
		<!--environment-->
		<mark id="sSpan617" xlink:href="#sTok136"/>
		<!--that-->
		<mark id="sSpan618" xlink:href="#sTok137"/>
		<!--is-->
		<mark id="sSpan619" xlink:href="#sTok138"/>
		<!--is-->
		<mark id="sSpan620" xlink:href="#sTok138"/>
		<!--is-->
		<mark id="sSpan621" xlink:href="#sTok138"/>
		<!--is-->
		<mark id="sSpan622" xlink:href="#sTok138"/>
		<!--is-->
		<mark id="sSpan623" xlink:href="#sTok138"/>
		<!--polluted-->
		<mark id="sSpan624" xlink:href="#sTok142"/>
		<!--polluted-->
		<mark id="sSpan625" xlink:href="#sTok142"/>
		<!--agents-->
		<mark id="sSpan626" xlink:href="#sTok144"/>
		<!--who-->
		<mark id="sSpan627" xlink:href="#sTok145"/>
		<!--use-->
		<mark id="sSpan628" xlink:href="#sTok146"/>
		<!--use-->
		<mark id="sSpan629" xlink:href="#sTok146"/>
		<!--use-->
		<mark id="sSpan630" xlink:href="#sTok146"/>
		<!--mimicry-->
		<mark id="sSpan631" xlink:href="#sTok147"/>
		<!--other-->
		<mark id="sSpan632" xlink:href="#sTok149"/>
		<!--methods-->
		<mark id="sSpan633" xlink:href="#sTok150"/>
		<!--a-->
		<mark id="sSpan634" xlink:href="#sTok152"/>
		<!--a-->
		<mark id="sSpan635" xlink:href="#sTok152"/>
		<!--means-->
		<mark id="sSpan636" xlink:href="#sTok153"/>
		<!--inflating-->
		<mark id="sSpan637" xlink:href="#sTok155"/>
		<!--their-->
		<mark id="sSpan638" xlink:href="#sTok156"/>
		<!--their-->
		<mark id="sSpan639" xlink:href="#sTok156"/>
		<!--their-->
		<mark id="sSpan640" xlink:href="#sTok156"/>
		<!--their-->
		<mark id="sSpan641" xlink:href="#sTok156"/>
		<!--pretense-->
		<mark id="sSpan642" xlink:href="#sTok157"/>
		<!--expertise-->
		<mark id="sSpan643" xlink:href="#sTok159"/>
		<!--This-->
		<mark id="sSpan644" xlink:href="#sTok161"/>
		<!--This-->
		<mark id="sSpan645" xlink:href="#sTok161"/>
		<!--fact-->
		<mark id="sSpan646" xlink:href="#sTok162"/>
		<!--the-->
		<mark id="sSpan647" xlink:href="#sTok166"/>
		<!--the-->
		<mark id="sSpan648" xlink:href="#sTok166"/>
		<!--fact-->
		<mark id="sSpan649" xlink:href="#sTok167"/>
		<!--such-->
		<mark id="sSpan650" xlink:href="#sTok169"/>
		<!--deception-->
		<mark id="sSpan651" xlink:href="#sTok170"/>
		<!--is-->
		<mark id="sSpan652" xlink:href="#sTok171"/>
		<!--is-->
		<mark id="sSpan653" xlink:href="#sTok171"/>
		<!--is-->
		<mark id="sSpan654" xlink:href="#sTok171"/>
		<!--is-->
		<mark id="sSpan655" xlink:href="#sTok171"/>
		<!--is-->
		<mark id="sSpan656" xlink:href="#sTok171"/>
		<!--known-->
		<mark id="sSpan657" xlink:href="#sTok173"/>
		<!--known-->
		<mark id="sSpan658" xlink:href="#sTok173"/>
		<!--occur-->
		<mark id="sSpan659" xlink:href="#sTok175"/>
		<!--reduces-->
		<mark id="sSpan660" xlink:href="#sTok177"/>
		<!--reduces-->
		<mark id="sSpan661" xlink:href="#sTok177"/>
		<!--reduces-->
		<mark id="sSpan662" xlink:href="#sTok177"/>
		<!--reduces-->
		<mark id="sSpan663" xlink:href="#sTok177"/>
		<!--reduces-->
		<mark id="sSpan664" xlink:href="#sTok177"/>
		<!--ordinary-->
		<mark id="sSpan665" xlink:href="#sTok178"/>
		<!--people-->
		<mark id="sSpan666" xlink:href="#sTok179"/>
		<!--trust-->
		<mark id="sSpan667" xlink:href="#sTok181"/>
		<!--expert-->
		<mark id="sSpan668" xlink:href="#sTok183"/>
		<!--authority-->
		<mark id="sSpan669" xlink:href="#sTok184"/>
		<!--diminishes-->
		<mark id="sSpan670" xlink:href="#sTok186"/>
		<!--diminishes-->
		<mark id="sSpan671" xlink:href="#sTok186"/>
		<!--diminishes-->
		<mark id="sSpan672" xlink:href="#sTok186"/>
		<!--diminishes-->
		<mark id="sSpan673" xlink:href="#sTok186"/>
		<!--diminishes-->
		<mark id="sSpan674" xlink:href="#sTok186"/>
		<!--their-->
		<mark id="sSpan675" xlink:href="#sTok187"/>
		<!--their-->
		<mark id="sSpan676" xlink:href="#sTok187"/>
		<!--their-->
		<mark id="sSpan677" xlink:href="#sTok187"/>
		<!--their-->
		<mark id="sSpan678" xlink:href="#sTok187"/>
		<!--capacity-->
		<mark id="sSpan679" xlink:href="#sTok188"/>
		<!--distinguish-->
		<mark id="sSpan680" xlink:href="#sTok190"/>
		<!--reliable-->
		<mark id="sSpan681" xlink:href="#sTok191"/>
		<!--unreliable-->
		<mark id="sSpan682" xlink:href="#sTok193"/>
		<!--unreliable-->
		<mark id="sSpan683" xlink:href="#sTok193"/>
		<!--sources-->
		<mark id="sSpan684" xlink:href="#sTok194"/>
		<!--instance-->
		<mark id="sSpan685" xlink:href="#sTok197"/>
		<!--those-->
		<mark id="sSpan686" xlink:href="#sTok199"/>
		<!--those-->
		<mark id="sSpan687" xlink:href="#sTok199"/>
		<!--an-->
		<mark id="sSpan688" xlink:href="#sTok201"/>
		<!--an-->
		<mark id="sSpan689" xlink:href="#sTok201"/>
		<!--interest-->
		<mark id="sSpan690" xlink:href="#sTok202"/>
		<!--deceiving-->
		<mark id="sSpan691" xlink:href="#sTok204"/>
		<!--the-->
		<mark id="sSpan692" xlink:href="#sTok205"/>
		<!--the-->
		<mark id="sSpan693" xlink:href="#sTok205"/>
		<!--general-->
		<mark id="sSpan694" xlink:href="#sTok206"/>
		<!--public-->
		<mark id="sSpan695" xlink:href="#sTok207"/>
		<!--may-->
		<mark id="sSpan696" xlink:href="#sTok208"/>
		<!--set-->
		<mark id="sSpan697" xlink:href="#sTok209"/>
		<!--parallel-->
		<mark id="sSpan698" xlink:href="#sTok211"/>
		<!--institutions-->
		<mark id="sSpan699" xlink:href="#sTok212"/>
		<!--that-->
		<mark id="sSpan700" xlink:href="#sTok213"/>
		<!--guarantee-->
		<mark id="sSpan701" xlink:href="#sTok215"/>
		<!--guarantee-->
		<mark id="sSpan702" xlink:href="#sTok215"/>
		<!--guarantee-->
		<mark id="sSpan703" xlink:href="#sTok215"/>
		<!--expertise-->
		<mark id="sSpan704" xlink:href="#sTok216"/>
		<!--taking-->
		<mark id="sSpan705" xlink:href="#sTok218"/>
		<!--advantage-->
		<mark id="sSpan706" xlink:href="#sTok219"/>
		<!--the-->
		<mark id="sSpan707" xlink:href="#sTok221"/>
		<!--the-->
		<mark id="sSpan708" xlink:href="#sTok221"/>
		<!--ways-->
		<mark id="sSpan709" xlink:href="#sTok222"/>
		<!--which-->
		<mark id="sSpan710" xlink:href="#sTok224"/>
		<!--these-->
		<mark id="sSpan711" xlink:href="#sTok225"/>
		<!--these-->
		<mark id="sSpan712" xlink:href="#sTok225"/>
		<!--parallel-->
		<mark id="sSpan713" xlink:href="#sTok226"/>
		<!--institutions-->
		<mark id="sSpan714" xlink:href="#sTok227"/>
		<!--mimic-->
		<mark id="sSpan715" xlink:href="#sTok228"/>
		<!--mimic-->
		<mark id="sSpan716" xlink:href="#sTok228"/>
		<!--mimic-->
		<mark id="sSpan717" xlink:href="#sTok228"/>
		<!--legitimate-->
		<mark id="sSpan718" xlink:href="#sTok229"/>
		<!--institutions-->
		<mark id="sSpan719" xlink:href="#sTok230"/>
		<!--ensure-->
		<mark id="sSpan720" xlink:href="#sTok232"/>
		<!--people-->
		<mark id="sSpan721" xlink:href="#sTok234"/>
		<!--are-->
		<mark id="sSpan722" xlink:href="#sTok235"/>
		<!--are-->
		<mark id="sSpan723" xlink:href="#sTok235"/>
		<!--are-->
		<mark id="sSpan724" xlink:href="#sTok235"/>
		<!--taken-->
		<mark id="sSpan725" xlink:href="#sTok236"/>
		<!--taken-->
		<mark id="sSpan726" xlink:href="#sTok236"/>
		<!--are-->
		<mark id="sSpan727" xlink:href="#sTok240"/>
		<!--are-->
		<mark id="sSpan728" xlink:href="#sTok240"/>
		<!--are-->
		<mark id="sSpan729" xlink:href="#sTok240"/>
		<!--egregious-->
		<mark id="sSpan730" xlink:href="#sTok242"/>
		<!--examples-->
		<mark id="sSpan731" xlink:href="#sTok243"/>
		<!--this-->
		<mark id="sSpan732" xlink:href="#sTok245"/>
		<!--this-->
		<mark id="sSpan733" xlink:href="#sTok245"/>
		<!--practice-->
		<mark id="sSpan734" xlink:href="#sTok246"/>
		<!--the-->
		<mark id="sSpan735" xlink:href="#sTok248"/>
		<!--the-->
		<mark id="sSpan736" xlink:href="#sTok248"/>
		<!--field-->
		<mark id="sSpan737" xlink:href="#sTok249"/>
		<!--health-->
		<mark id="sSpan738" xlink:href="#sTok251"/>
		<!--care-->
		<mark id="sSpan739" xlink:href="#sTok252"/>
		<!--example-->
		<mark id="sSpan740" xlink:href="#sTok255"/>
		<!--a-->
		<mark id="sSpan741" xlink:href="#sTok257"/>
		<!--a-->
		<mark id="sSpan742" xlink:href="#sTok257"/>
		<!--small-->
		<mark id="sSpan743" xlink:href="#sTok258"/>
		<!--number-->
		<mark id="sSpan744" xlink:href="#sTok259"/>
		<!--doctors-->
		<mark id="sSpan745" xlink:href="#sTok261"/>
		<!--set-->
		<mark id="sSpan746" xlink:href="#sTok262"/>
		<!--set-->
		<mark id="sSpan747" xlink:href="#sTok262"/>
		<!--set-->
		<mark id="sSpan748" xlink:href="#sTok262"/>
		<!--the-->
		<mark id="sSpan749" xlink:href="#sTok264"/>
		<!--the-->
		<mark id="sSpan750" xlink:href="#sTok264"/>
		<!--American-->
		<mark id="sSpan751" xlink:href="#sTok265"/>
		<!--College-->
		<mark id="sSpan752" xlink:href="#sTok266"/>
		<!--Pediatricians-->
		<mark id="sSpan753" xlink:href="#sTok268"/>
		<!--ACPeds-->
		<mark id="sSpan754" xlink:href="#sTok270"/>
		<!--advocate-->
		<mark id="sSpan755" xlink:href="#sTok273"/>
		<!--conservative-->
		<mark id="sSpan756" xlink:href="#sTok275"/>
		<!--viewpoints-->
		<mark id="sSpan757" xlink:href="#sTok276"/>
		<!--related-->
		<mark id="sSpan758" xlink:href="#sTok277"/>
		<!--related-->
		<mark id="sSpan759" xlink:href="#sTok277"/>
		<!--child-->
		<mark id="sSpan760" xlink:href="#sTok279"/>
		<!--health-->
		<mark id="sSpan761" xlink:href="#sTok280"/>
		<!--care-->
		<mark id="sSpan762" xlink:href="#sTok281"/>
		<!--an-->
		<mark id="sSpan763" xlink:href="#sTok284"/>
		<!--an-->
		<mark id="sSpan764" xlink:href="#sTok284"/>
		<!--organization-->
		<mark id="sSpan765" xlink:href="#sTok285"/>
		<!--is-->
		<mark id="sSpan766" xlink:href="#sTok286"/>
		<!--is-->
		<mark id="sSpan767" xlink:href="#sTok286"/>
		<!--is-->
		<mark id="sSpan768" xlink:href="#sTok286"/>
		<!--is-->
		<mark id="sSpan769" xlink:href="#sTok286"/>
		<!--is-->
		<mark id="sSpan770" xlink:href="#sTok286"/>
		<!--permissible-->
		<mark id="sSpan771" xlink:href="#sTok288"/>
		<!--it-->
		<mark id="sSpan772" xlink:href="#sTok291"/>
		<!--it-->
		<mark id="sSpan773" xlink:href="#sTok291"/>
		<!--it-->
		<mark id="sSpan774" xlink:href="#sTok291"/>
		<!--it-->
		<mark id="sSpan775" xlink:href="#sTok291"/>
		<!--it-->
		<mark id="sSpan776" xlink:href="#sTok291"/>
		<!--has-->
		<mark id="sSpan777" xlink:href="#sTok292"/>
		<!--has-->
		<mark id="sSpan778" xlink:href="#sTok292"/>
		<!--has-->
		<mark id="sSpan779" xlink:href="#sTok292"/>
		<!--has-->
		<mark id="sSpan780" xlink:href="#sTok292"/>
		<!--has-->
		<mark id="sSpan781" xlink:href="#sTok292"/>
		<!--had-->
		<mark id="sSpan782" xlink:href="#sTok293"/>
		<!--had-->
		<mark id="sSpan783" xlink:href="#sTok293"/>
		<!--the-->
		<mark id="sSpan784" xlink:href="#sTok294"/>
		<!--the-->
		<mark id="sSpan785" xlink:href="#sTok294"/>
		<!--unfortunate-->
		<mark id="sSpan786" xlink:href="#sTok295"/>
		<!--unfortunate-->
		<mark id="sSpan787" xlink:href="#sTok295"/>
		<!--intended-->
		<mark id="sSpan788" xlink:href="#sTok299"/>
		<!--intended-->
		<mark id="sSpan789" xlink:href="#sTok299"/>
		<!--effect-->
		<mark id="sSpan790" xlink:href="#sTok301"/>
		<!--muddying-->
		<mark id="sSpan791" xlink:href="#sTok303"/>
		<!--debates-->
		<mark id="sSpan792" xlink:href="#sTok304"/>
		<!--the-->
		<mark id="sSpan793" xlink:href="#sTok306"/>
		<!--the-->
		<mark id="sSpan794" xlink:href="#sTok306"/>
		<!--public-->
		<mark id="sSpan795" xlink:href="#sTok307"/>
		<!--forum-->
		<mark id="sSpan796" xlink:href="#sTok308"/>
		<!--misleading-->
		<mark id="sSpan797" xlink:href="#sTok310"/>
		<!--people-->
		<mark id="sSpan798" xlink:href="#sTok311"/>
		<!--thinking-->
		<mark id="sSpan799" xlink:href="#sTok313"/>
		<!--the-->
		<mark id="sSpan800" xlink:href="#sTok315"/>
		<!--the-->
		<mark id="sSpan801" xlink:href="#sTok315"/>
		<!--college-->
		<mark id="sSpan802" xlink:href="#sTok316"/>
		<!--speaks-->
		<mark id="sSpan803" xlink:href="#sTok317"/>
		<!--speaks-->
		<mark id="sSpan804" xlink:href="#sTok317"/>
		<!--speaks-->
		<mark id="sSpan805" xlink:href="#sTok317"/>
		<!--speaks-->
		<mark id="sSpan806" xlink:href="#sTok317"/>
		<!--speaks-->
		<mark id="sSpan807" xlink:href="#sTok317"/>
		<!--the-->
		<mark id="sSpan808" xlink:href="#sTok319"/>
		<!--the-->
		<mark id="sSpan809" xlink:href="#sTok319"/>
		<!--pediatric-->
		<mark id="sSpan810" xlink:href="#sTok320"/>
		<!--profession-->
		<mark id="sSpan811" xlink:href="#sTok321"/>
		<!--large-->
		<mark id="sSpan812" xlink:href="#sTok323"/>
		<!--when-->
		<mark id="sSpan813" xlink:href="#sTok327"/>
		<!--ACPeds-->
		<mark id="sSpan814" xlink:href="#sTok328"/>
		<!--issued-->
		<mark id="sSpan815" xlink:href="#sTok329"/>
		<!--issued-->
		<mark id="sSpan816" xlink:href="#sTok329"/>
		<!--issued-->
		<mark id="sSpan817" xlink:href="#sTok329"/>
		<!--a-->
		<mark id="sSpan818" xlink:href="#sTok330"/>
		<!--a-->
		<mark id="sSpan819" xlink:href="#sTok330"/>
		<!--statement-->
		<mark id="sSpan820" xlink:href="#sTok331"/>
		<!--condemning-->
		<mark id="sSpan821" xlink:href="#sTok332"/>
		<!--gender-->
		<mark id="sSpan822" xlink:href="#sTok333"/>
		<!--reassignment-->
		<mark id="sSpan823" xlink:href="#sTok334"/>
		<!--surgery-->
		<mark id="sSpan824" xlink:href="#sTok335"/>
		<!--2016-->
		<mark id="sSpan825" xlink:href="#sTok337"/>
		<!--21-->
		<mark id="sSpan826" xlink:href="#sTok339"/>
		<!--many-->
		<mark id="sSpan827" xlink:href="#sTok342"/>
		<!--people-->
		<mark id="sSpan828" xlink:href="#sTok343"/>
		<!--mistook-->
		<mark id="sSpan829" xlink:href="#sTok344"/>
		<!--mistook-->
		<mark id="sSpan830" xlink:href="#sTok344"/>
		<!--mistook-->
		<mark id="sSpan831" xlink:href="#sTok344"/>
		<!--the-->
		<mark id="sSpan832" xlink:href="#sTok345"/>
		<!--the-->
		<mark id="sSpan833" xlink:href="#sTok345"/>
		<!--organization-->
		<mark id="sSpan834" xlink:href="#sTok346"/>
		<!--political-->
		<mark id="sSpan835" xlink:href="#sTok348"/>
		<!--beliefs-->
		<mark id="sSpan836" xlink:href="#sTok349"/>
		<!--the-->
		<mark id="sSpan837" xlink:href="#sTok351"/>
		<!--the-->
		<mark id="sSpan838" xlink:href="#sTok351"/>
		<!--consensus-->
		<mark id="sSpan839" xlink:href="#sTok352"/>
		<!--view-->
		<mark id="sSpan840" xlink:href="#sTok353"/>
		<!--United-->
		<mark id="sSpan841" xlink:href="#sTok355"/>
		<!--States-->
		<mark id="sSpan842" xlink:href="#sTok356"/>
		<!--pediatricians-->
		<mark id="sSpan843" xlink:href="#sTok357"/>
		<!--the-->
		<mark id="sSpan844" xlink:href="#sTok360"/>
		<!--the-->
		<mark id="sSpan845" xlink:href="#sTok360"/>
		<!--peak-->
		<mark id="sSpan846" xlink:href="#sTok361"/>
		<!--body-->
		<mark id="sSpan847" xlink:href="#sTok362"/>
		<!--pediatric-->
		<mark id="sSpan848" xlink:href="#sTok364"/>
		<!--workers-->
		<mark id="sSpan849" xlink:href="#sTok365"/>
		<!--the-->
		<mark id="sSpan850" xlink:href="#sTok367"/>
		<!--the-->
		<mark id="sSpan851" xlink:href="#sTok367"/>
		<!--American-->
		<mark id="sSpan852" xlink:href="#sTok368"/>
		<!--Academy-->
		<mark id="sSpan853" xlink:href="#sTok369"/>
		<!--Pediatrics-->
		<mark id="sSpan854" xlink:href="#sTok371"/>
		<!--has-->
		<mark id="sSpan855" xlink:href="#sTok373"/>
		<!--has-->
		<mark id="sSpan856" xlink:href="#sTok373"/>
		<!--has-->
		<mark id="sSpan857" xlink:href="#sTok373"/>
		<!--has-->
		<mark id="sSpan858" xlink:href="#sTok373"/>
		<!--has-->
		<mark id="sSpan859" xlink:href="#sTok373"/>
		<!--a-->
		<mark id="sSpan860" xlink:href="#sTok374"/>
		<!--a-->
		<mark id="sSpan861" xlink:href="#sTok374"/>
		<!--positive-->
		<mark id="sSpan862" xlink:href="#sTok377"/>
		<!--view-->
		<mark id="sSpan863" xlink:href="#sTok378"/>
		<!--gender-->
		<mark id="sSpan864" xlink:href="#sTok380"/>
		<!--dysphoria-->
		<mark id="sSpan865" xlink:href="#sTok381"/>
		<!--dysphoria-->
		<mark id="sSpan866" xlink:href="#sTok381"/>
		<!--22-->
		<mark id="sSpan867" xlink:href="#sTok383"/>
		<!--the-->
		<mark id="sSpan868" xlink:href="#sTok388"/>
		<!--the-->
		<mark id="sSpan869" xlink:href="#sTok388"/>
		<!--larger-->
		<mark id="sSpan870" xlink:href="#sTok389"/>
		<!--organization-->
		<mark id="sSpan871" xlink:href="#sTok390"/>
		<!--a-->
		<mark id="sSpan872" xlink:href="#sTok393"/>
		<!--a-->
		<mark id="sSpan873" xlink:href="#sTok393"/>
		<!--broader-->
		<mark id="sSpan874" xlink:href="#sTok394"/>
		<!--membership-->
		<mark id="sSpan875" xlink:href="#sTok395"/>
		<!--base-->
		<mark id="sSpan876" xlink:href="#sTok396"/>
		<!--can-->
		<mark id="sSpan877" xlink:href="#sTok398"/>
		<!--be-->
		<mark id="sSpan878" xlink:href="#sTok399"/>
		<!--expected-->
		<mark id="sSpan879" xlink:href="#sTok400"/>
		<!--expected-->
		<mark id="sSpan880" xlink:href="#sTok400"/>
		<!--reflect-->
		<mark id="sSpan881" xlink:href="#sTok402"/>
		<!--a-->
		<mark id="sSpan882" xlink:href="#sTok403"/>
		<!--a-->
		<mark id="sSpan883" xlink:href="#sTok403"/>
		<!--wider-->
		<mark id="sSpan884" xlink:href="#sTok404"/>
		<!--range-->
		<mark id="sSpan885" xlink:href="#sTok405"/>
		<!--expert-->
		<mark id="sSpan886" xlink:href="#sTok407"/>
		<!--opinions-->
		<mark id="sSpan887" xlink:href="#sTok408"/>
		<!--a-->
		<mark id="sSpan888" xlink:href="#sTok410"/>
		<!--a-->
		<mark id="sSpan889" xlink:href="#sTok410"/>
		<!--higher-->
		<mark id="sSpan890" xlink:href="#sTok411"/>
		<!--degree-->
		<mark id="sSpan891" xlink:href="#sTok412"/>
		<!--expertise-->
		<mark id="sSpan892" xlink:href="#sTok414"/>
		<!--it-->
		<mark id="sSpan893" xlink:href="#sTok416"/>
		<!--it-->
		<mark id="sSpan894" xlink:href="#sTok416"/>
		<!--it-->
		<mark id="sSpan895" xlink:href="#sTok416"/>
		<!--it-->
		<mark id="sSpan896" xlink:href="#sTok416"/>
		<!--it-->
		<mark id="sSpan897" xlink:href="#sTok416"/>
		<!--is-->
		<mark id="sSpan898" xlink:href="#sTok417"/>
		<!--is-->
		<mark id="sSpan899" xlink:href="#sTok417"/>
		<!--is-->
		<mark id="sSpan900" xlink:href="#sTok417"/>
		<!--is-->
		<mark id="sSpan901" xlink:href="#sTok417"/>
		<!--is-->
		<mark id="sSpan902" xlink:href="#sTok417"/>
		<!--reasonable-->
		<mark id="sSpan903" xlink:href="#sTok418"/>
		<!--give-->
		<mark id="sSpan904" xlink:href="#sTok420"/>
		<!--its-->
		<mark id="sSpan905" xlink:href="#sTok421"/>
		<!--its-->
		<mark id="sSpan906" xlink:href="#sTok421"/>
		<!--its-->
		<mark id="sSpan907" xlink:href="#sTok421"/>
		<!--its-->
		<mark id="sSpan908" xlink:href="#sTok421"/>
		<!--its-->
		<mark id="sSpan909" xlink:href="#sTok421"/>
		<!--views-->
		<mark id="sSpan910" xlink:href="#sTok422"/>
		<!--greater-->
		<mark id="sSpan911" xlink:href="#sTok423"/>
		<!--weight-->
		<mark id="sSpan912" xlink:href="#sTok424"/>
		<!--those-->
		<mark id="sSpan913" xlink:href="#sTok426"/>
		<!--those-->
		<mark id="sSpan914" xlink:href="#sTok426"/>
		<!--the-->
		<mark id="sSpan915" xlink:href="#sTok428"/>
		<!--the-->
		<mark id="sSpan916" xlink:href="#sTok428"/>
		<!--smaller-->
		<mark id="sSpan917" xlink:href="#sTok429"/>
		<!--organization-->
		<mark id="sSpan918" xlink:href="#sTok430"/>
		<!--When-->
		<mark id="sSpan919" xlink:href="#sTok432"/>
		<!--ACPeds-->
		<mark id="sSpan920" xlink:href="#sTok433"/>
		<!--allows-->
		<mark id="sSpan921" xlink:href="#sTok434"/>
		<!--allows-->
		<mark id="sSpan922" xlink:href="#sTok434"/>
		<!--allows-->
		<mark id="sSpan923" xlink:href="#sTok434"/>
		<!--allows-->
		<mark id="sSpan924" xlink:href="#sTok434"/>
		<!--allows-->
		<mark id="sSpan925" xlink:href="#sTok434"/>
		<!--encourages-->
		<mark id="sSpan926" xlink:href="#sTok436"/>
		<!--encourages-->
		<mark id="sSpan927" xlink:href="#sTok436"/>
		<!--encourages-->
		<mark id="sSpan928" xlink:href="#sTok436"/>
		<!--encourages-->
		<mark id="sSpan929" xlink:href="#sTok436"/>
		<!--encourages-->
		<mark id="sSpan930" xlink:href="#sTok436"/>
		<!--the-->
		<mark id="sSpan931" xlink:href="#sTok437"/>
		<!--the-->
		<mark id="sSpan932" xlink:href="#sTok437"/>
		<!--impression-->
		<mark id="sSpan933" xlink:href="#sTok438"/>
		<!--it-->
		<mark id="sSpan934" xlink:href="#sTok440"/>
		<!--it-->
		<mark id="sSpan935" xlink:href="#sTok440"/>
		<!--it-->
		<mark id="sSpan936" xlink:href="#sTok440"/>
		<!--it-->
		<mark id="sSpan937" xlink:href="#sTok440"/>
		<!--it-->
		<mark id="sSpan938" xlink:href="#sTok440"/>
		<!--speaks-->
		<mark id="sSpan939" xlink:href="#sTok441"/>
		<!--speaks-->
		<mark id="sSpan940" xlink:href="#sTok441"/>
		<!--speaks-->
		<mark id="sSpan941" xlink:href="#sTok441"/>
		<!--speaks-->
		<mark id="sSpan942" xlink:href="#sTok441"/>
		<!--speaks-->
		<mark id="sSpan943" xlink:href="#sTok441"/>
		<!--the-->
		<mark id="sSpan944" xlink:href="#sTok443"/>
		<!--the-->
		<mark id="sSpan945" xlink:href="#sTok443"/>
		<!--profession-->
		<mark id="sSpan946" xlink:href="#sTok444"/>
		<!--it-->
		<mark id="sSpan947" xlink:href="#sTok446"/>
		<!--it-->
		<mark id="sSpan948" xlink:href="#sTok446"/>
		<!--it-->
		<mark id="sSpan949" xlink:href="#sTok446"/>
		<!--it-->
		<mark id="sSpan950" xlink:href="#sTok446"/>
		<!--it-->
		<mark id="sSpan951" xlink:href="#sTok446"/>
		<!--introduces-->
		<mark id="sSpan952" xlink:href="#sTok447"/>
		<!--introduces-->
		<mark id="sSpan953" xlink:href="#sTok447"/>
		<!--introduces-->
		<mark id="sSpan954" xlink:href="#sTok447"/>
		<!--introduces-->
		<mark id="sSpan955" xlink:href="#sTok447"/>
		<!--introduces-->
		<mark id="sSpan956" xlink:href="#sTok447"/>
		<!--an-->
		<mark id="sSpan957" xlink:href="#sTok448"/>
		<!--an-->
		<mark id="sSpan958" xlink:href="#sTok448"/>
		<!--epistemic-->
		<mark id="sSpan959" xlink:href="#sTok449"/>
		<!--pollutant-->
		<mark id="sSpan960" xlink:href="#sTok450"/>
		<!--A-->
		<mark id="sSpan961" xlink:href="#sTok452"/>
		<!--A-->
		<mark id="sSpan962" xlink:href="#sTok452"/>
		<!--egregious-->
		<mark id="sSpan963" xlink:href="#sTok455"/>
		<!--example-->
		<mark id="sSpan964" xlink:href="#sTok456"/>
		<!--such-->
		<mark id="sSpan965" xlink:href="#sTok458"/>
		<!--pollution-->
		<mark id="sSpan966" xlink:href="#sTok459"/>
		<!--involved-->
		<mark id="sSpan967" xlink:href="#sTok460"/>
		<!--involved-->
		<mark id="sSpan968" xlink:href="#sTok460"/>
		<!--involved-->
		<mark id="sSpan969" xlink:href="#sTok460"/>
		<!--collaborative-->
		<mark id="sSpan970" xlink:href="#sTok461"/>
		<!--efforts-->
		<mark id="sSpan971" xlink:href="#sTok462"/>
		<!--pharmaceutical-->
		<mark id="sSpan972" xlink:href="#sTok464"/>
		<!--companies-->
		<mark id="sSpan973" xlink:href="#sTok465"/>
		<!--the-->
		<mark id="sSpan974" xlink:href="#sTok467"/>
		<!--the-->
		<mark id="sSpan975" xlink:href="#sTok467"/>
		<!--publishing-->
		<mark id="sSpan976" xlink:href="#sTok468"/>
		<!--giant-->
		<mark id="sSpan977" xlink:href="#sTok469"/>
		<!--Elsevier-->
		<mark id="sSpan978" xlink:href="#sTok470"/>
		<!--produce-->
		<mark id="sSpan979" xlink:href="#sTok472"/>
		<!--publications-->
		<mark id="sSpan980" xlink:href="#sTok473"/>
		<!--mimicking-->
		<mark id="sSpan981" xlink:href="#sTok474"/>
		<!--peer-reviewed-->
		<mark id="sSpan982" xlink:href="#sTok475"/>
		<!--journals-->
		<mark id="sSpan983" xlink:href="#sTok476"/>
		<!--the-->
		<mark id="sSpan984" xlink:href="#sTok478"/>
		<!--the-->
		<mark id="sSpan985" xlink:href="#sTok478"/>
		<!--interest-->
		<mark id="sSpan986" xlink:href="#sTok479"/>
		<!--promoting-->
		<mark id="sSpan987" xlink:href="#sTok481"/>
		<!--the-->
		<mark id="sSpan988" xlink:href="#sTok482"/>
		<!--the-->
		<mark id="sSpan989" xlink:href="#sTok482"/>
		<!--companies-->
		<mark id="sSpan990" xlink:href="#sTok483"/>
		<!--commercial-->
		<mark id="sSpan991" xlink:href="#sTok485"/>
		<!--products-->
		<mark id="sSpan992" xlink:href="#sTok486"/>
		<!--23-->
		<mark id="sSpan993" xlink:href="#sTok488"/>
		<!--The-->
		<mark id="sSpan994" xlink:href="#sTok491"/>
		<!--The-->
		<mark id="sSpan995" xlink:href="#sTok491"/>
		<!--companies-->
		<mark id="sSpan996" xlink:href="#sTok492"/>
		<!--hoped-->
		<mark id="sSpan997" xlink:href="#sTok493"/>
		<!--hoped-->
		<mark id="sSpan998" xlink:href="#sTok493"/>
		<!--hoped-->
		<mark id="sSpan999" xlink:href="#sTok493"/>
		<!--leverage-->
		<mark id="sSpan1000" xlink:href="#sTok495"/>
		<!--the-->
		<mark id="sSpan1001" xlink:href="#sTok496"/>
		<!--the-->
		<mark id="sSpan1002" xlink:href="#sTok496"/>
		<!--prestige-->
		<mark id="sSpan1003" xlink:href="#sTok497"/>
		<!--Elsevier-->
		<mark id="sSpan1004" xlink:href="#sTok499"/>
		<!--these-->
		<mark id="sSpan1005" xlink:href="#sTok501"/>
		<!--these-->
		<mark id="sSpan1006" xlink:href="#sTok501"/>
		<!--fake-->
		<mark id="sSpan1007" xlink:href="#sTok502"/>
		<!--journals-->
		<mark id="sSpan1008" xlink:href="#sTok503"/>
		<!--endow-->
		<mark id="sSpan1009" xlink:href="#sTok505"/>
		<!--their-->
		<mark id="sSpan1010" xlink:href="#sTok506"/>
		<!--their-->
		<mark id="sSpan1011" xlink:href="#sTok506"/>
		<!--their-->
		<mark id="sSpan1012" xlink:href="#sTok506"/>
		<!--their-->
		<mark id="sSpan1013" xlink:href="#sTok506"/>
		<!--promotional-->
		<mark id="sSpan1014" xlink:href="#sTok507"/>
		<!--research-->
		<mark id="sSpan1015" xlink:href="#sTok509"/>
		<!--an-->
		<mark id="sSpan1016" xlink:href="#sTok512"/>
		<!--an-->
		<mark id="sSpan1017" xlink:href="#sTok512"/>
		<!--air-->
		<mark id="sSpan1018" xlink:href="#sTok513"/>
		<!--reliability-->
		<mark id="sSpan1019" xlink:href="#sTok515"/>
		<!--When-->
		<mark id="sSpan1020" xlink:href="#sTok517"/>
		<!--the-->
		<mark id="sSpan1021" xlink:href="#sTok518"/>
		<!--the-->
		<mark id="sSpan1022" xlink:href="#sTok518"/>
		<!--deceit-->
		<mark id="sSpan1023" xlink:href="#sTok519"/>
		<!--was-->
		<mark id="sSpan1024" xlink:href="#sTok520"/>
		<!--was-->
		<mark id="sSpan1025" xlink:href="#sTok520"/>
		<!--was-->
		<mark id="sSpan1026" xlink:href="#sTok520"/>
		<!--was-->
		<mark id="sSpan1027" xlink:href="#sTok520"/>
		<!--was-->
		<mark id="sSpan1028" xlink:href="#sTok520"/>
		<!--uncovered-->
		<mark id="sSpan1029" xlink:href="#sTok521"/>
		<!--uncovered-->
		<mark id="sSpan1030" xlink:href="#sTok521"/>
		<!--uncovered-->
		<mark id="sSpan1031" xlink:href="#sTok521"/>
		<!--the-->
		<mark id="sSpan1032" xlink:href="#sTok525"/>
		<!--the-->
		<mark id="sSpan1033" xlink:href="#sTok525"/>
		<!--effect-->
		<mark id="sSpan1034" xlink:href="#sTok526"/>
		<!--was-->
		<mark id="sSpan1035" xlink:href="#sTok527"/>
		<!--was-->
		<mark id="sSpan1036" xlink:href="#sTok527"/>
		<!--was-->
		<mark id="sSpan1037" xlink:href="#sTok527"/>
		<!--was-->
		<mark id="sSpan1038" xlink:href="#sTok527"/>
		<!--was-->
		<mark id="sSpan1039" xlink:href="#sTok527"/>
		<!--the-->
		<mark id="sSpan1040" xlink:href="#sTok529"/>
		<!--the-->
		<mark id="sSpan1041" xlink:href="#sTok529"/>
		<!--opposite-->
		<mark id="sSpan1042" xlink:href="#sTok530"/>
		<!--the-->
		<mark id="sSpan1043" xlink:href="#sTok532"/>
		<!--the-->
		<mark id="sSpan1044" xlink:href="#sTok532"/>
		<!--legitimacy-->
		<mark id="sSpan1045" xlink:href="#sTok533"/>
		<!--the-->
		<mark id="sSpan1046" xlink:href="#sTok535"/>
		<!--the-->
		<mark id="sSpan1047" xlink:href="#sTok535"/>
		<!--published-->
		<mark id="sSpan1048" xlink:href="#sTok536"/>
		<!--published-->
		<mark id="sSpan1049" xlink:href="#sTok536"/>
		<!--findings-->
		<mark id="sSpan1050" xlink:href="#sTok537"/>
		<!--was-->
		<mark id="sSpan1051" xlink:href="#sTok538"/>
		<!--was-->
		<mark id="sSpan1052" xlink:href="#sTok538"/>
		<!--was-->
		<mark id="sSpan1053" xlink:href="#sTok538"/>
		<!--was-->
		<mark id="sSpan1054" xlink:href="#sTok538"/>
		<!--was-->
		<mark id="sSpan1055" xlink:href="#sTok538"/>
		<!--not-->
		<mark id="sSpan1056" xlink:href="#sTok539"/>
		<!--enhanced-->
		<mark id="sSpan1057" xlink:href="#sTok540"/>
		<!--enhanced-->
		<mark id="sSpan1058" xlink:href="#sTok540"/>
		<!--their-->
		<mark id="sSpan1059" xlink:href="#sTok542"/>
		<!--their-->
		<mark id="sSpan1060" xlink:href="#sTok542"/>
		<!--their-->
		<mark id="sSpan1061" xlink:href="#sTok542"/>
		<!--their-->
		<mark id="sSpan1062" xlink:href="#sTok542"/>
		<!--publication-->
		<mark id="sSpan1063" xlink:href="#sTok543"/>
		<!--Elsevier-->
		<mark id="sSpan1064" xlink:href="#sTok545"/>
		<!--the-->
		<mark id="sSpan1065" xlink:href="#sTok549"/>
		<!--the-->
		<mark id="sSpan1066" xlink:href="#sTok549"/>
		<!--legitimacy-->
		<mark id="sSpan1067" xlink:href="#sTok550"/>
		<!--Elsevier-->
		<mark id="sSpan1068" xlink:href="#sTok552"/>
		<!--publications-->
		<mark id="sSpan1069" xlink:href="#sTok554"/>
		<!--extension-->
		<mark id="sSpan1070" xlink:href="#sTok559"/>
		<!--academic-->
		<mark id="sSpan1071" xlink:href="#sTok562"/>
		<!--journals-->
		<mark id="sSpan1072" xlink:href="#sTok563"/>
		<!--was-->
		<mark id="sSpan1073" xlink:href="#sTok565"/>
		<!--was-->
		<mark id="sSpan1074" xlink:href="#sTok565"/>
		<!--was-->
		<mark id="sSpan1075" xlink:href="#sTok565"/>
		<!--was-->
		<mark id="sSpan1076" xlink:href="#sTok565"/>
		<!--was-->
		<mark id="sSpan1077" xlink:href="#sTok565"/>
		<!--diminished-->
		<mark id="sSpan1078" xlink:href="#sTok566"/>
		<!--diminished-->
		<mark id="sSpan1079" xlink:href="#sTok566"/>
		<!--their-->
		<mark id="sSpan1080" xlink:href="#sTok568"/>
		<!--their-->
		<mark id="sSpan1081" xlink:href="#sTok568"/>
		<!--their-->
		<mark id="sSpan1082" xlink:href="#sTok568"/>
		<!--their-->
		<mark id="sSpan1083" xlink:href="#sTok568"/>
		<!--dissemination-->
		<mark id="sSpan1084" xlink:href="#sTok569"/>
		<!--deceptive-->
		<mark id="sSpan1085" xlink:href="#sTok571"/>
		<!--interested-->
		<mark id="sSpan1086" xlink:href="#sTok574"/>
		<!--research-->
		<mark id="sSpan1087" xlink:href="#sTok575"/>
		<!--institutions-->
		<mark id="sSpan1088" xlink:href="#sTok580"/>
		<!--academic-->
		<mark id="sSpan1089" xlink:href="#sTok582"/>
		<!--expertise-->
		<mark id="sSpan1090" xlink:href="#sTok583"/>
		<!--have-->
		<mark id="sSpan1091" xlink:href="#sTok584"/>
		<!--have-->
		<mark id="sSpan1092" xlink:href="#sTok584"/>
		<!--have-->
		<mark id="sSpan1093" xlink:href="#sTok584"/>
		<!--been-->
		<mark id="sSpan1094" xlink:href="#sTok585"/>
		<!--been-->
		<mark id="sSpan1095" xlink:href="#sTok585"/>
		<!--subject-->
		<mark id="sSpan1096" xlink:href="#sTok586"/>
		<!--a-->
		<mark id="sSpan1097" xlink:href="#sTok588"/>
		<!--a-->
		<mark id="sSpan1098" xlink:href="#sTok588"/>
		<!--large-->
		<mark id="sSpan1099" xlink:href="#sTok589"/>
		<!--growing-->
		<mark id="sSpan1100" xlink:href="#sTok591"/>
		<!--outbreak-->
		<mark id="sSpan1101" xlink:href="#sTok592"/>
		<!--so-called-->
		<mark id="sSpan1102" xlink:href="#sTok594"/>
		<!--predatory-->
		<mark id="sSpan1103" xlink:href="#sTok595"/>
		<!--journals-->
		<mark id="sSpan1104" xlink:href="#sTok596"/>
		<!--journals-->
		<mark id="sSpan1105" xlink:href="#sTok598"/>
		<!--that-->
		<mark id="sSpan1106" xlink:href="#sTok599"/>
		<!--will-->
		<mark id="sSpan1107" xlink:href="#sTok600"/>
		<!--publish-->
		<mark id="sSpan1108" xlink:href="#sTok601"/>
		<!--anything-->
		<mark id="sSpan1109" xlink:href="#sTok603"/>
		<!--a-->
		<mark id="sSpan1110" xlink:href="#sTok605"/>
		<!--a-->
		<mark id="sSpan1111" xlink:href="#sTok605"/>
		<!--fee-->
		<mark id="sSpan1112" xlink:href="#sTok606"/>
		<!--Once-->
		<mark id="sSpan1113" xlink:href="#sTok608"/>
		<!--this-->
		<mark id="sSpan1114" xlink:href="#sTok611"/>
		<!--this-->
		<mark id="sSpan1115" xlink:href="#sTok611"/>
		<!--phenomenon-->
		<mark id="sSpan1116" xlink:href="#sTok612"/>
		<!--has-->
		<mark id="sSpan1117" xlink:href="#sTok613"/>
		<!--has-->
		<mark id="sSpan1118" xlink:href="#sTok613"/>
		<!--has-->
		<mark id="sSpan1119" xlink:href="#sTok613"/>
		<!--has-->
		<mark id="sSpan1120" xlink:href="#sTok613"/>
		<!--has-->
		<mark id="sSpan1121" xlink:href="#sTok613"/>
		<!--the-->
		<mark id="sSpan1122" xlink:href="#sTok614"/>
		<!--the-->
		<mark id="sSpan1123" xlink:href="#sTok614"/>
		<!--effect-->
		<mark id="sSpan1124" xlink:href="#sTok615"/>
		<!--making-->
		<mark id="sSpan1125" xlink:href="#sTok617"/>
		<!--peer-reviewed-->
		<mark id="sSpan1126" xlink:href="#sTok618"/>
		<!--journals-->
		<mark id="sSpan1127" xlink:href="#sTok619"/>
		<!--appear-->
		<mark id="sSpan1128" xlink:href="#sTok620"/>
		<!--less-->
		<mark id="sSpan1129" xlink:href="#sTok621"/>
		<!--legitimate-->
		<mark id="sSpan1130" xlink:href="#sTok622"/>
		<!--times-->
		<mark id="sSpan1131" xlink:href="#sTok625"/>
		<!--those-->
		<mark id="sSpan1132" xlink:href="#sTok628"/>
		<!--those-->
		<mark id="sSpan1133" xlink:href="#sTok628"/>
		<!--who-->
		<mark id="sSpan1134" xlink:href="#sTok629"/>
		<!--work-->
		<mark id="sSpan1135" xlink:href="#sTok630"/>
		<!--work-->
		<mark id="sSpan1136" xlink:href="#sTok630"/>
		<!--work-->
		<mark id="sSpan1137" xlink:href="#sTok630"/>
		<!--academia-->
		<mark id="sSpan1138" xlink:href="#sTok632"/>
		<!--may-->
		<mark id="sSpan1139" xlink:href="#sTok633"/>
		<!--be-->
		<mark id="sSpan1140" xlink:href="#sTok634"/>
		<!--unsure-->
		<mark id="sSpan1141" xlink:href="#sTok635"/>
		<!--unsure-->
		<mark id="sSpan1142" xlink:href="#sTok635"/>
		<!--a-->
		<mark id="sSpan1143" xlink:href="#sTok637"/>
		<!--a-->
		<mark id="sSpan1144" xlink:href="#sTok637"/>
		<!--particular-->
		<mark id="sSpan1145" xlink:href="#sTok638"/>
		<!--journal-->
		<mark id="sSpan1146" xlink:href="#sTok639"/>
		<!--legitimacy-->
		<mark id="sSpan1147" xlink:href="#sTok641"/>
		<!--are-->
		<mark id="sSpan1148" xlink:href="#sTok645"/>
		<!--are-->
		<mark id="sSpan1149" xlink:href="#sTok645"/>
		<!--are-->
		<mark id="sSpan1150" xlink:href="#sTok645"/>
		<!--genuine-->
		<mark id="sSpan1151" xlink:href="#sTok646"/>
		<!--borderline-->
		<mark id="sSpan1152" xlink:href="#sTok647"/>
		<!--cases-->
		<mark id="sSpan1153" xlink:href="#sTok648"/>
		<!--example-->
		<mark id="sSpan1154" xlink:href="#sTok651"/>
		<!--the-->
		<mark id="sSpan1155" xlink:href="#sTok653"/>
		<!--the-->
		<mark id="sSpan1156" xlink:href="#sTok653"/>
		<!--Frontiers-->
		<mark id="sSpan1157" xlink:href="#sTok654"/>
		<!--contingent-->
		<mark id="sSpan1158" xlink:href="#sTok655"/>
		<!--journals-->
		<mark id="sSpan1159" xlink:href="#sTok657"/>
		<!--appears-->
		<mark id="sSpan1160" xlink:href="#sTok658"/>
		<!--appears-->
		<mark id="sSpan1161" xlink:href="#sTok658"/>
		<!--appears-->
		<mark id="sSpan1162" xlink:href="#sTok658"/>
		<!--appears-->
		<mark id="sSpan1163" xlink:href="#sTok658"/>
		<!--appears-->
		<mark id="sSpan1164" xlink:href="#sTok658"/>
		<!--legitimate-->
		<mark id="sSpan1165" xlink:href="#sTok659"/>
		<!--least-->
		<mark id="sSpan1166" xlink:href="#sTok662"/>
		<!--me-->
		<mark id="sSpan1167" xlink:href="#sTok664"/>
		<!--me-->
		<mark id="sSpan1168" xlink:href="#sTok664"/>
		<!--me-->
		<mark id="sSpan1169" xlink:href="#sTok664"/>
		<!--me-->
		<mark id="sSpan1170" xlink:href="#sTok664"/>
		<!--the-->
		<mark id="sSpan1171" xlink:href="#sTok667"/>
		<!--the-->
		<mark id="sSpan1172" xlink:href="#sTok667"/>
		<!--fact-->
		<mark id="sSpan1173" xlink:href="#sTok668"/>
		<!--authors-->
		<mark id="sSpan1174" xlink:href="#sTok670"/>
		<!--are-->
		<mark id="sSpan1175" xlink:href="#sTok671"/>
		<!--are-->
		<mark id="sSpan1176" xlink:href="#sTok671"/>
		<!--are-->
		<mark id="sSpan1177" xlink:href="#sTok671"/>
		<!--expected-->
		<mark id="sSpan1178" xlink:href="#sTok672"/>
		<!--expected-->
		<mark id="sSpan1179" xlink:href="#sTok672"/>
		<!--pay-->
		<mark id="sSpan1180" xlink:href="#sTok674"/>
		<!--a-->
		<mark id="sSpan1181" xlink:href="#sTok675"/>
		<!--a-->
		<mark id="sSpan1182" xlink:href="#sTok675"/>
		<!--publication-->
		<mark id="sSpan1183" xlink:href="#sTok676"/>
		<!--fee-->
		<mark id="sSpan1184" xlink:href="#sTok677"/>
		<!--Frontiers-->
		<mark id="sSpan1185" xlink:href="#sTok682"/>
		<!--journals-->
		<mark id="sSpan1186" xlink:href="#sTok683"/>
		<!--appear-->
		<mark id="sSpan1187" xlink:href="#sTok684"/>
		<!--appear-->
		<mark id="sSpan1188" xlink:href="#sTok684"/>
		<!--appear-->
		<mark id="sSpan1189" xlink:href="#sTok684"/>
		<!--have-->
		<mark id="sSpan1190" xlink:href="#sTok686"/>
		<!--engaged-->
		<mark id="sSpan1191" xlink:href="#sTok687"/>
		<!--engaged-->
		<mark id="sSpan1192" xlink:href="#sTok687"/>
		<!--bad-->
		<mark id="sSpan1193" xlink:href="#sTok689"/>
		<!--behavior-->
		<mark id="sSpan1194" xlink:href="#sTok690"/>
		<!--profit-->
		<mark id="sSpan1195" xlink:href="#sTok694"/>
		<!--other-->
		<mark id="sSpan1196" xlink:href="#sTok698"/>
		<!--motive-->
		<mark id="sSpan1197" xlink:href="#sTok699"/>
		<!--Frontiers-->
		<mark id="sSpan1198" xlink:href="#sTok701"/>
		<!--Public-->
		<mark id="sSpan1199" xlink:href="#sTok703"/>
		<!--Health-->
		<mark id="sSpan1200" xlink:href="#sTok704"/>
		<!--published-->
		<mark id="sSpan1201" xlink:href="#sTok706"/>
		<!--published-->
		<mark id="sSpan1202" xlink:href="#sTok706"/>
		<!--published-->
		<mark id="sSpan1203" xlink:href="#sTok706"/>
		<!--articles-->
		<mark id="sSpan1204" xlink:href="#sTok707"/>
		<!--linking-->
		<mark id="sSpan1205" xlink:href="#sTok708"/>
		<!--vaccines-->
		<mark id="sSpan1206" xlink:href="#sTok709"/>
		<!--autism-->
		<mark id="sSpan1207" xlink:href="#sTok711"/>
		<!--24-->
		<mark id="sSpan1208" xlink:href="#sTok713"/>
		<!--questioning-->
		<mark id="sSpan1209" xlink:href="#sTok716"/>
		<!--the-->
		<mark id="sSpan1210" xlink:href="#sTok717"/>
		<!--the-->
		<mark id="sSpan1211" xlink:href="#sTok717"/>
		<!--link-->
		<mark id="sSpan1212" xlink:href="#sTok718"/>
		<!--HIV-->
		<mark id="sSpan1213" xlink:href="#sTok720"/>
		<!--AIDS-->
		<mark id="sSpan1214" xlink:href="#sTok722"/>
		<!--25-->
		<mark id="sSpan1215" xlink:href="#sTok724"/>
		<!--due-->
		<mark id="sSpan1216" xlink:href="#sTok728"/>
		<!--this-->
		<mark id="sSpan1217" xlink:href="#sTok730"/>
		<!--this-->
		<mark id="sSpan1218" xlink:href="#sTok730"/>
		<!--behavior-->
		<mark id="sSpan1219" xlink:href="#sTok731"/>
		<!--not-->
		<mark id="sSpan1220" xlink:href="#sTok733"/>
		<!--Jeffrey-->
		<mark id="sSpan1221" xlink:href="#sTok735"/>
		<!--Beall-->
		<mark id="sSpan1222" xlink:href="#sTok736"/>
		<!--decided-->
		<mark id="sSpan1223" xlink:href="#sTok737"/>
		<!--decided-->
		<mark id="sSpan1224" xlink:href="#sTok737"/>
		<!--decided-->
		<mark id="sSpan1225" xlink:href="#sTok737"/>
		<!--add-->
		<mark id="sSpan1226" xlink:href="#sTok739"/>
		<!--the-->
		<mark id="sSpan1227" xlink:href="#sTok740"/>
		<!--the-->
		<mark id="sSpan1228" xlink:href="#sTok740"/>
		<!--publisher-->
		<mark id="sSpan1229" xlink:href="#sTok741"/>
		<!--his-->
		<mark id="sSpan1230" xlink:href="#sTok743"/>
		<!--his-->
		<mark id="sSpan1231" xlink:href="#sTok743"/>
		<!--his-->
		<mark id="sSpan1232" xlink:href="#sTok743"/>
		<!--his-->
		<mark id="sSpan1233" xlink:href="#sTok743"/>
		<!--his-->
		<mark id="sSpan1234" xlink:href="#sTok743"/>
		<!--influential-->
		<mark id="sSpan1235" xlink:href="#sTok744"/>
		<!--unavailable-->
		<mark id="sSpan1236" xlink:href="#sTok749"/>
		<!--unavailable-->
		<mark id="sSpan1237" xlink:href="#sTok749"/>
		<!--list-->
		<mark id="sSpan1238" xlink:href="#sTok751"/>
		<!--questionable-->
		<mark id="sSpan1239" xlink:href="#sTok753"/>
		<!--journals-->
		<mark id="sSpan1240" xlink:href="#sTok754"/>
		<!--26-->
		<mark id="sSpan1241" xlink:href="#sTok756"/>
		<!--The-->
		<mark id="sSpan1242" xlink:href="#sTok759"/>
		<!--The-->
		<mark id="sSpan1243" xlink:href="#sTok759"/>
		<!--controversy-->
		<mark id="sSpan1244" xlink:href="#sTok760"/>
		<!--surrounding-->
		<mark id="sSpan1245" xlink:href="#sTok761"/>
		<!--Beall-->
		<mark id="sSpan1246" xlink:href="#sTok762"/>
		<!--decision-->
		<mark id="sSpan1247" xlink:href="#sTok764"/>
		<!--indicates-->
		<mark id="sSpan1248" xlink:href="#sTok765"/>
		<!--indicates-->
		<mark id="sSpan1249" xlink:href="#sTok765"/>
		<!--indicates-->
		<mark id="sSpan1250" xlink:href="#sTok765"/>
		<!--indicates-->
		<mark id="sSpan1251" xlink:href="#sTok765"/>
		<!--indicates-->
		<mark id="sSpan1252" xlink:href="#sTok765"/>
		<!--how-->
		<mark id="sSpan1253" xlink:href="#sTok766"/>
		<!--difficult-->
		<mark id="sSpan1254" xlink:href="#sTok767"/>
		<!--it-->
		<mark id="sSpan1255" xlink:href="#sTok768"/>
		<!--it-->
		<mark id="sSpan1256" xlink:href="#sTok768"/>
		<!--it-->
		<mark id="sSpan1257" xlink:href="#sTok768"/>
		<!--it-->
		<mark id="sSpan1258" xlink:href="#sTok768"/>
		<!--it-->
		<mark id="sSpan1259" xlink:href="#sTok768"/>
		<!--is-->
		<mark id="sSpan1260" xlink:href="#sTok769"/>
		<!--is-->
		<mark id="sSpan1261" xlink:href="#sTok769"/>
		<!--is-->
		<mark id="sSpan1262" xlink:href="#sTok769"/>
		<!--is-->
		<mark id="sSpan1263" xlink:href="#sTok769"/>
		<!--is-->
		<mark id="sSpan1264" xlink:href="#sTok769"/>
		<!--make-->
		<mark id="sSpan1265" xlink:href="#sTok771"/>
		<!--such-->
		<mark id="sSpan1266" xlink:href="#sTok772"/>
		<!--judgments-->
		<mark id="sSpan1267" xlink:href="#sTok773"/>
		<!--professionals-->
		<mark id="sSpan1268" xlink:href="#sTok777"/>
		<!--academics-->
		<mark id="sSpan1269" xlink:href="#sTok780"/>
		<!--expertise-->
		<mark id="sSpan1270" xlink:href="#sTok782"/>
		<!--relevant-->
		<mark id="sSpan1271" xlink:href="#sTok784"/>
		<!--fields-->
		<mark id="sSpan1272" xlink:href="#sTok785"/>
		<!--have-->
		<mark id="sSpan1273" xlink:href="#sTok786"/>
		<!--have-->
		<mark id="sSpan1274" xlink:href="#sTok786"/>
		<!--have-->
		<mark id="sSpan1275" xlink:href="#sTok786"/>
		<!--difficulty-->
		<mark id="sSpan1276" xlink:href="#sTok787"/>
		<!--assessing-->
		<mark id="sSpan1277" xlink:href="#sTok788"/>
		<!--particular-->
		<mark id="sSpan1278" xlink:href="#sTok790"/>
		<!--journals-->
		<mark id="sSpan1279" xlink:href="#sTok791"/>
		<!--particular-->
		<mark id="sSpan1280" xlink:href="#sTok793"/>
		<!--publishers-->
		<mark id="sSpan1281" xlink:href="#sTok794"/>
		<!--are-->
		<mark id="sSpan1282" xlink:href="#sTok795"/>
		<!--are-->
		<mark id="sSpan1283" xlink:href="#sTok795"/>
		<!--are-->
		<mark id="sSpan1284" xlink:href="#sTok795"/>
		<!--legitimate-->
		<mark id="sSpan1285" xlink:href="#sTok796"/>
		<!--can-->
		<mark id="sSpan1286" xlink:href="#sTok799"/>
		<!--not-->
		<mark id="sSpan1287" xlink:href="#sTok800"/>
		<!--expect-->
		<mark id="sSpan1288" xlink:href="#sTok802"/>
		<!--ordinary-->
		<mark id="sSpan1289" xlink:href="#sTok803"/>
		<!--people-->
		<mark id="sSpan1290" xlink:href="#sTok804"/>
		<!--make-->
		<mark id="sSpan1291" xlink:href="#sTok806"/>
		<!--such-->
		<mark id="sSpan1292" xlink:href="#sTok807"/>
		<!--judgments-->
		<mark id="sSpan1293" xlink:href="#sTok808"/>
		<!--their-->
		<mark id="sSpan1294" xlink:href="#sTok811"/>
		<!--their-->
		<mark id="sSpan1295" xlink:href="#sTok811"/>
		<!--their-->
		<mark id="sSpan1296" xlink:href="#sTok811"/>
		<!--their-->
		<mark id="sSpan1297" xlink:href="#sTok811"/>
		<!--confidence-->
		<mark id="sSpan1298" xlink:href="#sTok812"/>
		<!--scientific-->
		<mark id="sSpan1299" xlink:href="#sTok814"/>
		<!--findings-->
		<mark id="sSpan1300" xlink:href="#sTok815"/>
		<!--is-->
		<mark id="sSpan1301" xlink:href="#sTok816"/>
		<!--is-->
		<mark id="sSpan1302" xlink:href="#sTok816"/>
		<!--is-->
		<mark id="sSpan1303" xlink:href="#sTok816"/>
		<!--is-->
		<mark id="sSpan1304" xlink:href="#sTok816"/>
		<!--is-->
		<mark id="sSpan1305" xlink:href="#sTok816"/>
		<!--lowered-->
		<mark id="sSpan1306" xlink:href="#sTok817"/>
		<!--lowered-->
		<mark id="sSpan1307" xlink:href="#sTok817"/>
		<!--the-->
		<mark id="sSpan1308" xlink:href="#sTok819"/>
		<!--the-->
		<mark id="sSpan1309" xlink:href="#sTok819"/>
		<!--board-->
		<mark id="sSpan1310" xlink:href="#sTok820"/>
		<!--the-->
		<mark id="sSpan1311" xlink:href="#sTok822"/>
		<!--the-->
		<mark id="sSpan1312" xlink:href="#sTok822"/>
		<!--result-->
		<mark id="sSpan1313" xlink:href="#sTok823"/>
		<!--such-->
		<mark id="sSpan1314" xlink:href="#sTok825"/>
		<!--epistemic-->
		<mark id="sSpan1315" xlink:href="#sTok826"/>
		<!--pollution-->
		<mark id="sSpan1316" xlink:href="#sTok827"/>
		<!--can-->
		<mark id="sSpan1317" xlink:href="#sTok830"/>
		<!--blame-->
		<mark id="sSpan1318" xlink:href="#sTok832"/>
		<!--them-->
		<mark id="sSpan1319" xlink:href="#sTok833"/>
		<!--them-->
		<mark id="sSpan1320" xlink:href="#sTok833"/>
		<!--them-->
		<mark id="sSpan1321" xlink:href="#sTok833"/>
		<!--them-->
		<mark id="sSpan1322" xlink:href="#sTok833"/>
		<!--conflicts-->
		<mark id="sSpan1323" xlink:href="#sTok836"/>
		<!--interest-->
		<mark id="sSpan1324" xlink:href="#sTok838"/>
		<!--are-->
		<mark id="sSpan1325" xlink:href="#sTok839"/>
		<!--are-->
		<mark id="sSpan1326" xlink:href="#sTok839"/>
		<!--are-->
		<mark id="sSpan1327" xlink:href="#sTok839"/>
		<!--a-->
		<mark id="sSpan1328" xlink:href="#sTok840"/>
		<!--a-->
		<mark id="sSpan1329" xlink:href="#sTok840"/>
		<!--reason-->
		<mark id="sSpan1330" xlink:href="#sTok841"/>
		<!--discount-->
		<mark id="sSpan1331" xlink:href="#sTok843"/>
		<!--expertise-->
		<mark id="sSpan1332" xlink:href="#sTok844"/>
		<!--it-->
		<mark id="sSpan1333" xlink:href="#sTok846"/>
		<!--it-->
		<mark id="sSpan1334" xlink:href="#sTok846"/>
		<!--it-->
		<mark id="sSpan1335" xlink:href="#sTok846"/>
		<!--it-->
		<mark id="sSpan1336" xlink:href="#sTok846"/>
		<!--it-->
		<mark id="sSpan1337" xlink:href="#sTok846"/>
		<!--is-->
		<mark id="sSpan1338" xlink:href="#sTok847"/>
		<!--is-->
		<mark id="sSpan1339" xlink:href="#sTok847"/>
		<!--is-->
		<mark id="sSpan1340" xlink:href="#sTok847"/>
		<!--is-->
		<mark id="sSpan1341" xlink:href="#sTok847"/>
		<!--is-->
		<mark id="sSpan1342" xlink:href="#sTok847"/>
		<!--incumbent-->
		<mark id="sSpan1343" xlink:href="#sTok848"/>
		<!--me-->
		<mark id="sSpan1344" xlink:href="#sTok850"/>
		<!--me-->
		<mark id="sSpan1345" xlink:href="#sTok850"/>
		<!--me-->
		<mark id="sSpan1346" xlink:href="#sTok850"/>
		<!--me-->
		<mark id="sSpan1347" xlink:href="#sTok850"/>
		<!--note-->
		<mark id="sSpan1348" xlink:href="#sTok852"/>
		<!--I-->
		<mark id="sSpan1349" xlink:href="#sTok854"/>
		<!--I-->
		<mark id="sSpan1350" xlink:href="#sTok854"/>
		<!--I-->
		<mark id="sSpan1351" xlink:href="#sTok854"/>
		<!--I-->
		<mark id="sSpan1352" xlink:href="#sTok854"/>
		<!--have-->
		<mark id="sSpan1353" xlink:href="#sTok855"/>
		<!--have-->
		<mark id="sSpan1354" xlink:href="#sTok855"/>
		<!--have-->
		<mark id="sSpan1355" xlink:href="#sTok855"/>
		<!--published-->
		<mark id="sSpan1356" xlink:href="#sTok856"/>
		<!--published-->
		<mark id="sSpan1357" xlink:href="#sTok856"/>
		<!--Frontiers-->
		<mark id="sSpan1358" xlink:href="#sTok858"/>
		<!--journals-->
		<mark id="sSpan1359" xlink:href="#sTok859"/>
		<!--several-->
		<mark id="sSpan1360" xlink:href="#sTok861"/>
		<!--occasions-->
		<mark id="sSpan1361" xlink:href="#sTok862"/>
		<!--Epistemic-->
		<mark id="sSpan1362" xlink:href="#sTok864"/>
		<!--pollution-->
		<mark id="sSpan1363" xlink:href="#sTok865"/>
		<!--may-->
		<mark id="sSpan1364" xlink:href="#sTok866"/>
		<!--stem-->
		<mark id="sSpan1365" xlink:href="#sTok867"/>
		<!--not-->
		<mark id="sSpan1366" xlink:href="#sTok868"/>
		<!--counterfeit-->
		<mark id="sSpan1367" xlink:href="#sTok871"/>
		<!--institutions-->
		<mark id="sSpan1368" xlink:href="#sTok872"/>
		<!--knowledge-->
		<mark id="sSpan1369" xlink:href="#sTok874"/>
		<!--production-->
		<mark id="sSpan1370" xlink:href="#sTok875"/>
		<!--bad-->
		<mark id="sSpan1371" xlink:href="#sTok879"/>
		<!--behavior-->
		<mark id="sSpan1372" xlink:href="#sTok880"/>
		<!--legitimate-->
		<mark id="sSpan1373" xlink:href="#sTok882"/>
		<!--institutions-->
		<mark id="sSpan1374" xlink:href="#sTok883"/>
		<!--9-->
		<mark id="sSpan1375" xlink:href="#sTok885"/>
		<!--example-->
		<mark id="sSpan1376" xlink:href="#sTok887"/>
		<!--pollution-->
		<mark id="sSpan1377" xlink:href="#sTok889"/>
		<!--may-->
		<mark id="sSpan1378" xlink:href="#sTok890"/>
		<!--result-->
		<mark id="sSpan1379" xlink:href="#sTok891"/>
		<!--attempts-->
		<mark id="sSpan1380" xlink:href="#sTok893"/>
		<!--game-->
		<mark id="sSpan1381" xlink:href="#sTok895"/>
		<!--the-->
		<mark id="sSpan1382" xlink:href="#sTok896"/>
		<!--the-->
		<mark id="sSpan1383" xlink:href="#sTok896"/>
		<!--systems-->
		<mark id="sSpan1384" xlink:href="#sTok897"/>
		<!--put-->
		<mark id="sSpan1385" xlink:href="#sTok898"/>
		<!--put-->
		<mark id="sSpan1386" xlink:href="#sTok898"/>
		<!--place-->
		<mark id="sSpan1387" xlink:href="#sTok900"/>
		<!--track-->
		<mark id="sSpan1388" xlink:href="#sTok902"/>
		<!--expertise-->
		<mark id="sSpan1389" xlink:href="#sTok903"/>
		<!--Consider-->
		<mark id="sSpan1390" xlink:href="#sTok905"/>
		<!--Consider-->
		<mark id="sSpan1391" xlink:href="#sTok905"/>
		<!--institutions-->
		<mark id="sSpan1392" xlink:href="#sTok906"/>
		<!--a-->
		<mark id="sSpan1393" xlink:href="#sTok908"/>
		<!--a-->
		<mark id="sSpan1394" xlink:href="#sTok908"/>
		<!--credentialing-->
		<mark id="sSpan1395" xlink:href="#sTok909"/>
		<!--function-->
		<mark id="sSpan1396" xlink:href="#sTok910"/>
		<!--such-->
		<mark id="sSpan1397" xlink:href="#sTok912"/>
		<!--universities-->
		<mark id="sSpan1398" xlink:href="#sTok914"/>
		<!--bar-->
		<mark id="sSpan1399" xlink:href="#sTok916"/>
		<!--associations-->
		<mark id="sSpan1400" xlink:href="#sTok917"/>
		<!--peer-->
		<mark id="sSpan1401" xlink:href="#sTok920"/>
		<!--review-->
		<mark id="sSpan1402" xlink:href="#sTok921"/>
		<!--bodies-->
		<mark id="sSpan1403" xlink:href="#sTok922"/>
		<!--These-->
		<mark id="sSpan1404" xlink:href="#sTok924"/>
		<!--These-->
		<mark id="sSpan1405" xlink:href="#sTok924"/>
		<!--institutions-->
		<mark id="sSpan1406" xlink:href="#sTok925"/>
		<!--do-->
		<mark id="sSpan1407" xlink:href="#sTok926"/>
		<!--do-->
		<mark id="sSpan1408" xlink:href="#sTok926"/>
		<!--do-->
		<mark id="sSpan1409" xlink:href="#sTok926"/>
		<!--not-->
		<mark id="sSpan1410" xlink:href="#sTok927"/>
		<!--exist-->
		<mark id="sSpan1411" xlink:href="#sTok928"/>
		<!--credential-->
		<mark id="sSpan1412" xlink:href="#sTok931"/>
		<!--experts-->
		<mark id="sSpan1413" xlink:href="#sTok932"/>
		<!--They-->
		<mark id="sSpan1414" xlink:href="#sTok934"/>
		<!--They-->
		<mark id="sSpan1415" xlink:href="#sTok934"/>
		<!--They-->
		<mark id="sSpan1416" xlink:href="#sTok934"/>
		<!--They-->
		<mark id="sSpan1417" xlink:href="#sTok934"/>
		<!--have-->
		<mark id="sSpan1418" xlink:href="#sTok935"/>
		<!--have-->
		<mark id="sSpan1419" xlink:href="#sTok935"/>
		<!--have-->
		<mark id="sSpan1420" xlink:href="#sTok935"/>
		<!--other-->
		<mark id="sSpan1421" xlink:href="#sTok936"/>
		<!--functions-->
		<mark id="sSpan1422" xlink:href="#sTok937"/>
		<!--these-->
		<mark id="sSpan1423" xlink:href="#sTok940"/>
		<!--these-->
		<mark id="sSpan1424" xlink:href="#sTok940"/>
		<!--functions-->
		<mark id="sSpan1425" xlink:href="#sTok941"/>
		<!--may-->
		<mark id="sSpan1426" xlink:href="#sTok942"/>
		<!--come-->
		<mark id="sSpan1427" xlink:href="#sTok943"/>
		<!--conflict-->
		<mark id="sSpan1428" xlink:href="#sTok945"/>
		<!--creating-->
		<mark id="sSpan1429" xlink:href="#sTok947"/>
		<!--pressures-->
		<mark id="sSpan1430" xlink:href="#sTok948"/>
		<!--inflate-->
		<mark id="sSpan1431" xlink:href="#sTok950"/>
		<!--credentials-->
		<mark id="sSpan1432" xlink:href="#sTok951"/>
		<!--example-->
		<mark id="sSpan1433" xlink:href="#sTok954"/>
		<!--universities-->
		<mark id="sSpan1434" xlink:href="#sTok956"/>
		<!--have-->
		<mark id="sSpan1435" xlink:href="#sTok957"/>
		<!--have-->
		<mark id="sSpan1436" xlink:href="#sTok957"/>
		<!--have-->
		<mark id="sSpan1437" xlink:href="#sTok957"/>
		<!--a-->
		<mark id="sSpan1438" xlink:href="#sTok958"/>
		<!--a-->
		<mark id="sSpan1439" xlink:href="#sTok958"/>
		<!--financial-->
		<mark id="sSpan1440" xlink:href="#sTok959"/>
		<!--incentive-->
		<mark id="sSpan1441" xlink:href="#sTok960"/>
		<!--inflate-->
		<mark id="sSpan1442" xlink:href="#sTok962"/>
		<!--the-->
		<mark id="sSpan1443" xlink:href="#sTok963"/>
		<!--the-->
		<mark id="sSpan1444" xlink:href="#sTok963"/>
		<!--expertise-->
		<mark id="sSpan1445" xlink:href="#sTok964"/>
		<!--their-->
		<mark id="sSpan1446" xlink:href="#sTok966"/>
		<!--their-->
		<mark id="sSpan1447" xlink:href="#sTok966"/>
		<!--their-->
		<mark id="sSpan1448" xlink:href="#sTok966"/>
		<!--their-->
		<mark id="sSpan1449" xlink:href="#sTok966"/>
		<!--academic-->
		<mark id="sSpan1450" xlink:href="#sTok967"/>
		<!--staff-->
		<mark id="sSpan1451" xlink:href="#sTok968"/>
		<!--increasing-->
		<mark id="sSpan1452" xlink:href="#sTok971"/>
		<!--their-->
		<mark id="sSpan1453" xlink:href="#sTok972"/>
		<!--their-->
		<mark id="sSpan1454" xlink:href="#sTok972"/>
		<!--their-->
		<mark id="sSpan1455" xlink:href="#sTok972"/>
		<!--their-->
		<mark id="sSpan1456" xlink:href="#sTok972"/>
		<!--rankings-->
		<mark id="sSpan1457" xlink:href="#sTok973"/>
		<!--bringing-->
		<mark id="sSpan1458" xlink:href="#sTok975"/>
		<!--grant-->
		<mark id="sSpan1459" xlink:href="#sTok977"/>
		<!--money-->
		<mark id="sSpan1460" xlink:href="#sTok978"/>
		<!--attracting-->
		<mark id="sSpan1461" xlink:href="#sTok981"/>
		<!--students-->
		<mark id="sSpan1462" xlink:href="#sTok982"/>
		<!--Systems-->
		<mark id="sSpan1463" xlink:href="#sTok984"/>
		<!--that-->
		<mark id="sSpan1464" xlink:href="#sTok985"/>
		<!--assess-->
		<mark id="sSpan1465" xlink:href="#sTok986"/>
		<!--assess-->
		<mark id="sSpan1466" xlink:href="#sTok986"/>
		<!--assess-->
		<mark id="sSpan1467" xlink:href="#sTok986"/>
		<!--expertise-->
		<mark id="sSpan1468" xlink:href="#sTok987"/>
		<!--can-->
		<mark id="sSpan1469" xlink:href="#sTok988"/>
		<!--be-->
		<mark id="sSpan1470" xlink:href="#sTok989"/>
		<!--manipulated-->
		<mark id="sSpan1471" xlink:href="#sTok990"/>
		<!--manipulated-->
		<mark id="sSpan1472" xlink:href="#sTok990"/>
		<!--many-->
		<mark id="sSpan1473" xlink:href="#sTok993"/>
		<!--cases-->
		<mark id="sSpan1474" xlink:href="#sTok994"/>
		<!--such-->
		<mark id="sSpan1475" xlink:href="#sTok996"/>
		<!--manipulation-->
		<mark id="sSpan1476" xlink:href="#sTok997"/>
		<!--exist-->
		<mark id="sSpan1477" xlink:href="#sTok998"/>
		<!--exist-->
		<mark id="sSpan1478" xlink:href="#sTok998"/>
		<!--exist-->
		<mark id="sSpan1479" xlink:href="#sTok998"/>
		<!--take-->
		<mark id="sSpan1480" xlink:href="#sTok1000"/>
		<!--the-->
		<mark id="sSpan1481" xlink:href="#sTok1001"/>
		<!--the-->
		<mark id="sSpan1482" xlink:href="#sTok1001"/>
		<!--recent-->
		<mark id="sSpan1483" xlink:href="#sTok1002"/>
		<!--example-->
		<mark id="sSpan1484" xlink:href="#sTok1003"/>
		<!--the-->
		<mark id="sSpan1485" xlink:href="#sTok1005"/>
		<!--the-->
		<mark id="sSpan1486" xlink:href="#sTok1005"/>
		<!--University-->
		<mark id="sSpan1487" xlink:href="#sTok1006"/>
		<!--Malaysia-->
		<mark id="sSpan1488" xlink:href="#sTok1008"/>
		<!--which-->
		<mark id="sSpan1489" xlink:href="#sTok1010"/>
		<!--attempted-->
		<mark id="sSpan1490" xlink:href="#sTok1011"/>
		<!--attempted-->
		<mark id="sSpan1491" xlink:href="#sTok1011"/>
		<!--attempted-->
		<mark id="sSpan1492" xlink:href="#sTok1011"/>
		<!--boost-->
		<mark id="sSpan1493" xlink:href="#sTok1013"/>
		<!--metrics-->
		<mark id="sSpan1494" xlink:href="#sTok1014"/>
		<!--urging-->
		<mark id="sSpan1495" xlink:href="#sTok1016"/>
		<!--its-->
		<mark id="sSpan1496" xlink:href="#sTok1017"/>
		<!--its-->
		<mark id="sSpan1497" xlink:href="#sTok1017"/>
		<!--its-->
		<mark id="sSpan1498" xlink:href="#sTok1017"/>
		<!--its-->
		<mark id="sSpan1499" xlink:href="#sTok1017"/>
		<!--its-->
		<mark id="sSpan1500" xlink:href="#sTok1017"/>
		<!--faculty-->
		<mark id="sSpan1501" xlink:href="#sTok1018"/>
		<!--cite-->
		<mark id="sSpan1502" xlink:href="#sTok1020"/>
		<!--one-->
		<mark id="sSpan1503" xlink:href="#sTok1021"/>
		<!--28-->
		<mark id="sSpan1504" xlink:href="#sTok1024"/>
		<!--this-->
		<mark id="sSpan1505" xlink:href="#sTok1028"/>
		<!--this-->
		<mark id="sSpan1506" xlink:href="#sTok1028"/>
		<!--reason-->
		<mark id="sSpan1507" xlink:href="#sTok1029"/>
		<!--institutions-->
		<mark id="sSpan1508" xlink:href="#sTok1031"/>
		<!--may-->
		<mark id="sSpan1509" xlink:href="#sTok1032"/>
		<!--be-->
		<mark id="sSpan1510" xlink:href="#sTok1034"/>
		<!--slow-->
		<mark id="sSpan1511" xlink:href="#sTok1035"/>
		<!--investigate-->
		<mark id="sSpan1512" xlink:href="#sTok1037"/>
		<!--accusations-->
		<mark id="sSpan1513" xlink:href="#sTok1038"/>
		<!--fraud-->
		<mark id="sSpan1514" xlink:href="#sTok1040"/>
		<!--they-->
		<mark id="sSpan1515" xlink:href="#sTok1043"/>
		<!--they-->
		<mark id="sSpan1516" xlink:href="#sTok1043"/>
		<!--they-->
		<mark id="sSpan1517" xlink:href="#sTok1043"/>
		<!--they-->
		<mark id="sSpan1518" xlink:href="#sTok1043"/>
		<!--may-->
		<mark id="sSpan1519" xlink:href="#sTok1044"/>
		<!--try-->
		<mark id="sSpan1520" xlink:href="#sTok1045"/>
		<!--keep-->
		<mark id="sSpan1521" xlink:href="#sTok1047"/>
		<!--their-->
		<mark id="sSpan1522" xlink:href="#sTok1048"/>
		<!--their-->
		<mark id="sSpan1523" xlink:href="#sTok1048"/>
		<!--their-->
		<mark id="sSpan1524" xlink:href="#sTok1048"/>
		<!--their-->
		<mark id="sSpan1525" xlink:href="#sTok1048"/>
		<!--discoveries-->
		<mark id="sSpan1526" xlink:href="#sTok1049"/>
		<!--in-house-->
		<mark id="sSpan1527" xlink:href="#sTok1050"/>
		<!--protect-->
		<mark id="sSpan1528" xlink:href="#sTok1052"/>
		<!--their-->
		<mark id="sSpan1529" xlink:href="#sTok1053"/>
		<!--their-->
		<mark id="sSpan1530" xlink:href="#sTok1053"/>
		<!--their-->
		<mark id="sSpan1531" xlink:href="#sTok1053"/>
		<!--their-->
		<mark id="sSpan1532" xlink:href="#sTok1053"/>
		<!--reputations-->
		<mark id="sSpan1533" xlink:href="#sTok1054"/></markList></paula>