<?xml version='1.0' encoding='UTF-8'?><!DOCTYPE paula SYSTEM "paula_feat.dtd">
<paula version="1.1">
	<header paula_id="morph.GUM_academic_epistemic.mark_Case"/>
	<featList xmlns:xlink="http://www.w3.org/1999/xlink" type="Case" xml:base="morph.GUM_academic_epistemic.mark.xml">
		<feat xlink:href="#sSpan538" value="Nom"/>
		<feat xlink:href="#sSpan546" value="Nom"/>
		<feat xlink:href="#sSpan607" value="Acc"/>
		<feat xlink:href="#sSpan638" value="Nom"/>
		<feat xlink:href="#sSpan825" value="Nom"/>
		<feat xlink:href="#sSpan962" value="Nom"/>
		<feat xlink:href="#sSpan1003" value="Nom"/>
		<feat xlink:href="#sSpan1017" value="Nom"/>
		<feat xlink:href="#sSpan1257" value="Acc"/>
		<feat xlink:href="#sSpan1362" value="Nom"/>
		<feat xlink:href="#sSpan1432" value="Acc"/>
		<feat xlink:href="#sSpan1449" value="Nom"/>
		<feat xlink:href="#sSpan1458" value="Acc"/>
		<feat xlink:href="#sSpan1465" value="Nom"/>
		<feat xlink:href="#sSpan1538" value="Nom"/>
		<feat xlink:href="#sSpan1660" value="Nom"/></featList></paula>