<?xml version='1.0' encoding='UTF-8'?><!DOCTYPE paula SYSTEM "paula_feat.dtd">
<paula version="1.1">
	<header paula_id="morph.GUM_academic_epistemic.mark_Case"/>
	<featList xmlns:xlink="http://www.w3.org/1999/xlink" type="Case" xml:base="morph.GUM_academic_epistemic.mark.xml">
		<feat xlink:href="#sSpan516" value="Nom"/>
		<feat xlink:href="#sSpan524" value="Nom"/>
		<feat xlink:href="#sSpan579" value="Acc"/>
		<feat xlink:href="#sSpan607" value="Nom"/>
		<feat xlink:href="#sSpan772" value="Nom"/>
		<feat xlink:href="#sSpan895" value="Nom"/>
		<feat xlink:href="#sSpan937" value="Nom"/>
		<feat xlink:href="#sSpan947" value="Nom"/>
		<feat xlink:href="#sSpan1170" value="Acc"/>
		<feat xlink:href="#sSpan1257" value="Nom"/>
		<feat xlink:href="#sSpan1319" value="Acc"/>
		<feat xlink:href="#sSpan1335" value="Nom"/>
		<feat xlink:href="#sSpan1344" value="Acc"/>
		<feat xlink:href="#sSpan1350" value="Nom"/>
		<feat xlink:href="#sSpan1414" value="Nom"/>
		<feat xlink:href="#sSpan1517" value="Nom"/></featList></paula>