<?xml version='1.0' encoding='UTF-8'?><!DOCTYPE paula SYSTEM "paula_feat.dtd">
<paula version="1.1">
	<header paula_id="morph.GUM_academic_epistemic.mark_Mood"/>
	<featList xmlns:xlink="http://www.w3.org/1999/xlink" type="Mood" xml:base="morph.GUM_academic_epistemic.mark.xml">
		<feat xlink:href="#sSpan490" value="Ind"/>
		<feat xlink:href="#sSpan496" value="Ind"/>
		<feat xlink:href="#sSpan505" value="Ind"/>
		<feat xlink:href="#sSpan549" value="Ind"/>
		<feat xlink:href="#sSpan560" value="Ind"/>
		<feat xlink:href="#sSpan565" value="Ind"/>
		<feat xlink:href="#sSpan600" value="Ind"/>
		<feat xlink:href="#sSpan611" value="Ind"/>
		<feat xlink:href="#sSpan619" value="Ind"/>
		<feat xlink:href="#sSpan628" value="Ind"/>
		<feat xlink:href="#sSpan654" value="Ind"/>
		<feat xlink:href="#sSpan664" value="Ind"/>
		<feat xlink:href="#sSpan670" value="Ind"/>
		<feat xlink:href="#sSpan702" value="Ind"/>
		<feat xlink:href="#sSpan716" value="Ind"/>
		<feat xlink:href="#sSpan722" value="Ind"/>
		<feat xlink:href="#sSpan727" value="Ind"/>
		<feat xlink:href="#sSpan748" value="Ind"/>
		<feat xlink:href="#sSpan768" value="Ind"/>
		<feat xlink:href="#sSpan778" value="Ind"/>
		<feat xlink:href="#sSpan804" value="Ind"/>
		<feat xlink:href="#sSpan815" value="Ind"/>
		<feat xlink:href="#sSpan829" value="Ind"/>
		<feat xlink:href="#sSpan856" value="Ind"/>
		<feat xlink:href="#sSpan898" value="Ind"/>
		<feat xlink:href="#sSpan924" value="Ind"/>
		<feat xlink:href="#sSpan927" value="Ind"/>
		<feat xlink:href="#sSpan939" value="Ind"/>
		<feat xlink:href="#sSpan952" value="Ind"/>
		<feat xlink:href="#sSpan998" value="Ind"/>
		<feat xlink:href="#sSpan1026" value="Ind"/>
		<feat xlink:href="#sSpan1039" value="Ind"/>
		<feat xlink:href="#sSpan1053" value="Ind"/>
		<feat xlink:href="#sSpan1075" value="Ind"/>
		<feat xlink:href="#sSpan1091" value="Ind"/>
		<feat xlink:href="#sSpan1121" value="Ind"/>
		<feat xlink:href="#sSpan1137" value="Ind"/>
		<feat xlink:href="#sSpan1150" value="Ind"/>
		<feat xlink:href="#sSpan1164" value="Ind"/>
		<feat xlink:href="#sSpan1176" value="Ind"/>
		<feat xlink:href="#sSpan1187" value="Ind"/>
		<feat xlink:href="#sSpan1201" value="Ind"/>
		<feat xlink:href="#sSpan1225" value="Ind"/>
		<feat xlink:href="#sSpan1249" value="Ind"/>
		<feat xlink:href="#sSpan1263" value="Ind"/>
		<feat xlink:href="#sSpan1273" value="Ind"/>
		<feat xlink:href="#sSpan1282" value="Ind"/>
		<feat xlink:href="#sSpan1302" value="Ind"/>
		<feat xlink:href="#sSpan1325" value="Ind"/>
		<feat xlink:href="#sSpan1338" value="Ind"/>
		<feat xlink:href="#sSpan1354" value="Ind"/>
		<feat xlink:href="#sSpan1390" value="Imp"/>
		<feat xlink:href="#sSpan1407" value="Ind"/>
		<feat xlink:href="#sSpan1419" value="Ind"/>
		<feat xlink:href="#sSpan1437" value="Ind"/>
		<feat xlink:href="#sSpan1465" value="Ind"/>
		<feat xlink:href="#sSpan1479" value="Ind"/>
		<feat xlink:href="#sSpan1490" value="Ind"/></featList></paula>