<?xml version='1.0' encoding='UTF-8'?><!DOCTYPE paula SYSTEM "paula_mark.dtd">
<paula version="1.1">
	<header paula_id="ref.GUM_academic_epistemic.mark"/>
	<markList xmlns:xlink="http://www.w3.org/1999/xlink" type="ref" xml:base="GUM_academic_epistemic.tok.xml">
		<!--Epistemic pollution-->
		<mark id="sSpan61" xlink:href="#sTok1 #sTok2"/>
		<!--Agents-->
		<mark id="sSpan62" xlink:href="#sTok3"/>
		<!--experts-->
		<mark id="sSpan63" xlink:href="#sTok8"/>
		<!--the criteria-->
		<mark id="sSpan64" xlink:href="#sTok11 #sTok12"/>
		<!--genuine experts-->
		<mark id="sSpan65" xlink:href="#sTok15 #sTok16"/>
		<!--charlatans-->
		<mark id="sSpan66" xlink:href="#sTok18"/>
		<!--common sense-->
		<mark id="sSpan67" xlink:href="#sTok20 #sTok21"/>
		<!--agents-->
		<mark id="sSpan68" xlink:href="#sTok27"/>
		<!--the epistemic conditions on responsibility-->
		<mark id="sSpan69" xlink:href="#sTok31 #sTok32 #sTok33 #sTok34 #sTok35"/>
		<!--responsibility-->
		<mark id="sSpan70" xlink:href="#sTok35"/>
		<!--they-->
		<mark id="sSpan71" xlink:href="#sTok37"/>
		<!--what kinds of knowledge-->
		<mark id="sSpan72" xlink:href="#sTok40 #sTok41 #sTok42 #sTok43"/>
		<!--they-->
		<mark id="sSpan73" xlink:href="#sTok44"/>
		<!--their selection of sources-->
		<mark id="sSpan74" xlink:href="#sTok49 #sTok50 #sTok51 #sTok52"/>
		<!--their-->
		<mark id="sSpan75" xlink:href="#sTok49"/>
		<!--sources-->
		<mark id="sSpan76" xlink:href="#sTok52"/>
		<!--infinite regress-->
		<mark id="sSpan77" xlink:href="#sTok57 #sTok58"/>
		<!--many , if not all , the markers of expertise-->
		<mark id="sSpan78" xlink:href="#sTok64 #sTok65 #sTok66 #sTok67 #sTok68 #sTok69 #sTok70 #sTok71 #sTok72 #sTok73"/>
		<!--expertise-->
		<mark id="sSpan79" xlink:href="#sTok73"/>
		<!--philosophers-->
		<mark id="sSpan80" xlink:href="#sTok76"/>
		<!--widespread recognition-->
		<mark id="sSpan81" xlink:href="#sTok78 #sTok79"/>
		<!--The fact that these criteria are widely known-->
		<mark id="sSpan82" xlink:href="#sTok81 #sTok82 #sTok83 #sTok84 #sTok85 #sTok86 #sTok87 #sTok88"/>
		<!--these criteria-->
		<mark id="sSpan83" xlink:href="#sTok84 #sTok85"/>
		<!--an opportunity-->
		<mark id="sSpan84" xlink:href="#sTok93 #sTok94"/>
		<!--those-->
		<mark id="sSpan85" xlink:href="#sTok96"/>
		<!--them-->
		<mark id="sSpan86" xlink:href="#sTok100"/>
		<!--deception , witting or unwitting-->
		<mark id="sSpan87" xlink:href="#sTok102 #sTok103 #sTok104 #sTok105 #sTok106"/>
		<!--expertise-->
		<mark id="sSpan88" xlink:href="#sTok109"/>
		<!--indirect markers-->
		<mark id="sSpan89" xlink:href="#sTok114 #sTok115"/>
		<!--the markers of expertise-->
		<mark id="sSpan90" xlink:href="#sTok119 #sTok120 #sTok121 #sTok122"/>
		<!--expertise-->
		<mark id="sSpan91" xlink:href="#sTok122"/>
		<!--expertise-->
		<mark id="sSpan92" xlink:href="#sTok126"/>
		<!--We live in an epistemic environment that is heavily and deliberately polluted by agents who use mimicry and other methods as a means of inflating their pretense to expertise .-->
		<mark id="sSpan93" xlink:href="#sTok131 #sTok132 #sTok133 #sTok134 #sTok135 #sTok136 #sTok137 #sTok138 #sTok139 #sTok140 #sTok141 #sTok142 #sTok143 #sTok144 #sTok145 #sTok146 #sTok147 #sTok148 #sTok149 #sTok150 #sTok151 #sTok152 #sTok153 #sTok154 #sTok155 #sTok156 #sTok157 #sTok158 #sTok159 #sTok160"/>
		<!--We-->
		<mark id="sSpan94" xlink:href="#sTok131"/>
		<!--an epistemic environment-->
		<mark id="sSpan95" xlink:href="#sTok134 #sTok135 #sTok136"/>
		<!--agents-->
		<mark id="sSpan96" xlink:href="#sTok144"/>
		<!--mimicry-->
		<mark id="sSpan97" xlink:href="#sTok147"/>
		<!--other methods-->
		<mark id="sSpan98" xlink:href="#sTok149 #sTok150"/>
		<!--their pretense to expertise-->
		<mark id="sSpan99" xlink:href="#sTok156 #sTok157 #sTok158 #sTok159"/>
		<!--their-->
		<mark id="sSpan100" xlink:href="#sTok156"/>
		<!--expertise-->
		<mark id="sSpan101" xlink:href="#sTok159"/>
		<!--This fact-->
		<mark id="sSpan102" xlink:href="#sTok161 #sTok162"/>
		<!--the fact that such deception is widely known to occur-->
		<mark id="sSpan103" xlink:href="#sTok166 #sTok167 #sTok168 #sTok169 #sTok170 #sTok171 #sTok172 #sTok173 #sTok174 #sTok175"/>
		<!--such deception-->
		<mark id="sSpan104" xlink:href="#sTok169 #sTok170"/>
		<!--ordinary people ’s trust in expert authority-->
		<mark id="sSpan105" xlink:href="#sTok178 #sTok179 #sTok180 #sTok181 #sTok182 #sTok183 #sTok184"/>
		<!--ordinary people ’s-->
		<mark id="sSpan106" xlink:href="#sTok178 #sTok179 #sTok180"/>
		<!--expert authority-->
		<mark id="sSpan107" xlink:href="#sTok183 #sTok184"/>
		<!--their capacity to distinguish reliable from unreliable sources-->
		<mark id="sSpan108" xlink:href="#sTok187 #sTok188 #sTok189 #sTok190 #sTok191 #sTok192 #sTok193 #sTok194"/>
		<!--their-->
		<mark id="sSpan109" xlink:href="#sTok187"/>
		<!--reliable-->
		<mark id="sSpan110" xlink:href="#sTok191"/>
		<!--unreliable sources-->
		<mark id="sSpan111" xlink:href="#sTok193 #sTok194"/>
		<!--those with an interest in deceiving the general public may set up parallel institutions that ostensibly guarantee expertise-->
		<mark id="sSpan112" xlink:href="#sTok199 #sTok200 #sTok201 #sTok202 #sTok203 #sTok204 #sTok205 #sTok206 #sTok207 #sTok208 #sTok209 #sTok210 #sTok211 #sTok212 #sTok213 #sTok214 #sTok215 #sTok216"/>
		<!--those with an interest in deceiving the general public-->
		<mark id="sSpan113" xlink:href="#sTok199 #sTok200 #sTok201 #sTok202 #sTok203 #sTok204 #sTok205 #sTok206 #sTok207"/>
		<!--an interest in deceiving the general public-->
		<mark id="sSpan114" xlink:href="#sTok201 #sTok202 #sTok203 #sTok204 #sTok205 #sTok206 #sTok207"/>
		<!--the general public-->
		<mark id="sSpan115" xlink:href="#sTok205 #sTok206 #sTok207"/>
		<!--parallel institutions-->
		<mark id="sSpan116" xlink:href="#sTok211 #sTok212"/>
		<!--expertise-->
		<mark id="sSpan117" xlink:href="#sTok216"/>
		<!--the ways in which these parallel institutions mimic legitimate institutions-->
		<mark id="sSpan118" xlink:href="#sTok221 #sTok222 #sTok223 #sTok224 #sTok225 #sTok226 #sTok227 #sTok228 #sTok229 #sTok230"/>
		<!--these parallel institutions-->
		<mark id="sSpan119" xlink:href="#sTok225 #sTok226 #sTok227"/>
		<!--legitimate institutions-->
		<mark id="sSpan120" xlink:href="#sTok229 #sTok230"/>
		<!--people-->
		<mark id="sSpan121" xlink:href="#sTok234"/>
		<!--some egregious examples of this practice in the field of health care-->
		<mark id="sSpan122" xlink:href="#sTok241 #sTok242 #sTok243 #sTok244 #sTok245 #sTok246 #sTok247 #sTok248 #sTok249 #sTok250 #sTok251 #sTok252"/>
		<!--this practice-->
		<mark id="sSpan123" xlink:href="#sTok245 #sTok246"/>
		<!--the field of health care-->
		<mark id="sSpan124" xlink:href="#sTok248 #sTok249 #sTok250 #sTok251 #sTok252"/>
		<!--health care-->
		<mark id="sSpan125" xlink:href="#sTok251 #sTok252"/>
		<!--a small number of doctors-->
		<mark id="sSpan126" xlink:href="#sTok257 #sTok258 #sTok259 #sTok260 #sTok261"/>
		<!--doctors-->
		<mark id="sSpan127" xlink:href="#sTok261"/>
		<!--the American College of Pediatricians-->
		<mark id="sSpan128" xlink:href="#sTok264 #sTok265 #sTok266 #sTok267 #sTok268"/>
		<!--Pediatricians-->
		<mark id="sSpan129" xlink:href="#sTok268"/>
		<!--ACPeds-->
		<mark id="sSpan130" xlink:href="#sTok270"/>
		<!--socially conservative viewpoints-->
		<mark id="sSpan131" xlink:href="#sTok274 #sTok275 #sTok276"/>
		<!--child health care-->
		<mark id="sSpan132" xlink:href="#sTok279 #sTok280 #sTok281"/>
		<!--child-->
		<mark id="sSpan133" xlink:href="#sTok279"/>
		<!--Such an organization-->
		<mark id="sSpan134" xlink:href="#sTok283 #sTok284 #sTok285"/>
		<!--it-->
		<mark id="sSpan135" xlink:href="#sTok291"/>
		<!--the unfortunate ( and likely intended ) effect of muddying debates in the public forum by misleading people into thinking that the college speaks for the pediatric profession at large-->
		<mark id="sSpan136" xlink:href="#sTok294 #sTok295 #sTok296 #sTok297 #sTok298 #sTok299 #sTok300 #sTok301 #sTok302 #sTok303 #sTok304 #sTok305 #sTok306 #sTok307 #sTok308 #sTok309 #sTok310 #sTok311 #sTok312 #sTok313 #sTok314 #sTok315 #sTok316 #sTok317 #sTok318 #sTok319 #sTok320 #sTok321 #sTok322 #sTok323"/>
		<!--debates in the public forum-->
		<mark id="sSpan137" xlink:href="#sTok304 #sTok305 #sTok306 #sTok307 #sTok308"/>
		<!--the public forum-->
		<mark id="sSpan138" xlink:href="#sTok306 #sTok307 #sTok308"/>
		<!--people-->
		<mark id="sSpan139" xlink:href="#sTok311"/>
		<!--the college-->
		<mark id="sSpan140" xlink:href="#sTok315 #sTok316"/>
		<!--the pediatric profession at large-->
		<mark id="sSpan141" xlink:href="#sTok319 #sTok320 #sTok321 #sTok322 #sTok323"/>
		<!--ACPeds-->
		<mark id="sSpan142" xlink:href="#sTok328"/>
		<!--a statement-->
		<mark id="sSpan143" xlink:href="#sTok330 #sTok331"/>
		<!--gender reassignment surgery-->
		<mark id="sSpan144" xlink:href="#sTok333 #sTok334 #sTok335"/>
		<!--gender-->
		<mark id="sSpan145" xlink:href="#sTok333"/>
		<!--2016-->
		<mark id="sSpan146" xlink:href="#sTok337"/>
		<!--many people-->
		<mark id="sSpan147" xlink:href="#sTok342 #sTok343"/>
		<!--the organization ’s political beliefs-->
		<mark id="sSpan148" xlink:href="#sTok345 #sTok346 #sTok347 #sTok348 #sTok349"/>
		<!--the organization ’s-->
		<mark id="sSpan149" xlink:href="#sTok345 #sTok346 #sTok347"/>
		<!--the consensus view among United States pediatricians-->
		<mark id="sSpan150" xlink:href="#sTok351 #sTok352 #sTok353 #sTok354 #sTok355 #sTok356 #sTok357"/>
		<!--United States pediatricians-->
		<mark id="sSpan151" xlink:href="#sTok355 #sTok356 #sTok357"/>
		<!--United States-->
		<mark id="sSpan152" xlink:href="#sTok355 #sTok356"/>
		<!--the peak body for pediatric workers-->
		<mark id="sSpan153" xlink:href="#sTok360 #sTok361 #sTok362 #sTok363 #sTok364 #sTok365"/>
		<!--pediatric workers-->
		<mark id="sSpan154" xlink:href="#sTok364 #sTok365"/>
		<!--the American Academy of Pediatrics-->
		<mark id="sSpan155" xlink:href="#sTok367 #sTok368 #sTok369 #sTok370 #sTok371"/>
		<!--Pediatrics-->
		<mark id="sSpan156" xlink:href="#sTok371"/>
		<!--a much more positive view of gender dysphoria-->
		<mark id="sSpan157" xlink:href="#sTok374 #sTok375 #sTok376 #sTok377 #sTok378 #sTok379 #sTok380 #sTok381"/>
		<!--gender dysphoria-->
		<mark id="sSpan158" xlink:href="#sTok380 #sTok381"/>
		<!--gender-->
		<mark id="sSpan159" xlink:href="#sTok380"/>
		<!--the larger organization , with a broader membership base-->
		<mark id="sSpan160" xlink:href="#sTok388 #sTok389 #sTok390 #sTok391 #sTok392 #sTok393 #sTok394 #sTok395 #sTok396"/>
		<!--a broader membership base-->
		<mark id="sSpan161" xlink:href="#sTok393 #sTok394 #sTok395 #sTok396"/>
		<!--membership-->
		<mark id="sSpan162" xlink:href="#sTok395"/>
		<!--a wider range of expert opinions-->
		<mark id="sSpan163" xlink:href="#sTok403 #sTok404 #sTok405 #sTok406 #sTok407 #sTok408"/>
		<!--expert opinions-->
		<mark id="sSpan164" xlink:href="#sTok407 #sTok408"/>
		<!--expert-->
		<mark id="sSpan165" xlink:href="#sTok407"/>
		<!--a higher degree of expertise-->
		<mark id="sSpan166" xlink:href="#sTok410 #sTok411 #sTok412 #sTok413 #sTok414"/>
		<!--expertise-->
		<mark id="sSpan167" xlink:href="#sTok414"/>
		<!--it-->
		<mark id="sSpan168" xlink:href="#sTok416"/>
		<!--give its views greater weight than those of the smaller organization-->
		<mark id="sSpan169" xlink:href="#sTok420 #sTok421 #sTok422 #sTok423 #sTok424 #sTok425 #sTok426 #sTok427 #sTok428 #sTok429 #sTok430"/>
		<!--its views-->
		<mark id="sSpan170" xlink:href="#sTok421 #sTok422"/>
		<!--its-->
		<mark id="sSpan171" xlink:href="#sTok421"/>
		<!--greater weight-->
		<mark id="sSpan172" xlink:href="#sTok423 #sTok424"/>
		<!--those of the smaller organization-->
		<mark id="sSpan173" xlink:href="#sTok426 #sTok427 #sTok428 #sTok429 #sTok430"/>
		<!--the smaller organization-->
		<mark id="sSpan174" xlink:href="#sTok428 #sTok429 #sTok430"/>
		<!--ACPeds-->
		<mark id="sSpan175" xlink:href="#sTok433"/>
		<!--the impression that it speaks for the profession-->
		<mark id="sSpan176" xlink:href="#sTok437 #sTok438 #sTok439 #sTok440 #sTok441 #sTok442 #sTok443 #sTok444"/>
		<!--it-->
		<mark id="sSpan177" xlink:href="#sTok440"/>
		<!--the profession-->
		<mark id="sSpan178" xlink:href="#sTok443 #sTok444"/>
		<!--it-->
		<mark id="sSpan179" xlink:href="#sTok446"/>
		<!--an epistemic pollutant-->
		<mark id="sSpan180" xlink:href="#sTok448 #sTok449 #sTok450"/>
		<!--A yet more egregious example of such pollution-->
		<mark id="sSpan181" xlink:href="#sTok452 #sTok453 #sTok454 #sTok455 #sTok456 #sTok457 #sTok458 #sTok459"/>
		<!--such pollution-->
		<mark id="sSpan182" xlink:href="#sTok458 #sTok459"/>
		<!--collaborative efforts by pharmaceutical companies and the publishing giant Elsevier-->
		<mark id="sSpan183" xlink:href="#sTok461 #sTok462 #sTok463 #sTok464 #sTok465 #sTok466 #sTok467 #sTok468 #sTok469 #sTok470"/>
		<!--pharmaceutical companies-->
		<mark id="sSpan184" xlink:href="#sTok464 #sTok465"/>
		<!--the publishing giant-->
		<mark id="sSpan185" xlink:href="#sTok467 #sTok468 #sTok469"/>
		<!--Elsevier-->
		<mark id="sSpan186" xlink:href="#sTok470"/>
		<!--publications-->
		<mark id="sSpan187" xlink:href="#sTok473"/>
		<!--peer-reviewed journals-->
		<mark id="sSpan188" xlink:href="#sTok475 #sTok476"/>
		<!--the companies ’ commercial products-->
		<mark id="sSpan189" xlink:href="#sTok482 #sTok483 #sTok484 #sTok485 #sTok486"/>
		<!--companies ’-->
		<mark id="sSpan190" xlink:href="#sTok483 #sTok484"/>
		<!--The companies-->
		<mark id="sSpan191" xlink:href="#sTok491 #sTok492"/>
		<!--the prestige of Elsevier-->
		<mark id="sSpan192" xlink:href="#sTok496 #sTok497 #sTok498 #sTok499"/>
		<!--Elsevier-->
		<mark id="sSpan193" xlink:href="#sTok499"/>
		<!--these fake journals-->
		<mark id="sSpan194" xlink:href="#sTok501 #sTok502 #sTok503"/>
		<!--their promotional “ research ”-->
		<mark id="sSpan195" xlink:href="#sTok506 #sTok507 #sTok508 #sTok509 #sTok510"/>
		<!--their-->
		<mark id="sSpan196" xlink:href="#sTok506"/>
		<!--an air of reliability-->
		<mark id="sSpan197" xlink:href="#sTok512 #sTok513 #sTok514 #sTok515"/>
		<!--reliability-->
		<mark id="sSpan198" xlink:href="#sTok515"/>
		<!--the deceit-->
		<mark id="sSpan199" xlink:href="#sTok518 #sTok519"/>
		<!--the effect-->
		<mark id="sSpan200" xlink:href="#sTok525 #sTok526"/>
		<!--the opposite-->
		<mark id="sSpan201" xlink:href="#sTok529 #sTok530"/>
		<!--the legitimacy of the published findings-->
		<mark id="sSpan202" xlink:href="#sTok532 #sTok533 #sTok534 #sTok535 #sTok536 #sTok537"/>
		<!--the published findings-->
		<mark id="sSpan203" xlink:href="#sTok535 #sTok536 #sTok537"/>
		<!--their publication by Elsevier-->
		<mark id="sSpan204" xlink:href="#sTok542 #sTok543 #sTok544 #sTok545"/>
		<!--their-->
		<mark id="sSpan205" xlink:href="#sTok542"/>
		<!--Elsevier-->
		<mark id="sSpan206" xlink:href="#sTok545"/>
		<!--the legitimacy of Elsevier ’s publications — and , by extension , all academic journals-->
		<mark id="sSpan207" xlink:href="#sTok549 #sTok550 #sTok551 #sTok552 #sTok553 #sTok554 #sTok555 #sTok556 #sTok557 #sTok558 #sTok559 #sTok560 #sTok561 #sTok562 #sTok563"/>
		<!--Elsevier ’s publications-->
		<mark id="sSpan208" xlink:href="#sTok552 #sTok553 #sTok554"/>
		<!--Elsevier ’s-->
		<mark id="sSpan209" xlink:href="#sTok552 #sTok553"/>
		<!--all academic journals-->
		<mark id="sSpan210" xlink:href="#sTok561 #sTok562 #sTok563"/>
		<!--their dissemination of deceptive and commercially interested research-->
		<mark id="sSpan211" xlink:href="#sTok568 #sTok569 #sTok570 #sTok571 #sTok572 #sTok573 #sTok574 #sTok575"/>
		<!--their-->
		<mark id="sSpan212" xlink:href="#sTok568"/>
		<!--deceptive and commercially interested research-->
		<mark id="sSpan213" xlink:href="#sTok571 #sTok572 #sTok573 #sTok574 #sTok575"/>
		<!--institutions of academic expertise-->
		<mark id="sSpan214" xlink:href="#sTok580 #sTok581 #sTok582 #sTok583"/>
		<!--academic expertise-->
		<mark id="sSpan215" xlink:href="#sTok582 #sTok583"/>
		<!--a large and growing outbreak of so-called predatory journals-->
		<mark id="sSpan216" xlink:href="#sTok588 #sTok589 #sTok590 #sTok591 #sTok592 #sTok593 #sTok594 #sTok595 #sTok596"/>
		<!--so-called predatory journals-->
		<mark id="sSpan217" xlink:href="#sTok594 #sTok595 #sTok596"/>
		<!--journals-->
		<mark id="sSpan218" xlink:href="#sTok598"/>
		<!--almost anything-->
		<mark id="sSpan219" xlink:href="#sTok602 #sTok603"/>
		<!--a fee-->
		<mark id="sSpan220" xlink:href="#sTok605 #sTok606"/>
		<!--this phenomenon-->
		<mark id="sSpan221" xlink:href="#sTok611 #sTok612"/>
		<!--the effect of making peer-reviewed journals appear less legitimate-->
		<mark id="sSpan222" xlink:href="#sTok614 #sTok615 #sTok616 #sTok617 #sTok618 #sTok619 #sTok620 #sTok621 #sTok622"/>
		<!--peer-reviewed journals-->
		<mark id="sSpan223" xlink:href="#sTok618 #sTok619"/>
		<!--times-->
		<mark id="sSpan224" xlink:href="#sTok625"/>
		<!--those-->
		<mark id="sSpan225" xlink:href="#sTok628"/>
		<!--academia-->
		<mark id="sSpan226" xlink:href="#sTok632"/>
		<!--a particular journal ’s legitimacy-->
		<mark id="sSpan227" xlink:href="#sTok637 #sTok638 #sTok639 #sTok640 #sTok641"/>
		<!--a particular journal ’s-->
		<mark id="sSpan228" xlink:href="#sTok637 #sTok638 #sTok639 #sTok640"/>
		<!--genuine borderline cases-->
		<mark id="sSpan229" xlink:href="#sTok646 #sTok647 #sTok648"/>
		<!--the Frontiers contingent of journals-->
		<mark id="sSpan230" xlink:href="#sTok653 #sTok654 #sTok655 #sTok656 #sTok657"/>
		<!--Frontiers-->
		<mark id="sSpan231" xlink:href="#sTok654"/>
		<!--journals-->
		<mark id="sSpan232" xlink:href="#sTok657"/>
		<!--me-->
		<mark id="sSpan233" xlink:href="#sTok664"/>
		<!--the fact that authors are expected to pay a publication fee-->
		<mark id="sSpan234" xlink:href="#sTok667 #sTok668 #sTok669 #sTok670 #sTok671 #sTok672 #sTok673 #sTok674 #sTok675 #sTok676 #sTok677"/>
		<!--authors-->
		<mark id="sSpan235" xlink:href="#sTok670"/>
		<!--a publication fee-->
		<mark id="sSpan236" xlink:href="#sTok675 #sTok676 #sTok677"/>
		<!--publication-->
		<mark id="sSpan237" xlink:href="#sTok676"/>
		<!--some Frontiers journals-->
		<mark id="sSpan238" xlink:href="#sTok681 #sTok682 #sTok683"/>
		<!--Frontiers-->
		<mark id="sSpan239" xlink:href="#sTok682"/>
		<!--bad behavior-->
		<mark id="sSpan240" xlink:href="#sTok689 #sTok690"/>
		<!--profit-->
		<mark id="sSpan241" xlink:href="#sTok694"/>
		<!--some other motive-->
		<mark id="sSpan242" xlink:href="#sTok697 #sTok698 #sTok699"/>
		<!--Frontiers in Public Health-->
		<mark id="sSpan243" xlink:href="#sTok701 #sTok702 #sTok703 #sTok704"/>
		<!--Public Health-->
		<mark id="sSpan244" xlink:href="#sTok703 #sTok704"/>
		<!--articles-->
		<mark id="sSpan245" xlink:href="#sTok707"/>
		<!--vaccines-->
		<mark id="sSpan246" xlink:href="#sTok709"/>
		<!--autism-->
		<mark id="sSpan247" xlink:href="#sTok711"/>
		<!--the link between HIV and AIDS-->
		<mark id="sSpan248" xlink:href="#sTok717 #sTok718 #sTok719 #sTok720 #sTok721 #sTok722"/>
		<!--HIV-->
		<mark id="sSpan249" xlink:href="#sTok720"/>
		<!--AIDS-->
		<mark id="sSpan250" xlink:href="#sTok722"/>
		<!--this behavior-->
		<mark id="sSpan251" xlink:href="#sTok730 #sTok731"/>
		<!--Jeffrey Beall-->
		<mark id="sSpan252" xlink:href="#sTok735 #sTok736"/>
		<!--the publisher-->
		<mark id="sSpan253" xlink:href="#sTok740 #sTok741"/>
		<!--his influential ( but now sadly unavailable ) list of questionable journals-->
		<mark id="sSpan254" xlink:href="#sTok743 #sTok744 #sTok745 #sTok746 #sTok747 #sTok748 #sTok749 #sTok750 #sTok751 #sTok752 #sTok753 #sTok754"/>
		<!--his-->
		<mark id="sSpan255" xlink:href="#sTok743"/>
		<!--questionable journals-->
		<mark id="sSpan256" xlink:href="#sTok753 #sTok754"/>
		<!--The controversy-->
		<mark id="sSpan257" xlink:href="#sTok759 #sTok760"/>
		<!--Beall ’s decision-->
		<mark id="sSpan258" xlink:href="#sTok762 #sTok763 #sTok764"/>
		<!--Beall ’s-->
		<mark id="sSpan259" xlink:href="#sTok762 #sTok763"/>
		<!--it-->
		<mark id="sSpan260" xlink:href="#sTok768"/>
		<!--to make such judgments-->
		<mark id="sSpan261" xlink:href="#sTok770 #sTok771 #sTok772 #sTok773"/>
		<!--such judgments-->
		<mark id="sSpan262" xlink:href="#sTok772 #sTok773"/>
		<!--professionals-->
		<mark id="sSpan263" xlink:href="#sTok777"/>
		<!--academics with expertise in relevant fields-->
		<mark id="sSpan264" xlink:href="#sTok780 #sTok781 #sTok782 #sTok783 #sTok784 #sTok785"/>
		<!--expertise in relevant fields-->
		<mark id="sSpan265" xlink:href="#sTok782 #sTok783 #sTok784 #sTok785"/>
		<!--relevant fields-->
		<mark id="sSpan266" xlink:href="#sTok784 #sTok785"/>
		<!--difficulty-->
		<mark id="sSpan267" xlink:href="#sTok787"/>
		<!--particular journals-->
		<mark id="sSpan268" xlink:href="#sTok790 #sTok791"/>
		<!--particular publishers-->
		<mark id="sSpan269" xlink:href="#sTok793 #sTok794"/>
		<!--one-->
		<mark id="sSpan270" xlink:href="#sTok798"/>
		<!--ordinary people-->
		<mark id="sSpan271" xlink:href="#sTok803 #sTok804"/>
		<!--such judgments-->
		<mark id="sSpan272" xlink:href="#sTok807 #sTok808"/>
		<!--their confidence in scientific findings-->
		<mark id="sSpan273" xlink:href="#sTok811 #sTok812 #sTok813 #sTok814 #sTok815"/>
		<!--their-->
		<mark id="sSpan274" xlink:href="#sTok811"/>
		<!--scientific findings-->
		<mark id="sSpan275" xlink:href="#sTok814 #sTok815"/>
		<!--such epistemic pollution-->
		<mark id="sSpan276" xlink:href="#sTok825 #sTok826 #sTok827"/>
		<!--one-->
		<mark id="sSpan277" xlink:href="#sTok829"/>
		<!--them-->
		<mark id="sSpan278" xlink:href="#sTok833"/>
		<!--conflicts of interest-->
		<mark id="sSpan279" xlink:href="#sTok836 #sTok837 #sTok838"/>
		<!--a reason to discount expertise-->
		<mark id="sSpan280" xlink:href="#sTok840 #sTok841 #sTok842 #sTok843 #sTok844"/>
		<!--expertise-->
		<mark id="sSpan281" xlink:href="#sTok844"/>
		<!--it-->
		<mark id="sSpan282" xlink:href="#sTok846"/>
		<!--me-->
		<mark id="sSpan283" xlink:href="#sTok850"/>
		<!--note that I have published in Frontiers journals on several occasions-->
		<mark id="sSpan284" xlink:href="#sTok852 #sTok853 #sTok854 #sTok855 #sTok856 #sTok857 #sTok858 #sTok859 #sTok860 #sTok861 #sTok862"/>
		<!--I-->
		<mark id="sSpan285" xlink:href="#sTok854"/>
		<!--Frontiers journals-->
		<mark id="sSpan286" xlink:href="#sTok858 #sTok859"/>
		<!--Frontiers-->
		<mark id="sSpan287" xlink:href="#sTok858"/>
		<!--several occasions-->
		<mark id="sSpan288" xlink:href="#sTok861 #sTok862"/>
		<!--Epistemic pollution-->
		<mark id="sSpan289" xlink:href="#sTok864 #sTok865"/>
		<!--counterfeit institutions of knowledge production-->
		<mark id="sSpan290" xlink:href="#sTok871 #sTok872 #sTok873 #sTok874 #sTok875"/>
		<!--knowledge production-->
		<mark id="sSpan291" xlink:href="#sTok874 #sTok875"/>
		<!--knowledge-->
		<mark id="sSpan292" xlink:href="#sTok874"/>
		<!--bad behavior by legitimate institutions-->
		<mark id="sSpan293" xlink:href="#sTok879 #sTok880 #sTok881 #sTok882 #sTok883"/>
		<!--legitimate institutions-->
		<mark id="sSpan294" xlink:href="#sTok882 #sTok883"/>
		<!--pollution-->
		<mark id="sSpan295" xlink:href="#sTok889"/>
		<!--attempts to game the systems-->
		<mark id="sSpan296" xlink:href="#sTok893 #sTok894 #sTok895 #sTok896 #sTok897"/>
		<!--the systems-->
		<mark id="sSpan297" xlink:href="#sTok896 #sTok897"/>
		<!--expertise-->
		<mark id="sSpan298" xlink:href="#sTok903"/>
		<!--institutions with a credentialing function , such as universities , bar associations , or peer review bodies-->
		<mark id="sSpan299" xlink:href="#sTok906 #sTok907 #sTok908 #sTok909 #sTok910 #sTok911 #sTok912 #sTok913 #sTok914 #sTok915 #sTok916 #sTok917 #sTok918 #sTok919 #sTok920 #sTok921 #sTok922"/>
		<!--a credentialing function , such as universities , bar associations , or peer review bodies-->
		<mark id="sSpan300" xlink:href="#sTok908 #sTok909 #sTok910 #sTok911 #sTok912 #sTok913 #sTok914 #sTok915 #sTok916 #sTok917 #sTok918 #sTok919 #sTok920 #sTok921 #sTok922"/>
		<!--universities-->
		<mark id="sSpan301" xlink:href="#sTok914"/>
		<!--bar associations-->
		<mark id="sSpan302" xlink:href="#sTok916 #sTok917"/>
		<!--peer review bodies-->
		<mark id="sSpan303" xlink:href="#sTok920 #sTok921 #sTok922"/>
		<!--peer review-->
		<mark id="sSpan304" xlink:href="#sTok920 #sTok921"/>
		<!--These institutions-->
		<mark id="sSpan305" xlink:href="#sTok924 #sTok925"/>
		<!--experts-->
		<mark id="sSpan306" xlink:href="#sTok932"/>
		<!--They-->
		<mark id="sSpan307" xlink:href="#sTok934"/>
		<!--other functions-->
		<mark id="sSpan308" xlink:href="#sTok936 #sTok937"/>
		<!--these functions-->
		<mark id="sSpan309" xlink:href="#sTok940 #sTok941"/>
		<!--conflict-->
		<mark id="sSpan310" xlink:href="#sTok945"/>
		<!--pressures to inflate credentials-->
		<mark id="sSpan311" xlink:href="#sTok948 #sTok949 #sTok950 #sTok951"/>
		<!--credentials-->
		<mark id="sSpan312" xlink:href="#sTok951"/>
		<!--universities-->
		<mark id="sSpan313" xlink:href="#sTok956"/>
		<!--a financial incentive to inflate the expertise of their academic staff-->
		<mark id="sSpan314" xlink:href="#sTok958 #sTok959 #sTok960 #sTok961 #sTok962 #sTok963 #sTok964 #sTok965 #sTok966 #sTok967 #sTok968"/>
		<!--the expertise of their academic staff-->
		<mark id="sSpan315" xlink:href="#sTok963 #sTok964 #sTok965 #sTok966 #sTok967 #sTok968"/>
		<!--their academic staff-->
		<mark id="sSpan316" xlink:href="#sTok966 #sTok967 #sTok968"/>
		<!--their-->
		<mark id="sSpan317" xlink:href="#sTok966"/>
		<!--their rankings-->
		<mark id="sSpan318" xlink:href="#sTok972 #sTok973"/>
		<!--their-->
		<mark id="sSpan319" xlink:href="#sTok972"/>
		<!--grant money-->
		<mark id="sSpan320" xlink:href="#sTok977 #sTok978"/>
		<!--students-->
		<mark id="sSpan321" xlink:href="#sTok982"/>
		<!--Systems-->
		<mark id="sSpan322" xlink:href="#sTok984"/>
		<!--expertise-->
		<mark id="sSpan323" xlink:href="#sTok987"/>
		<!--many cases of such manipulation-->
		<mark id="sSpan324" xlink:href="#sTok993 #sTok994 #sTok995 #sTok996 #sTok997"/>
		<!--the recent example by the University of Malaysia-->
		<mark id="sSpan325" xlink:href="#sTok1001 #sTok1002 #sTok1003 #sTok1004 #sTok1005 #sTok1006 #sTok1007 #sTok1008"/>
		<!--the University of Malaysia-->
		<mark id="sSpan326" xlink:href="#sTok1005 #sTok1006 #sTok1007 #sTok1008"/>
		<!--Malaysia-->
		<mark id="sSpan327" xlink:href="#sTok1008"/>
		<!--metrics-->
		<mark id="sSpan328" xlink:href="#sTok1014"/>
		<!--its faculty-->
		<mark id="sSpan329" xlink:href="#sTok1017 #sTok1018"/>
		<!--its-->
		<mark id="sSpan330" xlink:href="#sTok1017"/>
		<!--one another-->
		<mark id="sSpan331" xlink:href="#sTok1021 #sTok1022"/>
		<!--this reason-->
		<mark id="sSpan332" xlink:href="#sTok1028 #sTok1029"/>
		<!--institutions-->
		<mark id="sSpan333" xlink:href="#sTok1031"/>
		<!--accusations of fraud-->
		<mark id="sSpan334" xlink:href="#sTok1038 #sTok1039 #sTok1040"/>
		<!--fraud-->
		<mark id="sSpan335" xlink:href="#sTok1040"/>
		<!--they-->
		<mark id="sSpan336" xlink:href="#sTok1043"/>
		<!--their discoveries-->
		<mark id="sSpan337" xlink:href="#sTok1048 #sTok1049"/>
		<!--their-->
		<mark id="sSpan338" xlink:href="#sTok1048"/>
		<!--their reputations-->
		<mark id="sSpan339" xlink:href="#sTok1053 #sTok1054"/>
		<!--their-->
		<mark id="sSpan340" xlink:href="#sTok1053"/></markList></paula>