<?xml version='1.0' encoding='UTF-8'?><!DOCTYPE paula SYSTEM "paula_feat.dtd">
<paula version="1.1">
	<header paula_id="const.GUM_academic_eegimaa.struct_func"/>
	<featList xmlns:xlink="http://www.w3.org/1999/xlink" type="func" xml:base="const.GUM_academic_eegimaa.struct.xml">
		<feat xlink:href="#sDomRel1162" value="SBJ"/>
		<feat xlink:href="#sDomRel1185" value="SBJ"/>
		<feat xlink:href="#sDomRel1203" value="SBJ"/>
		<feat xlink:href="#sDomRel1235" value="DTV"/>
		<feat xlink:href="#sDomRel1238" value="ADV"/>
		<feat xlink:href="#sDomRel1240" value="SBJ"/>
		<feat xlink:href="#sDomRel1245" value="PRD"/>
		<feat xlink:href="#sDomRel1247" value="ADV"/>
		<feat xlink:href="#sDomRel1248" value="SBJ"/>
		<feat xlink:href="#sDomRel1275" value="TMP"/>
		<feat xlink:href="#sDomRel1295" value="TMP"/>
		<feat xlink:href="#sDomRel1315" value="LOC"/>
		<feat xlink:href="#sDomRel1320" value="PRD"/>
		<feat xlink:href="#sDomRel1321" value="SBJ"/>
		<feat xlink:href="#sDomRel1332" value="TMP"/>
		<feat xlink:href="#sDomRel1363" value="SBJ"/>
		<feat xlink:href="#sDomRel1394" value="LOC"/>
		<feat xlink:href="#sDomRel1403" value="SBJ"/>
		<feat xlink:href="#sDomRel1432" value="SBJ"/>
		<feat xlink:href="#sDomRel1463" value="PRD"/>
		<feat xlink:href="#sDomRel1464" value="SBJ"/>
		<feat xlink:href="#sDomRel1474" value="DIR"/>
		<feat xlink:href="#sDomRel1475" value="SBJ"/>
		<feat xlink:href="#sDomRel1513" value="LOC"/>
		<feat xlink:href="#sDomRel1528" value="DIR"/>
		<feat xlink:href="#sDomRel1538" value="LOC"/>
		<feat xlink:href="#sDomRel1542" value="SBJ"/>
		<feat xlink:href="#sDomRel1571" value="DIR"/>
		<feat xlink:href="#sDomRel1573" value="SBJ"/>
		<feat xlink:href="#sDomRel1598" value="SBJ"/>
		<feat xlink:href="#sDomRel1608" value="LOC"/>
		<feat xlink:href="#sDomRel1610" value="LOC"/>
		<feat xlink:href="#sDomRel1611" value="DIR"/>
		<feat xlink:href="#sDomRel1620" value="PRD"/>
		<feat xlink:href="#sDomRel1621" value="SBJ"/>
		<feat xlink:href="#sDomRel1636" value="LOC"/>
		<feat xlink:href="#sDomRel1673" value="LOC"/>
		<feat xlink:href="#sDomRel1674" value="SBJ"/>
		<feat xlink:href="#sDomRel1680" value="DIR"/>
		<feat xlink:href="#sDomRel1683" value="LOC"/>
		<feat xlink:href="#sDomRel1685" value="SBJ"/>
		<feat xlink:href="#sDomRel1701" value="TMP"/>
		<feat xlink:href="#sDomRel1735" value="LOC"/>
		<feat xlink:href="#sDomRel1738" value="SBJ"/>
		<feat xlink:href="#sDomRel1773" value="SBJ"/>
		<feat xlink:href="#sDomRel1783" value="LOC"/>
		<feat xlink:href="#sDomRel1807" value="SBJ"/>
		<feat xlink:href="#sDomRel1847" value="DTV"/>
		<feat xlink:href="#sDomRel1858" value="PRD"/>
		<feat xlink:href="#sDomRel1859" value="SBJ"/>
		<feat xlink:href="#sDomRel1877" value="LOC"/>
		<feat xlink:href="#sDomRel1881" value="SBJ"/>
		<feat xlink:href="#sDomRel1886" value="PRD"/>
		<feat xlink:href="#sDomRel1887" value="SBJ"/>
		<feat xlink:href="#sDomRel1892" value="PRD"/>
		<feat xlink:href="#sDomRel1897" value="SBJ"/>
		<feat xlink:href="#sDomRel1913" value="PRD"/>
		<feat xlink:href="#sDomRel1914" value="SBJ"/>
		<feat xlink:href="#sDomRel1922" value="SBJ"/>
		<feat xlink:href="#sDomRel1981" value="PRD"/>
		<feat xlink:href="#sDomRel1982" value="LOC"/>
		<feat xlink:href="#sDomRel1983" value="LOC"/>
		<feat xlink:href="#sDomRel1987" value="SBJ"/>
		<feat xlink:href="#sDomRel1998" value="PRD"/>
		<feat xlink:href="#sDomRel1999" value="SBJ"/>
		<feat xlink:href="#sDomRel2059" value="DTV"/>
		<feat xlink:href="#sDomRel2071" value="DIR"/>
		<feat xlink:href="#sDomRel2091" value="PRD"/>
		<feat xlink:href="#sDomRel2092" value="SBJ"/>
		<feat xlink:href="#sDomRel2101" value="PRD"/>
		<feat xlink:href="#sDomRel2102" value="TMP"/>
		<feat xlink:href="#sDomRel2104" value="SBJ"/>
		<feat xlink:href="#sDomRel2155" value="ADV"/>
		<feat xlink:href="#sDomRel2158" value="SBJ"/>
		<feat xlink:href="#sDomRel2173" value="SBJ"/>
		<feat xlink:href="#sDomRel2180" value="BNF"/>
		<feat xlink:href="#sDomRel2183" value="SBJ"/>
		<feat xlink:href="#sDomRel2219" value="SBJ"/>
		<feat xlink:href="#sDomRel2260" value="ADV"/>
		<feat xlink:href="#sDomRel2263" value="SBJ"/>
		<feat xlink:href="#sDomRel2278" value="PRD"/>
		<feat xlink:href="#sDomRel2280" value="SBJ"/>
		<feat xlink:href="#sDomRel2304" value="DIR"/>
		<feat xlink:href="#sDomRel2333" value="TMP"/>
		<feat xlink:href="#sDomRel2345" value="DIR"/>
		<feat xlink:href="#sDomRel2353" value="SBJ"/>
		<feat xlink:href="#sDomRel2368" value="DIR"/>
		<feat xlink:href="#sDomRel2379" value="DIR"/>
		<feat xlink:href="#sDomRel2405" value="DIR"/>
		<feat xlink:href="#sDomRel2423" value="PRD"/>
		<feat xlink:href="#sDomRel2424" value="SBJ"/>
		<feat xlink:href="#sDomRel2444" value="LOC"/>
		<feat xlink:href="#sDomRel2447" value="SBJ"/>
		<feat xlink:href="#sDomRel2472" value="LOC"/>
		<feat xlink:href="#sDomRel2499" value="SBJ"/>
		<feat xlink:href="#sDomRel2508" value="LOC"/>
		<feat xlink:href="#sDomRel2515" value="SBJ"/>
		<feat xlink:href="#sDomRel2528" value="DIR"/>
		<feat xlink:href="#sDomRel2542" value="LOC"/>
		<feat xlink:href="#sDomRel2547" value="LOC"/>
		<feat xlink:href="#sDomRel2549" value="LOC"/>
		<feat xlink:href="#sDomRel2550" value="TMP"/>
		<feat xlink:href="#sDomRel2551" value="SBJ"/>
		<feat xlink:href="#sDomRel2584" value="SBJ"/>
		<feat xlink:href="#sDomRel2590" value="TMP"/>
		<feat xlink:href="#sDomRel2596" value="PRP"/>
		<feat xlink:href="#sDomRel2617" value="SBJ"/>
		<feat xlink:href="#sDomRel2623" value="SBJ"/>
		<feat xlink:href="#sDomRel2637" value="SBJ"/>
		<feat xlink:href="#sDomRel2646" value="MNR"/>
		<feat xlink:href="#sDomRel2647" value="TMP"/>
		<feat xlink:href="#sDomRel2658" value="PRD"/>
		<feat xlink:href="#sDomRel2659" value="SBJ"/>
		<feat xlink:href="#sDomRel2677" value="SBJ"/>
		<feat xlink:href="#sDomRel2708" value="SBJ"/>
		<feat xlink:href="#sDomRel2713" value="PRD"/>
		<feat xlink:href="#sDomRel2716" value="ADV"/>
		<feat xlink:href="#sDomRel2739" value="SBJ"/></featList></paula>