<?xml version='1.0' encoding='UTF-8'?><!DOCTYPE paula SYSTEM "paula_feat.dtd">
<paula version="1.1">
	<header paula_id="dep.GUM_academic_eegimaa.dep_func"/>
	<featList xmlns:xlink="http://www.w3.org/1999/xlink" type="func" xml:base="dep.GUM_academic_eegimaa.dep.xml">
		<feat xlink:href="#sPointingRel1" value="dep"/>
		<feat xlink:href="#sPointingRel2" value="compound"/>
		<feat xlink:href="#sPointingRel3" value="punct"/>
		<feat xlink:href="#sPointingRel4" value="nmod:poss"/>
		<feat xlink:href="#sPointingRel5" value="conj"/>
		<feat xlink:href="#sPointingRel7" value="cc"/>
		<feat xlink:href="#sPointingRel8" value="nmod:poss"/>
		<feat xlink:href="#sPointingRel9" value="conj"/>
		<feat xlink:href="#sPointingRel11" value="det"/>
		<feat xlink:href="#sPointingRel12" value="nsubj"/>
		<feat xlink:href="#sPointingRel13" value="advmod"/>
		<feat xlink:href="#sPointingRel14" value="det"/>
		<feat xlink:href="#sPointingRel15" value="compound"/>
		<feat xlink:href="#sPointingRel16" value="obj"/>
		<feat xlink:href="#sPointingRel17" value="punct"/>
		<feat xlink:href="#sPointingRel18" value="appos"/>
		<feat xlink:href="#sPointingRel19" value="case"/>
		<feat xlink:href="#sPointingRel20" value="nmod"/>
		<feat xlink:href="#sPointingRel22" value="punct"/>
		<feat xlink:href="#sPointingRel23" value="compound"/>
		<feat xlink:href="#sPointingRel24" value="dep"/>
		<feat xlink:href="#sPointingRel25" value="punct"/>
		<feat xlink:href="#sPointingRel26" value="compound"/>
		<feat xlink:href="#sPointingRel27" value="dep"/>
		<feat xlink:href="#sPointingRel28" value="punct"/>
		<feat xlink:href="#sPointingRel29" value="parataxis"/>
		<feat xlink:href="#sPointingRel30" value="punct"/>
		<feat xlink:href="#sPointingRel31" value="punct"/>
		<feat xlink:href="#sPointingRel32" value="nmod:poss"/>
		<feat xlink:href="#sPointingRel33" value="conj"/>
		<feat xlink:href="#sPointingRel36" value="cc"/>
		<feat xlink:href="#sPointingRel37" value="nmod:poss"/>
		<feat xlink:href="#sPointingRel38" value="conj"/>
		<feat xlink:href="#sPointingRel41" value="punct"/>
		<feat xlink:href="#sPointingRel42" value="nsubj"/>
		<feat xlink:href="#sPointingRel43" value="advmod"/>
		<feat xlink:href="#sPointingRel44" value="obj"/>
		<feat xlink:href="#sPointingRel45" value="case"/>
		<feat xlink:href="#sPointingRel46" value="det"/>
		<feat xlink:href="#sPointingRel47" value="compound"/>
		<feat xlink:href="#sPointingRel48" value="nmod"/>
		<feat xlink:href="#sPointingRel50" value="case"/>
		<feat xlink:href="#sPointingRel51" value="det"/>
		<feat xlink:href="#sPointingRel52" value="compound"/>
		<feat xlink:href="#sPointingRel53" value="nmod"/>
		<feat xlink:href="#sPointingRel55" value="punct"/>
		<feat xlink:href="#sPointingRel56" value="nsubj"/>
		<feat xlink:href="#sPointingRel57" value="cop"/>
		<feat xlink:href="#sPointingRel58" value="punct"/>
		<feat xlink:href="#sPointingRel59" value="mark"/>
		<feat xlink:href="#sPointingRel60" value="mark"/>
		<feat xlink:href="#sPointingRel61" value="nsubj"/>
		<feat xlink:href="#sPointingRel62" value="aux"/>
		<feat xlink:href="#sPointingRel63" value="advcl"/>
		<feat xlink:href="#sPointingRel65" value="case"/>
		<feat xlink:href="#sPointingRel66" value="obl"/>
		<feat xlink:href="#sPointingRel68" value="dep"/>
		<feat xlink:href="#sPointingRel69" value="advmod"/>
		<feat xlink:href="#sPointingRel70" value="punct"/>
		<feat xlink:href="#sPointingRel71" value="nsubj:pass"/>
		<feat xlink:href="#sPointingRel72" value="case"/>
		<feat xlink:href="#sPointingRel73" value="det"/>
		<feat xlink:href="#sPointingRel74" value="compound"/>
		<feat xlink:href="#sPointingRel75" value="compound"/>
		<feat xlink:href="#sPointingRel76" value="compound"/>
		<feat xlink:href="#sPointingRel77" value="nmod"/>
		<feat xlink:href="#sPointingRel79" value="cc"/>
		<feat xlink:href="#sPointingRel80" value="compound"/>
		<feat xlink:href="#sPointingRel81" value="punct"/>
		<feat xlink:href="#sPointingRel82" value="compound"/>
		<feat xlink:href="#sPointingRel83" value="conj"/>
		<feat xlink:href="#sPointingRel86" value="aux:pass"/>
		<feat xlink:href="#sPointingRel87" value="advcl"/>
		<feat xlink:href="#sPointingRel89" value="case"/>
		<feat xlink:href="#sPointingRel90" value="compound"/>
		<feat xlink:href="#sPointingRel91" value="obl"/>
		<feat xlink:href="#sPointingRel93" value="case"/>
		<feat xlink:href="#sPointingRel94" value="amod"/>
		<feat xlink:href="#sPointingRel95" value="obl"/>
		<feat xlink:href="#sPointingRel97" value="punct"/>
		<feat xlink:href="#sPointingRel98" value="nsubj"/>
		<feat xlink:href="#sPointingRel99" value="cop"/>
		<feat xlink:href="#sPointingRel100" value="det"/>
		<feat xlink:href="#sPointingRel101" value="amod"/>
		<feat xlink:href="#sPointingRel102" value="acl"/>
		<feat xlink:href="#sPointingRel103" value="case"/>
		<feat xlink:href="#sPointingRel104" value="det"/>
		<feat xlink:href="#sPointingRel105" value="amod"/>
		<feat xlink:href="#sPointingRel106" value="compound"/>
		<feat xlink:href="#sPointingRel107" value="obl"/>
		<feat xlink:href="#sPointingRel109" value="case"/>
		<feat xlink:href="#sPointingRel110" value="amod"/>
		<feat xlink:href="#sPointingRel111" value="nmod"/>
		<feat xlink:href="#sPointingRel113" value="case"/>
		<feat xlink:href="#sPointingRel114" value="det"/>
		<feat xlink:href="#sPointingRel115" value="obl:agent"/>
		<feat xlink:href="#sPointingRel116" value="acl"/>
		<feat xlink:href="#sPointingRel117" value="mark"/>
		<feat xlink:href="#sPointingRel118" value="cop"/>
		<feat xlink:href="#sPointingRel119" value="case"/>
		<feat xlink:href="#sPointingRel120" value="nummod"/>
		<feat xlink:href="#sPointingRel121" value="punct"/>
		<feat xlink:href="#sPointingRel122" value="dep"/>
		<feat xlink:href="#sPointingRel123" value="punct"/>
		<feat xlink:href="#sPointingRel124" value="nmod:tmod"/>
		<feat xlink:href="#sPointingRel125" value="punct"/>
		<feat xlink:href="#sPointingRel126" value="cc"/>
		<feat xlink:href="#sPointingRel127" value="conj"/>
		<feat xlink:href="#sPointingRel130" value="xcomp"/>
		<feat xlink:href="#sPointingRel131" value="punct"/>
		<feat xlink:href="#sPointingRel132" value="dep"/>
		<feat xlink:href="#sPointingRel133" value="punct"/>
		<feat xlink:href="#sPointingRel134" value="conj"/>
		<feat xlink:href="#sPointingRel137" value="punct"/>
		<feat xlink:href="#sPointingRel138" value="cc"/>
		<feat xlink:href="#sPointingRel139" value="conj"/>
		<feat xlink:href="#sPointingRel142" value="punct"/>
		<feat xlink:href="#sPointingRel143" value="nmod:tmod"/>
		<feat xlink:href="#sPointingRel144" value="punct"/>
		<feat xlink:href="#sPointingRel145" value="punct"/>
		<feat xlink:href="#sPointingRel146" value="amod"/>
		<feat xlink:href="#sPointingRel147" value="nsubj:pass"/>
		<feat xlink:href="#sPointingRel148" value="aux:pass"/>
		<feat xlink:href="#sPointingRel149" value="case"/>
		<feat xlink:href="#sPointingRel150" value="obl"/>
		<feat xlink:href="#sPointingRel152" value="case"/>
		<feat xlink:href="#sPointingRel153" value="nmod:poss"/>
		<feat xlink:href="#sPointingRel154" value="case"/>
		<feat xlink:href="#sPointingRel155" value="punct"/>
		<feat xlink:href="#sPointingRel156" value="nmod:tmod"/>
		<feat xlink:href="#sPointingRel157" value="punct"/>
		<feat xlink:href="#sPointingRel158" value="compound"/>
		<feat xlink:href="#sPointingRel159" value="nmod"/>
		<feat xlink:href="#sPointingRel161" value="case"/>
		<feat xlink:href="#sPointingRel162" value="amod"/>
		<feat xlink:href="#sPointingRel163" value="nmod"/>
		<feat xlink:href="#sPointingRel165" value="case"/>
		<feat xlink:href="#sPointingRel166" value="det"/>
		<feat xlink:href="#sPointingRel167" value="compound"/>
		<feat xlink:href="#sPointingRel168" value="compound"/>
		<feat xlink:href="#sPointingRel169" value="compound"/>
		<feat xlink:href="#sPointingRel170" value="nmod"/>
		<feat xlink:href="#sPointingRel172" value="punct"/>
		<feat xlink:href="#sPointingRel173" value="nsubj:pass"/>
		<feat xlink:href="#sPointingRel174" value="case"/>
		<feat xlink:href="#sPointingRel175" value="det"/>
		<feat xlink:href="#sPointingRel176" value="nmod"/>
		<feat xlink:href="#sPointingRel178" value="aux:pass"/>
		<feat xlink:href="#sPointingRel179" value="case"/>
		<feat xlink:href="#sPointingRel180" value="det"/>
		<feat xlink:href="#sPointingRel181" value="obl"/>
		<feat xlink:href="#sPointingRel183" value="punct"/>
		<feat xlink:href="#sPointingRel184" value="case"/>
		<feat xlink:href="#sPointingRel185" value="det"/>
		<feat xlink:href="#sPointingRel186" value="amod"/>
		<feat xlink:href="#sPointingRel187" value="compound"/>
		<feat xlink:href="#sPointingRel188" value="conj"/>
		<feat xlink:href="#sPointingRel191" value="case"/>
		<feat xlink:href="#sPointingRel192" value="amod"/>
		<feat xlink:href="#sPointingRel193" value="nmod"/>
		<feat xlink:href="#sPointingRel195" value="cc"/>
		<feat xlink:href="#sPointingRel196" value="case"/>
		<feat xlink:href="#sPointingRel197" value="conj"/>
		<feat xlink:href="#sPointingRel200" value="flat"/>
		<feat xlink:href="#sPointingRel201" value="punct"/>
		<feat xlink:href="#sPointingRel202" value="det"/>
		<feat xlink:href="#sPointingRel203" value="nsubj"/>
		<feat xlink:href="#sPointingRel204" value="case"/>
		<feat xlink:href="#sPointingRel205" value="nmod"/>
		<feat xlink:href="#sPointingRel207" value="dep"/>
		<feat xlink:href="#sPointingRel208" value="punct"/>
		<feat xlink:href="#sPointingRel209" value="acl"/>
		<feat xlink:href="#sPointingRel210" value="case"/>
		<feat xlink:href="#sPointingRel211" value="obl"/>
		<feat xlink:href="#sPointingRel213" value="punct"/>
		<feat xlink:href="#sPointingRel214" value="det"/>
		<feat xlink:href="#sPointingRel215" value="obj"/>
		<feat xlink:href="#sPointingRel216" value="case"/>
		<feat xlink:href="#sPointingRel217" value="nmod"/>
		<feat xlink:href="#sPointingRel219" value="punct"/>
		<feat xlink:href="#sPointingRel220" value="det"/>
		<feat xlink:href="#sPointingRel221" value="nsubj"/>
		<feat xlink:href="#sPointingRel222" value="case"/>
		<feat xlink:href="#sPointingRel223" value="det"/>
		<feat xlink:href="#sPointingRel224" value="nmod"/>
		<feat xlink:href="#sPointingRel226" value="case"/>
		<feat xlink:href="#sPointingRel227" value="det"/>
		<feat xlink:href="#sPointingRel228" value="compound"/>
		<feat xlink:href="#sPointingRel229" value="amod"/>
		<feat xlink:href="#sPointingRel230" value="obl"/>
		<feat xlink:href="#sPointingRel232" value="punct"/>
		<feat xlink:href="#sPointingRel233" value="nsubj"/>
		<feat xlink:href="#sPointingRel234" value="cop"/>
		<feat xlink:href="#sPointingRel235" value="det"/>
		<feat xlink:href="#sPointingRel236" value="parataxis"/>
		<feat xlink:href="#sPointingRel237" value="acl"/>
		<feat xlink:href="#sPointingRel238" value="case"/>
		<feat xlink:href="#sPointingRel239" value="obl:agent"/>
		<feat xlink:href="#sPointingRel240" value="case"/>
		<feat xlink:href="#sPointingRel241" value="obl"/>
		<feat xlink:href="#sPointingRel243" value="punct"/>
		<feat xlink:href="#sPointingRel244" value="punct"/>
		<feat xlink:href="#sPointingRel245" value="nsubj:pass"/>
		<feat xlink:href="#sPointingRel246" value="aux:pass"/>
		<feat xlink:href="#sPointingRel247" value="advmod"/>
		<feat xlink:href="#sPointingRel248" value="case"/>
		<feat xlink:href="#sPointingRel249" value="obl"/>
		<feat xlink:href="#sPointingRel251" value="punct"/>
		<feat xlink:href="#sPointingRel252" value="det"/>
		<feat xlink:href="#sPointingRel253" value="amod"/>
		<feat xlink:href="#sPointingRel254" value="appos"/>
		<feat xlink:href="#sPointingRel255" value="case"/>
		<feat xlink:href="#sPointingRel256" value="nummod"/>
		<feat xlink:href="#sPointingRel257" value="nmod"/>
		<feat xlink:href="#sPointingRel259" value="acl"/>
		<feat xlink:href="#sPointingRel260" value="case"/>
		<feat xlink:href="#sPointingRel261" value="det"/>
		<feat xlink:href="#sPointingRel262" value="obl"/>
		<feat xlink:href="#sPointingRel264" value="case"/>
		<feat xlink:href="#sPointingRel265" value="nmod"/>
		<feat xlink:href="#sPointingRel267" value="punct"/>
		<feat xlink:href="#sPointingRel268" value="det"/>
		<feat xlink:href="#sPointingRel269" value="compound"/>
		<feat xlink:href="#sPointingRel270" value="appos"/>
		<feat xlink:href="#sPointingRel271" value="case"/>
		<feat xlink:href="#sPointingRel272" value="det"/>
		<feat xlink:href="#sPointingRel273" value="amod"/>
		<feat xlink:href="#sPointingRel274" value="amod"/>
		<feat xlink:href="#sPointingRel275" value="nmod"/>
		<feat xlink:href="#sPointingRel277" value="case"/>
		<feat xlink:href="#sPointingRel278" value="nmod"/>
		<feat xlink:href="#sPointingRel280" value="case"/>
		<feat xlink:href="#sPointingRel281" value="det"/>
		<feat xlink:href="#sPointingRel282" value="nmod"/>
		<feat xlink:href="#sPointingRel284" value="case"/>
		<feat xlink:href="#sPointingRel285" value="nmod"/>
		<feat xlink:href="#sPointingRel287" value="punct"/>
		<feat xlink:href="#sPointingRel288" value="nsubj"/>
		<feat xlink:href="#sPointingRel289" value="cop"/>
		<feat xlink:href="#sPointingRel290" value="det"/>
		<feat xlink:href="#sPointingRel291" value="acl"/>
		<feat xlink:href="#sPointingRel292" value="case"/>
		<feat xlink:href="#sPointingRel293" value="det"/>
		<feat xlink:href="#sPointingRel294" value="compound"/>
		<feat xlink:href="#sPointingRel295" value="obl:agent"/>
		<feat xlink:href="#sPointingRel297" value="case"/>
		<feat xlink:href="#sPointingRel298" value="det"/>
		<feat xlink:href="#sPointingRel299" value="obl"/>
		<feat xlink:href="#sPointingRel301" value="punct"/>
		<feat xlink:href="#sPointingRel302" value="nsubj"/>
		<feat xlink:href="#sPointingRel304" value="acl:relcl"/>
		<feat xlink:href="#sPointingRel305" value="obj"/>
		<feat xlink:href="#sPointingRel306" value="case"/>
		<feat xlink:href="#sPointingRel307" value="det"/>
		<feat xlink:href="#sPointingRel308" value="compound"/>
		<feat xlink:href="#sPointingRel309" value="flat"/>
		<feat xlink:href="#sPointingRel310" value="cc"/>
		<feat xlink:href="#sPointingRel311" value="conj"/>
		<feat xlink:href="#sPointingRel314" value="flat"/>
		<feat xlink:href="#sPointingRel315" value="obl"/>
		<feat xlink:href="#sPointingRel317" value="punct"/>
		<feat xlink:href="#sPointingRel318" value="cc"/>
		<feat xlink:href="#sPointingRel321" value="case"/>
		<feat xlink:href="#sPointingRel322" value="det"/>
		<feat xlink:href="#sPointingRel323" value="conj"/>
		<feat xlink:href="#sPointingRel325" value="case"/>
		<feat xlink:href="#sPointingRel326" value="det"/>
		<feat xlink:href="#sPointingRel327" value="orphan"/>
		<feat xlink:href="#sPointingRel329" value="appos"/>
		<feat xlink:href="#sPointingRel330" value="cc"/>
		<feat xlink:href="#sPointingRel331" value="conj"/>
		<feat xlink:href="#sPointingRel334" value="punct"/>
		<feat xlink:href="#sPointingRel335" value="advmod"/>
		<feat xlink:href="#sPointingRel336" value="det"/>
		<feat xlink:href="#sPointingRel337" value="nsubj"/>
		<feat xlink:href="#sPointingRel338" value="case"/>
		<feat xlink:href="#sPointingRel339" value="nmod"/>
		<feat xlink:href="#sPointingRel341" value="cc"/>
		<feat xlink:href="#sPointingRel342" value="conj"/>
		<feat xlink:href="#sPointingRel345" value="flat"/>
		<feat xlink:href="#sPointingRel346" value="acl:relcl"/>
		<feat xlink:href="#sPointingRel347" value="punct"/>
		<feat xlink:href="#sPointingRel348" value="case"/>
		<feat xlink:href="#sPointingRel349" value="det"/>
		<feat xlink:href="#sPointingRel350" value="obl"/>
		<feat xlink:href="#sPointingRel352" value="punct"/>
		<feat xlink:href="#sPointingRel353" value="det"/>
		<feat xlink:href="#sPointingRel354" value="nsubj"/>
		<feat xlink:href="#sPointingRel355" value="acl"/>
		<feat xlink:href="#sPointingRel356" value="case"/>
		<feat xlink:href="#sPointingRel357" value="obl"/>
		<feat xlink:href="#sPointingRel359" value="flat"/>
		<feat xlink:href="#sPointingRel360" value="obj"/>
		<feat xlink:href="#sPointingRel361" value="case"/>
		<feat xlink:href="#sPointingRel362" value="det"/>
		<feat xlink:href="#sPointingRel363" value="compound"/>
		<feat xlink:href="#sPointingRel364" value="amod"/>
		<feat xlink:href="#sPointingRel365" value="obl"/>
		<feat xlink:href="#sPointingRel367" value="punct"/>
		<feat xlink:href="#sPointingRel368" value="mark"/>
		<feat xlink:href="#sPointingRel369" value="det"/>
		<feat xlink:href="#sPointingRel370" value="compound"/>
		<feat xlink:href="#sPointingRel371" value="nsubj"/>
		<feat xlink:href="#sPointingRel372" value="case"/>
		<feat xlink:href="#sPointingRel373" value="nmod"/>
		<feat xlink:href="#sPointingRel375" value="advcl"/>
		<feat xlink:href="#sPointingRel377" value="case"/>
		<feat xlink:href="#sPointingRel378" value="det"/>
		<feat xlink:href="#sPointingRel379" value="obl"/>
		<feat xlink:href="#sPointingRel381" value="case"/>
		<feat xlink:href="#sPointingRel382" value="det"/>
		<feat xlink:href="#sPointingRel383" value="nmod"/>
		<feat xlink:href="#sPointingRel385" value="flat"/>
		<feat xlink:href="#sPointingRel386" value="flat"/>
		<feat xlink:href="#sPointingRel387" value="cc"/>
		<feat xlink:href="#sPointingRel388" value="compound"/>
		<feat xlink:href="#sPointingRel389" value="compound"/>
		<feat xlink:href="#sPointingRel390" value="conj"/>
		<feat xlink:href="#sPointingRel393" value="punct"/>
		<feat xlink:href="#sPointingRel394" value="det"/>
		<feat xlink:href="#sPointingRel395" value="nsubj"/>
		<feat xlink:href="#sPointingRel396" value="case"/>
		<feat xlink:href="#sPointingRel397" value="nmod"/>
		<feat xlink:href="#sPointingRel399" value="dep"/>
		<feat xlink:href="#sPointingRel400" value="advmod"/>
		<feat xlink:href="#sPointingRel401" value="punct"/>
		<feat xlink:href="#sPointingRel402" value="acl"/>
		<feat xlink:href="#sPointingRel403" value="case"/>
		<feat xlink:href="#sPointingRel404" value="obl"/>
		<feat xlink:href="#sPointingRel406" value="cc"/>
		<feat xlink:href="#sPointingRel407" value="conj"/>
		<feat xlink:href="#sPointingRel410" value="punct"/>
		<feat xlink:href="#sPointingRel411" value="nmod:tmod"/>
		<feat xlink:href="#sPointingRel412" value="punct"/>
		<feat xlink:href="#sPointingRel413" value="punct"/>
		<feat xlink:href="#sPointingRel414" value="det"/>
		<feat xlink:href="#sPointingRel415" value="advmod"/>
		<feat xlink:href="#sPointingRel416" value="amod"/>
		<feat xlink:href="#sPointingRel417" value="obj"/>
		<feat xlink:href="#sPointingRel418" value="case"/>
		<feat xlink:href="#sPointingRel419" value="nmod"/>
		<feat xlink:href="#sPointingRel421" value="case"/>
		<feat xlink:href="#sPointingRel422" value="obl"/>
		<feat xlink:href="#sPointingRel424" value="case"/>
		<feat xlink:href="#sPointingRel425" value="amod"/>
		<feat xlink:href="#sPointingRel426" value="amod"/>
		<feat xlink:href="#sPointingRel427" value="compound"/>
		<feat xlink:href="#sPointingRel428" value="nmod"/>
		<feat xlink:href="#sPointingRel430" value="punct"/>
		<feat xlink:href="#sPointingRel431" value="nsubj:pass"/>
		<feat xlink:href="#sPointingRel432" value="case"/>
		<feat xlink:href="#sPointingRel433" value="det"/>
		<feat xlink:href="#sPointingRel434" value="nmod"/>
		<feat xlink:href="#sPointingRel436" value="aux"/>
		<feat xlink:href="#sPointingRel437" value="aux:pass"/>
		<feat xlink:href="#sPointingRel438" value="obl"/>
		<feat xlink:href="#sPointingRel439" value="case"/>
		<feat xlink:href="#sPointingRel440" value="nmod:poss"/>
		<feat xlink:href="#sPointingRel441" value="obl"/>
		<feat xlink:href="#sPointingRel443" value="case"/>
		<feat xlink:href="#sPointingRel444" value="compound"/>
		<feat xlink:href="#sPointingRel445" value="compound"/>
		<feat xlink:href="#sPointingRel446" value="nmod"/>
		<feat xlink:href="#sPointingRel448" value="case"/>
		<feat xlink:href="#sPointingRel449" value="obl"/>
		<feat xlink:href="#sPointingRel451" value="dep"/>
		<feat xlink:href="#sPointingRel452" value="punct"/>
		<feat xlink:href="#sPointingRel453" value="det"/>
		<feat xlink:href="#sPointingRel454" value="nsubj:pass"/>
		<feat xlink:href="#sPointingRel455" value="acl"/>
		<feat xlink:href="#sPointingRel456" value="case"/>
		<feat xlink:href="#sPointingRel457" value="obl"/>
		<feat xlink:href="#sPointingRel459" value="aux:pass"/>
		<feat xlink:href="#sPointingRel460" value="case"/>
		<feat xlink:href="#sPointingRel461" value="amod"/>
		<feat xlink:href="#sPointingRel462" value="obl"/>
		<feat xlink:href="#sPointingRel464" value="acl"/>
		<feat xlink:href="#sPointingRel465" value="case"/>
		<feat xlink:href="#sPointingRel466" value="obl:agent"/>
		<feat xlink:href="#sPointingRel467" value="case"/>
		<feat xlink:href="#sPointingRel468" value="amod"/>
		<feat xlink:href="#sPointingRel469" value="nmod"/>
		<feat xlink:href="#sPointingRel471" value="punct"/>
		<feat xlink:href="#sPointingRel472" value="case"/>
		<feat xlink:href="#sPointingRel473" value="nmod"/>
		<feat xlink:href="#sPointingRel475" value="punct"/>
		<feat xlink:href="#sPointingRel476" value="det"/>
		<feat xlink:href="#sPointingRel477" value="nsubj"/>
		<feat xlink:href="#sPointingRel478" value="appos"/>
		<feat xlink:href="#sPointingRel479" value="dep"/>
		<feat xlink:href="#sPointingRel480" value="punct"/>
		<feat xlink:href="#sPointingRel481" value="det"/>
		<feat xlink:href="#sPointingRel482" value="appos"/>
		<feat xlink:href="#sPointingRel483" value="case"/>
		<feat xlink:href="#sPointingRel484" value="nmod"/>
		<feat xlink:href="#sPointingRel486" value="punct"/>
		<feat xlink:href="#sPointingRel487" value="punct"/>
		<feat xlink:href="#sPointingRel488" value="cop"/>
		<feat xlink:href="#sPointingRel489" value="det"/>
		<feat xlink:href="#sPointingRel490" value="acl"/>
		<feat xlink:href="#sPointingRel491" value="case"/>
		<feat xlink:href="#sPointingRel492" value="obl:agent"/>
		<feat xlink:href="#sPointingRel493" value="case"/>
		<feat xlink:href="#sPointingRel494" value="nmod"/>
		<feat xlink:href="#sPointingRel496" value="case"/>
		<feat xlink:href="#sPointingRel497" value="det"/>
		<feat xlink:href="#sPointingRel498" value="compound"/>
		<feat xlink:href="#sPointingRel499" value="obl"/>
		<feat xlink:href="#sPointingRel501" value="punct"/>
		<feat xlink:href="#sPointingRel502" value="mark"/>
		<feat xlink:href="#sPointingRel503" value="nsubj"/>
		<feat xlink:href="#sPointingRel505" value="punct"/>
		<feat xlink:href="#sPointingRel506" value="case"/>
		<feat xlink:href="#sPointingRel507" value="nmod"/>
		<feat xlink:href="#sPointingRel509" value="nsubj"/>
		<feat xlink:href="#sPointingRel510" value="cop"/>
		<feat xlink:href="#sPointingRel511" value="det"/>
		<feat xlink:href="#sPointingRel512" value="acl:relcl"/>
		<feat xlink:href="#sPointingRel513" value="punct"/>
		<feat xlink:href="#sPointingRel514" value="cop"/>
		<feat xlink:href="#sPointingRel515" value="det"/>
		<feat xlink:href="#sPointingRel516" value="advcl"/>
		<feat xlink:href="#sPointingRel519" value="nsubj"/>
		<feat xlink:href="#sPointingRel521" value="acl:relcl"/>
		<feat xlink:href="#sPointingRel522" value="det"/>
		<feat xlink:href="#sPointingRel523" value="obj"/>
		<feat xlink:href="#sPointingRel524" value="case"/>
		<feat xlink:href="#sPointingRel525" value="nmod:poss"/>
		<feat xlink:href="#sPointingRel526" value="nmod"/>
		<feat xlink:href="#sPointingRel528" value="punct"/>
		<feat xlink:href="#sPointingRel529" value="nsubj"/>
		<feat xlink:href="#sPointingRel530" value="cop"/>
		<feat xlink:href="#sPointingRel531" value="det"/>
		<feat xlink:href="#sPointingRel532" value="acl"/>
		<feat xlink:href="#sPointingRel533" value="case"/>
		<feat xlink:href="#sPointingRel534" value="compound"/>
		<feat xlink:href="#sPointingRel535" value="obl:agent"/>
		<feat xlink:href="#sPointingRel536" value="punct"/>
		<feat xlink:href="#sPointingRel537" value="cc"/>
		<feat xlink:href="#sPointingRel538" value="nmod:poss"/>
		<feat xlink:href="#sPointingRel539" value="nsubj:pass"/>
		<feat xlink:href="#sPointingRel540" value="aux:pass"/>
		<feat xlink:href="#sPointingRel541" value="advmod"/>
		<feat xlink:href="#sPointingRel542" value="conj"/>
		<feat xlink:href="#sPointingRel544" value="punct"/>
		<feat xlink:href="#sPointingRel545" value="nsubj"/>
		<feat xlink:href="#sPointingRel546" value="punct"/>
		<feat xlink:href="#sPointingRel547" value="punct"/>
		<feat xlink:href="#sPointingRel548" value="det"/>
		<feat xlink:href="#sPointingRel549" value="appos"/>
		<feat xlink:href="#sPointingRel550" value="case"/>
		<feat xlink:href="#sPointingRel551" value="nmod"/>
		<feat xlink:href="#sPointingRel553" value="case"/>
		<feat xlink:href="#sPointingRel554" value="nmod"/>
		<feat xlink:href="#sPointingRel556" value="cc"/>
		<feat xlink:href="#sPointingRel557" value="conj"/>
		<feat xlink:href="#sPointingRel560" value="punct"/>
		<feat xlink:href="#sPointingRel561" value="punct"/>
		<feat xlink:href="#sPointingRel562" value="cop"/>
		<feat xlink:href="#sPointingRel563" value="det"/>
		<feat xlink:href="#sPointingRel564" value="acl"/>
		<feat xlink:href="#sPointingRel565" value="case"/>
		<feat xlink:href="#sPointingRel566" value="compound"/>
		<feat xlink:href="#sPointingRel567" value="flat"/>
		<feat xlink:href="#sPointingRel568" value="obl:agent"/>
		<feat xlink:href="#sPointingRel570" value="nsubj"/>
		<feat xlink:href="#sPointingRel572" value="cop"/>
		<feat xlink:href="#sPointingRel573" value="advmod"/>
		<feat xlink:href="#sPointingRel574" value="acl:relcl"/>
		<feat xlink:href="#sPointingRel575" value="case"/>
		<feat xlink:href="#sPointingRel576" value="det"/>
		<feat xlink:href="#sPointingRel577" value="obl"/>
		<feat xlink:href="#sPointingRel579" value="case"/>
		<feat xlink:href="#sPointingRel580" value="nmod"/>
		<feat xlink:href="#sPointingRel582" value="cc"/>
		<feat xlink:href="#sPointingRel583" value="conj"/>
		<feat xlink:href="#sPointingRel586" value="punct"/>
		<feat xlink:href="#sPointingRel587" value="case"/>
		<feat xlink:href="#sPointingRel588" value="det"/>
		<feat xlink:href="#sPointingRel589" value="amod"/>
		<feat xlink:href="#sPointingRel590" value="obl"/>
		<feat xlink:href="#sPointingRel592" value="case"/>
		<feat xlink:href="#sPointingRel593" value="nmod"/>
		<feat xlink:href="#sPointingRel595" value="punct"/>
		<feat xlink:href="#sPointingRel596" value="advmod"/>
		<feat xlink:href="#sPointingRel597" value="punct"/>
		<feat xlink:href="#sPointingRel598" value="nsubj"/>
		<feat xlink:href="#sPointingRel599" value="cc"/>
		<feat xlink:href="#sPointingRel600" value="conj"/>
		<feat xlink:href="#sPointingRel603" value="punct"/>
		<feat xlink:href="#sPointingRel604" value="det"/>
		<feat xlink:href="#sPointingRel605" value="appos"/>
		<feat xlink:href="#sPointingRel606" value="case"/>
		<feat xlink:href="#sPointingRel607" value="det"/>
		<feat xlink:href="#sPointingRel608" value="nmod"/>
		<feat xlink:href="#sPointingRel610" value="case"/>
		<feat xlink:href="#sPointingRel611" value="nmod"/>
		<feat xlink:href="#sPointingRel613" value="punct"/>
		<feat xlink:href="#sPointingRel614" value="punct"/>
		<feat xlink:href="#sPointingRel615" value="det"/>
		<feat xlink:href="#sPointingRel616" value="advmod"/>
		<feat xlink:href="#sPointingRel617" value="appos"/>
		<feat xlink:href="#sPointingRel618" value="case"/>
		<feat xlink:href="#sPointingRel619" value="det:predet"/>
		<feat xlink:href="#sPointingRel620" value="det"/>
		<feat xlink:href="#sPointingRel621" value="obl"/>
		<feat xlink:href="#sPointingRel623" value="punct"/>
		<feat xlink:href="#sPointingRel624" value="cop"/>
		<feat xlink:href="#sPointingRel625" value="det"/>
		<feat xlink:href="#sPointingRel626" value="acl"/>
		<feat xlink:href="#sPointingRel627" value="case"/>
		<feat xlink:href="#sPointingRel628" value="det"/>
		<feat xlink:href="#sPointingRel629" value="compound"/>
		<feat xlink:href="#sPointingRel630" value="flat"/>
		<feat xlink:href="#sPointingRel631" value="cc"/>
		<feat xlink:href="#sPointingRel632" value="conj"/>
		<feat xlink:href="#sPointingRel635" value="flat"/>
		<feat xlink:href="#sPointingRel636" value="obl:agent"/>
		<feat xlink:href="#sPointingRel637" value="case"/>
		<feat xlink:href="#sPointingRel638" value="compound"/>
		<feat xlink:href="#sPointingRel639" value="obl"/>
		<feat xlink:href="#sPointingRel641" value="cc"/>
		<feat xlink:href="#sPointingRel642" value="nmod:poss"/>
		<feat xlink:href="#sPointingRel643" value="conj"/>
		<feat xlink:href="#sPointingRel646" value="punct"/>
		<feat xlink:href="#sPointingRel647" value="mark"/>
		<feat xlink:href="#sPointingRel648" value="nsubj"/>
		<feat xlink:href="#sPointingRel650" value="case"/>
		<feat xlink:href="#sPointingRel651" value="det"/>
		<feat xlink:href="#sPointingRel652" value="nmod"/>
		<feat xlink:href="#sPointingRel654" value="case"/>
		<feat xlink:href="#sPointingRel655" value="nmod"/>
		<feat xlink:href="#sPointingRel657" value="cop"/>
		<feat xlink:href="#sPointingRel658" value="det"/>
		<feat xlink:href="#sPointingRel659" value="advcl"/>
		<feat xlink:href="#sPointingRel661" value="mark"/>
		<feat xlink:href="#sPointingRel662" value="cop"/>
		<feat xlink:href="#sPointingRel663" value="case"/>
		<feat xlink:href="#sPointingRel664" value="xcomp"/>
		<feat xlink:href="#sPointingRel665" value="case"/>
		<feat xlink:href="#sPointingRel666" value="nmod"/>
		<feat xlink:href="#sPointingRel668" value="punct"/>
		<feat xlink:href="#sPointingRel669" value="dep"/>
		<feat xlink:href="#sPointingRel670" value="punct"/>
		<feat xlink:href="#sPointingRel671" value="case"/>
		<feat xlink:href="#sPointingRel672" value="nmod"/>
		<feat xlink:href="#sPointingRel674" value="punct"/>
		<feat xlink:href="#sPointingRel675" value="parataxis"/>
		<feat xlink:href="#sPointingRel676" value="case"/>
		<feat xlink:href="#sPointingRel677" value="compound"/>
		<feat xlink:href="#sPointingRel678" value="nmod"/>
		<feat xlink:href="#sPointingRel680" value="punct"/>
		<feat xlink:href="#sPointingRel681" value="dep"/>
		<feat xlink:href="#sPointingRel682" value="punct"/>
		<feat xlink:href="#sPointingRel683" value="case"/>
		<feat xlink:href="#sPointingRel684" value="det"/>
		<feat xlink:href="#sPointingRel685" value="compound"/>
		<feat xlink:href="#sPointingRel686" value="amod"/>
		<feat xlink:href="#sPointingRel687" value="nmod"/>
		<feat xlink:href="#sPointingRel689" value="compound"/>
		<feat xlink:href="#sPointingRel690" value="nsubj:pass"/>
		<feat xlink:href="#sPointingRel691" value="aux:pass"/>
		<feat xlink:href="#sPointingRel692" value="advcl"/>
		<feat xlink:href="#sPointingRel693" value="nmod:poss"/>
		<feat xlink:href="#sPointingRel694" value="amod"/>
		<feat xlink:href="#sPointingRel695" value="obj"/>
		<feat xlink:href="#sPointingRel696" value="punct"/>
		<feat xlink:href="#sPointingRel697" value="det"/>
		<feat xlink:href="#sPointingRel698" value="compound"/>
		<feat xlink:href="#sPointingRel699" value="compound"/>
		<feat xlink:href="#sPointingRel700" value="nsubj:pass"/>
		<feat xlink:href="#sPointingRel701" value="aux:pass"/>
		<feat xlink:href="#sPointingRel702" value="case"/>
		<feat xlink:href="#sPointingRel703" value="compound"/>
		<feat xlink:href="#sPointingRel704" value="obl"/>
		<feat xlink:href="#sPointingRel707" value="nsubj"/>
		<feat xlink:href="#sPointingRel709" value="acl:relcl"/>
		<feat xlink:href="#sPointingRel710" value="obj"/>
		<feat xlink:href="#sPointingRel711" value="punct"/>
		<feat xlink:href="#sPointingRel712" value="compound"/>
		<feat xlink:href="#sPointingRel713" value="nsubj:pass"/>
		<feat xlink:href="#sPointingRel714" value="aux:pass"/>
		<feat xlink:href="#sPointingRel715" value="case"/>
		<feat xlink:href="#sPointingRel716" value="det"/>
		<feat xlink:href="#sPointingRel717" value="advcl"/>
		<feat xlink:href="#sPointingRel718" value="case"/>
		<feat xlink:href="#sPointingRel719" value="det"/>
		<feat xlink:href="#sPointingRel720" value="nmod"/>
		<feat xlink:href="#sPointingRel722" value="case"/>
		<feat xlink:href="#sPointingRel723" value="amod"/>
		<feat xlink:href="#sPointingRel724" value="nmod"/>
		<feat xlink:href="#sPointingRel726" value="case"/>
		<feat xlink:href="#sPointingRel727" value="nmod"/>
		<feat xlink:href="#sPointingRel729" value="punct"/>
		<feat xlink:href="#sPointingRel730" value="appos"/>
		<feat xlink:href="#sPointingRel731" value="dep"/>
		<feat xlink:href="#sPointingRel732" value="punct"/>
		<feat xlink:href="#sPointingRel733" value="nsubj:pass"/>
		<feat xlink:href="#sPointingRel734" value="case"/>
		<feat xlink:href="#sPointingRel735" value="det"/>
		<feat xlink:href="#sPointingRel736" value="nmod"/>
		<feat xlink:href="#sPointingRel738" value="case"/>
		<feat xlink:href="#sPointingRel739" value="nmod"/>
		<feat xlink:href="#sPointingRel741" value="aux:pass"/>
		<feat xlink:href="#sPointingRel742" value="advcl"/>
		<feat xlink:href="#sPointingRel743" value="det"/>
		<feat xlink:href="#sPointingRel744" value="compound"/>
		<feat xlink:href="#sPointingRel745" value="obj"/>
		<feat xlink:href="#sPointingRel746" value="cc"/>
		<feat xlink:href="#sPointingRel747" value="conj"/>
		<feat xlink:href="#sPointingRel750" value="det"/>
		<feat xlink:href="#sPointingRel751" value="obj"/>
		<feat xlink:href="#sPointingRel752" value="case"/>
		<feat xlink:href="#sPointingRel753" value="compound"/>
		<feat xlink:href="#sPointingRel754" value="nmod"/>
		<feat xlink:href="#sPointingRel756" value="case"/>
		<feat xlink:href="#sPointingRel757" value="amod"/>
		<feat xlink:href="#sPointingRel758" value="nmod"/>
		<feat xlink:href="#sPointingRel760" value="punct"/>
		<feat xlink:href="#sPointingRel761" value="amod"/>
		<feat xlink:href="#sPointingRel762" value="compound"/>
		<feat xlink:href="#sPointingRel763" value="nsubj"/>
		<feat xlink:href="#sPointingRel765" value="nsubj"/>
		<feat xlink:href="#sPointingRel767" value="cop"/>
		<feat xlink:href="#sPointingRel768" value="advmod"/>
		<feat xlink:href="#sPointingRel769" value="acl:relcl"/>
		<feat xlink:href="#sPointingRel770" value="case"/>
		<feat xlink:href="#sPointingRel771" value="obl"/>
		<feat xlink:href="#sPointingRel773" value="obj"/>
		<feat xlink:href="#sPointingRel774" value="cc"/>
		<feat xlink:href="#sPointingRel775" value="conj"/>
		<feat xlink:href="#sPointingRel778" value="punct"/>
		<feat xlink:href="#sPointingRel779" value="case"/>
		<feat xlink:href="#sPointingRel780" value="det"/>
		<feat xlink:href="#sPointingRel781" value="nmod"/>
		<feat xlink:href="#sPointingRel783" value="case"/>
		<feat xlink:href="#sPointingRel784" value="nmod"/>
		<feat xlink:href="#sPointingRel786" value="case"/>
		<feat xlink:href="#sPointingRel787" value="nummod"/>
		<feat xlink:href="#sPointingRel788" value="compound"/>
		<feat xlink:href="#sPointingRel789" value="amod"/>
		<feat xlink:href="#sPointingRel790" value="nmod"/>
		<feat xlink:href="#sPointingRel792" value="punct"/>
		<feat xlink:href="#sPointingRel793" value="cc"/>
		<feat xlink:href="#sPointingRel794" value="conj"/>
		<feat xlink:href="#sPointingRel797" value="punct"/>
		<feat xlink:href="#sPointingRel798" value="case"/>
		<feat xlink:href="#sPointingRel799" value="det"/>
		<feat xlink:href="#sPointingRel800" value="nmod"/>
		<feat xlink:href="#sPointingRel802" value="case"/>
		<feat xlink:href="#sPointingRel803" value="nmod"/>
		<feat xlink:href="#sPointingRel805" value="case"/>
		<feat xlink:href="#sPointingRel806" value="nummod"/>
		<feat xlink:href="#sPointingRel807" value="compound"/>
		<feat xlink:href="#sPointingRel808" value="amod"/>
		<feat xlink:href="#sPointingRel809" value="nmod"/>
		<feat xlink:href="#sPointingRel811" value="punct"/>
		<feat xlink:href="#sPointingRel812" value="advcl"/>
		<feat xlink:href="#sPointingRel813" value="case"/>
		<feat xlink:href="#sPointingRel814" value="obl"/>
		<feat xlink:href="#sPointingRel816" value="cc"/>
		<feat xlink:href="#sPointingRel817" value="conj"/>
		<feat xlink:href="#sPointingRel820" value="punct"/>
		<feat xlink:href="#sPointingRel821" value="nmod:tmod"/>
		<feat xlink:href="#sPointingRel822" value="appos"/>
		<feat xlink:href="#sPointingRel823" value="punct"/>
		<feat xlink:href="#sPointingRel824" value="punct"/>
		<feat xlink:href="#sPointingRel825" value="punct"/>
		<feat xlink:href="#sPointingRel826" value="nsubj"/>
		<feat xlink:href="#sPointingRel827" value="punct"/>
		<feat xlink:href="#sPointingRel828" value="case"/>
		<feat xlink:href="#sPointingRel829" value="det"/>
		<feat xlink:href="#sPointingRel830" value="nmod"/>
		<feat xlink:href="#sPointingRel832" value="case"/>
		<feat xlink:href="#sPointingRel833" value="nmod"/>
		<feat xlink:href="#sPointingRel835" value="punct"/>
		<feat xlink:href="#sPointingRel836" value="punct"/>
		<feat xlink:href="#sPointingRel837" value="conj"/>
		<feat xlink:href="#sPointingRel840" value="punct"/>
		<feat xlink:href="#sPointingRel841" value="case"/>
		<feat xlink:href="#sPointingRel842" value="det"/>
		<feat xlink:href="#sPointingRel843" value="nmod"/>
		<feat xlink:href="#sPointingRel845" value="appos"/>
		<feat xlink:href="#sPointingRel846" value="punct"/>
		<feat xlink:href="#sPointingRel847" value="cc"/>
		<feat xlink:href="#sPointingRel848" value="conj"/>
		<feat xlink:href="#sPointingRel851" value="punct"/>
		<feat xlink:href="#sPointingRel852" value="compound"/>
		<feat xlink:href="#sPointingRel853" value="dep"/>
		<feat xlink:href="#sPointingRel854" value="punct"/>
		<feat xlink:href="#sPointingRel855" value="appos"/>
		<feat xlink:href="#sPointingRel856" value="punct"/>
		<feat xlink:href="#sPointingRel857" value="case"/>
		<feat xlink:href="#sPointingRel858" value="det"/>
		<feat xlink:href="#sPointingRel859" value="nmod"/>
		<feat xlink:href="#sPointingRel861" value="case"/>
		<feat xlink:href="#sPointingRel862" value="compound"/>
		<feat xlink:href="#sPointingRel863" value="nmod"/>
		<feat xlink:href="#sPointingRel865" value="cop"/>
		<feat xlink:href="#sPointingRel866" value="advmod"/>
		<feat xlink:href="#sPointingRel867" value="amod"/>
		<feat xlink:href="#sPointingRel868" value="acl"/>
		<feat xlink:href="#sPointingRel869" value="case"/>
		<feat xlink:href="#sPointingRel870" value="obl"/>
		<feat xlink:href="#sPointingRel872" value="punct"/>
		<feat xlink:href="#sPointingRel873" value="nsubj:pass"/>
		<feat xlink:href="#sPointingRel874" value="aux:pass"/>
		<feat xlink:href="#sPointingRel875" value="advmod"/>
		<feat xlink:href="#sPointingRel876" value="case"/>
		<feat xlink:href="#sPointingRel877" value="det"/>
		<feat xlink:href="#sPointingRel878" value="compound"/>
		<feat xlink:href="#sPointingRel879" value="nmod"/>
		<feat xlink:href="#sPointingRel881" value="case"/>
		<feat xlink:href="#sPointingRel882" value="det"/>
		<feat xlink:href="#sPointingRel883" value="compound"/>
		<feat xlink:href="#sPointingRel884" value="flat"/>
		<feat xlink:href="#sPointingRel885" value="obl"/>
		<feat xlink:href="#sPointingRel887" value="punct"/>
		<feat xlink:href="#sPointingRel888" value="expl"/>
		<feat xlink:href="#sPointingRel889" value="advmod"/>
		<feat xlink:href="#sPointingRel890" value="amod"/>
		<feat xlink:href="#sPointingRel891" value="amod"/>
		<feat xlink:href="#sPointingRel892" value="compound"/>
		<feat xlink:href="#sPointingRel893" value="nsubj"/>
		<feat xlink:href="#sPointingRel894" value="case"/>
		<feat xlink:href="#sPointingRel895" value="obl"/>
		<feat xlink:href="#sPointingRel897" value="case"/>
		<feat xlink:href="#sPointingRel898" value="nmod"/>
		<feat xlink:href="#sPointingRel900" value="punct"/>
		<feat xlink:href="#sPointingRel901" value="advmod"/>
		<feat xlink:href="#sPointingRel902" value="case"/>
		<feat xlink:href="#sPointingRel903" value="nmod"/>
		<feat xlink:href="#sPointingRel905" value="punct"/>
		<feat xlink:href="#sPointingRel906" value="cc"/>
		<feat xlink:href="#sPointingRel907" value="case"/>
		<feat xlink:href="#sPointingRel908" value="conj"/>
		<feat xlink:href="#sPointingRel911" value="punct"/>
		<feat xlink:href="#sPointingRel912" value="advmod"/>
		<feat xlink:href="#sPointingRel913" value="case"/>
		<feat xlink:href="#sPointingRel914" value="nmod"/>
		<feat xlink:href="#sPointingRel916" value="punct"/>
		<feat xlink:href="#sPointingRel917" value="punct"/>
		<feat xlink:href="#sPointingRel918" value="advmod"/>
		<feat xlink:href="#sPointingRel919" value="nsubj"/>
		<feat xlink:href="#sPointingRel920" value="acl:relcl"/>
		<feat xlink:href="#sPointingRel921" value="case"/>
		<feat xlink:href="#sPointingRel922" value="obl"/>
		<feat xlink:href="#sPointingRel924" value="case"/>
		<feat xlink:href="#sPointingRel925" value="compound"/>
		<feat xlink:href="#sPointingRel926" value="nmod"/>
		<feat xlink:href="#sPointingRel928" value="punct"/>
		<feat xlink:href="#sPointingRel929" value="advmod"/>
		<feat xlink:href="#sPointingRel930" value="amod"/>
		<feat xlink:href="#sPointingRel931" value="compound"/>
		<feat xlink:href="#sPointingRel932" value="nsubj"/>
		<feat xlink:href="#sPointingRel933" value="case"/>
		<feat xlink:href="#sPointingRel934" value="nmod"/>
		<feat xlink:href="#sPointingRel936" value="case"/>
		<feat xlink:href="#sPointingRel937" value="nmod:poss"/>
		<feat xlink:href="#sPointingRel938" value="obl"/>
		<feat xlink:href="#sPointingRel940" value="punct"/>
		<feat xlink:href="#sPointingRel941" value="advmod"/>
		<feat xlink:href="#sPointingRel942" value="case"/>
		<feat xlink:href="#sPointingRel943" value="amod"/>
		<feat xlink:href="#sPointingRel944" value="obl"/>
		<feat xlink:href="#sPointingRel946" value="case"/>
		<feat xlink:href="#sPointingRel947" value="nmod"/>
		<feat xlink:href="#sPointingRel949" value="cc"/>
		<feat xlink:href="#sPointingRel950" value="conj"/>
		<feat xlink:href="#sPointingRel953" value="punct"/>
		<feat xlink:href="#sPointingRel954" value="nsubj"/>
		<feat xlink:href="#sPointingRel956" value="case"/>
		<feat xlink:href="#sPointingRel957" value="nmod"/>
		<feat xlink:href="#sPointingRel959" value="det"/>
		<feat xlink:href="#sPointingRel960" value="obj"/>
		<feat xlink:href="#sPointingRel961" value="appos"/>
		<feat xlink:href="#sPointingRel962" value="punct"/>
		<feat xlink:href="#sPointingRel963" value="acl"/>
		<feat xlink:href="#sPointingRel964" value="obj"/>
		<feat xlink:href="#sPointingRel965" value="punct"/>
		<feat xlink:href="#sPointingRel966" value="mark"/>
		<feat xlink:href="#sPointingRel967" value="advcl"/>
		<feat xlink:href="#sPointingRel969" value="case"/>
		<feat xlink:href="#sPointingRel970" value="nmod:poss"/>
		<feat xlink:href="#sPointingRel971" value="obl"/>
		<feat xlink:href="#sPointingRel973" value="advmod"/>
		<feat xlink:href="#sPointingRel974" value="nsubj"/>
		<feat xlink:href="#sPointingRel975" value="advcl"/>
		<feat xlink:href="#sPointingRel977" value="case"/>
		<feat xlink:href="#sPointingRel978" value="obl"/>
		<feat xlink:href="#sPointingRel980" value="fixed"/>
		<feat xlink:href="#sPointingRel981" value="punct"/>
		<feat xlink:href="#sPointingRel982" value="cc"/>
		<feat xlink:href="#sPointingRel985" value="conj"/>
		<feat xlink:href="#sPointingRel987" value="mark"/>
		<feat xlink:href="#sPointingRel988" value="orphan"/>
		<feat xlink:href="#sPointingRel990" value="nmod:poss"/>
		<feat xlink:href="#sPointingRel991" value="amod"/>
		<feat xlink:href="#sPointingRel992" value="obj"/>
		<feat xlink:href="#sPointingRel993" value="case"/>
		<feat xlink:href="#sPointingRel994" value="obl"/>
		<feat xlink:href="#sPointingRel996" value="case"/>
		<feat xlink:href="#sPointingRel997" value="amod"/>
		<feat xlink:href="#sPointingRel998" value="amod"/>
		<feat xlink:href="#sPointingRel999" value="nmod"/>
		<feat xlink:href="#sPointingRel1001" value="punct"/>
		<feat xlink:href="#sPointingRel1002" value="nsubj"/>
		<feat xlink:href="#sPointingRel1003" value="cop"/>
		<feat xlink:href="#sPointingRel1004" value="det"/>
		<feat xlink:href="#sPointingRel1005" value="amod"/>
		<feat xlink:href="#sPointingRel1006" value="nmod:poss"/>
		<feat xlink:href="#sPointingRel1007" value="nsubj"/>
		<feat xlink:href="#sPointingRel1008" value="case"/>
		<feat xlink:href="#sPointingRel1009" value="amod"/>
		<feat xlink:href="#sPointingRel1010" value="nmod"/>
		<feat xlink:href="#sPointingRel1012" value="aux"/>
		<feat xlink:href="#sPointingRel1013" value="aux"/>
		<feat xlink:href="#sPointingRel1014" value="acl:relcl"/>
		<feat xlink:href="#sPointingRel1015" value="advmod"/>
		<feat xlink:href="#sPointingRel1016" value="case"/>
		<feat xlink:href="#sPointingRel1017" value="det"/>
		<feat xlink:href="#sPointingRel1018" value="amod"/>
		<feat xlink:href="#sPointingRel1019" value="obl"/>
		<feat xlink:href="#sPointingRel1021" value="punct"/>
		<feat xlink:href="#sPointingRel1022" value="expl"/>
		<feat xlink:href="#sPointingRel1023" value="cop"/>
		<feat xlink:href="#sPointingRel1024" value="mark"/>
		<feat xlink:href="#sPointingRel1025" value="csubj"/>
		<feat xlink:href="#sPointingRel1026" value="det"/>
		<feat xlink:href="#sPointingRel1027" value="compound"/>
		<feat xlink:href="#sPointingRel1028" value="obj"/>
		<feat xlink:href="#sPointingRel1029" value="case"/>
		<feat xlink:href="#sPointingRel1030" value="nmod"/>
		<feat xlink:href="#sPointingRel1032" value="punct"/>
		<feat xlink:href="#sPointingRel1033" value="mark"/>
		<feat xlink:href="#sPointingRel1034" value="nsubj"/>
		<feat xlink:href="#sPointingRel1035" value="case"/>
		<feat xlink:href="#sPointingRel1036" value="det"/>
		<feat xlink:href="#sPointingRel1037" value="compound"/>
		<feat xlink:href="#sPointingRel1038" value="nmod"/>
		<feat xlink:href="#sPointingRel1040" value="acl"/>
		<feat xlink:href="#sPointingRel1041" value="case"/>
		<feat xlink:href="#sPointingRel1042" value="det"/>
		<feat xlink:href="#sPointingRel1043" value="obl"/>
		<feat xlink:href="#sPointingRel1045" value="advcl"/>
		<feat xlink:href="#sPointingRel1047" value="case"/>
		<feat xlink:href="#sPointingRel1048" value="amod"/>
		<feat xlink:href="#sPointingRel1049" value="obl"/>
		<feat xlink:href="#sPointingRel1051" value="cc"/>
		<feat xlink:href="#sPointingRel1052" value="case"/>
		<feat xlink:href="#sPointingRel1053" value="amod"/>
		<feat xlink:href="#sPointingRel1054" value="conj"/>
		<feat xlink:href="#sPointingRel1057" value="punct"/>
		<feat xlink:href="#sPointingRel1058" value="det"/>
		<feat xlink:href="#sPointingRel1059" value="nsubj:pass"/>
		<feat xlink:href="#sPointingRel1060" value="aux:pass"/>
		<feat xlink:href="#sPointingRel1061" value="cc:preconj"/>
		<feat xlink:href="#sPointingRel1062" value="case"/>
		<feat xlink:href="#sPointingRel1063" value="obl"/>
		<feat xlink:href="#sPointingRel1065" value="cc"/>
		<feat xlink:href="#sPointingRel1066" value="case"/>
		<feat xlink:href="#sPointingRel1067" value="det"/>
		<feat xlink:href="#sPointingRel1068" value="amod"/>
		<feat xlink:href="#sPointingRel1069" value="conj"/>
		<feat xlink:href="#sPointingRel1072" value="punct"/></featList></paula>