<?xml version='1.0' encoding='UTF-8'?><!DOCTYPE paula SYSTEM "paula_rel.dtd">
<paula version="1.1">
	<header paula_id="edep.GUM_academic_eegimaa.edep"/>
	<relList xmlns:xlink="http://www.w3.org/1999/xlink" type="edep">
		<rel id="sPointingRel6" xlink:href="GUM_academic_eegimaa.tok.xml#sTok3" target="GUM_academic_eegimaa.tok.xml#sTok6"/>
		<rel id="sPointingRel10" xlink:href="GUM_academic_eegimaa.tok.xml#sTok3" target="GUM_academic_eegimaa.tok.xml#sTok9"/>
		<rel id="sPointingRel21" xlink:href="GUM_academic_eegimaa.tok.xml#sTok18" target="GUM_academic_eegimaa.tok.xml#sTok20"/>
		<rel id="sPointingRel34" xlink:href="GUM_academic_eegimaa.tok.xml#sTok13" target="GUM_academic_eegimaa.tok.xml#sTok32"/>
		<rel id="sPointingRel35" xlink:href="GUM_academic_eegimaa.tok.xml#sTok16" target="GUM_academic_eegimaa.tok.xml#sTok32"/>
		<rel id="sPointingRel39" xlink:href="GUM_academic_eegimaa.tok.xml#sTok13" target="GUM_academic_eegimaa.tok.xml#sTok35"/>
		<rel id="sPointingRel40" xlink:href="GUM_academic_eegimaa.tok.xml#sTok16" target="GUM_academic_eegimaa.tok.xml#sTok35"/>
		<rel id="sPointingRel49" xlink:href="GUM_academic_eegimaa.tok.xml#sTok40" target="GUM_academic_eegimaa.tok.xml#sTok44"/>
		<rel id="sPointingRel54" xlink:href="GUM_academic_eegimaa.tok.xml#sTok44" target="GUM_academic_eegimaa.tok.xml#sTok48"/>
		<rel id="sPointingRel64" xlink:href="GUM_academic_eegimaa.tok.xml#sTok77" target="GUM_academic_eegimaa.tok.xml#sTok58"/>
		<rel id="sPointingRel67" xlink:href="GUM_academic_eegimaa.tok.xml#sTok58" target="GUM_academic_eegimaa.tok.xml#sTok60"/>
		<rel id="sPointingRel78" xlink:href="GUM_academic_eegimaa.tok.xml#sTok64" target="GUM_academic_eegimaa.tok.xml#sTok70"/>
		<rel id="sPointingRel84" xlink:href="GUM_academic_eegimaa.tok.xml#sTok64" target="GUM_academic_eegimaa.tok.xml#sTok75"/>
		<rel id="sPointingRel85" xlink:href="GUM_academic_eegimaa.tok.xml#sTok70" target="GUM_academic_eegimaa.tok.xml#sTok75"/>
		<rel id="sPointingRel88" xlink:href="GUM_academic_eegimaa.tok.xml#sTok52" target="GUM_academic_eegimaa.tok.xml#sTok77"/>
		<rel id="sPointingRel92" xlink:href="GUM_academic_eegimaa.tok.xml#sTok77" target="GUM_academic_eegimaa.tok.xml#sTok80"/>
		<rel id="sPointingRel96" xlink:href="GUM_academic_eegimaa.tok.xml#sTok77" target="GUM_academic_eegimaa.tok.xml#sTok83"/>
		<rel id="sPointingRel108" xlink:href="GUM_academic_eegimaa.tok.xml#sTok90" target="GUM_academic_eegimaa.tok.xml#sTok95"/>
		<rel id="sPointingRel112" xlink:href="GUM_academic_eegimaa.tok.xml#sTok95" target="GUM_academic_eegimaa.tok.xml#sTok98"/>
		<rel id="sPointingRel128" xlink:href="GUM_academic_eegimaa.tok.xml#sTok106" target="GUM_academic_eegimaa.tok.xml#sTok113"/>
		<rel id="sPointingRel129" xlink:href="GUM_academic_eegimaa.tok.xml#sTok114" target="GUM_academic_eegimaa.tok.xml#sTok113"/>
		<rel id="sPointingRel135" xlink:href="GUM_academic_eegimaa.tok.xml#sTok114" target="GUM_academic_eegimaa.tok.xml#sTok118"/>
		<rel id="sPointingRel136" xlink:href="GUM_academic_eegimaa.tok.xml#sTok116" target="GUM_academic_eegimaa.tok.xml#sTok118"/>
		<rel id="sPointingRel140" xlink:href="GUM_academic_eegimaa.tok.xml#sTok114" target="GUM_academic_eegimaa.tok.xml#sTok121"/>
		<rel id="sPointingRel141" xlink:href="GUM_academic_eegimaa.tok.xml#sTok116" target="GUM_academic_eegimaa.tok.xml#sTok121"/>
		<rel id="sPointingRel151" xlink:href="GUM_academic_eegimaa.tok.xml#sTok129" target="GUM_academic_eegimaa.tok.xml#sTok131"/>
		<rel id="sPointingRel160" xlink:href="GUM_academic_eegimaa.tok.xml#sTok131" target="GUM_academic_eegimaa.tok.xml#sTok139"/>
		<rel id="sPointingRel164" xlink:href="GUM_academic_eegimaa.tok.xml#sTok139" target="GUM_academic_eegimaa.tok.xml#sTok142"/>
		<rel id="sPointingRel171" xlink:href="GUM_academic_eegimaa.tok.xml#sTok142" target="GUM_academic_eegimaa.tok.xml#sTok148"/>
		<rel id="sPointingRel177" xlink:href="GUM_academic_eegimaa.tok.xml#sTok150" target="GUM_academic_eegimaa.tok.xml#sTok153"/>
		<rel id="sPointingRel182" xlink:href="GUM_academic_eegimaa.tok.xml#sTok155" target="GUM_academic_eegimaa.tok.xml#sTok158"/>
		<rel id="sPointingRel189" xlink:href="GUM_academic_eegimaa.tok.xml#sTok155" target="GUM_academic_eegimaa.tok.xml#sTok164"/>
		<rel id="sPointingRel190" xlink:href="GUM_academic_eegimaa.tok.xml#sTok158" target="GUM_academic_eegimaa.tok.xml#sTok164"/>
		<rel id="sPointingRel194" xlink:href="GUM_academic_eegimaa.tok.xml#sTok164" target="GUM_academic_eegimaa.tok.xml#sTok167"/>
		<rel id="sPointingRel198" xlink:href="GUM_academic_eegimaa.tok.xml#sTok155" target="GUM_academic_eegimaa.tok.xml#sTok170"/>
		<rel id="sPointingRel199" xlink:href="GUM_academic_eegimaa.tok.xml#sTok158" target="GUM_academic_eegimaa.tok.xml#sTok170"/>
		<rel id="sPointingRel206" xlink:href="GUM_academic_eegimaa.tok.xml#sTok174" target="GUM_academic_eegimaa.tok.xml#sTok176"/>
		<rel id="sPointingRel212" xlink:href="GUM_academic_eegimaa.tok.xml#sTok179" target="GUM_academic_eegimaa.tok.xml#sTok181"/>
		<rel id="sPointingRel218" xlink:href="GUM_academic_eegimaa.tok.xml#sTok185" target="GUM_academic_eegimaa.tok.xml#sTok187"/>
		<rel id="sPointingRel225" xlink:href="GUM_academic_eegimaa.tok.xml#sTok190" target="GUM_academic_eegimaa.tok.xml#sTok193"/>
		<rel id="sPointingRel231" xlink:href="GUM_academic_eegimaa.tok.xml#sTok194" target="GUM_academic_eegimaa.tok.xml#sTok199"/>
		<rel id="sPointingRel242" xlink:href="GUM_academic_eegimaa.tok.xml#sTok205" target="GUM_academic_eegimaa.tok.xml#sTok209"/>
		<rel id="sPointingRel250" xlink:href="GUM_academic_eegimaa.tok.xml#sTok215" target="GUM_academic_eegimaa.tok.xml#sTok217"/>
		<rel id="sPointingRel258" xlink:href="GUM_academic_eegimaa.tok.xml#sTok221" target="GUM_academic_eegimaa.tok.xml#sTok224"/>
		<rel id="sPointingRel263" xlink:href="GUM_academic_eegimaa.tok.xml#sTok225" target="GUM_academic_eegimaa.tok.xml#sTok228"/>
		<rel id="sPointingRel266" xlink:href="GUM_academic_eegimaa.tok.xml#sTok228" target="GUM_academic_eegimaa.tok.xml#sTok230"/>
		<rel id="sPointingRel276" xlink:href="GUM_academic_eegimaa.tok.xml#sTok234" target="GUM_academic_eegimaa.tok.xml#sTok239"/>
		<rel id="sPointingRel279" xlink:href="GUM_academic_eegimaa.tok.xml#sTok239" target="GUM_academic_eegimaa.tok.xml#sTok241"/>
		<rel id="sPointingRel283" xlink:href="GUM_academic_eegimaa.tok.xml#sTok239" target="GUM_academic_eegimaa.tok.xml#sTok244"/>
		<rel id="sPointingRel286" xlink:href="GUM_academic_eegimaa.tok.xml#sTok244" target="GUM_academic_eegimaa.tok.xml#sTok246"/>
		<rel id="sPointingRel296" xlink:href="GUM_academic_eegimaa.tok.xml#sTok262" target="GUM_academic_eegimaa.tok.xml#sTok256"/>
		<rel id="sPointingRel300" xlink:href="GUM_academic_eegimaa.tok.xml#sTok252" target="GUM_academic_eegimaa.tok.xml#sTok259"/>
		<rel id="sPointingRel303" xlink:href="GUM_academic_eegimaa.tok.xml#sTok256" target="GUM_academic_eegimaa.tok.xml#sTok261"/>
		<rel id="sPointingRel312" xlink:href="GUM_academic_eegimaa.tok.xml#sTok266" target="GUM_academic_eegimaa.tok.xml#sTok269"/>
		<rel id="sPointingRel313" xlink:href="GUM_academic_eegimaa.tok.xml#sTok271" target="GUM_academic_eegimaa.tok.xml#sTok269"/>
		<rel id="sPointingRel316" xlink:href="GUM_academic_eegimaa.tok.xml#sTok262" target="GUM_academic_eegimaa.tok.xml#sTok271"/>
		<rel id="sPointingRel319" xlink:href="GUM_academic_eegimaa.tok.xml#sTok274" target="GUM_academic_eegimaa.tok.xml#sTok273"/>
		<rel id="sPointingRel320" xlink:href="GUM_academic_eegimaa.tok.xml#sTok259" target="GUM_academic_eegimaa.tok.xml#sTok274"/>
		<rel id="sPointingRel324" xlink:href="GUM_academic_eegimaa.tok.xml#sTok274" target="GUM_academic_eegimaa.tok.xml#sTok277"/>
		<rel id="sPointingRel328" xlink:href="GUM_academic_eegimaa.tok.xml#sTok274" target="GUM_academic_eegimaa.tok.xml#sTok280"/>
		<rel id="sPointingRel332" xlink:href="GUM_academic_eegimaa.tok.xml#sTok280" target="GUM_academic_eegimaa.tok.xml#sTok283"/>
		<rel id="sPointingRel333" xlink:href="GUM_academic_eegimaa.tok.xml#sTok281" target="GUM_academic_eegimaa.tok.xml#sTok283"/>
		<rel id="sPointingRel336" xlink:href="GUM_academic_eegimaa.tok.xml#sTok280" target="GUM_academic_eegimaa.tok.xml#sTok285"/>
		<rel id="sPointingRel341" xlink:href="GUM_academic_eegimaa.tok.xml#sTok287" target="GUM_academic_eegimaa.tok.xml#sTok289"/>
		<rel id="sPointingRel344" xlink:href="GUM_academic_eegimaa.tok.xml#sTok287" target="GUM_academic_eegimaa.tok.xml#sTok291"/>
		<rel id="sPointingRel345" xlink:href="GUM_academic_eegimaa.tok.xml#sTok289" target="GUM_academic_eegimaa.tok.xml#sTok291"/>
		<rel id="sPointingRel352" xlink:href="GUM_academic_eegimaa.tok.xml#sTok305" target="GUM_academic_eegimaa.tok.xml#sTok297"/>
		<rel id="sPointingRel359" xlink:href="GUM_academic_eegimaa.tok.xml#sTok301" target="GUM_academic_eegimaa.tok.xml#sTok303"/>
		<rel id="sPointingRel367" xlink:href="GUM_academic_eegimaa.tok.xml#sTok305" target="GUM_academic_eegimaa.tok.xml#sTok311"/>
		<rel id="sPointingRel375" xlink:href="GUM_academic_eegimaa.tok.xml#sTok316" target="GUM_academic_eegimaa.tok.xml#sTok318"/>
		<rel id="sPointingRel377" xlink:href="GUM_academic_eegimaa.tok.xml#sTok305" target="GUM_academic_eegimaa.tok.xml#sTok319"/>
		<rel id="sPointingRel381" xlink:href="GUM_academic_eegimaa.tok.xml#sTok319" target="GUM_academic_eegimaa.tok.xml#sTok322"/>
		<rel id="sPointingRel385" xlink:href="GUM_academic_eegimaa.tok.xml#sTok322" target="GUM_academic_eegimaa.tok.xml#sTok325"/>
		<rel id="sPointingRel392" xlink:href="GUM_academic_eegimaa.tok.xml#sTok322" target="GUM_academic_eegimaa.tok.xml#sTok331"/>
		<rel id="sPointingRel393" xlink:href="GUM_academic_eegimaa.tok.xml#sTok325" target="GUM_academic_eegimaa.tok.xml#sTok331"/>
		<rel id="sPointingRel399" xlink:href="GUM_academic_eegimaa.tok.xml#sTok334" target="GUM_academic_eegimaa.tok.xml#sTok336"/>
		<rel id="sPointingRel406" xlink:href="GUM_academic_eegimaa.tok.xml#sTok340" target="GUM_academic_eegimaa.tok.xml#sTok342"/>
		<rel id="sPointingRel409" xlink:href="GUM_academic_eegimaa.tok.xml#sTok340" target="GUM_academic_eegimaa.tok.xml#sTok344"/>
		<rel id="sPointingRel410" xlink:href="GUM_academic_eegimaa.tok.xml#sTok342" target="GUM_academic_eegimaa.tok.xml#sTok344"/>
		<rel id="sPointingRel421" xlink:href="GUM_academic_eegimaa.tok.xml#sTok353" target="GUM_academic_eegimaa.tok.xml#sTok355"/>
		<rel id="sPointingRel424" xlink:href="GUM_academic_eegimaa.tok.xml#sTok349" target="GUM_academic_eegimaa.tok.xml#sTok357"/>
		<rel id="sPointingRel430" xlink:href="GUM_academic_eegimaa.tok.xml#sTok357" target="GUM_academic_eegimaa.tok.xml#sTok362"/>
		<rel id="sPointingRel436" xlink:href="GUM_academic_eegimaa.tok.xml#sTok364" target="GUM_academic_eegimaa.tok.xml#sTok367"/>
		<rel id="sPointingRel443" xlink:href="GUM_academic_eegimaa.tok.xml#sTok370" target="GUM_academic_eegimaa.tok.xml#sTok374"/>
		<rel id="sPointingRel448" xlink:href="GUM_academic_eegimaa.tok.xml#sTok374" target="GUM_academic_eegimaa.tok.xml#sTok378"/>
		<rel id="sPointingRel451" xlink:href="GUM_academic_eegimaa.tok.xml#sTok370" target="GUM_academic_eegimaa.tok.xml#sTok380"/>
		<rel id="sPointingRel459" xlink:href="GUM_academic_eegimaa.tok.xml#sTok385" target="GUM_academic_eegimaa.tok.xml#sTok387"/>
		<rel id="sPointingRel464" xlink:href="GUM_academic_eegimaa.tok.xml#sTok389" target="GUM_academic_eegimaa.tok.xml#sTok392"/>
		<rel id="sPointingRel471" xlink:href="GUM_academic_eegimaa.tok.xml#sTok395" target="GUM_academic_eegimaa.tok.xml#sTok398"/>
		<rel id="sPointingRel475" xlink:href="GUM_academic_eegimaa.tok.xml#sTok416" target="GUM_academic_eegimaa.tok.xml#sTok401"/>
		<rel id="sPointingRel486" xlink:href="GUM_academic_eegimaa.tok.xml#sTok409" target="GUM_academic_eegimaa.tok.xml#sTok411"/>
		<rel id="sPointingRel496" xlink:href="GUM_academic_eegimaa.tok.xml#sTok419" target="GUM_academic_eegimaa.tok.xml#sTok421"/>
		<rel id="sPointingRel501" xlink:href="GUM_academic_eegimaa.tok.xml#sTok417" target="GUM_academic_eegimaa.tok.xml#sTok425"/>
		<rel id="sPointingRel505" xlink:href="GUM_academic_eegimaa.tok.xml#sTok435" target="GUM_academic_eegimaa.tok.xml#sTok428"/>
		<rel id="sPointingRel509" xlink:href="GUM_academic_eegimaa.tok.xml#sTok428" target="GUM_academic_eegimaa.tok.xml#sTok431"/>
		<rel id="sPointingRel518" xlink:href="GUM_academic_eegimaa.tok.xml#sTok417" target="GUM_academic_eegimaa.tok.xml#sTok439"/>
		<rel id="sPointingRel519" xlink:href="GUM_academic_eegimaa.tok.xml#sTok441" target="GUM_academic_eegimaa.tok.xml#sTok439"/>
		<rel id="sPointingRel521" xlink:href="GUM_academic_eegimaa.tok.xml#sTok439" target="GUM_academic_eegimaa.tok.xml#sTok440"/>
		<rel id="sPointingRel528" xlink:href="GUM_academic_eegimaa.tok.xml#sTok443" target="GUM_academic_eegimaa.tok.xml#sTok446"/>
		<rel id="sPointingRel544" xlink:href="GUM_academic_eegimaa.tok.xml#sTok451" target="GUM_academic_eegimaa.tok.xml#sTok462"/>
		<rel id="sPointingRel553" xlink:href="GUM_academic_eegimaa.tok.xml#sTok468" target="GUM_academic_eegimaa.tok.xml#sTok470"/>
		<rel id="sPointingRel556" xlink:href="GUM_academic_eegimaa.tok.xml#sTok470" target="GUM_academic_eegimaa.tok.xml#sTok472"/>
		<rel id="sPointingRel559" xlink:href="GUM_academic_eegimaa.tok.xml#sTok470" target="GUM_academic_eegimaa.tok.xml#sTok474"/>
		<rel id="sPointingRel560" xlink:href="GUM_academic_eegimaa.tok.xml#sTok472" target="GUM_academic_eegimaa.tok.xml#sTok474"/>
		<rel id="sPointingRel570" xlink:href="GUM_academic_eegimaa.tok.xml#sTok488" target="GUM_academic_eegimaa.tok.xml#sTok484"/>
		<rel id="sPointingRel572" xlink:href="GUM_academic_eegimaa.tok.xml#sTok484" target="GUM_academic_eegimaa.tok.xml#sTok485"/>
		<rel id="sPointingRel579" xlink:href="GUM_academic_eegimaa.tok.xml#sTok488" target="GUM_academic_eegimaa.tok.xml#sTok491"/>
		<rel id="sPointingRel582" xlink:href="GUM_academic_eegimaa.tok.xml#sTok491" target="GUM_academic_eegimaa.tok.xml#sTok493"/>
		<rel id="sPointingRel585" xlink:href="GUM_academic_eegimaa.tok.xml#sTok491" target="GUM_academic_eegimaa.tok.xml#sTok495"/>
		<rel id="sPointingRel586" xlink:href="GUM_academic_eegimaa.tok.xml#sTok493" target="GUM_academic_eegimaa.tok.xml#sTok495"/>
		<rel id="sPointingRel592" xlink:href="GUM_academic_eegimaa.tok.xml#sTok488" target="GUM_academic_eegimaa.tok.xml#sTok500"/>
		<rel id="sPointingRel595" xlink:href="GUM_academic_eegimaa.tok.xml#sTok500" target="GUM_academic_eegimaa.tok.xml#sTok502"/>
		<rel id="sPointingRel602" xlink:href="GUM_academic_eegimaa.tok.xml#sTok506" target="GUM_academic_eegimaa.tok.xml#sTok508"/>
		<rel id="sPointingRel603" xlink:href="GUM_academic_eegimaa.tok.xml#sTok529" target="GUM_academic_eegimaa.tok.xml#sTok508"/>
		<rel id="sPointingRel610" xlink:href="GUM_academic_eegimaa.tok.xml#sTok511" target="GUM_academic_eegimaa.tok.xml#sTok514"/>
		<rel id="sPointingRel613" xlink:href="GUM_academic_eegimaa.tok.xml#sTok514" target="GUM_academic_eegimaa.tok.xml#sTok516"/>
		<rel id="sPointingRel623" xlink:href="GUM_academic_eegimaa.tok.xml#sTok521" target="GUM_academic_eegimaa.tok.xml#sTok525"/>
		<rel id="sPointingRel634" xlink:href="GUM_academic_eegimaa.tok.xml#sTok533" target="GUM_academic_eegimaa.tok.xml#sTok536"/>
		<rel id="sPointingRel635" xlink:href="GUM_academic_eegimaa.tok.xml#sTok538" target="GUM_academic_eegimaa.tok.xml#sTok536"/>
		<rel id="sPointingRel641" xlink:href="GUM_academic_eegimaa.tok.xml#sTok530" target="GUM_academic_eegimaa.tok.xml#sTok541"/>
		<rel id="sPointingRel645" xlink:href="GUM_academic_eegimaa.tok.xml#sTok530" target="GUM_academic_eegimaa.tok.xml#sTok544"/>
		<rel id="sPointingRel646" xlink:href="GUM_academic_eegimaa.tok.xml#sTok541" target="GUM_academic_eegimaa.tok.xml#sTok544"/>
		<rel id="sPointingRel650" xlink:href="GUM_academic_eegimaa.tok.xml#sTok559" target="GUM_academic_eegimaa.tok.xml#sTok547"/>
		<rel id="sPointingRel654" xlink:href="GUM_academic_eegimaa.tok.xml#sTok547" target="GUM_academic_eegimaa.tok.xml#sTok550"/>
		<rel id="sPointingRel657" xlink:href="GUM_academic_eegimaa.tok.xml#sTok550" target="GUM_academic_eegimaa.tok.xml#sTok552"/>
		<rel id="sPointingRel661" xlink:href="GUM_academic_eegimaa.tok.xml#sTok530" target="GUM_academic_eegimaa.tok.xml#sTok555"/>
		<rel id="sPointingRel668" xlink:href="GUM_academic_eegimaa.tok.xml#sTok559" target="GUM_academic_eegimaa.tok.xml#sTok561"/>
		<rel id="sPointingRel674" xlink:href="GUM_academic_eegimaa.tok.xml#sTok566" target="GUM_academic_eegimaa.tok.xml#sTok568"/>
		<rel id="sPointingRel680" xlink:href="GUM_academic_eegimaa.tok.xml#sTok570" target="GUM_academic_eegimaa.tok.xml#sTok573"/>
		<rel id="sPointingRel689" xlink:href="GUM_academic_eegimaa.tok.xml#sTok578" target="GUM_academic_eegimaa.tok.xml#sTok583"/>
		<rel id="sPointingRel706" xlink:href="GUM_academic_eegimaa.tok.xml#sTok598" target="GUM_academic_eegimaa.tok.xml#sTok601"/>
		<rel id="sPointingRel707" xlink:href="GUM_academic_eegimaa.tok.xml#sTok603" target="GUM_academic_eegimaa.tok.xml#sTok601"/>
		<rel id="sPointingRel709" xlink:href="GUM_academic_eegimaa.tok.xml#sTok601" target="GUM_academic_eegimaa.tok.xml#sTok602"/>
		<rel id="sPointingRel722" xlink:href="GUM_academic_eegimaa.tok.xml#sTok612" target="GUM_academic_eegimaa.tok.xml#sTok615"/>
		<rel id="sPointingRel726" xlink:href="GUM_academic_eegimaa.tok.xml#sTok615" target="GUM_academic_eegimaa.tok.xml#sTok618"/>
		<rel id="sPointingRel729" xlink:href="GUM_academic_eegimaa.tok.xml#sTok618" target="GUM_academic_eegimaa.tok.xml#sTok620"/>
		<rel id="sPointingRel738" xlink:href="GUM_academic_eegimaa.tok.xml#sTok625" target="GUM_academic_eegimaa.tok.xml#sTok628"/>
		<rel id="sPointingRel741" xlink:href="GUM_academic_eegimaa.tok.xml#sTok628" target="GUM_academic_eegimaa.tok.xml#sTok630"/>
		<rel id="sPointingRel749" xlink:href="GUM_academic_eegimaa.tok.xml#sTok632" target="GUM_academic_eegimaa.tok.xml#sTok638"/>
		<rel id="sPointingRel750" xlink:href="GUM_academic_eegimaa.tok.xml#sTok633" target="GUM_academic_eegimaa.tok.xml#sTok638"/>
		<rel id="sPointingRel756" xlink:href="GUM_academic_eegimaa.tok.xml#sTok640" target="GUM_academic_eegimaa.tok.xml#sTok643"/>
		<rel id="sPointingRel760" xlink:href="GUM_academic_eegimaa.tok.xml#sTok640" target="GUM_academic_eegimaa.tok.xml#sTok646"/>
		<rel id="sPointingRel765" xlink:href="GUM_academic_eegimaa.tok.xml#sTok654" target="GUM_academic_eegimaa.tok.xml#sTok650"/>
		<rel id="sPointingRel767" xlink:href="GUM_academic_eegimaa.tok.xml#sTok650" target="GUM_academic_eegimaa.tok.xml#sTok651"/>
		<rel id="sPointingRel773" xlink:href="GUM_academic_eegimaa.tok.xml#sTok654" target="GUM_academic_eegimaa.tok.xml#sTok656"/>
		<rel id="sPointingRel777" xlink:href="GUM_academic_eegimaa.tok.xml#sTok657" target="GUM_academic_eegimaa.tok.xml#sTok660"/>
		<rel id="sPointingRel778" xlink:href="GUM_academic_eegimaa.tok.xml#sTok658" target="GUM_academic_eegimaa.tok.xml#sTok660"/>
		<rel id="sPointingRel783" xlink:href="GUM_academic_eegimaa.tok.xml#sTok658" target="GUM_academic_eegimaa.tok.xml#sTok664"/>
		<rel id="sPointingRel786" xlink:href="GUM_academic_eegimaa.tok.xml#sTok664" target="GUM_academic_eegimaa.tok.xml#sTok666"/>
		<rel id="sPointingRel792" xlink:href="GUM_academic_eegimaa.tok.xml#sTok658" target="GUM_academic_eegimaa.tok.xml#sTok671"/>
		<rel id="sPointingRel796" xlink:href="GUM_academic_eegimaa.tok.xml#sTok657" target="GUM_academic_eegimaa.tok.xml#sTok674"/>
		<rel id="sPointingRel797" xlink:href="GUM_academic_eegimaa.tok.xml#sTok658" target="GUM_academic_eegimaa.tok.xml#sTok674"/>
		<rel id="sPointingRel802" xlink:href="GUM_academic_eegimaa.tok.xml#sTok674" target="GUM_academic_eegimaa.tok.xml#sTok678"/>
		<rel id="sPointingRel805" xlink:href="GUM_academic_eegimaa.tok.xml#sTok678" target="GUM_academic_eegimaa.tok.xml#sTok680"/>
		<rel id="sPointingRel811" xlink:href="GUM_academic_eegimaa.tok.xml#sTok674" target="GUM_academic_eegimaa.tok.xml#sTok685"/>
		<rel id="sPointingRel816" xlink:href="GUM_academic_eegimaa.tok.xml#sTok687" target="GUM_academic_eegimaa.tok.xml#sTok689"/>
		<rel id="sPointingRel819" xlink:href="GUM_academic_eegimaa.tok.xml#sTok687" target="GUM_academic_eegimaa.tok.xml#sTok691"/>
		<rel id="sPointingRel820" xlink:href="GUM_academic_eegimaa.tok.xml#sTok689" target="GUM_academic_eegimaa.tok.xml#sTok691"/>
		<rel id="sPointingRel832" xlink:href="GUM_academic_eegimaa.tok.xml#sTok698" target="GUM_academic_eegimaa.tok.xml#sTok702"/>
		<rel id="sPointingRel835" xlink:href="GUM_academic_eegimaa.tok.xml#sTok702" target="GUM_academic_eegimaa.tok.xml#sTok704"/>
		<rel id="sPointingRel839" xlink:href="GUM_academic_eegimaa.tok.xml#sTok698" target="GUM_academic_eegimaa.tok.xml#sTok707"/>
		<rel id="sPointingRel840" xlink:href="GUM_academic_eegimaa.tok.xml#sTok731" target="GUM_academic_eegimaa.tok.xml#sTok707"/>
		<rel id="sPointingRel845" xlink:href="GUM_academic_eegimaa.tok.xml#sTok707" target="GUM_academic_eegimaa.tok.xml#sTok711"/>
		<rel id="sPointingRel850" xlink:href="GUM_academic_eegimaa.tok.xml#sTok698" target="GUM_academic_eegimaa.tok.xml#sTok715"/>
		<rel id="sPointingRel851" xlink:href="GUM_academic_eegimaa.tok.xml#sTok731" target="GUM_academic_eegimaa.tok.xml#sTok715"/>
		<rel id="sPointingRel861" xlink:href="GUM_academic_eegimaa.tok.xml#sTok715" target="GUM_academic_eegimaa.tok.xml#sTok724"/>
		<rel id="sPointingRel865" xlink:href="GUM_academic_eegimaa.tok.xml#sTok724" target="GUM_academic_eegimaa.tok.xml#sTok727"/>
		<rel id="sPointingRel872" xlink:href="GUM_academic_eegimaa.tok.xml#sTok732" target="GUM_academic_eegimaa.tok.xml#sTok734"/>
		<rel id="sPointingRel881" xlink:href="GUM_academic_eegimaa.tok.xml#sTok739" target="GUM_academic_eegimaa.tok.xml#sTok743"/>
		<rel id="sPointingRel887" xlink:href="GUM_academic_eegimaa.tok.xml#sTok738" target="GUM_academic_eegimaa.tok.xml#sTok748"/>
		<rel id="sPointingRel897" xlink:href="GUM_academic_eegimaa.tok.xml#sTok751" target="GUM_academic_eegimaa.tok.xml#sTok758"/>
		<rel id="sPointingRel898" xlink:href="GUM_academic_eegimaa.tok.xml#sTok777" target="GUM_academic_eegimaa.tok.xml#sTok758"/>
		<rel id="sPointingRel901" xlink:href="GUM_academic_eegimaa.tok.xml#sTok758" target="GUM_academic_eegimaa.tok.xml#sTok760"/>
		<rel id="sPointingRel906" xlink:href="GUM_academic_eegimaa.tok.xml#sTok762" target="GUM_academic_eegimaa.tok.xml#sTok764"/>
		<rel id="sPointingRel911" xlink:href="GUM_academic_eegimaa.tok.xml#sTok751" target="GUM_academic_eegimaa.tok.xml#sTok768"/>
		<rel id="sPointingRel912" xlink:href="GUM_academic_eegimaa.tok.xml#sTok758" target="GUM_academic_eegimaa.tok.xml#sTok768"/>
		<rel id="sPointingRel917" xlink:href="GUM_academic_eegimaa.tok.xml#sTok770" target="GUM_academic_eegimaa.tok.xml#sTok772"/>
		<rel id="sPointingRel921" xlink:href="GUM_academic_eegimaa.tok.xml#sTok758" target="GUM_academic_eegimaa.tok.xml#sTok775"/>
		<rel id="sPointingRel926" xlink:href="GUM_academic_eegimaa.tok.xml#sTok777" target="GUM_academic_eegimaa.tok.xml#sTok779"/>
		<rel id="sPointingRel930" xlink:href="GUM_academic_eegimaa.tok.xml#sTok779" target="GUM_academic_eegimaa.tok.xml#sTok782"/>
		<rel id="sPointingRel938" xlink:href="GUM_academic_eegimaa.tok.xml#sTok787" target="GUM_academic_eegimaa.tok.xml#sTok789"/>
		<rel id="sPointingRel942" xlink:href="GUM_academic_eegimaa.tok.xml#sTok790" target="GUM_academic_eegimaa.tok.xml#sTok793"/>
		<rel id="sPointingRel948" xlink:href="GUM_academic_eegimaa.tok.xml#sTok790" target="GUM_academic_eegimaa.tok.xml#sTok798"/>
		<rel id="sPointingRel951" xlink:href="GUM_academic_eegimaa.tok.xml#sTok798" target="GUM_academic_eegimaa.tok.xml#sTok800"/>
		<rel id="sPointingRel954" xlink:href="GUM_academic_eegimaa.tok.xml#sTok798" target="GUM_academic_eegimaa.tok.xml#sTok802"/>
		<rel id="sPointingRel955" xlink:href="GUM_academic_eegimaa.tok.xml#sTok800" target="GUM_academic_eegimaa.tok.xml#sTok802"/>
		<rel id="sPointingRel958" xlink:href="GUM_academic_eegimaa.tok.xml#sTok828" target="GUM_academic_eegimaa.tok.xml#sTok804"/>
		<rel id="sPointingRel961" xlink:href="GUM_academic_eegimaa.tok.xml#sTok804" target="GUM_academic_eegimaa.tok.xml#sTok806"/>
		<rel id="sPointingRel971" xlink:href="GUM_academic_eegimaa.tok.xml#sTok807" target="GUM_academic_eegimaa.tok.xml#sTok816"/>
		<rel id="sPointingRel975" xlink:href="GUM_academic_eegimaa.tok.xml#sTok816" target="GUM_academic_eegimaa.tok.xml#sTok819"/>
		<rel id="sPointingRel979" xlink:href="GUM_academic_eegimaa.tok.xml#sTok816" target="GUM_academic_eegimaa.tok.xml#sTok822"/>
		<rel id="sPointingRel982" xlink:href="GUM_academic_eegimaa.tok.xml#sTok822" target="GUM_academic_eegimaa.tok.xml#sTok824"/>
		<rel id="sPointingRel986" xlink:href="GUM_academic_eegimaa.tok.xml#sTok828" target="GUM_academic_eegimaa.tok.xml#sTok827"/>
		<rel id="sPointingRel987" xlink:href="GUM_academic_eegimaa.tok.xml#sTok807" target="GUM_academic_eegimaa.tok.xml#sTok828"/>
		<rel id="sPointingRel989" xlink:href="GUM_academic_eegimaa.tok.xml#sTok828" target="GUM_academic_eegimaa.tok.xml#sTok829"/>
		<rel id="sPointingRel992" xlink:href="GUM_academic_eegimaa.tok.xml#sTok828" target="GUM_academic_eegimaa.tok.xml#sTok831"/>
		<rel id="sPointingRel998" xlink:href="GUM_academic_eegimaa.tok.xml#sTok831" target="GUM_academic_eegimaa.tok.xml#sTok836"/>
		<rel id="sPointingRel1003" xlink:href="GUM_academic_eegimaa.tok.xml#sTok836" target="GUM_academic_eegimaa.tok.xml#sTok840"/>
		<rel id="sPointingRel1010" xlink:href="GUM_academic_eegimaa.tok.xml#sTok846" target="GUM_academic_eegimaa.tok.xml#sTok847"/>
		<rel id="sPointingRel1015" xlink:href="GUM_academic_eegimaa.tok.xml#sTok848" target="GUM_academic_eegimaa.tok.xml#sTok851"/>
		<rel id="sPointingRel1024" xlink:href="GUM_academic_eegimaa.tok.xml#sTok854" target="GUM_academic_eegimaa.tok.xml#sTok859"/>
		<rel id="sPointingRel1035" xlink:href="GUM_academic_eegimaa.tok.xml#sTok868" target="GUM_academic_eegimaa.tok.xml#sTok870"/>
		<rel id="sPointingRel1043" xlink:href="GUM_academic_eegimaa.tok.xml#sTok873" target="GUM_academic_eegimaa.tok.xml#sTok877"/>
		<rel id="sPointingRel1048" xlink:href="GUM_academic_eegimaa.tok.xml#sTok878" target="GUM_academic_eegimaa.tok.xml#sTok881"/>
		<rel id="sPointingRel1050" xlink:href="GUM_academic_eegimaa.tok.xml#sTok863" target="GUM_academic_eegimaa.tok.xml#sTok882"/>
		<rel id="sPointingRel1054" xlink:href="GUM_academic_eegimaa.tok.xml#sTok882" target="GUM_academic_eegimaa.tok.xml#sTok885"/>
		<rel id="sPointingRel1059" xlink:href="GUM_academic_eegimaa.tok.xml#sTok882" target="GUM_academic_eegimaa.tok.xml#sTok889"/>
		<rel id="sPointingRel1060" xlink:href="GUM_academic_eegimaa.tok.xml#sTok885" target="GUM_academic_eegimaa.tok.xml#sTok889"/>
		<rel id="sPointingRel1068" xlink:href="GUM_academic_eegimaa.tok.xml#sTok894" target="GUM_academic_eegimaa.tok.xml#sTok897"/>
		<rel id="sPointingRel1074" xlink:href="GUM_academic_eegimaa.tok.xml#sTok894" target="GUM_academic_eegimaa.tok.xml#sTok902"/>
		<rel id="sPointingRel1075" xlink:href="GUM_academic_eegimaa.tok.xml#sTok897" target="GUM_academic_eegimaa.tok.xml#sTok902"/></relList></paula>