<?xml version='1.0' encoding='UTF-8'?><!DOCTYPE paula SYSTEM "paula_feat.dtd">
<paula version="1.1">
	<header paula_id="GUM_academic_eegimaa.tok_tok_func"/>
	<featList xmlns:xlink="http://www.w3.org/1999/xlink" type="tok_func" xml:base="GUM_academic_eegimaa.tok.xml">
		<feat xlink:href="#sTok1" value="dep"/>
		<feat xlink:href="#sTok2" value="compound"/>
		<feat xlink:href="#sTok3" value="root"/>
		<feat xlink:href="#sTok4" value="punct"/>
		<feat xlink:href="#sTok5" value="nmod:poss"/>
		<feat xlink:href="#sTok6" value="conj"/>
		<feat xlink:href="#sTok7" value="cc"/>
		<feat xlink:href="#sTok8" value="nmod:poss"/>
		<feat xlink:href="#sTok9" value="conj"/>
		<feat xlink:href="#sTok10" value="det"/>
		<feat xlink:href="#sTok11" value="nsubj"/>
		<feat xlink:href="#sTok12" value="advmod"/>
		<feat xlink:href="#sTok13" value="root"/>
		<feat xlink:href="#sTok14" value="det"/>
		<feat xlink:href="#sTok15" value="compound"/>
		<feat xlink:href="#sTok16" value="obj"/>
		<feat xlink:href="#sTok17" value="punct"/>
		<feat xlink:href="#sTok18" value="appos"/>
		<feat xlink:href="#sTok19" value="case"/>
		<feat xlink:href="#sTok20" value="nmod"/>
		<feat xlink:href="#sTok21" value="punct"/>
		<feat xlink:href="#sTok22" value="compound"/>
		<feat xlink:href="#sTok23" value="dep"/>
		<feat xlink:href="#sTok24" value="punct"/>
		<feat xlink:href="#sTok25" value="compound"/>
		<feat xlink:href="#sTok26" value="dep"/>
		<feat xlink:href="#sTok27" value="punct"/>
		<feat xlink:href="#sTok28" value="parataxis"/>
		<feat xlink:href="#sTok29" value="punct"/>
		<feat xlink:href="#sTok30" value="punct"/>
		<feat xlink:href="#sTok31" value="nmod:poss"/>
		<feat xlink:href="#sTok32" value="conj"/>
		<feat xlink:href="#sTok33" value="cc"/>
		<feat xlink:href="#sTok34" value="nmod:poss"/>
		<feat xlink:href="#sTok35" value="conj"/>
		<feat xlink:href="#sTok36" value="punct"/>
		<feat xlink:href="#sTok37" value="nsubj"/>
		<feat xlink:href="#sTok38" value="advmod"/>
		<feat xlink:href="#sTok39" value="root"/>
		<feat xlink:href="#sTok40" value="obj"/>
		<feat xlink:href="#sTok41" value="case"/>
		<feat xlink:href="#sTok42" value="det"/>
		<feat xlink:href="#sTok43" value="compound"/>
		<feat xlink:href="#sTok44" value="nmod"/>
		<feat xlink:href="#sTok45" value="case"/>
		<feat xlink:href="#sTok46" value="det"/>
		<feat xlink:href="#sTok47" value="compound"/>
		<feat xlink:href="#sTok48" value="nmod"/>
		<feat xlink:href="#sTok49" value="punct"/>
		<feat xlink:href="#sTok50" value="nsubj"/>
		<feat xlink:href="#sTok51" value="cop"/>
		<feat xlink:href="#sTok52" value="root"/>
		<feat xlink:href="#sTok53" value="punct"/>
		<feat xlink:href="#sTok54" value="mark"/>
		<feat xlink:href="#sTok55" value="mark"/>
		<feat xlink:href="#sTok56" value="nsubj"/>
		<feat xlink:href="#sTok57" value="aux"/>
		<feat xlink:href="#sTok58" value="advcl"/>
		<feat xlink:href="#sTok59" value="case"/>
		<feat xlink:href="#sTok60" value="obl"/>
		<feat xlink:href="#sTok61" value="dep"/>
		<feat xlink:href="#sTok62" value="advmod"/>
		<feat xlink:href="#sTok63" value="punct"/>
		<feat xlink:href="#sTok64" value="nsubj:pass"/>
		<feat xlink:href="#sTok65" value="case"/>
		<feat xlink:href="#sTok66" value="det"/>
		<feat xlink:href="#sTok67" value="compound"/>
		<feat xlink:href="#sTok68" value="compound"/>
		<feat xlink:href="#sTok69" value="compound"/>
		<feat xlink:href="#sTok70" value="nmod"/>
		<feat xlink:href="#sTok71" value="cc"/>
		<feat xlink:href="#sTok72" value="amod"/>
		<feat xlink:href="#sTok73" value="conj"/>
		<feat xlink:href="#sTok74" value="aux:pass"/>
		<feat xlink:href="#sTok75" value="advcl"/>
		<feat xlink:href="#sTok76" value="case"/>
		<feat xlink:href="#sTok77" value="compound"/>
		<feat xlink:href="#sTok78" value="obl"/>
		<feat xlink:href="#sTok79" value="case"/>
		<feat xlink:href="#sTok80" value="amod"/>
		<feat xlink:href="#sTok81" value="obl"/>
		<feat xlink:href="#sTok82" value="punct"/>
		<feat xlink:href="#sTok83" value="nsubj"/>
		<feat xlink:href="#sTok84" value="cop"/>
		<feat xlink:href="#sTok85" value="det"/>
		<feat xlink:href="#sTok86" value="compound"/>
		<feat xlink:href="#sTok87" value="root"/>
		<feat xlink:href="#sTok88" value="acl"/>
		<feat xlink:href="#sTok89" value="case"/>
		<feat xlink:href="#sTok90" value="det"/>
		<feat xlink:href="#sTok91" value="amod"/>
		<feat xlink:href="#sTok92" value="compound"/>
		<feat xlink:href="#sTok93" value="obl"/>
		<feat xlink:href="#sTok94" value="case"/>
		<feat xlink:href="#sTok95" value="amod"/>
		<feat xlink:href="#sTok96" value="nmod"/>
		<feat xlink:href="#sTok97" value="case"/>
		<feat xlink:href="#sTok98" value="det"/>
		<feat xlink:href="#sTok99" value="obl"/>
		<feat xlink:href="#sTok100" value="acl"/>
		<feat xlink:href="#sTok101" value="mark"/>
		<feat xlink:href="#sTok102" value="xcomp"/>
		<feat xlink:href="#sTok103" value="case"/>
		<feat xlink:href="#sTok104" value="nummod"/>
		<feat xlink:href="#sTok105" value="punct"/>
		<feat xlink:href="#sTok106" value="dep"/>
		<feat xlink:href="#sTok107" value="punct"/>
		<feat xlink:href="#sTok108" value="nmod:tmod"/>
		<feat xlink:href="#sTok109" value="punct"/>
		<feat xlink:href="#sTok110" value="cc"/>
		<feat xlink:href="#sTok111" value="conj"/>
		<feat xlink:href="#sTok112" value="obl"/>
		<feat xlink:href="#sTok113" value="punct"/>
		<feat xlink:href="#sTok114" value="dep"/>
		<feat xlink:href="#sTok115" value="punct"/>
		<feat xlink:href="#sTok116" value="conj"/>
		<feat xlink:href="#sTok117" value="punct"/>
		<feat xlink:href="#sTok118" value="cc"/>
		<feat xlink:href="#sTok119" value="conj"/>
		<feat xlink:href="#sTok120" value="punct"/>
		<feat xlink:href="#sTok121" value="nmod:tmod"/>
		<feat xlink:href="#sTok122" value="punct"/>
		<feat xlink:href="#sTok123" value="punct"/>
		<feat xlink:href="#sTok124" value="compound"/>
		<feat xlink:href="#sTok125" value="nsubj:pass"/>
		<feat xlink:href="#sTok126" value="aux:pass"/>
		<feat xlink:href="#sTok127" value="root"/>
		<feat xlink:href="#sTok128" value="case"/>
		<feat xlink:href="#sTok129" value="obl"/>
		<feat xlink:href="#sTok130" value="case"/>
		<feat xlink:href="#sTok131" value="nmod:poss"/>
		<feat xlink:href="#sTok132" value="case"/>
		<feat xlink:href="#sTok133" value="punct"/>
		<feat xlink:href="#sTok134" value="nmod:tmod"/>
		<feat xlink:href="#sTok135" value="punct"/>
		<feat xlink:href="#sTok136" value="compound"/>
		<feat xlink:href="#sTok137" value="nmod"/>
		<feat xlink:href="#sTok138" value="case"/>
		<feat xlink:href="#sTok139" value="amod"/>
		<feat xlink:href="#sTok140" value="nmod"/>
		<feat xlink:href="#sTok141" value="case"/>
		<feat xlink:href="#sTok142" value="det"/>
		<feat xlink:href="#sTok143" value="compound"/>
		<feat xlink:href="#sTok144" value="compound"/>
		<feat xlink:href="#sTok145" value="compound"/>
		<feat xlink:href="#sTok146" value="nmod"/>
		<feat xlink:href="#sTok147" value="punct"/>
		<feat xlink:href="#sTok148" value="nsubj:pass"/>
		<feat xlink:href="#sTok149" value="case"/>
		<feat xlink:href="#sTok150" value="det"/>
		<feat xlink:href="#sTok151" value="nmod"/>
		<feat xlink:href="#sTok152" value="aux:pass"/>
		<feat xlink:href="#sTok153" value="root"/>
		<feat xlink:href="#sTok154" value="case"/>
		<feat xlink:href="#sTok155" value="det"/>
		<feat xlink:href="#sTok156" value="obl"/>
		<feat xlink:href="#sTok157" value="punct"/>
		<feat xlink:href="#sTok158" value="case"/>
		<feat xlink:href="#sTok159" value="det"/>
		<feat xlink:href="#sTok160" value="amod"/>
		<feat xlink:href="#sTok161" value="compound"/>
		<feat xlink:href="#sTok162" value="conj"/>
		<feat xlink:href="#sTok163" value="case"/>
		<feat xlink:href="#sTok164" value="amod"/>
		<feat xlink:href="#sTok165" value="nmod"/>
		<feat xlink:href="#sTok166" value="cc"/>
		<feat xlink:href="#sTok167" value="case"/>
		<feat xlink:href="#sTok168" value="conj"/>
		<feat xlink:href="#sTok169" value="flat"/>
		<feat xlink:href="#sTok170" value="punct"/>
		<feat xlink:href="#sTok171" value="det"/>
		<feat xlink:href="#sTok172" value="nsubj"/>
		<feat xlink:href="#sTok173" value="case"/>
		<feat xlink:href="#sTok174" value="nmod"/>
		<feat xlink:href="#sTok175" value="dep"/>
		<feat xlink:href="#sTok176" value="punct"/>
		<feat xlink:href="#sTok177" value="acl"/>
		<feat xlink:href="#sTok178" value="case"/>
		<feat xlink:href="#sTok179" value="obl"/>
		<feat xlink:href="#sTok180" value="punct"/>
		<feat xlink:href="#sTok181" value="root"/>
		<feat xlink:href="#sTok182" value="det"/>
		<feat xlink:href="#sTok183" value="obj"/>
		<feat xlink:href="#sTok184" value="case"/>
		<feat xlink:href="#sTok185" value="nmod"/>
		<feat xlink:href="#sTok186" value="punct"/>
		<feat xlink:href="#sTok187" value="det"/>
		<feat xlink:href="#sTok188" value="nsubj"/>
		<feat xlink:href="#sTok189" value="case"/>
		<feat xlink:href="#sTok190" value="det"/>
		<feat xlink:href="#sTok191" value="nmod"/>
		<feat xlink:href="#sTok192" value="root"/>
		<feat xlink:href="#sTok193" value="case"/>
		<feat xlink:href="#sTok194" value="det"/>
		<feat xlink:href="#sTok195" value="compound"/>
		<feat xlink:href="#sTok196" value="amod"/>
		<feat xlink:href="#sTok197" value="nmod"/>
		<feat xlink:href="#sTok198" value="punct"/>
		<feat xlink:href="#sTok199" value="nsubj"/>
		<feat xlink:href="#sTok200" value="cop"/>
		<feat xlink:href="#sTok201" value="det"/>
		<feat xlink:href="#sTok202" value="parataxis"/>
		<feat xlink:href="#sTok203" value="acl"/>
		<feat xlink:href="#sTok204" value="case"/>
		<feat xlink:href="#sTok205" value="obl"/>
		<feat xlink:href="#sTok206" value="case"/>
		<feat xlink:href="#sTok207" value="obl"/>
		<feat xlink:href="#sTok208" value="punct"/>
		<feat xlink:href="#sTok209" value="punct"/>
		<feat xlink:href="#sTok210" value="nsubj:pass"/>
		<feat xlink:href="#sTok211" value="aux:pass"/>
		<feat xlink:href="#sTok212" value="advmod"/>
		<feat xlink:href="#sTok213" value="root"/>
		<feat xlink:href="#sTok214" value="case"/>
		<feat xlink:href="#sTok215" value="obl"/>
		<feat xlink:href="#sTok216" value="punct"/>
		<feat xlink:href="#sTok217" value="det"/>
		<feat xlink:href="#sTok218" value="amod"/>
		<feat xlink:href="#sTok219" value="appos"/>
		<feat xlink:href="#sTok220" value="case"/>
		<feat xlink:href="#sTok221" value="nummod"/>
		<feat xlink:href="#sTok222" value="nmod"/>
		<feat xlink:href="#sTok223" value="acl"/>
		<feat xlink:href="#sTok224" value="case"/>
		<feat xlink:href="#sTok225" value="det"/>
		<feat xlink:href="#sTok226" value="obl"/>
		<feat xlink:href="#sTok227" value="case"/>
		<feat xlink:href="#sTok228" value="nmod"/>
		<feat xlink:href="#sTok229" value="punct"/>
		<feat xlink:href="#sTok230" value="det"/>
		<feat xlink:href="#sTok231" value="compound"/>
		<feat xlink:href="#sTok232" value="appos"/>
		<feat xlink:href="#sTok233" value="case"/>
		<feat xlink:href="#sTok234" value="det"/>
		<feat xlink:href="#sTok235" value="amod"/>
		<feat xlink:href="#sTok236" value="amod"/>
		<feat xlink:href="#sTok237" value="nmod"/>
		<feat xlink:href="#sTok238" value="case"/>
		<feat xlink:href="#sTok239" value="nmod"/>
		<feat xlink:href="#sTok240" value="case"/>
		<feat xlink:href="#sTok241" value="det"/>
		<feat xlink:href="#sTok242" value="nmod"/>
		<feat xlink:href="#sTok243" value="case"/>
		<feat xlink:href="#sTok244" value="nmod"/>
		<feat xlink:href="#sTok245" value="punct"/>
		<feat xlink:href="#sTok246" value="nsubj"/>
		<feat xlink:href="#sTok247" value="cop"/>
		<feat xlink:href="#sTok248" value="det"/>
		<feat xlink:href="#sTok249" value="root"/>
		<feat xlink:href="#sTok250" value="acl"/>
		<feat xlink:href="#sTok251" value="case"/>
		<feat xlink:href="#sTok252" value="det"/>
		<feat xlink:href="#sTok253" value="compound"/>
		<feat xlink:href="#sTok254" value="obl"/>
		<feat xlink:href="#sTok255" value="case"/>
		<feat xlink:href="#sTok256" value="det"/>
		<feat xlink:href="#sTok257" value="obl"/>
		<feat xlink:href="#sTok258" value="punct"/>
		<feat xlink:href="#sTok259" value="nsubj"/>
		<feat xlink:href="#sTok260" value="acl:relcl"/>
		<feat xlink:href="#sTok261" value="obj"/>
		<feat xlink:href="#sTok262" value="case"/>
		<feat xlink:href="#sTok263" value="det"/>
		<feat xlink:href="#sTok264" value="compound"/>
		<feat xlink:href="#sTok265" value="flat"/>
		<feat xlink:href="#sTok266" value="cc"/>
		<feat xlink:href="#sTok267" value="conj"/>
		<feat xlink:href="#sTok268" value="flat"/>
		<feat xlink:href="#sTok269" value="obl"/>
		<feat xlink:href="#sTok270" value="punct"/>
		<feat xlink:href="#sTok271" value="cc"/>
		<feat xlink:href="#sTok272" value="case"/>
		<feat xlink:href="#sTok273" value="det"/>
		<feat xlink:href="#sTok274" value="conj"/>
		<feat xlink:href="#sTok275" value="case"/>
		<feat xlink:href="#sTok276" value="det"/>
		<feat xlink:href="#sTok277" value="obl"/>
		<feat xlink:href="#sTok278" value="appos"/>
		<feat xlink:href="#sTok279" value="cc"/>
		<feat xlink:href="#sTok280" value="conj"/>
		<feat xlink:href="#sTok281" value="punct"/>
		<feat xlink:href="#sTok282" value="mark"/>
		<feat xlink:href="#sTok283" value="det"/>
		<feat xlink:href="#sTok284" value="nsubj"/>
		<feat xlink:href="#sTok285" value="case"/>
		<feat xlink:href="#sTok286" value="nmod"/>
		<feat xlink:href="#sTok287" value="cc"/>
		<feat xlink:href="#sTok288" value="conj"/>
		<feat xlink:href="#sTok289" value="flat"/>
		<feat xlink:href="#sTok290" value="acl:relcl"/>
		<feat xlink:href="#sTok291" value="punct"/>
		<feat xlink:href="#sTok292" value="case"/>
		<feat xlink:href="#sTok293" value="det"/>
		<feat xlink:href="#sTok294" value="obl"/>
		<feat xlink:href="#sTok295" value="punct"/>
		<feat xlink:href="#sTok296" value="det"/>
		<feat xlink:href="#sTok297" value="nsubj"/>
		<feat xlink:href="#sTok298" value="acl"/>
		<feat xlink:href="#sTok299" value="case"/>
		<feat xlink:href="#sTok300" value="obl"/>
		<feat xlink:href="#sTok301" value="flat"/>
		<feat xlink:href="#sTok302" value="root"/>
		<feat xlink:href="#sTok303" value="obj"/>
		<feat xlink:href="#sTok304" value="case"/>
		<feat xlink:href="#sTok305" value="det"/>
		<feat xlink:href="#sTok306" value="compound"/>
		<feat xlink:href="#sTok307" value="amod"/>
		<feat xlink:href="#sTok308" value="obl"/>
		<feat xlink:href="#sTok309" value="punct"/>
		<feat xlink:href="#sTok310" value="mark"/>
		<feat xlink:href="#sTok311" value="det"/>
		<feat xlink:href="#sTok312" value="compound"/>
		<feat xlink:href="#sTok313" value="nsubj"/>
		<feat xlink:href="#sTok314" value="case"/>
		<feat xlink:href="#sTok315" value="nmod"/>
		<feat xlink:href="#sTok316" value="advcl"/>
		<feat xlink:href="#sTok317" value="case"/>
		<feat xlink:href="#sTok318" value="det"/>
		<feat xlink:href="#sTok319" value="obl"/>
		<feat xlink:href="#sTok320" value="case"/>
		<feat xlink:href="#sTok321" value="det"/>
		<feat xlink:href="#sTok322" value="nmod"/>
		<feat xlink:href="#sTok323" value="flat"/>
		<feat xlink:href="#sTok324" value="flat"/>
		<feat xlink:href="#sTok325" value="cc"/>
		<feat xlink:href="#sTok326" value="compound"/>
		<feat xlink:href="#sTok327" value="compound"/>
		<feat xlink:href="#sTok328" value="conj"/>
		<feat xlink:href="#sTok329" value="punct"/>
		<feat xlink:href="#sTok330" value="det"/>
		<feat xlink:href="#sTok331" value="nsubj"/>
		<feat xlink:href="#sTok332" value="case"/>
		<feat xlink:href="#sTok333" value="nmod"/>
		<feat xlink:href="#sTok334" value="dep"/>
		<feat xlink:href="#sTok335" value="advmod"/>
		<feat xlink:href="#sTok336" value="punct"/>
		<feat xlink:href="#sTok337" value="acl"/>
		<feat xlink:href="#sTok338" value="case"/>
		<feat xlink:href="#sTok339" value="obl"/>
		<feat xlink:href="#sTok340" value="cc"/>
		<feat xlink:href="#sTok341" value="conj"/>
		<feat xlink:href="#sTok342" value="punct"/>
		<feat xlink:href="#sTok343" value="nmod:tmod"/>
		<feat xlink:href="#sTok344" value="punct"/>
		<feat xlink:href="#sTok345" value="punct"/>
		<feat xlink:href="#sTok346" value="root"/>
		<feat xlink:href="#sTok347" value="det"/>
		<feat xlink:href="#sTok348" value="advmod"/>
		<feat xlink:href="#sTok349" value="amod"/>
		<feat xlink:href="#sTok350" value="obj"/>
		<feat xlink:href="#sTok351" value="case"/>
		<feat xlink:href="#sTok352" value="nmod"/>
		<feat xlink:href="#sTok353" value="case"/>
		<feat xlink:href="#sTok354" value="obl"/>
		<feat xlink:href="#sTok355" value="case"/>
		<feat xlink:href="#sTok356" value="amod"/>
		<feat xlink:href="#sTok357" value="amod"/>
		<feat xlink:href="#sTok358" value="compound"/>
		<feat xlink:href="#sTok359" value="nmod"/>
		<feat xlink:href="#sTok360" value="punct"/>
		<feat xlink:href="#sTok361" value="nsubj:pass"/>
		<feat xlink:href="#sTok362" value="case"/>
		<feat xlink:href="#sTok363" value="det"/>
		<feat xlink:href="#sTok364" value="nmod"/>
		<feat xlink:href="#sTok365" value="aux"/>
		<feat xlink:href="#sTok366" value="aux:pass"/>
		<feat xlink:href="#sTok367" value="root"/>
		<feat xlink:href="#sTok368" value="obl"/>
		<feat xlink:href="#sTok369" value="case"/>
		<feat xlink:href="#sTok370" value="nmod:poss"/>
		<feat xlink:href="#sTok371" value="obl"/>
		<feat xlink:href="#sTok372" value="case"/>
		<feat xlink:href="#sTok373" value="compound"/>
		<feat xlink:href="#sTok374" value="compound"/>
		<feat xlink:href="#sTok375" value="nmod"/>
		<feat xlink:href="#sTok376" value="case"/>
		<feat xlink:href="#sTok377" value="obl"/>
		<feat xlink:href="#sTok378" value="dep"/>
		<feat xlink:href="#sTok379" value="punct"/>
		<feat xlink:href="#sTok380" value="det"/>
		<feat xlink:href="#sTok381" value="nsubj:pass"/>
		<feat xlink:href="#sTok382" value="acl"/>
		<feat xlink:href="#sTok383" value="case"/>
		<feat xlink:href="#sTok384" value="obl"/>
		<feat xlink:href="#sTok385" value="aux:pass"/>
		<feat xlink:href="#sTok386" value="root"/>
		<feat xlink:href="#sTok387" value="case"/>
		<feat xlink:href="#sTok388" value="amod"/>
		<feat xlink:href="#sTok389" value="obl"/>
		<feat xlink:href="#sTok390" value="acl"/>
		<feat xlink:href="#sTok391" value="case"/>
		<feat xlink:href="#sTok392" value="obl"/>
		<feat xlink:href="#sTok393" value="case"/>
		<feat xlink:href="#sTok394" value="amod"/>
		<feat xlink:href="#sTok395" value="nmod"/>
		<feat xlink:href="#sTok396" value="punct"/>
		<feat xlink:href="#sTok397" value="case"/>
		<feat xlink:href="#sTok398" value="nmod"/>
		<feat xlink:href="#sTok399" value="punct"/>
		<feat xlink:href="#sTok400" value="det"/>
		<feat xlink:href="#sTok401" value="nsubj"/>
		<feat xlink:href="#sTok402" value="appos"/>
		<feat xlink:href="#sTok403" value="dep"/>
		<feat xlink:href="#sTok404" value="punct"/>
		<feat xlink:href="#sTok405" value="det"/>
		<feat xlink:href="#sTok406" value="appos"/>
		<feat xlink:href="#sTok407" value="case"/>
		<feat xlink:href="#sTok408" value="nmod"/>
		<feat xlink:href="#sTok409" value="punct"/>
		<feat xlink:href="#sTok410" value="punct"/>
		<feat xlink:href="#sTok411" value="cop"/>
		<feat xlink:href="#sTok412" value="det"/>
		<feat xlink:href="#sTok413" value="root"/>
		<feat xlink:href="#sTok414" value="acl"/>
		<feat xlink:href="#sTok415" value="case"/>
		<feat xlink:href="#sTok416" value="obl"/>
		<feat xlink:href="#sTok417" value="case"/>
		<feat xlink:href="#sTok418" value="nmod"/>
		<feat xlink:href="#sTok419" value="case"/>
		<feat xlink:href="#sTok420" value="det"/>
		<feat xlink:href="#sTok421" value="compound"/>
		<feat xlink:href="#sTok422" value="obl"/>
		<feat xlink:href="#sTok423" value="punct"/>
		<feat xlink:href="#sTok424" value="mark"/>
		<feat xlink:href="#sTok425" value="nsubj"/>
		<feat xlink:href="#sTok426" value="punct"/>
		<feat xlink:href="#sTok427" value="case"/>
		<feat xlink:href="#sTok428" value="nmod"/>
		<feat xlink:href="#sTok429" value="nsubj"/>
		<feat xlink:href="#sTok430" value="cop"/>
		<feat xlink:href="#sTok431" value="det"/>
		<feat xlink:href="#sTok432" value="acl:relcl"/>
		<feat xlink:href="#sTok433" value="punct"/>
		<feat xlink:href="#sTok434" value="cop"/>
		<feat xlink:href="#sTok435" value="det"/>
		<feat xlink:href="#sTok436" value="advcl"/>
		<feat xlink:href="#sTok437" value="nsubj"/>
		<feat xlink:href="#sTok438" value="acl:relcl"/>
		<feat xlink:href="#sTok439" value="det"/>
		<feat xlink:href="#sTok440" value="obj"/>
		<feat xlink:href="#sTok441" value="case"/>
		<feat xlink:href="#sTok442" value="nmod:poss"/>
		<feat xlink:href="#sTok443" value="nmod"/>
		<feat xlink:href="#sTok444" value="punct"/>
		<feat xlink:href="#sTok445" value="nsubj"/>
		<feat xlink:href="#sTok446" value="cop"/>
		<feat xlink:href="#sTok447" value="det"/>
		<feat xlink:href="#sTok448" value="root"/>
		<feat xlink:href="#sTok449" value="mark"/>
		<feat xlink:href="#sTok450" value="case"/>
		<feat xlink:href="#sTok451" value="compound"/>
		<feat xlink:href="#sTok452" value="advcl"/>
		<feat xlink:href="#sTok453" value="punct"/>
		<feat xlink:href="#sTok454" value="cc"/>
		<feat xlink:href="#sTok455" value="nmod:poss"/>
		<feat xlink:href="#sTok456" value="nsubj:pass"/>
		<feat xlink:href="#sTok457" value="aux:pass"/>
		<feat xlink:href="#sTok458" value="advmod"/>
		<feat xlink:href="#sTok459" value="conj"/>
		<feat xlink:href="#sTok460" value="punct"/>
		<feat xlink:href="#sTok461" value="nsubj"/>
		<feat xlink:href="#sTok462" value="punct"/>
		<feat xlink:href="#sTok463" value="punct"/>
		<feat xlink:href="#sTok464" value="det"/>
		<feat xlink:href="#sTok465" value="appos"/>
		<feat xlink:href="#sTok466" value="case"/>
		<feat xlink:href="#sTok467" value="nmod"/>
		<feat xlink:href="#sTok468" value="case"/>
		<feat xlink:href="#sTok469" value="nmod"/>
		<feat xlink:href="#sTok470" value="cc"/>
		<feat xlink:href="#sTok471" value="conj"/>
		<feat xlink:href="#sTok472" value="punct"/>
		<feat xlink:href="#sTok473" value="punct"/>
		<feat xlink:href="#sTok474" value="cop"/>
		<feat xlink:href="#sTok475" value="det"/>
		<feat xlink:href="#sTok476" value="root"/>
		<feat xlink:href="#sTok477" value="acl"/>
		<feat xlink:href="#sTok478" value="case"/>
		<feat xlink:href="#sTok479" value="compound"/>
		<feat xlink:href="#sTok480" value="flat"/>
		<feat xlink:href="#sTok481" value="obl"/>
		<feat xlink:href="#sTok482" value="nsubj"/>
		<feat xlink:href="#sTok483" value="cop"/>
		<feat xlink:href="#sTok484" value="advmod"/>
		<feat xlink:href="#sTok485" value="acl:relcl"/>
		<feat xlink:href="#sTok486" value="case"/>
		<feat xlink:href="#sTok487" value="det"/>
		<feat xlink:href="#sTok488" value="obl"/>
		<feat xlink:href="#sTok489" value="case"/>
		<feat xlink:href="#sTok490" value="nmod"/>
		<feat xlink:href="#sTok491" value="cc"/>
		<feat xlink:href="#sTok492" value="conj"/>
		<feat xlink:href="#sTok493" value="punct"/>
		<feat xlink:href="#sTok494" value="case"/>
		<feat xlink:href="#sTok495" value="det"/>
		<feat xlink:href="#sTok496" value="amod"/>
		<feat xlink:href="#sTok497" value="obl"/>
		<feat xlink:href="#sTok498" value="case"/>
		<feat xlink:href="#sTok499" value="nmod"/>
		<feat xlink:href="#sTok500" value="punct"/>
		<feat xlink:href="#sTok501" value="advmod"/>
		<feat xlink:href="#sTok502" value="punct"/>
		<feat xlink:href="#sTok503" value="nsubj"/>
		<feat xlink:href="#sTok504" value="cc"/>
		<feat xlink:href="#sTok505" value="conj"/>
		<feat xlink:href="#sTok506" value="punct"/>
		<feat xlink:href="#sTok507" value="det"/>
		<feat xlink:href="#sTok508" value="appos"/>
		<feat xlink:href="#sTok509" value="case"/>
		<feat xlink:href="#sTok510" value="det"/>
		<feat xlink:href="#sTok511" value="nmod"/>
		<feat xlink:href="#sTok512" value="case"/>
		<feat xlink:href="#sTok513" value="nmod"/>
		<feat xlink:href="#sTok514" value="punct"/>
		<feat xlink:href="#sTok515" value="punct"/>
		<feat xlink:href="#sTok516" value="det"/>
		<feat xlink:href="#sTok517" value="advmod"/>
		<feat xlink:href="#sTok518" value="appos"/>
		<feat xlink:href="#sTok519" value="case"/>
		<feat xlink:href="#sTok520" value="det:predet"/>
		<feat xlink:href="#sTok521" value="det"/>
		<feat xlink:href="#sTok522" value="obl"/>
		<feat xlink:href="#sTok523" value="punct"/>
		<feat xlink:href="#sTok524" value="cop"/>
		<feat xlink:href="#sTok525" value="det"/>
		<feat xlink:href="#sTok526" value="root"/>
		<feat xlink:href="#sTok527" value="acl"/>
		<feat xlink:href="#sTok528" value="case"/>
		<feat xlink:href="#sTok529" value="det"/>
		<feat xlink:href="#sTok530" value="compound"/>
		<feat xlink:href="#sTok531" value="flat"/>
		<feat xlink:href="#sTok532" value="cc"/>
		<feat xlink:href="#sTok533" value="conj"/>
		<feat xlink:href="#sTok534" value="flat"/>
		<feat xlink:href="#sTok535" value="obl"/>
		<feat xlink:href="#sTok536" value="case"/>
		<feat xlink:href="#sTok537" value="compound"/>
		<feat xlink:href="#sTok538" value="obl"/>
		<feat xlink:href="#sTok539" value="cc"/>
		<feat xlink:href="#sTok540" value="nmod:poss"/>
		<feat xlink:href="#sTok541" value="conj"/>
		<feat xlink:href="#sTok542" value="punct"/>
		<feat xlink:href="#sTok543" value="mark"/>
		<feat xlink:href="#sTok544" value="nsubj"/>
		<feat xlink:href="#sTok545" value="case"/>
		<feat xlink:href="#sTok546" value="det"/>
		<feat xlink:href="#sTok547" value="nmod"/>
		<feat xlink:href="#sTok548" value="case"/>
		<feat xlink:href="#sTok549" value="nmod"/>
		<feat xlink:href="#sTok550" value="cop"/>
		<feat xlink:href="#sTok551" value="det"/>
		<feat xlink:href="#sTok552" value="advcl"/>
		<feat xlink:href="#sTok553" value="mark"/>
		<feat xlink:href="#sTok554" value="acl"/>
		<feat xlink:href="#sTok555" value="case"/>
		<feat xlink:href="#sTok556" value="obl"/>
		<feat xlink:href="#sTok557" value="case"/>
		<feat xlink:href="#sTok558" value="nmod"/>
		<feat xlink:href="#sTok559" value="punct"/>
		<feat xlink:href="#sTok560" value="root"/>
		<feat xlink:href="#sTok561" value="dep"/>
		<feat xlink:href="#sTok562" value="punct"/>
		<feat xlink:href="#sTok563" value="root"/>
		<feat xlink:href="#sTok564" value="case"/>
		<feat xlink:href="#sTok565" value="nmod"/>
		<feat xlink:href="#sTok566" value="punct"/>
		<feat xlink:href="#sTok567" value="parataxis"/>
		<feat xlink:href="#sTok568" value="case"/>
		<feat xlink:href="#sTok569" value="compound"/>
		<feat xlink:href="#sTok570" value="nmod"/>
		<feat xlink:href="#sTok571" value="punct"/>
		<feat xlink:href="#sTok572" value="root"/>
		<feat xlink:href="#sTok573" value="dep"/>
		<feat xlink:href="#sTok574" value="punct"/>
		<feat xlink:href="#sTok575" value="root"/>
		<feat xlink:href="#sTok576" value="case"/>
		<feat xlink:href="#sTok577" value="det"/>
		<feat xlink:href="#sTok578" value="compound"/>
		<feat xlink:href="#sTok579" value="amod"/>
		<feat xlink:href="#sTok580" value="nmod"/>
		<feat xlink:href="#sTok581" value="compound"/>
		<feat xlink:href="#sTok582" value="nsubj:pass"/>
		<feat xlink:href="#sTok583" value="aux:pass"/>
		<feat xlink:href="#sTok584" value="root"/>
		<feat xlink:href="#sTok585" value="advcl"/>
		<feat xlink:href="#sTok586" value="nmod:poss"/>
		<feat xlink:href="#sTok587" value="amod"/>
		<feat xlink:href="#sTok588" value="obj"/>
		<feat xlink:href="#sTok589" value="punct"/>
		<feat xlink:href="#sTok590" value="det"/>
		<feat xlink:href="#sTok591" value="compound"/>
		<feat xlink:href="#sTok592" value="compound"/>
		<feat xlink:href="#sTok593" value="nsubj:pass"/>
		<feat xlink:href="#sTok594" value="aux:pass"/>
		<feat xlink:href="#sTok595" value="root"/>
		<feat xlink:href="#sTok596" value="case"/>
		<feat xlink:href="#sTok597" value="compound"/>
		<feat xlink:href="#sTok598" value="obl"/>
		<feat xlink:href="#sTok599" value="nsubj"/>
		<feat xlink:href="#sTok600" value="acl:relcl"/>
		<feat xlink:href="#sTok601" value="obj"/>
		<feat xlink:href="#sTok602" value="punct"/>
		<feat xlink:href="#sTok603" value="compound"/>
		<feat xlink:href="#sTok604" value="nsubj:pass"/>
		<feat xlink:href="#sTok605" value="aux:pass"/>
		<feat xlink:href="#sTok606" value="root"/>
		<feat xlink:href="#sTok607" value="case"/>
		<feat xlink:href="#sTok608" value="det"/>
		<feat xlink:href="#sTok609" value="advcl"/>
		<feat xlink:href="#sTok610" value="case"/>
		<feat xlink:href="#sTok611" value="det"/>
		<feat xlink:href="#sTok612" value="nmod"/>
		<feat xlink:href="#sTok613" value="case"/>
		<feat xlink:href="#sTok614" value="amod"/>
		<feat xlink:href="#sTok615" value="nmod"/>
		<feat xlink:href="#sTok616" value="case"/>
		<feat xlink:href="#sTok617" value="nmod"/>
		<feat xlink:href="#sTok618" value="punct"/>
		<feat xlink:href="#sTok619" value="appos"/>
		<feat xlink:href="#sTok620" value="dep"/>
		<feat xlink:href="#sTok621" value="punct"/>
		<feat xlink:href="#sTok622" value="nsubj:pass"/>
		<feat xlink:href="#sTok623" value="case"/>
		<feat xlink:href="#sTok624" value="det"/>
		<feat xlink:href="#sTok625" value="nmod"/>
		<feat xlink:href="#sTok626" value="case"/>
		<feat xlink:href="#sTok627" value="nmod"/>
		<feat xlink:href="#sTok628" value="aux:pass"/>
		<feat xlink:href="#sTok629" value="root"/>
		<feat xlink:href="#sTok630" value="advcl"/>
		<feat xlink:href="#sTok631" value="det"/>
		<feat xlink:href="#sTok632" value="compound"/>
		<feat xlink:href="#sTok633" value="obj"/>
		<feat xlink:href="#sTok634" value="cc"/>
		<feat xlink:href="#sTok635" value="conj"/>
		<feat xlink:href="#sTok636" value="det"/>
		<feat xlink:href="#sTok637" value="obj"/>
		<feat xlink:href="#sTok638" value="case"/>
		<feat xlink:href="#sTok639" value="compound"/>
		<feat xlink:href="#sTok640" value="nmod"/>
		<feat xlink:href="#sTok641" value="case"/>
		<feat xlink:href="#sTok642" value="amod"/>
		<feat xlink:href="#sTok643" value="nmod"/>
		<feat xlink:href="#sTok644" value="punct"/>
		<feat xlink:href="#sTok645" value="compound"/>
		<feat xlink:href="#sTok646" value="compound"/>
		<feat xlink:href="#sTok647" value="nsubj"/>
		<feat xlink:href="#sTok648" value="nsubj:pass"/>
		<feat xlink:href="#sTok649" value="aux:pass"/>
		<feat xlink:href="#sTok650" value="advmod"/>
		<feat xlink:href="#sTok651" value="acl:relcl"/>
		<feat xlink:href="#sTok652" value="case"/>
		<feat xlink:href="#sTok653" value="obl"/>
		<feat xlink:href="#sTok654" value="root"/>
		<feat xlink:href="#sTok655" value="obj"/>
		<feat xlink:href="#sTok656" value="cc"/>
		<feat xlink:href="#sTok657" value="conj"/>
		<feat xlink:href="#sTok658" value="punct"/>
		<feat xlink:href="#sTok659" value="case"/>
		<feat xlink:href="#sTok660" value="det"/>
		<feat xlink:href="#sTok661" value="nmod"/>
		<feat xlink:href="#sTok662" value="case"/>
		<feat xlink:href="#sTok663" value="nmod"/>
		<feat xlink:href="#sTok664" value="case"/>
		<feat xlink:href="#sTok665" value="nummod"/>
		<feat xlink:href="#sTok666" value="compound"/>
		<feat xlink:href="#sTok667" value="amod"/>
		<feat xlink:href="#sTok668" value="nmod"/>
		<feat xlink:href="#sTok669" value="punct"/>
		<feat xlink:href="#sTok670" value="cc"/>
		<feat xlink:href="#sTok671" value="conj"/>
		<feat xlink:href="#sTok672" value="punct"/>
		<feat xlink:href="#sTok673" value="case"/>
		<feat xlink:href="#sTok674" value="det"/>
		<feat xlink:href="#sTok675" value="nmod"/>
		<feat xlink:href="#sTok676" value="case"/>
		<feat xlink:href="#sTok677" value="nmod"/>
		<feat xlink:href="#sTok678" value="case"/>
		<feat xlink:href="#sTok679" value="nummod"/>
		<feat xlink:href="#sTok680" value="compound"/>
		<feat xlink:href="#sTok681" value="amod"/>
		<feat xlink:href="#sTok682" value="nmod"/>
		<feat xlink:href="#sTok683" value="punct"/>
		<feat xlink:href="#sTok684" value="dep"/>
		<feat xlink:href="#sTok685" value="case"/>
		<feat xlink:href="#sTok686" value="obl"/>
		<feat xlink:href="#sTok687" value="cc"/>
		<feat xlink:href="#sTok688" value="conj"/>
		<feat xlink:href="#sTok689" value="punct"/>
		<feat xlink:href="#sTok690" value="nmod:tmod"/>
		<feat xlink:href="#sTok691" value="appos"/>
		<feat xlink:href="#sTok692" value="punct"/>
		<feat xlink:href="#sTok693" value="punct"/>
		<feat xlink:href="#sTok694" value="punct"/>
		<feat xlink:href="#sTok695" value="nsubj"/>
		<feat xlink:href="#sTok696" value="punct"/>
		<feat xlink:href="#sTok697" value="case"/>
		<feat xlink:href="#sTok698" value="det"/>
		<feat xlink:href="#sTok699" value="nmod"/>
		<feat xlink:href="#sTok700" value="case"/>
		<feat xlink:href="#sTok701" value="nmod"/>
		<feat xlink:href="#sTok702" value="punct"/>
		<feat xlink:href="#sTok703" value="punct"/>
		<feat xlink:href="#sTok704" value="conj"/>
		<feat xlink:href="#sTok705" value="punct"/>
		<feat xlink:href="#sTok706" value="case"/>
		<feat xlink:href="#sTok707" value="det"/>
		<feat xlink:href="#sTok708" value="nmod"/>
		<feat xlink:href="#sTok709" value="appos"/>
		<feat xlink:href="#sTok710" value="punct"/>
		<feat xlink:href="#sTok711" value="cc"/>
		<feat xlink:href="#sTok712" value="conj"/>
		<feat xlink:href="#sTok713" value="punct"/>
		<feat xlink:href="#sTok714" value="compound"/>
		<feat xlink:href="#sTok715" value="dep"/>
		<feat xlink:href="#sTok716" value="punct"/>
		<feat xlink:href="#sTok717" value="appos"/>
		<feat xlink:href="#sTok718" value="punct"/>
		<feat xlink:href="#sTok719" value="case"/>
		<feat xlink:href="#sTok720" value="det"/>
		<feat xlink:href="#sTok721" value="nmod"/>
		<feat xlink:href="#sTok722" value="case"/>
		<feat xlink:href="#sTok723" value="compound"/>
		<feat xlink:href="#sTok724" value="nmod"/>
		<feat xlink:href="#sTok725" value="cop"/>
		<feat xlink:href="#sTok726" value="advmod"/>
		<feat xlink:href="#sTok727" value="amod"/>
		<feat xlink:href="#sTok728" value="root"/>
		<feat xlink:href="#sTok729" value="acl"/>
		<feat xlink:href="#sTok730" value="case"/>
		<feat xlink:href="#sTok731" value="obl"/>
		<feat xlink:href="#sTok732" value="punct"/>
		<feat xlink:href="#sTok733" value="nsubj:pass"/>
		<feat xlink:href="#sTok734" value="aux:pass"/>
		<feat xlink:href="#sTok735" value="root"/>
		<feat xlink:href="#sTok736" value="advmod"/>
		<feat xlink:href="#sTok737" value="case"/>
		<feat xlink:href="#sTok738" value="det"/>
		<feat xlink:href="#sTok739" value="compound"/>
		<feat xlink:href="#sTok740" value="nmod"/>
		<feat xlink:href="#sTok741" value="case"/>
		<feat xlink:href="#sTok742" value="det"/>
		<feat xlink:href="#sTok743" value="compound"/>
		<feat xlink:href="#sTok744" value="flat"/>
		<feat xlink:href="#sTok745" value="obl"/>
		<feat xlink:href="#sTok746" value="punct"/>
		<feat xlink:href="#sTok747" value="expl"/>
		<feat xlink:href="#sTok748" value="root"/>
		<feat xlink:href="#sTok749" value="advmod"/>
		<feat xlink:href="#sTok750" value="amod"/>
		<feat xlink:href="#sTok751" value="amod"/>
		<feat xlink:href="#sTok752" value="compound"/>
		<feat xlink:href="#sTok753" value="nsubj"/>
		<feat xlink:href="#sTok754" value="case"/>
		<feat xlink:href="#sTok755" value="obl"/>
		<feat xlink:href="#sTok756" value="case"/>
		<feat xlink:href="#sTok757" value="nmod"/>
		<feat xlink:href="#sTok758" value="punct"/>
		<feat xlink:href="#sTok759" value="advmod"/>
		<feat xlink:href="#sTok760" value="case"/>
		<feat xlink:href="#sTok761" value="nmod"/>
		<feat xlink:href="#sTok762" value="punct"/>
		<feat xlink:href="#sTok763" value="cc"/>
		<feat xlink:href="#sTok764" value="case"/>
		<feat xlink:href="#sTok765" value="conj"/>
		<feat xlink:href="#sTok766" value="punct"/>
		<feat xlink:href="#sTok767" value="advmod"/>
		<feat xlink:href="#sTok768" value="case"/>
		<feat xlink:href="#sTok769" value="nmod"/>
		<feat xlink:href="#sTok770" value="punct"/>
		<feat xlink:href="#sTok771" value="punct"/>
		<feat xlink:href="#sTok772" value="mark"/>
		<feat xlink:href="#sTok773" value="nsubj"/>
		<feat xlink:href="#sTok774" value="acl:relcl"/>
		<feat xlink:href="#sTok775" value="case"/>
		<feat xlink:href="#sTok776" value="obl"/>
		<feat xlink:href="#sTok777" value="case"/>
		<feat xlink:href="#sTok778" value="compound"/>
		<feat xlink:href="#sTok779" value="nmod"/>
		<feat xlink:href="#sTok780" value="punct"/>
		<feat xlink:href="#sTok781" value="advmod"/>
		<feat xlink:href="#sTok782" value="amod"/>
		<feat xlink:href="#sTok783" value="compound"/>
		<feat xlink:href="#sTok784" value="nsubj"/>
		<feat xlink:href="#sTok785" value="case"/>
		<feat xlink:href="#sTok786" value="nmod"/>
		<feat xlink:href="#sTok787" value="root"/>
		<feat xlink:href="#sTok788" value="case"/>
		<feat xlink:href="#sTok789" value="nmod:poss"/>
		<feat xlink:href="#sTok790" value="obl"/>
		<feat xlink:href="#sTok791" value="punct"/>
		<feat xlink:href="#sTok792" value="advmod"/>
		<feat xlink:href="#sTok793" value="case"/>
		<feat xlink:href="#sTok794" value="amod"/>
		<feat xlink:href="#sTok795" value="obl"/>
		<feat xlink:href="#sTok796" value="case"/>
		<feat xlink:href="#sTok797" value="nmod"/>
		<feat xlink:href="#sTok798" value="cc"/>
		<feat xlink:href="#sTok799" value="conj"/>
		<feat xlink:href="#sTok800" value="punct"/>
		<feat xlink:href="#sTok801" value="nsubj"/>
		<feat xlink:href="#sTok802" value="case"/>
		<feat xlink:href="#sTok803" value="nmod"/>
		<feat xlink:href="#sTok804" value="root"/>
		<feat xlink:href="#sTok805" value="det"/>
		<feat xlink:href="#sTok806" value="obj"/>
		<feat xlink:href="#sTok807" value="appos"/>
		<feat xlink:href="#sTok808" value="punct"/>
		<feat xlink:href="#sTok809" value="acl"/>
		<feat xlink:href="#sTok810" value="obj"/>
		<feat xlink:href="#sTok811" value="punct"/>
		<feat xlink:href="#sTok812" value="mark"/>
		<feat xlink:href="#sTok813" value="advcl"/>
		<feat xlink:href="#sTok814" value="case"/>
		<feat xlink:href="#sTok815" value="nmod:poss"/>
		<feat xlink:href="#sTok816" value="obl"/>
		<feat xlink:href="#sTok817" value="mark"/>
		<feat xlink:href="#sTok818" value="nsubj"/>
		<feat xlink:href="#sTok819" value="advcl"/>
		<feat xlink:href="#sTok820" value="case"/>
		<feat xlink:href="#sTok821" value="det"/>
		<feat xlink:href="#sTok822" value="obl"/>
		<feat xlink:href="#sTok823" value="punct"/>
		<feat xlink:href="#sTok824" value="cc"/>
		<feat xlink:href="#sTok825" value="nsubj"/>
		<feat xlink:href="#sTok826" value="mark"/>
		<feat xlink:href="#sTok827" value="conj"/>
		<feat xlink:href="#sTok828" value="nmod:poss"/>
		<feat xlink:href="#sTok829" value="compound"/>
		<feat xlink:href="#sTok830" value="obj"/>
		<feat xlink:href="#sTok831" value="case"/>
		<feat xlink:href="#sTok832" value="obl"/>
		<feat xlink:href="#sTok833" value="case"/>
		<feat xlink:href="#sTok834" value="amod"/>
		<feat xlink:href="#sTok835" value="compound"/>
		<feat xlink:href="#sTok836" value="nmod"/>
		<feat xlink:href="#sTok837" value="punct"/>
		<feat xlink:href="#sTok838" value="nsubj"/>
		<feat xlink:href="#sTok839" value="cop"/>
		<feat xlink:href="#sTok840" value="det"/>
		<feat xlink:href="#sTok841" value="amod"/>
		<feat xlink:href="#sTok842" value="root"/>
		<feat xlink:href="#sTok843" value="nmod:poss"/>
		<feat xlink:href="#sTok844" value="nsubj"/>
		<feat xlink:href="#sTok845" value="case"/>
		<feat xlink:href="#sTok846" value="amod"/>
		<feat xlink:href="#sTok847" value="nmod"/>
		<feat xlink:href="#sTok848" value="aux"/>
		<feat xlink:href="#sTok849" value="aux"/>
		<feat xlink:href="#sTok850" value="acl:relcl"/>
		<feat xlink:href="#sTok851" value="advmod"/>
		<feat xlink:href="#sTok852" value="case"/>
		<feat xlink:href="#sTok853" value="det"/>
		<feat xlink:href="#sTok854" value="amod"/>
		<feat xlink:href="#sTok855" value="obl"/>
		<feat xlink:href="#sTok856" value="punct"/>
		<feat xlink:href="#sTok857" value="expl"/>
		<feat xlink:href="#sTok858" value="cop"/>
		<feat xlink:href="#sTok859" value="root"/>
		<feat xlink:href="#sTok860" value="mark"/>
		<feat xlink:href="#sTok861" value="csubj"/>
		<feat xlink:href="#sTok862" value="det"/>
		<feat xlink:href="#sTok863" value="compound"/>
		<feat xlink:href="#sTok864" value="obj"/>
		<feat xlink:href="#sTok865" value="case"/>
		<feat xlink:href="#sTok866" value="nmod"/>
		<feat xlink:href="#sTok867" value="punct"/>
		<feat xlink:href="#sTok868" value="mark"/>
		<feat xlink:href="#sTok869" value="nsubj"/>
		<feat xlink:href="#sTok870" value="case"/>
		<feat xlink:href="#sTok871" value="det"/>
		<feat xlink:href="#sTok872" value="compound"/>
		<feat xlink:href="#sTok873" value="nmod"/>
		<feat xlink:href="#sTok874" value="acl"/>
		<feat xlink:href="#sTok875" value="case"/>
		<feat xlink:href="#sTok876" value="det"/>
		<feat xlink:href="#sTok877" value="obl"/>
		<feat xlink:href="#sTok878" value="advcl"/>
		<feat xlink:href="#sTok879" value="case"/>
		<feat xlink:href="#sTok880" value="amod"/>
		<feat xlink:href="#sTok881" value="obl"/>
		<feat xlink:href="#sTok882" value="cc"/>
		<feat xlink:href="#sTok883" value="case"/>
		<feat xlink:href="#sTok884" value="amod"/>
		<feat xlink:href="#sTok885" value="conj"/>
		<feat xlink:href="#sTok886" value="punct"/>
		<feat xlink:href="#sTok887" value="det"/>
		<feat xlink:href="#sTok888" value="nsubj:pass"/>
		<feat xlink:href="#sTok889" value="aux:pass"/>
		<feat xlink:href="#sTok890" value="root"/>
		<feat xlink:href="#sTok891" value="cc:preconj"/>
		<feat xlink:href="#sTok892" value="case"/>
		<feat xlink:href="#sTok893" value="obl"/>
		<feat xlink:href="#sTok894" value="cc"/>
		<feat xlink:href="#sTok895" value="case"/>
		<feat xlink:href="#sTok896" value="det"/>
		<feat xlink:href="#sTok897" value="amod"/>
		<feat xlink:href="#sTok898" value="conj"/>
		<feat xlink:href="#sTok899" value="punct"/></featList></paula>