<?xml version='1.0' encoding='UTF-8'?><!DOCTYPE paula SYSTEM "paula_feat.dtd">
<paula version="1.1">
	<header paula_id="GUM_academic_eegimaa.tok_tok_func"/>
	<featList xmlns:xlink="http://www.w3.org/1999/xlink" type="tok_func" xml:base="GUM_academic_eegimaa.tok.xml">
		<feat xlink:href="#sTok1" value="dep"/>
		<feat xlink:href="#sTok2" value="compound"/>
		<feat xlink:href="#sTok3" value="root"/>
		<feat xlink:href="#sTok4" value="punct"/>
		<feat xlink:href="#sTok5" value="nmod:poss"/>
		<feat xlink:href="#sTok6" value="conj"/>
		<feat xlink:href="#sTok7" value="cc"/>
		<feat xlink:href="#sTok8" value="nmod:poss"/>
		<feat xlink:href="#sTok9" value="conj"/>
		<feat xlink:href="#sTok10" value="det"/>
		<feat xlink:href="#sTok11" value="nsubj"/>
		<feat xlink:href="#sTok12" value="advmod"/>
		<feat xlink:href="#sTok13" value="root"/>
		<feat xlink:href="#sTok14" value="det"/>
		<feat xlink:href="#sTok15" value="compound"/>
		<feat xlink:href="#sTok16" value="obj"/>
		<feat xlink:href="#sTok17" value="punct"/>
		<feat xlink:href="#sTok18" value="appos"/>
		<feat xlink:href="#sTok19" value="case"/>
		<feat xlink:href="#sTok20" value="nmod"/>
		<feat xlink:href="#sTok21" value="punct"/>
		<feat xlink:href="#sTok22" value="compound"/>
		<feat xlink:href="#sTok23" value="dep"/>
		<feat xlink:href="#sTok24" value="punct"/>
		<feat xlink:href="#sTok25" value="compound"/>
		<feat xlink:href="#sTok26" value="dep"/>
		<feat xlink:href="#sTok27" value="punct"/>
		<feat xlink:href="#sTok28" value="parataxis"/>
		<feat xlink:href="#sTok29" value="punct"/>
		<feat xlink:href="#sTok30" value="punct"/>
		<feat xlink:href="#sTok31" value="nmod:poss"/>
		<feat xlink:href="#sTok32" value="conj"/>
		<feat xlink:href="#sTok33" value="cc"/>
		<feat xlink:href="#sTok34" value="nmod:poss"/>
		<feat xlink:href="#sTok35" value="conj"/>
		<feat xlink:href="#sTok36" value="punct"/>
		<feat xlink:href="#sTok37" value="nsubj"/>
		<feat xlink:href="#sTok38" value="advmod"/>
		<feat xlink:href="#sTok39" value="root"/>
		<feat xlink:href="#sTok40" value="obj"/>
		<feat xlink:href="#sTok41" value="case"/>
		<feat xlink:href="#sTok42" value="det"/>
		<feat xlink:href="#sTok43" value="compound"/>
		<feat xlink:href="#sTok44" value="nmod"/>
		<feat xlink:href="#sTok45" value="case"/>
		<feat xlink:href="#sTok46" value="det"/>
		<feat xlink:href="#sTok47" value="compound"/>
		<feat xlink:href="#sTok48" value="nmod"/>
		<feat xlink:href="#sTok49" value="punct"/>
		<feat xlink:href="#sTok50" value="nsubj"/>
		<feat xlink:href="#sTok51" value="cop"/>
		<feat xlink:href="#sTok52" value="root"/>
		<feat xlink:href="#sTok53" value="punct"/>
		<feat xlink:href="#sTok54" value="mark"/>
		<feat xlink:href="#sTok55" value="mark"/>
		<feat xlink:href="#sTok56" value="nsubj"/>
		<feat xlink:href="#sTok57" value="aux"/>
		<feat xlink:href="#sTok58" value="advcl"/>
		<feat xlink:href="#sTok59" value="case"/>
		<feat xlink:href="#sTok60" value="obl"/>
		<feat xlink:href="#sTok61" value="dep"/>
		<feat xlink:href="#sTok62" value="advmod"/>
		<feat xlink:href="#sTok63" value="punct"/>
		<feat xlink:href="#sTok64" value="nsubj:pass"/>
		<feat xlink:href="#sTok65" value="case"/>
		<feat xlink:href="#sTok66" value="det"/>
		<feat xlink:href="#sTok67" value="compound"/>
		<feat xlink:href="#sTok68" value="compound"/>
		<feat xlink:href="#sTok69" value="compound"/>
		<feat xlink:href="#sTok70" value="nmod"/>
		<feat xlink:href="#sTok71" value="cc"/>
		<feat xlink:href="#sTok72" value="compound"/>
		<feat xlink:href="#sTok73" value="punct"/>
		<feat xlink:href="#sTok74" value="compound"/>
		<feat xlink:href="#sTok75" value="conj"/>
		<feat xlink:href="#sTok76" value="aux:pass"/>
		<feat xlink:href="#sTok77" value="advcl"/>
		<feat xlink:href="#sTok78" value="case"/>
		<feat xlink:href="#sTok79" value="compound"/>
		<feat xlink:href="#sTok80" value="obl"/>
		<feat xlink:href="#sTok81" value="case"/>
		<feat xlink:href="#sTok82" value="amod"/>
		<feat xlink:href="#sTok83" value="obl"/>
		<feat xlink:href="#sTok84" value="punct"/>
		<feat xlink:href="#sTok85" value="nsubj"/>
		<feat xlink:href="#sTok86" value="cop"/>
		<feat xlink:href="#sTok87" value="det"/>
		<feat xlink:href="#sTok88" value="amod"/>
		<feat xlink:href="#sTok89" value="root"/>
		<feat xlink:href="#sTok90" value="acl"/>
		<feat xlink:href="#sTok91" value="case"/>
		<feat xlink:href="#sTok92" value="det"/>
		<feat xlink:href="#sTok93" value="amod"/>
		<feat xlink:href="#sTok94" value="compound"/>
		<feat xlink:href="#sTok95" value="obl"/>
		<feat xlink:href="#sTok96" value="case"/>
		<feat xlink:href="#sTok97" value="amod"/>
		<feat xlink:href="#sTok98" value="nmod"/>
		<feat xlink:href="#sTok99" value="case"/>
		<feat xlink:href="#sTok100" value="det"/>
		<feat xlink:href="#sTok101" value="obl:agent"/>
		<feat xlink:href="#sTok102" value="acl"/>
		<feat xlink:href="#sTok103" value="mark"/>
		<feat xlink:href="#sTok104" value="cop"/>
		<feat xlink:href="#sTok105" value="case"/>
		<feat xlink:href="#sTok106" value="nummod"/>
		<feat xlink:href="#sTok107" value="punct"/>
		<feat xlink:href="#sTok108" value="dep"/>
		<feat xlink:href="#sTok109" value="punct"/>
		<feat xlink:href="#sTok110" value="nmod:tmod"/>
		<feat xlink:href="#sTok111" value="punct"/>
		<feat xlink:href="#sTok112" value="cc"/>
		<feat xlink:href="#sTok113" value="conj"/>
		<feat xlink:href="#sTok114" value="xcomp"/>
		<feat xlink:href="#sTok115" value="punct"/>
		<feat xlink:href="#sTok116" value="dep"/>
		<feat xlink:href="#sTok117" value="punct"/>
		<feat xlink:href="#sTok118" value="conj"/>
		<feat xlink:href="#sTok119" value="punct"/>
		<feat xlink:href="#sTok120" value="cc"/>
		<feat xlink:href="#sTok121" value="conj"/>
		<feat xlink:href="#sTok122" value="punct"/>
		<feat xlink:href="#sTok123" value="nmod:tmod"/>
		<feat xlink:href="#sTok124" value="punct"/>
		<feat xlink:href="#sTok125" value="punct"/>
		<feat xlink:href="#sTok126" value="amod"/>
		<feat xlink:href="#sTok127" value="nsubj:pass"/>
		<feat xlink:href="#sTok128" value="aux:pass"/>
		<feat xlink:href="#sTok129" value="root"/>
		<feat xlink:href="#sTok130" value="case"/>
		<feat xlink:href="#sTok131" value="obl"/>
		<feat xlink:href="#sTok132" value="case"/>
		<feat xlink:href="#sTok133" value="nmod:poss"/>
		<feat xlink:href="#sTok134" value="case"/>
		<feat xlink:href="#sTok135" value="punct"/>
		<feat xlink:href="#sTok136" value="nmod:tmod"/>
		<feat xlink:href="#sTok137" value="punct"/>
		<feat xlink:href="#sTok138" value="compound"/>
		<feat xlink:href="#sTok139" value="nmod"/>
		<feat xlink:href="#sTok140" value="case"/>
		<feat xlink:href="#sTok141" value="amod"/>
		<feat xlink:href="#sTok142" value="nmod"/>
		<feat xlink:href="#sTok143" value="case"/>
		<feat xlink:href="#sTok144" value="det"/>
		<feat xlink:href="#sTok145" value="compound"/>
		<feat xlink:href="#sTok146" value="compound"/>
		<feat xlink:href="#sTok147" value="compound"/>
		<feat xlink:href="#sTok148" value="nmod"/>
		<feat xlink:href="#sTok149" value="punct"/>
		<feat xlink:href="#sTok150" value="nsubj:pass"/>
		<feat xlink:href="#sTok151" value="case"/>
		<feat xlink:href="#sTok152" value="det"/>
		<feat xlink:href="#sTok153" value="nmod"/>
		<feat xlink:href="#sTok154" value="aux:pass"/>
		<feat xlink:href="#sTok155" value="root"/>
		<feat xlink:href="#sTok156" value="case"/>
		<feat xlink:href="#sTok157" value="det"/>
		<feat xlink:href="#sTok158" value="obl"/>
		<feat xlink:href="#sTok159" value="punct"/>
		<feat xlink:href="#sTok160" value="case"/>
		<feat xlink:href="#sTok161" value="det"/>
		<feat xlink:href="#sTok162" value="amod"/>
		<feat xlink:href="#sTok163" value="compound"/>
		<feat xlink:href="#sTok164" value="conj"/>
		<feat xlink:href="#sTok165" value="case"/>
		<feat xlink:href="#sTok166" value="amod"/>
		<feat xlink:href="#sTok167" value="nmod"/>
		<feat xlink:href="#sTok168" value="cc"/>
		<feat xlink:href="#sTok169" value="case"/>
		<feat xlink:href="#sTok170" value="conj"/>
		<feat xlink:href="#sTok171" value="flat"/>
		<feat xlink:href="#sTok172" value="punct"/>
		<feat xlink:href="#sTok173" value="det"/>
		<feat xlink:href="#sTok174" value="nsubj"/>
		<feat xlink:href="#sTok175" value="case"/>
		<feat xlink:href="#sTok176" value="nmod"/>
		<feat xlink:href="#sTok177" value="dep"/>
		<feat xlink:href="#sTok178" value="punct"/>
		<feat xlink:href="#sTok179" value="acl"/>
		<feat xlink:href="#sTok180" value="case"/>
		<feat xlink:href="#sTok181" value="obl"/>
		<feat xlink:href="#sTok182" value="punct"/>
		<feat xlink:href="#sTok183" value="root"/>
		<feat xlink:href="#sTok184" value="det"/>
		<feat xlink:href="#sTok185" value="obj"/>
		<feat xlink:href="#sTok186" value="case"/>
		<feat xlink:href="#sTok187" value="nmod"/>
		<feat xlink:href="#sTok188" value="punct"/>
		<feat xlink:href="#sTok189" value="det"/>
		<feat xlink:href="#sTok190" value="nsubj"/>
		<feat xlink:href="#sTok191" value="case"/>
		<feat xlink:href="#sTok192" value="det"/>
		<feat xlink:href="#sTok193" value="nmod"/>
		<feat xlink:href="#sTok194" value="root"/>
		<feat xlink:href="#sTok195" value="case"/>
		<feat xlink:href="#sTok196" value="det"/>
		<feat xlink:href="#sTok197" value="compound"/>
		<feat xlink:href="#sTok198" value="amod"/>
		<feat xlink:href="#sTok199" value="obl"/>
		<feat xlink:href="#sTok200" value="punct"/>
		<feat xlink:href="#sTok201" value="nsubj"/>
		<feat xlink:href="#sTok202" value="cop"/>
		<feat xlink:href="#sTok203" value="det"/>
		<feat xlink:href="#sTok204" value="parataxis"/>
		<feat xlink:href="#sTok205" value="acl"/>
		<feat xlink:href="#sTok206" value="case"/>
		<feat xlink:href="#sTok207" value="obl:agent"/>
		<feat xlink:href="#sTok208" value="case"/>
		<feat xlink:href="#sTok209" value="obl"/>
		<feat xlink:href="#sTok210" value="punct"/>
		<feat xlink:href="#sTok211" value="punct"/>
		<feat xlink:href="#sTok212" value="nsubj:pass"/>
		<feat xlink:href="#sTok213" value="aux:pass"/>
		<feat xlink:href="#sTok214" value="advmod"/>
		<feat xlink:href="#sTok215" value="root"/>
		<feat xlink:href="#sTok216" value="case"/>
		<feat xlink:href="#sTok217" value="obl"/>
		<feat xlink:href="#sTok218" value="punct"/>
		<feat xlink:href="#sTok219" value="det"/>
		<feat xlink:href="#sTok220" value="amod"/>
		<feat xlink:href="#sTok221" value="appos"/>
		<feat xlink:href="#sTok222" value="case"/>
		<feat xlink:href="#sTok223" value="nummod"/>
		<feat xlink:href="#sTok224" value="nmod"/>
		<feat xlink:href="#sTok225" value="acl"/>
		<feat xlink:href="#sTok226" value="case"/>
		<feat xlink:href="#sTok227" value="det"/>
		<feat xlink:href="#sTok228" value="obl"/>
		<feat xlink:href="#sTok229" value="case"/>
		<feat xlink:href="#sTok230" value="nmod"/>
		<feat xlink:href="#sTok231" value="punct"/>
		<feat xlink:href="#sTok232" value="det"/>
		<feat xlink:href="#sTok233" value="compound"/>
		<feat xlink:href="#sTok234" value="appos"/>
		<feat xlink:href="#sTok235" value="case"/>
		<feat xlink:href="#sTok236" value="det"/>
		<feat xlink:href="#sTok237" value="amod"/>
		<feat xlink:href="#sTok238" value="amod"/>
		<feat xlink:href="#sTok239" value="nmod"/>
		<feat xlink:href="#sTok240" value="case"/>
		<feat xlink:href="#sTok241" value="nmod"/>
		<feat xlink:href="#sTok242" value="case"/>
		<feat xlink:href="#sTok243" value="det"/>
		<feat xlink:href="#sTok244" value="nmod"/>
		<feat xlink:href="#sTok245" value="case"/>
		<feat xlink:href="#sTok246" value="nmod"/>
		<feat xlink:href="#sTok247" value="punct"/>
		<feat xlink:href="#sTok248" value="nsubj"/>
		<feat xlink:href="#sTok249" value="cop"/>
		<feat xlink:href="#sTok250" value="det"/>
		<feat xlink:href="#sTok251" value="root"/>
		<feat xlink:href="#sTok252" value="acl"/>
		<feat xlink:href="#sTok253" value="case"/>
		<feat xlink:href="#sTok254" value="det"/>
		<feat xlink:href="#sTok255" value="compound"/>
		<feat xlink:href="#sTok256" value="obl:agent"/>
		<feat xlink:href="#sTok257" value="case"/>
		<feat xlink:href="#sTok258" value="det"/>
		<feat xlink:href="#sTok259" value="obl"/>
		<feat xlink:href="#sTok260" value="punct"/>
		<feat xlink:href="#sTok261" value="nsubj"/>
		<feat xlink:href="#sTok262" value="acl:relcl"/>
		<feat xlink:href="#sTok263" value="obj"/>
		<feat xlink:href="#sTok264" value="case"/>
		<feat xlink:href="#sTok265" value="det"/>
		<feat xlink:href="#sTok266" value="compound"/>
		<feat xlink:href="#sTok267" value="flat"/>
		<feat xlink:href="#sTok268" value="cc"/>
		<feat xlink:href="#sTok269" value="conj"/>
		<feat xlink:href="#sTok270" value="flat"/>
		<feat xlink:href="#sTok271" value="obl"/>
		<feat xlink:href="#sTok272" value="punct"/>
		<feat xlink:href="#sTok273" value="cc"/>
		<feat xlink:href="#sTok275" value="case"/>
		<feat xlink:href="#sTok276" value="det"/>
		<feat xlink:href="#sTok277" value="conj"/>
		<feat xlink:href="#sTok278" value="case"/>
		<feat xlink:href="#sTok279" value="det"/>
		<feat xlink:href="#sTok280" value="orphan"/>
		<feat xlink:href="#sTok281" value="appos"/>
		<feat xlink:href="#sTok282" value="cc"/>
		<feat xlink:href="#sTok283" value="conj"/>
		<feat xlink:href="#sTok284" value="punct"/>
		<feat xlink:href="#sTok285" value="mark"/>
		<feat xlink:href="#sTok286" value="det"/>
		<feat xlink:href="#sTok287" value="nsubj"/>
		<feat xlink:href="#sTok288" value="case"/>
		<feat xlink:href="#sTok289" value="nmod"/>
		<feat xlink:href="#sTok290" value="cc"/>
		<feat xlink:href="#sTok291" value="conj"/>
		<feat xlink:href="#sTok292" value="flat"/>
		<feat xlink:href="#sTok293" value="acl:relcl"/>
		<feat xlink:href="#sTok294" value="punct"/>
		<feat xlink:href="#sTok295" value="case"/>
		<feat xlink:href="#sTok296" value="det"/>
		<feat xlink:href="#sTok297" value="obl"/>
		<feat xlink:href="#sTok298" value="punct"/>
		<feat xlink:href="#sTok299" value="det"/>
		<feat xlink:href="#sTok300" value="nsubj"/>
		<feat xlink:href="#sTok301" value="acl"/>
		<feat xlink:href="#sTok302" value="case"/>
		<feat xlink:href="#sTok303" value="obl"/>
		<feat xlink:href="#sTok304" value="flat"/>
		<feat xlink:href="#sTok305" value="root"/>
		<feat xlink:href="#sTok306" value="obj"/>
		<feat xlink:href="#sTok307" value="case"/>
		<feat xlink:href="#sTok308" value="det"/>
		<feat xlink:href="#sTok309" value="compound"/>
		<feat xlink:href="#sTok310" value="amod"/>
		<feat xlink:href="#sTok311" value="obl"/>
		<feat xlink:href="#sTok312" value="punct"/>
		<feat xlink:href="#sTok313" value="mark"/>
		<feat xlink:href="#sTok314" value="det"/>
		<feat xlink:href="#sTok315" value="compound"/>
		<feat xlink:href="#sTok316" value="nsubj"/>
		<feat xlink:href="#sTok317" value="case"/>
		<feat xlink:href="#sTok318" value="nmod"/>
		<feat xlink:href="#sTok319" value="advcl"/>
		<feat xlink:href="#sTok320" value="case"/>
		<feat xlink:href="#sTok321" value="det"/>
		<feat xlink:href="#sTok322" value="obl"/>
		<feat xlink:href="#sTok323" value="case"/>
		<feat xlink:href="#sTok324" value="det"/>
		<feat xlink:href="#sTok325" value="nmod"/>
		<feat xlink:href="#sTok326" value="flat"/>
		<feat xlink:href="#sTok327" value="flat"/>
		<feat xlink:href="#sTok328" value="cc"/>
		<feat xlink:href="#sTok329" value="compound"/>
		<feat xlink:href="#sTok330" value="compound"/>
		<feat xlink:href="#sTok331" value="conj"/>
		<feat xlink:href="#sTok332" value="punct"/>
		<feat xlink:href="#sTok333" value="det"/>
		<feat xlink:href="#sTok334" value="nsubj"/>
		<feat xlink:href="#sTok335" value="case"/>
		<feat xlink:href="#sTok336" value="nmod"/>
		<feat xlink:href="#sTok337" value="dep"/>
		<feat xlink:href="#sTok338" value="advmod"/>
		<feat xlink:href="#sTok339" value="punct"/>
		<feat xlink:href="#sTok340" value="acl"/>
		<feat xlink:href="#sTok341" value="case"/>
		<feat xlink:href="#sTok342" value="obl"/>
		<feat xlink:href="#sTok343" value="cc"/>
		<feat xlink:href="#sTok344" value="conj"/>
		<feat xlink:href="#sTok345" value="punct"/>
		<feat xlink:href="#sTok346" value="nmod:tmod"/>
		<feat xlink:href="#sTok347" value="punct"/>
		<feat xlink:href="#sTok348" value="punct"/>
		<feat xlink:href="#sTok349" value="root"/>
		<feat xlink:href="#sTok350" value="det"/>
		<feat xlink:href="#sTok351" value="advmod"/>
		<feat xlink:href="#sTok352" value="amod"/>
		<feat xlink:href="#sTok353" value="obj"/>
		<feat xlink:href="#sTok354" value="case"/>
		<feat xlink:href="#sTok355" value="nmod"/>
		<feat xlink:href="#sTok356" value="case"/>
		<feat xlink:href="#sTok357" value="obl"/>
		<feat xlink:href="#sTok358" value="case"/>
		<feat xlink:href="#sTok359" value="amod"/>
		<feat xlink:href="#sTok360" value="amod"/>
		<feat xlink:href="#sTok361" value="compound"/>
		<feat xlink:href="#sTok362" value="nmod"/>
		<feat xlink:href="#sTok363" value="punct"/>
		<feat xlink:href="#sTok364" value="nsubj:pass"/>
		<feat xlink:href="#sTok365" value="case"/>
		<feat xlink:href="#sTok366" value="det"/>
		<feat xlink:href="#sTok367" value="nmod"/>
		<feat xlink:href="#sTok368" value="aux"/>
		<feat xlink:href="#sTok369" value="aux:pass"/>
		<feat xlink:href="#sTok370" value="root"/>
		<feat xlink:href="#sTok371" value="obl"/>
		<feat xlink:href="#sTok372" value="case"/>
		<feat xlink:href="#sTok373" value="nmod:poss"/>
		<feat xlink:href="#sTok374" value="obl"/>
		<feat xlink:href="#sTok375" value="case"/>
		<feat xlink:href="#sTok376" value="compound"/>
		<feat xlink:href="#sTok377" value="compound"/>
		<feat xlink:href="#sTok378" value="nmod"/>
		<feat xlink:href="#sTok379" value="case"/>
		<feat xlink:href="#sTok380" value="obl"/>
		<feat xlink:href="#sTok381" value="dep"/>
		<feat xlink:href="#sTok382" value="punct"/>
		<feat xlink:href="#sTok383" value="det"/>
		<feat xlink:href="#sTok384" value="nsubj:pass"/>
		<feat xlink:href="#sTok385" value="acl"/>
		<feat xlink:href="#sTok386" value="case"/>
		<feat xlink:href="#sTok387" value="obl"/>
		<feat xlink:href="#sTok388" value="aux:pass"/>
		<feat xlink:href="#sTok389" value="root"/>
		<feat xlink:href="#sTok390" value="case"/>
		<feat xlink:href="#sTok391" value="amod"/>
		<feat xlink:href="#sTok392" value="obl"/>
		<feat xlink:href="#sTok393" value="acl"/>
		<feat xlink:href="#sTok394" value="case"/>
		<feat xlink:href="#sTok395" value="obl:agent"/>
		<feat xlink:href="#sTok396" value="case"/>
		<feat xlink:href="#sTok397" value="amod"/>
		<feat xlink:href="#sTok398" value="nmod"/>
		<feat xlink:href="#sTok399" value="punct"/>
		<feat xlink:href="#sTok400" value="case"/>
		<feat xlink:href="#sTok401" value="nmod"/>
		<feat xlink:href="#sTok402" value="punct"/>
		<feat xlink:href="#sTok403" value="det"/>
		<feat xlink:href="#sTok404" value="nsubj"/>
		<feat xlink:href="#sTok405" value="appos"/>
		<feat xlink:href="#sTok406" value="dep"/>
		<feat xlink:href="#sTok407" value="punct"/>
		<feat xlink:href="#sTok408" value="det"/>
		<feat xlink:href="#sTok409" value="appos"/>
		<feat xlink:href="#sTok410" value="case"/>
		<feat xlink:href="#sTok411" value="nmod"/>
		<feat xlink:href="#sTok412" value="punct"/>
		<feat xlink:href="#sTok413" value="punct"/>
		<feat xlink:href="#sTok414" value="cop"/>
		<feat xlink:href="#sTok415" value="det"/>
		<feat xlink:href="#sTok416" value="root"/>
		<feat xlink:href="#sTok417" value="acl"/>
		<feat xlink:href="#sTok418" value="case"/>
		<feat xlink:href="#sTok419" value="obl:agent"/>
		<feat xlink:href="#sTok420" value="case"/>
		<feat xlink:href="#sTok421" value="nmod"/>
		<feat xlink:href="#sTok422" value="case"/>
		<feat xlink:href="#sTok423" value="det"/>
		<feat xlink:href="#sTok424" value="compound"/>
		<feat xlink:href="#sTok425" value="obl"/>
		<feat xlink:href="#sTok426" value="punct"/>
		<feat xlink:href="#sTok427" value="mark"/>
		<feat xlink:href="#sTok428" value="nsubj"/>
		<feat xlink:href="#sTok429" value="punct"/>
		<feat xlink:href="#sTok430" value="case"/>
		<feat xlink:href="#sTok431" value="nmod"/>
		<feat xlink:href="#sTok432" value="nsubj"/>
		<feat xlink:href="#sTok433" value="cop"/>
		<feat xlink:href="#sTok434" value="det"/>
		<feat xlink:href="#sTok435" value="acl:relcl"/>
		<feat xlink:href="#sTok436" value="punct"/>
		<feat xlink:href="#sTok437" value="cop"/>
		<feat xlink:href="#sTok438" value="det"/>
		<feat xlink:href="#sTok439" value="advcl"/>
		<feat xlink:href="#sTok440" value="nsubj"/>
		<feat xlink:href="#sTok441" value="acl:relcl"/>
		<feat xlink:href="#sTok442" value="det"/>
		<feat xlink:href="#sTok443" value="obj"/>
		<feat xlink:href="#sTok444" value="case"/>
		<feat xlink:href="#sTok445" value="nmod:poss"/>
		<feat xlink:href="#sTok446" value="nmod"/>
		<feat xlink:href="#sTok447" value="punct"/>
		<feat xlink:href="#sTok448" value="nsubj"/>
		<feat xlink:href="#sTok449" value="cop"/>
		<feat xlink:href="#sTok450" value="det"/>
		<feat xlink:href="#sTok451" value="root"/>
		<feat xlink:href="#sTok452" value="acl"/>
		<feat xlink:href="#sTok453" value="case"/>
		<feat xlink:href="#sTok454" value="compound"/>
		<feat xlink:href="#sTok455" value="obl:agent"/>
		<feat xlink:href="#sTok456" value="punct"/>
		<feat xlink:href="#sTok457" value="cc"/>
		<feat xlink:href="#sTok458" value="nmod:poss"/>
		<feat xlink:href="#sTok459" value="nsubj:pass"/>
		<feat xlink:href="#sTok460" value="aux:pass"/>
		<feat xlink:href="#sTok461" value="advmod"/>
		<feat xlink:href="#sTok462" value="conj"/>
		<feat xlink:href="#sTok463" value="punct"/>
		<feat xlink:href="#sTok464" value="nsubj"/>
		<feat xlink:href="#sTok465" value="punct"/>
		<feat xlink:href="#sTok466" value="punct"/>
		<feat xlink:href="#sTok467" value="det"/>
		<feat xlink:href="#sTok468" value="appos"/>
		<feat xlink:href="#sTok469" value="case"/>
		<feat xlink:href="#sTok470" value="nmod"/>
		<feat xlink:href="#sTok471" value="case"/>
		<feat xlink:href="#sTok472" value="nmod"/>
		<feat xlink:href="#sTok473" value="cc"/>
		<feat xlink:href="#sTok474" value="conj"/>
		<feat xlink:href="#sTok475" value="punct"/>
		<feat xlink:href="#sTok476" value="punct"/>
		<feat xlink:href="#sTok477" value="cop"/>
		<feat xlink:href="#sTok478" value="det"/>
		<feat xlink:href="#sTok479" value="root"/>
		<feat xlink:href="#sTok480" value="acl"/>
		<feat xlink:href="#sTok481" value="case"/>
		<feat xlink:href="#sTok482" value="compound"/>
		<feat xlink:href="#sTok483" value="flat"/>
		<feat xlink:href="#sTok484" value="obl:agent"/>
		<feat xlink:href="#sTok485" value="nsubj"/>
		<feat xlink:href="#sTok486" value="cop"/>
		<feat xlink:href="#sTok487" value="advmod"/>
		<feat xlink:href="#sTok488" value="acl:relcl"/>
		<feat xlink:href="#sTok489" value="case"/>
		<feat xlink:href="#sTok490" value="det"/>
		<feat xlink:href="#sTok491" value="obl"/>
		<feat xlink:href="#sTok492" value="case"/>
		<feat xlink:href="#sTok493" value="nmod"/>
		<feat xlink:href="#sTok494" value="cc"/>
		<feat xlink:href="#sTok495" value="conj"/>
		<feat xlink:href="#sTok496" value="punct"/>
		<feat xlink:href="#sTok497" value="case"/>
		<feat xlink:href="#sTok498" value="det"/>
		<feat xlink:href="#sTok499" value="amod"/>
		<feat xlink:href="#sTok500" value="obl"/>
		<feat xlink:href="#sTok501" value="case"/>
		<feat xlink:href="#sTok502" value="nmod"/>
		<feat xlink:href="#sTok503" value="punct"/>
		<feat xlink:href="#sTok504" value="advmod"/>
		<feat xlink:href="#sTok505" value="punct"/>
		<feat xlink:href="#sTok506" value="nsubj"/>
		<feat xlink:href="#sTok507" value="cc"/>
		<feat xlink:href="#sTok508" value="conj"/>
		<feat xlink:href="#sTok509" value="punct"/>
		<feat xlink:href="#sTok510" value="det"/>
		<feat xlink:href="#sTok511" value="appos"/>
		<feat xlink:href="#sTok512" value="case"/>
		<feat xlink:href="#sTok513" value="det"/>
		<feat xlink:href="#sTok514" value="nmod"/>
		<feat xlink:href="#sTok515" value="case"/>
		<feat xlink:href="#sTok516" value="nmod"/>
		<feat xlink:href="#sTok517" value="punct"/>
		<feat xlink:href="#sTok518" value="punct"/>
		<feat xlink:href="#sTok519" value="det"/>
		<feat xlink:href="#sTok520" value="advmod"/>
		<feat xlink:href="#sTok521" value="appos"/>
		<feat xlink:href="#sTok522" value="case"/>
		<feat xlink:href="#sTok523" value="det:predet"/>
		<feat xlink:href="#sTok524" value="det"/>
		<feat xlink:href="#sTok525" value="obl"/>
		<feat xlink:href="#sTok526" value="punct"/>
		<feat xlink:href="#sTok527" value="cop"/>
		<feat xlink:href="#sTok528" value="det"/>
		<feat xlink:href="#sTok529" value="root"/>
		<feat xlink:href="#sTok530" value="acl"/>
		<feat xlink:href="#sTok531" value="case"/>
		<feat xlink:href="#sTok532" value="det"/>
		<feat xlink:href="#sTok533" value="compound"/>
		<feat xlink:href="#sTok534" value="flat"/>
		<feat xlink:href="#sTok535" value="cc"/>
		<feat xlink:href="#sTok536" value="conj"/>
		<feat xlink:href="#sTok537" value="flat"/>
		<feat xlink:href="#sTok538" value="obl:agent"/>
		<feat xlink:href="#sTok539" value="case"/>
		<feat xlink:href="#sTok540" value="compound"/>
		<feat xlink:href="#sTok541" value="obl"/>
		<feat xlink:href="#sTok542" value="cc"/>
		<feat xlink:href="#sTok543" value="nmod:poss"/>
		<feat xlink:href="#sTok544" value="conj"/>
		<feat xlink:href="#sTok545" value="punct"/>
		<feat xlink:href="#sTok546" value="mark"/>
		<feat xlink:href="#sTok547" value="nsubj"/>
		<feat xlink:href="#sTok548" value="case"/>
		<feat xlink:href="#sTok549" value="det"/>
		<feat xlink:href="#sTok550" value="nmod"/>
		<feat xlink:href="#sTok551" value="case"/>
		<feat xlink:href="#sTok552" value="nmod"/>
		<feat xlink:href="#sTok553" value="cop"/>
		<feat xlink:href="#sTok554" value="det"/>
		<feat xlink:href="#sTok555" value="advcl"/>
		<feat xlink:href="#sTok556" value="mark"/>
		<feat xlink:href="#sTok557" value="cop"/>
		<feat xlink:href="#sTok558" value="case"/>
		<feat xlink:href="#sTok559" value="xcomp"/>
		<feat xlink:href="#sTok560" value="case"/>
		<feat xlink:href="#sTok561" value="nmod"/>
		<feat xlink:href="#sTok562" value="punct"/>
		<feat xlink:href="#sTok563" value="root"/>
		<feat xlink:href="#sTok564" value="dep"/>
		<feat xlink:href="#sTok565" value="punct"/>
		<feat xlink:href="#sTok566" value="root"/>
		<feat xlink:href="#sTok567" value="case"/>
		<feat xlink:href="#sTok568" value="nmod"/>
		<feat xlink:href="#sTok569" value="punct"/>
		<feat xlink:href="#sTok570" value="parataxis"/>
		<feat xlink:href="#sTok571" value="case"/>
		<feat xlink:href="#sTok572" value="compound"/>
		<feat xlink:href="#sTok573" value="nmod"/>
		<feat xlink:href="#sTok574" value="punct"/>
		<feat xlink:href="#sTok575" value="root"/>
		<feat xlink:href="#sTok576" value="dep"/>
		<feat xlink:href="#sTok577" value="punct"/>
		<feat xlink:href="#sTok578" value="root"/>
		<feat xlink:href="#sTok579" value="case"/>
		<feat xlink:href="#sTok580" value="det"/>
		<feat xlink:href="#sTok581" value="compound"/>
		<feat xlink:href="#sTok582" value="amod"/>
		<feat xlink:href="#sTok583" value="nmod"/>
		<feat xlink:href="#sTok584" value="compound"/>
		<feat xlink:href="#sTok585" value="nsubj:pass"/>
		<feat xlink:href="#sTok586" value="aux:pass"/>
		<feat xlink:href="#sTok587" value="root"/>
		<feat xlink:href="#sTok588" value="advcl"/>
		<feat xlink:href="#sTok589" value="nmod:poss"/>
		<feat xlink:href="#sTok590" value="amod"/>
		<feat xlink:href="#sTok591" value="obj"/>
		<feat xlink:href="#sTok592" value="punct"/>
		<feat xlink:href="#sTok593" value="det"/>
		<feat xlink:href="#sTok594" value="compound"/>
		<feat xlink:href="#sTok595" value="compound"/>
		<feat xlink:href="#sTok596" value="nsubj:pass"/>
		<feat xlink:href="#sTok597" value="aux:pass"/>
		<feat xlink:href="#sTok598" value="root"/>
		<feat xlink:href="#sTok599" value="case"/>
		<feat xlink:href="#sTok600" value="compound"/>
		<feat xlink:href="#sTok601" value="obl"/>
		<feat xlink:href="#sTok602" value="nsubj"/>
		<feat xlink:href="#sTok603" value="acl:relcl"/>
		<feat xlink:href="#sTok604" value="obj"/>
		<feat xlink:href="#sTok605" value="punct"/>
		<feat xlink:href="#sTok606" value="compound"/>
		<feat xlink:href="#sTok607" value="nsubj:pass"/>
		<feat xlink:href="#sTok608" value="aux:pass"/>
		<feat xlink:href="#sTok609" value="root"/>
		<feat xlink:href="#sTok610" value="case"/>
		<feat xlink:href="#sTok611" value="det"/>
		<feat xlink:href="#sTok612" value="advcl"/>
		<feat xlink:href="#sTok613" value="case"/>
		<feat xlink:href="#sTok614" value="det"/>
		<feat xlink:href="#sTok615" value="nmod"/>
		<feat xlink:href="#sTok616" value="case"/>
		<feat xlink:href="#sTok617" value="amod"/>
		<feat xlink:href="#sTok618" value="nmod"/>
		<feat xlink:href="#sTok619" value="case"/>
		<feat xlink:href="#sTok620" value="nmod"/>
		<feat xlink:href="#sTok621" value="punct"/>
		<feat xlink:href="#sTok622" value="appos"/>
		<feat xlink:href="#sTok623" value="dep"/>
		<feat xlink:href="#sTok624" value="punct"/>
		<feat xlink:href="#sTok625" value="nsubj:pass"/>
		<feat xlink:href="#sTok626" value="case"/>
		<feat xlink:href="#sTok627" value="det"/>
		<feat xlink:href="#sTok628" value="nmod"/>
		<feat xlink:href="#sTok629" value="case"/>
		<feat xlink:href="#sTok630" value="nmod"/>
		<feat xlink:href="#sTok631" value="aux:pass"/>
		<feat xlink:href="#sTok632" value="root"/>
		<feat xlink:href="#sTok633" value="advcl"/>
		<feat xlink:href="#sTok634" value="det"/>
		<feat xlink:href="#sTok635" value="compound"/>
		<feat xlink:href="#sTok636" value="obj"/>
		<feat xlink:href="#sTok637" value="cc"/>
		<feat xlink:href="#sTok638" value="conj"/>
		<feat xlink:href="#sTok639" value="det"/>
		<feat xlink:href="#sTok640" value="obj"/>
		<feat xlink:href="#sTok641" value="case"/>
		<feat xlink:href="#sTok642" value="compound"/>
		<feat xlink:href="#sTok643" value="nmod"/>
		<feat xlink:href="#sTok644" value="case"/>
		<feat xlink:href="#sTok645" value="amod"/>
		<feat xlink:href="#sTok646" value="nmod"/>
		<feat xlink:href="#sTok647" value="punct"/>
		<feat xlink:href="#sTok648" value="amod"/>
		<feat xlink:href="#sTok649" value="compound"/>
		<feat xlink:href="#sTok650" value="nsubj"/>
		<feat xlink:href="#sTok651" value="nsubj"/>
		<feat xlink:href="#sTok652" value="cop"/>
		<feat xlink:href="#sTok653" value="advmod"/>
		<feat xlink:href="#sTok654" value="acl:relcl"/>
		<feat xlink:href="#sTok655" value="case"/>
		<feat xlink:href="#sTok656" value="obl"/>
		<feat xlink:href="#sTok657" value="root"/>
		<feat xlink:href="#sTok658" value="obj"/>
		<feat xlink:href="#sTok659" value="cc"/>
		<feat xlink:href="#sTok660" value="conj"/>
		<feat xlink:href="#sTok661" value="punct"/>
		<feat xlink:href="#sTok662" value="case"/>
		<feat xlink:href="#sTok663" value="det"/>
		<feat xlink:href="#sTok664" value="nmod"/>
		<feat xlink:href="#sTok665" value="case"/>
		<feat xlink:href="#sTok666" value="nmod"/>
		<feat xlink:href="#sTok667" value="case"/>
		<feat xlink:href="#sTok668" value="nummod"/>
		<feat xlink:href="#sTok669" value="compound"/>
		<feat xlink:href="#sTok670" value="amod"/>
		<feat xlink:href="#sTok671" value="nmod"/>
		<feat xlink:href="#sTok672" value="punct"/>
		<feat xlink:href="#sTok673" value="cc"/>
		<feat xlink:href="#sTok674" value="conj"/>
		<feat xlink:href="#sTok675" value="punct"/>
		<feat xlink:href="#sTok676" value="case"/>
		<feat xlink:href="#sTok677" value="det"/>
		<feat xlink:href="#sTok678" value="nmod"/>
		<feat xlink:href="#sTok679" value="case"/>
		<feat xlink:href="#sTok680" value="nmod"/>
		<feat xlink:href="#sTok681" value="case"/>
		<feat xlink:href="#sTok682" value="nummod"/>
		<feat xlink:href="#sTok683" value="compound"/>
		<feat xlink:href="#sTok684" value="amod"/>
		<feat xlink:href="#sTok685" value="nmod"/>
		<feat xlink:href="#sTok686" value="punct"/>
		<feat xlink:href="#sTok687" value="advcl"/>
		<feat xlink:href="#sTok688" value="case"/>
		<feat xlink:href="#sTok689" value="obl"/>
		<feat xlink:href="#sTok690" value="cc"/>
		<feat xlink:href="#sTok691" value="conj"/>
		<feat xlink:href="#sTok692" value="punct"/>
		<feat xlink:href="#sTok693" value="nmod:tmod"/>
		<feat xlink:href="#sTok694" value="appos"/>
		<feat xlink:href="#sTok695" value="punct"/>
		<feat xlink:href="#sTok696" value="punct"/>
		<feat xlink:href="#sTok697" value="punct"/>
		<feat xlink:href="#sTok698" value="nsubj"/>
		<feat xlink:href="#sTok699" value="punct"/>
		<feat xlink:href="#sTok700" value="case"/>
		<feat xlink:href="#sTok701" value="det"/>
		<feat xlink:href="#sTok702" value="nmod"/>
		<feat xlink:href="#sTok703" value="case"/>
		<feat xlink:href="#sTok704" value="nmod"/>
		<feat xlink:href="#sTok705" value="punct"/>
		<feat xlink:href="#sTok706" value="punct"/>
		<feat xlink:href="#sTok707" value="conj"/>
		<feat xlink:href="#sTok708" value="punct"/>
		<feat xlink:href="#sTok709" value="case"/>
		<feat xlink:href="#sTok710" value="det"/>
		<feat xlink:href="#sTok711" value="nmod"/>
		<feat xlink:href="#sTok712" value="appos"/>
		<feat xlink:href="#sTok713" value="punct"/>
		<feat xlink:href="#sTok714" value="cc"/>
		<feat xlink:href="#sTok715" value="conj"/>
		<feat xlink:href="#sTok716" value="punct"/>
		<feat xlink:href="#sTok717" value="compound"/>
		<feat xlink:href="#sTok718" value="dep"/>
		<feat xlink:href="#sTok719" value="punct"/>
		<feat xlink:href="#sTok720" value="appos"/>
		<feat xlink:href="#sTok721" value="punct"/>
		<feat xlink:href="#sTok722" value="case"/>
		<feat xlink:href="#sTok723" value="det"/>
		<feat xlink:href="#sTok724" value="nmod"/>
		<feat xlink:href="#sTok725" value="case"/>
		<feat xlink:href="#sTok726" value="compound"/>
		<feat xlink:href="#sTok727" value="nmod"/>
		<feat xlink:href="#sTok728" value="cop"/>
		<feat xlink:href="#sTok729" value="advmod"/>
		<feat xlink:href="#sTok730" value="amod"/>
		<feat xlink:href="#sTok731" value="root"/>
		<feat xlink:href="#sTok732" value="acl"/>
		<feat xlink:href="#sTok733" value="case"/>
		<feat xlink:href="#sTok734" value="obl"/>
		<feat xlink:href="#sTok735" value="punct"/>
		<feat xlink:href="#sTok736" value="nsubj:pass"/>
		<feat xlink:href="#sTok737" value="aux:pass"/>
		<feat xlink:href="#sTok738" value="root"/>
		<feat xlink:href="#sTok739" value="advmod"/>
		<feat xlink:href="#sTok740" value="case"/>
		<feat xlink:href="#sTok741" value="det"/>
		<feat xlink:href="#sTok742" value="compound"/>
		<feat xlink:href="#sTok743" value="nmod"/>
		<feat xlink:href="#sTok744" value="case"/>
		<feat xlink:href="#sTok745" value="det"/>
		<feat xlink:href="#sTok746" value="compound"/>
		<feat xlink:href="#sTok747" value="flat"/>
		<feat xlink:href="#sTok748" value="obl"/>
		<feat xlink:href="#sTok749" value="punct"/>
		<feat xlink:href="#sTok750" value="expl"/>
		<feat xlink:href="#sTok751" value="root"/>
		<feat xlink:href="#sTok752" value="advmod"/>
		<feat xlink:href="#sTok753" value="amod"/>
		<feat xlink:href="#sTok754" value="amod"/>
		<feat xlink:href="#sTok755" value="compound"/>
		<feat xlink:href="#sTok756" value="nsubj"/>
		<feat xlink:href="#sTok757" value="case"/>
		<feat xlink:href="#sTok758" value="obl"/>
		<feat xlink:href="#sTok759" value="case"/>
		<feat xlink:href="#sTok760" value="nmod"/>
		<feat xlink:href="#sTok761" value="punct"/>
		<feat xlink:href="#sTok762" value="advmod"/>
		<feat xlink:href="#sTok763" value="case"/>
		<feat xlink:href="#sTok764" value="nmod"/>
		<feat xlink:href="#sTok765" value="punct"/>
		<feat xlink:href="#sTok766" value="cc"/>
		<feat xlink:href="#sTok767" value="case"/>
		<feat xlink:href="#sTok768" value="conj"/>
		<feat xlink:href="#sTok769" value="punct"/>
		<feat xlink:href="#sTok770" value="advmod"/>
		<feat xlink:href="#sTok771" value="case"/>
		<feat xlink:href="#sTok772" value="nmod"/>
		<feat xlink:href="#sTok773" value="punct"/>
		<feat xlink:href="#sTok774" value="punct"/>
		<feat xlink:href="#sTok775" value="mark"/>
		<feat xlink:href="#sTok776" value="nsubj"/>
		<feat xlink:href="#sTok777" value="acl:relcl"/>
		<feat xlink:href="#sTok778" value="case"/>
		<feat xlink:href="#sTok779" value="obl"/>
		<feat xlink:href="#sTok780" value="case"/>
		<feat xlink:href="#sTok781" value="compound"/>
		<feat xlink:href="#sTok782" value="nmod"/>
		<feat xlink:href="#sTok783" value="punct"/>
		<feat xlink:href="#sTok784" value="advmod"/>
		<feat xlink:href="#sTok785" value="amod"/>
		<feat xlink:href="#sTok786" value="compound"/>
		<feat xlink:href="#sTok787" value="nsubj"/>
		<feat xlink:href="#sTok788" value="case"/>
		<feat xlink:href="#sTok789" value="nmod"/>
		<feat xlink:href="#sTok790" value="root"/>
		<feat xlink:href="#sTok791" value="case"/>
		<feat xlink:href="#sTok792" value="nmod:poss"/>
		<feat xlink:href="#sTok793" value="obl"/>
		<feat xlink:href="#sTok794" value="punct"/>
		<feat xlink:href="#sTok795" value="advmod"/>
		<feat xlink:href="#sTok796" value="case"/>
		<feat xlink:href="#sTok797" value="amod"/>
		<feat xlink:href="#sTok798" value="obl"/>
		<feat xlink:href="#sTok799" value="case"/>
		<feat xlink:href="#sTok800" value="nmod"/>
		<feat xlink:href="#sTok801" value="cc"/>
		<feat xlink:href="#sTok802" value="conj"/>
		<feat xlink:href="#sTok803" value="punct"/>
		<feat xlink:href="#sTok804" value="nsubj"/>
		<feat xlink:href="#sTok805" value="case"/>
		<feat xlink:href="#sTok806" value="nmod"/>
		<feat xlink:href="#sTok807" value="root"/>
		<feat xlink:href="#sTok808" value="det"/>
		<feat xlink:href="#sTok809" value="obj"/>
		<feat xlink:href="#sTok810" value="appos"/>
		<feat xlink:href="#sTok811" value="punct"/>
		<feat xlink:href="#sTok812" value="acl"/>
		<feat xlink:href="#sTok813" value="obj"/>
		<feat xlink:href="#sTok814" value="punct"/>
		<feat xlink:href="#sTok815" value="mark"/>
		<feat xlink:href="#sTok816" value="advcl"/>
		<feat xlink:href="#sTok817" value="case"/>
		<feat xlink:href="#sTok818" value="nmod:poss"/>
		<feat xlink:href="#sTok819" value="obl"/>
		<feat xlink:href="#sTok820" value="mark"/>
		<feat xlink:href="#sTok821" value="nsubj"/>
		<feat xlink:href="#sTok822" value="advcl"/>
		<feat xlink:href="#sTok823" value="case"/>
		<feat xlink:href="#sTok824" value="obl"/>
		<feat xlink:href="#sTok825" value="fixed"/>
		<feat xlink:href="#sTok826" value="punct"/>
		<feat xlink:href="#sTok827" value="cc"/>
		<feat xlink:href="#sTok828" value="nsubj"/>
		<feat xlink:href="#sTok829" value="mark"/>
		<feat xlink:href="#sTok830" value="conj"/>
		<feat xlink:href="#sTok831" value="nmod:poss"/>
		<feat xlink:href="#sTok832" value="amod"/>
		<feat xlink:href="#sTok833" value="obj"/>
		<feat xlink:href="#sTok834" value="case"/>
		<feat xlink:href="#sTok835" value="obl"/>
		<feat xlink:href="#sTok836" value="case"/>
		<feat xlink:href="#sTok837" value="amod"/>
		<feat xlink:href="#sTok838" value="amod"/>
		<feat xlink:href="#sTok839" value="nmod"/>
		<feat xlink:href="#sTok840" value="punct"/>
		<feat xlink:href="#sTok841" value="nsubj"/>
		<feat xlink:href="#sTok842" value="cop"/>
		<feat xlink:href="#sTok843" value="det"/>
		<feat xlink:href="#sTok844" value="amod"/>
		<feat xlink:href="#sTok845" value="root"/>
		<feat xlink:href="#sTok846" value="nmod:poss"/>
		<feat xlink:href="#sTok847" value="nsubj"/>
		<feat xlink:href="#sTok848" value="case"/>
		<feat xlink:href="#sTok849" value="amod"/>
		<feat xlink:href="#sTok850" value="nmod"/>
		<feat xlink:href="#sTok851" value="aux"/>
		<feat xlink:href="#sTok852" value="aux"/>
		<feat xlink:href="#sTok853" value="acl:relcl"/>
		<feat xlink:href="#sTok854" value="advmod"/>
		<feat xlink:href="#sTok855" value="case"/>
		<feat xlink:href="#sTok856" value="det"/>
		<feat xlink:href="#sTok857" value="amod"/>
		<feat xlink:href="#sTok858" value="obl"/>
		<feat xlink:href="#sTok859" value="punct"/>
		<feat xlink:href="#sTok860" value="expl"/>
		<feat xlink:href="#sTok861" value="cop"/>
		<feat xlink:href="#sTok862" value="root"/>
		<feat xlink:href="#sTok863" value="mark"/>
		<feat xlink:href="#sTok864" value="csubj"/>
		<feat xlink:href="#sTok865" value="det"/>
		<feat xlink:href="#sTok866" value="compound"/>
		<feat xlink:href="#sTok867" value="obj"/>
		<feat xlink:href="#sTok868" value="case"/>
		<feat xlink:href="#sTok869" value="nmod"/>
		<feat xlink:href="#sTok870" value="punct"/>
		<feat xlink:href="#sTok871" value="mark"/>
		<feat xlink:href="#sTok872" value="nsubj"/>
		<feat xlink:href="#sTok873" value="case"/>
		<feat xlink:href="#sTok874" value="det"/>
		<feat xlink:href="#sTok875" value="compound"/>
		<feat xlink:href="#sTok876" value="nmod"/>
		<feat xlink:href="#sTok877" value="acl"/>
		<feat xlink:href="#sTok878" value="case"/>
		<feat xlink:href="#sTok879" value="det"/>
		<feat xlink:href="#sTok880" value="obl"/>
		<feat xlink:href="#sTok881" value="advcl"/>
		<feat xlink:href="#sTok882" value="case"/>
		<feat xlink:href="#sTok883" value="amod"/>
		<feat xlink:href="#sTok884" value="obl"/>
		<feat xlink:href="#sTok885" value="cc"/>
		<feat xlink:href="#sTok886" value="case"/>
		<feat xlink:href="#sTok887" value="amod"/>
		<feat xlink:href="#sTok888" value="conj"/>
		<feat xlink:href="#sTok889" value="punct"/>
		<feat xlink:href="#sTok890" value="det"/>
		<feat xlink:href="#sTok891" value="nsubj:pass"/>
		<feat xlink:href="#sTok892" value="aux:pass"/>
		<feat xlink:href="#sTok893" value="root"/>
		<feat xlink:href="#sTok894" value="cc:preconj"/>
		<feat xlink:href="#sTok895" value="case"/>
		<feat xlink:href="#sTok896" value="obl"/>
		<feat xlink:href="#sTok897" value="cc"/>
		<feat xlink:href="#sTok898" value="case"/>
		<feat xlink:href="#sTok899" value="det"/>
		<feat xlink:href="#sTok900" value="amod"/>
		<feat xlink:href="#sTok901" value="conj"/>
		<feat xlink:href="#sTok902" value="punct"/></featList></paula>