<?xml version='1.0' encoding='UTF-8'?><!DOCTYPE paula SYSTEM "paula_feat.dtd">
<paula version="1.1">
	<header paula_id="GUM_academic_eegimaa.tok_xpos"/>
	<featList xmlns:xlink="http://www.w3.org/1999/xlink" type="xpos" xml:base="GUM_academic_eegimaa.tok.xml">
		<feat xlink:href="#sTok1" value="LS"/>
		<feat xlink:href="#sTok2" value="NNP"/>
		<feat xlink:href="#sTok3" value="NNP"/>
		<feat xlink:href="#sTok4" value=","/>
		<feat xlink:href="#sTok5" value="PRP$"/>
		<feat xlink:href="#sTok6" value="NNS"/>
		<feat xlink:href="#sTok7" value="CC"/>
		<feat xlink:href="#sTok8" value="PRP$"/>
		<feat xlink:href="#sTok9" value="NNS"/>
		<feat xlink:href="#sTok10" value="DT"/>
		<feat xlink:href="#sTok11" value="NN"/>
		<feat xlink:href="#sTok12" value="RB"/>
		<feat xlink:href="#sTok13" value="VBZ"/>
		<feat xlink:href="#sTok14" value="DT"/>
		<feat xlink:href="#sTok15" value="NNP"/>
		<feat xlink:href="#sTok16" value="NNP"/>
		<feat xlink:href="#sTok17" value="-LRB-"/>
		<feat xlink:href="#sTok18" value="NNP"/>
		<feat xlink:href="#sTok19" value="IN"/>
		<feat xlink:href="#sTok20" value="JJ"/>
		<feat xlink:href="#sTok21" value=":"/>
		<feat xlink:href="#sTok22" value="NNP"/>
		<feat xlink:href="#sTok23" value="NN"/>
		<feat xlink:href="#sTok24" value=":"/>
		<feat xlink:href="#sTok25" value="NNP"/>
		<feat xlink:href="#sTok26" value="CD"/>
		<feat xlink:href="#sTok27" value=":"/>
		<feat xlink:href="#sTok28" value="NNP"/>
		<feat xlink:href="#sTok29" value="-RRB-"/>
		<feat xlink:href="#sTok30" value=","/>
		<feat xlink:href="#sTok31" value="PRP$"/>
		<feat xlink:href="#sTok32" value="NNS"/>
		<feat xlink:href="#sTok33" value="CC"/>
		<feat xlink:href="#sTok34" value="PRP$"/>
		<feat xlink:href="#sTok35" value="NNS"/>
		<feat xlink:href="#sTok36" value="."/>
		<feat xlink:href="#sTok37" value="PRP"/>
		<feat xlink:href="#sTok38" value="RB"/>
		<feat xlink:href="#sTok39" value="VBP"/>
		<feat xlink:href="#sTok40" value="NNS"/>
		<feat xlink:href="#sTok41" value="IN"/>
		<feat xlink:href="#sTok42" value="DT"/>
		<feat xlink:href="#sTok43" value="NN"/>
		<feat xlink:href="#sTok44" value="NN"/>
		<feat xlink:href="#sTok45" value="IN"/>
		<feat xlink:href="#sTok46" value="DT"/>
		<feat xlink:href="#sTok47" value="NNP"/>
		<feat xlink:href="#sTok48" value="NN"/>
		<feat xlink:href="#sTok49" value="."/>
		<feat xlink:href="#sTok50" value="DT"/>
		<feat xlink:href="#sTok51" value="VBZ"/>
		<feat xlink:href="#sTok52" value="JJ"/>
		<feat xlink:href="#sTok53" value=","/>
		<feat xlink:href="#sTok54" value="IN"/>
		<feat xlink:href="#sTok55" value="IN"/>
		<feat xlink:href="#sTok56" value="PRP"/>
		<feat xlink:href="#sTok57" value="MD"/>
		<feat xlink:href="#sTok58" value="VB"/>
		<feat xlink:href="#sTok59" value="IN"/>
		<feat xlink:href="#sTok60" value="SYM"/>
		<feat xlink:href="#sTok61" value="CD"/>
		<feat xlink:href="#sTok62" value="RB"/>
		<feat xlink:href="#sTok63" value=","/>
		<feat xlink:href="#sTok64" value="DT"/>
		<feat xlink:href="#sTok65" value="IN"/>
		<feat xlink:href="#sTok66" value="DT"/>
		<feat xlink:href="#sTok67" value="NNP"/>
		<feat xlink:href="#sTok68" value="NN"/>
		<feat xlink:href="#sTok69" value="NN"/>
		<feat xlink:href="#sTok70" value="NNS"/>
		<feat xlink:href="#sTok71" value="CC"/>
		<feat xlink:href="#sTok72" value="JJ"/>
		<feat xlink:href="#sTok73" value="NNS"/>
		<feat xlink:href="#sTok74" value="VBP"/>
		<feat xlink:href="#sTok75" value="VBN"/>
		<feat xlink:href="#sTok76" value="IN"/>
		<feat xlink:href="#sTok77" value="NNP"/>
		<feat xlink:href="#sTok78" value="NNS"/>
		<feat xlink:href="#sTok79" value="IN"/>
		<feat xlink:href="#sTok80" value="JJ"/>
		<feat xlink:href="#sTok81" value="NNS"/>
		<feat xlink:href="#sTok82" value="."/>
		<feat xlink:href="#sTok83" value="NNP"/>
		<feat xlink:href="#sTok84" value="VBZ"/>
		<feat xlink:href="#sTok85" value="DT"/>
		<feat xlink:href="#sTok86" value="JJ"/>
		<feat xlink:href="#sTok87" value="NN"/>
		<feat xlink:href="#sTok88" value="VBN"/>
		<feat xlink:href="#sTok89" value="IN"/>
		<feat xlink:href="#sTok90" value="DT"/>
		<feat xlink:href="#sTok91" value="NNP"/>
		<feat xlink:href="#sTok92" value="NNP"/>
		<feat xlink:href="#sTok93" value="NN"/>
		<feat xlink:href="#sTok94" value="IN"/>
		<feat xlink:href="#sTok95" value="NNP"/>
		<feat xlink:href="#sTok96" value="NNP"/>
		<feat xlink:href="#sTok97" value="IN"/>
		<feat xlink:href="#sTok98" value="DT"/>
		<feat xlink:href="#sTok99" value="NN"/>
		<feat xlink:href="#sTok100" value="VBN"/>
		<feat xlink:href="#sTok101" value="TO"/>
		<feat xlink:href="#sTok102" value="VB"/>
		<feat xlink:href="#sTok103" value="IN"/>
		<feat xlink:href="#sTok104" value="CD"/>
		<feat xlink:href="#sTok105" value="-LRB-"/>
		<feat xlink:href="#sTok106" value="NNP"/>
		<feat xlink:href="#sTok107" value=","/>
		<feat xlink:href="#sTok108" value="CD"/>
		<feat xlink:href="#sTok109" value="-RRB-"/>
		<feat xlink:href="#sTok110" value="CC"/>
		<feat xlink:href="#sTok111" value="CD"/>
		<feat xlink:href="#sTok112" value="NNS"/>
		<feat xlink:href="#sTok113" value="-LRB-"/>
		<feat xlink:href="#sTok114" value="NNP"/>
		<feat xlink:href="#sTok115" value=","/>
		<feat xlink:href="#sTok116" value="NNP"/>
		<feat xlink:href="#sTok117" value=","/>
		<feat xlink:href="#sTok118" value="CC"/>
		<feat xlink:href="#sTok119" value="NNP"/>
		<feat xlink:href="#sTok120" value=","/>
		<feat xlink:href="#sTok121" value="CD"/>
		<feat xlink:href="#sTok122" value="-RRB-"/>
		<feat xlink:href="#sTok123" value="."/>
		<feat xlink:href="#sTok124" value="JJ"/>
		<feat xlink:href="#sTok125" value="NNS"/>
		<feat xlink:href="#sTok126" value="VBP"/>
		<feat xlink:href="#sTok127" value="VBN"/>
		<feat xlink:href="#sTok128" value="IN"/>
		<feat xlink:href="#sTok129" value="NNS"/>
		<feat xlink:href="#sTok130" value="IN"/>
		<feat xlink:href="#sTok131" value="NNP"/>
		<feat xlink:href="#sTok132" value="POS"/>
		<feat xlink:href="#sTok133" value="-LRB-"/>
		<feat xlink:href="#sTok134" value="CD"/>
		<feat xlink:href="#sTok135" value="-RRB-"/>
		<feat xlink:href="#sTok136" value="NNP"/>
		<feat xlink:href="#sTok137" value="NN"/>
		<feat xlink:href="#sTok138" value="IN"/>
		<feat xlink:href="#sTok139" value="JJ"/>
		<feat xlink:href="#sTok140" value="NNS"/>
		<feat xlink:href="#sTok141" value="IN"/>
		<feat xlink:href="#sTok142" value="DT"/>
		<feat xlink:href="#sTok143" value="NNP"/>
		<feat xlink:href="#sTok144" value="NNP"/>
		<feat xlink:href="#sTok145" value="NN"/>
		<feat xlink:href="#sTok146" value="NN"/>
		<feat xlink:href="#sTok147" value="."/>
		<feat xlink:href="#sTok148" value="NNS"/>
		<feat xlink:href="#sTok149" value="IN"/>
		<feat xlink:href="#sTok150" value="DT"/>
		<feat xlink:href="#sTok151" value="NNS"/>
		<feat xlink:href="#sTok152" value="VBP"/>
		<feat xlink:href="#sTok153" value="VBN"/>
		<feat xlink:href="#sTok154" value="IN"/>
		<feat xlink:href="#sTok155" value="DT"/>
		<feat xlink:href="#sTok156" value="NNP"/>
		<feat xlink:href="#sTok157" value=","/>
		<feat xlink:href="#sTok158" value="IN"/>
		<feat xlink:href="#sTok159" value="DT"/>
		<feat xlink:href="#sTok160" value="JJ"/>
		<feat xlink:href="#sTok161" value="NNP"/>
		<feat xlink:href="#sTok162" value="NN"/>
		<feat xlink:href="#sTok163" value="IN"/>
		<feat xlink:href="#sTok164" value="NNP"/>
		<feat xlink:href="#sTok165" value="NNP"/>
		<feat xlink:href="#sTok166" value="CC"/>
		<feat xlink:href="#sTok167" value="IN"/>
		<feat xlink:href="#sTok168" value="NNP"/>
		<feat xlink:href="#sTok169" value="NNP"/>
		<feat xlink:href="#sTok170" value="."/>
		<feat xlink:href="#sTok171" value="DT"/>
		<feat xlink:href="#sTok172" value="NN"/>
		<feat xlink:href="#sTok173" value="IN"/>
		<feat xlink:href="#sTok174" value="NNP"/>
		<feat xlink:href="#sTok175" value="CD"/>
		<feat xlink:href="#sTok176" value=","/>
		<feat xlink:href="#sTok177" value="VBN"/>
		<feat xlink:href="#sTok178" value="IN"/>
		<feat xlink:href="#sTok179" value="NNP"/>
		<feat xlink:href="#sTok180" value=","/>
		<feat xlink:href="#sTok181" value="VBZ"/>
		<feat xlink:href="#sTok182" value="DT"/>
		<feat xlink:href="#sTok183" value="NNS"/>
		<feat xlink:href="#sTok184" value="IN"/>
		<feat xlink:href="#sTok185" value="NNP"/>
		<feat xlink:href="#sTok186" value="."/>
		<feat xlink:href="#sTok187" value="DT"/>
		<feat xlink:href="#sTok188" value="NN"/>
		<feat xlink:href="#sTok189" value="IN"/>
		<feat xlink:href="#sTok190" value="DT"/>
		<feat xlink:href="#sTok191" value="NN"/>
		<feat xlink:href="#sTok192" value="VBZ"/>
		<feat xlink:href="#sTok193" value="IN"/>
		<feat xlink:href="#sTok194" value="DT"/>
		<feat xlink:href="#sTok195" value="NNP"/>
		<feat xlink:href="#sTok196" value="VBG"/>
		<feat xlink:href="#sTok197" value="NN"/>
		<feat xlink:href="#sTok198" value="-LRB-"/>
		<feat xlink:href="#sTok199" value="NNP"/>
		<feat xlink:href="#sTok200" value="VBZ"/>
		<feat xlink:href="#sTok201" value="DT"/>
		<feat xlink:href="#sTok202" value="NN"/>
		<feat xlink:href="#sTok203" value="VBN"/>
		<feat xlink:href="#sTok204" value="IN"/>
		<feat xlink:href="#sTok205" value="NNP"/>
		<feat xlink:href="#sTok206" value="IN"/>
		<feat xlink:href="#sTok207" value="NNP"/>
		<feat xlink:href="#sTok208" value="-RRB-"/>
		<feat xlink:href="#sTok209" value="."/>
		<feat xlink:href="#sTok210" value="NNP"/>
		<feat xlink:href="#sTok211" value="VBZ"/>
		<feat xlink:href="#sTok212" value="RB"/>
		<feat xlink:href="#sTok213" value="VBN"/>
		<feat xlink:href="#sTok214" value="IN"/>
		<feat xlink:href="#sTok215" value="NNP"/>
		<feat xlink:href="#sTok216" value=","/>
		<feat xlink:href="#sTok217" value="DT"/>
		<feat xlink:href="#sTok218" value="JJ"/>
		<feat xlink:href="#sTok219" value="NN"/>
		<feat xlink:href="#sTok220" value="IN"/>
		<feat xlink:href="#sTok221" value="CD"/>
		<feat xlink:href="#sTok222" value="NNS"/>
		<feat xlink:href="#sTok223" value="VBN"/>
		<feat xlink:href="#sTok224" value="IN"/>
		<feat xlink:href="#sTok225" value="DT"/>
		<feat xlink:href="#sTok226" value="NN"/>
		<feat xlink:href="#sTok227" value="IN"/>
		<feat xlink:href="#sTok228" value="NNP"/>
		<feat xlink:href="#sTok229" value=","/>
		<feat xlink:href="#sTok230" value="DT"/>
		<feat xlink:href="#sTok231" value="NN"/>
		<feat xlink:href="#sTok232" value="NN"/>
		<feat xlink:href="#sTok233" value="IN"/>
		<feat xlink:href="#sTok234" value="DT"/>
		<feat xlink:href="#sTok235" value="JJ"/>
		<feat xlink:href="#sTok236" value="JJ"/>
		<feat xlink:href="#sTok237" value="NN"/>
		<feat xlink:href="#sTok238" value="IN"/>
		<feat xlink:href="#sTok239" value="NNP"/>
		<feat xlink:href="#sTok240" value="IN"/>
		<feat xlink:href="#sTok241" value="DT"/>
		<feat xlink:href="#sTok242" value="NN"/>
		<feat xlink:href="#sTok243" value="IN"/>
		<feat xlink:href="#sTok244" value="NNP"/>
		<feat xlink:href="#sTok245" value="."/>
		<feat xlink:href="#sTok246" value="NNP"/>
		<feat xlink:href="#sTok247" value="VBZ"/>
		<feat xlink:href="#sTok248" value="DT"/>
		<feat xlink:href="#sTok249" value="NN"/>
		<feat xlink:href="#sTok250" value="VBN"/>
		<feat xlink:href="#sTok251" value="IN"/>
		<feat xlink:href="#sTok252" value="DT"/>
		<feat xlink:href="#sTok253" value="NNP"/>
		<feat xlink:href="#sTok254" value="NNP"/>
		<feat xlink:href="#sTok255" value="IN"/>
		<feat xlink:href="#sTok256" value="DT"/>
		<feat xlink:href="#sTok257" value="NN"/>
		<feat xlink:href="#sTok258" value=","/>
		<feat xlink:href="#sTok259" value="WDT"/>
		<feat xlink:href="#sTok260" value="VBZ"/>
		<feat xlink:href="#sTok261" value="PRP"/>
		<feat xlink:href="#sTok262" value="IN"/>
		<feat xlink:href="#sTok263" value="DT"/>
		<feat xlink:href="#sTok264" value="NNP"/>
		<feat xlink:href="#sTok265" value="NNP"/>
		<feat xlink:href="#sTok266" value="CC"/>
		<feat xlink:href="#sTok267" value="NNP"/>
		<feat xlink:href="#sTok268" value="NNP"/>
		<feat xlink:href="#sTok269" value="NNS"/>
		<feat xlink:href="#sTok270" value=","/>
		<feat xlink:href="#sTok271" value="CC"/>
		<feat xlink:href="#sTok273" value="IN"/>
		<feat xlink:href="#sTok274" value="DT"/>
		<feat xlink:href="#sTok275" value="NN"/>
		<feat xlink:href="#sTok276" value="IN"/>
		<feat xlink:href="#sTok277" value="DT"/>
		<feat xlink:href="#sTok278" value="NNS"/>
		<feat xlink:href="#sTok279" value="NNP"/>
		<feat xlink:href="#sTok280" value="CC"/>
		<feat xlink:href="#sTok281" value="NNP"/>
		<feat xlink:href="#sTok282" value=","/>
		<feat xlink:href="#sTok283" value="WRB"/>
		<feat xlink:href="#sTok284" value="DT"/>
		<feat xlink:href="#sTok285" value="NNS"/>
		<feat xlink:href="#sTok286" value="IN"/>
		<feat xlink:href="#sTok287" value="NNP"/>
		<feat xlink:href="#sTok288" value="CC"/>
		<feat xlink:href="#sTok289" value="NNP"/>
		<feat xlink:href="#sTok290" value="NNP"/>
		<feat xlink:href="#sTok291" value="VBP"/>
		<feat xlink:href="#sTok292" value="."/>
		<feat xlink:href="#sTok293" value="IN"/>
		<feat xlink:href="#sTok294" value="DT"/>
		<feat xlink:href="#sTok295" value="NN"/>
		<feat xlink:href="#sTok296" value=","/>
		<feat xlink:href="#sTok297" value="DT"/>
		<feat xlink:href="#sTok298" value="NN"/>
		<feat xlink:href="#sTok299" value="VBN"/>
		<feat xlink:href="#sTok300" value="IN"/>
		<feat xlink:href="#sTok301" value="NNP"/>
		<feat xlink:href="#sTok302" value="NNP"/>
		<feat xlink:href="#sTok303" value="VBZ"/>
		<feat xlink:href="#sTok304" value="NNP"/>
		<feat xlink:href="#sTok305" value="IN"/>
		<feat xlink:href="#sTok306" value="DT"/>
		<feat xlink:href="#sTok307" value="NNP"/>
		<feat xlink:href="#sTok308" value="VBG"/>
		<feat xlink:href="#sTok309" value="NN"/>
		<feat xlink:href="#sTok310" value=","/>
		<feat xlink:href="#sTok311" value="IN"/>
		<feat xlink:href="#sTok312" value="DT"/>
		<feat xlink:href="#sTok313" value="NN"/>
		<feat xlink:href="#sTok314" value="NN"/>
		<feat xlink:href="#sTok315" value="IN"/>
		<feat xlink:href="#sTok316" value="NNP"/>
		<feat xlink:href="#sTok317" value="VBZ"/>
		<feat xlink:href="#sTok318" value="IN"/>
		<feat xlink:href="#sTok319" value="DT"/>
		<feat xlink:href="#sTok320" value="NN"/>
		<feat xlink:href="#sTok321" value="IN"/>
		<feat xlink:href="#sTok322" value="DT"/>
		<feat xlink:href="#sTok323" value="NNP"/>
		<feat xlink:href="#sTok324" value="NNP"/>
		<feat xlink:href="#sTok325" value="NNP"/>
		<feat xlink:href="#sTok326" value="CC"/>
		<feat xlink:href="#sTok327" value="NNP"/>
		<feat xlink:href="#sTok328" value="NNP"/>
		<feat xlink:href="#sTok329" value="NNP"/>
		<feat xlink:href="#sTok330" value="."/>
		<feat xlink:href="#sTok331" value="DT"/>
		<feat xlink:href="#sTok332" value="NN"/>
		<feat xlink:href="#sTok333" value="IN"/>
		<feat xlink:href="#sTok334" value="NNP"/>
		<feat xlink:href="#sTok335" value="CD"/>
		<feat xlink:href="#sTok336" value="RB"/>
		<feat xlink:href="#sTok337" value=","/>
		<feat xlink:href="#sTok338" value="VBN"/>
		<feat xlink:href="#sTok339" value="IN"/>
		<feat xlink:href="#sTok340" value="NNP"/>
		<feat xlink:href="#sTok341" value="CC"/>
		<feat xlink:href="#sTok342" value="NNP"/>
		<feat xlink:href="#sTok343" value="-LRB-"/>
		<feat xlink:href="#sTok344" value="CD"/>
		<feat xlink:href="#sTok345" value="-RRB-"/>
		<feat xlink:href="#sTok346" value=","/>
		<feat xlink:href="#sTok347" value="VBZ"/>
		<feat xlink:href="#sTok348" value="DT"/>
		<feat xlink:href="#sTok349" value="RB"/>
		<feat xlink:href="#sTok350" value="JJ"/>
		<feat xlink:href="#sTok351" value="NN"/>
		<feat xlink:href="#sTok352" value="IN"/>
		<feat xlink:href="#sTok353" value="NNP"/>
		<feat xlink:href="#sTok354" value="IN"/>
		<feat xlink:href="#sTok355" value="NN"/>
		<feat xlink:href="#sTok356" value="IN"/>
		<feat xlink:href="#sTok357" value="JJ"/>
		<feat xlink:href="#sTok358" value="VBG"/>
		<feat xlink:href="#sTok359" value="NN"/>
		<feat xlink:href="#sTok360" value="NNS"/>
		<feat xlink:href="#sTok361" value="."/>
		<feat xlink:href="#sTok362" value="DT"/>
		<feat xlink:href="#sTok363" value="IN"/>
		<feat xlink:href="#sTok364" value="DT"/>
		<feat xlink:href="#sTok365" value="NNS"/>
		<feat xlink:href="#sTok366" value="MD"/>
		<feat xlink:href="#sTok367" value="VB"/>
		<feat xlink:href="#sTok368" value="VBN"/>
		<feat xlink:href="#sTok369" value="IN"/>
		<feat xlink:href="#sTok370" value="IN"/>
		<feat xlink:href="#sTok371" value="PRP$"/>
		<feat xlink:href="#sTok372" value="NN"/>
		<feat xlink:href="#sTok373" value="IN"/>
		<feat xlink:href="#sTok374" value="NN"/>
		<feat xlink:href="#sTok375" value="NN"/>
		<feat xlink:href="#sTok376" value="NNS"/>
		<feat xlink:href="#sTok377" value="IN"/>
		<feat xlink:href="#sTok378" value="SYM"/>
		<feat xlink:href="#sTok379" value="CD"/>
		<feat xlink:href="#sTok380" value="."/>
		<feat xlink:href="#sTok381" value="DT"/>
		<feat xlink:href="#sTok382" value="NNP"/>
		<feat xlink:href="#sTok383" value="VBN"/>
		<feat xlink:href="#sTok384" value="IN"/>
		<feat xlink:href="#sTok385" value="NNP"/>
		<feat xlink:href="#sTok386" value="VBZ"/>
		<feat xlink:href="#sTok387" value="VBN"/>
		<feat xlink:href="#sTok388" value="IN"/>
		<feat xlink:href="#sTok389" value="JJ"/>
		<feat xlink:href="#sTok390" value="NNS"/>
		<feat xlink:href="#sTok391" value="VBN"/>
		<feat xlink:href="#sTok392" value="IN"/>
		<feat xlink:href="#sTok393" value="NNS"/>
		<feat xlink:href="#sTok394" value="IN"/>
		<feat xlink:href="#sTok395" value="VBG"/>
		<feat xlink:href="#sTok396" value="NNS"/>
		<feat xlink:href="#sTok397" value="."/>
		<feat xlink:href="#sTok398" value="IN"/>
		<feat xlink:href="#sTok399" value="NN"/>
		<feat xlink:href="#sTok400" value=","/>
		<feat xlink:href="#sTok401" value="DT"/>
		<feat xlink:href="#sTok402" value="NN"/>
		<feat xlink:href="#sTok403" value="NNP"/>
		<feat xlink:href="#sTok404" value="CD"/>
		<feat xlink:href="#sTok405" value="``"/>
		<feat xlink:href="#sTok406" value="DT"/>
		<feat xlink:href="#sTok407" value="NN"/>
		<feat xlink:href="#sTok408" value="IN"/>
		<feat xlink:href="#sTok409" value="NNP"/>
		<feat xlink:href="#sTok410" value="''"/>
		<feat xlink:href="#sTok411" value=","/>
		<feat xlink:href="#sTok412" value="VBZ"/>
		<feat xlink:href="#sTok413" value="DT"/>
		<feat xlink:href="#sTok414" value="NN"/>
		<feat xlink:href="#sTok415" value="VBN"/>
		<feat xlink:href="#sTok416" value="IN"/>
		<feat xlink:href="#sTok417" value="NNS"/>
		<feat xlink:href="#sTok418" value="IN"/>
		<feat xlink:href="#sTok419" value="NNP"/>
		<feat xlink:href="#sTok420" value="IN"/>
		<feat xlink:href="#sTok421" value="DT"/>
		<feat xlink:href="#sTok422" value="NNP"/>
		<feat xlink:href="#sTok423" value="NN"/>
		<feat xlink:href="#sTok424" value=","/>
		<feat xlink:href="#sTok425" value="IN"/>
		<feat xlink:href="#sTok426" value="NNP"/>
		<feat xlink:href="#sTok427" value=","/>
		<feat xlink:href="#sTok428" value="IN"/>
		<feat xlink:href="#sTok429" value="WDT"/>
		<feat xlink:href="#sTok430" value="NNP"/>
		<feat xlink:href="#sTok431" value="VBD"/>
		<feat xlink:href="#sTok432" value="DT"/>
		<feat xlink:href="#sTok433" value="NN"/>
		<feat xlink:href="#sTok434" value=","/>
		<feat xlink:href="#sTok435" value="VBZ"/>
		<feat xlink:href="#sTok436" value="DT"/>
		<feat xlink:href="#sTok437" value="NN"/>
		<feat xlink:href="#sTok438" value="WDT"/>
		<feat xlink:href="#sTok439" value="VBZ"/>
		<feat xlink:href="#sTok440" value="DT"/>
		<feat xlink:href="#sTok441" value="NN"/>
		<feat xlink:href="#sTok442" value="IN"/>
		<feat xlink:href="#sTok443" value="PRP$"/>
		<feat xlink:href="#sTok444" value="NN"/>
		<feat xlink:href="#sTok445" value="."/>
		<feat xlink:href="#sTok446" value="NNP"/>
		<feat xlink:href="#sTok447" value="VBZ"/>
		<feat xlink:href="#sTok448" value="DT"/>
		<feat xlink:href="#sTok449" value="NN"/>
		<feat xlink:href="#sTok450" value="VBN"/>
		<feat xlink:href="#sTok451" value="IN"/>
		<feat xlink:href="#sTok452" value="NNP"/>
		<feat xlink:href="#sTok453" value="NNS"/>
		<feat xlink:href="#sTok454" value=","/>
		<feat xlink:href="#sTok455" value="CC"/>
		<feat xlink:href="#sTok456" value="PRP$"/>
		<feat xlink:href="#sTok457" value="NN"/>
		<feat xlink:href="#sTok458" value="VBZ"/>
		<feat xlink:href="#sTok459" value="RB"/>
		<feat xlink:href="#sTok460" value="VBN"/>
		<feat xlink:href="#sTok461" value="."/>
		<feat xlink:href="#sTok462" value="NNP"/>
		<feat xlink:href="#sTok463" value=","/>
		<feat xlink:href="#sTok464" value="``"/>
		<feat xlink:href="#sTok465" value="DT"/>
		<feat xlink:href="#sTok466" value="NN"/>
		<feat xlink:href="#sTok467" value="IN"/>
		<feat xlink:href="#sTok468" value="NN"/>
		<feat xlink:href="#sTok469" value="IN"/>
		<feat xlink:href="#sTok470" value="NNP"/>
		<feat xlink:href="#sTok471" value="SYM"/>
		<feat xlink:href="#sTok472" value="NNP"/>
		<feat xlink:href="#sTok473" value="''"/>
		<feat xlink:href="#sTok474" value=","/>
		<feat xlink:href="#sTok475" value="VBZ"/>
		<feat xlink:href="#sTok476" value="DT"/>
		<feat xlink:href="#sTok477" value="NN"/>
		<feat xlink:href="#sTok478" value="VBN"/>
		<feat xlink:href="#sTok479" value="IN"/>
		<feat xlink:href="#sTok480" value="NNP"/>
		<feat xlink:href="#sTok481" value="NNP"/>
		<feat xlink:href="#sTok482" value="NNS"/>
		<feat xlink:href="#sTok483" value="WP"/>
		<feat xlink:href="#sTok484" value="VBP"/>
		<feat xlink:href="#sTok485" value="RBR"/>
		<feat xlink:href="#sTok486" value="JJ"/>
		<feat xlink:href="#sTok487" value="IN"/>
		<feat xlink:href="#sTok488" value="DT"/>
		<feat xlink:href="#sTok489" value="NN"/>
		<feat xlink:href="#sTok490" value="IN"/>
		<feat xlink:href="#sTok491" value="NNP"/>
		<feat xlink:href="#sTok492" value="SYM"/>
		<feat xlink:href="#sTok493" value="NNP"/>
		<feat xlink:href="#sTok494" value="''"/>
		<feat xlink:href="#sTok495" value="IN"/>
		<feat xlink:href="#sTok496" value="DT"/>
		<feat xlink:href="#sTok497" value="JJ"/>
		<feat xlink:href="#sTok498" value="NNS"/>
		<feat xlink:href="#sTok499" value="IN"/>
		<feat xlink:href="#sTok500" value="NNP"/>
		<feat xlink:href="#sTok501" value="."/>
		<feat xlink:href="#sTok502" value="RB"/>
		<feat xlink:href="#sTok503" value=","/>
		<feat xlink:href="#sTok504" value="NNP"/>
		<feat xlink:href="#sTok505" value="SYM"/>
		<feat xlink:href="#sTok506" value="NNP"/>
		<feat xlink:href="#sTok507" value="``"/>
		<feat xlink:href="#sTok508" value="DT"/>
		<feat xlink:href="#sTok509" value="NN"/>
		<feat xlink:href="#sTok510" value="IN"/>
		<feat xlink:href="#sTok511" value="DT"/>
		<feat xlink:href="#sTok512" value="NN"/>
		<feat xlink:href="#sTok513" value="IN"/>
		<feat xlink:href="#sTok514" value="NNP"/>
		<feat xlink:href="#sTok515" value="''"/>
		<feat xlink:href="#sTok516" value=","/>
		<feat xlink:href="#sTok517" value="DT"/>
		<feat xlink:href="#sTok518" value="RBS"/>
		<feat xlink:href="#sTok519" value="JJ"/>
		<feat xlink:href="#sTok520" value="IN"/>
		<feat xlink:href="#sTok521" value="PDT"/>
		<feat xlink:href="#sTok522" value="DT"/>
		<feat xlink:href="#sTok523" value="NNS"/>
		<feat xlink:href="#sTok524" value=","/>
		<feat xlink:href="#sTok525" value="VBZ"/>
		<feat xlink:href="#sTok526" value="DT"/>
		<feat xlink:href="#sTok527" value="NN"/>
		<feat xlink:href="#sTok528" value="VBN"/>
		<feat xlink:href="#sTok529" value="IN"/>
		<feat xlink:href="#sTok530" value="DT"/>
		<feat xlink:href="#sTok531" value="NNP"/>
		<feat xlink:href="#sTok532" value="NNP"/>
		<feat xlink:href="#sTok533" value="CC"/>
		<feat xlink:href="#sTok534" value="NNP"/>
		<feat xlink:href="#sTok535" value="NNP"/>
		<feat xlink:href="#sTok536" value="NNS"/>
		<feat xlink:href="#sTok537" value="IN"/>
		<feat xlink:href="#sTok538" value="NNP"/>
		<feat xlink:href="#sTok539" value="NNS"/>
		<feat xlink:href="#sTok540" value="CC"/>
		<feat xlink:href="#sTok541" value="PRP$"/>
		<feat xlink:href="#sTok542" value="NN"/>
		<feat xlink:href="#sTok543" value=","/>
		<feat xlink:href="#sTok544" value="IN"/>
		<feat xlink:href="#sTok545" value="NNS"/>
		<feat xlink:href="#sTok546" value="IN"/>
		<feat xlink:href="#sTok547" value="DT"/>
		<feat xlink:href="#sTok548" value="NN"/>
		<feat xlink:href="#sTok549" value="IN"/>
		<feat xlink:href="#sTok550" value="NNP"/>
		<feat xlink:href="#sTok551" value="VBD"/>
		<feat xlink:href="#sTok552" value="DT"/>
		<feat xlink:href="#sTok553" value="JJ"/>
		<feat xlink:href="#sTok554" value="TO"/>
		<feat xlink:href="#sTok555" value="VB"/>
		<feat xlink:href="#sTok556" value="IN"/>
		<feat xlink:href="#sTok557" value="NN"/>
		<feat xlink:href="#sTok558" value="IN"/>
		<feat xlink:href="#sTok559" value="PRP"/>
		<feat xlink:href="#sTok560" value="."/>
		<feat xlink:href="#sTok561" value="NNP"/>
		<feat xlink:href="#sTok562" value="CD"/>
		<feat xlink:href="#sTok563" value="."/>
		<feat xlink:href="#sTok564" value="NN"/>
		<feat xlink:href="#sTok565" value="IN"/>
		<feat xlink:href="#sTok566" value="NNP"/>
		<feat xlink:href="#sTok567" value="-LRB-"/>
		<feat xlink:href="#sTok568" value="NN"/>
		<feat xlink:href="#sTok569" value="IN"/>
		<feat xlink:href="#sTok570" value="NNP"/>
		<feat xlink:href="#sTok571" value="NNS"/>
		<feat xlink:href="#sTok572" value="-RRB-"/>
		<feat xlink:href="#sTok573" value="NNP"/>
		<feat xlink:href="#sTok574" value="CD"/>
		<feat xlink:href="#sTok575" value="."/>
		<feat xlink:href="#sTok576" value="NN"/>
		<feat xlink:href="#sTok577" value="IN"/>
		<feat xlink:href="#sTok578" value="DT"/>
		<feat xlink:href="#sTok579" value="NNP"/>
		<feat xlink:href="#sTok580" value="VBG"/>
		<feat xlink:href="#sTok581" value="NN"/>
		<feat xlink:href="#sTok582" value="NN"/>
		<feat xlink:href="#sTok583" value="NNS"/>
		<feat xlink:href="#sTok584" value="VBP"/>
		<feat xlink:href="#sTok585" value="VBN"/>
		<feat xlink:href="#sTok586" value="VBG"/>
		<feat xlink:href="#sTok587" value="PRP$"/>
		<feat xlink:href="#sTok588" value="JJ"/>
		<feat xlink:href="#sTok589" value="NN"/>
		<feat xlink:href="#sTok590" value="."/>
		<feat xlink:href="#sTok591" value="DT"/>
		<feat xlink:href="#sTok592" value="NNP"/>
		<feat xlink:href="#sTok593" value="NN"/>
		<feat xlink:href="#sTok594" value="NNS"/>
		<feat xlink:href="#sTok595" value="VBP"/>
		<feat xlink:href="#sTok596" value="VBN"/>
		<feat xlink:href="#sTok597" value="IN"/>
		<feat xlink:href="#sTok598" value="NN"/>
		<feat xlink:href="#sTok599" value="NNS"/>
		<feat xlink:href="#sTok600" value="WDT"/>
		<feat xlink:href="#sTok601" value="VBP"/>
		<feat xlink:href="#sTok602" value="PRP"/>
		<feat xlink:href="#sTok603" value="."/>
		<feat xlink:href="#sTok604" value="NN"/>
		<feat xlink:href="#sTok605" value="NNS"/>
		<feat xlink:href="#sTok606" value="VBP"/>
		<feat xlink:href="#sTok607" value="VBN"/>
		<feat xlink:href="#sTok608" value="VBG"/>
		<feat xlink:href="#sTok609" value="DT"/>
		<feat xlink:href="#sTok610" value="NN"/>
		<feat xlink:href="#sTok611" value="IN"/>
		<feat xlink:href="#sTok612" value="DT"/>
		<feat xlink:href="#sTok613" value="NN"/>
		<feat xlink:href="#sTok614" value="IN"/>
		<feat xlink:href="#sTok615" value="JJ"/>
		<feat xlink:href="#sTok616" value="NNS"/>
		<feat xlink:href="#sTok617" value="IN"/>
		<feat xlink:href="#sTok618" value="NNP"/>
		<feat xlink:href="#sTok619" value=","/>
		<feat xlink:href="#sTok620" value="NNP"/>
		<feat xlink:href="#sTok621" value="CD"/>
		<feat xlink:href="#sTok622" value="."/>
		<feat xlink:href="#sTok623" value="NNS"/>
		<feat xlink:href="#sTok624" value="IN"/>
		<feat xlink:href="#sTok625" value="DT"/>
		<feat xlink:href="#sTok626" value="NNS"/>
		<feat xlink:href="#sTok627" value="IN"/>
		<feat xlink:href="#sTok628" value="NNP"/>
		<feat xlink:href="#sTok629" value="VBP"/>
		<feat xlink:href="#sTok630" value="VBN"/>
		<feat xlink:href="#sTok631" value="VBG"/>
		<feat xlink:href="#sTok632" value="DT"/>
		<feat xlink:href="#sTok633" value="NNP"/>
		<feat xlink:href="#sTok634" value="NN"/>
		<feat xlink:href="#sTok635" value="CC"/>
		<feat xlink:href="#sTok636" value="VBG"/>
		<feat xlink:href="#sTok637" value="DT"/>
		<feat xlink:href="#sTok638" value="NN"/>
		<feat xlink:href="#sTok639" value="IN"/>
		<feat xlink:href="#sTok640" value="NN"/>
		<feat xlink:href="#sTok641" value="NNS"/>
		<feat xlink:href="#sTok642" value="IN"/>
		<feat xlink:href="#sTok643" value="JJ"/>
		<feat xlink:href="#sTok644" value="NNS"/>
		<feat xlink:href="#sTok645" value="."/>
		<feat xlink:href="#sTok646" value="JJ"/>
		<feat xlink:href="#sTok647" value="NN"/>
		<feat xlink:href="#sTok648" value="NNS"/>
		<feat xlink:href="#sTok649" value="WDT"/>
		<feat xlink:href="#sTok650" value="VBP"/>
		<feat xlink:href="#sTok651" value="RB"/>
		<feat xlink:href="#sTok652" value="JJ"/>
		<feat xlink:href="#sTok653" value="IN"/>
		<feat xlink:href="#sTok654" value="NNP"/>
		<feat xlink:href="#sTok655" value="VBP"/>
		<feat xlink:href="#sTok656" value="NNP"/>
		<feat xlink:href="#sTok657" value="SYM"/>
		<feat xlink:href="#sTok658" value="NNP"/>
		<feat xlink:href="#sTok659" value="-LRB-"/>
		<feat xlink:href="#sTok660" value="IN"/>
		<feat xlink:href="#sTok661" value="DT"/>
		<feat xlink:href="#sTok662" value="NN"/>
		<feat xlink:href="#sTok663" value="IN"/>
		<feat xlink:href="#sTok664" value="NNP"/>
		<feat xlink:href="#sTok665" value="IN"/>
		<feat xlink:href="#sTok666" value="CD"/>
		<feat xlink:href="#sTok667" value="NN"/>
		<feat xlink:href="#sTok668" value="JJ"/>
		<feat xlink:href="#sTok669" value="NN"/>
		<feat xlink:href="#sTok670" value="-RRB-"/>
		<feat xlink:href="#sTok671" value="CC"/>
		<feat xlink:href="#sTok672" value="NNP"/>
		<feat xlink:href="#sTok673" value="-LRB-"/>
		<feat xlink:href="#sTok674" value="IN"/>
		<feat xlink:href="#sTok675" value="DT"/>
		<feat xlink:href="#sTok676" value="NN"/>
		<feat xlink:href="#sTok677" value="IN"/>
		<feat xlink:href="#sTok678" value="NNP"/>
		<feat xlink:href="#sTok679" value="IN"/>
		<feat xlink:href="#sTok680" value="CD"/>
		<feat xlink:href="#sTok681" value="NN"/>
		<feat xlink:href="#sTok682" value="JJ"/>
		<feat xlink:href="#sTok683" value="NN"/>
		<feat xlink:href="#sTok684" value="-LRB-"/>
		<feat xlink:href="#sTok685" value="VBN"/>
		<feat xlink:href="#sTok686" value="IN"/>
		<feat xlink:href="#sTok687" value="NNP"/>
		<feat xlink:href="#sTok688" value="FW"/>
		<feat xlink:href="#sTok689" value="FW"/>
		<feat xlink:href="#sTok690" value=","/>
		<feat xlink:href="#sTok691" value="CD"/>
		<feat xlink:href="#sTok692" value="NNS"/>
		<feat xlink:href="#sTok693" value="-RRB-"/>
		<feat xlink:href="#sTok694" value="-RRB-"/>
		<feat xlink:href="#sTok695" value="."/>
		<feat xlink:href="#sTok696" value="NNP"/>
		<feat xlink:href="#sTok697" value="-LRB-"/>
		<feat xlink:href="#sTok698" value="IN"/>
		<feat xlink:href="#sTok699" value="DT"/>
		<feat xlink:href="#sTok700" value="NN"/>
		<feat xlink:href="#sTok701" value="IN"/>
		<feat xlink:href="#sTok702" value="NNP"/>
		<feat xlink:href="#sTok703" value="-RRB-"/>
		<feat xlink:href="#sTok704" value=","/>
		<feat xlink:href="#sTok705" value="NNP"/>
		<feat xlink:href="#sTok706" value="-LRB-"/>
		<feat xlink:href="#sTok707" value="IN"/>
		<feat xlink:href="#sTok708" value="DT"/>
		<feat xlink:href="#sTok709" value="NN"/>
		<feat xlink:href="#sTok710" value="NNP"/>
		<feat xlink:href="#sTok711" value="-RRB-"/>
		<feat xlink:href="#sTok712" value="CC"/>
		<feat xlink:href="#sTok713" value="NNP"/>
		<feat xlink:href="#sTok714" value="-LRB-"/>
		<feat xlink:href="#sTok715" value="NNP"/>
		<feat xlink:href="#sTok716" value="CD"/>
		<feat xlink:href="#sTok717" value=":"/>
		<feat xlink:href="#sTok718" value="NNP"/>
		<feat xlink:href="#sTok719" value="-RRB-"/>
		<feat xlink:href="#sTok720" value="IN"/>
		<feat xlink:href="#sTok721" value="DT"/>
		<feat xlink:href="#sTok722" value="NN"/>
		<feat xlink:href="#sTok723" value="IN"/>
		<feat xlink:href="#sTok724" value="NNP"/>
		<feat xlink:href="#sTok725" value="NNP"/>
		<feat xlink:href="#sTok726" value="VBP"/>
		<feat xlink:href="#sTok727" value="RB"/>
		<feat xlink:href="#sTok728" value="JJ"/>
		<feat xlink:href="#sTok729" value="NNS"/>
		<feat xlink:href="#sTok730" value="JJ"/>
		<feat xlink:href="#sTok731" value="IN"/>
		<feat xlink:href="#sTok732" value="NNP"/>
		<feat xlink:href="#sTok733" value="."/>
		<feat xlink:href="#sTok734" value="PRP"/>
		<feat xlink:href="#sTok735" value="VBP"/>
		<feat xlink:href="#sTok736" value="VBN"/>
		<feat xlink:href="#sTok737" value="RB"/>
		<feat xlink:href="#sTok738" value="IN"/>
		<feat xlink:href="#sTok739" value="DT"/>
		<feat xlink:href="#sTok740" value="NNP"/>
		<feat xlink:href="#sTok741" value="NNP"/>
		<feat xlink:href="#sTok742" value="IN"/>
		<feat xlink:href="#sTok743" value="DT"/>
		<feat xlink:href="#sTok744" value="NNP"/>
		<feat xlink:href="#sTok745" value="NNP"/>
		<feat xlink:href="#sTok746" value="NN"/>
		<feat xlink:href="#sTok747" value="."/>
		<feat xlink:href="#sTok748" value="EX"/>
		<feat xlink:href="#sTok749" value="VBP"/>
		<feat xlink:href="#sTok750" value="RB"/>
		<feat xlink:href="#sTok751" value="JJ"/>
		<feat xlink:href="#sTok752" value="JJ"/>
		<feat xlink:href="#sTok753" value="NNP"/>
		<feat xlink:href="#sTok754" value="NNS"/>
		<feat xlink:href="#sTok755" value="IN"/>
		<feat xlink:href="#sTok756" value="NNS"/>
		<feat xlink:href="#sTok757" value="IN"/>
		<feat xlink:href="#sTok758" value="NNP"/>
		<feat xlink:href="#sTok759" value="-LRB-"/>
		<feat xlink:href="#sTok760" value="RB"/>
		<feat xlink:href="#sTok761" value="IN"/>
		<feat xlink:href="#sTok762" value="NNP"/>
		<feat xlink:href="#sTok763" value="-RRB-"/>
		<feat xlink:href="#sTok764" value="CC"/>
		<feat xlink:href="#sTok765" value="IN"/>
		<feat xlink:href="#sTok766" value="NNP"/>
		<feat xlink:href="#sTok767" value="-LRB-"/>
		<feat xlink:href="#sTok768" value="RB"/>
		<feat xlink:href="#sTok769" value="IN"/>
		<feat xlink:href="#sTok770" value="NNP"/>
		<feat xlink:href="#sTok771" value="-RRB-"/>
		<feat xlink:href="#sTok772" value=","/>
		<feat xlink:href="#sTok773" value="WRB"/>
		<feat xlink:href="#sTok774" value="PRP"/>
		<feat xlink:href="#sTok775" value="VBP"/>
		<feat xlink:href="#sTok776" value="IN"/>
		<feat xlink:href="#sTok777" value="NNS"/>
		<feat xlink:href="#sTok778" value="IN"/>
		<feat xlink:href="#sTok779" value="NNP"/>
		<feat xlink:href="#sTok780" value="NNS"/>
		<feat xlink:href="#sTok781" value="."/>
		<feat xlink:href="#sTok782" value="RB"/>
		<feat xlink:href="#sTok783" value="JJS"/>
		<feat xlink:href="#sTok784" value="NNP"/>
		<feat xlink:href="#sTok785" value="NNS"/>
		<feat xlink:href="#sTok786" value="IN"/>
		<feat xlink:href="#sTok787" value="NNP"/>
		<feat xlink:href="#sTok788" value="VBP"/>
		<feat xlink:href="#sTok789" value="IN"/>
		<feat xlink:href="#sTok790" value="PRP$"/>
		<feat xlink:href="#sTok791" value="NN"/>
		<feat xlink:href="#sTok792" value=","/>
		<feat xlink:href="#sTok793" value="RB"/>
		<feat xlink:href="#sTok794" value="IN"/>
		<feat xlink:href="#sTok795" value="JJ"/>
		<feat xlink:href="#sTok796" value="NNS"/>
		<feat xlink:href="#sTok797" value="IN"/>
		<feat xlink:href="#sTok798" value="NNP"/>
		<feat xlink:href="#sTok799" value="CC"/>
		<feat xlink:href="#sTok800" value="NNP"/>
		<feat xlink:href="#sTok801" value="."/>
		<feat xlink:href="#sTok802" value="NNS"/>
		<feat xlink:href="#sTok803" value="IN"/>
		<feat xlink:href="#sTok804" value="NNP"/>
		<feat xlink:href="#sTok805" value="VBP"/>
		<feat xlink:href="#sTok806" value="DT"/>
		<feat xlink:href="#sTok807" value="NN"/>
		<feat xlink:href="#sTok808" value="NNP"/>
		<feat xlink:href="#sTok809" value="-LRB-"/>
		<feat xlink:href="#sTok810" value="VBG"/>
		<feat xlink:href="#sTok811" value="NNP"/>
		<feat xlink:href="#sTok812" value="-RRB-"/>
		<feat xlink:href="#sTok813" value="TO"/>
		<feat xlink:href="#sTok814" value="VB"/>
		<feat xlink:href="#sTok815" value="IN"/>
		<feat xlink:href="#sTok816" value="PRP$"/>
		<feat xlink:href="#sTok817" value="NN"/>
		<feat xlink:href="#sTok818" value="WRB"/>
		<feat xlink:href="#sTok819" value="PRP"/>
		<feat xlink:href="#sTok820" value="VBP"/>
		<feat xlink:href="#sTok821" value="IN"/>
		<feat xlink:href="#sTok822" value="DT"/>
		<feat xlink:href="#sTok823" value="JJ"/>
		<feat xlink:href="#sTok824" value=","/>
		<feat xlink:href="#sTok825" value="CC"/>
		<feat xlink:href="#sTok826" value="NNP"/>
		<feat xlink:href="#sTok827" value="TO"/>
		<feat xlink:href="#sTok828" value="VB"/>
		<feat xlink:href="#sTok829" value="PRP$"/>
		<feat xlink:href="#sTok830" value="JJ"/>
		<feat xlink:href="#sTok831" value="NN"/>
		<feat xlink:href="#sTok832" value="IN"/>
		<feat xlink:href="#sTok833" value="DT"/>
		<feat xlink:href="#sTok834" value="IN"/>
		<feat xlink:href="#sTok835" value="JJ"/>
		<feat xlink:href="#sTok836" value="JJ"/>
		<feat xlink:href="#sTok837" value="NNS"/>
		<feat xlink:href="#sTok838" value="."/>
		<feat xlink:href="#sTok839" value="NNP"/>
		<feat xlink:href="#sTok840" value="VBZ"/>
		<feat xlink:href="#sTok841" value="DT"/>
		<feat xlink:href="#sTok842" value="JJ"/>
		<feat xlink:href="#sTok843" value="NN"/>
		<feat xlink:href="#sTok844" value="WP$"/>
		<feat xlink:href="#sTok845" value="NN"/>
		<feat xlink:href="#sTok846" value="IN"/>
		<feat xlink:href="#sTok847" value="JJ"/>
		<feat xlink:href="#sTok848" value="NNS"/>
		<feat xlink:href="#sTok849" value="VBZ"/>
		<feat xlink:href="#sTok850" value="VBN"/>
		<feat xlink:href="#sTok851" value="VBG"/>
		<feat xlink:href="#sTok852" value="RB"/>
		<feat xlink:href="#sTok853" value="IN"/>
		<feat xlink:href="#sTok854" value="DT"/>
		<feat xlink:href="#sTok855" value="JJ"/>
		<feat xlink:href="#sTok856" value="NNS"/>
		<feat xlink:href="#sTok857" value="."/>
		<feat xlink:href="#sTok858" value="PRP"/>
		<feat xlink:href="#sTok859" value="VBZ"/>
		<feat xlink:href="#sTok860" value="JJ"/>
		<feat xlink:href="#sTok861" value="TO"/>
		<feat xlink:href="#sTok862" value="VB"/>
		<feat xlink:href="#sTok863" value="DT"/>
		<feat xlink:href="#sTok864" value="NN"/>
		<feat xlink:href="#sTok865" value="NN"/>
		<feat xlink:href="#sTok866" value="IN"/>
		<feat xlink:href="#sTok867" value="NNP"/>
		<feat xlink:href="#sTok868" value=","/>
		<feat xlink:href="#sTok869" value="IN"/>
		<feat xlink:href="#sTok870" value="DT"/>
		<feat xlink:href="#sTok871" value="IN"/>
		<feat xlink:href="#sTok872" value="DT"/>
		<feat xlink:href="#sTok873" value="NN"/>
		<feat xlink:href="#sTok874" value="NNS"/>
		<feat xlink:href="#sTok875" value="VBN"/>
		<feat xlink:href="#sTok876" value="IN"/>
		<feat xlink:href="#sTok877" value="DT"/>
		<feat xlink:href="#sTok878" value="NN"/>
		<feat xlink:href="#sTok879" value="VBP"/>
		<feat xlink:href="#sTok880" value="IN"/>
		<feat xlink:href="#sTok881" value="JJ"/>
		<feat xlink:href="#sTok882" value="NNS"/>
		<feat xlink:href="#sTok883" value="CC"/>
		<feat xlink:href="#sTok884" value="IN"/>
		<feat xlink:href="#sTok885" value="VBG"/>
		<feat xlink:href="#sTok886" value="NNS"/>
		<feat xlink:href="#sTok887" value="."/>
		<feat xlink:href="#sTok888" value="DT"/>
		<feat xlink:href="#sTok889" value="NNS"/>
		<feat xlink:href="#sTok890" value="VBP"/>
		<feat xlink:href="#sTok891" value="VBN"/>
		<feat xlink:href="#sTok892" value="CC"/>
		<feat xlink:href="#sTok893" value="IN"/>
		<feat xlink:href="#sTok894" value="NNP"/>
		<feat xlink:href="#sTok895" value="CC"/>
		<feat xlink:href="#sTok896" value="IN"/>
		<feat xlink:href="#sTok897" value="DT"/>
		<feat xlink:href="#sTok898" value="JJ"/>
		<feat xlink:href="#sTok899" value="NN"/>
		<feat xlink:href="#sTok900" value="."/></featList></paula>