<?xml version='1.0' encoding='UTF-8'?><!DOCTYPE paula SYSTEM "paula_feat.dtd">
<paula version="1.1">
	<header paula_id="GUM_academic_eegimaa.tok_lemma"/>
	<featList xmlns:xlink="http://www.w3.org/1999/xlink" type="lemma" xml:base="GUM_academic_eegimaa.tok.xml">
		<feat xlink:href="#sTok1" value="2."/>
		<feat xlink:href="#sTok2" value="Gujjolaay"/>
		<feat xlink:href="#sTok3" value="Eegimaa"/>
		<feat xlink:href="#sTok4" value=","/>
		<feat xlink:href="#sTok5" value="its"/>
		<feat xlink:href="#sTok6" value="speaker"/>
		<feat xlink:href="#sTok7" value="and"/>
		<feat xlink:href="#sTok8" value="their"/>
		<feat xlink:href="#sTok9" value="neighbour"/>
		<feat xlink:href="#sTok10" value="this"/>
		<feat xlink:href="#sTok11" value="section"/>
		<feat xlink:href="#sTok12" value="briefly"/>
		<feat xlink:href="#sTok13" value="present"/>
		<feat xlink:href="#sTok14" value="the"/>
		<feat xlink:href="#sTok15" value="Gújjolaay"/>
		<feat xlink:href="#sTok16" value="Eegimaa"/>
		<feat xlink:href="#sTok17" value="("/>
		<feat xlink:href="#sTok18" value="Eegimaa"/>
		<feat xlink:href="#sTok19" value="for"/>
		<feat xlink:href="#sTok20" value="short"/>
		<feat xlink:href="#sTok21" value=";"/>
		<feat xlink:href="#sTok22" value="Ethnologue"/>
		<feat xlink:href="#sTok23" value="code"/>
		<feat xlink:href="#sTok24" value=":"/>
		<feat xlink:href="#sTok25" value="ISO"/>
		<feat xlink:href="#sTok26" value="639-3"/>
		<feat xlink:href="#sTok27" value=":"/>
		<feat xlink:href="#sTok28" value="bqj"/>
		<feat xlink:href="#sTok29" value=")"/>
		<feat xlink:href="#sTok30" value=","/>
		<feat xlink:href="#sTok31" value="its"/>
		<feat xlink:href="#sTok32" value="speaker"/>
		<feat xlink:href="#sTok33" value="and"/>
		<feat xlink:href="#sTok34" value="its"/>
		<feat xlink:href="#sTok35" value="variety"/>
		<feat xlink:href="#sTok36" value="."/>
		<feat xlink:href="#sTok37" value="we"/>
		<feat xlink:href="#sTok38" value="also"/>
		<feat xlink:href="#sTok39" value="discuss"/>
		<feat xlink:href="#sTok40" value="aspect"/>
		<feat xlink:href="#sTok41" value="of"/>
		<feat xlink:href="#sTok42" value="the"/>
		<feat xlink:href="#sTok43" value="contact"/>
		<feat xlink:href="#sTok44" value="situation"/>
		<feat xlink:href="#sTok45" value="of"/>
		<feat xlink:href="#sTok46" value="the"/>
		<feat xlink:href="#sTok47" value="Eegimaa"/>
		<feat xlink:href="#sTok48" value="language"/>
		<feat xlink:href="#sTok49" value="."/>
		<feat xlink:href="#sTok50" value="this"/>
		<feat xlink:href="#sTok51" value="be"/>
		<feat xlink:href="#sTok52" value="important"/>
		<feat xlink:href="#sTok53" value=","/>
		<feat xlink:href="#sTok54" value="because"/>
		<feat xlink:href="#sTok55" value="as"/>
		<feat xlink:href="#sTok56" value="we"/>
		<feat xlink:href="#sTok57" value="will"/>
		<feat xlink:href="#sTok58" value="show"/>
		<feat xlink:href="#sTok59" value="in"/>
		<feat xlink:href="#sTok60" value="§"/>
		<feat xlink:href="#sTok61" value="6"/>
		<feat xlink:href="#sTok62" value="below"/>
		<feat xlink:href="#sTok63" value=","/>
		<feat xlink:href="#sTok64" value="some"/>
		<feat xlink:href="#sTok65" value="of"/>
		<feat xlink:href="#sTok66" value="the"/>
		<feat xlink:href="#sTok67" value="Eegimaa"/>
		<feat xlink:href="#sTok68" value="death"/>
		<feat xlink:href="#sTok69" value="prevention"/>
		<feat xlink:href="#sTok70" value="name"/>
		<feat xlink:href="#sTok71" value="and"/>
		<feat xlink:href="#sTok72" value="child"/>
		<feat xlink:href="#sTok73" value="-"/>
		<feat xlink:href="#sTok74" value="bearing"/>
		<feat xlink:href="#sTok75" value="name"/>
		<feat xlink:href="#sTok76" value="be"/>
		<feat xlink:href="#sTok77" value="give"/>
		<feat xlink:href="#sTok78" value="to"/>
		<feat xlink:href="#sTok79" value="Eegimaa"/>
		<feat xlink:href="#sTok80" value="person"/>
		<feat xlink:href="#sTok81" value="from"/>
		<feat xlink:href="#sTok82" value="other"/>
		<feat xlink:href="#sTok83" value="community"/>
		<feat xlink:href="#sTok84" value="."/>
		<feat xlink:href="#sTok85" value="Eegimaa"/>
		<feat xlink:href="#sTok86" value="be"/>
		<feat xlink:href="#sTok87" value="a"/>
		<feat xlink:href="#sTok88" value="Jóola"/>
		<feat xlink:href="#sTok89" value="language"/>
		<feat xlink:href="#sTok90" value="speak"/>
		<feat xlink:href="#sTok91" value="in"/>
		<feat xlink:href="#sTok92" value="the"/>
		<feat xlink:href="#sTok93" value="Basse"/>
		<feat xlink:href="#sTok94" value="Casamance"/>
		<feat xlink:href="#sTok95" value="area"/>
		<feat xlink:href="#sTok96" value="of"/>
		<feat xlink:href="#sTok97" value="Southern"/>
		<feat xlink:href="#sTok98" value="Senegal"/>
		<feat xlink:href="#sTok99" value="by"/>
		<feat xlink:href="#sTok100" value="a"/>
		<feat xlink:href="#sTok101" value="population"/>
		<feat xlink:href="#sTok102" value="estimate"/>
		<feat xlink:href="#sTok103" value="to"/>
		<feat xlink:href="#sTok104" value="be"/>
		<feat xlink:href="#sTok105" value="between"/>
		<feat xlink:href="#sTok106" value="7000"/>
		<feat xlink:href="#sTok107" value="("/>
		<feat xlink:href="#sTok108" value="Bassène"/>
		<feat xlink:href="#sTok109" value=","/>
		<feat xlink:href="#sTok110" value="2007"/>
		<feat xlink:href="#sTok111" value=")"/>
		<feat xlink:href="#sTok112" value="and"/>
		<feat xlink:href="#sTok113" value="11200"/>
		<feat xlink:href="#sTok114" value="speaker"/>
		<feat xlink:href="#sTok115" value="("/>
		<feat xlink:href="#sTok116" value="Lewis"/>
		<feat xlink:href="#sTok117" value=","/>
		<feat xlink:href="#sTok118" value="Simons"/>
		<feat xlink:href="#sTok119" value=","/>
		<feat xlink:href="#sTok120" value="&amp;"/>
		<feat xlink:href="#sTok121" value="Fennig"/>
		<feat xlink:href="#sTok122" value=","/>
		<feat xlink:href="#sTok123" value="2014"/>
		<feat xlink:href="#sTok124" value=")"/>
		<feat xlink:href="#sTok125" value="."/>
		<feat xlink:href="#sTok126" value="Jóola"/>
		<feat xlink:href="#sTok127" value="language"/>
		<feat xlink:href="#sTok128" value="be"/>
		<feat xlink:href="#sTok129" value="classify"/>
		<feat xlink:href="#sTok130" value="as"/>
		<feat xlink:href="#sTok131" value="member"/>
		<feat xlink:href="#sTok132" value="of"/>
		<feat xlink:href="#sTok133" value="Sapir"/>
		<feat xlink:href="#sTok134" value="'s"/>
		<feat xlink:href="#sTok135" value="("/>
		<feat xlink:href="#sTok136" value="1971"/>
		<feat xlink:href="#sTok137" value=")"/>
		<feat xlink:href="#sTok138" value="Bak"/>
		<feat xlink:href="#sTok139" value="group"/>
		<feat xlink:href="#sTok140" value="of"/>
		<feat xlink:href="#sTok141" value="Atlantic"/>
		<feat xlink:href="#sTok142" value="language"/>
		<feat xlink:href="#sTok143" value="of"/>
		<feat xlink:href="#sTok144" value="the"/>
		<feat xlink:href="#sTok145" value="Niger"/>
		<feat xlink:href="#sTok146" value="Congo"/>
		<feat xlink:href="#sTok147" value="language"/>
		<feat xlink:href="#sTok148" value="phylum"/>
		<feat xlink:href="#sTok149" value="."/>
		<feat xlink:href="#sTok150" value="speaker"/>
		<feat xlink:href="#sTok151" value="of"/>
		<feat xlink:href="#sTok152" value="this"/>
		<feat xlink:href="#sTok153" value="language"/>
		<feat xlink:href="#sTok154" value="be"/>
		<feat xlink:href="#sTok155" value="find"/>
		<feat xlink:href="#sTok156" value="in"/>
		<feat xlink:href="#sTok157" value="the"/>
		<feat xlink:href="#sTok158" value="Gambia"/>
		<feat xlink:href="#sTok159" value=","/>
		<feat xlink:href="#sTok160" value="in"/>
		<feat xlink:href="#sTok161" value="the"/>
		<feat xlink:href="#sTok162" value="former"/>
		<feat xlink:href="#sTok163" value="Casamance"/>
		<feat xlink:href="#sTok164" value="region"/>
		<feat xlink:href="#sTok165" value="of"/>
		<feat xlink:href="#sTok166" value="Southern"/>
		<feat xlink:href="#sTok167" value="Senegal"/>
		<feat xlink:href="#sTok168" value="and"/>
		<feat xlink:href="#sTok169" value="in"/>
		<feat xlink:href="#sTok170" value="Guinea"/>
		<feat xlink:href="#sTok171" value="Bissau"/>
		<feat xlink:href="#sTok172" value="."/>
		<feat xlink:href="#sTok173" value="the"/>
		<feat xlink:href="#sTok174" value="map"/>
		<feat xlink:href="#sTok175" value="in"/>
		<feat xlink:href="#sTok176" value="Figure"/>
		<feat xlink:href="#sTok177" value="1"/>
		<feat xlink:href="#sTok178" value=","/>
		<feat xlink:href="#sTok179" value="take"/>
		<feat xlink:href="#sTok180" value="from"/>
		<feat xlink:href="#sTok181" value="Ethnologue"/>
		<feat xlink:href="#sTok182" value=","/>
		<feat xlink:href="#sTok183" value="present"/>
		<feat xlink:href="#sTok184" value="the"/>
		<feat xlink:href="#sTok185" value="language"/>
		<feat xlink:href="#sTok186" value="of"/>
		<feat xlink:href="#sTok187" value="Senegal"/>
		<feat xlink:href="#sTok188" value="."/>
		<feat xlink:href="#sTok189" value="the"/>
		<feat xlink:href="#sTok190" value="arrow"/>
		<feat xlink:href="#sTok191" value="on"/>
		<feat xlink:href="#sTok192" value="the"/>
		<feat xlink:href="#sTok193" value="map"/>
		<feat xlink:href="#sTok194" value="point"/>
		<feat xlink:href="#sTok195" value="to"/>
		<feat xlink:href="#sTok196" value="the"/>
		<feat xlink:href="#sTok197" value="Eegimaa"/>
		<feat xlink:href="#sTok198" value="speak"/>
		<feat xlink:href="#sTok199" value="area"/>
		<feat xlink:href="#sTok200" value="("/>
		<feat xlink:href="#sTok201" value="Bandial"/>
		<feat xlink:href="#sTok202" value="be"/>
		<feat xlink:href="#sTok203" value="the"/>
		<feat xlink:href="#sTok204" value="name"/>
		<feat xlink:href="#sTok205" value="use"/>
		<feat xlink:href="#sTok206" value="by"/>
		<feat xlink:href="#sTok207" value="Ethnologue"/>
		<feat xlink:href="#sTok208" value="for"/>
		<feat xlink:href="#sTok209" value="Eegimaa"/>
		<feat xlink:href="#sTok210" value=")"/>
		<feat xlink:href="#sTok211" value="."/>
		<feat xlink:href="#sTok212" value="Eegimaa"/>
		<feat xlink:href="#sTok213" value="be"/>
		<feat xlink:href="#sTok214" value="mainly"/>
		<feat xlink:href="#sTok215" value="speak"/>
		<feat xlink:href="#sTok216" value="in"/>
		<feat xlink:href="#sTok217" value="Mof-Ávvi"/>
		<feat xlink:href="#sTok218" value=","/>
		<feat xlink:href="#sTok219" value="a"/>
		<feat xlink:href="#sTok220" value="former"/>
		<feat xlink:href="#sTok221" value="kingdom"/>
		<feat xlink:href="#sTok222" value="of"/>
		<feat xlink:href="#sTok223" value="10"/>
		<feat xlink:href="#sTok224" value="village"/>
		<feat xlink:href="#sTok225" value="locate"/>
		<feat xlink:href="#sTok226" value="to"/>
		<feat xlink:href="#sTok227" value="the"/>
		<feat xlink:href="#sTok228" value="west"/>
		<feat xlink:href="#sTok229" value="of"/>
		<feat xlink:href="#sTok230" value="Ziguinchor"/>
		<feat xlink:href="#sTok231" value=","/>
		<feat xlink:href="#sTok232" value="the"/>
		<feat xlink:href="#sTok233" value="capital"/>
		<feat xlink:href="#sTok234" value="city"/>
		<feat xlink:href="#sTok235" value="of"/>
		<feat xlink:href="#sTok236" value="the"/>
		<feat xlink:href="#sTok237" value="former"/>
		<feat xlink:href="#sTok238" value="administrative"/>
		<feat xlink:href="#sTok239" value="region"/>
		<feat xlink:href="#sTok240" value="of"/>
		<feat xlink:href="#sTok241" value="Casamance"/>
		<feat xlink:href="#sTok242" value="in"/>
		<feat xlink:href="#sTok243" value="the"/>
		<feat xlink:href="#sTok244" value="south"/>
		<feat xlink:href="#sTok245" value="of"/>
		<feat xlink:href="#sTok246" value="Senegal"/>
		<feat xlink:href="#sTok247" value="."/>
		<feat xlink:href="#sTok248" value="Mof-Ávvi"/>
		<feat xlink:href="#sTok249" value="be"/>
		<feat xlink:href="#sTok250" value="a"/>
		<feat xlink:href="#sTok251" value="peninsula"/>
		<feat xlink:href="#sTok252" value="border"/>
		<feat xlink:href="#sTok253" value="by"/>
		<feat xlink:href="#sTok254" value="the"/>
		<feat xlink:href="#sTok255" value="Casamance"/>
		<feat xlink:href="#sTok256" value="River"/>
		<feat xlink:href="#sTok257" value="to"/>
		<feat xlink:href="#sTok258" value="the"/>
		<feat xlink:href="#sTok259" value="north"/>
		<feat xlink:href="#sTok260" value=","/>
		<feat xlink:href="#sTok261" value="which"/>
		<feat xlink:href="#sTok262" value="separate"/>
		<feat xlink:href="#sTok263" value="it"/>
		<feat xlink:href="#sTok264" value="from"/>
		<feat xlink:href="#sTok265" value="the"/>
		<feat xlink:href="#sTok266" value="Jóola"/>
		<feat xlink:href="#sTok267" value="Búluf"/>
		<feat xlink:href="#sTok268" value="and"/>
		<feat xlink:href="#sTok269" value="Jóola"/>
		<feat xlink:href="#sTok270" value="Fogny"/>
		<feat xlink:href="#sTok271" value="area"/>
		<feat xlink:href="#sTok272" value=","/>
		<feat xlink:href="#sTok273" value="and"/>
		<feat xlink:href="#sTok275" value="to"/>
		<feat xlink:href="#sTok276" value="the"/>
		<feat xlink:href="#sTok277" value="east"/>
		<feat xlink:href="#sTok278" value="by"/>
		<feat xlink:href="#sTok279" value="the"/>
		<feat xlink:href="#sTok280" value="village"/>
		<feat xlink:href="#sTok281" value="Brin"/>
		<feat xlink:href="#sTok282" value="and"/>
		<feat xlink:href="#sTok283" value="Djibonker"/>
		<feat xlink:href="#sTok284" value=","/>
		<feat xlink:href="#sTok285" value="where"/>
		<feat xlink:href="#sTok286" value="the"/>
		<feat xlink:href="#sTok287" value="speaker"/>
		<feat xlink:href="#sTok288" value="of"/>
		<feat xlink:href="#sTok289" value="Kujireray"/>
		<feat xlink:href="#sTok290" value="and"/>
		<feat xlink:href="#sTok291" value="Baïnounk"/>
		<feat xlink:href="#sTok292" value="Gubëeher"/>
		<feat xlink:href="#sTok293" value="live"/>
		<feat xlink:href="#sTok294" value="."/>
		<feat xlink:href="#sTok295" value="in"/>
		<feat xlink:href="#sTok296" value="the"/>
		<feat xlink:href="#sTok297" value="south"/>
		<feat xlink:href="#sTok298" value=","/>
		<feat xlink:href="#sTok299" value="the"/>
		<feat xlink:href="#sTok300" value="river"/>
		<feat xlink:href="#sTok301" value="know"/>
		<feat xlink:href="#sTok302" value="as"/>
		<feat xlink:href="#sTok303" value="Kamobeul"/>
		<feat xlink:href="#sTok304" value="Bolon"/>
		<feat xlink:href="#sTok305" value="separate"/>
		<feat xlink:href="#sTok306" value="Mof-Ávvi"/>
		<feat xlink:href="#sTok307" value="from"/>
		<feat xlink:href="#sTok308" value="the"/>
		<feat xlink:href="#sTok309" value="Bayot"/>
		<feat xlink:href="#sTok310" value="speak"/>
		<feat xlink:href="#sTok311" value="area"/>
		<feat xlink:href="#sTok312" value=","/>
		<feat xlink:href="#sTok313" value="while"/>
		<feat xlink:href="#sTok314" value="the"/>
		<feat xlink:href="#sTok315" value="west"/>
		<feat xlink:href="#sTok316" value="side"/>
		<feat xlink:href="#sTok317" value="of"/>
		<feat xlink:href="#sTok318" value="Mof-Ávvi"/>
		<feat xlink:href="#sTok319" value="coincide"/>
		<feat xlink:href="#sTok320" value="with"/>
		<feat xlink:href="#sTok321" value="the"/>
		<feat xlink:href="#sTok322" value="homeland"/>
		<feat xlink:href="#sTok323" value="of"/>
		<feat xlink:href="#sTok324" value="the"/>
		<feat xlink:href="#sTok325" value="Jóola"/>
		<feat xlink:href="#sTok326" value="Kaasa"/>
		<feat xlink:href="#sTok327" value="Húluf"/>
		<feat xlink:href="#sTok328" value="and"/>
		<feat xlink:href="#sTok329" value="Jóola"/>
		<feat xlink:href="#sTok330" value="Kaasa"/>
		<feat xlink:href="#sTok331" value="Ésuulaaluʔ"/>
		<feat xlink:href="#sTok332" value="."/>
		<feat xlink:href="#sTok333" value="the"/>
		<feat xlink:href="#sTok334" value="map"/>
		<feat xlink:href="#sTok335" value="in"/>
		<feat xlink:href="#sTok336" value="Figure"/>
		<feat xlink:href="#sTok337" value="2"/>
		<feat xlink:href="#sTok338" value="below"/>
		<feat xlink:href="#sTok339" value=","/>
		<feat xlink:href="#sTok340" value="adapt"/>
		<feat xlink:href="#sTok341" value="from"/>
		<feat xlink:href="#sTok342" value="Palmeri"/>
		<feat xlink:href="#sTok343" value="and"/>
		<feat xlink:href="#sTok344" value="Gazio"/>
		<feat xlink:href="#sTok345" value="("/>
		<feat xlink:href="#sTok346" value="1995"/>
		<feat xlink:href="#sTok347" value=")"/>
		<feat xlink:href="#sTok348" value=","/>
		<feat xlink:href="#sTok349" value="show"/>
		<feat xlink:href="#sTok350" value="a"/>
		<feat xlink:href="#sTok351" value="very"/>
		<feat xlink:href="#sTok352" value="approximate"/>
		<feat xlink:href="#sTok353" value="location"/>
		<feat xlink:href="#sTok354" value="of"/>
		<feat xlink:href="#sTok355" value="Mof-Ávvi"/>
		<feat xlink:href="#sTok356" value="in"/>
		<feat xlink:href="#sTok357" value="relation"/>
		<feat xlink:href="#sTok358" value="to"/>
		<feat xlink:href="#sTok359" value="other"/>
		<feat xlink:href="#sTok360" value="neighbour"/>
		<feat xlink:href="#sTok361" value="speech"/>
		<feat xlink:href="#sTok362" value="community"/>
		<feat xlink:href="#sTok363" value="."/>
		<feat xlink:href="#sTok364" value="some"/>
		<feat xlink:href="#sTok365" value="of"/>
		<feat xlink:href="#sTok366" value="this"/>
		<feat xlink:href="#sTok367" value="community"/>
		<feat xlink:href="#sTok368" value="will"/>
		<feat xlink:href="#sTok369" value="be"/>
		<feat xlink:href="#sTok370" value="refer"/>
		<feat xlink:href="#sTok371" value="to"/>
		<feat xlink:href="#sTok372" value="in"/>
		<feat xlink:href="#sTok373" value="our"/>
		<feat xlink:href="#sTok374" value="discussion"/>
		<feat xlink:href="#sTok375" value="of"/>
		<feat xlink:href="#sTok376" value="death"/>
		<feat xlink:href="#sTok377" value="prevention"/>
		<feat xlink:href="#sTok378" value="name"/>
		<feat xlink:href="#sTok379" value="in"/>
		<feat xlink:href="#sTok380" value="§"/>
		<feat xlink:href="#sTok381" value="6"/>
		<feat xlink:href="#sTok382" value="."/>
		<feat xlink:href="#sTok383" value="the"/>
		<feat xlink:href="#sTok384" value="Eegimaa"/>
		<feat xlink:href="#sTok385" value="speak"/>
		<feat xlink:href="#sTok386" value="in"/>
		<feat xlink:href="#sTok387" value="Mof-Ávvi"/>
		<feat xlink:href="#sTok388" value="be"/>
		<feat xlink:href="#sTok389" value="know"/>
		<feat xlink:href="#sTok390" value="by"/>
		<feat xlink:href="#sTok391" value="several"/>
		<feat xlink:href="#sTok392" value="name"/>
		<feat xlink:href="#sTok393" value="give"/>
		<feat xlink:href="#sTok394" value="by"/>
		<feat xlink:href="#sTok395" value="speaker"/>
		<feat xlink:href="#sTok396" value="of"/>
		<feat xlink:href="#sTok397" value="neighbour"/>
		<feat xlink:href="#sTok398" value="language"/>
		<feat xlink:href="#sTok399" value="."/>
		<feat xlink:href="#sTok400" value="for"/>
		<feat xlink:href="#sTok401" value="example"/>
		<feat xlink:href="#sTok402" value=","/>
		<feat xlink:href="#sTok403" value="the"/>
		<feat xlink:href="#sTok404" value="name"/>
		<feat xlink:href="#sTok405" value="Kusiilay"/>
		<feat xlink:href="#sTok406" value="1"/>
		<feat xlink:href="#sTok407" value="'"/>
		<feat xlink:href="#sTok408" value="the"/>
		<feat xlink:href="#sTok409" value="language"/>
		<feat xlink:href="#sTok410" value="of"/>
		<feat xlink:href="#sTok411" value="Essil"/>
		<feat xlink:href="#sTok412" value="'"/>
		<feat xlink:href="#sTok413" value=","/>
		<feat xlink:href="#sTok414" value="be"/>
		<feat xlink:href="#sTok415" value="the"/>
		<feat xlink:href="#sTok416" value="name"/>
		<feat xlink:href="#sTok417" value="give"/>
		<feat xlink:href="#sTok418" value="by"/>
		<feat xlink:href="#sTok419" value="speaker"/>
		<feat xlink:href="#sTok420" value="of"/>
		<feat xlink:href="#sTok421" value="Kujireray"/>
		<feat xlink:href="#sTok422" value="to"/>
		<feat xlink:href="#sTok423" value="the"/>
		<feat xlink:href="#sTok424" value="Eegimaa"/>
		<feat xlink:href="#sTok425" value="language"/>
		<feat xlink:href="#sTok426" value=","/>
		<feat xlink:href="#sTok427" value="because"/>
		<feat xlink:href="#sTok428" value="Essil"/>
		<feat xlink:href="#sTok429" value=","/>
		<feat xlink:href="#sTok430" value="of"/>
		<feat xlink:href="#sTok431" value="which"/>
		<feat xlink:href="#sTok432" value="Bajjat"/>
		<feat xlink:href="#sTok433" value="be"/>
		<feat xlink:href="#sTok434" value="a"/>
		<feat xlink:href="#sTok435" value="district"/>
		<feat xlink:href="#sTok436" value=","/>
		<feat xlink:href="#sTok437" value="be"/>
		<feat xlink:href="#sTok438" value="the"/>
		<feat xlink:href="#sTok439" value="village"/>
		<feat xlink:href="#sTok440" value="which"/>
		<feat xlink:href="#sTok441" value="have"/>
		<feat xlink:href="#sTok442" value="a"/>
		<feat xlink:href="#sTok443" value="border"/>
		<feat xlink:href="#sTok444" value="with"/>
		<feat xlink:href="#sTok445" value="their"/>
		<feat xlink:href="#sTok446" value="village"/>
		<feat xlink:href="#sTok447" value="."/>
		<feat xlink:href="#sTok448" value="Endungo"/>
		<feat xlink:href="#sTok449" value="be"/>
		<feat xlink:href="#sTok450" value="the"/>
		<feat xlink:href="#sTok451" value="name"/>
		<feat xlink:href="#sTok452" value="give"/>
		<feat xlink:href="#sTok453" value="by"/>
		<feat xlink:href="#sTok454" value="Bayot"/>
		<feat xlink:href="#sTok455" value="speaker"/>
		<feat xlink:href="#sTok456" value=","/>
		<feat xlink:href="#sTok457" value="but"/>
		<feat xlink:href="#sTok458" value="its"/>
		<feat xlink:href="#sTok459" value="meaning"/>
		<feat xlink:href="#sTok460" value="be"/>
		<feat xlink:href="#sTok461" value="not"/>
		<feat xlink:href="#sTok462" value="know"/>
		<feat xlink:href="#sTok463" value="."/>
		<feat xlink:href="#sTok464" value="Kúlaakiay"/>
		<feat xlink:href="#sTok465" value=","/>
		<feat xlink:href="#sTok466" value="'"/>
		<feat xlink:href="#sTok467" value="the"/>
		<feat xlink:href="#sTok468" value="language"/>
		<feat xlink:href="#sTok469" value="of"/>
		<feat xlink:href="#sTok470" value="village"/>
		<feat xlink:href="#sTok471" value="of"/>
		<feat xlink:href="#sTok472" value="Seleki"/>
		<feat xlink:href="#sTok473" value="/"/>
		<feat xlink:href="#sTok474" value="Sállagi"/>
		<feat xlink:href="#sTok475" value="'"/>
		<feat xlink:href="#sTok476" value=","/>
		<feat xlink:href="#sTok477" value="be"/>
		<feat xlink:href="#sTok478" value="the"/>
		<feat xlink:href="#sTok479" value="name"/>
		<feat xlink:href="#sTok480" value="give"/>
		<feat xlink:href="#sTok481" value="by"/>
		<feat xlink:href="#sTok482" value="Jóola"/>
		<feat xlink:href="#sTok483" value="Kaasa"/>
		<feat xlink:href="#sTok484" value="speaker"/>
		<feat xlink:href="#sTok485" value="who"/>
		<feat xlink:href="#sTok486" value="be"/>
		<feat xlink:href="#sTok487" value="more"/>
		<feat xlink:href="#sTok488" value="familiar"/>
		<feat xlink:href="#sTok489" value="with"/>
		<feat xlink:href="#sTok490" value="the"/>
		<feat xlink:href="#sTok491" value="village"/>
		<feat xlink:href="#sTok492" value="of"/>
		<feat xlink:href="#sTok493" value="Seleki"/>
		<feat xlink:href="#sTok494" value="/"/>
		<feat xlink:href="#sTok495" value="Sállagi"/>
		<feat xlink:href="#sTok496" value="'"/>
		<feat xlink:href="#sTok497" value="than"/>
		<feat xlink:href="#sTok498" value="all"/>
		<feat xlink:href="#sTok499" value="other"/>
		<feat xlink:href="#sTok500" value="village"/>
		<feat xlink:href="#sTok501" value="of"/>
		<feat xlink:href="#sTok502" value="Mof-Ávvi"/>
		<feat xlink:href="#sTok503" value="."/>
		<feat xlink:href="#sTok504" value="finally"/>
		<feat xlink:href="#sTok505" value=","/>
		<feat xlink:href="#sTok506" value="Banjal"/>
		<feat xlink:href="#sTok507" value="/"/>
		<feat xlink:href="#sTok508" value="Bandial"/>
		<feat xlink:href="#sTok509" value="'"/>
		<feat xlink:href="#sTok510" value="the"/>
		<feat xlink:href="#sTok511" value="language"/>
		<feat xlink:href="#sTok512" value="of"/>
		<feat xlink:href="#sTok513" value="the"/>
		<feat xlink:href="#sTok514" value="village"/>
		<feat xlink:href="#sTok515" value="of"/>
		<feat xlink:href="#sTok516" value="Banjal"/>
		<feat xlink:href="#sTok517" value="'"/>
		<feat xlink:href="#sTok518" value=","/>
		<feat xlink:href="#sTok519" value="the"/>
		<feat xlink:href="#sTok520" value="most"/>
		<feat xlink:href="#sTok521" value="popular"/>
		<feat xlink:href="#sTok522" value="of"/>
		<feat xlink:href="#sTok523" value="all"/>
		<feat xlink:href="#sTok524" value="that"/>
		<feat xlink:href="#sTok525" value="name"/>
		<feat xlink:href="#sTok526" value=","/>
		<feat xlink:href="#sTok527" value="be"/>
		<feat xlink:href="#sTok528" value="the"/>
		<feat xlink:href="#sTok529" value="name"/>
		<feat xlink:href="#sTok530" value="give"/>
		<feat xlink:href="#sTok531" value="by"/>
		<feat xlink:href="#sTok532" value="the"/>
		<feat xlink:href="#sTok533" value="Jóola"/>
		<feat xlink:href="#sTok534" value="Búluf"/>
		<feat xlink:href="#sTok535" value="and"/>
		<feat xlink:href="#sTok536" value="Jóola"/>
		<feat xlink:href="#sTok537" value="Fogny"/>
		<feat xlink:href="#sTok538" value="speaker"/>
		<feat xlink:href="#sTok539" value="to"/>
		<feat xlink:href="#sTok540" value="Eegimaa"/>
		<feat xlink:href="#sTok541" value="person"/>
		<feat xlink:href="#sTok542" value="and"/>
		<feat xlink:href="#sTok543" value="their"/>
		<feat xlink:href="#sTok544" value="language"/>
		<feat xlink:href="#sTok545" value=","/>
		<feat xlink:href="#sTok546" value="because"/>
		<feat xlink:href="#sTok547" value="person"/>
		<feat xlink:href="#sTok548" value="from"/>
		<feat xlink:href="#sTok549" value="the"/>
		<feat xlink:href="#sTok550" value="village"/>
		<feat xlink:href="#sTok551" value="of"/>
		<feat xlink:href="#sTok552" value="Banjal"/>
		<feat xlink:href="#sTok553" value="be"/>
		<feat xlink:href="#sTok554" value="the"/>
		<feat xlink:href="#sTok555" value="first"/>
		<feat xlink:href="#sTok556" value="to"/>
		<feat xlink:href="#sTok557" value="be"/>
		<feat xlink:href="#sTok558" value="in"/>
		<feat xlink:href="#sTok559" value="contact"/>
		<feat xlink:href="#sTok560" value="with"/>
		<feat xlink:href="#sTok561" value="they"/>
		<feat xlink:href="#sTok562" value="."/>
		<feat xlink:href="#sTok563" value="Figure"/>
		<feat xlink:href="#sTok564" value="1"/>
		<feat xlink:href="#sTok565" value="."/>
		<feat xlink:href="#sTok566" value="map"/>
		<feat xlink:href="#sTok567" value="of"/>
		<feat xlink:href="#sTok568" value="Senegal"/>
		<feat xlink:href="#sTok569" value="("/>
		<feat xlink:href="#sTok570" value="courtesy"/>
		<feat xlink:href="#sTok571" value="of"/>
		<feat xlink:href="#sTok572" value="Google"/>
		<feat xlink:href="#sTok573" value="map"/>
		<feat xlink:href="#sTok574" value=")"/>
		<feat xlink:href="#sTok575" value="Figure"/>
		<feat xlink:href="#sTok576" value="2"/>
		<feat xlink:href="#sTok577" value="."/>
		<feat xlink:href="#sTok578" value="map"/>
		<feat xlink:href="#sTok579" value="of"/>
		<feat xlink:href="#sTok580" value="the"/>
		<feat xlink:href="#sTok581" value="Eegimaa"/>
		<feat xlink:href="#sTok582" value="speak"/>
		<feat xlink:href="#sTok583" value="area"/>
		<feat xlink:href="#sTok584" value="village"/>
		<feat xlink:href="#sTok585" value="name"/>
		<feat xlink:href="#sTok586" value="be"/>
		<feat xlink:href="#sTok587" value="write"/>
		<feat xlink:href="#sTok588" value="use"/>
		<feat xlink:href="#sTok589" value="their"/>
		<feat xlink:href="#sTok590" value="usual"/>
		<feat xlink:href="#sTok591" value="spelling"/>
		<feat xlink:href="#sTok592" value="."/>
		<feat xlink:href="#sTok593" value="the"/>
		<feat xlink:href="#sTok594" value="Ethnologue"/>
		<feat xlink:href="#sTok595" value="language"/>
		<feat xlink:href="#sTok596" value="code"/>
		<feat xlink:href="#sTok597" value="be"/>
		<feat xlink:href="#sTok598" value="provide"/>
		<feat xlink:href="#sTok599" value="for"/>
		<feat xlink:href="#sTok600" value="language"/>
		<feat xlink:href="#sTok601" value="variety"/>
		<feat xlink:href="#sTok602" value="that"/>
		<feat xlink:href="#sTok603" value="have"/>
		<feat xlink:href="#sTok604" value="they"/>
		<feat xlink:href="#sTok605" value="."/>
		<feat xlink:href="#sTok606" value="language"/>
		<feat xlink:href="#sTok607" value="name"/>
		<feat xlink:href="#sTok608" value="be"/>
		<feat xlink:href="#sTok609" value="write"/>
		<feat xlink:href="#sTok610" value="follow"/>
		<feat xlink:href="#sTok611" value="the"/>
		<feat xlink:href="#sTok612" value="recommendation"/>
		<feat xlink:href="#sTok613" value="for"/>
		<feat xlink:href="#sTok614" value="the"/>
		<feat xlink:href="#sTok615" value="transcription"/>
		<feat xlink:href="#sTok616" value="of"/>
		<feat xlink:href="#sTok617" value="national"/>
		<feat xlink:href="#sTok618" value="language"/>
		<feat xlink:href="#sTok619" value="of"/>
		<feat xlink:href="#sTok620" value="Senegal"/>
		<feat xlink:href="#sTok621" value=","/>
		<feat xlink:href="#sTok622" value="Decree"/>
		<feat xlink:href="#sTok623" value="2005-981"/>
		<feat xlink:href="#sTok624" value="."/>
		<feat xlink:href="#sTok625" value="name"/>
		<feat xlink:href="#sTok626" value="of"/>
		<feat xlink:href="#sTok627" value="the"/>
		<feat xlink:href="#sTok628" value="village"/>
		<feat xlink:href="#sTok629" value="of"/>
		<feat xlink:href="#sTok630" value="Mof-Ávvi"/>
		<feat xlink:href="#sTok631" value="be"/>
		<feat xlink:href="#sTok632" value="write"/>
		<feat xlink:href="#sTok633" value="use"/>
		<feat xlink:href="#sTok634" value="the"/>
		<feat xlink:href="#sTok635" value="Eegimaa"/>
		<feat xlink:href="#sTok636" value="orthography"/>
		<feat xlink:href="#sTok637" value="and"/>
		<feat xlink:href="#sTok638" value="follow"/>
		<feat xlink:href="#sTok639" value="the"/>
		<feat xlink:href="#sTok640" value="pronunciation"/>
		<feat xlink:href="#sTok641" value="of"/>
		<feat xlink:href="#sTok642" value="village"/>
		<feat xlink:href="#sTok643" value="name"/>
		<feat xlink:href="#sTok644" value="by"/>
		<feat xlink:href="#sTok645" value="native"/>
		<feat xlink:href="#sTok646" value="speaker"/>
		<feat xlink:href="#sTok647" value="."/>
		<feat xlink:href="#sTok648" value="Jóola"/>
		<feat xlink:href="#sTok649" value="language"/>
		<feat xlink:href="#sTok650" value="variety"/>
		<feat xlink:href="#sTok651" value="which"/>
		<feat xlink:href="#sTok652" value="be"/>
		<feat xlink:href="#sTok653" value="closely"/>
		<feat xlink:href="#sTok654" value="related"/>
		<feat xlink:href="#sTok655" value="to"/>
		<feat xlink:href="#sTok656" value="Eegimaa"/>
		<feat xlink:href="#sTok657" value="include"/>
		<feat xlink:href="#sTok658" value="Kujireray"/>
		<feat xlink:href="#sTok659" value="/"/>
		<feat xlink:href="#sTok660" value="Kuluunaay"/>
		<feat xlink:href="#sTok661" value="("/>
		<feat xlink:href="#sTok662" value="from"/>
		<feat xlink:href="#sTok663" value="the"/>
		<feat xlink:href="#sTok664" value="village"/>
		<feat xlink:href="#sTok665" value="of"/>
		<feat xlink:href="#sTok666" value="Brin"/>
		<feat xlink:href="#sTok667" value="with"/>
		<feat xlink:href="#sTok668" value="76"/>
		<feat xlink:href="#sTok669" value="%"/>
		<feat xlink:href="#sTok670" value="lexical"/>
		<feat xlink:href="#sTok671" value="similarity"/>
		<feat xlink:href="#sTok672" value=")"/>
		<feat xlink:href="#sTok673" value="and"/>
		<feat xlink:href="#sTok674" value="Gufiñamay"/>
		<feat xlink:href="#sTok675" value="("/>
		<feat xlink:href="#sTok676" value="from"/>
		<feat xlink:href="#sTok677" value="the"/>
		<feat xlink:href="#sTok678" value="village"/>
		<feat xlink:href="#sTok679" value="of"/>
		<feat xlink:href="#sTok680" value="Afiniam"/>
		<feat xlink:href="#sTok681" value="with"/>
		<feat xlink:href="#sTok682" value="74"/>
		<feat xlink:href="#sTok683" value="%"/>
		<feat xlink:href="#sTok684" value="lexical"/>
		<feat xlink:href="#sTok685" value="similarity"/>
		<feat xlink:href="#sTok686" value="("/>
		<feat xlink:href="#sTok687" value="base"/>
		<feat xlink:href="#sTok688" value="on"/>
		<feat xlink:href="#sTok689" value="Lewis"/>
		<feat xlink:href="#sTok690" value="et"/>
		<feat xlink:href="#sTok691" value="al."/>
		<feat xlink:href="#sTok692" value=","/>
		<feat xlink:href="#sTok693" value="2014"/>
		<feat xlink:href="#sTok694" value="eds."/>
		<feat xlink:href="#sTok695" value=")"/>
		<feat xlink:href="#sTok696" value=")"/>
		<feat xlink:href="#sTok697" value="."/>
		<feat xlink:href="#sTok698" value="Gútaamay"/>
		<feat xlink:href="#sTok699" value="("/>
		<feat xlink:href="#sTok700" value="from"/>
		<feat xlink:href="#sTok701" value="the"/>
		<feat xlink:href="#sTok702" value="village"/>
		<feat xlink:href="#sTok703" value="of"/>
		<feat xlink:href="#sTok704" value="Butam"/>
		<feat xlink:href="#sTok705" value=")"/>
		<feat xlink:href="#sTok706" value=","/>
		<feat xlink:href="#sTok707" value="Gulapaoray"/>
		<feat xlink:href="#sTok708" value="("/>
		<feat xlink:href="#sTok709" value="from"/>
		<feat xlink:href="#sTok710" value="the"/>
		<feat xlink:href="#sTok711" value="village"/>
		<feat xlink:href="#sTok712" value="Djilapaor"/>
		<feat xlink:href="#sTok713" value=")"/>
		<feat xlink:href="#sTok714" value="and"/>
		<feat xlink:href="#sTok715" value="Gusiilay"/>
		<feat xlink:href="#sTok716" value="("/>
		<feat xlink:href="#sTok717" value="ISO"/>
		<feat xlink:href="#sTok718" value="639-3"/>
		<feat xlink:href="#sTok719" value=":"/>
		<feat xlink:href="#sTok720" value="bsl"/>
		<feat xlink:href="#sTok721" value=")"/>
		<feat xlink:href="#sTok722" value="from"/>
		<feat xlink:href="#sTok723" value="the"/>
		<feat xlink:href="#sTok724" value="village"/>
		<feat xlink:href="#sTok725" value="of"/>
		<feat xlink:href="#sTok726" value="Thionk"/>
		<feat xlink:href="#sTok727" value="Essil"/>
		<feat xlink:href="#sTok728" value="be"/>
		<feat xlink:href="#sTok729" value="also"/>
		<feat xlink:href="#sTok730" value="other"/>
		<feat xlink:href="#sTok731" value="language"/>
		<feat xlink:href="#sTok732" value="related"/>
		<feat xlink:href="#sTok733" value="to"/>
		<feat xlink:href="#sTok734" value="Eegimaa"/>
		<feat xlink:href="#sTok735" value="."/>
		<feat xlink:href="#sTok736" value="they"/>
		<feat xlink:href="#sTok737" value="be"/>
		<feat xlink:href="#sTok738" value="locate"/>
		<feat xlink:href="#sTok739" value="north"/>
		<feat xlink:href="#sTok740" value="of"/>
		<feat xlink:href="#sTok741" value="the"/>
		<feat xlink:href="#sTok742" value="Casamance"/>
		<feat xlink:href="#sTok743" value="River"/>
		<feat xlink:href="#sTok744" value="in"/>
		<feat xlink:href="#sTok745" value="the"/>
		<feat xlink:href="#sTok746" value="Jóola"/>
		<feat xlink:href="#sTok747" value="Búluf"/>
		<feat xlink:href="#sTok748" value="area"/>
		<feat xlink:href="#sTok749" value="."/>
		<feat xlink:href="#sTok750" value="there"/>
		<feat xlink:href="#sTok751" value="be"/>
		<feat xlink:href="#sTok752" value="also"/>
		<feat xlink:href="#sTok753" value="small"/>
		<feat xlink:href="#sTok754" value="migrant"/>
		<feat xlink:href="#sTok755" value="Eegimaa"/>
		<feat xlink:href="#sTok756" value="community"/>
		<feat xlink:href="#sTok757" value="in"/>
		<feat xlink:href="#sTok758" value="village"/>
		<feat xlink:href="#sTok759" value="like"/>
		<feat xlink:href="#sTok760" value="Djifanghor"/>
		<feat xlink:href="#sTok761" value="("/>
		<feat xlink:href="#sTok762" value="east"/>
		<feat xlink:href="#sTok763" value="of"/>
		<feat xlink:href="#sTok764" value="Ziguinchor"/>
		<feat xlink:href="#sTok765" value=")"/>
		<feat xlink:href="#sTok766" value="and"/>
		<feat xlink:href="#sTok767" value="in"/>
		<feat xlink:href="#sTok768" value="Bourofaye"/>
		<feat xlink:href="#sTok769" value="("/>
		<feat xlink:href="#sTok770" value="south"/>
		<feat xlink:href="#sTok771" value="of"/>
		<feat xlink:href="#sTok772" value="Ziguinchor"/>
		<feat xlink:href="#sTok773" value=")"/>
		<feat xlink:href="#sTok774" value=","/>
		<feat xlink:href="#sTok775" value="where"/>
		<feat xlink:href="#sTok776" value="they"/>
		<feat xlink:href="#sTok777" value="cohabit"/>
		<feat xlink:href="#sTok778" value="with"/>
		<feat xlink:href="#sTok779" value="speaker"/>
		<feat xlink:href="#sTok780" value="of"/>
		<feat xlink:href="#sTok781" value="Baïnounk"/>
		<feat xlink:href="#sTok782" value="language"/>
		<feat xlink:href="#sTok783" value="."/>
		<feat xlink:href="#sTok784" value="nowadays"/>
		<feat xlink:href="#sTok785" value="most"/>
		<feat xlink:href="#sTok786" value="Eegimaa"/>
		<feat xlink:href="#sTok787" value="speaker"/>
		<feat xlink:href="#sTok788" value="from"/>
		<feat xlink:href="#sTok789" value="Mof-Ávvi"/>
		<feat xlink:href="#sTok790" value="live"/>
		<feat xlink:href="#sTok791" value="outside"/>
		<feat xlink:href="#sTok792" value="their"/>
		<feat xlink:href="#sTok793" value="homeland"/>
		<feat xlink:href="#sTok794" value=","/>
		<feat xlink:href="#sTok795" value="generally"/>
		<feat xlink:href="#sTok796" value="in"/>
		<feat xlink:href="#sTok797" value="urban"/>
		<feat xlink:href="#sTok798" value="area"/>
		<feat xlink:href="#sTok799" value="like"/>
		<feat xlink:href="#sTok800" value="Ziguinchor"/>
		<feat xlink:href="#sTok801" value="and"/>
		<feat xlink:href="#sTok802" value="Dakar"/>
		<feat xlink:href="#sTok803" value="."/>
		<feat xlink:href="#sTok804" value="speaker"/>
		<feat xlink:href="#sTok805" value="of"/>
		<feat xlink:href="#sTok806" value="Eegimaa"/>
		<feat xlink:href="#sTok807" value="use"/>
		<feat xlink:href="#sTok808" value="the"/>
		<feat xlink:href="#sTok809" value="term"/>
		<feat xlink:href="#sTok810" value="Gújjolaay"/>
		<feat xlink:href="#sTok811" value="("/>
		<feat xlink:href="#sTok812" value="mean"/>
		<feat xlink:href="#sTok813" value="Jóola"/>
		<feat xlink:href="#sTok814" value=")"/>
		<feat xlink:href="#sTok815" value="to"/>
		<feat xlink:href="#sTok816" value="refer"/>
		<feat xlink:href="#sTok817" value="to"/>
		<feat xlink:href="#sTok818" value="their"/>
		<feat xlink:href="#sTok819" value="language"/>
		<feat xlink:href="#sTok820" value="when"/>
		<feat xlink:href="#sTok821" value="they"/>
		<feat xlink:href="#sTok822" value="speak"/>
		<feat xlink:href="#sTok823" value="to"/>
		<feat xlink:href="#sTok824" value="each"/>
		<feat xlink:href="#sTok825" value="other"/>
		<feat xlink:href="#sTok826" value=","/>
		<feat xlink:href="#sTok827" value="but"/>
		<feat xlink:href="#sTok829" value="Eegimaa"/>
		<feat xlink:href="#sTok830" value="to"/>
		<feat xlink:href="#sTok831" value="distinguish"/>
		<feat xlink:href="#sTok832" value="their"/>
		<feat xlink:href="#sTok833" value="Jóola"/>
		<feat xlink:href="#sTok834" value="variety"/>
		<feat xlink:href="#sTok835" value="from"/>
		<feat xlink:href="#sTok836" value="that"/>
		<feat xlink:href="#sTok837" value="of"/>
		<feat xlink:href="#sTok838" value="other"/>
		<feat xlink:href="#sTok839" value="Jóola"/>
		<feat xlink:href="#sTok840" value="people"/>
		<feat xlink:href="#sTok841" value="."/>
		<feat xlink:href="#sTok842" value="Eegimaa"/>
		<feat xlink:href="#sTok843" value="be"/>
		<feat xlink:href="#sTok844" value="a"/>
		<feat xlink:href="#sTok845" value="endangered"/>
		<feat xlink:href="#sTok846" value="language"/>
		<feat xlink:href="#sTok847" value="whose"/>
		<feat xlink:href="#sTok848" value="transmission"/>
		<feat xlink:href="#sTok849" value="to"/>
		<feat xlink:href="#sTok850" value="new"/>
		<feat xlink:href="#sTok851" value="generation"/>
		<feat xlink:href="#sTok852" value="have"/>
		<feat xlink:href="#sTok853" value="be"/>
		<feat xlink:href="#sTok854" value="decline"/>
		<feat xlink:href="#sTok855" value="significantly"/>
		<feat xlink:href="#sTok856" value="in"/>
		<feat xlink:href="#sTok857" value="the"/>
		<feat xlink:href="#sTok858" value="last"/>
		<feat xlink:href="#sTok859" value="decade"/>
		<feat xlink:href="#sTok860" value="."/>
		<feat xlink:href="#sTok861" value="it"/>
		<feat xlink:href="#sTok862" value="be"/>
		<feat xlink:href="#sTok863" value="important"/>
		<feat xlink:href="#sTok864" value="to"/>
		<feat xlink:href="#sTok865" value="understand"/>
		<feat xlink:href="#sTok866" value="the"/>
		<feat xlink:href="#sTok867" value="contact"/>
		<feat xlink:href="#sTok868" value="situation"/>
		<feat xlink:href="#sTok869" value="of"/>
		<feat xlink:href="#sTok870" value="Eegimaa"/>
		<feat xlink:href="#sTok871" value=","/>
		<feat xlink:href="#sTok872" value="because"/>
		<feat xlink:href="#sTok873" value="some"/>
		<feat xlink:href="#sTok874" value="of"/>
		<feat xlink:href="#sTok875" value="the"/>
		<feat xlink:href="#sTok876" value="ritual"/>
		<feat xlink:href="#sTok877" value="name"/>
		<feat xlink:href="#sTok878" value="analyse"/>
		<feat xlink:href="#sTok879" value="in"/>
		<feat xlink:href="#sTok880" value="this"/>
		<feat xlink:href="#sTok881" value="paper"/>
		<feat xlink:href="#sTok882" value="come"/>
		<feat xlink:href="#sTok883" value="from"/>
		<feat xlink:href="#sTok884" value="other"/>
		<feat xlink:href="#sTok885" value="language"/>
		<feat xlink:href="#sTok886" value="or"/>
		<feat xlink:href="#sTok887" value="from"/>
		<feat xlink:href="#sTok888" value="neighbour"/>
		<feat xlink:href="#sTok889" value="community"/>
		<feat xlink:href="#sTok890" value="."/>
		<feat xlink:href="#sTok891" value="this"/>
		<feat xlink:href="#sTok892" value="name"/>
		<feat xlink:href="#sTok893" value="be"/>
		<feat xlink:href="#sTok894" value="give"/>
		<feat xlink:href="#sTok895" value="either"/>
		<feat xlink:href="#sTok896" value="in"/>
		<feat xlink:href="#sTok897" value="Eegimaa"/>
		<feat xlink:href="#sTok898" value="or"/>
		<feat xlink:href="#sTok899" value="in"/>
		<feat xlink:href="#sTok900" value="a"/>
		<feat xlink:href="#sTok901" value="different"/>
		<feat xlink:href="#sTok902" value="language"/>
		<feat xlink:href="#sTok903" value="."/></featList></paula>