<?xml version='1.0' encoding='UTF-8'?><!DOCTYPE paula SYSTEM "paula_feat.dtd">
<paula version="1.1">
	<header paula_id="morph.GUM_academic_eegimaa.mark_Gender"/>
	<featList xmlns:xlink="http://www.w3.org/1999/xlink" type="Gender" xml:base="morph.GUM_academic_eegimaa.mark.xml">
		<feat xlink:href="#sSpan479" value="Neut"/>
		<feat xlink:href="#sSpan511" value="Neut"/>
		<feat xlink:href="#sSpan517" value="Neut"/>
		<feat xlink:href="#sSpan774" value="Neut"/>
		<feat xlink:href="#sSpan988" value="Neut"/>
		<feat xlink:href="#sSpan1431" value="Neut"/></featList></paula>