<?xml version='1.0' encoding='UTF-8'?><!DOCTYPE paula SYSTEM "paula_feat.dtd">
<paula version="1.1">
	<header paula_id="morph.GUM_academic_eegimaa.mark_Degree"/>
	<featList xmlns:xlink="http://www.w3.org/1999/xlink" type="Degree" xml:base="morph.GUM_academic_eegimaa.mark.xml">
		<feat xlink:href="#sSpan495" value="Pos"/>
		<feat xlink:href="#sSpan506" value="Pos"/>
		<feat xlink:href="#sSpan553" value="Pos"/>
		<feat xlink:href="#sSpan562" value="Pos"/>
		<feat xlink:href="#sSpan583" value="Pos"/>
		<feat xlink:href="#sSpan593" value="Pos"/>
		<feat xlink:href="#sSpan600" value="Pos"/>
		<feat xlink:href="#sSpan603" value="Pos"/>
		<feat xlink:href="#sSpan625" value="Pos"/>
		<feat xlink:href="#sSpan642" value="Pos"/>
		<feat xlink:href="#sSpan667" value="Pos"/>
		<feat xlink:href="#sSpan670" value="Pos"/>
		<feat xlink:href="#sSpan729" value="Pos"/>
		<feat xlink:href="#sSpan736" value="Pos"/>
		<feat xlink:href="#sSpan754" value="Pos"/>
		<feat xlink:href="#sSpan755" value="Pos"/>
		<feat xlink:href="#sSpan869" value="Pos"/>
		<feat xlink:href="#sSpan884" value="Pos"/>
		<feat xlink:href="#sSpan888" value="Pos"/>
		<feat xlink:href="#sSpan927" value="Pos"/>
		<feat xlink:href="#sSpan1054" value="Cmp"/>
		<feat xlink:href="#sSpan1055" value="Pos"/>
		<feat xlink:href="#sSpan1063" value="Pos"/>
		<feat xlink:href="#sSpan1066" value="Pos"/>
		<feat xlink:href="#sSpan1078" value="Sup"/>
		<feat xlink:href="#sSpan1079" value="Pos"/>
		<feat xlink:href="#sSpan1124" value="Pos"/>
		<feat xlink:href="#sSpan1165" value="Pos"/>
		<feat xlink:href="#sSpan1210" value="Pos"/>
		<feat xlink:href="#sSpan1242" value="Pos"/>
		<feat xlink:href="#sSpan1244" value="Pos"/>
		<feat xlink:href="#sSpan1253" value="Pos"/>
		<feat xlink:href="#sSpan1254" value="Pos"/>
		<feat xlink:href="#sSpan1270" value="Pos"/>
		<feat xlink:href="#sSpan1280" value="Pos"/>
		<feat xlink:href="#sSpan1317" value="Pos"/>
		<feat xlink:href="#sSpan1319" value="Pos"/>
		<feat xlink:href="#sSpan1333" value="Pos"/>
		<feat xlink:href="#sSpan1349" value="Pos"/>
		<feat xlink:href="#sSpan1350" value="Pos"/>
		<feat xlink:href="#sSpan1355" value="Pos"/>
		<feat xlink:href="#sSpan1358" value="Pos"/>
		<feat xlink:href="#sSpan1373" value="Pos"/>
		<feat xlink:href="#sSpan1374" value="Sup"/>
		<feat xlink:href="#sSpan1389" value="Pos"/>
		<feat xlink:href="#sSpan1390" value="Pos"/>
		<feat xlink:href="#sSpan1426" value="Pos"/>
		<feat xlink:href="#sSpan1440" value="Pos"/>
		<feat xlink:href="#sSpan1444" value="Pos"/>
		<feat xlink:href="#sSpan1445" value="Pos"/>
		<feat xlink:href="#sSpan1455" value="Pos"/>
		<feat xlink:href="#sSpan1460" value="Pos"/>
		<feat xlink:href="#sSpan1471" value="Pos"/>
		<feat xlink:href="#sSpan1474" value="Pos"/>
		<feat xlink:href="#sSpan1486" value="Pos"/>
		<feat xlink:href="#sSpan1509" value="Pos"/>
		<feat xlink:href="#sSpan1527" value="Pos"/></featList></paula>