<?xml version='1.0' encoding='UTF-8'?><!DOCTYPE paula SYSTEM "paula_feat.dtd">
<paula version="1.1">
	<header paula_id="morph.GUM_academic_eegimaa.mark_Person"/>
	<featList xmlns:xlink="http://www.w3.org/1999/xlink" type="Person" xml:base="morph.GUM_academic_eegimaa.mark.xml">
		<feat xlink:href="#sSpan480" value="3"/>
		<feat xlink:href="#sSpan487" value="3"/>
		<feat xlink:href="#sSpan497" value="3"/>
		<feat xlink:href="#sSpan518" value="3"/>
		<feat xlink:href="#sSpan523" value="3"/>
		<feat xlink:href="#sSpan531" value="1"/>
		<feat xlink:href="#sSpan534" value="1"/>
		<feat xlink:href="#sSpan550" value="3"/>
		<feat xlink:href="#sSpan554" value="1"/>
		<feat xlink:href="#sSpan574" value="3"/>
		<feat xlink:href="#sSpan590" value="3"/>
		<feat xlink:href="#sSpan627" value="3"/>
		<feat xlink:href="#sSpan655" value="3"/>
		<feat xlink:href="#sSpan687" value="3"/>
		<feat xlink:href="#sSpan702" value="3"/>
		<feat xlink:href="#sSpan711" value="3"/>
		<feat xlink:href="#sSpan725" value="3"/>
		<feat xlink:href="#sSpan763" value="3"/>
		<feat xlink:href="#sSpan784" value="3"/>
		<feat xlink:href="#sSpan787" value="3"/>
		<feat xlink:href="#sSpan819" value="3"/>
		<feat xlink:href="#sSpan834" value="3"/>
		<feat xlink:href="#sSpan851" value="3"/>
		<feat xlink:href="#sSpan879" value="3"/>
		<feat xlink:href="#sSpan904" value="1"/>
		<feat xlink:href="#sSpan923" value="3"/>
		<feat xlink:href="#sSpan947" value="3"/>
		<feat xlink:href="#sSpan966" value="3"/>
		<feat xlink:href="#sSpan978" value="3"/>
		<feat xlink:href="#sSpan984" value="3"/>
		<feat xlink:href="#sSpan991" value="3"/>
		<feat xlink:href="#sSpan998" value="3"/>
		<feat xlink:href="#sSpan1015" value="3"/>
		<feat xlink:href="#sSpan1022" value="3"/>
		<feat xlink:href="#sSpan1035" value="3"/>
		<feat xlink:href="#sSpan1049" value="3"/>
		<feat xlink:href="#sSpan1084" value="3"/>
		<feat xlink:href="#sSpan1106" value="3"/>
		<feat xlink:href="#sSpan1118" value="3"/>
		<feat xlink:href="#sSpan1130" value="3"/>
		<feat xlink:href="#sSpan1153" value="3"/>
		<feat xlink:href="#sSpan1161" value="3"/>
		<feat xlink:href="#sSpan1176" value="3"/>
		<feat xlink:href="#sSpan1185" value="3"/>
		<feat xlink:href="#sSpan1191" value="3"/>
		<feat xlink:href="#sSpan1197" value="3"/>
		<feat xlink:href="#sSpan1224" value="3"/>
		<feat xlink:href="#sSpan1252" value="3"/>
		<feat xlink:href="#sSpan1260" value="3"/>
		<feat xlink:href="#sSpan1316" value="3"/>
		<feat xlink:href="#sSpan1323" value="3"/>
		<feat xlink:href="#sSpan1329" value="3"/>
		<feat xlink:href="#sSpan1345" value="3"/>
		<feat xlink:href="#sSpan1361" value="3"/>
		<feat xlink:href="#sSpan1369" value="3"/>
		<feat xlink:href="#sSpan1378" value="3"/>
		<feat xlink:href="#sSpan1383" value="3"/>
		<feat xlink:href="#sSpan1399" value="3"/>
		<feat xlink:href="#sSpan1412" value="3"/>
		<feat xlink:href="#sSpan1418" value="3"/>
		<feat xlink:href="#sSpan1420" value="3"/>
		<feat xlink:href="#sSpan1427" value="3"/>
		<feat xlink:href="#sSpan1435" value="3"/>
		<feat xlink:href="#sSpan1452" value="3"/>
		<feat xlink:href="#sSpan1462" value="3"/>
		<feat xlink:href="#sSpan1479" value="3"/>
		<feat xlink:href="#sSpan1483" value="3"/>
		<feat xlink:href="#sSpan1508" value="3"/>
		<feat xlink:href="#sSpan1519" value="3"/></featList></paula>