<?xml version='1.0' encoding='UTF-8'?><!DOCTYPE paula SYSTEM "paula_feat.dtd">
<paula version="1.1">
	<header paula_id="morph.GUM_academic_eegimaa.mark_Number"/>
	<featList xmlns:xlink="http://www.w3.org/1999/xlink" type="Number" xml:base="morph.GUM_academic_eegimaa.mark.xml">
		<feat xlink:href="#sSpan477" value="Sing"/>
		<feat xlink:href="#sSpan478" value="Sing"/>
		<feat xlink:href="#sSpan483" value="Sing"/>
		<feat xlink:href="#sSpan485" value="Plur"/>
		<feat xlink:href="#sSpan486" value="Plur"/>
		<feat xlink:href="#sSpan491" value="Plur"/>
		<feat xlink:href="#sSpan492" value="Sing"/>
		<feat xlink:href="#sSpan494" value="Sing"/>
		<feat xlink:href="#sSpan499" value="Sing"/>
		<feat xlink:href="#sSpan503" value="Sing"/>
		<feat xlink:href="#sSpan504" value="Sing"/>
		<feat xlink:href="#sSpan505" value="Sing"/>
		<feat xlink:href="#sSpan507" value="Sing"/>
		<feat xlink:href="#sSpan508" value="Sing"/>
		<feat xlink:href="#sSpan509" value="Sing"/>
		<feat xlink:href="#sSpan513" value="Sing"/>
		<feat xlink:href="#sSpan517" value="Sing"/>
		<feat xlink:href="#sSpan520" value="Plur"/>
		<feat xlink:href="#sSpan525" value="Sing"/>
		<feat xlink:href="#sSpan527" value="Plur"/>
		<feat xlink:href="#sSpan529" value="Plur"/>
		<feat xlink:href="#sSpan533" value="Plur"/>
		<feat xlink:href="#sSpan537" value="Plur"/>
		<feat xlink:href="#sSpan540" value="Sing"/>
		<feat xlink:href="#sSpan541" value="Sing"/>
		<feat xlink:href="#sSpan544" value="Sing"/>
		<feat xlink:href="#sSpan545" value="Sing"/>
		<feat xlink:href="#sSpan546" value="Sing"/>
		<feat xlink:href="#sSpan551" value="Sing"/>
		<feat xlink:href="#sSpan557" value="Plur"/>
		<feat xlink:href="#sSpan566" value="Sing"/>
		<feat xlink:href="#sSpan567" value="Sing"/>
		<feat xlink:href="#sSpan568" value="Sing"/>
		<feat xlink:href="#sSpan569" value="Plur"/>
		<feat xlink:href="#sSpan570" value="Sing"/>
		<feat xlink:href="#sSpan571" value="Sing"/>
		<feat xlink:href="#sSpan572" value="Plur"/>
		<feat xlink:href="#sSpan577" value="Plur"/>
		<feat xlink:href="#sSpan581" value="Sing"/>
		<feat xlink:href="#sSpan582" value="Plur"/>
		<feat xlink:href="#sSpan584" value="Plur"/>
		<feat xlink:href="#sSpan585" value="Sing"/>
		<feat xlink:href="#sSpan587" value="Sing"/>
		<feat xlink:href="#sSpan594" value="Sing"/>
		<feat xlink:href="#sSpan601" value="Sing"/>
		<feat xlink:href="#sSpan602" value="Sing"/>
		<feat xlink:href="#sSpan604" value="Sing"/>
		<feat xlink:href="#sSpan607" value="Sing"/>
		<feat xlink:href="#sSpan614" value="Sing"/>
		<feat xlink:href="#sSpan619" value="Plur"/>
		<feat xlink:href="#sSpan620" value="Sing"/>
		<feat xlink:href="#sSpan621" value="Sing"/>
		<feat xlink:href="#sSpan622" value="Sing"/>
		<feat xlink:href="#sSpan626" value="Plur"/>
		<feat xlink:href="#sSpan630" value="Plur"/>
		<feat xlink:href="#sSpan635" value="Plur"/>
		<feat xlink:href="#sSpan636" value="Sing"/>
		<feat xlink:href="#sSpan640" value="Sing"/>
		<feat xlink:href="#sSpan641" value="Sing"/>
		<feat xlink:href="#sSpan643" value="Plur"/>
		<feat xlink:href="#sSpan646" value="Sing"/>
		<feat xlink:href="#sSpan647" value="Sing"/>
		<feat xlink:href="#sSpan648" value="Sing"/>
		<feat xlink:href="#sSpan649" value="Sing"/>
		<feat xlink:href="#sSpan650" value="Plur"/>
		<feat xlink:href="#sSpan652" value="Plur"/>
		<feat xlink:href="#sSpan653" value="Plur"/>
		<feat xlink:href="#sSpan658" value="Plur"/>
		<feat xlink:href="#sSpan664" value="Sing"/>
		<feat xlink:href="#sSpan668" value="Sing"/>
		<feat xlink:href="#sSpan669" value="Sing"/>
		<feat xlink:href="#sSpan671" value="Sing"/>
		<feat xlink:href="#sSpan672" value="Sing"/>
		<feat xlink:href="#sSpan673" value="Sing"/>
		<feat xlink:href="#sSpan676" value="Sing"/>
		<feat xlink:href="#sSpan677" value="Sing"/>
		<feat xlink:href="#sSpan683" value="Sing"/>
		<feat xlink:href="#sSpan688" value="Sing"/>
		<feat xlink:href="#sSpan691" value="Plur"/>
		<feat xlink:href="#sSpan692" value="Sing"/>
		<feat xlink:href="#sSpan695" value="Sing"/>
		<feat xlink:href="#sSpan698" value="Sing"/>
		<feat xlink:href="#sSpan700" value="Sing"/>
		<feat xlink:href="#sSpan706" value="Sing"/>
		<feat xlink:href="#sSpan708" value="Sing"/>
		<feat xlink:href="#sSpan709" value="Sing"/>
		<feat xlink:href="#sSpan712" value="Sing"/>
		<feat xlink:href="#sSpan717" value="Sing"/>
		<feat xlink:href="#sSpan721" value="Sing"/>
		<feat xlink:href="#sSpan722" value="Sing"/>
		<feat xlink:href="#sSpan723" value="Sing"/>
		<feat xlink:href="#sSpan728" value="Sing"/>
		<feat xlink:href="#sSpan733" value="Sing"/>
		<feat xlink:href="#sSpan737" value="Sing"/>
		<feat xlink:href="#sSpan740" value="Plur"/>
		<feat xlink:href="#sSpan746" value="Sing"/>
		<feat xlink:href="#sSpan747" value="Sing"/>
		<feat xlink:href="#sSpan750" value="Sing"/>
		<feat xlink:href="#sSpan751" value="Sing"/>
		<feat xlink:href="#sSpan756" value="Sing"/>
		<feat xlink:href="#sSpan757" value="Sing"/>
		<feat xlink:href="#sSpan760" value="Sing"/>
		<feat xlink:href="#sSpan761" value="Sing"/>
		<feat xlink:href="#sSpan762" value="Sing"/>
		<feat xlink:href="#sSpan764" value="Sing"/>
		<feat xlink:href="#sSpan770" value="Sing"/>
		<feat xlink:href="#sSpan776" value="Sing"/>
		<feat xlink:href="#sSpan777" value="Sing"/>
		<feat xlink:href="#sSpan780" value="Sing"/>
		<feat xlink:href="#sSpan786" value="Sing"/>
		<feat xlink:href="#sSpan788" value="Sing"/>
		<feat xlink:href="#sSpan794" value="Sing"/>
		<feat xlink:href="#sSpan795" value="Sing"/>
		<feat xlink:href="#sSpan796" value="Sing"/>
		<feat xlink:href="#sSpan797" value="Sing"/>
		<feat xlink:href="#sSpan798" value="Plur"/>
		<feat xlink:href="#sSpan802" value="Sing"/>
		<feat xlink:href="#sSpan805" value="Plur"/>
		<feat xlink:href="#sSpan806" value="Sing"/>
		<feat xlink:href="#sSpan807" value="Sing"/>
		<feat xlink:href="#sSpan811" value="Plur"/>
		<feat xlink:href="#sSpan812" value="Sing"/>
		<feat xlink:href="#sSpan813" value="Sing"/>
		<feat xlink:href="#sSpan814" value="Sing"/>
		<feat xlink:href="#sSpan818" value="Plur"/>
		<feat xlink:href="#sSpan822" value="Sing"/>
		<feat xlink:href="#sSpan825" value="Sing"/>
		<feat xlink:href="#sSpan829" value="Sing"/>
		<feat xlink:href="#sSpan830" value="Sing"/>
		<feat xlink:href="#sSpan835" value="Sing"/>
		<feat xlink:href="#sSpan836" value="Sing"/>
		<feat xlink:href="#sSpan839" value="Sing"/>
		<feat xlink:href="#sSpan841" value="Sing"/>
		<feat xlink:href="#sSpan844" value="Sing"/>
		<feat xlink:href="#sSpan845" value="Sing"/>
		<feat xlink:href="#sSpan846" value="Sing"/>
		<feat xlink:href="#sSpan849" value="Sing"/>
		<feat xlink:href="#sSpan854" value="Sing"/>
		<feat xlink:href="#sSpan857" value="Sing"/>
		<feat xlink:href="#sSpan858" value="Sing"/>
		<feat xlink:href="#sSpan859" value="Sing"/>
		<feat xlink:href="#sSpan860" value="Sing"/>
		<feat xlink:href="#sSpan861" value="Sing"/>
		<feat xlink:href="#sSpan862" value="Sing"/>
		<feat xlink:href="#sSpan865" value="Sing"/>
		<feat xlink:href="#sSpan866" value="Sing"/>
		<feat xlink:href="#sSpan873" value="Sing"/>
		<feat xlink:href="#sSpan874" value="Sing"/>
		<feat xlink:href="#sSpan878" value="Sing"/>
		<feat xlink:href="#sSpan885" value="Sing"/>
		<feat xlink:href="#sSpan886" value="Sing"/>
		<feat xlink:href="#sSpan887" value="Sing"/>
		<feat xlink:href="#sSpan890" value="Sing"/>
		<feat xlink:href="#sSpan891" value="Plur"/>
		<feat xlink:href="#sSpan894" value="Plur"/>
		<feat xlink:href="#sSpan895" value="Plur"/>
		<feat xlink:href="#sSpan902" value="Plur"/>
		<feat xlink:href="#sSpan906" value="Sing"/>
		<feat xlink:href="#sSpan907" value="Sing"/>
		<feat xlink:href="#sSpan908" value="Sing"/>
		<feat xlink:href="#sSpan909" value="Plur"/>
		<feat xlink:href="#sSpan914" value="Sing"/>
		<feat xlink:href="#sSpan918" value="Sing"/>
		<feat xlink:href="#sSpan920" value="Sing"/>
		<feat xlink:href="#sSpan928" value="Plur"/>
		<feat xlink:href="#sSpan932" value="Plur"/>
		<feat xlink:href="#sSpan934" value="Plur"/>
		<feat xlink:href="#sSpan935" value="Sing"/>
		<feat xlink:href="#sSpan938" value="Sing"/>
		<feat xlink:href="#sSpan939" value="Sing"/>
		<feat xlink:href="#sSpan944" value="Sing"/>
		<feat xlink:href="#sSpan945" value="Sing"/>
		<feat xlink:href="#sSpan946" value="Sing"/>
		<feat xlink:href="#sSpan953" value="Sing"/>
		<feat xlink:href="#sSpan957" value="Plur"/>
		<feat xlink:href="#sSpan958" value="Sing"/>
		<feat xlink:href="#sSpan961" value="Sing"/>
		<feat xlink:href="#sSpan962" value="Sing"/>
		<feat xlink:href="#sSpan963" value="Sing"/>
		<feat xlink:href="#sSpan965" value="Sing"/>
		<feat xlink:href="#sSpan970" value="Sing"/>
		<feat xlink:href="#sSpan973" value="Sing"/>
		<feat xlink:href="#sSpan977" value="Sing"/>
		<feat xlink:href="#sSpan981" value="Sing"/>
		<feat xlink:href="#sSpan983" value="Sing"/>
		<feat xlink:href="#sSpan990" value="Sing"/>
		<feat xlink:href="#sSpan993" value="Plur"/>
		<feat xlink:href="#sSpan996" value="Sing"/>
		<feat xlink:href="#sSpan997" value="Sing"/>
		<feat xlink:href="#sSpan999" value="Sing"/>
		<feat xlink:href="#sSpan1005" value="Sing"/>
		<feat xlink:href="#sSpan1009" value="Sing"/>
		<feat xlink:href="#sSpan1010" value="Plur"/>
		<feat xlink:href="#sSpan1016" value="Sing"/>
		<feat xlink:href="#sSpan1017" value="Sing"/>
		<feat xlink:href="#sSpan1020" value="Sing"/>
		<feat xlink:href="#sSpan1027" value="Sing"/>
		<feat xlink:href="#sSpan1030" value="Sing"/>
		<feat xlink:href="#sSpan1031" value="Sing"/>
		<feat xlink:href="#sSpan1032" value="Sing"/>
		<feat xlink:href="#sSpan1033" value="Sing"/>
		<feat xlink:href="#sSpan1034" value="Sing"/>
		<feat xlink:href="#sSpan1041" value="Sing"/>
		<feat xlink:href="#sSpan1045" value="Sing"/>
		<feat xlink:href="#sSpan1046" value="Sing"/>
		<feat xlink:href="#sSpan1047" value="Plur"/>
		<feat xlink:href="#sSpan1052" value="Plur"/>
		<feat xlink:href="#sSpan1058" value="Sing"/>
		<feat xlink:href="#sSpan1059" value="Sing"/>
		<feat xlink:href="#sSpan1060" value="Sing"/>
		<feat xlink:href="#sSpan1064" value="Plur"/>
		<feat xlink:href="#sSpan1065" value="Sing"/>
		<feat xlink:href="#sSpan1067" value="Sing"/>
		<feat xlink:href="#sSpan1068" value="Sing"/>
		<feat xlink:href="#sSpan1071" value="Sing"/>
		<feat xlink:href="#sSpan1074" value="Sing"/>
		<feat xlink:href="#sSpan1075" value="Sing"/>
		<feat xlink:href="#sSpan1081" value="Plur"/>
		<feat xlink:href="#sSpan1083" value="Plur"/>
		<feat xlink:href="#sSpan1085" value="Sing"/>
		<feat xlink:href="#sSpan1091" value="Sing"/>
		<feat xlink:href="#sSpan1097" value="Sing"/>
		<feat xlink:href="#sSpan1098" value="Sing"/>
		<feat xlink:href="#sSpan1099" value="Sing"/>
		<feat xlink:href="#sSpan1100" value="Sing"/>
		<feat xlink:href="#sSpan1101" value="Plur"/>
		<feat xlink:href="#sSpan1102" value="Sing"/>
		<feat xlink:href="#sSpan1103" value="Plur"/>
		<feat xlink:href="#sSpan1108" value="Plur"/>
		<feat xlink:href="#sSpan1109" value="Sing"/>
		<feat xlink:href="#sSpan1110" value="Plur"/>
		<feat xlink:href="#sSpan1113" value="Sing"/>
		<feat xlink:href="#sSpan1114" value="Sing"/>
		<feat xlink:href="#sSpan1115" value="Plur"/>
		<feat xlink:href="#sSpan1126" value="Sing"/>
		<feat xlink:href="#sSpan1127" value="Plur"/>
		<feat xlink:href="#sSpan1131" value="Sing"/>
		<feat xlink:href="#sSpan1134" value="Sing"/>
		<feat xlink:href="#sSpan1135" value="Sing"/>
		<feat xlink:href="#sSpan1136" value="Sing"/>
		<feat xlink:href="#sSpan1137" value="Sing"/>
		<feat xlink:href="#sSpan1138" value="Plur"/>
		<feat xlink:href="#sSpan1139" value="Sing"/>
		<feat xlink:href="#sSpan1142" value="Sing"/>
		<feat xlink:href="#sSpan1145" value="Sing"/>
		<feat xlink:href="#sSpan1147" value="Sing"/>
		<feat xlink:href="#sSpan1148" value="Sing"/>
		<feat xlink:href="#sSpan1149" value="Plur"/>
		<feat xlink:href="#sSpan1150" value="Plur"/>
		<feat xlink:href="#sSpan1160" value="Plur"/>
		<feat xlink:href="#sSpan1166" value="Sing"/>
		<feat xlink:href="#sSpan1169" value="Sing"/>
		<feat xlink:href="#sSpan1170" value="Sing"/>
		<feat xlink:href="#sSpan1171" value="Plur"/>
		<feat xlink:href="#sSpan1173" value="Plur"/>
		<feat xlink:href="#sSpan1180" value="Sing"/>
		<feat xlink:href="#sSpan1181" value="Plur"/>
		<feat xlink:href="#sSpan1184" value="Plur"/>
		<feat xlink:href="#sSpan1189" value="Plur"/>
		<feat xlink:href="#sSpan1192" value="Sing"/>
		<feat xlink:href="#sSpan1193" value="Plur"/>
		<feat xlink:href="#sSpan1195" value="Plur"/>
		<feat xlink:href="#sSpan1206" value="Sing"/>
		<feat xlink:href="#sSpan1209" value="Sing"/>
		<feat xlink:href="#sSpan1211" value="Plur"/>
		<feat xlink:href="#sSpan1212" value="Sing"/>
		<feat xlink:href="#sSpan1213" value="Sing"/>
		<feat xlink:href="#sSpan1216" value="Plur"/>
		<feat xlink:href="#sSpan1219" value="Plur"/>
		<feat xlink:href="#sSpan1220" value="Sing"/>
		<feat xlink:href="#sSpan1222" value="Plur"/>
		<feat xlink:href="#sSpan1233" value="Sing"/>
		<feat xlink:href="#sSpan1234" value="Sing"/>
		<feat xlink:href="#sSpan1239" value="Sing"/>
		<feat xlink:href="#sSpan1240" value="Sing"/>
		<feat xlink:href="#sSpan1241" value="Plur"/>
		<feat xlink:href="#sSpan1243" value="Plur"/>
		<feat xlink:href="#sSpan1245" value="Sing"/>
		<feat xlink:href="#sSpan1246" value="Plur"/>
		<feat xlink:href="#sSpan1248" value="Plur"/>
		<feat xlink:href="#sSpan1255" value="Sing"/>
		<feat xlink:href="#sSpan1257" value="Plur"/>
		<feat xlink:href="#sSpan1261" value="Sing"/>
		<feat xlink:href="#sSpan1262" value="Sing"/>
		<feat xlink:href="#sSpan1265" value="Sing"/>
		<feat xlink:href="#sSpan1266" value="Sing"/>
		<feat xlink:href="#sSpan1269" value="Sing"/>
		<feat xlink:href="#sSpan1271" value="Sing"/>
		<feat xlink:href="#sSpan1272" value="Sing"/>
		<feat xlink:href="#sSpan1275" value="Sing"/>
		<feat xlink:href="#sSpan1276" value="Sing"/>
		<feat xlink:href="#sSpan1279" value="Sing"/>
		<feat xlink:href="#sSpan1281" value="Sing"/>
		<feat xlink:href="#sSpan1285" value="Sing"/>
		<feat xlink:href="#sSpan1289" value="Plur"/>
		<feat xlink:href="#sSpan1291" value="Sing"/>
		<feat xlink:href="#sSpan1294" value="Sing"/>
		<feat xlink:href="#sSpan1295" value="Sing"/>
		<feat xlink:href="#sSpan1296" value="Sing"/>
		<feat xlink:href="#sSpan1299" value="Sing"/>
		<feat xlink:href="#sSpan1300" value="Sing"/>
		<feat xlink:href="#sSpan1301" value="Sing"/>
		<feat xlink:href="#sSpan1303" value="Sing"/>
		<feat xlink:href="#sSpan1306" value="Sing"/>
		<feat xlink:href="#sSpan1309" value="Sing"/>
		<feat xlink:href="#sSpan1310" value="Sing"/>
		<feat xlink:href="#sSpan1311" value="Sing"/>
		<feat xlink:href="#sSpan1314" value="Plur"/>
		<feat xlink:href="#sSpan1318" value="Plur"/>
		<feat xlink:href="#sSpan1320" value="Sing"/>
		<feat xlink:href="#sSpan1321" value="Plur"/>
		<feat xlink:href="#sSpan1325" value="Plur"/>
		<feat xlink:href="#sSpan1336" value="Sing"/>
		<feat xlink:href="#sSpan1337" value="Sing"/>
		<feat xlink:href="#sSpan1340" value="Sing"/>
		<feat xlink:href="#sSpan1341" value="Sing"/>
		<feat xlink:href="#sSpan1342" value="Sing"/>
		<feat xlink:href="#sSpan1344" value="Plur"/>
		<feat xlink:href="#sSpan1351" value="Sing"/>
		<feat xlink:href="#sSpan1352" value="Plur"/>
		<feat xlink:href="#sSpan1353" value="Plur"/>
		<feat xlink:href="#sSpan1354" value="Sing"/>
		<feat xlink:href="#sSpan1356" value="Sing"/>
		<feat xlink:href="#sSpan1357" value="Sing"/>
		<feat xlink:href="#sSpan1359" value="Sing"/>
		<feat xlink:href="#sSpan1362" value="Plur"/>
		<feat xlink:href="#sSpan1366" value="Plur"/>
		<feat xlink:href="#sSpan1370" value="Plur"/>
		<feat xlink:href="#sSpan1371" value="Sing"/>
		<feat xlink:href="#sSpan1372" value="Plur"/>
		<feat xlink:href="#sSpan1375" value="Sing"/>
		<feat xlink:href="#sSpan1376" value="Plur"/>
		<feat xlink:href="#sSpan1377" value="Sing"/>
		<feat xlink:href="#sSpan1381" value="Plur"/>
		<feat xlink:href="#sSpan1384" value="Plur"/>
		<feat xlink:href="#sSpan1388" value="Sing"/>
		<feat xlink:href="#sSpan1391" value="Plur"/>
		<feat xlink:href="#sSpan1392" value="Sing"/>
		<feat xlink:href="#sSpan1393" value="Sing"/>
		<feat xlink:href="#sSpan1394" value="Plur"/>
		<feat xlink:href="#sSpan1395" value="Sing"/>
		<feat xlink:href="#sSpan1400" value="Plur"/>
		<feat xlink:href="#sSpan1403" value="Sing"/>
		<feat xlink:href="#sSpan1404" value="Sing"/>
		<feat xlink:href="#sSpan1406" value="Sing"/>
		<feat xlink:href="#sSpan1408" value="Plur"/>
		<feat xlink:href="#sSpan1413" value="Sing"/>
		<feat xlink:href="#sSpan1415" value="Plur"/>
		<feat xlink:href="#sSpan1421" value="Plur"/>
		<feat xlink:href="#sSpan1429" value="Plur"/>
		<feat xlink:href="#sSpan1433" value="Sing"/>
		<feat xlink:href="#sSpan1436" value="Plur"/>
		<feat xlink:href="#sSpan1441" value="Sing"/>
		<feat xlink:href="#sSpan1442" value="Sing"/>
		<feat xlink:href="#sSpan1446" value="Plur"/>
		<feat xlink:href="#sSpan1447" value="Sing"/>
		<feat xlink:href="#sSpan1451" value="Sing"/>
		<feat xlink:href="#sSpan1456" value="Sing"/>
		<feat xlink:href="#sSpan1459" value="Sing"/>
		<feat xlink:href="#sSpan1461" value="Plur"/>
		<feat xlink:href="#sSpan1464" value="Sing"/>
		<feat xlink:href="#sSpan1475" value="Plur"/>
		<feat xlink:href="#sSpan1476" value="Sing"/>
		<feat xlink:href="#sSpan1482" value="Sing"/>
		<feat xlink:href="#sSpan1490" value="Sing"/>
		<feat xlink:href="#sSpan1491" value="Sing"/>
		<feat xlink:href="#sSpan1492" value="Sing"/>
		<feat xlink:href="#sSpan1496" value="Sing"/>
		<feat xlink:href="#sSpan1497" value="Plur"/>
		<feat xlink:href="#sSpan1502" value="Sing"/>
		<feat xlink:href="#sSpan1503" value="Sing"/>
		<feat xlink:href="#sSpan1507" value="Plur"/>
		<feat xlink:href="#sSpan1510" value="Plur"/>
		<feat xlink:href="#sSpan1512" value="Plur"/>
		<feat xlink:href="#sSpan1513" value="Plur"/>
		<feat xlink:href="#sSpan1515" value="Plur"/>
		<feat xlink:href="#sSpan1520" value="Plur"/>
		<feat xlink:href="#sSpan1524" value="Sing"/>
		<feat xlink:href="#sSpan1528" value="Sing"/></featList></paula>