<?xml version='1.0' encoding='UTF-8'?><!DOCTYPE paula SYSTEM "paula_feat.dtd">
<paula version="1.1">
	<header paula_id="morph.GUM_academic_eegimaa.mark_PronType"/>
	<featList xmlns:xlink="http://www.w3.org/1999/xlink" type="PronType" xml:base="morph.GUM_academic_eegimaa.mark.xml">
		<feat xlink:href="#sSpan479" value="Prs"/>
		<feat xlink:href="#sSpan488" value="Prs"/>
		<feat xlink:href="#sSpan490" value="Dem"/>
		<feat xlink:href="#sSpan499" value="Art"/>
		<feat xlink:href="#sSpan516" value="Prs"/>
		<feat xlink:href="#sSpan520" value="Prs"/>
		<feat xlink:href="#sSpan527" value="Prs"/>
		<feat xlink:href="#sSpan534" value="Art"/>
		<feat xlink:href="#sSpan539" value="Art"/>
		<feat xlink:href="#sSpan543" value="Dem"/>
		<feat xlink:href="#sSpan550" value="Prs"/>
		<feat xlink:href="#sSpan559" value="Ind"/>
		<feat xlink:href="#sSpan561" value="Art"/>
		<feat xlink:href="#sSpan587" value="Art"/>
		<feat xlink:href="#sSpan594" value="Art"/>
		<feat xlink:href="#sSpan600" value="Art"/>
		<feat xlink:href="#sSpan638" value="Art"/>
		<feat xlink:href="#sSpan645" value="Dem"/>
		<feat xlink:href="#sSpan657" value="Art"/>
		<feat xlink:href="#sSpan659" value="Art"/>
		<feat xlink:href="#sSpan669" value="Art"/>
		<feat xlink:href="#sSpan683" value="Art"/>
		<feat xlink:href="#sSpan686" value="Art"/>
		<feat xlink:href="#sSpan689" value="Art"/>
		<feat xlink:href="#sSpan697" value="Art"/>
		<feat xlink:href="#sSpan708" value="Art"/>
		<feat xlink:href="#sSpan726" value="Art"/>
		<feat xlink:href="#sSpan735" value="Art"/>
		<feat xlink:href="#sSpan740" value="Art"/>
		<feat xlink:href="#sSpan743" value="Art"/>
		<feat xlink:href="#sSpan750" value="Art"/>
		<feat xlink:href="#sSpan759" value="Art"/>
		<feat xlink:href="#sSpan764" value="Art"/>
		<feat xlink:href="#sSpan768" value="Art"/>
		<feat xlink:href="#sSpan771" value="Rel"/>
		<feat xlink:href="#sSpan777" value="Prs"/>
		<feat xlink:href="#sSpan783" value="Art"/>
		<feat xlink:href="#sSpan791" value="Art"/>
		<feat xlink:href="#sSpan793" value="Art"/>
		<feat xlink:href="#sSpan798" value="Rel"/>
		<feat xlink:href="#sSpan800" value="Art"/>
		<feat xlink:href="#sSpan811" value="Art"/>
		<feat xlink:href="#sSpan814" value="Art"/>
		<feat xlink:href="#sSpan826" value="Art"/>
		<feat xlink:href="#sSpan832" value="Art"/>
		<feat xlink:href="#sSpan842" value="Art"/>
		<feat xlink:href="#sSpan845" value="Art"/>
		<feat xlink:href="#sSpan852" value="Art"/>
		<feat xlink:href="#sSpan870" value="Art"/>
		<feat xlink:href="#sSpan880" value="Ind"/>
		<feat xlink:href="#sSpan882" value="Dem"/>
		<feat xlink:href="#sSpan889" value="Prs"/>
		<feat xlink:href="#sSpan899" value="Art"/>
		<feat xlink:href="#sSpan921" value="Art"/>
		<feat xlink:href="#sSpan928" value="Art"/>
		<feat xlink:href="#sSpan936" value="Art"/>
		<feat xlink:href="#sSpan944" value="Art"/>
		<feat xlink:href="#sSpan948" value="Rel"/>
		<feat xlink:href="#sSpan955" value="Art"/>
		<feat xlink:href="#sSpan963" value="Art"/>
		<feat xlink:href="#sSpan966" value="Rel"/>
		<feat xlink:href="#sSpan972" value="Art"/>
		<feat xlink:href="#sSpan978" value="Prs"/>
		<feat xlink:href="#sSpan987" value="Art"/>
		<feat xlink:href="#sSpan993" value="Prs"/>
		<feat xlink:href="#sSpan1010" value="Art"/>
		<feat xlink:href="#sSpan1020" value="Art"/>
		<feat xlink:href="#sSpan1028" value="Rel"/>
		<feat xlink:href="#sSpan1036" value="Art"/>
		<feat xlink:href="#sSpan1041" value="Tot"/>
		<feat xlink:href="#sSpan1048" value="Art"/>
		<feat xlink:href="#sSpan1052" value="Art"/>
		<feat xlink:href="#sSpan1056" value="Art"/>
		<feat xlink:href="#sSpan1059" value="Tot"/>
		<feat xlink:href="#sSpan1061" value="Dem"/>
		<feat xlink:href="#sSpan1068" value="Art"/>
		<feat xlink:href="#sSpan1074" value="Art"/>
		<feat xlink:href="#sSpan1085" value="Prs"/>
		<feat xlink:href="#sSpan1089" value="Art"/>
		<feat xlink:href="#sSpan1097" value="Art"/>
		<feat xlink:href="#sSpan1105" value="Prs"/>
		<feat xlink:href="#sSpan1119" value="Art"/>
		<feat xlink:href="#sSpan1136" value="Prs"/>
		<feat xlink:href="#sSpan1141" value="Art"/>
		<feat xlink:href="#sSpan1156" value="Rel"/>
		<feat xlink:href="#sSpan1163" value="Prs"/>
		<feat xlink:href="#sSpan1178" value="Art"/>
		<feat xlink:href="#sSpan1180" value="Art"/>
		<feat xlink:href="#sSpan1190" value="Art"/>
		<feat xlink:href="#sSpan1203" value="Art"/>
		<feat xlink:href="#sSpan1209" value="Art"/>
		<feat xlink:href="#sSpan1218" value="Rel"/>
		<feat xlink:href="#sSpan1235" value="Art"/>
		<feat xlink:href="#sSpan1244" value="Art"/>
		<feat xlink:href="#sSpan1262" value="Art"/>
		<feat xlink:href="#sSpan1268" value="Art"/>
		<feat xlink:href="#sSpan1278" value="Art"/>
		<feat xlink:href="#sSpan1293" value="Prs"/>
		<feat xlink:href="#sSpan1304" value="Art"/>
		<feat xlink:href="#sSpan1309" value="Art"/>
		<feat xlink:href="#sSpan1313" value="Dem"/>
		<feat xlink:href="#sSpan1330" value="Rel"/>
		<feat xlink:href="#sSpan1333" value="Prs"/>
		<feat xlink:href="#sSpan1354" value="Prs"/>
		<feat xlink:href="#sSpan1370" value="Art"/>
		<feat xlink:href="#sSpan1380" value="Prs"/>
		<feat xlink:href="#sSpan1382" value="Int"/>
		<feat xlink:href="#sSpan1384" value="Prs"/>
		<feat xlink:href="#sSpan1392" value="Rcp"/>
		<feat xlink:href="#sSpan1396" value="Prs"/>
		<feat xlink:href="#sSpan1403" value="Dem"/>
		<feat xlink:href="#sSpan1414" value="Art"/>
		<feat xlink:href="#sSpan1417" value="Rel"/>
		<feat xlink:href="#sSpan1433" value="Art"/>
		<feat xlink:href="#sSpan1439" value="Prs"/>
		<feat xlink:href="#sSpan1449" value="Art"/>
		<feat xlink:href="#sSpan1453" value="Ind"/>
		<feat xlink:href="#sSpan1454" value="Art"/>
		<feat xlink:href="#sSpan1461" value="Dem"/>
		<feat xlink:href="#sSpan1472" value="Dem"/>
		<feat xlink:href="#sSpan1484" value="Art"/></featList></paula>