<?xml version='1.0' encoding='UTF-8'?><!DOCTYPE paula SYSTEM "paula_feat.dtd">
<paula version="1.1">
	<header paula_id="morph.GUM_academic_eegimaa.mark_Gender"/>
	<featList xmlns:xlink="http://www.w3.org/1999/xlink" type="Gender" xml:base="morph.GUM_academic_eegimaa.mark.xml">
		<feat xlink:href="#sSpan461" value="Neut"/>
		<feat xlink:href="#sSpan491" value="Neut"/>
		<feat xlink:href="#sSpan494" value="Neut"/>
		<feat xlink:href="#sSpan724" value="Neut"/>
		<feat xlink:href="#sSpan933" value="Neut"/>
		<feat xlink:href="#sSpan1312" value="Neut"/></featList></paula>