<?xml version='1.0' encoding='UTF-8'?><!DOCTYPE paula SYSTEM "paula_feat.dtd">
<paula version="1.1">
	<header paula_id="morph.GUM_academic_eegimaa.mark_VerbForm"/>
	<featList xmlns:xlink="http://www.w3.org/1999/xlink" type="VerbForm" xml:base="morph.GUM_academic_eegimaa.mark.xml">
		<feat xlink:href="#sSpan490" value="Fin"/>
		<feat xlink:href="#sSpan520" value="Fin"/>
		<feat xlink:href="#sSpan538" value="Fin"/>
		<feat xlink:href="#sSpan546" value="Fin"/>
		<feat xlink:href="#sSpan547" value="Inf"/>
		<feat xlink:href="#sSpan559" value="Fin"/>
		<feat xlink:href="#sSpan564" value="Part"/>
		<feat xlink:href="#sSpan575" value="Fin"/>
		<feat xlink:href="#sSpan582" value="Part"/>
		<feat xlink:href="#sSpan593" value="Part"/>
		<feat xlink:href="#sSpan595" value="Inf"/>
		<feat xlink:href="#sSpan613" value="Fin"/>
		<feat xlink:href="#sSpan618" value="Part"/>
		<feat xlink:href="#sSpan639" value="Fin"/>
		<feat xlink:href="#sSpan645" value="Part"/>
		<feat xlink:href="#sSpan664" value="Part"/>
		<feat xlink:href="#sSpan671" value="Fin"/>
		<feat xlink:href="#sSpan686" value="Ger"/>
		<feat xlink:href="#sSpan691" value="Fin"/>
		<feat xlink:href="#sSpan698" value="Part"/>
		<feat xlink:href="#sSpan704" value="Fin"/>
		<feat xlink:href="#sSpan708" value="Part"/>
		<feat xlink:href="#sSpan720" value="Part"/>
		<feat xlink:href="#sSpan741" value="Fin"/>
		<feat xlink:href="#sSpan748" value="Part"/>
		<feat xlink:href="#sSpan759" value="Fin"/>
		<feat xlink:href="#sSpan792" value="Fin"/>
		<feat xlink:href="#sSpan802" value="Part"/>
		<feat xlink:href="#sSpan809" value="Fin"/>
		<feat xlink:href="#sSpan814" value="Ger"/>
		<feat xlink:href="#sSpan823" value="Fin"/>
		<feat xlink:href="#sSpan845" value="Part"/>
		<feat xlink:href="#sSpan854" value="Fin"/>
		<feat xlink:href="#sSpan862" value="Ger"/>
		<feat xlink:href="#sSpan868" value="Fin"/>
		<feat xlink:href="#sSpan869" value="Inf"/>
		<feat xlink:href="#sSpan871" value="Part"/>
		<feat xlink:href="#sSpan886" value="Part"/>
		<feat xlink:href="#sSpan892" value="Fin"/>
		<feat xlink:href="#sSpan896" value="Part"/>
		<feat xlink:href="#sSpan900" value="Part"/>
		<feat xlink:href="#sSpan902" value="Ger"/>
		<feat xlink:href="#sSpan916" value="Fin"/>
		<feat xlink:href="#sSpan924" value="Part"/>
		<feat xlink:href="#sSpan935" value="Fin"/>
		<feat xlink:href="#sSpan945" value="Fin"/>
		<feat xlink:href="#sSpan951" value="Fin"/>
		<feat xlink:href="#sSpan967" value="Fin"/>
		<feat xlink:href="#sSpan974" value="Part"/>
		<feat xlink:href="#sSpan986" value="Fin"/>
		<feat xlink:href="#sSpan990" value="Part"/>
		<feat xlink:href="#sSpan1003" value="Fin"/>
		<feat xlink:href="#sSpan1008" value="Part"/>
		<feat xlink:href="#sSpan1013" value="Fin"/>
		<feat xlink:href="#sSpan1045" value="Fin"/>
		<feat xlink:href="#sSpan1054" value="Part"/>
		<feat xlink:href="#sSpan1076" value="Fin"/>
		<feat xlink:href="#sSpan1083" value="Inf"/>
		<feat xlink:href="#sSpan1104" value="Ger"/>
		<feat xlink:href="#sSpan1108" value="Fin"/>
		<feat xlink:href="#sSpan1115" value="Part"/>
		<feat xlink:href="#sSpan1116" value="Ger"/>
		<feat xlink:href="#sSpan1131" value="Fin"/>
		<feat xlink:href="#sSpan1134" value="Part"/>
		<feat xlink:href="#sSpan1143" value="Fin"/>
		<feat xlink:href="#sSpan1151" value="Fin"/>
		<feat xlink:href="#sSpan1157" value="Part"/>
		<feat xlink:href="#sSpan1158" value="Ger"/>
		<feat xlink:href="#sSpan1178" value="Fin"/>
		<feat xlink:href="#sSpan1181" value="Part"/>
		<feat xlink:href="#sSpan1182" value="Ger"/>
		<feat xlink:href="#sSpan1187" value="Ger"/>
		<feat xlink:href="#sSpan1201" value="Fin"/>
		<feat xlink:href="#sSpan1206" value="Part"/>
		<feat xlink:href="#sSpan1209" value="Fin"/>
		<feat xlink:href="#sSpan1236" value="Part"/>
		<feat xlink:href="#sSpan1263" value="Fin"/>
		<feat xlink:href="#sSpan1268" value="Part"/>
		<feat xlink:href="#sSpan1279" value="Fin"/>
		<feat xlink:href="#sSpan1281" value="Part"/>
		<feat xlink:href="#sSpan1295" value="Fin"/>
		<feat xlink:href="#sSpan1318" value="Fin"/>
		<feat xlink:href="#sSpan1328" value="Fin"/>
		<feat xlink:href="#sSpan1347" value="Fin"/>
		<feat xlink:href="#sSpan1353" value="Ger"/>
		<feat xlink:href="#sSpan1355" value="Inf"/>
		<feat xlink:href="#sSpan1368" value="Fin"/>
		<feat xlink:href="#sSpan1373" value="Inf"/>
		<feat xlink:href="#sSpan1389" value="Fin"/>
		<feat xlink:href="#sSpan1400" value="Fin"/>
		<feat xlink:href="#sSpan1405" value="Part"/>
		<feat xlink:href="#sSpan1407" value="Part"/>
		<feat xlink:href="#sSpan1422" value="Fin"/>
		<feat xlink:href="#sSpan1425" value="Inf"/>
		<feat xlink:href="#sSpan1435" value="Part"/>
		<feat xlink:href="#sSpan1441" value="Fin"/>
		<feat xlink:href="#sSpan1447" value="Ger"/>
		<feat xlink:href="#sSpan1452" value="Fin"/>
		<feat xlink:href="#sSpan1459" value="Part"/></featList></paula>