<?xml version='1.0' encoding='UTF-8'?><!DOCTYPE paula SYSTEM "paula_feat.dtd">
<paula version="1.1">
	<header paula_id="morph.GUM_academic_eegimaa.mark_Number"/>
	<featList xmlns:xlink="http://www.w3.org/1999/xlink" type="Number" xml:base="morph.GUM_academic_eegimaa.mark.xml">
		<feat xlink:href="#sSpan712" value="Sing"/>
		<feat xlink:href="#sSpan713" value="Sing"/>
		<feat xlink:href="#sSpan719" value="Sing"/>
		<feat xlink:href="#sSpan720" value="Plur"/>
		<feat xlink:href="#sSpan722" value="Plur"/>
		<feat xlink:href="#sSpan726" value="Plur"/>
		<feat xlink:href="#sSpan728" value="Sing"/>
		<feat xlink:href="#sSpan729" value="Sing"/>
		<feat xlink:href="#sSpan734" value="Sing"/>
		<feat xlink:href="#sSpan738" value="Sing"/>
		<feat xlink:href="#sSpan739" value="Sing"/>
		<feat xlink:href="#sSpan740" value="Sing"/>
		<feat xlink:href="#sSpan742" value="Sing"/>
		<feat xlink:href="#sSpan743" value="Sing"/>
		<feat xlink:href="#sSpan745" value="Sing"/>
		<feat xlink:href="#sSpan748" value="Sing"/>
		<feat xlink:href="#sSpan754" value="Sing"/>
		<feat xlink:href="#sSpan755" value="Plur"/>
		<feat xlink:href="#sSpan758" value="Sing"/>
		<feat xlink:href="#sSpan762" value="Plur"/>
		<feat xlink:href="#sSpan765" value="Plur"/>
		<feat xlink:href="#sSpan770" value="Plur"/>
		<feat xlink:href="#sSpan772" value="Plur"/>
		<feat xlink:href="#sSpan775" value="Sing"/>
		<feat xlink:href="#sSpan776" value="Sing"/>
		<feat xlink:href="#sSpan779" value="Sing"/>
		<feat xlink:href="#sSpan780" value="Sing"/>
		<feat xlink:href="#sSpan781" value="Sing"/>
		<feat xlink:href="#sSpan785" value="Sing"/>
		<feat xlink:href="#sSpan789" value="Plur"/>
		<feat xlink:href="#sSpan801" value="Sing"/>
		<feat xlink:href="#sSpan802" value="Sing"/>
		<feat xlink:href="#sSpan803" value="Sing"/>
		<feat xlink:href="#sSpan804" value="Plur"/>
		<feat xlink:href="#sSpan805" value="Sing"/>
		<feat xlink:href="#sSpan806" value="Sing"/>
		<feat xlink:href="#sSpan807" value="Plur"/>
		<feat xlink:href="#sSpan809" value="Plur"/>
		<feat xlink:href="#sSpan816" value="Sing"/>
		<feat xlink:href="#sSpan817" value="Plur"/>
		<feat xlink:href="#sSpan819" value="Plur"/>
		<feat xlink:href="#sSpan820" value="Sing"/>
		<feat xlink:href="#sSpan825" value="Sing"/>
		<feat xlink:href="#sSpan829" value="Sing"/>
		<feat xlink:href="#sSpan834" value="Sing"/>
		<feat xlink:href="#sSpan836" value="Sing"/>
		<feat xlink:href="#sSpan837" value="Sing"/>
		<feat xlink:href="#sSpan838" value="Sing"/>
		<feat xlink:href="#sSpan840" value="Sing"/>
		<feat xlink:href="#sSpan843" value="Sing"/>
		<feat xlink:href="#sSpan849" value="Sing"/>
		<feat xlink:href="#sSpan854" value="Plur"/>
		<feat xlink:href="#sSpan855" value="Sing"/>
		<feat xlink:href="#sSpan856" value="Sing"/>
		<feat xlink:href="#sSpan857" value="Sing"/>
		<feat xlink:href="#sSpan861" value="Plur"/>
		<feat xlink:href="#sSpan864" value="Plur"/>
		<feat xlink:href="#sSpan870" value="Plur"/>
		<feat xlink:href="#sSpan871" value="Sing"/>
		<feat xlink:href="#sSpan875" value="Sing"/>
		<feat xlink:href="#sSpan876" value="Sing"/>
		<feat xlink:href="#sSpan878" value="Plur"/>
		<feat xlink:href="#sSpan881" value="Sing"/>
		<feat xlink:href="#sSpan882" value="Sing"/>
		<feat xlink:href="#sSpan883" value="Sing"/>
		<feat xlink:href="#sSpan884" value="Sing"/>
		<feat xlink:href="#sSpan885" value="Plur"/>
		<feat xlink:href="#sSpan886" value="Plur"/>
		<feat xlink:href="#sSpan888" value="Plur"/>
		<feat xlink:href="#sSpan890" value="Plur"/>
		<feat xlink:href="#sSpan899" value="Sing"/>
		<feat xlink:href="#sSpan903" value="Sing"/>
		<feat xlink:href="#sSpan904" value="Sing"/>
		<feat xlink:href="#sSpan906" value="Sing"/>
		<feat xlink:href="#sSpan907" value="Sing"/>
		<feat xlink:href="#sSpan908" value="Sing"/>
		<feat xlink:href="#sSpan909" value="Sing"/>
		<feat xlink:href="#sSpan912" value="Sing"/>
		<feat xlink:href="#sSpan913" value="Sing"/>
		<feat xlink:href="#sSpan918" value="Sing"/>
		<feat xlink:href="#sSpan919" value="Sing"/>
		<feat xlink:href="#sSpan926" value="Plur"/>
		<feat xlink:href="#sSpan927" value="Sing"/>
		<feat xlink:href="#sSpan930" value="Sing"/>
		<feat xlink:href="#sSpan933" value="Sing"/>
		<feat xlink:href="#sSpan934" value="Sing"/>
		<feat xlink:href="#sSpan941" value="Sing"/>
		<feat xlink:href="#sSpan943" value="Sing"/>
		<feat xlink:href="#sSpan944" value="Sing"/>
		<feat xlink:href="#sSpan945" value="Sing"/>
		<feat xlink:href="#sSpan952" value="Sing"/>
		<feat xlink:href="#sSpan955" value="Sing"/>
		<feat xlink:href="#sSpan956" value="Sing"/>
		<feat xlink:href="#sSpan957" value="Sing"/>
		<feat xlink:href="#sSpan962" value="Sing"/>
		<feat xlink:href="#sSpan967" value="Sing"/>
		<feat xlink:href="#sSpan971" value="Sing"/>
		<feat xlink:href="#sSpan974" value="Plur"/>
		<feat xlink:href="#sSpan979" value="Sing"/>
		<feat xlink:href="#sSpan980" value="Sing"/>
		<feat xlink:href="#sSpan983" value="Sing"/>
		<feat xlink:href="#sSpan984" value="Sing"/>
		<feat xlink:href="#sSpan989" value="Sing"/>
		<feat xlink:href="#sSpan990" value="Sing"/>
		<feat xlink:href="#sSpan993" value="Sing"/>
		<feat xlink:href="#sSpan994" value="Sing"/>
		<feat xlink:href="#sSpan995" value="Sing"/>
		<feat xlink:href="#sSpan998" value="Sing"/>
		<feat xlink:href="#sSpan1003" value="Sing"/>
		<feat xlink:href="#sSpan1008" value="Sing"/>
		<feat xlink:href="#sSpan1009" value="Sing"/>
		<feat xlink:href="#sSpan1012" value="Sing"/>
		<feat xlink:href="#sSpan1016" value="Sing"/>
		<feat xlink:href="#sSpan1023" value="Sing"/>
		<feat xlink:href="#sSpan1026" value="Sing"/>
		<feat xlink:href="#sSpan1027" value="Sing"/>
		<feat xlink:href="#sSpan1028" value="Sing"/>
		<feat xlink:href="#sSpan1029" value="Sing"/>
		<feat xlink:href="#sSpan1030" value="Plur"/>
		<feat xlink:href="#sSpan1034" value="Sing"/>
		<feat xlink:href="#sSpan1037" value="Plur"/>
		<feat xlink:href="#sSpan1038" value="Sing"/>
		<feat xlink:href="#sSpan1039" value="Sing"/>
		<feat xlink:href="#sSpan1043" value="Plur"/>
		<feat xlink:href="#sSpan1044" value="Sing"/>
		<feat xlink:href="#sSpan1045" value="Sing"/>
		<feat xlink:href="#sSpan1046" value="Sing"/>
		<feat xlink:href="#sSpan1049" value="Plur"/>
		<feat xlink:href="#sSpan1054" value="Sing"/>
		<feat xlink:href="#sSpan1057" value="Sing"/>
		<feat xlink:href="#sSpan1060" value="Sing"/>
		<feat xlink:href="#sSpan1061" value="Sing"/>
		<feat xlink:href="#sSpan1065" value="Sing"/>
		<feat xlink:href="#sSpan1067" value="Sing"/>
		<feat xlink:href="#sSpan1070" value="Sing"/>
		<feat xlink:href="#sSpan1072" value="Sing"/>
		<feat xlink:href="#sSpan1075" value="Sing"/>
		<feat xlink:href="#sSpan1076" value="Sing"/>
		<feat xlink:href="#sSpan1077" value="Sing"/>
		<feat xlink:href="#sSpan1078" value="Sing"/>
		<feat xlink:href="#sSpan1085" value="Sing"/>
		<feat xlink:href="#sSpan1088" value="Sing"/>
		<feat xlink:href="#sSpan1089" value="Sing"/>
		<feat xlink:href="#sSpan1090" value="Sing"/>
		<feat xlink:href="#sSpan1091" value="Sing"/>
		<feat xlink:href="#sSpan1092" value="Sing"/>
		<feat xlink:href="#sSpan1093" value="Sing"/>
		<feat xlink:href="#sSpan1096" value="Sing"/>
		<feat xlink:href="#sSpan1097" value="Sing"/>
		<feat xlink:href="#sSpan1103" value="Sing"/>
		<feat xlink:href="#sSpan1104" value="Sing"/>
		<feat xlink:href="#sSpan1109" value="Sing"/>
		<feat xlink:href="#sSpan1115" value="Sing"/>
		<feat xlink:href="#sSpan1116" value="Sing"/>
		<feat xlink:href="#sSpan1117" value="Sing"/>
		<feat xlink:href="#sSpan1120" value="Sing"/>
		<feat xlink:href="#sSpan1121" value="Plur"/>
		<feat xlink:href="#sSpan1124" value="Plur"/>
		<feat xlink:href="#sSpan1125" value="Plur"/>
		<feat xlink:href="#sSpan1135" value="Plur"/>
		<feat xlink:href="#sSpan1136" value="Sing"/>
		<feat xlink:href="#sSpan1137" value="Sing"/>
		<feat xlink:href="#sSpan1138" value="Sing"/>
		<feat xlink:href="#sSpan1139" value="Plur"/>
		<feat xlink:href="#sSpan1144" value="Sing"/>
		<feat xlink:href="#sSpan1147" value="Sing"/>
		<feat xlink:href="#sSpan1148" value="Sing"/>
		<feat xlink:href="#sSpan1157" value="Plur"/>
		<feat xlink:href="#sSpan1160" value="Plur"/>
		<feat xlink:href="#sSpan1162" value="Plur"/>
		<feat xlink:href="#sSpan1163" value="Sing"/>
		<feat xlink:href="#sSpan1166" value="Sing"/>
		<feat xlink:href="#sSpan1167" value="Sing"/>
		<feat xlink:href="#sSpan1172" value="Sing"/>
		<feat xlink:href="#sSpan1173" value="Sing"/>
		<feat xlink:href="#sSpan1175" value="Sing"/>
		<feat xlink:href="#sSpan1181" value="Sing"/>
		<feat xlink:href="#sSpan1184" value="Plur"/>
		<feat xlink:href="#sSpan1185" value="Sing"/>
		<feat xlink:href="#sSpan1188" value="Sing"/>
		<feat xlink:href="#sSpan1189" value="Sing"/>
		<feat xlink:href="#sSpan1190" value="Sing"/>
		<feat xlink:href="#sSpan1192" value="Sing"/>
		<feat xlink:href="#sSpan1197" value="Sing"/>
		<feat xlink:href="#sSpan1200" value="Sing"/>
		<feat xlink:href="#sSpan1201" value="Sing"/>
		<feat xlink:href="#sSpan1208" value="Sing"/>
		<feat xlink:href="#sSpan1210" value="Sing"/>
		<feat xlink:href="#sSpan1217" value="Sing"/>
		<feat xlink:href="#sSpan1219" value="Plur"/>
		<feat xlink:href="#sSpan1223" value="Sing"/>
		<feat xlink:href="#sSpan1224" value="Sing"/>
		<feat xlink:href="#sSpan1228" value="Sing"/>
		<feat xlink:href="#sSpan1232" value="Sing"/>
		<feat xlink:href="#sSpan1235" value="Sing"/>
		<feat xlink:href="#sSpan1236" value="Plur"/>
		<feat xlink:href="#sSpan1238" value="Sing"/>
		<feat xlink:href="#sSpan1243" value="Sing"/>
		<feat xlink:href="#sSpan1248" value="Sing"/>
		<feat xlink:href="#sSpan1253" value="Sing"/>
		<feat xlink:href="#sSpan1256" value="Sing"/>
		<feat xlink:href="#sSpan1257" value="Sing"/>
		<feat xlink:href="#sSpan1258" value="Sing"/>
		<feat xlink:href="#sSpan1259" value="Sing"/>
		<feat xlink:href="#sSpan1260" value="Sing"/>
		<feat xlink:href="#sSpan1267" value="Sing"/>
		<feat xlink:href="#sSpan1270" value="Sing"/>
		<feat xlink:href="#sSpan1271" value="Sing"/>
		<feat xlink:href="#sSpan1272" value="Plur"/>
		<feat xlink:href="#sSpan1278" value="Plur"/>
		<feat xlink:href="#sSpan1283" value="Sing"/>
		<feat xlink:href="#sSpan1284" value="Sing"/>
		<feat xlink:href="#sSpan1285" value="Sing"/>
		<feat xlink:href="#sSpan1289" value="Plur"/>
		<feat xlink:href="#sSpan1290" value="Sing"/>
		<feat xlink:href="#sSpan1292" value="Sing"/>
		<feat xlink:href="#sSpan1293" value="Sing"/>
		<feat xlink:href="#sSpan1296" value="Sing"/>
		<feat xlink:href="#sSpan1299" value="Sing"/>
		<feat xlink:href="#sSpan1300" value="Sing"/>
		<feat xlink:href="#sSpan1306" value="Plur"/>
		<feat xlink:href="#sSpan1308" value="Plur"/>
		<feat xlink:href="#sSpan1310" value="Sing"/>
		<feat xlink:href="#sSpan1316" value="Sing"/>
		<feat xlink:href="#sSpan1321" value="Sing"/>
		<feat xlink:href="#sSpan1322" value="Sing"/>
		<feat xlink:href="#sSpan1323" value="Sing"/>
		<feat xlink:href="#sSpan1324" value="Sing"/>
		<feat xlink:href="#sSpan1325" value="Plur"/>
		<feat xlink:href="#sSpan1326" value="Sing"/>
		<feat xlink:href="#sSpan1327" value="Plur"/>
		<feat xlink:href="#sSpan1328" value="Plur"/>
		<feat xlink:href="#sSpan1333" value="Sing"/>
		<feat xlink:href="#sSpan1334" value="Plur"/>
		<feat xlink:href="#sSpan1337" value="Sing"/>
		<feat xlink:href="#sSpan1338" value="Sing"/>
		<feat xlink:href="#sSpan1341" value="Plur"/>
		<feat xlink:href="#sSpan1349" value="Sing"/>
		<feat xlink:href="#sSpan1350" value="Plur"/>
		<feat xlink:href="#sSpan1354" value="Sing"/>
		<feat xlink:href="#sSpan1357" value="Sing"/>
		<feat xlink:href="#sSpan1358" value="Sing"/>
		<feat xlink:href="#sSpan1359" value="Sing"/>
		<feat xlink:href="#sSpan1360" value="Sing"/>
		<feat xlink:href="#sSpan1361" value="Plur"/>
		<feat xlink:href="#sSpan1362" value="Sing"/>
		<feat xlink:href="#sSpan1365" value="Sing"/>
		<feat xlink:href="#sSpan1368" value="Sing"/>
		<feat xlink:href="#sSpan1370" value="Sing"/>
		<feat xlink:href="#sSpan1371" value="Sing"/>
		<feat xlink:href="#sSpan1372" value="Plur"/>
		<feat xlink:href="#sSpan1375" value="Plur"/>
		<feat xlink:href="#sSpan1384" value="Plur"/>
		<feat xlink:href="#sSpan1388" value="Sing"/>
		<feat xlink:href="#sSpan1391" value="Sing"/>
		<feat xlink:href="#sSpan1392" value="Sing"/>
		<feat xlink:href="#sSpan1393" value="Plur"/>
		<feat xlink:href="#sSpan1396" value="Plur"/>
		<feat xlink:href="#sSpan1402" value="Sing"/>
		<feat xlink:href="#sSpan1403" value="Plur"/>
		<feat xlink:href="#sSpan1406" value="Plur"/>
		<feat xlink:href="#sSpan1413" value="Plur"/>
		<feat xlink:href="#sSpan1414" value="Sing"/>
		<feat xlink:href="#sSpan1415" value="Plur"/>
		<feat xlink:href="#sSpan1419" value="Plur"/>
		<feat xlink:href="#sSpan1427" value="Sing"/>
		<feat xlink:href="#sSpan1430" value="Sing"/>
		<feat xlink:href="#sSpan1432" value="Plur"/>
		<feat xlink:href="#sSpan1433" value="Sing"/>
		<feat xlink:href="#sSpan1434" value="Sing"/>
		<feat xlink:href="#sSpan1437" value="Plur"/>
		<feat xlink:href="#sSpan1440" value="Plur"/>
		<feat xlink:href="#sSpan1441" value="Sing"/>
		<feat xlink:href="#sSpan1444" value="Plur"/>
		<feat xlink:href="#sSpan1453" value="Sing"/>
		<feat xlink:href="#sSpan1454" value="Sing"/>
		<feat xlink:href="#sSpan1458" value="Sing"/>
		<feat xlink:href="#sSpan1459" value="Sing"/>
		<feat xlink:href="#sSpan1460" value="Plur"/>
		<feat xlink:href="#sSpan1462" value="Plur"/>
		<feat xlink:href="#sSpan1464" value="Sing"/>
		<feat xlink:href="#sSpan1465" value="Plur"/>
		<feat xlink:href="#sSpan1467" value="Plur"/>
		<feat xlink:href="#sSpan1474" value="Sing"/>
		<feat xlink:href="#sSpan1478" value="Plur"/>
		<feat xlink:href="#sSpan1480" value="Sing"/>
		<feat xlink:href="#sSpan1481" value="Sing"/>
		<feat xlink:href="#sSpan1484" value="Sing"/>
		<feat xlink:href="#sSpan1485" value="Sing"/>
		<feat xlink:href="#sSpan1488" value="Sing"/>
		<feat xlink:href="#sSpan1490" value="Sing"/>
		<feat xlink:href="#sSpan1491" value="Sing"/>
		<feat xlink:href="#sSpan1494" value="Sing"/>
		<feat xlink:href="#sSpan1495" value="Sing"/>
		<feat xlink:href="#sSpan1498" value="Sing"/>
		<feat xlink:href="#sSpan1500" value="Sing"/>
		<feat xlink:href="#sSpan1503" value="Sing"/>
		<feat xlink:href="#sSpan1508" value="Plur"/>
		<feat xlink:href="#sSpan1509" value="Sing"/>
		<feat xlink:href="#sSpan1512" value="Sing"/>
		<feat xlink:href="#sSpan1513" value="Sing"/>
		<feat xlink:href="#sSpan1514" value="Sing"/>
		<feat xlink:href="#sSpan1517" value="Sing"/>
		<feat xlink:href="#sSpan1518" value="Sing"/>
		<feat xlink:href="#sSpan1519" value="Sing"/>
		<feat xlink:href="#sSpan1520" value="Sing"/>
		<feat xlink:href="#sSpan1524" value="Sing"/>
		<feat xlink:href="#sSpan1527" value="Sing"/>
		<feat xlink:href="#sSpan1528" value="Sing"/>
		<feat xlink:href="#sSpan1529" value="Sing"/>
		<feat xlink:href="#sSpan1532" value="Plur"/>
		<feat xlink:href="#sSpan1536" value="Plur"/>
		<feat xlink:href="#sSpan1538" value="Sing"/>
		<feat xlink:href="#sSpan1540" value="Plur"/>
		<feat xlink:href="#sSpan1547" value="Plur"/>
		<feat xlink:href="#sSpan1554" value="Sing"/>
		<feat xlink:href="#sSpan1555" value="Sing"/>
		<feat xlink:href="#sSpan1558" value="Sing"/>
		<feat xlink:href="#sSpan1559" value="Sing"/>
		<feat xlink:href="#sSpan1560" value="Sing"/>
		<feat xlink:href="#sSpan1566" value="Plur"/>
		<feat xlink:href="#sSpan1569" value="Sing"/>
		<feat xlink:href="#sSpan1570" value="Plur"/>
		<feat xlink:href="#sSpan1571" value="Plur"/>
		<feat xlink:href="#sSpan1572" value="Sing"/>
		<feat xlink:href="#sSpan1574" value="Sing"/>
		<feat xlink:href="#sSpan1575" value="Sing"/>
		<feat xlink:href="#sSpan1577" value="Sing"/>
		<feat xlink:href="#sSpan1581" value="Plur"/>
		<feat xlink:href="#sSpan1583" value="Plur"/>
		<feat xlink:href="#sSpan1588" value="Plur"/>
		<feat xlink:href="#sSpan1589" value="Sing"/>
		<feat xlink:href="#sSpan1590" value="Plur"/>
		<feat xlink:href="#sSpan1593" value="Sing"/>
		<feat xlink:href="#sSpan1594" value="Plur"/>
		<feat xlink:href="#sSpan1595" value="Sing"/>
		<feat xlink:href="#sSpan1596" value="Plur"/>
		<feat xlink:href="#sSpan1604" value="Plur"/>
		<feat xlink:href="#sSpan1606" value="Sing"/>
		<feat xlink:href="#sSpan1609" value="Plur"/>
		<feat xlink:href="#sSpan1610" value="Sing"/>
		<feat xlink:href="#sSpan1611" value="Sing"/>
		<feat xlink:href="#sSpan1612" value="Plur"/>
		<feat xlink:href="#sSpan1613" value="Sing"/>
		<feat xlink:href="#sSpan1614" value="Plur"/>
		<feat xlink:href="#sSpan1621" value="Sing"/>
		<feat xlink:href="#sSpan1622" value="Sing"/>
		<feat xlink:href="#sSpan1624" value="Sing"/>
		<feat xlink:href="#sSpan1628" value="Plur"/>
		<feat xlink:href="#sSpan1631" value="Sing"/>
		<feat xlink:href="#sSpan1635" value="Plur"/>
		<feat xlink:href="#sSpan1637" value="Plur"/>
		<feat xlink:href="#sSpan1648" value="Plur"/>
		<feat xlink:href="#sSpan1650" value="Sing"/>
		<feat xlink:href="#sSpan1656" value="Plur"/>
		<feat xlink:href="#sSpan1658" value="Sing"/>
		<feat xlink:href="#sSpan1659" value="Sing"/>
		<feat xlink:href="#sSpan1663" value="Plur"/>
		<feat xlink:href="#sSpan1664" value="Sing"/>
		<feat xlink:href="#sSpan1665" value="Sing"/>
		<feat xlink:href="#sSpan1673" value="Sing"/>
		<feat xlink:href="#sSpan1676" value="Sing"/>
		<feat xlink:href="#sSpan1678" value="Plur"/>
		<feat xlink:href="#sSpan1682" value="Sing"/>
		<feat xlink:href="#sSpan1692" value="Plur"/>
		<feat xlink:href="#sSpan1697" value="Sing"/>
		<feat xlink:href="#sSpan1701" value="Sing"/>
		<feat xlink:href="#sSpan1707" value="Sing"/>
		<feat xlink:href="#sSpan1708" value="Sing"/>
		<feat xlink:href="#sSpan1709" value="Sing"/>
		<feat xlink:href="#sSpan1713" value="Sing"/>
		<feat xlink:href="#sSpan1714" value="Plur"/>
		<feat xlink:href="#sSpan1718" value="Sing"/>
		<feat xlink:href="#sSpan1719" value="Sing"/>
		<feat xlink:href="#sSpan1722" value="Plur"/>
		<feat xlink:href="#sSpan1726" value="Plur"/>
		<feat xlink:href="#sSpan1728" value="Plur"/>
		<feat xlink:href="#sSpan1729" value="Plur"/>
		<feat xlink:href="#sSpan1731" value="Plur"/>
		<feat xlink:href="#sSpan1736" value="Plur"/>
		<feat xlink:href="#sSpan1740" value="Sing"/>
		<feat xlink:href="#sSpan1744" value="Sing"/></featList></paula>