<?xml version='1.0' encoding='UTF-8'?><!DOCTYPE paula SYSTEM "paula_feat.dtd">
<paula version="1.1">
	<header paula_id="morph.GUM_academic_eegimaa.mark_PronType"/>
	<featList xmlns:xlink="http://www.w3.org/1999/xlink" type="PronType" xml:base="morph.GUM_academic_eegimaa.mark.xml">
		<feat xlink:href="#sSpan476" value="Prs"/>
		<feat xlink:href="#sSpan480" value="Prs"/>
		<feat xlink:href="#sSpan485" value="Dem"/>
		<feat xlink:href="#sSpan494" value="Art"/>
		<feat xlink:href="#sSpan508" value="Prs"/>
		<feat xlink:href="#sSpan510" value="Prs"/>
		<feat xlink:href="#sSpan517" value="Prs"/>
		<feat xlink:href="#sSpan527" value="Art"/>
		<feat xlink:href="#sSpan531" value="Art"/>
		<feat xlink:href="#sSpan534" value="Dem"/>
		<feat xlink:href="#sSpan542" value="Prs"/>
		<feat xlink:href="#sSpan552" value="Art"/>
		<feat xlink:href="#sSpan578" value="Art"/>
		<feat xlink:href="#sSpan583" value="Art"/>
		<feat xlink:href="#sSpan591" value="Art"/>
		<feat xlink:href="#sSpan628" value="Art"/>
		<feat xlink:href="#sSpan636" value="Dem"/>
		<feat xlink:href="#sSpan647" value="Art"/>
		<feat xlink:href="#sSpan650" value="Art"/>
		<feat xlink:href="#sSpan658" value="Art"/>
		<feat xlink:href="#sSpan673" value="Art"/>
		<feat xlink:href="#sSpan676" value="Art"/>
		<feat xlink:href="#sSpan679" value="Art"/>
		<feat xlink:href="#sSpan684" value="Art"/>
		<feat xlink:href="#sSpan694" value="Art"/>
		<feat xlink:href="#sSpan712" value="Art"/>
		<feat xlink:href="#sSpan722" value="Art"/>
		<feat xlink:href="#sSpan725" value="Art"/>
		<feat xlink:href="#sSpan729" value="Art"/>
		<feat xlink:href="#sSpan736" value="Art"/>
		<feat xlink:href="#sSpan746" value="Art"/>
		<feat xlink:href="#sSpan751" value="Art"/>
		<feat xlink:href="#sSpan755" value="Art"/>
		<feat xlink:href="#sSpan757" value="Rel"/>
		<feat xlink:href="#sSpan766" value="Prs"/>
		<feat xlink:href="#sSpan769" value="Art"/>
		<feat xlink:href="#sSpan776" value="Art"/>
		<feat xlink:href="#sSpan778" value="Art"/>
		<feat xlink:href="#sSpan783" value="Rel"/>
		<feat xlink:href="#sSpan785" value="Art"/>
		<feat xlink:href="#sSpan796" value="Art"/>
		<feat xlink:href="#sSpan798" value="Art"/>
		<feat xlink:href="#sSpan812" value="Art"/>
		<feat xlink:href="#sSpan816" value="Art"/>
		<feat xlink:href="#sSpan826" value="Art"/>
		<feat xlink:href="#sSpan829" value="Art"/>
		<feat xlink:href="#sSpan837" value="Art"/>
		<feat xlink:href="#sSpan856" value="Art"/>
		<feat xlink:href="#sSpan865" value="Dem"/>
		<feat xlink:href="#sSpan875" value="Prs"/>
		<feat xlink:href="#sSpan883" value="Art"/>
		<feat xlink:href="#sSpan905" value="Art"/>
		<feat xlink:href="#sSpan911" value="Art"/>
		<feat xlink:href="#sSpan921" value="Art"/>
		<feat xlink:href="#sSpan928" value="Art"/>
		<feat xlink:href="#sSpan932" value="Rel"/>
		<feat xlink:href="#sSpan939" value="Art"/>
		<feat xlink:href="#sSpan948" value="Art"/>
		<feat xlink:href="#sSpan950" value="Rel"/>
		<feat xlink:href="#sSpan956" value="Art"/>
		<feat xlink:href="#sSpan960" value="Prs"/>
		<feat xlink:href="#sSpan970" value="Art"/>
		<feat xlink:href="#sSpan977" value="Prs"/>
		<feat xlink:href="#sSpan993" value="Art"/>
		<feat xlink:href="#sSpan1004" value="Art"/>
		<feat xlink:href="#sSpan1012" value="Rel"/>
		<feat xlink:href="#sSpan1021" value="Art"/>
		<feat xlink:href="#sSpan1031" value="Art"/>
		<feat xlink:href="#sSpan1034" value="Art"/>
		<feat xlink:href="#sSpan1039" value="Art"/>
		<feat xlink:href="#sSpan1043" value="Dem"/>
		<feat xlink:href="#sSpan1051" value="Art"/>
		<feat xlink:href="#sSpan1056" value="Art"/>
		<feat xlink:href="#sSpan1067" value="Prs"/>
		<feat xlink:href="#sSpan1070" value="Art"/>
		<feat xlink:href="#sSpan1080" value="Art"/>
		<feat xlink:href="#sSpan1088" value="Prs"/>
		<feat xlink:href="#sSpan1102" value="Art"/>
		<feat xlink:href="#sSpan1119" value="Prs"/>
		<feat xlink:href="#sSpan1123" value="Art"/>
		<feat xlink:href="#sSpan1138" value="Rel"/>
		<feat xlink:href="#sSpan1144" value="Prs"/>
		<feat xlink:href="#sSpan1160" value="Art"/>
		<feat xlink:href="#sSpan1163" value="Art"/>
		<feat xlink:href="#sSpan1170" value="Art"/>
		<feat xlink:href="#sSpan1184" value="Art"/>
		<feat xlink:href="#sSpan1189" value="Art"/>
		<feat xlink:href="#sSpan1198" value="Rel"/>
		<feat xlink:href="#sSpan1216" value="Art"/>
		<feat xlink:href="#sSpan1227" value="Art"/>
		<feat xlink:href="#sSpan1245" value="Art"/>
		<feat xlink:href="#sSpan1250" value="Art"/>
		<feat xlink:href="#sSpan1256" value="Art"/>
		<feat xlink:href="#sSpan1273" value="Prs"/>
		<feat xlink:href="#sSpan1285" value="Art"/>
		<feat xlink:href="#sSpan1288" value="Art"/>
		<feat xlink:href="#sSpan1309" value="Rel"/>
		<feat xlink:href="#sSpan1313" value="Prs"/>
		<feat xlink:href="#sSpan1332" value="Prs"/>
		<feat xlink:href="#sSpan1349" value="Art"/>
		<feat xlink:href="#sSpan1358" value="Prs"/>
		<feat xlink:href="#sSpan1361" value="Int"/>
		<feat xlink:href="#sSpan1363" value="Prs"/>
		<feat xlink:href="#sSpan1377" value="Prs"/>
		<feat xlink:href="#sSpan1381" value="Dem"/>
		<feat xlink:href="#sSpan1391" value="Art"/>
		<feat xlink:href="#sSpan1396" value="Rel"/>
		<feat xlink:href="#sSpan1410" value="Art"/>
		<feat xlink:href="#sSpan1417" value="Prs"/>
		<feat xlink:href="#sSpan1426" value="Art"/>
		<feat xlink:href="#sSpan1432" value="Art"/>
		<feat xlink:href="#sSpan1438" value="Dem"/>
		<feat xlink:href="#sSpan1449" value="Dem"/>
		<feat xlink:href="#sSpan1462" value="Art"/></featList></paula>