<?xml version='1.0' encoding='UTF-8'?><!DOCTYPE paula SYSTEM "paula_feat.dtd">
<paula version="1.1">
	<header paula_id="rsd.GUM_academic_eegimaa.mark_len"/>
	<featList xmlns:xlink="http://www.w3.org/1999/xlink" type="len" xml:base="rsd.GUM_academic_eegimaa.mark.xml">
		<feat xlink:href="#sSpan349" value="9"/>
		<feat xlink:href="#sSpan350" value="7"/>
		<feat xlink:href="#sSpan351" value="5"/>
		<feat xlink:href="#sSpan352" value="3"/>
		<feat xlink:href="#sSpan353" value="3"/>
		<feat xlink:href="#sSpan354" value="3"/>
		<feat xlink:href="#sSpan355" value="6"/>
		<feat xlink:href="#sSpan356" value="13"/>
		<feat xlink:href="#sSpan357" value="4"/>
		<feat xlink:href="#sSpan358" value="1"/>
		<feat xlink:href="#sSpan359" value="9"/>
		<feat xlink:href="#sSpan360" value="19"/>
		<feat xlink:href="#sSpan361" value="5"/>
		<feat xlink:href="#sSpan362" value="12"/>
		<feat xlink:href="#sSpan363" value="5"/>
		<feat xlink:href="#sSpan364" value="5"/>
		<feat xlink:href="#sSpan365" value="3"/>
		<feat xlink:href="#sSpan366" value="11"/>
		<feat xlink:href="#sSpan367" value="24"/>
		<feat xlink:href="#sSpan368" value="23"/>
		<feat xlink:href="#sSpan369" value="6"/>
		<feat xlink:href="#sSpan370" value="4"/>
		<feat xlink:href="#sSpan371" value="6"/>
		<feat xlink:href="#sSpan372" value="11"/>
		<feat xlink:href="#sSpan373" value="5"/>
		<feat xlink:href="#sSpan374" value="7"/>
		<feat xlink:href="#sSpan375" value="13"/>
		<feat xlink:href="#sSpan376" value="23"/>
		<feat xlink:href="#sSpan377" value="4"/>
		<feat xlink:href="#sSpan378" value="9"/>
		<feat xlink:href="#sSpan379" value="12"/>
		<feat xlink:href="#sSpan380" value="11"/>
		<feat xlink:href="#sSpan381" value="10"/>
		<feat xlink:href="#sSpan382" value="6"/>
		<feat xlink:href="#sSpan383" value="4"/>
		<feat xlink:href="#sSpan384" value="8"/>
		<feat xlink:href="#sSpan385" value="20"/>
		<feat xlink:href="#sSpan386" value="7"/>
		<feat xlink:href="#sSpan387" value="9"/>
		<feat xlink:href="#sSpan388" value="15"/>
		<feat xlink:href="#sSpan389" value="19"/>
		<feat xlink:href="#sSpan390" value="2"/>
		<feat xlink:href="#sSpan391" value="3"/>
		<feat xlink:href="#sSpan392" value="5"/>
		<feat xlink:href="#sSpan393" value="7"/>
		<feat xlink:href="#sSpan394" value="17"/>
		<feat xlink:href="#sSpan395" value="10"/>
		<feat xlink:href="#sSpan396" value="3"/>
		<feat xlink:href="#sSpan397" value="7"/>
		<feat xlink:href="#sSpan398" value="3"/>
		<feat xlink:href="#sSpan399" value="8"/>
		<feat xlink:href="#sSpan400" value="9"/>
		<feat xlink:href="#sSpan401" value="7"/>
		<feat xlink:href="#sSpan402" value="16"/>
		<feat xlink:href="#sSpan403" value="5"/>
		<feat xlink:href="#sSpan404" value="19"/>
		<feat xlink:href="#sSpan405" value="26"/>
		<feat xlink:href="#sSpan406" value="16"/>
		<feat xlink:href="#sSpan407" value="10"/>
		<feat xlink:href="#sSpan408" value="7"/>
		<feat xlink:href="#sSpan409" value="3"/>
		<feat xlink:href="#sSpan410" value="3"/>
		<feat xlink:href="#sSpan411" value="6"/>
		<feat xlink:href="#sSpan412" value="3"/>
		<feat xlink:href="#sSpan413" value="6"/>
		<feat xlink:href="#sSpan414" value="4"/>
		<feat xlink:href="#sSpan415" value="5"/>
		<feat xlink:href="#sSpan416" value="9"/>
		<feat xlink:href="#sSpan417" value="4"/>
		<feat xlink:href="#sSpan418" value="4"/>
		<feat xlink:href="#sSpan419" value="15"/>
		<feat xlink:href="#sSpan420" value="8"/>
		<feat xlink:href="#sSpan421" value="4"/>
		<feat xlink:href="#sSpan422" value="11"/>
		<feat xlink:href="#sSpan423" value="3"/>
		<feat xlink:href="#sSpan424" value="6"/>
		<feat xlink:href="#sSpan425" value="4"/>
		<feat xlink:href="#sSpan426" value="12"/>
		<feat xlink:href="#sSpan427" value="2"/>
		<feat xlink:href="#sSpan428" value="11"/>
		<feat xlink:href="#sSpan429" value="12"/>
		<feat xlink:href="#sSpan430" value="1"/>
		<feat xlink:href="#sSpan431" value="8"/>
		<feat xlink:href="#sSpan432" value="1"/>
		<feat xlink:href="#sSpan433" value="6"/>
		<feat xlink:href="#sSpan434" value="2"/>
		<feat xlink:href="#sSpan435" value="6"/>
		<feat xlink:href="#sSpan436" value="10"/>
		<feat xlink:href="#sSpan437" value="4"/>
		<feat xlink:href="#sSpan438" value="14"/>
		<feat xlink:href="#sSpan439" value="11"/>
		<feat xlink:href="#sSpan440" value="5"/>
		<feat xlink:href="#sSpan441" value="3"/>
		<feat xlink:href="#sSpan442" value="6"/>
		<feat xlink:href="#sSpan443" value="9"/>
		<feat xlink:href="#sSpan444" value="20"/>
		<feat xlink:href="#sSpan445" value="7"/>
		<feat xlink:href="#sSpan446" value="4"/>
		<feat xlink:href="#sSpan447" value="5"/>
		<feat xlink:href="#sSpan448" value="7"/>
		<feat xlink:href="#sSpan449" value="2"/>
		<feat xlink:href="#sSpan450" value="12"/>
		<feat xlink:href="#sSpan451" value="5"/>
		<feat xlink:href="#sSpan452" value="14"/>
		<feat xlink:href="#sSpan453" value="11"/>
		<feat xlink:href="#sSpan454" value="6"/>
		<feat xlink:href="#sSpan455" value="4"/>
		<feat xlink:href="#sSpan456" value="9"/>
		<feat xlink:href="#sSpan457" value="13"/></featList></paula>