<?xml version='1.0' encoding='UTF-8'?><!DOCTYPE paula SYSTEM "paula_feat.dtd">
<paula version="1.1">
	<header paula_id="rsd.GUM_academic_eegimaa.mark_head_id"/>
	<featList xmlns:xlink="http://www.w3.org/1999/xlink" type="head_id" xml:base="rsd.GUM_academic_eegimaa.mark.xml">
		<feat xlink:href="#sSpan529" value="3"/>
		<feat xlink:href="#sSpan530" value="13"/>
		<feat xlink:href="#sSpan531" value="18"/>
		<feat xlink:href="#sSpan532" value="23"/>
		<feat xlink:href="#sSpan533" value="26"/>
		<feat xlink:href="#sSpan534" value="28"/>
		<feat xlink:href="#sSpan535" value="35"/>
		<feat xlink:href="#sSpan536" value="39"/>
		<feat xlink:href="#sSpan537" value="52"/>
		<feat xlink:href="#sSpan538" value="54"/>
		<feat xlink:href="#sSpan539" value="58"/>
		<feat xlink:href="#sSpan540" value="77"/>
		<feat xlink:href="#sSpan541" value="89"/>
		<feat xlink:href="#sSpan542" value="90"/>
		<feat xlink:href="#sSpan543" value="106"/>
		<feat xlink:href="#sSpan544" value="108"/>
		<feat xlink:href="#sSpan545" value="114"/>
		<feat xlink:href="#sSpan546" value="116"/>
		<feat xlink:href="#sSpan547" value="129"/>
		<feat xlink:href="#sSpan548" value="155"/>
		<feat xlink:href="#sSpan549" value="174"/>
		<feat xlink:href="#sSpan550" value="179"/>
		<feat xlink:href="#sSpan551" value="183"/>
		<feat xlink:href="#sSpan552" value="194"/>
		<feat xlink:href="#sSpan553" value="204"/>
		<feat xlink:href="#sSpan554" value="205"/>
		<feat xlink:href="#sSpan555" value="215"/>
		<feat xlink:href="#sSpan556" value="225"/>
		<feat xlink:href="#sSpan557" value="251"/>
		<feat xlink:href="#sSpan558" value="252"/>
		<feat xlink:href="#sSpan559" value="262"/>
		<feat xlink:href="#sSpan560" value="276"/>
		<feat xlink:href="#sSpan561" value="292"/>
		<feat xlink:href="#sSpan562" value="299"/>
		<feat xlink:href="#sSpan563" value="300"/>
		<feat xlink:href="#sSpan564" value="304"/>
		<feat xlink:href="#sSpan565" value="318"/>
		<feat xlink:href="#sSpan566" value="333"/>
		<feat xlink:href="#sSpan567" value="339"/>
		<feat xlink:href="#sSpan568" value="348"/>
		<feat xlink:href="#sSpan569" value="369"/>
		<feat xlink:href="#sSpan570" value="383"/>
		<feat xlink:href="#sSpan571" value="384"/>
		<feat xlink:href="#sSpan572" value="388"/>
		<feat xlink:href="#sSpan573" value="392"/>
		<feat xlink:href="#sSpan574" value="415"/>
		<feat xlink:href="#sSpan575" value="416"/>
		<feat xlink:href="#sSpan576" value="427"/>
		<feat xlink:href="#sSpan577" value="434"/>
		<feat xlink:href="#sSpan578" value="438"/>
		<feat xlink:href="#sSpan579" value="440"/>
		<feat xlink:href="#sSpan580" value="450"/>
		<feat xlink:href="#sSpan581" value="461"/>
		<feat xlink:href="#sSpan582" value="478"/>
		<feat xlink:href="#sSpan583" value="479"/>
		<feat xlink:href="#sSpan584" value="487"/>
		<feat xlink:href="#sSpan585" value="528"/>
		<feat xlink:href="#sSpan586" value="529"/>
		<feat xlink:href="#sSpan587" value="554"/>
		<feat xlink:href="#sSpan588" value="558"/>
		<feat xlink:href="#sSpan589" value="562"/>
		<feat xlink:href="#sSpan590" value="565"/>
		<feat xlink:href="#sSpan591" value="569"/>
		<feat xlink:href="#sSpan592" value="574"/>
		<feat xlink:href="#sSpan593" value="577"/>
		<feat xlink:href="#sSpan594" value="586"/>
		<feat xlink:href="#sSpan595" value="587"/>
		<feat xlink:href="#sSpan596" value="597"/>
		<feat xlink:href="#sSpan597" value="602"/>
		<feat xlink:href="#sSpan598" value="608"/>
		<feat xlink:href="#sSpan599" value="611"/>
		<feat xlink:href="#sSpan600" value="631"/>
		<feat xlink:href="#sSpan601" value="632"/>
		<feat xlink:href="#sSpan602" value="637"/>
		<feat xlink:href="#sSpan603" value="649"/>
		<feat xlink:href="#sSpan604" value="653"/>
		<feat xlink:href="#sSpan605" value="656"/>
		<feat xlink:href="#sSpan606" value="670"/>
		<feat xlink:href="#sSpan607" value="673"/>
		<feat xlink:href="#sSpan608" value="684"/>
		<feat xlink:href="#sSpan609" value="686"/>
		<feat xlink:href="#sSpan610" value="697"/>
		<feat xlink:href="#sSpan611" value="701"/>
		<feat xlink:href="#sSpan612" value="706"/>
		<feat xlink:href="#sSpan613" value="710"/>
		<feat xlink:href="#sSpan614" value="714"/>
		<feat xlink:href="#sSpan615" value="719"/>
		<feat xlink:href="#sSpan616" value="730"/>
		<feat xlink:href="#sSpan617" value="731"/>
		<feat xlink:href="#sSpan618" value="737"/>
		<feat xlink:href="#sSpan619" value="750"/>
		<feat xlink:href="#sSpan620" value="761"/>
		<feat xlink:href="#sSpan621" value="767"/>
		<feat xlink:href="#sSpan622" value="769"/>
		<feat xlink:href="#sSpan623" value="776"/>
		<feat xlink:href="#sSpan624" value="789"/>
		<feat xlink:href="#sSpan625" value="806"/>
		<feat xlink:href="#sSpan626" value="811"/>
		<feat xlink:href="#sSpan627" value="815"/>
		<feat xlink:href="#sSpan628" value="821"/>
		<feat xlink:href="#sSpan629" value="827"/>
		<feat xlink:href="#sSpan630" value="829"/>
		<feat xlink:href="#sSpan631" value="844"/>
		<feat xlink:href="#sSpan632" value="852"/>
		<feat xlink:href="#sSpan633" value="861"/>
		<feat xlink:href="#sSpan634" value="871"/>
		<feat xlink:href="#sSpan635" value="876"/>
		<feat xlink:href="#sSpan636" value="880"/>
		<feat xlink:href="#sSpan637" value="892"/></featList></paula>