<?xml version='1.0' encoding='UTF-8'?><!DOCTYPE paula SYSTEM "paula_feat.dtd">
<paula version="1.1">
	<header paula_id="rsd.GUM_academic_eegimaa.mark_head_tok"/>
	<featList xmlns:xlink="http://www.w3.org/1999/xlink" type="head_tok" xml:base="rsd.GUM_academic_eegimaa.mark.xml">
		<feat xlink:href="#sSpan1" value="Eegimaa"/>
		<feat xlink:href="#sSpan2" value="present"/>
		<feat xlink:href="#sSpan3" value="Eegimaa"/>
		<feat xlink:href="#sSpan4" value="code"/>
		<feat xlink:href="#sSpan5" value="639-3"/>
		<feat xlink:href="#sSpan6" value="bqj"/>
		<feat xlink:href="#sSpan7" value="variety"/>
		<feat xlink:href="#sSpan8" value="discuss"/>
		<feat xlink:href="#sSpan9" value="important"/>
		<feat xlink:href="#sSpan10" value="because"/>
		<feat xlink:href="#sSpan11" value="show"/>
		<feat xlink:href="#sSpan12" value="give"/>
		<feat xlink:href="#sSpan13" value="language"/>
		<feat xlink:href="#sSpan14" value="speak"/>
		<feat xlink:href="#sSpan15" value="7000"/>
		<feat xlink:href="#sSpan16" value="Bassène"/>
		<feat xlink:href="#sSpan17" value="speaker"/>
		<feat xlink:href="#sSpan18" value="Lewis"/>
		<feat xlink:href="#sSpan19" value="classify"/>
		<feat xlink:href="#sSpan20" value="find"/>
		<feat xlink:href="#sSpan21" value="map"/>
		<feat xlink:href="#sSpan22" value="take"/>
		<feat xlink:href="#sSpan23" value="present"/>
		<feat xlink:href="#sSpan24" value="point"/>
		<feat xlink:href="#sSpan25" value="name"/>
		<feat xlink:href="#sSpan26" value="use"/>
		<feat xlink:href="#sSpan27" value="speak"/>
		<feat xlink:href="#sSpan28" value="locate"/>
		<feat xlink:href="#sSpan29" value="peninsula"/>
		<feat xlink:href="#sSpan30" value="border"/>
		<feat xlink:href="#sSpan31" value="separate"/>
		<feat xlink:href="#sSpan32" value="village"/>
		<feat xlink:href="#sSpan33" value="live"/>
		<feat xlink:href="#sSpan34" value="river"/>
		<feat xlink:href="#sSpan35" value="know"/>
		<feat xlink:href="#sSpan36" value="separate"/>
		<feat xlink:href="#sSpan37" value="coincide"/>
		<feat xlink:href="#sSpan38" value="map"/>
		<feat xlink:href="#sSpan39" value="adapt"/>
		<feat xlink:href="#sSpan40" value="show"/>
		<feat xlink:href="#sSpan41" value="refer"/>
		<feat xlink:href="#sSpan42" value="Eegimaa"/>
		<feat xlink:href="#sSpan43" value="speak"/>
		<feat xlink:href="#sSpan44" value="know"/>
		<feat xlink:href="#sSpan45" value="give"/>
		<feat xlink:href="#sSpan46" value="name"/>
		<feat xlink:href="#sSpan47" value="give"/>
		<feat xlink:href="#sSpan48" value="Essil"/>
		<feat xlink:href="#sSpan49" value="district"/>
		<feat xlink:href="#sSpan50" value="village"/>
		<feat xlink:href="#sSpan51" value="have"/>
		<feat xlink:href="#sSpan52" value="name"/>
		<feat xlink:href="#sSpan53" value="know"/>
		<feat xlink:href="#sSpan54" value="name"/>
		<feat xlink:href="#sSpan55" value="give"/>
		<feat xlink:href="#sSpan56" value="familiar"/>
		<feat xlink:href="#sSpan57" value="name"/>
		<feat xlink:href="#sSpan58" value="give"/>
		<feat xlink:href="#sSpan59" value="first"/>
		<feat xlink:href="#sSpan60" value="be"/>
		<feat xlink:href="#sSpan61" value="Figure"/>
		<feat xlink:href="#sSpan62" value="map"/>
		<feat xlink:href="#sSpan63" value="courtesy"/>
		<feat xlink:href="#sSpan64" value="Figure"/>
		<feat xlink:href="#sSpan65" value="map"/>
		<feat xlink:href="#sSpan66" value="write"/>
		<feat xlink:href="#sSpan67" value="use"/>
		<feat xlink:href="#sSpan68" value="provide"/>
		<feat xlink:href="#sSpan69" value="have"/>
		<feat xlink:href="#sSpan70" value="write"/>
		<feat xlink:href="#sSpan71" value="recommendation"/>
		<feat xlink:href="#sSpan72" value="write"/>
		<feat xlink:href="#sSpan73" value="use"/>
		<feat xlink:href="#sSpan74" value="follow"/>
		<feat xlink:href="#sSpan75" value="variety"/>
		<feat xlink:href="#sSpan76" value="related"/>
		<feat xlink:href="#sSpan77" value="include"/>
		<feat xlink:href="#sSpan78" value="similarity"/>
		<feat xlink:href="#sSpan79" value="Gufiñamay"/>
		<feat xlink:href="#sSpan80" value="similarity"/>
		<feat xlink:href="#sSpan81" value="base"/>
		<feat xlink:href="#sSpan82" value="Gútaamay"/>
		<feat xlink:href="#sSpan83" value="village"/>
		<feat xlink:href="#sSpan84" value="Gulapaoray"/>
		<feat xlink:href="#sSpan85" value="village"/>
		<feat xlink:href="#sSpan86" value="Gusiilay"/>
		<feat xlink:href="#sSpan87" value="bsl"/>
		<feat xlink:href="#sSpan88" value="language"/>
		<feat xlink:href="#sSpan89" value="related"/>
		<feat xlink:href="#sSpan90" value="locate"/>
		<feat xlink:href="#sSpan91" value="be"/>
		<feat xlink:href="#sSpan92" value="east"/>
		<feat xlink:href="#sSpan93" value="Bourofaye"/>
		<feat xlink:href="#sSpan94" value="south"/>
		<feat xlink:href="#sSpan95" value="cohabit"/>
		<feat xlink:href="#sSpan96" value="live"/>
		<feat xlink:href="#sSpan97" value="use"/>
		<feat xlink:href="#sSpan98" value="mean"/>
		<feat xlink:href="#sSpan99" value="refer"/>
		<feat xlink:href="#sSpan100" value="speak"/>
		<feat xlink:href="#sSpan101" value="Eegimaa"/>
		<feat xlink:href="#sSpan102" value="distinguish"/>
		<feat xlink:href="#sSpan103" value="language"/>
		<feat xlink:href="#sSpan104" value="decline"/>
		<feat xlink:href="#sSpan105" value="important"/>
		<feat xlink:href="#sSpan106" value="some"/>
		<feat xlink:href="#sSpan107" value="analyse"/>
		<feat xlink:href="#sSpan108" value="come"/>
		<feat xlink:href="#sSpan109" value="give"/></featList></paula>