<?xml version='1.0' encoding='UTF-8'?><!DOCTYPE paula SYSTEM "paula_feat.dtd">
<paula version="1.1">
	<header paula_id="tei.GUM_academic_eegimaa.mark_s_type"/>
	<featList xmlns:xlink="http://www.w3.org/1999/xlink" type="s_type" xml:base="tei.GUM_academic_eegimaa.mark.xml">
		<feat xlink:href="#sSpan638" value="frag"/>
		<feat xlink:href="#sSpan640" value="decl"/>
		<feat xlink:href="#sSpan642" value="decl"/>
		<feat xlink:href="#sSpan643" value="decl"/>
		<feat xlink:href="#sSpan646" value="decl"/>
		<feat xlink:href="#sSpan649" value="decl"/>
		<feat xlink:href="#sSpan652" value="decl"/>
		<feat xlink:href="#sSpan654" value="decl"/>
		<feat xlink:href="#sSpan655" value="decl"/>
		<feat xlink:href="#sSpan656" value="decl"/>
		<feat xlink:href="#sSpan657" value="decl"/>
		<feat xlink:href="#sSpan658" value="decl"/>
		<feat xlink:href="#sSpan659" value="decl"/>
		<feat xlink:href="#sSpan660" value="decl"/>
		<feat xlink:href="#sSpan662" value="decl"/>
		<feat xlink:href="#sSpan663" value="decl"/>
		<feat xlink:href="#sSpan664" value="decl"/>
		<feat xlink:href="#sSpan669" value="decl"/>
		<feat xlink:href="#sSpan671" value="decl"/>
		<feat xlink:href="#sSpan676" value="decl"/>
		<feat xlink:href="#sSpan680" value="frag"/>
		<feat xlink:href="#sSpan683" value="frag"/>
		<feat xlink:href="#sSpan684" value="frag"/>
		<feat xlink:href="#sSpan687" value="frag"/>
		<feat xlink:href="#sSpan688" value="decl"/>
		<feat xlink:href="#sSpan691" value="decl"/>
		<feat xlink:href="#sSpan692" value="decl"/>
		<feat xlink:href="#sSpan693" value="decl"/>
		<feat xlink:href="#sSpan694" value="decl"/>
		<feat xlink:href="#sSpan701" value="decl"/>
		<feat xlink:href="#sSpan704" value="decl"/>
		<feat xlink:href="#sSpan705" value="decl"/>
		<feat xlink:href="#sSpan706" value="decl"/>
		<feat xlink:href="#sSpan707" value="decl"/>
		<feat xlink:href="#sSpan708" value="decl"/>
		<feat xlink:href="#sSpan709" value="decl"/>
		<feat xlink:href="#sSpan711" value="decl"/></featList></paula>