<?xml version='1.0' encoding='UTF-8'?><!DOCTYPE paula SYSTEM "paula_feat.dtd">
<paula version="1.1">
	<header paula_id="tei.GUM_academic_eegimaa.mark_s_type"/>
	<featList xmlns:xlink="http://www.w3.org/1999/xlink" type="s_type" xml:base="tei.GUM_academic_eegimaa.mark.xml">
		<feat xlink:href="#sSpan1" value="frag"/>
		<feat xlink:href="#sSpan3" value="decl"/>
		<feat xlink:href="#sSpan5" value="decl"/>
		<feat xlink:href="#sSpan6" value="decl"/>
		<feat xlink:href="#sSpan8" value="decl"/>
		<feat xlink:href="#sSpan10" value="decl"/>
		<feat xlink:href="#sSpan11" value="decl"/>
		<feat xlink:href="#sSpan12" value="decl"/>
		<feat xlink:href="#sSpan13" value="decl"/>
		<feat xlink:href="#sSpan14" value="decl"/>
		<feat xlink:href="#sSpan15" value="decl"/>
		<feat xlink:href="#sSpan16" value="decl"/>
		<feat xlink:href="#sSpan17" value="decl"/>
		<feat xlink:href="#sSpan18" value="decl"/>
		<feat xlink:href="#sSpan19" value="decl"/>
		<feat xlink:href="#sSpan20" value="decl"/>
		<feat xlink:href="#sSpan25" value="decl"/>
		<feat xlink:href="#sSpan27" value="decl"/>
		<feat xlink:href="#sSpan32" value="decl"/>
		<feat xlink:href="#sSpan36" value="frag"/>
		<feat xlink:href="#sSpan39" value="frag"/>
		<feat xlink:href="#sSpan40" value="frag"/>
		<feat xlink:href="#sSpan43" value="frag"/>
		<feat xlink:href="#sSpan44" value="decl"/>
		<feat xlink:href="#sSpan47" value="decl"/>
		<feat xlink:href="#sSpan48" value="decl"/>
		<feat xlink:href="#sSpan49" value="decl"/>
		<feat xlink:href="#sSpan50" value="decl"/>
		<feat xlink:href="#sSpan56" value="decl"/>
		<feat xlink:href="#sSpan59" value="decl"/>
		<feat xlink:href="#sSpan60" value="decl"/>
		<feat xlink:href="#sSpan61" value="decl"/>
		<feat xlink:href="#sSpan62" value="decl"/>
		<feat xlink:href="#sSpan63" value="decl"/>
		<feat xlink:href="#sSpan64" value="decl"/>
		<feat xlink:href="#sSpan66" value="decl"/></featList></paula>