<?xml version='1.0' encoding='UTF-8'?><!DOCTYPE paula SYSTEM "paula_rel.dtd">
<paula version="1.1">
	<header paula_id="bridge.GENTLE_esports_fortnite.bridge"/>
	<relList xmlns:xlink="http://www.w3.org/1999/xlink" type="bridge">
		<rel id="sPointingRel1693_13109" xlink:href="ref.GENTLE_esports_fortnite.mark.xml#sSpan47" target="ref.GENTLE_esports_fortnite.mark.xml#sSpan43"/>
		<rel id="sPointingRel1695_13110" xlink:href="ref.GENTLE_esports_fortnite.mark.xml#sSpan17" target="ref.GENTLE_esports_fortnite.mark.xml#sSpan4"/>
		<rel id="sPointingRel1697_13111" xlink:href="ref.GENTLE_esports_fortnite.mark.xml#sSpan240" target="ref.GENTLE_esports_fortnite.mark.xml#sSpan239"/>
		<rel id="sPointingRel1699_13112" xlink:href="ref.GENTLE_esports_fortnite.mark.xml#sSpan314" target="ref.GENTLE_esports_fortnite.mark.xml#sSpan309"/>
		<rel id="sPointingRel1701_13113" xlink:href="ref.GENTLE_esports_fortnite.mark.xml#sSpan25" target="ref.GENTLE_esports_fortnite.mark.xml#sSpan22"/>
		<rel id="sPointingRel1703" xlink:href="ref.GENTLE_esports_fortnite.mark.xml#sSpan84" target="ref.GENTLE_esports_fortnite.mark.xml#sSpan83"/>
		<rel id="sPointingRel1705" xlink:href="ref.GENTLE_esports_fortnite.mark.xml#sSpan174" target="ref.GENTLE_esports_fortnite.mark.xml#sSpan162"/>
		<rel id="sPointingRel1707" xlink:href="ref.GENTLE_esports_fortnite.mark.xml#sSpan256" target="ref.GENTLE_esports_fortnite.mark.xml#sSpan242"/>
		<rel id="sPointingRel1709" xlink:href="ref.GENTLE_esports_fortnite.mark.xml#sSpan20" target="ref.GENTLE_esports_fortnite.mark.xml#sSpan1"/>
		<rel id="sPointingRel1711" xlink:href="ref.GENTLE_esports_fortnite.mark.xml#sSpan314" target="ref.GENTLE_esports_fortnite.mark.xml#sSpan310"/></relList></paula>