<?xml version='1.0' encoding='UTF-8'?><!DOCTYPE paula SYSTEM "paula_feat.dtd">
<paula version="1.1">
	<header paula_id="bridge.GENTLE_esports_fortnite.bridge_type"/>
	<featList xmlns:xlink="http://www.w3.org/1999/xlink" type="type" xml:base="bridge.GENTLE_esports_fortnite.bridge.xml">
		<feat xlink:href="#sPointingRel1693_13109" value="bridge:def"/>
		<feat xlink:href="#sPointingRel1695_13110" value="bridge:def"/>
		<feat xlink:href="#sPointingRel1697_13111" value="bridge:def"/>
		<feat xlink:href="#sPointingRel1699_13112" value="bridge:aggr"/>
		<feat xlink:href="#sPointingRel1701_13113" value="bridge:def"/>
		<feat xlink:href="#sPointingRel1703" value="bridge:other"/>
		<feat xlink:href="#sPointingRel1705" value="bridge:def"/>
		<feat xlink:href="#sPointingRel1707" value="bridge:def"/>
		<feat xlink:href="#sPointingRel1709" value="bridge:def"/>
		<feat xlink:href="#sPointingRel1711" value="bridge:aggr"/></featList></paula>