<?xml version='1.0' encoding='UTF-8'?><!DOCTYPE paula SYSTEM "paula_feat.dtd">
<paula version="1.1">
	<header paula_id="const.GENTLE_esports_fortnite.struct_func"/>
	<featList xmlns:xlink="http://www.w3.org/1999/xlink" type="func" xml:base="const.GENTLE_esports_fortnite.struct.xml">
		<feat xlink:href="#sDomRel12" value="TMP"/>
		<feat xlink:href="#sDomRel15" value="SBJ"/>
		<feat xlink:href="#sDomRel30" value="MNR"/>
		<feat xlink:href="#sDomRel33" value="SBJ"/>
		<feat xlink:href="#sDomRel70" value="TMP"/>
		<feat xlink:href="#sDomRel96" value="ADV"/>
		<feat xlink:href="#sDomRel106" value="LOC"/>
		<feat xlink:href="#sDomRel157" value="SBJ"/>
		<feat xlink:href="#sDomRel158" value="LOC"/>
		<feat xlink:href="#sDomRel193" value="PUT"/>
		<feat xlink:href="#sDomRel194" value="TMP"/>
		<feat xlink:href="#sDomRel199" value="PRP"/>
		<feat xlink:href="#sDomRel206" value="TMP"/>
		<feat xlink:href="#sDomRel219" value="TMP"/>
		<feat xlink:href="#sDomRel241" value="EXT"/>
		<feat xlink:href="#sDomRel242" value="SBJ"/>
		<feat xlink:href="#sDomRel253" value="SBJ"/>
		<feat xlink:href="#sDomRel274" value="PRD"/>
		<feat xlink:href="#sDomRel278" value="SBJ"/>
		<feat xlink:href="#sDomRel291" value="TMP"/>
		<feat xlink:href="#sDomRel293" value="SBJ"/>
		<feat xlink:href="#sDomRel320" value="MNR"/>
		<feat xlink:href="#sDomRel321" value="PRP"/>
		<feat xlink:href="#sDomRel323" value="SBJ"/>
		<feat xlink:href="#sDomRel326" value="SBJ"/>
		<feat xlink:href="#sDomRel340" value="LOC-PRD"/>
		<feat xlink:href="#sDomRel341" value="SBJ"/>
		<feat xlink:href="#sDomRel368" value="TMP"/>
		<feat xlink:href="#sDomRel397" value="PRP"/>
		<feat xlink:href="#sDomRel413" value="PRP"/>
		<feat xlink:href="#sDomRel415" value="SBJ"/>
		<feat xlink:href="#sDomRel448" value="SBJ"/>
		<feat xlink:href="#sDomRel451" value="PRP"/>
		<feat xlink:href="#sDomRel453" value="ADV"/>
		<feat xlink:href="#sDomRel461" value="SBJ"/>
		<feat xlink:href="#sDomRel476" value="SBJ"/>
		<feat xlink:href="#sDomRel480" value="SBJ"/>
		<feat xlink:href="#sDomRel491" value="SBJ"/>
		<feat xlink:href="#sDomRel509" value="SBJ"/>
		<feat xlink:href="#sDomRel516" value="SBJ"/>
		<feat xlink:href="#sDomRel527" value="SBJ"/>
		<feat xlink:href="#sDomRel560" value="SBJ"/>
		<feat xlink:href="#sDomRel572" value="SBJ"/>
		<feat xlink:href="#sDomRel598" value="SBJ"/>
		<feat xlink:href="#sDomRel604" value="MNR"/>
		<feat xlink:href="#sDomRel607" value="SBJ"/>
		<feat xlink:href="#sDomRel608" value="TMP"/>
		<feat xlink:href="#sDomRel617" value="SBJ"/>
		<feat xlink:href="#sDomRel643" value="SBJ"/>
		<feat xlink:href="#sDomRel670" value="VOC"/>
		<feat xlink:href="#sDomRel687" value="TMP"/>
		<feat xlink:href="#sDomRel691" value="LOC-PRD"/>
		<feat xlink:href="#sDomRel692" value="TMP"/>
		<feat xlink:href="#sDomRel696" value="SBJ"/>
		<feat xlink:href="#sDomRel702" value="PRD"/>
		<feat xlink:href="#sDomRel703" value="SBJ"/>
		<feat xlink:href="#sDomRel709" value="SBJ"/>
		<feat xlink:href="#sDomRel719" value="SBJ"/>
		<feat xlink:href="#sDomRel739" value="LOC"/>
		<feat xlink:href="#sDomRel746" value="ADV"/>
		<feat xlink:href="#sDomRel749" value="SBJ"/>
		<feat xlink:href="#sDomRel761" value="TMP"/>
		<feat xlink:href="#sDomRel767" value="SBJ"/>
		<feat xlink:href="#sDomRel781" value="TMP"/>
		<feat xlink:href="#sDomRel792" value="SBJ"/>
		<feat xlink:href="#sDomRel800" value="PRD"/>
		<feat xlink:href="#sDomRel802" value="SBJ"/>
		<feat xlink:href="#sDomRel809" value="SBJ"/>
		<feat xlink:href="#sDomRel845" value="LOC"/>
		<feat xlink:href="#sDomRel846" value="SBJ"/>
		<feat xlink:href="#sDomRel851" value="ADV"/>
		<feat xlink:href="#sDomRel852" value="SBJ"/>
		<feat xlink:href="#sDomRel896" value="SBJ"/>
		<feat xlink:href="#sDomRel906" value="TMP"/>
		<feat xlink:href="#sDomRel931" value="PRP"/>
		<feat xlink:href="#sDomRel945" value="PRD"/>
		<feat xlink:href="#sDomRel947" value="SBJ"/>
		<feat xlink:href="#sDomRel951" value="MNR"/>
		<feat xlink:href="#sDomRel952" value="SBJ"/>
		<feat xlink:href="#sDomRel976" value="LOC"/>
		<feat xlink:href="#sDomRel981" value="SBJ"/>
		<feat xlink:href="#sDomRel989" value="PRD"/>
		<feat xlink:href="#sDomRel990" value="SBJ"/>
		<feat xlink:href="#sDomRel1005" value="TMP"/>
		<feat xlink:href="#sDomRel1011" value="PRD"/>
		<feat xlink:href="#sDomRel1012" value="SBJ"/>
		<feat xlink:href="#sDomRel1026" value="SBJ"/>
		<feat xlink:href="#sDomRel1040" value="SBJ"/>
		<feat xlink:href="#sDomRel1042" value="TMP"/>
		<feat xlink:href="#sDomRel1043" value="SBJ"/>
		<feat xlink:href="#sDomRel1060" value="PRD"/>
		<feat xlink:href="#sDomRel1062" value="SBJ"/>
		<feat xlink:href="#sDomRel1071" value="SBJ"/>
		<feat xlink:href="#sDomRel1074" value="PRD"/>
		<feat xlink:href="#sDomRel1095" value="SBJ"/>
		<feat xlink:href="#sDomRel1104" value="TMP"/>
		<feat xlink:href="#sDomRel1118" value="PRP"/>
		<feat xlink:href="#sDomRel1124" value="PRP"/>
		<feat xlink:href="#sDomRel1129" value="SBJ"/>
		<feat xlink:href="#sDomRel1143" value="SBJ"/>
		<feat xlink:href="#sDomRel1157" value="SBJ"/>
		<feat xlink:href="#sDomRel1174" value="SBJ"/>
		<feat xlink:href="#sDomRel1183" value="TMP"/>
		<feat xlink:href="#sDomRel1189" value="SBJ"/>
		<feat xlink:href="#sDomRel1199" value="SBJ"/>
		<feat xlink:href="#sDomRel1231" value="TMP"/>
		<feat xlink:href="#sDomRel1234" value="SBJ"/>
		<feat xlink:href="#sDomRel1245" value="SBJ"/>
		<feat xlink:href="#sDomRel1253" value="ADV"/>
		<feat xlink:href="#sDomRel1264" value="SBJ"/>
		<feat xlink:href="#sDomRel1274" value="SBJ"/>
		<feat xlink:href="#sDomRel1301" value="TMP"/>
		<feat xlink:href="#sDomRel1310" value="SBJ"/>
		<feat xlink:href="#sDomRel1330" value="SBJ"/>
		<feat xlink:href="#sDomRel1371" value="SBJ"/>
		<feat xlink:href="#sDomRel1393" value="TMP"/>
		<feat xlink:href="#sDomRel1396" value="SBJ"/>
		<feat xlink:href="#sDomRel1420" value="SBJ"/>
		<feat xlink:href="#sDomRel1432" value="SBJ"/>
		<feat xlink:href="#sDomRel1441" value="SBJ"/>
		<feat xlink:href="#sDomRel1453" value="TMP"/>
		<feat xlink:href="#sDomRel1455" value="PRD"/>
		<feat xlink:href="#sDomRel1456" value="SBJ"/>
		<feat xlink:href="#sDomRel1473" value="TMP"/>
		<feat xlink:href="#sDomRel1474" value="SBJ"/>
		<feat xlink:href="#sDomRel1477" value="PRD"/>
		<feat xlink:href="#sDomRel1515" value="PRD"/>
		<feat xlink:href="#sDomRel1516" value="MNR"/>
		<feat xlink:href="#sDomRel1518" value="SBJ"/>
		<feat xlink:href="#sDomRel1520" value="SBJ"/>
		<feat xlink:href="#sDomRel1529" value="SBJ"/>
		<feat xlink:href="#sDomRel1543" value="SBJ"/>
		<feat xlink:href="#sDomRel1561" value="EXT"/>
		<feat xlink:href="#sDomRel1567" value="TMP"/>
		<feat xlink:href="#sDomRel1571" value="SBJ"/>
		<feat xlink:href="#sDomRel1590" value="PRP"/>
		<feat xlink:href="#sDomRel1592" value="SBJ"/>
		<feat xlink:href="#sDomRel1611" value="LOC"/>
		<feat xlink:href="#sDomRel1630" value="LOC"/>
		<feat xlink:href="#sDomRel1637" value="ADV"/>
		<feat xlink:href="#sDomRel1642" value="LOC"/>
		<feat xlink:href="#sDomRel1656" value="SBJ"/>
		<feat xlink:href="#sDomRel1678" value="SBJ"/>
		<feat xlink:href="#sDomRel1687" value="PRD"/>
		<feat xlink:href="#sDomRel1696" value="SBJ"/>
		<feat xlink:href="#sDomRel1701" value="SBJ"/>
		<feat xlink:href="#sDomRel1719" value="DIR"/>
		<feat xlink:href="#sDomRel1720" value="SBJ"/>
		<feat xlink:href="#sDomRel1742" value="DIR"/>
		<feat xlink:href="#sDomRel1748" value="SBJ"/>
		<feat xlink:href="#sDomRel1767" value="SBJ"/>
		<feat xlink:href="#sDomRel1789" value="PRP"/>
		<feat xlink:href="#sDomRel1807" value="SBJ"/>
		<feat xlink:href="#sDomRel1815" value="PRD"/>
		<feat xlink:href="#sDomRel1818" value="SBJ"/>
		<feat xlink:href="#sDomRel1827" value="SBJ"/>
		<feat xlink:href="#sDomRel1834" value="SBJ"/>
		<feat xlink:href="#sDomRel1856" value="PRP"/>
		<feat xlink:href="#sDomRel1864" value="SBJ"/>
		<feat xlink:href="#sDomRel1892" value="SBJ"/>
		<feat xlink:href="#sDomRel1904" value="SBJ"/>
		<feat xlink:href="#sDomRel1914" value="SBJ"/>
		<feat xlink:href="#sDomRel1953" value="SBJ"/>
		<feat xlink:href="#sDomRel1958" value="ADV"/>
		<feat xlink:href="#sDomRel1979" value="TMP"/>
		<feat xlink:href="#sDomRel1990" value="PRP"/>
		<feat xlink:href="#sDomRel1993" value="NOM"/>
		<feat xlink:href="#sDomRel2005" value="SBJ"/>
		<feat xlink:href="#sDomRel2013" value="TMP"/>
		<feat xlink:href="#sDomRel2024" value="SBJ"/>
		<feat xlink:href="#sDomRel2032" value="SBJ"/>
		<feat xlink:href="#sDomRel2055" value="TMP"/>
		<feat xlink:href="#sDomRel2065" value="PRD"/>
		<feat xlink:href="#sDomRel2073" value="ADV"/>
		<feat xlink:href="#sDomRel2084" value="PRD"/>
		<feat xlink:href="#sDomRel2088" value="SBJ"/>
		<feat xlink:href="#sDomRel2099" value="ADV"/>
		<feat xlink:href="#sDomRel2103" value="SBJ"/>
		<feat xlink:href="#sDomRel2123" value="LOC"/>
		<feat xlink:href="#sDomRel2125" value="LOC"/>
		<feat xlink:href="#sDomRel2136" value="SBJ"/>
		<feat xlink:href="#sDomRel2157" value="SBJ"/>
		<feat xlink:href="#sDomRel2164" value="ADV"/>
		<feat xlink:href="#sDomRel2180" value="SBJ"/>
		<feat xlink:href="#sDomRel2202" value="PRD"/>
		<feat xlink:href="#sDomRel2203" value="SBJ"/>
		<feat xlink:href="#sDomRel2218" value="SBJ"/>
		<feat xlink:href="#sDomRel2226" value="SBJ"/>
		<feat xlink:href="#sDomRel2262" value="TMP"/>
		<feat xlink:href="#sDomRel2275" value="PRP"/>
		<feat xlink:href="#sDomRel2288" value="LOC"/>
		<feat xlink:href="#sDomRel2295" value="SBJ"/>
		<feat xlink:href="#sDomRel2314" value="PRD"/>
		<feat xlink:href="#sDomRel2315" value="ADV"/>
		<feat xlink:href="#sDomRel2316" value="SBJ"/></featList></paula>