<?xml version='1.0' encoding='UTF-8'?><!DOCTYPE paula SYSTEM "paula_feat.dtd">
<paula version="1.1">
	<header paula_id="const.GENTLE_esports_fortnite.struct_is_signaled"/>
	<featList xmlns:xlink="http://www.w3.org/1999/xlink" type="is_signaled" xml:base="const.GENTLE_esports_fortnite.struct.xml">
		<feat xlink:href="#sDomRel4" value="false"/>
		<feat xlink:href="#sDomRel9" value="false"/>
		<feat xlink:href="#sDomRel12" value="false"/>
		<feat xlink:href="#sDomRel14" value="false"/>
		<feat xlink:href="#sDomRel15" value="false"/>
		<feat xlink:href="#sDomRel16" value="false"/>
		<feat xlink:href="#sDomRel17" value="false"/>
		<feat xlink:href="#sDomRel18" value="false"/>
		<feat xlink:href="#sDomRel19" value="false"/>
		<feat xlink:href="#sDomRel21" value="false"/>
		<feat xlink:href="#sDomRel30" value="false"/>
		<feat xlink:href="#sDomRel31" value="false"/>
		<feat xlink:href="#sDomRel33" value="false"/>
		<feat xlink:href="#sDomRel34" value="false"/>
		<feat xlink:href="#sDomRel36" value="false"/>
		<feat xlink:href="#sDomRel39" value="false"/>
		<feat xlink:href="#sDomRel44" value="false"/>
		<feat xlink:href="#sDomRel45" value="false"/>
		<feat xlink:href="#sDomRel46" value="false"/>
		<feat xlink:href="#sDomRel50" value="false"/>
		<feat xlink:href="#sDomRel52" value="false"/>
		<feat xlink:href="#sDomRel56" value="false"/>
		<feat xlink:href="#sDomRel57" value="false"/>
		<feat xlink:href="#sDomRel58" value="false"/>
		<feat xlink:href="#sDomRel60" value="false"/>
		<feat xlink:href="#sDomRel62" value="false"/>
		<feat xlink:href="#sDomRel69" value="false"/>
		<feat xlink:href="#sDomRel70" value="false"/>
		<feat xlink:href="#sDomRel71" value="false"/>
		<feat xlink:href="#sDomRel72" value="false"/>
		<feat xlink:href="#sDomRel73" value="false"/>
		<feat xlink:href="#sDomRel75" value="false"/>
		<feat xlink:href="#sDomRel77" value="false"/>
		<feat xlink:href="#sDomRel79" value="false"/>
		<feat xlink:href="#sDomRel87" value="false"/>
		<feat xlink:href="#sDomRel88" value="false"/>
		<feat xlink:href="#sDomRel89" value="false"/>
		<feat xlink:href="#sDomRel90" value="false"/>
		<feat xlink:href="#sDomRel91" value="false"/>
		<feat xlink:href="#sDomRel96" value="false"/>
		<feat xlink:href="#sDomRel100" value="false"/>
		<feat xlink:href="#sDomRel101" value="false"/>
		<feat xlink:href="#sDomRel102" value="false"/>
		<feat xlink:href="#sDomRel104" value="false"/>
		<feat xlink:href="#sDomRel106" value="false"/>
		<feat xlink:href="#sDomRel107" value="false"/>
		<feat xlink:href="#sDomRel108" value="false"/>
		<feat xlink:href="#sDomRel110" value="false"/>
		<feat xlink:href="#sDomRel114" value="false"/>
		<feat xlink:href="#sDomRel118" value="false"/>
		<feat xlink:href="#sDomRel119" value="false"/>
		<feat xlink:href="#sDomRel120" value="false"/>
		<feat xlink:href="#sDomRel121" value="false"/>
		<feat xlink:href="#sDomRel126" value="false"/>
		<feat xlink:href="#sDomRel131" value="false"/>
		<feat xlink:href="#sDomRel141" value="false"/>
		<feat xlink:href="#sDomRel143" value="false"/>
		<feat xlink:href="#sDomRel145" value="false"/>
		<feat xlink:href="#sDomRel147" value="false"/>
		<feat xlink:href="#sDomRel149" value="false"/>
		<feat xlink:href="#sDomRel151" value="false"/>
		<feat xlink:href="#sDomRel153" value="false"/>
		<feat xlink:href="#sDomRel155" value="false"/>
		<feat xlink:href="#sDomRel157" value="false"/>
		<feat xlink:href="#sDomRel158" value="false"/>
		<feat xlink:href="#sDomRel160" value="false"/>
		<feat xlink:href="#sDomRel161" value="false"/>
		<feat xlink:href="#sDomRel162" value="false"/>
		<feat xlink:href="#sDomRel163" value="false"/>
		<feat xlink:href="#sDomRel165" value="false"/>
		<feat xlink:href="#sDomRel167" value="false"/>
		<feat xlink:href="#sDomRel174" value="false"/>
		<feat xlink:href="#sDomRel177" value="false"/>
		<feat xlink:href="#sDomRel180" value="false"/>
		<feat xlink:href="#sDomRel188" value="false"/>
		<feat xlink:href="#sDomRel192" value="false"/>
		<feat xlink:href="#sDomRel193" value="false"/>
		<feat xlink:href="#sDomRel194" value="false"/>
		<feat xlink:href="#sDomRel196" value="false"/>
		<feat xlink:href="#sDomRel197" value="false"/>
		<feat xlink:href="#sDomRel199" value="false"/>
		<feat xlink:href="#sDomRel200" value="false"/>
		<feat xlink:href="#sDomRel201" value="false"/>
		<feat xlink:href="#sDomRel202" value="false"/>
		<feat xlink:href="#sDomRel204" value="false"/>
		<feat xlink:href="#sDomRel205" value="false"/>
		<feat xlink:href="#sDomRel206" value="false"/>
		<feat xlink:href="#sDomRel207" value="false"/>
		<feat xlink:href="#sDomRel208" value="false"/>
		<feat xlink:href="#sDomRel210" value="false"/>
		<feat xlink:href="#sDomRel212" value="false"/>
		<feat xlink:href="#sDomRel217" value="false"/>
		<feat xlink:href="#sDomRel219" value="false"/>
		<feat xlink:href="#sDomRel221" value="false"/>
		<feat xlink:href="#sDomRel222" value="false"/>
		<feat xlink:href="#sDomRel223" value="false"/>
		<feat xlink:href="#sDomRel224" value="false"/>
		<feat xlink:href="#sDomRel225" value="false"/>
		<feat xlink:href="#sDomRel233" value="false"/>
		<feat xlink:href="#sDomRel239" value="false"/>
		<feat xlink:href="#sDomRel240" value="false"/>
		<feat xlink:href="#sDomRel241" value="false"/>
		<feat xlink:href="#sDomRel242" value="false"/>
		<feat xlink:href="#sDomRel243" value="false"/>
		<feat xlink:href="#sDomRel249" value="false"/>
		<feat xlink:href="#sDomRel251" value="false"/>
		<feat xlink:href="#sDomRel252" value="false"/>
		<feat xlink:href="#sDomRel253" value="false"/>
		<feat xlink:href="#sDomRel254" value="false"/>
		<feat xlink:href="#sDomRel255" value="false"/>
		<feat xlink:href="#sDomRel257" value="false"/>
		<feat xlink:href="#sDomRel258" value="false"/>
		<feat xlink:href="#sDomRel260" value="false"/>
		<feat xlink:href="#sDomRel262" value="false"/>
		<feat xlink:href="#sDomRel267" value="false"/>
		<feat xlink:href="#sDomRel272" value="false"/>
		<feat xlink:href="#sDomRel274" value="false"/>
		<feat xlink:href="#sDomRel275" value="false"/>
		<feat xlink:href="#sDomRel277" value="false"/>
		<feat xlink:href="#sDomRel278" value="false"/>
		<feat xlink:href="#sDomRel279" value="false"/>
		<feat xlink:href="#sDomRel281" value="false"/>
		<feat xlink:href="#sDomRel289" value="false"/>
		<feat xlink:href="#sDomRel291" value="false"/>
		<feat xlink:href="#sDomRel292" value="false"/>
		<feat xlink:href="#sDomRel293" value="false"/>
		<feat xlink:href="#sDomRel294" value="false"/>
		<feat xlink:href="#sDomRel296" value="false"/>
		<feat xlink:href="#sDomRel302" value="false"/>
		<feat xlink:href="#sDomRel313" value="false"/>
		<feat xlink:href="#sDomRel315" value="false"/>
		<feat xlink:href="#sDomRel316" value="false"/>
		<feat xlink:href="#sDomRel318" value="false"/>
		<feat xlink:href="#sDomRel319" value="false"/>
		<feat xlink:href="#sDomRel320" value="false"/>
		<feat xlink:href="#sDomRel321" value="false"/>
		<feat xlink:href="#sDomRel323" value="false"/>
		<feat xlink:href="#sDomRel324" value="false"/>
		<feat xlink:href="#sDomRel326" value="false"/>
		<feat xlink:href="#sDomRel327" value="false"/>
		<feat xlink:href="#sDomRel329" value="false"/>
		<feat xlink:href="#sDomRel331" value="false"/>
		<feat xlink:href="#sDomRel338" value="false"/>
		<feat xlink:href="#sDomRel340" value="false"/>
		<feat xlink:href="#sDomRel341" value="false"/>
		<feat xlink:href="#sDomRel342" value="false"/>
		<feat xlink:href="#sDomRel343" value="false"/>
		<feat xlink:href="#sDomRel344" value="false"/>
		<feat xlink:href="#sDomRel345" value="false"/>
		<feat xlink:href="#sDomRel347" value="false"/>
		<feat xlink:href="#sDomRel352" value="false"/>
		<feat xlink:href="#sDomRel355" value="false"/>
		<feat xlink:href="#sDomRel357" value="false"/>
		<feat xlink:href="#sDomRel366" value="false"/>
		<feat xlink:href="#sDomRel368" value="false"/>
		<feat xlink:href="#sDomRel369" value="false"/>
		<feat xlink:href="#sDomRel370" value="false"/>
		<feat xlink:href="#sDomRel371" value="false"/>
		<feat xlink:href="#sDomRel372" value="false"/>
		<feat xlink:href="#sDomRel373" value="false"/>
		<feat xlink:href="#sDomRel375" value="false"/>
		<feat xlink:href="#sDomRel383" value="false"/>
		<feat xlink:href="#sDomRel390" value="false"/>
		<feat xlink:href="#sDomRel391" value="false"/>
		<feat xlink:href="#sDomRel393" value="false"/>
		<feat xlink:href="#sDomRel394" value="false"/>
		<feat xlink:href="#sDomRel395" value="false"/>
		<feat xlink:href="#sDomRel396" value="false"/>
		<feat xlink:href="#sDomRel397" value="false"/>
		<feat xlink:href="#sDomRel399" value="false"/>
		<feat xlink:href="#sDomRel400" value="false"/>
		<feat xlink:href="#sDomRel402" value="false"/>
		<feat xlink:href="#sDomRel404" value="false"/>
		<feat xlink:href="#sDomRel405" value="false"/>
		<feat xlink:href="#sDomRel407" value="false"/>
		<feat xlink:href="#sDomRel409" value="false"/>
		<feat xlink:href="#sDomRel410" value="false"/>
		<feat xlink:href="#sDomRel412" value="false"/>
		<feat xlink:href="#sDomRel413" value="false"/>
		<feat xlink:href="#sDomRel415" value="false"/>
		<feat xlink:href="#sDomRel416" value="false"/>
		<feat xlink:href="#sDomRel417" value="false"/>
		<feat xlink:href="#sDomRel419" value="false"/>
		<feat xlink:href="#sDomRel423" value="false"/>
		<feat xlink:href="#sDomRel427" value="false"/>
		<feat xlink:href="#sDomRel430" value="false"/>
		<feat xlink:href="#sDomRel432" value="false"/>
		<feat xlink:href="#sDomRel433" value="false"/>
		<feat xlink:href="#sDomRel435" value="false"/>
		<feat xlink:href="#sDomRel445" value="false"/>
		<feat xlink:href="#sDomRel447" value="false"/>
		<feat xlink:href="#sDomRel448" value="false"/>
		<feat xlink:href="#sDomRel449" value="false"/>
		<feat xlink:href="#sDomRel451" value="false"/>
		<feat xlink:href="#sDomRel453" value="false"/>
		<feat xlink:href="#sDomRel456" value="false"/>
		<feat xlink:href="#sDomRel457" value="false"/>
		<feat xlink:href="#sDomRel458" value="false"/>
		<feat xlink:href="#sDomRel460" value="false"/>
		<feat xlink:href="#sDomRel461" value="false"/>
		<feat xlink:href="#sDomRel462" value="false"/>
		<feat xlink:href="#sDomRel463" value="false"/>
		<feat xlink:href="#sDomRel465" value="false"/>
		<feat xlink:href="#sDomRel466" value="false"/>
		<feat xlink:href="#sDomRel468" value="false"/>
		<feat xlink:href="#sDomRel470" value="false"/>
		<feat xlink:href="#sDomRel471" value="false"/>
		<feat xlink:href="#sDomRel473" value="false"/>
		<feat xlink:href="#sDomRel475" value="false"/>
		<feat xlink:href="#sDomRel476" value="false"/>
		<feat xlink:href="#sDomRel477" value="false"/>
		<feat xlink:href="#sDomRel480" value="false"/>
		<feat xlink:href="#sDomRel481" value="false"/>
		<feat xlink:href="#sDomRel485" value="false"/>
		<feat xlink:href="#sDomRel489" value="false"/>
		<feat xlink:href="#sDomRel490" value="false"/>
		<feat xlink:href="#sDomRel491" value="false"/>
		<feat xlink:href="#sDomRel492" value="false"/>
		<feat xlink:href="#sDomRel493" value="false"/>
		<feat xlink:href="#sDomRel495" value="false"/>
		<feat xlink:href="#sDomRel503" value="false"/>
		<feat xlink:href="#sDomRel504" value="false"/>
		<feat xlink:href="#sDomRel506" value="false"/>
		<feat xlink:href="#sDomRel507" value="false"/>
		<feat xlink:href="#sDomRel509" value="false"/>
		<feat xlink:href="#sDomRel510" value="false"/>
		<feat xlink:href="#sDomRel512" value="false"/>
		<feat xlink:href="#sDomRel513" value="false"/>
		<feat xlink:href="#sDomRel515" value="false"/>
		<feat xlink:href="#sDomRel516" value="false"/>
		<feat xlink:href="#sDomRel517" value="false"/>
		<feat xlink:href="#sDomRel521" value="false"/>
		<feat xlink:href="#sDomRel522" value="false"/>
		<feat xlink:href="#sDomRel524" value="false"/>
		<feat xlink:href="#sDomRel526" value="false"/>
		<feat xlink:href="#sDomRel527" value="false"/>
		<feat xlink:href="#sDomRel528" value="false"/>
		<feat xlink:href="#sDomRel529" value="false"/>
		<feat xlink:href="#sDomRel531" value="false"/>
		<feat xlink:href="#sDomRel533" value="false"/>
		<feat xlink:href="#sDomRel535" value="false"/>
		<feat xlink:href="#sDomRel537" value="false"/>
		<feat xlink:href="#sDomRel538" value="false"/>
		<feat xlink:href="#sDomRel540" value="false"/>
		<feat xlink:href="#sDomRel541" value="false"/>
		<feat xlink:href="#sDomRel542" value="false"/>
		<feat xlink:href="#sDomRel544" value="false"/>
		<feat xlink:href="#sDomRel546" value="false"/>
		<feat xlink:href="#sDomRel550" value="false"/>
		<feat xlink:href="#sDomRel555" value="false"/>
		<feat xlink:href="#sDomRel557" value="false"/>
		<feat xlink:href="#sDomRel558" value="false"/>
		<feat xlink:href="#sDomRel560" value="false"/>
		<feat xlink:href="#sDomRel561" value="false"/>
		<feat xlink:href="#sDomRel562" value="false"/>
		<feat xlink:href="#sDomRel567" value="false"/>
		<feat xlink:href="#sDomRel569" value="false"/>
		<feat xlink:href="#sDomRel570" value="false"/>
		<feat xlink:href="#sDomRel572" value="false"/>
		<feat xlink:href="#sDomRel573" value="false"/>
		<feat xlink:href="#sDomRel575" value="false"/>
		<feat xlink:href="#sDomRel585" value="false"/>
		<feat xlink:href="#sDomRel589" value="false"/>
		<feat xlink:href="#sDomRel590" value="false"/>
		<feat xlink:href="#sDomRel591" value="false"/>
		<feat xlink:href="#sDomRel592" value="false"/>
		<feat xlink:href="#sDomRel594" value="false"/>
		<feat xlink:href="#sDomRel597" value="false"/>
		<feat xlink:href="#sDomRel598" value="false"/>
		<feat xlink:href="#sDomRel603" value="false"/>
		<feat xlink:href="#sDomRel604" value="false"/>
		<feat xlink:href="#sDomRel605" value="false"/>
		<feat xlink:href="#sDomRel606" value="false"/>
		<feat xlink:href="#sDomRel607" value="false"/>
		<feat xlink:href="#sDomRel608" value="false"/>
		<feat xlink:href="#sDomRel609" value="false"/>
		<feat xlink:href="#sDomRel611" value="false"/>
		<feat xlink:href="#sDomRel617" value="false"/>
		<feat xlink:href="#sDomRel618" value="false"/>
		<feat xlink:href="#sDomRel619" value="false"/>
		<feat xlink:href="#sDomRel620" value="false"/>
		<feat xlink:href="#sDomRel621" value="false"/>
		<feat xlink:href="#sDomRel622" value="false"/>
		<feat xlink:href="#sDomRel628" value="false"/>
		<feat xlink:href="#sDomRel629" value="false"/>
		<feat xlink:href="#sDomRel633" value="false"/>
		<feat xlink:href="#sDomRel635" value="false"/>
		<feat xlink:href="#sDomRel636" value="false"/>
		<feat xlink:href="#sDomRel638" value="false"/>
		<feat xlink:href="#sDomRel640" value="false"/>
		<feat xlink:href="#sDomRel642" value="false"/>
		<feat xlink:href="#sDomRel643" value="false"/>
		<feat xlink:href="#sDomRel644" value="false"/>
		<feat xlink:href="#sDomRel646" value="false"/>
		<feat xlink:href="#sDomRel656" value="false"/>
		<feat xlink:href="#sDomRel658" value="false"/>
		<feat xlink:href="#sDomRel659" value="false"/>
		<feat xlink:href="#sDomRel661" value="false"/>
		<feat xlink:href="#sDomRel662" value="false"/>
		<feat xlink:href="#sDomRel663" value="false"/>
		<feat xlink:href="#sDomRel664" value="false"/>
		<feat xlink:href="#sDomRel665" value="false"/>
		<feat xlink:href="#sDomRel667" value="false"/>
		<feat xlink:href="#sDomRel668" value="false"/>
		<feat xlink:href="#sDomRel669" value="false"/>
		<feat xlink:href="#sDomRel670" value="false"/>
		<feat xlink:href="#sDomRel672" value="false"/>
		<feat xlink:href="#sDomRel679" value="false"/>
		<feat xlink:href="#sDomRel686" value="false"/>
		<feat xlink:href="#sDomRel687" value="false"/>
		<feat xlink:href="#sDomRel689" value="false"/>
		<feat xlink:href="#sDomRel691" value="false"/>
		<feat xlink:href="#sDomRel692" value="false"/>
		<feat xlink:href="#sDomRel694" value="false"/>
		<feat xlink:href="#sDomRel695" value="false"/>
		<feat xlink:href="#sDomRel696" value="false"/>
		<feat xlink:href="#sDomRel697" value="false"/>
		<feat xlink:href="#sDomRel698" value="false"/>
		<feat xlink:href="#sDomRel700" value="false"/>
		<feat xlink:href="#sDomRel702" value="false"/>
		<feat xlink:href="#sDomRel703" value="false"/>
		<feat xlink:href="#sDomRel704" value="false"/>
		<feat xlink:href="#sDomRel706" value="false"/>
		<feat xlink:href="#sDomRel709" value="false"/>
		<feat xlink:href="#sDomRel710" value="false"/>
		<feat xlink:href="#sDomRel712" value="false"/>
		<feat xlink:href="#sDomRel717" value="false"/>
		<feat xlink:href="#sDomRel718" value="false"/>
		<feat xlink:href="#sDomRel719" value="false"/>
		<feat xlink:href="#sDomRel720" value="false"/>
		<feat xlink:href="#sDomRel722" value="false"/>
		<feat xlink:href="#sDomRel733" value="false"/>
		<feat xlink:href="#sDomRel734" value="false"/>
		<feat xlink:href="#sDomRel735" value="false"/>
		<feat xlink:href="#sDomRel737" value="false"/>
		<feat xlink:href="#sDomRel739" value="false"/>
		<feat xlink:href="#sDomRel740" value="false"/>
		<feat xlink:href="#sDomRel741" value="false"/>
		<feat xlink:href="#sDomRel743" value="false"/>
		<feat xlink:href="#sDomRel744" value="false"/>
		<feat xlink:href="#sDomRel746" value="false"/>
		<feat xlink:href="#sDomRel749" value="false"/>
		<feat xlink:href="#sDomRel750" value="false"/>
		<feat xlink:href="#sDomRel752" value="false"/>
		<feat xlink:href="#sDomRel758" value="false"/>
		<feat xlink:href="#sDomRel760" value="false"/>
		<feat xlink:href="#sDomRel761" value="false"/>
		<feat xlink:href="#sDomRel763" value="false"/>
		<feat xlink:href="#sDomRel764" value="false"/>
		<feat xlink:href="#sDomRel766" value="false"/>
		<feat xlink:href="#sDomRel767" value="false"/>
		<feat xlink:href="#sDomRel768" value="false"/>
		<feat xlink:href="#sDomRel769" value="false"/>
		<feat xlink:href="#sDomRel774" value="false"/>
		<feat xlink:href="#sDomRel775" value="false"/>
		<feat xlink:href="#sDomRel779" value="false"/>
		<feat xlink:href="#sDomRel781" value="false"/>
		<feat xlink:href="#sDomRel782" value="false"/>
		<feat xlink:href="#sDomRel786" value="false"/>
		<feat xlink:href="#sDomRel788" value="false"/>
		<feat xlink:href="#sDomRel790" value="false"/>
		<feat xlink:href="#sDomRel792" value="false"/>
		<feat xlink:href="#sDomRel794" value="false"/>
		<feat xlink:href="#sDomRel796" value="false"/>
		<feat xlink:href="#sDomRel800" value="false"/>
		<feat xlink:href="#sDomRel801" value="false"/>
		<feat xlink:href="#sDomRel802" value="false"/>
		<feat xlink:href="#sDomRel803" value="false"/>
		<feat xlink:href="#sDomRel806" value="false"/>
		<feat xlink:href="#sDomRel807" value="false"/>
		<feat xlink:href="#sDomRel809" value="false"/>
		<feat xlink:href="#sDomRel810" value="false"/>
		<feat xlink:href="#sDomRel811" value="false"/>
		<feat xlink:href="#sDomRel813" value="false"/>
		<feat xlink:href="#sDomRel815" value="false"/>
		<feat xlink:href="#sDomRel820" value="false"/>
		<feat xlink:href="#sDomRel821" value="false"/>
		<feat xlink:href="#sDomRel822" value="false"/>
		<feat xlink:href="#sDomRel829" value="false"/>
		<feat xlink:href="#sDomRel831" value="false"/>
		<feat xlink:href="#sDomRel832" value="false"/>
		<feat xlink:href="#sDomRel833" value="false"/>
		<feat xlink:href="#sDomRel839" value="false"/>
		<feat xlink:href="#sDomRel840" value="false"/>
		<feat xlink:href="#sDomRel841" value="false"/>
		<feat xlink:href="#sDomRel843" value="false"/>
		<feat xlink:href="#sDomRel845" value="false"/>
		<feat xlink:href="#sDomRel846" value="false"/>
		<feat xlink:href="#sDomRel847" value="false"/>
		<feat xlink:href="#sDomRel848" value="false"/>
		<feat xlink:href="#sDomRel851" value="false"/>
		<feat xlink:href="#sDomRel852" value="false"/>
		<feat xlink:href="#sDomRel853" value="false"/>
		<feat xlink:href="#sDomRel855" value="false"/>
		<feat xlink:href="#sDomRel864" value="false"/>
		<feat xlink:href="#sDomRel865" value="false"/>
		<feat xlink:href="#sDomRel866" value="false"/>
		<feat xlink:href="#sDomRel868" value="false"/>
		<feat xlink:href="#sDomRel870" value="false"/>
		<feat xlink:href="#sDomRel871" value="false"/>
		<feat xlink:href="#sDomRel872" value="false"/>
		<feat xlink:href="#sDomRel874" value="false"/>
		<feat xlink:href="#sDomRel876" value="false"/>
		<feat xlink:href="#sDomRel877" value="false"/>
		<feat xlink:href="#sDomRel880" value="false"/>
		<feat xlink:href="#sDomRel882" value="false"/>
		<feat xlink:href="#sDomRel884" value="false"/>
		<feat xlink:href="#sDomRel886" value="false"/>
		<feat xlink:href="#sDomRel887" value="false"/>
		<feat xlink:href="#sDomRel889" value="false"/>
		<feat xlink:href="#sDomRel892" value="false"/>
		<feat xlink:href="#sDomRel893" value="false"/>
		<feat xlink:href="#sDomRel895" value="false"/>
		<feat xlink:href="#sDomRel896" value="false"/>
		<feat xlink:href="#sDomRel897" value="false"/>
		<feat xlink:href="#sDomRel899" value="false"/>
		<feat xlink:href="#sDomRel906" value="false"/>
		<feat xlink:href="#sDomRel907" value="false"/>
		<feat xlink:href="#sDomRel908" value="false"/>
		<feat xlink:href="#sDomRel910" value="false"/>
		<feat xlink:href="#sDomRel911" value="false"/>
		<feat xlink:href="#sDomRel913" value="false"/>
		<feat xlink:href="#sDomRel915" value="false"/>
		<feat xlink:href="#sDomRel920" value="false"/>
		<feat xlink:href="#sDomRel925" value="false"/>
		<feat xlink:href="#sDomRel927" value="false"/>
		<feat xlink:href="#sDomRel928" value="false"/>
		<feat xlink:href="#sDomRel929" value="false"/>
		<feat xlink:href="#sDomRel930" value="false"/>
		<feat xlink:href="#sDomRel931" value="false"/>
		<feat xlink:href="#sDomRel935" value="false"/>
		<feat xlink:href="#sDomRel936" value="false"/>
		<feat xlink:href="#sDomRel945" value="false"/>
		<feat xlink:href="#sDomRel947" value="false"/>
		<feat xlink:href="#sDomRel949" value="false"/>
		<feat xlink:href="#sDomRel951" value="false"/>
		<feat xlink:href="#sDomRel952" value="false"/>
		<feat xlink:href="#sDomRel953" value="false"/>
		<feat xlink:href="#sDomRel955" value="false"/>
		<feat xlink:href="#sDomRel965" value="false"/>
		<feat xlink:href="#sDomRel966" value="false"/>
		<feat xlink:href="#sDomRel967" value="false"/>
		<feat xlink:href="#sDomRel971" value="false"/>
		<feat xlink:href="#sDomRel972" value="false"/>
		<feat xlink:href="#sDomRel974" value="false"/>
		<feat xlink:href="#sDomRel976" value="false"/>
		<feat xlink:href="#sDomRel978" value="false"/>
		<feat xlink:href="#sDomRel980" value="false"/>
		<feat xlink:href="#sDomRel981" value="false"/>
		<feat xlink:href="#sDomRel982" value="false"/>
		<feat xlink:href="#sDomRel986" value="false"/>
		<feat xlink:href="#sDomRel989" value="false"/>
		<feat xlink:href="#sDomRel990" value="false"/>
		<feat xlink:href="#sDomRel991" value="false"/>
		<feat xlink:href="#sDomRel992" value="false"/>
		<feat xlink:href="#sDomRel994" value="false"/>
		<feat xlink:href="#sDomRel1000" value="false"/>
		<feat xlink:href="#sDomRel1003" value="false"/>
		<feat xlink:href="#sDomRel1005" value="false"/>
		<feat xlink:href="#sDomRel1011" value="false"/>
		<feat xlink:href="#sDomRel1012" value="false"/>
		<feat xlink:href="#sDomRel1013" value="false"/>
		<feat xlink:href="#sDomRel1014" value="false"/>
		<feat xlink:href="#sDomRel1021" value="false"/>
		<feat xlink:href="#sDomRel1023" value="false"/>
		<feat xlink:href="#sDomRel1024" value="false"/>
		<feat xlink:href="#sDomRel1025" value="false"/>
		<feat xlink:href="#sDomRel1026" value="false"/>
		<feat xlink:href="#sDomRel1027" value="false"/>
		<feat xlink:href="#sDomRel1028" value="false"/>
		<feat xlink:href="#sDomRel1035" value="false"/>
		<feat xlink:href="#sDomRel1036" value="false"/>
		<feat xlink:href="#sDomRel1037" value="false"/>
		<feat xlink:href="#sDomRel1039" value="false"/>
		<feat xlink:href="#sDomRel1040" value="false"/>
		<feat xlink:href="#sDomRel1041" value="false"/>
		<feat xlink:href="#sDomRel1042" value="false"/>
		<feat xlink:href="#sDomRel1043" value="false"/>
		<feat xlink:href="#sDomRel1044" value="false"/>
		<feat xlink:href="#sDomRel1046" value="false"/>
		<feat xlink:href="#sDomRel1048" value="false"/>
		<feat xlink:href="#sDomRel1050" value="false"/>
		<feat xlink:href="#sDomRel1051" value="false"/>
		<feat xlink:href="#sDomRel1054" value="false"/>
		<feat xlink:href="#sDomRel1056" value="false"/>
		<feat xlink:href="#sDomRel1060" value="false"/>
		<feat xlink:href="#sDomRel1061" value="false"/>
		<feat xlink:href="#sDomRel1062" value="false"/>
		<feat xlink:href="#sDomRel1063" value="false"/>
		<feat xlink:href="#sDomRel1065" value="false"/>
		<feat xlink:href="#sDomRel1071" value="false"/>
		<feat xlink:href="#sDomRel1072" value="false"/>
		<feat xlink:href="#sDomRel1074" value="false"/>
		<feat xlink:href="#sDomRel1076" value="false"/>
		<feat xlink:href="#sDomRel1077" value="false"/>
		<feat xlink:href="#sDomRel1080" value="false"/>
		<feat xlink:href="#sDomRel1082" value="false"/>
		<feat xlink:href="#sDomRel1083" value="false"/>
		<feat xlink:href="#sDomRel1084" value="false"/>
		<feat xlink:href="#sDomRel1085" value="false"/>
		<feat xlink:href="#sDomRel1088" value="false"/>
		<feat xlink:href="#sDomRel1089" value="false"/>
		<feat xlink:href="#sDomRel1091" value="false"/>
		<feat xlink:href="#sDomRel1092" value="false"/>
		<feat xlink:href="#sDomRel1094" value="false"/>
		<feat xlink:href="#sDomRel1095" value="false"/>
		<feat xlink:href="#sDomRel1096" value="false"/>
		<feat xlink:href="#sDomRel1098" value="false"/>
		<feat xlink:href="#sDomRel1103" value="false"/>
		<feat xlink:href="#sDomRel1104" value="false"/>
		<feat xlink:href="#sDomRel1105" value="false"/>
		<feat xlink:href="#sDomRel1112" value="false"/>
		<feat xlink:href="#sDomRel1114" value="false"/>
		<feat xlink:href="#sDomRel1115" value="false"/>
		<feat xlink:href="#sDomRel1117" value="false"/>
		<feat xlink:href="#sDomRel1118" value="false"/>
		<feat xlink:href="#sDomRel1120" value="false"/>
		<feat xlink:href="#sDomRel1121" value="false"/>
		<feat xlink:href="#sDomRel1122" value="false"/>
		<feat xlink:href="#sDomRel1123" value="false"/>
		<feat xlink:href="#sDomRel1124" value="false"/>
		<feat xlink:href="#sDomRel1126" value="false"/>
		<feat xlink:href="#sDomRel1128" value="false"/>
		<feat xlink:href="#sDomRel1129" value="false"/>
		<feat xlink:href="#sDomRel1130" value="false"/>
		<feat xlink:href="#sDomRel1132" value="false"/>
		<feat xlink:href="#sDomRel1134" value="false"/>
		<feat xlink:href="#sDomRel1139" value="false"/>
		<feat xlink:href="#sDomRel1141" value="false"/>
		<feat xlink:href="#sDomRel1142" value="false"/>
		<feat xlink:href="#sDomRel1143" value="false"/>
		<feat xlink:href="#sDomRel1144" value="false"/>
		<feat xlink:href="#sDomRel1146" value="false"/>
		<feat xlink:href="#sDomRel1148" value="false"/>
		<feat xlink:href="#sDomRel1149" value="false"/>
		<feat xlink:href="#sDomRel1151" value="false"/>
		<feat xlink:href="#sDomRel1156" value="false"/>
		<feat xlink:href="#sDomRel1157" value="false"/>
		<feat xlink:href="#sDomRel1158" value="false"/>
		<feat xlink:href="#sDomRel1159" value="false"/>
		<feat xlink:href="#sDomRel1160" value="false"/>
		<feat xlink:href="#sDomRel1162" value="false"/>
		<feat xlink:href="#sDomRel1164" value="false"/>
		<feat xlink:href="#sDomRel1166" value="false"/>
		<feat xlink:href="#sDomRel1167" value="false"/>
		<feat xlink:href="#sDomRel1171" value="false"/>
		<feat xlink:href="#sDomRel1172" value="false"/>
		<feat xlink:href="#sDomRel1174" value="false"/>
		<feat xlink:href="#sDomRel1181" value="false"/>
		<feat xlink:href="#sDomRel1183" value="false"/>
		<feat xlink:href="#sDomRel1185" value="false"/>
		<feat xlink:href="#sDomRel1186" value="false"/>
		<feat xlink:href="#sDomRel1188" value="false"/>
		<feat xlink:href="#sDomRel1189" value="false"/>
		<feat xlink:href="#sDomRel1190" value="false"/>
		<feat xlink:href="#sDomRel1192" value="false"/>
		<feat xlink:href="#sDomRel1196" value="false"/>
		<feat xlink:href="#sDomRel1199" value="false"/>
		<feat xlink:href="#sDomRel1200" value="false"/>
		<feat xlink:href="#sDomRel1201" value="false"/>
		<feat xlink:href="#sDomRel1206" value="false"/>
		<feat xlink:href="#sDomRel1207" value="false"/>
		<feat xlink:href="#sDomRel1209" value="false"/>
		<feat xlink:href="#sDomRel1210" value="false"/>
		<feat xlink:href="#sDomRel1211" value="false"/>
		<feat xlink:href="#sDomRel1212" value="false"/>
		<feat xlink:href="#sDomRel1214" value="false"/>
		<feat xlink:href="#sDomRel1219" value="false"/>
		<feat xlink:href="#sDomRel1220" value="false"/>
		<feat xlink:href="#sDomRel1227" value="false"/>
		<feat xlink:href="#sDomRel1229" value="false"/>
		<feat xlink:href="#sDomRel1230" value="false"/>
		<feat xlink:href="#sDomRel1231" value="false"/>
		<feat xlink:href="#sDomRel1233" value="false"/>
		<feat xlink:href="#sDomRel1234" value="false"/>
		<feat xlink:href="#sDomRel1235" value="false"/>
		<feat xlink:href="#sDomRel1237" value="false"/>
		<feat xlink:href="#sDomRel1239" value="false"/>
		<feat xlink:href="#sDomRel1241" value="false"/>
		<feat xlink:href="#sDomRel1242" value="false"/>
		<feat xlink:href="#sDomRel1244" value="false"/>
		<feat xlink:href="#sDomRel1245" value="false"/>
		<feat xlink:href="#sDomRel1246" value="false"/>
		<feat xlink:href="#sDomRel1248" value="false"/>
		<feat xlink:href="#sDomRel1253" value="false"/>
		<feat xlink:href="#sDomRel1256" value="false"/>
		<feat xlink:href="#sDomRel1258" value="false"/>
		<feat xlink:href="#sDomRel1259" value="false"/>
		<feat xlink:href="#sDomRel1261" value="false"/>
		<feat xlink:href="#sDomRel1263" value="false"/>
		<feat xlink:href="#sDomRel1264" value="false"/>
		<feat xlink:href="#sDomRel1265" value="false"/>
		<feat xlink:href="#sDomRel1270" value="false"/>
		<feat xlink:href="#sDomRel1271" value="false"/>
		<feat xlink:href="#sDomRel1273" value="false"/>
		<feat xlink:href="#sDomRel1274" value="false"/>
		<feat xlink:href="#sDomRel1275" value="false"/>
		<feat xlink:href="#sDomRel1277" value="false"/>
		<feat xlink:href="#sDomRel1279" value="false"/>
		<feat xlink:href="#sDomRel1280" value="false"/>
		<feat xlink:href="#sDomRel1281" value="false"/>
		<feat xlink:href="#sDomRel1283" value="false"/>
		<feat xlink:href="#sDomRel1295" value="false"/>
		<feat xlink:href="#sDomRel1300" value="false"/>
		<feat xlink:href="#sDomRel1301" value="false"/>
		<feat xlink:href="#sDomRel1302" value="false"/>
		<feat xlink:href="#sDomRel1304" value="false"/>
		<feat xlink:href="#sDomRel1305" value="false"/>
		<feat xlink:href="#sDomRel1306" value="false"/>
		<feat xlink:href="#sDomRel1308" value="false"/>
		<feat xlink:href="#sDomRel1309" value="false"/>
		<feat xlink:href="#sDomRel1310" value="false"/>
		<feat xlink:href="#sDomRel1311" value="false"/>
		<feat xlink:href="#sDomRel1312" value="false"/>
		<feat xlink:href="#sDomRel1313" value="false"/>
		<feat xlink:href="#sDomRel1314" value="false"/>
		<feat xlink:href="#sDomRel1316" value="false"/>
		<feat xlink:href="#sDomRel1320" value="false"/>
		<feat xlink:href="#sDomRel1322" value="false"/>
		<feat xlink:href="#sDomRel1324" value="false"/>
		<feat xlink:href="#sDomRel1325" value="false"/>
		<feat xlink:href="#sDomRel1327" value="false"/>
		<feat xlink:href="#sDomRel1328" value="false"/>
		<feat xlink:href="#sDomRel1330" value="false"/>
		<feat xlink:href="#sDomRel1332" value="false"/>
		<feat xlink:href="#sDomRel1334" value="false"/>
		<feat xlink:href="#sDomRel1345" value="false"/>
		<feat xlink:href="#sDomRel1347" value="false"/>
		<feat xlink:href="#sDomRel1348" value="false"/>
		<feat xlink:href="#sDomRel1349" value="false"/>
		<feat xlink:href="#sDomRel1351" value="false"/>
		<feat xlink:href="#sDomRel1352" value="false"/>
		<feat xlink:href="#sDomRel1354" value="false"/>
		<feat xlink:href="#sDomRel1356" value="false"/>
		<feat xlink:href="#sDomRel1365" value="false"/>
		<feat xlink:href="#sDomRel1366" value="false"/>
		<feat xlink:href="#sDomRel1367" value="false"/>
		<feat xlink:href="#sDomRel1369" value="false"/>
		<feat xlink:href="#sDomRel1370" value="false"/>
		<feat xlink:href="#sDomRel1371" value="false"/>
		<feat xlink:href="#sDomRel1372" value="false"/>
		<feat xlink:href="#sDomRel1374" value="false"/>
		<feat xlink:href="#sDomRel1382" value="false"/>
		<feat xlink:href="#sDomRel1388" value="false"/>
		<feat xlink:href="#sDomRel1392" value="false"/>
		<feat xlink:href="#sDomRel1393" value="false"/>
		<feat xlink:href="#sDomRel1395" value="false"/>
		<feat xlink:href="#sDomRel1396" value="false"/>
		<feat xlink:href="#sDomRel1397" value="false"/>
		<feat xlink:href="#sDomRel1398" value="false"/>
		<feat xlink:href="#sDomRel1400" value="false"/>
		<feat xlink:href="#sDomRel1402" value="false"/>
		<feat xlink:href="#sDomRel1412" value="false"/>
		<feat xlink:href="#sDomRel1413" value="false"/>
		<feat xlink:href="#sDomRel1414" value="false"/>
		<feat xlink:href="#sDomRel1416" value="false"/>
		<feat xlink:href="#sDomRel1418" value="false"/>
		<feat xlink:href="#sDomRel1419" value="false"/>
		<feat xlink:href="#sDomRel1420" value="false"/>
		<feat xlink:href="#sDomRel1421" value="false"/>
		<feat xlink:href="#sDomRel1422" value="false"/>
		<feat xlink:href="#sDomRel1423" value="false"/>
		<feat xlink:href="#sDomRel1431" value="false"/>
		<feat xlink:href="#sDomRel1432" value="false"/>
		<feat xlink:href="#sDomRel1433" value="false"/>
		<feat xlink:href="#sDomRel1434" value="false"/>
		<feat xlink:href="#sDomRel1435" value="false"/>
		<feat xlink:href="#sDomRel1437" value="false"/>
		<feat xlink:href="#sDomRel1438" value="false"/>
		<feat xlink:href="#sDomRel1440" value="false"/>
		<feat xlink:href="#sDomRel1441" value="false"/>
		<feat xlink:href="#sDomRel1442" value="false"/>
		<feat xlink:href="#sDomRel1444" value="false"/>
		<feat xlink:href="#sDomRel1451" value="false"/>
		<feat xlink:href="#sDomRel1452" value="false"/>
		<feat xlink:href="#sDomRel1453" value="false"/>
		<feat xlink:href="#sDomRel1455" value="false"/>
		<feat xlink:href="#sDomRel1456" value="false"/>
		<feat xlink:href="#sDomRel1457" value="false"/>
		<feat xlink:href="#sDomRel1458" value="false"/>
		<feat xlink:href="#sDomRel1460" value="false"/>
		<feat xlink:href="#sDomRel1461" value="false"/>
		<feat xlink:href="#sDomRel1463" value="false"/>
		<feat xlink:href="#sDomRel1471" value="false"/>
		<feat xlink:href="#sDomRel1473" value="false"/>
		<feat xlink:href="#sDomRel1474" value="false"/>
		<feat xlink:href="#sDomRel1475" value="false"/>
		<feat xlink:href="#sDomRel1477" value="false"/>
		<feat xlink:href="#sDomRel1478" value="false"/>
		<feat xlink:href="#sDomRel1480" value="false"/>
		<feat xlink:href="#sDomRel1481" value="false"/>
		<feat xlink:href="#sDomRel1482" value="false"/>
		<feat xlink:href="#sDomRel1484" value="false"/>
		<feat xlink:href="#sDomRel1492" value="false"/>
		<feat xlink:href="#sDomRel1493" value="false"/>
		<feat xlink:href="#sDomRel1494" value="false"/>
		<feat xlink:href="#sDomRel1496" value="false"/>
		<feat xlink:href="#sDomRel1497" value="false"/>
		<feat xlink:href="#sDomRel1498" value="false"/>
		<feat xlink:href="#sDomRel1509" value="false"/>
		<feat xlink:href="#sDomRel1510" value="false"/>
		<feat xlink:href="#sDomRel1511" value="false"/>
		<feat xlink:href="#sDomRel1513" value="false"/>
		<feat xlink:href="#sDomRel1515" value="false"/>
		<feat xlink:href="#sDomRel1516" value="false"/>
		<feat xlink:href="#sDomRel1517" value="false"/>
		<feat xlink:href="#sDomRel1518" value="false"/>
		<feat xlink:href="#sDomRel1520" value="false"/>
		<feat xlink:href="#sDomRel1521" value="false"/>
		<feat xlink:href="#sDomRel1522" value="false"/>
		<feat xlink:href="#sDomRel1524" value="false"/>
		<feat xlink:href="#sDomRel1526" value="false"/>
		<feat xlink:href="#sDomRel1527" value="false"/>
		<feat xlink:href="#sDomRel1529" value="false"/>
		<feat xlink:href="#sDomRel1530" value="false"/>
		<feat xlink:href="#sDomRel1532" value="false"/>
		<feat xlink:href="#sDomRel1539" value="false"/>
		<feat xlink:href="#sDomRel1541" value="false"/>
		<feat xlink:href="#sDomRel1543" value="false"/>
		<feat xlink:href="#sDomRel1544" value="false"/>
		<feat xlink:href="#sDomRel1545" value="false"/>
		<feat xlink:href="#sDomRel1546" value="false"/>
		<feat xlink:href="#sDomRel1548" value="false"/>
		<feat xlink:href="#sDomRel1559" value="false"/>
		<feat xlink:href="#sDomRel1561" value="false"/>
		<feat xlink:href="#sDomRel1565" value="false"/>
		<feat xlink:href="#sDomRel1567" value="false"/>
		<feat xlink:href="#sDomRel1569" value="false"/>
		<feat xlink:href="#sDomRel1570" value="false"/>
		<feat xlink:href="#sDomRel1571" value="false"/>
		<feat xlink:href="#sDomRel1572" value="false"/>
		<feat xlink:href="#sDomRel1573" value="false"/>
		<feat xlink:href="#sDomRel1574" value="false"/>
		<feat xlink:href="#sDomRel1576" value="false"/>
		<feat xlink:href="#sDomRel1578" value="false"/>
		<feat xlink:href="#sDomRel1579" value="false"/>
		<feat xlink:href="#sDomRel1581" value="false"/>
		<feat xlink:href="#sDomRel1582" value="false"/>
		<feat xlink:href="#sDomRel1584" value="false"/>
		<feat xlink:href="#sDomRel1586" value="false"/>
		<feat xlink:href="#sDomRel1587" value="false"/>
		<feat xlink:href="#sDomRel1589" value="false"/>
		<feat xlink:href="#sDomRel1590" value="false"/>
		<feat xlink:href="#sDomRel1592" value="false"/>
		<feat xlink:href="#sDomRel1593" value="false"/>
		<feat xlink:href="#sDomRel1595" value="false"/>
		<feat xlink:href="#sDomRel1600" value="false"/>
		<feat xlink:href="#sDomRel1606" value="false"/>
		<feat xlink:href="#sDomRel1609" value="false"/>
		<feat xlink:href="#sDomRel1611" value="false"/>
		<feat xlink:href="#sDomRel1612" value="false"/>
		<feat xlink:href="#sDomRel1613" value="false"/>
		<feat xlink:href="#sDomRel1614" value="false"/>
		<feat xlink:href="#sDomRel1616" value="false"/>
		<feat xlink:href="#sDomRel1618" value="false"/>
		<feat xlink:href="#sDomRel1619" value="false"/>
		<feat xlink:href="#sDomRel1620" value="false"/>
		<feat xlink:href="#sDomRel1622" value="false"/>
		<feat xlink:href="#sDomRel1623" value="false"/>
		<feat xlink:href="#sDomRel1624" value="false"/>
		<feat xlink:href="#sDomRel1628" value="false"/>
		<feat xlink:href="#sDomRel1630" value="false"/>
		<feat xlink:href="#sDomRel1636" value="false"/>
		<feat xlink:href="#sDomRel1637" value="false"/>
		<feat xlink:href="#sDomRel1639" value="false"/>
		<feat xlink:href="#sDomRel1641" value="false"/>
		<feat xlink:href="#sDomRel1642" value="false"/>
		<feat xlink:href="#sDomRel1643" value="false"/>
		<feat xlink:href="#sDomRel1645" value="false"/>
		<feat xlink:href="#sDomRel1646" value="false"/>
		<feat xlink:href="#sDomRel1648" value="false"/>
		<feat xlink:href="#sDomRel1650" value="false"/>
		<feat xlink:href="#sDomRel1651" value="false"/>
		<feat xlink:href="#sDomRel1653" value="false"/>
		<feat xlink:href="#sDomRel1655" value="false"/>
		<feat xlink:href="#sDomRel1656" value="false"/>
		<feat xlink:href="#sDomRel1657" value="false"/>
		<feat xlink:href="#sDomRel1659" value="false"/>
		<feat xlink:href="#sDomRel1666" value="false"/>
		<feat xlink:href="#sDomRel1667" value="false"/>
		<feat xlink:href="#sDomRel1668" value="false"/>
		<feat xlink:href="#sDomRel1674" value="false"/>
		<feat xlink:href="#sDomRel1676" value="false"/>
		<feat xlink:href="#sDomRel1677" value="false"/>
		<feat xlink:href="#sDomRel1678" value="false"/>
		<feat xlink:href="#sDomRel1679" value="false"/>
		<feat xlink:href="#sDomRel1687" value="false"/>
		<feat xlink:href="#sDomRel1688" value="false"/>
		<feat xlink:href="#sDomRel1689" value="false"/>
		<feat xlink:href="#sDomRel1690" value="false"/>
		<feat xlink:href="#sDomRel1692" value="false"/>
		<feat xlink:href="#sDomRel1694" value="false"/>
		<feat xlink:href="#sDomRel1695" value="false"/>
		<feat xlink:href="#sDomRel1696" value="false"/>
		<feat xlink:href="#sDomRel1697" value="false"/>
		<feat xlink:href="#sDomRel1698" value="false"/>
		<feat xlink:href="#sDomRel1700" value="false"/>
		<feat xlink:href="#sDomRel1701" value="false"/>
		<feat xlink:href="#sDomRel1702" value="false"/>
		<feat xlink:href="#sDomRel1703" value="false"/>
		<feat xlink:href="#sDomRel1705" value="false"/>
		<feat xlink:href="#sDomRel1707" value="false"/>
		<feat xlink:href="#sDomRel1711" value="false"/>
		<feat xlink:href="#sDomRel1717" value="false"/>
		<feat xlink:href="#sDomRel1719" value="false"/>
		<feat xlink:href="#sDomRel1720" value="false"/>
		<feat xlink:href="#sDomRel1721" value="false"/>
		<feat xlink:href="#sDomRel1722" value="false"/>
		<feat xlink:href="#sDomRel1723" value="false"/>
		<feat xlink:href="#sDomRel1729" value="false"/>
		<feat xlink:href="#sDomRel1731" value="false"/>
		<feat xlink:href="#sDomRel1732" value="false"/>
		<feat xlink:href="#sDomRel1734" value="false"/>
		<feat xlink:href="#sDomRel1739" value="false"/>
		<feat xlink:href="#sDomRel1741" value="false"/>
		<feat xlink:href="#sDomRel1742" value="false"/>
		<feat xlink:href="#sDomRel1743" value="false"/>
		<feat xlink:href="#sDomRel1745" value="false"/>
		<feat xlink:href="#sDomRel1746" value="false"/>
		<feat xlink:href="#sDomRel1747" value="false"/>
		<feat xlink:href="#sDomRel1748" value="false"/>
		<feat xlink:href="#sDomRel1749" value="false"/>
		<feat xlink:href="#sDomRel1751" value="false"/>
		<feat xlink:href="#sDomRel1754" value="false"/>
		<feat xlink:href="#sDomRel1758" value="false"/>
		<feat xlink:href="#sDomRel1759" value="false"/>
		<feat xlink:href="#sDomRel1761" value="false"/>
		<feat xlink:href="#sDomRel1765" value="false"/>
		<feat xlink:href="#sDomRel1767" value="false"/>
		<feat xlink:href="#sDomRel1768" value="false"/>
		<feat xlink:href="#sDomRel1770" value="false"/>
		<feat xlink:href="#sDomRel1771" value="false"/>
		<feat xlink:href="#sDomRel1773" value="false"/>
		<feat xlink:href="#sDomRel1775" value="false"/>
		<feat xlink:href="#sDomRel1781" value="false"/>
		<feat xlink:href="#sDomRel1783" value="false"/>
		<feat xlink:href="#sDomRel1785" value="false"/>
		<feat xlink:href="#sDomRel1786" value="false"/>
		<feat xlink:href="#sDomRel1788" value="false"/>
		<feat xlink:href="#sDomRel1789" value="false"/>
		<feat xlink:href="#sDomRel1790" value="false"/>
		<feat xlink:href="#sDomRel1792" value="false"/>
		<feat xlink:href="#sDomRel1796" value="false"/>
		<feat xlink:href="#sDomRel1797" value="false"/>
		<feat xlink:href="#sDomRel1800" value="false"/>
		<feat xlink:href="#sDomRel1802" value="false"/>
		<feat xlink:href="#sDomRel1804" value="false"/>
		<feat xlink:href="#sDomRel1806" value="false"/>
		<feat xlink:href="#sDomRel1807" value="false"/>
		<feat xlink:href="#sDomRel1808" value="false"/>
		<feat xlink:href="#sDomRel1810" value="false"/>
		<feat xlink:href="#sDomRel1815" value="false"/>
		<feat xlink:href="#sDomRel1816" value="false"/>
		<feat xlink:href="#sDomRel1818" value="false"/>
		<feat xlink:href="#sDomRel1819" value="false"/>
		<feat xlink:href="#sDomRel1821" value="false"/>
		<feat xlink:href="#sDomRel1826" value="false"/>
		<feat xlink:href="#sDomRel1827" value="false"/>
		<feat xlink:href="#sDomRel1828" value="false"/>
		<feat xlink:href="#sDomRel1833" value="false"/>
		<feat xlink:href="#sDomRel1834" value="false"/>
		<feat xlink:href="#sDomRel1835" value="false"/>
		<feat xlink:href="#sDomRel1836" value="false"/>
		<feat xlink:href="#sDomRel1838" value="false"/>
		<feat xlink:href="#sDomRel1840" value="false"/>
		<feat xlink:href="#sDomRel1848" value="false"/>
		<feat xlink:href="#sDomRel1850" value="false"/>
		<feat xlink:href="#sDomRel1852" value="false"/>
		<feat xlink:href="#sDomRel1853" value="false"/>
		<feat xlink:href="#sDomRel1855" value="false"/>
		<feat xlink:href="#sDomRel1856" value="false"/>
		<feat xlink:href="#sDomRel1858" value="false"/>
		<feat xlink:href="#sDomRel1859" value="false"/>
		<feat xlink:href="#sDomRel1861" value="false"/>
		<feat xlink:href="#sDomRel1863" value="false"/>
		<feat xlink:href="#sDomRel1864" value="false"/>
		<feat xlink:href="#sDomRel1865" value="false"/>
		<feat xlink:href="#sDomRel1867" value="false"/>
		<feat xlink:href="#sDomRel1874" value="false"/>
		<feat xlink:href="#sDomRel1876" value="false"/>
		<feat xlink:href="#sDomRel1877" value="false"/>
		<feat xlink:href="#sDomRel1878" value="false"/>
		<feat xlink:href="#sDomRel1885" value="false"/>
		<feat xlink:href="#sDomRel1887" value="false"/>
		<feat xlink:href="#sDomRel1888" value="false"/>
		<feat xlink:href="#sDomRel1890" value="false"/>
		<feat xlink:href="#sDomRel1891" value="false"/>
		<feat xlink:href="#sDomRel1892" value="false"/>
		<feat xlink:href="#sDomRel1893" value="false"/>
		<feat xlink:href="#sDomRel1894" value="false"/>
		<feat xlink:href="#sDomRel1896" value="false"/>
		<feat xlink:href="#sDomRel1898" value="false"/>
		<feat xlink:href="#sDomRel1901" value="false"/>
		<feat xlink:href="#sDomRel1903" value="false"/>
		<feat xlink:href="#sDomRel1904" value="false"/>
		<feat xlink:href="#sDomRel1905" value="false"/>
		<feat xlink:href="#sDomRel1908" value="false"/>
		<feat xlink:href="#sDomRel1913" value="false"/>
		<feat xlink:href="#sDomRel1914" value="false"/>
		<feat xlink:href="#sDomRel1915" value="false"/>
		<feat xlink:href="#sDomRel1917" value="false"/>
		<feat xlink:href="#sDomRel1926" value="false"/>
		<feat xlink:href="#sDomRel1928" value="false"/>
		<feat xlink:href="#sDomRel1930" value="false"/>
		<feat xlink:href="#sDomRel1932" value="false"/>
		<feat xlink:href="#sDomRel1937" value="false"/>
		<feat xlink:href="#sDomRel1942" value="false"/>
		<feat xlink:href="#sDomRel1943" value="false"/>
		<feat xlink:href="#sDomRel1944" value="false"/>
		<feat xlink:href="#sDomRel1949" value="false"/>
		<feat xlink:href="#sDomRel1952" value="false"/>
		<feat xlink:href="#sDomRel1953" value="false"/>
		<feat xlink:href="#sDomRel1954" value="false"/>
		<feat xlink:href="#sDomRel1956" value="false"/>
		<feat xlink:href="#sDomRel1958" value="false"/>
		<feat xlink:href="#sDomRel1959" value="false"/>
		<feat xlink:href="#sDomRel1960" value="false"/>
		<feat xlink:href="#sDomRel1962" value="false"/>
		<feat xlink:href="#sDomRel1964" value="false"/>
		<feat xlink:href="#sDomRel1977" value="false"/>
		<feat xlink:href="#sDomRel1978" value="false"/>
		<feat xlink:href="#sDomRel1979" value="false"/>
		<feat xlink:href="#sDomRel1981" value="false"/>
		<feat xlink:href="#sDomRel1982" value="false"/>
		<feat xlink:href="#sDomRel1984" value="false"/>
		<feat xlink:href="#sDomRel1986" value="false"/>
		<feat xlink:href="#sDomRel1987" value="false"/>
		<feat xlink:href="#sDomRel1989" value="false"/>
		<feat xlink:href="#sDomRel1990" value="false"/>
		<feat xlink:href="#sDomRel1991" value="false"/>
		<feat xlink:href="#sDomRel1993" value="false"/>
		<feat xlink:href="#sDomRel1995" value="false"/>
		<feat xlink:href="#sDomRel1996" value="false"/>
		<feat xlink:href="#sDomRel1998" value="false"/>
		<feat xlink:href="#sDomRel1999" value="false"/>
		<feat xlink:href="#sDomRel2001" value="false"/>
		<feat xlink:href="#sDomRel2003" value="false"/>
		<feat xlink:href="#sDomRel2004" value="false"/>
		<feat xlink:href="#sDomRel2005" value="false"/>
		<feat xlink:href="#sDomRel2006" value="false"/>
		<feat xlink:href="#sDomRel2008" value="false"/>
		<feat xlink:href="#sDomRel2012" value="false"/>
		<feat xlink:href="#sDomRel2013" value="false"/>
		<feat xlink:href="#sDomRel2014" value="false"/>
		<feat xlink:href="#sDomRel2023" value="false"/>
		<feat xlink:href="#sDomRel2024" value="false"/>
		<feat xlink:href="#sDomRel2025" value="false"/>
		<feat xlink:href="#sDomRel2026" value="false"/>
		<feat xlink:href="#sDomRel2027" value="false"/>
		<feat xlink:href="#sDomRel2028" value="false"/>
		<feat xlink:href="#sDomRel2030" value="false"/>
		<feat xlink:href="#sDomRel2032" value="false"/>
		<feat xlink:href="#sDomRel2033" value="false"/>
		<feat xlink:href="#sDomRel2035" value="false"/>
		<feat xlink:href="#sDomRel2036" value="false"/>
		<feat xlink:href="#sDomRel2037" value="false"/>
		<feat xlink:href="#sDomRel2038" value="false"/>
		<feat xlink:href="#sDomRel2039" value="false"/>
		<feat xlink:href="#sDomRel2041" value="false"/>
		<feat xlink:href="#sDomRel2043" value="false"/>
		<feat xlink:href="#sDomRel2047" value="false"/>
		<feat xlink:href="#sDomRel2052" value="false"/>
		<feat xlink:href="#sDomRel2054" value="false"/>
		<feat xlink:href="#sDomRel2055" value="false"/>
		<feat xlink:href="#sDomRel2057" value="false"/>
		<feat xlink:href="#sDomRel2059" value="false"/>
		<feat xlink:href="#sDomRel2065" value="false"/>
		<feat xlink:href="#sDomRel2066" value="false"/>
		<feat xlink:href="#sDomRel2067" value="false"/>
		<feat xlink:href="#sDomRel2069" value="false"/>
		<feat xlink:href="#sDomRel2073" value="false"/>
		<feat xlink:href="#sDomRel2078" value="false"/>
		<feat xlink:href="#sDomRel2079" value="false"/>
		<feat xlink:href="#sDomRel2080" value="false"/>
		<feat xlink:href="#sDomRel2082" value="false"/>
		<feat xlink:href="#sDomRel2084" value="false"/>
		<feat xlink:href="#sDomRel2085" value="false"/>
		<feat xlink:href="#sDomRel2087" value="false"/>
		<feat xlink:href="#sDomRel2088" value="false"/>
		<feat xlink:href="#sDomRel2089" value="false"/>
		<feat xlink:href="#sDomRel2091" value="false"/>
		<feat xlink:href="#sDomRel2093" value="false"/>
		<feat xlink:href="#sDomRel2094" value="false"/>
		<feat xlink:href="#sDomRel2096" value="false"/>
		<feat xlink:href="#sDomRel2097" value="false"/>
		<feat xlink:href="#sDomRel2099" value="false"/>
		<feat xlink:href="#sDomRel2102" value="false"/>
		<feat xlink:href="#sDomRel2103" value="false"/>
		<feat xlink:href="#sDomRel2104" value="false"/>
		<feat xlink:href="#sDomRel2106" value="false"/>
		<feat xlink:href="#sDomRel2112" value="false"/>
		<feat xlink:href="#sDomRel2117" value="false"/>
		<feat xlink:href="#sDomRel2118" value="false"/>
		<feat xlink:href="#sDomRel2119" value="false"/>
		<feat xlink:href="#sDomRel2121" value="false"/>
		<feat xlink:href="#sDomRel2123" value="false"/>
		<feat xlink:href="#sDomRel2124" value="false"/>
		<feat xlink:href="#sDomRel2125" value="false"/>
		<feat xlink:href="#sDomRel2126" value="false"/>
		<feat xlink:href="#sDomRel2128" value="false"/>
		<feat xlink:href="#sDomRel2130" value="false"/>
		<feat xlink:href="#sDomRel2131" value="false"/>
		<feat xlink:href="#sDomRel2133" value="false"/>
		<feat xlink:href="#sDomRel2135" value="false"/>
		<feat xlink:href="#sDomRel2136" value="false"/>
		<feat xlink:href="#sDomRel2137" value="false"/>
		<feat xlink:href="#sDomRel2139" value="false"/>
		<feat xlink:href="#sDomRel2148" value="false"/>
		<feat xlink:href="#sDomRel2149" value="false"/>
		<feat xlink:href="#sDomRel2150" value="false"/>
		<feat xlink:href="#sDomRel2152" value="false"/>
		<feat xlink:href="#sDomRel2156" value="false"/>
		<feat xlink:href="#sDomRel2157" value="false"/>
		<feat xlink:href="#sDomRel2158" value="false"/>
		<feat xlink:href="#sDomRel2160" value="false"/>
		<feat xlink:href="#sDomRel2162" value="false"/>
		<feat xlink:href="#sDomRel2163" value="false"/>
		<feat xlink:href="#sDomRel2164" value="false"/>
		<feat xlink:href="#sDomRel2166" value="false"/>
		<feat xlink:href="#sDomRel2167" value="false"/>
		<feat xlink:href="#sDomRel2169" value="false"/>
		<feat xlink:href="#sDomRel2175" value="false"/>
		<feat xlink:href="#sDomRel2177" value="false"/>
		<feat xlink:href="#sDomRel2179" value="false"/>
		<feat xlink:href="#sDomRel2180" value="false"/>
		<feat xlink:href="#sDomRel2181" value="false"/>
		<feat xlink:href="#sDomRel2183" value="false"/>
		<feat xlink:href="#sDomRel2186" value="false"/>
		<feat xlink:href="#sDomRel2192" value="false"/>
		<feat xlink:href="#sDomRel2198" value="false"/>
		<feat xlink:href="#sDomRel2199" value="false"/>
		<feat xlink:href="#sDomRel2200" value="false"/>
		<feat xlink:href="#sDomRel2202" value="false"/>
		<feat xlink:href="#sDomRel2203" value="false"/>
		<feat xlink:href="#sDomRel2204" value="false"/>
		<feat xlink:href="#sDomRel2206" value="false"/>
		<feat xlink:href="#sDomRel2209" value="false"/>
		<feat xlink:href="#sDomRel2213" value="false"/>
		<feat xlink:href="#sDomRel2215" value="false"/>
		<feat xlink:href="#sDomRel2217" value="false"/>
		<feat xlink:href="#sDomRel2218" value="false"/>
		<feat xlink:href="#sDomRel2219" value="false"/>
		<feat xlink:href="#sDomRel2221" value="false"/>
		<feat xlink:href="#sDomRel2226" value="false"/>
		<feat xlink:href="#sDomRel2227" value="false"/>
		<feat xlink:href="#sDomRel2229" value="false"/>
		<feat xlink:href="#sDomRel2230" value="false"/>
		<feat xlink:href="#sDomRel2232" value="false"/>
		<feat xlink:href="#sDomRel2241" value="false"/>
		<feat xlink:href="#sDomRel2242" value="false"/>
		<feat xlink:href="#sDomRel2244" value="false"/>
		<feat xlink:href="#sDomRel2245" value="false"/>
		<feat xlink:href="#sDomRel2246" value="false"/>
		<feat xlink:href="#sDomRel2248" value="false"/>
		<feat xlink:href="#sDomRel2252" value="false"/>
		<feat xlink:href="#sDomRel2254" value="false"/>
		<feat xlink:href="#sDomRel2259" value="false"/>
		<feat xlink:href="#sDomRel2261" value="false"/>
		<feat xlink:href="#sDomRel2262" value="false"/>
		<feat xlink:href="#sDomRel2264" value="false"/>
		<feat xlink:href="#sDomRel2265" value="false"/>
		<feat xlink:href="#sDomRel2267" value="false"/>
		<feat xlink:href="#sDomRel2268" value="false"/>
		<feat xlink:href="#sDomRel2269" value="false"/>
		<feat xlink:href="#sDomRel2271" value="false"/>
		<feat xlink:href="#sDomRel2272" value="false"/>
		<feat xlink:href="#sDomRel2274" value="false"/>
		<feat xlink:href="#sDomRel2275" value="false"/>
		<feat xlink:href="#sDomRel2277" value="false"/>
		<feat xlink:href="#sDomRel2279" value="false"/>
		<feat xlink:href="#sDomRel2286" value="false"/>
		<feat xlink:href="#sDomRel2287" value="false"/>
		<feat xlink:href="#sDomRel2288" value="false"/>
		<feat xlink:href="#sDomRel2295" value="false"/>
		<feat xlink:href="#sDomRel2296" value="false"/>
		<feat xlink:href="#sDomRel2297" value="false"/>
		<feat xlink:href="#sDomRel2298" value="false"/>
		<feat xlink:href="#sDomRel2303" value="false"/>
		<feat xlink:href="#sDomRel2304" value="false"/>
		<feat xlink:href="#sDomRel2305" value="false"/>
		<feat xlink:href="#sDomRel2306" value="false"/>
		<feat xlink:href="#sDomRel2307" value="false"/>
		<feat xlink:href="#sDomRel2309" value="false"/>
		<feat xlink:href="#sDomRel2311" value="false"/>
		<feat xlink:href="#sDomRel2312" value="false"/>
		<feat xlink:href="#sDomRel2314" value="false"/>
		<feat xlink:href="#sDomRel2315" value="false"/>
		<feat xlink:href="#sDomRel2316" value="false"/>
		<feat xlink:href="#sDomRel2317" value="false"/>
		<feat xlink:href="#sDomRel2319" value="false"/>
		<feat xlink:href="#sDomRel2321" value="false"/>
		<feat xlink:href="#sDomRel2322" value="false"/>
		<feat xlink:href="#sDomRel2323" value="false"/>
		<feat xlink:href="#sDomRel2325" value="false"/></featList></paula>