<?xml version='1.0' encoding='UTF-8'?><!DOCTYPE paula SYSTEM "paula_feat.dtd">
<paula version="1.1">
	<header paula_id="const.GENTLE_esports_fortnite.struct_cat"/>
	<featList xmlns:xlink="http://www.w3.org/1999/xlink" type="cat" xml:base="const.GENTLE_esports_fortnite.struct.xml">
		<feat xlink:href="#structure1" value="NP"/>
		<feat xlink:href="#structure2" value="PP"/>
		<feat xlink:href="#structure3" value="NP"/>
		<feat xlink:href="#structure4" value="ADJP"/>
		<feat xlink:href="#structure5" value="NP"/>
		<feat xlink:href="#structure6" value="VP"/>
		<feat xlink:href="#structure7" value="VP"/>
		<feat xlink:href="#structure8" value="S"/>
		<feat xlink:href="#structure9" value="SBAR"/>
		<feat xlink:href="#structure10" value="S"/>
		<feat xlink:href="#structure11" value="SBAR"/>
		<feat xlink:href="#structure12" value="NP"/>
		<feat xlink:href="#structure13" value="ADVP"/>
		<feat xlink:href="#structure14" value="VP"/>
		<feat xlink:href="#structure15" value="S"/>
		<feat xlink:href="#structure16" value="ROOT"/>
		<feat xlink:href="#structure17" value="QP"/>
		<feat xlink:href="#structure18" value="NP"/>
		<feat xlink:href="#structure19" value="NP"/>
		<feat xlink:href="#structure20" value="PP"/>
		<feat xlink:href="#structure21" value="NP"/>
		<feat xlink:href="#structure22" value="ADVP"/>
		<feat xlink:href="#structure23" value="NP"/>
		<feat xlink:href="#structure24" value="NP"/>
		<feat xlink:href="#structure25" value="NP"/>
		<feat xlink:href="#structure26" value="NP"/>
		<feat xlink:href="#structure27" value="NP"/>
		<feat xlink:href="#structure28" value="PP"/>
		<feat xlink:href="#structure29" value="NP"/>
		<feat xlink:href="#structure30" value="PP"/>
		<feat xlink:href="#structure31" value="PP"/>
		<feat xlink:href="#structure32" value="ADVP"/>
		<feat xlink:href="#structure33" value="NP"/>
		<feat xlink:href="#structure34" value="VP"/>
		<feat xlink:href="#structure35" value="FRAG"/>
		<feat xlink:href="#structure36" value="ROOT"/>
		<feat xlink:href="#structure37" value="NP"/>
		<feat xlink:href="#structure38" value="NP"/>
		<feat xlink:href="#structure39" value="NP"/>
		<feat xlink:href="#structure40" value="PP"/>
		<feat xlink:href="#structure41" value="NP"/>
		<feat xlink:href="#structure42" value="NP"/>
		<feat xlink:href="#structure43" value="NP"/>
		<feat xlink:href="#structure44" value="NP"/>
		<feat xlink:href="#structure45" value="NP"/>
		<feat xlink:href="#structure46" value="PP"/>
		<feat xlink:href="#structure47" value="NP"/>
		<feat xlink:href="#structure48" value="PP"/>
		<feat xlink:href="#structure49" value="VP"/>
		<feat xlink:href="#structure50" value="S"/>
		<feat xlink:href="#structure51" value="ROOT"/>
		<feat xlink:href="#structure52" value="NP"/>
		<feat xlink:href="#structure53" value="NP"/>
		<feat xlink:href="#structure54" value="PP"/>
		<feat xlink:href="#structure55" value="NP"/>
		<feat xlink:href="#structure56" value="PP"/>
		<feat xlink:href="#structure57" value="S"/>
		<feat xlink:href="#structure58" value="NP"/>
		<feat xlink:href="#structure59" value="NP"/>
		<feat xlink:href="#structure60" value="NP"/>
		<feat xlink:href="#structure61" value="NP"/>
		<feat xlink:href="#structure62" value="PP"/>
		<feat xlink:href="#structure63" value="NP"/>
		<feat xlink:href="#structure64" value="NP"/>
		<feat xlink:href="#structure65" value="NP"/>
		<feat xlink:href="#structure66" value="NP"/>
		<feat xlink:href="#structure67" value="NP"/>
		<feat xlink:href="#structure68" value="NP"/>
		<feat xlink:href="#structure69" value="NP"/>
		<feat xlink:href="#structure70" value="NP"/>
		<feat xlink:href="#structure71" value="NP"/>
		<feat xlink:href="#structure72" value="VP"/>
		<feat xlink:href="#structure73" value="S"/>
		<feat xlink:href="#structure74" value="S"/>
		<feat xlink:href="#structure75" value="ROOT"/>
		<feat xlink:href="#structure76" value="NP"/>
		<feat xlink:href="#structure77" value="ADVP"/>
		<feat xlink:href="#structure78" value="NP"/>
		<feat xlink:href="#structure79" value="PP"/>
		<feat xlink:href="#structure80" value="NP"/>
		<feat xlink:href="#structure81" value="PP"/>
		<feat xlink:href="#structure82" value="QP"/>
		<feat xlink:href="#structure83" value="NP"/>
		<feat xlink:href="#structure84" value="NP"/>
		<feat xlink:href="#structure85" value="NP"/>
		<feat xlink:href="#structure86" value="NP"/>
		<feat xlink:href="#structure87" value="PP"/>
		<feat xlink:href="#structure88" value="ADVP"/>
		<feat xlink:href="#structure89" value="VP"/>
		<feat xlink:href="#structure90" value="VP"/>
		<feat xlink:href="#structure91" value="S"/>
		<feat xlink:href="#structure92" value="ADJP"/>
		<feat xlink:href="#structure93" value="NP"/>
		<feat xlink:href="#structure94" value="NP"/>
		<feat xlink:href="#structure95" value="NP"/>
		<feat xlink:href="#structure96" value="ROOT"/>
		<feat xlink:href="#structure97" value="NP"/>
		<feat xlink:href="#structure98" value="NP"/>
		<feat xlink:href="#structure99" value="PP"/>
		<feat xlink:href="#structure100" value="VP"/>
		<feat xlink:href="#structure101" value="VP"/>
		<feat xlink:href="#structure102" value="S"/>
		<feat xlink:href="#structure103" value="SBAR"/>
		<feat xlink:href="#structure104" value="NP"/>
		<feat xlink:href="#structure105" value="NP"/>
		<feat xlink:href="#structure106" value="PRT"/>
		<feat xlink:href="#structure107" value="NP"/>
		<feat xlink:href="#structure108" value="PP"/>
		<feat xlink:href="#structure109" value="NP"/>
		<feat xlink:href="#structure110" value="VP"/>
		<feat xlink:href="#structure111" value="S"/>
		<feat xlink:href="#structure112" value="NP"/>
		<feat xlink:href="#structure113" value="ADVP"/>
		<feat xlink:href="#structure114" value="NP"/>
		<feat xlink:href="#structure115" value="PP"/>
		<feat xlink:href="#structure116" value="VP"/>
		<feat xlink:href="#structure117" value="S"/>
		<feat xlink:href="#structure118" value="S"/>
		<feat xlink:href="#structure119" value="FRAG"/>
		<feat xlink:href="#structure120" value="ROOT"/>
		<feat xlink:href="#structure121" value="NP"/>
		<feat xlink:href="#structure122" value="NP"/>
		<feat xlink:href="#structure123" value="PP"/>
		<feat xlink:href="#structure124" value="NP"/>
		<feat xlink:href="#structure125" value="PP"/>
		<feat xlink:href="#structure126" value="VP"/>
		<feat xlink:href="#structure127" value="VP"/>
		<feat xlink:href="#structure128" value="S"/>
		<feat xlink:href="#structure129" value="ROOT"/>
		<feat xlink:href="#structure130" value="NP"/>
		<feat xlink:href="#structure131" value="ADVP"/>
		<feat xlink:href="#structure132" value="NP"/>
		<feat xlink:href="#structure133" value="VP"/>
		<feat xlink:href="#structure134" value="VP"/>
		<feat xlink:href="#structure135" value="S"/>
		<feat xlink:href="#structure136" value="ROOT"/>
		<feat xlink:href="#structure137" value="NP"/>
		<feat xlink:href="#structure138" value="NP"/>
		<feat xlink:href="#structure139" value="VP"/>
		<feat xlink:href="#structure140" value="NP"/>
		<feat xlink:href="#structure141" value="NP"/>
		<feat xlink:href="#structure142" value="PRT"/>
		<feat xlink:href="#structure143" value="ADVP"/>
		<feat xlink:href="#structure144" value="NP"/>
		<feat xlink:href="#structure145" value="VP"/>
		<feat xlink:href="#structure146" value="VP"/>
		<feat xlink:href="#structure147" value="S"/>
		<feat xlink:href="#structure148" value="VP"/>
		<feat xlink:href="#structure149" value="SQ"/>
		<feat xlink:href="#structure150" value="SQ"/>
		<feat xlink:href="#structure151" value="ROOT"/>
		<feat xlink:href="#structure152" value="NP"/>
		<feat xlink:href="#structure153" value="NP"/>
		<feat xlink:href="#structure154" value="NP"/>
		<feat xlink:href="#structure155" value="NP"/>
		<feat xlink:href="#structure156" value="PP"/>
		<feat xlink:href="#structure157" value="VP"/>
		<feat xlink:href="#structure158" value="S"/>
		<feat xlink:href="#structure159" value="SBAR"/>
		<feat xlink:href="#structure160" value="NP"/>
		<feat xlink:href="#structure161" value="PP"/>
		<feat xlink:href="#structure162" value="ADJP"/>
		<feat xlink:href="#structure163" value="NP"/>
		<feat xlink:href="#structure164" value="NP"/>
		<feat xlink:href="#structure165" value="NP"/>
		<feat xlink:href="#structure166" value="NP"/>
		<feat xlink:href="#structure167" value="NP"/>
		<feat xlink:href="#structure168" value="PP"/>
		<feat xlink:href="#structure169" value="VP"/>
		<feat xlink:href="#structure170" value="S"/>
		<feat xlink:href="#structure171" value="ROOT"/>
		<feat xlink:href="#structure172" value="NP"/>
		<feat xlink:href="#structure173" value="ADVP"/>
		<feat xlink:href="#structure174" value="ADJP"/>
		<feat xlink:href="#structure175" value="NP"/>
		<feat xlink:href="#structure176" value="NP"/>
		<feat xlink:href="#structure177" value="NP"/>
		<feat xlink:href="#structure178" value="NP"/>
		<feat xlink:href="#structure179" value="VP"/>
		<feat xlink:href="#structure180" value="VP"/>
		<feat xlink:href="#structure181" value="S"/>
		<feat xlink:href="#structure182" value="SBAR"/>
		<feat xlink:href="#structure183" value="NP"/>
		<feat xlink:href="#structure184" value="VP"/>
		<feat xlink:href="#structure185" value="S"/>
		<feat xlink:href="#structure186" value="VP"/>
		<feat xlink:href="#structure187" value="VP"/>
		<feat xlink:href="#structure188" value="S"/>
		<feat xlink:href="#structure189" value="VP"/>
		<feat xlink:href="#structure190" value="VP"/>
		<feat xlink:href="#structure191" value="S"/>
		<feat xlink:href="#structure192" value="VP"/>
		<feat xlink:href="#structure193" value="S"/>
		<feat xlink:href="#structure194" value="ROOT"/>
		<feat xlink:href="#structure195" value="ADVP"/>
		<feat xlink:href="#structure196" value="NP"/>
		<feat xlink:href="#structure197" value="PP"/>
		<feat xlink:href="#structure198" value="ADVP"/>
		<feat xlink:href="#structure199" value="QP"/>
		<feat xlink:href="#structure200" value="NP"/>
		<feat xlink:href="#structure201" value="PP"/>
		<feat xlink:href="#structure202" value="VP"/>
		<feat xlink:href="#structure203" value="VP"/>
		<feat xlink:href="#structure204" value="NP"/>
		<feat xlink:href="#structure205" value="VP"/>
		<feat xlink:href="#structure206" value="NP"/>
		<feat xlink:href="#structure207" value="VP"/>
		<feat xlink:href="#structure208" value="NP"/>
		<feat xlink:href="#structure209" value="ADVP"/>
		<feat xlink:href="#structure210" value="VP"/>
		<feat xlink:href="#structure211" value="VP"/>
		<feat xlink:href="#structure212" value="S"/>
		<feat xlink:href="#structure213" value="SBAR"/>
		<feat xlink:href="#structure214" value="VP"/>
		<feat xlink:href="#structure215" value="VP"/>
		<feat xlink:href="#structure216" value="S"/>
		<feat xlink:href="#structure217" value="VP"/>
		<feat xlink:href="#structure218" value="S"/>
		<feat xlink:href="#structure219" value="SBAR"/>
		<feat xlink:href="#structure220" value="VP"/>
		<feat xlink:href="#structure221" value="VP"/>
		<feat xlink:href="#structure222" value="VP"/>
		<feat xlink:href="#structure223" value="S"/>
		<feat xlink:href="#structure224" value="VP"/>
		<feat xlink:href="#structure225" value="VP"/>
		<feat xlink:href="#structure226" value="S"/>
		<feat xlink:href="#structure227" value="NP"/>
		<feat xlink:href="#structure228" value="VP"/>
		<feat xlink:href="#structure229" value="S"/>
		<feat xlink:href="#structure230" value="NP"/>
		<feat xlink:href="#structure231" value="QP"/>
		<feat xlink:href="#structure232" value="NP"/>
		<feat xlink:href="#structure233" value="ADVP"/>
		<feat xlink:href="#structure234" value="VP"/>
		<feat xlink:href="#structure235" value="S"/>
		<feat xlink:href="#structure236" value="SBAR"/>
		<feat xlink:href="#structure237" value="VP"/>
		<feat xlink:href="#structure238" value="NP"/>
		<feat xlink:href="#structure239" value="NP"/>
		<feat xlink:href="#structure240" value="NP"/>
		<feat xlink:href="#structure241" value="PRT"/>
		<feat xlink:href="#structure242" value="VP"/>
		<feat xlink:href="#structure243" value="VP"/>
		<feat xlink:href="#structure244" value="S"/>
		<feat xlink:href="#structure245" value="VP"/>
		<feat xlink:href="#structure246" value="VP"/>
		<feat xlink:href="#structure247" value="S"/>
		<feat xlink:href="#structure248" value="VP"/>
		<feat xlink:href="#structure249" value="S"/>
		<feat xlink:href="#structure250" value="NP"/>
		<feat xlink:href="#structure251" value="VP"/>
		<feat xlink:href="#structure252" value="VP"/>
		<feat xlink:href="#structure253" value="S"/>
		<feat xlink:href="#structure254" value="VP"/>
		<feat xlink:href="#structure255" value="VP"/>
		<feat xlink:href="#structure256" value="S"/>
		<feat xlink:href="#structure257" value="S"/>
		<feat xlink:href="#structure258" value="FRAG"/>
		<feat xlink:href="#structure259" value="S"/>
		<feat xlink:href="#structure260" value="ROOT"/>
		<feat xlink:href="#structure261" value="INTJ"/>
		<feat xlink:href="#structure262" value="ROOT"/>
		<feat xlink:href="#structure263" value="NP"/>
		<feat xlink:href="#structure264" value="NP"/>
		<feat xlink:href="#structure265" value="VP"/>
		<feat xlink:href="#structure266" value="VP"/>
		<feat xlink:href="#structure267" value="S"/>
		<feat xlink:href="#structure268" value="VP"/>
		<feat xlink:href="#structure269" value="S"/>
		<feat xlink:href="#structure270" value="NP"/>
		<feat xlink:href="#structure271" value="NP"/>
		<feat xlink:href="#structure272" value="PP"/>
		<feat xlink:href="#structure273" value="VP"/>
		<feat xlink:href="#structure274" value="S"/>
		<feat xlink:href="#structure275" value="ROOT"/>
		<feat xlink:href="#structure276" value="NP"/>
		<feat xlink:href="#structure277" value="ADVP"/>
		<feat xlink:href="#structure278" value="PRT"/>
		<feat xlink:href="#structure279" value="NP"/>
		<feat xlink:href="#structure280" value="NP"/>
		<feat xlink:href="#structure281" value="ADJP"/>
		<feat xlink:href="#structure282" value="NP"/>
		<feat xlink:href="#structure283" value="PP"/>
		<feat xlink:href="#structure284" value="NP"/>
		<feat xlink:href="#structure285" value="NP"/>
		<feat xlink:href="#structure286" value="VP"/>
		<feat xlink:href="#structure287" value="NP"/>
		<feat xlink:href="#structure288" value="ADVP"/>
		<feat xlink:href="#structure289" value="VP"/>
		<feat xlink:href="#structure290" value="VP"/>
		<feat xlink:href="#structure291" value="S"/>
		<feat xlink:href="#structure292" value="ROOT"/>
		<feat xlink:href="#structure293" value="NP"/>
		<feat xlink:href="#structure294" value="NP"/>
		<feat xlink:href="#structure295" value="WHNP"/>
		<feat xlink:href="#structure296" value="NP"/>
		<feat xlink:href="#structure297" value="VP"/>
		<feat xlink:href="#structure298" value="S"/>
		<feat xlink:href="#structure299" value="SBAR"/>
		<feat xlink:href="#structure300" value="NP"/>
		<feat xlink:href="#structure301" value="NP"/>
		<feat xlink:href="#structure302" value="NP"/>
		<feat xlink:href="#structure303" value="NP"/>
		<feat xlink:href="#structure304" value="NP"/>
		<feat xlink:href="#structure305" value="NP"/>
		<feat xlink:href="#structure306" value="NP"/>
		<feat xlink:href="#structure307" value="PP"/>
		<feat xlink:href="#structure308" value="VP"/>
		<feat xlink:href="#structure309" value="S"/>
		<feat xlink:href="#structure310" value="ROOT"/>
		<feat xlink:href="#structure311" value="NP"/>
		<feat xlink:href="#structure312" value="NP"/>
		<feat xlink:href="#structure313" value="NP"/>
		<feat xlink:href="#structure314" value="ADVP"/>
		<feat xlink:href="#structure315" value="NP"/>
		<feat xlink:href="#structure316" value="PP"/>
		<feat xlink:href="#structure317" value="VP"/>
		<feat xlink:href="#structure318" value="VP"/>
		<feat xlink:href="#structure319" value="S"/>
		<feat xlink:href="#structure320" value="SBAR"/>
		<feat xlink:href="#structure321" value="NP"/>
		<feat xlink:href="#structure322" value="PP"/>
		<feat xlink:href="#structure323" value="NP"/>
		<feat xlink:href="#structure324" value="NP"/>
		<feat xlink:href="#structure325" value="NP"/>
		<feat xlink:href="#structure326" value="NP"/>
		<feat xlink:href="#structure327" value="NP"/>
		<feat xlink:href="#structure328" value="PP"/>
		<feat xlink:href="#structure329" value="ADVP"/>
		<feat xlink:href="#structure330" value="ADVP"/>
		<feat xlink:href="#structure331" value="NP"/>
		<feat xlink:href="#structure332" value="PP"/>
		<feat xlink:href="#structure333" value="S"/>
		<feat xlink:href="#structure334" value="VP"/>
		<feat xlink:href="#structure335" value="S"/>
		<feat xlink:href="#structure336" value="SBAR"/>
		<feat xlink:href="#structure337" value="NP"/>
		<feat xlink:href="#structure338" value="VP"/>
		<feat xlink:href="#structure339" value="S"/>
		<feat xlink:href="#structure340" value="ROOT"/>
		<feat xlink:href="#structure341" value="NP"/>
		<feat xlink:href="#structure342" value="VP"/>
		<feat xlink:href="#structure343" value="S"/>
		<feat xlink:href="#structure344" value="SBAR"/>
		<feat xlink:href="#structure345" value="NP"/>
		<feat xlink:href="#structure346" value="NP"/>
		<feat xlink:href="#structure347" value="PRT"/>
		<feat xlink:href="#structure348" value="VP"/>
		<feat xlink:href="#structure349" value="S"/>
		<feat xlink:href="#structure350" value="SBAR"/>
		<feat xlink:href="#structure351" value="NP"/>
		<feat xlink:href="#structure352" value="NP"/>
		<feat xlink:href="#structure353" value="NP"/>
		<feat xlink:href="#structure354" value="NP"/>
		<feat xlink:href="#structure355" value="PP"/>
		<feat xlink:href="#structure356" value="NP"/>
		<feat xlink:href="#structure357" value="PP"/>
		<feat xlink:href="#structure358" value="VP"/>
		<feat xlink:href="#structure359" value="S"/>
		<feat xlink:href="#structure360" value="VP"/>
		<feat xlink:href="#structure361" value="SQ"/>
		<feat xlink:href="#structure362" value="ROOT"/>
		<feat xlink:href="#structure363" value="NP"/>
		<feat xlink:href="#structure364" value="ADVP"/>
		<feat xlink:href="#structure365" value="NP"/>
		<feat xlink:href="#structure366" value="PP"/>
		<feat xlink:href="#structure367" value="VP"/>
		<feat xlink:href="#structure368" value="VP"/>
		<feat xlink:href="#structure369" value="S"/>
		<feat xlink:href="#structure370" value="VP"/>
		<feat xlink:href="#structure371" value="S"/>
		<feat xlink:href="#structure372" value="SBAR"/>
		<feat xlink:href="#structure373" value="NP"/>
		<feat xlink:href="#structure374" value="VP"/>
		<feat xlink:href="#structure375" value="NP"/>
		<feat xlink:href="#structure376" value="NP"/>
		<feat xlink:href="#structure377" value="PP"/>
		<feat xlink:href="#structure378" value="VP"/>
		<feat xlink:href="#structure379" value="VP"/>
		<feat xlink:href="#structure380" value="VP"/>
		<feat xlink:href="#structure381" value="VP"/>
		<feat xlink:href="#structure382" value="S"/>
		<feat xlink:href="#structure383" value="ROOT"/>
		<feat xlink:href="#structure384" value="NP"/>
		<feat xlink:href="#structure385" value="ADJP"/>
		<feat xlink:href="#structure386" value="VP"/>
		<feat xlink:href="#structure387" value="S"/>
		<feat xlink:href="#structure388" value="SBAR"/>
		<feat xlink:href="#structure389" value="NP"/>
		<feat xlink:href="#structure390" value="ADJP"/>
		<feat xlink:href="#structure391" value="NP"/>
		<feat xlink:href="#structure392" value="VP"/>
		<feat xlink:href="#structure393" value="S"/>
		<feat xlink:href="#structure394" value="S"/>
		<feat xlink:href="#structure395" value="ROOT"/>
		<feat xlink:href="#structure396" value="NP"/>
		<feat xlink:href="#structure397" value="NP"/>
		<feat xlink:href="#structure398" value="PP"/>
		<feat xlink:href="#structure399" value="NP"/>
		<feat xlink:href="#structure400" value="NP"/>
		<feat xlink:href="#structure401" value="NP"/>
		<feat xlink:href="#structure402" value="PP"/>
		<feat xlink:href="#structure403" value="ADVP"/>
		<feat xlink:href="#structure404" value="NP"/>
		<feat xlink:href="#structure405" value="ADVP"/>
		<feat xlink:href="#structure406" value="NP"/>
		<feat xlink:href="#structure407" value="NP"/>
		<feat xlink:href="#structure408" value="PP"/>
		<feat xlink:href="#structure409" value="NP"/>
		<feat xlink:href="#structure410" value="PP"/>
		<feat xlink:href="#structure411" value="VP"/>
		<feat xlink:href="#structure412" value="S"/>
		<feat xlink:href="#structure413" value="VP"/>
		<feat xlink:href="#structure414" value="S"/>
		<feat xlink:href="#structure415" value="ROOT"/>
		<feat xlink:href="#structure416" value="NP"/>
		<feat xlink:href="#structure417" value="ADVP"/>
		<feat xlink:href="#structure418" value="ADVP"/>
		<feat xlink:href="#structure419" value="NP"/>
		<feat xlink:href="#structure420" value="NP"/>
		<feat xlink:href="#structure421" value="PP"/>
		<feat xlink:href="#structure422" value="NP"/>
		<feat xlink:href="#structure423" value="PP"/>
		<feat xlink:href="#structure424" value="VP"/>
		<feat xlink:href="#structure425" value="S"/>
		<feat xlink:href="#structure426" value="VP"/>
		<feat xlink:href="#structure427" value="VP"/>
		<feat xlink:href="#structure428" value="NP"/>
		<feat xlink:href="#structure429" value="PP"/>
		<feat xlink:href="#structure430" value="VP"/>
		<feat xlink:href="#structure431" value="VP"/>
		<feat xlink:href="#structure432" value="VP"/>
		<feat xlink:href="#structure433" value="S"/>
		<feat xlink:href="#structure434" value="VP"/>
		<feat xlink:href="#structure435" value="VP"/>
		<feat xlink:href="#structure436" value="VP"/>
		<feat xlink:href="#structure437" value="S"/>
		<feat xlink:href="#structure438" value="ROOT"/>
		<feat xlink:href="#structure439" value="NP"/>
		<feat xlink:href="#structure440" value="NP"/>
		<feat xlink:href="#structure441" value="ADVP"/>
		<feat xlink:href="#structure442" value="VP"/>
		<feat xlink:href="#structure443" value="S"/>
		<feat xlink:href="#structure444" value="SBAR"/>
		<feat xlink:href="#structure445" value="NP"/>
		<feat xlink:href="#structure446" value="ROOT"/>
		<feat xlink:href="#structure447" value="NP"/>
		<feat xlink:href="#structure448" value="ADJP"/>
		<feat xlink:href="#structure449" value="NP"/>
		<feat xlink:href="#structure450" value="NP"/>
		<feat xlink:href="#structure451" value="VP"/>
		<feat xlink:href="#structure452" value="VP"/>
		<feat xlink:href="#structure453" value="S"/>
		<feat xlink:href="#structure454" value="SBAR"/>
		<feat xlink:href="#structure455" value="NP"/>
		<feat xlink:href="#structure456" value="NP"/>
		<feat xlink:href="#structure457" value="VP"/>
		<feat xlink:href="#structure458" value="NP"/>
		<feat xlink:href="#structure459" value="NP"/>
		<feat xlink:href="#structure460" value="ADVP"/>
		<feat xlink:href="#structure461" value="VP"/>
		<feat xlink:href="#structure462" value="S"/>
		<feat xlink:href="#structure463" value="ROOT"/>
		<feat xlink:href="#structure464" value="NP"/>
		<feat xlink:href="#structure465" value="NP"/>
		<feat xlink:href="#structure466" value="NP"/>
		<feat xlink:href="#structure467" value="NP"/>
		<feat xlink:href="#structure468" value="PP"/>
		<feat xlink:href="#structure469" value="NP"/>
		<feat xlink:href="#structure470" value="NP"/>
		<feat xlink:href="#structure471" value="PP"/>
		<feat xlink:href="#structure472" value="NP"/>
		<feat xlink:href="#structure473" value="PP"/>
		<feat xlink:href="#structure474" value="VP"/>
		<feat xlink:href="#structure475" value="S"/>
		<feat xlink:href="#structure476" value="NP"/>
		<feat xlink:href="#structure477" value="QP"/>
		<feat xlink:href="#structure478" value="NP"/>
		<feat xlink:href="#structure479" value="VP"/>
		<feat xlink:href="#structure480" value="S"/>
		<feat xlink:href="#structure481" value="S"/>
		<feat xlink:href="#structure482" value="ADVP"/>
		<feat xlink:href="#structure483" value="NP"/>
		<feat xlink:href="#structure484" value="NP"/>
		<feat xlink:href="#structure485" value="PP"/>
		<feat xlink:href="#structure486" value="ADVP"/>
		<feat xlink:href="#structure487" value="VP"/>
		<feat xlink:href="#structure488" value="NP"/>
		<feat xlink:href="#structure489" value="ADVP"/>
		<feat xlink:href="#structure490" value="ADJP"/>
		<feat xlink:href="#structure491" value="VP"/>
		<feat xlink:href="#structure492" value="S"/>
		<feat xlink:href="#structure493" value="NP"/>
		<feat xlink:href="#structure494" value="ADVP"/>
		<feat xlink:href="#structure495" value="ADVP"/>
		<feat xlink:href="#structure496" value="NP"/>
		<feat xlink:href="#structure497" value="PP"/>
		<feat xlink:href="#structure498" value="VP"/>
		<feat xlink:href="#structure499" value="VP"/>
		<feat xlink:href="#structure500" value="S"/>
		<feat xlink:href="#structure501" value="NP"/>
		<feat xlink:href="#structure502" value="ADVP"/>
		<feat xlink:href="#structure503" value="VP"/>
		<feat xlink:href="#structure504" value="VP"/>
		<feat xlink:href="#structure505" value="S"/>
		<feat xlink:href="#structure506" value="VP"/>
		<feat xlink:href="#structure507" value="S"/>
		<feat xlink:href="#structure508" value="S"/>
		<feat xlink:href="#structure509" value="S"/>
		<feat xlink:href="#structure510" value="ROOT"/>
		<feat xlink:href="#structure511" value="NP"/>
		<feat xlink:href="#structure512" value="ADJP"/>
		<feat xlink:href="#structure513" value="VP"/>
		<feat xlink:href="#structure514" value="SQ"/>
		<feat xlink:href="#structure515" value="SBARQ"/>
		<feat xlink:href="#structure516" value="ROOT"/>
		<feat xlink:href="#structure517" value="NP"/>
		<feat xlink:href="#structure518" value="PRT"/>
		<feat xlink:href="#structure519" value="ADVP"/>
		<feat xlink:href="#structure520" value="NP"/>
		<feat xlink:href="#structure521" value="VP"/>
		<feat xlink:href="#structure522" value="S"/>
		<feat xlink:href="#structure523" value="VP"/>
		<feat xlink:href="#structure524" value="VP"/>
		<feat xlink:href="#structure525" value="S"/>
		<feat xlink:href="#structure526" value="NP"/>
		<feat xlink:href="#structure527" value="PP"/>
		<feat xlink:href="#structure528" value="PP"/>
		<feat xlink:href="#structure529" value="VP"/>
		<feat xlink:href="#structure530" value="S"/>
		<feat xlink:href="#structure531" value="VP"/>
		<feat xlink:href="#structure532" value="S"/>
		<feat xlink:href="#structure533" value="VP"/>
		<feat xlink:href="#structure534" value="S"/>
		<feat xlink:href="#structure535" value="ROOT"/>
		<feat xlink:href="#structure536" value="NP"/>
		<feat xlink:href="#structure537" value="ADVP"/>
		<feat xlink:href="#structure538" value="PRT"/>
		<feat xlink:href="#structure539" value="VP"/>
		<feat xlink:href="#structure540" value="S"/>
		<feat xlink:href="#structure541" value="NP"/>
		<feat xlink:href="#structure542" value="ADVP"/>
		<feat xlink:href="#structure543" value="NP"/>
		<feat xlink:href="#structure544" value="VP"/>
		<feat xlink:href="#structure545" value="VP"/>
		<feat xlink:href="#structure546" value="S"/>
		<feat xlink:href="#structure547" value="VP"/>
		<feat xlink:href="#structure548" value="VP"/>
		<feat xlink:href="#structure549" value="S"/>
		<feat xlink:href="#structure550" value="SBAR"/>
		<feat xlink:href="#structure551" value="NP"/>
		<feat xlink:href="#structure552" value="VP"/>
		<feat xlink:href="#structure553" value="VP"/>
		<feat xlink:href="#structure554" value="S"/>
		<feat xlink:href="#structure555" value="ROOT"/>
		<feat xlink:href="#structure556" value="NP"/>
		<feat xlink:href="#structure557" value="PRT"/>
		<feat xlink:href="#structure558" value="NP"/>
		<feat xlink:href="#structure559" value="PP"/>
		<feat xlink:href="#structure560" value="VP"/>
		<feat xlink:href="#structure561" value="S"/>
		<feat xlink:href="#structure562" value="PP"/>
		<feat xlink:href="#structure563" value="VP"/>
		<feat xlink:href="#structure564" value="S"/>
		<feat xlink:href="#structure565" value="ROOT"/>
		<feat xlink:href="#structure566" value="WHADVP"/>
		<feat xlink:href="#structure567" value="NP"/>
		<feat xlink:href="#structure568" value="PRT"/>
		<feat xlink:href="#structure569" value="VP"/>
		<feat xlink:href="#structure570" value="S"/>
		<feat xlink:href="#structure571" value="SBAR"/>
		<feat xlink:href="#structure572" value="VP"/>
		<feat xlink:href="#structure573" value="VP"/>
		<feat xlink:href="#structure574" value="S"/>
		<feat xlink:href="#structure575" value="ROOT"/>
		<feat xlink:href="#structure576" value="NP"/>
		<feat xlink:href="#structure577" value="VP"/>
		<feat xlink:href="#structure578" value="NP"/>
		<feat xlink:href="#structure579" value="ROOT"/>
		<feat xlink:href="#structure580" value="NP"/>
		<feat xlink:href="#structure581" value="NP"/>
		<feat xlink:href="#structure582" value="PP"/>
		<feat xlink:href="#structure583" value="VP"/>
		<feat xlink:href="#structure584" value="VP"/>
		<feat xlink:href="#structure585" value="S"/>
		<feat xlink:href="#structure586" value="VP"/>
		<feat xlink:href="#structure587" value="S"/>
		<feat xlink:href="#structure588" value="ROOT"/>
		<feat xlink:href="#structure589" value="NP"/>
		<feat xlink:href="#structure590" value="NP"/>
		<feat xlink:href="#structure591" value="NP"/>
		<feat xlink:href="#structure592" value="PP"/>
		<feat xlink:href="#structure593" value="NP"/>
		<feat xlink:href="#structure594" value="ADVP"/>
		<feat xlink:href="#structure595" value="PRT"/>
		<feat xlink:href="#structure596" value="ADVP"/>
		<feat xlink:href="#structure597" value="VP"/>
		<feat xlink:href="#structure598" value="VP"/>
		<feat xlink:href="#structure599" value="S"/>
		<feat xlink:href="#structure600" value="ROOT"/>
		<feat xlink:href="#structure601" value="NP"/>
		<feat xlink:href="#structure602" value="ADVP"/>
		<feat xlink:href="#structure603" value="NP"/>
		<feat xlink:href="#structure604" value="NP"/>
		<feat xlink:href="#structure605" value="NP"/>
		<feat xlink:href="#structure606" value="ADVP"/>
		<feat xlink:href="#structure607" value="NP"/>
		<feat xlink:href="#structure608" value="PP"/>
		<feat xlink:href="#structure609" value="VP"/>
		<feat xlink:href="#structure610" value="VP"/>
		<feat xlink:href="#structure611" value="S"/>
		<feat xlink:href="#structure612" value="SBAR"/>
		<feat xlink:href="#structure613" value="VP"/>
		<feat xlink:href="#structure614" value="VP"/>
		<feat xlink:href="#structure615" value="S"/>
		<feat xlink:href="#structure616" value="VP"/>
		<feat xlink:href="#structure617" value="S"/>
		<feat xlink:href="#structure618" value="ROOT"/>
		<feat xlink:href="#structure619" value="NP"/>
		<feat xlink:href="#structure620" value="NP"/>
		<feat xlink:href="#structure621" value="ADVP"/>
		<feat xlink:href="#structure622" value="VP"/>
		<feat xlink:href="#structure623" value="VP"/>
		<feat xlink:href="#structure624" value="S"/>
		<feat xlink:href="#structure625" value="VP"/>
		<feat xlink:href="#structure626" value="VP"/>
		<feat xlink:href="#structure627" value="S"/>
		<feat xlink:href="#structure628" value="NP"/>
		<feat xlink:href="#structure629" value="VP"/>
		<feat xlink:href="#structure630" value="VP"/>
		<feat xlink:href="#structure631" value="S"/>
		<feat xlink:href="#structure632" value="VP"/>
		<feat xlink:href="#structure633" value="S"/>
		<feat xlink:href="#structure634" value="PP"/>
		<feat xlink:href="#structure635" value="VP"/>
		<feat xlink:href="#structure636" value="S"/>
		<feat xlink:href="#structure637" value="ROOT"/>
		<feat xlink:href="#structure638" value="ADVP"/>
		<feat xlink:href="#structure639" value="NP"/>
		<feat xlink:href="#structure640" value="NP"/>
		<feat xlink:href="#structure641" value="NP"/>
		<feat xlink:href="#structure642" value="PRT"/>
		<feat xlink:href="#structure643" value="NP"/>
		<feat xlink:href="#structure644" value="PP"/>
		<feat xlink:href="#structure645" value="NP"/>
		<feat xlink:href="#structure646" value="NP"/>
		<feat xlink:href="#structure647" value="PP"/>
		<feat xlink:href="#structure648" value="NP"/>
		<feat xlink:href="#structure649" value="VP"/>
		<feat xlink:href="#structure650" value="VP"/>
		<feat xlink:href="#structure651" value="S"/>
		<feat xlink:href="#structure652" value="SBAR"/>
		<feat xlink:href="#structure653" value="NP"/>
		<feat xlink:href="#structure654" value="NP"/>
		<feat xlink:href="#structure655" value="NP"/>
		<feat xlink:href="#structure656" value="PP"/>
		<feat xlink:href="#structure657" value="VP"/>
		<feat xlink:href="#structure658" value="VP"/>
		<feat xlink:href="#structure659" value="S"/>
		<feat xlink:href="#structure660" value="VP"/>
		<feat xlink:href="#structure661" value="FRAG"/>
		<feat xlink:href="#structure662" value="ROOT"/>
		<feat xlink:href="#structure663" value="INTJ"/>
		<feat xlink:href="#structure664" value="NP"/>
		<feat xlink:href="#structure665" value="ADVP"/>
		<feat xlink:href="#structure666" value="PRT"/>
		<feat xlink:href="#structure667" value="NP"/>
		<feat xlink:href="#structure668" value="PP"/>
		<feat xlink:href="#structure669" value="VP"/>
		<feat xlink:href="#structure670" value="S"/>
		<feat xlink:href="#structure671" value="ROOT"/>
		<feat xlink:href="#structure672" value="NP"/>
		<feat xlink:href="#structure673" value="PRT"/>
		<feat xlink:href="#structure674" value="NP"/>
		<feat xlink:href="#structure675" value="NP"/>
		<feat xlink:href="#structure676" value="PP"/>
		<feat xlink:href="#structure677" value="NP"/>
		<feat xlink:href="#structure678" value="VP"/>
		<feat xlink:href="#structure679" value="S"/>
		<feat xlink:href="#structure680" value="ROOT"/>
		<feat xlink:href="#structure681" value="ADJP"/>
		<feat xlink:href="#structure682" value="NP"/>
		<feat xlink:href="#structure683" value="NP"/>
		<feat xlink:href="#structure684" value="NP"/>
		<feat xlink:href="#structure685" value="NP"/>
		<feat xlink:href="#structure686" value="ADVP"/>
		<feat xlink:href="#structure687" value="VP"/>
		<feat xlink:href="#structure688" value="VP"/>
		<feat xlink:href="#structure689" value="S"/>
		<feat xlink:href="#structure690" value="S"/>
		<feat xlink:href="#structure691" value="ROOT"/>
		<feat xlink:href="#structure692" value="NP"/>
		<feat xlink:href="#structure693" value="WHADVP"/>
		<feat xlink:href="#structure694" value="NP"/>
		<feat xlink:href="#structure695" value="PRT"/>
		<feat xlink:href="#structure696" value="NP"/>
		<feat xlink:href="#structure697" value="NP"/>
		<feat xlink:href="#structure698" value="PP"/>
		<feat xlink:href="#structure699" value="NP"/>
		<feat xlink:href="#structure700" value="PP"/>
		<feat xlink:href="#structure701" value="VP"/>
		<feat xlink:href="#structure702" value="S"/>
		<feat xlink:href="#structure703" value="SBAR"/>
		<feat xlink:href="#structure704" value="WHADVP"/>
		<feat xlink:href="#structure705" value="NP"/>
		<feat xlink:href="#structure706" value="VP"/>
		<feat xlink:href="#structure707" value="VP"/>
		<feat xlink:href="#structure708" value="S"/>
		<feat xlink:href="#structure709" value="SBAR"/>
		<feat xlink:href="#structure710" value="VP"/>
		<feat xlink:href="#structure711" value="VP"/>
		<feat xlink:href="#structure712" value="S"/>
		<feat xlink:href="#structure713" value="ROOT"/>
		<feat xlink:href="#structure714" value="NP"/>
		<feat xlink:href="#structure715" value="NP"/>
		<feat xlink:href="#structure716" value="ADVP"/>
		<feat xlink:href="#structure717" value="NP"/>
		<feat xlink:href="#structure718" value="NP"/>
		<feat xlink:href="#structure719" value="VP"/>
		<feat xlink:href="#structure720" value="S"/>
		<feat xlink:href="#structure721" value="SBAR"/>
		<feat xlink:href="#structure722" value="VP"/>
		<feat xlink:href="#structure723" value="S"/>
		<feat xlink:href="#structure724" value="ROOT"/>
		<feat xlink:href="#structure725" value="NP"/>
		<feat xlink:href="#structure726" value="NP"/>
		<feat xlink:href="#structure727" value="NP"/>
		<feat xlink:href="#structure728" value="PP"/>
		<feat xlink:href="#structure729" value="VP"/>
		<feat xlink:href="#structure730" value="S"/>
		<feat xlink:href="#structure731" value="VP"/>
		<feat xlink:href="#structure732" value="S"/>
		<feat xlink:href="#structure733" value="VP"/>
		<feat xlink:href="#structure734" value="S"/>
		<feat xlink:href="#structure735" value="ROOT"/>
		<feat xlink:href="#structure736" value="INTJ"/>
		<feat xlink:href="#structure737" value="NP"/>
		<feat xlink:href="#structure738" value="NP"/>
		<feat xlink:href="#structure739" value="NP"/>
		<feat xlink:href="#structure740" value="ADVP"/>
		<feat xlink:href="#structure741" value="VP"/>
		<feat xlink:href="#structure742" value="NP"/>
		<feat xlink:href="#structure743" value="PP"/>
		<feat xlink:href="#structure744" value="NP"/>
		<feat xlink:href="#structure745" value="NP"/>
		<feat xlink:href="#structure746" value="NP"/>
		<feat xlink:href="#structure747" value="ADVP"/>
		<feat xlink:href="#structure748" value="NP"/>
		<feat xlink:href="#structure749" value="NP"/>
		<feat xlink:href="#structure750" value="PP"/>
		<feat xlink:href="#structure751" value="NP"/>
		<feat xlink:href="#structure752" value="PP"/>
		<feat xlink:href="#structure753" value="VP"/>
		<feat xlink:href="#structure754" value="S"/>
		<feat xlink:href="#structure755" value="SBAR"/>
		<feat xlink:href="#structure756" value="VP"/>
		<feat xlink:href="#structure757" value="VP"/>
		<feat xlink:href="#structure758" value="S"/>
		<feat xlink:href="#structure759" value="ROOT"/>
		<feat xlink:href="#structure760" value="WHNP"/>
		<feat xlink:href="#structure761" value="NP"/>
		<feat xlink:href="#structure762" value="NP"/>
		<feat xlink:href="#structure763" value="PP"/>
		<feat xlink:href="#structure764" value="VP"/>
		<feat xlink:href="#structure765" value="SQ"/>
		<feat xlink:href="#structure766" value="SBARQ"/>
		<feat xlink:href="#structure767" value="ROOT"/>
		<feat xlink:href="#structure768" value="NP"/>
		<feat xlink:href="#structure769" value="NP"/>
		<feat xlink:href="#structure770" value="PRT"/>
		<feat xlink:href="#structure771" value="NP"/>
		<feat xlink:href="#structure772" value="NP"/>
		<feat xlink:href="#structure773" value="NP"/>
		<feat xlink:href="#structure774" value="NP"/>
		<feat xlink:href="#structure775" value="ADVP"/>
		<feat xlink:href="#structure776" value="NP"/>
		<feat xlink:href="#structure777" value="PP"/>
		<feat xlink:href="#structure778" value="VP"/>
		<feat xlink:href="#structure779" value="S"/>
		<feat xlink:href="#structure780" value="SBAR"/>
		<feat xlink:href="#structure781" value="NP"/>
		<feat xlink:href="#structure782" value="PP"/>
		<feat xlink:href="#structure783" value="VP"/>
		<feat xlink:href="#structure784" value="VP"/>
		<feat xlink:href="#structure785" value="S"/>
		<feat xlink:href="#structure786" value="VP"/>
		<feat xlink:href="#structure787" value="VP"/>
		<feat xlink:href="#structure788" value="S"/>
		<feat xlink:href="#structure789" value="VP"/>
		<feat xlink:href="#structure790" value="SQ"/>
		<feat xlink:href="#structure791" value="ROOT"/>
		<feat xlink:href="#structure792" value="NP"/>
		<feat xlink:href="#structure793" value="NP"/>
		<feat xlink:href="#structure794" value="PP"/>
		<feat xlink:href="#structure795" value="ADVP"/>
		<feat xlink:href="#structure796" value="NP"/>
		<feat xlink:href="#structure797" value="NP"/>
		<feat xlink:href="#structure798" value="PP"/>
		<feat xlink:href="#structure799" value="NP"/>
		<feat xlink:href="#structure800" value="PP"/>
		<feat xlink:href="#structure801" value="PP"/>
		<feat xlink:href="#structure802" value="NP"/>
		<feat xlink:href="#structure803" value="PP"/>
		<feat xlink:href="#structure804" value="VP"/>
		<feat xlink:href="#structure805" value="FRAG"/>
		<feat xlink:href="#structure806" value="NP"/>
		<feat xlink:href="#structure807" value="NP"/>
		<feat xlink:href="#structure808" value="PP"/>
		<feat xlink:href="#structure809" value="VP"/>
		<feat xlink:href="#structure810" value="VP"/>
		<feat xlink:href="#structure811" value="NP"/>
		<feat xlink:href="#structure812" value="NP"/>
		<feat xlink:href="#structure813" value="NP"/>
		<feat xlink:href="#structure814" value="NP"/>
		<feat xlink:href="#structure815" value="PP"/>
		<feat xlink:href="#structure816" value="VP"/>
		<feat xlink:href="#structure817" value="VP"/>
		<feat xlink:href="#structure818" value="VP"/>
		<feat xlink:href="#structure819" value="VP"/>
		<feat xlink:href="#structure820" value="S"/>
		<feat xlink:href="#structure821" value="VP"/>
		<feat xlink:href="#structure822" value="VP"/>
		<feat xlink:href="#structure823" value="S"/>
		<feat xlink:href="#structure824" value="ROOT"/>
		<feat xlink:href="#structure825" value="NP"/>
		<feat xlink:href="#structure826" value="NP"/>
		<feat xlink:href="#structure827" value="NP"/>
		<feat xlink:href="#structure828" value="PP"/>
		<feat xlink:href="#structure829" value="NP"/>
		<feat xlink:href="#structure830" value="NP"/>
		<feat xlink:href="#structure831" value="PP"/>
		<feat xlink:href="#structure832" value="VP"/>
		<feat xlink:href="#structure833" value="S"/>
		<feat xlink:href="#structure834" value="NP"/>
		<feat xlink:href="#structure835" value="NP"/>
		<feat xlink:href="#structure836" value="NP"/>
		<feat xlink:href="#structure837" value="WHNP"/>
		<feat xlink:href="#structure838" value="ADJP"/>
		<feat xlink:href="#structure839" value="VP"/>
		<feat xlink:href="#structure840" value="S"/>
		<feat xlink:href="#structure841" value="SBAR"/>
		<feat xlink:href="#structure842" value="PP"/>
		<feat xlink:href="#structure843" value="VP"/>
		<feat xlink:href="#structure844" value="S"/>
		<feat xlink:href="#structure845" value="SBAR"/>
		<feat xlink:href="#structure846" value="VP"/>
		<feat xlink:href="#structure847" value="S"/>
		<feat xlink:href="#structure848" value="S"/>
		<feat xlink:href="#structure849" value="ROOT"/>
		<feat xlink:href="#structure850" value="NP"/>
		<feat xlink:href="#structure851" value="PP"/>
		<feat xlink:href="#structure852" value="WHADVP"/>
		<feat xlink:href="#structure853" value="NP"/>
		<feat xlink:href="#structure854" value="NP"/>
		<feat xlink:href="#structure855" value="PP"/>
		<feat xlink:href="#structure856" value="VP"/>
		<feat xlink:href="#structure857" value="S"/>
		<feat xlink:href="#structure858" value="SBAR"/>
		<feat xlink:href="#structure859" value="NP"/>
		<feat xlink:href="#structure860" value="NP"/>
		<feat xlink:href="#structure861" value="VP"/>
		<feat xlink:href="#structure862" value="VP"/>
		<feat xlink:href="#structure863" value="S"/>
		<feat xlink:href="#structure864" value="VP"/>
		<feat xlink:href="#structure865" value="ADVP"/>
		<feat xlink:href="#structure866" value="NP"/>
		<feat xlink:href="#structure867" value="PP"/>
		<feat xlink:href="#structure868" value="VP"/>
		<feat xlink:href="#structure869" value="VP"/>
		<feat xlink:href="#structure870" value="FRAG"/>
		<feat xlink:href="#structure871" value="ROOT"/>
		<feat xlink:href="#structure872" value="NP"/>
		<feat xlink:href="#structure873" value="PP"/>
		<feat xlink:href="#structure874" value="NP"/>
		<feat xlink:href="#structure875" value="VP"/>
		<feat xlink:href="#structure876" value="S"/>
		<feat xlink:href="#structure877" value="VP"/>
		<feat xlink:href="#structure878" value="NP"/>
		<feat xlink:href="#structure879" value="NP"/>
		<feat xlink:href="#structure880" value="VP"/>
		<feat xlink:href="#structure881" value="SQ"/>
		<feat xlink:href="#structure882" value="SQ"/>
		<feat xlink:href="#structure883" value="ROOT"/>
		<feat xlink:href="#structure884" value="NP"/>
		<feat xlink:href="#structure885" value="NP"/>
		<feat xlink:href="#structure886" value="PP"/>
		<feat xlink:href="#structure887" value="VP"/>
		<feat xlink:href="#structure888" value="VP"/>
		<feat xlink:href="#structure889" value="S"/>
		<feat xlink:href="#structure890" value="VP"/>
		<feat xlink:href="#structure891" value="S"/>
		<feat xlink:href="#structure892" value="ROOT"/>
		<feat xlink:href="#structure893" value="NP"/>
		<feat xlink:href="#structure894" value="ADVP"/>
		<feat xlink:href="#structure895" value="NP"/>
		<feat xlink:href="#structure896" value="NP"/>
		<feat xlink:href="#structure897" value="PP"/>
		<feat xlink:href="#structure898" value="PP"/>
		<feat xlink:href="#structure899" value="VP"/>
		<feat xlink:href="#structure900" value="VP"/>
		<feat xlink:href="#structure901" value="S"/>
		<feat xlink:href="#structure902" value="ROOT"/>
		<feat xlink:href="#structure903" value="NP"/>
		<feat xlink:href="#structure904" value="NP"/>
		<feat xlink:href="#structure905" value="ADJP"/>
		<feat xlink:href="#structure906" value="VP"/>
		<feat xlink:href="#structure907" value="S"/>
		<feat xlink:href="#structure908" value="ROOT"/>
		<feat xlink:href="#structure909" value="NP"/>
		<feat xlink:href="#structure910" value="NP"/>
		<feat xlink:href="#structure911" value="VP"/>
		<feat xlink:href="#structure912" value="S"/>
		<feat xlink:href="#structure913" value="NP"/>
		<feat xlink:href="#structure914" value="NP"/>
		<feat xlink:href="#structure915" value="VP"/>
		<feat xlink:href="#structure916" value="S"/>
		<feat xlink:href="#structure917" value="S"/>
		<feat xlink:href="#structure918" value="ROOT"/>
		<feat xlink:href="#structure919" value="NP"/>
		<feat xlink:href="#structure920" value="NP"/>
		<feat xlink:href="#structure921" value="NP"/>
		<feat xlink:href="#structure922" value="PP"/>
		<feat xlink:href="#structure923" value="VP"/>
		<feat xlink:href="#structure924" value="VP"/>
		<feat xlink:href="#structure925" value="S"/>
		<feat xlink:href="#structure926" value="VP"/>
		<feat xlink:href="#structure927" value="VP"/>
		<feat xlink:href="#structure928" value="S"/>
		<feat xlink:href="#structure929" value="VP"/>
		<feat xlink:href="#structure930" value="VP"/>
		<feat xlink:href="#structure931" value="S"/>
		<feat xlink:href="#structure932" value="ROOT"/>
		<feat xlink:href="#structure933" value="NP"/>
		<feat xlink:href="#structure934" value="INTJ"/>
		<feat xlink:href="#structure935" value="NP"/>
		<feat xlink:href="#structure936" value="NP"/>
		<feat xlink:href="#structure937" value="PP"/>
		<feat xlink:href="#structure938" value="VP"/>
		<feat xlink:href="#structure939" value="S"/>
		<feat xlink:href="#structure940" value="NP"/>
		<feat xlink:href="#structure941" value="ADVP"/>
		<feat xlink:href="#structure942" value="NP"/>
		<feat xlink:href="#structure943" value="NP"/>
		<feat xlink:href="#structure944" value="PP"/>
		<feat xlink:href="#structure945" value="VP"/>
		<feat xlink:href="#structure946" value="VP"/>
		<feat xlink:href="#structure947" value="S"/>
		<feat xlink:href="#structure948" value="S"/>
		<feat xlink:href="#structure949" value="PP"/>
		<feat xlink:href="#structure950" value="VP"/>
		<feat xlink:href="#structure951" value="S"/>
		<feat xlink:href="#structure952" value="ROOT"/>
		<feat xlink:href="#structure953" value="NP"/>
		<feat xlink:href="#structure954" value="NP"/>
		<feat xlink:href="#structure955" value="VP"/>
		<feat xlink:href="#structure956" value="S"/>
		<feat xlink:href="#structure957" value="ROOT"/>
		<feat xlink:href="#structure958" value="NP"/>
		<feat xlink:href="#structure959" value="NP"/>
		<feat xlink:href="#structure960" value="NP"/>
		<feat xlink:href="#structure961" value="NP"/>
		<feat xlink:href="#structure962" value="NP"/>
		<feat xlink:href="#structure963" value="ADJP"/>
		<feat xlink:href="#structure964" value="NP"/>
		<feat xlink:href="#structure965" value="NP"/>
		<feat xlink:href="#structure966" value="PP"/>
		<feat xlink:href="#structure967" value="NP"/>
		<feat xlink:href="#structure968" value="NP"/>
		<feat xlink:href="#structure969" value="ADVP"/>
		<feat xlink:href="#structure970" value="VP"/>
		<feat xlink:href="#structure971" value="VP"/>
		<feat xlink:href="#structure972" value="S"/>
		<feat xlink:href="#structure973" value="SBAR"/>
		<feat xlink:href="#structure974" value="VP"/>
		<feat xlink:href="#structure975" value="S"/>
		<feat xlink:href="#structure976" value="ROOT"/>
		<feat xlink:href="#structure977" value="NP"/>
		<feat xlink:href="#structure978" value="ADVP"/>
		<feat xlink:href="#structure979" value="NP"/>
		<feat xlink:href="#structure980" value="NP"/>
		<feat xlink:href="#structure981" value="PRT"/>
		<feat xlink:href="#structure982" value="NP"/>
		<feat xlink:href="#structure983" value="ADVP"/>
		<feat xlink:href="#structure984" value="VP"/>
		<feat xlink:href="#structure985" value="VP"/>
		<feat xlink:href="#structure986" value="S"/>
		<feat xlink:href="#structure987" value="VP"/>
		<feat xlink:href="#structure988" value="VP"/>
		<feat xlink:href="#structure989" value="S"/>
		<feat xlink:href="#structure990" value="VP"/>
		<feat xlink:href="#structure991" value="S"/>
		<feat xlink:href="#structure992" value="PP"/>
		<feat xlink:href="#structure993" value="VP"/>
		<feat xlink:href="#structure994" value="VP"/>
		<feat xlink:href="#structure995" value="S"/>
		<feat xlink:href="#structure996" value="VP"/>
		<feat xlink:href="#structure997" value="VP"/>
		<feat xlink:href="#structure998" value="S"/>
		<feat xlink:href="#structure999" value="ROOT"/>
		<feat xlink:href="#structure1000" value="NP"/>
		<feat xlink:href="#structure1001" value="ADVP"/>
		<feat xlink:href="#structure1002" value="VP"/>
		<feat xlink:href="#structure1003" value="S"/>
		<feat xlink:href="#structure1004" value="NP"/>
		<feat xlink:href="#structure1005" value="NP"/>
		<feat xlink:href="#structure1006" value="NP"/>
		<feat xlink:href="#structure1007" value="NP"/>
		<feat xlink:href="#structure1008" value="VP"/>
		<feat xlink:href="#structure1009" value="VP"/>
		<feat xlink:href="#structure1010" value="S"/>
		<feat xlink:href="#structure1011" value="SBAR"/>
		<feat xlink:href="#structure1012" value="NP"/>
		<feat xlink:href="#structure1013" value="VP"/>
		<feat xlink:href="#structure1014" value="VP"/>
		<feat xlink:href="#structure1015" value="S"/>
		<feat xlink:href="#structure1016" value="VP"/>
		<feat xlink:href="#structure1017" value="S"/>
		<feat xlink:href="#structure1018" value="S"/>
		<feat xlink:href="#structure1019" value="ROOT"/>
		<feat xlink:href="#structure1020" value="NP"/>
		<feat xlink:href="#structure1021" value="PP"/>
		<feat xlink:href="#structure1022" value="NP"/>
		<feat xlink:href="#structure1023" value="NP"/>
		<feat xlink:href="#structure1024" value="NP"/>
		<feat xlink:href="#structure1025" value="FRAG"/>
		<feat xlink:href="#structure1026" value="ROOT"/>
		<feat xlink:href="#structure1027" value="NP"/>
		<feat xlink:href="#structure1028" value="NP"/>
		<feat xlink:href="#structure1029" value="ADJP"/>
		<feat xlink:href="#structure1030" value="ADVP"/>
		<feat xlink:href="#structure1031" value="VP"/>
		<feat xlink:href="#structure1032" value="S"/>
		<feat xlink:href="#structure1033" value="PP"/>
		<feat xlink:href="#structure1034" value="NP"/>
		<feat xlink:href="#structure1035" value="NP"/>
		<feat xlink:href="#structure1036" value="ADJP"/>
		<feat xlink:href="#structure1037" value="NP"/>
		<feat xlink:href="#structure1038" value="NP"/>
		<feat xlink:href="#structure1039" value="PP"/>
		<feat xlink:href="#structure1040" value="NP"/>
		<feat xlink:href="#structure1041" value="PP"/>
		<feat xlink:href="#structure1042" value="VP"/>
		<feat xlink:href="#structure1043" value="VP"/>
		<feat xlink:href="#structure1044" value="S"/>
		<feat xlink:href="#structure1045" value="SBAR"/>
		<feat xlink:href="#structure1046" value="VP"/>
		<feat xlink:href="#structure1047" value="S"/>
		<feat xlink:href="#structure1048" value="VP"/>
		<feat xlink:href="#structure1049" value="VP"/>
		<feat xlink:href="#structure1050" value="S"/>
		<feat xlink:href="#structure1051" value="ROOT"/>
		<feat xlink:href="#structure1052" value="NP"/>
		<feat xlink:href="#structure1053" value="NP"/>
		<feat xlink:href="#structure1054" value="NP"/>
		<feat xlink:href="#structure1055" value="PP"/>
		<feat xlink:href="#structure1056" value="NP"/>
		<feat xlink:href="#structure1057" value="NP"/>
		<feat xlink:href="#structure1058" value="PP"/>
		<feat xlink:href="#structure1059" value="NP"/>
		<feat xlink:href="#structure1060" value="PP"/>
		<feat xlink:href="#structure1061" value="VP"/>
		<feat xlink:href="#structure1062" value="NP"/>
		<feat xlink:href="#structure1063" value="VP"/>
		<feat xlink:href="#structure1064" value="VP"/>
		<feat xlink:href="#structure1065" value="S"/>
		<feat xlink:href="#structure1066" value="VP"/>
		<feat xlink:href="#structure1067" value="VP"/>
		<feat xlink:href="#structure1068" value="S"/>
		<feat xlink:href="#structure1069" value="ROOT"/>
		<feat xlink:href="#structure1070" value="NP"/>
		<feat xlink:href="#structure1071" value="PRT"/>
		<feat xlink:href="#structure1072" value="NP"/>
		<feat xlink:href="#structure1073" value="NP"/>
		<feat xlink:href="#structure1074" value="PP"/>
		<feat xlink:href="#structure1075" value="NP"/>
		<feat xlink:href="#structure1076" value="PP"/>
		<feat xlink:href="#structure1077" value="NP"/>
		<feat xlink:href="#structure1078" value="NP"/>
		<feat xlink:href="#structure1079" value="VP"/>
		<feat xlink:href="#structure1080" value="S"/>
		<feat xlink:href="#structure1081" value="SBAR"/>
		<feat xlink:href="#structure1082" value="VP"/>
		<feat xlink:href="#structure1083" value="VP"/>
		<feat xlink:href="#structure1084" value="S"/>
		<feat xlink:href="#structure1085" value="VP"/>
		<feat xlink:href="#structure1086" value="INTJ"/>
		<feat xlink:href="#structure1087" value="NP"/>
		<feat xlink:href="#structure1088" value="VP"/>
		<feat xlink:href="#structure1089" value="S"/>
		<feat xlink:href="#structure1090" value="ROOT"/>
		<feat xlink:href="#structure1091" value="INTJ"/>
		<feat xlink:href="#structure1092" value="ROOT"/>
		<feat xlink:href="#structure1093" value="NP"/>
		<feat xlink:href="#structure1094" value="ROOT"/>
		<feat xlink:href="#structure1095" value="NP"/>
		<feat xlink:href="#structure1096" value="NP"/>
		<feat xlink:href="#structure1097" value="NP"/>
		<feat xlink:href="#structure1098" value="PP"/>
		<feat xlink:href="#structure1099" value="NP"/>
		<feat xlink:href="#structure1100" value="VP"/>
		<feat xlink:href="#structure1101" value="S"/>
		<feat xlink:href="#structure1102" value="ROOT"/>
		<feat xlink:href="#structure1103" value="INTJ"/>
		<feat xlink:href="#structure1104" value="ROOT"/>
		<feat xlink:href="#structure1105" value="NP"/>
		<feat xlink:href="#structure1106" value="NP"/>
		<feat xlink:href="#structure1107" value="PP"/>
		<feat xlink:href="#structure1108" value="VP"/>
		<feat xlink:href="#structure1109" value="VP"/>
		<feat xlink:href="#structure1110" value="S"/>
		<feat xlink:href="#structure1111" value="ROOT"/>
		<feat xlink:href="#structure1112" value="NP"/>
		<feat xlink:href="#structure1113" value="VP"/>
		<feat xlink:href="#structure1114" value="S"/>
		<feat xlink:href="#structure1115" value="VP"/>
		<feat xlink:href="#structure1116" value="S"/>
		<feat xlink:href="#structure1117" value="ROOT"/>
		<feat xlink:href="#structure1118" value="NP"/>
		<feat xlink:href="#structure1119" value="VP"/>
		<feat xlink:href="#structure1120" value="PRT"/>
		<feat xlink:href="#structure1121" value="NP"/>
		<feat xlink:href="#structure1122" value="ADVP"/>
		<feat xlink:href="#structure1123" value="NP"/>
		<feat xlink:href="#structure1124" value="VP"/>
		<feat xlink:href="#structure1125" value="VP"/>
		<feat xlink:href="#structure1126" value="NP"/>
		<feat xlink:href="#structure1127" value="PP"/>
		<feat xlink:href="#structure1128" value="PP"/>
		<feat xlink:href="#structure1129" value="NP"/>
		<feat xlink:href="#structure1130" value="PP"/>
		<feat xlink:href="#structure1131" value="VP"/>
		<feat xlink:href="#structure1132" value="VP"/>
		<feat xlink:href="#structure1133" value="S"/>
		<feat xlink:href="#structure1134" value="VP"/>
		<feat xlink:href="#structure1135" value="VP"/>
		<feat xlink:href="#structure1136" value="VP"/>
		<feat xlink:href="#structure1137" value="S"/>
		<feat xlink:href="#structure1138" value="VP"/>
		<feat xlink:href="#structure1139" value="SQ"/>
		<feat xlink:href="#structure1140" value="ROOT"/>
		<feat xlink:href="#structure1141" value="NP"/>
		<feat xlink:href="#structure1142" value="NP"/>
		<feat xlink:href="#structure1143" value="NP"/>
		<feat xlink:href="#structure1144" value="PP"/>
		<feat xlink:href="#structure1145" value="NP"/>
		<feat xlink:href="#structure1146" value="ADJP"/>
		<feat xlink:href="#structure1147" value="WHADVP"/>
		<feat xlink:href="#structure1148" value="NP"/>
		<feat xlink:href="#structure1149" value="VP"/>
		<feat xlink:href="#structure1150" value="S"/>
		<feat xlink:href="#structure1151" value="SBAR"/>
		<feat xlink:href="#structure1152" value="WHADVP"/>
		<feat xlink:href="#structure1153" value="VP"/>
		<feat xlink:href="#structure1154" value="VP"/>
		<feat xlink:href="#structure1155" value="S"/>
		<feat xlink:href="#structure1156" value="SBAR"/>
		<feat xlink:href="#structure1157" value="SBAR"/>
		<feat xlink:href="#structure1158" value="VP"/>
		<feat xlink:href="#structure1159" value="S"/>
		<feat xlink:href="#structure1160" value="VP"/>
		<feat xlink:href="#structure1161" value="S"/>
		<feat xlink:href="#structure1162" value="SBAR"/>
		<feat xlink:href="#structure1163" value="VP"/>
		<feat xlink:href="#structure1164" value="S"/>
		<feat xlink:href="#structure1165" value="ROOT"/></featList></paula>