<?xml version='1.0' encoding='UTF-8'?><!DOCTYPE paula SYSTEM "paula_feat.dtd">
<paula version="1.1">
	<header paula_id="dep.GENTLE_esports_fortnite.dep_func"/>
	<featList xmlns:xlink="http://www.w3.org/1999/xlink" type="func" xml:base="dep.GENTLE_esports_fortnite.dep.xml">
		<feat xlink:href="#sPointingRel1" value="case"/>
		<feat xlink:href="#sPointingRel2" value="case"/>
		<feat xlink:href="#sPointingRel3" value="det"/>
		<feat xlink:href="#sPointingRel4" value="obl"/>
		<feat xlink:href="#sPointingRel6" value="compound"/>
		<feat xlink:href="#sPointingRel7" value="nsubj"/>
		<feat xlink:href="#sPointingRel8" value="aux"/>
		<feat xlink:href="#sPointingRel9" value="nummod"/>
		<feat xlink:href="#sPointingRel10" value="amod"/>
		<feat xlink:href="#sPointingRel11" value="obl:unmarked"/>
		<feat xlink:href="#sPointingRel12" value="punct"/>
		<feat xlink:href="#sPointingRel13" value="det"/>
		<feat xlink:href="#sPointingRel14" value="compound"/>
		<feat xlink:href="#sPointingRel15" value="compound"/>
		<feat xlink:href="#sPointingRel16" value="compound"/>
		<feat xlink:href="#sPointingRel17" value="nsubj"/>
		<feat xlink:href="#sPointingRel18" value="parataxis"/>
		<feat xlink:href="#sPointingRel19" value="advmod"/>
		<feat xlink:href="#sPointingRel20" value="advmod"/>
		<feat xlink:href="#sPointingRel21" value="punct"/>
		<feat xlink:href="#sPointingRel22" value="det"/>
		<feat xlink:href="#sPointingRel23" value="nummod"/>
		<feat xlink:href="#sPointingRel24" value="case"/>
		<feat xlink:href="#sPointingRel25" value="nmod:poss"/>
		<feat xlink:href="#sPointingRel26" value="nmod"/>
		<feat xlink:href="#sPointingRel28" value="advmod"/>
		<feat xlink:href="#sPointingRel29" value="punct"/>
		<feat xlink:href="#sPointingRel30" value="parataxis"/>
		<feat xlink:href="#sPointingRel31" value="punct"/>
		<feat xlink:href="#sPointingRel32" value="conj"/>
		<feat xlink:href="#sPointingRel33" value="punct"/>
		<feat xlink:href="#sPointingRel34" value="acl"/>
		<feat xlink:href="#sPointingRel35" value="advmod"/>
		<feat xlink:href="#sPointingRel36" value="case"/>
		<feat xlink:href="#sPointingRel37" value="obl"/>
		<feat xlink:href="#sPointingRel39" value="case"/>
		<feat xlink:href="#sPointingRel40" value="nmod"/>
		<feat xlink:href="#sPointingRel42" value="advmod"/>
		<feat xlink:href="#sPointingRel43" value="advmod"/>
		<feat xlink:href="#sPointingRel44" value="det"/>
		<feat xlink:href="#sPointingRel45" value="amod"/>
		<feat xlink:href="#sPointingRel46" value="parataxis"/>
		<feat xlink:href="#sPointingRel47" value="punct"/>
		<feat xlink:href="#sPointingRel48" value="det"/>
		<feat xlink:href="#sPointingRel49" value="appos"/>
		<feat xlink:href="#sPointingRel50" value="case"/>
		<feat xlink:href="#sPointingRel51" value="det"/>
		<feat xlink:href="#sPointingRel52" value="amod"/>
		<feat xlink:href="#sPointingRel53" value="nmod"/>
		<feat xlink:href="#sPointingRel55" value="acl"/>
		<feat xlink:href="#sPointingRel56" value="case"/>
		<feat xlink:href="#sPointingRel57" value="obl"/>
		<feat xlink:href="#sPointingRel59" value="det"/>
		<feat xlink:href="#sPointingRel60" value="amod"/>
		<feat xlink:href="#sPointingRel61" value="obl:unmarked"/>
		<feat xlink:href="#sPointingRel62" value="case"/>
		<feat xlink:href="#sPointingRel63" value="det"/>
		<feat xlink:href="#sPointingRel64" value="nmod"/>
		<feat xlink:href="#sPointingRel66" value="punct"/>
		<feat xlink:href="#sPointingRel67" value="case"/>
		<feat xlink:href="#sPointingRel68" value="obl"/>
		<feat xlink:href="#sPointingRel70" value="case"/>
		<feat xlink:href="#sPointingRel71" value="det"/>
		<feat xlink:href="#sPointingRel72" value="obl"/>
		<feat xlink:href="#sPointingRel74" value="punct"/>
		<feat xlink:href="#sPointingRel75" value="expl"/>
		<feat xlink:href="#sPointingRel76" value="parataxis"/>
		<feat xlink:href="#sPointingRel77" value="nmod:poss"/>
		<feat xlink:href="#sPointingRel78" value="amod"/>
		<feat xlink:href="#sPointingRel79" value="nsubj"/>
		<feat xlink:href="#sPointingRel80" value="case"/>
		<feat xlink:href="#sPointingRel81" value="det"/>
		<feat xlink:href="#sPointingRel82" value="amod"/>
		<feat xlink:href="#sPointingRel83" value="obl"/>
		<feat xlink:href="#sPointingRel85" value="punct"/>
		<feat xlink:href="#sPointingRel86" value="appos"/>
		<feat xlink:href="#sPointingRel87" value="punct"/>
		<feat xlink:href="#sPointingRel88" value="conj"/>
		<feat xlink:href="#sPointingRel91" value="punct"/>
		<feat xlink:href="#sPointingRel92" value="conj"/>
		<feat xlink:href="#sPointingRel95" value="punct"/>
		<feat xlink:href="#sPointingRel96" value="conj"/>
		<feat xlink:href="#sPointingRel99" value="punct"/>
		<feat xlink:href="#sPointingRel100" value="conj"/>
		<feat xlink:href="#sPointingRel103" value="punct"/>
		<feat xlink:href="#sPointingRel104" value="conj"/>
		<feat xlink:href="#sPointingRel107" value="punct"/>
		<feat xlink:href="#sPointingRel108" value="conj"/>
		<feat xlink:href="#sPointingRel111" value="cc"/>
		<feat xlink:href="#sPointingRel112" value="det"/>
		<feat xlink:href="#sPointingRel113" value="conj"/>
		<feat xlink:href="#sPointingRel116" value="punct"/>
		<feat xlink:href="#sPointingRel117" value="amod"/>
		<feat xlink:href="#sPointingRel118" value="advmod"/>
		<feat xlink:href="#sPointingRel119" value="advmod"/>
		<feat xlink:href="#sPointingRel120" value="case"/>
		<feat xlink:href="#sPointingRel121" value="nmod"/>
		<feat xlink:href="#sPointingRel123" value="case"/>
		<feat xlink:href="#sPointingRel124" value="obl"/>
		<feat xlink:href="#sPointingRel126" value="punct"/>
		<feat xlink:href="#sPointingRel127" value="advmod"/>
		<feat xlink:href="#sPointingRel128" value="nummod"/>
		<feat xlink:href="#sPointingRel129" value="parataxis"/>
		<feat xlink:href="#sPointingRel130" value="cc"/>
		<feat xlink:href="#sPointingRel131" value="nummod"/>
		<feat xlink:href="#sPointingRel132" value="conj"/>
		<feat xlink:href="#sPointingRel134" value="parataxis"/>
		<feat xlink:href="#sPointingRel135" value="mark"/>
		<feat xlink:href="#sPointingRel136" value="advcl"/>
		<feat xlink:href="#sPointingRel138" value="obj"/>
		<feat xlink:href="#sPointingRel139" value="case"/>
		<feat xlink:href="#sPointingRel140" value="amod"/>
		<feat xlink:href="#sPointingRel141" value="obl"/>
		<feat xlink:href="#sPointingRel143" value="advmod"/>
		<feat xlink:href="#sPointingRel144" value="advmod"/>
		<feat xlink:href="#sPointingRel145" value="punct"/>
		<feat xlink:href="#sPointingRel146" value="nummod"/>
		<feat xlink:href="#sPointingRel147" value="mark"/>
		<feat xlink:href="#sPointingRel148" value="acl"/>
		<feat xlink:href="#sPointingRel150" value="case"/>
		<feat xlink:href="#sPointingRel151" value="nmod"/>
		<feat xlink:href="#sPointingRel153" value="punct"/>
		<feat xlink:href="#sPointingRel154" value="nsubj"/>
		<feat xlink:href="#sPointingRel155" value="cc"/>
		<feat xlink:href="#sPointingRel156" value="conj"/>
		<feat xlink:href="#sPointingRel159" value="parataxis"/>
		<feat xlink:href="#sPointingRel160" value="compound:prt"/>
		<feat xlink:href="#sPointingRel161" value="case"/>
		<feat xlink:href="#sPointingRel162" value="det"/>
		<feat xlink:href="#sPointingRel163" value="obl"/>
		<feat xlink:href="#sPointingRel165" value="det"/>
		<feat xlink:href="#sPointingRel166" value="amod"/>
		<feat xlink:href="#sPointingRel167" value="nummod"/>
		<feat xlink:href="#sPointingRel168" value="obl:unmarked"/>
		<feat xlink:href="#sPointingRel169" value="cc"/>
		<feat xlink:href="#sPointingRel170" value="nsubj"/>
		<feat xlink:href="#sPointingRel171" value="conj"/>
		<feat xlink:href="#sPointingRel173" value="advmod"/>
		<feat xlink:href="#sPointingRel174" value="case"/>
		<feat xlink:href="#sPointingRel175" value="obl"/>
		<feat xlink:href="#sPointingRel177" value="flat"/>
		<feat xlink:href="#sPointingRel178" value="punct"/>
		<feat xlink:href="#sPointingRel179" value="nsubj"/>
		<feat xlink:href="#sPointingRel180" value="aux"/>
		<feat xlink:href="#sPointingRel181" value="cop"/>
		<feat xlink:href="#sPointingRel182" value="case"/>
		<feat xlink:href="#sPointingRel183" value="det"/>
		<feat xlink:href="#sPointingRel184" value="case"/>
		<feat xlink:href="#sPointingRel185" value="det"/>
		<feat xlink:href="#sPointingRel186" value="nummod"/>
		<feat xlink:href="#sPointingRel187" value="obl"/>
		<feat xlink:href="#sPointingRel189" value="punct"/>
		<feat xlink:href="#sPointingRel190" value="nsubj"/>
		<feat xlink:href="#sPointingRel191" value="aux"/>
		<feat xlink:href="#sPointingRel192" value="advmod"/>
		<feat xlink:href="#sPointingRel193" value="det"/>
		<feat xlink:href="#sPointingRel194" value="amod"/>
		<feat xlink:href="#sPointingRel195" value="compound"/>
		<feat xlink:href="#sPointingRel196" value="obj"/>
		<feat xlink:href="#sPointingRel197" value="punct"/>
		<feat xlink:href="#sPointingRel198" value="aux"/>
		<feat xlink:href="#sPointingRel199" value="nsubj"/>
		<feat xlink:href="#sPointingRel200" value="det"/>
		<feat xlink:href="#sPointingRel201" value="amod"/>
		<feat xlink:href="#sPointingRel202" value="obj"/>
		<feat xlink:href="#sPointingRel203" value="cc"/>
		<feat xlink:href="#sPointingRel204" value="aux"/>
		<feat xlink:href="#sPointingRel205" value="nsubj"/>
		<feat xlink:href="#sPointingRel206" value="conj"/>
		<feat xlink:href="#sPointingRel208" value="obj"/>
		<feat xlink:href="#sPointingRel209" value="compound:prt"/>
		<feat xlink:href="#sPointingRel210" value="advmod"/>
		<feat xlink:href="#sPointingRel211" value="advmod"/>
		<feat xlink:href="#sPointingRel212" value="mark"/>
		<feat xlink:href="#sPointingRel213" value="advcl"/>
		<feat xlink:href="#sPointingRel215" value="nmod:poss"/>
		<feat xlink:href="#sPointingRel216" value="compound"/>
		<feat xlink:href="#sPointingRel217" value="compound"/>
		<feat xlink:href="#sPointingRel218" value="xcomp"/>
		<feat xlink:href="#sPointingRel219" value="punct"/>
		<feat xlink:href="#sPointingRel220" value="dislocated"/>
		<feat xlink:href="#sPointingRel221" value="case"/>
		<feat xlink:href="#sPointingRel222" value="det"/>
		<feat xlink:href="#sPointingRel223" value="obl"/>
		<feat xlink:href="#sPointingRel225" value="nsubj"/>
		<feat xlink:href="#sPointingRel229" value="cop"/>
		<feat xlink:href="#sPointingRel230" value="case"/>
		<feat xlink:href="#sPointingRel231" value="nummod"/>
		<feat xlink:href="#sPointingRel232" value="compound"/>
		<feat xlink:href="#sPointingRel233" value="amod"/>
		<feat xlink:href="#sPointingRel234" value="conj"/>
		<feat xlink:href="#sPointingRel235" value="punct"/>
		<feat xlink:href="#sPointingRel236" value="conj"/>
		<feat xlink:href="#sPointingRel237" value="punct"/>
		<feat xlink:href="#sPointingRel238" value="conj"/>
		<feat xlink:href="#sPointingRel239" value="det"/>
		<feat xlink:href="#sPointingRel240" value="advmod"/>
		<feat xlink:href="#sPointingRel241" value="amod"/>
		<feat xlink:href="#sPointingRel242" value="obl:unmarked"/>
		<feat xlink:href="#sPointingRel243" value="case"/>
		<feat xlink:href="#sPointingRel244" value="det"/>
		<feat xlink:href="#sPointingRel245" value="compound"/>
		<feat xlink:href="#sPointingRel246" value="obl"/>
		<feat xlink:href="#sPointingRel248" value="punct"/>
		<feat xlink:href="#sPointingRel249" value="discourse"/>
		<feat xlink:href="#sPointingRel250" value="nsubj"/>
		<feat xlink:href="#sPointingRel251" value="advmod"/>
		<feat xlink:href="#sPointingRel252" value="nmod:poss"/>
		<feat xlink:href="#sPointingRel253" value="amod"/>
		<feat xlink:href="#sPointingRel254" value="compound"/>
		<feat xlink:href="#sPointingRel255" value="punct"/>
		<feat xlink:href="#sPointingRel256" value="compound"/>
		<feat xlink:href="#sPointingRel257" value="obj"/>
		<feat xlink:href="#sPointingRel258" value="mark"/>
		<feat xlink:href="#sPointingRel259" value="advcl"/>
		<feat xlink:href="#sPointingRel261" value="mark"/>
		<feat xlink:href="#sPointingRel262" value="xcomp"/>
		<feat xlink:href="#sPointingRel263" value="xcomp"/>
		<feat xlink:href="#sPointingRel264" value="obj"/>
		<feat xlink:href="#sPointingRel265" value="mark"/>
		<feat xlink:href="#sPointingRel266" value="advcl"/>
		<feat xlink:href="#sPointingRel268" value="iobj"/>
		<feat xlink:href="#sPointingRel269" value="det"/>
		<feat xlink:href="#sPointingRel270" value="obj"/>
		<feat xlink:href="#sPointingRel271" value="punct"/>
		<feat xlink:href="#sPointingRel272" value="cc"/>
		<feat xlink:href="#sPointingRel273" value="advmod"/>
		<feat xlink:href="#sPointingRel274" value="case"/>
		<feat xlink:href="#sPointingRel275" value="obl"/>
		<feat xlink:href="#sPointingRel277" value="aux"/>
		<feat xlink:href="#sPointingRel278" value="advmod"/>
		<feat xlink:href="#sPointingRel279" value="case"/>
		<feat xlink:href="#sPointingRel280" value="compound"/>
		<feat xlink:href="#sPointingRel281" value="nummod"/>
		<feat xlink:href="#sPointingRel282" value="obl"/>
		<feat xlink:href="#sPointingRel284" value="punct"/>
		<feat xlink:href="#sPointingRel285" value="nsubj"/>
		<feat xlink:href="#sPointingRel288" value="aux"/>
		<feat xlink:href="#sPointingRel289" value="parataxis"/>
		<feat xlink:href="#sPointingRel290" value="mark"/>
		<feat xlink:href="#sPointingRel291" value="xcomp"/>
		<feat xlink:href="#sPointingRel292" value="advmod"/>
		<feat xlink:href="#sPointingRel293" value="advmod"/>
		<feat xlink:href="#sPointingRel294" value="cc"/>
		<feat xlink:href="#sPointingRel295" value="conj"/>
		<feat xlink:href="#sPointingRel298" value="nsubj"/>
		<feat xlink:href="#sPointingRel299" value="ccomp"/>
		<feat xlink:href="#sPointingRel300" value="punct"/>
		<feat xlink:href="#sPointingRel301" value="aux"/>
		<feat xlink:href="#sPointingRel302" value="advmod"/>
		<feat xlink:href="#sPointingRel303" value="parataxis"/>
		<feat xlink:href="#sPointingRel304" value="mark"/>
		<feat xlink:href="#sPointingRel305" value="nsubj"/>
		<feat xlink:href="#sPointingRel306" value="mark"/>
		<feat xlink:href="#sPointingRel307" value="advcl"/>
		<feat xlink:href="#sPointingRel309" value="advmod"/>
		<feat xlink:href="#sPointingRel310" value="punct"/>
		<feat xlink:href="#sPointingRel311" value="nsubj"/>
		<feat xlink:href="#sPointingRel312" value="parataxis"/>
		<feat xlink:href="#sPointingRel313" value="punct"/>
		<feat xlink:href="#sPointingRel314" value="parataxis"/>
		<feat xlink:href="#sPointingRel315" value="nsubj"/>
		<feat xlink:href="#sPointingRel316" value="ccomp"/>
		<feat xlink:href="#sPointingRel317" value="compound"/>
		<feat xlink:href="#sPointingRel318" value="nummod"/>
		<feat xlink:href="#sPointingRel319" value="obj"/>
		<feat xlink:href="#sPointingRel320" value="advmod"/>
		<feat xlink:href="#sPointingRel321" value="punct"/>
		<feat xlink:href="#sPointingRel322" value="nmod:poss"/>
		<feat xlink:href="#sPointingRel323" value="nsubj"/>
		<feat xlink:href="#sPointingRel326" value="parataxis"/>
		<feat xlink:href="#sPointingRel327" value="mark"/>
		<feat xlink:href="#sPointingRel328" value="xcomp"/>
		<feat xlink:href="#sPointingRel329" value="iobj"/>
		<feat xlink:href="#sPointingRel331" value="mark"/>
		<feat xlink:href="#sPointingRel332" value="xcomp"/>
		<feat xlink:href="#sPointingRel333" value="det"/>
		<feat xlink:href="#sPointingRel334" value="obj"/>
		<feat xlink:href="#sPointingRel335" value="compound:prt"/>
		<feat xlink:href="#sPointingRel336" value="cc"/>
		<feat xlink:href="#sPointingRel337" value="nsubj"/>
		<feat xlink:href="#sPointingRel339" value="aux"/>
		<feat xlink:href="#sPointingRel340" value="conj"/>
		<feat xlink:href="#sPointingRel342" value="mark"/>
		<feat xlink:href="#sPointingRel343" value="xcomp"/>
		<feat xlink:href="#sPointingRel344" value="punct"/>
		<feat xlink:href="#sPointingRel345" value="discourse"/>
		<feat xlink:href="#sPointingRel346" value="punct"/>
		<feat xlink:href="#sPointingRel347" value="nmod:poss"/>
		<feat xlink:href="#sPointingRel348" value="iobj"/>
		<feat xlink:href="#sPointingRel350" value="mark"/>
		<feat xlink:href="#sPointingRel351" value="xcomp"/>
		<feat xlink:href="#sPointingRel352" value="obj"/>
		<feat xlink:href="#sPointingRel353" value="punct"/>
		<feat xlink:href="#sPointingRel354" value="nsubj"/>
		<feat xlink:href="#sPointingRel355" value="parataxis"/>
		<feat xlink:href="#sPointingRel356" value="case"/>
		<feat xlink:href="#sPointingRel357" value="det"/>
		<feat xlink:href="#sPointingRel358" value="obl"/>
		<feat xlink:href="#sPointingRel360" value="punct"/>
		<feat xlink:href="#sPointingRel361" value="nsubj"/>
		<feat xlink:href="#sPointingRel362" value="advmod"/>
		<feat xlink:href="#sPointingRel363" value="compound:prt"/>
		<feat xlink:href="#sPointingRel364" value="amod"/>
		<feat xlink:href="#sPointingRel365" value="obj"/>
		<feat xlink:href="#sPointingRel366" value="punct"/>
		<feat xlink:href="#sPointingRel367" value="nsubj"/>
		<feat xlink:href="#sPointingRel368" value="case"/>
		<feat xlink:href="#sPointingRel369" value="det"/>
		<feat xlink:href="#sPointingRel370" value="advmod"/>
		<feat xlink:href="#sPointingRel371" value="amod"/>
		<feat xlink:href="#sPointingRel372" value="amod"/>
		<feat xlink:href="#sPointingRel373" value="parataxis"/>
		<feat xlink:href="#sPointingRel374" value="punct"/>
		<feat xlink:href="#sPointingRel375" value="parataxis"/>
		<feat xlink:href="#sPointingRel376" value="obj"/>
		<feat xlink:href="#sPointingRel377" value="advmod"/>
		<feat xlink:href="#sPointingRel378" value="fixed"/>
		<feat xlink:href="#sPointingRel379" value="punct"/>
		<feat xlink:href="#sPointingRel380" value="nsubj"/>
		<feat xlink:href="#sPointingRel381" value="case"/>
		<feat xlink:href="#sPointingRel382" value="obl"/>
		<feat xlink:href="#sPointingRel384" value="appos"/>
		<feat xlink:href="#sPointingRel385" value="nsubj"/>
		<feat xlink:href="#sPointingRel386" value="acl:relcl"/>
		<feat xlink:href="#sPointingRel387" value="punct"/>
		<feat xlink:href="#sPointingRel388" value="amod"/>
		<feat xlink:href="#sPointingRel389" value="compound"/>
		<feat xlink:href="#sPointingRel390" value="appos"/>
		<feat xlink:href="#sPointingRel391" value="nummod"/>
		<feat xlink:href="#sPointingRel392" value="conj"/>
		<feat xlink:href="#sPointingRel395" value="cc"/>
		<feat xlink:href="#sPointingRel396" value="det"/>
		<feat xlink:href="#sPointingRel397" value="compound"/>
		<feat xlink:href="#sPointingRel398" value="conj"/>
		<feat xlink:href="#sPointingRel401" value="punct"/>
		<feat xlink:href="#sPointingRel402" value="vocative"/>
		<feat xlink:href="#sPointingRel403" value="punct"/>
		<feat xlink:href="#sPointingRel404" value="nsubj"/>
		<feat xlink:href="#sPointingRel405" value="case"/>
		<feat xlink:href="#sPointingRel406" value="det"/>
		<feat xlink:href="#sPointingRel407" value="amod"/>
		<feat xlink:href="#sPointingRel408" value="nmod"/>
		<feat xlink:href="#sPointingRel410" value="mark"/>
		<feat xlink:href="#sPointingRel411" value="acl"/>
		<feat xlink:href="#sPointingRel413" value="advmod"/>
		<feat xlink:href="#sPointingRel414" value="case"/>
		<feat xlink:href="#sPointingRel415" value="det"/>
		<feat xlink:href="#sPointingRel416" value="obl"/>
		<feat xlink:href="#sPointingRel418" value="cop"/>
		<feat xlink:href="#sPointingRel420" value="punct"/>
		<feat xlink:href="#sPointingRel421" value="nsubj"/>
		<feat xlink:href="#sPointingRel423" value="cop"/>
		<feat xlink:href="#sPointingRel424" value="case"/>
		<feat xlink:href="#sPointingRel425" value="det"/>
		<feat xlink:href="#sPointingRel426" value="amod"/>
		<feat xlink:href="#sPointingRel427" value="acl:relcl"/>
		<feat xlink:href="#sPointingRel428" value="advmod"/>
		<feat xlink:href="#sPointingRel429" value="punct"/>
		<feat xlink:href="#sPointingRel430" value="advmod"/>
		<feat xlink:href="#sPointingRel431" value="parataxis"/>
		<feat xlink:href="#sPointingRel432" value="case"/>
		<feat xlink:href="#sPointingRel433" value="det"/>
		<feat xlink:href="#sPointingRel434" value="amod"/>
		<feat xlink:href="#sPointingRel435" value="obl"/>
		<feat xlink:href="#sPointingRel437" value="punct"/>
		<feat xlink:href="#sPointingRel438" value="mark"/>
		<feat xlink:href="#sPointingRel439" value="nsubj"/>
		<feat xlink:href="#sPointingRel440" value="reparandum"/>
		<feat xlink:href="#sPointingRel441" value="punct"/>
		<feat xlink:href="#sPointingRel442" value="mark"/>
		<feat xlink:href="#sPointingRel443" value="nsubj"/>
		<feat xlink:href="#sPointingRel444" value="advcl"/>
		<feat xlink:href="#sPointingRel446" value="obj"/>
		<feat xlink:href="#sPointingRel447" value="compound:prt"/>
		<feat xlink:href="#sPointingRel448" value="punct"/>
		<feat xlink:href="#sPointingRel449" value="aux"/>
		<feat xlink:href="#sPointingRel450" value="nsubj"/>
		<feat xlink:href="#sPointingRel451" value="det:predet"/>
		<feat xlink:href="#sPointingRel452" value="det"/>
		<feat xlink:href="#sPointingRel453" value="obj"/>
		<feat xlink:href="#sPointingRel454" value="acl"/>
		<feat xlink:href="#sPointingRel455" value="case"/>
		<feat xlink:href="#sPointingRel456" value="det"/>
		<feat xlink:href="#sPointingRel457" value="amod"/>
		<feat xlink:href="#sPointingRel458" value="obl"/>
		<feat xlink:href="#sPointingRel460" value="case"/>
		<feat xlink:href="#sPointingRel461" value="det"/>
		<feat xlink:href="#sPointingRel462" value="nmod"/>
		<feat xlink:href="#sPointingRel464" value="punct"/>
		<feat xlink:href="#sPointingRel465" value="dislocated"/>
		<feat xlink:href="#sPointingRel466" value="nsubj"/>
		<feat xlink:href="#sPointingRel468" value="mark"/>
		<feat xlink:href="#sPointingRel469" value="xcomp"/>
		<feat xlink:href="#sPointingRel470" value="advmod"/>
		<feat xlink:href="#sPointingRel471" value="case"/>
		<feat xlink:href="#sPointingRel472" value="det"/>
		<feat xlink:href="#sPointingRel473" value="obl"/>
		<feat xlink:href="#sPointingRel475" value="punct"/>
		<feat xlink:href="#sPointingRel476" value="det"/>
		<feat xlink:href="#sPointingRel477" value="compound"/>
		<feat xlink:href="#sPointingRel478" value="nsubj:pass"/>
		<feat xlink:href="#sPointingRel479" value="acl"/>
		<feat xlink:href="#sPointingRel480" value="punct"/>
		<feat xlink:href="#sPointingRel481" value="aux"/>
		<feat xlink:href="#sPointingRel482" value="aux:pass"/>
		<feat xlink:href="#sPointingRel483" value="parataxis"/>
		<feat xlink:href="#sPointingRel484" value="case"/>
		<feat xlink:href="#sPointingRel485" value="det"/>
		<feat xlink:href="#sPointingRel486" value="obl"/>
		<feat xlink:href="#sPointingRel488" value="punct"/>
		<feat xlink:href="#sPointingRel489" value="discourse"/>
		<feat xlink:href="#sPointingRel490" value="punct"/>
		<feat xlink:href="#sPointingRel491" value="nsubj"/>
		<feat xlink:href="#sPointingRel492" value="cop"/>
		<feat xlink:href="#sPointingRel493" value="punct"/>
		<feat xlink:href="#sPointingRel494" value="nsubj"/>
		<feat xlink:href="#sPointingRel495" value="amod"/>
		<feat xlink:href="#sPointingRel496" value="parataxis"/>
		<feat xlink:href="#sPointingRel497" value="punct"/>
		<feat xlink:href="#sPointingRel498" value="det"/>
		<feat xlink:href="#sPointingRel499" value="nsubj"/>
		<feat xlink:href="#sPointingRel500" value="case"/>
		<feat xlink:href="#sPointingRel501" value="nmod"/>
		<feat xlink:href="#sPointingRel503" value="punct"/>
		<feat xlink:href="#sPointingRel504" value="nsubj"/>
		<feat xlink:href="#sPointingRel505" value="cc"/>
		<feat xlink:href="#sPointingRel506" value="conj"/>
		<feat xlink:href="#sPointingRel509" value="parataxis"/>
		<feat xlink:href="#sPointingRel510" value="case"/>
		<feat xlink:href="#sPointingRel511" value="compound"/>
		<feat xlink:href="#sPointingRel512" value="obl"/>
		<feat xlink:href="#sPointingRel514" value="advmod"/>
		<feat xlink:href="#sPointingRel515" value="advcl"/>
		<feat xlink:href="#sPointingRel516" value="case"/>
		<feat xlink:href="#sPointingRel517" value="det"/>
		<feat xlink:href="#sPointingRel518" value="obl"/>
		<feat xlink:href="#sPointingRel520" value="case"/>
		<feat xlink:href="#sPointingRel521" value="nmod"/>
		<feat xlink:href="#sPointingRel523" value="punct"/>
		<feat xlink:href="#sPointingRel524" value="nsubj"/>
		<feat xlink:href="#sPointingRel525" value="aux"/>
		<feat xlink:href="#sPointingRel526" value="advmod"/>
		<feat xlink:href="#sPointingRel527" value="advmod"/>
		<feat xlink:href="#sPointingRel528" value="fixed"/>
		<feat xlink:href="#sPointingRel529" value="obj"/>
		<feat xlink:href="#sPointingRel530" value="case"/>
		<feat xlink:href="#sPointingRel531" value="det"/>
		<feat xlink:href="#sPointingRel532" value="obl"/>
		<feat xlink:href="#sPointingRel534" value="case"/>
		<feat xlink:href="#sPointingRel535" value="nmod"/>
		<feat xlink:href="#sPointingRel537" value="punct"/>
		<feat xlink:href="#sPointingRel538" value="aux"/>
		<feat xlink:href="#sPointingRel539" value="advmod"/>
		<feat xlink:href="#sPointingRel540" value="parataxis"/>
		<feat xlink:href="#sPointingRel541" value="mark"/>
		<feat xlink:href="#sPointingRel542" value="aux:pass"/>
		<feat xlink:href="#sPointingRel543" value="xcomp"/>
		<feat xlink:href="#sPointingRel544" value="case"/>
		<feat xlink:href="#sPointingRel545" value="obl"/>
		<feat xlink:href="#sPointingRel547" value="punct"/>
		<feat xlink:href="#sPointingRel548" value="amod"/>
		<feat xlink:href="#sPointingRel549" value="punct"/>
		<feat xlink:href="#sPointingRel550" value="det"/>
		<feat xlink:href="#sPointingRel551" value="compound"/>
		<feat xlink:href="#sPointingRel552" value="nsubj"/>
		<feat xlink:href="#sPointingRel553" value="advmod"/>
		<feat xlink:href="#sPointingRel554" value="advmod"/>
		<feat xlink:href="#sPointingRel555" value="punct"/>
		<feat xlink:href="#sPointingRel556" value="nsubj"/>
		<feat xlink:href="#sPointingRel557" value="cop"/>
		<feat xlink:href="#sPointingRel558" value="det"/>
		<feat xlink:href="#sPointingRel559" value="advmod"/>
		<feat xlink:href="#sPointingRel560" value="amod"/>
		<feat xlink:href="#sPointingRel561" value="mark"/>
		<feat xlink:href="#sPointingRel562" value="advcl"/>
		<feat xlink:href="#sPointingRel564" value="det"/>
		<feat xlink:href="#sPointingRel565" value="obj"/>
		<feat xlink:href="#sPointingRel566" value="punct"/>
		<feat xlink:href="#sPointingRel567" value="amod"/>
		<feat xlink:href="#sPointingRel568" value="nsubj"/>
		<feat xlink:href="#sPointingRel569" value="parataxis"/>
		<feat xlink:href="#sPointingRel570" value="punct"/>
		<feat xlink:href="#sPointingRel571" value="amod"/>
		<feat xlink:href="#sPointingRel572" value="compound"/>
		<feat xlink:href="#sPointingRel573" value="conj"/>
		<feat xlink:href="#sPointingRel574" value="compound"/>
		<feat xlink:href="#sPointingRel575" value="conj"/>
		<feat xlink:href="#sPointingRel576" value="reparandum"/>
		<feat xlink:href="#sPointingRel577" value="advmod"/>
		<feat xlink:href="#sPointingRel578" value="fixed"/>
		<feat xlink:href="#sPointingRel579" value="punct"/>
		<feat xlink:href="#sPointingRel580" value="nsubj"/>
		<feat xlink:href="#sPointingRel581" value="case"/>
		<feat xlink:href="#sPointingRel582" value="det"/>
		<feat xlink:href="#sPointingRel583" value="amod"/>
		<feat xlink:href="#sPointingRel584" value="compound"/>
		<feat xlink:href="#sPointingRel585" value="obl"/>
		<feat xlink:href="#sPointingRel587" value="punct"/>
		<feat xlink:href="#sPointingRel588" value="parataxis"/>
		<feat xlink:href="#sPointingRel589" value="case"/>
		<feat xlink:href="#sPointingRel590" value="det"/>
		<feat xlink:href="#sPointingRel591" value="nmod"/>
		<feat xlink:href="#sPointingRel593" value="punct"/>
		<feat xlink:href="#sPointingRel594" value="case"/>
		<feat xlink:href="#sPointingRel595" value="compound"/>
		<feat xlink:href="#sPointingRel596" value="obl"/>
		<feat xlink:href="#sPointingRel598" value="cc"/>
		<feat xlink:href="#sPointingRel599" value="nsubj"/>
		<feat xlink:href="#sPointingRel600" value="cop"/>
		<feat xlink:href="#sPointingRel601" value="advmod"/>
		<feat xlink:href="#sPointingRel602" value="nummod"/>
		<feat xlink:href="#sPointingRel603" value="conj"/>
		<feat xlink:href="#sPointingRel605" value="punct"/>
		<feat xlink:href="#sPointingRel606" value="cc"/>
		<feat xlink:href="#sPointingRel607" value="advmod"/>
		<feat xlink:href="#sPointingRel608" value="nsubj"/>
		<feat xlink:href="#sPointingRel609" value="cop"/>
		<feat xlink:href="#sPointingRel610" value="advmod"/>
		<feat xlink:href="#sPointingRel611" value="conj"/>
		<feat xlink:href="#sPointingRel614" value="case"/>
		<feat xlink:href="#sPointingRel615" value="det"/>
		<feat xlink:href="#sPointingRel616" value="obl"/>
		<feat xlink:href="#sPointingRel618" value="punct"/>
		<feat xlink:href="#sPointingRel619" value="nsubj"/>
		<feat xlink:href="#sPointingRel621" value="advmod"/>
		<feat xlink:href="#sPointingRel622" value="fixed"/>
		<feat xlink:href="#sPointingRel623" value="parataxis"/>
		<feat xlink:href="#sPointingRel624" value="xcomp"/>
		<feat xlink:href="#sPointingRel625" value="punct"/>
		<feat xlink:href="#sPointingRel626" value="nsubj"/>
		<feat xlink:href="#sPointingRel627" value="advmod"/>
		<feat xlink:href="#sPointingRel628" value="advmod"/>
		<feat xlink:href="#sPointingRel629" value="fixed"/>
		<feat xlink:href="#sPointingRel630" value="parataxis"/>
		<feat xlink:href="#sPointingRel631" value="case"/>
		<feat xlink:href="#sPointingRel632" value="obl"/>
		<feat xlink:href="#sPointingRel634" value="punct"/>
		<feat xlink:href="#sPointingRel635" value="nsubj"/>
		<feat xlink:href="#sPointingRel638" value="parataxis"/>
		<feat xlink:href="#sPointingRel639" value="mark"/>
		<feat xlink:href="#sPointingRel640" value="advmod"/>
		<feat xlink:href="#sPointingRel641" value="xcomp"/>
		<feat xlink:href="#sPointingRel642" value="cc"/>
		<feat xlink:href="#sPointingRel643" value="conj"/>
		<feat xlink:href="#sPointingRel646" value="punct"/>
		<feat xlink:href="#sPointingRel647" value="nsubj"/>
		<feat xlink:href="#sPointingRel648" value="cop"/>
		<feat xlink:href="#sPointingRel649" value="punct"/>
		<feat xlink:href="#sPointingRel650" value="nsubj"/>
		<feat xlink:href="#sPointingRel651" value="advmod"/>
		<feat xlink:href="#sPointingRel652" value="compound:prt"/>
		<feat xlink:href="#sPointingRel653" value="punct"/>
		<feat xlink:href="#sPointingRel654" value="advmod"/>
		<feat xlink:href="#sPointingRel655" value="parataxis"/>
		<feat xlink:href="#sPointingRel656" value="mark"/>
		<feat xlink:href="#sPointingRel657" value="xcomp"/>
		<feat xlink:href="#sPointingRel658" value="obj"/>
		<feat xlink:href="#sPointingRel660" value="xcomp"/>
		<feat xlink:href="#sPointingRel661" value="case"/>
		<feat xlink:href="#sPointingRel662" value="fixed"/>
		<feat xlink:href="#sPointingRel663" value="obl"/>
		<feat xlink:href="#sPointingRel665" value="punct"/>
		<feat xlink:href="#sPointingRel666" value="nsubj"/>
		<feat xlink:href="#sPointingRel667" value="advmod"/>
		<feat xlink:href="#sPointingRel668" value="compound:prt"/>
		<feat xlink:href="#sPointingRel669" value="punct"/>
		<feat xlink:href="#sPointingRel670" value="aux"/>
		<feat xlink:href="#sPointingRel671" value="parataxis"/>
		<feat xlink:href="#sPointingRel672" value="obj"/>
		<feat xlink:href="#sPointingRel673" value="mark"/>
		<feat xlink:href="#sPointingRel674" value="advcl"/>
		<feat xlink:href="#sPointingRel676" value="advmod"/>
		<feat xlink:href="#sPointingRel677" value="advmod"/>
		<feat xlink:href="#sPointingRel678" value="mark"/>
		<feat xlink:href="#sPointingRel679" value="advcl"/>
		<feat xlink:href="#sPointingRel681" value="nummod"/>
		<feat xlink:href="#sPointingRel682" value="obj"/>
		<feat xlink:href="#sPointingRel683" value="punct"/>
		<feat xlink:href="#sPointingRel684" value="mark"/>
		<feat xlink:href="#sPointingRel685" value="nsubj"/>
		<feat xlink:href="#sPointingRel686" value="advcl"/>
		<feat xlink:href="#sPointingRel688" value="compound:prt"/>
		<feat xlink:href="#sPointingRel689" value="case"/>
		<feat xlink:href="#sPointingRel690" value="obl"/>
		<feat xlink:href="#sPointingRel692" value="punct"/>
		<feat xlink:href="#sPointingRel693" value="mark"/>
		<feat xlink:href="#sPointingRel694" value="obj"/>
		<feat xlink:href="#sPointingRel695" value="nsubj"/>
		<feat xlink:href="#sPointingRel696" value="acl:relcl"/>
		<feat xlink:href="#sPointingRel697" value="compound:prt"/>
		<feat xlink:href="#sPointingRel698" value="punct"/>
		<feat xlink:href="#sPointingRel699" value="nummod"/>
		<feat xlink:href="#sPointingRel700" value="nsubj"/>
		<feat xlink:href="#sPointingRel701" value="punct"/>
		<feat xlink:href="#sPointingRel702" value="det"/>
		<feat xlink:href="#sPointingRel703" value="amod"/>
		<feat xlink:href="#sPointingRel704" value="nsubj"/>
		<feat xlink:href="#sPointingRel706" value="mark"/>
		<feat xlink:href="#sPointingRel707" value="xcomp"/>
		<feat xlink:href="#sPointingRel708" value="case"/>
		<feat xlink:href="#sPointingRel709" value="nummod"/>
		<feat xlink:href="#sPointingRel710" value="obl"/>
		<feat xlink:href="#sPointingRel712" value="punct"/>
		<feat xlink:href="#sPointingRel713" value="advcl"/>
		<feat xlink:href="#sPointingRel714" value="case"/>
		<feat xlink:href="#sPointingRel715" value="det"/>
		<feat xlink:href="#sPointingRel716" value="obl"/>
		<feat xlink:href="#sPointingRel718" value="nsubj"/>
		<feat xlink:href="#sPointingRel719" value="aux"/>
		<feat xlink:href="#sPointingRel720" value="advmod"/>
		<feat xlink:href="#sPointingRel721" value="compound:prt"/>
		<feat xlink:href="#sPointingRel722" value="advmod"/>
		<feat xlink:href="#sPointingRel723" value="punct"/>
		<feat xlink:href="#sPointingRel724" value="det"/>
		<feat xlink:href="#sPointingRel725" value="nsubj"/>
		<feat xlink:href="#sPointingRel727" value="advmod"/>
		<feat xlink:href="#sPointingRel728" value="advmod"/>
		<feat xlink:href="#sPointingRel729" value="mark"/>
		<feat xlink:href="#sPointingRel730" value="xcomp"/>
		<feat xlink:href="#sPointingRel731" value="mark"/>
		<feat xlink:href="#sPointingRel732" value="nsubj"/>
		<feat xlink:href="#sPointingRel733" value="aux"/>
		<feat xlink:href="#sPointingRel734" value="ccomp"/>
		<feat xlink:href="#sPointingRel735" value="obj"/>
		<feat xlink:href="#sPointingRel736" value="advmod"/>
		<feat xlink:href="#sPointingRel737" value="case"/>
		<feat xlink:href="#sPointingRel738" value="det"/>
		<feat xlink:href="#sPointingRel739" value="obl"/>
		<feat xlink:href="#sPointingRel741" value="punct"/>
		<feat xlink:href="#sPointingRel742" value="nsubj"/>
		<feat xlink:href="#sPointingRel744" value="aux"/>
		<feat xlink:href="#sPointingRel745" value="mark"/>
		<feat xlink:href="#sPointingRel746" value="xcomp"/>
		<feat xlink:href="#sPointingRel747" value="det:predet"/>
		<feat xlink:href="#sPointingRel748" value="det"/>
		<feat xlink:href="#sPointingRel749" value="obl:unmarked"/>
		<feat xlink:href="#sPointingRel750" value="advmod"/>
		<feat xlink:href="#sPointingRel751" value="parataxis"/>
		<feat xlink:href="#sPointingRel752" value="mark"/>
		<feat xlink:href="#sPointingRel753" value="det"/>
		<feat xlink:href="#sPointingRel754" value="nsubj"/>
		<feat xlink:href="#sPointingRel756" value="advcl"/>
		<feat xlink:href="#sPointingRel758" value="mark"/>
		<feat xlink:href="#sPointingRel759" value="xcomp"/>
		<feat xlink:href="#sPointingRel760" value="punct"/>
		<feat xlink:href="#sPointingRel761" value="advmod"/>
		<feat xlink:href="#sPointingRel762" value="punct"/>
		<feat xlink:href="#sPointingRel763" value="nsubj"/>
		<feat xlink:href="#sPointingRel765" value="punct"/>
		<feat xlink:href="#sPointingRel766" value="conj"/>
		<feat xlink:href="#sPointingRel769" value="punct"/>
		<feat xlink:href="#sPointingRel770" value="nummod"/>
		<feat xlink:href="#sPointingRel771" value="appos"/>
		<feat xlink:href="#sPointingRel773" value="nsubj"/>
		<feat xlink:href="#sPointingRel775" value="aux"/>
		<feat xlink:href="#sPointingRel776" value="acl:relcl"/>
		<feat xlink:href="#sPointingRel777" value="compound:prt"/>
		<feat xlink:href="#sPointingRel778" value="case"/>
		<feat xlink:href="#sPointingRel779" value="parataxis"/>
		<feat xlink:href="#sPointingRel780" value="fixed"/>
		<feat xlink:href="#sPointingRel781" value="det"/>
		<feat xlink:href="#sPointingRel782" value="obl:unmarked"/>
		<feat xlink:href="#sPointingRel783" value="case"/>
		<feat xlink:href="#sPointingRel784" value="nmod"/>
		<feat xlink:href="#sPointingRel786" value="punct"/>
		<feat xlink:href="#sPointingRel787" value="mark"/>
		<feat xlink:href="#sPointingRel788" value="xcomp"/>
		<feat xlink:href="#sPointingRel789" value="case"/>
		<feat xlink:href="#sPointingRel790" value="det"/>
		<feat xlink:href="#sPointingRel791" value="obl"/>
		<feat xlink:href="#sPointingRel793" value="punct"/>
		<feat xlink:href="#sPointingRel794" value="discourse"/>
		<feat xlink:href="#sPointingRel795" value="punct"/>
		<feat xlink:href="#sPointingRel796" value="det"/>
		<feat xlink:href="#sPointingRel797" value="advmod"/>
		<feat xlink:href="#sPointingRel798" value="cc"/>
		<feat xlink:href="#sPointingRel799" value="conj"/>
		<feat xlink:href="#sPointingRel801" value="compound:prt"/>
		<feat xlink:href="#sPointingRel802" value="compound:prt"/>
		<feat xlink:href="#sPointingRel803" value="det"/>
		<feat xlink:href="#sPointingRel804" value="amod"/>
		<feat xlink:href="#sPointingRel805" value="amod"/>
		<feat xlink:href="#sPointingRel806" value="parataxis"/>
		<feat xlink:href="#sPointingRel807" value="punct"/>
		<feat xlink:href="#sPointingRel808" value="nsubj"/>
		<feat xlink:href="#sPointingRel809" value="compound:prt"/>
		<feat xlink:href="#sPointingRel810" value="nmod:poss"/>
		<feat xlink:href="#sPointingRel811" value="amod"/>
		<feat xlink:href="#sPointingRel812" value="obj"/>
		<feat xlink:href="#sPointingRel813" value="case"/>
		<feat xlink:href="#sPointingRel814" value="nmod"/>
		<feat xlink:href="#sPointingRel816" value="flat"/>
		<feat xlink:href="#sPointingRel817" value="punct"/>
		<feat xlink:href="#sPointingRel818" value="advmod"/>
		<feat xlink:href="#sPointingRel819" value="cc"/>
		<feat xlink:href="#sPointingRel820" value="nsubj"/>
		<feat xlink:href="#sPointingRel821" value="aux"/>
		<feat xlink:href="#sPointingRel822" value="conj"/>
		<feat xlink:href="#sPointingRel824" value="nmod:poss"/>
		<feat xlink:href="#sPointingRel825" value="case"/>
		<feat xlink:href="#sPointingRel826" value="compound"/>
		<feat xlink:href="#sPointingRel827" value="compound"/>
		<feat xlink:href="#sPointingRel828" value="compound"/>
		<feat xlink:href="#sPointingRel829" value="obj"/>
		<feat xlink:href="#sPointingRel830" value="punct"/>
		<feat xlink:href="#sPointingRel831" value="amod"/>
		<feat xlink:href="#sPointingRel832" value="parataxis"/>
		<feat xlink:href="#sPointingRel833" value="advmod"/>
		<feat xlink:href="#sPointingRel834" value="advmod"/>
		<feat xlink:href="#sPointingRel835" value="punct"/>
		<feat xlink:href="#sPointingRel836" value="nsubj"/>
		<feat xlink:href="#sPointingRel837" value="aux"/>
		<feat xlink:href="#sPointingRel838" value="obj"/>
		<feat xlink:href="#sPointingRel839" value="nsubj"/>
		<feat xlink:href="#sPointingRel840" value="acl:relcl"/>
		<feat xlink:href="#sPointingRel841" value="compound:prt"/>
		<feat xlink:href="#sPointingRel842" value="case"/>
		<feat xlink:href="#sPointingRel843" value="det"/>
		<feat xlink:href="#sPointingRel844" value="obl"/>
		<feat xlink:href="#sPointingRel846" value="case"/>
		<feat xlink:href="#sPointingRel847" value="det"/>
		<feat xlink:href="#sPointingRel848" value="nmod"/>
		<feat xlink:href="#sPointingRel850" value="advmod"/>
		<feat xlink:href="#sPointingRel851" value="nsubj:pass"/>
		<feat xlink:href="#sPointingRel853" value="aux:pass"/>
		<feat xlink:href="#sPointingRel855" value="advmod"/>
		<feat xlink:href="#sPointingRel856" value="advcl"/>
		<feat xlink:href="#sPointingRel858" value="cc"/>
		<feat xlink:href="#sPointingRel859" value="conj"/>
		<feat xlink:href="#sPointingRel862" value="punct"/>
		<feat xlink:href="#sPointingRel863" value="nsubj"/>
		<feat xlink:href="#sPointingRel864" value="cop"/>
		<feat xlink:href="#sPointingRel865" value="nmod:poss"/>
		<feat xlink:href="#sPointingRel866" value="amod"/>
		<feat xlink:href="#sPointingRel867" value="parataxis"/>
		<feat xlink:href="#sPointingRel868" value="advmod"/>
		<feat xlink:href="#sPointingRel869" value="obl:unmarked"/>
		<feat xlink:href="#sPointingRel870" value="punct"/>
		<feat xlink:href="#sPointingRel871" value="det"/>
		<feat xlink:href="#sPointingRel872" value="obj"/>
		<feat xlink:href="#sPointingRel873" value="obj"/>
		<feat xlink:href="#sPointingRel874" value="parataxis"/>
		<feat xlink:href="#sPointingRel875" value="obj"/>
		<feat xlink:href="#sPointingRel877" value="xcomp"/>
		<feat xlink:href="#sPointingRel878" value="advmod"/>
		<feat xlink:href="#sPointingRel879" value="case"/>
		<feat xlink:href="#sPointingRel880" value="obl"/>
		<feat xlink:href="#sPointingRel882" value="punct"/>
		<feat xlink:href="#sPointingRel883" value="discourse"/>
		<feat xlink:href="#sPointingRel884" value="punct"/>
		<feat xlink:href="#sPointingRel885" value="nsubj"/>
		<feat xlink:href="#sPointingRel886" value="aux"/>
		<feat xlink:href="#sPointingRel887" value="det"/>
		<feat xlink:href="#sPointingRel888" value="nsubj"/>
		<feat xlink:href="#sPointingRel889" value="case"/>
		<feat xlink:href="#sPointingRel890" value="nmod"/>
		<feat xlink:href="#sPointingRel892" value="advcl"/>
		<feat xlink:href="#sPointingRel893" value="advmod"/>
		<feat xlink:href="#sPointingRel894" value="punct"/>
		<feat xlink:href="#sPointingRel895" value="nsubj"/>
		<feat xlink:href="#sPointingRel896" value="cop"/>
		<feat xlink:href="#sPointingRel897" value="nmod:poss"/>
		<feat xlink:href="#sPointingRel898" value="ccomp"/>
		<feat xlink:href="#sPointingRel899" value="advmod"/>
		<feat xlink:href="#sPointingRel900" value="fixed"/>
		<feat xlink:href="#sPointingRel901" value="case"/>
		<feat xlink:href="#sPointingRel902" value="det"/>
		<feat xlink:href="#sPointingRel903" value="obl"/>
		<feat xlink:href="#sPointingRel905" value="case"/>
		<feat xlink:href="#sPointingRel906" value="det"/>
		<feat xlink:href="#sPointingRel907" value="nmod"/>
		<feat xlink:href="#sPointingRel909" value="punct"/>
		<feat xlink:href="#sPointingRel910" value="obj"/>
		<feat xlink:href="#sPointingRel911" value="aux"/>
		<feat xlink:href="#sPointingRel912" value="nsubj"/>
		<feat xlink:href="#sPointingRel913" value="case"/>
		<feat xlink:href="#sPointingRel914" value="det"/>
		<feat xlink:href="#sPointingRel915" value="amod"/>
		<feat xlink:href="#sPointingRel916" value="obl"/>
		<feat xlink:href="#sPointingRel918" value="punct"/>
		<feat xlink:href="#sPointingRel919" value="aux"/>
		<feat xlink:href="#sPointingRel920" value="nsubj"/>
		<feat xlink:href="#sPointingRel921" value="det"/>
		<feat xlink:href="#sPointingRel922" value="obj"/>
		<feat xlink:href="#sPointingRel923" value="mark"/>
		<feat xlink:href="#sPointingRel924" value="advcl"/>
		<feat xlink:href="#sPointingRel926" value="mark"/>
		<feat xlink:href="#sPointingRel927" value="xcomp"/>
		<feat xlink:href="#sPointingRel928" value="compound:prt"/>
		<feat xlink:href="#sPointingRel929" value="case"/>
		<feat xlink:href="#sPointingRel930" value="obl"/>
		<feat xlink:href="#sPointingRel933" value="nsubj"/>
		<feat xlink:href="#sPointingRel935" value="cop"/>
		<feat xlink:href="#sPointingRel936" value="nummod"/>
		<feat xlink:href="#sPointingRel937" value="dislocated"/>
		<feat xlink:href="#sPointingRel938" value="punct"/>
		<feat xlink:href="#sPointingRel939" value="nummod"/>
		<feat xlink:href="#sPointingRel940" value="obl:unmarked"/>
		<feat xlink:href="#sPointingRel941" value="acl:relcl"/>
		<feat xlink:href="#sPointingRel942" value="punct"/>
		<feat xlink:href="#sPointingRel943" value="case"/>
		<feat xlink:href="#sPointingRel944" value="parataxis"/>
		<feat xlink:href="#sPointingRel945" value="punct"/>
		<feat xlink:href="#sPointingRel946" value="nsubj:outer"/>
		<feat xlink:href="#sPointingRel949" value="appos"/>
		<feat xlink:href="#sPointingRel950" value="case"/>
		<feat xlink:href="#sPointingRel951" value="nmod"/>
		<feat xlink:href="#sPointingRel953" value="cc"/>
		<feat xlink:href="#sPointingRel954" value="conj"/>
		<feat xlink:href="#sPointingRel957" value="advmod"/>
		<feat xlink:href="#sPointingRel958" value="case"/>
		<feat xlink:href="#sPointingRel959" value="det"/>
		<feat xlink:href="#sPointingRel960" value="obl"/>
		<feat xlink:href="#sPointingRel962" value="case"/>
		<feat xlink:href="#sPointingRel963" value="nmod"/>
		<feat xlink:href="#sPointingRel965" value="advmod"/>
		<feat xlink:href="#sPointingRel966" value="case"/>
		<feat xlink:href="#sPointingRel967" value="obl"/>
		<feat xlink:href="#sPointingRel969" value="cop"/>
		<feat xlink:href="#sPointingRel970" value="mark"/>
		<feat xlink:href="#sPointingRel971" value="xcomp"/>
		<feat xlink:href="#sPointingRel972" value="case"/>
		<feat xlink:href="#sPointingRel973" value="det"/>
		<feat xlink:href="#sPointingRel974" value="obl"/>
		<feat xlink:href="#sPointingRel976" value="cc"/>
		<feat xlink:href="#sPointingRel977" value="conj"/>
		<feat xlink:href="#sPointingRel980" value="cc"/>
		<feat xlink:href="#sPointingRel981" value="conj"/>
		<feat xlink:href="#sPointingRel984" value="nmod:poss"/>
		<feat xlink:href="#sPointingRel985" value="obj"/>
		<feat xlink:href="#sPointingRel986" value="case"/>
		<feat xlink:href="#sPointingRel987" value="obl"/>
		<feat xlink:href="#sPointingRel989" value="nmod:unmarked"/>
		<feat xlink:href="#sPointingRel990" value="punct"/>
		<feat xlink:href="#sPointingRel991" value="nsubj"/>
		<feat xlink:href="#sPointingRel992" value="obj"/>
		<feat xlink:href="#sPointingRel993" value="case"/>
		<feat xlink:href="#sPointingRel994" value="nmod:poss"/>
		<feat xlink:href="#sPointingRel995" value="amod"/>
		<feat xlink:href="#sPointingRel996" value="nmod"/>
		<feat xlink:href="#sPointingRel998" value="case"/>
		<feat xlink:href="#sPointingRel999" value="advmod"/>
		<feat xlink:href="#sPointingRel1000" value="det"/>
		<feat xlink:href="#sPointingRel1001" value="amod"/>
		<feat xlink:href="#sPointingRel1002" value="obl"/>
		<feat xlink:href="#sPointingRel1004" value="cc"/>
		<feat xlink:href="#sPointingRel1005" value="nsubj"/>
		<feat xlink:href="#sPointingRel1006" value="conj"/>
		<feat xlink:href="#sPointingRel1008" value="nsubj"/>
		<feat xlink:href="#sPointingRel1009" value="ccomp"/>
		<feat xlink:href="#sPointingRel1010" value="det"/>
		<feat xlink:href="#sPointingRel1011" value="obj"/>
		<feat xlink:href="#sPointingRel1012" value="case"/>
		<feat xlink:href="#sPointingRel1013" value="obl"/>
		<feat xlink:href="#sPointingRel1015" value="cop"/>
		<feat xlink:href="#sPointingRel1016" value="acl:relcl"/>
		<feat xlink:href="#sPointingRel1017" value="punct"/>
		<feat xlink:href="#sPointingRel1018" value="case"/>
		<feat xlink:href="#sPointingRel1019" value="amod"/>
		<feat xlink:href="#sPointingRel1020" value="obl"/>
		<feat xlink:href="#sPointingRel1022" value="advmod"/>
		<feat xlink:href="#sPointingRel1023" value="nsubj"/>
		<feat xlink:href="#sPointingRel1024" value="advcl"/>
		<feat xlink:href="#sPointingRel1026" value="case"/>
		<feat xlink:href="#sPointingRel1027" value="det"/>
		<feat xlink:href="#sPointingRel1028" value="obl"/>
		<feat xlink:href="#sPointingRel1030" value="nsubj"/>
		<feat xlink:href="#sPointingRel1032" value="mark"/>
		<feat xlink:href="#sPointingRel1033" value="xcomp"/>
		<feat xlink:href="#sPointingRel1034" value="det"/>
		<feat xlink:href="#sPointingRel1035" value="obj"/>
		<feat xlink:href="#sPointingRel1036" value="advmod"/>
		<feat xlink:href="#sPointingRel1037" value="punct"/>
		<feat xlink:href="#sPointingRel1038" value="parataxis"/>
		<feat xlink:href="#sPointingRel1039" value="advmod"/>
		<feat xlink:href="#sPointingRel1040" value="case"/>
		<feat xlink:href="#sPointingRel1041" value="det"/>
		<feat xlink:href="#sPointingRel1042" value="obl"/>
		<feat xlink:href="#sPointingRel1044" value="punct"/>
		<feat xlink:href="#sPointingRel1045" value="aux"/>
		<feat xlink:href="#sPointingRel1046" value="case"/>
		<feat xlink:href="#sPointingRel1047" value="obl"/>
		<feat xlink:href="#sPointingRel1049" value="det"/>
		<feat xlink:href="#sPointingRel1050" value="compound"/>
		<feat xlink:href="#sPointingRel1051" value="obj"/>
		<feat xlink:href="#sPointingRel1052" value="punct"/>
		<feat xlink:href="#sPointingRel1053" value="aux"/>
		<feat xlink:href="#sPointingRel1054" value="nsubj"/>
		<feat xlink:href="#sPointingRel1055" value="parataxis"/>
		<feat xlink:href="#sPointingRel1056" value="obj"/>
		<feat xlink:href="#sPointingRel1057" value="punct"/>
		<feat xlink:href="#sPointingRel1058" value="det"/>
		<feat xlink:href="#sPointingRel1059" value="obj"/>
		<feat xlink:href="#sPointingRel1060" value="mark"/>
		<feat xlink:href="#sPointingRel1061" value="advcl"/>
		<feat xlink:href="#sPointingRel1063" value="case"/>
		<feat xlink:href="#sPointingRel1064" value="det"/>
		<feat xlink:href="#sPointingRel1065" value="obl"/>
		<feat xlink:href="#sPointingRel1067" value="punct"/>
		<feat xlink:href="#sPointingRel1068" value="det"/>
		<feat xlink:href="#sPointingRel1069" value="nsubj"/>
		<feat xlink:href="#sPointingRel1070" value="advmod"/>
		<feat xlink:href="#sPointingRel1071" value="aux"/>
		<feat xlink:href="#sPointingRel1072" value="case"/>
		<feat xlink:href="#sPointingRel1073" value="fixed"/>
		<feat xlink:href="#sPointingRel1074" value="obl"/>
		<feat xlink:href="#sPointingRel1076" value="punct"/>
		<feat xlink:href="#sPointingRel1077" value="reparandum"/>
		<feat xlink:href="#sPointingRel1078" value="punct"/>
		<feat xlink:href="#sPointingRel1079" value="nsubj"/>
		<feat xlink:href="#sPointingRel1080" value="cop"/>
		<feat xlink:href="#sPointingRel1081" value="punct"/>
		<feat xlink:href="#sPointingRel1082" value="nsubj"/>
		<feat xlink:href="#sPointingRel1083" value="det"/>
		<feat xlink:href="#sPointingRel1084" value="obj"/>
		<feat xlink:href="#sPointingRel1085" value="punct"/>
		<feat xlink:href="#sPointingRel1086" value="nsubj"/>
		<feat xlink:href="#sPointingRel1087" value="parataxis"/>
		<feat xlink:href="#sPointingRel1088" value="det"/>
		<feat xlink:href="#sPointingRel1089" value="obj"/>
		<feat xlink:href="#sPointingRel1090" value="punct"/>
		<feat xlink:href="#sPointingRel1091" value="det"/>
		<feat xlink:href="#sPointingRel1092" value="nsubj"/>
		<feat xlink:href="#sPointingRel1094" value="aux"/>
		<feat xlink:href="#sPointingRel1095" value="mark"/>
		<feat xlink:href="#sPointingRel1096" value="xcomp"/>
		<feat xlink:href="#sPointingRel1097" value="det"/>
		<feat xlink:href="#sPointingRel1098" value="obj"/>
		<feat xlink:href="#sPointingRel1099" value="mark"/>
		<feat xlink:href="#sPointingRel1100" value="advcl"/>
		<feat xlink:href="#sPointingRel1102" value="case"/>
		<feat xlink:href="#sPointingRel1103" value="nmod:poss"/>
		<feat xlink:href="#sPointingRel1104" value="obl"/>
		<feat xlink:href="#sPointingRel1106" value="punct"/>
		<feat xlink:href="#sPointingRel1107" value="nsubj"/>
		<feat xlink:href="#sPointingRel1108" value="compound:prt"/>
		<feat xlink:href="#sPointingRel1109" value="punct"/>
		<feat xlink:href="#sPointingRel1110" value="discourse"/>
		<feat xlink:href="#sPointingRel1111" value="punct"/>
		<feat xlink:href="#sPointingRel1112" value="ccomp"/>
		<feat xlink:href="#sPointingRel1113" value="det"/>
		<feat xlink:href="#sPointingRel1114" value="obj"/>
		<feat xlink:href="#sPointingRel1115" value="case"/>
		<feat xlink:href="#sPointingRel1116" value="obl"/>
		<feat xlink:href="#sPointingRel1118" value="punct"/>
		<feat xlink:href="#sPointingRel1119" value="nsubj"/>
		<feat xlink:href="#sPointingRel1120" value="aux"/>
		<feat xlink:href="#sPointingRel1121" value="advmod"/>
		<feat xlink:href="#sPointingRel1122" value="parataxis"/>
		<feat xlink:href="#sPointingRel1123" value="obj"/>
		<feat xlink:href="#sPointingRel1124" value="case"/>
		<feat xlink:href="#sPointingRel1125" value="nmod:poss"/>
		<feat xlink:href="#sPointingRel1126" value="obl"/>
		<feat xlink:href="#sPointingRel1128" value="punct"/>
		<feat xlink:href="#sPointingRel1129" value="punct"/>
		<feat xlink:href="#sPointingRel1130" value="nsubj"/>
		<feat xlink:href="#sPointingRel1131" value="advmod"/>
		<feat xlink:href="#sPointingRel1132" value="obj"/>
		<feat xlink:href="#sPointingRel1133" value="punct"/>
		<feat xlink:href="#sPointingRel1134" value="punct"/>
		<feat xlink:href="#sPointingRel1135" value="amod"/>
		<feat xlink:href="#sPointingRel1136" value="parataxis"/>
		<feat xlink:href="#sPointingRel1137" value="punct"/>
		<feat xlink:href="#sPointingRel1138" value="nummod"/>
		<feat xlink:href="#sPointingRel1139" value="compound"/>
		<feat xlink:href="#sPointingRel1140" value="conj"/>
		<feat xlink:href="#sPointingRel1141" value="punct"/>
		<feat xlink:href="#sPointingRel1142" value="nummod"/>
		<feat xlink:href="#sPointingRel1143" value="conj"/>
		<feat xlink:href="#sPointingRel1144" value="punct"/>
		<feat xlink:href="#sPointingRel1145" value="det"/>
		<feat xlink:href="#sPointingRel1146" value="advmod"/>
		<feat xlink:href="#sPointingRel1147" value="amod"/>
		<feat xlink:href="#sPointingRel1148" value="parataxis"/>
		<feat xlink:href="#sPointingRel1149" value="case"/>
		<feat xlink:href="#sPointingRel1150" value="det"/>
		<feat xlink:href="#sPointingRel1151" value="nmod"/>
		<feat xlink:href="#sPointingRel1153" value="cc"/>
		<feat xlink:href="#sPointingRel1154" value="conj"/>
		<feat xlink:href="#sPointingRel1156" value="mark"/>
		<feat xlink:href="#sPointingRel1157" value="det"/>
		<feat xlink:href="#sPointingRel1158" value="nsubj"/>
		<feat xlink:href="#sPointingRel1159" value="aux"/>
		<feat xlink:href="#sPointingRel1160" value="advmod"/>
		<feat xlink:href="#sPointingRel1161" value="advcl"/>
		<feat xlink:href="#sPointingRel1163" value="advmod"/>
		<feat xlink:href="#sPointingRel1164" value="punct"/>
		<feat xlink:href="#sPointingRel1165" value="nsubj"/>
		<feat xlink:href="#sPointingRel1167" value="aux"/>
		<feat xlink:href="#sPointingRel1168" value="advmod"/>
		<feat xlink:href="#sPointingRel1169" value="mark"/>
		<feat xlink:href="#sPointingRel1170" value="xcomp"/>
		<feat xlink:href="#sPointingRel1171" value="det"/>
		<feat xlink:href="#sPointingRel1172" value="compound"/>
		<feat xlink:href="#sPointingRel1173" value="obj"/>
		<feat xlink:href="#sPointingRel1174" value="mark"/>
		<feat xlink:href="#sPointingRel1175" value="advcl"/>
		<feat xlink:href="#sPointingRel1177" value="det"/>
		<feat xlink:href="#sPointingRel1178" value="obj"/>
		<feat xlink:href="#sPointingRel1179" value="mark"/>
		<feat xlink:href="#sPointingRel1180" value="advcl"/>
		<feat xlink:href="#sPointingRel1182" value="mark"/>
		<feat xlink:href="#sPointingRel1183" value="xcomp"/>
		<feat xlink:href="#sPointingRel1184" value="compound:prt"/>
		<feat xlink:href="#sPointingRel1185" value="det"/>
		<feat xlink:href="#sPointingRel1186" value="obj"/>
		<feat xlink:href="#sPointingRel1187" value="advmod"/>
		<feat xlink:href="#sPointingRel1188" value="punct"/>
		<feat xlink:href="#sPointingRel1189" value="obj"/>
		<feat xlink:href="#sPointingRel1190" value="advmod"/>
		<feat xlink:href="#sPointingRel1191" value="punct"/>
		<feat xlink:href="#sPointingRel1192" value="expl"/>
		<feat xlink:href="#sPointingRel1193" value="parataxis"/>
		<feat xlink:href="#sPointingRel1194" value="obj"/>
		<feat xlink:href="#sPointingRel1195" value="mark"/>
		<feat xlink:href="#sPointingRel1196" value="csubj"/>
		<feat xlink:href="#sPointingRel1197" value="det"/>
		<feat xlink:href="#sPointingRel1198" value="amod"/>
		<feat xlink:href="#sPointingRel1199" value="obj"/>
		<feat xlink:href="#sPointingRel1200" value="nsubj"/>
		<feat xlink:href="#sPointingRel1201" value="aux"/>
		<feat xlink:href="#sPointingRel1202" value="acl:relcl"/>
		<feat xlink:href="#sPointingRel1203" value="punct"/>
		<feat xlink:href="#sPointingRel1204" value="case"/>
		<feat xlink:href="#sPointingRel1205" value="det"/>
		<feat xlink:href="#sPointingRel1206" value="obl"/>
		<feat xlink:href="#sPointingRel1208" value="punct"/>
		<feat xlink:href="#sPointingRel1209" value="nummod"/>
		<feat xlink:href="#sPointingRel1210" value="punct"/>
		<feat xlink:href="#sPointingRel1211" value="nummod"/>
		<feat xlink:href="#sPointingRel1212" value="conj"/>
		<feat xlink:href="#sPointingRel1213" value="punct"/>
		<feat xlink:href="#sPointingRel1214" value="nsubj"/>
		<feat xlink:href="#sPointingRel1215" value="aux"/>
		<feat xlink:href="#sPointingRel1216" value="advmod"/>
		<feat xlink:href="#sPointingRel1217" value="obj"/>
		<feat xlink:href="#sPointingRel1218" value="mark"/>
		<feat xlink:href="#sPointingRel1219" value="cop"/>
		<feat xlink:href="#sPointingRel1220" value="advcl"/>
		<feat xlink:href="#sPointingRel1222" value="advmod"/>
		<feat xlink:href="#sPointingRel1223" value="punct"/>
		<feat xlink:href="#sPointingRel1224" value="advcl"/>
		<feat xlink:href="#sPointingRel1225" value="mark"/>
		<feat xlink:href="#sPointingRel1226" value="nsubj"/>
		<feat xlink:href="#sPointingRel1227" value="aux"/>
		<feat xlink:href="#sPointingRel1228" value="cop"/>
		<feat xlink:href="#sPointingRel1229" value="det"/>
		<feat xlink:href="#sPointingRel1230" value="obl:unmarked"/>
		<feat xlink:href="#sPointingRel1231" value="ccomp"/>
		<feat xlink:href="#sPointingRel1232" value="case"/>
		<feat xlink:href="#sPointingRel1233" value="obl"/>
		<feat xlink:href="#sPointingRel1235" value="case"/>
		<feat xlink:href="#sPointingRel1236" value="nmod"/>
		<feat xlink:href="#sPointingRel1238" value="punct"/>
		<feat xlink:href="#sPointingRel1239" value="nsubj"/>
		<feat xlink:href="#sPointingRel1241" value="aux"/>
		<feat xlink:href="#sPointingRel1242" value="mark"/>
		<feat xlink:href="#sPointingRel1243" value="xcomp"/>
		<feat xlink:href="#sPointingRel1244" value="obj"/>
		<feat xlink:href="#sPointingRel1245" value="case"/>
		<feat xlink:href="#sPointingRel1246" value="det"/>
		<feat xlink:href="#sPointingRel1247" value="obl"/>
		<feat xlink:href="#sPointingRel1249" value="advcl"/>
		<feat xlink:href="#sPointingRel1250" value="case"/>
		<feat xlink:href="#sPointingRel1251" value="det"/>
		<feat xlink:href="#sPointingRel1252" value="obl"/>
		<feat xlink:href="#sPointingRel1254" value="case"/>
		<feat xlink:href="#sPointingRel1255" value="nmod"/>
		<feat xlink:href="#sPointingRel1257" value="punct"/>
		<feat xlink:href="#sPointingRel1258" value="det"/>
		<feat xlink:href="#sPointingRel1259" value="nummod"/>
		<feat xlink:href="#sPointingRel1260" value="nsubj"/>
		<feat xlink:href="#sPointingRel1262" value="mark"/>
		<feat xlink:href="#sPointingRel1263" value="xcomp"/>
		<feat xlink:href="#sPointingRel1264" value="compound:prt"/>
		<feat xlink:href="#sPointingRel1265" value="case"/>
		<feat xlink:href="#sPointingRel1266" value="obl"/>
		<feat xlink:href="#sPointingRel1268" value="case"/>
		<feat xlink:href="#sPointingRel1269" value="nmod"/>
		<feat xlink:href="#sPointingRel1271" value="fixed"/>
		<feat xlink:href="#sPointingRel1272" value="mark"/>
		<feat xlink:href="#sPointingRel1273" value="nsubj"/>
		<feat xlink:href="#sPointingRel1274" value="advcl"/>
		<feat xlink:href="#sPointingRel1276" value="obj"/>
		<feat xlink:href="#sPointingRel1277" value="punct"/>
		<feat xlink:href="#sPointingRel1278" value="discourse"/>
		<feat xlink:href="#sPointingRel1279" value="nmod:poss"/>
		<feat xlink:href="#sPointingRel1280" value="discourse"/>
		<feat xlink:href="#sPointingRel1281" value="punct"/>
		<feat xlink:href="#sPointingRel1282" value="compound"/>
		<feat xlink:href="#sPointingRel1283" value="parataxis"/>
		<feat xlink:href="#sPointingRel1284" value="punct"/>
		<feat xlink:href="#sPointingRel1285" value="punct"/>
		<feat xlink:href="#sPointingRel1286" value="det"/>
		<feat xlink:href="#sPointingRel1287" value="amod"/>
		<feat xlink:href="#sPointingRel1288" value="compound"/>
		<feat xlink:href="#sPointingRel1289" value="punct"/>
		<feat xlink:href="#sPointingRel1290" value="nsubj"/>
		<feat xlink:href="#sPointingRel1291" value="cop"/>
		<feat xlink:href="#sPointingRel1292" value="case"/>
		<feat xlink:href="#sPointingRel1293" value="det"/>
		<feat xlink:href="#sPointingRel1294" value="nmod"/>
		<feat xlink:href="#sPointingRel1296" value="punct"/>
		<feat xlink:href="#sPointingRel1297" value="punct"/>
		<feat xlink:href="#sPointingRel1298" value="nsubj"/>
		<feat xlink:href="#sPointingRel1299" value="aux"/>
		<feat xlink:href="#sPointingRel1300" value="case"/>
		<feat xlink:href="#sPointingRel1301" value="obl"/>
		<feat xlink:href="#sPointingRel1303" value="punct"/>
		<feat xlink:href="#sPointingRel1304" value="nsubj"/>
		<feat xlink:href="#sPointingRel1306" value="ccomp"/>
		<feat xlink:href="#sPointingRel1307" value="punct"/>
		<feat xlink:href="#sPointingRel1308" value="conj"/>
		<feat xlink:href="#sPointingRel1310" value="punct"/>
		<feat xlink:href="#sPointingRel1311" value="aux"/>
		<feat xlink:href="#sPointingRel1312" value="det"/>
		<feat xlink:href="#sPointingRel1313" value="compound"/>
		<feat xlink:href="#sPointingRel1314" value="obj"/>
		<feat xlink:href="#sPointingRel1315" value="mark"/>
		<feat xlink:href="#sPointingRel1316" value="advcl"/>
		<feat xlink:href="#sPointingRel1318" value="cc"/>
		<feat xlink:href="#sPointingRel1319" value="conj"/>
		<feat xlink:href="#sPointingRel1322" value="compound:prt"/>
		<feat xlink:href="#sPointingRel1323" value="det"/>
		<feat xlink:href="#sPointingRel1324" value="obj"/>
		<feat xlink:href="#sPointingRel1325" value="advmod"/>
		<feat xlink:href="#sPointingRel1326" value="parataxis"/>
		<feat xlink:href="#sPointingRel1327" value="mark"/>
		<feat xlink:href="#sPointingRel1328" value="xcomp"/>
		<feat xlink:href="#sPointingRel1329" value="case"/>
		<feat xlink:href="#sPointingRel1330" value="fixed"/>
		<feat xlink:href="#sPointingRel1331" value="det"/>
		<feat xlink:href="#sPointingRel1332" value="obl"/>
		<feat xlink:href="#sPointingRel1334" value="case"/>
		<feat xlink:href="#sPointingRel1335" value="advmod"/>
		<feat xlink:href="#sPointingRel1336" value="det"/>
		<feat xlink:href="#sPointingRel1337" value="obl"/>
		<feat xlink:href="#sPointingRel1339" value="punct"/>
		<feat xlink:href="#sPointingRel1340" value="det"/>
		<feat xlink:href="#sPointingRel1341" value="amod"/>
		<feat xlink:href="#sPointingRel1342" value="obj"/>
		<feat xlink:href="#sPointingRel1343" value="mark"/>
		<feat xlink:href="#sPointingRel1344" value="nsubj"/>
		<feat xlink:href="#sPointingRel1345" value="case"/>
		<feat xlink:href="#sPointingRel1346" value="nmod"/>
		<feat xlink:href="#sPointingRel1348" value="cop"/>
		<feat xlink:href="#sPointingRel1349" value="advcl"/>
		<feat xlink:href="#sPointingRel1351" value="advcl"/>
		<feat xlink:href="#sPointingRel1352" value="advmod"/>
		<feat xlink:href="#sPointingRel1353" value="obj"/>
		<feat xlink:href="#sPointingRel1354" value="nmod:poss"/>
		<feat xlink:href="#sPointingRel1355" value="nsubj"/>
		<feat xlink:href="#sPointingRel1356" value="acl:relcl"/>
		<feat xlink:href="#sPointingRel1357" value="cc"/>
		<feat xlink:href="#sPointingRel1358" value="advmod"/>
		<feat xlink:href="#sPointingRel1359" value="conj"/>
		<feat xlink:href="#sPointingRel1362" value="mark"/>
		<feat xlink:href="#sPointingRel1363" value="acl"/>
		<feat xlink:href="#sPointingRel1365" value="punct"/></featList></paula>