<?xml version='1.0' encoding='UTF-8'?><!DOCTYPE paula SYSTEM "paula_feat.dtd">
<paula version="1.1">
	<header paula_id="GENTLE_esports_fortnite.tok_tok_func"/>
	<featList xmlns:xlink="http://www.w3.org/1999/xlink" type="tok_func" xml:base="GENTLE_esports_fortnite.tok.xml">
		<feat xlink:href="#sTok1" value="case"/>
		<feat xlink:href="#sTok2" value="case"/>
		<feat xlink:href="#sTok3" value="det"/>
		<feat xlink:href="#sTok4" value="obl"/>
		<feat xlink:href="#sTok5" value="compound"/>
		<feat xlink:href="#sTok6" value="nsubj"/>
		<feat xlink:href="#sTok7" value="aux"/>
		<feat xlink:href="#sTok8" value="root"/>
		<feat xlink:href="#sTok9" value="nummod"/>
		<feat xlink:href="#sTok10" value="amod"/>
		<feat xlink:href="#sTok11" value="obl:unmarked"/>
		<feat xlink:href="#sTok12" value="punct"/>
		<feat xlink:href="#sTok13" value="det"/>
		<feat xlink:href="#sTok14" value="compound"/>
		<feat xlink:href="#sTok15" value="compound"/>
		<feat xlink:href="#sTok16" value="compound"/>
		<feat xlink:href="#sTok17" value="nsubj"/>
		<feat xlink:href="#sTok18" value="parataxis"/>
		<feat xlink:href="#sTok19" value="advmod"/>
		<feat xlink:href="#sTok20" value="advmod"/>
		<feat xlink:href="#sTok21" value="punct"/>
		<feat xlink:href="#sTok22" value="det"/>
		<feat xlink:href="#sTok23" value="nummod"/>
		<feat xlink:href="#sTok24" value="root"/>
		<feat xlink:href="#sTok25" value="case"/>
		<feat xlink:href="#sTok26" value="nmod:poss"/>
		<feat xlink:href="#sTok27" value="nmod"/>
		<feat xlink:href="#sTok28" value="advmod"/>
		<feat xlink:href="#sTok29" value="punct"/>
		<feat xlink:href="#sTok30" value="parataxis"/>
		<feat xlink:href="#sTok31" value="punct"/>
		<feat xlink:href="#sTok32" value="conj"/>
		<feat xlink:href="#sTok33" value="punct"/>
		<feat xlink:href="#sTok34" value="acl"/>
		<feat xlink:href="#sTok35" value="advmod"/>
		<feat xlink:href="#sTok36" value="case"/>
		<feat xlink:href="#sTok37" value="obl"/>
		<feat xlink:href="#sTok38" value="case"/>
		<feat xlink:href="#sTok39" value="nmod"/>
		<feat xlink:href="#sTok40" value="advmod"/>
		<feat xlink:href="#sTok41" value="advmod"/>
		<feat xlink:href="#sTok42" value="det"/>
		<feat xlink:href="#sTok43" value="amod"/>
		<feat xlink:href="#sTok44" value="parataxis"/>
		<feat xlink:href="#sTok45" value="punct"/>
		<feat xlink:href="#sTok46" value="root"/>
		<feat xlink:href="#sTok47" value="det"/>
		<feat xlink:href="#sTok48" value="appos"/>
		<feat xlink:href="#sTok49" value="case"/>
		<feat xlink:href="#sTok50" value="det"/>
		<feat xlink:href="#sTok51" value="amod"/>
		<feat xlink:href="#sTok52" value="nmod"/>
		<feat xlink:href="#sTok53" value="acl"/>
		<feat xlink:href="#sTok54" value="case"/>
		<feat xlink:href="#sTok55" value="obl"/>
		<feat xlink:href="#sTok56" value="det"/>
		<feat xlink:href="#sTok57" value="amod"/>
		<feat xlink:href="#sTok58" value="obl:unmarked"/>
		<feat xlink:href="#sTok59" value="case"/>
		<feat xlink:href="#sTok60" value="det"/>
		<feat xlink:href="#sTok61" value="nmod"/>
		<feat xlink:href="#sTok62" value="punct"/>
		<feat xlink:href="#sTok63" value="root"/>
		<feat xlink:href="#sTok64" value="case"/>
		<feat xlink:href="#sTok65" value="obl"/>
		<feat xlink:href="#sTok66" value="case"/>
		<feat xlink:href="#sTok67" value="det"/>
		<feat xlink:href="#sTok68" value="obl"/>
		<feat xlink:href="#sTok69" value="punct"/>
		<feat xlink:href="#sTok70" value="expl"/>
		<feat xlink:href="#sTok71" value="parataxis"/>
		<feat xlink:href="#sTok72" value="nmod:poss"/>
		<feat xlink:href="#sTok73" value="amod"/>
		<feat xlink:href="#sTok74" value="nsubj"/>
		<feat xlink:href="#sTok75" value="case"/>
		<feat xlink:href="#sTok76" value="det"/>
		<feat xlink:href="#sTok77" value="amod"/>
		<feat xlink:href="#sTok78" value="obl"/>
		<feat xlink:href="#sTok79" value="punct"/>
		<feat xlink:href="#sTok80" value="appos"/>
		<feat xlink:href="#sTok81" value="punct"/>
		<feat xlink:href="#sTok82" value="conj"/>
		<feat xlink:href="#sTok83" value="punct"/>
		<feat xlink:href="#sTok84" value="conj"/>
		<feat xlink:href="#sTok85" value="punct"/>
		<feat xlink:href="#sTok86" value="conj"/>
		<feat xlink:href="#sTok87" value="punct"/>
		<feat xlink:href="#sTok88" value="conj"/>
		<feat xlink:href="#sTok89" value="punct"/>
		<feat xlink:href="#sTok90" value="conj"/>
		<feat xlink:href="#sTok91" value="punct"/>
		<feat xlink:href="#sTok92" value="conj"/>
		<feat xlink:href="#sTok93" value="cc"/>
		<feat xlink:href="#sTok94" value="det"/>
		<feat xlink:href="#sTok95" value="conj"/>
		<feat xlink:href="#sTok96" value="punct"/>
		<feat xlink:href="#sTok97" value="amod"/>
		<feat xlink:href="#sTok98" value="root"/>
		<feat xlink:href="#sTok99" value="advmod"/>
		<feat xlink:href="#sTok100" value="advmod"/>
		<feat xlink:href="#sTok101" value="case"/>
		<feat xlink:href="#sTok102" value="nmod"/>
		<feat xlink:href="#sTok103" value="case"/>
		<feat xlink:href="#sTok104" value="obl"/>
		<feat xlink:href="#sTok105" value="punct"/>
		<feat xlink:href="#sTok106" value="advmod"/>
		<feat xlink:href="#sTok107" value="nummod"/>
		<feat xlink:href="#sTok108" value="parataxis"/>
		<feat xlink:href="#sTok109" value="cc"/>
		<feat xlink:href="#sTok110" value="nummod"/>
		<feat xlink:href="#sTok111" value="conj"/>
		<feat xlink:href="#sTok112" value="parataxis"/>
		<feat xlink:href="#sTok113" value="mark"/>
		<feat xlink:href="#sTok114" value="advcl"/>
		<feat xlink:href="#sTok115" value="obj"/>
		<feat xlink:href="#sTok116" value="case"/>
		<feat xlink:href="#sTok117" value="amod"/>
		<feat xlink:href="#sTok118" value="obl"/>
		<feat xlink:href="#sTok119" value="advmod"/>
		<feat xlink:href="#sTok120" value="advmod"/>
		<feat xlink:href="#sTok121" value="punct"/>
		<feat xlink:href="#sTok122" value="nummod"/>
		<feat xlink:href="#sTok123" value="root"/>
		<feat xlink:href="#sTok124" value="mark"/>
		<feat xlink:href="#sTok125" value="acl"/>
		<feat xlink:href="#sTok126" value="case"/>
		<feat xlink:href="#sTok127" value="nmod"/>
		<feat xlink:href="#sTok128" value="punct"/>
		<feat xlink:href="#sTok129" value="nsubj"/>
		<feat xlink:href="#sTok130" value="cc"/>
		<feat xlink:href="#sTok131" value="conj"/>
		<feat xlink:href="#sTok132" value="parataxis"/>
		<feat xlink:href="#sTok133" value="compound:prt"/>
		<feat xlink:href="#sTok134" value="case"/>
		<feat xlink:href="#sTok135" value="det"/>
		<feat xlink:href="#sTok136" value="obl"/>
		<feat xlink:href="#sTok137" value="det"/>
		<feat xlink:href="#sTok138" value="amod"/>
		<feat xlink:href="#sTok139" value="nummod"/>
		<feat xlink:href="#sTok140" value="obl:unmarked"/>
		<feat xlink:href="#sTok141" value="cc"/>
		<feat xlink:href="#sTok142" value="nsubj"/>
		<feat xlink:href="#sTok143" value="conj"/>
		<feat xlink:href="#sTok144" value="advmod"/>
		<feat xlink:href="#sTok145" value="case"/>
		<feat xlink:href="#sTok146" value="obl"/>
		<feat xlink:href="#sTok147" value="flat"/>
		<feat xlink:href="#sTok148" value="punct"/>
		<feat xlink:href="#sTok149" value="nsubj"/>
		<feat xlink:href="#sTok150" value="aux"/>
		<feat xlink:href="#sTok151" value="cop"/>
		<feat xlink:href="#sTok152" value="case"/>
		<feat xlink:href="#sTok153" value="det"/>
		<feat xlink:href="#sTok154" value="root"/>
		<feat xlink:href="#sTok155" value="case"/>
		<feat xlink:href="#sTok156" value="det"/>
		<feat xlink:href="#sTok157" value="nummod"/>
		<feat xlink:href="#sTok158" value="obl"/>
		<feat xlink:href="#sTok159" value="punct"/>
		<feat xlink:href="#sTok160" value="nsubj"/>
		<feat xlink:href="#sTok161" value="aux"/>
		<feat xlink:href="#sTok162" value="advmod"/>
		<feat xlink:href="#sTok163" value="root"/>
		<feat xlink:href="#sTok164" value="det"/>
		<feat xlink:href="#sTok165" value="amod"/>
		<feat xlink:href="#sTok166" value="compound"/>
		<feat xlink:href="#sTok167" value="obj"/>
		<feat xlink:href="#sTok168" value="punct"/>
		<feat xlink:href="#sTok169" value="aux"/>
		<feat xlink:href="#sTok170" value="nsubj"/>
		<feat xlink:href="#sTok171" value="root"/>
		<feat xlink:href="#sTok172" value="det"/>
		<feat xlink:href="#sTok173" value="amod"/>
		<feat xlink:href="#sTok174" value="obj"/>
		<feat xlink:href="#sTok175" value="cc"/>
		<feat xlink:href="#sTok176" value="aux"/>
		<feat xlink:href="#sTok177" value="nsubj"/>
		<feat xlink:href="#sTok178" value="conj"/>
		<feat xlink:href="#sTok179" value="obj"/>
		<feat xlink:href="#sTok180" value="compound:prt"/>
		<feat xlink:href="#sTok181" value="advmod"/>
		<feat xlink:href="#sTok182" value="advmod"/>
		<feat xlink:href="#sTok183" value="mark"/>
		<feat xlink:href="#sTok184" value="advcl"/>
		<feat xlink:href="#sTok185" value="nmod:poss"/>
		<feat xlink:href="#sTok186" value="compound"/>
		<feat xlink:href="#sTok187" value="compound"/>
		<feat xlink:href="#sTok188" value="xcomp"/>
		<feat xlink:href="#sTok189" value="punct"/>
		<feat xlink:href="#sTok190" value="dislocated"/>
		<feat xlink:href="#sTok191" value="case"/>
		<feat xlink:href="#sTok192" value="det"/>
		<feat xlink:href="#sTok193" value="obl"/>
		<feat xlink:href="#sTok194" value="nsubj"/>
		<feat xlink:href="#sTok195" value="cop"/>
		<feat xlink:href="#sTok196" value="case"/>
		<feat xlink:href="#sTok197" value="root"/>
		<feat xlink:href="#sTok198" value="nummod"/>
		<feat xlink:href="#sTok199" value="compound"/>
		<feat xlink:href="#sTok200" value="amod"/>
		<feat xlink:href="#sTok201" value="conj"/>
		<feat xlink:href="#sTok202" value="punct"/>
		<feat xlink:href="#sTok203" value="conj"/>
		<feat xlink:href="#sTok204" value="punct"/>
		<feat xlink:href="#sTok205" value="conj"/>
		<feat xlink:href="#sTok206" value="det"/>
		<feat xlink:href="#sTok207" value="advmod"/>
		<feat xlink:href="#sTok208" value="amod"/>
		<feat xlink:href="#sTok209" value="obl:unmarked"/>
		<feat xlink:href="#sTok210" value="case"/>
		<feat xlink:href="#sTok211" value="det"/>
		<feat xlink:href="#sTok212" value="compound"/>
		<feat xlink:href="#sTok213" value="obl"/>
		<feat xlink:href="#sTok214" value="punct"/>
		<feat xlink:href="#sTok215" value="discourse"/>
		<feat xlink:href="#sTok216" value="nsubj"/>
		<feat xlink:href="#sTok217" value="advmod"/>
		<feat xlink:href="#sTok218" value="root"/>
		<feat xlink:href="#sTok219" value="nmod:poss"/>
		<feat xlink:href="#sTok220" value="amod"/>
		<feat xlink:href="#sTok221" value="compound"/>
		<feat xlink:href="#sTok222" value="punct"/>
		<feat xlink:href="#sTok223" value="compound"/>
		<feat xlink:href="#sTok224" value="obj"/>
		<feat xlink:href="#sTok225" value="mark"/>
		<feat xlink:href="#sTok226" value="advcl"/>
		<feat xlink:href="#sTok227" value="mark"/>
		<feat xlink:href="#sTok228" value="xcomp"/>
		<feat xlink:href="#sTok229" value="xcomp"/>
		<feat xlink:href="#sTok230" value="obj"/>
		<feat xlink:href="#sTok231" value="mark"/>
		<feat xlink:href="#sTok232" value="advcl"/>
		<feat xlink:href="#sTok233" value="iobj"/>
		<feat xlink:href="#sTok234" value="det"/>
		<feat xlink:href="#sTok235" value="obj"/>
		<feat xlink:href="#sTok236" value="punct"/>
		<feat xlink:href="#sTok237" value="cc"/>
		<feat xlink:href="#sTok238" value="advmod"/>
		<feat xlink:href="#sTok239" value="case"/>
		<feat xlink:href="#sTok240" value="obl"/>
		<feat xlink:href="#sTok241" value="aux"/>
		<feat xlink:href="#sTok242" value="root"/>
		<feat xlink:href="#sTok243" value="advmod"/>
		<feat xlink:href="#sTok244" value="case"/>
		<feat xlink:href="#sTok245" value="compound"/>
		<feat xlink:href="#sTok246" value="nummod"/>
		<feat xlink:href="#sTok247" value="obl"/>
		<feat xlink:href="#sTok248" value="punct"/>
		<feat xlink:href="#sTok249" value="nsubj"/>
		<feat xlink:href="#sTok250" value="aux"/>
		<feat xlink:href="#sTok251" value="parataxis"/>
		<feat xlink:href="#sTok252" value="mark"/>
		<feat xlink:href="#sTok253" value="xcomp"/>
		<feat xlink:href="#sTok254" value="advmod"/>
		<feat xlink:href="#sTok255" value="advmod"/>
		<feat xlink:href="#sTok256" value="cc"/>
		<feat xlink:href="#sTok257" value="conj"/>
		<feat xlink:href="#sTok258" value="nsubj"/>
		<feat xlink:href="#sTok259" value="ccomp"/>
		<feat xlink:href="#sTok260" value="punct"/>
		<feat xlink:href="#sTok261" value="aux"/>
		<feat xlink:href="#sTok262" value="advmod"/>
		<feat xlink:href="#sTok263" value="parataxis"/>
		<feat xlink:href="#sTok264" value="mark"/>
		<feat xlink:href="#sTok265" value="nsubj"/>
		<feat xlink:href="#sTok266" value="mark"/>
		<feat xlink:href="#sTok267" value="advcl"/>
		<feat xlink:href="#sTok268" value="advmod"/>
		<feat xlink:href="#sTok269" value="punct"/>
		<feat xlink:href="#sTok270" value="nsubj"/>
		<feat xlink:href="#sTok271" value="parataxis"/>
		<feat xlink:href="#sTok272" value="punct"/>
		<feat xlink:href="#sTok273" value="parataxis"/>
		<feat xlink:href="#sTok274" value="nsubj"/>
		<feat xlink:href="#sTok275" value="ccomp"/>
		<feat xlink:href="#sTok276" value="compound"/>
		<feat xlink:href="#sTok277" value="nummod"/>
		<feat xlink:href="#sTok278" value="obj"/>
		<feat xlink:href="#sTok279" value="advmod"/>
		<feat xlink:href="#sTok280" value="punct"/>
		<feat xlink:href="#sTok281" value="nmod:poss"/>
		<feat xlink:href="#sTok282" value="nsubj"/>
		<feat xlink:href="#sTok283" value="parataxis"/>
		<feat xlink:href="#sTok284" value="mark"/>
		<feat xlink:href="#sTok285" value="xcomp"/>
		<feat xlink:href="#sTok286" value="iobj"/>
		<feat xlink:href="#sTok287" value="mark"/>
		<feat xlink:href="#sTok288" value="xcomp"/>
		<feat xlink:href="#sTok289" value="det"/>
		<feat xlink:href="#sTok290" value="obj"/>
		<feat xlink:href="#sTok291" value="compound:prt"/>
		<feat xlink:href="#sTok292" value="cc"/>
		<feat xlink:href="#sTok293" value="nsubj"/>
		<feat xlink:href="#sTok294" value="aux"/>
		<feat xlink:href="#sTok295" value="conj"/>
		<feat xlink:href="#sTok296" value="mark"/>
		<feat xlink:href="#sTok297" value="xcomp"/>
		<feat xlink:href="#sTok298" value="punct"/>
		<feat xlink:href="#sTok299" value="discourse"/>
		<feat xlink:href="#sTok300" value="root"/>
		<feat xlink:href="#sTok301" value="punct"/>
		<feat xlink:href="#sTok302" value="root"/>
		<feat xlink:href="#sTok303" value="nmod:poss"/>
		<feat xlink:href="#sTok304" value="iobj"/>
		<feat xlink:href="#sTok305" value="mark"/>
		<feat xlink:href="#sTok306" value="xcomp"/>
		<feat xlink:href="#sTok307" value="obj"/>
		<feat xlink:href="#sTok308" value="punct"/>
		<feat xlink:href="#sTok309" value="nsubj"/>
		<feat xlink:href="#sTok310" value="parataxis"/>
		<feat xlink:href="#sTok311" value="case"/>
		<feat xlink:href="#sTok312" value="det"/>
		<feat xlink:href="#sTok313" value="obl"/>
		<feat xlink:href="#sTok314" value="punct"/>
		<feat xlink:href="#sTok315" value="nsubj"/>
		<feat xlink:href="#sTok316" value="advmod"/>
		<feat xlink:href="#sTok317" value="root"/>
		<feat xlink:href="#sTok318" value="compound:prt"/>
		<feat xlink:href="#sTok319" value="amod"/>
		<feat xlink:href="#sTok320" value="obj"/>
		<feat xlink:href="#sTok321" value="punct"/>
		<feat xlink:href="#sTok322" value="nsubj"/>
		<feat xlink:href="#sTok323" value="case"/>
		<feat xlink:href="#sTok324" value="det"/>
		<feat xlink:href="#sTok325" value="advmod"/>
		<feat xlink:href="#sTok326" value="amod"/>
		<feat xlink:href="#sTok327" value="amod"/>
		<feat xlink:href="#sTok328" value="parataxis"/>
		<feat xlink:href="#sTok329" value="punct"/>
		<feat xlink:href="#sTok330" value="parataxis"/>
		<feat xlink:href="#sTok331" value="obj"/>
		<feat xlink:href="#sTok332" value="advmod"/>
		<feat xlink:href="#sTok333" value="fixed"/>
		<feat xlink:href="#sTok334" value="punct"/>
		<feat xlink:href="#sTok335" value="nsubj"/>
		<feat xlink:href="#sTok336" value="root"/>
		<feat xlink:href="#sTok337" value="case"/>
		<feat xlink:href="#sTok338" value="obl"/>
		<feat xlink:href="#sTok339" value="appos"/>
		<feat xlink:href="#sTok340" value="nsubj"/>
		<feat xlink:href="#sTok341" value="acl:relcl"/>
		<feat xlink:href="#sTok342" value="punct"/>
		<feat xlink:href="#sTok343" value="amod"/>
		<feat xlink:href="#sTok344" value="compound"/>
		<feat xlink:href="#sTok345" value="appos"/>
		<feat xlink:href="#sTok346" value="nummod"/>
		<feat xlink:href="#sTok347" value="conj"/>
		<feat xlink:href="#sTok348" value="cc"/>
		<feat xlink:href="#sTok349" value="det"/>
		<feat xlink:href="#sTok350" value="compound"/>
		<feat xlink:href="#sTok351" value="conj"/>
		<feat xlink:href="#sTok352" value="punct"/>
		<feat xlink:href="#sTok353" value="vocative"/>
		<feat xlink:href="#sTok354" value="punct"/>
		<feat xlink:href="#sTok355" value="nsubj"/>
		<feat xlink:href="#sTok356" value="case"/>
		<feat xlink:href="#sTok357" value="det"/>
		<feat xlink:href="#sTok358" value="amod"/>
		<feat xlink:href="#sTok359" value="nmod"/>
		<feat xlink:href="#sTok360" value="mark"/>
		<feat xlink:href="#sTok361" value="acl"/>
		<feat xlink:href="#sTok362" value="advmod"/>
		<feat xlink:href="#sTok363" value="case"/>
		<feat xlink:href="#sTok364" value="det"/>
		<feat xlink:href="#sTok365" value="obl"/>
		<feat xlink:href="#sTok366" value="cop"/>
		<feat xlink:href="#sTok367" value="root"/>
		<feat xlink:href="#sTok368" value="punct"/>
		<feat xlink:href="#sTok369" value="nsubj"/>
		<feat xlink:href="#sTok370" value="cop"/>
		<feat xlink:href="#sTok371" value="case"/>
		<feat xlink:href="#sTok372" value="det"/>
		<feat xlink:href="#sTok373" value="amod"/>
		<feat xlink:href="#sTok374" value="acl:relcl"/>
		<feat xlink:href="#sTok375" value="advmod"/>
		<feat xlink:href="#sTok376" value="punct"/>
		<feat xlink:href="#sTok377" value="advmod"/>
		<feat xlink:href="#sTok378" value="parataxis"/>
		<feat xlink:href="#sTok379" value="case"/>
		<feat xlink:href="#sTok380" value="det"/>
		<feat xlink:href="#sTok381" value="amod"/>
		<feat xlink:href="#sTok382" value="obl"/>
		<feat xlink:href="#sTok383" value="punct"/>
		<feat xlink:href="#sTok384" value="mark"/>
		<feat xlink:href="#sTok385" value="nsubj"/>
		<feat xlink:href="#sTok386" value="reparandum"/>
		<feat xlink:href="#sTok387" value="punct"/>
		<feat xlink:href="#sTok388" value="mark"/>
		<feat xlink:href="#sTok389" value="nsubj"/>
		<feat xlink:href="#sTok390" value="advcl"/>
		<feat xlink:href="#sTok391" value="obj"/>
		<feat xlink:href="#sTok392" value="compound:prt"/>
		<feat xlink:href="#sTok393" value="punct"/>
		<feat xlink:href="#sTok394" value="aux"/>
		<feat xlink:href="#sTok395" value="nsubj"/>
		<feat xlink:href="#sTok396" value="root"/>
		<feat xlink:href="#sTok397" value="det:predet"/>
		<feat xlink:href="#sTok398" value="det"/>
		<feat xlink:href="#sTok399" value="obj"/>
		<feat xlink:href="#sTok400" value="acl"/>
		<feat xlink:href="#sTok401" value="case"/>
		<feat xlink:href="#sTok402" value="det"/>
		<feat xlink:href="#sTok403" value="amod"/>
		<feat xlink:href="#sTok404" value="obl"/>
		<feat xlink:href="#sTok405" value="case"/>
		<feat xlink:href="#sTok406" value="det"/>
		<feat xlink:href="#sTok407" value="nmod"/>
		<feat xlink:href="#sTok408" value="punct"/>
		<feat xlink:href="#sTok409" value="dislocated"/>
		<feat xlink:href="#sTok410" value="nsubj"/>
		<feat xlink:href="#sTok411" value="root"/>
		<feat xlink:href="#sTok412" value="mark"/>
		<feat xlink:href="#sTok413" value="xcomp"/>
		<feat xlink:href="#sTok414" value="advmod"/>
		<feat xlink:href="#sTok415" value="case"/>
		<feat xlink:href="#sTok416" value="det"/>
		<feat xlink:href="#sTok417" value="obl"/>
		<feat xlink:href="#sTok418" value="punct"/>
		<feat xlink:href="#sTok419" value="det"/>
		<feat xlink:href="#sTok420" value="compound"/>
		<feat xlink:href="#sTok421" value="nsubj:pass"/>
		<feat xlink:href="#sTok422" value="acl"/>
		<feat xlink:href="#sTok423" value="punct"/>
		<feat xlink:href="#sTok424" value="aux"/>
		<feat xlink:href="#sTok425" value="aux:pass"/>
		<feat xlink:href="#sTok426" value="parataxis"/>
		<feat xlink:href="#sTok427" value="case"/>
		<feat xlink:href="#sTok428" value="det"/>
		<feat xlink:href="#sTok429" value="obl"/>
		<feat xlink:href="#sTok430" value="punct"/>
		<feat xlink:href="#sTok431" value="discourse"/>
		<feat xlink:href="#sTok432" value="punct"/>
		<feat xlink:href="#sTok433" value="nsubj"/>
		<feat xlink:href="#sTok434" value="cop"/>
		<feat xlink:href="#sTok435" value="root"/>
		<feat xlink:href="#sTok436" value="punct"/>
		<feat xlink:href="#sTok437" value="nsubj"/>
		<feat xlink:href="#sTok438" value="amod"/>
		<feat xlink:href="#sTok439" value="parataxis"/>
		<feat xlink:href="#sTok440" value="punct"/>
		<feat xlink:href="#sTok441" value="det"/>
		<feat xlink:href="#sTok442" value="nsubj"/>
		<feat xlink:href="#sTok443" value="case"/>
		<feat xlink:href="#sTok444" value="nmod"/>
		<feat xlink:href="#sTok445" value="root"/>
		<feat xlink:href="#sTok446" value="punct"/>
		<feat xlink:href="#sTok447" value="nsubj"/>
		<feat xlink:href="#sTok448" value="cc"/>
		<feat xlink:href="#sTok449" value="conj"/>
		<feat xlink:href="#sTok450" value="parataxis"/>
		<feat xlink:href="#sTok451" value="case"/>
		<feat xlink:href="#sTok452" value="compound"/>
		<feat xlink:href="#sTok453" value="obl"/>
		<feat xlink:href="#sTok454" value="advmod"/>
		<feat xlink:href="#sTok455" value="advcl"/>
		<feat xlink:href="#sTok456" value="case"/>
		<feat xlink:href="#sTok457" value="det"/>
		<feat xlink:href="#sTok458" value="obl"/>
		<feat xlink:href="#sTok459" value="case"/>
		<feat xlink:href="#sTok460" value="nmod"/>
		<feat xlink:href="#sTok461" value="punct"/>
		<feat xlink:href="#sTok462" value="nsubj"/>
		<feat xlink:href="#sTok463" value="aux"/>
		<feat xlink:href="#sTok464" value="advmod"/>
		<feat xlink:href="#sTok465" value="advmod"/>
		<feat xlink:href="#sTok466" value="fixed"/>
		<feat xlink:href="#sTok467" value="root"/>
		<feat xlink:href="#sTok468" value="obj"/>
		<feat xlink:href="#sTok469" value="case"/>
		<feat xlink:href="#sTok470" value="det"/>
		<feat xlink:href="#sTok471" value="obl"/>
		<feat xlink:href="#sTok472" value="case"/>
		<feat xlink:href="#sTok473" value="nmod"/>
		<feat xlink:href="#sTok474" value="punct"/>
		<feat xlink:href="#sTok475" value="aux"/>
		<feat xlink:href="#sTok476" value="advmod"/>
		<feat xlink:href="#sTok477" value="parataxis"/>
		<feat xlink:href="#sTok478" value="mark"/>
		<feat xlink:href="#sTok479" value="aux:pass"/>
		<feat xlink:href="#sTok480" value="xcomp"/>
		<feat xlink:href="#sTok481" value="case"/>
		<feat xlink:href="#sTok482" value="obl"/>
		<feat xlink:href="#sTok483" value="punct"/>
		<feat xlink:href="#sTok484" value="amod"/>
		<feat xlink:href="#sTok485" value="root"/>
		<feat xlink:href="#sTok486" value="punct"/>
		<feat xlink:href="#sTok487" value="det"/>
		<feat xlink:href="#sTok488" value="compound"/>
		<feat xlink:href="#sTok489" value="nsubj"/>
		<feat xlink:href="#sTok490" value="advmod"/>
		<feat xlink:href="#sTok491" value="advmod"/>
		<feat xlink:href="#sTok492" value="punct"/>
		<feat xlink:href="#sTok493" value="nsubj"/>
		<feat xlink:href="#sTok494" value="cop"/>
		<feat xlink:href="#sTok495" value="det"/>
		<feat xlink:href="#sTok496" value="advmod"/>
		<feat xlink:href="#sTok497" value="amod"/>
		<feat xlink:href="#sTok498" value="root"/>
		<feat xlink:href="#sTok499" value="mark"/>
		<feat xlink:href="#sTok500" value="advcl"/>
		<feat xlink:href="#sTok501" value="det"/>
		<feat xlink:href="#sTok502" value="obj"/>
		<feat xlink:href="#sTok503" value="punct"/>
		<feat xlink:href="#sTok504" value="amod"/>
		<feat xlink:href="#sTok505" value="nsubj"/>
		<feat xlink:href="#sTok506" value="parataxis"/>
		<feat xlink:href="#sTok507" value="punct"/>
		<feat xlink:href="#sTok508" value="amod"/>
		<feat xlink:href="#sTok509" value="compound"/>
		<feat xlink:href="#sTok510" value="conj"/>
		<feat xlink:href="#sTok511" value="compound"/>
		<feat xlink:href="#sTok512" value="conj"/>
		<feat xlink:href="#sTok513" value="reparandum"/>
		<feat xlink:href="#sTok514" value="advmod"/>
		<feat xlink:href="#sTok515" value="fixed"/>
		<feat xlink:href="#sTok516" value="punct"/>
		<feat xlink:href="#sTok517" value="nsubj"/>
		<feat xlink:href="#sTok518" value="root"/>
		<feat xlink:href="#sTok519" value="case"/>
		<feat xlink:href="#sTok520" value="det"/>
		<feat xlink:href="#sTok521" value="amod"/>
		<feat xlink:href="#sTok522" value="compound"/>
		<feat xlink:href="#sTok523" value="obl"/>
		<feat xlink:href="#sTok524" value="punct"/>
		<feat xlink:href="#sTok525" value="parataxis"/>
		<feat xlink:href="#sTok526" value="case"/>
		<feat xlink:href="#sTok527" value="det"/>
		<feat xlink:href="#sTok528" value="nmod"/>
		<feat xlink:href="#sTok529" value="punct"/>
		<feat xlink:href="#sTok530" value="case"/>
		<feat xlink:href="#sTok531" value="compound"/>
		<feat xlink:href="#sTok532" value="obl"/>
		<feat xlink:href="#sTok533" value="cc"/>
		<feat xlink:href="#sTok534" value="nsubj"/>
		<feat xlink:href="#sTok535" value="cop"/>
		<feat xlink:href="#sTok536" value="advmod"/>
		<feat xlink:href="#sTok537" value="nummod"/>
		<feat xlink:href="#sTok538" value="conj"/>
		<feat xlink:href="#sTok539" value="punct"/>
		<feat xlink:href="#sTok540" value="cc"/>
		<feat xlink:href="#sTok541" value="advmod"/>
		<feat xlink:href="#sTok542" value="nsubj"/>
		<feat xlink:href="#sTok543" value="cop"/>
		<feat xlink:href="#sTok544" value="advmod"/>
		<feat xlink:href="#sTok545" value="conj"/>
		<feat xlink:href="#sTok546" value="case"/>
		<feat xlink:href="#sTok547" value="det"/>
		<feat xlink:href="#sTok548" value="obl"/>
		<feat xlink:href="#sTok549" value="punct"/>
		<feat xlink:href="#sTok550" value="nsubj"/>
		<feat xlink:href="#sTok551" value="advmod"/>
		<feat xlink:href="#sTok552" value="fixed"/>
		<feat xlink:href="#sTok553" value="parataxis"/>
		<feat xlink:href="#sTok554" value="xcomp"/>
		<feat xlink:href="#sTok555" value="punct"/>
		<feat xlink:href="#sTok556" value="nsubj"/>
		<feat xlink:href="#sTok557" value="advmod"/>
		<feat xlink:href="#sTok558" value="advmod"/>
		<feat xlink:href="#sTok559" value="fixed"/>
		<feat xlink:href="#sTok560" value="parataxis"/>
		<feat xlink:href="#sTok561" value="case"/>
		<feat xlink:href="#sTok562" value="obl"/>
		<feat xlink:href="#sTok563" value="punct"/>
		<feat xlink:href="#sTok564" value="nsubj"/>
		<feat xlink:href="#sTok565" value="parataxis"/>
		<feat xlink:href="#sTok566" value="mark"/>
		<feat xlink:href="#sTok567" value="advmod"/>
		<feat xlink:href="#sTok568" value="xcomp"/>
		<feat xlink:href="#sTok569" value="cc"/>
		<feat xlink:href="#sTok570" value="conj"/>
		<feat xlink:href="#sTok571" value="punct"/>
		<feat xlink:href="#sTok572" value="nsubj"/>
		<feat xlink:href="#sTok573" value="cop"/>
		<feat xlink:href="#sTok574" value="root"/>
		<feat xlink:href="#sTok575" value="punct"/>
		<feat xlink:href="#sTok576" value="nsubj"/>
		<feat xlink:href="#sTok577" value="root"/>
		<feat xlink:href="#sTok578" value="advmod"/>
		<feat xlink:href="#sTok579" value="compound:prt"/>
		<feat xlink:href="#sTok580" value="punct"/>
		<feat xlink:href="#sTok581" value="advmod"/>
		<feat xlink:href="#sTok582" value="parataxis"/>
		<feat xlink:href="#sTok583" value="mark"/>
		<feat xlink:href="#sTok584" value="xcomp"/>
		<feat xlink:href="#sTok585" value="obj"/>
		<feat xlink:href="#sTok586" value="xcomp"/>
		<feat xlink:href="#sTok587" value="case"/>
		<feat xlink:href="#sTok588" value="fixed"/>
		<feat xlink:href="#sTok589" value="obl"/>
		<feat xlink:href="#sTok590" value="punct"/>
		<feat xlink:href="#sTok591" value="nsubj"/>
		<feat xlink:href="#sTok592" value="advmod"/>
		<feat xlink:href="#sTok593" value="root"/>
		<feat xlink:href="#sTok594" value="compound:prt"/>
		<feat xlink:href="#sTok595" value="punct"/>
		<feat xlink:href="#sTok596" value="aux"/>
		<feat xlink:href="#sTok597" value="parataxis"/>
		<feat xlink:href="#sTok598" value="obj"/>
		<feat xlink:href="#sTok599" value="mark"/>
		<feat xlink:href="#sTok600" value="advcl"/>
		<feat xlink:href="#sTok601" value="advmod"/>
		<feat xlink:href="#sTok602" value="advmod"/>
		<feat xlink:href="#sTok603" value="mark"/>
		<feat xlink:href="#sTok604" value="advcl"/>
		<feat xlink:href="#sTok605" value="nummod"/>
		<feat xlink:href="#sTok606" value="obj"/>
		<feat xlink:href="#sTok607" value="punct"/>
		<feat xlink:href="#sTok608" value="root"/>
		<feat xlink:href="#sTok609" value="mark"/>
		<feat xlink:href="#sTok610" value="nsubj"/>
		<feat xlink:href="#sTok611" value="advcl"/>
		<feat xlink:href="#sTok612" value="compound:prt"/>
		<feat xlink:href="#sTok613" value="case"/>
		<feat xlink:href="#sTok614" value="obl"/>
		<feat xlink:href="#sTok615" value="punct"/>
		<feat xlink:href="#sTok616" value="mark"/>
		<feat xlink:href="#sTok617" value="root"/>
		<feat xlink:href="#sTok618" value="obj"/>
		<feat xlink:href="#sTok619" value="nsubj"/>
		<feat xlink:href="#sTok620" value="acl:relcl"/>
		<feat xlink:href="#sTok621" value="compound:prt"/>
		<feat xlink:href="#sTok622" value="punct"/>
		<feat xlink:href="#sTok623" value="nummod"/>
		<feat xlink:href="#sTok624" value="nsubj"/>
		<feat xlink:href="#sTok625" value="root"/>
		<feat xlink:href="#sTok626" value="punct"/>
		<feat xlink:href="#sTok627" value="det"/>
		<feat xlink:href="#sTok628" value="amod"/>
		<feat xlink:href="#sTok629" value="nsubj"/>
		<feat xlink:href="#sTok630" value="root"/>
		<feat xlink:href="#sTok631" value="mark"/>
		<feat xlink:href="#sTok632" value="xcomp"/>
		<feat xlink:href="#sTok633" value="case"/>
		<feat xlink:href="#sTok634" value="nummod"/>
		<feat xlink:href="#sTok635" value="obl"/>
		<feat xlink:href="#sTok636" value="punct"/>
		<feat xlink:href="#sTok637" value="advcl"/>
		<feat xlink:href="#sTok638" value="case"/>
		<feat xlink:href="#sTok639" value="det"/>
		<feat xlink:href="#sTok640" value="obl"/>
		<feat xlink:href="#sTok641" value="nsubj"/>
		<feat xlink:href="#sTok642" value="aux"/>
		<feat xlink:href="#sTok643" value="advmod"/>
		<feat xlink:href="#sTok644" value="root"/>
		<feat xlink:href="#sTok645" value="compound:prt"/>
		<feat xlink:href="#sTok646" value="advmod"/>
		<feat xlink:href="#sTok647" value="punct"/>
		<feat xlink:href="#sTok648" value="det"/>
		<feat xlink:href="#sTok649" value="nsubj"/>
		<feat xlink:href="#sTok650" value="advmod"/>
		<feat xlink:href="#sTok651" value="advmod"/>
		<feat xlink:href="#sTok652" value="root"/>
		<feat xlink:href="#sTok653" value="mark"/>
		<feat xlink:href="#sTok654" value="xcomp"/>
		<feat xlink:href="#sTok655" value="mark"/>
		<feat xlink:href="#sTok656" value="nsubj"/>
		<feat xlink:href="#sTok657" value="aux"/>
		<feat xlink:href="#sTok658" value="ccomp"/>
		<feat xlink:href="#sTok659" value="obj"/>
		<feat xlink:href="#sTok660" value="advmod"/>
		<feat xlink:href="#sTok661" value="case"/>
		<feat xlink:href="#sTok662" value="det"/>
		<feat xlink:href="#sTok663" value="obl"/>
		<feat xlink:href="#sTok664" value="punct"/>
		<feat xlink:href="#sTok665" value="nsubj"/>
		<feat xlink:href="#sTok666" value="aux"/>
		<feat xlink:href="#sTok667" value="root"/>
		<feat xlink:href="#sTok668" value="mark"/>
		<feat xlink:href="#sTok669" value="xcomp"/>
		<feat xlink:href="#sTok670" value="det:predet"/>
		<feat xlink:href="#sTok671" value="det"/>
		<feat xlink:href="#sTok672" value="obl:unmarked"/>
		<feat xlink:href="#sTok673" value="advmod"/>
		<feat xlink:href="#sTok674" value="parataxis"/>
		<feat xlink:href="#sTok675" value="mark"/>
		<feat xlink:href="#sTok676" value="det"/>
		<feat xlink:href="#sTok677" value="nsubj"/>
		<feat xlink:href="#sTok678" value="advcl"/>
		<feat xlink:href="#sTok679" value="mark"/>
		<feat xlink:href="#sTok680" value="xcomp"/>
		<feat xlink:href="#sTok681" value="punct"/>
		<feat xlink:href="#sTok682" value="advmod"/>
		<feat xlink:href="#sTok683" value="punct"/>
		<feat xlink:href="#sTok684" value="nsubj"/>
		<feat xlink:href="#sTok685" value="punct"/>
		<feat xlink:href="#sTok686" value="conj"/>
		<feat xlink:href="#sTok687" value="punct"/>
		<feat xlink:href="#sTok688" value="nummod"/>
		<feat xlink:href="#sTok689" value="appos"/>
		<feat xlink:href="#sTok690" value="nsubj"/>
		<feat xlink:href="#sTok691" value="aux"/>
		<feat xlink:href="#sTok692" value="acl:relcl"/>
		<feat xlink:href="#sTok693" value="compound:prt"/>
		<feat xlink:href="#sTok694" value="case"/>
		<feat xlink:href="#sTok695" value="parataxis"/>
		<feat xlink:href="#sTok696" value="fixed"/>
		<feat xlink:href="#sTok697" value="det"/>
		<feat xlink:href="#sTok698" value="obl:unmarked"/>
		<feat xlink:href="#sTok699" value="case"/>
		<feat xlink:href="#sTok700" value="nmod"/>
		<feat xlink:href="#sTok701" value="punct"/>
		<feat xlink:href="#sTok702" value="root"/>
		<feat xlink:href="#sTok703" value="mark"/>
		<feat xlink:href="#sTok704" value="xcomp"/>
		<feat xlink:href="#sTok705" value="case"/>
		<feat xlink:href="#sTok706" value="det"/>
		<feat xlink:href="#sTok707" value="obl"/>
		<feat xlink:href="#sTok708" value="punct"/>
		<feat xlink:href="#sTok709" value="discourse"/>
		<feat xlink:href="#sTok710" value="punct"/>
		<feat xlink:href="#sTok711" value="det"/>
		<feat xlink:href="#sTok712" value="root"/>
		<feat xlink:href="#sTok713" value="advmod"/>
		<feat xlink:href="#sTok714" value="cc"/>
		<feat xlink:href="#sTok715" value="conj"/>
		<feat xlink:href="#sTok716" value="compound:prt"/>
		<feat xlink:href="#sTok717" value="compound:prt"/>
		<feat xlink:href="#sTok718" value="det"/>
		<feat xlink:href="#sTok719" value="amod"/>
		<feat xlink:href="#sTok720" value="amod"/>
		<feat xlink:href="#sTok721" value="parataxis"/>
		<feat xlink:href="#sTok722" value="punct"/>
		<feat xlink:href="#sTok723" value="nsubj"/>
		<feat xlink:href="#sTok724" value="root"/>
		<feat xlink:href="#sTok725" value="compound:prt"/>
		<feat xlink:href="#sTok726" value="nmod:poss"/>
		<feat xlink:href="#sTok727" value="amod"/>
		<feat xlink:href="#sTok728" value="obj"/>
		<feat xlink:href="#sTok729" value="case"/>
		<feat xlink:href="#sTok730" value="nmod"/>
		<feat xlink:href="#sTok731" value="flat"/>
		<feat xlink:href="#sTok732" value="punct"/>
		<feat xlink:href="#sTok733" value="advmod"/>
		<feat xlink:href="#sTok734" value="root"/>
		<feat xlink:href="#sTok735" value="cc"/>
		<feat xlink:href="#sTok736" value="nsubj"/>
		<feat xlink:href="#sTok737" value="aux"/>
		<feat xlink:href="#sTok738" value="conj"/>
		<feat xlink:href="#sTok739" value="nmod:poss"/>
		<feat xlink:href="#sTok740" value="case"/>
		<feat xlink:href="#sTok741" value="compound"/>
		<feat xlink:href="#sTok742" value="compound"/>
		<feat xlink:href="#sTok743" value="compound"/>
		<feat xlink:href="#sTok744" value="obj"/>
		<feat xlink:href="#sTok745" value="punct"/>
		<feat xlink:href="#sTok746" value="amod"/>
		<feat xlink:href="#sTok747" value="parataxis"/>
		<feat xlink:href="#sTok748" value="advmod"/>
		<feat xlink:href="#sTok749" value="advmod"/>
		<feat xlink:href="#sTok750" value="punct"/>
		<feat xlink:href="#sTok751" value="nsubj"/>
		<feat xlink:href="#sTok752" value="aux"/>
		<feat xlink:href="#sTok753" value="root"/>
		<feat xlink:href="#sTok754" value="obj"/>
		<feat xlink:href="#sTok755" value="nsubj"/>
		<feat xlink:href="#sTok756" value="acl:relcl"/>
		<feat xlink:href="#sTok757" value="compound:prt"/>
		<feat xlink:href="#sTok758" value="case"/>
		<feat xlink:href="#sTok759" value="det"/>
		<feat xlink:href="#sTok760" value="obl"/>
		<feat xlink:href="#sTok761" value="case"/>
		<feat xlink:href="#sTok762" value="det"/>
		<feat xlink:href="#sTok763" value="nmod"/>
		<feat xlink:href="#sTok764" value="advmod"/>
		<feat xlink:href="#sTok765" value="nsubj:pass"/>
		<feat xlink:href="#sTok766" value="aux:pass"/>
		<feat xlink:href="#sTok767" value="advmod"/>
		<feat xlink:href="#sTok768" value="advcl"/>
		<feat xlink:href="#sTok769" value="cc"/>
		<feat xlink:href="#sTok770" value="conj"/>
		<feat xlink:href="#sTok771" value="punct"/>
		<feat xlink:href="#sTok772" value="root"/>
		<feat xlink:href="#sTok773" value="nsubj"/>
		<feat xlink:href="#sTok774" value="cop"/>
		<feat xlink:href="#sTok775" value="nmod:poss"/>
		<feat xlink:href="#sTok776" value="amod"/>
		<feat xlink:href="#sTok777" value="parataxis"/>
		<feat xlink:href="#sTok778" value="advmod"/>
		<feat xlink:href="#sTok779" value="obl:unmarked"/>
		<feat xlink:href="#sTok780" value="punct"/>
		<feat xlink:href="#sTok781" value="root"/>
		<feat xlink:href="#sTok782" value="det"/>
		<feat xlink:href="#sTok783" value="obj"/>
		<feat xlink:href="#sTok784" value="obj"/>
		<feat xlink:href="#sTok785" value="parataxis"/>
		<feat xlink:href="#sTok786" value="obj"/>
		<feat xlink:href="#sTok787" value="xcomp"/>
		<feat xlink:href="#sTok788" value="advmod"/>
		<feat xlink:href="#sTok789" value="case"/>
		<feat xlink:href="#sTok790" value="obl"/>
		<feat xlink:href="#sTok791" value="punct"/>
		<feat xlink:href="#sTok792" value="discourse"/>
		<feat xlink:href="#sTok793" value="punct"/>
		<feat xlink:href="#sTok794" value="nsubj"/>
		<feat xlink:href="#sTok795" value="aux"/>
		<feat xlink:href="#sTok796" value="root"/>
		<feat xlink:href="#sTok797" value="det"/>
		<feat xlink:href="#sTok798" value="nsubj"/>
		<feat xlink:href="#sTok799" value="case"/>
		<feat xlink:href="#sTok800" value="nmod"/>
		<feat xlink:href="#sTok801" value="advcl"/>
		<feat xlink:href="#sTok802" value="advmod"/>
		<feat xlink:href="#sTok803" value="punct"/>
		<feat xlink:href="#sTok804" value="nsubj"/>
		<feat xlink:href="#sTok805" value="cop"/>
		<feat xlink:href="#sTok806" value="nmod:poss"/>
		<feat xlink:href="#sTok807" value="ccomp"/>
		<feat xlink:href="#sTok808" value="advmod"/>
		<feat xlink:href="#sTok809" value="fixed"/>
		<feat xlink:href="#sTok810" value="case"/>
		<feat xlink:href="#sTok811" value="det"/>
		<feat xlink:href="#sTok812" value="obl"/>
		<feat xlink:href="#sTok813" value="case"/>
		<feat xlink:href="#sTok814" value="det"/>
		<feat xlink:href="#sTok815" value="nmod"/>
		<feat xlink:href="#sTok816" value="punct"/>
		<feat xlink:href="#sTok817" value="obj"/>
		<feat xlink:href="#sTok818" value="aux"/>
		<feat xlink:href="#sTok819" value="nsubj"/>
		<feat xlink:href="#sTok820" value="root"/>
		<feat xlink:href="#sTok821" value="case"/>
		<feat xlink:href="#sTok822" value="det"/>
		<feat xlink:href="#sTok823" value="amod"/>
		<feat xlink:href="#sTok824" value="obl"/>
		<feat xlink:href="#sTok825" value="punct"/>
		<feat xlink:href="#sTok826" value="aux"/>
		<feat xlink:href="#sTok827" value="nsubj"/>
		<feat xlink:href="#sTok828" value="root"/>
		<feat xlink:href="#sTok829" value="det"/>
		<feat xlink:href="#sTok830" value="obj"/>
		<feat xlink:href="#sTok831" value="mark"/>
		<feat xlink:href="#sTok832" value="advcl"/>
		<feat xlink:href="#sTok833" value="mark"/>
		<feat xlink:href="#sTok834" value="xcomp"/>
		<feat xlink:href="#sTok835" value="compound:prt"/>
		<feat xlink:href="#sTok836" value="case"/>
		<feat xlink:href="#sTok837" value="obl"/>
		<feat xlink:href="#sTok838" value="nsubj"/>
		<feat xlink:href="#sTok839" value="cop"/>
		<feat xlink:href="#sTok840" value="nummod"/>
		<feat xlink:href="#sTok841" value="dislocated"/>
		<feat xlink:href="#sTok842" value="punct"/>
		<feat xlink:href="#sTok843" value="nummod"/>
		<feat xlink:href="#sTok844" value="obl:unmarked"/>
		<feat xlink:href="#sTok845" value="acl:relcl"/>
		<feat xlink:href="#sTok846" value="punct"/>
		<feat xlink:href="#sTok847" value="case"/>
		<feat xlink:href="#sTok848" value="parataxis"/>
		<feat xlink:href="#sTok849" value="punct"/>
		<feat xlink:href="#sTok850" value="nsubj:outer"/>
		<feat xlink:href="#sTok851" value="appos"/>
		<feat xlink:href="#sTok852" value="case"/>
		<feat xlink:href="#sTok853" value="nmod"/>
		<feat xlink:href="#sTok854" value="cc"/>
		<feat xlink:href="#sTok855" value="conj"/>
		<feat xlink:href="#sTok856" value="advmod"/>
		<feat xlink:href="#sTok857" value="case"/>
		<feat xlink:href="#sTok858" value="det"/>
		<feat xlink:href="#sTok859" value="obl"/>
		<feat xlink:href="#sTok860" value="case"/>
		<feat xlink:href="#sTok861" value="nmod"/>
		<feat xlink:href="#sTok862" value="advmod"/>
		<feat xlink:href="#sTok863" value="case"/>
		<feat xlink:href="#sTok864" value="obl"/>
		<feat xlink:href="#sTok865" value="cop"/>
		<feat xlink:href="#sTok866" value="root"/>
		<feat xlink:href="#sTok867" value="mark"/>
		<feat xlink:href="#sTok868" value="xcomp"/>
		<feat xlink:href="#sTok869" value="case"/>
		<feat xlink:href="#sTok870" value="det"/>
		<feat xlink:href="#sTok871" value="obl"/>
		<feat xlink:href="#sTok872" value="cc"/>
		<feat xlink:href="#sTok873" value="conj"/>
		<feat xlink:href="#sTok874" value="cc"/>
		<feat xlink:href="#sTok875" value="conj"/>
		<feat xlink:href="#sTok876" value="nmod:poss"/>
		<feat xlink:href="#sTok877" value="obj"/>
		<feat xlink:href="#sTok878" value="case"/>
		<feat xlink:href="#sTok879" value="obl"/>
		<feat xlink:href="#sTok880" value="nmod:unmarked"/>
		<feat xlink:href="#sTok881" value="punct"/>
		<feat xlink:href="#sTok882" value="nsubj"/>
		<feat xlink:href="#sTok883" value="root"/>
		<feat xlink:href="#sTok884" value="obj"/>
		<feat xlink:href="#sTok885" value="case"/>
		<feat xlink:href="#sTok886" value="nmod:poss"/>
		<feat xlink:href="#sTok887" value="amod"/>
		<feat xlink:href="#sTok888" value="nmod"/>
		<feat xlink:href="#sTok889" value="case"/>
		<feat xlink:href="#sTok890" value="advmod"/>
		<feat xlink:href="#sTok891" value="det"/>
		<feat xlink:href="#sTok892" value="amod"/>
		<feat xlink:href="#sTok893" value="obl"/>
		<feat xlink:href="#sTok894" value="cc"/>
		<feat xlink:href="#sTok895" value="nsubj"/>
		<feat xlink:href="#sTok896" value="conj"/>
		<feat xlink:href="#sTok897" value="nsubj"/>
		<feat xlink:href="#sTok898" value="ccomp"/>
		<feat xlink:href="#sTok899" value="det"/>
		<feat xlink:href="#sTok900" value="obj"/>
		<feat xlink:href="#sTok901" value="case"/>
		<feat xlink:href="#sTok902" value="obl"/>
		<feat xlink:href="#sTok903" value="cop"/>
		<feat xlink:href="#sTok904" value="acl:relcl"/>
		<feat xlink:href="#sTok905" value="punct"/>
		<feat xlink:href="#sTok906" value="case"/>
		<feat xlink:href="#sTok907" value="amod"/>
		<feat xlink:href="#sTok908" value="obl"/>
		<feat xlink:href="#sTok909" value="advmod"/>
		<feat xlink:href="#sTok910" value="nsubj"/>
		<feat xlink:href="#sTok911" value="advcl"/>
		<feat xlink:href="#sTok912" value="case"/>
		<feat xlink:href="#sTok913" value="det"/>
		<feat xlink:href="#sTok914" value="obl"/>
		<feat xlink:href="#sTok915" value="nsubj"/>
		<feat xlink:href="#sTok916" value="root"/>
		<feat xlink:href="#sTok917" value="mark"/>
		<feat xlink:href="#sTok918" value="xcomp"/>
		<feat xlink:href="#sTok919" value="det"/>
		<feat xlink:href="#sTok920" value="obj"/>
		<feat xlink:href="#sTok921" value="advmod"/>
		<feat xlink:href="#sTok922" value="punct"/>
		<feat xlink:href="#sTok923" value="parataxis"/>
		<feat xlink:href="#sTok924" value="advmod"/>
		<feat xlink:href="#sTok925" value="case"/>
		<feat xlink:href="#sTok926" value="det"/>
		<feat xlink:href="#sTok927" value="obl"/>
		<feat xlink:href="#sTok928" value="punct"/>
		<feat xlink:href="#sTok929" value="aux"/>
		<feat xlink:href="#sTok930" value="case"/>
		<feat xlink:href="#sTok931" value="obl"/>
		<feat xlink:href="#sTok932" value="root"/>
		<feat xlink:href="#sTok933" value="det"/>
		<feat xlink:href="#sTok934" value="compound"/>
		<feat xlink:href="#sTok935" value="obj"/>
		<feat xlink:href="#sTok936" value="punct"/>
		<feat xlink:href="#sTok937" value="aux"/>
		<feat xlink:href="#sTok938" value="nsubj"/>
		<feat xlink:href="#sTok939" value="parataxis"/>
		<feat xlink:href="#sTok940" value="obj"/>
		<feat xlink:href="#sTok941" value="punct"/>
		<feat xlink:href="#sTok942" value="root"/>
		<feat xlink:href="#sTok943" value="det"/>
		<feat xlink:href="#sTok944" value="obj"/>
		<feat xlink:href="#sTok945" value="mark"/>
		<feat xlink:href="#sTok946" value="advcl"/>
		<feat xlink:href="#sTok947" value="case"/>
		<feat xlink:href="#sTok948" value="det"/>
		<feat xlink:href="#sTok949" value="obl"/>
		<feat xlink:href="#sTok950" value="punct"/>
		<feat xlink:href="#sTok951" value="det"/>
		<feat xlink:href="#sTok952" value="nsubj"/>
		<feat xlink:href="#sTok953" value="advmod"/>
		<feat xlink:href="#sTok954" value="aux"/>
		<feat xlink:href="#sTok955" value="root"/>
		<feat xlink:href="#sTok956" value="case"/>
		<feat xlink:href="#sTok957" value="fixed"/>
		<feat xlink:href="#sTok958" value="obl"/>
		<feat xlink:href="#sTok959" value="punct"/>
		<feat xlink:href="#sTok960" value="reparandum"/>
		<feat xlink:href="#sTok961" value="punct"/>
		<feat xlink:href="#sTok962" value="nsubj"/>
		<feat xlink:href="#sTok963" value="cop"/>
		<feat xlink:href="#sTok964" value="root"/>
		<feat xlink:href="#sTok965" value="punct"/>
		<feat xlink:href="#sTok966" value="nsubj"/>
		<feat xlink:href="#sTok967" value="root"/>
		<feat xlink:href="#sTok968" value="det"/>
		<feat xlink:href="#sTok969" value="obj"/>
		<feat xlink:href="#sTok970" value="punct"/>
		<feat xlink:href="#sTok971" value="nsubj"/>
		<feat xlink:href="#sTok972" value="parataxis"/>
		<feat xlink:href="#sTok973" value="det"/>
		<feat xlink:href="#sTok974" value="obj"/>
		<feat xlink:href="#sTok975" value="punct"/>
		<feat xlink:href="#sTok976" value="det"/>
		<feat xlink:href="#sTok977" value="nsubj"/>
		<feat xlink:href="#sTok978" value="aux"/>
		<feat xlink:href="#sTok979" value="root"/>
		<feat xlink:href="#sTok980" value="mark"/>
		<feat xlink:href="#sTok981" value="xcomp"/>
		<feat xlink:href="#sTok982" value="det"/>
		<feat xlink:href="#sTok983" value="obj"/>
		<feat xlink:href="#sTok984" value="mark"/>
		<feat xlink:href="#sTok985" value="advcl"/>
		<feat xlink:href="#sTok986" value="case"/>
		<feat xlink:href="#sTok987" value="nmod:poss"/>
		<feat xlink:href="#sTok988" value="obl"/>
		<feat xlink:href="#sTok989" value="punct"/>
		<feat xlink:href="#sTok990" value="nsubj"/>
		<feat xlink:href="#sTok991" value="root"/>
		<feat xlink:href="#sTok992" value="compound:prt"/>
		<feat xlink:href="#sTok993" value="punct"/>
		<feat xlink:href="#sTok994" value="discourse"/>
		<feat xlink:href="#sTok995" value="punct"/>
		<feat xlink:href="#sTok996" value="ccomp"/>
		<feat xlink:href="#sTok997" value="det"/>
		<feat xlink:href="#sTok998" value="obj"/>
		<feat xlink:href="#sTok999" value="case"/>
		<feat xlink:href="#sTok1000" value="obl"/>
		<feat xlink:href="#sTok1001" value="punct"/>
		<feat xlink:href="#sTok1002" value="nsubj"/>
		<feat xlink:href="#sTok1003" value="aux"/>
		<feat xlink:href="#sTok1004" value="advmod"/>
		<feat xlink:href="#sTok1005" value="parataxis"/>
		<feat xlink:href="#sTok1006" value="obj"/>
		<feat xlink:href="#sTok1007" value="case"/>
		<feat xlink:href="#sTok1008" value="nmod:poss"/>
		<feat xlink:href="#sTok1009" value="obl"/>
		<feat xlink:href="#sTok1010" value="punct"/>
		<feat xlink:href="#sTok1011" value="punct"/>
		<feat xlink:href="#sTok1012" value="nsubj"/>
		<feat xlink:href="#sTok1013" value="root"/>
		<feat xlink:href="#sTok1014" value="advmod"/>
		<feat xlink:href="#sTok1015" value="obj"/>
		<feat xlink:href="#sTok1016" value="punct"/>
		<feat xlink:href="#sTok1017" value="root"/>
		<feat xlink:href="#sTok1018" value="punct"/>
		<feat xlink:href="#sTok1019" value="amod"/>
		<feat xlink:href="#sTok1020" value="parataxis"/>
		<feat xlink:href="#sTok1021" value="punct"/>
		<feat xlink:href="#sTok1022" value="nummod"/>
		<feat xlink:href="#sTok1023" value="compound"/>
		<feat xlink:href="#sTok1024" value="conj"/>
		<feat xlink:href="#sTok1025" value="punct"/>
		<feat xlink:href="#sTok1026" value="nummod"/>
		<feat xlink:href="#sTok1027" value="conj"/>
		<feat xlink:href="#sTok1028" value="punct"/>
		<feat xlink:href="#sTok1029" value="det"/>
		<feat xlink:href="#sTok1030" value="advmod"/>
		<feat xlink:href="#sTok1031" value="amod"/>
		<feat xlink:href="#sTok1032" value="parataxis"/>
		<feat xlink:href="#sTok1033" value="case"/>
		<feat xlink:href="#sTok1034" value="det"/>
		<feat xlink:href="#sTok1035" value="nmod"/>
		<feat xlink:href="#sTok1036" value="cc"/>
		<feat xlink:href="#sTok1037" value="conj"/>
		<feat xlink:href="#sTok1038" value="mark"/>
		<feat xlink:href="#sTok1039" value="det"/>
		<feat xlink:href="#sTok1040" value="nsubj"/>
		<feat xlink:href="#sTok1041" value="aux"/>
		<feat xlink:href="#sTok1042" value="advmod"/>
		<feat xlink:href="#sTok1043" value="advcl"/>
		<feat xlink:href="#sTok1044" value="advmod"/>
		<feat xlink:href="#sTok1045" value="punct"/>
		<feat xlink:href="#sTok1046" value="nsubj"/>
		<feat xlink:href="#sTok1047" value="aux"/>
		<feat xlink:href="#sTok1048" value="advmod"/>
		<feat xlink:href="#sTok1049" value="root"/>
		<feat xlink:href="#sTok1050" value="mark"/>
		<feat xlink:href="#sTok1051" value="xcomp"/>
		<feat xlink:href="#sTok1052" value="det"/>
		<feat xlink:href="#sTok1053" value="compound"/>
		<feat xlink:href="#sTok1054" value="obj"/>
		<feat xlink:href="#sTok1055" value="mark"/>
		<feat xlink:href="#sTok1056" value="advcl"/>
		<feat xlink:href="#sTok1057" value="det"/>
		<feat xlink:href="#sTok1058" value="obj"/>
		<feat xlink:href="#sTok1059" value="mark"/>
		<feat xlink:href="#sTok1060" value="advcl"/>
		<feat xlink:href="#sTok1061" value="mark"/>
		<feat xlink:href="#sTok1062" value="xcomp"/>
		<feat xlink:href="#sTok1063" value="compound:prt"/>
		<feat xlink:href="#sTok1064" value="det"/>
		<feat xlink:href="#sTok1065" value="obj"/>
		<feat xlink:href="#sTok1066" value="advmod"/>
		<feat xlink:href="#sTok1067" value="punct"/>
		<feat xlink:href="#sTok1068" value="root"/>
		<feat xlink:href="#sTok1069" value="obj"/>
		<feat xlink:href="#sTok1070" value="advmod"/>
		<feat xlink:href="#sTok1071" value="punct"/>
		<feat xlink:href="#sTok1072" value="expl"/>
		<feat xlink:href="#sTok1073" value="parataxis"/>
		<feat xlink:href="#sTok1074" value="obj"/>
		<feat xlink:href="#sTok1075" value="mark"/>
		<feat xlink:href="#sTok1076" value="csubj"/>
		<feat xlink:href="#sTok1077" value="det"/>
		<feat xlink:href="#sTok1078" value="amod"/>
		<feat xlink:href="#sTok1079" value="obj"/>
		<feat xlink:href="#sTok1080" value="nsubj"/>
		<feat xlink:href="#sTok1081" value="aux"/>
		<feat xlink:href="#sTok1082" value="acl:relcl"/>
		<feat xlink:href="#sTok1083" value="punct"/>
		<feat xlink:href="#sTok1084" value="case"/>
		<feat xlink:href="#sTok1085" value="det"/>
		<feat xlink:href="#sTok1086" value="obl"/>
		<feat xlink:href="#sTok1087" value="punct"/>
		<feat xlink:href="#sTok1088" value="nummod"/>
		<feat xlink:href="#sTok1089" value="root"/>
		<feat xlink:href="#sTok1090" value="punct"/>
		<feat xlink:href="#sTok1091" value="nummod"/>
		<feat xlink:href="#sTok1092" value="conj"/>
		<feat xlink:href="#sTok1093" value="punct"/>
		<feat xlink:href="#sTok1094" value="nsubj"/>
		<feat xlink:href="#sTok1095" value="aux"/>
		<feat xlink:href="#sTok1096" value="advmod"/>
		<feat xlink:href="#sTok1097" value="root"/>
		<feat xlink:href="#sTok1098" value="obj"/>
		<feat xlink:href="#sTok1099" value="mark"/>
		<feat xlink:href="#sTok1100" value="cop"/>
		<feat xlink:href="#sTok1101" value="advcl"/>
		<feat xlink:href="#sTok1102" value="advmod"/>
		<feat xlink:href="#sTok1103" value="punct"/>
		<feat xlink:href="#sTok1104" value="advcl"/>
		<feat xlink:href="#sTok1105" value="mark"/>
		<feat xlink:href="#sTok1106" value="nsubj"/>
		<feat xlink:href="#sTok1107" value="aux"/>
		<feat xlink:href="#sTok1108" value="cop"/>
		<feat xlink:href="#sTok1109" value="det"/>
		<feat xlink:href="#sTok1110" value="obl:unmarked"/>
		<feat xlink:href="#sTok1111" value="ccomp"/>
		<feat xlink:href="#sTok1112" value="case"/>
		<feat xlink:href="#sTok1113" value="obl"/>
		<feat xlink:href="#sTok1114" value="case"/>
		<feat xlink:href="#sTok1115" value="nmod"/>
		<feat xlink:href="#sTok1116" value="punct"/>
		<feat xlink:href="#sTok1117" value="nsubj"/>
		<feat xlink:href="#sTok1118" value="aux"/>
		<feat xlink:href="#sTok1119" value="root"/>
		<feat xlink:href="#sTok1120" value="mark"/>
		<feat xlink:href="#sTok1121" value="xcomp"/>
		<feat xlink:href="#sTok1122" value="obj"/>
		<feat xlink:href="#sTok1123" value="case"/>
		<feat xlink:href="#sTok1124" value="det"/>
		<feat xlink:href="#sTok1125" value="obl"/>
		<feat xlink:href="#sTok1126" value="advcl"/>
		<feat xlink:href="#sTok1127" value="case"/>
		<feat xlink:href="#sTok1128" value="det"/>
		<feat xlink:href="#sTok1129" value="obl"/>
		<feat xlink:href="#sTok1130" value="case"/>
		<feat xlink:href="#sTok1131" value="nmod"/>
		<feat xlink:href="#sTok1132" value="punct"/>
		<feat xlink:href="#sTok1133" value="det"/>
		<feat xlink:href="#sTok1134" value="nummod"/>
		<feat xlink:href="#sTok1135" value="nsubj"/>
		<feat xlink:href="#sTok1136" value="root"/>
		<feat xlink:href="#sTok1137" value="mark"/>
		<feat xlink:href="#sTok1138" value="xcomp"/>
		<feat xlink:href="#sTok1139" value="compound:prt"/>
		<feat xlink:href="#sTok1140" value="case"/>
		<feat xlink:href="#sTok1141" value="obl"/>
		<feat xlink:href="#sTok1142" value="case"/>
		<feat xlink:href="#sTok1143" value="nmod"/>
		<feat xlink:href="#sTok1144" value="fixed"/>
		<feat xlink:href="#sTok1145" value="mark"/>
		<feat xlink:href="#sTok1146" value="nsubj"/>
		<feat xlink:href="#sTok1147" value="advcl"/>
		<feat xlink:href="#sTok1148" value="obj"/>
		<feat xlink:href="#sTok1149" value="punct"/>
		<feat xlink:href="#sTok1150" value="discourse"/>
		<feat xlink:href="#sTok1151" value="nmod:poss"/>
		<feat xlink:href="#sTok1152" value="discourse"/>
		<feat xlink:href="#sTok1153" value="punct"/>
		<feat xlink:href="#sTok1154" value="compound"/>
		<feat xlink:href="#sTok1155" value="parataxis"/>
		<feat xlink:href="#sTok1156" value="punct"/>
		<feat xlink:href="#sTok1157" value="root"/>
		<feat xlink:href="#sTok1158" value="punct"/>
		<feat xlink:href="#sTok1159" value="det"/>
		<feat xlink:href="#sTok1160" value="amod"/>
		<feat xlink:href="#sTok1161" value="compound"/>
		<feat xlink:href="#sTok1162" value="root"/>
		<feat xlink:href="#sTok1163" value="punct"/>
		<feat xlink:href="#sTok1164" value="nsubj"/>
		<feat xlink:href="#sTok1165" value="cop"/>
		<feat xlink:href="#sTok1166" value="root"/>
		<feat xlink:href="#sTok1167" value="case"/>
		<feat xlink:href="#sTok1168" value="det"/>
		<feat xlink:href="#sTok1169" value="nmod"/>
		<feat xlink:href="#sTok1170" value="punct"/>
		<feat xlink:href="#sTok1171" value="root"/>
		<feat xlink:href="#sTok1172" value="punct"/>
		<feat xlink:href="#sTok1173" value="nsubj"/>
		<feat xlink:href="#sTok1174" value="aux"/>
		<feat xlink:href="#sTok1175" value="root"/>
		<feat xlink:href="#sTok1176" value="case"/>
		<feat xlink:href="#sTok1177" value="obl"/>
		<feat xlink:href="#sTok1178" value="punct"/>
		<feat xlink:href="#sTok1179" value="root"/>
		<feat xlink:href="#sTok1180" value="nsubj"/>
		<feat xlink:href="#sTok1181" value="ccomp"/>
		<feat xlink:href="#sTok1182" value="punct"/>
		<feat xlink:href="#sTok1183" value="conj"/>
		<feat xlink:href="#sTok1184" value="punct"/>
		<feat xlink:href="#sTok1185" value="aux"/>
		<feat xlink:href="#sTok1186" value="root"/>
		<feat xlink:href="#sTok1187" value="det"/>
		<feat xlink:href="#sTok1188" value="compound"/>
		<feat xlink:href="#sTok1189" value="obj"/>
		<feat xlink:href="#sTok1190" value="mark"/>
		<feat xlink:href="#sTok1191" value="advcl"/>
		<feat xlink:href="#sTok1192" value="cc"/>
		<feat xlink:href="#sTok1193" value="conj"/>
		<feat xlink:href="#sTok1194" value="compound:prt"/>
		<feat xlink:href="#sTok1195" value="det"/>
		<feat xlink:href="#sTok1196" value="obj"/>
		<feat xlink:href="#sTok1197" value="advmod"/>
		<feat xlink:href="#sTok1198" value="parataxis"/>
		<feat xlink:href="#sTok1199" value="mark"/>
		<feat xlink:href="#sTok1200" value="xcomp"/>
		<feat xlink:href="#sTok1201" value="case"/>
		<feat xlink:href="#sTok1202" value="fixed"/>
		<feat xlink:href="#sTok1203" value="det"/>
		<feat xlink:href="#sTok1204" value="obl"/>
		<feat xlink:href="#sTok1205" value="case"/>
		<feat xlink:href="#sTok1206" value="advmod"/>
		<feat xlink:href="#sTok1207" value="det"/>
		<feat xlink:href="#sTok1208" value="obl"/>
		<feat xlink:href="#sTok1209" value="punct"/>
		<feat xlink:href="#sTok1210" value="root"/>
		<feat xlink:href="#sTok1211" value="det"/>
		<feat xlink:href="#sTok1212" value="amod"/>
		<feat xlink:href="#sTok1213" value="obj"/>
		<feat xlink:href="#sTok1214" value="mark"/>
		<feat xlink:href="#sTok1215" value="nsubj"/>
		<feat xlink:href="#sTok1216" value="case"/>
		<feat xlink:href="#sTok1217" value="nmod"/>
		<feat xlink:href="#sTok1218" value="cop"/>
		<feat xlink:href="#sTok1219" value="advcl"/>
		<feat xlink:href="#sTok1220" value="advcl"/>
		<feat xlink:href="#sTok1221" value="advmod"/>
		<feat xlink:href="#sTok1222" value="obj"/>
		<feat xlink:href="#sTok1223" value="nmod:poss"/>
		<feat xlink:href="#sTok1224" value="nsubj"/>
		<feat xlink:href="#sTok1225" value="acl:relcl"/>
		<feat xlink:href="#sTok1226" value="cc"/>
		<feat xlink:href="#sTok1227" value="advmod"/>
		<feat xlink:href="#sTok1228" value="conj"/>
		<feat xlink:href="#sTok1229" value="mark"/>
		<feat xlink:href="#sTok1230" value="acl"/>
		<feat xlink:href="#sTok1231" value="punct"/></featList></paula>