<?xml version='1.0' encoding='UTF-8'?><!DOCTYPE paula SYSTEM "paula_feat.dtd">
<paula version="1.1">
	<header paula_id="GENTLE_esports_fortnite.tok_claws5"/>
	<featList xmlns:xlink="http://www.w3.org/1999/xlink" type="claws5" xml:base="GENTLE_esports_fortnite.tok.xml">
		<feat xlink:href="#sTok1" value="CJS"/>
		<feat xlink:href="#sTok2" value="PRP"/>
		<feat xlink:href="#sTok3" value="AT0"/>
		<feat xlink:href="#sTok4" value="NN1"/>
		<feat xlink:href="#sTok5" value="NN1"/>
		<feat xlink:href="#sTok6" value="NN1"/>
		<feat xlink:href="#sTok7" value="VHZ"/>
		<feat xlink:href="#sTok8" value="VVN"/>
		<feat xlink:href="#sTok9" value="PNI"/>
		<feat xlink:href="#sTok10" value="DT0"/>
		<feat xlink:href="#sTok11" value="NN1"/>
		<feat xlink:href="#sTok12" value="PUN"/>
		<feat xlink:href="#sTok13" value="AT0"/>
		<feat xlink:href="#sTok14" value="NP0"/>
		<feat xlink:href="#sTok15" value="NP0"/>
		<feat xlink:href="#sTok16" value="NP0"/>
		<feat xlink:href="#sTok17" value="NP0"/>
		<feat xlink:href="#sTok18" value="VVZ"/>
		<feat xlink:href="#sTok19" value="AV0"/>
		<feat xlink:href="#sTok20" value="AV0"/>
		<feat xlink:href="#sTok21" value="PUN"/>
		<feat xlink:href="#sTok22" value="DT0"/>
		<feat xlink:href="#sTok23" value="CRD"/>
		<feat xlink:href="#sTok24" value="NN2"/>
		<feat xlink:href="#sTok25" value="PRP"/>
		<feat xlink:href="#sTok26" value="DPS"/>
		<feat xlink:href="#sTok27" value="NN1"/>
		<feat xlink:href="#sTok28" value="AV0"/>
		<feat xlink:href="#sTok29" value="PUN"/>
		<feat xlink:href="#sTok30" value="NP0"/>
		<feat xlink:href="#sTok31" value="PUN"/>
		<feat xlink:href="#sTok32" value="NP0"/>
		<feat xlink:href="#sTok33" value="PUN"/>
		<feat xlink:href="#sTok34" value="VVG"/>
		<feat xlink:href="#sTok35" value="AVP"/>
		<feat xlink:href="#sTok36" value="PRP"/>
		<feat xlink:href="#sTok37" value="NN1"/>
		<feat xlink:href="#sTok38" value="PRF"/>
		<feat xlink:href="#sTok39" value="NN1"/>
		<feat xlink:href="#sTok40" value="AV0"/>
		<feat xlink:href="#sTok41" value="AV0"/>
		<feat xlink:href="#sTok42" value="AT0"/>
		<feat xlink:href="#sTok43" value="VVG"/>
		<feat xlink:href="#sTok44" value="NN1"/>
		<feat xlink:href="#sTok45" value="PUN"/>
		<feat xlink:href="#sTok46" value="NP0"/>
		<feat xlink:href="#sTok47" value="AT0"/>
		<feat xlink:href="#sTok48" value="NN1"/>
		<feat xlink:href="#sTok49" value="PRF"/>
		<feat xlink:href="#sTok50" value="AT0"/>
		<feat xlink:href="#sTok51" value="AJ0"/>
		<feat xlink:href="#sTok52" value="NN1"/>
		<feat xlink:href="#sTok53" value="VVG"/>
		<feat xlink:href="#sTok54" value="PRP"/>
		<feat xlink:href="#sTok55" value="AV0"/>
		<feat xlink:href="#sTok56" value="AT0"/>
		<feat xlink:href="#sTok57" value="AJ0"/>
		<feat xlink:href="#sTok58" value="NN1"/>
		<feat xlink:href="#sTok59" value="PRF"/>
		<feat xlink:href="#sTok60" value="AT0"/>
		<feat xlink:href="#sTok61" value="NN1"/>
		<feat xlink:href="#sTok62" value="PUN"/>
		<feat xlink:href="#sTok63" value="NN1"/>
		<feat xlink:href="#sTok64" value="PRF"/>
		<feat xlink:href="#sTok65" value="NN2"/>
		<feat xlink:href="#sTok66" value="PRP"/>
		<feat xlink:href="#sTok67" value="AT0"/>
		<feat xlink:href="#sTok68" value="NN1"/>
		<feat xlink:href="#sTok69" value="PUN"/>
		<feat xlink:href="#sTok70" value="EX0"/>
		<feat xlink:href="#sTok71" value="VBZ"/>
		<feat xlink:href="#sTok72" value="DPS"/>
		<feat xlink:href="#sTok73" value="AJ0"/>
		<feat xlink:href="#sTok74" value="CRD"/>
		<feat xlink:href="#sTok75" value="PRP"/>
		<feat xlink:href="#sTok76" value="AT0"/>
		<feat xlink:href="#sTok77" value="AJ0"/>
		<feat xlink:href="#sTok78" value="NN1"/>
		<feat xlink:href="#sTok79" value="PUN"/>
		<feat xlink:href="#sTok80" value="NP0"/>
		<feat xlink:href="#sTok81" value="PUN"/>
		<feat xlink:href="#sTok82" value="NP0"/>
		<feat xlink:href="#sTok83" value="PUN"/>
		<feat xlink:href="#sTok84" value="NP0"/>
		<feat xlink:href="#sTok85" value="PUN"/>
		<feat xlink:href="#sTok86" value="NP0"/>
		<feat xlink:href="#sTok87" value="PUN"/>
		<feat xlink:href="#sTok88" value="NP0"/>
		<feat xlink:href="#sTok89" value="PUN"/>
		<feat xlink:href="#sTok90" value="NP0"/>
		<feat xlink:href="#sTok91" value="PUN"/>
		<feat xlink:href="#sTok92" value="NP0"/>
		<feat xlink:href="#sTok93" value="CJC"/>
		<feat xlink:href="#sTok94" value="AT0"/>
		<feat xlink:href="#sTok95" value="NN1"/>
		<feat xlink:href="#sTok96" value="PUN"/>
		<feat xlink:href="#sTok97" value="AJ0"/>
		<feat xlink:href="#sTok98" value="NN2"/>
		<feat xlink:href="#sTok99" value="AV0"/>
		<feat xlink:href="#sTok100" value="AV0"/>
		<feat xlink:href="#sTok101" value="PRF"/>
		<feat xlink:href="#sTok102" value="ORD"/>
		<feat xlink:href="#sTok103" value="PRP"/>
		<feat xlink:href="#sTok104" value="NP0"/>
		<feat xlink:href="#sTok105" value="PUN"/>
		<feat xlink:href="#sTok106" value="AV0"/>
		<feat xlink:href="#sTok107" value="CRD"/>
		<feat xlink:href="#sTok108" value="NN2"/>
		<feat xlink:href="#sTok109" value="CJC"/>
		<feat xlink:href="#sTok110" value="CRD"/>
		<feat xlink:href="#sTok111" value="NN2"/>
		<feat xlink:href="#sTok112" value="AJ0"/>
		<feat xlink:href="#sTok113" value="TO0"/>
		<feat xlink:href="#sTok114" value="VVI"/>
		<feat xlink:href="#sTok115" value="PNP"/>
		<feat xlink:href="#sTok116" value="PRP"/>
		<feat xlink:href="#sTok117" value="ORD"/>
		<feat xlink:href="#sTok118" value="NN1"/>
		<feat xlink:href="#sTok119" value="AV0"/>
		<feat xlink:href="#sTok120" value="AV0"/>
		<feat xlink:href="#sTok121" value="PUN"/>
		<feat xlink:href="#sTok122" value="CRD"/>
		<feat xlink:href="#sTok123" value="NN1"/>
		<feat xlink:href="#sTok124" value="TO0"/>
		<feat xlink:href="#sTok125" value="VVI"/>
		<feat xlink:href="#sTok126" value="PRP"/>
		<feat xlink:href="#sTok127" value="NN1"/>
		<feat xlink:href="#sTok128" value="PUN"/>
		<feat xlink:href="#sTok129" value="NN1"/>
		<feat xlink:href="#sTok130" value="CJC"/>
		<feat xlink:href="#sTok131" value="NP0"/>
		<feat xlink:href="#sTok132" value="VVD"/>
		<feat xlink:href="#sTok133" value="AVP"/>
		<feat xlink:href="#sTok134" value="PRP"/>
		<feat xlink:href="#sTok135" value="AT0"/>
		<feat xlink:href="#sTok136" value="NN1"/>
		<feat xlink:href="#sTok137" value="AT0"/>
		<feat xlink:href="#sTok138" value="ORD"/>
		<feat xlink:href="#sTok139" value="CRD"/>
		<feat xlink:href="#sTok140" value="NN2"/>
		<feat xlink:href="#sTok141" value="CJC"/>
		<feat xlink:href="#sTok142" value="PNP"/>
		<feat xlink:href="#sTok143" value="VVD"/>
		<feat xlink:href="#sTok144" value="AV0"/>
		<feat xlink:href="#sTok145" value="PRP"/>
		<feat xlink:href="#sTok146" value="NP0"/>
		<feat xlink:href="#sTok147" value="CRD"/>
		<feat xlink:href="#sTok148" value="PUN"/>
		<feat xlink:href="#sTok149" value="NP0"/>
		<feat xlink:href="#sTok150" value="VHZ"/>
		<feat xlink:href="#sTok151" value="VBN"/>
		<feat xlink:href="#sTok152" value="PRP"/>
		<feat xlink:href="#sTok153" value="AT0"/>
		<feat xlink:href="#sTok154" value="NN1"/>
		<feat xlink:href="#sTok155" value="PRP"/>
		<feat xlink:href="#sTok156" value="DT0"/>
		<feat xlink:href="#sTok157" value="CRD"/>
		<feat xlink:href="#sTok158" value="NN2"/>
		<feat xlink:href="#sTok159" value="PUN"/>
		<feat xlink:href="#sTok160" value="PNP"/>
		<feat xlink:href="#sTok161" value="VHZ"/>
		<feat xlink:href="#sTok162" value="AV0"/>
		<feat xlink:href="#sTok163" value="VVN"/>
		<feat xlink:href="#sTok164" value="AT0"/>
		<feat xlink:href="#sTok165" value="ORD"/>
		<feat xlink:href="#sTok166" value="NN1"/>
		<feat xlink:href="#sTok167" value="NN1"/>
		<feat xlink:href="#sTok168" value="PUN"/>
		<feat xlink:href="#sTok169" value="VM0"/>
		<feat xlink:href="#sTok170" value="PNP"/>
		<feat xlink:href="#sTok171" value="VVI"/>
		<feat xlink:href="#sTok172" value="AT0"/>
		<feat xlink:href="#sTok173" value="DT0"/>
		<feat xlink:href="#sTok174" value="NN1"/>
		<feat xlink:href="#sTok175" value="CJC"/>
		<feat xlink:href="#sTok176" value="VM0"/>
		<feat xlink:href="#sTok177" value="PNP"/>
		<feat xlink:href="#sTok178" value="VVI"/>
		<feat xlink:href="#sTok179" value="PNP"/>
		<feat xlink:href="#sTok180" value="AVP"/>
		<feat xlink:href="#sTok181" value="AV0"/>
		<feat xlink:href="#sTok182" value="AV0"/>
		<feat xlink:href="#sTok183" value="TO0"/>
		<feat xlink:href="#sTok184" value="VVI"/>
		<feat xlink:href="#sTok185" value="DPS"/>
		<feat xlink:href="#sTok186" value="NP0"/>
		<feat xlink:href="#sTok187" value="NN1"/>
		<feat xlink:href="#sTok188" value="NN1"/>
		<feat xlink:href="#sTok189" value="PUN"/>
		<feat xlink:href="#sTok190" value="NP0"/>
		<feat xlink:href="#sTok191" value="PRP"/>
		<feat xlink:href="#sTok192" value="AT0"/>
		<feat xlink:href="#sTok193" value="NN1"/>
		<feat xlink:href="#sTok194" value="PNP"/>
		<feat xlink:href="#sTok195" value="VBZ"/>
		<feat xlink:href="#sTok196" value="PRP"/>
		<feat xlink:href="#sTok197" value="NP0"/>
		<feat xlink:href="#sTok198" value="CRD"/>
		<feat xlink:href="#sTok199" value="NN1"/>
		<feat xlink:href="#sTok200" value="AJ0"/>
		<feat xlink:href="#sTok201" value="NN1"/>
		<feat xlink:href="#sTok202" value="PUN"/>
		<feat xlink:href="#sTok203" value="NP0"/>
		<feat xlink:href="#sTok204" value="PUN"/>
		<feat xlink:href="#sTok205" value="VVD"/>
		<feat xlink:href="#sTok206" value="AT0"/>
		<feat xlink:href="#sTok207" value="AV0"/>
		<feat xlink:href="#sTok208" value="ORD"/>
		<feat xlink:href="#sTok209" value="NN1"/>
		<feat xlink:href="#sTok210" value="PRP"/>
		<feat xlink:href="#sTok211" value="AT0"/>
		<feat xlink:href="#sTok212" value="NP0"/>
		<feat xlink:href="#sTok213" value="NP0"/>
		<feat xlink:href="#sTok214" value="PUN"/>
		<feat xlink:href="#sTok215" value="CJS"/>
		<feat xlink:href="#sTok216" value="PNP"/>
		<feat xlink:href="#sTok217" value="AV0"/>
		<feat xlink:href="#sTok218" value="VVD"/>
		<feat xlink:href="#sTok219" value="DPS"/>
		<feat xlink:href="#sTok220" value="ORD"/>
		<feat xlink:href="#sTok221" value="NN1"/>
		<feat xlink:href="#sTok222" value="PUN"/>
		<feat xlink:href="#sTok223" value="NN1"/>
		<feat xlink:href="#sTok224" value="NN1"/>
		<feat xlink:href="#sTok225" value="TO0"/>
		<feat xlink:href="#sTok226" value="VVI"/>
		<feat xlink:href="#sTok227" value="TO0"/>
		<feat xlink:href="#sTok228" value="VVI"/>
		<feat xlink:href="#sTok229" value="VVG"/>
		<feat xlink:href="#sTok230" value="NN1"/>
		<feat xlink:href="#sTok231" value="TO0"/>
		<feat xlink:href="#sTok232" value="VVI"/>
		<feat xlink:href="#sTok233" value="PNP"/>
		<feat xlink:href="#sTok234" value="AT0"/>
		<feat xlink:href="#sTok235" value="NN1"/>
		<feat xlink:href="#sTok236" value="PUN"/>
		<feat xlink:href="#sTok237" value="CJC"/>
		<feat xlink:href="#sTok238" value="AV0"/>
		<feat xlink:href="#sTok239" value="PRP"/>
		<feat xlink:href="#sTok240" value="DT0"/>
		<feat xlink:href="#sTok241" value="VM0"/>
		<feat xlink:href="#sTok242" value="VVI"/>
		<feat xlink:href="#sTok243" value="AV0"/>
		<feat xlink:href="#sTok244" value="PRP"/>
		<feat xlink:href="#sTok245" value="CRD"/>
		<feat xlink:href="#sTok246" value="CRD"/>
		<feat xlink:href="#sTok247" value="NN2"/>
		<feat xlink:href="#sTok248" value="PUN"/>
		<feat xlink:href="#sTok249" value="PNP"/>
		<feat xlink:href="#sTok250" value="VBZ"/>
		<feat xlink:href="#sTok251" value="VVG"/>
		<feat xlink:href="#sTok252" value="TO0"/>
		<feat xlink:href="#sTok253" value="VVI"/>
		<feat xlink:href="#sTok254" value="AVP"/>
		<feat xlink:href="#sTok255" value="PRP"/>
		<feat xlink:href="#sTok256" value="CJC"/>
		<feat xlink:href="#sTok257" value="VVB"/>
		<feat xlink:href="#sTok258" value="PNP"/>
		<feat xlink:href="#sTok259" value="VVB"/>
		<feat xlink:href="#sTok260" value="PUN"/>
		<feat xlink:href="#sTok261" value="VM0"/>
		<feat xlink:href="#sTok262" value="XX0"/>
		<feat xlink:href="#sTok263" value="VVI"/>
		<feat xlink:href="#sTok264" value="PRP"/>
		<feat xlink:href="#sTok265" value="PNP"/>
		<feat xlink:href="#sTok266" value="TO0"/>
		<feat xlink:href="#sTok267" value="VVI"/>
		<feat xlink:href="#sTok268" value="AV0"/>
		<feat xlink:href="#sTok269" value="PUN"/>
		<feat xlink:href="#sTok270" value="PNP"/>
		<feat xlink:href="#sTok271" value="VVB"/>
		<feat xlink:href="#sTok272" value="PUN"/>
		<feat xlink:href="#sTok273" value="VVB"/>
		<feat xlink:href="#sTok274" value="PNP"/>
		<feat xlink:href="#sTok275" value="VVZ"/>
		<feat xlink:href="#sTok276" value="CRD"/>
		<feat xlink:href="#sTok277" value="CRD"/>
		<feat xlink:href="#sTok278" value="NN2"/>
		<feat xlink:href="#sTok279" value="AV0"/>
		<feat xlink:href="#sTok280" value="PUN"/>
		<feat xlink:href="#sTok281" value="DPS"/>
		<feat xlink:href="#sTok282" value="NN2"/>
		<feat xlink:href="#sTok283" value="VVG"/>
		<feat xlink:href="#sTok284" value="TO0"/>
		<feat xlink:href="#sTok285" value="VVI"/>
		<feat xlink:href="#sTok286" value="PNP"/>
		<feat xlink:href="#sTok287" value="TO0"/>
		<feat xlink:href="#sTok288" value="VVI"/>
		<feat xlink:href="#sTok289" value="AT0"/>
		<feat xlink:href="#sTok290" value="NN1"/>
		<feat xlink:href="#sTok291" value="AVP"/>
		<feat xlink:href="#sTok292" value="CJC"/>
		<feat xlink:href="#sTok293" value="PNP"/>
		<feat xlink:href="#sTok294" value="VBZ"/>
		<feat xlink:href="#sTok295" value="VVG"/>
		<feat xlink:href="#sTok296" value="TO0"/>
		<feat xlink:href="#sTok297" value="VVI"/>
		<feat xlink:href="#sTok298" value="PUN"/>
		<feat xlink:href="#sTok299" value="ITJ"/>
		<feat xlink:href="#sTok300" value="ITJ"/>
		<feat xlink:href="#sTok301" value="PUN"/>
		<feat xlink:href="#sTok302" value="VVB"/>
		<feat xlink:href="#sTok303" value="DPS"/>
		<feat xlink:href="#sTok304" value="NN1"/>
		<feat xlink:href="#sTok305" value="TO0"/>
		<feat xlink:href="#sTok306" value="VDI"/>
		<feat xlink:href="#sTok307" value="CJT"/>
		<feat xlink:href="#sTok308" value="PUN"/>
		<feat xlink:href="#sTok309" value="PNP"/>
		<feat xlink:href="#sTok310" value="VVB"/>
		<feat xlink:href="#sTok311" value="PRP"/>
		<feat xlink:href="#sTok312" value="DT0"/>
		<feat xlink:href="#sTok313" value="NN1"/>
		<feat xlink:href="#sTok314" value="PUN"/>
		<feat xlink:href="#sTok315" value="NP0"/>
		<feat xlink:href="#sTok316" value="AV0"/>
		<feat xlink:href="#sTok317" value="VVD"/>
		<feat xlink:href="#sTok318" value="AVP"/>
		<feat xlink:href="#sTok319" value="DT0"/>
		<feat xlink:href="#sTok320" value="NN2"/>
		<feat xlink:href="#sTok321" value="PUN"/>
		<feat xlink:href="#sTok322" value="CRD"/>
		<feat xlink:href="#sTok323" value="PRF"/>
		<feat xlink:href="#sTok324" value="DT0"/>
		<feat xlink:href="#sTok325" value="AV0"/>
		<feat xlink:href="#sTok326" value="AJ0"/>
		<feat xlink:href="#sTok327" value="AJ0"/>
		<feat xlink:href="#sTok328" value="NN2"/>
		<feat xlink:href="#sTok329" value="PUN"/>
		<feat xlink:href="#sTok330" value="VVZ"/>
		<feat xlink:href="#sTok331" value="DT0"/>
		<feat xlink:href="#sTok332" value="CJS"/>
		<feat xlink:href="#sTok333" value="AV0"/>
		<feat xlink:href="#sTok334" value="PUN"/>
		<feat xlink:href="#sTok335" value="PNP"/>
		<feat xlink:href="#sTok336" value="VVB"/>
		<feat xlink:href="#sTok337" value="PRP"/>
		<feat xlink:href="#sTok338" value="DT0"/>
		<feat xlink:href="#sTok339" value="PNQ"/>
		<feat xlink:href="#sTok340" value="PNP"/>
		<feat xlink:href="#sTok341" value="VHZ"/>
		<feat xlink:href="#sTok342" value="PUN"/>
		<feat xlink:href="#sTok343" value="AJ0"/>
		<feat xlink:href="#sTok344" value="NN0"/>
		<feat xlink:href="#sTok345" value="NN1"/>
		<feat xlink:href="#sTok346" value="CRD"/>
		<feat xlink:href="#sTok347" value="NN2"/>
		<feat xlink:href="#sTok348" value="CJC"/>
		<feat xlink:href="#sTok349" value="AT0"/>
		<feat xlink:href="#sTok350" value="NN1"/>
		<feat xlink:href="#sTok351" value="NN1"/>
		<feat xlink:href="#sTok352" value="PUN"/>
		<feat xlink:href="#sTok353" value="NP0"/>
		<feat xlink:href="#sTok354" value="PUN"/>
		<feat xlink:href="#sTok355" value="CRD"/>
		<feat xlink:href="#sTok356" value="PRF"/>
		<feat xlink:href="#sTok357" value="AT0"/>
		<feat xlink:href="#sTok358" value="ORD"/>
		<feat xlink:href="#sTok359" value="CRD"/>
		<feat xlink:href="#sTok360" value="TO0"/>
		<feat xlink:href="#sTok361" value="VVI"/>
		<feat xlink:href="#sTok362" value="AVP"/>
		<feat xlink:href="#sTok363" value="PRP"/>
		<feat xlink:href="#sTok364" value="DT0"/>
		<feat xlink:href="#sTok365" value="NN1"/>
		<feat xlink:href="#sTok366" value="VBZ"/>
		<feat xlink:href="#sTok367" value="NP0"/>
		<feat xlink:href="#sTok368" value="PUN"/>
		<feat xlink:href="#sTok369" value="PNQ"/>
		<feat xlink:href="#sTok370" value="VBD"/>
		<feat xlink:href="#sTok371" value="PRP"/>
		<feat xlink:href="#sTok372" value="AT0"/>
		<feat xlink:href="#sTok373" value="AJ0"/>
		<feat xlink:href="#sTok374" value="NN1"/>
		<feat xlink:href="#sTok375" value="AV0"/>
		<feat xlink:href="#sTok376" value="PUN"/>
		<feat xlink:href="#sTok377" value="AV0"/>
		<feat xlink:href="#sTok378" value="VVN"/>
		<feat xlink:href="#sTok379" value="PRP"/>
		<feat xlink:href="#sTok380" value="DT0"/>
		<feat xlink:href="#sTok381" value="AJ0"/>
		<feat xlink:href="#sTok382" value="NN1"/>
		<feat xlink:href="#sTok383" value="PUN"/>
		<feat xlink:href="#sTok384" value="CJS"/>
		<feat xlink:href="#sTok385" value="PNP"/>
		<feat xlink:href="#sTok386" value="VD"/>
		<feat xlink:href="#sTok387" value="AJ0"/>
		<feat xlink:href="#sTok388" value="CJS"/>
		<feat xlink:href="#sTok389" value="PNP"/>
		<feat xlink:href="#sTok390" value="VVZ"/>
		<feat xlink:href="#sTok391" value="PNP"/>
		<feat xlink:href="#sTok392" value="AVP"/>
		<feat xlink:href="#sTok393" value="PUN"/>
		<feat xlink:href="#sTok394" value="VM0"/>
		<feat xlink:href="#sTok395" value="PNP"/>
		<feat xlink:href="#sTok396" value="VVI"/>
		<feat xlink:href="#sTok397" value="DT0"/>
		<feat xlink:href="#sTok398" value="AT0"/>
		<feat xlink:href="#sTok399" value="NN2"/>
		<feat xlink:href="#sTok400" value="VVN"/>
		<feat xlink:href="#sTok401" value="PRP"/>
		<feat xlink:href="#sTok402" value="AT0"/>
		<feat xlink:href="#sTok403" value="AJ0"/>
		<feat xlink:href="#sTok404" value="NN1"/>
		<feat xlink:href="#sTok405" value="PRF"/>
		<feat xlink:href="#sTok406" value="AT0"/>
		<feat xlink:href="#sTok407" value="NN1"/>
		<feat xlink:href="#sTok408" value="PUN"/>
		<feat xlink:href="#sTok409" value="NP0"/>
		<feat xlink:href="#sTok410" value="PNP"/>
		<feat xlink:href="#sTok411" value="VVZ"/>
		<feat xlink:href="#sTok412" value="TO0"/>
		<feat xlink:href="#sTok413" value="VVI"/>
		<feat xlink:href="#sTok414" value="AVP"/>
		<feat xlink:href="#sTok415" value="PRP"/>
		<feat xlink:href="#sTok416" value="AT0"/>
		<feat xlink:href="#sTok417" value="NN1"/>
		<feat xlink:href="#sTok418" value="PUN"/>
		<feat xlink:href="#sTok419" value="AV0"/>
		<feat xlink:href="#sTok420" value="NN1"/>
		<feat xlink:href="#sTok421" value="NN2"/>
		<feat xlink:href="#sTok422" value="VVN"/>
		<feat xlink:href="#sTok423" value="PUN"/>
		<feat xlink:href="#sTok424" value="VM0"/>
		<feat xlink:href="#sTok425" value="VVI"/>
		<feat xlink:href="#sTok426" value="VVN"/>
		<feat xlink:href="#sTok427" value="PRP"/>
		<feat xlink:href="#sTok428" value="AT0"/>
		<feat xlink:href="#sTok429" value="NN1"/>
		<feat xlink:href="#sTok430" value="PUN"/>
		<feat xlink:href="#sTok431" value="AJ0"/>
		<feat xlink:href="#sTok432" value="PUN"/>
		<feat xlink:href="#sTok433" value="DTQ"/>
		<feat xlink:href="#sTok434" value="VBZ"/>
		<feat xlink:href="#sTok435" value="AJ0"/>
		<feat xlink:href="#sTok436" value="PUN"/>
		<feat xlink:href="#sTok437" value="NN1"/>
		<feat xlink:href="#sTok438" value="AJ0"/>
		<feat xlink:href="#sTok439" value="VVZ"/>
		<feat xlink:href="#sTok440" value="PUN"/>
		<feat xlink:href="#sTok441" value="AT0"/>
		<feat xlink:href="#sTok442" value="NN1"/>
		<feat xlink:href="#sTok443" value="PRF"/>
		<feat xlink:href="#sTok444" value="NN1"/>
		<feat xlink:href="#sTok445" value="VVZ"/>
		<feat xlink:href="#sTok446" value="PUN"/>
		<feat xlink:href="#sTok447" value="NP0"/>
		<feat xlink:href="#sTok448" value="CJC"/>
		<feat xlink:href="#sTok449" value="NP0"/>
		<feat xlink:href="#sTok450" value="NN1"/>
		<feat xlink:href="#sTok451" value="PRF"/>
		<feat xlink:href="#sTok452" value="NP0"/>
		<feat xlink:href="#sTok453" value="NP0"/>
		<feat xlink:href="#sTok454" value="AV0"/>
		<feat xlink:href="#sTok455" value="VVG"/>
		<feat xlink:href="#sTok456" value="PRP"/>
		<feat xlink:href="#sTok457" value="AT0"/>
		<feat xlink:href="#sTok458" value="NN2"/>
		<feat xlink:href="#sTok459" value="PRF"/>
		<feat xlink:href="#sTok460" value="PNP"/>
		<feat xlink:href="#sTok461" value="PUN"/>
		<feat xlink:href="#sTok462" value="PNP"/>
		<feat xlink:href="#sTok463" value="VBZ"/>
		<feat xlink:href="#sTok464" value="AV0"/>
		<feat xlink:href="#sTok465" value="NN1"/>
		<feat xlink:href="#sTok466" value="PRF"/>
		<feat xlink:href="#sTok467" value="VVG"/>
		<feat xlink:href="#sTok468" value="NN1"/>
		<feat xlink:href="#sTok469" value="PRP"/>
		<feat xlink:href="#sTok470" value="DT0"/>
		<feat xlink:href="#sTok471" value="NN1"/>
		<feat xlink:href="#sTok472" value="PRP"/>
		<feat xlink:href="#sTok473" value="NP0"/>
		<feat xlink:href="#sTok474" value="PUN"/>
		<feat xlink:href="#sTok475" value="VDZ"/>
		<feat xlink:href="#sTok476" value="XX0"/>
		<feat xlink:href="#sTok477" value="VVI"/>
		<feat xlink:href="#sTok478" value="TO0"/>
		<feat xlink:href="#sTok479" value="VVI"/>
		<feat xlink:href="#sTok480" value="VVN"/>
		<feat xlink:href="#sTok481" value="PRP"/>
		<feat xlink:href="#sTok482" value="NN1"/>
		<feat xlink:href="#sTok483" value="PUN"/>
		<feat xlink:href="#sTok484" value="PNP"/>
		<feat xlink:href="#sTok485" value="NN1"/>
		<feat xlink:href="#sTok486" value="PUN"/>
		<feat xlink:href="#sTok487" value="DT0"/>
		<feat xlink:href="#sTok488" value="NN1"/>
		<feat xlink:href="#sTok489" value="NN1"/>
		<feat xlink:href="#sTok490" value="AV0"/>
		<feat xlink:href="#sTok491" value="AJ0"/>
		<feat xlink:href="#sTok492" value="PUN"/>
		<feat xlink:href="#sTok493" value="DT0"/>
		<feat xlink:href="#sTok494" value="VBZ"/>
		<feat xlink:href="#sTok495" value="AT0"/>
		<feat xlink:href="#sTok496" value="AV0"/>
		<feat xlink:href="#sTok497" value="AJ0"/>
		<feat xlink:href="#sTok498" value="NN1"/>
		<feat xlink:href="#sTok499" value="TO0"/>
		<feat xlink:href="#sTok500" value="VVI"/>
		<feat xlink:href="#sTok501" value="DT0"/>
		<feat xlink:href="#sTok502" value="NN1"/>
		<feat xlink:href="#sTok503" value="PUN"/>
		<feat xlink:href="#sTok504" value="AJ0"/>
		<feat xlink:href="#sTok505" value="NN1"/>
		<feat xlink:href="#sTok506" value="VVG"/>
		<feat xlink:href="#sTok507" value="PUN"/>
		<feat xlink:href="#sTok508" value="AJ0"/>
		<feat xlink:href="#sTok509" value="NN1"/>
		<feat xlink:href="#sTok510" value="NN1"/>
		<feat xlink:href="#sTok511" value="NN1"/>
		<feat xlink:href="#sTok512" value="NN1"/>
		<feat xlink:href="#sTok513" value="CJC"/>
		<feat xlink:href="#sTok514" value="AV0"/>
		<feat xlink:href="#sTok515" value="AV0"/>
		<feat xlink:href="#sTok516" value="PUN"/>
		<feat xlink:href="#sTok517" value="PNP"/>
		<feat xlink:href="#sTok518" value="VVB"/>
		<feat xlink:href="#sTok519" value="PRP"/>
		<feat xlink:href="#sTok520" value="AT0"/>
		<feat xlink:href="#sTok521" value="AJ0"/>
		<feat xlink:href="#sTok522" value="NN1"/>
		<feat xlink:href="#sTok523" value="NN1"/>
		<feat xlink:href="#sTok524" value="PUN"/>
		<feat xlink:href="#sTok525" value="NP0"/>
		<feat xlink:href="#sTok526" value="PRP"/>
		<feat xlink:href="#sTok527" value="AT0"/>
		<feat xlink:href="#sTok528" value="NN1"/>
		<feat xlink:href="#sTok529" value="PUN"/>
		<feat xlink:href="#sTok530" value="PRP"/>
		<feat xlink:href="#sTok531" value="NP0"/>
		<feat xlink:href="#sTok532" value="NP0"/>
		<feat xlink:href="#sTok533" value="CJC"/>
		<feat xlink:href="#sTok534" value="PNP"/>
		<feat xlink:href="#sTok535" value="VBB"/>
		<feat xlink:href="#sTok536" value="AV0"/>
		<feat xlink:href="#sTok537" value="CRD"/>
		<feat xlink:href="#sTok538" value="NN2"/>
		<feat xlink:href="#sTok539" value="PUN"/>
		<feat xlink:href="#sTok540" value="CJC"/>
		<feat xlink:href="#sTok541" value="AV0"/>
		<feat xlink:href="#sTok542" value="PNP"/>
		<feat xlink:href="#sTok543" value="VBB"/>
		<feat xlink:href="#sTok544" value="DT0"/>
		<feat xlink:href="#sTok545" value="AV0"/>
		<feat xlink:href="#sTok546" value="PRP"/>
		<feat xlink:href="#sTok547" value="AT0"/>
		<feat xlink:href="#sTok548" value="NN1"/>
		<feat xlink:href="#sTok549" value="PUN"/>
		<feat xlink:href="#sTok550" value="PNP"/>
		<feat xlink:href="#sTok551" value="NN1"/>
		<feat xlink:href="#sTok552" value="PRF"/>
		<feat xlink:href="#sTok553" value="VVB"/>
		<feat xlink:href="#sTok554" value="AJC"/>
		<feat xlink:href="#sTok555" value="PUN"/>
		<feat xlink:href="#sTok556" value="PNP"/>
		<feat xlink:href="#sTok557" value="AV0"/>
		<feat xlink:href="#sTok558" value="NN1"/>
		<feat xlink:href="#sTok559" value="PRF"/>
		<feat xlink:href="#sTok560" value="VVB"/>
		<feat xlink:href="#sTok561" value="PRP"/>
		<feat xlink:href="#sTok562" value="PNP"/>
		<feat xlink:href="#sTok563" value="PUN"/>
		<feat xlink:href="#sTok564" value="PNP"/>
		<feat xlink:href="#sTok565" value="VVN"/>
		<feat xlink:href="#sTok566" value="TO0"/>
		<feat xlink:href="#sTok567" value="AV0"/>
		<feat xlink:href="#sTok568" value="VVI"/>
		<feat xlink:href="#sTok569" value="CJC"/>
		<feat xlink:href="#sTok570" value="VVI"/>
		<feat xlink:href="#sTok571" value="PUN"/>
		<feat xlink:href="#sTok572" value="PNQ"/>
		<feat xlink:href="#sTok573" value="VBZ"/>
		<feat xlink:href="#sTok574" value="AVP"/>
		<feat xlink:href="#sTok575" value="PUN"/>
		<feat xlink:href="#sTok576" value="NN1"/>
		<feat xlink:href="#sTok577" value="VVZ"/>
		<feat xlink:href="#sTok578" value="AVP"/>
		<feat xlink:href="#sTok579" value="AVP"/>
		<feat xlink:href="#sTok580" value="PUN"/>
		<feat xlink:href="#sTok581" value="XX0"/>
		<feat xlink:href="#sTok582" value="AJ0"/>
		<feat xlink:href="#sTok583" value="TO0"/>
		<feat xlink:href="#sTok584" value="VVI"/>
		<feat xlink:href="#sTok585" value="PNP"/>
		<feat xlink:href="#sTok586" value="VDN"/>
		<feat xlink:href="#sTok587" value="PRP"/>
		<feat xlink:href="#sTok588" value="PRF"/>
		<feat xlink:href="#sTok589" value="AV0"/>
		<feat xlink:href="#sTok590" value="PUN"/>
		<feat xlink:href="#sTok591" value="NP0"/>
		<feat xlink:href="#sTok592" value="AV0"/>
		<feat xlink:href="#sTok593" value="VVG"/>
		<feat xlink:href="#sTok594" value="AVP"/>
		<feat xlink:href="#sTok595" value="PUN"/>
		<feat xlink:href="#sTok596" value="VM0"/>
		<feat xlink:href="#sTok597" value="VHI"/>
		<feat xlink:href="#sTok598" value="NN2"/>
		<feat xlink:href="#sTok599" value="TO0"/>
		<feat xlink:href="#sTok600" value="VVI"/>
		<feat xlink:href="#sTok601" value="AVP"/>
		<feat xlink:href="#sTok602" value="AVP"/>
		<feat xlink:href="#sTok603" value="TO0"/>
		<feat xlink:href="#sTok604" value="VVI"/>
		<feat xlink:href="#sTok605" value="CRD"/>
		<feat xlink:href="#sTok606" value="NN2"/>
		<feat xlink:href="#sTok607" value="PUN"/>
		<feat xlink:href="#sTok608" value="VVZ"/>
		<feat xlink:href="#sTok609" value="PRP"/>
		<feat xlink:href="#sTok610" value="NP0"/>
		<feat xlink:href="#sTok611" value="VVG"/>
		<feat xlink:href="#sTok612" value="AVP"/>
		<feat xlink:href="#sTok613" value="PRP"/>
		<feat xlink:href="#sTok614" value="NN1"/>
		<feat xlink:href="#sTok615" value="PUN"/>
		<feat xlink:href="#sTok616" value="TO0"/>
		<feat xlink:href="#sTok617" value="VVI"/>
		<feat xlink:href="#sTok618" value="AVQ"/>
		<feat xlink:href="#sTok619" value="NN2"/>
		<feat xlink:href="#sTok620" value="VVB"/>
		<feat xlink:href="#sTok621" value="AVP"/>
		<feat xlink:href="#sTok622" value="PUN"/>
		<feat xlink:href="#sTok623" value="CRD"/>
		<feat xlink:href="#sTok624" value="NN2"/>
		<feat xlink:href="#sTok625" value="VVG"/>
		<feat xlink:href="#sTok626" value="PUN"/>
		<feat xlink:href="#sTok627" value="AT0"/>
		<feat xlink:href="#sTok628" value="ORD"/>
		<feat xlink:href="#sTok629" value="NN1"/>
		<feat xlink:href="#sTok630" value="VVZ"/>
		<feat xlink:href="#sTok631" value="TO0"/>
		<feat xlink:href="#sTok632" value="VVI"/>
		<feat xlink:href="#sTok633" value="PRP"/>
		<feat xlink:href="#sTok634" value="CRD"/>
		<feat xlink:href="#sTok635" value="NN2"/>
		<feat xlink:href="#sTok636" value="PUN"/>
		<feat xlink:href="#sTok637" value="VVG"/>
		<feat xlink:href="#sTok638" value="PRP"/>
		<feat xlink:href="#sTok639" value="AT0"/>
		<feat xlink:href="#sTok640" value="NN1"/>
		<feat xlink:href="#sTok641" value="NP0"/>
		<feat xlink:href="#sTok642" value="VBZ"/>
		<feat xlink:href="#sTok643" value="AV0"/>
		<feat xlink:href="#sTok644" value="VVG"/>
		<feat xlink:href="#sTok645" value="AVP"/>
		<feat xlink:href="#sTok646" value="AV0"/>
		<feat xlink:href="#sTok647" value="PUN"/>
		<feat xlink:href="#sTok648" value="DT0"/>
		<feat xlink:href="#sTok649" value="NN1"/>
		<feat xlink:href="#sTok650" value="AVP"/>
		<feat xlink:href="#sTok651" value="PRP"/>
		<feat xlink:href="#sTok652" value="VVG"/>
		<feat xlink:href="#sTok653" value="TO0"/>
		<feat xlink:href="#sTok654" value="VVI"/>
		<feat xlink:href="#sTok655" value="CJS"/>
		<feat xlink:href="#sTok656" value="PNP"/>
		<feat xlink:href="#sTok657" value="VM0"/>
		<feat xlink:href="#sTok658" value="VVI"/>
		<feat xlink:href="#sTok659" value="NN2"/>
		<feat xlink:href="#sTok660" value="AV0"/>
		<feat xlink:href="#sTok661" value="PRP"/>
		<feat xlink:href="#sTok662" value="AT0"/>
		<feat xlink:href="#sTok663" value="NN1"/>
		<feat xlink:href="#sTok664" value="PUN"/>
		<feat xlink:href="#sTok665" value="NP0"/>
		<feat xlink:href="#sTok666" value="VBD"/>
		<feat xlink:href="#sTok667" value="VVG"/>
		<feat xlink:href="#sTok668" value="TO0"/>
		<feat xlink:href="#sTok669" value="VVI"/>
		<feat xlink:href="#sTok670" value="DT0"/>
		<feat xlink:href="#sTok671" value="AT0"/>
		<feat xlink:href="#sTok672" value="NN1"/>
		<feat xlink:href="#sTok673" value="AVP"/>
		<feat xlink:href="#sTok674" value="VVZ"/>
		<feat xlink:href="#sTok675" value="PRP"/>
		<feat xlink:href="#sTok676" value="AT0"/>
		<feat xlink:href="#sTok677" value="NN1"/>
		<feat xlink:href="#sTok678" value="VVG"/>
		<feat xlink:href="#sTok679" value="TO0"/>
		<feat xlink:href="#sTok680" value="VVI"/>
		<feat xlink:href="#sTok681" value="PUN"/>
		<feat xlink:href="#sTok682" value="AV0"/>
		<feat xlink:href="#sTok683" value="PUN"/>
		<feat xlink:href="#sTok684" value="NP0"/>
		<feat xlink:href="#sTok685" value="PUN"/>
		<feat xlink:href="#sTok686" value="NP0"/>
		<feat xlink:href="#sTok687" value="PUN"/>
		<feat xlink:href="#sTok688" value="CRD"/>
		<feat xlink:href="#sTok689" value="NN2"/>
		<feat xlink:href="#sTok690" value="CJT"/>
		<feat xlink:href="#sTok691" value="VHB"/>
		<feat xlink:href="#sTok692" value="VVN"/>
		<feat xlink:href="#sTok693" value="AVP"/>
		<feat xlink:href="#sTok694" value="PRP"/>
		<feat xlink:href="#sTok695" value="PNX"/>
		<feat xlink:href="#sTok696" value="AJ0"/>
		<feat xlink:href="#sTok697" value="AT0"/>
		<feat xlink:href="#sTok698" value="NN1"/>
		<feat xlink:href="#sTok699" value="PRF"/>
		<feat xlink:href="#sTok700" value="NN2"/>
		<feat xlink:href="#sTok701" value="PUN"/>
		<feat xlink:href="#sTok702" value="VVG"/>
		<feat xlink:href="#sTok703" value="TO0"/>
		<feat xlink:href="#sTok704" value="VVI"/>
		<feat xlink:href="#sTok705" value="PRP"/>
		<feat xlink:href="#sTok706" value="AT0"/>
		<feat xlink:href="#sTok707" value="NN1"/>
		<feat xlink:href="#sTok708" value="PUN"/>
		<feat xlink:href="#sTok709" value="ITJ"/>
		<feat xlink:href="#sTok710" value="PUN"/>
		<feat xlink:href="#sTok711" value="AT0"/>
		<feat xlink:href="#sTok712" value="NN1"/>
		<feat xlink:href="#sTok713" value="AV0"/>
		<feat xlink:href="#sTok714" value="CJC"/>
		<feat xlink:href="#sTok715" value="VVZ"/>
		<feat xlink:href="#sTok716" value="AVP"/>
		<feat xlink:href="#sTok717" value="AVP"/>
		<feat xlink:href="#sTok718" value="AT0"/>
		<feat xlink:href="#sTok719" value="AJ0"/>
		<feat xlink:href="#sTok720" value="AJ0"/>
		<feat xlink:href="#sTok721" value="NN1"/>
		<feat xlink:href="#sTok722" value="PUN"/>
		<feat xlink:href="#sTok723" value="NP0"/>
		<feat xlink:href="#sTok724" value="VVB"/>
		<feat xlink:href="#sTok725" value="AVP"/>
		<feat xlink:href="#sTok726" value="DPS"/>
		<feat xlink:href="#sTok727" value="ORD"/>
		<feat xlink:href="#sTok728" value="NN1"/>
		<feat xlink:href="#sTok729" value="PRF"/>
		<feat xlink:href="#sTok730" value="NP0"/>
		<feat xlink:href="#sTok731" value="CRD"/>
		<feat xlink:href="#sTok732" value="PUN"/>
		<feat xlink:href="#sTok733" value="AV0"/>
		<feat xlink:href="#sTok734" value="AJ0"/>
		<feat xlink:href="#sTok735" value="CJC"/>
		<feat xlink:href="#sTok736" value="CJT"/>
		<feat xlink:href="#sTok737" value="VM0"/>
		<feat xlink:href="#sTok738" value="VVI"/>
		<feat xlink:href="#sTok739" value="NP0"/>
		<feat xlink:href="#sTok740" value="POS"/>
		<feat xlink:href="#sTok741" value="NP0"/>
		<feat xlink:href="#sTok742" value="NP0"/>
		<feat xlink:href="#sTok743" value="NP0"/>
		<feat xlink:href="#sTok744" value="NN1"/>
		<feat xlink:href="#sTok745" value="PUN"/>
		<feat xlink:href="#sTok746" value="AJ0"/>
		<feat xlink:href="#sTok747" value="NN1"/>
		<feat xlink:href="#sTok748" value="AV0"/>
		<feat xlink:href="#sTok749" value="AVP"/>
		<feat xlink:href="#sTok750" value="PUN"/>
		<feat xlink:href="#sTok751" value="PNP"/>
		<feat xlink:href="#sTok752" value="VM0"/>
		<feat xlink:href="#sTok753" value="VVI"/>
		<feat xlink:href="#sTok754" value="CJS"/>
		<feat xlink:href="#sTok755" value="PNP"/>
		<feat xlink:href="#sTok756" value="VVZ"/>
		<feat xlink:href="#sTok757" value="AVP"/>
		<feat xlink:href="#sTok758" value="PRP"/>
		<feat xlink:href="#sTok759" value="AT0"/>
		<feat xlink:href="#sTok760" value="NN1"/>
		<feat xlink:href="#sTok761" value="PRF"/>
		<feat xlink:href="#sTok762" value="DT0"/>
		<feat xlink:href="#sTok763" value="NN1"/>
		<feat xlink:href="#sTok764" value="CJS"/>
		<feat xlink:href="#sTok765" value="PNP"/>
		<feat xlink:href="#sTok766" value="VBZ"/>
		<feat xlink:href="#sTok767" value="AV0"/>
		<feat xlink:href="#sTok768" value="VVN"/>
		<feat xlink:href="#sTok769" value="CJC"/>
		<feat xlink:href="#sTok770" value="VDN"/>
		<feat xlink:href="#sTok771" value="PUN"/>
		<feat xlink:href="#sTok772" value="NN1"/>
		<feat xlink:href="#sTok773" value="DT0"/>
		<feat xlink:href="#sTok774" value="VBZ"/>
		<feat xlink:href="#sTok775" value="DPS"/>
		<feat xlink:href="#sTok776" value="AJ0"/>
		<feat xlink:href="#sTok777" value="NN1"/>
		<feat xlink:href="#sTok778" value="AV0"/>
		<feat xlink:href="#sTok779" value="NN1"/>
		<feat xlink:href="#sTok780" value="PUN"/>
		<feat xlink:href="#sTok781" value="VVB"/>
		<feat xlink:href="#sTok782" value="AT0"/>
		<feat xlink:href="#sTok783" value="NN1"/>
		<feat xlink:href="#sTok784" value="NP0"/>
		<feat xlink:href="#sTok785" value="VVB"/>
		<feat xlink:href="#sTok786" value="PNP"/>
		<feat xlink:href="#sTok787" value="VVG"/>
		<feat xlink:href="#sTok788" value="AV0"/>
		<feat xlink:href="#sTok789" value="PRP"/>
		<feat xlink:href="#sTok790" value="NN1"/>
		<feat xlink:href="#sTok791" value="PUN"/>
		<feat xlink:href="#sTok792" value="ITJ"/>
		<feat xlink:href="#sTok793" value="PUN"/>
		<feat xlink:href="#sTok794" value="PNP"/>
		<feat xlink:href="#sTok795" value="VHB"/>
		<feat xlink:href="#sTok796" value="VVN"/>
		<feat xlink:href="#sTok797" value="AT0"/>
		<feat xlink:href="#sTok798" value="NN2"/>
		<feat xlink:href="#sTok799" value="PRF"/>
		<feat xlink:href="#sTok800" value="NN0"/>
		<feat xlink:href="#sTok801" value="VVG"/>
		<feat xlink:href="#sTok802" value="NN1"/>
		<feat xlink:href="#sTok803" value="PUN"/>
		<feat xlink:href="#sTok804" value="NP0"/>
		<feat xlink:href="#sTok805" value="VBD"/>
		<feat xlink:href="#sTok806" value="DPS"/>
		<feat xlink:href="#sTok807" value="NN1"/>
		<feat xlink:href="#sTok808" value="CJS"/>
		<feat xlink:href="#sTok809" value="AV0"/>
		<feat xlink:href="#sTok810" value="PRP"/>
		<feat xlink:href="#sTok811" value="AT0"/>
		<feat xlink:href="#sTok812" value="NN1"/>
		<feat xlink:href="#sTok813" value="PRF"/>
		<feat xlink:href="#sTok814" value="AT0"/>
		<feat xlink:href="#sTok815" value="NN2"/>
		<feat xlink:href="#sTok816" value="PUN"/>
		<feat xlink:href="#sTok817" value="PNQ"/>
		<feat xlink:href="#sTok818" value="VM0"/>
		<feat xlink:href="#sTok819" value="PNP"/>
		<feat xlink:href="#sTok820" value="VDI"/>
		<feat xlink:href="#sTok821" value="PRP"/>
		<feat xlink:href="#sTok822" value="DT0"/>
		<feat xlink:href="#sTok823" value="ORD"/>
		<feat xlink:href="#sTok824" value="NN1"/>
		<feat xlink:href="#sTok825" value="PUN"/>
		<feat xlink:href="#sTok826" value="VM0"/>
		<feat xlink:href="#sTok827" value="PNP"/>
		<feat xlink:href="#sTok828" value="VVI"/>
		<feat xlink:href="#sTok829" value="AT0"/>
		<feat xlink:href="#sTok830" value="NN1"/>
		<feat xlink:href="#sTok831" value="TO0"/>
		<feat xlink:href="#sTok832" value="VVI"/>
		<feat xlink:href="#sTok833" value="TO0"/>
		<feat xlink:href="#sTok834" value="VVI"/>
		<feat xlink:href="#sTok835" value="AVP"/>
		<feat xlink:href="#sTok836" value="PRP"/>
		<feat xlink:href="#sTok837" value="NP0"/>
		<feat xlink:href="#sTok838" value="PNQ"/>
		<feat xlink:href="#sTok839" value="VBD"/>
		<feat xlink:href="#sTok840" value="CRD"/>
		<feat xlink:href="#sTok841" value="NN2"/>
		<feat xlink:href="#sTok842" value="PUN"/>
		<feat xlink:href="#sTok843" value="CRD"/>
		<feat xlink:href="#sTok844" value="NN2"/>
		<feat xlink:href="#sTok845" value="AV0"/>
		<feat xlink:href="#sTok846" value="PUN"/>
		<feat xlink:href="#sTok847" value="PRP"/>
		<feat xlink:href="#sTok848" value="ORD"/>
		<feat xlink:href="#sTok849" value="PUN"/>
		<feat xlink:href="#sTok850" value="NP0"/>
		<feat xlink:href="#sTok851" value="CRD"/>
		<feat xlink:href="#sTok852" value="PRP"/>
		<feat xlink:href="#sTok853" value="CRD"/>
		<feat xlink:href="#sTok854" value="CJC"/>
		<feat xlink:href="#sTok855" value="VVN"/>
		<feat xlink:href="#sTok856" value="AVP"/>
		<feat xlink:href="#sTok857" value="PRP"/>
		<feat xlink:href="#sTok858" value="AT0"/>
		<feat xlink:href="#sTok859" value="NN1"/>
		<feat xlink:href="#sTok860" value="PRF"/>
		<feat xlink:href="#sTok861" value="NN2"/>
		<feat xlink:href="#sTok862" value="AV0"/>
		<feat xlink:href="#sTok863" value="PRP"/>
		<feat xlink:href="#sTok864" value="NP0"/>
		<feat xlink:href="#sTok865" value="VBZ"/>
		<feat xlink:href="#sTok866" value="VVG"/>
		<feat xlink:href="#sTok867" value="TO0"/>
		<feat xlink:href="#sTok868" value="VVI"/>
		<feat xlink:href="#sTok869" value="PRP"/>
		<feat xlink:href="#sTok870" value="AT0"/>
		<feat xlink:href="#sTok871" value="NN1"/>
		<feat xlink:href="#sTok872" value="CJC"/>
		<feat xlink:href="#sTok873" value="VVB"/>
		<feat xlink:href="#sTok874" value="CJC"/>
		<feat xlink:href="#sTok875" value="VVB"/>
		<feat xlink:href="#sTok876" value="DPS"/>
		<feat xlink:href="#sTok877" value="NN1"/>
		<feat xlink:href="#sTok878" value="PRP"/>
		<feat xlink:href="#sTok879" value="NN1"/>
		<feat xlink:href="#sTok880" value="PNP"/>
		<feat xlink:href="#sTok881" value="PUN"/>
		<feat xlink:href="#sTok882" value="NP0"/>
		<feat xlink:href="#sTok883" value="VVD"/>
		<feat xlink:href="#sTok884" value="CRD"/>
		<feat xlink:href="#sTok885" value="PRF"/>
		<feat xlink:href="#sTok886" value="DPS"/>
		<feat xlink:href="#sTok887" value="AJ0"/>
		<feat xlink:href="#sTok888" value="NN2"/>
		<feat xlink:href="#sTok889" value="PRP"/>
		<feat xlink:href="#sTok890" value="AV0"/>
		<feat xlink:href="#sTok891" value="AT0"/>
		<feat xlink:href="#sTok892" value="ORD"/>
		<feat xlink:href="#sTok893" value="NN1"/>
		<feat xlink:href="#sTok894" value="CJC"/>
		<feat xlink:href="#sTok895" value="PNP"/>
		<feat xlink:href="#sTok896" value="VVB"/>
		<feat xlink:href="#sTok897" value="CJT"/>
		<feat xlink:href="#sTok898" value="VVZ"/>
		<feat xlink:href="#sTok899" value="AT0"/>
		<feat xlink:href="#sTok900" value="NN1"/>
		<feat xlink:href="#sTok901" value="PRP"/>
		<feat xlink:href="#sTok902" value="PNQ"/>
		<feat xlink:href="#sTok903" value="VBZ"/>
		<feat xlink:href="#sTok904" value="AJ0"/>
		<feat xlink:href="#sTok905" value="PUN"/>
		<feat xlink:href="#sTok906" value="PRP"/>
		<feat xlink:href="#sTok907" value="ORD"/>
		<feat xlink:href="#sTok908" value="NN1"/>
		<feat xlink:href="#sTok909" value="CJS"/>
		<feat xlink:href="#sTok910" value="PNP"/>
		<feat xlink:href="#sTok911" value="VVD"/>
		<feat xlink:href="#sTok912" value="PRP"/>
		<feat xlink:href="#sTok913" value="DT0"/>
		<feat xlink:href="#sTok914" value="NN1"/>
		<feat xlink:href="#sTok915" value="NP0"/>
		<feat xlink:href="#sTok916" value="VVG"/>
		<feat xlink:href="#sTok917" value="TO0"/>
		<feat xlink:href="#sTok918" value="VVI"/>
		<feat xlink:href="#sTok919" value="AT0"/>
		<feat xlink:href="#sTok920" value="NN1"/>
		<feat xlink:href="#sTok921" value="AV0"/>
		<feat xlink:href="#sTok922" value="PUN"/>
		<feat xlink:href="#sTok923" value="VVG"/>
		<feat xlink:href="#sTok924" value="AVP"/>
		<feat xlink:href="#sTok925" value="PRP"/>
		<feat xlink:href="#sTok926" value="AT0"/>
		<feat xlink:href="#sTok927" value="NN1"/>
		<feat xlink:href="#sTok928" value="PUN"/>
		<feat xlink:href="#sTok929" value="VDZ"/>
		<feat xlink:href="#sTok930" value="PRP"/>
		<feat xlink:href="#sTok931" value="NN1"/>
		<feat xlink:href="#sTok932" value="VVB"/>
		<feat xlink:href="#sTok933" value="AT0"/>
		<feat xlink:href="#sTok934" value="NN1"/>
		<feat xlink:href="#sTok935" value="NN1"/>
		<feat xlink:href="#sTok936" value="PUN"/>
		<feat xlink:href="#sTok937" value="VBB"/>
		<feat xlink:href="#sTok938" value="PNP"/>
		<feat xlink:href="#sTok939" value="VVG"/>
		<feat xlink:href="#sTok940" value="PNP"/>
		<feat xlink:href="#sTok941" value="PUN"/>
		<feat xlink:href="#sTok942" value="VVD"/>
		<feat xlink:href="#sTok943" value="AT0"/>
		<feat xlink:href="#sTok944" value="NN1"/>
		<feat xlink:href="#sTok945" value="TO0"/>
		<feat xlink:href="#sTok946" value="VVI"/>
		<feat xlink:href="#sTok947" value="PRP"/>
		<feat xlink:href="#sTok948" value="AT0"/>
		<feat xlink:href="#sTok949" value="NN1"/>
		<feat xlink:href="#sTok950" value="PUN"/>
		<feat xlink:href="#sTok951" value="AT0"/>
		<feat xlink:href="#sTok952" value="NN1"/>
		<feat xlink:href="#sTok953" value="NN1"/>
		<feat xlink:href="#sTok954" value="VBD"/>
		<feat xlink:href="#sTok955" value="VVG"/>
		<feat xlink:href="#sTok956" value="PRP"/>
		<feat xlink:href="#sTok957" value="PRF"/>
		<feat xlink:href="#sTok958" value="PNP"/>
		<feat xlink:href="#sTok959" value="PUN"/>
		<feat xlink:href="#sTok960" value="PNP"/>
		<feat xlink:href="#sTok961" value="PUN"/>
		<feat xlink:href="#sTok962" value="DT0"/>
		<feat xlink:href="#sTok963" value="VBZ"/>
		<feat xlink:href="#sTok964" value="AJ0"/>
		<feat xlink:href="#sTok965" value="PUN"/>
		<feat xlink:href="#sTok966" value="PNP"/>
		<feat xlink:href="#sTok967" value="VVD"/>
		<feat xlink:href="#sTok968" value="AT0"/>
		<feat xlink:href="#sTok969" value="NN1"/>
		<feat xlink:href="#sTok970" value="PUN"/>
		<feat xlink:href="#sTok971" value="PNP"/>
		<feat xlink:href="#sTok972" value="VVD"/>
		<feat xlink:href="#sTok973" value="AT0"/>
		<feat xlink:href="#sTok974" value="NN1"/>
		<feat xlink:href="#sTok975" value="PUN"/>
		<feat xlink:href="#sTok976" value="AT0"/>
		<feat xlink:href="#sTok977" value="NN1"/>
		<feat xlink:href="#sTok978" value="VBD"/>
		<feat xlink:href="#sTok979" value="VVG"/>
		<feat xlink:href="#sTok980" value="TO0"/>
		<feat xlink:href="#sTok981" value="VVI"/>
		<feat xlink:href="#sTok982" value="AT0"/>
		<feat xlink:href="#sTok983" value="NN1"/>
		<feat xlink:href="#sTok984" value="TO0"/>
		<feat xlink:href="#sTok985" value="VVI"/>
		<feat xlink:href="#sTok986" value="PRP"/>
		<feat xlink:href="#sTok987" value="DPS"/>
		<feat xlink:href="#sTok988" value="DT0"/>
		<feat xlink:href="#sTok989" value="PUN"/>
		<feat xlink:href="#sTok990" value="NP0"/>
		<feat xlink:href="#sTok991" value="VBD"/>
		<feat xlink:href="#sTok992" value="AVP"/>
		<feat xlink:href="#sTok993" value="PUQ"/>
		<feat xlink:href="#sTok994" value="ITJ"/>
		<feat xlink:href="#sTok995" value="PUN"/>
		<feat xlink:href="#sTok996" value="VVB"/>
		<feat xlink:href="#sTok997" value="AT0"/>
		<feat xlink:href="#sTok998" value="NN1"/>
		<feat xlink:href="#sTok999" value="PRP"/>
		<feat xlink:href="#sTok1000" value="PNP"/>
		<feat xlink:href="#sTok1001" value="PUN"/>
		<feat xlink:href="#sTok1002" value="PNP"/>
		<feat xlink:href="#sTok1003" value="VM0"/>
		<feat xlink:href="#sTok1004" value="AV0"/>
		<feat xlink:href="#sTok1005" value="VVI"/>
		<feat xlink:href="#sTok1006" value="PNP"/>
		<feat xlink:href="#sTok1007" value="PRP"/>
		<feat xlink:href="#sTok1008" value="DPS"/>
		<feat xlink:href="#sTok1009" value="DT0"/>
		<feat xlink:href="#sTok1010" value="PUN"/>
		<feat xlink:href="#sTok1011" value="PUQ"/>
		<feat xlink:href="#sTok1012" value="PNP"/>
		<feat xlink:href="#sTok1013" value="VDZ"/>
		<feat xlink:href="#sTok1014" value="AV0"/>
		<feat xlink:href="#sTok1015" value="CJT"/>
		<feat xlink:href="#sTok1016" value="PUN"/>
		<feat xlink:href="#sTok1017" value="NP0"/>
		<feat xlink:href="#sTok1018" value="PUN"/>
		<feat xlink:href="#sTok1019" value="AJ0"/>
		<feat xlink:href="#sTok1020" value="NN2"/>
		<feat xlink:href="#sTok1021" value="PUN"/>
		<feat xlink:href="#sTok1022" value="CRD"/>
		<feat xlink:href="#sTok1023" value="NN1"/>
		<feat xlink:href="#sTok1024" value="NN2"/>
		<feat xlink:href="#sTok1025" value="PUN"/>
		<feat xlink:href="#sTok1026" value="CRD"/>
		<feat xlink:href="#sTok1027" value="NN2"/>
		<feat xlink:href="#sTok1028" value="PUN"/>
		<feat xlink:href="#sTok1029" value="AT0"/>
		<feat xlink:href="#sTok1030" value="AV0"/>
		<feat xlink:href="#sTok1031" value="AJ0"/>
		<feat xlink:href="#sTok1032" value="NN1"/>
		<feat xlink:href="#sTok1033" value="PRP"/>
		<feat xlink:href="#sTok1034" value="AT0"/>
		<feat xlink:href="#sTok1035" value="NN1"/>
		<feat xlink:href="#sTok1036" value="CJC"/>
		<feat xlink:href="#sTok1037" value="VVZ"/>
		<feat xlink:href="#sTok1038" value="PRP"/>
		<feat xlink:href="#sTok1039" value="AT0"/>
		<feat xlink:href="#sTok1040" value="NN1"/>
		<feat xlink:href="#sTok1041" value="VDZ"/>
		<feat xlink:href="#sTok1042" value="XX0"/>
		<feat xlink:href="#sTok1043" value="VVI"/>
		<feat xlink:href="#sTok1044" value="AV0"/>
		<feat xlink:href="#sTok1045" value="PUN"/>
		<feat xlink:href="#sTok1046" value="PNP"/>
		<feat xlink:href="#sTok1047" value="VM0"/>
		<feat xlink:href="#sTok1048" value="AV0"/>
		<feat xlink:href="#sTok1049" value="VVI"/>
		<feat xlink:href="#sTok1050" value="TO0"/>
		<feat xlink:href="#sTok1051" value="VVI"/>
		<feat xlink:href="#sTok1052" value="DT0"/>
		<feat xlink:href="#sTok1053" value="NN1"/>
		<feat xlink:href="#sTok1054" value="NN2"/>
		<feat xlink:href="#sTok1055" value="PRP"/>
		<feat xlink:href="#sTok1056" value="VVG"/>
		<feat xlink:href="#sTok1057" value="AT0"/>
		<feat xlink:href="#sTok1058" value="NN1"/>
		<feat xlink:href="#sTok1059" value="TO0"/>
		<feat xlink:href="#sTok1060" value="VVI"/>
		<feat xlink:href="#sTok1061" value="TO0"/>
		<feat xlink:href="#sTok1062" value="VVI"/>
		<feat xlink:href="#sTok1063" value="AVP"/>
		<feat xlink:href="#sTok1064" value="DT0"/>
		<feat xlink:href="#sTok1065" value="NN1"/>
		<feat xlink:href="#sTok1066" value="AV0"/>
		<feat xlink:href="#sTok1067" value="PUN"/>
		<feat xlink:href="#sTok1068" value="VVN"/>
		<feat xlink:href="#sTok1069" value="PNP"/>
		<feat xlink:href="#sTok1070" value="AV0"/>
		<feat xlink:href="#sTok1071" value="PUN"/>
		<feat xlink:href="#sTok1072" value="PNP"/>
		<feat xlink:href="#sTok1073" value="VVD"/>
		<feat xlink:href="#sTok1074" value="PNP"/>
		<feat xlink:href="#sTok1075" value="TO0"/>
		<feat xlink:href="#sTok1076" value="VVB"/>
		<feat xlink:href="#sTok1077" value="CJT"/>
		<feat xlink:href="#sTok1078" value="DT0"/>
		<feat xlink:href="#sTok1079" value="NN1"/>
		<feat xlink:href="#sTok1080" value="PNP"/>
		<feat xlink:href="#sTok1081" value="VHB"/>
		<feat xlink:href="#sTok1082" value="VVN"/>
		<feat xlink:href="#sTok1083" value="PUN"/>
		<feat xlink:href="#sTok1084" value="PRP"/>
		<feat xlink:href="#sTok1085" value="DT0"/>
		<feat xlink:href="#sTok1086" value="NN1"/>
		<feat xlink:href="#sTok1087" value="PUN"/>
		<feat xlink:href="#sTok1088" value="CRD"/>
		<feat xlink:href="#sTok1089" value="NN2"/>
		<feat xlink:href="#sTok1090" value="PUN"/>
		<feat xlink:href="#sTok1091" value="CRD"/>
		<feat xlink:href="#sTok1092" value="NN1"/>
		<feat xlink:href="#sTok1093" value="PUN"/>
		<feat xlink:href="#sTok1094" value="PNP"/>
		<feat xlink:href="#sTok1095" value="VD"/>
		<feat xlink:href="#sTok1096" value="XX0"/>
		<feat xlink:href="#sTok1097" value="VVI"/>
		<feat xlink:href="#sTok1098" value="PNP"/>
		<feat xlink:href="#sTok1099" value="PRP"/>
		<feat xlink:href="#sTok1100" value="VBG"/>
		<feat xlink:href="#sTok1101" value="AJ0"/>
		<feat xlink:href="#sTok1102" value="AV0"/>
		<feat xlink:href="#sTok1103" value="PUN"/>
		<feat xlink:href="#sTok1104" value="VVG"/>
		<feat xlink:href="#sTok1105" value="CJT"/>
		<feat xlink:href="#sTok1106" value="NN2"/>
		<feat xlink:href="#sTok1107" value="VM0"/>
		<feat xlink:href="#sTok1108" value="VBI"/>
		<feat xlink:href="#sTok1109" value="AT0"/>
		<feat xlink:href="#sTok1110" value="AJ0"/>
		<feat xlink:href="#sTok1111" value="AJ0"/>
		<feat xlink:href="#sTok1112" value="PRP"/>
		<feat xlink:href="#sTok1113" value="NN2"/>
		<feat xlink:href="#sTok1114" value="PRF"/>
		<feat xlink:href="#sTok1115" value="NN1"/>
		<feat xlink:href="#sTok1116" value="PUN"/>
		<feat xlink:href="#sTok1117" value="PNP"/>
		<feat xlink:href="#sTok1118" value="VBZ"/>
		<feat xlink:href="#sTok1119" value="VVG"/>
		<feat xlink:href="#sTok1120" value="TO0"/>
		<feat xlink:href="#sTok1121" value="VVI"/>
		<feat xlink:href="#sTok1122" value="NP0"/>
		<feat xlink:href="#sTok1123" value="PRP"/>
		<feat xlink:href="#sTok1124" value="AT0"/>
		<feat xlink:href="#sTok1125" value="NN1"/>
		<feat xlink:href="#sTok1126" value="VVG"/>
		<feat xlink:href="#sTok1127" value="PRP"/>
		<feat xlink:href="#sTok1128" value="AT0"/>
		<feat xlink:href="#sTok1129" value="NN1"/>
		<feat xlink:href="#sTok1130" value="PRF"/>
		<feat xlink:href="#sTok1131" value="NP0"/>
		<feat xlink:href="#sTok1132" value="PUN"/>
		<feat xlink:href="#sTok1133" value="DT0"/>
		<feat xlink:href="#sTok1134" value="CRD"/>
		<feat xlink:href="#sTok1135" value="NN2"/>
		<feat xlink:href="#sTok1136" value="VVG"/>
		<feat xlink:href="#sTok1137" value="TO0"/>
		<feat xlink:href="#sTok1138" value="VVI"/>
		<feat xlink:href="#sTok1139" value="AVP"/>
		<feat xlink:href="#sTok1140" value="PRP"/>
		<feat xlink:href="#sTok1141" value="NN1"/>
		<feat xlink:href="#sTok1142" value="PRF"/>
		<feat xlink:href="#sTok1143" value="DT0"/>
		<feat xlink:href="#sTok1144" value="AJ0"/>
		<feat xlink:href="#sTok1145" value="CJS"/>
		<feat xlink:href="#sTok1146" value="PNP"/>
		<feat xlink:href="#sTok1147" value="VVB"/>
		<feat xlink:href="#sTok1148" value="PNP"/>
		<feat xlink:href="#sTok1149" value="PUN"/>
		<feat xlink:href="#sTok1150" value="ITJ"/>
		<feat xlink:href="#sTok1151" value="DPS"/>
		<feat xlink:href="#sTok1152" value="ITJ"/>
		<feat xlink:href="#sTok1153" value="PUN"/>
		<feat xlink:href="#sTok1154" value="NN1"/>
		<feat xlink:href="#sTok1155" value="NN1"/>
		<feat xlink:href="#sTok1156" value="PUN"/>
		<feat xlink:href="#sTok1157" value="ITJ"/>
		<feat xlink:href="#sTok1158" value="PUN"/>
		<feat xlink:href="#sTok1159" value="AT0"/>
		<feat xlink:href="#sTok1160" value="AJ0"/>
		<feat xlink:href="#sTok1161" value="NN1"/>
		<feat xlink:href="#sTok1162" value="NN1"/>
		<feat xlink:href="#sTok1163" value="PUN"/>
		<feat xlink:href="#sTok1164" value="DT0"/>
		<feat xlink:href="#sTok1165" value="VBZ"/>
		<feat xlink:href="#sTok1166" value="NN1"/>
		<feat xlink:href="#sTok1167" value="PRF"/>
		<feat xlink:href="#sTok1168" value="DT0"/>
		<feat xlink:href="#sTok1169" value="NN1"/>
		<feat xlink:href="#sTok1170" value="PUN"/>
		<feat xlink:href="#sTok1171" value="ITJ"/>
		<feat xlink:href="#sTok1172" value="PUN"/>
		<feat xlink:href="#sTok1173" value="PNP"/>
		<feat xlink:href="#sTok1174" value="VBZ"/>
		<feat xlink:href="#sTok1175" value="VVG"/>
		<feat xlink:href="#sTok1176" value="PRP"/>
		<feat xlink:href="#sTok1177" value="PNP"/>
		<feat xlink:href="#sTok1178" value="PUN"/>
		<feat xlink:href="#sTok1179" value="VVB"/>
		<feat xlink:href="#sTok1180" value="PNP"/>
		<feat xlink:href="#sTok1181" value="VVG"/>
		<feat xlink:href="#sTok1182" value="PUN"/>
		<feat xlink:href="#sTok1183" value="VVG"/>
		<feat xlink:href="#sTok1184" value="PUN"/>
		<feat xlink:href="#sTok1185" value="VDZ"/>
		<feat xlink:href="#sTok1186" value="VVI"/>
		<feat xlink:href="#sTok1187" value="DT0"/>
		<feat xlink:href="#sTok1188" value="AJ0"/>
		<feat xlink:href="#sTok1189" value="NN2"/>
		<feat xlink:href="#sTok1190" value="TO0"/>
		<feat xlink:href="#sTok1191" value="VVI"/>
		<feat xlink:href="#sTok1192" value="CJC"/>
		<feat xlink:href="#sTok1193" value="VVI"/>
		<feat xlink:href="#sTok1194" value="AVP"/>
		<feat xlink:href="#sTok1195" value="AT0"/>
		<feat xlink:href="#sTok1196" value="NN1"/>
		<feat xlink:href="#sTok1197" value="PRP"/>
		<feat xlink:href="#sTok1198" value="VVZ"/>
		<feat xlink:href="#sTok1199" value="TO0"/>
		<feat xlink:href="#sTok1200" value="VVI"/>
		<feat xlink:href="#sTok1201" value="PRP"/>
		<feat xlink:href="#sTok1202" value="PRF"/>
		<feat xlink:href="#sTok1203" value="AT0"/>
		<feat xlink:href="#sTok1204" value="NN1"/>
		<feat xlink:href="#sTok1205" value="PRP"/>
		<feat xlink:href="#sTok1206" value="AV0"/>
		<feat xlink:href="#sTok1207" value="AT0"/>
		<feat xlink:href="#sTok1208" value="NN1"/>
		<feat xlink:href="#sTok1209" value="PUN"/>
		<feat xlink:href="#sTok1210" value="VVB"/>
		<feat xlink:href="#sTok1211" value="AT0"/>
		<feat xlink:href="#sTok1212" value="AJ0"/>
		<feat xlink:href="#sTok1213" value="NN1"/>
		<feat xlink:href="#sTok1214" value="PRP"/>
		<feat xlink:href="#sTok1215" value="NN1"/>
		<feat xlink:href="#sTok1216" value="PRP"/>
		<feat xlink:href="#sTok1217" value="NP0"/>
		<feat xlink:href="#sTok1218" value="VBZ"/>
		<feat xlink:href="#sTok1219" value="AJ0"/>
		<feat xlink:href="#sTok1220" value="VVG"/>
		<feat xlink:href="#sTok1221" value="AV0"/>
		<feat xlink:href="#sTok1222" value="CJS"/>
		<feat xlink:href="#sTok1223" value="DPS"/>
		<feat xlink:href="#sTok1224" value="NN2"/>
		<feat xlink:href="#sTok1225" value="VBB"/>
		<feat xlink:href="#sTok1226" value="CJC"/>
		<feat xlink:href="#sTok1227" value="AV0"/>
		<feat xlink:href="#sTok1228" value="AVQ"/>
		<feat xlink:href="#sTok1229" value="TO0"/>
		<feat xlink:href="#sTok1230" value="VVI"/>
		<feat xlink:href="#sTok1231" value="PUN"/></featList></paula>