<?xml version='1.0' encoding='UTF-8'?><!DOCTYPE paula SYSTEM "paula_feat.dtd">
<paula version="1.1">
	<header paula_id="GENTLE_esports_fortnite.tok_upos"/>
	<featList xmlns:xlink="http://www.w3.org/1999/xlink" type="upos" xml:base="GENTLE_esports_fortnite.tok.xml">
		<feat xlink:href="#sTok1" value="ADP"/>
		<feat xlink:href="#sTok2" value="ADP"/>
		<feat xlink:href="#sTok3" value="DET"/>
		<feat xlink:href="#sTok4" value="NOUN"/>
		<feat xlink:href="#sTok5" value="NOUN"/>
		<feat xlink:href="#sTok6" value="NOUN"/>
		<feat xlink:href="#sTok7" value="AUX"/>
		<feat xlink:href="#sTok8" value="VERB"/>
		<feat xlink:href="#sTok9" value="NUM"/>
		<feat xlink:href="#sTok10" value="ADJ"/>
		<feat xlink:href="#sTok11" value="NOUN"/>
		<feat xlink:href="#sTok12" value="PUNCT"/>
		<feat xlink:href="#sTok13" value="DET"/>
		<feat xlink:href="#sTok14" value="PROPN"/>
		<feat xlink:href="#sTok15" value="PROPN"/>
		<feat xlink:href="#sTok16" value="PROPN"/>
		<feat xlink:href="#sTok17" value="PROPN"/>
		<feat xlink:href="#sTok18" value="VERB"/>
		<feat xlink:href="#sTok19" value="ADV"/>
		<feat xlink:href="#sTok20" value="ADV"/>
		<feat xlink:href="#sTok21" value="PUNCT"/>
		<feat xlink:href="#sTok22" value="DET"/>
		<feat xlink:href="#sTok23" value="NUM"/>
		<feat xlink:href="#sTok24" value="NOUN"/>
		<feat xlink:href="#sTok25" value="ADP"/>
		<feat xlink:href="#sTok26" value="PRON"/>
		<feat xlink:href="#sTok27" value="NOUN"/>
		<feat xlink:href="#sTok28" value="ADV"/>
		<feat xlink:href="#sTok29" value="PUNCT"/>
		<feat xlink:href="#sTok30" value="PROPN"/>
		<feat xlink:href="#sTok31" value="PUNCT"/>
		<feat xlink:href="#sTok32" value="PROPN"/>
		<feat xlink:href="#sTok33" value="PUNCT"/>
		<feat xlink:href="#sTok34" value="VERB"/>
		<feat xlink:href="#sTok35" value="ADV"/>
		<feat xlink:href="#sTok36" value="ADP"/>
		<feat xlink:href="#sTok37" value="NOUN"/>
		<feat xlink:href="#sTok38" value="ADP"/>
		<feat xlink:href="#sTok39" value="PRON"/>
		<feat xlink:href="#sTok40" value="ADV"/>
		<feat xlink:href="#sTok41" value="ADV"/>
		<feat xlink:href="#sTok42" value="DET"/>
		<feat xlink:href="#sTok43" value="VERB"/>
		<feat xlink:href="#sTok44" value="NOUN"/>
		<feat xlink:href="#sTok45" value="PUNCT"/>
		<feat xlink:href="#sTok46" value="PROPN"/>
		<feat xlink:href="#sTok47" value="DET"/>
		<feat xlink:href="#sTok48" value="NOUN"/>
		<feat xlink:href="#sTok49" value="ADP"/>
		<feat xlink:href="#sTok50" value="DET"/>
		<feat xlink:href="#sTok51" value="ADJ"/>
		<feat xlink:href="#sTok52" value="NOUN"/>
		<feat xlink:href="#sTok53" value="VERB"/>
		<feat xlink:href="#sTok54" value="ADP"/>
		<feat xlink:href="#sTok55" value="ADV"/>
		<feat xlink:href="#sTok56" value="DET"/>
		<feat xlink:href="#sTok57" value="ADJ"/>
		<feat xlink:href="#sTok58" value="NOUN"/>
		<feat xlink:href="#sTok59" value="ADP"/>
		<feat xlink:href="#sTok60" value="DET"/>
		<feat xlink:href="#sTok61" value="NOUN"/>
		<feat xlink:href="#sTok62" value="PUNCT"/>
		<feat xlink:href="#sTok63" value="NOUN"/>
		<feat xlink:href="#sTok64" value="ADP"/>
		<feat xlink:href="#sTok65" value="NOUN"/>
		<feat xlink:href="#sTok66" value="ADP"/>
		<feat xlink:href="#sTok67" value="DET"/>
		<feat xlink:href="#sTok68" value="NOUN"/>
		<feat xlink:href="#sTok69" value="PUNCT"/>
		<feat xlink:href="#sTok70" value="PRON"/>
		<feat xlink:href="#sTok71" value="VERB"/>
		<feat xlink:href="#sTok72" value="PRON"/>
		<feat xlink:href="#sTok73" value="ADJ"/>
		<feat xlink:href="#sTok74" value="NUM"/>
		<feat xlink:href="#sTok75" value="ADP"/>
		<feat xlink:href="#sTok76" value="DET"/>
		<feat xlink:href="#sTok77" value="ADJ"/>
		<feat xlink:href="#sTok78" value="NOUN"/>
		<feat xlink:href="#sTok79" value="PUNCT"/>
		<feat xlink:href="#sTok80" value="PROPN"/>
		<feat xlink:href="#sTok81" value="PUNCT"/>
		<feat xlink:href="#sTok82" value="PROPN"/>
		<feat xlink:href="#sTok83" value="PUNCT"/>
		<feat xlink:href="#sTok84" value="PROPN"/>
		<feat xlink:href="#sTok85" value="PUNCT"/>
		<feat xlink:href="#sTok86" value="PROPN"/>
		<feat xlink:href="#sTok87" value="PUNCT"/>
		<feat xlink:href="#sTok88" value="PROPN"/>
		<feat xlink:href="#sTok89" value="PUNCT"/>
		<feat xlink:href="#sTok90" value="PROPN"/>
		<feat xlink:href="#sTok91" value="PUNCT"/>
		<feat xlink:href="#sTok92" value="PROPN"/>
		<feat xlink:href="#sTok93" value="CCONJ"/>
		<feat xlink:href="#sTok94" value="DET"/>
		<feat xlink:href="#sTok95" value="NOUN"/>
		<feat xlink:href="#sTok96" value="PUNCT"/>
		<feat xlink:href="#sTok97" value="ADJ"/>
		<feat xlink:href="#sTok98" value="NOUN"/>
		<feat xlink:href="#sTok99" value="ADV"/>
		<feat xlink:href="#sTok100" value="ADV"/>
		<feat xlink:href="#sTok101" value="ADP"/>
		<feat xlink:href="#sTok102" value="ADJ"/>
		<feat xlink:href="#sTok103" value="ADP"/>
		<feat xlink:href="#sTok104" value="PROPN"/>
		<feat xlink:href="#sTok105" value="PUNCT"/>
		<feat xlink:href="#sTok106" value="ADV"/>
		<feat xlink:href="#sTok107" value="NUM"/>
		<feat xlink:href="#sTok108" value="NOUN"/>
		<feat xlink:href="#sTok109" value="CCONJ"/>
		<feat xlink:href="#sTok110" value="NUM"/>
		<feat xlink:href="#sTok111" value="NOUN"/>
		<feat xlink:href="#sTok112" value="ADJ"/>
		<feat xlink:href="#sTok113" value="PART"/>
		<feat xlink:href="#sTok114" value="VERB"/>
		<feat xlink:href="#sTok115" value="PRON"/>
		<feat xlink:href="#sTok116" value="ADP"/>
		<feat xlink:href="#sTok117" value="ADJ"/>
		<feat xlink:href="#sTok118" value="NOUN"/>
		<feat xlink:href="#sTok119" value="ADV"/>
		<feat xlink:href="#sTok120" value="ADV"/>
		<feat xlink:href="#sTok121" value="PUNCT"/>
		<feat xlink:href="#sTok122" value="NUM"/>
		<feat xlink:href="#sTok123" value="NOUN"/>
		<feat xlink:href="#sTok124" value="PART"/>
		<feat xlink:href="#sTok125" value="VERB"/>
		<feat xlink:href="#sTok126" value="ADP"/>
		<feat xlink:href="#sTok127" value="NOUN"/>
		<feat xlink:href="#sTok128" value="PUNCT"/>
		<feat xlink:href="#sTok129" value="NOUN"/>
		<feat xlink:href="#sTok130" value="CCONJ"/>
		<feat xlink:href="#sTok131" value="PROPN"/>
		<feat xlink:href="#sTok132" value="VERB"/>
		<feat xlink:href="#sTok133" value="ADP"/>
		<feat xlink:href="#sTok134" value="ADP"/>
		<feat xlink:href="#sTok135" value="DET"/>
		<feat xlink:href="#sTok136" value="NOUN"/>
		<feat xlink:href="#sTok137" value="DET"/>
		<feat xlink:href="#sTok138" value="ADJ"/>
		<feat xlink:href="#sTok139" value="NUM"/>
		<feat xlink:href="#sTok140" value="NOUN"/>
		<feat xlink:href="#sTok141" value="CCONJ"/>
		<feat xlink:href="#sTok142" value="PRON"/>
		<feat xlink:href="#sTok143" value="VERB"/>
		<feat xlink:href="#sTok144" value="ADV"/>
		<feat xlink:href="#sTok145" value="ADP"/>
		<feat xlink:href="#sTok146" value="PROPN"/>
		<feat xlink:href="#sTok147" value="NUM"/>
		<feat xlink:href="#sTok148" value="PUNCT"/>
		<feat xlink:href="#sTok149" value="PROPN"/>
		<feat xlink:href="#sTok150" value="AUX"/>
		<feat xlink:href="#sTok151" value="AUX"/>
		<feat xlink:href="#sTok152" value="ADP"/>
		<feat xlink:href="#sTok153" value="DET"/>
		<feat xlink:href="#sTok154" value="NOUN"/>
		<feat xlink:href="#sTok155" value="ADP"/>
		<feat xlink:href="#sTok156" value="DET"/>
		<feat xlink:href="#sTok157" value="NUM"/>
		<feat xlink:href="#sTok158" value="NOUN"/>
		<feat xlink:href="#sTok159" value="PUNCT"/>
		<feat xlink:href="#sTok160" value="PRON"/>
		<feat xlink:href="#sTok161" value="AUX"/>
		<feat xlink:href="#sTok162" value="ADV"/>
		<feat xlink:href="#sTok163" value="VERB"/>
		<feat xlink:href="#sTok164" value="DET"/>
		<feat xlink:href="#sTok165" value="ADJ"/>
		<feat xlink:href="#sTok166" value="NOUN"/>
		<feat xlink:href="#sTok167" value="NOUN"/>
		<feat xlink:href="#sTok168" value="PUNCT"/>
		<feat xlink:href="#sTok169" value="AUX"/>
		<feat xlink:href="#sTok170" value="PRON"/>
		<feat xlink:href="#sTok171" value="VERB"/>
		<feat xlink:href="#sTok172" value="DET"/>
		<feat xlink:href="#sTok173" value="ADJ"/>
		<feat xlink:href="#sTok174" value="NOUN"/>
		<feat xlink:href="#sTok175" value="CCONJ"/>
		<feat xlink:href="#sTok176" value="AUX"/>
		<feat xlink:href="#sTok177" value="PRON"/>
		<feat xlink:href="#sTok178" value="VERB"/>
		<feat xlink:href="#sTok179" value="PRON"/>
		<feat xlink:href="#sTok180" value="ADP"/>
		<feat xlink:href="#sTok181" value="ADV"/>
		<feat xlink:href="#sTok182" value="ADV"/>
		<feat xlink:href="#sTok183" value="PART"/>
		<feat xlink:href="#sTok184" value="VERB"/>
		<feat xlink:href="#sTok185" value="PRON"/>
		<feat xlink:href="#sTok186" value="PROPN"/>
		<feat xlink:href="#sTok187" value="NOUN"/>
		<feat xlink:href="#sTok188" value="NOUN"/>
		<feat xlink:href="#sTok189" value="PUNCT"/>
		<feat xlink:href="#sTok190" value="PROPN"/>
		<feat xlink:href="#sTok191" value="ADP"/>
		<feat xlink:href="#sTok192" value="DET"/>
		<feat xlink:href="#sTok193" value="NOUN"/>
		<feat xlink:href="#sTok194" value="PRON"/>
		<feat xlink:href="#sTok195" value="AUX"/>
		<feat xlink:href="#sTok196" value="ADP"/>
		<feat xlink:href="#sTok197" value="PROPN"/>
		<feat xlink:href="#sTok198" value="NUM"/>
		<feat xlink:href="#sTok199" value="NOUN"/>
		<feat xlink:href="#sTok200" value="ADJ"/>
		<feat xlink:href="#sTok201" value="NOUN"/>
		<feat xlink:href="#sTok202" value="PUNCT"/>
		<feat xlink:href="#sTok203" value="PROPN"/>
		<feat xlink:href="#sTok204" value="PUNCT"/>
		<feat xlink:href="#sTok205" value="VERB"/>
		<feat xlink:href="#sTok206" value="DET"/>
		<feat xlink:href="#sTok207" value="ADV"/>
		<feat xlink:href="#sTok208" value="ADJ"/>
		<feat xlink:href="#sTok209" value="NOUN"/>
		<feat xlink:href="#sTok210" value="ADP"/>
		<feat xlink:href="#sTok211" value="DET"/>
		<feat xlink:href="#sTok212" value="PROPN"/>
		<feat xlink:href="#sTok213" value="PROPN"/>
		<feat xlink:href="#sTok214" value="PUNCT"/>
		<feat xlink:href="#sTok215" value="ADV"/>
		<feat xlink:href="#sTok216" value="PRON"/>
		<feat xlink:href="#sTok217" value="ADV"/>
		<feat xlink:href="#sTok218" value="VERB"/>
		<feat xlink:href="#sTok219" value="PRON"/>
		<feat xlink:href="#sTok220" value="ADJ"/>
		<feat xlink:href="#sTok221" value="NOUN"/>
		<feat xlink:href="#sTok222" value="PUNCT"/>
		<feat xlink:href="#sTok223" value="NOUN"/>
		<feat xlink:href="#sTok224" value="NOUN"/>
		<feat xlink:href="#sTok225" value="PART"/>
		<feat xlink:href="#sTok226" value="VERB"/>
		<feat xlink:href="#sTok227" value="PART"/>
		<feat xlink:href="#sTok228" value="VERB"/>
		<feat xlink:href="#sTok229" value="VERB"/>
		<feat xlink:href="#sTok230" value="NOUN"/>
		<feat xlink:href="#sTok231" value="PART"/>
		<feat xlink:href="#sTok232" value="VERB"/>
		<feat xlink:href="#sTok233" value="PRON"/>
		<feat xlink:href="#sTok234" value="DET"/>
		<feat xlink:href="#sTok235" value="NOUN"/>
		<feat xlink:href="#sTok236" value="PUNCT"/>
		<feat xlink:href="#sTok237" value="CCONJ"/>
		<feat xlink:href="#sTok238" value="ADV"/>
		<feat xlink:href="#sTok239" value="ADP"/>
		<feat xlink:href="#sTok240" value="PRON"/>
		<feat xlink:href="#sTok241" value="AUX"/>
		<feat xlink:href="#sTok242" value="VERB"/>
		<feat xlink:href="#sTok243" value="ADV"/>
		<feat xlink:href="#sTok244" value="ADP"/>
		<feat xlink:href="#sTok245" value="NUM"/>
		<feat xlink:href="#sTok246" value="NUM"/>
		<feat xlink:href="#sTok247" value="NOUN"/>
		<feat xlink:href="#sTok248" value="PUNCT"/>
		<feat xlink:href="#sTok249" value="PRON"/>
		<feat xlink:href="#sTok250" value="AUX"/>
		<feat xlink:href="#sTok251" value="VERB"/>
		<feat xlink:href="#sTok252" value="PART"/>
		<feat xlink:href="#sTok253" value="VERB"/>
		<feat xlink:href="#sTok254" value="ADV"/>
		<feat xlink:href="#sTok255" value="ADV"/>
		<feat xlink:href="#sTok256" value="CCONJ"/>
		<feat xlink:href="#sTok257" value="VERB"/>
		<feat xlink:href="#sTok258" value="PRON"/>
		<feat xlink:href="#sTok259" value="VERB"/>
		<feat xlink:href="#sTok260" value="PUNCT"/>
		<feat xlink:href="#sTok261" value="AUX"/>
		<feat xlink:href="#sTok262" value="PART"/>
		<feat xlink:href="#sTok263" value="VERB"/>
		<feat xlink:href="#sTok264" value="SCONJ"/>
		<feat xlink:href="#sTok265" value="PRON"/>
		<feat xlink:href="#sTok266" value="PART"/>
		<feat xlink:href="#sTok267" value="VERB"/>
		<feat xlink:href="#sTok268" value="ADV"/>
		<feat xlink:href="#sTok269" value="PUNCT"/>
		<feat xlink:href="#sTok270" value="PRON"/>
		<feat xlink:href="#sTok271" value="VERB"/>
		<feat xlink:href="#sTok272" value="PUNCT"/>
		<feat xlink:href="#sTok273" value="VERB"/>
		<feat xlink:href="#sTok274" value="PRON"/>
		<feat xlink:href="#sTok275" value="VERB"/>
		<feat xlink:href="#sTok276" value="NUM"/>
		<feat xlink:href="#sTok277" value="NUM"/>
		<feat xlink:href="#sTok278" value="NOUN"/>
		<feat xlink:href="#sTok279" value="ADV"/>
		<feat xlink:href="#sTok280" value="PUNCT"/>
		<feat xlink:href="#sTok281" value="PRON"/>
		<feat xlink:href="#sTok282" value="NOUN"/>
		<feat xlink:href="#sTok283" value="VERB"/>
		<feat xlink:href="#sTok284" value="PART"/>
		<feat xlink:href="#sTok285" value="VERB"/>
		<feat xlink:href="#sTok286" value="PRON"/>
		<feat xlink:href="#sTok287" value="PART"/>
		<feat xlink:href="#sTok288" value="VERB"/>
		<feat xlink:href="#sTok289" value="DET"/>
		<feat xlink:href="#sTok290" value="NOUN"/>
		<feat xlink:href="#sTok291" value="ADP"/>
		<feat xlink:href="#sTok292" value="CCONJ"/>
		<feat xlink:href="#sTok293" value="PRON"/>
		<feat xlink:href="#sTok294" value="AUX"/>
		<feat xlink:href="#sTok295" value="VERB"/>
		<feat xlink:href="#sTok296" value="PART"/>
		<feat xlink:href="#sTok297" value="VERB"/>
		<feat xlink:href="#sTok298" value="PUNCT"/>
		<feat xlink:href="#sTok299" value="INTJ"/>
		<feat xlink:href="#sTok300" value="INTJ"/>
		<feat xlink:href="#sTok301" value="PUNCT"/>
		<feat xlink:href="#sTok302" value="VERB"/>
		<feat xlink:href="#sTok303" value="PRON"/>
		<feat xlink:href="#sTok304" value="NOUN"/>
		<feat xlink:href="#sTok305" value="PART"/>
		<feat xlink:href="#sTok306" value="VERB"/>
		<feat xlink:href="#sTok307" value="PRON"/>
		<feat xlink:href="#sTok308" value="PUNCT"/>
		<feat xlink:href="#sTok309" value="PRON"/>
		<feat xlink:href="#sTok310" value="VERB"/>
		<feat xlink:href="#sTok311" value="ADP"/>
		<feat xlink:href="#sTok312" value="DET"/>
		<feat xlink:href="#sTok313" value="NOUN"/>
		<feat xlink:href="#sTok314" value="PUNCT"/>
		<feat xlink:href="#sTok315" value="PROPN"/>
		<feat xlink:href="#sTok316" value="ADV"/>
		<feat xlink:href="#sTok317" value="VERB"/>
		<feat xlink:href="#sTok318" value="ADP"/>
		<feat xlink:href="#sTok319" value="ADJ"/>
		<feat xlink:href="#sTok320" value="NOUN"/>
		<feat xlink:href="#sTok321" value="PUNCT"/>
		<feat xlink:href="#sTok322" value="NUM"/>
		<feat xlink:href="#sTok323" value="ADP"/>
		<feat xlink:href="#sTok324" value="DET"/>
		<feat xlink:href="#sTok325" value="ADV"/>
		<feat xlink:href="#sTok326" value="ADJ"/>
		<feat xlink:href="#sTok327" value="ADJ"/>
		<feat xlink:href="#sTok328" value="NOUN"/>
		<feat xlink:href="#sTok329" value="PUNCT"/>
		<feat xlink:href="#sTok330" value="VERB"/>
		<feat xlink:href="#sTok331" value="PRON"/>
		<feat xlink:href="#sTok332" value="ADV"/>
		<feat xlink:href="#sTok333" value="ADV"/>
		<feat xlink:href="#sTok334" value="PUNCT"/>
		<feat xlink:href="#sTok335" value="PRON"/>
		<feat xlink:href="#sTok336" value="VERB"/>
		<feat xlink:href="#sTok337" value="ADP"/>
		<feat xlink:href="#sTok338" value="PRON"/>
		<feat xlink:href="#sTok339" value="PRON"/>
		<feat xlink:href="#sTok340" value="PRON"/>
		<feat xlink:href="#sTok341" value="VERB"/>
		<feat xlink:href="#sTok342" value="PUNCT"/>
		<feat xlink:href="#sTok343" value="ADJ"/>
		<feat xlink:href="#sTok344" value="NOUN"/>
		<feat xlink:href="#sTok345" value="NOUN"/>
		<feat xlink:href="#sTok346" value="NUM"/>
		<feat xlink:href="#sTok347" value="NOUN"/>
		<feat xlink:href="#sTok348" value="CCONJ"/>
		<feat xlink:href="#sTok349" value="DET"/>
		<feat xlink:href="#sTok350" value="NOUN"/>
		<feat xlink:href="#sTok351" value="NOUN"/>
		<feat xlink:href="#sTok352" value="PUNCT"/>
		<feat xlink:href="#sTok353" value="PROPN"/>
		<feat xlink:href="#sTok354" value="PUNCT"/>
		<feat xlink:href="#sTok355" value="NUM"/>
		<feat xlink:href="#sTok356" value="ADP"/>
		<feat xlink:href="#sTok357" value="DET"/>
		<feat xlink:href="#sTok358" value="ADJ"/>
		<feat xlink:href="#sTok359" value="NUM"/>
		<feat xlink:href="#sTok360" value="PART"/>
		<feat xlink:href="#sTok361" value="VERB"/>
		<feat xlink:href="#sTok362" value="ADV"/>
		<feat xlink:href="#sTok363" value="ADP"/>
		<feat xlink:href="#sTok364" value="DET"/>
		<feat xlink:href="#sTok365" value="NOUN"/>
		<feat xlink:href="#sTok366" value="AUX"/>
		<feat xlink:href="#sTok367" value="PROPN"/>
		<feat xlink:href="#sTok368" value="PUNCT"/>
		<feat xlink:href="#sTok369" value="PRON"/>
		<feat xlink:href="#sTok370" value="AUX"/>
		<feat xlink:href="#sTok371" value="ADP"/>
		<feat xlink:href="#sTok372" value="DET"/>
		<feat xlink:href="#sTok373" value="ADJ"/>
		<feat xlink:href="#sTok374" value="NOUN"/>
		<feat xlink:href="#sTok375" value="ADV"/>
		<feat xlink:href="#sTok376" value="PUNCT"/>
		<feat xlink:href="#sTok377" value="ADV"/>
		<feat xlink:href="#sTok378" value="VERB"/>
		<feat xlink:href="#sTok379" value="ADP"/>
		<feat xlink:href="#sTok380" value="DET"/>
		<feat xlink:href="#sTok381" value="ADJ"/>
		<feat xlink:href="#sTok382" value="NOUN"/>
		<feat xlink:href="#sTok383" value="PUNCT"/>
		<feat xlink:href="#sTok384" value="SCONJ"/>
		<feat xlink:href="#sTok385" value="PRON"/>
		<feat xlink:href="#sTok386" value="AUX"/>
		<feat xlink:href="#sTok387" value="PUNCT"/>
		<feat xlink:href="#sTok388" value="SCONJ"/>
		<feat xlink:href="#sTok389" value="PRON"/>
		<feat xlink:href="#sTok390" value="VERB"/>
		<feat xlink:href="#sTok391" value="PRON"/>
		<feat xlink:href="#sTok392" value="ADP"/>
		<feat xlink:href="#sTok393" value="PUNCT"/>
		<feat xlink:href="#sTok394" value="AUX"/>
		<feat xlink:href="#sTok395" value="PRON"/>
		<feat xlink:href="#sTok396" value="VERB"/>
		<feat xlink:href="#sTok397" value="DET"/>
		<feat xlink:href="#sTok398" value="DET"/>
		<feat xlink:href="#sTok399" value="NOUN"/>
		<feat xlink:href="#sTok400" value="VERB"/>
		<feat xlink:href="#sTok401" value="ADP"/>
		<feat xlink:href="#sTok402" value="DET"/>
		<feat xlink:href="#sTok403" value="ADJ"/>
		<feat xlink:href="#sTok404" value="NOUN"/>
		<feat xlink:href="#sTok405" value="ADP"/>
		<feat xlink:href="#sTok406" value="DET"/>
		<feat xlink:href="#sTok407" value="NOUN"/>
		<feat xlink:href="#sTok408" value="PUNCT"/>
		<feat xlink:href="#sTok409" value="PROPN"/>
		<feat xlink:href="#sTok410" value="PRON"/>
		<feat xlink:href="#sTok411" value="VERB"/>
		<feat xlink:href="#sTok412" value="PART"/>
		<feat xlink:href="#sTok413" value="VERB"/>
		<feat xlink:href="#sTok414" value="ADV"/>
		<feat xlink:href="#sTok415" value="ADP"/>
		<feat xlink:href="#sTok416" value="DET"/>
		<feat xlink:href="#sTok417" value="NOUN"/>
		<feat xlink:href="#sTok418" value="PUNCT"/>
		<feat xlink:href="#sTok419" value="DET"/>
		<feat xlink:href="#sTok420" value="NOUN"/>
		<feat xlink:href="#sTok421" value="NOUN"/>
		<feat xlink:href="#sTok422" value="VERB"/>
		<feat xlink:href="#sTok423" value="PUNCT"/>
		<feat xlink:href="#sTok424" value="AUX"/>
		<feat xlink:href="#sTok425" value="AUX"/>
		<feat xlink:href="#sTok426" value="VERB"/>
		<feat xlink:href="#sTok427" value="ADP"/>
		<feat xlink:href="#sTok428" value="DET"/>
		<feat xlink:href="#sTok429" value="NOUN"/>
		<feat xlink:href="#sTok430" value="PUNCT"/>
		<feat xlink:href="#sTok431" value="ADJ"/>
		<feat xlink:href="#sTok432" value="PUNCT"/>
		<feat xlink:href="#sTok433" value="PRON"/>
		<feat xlink:href="#sTok434" value="AUX"/>
		<feat xlink:href="#sTok435" value="ADJ"/>
		<feat xlink:href="#sTok436" value="PUNCT"/>
		<feat xlink:href="#sTok437" value="PRON"/>
		<feat xlink:href="#sTok438" value="ADJ"/>
		<feat xlink:href="#sTok439" value="VERB"/>
		<feat xlink:href="#sTok440" value="PUNCT"/>
		<feat xlink:href="#sTok441" value="DET"/>
		<feat xlink:href="#sTok442" value="NOUN"/>
		<feat xlink:href="#sTok443" value="ADP"/>
		<feat xlink:href="#sTok444" value="NOUN"/>
		<feat xlink:href="#sTok445" value="VERB"/>
		<feat xlink:href="#sTok446" value="PUNCT"/>
		<feat xlink:href="#sTok447" value="PROPN"/>
		<feat xlink:href="#sTok448" value="CCONJ"/>
		<feat xlink:href="#sTok449" value="PROPN"/>
		<feat xlink:href="#sTok450" value="ADV"/>
		<feat xlink:href="#sTok451" value="ADP"/>
		<feat xlink:href="#sTok452" value="PROPN"/>
		<feat xlink:href="#sTok453" value="PROPN"/>
		<feat xlink:href="#sTok454" value="ADV"/>
		<feat xlink:href="#sTok455" value="VERB"/>
		<feat xlink:href="#sTok456" value="ADP"/>
		<feat xlink:href="#sTok457" value="DET"/>
		<feat xlink:href="#sTok458" value="NOUN"/>
		<feat xlink:href="#sTok459" value="ADP"/>
		<feat xlink:href="#sTok460" value="PRON"/>
		<feat xlink:href="#sTok461" value="PUNCT"/>
		<feat xlink:href="#sTok462" value="PRON"/>
		<feat xlink:href="#sTok463" value="AUX"/>
		<feat xlink:href="#sTok464" value="ADV"/>
		<feat xlink:href="#sTok465" value="NOUN"/>
		<feat xlink:href="#sTok466" value="ADP"/>
		<feat xlink:href="#sTok467" value="VERB"/>
		<feat xlink:href="#sTok468" value="NOUN"/>
		<feat xlink:href="#sTok469" value="ADP"/>
		<feat xlink:href="#sTok470" value="DET"/>
		<feat xlink:href="#sTok471" value="NOUN"/>
		<feat xlink:href="#sTok472" value="ADP"/>
		<feat xlink:href="#sTok473" value="PROPN"/>
		<feat xlink:href="#sTok474" value="PUNCT"/>
		<feat xlink:href="#sTok475" value="AUX"/>
		<feat xlink:href="#sTok476" value="PART"/>
		<feat xlink:href="#sTok477" value="VERB"/>
		<feat xlink:href="#sTok478" value="PART"/>
		<feat xlink:href="#sTok479" value="AUX"/>
		<feat xlink:href="#sTok480" value="VERB"/>
		<feat xlink:href="#sTok481" value="ADP"/>
		<feat xlink:href="#sTok482" value="NOUN"/>
		<feat xlink:href="#sTok483" value="PUNCT"/>
		<feat xlink:href="#sTok484" value="PRON"/>
		<feat xlink:href="#sTok485" value="NOUN"/>
		<feat xlink:href="#sTok486" value="PUNCT"/>
		<feat xlink:href="#sTok487" value="DET"/>
		<feat xlink:href="#sTok488" value="NOUN"/>
		<feat xlink:href="#sTok489" value="NOUN"/>
		<feat xlink:href="#sTok490" value="ADV"/>
		<feat xlink:href="#sTok491" value="ADV"/>
		<feat xlink:href="#sTok492" value="PUNCT"/>
		<feat xlink:href="#sTok493" value="PRON"/>
		<feat xlink:href="#sTok494" value="AUX"/>
		<feat xlink:href="#sTok495" value="DET"/>
		<feat xlink:href="#sTok496" value="ADV"/>
		<feat xlink:href="#sTok497" value="ADJ"/>
		<feat xlink:href="#sTok498" value="NOUN"/>
		<feat xlink:href="#sTok499" value="PART"/>
		<feat xlink:href="#sTok500" value="VERB"/>
		<feat xlink:href="#sTok501" value="DET"/>
		<feat xlink:href="#sTok502" value="NOUN"/>
		<feat xlink:href="#sTok503" value="PUNCT"/>
		<feat xlink:href="#sTok504" value="ADJ"/>
		<feat xlink:href="#sTok505" value="NOUN"/>
		<feat xlink:href="#sTok506" value="VERB"/>
		<feat xlink:href="#sTok507" value="PUNCT"/>
		<feat xlink:href="#sTok508" value="ADJ"/>
		<feat xlink:href="#sTok509" value="NOUN"/>
		<feat xlink:href="#sTok510" value="NOUN"/>
		<feat xlink:href="#sTok511" value="NOUN"/>
		<feat xlink:href="#sTok512" value="NOUN"/>
		<feat xlink:href="#sTok513" value="CCONJ"/>
		<feat xlink:href="#sTok514" value="ADV"/>
		<feat xlink:href="#sTok515" value="ADV"/>
		<feat xlink:href="#sTok516" value="PUNCT"/>
		<feat xlink:href="#sTok517" value="PRON"/>
		<feat xlink:href="#sTok518" value="VERB"/>
		<feat xlink:href="#sTok519" value="ADP"/>
		<feat xlink:href="#sTok520" value="DET"/>
		<feat xlink:href="#sTok521" value="ADJ"/>
		<feat xlink:href="#sTok522" value="NOUN"/>
		<feat xlink:href="#sTok523" value="NOUN"/>
		<feat xlink:href="#sTok524" value="PUNCT"/>
		<feat xlink:href="#sTok525" value="PROPN"/>
		<feat xlink:href="#sTok526" value="ADP"/>
		<feat xlink:href="#sTok527" value="DET"/>
		<feat xlink:href="#sTok528" value="NOUN"/>
		<feat xlink:href="#sTok529" value="PUNCT"/>
		<feat xlink:href="#sTok530" value="ADP"/>
		<feat xlink:href="#sTok531" value="PROPN"/>
		<feat xlink:href="#sTok532" value="PROPN"/>
		<feat xlink:href="#sTok533" value="CCONJ"/>
		<feat xlink:href="#sTok534" value="PRON"/>
		<feat xlink:href="#sTok535" value="AUX"/>
		<feat xlink:href="#sTok536" value="ADV"/>
		<feat xlink:href="#sTok537" value="NUM"/>
		<feat xlink:href="#sTok538" value="NOUN"/>
		<feat xlink:href="#sTok539" value="PUNCT"/>
		<feat xlink:href="#sTok540" value="CCONJ"/>
		<feat xlink:href="#sTok541" value="ADV"/>
		<feat xlink:href="#sTok542" value="PRON"/>
		<feat xlink:href="#sTok543" value="AUX"/>
		<feat xlink:href="#sTok544" value="ADV"/>
		<feat xlink:href="#sTok545" value="ADV"/>
		<feat xlink:href="#sTok546" value="ADP"/>
		<feat xlink:href="#sTok547" value="DET"/>
		<feat xlink:href="#sTok548" value="NOUN"/>
		<feat xlink:href="#sTok549" value="PUNCT"/>
		<feat xlink:href="#sTok550" value="PRON"/>
		<feat xlink:href="#sTok551" value="NOUN"/>
		<feat xlink:href="#sTok552" value="ADP"/>
		<feat xlink:href="#sTok553" value="VERB"/>
		<feat xlink:href="#sTok554" value="ADJ"/>
		<feat xlink:href="#sTok555" value="PUNCT"/>
		<feat xlink:href="#sTok556" value="PRON"/>
		<feat xlink:href="#sTok557" value="ADV"/>
		<feat xlink:href="#sTok558" value="NOUN"/>
		<feat xlink:href="#sTok559" value="ADP"/>
		<feat xlink:href="#sTok560" value="VERB"/>
		<feat xlink:href="#sTok561" value="ADP"/>
		<feat xlink:href="#sTok562" value="PRON"/>
		<feat xlink:href="#sTok563" value="PUNCT"/>
		<feat xlink:href="#sTok564" value="PRON"/>
		<feat xlink:href="#sTok565" value="VERB"/>
		<feat xlink:href="#sTok566" value="PART"/>
		<feat xlink:href="#sTok567" value="ADV"/>
		<feat xlink:href="#sTok568" value="VERB"/>
		<feat xlink:href="#sTok569" value="CCONJ"/>
		<feat xlink:href="#sTok570" value="VERB"/>
		<feat xlink:href="#sTok571" value="PUNCT"/>
		<feat xlink:href="#sTok572" value="PRON"/>
		<feat xlink:href="#sTok573" value="AUX"/>
		<feat xlink:href="#sTok574" value="ADV"/>
		<feat xlink:href="#sTok575" value="PUNCT"/>
		<feat xlink:href="#sTok576" value="NOUN"/>
		<feat xlink:href="#sTok577" value="VERB"/>
		<feat xlink:href="#sTok578" value="ADV"/>
		<feat xlink:href="#sTok579" value="ADP"/>
		<feat xlink:href="#sTok580" value="PUNCT"/>
		<feat xlink:href="#sTok581" value="PART"/>
		<feat xlink:href="#sTok582" value="ADJ"/>
		<feat xlink:href="#sTok583" value="PART"/>
		<feat xlink:href="#sTok584" value="VERB"/>
		<feat xlink:href="#sTok585" value="PRON"/>
		<feat xlink:href="#sTok586" value="VERB"/>
		<feat xlink:href="#sTok587" value="ADP"/>
		<feat xlink:href="#sTok588" value="ADP"/>
		<feat xlink:href="#sTok589" value="ADV"/>
		<feat xlink:href="#sTok590" value="PUNCT"/>
		<feat xlink:href="#sTok591" value="PROPN"/>
		<feat xlink:href="#sTok592" value="ADV"/>
		<feat xlink:href="#sTok593" value="VERB"/>
		<feat xlink:href="#sTok594" value="ADP"/>
		<feat xlink:href="#sTok595" value="PUNCT"/>
		<feat xlink:href="#sTok596" value="AUX"/>
		<feat xlink:href="#sTok597" value="VERB"/>
		<feat xlink:href="#sTok598" value="NOUN"/>
		<feat xlink:href="#sTok599" value="PART"/>
		<feat xlink:href="#sTok600" value="VERB"/>
		<feat xlink:href="#sTok601" value="ADV"/>
		<feat xlink:href="#sTok602" value="ADV"/>
		<feat xlink:href="#sTok603" value="PART"/>
		<feat xlink:href="#sTok604" value="VERB"/>
		<feat xlink:href="#sTok605" value="NUM"/>
		<feat xlink:href="#sTok606" value="NOUN"/>
		<feat xlink:href="#sTok607" value="PUNCT"/>
		<feat xlink:href="#sTok608" value="VERB"/>
		<feat xlink:href="#sTok609" value="SCONJ"/>
		<feat xlink:href="#sTok610" value="PROPN"/>
		<feat xlink:href="#sTok611" value="VERB"/>
		<feat xlink:href="#sTok612" value="ADP"/>
		<feat xlink:href="#sTok613" value="ADP"/>
		<feat xlink:href="#sTok614" value="NOUN"/>
		<feat xlink:href="#sTok615" value="PUNCT"/>
		<feat xlink:href="#sTok616" value="PART"/>
		<feat xlink:href="#sTok617" value="VERB"/>
		<feat xlink:href="#sTok618" value="ADV"/>
		<feat xlink:href="#sTok619" value="NOUN"/>
		<feat xlink:href="#sTok620" value="VERB"/>
		<feat xlink:href="#sTok621" value="ADP"/>
		<feat xlink:href="#sTok622" value="PUNCT"/>
		<feat xlink:href="#sTok623" value="NUM"/>
		<feat xlink:href="#sTok624" value="NOUN"/>
		<feat xlink:href="#sTok625" value="VERB"/>
		<feat xlink:href="#sTok626" value="PUNCT"/>
		<feat xlink:href="#sTok627" value="DET"/>
		<feat xlink:href="#sTok628" value="ADJ"/>
		<feat xlink:href="#sTok629" value="NOUN"/>
		<feat xlink:href="#sTok630" value="VERB"/>
		<feat xlink:href="#sTok631" value="PART"/>
		<feat xlink:href="#sTok632" value="VERB"/>
		<feat xlink:href="#sTok633" value="ADP"/>
		<feat xlink:href="#sTok634" value="NUM"/>
		<feat xlink:href="#sTok635" value="NOUN"/>
		<feat xlink:href="#sTok636" value="PUNCT"/>
		<feat xlink:href="#sTok637" value="VERB"/>
		<feat xlink:href="#sTok638" value="ADP"/>
		<feat xlink:href="#sTok639" value="DET"/>
		<feat xlink:href="#sTok640" value="NOUN"/>
		<feat xlink:href="#sTok641" value="PROPN"/>
		<feat xlink:href="#sTok642" value="AUX"/>
		<feat xlink:href="#sTok643" value="ADV"/>
		<feat xlink:href="#sTok644" value="VERB"/>
		<feat xlink:href="#sTok645" value="ADP"/>
		<feat xlink:href="#sTok646" value="ADV"/>
		<feat xlink:href="#sTok647" value="PUNCT"/>
		<feat xlink:href="#sTok648" value="DET"/>
		<feat xlink:href="#sTok649" value="NOUN"/>
		<feat xlink:href="#sTok650" value="ADV"/>
		<feat xlink:href="#sTok651" value="ADV"/>
		<feat xlink:href="#sTok652" value="VERB"/>
		<feat xlink:href="#sTok653" value="PART"/>
		<feat xlink:href="#sTok654" value="VERB"/>
		<feat xlink:href="#sTok655" value="SCONJ"/>
		<feat xlink:href="#sTok656" value="PRON"/>
		<feat xlink:href="#sTok657" value="AUX"/>
		<feat xlink:href="#sTok658" value="VERB"/>
		<feat xlink:href="#sTok659" value="NOUN"/>
		<feat xlink:href="#sTok660" value="ADV"/>
		<feat xlink:href="#sTok661" value="ADP"/>
		<feat xlink:href="#sTok662" value="DET"/>
		<feat xlink:href="#sTok663" value="NOUN"/>
		<feat xlink:href="#sTok664" value="PUNCT"/>
		<feat xlink:href="#sTok665" value="PROPN"/>
		<feat xlink:href="#sTok666" value="AUX"/>
		<feat xlink:href="#sTok667" value="VERB"/>
		<feat xlink:href="#sTok668" value="PART"/>
		<feat xlink:href="#sTok669" value="VERB"/>
		<feat xlink:href="#sTok670" value="DET"/>
		<feat xlink:href="#sTok671" value="DET"/>
		<feat xlink:href="#sTok672" value="NOUN"/>
		<feat xlink:href="#sTok673" value="ADV"/>
		<feat xlink:href="#sTok674" value="VERB"/>
		<feat xlink:href="#sTok675" value="SCONJ"/>
		<feat xlink:href="#sTok676" value="DET"/>
		<feat xlink:href="#sTok677" value="NOUN"/>
		<feat xlink:href="#sTok678" value="VERB"/>
		<feat xlink:href="#sTok679" value="PART"/>
		<feat xlink:href="#sTok680" value="VERB"/>
		<feat xlink:href="#sTok681" value="PUNCT"/>
		<feat xlink:href="#sTok682" value="ADV"/>
		<feat xlink:href="#sTok683" value="PUNCT"/>
		<feat xlink:href="#sTok684" value="PROPN"/>
		<feat xlink:href="#sTok685" value="PUNCT"/>
		<feat xlink:href="#sTok686" value="PROPN"/>
		<feat xlink:href="#sTok687" value="PUNCT"/>
		<feat xlink:href="#sTok688" value="NUM"/>
		<feat xlink:href="#sTok689" value="NOUN"/>
		<feat xlink:href="#sTok690" value="PRON"/>
		<feat xlink:href="#sTok691" value="AUX"/>
		<feat xlink:href="#sTok692" value="VERB"/>
		<feat xlink:href="#sTok693" value="ADP"/>
		<feat xlink:href="#sTok694" value="ADP"/>
		<feat xlink:href="#sTok695" value="DET"/>
		<feat xlink:href="#sTok696" value="ADJ"/>
		<feat xlink:href="#sTok697" value="DET"/>
		<feat xlink:href="#sTok698" value="NOUN"/>
		<feat xlink:href="#sTok699" value="ADP"/>
		<feat xlink:href="#sTok700" value="NOUN"/>
		<feat xlink:href="#sTok701" value="PUNCT"/>
		<feat xlink:href="#sTok702" value="VERB"/>
		<feat xlink:href="#sTok703" value="PART"/>
		<feat xlink:href="#sTok704" value="VERB"/>
		<feat xlink:href="#sTok705" value="ADP"/>
		<feat xlink:href="#sTok706" value="DET"/>
		<feat xlink:href="#sTok707" value="NOUN"/>
		<feat xlink:href="#sTok708" value="PUNCT"/>
		<feat xlink:href="#sTok709" value="INTJ"/>
		<feat xlink:href="#sTok710" value="PUNCT"/>
		<feat xlink:href="#sTok711" value="DET"/>
		<feat xlink:href="#sTok712" value="NOUN"/>
		<feat xlink:href="#sTok713" value="ADV"/>
		<feat xlink:href="#sTok714" value="CCONJ"/>
		<feat xlink:href="#sTok715" value="VERB"/>
		<feat xlink:href="#sTok716" value="ADP"/>
		<feat xlink:href="#sTok717" value="ADP"/>
		<feat xlink:href="#sTok718" value="DET"/>
		<feat xlink:href="#sTok719" value="ADJ"/>
		<feat xlink:href="#sTok720" value="ADJ"/>
		<feat xlink:href="#sTok721" value="NOUN"/>
		<feat xlink:href="#sTok722" value="PUNCT"/>
		<feat xlink:href="#sTok723" value="PROPN"/>
		<feat xlink:href="#sTok724" value="VERB"/>
		<feat xlink:href="#sTok725" value="ADP"/>
		<feat xlink:href="#sTok726" value="PRON"/>
		<feat xlink:href="#sTok727" value="ADJ"/>
		<feat xlink:href="#sTok728" value="NOUN"/>
		<feat xlink:href="#sTok729" value="ADP"/>
		<feat xlink:href="#sTok730" value="PROPN"/>
		<feat xlink:href="#sTok731" value="NUM"/>
		<feat xlink:href="#sTok732" value="PUNCT"/>
		<feat xlink:href="#sTok733" value="ADV"/>
		<feat xlink:href="#sTok734" value="ADJ"/>
		<feat xlink:href="#sTok735" value="CCONJ"/>
		<feat xlink:href="#sTok736" value="PRON"/>
		<feat xlink:href="#sTok737" value="AUX"/>
		<feat xlink:href="#sTok738" value="VERB"/>
		<feat xlink:href="#sTok739" value="PROPN"/>
		<feat xlink:href="#sTok740" value="PART"/>
		<feat xlink:href="#sTok741" value="PROPN"/>
		<feat xlink:href="#sTok742" value="PROPN"/>
		<feat xlink:href="#sTok743" value="PROPN"/>
		<feat xlink:href="#sTok744" value="NOUN"/>
		<feat xlink:href="#sTok745" value="PUNCT"/>
		<feat xlink:href="#sTok746" value="ADJ"/>
		<feat xlink:href="#sTok747" value="NOUN"/>
		<feat xlink:href="#sTok748" value="ADV"/>
		<feat xlink:href="#sTok749" value="ADV"/>
		<feat xlink:href="#sTok750" value="PUNCT"/>
		<feat xlink:href="#sTok751" value="PRON"/>
		<feat xlink:href="#sTok752" value="AUX"/>
		<feat xlink:href="#sTok753" value="VERB"/>
		<feat xlink:href="#sTok754" value="ADV"/>
		<feat xlink:href="#sTok755" value="PRON"/>
		<feat xlink:href="#sTok756" value="VERB"/>
		<feat xlink:href="#sTok757" value="ADP"/>
		<feat xlink:href="#sTok758" value="ADP"/>
		<feat xlink:href="#sTok759" value="DET"/>
		<feat xlink:href="#sTok760" value="NOUN"/>
		<feat xlink:href="#sTok761" value="ADP"/>
		<feat xlink:href="#sTok762" value="DET"/>
		<feat xlink:href="#sTok763" value="NOUN"/>
		<feat xlink:href="#sTok764" value="ADV"/>
		<feat xlink:href="#sTok765" value="PRON"/>
		<feat xlink:href="#sTok766" value="AUX"/>
		<feat xlink:href="#sTok767" value="ADV"/>
		<feat xlink:href="#sTok768" value="VERB"/>
		<feat xlink:href="#sTok769" value="CCONJ"/>
		<feat xlink:href="#sTok770" value="VERB"/>
		<feat xlink:href="#sTok771" value="PUNCT"/>
		<feat xlink:href="#sTok772" value="NOUN"/>
		<feat xlink:href="#sTok773" value="PRON"/>
		<feat xlink:href="#sTok774" value="AUX"/>
		<feat xlink:href="#sTok775" value="PRON"/>
		<feat xlink:href="#sTok776" value="ADJ"/>
		<feat xlink:href="#sTok777" value="NOUN"/>
		<feat xlink:href="#sTok778" value="ADV"/>
		<feat xlink:href="#sTok779" value="NOUN"/>
		<feat xlink:href="#sTok780" value="PUNCT"/>
		<feat xlink:href="#sTok781" value="VERB"/>
		<feat xlink:href="#sTok782" value="DET"/>
		<feat xlink:href="#sTok783" value="NOUN"/>
		<feat xlink:href="#sTok784" value="PROPN"/>
		<feat xlink:href="#sTok785" value="VERB"/>
		<feat xlink:href="#sTok786" value="PRON"/>
		<feat xlink:href="#sTok787" value="VERB"/>
		<feat xlink:href="#sTok788" value="ADV"/>
		<feat xlink:href="#sTok789" value="ADP"/>
		<feat xlink:href="#sTok790" value="NOUN"/>
		<feat xlink:href="#sTok791" value="PUNCT"/>
		<feat xlink:href="#sTok792" value="INTJ"/>
		<feat xlink:href="#sTok793" value="PUNCT"/>
		<feat xlink:href="#sTok794" value="PRON"/>
		<feat xlink:href="#sTok795" value="AUX"/>
		<feat xlink:href="#sTok796" value="VERB"/>
		<feat xlink:href="#sTok797" value="DET"/>
		<feat xlink:href="#sTok798" value="NOUN"/>
		<feat xlink:href="#sTok799" value="ADP"/>
		<feat xlink:href="#sTok800" value="NOUN"/>
		<feat xlink:href="#sTok801" value="VERB"/>
		<feat xlink:href="#sTok802" value="ADV"/>
		<feat xlink:href="#sTok803" value="PUNCT"/>
		<feat xlink:href="#sTok804" value="PROPN"/>
		<feat xlink:href="#sTok805" value="AUX"/>
		<feat xlink:href="#sTok806" value="PRON"/>
		<feat xlink:href="#sTok807" value="NOUN"/>
		<feat xlink:href="#sTok808" value="ADV"/>
		<feat xlink:href="#sTok809" value="ADV"/>
		<feat xlink:href="#sTok810" value="ADP"/>
		<feat xlink:href="#sTok811" value="DET"/>
		<feat xlink:href="#sTok812" value="NOUN"/>
		<feat xlink:href="#sTok813" value="ADP"/>
		<feat xlink:href="#sTok814" value="DET"/>
		<feat xlink:href="#sTok815" value="NOUN"/>
		<feat xlink:href="#sTok816" value="PUNCT"/>
		<feat xlink:href="#sTok817" value="PRON"/>
		<feat xlink:href="#sTok818" value="AUX"/>
		<feat xlink:href="#sTok819" value="PRON"/>
		<feat xlink:href="#sTok820" value="VERB"/>
		<feat xlink:href="#sTok821" value="ADP"/>
		<feat xlink:href="#sTok822" value="DET"/>
		<feat xlink:href="#sTok823" value="ADJ"/>
		<feat xlink:href="#sTok824" value="NOUN"/>
		<feat xlink:href="#sTok825" value="PUNCT"/>
		<feat xlink:href="#sTok826" value="AUX"/>
		<feat xlink:href="#sTok827" value="PRON"/>
		<feat xlink:href="#sTok828" value="VERB"/>
		<feat xlink:href="#sTok829" value="DET"/>
		<feat xlink:href="#sTok830" value="NOUN"/>
		<feat xlink:href="#sTok831" value="PART"/>
		<feat xlink:href="#sTok832" value="VERB"/>
		<feat xlink:href="#sTok833" value="PART"/>
		<feat xlink:href="#sTok834" value="VERB"/>
		<feat xlink:href="#sTok835" value="ADP"/>
		<feat xlink:href="#sTok836" value="ADP"/>
		<feat xlink:href="#sTok837" value="PROPN"/>
		<feat xlink:href="#sTok838" value="PRON"/>
		<feat xlink:href="#sTok839" value="AUX"/>
		<feat xlink:href="#sTok840" value="NUM"/>
		<feat xlink:href="#sTok841" value="NOUN"/>
		<feat xlink:href="#sTok842" value="PUNCT"/>
		<feat xlink:href="#sTok843" value="NUM"/>
		<feat xlink:href="#sTok844" value="NOUN"/>
		<feat xlink:href="#sTok845" value="ADV"/>
		<feat xlink:href="#sTok846" value="PUNCT"/>
		<feat xlink:href="#sTok847" value="ADP"/>
		<feat xlink:href="#sTok848" value="ADV"/>
		<feat xlink:href="#sTok849" value="PUNCT"/>
		<feat xlink:href="#sTok850" value="PROPN"/>
		<feat xlink:href="#sTok851" value="NUM"/>
		<feat xlink:href="#sTok852" value="ADP"/>
		<feat xlink:href="#sTok853" value="NUM"/>
		<feat xlink:href="#sTok854" value="CCONJ"/>
		<feat xlink:href="#sTok855" value="VERB"/>
		<feat xlink:href="#sTok856" value="ADV"/>
		<feat xlink:href="#sTok857" value="ADP"/>
		<feat xlink:href="#sTok858" value="DET"/>
		<feat xlink:href="#sTok859" value="NOUN"/>
		<feat xlink:href="#sTok860" value="ADP"/>
		<feat xlink:href="#sTok861" value="NOUN"/>
		<feat xlink:href="#sTok862" value="ADV"/>
		<feat xlink:href="#sTok863" value="ADP"/>
		<feat xlink:href="#sTok864" value="PROPN"/>
		<feat xlink:href="#sTok865" value="AUX"/>
		<feat xlink:href="#sTok866" value="VERB"/>
		<feat xlink:href="#sTok867" value="PART"/>
		<feat xlink:href="#sTok868" value="VERB"/>
		<feat xlink:href="#sTok869" value="ADP"/>
		<feat xlink:href="#sTok870" value="DET"/>
		<feat xlink:href="#sTok871" value="NOUN"/>
		<feat xlink:href="#sTok872" value="CCONJ"/>
		<feat xlink:href="#sTok873" value="VERB"/>
		<feat xlink:href="#sTok874" value="CCONJ"/>
		<feat xlink:href="#sTok875" value="VERB"/>
		<feat xlink:href="#sTok876" value="PRON"/>
		<feat xlink:href="#sTok877" value="NOUN"/>
		<feat xlink:href="#sTok878" value="ADP"/>
		<feat xlink:href="#sTok879" value="NOUN"/>
		<feat xlink:href="#sTok880" value="PRON"/>
		<feat xlink:href="#sTok881" value="PUNCT"/>
		<feat xlink:href="#sTok882" value="PROPN"/>
		<feat xlink:href="#sTok883" value="VERB"/>
		<feat xlink:href="#sTok884" value="NUM"/>
		<feat xlink:href="#sTok885" value="ADP"/>
		<feat xlink:href="#sTok886" value="PRON"/>
		<feat xlink:href="#sTok887" value="ADJ"/>
		<feat xlink:href="#sTok888" value="NOUN"/>
		<feat xlink:href="#sTok889" value="ADP"/>
		<feat xlink:href="#sTok890" value="ADV"/>
		<feat xlink:href="#sTok891" value="DET"/>
		<feat xlink:href="#sTok892" value="ADJ"/>
		<feat xlink:href="#sTok893" value="NOUN"/>
		<feat xlink:href="#sTok894" value="CCONJ"/>
		<feat xlink:href="#sTok895" value="PRON"/>
		<feat xlink:href="#sTok896" value="VERB"/>
		<feat xlink:href="#sTok897" value="PRON"/>
		<feat xlink:href="#sTok898" value="VERB"/>
		<feat xlink:href="#sTok899" value="DET"/>
		<feat xlink:href="#sTok900" value="NOUN"/>
		<feat xlink:href="#sTok901" value="ADP"/>
		<feat xlink:href="#sTok902" value="PRON"/>
		<feat xlink:href="#sTok903" value="AUX"/>
		<feat xlink:href="#sTok904" value="ADJ"/>
		<feat xlink:href="#sTok905" value="PUNCT"/>
		<feat xlink:href="#sTok906" value="ADP"/>
		<feat xlink:href="#sTok907" value="ADJ"/>
		<feat xlink:href="#sTok908" value="NOUN"/>
		<feat xlink:href="#sTok909" value="ADV"/>
		<feat xlink:href="#sTok910" value="PRON"/>
		<feat xlink:href="#sTok911" value="VERB"/>
		<feat xlink:href="#sTok912" value="ADP"/>
		<feat xlink:href="#sTok913" value="DET"/>
		<feat xlink:href="#sTok914" value="NOUN"/>
		<feat xlink:href="#sTok915" value="PROPN"/>
		<feat xlink:href="#sTok916" value="VERB"/>
		<feat xlink:href="#sTok917" value="PART"/>
		<feat xlink:href="#sTok918" value="VERB"/>
		<feat xlink:href="#sTok919" value="DET"/>
		<feat xlink:href="#sTok920" value="NOUN"/>
		<feat xlink:href="#sTok921" value="ADV"/>
		<feat xlink:href="#sTok922" value="PUNCT"/>
		<feat xlink:href="#sTok923" value="VERB"/>
		<feat xlink:href="#sTok924" value="ADV"/>
		<feat xlink:href="#sTok925" value="ADP"/>
		<feat xlink:href="#sTok926" value="DET"/>
		<feat xlink:href="#sTok927" value="NOUN"/>
		<feat xlink:href="#sTok928" value="PUNCT"/>
		<feat xlink:href="#sTok929" value="AUX"/>
		<feat xlink:href="#sTok930" value="ADP"/>
		<feat xlink:href="#sTok931" value="NOUN"/>
		<feat xlink:href="#sTok932" value="VERB"/>
		<feat xlink:href="#sTok933" value="DET"/>
		<feat xlink:href="#sTok934" value="NOUN"/>
		<feat xlink:href="#sTok935" value="NOUN"/>
		<feat xlink:href="#sTok936" value="PUNCT"/>
		<feat xlink:href="#sTok937" value="AUX"/>
		<feat xlink:href="#sTok938" value="PRON"/>
		<feat xlink:href="#sTok939" value="VERB"/>
		<feat xlink:href="#sTok940" value="PRON"/>
		<feat xlink:href="#sTok941" value="PUNCT"/>
		<feat xlink:href="#sTok942" value="VERB"/>
		<feat xlink:href="#sTok943" value="DET"/>
		<feat xlink:href="#sTok944" value="NOUN"/>
		<feat xlink:href="#sTok945" value="PART"/>
		<feat xlink:href="#sTok946" value="VERB"/>
		<feat xlink:href="#sTok947" value="ADP"/>
		<feat xlink:href="#sTok948" value="DET"/>
		<feat xlink:href="#sTok949" value="NOUN"/>
		<feat xlink:href="#sTok950" value="PUNCT"/>
		<feat xlink:href="#sTok951" value="DET"/>
		<feat xlink:href="#sTok952" value="NOUN"/>
		<feat xlink:href="#sTok953" value="ADV"/>
		<feat xlink:href="#sTok954" value="AUX"/>
		<feat xlink:href="#sTok955" value="VERB"/>
		<feat xlink:href="#sTok956" value="ADP"/>
		<feat xlink:href="#sTok957" value="ADP"/>
		<feat xlink:href="#sTok958" value="PRON"/>
		<feat xlink:href="#sTok959" value="PUNCT"/>
		<feat xlink:href="#sTok960" value="PRON"/>
		<feat xlink:href="#sTok961" value="PUNCT"/>
		<feat xlink:href="#sTok962" value="PRON"/>
		<feat xlink:href="#sTok963" value="AUX"/>
		<feat xlink:href="#sTok964" value="ADJ"/>
		<feat xlink:href="#sTok965" value="PUNCT"/>
		<feat xlink:href="#sTok966" value="PRON"/>
		<feat xlink:href="#sTok967" value="VERB"/>
		<feat xlink:href="#sTok968" value="DET"/>
		<feat xlink:href="#sTok969" value="NOUN"/>
		<feat xlink:href="#sTok970" value="PUNCT"/>
		<feat xlink:href="#sTok971" value="PRON"/>
		<feat xlink:href="#sTok972" value="VERB"/>
		<feat xlink:href="#sTok973" value="DET"/>
		<feat xlink:href="#sTok974" value="NOUN"/>
		<feat xlink:href="#sTok975" value="PUNCT"/>
		<feat xlink:href="#sTok976" value="DET"/>
		<feat xlink:href="#sTok977" value="NOUN"/>
		<feat xlink:href="#sTok978" value="AUX"/>
		<feat xlink:href="#sTok979" value="VERB"/>
		<feat xlink:href="#sTok980" value="PART"/>
		<feat xlink:href="#sTok981" value="VERB"/>
		<feat xlink:href="#sTok982" value="DET"/>
		<feat xlink:href="#sTok983" value="NOUN"/>
		<feat xlink:href="#sTok984" value="PART"/>
		<feat xlink:href="#sTok985" value="VERB"/>
		<feat xlink:href="#sTok986" value="ADP"/>
		<feat xlink:href="#sTok987" value="PRON"/>
		<feat xlink:href="#sTok988" value="ADJ"/>
		<feat xlink:href="#sTok989" value="PUNCT"/>
		<feat xlink:href="#sTok990" value="PROPN"/>
		<feat xlink:href="#sTok991" value="VERB"/>
		<feat xlink:href="#sTok992" value="ADP"/>
		<feat xlink:href="#sTok993" value="PUNCT"/>
		<feat xlink:href="#sTok994" value="INTJ"/>
		<feat xlink:href="#sTok995" value="PUNCT"/>
		<feat xlink:href="#sTok996" value="VERB"/>
		<feat xlink:href="#sTok997" value="DET"/>
		<feat xlink:href="#sTok998" value="NOUN"/>
		<feat xlink:href="#sTok999" value="ADP"/>
		<feat xlink:href="#sTok1000" value="PRON"/>
		<feat xlink:href="#sTok1001" value="PUNCT"/>
		<feat xlink:href="#sTok1002" value="PRON"/>
		<feat xlink:href="#sTok1003" value="AUX"/>
		<feat xlink:href="#sTok1004" value="ADV"/>
		<feat xlink:href="#sTok1005" value="VERB"/>
		<feat xlink:href="#sTok1006" value="PRON"/>
		<feat xlink:href="#sTok1007" value="ADP"/>
		<feat xlink:href="#sTok1008" value="PRON"/>
		<feat xlink:href="#sTok1009" value="ADJ"/>
		<feat xlink:href="#sTok1010" value="PUNCT"/>
		<feat xlink:href="#sTok1011" value="PUNCT"/>
		<feat xlink:href="#sTok1012" value="PRON"/>
		<feat xlink:href="#sTok1013" value="VERB"/>
		<feat xlink:href="#sTok1014" value="ADV"/>
		<feat xlink:href="#sTok1015" value="PRON"/>
		<feat xlink:href="#sTok1016" value="PUNCT"/>
		<feat xlink:href="#sTok1017" value="PROPN"/>
		<feat xlink:href="#sTok1018" value="PUNCT"/>
		<feat xlink:href="#sTok1019" value="ADJ"/>
		<feat xlink:href="#sTok1020" value="NOUN"/>
		<feat xlink:href="#sTok1021" value="PUNCT"/>
		<feat xlink:href="#sTok1022" value="NUM"/>
		<feat xlink:href="#sTok1023" value="NOUN"/>
		<feat xlink:href="#sTok1024" value="NOUN"/>
		<feat xlink:href="#sTok1025" value="PUNCT"/>
		<feat xlink:href="#sTok1026" value="NUM"/>
		<feat xlink:href="#sTok1027" value="NOUN"/>
		<feat xlink:href="#sTok1028" value="PUNCT"/>
		<feat xlink:href="#sTok1029" value="DET"/>
		<feat xlink:href="#sTok1030" value="ADV"/>
		<feat xlink:href="#sTok1031" value="ADJ"/>
		<feat xlink:href="#sTok1032" value="NOUN"/>
		<feat xlink:href="#sTok1033" value="ADP"/>
		<feat xlink:href="#sTok1034" value="DET"/>
		<feat xlink:href="#sTok1035" value="NOUN"/>
		<feat xlink:href="#sTok1036" value="CCONJ"/>
		<feat xlink:href="#sTok1037" value="VERB"/>
		<feat xlink:href="#sTok1038" value="SCONJ"/>
		<feat xlink:href="#sTok1039" value="DET"/>
		<feat xlink:href="#sTok1040" value="NOUN"/>
		<feat xlink:href="#sTok1041" value="AUX"/>
		<feat xlink:href="#sTok1042" value="PART"/>
		<feat xlink:href="#sTok1043" value="VERB"/>
		<feat xlink:href="#sTok1044" value="ADV"/>
		<feat xlink:href="#sTok1045" value="PUNCT"/>
		<feat xlink:href="#sTok1046" value="PRON"/>
		<feat xlink:href="#sTok1047" value="AUX"/>
		<feat xlink:href="#sTok1048" value="ADV"/>
		<feat xlink:href="#sTok1049" value="VERB"/>
		<feat xlink:href="#sTok1050" value="PART"/>
		<feat xlink:href="#sTok1051" value="VERB"/>
		<feat xlink:href="#sTok1052" value="DET"/>
		<feat xlink:href="#sTok1053" value="NOUN"/>
		<feat xlink:href="#sTok1054" value="NOUN"/>
		<feat xlink:href="#sTok1055" value="SCONJ"/>
		<feat xlink:href="#sTok1056" value="VERB"/>
		<feat xlink:href="#sTok1057" value="DET"/>
		<feat xlink:href="#sTok1058" value="NOUN"/>
		<feat xlink:href="#sTok1059" value="PART"/>
		<feat xlink:href="#sTok1060" value="VERB"/>
		<feat xlink:href="#sTok1061" value="PART"/>
		<feat xlink:href="#sTok1062" value="VERB"/>
		<feat xlink:href="#sTok1063" value="ADP"/>
		<feat xlink:href="#sTok1064" value="DET"/>
		<feat xlink:href="#sTok1065" value="NOUN"/>
		<feat xlink:href="#sTok1066" value="ADV"/>
		<feat xlink:href="#sTok1067" value="PUNCT"/>
		<feat xlink:href="#sTok1068" value="VERB"/>
		<feat xlink:href="#sTok1069" value="PRON"/>
		<feat xlink:href="#sTok1070" value="ADV"/>
		<feat xlink:href="#sTok1071" value="PUNCT"/>
		<feat xlink:href="#sTok1072" value="PRON"/>
		<feat xlink:href="#sTok1073" value="VERB"/>
		<feat xlink:href="#sTok1074" value="PRON"/>
		<feat xlink:href="#sTok1075" value="PART"/>
		<feat xlink:href="#sTok1076" value="VERB"/>
		<feat xlink:href="#sTok1077" value="DET"/>
		<feat xlink:href="#sTok1078" value="ADJ"/>
		<feat xlink:href="#sTok1079" value="NOUN"/>
		<feat xlink:href="#sTok1080" value="PRON"/>
		<feat xlink:href="#sTok1081" value="AUX"/>
		<feat xlink:href="#sTok1082" value="VERB"/>
		<feat xlink:href="#sTok1083" value="PUNCT"/>
		<feat xlink:href="#sTok1084" value="ADP"/>
		<feat xlink:href="#sTok1085" value="DET"/>
		<feat xlink:href="#sTok1086" value="NOUN"/>
		<feat xlink:href="#sTok1087" value="PUNCT"/>
		<feat xlink:href="#sTok1088" value="NUM"/>
		<feat xlink:href="#sTok1089" value="NOUN"/>
		<feat xlink:href="#sTok1090" value="PUNCT"/>
		<feat xlink:href="#sTok1091" value="NUM"/>
		<feat xlink:href="#sTok1092" value="NOUN"/>
		<feat xlink:href="#sTok1093" value="PUNCT"/>
		<feat xlink:href="#sTok1094" value="PRON"/>
		<feat xlink:href="#sTok1095" value="AUX"/>
		<feat xlink:href="#sTok1096" value="PART"/>
		<feat xlink:href="#sTok1097" value="VERB"/>
		<feat xlink:href="#sTok1098" value="PRON"/>
		<feat xlink:href="#sTok1099" value="SCONJ"/>
		<feat xlink:href="#sTok1100" value="AUX"/>
		<feat xlink:href="#sTok1101" value="ADJ"/>
		<feat xlink:href="#sTok1102" value="ADV"/>
		<feat xlink:href="#sTok1103" value="PUNCT"/>
		<feat xlink:href="#sTok1104" value="VERB"/>
		<feat xlink:href="#sTok1105" value="SCONJ"/>
		<feat xlink:href="#sTok1106" value="NOUN"/>
		<feat xlink:href="#sTok1107" value="AUX"/>
		<feat xlink:href="#sTok1108" value="AUX"/>
		<feat xlink:href="#sTok1109" value="DET"/>
		<feat xlink:href="#sTok1110" value="ADJ"/>
		<feat xlink:href="#sTok1111" value="ADJ"/>
		<feat xlink:href="#sTok1112" value="ADP"/>
		<feat xlink:href="#sTok1113" value="NOUN"/>
		<feat xlink:href="#sTok1114" value="ADP"/>
		<feat xlink:href="#sTok1115" value="NOUN"/>
		<feat xlink:href="#sTok1116" value="PUNCT"/>
		<feat xlink:href="#sTok1117" value="PRON"/>
		<feat xlink:href="#sTok1118" value="AUX"/>
		<feat xlink:href="#sTok1119" value="VERB"/>
		<feat xlink:href="#sTok1120" value="PART"/>
		<feat xlink:href="#sTok1121" value="VERB"/>
		<feat xlink:href="#sTok1122" value="PROPN"/>
		<feat xlink:href="#sTok1123" value="ADP"/>
		<feat xlink:href="#sTok1124" value="DET"/>
		<feat xlink:href="#sTok1125" value="NOUN"/>
		<feat xlink:href="#sTok1126" value="VERB"/>
		<feat xlink:href="#sTok1127" value="ADP"/>
		<feat xlink:href="#sTok1128" value="DET"/>
		<feat xlink:href="#sTok1129" value="NOUN"/>
		<feat xlink:href="#sTok1130" value="ADP"/>
		<feat xlink:href="#sTok1131" value="PROPN"/>
		<feat xlink:href="#sTok1132" value="PUNCT"/>
		<feat xlink:href="#sTok1133" value="DET"/>
		<feat xlink:href="#sTok1134" value="NUM"/>
		<feat xlink:href="#sTok1135" value="NOUN"/>
		<feat xlink:href="#sTok1136" value="VERB"/>
		<feat xlink:href="#sTok1137" value="PART"/>
		<feat xlink:href="#sTok1138" value="VERB"/>
		<feat xlink:href="#sTok1139" value="ADP"/>
		<feat xlink:href="#sTok1140" value="ADP"/>
		<feat xlink:href="#sTok1141" value="NOUN"/>
		<feat xlink:href="#sTok1142" value="ADP"/>
		<feat xlink:href="#sTok1143" value="DET"/>
		<feat xlink:href="#sTok1144" value="ADJ"/>
		<feat xlink:href="#sTok1145" value="SCONJ"/>
		<feat xlink:href="#sTok1146" value="PRON"/>
		<feat xlink:href="#sTok1147" value="VERB"/>
		<feat xlink:href="#sTok1148" value="PRON"/>
		<feat xlink:href="#sTok1149" value="PUNCT"/>
		<feat xlink:href="#sTok1150" value="INTJ"/>
		<feat xlink:href="#sTok1151" value="PRON"/>
		<feat xlink:href="#sTok1152" value="INTJ"/>
		<feat xlink:href="#sTok1153" value="PUNCT"/>
		<feat xlink:href="#sTok1154" value="NOUN"/>
		<feat xlink:href="#sTok1155" value="NOUN"/>
		<feat xlink:href="#sTok1156" value="PUNCT"/>
		<feat xlink:href="#sTok1157" value="INTJ"/>
		<feat xlink:href="#sTok1158" value="PUNCT"/>
		<feat xlink:href="#sTok1159" value="DET"/>
		<feat xlink:href="#sTok1160" value="ADJ"/>
		<feat xlink:href="#sTok1161" value="NOUN"/>
		<feat xlink:href="#sTok1162" value="NOUN"/>
		<feat xlink:href="#sTok1163" value="PUNCT"/>
		<feat xlink:href="#sTok1164" value="PRON"/>
		<feat xlink:href="#sTok1165" value="AUX"/>
		<feat xlink:href="#sTok1166" value="NOUN"/>
		<feat xlink:href="#sTok1167" value="ADP"/>
		<feat xlink:href="#sTok1168" value="DET"/>
		<feat xlink:href="#sTok1169" value="NOUN"/>
		<feat xlink:href="#sTok1170" value="PUNCT"/>
		<feat xlink:href="#sTok1171" value="INTJ"/>
		<feat xlink:href="#sTok1172" value="PUNCT"/>
		<feat xlink:href="#sTok1173" value="PRON"/>
		<feat xlink:href="#sTok1174" value="AUX"/>
		<feat xlink:href="#sTok1175" value="VERB"/>
		<feat xlink:href="#sTok1176" value="ADP"/>
		<feat xlink:href="#sTok1177" value="PRON"/>
		<feat xlink:href="#sTok1178" value="PUNCT"/>
		<feat xlink:href="#sTok1179" value="VERB"/>
		<feat xlink:href="#sTok1180" value="PRON"/>
		<feat xlink:href="#sTok1181" value="VERB"/>
		<feat xlink:href="#sTok1182" value="PUNCT"/>
		<feat xlink:href="#sTok1183" value="VERB"/>
		<feat xlink:href="#sTok1184" value="PUNCT"/>
		<feat xlink:href="#sTok1185" value="AUX"/>
		<feat xlink:href="#sTok1186" value="VERB"/>
		<feat xlink:href="#sTok1187" value="DET"/>
		<feat xlink:href="#sTok1188" value="ADJ"/>
		<feat xlink:href="#sTok1189" value="NOUN"/>
		<feat xlink:href="#sTok1190" value="PART"/>
		<feat xlink:href="#sTok1191" value="VERB"/>
		<feat xlink:href="#sTok1192" value="CCONJ"/>
		<feat xlink:href="#sTok1193" value="VERB"/>
		<feat xlink:href="#sTok1194" value="ADP"/>
		<feat xlink:href="#sTok1195" value="DET"/>
		<feat xlink:href="#sTok1196" value="NOUN"/>
		<feat xlink:href="#sTok1197" value="ADV"/>
		<feat xlink:href="#sTok1198" value="VERB"/>
		<feat xlink:href="#sTok1199" value="PART"/>
		<feat xlink:href="#sTok1200" value="VERB"/>
		<feat xlink:href="#sTok1201" value="ADP"/>
		<feat xlink:href="#sTok1202" value="ADP"/>
		<feat xlink:href="#sTok1203" value="DET"/>
		<feat xlink:href="#sTok1204" value="NOUN"/>
		<feat xlink:href="#sTok1205" value="ADP"/>
		<feat xlink:href="#sTok1206" value="ADV"/>
		<feat xlink:href="#sTok1207" value="DET"/>
		<feat xlink:href="#sTok1208" value="NOUN"/>
		<feat xlink:href="#sTok1209" value="PUNCT"/>
		<feat xlink:href="#sTok1210" value="VERB"/>
		<feat xlink:href="#sTok1211" value="DET"/>
		<feat xlink:href="#sTok1212" value="ADJ"/>
		<feat xlink:href="#sTok1213" value="NOUN"/>
		<feat xlink:href="#sTok1214" value="SCONJ"/>
		<feat xlink:href="#sTok1215" value="NOUN"/>
		<feat xlink:href="#sTok1216" value="ADP"/>
		<feat xlink:href="#sTok1217" value="PROPN"/>
		<feat xlink:href="#sTok1218" value="AUX"/>
		<feat xlink:href="#sTok1219" value="ADJ"/>
		<feat xlink:href="#sTok1220" value="VERB"/>
		<feat xlink:href="#sTok1221" value="ADV"/>
		<feat xlink:href="#sTok1222" value="ADV"/>
		<feat xlink:href="#sTok1223" value="PRON"/>
		<feat xlink:href="#sTok1224" value="NOUN"/>
		<feat xlink:href="#sTok1225" value="AUX"/>
		<feat xlink:href="#sTok1226" value="CCONJ"/>
		<feat xlink:href="#sTok1227" value="ADV"/>
		<feat xlink:href="#sTok1228" value="ADV"/>
		<feat xlink:href="#sTok1229" value="PART"/>
		<feat xlink:href="#sTok1230" value="VERB"/>
		<feat xlink:href="#sTok1231" value="PUNCT"/></featList></paula>