<?xml version='1.0' encoding='UTF-8'?><!DOCTYPE paula SYSTEM "paula_feat.dtd">
<paula version="1.1">
	<header paula_id="morph.GENTLE_esports_fortnite.mark_ExtPos"/>
	<featList xmlns:xlink="http://www.w3.org/1999/xlink" type="ExtPos" xml:base="morph.GENTLE_esports_fortnite.mark.xml">
		<feat xlink:href="#sSpan1070" value="ADV"/>
		<feat xlink:href="#sSpan1266" value="ADV"/>
		<feat xlink:href="#sSpan1320" value="ADV"/>
		<feat xlink:href="#sSpan1374" value="ADV"/>
		<feat xlink:href="#sSpan1385" value="ADV"/>
		<feat xlink:href="#sSpan1430" value="ADP"/>
		<feat xlink:href="#sSpan1559" value="PRON"/>
		<feat xlink:href="#sSpan1725" value="ADV"/>
		<feat xlink:href="#sSpan1945" value="ADP"/>
		<feat xlink:href="#sSpan2230" value="PRON"/>
		<feat xlink:href="#sSpan2319" value="ADP"/></featList></paula>