<?xml version='1.0' encoding='UTF-8'?><!DOCTYPE paula SYSTEM "paula_feat.dtd">
<paula version="1.1">
	<header paula_id="morph.GENTLE_esports_fortnite.mark_Gender"/>
	<featList xmlns:xlink="http://www.w3.org/1999/xlink" type="Gender" xml:base="morph.GENTLE_esports_fortnite.mark.xml">
		<feat xlink:href="#sSpan727" value="Masc"/>
		<feat xlink:href="#sSpan761" value="Neut"/>
		<feat xlink:href="#sSpan790" value="Masc"/>
		<feat xlink:href="#sSpan808" value="Masc"/>
		<feat xlink:href="#sSpan821" value="Masc"/>
		<feat xlink:href="#sSpan826" value="Neut"/>
		<feat xlink:href="#sSpan844" value="Masc"/>
		<feat xlink:href="#sSpan878" value="Masc"/>
		<feat xlink:href="#sSpan889" value="Masc"/>
		<feat xlink:href="#sSpan903" value="Masc"/>
		<feat xlink:href="#sSpan923" value="Masc"/>
		<feat xlink:href="#sSpan953" value="Masc"/>
		<feat xlink:href="#sSpan975" value="Masc"/>
		<feat xlink:href="#sSpan990" value="Masc"/>
		<feat xlink:href="#sSpan1001" value="Masc"/>
		<feat xlink:href="#sSpan1010" value="Masc"/>
		<feat xlink:href="#sSpan1026" value="Masc"/>
		<feat xlink:href="#sSpan1085" value="Masc"/>
		<feat xlink:href="#sSpan1154" value="Masc"/>
		<feat xlink:href="#sSpan1188" value="Masc"/>
		<feat xlink:href="#sSpan1251" value="Neut"/>
		<feat xlink:href="#sSpan1259" value="Masc"/>
		<feat xlink:href="#sSpan1393" value="Neut"/>
		<feat xlink:href="#sSpan1424" value="Neut"/>
		<feat xlink:href="#sSpan1506" value="Masc"/>
		<feat xlink:href="#sSpan1594" value="Masc"/>
		<feat xlink:href="#sSpan1630" value="Masc"/>
		<feat xlink:href="#sSpan1645" value="Neut"/>
		<feat xlink:href="#sSpan1688" value="Neut"/>
		<feat xlink:href="#sSpan1739" value="Masc"/>
		<feat xlink:href="#sSpan1748" value="Masc"/>
		<feat xlink:href="#sSpan1803" value="Masc"/>
		<feat xlink:href="#sSpan1813" value="Neut"/>
		<feat xlink:href="#sSpan1825" value="Masc"/>
		<feat xlink:href="#sSpan1949" value="Neut"/>
		<feat xlink:href="#sSpan1951" value="Masc"/>
		<feat xlink:href="#sSpan1966" value="Masc"/>
		<feat xlink:href="#sSpan1980" value="Masc"/>
		<feat xlink:href="#sSpan2008" value="Masc"/>
		<feat xlink:href="#sSpan2036" value="Neut"/>
		<feat xlink:href="#sSpan2048" value="Masc"/>
		<feat xlink:href="#sSpan2092" value="Masc"/>
		<feat xlink:href="#sSpan2116" value="Neut"/>
		<feat xlink:href="#sSpan2123" value="Neut"/>
		<feat xlink:href="#sSpan2180" value="Masc"/>
		<feat xlink:href="#sSpan2199" value="Masc"/>
		<feat xlink:href="#sSpan2242" value="Neut"/>
		<feat xlink:href="#sSpan2273" value="Masc"/>
		<feat xlink:href="#sSpan2282" value="Neut"/>
		<feat xlink:href="#sSpan2289" value="Masc"/>
		<feat xlink:href="#sSpan2347" value="Masc"/></featList></paula>