<?xml version='1.0' encoding='UTF-8'?><!DOCTYPE paula SYSTEM "paula_feat.dtd">
<paula version="1.1">
	<header paula_id="morph.GENTLE_esports_fortnite.mark_Case"/>
	<featList xmlns:xlink="http://www.w3.org/1999/xlink" type="Case" xml:base="morph.GENTLE_esports_fortnite.mark.xml">
		<feat xlink:href="#sSpan644" value="Gen"/>
		<feat xlink:href="#sSpan692" value="Gen"/>
		<feat xlink:href="#sSpan729" value="Acc"/>
		<feat xlink:href="#sSpan759" value="Nom"/>
		<feat xlink:href="#sSpan791" value="Nom"/>
		<feat xlink:href="#sSpan811" value="Nom"/>
		<feat xlink:href="#sSpan819" value="Nom"/>
		<feat xlink:href="#sSpan828" value="Acc"/>
		<feat xlink:href="#sSpan836" value="Gen"/>
		<feat xlink:href="#sSpan848" value="Nom"/>
		<feat xlink:href="#sSpan879" value="Nom"/>
		<feat xlink:href="#sSpan886" value="Gen"/>
		<feat xlink:href="#sSpan905" value="Acc"/>
		<feat xlink:href="#sSpan926" value="Nom"/>
		<feat xlink:href="#sSpan940" value="Nom"/>
		<feat xlink:href="#sSpan957" value="Nom"/>
		<feat xlink:href="#sSpan963" value="Nom"/>
		<feat xlink:href="#sSpan971" value="Nom"/>
		<feat xlink:href="#sSpan988" value="Gen"/>
		<feat xlink:href="#sSpan999" value="Acc"/>
		<feat xlink:href="#sSpan1011" value="Nom"/>
		<feat xlink:href="#sSpan1028" value="Gen"/>
		<feat xlink:href="#sSpan1038" value="Nom"/>
		<feat xlink:href="#sSpan1074" value="Nom"/>
		<feat xlink:href="#sSpan1087" value="Nom"/>
		<feat xlink:href="#sSpan1142" value="Nom"/>
		<feat xlink:href="#sSpan1155" value="Nom"/>
		<feat xlink:href="#sSpan1161" value="Acc"/>
		<feat xlink:href="#sSpan1168" value="Nom"/>
		<feat xlink:href="#sSpan1187" value="Nom"/>
		<feat xlink:href="#sSpan1254" value="Acc"/>
		<feat xlink:href="#sSpan1258" value="Nom"/>
		<feat xlink:href="#sSpan1286" value="Acc"/>
		<feat xlink:href="#sSpan1323" value="Nom"/>
		<feat xlink:href="#sSpan1344" value="Nom"/>
		<feat xlink:href="#sSpan1356" value="Nom"/>
		<feat xlink:href="#sSpan1369" value="Nom"/>
		<feat xlink:href="#sSpan1381" value="Nom"/>
		<feat xlink:href="#sSpan1396" value="Acc"/>
		<feat xlink:href="#sSpan1400" value="Nom"/>
		<feat xlink:href="#sSpan1423" value="Acc"/>
		<feat xlink:href="#sSpan1509" value="Nom"/>
		<feat xlink:href="#sSpan1599" value="Gen"/>
		<feat xlink:href="#sSpan1623" value="Nom"/>
		<feat xlink:href="#sSpan1632" value="Nom"/>
		<feat xlink:href="#sSpan1648" value="Nom"/>
		<feat xlink:href="#sSpan1670" value="Gen"/>
		<feat xlink:href="#sSpan1690" value="Acc"/>
		<feat xlink:href="#sSpan1697" value="Nom"/>
		<feat xlink:href="#sSpan1722" value="Gen"/>
		<feat xlink:href="#sSpan1738" value="Nom"/>
		<feat xlink:href="#sSpan1746" value="Nom"/>
		<feat xlink:href="#sSpan1806" value="Gen"/>
		<feat xlink:href="#sSpan1814" value="Acc"/>
		<feat xlink:href="#sSpan1827" value="Gen"/>
		<feat xlink:href="#sSpan1839" value="Nom"/>
		<feat xlink:href="#sSpan1870" value="Nom"/>
		<feat xlink:href="#sSpan1915" value="Nom"/>
		<feat xlink:href="#sSpan1920" value="Acc"/>
		<feat xlink:href="#sSpan1948" value="Acc"/>
		<feat xlink:href="#sSpan1953" value="Nom"/>
		<feat xlink:href="#sSpan1965" value="Nom"/>
		<feat xlink:href="#sSpan1979" value="Nom"/>
		<feat xlink:href="#sSpan2006" value="Gen"/>
		<feat xlink:href="#sSpan2027" value="Acc"/>
		<feat xlink:href="#sSpan2030" value="Nom"/>
		<feat xlink:href="#sSpan2037" value="Acc"/>
		<feat xlink:href="#sSpan2043" value="Gen"/>
		<feat xlink:href="#sSpan2046" value="Nom"/>
		<feat xlink:href="#sSpan2090" value="Nom"/>
		<feat xlink:href="#sSpan2119" value="Acc"/>
		<feat xlink:href="#sSpan2125" value="Nom"/>
		<feat xlink:href="#sSpan2133" value="Acc"/>
		<feat xlink:href="#sSpan2147" value="Nom"/>
		<feat xlink:href="#sSpan2168" value="Nom"/>
		<feat xlink:href="#sSpan2178" value="Acc"/>
		<feat xlink:href="#sSpan2201" value="Nom"/>
		<feat xlink:href="#sSpan2235" value="Nom"/>
		<feat xlink:href="#sSpan2246" value="Acc"/>
		<feat xlink:href="#sSpan2247" value="Gen"/>
		<feat xlink:href="#sSpan2271" value="Nom"/>
		<feat xlink:href="#sSpan2283" value="Acc"/>
		<feat xlink:href="#sSpan2291" value="Nom"/>
		<feat xlink:href="#sSpan2344" value="Gen"/></featList></paula>