<?xml version='1.0' encoding='UTF-8'?><!DOCTYPE paula SYSTEM "paula_feat.dtd">
<paula version="1.1">
	<header paula_id="morph.GENTLE_esports_fortnite.mark_Definite"/>
	<featList xmlns:xlink="http://www.w3.org/1999/xlink" type="Definite" xml:base="morph.GENTLE_esports_fortnite.mark.xml">
		<feat xlink:href="#sSpan610" value="Def"/>
		<feat xlink:href="#sSpan626" value="Def"/>
		<feat xlink:href="#sSpan656" value="Ind"/>
		<feat xlink:href="#sSpan662" value="Def"/>
		<feat xlink:href="#sSpan665" value="Def"/>
		<feat xlink:href="#sSpan670" value="Def"/>
		<feat xlink:href="#sSpan675" value="Def"/>
		<feat xlink:href="#sSpan680" value="Def"/>
		<feat xlink:href="#sSpan696" value="Def"/>
		<feat xlink:href="#sSpan707" value="Def"/>
		<feat xlink:href="#sSpan748" value="Def"/>
		<feat xlink:href="#sSpan751" value="Def"/>
		<feat xlink:href="#sSpan781" value="Def"/>
		<feat xlink:href="#sSpan800" value="Def"/>
		<feat xlink:href="#sSpan814" value="Def"/>
		<feat xlink:href="#sSpan842" value="Def"/>
		<feat xlink:href="#sSpan866" value="Def"/>
		<feat xlink:href="#sSpan873" value="Def"/>
		<feat xlink:href="#sSpan909" value="Ind"/>
		<feat xlink:href="#sSpan1004" value="Def"/>
		<feat xlink:href="#sSpan1100" value="Ind"/>
		<feat xlink:href="#sSpan1108" value="Def"/>
		<feat xlink:href="#sSpan1132" value="Def"/>
		<feat xlink:href="#sSpan1173" value="Def"/>
		<feat xlink:href="#sSpan1179" value="Def"/>
		<feat xlink:href="#sSpan1183" value="Def"/>
		<feat xlink:href="#sSpan1199" value="Ind"/>
		<feat xlink:href="#sSpan1213" value="Def"/>
		<feat xlink:href="#sSpan1231" value="Def"/>
		<feat xlink:href="#sSpan1247" value="Def"/>
		<feat xlink:href="#sSpan1304" value="Ind"/>
		<feat xlink:href="#sSpan1331" value="Ind"/>
		<feat xlink:href="#sSpan1337" value="Ind"/>
		<feat xlink:href="#sSpan1366" value="Def"/>
		<feat xlink:href="#sSpan1468" value="Def"/>
		<feat xlink:href="#sSpan1485" value="Def"/>
		<feat xlink:href="#sSpan1516" value="Ind"/>
		<feat xlink:href="#sSpan1529" value="Def"/>
		<feat xlink:href="#sSpan1561" value="Ind"/>
		<feat xlink:href="#sSpan1570" value="Def"/>
		<feat xlink:href="#sSpan1574" value="Def"/>
		<feat xlink:href="#sSpan1583" value="Ind"/>
		<feat xlink:href="#sSpan1639" value="Def"/>
		<feat xlink:href="#sSpan1681" value="Def"/>
		<feat xlink:href="#sSpan1707" value="Def"/>
		<feat xlink:href="#sSpan1728" value="Def"/>
		<feat xlink:href="#sSpan1731" value="Def"/>
		<feat xlink:href="#sSpan1753" value="Def"/>
		<feat xlink:href="#sSpan1784" value="Ind"/>
		<feat xlink:href="#sSpan1799" value="Def"/>
		<feat xlink:href="#sSpan1834" value="Def"/>
		<feat xlink:href="#sSpan1853" value="Ind"/>
		<feat xlink:href="#sSpan1885" value="Ind"/>
		<feat xlink:href="#sSpan1892" value="Def"/>
		<feat xlink:href="#sSpan1903" value="Def"/>
		<feat xlink:href="#sSpan1928" value="Def"/>
		<feat xlink:href="#sSpan1932" value="Def"/>
		<feat xlink:href="#sSpan1934" value="Def"/>
		<feat xlink:href="#sSpan1975" value="Def"/>
		<feat xlink:href="#sSpan1987" value="Def"/>
		<feat xlink:href="#sSpan1991" value="Def"/>
		<feat xlink:href="#sSpan2001" value="Def"/>
		<feat xlink:href="#sSpan2022" value="Def"/>
		<feat xlink:href="#sSpan2068" value="Ind"/>
		<feat xlink:href="#sSpan2072" value="Def"/>
		<feat xlink:href="#sSpan2079" value="Def"/>
		<feat xlink:href="#sSpan2105" value="Def"/>
		<feat xlink:href="#sSpan2192" value="Ind"/>
		<feat xlink:href="#sSpan2212" value="Def"/>
		<feat xlink:href="#sSpan2217" value="Def"/>
		<feat xlink:href="#sSpan2255" value="Ind"/>
		<feat xlink:href="#sSpan2310" value="Def"/>
		<feat xlink:href="#sSpan2321" value="Def"/>
		<feat xlink:href="#sSpan2324" value="Ind"/>
		<feat xlink:href="#sSpan2329" value="Ind"/></featList></paula>