<?xml version='1.0' encoding='UTF-8'?><!DOCTYPE paula SYSTEM "paula_feat.dtd">
<paula version="1.1">
	<header paula_id="morph.GENTLE_esports_fortnite.mark_Degree"/>
	<featList xmlns:xlink="http://www.w3.org/1999/xlink" type="Degree" xml:base="morph.GENTLE_esports_fortnite.mark.xml">
		<feat xlink:href="#sSpan623" value="Cmp"/>
		<feat xlink:href="#sSpan636" value="Pos"/>
		<feat xlink:href="#sSpan655" value="Pos"/>
		<feat xlink:href="#sSpan666" value="Pos"/>
		<feat xlink:href="#sSpan672" value="Pos"/>
		<feat xlink:href="#sSpan693" value="Pos"/>
		<feat xlink:href="#sSpan698" value="Pos"/>
		<feat xlink:href="#sSpan710" value="Pos"/>
		<feat xlink:href="#sSpan712" value="Pos"/>
		<feat xlink:href="#sSpan715" value="Pos"/>
		<feat xlink:href="#sSpan723" value="Pos"/>
		<feat xlink:href="#sSpan730" value="Pos"/>
		<feat xlink:href="#sSpan734" value="Pos"/>
		<feat xlink:href="#sSpan754" value="Pos"/>
		<feat xlink:href="#sSpan768" value="Pos"/>
		<feat xlink:href="#sSpan801" value="Pos"/>
		<feat xlink:href="#sSpan815" value="Pos"/>
		<feat xlink:href="#sSpan829" value="Pos"/>
		<feat xlink:href="#sSpan858" value="Pos"/>
		<feat xlink:href="#sSpan869" value="Pos"/>
		<feat xlink:href="#sSpan893" value="Pos"/>
		<feat xlink:href="#sSpan917" value="Pos"/>
		<feat xlink:href="#sSpan937" value="Pos"/>
		<feat xlink:href="#sSpan938" value="Pos"/>
		<feat xlink:href="#sSpan959" value="Pos"/>
		<feat xlink:href="#sSpan1048" value="Pos"/>
		<feat xlink:href="#sSpan1054" value="Pos"/>
		<feat xlink:href="#sSpan1060" value="Pos"/>
		<feat xlink:href="#sSpan1061" value="Pos"/>
		<feat xlink:href="#sSpan1071" value="Pos"/>
		<feat xlink:href="#sSpan1094" value="Pos"/>
		<feat xlink:href="#sSpan1110" value="Pos"/>
		<feat xlink:href="#sSpan1115" value="Pos"/>
		<feat xlink:href="#sSpan1133" value="Pos"/>
		<feat xlink:href="#sSpan1140" value="Pos"/>
		<feat xlink:href="#sSpan1180" value="Pos"/>
		<feat xlink:href="#sSpan1197" value="Pos"/>
		<feat xlink:href="#sSpan1215" value="Pos"/>
		<feat xlink:href="#sSpan1222" value="Pos"/>
		<feat xlink:href="#sSpan1225" value="Pos"/>
		<feat xlink:href="#sSpan1242" value="Pos"/>
		<feat xlink:href="#sSpan1295" value="Pos"/>
		<feat xlink:href="#sSpan1305" value="Pos"/>
		<feat xlink:href="#sSpan1311" value="Pos"/>
		<feat xlink:href="#sSpan1315" value="Pos"/>
		<feat xlink:href="#sSpan1321" value="Pos"/>
		<feat xlink:href="#sSpan1333" value="Pos"/>
		<feat xlink:href="#sSpan1354" value="Pos"/>
		<feat xlink:href="#sSpan1364" value="Pos"/>
		<feat xlink:href="#sSpan1365" value="Pos"/>
		<feat xlink:href="#sSpan1380" value="Cmp"/>
		<feat xlink:href="#sSpan1411" value="Pos"/>
		<feat xlink:href="#sSpan1418" value="Pos"/>
		<feat xlink:href="#sSpan1420" value="Pos"/>
		<feat xlink:href="#sSpan1432" value="Pos"/>
		<feat xlink:href="#sSpan1440" value="Pos"/>
		<feat xlink:href="#sSpan1441" value="Pos"/>
		<feat xlink:href="#sSpan1471" value="Pos"/>
		<feat xlink:href="#sSpan1500" value="Pos"/>
		<feat xlink:href="#sSpan1501" value="Pos"/>
		<feat xlink:href="#sSpan1532" value="Pos"/>
		<feat xlink:href="#sSpan1560" value="Pos"/>
		<feat xlink:href="#sSpan1576" value="Pos"/>
		<feat xlink:href="#sSpan1584" value="Pos"/>
		<feat xlink:href="#sSpan1585" value="Pos"/>
		<feat xlink:href="#sSpan1602" value="Pos"/>
		<feat xlink:href="#sSpan1607" value="Pos"/>
		<feat xlink:href="#sSpan1617" value="Pos"/>
		<feat xlink:href="#sSpan1619" value="Cmp"/>
		<feat xlink:href="#sSpan1620" value="Pos"/>
		<feat xlink:href="#sSpan1674" value="Pos"/>
		<feat xlink:href="#sSpan1712" value="Pos"/>
		<feat xlink:href="#sSpan1726" value="Pos"/>
		<feat xlink:href="#sSpan1743" value="Pos"/>
		<feat xlink:href="#sSpan1770" value="Pos"/>
		<feat xlink:href="#sSpan1773" value="Pos"/>
		<feat xlink:href="#sSpan1782" value="Pos"/>
		<feat xlink:href="#sSpan1831" value="Pos"/>
		<feat xlink:href="#sSpan1835" value="Pos"/>
		<feat xlink:href="#sSpan1862" value="Pos"/>
		<feat xlink:href="#sSpan1865" value="Pos"/>
		<feat xlink:href="#sSpan1887" value="Pos"/>
		<feat xlink:href="#sSpan1890" value="Pos"/>
		<feat xlink:href="#sSpan1937" value="Pos"/>
		<feat xlink:href="#sSpan1963" value="Pos"/>
		<feat xlink:href="#sSpan2011" value="Pos"/>
		<feat xlink:href="#sSpan2044" value="Pos"/>
		<feat xlink:href="#sSpan2058" value="Pos"/>
		<feat xlink:href="#sSpan2069" value="Pos"/>
		<feat xlink:href="#sSpan2112" value="Pos"/>
		<feat xlink:href="#sSpan2144" value="Pos"/>
		<feat xlink:href="#sSpan2184" value="Pos"/>
		<feat xlink:href="#sSpan2193" value="Pos"/>
		<feat xlink:href="#sSpan2194" value="Pos"/>
		<feat xlink:href="#sSpan2232" value="Pos"/>
		<feat xlink:href="#sSpan2256" value="Pos"/>
		<feat xlink:href="#sSpan2306" value="Pos"/>
		<feat xlink:href="#sSpan2330" value="Pos"/>
		<feat xlink:href="#sSpan2339" value="Pos"/>
		<feat xlink:href="#sSpan2342" value="Pos"/>
		<feat xlink:href="#sSpan2356" value="Pos"/></featList></paula>