<?xml version='1.0' encoding='UTF-8'?><!DOCTYPE paula SYSTEM "paula_feat.dtd">
<paula version="1.1">
	<header paula_id="morph.GUM_academic_epistemic.mark_Person"/>
	<featList xmlns:xlink="http://www.w3.org/1999/xlink" type="Person" xml:base="morph.GUM_academic_epistemic.mark.xml">
		<feat xlink:href="#sSpan522" value="3"/>
		<feat xlink:href="#sSpan534" value="3"/>
		<feat xlink:href="#sSpan538" value="3"/>
		<feat xlink:href="#sSpan576" value="3"/>
		<feat xlink:href="#sSpan589" value="3"/>
		<feat xlink:href="#sSpan610" value="3"/>
		<feat xlink:href="#sSpan617" value="1"/>
		<feat xlink:href="#sSpan628" value="3"/>
		<feat xlink:href="#sSpan650" value="3"/>
		<feat xlink:href="#sSpan664" value="3"/>
		<feat xlink:href="#sSpan673" value="3"/>
		<feat xlink:href="#sSpan681" value="3"/>
		<feat xlink:href="#sSpan684" value="3"/>
		<feat xlink:href="#sSpan778" value="3"/>
		<feat xlink:href="#sSpan784" value="3"/>
		<feat xlink:href="#sSpan789" value="3"/>
		<feat xlink:href="#sSpan812" value="3"/>
		<feat xlink:href="#sSpan865" value="3"/>
		<feat xlink:href="#sSpan904" value="3"/>
		<feat xlink:href="#sSpan908" value="3"/>
		<feat xlink:href="#sSpan916" value="3"/>
		<feat xlink:href="#sSpan932" value="3"/>
		<feat xlink:href="#sSpan939" value="3"/>
		<feat xlink:href="#sSpan943" value="3"/>
		<feat xlink:href="#sSpan950" value="3"/>
		<feat xlink:href="#sSpan959" value="3"/>
		<feat xlink:href="#sSpan964" value="3"/>
		<feat xlink:href="#sSpan1020" value="3"/>
		<feat xlink:href="#sSpan1035" value="3"/>
		<feat xlink:href="#sSpan1045" value="3"/>
		<feat xlink:href="#sSpan1063" value="3"/>
		<feat xlink:href="#sSpan1069" value="3"/>
		<feat xlink:href="#sSpan1082" value="3"/>
		<feat xlink:href="#sSpan1089" value="3"/>
		<feat xlink:href="#sSpan1128" value="3"/>
		<feat xlink:href="#sSpan1173" value="3"/>
		<feat xlink:href="#sSpan1178" value="1"/>
		<feat xlink:href="#sSpan1242" value="3"/>
		<feat xlink:href="#sSpan1260" value="3"/>
		<feat xlink:href="#sSpan1264" value="3"/>
		<feat xlink:href="#sSpan1270" value="3"/>
		<feat xlink:href="#sSpan1304" value="3"/>
		<feat xlink:href="#sSpan1314" value="3"/>
		<feat xlink:href="#sSpan1328" value="3"/>
		<feat xlink:href="#sSpan1343" value="3"/>
		<feat xlink:href="#sSpan1348" value="3"/>
		<feat xlink:href="#sSpan1353" value="1"/>
		<feat xlink:href="#sSpan1359" value="1"/>
		<feat xlink:href="#sSpan1425" value="3"/>
		<feat xlink:href="#sSpan1455" value="3"/>
		<feat xlink:href="#sSpan1462" value="3"/>
		<feat xlink:href="#sSpan1506" value="3"/>
		<feat xlink:href="#sSpan1524" value="3"/>
		<feat xlink:href="#sSpan1533" value="3"/>
		<feat xlink:href="#sSpan1540" value="3"/></featList></paula>