<?xml version='1.0' encoding='UTF-8'?><!DOCTYPE paula SYSTEM "paula_feat.dtd">
<paula version="1.1">
	<header paula_id="morph.GUM_academic_epistemic.mark_Case"/>
	<featList xmlns:xlink="http://www.w3.org/1999/xlink" type="Case" xml:base="morph.GUM_academic_epistemic.mark.xml">
		<feat xlink:href="#sSpan525" value="Nom"/>
		<feat xlink:href="#sSpan533" value="Nom"/>
		<feat xlink:href="#sSpan588" value="Acc"/>
		<feat xlink:href="#sSpan616" value="Nom"/>
		<feat xlink:href="#sSpan783" value="Nom"/>
		<feat xlink:href="#sSpan906" value="Nom"/>
		<feat xlink:href="#sSpan945" value="Nom"/>
		<feat xlink:href="#sSpan958" value="Nom"/>
		<feat xlink:href="#sSpan1179" value="Acc"/>
		<feat xlink:href="#sSpan1268" value="Nom"/>
		<feat xlink:href="#sSpan1331" value="Acc"/>
		<feat xlink:href="#sSpan1346" value="Nom"/>
		<feat xlink:href="#sSpan1356" value="Acc"/>
		<feat xlink:href="#sSpan1361" value="Nom"/>
		<feat xlink:href="#sSpan1424" value="Nom"/>
		<feat xlink:href="#sSpan1525" value="Nom"/></featList></paula>